entry,name,size,params,callees
00401150,FUN_00401150,35,2,""
00401180,FUN_00401180,171,2,"EnterCriticalSection LeaveCriticalSection"
00401230,FUN_00401230,171,2,"EnterCriticalSection LeaveCriticalSection"
004012e0,FUN_004012e0,278,1,"EnterCriticalSection FUN_004015a0 LeaveCriticalSection"
00401420,FUN_00401420,241,0,"EnterCriticalSection FUN_004015a0 LeaveCriticalSection"
00401530,FUN_00401530,106,1,"FUN_0048dc71"
004015a0,FUN_004015a0,162,2,"FUN_0048dca1"
00401650,FUN_00401650,513,1,"__security_check_cookie _memset"
00401860,FUN_00401860,385,0,"XInputGetState __security_check_cookie"
004019f0,FUN_004019f0,599,0,"GetKeyboardState XInputGetState __security_check_cookie _memset"
00401c50,FUN_00401c50,491,0,"FUN_00401650 FUN_00401860 FUN_00404e90 GetKeyboardState __security_check_cookie"
00401e40,FUN_00401e40,272,6,"FUN_004914c0 FUN_00491a34 FUN_00491a3f"
00401f50,FUN_00401f50,271,6,"FUN_004914c0 FUN_00491a34 FUN_00491a3f"
00402060,FUN_00402060,444,3,"CloseHandle CreateFileA EnterCriticalSection FUN_00404e80 FUN_00404f60 FUN_0046ed10 FUN_0048f130 FUN_00491a34 GetFileSize LeaveCriticalSection ReadFile __stricmp"
00402220,FUN_00402220,128,1,"CloseHandle CreateFileA EnterCriticalSection LeaveCriticalSection"
004022a0,FUN_004022a0,310,3,"CloseHandle CreateFileA EnterCriticalSection FUN_00404e80 FormatMessageA GetLastError LeaveCriticalSection LocalFree WriteFile"
004023e0,FUN_004023e0,182,1,"CreateFileA EnterCriticalSection FUN_00404e80 FormatMessageA GetLastError LeaveCriticalSection LocalFree"
004024a0,FUN_004024a0,87,1,"CloseHandle FUN_00491a34 ReadFile"
00402500,FUN_00402500,46,0,"CloseHandle LeaveCriticalSection"
00402530,FUN_00402530,193,3,"EnterCriticalSection FUN_00404e40 LeaveCriticalSection __alloca_probe __security_check_cookie"
00402600,FUN_00402600,196,3,"EnterCriticalSection FUN_00404e40 LeaveCriticalSection __security_check_cookie"
004026d0,FUN_004026d0,101,1,"EnterCriticalSection LeaveCriticalSection"
00402740,FUN_00402740,139,1,"EnterCriticalSection LeaveCriticalSection"
004027d0,FUN_004027d0,56,1,"FUN_00402740"
00402810,FUN_00402810,64,1,"FUN_00402740"
00402850,FUN_00402850,64,1,"FUN_00402740"
00402890,FUN_00402890,82,0,""
004028f0,FUN_004028f0,71,0,""
00402940,FUN_00402940,65,1,""
00402990,FUN_00402990,66,1,""
004029e0,FUN_004029e0,121,2,""
00402a60,FUN_00402a60,23,1,""
00402a80,FUN_00402a80,104,1,""
00402af0,FUN_00402af0,41,2,"FUN_00402b30 FUN_0048dca1"
00402b20,FUN_00402b20,11,1,"FUN_00402b30"
00402b30,FUN_00402b30,126,1,"CloseHandle Sleep WaitForSingleObject"
00402bb0,FUN_00402bb0,61,3,"FUN_00402b30 __beginthreadex"
00402bf0,FUN_00402bf0,186,1,"FUN_00404d10 FUN_00404d70 FUN_00404dd0"
00402cc0,FUN_00402cc0,692,1,"FUN_004028f0 FUN_00404b40 FUN_00404b80 FUN_00404c70 FUN_00404d70 FUN_00404dd0 FUN_00404df0 FUN_00404e10"
00402f90,FUN_00402f90,29,1,"FUN_00402cc0"
00402fb0,FUN_00402fb0,1575,1,"FUN_004a9ea0"
00403660,FUN_00403660,567,2,"FUN_004a9ce0 FUN_004a9ea0 __security_check_cookie"
004038a0,FUN_004038a0,786,8,""
00403bc0,FUN_00403bc0,870,6,"FUN_00404dd0"
00403f30,FUN_00403f30,334,5,"FUN_00404df0 FUN_00404e10 __libm_sse2_sqrt_precise"
00404080,FUN_00404080,959,8,"FUN_004038a0 FUN_004a9ce0 FUN_004a9ea0 __security_check_cookie"
00404440,FUN_00404440,1763,7,"FUN_00403660 FUN_004a9ce0 FUN_004a9ea0 __libm_sse2_sqrt_precise __security_check_cookie"
00404b30,FUN_00404b30,8,0,""
00404b40,FUN_00404b40,55,0,"FUN_004aa3e0"
00404b80,FUN_00404b80,57,1,"FUN_004a94a0"
00404bc0,FUN_00404bc0,92,2,""
00404c20,FUN_00404c20,77,1,""
00404c70,FUN_00404c70,142,3,""
00404d00,FUN_00404d00,3,1,""
00404d10,FUN_00404d10,88,1,""
00404d70,FUN_00404d70,77,1,""
00404dc0,FUN_00404dc0,5,0,""
00404dd0,FUN_00404dd0,32,3,""
00404df0,FUN_00404df0,23,1,"FUN_004a9ce0"
00404e10,FUN_00404e10,23,1,"FUN_004a9ea0"
00404e30,FUN_00404e30,6,0,""
00404e40,FUN_00404e40,51,3,"FUN_00404e30 ___stdio_common_vsprintf"
00404e80,FUN_00404e80,3,0,""
00404e90,FUN_00404e90,129,1,""
00404f20,FUN_00404f20,41,1,""
00404f50,FUN_00404f50,10,1,""
00404f60,FUN_00404f60,44,1,"LeaveCriticalSection"
00404f90,FUN_00404f90,44,1,"EnterCriticalSection"
00404fc0,FUN_00404fc0,112,1,"FUN_00491a34 _memset"
00405990,FUN_00405990,104,1,""
00405a00,FUN_00405a00,13,2,""
00405a10,FUN_00405a10,13,2,""
00405a20,FUN_00405a20,24,2,""
00405a40,FUN_00405a40,25,2,""
00405a60,FUN_00405a60,25,2,""
00405a80,FUN_00405a80,25,2,""
00405aa0,FUN_00405aa0,42,1,""
00405ad0,FUN_00405ad0,181,6,""
00405b90,FUN_00405b90,27,1,"FUN_00402810"
00405bb0,FUN_00405bb0,49,1,""
00405bf0,FUN_00405bf0,236,5,"EnterCriticalSection FUN_00407420 FUN_00478580 FUN_00488350 FUN_00489320 LeaveCriticalSection"
00405ce0,FUN_00405ce0,6,0,""
00405cf0,FUN_00405cf0,32,3,""
00405d10,FUN_00405d10,48,2,""
00405d40,FUN_00405d40,35,2,"FUN_00491a34"
00405d70,FUN_00405d70,340,2,"FUN_00402810 FUN_00406630 FUN_00491a34 _memset"
00405ed0,FUN_00405ed0,438,1,"FUN_004027d0 FUN_00402810 FUN_00406610"
00406090,FUN_00406090,510,1,"FUN_004063d0 FUN_0047d910 FUN_0047e730"
004062b0,FUN_004062b0,282,2,"FUN_00402810 FUN_00491a34 _memset"
004063d0,FUN_004063d0,463,2,"FUN_00404df0 FUN_00404e10 FUN_004065a0 __security_check_cookie"
004065a0,FUN_004065a0,103,2,"FUN_004063d0"
00406610,FUN_00406610,32,3,""
00406630,FUN_00406630,124,5,""
004066b0,FUN_004066b0,125,2,""
00406730,FUN_00406730,31,2,""
00406750,FUN_00406750,823,2,"FUN_00402fb0"
00406a90,FUN_00406a90,12,2,""
00406aa0,FUN_00406aa0,4,1,""
00406ab0,FUN_00406ab0,29,1,"FUN_004027d0"
00406ad0,FUN_00406ad0,419,1,"FUN_00407420 FUN_00478580 FUN_00491a34 _memset"
00406c80,FUN_00406c80,123,1,"FUN_00478580"
00406d00,FUN_00406d00,1428,1,"FUN_0047e730 FUN_00481210 __security_check_cookie"
004072b0,FUN_004072b0,325,2,"FUN_00407420 FUN_00478580"
00407420,FUN_00407420,355,3,"_memset"
00407590,FUN_00407590,818,1,"FUN_004027d0 FUN_00402810 FUN_00406630 FUN_004894e0 FUN_00491a34 _memset"
004078d0,FUN_004078d0,946,1,"D3DXVec3Normalize FUN_00406750 __security_check_cookie"
00407d50,FUN_00407d50,7,1,""
00407d60,FUN_00407d60,12,1,""
00407d70,FUN_00407d70,37,1,""
00407da0,FUN_00407da0,368,2,"FUN_00411460 FUN_00488b40 FUN_00488cf0 FUN_00488d50 FUN_00488da0"
00407f10,FUN_00407f10,271,0,"EnterCriticalSection FUN_00407420 FUN_00408c30 FUN_00408d00 FUN_00478580 FUN_00488350 FUN_00488cf0 FUN_00489320 LeaveCriticalSection"
00408020,FUN_00408020,179,0,"FUN_00488b40 FUN_00488cf0 FUN_00488d50 FUN_00488da0"
004080e0,FUN_004080e0,461,0,"FUN_00477b00 FUN_00488b40 FUN_00488da0 FUN_00488ef0 FUN_00489230"
004082b0,FUN_004082b0,521,0,"FUN_00401180 FUN_00401230 FUN_00401530 FUN_00402530 FUN_004160b0 FUN_00486880 FUN_0048dc71 _memset"
004084c0,FUN_004084c0,366,1,"EnterCriticalSection FUN_004015a0 FUN_00402b30 FUN_00407da0 FUN_00486fc0 FUN_0048dca1 LeaveCriticalSection"
00408640,FUN_00408640,581,1,"FUN_00405990 FUN_00408890 FUN_00488b40 FUN_00488c60 FUN_004890b0 __security_check_cookie"
00408890,FUN_00408890,502,6,"FUN_00404df0 FUN_00404e10 FUN_004097d0 FUN_00488be0 FUN_00489230"
00408ad0,FUN_00408ad0,38,0,""
00408b00,FUN_00408b00,153,2,"FUN_00408c30"
00408ba0,FUN_00408ba0,70,1,""
00408bf0,FUN_00408bf0,54,1,"FUN_00409750"
00408c30,FUN_00408c30,206,1,"FUN_00477b00 FUN_00488b40 FUN_00488ef0 FUN_00488f20 FUN_00489230"
00408d00,FUN_00408d00,213,2,"FUN_00408de0 FUN_00488b40 FUN_00488d50"
00408de0,FUN_00408de0,582,5,"EnterCriticalSection FUN_00407420 FUN_00477b00 FUN_00478580 FUN_00488490 FUN_00488b40 FUN_00488be0 FUN_00489230 FUN_00489320 LeaveCriticalSection"
00409030,FUN_00409030,367,4,"FUN_00409590 FUN_00477b00 FUN_00478580"
004091a0,FUN_004091a0,365,4,"FUN_00409590 FUN_00477b00 FUN_00478580"
00409310,FUN_00409310,423,2,"FUN_00405bf0 FUN_00477b00 FUN_004890b0"
004094c0,FUN_004094c0,194,0,"FUN_00488b40 FUN_00488f20"
00409590,FUN_00409590,217,4,"EnterCriticalSection FUN_00407420 FUN_00478580 FUN_00488540 FUN_00489320 LeaveCriticalSection"
00409670,FUN_00409670,217,4,"EnterCriticalSection FUN_00407420 FUN_00478580 FUN_00488490 FUN_00489320 LeaveCriticalSection"
00409750,FUN_00409750,119,1,""
004097d0,FUN_004097d0,305,1,"FUN_004097d0"
00409910,FUN_00409910,27,0,""
00409930,FUN_00409930,9,1,""
00409940,FUN_00409940,57,2,""
00409980,FUN_00409980,7,1,""
00409990,FUN_00409990,64,1,""
004099d0,FUN_004099d0,83,1,""
00409a30,FUN_00409a30,48,1,""
00409a60,FUN_00409a60,101,2,""
00409ad0,FUN_00409ad0,62,0,""
00409b10,FUN_00409b10,7,1,""
00409b20,FUN_00409b20,76,2,"FUN_0048dca1"
00409b70,FUN_00409b70,5,1,""
00409b80,FUN_00409b80,60,1,"FUN_004575f0"
00409bc0,FUN_00409bc0,76,2,"FUN_0048dca1"
00409c10,FUN_00409c10,5,1,""
00409c20,FUN_00409c20,61,1,"FUN_00457690"
00409c60,FUN_00409c60,76,2,"FUN_0048dca1"
00409cb0,FUN_00409cb0,5,1,""
00409cc0,FUN_00409cc0,61,1,"FUN_00457570"
00409d00,FUN_00409d00,76,2,"FUN_0048dca1"
00409d50,FUN_00409d50,5,1,""
00409d60,FUN_00409d60,40,1,"FUN_004576e0"
00409d90,FUN_00409d90,76,2,"FUN_0048dca1"
00409de0,FUN_00409de0,5,1,""
00409df0,FUN_00409df0,66,1,"FUN_004575f0"
00409e40,FUN_00409e40,76,2,"FUN_0048dca1"
00409e90,FUN_00409e90,31,0,"FUN_00457570 FUN_004575f0"
00409eb0,FUN_00409eb0,5,1,""
00409ec0,FUN_00409ec0,36,1,"FUN_004575f0"
00409ef0,FUN_00409ef0,76,2,"FUN_0048dca1"
00409f40,FUN_00409f40,95,0,"FUN_004420e0 FUN_00476be0"
00409fa0,FUN_00409fa0,5,1,""
00409fb0,FUN_00409fb0,3,0,""
00409fc0,FUN_00409fc0,76,2,"FUN_0048dca1"
0040a010,FUN_0040a010,5,1,""
0040a020,FUN_0040a020,39,1,""
0040a050,FUN_0040a050,76,2,"FUN_0048dca1"
0040a0a0,FUN_0040a0a0,5,1,""
0040a0b0,FUN_0040a0b0,103,1,"FUN_004573f0 FUN_0045d5e0 FUN_004645f0 FUN_00476c70"
0040a120,FUN_0040a120,76,2,"FUN_0048dca1"
0040a170,FUN_0040a170,5,1,""
0040a180,FUN_0040a180,43,1,""
0040a1b0,FUN_0040a1b0,90,0,"FUN_00409a60"
0040a210,FUN_0040a210,76,2,"FUN_0048dca1"
0040a260,FUN_0040a260,5,1,""
0040a270,FUN_0040a270,38,1,"FUN_00488cf0"
0040a2a0,FUN_0040a2a0,582,1,"EnterCriticalSection FUN_00407420 FUN_004420e0 FUN_0045de40 FUN_00476be0 FUN_00478580 FUN_00488350 FUN_00489320 LeaveCriticalSection"
0040a4f0,FUN_0040a4f0,99,1,"FUN_0040a2a0 FUN_00420420 FUN_0045d590"
0040a560,FUN_0040a560,305,1,"FUN_00429370 FUN_00449010"
0040a6a0,FUN_0040a6a0,76,2,"FUN_0048dca1"
0040a6f0,FUN_0040a6f0,5,1,""
0040a700,FUN_0040a700,18,0,""
0040a720,FUN_0040a720,13,1,""
0040a730,FUN_0040a730,16,1,""
0040a740,FUN_0040a740,76,2,"FUN_0048dca1"
0040a790,FUN_0040a790,552,6,"EnterCriticalSection FUN_00407420 FUN_00478580 FUN_00488350 FUN_00488cf0 FUN_00489320 LeaveCriticalSection"
0040a9c0,FUN_0040a9c0,228,4,"FUN_0045e930"
0040aab0,FUN_0040aab0,17,1,""
0040aad0,FUN_0040aad0,5,1,""
0040aae0,FUN_0040aae0,23,1,"FUN_0040a790"
0040ab00,FUN_0040ab00,25,3,"FUN_0040a9c0"
0040ab20,FUN_0040ab20,148,2,"FUN_00488cf0 FUN_0048dca1"
0040abc0,FUN_0040abc0,17,1,""
0040abe0,FUN_0040abe0,5,1,""
0040abf0,FUN_0040abf0,23,1,"FUN_0040a790"
0040ac10,FUN_0040ac10,25,3,"FUN_0040a9c0"
0040ac30,FUN_0040ac30,148,2,"FUN_00488cf0 FUN_0048dca1"
0040acd0,FUN_0040acd0,17,1,""
0040acf0,FUN_0040acf0,5,1,""
0040ad00,FUN_0040ad00,23,1,"FUN_0040a790"
0040ad20,FUN_0040ad20,25,3,"FUN_0040a9c0"
0040ad40,FUN_0040ad40,148,2,"FUN_00488cf0 FUN_0048dca1"
0040ade0,FUN_0040ade0,17,1,""
0040ae00,FUN_0040ae00,5,1,""
0040ae10,FUN_0040ae10,23,1,"FUN_0040a790"
0040ae30,FUN_0040ae30,25,3,"FUN_0040a9c0"
0040ae50,FUN_0040ae50,148,2,"FUN_00488cf0 FUN_0048dca1"
0040aef0,FUN_0040aef0,17,1,""
0040af10,FUN_0040af10,5,1,""
0040af20,FUN_0040af20,59,1,"FUN_0040a790"
0040af60,FUN_0040af60,43,3,"FUN_0040a9c0"
0040af90,FUN_0040af90,148,2,"FUN_00488cf0 FUN_0048dca1"
0040b030,FUN_0040b030,17,1,""
0040b050,FUN_0040b050,5,1,""
0040b060,FUN_0040b060,23,1,"FUN_0040a790"
0040b080,FUN_0040b080,25,3,"FUN_0040a9c0"
0040b0a0,FUN_0040b0a0,148,2,"FUN_00488cf0 FUN_0048dca1"
0040b140,FUN_0040b140,17,1,""
0040b160,FUN_0040b160,5,1,""
0040b170,FUN_0040b170,23,1,"FUN_0040a790"
0040b190,FUN_0040b190,25,3,"FUN_0040a9c0"
0040b1b0,FUN_0040b1b0,148,2,"FUN_00488cf0 FUN_0048dca1"
0040b250,FUN_0040b250,17,1,""
0040b270,FUN_0040b270,5,1,""
0040b280,FUN_0040b280,23,1,"FUN_0040a790"
0040b2a0,FUN_0040b2a0,25,3,"FUN_0040a9c0"
0040b2c0,FUN_0040b2c0,148,2,"FUN_00488cf0 FUN_0048dca1"
0040b360,FUN_0040b360,17,1,""
0040b380,FUN_0040b380,5,1,""
0040b390,FUN_0040b390,46,1,"FUN_0040a790"
0040b3c0,FUN_0040b3c0,25,3,"FUN_0040a9c0"
0040b3e0,FUN_0040b3e0,148,2,"FUN_00488cf0 FUN_0048dca1"
0040b480,FUN_0040b480,17,1,""
0040b4a0,FUN_0040b4a0,5,1,""
0040b4b0,FUN_0040b4b0,43,1,"FUN_0040a790"
0040b4e0,FUN_0040b4e0,325,3,"FUN_00409990 FUN_0040a9c0 FUN_004a94a0 __libm_sse2_sqrt_precise"
0040b630,FUN_0040b630,148,2,"FUN_00488cf0 FUN_0048dca1"
0040b6e0,FUN_0040b6e0,638,1,"FUN_00413290 FUN_00438cb0 FUN_004a94a0 __libm_sse2_sqrt_precise"
0040b960,FUN_0040b960,17,1,""
0040b980,FUN_0040b980,5,1,""
0040b990,FUN_0040b990,23,1,"FUN_0040a790"
0040b9b0,FUN_0040b9b0,139,1,"FUN_004294b0 FUN_0045dfa0"
0040ba40,FUN_0040ba40,148,2,"FUN_00488cf0 FUN_0048dca1"
0040bae0,FUN_0040bae0,17,1,""
0040bb00,FUN_0040bb00,5,1,""
0040bb10,FUN_0040bb10,23,1,"FUN_0040a790"
0040bb30,FUN_0040bb30,25,3,"FUN_0040a9c0"
0040bb50,FUN_0040bb50,148,2,"FUN_00488cf0 FUN_0048dca1"
0040bbf0,FUN_0040bbf0,17,1,""
0040bc10,FUN_0040bc10,5,1,""
0040bc20,FUN_0040bc20,43,1,"FUN_0040a790"
0040bc50,FUN_0040bc50,94,1,"FUN_00429370"
0040bcb0,FUN_0040bcb0,148,2,"FUN_00488cf0 FUN_0048dca1"
0040bd50,FUN_0040bd50,304,1,"FUN_00413290"
0040be80,FUN_0040be80,24,1,""
0040bea0,FUN_0040bea0,5,1,""
0040beb0,FUN_0040beb0,117,1,"FUN_0040a790"
0040bf30,FUN_0040bf30,174,1,"FUN_00429370"
0040bfe0,FUN_0040bfe0,148,2,"FUN_00488cf0 FUN_0048dca1"
0040c080,FUN_0040c080,304,1,"FUN_00413290"
0040c1b0,FUN_0040c1b0,5,1,""
0040c1c0,FUN_0040c1c0,5,1,""
0040c1d0,FUN_0040c1d0,48,0,""
0040c200,FUN_0040c200,76,2,"FUN_0048dca1"
0040c250,FUN_0040c250,5,1,""
0040c260,FUN_0040c260,5,1,""
0040c270,FUN_0040c270,37,0,""
0040c2a0,FUN_0040c2a0,76,2,"FUN_0048dca1"
0040c2f0,FUN_0040c2f0,5,1,""
0040c300,FUN_0040c300,5,1,""
0040c310,FUN_0040c310,178,1,"FUN_00488b40"
0040c3d0,FUN_0040c3d0,76,2,"FUN_0048dca1"
0040c420,FUN_0040c420,5,1,""
0040c430,FUN_0040c430,5,1,""
0040c440,FUN_0040c440,82,1,"FUN_00402740"
0040c4a0,FUN_0040c4a0,76,2,"FUN_0048dca1"
0040c4f0,FUN_0040c4f0,553,1,"EnterCriticalSection FUN_00407420 FUN_0040c720 FUN_0045de40 FUN_00476c70 FUN_00478580 FUN_00488350 FUN_00488be0 FUN_00488cf0 FUN_00489320 LeaveCriticalSection"
0040c720,FUN_0040c720,106,2,""
0040c790,FUN_0040c790,5,1,""
0040c7a0,FUN_0040c7a0,5,1,""
0040c7b0,FUN_0040c7b0,52,1,""
0040c7f0,FUN_0040c7f0,860,1,"EnterCriticalSection FUN_00407420 FUN_00477b00 FUN_00478580 FUN_00488350 FUN_00489320 LeaveCriticalSection __security_check_cookie"
0040cb50,FUN_0040cb50,76,2,"FUN_0048dca1"
0040cba0,FUN_0040cba0,5,1,""
0040cbb0,FUN_0040cbb0,20,1,""
0040cbd0,FUN_0040cbd0,18,0,""
0040cbf0,FUN_0040cbf0,76,2,"FUN_0048dca1"
0040cc40,FUN_0040cc40,5,1,""
0040cc50,FUN_0040cc50,5,1,""
0040cc60,FUN_0040cc60,251,1,""
0040cd60,FUN_0040cd60,390,1,"EnterCriticalSection FUN_00407420 FUN_00478580 FUN_00488350 FUN_00488b40 FUN_00488d50 FUN_00489320 LeaveCriticalSection"
0040cef0,FUN_0040cef0,896,1,"EnterCriticalSection FUN_00407420 FUN_00429370 FUN_00478580 FUN_00488350 FUN_00488b40 FUN_00488be0 FUN_00489320"
0040d270,FUN_0040d270,79,2,"FUN_0048dca1"
0040d2c0,FUN_0040d2c0,5,1,""
0040d2d0,FUN_0040d2d0,5,1,""
0040d2e0,FUN_0040d2e0,51,0,"FUN_00446f40"
0040d320,FUN_0040d320,76,2,"FUN_0048dca1"
0040d370,FUN_0040d370,5,1,""
0040d380,FUN_0040d380,15,1,""
0040d390,FUN_0040d390,100,1,"FUN_004573f0 FUN_0045d5e0 FUN_004645f0 FUN_00476c70"
0040d400,FUN_0040d400,13,1,""
0040d410,FUN_0040d410,61,1,""
0040d450,FUN_0040d450,76,2,"FUN_0048dca1"
0040d4a0,FUN_0040d4a0,5,1,""
0040d4b0,FUN_0040d4b0,5,1,""
0040d4c0,FUN_0040d4c0,22,0,""
0040d4e0,FUN_0040d4e0,13,1,""
0040d4f0,FUN_0040d4f0,63,1,""
0040d530,FUN_0040d530,76,2,"FUN_0048dca1"
0040d580,FUN_0040d580,5,1,""
0040d590,FUN_0040d590,5,1,""
0040d5a0,FUN_0040d5a0,22,0,""
0040d5c0,FUN_0040d5c0,76,2,"FUN_0048dca1"
0040d610,FUN_0040d610,5,1,""
0040d620,FUN_0040d620,5,1,""
0040d630,FUN_0040d630,383,2,"FUN_004027d0 FUN_00402810 FUN_00412f80 FUN_00446f40"
0040d7b0,FUN_0040d7b0,76,2,"FUN_0048dca1"
0040d800,FUN_0040d800,5,1,""
0040d810,FUN_0040d810,38,1,"FUN_00488cf0"
0040d840,FUN_0040d840,464,1,"EnterCriticalSection FUN_00407420 FUN_0045de40 FUN_00476be0 FUN_00478580 FUN_00488350 FUN_00489320 LeaveCriticalSection"
0040da10,FUN_0040da10,105,1,"FUN_0040d840"
0040da80,FUN_0040da80,305,1,"FUN_00429370 FUN_00449010"
0040dbc0,FUN_0040dbc0,76,2,"FUN_0048dca1"
0040dc10,FUN_0040dc10,72,1,"FUN_00488cf0"
0040dc60,FUN_0040dc60,113,1,"FUN_00488cf0"
0040dce0,FUN_0040dce0,854,1,"FUN_00406750 FUN_00409750 FUN_00429370 FUN_00449010 FUN_00488b40 FUN_00488be0 FUN_00488cf0"
0040e040,FUN_0040e040,615,1,"EnterCriticalSection FUN_00407420 FUN_0045de40 FUN_00476c70 FUN_00478580 FUN_00488350 FUN_00489320 LeaveCriticalSection"
0040e2b0,FUN_0040e2b0,79,2,"FUN_0048dca1"
0040e300,FUN_0040e300,72,1,"FUN_00488cf0"
0040e350,FUN_0040e350,113,1,"FUN_00488cf0"
0040e3d0,FUN_0040e3d0,485,1,"FUN_00402740 FUN_00409750 FUN_00409940 FUN_00428e90 FUN_00488b40 FUN_00488cf0"
0040e5c0,FUN_0040e5c0,471,1,"EnterCriticalSection FUN_00407420 FUN_0045de40 FUN_00476c70 FUN_00478580 FUN_00488350 FUN_00489320 LeaveCriticalSection"
0040e7a0,FUN_0040e7a0,76,2,"FUN_0048dca1"
0040e7f0,FUN_0040e7f0,72,1,"FUN_00488cf0"
0040e840,FUN_0040e840,113,1,"FUN_00488cf0"
0040e8c0,FUN_0040e8c0,804,1,"FUN_00405990 FUN_00409750 FUN_00429370 FUN_00449010 FUN_00476c70 FUN_00488b40 FUN_00488be0 FUN_00488cf0"
0040ebf0,FUN_0040ebf0,437,1,"EnterCriticalSection FUN_00407420 FUN_00476c70 FUN_00478580 FUN_00488350 FUN_00489320 LeaveCriticalSection"
0040edb0,FUN_0040edb0,76,2,"FUN_0048dca1"
0040ee00,FUN_0040ee00,72,1,"FUN_00488cf0"
0040ee50,FUN_0040ee50,113,1,"FUN_00488cf0"
0040eed0,FUN_0040eed0,493,1,"FUN_00405d10 FUN_00408bf0 FUN_00429370 FUN_00449010 FUN_00476c70 FUN_00488b40 FUN_00488cf0"
0040f0d0,FUN_0040f0d0,31,1,"FUN_00488cf0"
0040f0f0,FUN_0040f0f0,400,1,"EnterCriticalSection FUN_00407420 FUN_00476c70 FUN_00478580 FUN_00488350 FUN_00489320 LeaveCriticalSection"
0040f280,FUN_0040f280,76,2,"FUN_0048dca1"
0040f2d0,FUN_0040f2d0,72,1,"FUN_00488cf0"
0040f320,FUN_0040f320,113,1,"FUN_00488cf0"
0040f3a0,FUN_0040f3a0,679,1,"FUN_00409750 FUN_004294b0 FUN_00448f10 FUN_0045dfa0 FUN_00476c70 FUN_00488b40 FUN_00488cf0 __security_check_cookie"
0040f650,FUN_0040f650,31,1,"FUN_00488cf0"
0040f670,FUN_0040f670,400,1,"EnterCriticalSection FUN_00407420 FUN_00476c70 FUN_00478580 FUN_00488350 FUN_00489320 LeaveCriticalSection"
0040f800,FUN_0040f800,76,2,"FUN_0048dca1"
0040f850,FUN_0040f850,72,1,"FUN_00488cf0"
0040f8a0,FUN_0040f8a0,113,1,"FUN_00488cf0"
0040f920,FUN_0040f920,544,1,"FUN_00409750 FUN_004099d0 FUN_00409ad0 FUN_00429370 FUN_00449010 FUN_00457480 FUN_0045d5e0 FUN_00476c70 FUN_00488b40 FUN_00488be0 FUN_00488cf0"
0040fb40,FUN_0040fb40,31,1,"FUN_00488cf0"
0040fb60,FUN_0040fb60,537,1,"EnterCriticalSection FUN_00407420 FUN_004099d0 FUN_0045de40 FUN_00476c70 FUN_00478580 FUN_00488350 FUN_00489320 LeaveCriticalSection"
0040fd80,FUN_0040fd80,76,2,"FUN_0048dca1"
0040fdd0,FUN_0040fdd0,5,1,""
0040fde0,FUN_0040fde0,53,1,""
0040fe20,FUN_0040fe20,73,1,"FUN_00409750"
0040fe70,FUN_0040fe70,291,1,"FUN_0042d7d0 _memset"
0040ffa0,FUN_0040ffa0,64,2,""
0040ffe0,FUN_0040ffe0,13,1,""
0040fff0,FUN_0040fff0,76,2,"FUN_0048dca1"
00410040,FUN_00410040,72,1,"FUN_00488cf0"
00410090,FUN_00410090,113,1,"FUN_00488cf0"
00410110,FUN_00410110,319,1,"FUN_00409750 FUN_00429370 FUN_00449010 FUN_00488cf0"
00410250,FUN_00410250,400,1,"EnterCriticalSection FUN_00407420 FUN_00476c70 FUN_00478580 FUN_00488350 FUN_00489320 LeaveCriticalSection"
004103e0,FUN_004103e0,76,2,"FUN_0048dca1"
00410430,FUN_00410430,72,1,"FUN_00488cf0"
00410480,FUN_00410480,113,1,"FUN_00488cf0"
00410500,FUN_00410500,633,1,"FUN_00409750 FUN_00428e90 FUN_0045e930 FUN_00488b40 FUN_00488cf0"
00410780,FUN_00410780,400,1,"EnterCriticalSection FUN_00407420 FUN_00476c70 FUN_00478580 FUN_00488350 FUN_00489320 LeaveCriticalSection"
00410910,FUN_00410910,76,2,"FUN_0048dca1"
00410960,FUN_00410960,76,2,"FUN_0048dca1"
004109b0,FUN_004109b0,76,2,"FUN_0048dca1"
00410a00,FUN_00410a00,76,2,"FUN_0048dca1"
00410a50,FUN_00410a50,5,1,""
00410a60,FUN_00410a60,46,1,""
00410a90,FUN_00410a90,310,1,"FUN_00409750 FUN_00429370 FUN_00449010 FUN_00488b40"
00410bd0,FUN_00410bd0,422,1,"EnterCriticalSection FUN_00407420 FUN_004573f0 FUN_004576e0 FUN_0045d5e0 FUN_004645f0 FUN_00476c70 FUN_00478580 FUN_00488350 FUN_00489320 LeaveCriticalSection"
00410d80,FUN_00410d80,76,2,"FUN_0048dca1"
00410dd0,FUN_00410dd0,5,1,""
00410de0,FUN_00410de0,46,1,""
00410e10,FUN_00410e10,73,1,"FUN_00409750"
00410e60,FUN_00410e60,291,1,"FUN_00457480 FUN_0045d5e0 FUN_00476be0 FUN_00476c70"
00410f90,FUN_00410f90,76,2,"FUN_0048dca1"
00410fe0,FUN_00410fe0,5,1,""
00410ff0,FUN_00410ff0,12,1,""
00411000,FUN_00411000,3,0,""
00411010,FUN_00411010,127,2,""
00411090,FUN_00411090,15,2,""
004110a0,FUN_004110a0,688,1,"FUN_004065a0 FUN_0041a110 FUN_00488b40 FUN_004890b0"
00411350,FUN_00411350,15,2,""
00411360,FUN_00411360,4,1,""
00411370,FUN_00411370,76,2,"FUN_0048dca1"
004113c0,FUN_004113c0,76,2,"FUN_0048dca1"
00411410,FUN_00411410,76,2,"FUN_0048dca1"
00411460,FUN_00411460,6476,3,"FUN_00407d70 FUN_00407da0 FUN_00408d00 FUN_00411410 FUN_00412e90 FUN_00413010 FUN_00413020 FUN_0048dc71 _memset"
00412e90,FUN_00412e90,63,2,""
00412ed0,FUN_00412ed0,76,2,"FUN_0048dca1"
00412f20,FUN_00412f20,57,2,""
00412f60,FUN_00412f60,24,2,""
00412f80,FUN_00412f80,32,4,""
00412fa0,FUN_00412fa0,36,2,""
00412fd0,FUN_00412fd0,6,1,""
00412fe0,FUN_00412fe0,47,1,""
00413010,FUN_00413010,3,0,""
00413020,FUN_00413020,3,0,""
00413030,FUN_00413030,3,0,""
00413040,FUN_00413040,5,0,""
00413050,FUN_00413050,3,0,""
00413060,FUN_00413060,3,0,""
00413070,FUN_00413070,3,0,""
00413080,FUN_00413080,5,0,""
00413090,FUN_00413090,3,0,""
004130a0,FUN_004130a0,3,0,""
004130b0,FUN_004130b0,5,0,""
004130c0,FUN_004130c0,3,0,""
004130d0,FUN_004130d0,5,0,""
004130e0,FUN_004130e0,3,0,""
004130f0,FUN_004130f0,51,2,""
00413130,FUN_00413130,4,1,""
00413140,FUN_00413140,10,1,""
00413150,FUN_00413150,5,0,""
00413160,FUN_00413160,3,0,""
00413170,FUN_00413170,3,0,""
00413180,FUN_00413180,250,7,"EnterCriticalSection FUN_00407420 FUN_00478580 FUN_00488350 FUN_00489320 LeaveCriticalSection"
00413280,FUN_00413280,3,1,""
00413290,FUN_00413290,32,3,""
004132b0,FUN_004132b0,215,0,"FUN_00488b40 FUN_00488d50"
00413390,FUN_00413390,63,0,"FUN_00488b40 FUN_00488f20"
004133d0,FUN_004133d0,146,0,"FUN_00488b40 FUN_00488f20"
00413470,FUN_00413470,87,2,""
004134d0,FUN_004134d0,59,1,"FUN_00488be0"
00413510,FUN_00413510,97,0,"FUN_00463b30 FUN_004914c0"
00413580,FUN_00413580,79,2,""
004135d0,FUN_004135d0,117,3,""
00413650,FUN_00413650,434,3,"FUN_00401180 FUN_00401230 FUN_00401530 FUN_00416ba0"
00413810,FUN_00413810,308,2,"FUN_00413650 FUN_00413950 FUN_0048dc71 _memset"
00413950,FUN_00413950,399,1,"EnterCriticalSection FUN_004015a0 FUN_00413510 FUN_00488b40 FUN_00488d50 FUN_00488da0 FUN_0048dca1 LeaveCriticalSection"
00413af0,FUN_00413af0,8121,1,"FUN_004029e0 FUN_00405d10 FUN_00407d70 FUN_00407da0 FUN_00409030 FUN_004091a0 FUN_00412f20 FUN_00413180 FUN_004132b0 FUN_00413390 FUN_004133d0 FUN_00413470 FUN_004134d0 FUN_00413950 FUN_00415af0 FUN_00415b70 FUN_00415cb0 FUN_004162b0 FUN_00416540 FUN_004168a0 FUN_00416940 FUN_00416b70 FUN_00416ba0 FUN_00476be0 FUN_00478580 FUN_00488b40 FUN_00488be0 FUN_00488c60 FUN_00488cf0 FUN_00488ef0 FUN_00488f20 FUN_00488fa0 FUN_004890b0"
00415af0,FUN_00415af0,114,1,""
00415b70,FUN_00415b70,306,1,"FUN_00488c60"
00415cb0,FUN_00415cb0,331,3,"FUN_00409030 FUN_00488b40 FUN_00488c60 FUN_00488d50"
00415e00,FUN_00415e00,643,1,"FUN_004065a0 FUN_00416ae0 FUN_00419cb0 FUN_00488b40"
004160b0,FUN_004160b0,498,1,"FUN_00402060 FUN_00413580 FUN_004135d0 FUN_00491a3f __security_check_cookie"
004162b0,FUN_004162b0,647,2,"EnterCriticalSection FUN_00407420 FUN_00409670 FUN_00416a10 FUN_00478580 FUN_004873f0 FUN_00488490 FUN_00488b40 FUN_00489320 LeaveCriticalSection"
00416540,FUN_00416540,863,4,"FUN_004873f0 FUN_00488b40 FUN_00488ef0 FUN_00488f20"
004168a0,FUN_004168a0,148,1,"FUN_00477b00 FUN_00488b40 FUN_00488be0 FUN_00488f20"
00416940,FUN_00416940,195,3,"FUN_00488b40 FUN_00488ef0 FUN_00488f20"
00416a10,FUN_00416a10,193,3,"EnterCriticalSection FUN_00407420 FUN_00478580 FUN_00488490 FUN_00489320 LeaveCriticalSection"
00416ae0,FUN_00416ae0,133,0,""
00416b70,FUN_00416b70,37,1,""
00416ba0,FUN_00416ba0,98,2,""
00416c10,FUN_00416c10,110,1,"FUN_00416940 FUN_00488b40 FUN_00488ef0"
00416c80,FUN_00416c80,75,2,""
00416cd0,FUN_00416cd0,120,1,"FUN_00488be0"
00416d50,FUN_00416d50,120,1,"FUN_00488be0"
00416dd0,FUN_00416dd0,57,1,""
00416e10,FUN_00416e10,257,1,"FUN_00402740"
00416f50,FUN_00416f50,605,5,"FUN_00402740 FUN_00407d70 FUN_00416e10 __security_check_cookie _memset"
004171b0,FUN_004171b0,1328,2,"FUN_00401180 FUN_00401230 FUN_00401530 FUN_00416ba0 FUN_00416e10 FUN_00416f50 __security_check_cookie"
004176e0,FUN_004176e0,411,1,"EnterCriticalSection FUN_004015a0 FUN_00488b40 FUN_00488cf0 FUN_00488d50 FUN_00488da0 FUN_0048dca1 LeaveCriticalSection"
00417880,FUN_00417880,476,1,"FUN_00407da0 FUN_00408ad0 FUN_00408b00 FUN_00408ba0 FUN_00411460 FUN_00416d50 FUN_004176e0 FUN_00417a60 FUN_00418c70 FUN_00418ce0 FUN_00441f10 FUN_004420e0 FUN_0045d5e0"
00417a60,FUN_00417a60,601,2,""
00417cc0,FUN_00417cc0,3238,1,"EnterCriticalSection FUN_004029e0 FUN_00405d10 FUN_004065a0 FUN_00407420 FUN_00407da0 FUN_004091a0 FUN_00411460 FUN_00412f20 FUN_00413180 FUN_004132b0 FUN_004133d0 FUN_004162b0 FUN_00416540 FUN_004168a0 FUN_00416940 FUN_00416b70 FUN_00416ba0 FUN_00416c10 FUN_00416c80 FUN_00416dd0 FUN_00417880 FUN_00418de0 FUN_00457480 FUN_0045d5e0 FUN_00476be0 FUN_00478580 FUN_00488350 FUN_00488b40 FUN_00488be0 FUN_00488c60 FUN_00488cf0 FUN_00489230 FUN_00489320 LeaveCriticalSection"
00418c40,FUN_00418c40,48,3,""
00418c70,FUN_00418c70,97,1,"_memset"
00418ce0,FUN_00418ce0,116,1,"_memset"
00418d60,FUN_00418d60,4,1,""
00418d70,FUN_00418d70,97,2,""
00418de0,FUN_00418de0,684,2,"FUN_00401180 FUN_00401230 FUN_00401530 FUN_00402530 FUN_00419090 FUN_0046e490 FUN_00486880 FUN_0048dc71 _memset"
00419090,FUN_00419090,214,1,"EnterCriticalSection FUN_004015a0 FUN_00488da0 FUN_0048dca1 LeaveCriticalSection"
00419170,FUN_00419170,463,1,"FUN_00405990 FUN_00407d70 FUN_00416a10 FUN_00418d70 FUN_00419090 FUN_00419360 FUN_00476be0 FUN_00477b00 FUN_004873f0 FUN_00488e30 FUN_00489230"
00419360,FUN_00419360,40,1,""
00419390,FUN_00419390,768,0,"FUN_00401180 FUN_00401230 FUN_00401530 FUN_00402530 FUN_00419690 FUN_0041b430 FUN_00477b00 FUN_00486880 FUN_0048dc71 _memset"
00419690,FUN_00419690,536,1,"EnterCriticalSection FUN_004015a0 FUN_0041b6f0 FUN_00486fc0 FUN_0048dca1 LeaveCriticalSection"
004198b0,FUN_004198b0,131,1,""
00419b90,FUN_00419b90,286,3,""
00419cb0,FUN_00419cb0,276,4,"FUN_00404e40 FUN_00419b90 __security_check_cookie"
00419dd0,FUN_00419dd0,340,2,"FUN_00419b90 FUN_0041b310 __security_check_cookie"
00419f30,FUN_00419f30,473,2,"FUN_00419b90 FUN_0041b310 __security_check_cookie"
0041a110,FUN_0041a110,98,4,"FUN_00404e40 FUN_00419b90 __security_check_cookie"
0041a180,FUN_0041a180,291,2,"FUN_0041a2b0 FUN_0047e730"
0041a2b0,FUN_0041a2b0,3702,2,"FUN_0047dce0 FUN_0047e8f0"
0041b1c0,FUN_0041b1c0,271,5,""
0041b2d0,FUN_0041b2d0,61,2,""
0041b310,FUN_0041b310,24,3,"FUN_00404e40"
0041b330,FUN_0041b330,127,2,"FUN_004548e0"
0041b3b0,FUN_0041b3b0,113,0,"FUN_004548e0"
0041b430,FUN_0041b430,704,1,"_memset"
0041b6f0,FUN_0041b6f0,82,1,"FUN_00491a3f"
0041b750,FUN_0041b750,5,1,""
0041b790,FUN_0041b790,8,1,""
0041b7a0,FUN_0041b7a0,161,4,""
0041b850,FUN_0041b850,768,2,"FUN_00401180 FUN_00401230 FUN_00401530 FUN_00402060 FUN_00402530 FUN_00402600 FUN_00486880 FUN_004914c0 FUN_00491a34 _memset"
0041bb50,FUN_0041bb50,736,1,"EnterCriticalSection FUN_004015a0 FUN_0041be50 FUN_00486fc0 FUN_00491a3f LeaveCriticalSection `eh_vector_destructor_iterator'"
0041be50,FUN_0041be50,305,1,"FUN_00488b40 FUN_00488cf0 FUN_00488d50 FUN_0048dca1 FUN_00491a3f"
0041bf90,FUN_0041bf90,262,1,"FUN_0041b850 FUN_0041bb50 FUN_0048dc71 FUN_0048dca1 _memset `eh_vector_constructor_iterator'"
0041c0a0,FUN_0041c0a0,489,1,"D3DXVec3Normalize FUN_0041d260 FUN_0041e760 FUN_00478580 __security_check_cookie"
0041c290,FUN_0041c290,1134,1,"FUN_00401180 FUN_00401230 FUN_00401530 FUN_0041cee0 FUN_0041f950 FUN_0047e730 FUN_0048dc71 __security_check_cookie _memset"
0041c700,FUN_0041c700,851,1,"FUN_00409750 FUN_0041cee0 FUN_0041f950 FUN_0047e730 FUN_00488260"
0041ca90,FUN_0041ca90,1093,3,"D3DXMatrixTranslation D3DXVec3ProjectArray __security_check_cookie"
0041cee0,FUN_0041cee0,885,2,"FUN_0041ca90 FUN_0041e350 FUN_0041f950 FUN_0047e730 FUN_00481210 __security_check_cookie"
0041d260,FUN_0041d260,4074,1,"FUN_004028f0 FUN_00404df0 FUN_00404e10 FUN_00405990 FUN_00405d10 FUN_00406750 FUN_00407420 FUN_0041b6f0 FUN_0041b7a0 FUN_0041be50 FUN_0041efa0 FUN_0041f640 FUN_0042b1f0 FUN_00478580 FUN_0048dc71"
0041e2d0,FUN_0041e2d0,123,1,""
0041e350,FUN_0041e350,1027,2,"D3DXMatrixLookAtLH D3DXMatrixPerspectiveFovLH D3DXVec3Normalize FUN_004548e0 FUN_0047e730 FUN_00481210 __security_check_cookie"
0041e760,FUN_0041e760,2106,1,"D3DXVec3Normalize FUN_004027d0 FUN_0042b3e0 FUN_004a9ea0 __security_check_cookie"
0041efa0,FUN_0041efa0,1580,2,"FUN_00402fb0 FUN_0041f830"
0041f5d0,FUN_0041f5d0,42,1,""
0041f600,FUN_0041f600,13,2,""
0041f610,FUN_0041f610,15,2,""
0041f620,FUN_0041f620,14,2,""
0041f630,FUN_0041f630,13,2,""
0041f640,FUN_0041f640,496,1,"FUN_00402fb0"
0041f830,FUN_0041f830,137,3,""
0041f8c0,FUN_0041f8c0,88,4,""
0041f920,FUN_0041f920,48,3,"FUN_00407420 FUN_00478580"
0041f950,FUN_0041f950,552,1,"D3DXMatrixLookAtLH D3DXMatrixPerspectiveFovLH D3DXVec3Normalize FUN_0047e730 __security_check_cookie"
0041fb80,FUN_0041fb80,3,0,""
0041fb90,FUN_0041fb90,3,0,""
0041fba0,FUN_0041fba0,3,0,""
0041fbb0,FUN_0041fbb0,5,0,""
0041fbc0,FUN_0041fbc0,3,0,""
0041fbd0,FUN_0041fbd0,3,0,""
0041fbe0,FUN_0041fbe0,38,2,"FUN_0041fc10 FUN_0048dca1"
0041fc10,FUN_0041fc10,285,1,"EnterCriticalSection FUN_004015a0 FUN_00488cf0 FUN_00491a3f LeaveCriticalSection"
0041fd40,FUN_0041fd40,574,0,"FUN_00401180 FUN_00401230 FUN_00401530 FUN_0048dc71 _memset"
0041ff80,FUN_0041ff80,38,2,"FUN_0041fc10 FUN_0048dca1"
0041ffb0,FUN_0041ffb0,38,2,"FUN_0041fc10 FUN_0048dca1"
0041ffe0,FUN_0041ffe0,38,2,"FUN_0041fc10 FUN_0048dca1"
00420010,FUN_00420010,38,2,"FUN_0041fc10 FUN_0048dca1"
00420160,FUN_00420160,506,1,"FUN_00419cb0 __security_check_cookie"
00420360,FUN_00420360,180,0,"FUN_004574d0 FUN_00476c70"
00420420,FUN_00420420,69,0,""
00420470,FUN_00420470,936,1,"EnterCriticalSection FUN_00401180 FUN_00401530 FUN_00407420 FUN_00476be0 FUN_00478580 FUN_00488350 FUN_00489320 FUN_0048dc71 LeaveCriticalSection _memset"
00420820,FUN_00420820,931,1,"FUN_004210d0 FUN_0045dfa0 FUN_00488b40 FUN_00488be0"
00420bd0,FUN_00420bd0,6,0,""
00420be0,FUN_00420be0,5,0,""
00420bf0,FUN_00420bf0,261,2,"EnterCriticalSection FUN_00407420 FUN_004210d0 FUN_00478580 FUN_00488350 FUN_00489320 LeaveCriticalSection"
00420d00,FUN_00420d00,610,1,"FUN_00404df0 FUN_00404e10 FUN_00420f80 FUN_004294b0 FUN_00489230 __security_check_cookie"
00420f70,FUN_00420f70,3,0,""
00420f80,FUN_00420f80,285,2,"FUN_00404df0 FUN_00404e10 FUN_00420f80"
004210a0,FUN_004210a0,33,2,""
004210d0,FUN_004210d0,32,3,""
004210f0,FUN_004210f0,420,4,"EnterCriticalSection FUN_00407420 FUN_0045de40 FUN_00478580 FUN_00488350 FUN_00489320 LeaveCriticalSection"
004212a0,FUN_004212a0,378,1,"FUN_00429370 FUN_0045de40 FUN_00476c70 FUN_00488b40 FUN_00488be0 FUN_00488d50"
00421420,FUN_00421420,353,1,"EnterCriticalSection FUN_00407420 FUN_00476be0 FUN_00478580 FUN_00488350 FUN_00489320 FUN_00491a34 FUN_00491a3f LeaveCriticalSection _memset"
00421590,FUN_00421590,3560,1,"EnterCriticalSection FUN_00401180 FUN_00401530 FUN_00402bf0 FUN_00402cc0 FUN_00404bc0 FUN_00404c20 FUN_00407420 FUN_004210f0 FUN_004212a0 FUN_004225a0 FUN_00429370 FUN_0042e0c0 FUN_00438cb0 FUN_0045de40 FUN_00476c70 FUN_00478580 FUN_00488350 FUN_00488b40 FUN_00488be0 FUN_00488d50 FUN_00489320 FUN_0048dc71 FUN_00491a3f FUN_004a94a0 LeaveCriticalSection __libm_sse2_sqrt_precise _memset"
00422380,FUN_00422380,6,0,""
00422390,FUN_00422390,5,0,""
004223a0,FUN_004223a0,175,1,"FUN_00429370"
00422450,FUN_00422450,216,1,"FUN_00401180 FUN_00401530 FUN_004212a0 FUN_00488be0 FUN_0048dc71 FUN_00491a3f _memset"
00422530,FUN_00422530,6,1,""
00422540,FUN_00422540,6,1,""
00422550,FUN_00422550,13,1,""
00422560,FUN_00422560,25,2,""
00422580,FUN_00422580,6,0,""
00422590,FUN_00422590,4,1,""
004225a0,FUN_004225a0,76,1,""
004225f0,FUN_004225f0,5,1,""
00422600,FUN_00422600,859,1,"EnterCriticalSection FUN_00407420 FUN_00476be0 FUN_00478580 FUN_00488350 FUN_00489320 LeaveCriticalSection"
00422960,FUN_00422960,759,1,"EnterCriticalSection FUN_00407420 FUN_0045de40 FUN_00476be0 FUN_00478580 FUN_00488350 FUN_00488b40 FUN_00489320 LeaveCriticalSection"
00422c60,FUN_00422c60,6,0,""
00422c70,FUN_00422c70,5,0,""
00422c80,FUN_00422c80,104,1,"FUN_00429370"
00422cf0,FUN_00422cf0,3,0,""
00422d00,FUN_00422d00,99,1,"FUN_00488b40"
00422d70,FUN_00422d70,85,2,"FUN_00422d00 FUN_0042af70"
00422dd0,FUN_00422dd0,72,2,""
00422e20,FUN_00422e20,1092,1,"EnterCriticalSection FUN_00401180 FUN_00401530 FUN_00407420 FUN_00476be0 FUN_00478580 FUN_00488350 FUN_00489320 FUN_0048dc71 LeaveCriticalSection _memset"
00423270,FUN_00423270,1057,1,"FUN_00401180 FUN_00401530 FUN_004027d0 FUN_00402810 FUN_00422d70 FUN_00422dd0 FUN_004237c0 FUN_0045de40 FUN_00476060 FUN_00476be0 FUN_00488b40 FUN_00488be0 FUN_0048dc71 __security_check_cookie _memset"
004236a0,FUN_004236a0,6,0,""
004236b0,FUN_004236b0,5,0,""
004236c0,FUN_004236c0,3,0,""
004236d0,FUN_004236d0,238,1,"FUN_00429370"
004237c0,FUN_004237c0,32,3,""
004237e0,FUN_004237e0,11,1,""
004237f0,FUN_004237f0,72,1,""
00423840,FUN_00423840,23,1,"_memset"
00423860,FUN_00423860,30,1,"_memset"
00423880,FUN_00423880,238,1,"_memset"
00423980,FUN_00423980,354,0,"FUN_00488da0 _memset"
00423af0,FUN_00423af0,486,0,"FUN_00401180 FUN_00401230 FUN_00401530 FUN_00402530 FUN_00423ce0 FUN_00486880 FUN_0048dc71 _memset `eh_vector_constructor_iterator'"
00423ce0,FUN_00423ce0,290,1,"EnterCriticalSection FUN_004015a0 FUN_00488da0 FUN_0048dca1 LeaveCriticalSection `eh_vector_destructor_iterator'"
00423e10,FUN_00423e10,2694,1,"FUN_0041f640 FUN_004248a0 FUN_00424ad0 FUN_00425c60 FUN_00427930 FUN_00427b60 FUN_00427d50 FUN_00427f40 FUN_00428460 FUN_00428710 FUN_00428970 FUN_00429bc0 FUN_00476be0 FUN_00478580"
004248a0,FUN_004248a0,552,2,"FUN_00412f20 FUN_00413180 FUN_00429ad0 FUN_00429b90 FUN_0045cc20 FUN_0045cd90 FUN_0045e160 FUN_00488b40 FUN_00488be0"
00424ad0,FUN_00424ad0,370,1,""
00424c50,FUN_00424c50,532,1,"FUN_00423e10 FUN_004248a0"
00424fe0,FUN_00424fe0,2809,5,"EnterCriticalSection FUN_004027d0 FUN_00402810 FUN_00407420 FUN_00412f20 FUN_0041b430 FUN_00424ad0 FUN_00425c60 FUN_00429bc0 FUN_00477d60 FUN_00478580 FUN_00488350 FUN_00489320 FUN_004a9ea0 LeaveCriticalSection"
00425b40,FUN_00425b40,279,1,"FUN_00402810 FUN_004237f0 FUN_0045cba0 FUN_004a94a0"
00425c60,FUN_00425c60,6840,1,"EnterCriticalSection FUN_00402810 FUN_00407420 FUN_0041b430 FUN_00425b40 FUN_00427810 FUN_00428e90 FUN_00429bc0 FUN_0042d7d0 FUN_004482c0 FUN_00448920 FUN_00476be0 FUN_00476c70 FUN_00477d60 FUN_00478580 FUN_00488350 FUN_00488cf0 FUN_00489320 FUN_0048dc71 FUN_004a94a0 __security_check_cookie _memset"
00427810,FUN_00427810,279,1,"FUN_00424fe0 FUN_00476c70 FUN_004a94a0"
00427930,FUN_00427930,551,1,"FUN_004a94a0 __libm_sse2_sqrt_precise"
00427b60,FUN_00427b60,491,1,"FUN_004a94a0"
00427d50,FUN_00427d50,468,1,"FUN_00404d10 FUN_00404d70 FUN_00429bc0 FUN_0045cba0 FUN_00476be0"
00427f40,FUN_00427f40,1307,1,"FUN_00429bc0 FUN_00476be0"
00428460,FUN_00428460,683,1,"FUN_00429bc0 FUN_004a94a0 __libm_sse2_sqrt_precise"
00428710,FUN_00428710,595,1,"FUN_00406750 FUN_00429bc0 FUN_004a94a0"
00428970,FUN_00428970,1306,1,"D3DXVec2Normalize FUN_00429a80"
00428e90,FUN_00428e90,581,2,"EnterCriticalSection FUN_00407420 FUN_004290e0 FUN_00476c70 FUN_00478580 FUN_00488350 FUN_00488be0 FUN_00489320 LeaveCriticalSection"
004290e0,FUN_004290e0,366,2,"FUN_00402740 FUN_00402810 FUN_00446f40"
00429250,FUN_00429250,281,2,"FUN_00428e90"
00429370,FUN_00429370,310,4,"FUN_00428e90"
004294b0,FUN_004294b0,752,5,"FUN_00404df0 FUN_00404e10 FUN_00428e90"
004297a0,FUN_004297a0,625,0,"EnterCriticalSection FUN_00407420 FUN_004290e0 FUN_00476c70 FUN_00478580 FUN_00488350 FUN_00488be0 FUN_00489320 LeaveCriticalSection"
00429a60,FUN_00429a60,15,2,""
00429a70,FUN_00429a70,15,2,""
00429a80,FUN_00429a80,32,3,""
00429aa0,FUN_00429aa0,39,1,""
00429ad0,FUN_00429ad0,186,5,""
00429b90,FUN_00429b90,39,1,""
00429bc0,FUN_00429bc0,32,3,""
00429be0,FUN_00429be0,79,1,""
00429c30,FUN_00429c30,116,0,"FUN_00478580"
00429cb0,FUN_00429cb0,204,1,""
00429d80,FUN_00429d80,291,1,"EnterCriticalSection FUN_004015a0 FUN_00488cf0 FUN_0048dca1 LeaveCriticalSection"
0042a170,FUN_0042a170,420,1,"FUN_00419cb0 FUN_00488b40"
0042a320,FUN_0042a320,1110,5,"FUN_00405bf0 FUN_00476be0 FUN_00478580 FUN_00487270 FUN_00488b40 FUN_00489230 __security_check_cookie"
0042a780,FUN_0042a780,496,0,"FUN_00405bf0 FUN_00429c30 FUN_00441a50 FUN_0046e490 FUN_00476be0 FUN_00488be0 FUN_00488cf0"
0042a970,FUN_0042a970,30,2,""
0042a990,FUN_0042a990,15,1,""
0042a9a0,FUN_0042a9a0,23,1,""
0042a9c0,FUN_0042a9c0,45,1,"FUN_00478580"
0042a9f0,FUN_0042a9f0,45,1,"FUN_00478580"
0042aa20,FUN_0042aa20,4,1,""
0042aa30,FUN_0042aa30,259,1,"_memset"
0042ab40,FUN_0042ab40,115,1,"FUN_00488da0"
0042abc0,FUN_0042abc0,163,0,""
0042ac70,FUN_0042ac70,351,0,"FUN_00401180 FUN_00401230 FUN_00401530 FUN_00402530 FUN_00486880 FUN_0048dc71 _memset"
0042add0,FUN_0042add0,332,1,"EnterCriticalSection FUN_004015a0 FUN_00402b30 FUN_00486fc0 FUN_00488da0 FUN_0048dca1 LeaveCriticalSection"
0042af70,FUN_0042af70,300,5,"FUN_00405bf0"
0042b0a0,FUN_0042b0a0,318,1,"FUN_00406ad0 FUN_00416a10"
0042b1f0,FUN_0042b1f0,483,3,"FUN_00455d80 FUN_00488b40 FUN_00488f20 FUN_00491a34"
0042b3e0,FUN_0042b3e0,342,2,"FUN_0042b540"
0042b540,FUN_0042b540,149,1,""
0042b5e0,FUN_0042b5e0,108,1,"FUN_00402060 FUN_00491a3f"
0042b650,FUN_0042b650,593,1,"FUN_00401180 FUN_00401230 FUN_00401530 FUN_00402060 FUN_00402530 FUN_0042bc60 FUN_0042cb90 FUN_0048dc71"
0042b8b0,FUN_0042b8b0,501,1,"EnterCriticalSection FUN_004015a0 FUN_00402b30 FUN_00486fc0 FUN_00488b40 FUN_00488d50 FUN_0048dca1 FUN_00491a3f LeaveCriticalSection"
0042bab0,FUN_0042bab0,89,0,"FUN_0042b650 FUN_0042b8b0 FUN_0048dc71 FUN_0048dca1"
0042bb10,FUN_0042bb10,31,0,"FUN_0042b8b0 FUN_0048dca1"
0042bb30,FUN_0042bb30,277,1,"FUN_0042be70"
0042bc60,FUN_0042bc60,528,2,"FUN_00405bf0 FUN_00488b40 _memset"
0042be70,FUN_0042be70,3154,1,"EnterCriticalSection FUN_00401180 FUN_00401230 FUN_00401530 FUN_00402bb0 FUN_00407420 FUN_0042b5e0 FUN_0042cb90 FUN_004419f0 FUN_00454620 FUN_00476be0 FUN_00477a50 FUN_00478580 FUN_00486fc0 FUN_00487140 FUN_00488350 FUN_00488b40 FUN_00488be0 FUN_00488cf0 FUN_00489320 FUN_0048dc71 LeaveCriticalSection _memset"
0042cb60,FUN_0042cb60,39,0,"FUN_00488be0"
0042cb90,FUN_0042cb90,215,0,"EnterCriticalSection FUN_00407420 FUN_00478580 FUN_00488350 FUN_00489320 LeaveCriticalSection"
0042cc70,FUN_0042cc70,44,0,""
0042cca0,FUN_0042cca0,11,0,""
0042ccb0,FUN_0042ccb0,5,0,""
0042ccc0,FUN_0042ccc0,162,1,"_memset"
0042cd70,FUN_0042cd70,3,0,""
0042cd80,FUN_0042cd80,5,0,""
0042cd90,FUN_0042cd90,5,0,""
0042cda0,FUN_0042cda0,5,0,""
0042cdb0,FUN_0042cdb0,5,0,""
0042cdc0,FUN_0042cdc0,16,1,""
0042cdd0,FUN_0042cdd0,51,1,"FUN_0048dca1"
0042ce10,FUN_0042ce10,101,1,"FUN_0042ccc0"
0042ce80,FUN_0042ce80,196,1,""
0042cf50,FUN_0042cf50,44,2,"FUN_0042cdd0 FUN_0048dca1"
0042cf80,FUN_0042cf80,3,1,""
0042cf90,FUN_0042cf90,22,2,""
0042cfb0,FUN_0042cfb0,19,2,""
0042cfd0,FUN_0042cfd0,4,1,""
0042cfe0,FUN_0042cfe0,13,2,""
0042cff0,FUN_0042cff0,13,2,""
0042d000,FUN_0042d000,12,2,""
0042d010,FUN_0042d010,16,3,""
0042d020,FUN_0042d020,17,3,""
0042d040,FUN_0042d040,75,2,""
0042d090,FUN_0042d090,17,1,""
0042d0b0,FUN_0042d0b0,12,2,""
0042d0c0,FUN_0042d0c0,72,2,"FUN_00430510 FUN_00446f40"
0042d110,FUN_0042d110,100,1,"_memset"
0042d180,FUN_0042d180,90,1,"_memset"
0042d1e0,FUN_0042d1e0,4,1,""
0042d1f0,FUN_0042d1f0,7,1,""
0042d200,FUN_0042d200,11,1,""
0042d210,FUN_0042d210,7,1,""
0042d220,FUN_0042d220,434,2,"FUN_0041be50 FUN_0042cdd0 FUN_00488b40 FUN_00488d50 FUN_0048dca1"
0042d3e0,FUN_0042d3e0,96,2,"FUN_00402060 FUN_0048d9d0"
0042d440,FUN_0042d440,70,0,""
0042d490,FUN_0042d490,50,2,""
0042d4d0,FUN_0042d4d0,34,1,""
0042d500,FUN_0042d500,56,1,""
0042d540,FUN_0042d540,21,1,""
0042d560,FUN_0042d560,16,2,""
0042d570,FUN_0042d570,50,3,""
0042d5b0,FUN_0042d5b0,18,0,""
0042d5d0,FUN_0042d5d0,58,1,"FUN_00422d00"
0042d610,FUN_0042d610,33,1,""
0042d640,FUN_0042d640,14,0,""
0042d650,FUN_0042d650,17,0,""
0042d670,FUN_0042d670,35,0,"FUN_00488cf0"
0042d6a0,FUN_0042d6a0,6,1,""
0042d6b0,FUN_0042d6b0,6,1,""
0042d6c0,FUN_0042d6c0,6,1,""
0042d6d0,FUN_0042d6d0,13,1,""
0042d6e0,FUN_0042d6e0,23,1,"_memset"
0042d700,FUN_0042d700,44,2,""
0042d730,FUN_0042d730,31,2,""
0042d750,FUN_0042d750,9,1,""
0042d760,FUN_0042d760,23,1,"_memset"
0042d780,FUN_0042d780,43,1,""
0042d7b0,FUN_0042d7b0,18,3,"FUN_0041b7a0"
0042d7d0,FUN_0042d7d0,557,3,"FUN_0042e100 FUN_0042fe80 FUN_0048dc71"
0042da90,FUN_0042da90,385,2,"FUN_00402530 FUN_004867e0 FUN_00489590 Sleep"
0042dc20,FUN_0042dc20,407,1,"FUN_00401180 FUN_00401230 FUN_00401530 FUN_0042d3e0 FUN_0048dc71 _memset"
0042ddc0,FUN_0042ddc0,387,1,"EnterCriticalSection FUN_004015a0 FUN_0042ab40 FUN_00486fc0 FUN_0048dca1 FUN_00491a3f LeaveCriticalSection"
0042df50,FUN_0042df50,345,1,"FUN_0042fe80"
0042e0c0,FUN_0042e0c0,52,1,""
0042e100,FUN_0042e100,1184,2,"FUN_0042ce10 FUN_0042ce80 FUN_0042d110 FUN_0048d920 _memset"
0042e5a0,FUN_0042e5a0,1626,1,"EnterCriticalSection FUN_004028f0 FUN_00402bf0 FUN_00402cc0 FUN_00407420 FUN_0040c720 FUN_0041f640 FUN_0042ec00 FUN_00438d40 FUN_004396a0 FUN_00439a10 FUN_00478580 FUN_00488350 FUN_00488b40 FUN_00488cf0 FUN_00489320 LeaveCriticalSection"
0042ec00,FUN_0042ec00,314,1,"FUN_00402cc0"
0042ed40,FUN_0042ed40,2881,1,"FUN_004028f0 FUN_00404df0 FUN_00404e10 FUN_00405d10 FUN_00409750 FUN_0042cdd0 FUN_0042ce80 FUN_00430240 FUN_0045cd90 FUN_0045cea0 FUN_0045e160 FUN_0045f0f0 FUN_00476c70 FUN_00488b40 FUN_00488e30 FUN_00488fd0 FUN_0048d420 FUN_0048d920 FUN_0048dc20"
0042f890,FUN_0042f890,1515,1,"D3DXVec3Normalize FUN_0042b3e0 FUN_004a9ea0 __security_check_cookie"
0042fe80,FUN_0042fe80,242,1,"FUN_0042ff80 FUN_00488b40"
0042ff80,FUN_0042ff80,691,1,"FUN_00404b80 FUN_00405990 FUN_00409750 FUN_0042e5a0 FUN_0042ed40 FUN_0042f890 FUN_00488b40 FUN_0048d420"
00430240,FUN_00430240,711,1,"EnterCriticalSection FUN_00404b80 FUN_00407420 FUN_00422d00 FUN_0042cdd0 FUN_0042ce80 FUN_00430510 FUN_00446f40 FUN_00476c70 FUN_00478580 FUN_00488350 FUN_00489320 FUN_0048d420 FUN_0048d920 LeaveCriticalSection"
00430510,FUN_00430510,505,1,"FUN_004027d0 FUN_00402810 FUN_0043a1e0 FUN_00446f40 _memset"
00430710,FUN_00430710,503,0,"FUN_00430240 FUN_00488b40 FUN_00488d50 _memset"
00430910,FUN_00430910,523,1,"FUN_00430240 FUN_00488b40 FUN_00488d50 _memset"
00430b20,FUN_00430b20,514,0,"FUN_00430240 FUN_00488b40 FUN_00488d50 _memset"
00430d30,FUN_00430d30,22274,1,"FUN_004026d0 FUN_004028f0 FUN_00402f90 FUN_00404b30 FUN_00404b80 FUN_00404d00 FUN_00404d70 FUN_00404dc0 FUN_00404f50 FUN_00405b90 FUN_00405ce0 FUN_00405d10 FUN_00406730 FUN_00406a90 FUN_00406aa0 FUN_00407d50 FUN_00407d60 FUN_00409930 FUN_00409980 FUN_00409990 FUN_00409b10 FUN_00412f60 FUN_00412fd0 FUN_00412fe0 FUN_00413280 FUN_00418d60 FUN_0041b790 FUN_0041be50 FUN_0041e2d0 FUN_0041f5d0 FUN_0041f600 FUN_0041f610 FUN_0041f620 FUN_0041f630 FUN_0041f8c0 FUN_00422530 FUN_00422540 FUN_00422550 FUN_00422560 FUN_00422580 FUN_00422590 FUN_004225a0 FUN_004225f0 FUN_00422d00 FUN_00422d70 FUN_004237e0 FUN_004237f0 FUN_00423840 FUN_00423860 FUN_00427810 FUN_00429250 FUN_00429370 FUN_004294b0 FUN_004297a0 FUN_00429a60 FUN_00429a70 FUN_0042a320 FUN_0042a780 FUN_0042a970 FUN_0042a990 FUN_0042aa20 FUN_0042b1f0 FUN_0042cca0 FUN_0042cdc0 FUN_0042cdd0 FUN_0042ce80 FUN_0042cf80 FUN_0042cf90 FUN_0042cfb0 FUN_0042cfd0 FUN_0042cfe0 FUN_0042cff0 FUN_0042d000 FUN_0042d010 FUN_0042d020 FUN_0042d040 FUN_0042d090 FUN_0042d0b0 FUN_0042d0c0 FUN_0042d180 FUN_0042d1e0 FUN_0042d1f0 FUN_0042d200 FUN_0042d210 FUN_0042d490 FUN_0042d4d0 FUN_0042d500 FUN_0042d540 FUN_0042d560 FUN_0042d570 FUN_0042d5b0 FUN_0042d5d0 FUN_0042d610 FUN_0042d640 FUN_0042d650 FUN_0042d670 FUN_0042d6a0 FUN_0042d6b0 FUN_0042d6c0 FUN_0042d6d0 FUN_0042d6e0 FUN_0042d700 FUN_0042d730 FUN_0042d750 FUN_0042d760 FUN_0042d780 FUN_0042d7b0 FUN_0042ec00 FUN_00430240 FUN_00430710 FUN_00430910 FUN_00430b20 FUN_004369e0 FUN_00436bb0 FUN_00436cf0 FUN_004389f0 FUN_00438a60 FUN_00438aa0 FUN_00438ac0 FUN_00438ad0 FUN_00438af0 FUN_00438d40 FUN_004395c0 FUN_004395d0 FUN_00439600 FUN_00439610 FUN_00439630 FUN_00439650 FUN_00439670 FUN_00439690 FUN_00439900 FUN_00439910 FUN_00439940 FUN_00439950 FUN_00439970 FUN_00439990 FUN_004399b0 FUN_004399d0 FUN_004399f0 FUN_00439e80 FUN_00439ea0 FUN_00439eb0 FUN_00439ec0 FUN_00439ed0 FUN_00439ee0 FUN_00439ef0 FUN_00439f00 FUN_00439f10 FUN_00439fa0 FUN_00439fb0 FUN_00439fc0 FUN_00439fd0 FUN_00439fe0 FUN_0043a030 FUN_0043a110 FUN_0043a200 FUN_0043a210 FUN_0043a220 FUN_0043a230 FUN_0043a240 FUN_0043a250 FUN_0043a260 FUN_0043a270 FUN_0043a280 FUN_0043a290 FUN_0043a2b0 FUN_0043e360 FUN_00441ed0 FUN_00446f40 FUN_00448920 FUN_00448fa0 FUN_00449010 FUN_00449090 FUN_004645f0 FUN_00476060 FUN_00476c70 FUN_00478580 FUN_00488770 FUN_00488b40 FUN_00488e30 FUN_00488e50 FUN_00488e70 FUN_00488eb0 FUN_00488f50 FUN_004892e0 FUN_0048d4f0 FUN_0048d5a0 FUN_0048dbe0 FUN_0048dc20 FUN_0048dc71 __security_check_cookie _memset"
004369e0,FUN_004369e0,458,1,"FUN_0042d7d0 FUN_00438b10 FUN_00438bc0"
00436bb0,FUN_00436bb0,315,1,"FUN_0043a030 FUN_00488b40 FUN_00488cf0 FUN_00488eb0 FUN_0048d4f0"
00436cf0,FUN_00436cf0,1568,1,"FUN_004066b0 FUN_00429ad0 FUN_00488b40 FUN_00488e30 FUN_0048d4f0 FUN_0048d5a0"
00437360,FUN_00437360,1559,2,"FUN_00402740 FUN_004027d0 FUN_00402810 FUN_00404b80 FUN_004237f0 FUN_0042cc70 FUN_0042d440 FUN_00488e30 __libm_sse2_sqrt_precise"
00437b20,FUN_00437b20,238,2,"FUN_004237f0"
00437c90,FUN_00437c90,2479,2,"FUN_00402740 FUN_004027d0 FUN_00402810 FUN_00404b80 FUN_004237f0 FUN_0042cc70 FUN_0042d440 FUN_0045cba0 __libm_sse2_sqrt_precise"
004387e0,FUN_004387e0,339,2,"FUN_004237f0"
004389f0,FUN_004389f0,106,5,""
00438a60,FUN_00438a60,56,3,""
00438aa0,FUN_00438aa0,18,2,"FUN_0048d4f0"
00438ac0,FUN_00438ac0,14,1,"FUN_0048d750"
00438ad0,FUN_00438ad0,18,2,"FUN_0048d5a0"
00438af0,FUN_00438af0,18,2,"FUN_0048d7c0"
00438b10,FUN_00438b10,175,3,""
00438bc0,FUN_00438bc0,226,2,""
00438cb0,FUN_00438cb0,135,2,""
00438d40,FUN_00438d40,78,1,""
00438d90,FUN_00438d90,655,1,"FUN_0043a2b0 FUN_004a94a0"
00439020,FUN_00439020,375,0,"FUN_00404080 FUN_0042d7d0 FUN_0043a2b0 _memset"
004391a0,FUN_004391a0,375,0,"FUN_00404080 FUN_0042d7d0 FUN_0043a2b0 _memset"
00439320,FUN_00439320,347,1,""
004394a0,FUN_004394a0,285,2,"FUN_0045f0f0 FUN_00488b40 __security_check_cookie"
004395c0,FUN_004395c0,8,1,""
004395d0,FUN_004395d0,42,1,""
00439600,FUN_00439600,13,2,""
00439610,FUN_00439610,20,1,""
00439630,FUN_00439630,20,1,""
00439650,FUN_00439650,21,2,""
00439670,FUN_00439670,20,2,""
00439690,FUN_00439690,13,2,""
004396a0,FUN_004396a0,604,2,"FUN_00402fb0"
00439900,FUN_00439900,8,1,""
00439910,FUN_00439910,42,1,""
00439940,FUN_00439940,13,2,""
00439950,FUN_00439950,25,2,""
00439970,FUN_00439970,25,2,""
00439990,FUN_00439990,25,2,""
004399b0,FUN_004399b0,25,2,""
004399d0,FUN_004399d0,21,3,""
004399f0,FUN_004399f0,17,2,""
00439a10,FUN_00439a10,1128,2,"FUN_00402fb0"
00439e80,FUN_00439e80,24,1,""
00439ea0,FUN_00439ea0,4,1,""
00439eb0,FUN_00439eb0,16,2,""
00439ec0,FUN_00439ec0,16,2,""
00439ed0,FUN_00439ed0,6,0,""
00439ee0,FUN_00439ee0,6,0,""
00439ef0,FUN_00439ef0,13,1,""
00439f00,FUN_00439f00,6,1,""
00439f10,FUN_00439f10,136,1,""
00439fa0,FUN_00439fa0,6,1,""
00439fb0,FUN_00439fb0,6,1,""
00439fc0,FUN_00439fc0,6,0,""
00439fd0,FUN_00439fd0,6,0,""
00439fe0,FUN_00439fe0,71,0,""
0043a030,FUN_0043a030,224,4,"EnterCriticalSection FUN_00407420 FUN_00478580 FUN_00488400 FUN_00489320 LeaveCriticalSection"
0043a110,FUN_0043a110,203,5,"EnterCriticalSection FUN_00407420 FUN_00478580 FUN_00488400 FUN_00489320 LeaveCriticalSection"
0043a1e0,FUN_0043a1e0,32,4,""
0043a200,FUN_0043a200,9,0,""
0043a210,FUN_0043a210,6,1,""
0043a220,FUN_0043a220,5,1,""
0043a230,FUN_0043a230,6,0,""
0043a240,FUN_0043a240,5,0,""
0043a250,FUN_0043a250,11,0,""
0043a260,FUN_0043a260,11,0,""
0043a270,FUN_0043a270,15,1,""
0043a280,FUN_0043a280,3,0,""
0043a290,FUN_0043a290,24,2,""
0043a2b0,FUN_0043a2b0,32,3,""
0043a2d0,FUN_0043a2d0,107,1,"EnterCriticalSection FUN_004015a0 FUN_0048dca1 LeaveCriticalSection"
0043a340,FUN_0043a340,174,1,"FUN_0041a110"
0043a3f0,FUN_0043a3f0,825,1,"FUN_00488b40 FUN_00488d50"
0043a730,FUN_0043a730,311,1,"FUN_00402060 FUN_00402530 FUN_00442440 FUN_00486880"
0043a8b0,FUN_0043a8b0,2711,0,"EnterCriticalSection FUN_00407420 FUN_00416a10 FUN_00441f10 FUN_004420e0 FUN_00478580 FUN_00488350 FUN_00488490 FUN_00488be0 FUN_00488f20 FUN_00489320 LeaveCriticalSection"
0043b350,FUN_0043b350,481,1,"FUN_0043a3f0 FUN_00486fc0 FUN_00488b40 FUN_00488cf0 FUN_00488d50 FUN_00488da0 FUN_0048dca1 FUN_00491a3f"
0043b540,FUN_0043b540,28,1,"FUN_0043a3f0 FUN_0048dca1"
0043b560,FUN_0043b560,656,1,"EnterCriticalSection FUN_004015a0 FUN_0043b350 FUN_00488b40 FUN_00488cf0 FUN_00488d50 FUN_00488da0 LeaveCriticalSection"
0043b800,FUN_0043b800,875,0,"FUN_00401180 FUN_00401230 FUN_00401530 FUN_00402530 FUN_0043a730 FUN_0043b560 FUN_00486880 FUN_0048dc71 FUN_0048dca1 Sleep _memset"
0043bb70,FUN_0043bb70,4481,1,"FUN_00404df0 FUN_00404e10 FUN_00405bf0 FUN_00412f20 FUN_004237f0 FUN_0042a9c0 FUN_0042a9f0 FUN_0043a3f0 FUN_0043e550 FUN_004422c0 FUN_004423b0 FUN_004423e0 FUN_00442410 FUN_00476be0 FUN_00488b40 FUN_00488be0 FUN_00488cf0 FUN_00488d50 FUN_00488ef0 FUN_00488f20 FUN_00488fa0 FUN_0048dca1"
0043cd00,FUN_0043cd00,2536,1,"FUN_00419cb0 FUN_00419dd0 FUN_00419f30 FUN_004237f0 FUN_00488b40 FUN_00488cf0"
0043d720,FUN_0043d720,3136,2,"FUN_00405bf0 FUN_004297a0 FUN_00430710 FUN_00488c60 _memset"
0043e360,FUN_0043e360,486,2,"FUN_00405bf0 FUN_0043b540 FUN_0043d720 FUN_00444650 FUN_00458a30 FUN_00477a50 FUN_0048dc71 __security_check_cookie"
0043e550,FUN_0043e550,11084,1,"EnterCriticalSection FID_conflict:_atoi FUN_00405990 FUN_00405bf0 FUN_004063d0 FUN_00407420 FUN_00409750 FUN_00438d40 FUN_004416d0 FUN_00441900 FUN_004419f0 FUN_004422c0 FUN_00444650 FUN_004546a0 FUN_00476be0 FUN_00477a50 FUN_00478580 FUN_00487140 FUN_00488350 FUN_00488b40 FUN_00488be0 FUN_00488c60 FUN_00488cf0 FUN_00489230 FUN_00489320 FUN_0048f270"
00441130,FUN_00441130,371,1,"FUN_004063d0 FUN_00489230"
004412b0,FUN_004412b0,514,1,"FUN_00488b40 FUN_00488f20"
004414c0,FUN_004414c0,514,1,"FUN_00488b40 FUN_00488ef0"
004416d0,FUN_004416d0,558,2,"EnterCriticalSection FUN_00407420 FUN_00478580 FUN_00488350 FUN_00488cf0 FUN_004890b0 FUN_00489320 LeaveCriticalSection"
00441900,FUN_00441900,240,1,"FUN_00488b40 FUN_004890b0"
004419f0,FUN_004419f0,96,1,""
00441a50,FUN_00441a50,1115,2,"FUN_00405bf0 FUN_00477b00 FUN_00488b40 FUN_00488cf0 FUN_00488ef0 FUN_00488f20"
00441ed0,FUN_00441ed0,53,0,"FUN_00405bf0"
00441f10,FUN_00441f10,463,4,""
004420e0,FUN_004420e0,477,4,""
004422c0,FUN_004422c0,103,1,"FUN_00405bf0 FUN_00488b40"
00442330,FUN_00442330,63,0,"FUN_00488b40 FUN_00488f20"
00442370,FUN_00442370,63,0,"FUN_00488b40 FUN_00488ef0"
004423b0,FUN_004423b0,45,1,"FUN_00478580"
004423e0,FUN_004423e0,39,1,""
00442410,FUN_00442410,39,1,""
00442440,FUN_00442440,3,0,""
00442450,FUN_00442450,46,1,""
00442480,FUN_00442480,86,1,""
004432c0,FUN_004432c0,1253,1,"EnterCriticalSection FUN_004015a0 FUN_00408020 FUN_004080e0 FUN_00413510 FUN_00417880 FUN_0041bb50 FUN_00423ce0 FUN_00429d80 FUN_0042aa30 FUN_0042ab40 FUN_0042cb90 FUN_0042ddc0 FUN_0043a3f0 FUN_0043b560 FUN_00444d80 FUN_00445920 FUN_00448650 FUN_00457960 FUN_0045b020 FUN_00461ad0 FUN_00463f50 FUN_00477a50 FUN_00486fc0 FUN_00488da0 FUN_0048dca1 FUN_00491a3f LeaveCriticalSection"
004437b0,FUN_004437b0,113,1,"FUN_00444dd0 FUN_00454860 FUN_0048dc71 _memset"
00443830,FUN_00443830,44,0,"FUN_004432c0 FUN_0048dca1"
00443860,FUN_00443860,1286,1,"FUN_00405990 FUN_00407da0 FUN_004094c0 FUN_00416cd0 FUN_004171b0 FUN_004176e0 FUN_0041bb50 FUN_00443e60 FUN_004443c0 FUN_004546a0 FUN_004546f0 FUN_004588f0 FUN_00476060 FUN_00476d20 FUN_00478580 FUN_00488be0 FUN_0048af10 FUN_0048dc71 FUN_0048dca1 _memset"
00443dc0,FUN_00443dc0,147,1,"FUN_00473390 FUN_004a9299"
00443e60,FUN_00443e60,1374,1,"FUN_00401180 FUN_00401230 FUN_00401530 FUN_00402b30 FUN_00407420 FUN_00407f10 FUN_00423980 FUN_0042aa30 FUN_0042ab40 FUN_0042d7d0 FUN_0043a8b0 FUN_00442480 FUN_004546a0 FUN_0045abb0 FUN_0045d5e0 FUN_00462ea0 FUN_00478580 FUN_00488be0 FUN_00488da0 FUN_0048dc71 _memset"
004443c0,FUN_004443c0,656,1,"FUN_00407f10 FUN_00423980 FUN_0042aa30 FUN_0042ab40 FUN_0042d7d0 FUN_0043a8b0 FUN_00442480 FUN_0045abb0 FUN_0045d5e0 FUN_00462ea0 FUN_00477a50 FUN_00488be0 FUN_00488da0 _memset"
00444650,FUN_00444650,1800,0,"EnterCriticalSection FUN_00407420 FUN_00412fe0 FUN_00416cd0 FUN_00418de0 FUN_00442450 FUN_00443dc0 FUN_004588f0 FUN_00458bd0 FUN_0046e490 FUN_00478580 FUN_00488350 FUN_00489320 LeaveCriticalSection"
00444d80,FUN_00444d80,76,1,""
00444dd0,FUN_00444dd0,138,1,"_memset"
00444f10,FUN_00444f10,415,0,"FUN_00401180 FUN_00401230 FUN_00401530 FUN_00454860 FUN_0048dc71 _memset"
004450b0,FUN_004450b0,259,1,"EnterCriticalSection FUN_004015a0 FUN_00486fc0 FUN_0048dca1 LeaveCriticalSection"
004451c0,FUN_004451c0,1200,1,"FUN_004029e0 FUN_00405d10 FUN_00409670 FUN_00416ba0 FUN_0041b310 FUN_00454860 FUN_00476be0 FUN_004860c0 FUN_00488be0 FUN_00488c60 FUN_00489030 FUN_00491a3f"
004456b0,FUN_004456b0,333,1,"_memset"
00445800,FUN_00445800,23,1,"FUN_0041b6f0"
00445820,FUN_00445820,244,0,"FUN_00401180 FUN_00401230 FUN_00401530 FUN_0042aa30 FUN_0048dc71 _memset `eh_vector_constructor_iterator'"
00445920,FUN_00445920,344,1,"EnterCriticalSection FUN_004015a0 FUN_0048dca1 LeaveCriticalSection `eh_vector_destructor_iterator'"
00445a80,FUN_00445a80,3503,1,"FUN_00402810 FUN_00405bf0 FUN_00407420 FUN_00411460 FUN_00441f10 FUN_004420e0 FUN_00446870 FUN_00446b00 FUN_004472b0 FUN_00447430 FUN_004573f0 FUN_00457570 FUN_00457690 FUN_0045d5e0 FUN_004645f0 FUN_00476be0 FUN_00476c70 FUN_00478580 FUN_00488b40 FUN_00488cf0 FUN_004a94a0"
00446870,FUN_00446870,636,1,"FUN_004573f0 FUN_0045d5e0 FUN_004645f0 FUN_00476c70"
00446b00,FUN_00446b00,574,1,"FUN_004645f0"
00446d60,FUN_00446d60,345,2,"FUN_00481210"
00446f40,FUN_00446f40,873,7,"FUN_00404f20 FUN_00405d10 FUN_00409310 FUN_0041f920 FUN_004472b0 FUN_00447430 FUN_00488f70 FUN_004892f0"
004472b0,FUN_004472b0,383,1,"EnterCriticalSection FUN_00407420 FUN_00413180 FUN_00476be0 FUN_00478580 FUN_00488350 FUN_00489320 LeaveCriticalSection"
00447430,FUN_00447430,32,3,""
00447450,FUN_00447450,75,2,""
004474a0,FUN_004474a0,385,1,"FUN_00401180 FUN_00401230 FUN_00401530 FUN_0048dc71 _memset"
00447630,FUN_00447630,202,1,"EnterCriticalSection FUN_004015a0 FUN_004561e0 FUN_0048dca1 LeaveCriticalSection"
00447700,FUN_00447700,1216,1,"FUN_004019f0 FUN_004029e0 FUN_00405d10 FUN_00416ba0 FUN_00447450 FUN_00447630 FUN_00447be0 FUN_00476be0"
00447be0,FUN_00447be0,264,3,"FUN_00476be0"
00447cf0,FUN_00447cf0,677,1,"FUN_00419cb0 FUN_0041b1c0 FUN_0041b310"
00447fc0,FUN_00447fc0,3,0,""
00447fd0,FUN_00447fd0,3,0,""
00447fe0,FUN_00447fe0,3,0,""
00447ff0,FUN_00447ff0,5,0,""
00448000,FUN_00448000,3,0,""
00448010,FUN_00448010,3,0,""
00448020,FUN_00448020,25,1,""
00448040,FUN_00448040,5,0,""
00448050,FUN_00448050,5,0,""
00448060,FUN_00448060,5,0,""
00448070,FUN_00448070,5,0,""
00448080,FUN_00448080,5,0,""
00448090,FUN_00448090,5,0,""
004480a0,FUN_004480a0,5,0,""
004480b0,FUN_004480b0,3,0,""
004480c0,FUN_004480c0,3,0,""
004480d0,FUN_004480d0,3,0,""
004480e0,FUN_004480e0,3,0,""
004480f0,FUN_004480f0,3,0,""
00448100,FUN_00448100,3,0,""
00448110,FUN_00448110,3,0,""
00448120,FUN_00448120,3,0,""
00448130,FUN_00448130,3,0,""
00448140,FUN_00448140,3,0,""
00448150,FUN_00448150,3,0,""
00448160,FUN_00448160,3,0,""
00448170,FUN_00448170,103,1,"_memset"
004481e0,FUN_004481e0,39,2,"FUN_0048dca1"
00448210,FUN_00448210,5,0,""
00448220,FUN_00448220,84,3,"FUN_00452c90"
00448280,FUN_00448280,56,1,"FUN_004482c0 FUN_0048dc71 FUN_004914c0"
004482c0,FUN_004482c0,490,1,"FUN_00448170 _memset"
004484b0,FUN_004484b0,72,2,"FUN_0041b6f0 FUN_0048dca1"
00448500,FUN_00448500,84,3,"FUN_00452c90"
00448560,FUN_00448560,5,0,""
00448570,FUN_00448570,84,3,"FUN_00452c90"
004485d0,FUN_004485d0,84,3,"FUN_00452c90"
00448630,FUN_00448630,25,2,""
00448650,FUN_00448650,260,1,"EnterCriticalSection FUN_004015a0 FUN_00442480 FUN_0048dca1 LeaveCriticalSection"
00448760,FUN_00448760,260,1,""
00448870,FUN_00448870,111,1,"FUN_00448760"
00448920,FUN_00448920,1306,2,"FUN_00448170 FUN_004482c0 FUN_0044c870 FUN_0044ed70 FUN_004527d0 FUN_0048dc71 _memset"
00448e50,FUN_00448e50,61,2,"FUN_0041b6f0 FUN_0048dca1"
00448e90,FUN_00448e90,50,2,"FUN_0041b6f0 FUN_0048dca1"
00448ed0,FUN_00448ed0,61,2,"FUN_0041b6f0 FUN_0048dca1"
00448f10,FUN_00448f10,143,4,""
00448fa0,FUN_00448fa0,107,0,""
00449010,FUN_00449010,119,3,""
00449090,FUN_00449090,55,1,""
004490d0,FUN_004490d0,987,2,"FUN_00407420 FUN_0041b430 FUN_00452c90 FUN_00476c70 FUN_00477d60 FUN_00478580"
004494f0,FUN_004494f0,2270,1,"FUN_00407420 FUN_00427810 FUN_00452c90 FUN_00476be0 FUN_00476c70 FUN_00478580 FUN_004a94a0 __security_check_cookie _memset"
00449e00,FUN_00449e00,994,1,"FUN_004028f0 FUN_004038a0 FUN_00448920 FUN_00452c90 FUN_00476be0"
0044a1f0,FUN_0044a1f0,384,1,"FUN_00452c90 FUN_00476be0"
0044a370,FUN_0044a370,369,1,"FUN_004a94a0"
0044a4f0,FUN_0044a4f0,1114,1,"FUN_00409750 FUN_00452c90 FUN_00478580"
0044a950,FUN_0044a950,518,2,"FUN_004028f0 FUN_00403bc0 FUN_00405990 FUN_00452c90 FUN_0045cea0 FUN_0045e160 __security_check_cookie"
0044ab60,FUN_0044ab60,295,1,"FUN_00452c90 FUN_00481210"
0044ac90,FUN_0044ac90,3,0,""
0044aca0,FUN_0044aca0,2306,6,"EnterCriticalSection FUN_00404df0 FUN_00404e10 FUN_00407420 FUN_00422d00 FUN_004290e0 FUN_004482c0 FUN_00452c90 FUN_00478580 FUN_00488350 FUN_00489320 FUN_0048dc71 LeaveCriticalSection __security_check_cookie _memset"
0044b5b0,FUN_0044b5b0,1858,7,"FUN_00404df0 FUN_00404e10 FUN_00452c90 FUN_00488b40 __security_check_cookie"
0044bd00,FUN_0044bd00,1818,5,"EnterCriticalSection FUN_00407420 FUN_004290e0 FUN_004482c0 FUN_00452c90 FUN_00478580 FUN_00488350 FUN_00489320 FUN_0048dc71 LeaveCriticalSection __security_check_cookie _memset"
0044c420,FUN_0044c420,870,3,"EnterCriticalSection FUN_00407420 FUN_004290e0 FUN_00452c90 FUN_00478580 FUN_00488350 FUN_00489320 LeaveCriticalSection"
0044c790,FUN_0044c790,223,3,"FUN_00404df0 FUN_00404e10"
0044c870,FUN_0044c870,610,2,"FUN_00407420 FUN_0041b430 FUN_00452c90 FUN_00476c70 FUN_00477d60 FUN_00478580"
0044cae0,FUN_0044cae0,906,1,"FUN_00405d10 FUN_00409750 FUN_004237f0 FUN_00452c90 FUN_00478580"
0044ce80,FUN_0044ce80,400,2,"FUN_004028f0 FUN_00403bc0 FUN_00405990 FUN_0045cea0 FUN_0045e160 __security_check_cookie"
0044d010,FUN_0044d010,208,1,"FUN_00481210"
0044d0e0,FUN_0044d0e0,3,0,""
0044d0f0,FUN_0044d0f0,2226,6,"EnterCriticalSection FUN_00404df0 FUN_00404e10 FUN_00407420 FUN_00422d00 FUN_004290e0 FUN_004482c0 FUN_00452c90 FUN_00478580 FUN_00488350 FUN_00489320 FUN_0048dc71 LeaveCriticalSection __security_check_cookie _memset"
0044d9b0,FUN_0044d9b0,1691,7,"FUN_00404df0 FUN_00404e10 FUN_00452c90 FUN_00488b40 __security_check_cookie"
0044e050,FUN_0044e050,1981,5,"EnterCriticalSection FUN_00407420 FUN_004290e0 FUN_004482c0 FUN_00452c90 FUN_00478580 FUN_00488350 FUN_00489320 FUN_0048dc71 LeaveCriticalSection __security_check_cookie _memset"
0044e810,FUN_0044e810,969,3,"EnterCriticalSection FUN_00407420 FUN_004290e0 FUN_00452c90 FUN_00478580 FUN_00488350 FUN_00489320 LeaveCriticalSection"
0044ebe0,FUN_0044ebe0,223,3,"FUN_00404df0 FUN_00404e10"
0044ecc0,FUN_0044ecc0,174,1,""
0044ed70,FUN_0044ed70,1644,2,"FUN_00407420 FUN_0041b430 FUN_0044fb10 FUN_0044ff80 FUN_00452c90 FUN_00476c70 FUN_00477d60 FUN_00478580 FUN_0048dc71 FUN_00491a34"
0044f3e0,FUN_0044f3e0,98,1,"FUN_0048dca1 FUN_00491a3f"
0044f450,FUN_0044f450,1220,1,"FUN_0044fb10 FUN_0044ff80 FUN_00452c90 FUN_00478580"
0044f920,FUN_0044f920,494,2,"FUN_00452c90 FUN_0045cea0 FUN_0045e160 __security_check_cookie"
0044fb10,FUN_0044fb10,1136,5,"FUN_00452c90 FUN_004a94a0 FUN_004aa3e0 __libm_sse2_sqrt_precise"
0044ff80,FUN_0044ff80,954,8,"FUN_00452c90 FUN_004a94a0 FUN_004aa3e0 __libm_sse2_sqrt_precise"
00450340,FUN_00450340,1365,1,"FUN_00452c90 FUN_00480f70 FUN_00481210"
004508a0,FUN_004508a0,2495,1,"FUN_00407420 FUN_00427810 FUN_0044fb10 FUN_00452c90 FUN_00476c70 FUN_00478580 FUN_0048dc71 FUN_004a94a0 __security_check_cookie _memset"
00451290,FUN_00451290,384,1,"FUN_00452c90 FUN_00476be0"
00451410,FUN_00451410,321,1,"FUN_00452c90"
00451560,FUN_00451560,369,1,"FUN_004a94a0"
004516e0,FUN_004516e0,151,1,""
00451780,FUN_00451780,1342,6,"EnterCriticalSection FUN_00404df0 FUN_00404e10 FUN_00407420 FUN_00422d00 FUN_004290e0 FUN_00448920 FUN_00478580 FUN_00488350 FUN_00489320 FUN_00491a34 FUN_00491a3f LeaveCriticalSection __security_check_cookie _memset"
00451cc0,FUN_00451cc0,1251,7,"FUN_00404df0 FUN_00404e10 FUN_00488b40"
004521b0,FUN_004521b0,985,5,"EnterCriticalSection FUN_00407420 FUN_004290e0 FUN_00478580 FUN_00488350 FUN_00489320 LeaveCriticalSection __security_check_cookie _memset"
00452590,FUN_00452590,307,3,"EnterCriticalSection FUN_00407420 FUN_00478580 FUN_00488350 FUN_00489320 LeaveCriticalSection"
004526d0,FUN_004526d0,223,3,"FUN_00404df0 FUN_00404e10"
004527d0,FUN_004527d0,916,2,"_memset"
00452b70,FUN_00452b70,3,0,""
00452b80,FUN_00452b80,3,0,""
00452b90,FUN_00452b90,3,0,""
00452ba0,FUN_00452ba0,5,0,""
00452bb0,FUN_00452bb0,27,3,""
00452bd0,FUN_00452bd0,5,0,""
00452be0,FUN_00452be0,3,0,""
00452bf0,FUN_00452bf0,149,2,""
00452c90,FUN_00452c90,32,3,""
00452cb0,FUN_00452cb0,719,0,"CreateEventA CreateThread FUN_00402060 FUN_00402220 FUN_00402530 FUN_00402b30 FUN_004082b0 FUN_00419390 FUN_0042ac70 FUN_004637d0 FUN_0046e230 FUN_00476320 FUN_00476b40 FUN_00486880 FUN_004895a0 __beginthreadex"
00452f80,FUN_00452f80,543,1,"EnterCriticalSection FUN_004015a0 FUN_00402b30 FUN_004084c0 FUN_00413510 FUN_00419690 FUN_0041b6f0 FUN_0042add0 FUN_0046e6b0 FUN_00486fc0 FUN_0048dca1 FUN_00491a3f LeaveCriticalSection"
004531b0,FUN_004531b0,460,0,"CloseHandle FUN_00401180 FUN_00401230 FUN_00401530 FUN_0048dc71 Sleep WaitForSingleObject __beginthreadex _memset"
00453380,FUN_00453380,108,1,"FUN_00455ec0"
004533f0,FUN_004533f0,103,1,"FUN_00405bf0 FUN_0042cb90"
00453460,FUN_00453460,472,1,"FUN_00401c50 FUN_00455040 FUN_00476d20 FUN_00486920 FUN_00486fc0 FUN_0048a5a0"
00453640,FUN_00453640,1061,0,"CreateThread FUN_00401180 FUN_00401230 FUN_00401530 FUN_00402060 FUN_00402600 FUN_0041b310 FUN_00454b20 FUN_00454f50 FUN_0046eb80 FUN_004704c0 FUN_00485110 FUN_0048dc71 __security_check_cookie _memset timeGetTime"
00453a70,FUN_00453a70,512,1,"DeleteObject FUN_00402b30 FUN_0041b6f0 FUN_0043a2d0 FUN_00453c70 FUN_0046ec50 FUN_0046fe00 FUN_00475310 FUN_00476d20 FUN_00477a50 FUN_0048dca1 FUN_00491a3f"
00453c70,FUN_00453c70,315,0,"FUN_004084c0 FUN_00413950 FUN_00417880 FUN_00419090 FUN_0042add0 FUN_0042b8b0 FUN_004432c0 FUN_004450b0 FUN_00447630 FUN_00452f80 FUN_00456390 FUN_00456a90 FUN_00461ad0 FUN_00464d20 FUN_0048dca1"
00453db0,FUN_00453db0,389,0,"FUN_00401180 FUN_00401230 FUN_00401530"
00453f40,FUN_00453f40,589,1,"FUN_00402530 FUN_00402b30 FUN_00402bb0 FUN_00404f60 FUN_00404f90 FUN_004562a0 FUN_004914c0 FUN_00491a34 _memset"
00454190,FUN_00454190,520,0,"CloseHandle FUN_004023e0 FUN_00491a3f LeaveCriticalSection WriteFile"
004543a0,FUN_004543a0,628,1,"FUN_00402060 FUN_004022a0 FUN_00402530 FUN_00402600 FUN_00444dd0 FUN_00491a3f FUN_00494047"
00454620,FUN_00454620,124,2,"FUN_00477a50 __security_check_cookie"
004546a0,FUN_004546a0,73,2,"FUN_00477a50"
004546f0,FUN_004546f0,35,0,"FUN_00477a50"
00454720,FUN_00454720,59,0,"FUN_00477a50"
00454760,FUN_00454760,55,1,"FUN_0047e730"
004547a0,FUN_004547a0,55,1,"FUN_0047e730"
004547e0,FUN_004547e0,55,1,"FUN_0047e730"
00454820,FUN_00454820,55,1,"FUN_0047e730"
00454860,FUN_00454860,126,1,"EnterCriticalSection FUN_00402b30 LeaveCriticalSection __beginthreadex"
004548e0,FUN_004548e0,106,1,"FUN_0047e730"
00454950,FUN_00454950,457,1,"D3DXMatrixLookAtLH D3DXMatrixPerspectiveFovLH FUN_00456240 __security_check_cookie"
00454b20,FUN_00454b20,1059,1,"FUN_00454950"
00454f50,FUN_00454f50,235,0,""
00455040,FUN_00455040,765,1,"EnterCriticalSection FUN_00404f60 FUN_00407da0 FUN_0042bab0 FUN_0042bb10 FUN_004437b0 FUN_00443830 FUN_004531b0 FUN_00453c70 FUN_00464cb0 FUN_00464d20 LeaveCriticalSection"
004553b0,FUN_004553b0,379,1,"FUN_0041b330 __security_check_cookie"
00455610,FUN_00455610,905,0,"FUN_0047e730 __security_check_cookie"
00455a70,FUN_00455a70,153,0,"FUN_0047e730 __security_check_cookie"
00455bc0,FUN_00455bc0,202,0,"FUN_0047e730 __security_check_cookie"
00455d80,FUN_00455d80,314,2,"FUN_00405bf0 FUN_00491a34"
00455ec0,FUN_00455ec0,693,1,"FUN_00407420 FUN_00478580"
00456180,FUN_00456180,89,0,""
004561e0,FUN_004561e0,90,0,"FUN_004022a0 FUN_00402600 FUN_00494047"
00456240,FUN_00456240,23,1,"FUN_004aa170"
00456260,FUN_00456260,6,0,""
00456270,FUN_00456270,37,2,"FUN_00456260 ___stdio_common_vsscanf"
004562a0,FUN_004562a0,3,0,""
00456390,FUN_00456390,272,1,"EnterCriticalSection FUN_004015a0 FUN_00486fc0 FUN_0048dca1 LeaveCriticalSection"
004564b0,FUN_004564b0,816,1,"FUN_004029e0 FUN_00405bf0 FUN_00405d10 FUN_00416a10 FUN_00416ba0 FUN_0041b310 FUN_00454860 FUN_00476be0 FUN_004860c0 FUN_00488be0 FUN_00489030 FUN_00491a3f"
00456830,FUN_00456830,75,2,""
00456880,FUN_00456880,525,1,"FUN_00401180 FUN_00401230 FUN_00401530 FUN_0048dc71 _memset"
00456a90,FUN_00456a90,202,1,"EnterCriticalSection FUN_004015a0 FUN_004561e0 FUN_0048dca1 LeaveCriticalSection"
00456b60,FUN_00456b60,1258,1,"FUN_004029e0 FUN_00405d10 FUN_00409750 FUN_00416b70 FUN_00416ba0 FUN_004210a0 FUN_004474a0 FUN_00456830 FUN_00456a90 FUN_00457100 FUN_00476060 FUN_00476be0"
00457100,FUN_00457100,130,0,"FUN_00477a50"
004571a0,FUN_004571a0,556,1,"FUN_00419cb0 FUN_0041b1c0"
004573f0,FUN_004573f0,144,2,"FUN_00405bf0 FUN_00488cf0"
00457480,FUN_00457480,69,2,""
004574d0,FUN_004574d0,73,1,"FUN_004420e0"
00457520,FUN_00457520,80,2,"FUN_004420e0"
00457570,FUN_00457570,117,1,"FUN_00441f10 FUN_004575f0"
004575f0,FUN_004575f0,157,1,"FUN_00405bf0 FUN_00441f10 FUN_00476be0 FUN_00488cf0"
00457690,FUN_00457690,75,1,"FUN_004420e0 FUN_00476be0"
004576e0,FUN_004576e0,91,1,"FUN_004420e0 FUN_00457690"
00457740,FUN_00457740,130,2,""
004577d0,FUN_004577d0,57,2,""
00457810,FUN_00457810,88,0,"FUN_00488f20"
00457870,FUN_00457870,235,1,"FID_conflict:__time64"
00457960,FUN_00457960,247,1,"EnterCriticalSection FUN_004015a0 FUN_00461ad0 FUN_0048dca1 LeaveCriticalSection"
00457a60,FUN_00457a60,383,1,"FUN_00409910 FUN_00458680 FUN_00458e40"
00457bf0,FUN_00457bf0,394,2,"FUN_00419cb0"
00457d80,FUN_00457d80,199,3,"FID_conflict:common_gmtime<long> FUN_00419cb0"
00457e50,FUN_00457e50,377,1,"FID_conflict:common_gmtime<long> FUN_00419cb0"
00457fd0,FUN_00457fd0,187,1,"FUN_00457bf0 FUN_00457d80"
00458090,FUN_00458090,992,1,"FID_conflict:common_gmtime<long> FUN_00419cb0 FUN_00457bf0 FUN_00457e50 FUN_00457fd0 FUN_00488b40 FUN_004890b0"
00458480,FUN_00458480,502,1,"FUN_00416a10 FUN_00487580 FUN_00488cf0 __security_check_cookie"
00458680,FUN_00458680,624,1,"FUN_004132b0 FUN_00416a10 FUN_004412b0 FUN_00443dc0 FUN_00444d80 FUN_00457740 FUN_00457810 FUN_00458480 FUN_00476be0 FUN_00476d20 FUN_00477a50 FUN_00488b40 FUN_00488be0 FUN_00488cf0 FUN_00488d50 FUN_00488f20"
004588f0,FUN_004588f0,306,0,"FUN_00416a10 FUN_004412b0 FUN_00442330 FUN_00444d80 FUN_00457740 FUN_00457810 FUN_00458480 FUN_00477a50 FUN_00488be0 FUN_00488cf0"
00458a30,FUN_00458a30,415,0,"FUN_00443dc0 FUN_00444d80 FUN_00454620 FUN_00457740 FUN_00458480 FUN_00476be0 FUN_00476d20 FUN_00477a50 FUN_0048ae50"
00458bd0,FUN_00458bd0,615,0,"FUN_00416a10 FUN_004412b0 FUN_00442330 FUN_00443dc0 FUN_00457740 FUN_00488b40"
00458e40,FUN_00458e40,5615,1,"FID_conflict:__time64 FUN_00402940 FUN_00402990 FUN_004029e0 FUN_00405d10 FUN_00412fa0 FUN_00413810 FUN_00416a10 FUN_00416b70 FUN_00416ba0 FUN_0041b2d0 FUN_0041b310 FUN_004414c0 FUN_00441f10 FUN_004420e0 FUN_00442370 FUN_00444f10 FUN_004450b0 FUN_00456880 FUN_004573f0 FUN_00457520 FUN_00457740 FUN_004577d0 FUN_00457870 FUN_0045a4a0 FUN_0045a4d0 FUN_0045d5e0 FUN_00461ad0 FUN_00461cf0 FUN_00461e40 FUN_00461e90 FUN_00473390 FUN_00476be0 FUN_00476d20 FUN_00477a50 FUN_00488b40 FUN_00488be0 FUN_00488c60 FUN_00488cf0 FUN_00488e70 FUN_00488eb0 FUN_00488ef0 FUN_00489140 FUN_0048af10 FUN_0048dca1 __security_check_cookie"
0045a4a0,FUN_0045a4a0,47,0,""
0045a4d0,FUN_0045a4d0,121,2,""
0045a550,FUN_0045a550,67,2,""
0045a5a0,FUN_0045a5a0,89,1,"FUN_0045a600"
0045a600,FUN_0045a600,84,1,""
0045a660,FUN_0045a660,36,1,""
0045a690,FUN_0045a690,262,1,""
0045a7a0,FUN_0045a7a0,1039,1,"FUN_00401180 FUN_00401230 FUN_00401530 FUN_00402060 FUN_00402530 FUN_00407420 FUN_0045a600 FUN_00478580 FUN_00486880"
0045abb0,FUN_0045abb0,867,0,"FUN_00416d50 FUN_00441f10 FUN_0045d5e0 FUN_00488cf0 _memset"
0045af20,FUN_0045af20,246,0,"FUN_0045a690 FUN_0045a7a0 FUN_0045b020 FUN_0048dc71 _memset"
0045b020,FUN_0045b020,331,1,"EnterCriticalSection FUN_004015a0 FUN_0041b6f0 FUN_00486fc0 FUN_00488da0 FUN_0048dca1 FUN_00491a3f LeaveCriticalSection"
0045b170,FUN_0045b170,2839,1,"EnterCriticalSection FUN_00405bf0 FUN_00407420 FUN_00409a60 FUN_00416cd0 FUN_00416d50 FUN_0045a600 FUN_0045a660 FUN_0045bc90 FUN_00476be0 FUN_00478580 FUN_00488350 FUN_00488b40 FUN_00488be0 FUN_00489320 LeaveCriticalSection"
0045bc90,FUN_0045bc90,505,3,"FUN_00488b40 FUN_00488be0"
0045be90,FUN_0045be90,3067,1,"FUN_00402bf0 FUN_00402cc0 FUN_00405990 FUN_00408b00 FUN_0041f640 FUN_00420360 FUN_00420420 FUN_00429250 FUN_00429370 FUN_00446f40 FUN_00449010 FUN_00449090 FUN_00457480 FUN_00458a30 FUN_0045a5a0 FUN_0045a600 FUN_0045b170 FUN_0045cb20 FUN_0045d090 FUN_0045d590 FUN_0045d5e0 FUN_0045de40 FUN_0045ea00 FUN_0045edb0 FUN_00476be0 FUN_00478580 __security_check_cookie"
0045cb20,FUN_0045cb20,117,2,"FUN_004a94a0"
0045cba0,FUN_0045cba0,123,1,"FUN_004a94a0"
0045cc20,FUN_0045cc20,359,3,"FUN_0045d3a0"
0045cd90,FUN_0045cd90,257,2,"FUN_0045d3a0"
0045cea0,FUN_0045cea0,495,4,"FUN_00404df0 FUN_00404e10 FUN_0045d3a0"
0045d090,FUN_0045d090,777,1,"EnterCriticalSection FUN_00407420 FUN_00422d00 FUN_00441f10 FUN_004420e0 FUN_00478580 FUN_00488350 FUN_00488be0 FUN_00489320 LeaveCriticalSection"
0045d3a0,FUN_0045d3a0,485,1,"EnterCriticalSection FUN_00407420 FUN_00476be0 FUN_00478580 FUN_00488350 FUN_00489320 LeaveCriticalSection"
0045d590,FUN_0045d590,70,1,""
0045d5e0,FUN_0045d5e0,1838,1,"EnterCriticalSection FUN_00407420 FUN_0045a600 FUN_00478580 FUN_00488350 FUN_00488400 FUN_00488b40 FUN_00488be0 FUN_00488d50 FUN_00489320 LeaveCriticalSection"
0045dd10,FUN_0045dd10,199,1,"FUN_0045e300"
0045de40,FUN_0045de40,345,4,"_memset"
0045dfa0,FUN_0045dfa0,440,4,"_memset"
0045e160,FUN_0045e160,307,1,"EnterCriticalSection FUN_00407420 FUN_00476c70 FUN_00478580 FUN_00488350 FUN_00489320 LeaveCriticalSection"
0045e2a0,FUN_0045e2a0,95,3,""
0045e300,FUN_0045e300,32,3,""
0045e320,FUN_0045e320,1546,5,"EnterCriticalSection FUN_00402810 FUN_00402bf0 FUN_00407420 FUN_0045dfa0 FUN_00476c70 FUN_00478580 FUN_00488350 FUN_00488b40 FUN_00488cf0 FUN_00489320 LeaveCriticalSection _memset"
0045e930,FUN_0045e930,208,5,"FUN_0045e320"
0045ea00,FUN_0045ea00,930,1,"FUN_00404d10 FUN_00405990 FUN_00452bf0 FUN_0045a550 FUN_0045e930"
0045edb0,FUN_0045edb0,827,1,"FUN_00402bf0 FUN_00402cc0 FUN_00409a30 FUN_00481d20 FUN_00488b40 FUN_00488cf0 __security_check_cookie"
0045f0f0,FUN_0045f0f0,1454,7,"FUN_00404440 FUN_00404df0 FUN_00404e10 __security_check_cookie"
0045f6a0,FUN_0045f6a0,77,4,"FUN_0045f6f0"
0045f6f0,FUN_0045f6f0,186,1,"FUN_00488b40"
0045f7c0,FUN_0045f7c0,516,1,"FUN_00404bc0 FUN_004225a0 FUN_00438cb0 FUN_004a94a0"
0045f9d0,FUN_0045f9d0,583,1,"EnterCriticalSection FUN_00402740 FUN_00402810 FUN_00407420 FUN_0045f6f0 FUN_00478580 FUN_00488350 FUN_00489320 LeaveCriticalSection"
0045fc80,FUN_0045fc80,1696,1,"FUN_004615c0 FUN_00488b40 FUN_00488be0"
00460320,FUN_00460320,1657,5,"EnterCriticalSection FUN_00403f30 FUN_00404080 FUN_00407420 FUN_00422d00 FUN_00429ad0 FUN_004615c0 FUN_00478580 FUN_00488350 FUN_00488be0 FUN_00489320 FUN_004a94a0 LeaveCriticalSection __libm_sse2_sqrt_precise __security_check_cookie"
00460b60,FUN_00460b60,325,1,""
00460db0,FUN_00460db0,381,1,"FUN_00405990 FUN_00405d10 FUN_004225a0 FUN_00488be0"
00460f30,FUN_00460f30,333,1,"EnterCriticalSection FUN_00402810 FUN_00407420 FUN_0045f6f0 FUN_00478580 FUN_00488350 FUN_00489320 LeaveCriticalSection"
00461080,FUN_00461080,585,1,"EnterCriticalSection FUN_00402740 FUN_00402810 FUN_00407420 FUN_0045f6f0 FUN_004614b0 FUN_00478580 FUN_00488350 FUN_00489320 LeaveCriticalSection"
00461330,FUN_00461330,125,1,"FUN_00402850"
004613b0,FUN_004613b0,246,1,"FUN_00402810 FUN_004a94a0"
004614b0,FUN_004614b0,128,5,""
00461530,FUN_00461530,12,1,""
00461540,FUN_00461540,92,2,""
004615a0,FUN_004615a0,31,2,"FUN_00402740"
004615c0,FUN_004615c0,32,3,""
004615e0,FUN_004615e0,1259,3,"FUN_00401180 FUN_00401230 FUN_00401530 FUN_00417a60 FUN_00444dd0 FUN_00462680 FUN_004630e0 FUN_00463180 FUN_0048dc71 _memset"
00461ad0,FUN_00461ad0,527,1,"EnterCriticalSection FUN_004015a0 FUN_0048dca1 LeaveCriticalSection `eh_vector_destructor_iterator'"
00461cf0,FUN_00461cf0,191,1,"FUN_00461ad0 FUN_00462680 FUN_0048dc71 FUN_0048dca1 _memset `eh_vector_constructor_iterator'"
00461db0,FUN_00461db0,139,1,"FUN_0048af10"
00461e40,FUN_00461e40,78,1,"FID_conflict:__time64"
00461e90,FUN_00461e90,2032,4,"CloseHandle FID_conflict:common_gmtime<long> FUN_00401f50 FUN_004023e0 FUN_0041b310 FUN_004630e0 FUN_0046f5b0 FUN_004914c0 FUN_00491a34 FUN_00491a3f FUN_00494047 LeaveCriticalSection WriteFile __security_check_cookie _memset"
00462680,FUN_00462680,691,2,"CreateFileA EnterCriticalSection FUN_00401e40 FUN_00402060 FUN_00402220 FUN_004024a0 FUN_00402500 FUN_00404e80 FUN_0041b310 FUN_0046f840 FUN_00491a34 FUN_00491a3f FUN_00494047 FormatMessageA GetLastError LeaveCriticalSection LocalFree __alloca_probe __security_check_cookie"
00462c50,FUN_00462c50,193,1,"FUN_00419cb0"
00462d20,FUN_00462d20,369,0,"FUN_00407da0 FUN_00408b00 FUN_00408ba0 FUN_00411460 FUN_00418c70 FUN_00418ce0 FUN_004630e0 FUN_00463180"
00462ea0,FUN_00462ea0,447,0,"FUN_00417a60 FUN_00418ce0 FUN_0045a600 FUN_0045d5e0 FUN_004630e0 FUN_00463180"
00463060,FUN_00463060,78,4,""
004630b0,FUN_004630b0,41,2,""
004630e0,FUN_004630e0,160,2,"FUN_0048dc71 _memset"
00463180,FUN_00463180,111,2,"FUN_0048dca1"
00463250,FUN_00463250,254,2,""
00463350,FUN_00463350,800,1,"_memset"
00463670,FUN_00463670,340,1,"EnterCriticalSection LeaveCriticalSection _memset"
004637d0,FUN_004637d0,477,0,"FUN_00402060 FUN_00463350 FUN_00463670 FUN_004639b0 FUN_0048dc71 FUN_004914c0 FUN_00494047 _memset"
004639b0,FUN_004639b0,374,1,"FUN_00401e40 FUN_00463250 FUN_0046f840 FUN_004914c0 FUN_00491a34 FUN_00491a3f"
00463b30,FUN_00463b30,667,2,"CloseHandle FUN_00401f50 FUN_004023e0 FUN_00402600 FUN_00463250 FUN_0046f5b0 FUN_004914c0 FUN_00491a34 FUN_00491a3f FUN_00494047 LeaveCriticalSection WriteFile"
00463dd0,FUN_00463dd0,376,0,"FUN_00401180 FUN_00401230 FUN_00401530 FUN_0041b430 FUN_00477b00 FUN_0048dc71 _memset"
00463f50,FUN_00463f50,205,1,"EnterCriticalSection FUN_004015a0 FUN_0041b6f0 FUN_0048dca1 LeaveCriticalSection"
00464020,FUN_00464020,342,1,""
00464180,FUN_00464180,1102,1,"FUN_00419cb0 FUN_0047dce0 FUN_0047e730 FUN_0047e8f0"
004645f0,FUN_004645f0,219,3,""
004646d0,FUN_004646d0,6,0,""
004646e0,FUN_004646e0,85,2,""
00464740,FUN_00464740,72,2,""
00464790,FUN_00464790,34,4,"FUN_00489140"
004647c0,FUN_004647c0,65,2,""
00464810,FUN_00464810,71,1,""
00464860,FUN_00464860,182,0,"_memset"
00464920,FUN_00464920,76,0,"FUN_00488be0"
00464970,FUN_00464970,516,1,"_memset"
00464cb0,FUN_00464cb0,110,0,"FUN_00402b30 FUN_00464970 FUN_0048dc71 __beginthreadex"
00464d20,FUN_00464d20,412,0,"EnterCriticalSection FUN_004015a0 FUN_00402b30 FUN_00461ad0 FUN_00475380 FUN_00486fc0 FUN_00488be0 FUN_0048dca1 FUN_00491a3f LeaveCriticalSection"
00464ed0,FUN_00464ed0,2349,1,"FUN_00402940 FUN_00405bf0 FUN_00413810 FUN_00416ba0 FUN_0042b8b0 FUN_0042cb60 FUN_00444f10 FUN_004450b0 FUN_00454620 FUN_004546f0 FUN_00456880 FUN_00461ad0 FUN_00461cf0 FUN_004630b0 FUN_004646e0 FUN_00465aa0 FUN_00466280 FUN_00466740 FUN_00467320 FUN_00467b10 FUN_004686e0 FUN_00468b10 FUN_00469c80 FUN_0046a5d0 FUN_0046aff0 FUN_0046bca0 FUN_0046c1d0 FUN_0046cd50 FUN_0046d320 FUN_00476060 FUN_00477a50 FUN_00488be0 FUN_00488c60 FUN_00488da0 FUN_0048dca1"
00465870,FUN_00465870,455,1,"FUN_00419cb0 FUN_0041b1c0 FUN_00467790 FUN_00468130 FUN_004698c0 FUN_0046a260 FUN_0046ac00 FUN_0046d0c0 FUN_0046de90"
00465aa0,FUN_00465aa0,1902,1,"FUN_00401180 FUN_00401230 FUN_00401530 FUN_00402940 FUN_004029e0 FUN_00405bf0 FUN_00405d10 FUN_00407da0 FUN_00416b70 FUN_00416ba0 FUN_00454860 FUN_00456390 FUN_0045a4d0 FUN_004630b0 FUN_004646e0 FUN_00464740 FUN_004647c0 FUN_00476be0 FUN_00488b40 FUN_00488be0 FUN_00488c60 FUN_0048dc71 _memset"
00466280,FUN_00466280,1196,1,"FUN_00402940 FUN_00402990 FUN_004029e0 FUN_00405bf0 FUN_00416b70 FUN_00416ba0 FUN_004646e0 FUN_00464740 FUN_00464790 FUN_00464810 FUN_00476be0 FUN_00488be0 FUN_00488c60 FUN_00488eb0 FUN_00489140"
00466740,FUN_00466740,3012,1,"FUN_004029e0 FUN_00405bf0 FUN_00407da0 FUN_00409750 FUN_004134d0 FUN_00413810 FUN_00413950 FUN_00416b70 FUN_00416ba0 FUN_0042b0a0 FUN_0042cb90 FUN_00454720 FUN_0045a4d0 FUN_004646e0 FUN_00464740 FUN_00464790 FUN_004647c0 FUN_00464920 FUN_00476be0 FUN_00488b40 FUN_00488be0 FUN_00488c60 FUN_00488e70 FUN_00488eb0 FUN_00489140"
00467320,FUN_00467320,1032,1,"FUN_00402940 FUN_00402990 FUN_004029e0 FUN_00405bf0 FUN_00409750 FUN_00413950 FUN_00416ba0 FUN_0042b0a0 FUN_0042cb90 FUN_00454720 FUN_004646e0 FUN_00464740 FUN_00467740 FUN_00476be0 FUN_00488be0"
00467740,FUN_00467740,78,1,"_memset"
00467790,FUN_00467790,561,1,"FUN_00419cb0"
004679d0,FUN_004679d0,312,1,"FUN_0041b310 FUN_00461cf0 FUN_00494047 FindClose FindFirstFileA FindNextFileA __security_check_cookie"
00467b10,FUN_00467b10,1539,1,"FUN_00402940 FUN_00402990 FUN_004029e0 FUN_00402bb0 FUN_00405bf0 FUN_00409750 FUN_00416b70 FUN_00416ba0 FUN_0042b0a0 FUN_0042cb90 FUN_00454720 FUN_0045a4d0 FUN_00461ad0 FUN_004630b0 FUN_004646e0 FUN_00464740 FUN_00476be0 FUN_00488b40 FUN_00488be0 FUN_00488c60 FUN_0048dca1 _memset"
00468130,FUN_00468130,1446,1,"FID_conflict:common_gmtime<long> FUN_00419cb0"
004686e0,FUN_004686e0,1041,1,"FUN_00402940 FUN_00402990 FUN_004029e0 FUN_00405bf0 FUN_00416b70 FUN_004646e0 FUN_00464740 FUN_00464790 FUN_00476be0 FUN_00488be0 FUN_00488c60 FUN_004890b0"
00468b10,FUN_00468b10,2429,1,"EnterCriticalSection FUN_00402990 FUN_004029e0 FUN_00405bf0 FUN_00407420 FUN_00416ba0 FUN_00429cb0 FUN_004646e0 FUN_00464740 FUN_00464860 FUN_00467740 FUN_004694a0 FUN_00476be0 FUN_00478580 FUN_00488350 FUN_00488be0 FUN_00488c60 FUN_00489320 LeaveCriticalSection _memset"
004694a0,FUN_004694a0,1043,1,"FUN_004873f0 FUN_00488b40 ___report_rangecheckfailure __security_check_cookie"
004698c0,FUN_004698c0,954,1,"FID_conflict:common_gmtime<long> FUN_00419cb0"
00469c80,FUN_00469c80,1482,1,"FUN_00402990 FUN_004029e0 FUN_00405bf0 FUN_00405d10 FUN_00416b70 FUN_00416ba0 FUN_00454620 FUN_004546a0 FUN_00457870 FUN_00461ad0 FUN_004646e0 FUN_00464740 FUN_00476be0 FUN_00488b40 FUN_00488be0 FUN_00488c60 FUN_0048dca1"
0046a260,FUN_0046a260,871,1,"FID_conflict:common_gmtime<long> FUN_00419cb0"
0046a5d0,FUN_0046a5d0,1556,1,"FUN_00402990 FUN_004029e0 FUN_00405bf0 FUN_00416ba0 FUN_0041b310 FUN_00454620 FUN_004546a0 FUN_00461ad0 FUN_00461cf0 FUN_00461e40 FUN_00461e90 FUN_004646e0 FUN_00464740 FUN_00476be0 FUN_00488b40 FUN_00488be0 FUN_00488c60 FUN_0048dca1 __security_check_cookie _memset"
0046ac00,FUN_0046ac00,1007,1,"FID_conflict:common_gmtime<long> FUN_00419cb0"
0046aff0,FUN_0046aff0,3038,1,"EnterCriticalSection FUN_00402060 FUN_00402990 FUN_004029e0 FUN_00405bf0 FUN_00407420 FUN_00412f20 FUN_00416ba0 FUN_00429ad0 FUN_00454620 FUN_004546a0 FUN_004646e0 FUN_00464740 FUN_0046bbe0 FUN_0046bc30 FUN_00476be0 FUN_00477a50 FUN_00478580 FUN_00487140 FUN_00488350 FUN_00488b40 FUN_00488be0 FUN_00488e30 FUN_00488ef0 FUN_00488f20 FUN_00489320 FUN_00491a3f LeaveCriticalSection"
0046bbe0,FUN_0046bbe0,75,2,""
0046bc30,FUN_0046bc30,112,3,""
0046bca0,FUN_0046bca0,954,1,"FUN_00402940 FUN_00402990 FUN_004029e0 FUN_00405bf0 FUN_00407da0 FUN_00416ba0 FUN_004646e0 FUN_00464740 FUN_0046c070 FUN_00476be0 FUN_00488b40 FUN_00488be0 FUN_00488c60"
0046c070,FUN_0046c070,351,1,"FUN_004029e0 FUN_0046c680 FUN_0046ccd0 FUN_00476be0 FUN_00488c60"
0046c1d0,FUN_0046c1d0,1180,1,"FUN_004029e0 FUN_00405bf0 FUN_00416ba0 FUN_004646e0 FUN_00464740 FUN_0046c070 FUN_0046c680 FUN_00476be0 FUN_00488b40 FUN_00488be0 FUN_00488c60 FUN_00488cf0 __security_check_cookie"
0046c680,FUN_0046c680,1602,4,"EnterCriticalSection FUN_00405bf0 FUN_00407420 FUN_00478580 FUN_00487140 FUN_00488350 FUN_00488b40 FUN_00488be0 FUN_00488c60 FUN_00488d50 FUN_00489320 LeaveCriticalSection ___report_rangecheckfailure __security_check_cookie _memset"
0046ccd0,FUN_0046ccd0,119,2,"FUN_00488b40 FUN_00488be0 FUN_00488c60"
0046cd50,FUN_0046cd50,845,1,"FUN_00402940 FUN_00402990 FUN_004029e0 FUN_00409750 FUN_00416ba0 FUN_0042b0a0 FUN_0042cb90 FUN_00454720 FUN_0045a4d0 FUN_004646e0 FUN_00464740 FUN_0046c070 FUN_0046ccd0 FUN_00476be0 FUN_00488be0"
0046d0c0,FUN_0046d0c0,595,1,"FUN_00419cb0"
0046d320,FUN_0046d320,2867,1,"FUN_00402990 FUN_004029e0 FUN_00405bf0 FUN_00409750 FUN_00416ba0 FUN_0042b0a0 FUN_0042bab0 FUN_0042cb90 FUN_00454720 FUN_004646e0 FUN_00464740 FUN_00464860 FUN_00467740 FUN_0046eab0 FUN_0046eaf0 FUN_00476be0 FUN_004873f0 FUN_00488be0 FUN_00488e30 _memset"
0046de90,FUN_0046de90,297,1,"FUN_00419cb0"
0046dfc0,FUN_0046dfc0,97,2,""
0046e030,FUN_0046e030,507,1,"EnterCriticalSection LeaveCriticalSection"
0046e230,FUN_0046e230,601,0,"FUN_00402060 FUN_00402530 FUN_00456270 FUN_0046e030 FUN_0046e9c0 FUN_0046ea10 FUN_00486880 FUN_00491a3f __security_check_cookie"
0046e490,FUN_0046e490,534,1,"FUN_00401180 FUN_00401230 FUN_00401530 FUN_00402530 FUN_0046dfc0 FUN_0046e6b0 FUN_00486880 FUN_0048dc71 _memset"
0046e6b0,FUN_0046e6b0,214,1,"EnterCriticalSection FUN_004015a0 FUN_00488da0 FUN_0048dca1 LeaveCriticalSection"
0046e790,FUN_0046e790,526,1,"FUN_00416a10 FUN_0046dfc0 FUN_0046e6b0 FUN_0046ea80 FUN_00476be0 FUN_004873f0 FUN_00488b40"
0046e9c0,FUN_0046e9c0,75,2,""
0046ea10,FUN_0046ea10,112,3,""
0046ea80,FUN_0046ea80,44,1,""
0046eab0,FUN_0046eab0,64,1,""
0046eaf0,FUN_0046eaf0,87,3,""
0046eb50,FUN_0046eb50,30,1,""
0046eb70,thunk_FUN_0046ec50,5,1,"FUN_0046ec50"
0046eb80,FUN_0046eb80,195,0,"FUN_0046ec50 FUN_0046ee90 FUN_0046f150 FUN_0046f1d0 FUN_0046f230 FUN_0048dc71 GetCurrentDirectoryA __security_check_cookie"
0046ec50,FUN_0046ec50,182,1,"FUN_0046f1d0 FUN_0048e36c FUN_00491a3f `eh_vector_destructor_iterator'"
0046ed10,FUN_0046ed10,370,3,"FUN_00401e40 FUN_0046f1d0 FUN_0046f840 FUN_00491a34 FUN_00491a3f __stricmp"
0046ee90,FUN_0046ee90,704,0,"FUN_00401e40 FUN_0046f840 FUN_0048e37a FUN_00491a34 FUN_00491a3f __security_check_cookie `eh_vector_constructor_iterator'"
0046f150,FUN_0046f150,68,1,"FUN_00491a34"
0046f1a0,FUN_0046f1a0,26,1,"FUN_00491a3f"
0046f1d0,FUN_0046f1d0,3,0,""
0046f1e0,FUN_0046f1e0,71,2,"CloseHandle FUN_0048dca1"
0046f230,FUN_0046f230,420,3,"CreateFileA DeleteFileA FUN_0048f130 FUN_0048f270 GetModuleFileNameA SetFilePointer __security_check_cookie"
0046f3e0,FUN_0046f3e0,34,1,"CloseHandle"
0046f410,FUN_0046f410,58,3,"ReadFile"
0046f450,FUN_0046f450,64,3,"WriteFile"
0046f490,FUN_0046f490,25,1,"SetFilePointer"
0046f4b0,FUN_0046f4b0,21,1,"GetFileSize"
0046f4d0,FUN_0046f4d0,38,3,"SetFilePointer"
0046f500,FUN_0046f500,122,2,"FUN_00491a34 FUN_00491a3f"
0046f580,`scalar_deleting_destructor',36,2,"FUN_0048dca1"
0046f5b0,FUN_0046f5b0,646,3,"FUN_0046fa30 FUN_0046fc70 FUN_00491a34 ___report_rangecheckfailure"
0046f840,FUN_0046f840,486,4,"FUN_00491a34"
0046fa30,FUN_0046fa30,568,2,""
0046fc70,FUN_0046fc70,321,1,"FUN_0046fc70"
0046fdd0,FUN_0046fdd0,41,2,"FUN_00402b30 FUN_0048dca1"
0046fe00,FUN_0046fe00,128,1,"DeleteDC DeleteObject SelectObject"
0046fe80,FUN_0046fe80,396,3,"CreateCompatibleDC CreateDIBSection FUN_0046fe00 SelectObject __security_check_cookie _memset"
00470010,FUN_00470010,902,1,""
004703a0,FUN_004703a0,193,1,""
00470470,FUN_00470470,80,1,""
004704c0,FUN_004704c0,1397,0,"CreateFontA EnterCriticalSection EnumFontFamiliesExA FUN_0046fe80 GetDC LeaveCriticalSection ReleaseDC __security_check_cookie"
00470a40,FUN_00470a40,1259,10,"D3DXLoadSurfaceFromMemory FUN_00470010 FUN_004703a0 FUN_004914c0 FUN_00491a34 FUN_00491a3f SelectObject SetBkMode SetTextColor TextOutA __security_check_cookie _memset"
00470f60,FUN_00470f60,24,1,""
00470fc0,FUN_00470fc0,48,2,"FUN_0048dca1 ___std_exception_destroy"
00470ff0,FUN_00470ff0,51,2,"___std_exception_copy"
00471030,FUN_00471030,48,2,"FUN_0048dca1 ___std_exception_destroy"
00471060,FUN_00471060,51,2,"___std_exception_copy"
004710a0,FUN_004710a0,48,2,"FUN_0048dca1 ___std_exception_destroy"
004710d0,FUN_004710d0,14,1,""
004710e0,FUN_004710e0,45,2,"___std_exception_copy"
00471110,FUN_00471110,3,0,""
00471120,FUN_00471120,130,0,""
004711b0,FUN_004711b0,188,0,""
00471270,FUN_00471270,4097,1,"CreateThread DeleteCriticalSection DestroyWindow Direct3DCreate9 DispatchMessageA EnterCriticalSection EnumDisplaySettingsA FUN_004012e0 FUN_00401420 FUN_004015a0 FUN_00402060 FUN_004022a0 FUN_00402530 FUN_00402600 FUN_00402b30 FUN_00453a70 FUN_00453db0 FUN_004543a0 FUN_004548e0 FUN_00454f50 FUN_00455ec0 FUN_00471120 FUN_004711b0 FUN_004726a0 FUN_00472b50 FUN_00472dd0 FUN_00472fd0 FUN_00473390 FUN_004734e0 FUN_00473890 FUN_00473b20 FUN_00473df0 FUN_004740d0 FUN_00474400 FUN_00474850 FUN_00475050 FUN_00476320 FUN_00476b40 FUN_0047e6e0 FUN_0047e730 FUN_00483820 FUN_00484eb0 FUN_0048dc71 FUN_0048dca1 FUN_00491a3f GetKeyboardState GetModuleFileNameA GetSystemMetrics GetWindowRect InitializeCriticalSection KillTimer LeaveCriticalSection MessageBoxA MoveWindow PeekMessageA SetCursor SetForegroundWindow SetKeyboardState SetWindowLongA SetWindowPos ShowCursor ShowWindow SystemParametersInfoA TranslateMessage WINNLSEnableIME __alloca_probe __security_check_cookie _memset joyGetDevCapsA joyGetPosEx timeBeginPeriod timeEndPeriod"
00472280,FUN_00472280,923,4,"DefWindowProcA LoadCursorA SetCursor SetWindowPos ShowCursor Sleep"
004726a0,FUN_004726a0,502,1,"FUN_00471110 FUN_0048f130 FUN_00494047 GetEnvironmentVariableA GetModuleFileNameA QueryPerformanceCounter QueryPerformanceFrequency SystemParametersInfoA __mkdir"
004728a0,FUN_004728a0,673,0,"FUN_00429be0 FUN_00473390 FUN_004a94b0 FUN_004aa3e0"
00472b50,FUN_00472b50,626,1,"FUN_00455ec0 FUN_00456180 FUN_00471120 FUN_004711b0 FUN_004728a0 FUN_004731b0 FUN_00473390 FUN_004740d0 Sleep timeBeginPeriod timeEndPeriod"
00472dd0,FUN_00472dd0,505,1,"FUN_004012e0 FUN_00401420 FUN_00402b30 FUN_0041b330 FUN_00455ec0 FUN_00456180 FUN_00471120 FUN_004711b0 FUN_004728a0 FUN_004731b0 FUN_00473390 FUN_004740d0 FUN_0047e6e0 FUN_0047e730 Sleep"
00472fd0,FUN_00472fd0,467,1,"FUN_004012e0 FUN_00401420 FUN_00402b30 FUN_0041b330 FUN_00455ec0 FUN_00456180 FUN_00471120 FUN_004711b0 FUN_004728a0 FUN_004731b0 FUN_00473390 FUN_004740d0 FUN_0047e6e0 FUN_0047e730 Sleep"
004731b0,FUN_004731b0,474,0,"D3DXLoadSurfaceFromSurface FUN_00402220 FUN_0041b310 FUN_00453f40 FUN_0047e730 FUN_00494047 __mkdir __security_check_cookie"
00473390,FUN_00473390,332,0,"EnterCriticalSection FUN_004a9450 LeaveCriticalSection QueryPerformanceCounter timeGetTime"
004734e0,FUN_004734e0,937,2,""
00473890,FUN_00473890,649,2,"AdjustWindowRectEx CreateWindowExA FUN_004734e0 GetStockObject GetUserDefaultLCID GetWindowRect LoadCursorA RegisterClassA SetWindowLongA ShowWindow __security_check_cookie"
00473b20,FUN_00473b20,712,1,"FUN_00402530 FUN_00402600 GetDC GetDeviceCaps ReleaseDC"
00473df0,FUN_00473df0,721,0,"FUN_00402530 FUN_00473b20 FUN_004740d0 __security_check_cookie"
004740d0,FUN_004740d0,813,1,""
00474400,FUN_00474400,696,0,"CoCreateInstance CoInitialize CoUninitialize CreateMutexA FUN_00402220 FUN_00402600 FUN_0048e37a FUN_0048f130 GetConsoleTitleA GetLastError GetModuleFileNameA GetStartupInfoA MultiByteToWideChar __security_check_cookie __stricmp _memset thunk_FUN_00491a3f"
004746c0,FUN_004746c0,260,3,"DestroyWindow FUN_004747d0 GetDlgItem SendMessageA"
004747d0,FUN_004747d0,114,0,"IsDlgButtonChecked"
00474850,FUN_00474850,1151,0,"CheckRadioButton CreateDialogParamA DestroyWindow DispatchMessageA EnableWindow EnumDisplaySettingsA FUN_00404e90 FUN_004747d0 GetDlgItem GetKeyboardState GetUserDefaultLCID IsDialogMessageA IsDlgButtonChecked PeekMessageA ShowWindow Sleep TranslateMessage __security_check_cookie joyGetPosEx"
00474cd0,FUN_00474cd0,882,0,"CoCreateInstance CoInitialize CoSetProxyBlanket CoUninitialize FUN_00475450 FUN_0048f43f SysAllocString SysFreeString __security_check_cookie _memset"
00475050,FUN_00475050,472,0,"DirectInput8Create FUN_00402530"
00475230,FUN_00475230,66,1,"FUN_00474cd0"
00475280,FUN_00475280,131,1,"__security_check_cookie"
00475310,FUN_00475310,107,1,"EnterCriticalSection FUN_004015a0 FUN_0048dca1 LeaveCriticalSection"
00475380,FUN_00475380,191,0,""
00475450,FUN_00475450,42,2,"FUN_00456260 ___stdio_common_vswscanf"
004754e0,FUN_004754e0,615,2,"FUN_0047e730 __security_check_cookie"
00475750,FUN_00475750,203,1,"FUN_004548e0 FUN_004754e0 FUN_0047e730"
004758b0,FUN_004758b0,78,1,"FUN_004754e0"
00475a70,FUN_00475a70,78,1,"FUN_004754e0"
00475ac0,FUN_00475ac0,43,1,"FUN_004754e0"
00475c00,FUN_00475c00,112,1,"FUN_004754e0"
00475c70,FUN_00475c70,463,1,"FUN_00402740"
00475e40,FUN_00475e40,502,1,"FUN_00402740 FUN_00405990"
00476040,FUN_00476040,27,1,"FUN_00476260 FUN_0048dca1"
00476060,FUN_00476060,75,6,"FUN_004760b0 FUN_0048dc71 _memset"
004760b0,FUN_004760b0,385,7,"FUN_00401180 FUN_00401230 FUN_00401530"
00476260,FUN_00476260,176,1,"EnterCriticalSection FUN_004015a0 LeaveCriticalSection"
00476310,FUN_00476310,3,0,""
00476320,FUN_00476320,170,0,"CloseHandle Sleep WaitForSingleObject"
00476410,FUN_00476410,908,2,"DirectSoundCreate8 FUN_00402530 FUN_004776f0 FUN_0048dc71 FUN_0048dca1 SetTimer __security_check_cookie _memset"
00476830,FUN_00476830,88,4,"_strncmp"
00476890,FUN_00476890,217,2,"FUN_0048f130 __security_check_cookie"
00476970,FUN_00476970,463,2,"CloseHandle CreateFileA EnterCriticalSection FUN_00404f60 FUN_00476890 FUN_00477af0 FUN_00491a34 FUN_00491a3f LeaveCriticalSection ReadFile SetFilePointer"
00476b40,FUN_00476b40,150,1,"CloseHandle FUN_0048a620 PostThreadMessageA WaitForSingleObject"
00476be0,FUN_00476be0,140,1,""
00476c70,FUN_00476c70,163,1,""
00476d20,FUN_00476d20,2473,0,"CloseHandle CreateEventA CreateThread EnterCriticalSection FUN_00473390 FUN_00476890 FUN_00476970 FUN_00476b40 FUN_004898f0 FUN_00489e90 FUN_0048a1a0 FUN_0048a440 FUN_0048a620 FUN_0048aac0 FUN_0048adc0 FUN_0048af10 LeaveCriticalSection PostThreadMessageA SetFilePointer WaitForSingleObject"
004776f0,FUN_004776f0,673,2,"FUN_00402530 FUN_00476830 FUN_00477af0 FUN_004914c0 FUN_00491a3f Sleep __security_check_cookie _strncmp"
004779a0,FUN_004779a0,172,0,"FUN_0048a730 MsgWaitForMultipleObjects PeekMessageA"
00477a50,FUN_00477a50,153,4,"EnterCriticalSection LeaveCriticalSection"
00477af0,FUN_00477af0,3,0,""
00477b00,FUN_00477b00,606,3,""
00477d60,FUN_00477d60,310,3,"FUN_00478580 _memset"
00477ea0,FUN_00477ea0,679,1,"FUN_00402740 FUN_004027d0 FUN_00402810 FUN_004097d0"
004781e0,FUN_004781e0,239,2,"FUN_004615a0"
00478340,FUN_00478340,217,4,""
00478480,FUN_00478480,114,3,""
00478540,FUN_00478540,61,2,""
00478580,FUN_00478580,13086,1,"FUN_00401150 FUN_00402740 FUN_00402810 FUN_00402890 FUN_00402a60 FUN_00402a80 FUN_00404c20 FUN_00404d00 FUN_00404df0 FUN_00404e10 FUN_00405990 FUN_00405a00 FUN_00405a10 FUN_00405a20 FUN_00405a40 FUN_00405a60 FUN_00405a80 FUN_00405aa0 FUN_00405b90 FUN_00405bb0 FUN_00405d10 FUN_00405d40 FUN_00406630 FUN_004066b0 FUN_00406ab0 FUN_00409750 FUN_00418c40 FUN_0041f5d0 FUN_0041f600 FUN_0041f610 FUN_0041f620 FUN_0041f630 FUN_00429a60 FUN_00429a70 FUN_0042af70 FUN_0043a200 FUN_00456240 FUN_004614b0 FUN_00461530 FUN_004615a0 FUN_00477b00 FUN_00477ea0 FUN_004781e0 FUN_00478340 FUN_00478480 FUN_00478540 FUN_0047bce0 FUN_0047bef0 FUN_0047c750 FUN_0047cbc0 FUN_0047cbf0 FUN_0047cc00 FUN_0047cc10 FUN_0047cc20 FUN_0047cc30 FUN_0047cc40 FUN_0047d470 FUN_0047d4a0 FUN_0047d4b0 FUN_0047d4c0 FUN_0047d500 FUN_0047d580 FUN_0047d600 FUN_0047d690 FUN_0047d790 FUN_0047d870 FUN_0047d890 FUN_0047d8b0 FUN_0047d8d0 FUN_0047d8f0 FUN_00481d20 FUN_004832f0 FUN_004888f0 FUN_00488a40 FUN_00488b40 FUN_004894d0 __security_check_cookie"
0047bce0,FUN_0047bce0,514,1,""
0047bef0,FUN_0047bef0,2098,1,"FUN_004028f0 FUN_004063d0 FUN_0047d890"
0047c750,FUN_0047c750,517,1,"FUN_00406750 FUN_0041f640 FUN_0047c960 FUN_0047cc50 FUN_0047cf40 FUN_0047d120"
0047c960,FUN_0047c960,604,2,"FUN_00402fb0"
0047cbc0,FUN_0047cbc0,42,1,""
0047cbf0,FUN_0047cbf0,13,2,""
0047cc00,FUN_0047cc00,15,2,""
0047cc10,FUN_0047cc10,15,2,""
0047cc20,FUN_0047cc20,15,2,""
0047cc30,FUN_0047cc30,14,2,""
0047cc40,FUN_0047cc40,13,2,""
0047cc50,FUN_0047cc50,739,2,"FUN_00402fb0 FUN_00404c70 FUN_0045e2a0 FUN_00461540"
0047cf40,FUN_0047cf40,478,1,"FUN_00402fb0"
0047d120,FUN_0047d120,845,2,"FUN_00402fb0"
0047d470,FUN_0047d470,39,4,""
0047d4a0,FUN_0047d4a0,14,1,"FUN_004a99f0"
0047d4b0,FUN_0047d4b0,14,1,"FUN_004a94d0"
0047d4c0,FUN_0047d4c0,54,1,"FUN_004a94b0"
0047d500,FUN_0047d500,128,5,""
0047d580,FUN_0047d580,128,5,""
0047d600,FUN_0047d600,133,5,""
0047d690,FUN_0047d690,251,5,""
0047d790,FUN_0047d790,222,5,""
0047d870,FUN_0047d870,26,4,""
0047d890,FUN_0047d890,32,3,""
0047d8b0,FUN_0047d8b0,21,1,""
0047d8d0,FUN_0047d8d0,26,1,""
0047d8f0,FUN_0047d8f0,19,2,""
0047d910,FUN_0047d910,923,2,"FUN_0047e730"
0047dce0,FUN_0047dce0,2532,3,"FUN_0047d910 FUN_0047e730 FUN_0047e800"
0047e6e0,FUN_0047e6e0,70,0,""
0047e730,FUN_0047e730,205,1,""
0047e800,FUN_0047e800,229,2,""
0047e8f0,FUN_0047e8f0,1120,5,"FUN_004065a0"
0047ed50,FUN_0047ed50,828,5,"FUN_004063d0 FUN_004097d0"
0047f090,FUN_0047f090,1174,1,"D3DXVec3Project FUN_004097d0 __libm_sse2_sqrt_precise __security_check_cookie"
0047f530,FUN_0047f530,2405,2,"FUN_0047dce0 FUN_0047f090 __libm_sse2_sqrt_precise"
0047feb0,FUN_0047feb0,679,2,"D3DXMatrixMultiply D3DXMatrixRotationX D3DXMatrixRotationY D3DXMatrixRotationZ FUN_004097d0 __security_check_cookie"
00480160,FUN_00480160,2258,2,"D3DXMatrixMultiply D3DXMatrixRotationX D3DXMatrixRotationY D3DXMatrixRotationZ FUN_004063d0 FUN_004097d0 FUN_004547e0 FUN_00454820 FUN_0047d910 FUN_0047e730 __security_check_cookie"
00480a50,FUN_00480a50,1302,4,"D3DXMatrixMultiply D3DXMatrixRotationX D3DXMatrixRotationY D3DXMatrixRotationZ FUN_004547e0 FUN_00454820 FUN_0047d910 FUN_0047e730 __security_check_cookie"
00480f70,FUN_00480f70,351,4,"FUN_0047d910 FUN_0047e730"
004810d0,FUN_004810d0,313,4,"FUN_0047d910 FUN_0047e730"
00481210,FUN_00481210,2680,2,"D3DXVec3Transform FUN_004063d0 FUN_00454760 FUN_004547a0 FUN_00454820 FUN_0047d910 FUN_0047dce0 FUN_0047e8f0 FUN_0047ed50 FUN_0047f090 FUN_0047f530 FUN_0047feb0 FUN_00480160 FUN_00480a50 FUN_00480f70 FUN_004810d0 FUN_00481d90 FUN_00482170 FUN_00482590 FUN_00482810 FUN_00482b40 FUN_00482c10 FUN_00482e70 FUN_00483060 __libm_sse2_sqrt_precise __security_check_cookie"
00481d20,FUN_00481d20,84,2,"FUN_0047e8f0 FUN_0047ed50"
00481d90,FUN_00481d90,981,7,"FUN_0047e730"
00482170,FUN_00482170,1046,7,"FUN_0047e730"
00482590,FUN_00482590,639,5,"FUN_0047e730"
00482810,FUN_00482810,814,7,"FUN_0047e730"
00482b40,FUN_00482b40,194,7,"FUN_00481d90"
00482c10,FUN_00482c10,604,5,"FUN_0047e730 FUN_004832d0"
00482e70,FUN_00482e70,490,4,"FUN_0047e730 FUN_004832d0"
00483060,FUN_00483060,612,5,"FUN_0047e730 FUN_004832d0"
004832d0,FUN_004832d0,32,3,""
004832f0,FUN_004832f0,620,1,"FUN_00402810 FUN_00483800 FUN_00491a34 FUN_00491a3f"
00483560,FUN_00483560,631,1,"FUN_00483800"
00483800,FUN_00483800,32,3,""
00483820,FUN_00483820,5587,1,"FUN_00401180 FUN_00401230 FUN_0041b430 FUN_0048dc71 _memset `eh_vector_constructor_iterator'"
00484e00,FUN_00484e00,159,1,"_memset"
00484eb0,FUN_00484eb0,593,1,"FUN_00402b30 FUN_0041b6f0 FUN_004885d0 FUN_0048dca1 `eh_vector_destructor_iterator'"
00485110,FUN_00485110,1985,0,""
004858e0,FUN_004858e0,1953,1,"__security_check_cookie"
004860c0,FUN_004860c0,117,3,"D3DXLoadSurfaceFromFileInMemory FUN_004858e0"
00486140,FUN_00486140,584,7,"D3DXCreateTexture D3DXCreateTextureFromFileInMemoryEx D3DXLoadSurfaceFromSurface FUN_004858e0 __security_check_cookie"
00486390,FUN_00486390,454,5,"D3DXCreateTexture D3DXLoadSurfaceFromMemory __security_check_cookie"
00486560,FUN_00486560,68,3,""
004865b0,FUN_004865b0,546,2,"FUN_00402060 FUN_00402600 FUN_0041b310 FUN_00491a34 __security_check_cookie _memset"
004867e0,FUN_004867e0,157,3,"FUN_00402600 FUN_004865b0 FUN_00489590 FUN_0048dc71 FUN_0048dca1 _memset"
00486880,FUN_00486880,147,2,"FUN_004867e0 FUN_00489590 Sleep"
00486920,FUN_00486920,666,2,"FUN_0041b430 FUN_00478580 FUN_00486bc0 _memset"
00486bc0,FUN_00486bc0,1018,6,"D3DXCreateTexture FUN_00402600 FUN_00486140 FUN_00486390 FUN_00486560 __security_check_cookie"
00486fc0,FUN_00486fc0,373,2,"FUN_00488da0 FUN_0048dca1 FUN_00491a3f"
00487140,FUN_00487140,299,9,"FUN_00404e40 FUN_00470a40 __security_check_cookie"
00487270,FUN_00487270,384,8,"FUN_00404e40 FUN_00470a40 __security_check_cookie"
004873f0,FUN_004873f0,396,8,"FUN_00404e40 FUN_00470a40 __security_check_cookie"
00487580,FUN_00487580,239,5,"D3DXLoadSurfaceFromSurface FUN_0047e730"
00487ed0,FUN_00487ed0,267,1,"EnterCriticalSection FUN_00478580 FUN_00488110 FUN_004885d0 LeaveCriticalSection __security_check_cookie"
00487fe0,FUN_00487fe0,301,1,"EnterCriticalSection FUN_00478580 FUN_00488110 FUN_004885d0 LeaveCriticalSection"
00488110,FUN_00488110,265,2,"FUN_00488110"
00488260,FUN_00488260,238,2,"EnterCriticalSection FUN_00481210 LeaveCriticalSection"
00488350,FUN_00488350,167,2,""
00488400,FUN_00488400,135,2,""
00488490,FUN_00488490,167,2,""
00488540,FUN_00488540,135,2,""
004885d0,FUN_004885d0,403,2,"FUN_0041b6f0 FUN_0048dca1"
00488770,FUN_00488770,383,8,"EnterCriticalSection FUN_00407420 FUN_00478580 FUN_00488350 FUN_00488400 FUN_00488490 FUN_00488540 FUN_00489320 LeaveCriticalSection"
004888f0,FUN_004888f0,329,5,"EnterCriticalSection FUN_00407420 FUN_00478580 FUN_00488350 FUN_00488400 FUN_00488490 FUN_00488540 FUN_00489320 LeaveCriticalSection"
00488a40,FUN_00488a40,246,4,"EnterCriticalSection FUN_00407420 FUN_00478580 FUN_00488350 FUN_00489320 LeaveCriticalSection"
00488b40,FUN_00488b40,149,2,""
00488be0,FUN_00488be0,113,2,"FUN_00488b40"
00488c60,FUN_00488c60,134,2,"FUN_00478580 FUN_00488b40"
00488cf0,FUN_00488cf0,90,1,"FUN_00488b40 FUN_00488d50"
00488d50,FUN_00488d50,75,1,"FUN_00488d50"
00488da0,FUN_00488da0,131,2,""
00488e30,FUN_00488e30,24,1,"FUN_00488b40"
00488e50,FUN_00488e50,17,2,"FUN_00488be0"
00488e70,FUN_00488e70,49,1,"FUN_00488b40 FUN_00488ef0"
00488eb0,FUN_00488eb0,49,1,"FUN_00488b40 FUN_00488f20"
00488ef0,FUN_00488ef0,34,1,"FUN_00488ef0"
00488f20,FUN_00488f20,34,1,"FUN_00488f20"
00488f50,FUN_00488f50,18,1,"FUN_00488cf0"
00488f70,FUN_00488f70,48,2,"FUN_00488b40"
00488fa0,FUN_00488fa0,37,2,"FUN_00477b00"
00488fd0,FUN_00488fd0,92,2,"FUN_00405bf0 FUN_00488b40"
00489030,FUN_00489030,117,1,"__security_check_cookie _memset"
004890b0,FUN_004890b0,142,3,"FUN_004890b0"
00489140,FUN_00489140,226,3,"FUN_00488b40 FUN_004890b0"
00489230,FUN_00489230,170,3,"FUN_00488b40 FUN_004890b0"
004892e0,FUN_004892e0,13,1,""
004892f0,FUN_004892f0,46,2,"FUN_00488b40"
00489320,FUN_00489320,420,0,"FUN_0041b430 FUN_0048dc71 _memset"
004894d0,FUN_004894d0,16,1,""
004894e0,FUN_004894e0,171,2,"FUN_00407420"
00489590,FUN_00489590,3,0,""
004895a0,FUN_004895a0,769,12,"FUN_004898b0 FUN_0048a6a0 FUN_0048aba0 FUN_0048dc71 FUN_0048dca1 FUN_0048e37a __security_check_cookie"
004898b0,FUN_004898b0,51,1,"CloseHandle FUN_0048dca1"
004898f0,FUN_004898f0,771,13,"FUN_0048a6a0 FUN_0048dc71 FUN_0048dca1 FUN_0048e37a __security_check_cookie"
00489c00,FUN_00489c00,597,5,"FUN_0048e37a FUN_004914c0 ReadFile SetFilePointer Sleep _memset"
00489e60,FUN_00489e60,38,2,"FUN_0048a0e0 FUN_0048dca1"
00489e90,FUN_00489e90,577,2,"FUN_0048e37a __security_check_cookie thunk_FUN_00491a3f"
0048a0e0,FUN_0048a0e0,179,1,"CloseHandle FUN_0048dca1 thunk_FUN_00491a3f"
0048a1a0,FUN_0048a1a0,668,4,"FUN_0048acc0 FUN_004914c0 ReadFile Sleep _memset"
0048a440,FUN_0048a440,344,4,"FUN_00473390 FUN_0048a1a0 FUN_0048a5a0 FUN_0049bb99 Sleep"
0048a5a0,FUN_0048a5a0,114,2,""
0048a620,FUN_0048a620,128,2,"CloseHandle"
0048a6a0,FUN_0048a6a0,90,5,"FUN_00489c00"
0048a700,FUN_0048a700,44,2,"FUN_0048a0e0 FUN_0048dca1"
0048a730,FUN_0048a730,900,1,"EnterCriticalSection FUN_0048a1a0 FUN_0048acc0 FUN_004914c0 LeaveCriticalSection ReadFile Sleep _memset"
0048aac0,FUN_0048aac0,224,2,"FUN_0048a1a0 FUN_0048acc0 Sleep"
0048aba0,FUN_0048aba0,281,3,"CreateFileA FUN_0048b010 FormatMessageA GetLastError LocalFree SetFilePointer"
0048acc0,FUN_0048acc0,244,3,"SetFilePointer"
0048adc0,FUN_0048adc0,137,3,"FUN_0048aba0 FUN_0048acc0 FUN_0048b010"
0048ae50,FUN_0048ae50,180,1,"FUN_00473390"
0048af10,FUN_0048af10,241,1,"EnterCriticalSection FUN_00489e90 FUN_0048a1a0 FUN_0048a440 FUN_0048aac0 LeaveCriticalSection"
0048b010,FUN_0048b010,3,0,""
0048b020,FUN_0048b020,3,0,""
0048b030,FUN_0048b030,875,3,"FUN_0048b020 FUN_0048d690 FUN_0048d920"
0048b3a0,FUN_0048b3a0,7944,1,"FUN_00402810 FUN_00404df0 FUN_00404e10 FUN_0041f640 FUN_0048b030 FUN_0048d4f0 FUN_0048d5a0 FUN_0048d690 FUN_0048d750 FUN_0048d7c0 FUN_0048d850 FUN_0048d900 FUN_0048dbe0 FUN_004a94a0 FUN_004a9ce0 FUN_004a9ea0 __libm_sse2_sqrt_precise"
0048d420,FUN_0048d420,197,1,"FUN_0048b3a0 FUN_0048dca1"
0048d4f0,FUN_0048d4f0,171,2,""
0048d5a0,FUN_0048d5a0,233,2,""
0048d690,FUN_0048d690,181,3,""
0048d750,FUN_0048d750,107,1,""
0048d7c0,FUN_0048d7c0,135,2,""
0048d850,FUN_0048d850,176,3,"FUN_0042ccc0 FUN_0048b030 FUN_0048dc71"
0048d900,FUN_0048d900,32,3,""
0048d920,FUN_0048d920,166,2,""
0048d9d0,FUN_0048d9d0,522,2,"FUN_004914c0 FUN_00491a34 FUN_00491a3f"
0048dbe0,FUN_0048dbe0,50,1,""
0048dc20,FUN_0048dc20,40,2,"FUN_0048d920"
0048dc48,FUN_0048dc48,24,1,""
0048dc60,__security_check_cookie,17,1,"___report_gsfailure"
0048dc71,FUN_0048dc71,77,1,"FUN_00470f60 FUN_0048e5d3 FUN_00491a34 __CxxThrowException@8 __callnewh"
0048dca1,FUN_0048dca1,14,1,"thunk_FUN_00491a3f"
0048dcaf,find_pe_section,68,2,""
0048dcf3,___scrt_acquire_startup_lock,50,0,"___scrt_is_ucrt_dll_in_use"
0048dd25,___scrt_initialize_crt,57,1,"___acrt_initialize ___isa_available_init ___vcrt_initialize ___vcrt_uninitialize"
0048dd5e,___scrt_initialize_onexit_tables,134,1,"___scrt_fastfail ___scrt_is_ucrt_dll_in_use __initialize_onexit_table"
0048dde5,___scrt_is_nonwritable_in_current_image,126,0,"FUN_0048ea00 find_pe_section"
0048de79,___scrt_release_startup_lock,29,1,"___scrt_is_ucrt_dll_in_use"
0048de96,___scrt_uninitialize_crt,40,2,"___acrt_uninitialize ___vcrt_uninitialize"
0048debe,__onexit,45,1,"__crt_atexit __register_onexit_function"
0048deeb,_atexit,21,1,"__onexit"
0048df00,FUN_0048df00,35,2,"FUN_0048dca1"
0048df23,`eh_vector_constructor_iterator',90,5,"FUN_0048df83 FUN_0048ea00 guard_check_icall"
0048df83,FUN_0048df83,20,0,"__ArrayUnwind"
0048df97,`eh_vector_destructor_iterator',105,4,"FUN_0048e00c FUN_0048ea00 guard_check_icall"
0048e00c,FUN_0048e00c,16,0,"__ArrayUnwind"
0048e01c,__ArrayUnwind,76,4,"FUN_0048ea00 guard_check_icall"
0048e0d3,FUN_0048e0d3,129,0,"CreateEventW GetModuleHandleW GetProcAddress InitializeCriticalSectionAndSpinCount ___scrt_fastfail"
0048e155,FUN_0048e155,28,0,"CloseHandle DeleteCriticalSection"
0048e171,___raise_securityfailure,40,1,"GetCurrentProcess SetUnhandledExceptionFilter TerminateProcess UnhandledExceptionFilter"
0048e199,___report_gsfailure,249,0,"IsProcessorFeaturePresent ___raise_securityfailure"
0048e292,___report_rangecheckfailure,12,0,"___report_securityfailure"
0048e29e,___report_securityfailure,206,1,"IsProcessorFeaturePresent ___raise_securityfailure"
0048e36c,FUN_0048e36c,14,1,"thunk_FUN_00491a3f"
0048e37a,FUN_0048e37a,9,1,"FUN_0048dc71"
0048e383,thunk_FUN_00491a3f,5,1,""
0048e44d,FUN_0048e44d,318,0,"FUN_00471270 FUN_0048e945 FUN_0048ea00 FUN_0048eb64 FUN_0048eb6a ___scrt_acquire_startup_lock ___scrt_fastfail ___scrt_get_show_window_mode ___scrt_initialize_crt ___scrt_is_nonwritable_in_current_image ___scrt_release_startup_lock ___scrt_uninitialize_crt __cexit __get_narrow_winmain_command_line __initterm __initterm_e __register_thread_local_exe_atexit_callback _exit guard_check_icall"
0048e5c9,entry,10,0,"FUN_0048e44d ___security_init_cookie"
0048e5d3,FUN_0048e5d3,29,0,"FUN_0048dc48 __CxxThrowException@8"
0048e60d,thunk_FUN_00491a3f,5,1,""
0048e612,___isa_available_init,464,0,"IsProcessorFeaturePresent"
0048e7e2,FUN_0048e7e2,4,0,""
0048e7e6,___scrt_is_ucrt_dll_in_use,12,0,""
0048e7f2,___scrt_fastfail,282,0,"FUN_0048e9ed IsDebuggerPresent IsProcessorFeaturePresent SetUnhandledExceptionFilter UnhandledExceptionFilter _memset"
0048e90c,___scrt_get_show_window_mode,49,0,"GetStartupInfoW _memset"
0048e93d,thunk_FUN_0048e994,5,0,""
0048e942,FUN_0048e942,3,0,""
0048e945,FUN_0048e945,67,0,"GetModuleHandleW"
0048e988,FUN_0048e988,12,0,"SetUnhandledExceptionFilter"
0048e994,FUN_0048e994,3,0,""
0048e997,FUN_0048e997,85,1,"FUN_0048f116 FUN_0048f11f FUN_0049cbbf"
0048e9ed,FUN_0048e9ed,8,0,""
0048ea00,FUN_0048ea00,68,0,""
0048ea58,guard_check_icall,3,0,""
0048ea5b,___get_entropy,77,0,"GetCurrentProcessId GetCurrentThreadId GetSystemTimeAsFileTime QueryPerformanceCounter"
0048eaa8,___security_init_cookie,75,0,"___get_entropy"
0048eaf6,FUN_0048eaf6,3,0,""
0048eaf9,FUN_0048eaf9,6,0,""
0048eaff,FUN_0048eaff,3,0,""
0048eb02,FUN_0048eb02,3,0,""
0048eb05,FUN_0048eb05,12,0,"InitializeSListHead"
0048eb11,FUN_0048eb11,3,0,""
0048eb14,FUN_0048eb14,32,0,"___scrt_fastfail __controlfp_s"
0048eb35,FUN_0048eb35,3,0,""
0048eb38,FUN_0048eb38,3,0,""
0048eb3b,FUN_0048eb3b,29,0,"FUN_00404e30 FUN_00456260"
0048eb58,FUN_0048eb58,12,0,""
0048eb64,FUN_0048eb64,6,0,""
0048eb6a,FUN_0048eb6a,6,0,""
0048eb70,FUN_0048eb70,44,0,"guard_check_icall"
0048eb9c,FUN_0048eb9c,44,0,"guard_check_icall"
0048ebc8,FUN_0048ebc8,111,6,"FUN_0049cf3d"
0048ec38,_CallCatchBlock2,94,5,"__CallSettingFrame@12"
0048ec96,_CallSETranslator,230,7,"___vcrt_getptd guard_check_icall"
0048ed7c,_JumpToContinuation,43,2,""
0048edac,_UnwindNestedFrames,83,2,"RtlUnwind"
0048edff,__CatchGuardHandler,49,3,"__InternalCxxFrameHandler<__FrameHandler3> __security_check_cookie"
0048ee30,__CreateFrameInfo,36,2,"___vcrt_getptd"
0048ee54,FUN_0048ee54,71,1,"FUN_0049cf3d ___vcrt_getptd"
0048ee9c,__TranslatorGuardHandler,152,3,"_CallSETranslator _UnwindNestedFrames __InternalCxxFrameHandler<__FrameHandler3> __security_check_cookie"
0048ef39,FID_conflict:___CxxFrameHandler3,54,4,"__InternalCxxFrameHandler<__FrameHandler3>"
0048ef6f,___DestructExceptionObject,142,0,"FUN_0048ea00 _CallMemberFunction0 guard_check_icall"
0048f010,_CallMemberFunction0,13,2,""
0048f01d,FUN_0048f01d,87,2,"FUN_0049cbbf ___vcrt_getptd"
0048f075,__IsExceptionObjectToBeDestroyed,38,1,"___vcrt_getptd"
0048f09b,___AdjustPointer,37,2,""
0048f0c0,FUN_0048f0c0,85,1,"FUN_0049cbbf ___vcrt_getptd"
0048f116,FUN_0048f116,9,0,"___vcrt_getptd"
0048f11f,FUN_0048f11f,9,0,"___vcrt_getptd"
0048f128,Unwind@0048f128,5,0,""
0048f130,FUN_0048f130,311,2,""
0048f270,FUN_0048f270,299,2,""
0048f39b,FUN_0048f39b,6,0,""
0048f3a1,FUN_0048f3a1,27,0,"FUN_0048f39b FUN_0049cf3d guard_check_icall"
0048f3bd,___std_exception_copy,99,2,"FUN_00491a34 FUN_00491a3f _strcpy_s"
0048f420,___std_exception_destroy,31,1,"FUN_00491a3f"
0048f43f,FUN_0048f43f,619,2,""
0048f6aa,__CxxThrowException@8,108,2,"RaiseException guard_check_icall"
0048f716,___vcrt_initialize,31,0,"___vcrt_initialize_locks ___vcrt_initialize_ptd ___vcrt_uninitialize_locks"
0048f735,___vcrt_uninitialize,23,1,"___vcrt_uninitialize_locks ___vcrt_uninitialize_ptd"
0048f750,_ValidateLocalCookies,50,2,"__security_check_cookie"
0048f790,__except_handler4,350,3,"_EH4_CallFilterFunc _EH4_GlobalUnwind2 _EH4_LocalUnwind _EH4_TransferToHandler _ValidateLocalCookies __IsNonwritableInCurrentImage ___DestructExceptionObject ___except_validate_context_record __filter_x86_sse2_floating_point_exception_default guard_check_icall"
0048f8f0,_memset,346,3,""
0048fa4a,___std_type_info_compare,60,2,""
0048fa86,FUN_0048fa86,28,1,"FUN_00491a3f"
0048faa2,___vcrt_getptd,14,0,"___vcrt_getptd_noexit"
0048fab0,___vcrt_getptd_noexit,146,0,"FUN_00491a3f FUN_0049cfdb GetLastError SetLastError ___vcrt_FlsGetValue ___vcrt_FlsSetValue"
0048fb42,___vcrt_initialize_ptd,51,0,"___vcrt_FlsAlloc ___vcrt_FlsSetValue ___vcrt_uninitialize_ptd"
0048fb75,___vcrt_uninitialize_ptd,27,0,"___vcrt_FlsFree"
0048fb90,FUN_0048fb90,308,0,"FUN_0048ea00 FUN_00490e00 FUN_0049cf3d ___AdjustPointer guard_check_icall"
0048fcce,BuildCatchObjectInternal<__FrameHandler3>,140,4,"FUN_0048ea00 FUN_0048fb90 _CallMemberFunction1 _CallMemberFunction2 ___AdjustPointer"
0048fd67,CatchIt<__FrameHandler3>,128,12,"BuildCatchObjectInternal<__FrameHandler3> CallCatchBlock FUN_00490758 SetState _JumpToContinuation _UnwindNestedFrames"
0048fde7,FUN_0048fde7,949,8,"CatchIt<__FrameHandler3> FID_conflict:___TypeMatch FUN_0048ebc8 FUN_0049019d FUN_0049047e FUN_004906b7 FUN_00490840 FUN_004908fd FUN_0049cbbf FUN_0049cf3d FrameUnwindToEmptyState GetCurrentState _UnwindNestedFrames __CxxThrowException@8 ___DestructExceptionObject ___vcrt_getptd operator=="
0049019d,FUN_0049019d,309,8,"CatchIt<__FrameHandler3> EncodePointer FUN_0048ebc8 FUN_0049cf3d _CallSETranslator ___vcrt_getptd"
004902d3,FID_conflict:___TypeMatch,142,3,""
00490361,__InternalCxxFrameHandler<__FrameHandler3>,258,8,"FUN_0048fde7 FrameUnwindToEmptyState ___except_validate_context_record ___vcrt_getptd guard_check_icall"
00490463,FUN_00490463,27,2,"FUN_004710e0"
0049047e,FUN_0049047e,24,1,""
004904a7,operator==,31,2,"___std_type_info_compare"
004904c6,FUN_004904c6,45,2,"FUN_0048dca1 ___std_exception_destroy"
004904f3,CallCatchBlock,177,7,"FUN_0048ea00 FUN_0049063b _CallCatchBlock2 __CreateFrameInfo ___vcrt_getptd"
0049063b,FUN_0049063b,124,0,"FUN_0048ee54 __IsExceptionObjectToBeDestroyed ___DestructExceptionObject ___vcrt_getptd"
004906b7,FUN_004906b7,32,1,"FUN_00490dac __EH_prolog3_catch ___vcrt_getptd"
004906d7,Catch_All@004906d7,25,0,"FUN_0049cf3d __CxxThrowException@8 ___vcrt_getptd"
004906f6,ExFilterRethrow,74,1,"___vcrt_getptd"
00490740,FrameUnwindToEmptyState,24,3,"FUN_00490758"
00490758,FUN_00490758,195,0,"FUN_0048ea00 FUN_00490826 FUN_0049cf3d GetCurrentState SetState __CallSettingFrame@12 ___vcrt_getptd"
00490826,FUN_00490826,20,0,"___vcrt_getptd"
00490840,FUN_00490840,153,2,"FID_conflict:___TypeMatch FUN_0049cf3d"
004908da,_CallMemberFunction1,16,3,""
004908ea,_CallMemberFunction2,19,4,""
004908fd,FUN_004908fd,11,1,""
00490910,__CallSettingFrame@12,76,3,"__NLG_Notify1"
0049095c,___except_validate_context_record,48,1,""
0049098c,___except_validate_jump_buffer,45,1,""
004909b9,___vcrt_initialize_locks,60,0,"___vcrt_InitializeCriticalSectionEx ___vcrt_uninitialize_locks"
004909f5,___vcrt_uninitialize_locks,47,0,"DeleteCriticalSection"
00490a30,FUN_00490a30,141,3,"FUN_004914bb __NLG_Notify"
00490b2c,_EH4_CallFilterFunc,23,1,""
00490b44,_EH4_TransferToHandler,25,1,"__NLG_Notify"
00490b60,_EH4_GlobalUnwind2,26,2,"RtlUnwind"
00490b7c,_EH4_LocalUnwind,23,4,"FUN_00490a30"
00490b93,try_get_first_available_module,154,2,"FreeLibrary GetLastError LoadLibraryExW _wcsncmp"
00490c2d,try_get_function,73,4,"GetProcAddress try_get_first_available_module"
00490c76,___vcrt_FlsAlloc,59,1,"guard_check_icall try_get_function"
00490cb1,___vcrt_FlsFree,59,1,"TlsFree guard_check_icall try_get_function"
00490cec,___vcrt_FlsGetValue,59,1,"TlsGetValue guard_check_icall try_get_function"
00490d27,___vcrt_FlsSetValue,62,2,"TlsSetValue guard_check_icall try_get_function"
00490d65,___vcrt_InitializeCriticalSectionEx,71,3,"InitializeCriticalSectionAndSpinCount guard_check_icall try_get_function"
00490dac,FUN_00490dac,28,0,"FUN_0049cbbf ___vcrt_getptd guard_check_icall"
00490dc9,GetCurrentState,29,3,""
00490de6,SetState,14,3,""
00490e00,FUN_00490e00,1330,3,""
00491380,__global_unwind2,33,1,"RtlUnwind"
004913e6,__local_unwind2,132,2,"FUN_004914bb __NLG_Notify"
00491490,__NLG_Notify1,9,1,""
0049149c,__NLG_Notify,31,1,""
004914bb,FUN_004914bb,3,0,""
004914c0,FUN_004914c0,1330,3,""
00491a34,FUN_00491a34,11,1,"__malloc_base"
00491a3f,FUN_00491a3f,27,1,"FID_conflict:_free"
00491a5a,common_vsprintf<__crt_stdio_output::standard_base,char>,382,6,"FUN_0049b90c _LocaleUpdate __errno __security_check_cookie output_adapter_data<char,__crt_stdio_output::string_output_adapter<char>_> process ~formatting_buffer"
00491bd8,count<char>,24,1,""
00491bf0,ensure_buffer_is_big_enough<char>,125,2,"FID_conflict:_free __errno __malloc_base operator="
00491c6d,is_wide_character_specifier<char>,49,3,""
00491c9e,scratch_data<char>,30,1,"count<char>"
00491cbc,type_case_integer_parse_into_buffer<>,115,4,"count<char>"
00491d2f,type_case_integer_parse_into_buffer<>,142,5,"__aulldvrm count<char>"
00491dbd,write_multiple_characters<__crt_stdio_output::string_output_adapter<char>,char>,44,4,"write_character"
00491de9,common_data<char>,69,1,""
00491e2e,output_adapter_data<char,__crt_stdio_output::string_output_adapter<char>_>,60,6,"common_data<char>"
00491e6a,_LocaleUpdate,131,2,"FUN_0049dacc ___acrt_update_locale_info ___acrt_update_multibyte_info"
00491eed,~formatting_buffer,26,1,"FID_conflict:_free"
00491f07,operator=,36,2,"FID_conflict:_free"
00491f2b,crop_zeroes,96,2,""
00491f8b,find_next_state,61,2,""
00491fc8,force_decimal_point,92,2,""
00492024,parse_int_from_format_string,116,2,"__errno _strtol"
00492098,process,244,1,"FUN_0049b90c __errno find_next_state state_case_flag state_case_normal state_case_precision state_case_size state_case_type state_case_width validate"
004921ac,state_case_flag,61,1,""
004921e9,state_case_normal,31,1,"FUN_0049b90c __errno state_case_normal_common"
00492208,state_case_normal_common,42,1,"state_case_normal_tchar write_character"
00492232,state_case_normal_tchar,100,1,"FUN_0049b90c ___acrt_locale_get_ctype_array_value __errno write_character"
00492296,state_case_precision,38,1,"parse_int_from_format_string"
004922bc,state_case_size,334,1,"FUN_0049b90c __errno state_case_type"
0049240a,state_case_type,562,1,"type_case_Z type_case_a type_case_c_tchar type_case_integer type_case_n type_case_o type_case_p type_case_s write_multiple_characters<__crt_stdio_output::string_output_adapter<char>,char> write_stored_string_tchar write_string"
0049263c,state_case_width,43,1,"parse_int_from_format_string"
00492667,to_integer_size,49,1,""
004926bb,type_case_Z,90,1,"is_wide_character_specifier<char>"
00492715,type_case_a,335,1,"___acrt_fp_format count<char> crop_zeroes ensure_buffer_is_big_enough<char> force_decimal_point scratch_data<char>"
00492864,type_case_c_tchar,144,1,"_wctomb_s count<char> is_wide_character_specifier<char>"
004928f4,type_case_integer,337,3,"FUN_0049b90c __errno ensure_buffer_is_big_enough<char> to_integer_size type_case_integer_parse_into_buffer<> type_case_integer_parse_into_buffer<>"
00492a45,type_case_n,116,1,"FUN_0049b90c __errno __get_printf_count_output to_integer_size"
00492ab9,type_case_o,31,1,"type_case_integer"
00492ad8,type_case_p,24,1,"type_case_integer"
00492af0,type_case_s,113,1,"FUN_0049d4bc FUN_0049d5de is_wide_character_specifier<char>"
00492b61,validate,27,1,"FUN_0049b90c __errno"
00492b7c,write_character,66,3,""
00492bbe,write_stored_string_tchar,167,1,"__security_check_cookie _wctomb_s write_string"
00492c65,write_string,103,5,"FUN_004914c0"
00492ccc,___acrt_locale_get_ctype_array_value,34,3,""
00492cee,___stdio_common_vsprintf,36,7,"common_vsprintf<__crt_stdio_output::standard_base,char>"
00492d90,~__crt_unique_heap_ptr<__acrt_thread_parameter,_anon_4E93FCDD::thread_parameter_free_policy>,55,1,"CloseHandle FID_conflict:_free FreeLibrary"
00492dc7,common_end_thread,86,1,"CloseHandle ExitThread FreeLibraryAndExitThread ___acrt_RoUninitialize@0 ___acrt_getptd_noexit"
00492e1e,create_thread_parameter,80,2,"FID_conflict:_free GetModuleHandleExW __calloc_base ~__crt_unique_heap_ptr<__acrt_thread_parameter,_anon_4E93FCDD::thread_parameter_free_policy>"
00492e6e,__beginthreadex,131,6,"CreateThread FUN_0049b90c GetLastError ___acrt_errno_map_os_error __errno create_thread_parameter ~__crt_unique_heap_ptr<__acrt_thread_parameter,_anon_4E93FCDD::thread_parameter_free_policy>"
00492ef1,__endthreadex,14,1,"common_end_thread"
00492eff,is_overflow_condition<unsigned_long>,49,2,""
00492f30,is_overflow_condition<unsigned___int64>,65,2,""
00492f71,parse_integer<unsigned_long,__crt_strtox::c_string_character_source<char>_>,549,4,"FUN_0049b90c _LocaleUpdate __errno __ischartype_l is_overflow_condition<unsigned_long> unget validate"
00493196,parse_integer<unsigned___int64,__crt_strtox::c_string_character_source<char>_>,678,4,"FUN_0049b90c _LocaleUpdate __allmul __aulldvrm __errno __ischartype_l is_overflow_condition<unsigned___int64> unget validate"
0049343c,parse_integer<unsigned___int64,__crt_strtox::c_string_character_source<wchar_t>_>,1745,4,"FUN_0049b90c _LocaleUpdate __allmul __aulldvrm __errno _iswctype is_overflow_condition<unsigned___int64> unget validate"
00493b0d,unget,41,2,"FUN_0049b90c __errno"
00493b36,unget,46,2,"FUN_0049b90c __errno"
00493b64,validate,27,1,"FUN_0049b90c __errno"
00493b7f,validate,27,1,"FUN_0049b90c __errno"
00493b9a,__ischartype_l,84,3,"___acrt_locale_get_ctype_array_value ___pctype_func __isctype_l"
00493bee,FID_conflict:_atoi,35,1,"parse_integer<unsigned_long,__crt_strtox::c_string_character_source<char>_>"
00493c11,FID_conflict:_atoi,35,1,"parse_integer<unsigned_long,__crt_strtox::c_string_character_source<char>_>"
00493c34,__acrt_convert_wcs_mbs_cp<>,207,4,"GetLastError ___acrt_WideCharToMultiByte ___acrt_errno_map_os_error __errno allocate deallocate"
00493d03,__acrt_get_current_directory_narrow_acp_or_utf8<__crt_win32_buffer_internal_dynamic_resizing>,154,1,"FID_conflict:_free __acrt_get_current_directory_wide<__crt_win32_buffer_internal_dynamic_resizing> __acrt_get_utf8_acp_compatibility_codepage __acrt_wcs_to_mbs_cp<__crt_win32_buffer_internal_dynamic_resizing> __security_check_cookie"
00493d9d,__acrt_get_current_directory_wide<__crt_win32_buffer_internal_dynamic_resizing>,89,1,"GetCurrentDirectoryW GetLastError ___acrt_errno_map_os_error __errno allocate"
00493df6,__acrt_wcs_to_mbs_cp<__crt_win32_buffer_internal_dynamic_resizing>,29,3,"__acrt_convert_wcs_mbs_cp<>"
00493e13,common_chdir<char>,208,1,"FID_conflict:_free FUN_0049b90c GetLastError ___acrt_SetCurrentDirectoryA ___acrt_errno_map_os_error ___doserrno __acrt_get_current_directory_narrow_acp_or_utf8<__crt_win32_buffer_internal_dynamic_resizing> __errno __security_check_cookie set_cwd_environment_variable<char>"
00493ee3,set_cwd_environment_variable<char>,87,1,"GetLastError ___acrt_SetEnvironmentVariableA ___acrt_errno_map_os_error _toupper"
00493f3a,__acrt_get_utf8_acp_compatibility_codepage,63,0,"_LocaleUpdate ___acrt_AreFileApisANSI@0"
00493f79,deallocate,26,1,"FID_conflict:_free"
00493f93,_deallocate,26,1,"FID_conflict:_free"
00493fad,allocate,60,2,"allocate deallocate"
00493fe9,allocate,63,2,"_deallocate allocate"
00494028,allocate,31,3,"__malloc_base"
00494047,FUN_00494047,11,1,"common_chdir<char>"
00494060,_strncmp,115,3,""
004940d8,assemble_floating_point_snan<double>,33,2,""
004940f9,assemble_floating_point_value_t<float>,48,4,""
00494129,assemble_floating_point_value_t<double>,66,4,""
0049416b,common_vsscanf<char>,180,6,"FUN_0049b90c FUN_0049d4bc _LocaleUpdate __errno __security_check_cookie input_processor<char,__crt_stdio_input::string_input_adapter<char>_> process"
0049421f,common_vsscanf<wchar_t>,153,6,"FID_conflict:_free FUN_0049b90c FUN_0049d5de _LocaleUpdate __errno input_processor<wchar_t,__crt_stdio_input::string_input_adapter<wchar_t>_> process"
004942b8,convert_decimal_string_to_floating_type<float>,33,2,"convert_decimal_string_to_floating_type_common"
004942d9,convert_decimal_string_to_floating_type<double>,33,2,"convert_decimal_string_to_floating_type_common"
004942fa,convert_hexadecimal_string_to_floating_type<float>,33,2,"convert_hexadecimal_string_to_floating_type_common"
0049431b,convert_hexadecimal_string_to_floating_type<double>,33,2,"convert_hexadecimal_string_to_floating_type_common"
0049433c,make_input_adapter_character_source<>,30,5,"input_adapter_character_source<>"
0049435a,make_input_adapter_character_source<>,30,5,"input_adapter_character_source<>"
00494378,parse_floating_point<>,121,1,"FUN_0049b90c __errno __security_check_cookie parse_floating_point_from_source<__crt_strtox::input_adapter_character_source<__crt_stdio_input::string_input_adapter<char>_>_> parse_floating_point_write_result<float>"
004943f1,parse_floating_point<>,121,1,"FUN_0049b90c __errno __security_check_cookie parse_floating_point_from_source<__crt_strtox::input_adapter_character_source<__crt_stdio_input::string_input_adapter<char>_>_> parse_floating_point_write_result<double>"
0049446a,parse_floating_point<>,121,1,"FUN_0049b90c __errno __security_check_cookie parse_floating_point_from_source<> parse_floating_point_write_result<float>"
004944e3,parse_floating_point<>,121,1,"FUN_0049b90c __errno __security_check_cookie parse_floating_point_from_source<> parse_floating_point_write_result<double>"
0049455c,parse_floating_point_from_source<__crt_strtox::input_adapter_character_source<__crt_stdio_input::string_input_adapter<char>_>_>,1117,3,"FID_conflict:operator() __ischartype_l get parse_floating_point_possible_infinity<char,__crt_strtox::input_adapter_character_source<__crt_stdio_input::string_input_adapter<char>_>,unsigned___int64> parse_floating_point_possible_nan<char,__crt_strtox::input_adapter_character_source<__crt_stdio_input::string_input_adapter<char>_>,unsigned___int64> unget validate"
004949b9,parse_floating_point_from_source<>,3074,3,"FID_conflict:operator() _iswctype get parse_floating_point_possible_infinity<> parse_floating_point_possible_nan<> unget validate"
004955bb,parse_floating_point_possible_infinity<char,__crt_strtox::input_adapter_character_source<__crt_stdio_input::string_input_adapter<char>_>,unsigned___int64>,191,3,"FID_conflict:operator() get unget"
0049567a,parse_floating_point_possible_infinity<>,205,4,"FID_conflict:operator() get unget"
00495747,parse_floating_point_possible_nan<char,__crt_strtox::input_adapter_character_source<__crt_stdio_input::string_input_adapter<char>_>,unsigned___int64>,283,3,"FID_conflict:operator() get parse_floating_point_possible_nan_is_ind<char,__crt_strtox::input_adapter_character_source<__crt_stdio_input::string_input_adapter<char>_>_> parse_floating_point_possible_nan_is_snan<char,__crt_strtox::input_adapter_character_source<__crt_stdio_input::string_input_adapter<char>_>_> unget"
00495862,parse_floating_point_possible_nan<>,305,4,"FID_conflict:operator() get parse_floating_point_possible_nan_is_ind<> parse_floating_point_possible_nan_is_snan<> unget"
00495993,parse_floating_point_possible_nan_is_ind<char,__crt_strtox::input_adapter_character_source<__crt_stdio_input::string_input_adapter<char>_>_>,58,2,"get"
004959cd,parse_floating_point_possible_nan_is_ind<>,64,2,"get"
00495a0d,parse_floating_point_possible_nan_is_snan<char,__crt_strtox::input_adapter_character_source<__crt_stdio_input::string_input_adapter<char>_>_>,58,2,"get"
00495a47,parse_floating_point_possible_nan_is_snan<>,64,2,"get"
00495a87,parse_floating_point_write_result<float>,323,3,"convert_decimal_string_to_floating_type<float> convert_hexadecimal_string_to_floating_type<float>"
00495bf3,parse_floating_point_write_result<double>,249,3,"assemble_floating_point_snan<double> convert_decimal_string_to_floating_type<double> convert_hexadecimal_string_to_floating_type<double>"
00495d17,parse_integer<unsigned___int64,__crt_strtox::input_adapter_character_source<__crt_stdio_input::string_input_adapter<char>_>_>,702,4,"FUN_0049b90c _LocaleUpdate __allmul __aulldvrm __errno __ischartype_l get is_overflow_condition<unsigned___int64> restore_state unget validate"
00495fd5,parse_integer<>,1526,1,"FUN_0049b90c _LocaleUpdate __allmul __aulldvrm __errno _iswctype get is_overflow_condition<unsigned___int64> restore_state unget validate"
004965cb,process_floating_point_specifier_t<float>,102,1,"make_input_adapter_character_source<> parse_floating_point<> write_floating_point<float>"
00496631,process_floating_point_specifier_t<float>,102,1,"make_input_adapter_character_source<> parse_floating_point<> write_floating_point<float>"
00496697,process_floating_point_specifier_t<double>,102,1,"make_input_adapter_character_source<> parse_floating_point<> write_floating_point<double>"
004966fd,process_floating_point_specifier_t<double>,102,1,"make_input_adapter_character_source<> parse_floating_point<> write_floating_point<double>"
00496763,process_string_specifier_tchar<char>,349,3,"FUN_0049b90c __errno get is_character_allowed_in_string unget"
004968c0,process_string_specifier_tchar<char>,358,3,"FUN_0049b1bc FUN_0049b90c __errno get is_character_allowed_in_string unget"
00496a26,process_string_specifier_tchar<wchar_t>,359,3,"FUN_0049b90c __errno get is_character_allowed_in_string unget write_character"
00496b8d,process_string_specifier_tchar<wchar_t>,359,3,"FUN_0049b90c __errno get is_character_allowed_in_string unget"
00496cf4,skip_whitespace<__crt_stdio_input::string_input_adapter,char>,47,2,"__ischartype_l get"
00496d23,skip_whitespace<__crt_stdio_input::string_input_adapter,wchar_t>,47,2,"_iswctype get"
00496d52,write_floating_point<float>,52,2,"FUN_0049b90c __errno"
00496d86,write_floating_point<float>,52,2,"FUN_0049b90c __errno"
00496dba,write_floating_point<double>,58,2,"FUN_0049b90c __errno"
00496df4,write_floating_point<double>,58,2,"FUN_0049b90c __errno"
00496e2e,format_string_parser<char>,74,3,""
00496e78,format_string_parser<wchar_t>,62,3,""
00496eb6,input_adapter_character_source<>,49,5,""
00496ee7,input_adapter_character_source<>,49,5,""
00496f18,input_processor<char,__crt_stdio_input::string_input_adapter<char>_>,68,6,"format_string_parser<char>"
00496f5c,input_processor<wchar_t,__crt_stdio_input::string_input_adapter<wchar_t>_>,68,6,"format_string_parser<wchar_t>"
00496fa0,operator=,36,2,"FID_conflict:_free"
00496fc4,FID_conflict:operator(),44,1,"restore_state unget"
00496ff0,FID_conflict:operator(),42,1,"restore_state unget"
0049701a,FID_conflict:operator(),44,1,"restore_state unget"
00497046,FID_conflict:operator(),42,1,"restore_state unget"
00497070,FID_conflict:operator(),42,1,"restore_state unget"
0049709a,FID_conflict:operator(),44,1,"restore_state unget"
004970c6,advance,280,1,"_isspace scan_conversion_specifier scan_optional_field_width scan_optional_length_modifier scan_optional_literal_character_trail_bytes_tchar scan_optional_wide_modifier"
004971de,advance,260,1,"_iswctype reset_token_state_for_error scan_conversion_specifier scan_optional_assignment_suppressor scan_optional_field_width scan_optional_length_modifier scan_optional_wide_modifier"
004972e2,FUN_004972e2,36,1,"__invoke_watson"
00497307,FUN_00497307,36,1,"__invoke_watson"
0049732c,assemble_floating_point_infinity,64,2,"FUN_004972e2 FUN_00497307"
0049736c,assemble_floating_point_value,841,5,"FUN_004972e2 FUN_00497307 __allshl __aullshr assemble_floating_point_infinity assemble_floating_point_value_t<double> assemble_floating_point_value_t<float> assemble_floating_point_zero denormal_mantissa_mask fegetround normal_mantissa_mask"
004976b5,assemble_floating_point_value_from_big_integer,404,5,"__allshl __aullshr assemble_floating_point_value"
00497849,assemble_floating_point_zero,53,2,"FUN_004972e2 FUN_00497307"
0049787e,convert_decimal_string_to_floating_type_common,7487,2,"FUN_004914c0 __allshl __aullshr __security_check_cookie _memcpy_s _memset assemble_floating_point_infinity assemble_floating_point_value assemble_floating_point_value_from_big_integer assemble_floating_point_zero divide"
004995bd,convert_hexadecimal_string_to_floating_type_common,166,2,"assemble_floating_point_value normal_mantissa_mask"
00499663,data,57,1,"FID_conflict:_free __calloc_base operator="
0049969c,denormal_mantissa_mask,23,1,""
004996c0,divide,1170,2,"__allmul __allshl __aulldvrm _memcpy_s"
00499b58,get,55,1,"get"
00499b8f,get,63,1,"get"
00499bce,get,22,1,""
00499be4,get,26,1,""
00499bfe,invert,30,1,""
00499c1c,invert,46,1,"data"
00499c4a,is_character_allowed_in_string,80,3,""
00499c9a,is_character_allowed_in_string,74,3,"test"
00499ce4,length,65,1,"to_floating_point_length to_integer_length"
00499d25,length,65,1,"to_floating_point_length to_integer_length"
00499d66,normal_mantissa_mask,23,1,""
00499d7d,process,132,1,"FUN_0049b90c __errno advance get process_state unget validate validate"
00499e01,process,141,1,"FUN_0049b90c __errno advance get process_state unget validate validate"
00499e8e,process_character_count_specifier,24,1,"write_integer"
00499ec0,process_conversion_specifier,76,1,"process_character_count_specifier process_floating_point_specifier process_integer_specifier process_string_specifier"
00499f34,process_conversion_specifier,76,1,"process_floating_point_specifier process_integer_specifier process_string_specifier"
00499fa8,process_floating_point_specifier,48,1,"length process_floating_point_specifier_t<double> process_floating_point_specifier_t<float> process_whitespace"
00499fd8,process_floating_point_specifier,48,1,"length process_floating_point_specifier_t<double> process_floating_point_specifier_t<float> process_whitespace"
0049a008,process_integer_specifier,98,3,"make_input_adapter_character_source<> parse_integer<unsigned___int64,__crt_strtox::input_adapter_character_source<__crt_stdio_input::string_input_adapter<char>_>_> process_whitespace write_integer"
0049a06a,process_integer_specifier,98,3,"make_input_adapter_character_source<> parse_integer<> process_whitespace write_integer"
0049a0cc,process_literal_character,54,1,"get process_literal_character_tchar unget"
0049a102,process_literal_character,53,1,"get unget"
0049a137,process_literal_character_tchar,78,2,"___pctype_func get unget"
0049a185,process_state,66,1,"process_conversion_specifier process_literal_character process_whitespace"
0049a1c7,process_state,66,1,"process_conversion_specifier process_literal_character process_whitespace"
0049a209,process_string_specifier,72,2,"length process_string_specifier_tchar<char> process_string_specifier_tchar<wchar_t> process_whitespace"
0049a251,process_string_specifier,72,2,"length process_string_specifier_tchar<char> process_string_specifier_tchar<wchar_t> process_whitespace"
0049a299,process_whitespace,29,1,"skip_whitespace<__crt_stdio_input::string_input_adapter,char> unget"
0049a2b6,process_whitespace,32,1,"skip_whitespace<__crt_stdio_input::string_input_adapter,wchar_t> unget"
0049a2d6,reset,26,1,"_memset data"
0049a2f0,reset_token_state_for_error,43,2,""
0049a31b,restore_state,37,3,""
0049a340,restore_state,37,3,""
0049a365,scan_conversion_specifier,368,1,"scan_scanset_range set_wide_for_c_s_or_scanset"
0049a4d5,scan_conversion_specifier,337,1,"reset_token_state_for_error scan_scanset_range set_wide_for_c_s_or_scanset"
0049a626,scan_optional_assignment_suppressor,20,1,""
0049a63a,scan_optional_field_width,157,1,"strtoull"
0049a6d7,scan_optional_field_width,550,1,"reset_token_state_for_error wcstoull"
0049a8fd,scan_optional_length_modifier,271,1,""
0049aa0c,scan_optional_length_modifier,314,1,""
0049ab46,scan_optional_literal_character_trail_bytes_tchar,82,2,"___pctype_func"
0049ab98,scan_optional_wide_modifier,30,1,""
0049abb6,scan_optional_wide_modifier,42,1,"should_default_to_wide"
0049abe0,scan_scanset_range,312,1,"invert"
0049ad18,scan_scanset_range,359,1,"data invert reset reset_token_state_for_error set"
0049ae7f,set,38,2,"data"
0049aea5,set_wide_for_c_s_or_scanset,32,1,""
0049aec5,set_wide_for_c_s_or_scanset,32,1,""
0049aee5,should_default_to_wide,52,2,""
0049af19,test,43,2,"data"
0049af44,to_floating_point_length,35,1,""
0049af67,to_integer_length,49,1,""
0049afba,unget,71,2,"unget"
0049b001,unget,75,2,"unget"
0049b04c,unget,31,2,""
0049b06b,unget,38,2,""
0049b091,validate,28,1,"FUN_0049b90c __errno"
0049b0ad,validate,28,1,"FUN_0049b90c __errno"
0049b0c9,validate,33,1,"FUN_0049b90c __errno"
0049b0ea,validate,33,1,"FUN_0049b90c __errno"
0049b10b,validate,34,1,"FUN_0049b90c __errno"
0049b12d,validate,34,1,"FUN_0049b90c __errno"
0049b14f,write_character,109,6,"___pctype_func __mbtowc_l get"
0049b1bc,FUN_0049b1bc,133,5,"__invoke_watson _wctomb_s"
0049b242,write_integer,110,2,"FUN_0049b90c __errno length"
0049b2b0,write_integer,110,2,"FUN_0049b90c __errno length"
0049b31e,___stdio_common_vsscanf,36,7,"common_vsscanf<char>"
0049b342,___stdio_common_vswscanf,36,7,"common_vsscanf<wchar_t>"
0049b366,_memcpy_s,129,4,"FUN_004914c0 FUN_0049b90c __errno _memset"
0049b3e7,common_timespec_get<_timespec64>,131,2,"FUN_0049b90c ___acrt_GetSystemTimePreciseAsFileTime@4 __alldvrm __errno"
0049b46a,FID_conflict:__time64,64,1,"common_timespec_get<_timespec64>"
0049b4aa,FUN_0049b4aa,654,2,"FUN_0049b90c FUN_0049f5a8 FUN_0049f5d4 FUN_0049f600 FUN_0049f8e9 ___tzset __alldiv __allrem __errno __invoke_watson __isindst"
0049b739,FID_conflict:common_gmtime<long>,39,1,"FUN_0049b4aa ___getgmtimebuf"
0049b760,___acrt_call_reportfault,313,3,"FUN_0048e9ed IsDebuggerPresent SetUnhandledExceptionFilter UnhandledExceptionFilter __security_check_cookie _memset"
0049b899,FUN_0049b899,15,1,""
0049b8a8,FUN_0049b8a8,99,5,"___acrt_getptd_noexit __invoke_watson guard_check_icall"
0049b90c,FUN_0049b90c,16,0,"FUN_0049b8a8"
0049b91c,__invoke_watson,52,5,"GetCurrentProcess IsProcessorFeaturePresent TerminateProcess ___acrt_call_reportfault"
0049b950,___ascii_stricmp,57,2,""
0049b989,__stricmp,73,2,"FUN_0049b90c ___ascii_stricmp __errno __stricmp_l"
0049b9d2,__stricmp_l,142,3,"FUN_0049b90c _LocaleUpdate __errno"
0049ba60,__acrt_convert_wcs_mbs_cp<char,wchar_t,<lambda_62f6974d9771e494a5ea317cc32e971c>,__crt_win32_buffer_internal_dynamic_resizing>,178,4,"GetLastError ___acrt_MultiByteToWideChar ___acrt_errno_map_os_error __errno _deallocate allocate"
0049bb12,__acrt_mbs_to_wcs_cp<__crt_win32_buffer_internal_dynamic_resizing>,29,3,"__acrt_convert_wcs_mbs_cp<char,wchar_t,<lambda_62f6974d9771e494a5ea317cc32e971c>,__crt_win32_buffer_internal_dynamic_resizing>"
0049bb2f,__mkdir,106,1,"FID_conflict:_free __acrt_get_utf8_acp_compatibility_codepage __acrt_mbs_to_wcs_cp<__crt_win32_buffer_internal_dynamic_resizing> __wmkdir"
0049bb99,FUN_0049bb99,33,0,"FUN_0049dacc"
0049bbba,FUN_0049bbba,15,1,""
0049bbc9,__callnewh,45,1,"__query_new_handler guard_check_icall"
0049bbf6,__query_new_handler,80,0,"FUN_0048ea00 FUN_0049bc49 ___acrt_lock"
0049bc49,FUN_0049bc49,9,0,"___acrt_unlock"
0049bc52,__seh_filter_exe,344,2,"___acrt_getptd_noexit guard_check_icall"
0049bdaa,operator()<<lambda_03b1d95aef87969028cfba75ccab2455>,<lambda_6e4b09c48022b2350581041d5f6b0c4c>&,<lambda_22bdf7517842c4b3e53723af5aa32b9e>_>,65,4,"FUN_0048ea00 FUN_0049bdeb ___acrt_lock operator()"
0049bdeb,FUN_0049bdeb,12,0,"___acrt_unlock"
0049bdf7,__crt_fast_encode_pointer<void_(__stdcall*)(void*,unsigned_long,void*)>,31,1,""
0049be16,operator(),193,1,"FUN_0048ea00 __execute_onexit_table __initterm guard_check_icall"
0049bef0,FUN_0049bef0,19,1,""
0049bf03,common_exit,100,3,"exit_or_terminate_process is_managed_app operator()<<lambda_03b1d95aef87969028cfba75ccab2455>,<lambda_6e4b09c48022b2350581041d5f6b0c4c>&,<lambda_22bdf7517842c4b3e53723af5aa32b9e>_> try_cor_exit_process"
0049bf67,exit_or_terminate_process,65,1,"ExitProcess GetCurrentProcess TerminateProcess ___acrt_get_process_end_policy try_cor_exit_process"
0049bfa9,is_managed_app,67,0,"GetModuleHandleW"
0049bfec,try_cor_exit_process,83,1,"FreeLibrary GetModuleHandleExW GetProcAddress guard_check_icall"
0049c03f,FUN_0049c03f,15,1,""
0049c05d,__cexit,15,0,"common_exit"
0049c06c,FID_conflict:__Exit,22,1,"common_exit"
0049c082,__register_thread_local_exe_atexit_callback,38,1,"__crt_fast_encode_pointer<void_(__stdcall*)(void*,unsigned_long,void*)>"
0049c0a8,_exit,22,1,"common_exit"
0049c0be,common_configure_argv<char>,310,1,"FID_conflict:_free FUN_0049b90c FUN_004a08be ___acrt_GetModuleFileNameA ___acrt_allocate_buffer_for_argv ___acrt_initialize_multibyte __errno parse_command_line<char>"
0049c1f4,parse_command_line<char>,375,5,"__ismbblead"
0049c36b,___acrt_allocate_buffer_for_argv,79,3,"FID_conflict:_free __calloc_base"
0049c3ba,FUN_0049c3ba,11,1,"common_configure_argv<char>"
0049c3c5,common_get_or_create_environment_nolock<char>,44,0,"common_initialize_environment_nolock<char> initialize_environment_by_cloning_nolock<char>"
0049c3f1,common_initialize_environment_nolock<char>,83,0,"FID_conflict:_free FUN_0049c444 ___acrt_initialize_multibyte ___dcrt_get_narrow_environment_from_os"
0049c444,FUN_0049c444,207,1,"FID_conflict:_free __calloc_base __invoke_watson _strcpy_s free_environment<>"
0049c514,free_environment<>,47,1,"FID_conflict:_free"
0049c543,free_environment<>,47,1,"FID_conflict:_free"
0049c572,initialize_environment_by_cloning_nolock<char>,131,0,"FID_conflict:_free FUN_004a16fc ___acrt_WideCharToMultiByte __calloc_base"
0049c5f5,uninitialize<>,41,2,"guard_check_icall"
0049c61e,uninitialize<>,41,2,"guard_check_icall"
0049c647,uninitialize_environment_internal<>,27,1,"free_environment<>"
0049c662,uninitialize_environment_internal<>,27,1,"free_environment<>"
0049c67d,common_get_or_create_environment_nolock<char>,5,0,""
0049c682,FUN_0049c682,55,0,"free_environment<> free_environment<> uninitialize<> uninitialize<>"
0049c6b9,common_initialize_environment_nolock<char>,5,0,""
0049c6be,operator()<<lambda_69a2805e680e0e292e8ba93315fe43a8>,<lambda_f03950bc5685219e0bcd2087efbe011e>&,<lambda_03fcd07e894ec930e3f35da366ca99d6>_>,76,4,"FUN_0048ea00 FUN_0049c70d ___acrt_lock operator()"
0049c70d,FUN_0049c70d,12,0,"___acrt_unlock"
0049c719,operator()<<lambda_8e746cf0007f6ed984d6f78af1fec997>,<lambda_22ebabd17bc4fa466a2aca6d8deb888d>&,<lambda_18ed0c0b38a6dc0daf1e7ac6d6adf05e>_>,76,4,"FUN_0048ea00 FUN_0049c768 ___acrt_lock operator()"
0049c768,FUN_0049c768,12,0,"___acrt_unlock"
0049c774,__crt_fast_encode_pointer<>,31,1,""
0049c793,__crt_fast_encode_pointer<>,31,1,""
0049c7b2,operator(),297,1,"FID_conflict:_free __crt_fast_encode_pointer<> __crt_fast_encode_pointer<> __recalloc_base"
0049c8db,operator(),218,1,"FID_conflict:_free guard_check_icall"
0049c9b5,__crt_atexit,22,0,"__register_onexit_function"
0049c9cb,__execute_onexit_table,45,0,"operator()<<lambda_69a2805e680e0e292e8ba93315fe43a8>,<lambda_f03950bc5685219e0bcd2087efbe011e>&,<lambda_03fcd07e894ec930e3f35da366ca99d6>_>"
0049c9f8,__initialize_onexit_table,41,1,""
0049ca21,__register_onexit_function,51,0,"operator()<<lambda_8e746cf0007f6ed984d6f78af1fec997>,<lambda_22ebabd17bc4fa466a2aca6d8deb888d>&,<lambda_18ed0c0b38a6dc0daf1e7ac6d6adf05e>_>"
0049cac9,uninitialize_allocated_memory,23,0,"operator()"
0049cb30,__crt_fast_encode_pointer<void*>,31,1,""
0049cb4f,operator(),46,2,"FID_conflict:_free"
0049cb7d,___acrt_initialize,18,0,"___acrt_execute_initializers"
0049cb8f,___acrt_uninitialize,48,1,"___acrt_execute_uninitializers __flushall"
0049cbbf,FUN_0049cbbf,52,0,"FUN_0048ea00 FUN_0049cf3d FUN_0049dacc guard_check_icall"
0049cbfb,FUN_0049cbfb,6,0,""
0049cc01,FUN_0049cc01,15,1,""
0049cc10,__crt_fast_encode_pointer<int_(__cdecl*)(_exception*)>,31,1,""
0049cc2f,___acrt_has_user_matherr,24,0,""
0049cc47,FUN_0049cc47,15,1,""
0049cc56,___acrt_invoke_user_matherr,50,1,"guard_check_icall"
0049cc88,___setusermatherr,21,1,"__crt_fast_encode_pointer<int_(__cdecl*)(_exception*)>"
0049cc9d,__get_narrow_winmain_command_line,83,0,"___acrt_initialize_multibyte __ismbblead"
0049ccf0,__initterm,69,2,"guard_check_icall"
0049cd35,__initterm_e,46,2,"guard_check_icall"
0049cd63,__set_fmode,61,1,"FUN_0049b90c __errno"
0049cda0,operator()<<lambda_e5124f882df8998aaf41531e079ba474>,<lambda_3e16ef9562a7dcce91392c22ab16ea36>&,<lambda_e25ca0880e6ef98be67edffd8c599615>_>,98,4,"FUN_0048ea00 FUN_0049ce02 ___acrt_lock __updatetlocinfoEx_nolock"
0049ce02,FUN_0049ce02,12,0,"___acrt_unlock"
0049ce0e,___acrt_set_locale_changed,11,0,""
0049ce19,___acrt_uninitialize_locale,39,0,"operator()<<lambda_e5124f882df8998aaf41531e079ba474>,<lambda_3e16ef9562a7dcce91392c22ab16ea36>&,<lambda_e25ca0880e6ef98be67edffd8c599615>_>"
0049ce40,__configthreadlocale,98,1,"FUN_0049b90c FUN_0049dacc __errno"
0049cea2,FUN_0049cea2,7,0,""
0049cea9,__set_new_mode,47,1,"FUN_0049b90c __errno"
0049ced8,FUN_0049ced8,6,0,""
0049cede,__controlfp_s,95,3,"FUN_0049b90c __control87 __errno"
0049cf3d,FUN_0049cf3d,67,0,"FID_conflict:__Exit FUN_004a1944 IsProcessorFeaturePresent ___acrt_call_reportfault ___acrt_get_sigabrt_handler"
0049cf81,_strcpy_s,90,3,"FUN_0049b90c __errno"
0049cfdb,FUN_0049cfdb,11,2,"__calloc_base"
0049cfe6,_wcsncmp,58,3,""
0049d020,__malloc_base,78,1,"FUN_0049cea2 HeapAlloc __callnewh __errno"
0049d06e,FID_conflict:_free,58,1,"FID_conflict:___acrt_errno_from_os_error GetLastError HeapFree __errno"
0049d0a8,FID_conflict:___acrt_errno_from_os_error,67,1,""
0049d0eb,___acrt_errno_map_os_error,35,1,"FID_conflict:___acrt_errno_from_os_error ___doserrno __errno"
0049d10e,___doserrno,19,0,"___acrt_getptd_noexit"
0049d121,__errno,19,0,"___acrt_getptd_noexit"
0049d134,make_c_string_character_source<>,27,3,""
0049d14f,make_c_string_character_source<>,27,3,""
0049d16a,_strtol,42,3,"make_c_string_character_source<> parse_integer<unsigned_long,__crt_strtox::c_string_character_source<char>_>"
0049d194,strtoull,42,3,"make_c_string_character_source<> parse_integer<unsigned___int64,__crt_strtox::c_string_character_source<char>_>"
0049d1be,wcstoull,42,3,"make_c_string_character_source<> parse_integer<unsigned___int64,__crt_strtox::c_string_character_source<wchar_t>_>"
0049d1e8,__mbtowc_l,322,4,"_LocaleUpdate ___acrt_MultiByteToWideChar __errno __isleadbyte_l __mbrtowc_utf8"
0049d32a,_mbtowc,26,3,"__mbtowc_l"
0049d344,__wctomb_s_l,347,5,"FUN_0049b90c GetLastError _LocaleUpdate ___acrt_WideCharToMultiByte __c32rtomb_utf8 __errno _memset"
0049d49f,_wctomb_s,29,4,"__wctomb_s_l"
0049d4bc,FUN_0049d4bc,290,2,""
0049d5de,FUN_0049d5de,432,2,""
0049d78e,operator()<<lambda_15ade71b0218206bbe3333a0c9b79046>,<lambda_da44e0f8b0f19ba52fefafb335991732>&,<lambda_207f2d024fc103971653565357d6cd41>_>,70,4,"FUN_0048ea00 FUN_0049d7d4 ___acrt_lock"
0049d7d4,FUN_0049d7d4,12,0,"___acrt_unlock"
0049d7e0,operator()<<lambda_38edbb1296d33220d7e4dd0ed76b244a>,<lambda_5ce1d447e08cb34b2473517608e21441>&,<lambda_fb385d3da700c9147fc39e65dd577a8c>_>,95,4,"FID_conflict:_free FUN_0048ea00 FUN_0049d83f ___acrt_lock"
0049d83f,FUN_0049d83f,12,0,"___acrt_unlock"
0049d84b,operator()<<lambda_6affb1475c98b40b75cdec977db92e3c>,<lambda_b8d4b9c228a6ecc3f80208dbb4b4a104>&,<lambda_608742c3c92a14382c1684fc64f96c88>_>,73,4,"FUN_0048ea00 FUN_0049d894 ___acrt_lock replace_current_thread_locale_nolock"
0049d894,FUN_0049d894,12,0,"___acrt_unlock"
0049d8a0,operator()<<lambda_a7e850c220f1c8d1e6efeecdedd162c6>,<lambda_46720907175c18b6c9d2717bc0d2d362>&,<lambda_9048902d66e8d99359bc9897bbb930a8>_>,78,4,"FUN_0048ea00 FUN_0049d8ee ___acrt_lock replace_current_thread_locale_nolock"
0049d8ee,FUN_0049d8ee,12,0,"___acrt_unlock"
0049d8fa,construct_ptd,153,2,"operator()<<lambda_15ade71b0218206bbe3333a0c9b79046>,<lambda_da44e0f8b0f19ba52fefafb335991732>&,<lambda_207f2d024fc103971653565357d6cd41>_> operator()<<lambda_a7e850c220f1c8d1e6efeecdedd162c6>,<lambda_46720907175c18b6c9d2717bc0d2d362>&,<lambda_9048902d66e8d99359bc9897bbb930a8>_>"
0049d993,destroy_fls,33,1,"FID_conflict:_free destroy_ptd"
0049d9b4,destroy_ptd,205,1,"FID_conflict:_free operator()<<lambda_38edbb1296d33220d7e4dd0ed76b244a>,<lambda_5ce1d447e08cb34b2473517608e21441>&,<lambda_fb385d3da700c9147fc39e65dd577a8c>_> operator()<<lambda_6affb1475c98b40b75cdec977db92e3c>,<lambda_b8d4b9c228a6ecc3f80208dbb4b4a104>&,<lambda_608742c3c92a14382c1684fc64f96c88>_>"
0049da81,replace_current_thread_locale_nolock,75,2,"___acrt_add_locale_ref ___acrt_free_locale ___acrt_release_locale_ref"
0049dacc,FUN_0049dacc,188,0,"FID_conflict:_free FUN_0049cf3d GetLastError SetLastError ___acrt_FlsGetValue@4 ___acrt_FlsSetValue@8 __calloc_base construct_ptd"
0049db89,FUN_0049db89,153,0,"FID_conflict:_free FUN_0049cf3d ___acrt_FlsGetValue@4 ___acrt_FlsSetValue@8 __calloc_base construct_ptd"
0049dc23,___acrt_getptd_noexit,181,0,"FID_conflict:_free GetLastError SetLastError ___acrt_FlsGetValue@4 ___acrt_FlsSetValue@8 __calloc_base construct_ptd"
0049dd04,FUN_0049dd04,26,0,"___acrt_FlsFree@4"
0049dd1e,___acrt_update_locale_info,45,2,"FUN_004a26f5"
0049dd4b,___acrt_update_multibyte_info,45,2,"___acrt_update_thread_multibyte_data"
0049dd78,__acrt_fp_classify,98,1,""
0049ddda,fp_format_a,793,9,"FUN_0048f130 FUN_0049b90c _LocaleUpdate __alldvrm __aullshr __errno _memset fp_format_e"
0049e0f3,fp_format_e,162,9,"FUN_0049e195 FUN_004a3015 ___acrt_fp_strflt_to_string"
0049e195,FUN_0049e195,327,8,"FUN_00490e00 FUN_0049b90c _LocaleUpdate __errno __invoke_watson _strcpy_s shift_bytes"
0049e2dd,fp_format_f,139,7,"FUN_004a3015 ___acrt_fp_strflt_to_string fp_format_f_internal"
0049e368,fp_format_f_internal,209,6,"_LocaleUpdate _memset shift_bytes"
0049e439,fp_format_g,193,9,"FUN_0049e195 FUN_004a3015 ___acrt_fp_strflt_to_string fp_format_f_internal"
0049e4fa,FUN_0049e4fa,148,5,"__invoke_watson _strcpy_s"
0049e58f,shift_bytes,52,4,"FUN_00490e00"
0049e5c3,___acrt_fp_format,315,10,"FUN_0049b90c FUN_0049e4fa __acrt_fp_classify __errno fp_format_a fp_format_e fp_format_f fp_format_g"
0049e6fe,__fileno,39,1,"FUN_0049b90c __errno"
0049e839,__lock_file,20,1,"EnterCriticalSection"
0049e84d,FUN_0049e84d,20,1,"LeaveCriticalSection"
0049e861,__get_printf_count_output,21,0,""
0049e876,initialize_inherited_file_handles_nolock,182,0,"GetFileType GetStartupInfoW ___acrt_lowio_ensure_fh_exists"
0049e92c,FUN_0049e92c,180,0,"GetFileType GetStdHandle"
0049ea37,FUN_0049ea37,9,0,"___acrt_unlock"
0049ea6c,__calloc_base,93,2,"FUN_0049cea2 HeapAlloc __callnewh __errno"
0049eac9,try_get_AreFileApisANSI,26,0,"try_get_function"
0049eae3,try_get_CompareStringEx,26,0,"try_get_function"
0049eafd,try_get_LCMapStringEx,26,0,"try_get_function"
0049eb17,try_get_LocaleNameToLCID,26,0,"try_get_function"
0049eb31,try_get_first_available_module,199,2,"FreeLibrary GetLastError LoadLibraryExW _wcsncmp"
0049ebf8,try_get_function,131,4,"GetProcAddress __crt_fast_encode_pointer<void*> try_get_first_available_module"
0049ec7b,___acrt_AppPolicyGetProcessTerminationMethodInternal@4,64,1,"guard_check_icall try_get_function"
0049ecbb,___acrt_AppPolicyGetThreadInitializationTypeInternal@4,64,1,"guard_check_icall try_get_function"
0049ecfb,___acrt_AreFileApisANSI@0,31,0,"guard_check_icall try_get_AreFileApisANSI"
0049ed1a,___acrt_CompareStringEx@36,93,9,"CompareStringW ___acrt_LocaleNameToLCID@8 guard_check_icall try_get_CompareStringEx"
0049ed77,___acrt_FlsAlloc@4,63,1,"TlsAlloc guard_check_icall try_get_function"
0049edb6,___acrt_FlsFree@4,63,1,"guard_check_icall try_get_function"
0049edf5,___acrt_FlsGetValue@4,63,1,"guard_check_icall try_get_function"
0049ee34,___acrt_FlsSetValue@8,66,2,"guard_check_icall try_get_function"
0049ee76,___acrt_GetSystemTimePreciseAsFileTime@4,63,1,"guard_check_icall try_get_function"
0049eeb5,___acrt_InitializeCriticalSectionEx@12,75,3,"InitializeCriticalSectionAndSpinCount guard_check_icall try_get_function"
0049ef00,___acrt_LCMapStringEx@36,93,9,"LCMapStringW ___acrt_LocaleNameToLCID@8 guard_check_icall try_get_LCMapStringEx"
0049ef5d,___acrt_LocaleNameToLCID@8,49,2,"___acrt_DownlevelLocaleNameToLCID guard_check_icall try_get_LocaleNameToLCID"
0049ef8e,___acrt_RoInitialize@4,59,1,"guard_check_icall try_get_function"
0049efc9,___acrt_RoUninitialize@0,46,0,"guard_check_icall try_get_function"
0049f022,___acrt_uninitialize_winapi_thunks,54,1,"FreeLibrary"
0049f058,___acrt_get_begin_thread_init_policy,68,0,"___acrt_AppPolicyGetThreadInitializationTypeInternal@4"
0049f09c,___acrt_get_process_end_policy,49,0,"___acrt_AppPolicyGetProcessTerminationMethodInternal@4"
0049f0cd,___pctype_func,36,0,"FUN_0049dacc ___acrt_update_locale_info"
0049f0f1,_iswctype,105,2,"___acrt_GetStringTypeW"
0049f15a,__isctype_l,203,3,"_LocaleUpdate ___acrt_GetStringTypeA __security_check_cookie"
0049f225,__toupper_l,261,2,"_LocaleUpdate ___acrt_LCMapStringA __errno __isleadbyte_l"
0049f32a,_toupper,48,1,"__toupper_l"
0049f35a,___acrt_SetEnvironmentVariableA,149,2,"FID_conflict:_free SetEnvironmentVariableW __acrt_get_utf8_acp_compatibility_codepage __acrt_mbs_to_wcs_cp<__crt_win32_buffer_internal_dynamic_resizing>"
0049f3ef,___acrt_SetCurrentDirectoryA,85,1,"FID_conflict:_free SetCurrentDirectoryW __acrt_get_utf8_acp_compatibility_codepage __acrt_mbs_to_wcs_cp<__crt_win32_buffer_internal_dynamic_resizing>"
0049f444,___acrt_WideCharToMultiByte,173,8,"WideCharToMultiByte"
0049f4f1,__isspace_l,54,2,"_LocaleUpdate __ischartype_l"
0049f527,_isspace,49,1,"___acrt_locale_get_ctype_array_value __isspace_l"
0049f558,fegetround,13,0,"___acrt_fenv_get_common_round_control ___acrt_fenv_get_control"
0049f590,FUN_0049f590,6,0,""
0049f596,FUN_0049f596,6,0,""
0049f59c,FUN_0049f59c,6,0,""
0049f5a2,FUN_0049f5a2,6,0,""
0049f5a8,FUN_0049f5a8,44,1,"FUN_0049b90c __errno"
0049f5d4,FUN_0049f5d4,44,1,"FUN_0049b90c __errno"
0049f600,FUN_0049f600,44,1,"FUN_0049b90c __errno"
0049f62c,__crt_time_elapsed_leap_years<int>,58,1,""
0049f666,__crt_time_is_leap_year<int>,66,1,""
0049f6a8,common_gmtime_s<__int64>,330,2,"FUN_0049b90c __alldiv __errno compute_year"
0049f7f2,compute_year,185,2,"__alldiv __crt_time_elapsed_leap_years<int> __crt_time_is_leap_year<int>"
0049f8ab,___getgmtimebuf,62,0,"FID_conflict:_free ___acrt_getptd_noexit __errno __malloc_base"
0049f8e9,FUN_0049f8e9,11,2,"common_gmtime_s<__int64>"
0049f8f4,FUN_0049f8f4,537,1,"FUN_0049f5a8 FUN_0049fb0e __invoke_watson"
0049fb0e,FUN_0049fb0e,319,11,"FUN_0049f5d4 __crt_time_elapsed_leap_years<int> __crt_time_is_leap_year<int> __invoke_watson"
0049fc4e,FUN_0049fc4e,474,1,"FID_conflict:_atoi FID_conflict:_free FUN_0049f590 FUN_0049f59c FUN_0049f5a2 FUN_0049f5a8 FUN_0049f600 FUN_004a4fdf __invoke_watson __malloc_base _strcpy_s"
0049fe29,FUN_0049fe29,346,0,"FID_conflict:_free FUN_0049f590 FUN_0049f596 FUN_0049f59c FUN_0049f5a2 FUN_0049f5a8 FUN_0049f5d4 FUN_0049f600 GetTimeZoneInformation ____lc_codepage_func ___acrt_WideCharToMultiByte __invoke_watson"
0049ff84,tzset_nolock,222,0,"FID_conflict:_free FUN_0049fc4e FUN_0049fe29 FUN_004a4f21 __malloc_base __security_check_cookie"
004a0062,___tzset,84,0,"FUN_0048ea00 FUN_004a00b6 ___acrt_lock tzset_nolock"
004a00b6,FUN_004a00b6,9,0,"___acrt_unlock"
004a00bf,__isindst,72,1,"FUN_0048ea00 FUN_0049f8f4 FUN_004a010a ___acrt_lock"
004a010a,FUN_004a010a,9,0,"___acrt_unlock"
004a0113,___acrt_MultiByteToWideChar,124,6,"MultiByteToWideChar"
004a018f,__wmkdir,42,1,"CreateDirectoryW GetLastError ___acrt_errno_map_os_error"
004a01fa,___acrt_lock,23,1,"EnterCriticalSection"
004a0211,FUN_004a0211,49,0,"DeleteCriticalSection"
004a0242,___acrt_unlock,23,1,"LeaveCriticalSection"
004a0259,FUN_004a0259,24,2,""
004a0271,__acrt_convert_wcs_mbs_cp<wchar_t,char,<lambda_28bda7af82a03b66c1cb3803a755f95d>,__crt_win32_buffer_internal_dynamic_resizing>,207,4,"GetLastError ___acrt_WideCharToMultiByte ___acrt_errno_map_os_error __errno allocate deallocate"
004a0340,FUN_004a0340,494,2,"FID_conflict:_free FUN_0049b90c FUN_004a052f FUN_004a4fdf ___acrt_allocate_buffer_for_argv __errno __invoke_watson _strpbrk expand_argument_wildcards<char>"
004a052f,FUN_004a052f,176,4,"FID_conflict:_free FUN_004a4fdf __calloc_base __invoke_watson expand_if_necessary"
004a05e0,expand_argument_wildcards<char>,599,3,"FID_conflict:_free FUN_004a052f FindClose FindFirstFileExW FindNextFileW __acrt_convert_wcs_mbs_cp<wchar_t,char,<lambda_28bda7af82a03b66c1cb3803a755f95d>,__crt_win32_buffer_internal_dynamic_resizing> __acrt_get_utf8_acp_compatibility_codepage __acrt_mbs_to_wcs_cp<__crt_win32_buffer_internal_dynamic_resizing> __mbsdec __security_check_cookie _qsort"
004a0837,expand_if_necessary,135,1,"FID_conflict:_free __calloc_base __recalloc_base"
004a08be,FUN_004a08be,11,2,"FUN_004a0340"
004a08c9,__acrt_convert_wcs_mbs_cp<wchar_t,char,<lambda_0fec1a7b3f42a53036604e18c2d5e07e>,__crt_win32_buffer_no_resizing>,199,4,"GetLastError ___acrt_WideCharToMultiByte ___acrt_errno_map_os_error __errno allocate set_to_nullptr"
004a0990,allocate,39,2,"__errno"
004a09b7,set_to_nullptr,20,1,""
004a09cb,___acrt_GetModuleFileNameA,161,3,"GetLastError GetModuleFileNameW ___acrt_errno_map_os_error __acrt_convert_wcs_mbs_cp<wchar_t,char,<lambda_0fec1a7b3f42a53036604e18c2d5e07e>,__crt_win32_buffer_no_resizing> __acrt_get_utf8_acp_compatibility_codepage __security_check_cookie"
004a0a6c,operator()<<lambda_ceb1ee4838e85a9d631eb091e2fbe199>,<lambda_ae742caa10f662c28703da3d2ea5e57e>&,<lambda_cd08b5d6af4937fe54fc07d0c9bf6b37>_>,65,4,"FUN_0048ea00 FUN_004a0aad ___acrt_lock operator()"
004a0aad,FUN_004a0aad,12,0,"___acrt_unlock"
004a0ab9,operator(),131,1,"FID_conflict:_free _memcpy_s"
004a0b3c,CPtoLocaleName,62,1,""
004a0b7a,getSystemCP,113,1,"GetACP GetOEMCP _LocaleUpdate"
004a0beb,setSBCS,101,1,"_memset"
004a0c50,setSBUpLow,385,1,"GetCPInfo ___acrt_GetStringTypeA ___acrt_LCMapStringA __security_check_cookie"
004a0dd1,setmbcp_internal,281,4,"FID_conflict:_free FUN_004a0eea ___acrt_set_locale_changed __errno __malloc_base __setmbcp_nolock getSystemCP operator()<<lambda_ceb1ee4838e85a9d631eb091e2fbe199>,<lambda_ae742caa10f662c28703da3d2ea5e57e>&,<lambda_cd08b5d6af4937fe54fc07d0c9bf6b37>_>"
004a0eea,FUN_004a0eea,129,0,"FID_conflict:_free FUN_0048ea00 FUN_0049cf3d FUN_004a0f69 FUN_004a0f72 ___acrt_lock"
004a0f69,FUN_004a0f69,9,0,"___acrt_unlock"
004a0f72,FUN_004a0f72,18,0,""
004a0f8a,___acrt_initialize_multibyte,72,0,"FUN_0049db89 setmbcp_internal"
004a0fd2,___acrt_update_thread_multibyte_data,19,0,"FUN_0049dacc FUN_004a0eea"
004a0fe5,__setmbcp_nolock,499,2,"CPtoLocaleName GetCPInfo IsValidCodePage __security_check_cookie _memset getSystemCP setSBCS setSBUpLow"
004a11d8,_memcpy_s,129,4,"FUN_004914c0 FUN_0049b90c __errno _memset"
004a1259,x_ismbbtype_l,87,4,"_LocaleUpdate"
004a12b0,__ismbblead,24,1,"x_ismbbtype_l"
004a12e4,find_end_of_double_null_terminated_sequence,55,1,""
004a131b,___dcrt_get_narrow_environment_from_os,132,0,"FID_conflict:_free FreeEnvironmentStringsW GetEnvironmentStringsW ___acrt_WideCharToMultiByte __malloc_base find_end_of_double_null_terminated_sequence"
004a139f,FUN_004a139f,573,2,"FID_conflict:_free FUN_0048f270 FUN_004a168d ___acrt_SetEnvironmentVariableA __calloc_base __errno __invoke_watson __recalloc_base _strcpy_s common_get_or_create_environment_nolock<char> find_in_environment_nolock<char>"
004a15dd,FUN_004a15dd,175,1,"FID_conflict:_free FUN_0049cf3d __calloc_base __invoke_watson _strcpy_s"
004a168d,FUN_004a168d,26,0,"FUN_004a15dd"
004a16a7,find_in_environment_nolock<char>,85,2,"__strnicoll"
004a16fc,FUN_004a16fc,11,2,"FUN_004a139f"
004a1707,__recalloc_base,109,3,"FID_conflict:__msize_base __errno __realloc_base _memset"
004a178f,___acrt_execute_initializers,104,2,"guard_check_icall"
004a17f7,___acrt_execute_uninitializers,49,2,"guard_check_icall"
004a1828,operator()<<lambda_cbab9ec6f41b0180b23cc171c22676b0>,<lambda_44731a7d0e6d81c3e6aa82d741081786>&,<lambda_4b292cb8dd18144e164572427af410ab>_>,85,4,"FUN_0048ea00 FUN_004a1880 ___acrt_lock"
004a1880,FUN_004a1880,12,0,"___acrt_unlock"
004a188c,get_global_action_nolock,66,1,""
004a18ce,siglookup,40,2,""
004a18f6,___acrt_get_sigabrt_handler,39,0,"operator()<<lambda_cbab9ec6f41b0180b23cc171c22676b0>,<lambda_44731a7d0e6d81c3e6aa82d741081786>&,<lambda_4b292cb8dd18144e164572427af410ab>_>"
004a191d,FUN_004a191d,30,1,""
004a193b,FUN_004a193b,9,0,"FUN_0049dacc"
004a1944,FUN_004a1944,473,0,"FID_conflict:__Exit FUN_0048ea00 FUN_0049b90c FUN_0049dacc FUN_004a193b FUN_004a1ad7 ___acrt_getptd_noexit ___acrt_lock ___acrt_unlock __errno get_global_action_nolock guard_check_icall siglookup"
004a1ad7,FUN_004a1ad7,18,0,"___acrt_unlock"
004a1b3f,operator()<<lambda_2866be3712abc81a800a822484c830d8>,<lambda_39ca0ed439415581b5b15c265174cece>&,<lambda_2b24c74d71094a6cd0cb82e44167d71b>_>,128,4,"FUN_0048ea00 FUN_004a1bbf __fflush_nolock __lock_file common_flush_all_should_try_to_flush_stream"
004a1bbf,FUN_004a1bbf,12,0,"FUN_0049e84d"
004a1bcb,operator()<<lambda_2cc53f568c5a2bb6f192f930a45d44ea>,<lambda_ab61a845afdef5b7c387490eaf3616ee>&,<lambda_c2ffc0b7726aa6be21d5f0026187e748>_>,160,4,"FUN_0048ea00 FUN_004a1c6b ___acrt_lock common_flush_all_should_try_to_flush_stream operator()<<lambda_2866be3712abc81a800a822484c830d8>,<lambda_39ca0ed439415581b5b15c265174cece>&,<lambda_2b24c74d71094a6cd0cb82e44167d71b>_>"
004a1c6b,FUN_004a1c6b,12,0,"___acrt_unlock"
004a1c77,common_flush_all,77,1,"operator()<<lambda_2cc53f568c5a2bb6f192f930a45d44ea>,<lambda_ab61a845afdef5b7c387490eaf3616ee>&,<lambda_c2ffc0b7726aa6be21d5f0026187e748>_>"
004a1cc4,common_flush_all_should_try_to_flush_stream,51,2,"is_stream_flushable_or_commitable"
004a1cf7,is_stream_flushable_or_commitable,37,1,""
004a1d1c,___acrt_stdio_flush_nolock,101,1,"__fileno __write"
004a1d81,__fflush_nolock,72,1,"___acrt_stdio_flush_nolock __commit __fileno common_flush_all"
004a1dc9,__flushall,9,0,"common_flush_all"
004a1dd2,___acrt_lowio_create_handle_array,123,0,"FID_conflict:_free ___acrt_InitializeCriticalSectionEx@12 __calloc_base"
004a1e4d,___acrt_lowio_destroy_handle_array,53,1,"DeleteCriticalSection FID_conflict:_free"
004a1e82,___acrt_lowio_ensure_fh_exists,146,0,"FUN_0048ea00 FUN_0049b90c FUN_004a1f17 ___acrt_lock ___acrt_lowio_create_handle_array __errno"
004a1f17,FUN_004a1f17,9,0,"___acrt_unlock"
004a1f20,___acrt_lowio_lock_fh,35,1,"EnterCriticalSection"
004a1f43,___acrt_lowio_unlock_fh,35,1,"LeaveCriticalSection"
004a1f66,__free_osfhnd,145,1,"FUN_0049cbfb SetStdHandle ___doserrno __errno"
004a1ff7,__get_osfhandle,106,1,"FUN_0049b90c ___doserrno __errno"
004a2061,____lc_codepage_func,37,0,"FUN_0049dacc ___acrt_update_locale_info"
004a2086,___acrt_locale_free_monetary,254,1,"FID_conflict:_free"
004a2184,___acrt_locale_free_numeric,105,1,"FID_conflict:_free"
004a21ed,free_crt_array_internal,56,2,"FID_conflict:_free"
004a2225,___acrt_locale_free_time,228,1,"FID_conflict:_free free_crt_array_internal"
004a2309,___acrt_GetStringTypeA,259,7,"GetStringTypeW _LocaleUpdate ___acrt_MultiByteToWideChar __alloca_probe_16 __freea_crt __malloc_base __security_check_cookie _memset"
004a240c,__freea_crt,32,1,"FID_conflict:_free"
004a242c,___acrt_add_locale_ref,125,1,"___acrt_locale_add_lc_time_reference"
004a24a9,___acrt_free_locale,328,1,"FID_conflict:_free ___acrt_locale_free_lc_time_if_unreferenced ___acrt_locale_free_monetary ___acrt_locale_free_numeric"
004a25f1,___acrt_locale_add_lc_time_reference,41,1,""
004a261a,___acrt_locale_free_lc_time_if_unreferenced,49,1,"FID_conflict:_free ___acrt_locale_free_time"
004a264b,___acrt_locale_release_lc_time_reference,41,1,""
004a2674,___acrt_release_locale_ref,129,1,"___acrt_locale_release_lc_time_reference"
004a26f5,FUN_004a26f5,98,0,"FUN_0048ea00 FUN_0049cf3d FUN_0049dacc FUN_004a2755 FUN_004a275e ___acrt_lock __updatetlocinfoEx_nolock"
004a2755,FUN_004a2755,9,0,"___acrt_unlock"
004a275e,FUN_004a275e,18,0,""
004a2776,__updatetlocinfoEx_nolock,80,2,"___acrt_add_locale_ref ___acrt_free_locale ___acrt_release_locale_ref"
004a27c6,___hw_cw_sse2,167,1,""
004a286d,__clearfp,222,0,""
004a294b,__control87,769,2,"___hw_cw_sse2 ___set_fpsr_sse2 __hw_cw"
004a2c4c,__hw_cw,158,1,""
004a2cea,__isleadbyte_l,58,2,"_LocaleUpdate ___acrt_locale_get_ctype_array_value"
004a2d24,operator(),44,2,""
004a2d50,__mbrtowc_utf8,64,4,"__mbrtoc32_utf8"
004a2d90,__mbsrtowcs_utf8,251,4,"__errno __mbrtoc32_utf8 operator()"
004a2e8b,__c32rtomb_utf8,171,3,"return_illegal_sequence"
004a2f36,return_illegal_sequence,31,1,"__errno"
004a2f55,___acrt_fp_strflt_to_string,192,4,"FUN_00490e00 FUN_0049b90c __errno"
004a3015,FUN_004a3015,4937,6,"FUN_004914c0 FUN_004a6640 FUN_004a6750 FUN_004a8db0 __acrt_fp_classify __allshl __invoke_watson __security_check_cookie _memcpy_s _memset _strcpy_s divide fegetenv feholdexcept fesetenv"
004a435f,_memcpy_s,129,4,"FUN_004914c0 FUN_0049b90c __errno _memset"
004a43e0,FUN_004a43e0,162,0,"DeleteCriticalSection FID_conflict:_free FUN_0048ea00 FUN_004a4482 FUN_004a697b ___acrt_lock"
004a4482,FUN_004a4482,9,0,"___acrt_unlock"
004a448b,___acrt_stdio_free_buffer_nolock,64,1,"FID_conflict:_free"
004a44cb,__isatty,86,1,"FUN_0049b90c __errno"
004a4521,GetTableIndexFromLocaleName,80,1,"___ascii_wcsnicmp"
004a4571,___acrt_DownlevelLocaleNameToLCID,44,1,"GetTableIndexFromLocaleName"
004a459d,___acrt_GetStringTypeW,25,4,"GetStringTypeW"
004a45b6,__acrt_LCMapStringA_stat,490,9,"___acrt_LCMapStringEx@36 ___acrt_MultiByteToWideChar ___acrt_WideCharToMultiByte ___strncnt __alloca_probe_16 __freea_crt __malloc_base __security_check_cookie"
004a47a0,___acrt_LCMapStringA,73,9,"_LocaleUpdate __acrt_LCMapStringA_stat"
004a47e9,to_abstract_control,188,1,""
004a48a5,to_abstract_control,185,1,""
004a495e,to_machine_sse_control,205,1,""
004a4a2b,to_machine_x87_control,203,1,""
004a4af6,___acrt_fenv_get_common_round_control,34,1,""
004a4b18,___acrt_fenv_get_control,128,0,"to_abstract_control to_abstract_control"
004a4b98,___acrt_fenv_get_status,184,0,""
004a4c50,___acrt_fenv_set_control,104,1,"to_machine_sse_control to_machine_x87_control"
004a4cb8,___acrt_fenv_set_status,247,1,""
004a4daf,common_getenv_nolock<char>,109,1,"__strnicoll common_get_or_create_environment_nolock<char>"
004a4e1c,common_getenv_s<>,83,0,"FUN_0048ea00 FUN_004a4e72 FUN_004a4e7b ___acrt_lock"
004a4e72,FUN_004a4e72,9,0,"___acrt_unlock"
004a4e7b,FUN_004a4e7b,165,4,"FUN_0049b90c __errno __invoke_watson _strcpy_s common_getenv_nolock<char>"
004a4f21,FUN_004a4f21,11,0,"common_getenv_s<>"
004a4f2c,common_tcsncpy_s<char>,179,4,"FUN_0049b90c __errno"
004a4fdf,FUN_004a4fdf,11,4,"common_tcsncpy_s<char>"
004a4ff0,swap,57,3,""
004a5030,_qsort,1083,4,"FUN_0049b90c __errno __security_check_cookie guard_check_icall swap"
004a5480,_strpbrk,64,2,""
004a54c0,__mbsdec,23,2,"__mbsdec_l"
004a54d7,__mbsdec_l,141,3,"FUN_0049b90c _LocaleUpdate __errno"
004a5573,__strnicoll,41,3,"__strnicmp __strnicoll_l"
004a559c,__strnicoll_l,200,4,"FUN_0049b90c _LocaleUpdate ___acrt_CompareStringA __errno __strnicmp_l"
004a5664,FID_conflict:__msize_base,51,1,"FUN_0049b90c HeapSize __errno"
004a5697,__realloc_base,105,2,"FID_conflict:_free FUN_0049cea2 HeapReAlloc __callnewh __errno __malloc_base"
004a5700,operator()<<lambda_9e9de3de5fa147e2223d7db92bc10aa6>,<lambda_38ce7e780aa69e748d6df282ebc68efe>&,<lambda_8ca6da459f0f6780f1cff60fdc3d00e5>_>,147,4,"FUN_0048ea00 FUN_004a5796 FlushFileBuffers GetLastError ___acrt_lowio_lock_fh ___doserrno __errno __get_osfhandle"
004a5796,FUN_004a5796,12,0,"___acrt_lowio_unlock_fh"
004a57a2,__commit,125,1,"FUN_0049b90c __errno operator()<<lambda_9e9de3de5fa147e2223d7db92bc10aa6>,<lambda_38ce7e780aa69e748d6df282ebc68efe>&,<lambda_8ca6da459f0f6780f1cff60fdc3d00e5>_>"
004a581f,write_double_translated_ansi_nolock,938,3,"FUN_004914c0 GetConsoleCP GetLastError WriteFile _LocaleUpdate ___acrt_WideCharToMultiByte ___pctype_func __mbsrtowcs_utf8 __security_check_cookie _mbtowc"
004a5bc9,write_double_translated_unicode_nolock,104,2,"GetLastError __putwch_nolock"
004a5c31,write_requires_double_translation_nolock,113,1,"FUN_0049dacc GetConsoleMode __isatty"
004a5ca2,write_text_ansi_nolock,219,3,"GetLastError WriteFile __alloca_probe __security_check_cookie"
004a5d7d,write_text_utf16le_nolock,233,3,"GetLastError WriteFile __alloca_probe __security_check_cookie"
004a5e66,write_text_utf8_nolock,306,3,"GetLastError WriteFile ___acrt_WideCharToMultiByte __alloca_probe __security_check_cookie"
004a5f98,__write,228,3,"FUN_0048ea00 FUN_0049b90c FUN_004a6057 ___acrt_lowio_lock_fh ___doserrno __errno __write_nolock"
004a6057,FUN_004a6057,8,0,"___acrt_lowio_unlock_fh"
004a608a,__write_nolock,482,3,"FUN_0049b90c GetLastError WriteFile ___acrt_errno_map_os_error ___doserrno __errno __lseeki64_nolock write_double_translated_ansi_nolock write_double_translated_unicode_nolock write_requires_double_translation_nolock write_text_ansi_nolock write_text_utf16le_nolock write_text_utf8_nolock"
004a626c,___ascii_wcsnicmp,79,3,""
004a62bb,___set_fpsr_sse2,80,0,"FUN_0048ea00"
004a633b,__clrfp,17,0,""
004a634c,__ctrlfp,42,0,""
004a6376,FUN_004a6376,89,0,""
004a63cf,__statfp,16,0,""
004a63df,__mbrtoc32_utf8,423,4,"__security_check_cookie return_illegal_sequence"
004a6586,fegetenv,29,1,"___acrt_fenv_get_control ___acrt_fenv_get_status"
004a65a3,fesetenv,75,1,"___acrt_fenv_set_control ___acrt_fenv_set_status fegetenv"
004a65ee,feholdexcept,77,1,"__clearfp fegetenv fesetenv"
004a6640,FUN_004a6640,79,0,"FUN_004a6698 FUN_004a6e70 FUN_004a75f8"
004a6698,FUN_004a6698,197,2,"FUN_004a759c __math_exit __startOneArgErrorHandling"
004a6750,FUN_004a6750,466,1,"___libm_error_support __ctrlfp __except1 __frnd __sptype"
004a686d,common_lseek_nolock<__int64>,124,3,"GetLastError SetFilePointerEx ___acrt_errno_map_os_error __errno __get_osfhandle"
004a68e9,__lseeki64_nolock,27,3,"common_lseek_nolock<__int64>"
004a6904,__fclose_nolock,119,1,"FID_conflict:_free FUN_0049b90c ___acrt_stdio_flush_nolock ___acrt_stdio_free_buffer_nolock __acrt_stdio_free_stream __close __errno __fileno"
004a697b,FUN_004a697b,119,0,"FUN_0048ea00 FUN_0049b90c FUN_004a69f5 __acrt_stdio_free_stream __errno __fclose_nolock __lock_file"
004a69f5,FUN_004a69f5,10,0,"FUN_0049e84d"
004a69ff,___strncnt,28,2,""
004a6a1b,__strnicmp,109,3,"FUN_0049b90c ___ascii_strnicmp __errno __strnicmp_l"
004a6a88,__strnicmp_l,201,4,"FUN_0049b90c _LocaleUpdate __errno"
004a6b51,InternalCompareStringA,651,8,"GetCPInfo ___acrt_CompareStringEx@36 ___acrt_MultiByteToWideChar ___strncnt __alloca_probe_16 __freea_crt __malloc_base __security_check_cookie"
004a6ddc,___acrt_CompareStringA,70,8,"InternalCompareStringA _LocaleUpdate"
004a6e22,__putwch_nolock,50,1,"___dcrt_lowio_ensure_console_output_initialized ___dcrt_write_console"
004a6e70,FUN_004a6e70,24,0,"FUN_004a6e8e"
004a6e8e,FUN_004a6e8e,614,1,"___libm_error_support"
004a7310,__trandisp1,117,2,"guard_check_icall"
004a7385,__trandisp2,154,2,"guard_check_icall"
004a755d,FUN_004a755d,7,0,""
004a7585,FUN_004a7585,23,0,""
004a759c,FUN_004a759c,25,0,""
004a75b5,__fload_withFB,67,2,""
004a75f8,FUN_004a75f8,22,2,""
004a761b,__math_exit,42,5,"__startOneArgErrorHandling"
004a7700,FUN_004a7700,23,8,""
004a7717,__startOneArgErrorHandling,60,6,"__87except"
004a7753,___libm_error_support,500,4,"DecodePointer __errno guard_check_icall"
004a79fc,operator()<<lambda_218ce3db14220d0be481dae8ef3383b6>,<lambda_628dfdc04ba53c8bfc02c9951375f3f5>&,<lambda_57dc472bd5c9d5f3b2cbca59b8a843ae>_>,125,4,"FUN_0048ea00 FUN_004a7a7c ___acrt_lowio_lock_fh __close_nolock __errno"
004a7a7c,FUN_004a7a7c,12,0,"___acrt_lowio_unlock_fh"
004a7a88,__close,141,1,"FUN_0049b90c ___doserrno __errno operator()<<lambda_218ce3db14220d0be481dae8ef3383b6>,<lambda_628dfdc04ba53c8bfc02c9951375f3f5>&,<lambda_57dc472bd5c9d5f3b2cbca59b8a843ae>_>"
004a7b15,__close_nolock,156,1,"CloseHandle GetLastError ___acrt_errno_map_os_error __free_osfhnd __get_osfhandle"
004a7bb1,__acrt_stdio_free_stream,59,1,""
004a7bf0,___ascii_strnicmp,97,3,""
004a7c51,__dcrt_lowio_initialize_console_output,31,0,"CreateFileW"
004a7c70,___dcrt_lowio_ensure_console_output_initialized,31,0,"__dcrt_lowio_initialize_console_output"
004a7c8f,FID_conflict:___dcrt_terminate_console_output,23,0,"CloseHandle"
004a7ca6,___dcrt_write_console,85,3,"FID_conflict:___dcrt_terminate_console_output GetLastError WriteConsoleW __dcrt_lowio_initialize_console_output"
004a7cfb,FUN_004a7cfb,104,1,"__fpclass __frnd"
004a7d63,FUN_004a7d63,299,5,"FUN_004a7cfb"
004a7e8e,__87except,266,3,"FUN_004a80ae ___acrt_has_user_matherr ___acrt_invoke_user_matherr __ctrlfp __raise_exc __security_check_cookie __set_errno_from_matherr"
004a7f98,__frnd,20,1,""
004a7fac,__errcode,52,1,""
004a7fe0,__except1,206,5,"FUN_004a80ae ___acrt_has_user_matherr __ctrlfp __errcode __raise_exc_ex __security_check_cookie __set_errno_from_matherr __umatherr"
004a80ae,FUN_004a80ae,491,3,"FUN_004a6376 FUN_004a8681"
004a8299,__raise_exc,35,6,"__raise_exc_ex"
004a82bc,__raise_exc_ex,758,7,"RaiseException __clrfp __statfp"
004a85b2,__set_errno_from_matherr,47,1,"__errno"
004a85e1,__umatherr,160,8,"___acrt_invoke_user_matherr __ctrlfp __set_errno_from_matherr"
004a8681,FUN_004a8681,210,3,"__set_exp"
004a8753,__set_exp,45,2,""
004a8780,__sptype,94,2,""
004a87de,__fpclass,164,1,"__sptype"
004a8882,IsProcessorFeaturePresent,6,1,""
004a8890,__FindPESection,67,2,""
004a88e0,__IsNonwritableInCurrentImage,164,1,"__FindPESection __ValidateImageBase"
004a89a0,__ValidateImageBase,51,1,""
004a89d3,__EH_prolog3_catch,55,1,""
004a8a10,__aulldvrm,149,4,""
004a8ab0,__allmul,52,4,""
004a8af0,__allshl,31,2,""
004a8b10,__aullshr,31,2,""
004a8b30,__alldiv,170,4,""
004a8be0,__alldvrm,223,4,""
004a8cc0,__allrem,178,4,""
004a8d80,__alloca_probe_16,22,0,"__alloca_probe"
004a8d96,__alloca_probe_8,22,0,"__alloca_probe"
004a8db0,FUN_004a8db0,124,0,""
004a8e77,FUN_004a8e77,91,0,""
004a8efe,FUN_004a8efe,141,0,""
004a8fdc,FUN_004a8fdc,109,0,""
004a9050,__alloca_probe,45,0,""
004a907d,__filter_x86_sse2_floating_point_exception_default,120,1,""
004a9299,FUN_004a9299,162,0,""
004a9450,FUN_004a9450,65,1,""
004a94a0,FUN_004a94a0,10,1,"__cintrindisp2"
004a94b0,FUN_004a94b0,10,1,"__cintrindisp2"
004a94d0,FUN_004a94d0,1311,1,"FUN_004aa88f ___libm_error_support"
004a99f0,FUN_004a99f0,747,1,"FUN_004aa99f"
004a9ce0,FUN_004a9ce0,440,1,"FUN_004aaa7f"
004a9ea0,FUN_004a9ea0,453,1,"FUN_004aab6f"
004aa070,__libm_sse2_sqrt_precise,254,1,"FUN_004aac10 ___libm_error_support"
004aa170,FUN_004aa170,605,1,"FUN_004aac6f"
004aa3e0,FUN_004aa3e0,434,1,"__ctrlfp __except1 __frnd __sptype"
004aa550,FUN_004aa550,9,0,""
004aa5a0,__cintrindisp2,80,2,"FUN_004aa681 ___acrt_has_user_matherr __trandisp2"
004aa5f0,__cintrindisp1,73,2,"FUN_004aa681 ___acrt_has_user_matherr __trandisp1"
004aa639,__ctrandisp2,65,4,"FUN_004aa67a __fload __trandisp2"
004aa67a,FUN_004aa67a,7,0,""
004aa681,FUN_004aa681,327,0,"__87except"
004aa7c8,__ctrandisp1,51,2,"FUN_004aa67a __fload __trandisp1"
004aa7fb,__fload,60,2,""
004aa88f,FUN_004aa88f,183,3,"FUN_004a7585 FUN_004a759c __fload_withFB __math_exit __startOneArgErrorHandling"
004aa99f,FUN_004aa99f,134,3,"FUN_004a759c __fload_withFB __math_exit __startOneArgErrorHandling"
004aaa7f,FUN_004aaa7f,147,3,"__fload_withFB __math_exit __startOneArgErrorHandling"
004aab6f,FUN_004aab6f,147,3,"__fload_withFB __math_exit __startOneArgErrorHandling"
004aac10,FUN_004aac10,14,3,"FUN_004ab984 __fload_withFB"
004aac6f,FUN_004aac6f,151,3,"__fload_withFB __math_exit __startOneArgErrorHandling"
004aadc0,FUN_004aadc0,24,0,"FUN_004aadde"
004aadde,FUN_004aadde,1334,1,"___libm_error_support"
004ab320,FUN_004ab320,24,0,"FUN_004ab33e"
004ab33e,FUN_004ab33e,681,1,""
004ab5f0,FUN_004ab5f0,24,1,"FUN_004ab60e"
004ab60e,FUN_004ab60e,395,3,"FUN_004aaa7f"
004ab7a0,FUN_004ab7a0,24,1,"FUN_004ab7be"
004ab7be,FUN_004ab7be,425,3,"FUN_004aab6f"
004ab970,FUN_004ab970,20,0,"FUN_004a75f8 FUN_004ab984"
004ab984,FUN_004ab984,157,2,"FUN_004a7585 FUN_004a759c __math_exit __startOneArgErrorHandling"
004aba30,FUN_004aba30,24,1,"FUN_004aba4e"
004aba4e,FUN_004aba4e,564,3,"FUN_004aac6f"
004abc90,Unwind@004abc90,18,0,"FUN_0048dca1"
004abf50,Unwind@004abf50,18,0,"FUN_0048dca1"
004abf90,Unwind@004abf90,15,0,"FUN_0048dca1"
004abf9f,Unwind@004abf9f,15,0,"FUN_0048dca1"
004ac000,Unwind@004ac000,18,0,"FUN_0048dca1"
004ac0a0,Unwind@004ac0a0,18,0,"FUN_0048dca1"
004ac100,Unwind@004ac100,14,0,"FUN_00402b20"
004ac170,Unwind@004ac170,18,0,"FUN_0048dca1"
004ac200,Unwind@004ac200,21,0,"FUN_0048dca1"
004ac250,Unwind@004ac250,18,0,"FUN_0048dca1"
004ac2d0,Unwind@004ac2d0,18,0,"FUN_0048dca1"
004ac3d0,Unwind@004ac3d0,18,0,"FUN_0048dca1"
004ac410,Unwind@004ac410,18,0,"FUN_0048dca1"
004ac490,Unwind@004ac490,45,0,"FUN_0048e36c"
004ac550,Unwind@004ac550,8,0,"FUN_00402b20"
004ac558,Unwind@004ac558,14,0,"FUN_0041b750"
004ac566,Unwind@004ac566,30,0,"`eh_vector_destructor_iterator'"
004ac584,Unwind@004ac584,14,0,"FUN_0041b750"
004ac592,Unwind@004ac592,27,0,"`eh_vector_destructor_iterator'"
004ac5f0,Unwind@004ac5f0,18,0,"FUN_0048dca1"
004ac640,Unwind@004ac640,18,0,"FUN_0048dca1"
004ac6e0,FUN_004ac6e0,3,0,""
004ac6f0,FUN_004ac6f0,3,0,""
004ac700,FUN_004ac700,20,0,"FUN_00402b30"
004ac720,FUN_004ac720,40,0,"FUN_00402b30"
004ac750,FUN_004ac750,20,0,"`eh_vector_destructor_iterator'"
004ac770,FUN_004ac770,20,0,"FUN_00402b30"
004ac790,FUN_004ac790,10,0,"FUN_0046fe00"
004ac7a0,FUN_004ac7a0,20,0,"FUN_00402b30"
004ac7c0,FUN_004ac7c0,10,0,"FUN_00476260"
