entry,name,size,params,callees
00401000,FUN_00401000,52,0,"LeaveCriticalSection TryEnterCriticalSection"
00401040,FUN_00401040,26,0,"LeaveCriticalSection"
00401060,FUN_00401060,81,0,"LeaveCriticalSection TryEnterCriticalSection"
004010c0,FUN_004010c0,35,0,""
004010f0,FUN_004010f0,60,0,""
00401130,FUN_00401130,77,0,"FUN_00405190"
00401180,FUN_00401180,148,0,"FUN_00405190"
00401220,`vector_constructor_iterator',50,4,""
00401260,FUN_00401260,51,0,"FUN_004012a0"
004012a0,FUN_004012a0,395,0,"FUN_00401180 FUN_00405190"
00401430,FUN_00401430,142,0,"FUN_004153a0"
004014c0,FUN_004014c0,329,0,"FUN_00404af0 FUN_00404b80 FUN_00404ce0"
00401610,FUN_00401610,22,0,"FUN_00405190"
00401640,FUN_00401640,33,0,"FUN_0081fdeb _free"
00401670,FUN_00401670,107,0,"FUN_004020d0 FUN_0081fd1c"
004016e0,FUN_004016e0,14,0,""
004016f0,FUN_004016f0,65,0,"FUN_0081fdeb _free"
00401740,FUN_00401740,47,0,"FUN_0081fdeb _free"
004017a0,FUN_004017a0,113,0,"FUN_004020d0 exception"
00401820,FUN_00401820,14,0,"_free"
00401830,FUN_00401830,19,0,""
00401850,FUN_00401850,25,0,"EnterCriticalSection"
00401870,FUN_00401870,13,0,"LeaveCriticalSection"
00401880,FUN_00401880,143,0,"FUN_00401e40 FUN_00401f80 `eh_vector_constructor_iterator'"
00401910,FUN_00401910,128,0,"FUN_00401f10 FUN_00402020 `eh_vector_destructor_iterator'"
00401990,FUN_00401990,234,0,"FUN_00418550 __alloca_probe __security_check_cookie _memset"
00401a80,FUN_00401a80,97,0,""
00401af0,FUN_00401af0,224,0,"FUN_004026a0 FUN_00402810 FUN_00418440 FUN_00418650 FUN_00418b30 FUN_0081fbdc"
00401bd0,FUN_00401bd0,76,0,"FUN_00402810 FUN_00405400"
00401c20,FUN_00401c20,192,0,"FUN_00418b30"
00401ce0,FUN_00401ce0,109,0,"FUN_00405400 FUN_00418b30"
00401d50,FUN_00401d50,106,0,"FUN_00405400"
00401dc0,FUN_00401dc0,59,0,"FUN_00402200"
00401e00,FUN_00401e00,35,0,"_free"
00401e30,FUN_00401e30,14,0,""
00401e40,FUN_00401e40,193,0,"FUN_00412c80 InitializeCriticalSection"
00401f10,FUN_00401f10,92,0,"DeleteCriticalSection FUN_00402420 FUN_00402470 _free"
00401f80,FUN_00401f80,145,0,"FUN_00412c80 InitializeCriticalSection"
00402020,FUN_00402020,92,0,"DeleteCriticalSection FUN_00402420 FUN_00402470 _free"
00402090,FUN_00402090,27,0,"FUN_00401f10 _free"
004020b0,FUN_004020b0,27,0,"FUN_00402020 _free"
004020d0,FUN_004020d0,218,0,"FUN_004022d0 FUN_004024e0 FUN_007fb8fb FUN_007fb93a _memcpy_s"
004021b0,thunk_FUN_00402420,5,0,""
004021c0,thunk_FUN_00402470,5,0,""
004021d0,FUN_004021d0,35,0,"_free"
00402200,FUN_00402200,193,0,"FUN_004020d0 FUN_004024e0 FUN_007fb8fb _memcpy_s"
004022d0,FUN_004022d0,131,0,"FUN_007fb93a _memmove_s"
00402360,FUN_00402360,184,0,"FUN_004024e0 FUN_007fb8fb _free _memcpy_s"
00402420,FUN_00402420,49,0,"_free"
00402470,FUN_00402470,96,0,"_free"
004024e0,FUN_004024e0,122,0,"FUN_00402582 FUN_00402640"
0040255a,Catch_All@0040255a,34,0,"FUN_00402640"
00402582,FUN_00402582,102,0,"_free _memcpy_s"
004025eb,Catch_All@004025eb,45,0,"__CxxThrowException@8 _free"
00402640,FUN_00402640,85,0,"FUN_0081fbdc __CxxThrowException@8 exception"
004026a0,FUN_004026a0,364,0,"EnterCriticalSection FUN_00402970 FUN_004046c0 FUN_00404720 FUN_004054d0 FUN_00405bb0 FUN_0040dfc0 FUN_0081ff70 LeaveCriticalSection"
00402810,FUN_00402810,167,0,"EnterCriticalSection FUN_004029d0 FUN_00415530 FUN_0081ff70 LeaveCriticalSection"
004028c0,FUN_004028c0,33,0,"_memmove_s"
004028f0,FUN_004028f0,83,0,"FUN_0081fbdc __CxxThrowException@8 exception"
00402970,FUN_00402970,87,0,"FUN_0081ff70 _free"
004029d0,FUN_004029d0,165,0,"FUN_00401670 FUN_00402200 __CxxThrowException@8"
00402a80,FUN_00402a80,48,0,"_memmove_s"
00402ab0,FUN_00402ab0,30,0,""
00402ad0,FUN_00402ad0,47,0,"_memmove_s"
00402b00,FUN_00402b00,89,0,""
00402b60,FUN_00402b60,217,0,"FUN_008106a0 _free"
00402c40,FUN_00402c40,156,0,"FUN_004020d0 _free"
00402ce0,FUN_00402ce0,358,0,"FUN_00402ef0 FUN_004032a0 FUN_004187b0 FUN_00418b30 FUN_00418bb0 timeGetTime"
00402e50,FUN_00402e50,153,0,"FUN_00418b30 timeGetTime"
00402ef0,FUN_00402ef0,943,0,"FUN_00401830 FUN_00418780 FUN_00418b30 FUN_00418d10 __alloca_probe __security_check_cookie _memcpy timeGetTime"
004032a0,FUN_004032a0,806,0,"FUN_004187b0 FUN_00418d10 FUN_008123d0 FUN_008124d0 __alloca_probe __security_check_cookie _memcpy"
004035d0,FUN_004035d0,199,0,"FUN_004041b0 FUN_00412c80 InitializeCriticalSection"
004036a0,FUN_004036a0,148,0,"DeleteCriticalSection FUN_00404240 FUN_004085d0 FUN_00414d30"
00403740,FUN_00403740,133,0,"CreateEventA CreateThread FUN_00414d30 SetThreadPriority"
004037d0,FUN_004037d0,417,0,"CloseHandle FUN_00404530 FUN_00414d30 FUN_0081ff70 SetEvent _free"
004039a0,FUN_004039a0,28,0,"FUN_00404390"
004039c0,FUN_004039c0,351,0,"EnterCriticalSection FUN_00402200 FUN_00402c40 FUN_00402ce0 FUN_004045f0 FUN_00408710 FUN_00415530 LeaveCriticalSection SetEvent"
00403b20,FUN_00403b20,143,0,"EnterCriticalSection FUN_004045f0 LeaveCriticalSection timeGetTime"
00403bb0,FUN_00403bb0,98,0,"EnterCriticalSection FUN_004045f0 LeaveCriticalSection"
00403c20,FUN_00403c20,70,0,"EnterCriticalSection FUN_00402e50 FUN_004045f0 LeaveCriticalSection"
00403c70,FUN_00403c70,69,0,"EnterCriticalSection FUN_00402e50 FUN_004045f0 LeaveCriticalSection"
00403cc0,FUN_00403cc0,73,0,"EnterCriticalSection FUN_004032a0 FUN_004045f0 LeaveCriticalSection"
00403d10,FUN_00403d10,284,0,"EnterCriticalSection FUN_004045f0 FUN_00418b30 FUN_0081ff70 LeaveCriticalSection"
00403e70,FUN_00403e70,316,0,"EnterCriticalSection FUN_00402ef0 FUN_004045f0 FUN_00408710 FUN_00415530 FUN_0081ff70 LeaveCriticalSection SetEvent WaitForSingleObject _free"
00403fc0,FUN_00403fc0,442,0,"EnterCriticalSection FUN_00402ce0 FUN_00404530 FUN_004045f0 FUN_00408710 FUN_00415530 FUN_0081ff70 LeaveCriticalSection WaitForSingleObject _free"
004041b0,FUN_004041b0,133,0,"FUN_00412c80 InitializeCriticalSection"
00404240,FUN_00404240,190,0,"DeleteCriticalSection FUN_00402b60 FUN_0081ff70 _free"
00404360,thunk_FUN_004085d0,5,0,""
00404370,FUN_00404370,27,0,"FUN_00404240 _free"
00404390,FUN_00404390,401,0,"EnterCriticalSection FUN_00402970 FUN_00402b00 FUN_004046c0 FUN_00404720 FUN_0040dfc0 FUN_0081fbdc FUN_0081ff70 LeaveCriticalSection"
00404530,FUN_00404530,184,0,"EnterCriticalSection FUN_004029d0 FUN_00402b60 FUN_004046c0 FUN_00415530 FUN_0081ff70 LeaveCriticalSection"
004045f0,FUN_004045f0,196,0,"EnterCriticalSection FUN_004046c0 FUN_0081ff70 LeaveCriticalSection"
004046c0,FUN_004046c0,95,0,"FUN_00404850 FUN_0081ff70"
00404720,FUN_00404720,100,0,"FUN_00404790 FUN_0081ff70"
00404790,FUN_00404790,133,0,"FUN_004048d0 FUN_0081ff70"
00404820,FUN_00404820,35,0,""
00404850,FUN_00404850,117,0,"FUN_00401670 FUN_00402200 __CxxThrowException@8"
004048d0,FUN_004048d0,490,0,"FUN_00404820 FUN_00405530 FUN_00406080 FUN_00413e90 _free _memmove_s"
00404ad0,FUN_00404ad0,32,0,""
00404af0,FUN_00404af0,137,0,""
00404b80,FUN_00404b80,256,0,""
00404ce0,FUN_00404ce0,121,0,""
00404d60,FUN_00404d60,65,0,""
00404db0,FUN_00404db0,33,0,""
00404de0,FUN_00404de0,66,0,""
00404e30,FUN_00404e30,482,0,""
00405030,FUN_00405030,99,0,"FUN_004026a0 FUN_00402810 FUN_00408cf0"
004050a0,FUN_004050a0,111,0,"FUN_004026a0 FUN_00402810 FUN_00409410"
00405110,FUN_00405110,115,0,"FUN_00402810 FUN_00405400"
00405190,FUN_00405190,107,0,"FUN_00405400"
00405200,FUN_00405200,148,0,"EnterCriticalSection FUN_00405400 LeaveCriticalSection"
004052a0,FUN_004052a0,193,0,"FUN_00412c80 InitializeCriticalSection"
00405370,FUN_00405370,92,0,"DeleteCriticalSection FUN_00402420 FUN_00402470 _free"
004053e0,FUN_004053e0,27,0,"FUN_00405370 _free"
00405400,FUN_00405400,196,0,"EnterCriticalSection FUN_004046c0 FUN_0081ff70 LeaveCriticalSection"
004054d0,FUN_004054d0,91,0,"FUN_0081ff70"
00405530,FUN_00405530,40,0,"_memmove_s"
00405560,FUN_00405560,142,0,""
004055f0,FUN_004055f0,13,0,"_free"
00405600,FUN_00405600,65,0,"FUN_004063e0"
00405650,thunk_FUN_00405d40,5,0,""
00405660,FUN_00405660,95,0,"FUN_00402470 FUN_004056c0 FUN_00405d40"
004056c0,FUN_004056c0,170,0,"FUN_00405770 FUN_00405ce0 FUN_00406420 FUN_0081ff70"
00405770,FUN_00405770,147,0,"FUN_0081ff70"
00405810,FUN_00405810,276,0,"FUN_00405770 FUN_00405930 FUN_00408a20 FUN_0081ff70 _free _strtok_s"
00405930,FUN_00405930,307,0,"FUN_00402200 FUN_00405b30 FUN_00405bb0 _free _free _strchr _strncpy_s thunk_FUN_0081fbdc"
00405ac0,FUN_00405ac0,104,0,"FUN_00405c20 FUN_0081ff70"
00405b30,FUN_00405b30,126,0,"FUN_00405c70 FUN_00405ff0 FUN_0081ff70"
00405bb0,FUN_00405bb0,110,0,"FUN_00405dc0 FUN_0081fbdc"
00405c20,FUN_00405c20,73,0,"FUN_0081ff70"
00405c70,FUN_00405c70,110,0,"FUN_00405560 FUN_007fb93a"
00405ce0,FUN_00405ce0,73,0,"FUN_00405ce0 _free"
00405d40,FUN_00405d40,40,0,"FUN_00405f20 _free"
00405d80,FUN_00405d80,50,0,"FUN_00405c70"
00405dc0,FUN_00405dc0,347,0,"FUN_00406080 FUN_00410350 _free _memmove_s"
00405f20,FUN_00405f20,194,0,"FUN_00405ce0 FUN_004060e0 FUN_00406420 FUN_0081ff70"
00405ff0,FUN_00405ff0,138,0,"FUN_00405560"
00406080,FUN_00406080,85,0,"FUN_0081fbdc __CxxThrowException@8 exception"
004060e0,FUN_004060e0,694,0,"FUN_00401670 FUN_00402200 FUN_00406420 FUN_00406490 FUN_004064e0 FUN_00406500 __CxxThrowException@8 _free"
004063e0,FUN_004063e0,55,0,"FUN_0081fbdc"
00406420,FUN_00406420,97,0,"FUN_0081ff70"
00406490,FUN_00406490,78,0,""
004064e0,FUN_004064e0,28,0,""
00406500,FUN_00406500,82,0,""
00406560,FUN_00406560,39,0,""
00406590,FUN_00406590,334,0,"FUN_00405200"
004066e0,FUN_004066e0,610,0,"FUN_00405400 FUN_00409580 FUN_004095f0"
00406950,FUN_00406950,610,0,"FUN_00405400 FUN_00409580 FUN_004095f0"
00406bc0,FUN_00406bc0,153,0,"FUN_00405190"
00406c60,FUN_00406c60,193,0,"FUN_00405200 FUN_00406d30"
00406d30,FUN_00406d30,261,0,""
00406e40,FUN_00406e40,95,0,""
00406ea0,FUN_00406ea0,24,0,""
00406ec0,FUN_00406ec0,24,0,""
00406ee0,FUN_00406ee0,189,0,""
00406fa0,FUN_00406fa0,61,0,""
00406fe0,FUN_00406fe0,91,0,""
00407040,FUN_00407040,61,0,""
00407080,FUN_00407080,91,0,""
004070e0,FUN_004070e0,61,0,""
00407120,FUN_00407120,91,0,""
00407180,FUN_00407180,1095,0,"FUN_00409580 FUN_004095f0"
004075d0,FUN_004075d0,219,0,"FUN_00405190"
004076b0,FUN_004076b0,219,0,"FUN_00405190"
00407790,FUN_00407790,54,0,""
004077d0,FUN_004077d0,21,0,"CloseHandle"
004077f0,FUN_004077f0,35,0,"WriteFile"
00407820,FUN_00407820,25,0,"SetFilePointer"
00407840,FUN_00407840,42,0,"CloseHandle _free"
00407870,FUN_00407870,255,0,"FUN_00412c80 InitializeCriticalSection"
00407970,FUN_00407970,472,0,"CoInitialize CreateThread FUN_00401430 FUN_00409890 FUN_0040d2c0 FUN_0040d630 FUN_0040d830 FUN_0040d8f0 FUN_0040dae0 FUN_0040e9a0 FUN_00414d30 FUN_00414ed0 FUN_00418810 SetThreadPriority ShowCursor timeBeginPeriod timeGetTime"
00407b50,FUN_00407b50,233,0,"EnterCriticalSection FUN_0040d6c0 FUN_00414d30 FUN_00415340 FUN_00415440 FUN_00418a60 ImmReleaseContext LeaveCriticalSection SetEvent _free"
00407c50,FUN_00407c50,148,0,"EnterCriticalSection FUN_00408590 LeaveCriticalSection SetEvent"
00407cf0,FUN_00407cf0,177,0,"CloseHandle CreateEventA DispatchMessageA FUN_00415100 GetMessageA PeekMessageA TranslateMessage WaitForSingleObject"
00407db0,FUN_00407db0,755,0,"CreateThread EnterCriticalSection FUN_00401060 FUN_00407c50 FUN_0040d9a0 FUN_00414d30 FUN_00419460 FUN_00419510 FUN_004195e0 LeaveCriticalSection SetEvent SetWindowTextA __controlfp_s __security_check_cookie _memset timeGetTime wsprintfA"
00408065,Catch@00408065,16,0,""
004080c0,FUN_004080c0,383,0,"CloseHandle CreateEventA FUN_00401060 LeaveCriticalSection TryEnterCriticalSection WaitForSingleObject"
00408219,Catch@00408219,13,0,""
00408260,FUN_00408260,240,0,"DefWindowProcA FUN_00408350 FUN_0040f000 PostQuitMessage"
00408350,FUN_00408350,126,0,"EnterCriticalSection FUN_00415220 LeaveCriticalSection ShowCursor"
00408440,FUN_00408440,267,0,"CloseHandle CoInitialize CoUninitialize CreateEventA FUN_0081ff70 WaitForSingleObject _free"
00408560,FUN_00408560,36,0,"FUN_00408620"
00408590,FUN_00408590,53,0,"FUN_00408710 FUN_00415530"
004085d0,FUN_004085d0,49,0,"_free"
00408620,FUN_00408620,237,0,"FUN_004024e0 FUN_004087b0 FUN_007fb8fb _memcpy_s"
00408710,FUN_00408710,154,0,"FUN_00401670 FUN_00402200 __CxxThrowException@8"
004087b0,FUN_004087b0,251,0,"FUN_004024e0 FUN_007fb8fb FUN_007fb93a _memcpy_s"
004088b0,FUN_004088b0,183,0,"FUN_004020d0 FUN_00408620 _free"
00408970,FUN_00408970,162,0,"FUN_004020d0 FUN_004087b0 _free"
00408a20,FUN_00408a20,140,0,"FUN_00419970 FUN_00419a60 __security_check_cookie _strcpy_s"
00408ab0,FUN_00408ab0,140,0,"FUN_00419970 FUN_00419a60 __security_check_cookie _strcpy_s"
00408b40,FUN_00408b40,151,0,"FUN_004196a0 FUN_004197a0 __security_check_cookie _strcpy_s"
00408be0,FUN_00408be0,163,0,"FUN_00419b70 FUN_00419f90 __security_check_cookie _strcpy_s"
00408c90,FUN_00408c90,88,0,"D3DXCreateTexture EnterCriticalSection LeaveCriticalSection"
00408cf0,FUN_00408cf0,1106,0,"D3DXCreateTexture EnterCriticalSection FUN_00409150 FUN_0041af70 LeaveCriticalSection __security_check_cookie _strcpy_s `eh_vector_constructor_iterator' `eh_vector_destructor_iterator' wsprintfA"
00409150,FUN_00409150,696,0,"FID_conflict:_wprintf FUN_00408c90 FUN_0040d1e0"
00409410,FUN_00409410,270,0,"D3DXCreateTexture EnterCriticalSection FUN_00412910 LeaveCriticalSection _memset"
00409520,FUN_00409520,46,0,"_fabs"
00409550,FUN_00409550,44,0,"MessageBoxA __CxxThrowException@8"
00409580,FUN_00409580,100,0,"FUN_00820230 _fabs"
004095f0,FUN_004095f0,94,0,"FUN_00820230 _fabs"
00409650,FUN_00409650,69,0,"FUN_00409580 FUN_004095f0"
004096a0,FUN_004096a0,34,0,""
004096d0,FUN_004096d0,30,0,""
004096f0,FUN_004096f0,107,0,""
00409760,FUN_00409760,63,0,"FUN_00821b80"
004097a0,FUN_004097a0,27,0,""
004097c0,FUN_004097c0,8,0,""
004097d0,FUN_004097d0,177,0,"FUN_00821ba0"
00409890,FUN_00409890,61,0,""
004098d0,FUN_004098d0,271,0,"FUN_00409890"
004099f0,FUN_004099f0,27,0,"FUN_004098d0"
00409a10,FUN_00409a10,153,0,"FUN_007fba20 FUN_007fc200 FUN_007fd3a0"
00409ab0,FUN_00409ab0,151,0,"FUN_007fd7d0 FUN_007fd8e0 FUN_007feee0"
00409b50,FUN_00409b50,293,0,"FUN_007fd3d0"
00409c80,FUN_00409c80,39,0,"FUN_00409b50"
00409cb0,FUN_00409cb0,37,0,"FUN_00409ce0"
00409ce0,FUN_00409ce0,266,0,"FUN_00405200"
00409df0,FUN_00409df0,756,0,"FUN_00405400 FUN_00409580 FUN_004095f0"
0040a0f0,FUN_0040a0f0,60,0,"_memset"
0040a130,FUN_0040a130,28,0,"_free"
0040a150,FUN_0040a150,7,0,""
0040a160,FUN_0040a160,52,0,"_memset"
0040a1a0,FUN_0040a1a0,404,0,"FUN_0040dc60"
0040a340,FUN_0040a340,33,0,""
0040a370,FUN_0040a370,378,0,"FUN_0040a1a0"
0040a4f0,FUN_0040a4f0,1003,0,"FUN_0081ff70"
0040a8e0,FUN_0040a8e0,4,0,""
0040a8f0,FUN_0040a8f0,23,0,""
0040a910,FUN_0040a910,54,0,"FUN_0040ab90 _memset"
0040a950,FUN_0040a950,263,0,"FUN_00404850 FUN_0081ff70"
0040aa60,FUN_0040aa60,69,0,""
0040aab0,FUN_0040aab0,16,0,""
0040aac0,FUN_0040aac0,202,0,"FUN_00404850 FUN_0040abf0 FUN_0081ff70"
0040ab90,FUN_0040ab90,87,0,"FUN_0081ff70 _memmove_s"
0040abf0,FUN_0040abf0,126,0,"FUN_0040aca0 FUN_0081ff70"
0040ac70,FUN_0040ac70,37,0,""
0040aca0,FUN_0040aca0,459,0,"FUN_0040ac70 FUN_0040ae70 FUN_00413e90 _free _memmove_s _memset"
0040ae70,FUN_0040ae70,78,0,"FUN_0081fbdc __CxxThrowException@8 exception"
0040aec0,FUN_0040aec0,23,0,"InitializeCriticalSection"
0040aee0,FUN_0040aee0,38,0,"DeleteCriticalSection _free"
0040af10,FUN_0040af10,17,0,"DeleteCriticalSection"
0040af30,FUN_0040af30,11,0,"EnterCriticalSection"
0040af40,FUN_0040af40,11,0,"LeaveCriticalSection"
0040af50,FUN_0040af50,7,0,""
0040af60,FUN_0040af60,19,0,""
0040af80,FUN_0040af80,30,0,""
0040afa0,FUN_0040afa0,190,0,""
0040b060,FUN_0040b060,28,0,"_free"
0040b080,FUN_0040b080,50,0,"_free"
0040b0d0,FUN_0040b0d0,37,0,"_free"
0040b100,FUN_0040b100,11,0,""
0040b110,FUN_0040b110,11,0,""
0040b120,FUN_0040b120,11,0,""
0040b130,FUN_0040b130,54,0,"_free"
0040b170,FUN_0040b170,1,0,""
0040b180,FUN_0040b180,3,0,""
0040b190,FUN_0040b190,3,0,""
0040b1a0,FUN_0040b1a0,3,0,""
0040b1b0,FUN_0040b1b0,19,0,""
0040b1d0,FUN_0040b1d0,11,0,""
0040b1e0,FUN_0040b1e0,11,0,""
0040b1f0,FUN_0040b1f0,60,0,""
0040b230,FUN_0040b230,68,0,""
0040b280,FUN_0040b280,55,0,"FUN_004148e0"
0040b2c0,FUN_0040b2c0,63,0,"FUN_004148e0"
0040b300,FUN_0040b300,11,0,""
0040b310,FUN_0040b310,2663,0,"FUN_004026a0 FUN_00402810 FUN_00406590 FUN_00408710 FUN_00408cf0 FUN_00409ce0 FUN_0040c470 FUN_0040c5f0 FUN_0040c660 FUN_0040c920 FUN_0040d1e0 FUN_00415530 FUN_0041b390 FUN_0081fbdc FUN_0081ff70 FUN_00821cc9 __security_check_cookie _free _memset wsprintfA"
0040bda0,FUN_0040bda0,35,0,"_free"
0040bdd0,FUN_0040bdd0,58,0,"_free"
0040be10,FUN_0040be10,55,0,"_free"
0040be50,FUN_0040be50,304,0,"FUN_00405110 FUN_0040c660 FUN_0081ff70 _free"
0040bf90,FUN_0040bf90,135,0,"FUN_0081ff70"
0040c020,FUN_0040c020,258,0,"FUN_0040cec0 FUN_0081ff70"
0040c130,FUN_0040c130,153,0,"FUN_0081ff70"
0040c1d0,FUN_0040c1d0,274,0,"FUN_0040cec0 FUN_0081ff70"
0040c2f0,FUN_0040c2f0,81,0,"FUN_0081ff70"
0040c350,FUN_0040c350,81,0,"FUN_0081ff70"
0040c3b0,FUN_0040c3b0,81,0,"FUN_0081ff70"
0040c410,FUN_0040c410,95,0,"FUN_0040c660 FUN_0081ff70"
0040c470,FUN_0040c470,224,0,"FUN_0040c6e0 FUN_0040cde0"
0040c550,FUN_0040c550,39,0,"_free"
0040c580,FUN_0040c580,99,0,"FUN_0081ff70"
0040c5f0,FUN_0040c5f0,105,0,"FUN_0040c580 FUN_0040cb60 FUN_0081ff70"
0040c660,FUN_0040c660,123,0,"FUN_00401670 FUN_00402200 __CxxThrowException@8"
0040c6e0,FUN_0040c6e0,562,0,"FUN_00401670 FUN_00402200 FUN_0040c9e0 FUN_0040ca30 FUN_0040ca90 __CxxThrowException@8"
0040c920,FUN_0040c920,163,0,"FUN_0040cfb0 FUN_0040d080 FUN_00413e90"
0040c9c3,Catch_All@0040c9c3,17,0,"FUN_0040c550 __CxxThrowException@8"
0040c9e0,FUN_0040c9e0,78,0,""
0040ca30,FUN_0040ca30,82,0,""
0040ca90,FUN_0040ca90,56,0,"FUN_0081fbdc"
0040cad0,FUN_0040cad0,74,0,"FUN_0040cfb0 FUN_00413e90"
0040cb20,FUN_0040cb20,55,0,"FUN_0040d080"
0040cb60,FUN_0040cb60,604,0,"FUN_00402ab0 FUN_0040ce60 FUN_0040cf40 FUN_0040cf70 FUN_0040d0c0 FUN_0040d0f0 FUN_004106e0 FUN_00413e90 _free"
0040ccf8,Catch_All@0040ccf8,9,0,"_free"
0040cde0,FUN_0040cde0,119,0,"FUN_0081ff70"
0040ce60,FUN_0040ce60,51,0,"FUN_0040d0c0"
0040cea0,FUN_0040cea0,28,0,""
0040cec0,FUN_0040cec0,121,0,"FUN_0040d010 FUN_0081ff70"
0040cf40,FUN_0040cf40,41,0,"FUN_0040d0f0"
0040cf70,FUN_0040cf70,53,0,""
0040cfb0,FUN_0040cfb0,86,0,"FUN_0081fbdc __CxxThrowException@8 exception"
0040d010,FUN_0040d010,105,0,""
0040d080,FUN_0040d080,55,0,""
0040d0c0,FUN_0040d0c0,37,0,""
0040d0f0,FUN_0040d0f0,37,0,""
0040d120,FUN_0040d120,21,0,"CloseHandle"
0040d140,FUN_0040d140,35,0,"ReadFile"
0040d170,FUN_0040d170,4,0,""
0040d180,FUN_0040d180,13,0,"GetFileSize"
0040d190,FUN_0040d190,42,0,"CloseHandle _free"
0040d1c0,FUN_0040d1c0,15,0,""
0040d1d0,FUN_0040d1d0,9,0,"FUN_0041bb50"
0040d1e0,FUN_0040d1e0,213,0,"CreateFileA FUN_0040d190 FUN_0041c080 FUN_0081fbdc"
0040d2c0,FUN_0040d2c0,137,0,"GetModuleFileNameA __security_check_cookie _strcpy_s _strrchr"
0040d350,FUN_0040d350,168,0,"FUN_00821cc9 __security_check_cookie _strcat_s"
0040d400,FUN_0040d400,97,0,"CloseClipboard GetClipboardData GlobalLock GlobalUnlock OpenClipboard _strncpy_s"
0040d470,FUN_0040d470,34,0,""
0040d4a0,FUN_0040d4a0,36,0,"FUN_00402200"
0040d4d0,FUN_0040d4d0,148,0,"FUN_0040df10 FUN_0040df50 FUN_0040e030"
0040d570,FUN_0040d570,173,0,"FUN_0040d6c0 _free"
0040d630,FUN_0040d630,138,0,"CoCreateInstance MessageBoxA"
0040d6c0,FUN_0040d6c0,331,0,"FUN_0040df10 FUN_0040df50 FUN_0040e030 FUN_0081ff70"
0040d810,FUN_0040d810,22,0,"MessageBoxA"
0040d830,FUN_0040d830,188,0,"MessageBoxA"
0040d8f0,FUN_0040d8f0,176,0,"FUN_0040e120 MessageBoxA __security_check_cookie _memset"
0040d9a0,FUN_0040d9a0,312,0,"FUN_0081ff70"
0040dae0,FUN_0040dae0,282,0,"FUN_0040d810 MessageBoxA"
0040dc00,FUN_0040dc00,16,0,""
0040dc10,FUN_0040dc10,71,0,"FUN_0081ff70"
0040dc60,FUN_0040dc60,88,0,"FUN_0081ff70"
0040dcc0,FUN_0040dcc0,182,0,"FUN_00404720 FUN_0081ff70"
0040dd76,FUN_0040dd76,152,0,"FUN_0040dec0 FUN_0040dfc0"
0040de10,FUN_0040de10,166,0,"FUN_0081ff70"
0040dec0,FUN_0040dec0,67,0,"FUN_0081ff70"
0040df10,FUN_0040df10,58,0,"FUN_0040e090 FUN_0081ff70"
0040df50,FUN_0040df50,62,0,"FUN_0040e7e0 FUN_0081ff70"
0040df90,FUN_0040df90,43,0,"FUN_0081ff70"
0040dfc0,FUN_0040dfc0,110,0,"FUN_0040e1b0 FUN_0081ff70"
0040e030,FUN_0040e030,87,0,"FUN_0081ff70 _memmove_s"
0040e090,FUN_0040e090,99,0,"FUN_0081ff70 _memmove_s"
0040e100,FUN_0040e100,31,0,""
0040e120,FUN_0040e120,132,0,"FUN_0040e510 FUN_0040e7e0 FUN_0081ff70 __security_check_cookie"
0040e1b0,FUN_0040e1b0,143,0,"FUN_0040e330 FUN_0081ff70"
0040e240,FUN_0040e240,90,0,"FUN_0081ff70 _memmove_s"
0040e2a0,FUN_0040e2a0,46,0,""
0040e2d0,FUN_0040e2d0,84,0,"FUN_0081fbdc __CxxThrowException@8 exception"
0040e330,FUN_0040e330,472,0,"FUN_00402a80 FUN_00402ab0 FUN_00402ad0 FUN_0040e2a0 FUN_004106e0 FUN_00413e90 _free _memmove_s"
0040e510,FUN_0040e510,691,0,"FUN_0040e100 FUN_0040e2d0 FUN_0040e830 FUN_0040e860 FUN_0040e890 FUN_0040e8c0 FUN_0040e910 FUN_00413e90 __security_check_cookie _free"
0040e6d3,Catch_All@0040e6d3,9,0,"_free"
0040e7e0,FUN_0040e7e0,75,0,""
0040e830,FUN_0040e830,34,0,"FUN_0040e910"
0040e860,FUN_0040e860,35,0,""
0040e890,FUN_0040e890,42,0,""
0040e8c0,FUN_0040e8c0,79,0,""
0040e910,FUN_0040e910,42,0,""
0040e940,FUN_0040e940,91,0,"_memset"
0040e9a0,FUN_0040e9a0,111,0,"GetWindowRect ImmGetContext ImmSetCandidateWindow"
0040ea10,FUN_0040ea10,77,0,"_memset"
0040ea60,FUN_0040ea60,112,0,"FUN_0040ead0 ImmGetCompositionStringA"
0040ead0,FUN_0040ead0,380,0,"ImmGetCompositionStringA __security_check_cookie _memset _strcpy_s _strncpy_s"
0040ec50,FUN_0040ec50,300,0,"__security_check_cookie _strcpy_s _strncpy_s"
0040ed80,FUN_0040ed80,11,0,""
0040ed90,FUN_0040ed90,26,0,""
0040edb0,FUN_0040edb0,39,0,"_strcpy_s"
0040ede0,FUN_0040ede0,157,0,""
0040ee80,FUN_0040ee80,293,0,"__security_check_cookie _strcpy_s _strncpy_s"
0040efb0,FUN_0040efb0,46,0,"_memset"
0040efe0,FUN_0040efe0,22,0,""
0040f000,FUN_0040f000,616,0,"DefWindowProcA FUN_0040ea60 FUN_0040ead0 FUN_0040ec50 FUN_0040ede0 FUN_0040ee80 FUN_0040efb0 ToAscii __security_check_cookie"
0040f2d0,FUN_0040f2d0,77,0,"GetCurrentDirectoryA GetFileAttributesA _strcat_s"
0040f320,FUN_0040f320,22,0,"GetPrivateProfileIntA"
0040f340,FUN_0040f340,35,0,"GetPrivateProfileStringA"
0040f370,FUN_0040f370,164,0,"FUN_00408ab0 FUN_0040f420 FUN_0040f950 _free"
0040f420,FUN_0040f420,570,0,"FUN_0040f9f0 FUN_0040fa60 FUN_0040fb10 FUN_0040fc00 FUN_0040fe10 FUN_0040ffd0 FUN_004101b0 FUN_0081ff70 __security_check_cookie _free"
0040f6a0,FUN_0040f6a0,249,0,"FUN_0040fbb0 FUN_0081ff70 _atol"
0040f7a0,FUN_0040f7a0,245,0,"FUN_004020d0 FUN_00402200 FUN_0040fbb0 FUN_0081ff70"
0040f8a0,FUN_0040f8a0,167,0,"FUN_0040fb70 FUN_0081ff70"
0040f950,FUN_0040f950,151,0,"FUN_0081ff70"
0040f9f0,FUN_0040f9f0,99,0,"FUN_0040fd00 FUN_0040fe10 FUN_0081ff70"
0040fa60,FUN_0040fa60,152,0,"FUN_0040fe70 FUN_00410740 FUN_0081fbdc"
0040fb00,thunk_FUN_004101b0,5,0,""
0040fb10,FUN_0040fb10,91,0,"FUN_00410050 FUN_00410670 FUN_0081fbdc"
0040fb70,FUN_0040fb70,62,0,"FUN_0081ff70"
0040fbb0,FUN_0040fbb0,67,0,"FUN_0081ff70"
0040fc00,FUN_0040fc00,244,0,"FUN_00410250 FUN_004105a0 FUN_0081ff70"
0040fd00,FUN_0040fd00,257,0,"FUN_004022d0 FUN_0081ff70"
0040fe10,FUN_0040fe10,90,0,"FUN_0081ff70"
0040fe70,FUN_0040fe70,344,0,"FUN_00406080 FUN_00410350 _free _memmove_s"
0040ffd0,FUN_0040ffd0,119,0,"FUN_004101b0 _free"
00410050,FUN_00410050,338,0,"FUN_00410430 FUN_004106e0 _free _memmove_s"
004101b0,FUN_004101b0,143,0,"_free"
00410250,FUN_00410250,253,0,"FUN_004024e0 FUN_004104b0 FUN_007fb8fb FUN_007fb93a _memmove_s"
00410350,FUN_00410350,117,0,"FUN_00401670 FUN_00402200 __CxxThrowException@8"
004103d0,FUN_004103d0,82,0,"_free"
00410430,FUN_00410430,123,0,"FUN_00401670 FUN_00402200 __CxxThrowException@8"
004104b0,FUN_004104b0,88,0,"_memset"
00410510,FUN_00410510,39,0,"_free"
00410540,FUN_00410540,82,0,"FUN_0081ff70"
004105a0,FUN_004105a0,89,0,"FUN_0081ff70"
00410600,FUN_00410600,96,0,"FUN_0081fbdc __CxxThrowException@8 exception"
00410670,FUN_00410670,97,0,"FUN_004020d0"
004106e0,FUN_004106e0,90,0,"FUN_0081fbdc __CxxThrowException@8 exception"
00410740,FUN_00410740,232,0,"FUN_00410840 FUN_0081ff70"
00410828,Catch_All@00410828,17,0,"FUN_004101b0 __CxxThrowException@8"
00410840,FUN_00410840,95,0,"FUN_004108a0"
004108a0,FUN_004108a0,2001,0,"FUN_004020d0 FUN_0040fb10 FUN_00410050 FUN_004110c0 FUN_00411170 FUN_004111e0 FUN_00411260 FUN_004112e0 FUN_0081fbdc FUN_0081ff70"
00410ceb,Catch_All@00410ceb,32,0,"FUN_00411120 __CxxThrowException@8"
00411097,Catch_All@00411097,32,0,"FUN_004103d0 __CxxThrowException@8"
004110c0,FUN_004110c0,92,0,"FUN_00410050 FUN_00410670 FUN_0081fbdc"
00411120,FUN_00411120,77,0,"_free"
00411170,FUN_00411170,112,0,"FUN_004112e0"
004111e0,FUN_004111e0,115,0,"FUN_004113a0"
00411260,FUN_00411260,115,0,"FUN_00411460"
004112e0,FUN_004112e0,188,0,"FUN_00411520 FUN_0081ff70"
004113a0,FUN_004113a0,183,0,"FUN_00411520 FUN_0081ff70"
00411460,FUN_00411460,187,0,"FUN_004115d0 FUN_0081ff70"
00411520,FUN_00411520,170,0,"FUN_004020d0 FUN_0081ff70"
004115d0,FUN_004115d0,172,0,"FUN_004020d0 FUN_0081ff70"
004116d0,FUN_004116d0,138,0,"FUN_00412c80"
00411760,FUN_00411760,126,0,"FUN_004085d0 FUN_0081ff70 _free _free"
00411840,FUN_00411840,369,0,"FUN_0081ff70 _free thunk_FUN_0081fbdc"
00411a30,FUN_00411a30,352,0,"FUN_00408710 FUN_00415530 FUN_0081ff70 thunk_FUN_0081fbdc"
00411c40,FUN_00411c40,223,0,"CreateFontA FUN_0081ff70 GetDC GetTextMetricsA SelectObject _free"
00411d70,FUN_00411d70,100,0,"DeleteObject FUN_0081ff70 ReleaseDC SelectObject _free"
00411e20,FUN_00411e20,605,0,"FUN_00412090 GetGlyphOutlineA _free thunk_FUN_0081fbdc"
00412090,FUN_00412090,413,0,"GetGlyphOutlineA _free thunk_FUN_0081fbdc"
00412240,FUN_00412240,557,0,"FUN_004020d0 FUN_00402200 FUN_00410050 FUN_004101b0 FUN_0081fbdc __security_check_cookie _free _free _strchr _strncpy_s _strtok_s thunk_FUN_0081fbdc"
00412910,FUN_00412910,323,0,"FUN_00411c40 FUN_00411d70 FUN_00411e20 FUN_00412240 FUN_00412a60 _free _memset thunk_FUN_0081fbdc"
00412a60,FUN_00412a60,286,0,""
00412bf0,FUN_00412bf0,42,0,"FUN_00405c70"
00412c20,FUN_00412c20,94,0,"FUN_0081ff70"
00412c80,FUN_00412c80,26,0,"FUN_0081fbdc"
00412ca0,FUN_00412ca0,53,0,"FUN_00405c70"
00412ce0,FUN_00412ce0,167,0,"FUN_00413960 FUN_004145c0 FUN_0081ff70"
00412d90,FUN_00412d90,357,0,"FUN_00413a00 FUN_00414580 InitializeCriticalSection"
00412f00,FUN_00412f00,27,0,"FUN_00412f40 _free"
00412f20,thunk_FUN_00413b70,5,0,""
00412f30,thunk_FUN_00413c30,5,0,""
00412f40,FUN_00412f40,321,0,"DeleteCriticalSection FUN_00413aa0 FUN_00413b70 FUN_00413c30 FUN_00413c70 FUN_00414d30 _free _free"
00413090,FUN_00413090,435,0,"CreateThread EnterCriticalSection FUN_00413300 FUN_00413bb0 FUN_00413c70 FUN_00414d30 FUN_0041d8c0 FUN_0041d9c0 FUN_0041d9f0 LeaveCriticalSection SetThreadPriority WSACleanup __security_check_cookie _free socket"
00413250,FUN_00413250,165,0,"EnterCriticalSection FUN_00413350 FUN_00414d30 LeaveCriticalSection SetEvent WSACleanup _free closesocket shutdown"
00413300,FUN_00413300,68,0,"FUN_0041d9f0 bind htons"
00413350,FUN_00413350,149,0,"EnterCriticalSection FUN_004133f0 LeaveCriticalSection __security_check_cookie sendto"
004133f0,FUN_004133f0,489,0,"EnterCriticalSection FUN_00412ce0 FUN_004136a0 FUN_0081ff70 LeaveCriticalSection __security_check_cookie sendto"
004135e0,FUN_004135e0,39,0,"EnterCriticalSection LeaveCriticalSection"
00413610,FUN_00413610,143,0,"EnterCriticalSection FUN_0081ff70 LeaveCriticalSection"
004136a0,FUN_004136a0,648,0,"FUN_00401670 FUN_00402200 FUN_00413b50 FUN_004145c0 FUN_00414670 FUN_004146c0 __CxxThrowException@8 _free"
00413960,FUN_00413960,90,0,""
004139c0,FUN_004139c0,33,0,"FUN_0081ff70"
004139f0,thunk_FUN_00413c70,5,0,""
00413a00,FUN_00413a00,145,0,"FUN_00412c80 InitializeCriticalSection"
00413aa0,FUN_00413aa0,92,0,"DeleteCriticalSection FUN_00402420 FUN_00402470 _free"
00413b10,FUN_00413b10,32,0,"FUN_0081ff70"
00413b30,FUN_00413b30,27,0,"FUN_00413aa0 _free"
00413b50,FUN_00413b50,28,0,""
00413b70,FUN_00413b70,40,0,"FUN_00413ce0 _free"
00413bb0,FUN_00413bb0,120,0,"FUN_00413db0 FUN_00414060 FUN_0081ff70 __security_check_cookie"
00413c30,FUN_00413c30,40,0,"FUN_00413f70 _free"
00413c70,FUN_00413c70,95,0,"_free"
00413ce0,FUN_00413ce0,194,0,"FUN_004136a0 FUN_004145c0 FUN_00414630 FUN_0081ff70"
00413db0,FUN_00413db0,114,0,"FUN_0081ff70"
00413e30,FUN_00413e30,81,0,"FUN_0081fbdc __CxxThrowException@8 exception"
00413e90,FUN_00413e90,123,0,"FUN_00401670 FUN_00402200 __CxxThrowException@8"
00413f10,FUN_00413f10,81,0,"FUN_0081fbdc __CxxThrowException@8 exception"
00413f70,FUN_00413f70,194,0,"FUN_004142b0 FUN_004145c0 FUN_00414630 FUN_0081ff70"
00414040,FUN_00414040,23,0,""
00414060,FUN_00414060,566,0,"FUN_00413e30 FUN_00413e90 FUN_00414710 FUN_00414740 FUN_00414770 FUN_00414810 FUN_00414840 __security_check_cookie _free"
004141d9,Catch_All@004141d9,9,0,"_free"
004142b0,FUN_004142b0,659,0,"FUN_00401670 FUN_00402200 FUN_004145c0 FUN_00414670 FUN_004146c0 __CxxThrowException@8 _free"
00414580,FUN_00414580,55,0,"FUN_004147b0"
004145c0,FUN_004145c0,97,0,"FUN_0081ff70"
00414630,FUN_00414630,42,0,"FUN_00414630 _free"
00414670,FUN_00414670,76,0,""
004146c0,FUN_004146c0,80,0,""
00414710,FUN_00414710,34,0,"FUN_00414840"
00414740,FUN_00414740,35,0,""
00414770,FUN_00414770,58,0,""
004147b0,FUN_004147b0,81,0,"FUN_0081fbdc __CxxThrowException@8 exception"
00414810,FUN_00414810,42,0,""
00414840,FUN_00414840,42,0,""
00414870,FUN_00414870,104,0,"FUN_00409ce0"
004148e0,FUN_004148e0,95,0,"FUN_00414940 FUN_00414a80"
00414940,FUN_00414940,312,0,"FUN_00409df0"
00414a80,FUN_00414a80,581,0,"FUN_00409df0 FUN_00820230 FUN_008214d0"
00414cd0,FUN_00414cd0,9,0,""
00414ce0,thunk_FUN_00414d30,5,0,""
00414cf0,FUN_00414cf0,49,0,"CreateThread FUN_00414d30"
00414d30,FUN_00414d30,73,0,"CloseHandle GetExitCodeThread SetThreadPriority"
00414d80,FUN_00414d80,17,0,"SetThreadPriority"
00414da0,FUN_00414da0,36,0,"GetExitCodeThread"
00414dd0,FUN_00414dd0,131,0,"FUN_00412c80 InitializeCriticalSection"
00414e60,FUN_00414e60,103,0,"DeleteCriticalSection FUN_004085d0 FUN_00415340"
00414ed0,FUN_00414ed0,547,0,"Direct3DCreate9 GetWindowInfo GetWindowLongA MessageBoxA _memset"
00415100,FUN_00415100,281,0,"EnterCriticalSection FUN_0081ff70 LeaveCriticalSection"
00415220,FUN_00415220,286,0,"FUN_00415100 GetSystemMetrics SetWindowPos"
00415340,FUN_00415340,82,0,""
004153a0,FUN_004153a0,157,0,"EnterCriticalSection FUN_00408710 FUN_00415530 FUN_0081ff70 LeaveCriticalSection"
00415440,FUN_00415440,140,0,"EnterCriticalSection FUN_004154d0 FUN_0081ff70 LeaveCriticalSection"
004154d0,FUN_004154d0,89,0,"FUN_0081ff70 _free"
00415530,FUN_00415530,51,0,"FUN_0081fbdc"
00415570,FUN_00415570,148,0,""
00415610,FUN_00415610,539,0,"EnterCriticalSection FUN_00414cf0 FUN_00416430 FUN_004164b0 GetExitCodeThread LeaveCriticalSection WaitForSingleObject _free _memcpy gethostbyname htons inet_addr thunk_FUN_0081fbdc"
00415830,FUN_00415830,1355,0,"EnterCriticalSection FUN_00412ce0 FUN_004139c0 FUN_00415570 FUN_004164f0 FUN_0081ff70 LeaveCriticalSection __security_check_cookie _memcpy sendto"
00415d80,FUN_00415d80,223,0,"EnterCriticalSection LeaveCriticalSection"
00415e60,FUN_00415e60,122,0,"EnterCriticalSection LeaveCriticalSection"
00415ee0,FUN_00415ee0,312,0,"EnterCriticalSection FUN_00416430 FUN_004165f0 FUN_0081ff70 LeaveCriticalSection"
00416020,FUN_00416020,7,0,""
00416430,FUN_00416430,127,0,"FUN_00416560 FUN_00416be0 FUN_0081ff70"
004164b0,FUN_004164b0,52,0,"FUN_004165f0 FUN_0081ff70"
004164f0,FUN_004164f0,106,0,"FUN_00416670"
00416560,FUN_00416560,137,0,"FUN_004168c0 FUN_0081ff70"
004165f0,FUN_004165f0,125,0,"FUN_0081ff70"
00416670,FUN_00416670,580,0,"FUN_00401670 FUN_00402200 FUN_004146c0 FUN_00416b00 __CxxThrowException@8"
004168c0,FUN_004168c0,543,0,"FUN_00413e90 FUN_00413f10 FUN_00416b40 FUN_00416b70 FUN_00416ba0 FUN_00416be0 FUN_00416c20 __security_check_cookie _free"
00416a41,Catch_All@00416a41,9,0,"_free"
00416b00,FUN_00416b00,56,0,"FUN_004147b0"
00416b40,FUN_00416b40,34,0,"FUN_00416c20"
00416b70,FUN_00416b70,47,0,""
00416ba0,FUN_00416ba0,59,0,""
00416be0,FUN_00416be0,54,0,""
00416c20,FUN_00416c20,54,0,""
00416c60,FUN_00416c60,464,0,"EnterCriticalSection FUN_00402810 FUN_00417510 FUN_00417590 FUN_00417930 FUN_0081ff70 LeaveCriticalSection SetEvent _memcpy timeGetTime"
00416e30,FUN_00416e30,548,0,"EnterCriticalSection FUN_00402810 FUN_00417510 FUN_00417590 FUN_00417930 FUN_0081ff70 LeaveCriticalSection SetEvent _memcpy timeGetTime"
00417080,FUN_00417080,395,0,"CloseHandle CreateEventA EnterCriticalSection FUN_00402810 FUN_00405400 FUN_0081ff70 LeaveCriticalSection WaitForSingleObject sendto timeGetTime"
00417210,FUN_00417210,682,0,"CloseHandle CreateEventA EnterCriticalSection FUN_004133f0 FUN_0081ff70 LeaveCriticalSection WaitForSingleObject __security_check_cookie sendto"
004174d0,FUN_004174d0,50,0,""
00417510,FUN_00417510,117,0,"FUN_004177d0 FUN_0081fbdc"
00417590,FUN_00417590,106,0,"FUN_00417600 FUN_0081ff70"
00417600,FUN_00417600,456,0,"FUN_00417ad0 FUN_00417b50 FUN_0081ff70"
004177d0,FUN_004177d0,341,0,"FUN_00410430 FUN_004106e0 _free _memmove_s"
00417930,FUN_00417930,410,0,"EnterCriticalSection FUN_00402970 FUN_004046c0 FUN_00404720 FUN_0040dfc0 FUN_00417bd0 FUN_00417c30 FUN_0081ff70 LeaveCriticalSection _memset"
00417ad0,FUN_00417ad0,115,0,"FUN_00417df0"
00417b50,FUN_00417b50,115,0,"FUN_00417eb0"
00417bd0,FUN_00417bd0,82,0,"FUN_0081ff70"
00417c30,FUN_00417c30,95,0,"FUN_00417c90 FUN_00417f70"
00417c90,FUN_00417c90,344,0,"FUN_00406080 FUN_00410350 _free _memmove_s"
00417df0,FUN_00417df0,187,0,"FUN_00417fc0 FUN_0081ff70"
00417eb0,FUN_00417eb0,183,0,"FUN_00418090 FUN_0081ff70"
00417f70,FUN_00417f70,80,0,"FUN_0081fbdc __CxxThrowException@8 exception"
00417fc0,FUN_00417fc0,201,0,"FUN_0081ff70"
00418090,FUN_00418090,190,0,"FUN_0081ff70"
00418150,FUN_00418150,16,0,""
00418160,FUN_00418160,33,0,""
00418190,FUN_00418190,71,0,"D3DXCreateEffect FUN_004153a0"
004181e0,FUN_004181e0,33,0,"FUN_00415440"
00418210,FUN_00418210,21,0,""
00418230,FUN_00418230,21,0,""
00418270,FUN_00418270,27,0,"FUN_00418290 _free"
00418290,FUN_00418290,139,0,""
00418320,FUN_00418320,253,0,"FUN_00418ac0 MessageBoxA __security_check_cookie"
00418440,FUN_00418440,50,0,"_free"
00418480,FUN_00418480,33,0,""
004184b0,FUN_004184b0,160,0,"FUN_00418ac0 MessageBoxA __security_check_cookie"
00418550,FUN_00418550,247,0,"FUN_004187b0 MessageBoxA _memcpy"
00418650,FUN_00418650,298,0,"FUN_00408b40 MessageBoxA _free _memcpy"
00418780,FUN_00418780,45,0,""
004187b0,FUN_004187b0,85,0,"_memset"
00418810,FUN_00418810,583,0,"CoCreateInstance MessageBoxA __security_check_cookie _memset"
00418a60,FUN_00418a60,82,0,""
00418ac0,FUN_00418ac0,110,0,"MessageBoxA"
00418b30,FUN_00418b30,103,0,"FUN_00820230 FUN_00822160"
00418ba0,FUN_00418ba0,15,0,""
00418bb0,FUN_00418bb0,291,0,"FUN_0040d1e0 FUN_00418eb0 FUN_008106a0 FUN_008107a0 FUN_008125c0"
00418d10,FUN_00418d10,252,0,"FUN_008123d0 FUN_008124d0 FUN_00812600 _memset"
00418e70,FUN_00418e70,25,0,""
00418e90,FUN_00418e90,23,0,""
00418eb0,FUN_00418eb0,481,0,"FUN_0040d1e0 __security_check_cookie _free _strcpy_s thunk_FUN_0081fbdc"
004190a0,FUN_004190a0,236,0,"CreateThread FUN_00412c80 FUN_00414d30 InitializeCriticalSection SetThreadPriority _free timeBeginPeriod"
004191a0,FUN_004191a0,222,0,"CloseHandle DeleteCriticalSection EnterCriticalSection FUN_004085d0 FUN_00414d30 FUN_0081ff70 LeaveCriticalSection SetEvent _free"
004192a0,FUN_004192a0,444,0,"CloseHandle CreateEventA EnterCriticalSection FUN_0081ff70 LeaveCriticalSection SetEvent WaitForSingleObject timeGetTime"
00419460,FUN_00419460,169,0,"CreateEventA EnterCriticalSection FUN_00408710 FUN_00415530 FUN_0081ff70 LeaveCriticalSection"
00419510,FUN_00419510,193,0,"CloseHandle EnterCriticalSection FUN_004154d0 FUN_0081ff70 LeaveCriticalSection SetEvent"
004195e0,FUN_004195e0,181,0,"FUN_0081ff70 LeaveCriticalSection TryEnterCriticalSection WaitForSingleObject"
004196a0,FUN_004196a0,237,0,"FUN_0040d1e0 _free thunk_FUN_0081fbdc"
004197a0,FUN_004197a0,456,0,"FUN_0040d1e0 _free thunk_FUN_0081fbdc"
00419970,FUN_00419970,231,0,"FUN_0040d1e0 _free thunk_FUN_0081fbdc"
00419a60,FUN_00419a60,264,0,"FUN_0040d1e0 _free thunk_FUN_0081fbdc"
00419b70,FUN_00419b70,1025,0,"FUN_0040d1e0 _free thunk_FUN_0081fbdc"
00419f90,FUN_00419f90,240,0,"FUN_0040d1e0 _free thunk_FUN_0081fbdc"
0041a0b0,FUN_0041a0b0,41,0,"_free _free"
0041a100,FUN_0041a100,2178,0,"FUN_0040d1e0 _free thunk_FUN_0081fbdc"
0041aa20,FUN_0041aa20,703,0,"FUN_0040d1e0 FUN_00801960 FUN_00802c30 FUN_00803170 FUN_00804590 FUN_008045c0 FUN_00804690 FUN_008046c0 FUN_00805a70 FUN_00805c70 FUN_00806090 thunk_FUN_0081fbdc"
0041ace0,FUN_0041ace0,196,0,"_memcpy thunk_FUN_0081fbdc"
0041adb0,FUN_0041adb0,418,0,"FUN_0040d1e0 _free thunk_FUN_0081fbdc"
0041af70,FUN_0041af70,946,0,""
0041b390,FUN_0041b390,360,0,"FUN_00405200"
0041b500,FUN_0041b500,1010,0,"FUN_00405190 FUN_00409580 FUN_004095f0"
0041b900,FUN_0041b900,81,0,"_strcpy_s thunk_FUN_0081fbdc"
0041b960,FUN_0041b960,37,0,"FUN_0041b960 _free _free"
0041b990,FUN_0041b990,4,0,""
0041b9a0,FUN_0041b9a0,163,0,"FUN_0041d240 InitializeCriticalSection"
0041ba50,thunk_FUN_0041c9b0,5,0,""
0041ba60,FUN_0041ba60,225,0,"DeleteCriticalSection FUN_0041c400 FUN_0041c710 FUN_0041c9b0 FUN_0041d680 _free"
0041bb50,FUN_0041bb50,618,0,"CloseHandle CreateFileA FUN_00402200 FUN_00409890 FUN_004098d0 FUN_0041bdd0 FUN_0041c350 ReadFile __security_check_cookie _free _free _memcpy thunk_FUN_0081fbdc"
0041bdd0,FUN_0041bdd0,605,0,"FUN_00409b50 FUN_0041b900 FUN_0041b960 FUN_0041c440 FUN_0041c530 FUN_0041d400 FUN_0081fbdc FUN_0081ff70 __stricmp _free _free _strcpy_s thunk_FUN_0081fbdc"
0041c050,FUN_0041c050,38,0,"FUN_0041b960 _free _free"
0041c080,FUN_0041c080,356,0,"CreateFileA FUN_00409b50 FUN_0041c530 FUN_0081ff70 SetFilePointer __stricmp"
0041c1f0,FUN_0041c1f0,104,0,"ReadFile"
0041c260,FUN_0041c260,124,0,"SetFilePointer"
0041c2e0,FUN_0041c2e0,53,0,"FUN_0041d680 _free"
0041c320,FUN_0041c320,33,0,""
0041c350,FUN_0041c350,162,0,"FUN_0041c5b0 FUN_0041d5d0 FUN_0081ff70"
0041c400,FUN_0041c400,58,0,"FUN_0041c670 FUN_0081ff70"
0041c440,FUN_0041c440,230,0,"FUN_0041c770 FUN_0041d280"
0041c530,FUN_0041c530,117,0,""
0041c5b0,FUN_0041c5b0,177,0,"FUN_0041c9f0 FUN_0081ff70"
0041c670,FUN_0041c670,109,0,"FUN_0041d580 FUN_0041d680 FUN_0081ff70"
0041c6e0,FUN_0041c6e0,46,0,"FUN_0041d5d0"
0041c710,FUN_0041c710,76,0,"FUN_0041b960 FUN_0041c710 _free _free"
0041c770,FUN_0041c770,576,0,"FUN_00401670 FUN_00402200 FUN_0041ce40 FUN_0041ce90 __CxxThrowException@8"
0041c9b0,FUN_0041c9b0,40,0,"FUN_0041cd20 _free"
0041c9f0,FUN_0041c9f0,732,0,"FUN_004020d0 FUN_00410600 FUN_00413e90 FUN_0041c320 FUN_0041c6e0 FUN_0041d460 FUN_0041d490 FUN_0041d4c0 FUN_0041d5d0 FUN_0041d680 FUN_0041d6c0 __security_check_cookie _free"
0041cbf5,Catch_All@0041cbf5,23,0,"FUN_0041d680 _free"
0041cc9d,Catch_All@0041cc9d,36,0,"FUN_0041d680 __CxxThrowException@8"
0041cd20,FUN_0041cd20,194,0,"FUN_0041c710 FUN_0041cf20 FUN_0041d390 FUN_0081ff70"
0041cdf0,FUN_0041cdf0,76,0,""
0041ce40,FUN_0041ce40,80,0,""
0041ce90,FUN_0041ce90,119,0,"FUN_0041d300 FUN_0041d520"
0041cf07,Catch_All@0041cf07,9,0,"_free"
0041cf20,FUN_0041cf20,721,0,"FUN_00401670 FUN_00402200 FUN_0041b960 FUN_0041cdf0 FUN_0041ce40 FUN_0041d370 FUN_0041d390 __CxxThrowException@8 _free _free"
0041d240,FUN_0041d240,55,0,"FUN_0041d520"
0041d280,FUN_0041d280,119,0,"FUN_0081ff70"
0041d300,FUN_0041d300,99,0,"_strcpy_s thunk_FUN_0081fbdc"
0041d370,FUN_0041d370,28,0,""
0041d390,FUN_0041d390,97,0,"FUN_0081ff70"
0041d400,FUN_0041d400,82,0,"_strcpy_s thunk_FUN_0081fbdc"
0041d460,FUN_0041d460,39,0,"FUN_0041d6c0"
0041d490,FUN_0041d490,38,0,"FUN_004020d0"
0041d4c0,FUN_0041d4c0,81,0,"FUN_0041d800"
0041d520,FUN_0041d520,81,0,"FUN_0081fbdc __CxxThrowException@8 exception"
0041d580,FUN_0041d580,76,0,"FUN_004020d0"
0041d5d0,FUN_0041d5d0,133,0,"FUN_004020d0"
0041d643,Catch_All@0041d643,37,0,"FUN_00410510 __CxxThrowException@8"
0041d680,FUN_0041d680,54,0,"_free"
0041d6c0,FUN_0041d6c0,273,0,"FUN_004020d0 __security_check_cookie _free"
0041d7a4,Catch_All@0041d7a4,37,0,"FUN_00410510 __CxxThrowException@8"
0041d800,FUN_0041d800,132,0,"__security_check_cookie"
0041d890,FUN_0041d890,28,0,"_free"
0041d8b0,FUN_0041d8b0,7,0,""
0041d8c0,FUN_0041d8c0,148,0,"EnterCriticalSection FUN_0041d9f0 LeaveCriticalSection WSAStartup"
0041d9c0,FUN_0041d9c0,47,0,"EnterCriticalSection LeaveCriticalSection WSACleanup"
0041d9f0,FUN_0041d9f0,84,0,"MessageBoxA WSAGetLastError __security_check_cookie wsprintfA"
0041da60,FUN_0041da60,1424,0,"EnterCriticalSection FUN_00401850 FUN_00412ce0 FUN_004133f0 FUN_00413b10 FUN_00415610 FUN_00415830 FUN_00415d80 FUN_00415e60 FUN_00415ee0 FUN_0081ff70 LeaveCriticalSection __security_check_cookie _memset htons ntohs recvfrom sendto"
0041e030,FUN_0041e030,13,0,""
0041e040,FUN_0041e040,87,0,"FUN_0043e8f0"
0041e0a0,FUN_0041e0a0,20,0,"FUN_0043e280 thunk_FUN_00444620"
0041e0c0,FUN_0041e0c0,86,0,"FUN_0043dea0 FUN_0043e0a0"
0041e120,FUN_0041e120,73,0,"FUN_00401000 FUN_00401040 FUN_0043df40"
0041e170,FUN_0041e170,162,0,"FUN_00401990 FUN_00403740 FUN_00404ad0 FUN_00404af0 FUN_00404b80 FUN_00404ce0 FUN_00404d60 FUN_00404de0 FUN_0043e8f0 FUN_004411d0"
0041e220,FUN_0041e220,25,0,"FUN_00401a80 FUN_004037d0 FUN_004404e0"
0041e240,thunk_FUN_0043e500,5,0,""
0041e250,thunk_FUN_0043dd00,5,0,""
0041e260,FUN_0041e260,18,0,"FUN_00424280"
0041e280,FUN_0041e280,18,0,"FUN_0041f6b0"
0041e2a0,FUN_0041e2a0,18,0,"FUN_0041e030"
0041e2c0,FUN_0041e2c0,18,0,"FUN_00424280"
0041e2e0,FUN_0041e2e0,18,0,"FUN_0041f6b0"
0041e300,FUN_0041e300,18,0,"FUN_0041e030"
0041e320,FUN_0041e320,18,0,"FUN_0041e030"
0041e340,FUN_0041e340,11,0,""
0041e350,FUN_0041e350,30,0,""
0041e370,FUN_0041e370,30,0,""
0041e390,FUN_0041e390,142,0,"FUN_00401000 FUN_00401040 FUN_004012a0"
0041e420,FUN_0041e420,980,0,"FUN_0041e030 FUN_0041e260 FUN_0041e280 FUN_0041e2a0 FUN_0041e2c0 FUN_0041e2e0 FUN_0041e300 FUN_0041e320 FUN_0041f4b0 FUN_0041f6b0 FUN_0041f960 FUN_0041fb40 FUN_00424280 FUN_00426900 FUN_00427d00 FUN_00428c60 FUN_0081fbdc"
0041e850,FUN_0041e850,27,0,"FUN_00425840 _free"
0041e870,FUN_0041e870,27,0,"FUN_0041f540 _free"
0041e890,FUN_0041e890,27,0,"FUN_0041e040 _free"
0041e8b0,FUN_0041e8b0,118,0,"FUN_0043deb0 FUN_0043f3f0 FUN_0045a110 FUN_0045a660 FUN_00462aa0 __security_check_cookie _sprintf_s"
0041e930,FUN_0041e930,8,0,"thunk_FUN_00444620"
0041e940,FUN_0041e940,242,0,"FUN_0043de30 FUN_0043e180 FUN_0043e740 FUN_00457890 FUN_004629c0"
0041ea40,FUN_0041ea40,132,0,"FUN_00401000 FUN_00401040 FUN_004010c0 FUN_004012a0 FUN_004571d0 FUN_004629d0"
0041ead0,FUN_0041ead0,78,0,""
0041eb20,FUN_0041eb20,28,0,""
0041eb40,FUN_0041eb40,27,0,""
0041eb60,FUN_0041eb60,82,0,""
0041ebc0,FUN_0041ebc0,99,0,"FUN_0081ff70"
0041ec30,FUN_0041ec30,29,0,"FUN_0081fbdc"
0041ec50,FUN_0041ec50,57,0,""
0041ec90,FUN_0041ec90,55,0,"FUN_0081fbdc"
0041ecd0,FUN_0041ecd0,55,0,"FUN_0081fbdc"
0041ed10,FUN_0041ed10,42,0,"FUN_0041ed10 _free"
0041ed50,thunk_FUN_0043cb30,5,0,""
0041ed60,FUN_0041ed60,223,0,"FUN_00405110 FUN_00413c70 FUN_0043cb30 FUN_0081ff70"
0041ee40,FUN_0041ee40,640,0,"FUN_00401670 FUN_00402200 FUN_0041ead0 FUN_0041eb20 FUN_0041eb40 FUN_0041eb60 FUN_0041ebc0 __CxxThrowException@8 _free"
0041f100,FUN_0041f100,200,0,"FUN_0041ebc0 FUN_0041ed10 FUN_0041ee40 FUN_0081ff70"
0041f1d0,FUN_0041f1d0,51,0,"FUN_0041ed60 _free"
0041f210,FUN_0041f210,36,0,"FUN_0043a180 _free"
0041f250,FUN_0041f250,17,0,"FUN_0041f1d0 _free"
0041f270,FUN_0041f270,196,0,"FUN_00405600 FUN_0041ec30 FUN_0041ec90 FUN_0041ecd0"
0041f340,FUN_0041f340,124,0,"FUN_0041f100 _free"
0041f440,FUN_0041f440,101,0,"FUN_0041f340 FUN_004593b0"
0041f4b0,FUN_0041f4b0,106,0,"FUN_0041f270"
0041f520,FUN_0041f520,27,0,"FUN_0041f440 _free"
0041f540,FUN_0041f540,122,0,"FUN_00405110"
0041f5c0,FUN_0041f5c0,22,0,"FUN_0043ddc0"
0041f5e0,FUN_0041f5e0,196,0,"FUN_00401000 FUN_00401040 FUN_004010c0 FUN_00404af0"
0041f6b0,FUN_0041f6b0,309,0,"FUN_00405030 FUN_00406560 FUN_0043e8f0"
0041f7f0,FUN_0041f7f0,37,0,"FUN_00406c60"
0041f820,FUN_0041f820,3,0,""
0041f830,FUN_0041f830,51,0,"FUN_0043ddc0 FUN_0043e060"
0041f870,FUN_0041f870,62,0,"FUN_00401000 FUN_00401040 FUN_004010c0 FUN_00406ea0 FUN_004075d0"
0041f8b0,FUN_0041f8b0,7,0,""
0041f8d0,FUN_0041f8d0,28,0,"_free"
0041f8f0,FUN_0041f8f0,105,0,"FUN_00405110"
0041f960,FUN_0041f960,168,0,"FUN_00405030 FUN_00406c60"
0041fa10,FUN_0041fa10,27,0,"FUN_0041f8f0 _free"
0041fa30,FUN_0041fa30,7,0,""
0041fa40,FUN_0041fa40,37,0,"FUN_0043e060 FUN_00457890"
0041fa70,FUN_0041fa70,53,0,"FUN_00401000 FUN_00401040 FUN_004010c0 FUN_004571d0"
0041fab0,FUN_0041fab0,28,0,"_free"
0041fad0,FUN_0041fad0,101,0,"FUN_0041f340 FUN_004593b0"
0041fb40,FUN_0041fb40,130,0,"FUN_0041f270 FUN_0045a110 FUN_0045a660"
0041fbd0,FUN_0041fbd0,27,0,"FUN_0041fad0 _free"
0041fbf0,FUN_0041fbf0,117,0,""
0041fc70,FUN_0041fc70,30,0,"FUN_0041fbf0"
0041fcb0,FUN_0041fcb0,7,0,""
0041fcc0,FUN_0041fcc0,28,0,"_free"
0041fce0,FUN_0041fce0,154,0,"FUN_00406ea0 FUN_00406ee0"
0041fd80,FUN_0041fd80,215,0,"FUN_00405030 FUN_00405110 __security_check_cookie wsprintfA"
0041fe60,FUN_0041fe60,497,0,"FUN_00405030 FUN_00405110 FUN_00408be0 FUN_0043f3f0 __security_check_cookie wsprintfA"
00420060,FUN_00420060,793,0,"FUN_004012a0 FUN_00443d10"
00420380,FUN_00420380,43,0,"FUN_0081ff70"
004203b0,FUN_004203b0,99,0,"FUN_0081ff70"
00420420,FUN_00420420,63,0,""
00420950,FUN_00420950,721,0,"FUN_004099f0 FUN_0081ff70"
00420c30,FUN_00420c30,1843,0,"FUN_00404b80 FUN_00409580 FUN_004095f0 FUN_004097a0 FUN_00409df0 FUN_00438d20"
00421370,FUN_00421370,37,0,""
00421540,FUN_00421540,93,0,"FUN_00401000 FUN_00401040 FUN_00404af0 FUN_00420060 FUN_00420c30 FUN_00443260"
004215a0,FUN_004215a0,37,0,""
004215d0,FUN_004215d0,2667,0,"FUN_00406e40 FUN_004096d0 FUN_004097a0 FUN_004099f0 FUN_0041fbf0 FUN_0041fc70 FUN_0041fd80 FUN_0041fe60 FUN_00420380 FUN_00420950 FUN_0043e180 FUN_0043e1e0 FUN_0043eef0 FUN_00443220 FUN_0081ff70"
00421a20,FUN_00421a20,53,0,""
00421a60,FUN_00421a60,51,0,"FUN_004215a0"
00421aa0,FUN_00421aa0,19,0,"FUN_0040a150 FUN_00433a50"
00421ac0,FUN_00421ac0,37,0,"FUN_0040a150 FUN_00433a50 _free"
00421af0,FUN_00421af0,178,0,"FUN_0040af10 FUN_0081ff70 _free"
00421c00,FUN_00421c00,27,0,"FUN_00421af0 _free"
00421c20,FUN_00421c20,41,0,"FUN_00421370"
00421c50,FUN_00421c50,640,0,"FUN_00401670 FUN_00402200 FUN_0040c9e0 FUN_0040ca30 FUN_0040cea0 FUN_004203b0 FUN_00464a00 __CxxThrowException@8 _free"
00421f10,FUN_00421f10,200,0,"FUN_004203b0 FUN_00421c50 FUN_00439950 FUN_0081ff70"
00421fe0,FUN_00421fe0,568,0,"FUN_00421370 FUN_00421a20 FUN_00421a60 FUN_00421c20 FUN_0042be20 FUN_0044dc00 FUN_00839ab0 _free"
00422154,Catch_All@00422154,9,0,"_free"
00422230,FUN_00422230,137,0,"FUN_00421fe0 FUN_0081ff70"
004222c0,FUN_004222c0,972,0,"FUN_0041fd80 FUN_0043dea0 FUN_0043deb0 FUN_0043df40 FUN_0043e040 FUN_0043ff10 FUN_0044bfe0 FUN_0081ff70"
004226a0,FUN_004226a0,745,0,"FUN_00433a50 FUN_0043de30 FUN_0043dea0 FUN_0043e040 FUN_0043e070 FUN_0043e1e0 FUN_0043e6a0 FUN_0043e740 FUN_0044bfe0 FUN_0044d180 FUN_0081fbdc thunk_FUN_00444ac0"
00422990,FUN_00422990,130,0,"FUN_004215a0 FUN_00422230 FUN_0081ff70"
00422a20,FUN_00422a20,130,0,"FUN_0040aec0 FUN_00412c80"
00422ab0,FUN_00422ab0,103,0,"FUN_00422a20 FUN_00609410"
00422b20,FUN_00422b20,153,0,"FUN_0041ec90 FUN_00609410"
00422bc0,FUN_00422bc0,85,0,"FUN_00421f10 _free"
00422c60,FUN_00422c60,27,0,"FUN_00422bc0 _free"
00422c80,FUN_00422c80,100,0,"FUN_00421af0 FUN_0047e1d0 FUN_0072db10"
00422cf0,FUN_00422cf0,169,0,"FUN_0041ec90 FUN_00422ab0"
00422da0,FUN_00422da0,20,0,"_free"
00422dc0,FUN_00422dc0,41,0,"_free"
00422e10,FUN_00422e10,33,0,""
00422e40,FUN_00422e40,91,0,""
00422ea0,FUN_00422ea0,40,0,"FUN_0081ff70"
00422ed0,FUN_00422ed0,96,0,"FUN_0081fbdc __CxxThrowException@8 exception"
00422f40,FUN_00422f40,105,0,""
00422fb0,FUN_00422fb0,105,0,""
00423020,FUN_00423020,8,0,"FUN_00425820"
00423040,FUN_00423040,38,0,"FUN_0081ff70"
00423070,FUN_00423070,94,0,"FUN_00422f40"
004230d0,FUN_004230d0,102,0,""
00423140,FUN_00423140,99,0,"FUN_00422fb0"
004231b0,FUN_004231b0,115,0,""
00423230,FUN_00423230,40,0,"_free"
00423270,FUN_00423270,115,0,""
004232f0,FUN_004232f0,79,0,"FUN_00438bb0"
00423340,FUN_00423340,41,0,"FUN_004232f0"
00423370,FUN_00423370,43,0,"FUN_00423140"
004233a0,FUN_004233a0,38,0,""
004233d0,thunk_FUN_0072db10,5,0,""
004233e0,FUN_004233e0,42,0,"FUN_0057a500 FUN_0081ff70"
00423410,FUN_00423410,60,0,"FUN_00423270"
00423450,FUN_00423450,59,0,"FUN_004232f0"
00423490,FUN_00423490,35,0,"FUN_00438c60"
004234c0,FUN_004234c0,126,0,"FUN_00423070 FUN_0081ff70"
00423540,FUN_00423540,69,0,"_free"
00423590,FUN_00423590,41,0,"FUN_004231b0"
004235c0,FUN_004235c0,5,0,""
004235d0,FUN_004235d0,795,0,"FUN_00422e10 FUN_00422ed0 FUN_004230d0 FUN_004231b0 FUN_00423370 FUN_004233a0 FUN_00423410 FUN_00423590 FUN_0042be20 _free"
00423804,Catch_All@00423804,22,0,"FUN_004233a0 _free"
004238b7,Catch_All@004238b7,45,0,"FUN_004233a0 __CxxThrowException@8"
00423940,FUN_00423940,135,0,"FUN_004234c0 FUN_00423540 FUN_0081ff70"
004239d0,FUN_004239d0,27,0,"FUN_00423940 _free"
004239f0,FUN_004239f0,81,0,"FUN_00422ed0 FUN_0042be20"
00423a50,FUN_00423a50,185,0,"FUN_004231b0 FUN_004239f0 FUN_0081ff70"
00423b09,Catch_All@00423b09,17,0,"FUN_00423540 __CxxThrowException@8"
00423b20,FUN_00423b20,253,0,"FUN_004234c0 FUN_004235d0 FUN_0081ff70 _free"
00423c20,FUN_00423c20,131,0,"FUN_004234c0 FUN_0081ff70"
00423cb0,FUN_00423cb0,434,0,"FUN_00402970 FUN_0040af30 FUN_0040af40 FUN_0040dfc0 FUN_00423450 FUN_00633660 FUN_007ebdf0 FUN_0081fbdc FUN_0081ff70"
00423e70,FUN_00423e70,75,0,"FUN_0081ff70"
00423ec0,FUN_00423ec0,117,0,"FUN_00423a50"
00423f40,FUN_00423f40,27,0,"FUN_0059bdb0"
00423f60,FUN_00423f60,27,0,"FUN_00423e70"
00423f80,FUN_00423f80,94,0,"FUN_00423cb0 FUN_0047d030 FUN_006fb680"
00423fe0,FUN_00423fe0,172,0,"FUN_00405110 FUN_0040c580 FUN_0040c660 FUN_0047e1d0 FUN_0081ff70"
00424090,FUN_00424090,115,0,"FUN_00423f80"
00424110,FUN_00424110,117,0,"FUN_00423cb0 FUN_0047d030 FUN_0047e1d0 FUN_006fb680"
00424190,FUN_00424190,27,0,"FUN_00422c80 _free"
004241b0,FUN_004241b0,108,0,"FUN_0043a180 _free"
00424280,FUN_00424280,5515,0,"FUN_00405030 FUN_00405200 FUN_00406560 FUN_00409cb0 FUN_0040a0f0 FUN_0040cec0 FUN_0040d010 FUN_0040dfc0 FUN_0040e1b0 FUN_00422990 FUN_00422b20 FUN_0042fea0 FUN_0043dc10 FUN_0043dea0 FUN_0043df50 FUN_0043e010 FUN_0043e0c0 FUN_00443160 FUN_0044e2b0 FUN_0081ff70 __security_check_cookie `eh_vector_constructor_iterator' wsprintfA"
00425820,FUN_00425820,27,0,"FUN_004241b0 _free"
00425840,FUN_00425840,1161,0,"FUN_00405110 FUN_0040a150 FUN_00422bc0 FUN_00433a50 _free `eh_vector_destructor_iterator'"
00425ce0,FUN_00425ce0,30,0,"FUN_00424110 FUN_0043b460"
00425d00,FUN_00425d00,186,0,"FUN_00405030 FUN_00405110 FUN_0043f3f0 __security_check_cookie wsprintfA"
00425dc0,FUN_00425dc0,247,0,"FUN_0043de30 FUN_0043e1e0 FUN_0043e740 FUN_0044d180 FUN_0081fbdc thunk_FUN_00444ac0"
00425ec0,FUN_00425ec0,433,0,"FUN_00425d00 FUN_0043dea0 FUN_0043deb0 FUN_0043e040 FUN_0043ff10 FUN_0081ff70"
00426080,FUN_00426080,580,0,"FUN_004096d0 FUN_0041fbf0 FUN_00420380 FUN_00425d00 FUN_0043dea0 FUN_0043dec0 FUN_0043e180 FUN_0043e1e0 FUN_0043eef0 FUN_00443220"
004262d0,FUN_004262d0,920,0,"FUN_00401000 FUN_00401040 FUN_004010c0 FUN_00404af0 FUN_00409df0 FUN_0043dea0 FUN_0043df50 FUN_00443260 FUN_00443a50 FUN_00443d10 FUN_00443de0 FUN_0081ff70"
00426670,FUN_00426670,99,0,"FUN_0081ff70"
004266e0,FUN_004266e0,536,0,"FUN_00405110 FUN_00422bc0 FUN_0081ff70 _free `eh_vector_destructor_iterator'"
00426900,FUN_00426900,1903,0,"FUN_00405030 FUN_00406560 FUN_00409cb0 FUN_0040cec0 FUN_00422990 FUN_00422b20 FUN_00426670 FUN_0043dea0 FUN_0043df50 FUN_0043e010 FUN_00443160 FUN_0044e2b0 FUN_0081ff70 __security_check_cookie _sprintf_s `eh_vector_constructor_iterator'"
00427080,FUN_00427080,27,0,"FUN_004266e0 _free"
004270a0,FUN_004270a0,164,0,"FUN_0043e0d0 FUN_0043ff10 FUN_00457890 thunk_FUN_004445c0"
00427150,FUN_00427150,20,0,"FUN_0043e740 thunk_FUN_004445c0"
00427170,FUN_00427170,882,0,"FUN_00401000 FUN_00401040 FUN_00404af0 FUN_00409df0 FUN_004571d0"
004274f0,FUN_004274f0,477,0,"FUN_004096a0 FUN_004097a0"
004276d0,FUN_004276d0,1199,0,"FUN_0041fbf0 FUN_004274f0 FUN_0043de30 FUN_0043e060 FUN_0043e090 FUN_0043e180 FUN_0043e1e0 FUN_0043e740 FUN_0043e9a0 FUN_0043ff10 FUN_00444550 FUN_00445a20 FUN_00448760 FUN_00449740 FUN_00449d80 FUN_0044b890 FUN_0044c510 FUN_00453390 FUN_00457890 FUN_0081fbdc thunk_FUN_00444ac0"
00427be0,FUN_00427be0,278,0,"FUN_00405110 FUN_0041f340 FUN_00422bc0 FUN_004593b0 `eh_vector_destructor_iterator'"
00427d00,FUN_00427d00,1188,0,"FUN_00405030 FUN_00406590 FUN_00409cb0 FUN_0040cec0 FUN_0041f270 FUN_00422b20 FUN_0043dea0 FUN_0043e050 FUN_0043e0a0 FUN_0044e2b0 FUN_0045a110 FUN_0045a660 __security_check_cookie `eh_vector_constructor_iterator' wsprintfA"
004281d0,FUN_004281d0,27,0,"FUN_00427be0 _free"
004281f0,FUN_004281f0,10,0,"CloseHandle"
00428200,FUN_00428200,193,0,"CloseHandle CreateEventA FUN_0043e010 FUN_0043e0c0 WaitForSingleObject"
004282d0,FUN_004282d0,22,0,""
004282f0,FUN_004282f0,247,0,"FUN_004282d0 FUN_0043e0c0 FUN_0043e740 FUN_00453690"
004283f0,FUN_004283f0,26,0,"FUN_0041f5c0"
00428410,FUN_00428410,205,0,"CloseHandle CreateEventA FUN_004222c0 FUN_0043e0c0 WaitForSingleObject"
004284e0,FUN_004284e0,217,0,"FUN_0043de30 FUN_0043e0c0"
004285c0,FUN_004285c0,267,0,"FUN_0040a340 FUN_004282d0 FUN_0043e050 FUN_0043e0c0 FUN_0043e740 FUN_00453690"
004286d0,FUN_004286d0,26,0,"FUN_0041f5c0"
004286f0,FUN_004286f0,313,0,"FUN_0040dc00 FUN_0043de30 FUN_0043dea0 FUN_0043e0c0"
00428830,FUN_00428830,18,0,"FUN_0043df40 FUN_0043e230"
00428850,FUN_00428850,176,0,"FUN_0043de30 FUN_0043e060 FUN_0043e0c0 FUN_00453710 FUN_00454240"
00428900,FUN_00428900,230,0,"CloseHandle CreateEventA FUN_0040af30 FUN_0040af40 FUN_0043e090 FUN_0043e0c0 FUN_00453710 WaitForSingleObject"
004289f0,FUN_004289f0,21,0,"FUN_0043ff10"
00428a10,FUN_00428a10,138,0,"FUN_00405110 FUN_00443100"
00428aa0,FUN_00428aa0,229,0,"FUN_0042e140 FUN_0042e9d0 FUN_0043ddc0 FUN_0043de30 FUN_0043dea0 FUN_0043deb0 FUN_0043e060 FUN_0043e090 FUN_0043e0c0 FUN_0043e8f0 FUN_00443220 FUN_00453710"
00428b90,FUN_00428b90,207,0,"FUN_00401000 FUN_00401040 FUN_004010c0 FUN_00404af0 FUN_00443260"
00428c60,FUN_00428c60,358,0,"FUN_00405030 FUN_00406560 FUN_0043e0c0 FUN_00443160 FUN_004432b0"
00428dd0,FUN_00428dd0,27,0,"FUN_00428a10 _free"
00428e00,FUN_00428e00,31,0,""
00428e20,FUN_00428e20,542,0,"FUN_008200f0"
00429040,FUN_00429040,931,0,"FUN_00409580 FUN_004095f0"
004293f0,FUN_004293f0,70,0,"FUN_00406ee0 FUN_00406fa0 FUN_00407040"
00429440,FUN_00429440,128,0,"FUN_00406ee0 FUN_00406fa0 FUN_00407040"
004294c0,FUN_004294c0,10,0,""
004294d0,FUN_004294d0,17,0,""
004294f0,FUN_004294f0,17,0,""
00429510,FUN_00429510,17,0,""
00429530,FUN_00429530,33,0,"FUN_00428e20"
00429560,FUN_00429560,106,0,"FUN_00428e20 FUN_00429040"
004295d0,FUN_004295d0,917,0,"CloseHandle CreateFileA FUN_0043dc20 FUN_0081ff70 WriteFile"
00429970,FUN_00429970,255,0,"FUN_00402200 FUN_004101b0 `eh_vector_constructor_iterator'"
00429a70,FUN_00429a70,987,0,"CloseHandle CreateFileA FUN_004020d0 FUN_00402200 FUN_00410050 FUN_0081fbdc ReadFile __security_check_cookie _free _memset"
00429e60,FUN_00429e60,15,0,""
00429e70,FUN_00429e70,108,0,""
00429ee0,FUN_00429ee0,32,0,"FUN_00405110"
00429f00,FUN_00429f00,333,0,"FUN_004050a0 FUN_00405110 FUN_00409cb0 FUN_0040ea10 FUN_0040ed80 FUN_0040ed90 FUN_0040efe0"
0042a050,FUN_0042a050,568,0,"FUN_00401260 FUN_00409df0 FUN_00820230 SetRect"
0042a2a0,FUN_0042a2a0,33,0,""
0042a2d0,FUN_0042a2d0,64,0,""
0042a310,FUN_0042a310,664,0,"FUN_00434bf0 FUN_00439770 FUN_0043dea0 FUN_0043e010 FUN_0043e040 FUN_0043e070 FUN_0043e6a0 FUN_00469ee0 FUN_00469ef0 FUN_00469f10"
0042a5c0,FUN_0042a5c0,23,0,""
0042a5e0,FUN_0042a5e0,662,0,"FUN_00433a50 FUN_00435d80 FUN_00439770 FUN_0043de30 FUN_0043dea0 FUN_0043e0c0 FUN_00468d10 FUN_00469990 FUN_00469ef0"
0042a880,FUN_0042a880,31,0,""
0042a8a0,FUN_0042a8a0,60,0,"FUN_0081ff70"
0042a8e0,FUN_0042a8e0,89,0,"FUN_0081fbdc __CxxThrowException@8 exception"
0042a940,FUN_0042a940,8,0,""
0042a950,FUN_0042a950,73,0,"FUN_0081ff70"
0042a9a0,FUN_0042a9a0,191,0,"FUN_00405560 _memchr"
0042aa60,FUN_0042aa60,46,0,"FUN_0081ff70"
0042aa90,FUN_0042aa90,46,0,"FUN_0081ff70"
0042aac0,FUN_0042aac0,71,0,"FUN_0081ff70"
0042ab10,FUN_0042ab10,52,0,""
0042ab50,FUN_0042ab50,96,0,"FUN_0081ff70"
0042abb0,FUN_0042abb0,192,0,"FUN_0081ff70"
0042ac70,FUN_0042ac70,203,0,"FUN_0081ff70"
0042ad40,FUN_0042ad40,100,0,"FUN_0042aac0"
0042adb0,FUN_0042adb0,240,0,"FUN_0040af30 FUN_0040af40 FUN_0042ad40 FUN_0043de50"
0042aec0,FUN_0042aec0,100,0,"FUN_0081ff70"
0042af30,FUN_0042af30,183,0,"FUN_0042abb0 FUN_0081ff70"
0042aff0,FUN_0042aff0,187,0,"FUN_0042ac70 FUN_0081ff70"
0042b0b0,FUN_0042b0b0,8,0,"FUN_00433a50"
0042b0c0,FUN_0042b0c0,526,0,"FUN_0081ff70"
0042b2d0,FUN_0042b2d0,569,0,"CloseHandle CreateFileA FUN_0040d350 FUN_0042b0c0 FUN_0043dc20 FUN_0081ff70 FUN_008204dc MakeSureDirectoryPathExists WriteFile __mbschr __security_check_cookie __time64"
0042b510,FUN_0042b510,99,0,"FUN_0081ff70"
0042b580,FUN_0042b580,935,0,"FUN_004024e0 FUN_004028c0 FUN_007fb8fb FUN_007fb93a _memcpy_s _memmove_s"
0042b930,FUN_0042b930,115,0,"FUN_0042af30"
0042b9b0,FUN_0042b9b0,115,0,"FUN_0042aff0"
0042ba30,FUN_0042ba30,31,0,"FUN_00433a50 `eh_vector_destructor_iterator'"
0042ba50,FUN_0042ba50,486,0,"FUN_004024e0 FUN_0042b580 FUN_007fb8fb FUN_007fb93a _memcpy_s _memmove_s"
0042bc40,FUN_0042bc40,472,0,"FUN_0042b930 FUN_0042b9b0 FUN_0081ff70"
0042be20,FUN_0042be20,117,0,"FUN_00401670 FUN_00402200 __CxxThrowException@8"
0042bea0,FUN_0042bea0,176,0,"FUN_004020d0 FUN_00402200 FUN_004087b0 _free"
0042bf60,FUN_0042bf60,307,0,"CloseHandle CreateFileA FUN_00402200 FUN_00408620 ReadFile __security_check_cookie _free"
0042c0a0,FUN_0042c0a0,1452,0,"FUN_00402200 FUN_0040f340 FUN_0042a9a0 FUN_0042ba50 FUN_0043f3f0 FUN_0081ff70 FUN_008204dc __security_check_cookie __time64 wsprintfA"
0042c660,FUN_0042c660,141,0,"FUN_004020d0 FUN_00402200 FUN_0043d110"
0042c6f0,thunk_FUN_0043d190,5,0,""
0042c700,FUN_0042c700,540,0,"FUN_004020d0 FUN_00408620 FUN_004087b0 FUN_0042b510 FUN_0042bf60 FUN_0043caa0 FUN_0043dc10 FUN_0043dc20 FUN_0043e090 FUN_0081ff70 __security_check_cookie _free wsprintfA"
0042c920,FUN_0042c920,341,0,"FUN_0044dc00 FUN_00479090 _free _memmove_s"
0042ca80,FUN_0042ca80,122,0,"FUN_0042c920 FUN_0081fbdc"
0042cb00,FUN_0042cb00,35,0,"FUN_00433a50 `eh_vector_destructor_iterator'"
0042cb30,FUN_0042cb30,1084,0,"CloseHandle CreateFileA FUN_004020d0 FUN_00402200 FUN_0040f2d0 FUN_0042a8a0 FUN_0042bea0 FUN_0042c0a0 FUN_0043f3f0 FUN_0081ff70 FUN_008204dc __security_check_cookie __time64 _free wsprintfA"
0042cf90,FUN_0042cf90,119,0,"FUN_0042c920 FUN_0081fbdc"
0042d010,FUN_0042d010,1748,0,"FUN_0042ab50 FUN_0042b930 FUN_0042b9b0 FUN_0042ca80 FUN_0042cf90 FUN_0081ff70"
0042d288,Catch_All@0042d288,32,0,"FUN_0042ab10 __CxxThrowException@8"
0042d5cf,Catch_All@0042d5cf,38,0,"FUN_0042a5c0 __CxxThrowException@8"
0042d730,FUN_0042d730,52,0,"FUN_00433a50 `eh_vector_destructor_iterator'"
0042d770,FUN_0042d770,125,0,"FUN_0040af30 FUN_0040af40 FUN_0042cf90"
0042d7f0,FUN_0042d7f0,359,0,"FUN_0042cf90 FUN_00433a50"
0042d960,FUN_0042d960,224,0,"FUN_0042d770 FUN_0043de30 FUN_0043e0c0"
0042da40,FUN_0042da40,262,0,"FUN_0040af30 FUN_0040af40 FUN_0042cf90 FUN_0081ff70"
0042db50,FUN_0042db50,88,0,"FUN_0042d010"
0042dbb0,FUN_0042dbb0,297,0,"FUN_0042aa60 FUN_0042aa90 FUN_0042b930 FUN_0042bc40 FUN_0042db50 FUN_00433a50 FUN_00433b90"
0042dce0,FUN_0042dce0,236,0,"FUN_0042db50 FUN_0081ff70"
0042ddcc,Catch_All@0042ddcc,17,0,"FUN_00433a50 __CxxThrowException@8"
0042dde0,FUN_0042dde0,27,0,"FUN_0042d730"
0042de00,FUN_0042de00,162,0,"FUN_0042dbb0"
0042deb0,FUN_0042deb0,305,0,"FUN_0042a8a0 FUN_0042dbb0"
0042dff0,FUN_0042dff0,332,0,"FUN_0042a8a0 FUN_0042dbb0"
0042e140,FUN_0042e140,140,0,"FUN_0042deb0"
0042e1d0,FUN_0042e1d0,116,0,"FUN_0042dce0 `eh_vector_copy_constructor_iterator'"
0042e250,FUN_0042e250,74,0,"FUN_0042de00"
0042e2a0,FUN_0042e2a0,76,0,"FUN_0042de00"
0042e2f0,FUN_0042e2f0,38,0,"FUN_0042de00"
0042e320,FUN_0042e320,125,0,"FUN_0042e1d0"
0042e389,Catch_All@0042e389,37,0,"FUN_0042cb00 __CxxThrowException@8"
0042e3d0,FUN_0042e3d0,108,0,"FUN_0042d730 FUN_0042e250 FUN_0081ff70"
0042e440,FUN_0042e440,43,0,"FUN_0042e2a0"
0042e470,FUN_0042e470,125,0,"FUN_0042e1d0"
0042e4db,Catch_All@0042e4db,37,0,"FUN_0042cb00 __CxxThrowException@8"
0042e520,FUN_0042e520,57,0,"FUN_0042e3d0 FUN_0081ff70"
0042e560,FUN_0042e560,56,0,"FUN_0042e470"
0042e5a0,FUN_0042e5a0,41,0,"FUN_0042e320"
0042e5d0,FUN_0042e5d0,711,0,"FUN_0042a880 FUN_0042a8e0 FUN_0042be20 FUN_0042d730 FUN_0042e1d0 FUN_0042e2f0 FUN_0042e320 FUN_0042e440 FUN_0042e560 FUN_0042e5a0 FUN_00433a50 __security_check_cookie _free `eh_vector_destructor_iterator'"
0042e79b,Catch_All@0042e79b,22,0,"FUN_0042dde0 _free"
0042e845,Catch_All@0042e845,38,0,"FUN_0042dde0 __CxxThrowException@8"
0042e8f0,FUN_0042e8f0,218,0,"FUN_0042e1d0 FUN_0042e3d0 FUN_0042e5d0 FUN_00433a50 FUN_0081ff70 __security_check_cookie `eh_vector_destructor_iterator'"
0042e9d0,FUN_0042e9d0,238,0,"FUN_0042e3d0 FUN_0042e8f0 FUN_00433a50 FUN_0081ff70 `eh_vector_constructor_iterator' `eh_vector_destructor_iterator'"
0042eac0,FUN_0042eac0,849,0,"CloseHandle CreateFileA FUN_00402200 FUN_00408620 FUN_0042d7f0 FUN_0042e520 FUN_0042e8f0 FUN_00433a50 FUN_0043dc10 FUN_0043dc20 FUN_0081ff70 ReadFile __security_check_cookie _free `eh_vector_constructor_iterator' `eh_vector_destructor_iterator'"
0042ee30,FUN_0042ee30,15,0,"_free"
0042ee50,FUN_0042ee50,27,0,"FUN_0040a0f0"
0042ee70,thunk_FUN_0040a150,5,0,""
0042ee80,FUN_0042ee80,40,0,"FUN_0043e0a0 FUN_0043e0c0"
0042eeb0,FUN_0042eeb0,100,0,"FUN_004099f0"
0042ef30,FUN_0042ef30,31,0,""
0042ef50,FUN_0042ef50,99,0,"FUN_0081ff70"
0042efc0,FUN_0042efc0,78,0,""
0042f010,FUN_0042f010,28,0,""
0042f030,FUN_0042f030,27,0,""
0042f050,FUN_0042f050,82,0,""
0042f0b0,FUN_0042f0b0,92,0,"FUN_0081fbdc __CxxThrowException@8 exception"
0042f110,FUN_0042f110,60,0,""
0042f150,FUN_0042f150,65,0,""
0042f1a0,FUN_0042f1a0,27,0,"FUN_0040a150 _free"
0042f1c0,FUN_0042f1c0,82,0,""
0042f220,FUN_0042f220,99,0,"FUN_0081ff70"
0042f290,FUN_0042f290,95,0,"FUN_0042f150"
0042f2f0,FUN_0042f2f0,67,0,""
0042f340,FUN_0042f340,42,0,"FUN_0042f340 _free"
0042f380,FUN_0042f380,63,0,"FUN_0081fbdc"
0042f3c0,FUN_0042f3c0,55,0,"FUN_0081fbdc"
0042f400,FUN_0042f400,57,0,"FUN_0042ef50 FUN_0081ff70"
0042f440,FUN_0042f440,67,0,""
0042f490,FUN_0042f490,105,0,""
0042f500,FUN_0042f500,94,0,""
0042f560,FUN_0042f560,43,0,"FUN_0042f290"
0042f590,FUN_0042f590,65,0,"_free"
0042f5e0,FUN_0042f5e0,159,0,"FUN_0043dea0 FUN_0043e0a0 FUN_0081ff70"
0042f680,FUN_0042f680,191,0,"FUN_0043dea0 FUN_0043e0a0 FUN_0081ff70"
0042f740,FUN_0042f740,50,0,"FUN_0042f340"
0042f780,FUN_0042f780,105,0,""
0042f7f0,FUN_0042f7f0,54,0,"FUN_0042f440"
0042f830,FUN_0042f830,65,0,"_free"
0042f880,FUN_0042f880,192,0,"FUN_0040a0f0 `eh_vector_constructor_iterator'"
0042f940,FUN_0042f940,199,0,"FUN_0040a150 _free `eh_vector_destructor_iterator'"
0042fa10,FUN_0042fa10,1120,0,"CreateFileA FUN_00409a10 FUN_004203b0 FUN_0042ef50 FUN_0043dc20 FUN_0081ff70 WriteFile _free thunk_FUN_0081fbdc"
0042fea0,FUN_0042fea0,71,0,"FUN_0042f780 FUN_0081ff70"
0042fef0,FUN_0042fef0,99,0,"FUN_00409b50 FUN_0042f780 FUN_0081ff70"
0042ff60,FUN_0042ff60,41,0,"FUN_0042f2f0"
0042ff90,FUN_0042ff90,509,0,"FUN_00401670 FUN_00402200 FUN_0042f1c0 FUN_0044dc60 FUN_0044df80 __CxxThrowException@8"
00430190,FUN_00430190,640,0,"FUN_00401670 FUN_00402200 FUN_0042ef50 FUN_0042f1c0 FUN_0044db10 FUN_0044db30 FUN_0044dc60 __CxxThrowException@8 _free"
00430450,FUN_00430450,185,0,"FUN_0042ff90 FUN_0044db50"
00430510,FUN_00430510,200,0,"FUN_0042ef50 FUN_0042f340 FUN_00430190 FUN_0081ff70"
004305e0,FUN_004305e0,689,0,"FUN_0042be20 FUN_0042ef30 FUN_0042f0b0 FUN_0042f110 FUN_0042f2f0 FUN_0042f560 FUN_0042f7f0 FUN_0042ff60 _free"
004307b0,Catch_All@004307b0,9,0,"_free"
004308b0,FUN_004308b0,897,0,"CreateFileA FUN_00409ab0 FUN_0040f2d0 FUN_0040f340 FUN_00430450 FUN_0043f2f0 FUN_0081ff70 GetFileSize ReadFile __security_check_cookie _free _strcat_s thunk_FUN_0081fbdc"
00430c60,FUN_00430c60,58,0,"FUN_00430450 FUN_0043e0a0 FUN_0043e0c0"
00430ca0,FUN_00430ca0,86,0,"FUN_00409b50 FUN_00430450 FUN_0043e0a0 FUN_0043e0c0"
00430d00,FUN_00430d00,106,0,"FUN_0042f400 FUN_0042f500 FUN_00430510"
00430d70,FUN_00430d70,170,0,"FUN_004305e0 FUN_0081ff70"
00430e20,FUN_00430e20,160,0,"FUN_0042f440 FUN_00430d70 FUN_0081ff70"
00430ec0,FUN_00430ec0,705,0,"FUN_00401670 FUN_00402200 FUN_0042efc0 FUN_0042f010 FUN_0042f030 FUN_0042f050 FUN_0042f220 __CxxThrowException@8 _free"
004311d0,FUN_004311d0,108,0,"FUN_004311d0 _free"
00431250,FUN_00431250,2507,0,"FUN_00409b50 FUN_00422990 FUN_00430450 FUN_00430d00 FUN_0043dc10 FUN_0043e0a0 FUN_0043e0c0 FUN_0081ff70 __security_check_cookie"
00431c20,FUN_00431c20,66,0,"FUN_0042fa10 FUN_00431250 FUN_0043e0a0 FUN_0043e0c0"
00431c70,FUN_00431c70,200,0,"FUN_0042f220 FUN_00430ec0 FUN_004311d0 FUN_0081ff70"
00431d40,FUN_00431d40,118,0,"FUN_0042f3c0"
00431dc0,FUN_00431dc0,84,0,"FUN_00431c70 _free"
00431e40,thunk_FUN_0040ffd0,5,0,""
00431e50,FUN_00431e50,704,0,"FUN_00402200 FUN_00408620 FUN_004087b0 FUN_0042ef50 FUN_0042f340 FUN_00431d40 FUN_00431dc0 FUN_00436620 FUN_004373b0 FUN_00438450 FUN_0043f2f0 FUN_00457be0 FUN_0081ff70 _free"
00432130,FUN_00432130,826,0,"FUN_004099f0 FUN_0042f220 FUN_00430450 FUN_00431d40 FUN_00431dc0 FUN_00433a50 FUN_004373b0 FUN_00438450 FUN_0043df50 FUN_0044be80 FUN_0044bfe0 FUN_0081fbdc FUN_0081ff70"
00432470,FUN_00432470,260,0,"FUN_0042f220 FUN_00430450 FUN_00431d40 FUN_00431dc0 FUN_0081ff70"
00432580,FUN_00432580,671,0,"FUN_004098d0 FUN_0042eeb0 FUN_0042f490 FUN_00430450 FUN_00431d40 FUN_00431dc0 FUN_004373b0 FUN_00438450 FUN_0043f2f0 FUN_0081ff70"
00432820,FUN_00432820,443,0,"FUN_004099f0 FUN_00430450 FUN_00431d40 FUN_00431dc0 FUN_004373b0 FUN_00438450 FUN_0043f2f0 FUN_0081ff70"
004329e0,FUN_004329e0,2338,0,"FUN_004020d0 FUN_00402200 FUN_00408620 FUN_0040e240 FUN_0040f370 FUN_0040f6a0 FUN_0040f7a0 FUN_0040f8a0 FUN_0040ffd0 FUN_0042f220 FUN_0042f340 FUN_0042f880 FUN_0042f940 FUN_004308b0 FUN_00430e20 FUN_00431250 FUN_00431d40 FUN_00431dc0 FUN_00433a50 FUN_004356f0 FUN_004358c0 FUN_004373b0 FUN_00438450 FUN_00439950 FUN_0043f2f0 FUN_0043f3f0 FUN_0043f440 FUN_00457be0 FUN_0081ff70 __security_check_cookie _free"
00433330,FUN_00433330,1507,0,"CloseHandle CreateFileA FUN_00409ab0 FUN_0042f340 FUN_00430450 FUN_00430e20 FUN_00431250 FUN_004329e0 FUN_00439950 FUN_00457be0 FUN_0081ff70 GetFileSize ReadFile _free _free thunk_FUN_0081fbdc"
004339c0,FUN_004339c0,45,0,""
00433a00,FUN_00433a00,70,0,"FUN_0081ff70"
00433a50,FUN_00433a50,95,0,"_free"
00433ac0,FUN_00433ac0,193,0,"FUN_0081ff70"
00433b90,FUN_00433b90,65,0,"FUN_0081ff70"
00433be0,FUN_00433be0,69,0,"FUN_0081ff70"
00433c30,FUN_00433c30,35,0,""
00433c60,FUN_00433c60,33,0,"FUN_00433a50 _free"
00433c90,FUN_00433c90,99,0,"FUN_0081ff70"
00433d00,FUN_00433d00,183,0,"FUN_00433ac0 FUN_0081ff70"
00433dc0,FUN_00433dc0,328,0,"FUN_00401130 FUN_00404af0 FUN_00404b80 FUN_00433c90"
00433f10,FUN_00433f10,115,0,"FUN_00433d00"
00433f90,FUN_00433f90,665,0,"FUN_00405200 FUN_0040c410 FUN_00433a50 FUN_00478260 FUN_0081ff70 thunk_FUN_0081fbdc"
00434230,FUN_00434230,2431,0,"D3DXVec2Hermite D3DXVec2Normalize FUN_0042aa60 FUN_00433a00 FUN_00433a50 FUN_00433b90 FUN_00433be0 FUN_00433c90 FUN_00477c20 FUN_00478260 FUN_0081ff70"
00434bd0,FUN_00434bd0,29,0,"FUN_00405110"
00434bf0,FUN_00434bf0,59,0,"FUN_0040a160"
00434c30,FUN_00434c30,29,0,"FUN_0043d320 FUN_0043f610"
00434c50,FUN_00434c50,44,0,"FUN_0081ff70"
00434c80,FUN_00434c80,516,0,"FUN_004050a0 FUN_00405110 FUN_004116d0 FUN_00411760 FUN_00411840 __security_check_cookie _strcpy_s"
00434e90,FUN_00434e90,142,0,"FUN_004020d0 FUN_004022d0 FUN_0040d470 FUN_0081ff70"
00434f30,FUN_00434f30,113,0,"FUN_00402200 FUN_0043d110"
00434fb0,FUN_00434fb0,816,0,"CloseHandle CreateFileA FUN_004020d0 FUN_00402200 FUN_00405c70 FUN_0042bea0 FUN_00434e90 FUN_0046b920 FUN_0081ff70 WriteFile __security_check_cookie _free"
00435300,FUN_00435300,736,0,"CloseHandle CreateFileA FUN_004020d0 FUN_00402200 FUN_0042bea0 FUN_0042cf90 FUN_00433a50 FUN_00434e90 FUN_0081ff70 ReadFile __security_check_cookie _free"
004355f0,FUN_004355f0,164,0,"FUN_004020d0 FUN_00435300 __security_check_cookie _free"
004356a0,FUN_004356a0,65,0,"FUN_0042dbb0"
004356f0,FUN_004356f0,454,0,"FUN_00402200 FUN_004088b0 FUN_0040f370 FUN_0040f6a0 FUN_0040ffd0 FUN_0042bea0 FUN_0042cf90 FUN_00433a50 FUN_0043f3f0 __security_check_cookie _free"
004358c0,FUN_004358c0,364,0,"FUN_00402200 FUN_00433a50 FUN_004356f0 _memset"
00435a40,thunk_FUN_004373b0,5,0,""
00435a50,FUN_00435a50,257,0,"FUN_00436620 FUN_0081ff70"
00435b60,FUN_00435b60,78,0,"FUN_0042aac0"
00435bb0,FUN_00435bb0,71,0,"FUN_00435a50 FUN_00437cb0 FUN_00438450"
00435c00,FUN_00435c00,108,0,"FUN_0042bc40 FUN_0081ff70"
00435c70,FUN_00435c70,196,0,"FUN_004099f0 FUN_0042ca80 FUN_00435c00 FUN_0081ff70"
00435d40,FUN_00435d40,16,0,"FUN_0042ca80"
00435d50,FUN_00435d50,35,0,"FUN_0042dbb0"
00435d80,FUN_00435d80,381,0,"FUN_0042dbb0 FUN_00433a50 FUN_00435c70 FUN_0081ff70"
00435f10,FUN_00435f10,107,0,"FUN_00405200"
00435f80,FUN_00435f80,323,0,"FUN_00404b80"
004360d0,FUN_004360d0,28,0,""
004360f0,FUN_004360f0,27,0,""
00436110,FUN_00436110,99,0,"FUN_0081ff70"
00436180,FUN_00436180,310,0,""
004362c0,FUN_004362c0,78,0,""
00436310,FUN_00436310,82,0,""
00436370,FUN_00436370,137,0,"FUN_0081ff70"
00436400,FUN_00436400,137,0,"FUN_0081ff70"
00436490,FUN_00436490,59,0,"FUN_0081fbdc"
004364d0,FUN_004364d0,55,0,"FUN_0081fbdc"
00436510,FUN_00436510,42,0,"FUN_00436510 _free"
00436550,FUN_00436550,95,0,"FUN_0081ff70"
004365b0,FUN_004365b0,109,0,""
00436620,FUN_00436620,179,0,"FUN_0042f490 FUN_0081ff70"
004366e0,FUN_004366e0,234,0,"FUN_00436620"
004367d0,FUN_004367d0,231,0,"FUN_004020d0"
004368c0,FUN_004368c0,509,0,"FUN_00401670 FUN_00402200 FUN_004362c0 FUN_00436310 FUN_00436490 __CxxThrowException@8"
00436ac0,FUN_00436ac0,640,0,"FUN_00401670 FUN_00402200 FUN_004360d0 FUN_004360f0 FUN_00436110 FUN_004362c0 FUN_00436310 __CxxThrowException@8 _free"
00436d80,FUN_00436d80,189,0,"FUN_00436400 FUN_004368c0"
00436e40,FUN_00436e40,145,0,"FUN_004367d0 FUN_0081fbdc"
00436ed1,Catch_All@00436ed1,9,0,"_free"
00436ef0,FUN_00436ef0,200,0,"FUN_00436110 FUN_00436510 FUN_00436ac0 FUN_0081ff70"
00436fc0,FUN_00436fc0,509,0,"FUN_00401670 FUN_00402200 FUN_0042efc0 FUN_0042f050 FUN_00436e40 __CxxThrowException@8"
004371c0,FUN_004371c0,185,0,"FUN_00436370 FUN_00436fc0"
00437280,FUN_00437280,36,0,"FUN_00436ef0 _free"
004372c0,FUN_004372c0,235,0,"FUN_00405110 FUN_00413c70 FUN_004311d0 FUN_0081ff70"
004373b0,FUN_004373b0,171,0,"FUN_00405110 FUN_00413c70 FUN_004311d0 FUN_0081ff70"
00437460,FUN_00437460,2027,0,"FUN_00402200 FUN_00405030 FUN_004050a0 FUN_004087b0 FUN_004088b0 FUN_0040f370 FUN_0040f6a0 FUN_0040f7a0 FUN_0040f8a0 FUN_00417510 FUN_00436370 FUN_004364d0 FUN_004365b0 FUN_004367d0 FUN_00436d80 FUN_00436ef0 FUN_004371c0 FUN_0081ff70 _free wsprintfA"
00437cb0,FUN_00437cb0,148,0,"FUN_004373b0 FUN_00437460 FUN_0043f3f0 __security_check_cookie wsprintfA"
00437d50,FUN_00437d50,1735,0,"FUN_00402200 FUN_00405030 FUN_004050a0 FUN_004087b0 FUN_004088b0 FUN_0040f370 FUN_0040f6a0 FUN_0040f7a0 FUN_0040f8a0 FUN_0040ffd0 FUN_00417510 FUN_00436370 FUN_004367d0 FUN_004371c0 FUN_0081ff70 __security_check_cookie _free wsprintfA"
00438450,FUN_00438450,161,0,"FUN_004373b0 FUN_00437d50 FUN_0043f3f0 __security_check_cookie wsprintfA"
00438500,FUN_00438500,332,0,"FUN_00405030 FUN_00411840 FUN_00437d50 __security_check_cookie _strcpy_s"
00438650,FUN_00438650,80,0,"FUN_00406fe0 FUN_00407080 FUN_00407120"
004386a0,FUN_004386a0,19,0,""
004386c0,FUN_004386c0,45,0,"FUN_0043deb0 FUN_00462ea0 FUN_0046ead0"
004386f0,FUN_004386f0,35,0,"FUN_0046e920 FUN_00470890"
00438720,FUN_00438720,89,0,"FUN_00462330 FUN_00479910"
00438780,FUN_00438780,91,0,"FUN_004606c0 FUN_00479880"
004387e0,FUN_004387e0,158,0,"FUN_00479910 FUN_004816f0 FUN_0081fbdc"
00438880,FUN_00438880,40,0,"FUN_00471500 FUN_00478370"
004388b0,FUN_004388b0,34,0,""
004388e0,FUN_004388e0,67,0,"FUN_0043f5c0 FUN_0047dcf0"
00438930,FUN_00438930,74,0,"FUN_0043f5c0 FUN_00478410 FUN_0047dcf0"
00438980,FUN_00438980,69,0,"FUN_00820230"
004389d0,FUN_004389d0,441,0,"FUN_00404e30 FUN_00406ea0 FUN_00406ee0 FUN_00406fa0 FUN_00406fe0 FUN_00407080 FUN_00407120 FUN_00407180 FUN_004075d0 FUN_004293f0"
00438b90,FUN_00438b90,22,0,"FUN_00404e30"
00438bb0,FUN_00438bb0,67,0,""
00438c00,FUN_00438c00,57,0,"FUN_00409580 FUN_004095f0"
00438c40,FUN_00438c40,26,0,"FUN_004099f0"
00438c60,FUN_00438c60,62,0,""
00438ca0,FUN_00438ca0,22,0,""
00438cc0,FUN_00438cc0,27,0,""
00438ce0,FUN_00438ce0,52,0,""
00438d20,FUN_00438d20,213,0,"FUN_00404b80 FUN_00404e30 FUN_004389d0"
00438e00,FUN_00438e00,439,0,"FUN_00406ea0 FUN_00406ee0 FUN_00406fa0 FUN_00406fe0 FUN_00407080 FUN_00407180 FUN_004293f0"
00438fc0,FUN_00438fc0,88,0,"FUN_00406d30"
00439020,FUN_00439020,29,0,"FUN_00406e40"
00439040,FUN_00439040,315,0,"FUN_004075d0 FUN_007fb080 FUN_007fb150 FUN_007fb200"
00439190,FUN_00439190,456,0,"FUN_00406ea0 FUN_00406ee0 FUN_00406fa0 FUN_00406fe0 FUN_00407080 FUN_00407180 FUN_004075d0 FUN_004293f0 FUN_00470630"
00439360,FUN_00439360,65,0,"FUN_00820230"
004393b0,FUN_004393b0,59,0,""
004393f0,FUN_004393f0,120,0,"FUN_00820230"
00439470,FUN_00439470,21,0,"FUN_004294c0"
00439490,FUN_00439490,14,0,"FUN_0043e1e0"
004394a0,FUN_004394a0,28,0,""
004394c0,FUN_004394c0,78,0,""
00439510,FUN_00439510,28,0,""
00439530,FUN_00439530,27,0,""
00439550,FUN_00439550,82,0,""
004395b0,FUN_004395b0,99,0,"FUN_0081ff70"
00439620,FUN_00439620,91,0,"FUN_0081fbdc __CxxThrowException@8 exception"
00439680,FUN_00439680,166,0,"FUN_00438720 FUN_0047eaf0 FUN_0081fbdc"
00439730,FUN_00439730,27,0,"FUN_00438780 _free"
00439750,FUN_00439750,27,0,"FUN_00479880 _free"
00439770,FUN_00439770,119,0,"FUN_004099f0 FUN_00438930 FUN_0043e1e0 FUN_0043f5c0 FUN_0047dcf0"
004397f0,FUN_004397f0,89,0,"FUN_00820230"
00439850,FUN_00439850,42,0,"FUN_004397f0"
00439880,FUN_00439880,137,0,"FUN_0081ff70"
00439910,FUN_00439910,55,0,"FUN_0081fbdc"
00439950,FUN_00439950,42,0,"FUN_00439950 _free"
00439990,FUN_00439990,41,0,""
004399c0,FUN_004399c0,103,0,"FUN_00438720 FUN_00609410"
00439a30,FUN_00439a30,178,0,"FUN_0040af10 FUN_0081ff70 _free"
00439b40,FUN_00439b40,178,0,"FUN_0040af10 FUN_0081ff70 _free"
00439c50,FUN_00439c50,27,0,"FUN_00439a30 _free"
00439c70,FUN_00439c70,27,0,"FUN_00439b40 _free"
00439c90,FUN_00439c90,72,0,"_free"
00439ce0,FUN_00439ce0,39,0,"_free"
00439d10,FUN_00439d10,166,0,"FUN_004399c0 FUN_0047eaf0 FUN_0081fbdc"
00439dc0,FUN_00439dc0,40,0,"FUN_00438780 FUN_0072db10 _free"
00439df0,FUN_00439df0,5,0,""
00439e00,FUN_00439e00,640,0,"FUN_00401670 FUN_00402200 FUN_004203b0 FUN_004394a0 FUN_0043e760 FUN_0043e7b0 FUN_00464a00 __CxxThrowException@8 _free"
0043a0c0,FUN_0043a0c0,185,0,"FUN_00439880 FUN_004573f0"
0043a180,FUN_0043a180,200,0,"FUN_004203b0 FUN_00439950 FUN_00439e00 FUN_0081ff70"
0043a250,FUN_0043a250,334,0,"FUN_00406c60 FUN_00406ea0 FUN_00406ec0 FUN_00406fa0 FUN_00407040 FUN_00407180 FUN_0040c410 FUN_00438650"
0043a3a0,FUN_0043a3a0,130,0,"FUN_0040aec0 FUN_00412c80"
0043a430,FUN_0043a430,130,0,"FUN_0040aec0 FUN_00412c80"
0043a4c0,FUN_0043a4c0,103,0,"FUN_0043a3a0 FUN_00609410"
0043a530,FUN_0043a530,103,0,"FUN_0043a430 FUN_00609410"
0043a5a0,FUN_0043a5a0,669,0,"FUN_00401670 FUN_00402200 FUN_004394c0 FUN_00439510 FUN_00439530 FUN_00439550 FUN_004395b0 __CxxThrowException@8 _free"
0043a880,FUN_0043a880,67,0,"FUN_0043a880 _free"
0043a8d0,FUN_0043a8d0,100,0,"FUN_00439a30 FUN_0047e1d0 FUN_0072db10"
0043a940,FUN_0043a940,100,0,"FUN_00439b40 FUN_0047e1d0 FUN_0072db10"
0043a9b0,FUN_0043a9b0,169,0,"FUN_0041ec90 FUN_0043a4c0"
0043aa60,FUN_0043aa60,8,0,"FUN_0043bf60"
0043aa70,FUN_0043aa70,463,0,"FUN_00402970 FUN_0040af30 FUN_0040af40 FUN_0040dfc0 FUN_00423340 FUN_00633660 FUN_007ebdf0 FUN_0081fbdc FUN_0081ff70"
0043ac40,FUN_0043ac40,94,0,"FUN_0043aa70 FUN_0047d030 FUN_006fb680"
0043aca0,FUN_0043aca0,115,0,"FUN_0043ac40"
0043ad20,FUN_0043ad20,117,0,"FUN_0043aa70 FUN_0047d030 FUN_0047e1d0 FUN_006fb680"
0043ada0,FUN_0043ada0,27,0,"FUN_0043a8d0 _free"
0043adc0,FUN_0043adc0,169,0,"FUN_0041ec90 FUN_0043a530"
0043ae70,FUN_0043ae70,8,0,"FUN_0043bf80"
0043ae80,FUN_0043ae80,463,0,"FUN_00402970 FUN_0040af30 FUN_0040af40 FUN_0040dfc0 FUN_00423340 FUN_00633660 FUN_007ebdf0 FUN_0081fbdc FUN_0081ff70"
0043b050,FUN_0043b050,200,0,"FUN_0045ed10 FUN_0081ff70 _free"
0043b120,FUN_0043b120,18,0,"FUN_0043b050"
0043b140,FUN_0043b140,94,0,"FUN_0043ae80 FUN_0047d030 FUN_006fb680"
0043b1a0,FUN_0043b1a0,115,0,"FUN_0043b140"
0043b220,FUN_0043b220,117,0,"FUN_0043ae80 FUN_0047d030 FUN_0047e1d0 FUN_006fb680"
0043b2a0,FUN_0043b2a0,27,0,"FUN_0043a940 _free"
0043b2c0,FUN_0043b2c0,108,0,"FUN_0043a180 _free"
0043b390,FUN_0043b390,108,0,"FUN_0043a180 _free"
0043b460,FUN_0043b460,2505,0,"FUN_00405030 FUN_0040c5f0 FUN_0040c660 FUN_0040d1c0 FUN_0040d1e0 FUN_0040d350 FUN_00414cd0 FUN_00423940 FUN_00423b20 FUN_00423c20 FUN_00423ec0 FUN_00439e00 FUN_0043f2f0 FUN_00457be0 FUN_004659f0 FUN_0047d030 FUN_00609410 FUN_006fb680 FUN_0081fbdc FUN_0081ff70 __security_check_cookie _free wsprintfA"
0043be90,FUN_0043be90,200,0,"FUN_004395b0 FUN_0043a5a0 FUN_0043a880 FUN_0081ff70"
0043bf60,FUN_0043bf60,27,0,"FUN_0043b2c0 _free"
0043bf80,FUN_0043bf80,27,0,"FUN_0043b390 _free"
0043bfa0,FUN_0043bfa0,30,0,"FUN_0043ad20 FUN_0043b460"
0043bfc0,FUN_0043bfc0,30,0,"FUN_0043b220 FUN_0043b460"
0043bfe0,FUN_0043bfe0,36,0,"FUN_0043be90 _free"
0043c020,FUN_0043c020,98,0,"FUN_0043b2c0 FUN_0043be90 _free"
0043c0d0,FUN_0043c0d0,160,0,"FUN_00439910 FUN_0043a9b0"
0043c170,FUN_0043c170,179,0,"FUN_0040ffd0 FUN_004606c0 FUN_0072db10 _free"
0043c230,FUN_0043c230,643,0,"FUN_00409b50 FUN_0043a0c0 FUN_0043adc0 FUN_0043c0d0 FUN_004689e0 FUN_0046e830 FUN_004715b0 FUN_00478880 FUN_0081fbdc __security_check_cookie wsprintfA"
0043c4c0,FUN_0043c4c0,183,0,"FUN_00462330 FUN_00609410"
0043c580,FUN_0043c580,211,0,"FUN_0043c4c0 FUN_00479910 FUN_004816f0 FUN_0081fbdc"
0043c660,FUN_0043c660,81,0,"FUN_0043c170 _free"
0043c6c0,FUN_0043c6c0,148,0,"FUN_00433a50 FUN_0043c020 FUN_0043c660 FUN_00468a00 FUN_0046e420 FUN_00470670 FUN_004784e0 _free"
0043c760,FUN_0043c760,7,0,""
0043c770,FUN_0043c770,4,0,""
0043c780,FUN_0043c780,165,0,"FUN_00401e30 FUN_00405560"
0043c830,FUN_0043c830,164,0,""
0043c8e0,FUN_0043c8e0,189,0,"FUN_00401e30 FUN_0081ff70 __stricmp"
0043c9a0,FUN_0043c9a0,160,0,"FUN_00401e30 FUN_0081ff70 __stricmp"
0043ca40,FUN_0043ca40,91,0,"FUN_004022d0 FUN_00405c70 FUN_0043c780"
0043caa0,FUN_0043caa0,140,0,"FUN_004022d0 FUN_0040d470 FUN_0081ff70"
0043cb30,FUN_0043cb30,123,0,"_free"
0043cbc0,FUN_0043cbc0,26,0,"FUN_00412c20"
0043cbe0,thunk_FUN_00433a50,5,0,"FUN_00433a50"
0043cbf0,FUN_0043cbf0,57,0,"FUN_00409df0 FUN_00456c80"
0043cc30,FUN_0043cc30,28,0,"FUN_0042b510"
0043cc50,FUN_0043cc50,153,0,"FUN_004087b0 FUN_00412c20 FUN_0042b510 FUN_0042bea0 _free"
0043ccf0,FUN_0043ccf0,230,0,"FUN_004020d0 FUN_004087b0 FUN_0043caa0 FUN_0081ff70 __security_check_cookie _free"
0043cde0,FUN_0043cde0,341,0,"FUN_0044dc00 FUN_00479090 _free _memmove_s"
0043cf40,FUN_0043cf40,338,0,"FUN_0044dc00 FUN_00479090 _free _memmove_s"
0043d0a0,FUN_0043d0a0,112,0,"FUN_0043cde0 FUN_0081fbdc"
0043d110,FUN_0043d110,128,0,""
0043d190,FUN_0043d190,215,0,"FUN_004101b0 FUN_00413c70 FUN_00433a50 FUN_0043cb30 _free"
0043d270,FUN_0043d270,166,0,"FUN_00405110 FUN_004101b0 FUN_00413c70 FUN_0043cb30 FUN_0081ff70"
0043d320,FUN_0043d320,1056,0,"FUN_004020d0 FUN_00402200 FUN_004088b0 FUN_00408970 FUN_0040fb10 FUN_004101b0 FUN_00433a50 FUN_0043d0a0 FindClose FindFirstFileA FindNextFileA __security_check_cookie _free"
0043d760,FUN_0043d760,1103,0,"FUN_00402200 FUN_004050a0 FUN_00405110 FUN_00408620 FUN_00409cb0 FUN_004116d0 FUN_00411760 FUN_00411840 FUN_00413c70 FUN_00417510 FUN_0043c830 FUN_0043cb30 FUN_0043cf40 FUN_0081fbdc FUN_0081ff70 __security_check_cookie _free _strcpy_s"
0043dbc0,FUN_0043dbc0,27,0,"FUN_0043d190 _free"
0043dbe0,FUN_0043dbe0,3,0,""
0043dbf0,FUN_0043dbf0,8,0,""
0043dc00,FUN_0043dc00,10,0,""
0043dc10,FUN_0043dc10,6,0,""
0043dc20,FUN_0043dc20,20,0,""
0043dc40,FUN_0043dc40,184,0,"FUN_00401af0 FUN_00405030 FUN_00414870 FUN_0043c230 __security_check_cookie wsprintfA"
0043dd00,FUN_0043dd00,180,0,"FUN_00401000 FUN_00401040 FUN_004012a0 FUN_00444790"
0043ddc0,FUN_0043ddc0,6,0,""
0043ddd0,FUN_0043ddd0,40,0,""
0043de00,FUN_0043de00,40,0,""
0043de30,FUN_0043de30,31,0,"FUN_0040aa60"
0043de50,FUN_0043de50,21,0,"FUN_0040aab0"
0043de70,FUN_0043de70,45,0,"FUN_004387e0 FUN_00439680 FUN_00439d10 FUN_0043c580 FUN_0043c660"
0043dea0,FUN_0043dea0,6,0,""
0043deb0,FUN_0043deb0,6,0,""
0043dec0,FUN_0043dec0,128,0,"FUN_004098d0 FUN_00434bf0 FUN_004356a0"
0043df40,FUN_0043df40,6,0,""
0043df50,FUN_0043df50,6,0,""
0043df60,FUN_0043df60,167,0,"FUN_00434c80 FUN_00434fb0 FUN_00435300 FUN_004355f0 FUN_004358c0"
0043e010,FUN_0043e010,16,0,""
0043e020,FUN_0043e020,23,0,""
0043e040,FUN_0043e040,12,0,""
0043e050,FUN_0043e050,6,0,""
0043e060,FUN_0043e060,6,0,""
0043e070,FUN_0043e070,11,0,""
0043e080,FUN_0043e080,10,0,"FUN_0040a8e0"
0043e090,FUN_0043e090,6,0,""
0043e0a0,FUN_0043e0a0,6,0,""
0043e0b0,FUN_0043e0b0,10,0,""
0043e0c0,FUN_0043e0c0,6,0,""
0043e0d0,FUN_0043e0d0,86,0,"FUN_00405110 FUN_00413250"
0043e130,thunk_FUN_00444ac0,5,0,""
0043e140,thunk_FUN_00444620,5,0,""
0043e150,thunk_FUN_004445c0,5,0,""
0043e160,FUN_0043e160,17,0,"FUN_00403bb0"
0043e180,FUN_0043e180,40,0,"FUN_00403c20"
0043e1b0,FUN_0043e1b0,47,0,"FUN_00403c70"
0043e1e0,FUN_0043e1e0,28,0,"FUN_00401d50"
0043e200,FUN_0043e200,39,0,"FUN_00403d10"
0043e230,FUN_0043e230,80,0,"FUN_00401c20 FUN_00401ce0"
0043e280,FUN_0043e280,58,0,""
0043e2c0,FUN_0043e2c0,58,0,""
0043e300,FUN_0043e300,24,0,""
0043e320,FUN_0043e320,109,0,"FUN_00414940"
0043e390,FUN_0043e390,31,0,""
0043e3b0,FUN_0043e3b0,59,0,"FUN_0081ff70"
0043e3f0,FUN_0043e3f0,27,0,""
0043e410,FUN_0043e410,86,0,"FUN_0081fbdc __CxxThrowException@8 exception"
0043e470,FUN_0043e470,136,0,"FUN_00453b50"
0043e500,FUN_0043e500,206,0,"FUN_0040a370 FUN_0040a4f0 FUN_0040a950 FUN_004446e0"
0043e6a0,FUN_0043e6a0,153,0,"FUN_0040a8e0 FUN_0043e3b0"
0043e740,FUN_0043e740,24,0,""
0043e760,FUN_0043e760,78,0,""
0043e7b0,FUN_0043e7b0,82,0,""
0043e810,FUN_0043e810,95,0,""
0043e880,FUN_0043e880,95,0,""
0043e8f0,FUN_0043e8f0,171,0,"CloseHandle CreateEventA FUN_00414cf0 FUN_00414da0 WaitForSingleObject"
0043e9a0,FUN_0043e9a0,342,0,"FUN_0040a8e0 FUN_0043e3b0 FUN_0043e470 FUN_0043e8f0"
0043eb00,FUN_0043eb00,217,0,"FUN_00429a70 FUN_00434c80 FUN_00434fb0 FUN_00435300 FUN_004358c0"
0043ebe0,FUN_0043ebe0,147,0,"FUN_0042b2d0 FUN_0042cb30 __security_check_cookie"
0043ec80,FUN_0043ec80,36,0,"FUN_00409b50"
0043ecb0,FUN_0043ecb0,89,0,""
0043ed10,FUN_0043ed10,89,0,"FUN_0043e880"
0043ed70,FUN_0043ed70,118,0,""
0043edf0,FUN_0043edf0,85,0,"FUN_0043e810"
0043ee50,FUN_0043ee50,106,0,""
0043eec0,FUN_0043eec0,8,0,"FUN_00433a50"
0043eed0,FUN_0043eed0,19,0,"FUN_0040a150 FUN_00433a50"
0043eef0,FUN_0043eef0,871,0,"FUN_004098d0 FUN_004099f0 FUN_00434bf0 FUN_004356a0 FUN_004356f0 FUN_0081ff70"
0043f280,FUN_0043f280,105,0,""
0043f2f0,FUN_0043f2f0,105,0,""
0043f360,FUN_0043f360,38,0,""
0043f390,FUN_0043f390,43,0,"FUN_0043ed10"
0043f3c0,FUN_0043f3c0,8,0,"FUN_00433a50"
0043f3f0,FUN_0043f3f0,78,0,"FUN_0043f280 FUN_0081ff70"
0043f440,FUN_0043f440,203,0,"FUN_0081ff70 FUN_00837080 __stricmp _free"
0043f520,FUN_0043f520,72,0,"FUN_0043f2f0 FUN_0081ff70"
0043f570,FUN_0043f570,72,0,"FUN_0043f2f0 FUN_0081ff70"
0043f5c0,FUN_0043f5c0,72,0,"FUN_0043f2f0 FUN_0081ff70"
0043f610,FUN_0043f610,213,0,"FUN_0042f880 FUN_0042f940 FUN_00434fb0 FUN_00435300 FUN_004358c0 __security_check_cookie"
0043f6f0,FUN_0043f6f0,69,0,"_free"
0043f740,FUN_0043f740,108,0,"FUN_0043edf0 FUN_0081ff70"
0043f7b0,FUN_0043f7b0,55,0,"FUN_0043ee50"
0043f7f0,~SubAllocator,19,1,"`eh_vector_destructor_iterator'"
0043f810,FUN_0043f810,41,0,"FUN_0043ed70"
0043f840,FUN_0043f840,259,0,"FUN_0040af10 FUN_00412f40 FUN_00433a50 `eh_vector_destructor_iterator'"
0043f950,FUN_0043f950,175,0,"FUN_0040a340 FUN_0040af30 FUN_0040af40 FUN_00433a50"
0043fa00,FUN_0043fa00,27,0,"FUN_0043f840 _free"
0043fa20,FUN_0043fa20,108,0,"FUN_004135e0 FUN_004539a0"
0043fa90,FUN_0043fa90,10,0,""
0043faa0,FUN_0043faa0,5,0,""
0043fab0,FUN_0043fab0,7,0,""
0043fac0,FUN_0043fac0,3,0,""
0043fad0,FUN_0043fad0,57,0,"FUN_0040af30 FUN_0040af40 FUN_0043f950"
0043fb10,FUN_0043fb10,109,0,"FUN_004135e0 FUN_0043f840"
0043fb80,FUN_0043fb80,27,0,"FUN_0043fb10 _free"
0043fba0,FUN_0043fba0,115,0,"FUN_004135e0 FUN_004539a0"
0043fc20,FUN_0043fc20,10,0,""
0043fc30,FUN_0043fc30,5,0,""
0043fc40,FUN_0043fc40,7,0,""
0043fc50,FUN_0043fc50,110,0,"FUN_004135e0 FUN_0043f840"
0043fcc0,FUN_0043fcc0,27,0,"FUN_0043fc50 _free"
0043fce0,FUN_0043fce0,48,0,"FUN_004020d0 FUN_004295d0"
0043fd10,FUN_0043fd10,113,0,"FUN_0043fa20 FUN_0081fbdc"
0043fd90,FUN_0043fd90,113,0,"FUN_0043fba0 FUN_0081fbdc"
0043fe10,FUN_0043fe10,246,0,"FUN_00402200 FUN_004039a0 FUN_004039c0 FUN_00403c20 FUN_00403c70 FUN_00409b50 FUN_0042f780 FUN_00430ca0 FUN_0081ff70"
0043ff10,FUN_0043ff10,292,0,"FUN_00402200 FUN_004039a0 FUN_004039c0 FUN_00403b20 FUN_00403c20 FUN_00403c70 FUN_00409b50 FUN_0042f780 FUN_00430ca0 FUN_0081ff70"
00440040,FUN_00440040,208,0,"FUN_00402200 FUN_004039a0 FUN_004039c0 FUN_00403b20 FUN_00403c20 FUN_00403c70 FUN_00403cc0 FUN_00430ca0"
00440110,FUN_00440110,125,0,"FUN_0081fbdc FUN_0083c980"
0044018d,Catch_All@0044018d,9,0,"_free"
004401b0,FUN_004401b0,737,0,"FUN_0040a150 FUN_0042be20 FUN_0043e390 FUN_0043e410 FUN_0043ecb0 FUN_0043ed70 FUN_0043f360 FUN_0043f390 FUN_0043f7b0 FUN_0043f810 _free"
004403ad,Catch_All@004403ad,22,0,"FUN_0043f360 _free"
00440457,Catch_All@00440457,35,0,"FUN_0043f360 __CxxThrowException@8"
004404e0,FUN_004404e0,296,0,"FUN_00401bd0 FUN_004020d0 FUN_00405110 FUN_00413250 FUN_00414d30 FUN_00414d80 FUN_004295d0 FUN_0042fa10 FUN_00434bd0 FUN_004372c0 FUN_0043c6c0 FUN_00444910 FUN_007fb060 SendMessageA"
00440620,FUN_00440620,509,0,"FUN_00401670 FUN_00402200 FUN_00440110 FUN_00838ac0 FUN_00838b20 __CxxThrowException@8"
00440820,FUN_00440820,678,0,"FUN_00401670 FUN_00402200 FUN_0043e3f0 FUN_00836f70 FUN_00837080 FUN_00838ac0 FUN_00838b20 __CxxThrowException@8 _free"
00440b10,FUN_00440b10,148,0,"FUN_004101b0 _free `eh_vector_destructor_iterator'"
00440bb0,FUN_00440bb0,185,0,"FUN_00440620 FUN_008370f0"
00440c70,FUN_00440c70,243,0,"FUN_0040a150 FUN_0043f740 FUN_004401b0 FUN_0081ff70"
00440d70,FUN_00440d70,36,0,"FUN_00430510 _free"
00440db0,FUN_00440db0,117,0,"FUN_00430510 _free `eh_vector_destructor_iterator'"
00440f70,FUN_00440f70,43,0,"FUN_0041ec90"
00440fa0,FUN_00440fa0,200,0,"FUN_00440820 FUN_0081ff70 FUN_00837080 FUN_0083ecf0"
00441070,FUN_00441070,351,0,"FUN_0041ec90 FUN_0044e010 `eh_vector_constructor_iterator'"
004411d0,FUN_004411d0,7507,0,"CreateDirectoryA FUN_004020d0 FUN_00402200 FUN_00403d10 FUN_00409550 FUN_00409c80 FUN_0040a0f0 FUN_0040a150 FUN_0040a160 FUN_0040a910 FUN_0040aac0 FUN_00430450 FUN_00433330 FUN_00438500 FUN_0043e230 FUN_0043eb00 FUN_00440bb0 FUN_00440c70 FUN_00444050 FUN_0044be80 FUN_00457be0 FUN_007fb020 FUN_0081fbdc FUN_0081ff70 GetFileAttributesA SendMessageA __alloca_probe __security_check_cookie _free _memset"
00442f40,FUN_00442f40,60,0,"FUN_0042d730 _free"
00442f80,FUN_00442f80,161,0,"FUN_0040aec0 `eh_vector_constructor_iterator'"
00443030,FUN_00443030,202,0,"FUN_0040af10 FUN_0042d730 _free `eh_vector_destructor_iterator'"
00443100,FUN_00443100,92,0,"FUN_00405110"
00443160,FUN_00443160,179,0,"FUN_00405030 __security_check_cookie wsprintfA"
00443220,FUN_00443220,55,0,""
00443260,FUN_00443260,67,0,"FUN_00404af0"
004432b0,FUN_004432b0,20,0,""
004432d0,FUN_004432d0,111,0,""
00443340,FUN_00443340,103,0,""
004433b0,FUN_004433b0,896,0,"FUN_00409580 FUN_004095f0"
00443730,FUN_00443730,160,0,"FUN_004050a0 FUN_00405110 FUN_00406560"
004437d0,FUN_004437d0,298,0,"FUN_0041fbf0 FUN_0043de30 FUN_0043e1e0"
00443900,FUN_00443900,93,0,"FUN_004050a0 FUN_00405110 FUN_00406560"
00443960,FUN_00443960,91,0,"FUN_0043de30 FUN_0043e1e0"
004439c0,FUN_004439c0,48,0,""
004439f0,FUN_004439f0,83,0,"FUN_004066e0 FUN_0040bf90"
00443a50,FUN_00443a50,237,0,"FUN_00404af0 FUN_004066e0"
00443b40,FUN_00443b40,202,0,"FUN_004066e0 FUN_0043cbf0 FUN_00443a50"
00443c10,FUN_00443c10,103,0,"FUN_0040c130"
00443c80,FUN_00443c80,139,0,"FUN_00409df0"
00443d10,FUN_00443d10,205,0,"FUN_004066e0 FUN_004097a0"
00443de0,FUN_00443de0,178,0,"FUN_00404af0 FUN_004097a0 FUN_0040c130"
00443ea0,FUN_00443ea0,77,0,"FUN_00434c30 FUN_0043c770"
00443ef0,FUN_00443ef0,293,0,"FUN_004050a0 FUN_00405110 FUN_00409cb0 FUN_0042fa10 FUN_00431e50 FUN_0043df50 __security_check_cookie _free"
00444020,FUN_00444020,35,0,"FUN_0081ff70"
00444050,FUN_00444050,1264,0,"FUN_00405030 FUN_00406560 FUN_00406590 FUN_0040b310 FUN_00411840 FUN_0044e2b0 FUN_00820230 __security_check_cookie _strcpy_s"
00444550,FUN_00444550,101,0,"FUN_0057a500 FUN_0081ff70"
004445c0,FUN_004445c0,91,0,"FUN_0081ff70"
00444620,FUN_00444620,170,0,"FUN_0081ff70 _free"
004446e0,FUN_004446e0,165,0,"FUN_0043de30 FUN_004433b0 FUN_00444020 FUN_00444550"
00444790,FUN_00444790,58,0,"FUN_00401000"
004447ca,FUN_004447ca,314,0,"FUN_00401040 FUN_00404b80 FUN_0040bf90 FUN_0040c2f0 FUN_0043e010 FUN_0043e0c0 FUN_00443d10 FUN_00443de0 FUN_0081ff70"
00444910,FUN_00444910,206,0,"FUN_00405110 FUN_0040be50 FUN_0043d270 FUN_00444620"
004449e0,FUN_004449e0,224,0,"FUN_004020d0 FUN_0041fbf0 FUN_0043caa0 FUN_0043cbc0 FUN_0043de30 FUN_0043e1e0 FUN_004432d0 FUN_00443340"
00444ac0,FUN_00444ac0,54,0,"FUN_0047d030 FUN_006fb680"
00444b00,FUN_00444b00,17,0,""
00444b20,FUN_00444b20,38,0,"_free"
00444b50,FUN_00444b50,81,0,"FUN_004439f0 FUN_00443a50"
00444bb0,FUN_00444bb0,822,0,"FUN_0040df90 FUN_0041fbf0 FUN_0043de30 FUN_0043df40 FUN_0043e010 FUN_0043e0a0 FUN_0043e1e0 FUN_0043ebe0 FUN_00443730 FUN_004437d0 FUN_00443900 FUN_00443960 FUN_004518a0 FUN_0081fbdc thunk_FUN_00444ac0"
00444f40,FUN_00444f40,797,0,"FUN_0040dfc0 FUN_0040e240 FUN_00422b20 FUN_0043dea0 FUN_0044e2b0 FUN_0081ff70"
00445260,FUN_00445260,139,0,"FUN_00422bc0 _free"
004452f0,FUN_004452f0,27,0,"FUN_00445260 _free"
00445310,FUN_00445310,200,0,"FUN_00443260 FUN_00443a50"
004453e0,FUN_004453e0,485,0,"FUN_00420420"
004455f0,FUN_004455f0,840,0,"FUN_0041fbf0 FUN_0043de30 FUN_0043e1e0 FUN_0043e200 FUN_0043e230 FUN_0043fce0 FUN_00443220 FUN_004453e0 SendMessageA"
00445960,FUN_00445960,179,0,"FUN_00405110 FUN_00422bc0 FUN_00443100 `eh_vector_destructor_iterator'"
00445a20,FUN_00445a20,956,0,"FUN_00405030 FUN_0040d010 FUN_00422b20 FUN_0043df40 FUN_00443160 FUN_004432b0 FUN_0044e2b0 FUN_0081ff70 `eh_vector_constructor_iterator'"
00445de0,FUN_00445de0,27,0,"FUN_00445960 _free"
00445e00,FUN_00445e00,27,0,"FID_conflict:__vswprintf_p_l"
00445e20,FUN_00445e20,749,0,"FUN_00409df0 FUN_00414940 FUN_00443260 FUN_004439f0 FUN_00443a50 FUN_00443b40"
00446120,FUN_00446120,570,0,"FUN_0041fbf0 FUN_0043de30 FUN_0043e060 FUN_0043e1e0"
00446360,FUN_00446360,891,0,"FUN_0041fbf0 FUN_0043de30 FUN_0043e060 FUN_0043e1e0"
004466e0,FUN_004466e0,25,0,""
00446700,FUN_00446700,31,0,""
00446720,operator*,55,1,"FUN_0081ff70"
00446760,FUN_00446760,58,0,"FUN_0081ff70"
004467a0,FUN_004467a0,46,0,"FUN_0081ff70"
004467d0,FUN_004467d0,90,0,"FUN_0081fbdc __CxxThrowException@8 exception"
00446830,FUN_00446830,12,0,""
00446840,FUN_00446840,158,0,"FUN_0043e050 FUN_00443900"
004468e0,FUN_004468e0,165,0,"FUN_0043e050 FUN_00443900"
00446990,FUN_00446990,46,0,"FUN_0081ff70"
004469c0,FUN_004469c0,6,0,""
004469d0,FUN_004469d0,6,0,""
004469e0,FUN_004469e0,84,0,"FUN_004437d0 FUN_00445e00"
00446a40,FUN_00446a40,224,0,"FUN_00413090 FUN_0043dc10 FUN_0043ddd0 FUN_0043de00 FUN_0043e010 FUN_0043e0d0 FUN_0043fd10 FUN_00453660"
00446b20,FUN_00446b20,438,0,"FUN_0040f2d0 FUN_0040f320 FUN_00413090 FUN_00415610 FUN_0043dc10 FUN_0043ddd0 FUN_0043de00 FUN_0043e010 FUN_0043e0d0 FUN_0043fd90 __security_check_cookie _strcpy_s"
00446ce0,FUN_00446ce0,120,0,"FUN_0084a120"
00446d60,FUN_00446d60,322,0,"FUN_0043de30 FUN_0043e0d0 FUN_0043e1e0 FUN_00443730 FUN_004437d0 FUN_00443900 FUN_004439c0 FUN_00446120 FUN_00446840 FUN_00446a40"
00446eb0,FUN_00446eb0,278,0,"FUN_00434c80 FUN_00435300 FUN_0043e010 FUN_0043fce0 FUN_004449e0 __security_check_cookie _free"
00446fd0,FUN_00446fd0,166,0,"FUN_004024e0 FUN_004104b0 FUN_007fb8fb"
00447080,FUN_00447080,326,0,"FUN_00402360 FUN_00446fd0 FUN_0081ff70"
004471d0,FUN_004471d0,207,0,"FUN_004020d0 FUN_00447080 FUN_008366d0 _free"
004472b0,FUN_004472b0,329,0,"FUN_00402200 FUN_00445e00 FUN_00446360 __security_check_cookie wsprintfA"
00447400,FUN_00447400,269,0,"FUN_00402200 __security_check_cookie _atol _strncpy_s _strtok_s"
00447510,FUN_00447510,138,0,"_free"
004475a0,FUN_004475a0,75,0,"FUN_0042be20 FUN_004467d0"
00447600,FUN_00447600,157,0,"FUN_00412c20 FUN_0041fbf0 FUN_0043de30 FUN_0043e060 FUN_0043e1e0 FUN_00447400"
004476a0,FUN_004476a0,85,0,"FUN_00445e00 FUN_00447600"
00447700,FUN_00447700,705,0,"CloseHandle CreateFileA FUN_00401dc0 FUN_00402200 FUN_00405110 FUN_00408620 FUN_0040fb10 FUN_004101b0 GetFileSize ReadFile __security_check_cookie _free _free _strtok_s thunk_FUN_0081fbdc"
00447a80,FUN_00447a80,708,0,"FUN_004020d0 FUN_004050a0 FUN_00405110 FUN_004087b0 FUN_004088b0 FUN_00409cb0 FUN_00410050 FUN_004101b0 FUN_0043e050 FUN_0081fbdc FUN_0081ff70 __security_check_cookie _free"
00447d50,FUN_00447d50,46,0,""
00447d80,FUN_00447d80,542,0,"FUN_004111e0 FUN_00411260 FUN_0081ff70 _free"
00447fb0,FUN_00447fb0,22,0,"FUN_00447510 _free"
00448000,FUN_00448000,108,0,"FUN_00447d80 FUN_0081ff70"
00448070,FUN_00448070,126,0,"FUN_00447510 _free `eh_vector_destructor_iterator'"
00448100,FUN_00448100,243,0,"FUN_00844110 `eh_vector_constructor_iterator'"
00448200,FUN_00448200,309,0,"FUN_00405110 FUN_004101b0 FUN_00422bc0 FUN_0043d270 _free `eh_vector_destructor_iterator'"
00448340,FUN_00448340,799,0,"FUN_004020d0 FUN_00402200 FUN_00405560 FUN_00410050 FUN_00448000 FUN_0081fbdc FUN_0081ff70 __security_check_cookie _free wsprintfA"
00448670,FUN_00448670,235,0,"FUN_00448070 FUN_00448100 thunk_FUN_00849110"
00448760,FUN_00448760,725,0,"FUN_004050a0 FUN_00406560 FUN_00406590 FUN_00409cb0 FUN_00414870 FUN_00422b20 FUN_0043df40 FUN_0043e0c0 FUN_00443160 FUN_004439c0 FUN_00443ea0 FUN_0044e2b0 FUN_0081fbdc _free `eh_vector_constructor_iterator'"
00448a40,FUN_00448a40,27,0,"FUN_00448200 _free"
00448a60,FUN_00448a60,699,0,"FUN_00416020 FUN_0043de30 FUN_0043e0d0 FUN_0043e1e0 FUN_00443730 FUN_004437d0 FUN_00443900 FUN_00443960 FUN_004439c0 FUN_004469e0 FUN_00446b20 FUN_004472b0 FUN_004476a0 FUN_00448340"
00448d60,FUN_00448d60,160,0,"FUN_00448670 FUN_0081ff70"
00448e00,FUN_00448e00,827,0,"FUN_00401dc0 FUN_00401e00 FUN_004020d0 FUN_004088b0 FUN_0040d400 FUN_0041fbf0 FUN_0043de30 FUN_0043e1e0 FUN_00443730 FUN_00443900 FUN_00446840 FUN_004468e0 FUN_00446ce0 FUN_004471d0 FUN_00447400 FUN_00447510 FUN_00447700 FUN_00447a80 FUN_00447d50 FUN_00448d60 FUN_008388b0 __security_check_cookie"
00449160,FUN_00449160,195,0,"FUN_00443220 FUN_00446d60 FUN_00446eb0 FUN_00448a60 FUN_00448e00"
00449240,FUN_00449240,440,0,"FUN_0043e0b0 FUN_0043e280 FUN_0043e2c0 FUN_0043e300 FUN_0043ebe0 FUN_00443730 FUN_004437d0 FUN_00443900 FUN_00443960 FUN_00449740 FUN_00480730 FUN_0081fbdc __security_check_cookie thunk_FUN_00444ac0 wsprintfA"
00449430,FUN_00449430,22,0,"FUN_004439f0"
00449450,FUN_00449450,193,0,"FUN_00422b20 FUN_0043df40 FUN_0043ebe0"
00449520,FUN_00449520,114,0,"FUN_00422bc0"
004495a0,FUN_004495a0,27,0,"FUN_00449520 _free"
004495c0,FUN_004495c0,326,0,"FUN_0043de30 FUN_0043dea0 FUN_0043df40 FUN_0043e060 FUN_0043e0a0 FUN_0043e1e0 FUN_0043ebe0 FUN_00443730 FUN_004437d0 FUN_00443900 FUN_00443960"
00449720,FUN_00449720,29,0,"FUN_004439f0 FUN_00443c80"
00449740,FUN_00449740,195,0,"FUN_00422b20 FUN_0042f740 FUN_0043dea0 FUN_0043df50 FUN_0043e0c0 FUN_004439c0 FUN_00443ef0"
00449810,FUN_00449810,120,0,"FUN_00422bc0"
00449890,FUN_00449890,27,0,"FUN_00449810 _free"
004498b0,FUN_004498b0,336,0,"FUN_0043c770 FUN_0043cbf0 FUN_00443260 FUN_00443a50"
00449a00,FUN_00449a00,459,0,"FUN_00412c20 FUN_0041fbf0 FUN_0042fef0 FUN_0043de30 FUN_0043df50 FUN_0043e1e0 FUN_0043ff10 FUN_00453390 FUN_0081fbdc thunk_FUN_00444ac0"
00449bd0,FUN_00449bd0,38,0,"FUN_0043c770 FUN_00443220 FUN_00449a00"
00449c00,FUN_00449c00,80,0,"FUN_0043d110"
00449c50,FUN_00449c50,33,0,"FUN_004101b0 FUN_0043d190"
00449c80,FUN_00449c80,51,0,"FUN_004101b0 FUN_0043d190 _free"
00449cc0,FUN_00449cc0,185,0,"FUN_004101b0 FUN_00422bc0 FUN_0043d190 FUN_00443100"
00449d80,FUN_00449d80,342,0,"FUN_00422b20 FUN_0043c770 FUN_00443160 FUN_004432b0 FUN_00449c00 FUN_0044e2b0"
00449ee0,FUN_00449ee0,27,0,"FUN_00449cc0 _free"
00449f00,FUN_00449f00,874,0,"FUN_004020d0 FUN_00402200 FUN_0040f370 FUN_0040f7a0 FUN_0040f8a0 FUN_0040ffd0 FUN_00410050 FUN_004101b0 FUN_0042fef0 FUN_0043dc10 FUN_0043df50 FUN_0081fbdc __security_check_cookie _free"
0044a280,FUN_0044a280,273,0,"FUN_00409df0 FUN_00443260 FUN_00443a50 FUN_0081ff70"
0044a3a0,FUN_0044a3a0,283,0,"FUN_00420420"
0044a4c0,FUN_0044a4c0,24,0,""
0044a4d8,FUN_0044a4d8,568,0,"FUN_0041fbf0 FUN_0043de30 FUN_0043e1e0 FUN_00443220 FUN_0044a3a0 FUN_0081ff70"
0044a710,FUN_0044a710,47,0,"_memmove_s"
0044a740,FUN_0044a740,434,0,"FUN_0042be20 FUN_0044a710 FUN_0044dc00 FUN_00657880 FUN_00783a40 FUN_00839ab0 _free"
0044a900,FUN_0044a900,137,0,"FUN_0044a740 FUN_0081ff70"
0044a990,FUN_0044a990,979,0,"FUN_00405030 FUN_00409cb0 FUN_0040d010 FUN_00422b20 FUN_00443160 FUN_004432b0 FUN_0044a900 FUN_0044e2b0 FUN_0081ff70 `eh_vector_constructor_iterator'"
0044ad70,FUN_0044ad70,186,0,"FUN_00405110 FUN_00422bc0 FUN_00443100 `eh_vector_destructor_iterator'"
0044ae30,FUN_0044ae30,27,0,"FUN_0044ad70 _free"
0044af10,FUN_0044af10,11,0,""
0044af20,FUN_0044af20,369,0,"FUN_0043c770 FUN_0043cbf0 FUN_00443260 FUN_004439f0 FUN_00443a50"
0044b0a0,FUN_0044b0a0,229,0,"FUN_004050a0 FUN_00405110 FUN_0043c760 FUN_0043c770 FUN_0043cbc0 __security_check_cookie wsprintfA"
0044b190,FUN_0044b190,241,0,"FUN_0043c770 FUN_0043c8e0 FUN_0043e090 FUN_0044b0a0"
0044b6f0,FUN_0044b6f0,1425,0,"DeleteFileA FUN_0041fbf0 FUN_004233e0 FUN_0042eac0 FUN_0043c760 FUN_0043c770 FUN_0043ca40 FUN_0043cbc0 FUN_0043cc30 FUN_0043cc50 FUN_0043de30 FUN_0043e090 FUN_0043e1e0 FUN_00443220 FUN_004432d0 FUN_00443340 FUN_00443730 FUN_004437d0 FUN_00443900 FUN_00443960 FUN_00444020 FUN_0044b0a0 FUN_0044b190 FUN_0046e7f0 FUN_0047d030 FUN_006fb680 FUN_0081ff70 __security_check_cookie wsprintfA"
0044b780,FUN_0044b780,257,0,"FUN_00405110 FUN_00411760 FUN_00422bc0 FUN_0043d190 FUN_0072db10 `eh_vector_destructor_iterator'"
0044b890,FUN_0044b890,748,0,"FUN_00405030 FUN_00406560 FUN_004116d0 FUN_00411840 FUN_00422b20 FUN_0042c660 FUN_00443160 FUN_0044b190 FUN_0044e2b0 FUN_00609410 __security_check_cookie _strcpy_s `eh_vector_constructor_iterator'"
0044bb80,FUN_0044bb80,27,0,"FUN_0044b780 _free"
0044bba0,FUN_0044bba0,270,0,"FUN_0043cbf0 FUN_00443260 FUN_00443a50"
0044bcb0,FUN_0044bcb0,342,0,"FUN_00405030 FUN_00405110 FUN_0043c770 FUN_0043f3f0 __security_check_cookie wsprintfA"
0044be10,FUN_0044be10,100,0,"FUN_0081ff70"
0044be80,FUN_0044be80,341,0,"FUN_0044dc00 FUN_00479090 _free _memmove_s"
0044bfe0,FUN_0044bfe0,117,0,"FUN_0044be80 FUN_0081fbdc"
0044c060,FUN_0044c060,128,0,"FUN_0043d110"
0044c0e0,FUN_0044c0e0,55,0,"FUN_004101b0 FUN_00433a50 FUN_0043d190"
0044c120,FUN_0044c120,619,0,"FUN_0041fbf0 FUN_0042aec0 FUN_0042cf90 FUN_00433a50 FUN_0043de30 FUN_0043deb0 FUN_0043dec0 FUN_0043e1e0 FUN_0043e9a0 FUN_00443220 FUN_0044bcb0 FUN_0044be10 FUN_00453390 FUN_0081fbdc FUN_0081ff70 thunk_FUN_00444ac0"
0044c390,FUN_0044c390,73,0,"FUN_004101b0 FUN_00433a50 FUN_0043d190 _free"
0044c3e0,FUN_0044c3e0,43,0,"FUN_0043c770 FUN_0044c120"
0044c410,FUN_0044c410,253,0,"FUN_00405110 FUN_00422bc0 FUN_00443100 _free `eh_vector_destructor_iterator'"
0044c510,FUN_0044c510,543,0,"FUN_00422990 FUN_00422b20 FUN_00426670 FUN_0043df50 FUN_00443160 FUN_004432b0 FUN_0044bcb0 FUN_0044e2b0 FUN_0081ff70 `eh_vector_constructor_iterator'"
0044c730,FUN_0044c730,27,0,"FUN_0044c410 _free"
0044c750,FUN_0044c750,1127,0,"FUN_004020d0 FUN_00402200 FUN_00410050 FUN_004101b0 FUN_0042cf90 FUN_00431d40 FUN_00431dc0 FUN_00433a50 FUN_00436620 FUN_004373b0 FUN_00438450 FUN_0043df50 FUN_0044bfe0 FUN_0081fbdc FUN_0081ff70 __security_check_cookie _free _sprintf_s"
0044cbc0,FUN_0044cbc0,669,0,"FUN_0041fbf0 FUN_0043de30 FUN_0043dea0 FUN_0043e010 FUN_0043e1e0 FUN_0044d780 FUN_004518a0 FUN_0081fbdc thunk_FUN_00444ac0"
0044ce80,FUN_0044ce80,115,0,"FUN_00443260 FUN_00443a50 FUN_00443b40"
0044cf00,FUN_0044cf00,400,0,"FUN_00434c80 FUN_00435300 FUN_0043e010 FUN_0043e020 FUN_0043e6a0 FUN_0043fce0 FUN_004449e0 __security_check_cookie _free"
0044d0a0,FUN_0044d0a0,76,0,"FUN_00443220 FUN_0044cbc0 FUN_0044cf00"
0044d0f0,FUN_0044d0f0,140,0,"FUN_00422bc0 `eh_vector_destructor_iterator'"
0044d180,FUN_0044d180,275,0,"FUN_00422b20 FUN_00443160 FUN_00443ea0 FUN_0044e2b0 `eh_vector_constructor_iterator'"
0044d2a0,FUN_0044d2a0,27,0,"FUN_0044d0f0 _free"
0044d2c0,FUN_0044d2c0,275,0,"FUN_00443260 FUN_00443a50 FUN_00443c10"
0044d3e0,FUN_0044d3e0,178,0,"FUN_00405030 FUN_00405110 FUN_0043f3f0 __security_check_cookie wsprintfA"
0044d4a0,FUN_0044d4a0,488,0,"FUN_0041fbf0 FUN_00420380 FUN_0043de30 FUN_0043df50 FUN_0043e050 FUN_0043e1e0 FUN_00443220 FUN_0044d3e0 FUN_00450880 FUN_0081fbdc thunk_FUN_00444ac0"
0044d690,FUN_0044d690,238,0,"FUN_00405110 FUN_00422bc0 FUN_00443100 `eh_vector_destructor_iterator'"
0044d780,FUN_0044d780,820,0,"FUN_00405030 FUN_0040cec0 FUN_00422b20 FUN_0043df50 FUN_0043f3f0 FUN_00443160 FUN_004432b0 FUN_0044d3e0 FUN_0081ff70 __security_check_cookie _sprintf_s `eh_vector_constructor_iterator'"
0044dac0,FUN_0044dac0,27,0,"FUN_0044d690 _free"
0044dae0,FUN_0044dae0,41,0,"FUN_0081ff70"
0044db10,FUN_0044db10,28,0,""
0044db30,FUN_0044db30,27,0,""
0044db50,FUN_0044db50,137,0,"FUN_0081ff70"
0044dbe0,FUN_0044dbe0,27,0,""
0044dc00,FUN_0044dc00,90,0,"FUN_0081fbdc __CxxThrowException@8 exception"
0044dc60,FUN_0044dc60,78,0,""
0044dcb0,FUN_0044dcb0,82,0,""
0044dd10,FUN_0044dd10,137,0,"FUN_0081ff70"
0044dda0,FUN_0044dda0,7,0,""
0044ddb0,FUN_0044ddb0,15,0,""
0044ddc0,FUN_0044ddc0,439,0,"FUN_004050a0 FUN_00405110"
0044df80,FUN_0044df80,57,0,"FUN_0081fbdc"
0044dfc0,FUN_0044dfc0,69,0,"FUN_0081fbdc"
0044e010,FUN_0044e010,55,0,"FUN_0081fbdc"
0044e050,FUN_0044e050,109,0,""
0044e0c0,FUN_0044e0c0,358,0,"FUN_00433c90 FUN_0043df50 FUN_0043f2f0 FUN_0081ff70"
0044e230,FUN_0044e230,114,0,"FUN_0042ef50 FUN_0081ff70"
0044e2b0,FUN_0044e2b0,118,0,"FUN_0040d010 FUN_0081ff70"
0044e330,FUN_0044e330,143,0,"FUN_00433c90 FUN_0044ddc0 FUN_0044e0c0 FUN_0081ff70"
0044e3c0,FUN_0044e3c0,2910,0,"FUN_00404af0 FUN_00406560 FUN_004066e0 FUN_00409df0 FUN_0042ef50 FUN_00433c90 FUN_00436620 FUN_00443260 FUN_004439f0 FUN_00443a50 FUN_00443c10 FUN_0044e050 FUN_0044e0c0 FUN_0081ff70"
0044ef20,FUN_0044ef20,509,0,"FUN_00401670 FUN_00402200 FUN_0044dcb0 FUN_0044dfc0 FUN_008388f0 __CxxThrowException@8"
0044f120,FUN_0044f120,640,0,"FUN_00401670 FUN_00402200 FUN_0044dbe0 FUN_0044dcb0 FUN_00836d20 FUN_00836d40 FUN_008388f0 __CxxThrowException@8 _free"
0044f3e0,FUN_0044f3e0,189,0,"FUN_0042ff90 FUN_0044db50"
0044f4a0,FUN_0044f4a0,185,0,"FUN_0044dd10 FUN_0044ef20"
0044f560,FUN_0044f560,200,0,"FUN_0044f120 FUN_0081ff70 FUN_00836d40 FUN_00839970"
0044f630,FUN_0044f630,360,0,"FUN_0042f340 FUN_0044e050 FUN_0044f3e0 FUN_0081ff70"
0044f7a0,FUN_0044f7a0,121,0,"FUN_00477fb0 FUN_0081fbdc"
0044f820,FUN_0044f820,152,0,"FUN_0042cf90 FUN_0042ef50 FUN_00433a50 FUN_0081ff70"
0044f8c0,FUN_0044f8c0,43,0,"FUN_0044e010"
0044f8f0,FUN_0044f8f0,36,0,"FUN_0044f560 _free"
0044f930,FUN_0044f930,1746,0,"FUN_0042ef50 FUN_0042f220 FUN_00430190 FUN_00433a50 FUN_0044e050 FUN_0044e330 FUN_0044f4a0 FUN_0044f560 FUN_0044f7a0 FUN_0044f8f0 FUN_0044f930 FUN_0081ff70 FUN_00836d40 FUN_008399b0 _free"
00450050,FUN_00450050,48,0,"FUN_0044e230 FUN_0044f930"
00450080,FUN_00450080,1688,0,"FUN_0041fbf0 FUN_0042ef50 FUN_00433c90 FUN_00434fb0 FUN_004356a0 FUN_0043de30 FUN_0043e1e0 FUN_00443220 FUN_00443730 FUN_004437d0 FUN_00443900 FUN_00443960 FUN_0044dae0 FUN_0044e050 FUN_0044e0c0 FUN_0044e230 FUN_0044e330 FUN_0044f3e0 FUN_0044f820 FUN_0044f930 FUN_00450050 FUN_004565e0 FUN_0081ff70"
00450720,FUN_00450720,345,0,"FUN_00405110 FUN_00422bc0 FUN_00431dc0 FUN_00433a50 FUN_004372c0 FUN_004373b0 FUN_00438500 `eh_vector_destructor_iterator'"
00450880,FUN_00450880,2202,0,"FUN_00405030 FUN_004050a0 FUN_00406560 FUN_00408620 FUN_00409cb0 FUN_0040d010 FUN_00411840 FUN_00422b20 FUN_00431d40 FUN_004356a0 FUN_004372c0 FUN_00438450 FUN_00438500 FUN_0043f3f0 FUN_00443160 FUN_0044e230 FUN_0044e2b0 FUN_0044f630 FUN_0044f930 FUN_0081fbdc FUN_0081ff70 __security_check_cookie _free _strcpy_s `eh_vector_constructor_iterator' wsprintfA"
00451130,FUN_00451130,27,0,"FUN_00450720 _free"
00451150,FUN_00451150,501,0,"FUN_00409df0 FUN_00443260 FUN_00443a50 FUN_00443c10"
00451350,FUN_00451350,783,0,"FUN_0040dc00 FUN_0040dc10 FUN_0040dc60 FUN_0043e1e0"
00451670,FUN_00451670,355,0,"FUN_00434bf0 FUN_00434fb0 FUN_0043de30 FUN_0043e020 FUN_0043e1e0 FUN_0043e6a0 FUN_00443220 FUN_00451350"
004517e0,FUN_004517e0,188,0,"FUN_00405110 FUN_00422bc0 `eh_vector_destructor_iterator'"
004518a0,FUN_004518a0,567,0,"FUN_00405030 FUN_00409cb0 FUN_00422b20 FUN_00434c80 FUN_0043e080 FUN_00443160 FUN_0044e2b0 `eh_vector_constructor_iterator'"
00451ae0,FUN_00451ae0,27,0,"FUN_004517e0 _free"
00451b00,FUN_00451b00,256,0,"FUN_0040ea10 FUN_0041fbf0 FUN_0043de30 FUN_0043e1e0"
00451c20,FUN_00451c20,220,0,"FUN_0042a050 FUN_00443260 FUN_004439f0 FUN_00443a50 FUN_00443b40"
00451d00,FUN_00451d00,236,0,"FUN_00434c80 FUN_00435300 FUN_004449e0 FUN_0044d780 FUN_0081fbdc thunk_FUN_00444ac0"
00451df0,FUN_00451df0,248,0,"FUN_00434c80 FUN_00435300 FUN_0043e1e0 FUN_004449e0 FUN_004518a0 FUN_0081fbdc thunk_FUN_00444ac0"
00451ef0,FUN_00451ef0,42,0,"FUN_00402200 FUN_0040ed80"
00451f20,FUN_00451f20,606,0,"FUN_004020d0 FUN_004088b0 FUN_0042f880 FUN_0042f940 FUN_00434fb0 FUN_004358c0 FUN_00443900 FUN_00443ea0 __mbschr __security_check_cookie _free"
00452190,FUN_00452190,870,0,"CopyFileA FUN_004020d0 FUN_00402200 FUN_00408620 FUN_004088b0 FUN_0042bea0 FUN_00443900 FUN_00443ea0 __security_check_cookie _free"
00452520,FUN_00452520,315,0,"DeleteFileA FUN_004020d0 FUN_00402200 FUN_0042bea0 FUN_00443900 FUN_00443ea0 __security_check_cookie _free"
00452670,FUN_00452670,515,0,"DeleteFileA FUN_00402200 FUN_0042bea0 FUN_00443900 FUN_00443ea0 MoveFileA __mbschr __security_check_cookie _free"
00452890,FUN_00452890,446,0,"FUN_00401e00 FUN_004020d0 FUN_004088b0 FUN_00412ca0 FUN_00429f00 FUN_0043c9a0 FUN_0043e1e0 FUN_00443730 FUN_004437d0 FUN_00443960 FUN_00451ef0 FUN_00451f20"
00452bf0,FUN_00452bf0,371,0,"FUN_00401e00 FUN_004020d0 FUN_004088b0 FUN_00443730 FUN_004437d0 FUN_00443960 FUN_004449e0 FUN_00452520"
00452d80,FUN_00452d80,839,0,"FUN_00401e00 FUN_004020d0 FUN_004088b0 FUN_0040ea10 FUN_0040edb0 FUN_00412ca0 FUN_00429f00 FUN_0043c9a0 FUN_0043e1e0 FUN_00443730 FUN_004437d0 FUN_00443960 FUN_004449e0 FUN_00451ef0 FUN_00452670 __stricmp"
004530e0,FUN_004530e0,591,0,"FUN_00401e00 FUN_004020d0 FUN_004088b0 FUN_00443220 FUN_00443730 FUN_004437d0 FUN_00443960 FUN_004449e0 FUN_00451b00 FUN_00451d00 FUN_00451df0 FUN_00452190 FUN_00452890 FUN_00452bf0 FUN_00452d80"
004531e0,FUN_004531e0,407,0,"FUN_00422bc0 FUN_00429e60 FUN_00429ee0 FUN_0042f940 FUN_00434bd0 FUN_0043df60 _free `eh_vector_destructor_iterator'"
00453390,FUN_00453390,496,0,"FUN_00422b20 FUN_00429e70 FUN_0042a2a0 FUN_0042f880 FUN_00443160 FUN_00443ea0 FUN_0044e2b0 `eh_vector_constructor_iterator'"
00453580,FUN_00453580,27,0,"FUN_004531e0 _free"
004535a0,FUN_004535a0,106,0,"FUN_0040af30 FUN_0040af40 FUN_0042b0b0"
00453610,FUN_00453610,46,0,"FUN_00416c60"
00453640,FUN_00453640,21,0,""
00453660,FUN_00453660,36,0,"_strcpy_s"
00453690,FUN_00453690,55,0,"FUN_0040af30 FUN_0040af40 FUN_0042da40"
004536d0,FUN_004536d0,27,0,""
004536f0,FUN_004536f0,19,0,""
00453710,FUN_00453710,110,0,"FUN_00416c60 FUN_004536d0"
00453780,FUN_00453780,48,0,"FUN_0040a0f0 FUN_00433a50"
004537b0,FUN_004537b0,104,0,"FUN_0042aec0"
00453820,FUN_00453820,285,0,"FUN_00409a10 FUN_0081ff70 __security_check_cookie"
00453940,FUN_00453940,8,0,"FUN_00433a50"
00453950,FUN_00453950,41,0,"`eh_vector_constructor_iterator'"
00453980,~SubAllocator,19,1,"`eh_vector_destructor_iterator'"
004539a0,FUN_004539a0,429,0,"FUN_0040aec0 FUN_00412d90 FUN_0043dc10 `eh_vector_constructor_iterator'"
00453b50,FUN_00453b50,808,0,"FUN_00402200 FUN_004050a0 FUN_004116d0 FUN_00411760 FUN_00411840 __security_check_cookie _free _strcpy_s"
00453e80,FUN_00453e80,299,0,"FUN_0046b920 FUN_0081ff70"
00453fb0,FUN_00453fb0,78,0,"FUN_0042cf90 FUN_00433a50"
00454000,FUN_00454000,212,0,"FUN_0042cf90 FUN_00433a50"
004540e0,FUN_004540e0,171,0,"FUN_00409ab0 FUN_0042cf90 FUN_00433a50 __security_check_cookie"
00454190,FUN_00454190,163,0,"FUN_0040af30 FUN_0040af40 FUN_0042aec0 FUN_0042cf90 FUN_0042d770"
00454240,FUN_00454240,385,0,"FUN_0040af30 FUN_0040af40 FUN_0042b2d0 FUN_0042cb30 FUN_0042d770 FUN_0043df40 FUN_004535a0 FUN_0081ff70 __security_check_cookie"
004543d0,FUN_004543d0,576,0,"FUN_0040af30 FUN_0040af40 FUN_00416e30 FUN_0042aec0 FUN_0042ca80 FUN_0042dbb0 FUN_00433a50 FUN_00453820 FUN_00453e80 __security_check_cookie `eh_vector_constructor_iterator' `eh_vector_destructor_iterator'"
00454610,FUN_00454610,48,0,"FUN_00416c60"
00454640,FUN_00454640,78,0,"FUN_0040af30 FUN_0040af40"
00454690,FUN_00454690,15,0,""
004546a0,FUN_004546a0,30,0,"FUN_00416020"
004546c0,FUN_004546c0,100,0,"FUN_0040af30 FUN_0040af40 FUN_00416c60"
00454730,FUN_00454730,21,0,""
00454750,FUN_00454750,13,0,""
00454760,FUN_00454760,91,0,""
004547c0,FUN_004547c0,13,0,""
004547d0,FUN_004547d0,21,0,""
004547f0,FUN_004547f0,15,0,""
00454800,FUN_00454800,93,0,""
00454860,FUN_00454860,166,0,"FUN_0040af30 FUN_0040af40 FUN_00416c60"
00454910,FUN_00454910,63,0,"FUN_00416c60 FUN_00454690"
00454950,FUN_00454950,79,0,"FUN_00416c60 FUN_00454730"
004549a0,FUN_004549a0,68,0,"FUN_004543d0"
004549f0,FUN_004549f0,79,0,"FUN_0042aac0"
00454a40,FUN_00454a40,578,0,"FUN_0040af30 FUN_0040af40 FUN_0043df40 FUN_004549f0"
00454c90,FUN_00454c90,152,0,"FUN_0040af30 FUN_0040af40 FUN_00416c60 FUN_0042aec0 FUN_0042cf90"
00454d30,FUN_00454d30,199,0,"FUN_0040af30 FUN_0040af40 FUN_0042aec0 FUN_0042cf90"
00454e00,FUN_00454e00,582,0,"FUN_0040af30 FUN_0040af40 FUN_00433a50 FUN_00453610 FUN_00453950 FUN_00453fb0 FUN_00454000 FUN_004540e0 FUN_00454190 FUN_00454610 __security_check_cookie `eh_vector_destructor_iterator'"
00455070,FUN_00455070,269,0,"FUN_0040af30 FUN_0040af40 FUN_00416c60 FUN_0042dbb0 FUN_00453e80 __security_check_cookie `eh_vector_constructor_iterator' `eh_vector_destructor_iterator'"
00455180,FUN_00455180,435,0,"FUN_0040af30 FUN_0040af40 FUN_0042dbb0 FUN_004356a0 FUN_0043e010"
00455340,FUN_00455340,344,0,"FUN_0040af30 FUN_0040af40 FUN_0042dbb0 FUN_00433a50"
004554a0,FUN_004554a0,53,0,"FUN_00416e30"
004554e0,FUN_004554e0,37,0,"FUN_004133f0 FUN_00413610"
00455510,FUN_00455510,162,0,""
004555c0,FUN_004555c0,289,0,"_strncpy_s"
004556f0,FUN_004556f0,175,0,"FUN_0040af30 FUN_0040af40 FUN_00416e30"
004557a0,FUN_004557a0,65,0,"FUN_00416e30 FUN_00454690"
004557f0,FUN_004557f0,165,0,"FUN_0040af30 FUN_0040af40 FUN_00416e30 FUN_004547f0"
004558a0,FUN_004558a0,78,0,"FUN_0040af30 FUN_0040af40 FUN_004549f0"
004558f0,FUN_004558f0,99,0,"FUN_0040af30 FUN_0040af40 FUN_0042aec0"
00455960,FUN_00455960,409,0,"FUN_0040af30 FUN_0040af40 FUN_00416e30 FUN_0042ca80 FUN_0042cf90"
00455b00,FUN_00455b00,535,0,"FUN_0040af30 FUN_0040af40 FUN_00433a50 FUN_00453950 FUN_00453fb0 FUN_00454000 FUN_004543d0 FUN_004554a0 __security_check_cookie `eh_vector_destructor_iterator'"
00455d40,FUN_00455d40,183,0,"FUN_0040af30 FUN_0040af40 FUN_0042dbb0"
00455e00,FUN_00455e00,363,0,"FUN_0040af30 FUN_0040af40 FUN_00416e30 FUN_0042dbb0 FUN_00453e80 __security_check_cookie `eh_vector_constructor_iterator' `eh_vector_destructor_iterator'"
00455f70,FUN_00455f70,69,0,"FUN_0040af30 FUN_0040af40 FUN_0042dbb0"
00455fc0,FUN_00455fc0,304,0,"FUN_0040af30 FUN_0040af40 FUN_0042dbb0 FUN_00433a50"
004560f0,FUN_004560f0,131,0,"FUN_00409580 FUN_004095f0"
00456180,FUN_00456180,211,0,"FUN_004560f0"
00456260,FUN_00456260,160,0,"FUN_004560f0"
00456300,FUN_00456300,28,0,"_free"
00456320,FUN_00456320,74,0,"_atol _strtok_s"
00456370,FUN_00456370,48,0,"_atol _strtok_s"
004563a0,FUN_004563a0,181,0,"_atol _strtok_s"
00456460,FUN_00456460,155,0,"_atof _atol _strtok_s"
00456500,FUN_00456500,155,0,"_atof _atol _strtok_s"
004565a0,FUN_004565a0,60,0,""
004565e0,FUN_004565e0,36,0,"FUN_0081ff70"
00456610,FUN_00456610,87,0,"FUN_0081fbdc"
00456670,FUN_00456670,118,0,""
004566f0,FUN_004566f0,41,0,"FUN_0081fbdc"
00456720,FUN_00456720,41,0,"FUN_0081fbdc"
00456750,FUN_00456750,41,0,"FUN_0081fbdc"
00456780,FUN_00456780,41,0,"FUN_0081fbdc"
004567b0,FUN_004567b0,41,0,"FUN_0081fbdc"
004567e0,FUN_004567e0,96,0,"FUN_0081ff70"
00456840,FUN_00456840,190,0,"FUN_0081ff70"
00456900,FUN_00456900,395,0,""
00456a90,FUN_00456a90,35,0,"_free"
00456ac0,FUN_00456ac0,90,0,"FUN_0081ff70"
00456b20,FUN_00456b20,163,0,"FUN_00456900 FUN_0081ff70"
00456bd0,FUN_00456bd0,164,0,"FUN_00456900 FUN_0081ff70"
00456c80,FUN_00456c80,94,0,"FUN_0081ff70"
00456ce0,FUN_00456ce0,87,0,"FUN_0081ff70"
00456d40,FUN_00456d40,56,0,"FUN_0081fbdc"
00456d80,FUN_00456d80,56,0,"FUN_0081fbdc"
00456dc0,FUN_00456dc0,58,0,"_free"
00456e00,FUN_00456e00,183,0,"FUN_00456840 FUN_0081ff70"
00456ec0,FUN_00456ec0,183,0,"FUN_00456b20 FUN_0081ff70"
00456f80,FUN_00456f80,187,0,"FUN_00456bd0 FUN_0081ff70"
00457040,FUN_00457040,111,0,""
004570b0,FUN_004570b0,282,0,"FUN_00404ad0 FUN_00404b80 FUN_00406e40 FUN_00406ea0 FUN_00406ee0 FUN_00406fa0 FUN_00407040 FUN_004070e0 FUN_00407180 FUN_004075d0 FUN_00456c80"
004571d0,FUN_004571d0,145,0,"FUN_00404ad0 FUN_00404af0 FUN_00404b80 FUN_004570b0 FUN_0081ff70"
00457270,FUN_00457270,115,0,"FUN_00456e00"
004572f0,FUN_004572f0,115,0,"FUN_00456ec0"
00457370,FUN_00457370,115,0,"FUN_00456f80"
004573f0,FUN_004573f0,509,0,"FUN_00401670 FUN_00402200 FUN_0042f380 FUN_0043e760 FUN_0043e7b0 __CxxThrowException@8"
004575f0,FUN_004575f0,160,0,"FUN_00401670 FUN_00402200 __CxxThrowException@8"
00457690,FUN_00457690,509,0,"FUN_00401670 FUN_00402200 FUN_0041ead0 FUN_0041eb60 FUN_00456610 __CxxThrowException@8"
00457890,FUN_00457890,794,0,"FUN_0041ebc0 FUN_0041ee40 FUN_0043f2f0 FUN_0043fe10 FUN_0043ff10 FUN_00456180 FUN_00456260 FUN_004565e0 FUN_0081ff70 timeGetTime"
00457be0,FUN_00457be0,185,0,"FUN_00439880 FUN_004573f0"
00457ca0,FUN_00457ca0,89,0,"FUN_00402200 _strtok_s"
00457d00,FUN_00457d00,200,0,"FUN_00402200 _atol _strtok_s"
00457dd0,FUN_00457dd0,338,0,"FUN_0044dc00 FUN_00479090 _free _memmove_s"
00457f30,FUN_00457f30,107,0,"FUN_00457690"
00457fa0,FUN_00457fa0,125,0,"FUN_0081fbdc FUN_0083c9e0"
0045801d,Catch_All@0045801d,9,0,"_free"
00458040,FUN_00458040,118,0,"FUN_004177d0 FUN_0081fbdc"
004580c0,FUN_004580c0,95,0,"FUN_00456670 FUN_00457dd0 FUN_0081fbdc"
00458120,FUN_00458120,94,0,"FUN_00456670 FUN_00457dd0 FUN_0081fbdc"
00458180,FUN_00458180,509,0,"FUN_00401670 FUN_00402200 FUN_00406490 FUN_00406500 FUN_00457fa0 __CxxThrowException@8"
00458380,FUN_00458380,1748,0,"FUN_00417510 FUN_00417ad0 FUN_00417b50 FUN_004567e0 FUN_00457270 FUN_00458040 FUN_0081ff70"
004585f8,Catch_All@004585f8,32,0,"FUN_004174d0 __CxxThrowException@8"
0045893f,Catch_All@0045893f,38,0,"FUN_00414040 __CxxThrowException@8"
00458aa0,FUN_00458aa0,1745,0,"FUN_00456670 FUN_00456ac0 FUN_004572f0 FUN_00457370 FUN_00457dd0 FUN_004580c0 FUN_00458120 FUN_0081fbdc FUN_0081ff70"
00458d41,Catch_All@00458d41,36,0,"FUN_004565a0 __CxxThrowException@8"
00459067,Catch_All@00459067,32,0,"FUN_0041ec50 __CxxThrowException@8"
004591c0,FUN_004591c0,303,0,"FUN_00405560 FUN_00405c70 FUN_00458180 FUN_008370f0"
004592f0,FUN_004592f0,88,0,"FUN_00458380"
00459350,FUN_00459350,88,0,"FUN_00458aa0"
004593b0,FUN_004593b0,104,0,"FUN_004056c0 FUN_0041ed10 FUN_0041f1d0 FUN_00439950"
00459420,FUN_00459420,376,0,"FUN_004020d0 FUN_00405c70 FUN_004591c0 FUN_0081fbdc _free"
004595b0,FUN_004595b0,376,0,"FUN_004020d0 FUN_00405c70 FUN_004591c0 FUN_0081fbdc _free"
00459740,FUN_00459740,376,0,"FUN_004020d0 FUN_00405c70 FUN_004591c0 FUN_0081fbdc _free"
004598d0,FUN_004598d0,376,0,"FUN_004020d0 FUN_00405c70 FUN_004591c0 FUN_0081fbdc _free"
00459a60,FUN_00459a60,376,0,"FUN_004020d0 FUN_00405c70 FUN_004591c0 FUN_0081fbdc _free"
00459bf0,FUN_00459bf0,376,0,"FUN_004020d0 FUN_00405c70 FUN_004591c0 FUN_0081fbdc _free"
00459d80,FUN_00459d80,376,0,"FUN_004020d0 FUN_00405c70 FUN_004591c0 FUN_0081fbdc _free"
00459f10,FUN_00459f10,236,0,"FUN_004592f0 FUN_0081ff70"
00459ffc,Catch_All@00459ffc,17,0,"FUN_00413c70 __CxxThrowException@8"
0045a010,FUN_0045a010,236,0,"FUN_00459350 FUN_0081ff70"
0045a0fc,Catch_All@0045a0fc,17,0,"FUN_0043cb30 __CxxThrowException@8"
0045a110,FUN_0045a110,760,0,"FUN_00402200 FUN_00459420 FUN_004595b0 FUN_00459740 FUN_004598d0 FUN_00459a60 FUN_00459bf0 FUN_00459d80"
0045a410,FUN_0045a410,263,0,"FUN_00459f10 FUN_0045a010"
0045a520,FUN_0045a520,83,0,"FUN_0045a410"
0045a580,FUN_0045a580,127,0,"FUN_0045a520 FUN_0081fbdc"
0045a5ff,Catch_All@0045a5ff,9,0,"_free"
0045a620,FUN_0045a620,50,0,"FUN_004575f0 FUN_0045a580"
0045a660,FUN_0045a660,2098,0,"FUN_004020d0 FUN_00405030 FUN_00405810 FUN_00405ac0 FUN_00406c60 FUN_00417510 FUN_0041ed60 FUN_0041f7f0 FUN_00436550 FUN_0043f2f0 FUN_00444020 FUN_004565e0 FUN_00456ce0 FUN_00457040 FUN_00457be0 FUN_00457f30 FUN_00458120 FUN_0045a620 FUN_0081ff70"
0045af20,FUN_0045af20,90,0,"FUN_00405110"
0045af80,FUN_0045af80,333,0,"FUN_00405030"
0045b0d0,FUN_0045b0d0,1329,0,"FUN_0046d9e0"
0045b610,FUN_0045b610,116,0,""
0045b690,FUN_0045b690,163,0,"FUN_0045b610"
0045b740,FUN_0045b740,371,0,"FUN_0081ff70"
0045b8c0,FUN_0045b8c0,76,0,"FUN_0045b0d0 FUN_0081ff70"
0045b910,FUN_0045b910,140,0,"FUN_00405110 _free"
0045b9b0,FUN_0045b9b0,95,0,"FUN_0045af20 FUN_0081ff70 _free"
0045ba20,FUN_0045ba20,50,0,"FUN_00405110 FUN_0045b910"
0045ba60,FUN_0045ba60,11,0,"FUN_0045b910"
0045ba70,FUN_0045ba70,62,0,"FUN_0045b690 FUN_0081fbdc"
0045bab0,FUN_0045bab0,160,0,"FUN_00401670 FUN_00402200 __CxxThrowException@8"
0045bb50,FUN_0045bb50,550,0,"FUN_004050a0 FUN_0045af20 FUN_0045b9b0 FUN_0045ba70 FUN_0045bab0 FUN_0081ff70"
0045bd80,FUN_0045bd80,76,0,""
0045bdd0,FUN_0045bdd0,4,0,""
0045bde0,FUN_0045bde0,93,0,""
0045be40,FUN_0045be40,72,0,"FUN_004099f0 FUN_00432130 FUN_0043df50"
0045be90,FUN_0045be90,257,0,"FUN_004012a0 FUN_00409df0 FUN_00443de0"
0045bfa0,FUN_0045bfa0,141,0,""
0045c030,FUN_0045c030,99,0,""
0045c0a0,FUN_0045c0a0,403,0,"FUN_004096a0 FUN_004096d0 FUN_0045bfa0 FUN_0045c030"
0045c240,FUN_0045c240,116,0,"FUN_00405110 FUN_00422bc0"
0045c2c0,FUN_0045c2c0,295,0,"FUN_00405030 FUN_00409ce0 FUN_0040cec0 FUN_00422b20 FUN_0044e2b0"
0045c3f0,FUN_0045c3f0,85,0,"FUN_00405110"
0045c450,FUN_0045c450,171,0,"FUN_004096d0"
0045c500,FUN_0045c500,107,0,""
0045c570,FUN_0045c570,68,0,"FUN_00411840"
0045c5c0,FUN_0045c5c0,18,0,""
0045c5e0,FUN_0045c5e0,31,0,""
0045c600,FUN_0045c600,30,0,""
0045c640,FUN_0045c640,107,0,"FUN_00405110"
0045c6b0,FUN_0045c6b0,90,0,"FUN_00411840 FUN_0045c030"
0045c710,FUN_0045c710,81,0,""
0045c770,FUN_0045c770,85,0,""
0045c7d0,FUN_0045c7d0,150,0,"FUN_0081ff70"
0045c870,FUN_0045c870,118,0,"FUN_0081ff70"
0045c8f0,FUN_0045c8f0,126,0,"_atol _strtok_s"
0045c970,FUN_0045c970,28,0,"_free"
0045c990,FUN_0045c990,29,0,"FUN_0081fbdc"
0045c9b0,FUN_0045c9b0,29,0,"FUN_0081fbdc"
0045c9d0,FUN_0045c9d0,64,0,"FUN_0081fbdc"
0045ca10,FUN_0045ca10,41,0,"FUN_0081fbdc"
0045ca40,FUN_0045ca40,41,0,"FUN_0081fbdc"
0045ca70,FUN_0045ca70,153,0,"FUN_00405560"
0045cb10,FUN_0045cb10,71,0,"_free"
0045cb60,FUN_0045cb60,95,0,""
0045cbc0,FUN_0045cbc0,130,0,"FUN_00405110 _free"
0045cc50,FUN_0045cc50,92,0,"FUN_0040af30 FUN_0040af40 FUN_0042aac0"
0045ccb0,FUN_0045ccb0,106,0,"FUN_0045cbc0 _free"
0045cd20,FUN_0045cd20,270,0,"FUN_00405560 FUN_00405ac0 FUN_0081ff70 _free"
0045ce40,FUN_0045ce40,95,0,"FUN_0045c3f0 FUN_0081ff70 _free"
0045ceb0,FUN_0045ceb0,135,0,"FUN_00405110 _free"
0045cf50,FUN_0045cf50,27,0,"FUN_0045c640 _free"
0045cf70,FUN_0045cf70,56,0,"FUN_0081fbdc"
0045cfb0,FUN_0045cfb0,66,0,"FUN_0081fbdc"
0045d000,FUN_0045d000,56,0,"FUN_0081fbdc"
0045d040,FUN_0045d040,56,0,"FUN_0081fbdc"
0045d080,FUN_0045d080,56,0,"FUN_0081fbdc"
0045d0c0,FUN_0045d0c0,56,0,"FUN_0081fbdc"
0045d100,FUN_0045d100,27,0,"FUN_0045cb10 _free"
0045d120,FUN_0045d120,58,0,"_free"
0045d160,FUN_0045d160,411,0,"FUN_0045ce40 FUN_0081ff70"
0045d300,FUN_0045d300,178,0,"FUN_0040af10 FUN_0081ff70 _free"
0045d410,FUN_0045d410,122,0,"FUN_00405c70 FUN_0045ca70 FUN_0081ff70"
0045d490,FUN_0045d490,17,0,"FUN_0045ceb0 _free"
0045d4b0,FUN_0045d4b0,27,0,"FUN_0045d300 _free"
0045d4d0,FUN_0045d4d0,337,0,"FUN_004020d0 FUN_0045b610"
0045d630,FUN_0045d630,100,0,"FUN_0045b610 FUN_0081fbdc"
0045d6a0,FUN_0045d6a0,115,0,"FUN_004020d0 FUN_0045d4d0"
0045d720,FUN_0045d720,233,0,"FUN_00405110 FUN_0081ff70 _free"
0045d820,FUN_0045d820,114,0,"FUN_004020d0 FUN_0045d4d0"
0045d8a0,FUN_0045d8a0,160,0,"FUN_00401670 FUN_00402200 __CxxThrowException@8"
0045d940,FUN_0045d940,505,0,"FUN_00402200 _atol _strtok_s"
0045db40,FUN_0045db40,128,0,"FUN_0045c990 `eh_vector_constructor_iterator'"
0045dbc0,FUN_0045dbc0,71,0,"FUN_0045b910 _free"
0045dc40,FUN_0045dc40,155,0,"FUN_00402200 _strtok_s"
0045dce0,FUN_0045dce0,168,0,"FUN_00402200 _atof _atol _strtok_s"
0045dd90,FUN_0045dd90,116,0,"FUN_00402200 _atol _strtok_s"
0045de10,FUN_0045de10,147,0,"FUN_00402200 _atol _strtok_s"
0045deb0,FUN_0045deb0,168,0,"FUN_00402200 _atol _strtok_s"
0045df60,FUN_0045df60,146,0,"FUN_0045d6a0 FUN_0081fbdc"
0045dff2,Catch_All@0045dff2,9,0,"_free"
0045e010,FUN_0045e010,796,0,"FUN_00401670 FUN_00402200 FUN_0045c5e0 FUN_0045c600 FUN_0045c710 FUN_0045c770 FUN_0045c870 FUN_0045ccb0 __CxxThrowException@8 _free"
0045e370,FUN_0045e370,53,0,"FUN_0045ccb0 FUN_0045e370 _free"
0045e3c0,FUN_0045e3c0,523,0,"FUN_00401670 FUN_00402200 FUN_0045c710 FUN_0045c770 FUN_0045df60 __CxxThrowException@8"
0045e5d0,FUN_0045e5d0,649,0,"FUN_004050a0 FUN_00405110 FUN_0045bb50 FUN_0045c3f0 FUN_0045ceb0 FUN_0045d630 FUN_0045d8a0 FUN_0081ff70 _free"
0045e870,FUN_0045e870,130,0,"FUN_0040aec0 FUN_00412c80"
0045e900,FUN_0045e900,311,0,"FUN_00405560 FUN_00405c70 FUN_0045c7d0 FUN_0045e3c0"
0045ea40,FUN_0045ea40,200,0,"FUN_0045c870 FUN_0045e010 FUN_0045e370 FUN_0081ff70"
0045eb10,FUN_0045eb10,499,0,"FUN_00402970 FUN_0040af30 FUN_0040af40 FUN_0040dfc0 FUN_004232f0 FUN_00633660 FUN_007ebdf0 FUN_0081fbdc FUN_0081ff70"
0045ed10,FUN_0045ed10,170,0,"FUN_004029d0 FUN_0040af30 FUN_0040af40 FUN_00415530 FUN_00633660 FUN_0081ff70"
0045edc0,FUN_0045edc0,194,0,"FUN_0045ed10 FUN_0081ff70 _free"
0045ee90,FUN_0045ee90,72,0,"FUN_0081ff70"
0045eee0,FUN_0045eee0,103,0,"FUN_0045e870 FUN_00609410"
0045ef50,FUN_0045ef50,691,0,"FUN_004020d0 FUN_00411840 FUN_0043f440 FUN_0045cb60 FUN_0045cbc0 FUN_0045ccb0 FUN_0045d6a0 FUN_0045d820 FUN_0045e900 FUN_0046ead0 __security_check_cookie _free"
0045f210,FUN_0045f210,109,0,"FUN_0045ed10 FUN_0081ff70 _free"
0045f290,FUN_0045f290,91,0,"FUN_0045eb10 FUN_0047d030 FUN_006fb680"
0045f2f0,FUN_0045f2f0,376,0,"FUN_004020d0 FUN_00405c70 FUN_004591c0 FUN_0081fbdc _free"
0045f480,FUN_0045f480,376,0,"FUN_004020d0 FUN_00405c70 FUN_004591c0 FUN_0081fbdc _free"
0045f610,FUN_0045f610,376,0,"FUN_004020d0 FUN_00405c70 FUN_004591c0 FUN_0081fbdc _free"
0045f7a0,FUN_0045f7a0,376,0,"FUN_004020d0 FUN_00405c70 FUN_004591c0 FUN_0081fbdc _free"
0045f930,FUN_0045f930,376,0,"FUN_004020d0 FUN_00405c70 FUN_004591c0 FUN_0081fbdc _free"
0045fac0,FUN_0045fac0,376,0,"FUN_004020d0 FUN_00405c70 FUN_004591c0 FUN_0081fbdc _free"
0045fc50,FUN_0045fc50,376,0,"FUN_004020d0 FUN_00405c70 FUN_004591c0 FUN_0081fbdc _free"
0045fde0,FUN_0045fde0,376,0,"FUN_004020d0 FUN_00405c70 FUN_004591c0 FUN_0081fbdc _free"
0045ff70,FUN_0045ff70,61,0,"FUN_0045e370 FUN_0045f210"
0045ffb0,FUN_0045ffb0,399,0,"FUN_00402200 FUN_0045ba60 FUN_0045c870 FUN_0045ceb0 FUN_0045f210 FUN_0046ea50 FUN_0081ff70"
00460140,FUN_00460140,1049,0,"FUN_004012a0 FUN_00404b80 FUN_0045b8c0 FUN_0045be90 FUN_0045c450 FUN_0045c870 FUN_0045ee90 FUN_0081ff70"
00460560,FUN_00460560,125,0,"FUN_00405030 FUN_00406c60 FUN_0045f290"
004605e0,FUN_004605e0,100,0,"FUN_0045d300 FUN_0045f210 FUN_0072db10"
00460650,FUN_00460650,5,0,""
00460660,FUN_00460660,36,0,"FUN_0045ea40 _free"
004606a0,FUN_004606a0,27,0,"FUN_004605e0 _free"
004606c0,FUN_004606c0,294,0,"FUN_00405660 FUN_004056c0 FUN_00433a50 FUN_0045ba20 FUN_0045c240 FUN_0045ceb0 FUN_0045dbc0 _free"
004608a0,FUN_004608a0,92,0,"FUN_00405810 FUN_0045bd80 FUN_0045e370 FUN_0045ffb0"
00460900,FUN_00460900,6584,0,"CloseHandle CreateEventA FUN_00401e00 FUN_004020d0 FUN_00405030 FUN_00405110 FUN_00405ac0 FUN_00405c70 FUN_00408560 FUN_00408620 FUN_004087b0 FUN_004088b0 FUN_00408970 FUN_0040af30 FUN_0040af40 FUN_0040d4a0 FUN_0040fd00 FUN_004105a0 FUN_00411840 FUN_00412bf0 FUN_00412ca0 FUN_0042ad40 FUN_0042bea0 FUN_0042d770 FUN_00438880 FUN_0043e090 FUN_0043e0a0 FUN_0043e160 FUN_0043e180 FUN_0043e1b0 FUN_0043e1e0 FUN_0043ff10 FUN_00440040 FUN_004565e0 FUN_0045b740 FUN_0045ba60 FUN_0045bdd0 FUN_0045be40 FUN_0045c0a0 FUN_0045c3f0 FUN_0045c500 FUN_0045c570 FUN_0045c870 FUN_0045cc50 FUN_0045d160 FUN_0045d410 FUN_0045d630 FUN_0045d720 FUN_0045d8a0 FUN_0045e5d0 FUN_0045edc0 FUN_0045ef50 FUN_0045ffb0 FUN_00460560 FUN_00464980 FUN_0046b450 FUN_0046d9e0 FUN_0046d9f0 FUN_0046ea50 FUN_0046eaa0 FUN_0081ff70 WaitForSingleObject __mbsrchr __security_check_cookie _free _strcpy_s"
00462330,FUN_00462330,1670,0,"FUN_00402200 FUN_00405600 FUN_004116d0 FUN_00411840 FUN_00459420 FUN_004595b0 FUN_00459740 FUN_0045af80 FUN_0045c2c0 FUN_0045c9b0 FUN_0045c9d0 FUN_0045db40 FUN_0045eee0 FUN_0045f2f0 FUN_0045f480 FUN_0045f610 FUN_0045f7a0 FUN_0045f930 FUN_0045fac0 FUN_0045fc50 FUN_0045fde0 _strcpy_s"
004629c0,FUN_004629c0,11,0,""
004629d0,FUN_004629d0,11,0,""
004629e0,FUN_004629e0,118,0,"FUN_0045c5c0 FUN_004608a0 __security_check_cookie wsprintfA"
00462a60,FUN_00462a60,58,0,"FUN_0057a500 FUN_0081ff70"
00462aa0,FUN_00462aa0,162,0,"FUN_004020d0 FUN_00431c20 FUN_0043df50 FUN_0043f440 FUN_0045c5c0 FUN_004608a0 __security_check_cookie wsprintfA"
00462b50,FUN_00462b50,127,0,"FUN_004020d0 FUN_0045cd20 _free"
00462be0,FUN_00462be0,306,0,"FUN_00402200 FUN_004088b0 FUN_0040f370 FUN_0040f6a0 FUN_0040f8a0 FUN_0042bea0 FUN_0043f3f0 __security_check_cookie _free"
00462d20,FUN_00462d20,190,0,"FUN_0047d030 FUN_006fb680 FUN_0081ff70"
00462dca,Catch_All@00462dca,90,0,"FUN_00422ea0 FUN_00423040 FUN_0044dae0 FUN_0057a500 __CxxThrowException@8"
00462e40,FUN_00462e40,83,0,"FUN_00462d20 _free"
00462ea0,FUN_00462ea0,516,0,"FUN_004020d0 FUN_0040f6a0 FUN_0040f7a0 FUN_0040f8a0 FUN_0042cf90 FUN_00433a50 FUN_0043f440 FUN_00462e40 FUN_0047d030 FUN_006fb680 __security_check_cookie _free"
004630c0,FUN_004630c0,10,0,""
004630d0,FUN_004630d0,10,0,""
004630e0,FUN_004630e0,29,0,"FUN_0081fbdc"
00463100,FUN_00463100,333,0,"FUN_00404b80 FUN_004075d0 FUN_004293f0 FUN_00456900 FUN_0081ff70"
00463250,FUN_00463250,49,0,"_free"
00463290,FUN_00463290,94,0,"FUN_0081ff70 _free"
00463300,FUN_00463300,39,0,"FUN_004630e0 FUN_00463250"
00463330,FUN_00463330,30,0,"FUN_00463290"
00463350,FUN_00463350,80,0,"FUN_00456670 FUN_0081fbdc"
004633a0,FUN_004633a0,160,0,"FUN_00401670 FUN_00402200 __CxxThrowException@8"
00463440,FUN_00463440,240,0,"FUN_00456900 FUN_00463290 FUN_00463350 FUN_004633a0 FUN_0081ff70"
00463530,FUN_00463530,23,0,"FUN_00439850"
00463550,FUN_00463550,351,0,"FUN_004393b0 FUN_004393f0 FUN_004397f0 FUN_00439850"
004636b0,FUN_004636b0,27,0,""
004636d0,FUN_004636d0,442,0,"FUN_00439850 FUN_00469e80"
00463890,FUN_00463890,350,0,"FUN_004099f0 FUN_00439850 FUN_00469e80"
004639f0,FUN_004639f0,15,0,""
00463a00,FUN_00463a00,138,0,""
00463aa0,FUN_00463aa0,561,0,""
00463ce0,FUN_00463ce0,150,0,"FUN_00463890 FUN_00469ee0 FUN_0046cac0"
00463d80,FUN_00463d80,16,0,""
00463d90,FUN_00463d90,435,0,""
00463f50,FUN_00463f50,342,0,""
004640b0,FUN_004640b0,335,0,"FUN_00820230 FUN_008213b0"
00464200,FUN_00464200,445,0,"FUN_00820230 FUN_008213b0"
004643c0,FUN_004643c0,1386,0,"FUN_004096a0 FUN_004096d0 FUN_00820230"
00464930,FUN_00464930,26,0,"FUN_00438ca0"
00464950,FUN_00464950,33,0,"FUN_00438cc0"
00464980,FUN_00464980,37,0,"FUN_00401d50"
004649b0,FUN_004649b0,42,0,"FUN_0047b1d0"
004649e0,FUN_004649e0,31,0,""
00464a00,FUN_00464a00,27,0,""
00464a20,FUN_00464a20,91,0,"FUN_0081fbdc __CxxThrowException@8 exception"
00464a80,FUN_00464a80,37,0,"FUN_00463f50 FUN_00820230"
00464ab0,FUN_00464ab0,37,0,"FUN_00463f50 FUN_00820230"
00464ae0,FUN_00464ae0,111,0,"FUN_0043a250 FUN_0081ff70"
00464b50,FUN_00464b50,20,0,"FUN_00464ae0"
00464b70,FUN_00464b70,67,0,"FUN_00464ae0"
00464bc0,FUN_00464bc0,35,0,"FUN_00464ae0"
00464bf0,FUN_00464bf0,138,0,""
00464c80,FUN_00464c80,112,0,""
00464cf0,FUN_00464cf0,68,0,""
00464d40,FUN_00464d40,55,0,""
00464d80,FUN_00464d80,73,0,""
00464dd0,FUN_00464dd0,36,0,"FUN_0081ff70"
00464e00,FUN_00464e00,57,0,"FUN_0081ff70"
00464e40,FUN_00464e40,43,0,"FUN_00464cf0"
00464e70,FUN_00464e70,50,0,"_memmove_s"
00464eb0,FUN_00464eb0,48,0,""
00464ee0,FUN_00464ee0,90,0,"FUN_0081ff70 _memmove_s"
00464f40,FUN_00464f40,43,0,"FUN_00464d80"
00464f70,FUN_00464f70,166,0,"FUN_0081ff70"
00465020,FUN_00465020,218,0,"FUN_0081ff70"
00465100,FUN_00465100,245,0,"FUN_0081ff70"
00465200,FUN_00465200,57,0,"FUN_00464ee0 FUN_0081ff70"
00465240,FUN_00465240,41,0,""
00465270,FUN_00465270,41,0,"FUN_00464d40"
004652a0,FUN_004652a0,202,0,"FUN_0043f2f0 FUN_0081ff70"
00465370,FUN_00465370,154,0,"FUN_0043f2f0 FUN_0081ff70"
00465410,FUN_00465410,88,0,"FUN_00464cf0 FUN_0081ff70"
00465470,FUN_00465470,72,0,"_free"
004654c0,FUN_004654c0,57,0,"FUN_00465410 FUN_0081ff70"
00465500,FUN_00465500,5,0,""
00465510,FUN_00465510,576,0,"FUN_0040cb20 FUN_0040cfb0 FUN_00413e90 FUN_00464d40 FUN_00464eb0 FUN_00464f40 FUN_00465270 _free"
00465693,Catch_All@00465693,9,0,"_free"
00465770,FUN_00465770,497,0,"FUN_0081ff70 _free _memmove_s"
00465980,FUN_00465980,27,0,"FUN_00465770 _free"
004659a0,FUN_004659a0,72,0,"FUN_0042be20 FUN_0044dc00"
004659f0,FUN_004659f0,338,0,"FUN_0044dc00 FUN_00479090 _free _memmove_s"
00465b50,FUN_00465b50,213,0,"FUN_0040cfb0 FUN_00413e90 FUN_00464d40 FUN_0081ff70"
00465c25,Catch_All@00465c25,17,0,"FUN_0040c550 __CxxThrowException@8"
00465c40,FUN_00465c40,149,0,"FUN_0042be20 FUN_0044dc00 FUN_0081ff70 _memmove_s"
00465ce0,FUN_00465ce0,290,0,"FUN_00464e70 FUN_00465200 FUN_004659a0 FUN_00657880 _free"
00465e10,FUN_00465e10,2138,0,"FUN_0040c660 FUN_004640b0 FUN_00464200 FUN_004643c0 FUN_0081ff70 FUN_00820230"
00466670,FUN_00466670,341,0,"FUN_00406c60 FUN_0040c410 FUN_0043f2f0 FUN_0081fbdc FUN_0081ff70 _free"
004667d0,FUN_004667d0,179,0,"FUN_0040c580 FUN_0040cb60 FUN_0081ff70"
00466890,FUN_00466890,314,0,"FUN_0040cad0 FUN_00464cf0 FUN_00464e40 FUN_00465270 FUN_004654c0 _free"
004669d0,FUN_004669d0,122,0,"FUN_00465410 FUN_00465510 FUN_0081ff70"
00466a50,FUN_00466a50,412,0,"FUN_00422e40 FUN_00465b50 FUN_00465c40"
00466bf0,FUN_00466bf0,419,0,"FUN_00465ce0 FUN_00466890"
00466da0,FUN_00466da0,56,0,"FUN_00466bf0"
00466de0,FUN_00466de0,56,0,"FUN_00466bf0"
00466e20,FUN_00466e20,300,0,"FUN_00464ee0 FUN_00465410 FUN_0081ff70 _memset"
00466f50,FUN_00466f50,88,0,"FUN_00466da0"
00466fb0,FUN_00466fb0,92,0,"FUN_00466de0"
00467010,FUN_00467010,131,0,"FUN_00466a50"
0046707f,Catch_All@0046707f,46,0,"__CxxThrowException@8"
004670d0,FUN_004670d0,41,0,"FUN_00466bf0"
00467100,FUN_00467100,127,0,"FUN_00466a50"
0046716d,Catch_All@0046716d,39,0,"__CxxThrowException@8"
004671b0,FUN_004671b0,129,0,"FUN_00466f50 FUN_0081ff70"
00467240,FUN_00467240,43,0,"FUN_00466fb0"
00467270,FUN_00467270,58,0,"FUN_00467100"
004672b0,FUN_004672b0,232,0,"FUN_0042be20 FUN_00464a20 FUN_00467010 FUN_0081ff70"
00467398,Catch_All@00467398,17,0,"FUN_00465470 __CxxThrowException@8"
004673b0,FUN_004673b0,106,0,"FUN_004671b0"
00467420,FUN_00467420,128,0,"FUN_00465470 FUN_004671b0 FUN_0081ff70"
004674a0,FUN_004674a0,41,0,"FUN_00467010"
004674d0,FUN_004674d0,723,0,"FUN_0042be20 FUN_004649e0 FUN_00464a20 FUN_00465240 FUN_00465770 FUN_00466a50 FUN_00467010 FUN_004670d0 FUN_00467240 FUN_00467270 FUN_004674a0 __security_check_cookie _free"
004676b2,Catch_All@004676b2,22,0,"FUN_00465240 _free"
00467761,Catch_All@00467761,44,0,"FUN_00465240 __CxxThrowException@8"
00467800,FUN_00467800,123,0,"FUN_004672b0"
00467880,FUN_00467880,215,0,"FUN_00465770 FUN_00466a50 FUN_004671b0 FUN_004674d0 FUN_0081ff70 __security_check_cookie"
00467960,FUN_00467960,119,0,"FUN_00467420 _free"
004679e0,FUN_004679e0,3968,0,"FUN_00405030 FUN_00408be0 FUN_0040c660 FUN_0040d1c0 FUN_0040d1e0 FUN_0040f2d0 FUN_0040f320 FUN_00414cd0 FUN_00439e00 FUN_0043f2f0 FUN_0043f3f0 FUN_0044a740 FUN_00457be0 FUN_00465770 FUN_004659f0 FUN_004667d0 FUN_00466890 FUN_004669d0 FUN_00466e20 FUN_004671b0 FUN_004673b0 FUN_00467420 FUN_00467800 FUN_00467880 FUN_0047d030 FUN_00609410 FUN_006fb680 FUN_0081fbdc FUN_0081ff70 __security_check_cookie _free _memmove_s wsprintfA"
004689d0,FUN_004689d0,5,0,""
004689e0,FUN_004689e0,31,0,"FUN_004679e0"
00468a00,FUN_00468a00,219,0,"FUN_00405110 FUN_00439950 FUN_00467960 FUN_0081ff70 _free"
00468b00,FUN_00468b00,59,0,""
00468b40,FUN_00468b40,8,0,""
00468b50,FUN_00468b50,78,0,""
00468ba0,FUN_00468ba0,67,0,"FUN_0081ff70"
00468bf0,FUN_00468bf0,143,0,""
00468c80,FUN_00468c80,126,0,"_free"
00468d10,FUN_00468d10,198,0,"FUN_00436620 FUN_00456c80 FUN_0081ff70"
00468de0,FUN_00468de0,154,0,"FUN_0042f5e0 FUN_004366e0 FUN_0043df50 FUN_00456c80 FUN_0046ec50"
00468e80,FUN_00468e80,141,0,"FUN_00456c80"
00468f10,FUN_00468f10,346,0,"FUN_0042f680 FUN_00436620 FUN_004366e0 FUN_0043df50 FUN_00456c80 FUN_00468d10"
00469070,FUN_00469070,186,0,"FUN_00468bf0 FUN_0081ff70"
00469130,FUN_00469130,186,0,"FUN_00468bf0 FUN_0081ff70"
004691f0,FUN_004691f0,188,0,"FUN_00438ce0 FUN_00468d10"
004692b0,FUN_004692b0,187,0,"FUN_00469070 FUN_0081ff70"
00469370,FUN_00469370,183,0,"FUN_00469130 FUN_0081ff70"
00469430,FUN_00469430,115,0,"FUN_004692b0"
004694b0,FUN_004694b0,115,0,"FUN_00469370"
00469530,FUN_00469530,515,0,"FUN_00469430 FUN_004694b0 FUN_0081ff70"
00469740,FUN_00469740,338,0,"FUN_0044dc00 FUN_00479090 _free _memmove_s"
004698a0,FUN_004698a0,114,0,"FUN_0045b610 FUN_00469740 FUN_0081fbdc"
00469920,FUN_00469920,108,0,"FUN_00469530 FUN_0081ff70"
00469990,FUN_00469990,259,0,"FUN_00406560 FUN_00435b60 FUN_00436620 FUN_004698a0"
00469aa0,FUN_00469aa0,179,0,"FUN_00435c70 FUN_00435d40 FUN_00468c80 FUN_00469990 FUN_0081ff70"
00469b60,FUN_00469b60,265,0,"FUN_0045b610 FUN_004698a0 FUN_0081ff70"
00469c70,FUN_00469c70,518,0,"FUN_0042cf90 FUN_004366e0 FUN_00468ba0 FUN_00469920 FUN_0046ec50 FUN_0081ff70"
00469e80,FUN_00469e80,93,0,""
00469ee0,FUN_00469ee0,14,0,""
00469ef0,FUN_00469ef0,28,0,""
00469f10,FUN_00469f10,28,0,""
00469f30,FUN_00469f30,28,0,""
00469f50,FUN_00469f50,28,0,""
00469f70,FUN_00469f70,642,0,"FUN_004099f0 FUN_00463530 FUN_00469f10"
0046a200,FUN_0046a200,53,0,""
0046a240,FUN_0046a240,237,0,"FUN_00468b50 FUN_00469ef0 FUN_0046ec90"
0046a330,FUN_0046a330,470,0,"FUN_00439490 FUN_00463aa0 FUN_00469990 FUN_00469ef0"
0046a510,FUN_0046a510,570,0,"FUN_00406ea0 FUN_00406ee0 FUN_00406fa0 FUN_00406fe0 FUN_00407080 FUN_00407180 FUN_004293f0 FUN_00463330 FUN_00463440 FUN_00469ef0"
0046a750,FUN_0046a750,45,0,"FUN_004630c0 FUN_004630d0"
0046a780,FUN_0046a780,3036,0,"FUN_00401180 FUN_004012a0"
0046b370,FUN_0046b370,170,0,"FUN_0044be10"
0046b420,FUN_0046b420,43,0,""
0046b450,FUN_0046b450,58,0,""
0046b490,FUN_0046b490,163,0,"FUN_00401af0 FUN_00401bd0 FUN_0043f3f0 __security_check_cookie wsprintfA"
0046b540,FUN_0046b540,157,0,"FUN_0042f380 FUN_0046b540"
0046b5dd,Catch_All@0046b5dd,21,0,"FUN_00439950 __CxxThrowException@8"
0046b600,FUN_0046b600,273,0,"FUN_0057a500 FUN_0072db10 FUN_0081ff70 _free"
0046b730,FUN_0046b730,27,0,"FUN_0046b600 _free"
0046b750,FUN_0046b750,22,0,"FUN_00609410"
0046b770,FUN_0046b770,117,0,"FUN_0046b540"
0046b7f0,FUN_0046b7f0,287,0,"FUN_004232f0 FUN_00609410"
0046b910,FUN_0046b910,5,0,""
0046b920,FUN_0046b920,117,0,"FUN_00401670 FUN_00402200 __CxxThrowException@8"
0046b9a0,FUN_0046b9a0,1525,0,"FUN_0040a340 FUN_00435d80 FUN_00436620 FUN_00438bb0 FUN_00468c80 FUN_00469990 FUN_0046cac0 FUN_0046d950 FUN_0081ff70"
0046bfa0,FUN_0046bfa0,17,0,"FUN_00463250 _free"
0046bfc0,FUN_0046bfc0,211,0,"FUN_004106e0 FUN_00413e90 FUN_00421370 FUN_0081ff70"
0046c093,Catch_All@0046c093,17,0,"FUN_005b8f20 __CxxThrowException@8"
0046c0b0,FUN_0046c0b0,381,0,"FUN_00405030 FUN_00417510 FUN_00435bb0 FUN_0043f3f0 FUN_004679e0 FUN_0046b490 FUN_0046eb80 __security_check_cookie wsprintfA"
0046c230,FUN_0046c230,124,0,"FUN_0041ec90 FUN_0046b770"
0046c2ac,Catch_All@0046c2ac,17,0,"FUN_0041f210 __CxxThrowException@8"
0046c2c0,FUN_0046c2c0,101,0,"FUN_00431dc0 FUN_00433a50 thunk_FUN_004373b0"
0046c330,FUN_0046c330,575,0,"FUN_00431d40 FUN_00435d50 FUN_00463300 FUN_0046b7f0 FUN_0046bfc0 FUN_0046c230 FUN_0081fbdc `vector_constructor_iterator' thunk_FUN_0081fbdc"
0046c570,FUN_0046c570,500,0,"FUN_00401bd0 FUN_00405110 FUN_0040c580 FUN_0040c660 FUN_00413c70 FUN_0046b920 FUN_0081ff70 _free"
0046c8e0,FUN_0046c8e0,480,0,""
0046cac0,FUN_0046cac0,57,0,""
0046cb00,FUN_0046cb00,282,0,"FUN_004393b0"
0046cc30,FUN_0046cc30,92,0,"FUN_0081ff70"
0046cc90,FUN_0046cc90,955,0,"FUN_0042a950 FUN_0081ff70 __security_check_cookie"
0046d050,FUN_0046d050,1339,0,"FUN_0042ab50 FUN_0042b930 FUN_0042b9b0 FUN_0042ca80 FUN_0042cf90 FUN_0046cc30 FUN_0081ff70"
0046d204,Catch_All@0046d204,33,0,"FUN_0042ab10 __CxxThrowException@8"
0046d488,Catch_All@0046d488,32,0,"FUN_0042a5c0 __CxxThrowException@8"
0046d5d0,FUN_0046d5d0,696,0,"FUN_004099f0 FUN_0042cf90 FUN_00469ef0 FUN_00469f10 FUN_0046c8e0 FUN_0046cac0 FUN_0046cb00"
0046d890,FUN_0046d890,183,0,"FUN_0042bc40 FUN_0046d050 FUN_0081ff70"
0046d950,FUN_0046d950,136,0,"FUN_0046d890"
0046d9e0,FUN_0046d9e0,11,0,""
0046d9f0,FUN_0046d9f0,11,0,""
0046da00,FUN_0046da00,49,0,""
0046da40,FUN_0046da40,1058,0,"FUN_0042ee80 FUN_0043df50 FUN_0046c0b0 FUN_004ae5f0 FUN_004d2780 FUN_004ff4f0 FUN_00524850 FUN_005563c0 FUN_0057ae70 FUN_0059bf90 FUN_005b9760 FUN_005deda0 FUN_00609d40 FUN_00633e90 FUN_006580c0 FUN_0067d7e0 FUN_0069c4f0 FUN_006c1330 FUN_006fb830 FUN_0072e470 FUN_0074ca60 FUN_00784190 FUN_007b78c0 FUN_007ec4c0 FUN_0081fbdc"
0046dec0,FUN_0046dec0,323,0,"FUN_00463ce0 FUN_0081ff70"
0046e010,FUN_0046e010,187,0,"FUN_00463550 FUN_0046a240 FUN_0046a330 FUN_0081ff70"
0046e0d0,FUN_0046e0d0,382,0,"FUN_00404d60 FUN_00404db0 FUN_0081ff70"
0046e250,FUN_0046e250,133,0,"FUN_0081ff70"
0046e2e0,FUN_0046e2e0,84,0,"FUN_0081ff70"
0046e340,FUN_0046e340,71,0,"FUN_00463100 FUN_0081ff70"
0046e390,FUN_0046e390,71,0,"FUN_0046ed90 FUN_0081ff70"
0046e3e0,FUN_0046e3e0,59,0,"FUN_0081fbdc"
0046e420,FUN_0046e420,267,0,"CloseHandle FUN_00414d30 FUN_0081ff70 SetEvent _free"
0046e5c0,FUN_0046e5c0,136,0,"FUN_0046da40 FUN_0081ff70 WaitForSingleObject _free"
0046e650,FUN_0046e650,120,0,"FUN_0081ff70 WaitForSingleObject _free"
0046e710,FUN_0046e710,160,0,"FUN_00401670 FUN_00402200 __CxxThrowException@8"
0046e7b0,FUN_0046e7b0,50,0,"FUN_0046e3e0 FUN_0046e710"
0046e7f0,FUN_0046e7f0,50,0,"FUN_0047d030 FUN_006fb680"
0046e830,FUN_0046e830,227,0,"CreateEventA FUN_00414cd0 FUN_00414cf0 FUN_00414d80 FUN_004704e0 FUN_00609410"
0046e920,FUN_0046e920,184,0,"FUN_0047d030 FUN_006fb680 FUN_0081ff70 SetEvent _memmove_s"
0046e9e0,FUN_0046e9e0,100,0,"FUN_00464ee0 FUN_007ebdf0 FUN_0081ff70"
0046ea50,FUN_0046ea50,69,0,"FUN_0046e7f0 FUN_0046e9e0"
0046eaa0,FUN_0046eaa0,38,0,"FUN_0046e9e0"
0046ead0,FUN_0046ead0,88,0,"FUN_0046da40 FUN_0046e7b0 FUN_0046ea50 SetEvent"
0046eb30,FUN_0046eb30,66,0,""
0046eb80,FUN_0046eb80,199,0,"FUN_00405030 FUN_0043f3f0 __security_check_cookie wsprintfA"
0046ec50,FUN_0046ec50,50,0,""
0046ec90,FUN_0046ec90,248,0,"FUN_004096a0"
0046ed90,FUN_0046ed90,45,0,""
0046edc0,FUN_0046edc0,96,0,"FUN_00405110"
0046ee20,FUN_0046ee20,33,0,""
0046ee50,FUN_0046ee50,64,0,"FUN_0081ff70"
0046ee90,FUN_0046ee90,407,0,"FUN_0081ff70"
0046f040,FUN_0046f040,825,0,"FUN_0081ff70"
0046f380,FUN_0046f380,362,0,"FUN_00404ad0 FUN_00404af0 FUN_00404b80 FUN_00406ea0 FUN_00406ee0 FUN_00429440 FUN_007fb080 FUN_0081ff70"
0046f4f0,FUN_0046f4f0,56,0,"FUN_00456900"
0046f530,FUN_0046f530,56,0,"FUN_00456900"
0046f570,FUN_0046f570,90,0,"FUN_0046f4f0"
0046f5d0,FUN_0046f5d0,94,0,"FUN_0046f530"
0046f630,FUN_0046f630,66,0,"FUN_00456670"
0046f680,FUN_0046f680,41,0,"FUN_00456900"
0046f6b0,FUN_0046f6b0,54,0,"FUN_00456670"
0046f6f0,FUN_0046f6f0,129,0,"FUN_0046f570 FUN_0081ff70"
0046f780,FUN_0046f780,43,0,"FUN_0046f5d0"
0046f7b0,FUN_0046f7b0,365,0,"FUN_00405110 FUN_0081ff70 _free"
0046f930,FUN_0046f930,58,0,"FUN_0046f6b0"
0046f970,FUN_0046f970,27,0,"FUN_0046f7b0 _free"
0046f990,FUN_0046f990,41,0,"FUN_0046f630"
0046f9c0,FUN_0046f9c0,115,0,""
0046fa40,FUN_0046fa40,749,0,"FUN_0042be20 FUN_00439620 FUN_00439990 FUN_00456670 FUN_0046ee20 FUN_0046f630 FUN_0046f680 FUN_0046f780 FUN_0046f930 FUN_0046f990 _free"
0046fc3d,Catch_All@0046fc3d,22,0,"FUN_00439990 _free"
0046fd03,Catch_All@0046fd03,38,0,"FUN_00439990 __CxxThrowException@8"
0046fd80,FUN_0046fd80,186,0,"FUN_00456670 FUN_0046f6f0 FUN_0046fa40 FUN_0081ff70"
0046fe40,FUN_0046fe40,1013,0,"FUN_00405030 FUN_00406c60 FUN_0040c5f0 FUN_0046fd80 FUN_0081ff70 __security_check_cookie wsprintfA"
00470240,FUN_00470240,670,0,"FUN_004010f0 FUN_00405190 FUN_00405200"
004704e0,FUN_004704e0,26,0,"FUN_0081fbdc"
00470500,FUN_00470500,99,0,"FUN_00470240 FUN_00477640 FUN_00477800 FUN_0081ff70"
00470570,FUN_00470570,80,0,"FUN_00477640 FUN_0081ff70"
004705d0,FUN_004705d0,80,0,"FUN_00477640 FUN_0081ff70"
00470630,FUN_00470630,51,0,"FUN_0081ff70"
00470670,FUN_00470670,365,0,"CloseHandle FUN_00414d30 FUN_00418160 FUN_004181e0 FUN_0072db10 FUN_0081ff70 SetEvent _free thunk_FUN_00414d30"
004707f0,FUN_004707f0,120,0,"FUN_0081ff70 WaitForSingleObject _free"
00470890,FUN_00470890,325,0,"FUN_0047d030 FUN_006fb680 FUN_0081ff70 SetEvent _free"
004709e0,FUN_004709e0,1108,0,"FUN_0046f040 FUN_00478110 FUN_0047d030 FUN_0057a500 FUN_006dcf60 FUN_006fb680 FUN_0081ff70 SetEvent"
00470e40,FUN_00470e40,1415,0,"FUN_0046ee90 FUN_00471c50 FUN_00472230 FUN_00472640 FUN_00473270 FUN_00473af0 FUN_00474f70 FUN_00475eb0 FUN_00476990 FUN_00477310 FUN_00477550 FUN_0047d030 FUN_006fb680 FUN_0081fbdc FUN_0081ff70"
00471460,FUN_00471460,139,0,"FUN_00470e40 FUN_0081ff70 WaitForSingleObject _free"
00471500,FUN_00471500,140,0,"FUN_00430c60 FUN_0043df50 FUN_0046e7b0 FUN_00470e40 SetEvent"
004715b0,FUN_004715b0,279,0,"CreateEventA FUN_00414cd0 FUN_00414cf0 FUN_00414d80 FUN_00418150 FUN_00418190 FUN_004704e0 FUN_00609410"
004716d0,FUN_004716d0,1403,0,"FUN_00404af0 FUN_00404b80 FUN_00406ea0 FUN_00406ee0 FUN_00406fa0 FUN_00407040 FUN_004070e0 FUN_00429440 FUN_0046f380 FUN_007fb080 FUN_0081ff70"
00471c50,FUN_00471c50,919,0,"FUN_00405030 FUN_00406c60 FUN_0040c5f0 FUN_0046f9c0 FUN_0046fd80 FUN_0046fe40 FUN_0081ff70 __security_check_cookie wsprintfA"
00471ff0,FUN_00471ff0,33,0,"FUN_0046f7b0 _free"
00472020,FUN_00472020,515,0,"FUN_00404ad0 FUN_00404af0 FUN_00404b80 FUN_00406e40 FUN_00406ea0 FUN_00406ee0 FUN_00406fa0 FUN_00407040 FUN_004070e0 FUN_00429440 FUN_007fb080 FUN_0081ff70"
00472230,FUN_00472230,336,0,"FUN_00405030 FUN_00406c60 FUN_0040c5f0 FUN_0046f9c0 FUN_0046fd80 FUN_0046fe40 FUN_0081ff70"
00472380,FUN_00472380,33,0,"FUN_0046f7b0 _free"
004723b0,FUN_004723b0,54,0,""
004723f0,FUN_004723f0,589,0,"FUN_00404af0 FUN_00406ea0 FUN_00406ee0 FUN_00407180 FUN_00429440 FUN_0046f380 FUN_007fb080 FUN_0081ff70"
00472640,FUN_00472640,514,0,"FUN_00405030 FUN_00406c60 FUN_0040c5f0 FUN_0046f9c0 FUN_0046fd80 FUN_0046fe40 FUN_0081ff70"
00472850,FUN_00472850,33,0,"FUN_0046f7b0 _free"
00472880,FUN_00472880,107,0,"FUN_00406fa0 FUN_00407040 FUN_004070e0 FUN_00407180"
004728f0,FUN_004728f0,1536,0,"FUN_00404af0 FUN_00404b80 FUN_00406ea0 FUN_00406ee0 FUN_00406fa0 FUN_00407040 FUN_004070e0 FUN_00407180 FUN_004075d0 FUN_004096a0 FUN_00429440 FUN_0081ff70"
00472ef0,FUN_00472ef0,889,0,"FUN_00404ad0 FUN_00404af0 FUN_00404b80 FUN_00404d60 FUN_00404db0 FUN_00406ea0 FUN_00406ee0 FUN_00406fa0 FUN_00407040 FUN_004070e0 FUN_004075d0 FUN_004096a0 FUN_00429440 FUN_0081ff70"
00473270,FUN_00473270,869,0,"FUN_00405030 FUN_00406c60 FUN_0040c5f0 FUN_0046f9c0 FUN_0046fd80 FUN_0046fe40 FUN_0081ff70"
004735e0,FUN_004735e0,33,0,"FUN_0046f7b0 _free"
00473610,FUN_00473610,15,0,""
00473620,FUN_00473620,1218,0,"FUN_00404ad0 FUN_00404af0 FUN_00404b80 FUN_00406ea0 FUN_00406ee0 FUN_00406fa0 FUN_00407040 FUN_004070e0 FUN_00429440 FUN_007fb080 FUN_0081ff70"
00473af0,FUN_00473af0,1053,0,"FUN_00405030 FUN_00406c60 FUN_0040c580 FUN_0040c5f0 FUN_0040cb60 FUN_0046f9c0 FUN_0046fd80 FUN_0081ff70 __security_check_cookie wsprintfA"
00473f10,FUN_00473f10,33,0,"FUN_0046f7b0 _free"
00473f40,FUN_00473f40,5,0,""
00473f50,FUN_00473f50,98,0,"FUN_00406fa0 FUN_00407040 FUN_004070e0 FUN_00407180"
00473fc0,FUN_00473fc0,3399,0,"FUN_00404ad0 FUN_00404af0 FUN_00404b80 FUN_00406ea0 FUN_00406ee0 FUN_00406fa0 FUN_00407040 FUN_004070e0 FUN_00429440 FUN_007fb080 FUN_0081ff70 FUN_00820230 FUN_008214da"
00474d10,FUN_00474d10,604,0,"FUN_00404ad0 FUN_00404af0 FUN_00404b80 FUN_00404d60 FUN_00404db0 FUN_00406ea0 FUN_00406ee0 FUN_00406fa0 FUN_00407040 FUN_004070e0 FUN_00429440 FUN_007fb080 FUN_0081ff70 FUN_008214da"
00474f70,FUN_00474f70,2020,0,"FUN_00405030 FUN_00406c60 FUN_0040c580 FUN_0040c5f0 FUN_0040cb60 FUN_0046f9c0 FUN_0046fd80 FUN_0081ff70 __security_check_cookie wsprintfA"
00475760,FUN_00475760,33,0,"FUN_0046f7b0 _free"
00475790,FUN_00475790,1,0,""
004757a0,FUN_004757a0,1795,0,"FUN_004012a0 FUN_00404af0 FUN_00406ea0 FUN_00406ee0 FUN_00407180 FUN_00429440 FUN_0046f380 FUN_007fb080 FUN_0081ff70 FUN_00820230"
00475eb0,FUN_00475eb0,883,0,"FUN_00405030 FUN_00406c60 FUN_0040c5f0 FUN_0046f9c0 FUN_0046fd80 FUN_0046fe40 FUN_0081ff70"
00476230,FUN_00476230,33,0,"FUN_0046f7b0 _free"
00476260,FUN_00476260,85,0,""
004762c0,FUN_004762c0,1738,0,"FUN_004012a0 FUN_00404af0 FUN_00406ea0 FUN_00406ee0 FUN_00407180 FUN_00429440 FUN_0046f380 FUN_007fb080 FUN_0081ff70 FUN_00820230"
00476990,FUN_00476990,707,0,"FUN_00405030 FUN_00406c60 FUN_0040c5f0 FUN_0046f9c0 FUN_0046fd80 FUN_0046fe40 FUN_0081ff70"
00476c60,FUN_00476c60,33,0,"FUN_0046f7b0 _free"
00476c90,FUN_00476c90,81,0,""
00476cf0,FUN_00476cf0,107,0,"FUN_00406fa0 FUN_00407040 FUN_004070e0 FUN_00407180"
00476d60,FUN_00476d60,1441,0,"FUN_004012a0 FUN_00404af0 FUN_00406ea0 FUN_00406ee0 FUN_00429440 FUN_0046f380 FUN_007fb080 FUN_0081ff70 FUN_00820230"
00477310,FUN_00477310,527,0,"FUN_00405030 FUN_00406c60 FUN_0040c5f0 FUN_0046f9c0 FUN_0046fd80 FUN_0046fe40 FUN_0081ff70"
00477520,FUN_00477520,33,0,"FUN_0046f7b0 _free"
00477550,FUN_00477550,102,0,"FUN_0046f9c0 FUN_0046fe40"
004775c0,FUN_004775c0,33,0,"FUN_0046f7b0 _free"
004775f0,thunk_FUN_0046f380,5,0,""
00477600,FUN_00477600,49,0,""
00477640,FUN_00477640,11,0,""
00477650,FUN_00477650,137,0,"FUN_0081ff70"
004776e0,FUN_004776e0,196,0,"FUN_0081ff70"
004777b0,FUN_004777b0,30,0,""
004777d0,FUN_004777d0,37,0,"_memmove_s"
00477800,FUN_00477800,511,0,"FUN_004012a0 FUN_00404ad0 FUN_00404af0 FUN_00404b80 FUN_00406ea0 FUN_00406ee0 FUN_00406fa0 FUN_00407040 FUN_004070e0 FUN_004075d0 FUN_00429440 FUN_0081ff70"
00477a00,FUN_00477a00,114,0,""
00477a80,FUN_00477a80,187,0,"FUN_004776e0 FUN_0081ff70"
00477b40,FUN_00477b40,38,0,"_memmove_s"
00477b70,FUN_00477b70,115,0,"FUN_00477a80"
00477bf0,FUN_00477bf0,46,0,""
00477c20,FUN_00477c20,472,0,"FUN_00433f10 FUN_00477b70 FUN_0081ff70"
00477e00,FUN_00477e00,418,0,"FUN_004028f0 FUN_0042be20 FUN_004777b0 FUN_004777d0 FUN_00477b40 FUN_00477bf0 _free _memmove_s"
00477fb0,FUN_00477fb0,340,0,"FUN_0044dc00 FUN_00479090 _free _memmove_s"
00478110,FUN_00478110,325,0,"FUN_00477c20 FUN_0081ff70"
00478260,FUN_00478260,120,0,"FUN_00477fb0 FUN_0081fbdc"
004782e0,FUN_004782e0,132,0,"FUN_004028f0 FUN_0042be20 FUN_0081ff70 _memmove_s"
00478370,FUN_00478370,153,0,"FUN_0046ee50 FUN_00477a00 FUN_00478260 FUN_0081ff70"
00478410,FUN_00478410,29,0,"FUN_00478370"
00478430,FUN_00478430,145,0,"FUN_004782e0 FUN_0081fbdc"
004784c1,Catch_All@004784c1,9,0,"_free"
004784e0,FUN_004784e0,123,0,"FUN_00405110 FUN_0043a880 FUN_0081ff70"
00478560,FUN_00478560,94,0,"FUN_00433a50 FUN_00478370 FUN_0047e1d0"
004785c0,FUN_004785c0,509,0,"FUN_00401670 FUN_00402200 FUN_004394c0 FUN_00439550 FUN_00478430 __CxxThrowException@8"
004787c0,FUN_004787c0,185,0,"FUN_00477650 FUN_004785c0"
00478880,FUN_00478880,928,0,"FUN_00405030 FUN_00406c60 FUN_0040c5f0 FUN_0040f370 FUN_0040f6a0 FUN_0040f8a0 FUN_0040ffd0 FUN_00433a50 FUN_0046fd80 FUN_00477e00 FUN_004782e0 FUN_00478370 FUN_004787c0 FUN_0047e1d0 FUN_0081ff70 __security_check_cookie _free wsprintfA"
00478c40,FUN_00478c40,7,0,""
00478c50,FUN_00478c50,31,0,""
00478c70,FUN_00478c70,10,0,"FUN_00820230"
00478c80,FUN_00478c80,6,0,""
00478c90,FUN_00478c90,413,0,"FUN_0081ff70"
00478e30,FUN_00478e30,156,0,"FUN_00404b80 FUN_00478c90"
00478ed0,FUN_00478ed0,26,0,"FUN_00433a50"
00478ef0,FUN_00478ef0,401,0,"FUN_0044e2b0 FUN_0081fbdc _free"
00479090,FUN_00479090,117,0,"FUN_00401670 FUN_00402200 __CxxThrowException@8"
00479110,FUN_00479110,338,0,"FUN_0044dc00 FUN_00479090 _free _memmove_s"
00479270,FUN_00479270,101,0,"FUN_00479110 FUN_0081fbdc"
004792e0,FUN_004792e0,572,0,"FUN_004096d0 FUN_00479270 FUN_0081ff70"
00479520,FUN_00479520,279,0,"FUN_00429560 FUN_0042a2d0 FUN_00439770 FUN_0046b450 FUN_0046d9e0 FUN_0046eaa0 FUN_00478560 FUN_00479d20 _memset"
00479640,FUN_00479640,105,0,"FUN_0042a310 FUN_0043dea0 FUN_004709e0"
004796b0,FUN_004796b0,11,0,"FUN_0046dec0"
004796c0,FUN_004796c0,11,0,"FUN_0046e010"
004796d0,FUN_004796d0,51,0,"FUN_00428e20 FUN_00429040"
00479710,FUN_00479710,127,0,""
004797a0,FUN_004797a0,219,0,""
00479880,FUN_00479880,138,0,"`eh_vector_destructor_iterator'"
00479910,FUN_00479910,147,0,"`eh_vector_constructor_iterator'"
004799b0,FUN_004799b0,93,0,"FUN_00478ed0"
00479a10,FUN_00479a10,139,0,""
00479aa0,FUN_00479aa0,333,0,"FUN_00820230"
00479bf0,FUN_00479bf0,67,0,"FUN_00479a10"
00479c40,FUN_00479c40,110,0,"FUN_00479a10"
00479cb0,FUN_00479cb0,100,0,""
00479d20,FUN_00479d20,23,0,""
00479d40,FUN_00479d40,91,0,""
00479da0,FUN_00479da0,97,0,"FUN_00479aa0"
00479e10,FUN_00479e10,240,0,"FUN_00479bf0"
00479f00,FUN_00479f00,142,0,""
00479f90,FUN_00479f90,161,0,""
0047a040,FUN_0047a040,194,0,"FUN_00479a10 FUN_00479e10"
0047a110,FUN_0047a110,1179,0,"FUN_00479c40 FUN_00479f00 FUN_00479f90"
0047a5b0,FUN_0047a5b0,398,0,"FUN_00479a10 FUN_00479e10 FUN_0047a110"
0047a740,FUN_0047a740,398,0,"FUN_00479a10 FUN_00479e10 FUN_0047a110"
0047a8d0,FUN_0047a8d0,209,0,"FUN_00404af0 FUN_00404b80 FUN_0046e0d0 FUN_0046e250 FUN_0046e2e0 FUN_0046e340 FUN_0046e390 FUN_00470500 FUN_00470570 FUN_004705d0"
0047a9b0,FUN_0047a9b0,39,0,"FUN_004010c0 FUN_0043e320 FUN_0047a8d0"
0047a9e0,FUN_0047a9e0,98,0,""
0047aa50,FUN_0047aa50,1910,0,"FUN_00438bb0 FUN_00439850 FUN_0043dea0 FUN_0043e1e0 FUN_00464a80 FUN_00468b00 FUN_00469e80 FUN_00469ef0 FUN_004799b0 FUN_00479cb0 FUN_00479d20 FUN_00820230"
0047b1d0,FUN_0047b1d0,405,0,"FUN_00463d90 FUN_00468b00 FUN_00469ef0 FUN_004799b0 FUN_00820230"
0047b370,FUN_0047b370,275,0,"FUN_0043e1e0 FUN_00463a00 FUN_00468b00 FUN_00469e80 FUN_004799b0 FUN_00479cb0 FUN_00479d20 FUN_00820230"
0047b490,FUN_0047b490,308,0,"FUN_00479cb0 FUN_00479d20 FUN_0047a9e0"
0047b5d0,FUN_0047b5d0,143,0,"FUN_00479d20"
0047b660,FUN_0047b660,144,0,"FUN_0043e1e0 FUN_00479cb0 FUN_00479d20 FUN_0047a5b0"
0047b6f0,FUN_0047b6f0,93,0,"FUN_00465100 FUN_00479d20 FUN_0047a740"
0047b750,FUN_0047b750,237,0,"FUN_00464f70 FUN_00479d20 FUN_0047a740"
0047b840,FUN_0047b840,1862,0,"FUN_004393b0 FUN_004393f0 FUN_00479d20 FUN_00479d40 FUN_00479da0"
0047bf90,FUN_0047bf90,840,0,"FUN_0043e1e0 FUN_00464ab0 FUN_00468b00 FUN_00469e80 FUN_00469ef0 FUN_00469f70 FUN_004799b0 FUN_00479cb0 FUN_00479d20 FUN_0047b370 FUN_00820230"
0047c2e0,FUN_0047c2e0,678,0,"FUN_0043e1e0 FUN_00464ab0 FUN_00468b00 FUN_00469e80 FUN_00469ef0 FUN_004799b0 FUN_00479cb0 FUN_00479d20 FUN_0047b370 FUN_00820230"
0047c590,FUN_0047c590,446,0,"FUN_00438bb0 FUN_00463530 FUN_00469f70 FUN_0047bf90 FUN_0047c2e0"
0047c770,FUN_0047c770,234,0,"FUN_0047a040 FUN_0047a5b0 FUN_0047aa50 FUN_0047b490 FUN_0047b5d0 FUN_0047c590"
0047c860,FUN_0047c860,302,0,"FUN_0044dae0 FUN_00464dd0 FUN_00464e00 FUN_00465020 FUN_0046a200 FUN_0047c770"
0047c990,FUN_0047c990,213,0,"FUN_00465020 FUN_0047b660 FUN_0081ff70"
0047ca70,FUN_0047ca70,247,0,"FUN_00464e00 FUN_0047b6f0 FUN_0081ff70"
0047cb70,FUN_0047cb70,686,0,"FUN_0047b750 FUN_0081ff70"
0047ce20,FUN_0047ce20,525,0,"FUN_0047c990 FUN_0047ca70 FUN_0081ff70"
0047d030,FUN_0047d030,160,0,"FUN_00401670 FUN_00402200 __CxxThrowException@8"
0047d0d0,FUN_0047d0d0,1512,0,"FUN_00465e10 FUN_004691f0 FUN_0047c860 FUN_0047cb70 FUN_0047ce20 FUN_0047d030 FUN_006fb680 FUN_0081ff70 _free"
0047d6f0,FUN_0047d6f0,168,0,"FUN_00436180 FUN_004792e0 FUN_0047f280"
0047d7a0,FUN_0047d7a0,1221,0,"FUN_00404b80 FUN_00404de0 FUN_004096d0 FUN_00435f80 FUN_0043e010 FUN_0043e0a0 FUN_0043e0c0 FUN_00478e30 FUN_0047fa60"
0047dc80,FUN_0047dc80,33,0,"FUN_00478ef0"
0047dcb0,FUN_0047dcb0,60,0,"FUN_00478c40"
0047dcf0,FUN_0047dcf0,49,0,""
0047dd30,FUN_0047dd30,47,0,""
0047dd80,FUN_0047dd80,105,0,""
0047de20,FUN_0047de20,144,0,"FUN_0043ec80 FUN_0047dd80 FUN_0081ff70"
0047deb0,FUN_0047deb0,225,0,"FUN_0044e2b0 FUN_00478ef0 FUN_0047f070 FUN_0081fbdc _free"
0047dfa0,FUN_0047dfa0,178,0,"FUN_0040af10 FUN_0081ff70 _free"
0047e0b0,FUN_0047e0b0,27,0,"FUN_0047dfa0 _free"
0047e0d0,FUN_0047e0d0,130,0,"FUN_0040aec0 FUN_00412c80"
0047e160,FUN_0047e160,103,0,"FUN_0047e0d0 FUN_00609410"
0047e1d0,FUN_0047e1d0,112,0,"FUN_0045ed10 FUN_0081ff70 _free"
0047e250,thunk_FUN_00422bc0,5,0,""
0047e260,FUN_0047e260,204,0,"FUN_00435f10 FUN_00478c50 FUN_0047e1d0 FUN_0047ede0"
0047e340,FUN_0047e340,100,0,"FUN_0047dfa0 FUN_0047e1d0 FUN_0072db10"
0047e3b0,FUN_0047e3b0,169,0,"FUN_0041ec90 FUN_0047e160"
0047e460,FUN_0047e460,8,0,"FUN_0047ead0"
0047e470,FUN_0047e470,59,0,"FUN_004232f0"
0047e4b0,FUN_0047e4b0,57,0,"_free"
0047e500,FUN_0047e500,434,0,"FUN_00402970 FUN_0040af30 FUN_0040af40 FUN_0040dfc0 FUN_0047e470 FUN_00633660 FUN_007ebdf0 FUN_0081fbdc FUN_0081ff70"
0047e6c0,FUN_0047e6c0,94,0,"FUN_0047d030 FUN_0047e500 FUN_006fb680"
0047e720,FUN_0047e720,117,0,"FUN_0047d030 FUN_0047e1d0 FUN_0047e500 FUN_006fb680"
0047e7a0,FUN_0047e7a0,8,0,"FUN_0047e1d0"
0047e7b0,FUN_0047e7b0,115,0,"FUN_0047e6c0"
0047e830,FUN_0047e830,27,0,"FUN_0047e340 _free"
0047e850,FUN_0047e850,108,0,"FUN_0043a180 _free"
0047e920,FUN_0047e920,195,0,"FUN_00422b20 FUN_0047e3b0 `eh_vector_constructor_iterator'"
0047e9f0,FUN_0047e9f0,185,0,"FUN_00422bc0 FUN_0047e850 `eh_vector_destructor_iterator'"
0047eab0,FUN_0047eab0,27,0,"FUN_0047e9f0 _free"
0047ead0,FUN_0047ead0,27,0,"FUN_0047e850 _free"
0047eaf0,FUN_0047eaf0,119,0,"FUN_0047deb0 FUN_0047e920 `eh_vector_constructor_iterator'"
0047eb70,FUN_0047eb70,35,0,"FUN_0047ed40"
0047eba0,FUN_0047eba0,171,0,"FUN_00478c40 FUN_0047e9f0 `eh_vector_destructor_iterator'"
0047ec50,FUN_0047ec50,30,0,"FUN_0043b460 FUN_0047e720"
0047ec70,FUN_0047ec70,27,0,"FUN_0047eba0 _free"
0047ec90,FUN_0047ec90,35,0,""
0047ecc0,FUN_0047ecc0,118,0,""
0047ed40,FUN_0047ed40,85,0,""
0047eda0,FUN_0047eda0,20,0,""
0047edc0,FUN_0047edc0,27,0,""
0047ede0,FUN_0047ede0,633,0,"FUN_0081fbdc _free"
0047f070,FUN_0047f070,518,0,"FUN_0044e2b0 FUN_00820230"
0047f280,FUN_0047f280,2005,0,"FUN_0081ff70"
0047fa60,FUN_0047fa60,353,0,"FUN_00404b80 FUN_00456c80 FUN_0081ff70"
0047fbd0,FUN_0047fbd0,496,0,"FUN_00409890 FUN_00429040 FUN_0042deb0 FUN_0042dff0 FUN_0042e9d0 FUN_0042f740 FUN_00438880 FUN_0043dea0 FUN_0043df50 FUN_0043e040 FUN_0043e090 FUN_0043e0a0 FUN_0043e0b0 FUN_0043f520 FUN_0043f570 FUN_0043ff10 FUN_004629e0 FUN_00462be0 FUN_00462ea0 FUN_0046ead0 FUN_00470890 FUN_00479520 __security_check_cookie wsprintfA"
0047fdc0,FUN_0047fdc0,20,0,""
0047fde0,FUN_0047fde0,337,0,"FUN_00428e00 FUN_0042deb0 FUN_0042dff0 FUN_0043deb0 FUN_0043e090 FUN_0043e0a0 FUN_004629e0 FUN_0046b450 FUN_0046d9e0 FUN_0046d9f0 FUN_0046da00 FUN_0046ea50 FUN_0046eaa0 FUN_004815c0"
0047ff40,FUN_0047ff40,299,0,"FUN_0042a5e0 FUN_0042adb0 FUN_0042d960 FUN_0043e090 FUN_0043e0a0 FUN_0043e0c0 FUN_0043e1e0 FUN_00444f40 FUN_0046d5d0 FUN_00479710 FUN_004797a0 FUN_0081fbdc thunk_FUN_00444ac0"
00480080,FUN_00480080,107,0,"FUN_00432130 FUN_0043df50 FUN_00479cb0"
004800f0,FUN_004800f0,591,0,"FUN_00432470 FUN_0043df50 FUN_0045bde0 FUN_00462a60 FUN_00468de0 FUN_00468f10 FUN_00481400"
00480340,FUN_00480340,46,0,"FUN_004629d0 FUN_0047a9b0"
00480370,FUN_00480370,889,0,"FUN_00401dc0 FUN_00432580 FUN_0043df50 FUN_0043e8f0 FUN_00449450 FUN_00449740 FUN_00462b50 FUN_0046b420 FUN_0047dd30 FUN_0047de20 FUN_0081fbdc __security_check_cookie thunk_FUN_00444ac0 wsprintfA"
00480730,FUN_00480730,294,0,"FUN_00402200 FUN_00429040 FUN_00429530 FUN_0042f740 FUN_0043df50 FUN_0043e0b0 FUN_0045ffb0 FUN_004629c0 FUN_00462b50 FUN_00462e40 FUN_00479d20 _memset"
00480860,FUN_00480860,129,0,"FUN_0040af30 FUN_0040af40 FUN_0042a940"
004808f0,FUN_004808f0,14,0,"FUN_00479640"
00480900,FUN_00480900,59,0,"FUN_004629c0 FUN_004796b0 FUN_004796c0 FUN_004796d0 FUN_004797a0"
00480940,FUN_00480940,88,0,"FUN_004796b0 FUN_004796c0 FUN_004796d0 FUN_00479710 FUN_0047b840"
004809a0,FUN_004809a0,80,0,"FUN_004796b0 FUN_004796c0 FUN_004796d0 FUN_0047b840 FUN_0047d0d0"
004809f0,FUN_004809f0,194,0,"FUN_004796b0 FUN_004796c0 FUN_004796d0 FUN_004797a0 FUN_0047b840 FUN_0047d0d0"
00480ad0,FUN_00480ad0,88,0,"FUN_004629c0 FUN_004796b0 FUN_004796c0 FUN_004796d0 FUN_004797a0 FUN_0047b840"
00480b30,FUN_00480b30,380,0,"FUN_0042f740 FUN_0043dea0 FUN_0043df40 FUN_0043df50 FUN_0043e0a0 FUN_0043ebe0 FUN_00449740 FUN_004796b0 FUN_004796c0 FUN_004796d0 FUN_004797a0 FUN_0047b840 FUN_0047d0d0 FUN_0081fbdc thunk_FUN_00444ac0"
00480cb0,FUN_00480cb0,325,0,"CloseHandle CreateEventA FUN_0043ddc0 FUN_004629c0 FUN_004796b0 FUN_004796c0 FUN_004796d0 FUN_004797a0 FUN_0047b840 FUN_0047fde0 WaitForSingleObject"
00480e00,FUN_00480e00,513,0,"FUN_0043de30 FUN_0043e050 FUN_0043e090 FUN_0043e0a0 FUN_0043e1e0 FUN_0043e740 FUN_00444f40 FUN_00480860 FUN_00480ad0 FUN_0081fbdc thunk_FUN_00444ac0"
00481030,FUN_00481030,323,0,""
00481180,FUN_00481180,339,0,"FUN_0081fbdc _free"
004812e0,FUN_004812e0,41,0,"FUN_00481180"
00481310,FUN_00481310,115,0,"FUN_0044e2b0"
00481390,FUN_00481390,99,0,"FUN_00436180 FUN_004792e0 FUN_0047f280 FUN_00481030"
00481400,FUN_00481400,11,0,"FUN_00481180"
00481410,FUN_00481410,320,0,"FUN_00404b80 FUN_00404de0 FUN_004096d0 FUN_0041f820 FUN_00435f80 FUN_00478e30 FUN_0047fa60"
00481550,FUN_00481550,97,0,"FUN_0047dc80 FUN_0047f070 FUN_00481310"
004815c0,FUN_004815c0,78,0,"FUN_00435f10 FUN_00478c50 FUN_004812e0"
00481610,FUN_00481610,205,0,"FUN_00435f10 FUN_00478c50 FUN_0047e1d0 FUN_0047ede0 FUN_004812e0"
004816f0,FUN_004816f0,101,0,"FUN_0047e920 FUN_0047ec90 FUN_00481550"
00481760,FUN_00481760,31,0,"FUN_0047ed40"
00481780,FUN_00481780,107,0,"FUN_0047dcb0 FUN_0047e9f0 FUN_0047ecc0"
004817f0,FUN_004817f0,27,0,"FUN_00481780 _free"
00481810,FUN_00481810,334,0,"FUN_00409890 FUN_004099f0 FUN_0042deb0 FUN_0042dff0 FUN_0042e9d0 FUN_0042f740 FUN_00432130 FUN_00438880 FUN_0043dea0 FUN_0043df50 FUN_0043e050 FUN_0043e090 FUN_0043e0a0 FUN_0043fe10 FUN_0046ead0 FUN_00470890 FUN_00479520 __security_check_cookie wsprintfA"
00481960,FUN_00481960,17,0,""
00481980,FUN_00481980,277,0,""
00481aa0,FUN_00481aa0,24,0,"FUN_0043dea0"
00481ac0,FUN_00481ac0,44,0,"FUN_0047a9b0"
00481af0,FUN_00481af0,953,0,"FUN_00402200 FUN_004099f0 FUN_0043f3f0 FUN_0045cd20 FUN_0045ef50 FUN_004608a0 __security_check_cookie wsprintfA"
00481eb0,FUN_00481eb0,648,0,"FUN_00432470 FUN_00432580 FUN_00432820 FUN_0043dea0 FUN_0043df50 FUN_00449740 FUN_0046b420 FUN_0047dd30 FUN_0047de20 FUN_00481af0 FUN_0081fbdc thunk_FUN_00444ac0"
00482170,FUN_00482170,585,0,"FUN_0042a5e0 FUN_0042adb0 FUN_0042aec0 FUN_0042cf90 FUN_0042d960 FUN_0043de30 FUN_0043de50 FUN_0043dea0 FUN_0043e090 FUN_0043e0a0 FUN_0043e0c0 FUN_0043e1e0 FUN_00444f40 FUN_0044a990 FUN_0046d5d0 FUN_0081fbdc thunk_FUN_00444ac0"
004823c0,FUN_004823c0,329,0,"FUN_004099f0 FUN_004388e0 FUN_00439770 FUN_00479640 FUN_00820230"
00482530,FUN_00482530,569,0,"FUN_0043de30 FUN_0043dea0 FUN_0043e050 FUN_0043e090 FUN_0043e0a0 FUN_0043e0c0 FUN_0043e1e0 FUN_0043e740 FUN_00444f40 FUN_0044a990 FUN_00480860 FUN_0081fbdc thunk_FUN_00444ac0"
00482790,FUN_00482790,60,0,"FUN_0043ff10 FUN_004796b0 FUN_004796c0 FUN_004796d0 FUN_0047b840"
004827d0,FUN_004827d0,66,0,"FUN_004796b0 FUN_004796c0 FUN_004796d0 FUN_00479710 FUN_0047b840"
00482820,FUN_00482820,58,0,"FUN_004796b0 FUN_004796c0 FUN_004796d0 FUN_0047b840 FUN_0047d0d0"
00482860,FUN_00482860,133,0,"FUN_004796b0 FUN_004796c0 FUN_004796d0 FUN_00479710 FUN_0047b840 FUN_0047d0d0"
004828f0,FUN_004828f0,111,0,"FUN_0043e0a0 FUN_004796b0 FUN_004796c0 FUN_004796d0 FUN_004797a0 FUN_0047b840 FUN_0047d0d0"
00482960,FUN_00482960,102,0,"FUN_004796b0 FUN_004796c0 FUN_004796d0 FUN_004797a0 FUN_0047b840"
004829d0,FUN_004829d0,198,0,""
00482aa0,FUN_00482aa0,201,0,"FUN_0081ff70"
00482b70,FUN_00482b70,212,0,"FUN_004099f0 FUN_0081ff70"
00482c50,FUN_00482c50,187,0,"FUN_00482aa0 FUN_0081ff70"
00482d10,FUN_00482d10,189,0,"FUN_00438880 FUN_0043deb0 FUN_0043fe10 FUN_0046da00 FUN_0046ea50 FUN_00470890 FUN_00479520 FUN_0057a500 __security_check_cookie wsprintfA"
00482dd0,FUN_00482dd0,121,0,"FUN_004356f0 FUN_0043deb0 FUN_0043e010 FUN_0043e8f0 FUN_0043f520 FUN_0043f570 FUN_00482b70 FUN_0081ff70"
00482e50,FUN_00482e50,331,0,"FUN_00432130 FUN_00432470 FUN_00432580 FUN_0043df50 FUN_00449740 FUN_0047dd30 FUN_00481eb0 FUN_00482dd0 FUN_0081fbdc thunk_FUN_00444ac0"
00482fa0,FUN_00482fa0,115,0,"FUN_00482c50"
00483020,FUN_00483020,469,0,"FUN_00457270 FUN_00482fa0 FUN_0081ff70"
00483200,FUN_00483200,1349,0,"FUN_004099f0 FUN_0042f740 FUN_00433a50 FUN_004356f0 FUN_0043dc10 FUN_0043df50 FUN_0043e010 FUN_0043f520 FUN_0043f570 FUN_0044bfe0 FUN_0047d030 FUN_00481810 FUN_00482b70 FUN_00483020 FUN_006fb680 FUN_0081ff70 _free"
00483760,FUN_00483760,6,0,""
00483770,FUN_00483770,220,0,"FUN_0043ddc0 FUN_0043e180 FUN_0043e280 FUN_0043e2c0 FUN_0043e300 FUN_004796b0 FUN_004796c0 FUN_004796d0 FUN_004797a0 FUN_00482d10"
00483850,FUN_00483850,114,0,"FUN_0043a250 FUN_0081ff70"
004838d0,FUN_004838d0,20,0,"FUN_00483850"
004838f0,FUN_004838f0,67,0,"FUN_00483850"
00483940,FUN_00483940,35,0,"FUN_00483850"
00483970,FUN_00483970,143,0,""
00483a00,FUN_00483a00,116,0,""
00483a80,FUN_00483a80,199,0,"FUN_0043f2f0 FUN_0081ff70"
00483b50,FUN_00483b50,156,0,"FUN_0043f2f0 FUN_0081ff70"
00483bf0,FUN_00483bf0,222,0,"FUN_00404af0 FUN_00406ea0 FUN_00406ee0 FUN_00406fe0 FUN_00407080 FUN_00407180 FUN_004075d0"
00483cd0,FUN_00483cd0,15,0,""
00483ce0,FUN_00483ce0,126,0,"FUN_00820230"
00483d60,FUN_00483d60,76,0,"FUN_00820230"
00483db0,FUN_00483db0,314,0,"FUN_004388e0"
00483f40,FUN_00483f40,11837,0,"FUN_004099f0 FUN_00438bb0 FUN_00438c60 FUN_00438ce0 FUN_004393b0 FUN_00439470 FUN_00439490 FUN_00439770 FUN_004397f0 FUN_00456c80 FUN_004636b0 FUN_004639f0 FUN_004691f0 FUN_0046eb30 FUN_00487ca0 FUN_00487ea0 FUN_00820230"
00486fa0,FUN_00486fa0,18,0,"FUN_008200f0"
00486fc0,FUN_00486fc0,26,0,"FUN_004294d0"
00486fe0,FUN_00486fe0,26,0,"FUN_004294f0"
00487000,FUN_00487000,26,0,"FUN_00429510"
00487020,FUN_00487020,497,0,"FUN_0046cc90"
00487220,FUN_00487220,1082,0,"FUN_004294d0 FUN_00429510 FUN_00438880 FUN_004388b0 FUN_00438930 FUN_004397f0 FUN_0043e280 FUN_0043e2c0 FUN_0043ff10 FUN_004636b0 FUN_00486fe0"
00487740,FUN_00487740,126,0,""
004877c0,FUN_004877c0,165,0,"FUN_00409760"
00487870,FUN_00487870,29,0,"FUN_00820230"
00487890,FUN_00487890,41,0,"FUN_00469b60"
004878c0,FUN_004878c0,51,0,""
00487900,FUN_00487900,141,0,"FUN_0046d950"
00487990,FUN_00487990,282,0,"FUN_00463a00 FUN_0046d950"
00487ab0,FUN_00487ab0,176,0,"FUN_00463a00 FUN_0046d950"
00487b60,FUN_00487b60,50,0,"FUN_0046d950"
00487ba0,FUN_00487ba0,50,0,"FUN_0046d950"
00487be0,FUN_00487be0,55,0,"FUN_0046d950"
00487c20,FUN_00487c20,116,0,""
00487ca0,FUN_00487ca0,493,0,"FUN_004397f0 FUN_00439850"
00487e90,FUN_00487e90,5,0,""
00487ea0,FUN_00487ea0,73,0,"FUN_004397f0"
00487ef0,FUN_00487ef0,5827,0,"FUN_00409580 FUN_004095f0 FUN_004099f0 FUN_00438980 FUN_00438ce0 FUN_004397f0 FUN_00468de0 FUN_00469aa0 FUN_00469ef0 FUN_0046b370 FUN_0046eb30 FUN_00487c20 FUN_00820230"
00489610,FUN_00489610,78,0,"FUN_0043f2f0 FUN_0081ff70"
00489660,FUN_00489660,1044,0,"FUN_00438ce0 FUN_00456c80 FUN_00468b50 FUN_00469c70 FUN_00483d60"
00489ac0,FUN_00489ac0,911,0,"FUN_00438ce0 FUN_00456c80 FUN_00468b50 FUN_00469c70 FUN_00483d60"
00489e90,FUN_00489e90,528,0,"FUN_0046d950 FUN_00489610"
0048a0a0,FUN_0048a0a0,383,0,"FUN_004393b0 FUN_0046d950 FUN_00489610"
0048a220,FUN_0048a220,349,0,"FUN_0046d950 FUN_00489610"
0048a380,FUN_0048a380,234,0,"FUN_0046d950 FUN_00489610"
0048a470,FUN_0048a470,234,0,"FUN_0046d950 FUN_00489610"
0048a560,FUN_0048a560,401,0,"FUN_0046d950 FUN_00489610"
0048a700,FUN_0048a700,2290,0,"FUN_00438ce0 FUN_0043f2f0 FUN_00456c80 FUN_00469c70 FUN_0046d950 FUN_0047a9e0 FUN_00483d60 FUN_00489610 FUN_0081ff70"
0048b000,FUN_0048b000,528,0,"FUN_0046b9a0"
0048b210,FUN_0048b210,4504,0,"FUN_00438ce0 FUN_00439470 FUN_00439490 FUN_004636b0 FUN_0046eb30 FUN_00483db0 FUN_00489660 FUN_00820230"
0048c650,FUN_0048c650,248,0,"FUN_00409580 FUN_004095f0 FUN_00409760 FUN_008200f0"
0048c750,FUN_0048c750,553,0,""
0048c980,FUN_0048c980,452,0,""
0048cb50,FUN_0048cb50,323,0,"FUN_004099f0 FUN_00438c00 FUN_00820230"
0048cca0,FUN_0048cca0,314,0,"FUN_00409760 FUN_00820230"
0048cde0,FUN_0048cde0,66,0,""
0048ce30,FUN_0048ce30,86,0,""
0048ce90,FUN_0048ce90,200,0,"FUN_00438ce0"
0048cf60,FUN_0048cf60,82,0,""
0048cfc0,FUN_0048cfc0,64,0,"FUN_004397f0"
0048d000,FUN_0048d000,2536,0,"FUN_004099f0 FUN_00438c00 FUN_00820230"
0048db20,FUN_0048db20,10221,0,"FUN_00409580 FUN_004095f0 FUN_004099f0 FUN_00438c00 FUN_00438c60 FUN_00438ce0 FUN_00438fc0 FUN_00439470 FUN_00439490 FUN_004397f0 FUN_00466670 FUN_00469ef0 FUN_00469f10 FUN_00469f30 FUN_0048cca0 FUN_00820230"
00490490,FUN_00490490,95064,0,"FUN_00409580 FUN_004095f0 FUN_004096a0 FUN_00409760 FUN_004098d0 FUN_004099f0 FUN_00438bb0 FUN_00438c00 FUN_00438c40 FUN_00438c60 FUN_00438ce0 FUN_004393b0 FUN_00439470 FUN_00439490 FUN_004397f0 FUN_0043ff10 FUN_00456c80 FUN_00463530 FUN_004636b0 FUN_004639f0 FUN_00464980 FUN_00468de0 FUN_00469c70 FUN_0046b370 FUN_0046eb30 FUN_0047a9e0 FUN_00483cd0 FUN_00483d60 FUN_00483db0 FUN_00483f40 FUN_00486fa0 FUN_00487740 FUN_004877c0 FUN_00487870 FUN_00487c20 FUN_00487ca0 FUN_00487e90 FUN_00487ea0 FUN_00820230"
004a7e20,FUN_004a7e20,15999,0,"FUN_00409760 FUN_004098d0 FUN_004099f0 FUN_00456c80 FUN_00820230"
004abee0,FUN_004abee0,1474,0,"FUN_004099f0 FUN_00456c80 FUN_00469ef0 FUN_00487c20"
004ac5c0,FUN_004ac5c0,7,0,""
004ac5d0,FUN_004ac5d0,28,0,"_free"
004ac5f0,FUN_004ac5f0,11,0,"FUN_0046c570"
004ac600,FUN_004ac600,103,0,"FUN_0048b000"
004ac670,FUN_004ac670,4157,0,"FUN_00438bb0 FUN_00438ce0 FUN_00439470 FUN_00439490 FUN_004636b0 FUN_004639f0 FUN_00468de0 FUN_00469c70 FUN_0046b370 FUN_0046eb30 FUN_00483d60 FUN_00483db0 FUN_0048b210"
004adaa0,FUN_004adaa0,119,0,"FUN_00433c60 FUN_0046b600 _free _free"
004adb40,FUN_004adb40,27,0,"FUN_004adaa0 _free"
004adb60,FUN_004adb60,11,0,"FUN_004adaa0"
004adb70,FUN_004adb70,33,0,"FUN_004adaa0 _free"
004adba0,FUN_004adba0,237,0,"FUN_004adaa0 FUN_0057a500 FUN_0072db10 FUN_0081ff70"
004adca0,FUN_004adca0,27,0,"FUN_004adba0 _free"
004adcc0,FUN_004adcc0,78,0,"FUN_0046b7f0"
004add10,FUN_004add10,178,0,"FUN_0040af10 FUN_0081ff70 _free"
004ade20,FUN_004ade20,27,0,"FUN_004add10 _free"
004ade40,FUN_004ade40,113,0,"FUN_004adcc0 FUN_00609410"
004adec0,FUN_004adec0,130,0,"FUN_0040aec0 FUN_00412c80"
004adf50,FUN_004adf50,454,0,"FUN_00402970 FUN_0040af30 FUN_0040af40 FUN_0040dfc0 FUN_004ade40 FUN_00633660 FUN_007ebdf0 FUN_0081fbdc FUN_0081ff70"
004ae120,FUN_004ae120,103,0,"FUN_004adec0 FUN_00609410"
004ae190,FUN_004ae190,94,0,"FUN_0047d030 FUN_004adf50 FUN_006fb680"
004ae1f0,FUN_004ae1f0,100,0,"FUN_004add10 FUN_006339f0 FUN_0072db10"
004ae260,FUN_004ae260,27,0,"FUN_004ae1f0 _free"
004ae280,FUN_004ae280,117,0,"FUN_0047d030 FUN_004adf50 FUN_006339f0 FUN_006fb680"
004ae300,FUN_004ae300,123,0,"FUN_004ae120 FUN_004ae280"
004ae380,FUN_004ae380,76,0,"FUN_00434230"
004ae470,FUN_004ae470,8,0,"FUN_004ae5d0"
004ae480,FUN_004ae480,225,0,"FUN_004ae190 FUN_0074c890 _memcpy thunk_FUN_0081fbdc"
004ae570,FUN_004ae570,81,0,"FUN_004ae1f0"
004ae5d0,FUN_004ae5d0,27,0,"FUN_004ae570 _free"
004ae5f0,FUN_004ae5f0,126,0,"FUN_0046c330 FUN_004ae300 FUN_0081fbdc"
004ae670,FUN_004ae670,9986,0,"FUN_00439850 FUN_00456c80 FUN_00463530 FUN_00468e80 FUN_0046cac0 FUN_0046d950 FUN_00483ce0 FUN_00487890 FUN_004878c0 FUN_00487900 FUN_00487990 FUN_00487ab0 FUN_00487b60 FUN_00487ba0 FUN_00489610 FUN_00489660 FUN_00489e90 FUN_0048a220 FUN_0048a380 FUN_0048a470 FUN_0048a560 FUN_0048a700"
004b0e40,FUN_004b0e40,163,0,"FUN_0081fbdc"
004b0ef0,FUN_004b0ef0,35,0,"FUN_004339c0"
004b0f20,FUN_004b0f20,30,0,"FUN_00433c60 _free"
004b0f50,FUN_004b0f50,271,0,"FUN_00433c30 FUN_00433c60 FUN_00433f90 FUN_0043f2f0 FUN_0081fbdc FUN_0081ff70 _free"
004b1070,FUN_004b1070,39394,0,"FUN_00409580 FUN_004095f0 FUN_004096a0 FUN_004098d0 FUN_004099f0 FUN_00438c00 FUN_00438c60 FUN_00438fc0 FUN_00439470 FUN_004397f0 FUN_00464980 FUN_00469ef0 FUN_0046eb30 FUN_0048c980 FUN_0048cca0 FUN_0048cde0 FUN_0048ce30 FUN_0048ce90 FUN_0048cf60 FUN_0048cfc0 FUN_0048db20 FUN_004b0e40 FUN_004b0ef0 FUN_004b0f20 FUN_004b0f50 FUN_00820230"
004bad30,FUN_004bad30,7407,0,"FUN_004096a0 FUN_00409760 FUN_004098d0 FUN_004099f0 FUN_00438c00 FUN_00438fc0 FUN_0048cb50 FUN_0048cca0 FUN_0048d000 FUN_004b0f50 FUN_00820230"
004bcd00,FUN_004bcd00,1585,0,"FUN_004294d0 FUN_004294f0 FUN_00429510 FUN_00429530 FUN_00438930 FUN_00439470 FUN_004636b0 FUN_00464980 FUN_0046eb30 FUN_00486fe0"
004bd430,FUN_004bd430,77297,0,"FUN_00409580 FUN_004095f0 FUN_00409760 FUN_004098d0 FUN_004099f0 FUN_00438bb0 FUN_00438c60 FUN_00438ce0 FUN_004393b0 FUN_00439490 FUN_004397f0 FUN_00456c80 FUN_00463530 FUN_004636b0 FUN_004639f0 FUN_00464980 FUN_00468de0 FUN_00469c70 FUN_0046b370 FUN_0046eb30 FUN_0047a9e0 FUN_00483cd0 FUN_00483d60 FUN_00483db0 FUN_00483f40 FUN_00487740 FUN_004877c0 FUN_00487870 FUN_00487c20 FUN_00487ca0 FUN_00487e90 FUN_00487ea0 FUN_00820230"
004d07b0,FUN_004d07b0,2108,0,"FUN_004099f0 FUN_00456c80 FUN_00469ef0 FUN_00487c20"
004d1000,FUN_004d1000,72,0,"FUN_0048b000"
004d1050,FUN_004d1050,2899,0,"FUN_00438bb0 FUN_004636b0 FUN_00464980 FUN_0046eb30 FUN_00487c20 FUN_00487ea0 FUN_0048b210"
004d1e60,FUN_004d1e60,237,0,"FUN_004adaa0 FUN_0057a500 FUN_0072db10 FUN_0081ff70"
004d1f60,FUN_004d1f60,27,0,"FUN_004d1e60 _free"
004d1f80,FUN_004d1f80,178,0,"FUN_0040af10 FUN_0081ff70 _free"
004d2090,FUN_004d2090,27,0,"FUN_004d1f80 _free"
004d20b0,FUN_004d20b0,113,0,"FUN_004adcc0 FUN_00609410"
004d2130,FUN_004d2130,130,0,"FUN_0040aec0 FUN_00412c80"
004d21c0,FUN_004d21c0,454,0,"FUN_00402970 FUN_0040af30 FUN_0040af40 FUN_0040dfc0 FUN_004d20b0 FUN_00633660 FUN_007ebdf0 FUN_0081fbdc FUN_0081ff70"
004d2390,FUN_004d2390,103,0,"FUN_004d2130 FUN_00609410"
004d2400,FUN_004d2400,94,0,"FUN_0047d030 FUN_004d21c0 FUN_006fb680"
004d2460,FUN_004d2460,100,0,"FUN_004d1f80 FUN_006339f0 FUN_0072db10"
004d24d0,FUN_004d24d0,27,0,"FUN_004d2460 _free"
004d24f0,FUN_004d24f0,117,0,"FUN_0047d030 FUN_004d21c0 FUN_006339f0 FUN_006fb680"
004d2570,FUN_004d2570,123,0,"FUN_004d2390 FUN_004d24f0"
004d25f0,FUN_004d25f0,8,0,"FUN_004d2760"
004d2600,FUN_004d2600,4,0,""
004d2610,FUN_004d2610,225,0,"FUN_004d2400 FUN_0074c890 _memcpy thunk_FUN_0081fbdc"
004d2700,FUN_004d2700,81,0,"FUN_004d2460"
004d2760,FUN_004d2760,27,0,"FUN_004d2700 _free"
004d2780,FUN_004d2780,126,0,"FUN_0046c330 FUN_004d2570 FUN_0081fbdc"
004d2800,FUN_004d2800,10530,0,"FUN_00439850 FUN_00456c80 FUN_00463530 FUN_00468e80 FUN_0046cac0 FUN_0046d950 FUN_00483ce0 FUN_00487890 FUN_004878c0 FUN_00487900 FUN_00487990 FUN_00487ab0 FUN_00487b60 FUN_00487ba0 FUN_00489610 FUN_00489660 FUN_00489e90 FUN_0048a220 FUN_0048a380 FUN_0048a470 FUN_0048a560 FUN_0048a700"
004d5200,FUN_004d5200,59579,0,"FUN_00409520 FUN_00409580 FUN_004095f0 FUN_00409650 FUN_00409760 FUN_004098d0 FUN_004099f0 FUN_00438c00 FUN_00438c60 FUN_00438ce0 FUN_00438fc0 FUN_00439470 FUN_00439490 FUN_004397f0 FUN_00464980 FUN_00469ef0 FUN_0046eb30 FUN_00486fa0 FUN_0048c980 FUN_0048cca0 FUN_0048cde0 FUN_0048ce30 FUN_0048ce90 FUN_0048cf60 FUN_0048db20 FUN_004b0e40 FUN_004b0ef0 FUN_004b0f50 FUN_00820230"
004e3f60,FUN_004e3f60,12388,0,"FUN_00409580 FUN_004098d0 FUN_004099f0 FUN_00438c00 FUN_00438fc0 FUN_00466670 FUN_0046eb30 FUN_0048cb50 FUN_0048d000 FUN_004b0f50 FUN_00820230"
004e7150,FUN_004e7150,1057,0,"FUN_004294d0 FUN_004294f0 FUN_00429510 FUN_00429530 FUN_00438930 FUN_004636b0 FUN_0046eb30 FUN_00487c20"
004e7650,FUN_004e7650,88980,0,"FUN_00409520 FUN_00409580 FUN_004095f0 FUN_00409760 FUN_004098d0 FUN_004099f0 FUN_00438bb0 FUN_00438c00 FUN_00438c60 FUN_00438ce0 FUN_00439470 FUN_00439490 FUN_004397f0 FUN_00463530 FUN_004636b0 FUN_004639f0 FUN_00464980 FUN_00468de0 FUN_00469c70 FUN_00469ef0 FUN_0046b370 FUN_0046eb30 FUN_0047a9e0 FUN_00483cd0 FUN_00483d60 FUN_00483db0 FUN_00483f40 FUN_00487740 FUN_00487870 FUN_00487c20 FUN_00487ca0 FUN_00487e90 FUN_00487ea0 FUN_00820230"
004fd720,FUN_004fd720,1796,0,"FUN_004099f0 FUN_00456c80 FUN_00487c20"
004fdf70,FUN_004fdf70,72,0,"FUN_0048b000"
004fdfc0,FUN_004fdfc0,2431,0,"FUN_00438bb0 FUN_004636b0 FUN_0048b210"
004febe0,FUN_004febe0,237,0,"FUN_004adaa0 FUN_0057a500 FUN_0072db10 FUN_0081ff70"
004fece0,FUN_004fece0,27,0,"FUN_004febe0 _free"
004fed00,FUN_004fed00,178,0,"FUN_0040af10 FUN_0081ff70 _free"
004fee10,FUN_004fee10,27,0,"FUN_004fed00 _free"
004fee30,FUN_004fee30,113,0,"FUN_004adcc0 FUN_00609410"
004feeb0,FUN_004feeb0,130,0,"FUN_0040aec0 FUN_00412c80"
004fef40,FUN_004fef40,454,0,"FUN_00402970 FUN_0040af30 FUN_0040af40 FUN_0040dfc0 FUN_004fee30 FUN_00633660 FUN_007ebdf0 FUN_0081fbdc FUN_0081ff70"
004ff110,FUN_004ff110,103,0,"FUN_004feeb0 FUN_00609410"
004ff180,FUN_004ff180,94,0,"FUN_0047d030 FUN_004fef40 FUN_006fb680"
004ff1e0,FUN_004ff1e0,100,0,"FUN_004fed00 FUN_006339f0 FUN_0072db10"
004ff250,FUN_004ff250,27,0,"FUN_004ff1e0 _free"
004ff270,FUN_004ff270,117,0,"FUN_0047d030 FUN_004fef40 FUN_006339f0 FUN_006fb680"
004ff2f0,FUN_004ff2f0,123,0,"FUN_004ff110 FUN_004ff270"
004ff370,FUN_004ff370,8,0,"FUN_004ff4d0"
004ff380,FUN_004ff380,225,0,"FUN_004ff180 FUN_0074c890 _memcpy thunk_FUN_0081fbdc"
004ff470,FUN_004ff470,81,0,"FUN_004ff1e0"
004ff4d0,FUN_004ff4d0,27,0,"FUN_004ff470 _free"
004ff4f0,FUN_004ff4f0,126,0,"FUN_0046c330 FUN_004ff2f0 FUN_0081fbdc"
004ff570,FUN_004ff570,9377,0,"FUN_00439850 FUN_00456c80 FUN_00463530 FUN_00468e80 FUN_0046cac0 FUN_0046d950 FUN_00483ce0 FUN_00487890 FUN_004878c0 FUN_00487900 FUN_00487990 FUN_00487ab0 FUN_00487b60 FUN_00487ba0 FUN_00489610 FUN_00489660 FUN_00489e90 FUN_0048a220 FUN_0048a380 FUN_0048a470 FUN_0048a560 FUN_0048a700"
00501ab0,FUN_00501ab0,286,0,"FUN_00433c30 FUN_00433c60 FUN_00433f90 FUN_0043f2f0 FUN_0081fbdc FUN_0081ff70 _free"
00501be0,FUN_00501be0,45088,0,"FUN_00409580 FUN_004095f0 FUN_00409760 FUN_004097a0 FUN_004099f0 FUN_00438c00 FUN_00438c60 FUN_004397f0 FUN_00464980 FUN_00469ef0 FUN_0046eb30 FUN_00486fa0 FUN_0048c980 FUN_0048cca0 FUN_0048cde0 FUN_0048ce90 FUN_0048db20 FUN_004b0ef0 FUN_004b0f20 FUN_004b0f50 FUN_00501ab0 FUN_00820230"
0050ced0,FUN_0050ced0,71,0,"FUN_0047d030 FUN_006fb680"
0050cf20,FUN_0050cf20,11288,0,"FUN_00409580 FUN_004095f0 FUN_00409760 FUN_004099f0 FUN_00438c00 FUN_00464980 FUN_0048cb50 FUN_0048d000 FUN_004b0f50 FUN_0050ced0 FUN_00820230"
0050fca0,FUN_0050fca0,843,0,"FUN_004294d0 FUN_004294f0 FUN_00429510 FUN_00429530 FUN_00438930 FUN_004636b0 FUN_0046eb30"
005100b0,FUN_005100b0,57538,0,"FUN_00409580 FUN_004095f0 FUN_00409760 FUN_004098d0 FUN_004099f0 FUN_0042f680 FUN_00438bb0 FUN_00438c60 FUN_00438ce0 FUN_00439490 FUN_004397f0 FUN_0043df50 FUN_0043e1b0 FUN_00456c80 FUN_00463530 FUN_004636b0 FUN_004639f0 FUN_00464980 FUN_00468de0 FUN_00469c70 FUN_00469ef0 FUN_0046b370 FUN_0046eb30 FUN_0047a9e0 FUN_00483d60 FUN_00483db0 FUN_00483f40 FUN_00487740 FUN_00487870 FUN_00487c20 FUN_00487ca0 FUN_00487e90 FUN_00487ea0 FUN_00820230"
0051e730,FUN_0051e730,16354,0,"FUN_00409760 FUN_004098d0 FUN_004099f0 FUN_00456c80 FUN_00820230"
005229b0,FUN_005229b0,2724,0,"FUN_004099f0 FUN_00456c80 FUN_00469ef0 FUN_00487c20"
00523590,FUN_00523590,78,0,"FUN_0048b000"
005235e0,FUN_005235e0,1761,0,"FUN_00438bb0 FUN_00439490 FUN_004636b0 FUN_0048b210"
00523f40,FUN_00523f40,237,0,"FUN_004adaa0 FUN_0057a500 FUN_0072db10 FUN_0081ff70"
00524040,FUN_00524040,27,0,"FUN_00523f40 _free"
00524060,FUN_00524060,178,0,"FUN_0040af10 FUN_0081ff70 _free"
00524170,FUN_00524170,27,0,"FUN_00524060 _free"
00524190,FUN_00524190,113,0,"FUN_004adcc0 FUN_00609410"
00524210,FUN_00524210,130,0,"FUN_0040aec0 FUN_00412c80"
005242a0,FUN_005242a0,454,0,"FUN_00402970 FUN_0040af30 FUN_0040af40 FUN_0040dfc0 FUN_00524190 FUN_00633660 FUN_007ebdf0 FUN_0081fbdc FUN_0081ff70"
00524470,FUN_00524470,103,0,"FUN_00524210 FUN_00609410"
005244e0,FUN_005244e0,94,0,"FUN_0047d030 FUN_005242a0 FUN_006fb680"
00524540,FUN_00524540,100,0,"FUN_00524060 FUN_006339f0 FUN_0072db10"
005245b0,FUN_005245b0,27,0,"FUN_00524540 _free"
005245d0,FUN_005245d0,117,0,"FUN_0047d030 FUN_005242a0 FUN_006339f0 FUN_006fb680"
00524650,FUN_00524650,123,0,"FUN_00524470 FUN_005245d0"
005246d0,FUN_005246d0,8,0,"FUN_00524830"
005246e0,FUN_005246e0,225,0,"FUN_005244e0 FUN_0074c890 _memcpy thunk_FUN_0081fbdc"
005247d0,FUN_005247d0,81,0,"FUN_00524540"
00524830,FUN_00524830,27,0,"FUN_005247d0 _free"
00524850,FUN_00524850,138,0,"FUN_0046c330 FUN_00524650 FUN_0081fbdc"
005248e0,FUN_005248e0,9820,0,"FUN_00439850 FUN_00456c80 FUN_00463530 FUN_00468e80 FUN_0046cac0 FUN_0046d950 FUN_00483ce0 FUN_00487890 FUN_004878c0 FUN_00487900 FUN_00487990 FUN_00487ab0 FUN_00487b60 FUN_00487ba0 FUN_00489610 FUN_00489660 FUN_00489e90 FUN_0048a220 FUN_0048a380 FUN_0048a470 FUN_0048a560 FUN_0048a700"
00526fe0,FUN_00526fe0,319,0,"FUN_00409760 FUN_008200f0"
00527120,FUN_00527120,343,0,"FUN_00409760 FUN_00438c00"
00527280,FUN_00527280,87757,0,"FUN_00409520 FUN_00409580 FUN_004095f0 FUN_004096a0 FUN_004096d0 FUN_00409760 FUN_004097a0 FUN_004097c0 FUN_004099f0 FUN_00438c00 FUN_00438c60 FUN_00438ce0 FUN_00439470 FUN_00439490 FUN_004397f0 FUN_00464980 FUN_00469ef0 FUN_00486fa0 FUN_0048c750 FUN_0048c980 FUN_0048cca0 FUN_0048cde0 FUN_0048ce30 FUN_0048ce90 FUN_0048db20 FUN_004b0e40 FUN_004b0f20 FUN_00526fe0 FUN_00527120 FUN_00820230"
0053ce80,FUN_0053ce80,15505,0,"FUN_00409760 FUN_004099f0 FUN_00438c00 FUN_00464980 FUN_0048cb50 FUN_0048d000 FUN_004b0f50 FUN_008200f0 FUN_00820230"
00540d00,FUN_00540d00,1209,0,"FUN_004294d0 FUN_004294f0 FUN_00429510 FUN_00429530 FUN_00438930 FUN_004636b0 FUN_0046eb30 FUN_00486fe0"
00541290,FUN_00541290,76242,0,"FUN_00409580 FUN_004095f0 FUN_00409760 FUN_004097a0 FUN_004098d0 FUN_004099f0 FUN_00438bb0 FUN_00438c60 FUN_00438ce0 FUN_00439470 FUN_00439490 FUN_004397f0 FUN_00456c80 FUN_00463530 FUN_004636b0 FUN_004639f0 FUN_00464980 FUN_00468de0 FUN_00469c70 FUN_0046b370 FUN_0046eb30 FUN_0047a9e0 FUN_00483cd0 FUN_00483d60 FUN_00483db0 FUN_00483f40 FUN_00487740 FUN_004877c0 FUN_00487870 FUN_00487c20 FUN_00487ca0 FUN_00487e90 FUN_00487ea0 FUN_00820230"
00554110,FUN_00554110,2598,0,"FUN_004099f0 FUN_00456c80 FUN_00469ef0 FUN_0046eb30 FUN_00487c20 FUN_00820230"
00554c70,FUN_00554c70,110,0,"FUN_0048b000"
00554ce0,FUN_00554ce0,2822,0,"FUN_00438bb0 FUN_00438ce0 FUN_00439490 FUN_004397f0 FUN_004636b0 FUN_004639f0 FUN_00468de0 FUN_0046b370 FUN_0046eb30 FUN_00489ac0 FUN_0048b210"
00555ab0,FUN_00555ab0,237,0,"FUN_004adaa0 FUN_0057a500 FUN_0072db10 FUN_0081ff70"
00555bb0,FUN_00555bb0,27,0,"FUN_00555ab0 _free"
00555bd0,FUN_00555bd0,178,0,"FUN_0040af10 FUN_0081ff70 _free"
00555ce0,FUN_00555ce0,27,0,"FUN_00555bd0 _free"
00555d00,FUN_00555d00,113,0,"FUN_004adcc0 FUN_00609410"
00555d80,FUN_00555d80,130,0,"FUN_0040aec0 FUN_00412c80"
00555e10,FUN_00555e10,454,0,"FUN_00402970 FUN_0040af30 FUN_0040af40 FUN_0040dfc0 FUN_00555d00 FUN_00633660 FUN_007ebdf0 FUN_0081fbdc FUN_0081ff70"
00555fe0,FUN_00555fe0,103,0,"FUN_00555d80 FUN_00609410"
00556050,FUN_00556050,94,0,"FUN_0047d030 FUN_00555e10 FUN_006fb680"
005560b0,FUN_005560b0,100,0,"FUN_00555bd0 FUN_006339f0 FUN_0072db10"
00556120,FUN_00556120,27,0,"FUN_005560b0 _free"
00556140,FUN_00556140,117,0,"FUN_0047d030 FUN_00555e10 FUN_006339f0 FUN_006fb680"
005561c0,FUN_005561c0,123,0,"FUN_00555fe0 FUN_00556140"
00556240,FUN_00556240,8,0,"FUN_005563a0"
00556250,FUN_00556250,225,0,"FUN_00556050 FUN_0074c890 _memcpy thunk_FUN_0081fbdc"
00556340,FUN_00556340,81,0,"FUN_005560b0"
005563a0,FUN_005563a0,27,0,"FUN_00556340 _free"
005563c0,FUN_005563c0,126,0,"FUN_0046c330 FUN_005561c0 FUN_0081fbdc"
00556440,FUN_00556440,10450,0,"FUN_00439850 FUN_00456c80 FUN_00463530 FUN_00468e80 FUN_0046cac0 FUN_0046d950 FUN_00483ce0 FUN_00487890 FUN_004878c0 FUN_00487900 FUN_00487990 FUN_00487ab0 FUN_00487b60 FUN_00487ba0 FUN_00489610 FUN_00489ac0 FUN_00489e90 FUN_0048a220 FUN_0048a380 FUN_0048a470 FUN_0048a560 FUN_0048a700"
00558dc0,FUN_00558dc0,27,0,"_free"
00558df0,FUN_00558df0,63404,0,"FUN_00409520 FUN_00409580 FUN_004095f0 FUN_004096a0 FUN_004096d0 FUN_004096f0 FUN_00409760 FUN_004099f0 FUN_00438c00 FUN_00438c40 FUN_00438c60 FUN_00439470 FUN_004397f0 FUN_00464980 FUN_00466670 FUN_00469ef0 FUN_00469f50 FUN_0048c980 FUN_0048cca0 FUN_0048cde0 FUN_0048ce30 FUN_0048ce90 FUN_0048cf60 FUN_0048cfc0 FUN_0048db20 FUN_004b0e40 FUN_004b0ef0 FUN_004b0f20 FUN_004b0f50 FUN_00558dc0 FUN_00820230"
005689e0,FUN_005689e0,15283,0,"FUN_00409580 FUN_004095f0 FUN_004099f0 FUN_00438c00 FUN_004397f0 FUN_00466670 FUN_0048cb50 FUN_0048d000 FUN_004b0f50 FUN_0050ced0 FUN_00820230"
0056c720,FUN_0056c720,1012,0,"FUN_004294d0 FUN_004294f0 FUN_00429510 FUN_00429530 FUN_00438930 FUN_004636b0 FUN_0046eb30"
0056cbe0,FUN_0056cbe0,49959,0,"FUN_00409580 FUN_004095f0 FUN_00409760 FUN_004098d0 FUN_004099f0 FUN_00438bb0 FUN_00438c00 FUN_00438c60 FUN_00438ce0 FUN_00439470 FUN_00439490 FUN_004397f0 FUN_00463530 FUN_004636b0 FUN_004639f0 FUN_00464980 FUN_00468de0 FUN_00469c70 FUN_0046a750 FUN_0046b370 FUN_0046eb30 FUN_0047a9e0 FUN_00483d60 FUN_00483db0 FUN_00483f40 FUN_00487740 FUN_00487870 FUN_00487c20 FUN_00487ca0 FUN_00487e90 FUN_00487ea0 FUN_00820230"
005793b0,FUN_005793b0,338,0,"FUN_0044dc00 FUN_00479090 _free _memmove_s"
00579510,FUN_00579510,97,0,"FUN_005793b0 FUN_0081fbdc"
00579580,FUN_00579580,198,0,"FUN_00487ef0 FUN_00579510"
00579650,FUN_00579650,1027,0,"FUN_004099f0 FUN_00456c80 FUN_00487c20"
00579b70,FUN_00579b70,97,0,"FUN_0048b000"
00579be0,FUN_00579be0,1765,0,"FUN_00438bb0 FUN_00439490 FUN_004636b0 FUN_00469c70 FUN_0046eb30 FUN_00483d60 FUN_00483db0 FUN_0048b210"
0057a500,FUN_0057a500,87,0,"FUN_0081ff70 _free"
0057a560,FUN_0057a560,237,0,"FUN_004adaa0 FUN_0057a500 FUN_0072db10 FUN_0081ff70"
0057a660,FUN_0057a660,178,0,"FUN_0040af10 FUN_0081ff70 _free"
0057a770,FUN_0057a770,27,0,"FUN_0057a660 _free"
0057a790,FUN_0057a790,113,0,"FUN_004adcc0 FUN_00609410"
0057a810,FUN_0057a810,27,0,"FUN_0057a560 _free"
0057a830,FUN_0057a830,130,0,"FUN_0040aec0 FUN_00412c80"
0057a8c0,FUN_0057a8c0,454,0,"FUN_00402970 FUN_0040af30 FUN_0040af40 FUN_0040dfc0 FUN_0057a790 FUN_00633660 FUN_007ebdf0 FUN_0081fbdc FUN_0081ff70"
0057aa90,FUN_0057aa90,103,0,"FUN_0057a830 FUN_00609410"
0057ab00,FUN_0057ab00,94,0,"FUN_0047d030 FUN_0057a8c0 FUN_006fb680"
0057ab60,FUN_0057ab60,100,0,"FUN_0057a660 FUN_006339f0 FUN_0072db10"
0057abd0,FUN_0057abd0,27,0,"FUN_0057ab60 _free"
0057abf0,FUN_0057abf0,117,0,"FUN_0047d030 FUN_0057a8c0 FUN_006339f0 FUN_006fb680"
0057ac70,FUN_0057ac70,123,0,"FUN_0057aa90 FUN_0057abf0"
0057acf0,FUN_0057acf0,8,0,"FUN_0057ae50"
0057ad00,FUN_0057ad00,225,0,"FUN_0057ab00 FUN_0074c890 _memcpy thunk_FUN_0081fbdc"
0057adf0,FUN_0057adf0,81,0,"FUN_0057ab60"
0057ae50,FUN_0057ae50,27,0,"FUN_0057adf0 _free"
0057ae70,FUN_0057ae70,159,0,"FUN_0046c330 FUN_0057ac70 FUN_0081fbdc"
0057af10,FUN_0057af10,46,0,"FUN_00433a50 FUN_0046c570 _free"
0057af50,FUN_0057af50,8163,0,"FUN_00439850 FUN_00456c80 FUN_00463530 FUN_00468e80 FUN_0046cac0 FUN_0046d950 FUN_00483ce0 FUN_00487890 FUN_004878c0 FUN_00487900 FUN_00487990 FUN_00487ab0 FUN_00487b60 FUN_00487ba0 FUN_00489610 FUN_00489660 FUN_00489e90 FUN_0048a220 FUN_0048a380 FUN_0048a470 FUN_0048a560 FUN_0048a700"
0057cfa0,FUN_0057cfa0,94,0,"FUN_0046b920 FUN_0081ff70"
0057d000,FUN_0057d000,175,0,"FUN_0043a250 FUN_0057cfa0"
0057d0b0,FUN_0057d0b0,33893,0,"FUN_00409580 FUN_004095f0 FUN_00409760 FUN_004097a0 FUN_004099f0 FUN_00438c00 FUN_00438c60 FUN_00438ce0 FUN_00439490 FUN_004397f0 FUN_00464980 FUN_004649b0 FUN_00469ef0 FUN_0048c980 FUN_0048cca0 FUN_0048cde0 FUN_0048ce30 FUN_0048ce90 FUN_0048cf60 FUN_0048db20 FUN_004b0e40 FUN_0057d000 FUN_00820230"
005857d0,FUN_005857d0,7128,0,"FUN_00409580 FUN_004095f0 FUN_00409760 FUN_004098d0 FUN_004099f0 FUN_00438c00 FUN_00466670 FUN_0048cb50 FUN_0048d000 FUN_0050ced0 FUN_00820230"
00587500,FUN_00587500,969,0,"FUN_004294d0 FUN_004294f0 FUN_00429510 FUN_00429530 FUN_00438930 FUN_004636b0 FUN_0046eb30"
005879a0,FUN_005879a0,75277,0,"FUN_00409580 FUN_004095f0 FUN_00409760 FUN_004098d0 FUN_004099f0 FUN_00438bb0 FUN_00438c00 FUN_00438c60 FUN_00438ce0 FUN_004393b0 FUN_00439470 FUN_00439490 FUN_004397f0 FUN_00463530 FUN_004636b0 FUN_004639f0 FUN_00464980 FUN_004649b0 FUN_00468de0 FUN_00469c70 FUN_0046b370 FUN_0046d950 FUN_0046eb30 FUN_0047a9e0 FUN_00483d60 FUN_00483db0 FUN_00483f40 FUN_00487740 FUN_00487870 FUN_00487c20 FUN_00487ca0 FUN_00487e90 FUN_00487ea0 FUN_00820230"
0059a520,FUN_0059a520,1093,0,"FUN_004099f0 FUN_00456c80 FUN_00487c20"
0059aa80,FUN_0059aa80,26,0,"FUN_0048b000"
0059aaa0,FUN_0059aaa0,2187,0,"FUN_00438bb0 FUN_004636b0 FUN_0048b210"
0059b5c0,FUN_0059b5c0,237,0,"FUN_004adaa0 FUN_0057a500 FUN_0072db10 FUN_0081ff70"
0059b6c0,FUN_0059b6c0,78,0,""
0059b710,FUN_0059b710,178,0,"FUN_0040af10 FUN_0081ff70 _free"
0059b820,FUN_0059b820,27,0,"FUN_0059b710 _free"
0059b840,FUN_0059b840,113,0,"FUN_004adcc0 FUN_00609410"
0059b8c0,FUN_0059b8c0,27,0,"FUN_0059b5c0 _free"
0059b8e0,FUN_0059b8e0,130,0,"FUN_0040aec0 FUN_00412c80"
0059b970,FUN_0059b970,454,0,"FUN_00402970 FUN_0040af30 FUN_0040af40 FUN_0040dfc0 FUN_0059b840 FUN_00633660 FUN_007ebdf0 FUN_0081fbdc FUN_0081ff70"
0059bb40,FUN_0059bb40,103,0,"FUN_0059b8e0 FUN_00609410"
0059bbb0,FUN_0059bbb0,94,0,"FUN_0047d030 FUN_0059b970 FUN_006fb680"
0059bc10,FUN_0059bc10,100,0,"FUN_0059b710 FUN_006339f0 FUN_0072db10"
0059bc80,FUN_0059bc80,27,0,"FUN_0059bc10 _free"
0059bca0,FUN_0059bca0,117,0,"FUN_0047d030 FUN_0059b970 FUN_006339f0 FUN_006fb680"
0059bd20,FUN_0059bd20,123,0,"FUN_0059bb40 FUN_0059bca0"
0059bda0,FUN_0059bda0,8,0,"FUN_0059bf70"
0059bdb0,FUN_0059bdb0,77,0,"FUN_0081ff70"
0059be00,FUN_0059be00,27,0,"FUN_0059bdb0"
0059be20,FUN_0059be20,225,0,"FUN_0059bbb0 FUN_0074c890 _memcpy thunk_FUN_0081fbdc"
0059bf10,FUN_0059bf10,81,0,"FUN_0059bc10"
0059bf70,FUN_0059bf70,27,0,"FUN_0059bf10 _free"
0059bf90,FUN_0059bf90,126,0,"FUN_0046c330 FUN_0059bd20 FUN_0081fbdc"
0059c010,FUN_0059c010,8005,0,"FUN_00439850 FUN_00456c80 FUN_00463530 FUN_00468e80 FUN_0046cac0 FUN_0046d950 FUN_00483ce0 FUN_00487890 FUN_004878c0 FUN_00487900 FUN_00487990 FUN_00487ab0 FUN_00487b60 FUN_00487ba0 FUN_00489610 FUN_00489660 FUN_00489e90 FUN_0048a220 FUN_0048a380 FUN_0048a470 FUN_0048a560 FUN_0048a700"
0059dfb0,FUN_0059dfb0,22648,0,"FUN_00409580 FUN_004095f0 FUN_00409760 FUN_004099f0 FUN_00438c00 FUN_00438c60 FUN_004397f0 FUN_00464980 FUN_0048c980 FUN_0048cca0 FUN_0048cde0 FUN_0048ce30 FUN_0048ce90 FUN_0048cf60 FUN_0048db20 FUN_004b0f50 FUN_00820230"
005a3ad0,FUN_005a3ad0,5833,0,"FUN_004099f0 FUN_00438c00 FUN_00466670 FUN_0048cb50 FUN_0048d000 FUN_004b0f50 FUN_00820230"
005a5330,FUN_005a5330,1043,0,"FUN_004294d0 FUN_004294f0 FUN_00429510 FUN_00429530 FUN_00438930 FUN_004636b0 FUN_0046eb30 FUN_00486fe0"
005a5800,FUN_005a5800,73286,0,"FUN_00409580 FUN_004095f0 FUN_004096a0 FUN_00409760 FUN_004098d0 FUN_004099f0 FUN_00438bb0 FUN_00438c00 FUN_00438c60 FUN_00438ce0 FUN_00439490 FUN_004397f0 FUN_00463530 FUN_004636b0 FUN_004639f0 FUN_00464980 FUN_004649b0 FUN_00468de0 FUN_00469c70 FUN_00469ef0 FUN_0046b370 FUN_0046eb30 FUN_0047a9e0 FUN_00483d60 FUN_00483db0 FUN_00483f40 FUN_00486fe0 FUN_00487740 FUN_00487870 FUN_00487c20 FUN_00487ca0 FUN_00487e90 FUN_00487ea0 FUN_00820230"
005b7ad0,FUN_005b7ad0,1653,0,"FUN_004099f0 FUN_00456c80 FUN_00464980 FUN_0046eb30 FUN_00487c20"
005b8170,FUN_005b8170,61,0,"FUN_0048b000"
005b81b0,FUN_005b81b0,2415,0,"FUN_00438bb0 FUN_004636b0 FUN_00464980 FUN_0048b210"
005b8dd0,FUN_005b8dd0,237,0,"FUN_004adaa0 FUN_0057a500 FUN_0072db10 FUN_0081ff70"
005b8ed0,FUN_005b8ed0,77,0,""
005b8f20,FUN_005b8f20,39,0,"_free"
005b8f50,FUN_005b8f50,178,0,"FUN_0040af10 FUN_0081ff70 _free"
005b9060,FUN_005b9060,27,0,"FUN_005b8f50 _free"
005b9080,FUN_005b9080,113,0,"FUN_004adcc0 FUN_00609410"
005b9100,FUN_005b9100,27,0,"FUN_005b8dd0 _free"
005b9120,FUN_005b9120,130,0,"FUN_0040aec0 FUN_00412c80"
005b91b0,FUN_005b91b0,454,0,"FUN_00402970 FUN_0040af30 FUN_0040af40 FUN_0040dfc0 FUN_005b9080 FUN_00633660 FUN_007ebdf0 FUN_0081fbdc FUN_0081ff70"
005b9380,FUN_005b9380,103,0,"FUN_005b9120 FUN_00609410"
005b93f0,FUN_005b93f0,94,0,"FUN_0047d030 FUN_005b91b0 FUN_006fb680"
005b9450,FUN_005b9450,100,0,"FUN_005b8f50 FUN_006339f0 FUN_0072db10"
005b94c0,FUN_005b94c0,27,0,"FUN_005b9450 _free"
005b94e0,FUN_005b94e0,117,0,"FUN_0047d030 FUN_005b91b0 FUN_006339f0 FUN_006fb680"
005b9560,FUN_005b9560,123,0,"FUN_005b9380 FUN_005b94e0"
005b95e0,FUN_005b95e0,8,0,"FUN_005b9740"
005b95f0,FUN_005b95f0,225,0,"FUN_005b93f0 FUN_0074c890 _memcpy thunk_FUN_0081fbdc"
005b96e0,FUN_005b96e0,81,0,"FUN_005b9450"
005b9740,FUN_005b9740,27,0,"FUN_005b96e0 _free"
005b9760,FUN_005b9760,126,0,"FUN_0046c330 FUN_005b9560 FUN_0081fbdc"
005b97e0,FUN_005b97e0,8827,0,"FUN_00439850 FUN_00456c80 FUN_00463530 FUN_00468e80 FUN_0046cac0 FUN_0046d950 FUN_00483ce0 FUN_00487890 FUN_004878c0 FUN_00487900 FUN_00487990 FUN_00487ab0 FUN_00487b60 FUN_00487ba0 FUN_00489610 FUN_00489660 FUN_00489e90 FUN_0048a220 FUN_0048a380 FUN_0048a470 FUN_0048a560 FUN_0048a700"
005bbb00,FUN_005bbb00,44735,0,"FUN_00409580 FUN_004095f0 FUN_004096d0 FUN_00409760 FUN_004097a0 FUN_004099f0 FUN_00438c00 FUN_00438c60 FUN_00438ce0 FUN_004397f0 FUN_00464980 FUN_00469ef0 FUN_00486fa0 FUN_0048c980 FUN_0048cca0 FUN_0048cde0 FUN_0048ce30 FUN_0048ce90 FUN_0048cf60 FUN_0048db20 FUN_004b0e40 FUN_004b0ef0 FUN_004b0f50 FUN_00820230"
005c6da0,FUN_005c6da0,13725,0,"FUN_00409580 FUN_004095f0 FUN_004099f0 FUN_00438c00 FUN_0048cb50 FUN_0048d000 FUN_004b0f50 FUN_00820230"
005ca490,FUN_005ca490,986,0,"FUN_004294d0 FUN_004294f0 FUN_00429510 FUN_00429530 FUN_00438930 FUN_004636b0 FUN_0046eb30"
005ca930,FUN_005ca930,70138,0,"FUN_00409520 FUN_00409580 FUN_004095f0 FUN_00409760 FUN_004098d0 FUN_004099f0 FUN_00438bb0 FUN_00438c60 FUN_00438ce0 FUN_004393b0 FUN_00439470 FUN_00439490 FUN_004397f0 FUN_00456c80 FUN_00463530 FUN_004636b0 FUN_004639f0 FUN_00464980 FUN_00466670 FUN_00468de0 FUN_00469c70 FUN_00469ef0 FUN_0046b370 FUN_0046eb30 FUN_0047a9e0 FUN_00483d60 FUN_00483db0 FUN_00483f40 FUN_00486fa0 FUN_00487740 FUN_00487870 FUN_00487c20 FUN_00487ca0 FUN_00487e90 FUN_00487ea0 FUN_00558dc0 FUN_00820230"
005dc030,FUN_005dc030,3934,0,"FUN_004099f0 FUN_00456c80 FUN_00464980 FUN_0046eb30 FUN_00487c20"
005dd0e0,FUN_005dd0e0,168,0,"FUN_0048b000"
005dd190,FUN_005dd190,3755,0,"FUN_00438bb0 FUN_00438c60 FUN_00438ce0 FUN_00439470 FUN_00439490 FUN_004636b0 FUN_00464980 FUN_0046eb30 FUN_00483db0 FUN_0048b210"
005de420,FUN_005de420,237,0,"FUN_004adaa0 FUN_0057a500 FUN_0072db10 FUN_0081ff70"
005de520,FUN_005de520,178,0,"FUN_0040af10 FUN_0081ff70 _free"
005de630,FUN_005de630,27,0,"FUN_005de520 _free"
005de650,FUN_005de650,113,0,"FUN_004adcc0 FUN_00609410"
005de6d0,FUN_005de6d0,27,0,"FUN_005de420 _free"
005de6f0,FUN_005de6f0,130,0,"FUN_0040aec0 FUN_00412c80"
005de780,FUN_005de780,454,0,"FUN_00402970 FUN_0040af30 FUN_0040af40 FUN_0040dfc0 FUN_005de650 FUN_00633660 FUN_007ebdf0 FUN_0081fbdc FUN_0081ff70"
005de950,FUN_005de950,103,0,"FUN_005de6f0 FUN_00609410"
005de9c0,FUN_005de9c0,94,0,"FUN_0047d030 FUN_005de780 FUN_006fb680"
005dea20,FUN_005dea20,100,0,"FUN_005de520 FUN_006339f0 FUN_0072db10"
005dea90,FUN_005dea90,27,0,"FUN_005dea20 _free"
005deab0,FUN_005deab0,117,0,"FUN_0047d030 FUN_005de780 FUN_006339f0 FUN_006fb680"
005deb30,FUN_005deb30,123,0,"FUN_005de950 FUN_005deab0"
005debb0,FUN_005debb0,8,0,"FUN_005ded80"
005debc0,FUN_005debc0,80,0,"FUN_0081ff70"
005dec10,FUN_005dec10,32,0,"FUN_005debc0"
005dec30,FUN_005dec30,225,0,"FUN_005de9c0 FUN_0074c890 _memcpy thunk_FUN_0081fbdc"
005ded20,FUN_005ded20,81,0,"FUN_005dea20"
005ded80,FUN_005ded80,27,0,"FUN_005ded20 _free"
005deda0,FUN_005deda0,126,0,"FUN_0046c330 FUN_005deb30 FUN_0081fbdc"
005dee20,FUN_005dee20,10158,0,"FUN_00439850 FUN_00456c80 FUN_00463530 FUN_00468e80 FUN_0046cac0 FUN_0046d950 FUN_00483ce0 FUN_00487890 FUN_004878c0 FUN_00487900 FUN_00487990 FUN_00487ab0 FUN_00487b60 FUN_00487ba0 FUN_00489610 FUN_00489660 FUN_00489e90 FUN_0048a0a0 FUN_0048a380 FUN_0048a470 FUN_0048a560 FUN_0048a700"
005e1670,FUN_005e1670,40704,0,"FUN_00409580 FUN_004095f0 FUN_004096a0 FUN_00409760 FUN_004097a0 FUN_004097c0 FUN_004099f0 FUN_00438c00 FUN_00438c60 FUN_00439470 FUN_004397f0 FUN_00464980 FUN_00469ef0 FUN_00469f10 FUN_00469f50 FUN_00487870 FUN_0048c980 FUN_0048cca0 FUN_0048cde0 FUN_0048ce30 FUN_0048ce90 FUN_0048cf60 FUN_0048db20 FUN_004b0ef0 FUN_004b0f20 FUN_004b0f50 FUN_00558dc0 FUN_00820230"
005eb920,FUN_005eb920,9659,0,"FUN_00409580 FUN_004095f0 FUN_004099f0 FUN_00438c00 FUN_00438c40 FUN_004397f0 FUN_00466670 FUN_0048cb50 FUN_0048d000 FUN_0050ced0 FUN_00820230"
005ee040,FUN_005ee040,1247,0,"FUN_004294d0 FUN_004294f0 FUN_00429510 FUN_00429530 FUN_00438930 FUN_004636b0 FUN_0046eb30 FUN_00486fe0"
005ee620,FUN_005ee620,4008,0,"FUN_004096a0 FUN_004099f0 FUN_00438c60 FUN_00438ce0 FUN_00439470 FUN_00439490 FUN_004397f0 FUN_004636b0 FUN_004639f0 FUN_00464980 FUN_00468de0 FUN_0046b370 FUN_0046eb30 FUN_0047a9e0 FUN_00483f40 FUN_00487870 FUN_00487ca0 FUN_00487e90 FUN_00487ea0"
00607880,FUN_00607880,3292,0,"FUN_004099f0 FUN_00456c80 FUN_004636b0 FUN_00487c20"
00608670,FUN_00608670,44,0,"FUN_0048b000"
006086a0,FUN_006086a0,2737,0,"FUN_004099f0 FUN_00438bb0 FUN_004636b0 FUN_00464980 FUN_0046eb30 FUN_0048b210"
00609410,FUN_00609410,26,0,"FUN_0081fbdc"
00609430,FUN_00609430,237,0,"FUN_004adaa0 FUN_0057a500 FUN_0072db10 FUN_0081ff70"
00609530,FUN_00609530,27,0,"FUN_00609430 _free"
00609550,FUN_00609550,178,0,"FUN_0040af10 FUN_0081ff70 _free"
00609660,FUN_00609660,27,0,"FUN_00609550 _free"
00609680,FUN_00609680,113,0,"FUN_004adcc0 FUN_00609410"
00609700,FUN_00609700,130,0,"FUN_0040aec0 FUN_00412c80"
00609790,FUN_00609790,454,0,"FUN_00402970 FUN_0040af30 FUN_0040af40 FUN_0040dfc0 FUN_00609680 FUN_00633660 FUN_007ebdf0 FUN_0081fbdc FUN_0081ff70"
00609960,FUN_00609960,103,0,"FUN_00609410 FUN_00609700"
006099d0,FUN_006099d0,94,0,"FUN_0047d030 FUN_00609790 FUN_006fb680"
00609a30,FUN_00609a30,100,0,"FUN_00609550 FUN_006339f0 FUN_0072db10"
00609aa0,FUN_00609aa0,27,0,"FUN_00609a30 _free"
00609ac0,FUN_00609ac0,117,0,"FUN_0047d030 FUN_00609790 FUN_006339f0 FUN_006fb680"
00609b40,FUN_00609b40,123,0,"FUN_00609960 FUN_00609ac0"
00609bc0,FUN_00609bc0,8,0,"FUN_00609d20"
00609bd0,FUN_00609bd0,225,0,"FUN_006099d0 FUN_0074c890 _memcpy thunk_FUN_0081fbdc"
00609cc0,FUN_00609cc0,81,0,"FUN_00609a30"
00609d20,FUN_00609d20,27,0,"FUN_00609cc0 _free"
00609d40,FUN_00609d40,126,0,"FUN_0046c330 FUN_00609b40 FUN_0081fbdc"
00609dc0,FUN_00609dc0,9135,0,"FUN_00439850 FUN_00456c80 FUN_00463530 FUN_00468e80 FUN_0046cac0 FUN_0046d950 FUN_00483ce0 FUN_00487890 FUN_004878c0 FUN_00487900 FUN_00487990 FUN_00487ab0 FUN_00487b60 FUN_00487ba0 FUN_00489610 FUN_00489660 FUN_00489e90 FUN_0048a220 FUN_0048a380 FUN_0048a470 FUN_0048a560 FUN_0048a700"
0060c200,FUN_0060c200,57119,0,"FUN_00409580 FUN_004095f0 FUN_00409760 FUN_004097a0 FUN_004099f0 FUN_00438c00 FUN_00438c60 FUN_00438ce0 FUN_00439470 FUN_004397f0 FUN_00464980 FUN_004649b0 FUN_0048c980 FUN_0048cca0 FUN_0048cde0 FUN_0048ce30 FUN_0048ce90 FUN_0048cf60 FUN_0048db20 FUN_004b0e40 FUN_004b0f50 FUN_00820230"
0061a480,FUN_0061a480,10776,0,"FUN_00409580 FUN_004095f0 FUN_004099f0 FUN_00438c00 FUN_0048cb50 FUN_0048d000 FUN_00820230"
0061cff0,FUN_0061cff0,1203,0,"FUN_004294d0 FUN_004294f0 FUN_00429510 FUN_00429530 FUN_00438930 FUN_004636b0 FUN_0046eb30 FUN_00486fe0"
0061d570,FUN_0061d570,81058,0,"FUN_00409580 FUN_004095f0 FUN_00409650 FUN_00409760 FUN_004098d0 FUN_004099f0 FUN_00438bb0 FUN_00438c00 FUN_00438c60 FUN_00438ce0 FUN_004393b0 FUN_00439470 FUN_00439490 FUN_004397f0 FUN_00463530 FUN_004636b0 FUN_004639f0 FUN_00464980 FUN_00468de0 FUN_00469c70 FUN_00469ef0 FUN_00469f10 FUN_0046b370 FUN_0046eb30 FUN_0047a9e0 FUN_00483cd0 FUN_00483d60 FUN_00483db0 FUN_00483f40 FUN_00487740 FUN_00487870 FUN_00487c20 FUN_00487ca0 FUN_00487e90 FUN_00487ea0 FUN_00820230"
00631680,FUN_00631680,27,0,""
006316a0,FUN_006316a0,1797,0,"FUN_00409580 FUN_004095f0 FUN_004099f0 FUN_00456c80 FUN_00464980 FUN_0046eb30 FUN_00487c20"
00631dc0,FUN_00631dc0,116,0,"FUN_0048b000"
00631e40,FUN_00631e40,4258,0,"FUN_00438bb0 FUN_00438ce0 FUN_00439470 FUN_00439490 FUN_004636b0 FUN_00464980 FUN_0046eb30 FUN_00483db0 FUN_0048b210 FUN_00631680"
00633310,FUN_00633310,237,0,"FUN_004adaa0 FUN_0057a500 FUN_0072db10 FUN_0081ff70"
00633410,FUN_00633410,178,0,"FUN_0040af10 FUN_0081ff70 _free"
00633520,FUN_00633520,27,0,"FUN_00633410 _free"
00633540,FUN_00633540,113,0,"FUN_004adcc0 FUN_00609410"
006335c0,FUN_006335c0,117,0,"FUN_00401670 FUN_00402200 __CxxThrowException@8"
00633640,FUN_00633640,27,0,"FUN_00633310 _free"
00633660,FUN_00633660,90,0,"FUN_006335c0 FUN_0081ff70"
006336c0,FUN_006336c0,130,0,"FUN_0040aec0 FUN_00412c80"
00633750,FUN_00633750,454,0,"FUN_00402970 FUN_0040af30 FUN_0040af40 FUN_0040dfc0 FUN_00633540 FUN_00633660 FUN_007ebdf0 FUN_0081fbdc FUN_0081ff70"
00633920,FUN_00633920,103,0,"FUN_00609410 FUN_006336c0"
00633990,FUN_00633990,94,0,"FUN_0047d030 FUN_00633750 FUN_006fb680"
006339f0,FUN_006339f0,112,0,"FUN_0045ed10 FUN_0081ff70 _free"
00633a70,FUN_00633a70,100,0,"FUN_00633410 FUN_006339f0 FUN_0072db10"
00633ae0,FUN_00633ae0,27,0,"FUN_00633a70 _free"
00633b00,FUN_00633b00,117,0,"FUN_0047d030 FUN_00633750 FUN_006339f0 FUN_006fb680"
00633b80,FUN_00633b80,123,0,"FUN_00633920 FUN_00633b00"
00633c00,FUN_00633c00,8,0,"FUN_00633e70"
00633c10,FUN_00633c10,200,0,"FUN_0045ed10 FUN_0081ff70 _free"
00633ce0,FUN_00633ce0,37,0,"FUN_00633c10"
00633d10,FUN_00633d10,225,0,"FUN_00633990 FUN_0074c890 _memcpy thunk_FUN_0081fbdc"
00633e00,FUN_00633e00,8,0,"FUN_006339f0"
00633e10,FUN_00633e10,81,0,"FUN_00633a70"
00633e70,FUN_00633e70,27,0,"FUN_00633e10 _free"
00633e90,FUN_00633e90,126,0,"FUN_0046c330 FUN_00633b80 FUN_0081fbdc"
00633f10,FUN_00633f10,9161,0,"FUN_00439850 FUN_00456c80 FUN_00463530 FUN_00468e80 FUN_0046cac0 FUN_0046d950 FUN_0046eb30 FUN_00483ce0 FUN_00487890 FUN_004878c0 FUN_00487900 FUN_00487990 FUN_00487ab0 FUN_00487b60 FUN_00487ba0 FUN_00489610 FUN_00489660 FUN_00489e90 FUN_0048a220 FUN_0048a380 FUN_0048a470 FUN_0048a560 FUN_0048a700"
00636360,FUN_00636360,44061,0,"FUN_00409580 FUN_004095f0 FUN_00409760 FUN_004097a0 FUN_004099f0 FUN_00438c00 FUN_00438c60 FUN_00438ce0 FUN_004397f0 FUN_0043a250 FUN_00464980 FUN_004691f0 FUN_0048c980 FUN_0048cca0 FUN_0048cde0 FUN_0048ce30 FUN_0048ce90 FUN_0048cf60 FUN_0048db20 FUN_004b0e40 FUN_004b0ef0 FUN_004b0f50 FUN_00820230"
00641310,FUN_00641310,12137,0,"FUN_00409760 FUN_004099f0 FUN_00438c00 FUN_0043a250 FUN_00464980 FUN_0048cb50 FUN_0048d000 FUN_004b0f50 FUN_00501ab0 FUN_0050ced0 FUN_00820230"
00644420,FUN_00644420,959,0,"FUN_004294d0 FUN_004294f0 FUN_00429510 FUN_00429530 FUN_00438930 FUN_004636b0 FUN_0046eb30"
006448b0,FUN_006448b0,72009,0,"FUN_00409580 FUN_004095f0 FUN_00409760 FUN_004098d0 FUN_004099f0 FUN_00438bb0 FUN_00438c60 FUN_00438ce0 FUN_00439470 FUN_00439490 FUN_004397f0 FUN_00456c80 FUN_00463530 FUN_004636b0 FUN_004639f0 FUN_00464980 FUN_004649b0 FUN_00468de0 FUN_00469c70 FUN_0046b370 FUN_0046eb30 FUN_0047a9e0 FUN_00483d60 FUN_00483db0 FUN_00483f40 FUN_00487740 FUN_00487870 FUN_00487c20 FUN_00487ca0 FUN_00487e90 FUN_00487ea0 FUN_00820230"
00656640,FUN_00656640,1421,0,"FUN_004099f0 FUN_00456c80 FUN_00487c20"
00656cf0,FUN_00656cf0,37,0,"FUN_0048b000"
00656d20,FUN_00656d20,2031,0,"FUN_00438bb0 FUN_00439490 FUN_004636b0 FUN_0048b210"
00657780,FUN_00657780,237,0,"FUN_004adaa0 FUN_0057a500 FUN_0072db10 FUN_0081ff70"
00657880,FUN_00657880,48,0,"_memmove_s"
006578b0,FUN_006578b0,178,0,"FUN_0040af10 FUN_0081ff70 _free"
006579c0,FUN_006579c0,27,0,"FUN_006578b0 _free"
006579e0,FUN_006579e0,113,0,"FUN_004adcc0 FUN_00609410"
00657a60,FUN_00657a60,27,0,"FUN_00657780 _free"
00657a80,FUN_00657a80,130,0,"FUN_0040aec0 FUN_00412c80"
00657b10,FUN_00657b10,454,0,"FUN_00402970 FUN_0040af30 FUN_0040af40 FUN_0040dfc0 FUN_00633660 FUN_006579e0 FUN_007ebdf0 FUN_0081fbdc FUN_0081ff70"
00657ce0,FUN_00657ce0,103,0,"FUN_00609410 FUN_00657a80"
00657d50,FUN_00657d50,94,0,"FUN_0047d030 FUN_00657b10 FUN_006fb680"
00657db0,FUN_00657db0,100,0,"FUN_006339f0 FUN_006578b0 FUN_0072db10"
00657e20,FUN_00657e20,27,0,"FUN_00657db0 _free"
00657e40,FUN_00657e40,117,0,"FUN_0047d030 FUN_006339f0 FUN_00657b10 FUN_006fb680"
00657ec0,FUN_00657ec0,123,0,"FUN_00657ce0 FUN_00657e40"
00657f40,FUN_00657f40,8,0,"FUN_006580a0"
00657f50,FUN_00657f50,225,0,"FUN_00657d50 FUN_0074c890 _memcpy thunk_FUN_0081fbdc"
00658040,FUN_00658040,81,0,"FUN_00657db0"
006580a0,FUN_006580a0,27,0,"FUN_00658040 _free"
006580c0,FUN_006580c0,126,0,"FUN_0046c330 FUN_00657ec0 FUN_0081fbdc"
00658140,FUN_00658140,7953,0,"FUN_00439850 FUN_00456c80 FUN_00463530 FUN_00468e80 FUN_0046cac0 FUN_0046d950 FUN_00483ce0 FUN_00487890 FUN_004878c0 FUN_00487900 FUN_00487990 FUN_00487ab0 FUN_00487b60 FUN_00487ba0 FUN_00489610 FUN_00489660 FUN_00489e90 FUN_0048a220 FUN_0048a380 FUN_0048a470 FUN_0048a560 FUN_0048a700"
0065a0c0,FUN_0065a0c0,450,0,""
0065a290,FUN_0065a290,34934,0,"FUN_00409580 FUN_004095f0 FUN_00409760 FUN_004097a0 FUN_004099f0 FUN_00438c00 FUN_00438c60 FUN_00439020 FUN_00439470 FUN_004397f0 FUN_00464980 FUN_00469ef0 FUN_0048c980 FUN_0048cca0 FUN_0048cde0 FUN_0048ce30 FUN_0048ce90 FUN_0048cfc0 FUN_0048db20 FUN_0065a0c0"
00662e20,FUN_00662e20,7356,0,"FUN_004098d0 FUN_004099f0 FUN_00438c00 FUN_004397f0 FUN_0048cb50 FUN_0048d000 FUN_004b0f50 FUN_00820230"
00664c30,FUN_00664c30,1118,0,"FUN_004294d0 FUN_004294f0 FUN_00429510 FUN_00429530 FUN_00438930 FUN_004636b0 FUN_0046eb30 FUN_00486fe0"
00665160,FUN_00665160,74882,0,"FUN_00409520 FUN_00409580 FUN_004095f0 FUN_00409760 FUN_004098d0 FUN_004099f0 FUN_00438bb0 FUN_00438c00 FUN_00438c60 FUN_00438ce0 FUN_004393b0 FUN_00439470 FUN_00439490 FUN_004397f0 FUN_00463530 FUN_004636b0 FUN_004639f0 FUN_00464980 FUN_00468de0 FUN_00469c70 FUN_0046b370 FUN_0046eb30 FUN_0047a9e0 FUN_00483cd0 FUN_00483d60 FUN_00483db0 FUN_00483f40 FUN_00486fc0 FUN_00486fe0 FUN_00487000 FUN_00487740 FUN_004877c0 FUN_00487870 FUN_00487c20 FUN_00487ca0 FUN_00487e90 FUN_00487ea0 FUN_00820230"
00677a70,FUN_00677a70,16032,0,"FUN_00409760 FUN_004098d0 FUN_004099f0 FUN_00456c80 FUN_00820230"
0067bb90,FUN_0067bb90,1726,0,"FUN_004099f0 FUN_00456c80 FUN_00487c20"
0067c370,FUN_0067c370,53,0,"FUN_0048b000"
0067c3b0,FUN_0067c3b0,2213,0,"FUN_00438bb0 FUN_00438c60 FUN_004636b0 FUN_00464980 FUN_0048b210"
0067ced0,FUN_0067ced0,237,0,"FUN_004adaa0 FUN_0057a500 FUN_0072db10 FUN_0081ff70"
0067cfd0,FUN_0067cfd0,178,0,"FUN_0040af10 FUN_0081ff70 _free"
0067d0e0,FUN_0067d0e0,27,0,"FUN_0067cfd0 _free"
0067d100,FUN_0067d100,113,0,"FUN_004adcc0 FUN_00609410"
0067d180,FUN_0067d180,27,0,"FUN_0067ced0 _free"
0067d1a0,FUN_0067d1a0,130,0,"FUN_0040aec0 FUN_00412c80"
0067d230,FUN_0067d230,454,0,"FUN_00402970 FUN_0040af30 FUN_0040af40 FUN_0040dfc0 FUN_00633660 FUN_0067d100 FUN_007ebdf0 FUN_0081fbdc FUN_0081ff70"
0067d400,FUN_0067d400,103,0,"FUN_00609410 FUN_0067d1a0"
0067d470,FUN_0067d470,94,0,"FUN_0047d030 FUN_0067d230 FUN_006fb680"
0067d4d0,FUN_0067d4d0,100,0,"FUN_006339f0 FUN_0067cfd0 FUN_0072db10"
0067d540,FUN_0067d540,27,0,"FUN_0067d4d0 _free"
0067d560,FUN_0067d560,117,0,"FUN_0047d030 FUN_006339f0 FUN_0067d230 FUN_006fb680"
0067d5e0,FUN_0067d5e0,123,0,"FUN_0067d400 FUN_0067d560"
0067d660,FUN_0067d660,8,0,"FUN_0067d7c0"
0067d670,FUN_0067d670,225,0,"FUN_0067d470 FUN_0074c890 _memcpy thunk_FUN_0081fbdc"
0067d760,FUN_0067d760,81,0,"FUN_0067d4d0"
0067d7c0,FUN_0067d7c0,27,0,"FUN_0067d760 _free"
0067d7e0,FUN_0067d7e0,126,0,"FUN_0046c330 FUN_0067d5e0 FUN_0081fbdc"
0067d860,FUN_0067d860,10189,0,"FUN_00439850 FUN_00456c80 FUN_00463530 FUN_00468e80 FUN_0046cac0 FUN_0046d950 FUN_00483ce0 FUN_00487890 FUN_004878c0 FUN_00487900 FUN_00487990 FUN_00487ab0 FUN_00487b60 FUN_00487ba0 FUN_00489610 FUN_00489660 FUN_00489e90 FUN_0048a220 FUN_0048a380 FUN_0048a470 FUN_0048a560 FUN_0048a700"
006800f0,FUN_006800f0,22930,0,"FUN_00409580 FUN_004095f0 FUN_004096a0 FUN_004098d0 FUN_004099f0 FUN_00438c00 FUN_00438c60 FUN_00438ce0 FUN_004397f0 FUN_00439850 FUN_00469ef0 FUN_0046eb30 FUN_0048c980 FUN_0048cca0 FUN_0048cde0 FUN_0048ce30 FUN_0048ce90 FUN_0048cfc0 FUN_0048db20"
00685c90,FUN_00685c90,5653,0,"FUN_00409760 FUN_004098d0 FUN_004099f0 FUN_00438c00 FUN_0048cb50 FUN_0048d000 FUN_004b0f50 FUN_00820230"
00687400,FUN_00687400,1177,0,"FUN_004294d0 FUN_004294f0 FUN_00429510 FUN_00429530 FUN_00438930 FUN_004636b0 FUN_0046eb30 FUN_00486fe0"
00687970,FUN_00687970,74967,0,"FUN_00409520 FUN_00409580 FUN_004095f0 FUN_00409760 FUN_004098d0 FUN_004099f0 FUN_004388b0 FUN_00438bb0 FUN_00438c60 FUN_00438ce0 FUN_00439490 FUN_004397f0 FUN_00463530 FUN_004636b0 FUN_004639f0 FUN_00464980 FUN_004649b0 FUN_00468de0 FUN_00469c70 FUN_0046b370 FUN_0046eb30 FUN_0047a9e0 FUN_00483cd0 FUN_00483d60 FUN_00483db0 FUN_00483f40 FUN_00486fc0 FUN_00486fe0 FUN_00487000 FUN_00487740 FUN_00487870 FUN_00487c20 FUN_00487ca0 FUN_00487e90 FUN_00487ea0 FUN_00820230"
0069a310,FUN_0069a310,2609,0,"FUN_004095f0 FUN_004099f0 FUN_00456c80 FUN_00464980 FUN_0046eb30 FUN_00487c20"
0069ae80,FUN_0069ae80,54,0,"FUN_0048b000"
0069aec0,FUN_0069aec0,2712,0,"FUN_00438bb0 FUN_00438ce0 FUN_004636b0 FUN_0046eb30 FUN_0048b210"
0069bbe0,FUN_0069bbe0,237,0,"FUN_004adaa0 FUN_0057a500 FUN_0072db10 FUN_0081ff70"
0069bce0,FUN_0069bce0,178,0,"FUN_0040af10 FUN_0081ff70 _free"
0069bdf0,FUN_0069bdf0,27,0,"FUN_0069bce0 _free"
0069be10,FUN_0069be10,113,0,"FUN_004adcc0 FUN_00609410"
0069be90,FUN_0069be90,27,0,"FUN_0069bbe0 _free"
0069beb0,FUN_0069beb0,130,0,"FUN_0040aec0 FUN_00412c80"
0069bf40,FUN_0069bf40,454,0,"FUN_00402970 FUN_0040af30 FUN_0040af40 FUN_0040dfc0 FUN_00633660 FUN_0069be10 FUN_007ebdf0 FUN_0081fbdc FUN_0081ff70"
0069c110,FUN_0069c110,103,0,"FUN_00609410 FUN_0069beb0"
0069c180,FUN_0069c180,94,0,"FUN_0047d030 FUN_0069bf40 FUN_006fb680"
0069c1e0,FUN_0069c1e0,100,0,"FUN_006339f0 FUN_0069bce0 FUN_0072db10"
0069c250,FUN_0069c250,27,0,"FUN_0069c1e0 _free"
0069c270,FUN_0069c270,117,0,"FUN_0047d030 FUN_006339f0 FUN_0069bf40 FUN_006fb680"
0069c2f0,FUN_0069c2f0,123,0,"FUN_0069c110 FUN_0069c270"
0069c370,FUN_0069c370,8,0,"FUN_0069c4d0"
0069c380,FUN_0069c380,225,0,"FUN_0069c180 FUN_0074c890 _memcpy thunk_FUN_0081fbdc"
0069c470,FUN_0069c470,81,0,"FUN_0069c1e0"
0069c4d0,FUN_0069c4d0,27,0,"FUN_0069c470 _free"
0069c4f0,FUN_0069c4f0,138,0,"FUN_0046c330 FUN_0069c2f0 FUN_0081fbdc"
0069c580,FUN_0069c580,33,0,"FUN_0046c570 _free"
0069c5b0,FUN_0069c5b0,9073,0,"FUN_00439850 FUN_00456c80 FUN_00463530 FUN_00468e80 FUN_00469c70 FUN_0046cac0 FUN_0046d950 FUN_00483ce0 FUN_00487890 FUN_004878c0 FUN_00487900 FUN_00487990 FUN_00487ab0 FUN_00487b60 FUN_00487ba0 FUN_00489610 FUN_00489660 FUN_00489e90 FUN_0048a220 FUN_0048a380 FUN_0048a470 FUN_0048a560 FUN_0048a700"
0069e9b0,FUN_0069e9b0,27,0,""
0069e9d0,FUN_0069e9d0,40147,0,"FUN_00409580 FUN_004095f0 FUN_004096a0 FUN_00409760 FUN_004099f0 FUN_00438c00 FUN_00438c60 FUN_00438ce0 FUN_00438fc0 FUN_00439020 FUN_004397f0 FUN_00464980 FUN_00469ef0 FUN_00486fa0 FUN_0048c980 FUN_0048cca0 FUN_0048cde0 FUN_0048ce30 FUN_0048ce90 FUN_0048cf60 FUN_0048db20 FUN_004b0e40 FUN_004b0ef0 FUN_0069e9b0 FUN_00820230"
006a8aa0,FUN_006a8aa0,8176,0,"FUN_004099f0 FUN_00438c00 FUN_00438fc0 FUN_004397f0 FUN_0048c650 FUN_0048cb50 FUN_0048d000 FUN_004b0f50 FUN_0050ced0 FUN_00820230"
006aabf0,FUN_006aabf0,1553,0,"FUN_004294d0 FUN_004294f0 FUN_00429510 FUN_00429530 FUN_004388b0 FUN_00438930 FUN_004636b0 FUN_0046eb30 FUN_00486fe0"
006ab300,FUN_006ab300,18,0,"FUN_00821550"
006ab320,FUN_006ab320,62672,0,"FUN_00409520 FUN_00409580 FUN_004095f0 FUN_00409760 FUN_004097a0 FUN_004098d0 FUN_004099f0 FUN_00438880 FUN_004388b0 FUN_00438930 FUN_00438bb0 FUN_00438c60 FUN_00438ce0 FUN_00439470 FUN_00439490 FUN_00439770 FUN_004397f0 FUN_0043e1b0 FUN_0043e280 FUN_0043e2c0 FUN_0043ff10 FUN_00456c80 FUN_00463530 FUN_004636b0 FUN_004639f0 FUN_00464980 FUN_004649b0 FUN_00468de0 FUN_00469c70 FUN_00469ef0 FUN_0046b370 FUN_0046eb30 FUN_0047a9e0 FUN_0047de20 FUN_00483d60 FUN_00483db0 FUN_00483f40 FUN_00486fc0 FUN_00486fe0 FUN_00487740 FUN_00487870 FUN_00487c20 FUN_00487ca0 FUN_00487e90 FUN_00487ea0 FUN_006ab300 FUN_00820230"
006bacc0,FUN_006bacc0,15910,0,"FUN_00409760 FUN_004098d0 FUN_004099f0 FUN_00456c80 FUN_00820230"
006bed60,FUN_006bed60,2973,0,"FUN_004099f0 FUN_00456c80 FUN_0046eb30 FUN_00487c20"
006bfa30,FUN_006bfa30,162,0,"FUN_0048b000"
006bfae0,FUN_006bfae0,3198,0,"FUN_00438bb0 FUN_00438ce0 FUN_00439490 FUN_004397f0 FUN_004636b0 FUN_0046eb30 FUN_00487c20 FUN_0048b210"
006c0a20,FUN_006c0a20,237,0,"FUN_004adaa0 FUN_0057a500 FUN_0072db10 FUN_0081ff70"
006c0b20,FUN_006c0b20,178,0,"FUN_0040af10 FUN_0081ff70 _free"
006c0c30,FUN_006c0c30,27,0,"FUN_006c0b20 _free"
006c0c50,FUN_006c0c50,113,0,"FUN_004adcc0 FUN_00609410"
006c0cd0,FUN_006c0cd0,27,0,"FUN_006c0a20 _free"
006c0cf0,FUN_006c0cf0,130,0,"FUN_0040aec0 FUN_00412c80"
006c0d80,FUN_006c0d80,454,0,"FUN_00402970 FUN_0040af30 FUN_0040af40 FUN_0040dfc0 FUN_00633660 FUN_006c0c50 FUN_007ebdf0 FUN_0081fbdc FUN_0081ff70"
006c0f50,FUN_006c0f50,103,0,"FUN_00609410 FUN_006c0cf0"
006c0fc0,FUN_006c0fc0,94,0,"FUN_0047d030 FUN_006c0d80 FUN_006fb680"
006c1020,FUN_006c1020,100,0,"FUN_006339f0 FUN_006c0b20 FUN_0072db10"
006c1090,FUN_006c1090,27,0,"FUN_006c1020 _free"
006c10b0,FUN_006c10b0,117,0,"FUN_0047d030 FUN_006339f0 FUN_006c0d80 FUN_006fb680"
006c1130,FUN_006c1130,123,0,"FUN_006c0f50 FUN_006c10b0"
006c11b0,FUN_006c11b0,8,0,"FUN_006c1310"
006c11c0,FUN_006c11c0,225,0,"FUN_006c0fc0 FUN_0074c890 _memcpy thunk_FUN_0081fbdc"
006c12b0,FUN_006c12b0,81,0,"FUN_006c1020"
006c1310,FUN_006c1310,27,0,"FUN_006c12b0 _free"
006c1330,FUN_006c1330,126,0,"FUN_0046c330 FUN_006c1130 FUN_0081fbdc"
006c13b0,FUN_006c13b0,9483,0,"FUN_00439850 FUN_00456c80 FUN_00463530 FUN_00468e80 FUN_0046cac0 FUN_0046d950 FUN_00483ce0 FUN_00487890 FUN_004878c0 FUN_00487900 FUN_00487990 FUN_00487ab0 FUN_00487b60 FUN_00487ba0 FUN_00489610 FUN_00489660 FUN_00489e90 FUN_0048a220 FUN_0048a380 FUN_0048a470 FUN_0048a560 FUN_0048a700"
006c3950,FUN_006c3950,57249,0,"FUN_00409520 FUN_00409580 FUN_004095f0 FUN_00409760 FUN_004097a0 FUN_004099f0 FUN_00438980 FUN_00438c00 FUN_00438c60 FUN_00438ce0 FUN_00439470 FUN_004397f0 FUN_00456c80 FUN_00463530 FUN_00464980 FUN_00469ef0 FUN_0048c980 FUN_0048cca0 FUN_0048cde0 FUN_0048ce30 FUN_0048ce90 FUN_0048cf60 FUN_0048db20 FUN_00558dc0 FUN_00820230"
006d1d80,FUN_006d1d80,10562,0,"FUN_00409580 FUN_004095f0 FUN_004099f0 FUN_00438c00 FUN_004397f0 FUN_00464980 FUN_00466670 FUN_0048cb50 FUN_0048d000 FUN_00820230"
006d4820,FUN_006d4820,1412,0,"FUN_004294d0 FUN_004294f0 FUN_00429510 FUN_00429530 FUN_00438930 FUN_00439470 FUN_004636b0 FUN_0046eb30 FUN_00486fe0"
006d4ea0,FUN_006d4ea0,8753,0,"FUN_00409580 FUN_004096a0 FUN_004098d0 FUN_004099f0 FUN_00438c00 FUN_00438c60 FUN_00438ce0 FUN_00439490 FUN_00820230"
006d7400,FUN_006d7400,2806,0,"FUN_00409580 FUN_004095f0 FUN_004098d0 FUN_004099f0 FUN_00438ce0 FUN_00439490"
006d8030,FUN_006d8030,18455,0,"FUN_00409580 FUN_004095f0 FUN_00438c60 FUN_00439490 FUN_0043dea0 FUN_006dcdf0 FUN_006dce20"
006dcb20,FUN_006dcb20,80,0,"FUN_00406ee0 FUN_004096d0 FUN_00438e00"
006dcb70,FUN_006dcb70,266,0,"FUN_00439490"
006dcdf0,FUN_006dcdf0,47,0,"FUN_0047dcf0"
006dce20,FUN_006dce20,16,0,""
006dce30,FUN_006dce30,248,0,""
006dcf30,FUN_006dcf30,35,0,""
006dcf60,FUN_006dcf60,16500,0,"FUN_004099f0 FUN_0043e1e0 FUN_006e30d0"
006e1070,FUN_006e1070,5674,0,"FUN_00409580 FUN_004095f0 FUN_004096a0 FUN_004096d0 FUN_00409760 FUN_004099f0 FUN_00438c00 FUN_00438c60 FUN_00439020"
006e2870,FUN_006e2870,1832,0,"FUN_00409580 FUN_004095f0 FUN_004099f0"
006e30d0,FUN_006e30d0,45,0,"FUN_00477600"
006e3100,FUN_006e3100,153,0,""
006e31a0,FUN_006e31a0,74523,0,"FUN_00409580 FUN_004095f0 FUN_00409760 FUN_004098d0 FUN_004099f0 FUN_00438bb0 FUN_00438c00 FUN_00438c60 FUN_00438ce0 FUN_00439360 FUN_00439470 FUN_00439490 FUN_004397f0 FUN_00456c80 FUN_00463530 FUN_004636b0 FUN_004639f0 FUN_00464980 FUN_00468de0 FUN_00469c70 FUN_0046b370 FUN_0046eb30 FUN_0047a9e0 FUN_00483cd0 FUN_00483d60 FUN_00483db0 FUN_00483f40 FUN_00487740 FUN_004877c0 FUN_00487870 FUN_00487c20 FUN_00487ca0 FUN_00487e90 FUN_00487ea0 FUN_006e3100 FUN_00820230"
006f5a10,FUN_006f5a10,16229,0,"FUN_00409760 FUN_004098d0 FUN_004099f0 FUN_00456c80 FUN_00820230"
006f9c20,FUN_006f9c20,1550,0,"FUN_004099f0 FUN_00456c80 FUN_00469ef0 FUN_00487c20"
006fa240,FUN_006fa240,27,0,"FUN_0048b000"
006fa260,FUN_006fa260,2495,0,"FUN_00438bb0 FUN_004636b0 FUN_00464980 FUN_00487c20 FUN_0048b210"
006faee0,FUN_006faee0,237,0,"FUN_004adaa0 FUN_0057a500 FUN_0072db10 FUN_0081ff70"
006fafe0,FUN_006fafe0,178,0,"FUN_0040af10 FUN_0081ff70 _free"
006fb0f0,FUN_006fb0f0,27,0,"FUN_006fafe0 _free"
006fb110,FUN_006fb110,113,0,"FUN_004adcc0 FUN_00609410"
006fb190,FUN_006fb190,27,0,"FUN_006faee0 _free"
006fb1b0,FUN_006fb1b0,130,0,"FUN_0040aec0 FUN_00412c80"
006fb240,FUN_006fb240,454,0,"FUN_00402970 FUN_0040af30 FUN_0040af40 FUN_0040dfc0 FUN_00633660 FUN_006fb110 FUN_007ebdf0 FUN_0081fbdc FUN_0081ff70"
006fb410,FUN_006fb410,103,0,"FUN_00609410 FUN_006fb1b0"
006fb480,FUN_006fb480,94,0,"FUN_0047d030 FUN_006fb240 FUN_006fb680"
006fb4e0,FUN_006fb4e0,100,0,"FUN_006339f0 FUN_006fafe0 FUN_0072db10"
006fb550,FUN_006fb550,27,0,"FUN_006fb4e0 _free"
006fb570,FUN_006fb570,117,0,"FUN_0047d030 FUN_006339f0 FUN_006fb240 FUN_006fb680"
006fb5f0,FUN_006fb5f0,123,0,"FUN_006fb410 FUN_006fb570"
006fb670,FUN_006fb670,8,0,"FUN_006fb810"
006fb680,FUN_006fb680,51,0,"FUN_0081fbdc"
006fb6c0,FUN_006fb6c0,225,0,"FUN_006fb480 FUN_0074c890 _memcpy thunk_FUN_0081fbdc"
006fb7b0,FUN_006fb7b0,81,0,"FUN_006fb4e0"
006fb810,FUN_006fb810,27,0,"FUN_006fb7b0 _free"
006fb830,FUN_006fb830,126,0,"FUN_0046c330 FUN_006fb5f0 FUN_0081fbdc"
006fb8b0,FUN_006fb8b0,9823,0,"FUN_00439850 FUN_00456c80 FUN_00463530 FUN_00468e80 FUN_0046cac0 FUN_0046d950 FUN_00483ce0 FUN_00487890 FUN_004878c0 FUN_00487900 FUN_00487990 FUN_00487ab0 FUN_00487b60 FUN_00487ba0 FUN_00489610 FUN_00489660 FUN_00489e90 FUN_0048a220 FUN_0048a380 FUN_0048a470 FUN_0048a560 FUN_0048a700"
006fdff0,FUN_006fdff0,80478,0,"FUN_00409520 FUN_00409580 FUN_004095f0 FUN_00409760 FUN_004099f0 FUN_00438c00 FUN_00438c60 FUN_00438ce0 FUN_00438fc0 FUN_004393b0 FUN_00439470 FUN_00439490 FUN_004397f0 FUN_00464980 FUN_004649b0 FUN_00469ef0 FUN_00469f30 FUN_00469f50 FUN_0048c980 FUN_0048cca0 FUN_0048cde0 FUN_0048ce30 FUN_0048ce90 FUN_0048cf60 FUN_0048db20 FUN_004b0e40 FUN_00820230"
007120d0,FUN_007120d0,31326,0,"FUN_00409580 FUN_004095f0 FUN_00409760 FUN_004099f0 FUN_00438c00 FUN_00438fc0 FUN_004397f0 FUN_004636b0 FUN_00466670 FUN_0048c750 FUN_0048cb50 FUN_0048d000 FUN_00820230"
00719cc0,FUN_00719cc0,1906,0,"FUN_004294d0 FUN_004294f0 FUN_00429510 FUN_00429530 FUN_00438930 FUN_0043e2c0 FUN_004636b0 FUN_0046eb30 FUN_00486fe0"
0071a5d0,FUN_0071a5d0,15,0,""
0071a5e0,FUN_0071a5e0,72373,0,"FUN_00409580 FUN_004095f0 FUN_00409760 FUN_004098d0 FUN_004099f0 FUN_00438bb0 FUN_00438c00 FUN_00438c60 FUN_00438ce0 FUN_004393b0 FUN_00439470 FUN_00439490 FUN_004397f0 FUN_00456c80 FUN_00463530 FUN_004636b0 FUN_004639f0 FUN_00464980 FUN_004649b0 FUN_00468de0 FUN_00469c70 FUN_0046b370 FUN_0046eb30 FUN_0047a9e0 FUN_00483d60 FUN_00483db0 FUN_00483f40 FUN_00487740 FUN_004877c0 FUN_00487870 FUN_00487c20 FUN_00487ca0 FUN_00487e90 FUN_00487ea0 FUN_0071a5d0 FUN_00820230"
0072c5d0,FUN_0072c5d0,2846,0,"FUN_004099f0 FUN_00456c80 FUN_00469ef0 FUN_00487c20 FUN_00820230"
0072d0f0,FUN_0072d0f0,1981,0,"FUN_00438bb0 FUN_004636b0 FUN_00464980 FUN_0048b210"
0072db10,FUN_0072db10,49,0,"_free"
0072db60,FUN_0072db60,237,0,"FUN_004adaa0 FUN_0057a500 FUN_0072db10 FUN_0081ff70"
0072dc60,FUN_0072dc60,178,0,"FUN_0040af10 FUN_0081ff70 _free"
0072dd70,FUN_0072dd70,27,0,"FUN_0072dc60 _free"
0072dd90,FUN_0072dd90,113,0,"FUN_004adcc0 FUN_00609410"
0072de10,FUN_0072de10,27,0,"FUN_0072db60 _free"
0072de30,FUN_0072de30,130,0,"FUN_0040aec0 FUN_00412c80"
0072dec0,FUN_0072dec0,454,0,"FUN_00402970 FUN_0040af30 FUN_0040af40 FUN_0040dfc0 FUN_00633660 FUN_0072dd90 FUN_007ebdf0 FUN_0081fbdc FUN_0081ff70"
0072e090,FUN_0072e090,103,0,"FUN_00609410 FUN_0072de30"
0072e100,FUN_0072e100,94,0,"FUN_0047d030 FUN_006fb680 FUN_0072dec0"
0072e160,FUN_0072e160,100,0,"FUN_006339f0 FUN_0072db10 FUN_0072dc60"
0072e1d0,FUN_0072e1d0,27,0,"FUN_0072e160 _free"
0072e1f0,FUN_0072e1f0,117,0,"FUN_0047d030 FUN_006339f0 FUN_006fb680 FUN_0072dec0"
0072e270,FUN_0072e270,123,0,"FUN_0072e090 FUN_0072e1f0"
0072e2f0,FUN_0072e2f0,8,0,"FUN_0072e450"
0072e300,FUN_0072e300,225,0,"FUN_0072e100 FUN_0074c890 _memcpy thunk_FUN_0081fbdc"
0072e3f0,FUN_0072e3f0,81,0,"FUN_0072e160"
0072e450,FUN_0072e450,27,0,"FUN_0072e3f0 _free"
0072e470,FUN_0072e470,126,0,"FUN_0046c330 FUN_0072e270 FUN_0081fbdc"
0072e4f0,FUN_0072e4f0,8052,0,"FUN_00439850 FUN_00456c80 FUN_00463530 FUN_00468e80 FUN_0046cac0 FUN_0046d950 FUN_00483ce0 FUN_00487890 FUN_004878c0 FUN_00487900 FUN_00487990 FUN_00487ab0 FUN_00487b60 FUN_00487ba0 FUN_00489610 FUN_00489660 FUN_00489e90 FUN_0048a220 FUN_0048a380 FUN_0048a470 FUN_0048a560 FUN_0048a700"
007304d0,FUN_007304d0,34472,0,"FUN_00409580 FUN_004095f0 FUN_004096a0 FUN_004096d0 FUN_00409760 FUN_004099f0 FUN_00438c00 FUN_00438c60 FUN_004397f0 FUN_00469ef0 FUN_0048c750 FUN_0048c980 FUN_0048cca0 FUN_0048cde0 FUN_0048ce30 FUN_0048ce90 FUN_0048cf60 FUN_0048db20 FUN_004b0e40 FUN_004b0f20 FUN_00820230"
00738f70,FUN_00738f70,10566,0,"FUN_00409580 FUN_004095f0 FUN_004099f0 FUN_00438c00 FUN_004397f0 FUN_00466670 FUN_0048c650 FUN_0048c750 FUN_0048cb50 FUN_0048d000 FUN_004b0f50 FUN_0050ced0 FUN_00820230"
0073ba30,FUN_0073ba30,1532,0,"FUN_004294d0 FUN_004294f0 FUN_00429510 FUN_00429530 FUN_00438930 FUN_004636b0 FUN_0046eb30"
0073c1b0,FUN_0073c1b0,59101,0,"FUN_00409580 FUN_004095f0 FUN_00409760 FUN_004098d0 FUN_004099f0 FUN_00438bb0 FUN_00438c60 FUN_00438ce0 FUN_004393b0 FUN_00439470 FUN_00439490 FUN_004397f0 FUN_00456c80 FUN_00463530 FUN_004636b0 FUN_004639f0 FUN_00464980 FUN_00468de0 FUN_00469c70 FUN_0046b370 FUN_0046eb30 FUN_0047a9e0 FUN_00483d60 FUN_00483db0 FUN_00483f40 FUN_00487740 FUN_004877c0 FUN_00487870 FUN_00487c20 FUN_00487ca0 FUN_00487e90 FUN_00487ea0 FUN_00820230"
0074ada0,FUN_0074ada0,1403,0,"FUN_004099f0 FUN_00456c80 FUN_00469ef0 FUN_00487c20"
0074b340,FUN_0074b340,635,0,"FUN_0046eb30 FUN_0048b000"
0074b5c0,FUN_0074b5c0,2193,0,"FUN_00438bb0 FUN_004636b0 FUN_00464980 FUN_0048b210"
0074c0f0,FUN_0074c0f0,237,0,"FUN_004adaa0 FUN_0057a500 FUN_0072db10 FUN_0081ff70"
0074c1f0,FUN_0074c1f0,27,0,"FUN_0074c0f0 _free"
0074c210,FUN_0074c210,178,0,"FUN_0040af10 FUN_0081ff70 _free"
0074c320,FUN_0074c320,27,0,"FUN_0074c210 _free"
0074c340,FUN_0074c340,113,0,"FUN_004adcc0 FUN_00609410"
0074c3c0,FUN_0074c3c0,130,0,"FUN_0040aec0 FUN_00412c80"
0074c450,FUN_0074c450,454,0,"FUN_00402970 FUN_0040af30 FUN_0040af40 FUN_0040dfc0 FUN_00633660 FUN_0074c340 FUN_007ebdf0 FUN_0081fbdc FUN_0081ff70"
0074c620,FUN_0074c620,103,0,"FUN_00609410 FUN_0074c3c0"
0074c690,FUN_0074c690,94,0,"FUN_0047d030 FUN_006fb680 FUN_0074c450"
0074c6f0,FUN_0074c6f0,100,0,"FUN_006339f0 FUN_0072db10 FUN_0074c210"
0074c760,FUN_0074c760,27,0,"FUN_0074c6f0 _free"
0074c780,FUN_0074c780,117,0,"FUN_0047d030 FUN_006339f0 FUN_006fb680 FUN_0074c450"
0074c800,FUN_0074c800,123,0,"FUN_0074c620 FUN_0074c780"
0074c880,FUN_0074c880,8,0,"FUN_0074ca40"
0074c890,FUN_0074c890,81,0,"FUN_0047d030 FUN_006fb680"
0074c8f0,FUN_0074c8f0,225,0,"FUN_0074c690 FUN_0074c890 _memcpy thunk_FUN_0081fbdc"
0074c9e0,FUN_0074c9e0,81,0,"FUN_0074c6f0"
0074ca40,FUN_0074ca40,27,0,"FUN_0074c9e0 _free"
0074ca60,FUN_0074ca60,126,0,"FUN_0046c330 FUN_0074c800 FUN_0081fbdc"
0074cae0,FUN_0074cae0,9736,0,"FUN_00439850 FUN_00456c80 FUN_00463530 FUN_00468e80 FUN_0046cac0 FUN_0046d950 FUN_00483ce0 FUN_00487890 FUN_004878c0 FUN_00487900 FUN_00487990 FUN_00487ab0 FUN_00487b60 FUN_00487ba0 FUN_00489610 FUN_00489660 FUN_00489e90 FUN_0048a220 FUN_0048a380 FUN_0048a470 FUN_0048a560 FUN_0048a700"
0074f190,FUN_0074f190,71572,0,"FUN_00409520 FUN_00409580 FUN_004095f0 FUN_004096a0 FUN_004096d0 FUN_00409760 FUN_004098d0 FUN_004099f0 FUN_00438c00 FUN_00438c60 FUN_00438ce0 FUN_00438fc0 FUN_00439020 FUN_00439470 FUN_004397f0 FUN_00464980 FUN_00469ef0 FUN_0046eb30 FUN_0048c750 FUN_0048c980 FUN_0048cca0 FUN_0048cde0 FUN_0048ce30 FUN_0048ce90 FUN_0048cf60 FUN_0048db20 FUN_004b0e40 FUN_004b0ef0 FUN_004b0f20 FUN_004b0f50 FUN_00820230"
00760e10,FUN_00760e10,16169,0,"FUN_00409580 FUN_004095f0 FUN_004096a0 FUN_004098d0 FUN_004099f0 FUN_00438c00 FUN_00438fc0 FUN_004397f0 FUN_00466670 FUN_0048c750 FUN_0048cb50 FUN_0048d000 FUN_004b0f50 FUN_0050ced0 FUN_00820230"
00764ef0,FUN_00764ef0,2635,0,"FUN_004294d0 FUN_004294f0 FUN_00429510 FUN_00429530 FUN_00438930 FUN_00439470 FUN_0043e2c0 FUN_004636b0 FUN_00464980 FUN_0046eb30 FUN_00487c20"
00765ab0,FUN_00765ab0,3480,0,"FUN_004099f0 FUN_00438c60 FUN_00438ce0 FUN_00439490 FUN_004397f0 FUN_0043e1b0 FUN_00456c80 FUN_004636b0 FUN_00464980 FUN_0046eb30 FUN_0047a9e0 FUN_00483f40 FUN_00487870 FUN_00487c20 FUN_00487ca0 FUN_00487e90 FUN_00487ea0"
00782090,FUN_00782090,1940,0,"FUN_004099f0 FUN_00456c80 FUN_00469ef0 FUN_0046eb30 FUN_00487c20 FUN_00820230"
00782950,FUN_00782950,149,0,"FUN_0046eb30 FUN_0048b000"
007829f0,FUN_007829f0,2893,0,"FUN_00438bb0 FUN_004636b0 FUN_00464980 FUN_0048b210"
00783810,FUN_00783810,237,0,"FUN_004adaa0 FUN_0057a500 FUN_0072db10 FUN_0081ff70"
00783910,FUN_00783910,178,0,"FUN_0040af10 FUN_0081ff70 _free"
00783a20,FUN_00783a20,27,0,"FUN_00783910 _free"
00783a40,FUN_00783a40,46,0,""
00783a70,FUN_00783a70,113,0,"FUN_004adcc0 FUN_00609410"
00783af0,FUN_00783af0,27,0,"FUN_00783810 _free"
00783b10,FUN_00783b10,130,0,"FUN_0040aec0 FUN_00412c80"
00783ba0,FUN_00783ba0,454,0,"FUN_00402970 FUN_0040af30 FUN_0040af40 FUN_0040dfc0 FUN_00633660 FUN_00783a70 FUN_007ebdf0 FUN_0081fbdc FUN_0081ff70"
00783d70,FUN_00783d70,103,0,"FUN_00609410 FUN_00783b10"
00783de0,FUN_00783de0,94,0,"FUN_0047d030 FUN_006fb680 FUN_00783ba0"
00783e40,FUN_00783e40,100,0,"FUN_006339f0 FUN_0072db10 FUN_00783910"
00783eb0,FUN_00783eb0,27,0,"FUN_00783e40 _free"
00783ed0,FUN_00783ed0,117,0,"FUN_0047d030 FUN_006339f0 FUN_006fb680 FUN_00783ba0"
00783f50,FUN_00783f50,123,0,"FUN_00783d70 FUN_00783ed0"
00783fd0,FUN_00783fd0,8,0,"FUN_00784170"
00783fe0,FUN_00783fe0,18,0,"FUN_0045ee90"
00784000,FUN_00784000,18,0,"FUN_0045ee90"
00784020,FUN_00784020,225,0,"FUN_0074c890 FUN_00783de0 _memcpy thunk_FUN_0081fbdc"
00784110,FUN_00784110,81,0,"FUN_00783e40"
00784170,FUN_00784170,27,0,"FUN_00784110 _free"
00784190,FUN_00784190,126,0,"FUN_0046c330 FUN_00783f50 FUN_0081fbdc"
00784210,FUN_00784210,13290,0,"FUN_004099f0 FUN_00439850 FUN_00456c80 FUN_00463530 FUN_00468e80 FUN_0046cac0 FUN_0046d950 FUN_00483ce0 FUN_00487890 FUN_004878c0 FUN_00487900 FUN_00487990 FUN_00487ab0 FUN_00487b60 FUN_00487ba0 FUN_00487be0 FUN_00487c20 FUN_00489610 FUN_00489660 FUN_00489e90 FUN_0048a220 FUN_0048a380 FUN_0048a470 FUN_0048a700"
007876d0,FUN_007876d0,70561,0,"FUN_00409520 FUN_00409580 FUN_004095f0 FUN_004096a0 FUN_00409760 FUN_004099f0 FUN_004388b0 FUN_00438980 FUN_00438c00 FUN_00438c60 FUN_00438ce0 FUN_00438fc0 FUN_00439470 FUN_00439490 FUN_004397f0 FUN_00464980 FUN_00466670 FUN_00469ef0 FUN_00469f30 FUN_00469f50 FUN_0048c750 FUN_0048c980 FUN_0048cca0 FUN_0048cde0 FUN_0048ce30 FUN_0048ce90 FUN_0048cf60 FUN_0048cfc0 FUN_0048db20 FUN_004b0e40 FUN_00558dc0 FUN_00820230"
00799000,FUN_00799000,23568,0,"FUN_00409580 FUN_004095f0 FUN_004098d0 FUN_004099f0 FUN_00438c00 FUN_00466670 FUN_0048c750 FUN_0048cb50 FUN_0048d000 FUN_004b0f50 FUN_0050ced0 FUN_00820230"
0079edc0,FUN_0079edc0,1310,0,"FUN_004294d0 FUN_004294f0 FUN_00429510 FUN_00429530 FUN_004388b0 FUN_00438930 FUN_004636b0 FUN_0046eb30"
0079f440,FUN_0079f440,2520,0,"FUN_00438c60 FUN_00438ce0 FUN_00439490 FUN_004397f0 FUN_00456c80 FUN_00464980 FUN_0046eb30 FUN_0047a9e0 FUN_00483f40 FUN_00487870 FUN_00487c20 FUN_00487ca0 FUN_00487e90"
007b5490,FUN_007b5490,1450,0,"FUN_004099f0 FUN_00456c80 FUN_00469ef0 FUN_00487c20"
007b5b50,FUN_007b5b50,109,0,"FUN_00405110 FUN_0046c570"
007b5bc0,FUN_007b5bc0,655,0,"FUN_00405190 FUN_00439040 FUN_007fb150 FUN_007fb290 FUN_007fb340 FUN_007fb480"
007b5e60,FUN_007b5e60,175,0,"FUN_0046eb30 FUN_0048b000"
007b5f10,FUN_007b5f10,3549,0,"FUN_00438bb0 FUN_00439490 FUN_004636b0 FUN_004639f0 FUN_00464980 FUN_00468de0 FUN_0046b370 FUN_0046eb30 FUN_00487c20 FUN_0048b210"
007b6f90,FUN_007b6f90,27,0,"FUN_007b5b50 _free"
007b6fb0,FUN_007b6fb0,237,0,"FUN_004adaa0 FUN_0057a500 FUN_0072db10 FUN_0081ff70"
007b70b0,FUN_007b70b0,27,0,"FUN_007b6fb0 _free"
007b70d0,FUN_007b70d0,178,0,"FUN_0040af10 FUN_0081ff70 _free"
007b71e0,FUN_007b71e0,27,0,"FUN_007b70d0 _free"
007b7200,FUN_007b7200,113,0,"FUN_004adcc0 FUN_00609410"
007b7280,FUN_007b7280,130,0,"FUN_0040aec0 FUN_00412c80"
007b7310,FUN_007b7310,454,0,"FUN_00402970 FUN_0040af30 FUN_0040af40 FUN_0040dfc0 FUN_00633660 FUN_007b7200 FUN_007ebdf0 FUN_0081fbdc FUN_0081ff70"
007b74e0,FUN_007b74e0,103,0,"FUN_00609410 FUN_007b7280"
007b7550,FUN_007b7550,94,0,"FUN_0047d030 FUN_006fb680 FUN_007b7310"
007b75b0,FUN_007b75b0,100,0,"FUN_006339f0 FUN_0072db10 FUN_007b70d0"
007b7620,FUN_007b7620,27,0,"FUN_007b75b0 _free"
007b7640,FUN_007b7640,117,0,"FUN_0047d030 FUN_006339f0 FUN_006fb680 FUN_007b7310"
007b76c0,FUN_007b76c0,123,0,"FUN_007b74e0 FUN_007b7640"
007b7740,FUN_007b7740,8,0,"FUN_007b78a0"
007b7750,FUN_007b7750,225,0,"FUN_0074c890 FUN_007b7550 _memcpy thunk_FUN_0081fbdc"
007b7840,FUN_007b7840,81,0,"FUN_007b75b0"
007b78a0,FUN_007b78a0,27,0,"FUN_007b7840 _free"
007b78c0,FUN_007b78c0,245,0,"FUN_00405030 FUN_0040f2d0 FUN_0040f320 FUN_0046c330 FUN_007b76c0 FUN_0081fbdc"
007b79c0,FUN_007b79c0,9829,0,"FUN_00439850 FUN_00456c80 FUN_00463530 FUN_00468e80 FUN_0046cac0 FUN_0046d950 FUN_00483ce0 FUN_00487890 FUN_004878c0 FUN_00487900 FUN_00487990 FUN_00487ab0 FUN_00487b60 FUN_00487ba0 FUN_00489610 FUN_00489660 FUN_00489e90 FUN_0048a220 FUN_0048a380 FUN_0048a470 FUN_0048a560 FUN_0048a700"
007ba100,FUN_007ba100,233,0,"FUN_00409580 FUN_004095f0"
007ba1f0,FUN_007ba1f0,83786,0,"FUN_00409520 FUN_00409580 FUN_004095f0 FUN_00409650 FUN_004096a0 FUN_00409760 FUN_004099f0 FUN_00438c00 FUN_00438c60 FUN_00438ce0 FUN_00438fc0 FUN_00439020 FUN_00439360 FUN_00439470 FUN_004397f0 FUN_00464980 FUN_00469c70 FUN_00469ef0 FUN_00486fa0 FUN_0048c980 FUN_0048cca0 FUN_0048cde0 FUN_0048ce30 FUN_0048ce90 FUN_0048cf60 FUN_0048db20 FUN_004b0e40 FUN_004b0f20 FUN_004b0f50 FUN_007ba100 FUN_00820230"
007cef20,FUN_007cef20,19423,0,"FUN_00409580 FUN_004095f0 FUN_004098d0 FUN_004099f0 FUN_00438c00 FUN_00438fc0 FUN_004397f0 FUN_00466670 FUN_0048c650 FUN_0048cb50 FUN_0048d000 FUN_004b0f50 FUN_0050ced0 FUN_00820230"
007d3cb0,FUN_007d3cb0,1607,0,"FUN_004294d0 FUN_004294f0 FUN_00429510 FUN_00429530 FUN_00438930 FUN_004636b0 FUN_0046eb30 FUN_00486fe0"
007d4400,FUN_007d4400,89329,0,"FUN_00409580 FUN_004095f0 FUN_00409760 FUN_004098d0 FUN_004099f0 FUN_00438bb0 FUN_00438c60 FUN_00438ce0 FUN_004393b0 FUN_00439470 FUN_00439490 FUN_004397f0 FUN_0043e1b0 FUN_00456c80 FUN_00463530 FUN_004636b0 FUN_004639f0 FUN_00464980 FUN_00466670 FUN_00468de0 FUN_00469c70 FUN_00469ef0 FUN_0046b370 FUN_0046eb30 FUN_0047a9e0 FUN_00483cd0 FUN_00483d60 FUN_00483db0 FUN_00483f40 FUN_00487740 FUN_00487870 FUN_00487c20 FUN_00487ca0 FUN_00487e90 FUN_00487ea0 FUN_00558dc0 FUN_00820230"
007ea6f0,FUN_007ea6f0,212,0,"FUN_004098d0 FUN_004099f0"
007ea7d0,FUN_007ea7d0,1452,0,"FUN_004099f0 FUN_00456c80 FUN_00469ef0 FUN_00487c20 FUN_00820230"
007eae90,FUN_007eae90,43,0,"FUN_0048b000"
007eaec0,FUN_007eaec0,2258,0,"FUN_00438bb0 FUN_004636b0 FUN_00464980 FUN_0048b210"
007ebb20,FUN_007ebb20,237,0,"FUN_004adaa0 FUN_0057a500 FUN_0072db10 FUN_0081ff70"
007ebc20,FUN_007ebc20,178,0,"FUN_0040af10 FUN_0081ff70 _free"
007ebd30,FUN_007ebd30,27,0,"FUN_007ebc20 _free"
007ebd50,FUN_007ebd50,113,0,"FUN_004adcc0 FUN_00609410"
007ebdd0,FUN_007ebdd0,27,0,"FUN_007ebb20 _free"
007ebdf0,FUN_007ebdf0,105,0,"FUN_0044a900 FUN_0081ff70"
007ebe60,FUN_007ebe60,130,0,"FUN_0040aec0 FUN_00412c80"
007ebef0,FUN_007ebef0,454,0,"FUN_00402970 FUN_0040af30 FUN_0040af40 FUN_0040dfc0 FUN_00633660 FUN_007ebd50 FUN_007ebdf0 FUN_0081fbdc FUN_0081ff70"
007ec0c0,FUN_007ec0c0,103,0,"FUN_00609410 FUN_007ebe60"
007ec130,FUN_007ec130,94,0,"FUN_0047d030 FUN_006fb680 FUN_007ebef0"
007ec190,FUN_007ec190,100,0,"FUN_006339f0 FUN_0072db10 FUN_007ebc20"
007ec200,FUN_007ec200,27,0,"FUN_007ec190 _free"
007ec220,FUN_007ec220,117,0,"FUN_0047d030 FUN_006339f0 FUN_006fb680 FUN_007ebef0"
007ec2a0,FUN_007ec2a0,123,0,"FUN_007ec0c0 FUN_007ec220"
007ec320,FUN_007ec320,8,0,"FUN_007ec4a0"
007ec330,FUN_007ec330,18,0,"FUN_0045ee90"
007ec350,FUN_007ec350,225,0,"FUN_0074c890 FUN_007ec130 _memcpy thunk_FUN_0081fbdc"
007ec440,FUN_007ec440,81,0,"FUN_007ec190"
007ec4a0,FUN_007ec4a0,27,0,"FUN_007ec440 _free"
007ec4c0,FUN_007ec4c0,126,0,"FUN_0046c330 FUN_007ec2a0 FUN_0081fbdc"
007ec540,FUN_007ec540,7845,0,"FUN_00439850 FUN_00456c80 FUN_00463530 FUN_00468e80 FUN_0046cac0 FUN_0046d950 FUN_00483ce0 FUN_00487890 FUN_004878c0 FUN_00487900 FUN_00487990 FUN_00487ab0 FUN_00487b60 FUN_00487ba0 FUN_00489610 FUN_00489660 FUN_00489e90 FUN_0048a220 FUN_0048a380 FUN_0048a470 FUN_0048a560 FUN_0048a700"
007ee460,FUN_007ee460,37017,0,"FUN_00409580 FUN_004095f0 FUN_004096d0 FUN_00409760 FUN_004097a0 FUN_004099f0 FUN_00438c00 FUN_00438c60 FUN_00438ce0 FUN_00439490 FUN_004397f0 FUN_00464980 FUN_00469ef0 FUN_00486fa0 FUN_0048c980 FUN_0048cca0 FUN_0048cde0 FUN_0048ce30 FUN_0048ce90 FUN_0048cf60 FUN_0048db20 FUN_004b0e40 FUN_004b0ef0 FUN_004b0f50 FUN_00820230"
007f78c0,FUN_007f78c0,12538,0,"FUN_00409580 FUN_004095f0 FUN_004099f0 FUN_00438c00 FUN_004397f0 FUN_00466670 FUN_0048cb50 FUN_0048d000 FUN_004b0f50 FUN_00820230"
007fab20,FUN_007fab20,1076,0,"FUN_004294d0 FUN_004294f0 FUN_00429510 FUN_00429530 FUN_00438930 FUN_004636b0 FUN_00464980 FUN_0046eb30"
007fb020,FUN_007fb020,50,0,"FUN_00418190"
007fb060,FUN_007fb060,20,0,"FUN_004181e0"
007fb080,FUN_007fb080,199,0,"FUN_004075d0"
007fb150,FUN_007fb150,173,0,"FUN_004075d0"
007fb200,FUN_007fb200,140,0,"FUN_004075d0"
007fb290,FUN_007fb290,167,0,"FUN_004076b0"
007fb340,FUN_007fb340,307,0,"FUN_004076b0 FUN_007fb290"
007fb480,FUN_007fb480,224,0,"FUN_004076b0"
007fb590,FUN_007fb590,830,0,"CloseHandle CreateMutexA CreateWindowExA FUN_00407790 FUN_00407970 FUN_00407b50 FUN_00407cf0 FUN_0040d1d0 FUN_0040f2d0 FUN_0040f340 FUN_0043dc00 FUN_0081fbdc GetLastError GetModuleFileNameA GetStockObject GetSystemMetrics LoadCursorA LoadIconA MessageBoxA RegisterClassExA SetCurrentDirectoryA ShowWindow UpdateWindow __security_check_cookie _strcat_s _strrchr wsprintfA"
007fb8ce,FUN_007fb8ce,11,0,"FUN_00401740"
007fb8d9,FUN_007fb8d9,33,0,"FUN_00401740 _free"
007fb8fb,FUN_007fb8fb,62,0,"FUN_00401670 FUN_00401dc0 __CxxThrowException@8 __EH_prolog3"
007fb93a,FUN_007fb93a,62,0,"FUN_00401670 FUN_00401dc0 __CxxThrowException@8 __EH_prolog3"
007fb991,thunk_FUN_0081fbdc,5,0,""
007fb9a0,FUN_007fb9a0,39,0,""
007fb9d0,FUN_007fb9d0,79,0,"_memcpy"
007fba20,FUN_007fba20,2014,0,"FUN_007fb9a0 FUN_007fb9d0 FUN_007fd680 FUN_007fef30 FUN_008007b0 FUN_00800850 _memset"
007fc200,FUN_007fc200,210,0,""
007fc2e0,FUN_007fc2e0,134,0,"_memset"
007fc370,FUN_007fc370,380,0,""
007fc4f0,FUN_007fc4f0,194,0,""
007fc5c0,FUN_007fc5c0,334,0,"FUN_007fd680 FUN_007fef30 _memcpy"
007fc8f0,FUN_007fc8f0,877,0,"FUN_007fb9d0 FUN_007fc370 FUN_007fc4f0 FUN_007fc5c0 FUN_00800a40 _memcpy"
007fd0f0,FUN_007fd0f0,143,0,"FUN_007fc2e0 FUN_007fd680 FUN_007fef30 FUN_008003e0"
007fd180,FUN_007fd180,541,0,"FUN_007fc200 FUN_007fd0f0 FUN_00800c50"
007fd3a0,FUN_007fd3a0,37,0,"FUN_007fd180"
007fd3d0,FUN_007fd3d0,6,0,""
007fd3e0,FUN_007fd3e0,657,0,""
007fd680,FUN_007fd680,24,0,"FUN_007fd3e0"
007fd6a0,FUN_007fd6a0,93,0,""
007fd700,FUN_007fd700,203,0,"FUN_007fd6a0 FUN_00800c50 FUN_00800c70"
007fd7d0,FUN_007fd7d0,26,0,"FUN_007fd700"
007fd7f0,FUN_007fd7f0,231,0,"_memcpy"
007fd8e0,FUN_007fd8e0,5479,0,"FUN_007fd680 FUN_007fd7f0 FUN_007fef30 FUN_00800c80 FUN_00801140 _memcpy"
007feee0,FUN_007feee0,74,0,""
007fef30,FUN_007fef30,617,0,""
007ff1b0,FUN_007ff1b0,110,0,""
007ff220,FUN_007ff220,198,0,""
007ff2f0,FUN_007ff2f0,529,0,""
007ff510,FUN_007ff510,226,0,""
007ff600,FUN_007ff600,1285,0,""
007ffb10,FUN_007ffb10,603,0,"FUN_007ff600"
007ffd70,FUN_007ffd70,1035,0,""
00800180,FUN_00800180,203,0,""
00800250,FUN_00800250,117,0,""
008002d0,FUN_008002d0,115,0,""
00800350,FUN_00800350,130,0,"FUN_008002d0"
008003e0,FUN_008003e0,100,0,"FUN_007ff1b0"
00800450,FUN_00800450,144,0,"__security_check_cookie"
008004e0,FUN_008004e0,503,0,"FUN_007ff220 FUN_007ff2f0 FUN_00800450"
008006e0,FUN_008006e0,198,0,"FUN_007ff510 FUN_008004e0"
008007b0,FUN_008007b0,159,0,"FUN_00800350"
00800850,FUN_00800850,493,0,"FUN_00800250"
00800a40,FUN_00800a40,526,0,"FUN_007ff1b0 FUN_007ffb10 FUN_007ffd70 FUN_00800180 FUN_008002d0 FUN_008004e0 FUN_008006e0 FUN_008007b0"
00800c50,FUN_00800c50,19,0,"_malloc"
00800c70,FUN_00800c70,10,0,"_free"
00800c80,FUN_00800c80,1202,0,""
00801140,FUN_00801140,1256,0,"__security_check_cookie"
0080162e,ImmSetCandidateWindow,6,2,""
00801634,ImmGetContext,6,1,""
0080163a,ImmReleaseContext,6,2,""
00801640,ImmGetCompositionStringA,6,4,""
00801650,FUN_00801650,756,0,"ExitProcess FUN_007fd7d0 FUN_00804d50 FUN_00806090 FUN_008060e0 FUN_00806190 FUN_00806250 FUN_00806310 FUN_00806340 FUN_00806440 FUN_008064c0 FUN_008064e0 __security_check_cookie __setjmp3 __snprintf"
00801960,FUN_00801960,4810,0,"FUN_00804d60 FUN_008065d0 FUN_00806710 FUN_00807870 FUN_008079a0 FUN_00807b00 FUN_00807ca0 FUN_00807cf0 FUN_00807e30 FUN_00807fa0 FUN_008082c0 FUN_008084b0 FUN_00808730 FUN_00808a10 FUN_00808ca0 FUN_00808ef0 FUN_00809080 FUN_008091d0 FUN_00809340 FUN_00809670 FUN_00809850 FUN_00809970 FUN_00809b20 FUN_00809d30 FUN_00809ff0 __security_check_cookie"
00802c30,FUN_00802c30,1308,0,"FUN_007fd8e0 FUN_008065d0 FUN_00806600 FUN_008067a0 FUN_00806be0 FUN_00806ee0 FUN_00807350 FUN_00807530 FUN_00807870 FUN_008078f0 FUN_0080a260 FUN_0080de00 FUN_0080ded0 __security_check_cookie _memcpy"
00803170,FUN_00803170,4435,0,"FUN_00804d60 FUN_00806600 FUN_00807870 FUN_008078f0 FUN_008079a0 FUN_00807b00 FUN_00807ca0 FUN_00807cf0 FUN_00807e30 FUN_00807fa0 FUN_008082c0 FUN_008084b0 FUN_00808730 FUN_00808a10 FUN_00808ca0 FUN_00808ef0 FUN_00809080 FUN_008091d0 FUN_00809340 FUN_00809670 FUN_00809850 FUN_00809970 FUN_00809b20 FUN_00809d30 FUN_00809ff0 __security_check_cookie"
008042f0,FUN_008042f0,652,0,"FUN_007feee0 FUN_00804ce0 FUN_00806310 _memset thunk_FUN_00806310"
00804590,FUN_00804590,35,0,"FUN_00801650"
008045c0,FUN_008045c0,195,0,"FUN_008042f0 FUN_00804900 FUN_00806190"
00804690,FUN_00804690,45,0,"FUN_008065d0"
008046c0,FUN_008046c0,298,0,"__security_check_cookie"
008047f0,FUN_008047f0,79,0,"FUN_008062c0 FUN_008064e0"
00804840,thunk_FUN_00806310,5,0,""
00804850,FUN_00804850,25,0,"FUN_007fd680"
00804870,FUN_00804870,73,0,"FUN_007fd680"
008048c0,FUN_008048c0,57,0,"FUN_00806280 FUN_008062a0 _memset"
00804900,FUN_00804900,977,0,"FUN_00804900 FUN_00806310 thunk_FUN_00806310"
00804ce0,FUN_00804ce0,91,0,"FUN_008048c0 FUN_00804900 FUN_00806310"
00804d40,FUN_00804d40,13,0,""
00804d50,FUN_00804d50,6,0,""
00804d60,FUN_00804d60,236,0,""
00804e50,FUN_00804e50,532,0,"FUN_008064e0 FUN_008065d0"
00805070,FUN_00805070,155,0,""
008051c0,FUN_008051c0,86,0,"FUN_00805070"
00805220,FUN_00805220,121,0,"FUN_00820230 FUN_00822960"
008052a0,FUN_008052a0,70,0,"FUN_00820230 FUN_00822960"
008052f0,FUN_008052f0,74,0,"FUN_00820230 FUN_00822960"
00805340,FUN_00805340,74,0,"FUN_00820230 FUN_00822960"
00805390,FUN_00805390,114,0,""
00805410,FUN_00805410,113,0,"FUN_00821f10 FUN_00822960"
00805490,FUN_00805490,114,0,"FUN_00821f10 FUN_00822960"
00805510,FUN_00805510,55,0,"FUN_00805410 FUN_00805490"
00805550,FUN_00805550,21,0,""
00805570,FUN_00805570,397,0,"FUN_00805550 FUN_008062c0 FUN_00806370 FUN_00821f10 FUN_00822960"
00805700,FUN_00805700,317,0,"FUN_00805490 FUN_008062c0 FUN_00806370"
00805850,FUN_00805850,80,0,"FUN_00805410 FUN_00805550 FUN_008062c0"
008058a0,FUN_008058a0,450,0,"FUN_008052a0 FUN_008052f0 FUN_00805340 FUN_00805570 FUN_00805700 FUN_00805850"
00805a70,FUN_00805a70,64,0,"FUN_008048c0 FUN_008060e0"
00805ab0,FUN_00805ab0,443,0,"FUN_00805390 FUN_008064e0"
00805c70,FUN_00805c70,13,0,""
00805c80,FUN_00805c80,139,0,""
00805d10,FUN_00805d10,52,0,""
00805d50,FUN_00805d50,81,0,""
00805db0,FUN_00805db0,392,0,""
00805f40,FUN_00805f40,227,0,""
00806030,FUN_00806030,28,0,"FUN_008065d0"
00806050,FUN_00806050,52,0,"FUN_008065d0 FUN_00822d1d"
00806090,FUN_00806090,75,0,"FUN_008064e0"
008060e0,FUN_008060e0,164,0,"__security_check_cookie _malloc _memset"
00806190,FUN_00806190,114,0,"__security_check_cookie _free"
00806210,FUN_00806210,28,0,"_malloc"
00806230,FUN_00806230,22,0,"_free"
00806250,FUN_00806250,39,0,""
00806280,FUN_00806280,18,0,"FUN_008060e0"
008062a0,FUN_008062a0,18,0,"FUN_00806190"
008062c0,FUN_008062c0,69,0,"FUN_00806210 FUN_008065d0"
00806310,FUN_00806310,42,0,"FUN_00806230"
00806340,FUN_00806340,47,0,"FUN_008062c0"
00806370,FUN_00806370,43,0,"FUN_008062c0 _memset"
008063a0,FUN_008063a0,153,0,""
00806440,FUN_00806440,26,0,""
00806460,FUN_00806460,34,0,"ExitProcess"
008064c0,FUN_008064c0,30,0,""
008064e0,FUN_008064e0,125,0,"FUN_00822d38 FUN_00822e87"
00806540,FUN_00806540,72,0,"FUN_008063a0 FUN_008064e0 __security_check_cookie"
00806590,FUN_00806590,58,0,"FUN_00806460 FUN_00822d38 FUN_00822e87"
008065d0,FUN_008065d0,39,0,"FUN_00806590"
00806600,FUN_00806600,33,0,"FUN_008064e0 FUN_008065d0"
00806630,FUN_00806630,45,0,"FUN_008063a0 FUN_008065d0"
00806660,FUN_00806660,34,0,"FUN_00806540 FUN_00806630"
00806690,FUN_00806690,57,0,"FUN_008065d0"
008066d0,FUN_008066d0,61,0,"FUN_008064e0"
00806710,FUN_00806710,141,0,"FUN_008046c0 FUN_00806030 FUN_008065d0"
008067a0,FUN_008067a0,42,0,"FUN_00804870 FUN_00806030"
008067d0,FUN_008067d0,132,0,"FUN_00806030"
00806860,FUN_00806860,337,0,"FUN_007fd6a0 FUN_007fd8e0 FUN_008064e0 __security_check_cookie __snprintf _memcpy"
008069c0,FUN_008069c0,439,0,"FUN_00806310 FUN_00806340 FUN_008064e0 FUN_00806860 __security_check_cookie __snprintf _memcpy"
00806b80,FUN_00806b80,95,0,"FUN_00806630"
00806be0,FUN_00806be0,764,0,"_memcpy"
00806ee0,FUN_00806ee0,1123,0,"__security_check_cookie _memcpy"
00807350,FUN_00807350,450,0,"FUN_008065d0"
00807530,FUN_00807530,819,0,"FUN_008062c0 FUN_00806310 FUN_00806370 FUN_008065d0 FUN_0080a610 _memset"
00807870,FUN_00807870,124,0,"FUN_00804850 FUN_00804870 FUN_00806030 FUN_00806690 FUN_00806b80 __security_check_cookie"
008078f0,FUN_008078f0,161,0,"FUN_00806540 FUN_00806660 FUN_008067a0 FUN_008067d0"
008079a0,FUN_008079a0,345,0,"FUN_008065d0 FUN_00806690 FUN_008067a0 FUN_008078f0 FUN_0080e580 __security_check_cookie"
00807b00,FUN_00807b00,407,0,"FUN_008064e0 FUN_008065d0 FUN_008067a0 FUN_008078f0 FUN_0080ea20"
00807ca0,FUN_00807ca0,69,0,"FUN_008064e0 FUN_008065d0 FUN_008078f0"
00807cf0,FUN_00807cf0,312,0,"FUN_008064e0 FUN_008065d0 FUN_008066d0 FUN_008067a0 FUN_008078f0 FUN_0080e470 FUN_00822d38 FUN_00822e87"
00807e30,FUN_00807e30,362,0,"FUN_008064e0 FUN_008065d0 FUN_008067a0 FUN_008078f0 FUN_0080eac0"
00807fa0,FUN_00807fa0,787,0,"FUN_008064e0 FUN_008065d0 FUN_008066d0 FUN_008067a0 FUN_008078f0 FUN_0080e3d0 FUN_00822d38 FUN_00822e87 __security_check_cookie"
008082c0,FUN_008082c0,491,0,"FUN_008064e0 FUN_008065d0 FUN_008067a0 FUN_008078f0 FUN_0080eb10 FUN_00822d38 FUN_00822e87"
008084b0,FUN_008084b0,630,0,"FUN_008062c0 FUN_00806310 FUN_008064e0 FUN_008065d0 FUN_008067a0 FUN_008069c0 FUN_008078f0 FUN_0080eb70 __security_check_cookie __snprintf"
00808730,FUN_00808730,725,0,"FUN_008062c0 FUN_00806310 FUN_00806340 FUN_008064e0 FUN_008065d0 FUN_008067a0 FUN_008078f0 FUN_0080f040"
00808a10,FUN_00808a10,641,0,"FUN_008064e0 FUN_008065d0 FUN_008067a0 FUN_008078f0 FUN_0080ef50 __security_check_cookie"
00808ca0,FUN_00808ca0,585,0,"FUN_008064e0 FUN_008065d0 FUN_008067a0 FUN_008078f0 FUN_0080e3a0 __security_check_cookie"
00808ef0,FUN_00808ef0,389,0,"FUN_008064e0 FUN_008065d0 FUN_008067a0 FUN_008078f0 FUN_0080e4c0 __security_check_cookie"
00809080,FUN_00809080,323,0,"FUN_008064e0 FUN_008065d0 FUN_008067a0 FUN_008078f0 FUN_0080e9f0 __security_check_cookie"
008091d0,FUN_008091d0,365,0,"FUN_008064e0 FUN_008065d0 FUN_008067a0 FUN_008078f0 FUN_0080e660 __security_check_cookie"
00809340,FUN_00809340,806,0,"FUN_00806310 FUN_00806340 FUN_008064e0 FUN_008065d0 FUN_008067a0 FUN_008078f0 FUN_0080e690"
00809670,FUN_00809670,465,0,"FUN_00805070 FUN_00806310 FUN_00806340 FUN_008064e0 FUN_008065d0 FUN_008067a0 FUN_008078f0 FUN_0080e880"
00809850,FUN_00809850,285,0,"FUN_008064e0 FUN_008065d0 FUN_008067a0 FUN_008078f0 FUN_0080ef20 __security_check_cookie"
00809970,FUN_00809970,420,0,"FUN_00806310 FUN_00806340 FUN_008064e0 FUN_008065d0 FUN_008067a0 FUN_008078f0 FUN_0080ec60 lstrlenA"
00809b20,FUN_00809b20,516,0,"FUN_00806310 FUN_00806340 FUN_008064e0 FUN_008065d0 FUN_008067a0 FUN_008069c0 FUN_008078f0 FUN_0080ec60"
00809d30,FUN_00809d30,689,0,"FUN_00806310 FUN_00806340 FUN_008064e0 FUN_008065d0 FUN_008067a0 FUN_008069c0 FUN_008078f0 FUN_0080ec60 lstrlenA"
00809ff0,FUN_00809ff0,618,0,"FUN_00804d60 FUN_008062c0 FUN_00806310 FUN_008064e0 FUN_00806630 FUN_008067a0 FUN_008078f0 FUN_0080f1d0 __security_check_cookie"
0080a260,FUN_0080a260,867,0,"FUN_007fd6a0 FUN_007fd8e0 FUN_008064e0 FUN_008065d0 FUN_008067a0 FUN_00807870 FUN_008078f0 __security_check_cookie _memset"
0080a5d0,FUN_0080a5d0,50,0,"FUN_00805220 FUN_00805550"
0080a610,FUN_0080a610,2536,0,"FUN_008052a0 FUN_00805340 FUN_00805410 FUN_00805510 FUN_00805550 FUN_008058a0 FUN_008065d0 FUN_0080a5d0"
0080b000,FUN_0080b000,318,0,""
0080b140,FUN_0080b140,431,0,""
0080b320,FUN_0080b320,77,0,""
0080b370,FUN_0080b370,374,0,""
0080b4f0,FUN_0080b4f0,206,0,""
0080b5d0,FUN_0080b5d0,790,0,""
0080b8f0,FUN_0080b8f0,437,0,""
0080bab0,FUN_0080bab0,1785,0,""
0080c1c0,FUN_0080c1c0,4001,0,""
0080d1c0,FUN_0080d1c0,913,0,""
0080d580,FUN_0080d580,576,0,""
0080d7d0,FUN_0080d7d0,1125,0,""
0080dc40,FUN_0080dc40,74,0,""
0080dc90,FUN_0080dc90,358,0,""
0080de00,FUN_0080de00,201,0,""
0080ded0,FUN_0080ded0,1224,0,"FUN_00805c80 FUN_00805d10 FUN_00805d50 FUN_00805db0 FUN_00805f40 FUN_008064e0 FUN_008065d0 FUN_0080b000 FUN_0080b140 FUN_0080b320 FUN_0080b370 FUN_0080b4f0 FUN_0080b5d0 FUN_0080b8f0 FUN_0080bab0 FUN_0080c1c0 FUN_0080d1c0 FUN_0080d580 FUN_0080d7d0 FUN_0080dc40 FUN_0080dc90 __security_check_cookie __snprintf"
0080e3a0,FUN_0080e3a0,43,0,""
0080e3d0,FUN_0080e3d0,158,0,"FUN_00805ab0"
0080e470,FUN_0080e470,70,0,"FUN_008064e0"
0080e4c0,FUN_0080e4c0,181,0,"FUN_00804900 FUN_00806340 FUN_008064e0"
0080e580,FUN_0080e580,209,0,"FUN_00804e50"
0080e660,FUN_0080e660,44,0,""
0080e690,FUN_0080e690,494,0,"FUN_008051c0 FUN_00806340 FUN_008064e0 FUN_008065d0 _memcpy _memset lstrlenA"
0080e880,FUN_0080e880,357,0,"FUN_008051c0 FUN_00806310 FUN_00806340 FUN_008064e0 FUN_008065d0 _memcpy lstrlenA"
0080e9f0,FUN_0080e9f0,44,0,""
0080ea20,FUN_0080ea20,151,0,"FUN_00804900 FUN_00806370 FUN_008064e0 FUN_008065d0 _memcpy"
0080eac0,FUN_0080eac0,35,0,""
0080eaf0,FUN_0080eaf0,30,0,""
0080eb10,FUN_0080eb10,95,0,"FUN_0080e3d0 FUN_0080e470 FUN_0080eaf0"
0080eb70,FUN_0080eb70,237,0,"FUN_00804900 FUN_00806310 FUN_00806340 FUN_008064e0 _memcpy lstrlenA"
0080ec60,FUN_0080ec60,694,0,"FUN_00806310 FUN_00806340 FUN_008064e0 _memcpy lstrlenA"
0080ef20,FUN_0080ef20,47,0,""
0080ef50,FUN_0080ef50,233,0,"FUN_00804900 FUN_008062c0 FUN_008064e0 _memcpy"
0080f040,FUN_0080f040,380,0,"FUN_00806310 FUN_00806340 FUN_008064e0 _memcpy lstrlenA"
0080f1d0,FUN_0080f1d0,334,0,"FUN_00806310 FUN_00806340 FUN_008064e0 _memcpy"
008106a0,FUN_008106a0,221,0,"FUN_00812990 FUN_00812a50 FUN_00813260 FUN_00813680 FUN_0084bdb0 FUN_0084bf50 _free"
008107a0,FUN_008107a0,76,0,"FUN_008107f0 FUN_00810b90"
008107f0,FUN_008107f0,274,0,"FUN_008106a0 FUN_00810910 FUN_0084bd40 FUN_0084bf30 FUN_0084bf80 FUN_0084c000 _calloc"
00810910,FUN_00810910,321,0,"FUN_00810a60 FUN_00812970 FUN_00812990 FUN_00812a20 FUN_00812a50 FUN_00812bc0 FUN_0084bce0 FUN_0084c170 FUN_0084c4d0 FUN_0084c4f0"
00810a60,FUN_00810a60,190,0,"FUN_00810b20 FUN_0084c020"
00810b20,FUN_00810b20,100,0,"FUN_008231c0 FUN_0084bf80 FUN_0084c000"
00810b90,FUN_00810b90,79,0,"FUN_008106a0 FUN_00810be0"
00810be0,FUN_00810be0,249,0,"FUN_00810ce0 FUN_00810e40 FUN_00811060 FUN_00811470 FUN_0084bce0"
00810ce0,FUN_00810ce0,274,0,"FUN_00810a60 FUN_00810e00"
00810e00,FUN_00810e00,54,0,"FUN_0084c460"
00810e40,FUN_00810e40,540,0,"FUN_00810a60 FUN_00810e00 FUN_00810e40 FUN_0084bce0 __alldiv _malloc"
00811060,FUN_00811060,733,0,"FUN_00810910 FUN_00810a60 FUN_00810ce0 FUN_00810e00 FUN_00812990 FUN_00812a50 FUN_00814260 FUN_008232ba FUN_0084bc00 FUN_0084bce0 FUN_0084c170 FUN_0084c4d0 FUN_0084c4f0 _malloc"
00811340,FUN_00811340,41,0,"FUN_00813260 FUN_00813680"
00811370,FUN_00811370,103,0,"FUN_00811370"
008113e0,FUN_008113e0,139,0,"FUN_008113e0"
00811470,FUN_00811470,787,0,"FUN_00810a60 FUN_00810e00 FUN_00811340 FUN_00811370 FUN_008138b0 FUN_00814260 FUN_0084bbf0 FUN_0084bce0 FUN_0084bd40 FUN_0084bdb0 FUN_0084c170 FUN_0084c480 FUN_0084c4d0 FUN_0084c4f0"
00811790,FUN_00811790,1516,0,"FUN_00810a60 FUN_00810ce0 FUN_00810e00 FUN_00811340 FUN_00811370 FUN_00811470 FUN_008138b0 FUN_0084bbd0 FUN_0084bc00 FUN_0084bce0 FUN_0084c170 FUN_0084c4d0 FUN_0084c4f0 FUN_0084c640 __alldiv __allmul"
00811d80,FUN_00811d80,763,0,"FUN_00810a60 FUN_00811340 FUN_00811370 FUN_00811790 FUN_00812080 FUN_00812100 FUN_00812a00 FUN_00813950 FUN_00813fa0 FUN_00814000 FUN_00814180 FUN_00814260 FUN_0084bce0 FUN_0084c170 FUN_0084c4d0 FUN_0084c4f0 FUN_0084c640"
00812080,FUN_00812080,122,0,"FUN_00813130 FUN_00813920"
00812100,FUN_00812100,708,0,"FUN_00810910 FUN_00810a60 FUN_00811340 FUN_00812080 FUN_00812990 FUN_00812a50 FUN_00813950 FUN_00813fa0 FUN_00814030 FUN_0084bce0 FUN_0084c170 FUN_0084c4d0 FUN_0084c4f0"
008123d0,FUN_008123d0,247,0,"FUN_00811370 FUN_008113e0 FUN_00811d80 __ftol"
008124d0,FUN_008124d0,225,0,"FUN_00811370 FUN_008113e0"
008125c0,FUN_008125c0,58,0,""
00812600,FUN_00812600,860,0,"FUN_00812100 FUN_008125c0 FUN_00812960 FUN_00813fa0 FUN_00814000"
00812960,FUN_00812960,3,0,""
00812970,FUN_00812970,18,0,""
00812990,FUN_00812990,96,0,"_free"
00812a00,FUN_00812a00,23,0,""
00812a20,FUN_00812a20,38,0,"_calloc"
00812a50,FUN_00812a50,344,0,"FUN_00814300 FUN_00816fb0 FUN_00816fd0 _free"
00812bc0,FUN_00812bc0,256,0,"FUN_00812cc0 FUN_00812cf0 FUN_00812dd0 FUN_00812eb0 FUN_0084c7f0 FUN_0084c900"
00812cc0,FUN_00812cc0,46,0,"FUN_0084c900"
00812cf0,FUN_00812cf0,215,0,"FUN_00812a50 FUN_0084c900"
00812dd0,FUN_00812dd0,216,0,"FUN_00812990 FUN_00812cc0 FUN_0084c900 _calloc"
00812eb0,FUN_00812eb0,631,0,"FUN_00812a50 FUN_008174e0 FUN_0084c900 _calloc"
00813130,FUN_00813130,76,0,"FUN_0084c660 _calloc"
00813180,FUN_00813180,108,0,"_malloc"
008131f0,FUN_008131f0,80,0,"FUN_008232ba _free"
00813260,FUN_00813260,75,0,"FUN_008131f0 FUN_0084c7c0 _free"
008132c0,FUN_008132c0,919,0,"FUN_00813660 FUN_00814320 FUN_00816fb0 FUN_00817030 FUN_00817090 FUN_00819680 FUN_008198b0 _calloc _malloc"
00813660,FUN_00813660,19,0,""
00813680,FUN_00813680,463,0,"FUN_008142e0 FUN_00815070 FUN_00818160 FUN_00818260 FUN_00819870 FUN_00819a90 _free"
008138b0,FUN_008138b0,108,0,""
00813920,FUN_00813920,45,0,"FUN_008132c0 FUN_008138b0"
00813950,FUN_00813950,1615,0,"FUN_0081ab10 __allshr"
00813fa0,FUN_00813fa0,88,0,""
00814000,FUN_00814000,43,0,""
00814030,FUN_00814030,336,0,"FUN_00813180 FUN_008131f0 FUN_0084c7f0 FUN_0084c900"
00814180,FUN_00814180,213,0,"FUN_008131f0 FUN_0084c7f0 FUN_0084c900"
00814260,FUN_00814260,122,0,"FUN_0084c7f0 FUN_0084c900"
008142e0,FUN_008142e0,27,0,"_free"
00814300,FUN_00814300,27,0,"_free"
00814320,FUN_00814320,1352,0,"FUN_00814870 FUN_00822960 __ftol _malloc"
00814870,FUN_00814870,1917,0,"FUN_00814ff0 FUN_00815020 FUN_00815050 FUN_008213b0 FUN_00822960 __alloca_probe __ftol _malloc"
00814ff0,FUN_00814ff0,41,0,""
00815020,FUN_00815020,41,0,""
00815050,FUN_00815050,25,0,""
00815070,FUN_00815070,113,0,"_free"
00815130,FUN_00815130,96,0,""
00815190,FUN_00815190,237,0,"FUN_00815280 __alloca_probe __ftol"
00815280,FUN_00815280,1479,0,"__alloca_probe"
00815850,FUN_00815850,159,0,"FUN_008158f0 FUN_00815aa0 __alloca_probe"
008158f0,FUN_008158f0,224,0,"FUN_008159d0"
008159d0,FUN_008159d0,194,0,"__ftol"
00815aa0,FUN_00815aa0,306,0,"FUN_00815be0"
00815be0,FUN_00815be0,338,0,"__alloca_probe"
00815d40,FUN_00815d40,138,0,""
00815dd0,FUN_00815dd0,330,0,"FUN_00813180 FUN_00815f20 FUN_00815ff0"
00815f20,FUN_00815f20,201,0,""
00815ff0,FUN_00815ff0,140,0,""
00816080,FUN_00816080,351,0,"FUN_00813180 __alloca_probe _qsort"
00816230,FUN_00816230,195,0,"__alloca_probe _qsort"
00816300,FUN_00816300,591,0,"FUN_00816550 FUN_00822960"
00816550,FUN_00816550,23,0,""
00816570,FUN_00816570,995,0,"FUN_00816550 FUN_00816960 FUN_00816a30 FUN_00822960"
00816960,FUN_00816960,206,0,""
00816a30,FUN_00816a30,101,0,""
00816aa0,FUN_00816aa0,16,0,""
00816ab0,FUN_00816ab0,79,0,"_ldexp"
00816b00,FUN_00816b00,367,0,"_free _malloc"
00816c80,FUN_00816c80,102,0,"FUN_00821f10 FUN_00822960 __ftol"
00816cf0,FUN_00816cf0,491,0,"FUN_00816ab0 FUN_00816c80 _calloc"
00816ee0,FUN_00816ee0,87,0,"_free"
00816fb0,FUN_00816fb0,26,0,"FUN_00816ee0 _free"
00816fd0,FUN_00816fd0,81,0,"_free"
00817030,FUN_00817030,83,0,"FUN_00816b00 FUN_00816cf0"
00817090,FUN_00817090,345,0,"FUN_00816b00 FUN_00816fd0 FUN_00817460 __alloca_probe _free _malloc _qsort"
00817460,FUN_00817460,96,0,""
008174e0,FUN_008174e0,574,0,"FUN_00816aa0 FUN_00816c80 FUN_00816ee0 FUN_0084c900 _malloc"
00817720,FUN_00817720,52,0,"FUN_0084c6a0"
00817760,FUN_00817760,295,0,"FUN_00817460 FUN_0084c820 FUN_0084c8d0"
00817890,FUN_00817890,507,0,"FUN_00817460 FUN_0084c820 FUN_0084c8d0 __alloca_probe"
00817e20,FUN_00817e20,373,0,"FUN_00817460 FUN_0084c820 FUN_0084c8d0"
00817fa0,FUN_00817fa0,443,0,"FUN_00817460 FUN_0084c820 FUN_0084c8d0"
00818160,FUN_00818160,186,0,"FUN_0084c7c0 _free"
00818240,FUN_00818240,21,0,""
00818260,FUN_00818260,35,0,"FUN_00819a90 _free"
008182c0,FUN_008182c0,38,0,"FUN_008182f0"
008182f0,FUN_008182f0,423,0,"FUN_008184a0 FUN_00818660 FUN_00818ad0"
008184a0,FUN_008184a0,448,0,""
00818660,FUN_00818660,1122,0,""
00818ad0,FUN_00818ad0,2992,0,""
00819680,FUN_00819680,55,0,"FUN_008196c0 _calloc"
008196c0,FUN_008196c0,32,0,"FUN_008196e0"
008196e0,FUN_008196e0,395,0,""
00819870,FUN_00819870,47,0,"_free"
008198b0,FUN_008198b0,469,0,"FUN_00822960 __ftol _malloc"
00819a90,FUN_00819a90,53,0,"_free"
00819ad0,FUN_00819ad0,1281,0,"FUN_00819fe0 FUN_0081a570"
00819fe0,FUN_00819fe0,1269,0,"FUN_0081a4e0"
0081a4e0,FUN_0081a4e0,140,0,""
0081a570,FUN_0081a570,279,0,""
0081a690,FUN_0081a690,1152,0,"FUN_00819fe0 FUN_0081a570 __alloca_probe"
0081ab10,FUN_0081ab10,12,0,""
0081ab20,FUN_0081ab20,290,0,""
0081ac50,FUN_0081ac50,27,0,"_free"
0081ac70,FUN_0081ac70,325,0,"FUN_00813660 FUN_0084c6a0"
0081af90,FUN_0081af90,2421,0,"FUN_00813180 FUN_00815130 FUN_00815190 FUN_00815850 FUN_00815d40 FUN_00815dd0 FUN_00816080 FUN_00816230 FUN_00816300 FUN_00816570 FUN_00818240 FUN_008182c0 FUN_0081a690 FUN_0081ab20 FUN_0081b910 FUN_0081d7f0 FUN_0081e390 FUN_0081e440 FUN_0084c6a0 FUN_0084c7a0 FUN_0084c9d0 __alloca_probe"
0081b910,FUN_0081b910,33,0,""
0081b940,FUN_0081b940,873,0,"FUN_00819ad0 __alloca_probe"
0081bcb0,FUN_0081bcb0,27,0,"_free"
0081bcd0,FUN_0081bcd0,54,0,"_free"
0081be40,FUN_0081be40,22,0,""
0081c1e0,FUN_0081c1e0,534,0,"FUN_00813180 FUN_00817760 __alloca_probe"
0081c580,FUN_0081c580,434,0,""
0081c740,FUN_0081c740,618,0,"FUN_00817720"
0081ca10,FUN_0081ca10,554,0,"FUN_00813180 FUN_00822960 __ftol"
0081cca0,FUN_0081cca0,63,0,"FUN_0081cce0"
0081cce0,FUN_0081cce0,415,0,"FUN_00813180"
0081d180,FUN_0081d180,27,0,"_free"
0081d7d0,FUN_0081d7d0,21,0,""
0081d7f0,FUN_0081d7f0,1209,0,"FUN_00813180 FUN_0081dcb0 FUN_0081dd00 FUN_0081df20 FUN_0081e130 FUN_0081e360 _exit"
0081dcb0,FUN_0081dcb0,72,0,""
0081dd00,FUN_0081dd00,496,0,"FUN_0081def0 __ftol"
0081def0,FUN_0081def0,47,0,"__ftol"
0081df20,FUN_0081df20,528,0,"FUN_00822960 __ftol"
0081e130,FUN_0081e130,556,0,"FUN_0081def0"
0081e360,FUN_0081e360,35,0,""
0081e390,FUN_0081e390,165,0,"FUN_00813180"
0081e440,FUN_0081e440,1497,0,"FUN_00816aa0 FUN_00817720 FUN_0081dcb0 FUN_0081ea30 FUN_0084c6a0"
0081ea30,FUN_0081ea30,140,0,""
0081eec0,FUN_0081eec0,188,0,""
0081ef80,FUN_0081ef80,27,0,"_free"
0081efa0,FUN_0081efa0,73,0,"_free"
0081f230,FUN_0081f230,128,0,"FUN_0081f2b0 FUN_0081f410"
0081f2b0,FUN_0081f2b0,348,0,"FUN_00822960 __ftol _malloc"
0081f410,FUN_0081f410,369,0,"FUN_0081f590 FUN_0081f5e0 FUN_0081f630 FUN_0081f640 _frexp"
0081f590,FUN_0081f590,71,0,""
0081f5e0,FUN_0081f5e0,77,0,""
0081f630,FUN_0081f630,12,0,""
0081f640,FUN_0081f640,90,0,""
0081f6a0,D3DXVec2Hermite,6,0,""
0081f6a6,D3DXVec2Normalize,6,0,""
0081f6ac,D3DXCreateTexture,6,0,""
0081f6b2,D3DXCreateEffect,6,0,""
0081f6b8,Direct3DCreate9,6,0,""
0081f6be,closesocket,6,1,""
0081f6c4,sendto,6,6,""
0081f6ca,ntohs,6,1,""
0081f6d0,htons,6,1,""
0081f6d6,inet_addr,6,1,""
0081f6dc,socket,6,3,""
0081f6e2,recvfrom,6,6,""
0081f6e8,bind,6,3,""
0081f6ee,gethostbyname,6,1,""
0081f6f4,htonl,6,1,""
0081f6fa,_free,5,1,""
0081f6ff,FUN_0081f6ff,14,0,"FUN_008243d6"
0081f70d,FUN_0081f70d,27,0,"FUN_0081f6ff _free"
0081f729,operator==,27,2,"_strcmp"
0081f744,__purecall,42,0,"FUN_008245e9 FUN_008248a5 __set_abort_behavior _abort"
0081f76e,_JumpToContinuation,43,2,""
0081f79e,FID_conflict:_CallMemberFunction1,7,0,""
0081f7a5,_UnwindNestedFrames,82,2,"RtlUnwind"
0081f7f7,FID_conflict:___CxxFrameHandler3,54,0,"___InternalCxxFrameHandler"
0081f85d,_CallSETranslator,213,7,"__getptd"
0081f932,TranslatorGuardHandler,152,4,"_CallSETranslator _UnwindNestedFrames ___InternalCxxFrameHandler __security_check_cookie"
0081f9cf,_GetRangeOfTrysToCheck,115,5,"_inconsistency"
0081fa42,__CreateFrameInfo,40,0,"__getptd"
0081fa6a,__IsExceptionObjectToBeDestroyed,33,0,"__getptd"
0081fa8b,__FindAndUnlinkFrame,76,0,"__getptd _inconsistency"
0081fad7,_CallCatchBlock2,94,5,"__CallSettingFrame@12"
0081fb35,__security_check_cookie,15,0,"___report_gsfailure"
0081fb44,FUN_0081fb44,1,0,""
0081fb45,__cfltcvt_init,96,0,""
0081fba5,__fpmath,30,1,"__cfltcvt_init __ms_p5_mp_test_fdiv __setdefaultprecision"
0081fbc3,bad_alloc,25,1,"exception"
0081fbdc,FUN_0081fbdc,105,0,"__CxxThrowException@8 __callnewh _atexit _malloc bad_alloc exception"
0081fc46,_memcpy_s,123,4,"FUN_0081ff4c FUN_008231c0 _memcpy _memset"
0081fcc1,_memmove_s,91,4,"FUN_0081ff4c FUN_008231c0 _memmove"
0081fd1c,FUN_0081fd1c,17,0,""
0081fd2d,exception,78,2,"_malloc _strcpy_s _strlen"
0081fd7b,exception,24,3,""
0081fd93,exception,88,2,"_malloc _strcpy_s _strlen"
0081fdeb,FUN_0081fdeb,21,0,"_free"
0081fe01,FUN_0081fe01,13,0,""
0081fe0e,FUN_0081fe0e,27,0,"FUN_0081fdeb _free"
0081fe2a,_sprintf_s,28,3,"__vsprintf_s_l"
0081fe46,FUN_0081fe46,10,0,""
0081fe50,__invoke_watson,252,5,"FUN_008273cb GetCurrentProcess IsDebuggerPresent SetUnhandledExceptionFilter TerminateProcess UnhandledExceptionFilter __security_check_cookie _memset"
0081ff4c,FUN_0081ff4c,36,0,"FUN_008248a5 FUN_008273cb __invoke_watson"
0081ff70,FUN_0081ff70,16,0,"FUN_0081ff4c"
0081ff80,__CxxThrowException@8,74,0,"RaiseException"
0081ffca,__ArrayUnwind,50,4,"__SEH_epilog4 __SEH_prolog4"
00820028,`eh_vector_destructor_iterator',75,4,"FUN_00820073 __SEH_epilog4 __SEH_prolog4"
00820073,FUN_00820073,24,0,"__ArrayUnwind"
0082008b,`eh_vector_constructor_iterator',77,5,"FUN_008200d8 __SEH_epilog4 __SEH_prolog4"
008200d8,FUN_008200d8,24,0,"__ArrayUnwind"
008200f0,FUN_008200f0,20,0,"FUN_0082010d FUN_00827888"
0082010d,FUN_0082010d,157,0,"FUN_00827815 FUN_0082782c __math_exit __startOneArgErrorHandling"
008201b0,_memset,122,3,"__VEC_memzero"
00820230,FUN_00820230,145,0,""
008202e0,_memchr,173,3,""
0082038d,_LocaleUpdate,130,2,"FUN_00827c94 ___updatetlocinfo __getptd"
0082040f,__mbschr_l,186,3,"FUN_0081ff4c FUN_008231c0 _LocaleUpdate _strchr"
008204c9,__mbschr,19,2,"__mbschr_l"
008204dc,FUN_008204dc,700,0,"FUN_0081ff4c FUN_008231c0 FUN_00828e29 FUN_00828e91 ___tzset __alldiv __allrem __get_dstbias __gmtime64_s __invoke_watson __isindst _memset"
008207a1,__time64,60,1,"GetSystemTimeAsFileTime __aulldiv"
008207dd,`eh_vector_copy_constructor_iterator',81,6,"FUN_0082082e __SEH_epilog4 __SEH_prolog4"
0082082e,FUN_0082082e,24,0,"__ArrayUnwind"
00820846,_free,5,1,""
00820850,_memcpy,711,3,"__VEC_memcpy"
00820bb5,_strcat_s,113,3,"FUN_0081ff4c FUN_008231c0"
00820c26,_strcpy_s,101,3,"FUN_0081ff4c FUN_008231c0"
00820c8b,FUN_00820c8b,185,0,"FUN_0082482e FUN_008248a5 __msize __realloc_crt"
00820d73,__onexit,54,1,"FUN_00820c8b FUN_00820da9 FUN_00823fc4 __SEH_epilog4 __SEH_prolog4"
00820da9,FUN_00820da9,6,0,"FUN_00823fcd"
00820daf,_atexit,18,1,"__onexit"
00820dc1,___ascii_stricmp,53,2,""
00820df6,__stricmp_l,211,3,"FUN_0081ff4c FUN_008231c0 _LocaleUpdate ___ascii_stricmp __tolower_l"
00820ec9,__stricmp,80,2,"FUN_0081ff4c FUN_008231c0 ___ascii_stricmp __stricmp_l"
00820f20,__alloca_probe,43,0,""
00820f4b,__vswprintf_helper,246,0,"FUN_0081ff4c FUN_008231c0 FUN_00826787"
00821041,FID_conflict:__vswprintf_p_l,40,5,"__vswprintf_helper"
00821069,_atol,17,1,"_strtol"
0082107a,_atol,5,1,""
0082107f,_strtok_s,236,3,"FUN_0081ff4c FUN_008231c0 __security_check_cookie"
0082116b,_strncpy_s,179,4,"FUN_0081ff4c FUN_008231c0"
0082121e,__atof_l,169,2,"FUN_0081ff4c FUN_008231c0 _LocaleUpdate __fltin2 __isctype_l _strlen"
008212c7,_atof,14,1,"__atof_l"
008212d5,__mbsrchr_l,192,3,"FUN_0081ff4c FUN_008231c0 _LocaleUpdate _strrchr"
00821395,__mbsrchr,19,2,"__mbsrchr_l"
008213b0,FUN_008213b0,494,0,"___libm_error_support __ctrlfp __except1 __frnd __handle_qnan1 __sptype"
008214d0,FUN_008214d0,10,0,"__ctrandisp2"
008214da,FUN_008214da,10,0,"__cintrindisp2"
00821550,FUN_00821550,79,0,"FUN_008215a8 FUN_00827888 FUN_0082bc20"
0082159f,FUN_0082159f,9,0,"__fload_withFB"
008215a8,FUN_008215a8,145,0,"FUN_0082782c __math_exit __startOneArgErrorHandling"
00821640,_strrchr,45,2,""
0082166d,fast_error_exit,36,0,"FUN_008245e9 __FF_MSGBANNER ___crtExitProcess"
00821691,check_managed_app,65,0,""
008216d2,___tmainCRTStartup,420,0,"FUN_007fb590 FUN_0082bfee FUN_0082c31a GetCommandLineA GetProcessHeap GetStartupInfoA GetVersionExA HeapAlloc HeapFree __RTC_Initialize __SEH_epilog4 __SEH_prolog4 __amsg_exit __cexit __cinit __heap_init __ioinit __mtinit __setargv __wincmdln _exit check_managed_app fast_error_exit"
008218b2,entry,10,0,"___security_init_cookie ___tmainCRTStartup"
008218d0,_strchr,195,2,""
0082198e,__controlfp_s,106,3,"FUN_0081ff4c FUN_008231c0 __control87"
008219f8,FID_conflict:_wprintf,156,1,"FUN_0081ff4c FUN_00821a94 FUN_00822e87 FUN_00822f9a FUN_008231c0 FUN_008268e7 __SEH_epilog4 __SEH_prolog4 __ftbuf __stbuf"
00821a94,FUN_00821a94,19,0,"FUN_00822e87 FUN_00822ffe"
00821aa7,FUN_00821aa7,22,0,""
00821abd,_fabs,182,1,"__ctrlfp __except1 __handle_qnan1 __sptype"
00821b80,FUN_00821b80,10,0,"__ctrandisp2"
00821ba0,FUN_00821ba0,217,0,"FUN_0082782c FUN_0082d838 __fload_withFB __math_exit __startOneArgErrorHandling"
00821cc9,FUN_00821cc9,509,0,"FUN_0081ff4c FUN_008231c0 __ismbblead _strncpy_s"
00821f10,FUN_00821f10,84,0,"FUN_00821f6d FUN_0082da30"
00821f6d,FUN_00821f6d,453,0,"FUN_00822132 FUN_008277a0 FUN_00827800 FUN_00827815 FUN_0082789e FUN_008278e9 FUN_0082e7fb __fload_withFB"
00822132,FUN_00822132,40,0,""
00822160,FUN_00822160,256,0,"FUN_0082782c FUN_0082e958 __fload_withFB __math_exit __startOneArgErrorHandling"
008222b0,_strlen,139,1,""
0082233b,__EH_prolog3,51,0,""
0082236e,__EH_prolog3_catch,54,0,""
008223a4,_V6_HeapAlloc,70,0,"FUN_008223ea __SEH_epilog4 __SEH_prolog4 ___sbh_alloc_block __lock"
008223ea,FUN_008223ea,9,0,"FUN_0082ec6e"
008223f3,_malloc,195,1,"FUN_008231c0 FUN_008245e9 HeapAlloc _V6_HeapAlloc __FF_MSGBANNER ___crtExitProcess __callnewh"
008224b6,_free,133,1,"FUN_0082250c FUN_00823185 FUN_008231c0 GetLastError HeapFree __SEH_epilog4 __SEH_prolog4 ___sbh_free_block __lock thunk_FUN_0082ede3"
0082250c,FUN_0082250c,9,0,"FUN_0082ec6e"
00822544,__snprintf,173,3,"FUN_0081ff4c FUN_008231c0 FUN_00826787 FUN_008268e7"
008225f4,FID_conflict:___longjmp_internal,173,2,"RtlUnwind __NLG_Notify __local_unwind2 __rt_probe_read4@4"
008226a8,__setjmp3,123,0,""
00822878,_frexp,218,2,"FUN_0081ff4c FUN_008231c0 FUN_0082d5b6 __ctrlfp __except1 __handle_qnan1 __sptype"
00822960,FUN_00822960,289,0,"___libm_error_support"
00822a81,FUN_00822a81,518,0,"FUN_0081ff4c FUN_008231c0 FUN_0082fbd5 FUN_008302b6 __fileno _memcpy_s _memset"
00822c87,_fread_s,140,5,"FUN_0081ff4c FUN_00822a81 FUN_00822d13 FUN_00822f5e FUN_008231c0 __SEH_epilog4 __SEH_prolog4 _memset"
00822d13,FUN_00822d13,10,0,"FUN_00822fc8"
00822d1d,FUN_00822d1d,27,0,"_fread_s"
00822d38,FUN_00822d38,325,0,"FUN_0081ff4c FUN_00822e7d FUN_00822f5e FUN_008231c0 FUN_008268e7 __SEH_epilog4 __SEH_prolog4 __fileno __ftbuf __stbuf"
00822e7d,FUN_00822e7d,10,0,"FUN_00822fc8"
00822e87,FUN_00822e87,6,0,""
00822f5e,FUN_00822f5e,60,0,"EnterCriticalSection __lock"
00822f9a,FUN_00822f9a,46,0,"EnterCriticalSection __lock"
00822fc8,FUN_00822fc8,54,0,"FUN_0082ec6e LeaveCriticalSection"
00822ffe,FUN_00822ffe,42,0,"FUN_0082ec6e LeaveCriticalSection"
00823028,__calloc_impl,272,0,"FUN_0081ff4c FUN_00823124 FUN_008231c0 HeapAlloc __SEH_epilog4 __SEH_prolog4 ___sbh_alloc_block __callnewh __lock _memset"
00823124,FUN_00823124,9,0,"FUN_0082ec6e"
00823146,_calloc,63,2,"FUN_008231c0 __calloc_impl"
00823185,FUN_00823185,59,0,""
008231c0,FUN_008231c0,19,0,"FUN_00824a4a"
008231d3,FUN_008231d3,19,0,"FUN_00824a4a"
008231e6,FUN_008231e6,30,0,"FUN_00823185 FUN_008231c0 FUN_008231d3"
00823210,__alldiv,170,0,""
008232ba,FUN_008232ba,518,0,"FUN_00823185 FUN_008231c0 FUN_008233fe GetLastError HeapAlloc HeapReAlloc __SEH_epilog4 __SEH_prolog4 ___sbh_alloc_block ___sbh_free_block ___sbh_resize_block __callnewh __lock _free _malloc _memcpy thunk_FUN_0082ede3"
008233fe,FUN_008233fe,9,0,"FUN_0082ec6e"
008234d5,FUN_008234d5,121,0,"FUN_0081ff4c FUN_008231c0 FUN_008232ba __msize _memset"
00823640,__ftol,39,0,""
00823670,__allmul,52,0,""
008236b0,_memmove,711,3,"__VEC_memcpy"
00823a20,__allshr,33,0,""
00823a50,swap,40,0,""
00823a80,shortsort,132,0,""
00823b10,_qsort,676,4,"FUN_0081ff4c FUN_008231c0 shortsort swap"
00823db7,_ldexp,430,2,"FUN_0082d5b6 __copysign __ctrlfp __except2 __handle_qnan2 __set_exp __sptype"
00823f65,__amsg_exit,36,1,"FUN_008245e9 FUN_008248a5 __FF_MSGBANNER"
00823f89,FUN_00823f89,38,0,"GetModuleHandleA GetProcAddress"
00823faf,___crtExitProcess,20,1,"ExitProcess FUN_00823f89"
00823fc4,FUN_00823fc4,9,0,"__lock"
00823fcd,FUN_00823fcd,9,0,"FUN_0082ec6e"
00823fd6,FUN_00823fd6,24,0,""
00823fee,__initterm_e,32,0,""
0082400e,__get_osplatform,55,0,"FUN_0081ff4c FUN_008231c0"
00824045,__get_winmajor,60,0,"FUN_0081ff4c FUN_008231c0"
00824081,__cinit,146,1,"FUN_00855330 __IsNonwritableInCurrentImage __fpmath __initp_misc_cfltcvt_tab __initterm_e _atexit"
00824113,FUN_00824113,211,0,"FUN_00823fd6 FUN_008241e0 FUN_008248a5 FUN_0082ec6e __SEH_epilog4 __SEH_prolog4 ___crtExitProcess __encoded_null __lock"
008241e0,FUN_008241e0,15,0,"FUN_0082ec6e"
008241f5,_exit,17,1,"FUN_00824113"
00824206,__exit,17,0,"FUN_00824113"
00824217,__cexit,15,0,"FUN_00824113"
00824235,__init_pointers,76,0,"FUN_0081fb44 FUN_0081fe46 FUN_0082482e FUN_00824d7e FUN_0082675b FUN_008319e5 FUN_008319ef __encoded_null __initp_eh_hooks __initp_misc_winsig"
008243d6,FUN_008243d6,97,0,"FUN_0082443d __SEH_epilog4 __SEH_prolog4 __lock _free"
0082443d,FUN_0082443d,9,0,"FUN_0082ec6e"
00824450,_strcmp,135,2,""
008244d8,_abort,243,0,"FUN_008245e9 SetUnhandledExceptionFilter UnhandledExceptionFilter ___get_sigabrt __exit _memset _raise"
008245cb,__set_abort_behavior,30,2,""
008245e9,FUN_008245e9,399,0,"FUN_00832024 GetModuleFileNameA GetStdHandle WriteFile __invoke_watson __set_error_mode _strcat_s _strcpy_s _strlen _strncpy_s"
00824789,__FF_MSGBANNER,57,0,"FUN_008245e9 __set_error_mode"
008247c2,FUN_008247c2,108,0,"GetModuleHandleA __get_winmajor _strcmp"
0082482e,FUN_0082482e,110,0,"FUN_008247c2 GetModuleHandleA GetProcAddress TlsGetValue"
0082489c,__encoded_null,9,0,"FUN_0082482e"
008248a5,FUN_008248a5,110,0,"FUN_008247c2 GetModuleHandleA GetProcAddress TlsGetValue"
0082491c,FUN_0082491c,50,0,"FUN_008248a5 TlsGetValue TlsSetValue"
0082494e,__mtterm,61,0,"FUN_008248a5 FUN_0082ec19 TlsFree"
0082498b,FUN_0082498b,182,0,"FUN_008247c2 FUN_00824a41 GetModuleHandleA GetProcAddress InterlockedIncrement __SEH_epilog4 __SEH_prolog4 ___addlocaleref __lock"
00824a41,FUN_00824a41,9,0,"FUN_0082ec6e"
00824a4a,FUN_00824a4a,116,0,"FUN_008248a5 FUN_0082491c FUN_0082498b GetCurrentThreadId GetLastError SetLastError __calloc_crt _free"
00824ac1,__getptd,24,0,"FUN_00824a4a __amsg_exit"
00824be5,FUN_00824be5,9,0,"FUN_0082ec6e"
00824bf1,FUN_00824bf1,9,0,"FUN_0082ec6e"
00824bfa,__mtinit,388,0,"FUN_0082482e FUN_008248a5 FUN_0082498b GetCurrentThreadId GetModuleHandleA GetProcAddress TlsAlloc TlsSetValue __calloc_crt __init_pointers __mtinitlocks __mtterm"
00824d7e,FUN_00824d7e,10,0,""
00824d93,FUN_00824d93,33,0,"FUN_0081fdeb _free"
00824db5,___TypeMatch,92,0,"_strcmp"
00824e55,___FrameUnwindToState,166,0,"FUN_00824f1b __CallSettingFrame@12 __SEH_epilog4 __SEH_prolog4 __getptd _inconsistency"
00824f1b,FUN_00824f1b,27,0,"__getptd"
00824f7b,___DestructExceptionObject,67,0,"FID_conflict:_CallMemberFunction1 __SEH_epilog4 __SEH_prolog4"
00824fcf,___AdjustPointer,37,0,""
00824ff4,IsInExceptionSpec,121,2,"___TypeMatch _inconsistency terminate"
0082506d,CallUnexpected,49,1,"__EH_prolog3_catch __getptd _inconsistency terminate unexpected"
0082509e,Catch_All@0082509e,23,0,"__CxxThrowException@8 __getptd"
008250b6,CallCatchBlock,172,7,"FUN_008251dc _CallCatchBlock2 __CreateFrameInfo __SEH_epilog4 __SEH_prolog4 __getptd"
008251dc,FUN_008251dc,118,0,"__FindAndUnlinkFrame __IsExceptionObjectToBeDestroyed ___DestructExceptionObject __getptd"
00825252,___BuildCatchObjectHelper,371,0,"_ValidateRead __SEH_epilog4 __SEH_prolog4 ___AdjustPointer _inconsistency _memmove"
008253d1,___BuildCatchObject,133,0,"FID_conflict:_CallMemberFunction1 __SEH_epilog4 __SEH_prolog4 ___AdjustPointer ___BuildCatchObjectHelper"
00825462,CatchIt,108,11,"CallCatchBlock _JumpToContinuation _UnwindNestedFrames ___BuildCatchObject ___FrameUnwindToState"
008254ce,FindHandlerForForeignException,242,8,"CatchIt _CallSETranslator _GetRangeOfTrysToCheck __encoded_null __getptd _inconsistency"
008255c0,FindHandler,854,8,"CallUnexpected CatchIt FindHandlerForForeignException IsInExceptionSpec _GetRangeOfTrysToCheck _UnwindNestedFrames _ValidateRead __CxxThrowException@8 ___DestructExceptionObject ___FrameUnwindToState ___TypeMatch __getptd _inconsistency exception operator== terminate"
0082592e,___InternalCxxFrameHandler,228,0,"FindHandler ___FrameUnwindToState __getptd"
00825a12,terminate,44,0,"__SEH_prolog4 __getptd _abort"
00825a4b,unexpected,19,0,"__getptd terminate"
00825a5e,_inconsistency,48,0,"FUN_008248a5 __SEH_prolog4 terminate"
00825a95,__initp_eh_hooks,17,0,"FUN_0082482e"
00825ab0,__CallSettingFrame@12,76,0,"__NLG_Notify1"
00825afc,___report_gsfailure,260,0,"FUN_008273cb GetCurrentProcess IsDebuggerPresent SetUnhandledExceptionFilter TerminateProcess UnhandledExceptionFilter"
00825c00,__forcdecpt_l,113,2,"_LocaleUpdate _isdigit _tolower"
00825c71,__cropzeros_l,128,2,"_LocaleUpdate"
00825d07,__fassign_l,64,4,"FID_conflict:__atoflt_l FID_conflict:__atoflt_l"
00825d5e,__shift,29,0,"_memmove _strlen"
00825d97,__cftoe2_l,362,0,"FUN_0081ff4c FUN_008231c0 _LocaleUpdate __invoke_watson __shift _memmove _strcpy_s"
00825f04,__cftoe_l,206,0,"FUN_0081ff4c FUN_008231c0 __cftoe2_l __fltout2 __fptostr __security_check_cookie"
00825fd2,__cftoe,30,5,"__cftoe_l"
00825ff0,__cftoa_l,881,0,"FUN_0081ff4c FUN_008231c0 _LocaleUpdate __alldvrm __aullshr __cftoe _memset _strrchr"
00826361,__cftof2_l,245,0,"FUN_0081ff4c FUN_008231c0 _LocaleUpdate __shift _memset"
00826456,__cftof_l,185,0,"FUN_0081ff4c FUN_008231c0 __cftof2_l __fltout2 __fptostr __security_check_cookie"
0082650f,__cftog_l,248,0,"FUN_0081ff4c FUN_008231c0 __cftoe2_l __cftof2_l __fltout2 __fptostr __security_check_cookie"
00826607,__cfltcvt_l,134,7,"__cftoa_l __cftoe_l __cftof_l __cftog_l"
0082668d,__cfltcvt,33,6,"__cfltcvt_l"
008266ae,__initp_misc_cfltcvt_tab,31,0,"FUN_0082482e"
008266cd,__setdefaultprecision,38,0,"__controlfp_s __invoke_watson"
008266f6,__ms_p5_test_fdiv,60,0,""
00826732,__ms_p5_mp_test_fdiv,41,0,"GetModuleHandleA GetProcAddress __ms_p5_test_fdiv"
0082675b,FUN_0082675b,10,0,""
00826765,__callnewh,34,1,"FUN_008248a5"
00826787,FUN_00826787,352,0,"FUN_00822e87 FUN_008231c0 FUN_008313b0 FUN_0083278b FUN_008328e8 __fileno __getbuf"
008268e7,FUN_008268e7,2415,0,"FUN_0081ff4c FUN_00821aa7 FUN_008231c0 FUN_008248a5 _LocaleUpdate __aulldvrm __fileno __isleadbyte_l __malloc_crt __security_check_cookie _free _strlen _wctomb_s write_char write_multi_char write_string"
0082727b,__vsnprintf_helper,202,0,"FUN_0081ff4c FUN_008231c0 FUN_00826787"
00827345,__vsprintf_s_l,134,5,"FUN_0081ff4c FUN_008231c0 __vsnprintf_helper"
008273cb,FUN_008273cb,8,0,""
008273d4,__SEH_prolog4,69,0,""
00827419,__SEH_epilog4,20,0,""
00827430,__except_handler4,406,0,"_EH4_CallFilterFunc _EH4_GlobalUnwind _EH4_LocalUnwind _EH4_TransferToHandler __IsNonwritableInCurrentImage ___DestructExceptionObject __security_check_cookie"
008275d0,__trandisp1,103,0,""
00827637,__trandisp2,140,0,""
00827793,FUN_00827793,7,0,""
008277a0,FUN_008277a0,23,0,""
008277b7,__startOneArgErrorHandling,60,0,"__87except"
00827800,FUN_00827800,21,0,""
00827815,FUN_00827815,23,0,""
0082782c,FUN_0082782c,25,0,""
00827845,__fload_withFB,67,0,""
00827888,FUN_00827888,22,0,""
0082789e,FUN_0082789e,13,0,""
008278ab,__math_exit,42,0,"__startOneArgErrorHandling"
008278e9,FUN_008278e9,163,0,"FUN_008277a0 __startOneArgErrorHandling"
0082798c,fastzero_I,79,0,""
008279e3,__VEC_memzero,143,0,"__VEC_memzero fastzero_I"
00827a86,FUN_00827a86,47,0,""
00827ab5,setSBCS,85,1,"_memset"
00827b0a,setSBUpLow,394,1,"GetCPInfo ___crtGetStringTypeA ___crtLCMapStringA __security_check_cookie _memset"
00827c94,FUN_00827c94,151,0,"FUN_00827d2f InterlockedDecrement InterlockedIncrement __SEH_epilog4 __SEH_prolog4 __amsg_exit __getptd __lock _free"
00827d2f,FUN_00827d2f,9,0,"FUN_0082ec6e"
00827d38,getSystemCP,122,1,"GetACP GetOEMCP _LocaleUpdate"
00827db2,FUN_00827db2,473,0,"FUN_00827a86 GetCPInfo IsValidCodePage __security_check_cookie _memset getSystemCP setSBCS setSBUpLow"
00827f8b,FUN_00827f8b,396,0,"FUN_008231c0 FUN_00827c94 FUN_00827db2 FUN_008280ec InterlockedDecrement InterlockedIncrement __SEH_epilog4 __SEH_prolog4 __getptd __lock __malloc_crt _free getSystemCP"
008280ec,FUN_008280ec,9,0,"FUN_0082ec6e"
00828125,___initmbctable,30,0,"FUN_00827f8b"
00828143,FUN_00828143,224,0,"FUN_00833957 _free"
00828283,___addlocaleref,134,0,"InterlockedIncrement"
00828309,___removelocaleref,140,0,"InterlockedDecrement"
00828395,__updatetlocinfoEx_nolock,62,0,"FUN_00828143 ___addlocaleref ___removelocaleref"
008283d3,___updatetlocinfo,106,0,"FUN_0082843d __SEH_epilog4 __SEH_prolog4 __amsg_exit __getptd __lock __updatetlocinfoEx_nolock"
0082843d,FUN_0082843d,12,0,"FUN_0082ec6e"
00828449,FUN_00828449,794,0,"FUN_008286f8 FUN_00828e29 FUN_00828e91 FUN_00828ec5 FUN_00828ecb FUN_00828ed1 FUN_00828ed7 GetTimeZoneInformation WideCharToMultiByte __SEH_epilog4 __SEH_prolog4 ____lc_codepage_func __get_dstbias __getenv_helper_nolock __invoke_watson __lock __malloc_crt _atol _free _strcmp _strcpy_s _strlen _strncpy_s"
008286f8,FUN_008286f8,9,0,"FUN_0082ec6e"
00828792,cvtdate,498,0,"__get_dstbias __invoke_watson"
00828987,FUN_00828987,467,0,"FUN_00828e29 __invoke_watson cvtdate"
00828b5d,___tzset,70,0,"FUN_00828449 FUN_00828ba3 __SEH_epilog4 __SEH_prolog4 __lock"
00828ba3,FUN_00828ba3,9,0,"FUN_0082ec6e"
00828bac,__isindst,56,1,"FUN_00828987 FUN_00828be4 __SEH_epilog4 __SEH_prolog4 __lock"
00828be4,FUN_00828be4,9,0,"FUN_0082ec6e"
00828bed,__gmtime64_s,572,2,"FUN_0081ff4c FUN_008231c0 __alldiv __allmul _memset"
00828e29,FUN_00828e29,52,0,"FUN_0081ff4c FUN_008231c0"
00828e5d,__get_dstbias,52,1,"FUN_0081ff4c FUN_008231c0"
00828e91,FUN_00828e91,52,0,"FUN_0081ff4c FUN_008231c0"
00828ec5,FUN_00828ec5,6,0,""
00828ecb,FUN_00828ecb,6,0,""
00828ed1,FUN_00828ed1,6,0,""
00828ed7,FUN_00828ed7,6,0,""
00828ee0,__allrem,178,0,""
00828fa0,__aulldiv,104,0,""
00829008,FUN_00829008,129,0,""
0082908f,__VEC_memcpy,227,0,"FUN_00829008 __VEC_memcpy"
00829172,__malloc_crt,64,1,"Sleep _malloc"
008291b2,__calloc_crt,72,2,"Sleep __calloc_impl"
008291fa,__realloc_crt,75,2,"FUN_008232ba Sleep"
00829245,__recalloc_crt,80,3,"FUN_008234d5 Sleep"
00829295,__msize,146,1,"FUN_0081ff4c FUN_008231c0 FUN_0082932f HeapSize __SEH_epilog4 __SEH_prolog4 __lock thunk_FUN_0082ede3"
0082932f,FUN_0082932f,9,0,"FUN_0082ec6e"
00829338,__tolower_l,279,2,"FUN_008231c0 _LocaleUpdate ___crtLCMapStringA __isctype_l __isleadbyte_l"
0082944f,_tolower,39,1,"__tolower_l"
00829476,write_char,37,0,"FUN_00833cf1"
0082949b,write_multi_char,37,0,"write_char"
008294c0,write_string,79,0,"FUN_008231c0 write_char"
00829e1f,strtoxl,555,5,"FUN_0081ff4c FUN_008231c0 _LocaleUpdate __isctype_l"
0082a04a,_strtol,41,3,"strtoxl"
0082a073,__fltin2,165,3,"FUN_0082a1ce __ld12tod __security_check_cookie"
0082a118,__isctype_l,182,3,"_LocaleUpdate ___crtGetStringTypeA __isleadbyte_l"
0082a1ce,FUN_0082a1ce,1680,0,"FUN_0081ff4c FUN_008231c0 ___mtold12 __security_check_cookie"
0082a88e,___libm_error_support,634,0,"FUN_008231c0 FUN_008248a5"
0082ac10,__cintrindisp2,62,0,"FUN_0082acda __trandisp2"
0082ac4e,__cintrindisp1,61,0,"FUN_0082acda __trandisp1"
0082ac8b,__ctrandisp2,72,0,"FUN_0082acd3 __fload __trandisp2"
0082acd3,FUN_0082acd3,7,0,""
0082acda,FUN_0082acda,327,0,"__87except"
0082ae21,__ctrandisp1,51,0,"FUN_0082acd3 __fload __trandisp1"
0082ae54,__fload,60,0,""
0082b696,FUN_0082b696,518,0,""
0082b89c,FUN_0082b89c,178,0,"FUN_0082b696"
0082bc20,FUN_0082bc20,24,0,"FUN_0082bc3e"
0082bc3e,FUN_0082bc3e,425,0,"FUN_0082159f"
0082bde8,FUN_0082bde8,61,0,"terminate"
0082be33,FUN_0082be33,350,0,"FUN_00824a4a"
0082bf91,__wincmdln,93,0,"___initmbctable __ismbblead"
0082bfee,FUN_0082bfee,183,0,"___initmbctable __calloc_crt __invoke_watson _free _strcpy_s _strlen"
0082c0c9,parse_cmdline,408,0,"__ismbblead"
0082c261,__setargv,185,0,"GetModuleFileNameA ___initmbctable __malloc_crt parse_cmdline"
0082c31a,FUN_0082c31a,304,0,"FreeEnvironmentStringsA FreeEnvironmentStringsW GetEnvironmentStrings GetEnvironmentStringsW GetLastError WideCharToMultiByte __malloc_crt _free _memcpy"
0082c44f,__ioinit,582,0,"GetFileType GetStartupInfoA GetStdHandle SetHandleCount __SEH_epilog4 __SEH_prolog4 ___crtInitCritSecAndSpinCount __calloc_crt"
0082c6a3,__RTC_Initialize,36,0,""
0082c6eb,___heap_select,85,0,"__get_osplatform __get_winmajor __invoke_watson"
0082c746,__heap_init,90,0,"HeapCreate HeapDestroy ___heap_select ___sbh_heap_init"
0082c7a0,___security_init_cookie,148,0,"GetCurrentProcessId GetCurrentThreadId GetSystemTimeAsFileTime GetTickCount QueryPerformanceCounter"
0082c834,__hw_cw,142,0,""
0082c8c2,___hw_cw_sse2,160,0,""
0082c962,__control87,771,2,"___hw_cw_sse2 ___set_fpsr_sse2 __hw_cw"
0082cc65,__stbuf,150,1,"FUN_00822e87 FUN_008328e8 __fileno __malloc_crt"
0082ccfb,__ftbuf,47,2,"__flush"
0082cd2a,__raise_exc_ex,730,0,"RaiseException __clrfp __statfp"
0082d004,__raise_exc,33,0,"__raise_exc_ex"
0082d025,__handle_exc,481,0,"FUN_0082d5b6 FUN_0082d6a3"
0082d206,__set_errno_from_matherr,40,0,"FUN_008231c0"
0082d22e,__errcode,45,0,""
0082d25b,__umatherr,158,0,"FUN_00834c49 __ctrlfp __set_errno_from_matherr"
0082d2f9,__handle_qnan1,83,0,"FUN_008231c0 __ctrlfp __umatherr"
0082d34c,__handle_qnan2,95,0,"FUN_008231c0 __ctrlfp __umatherr"
0082d3ab,__except1,186,0,"__ctrlfp __errcode __handle_exc __raise_exc_ex __security_check_cookie __set_errno_from_matherr __umatherr"
0082d465,__except2,204,0,"__ctrlfp __errcode __handle_exc __raise_exc_ex __security_check_cookie __set_errno_from_matherr __umatherr"
0082d531,__set_exp,42,0,""
0082d55b,__sptype,91,0,""
0082d5b6,FUN_0082d5b6,175,0,"__set_exp"
0082d665,__statfp,11,0,""
0082d670,__clrfp,12,0,""
0082d67c,__ctrlfp,39,0,""
0082d6a3,FUN_0082d6a3,86,0,""
0082d6f9,___set_fpsr_sse2,68,0,"__SEH_epilog4 __SEH_prolog4"
0082d7dc,FUN_0082d7dc,9,0,""
0082d820,FUN_0082d820,24,0,"FUN_0082d83e"
0082d838,FUN_0082d838,6,0,""
0082d83e,FUN_0082d83e,395,0,""
0082d9cc,x_ismbbtype_l,81,4,"_LocaleUpdate"
0082da1d,__ismbblead,19,1,"x_ismbbtype_l"
0082da30,FUN_0082da30,25,0,"FUN_0082da49"
0082da49,FUN_0082da49,2872,0,"___libm_error_support"
0082e797,__d_inttype,100,0,"__fpclass __frnd"
0082e7fb,FUN_0082e7fb,318,0,"__d_inttype"
0082e940,FUN_0082e940,24,0,"FUN_0082e95e"
0082e958,FUN_0082e958,6,0,""
0082e95e,FUN_0082e95e,614,0,"___libm_error_support"
0082ebd0,__mtinitlocks,73,0,"___crtInitCritSecAndSpinCount"
0082ec19,FUN_0082ec19,81,0,"DeleteCriticalSection _free"
0082ec6e,FUN_0082ec6e,21,0,"LeaveCriticalSection"
0082ec83,FUN_0082ec83,168,0,"FUN_008231c0 FUN_008245e9 FUN_0082ed3d __FF_MSGBANNER __SEH_epilog4 __SEH_prolog4 ___crtExitProcess ___crtInitCritSecAndSpinCount __lock __malloc_crt _free"
0082ed3d,FUN_0082ed3d,9,0,"FUN_0082ec6e"
0082ed46,__lock,49,1,"EnterCriticalSection FUN_0082ec83 __amsg_exit"
0082ed77,___sbh_heap_init,72,0,"HeapAlloc"
0082edbf,thunk_FUN_0082ede3,18,0,"FUN_0082ede3"
0082ede3,FUN_0082ede3,25,0,""
0082edea,___sbh_free_block,788,0,"HeapFree VirtualFree _memmove"
0082f0fe,___sbh_alloc_new_region,176,0,"HeapAlloc HeapFree HeapReAlloc VirtualAlloc"
0082f1ae,___sbh_alloc_new_group,262,0,"VirtualAlloc"
0082f2b4,___sbh_resize_block,735,0,""
0082f593,___sbh_alloc_block,739,0,"___sbh_alloc_new_group ___sbh_alloc_new_region"
0082f878,__global_unwind2,32,0,"RtlUnwind"
0082f8dd,__local_unwind2,132,0,"FUN_0082f9ac __NLG_Notify"
0082f984,__NLG_Notify1,9,0,""
0082f98d,__NLG_Notify,31,1,""
0082f9ac,FUN_0082f9ac,3,0,""
0082f9af,__rt_probe_read4@4,48,0,"__SEH_epilog4 __SEH_prolog4"
0082f9fa,__modf_default,266,0,"__copysign __ctrlfp __except1 __frnd __handle_qnan1 __sptype"
0082fb04,__floor_default,209,0,"__ctrlfp __except1 __frnd __handle_qnan1 __sptype"
0082fbd5,FUN_0082fbd5,288,0,"FUN_0081ff4c FUN_008231c0 FUN_008302b6 __fileno __getbuf"
0082fcf5,FUN_0082fcf5,1472,0,"FUN_0081ff4c FUN_008231c0 FUN_008231d3 FUN_008231e6 FUN_00832708 GetLastError MultiByteToWideChar ReadFile __malloc_crt _free"
008302b6,FUN_008302b6,243,0,"FUN_0081ff4c FUN_008231c0 FUN_008231d3 FUN_0082fcf5 FUN_008303a9 __SEH_epilog4 __SEH_prolog4 ___lock_fhandle"
008303a9,FUN_008303a9,10,0,"FUN_00830d6c"
008303b3,__fileno,45,1,"FUN_0081ff4c FUN_008231c0"
0083047f,__flush,98,1,"FUN_008313b0 __fileno"
008304e1,FUN_008304e1,66,0,"FUN_00830523 FUN_00834c5d __fileno __flush"
00830523,FUN_00830523,187,0,"FUN_00822f9a FUN_008304e1 FUN_008305c5 FUN_008305f4 __SEH_epilog4 __SEH_prolog4 __lock"
008305c5,FUN_008305c5,17,0,"FUN_00822ffe"
008305f4,FUN_008305f4,9,0,"FUN_0082ec6e"
00830796,FUN_00830796,26,0,"_free"
008307b1,FUN_008307b1,928,0,"FUN_00830796 FUN_00834d85 GetLastError LCMapStringA LCMapStringW MultiByteToWideChar WideCharToMultiByte ___ansicp __alloca_probe_16 __security_check_cookie _free _malloc _memset"
00830b53,___crtLCMapStringA,67,9,"FUN_008307b1 _LocaleUpdate"
00830b96,__isleadbyte_l,54,2,"_LocaleUpdate"
00830bcc,_isleadbyte,14,1,"__isleadbyte_l"
00830c5b,FUN_00830c5b,113,0,"FUN_0081ff4c FUN_008231c0 FUN_008231d3"
00830ccc,___lock_fhandle,146,1,"EnterCriticalSection FUN_00830d63 __SEH_epilog4 __SEH_prolog4 ___crtInitCritSecAndSpinCount __lock"
00830d63,FUN_00830d63,9,0,"FUN_0082ec6e"
00830d6c,FUN_00830d6c,34,0,"LeaveCriticalSection"
00830d8e,FUN_00830d8e,1570,0,"FUN_0081ff4c FUN_008231c0 FUN_008231d3 FUN_008231e6 FUN_00832708 FUN_008328e8 GetConsoleCP GetConsoleMode GetLastError WideCharToMultiByte WriteFile __getptd __putwch_nolock __security_check_cookie _isleadbyte _mbtowc"
008313b0,FUN_008313b0,210,0,"FUN_0081ff4c FUN_008231c0 FUN_008231d3 FUN_00830d8e FUN_00831482 __SEH_epilog4 __SEH_prolog4 ___lock_fhandle"
00831482,FUN_00831482,10,0,"FUN_00830d6c"
0083148c,__local_unwind4,144,0,"FUN_0082f9ac __NLG_Notify"
00831562,FUN_00831562,28,0,"__local_unwind4"
0083157e,_EH4_CallFilterFunc,23,0,""
00831595,_EH4_TransferToHandler,25,0,"__NLG_Notify"
008315ae,_EH4_GlobalUnwind,26,0,"RtlUnwind"
008315c8,_EH4_LocalUnwind,23,0,"__local_unwind4"
008315df,__copysign,38,2,""
00831605,__fpclass,148,1,"__sptype"
008316a0,__ValidateImageBase,41,1,""
008316d0,__FindPESection,66,2,""
00831720,__IsNonwritableInCurrentImage,164,1,"__FindPESection __ValidateImageBase"
008317db,__initp_misc_winsig,25,0,""
008317f4,siglookup,52,0,""
00831828,___get_sigabrt,13,0,"FUN_008248a5"
00831835,_raise,411,1,"FUN_0081ff4c FUN_008231c0 FUN_008248a5 FUN_00824a4a FUN_008319a9 __SEH_epilog4 __SEH_prolog4 __encoded_null __exit __lock siglookup"
008319a9,FUN_008319a9,15,0,"FUN_0082ec6e"
008319e5,FUN_008319e5,10,0,""
008319ef,FUN_008319ef,10,0,""
008319f9,___crtInitCritSecNoSpinCount@8,16,0,"InitializeCriticalSection"
00831a09,___crtInitCritSecAndSpinCount,147,0,"FUN_0082482e FUN_008248a5 GetModuleHandleA GetProcAddress __SEH_epilog4 __SEH_prolog4 ___crtInitCritSecNoSpinCount@8 __get_osplatform __invoke_watson"
00831ad0,FUN_00831ad0,24,0,"FUN_00831aee"
00831aee,FUN_00831aee,1334,0,"___libm_error_support"
00832024,FUN_00832024,439,0,"FUN_0082482e FUN_008248a5 GetProcAddress LoadLibraryA __encoded_null __get_osplatform __get_winmajor __invoke_watson"
008321e1,__set_error_mode,70,1,"FUN_0081ff4c FUN_008231c0"
00832227,__isdigit_l,79,2,"_LocaleUpdate __isctype_l"
00832276,_isdigit,41,1,"__isdigit_l"
0083229f,_ValidateRead,13,2,""
008322ac,FID_conflict:__atoflt_l,166,3,"FUN_0082a1ce _LocaleUpdate __ld12tod __security_check_cookie"
00832352,FID_conflict:__atoflt_l,166,3,"FUN_0082a1ce _LocaleUpdate __ld12tof __security_check_cookie"
008323f8,__fptostr,189,4,"FUN_0081ff4c FUN_008231c0 _memmove _strlen"
008324b5,___dtold,187,0,""
00832570,__fltout2,139,4,"FUN_0083502e ___dtold __invoke_watson __security_check_cookie _strcpy_s"
00832600,__alldvrm,223,0,""
008326e0,__aullshr,31,0,""
00832708,FUN_00832708,131,0,"FUN_008231c0 FUN_008231e6 FUN_00830c5b GetLastError SetFilePointer"
0083278b,FUN_0083278b,271,0,"FUN_0081ff4c FUN_008231c0 FUN_008231d3 FUN_00832708 FUN_0083289a __SEH_epilog4 __SEH_prolog4 ___lock_fhandle"
0083289a,FUN_0083289a,10,0,"FUN_00830d6c"
008328a4,__getbuf,68,1,"__malloc_crt"
008328e8,FUN_008328e8,94,0,"FUN_0081ff4c FUN_008231c0"
00832946,__wctomb_s_l,351,5,"FUN_0081ff4c FUN_008231c0 GetLastError WideCharToMultiByte _LocaleUpdate _memset"
00832aa5,_wctomb_s,27,4,"__wctomb_s_l"
00832ac0,__aulldvrm,149,0,""
00832b55,write_char,51,0,"FUN_00826787"
00832b88,write_multi_char,36,0,"write_char"
00832bac,write_string,74,0,"FUN_008231c0 write_char"
008335a6,__87except,252,0,"FUN_00834c49 __ctrlfp __handle_exc __raise_exc __security_check_cookie __set_errno_from_matherr"
008336a2,FUN_008336a2,45,0,"__SEH_epilog4 __SEH_prolog4"
008336f2,__get_sse2_info,96,0,"FUN_008336a2"
0083375f,FUN_0083375f,439,0,"FUN_00830796 FUN_00834d85 GetLastError GetStringTypeA GetStringTypeW MultiByteToWideChar ___ansicp __alloca_probe_16 __security_check_cookie _free _malloc _memset"
00833917,___crtGetStringTypeA,64,7,"FUN_0083375f _LocaleUpdate"
00833957,FUN_00833957,23,0,"_free"
00833ae7,FUN_00833ae7,61,0,"_free"
00833b27,FUN_00833b27,130,0,"_free"
00833bb0,____lc_codepage_func,38,0,"___updatetlocinfo __getptd"
00833be0,_strcspn,70,2,""
00833c30,_strpbrk,64,2,""
00833c70,__getenv_helper_nolock,129,1,"FUN_00835ae7 __mbsnbicoll _strlen"
00833cf1,FUN_00833cf1,478,0,"FUN_00826787 FUN_00835b7c __fileno __security_check_cookie _wctomb_s"
00833ecf,__mbtowc_l,275,4,"FUN_008231c0 MultiByteToWideChar _LocaleUpdate __isleadbyte_l"
00833fe2,_mbtowc,23,3,"__mbtowc_l"
00833ff9,__ld12tod,1346,2,""
0083453b,__ld12tof,1346,2,""
00834a7d,___mtold12,460,0,"__security_check_cookie"
00834c49,FUN_00834c49,3,0,""
00834c4c,__frnd,17,0,""
00834c5d,FUN_00834c5d,215,0,"FUN_0081ff4c FUN_008231c0 FUN_008231d3 FUN_00830c5b FUN_00834d34 FlushFileBuffers GetLastError __SEH_epilog4 __SEH_prolog4 ___lock_fhandle"
00834d34,FUN_00834d34,10,0,"FUN_00830d6c"
00834d3e,___ansicp,71,0,"GetLocaleInfoA __security_check_cookie _atol"
00834d85,FUN_00834d85,428,0,"FUN_00830796 GetCPInfo MultiByteToWideChar WideCharToMultiByte __alloca_probe_16 __calloc_crt __security_check_cookie _free _malloc _memset _strlen"
00834f40,__alloca_probe_16,22,0,"__alloca_probe"
00834f56,__alloca_probe_8,22,0,"__alloca_probe"
00834f6c,__putwch_nolock,194,1,"GetConsoleOutputCP GetLastError WideCharToMultiByte WriteConsoleA WriteConsoleW ___initconout __security_check_cookie"
0083502e,FUN_0083502e,2240,0,"__invoke_watson __security_check_cookie _strcpy_s"
008358f4,__strnicmp_l,240,4,"FUN_0081ff4c FUN_008231c0 _LocaleUpdate ___ascii_strnicmp __tolower_l"
008359e4,__mbsnbicoll_l,236,4,"FUN_0081ff4c FUN_008231c0 _LocaleUpdate ___crtCompareStringA __strnicoll_l"
00835ad0,__mbsnbicoll,23,3,"__mbsnbicoll_l"
00835ae7,FUN_00835ae7,142,0,"FUN_0083630c WideCharToMultiByte __calloc_crt _free"
00835b7c,FUN_00835b7c,368,0,"FUN_00822e87 FUN_008231c0 FUN_008313b0 FUN_0083278b FUN_008328e8 __fileno __getbuf"
00835cec,___initconout,31,0,"CreateFileA"
00835d40,___ascii_strnicmp,97,3,""
00835da1,FUN_00835da1,891,0,"CompareStringA CompareStringW FUN_00830796 FUN_00834d85 GetCPInfo GetLastError MultiByteToWideChar ___ansicp __alloca_probe_16 __security_check_cookie _free _malloc"
0083612a,___crtCompareStringA,64,8,"FUN_00835da1 _LocaleUpdate"
0083616a,__strnicoll_l,248,4,"FUN_0081ff4c FUN_008231c0 _LocaleUpdate ___crtCompareStringA __strnicmp_l"
00836262,findenv,77,0,"__mbsnbicoll"
008362af,copy_environ,93,0,"__amsg_exit __calloc_crt __strdup"
0083630c,FUN_0083630c,504,0,"FUN_0081ff4c FUN_008231c0 FUN_00835ae7 SetEnvironmentVariableA __calloc_crt __invoke_watson __malloc_crt __mbschr __recalloc_crt _free _strcpy_s _strlen copy_environ findenv"
00836558,__strdup,77,1,"__invoke_watson _malloc _strcpy_s _strlen"
008365b0,FUN_008365b0,162,0,""
00836660,FUN_00836660,7,0,""
00836670,FUN_00836670,28,0,"_free"
00836690,FUN_00836690,13,0,""
008366a0,FUN_008366a0,9,0,"_free"
008366b0,FUN_008366b0,22,0,"FUN_0084a8c0"
008366d0,FUN_008366d0,60,0,"FUN_0081ff70"
00836710,FUN_00836710,206,0,"FUN_00446760 FUN_0081ff70"
008367e0,FUN_008367e0,56,0,"FUN_0081ff70"
00836820,FUN_00836820,56,0,"FUN_0081ff70"
00836870,FUN_00836870,50,0,"FUN_0081ff70"
008368f0,FUN_008368f0,133,0,"FUN_008368f0"
00836980,FUN_00836980,53,0,"FUN_0081ff70"
008369c0,FUN_008369c0,90,0,""
00836a20,FUN_00836a20,90,0,"FUN_0081fbdc __CxxThrowException@8 exception"
00836a80,FUN_00836a80,25,0,""
00836aa0,FUN_00836aa0,57,0,""
00836ae0,FUN_00836ae0,26,0,""
00836b00,FUN_00836b00,5,0,""
00836b10,FUN_00836b10,58,0,""
00836b50,FUN_00836b50,118,0,"_memset"
00836bf0,FUN_00836bf0,73,0,""
00836c70,FUN_00836c70,84,0,""
00836cf0,FUN_00836cf0,41,0,"FUN_0081ff70"
00836d20,FUN_00836d20,28,0,""
00836d40,FUN_00836d40,99,0,"FUN_0081ff70"
00836db0,FUN_00836db0,68,0,"_memset"
00836e00,FUN_00836e00,69,0,"__allshl"
00836e50,FUN_00836e50,55,0,"__allshl"
00836e90,FUN_00836e90,89,0,""
00836f10,FUN_00836f10,86,0,"FUN_0081fbdc __CxxThrowException@8 exception"
00836f70,FUN_00836f70,28,0,""
00836f90,FUN_00836f90,78,0,""
00836fe0,FUN_00836fe0,28,0,""
00837000,FUN_00837000,27,0,""
00837020,FUN_00837020,82,0,""
00837080,FUN_00837080,99,0,"FUN_0081ff70"
008370f0,FUN_008370f0,137,0,"FUN_0081ff70"
00837180,FUN_00837180,99,0,"FUN_0081ff70"
008371f0,FUN_008371f0,73,0,"FUN_0081ff70"
00837240,FUN_00837240,84,0,""
008372a0,FUN_008372a0,62,0,"FUN_008366d0"
008372e0,FUN_008372e0,328,0,"FUN_0081ff70"
00837430,FUN_00837430,254,0,"FUN_0081ff70 FUN_008366d0"
00837530,FUN_00837530,477,0,"FUN_00446700 FUN_0081ff70"
00837710,FUN_00837710,325,0,"FUN_0081ff70 FUN_00837530"
00837860,FUN_00837860,224,0,"FUN_0081ff70"
00837aa0,FUN_00837aa0,194,0,"FUN_00446990 FUN_0081ff70 FUN_00836980 operator*"
00837b70,FUN_00837b70,370,0,"FUN_0081ff70 FUN_008368f0"
00837e60,FUN_00837e60,240,0,"FUN_0081ff70 FUN_008368f0 FUN_00836980 operator*"
00838050,FUN_00838050,514,0,"FUN_0081ff70 FUN_008366d0"
00838260,FUN_00838260,146,0,"FUN_00446760 FUN_0081ff70"
00838300,FUN_00838300,186,0,"FUN_00446760 FUN_0081ff70"
008384b0,FUN_008384b0,154,0,"FUN_008372a0"
008385b0,FUN_008385b0,19,0,""
00838700,FUN_00838700,56,0,""
00838740,FUN_00838740,37,0,"FUN_0081ff70"
00838770,FUN_00838770,54,0,""
008387b0,FUN_008387b0,50,0,""
008387f0,FUN_008387f0,61,0,""
00838830,FUN_00838830,93,0,"FUN_00836b10"
00838890,FUN_00838890,28,0,"_free"
008388b0,FUN_008388b0,53,0,""
008388f0,FUN_008388f0,78,0,""
00838940,FUN_00838940,126,0,"FUN_0084a750"
008389c0,FUN_008389c0,196,0,"FUN_00836e90"
00838ac0,FUN_00838ac0,82,0,""
00838b20,FUN_00838b20,78,0,""
00838b70,FUN_00838b70,43,0,""
00838ba0,FUN_00838ba0,45,0,""
00838bd0,FUN_00838bd0,42,0,""
00838c00,FUN_00838c00,41,0,""
00838c30,FUN_00838c30,90,0,""
00839610,FUN_00839610,86,0,"FUN_00836aa0"
00839670,FUN_00839670,56,0,"FUN_008387b0"
008396b0,FUN_008396b0,61,0,""
008396f0,FUN_008396f0,152,0,""
00839790,FUN_00839790,155,0,"FUN_0084a6e0"
00839830,FUN_00839830,67,0,"FUN_00839790"
00839880,FUN_00839880,194,0,"FUN_00839790 FUN_0084a6e0"
00839950,FUN_00839950,26,0,"FUN_0081fbdc"
00839970,FUN_00839970,42,0,"FUN_00839970 _free"
008399b0,FUN_008399b0,55,0,"FUN_0081fbdc"
008399f0,FUN_008399f0,187,0,""
00839ab0,FUN_00839ab0,30,0,""
00839ad0,FUN_00839ad0,36,0,""
00839b00,FUN_00839b00,55,0,"FUN_0081fbdc"
00839b40,FUN_00839b40,55,0,"FUN_0081fbdc"
00839b80,FUN_00839b80,57,0,"FUN_0081ff70 FUN_00836d40"
00839bc0,FUN_00839bc0,43,0,""
00839bf0,FUN_00839bf0,32,0,""
00839c10,FUN_00839c10,45,0,""
00839c40,FUN_00839c40,128,0,"FUN_0081ff70"
00839cc0,FUN_00839cc0,131,0,"FUN_00838c30"
00839d50,FUN_00839d50,307,0,"FUN_0081ff70 __allmul __aulldiv"
00839e90,FUN_00839e90,84,0,"FUN_004105a0 FUN_0081ff70"
00839f20,FUN_00839f20,41,0,"FUN_008387f0"
00839f50,FUN_00839f50,43,0,"FUN_00838830"
00839f80,FUN_00839f80,188,0,"FUN_008396f0"
0083a040,FUN_0083a040,143,0,"FUN_004024e0 FUN_004104b0 FUN_007fb8fb"
0083a0d0,FUN_0083a0d0,42,0,"FUN_0084b4a0"
0083a100,FUN_0083a100,69,0,"FUN_008368f0 FUN_00839880"
0083a150,FUN_0083a150,40,0,"FUN_0084b4a0"
0083a180,FUN_0083a180,27,0,"FUN_008399f0"
0083a1a0,FUN_0083a1a0,94,0,""
0083a200,FUN_0083a200,140,0,"FUN_00405560"
0083a290,FUN_0083a290,62,0,""
0083a2d0,FUN_0083a2d0,73,0,"FUN_008365b0"
0083a320,FUN_0083a320,35,0,"_free"
0083a350,FUN_0083a350,737,0,"FUN_00401e00 FUN_00405c70 FUN_0081ff70 FUN_008371f0 FUN_0083a150 __security_check_cookie _free"
0083a640,FUN_0083a640,247,0,"FUN_0081ff70"
0083a740,FUN_0083a740,52,0,""
0083a780,FUN_0083a780,113,0,"_free"
0083a800,FUN_0083a800,140,0,"FUN_00405560"
0083a890,FUN_0083a890,96,0,"FUN_00837240"
0083a8f0,FUN_0083a8f0,47,0,"FUN_0081fdeb _free"
0083a930,FUN_0083a930,14,0,""
0083a940,FUN_0083a940,65,0,"FUN_0081fdeb _free"
0083a990,FUN_0083a990,96,0,"FUN_0081ff70 FUN_008366d0"
0083a9f0,FUN_0083a9f0,54,0,"FUN_008396b0"
0083aa30,FUN_0083aa30,84,0,"FUN_0081fdeb _free"
0083aa90,FUN_0083aa90,8,0,"FUN_0083b080"
0083aad0,FUN_0083aad0,8,0,"FUN_0083b040"
0083aae0,FUN_0083aae0,8,0,"FUN_0083b040"
0083aaf0,FUN_0083aaf0,67,0,"FUN_0081ff70"
0083ab40,FUN_0083ab40,67,0,"_free"
0083ab90,FUN_0083ab90,105,0,""
0083ac00,FUN_0083ac00,84,0,"FUN_0081fdeb _free"
0083ac60,FUN_0083ac60,8,0,"FUN_0083b330"
0083ac90,FUN_0083ac90,8,0,"FUN_0083b2f0"
0083aca0,FUN_0083aca0,8,0,"FUN_0083b2f0"
0083acb0,FUN_0083acb0,92,0,"_free"
0083ad20,FUN_0083ad20,83,0,"FUN_0081fbdc"
0083ad80,FUN_0083ad80,51,0,"FUN_00839bc0"
0083adc0,FUN_0083adc0,51,0,"FUN_00839c10"
0083ae00,FUN_0083ae00,111,0,"_atexit"
0083ae70,FUN_0083ae70,290,0,"FUN_00402360 FUN_00446fd0 FUN_0081ff70"
0083af7e,Catch_All@0083af7e,45,0,"__CxxThrowException@8 _free"
0083afd0,FUN_0083afd0,56,0,"FUN_0081ff70 FUN_00839610"
0083b010,FUN_0083b010,39,0,"_free"
0083b040,FUN_0083b040,54,0,"FUN_0083aa30 _free"
0083b080,FUN_0083b080,27,0,"FUN_0083aa30 _free"
0083b0a0,FUN_0083b0a0,121,0,"FUN_0081fbdc"
0083b119,Catch_All@0083b119,21,0,"FUN_0083ab40 __CxxThrowException@8"
0083b130,FUN_0083b130,66,0,"_free"
0083b180,FUN_0083b180,364,0,"FUN_004022d0 FUN_0042ba50 FUN_0081ff70"
0083b2f0,FUN_0083b2f0,54,0,"FUN_0083ac00 _free"
0083b330,FUN_0083b330,27,0,"FUN_0083ac00 _free"
0083b350,FUN_0083b350,122,0,"FUN_00405c70 FUN_0081ff70 FUN_0083a200"
0083b3d0,FUN_0083b3d0,143,0,"FUN_0081ff70 _free"
0083b470,FUN_0083b470,94,0,"FUN_0083a2d0 FUN_0083a890"
0083b4d0,FUN_0083b4d0,41,0,"FUN_00838b70"
0083b500,FUN_0083b500,149,0,"FUN_004020d0 FUN_0083ae00 FUN_0084bb80 FUN_0084bba0"
0083b5a0,FUN_0083b5a0,41,0,"FUN_00838ba0"
0083b5d0,FUN_0083b5d0,122,0,"FUN_00405c70 FUN_0081ff70 FUN_0083a800"
0083b650,FUN_0083b650,107,0,"FUN_004020d0 FUN_0081fd1c"
0083b6c0,FUN_0083b6c0,113,0,"FUN_004020d0 exception"
0083b740,FUN_0083b740,117,0,"FUN_00401670 FUN_00402200 __CxxThrowException@8"
0083b7c0,FUN_0083b7c0,343,0,"FUN_004020d0 FUN_00402200 FUN_0043f280 FUN_0081ff70 FUN_0084a4f0 _free"
0083b920,FUN_0083b920,152,0,"FUN_0081ff70 FUN_0083b180"
0083b9c0,FUN_0083b9c0,274,0,"FUN_00402200 FUN_0081ff70 FUN_0083b350 FUN_0083b470 _free"
0083bae0,FUN_0083bae0,147,0,"FUN_0083b6c0"
0083bb80,FUN_0083bb80,90,0,"FUN_0081ff70 FUN_0083b740"
0083bbe0,FUN_0083bbe0,17,0,"FUN_0083acb0 _free"
0083bc00,FUN_0083bc00,509,0,"FUN_00401670 FUN_00402200 FUN_0044dcb0 FUN_0044dfc0 FUN_008388f0 __CxxThrowException@8"
0083be00,FUN_0083be00,574,0,"FUN_00836a20 FUN_00838b70 FUN_00839ad0 FUN_0083a290 FUN_0083ad80 FUN_0083b4d0 FUN_0083c5f0 _free"
0083bf7a,Catch_All@0083bf7a,9,0,"_free"
0083c060,FUN_0083c060,536,0,"FUN_0044a710 FUN_0044dc00 FUN_00657880 FUN_00783a40 FUN_00839ab0 FUN_0083c5f0 _free"
0083c1bb,Catch_All@0083c1bb,9,0,"_free"
0083c290,FUN_0083c290,160,0,"FUN_00401670 FUN_00402200 __CxxThrowException@8"
0083c330,FUN_0083c330,640,0,"FUN_00401670 FUN_00402200 FUN_0044dbe0 FUN_0044dcb0 FUN_00836d20 FUN_00836d40 FUN_008388f0 __CxxThrowException@8 _free"
0083c5f0,FUN_0083c5f0,117,0,"FUN_00401670 FUN_00402200 __CxxThrowException@8"
0083c670,FUN_0083c670,177,0,"FUN_0083bae0"
0083c730,FUN_0083c730,558,0,"FUN_00836f10 FUN_00838ba0 FUN_00839bf0 FUN_0083a740 FUN_0083adc0 FUN_0083b5a0 FUN_0083c5f0 _free"
0083c8a4,Catch_All@0083c8a4,9,0,"_free"
0083c980,FUN_0083c980,83,0,"FUN_004020d0"
0083c9e0,FUN_0083c9e0,87,0,"FUN_004020d0"
0083ca40,FUN_0083ca40,749,0,"FUN_004020d0 FUN_00402200 FUN_004024e0 FUN_0081ff70 FUN_0083ae70 FUN_0083b5d0 FUN_0084a510 __security_check_cookie _free"
0083cd40,FUN_0083cd40,679,0,"FUN_0042be20 FUN_00446700 FUN_004467d0 FUN_00838770 FUN_008387f0 FUN_00839f20 FUN_00839f50 FUN_0083a9f0 _free"
0083cf0a,Catch_All@0083cf0a,9,0,"_free"
0083d000,FUN_0083d000,153,0,"FUN_004017a0"
0083d0a0,FUN_0083d0a0,34,0,"FUN_0083b7c0"
0083d0d0,FUN_0083d0d0,67,0,"FUN_004017a0"
0083d120,FUN_0083d120,197,0,"FUN_0083a8f0 FUN_0083d0a0 FUN_0084aaf0 FUN_0084b2a0 __security_check_cookie _free"
0083d1f0,FUN_0083d1f0,345,0,"FUN_0081ff70 FUN_0083aaf0 FUN_0083d120"
0083d350,FUN_0083d350,823,0,"FUN_004020d0 FUN_004022d0 FUN_0081ff70 FUN_0083a150 FUN_0083b920 _free"
0083d6b0,FUN_0083d6b0,177,0,"FUN_0083d000"
0083d770,FUN_0083d770,513,0,"FUN_00402200 FUN_0081ff70 FUN_0083b9c0 __security_check_cookie _free"
0083d980,FUN_0083d980,546,0,"FUN_00838940 FUN_00839790 FUN_0083d120"
0083dbd0,FUN_0083dbd0,497,0,"FUN_008368f0 FUN_008399f0 FUN_0083a180 FUN_0083d120 FUN_0083d980"
0083ddd0,FUN_0083ddd0,551,0,"FUN_0083a8f0 FUN_0083d0a0 FUN_0084aaf0 FUN_0084b2a0 __security_check_cookie _free"
0083e000,FUN_0083e000,75,0,"_free"
0083e090,FUN_0083e090,185,0,"FUN_0044dd10 FUN_0083bc00"
0083e150,FUN_0083e150,120,0,"FUN_0081fbdc FUN_0083bae0"
0083e1d0,FUN_0083e1d0,55,0,"FUN_0083bae0 __CxxThrowException@8"
0083e210,FUN_0083e210,137,0,"FUN_0081ff70 FUN_0083be00"
0083e2a0,FUN_0083e2a0,137,0,"FUN_0081ff70 FUN_0083c060"
0083e330,FUN_0083e330,200,0,"FUN_0081ff70 FUN_00836d40 FUN_00839970 FUN_0083c330"
0083e400,FUN_0083e400,151,0,"FUN_00839880 FUN_0083d120"
0083e4a0,FUN_0083e4a0,67,0,"FUN_0083b6c0"
0083e4f0,FUN_0083e4f0,31,0,"FUN_0083c670"
0083e510,FUN_0083e510,39,0,"FUN_0083ca40"
0083e540,FUN_0083e540,135,0,"FUN_0081ff70 FUN_0083c730"
0083e5d0,FUN_0083e5d0,678,0,"FUN_00401670 FUN_00402200 FUN_0043e3f0 FUN_00836f70 FUN_00837080 FUN_00838ac0 FUN_00838b20 __CxxThrowException@8 _free"
0083e8c0,FUN_0083e8c0,125,0,"FUN_0081fbdc FUN_0083c980"
0083e93d,Catch_All@0083e93d,9,0,"_free"
0083e960,FUN_0083e960,678,0,"FUN_00401670 FUN_00402200 FUN_0043e3f0 FUN_00836f70 FUN_00837080 FUN_00838ac0 FUN_00838b20 __CxxThrowException@8 _free"
0083ec50,FUN_0083ec50,125,0,"FUN_0081fbdc FUN_0083c9e0"
0083eccd,Catch_All@0083eccd,9,0,"_free"
0083ecf0,FUN_0083ecf0,73,0,"FUN_0083ecf0 _free"
0083ed50,FUN_0083ed50,73,0,"FUN_0083ed50 _free"
0083edb0,FUN_0083edb0,194,0,"FUN_0083d120"
0083eec0,FUN_0083eec0,230,0,"FUN_0042be20 FUN_004467d0 FUN_0081ff70 FUN_008387f0"
0083efa6,Catch_All@0083efa6,17,0,"FUN_005b8f20 __CxxThrowException@8"
0083efc0,FUN_0083efc0,318,0,"FUN_00446700 FUN_004475a0 FUN_00839610 FUN_00839f20 FUN_0083afd0 _free"
0083f110,FUN_0083f110,94,0,"_free"
0083f1e0,FUN_0083f1e0,215,0,"FUN_0081fdeb FUN_0083b650 FUN_0083d0a0 FUN_0084b150 __security_check_cookie _free"
0083f2f0,FUN_0083f2f0,39,0,"FUN_0083d350"
0083f320,FUN_0083f320,120,0,"FUN_0081fbdc FUN_0083d000"
0083f3a0,FUN_0083f3a0,55,0,"FUN_0083d000 __CxxThrowException@8"
0083f3e0,FUN_0083f3e0,31,0,"FUN_0083d6b0"
0083f400,FUN_0083f400,96,0,"FUN_0083e4a0 FUN_0083e4f0 __CxxThrowException@8"
0083f470,FUN_0083f470,130,0,"FUN_0081ff70 FUN_00839bc0 FUN_0083e210"
0083f500,FUN_0083f500,105,0,"FUN_0081ff70 FUN_0083e2a0"
0083f570,FUN_0083f570,106,0,"FUN_00839b80 FUN_0083a1a0 FUN_0083e330"
0083f5e0,FUN_0083f5e0,761,0,"FUN_00401e00 FUN_00434c50 FUN_008399f0 FUN_0083a180 FUN_0083d120 FUN_0083e510 __security_check_cookie"
0083f940,FUN_0083f940,1263,0,"FUN_004020d0 FUN_00405560 FUN_00405c70 FUN_008368f0 FUN_0083a0d0 FUN_0083f2f0 __security_check_cookie _free"
0083fe60,FUN_0083fe60,63,0,"FUN_0081ff70 FUN_0083e540"
0083fea0,FUN_0083fea0,196,0,"FUN_0081ff70 FUN_0083e540"
0083ff70,FUN_0083ff70,110,0,"FUN_0081ff70 FUN_0083e540"
0083ffe0,FUN_0083ffe0,509,0,"FUN_00401670 FUN_00402200 FUN_00838ac0 FUN_00838b20 FUN_0083e8c0 __CxxThrowException@8"
008401e0,FUN_008401e0,509,0,"FUN_00401670 FUN_00402200 FUN_00838ac0 FUN_00838b20 FUN_0083ec50 __CxxThrowException@8"
008403e0,FUN_008403e0,652,0,"FUN_00401670 FUN_00402200 FUN_00836f90 FUN_00836fe0 FUN_00837000 FUN_00837020 FUN_00837180 FUN_0083a780 __CxxThrowException@8 _free"
008406b0,FUN_008406b0,50,0,"FUN_0083a780 FUN_008406b0 _free"
008406f0,FUN_008406f0,615,0,"FUN_00401e00 FUN_00434c50 FUN_0083d120 FUN_0083e510 FUN_0083f5e0 __security_check_cookie"
00840960,FUN_00840960,1882,0,"FUN_004020d0 FUN_00405560 FUN_0081ff70 FUN_008368f0 FUN_00839790 FUN_0083a0d0 FUN_0083f2f0 __security_check_cookie _free _memset"
008410e0,FUN_008410e0,3377,0,"FUN_004020d0 FUN_00405560 FUN_0040fc00 FUN_00410540 FUN_0081ff70 FUN_00839790 FUN_0083a0d0 FUN_0083f2f0 FUN_0084a6e0 __security_check_cookie _free"
00841e50,FUN_00841e50,393,0,"FUN_0081ff70 FUN_00838770 FUN_00839610 FUN_0083cd40"
00841fe0,FUN_00841fe0,1166,0,"FUN_0081ff70 FUN_008366d0 FUN_00838740 FUN_00838c00 FUN_00839c40 FUN_0083efc0"
00842470,FUN_00842470,93,0,"FUN_0083f1e0 FUN_0084a8b0"
00842560,FUN_00842560,94,0,"FUN_00842470"
008425c0,FUN_008425c0,82,0,"FUN_00842470"
00842620,FUN_00842620,75,0,"FUN_00842470"
00842670,FUN_00842670,82,0,"FUN_008369c0 FUN_00842470"
008426d0,FUN_008426d0,82,0,"FUN_00842470"
00842730,FUN_00842730,75,0,"FUN_00842470"
00842780,FUN_00842780,83,0,"FUN_0083eec0"
008427e0,FUN_008427e0,69,0,""
00842830,FUN_00842830,216,0,"FUN_0081ff70 FUN_008387b0 FUN_008427e0"
00842910,FUN_00842910,163,0,"FUN_0081ff70 FUN_008427e0"
008429c0,FUN_008429c0,96,0,"FUN_0083d0d0 FUN_0083f3e0 __CxxThrowException@8"
00842a30,FUN_00842a30,1904,0,"FUN_004020d0 FUN_00405560 FUN_00405c70 FUN_00446760 FUN_0081ff70 FUN_008368f0 FUN_0083a0d0 FUN_0083f2f0 __security_check_cookie _free"
008431c0,FUN_008431c0,181,0,"FUN_0083d770"
00843280,FUN_00843280,253,0,"FUN_00838940 FUN_00839790 FUN_0083d120 FUN_0083f500"
00843380,FUN_00843380,901,0,"FUN_008368f0 FUN_00836db0 FUN_00836e00 FUN_00836e50 FUN_0083f940 FUN_00843380"
00843780,FUN_00843780,96,0,""
008437e0,FUN_008437e0,171,0,"FUN_00839790 FUN_00839880 FUN_008399f0 FUN_0083d120 FUN_0083f5e0"
00843890,FUN_00843890,300,0,"FUN_0081ff70 FUN_0083d120 FUN_0083e540 FUN_0083fea0 FUN_008406f0"
008439c0,FUN_008439c0,775,0,"FUN_00401e00 FUN_00434c50 FUN_00839790 FUN_0083d120 FUN_0083d770 FUN_0083e510 FUN_0083ff70 FUN_00843890 __security_check_cookie"
00843cd0,FUN_00843cd0,29,0,"FUN_00840960 FUN_008410e0"
00843cf0,FUN_00843cf0,134,0,"FUN_0081ff70 FUN_008387b0 FUN_0083a640 FUN_0083f470"
00843d80,FUN_00843d80,185,0,"FUN_008370f0 FUN_0083ffe0"
00843e40,FUN_00843e40,200,0,"FUN_0081ff70 FUN_00837080 FUN_0083e5d0 FUN_0083ecf0"
00843f10,FUN_00843f10,303,0,"FUN_00405560 FUN_00405c70 FUN_008370f0 FUN_008401e0"
00844040,FUN_00844040,200,0,"FUN_0081ff70 FUN_00837080 FUN_0083e960 FUN_0083ed50"
00844110,FUN_00844110,467,0,"FUN_00401670 FUN_00402200 FUN_00447510 FUN_0081fbdc FUN_00839d50 FUN_008429c0 __security_check_cookie _free"
008442f0,FUN_008442f0,507,0,"FUN_0081ff70 FUN_008372a0 FUN_00837530 FUN_00837710 FUN_008384b0 FUN_00842560 FUN_008425c0 FUN_008482b0"
00844510,FUN_00844510,146,0,"FUN_0081ff70 FUN_00842a30"
008445b0,FUN_008445b0,236,0,"FUN_0081ff70 FUN_00842620"
008446a0,FUN_008446a0,528,0,"FUN_0081ff70 FUN_00842620 FUN_00842670 FUN_00842730"
00844b00,FUN_00844b00,601,0,"FUN_004105a0 FUN_0081ff70 FUN_008426d0 operator*"
00844d60,FUN_00844d60,594,0,"FUN_004105a0 FUN_0081ff70 FUN_008426d0 operator*"
00844fc0,FUN_00844fc0,302,0,"FUN_0081ff70 FUN_00836710 FUN_008426d0 operator*"
008450f0,FUN_008450f0,176,0,"FUN_0083efc0 FUN_00842470"
00845420,FUN_00845420,142,0,"FUN_00842470 FUN_00842780"
008454b0,FUN_008454b0,145,0,""
00845550,FUN_00845550,24,0,"FUN_0083f110 _free"
00845570,FUN_00845570,1407,0,"FUN_00836ae0 FUN_00839790 FUN_00839830 FUN_00839880 FUN_008399f0 FUN_0083d120 FUN_0083d770 FUN_0083e000 FUN_0083e400 FUN_0083f5e0 FUN_00843780 FUN_008437e0 FUN_00843cd0"
00845b70,FUN_00845b70,479,0,"FUN_0083d120 FUN_0083d770 FUN_0083e000 FUN_00840960 FUN_008410e0 FUN_00843780 FUN_00843890 FUN_008439c0"
00845d80,FUN_00845d80,595,0,"FUN_0081ff70 FUN_00836e90 FUN_008389c0 FUN_0083a8f0 FUN_0083d0a0 FUN_0083f470 FUN_00843380 FUN_0084aaf0 FUN_0084b2a0 __security_check_cookie _free"
00846000,FUN_00846000,125,0,"FUN_00839950 FUN_008399b0"
00846080,FUN_00846080,83,0,"FUN_0083e330 _free"
00846110,FUN_00846110,184,0,"FUN_0081ff70 FUN_0083c290"
008461d0,FUN_008461d0,2478,0,"FUN_00836a80 FUN_00836ae0 FUN_00838940 FUN_00839670 FUN_00839790 FUN_0083a180 FUN_0083bb80 FUN_0083d120 FUN_0083d1f0 FUN_0083edb0 FUN_0083f470 FUN_00843cf0"
00846bf0,FUN_00846bf0,761,0,"FUN_0083d120 FUN_0083d770 FUN_0083e000 FUN_0083fe60 FUN_00840960 FUN_008410e0 FUN_00843780"
00846f70,FUN_00846f70,444,0,"FUN_0081ff70 FUN_00836cf0 FUN_00837080 FUN_008370f0 FUN_0083ffe0 FUN_00843d80"
00847130,FUN_00847130,508,0,"FUN_00405d80 FUN_0081ff70 FUN_00836cf0 FUN_00837080 FUN_008370f0 FUN_008401e0 FUN_00843f10"
00847330,FUN_00847330,200,0,"FUN_0081ff70 FUN_00837180 FUN_008403e0 FUN_008406b0"
00847400,FUN_00847400,224,0,"FUN_00837430 FUN_0083efc0 FUN_00845420"
008474e0,FUN_008474e0,309,0,"FUN_004467a0 FUN_0081ff70 FUN_008372a0 FUN_008372e0 FUN_0083efc0 FUN_00841fe0 FUN_00845420"
00847620,FUN_00847620,397,0,"FUN_004105a0 FUN_004467a0 FUN_0081ff70 FUN_008426d0 FUN_00844fc0 operator*"
008477b0,FUN_008477b0,58,0,""
008477f0,FUN_008477f0,121,0,"FUN_0081fbdc"
00847869,Catch_All@00847869,21,0,"FUN_00845550 __CxxThrowException@8"
00847880,FUN_00847880,293,0,"FUN_00836b50 FUN_00836bf0 FUN_00836c70 FUN_00839790 FUN_0083ddd0 FUN_00843380 FUN_00845d80 FUN_0084a6e0 _memmove_s _memset"
008479b0,FUN_008479b0,23,0,"FUN_0083f110 _free"
008479d0,FUN_008479d0,526,0,"FUN_00839790 FUN_0083bb80 FUN_0083d120 FUN_0083d1f0 FUN_0083f470 FUN_008461d0"
00847be0,FUN_00847be0,997,0,"FUN_00839790 FUN_0083a100 FUN_0083d120 FUN_0083d980 FUN_0083dbd0 FUN_0083e000 FUN_00843280 FUN_00843780 FUN_008437e0 FUN_00843cd0 FUN_00846bf0 FUN_008479d0"
00848070,FUN_00848070,296,0,"FUN_004020d0 FUN_0081ff70 FUN_00846f70 _free"
008481a0,FUN_008481a0,252,0,"FUN_004020d0 FUN_00405c70 FUN_0081ff70 FUN_0083a200 FUN_00847130 _free"
008482b0,FUN_008482b0,391,0,"FUN_0081ff70 FUN_008385b0 FUN_0083f1e0 FUN_00842470"
00848450,FUN_00848450,328,0,"FUN_008368f0 FUN_00839790 FUN_00839830 FUN_00839880 FUN_0083a100 FUN_0083d980 FUN_00843280 FUN_00845b70 FUN_00847be0"
008485e0,FUN_008485e0,443,0,"FUN_008368f0 FUN_00839790 FUN_00839830 FUN_00839880 FUN_0083a100 FUN_0083d120 FUN_0083d980 FUN_0083dbd0 FUN_00843280 FUN_00845570 FUN_00845b70 FUN_008479d0"
00848800,FUN_00848800,36,0,"FUN_00843e40 _free"
00848840,FUN_00848840,36,0,"FUN_00844040 _free"
00848880,FUN_00848880,137,0,"FUN_00837430 FUN_00837530 FUN_008482b0"
00848910,FUN_00848910,308,0,"FUN_0081ff70 FUN_00848880"
00848e90,FUN_00848e90,51,0,"FUN_0081ff70 FUN_00848880"
00848ed0,FUN_00848ed0,272,0,"FUN_00839790 FUN_0083a100 FUN_0083d120 FUN_0083d1f0 FUN_00847880 FUN_00848450 FUN_008485e0"
00848fe0,FUN_00848fe0,36,0,"FUN_00847330 _free"
00849020,FUN_00849020,91,0,"FUN_00847330 _free"
00849110,FUN_00849110,662,0,"FUN_00446760 FUN_004467a0 FUN_008366d0 FUN_00838bd0 FUN_00839cc0 FUN_00839f80 FUN_0083a990 FUN_00841e50 FUN_00848880 FUN_0084a8b0 FUN_0084a8c0 FUN_0084b160"
008493a6,Catch_All@008493a6,32,0,"FUN_008477b0 __CxxThrowException@8"
008493d0,FUN_008493d0,170,0,"FUN_008431c0 FUN_00848ed0 _free"
00849480,FUN_00849480,1297,0,"FUN_004020d0 FUN_00402200 FUN_00408970 FUN_00446fd0 FUN_0081fdeb FUN_0081ff70 FUN_00838c30 FUN_00839b00 FUN_00839b40 FUN_0083a350 FUN_0083b500 FUN_0083b650 FUN_00848070 FUN_008481a0 FUN_0084a4f0 FUN_0084b150 FUN_0084b3b0 FUN_0084b400 FUN_0084b6c0 __security_check_cookie _atexit _free"
008499b0,thunk_FUN_00849110,5,0,""
008499c0,FUN_008499c0,24,0,"FUN_00849020 _free"
008499e0,FUN_008499e0,121,0,"FUN_0081fbdc"
00849a59,Catch_All@00849a59,21,0,"FUN_008499c0 __CxxThrowException@8"
00849a70,FUN_00849a70,23,0,"FUN_00849020 _free"
00849a90,FUN_00849a90,1184,0,"FUN_00475790 FUN_0081fbdc FUN_0081ff70 FUN_00839950 FUN_0083ab90 FUN_0083acb0 FUN_0083ad20 FUN_0083b3d0 FUN_0083c290 FUN_0083e090 FUN_0083f570 FUN_00846000 FUN_00846110 FUN_00849480 FUN_008499e0 _atexit _free"
00849f40,FUN_00849f40,209,0,"FUN_00402200 FUN_0083b650 FUN_0083f400 FUN_00849a90 FUN_0084bb80 FUN_0084bba0"
0084a020,FUN_0084a020,35,0,"FUN_00849f40"
0084a050,FUN_0084a050,204,0,"FUN_00475790 FUN_0081fbdc FUN_0083b0a0 FUN_0084a020 GetUserDefaultLCID"
0084a120,FUN_0084a120,412,0,"FUN_00475790 FUN_0081fbdc FUN_00838c30 FUN_008454b0 FUN_008477f0 FUN_008493d0 FUN_0084a050"
0084a2c0,FUN_0084a2c0,548,0,""
0084a4f0,FUN_0084a4f0,18,0,""
0084a510,FUN_0084a510,455,0,"FUN_00401dc0 FUN_004024e0 FUN_00405560"
0084a6e0,FUN_0084a6e0,77,0,"FUN_0081fbdc _free _memcpy"
0084a750,FUN_0084a750,72,0,"FUN_0084a6e0 _memmove"
0084a7a0,FUN_0084a7a0,163,0,"FUN_0081fbdc FUN_0084bb80 FUN_0084bba0"
0084a850,FUN_0084a850,67,0,"FUN_0084bb80 FUN_0084bba0 _free"
0084a8b0,FUN_0084a8b0,10,0,"FUN_0084a7a0"
0084a8c0,FUN_0084a8c0,12,0,"FUN_0084a850"
0084a8d0,FUN_0084a8d0,84,0,"FUN_0081fdeb _free"
0084a930,FUN_0084a930,8,0,"FUN_0084aa70"
0084a960,FUN_0084a960,8,0,"FUN_0084aa30"
0084a970,FUN_0084a970,8,0,"FUN_0084aa30"
0084a980,FUN_0084a980,84,0,"FUN_0081fdeb _free"
0084a9e0,FUN_0084a9e0,8,0,"FUN_0084aad0"
0084aa10,FUN_0084aa10,8,0,"FUN_0084aa90"
0084aa20,FUN_0084aa20,8,0,"FUN_0084aa90"
0084aa30,FUN_0084aa30,54,0,"FUN_0084a8d0 _free"
0084aa70,FUN_0084aa70,27,0,"FUN_0084a8d0 _free"
0084aa90,FUN_0084aa90,54,0,"FUN_0084a980 _free"
0084aad0,FUN_0084aad0,27,0,"FUN_0084a980 _free"
0084aaf0,FUN_0084aaf0,39,0,"FUN_0083b650"
0084ab50,FUN_0084ab50,147,0,"FUN_004017a0"
0084abf0,FUN_0084abf0,177,0,"FUN_0084ab50"
0084acb0,FUN_0084acb0,154,0,"FUN_0083b6c0"
0084ad80,FUN_0084ad80,120,0,"FUN_0081fbdc FUN_0084ab50"
0084ae00,FUN_0084ae00,55,0,"FUN_0084ab50 __CxxThrowException@8"
0084ae40,FUN_0084ae40,87,0,"FUN_0083b6c0"
0084aea0,FUN_0084aea0,67,0,"FUN_004017a0"
0084aef0,FUN_0084aef0,31,0,"FUN_0084abf0"
0084af10,FUN_0084af10,177,0,"FUN_0084acb0"
0084afd0,FUN_0084afd0,96,0,"FUN_0084aea0 FUN_0084aef0 __CxxThrowException@8"
0084b070,FUN_0084b070,120,0,"FUN_0081fbdc FUN_0084acb0"
0084b0f0,FUN_0084b0f0,55,0,"FUN_0084acb0 __CxxThrowException@8"
0084b130,FUN_0084b130,31,0,"FUN_0084af10"
0084b150,FUN_0084b150,6,0,"FUN_0083f400"
0084b160,FUN_0084b160,191,0,"FUN_00401670 FUN_00402200 FUN_0084afd0 __security_check_cookie _free"
0084b230,FUN_0084b230,99,0,"FUN_0084ae40 FUN_0084b130 __CxxThrowException@8"
0084b2a0,FUN_0084b2a0,6,0,"FUN_0084b230"
0084b2b0,GetUserDefaultLCID,6,0,""
0084b2d0,FUN_0084b2d0,11,0,""
0084b2e0,FUN_0084b2e0,34,0,"operator=="
0084b310,FUN_0084b310,127,0,"FUN_0081fbdc"
0084b38f,Catch_All@0084b38f,19,0,"__CxxThrowException@8"
0084b3b0,FUN_0084b3b0,69,0,"FUN_00475790 FUN_0084b310 LoadLibraryA"
0084b400,FUN_0084b400,154,0,"FUN_004020d0 FUN_00402200 LoadStringA __security_check_cookie"
0084b4a0,FUN_0084b4a0,536,0,"FUN_004020d0 FUN_00402200 FUN_004022d0 FUN_0081ff70 FUN_0083a040 LCMapStringA __security_check_cookie _free"
0084b6c0,FUN_0084b6c0,1130,0,"FUN_00402200 FUN_00408970 FUN_0081fdeb FUN_0081ff70 FUN_00838c30 FUN_0083b500 FUN_0083b650 FUN_0084a2c0 FUN_0084b150 FUN_0084b3b0 FUN_0084b400 GetStringTypeExA LCMapStringA __security_check_cookie _free _memset"
0084bb40,FUN_0084bb40,61,0,"InterlockedCompareExchange Sleep"
0084bb80,FUN_0084bb80,31,0,"FUN_0084bb40"
0084bba0,FUN_0084bba0,26,0,"InterlockedExchange"
0084bbba,RtlUnwind,6,4,""
0084bbc0,FUN_0084bbc0,12,0,""
0084bbd0,FUN_0084bbd0,13,0,""
0084bbe0,FUN_0084bbe0,13,0,""
0084bbf0,FUN_0084bbf0,13,0,""
0084bc00,FUN_0084bc00,215,0,"__allshl"
0084bce0,FUN_0084bce0,37,0,""
0084bd10,FUN_0084bd10,37,0,""
0084bd40,FUN_0084bd40,98,0,"_malloc"
0084bdb0,FUN_0084bdb0,60,0,"_free"
0084be00,FUN_0084be00,161,0,""
0084beb0,FUN_0084beb0,47,0,"FUN_008232ba"
0084bee0,FUN_0084bee0,68,0,"FUN_008232ba"
0084bf30,FUN_0084bf30,22,0,""
0084bf50,FUN_0084bf50,34,0,"FUN_0084bf30 _free"
0084bf80,FUN_0084bf80,122,0,"FUN_008232ba _malloc _memmove"
0084c000,FUN_0084c000,30,0,""
0084c020,FUN_0084c020,327,0,"FUN_0084be00 _memchr"
0084c170,FUN_0084c170,739,0,"FUN_0084bbc0 FUN_0084bbd0 FUN_0084bbe0 FUN_0084bbf0 FUN_0084bc00 FUN_0084bce0 FUN_0084bd10 FUN_0084beb0 FUN_0084bee0 _memmove"
0084c460,FUN_0084c460,24,0,""
0084c480,FUN_0084c480,76,0,""
0084c4d0,FUN_0084c4d0,28,0,"FUN_0084c480"
0084c4f0,FUN_0084c4f0,21,0,"FUN_0084c510"
0084c510,FUN_0084c510,302,0,""
0084c640,FUN_0084c640,21,0,"FUN_0084c510"
0084c660,FUN_0084c660,54,0,"_malloc"
0084c6a0,FUN_0084c6a0,244,0,"FUN_008232ba"
0084c7a0,FUN_0084c7a0,30,0,"FUN_0084c6a0"
0084c7c0,FUN_0084c7c0,14,0,"_free"
0084c7f0,FUN_0084c7f0,40,0,""
0084c820,FUN_0084c820,167,0,""
0084c8d0,FUN_0084c8d0,45,0,""
0084c900,FUN_0084c900,205,0,""
0084c9d0,FUN_0084c9d0,24,0,""
0084c9f0,__allshl,31,0,""
0084ca10,Unwind@0084ca10,8,0,"FUN_0041fa30"
0084ca40,Unwind@0084ca40,9,0,"_free"
0084ca4b,Unwind@0084ca4b,9,0,"_free"
0084ca56,Unwind@0084ca56,9,0,"_free"
0084ca61,Unwind@0084ca61,9,0,"_free"
0084ca6c,Unwind@0084ca6c,9,0,"_free"
0084ca77,Unwind@0084ca77,9,0,"_free"
0084ca82,Unwind@0084ca82,9,0,"_free"
0084ca8d,Unwind@0084ca8d,9,0,"_free"
0084ca98,Unwind@0084ca98,9,0,"_free"
0084caa3,Unwind@0084caa3,9,0,"_free"
0084caae,Unwind@0084caae,9,0,"_free"
0084cab9,Unwind@0084cab9,9,0,"_free"
0084cac4,Unwind@0084cac4,9,0,"_free"
0084cacf,Unwind@0084cacf,9,0,"_free"
0084cada,Unwind@0084cada,9,0,"_free"
0084cae5,Unwind@0084cae5,9,0,"_free"
0084cb10,Unwind@0084cb10,8,0,"thunk_FUN_00413c70"
0084cb18,Unwind@0084cb18,11,0,"thunk_FUN_0043cb30"
0084cb40,Unwind@0084cb40,8,0,"FUN_00401e00"
0084cb70,Unwind@0084cb70,11,0,"FUN_00405660"
0084cb7b,Unwind@0084cb7b,11,0,"FUN_0041f210"
0084cb86,Unwind@0084cb86,11,0,"FUN_0041f250"
0084cbb0,Unwind@0084cbb0,11,0,"FUN_00405660"
0084cbbb,Unwind@0084cbbb,11,0,"FUN_0041f210"
0084cbc6,Unwind@0084cbc6,11,0,"FUN_0041f250"
0084cbf0,Unwind@0084cbf0,8,0,"FUN_0041fa30"
0084cbf8,Unwind@0084cbf8,11,0,"FUN_0041f340"
0084cc20,Unwind@0084cc20,8,0,"FUN_0041fa30"
0084cc50,Unwind@0084cc50,8,0,"FUN_0041fa30"
0084cc58,Unwind@0084cc58,11,0,"FUN_0040af50"
0084cc63,Unwind@0084cc63,14,0,"FUN_0040af50"
0084cc90,Unwind@0084cc90,8,0,"FUN_0041fa30"
0084cc98,Unwind@0084cc98,11,0,"FUN_0040af50"
0084cca3,Unwind@0084cca3,14,0,"FUN_0040af50"
0084ccd0,Unwind@0084ccd0,8,0,"FUN_0041fa30"
0084ccd8,Unwind@0084ccd8,11,0,"FUN_0041f8b0"
0084cce3,Unwind@0084cce3,14,0,"FUN_0040af50"
0084cd10,Unwind@0084cd10,8,0,"FUN_0041fa30"
0084cd18,Unwind@0084cd18,11,0,"FUN_0041f8b0"
0084cd23,Unwind@0084cd23,14,0,"FUN_0040af50"
0084cd50,Unwind@0084cd50,8,0,"FUN_0041fa30"
0084cd58,Unwind@0084cd58,11,0,"FUN_0041f340"
0084cda0,Unwind@0084cda0,9,0,"_free"
0084cdd0,Unwind@0084cdd0,11,0,"FUN_00421af0"
0084ce00,Unwind@0084ce00,8,0,"FUN_0040af50"
0084ce08,Unwind@0084ce08,11,0,"FUN_005b8f20"
0084ce13,Unwind@0084ce13,11,0,"thunk_FUN_0072db10"
0084ce40,Unwind@0084ce40,8,0,"FUN_0040af50"
0084ce48,Unwind@0084ce48,11,0,"FUN_005b8f20"
0084ce53,Unwind@0084ce53,11,0,"thunk_FUN_0072db10"
0084ce80,Unwind@0084ce80,11,0,"FUN_00421af0"
0084ce8b,Unwind@0084ce8b,11,0,"thunk_FUN_0072db10"
0084cec0,Unwind@0084cec0,8,0,"FUN_0041fcb0"
0084cec8,Unwind@0084cec8,11,0,"FUN_00422c80"
0084ced3,Unwind@0084ced3,11,0,"FUN_005b8f20"
0084cede,Unwind@0084cede,11,0,"thunk_FUN_0043cb30"
0084cf10,Unwind@0084cf10,8,0,"FUN_0041f8b0"
0084cf40,Unwind@0084cf40,8,0,"FUN_00422da0"
0084cf70,Unwind@0084cf70,11,0,"FUN_004235c0"
0084cfc0,Unwind@0084cfc0,8,0,"FUN_00422da0"
0084cff0,Unwind@0084cff0,11,0,"FUN_004235c0"
0084d020,Unwind@0084d020,8,0,"FUN_00401870"
0084d028,Unwind@0084d028,9,0,"_free"
0084d033,Unwind@0084d033,17,0,"FUN_0040b170"
0084d060,Unwind@0084d060,17,0,"FUN_0040b170"
0084d090,Unwind@0084d090,8,0,"FUN_0041fcb0"
0084d098,Unwind@0084d098,39,0,"FUN_00422c80"
0084d0bf,Unwind@0084d0bf,11,0,"FUN_005b8f20"
0084d0ca,Unwind@0084d0ca,11,0,"thunk_FUN_0043cb30"
0084d0f0,Unwind@0084d0f0,11,0,"FUN_0041fa30"
0084d0fb,Unwind@0084d0fb,14,0,"FUN_00421aa0"
0084d109,Unwind@0084d109,17,0,"FUN_005b8f20"
0084d11a,Unwind@0084d11a,17,0,"FUN_0040c550"
0084d12b,Unwind@0084d12b,17,0,"FUN_0040c550"
0084d13c,Unwind@0084d13c,17,0,"FUN_0040c550"
0084d14d,Unwind@0084d14d,17,0,"FUN_0040c550"
0084d15e,Unwind@0084d15e,27,0,"`eh_vector_destructor_iterator'"
0084d179,Unwind@0084d179,17,0,"FUN_00422bc0"
0084d18a,Unwind@0084d18a,30,0,"`eh_vector_destructor_iterator'"
0084d1a8,Unwind@0084d1a8,17,0,"FUN_0040af50"
0084d1b9,Unwind@0084d1b9,17,0,"FUN_0040af50"
0084d1ca,Unwind@0084d1ca,30,0,"`eh_vector_destructor_iterator'"
0084d1e8,Unwind@0084d1e8,30,0,"`eh_vector_destructor_iterator'"
0084d206,Unwind@0084d206,30,0,"`eh_vector_destructor_iterator'"
0084d224,Unwind@0084d224,30,0,"`eh_vector_destructor_iterator'"
0084d242,Unwind@0084d242,30,0,"`eh_vector_destructor_iterator'"
0084d260,Unwind@0084d260,30,0,"`eh_vector_destructor_iterator'"
0084d27e,Unwind@0084d27e,30,0,"`eh_vector_destructor_iterator'"
0084d29c,Unwind@0084d29c,17,0,"FUN_00422bc0"
0084d2ad,Unwind@0084d2ad,17,0,"FUN_00422bc0"
0084d2be,Unwind@0084d2be,30,0,"`eh_vector_destructor_iterator'"
0084d2dc,Unwind@0084d2dc,30,0,"`eh_vector_destructor_iterator'"
0084d2fa,Unwind@0084d2fa,30,0,"`eh_vector_destructor_iterator'"
0084d318,Unwind@0084d318,30,0,"`eh_vector_destructor_iterator'"
0084d370,Unwind@0084d370,8,0,"FUN_0041fa30"
0084d378,Unwind@0084d378,11,0,"FUN_00421aa0"
0084d383,Unwind@0084d383,14,0,"FUN_005b8f20"
0084d391,Unwind@0084d391,14,0,"FUN_0040c550"
0084d39f,Unwind@0084d39f,14,0,"FUN_0040c550"
0084d3ad,Unwind@0084d3ad,14,0,"FUN_0040c550"
0084d3bb,Unwind@0084d3bb,14,0,"FUN_0040c550"
0084d3c9,Unwind@0084d3c9,24,0,"`eh_vector_destructor_iterator'"
0084d3e1,Unwind@0084d3e1,14,0,"FUN_00422bc0"
0084d3ef,Unwind@0084d3ef,27,0,"`eh_vector_destructor_iterator'"
0084d40a,Unwind@0084d40a,14,0,"FUN_0040af50"
0084d418,Unwind@0084d418,14,0,"FUN_0040af50"
0084d426,Unwind@0084d426,27,0,"`eh_vector_destructor_iterator'"
0084d441,Unwind@0084d441,27,0,"`eh_vector_destructor_iterator'"
0084d45c,Unwind@0084d45c,27,0,"`eh_vector_destructor_iterator'"
0084d477,Unwind@0084d477,27,0,"`eh_vector_destructor_iterator'"
0084d492,Unwind@0084d492,27,0,"`eh_vector_destructor_iterator'"
0084d4ad,Unwind@0084d4ad,27,0,"`eh_vector_destructor_iterator'"
0084d4c8,Unwind@0084d4c8,27,0,"`eh_vector_destructor_iterator'"
0084d4e3,Unwind@0084d4e3,14,0,"FUN_00422bc0"
0084d4f1,Unwind@0084d4f1,14,0,"FUN_00422bc0"
0084d4ff,Unwind@0084d4ff,27,0,"`eh_vector_destructor_iterator'"
0084d51a,Unwind@0084d51a,27,0,"`eh_vector_destructor_iterator'"
0084d535,Unwind@0084d535,27,0,"`eh_vector_destructor_iterator'"
0084d550,Unwind@0084d550,27,0,"`eh_vector_destructor_iterator'"
0084d590,Unwind@0084d590,9,0,"_free"
0084d5c0,Unwind@0084d5c0,8,0,"FUN_0041fa30"
0084d5c8,Unwind@0084d5c8,11,0,"FUN_00401e00"
0084d5d3,Unwind@0084d5d3,11,0,"FUN_005b8f20"
0084d5de,Unwind@0084d5de,11,0,"FUN_0040af50"
0084d5e9,Unwind@0084d5e9,14,0,"FUN_0040af50"
0084d5f7,Unwind@0084d5f7,27,0,"`eh_vector_destructor_iterator'"
0084d612,Unwind@0084d612,14,0,"FUN_0040af50"
0084d620,Unwind@0084d620,27,0,"`eh_vector_destructor_iterator'"
0084d63b,Unwind@0084d63b,27,0,"`eh_vector_destructor_iterator'"
0084d656,Unwind@0084d656,14,0,"FUN_0040af50"
0084d664,Unwind@0084d664,14,0,"FUN_00422bc0"
0084d672,Unwind@0084d672,27,0,"`eh_vector_destructor_iterator'"
0084d6b0,Unwind@0084d6b0,11,0,"FUN_0041fa30"
0084d6bb,Unwind@0084d6bb,14,0,"FUN_00401e00"
0084d6c9,Unwind@0084d6c9,14,0,"FUN_005b8f20"
0084d6d7,Unwind@0084d6d7,14,0,"FUN_0040af50"
0084d6e5,Unwind@0084d6e5,17,0,"FUN_0040af50"
0084d6f6,Unwind@0084d6f6,30,0,"`eh_vector_destructor_iterator'"
0084d714,Unwind@0084d714,17,0,"FUN_0040af50"
0084d725,Unwind@0084d725,30,0,"`eh_vector_destructor_iterator'"
0084d743,Unwind@0084d743,30,0,"`eh_vector_destructor_iterator'"
0084d761,Unwind@0084d761,17,0,"FUN_0040af50"
0084d772,Unwind@0084d772,17,0,"FUN_00422bc0"
0084d783,Unwind@0084d783,30,0,"`eh_vector_destructor_iterator'"
0084d7d0,Unwind@0084d7d0,9,0,"_free"
0084d7db,Unwind@0084d7db,9,0,"_free"
0084d7e6,Unwind@0084d7e6,9,0,"_free"
0084d7f1,Unwind@0084d7f1,9,0,"_free"
0084d7fc,Unwind@0084d7fc,9,0,"_free"
0084d807,Unwind@0084d807,9,0,"_free"
0084d812,Unwind@0084d812,9,0,"_free"
0084d840,Unwind@0084d840,8,0,"FUN_0041fa30"
0084d848,Unwind@0084d848,11,0,"FUN_0041f340"
0084d853,Unwind@0084d853,27,0,"`eh_vector_destructor_iterator'"
0084d86e,Unwind@0084d86e,14,0,"FUN_0040af50"
0084d87c,Unwind@0084d87c,14,0,"FUN_0040af50"
0084d88a,Unwind@0084d88a,14,0,"FUN_0040af50"
0084d898,Unwind@0084d898,14,0,"FUN_0040af50"
0084d8a6,Unwind@0084d8a6,14,0,"FUN_00422bc0"
0084d8d0,Unwind@0084d8d0,11,0,"FUN_0041fa30"
0084d8db,Unwind@0084d8db,14,0,"FUN_0041f340"
0084d8e9,Unwind@0084d8e9,30,0,"`eh_vector_destructor_iterator'"
0084d907,Unwind@0084d907,17,0,"FUN_0040af50"
0084d918,Unwind@0084d918,17,0,"FUN_0040af50"
0084d929,Unwind@0084d929,17,0,"FUN_0040af50"
0084d93a,Unwind@0084d93a,17,0,"FUN_0040af50"
0084d94b,Unwind@0084d94b,17,0,"FUN_00422bc0"
0084d990,Unwind@0084d990,8,0,"FUN_004281f0"
0084d9c0,Unwind@0084d9c0,8,0,"FUN_004281f0"
0084d9f0,Unwind@0084d9f0,8,0,"FUN_0041fa30"
0084d9f8,Unwind@0084d9f8,11,0,"FUN_0040af50"
0084da03,Unwind@0084da03,14,0,"FUN_0040af50"
0084da11,Unwind@0084da11,14,0,"FUN_00443100"
0084da40,Unwind@0084da40,8,0,"FUN_0041fa30"
0084da48,Unwind@0084da48,11,0,"FUN_0040af50"
0084da53,Unwind@0084da53,14,0,"FUN_0040af50"
0084da61,Unwind@0084da61,14,0,"FUN_00443100"
0084da90,Unwind@0084da90,8,0,"FUN_004077d0"
0084dac0,Unwind@0084dac0,8,0,"FUN_00401e00"
0084dac8,Unwind@0084dac8,11,0,"FUN_00401e00"
0084dad3,Unwind@0084dad3,19,0,"`eh_vector_destructor_iterator'"
0084dae6,Unwind@0084dae6,11,0,"thunk_FUN_004101b0"
0084db10,Unwind@0084db10,11,0,"FUN_0040d120"
0084db1b,Unwind@0084db1b,11,0,"FUN_00401e00"
0084db26,Unwind@0084db26,23,0,"FUN_0040b170"
0084db70,Unwind@0084db70,11,0,"FUN_004077d0"
0084dbb0,Unwind@0084dbb0,8,0,"FUN_00401e00"
0084dbe0,Unwind@0084dbe0,11,0,"FUN_00401e00"
0084dc20,Unwind@0084dc20,11,0,"FUN_00401e00"
0084dc2b,Unwind@0084dc2b,11,0,"FUN_00401e00"
0084dc36,Unwind@0084dc36,11,0,"FUN_00401e00"
0084dc41,Unwind@0084dc41,11,0,"FUN_00401e00"
0084dc4c,Unwind@0084dc4c,11,0,"FUN_0040d120"
0084dcb0,Unwind@0084dcb0,8,0,"FUN_00401870"
0084dd00,Unwind@0084dd00,17,0,"FUN_0040b170"
0084dd30,Unwind@0084dd30,17,0,"FUN_0040b170"
0084dd60,Unwind@0084dd60,8,0,"FUN_0042ba30"
0084dd90,Unwind@0084dd90,8,0,"FUN_0042ba30"
0084ddc0,Unwind@0084ddc0,8,0,"FUN_0042ba30"
0084ddf0,Unwind@0084ddf0,8,0,"FUN_00401e00"
0084ddf8,Unwind@0084ddf8,11,0,"FUN_0040d120"
0084de03,Unwind@0084de03,8,0,"FUN_0042ba30"
0084de40,Unwind@0084de40,11,0,"FUN_0040af50"
0084de4b,Unwind@0084de4b,14,0,"FUN_00401e00"
0084de59,Unwind@0084de59,14,0,"FUN_00401e00"
0084de67,Unwind@0084de67,14,0,"thunk_FUN_0040a150"
0084de90,Unwind@0084de90,11,0,"FUN_0040af50"
0084de9b,Unwind@0084de9b,14,0,"FUN_00401e00"
0084dea9,Unwind@0084dea9,14,0,"FUN_00401e00"
0084deb7,Unwind@0084deb7,14,0,"thunk_FUN_0040a150"
0084dee0,Unwind@0084dee0,8,0,"FUN_004077d0"
0084dee8,Unwind@0084dee8,8,0,"FUN_0042ee30"
0084def0,Unwind@0084def0,8,0,"FUN_0042ee30"
0084df40,Unwind@0084df40,11,0,"FUN_0040d120"
0084df4b,Unwind@0084df4b,11,0,"FUN_0042ee30"
0084df56,Unwind@0084df56,11,0,"FUN_0042ee30"
0084df90,Unwind@0084df90,8,0,"thunk_FUN_00413c70"
0084dfc0,Unwind@0084dfc0,8,0,"thunk_FUN_00413c70"
0084dff0,Unwind@0084dff0,8,0,"FUN_00431dc0"
0084e020,Unwind@0084e020,8,0,"thunk_FUN_00433a50"
0084e028,Unwind@0084e028,8,0,"FUN_00431dc0"
0084e050,Unwind@0084e050,8,0,"FUN_00431dc0"
0084e080,Unwind@0084e080,8,0,"FUN_00431dc0"
0084e0b0,Unwind@0084e0b0,8,0,"FUN_00431dc0"
0084e0e0,Unwind@0084e0e0,11,0,"FUN_0042f940"
0084e0eb,Unwind@0084e0eb,11,0,"FUN_00431dc0"
0084e0f6,Unwind@0084e0f6,11,0,"thunk_FUN_00433a50"
0084e101,Unwind@0084e101,11,0,"thunk_FUN_0040ffd0"
0084e10c,Unwind@0084e10c,11,0,"FUN_00401e00"
0084e117,Unwind@0084e117,11,0,"FUN_00401e00"
0084e150,Unwind@0084e150,8,0,"FUN_0040d120"
0084e158,Unwind@0084e158,8,0,"FUN_0042ee30"
0084e160,Unwind@0084e160,8,0,"FUN_0042ee30"
0084e190,Unwind@0084e190,11,0,"FUN_00411760"
0084e1d0,Unwind@0084e1d0,8,0,"FUN_0043d190"
0084e200,Unwind@0084e200,8,0,"FUN_00401e00"
0084e208,Unwind@0084e208,8,0,"FUN_00401e00"
0084e210,Unwind@0084e210,8,0,"FUN_004077d0"
0084e240,Unwind@0084e240,8,0,"FUN_00401e00"
0084e248,Unwind@0084e248,8,0,"FUN_00401e00"
0084e250,Unwind@0084e250,8,0,"FUN_0040d120"
0084e280,Unwind@0084e280,8,0,"FUN_00401e00"
0084e2b0,Unwind@0084e2b0,8,0,"FUN_00401e00"
0084e2b8,Unwind@0084e2b8,8,0,"FUN_00401e00"
0084e2c0,Unwind@0084e2c0,8,0,"FUN_00401e00"
0084e2c8,Unwind@0084e2c8,11,0,"thunk_FUN_0040ffd0"
0084e310,Unwind@0084e310,8,0,"FUN_00401e00"
0084e340,Unwind@0084e340,17,0,"FUN_0040b170"
0084e370,Unwind@0084e370,11,0,"thunk_FUN_0040ffd0"
0084e37b,Unwind@0084e37b,11,0,"FUN_00437280"
0084e386,Unwind@0084e386,11,0,"FUN_00401e00"
0084e391,Unwind@0084e391,11,0,"FUN_0042f590"
0084e39c,Unwind@0084e39c,11,0,"FUN_00401e00"
0084e3a7,Unwind@0084e3a7,11,0,"FUN_0042f830"
0084e3b2,Unwind@0084e3b2,11,0,"FUN_0042f830"
0084e3bd,Unwind@0084e3bd,11,0,"FUN_0042f830"
0084e3c8,Unwind@0084e3c8,11,0,"FUN_0042f830"
0084e410,Unwind@0084e410,11,0,"thunk_FUN_0040ffd0"
0084e41b,Unwind@0084e41b,11,0,"FUN_00401e00"
0084e426,Unwind@0084e426,11,0,"FUN_0042f590"
0084e431,Unwind@0084e431,11,0,"FUN_00401e00"
0084e43c,Unwind@0084e43c,11,0,"FUN_0042f830"
0084e447,Unwind@0084e447,11,0,"FUN_0042f830"
0084e452,Unwind@0084e452,11,0,"FUN_0042f830"
0084e45d,Unwind@0084e45d,11,0,"FUN_0042f830"
0084e4a0,Unwind@0084e4a0,8,0,"FUN_00479880"
0084e4d0,Unwind@0084e4d0,9,0,"_free"
0084e4db,Unwind@0084e4db,9,0,"_free"
0084e510,Unwind@0084e510,8,0,"FUN_00438780"
0084e540,Unwind@0084e540,9,0,"_free"
0084e54b,Unwind@0084e54b,9,0,"_free"
0084e580,Unwind@0084e580,11,0,"FUN_00439a30"
0084e5b0,Unwind@0084e5b0,11,0,"FUN_00439b40"
0084e5e0,Unwind@0084e5e0,11,0,"FUN_00439a30"
0084e5eb,Unwind@0084e5eb,11,0,"thunk_FUN_0072db10"
0084e620,Unwind@0084e620,11,0,"FUN_00439b40"
0084e62b,Unwind@0084e62b,11,0,"thunk_FUN_0072db10"
0084e660,Unwind@0084e660,8,0,"FUN_0041fcb0"
0084e668,Unwind@0084e668,11,0,"FUN_0043a8d0"
0084e673,Unwind@0084e673,11,0,"FUN_005b8f20"
0084e67e,Unwind@0084e67e,11,0,"thunk_FUN_0043cb30"
0084e6b0,Unwind@0084e6b0,8,0,"FUN_0041fcb0"
0084e6b8,Unwind@0084e6b8,11,0,"FUN_0043a940"
0084e6c3,Unwind@0084e6c3,11,0,"FUN_005b8f20"
0084e6ce,Unwind@0084e6ce,11,0,"thunk_FUN_0043cb30"
0084e700,Unwind@0084e700,8,0,"FUN_0041fcb0"
0084e708,Unwind@0084e708,39,0,"FUN_0043a8d0"
0084e72f,Unwind@0084e72f,11,0,"FUN_005b8f20"
0084e73a,Unwind@0084e73a,11,0,"thunk_FUN_0043cb30"
0084e760,Unwind@0084e760,8,0,"FUN_0041fcb0"
0084e768,Unwind@0084e768,39,0,"FUN_0043a940"
0084e78f,Unwind@0084e78f,11,0,"FUN_005b8f20"
0084e79a,Unwind@0084e79a,11,0,"thunk_FUN_0043cb30"
0084e7c0,Unwind@0084e7c0,11,0,"FUN_0040d1c0"
0084e7cb,Unwind@0084e7cb,11,0,"thunk_FUN_0072db10"
0084e7d6,Unwind@0084e7d6,11,0,"thunk_FUN_0072db10"
0084e7e1,Unwind@0084e7e1,11,0,"FUN_00423940"
0084e7ec,Unwind@0084e7ec,11,0,"FUN_00423940"
0084e7f7,Unwind@0084e7f7,11,0,"FUN_00422da0"
0084e830,Unwind@0084e830,11,0,"FUN_005b8f20"
0084e83b,Unwind@0084e83b,11,0,"FUN_00439df0"
0084e846,Unwind@0084e846,11,0,"thunk_FUN_00433a50"
0084e851,Unwind@0084e851,11,0,"FUN_0043bfe0"
0084e880,Unwind@0084e880,11,0,"FUN_005b8f20"
0084e88b,Unwind@0084e88b,11,0,"FUN_00439df0"
0084e896,Unwind@0084e896,11,0,"thunk_FUN_00433a50"
0084e8a1,Unwind@0084e8a1,11,0,"FUN_0043bfe0"
0084e8d0,Unwind@0084e8d0,8,0,"FUN_00401e00"
0084e8d8,Unwind@0084e8d8,11,0,"FUN_00401e00"
0084e8e3,Unwind@0084e8e3,11,0,"thunk_FUN_0040ffd0"
0084e8ee,Unwind@0084e8ee,11,0,"FUN_004606c0"
0084e8f9,Unwind@0084e8f9,14,0,"thunk_FUN_0072db10"
0084e907,Unwind@0084e907,14,0,"thunk_FUN_0072db10"
0084e930,Unwind@0084e930,12,0,"_free"
0084e93e,Unwind@0084e93e,12,0,"_free"
0084e94c,Unwind@0084e94c,12,0,"_free"
0084e95a,Unwind@0084e95a,12,0,"_free"
0084e9a0,Unwind@0084e9a0,8,0,"FUN_00401e00"
0084e9a8,Unwind@0084e9a8,11,0,"FUN_00401e00"
0084e9b3,Unwind@0084e9b3,11,0,"thunk_FUN_0040ffd0"
0084e9be,Unwind@0084e9be,11,0,"FUN_004606c0"
0084e9c9,Unwind@0084e9c9,14,0,"thunk_FUN_0072db10"
0084ea00,Unwind@0084ea00,9,0,"_free"
0084ea0b,Unwind@0084ea0b,9,0,"_free"
0084ea16,Unwind@0084ea16,9,0,"_free"
0084ea40,Unwind@0084ea40,8,0,"FUN_00401e00"
0084ea70,Unwind@0084ea70,11,0,"thunk_FUN_004101b0"
0084ea7b,Unwind@0084ea7b,11,0,"thunk_FUN_00433a50"
0084ea86,Unwind@0084ea86,11,0,"thunk_FUN_00413c70"
0084eab0,Unwind@0084eab0,11,0,"FUN_00401e00"
0084eabb,Unwind@0084eabb,11,0,"FUN_00401e00"
0084eac6,Unwind@0084eac6,11,0,"FUN_00401e00"
0084ead1,Unwind@0084ead1,11,0,"FUN_00401e00"
0084eadc,Unwind@0084eadc,11,0,"FUN_00401e00"
0084eae7,Unwind@0084eae7,11,0,"FUN_00401e00"
0084eaf2,Unwind@0084eaf2,11,0,"FUN_00401e00"
0084eb30,Unwind@0084eb30,11,0,"FUN_00411760"
0084eb3b,Unwind@0084eb3b,11,0,"FUN_00401e00"
0084eb46,Unwind@0084eb46,11,0,"FUN_0040af50"
0084eb80,Unwind@0084eb80,8,0,"FUN_004281f0"
0084ebb0,Unwind@0084ebb0,11,0,"FUN_0042f940"
0084ebf0,Unwind@0084ebf0,11,0,"FUN_0040af10"
0084ebfb,Unwind@0084ebfb,14,0,"FUN_0043eec0"
0084ec09,Unwind@0084ec09,24,0,"`eh_vector_destructor_iterator'"
0084ec21,Unwind@0084ec21,14,0,"FUN_0040af10"
0084ec2f,Unwind@0084ec2f,24,0,"`eh_vector_destructor_iterator'"
0084ec47,Unwind@0084ec47,14,0,"~SubAllocator"
0084ec55,Unwind@0084ec55,14,0,"FUN_0040af10"
0084ec63,Unwind@0084ec63,27,0,"`eh_vector_destructor_iterator'"
0084eca0,Unwind@0084eca0,8,0,"FUN_0043f840"
0084ecd0,Unwind@0084ecd0,9,0,"_free"
0084ed00,Unwind@0084ed00,17,0,"FUN_0040b170"
0084ed30,Unwind@0084ed30,11,0,"thunk_FUN_0040a150"
0084ed60,Unwind@0084ed60,8,0,"FUN_00401e00"
0084ed68,Unwind@0084ed68,11,0,"FUN_00401e00"
0084ed90,Unwind@0084ed90,8,0,"thunk_FUN_0040a150"
0084edc0,Unwind@0084edc0,11,0,"FUN_00440d70"
0084edcb,Unwind@0084edcb,11,0,"FUN_00440d70"
0084edd6,Unwind@0084edd6,11,0,"FUN_005b8f20"
0084ede1,Unwind@0084ede1,11,0,"FUN_005b8f20"
0084edec,Unwind@0084edec,11,0,"FUN_0040c550"
0084edf7,Unwind@0084edf7,14,0,"FUN_0040c550"
0084ee05,Unwind@0084ee05,14,0,"FUN_0041f210"
0084ee13,Unwind@0084ee13,24,0,"`eh_vector_destructor_iterator'"
0084ee2b,Unwind@0084ee2b,14,0,"FUN_00440d70"
0084ee60,Unwind@0084ee60,11,0,"FUN_00440d70"
0084ee6b,Unwind@0084ee6b,11,0,"FUN_00440d70"
0084ee76,Unwind@0084ee76,11,0,"FUN_005b8f20"
0084ee81,Unwind@0084ee81,11,0,"FUN_005b8f20"
0084ee8c,Unwind@0084ee8c,11,0,"FUN_0040c550"
0084ee97,Unwind@0084ee97,14,0,"FUN_0040c550"
0084eea5,Unwind@0084eea5,14,0,"FUN_0041f210"
0084eeb3,Unwind@0084eeb3,24,0,"`eh_vector_destructor_iterator'"
0084eecb,Unwind@0084eecb,14,0,"FUN_00440d70"
0084ef00,Unwind@0084ef00,11,0,"FUN_00401e00"
0084ef0b,Unwind@0084ef0b,11,0,"FUN_0083a320"
0084ef16,Unwind@0084ef16,11,0,"FUN_0083a320"
0084ef21,Unwind@0084ef21,11,0,"FUN_00401e00"
0084ef2c,Unwind@0084ef2c,11,0,"FUN_0083a320"
0084ef37,Unwind@0084ef37,11,0,"FUN_0083a320"
0084ef42,Unwind@0084ef42,11,0,"thunk_FUN_0040a150"
0084ef80,Unwind@0084ef80,22,0,"`eh_vector_destructor_iterator'"
0084ef96,Unwind@0084ef96,14,0,"FUN_00442f40"
0084efa4,Unwind@0084efa4,14,0,"FUN_00401e00"
0084efd0,Unwind@0084efd0,22,0,"`eh_vector_destructor_iterator'"
0084efe6,Unwind@0084efe6,14,0,"FUN_00442f40"
0084eff4,Unwind@0084eff4,14,0,"FUN_00401e00"
0084f020,Unwind@0084f020,11,0,"FUN_0040af50"
0084f050,Unwind@0084f050,8,0,"FUN_00401e00"
0084f058,Unwind@0084f058,8,0,"FUN_00401e00"
0084f090,Unwind@0084f090,9,0,"_free"
0084f09b,Unwind@0084f09b,9,0,"_free"
0084f0d0,Unwind@0084f0d0,8,0,"FUN_00444b00"
0084f0d8,Unwind@0084f0d8,11,0,"FUN_00422bc0"
0084f0e3,Unwind@0084f0e3,11,0,"FUN_0040c550"
0084f110,Unwind@0084f110,8,0,"FUN_00444b00"
0084f118,Unwind@0084f118,11,0,"FUN_00422bc0"
0084f123,Unwind@0084f123,11,0,"FUN_0040c550"
0084f150,Unwind@0084f150,8,0,"FUN_00444b00"
0084f158,Unwind@0084f158,11,0,"FUN_00443100"
0084f163,Unwind@0084f163,27,0,"`eh_vector_destructor_iterator'"
0084f17e,Unwind@0084f17e,14,0,"FUN_00422bc0"
0084f1b0,Unwind@0084f1b0,8,0,"FUN_00444b00"
0084f1b8,Unwind@0084f1b8,11,0,"FUN_00443100"
0084f1c3,Unwind@0084f1c3,27,0,"`eh_vector_destructor_iterator'"
0084f1de,Unwind@0084f1de,14,0,"FUN_00422bc0"
0084f210,Unwind@0084f210,8,0,"FUN_008388b0"
0084f240,Unwind@0084f240,8,0,"FUN_00401e00"
0084f248,Unwind@0084f248,8,0,"FUN_00401e00"
0084f280,Unwind@0084f280,25,0,"FUN_00401e00"
0084f2c0,Unwind@0084f2c0,25,0,"FUN_00401e00"
0084f2d9,Unwind@0084f2d9,8,0,"FUN_00401e00"
0084f300,Unwind@0084f300,8,0,"FUN_005b8f20"
0084f330,Unwind@0084f330,8,0,"FUN_0040d120"
0084f338,Unwind@0084f338,8,0,"FUN_00401e00"
0084f340,Unwind@0084f340,8,0,"FUN_00401e00"
0084f348,Unwind@0084f348,8,0,"FUN_00401e00"
0084f380,Unwind@0084f380,8,0,"FUN_00401e00"
0084f388,Unwind@0084f388,17,0,"FUN_0040b170"
0084f399,Unwind@0084f399,8,0,"FUN_00401e00"
0084f3d0,Unwind@0084f3d0,11,0,"FUN_00447fb0"
0084f3db,Unwind@0084f3db,11,0,"FUN_00446830"
0084f410,Unwind@0084f410,11,0,"FUN_00447fb0"
0084f41b,Unwind@0084f41b,11,0,"FUN_00446830"
0084f426,Unwind@0084f426,24,0,"`eh_vector_destructor_iterator'"
0084f460,Unwind@0084f460,8,0,"FUN_00444b00"
0084f468,Unwind@0084f468,11,0,"FUN_00422bc0"
0084f473,Unwind@0084f473,11,0,"FUN_0040af50"
0084f47e,Unwind@0084f47e,14,0,"FUN_0040b0d0"
0084f48c,Unwind@0084f48c,14,0,"FUN_0040af50"
0084f49a,Unwind@0084f49a,14,0,"FUN_0040af50"
0084f4a8,Unwind@0084f4a8,14,0,"FUN_0040af50"
0084f4b6,Unwind@0084f4b6,14,0,"thunk_FUN_004101b0"
0084f4c4,Unwind@0084f4c4,14,0,"FUN_00401e00"
0084f4d2,Unwind@0084f4d2,27,0,"`eh_vector_destructor_iterator'"
0084f510,Unwind@0084f510,11,0,"FUN_00401e00"
0084f51b,Unwind@0084f51b,11,0,"FUN_00401e00"
0084f526,Unwind@0084f526,23,0,"FUN_0040b170"
0084f570,Unwind@0084f570,11,0,"FUN_00448070"
0084f5a0,Unwind@0084f5a0,8,0,"FUN_00444b00"
0084f5a8,Unwind@0084f5a8,11,0,"FUN_00422bc0"
0084f5b3,Unwind@0084f5b3,11,0,"FUN_0040af50"
0084f5be,Unwind@0084f5be,14,0,"FUN_0040b0d0"
0084f5cc,Unwind@0084f5cc,14,0,"FUN_0040af50"
0084f5da,Unwind@0084f5da,14,0,"FUN_0040af50"
0084f5e8,Unwind@0084f5e8,14,0,"FUN_0040af50"
0084f5f6,Unwind@0084f5f6,14,0,"thunk_FUN_004101b0"
0084f604,Unwind@0084f604,14,0,"FUN_00401e00"
0084f612,Unwind@0084f612,27,0,"`eh_vector_destructor_iterator'"
0084f650,Unwind@0084f650,11,0,"FUN_00401e00"
0084f65b,Unwind@0084f65b,11,0,"FUN_008388b0"
0084f666,Unwind@0084f666,11,0,"FUN_00447510"
0084f671,Unwind@0084f671,11,0,"FUN_00401e00"
0084f67c,Unwind@0084f67c,11,0,"FUN_00401e00"
0084f687,Unwind@0084f687,11,0,"FUN_00401e00"
0084f692,Unwind@0084f692,11,0,"FUN_00401e00"
0084f6d0,Unwind@0084f6d0,12,0,"_free"
0084f710,Unwind@0084f710,8,0,"FUN_00444b00"
0084f718,Unwind@0084f718,11,0,"FUN_00422bc0"
0084f740,Unwind@0084f740,8,0,"FUN_00444b00"
0084f748,Unwind@0084f748,11,0,"FUN_00422bc0"
0084f770,Unwind@0084f770,8,0,"FUN_00444b00"
0084f778,Unwind@0084f778,11,0,"FUN_00449c50"
0084f783,Unwind@0084f783,14,0,"FUN_00422bc0"
0084f791,Unwind@0084f791,14,0,"FUN_00443100"
0084f7c0,Unwind@0084f7c0,8,0,"FUN_00444b00"
0084f7c8,Unwind@0084f7c8,11,0,"FUN_00449c50"
0084f7d3,Unwind@0084f7d3,14,0,"FUN_00422bc0"
0084f7e1,Unwind@0084f7e1,14,0,"FUN_00443100"
0084f810,Unwind@0084f810,11,0,"thunk_FUN_0040ffd0"
0084f81b,Unwind@0084f81b,8,0,"FUN_00401e00"
0084f823,Unwind@0084f823,8,0,"FUN_00401e00"
0084f82b,Unwind@0084f82b,23,0,"FUN_0040b170"
0084f842,Unwind@0084f842,23,0,"FUN_0040b170"
0084f859,Unwind@0084f859,8,0,"FUN_00401e00"
0084f861,Unwind@0084f861,23,0,"FUN_0040b170"
0084f8b0,Unwind@0084f8b0,8,0,"FUN_00444b00"
0084f8b8,Unwind@0084f8b8,11,0,"FUN_00443100"
0084f8c3,Unwind@0084f8c3,14,0,"FUN_0040af50"
0084f8d1,Unwind@0084f8d1,14,0,"FUN_00422bc0"
0084f8df,Unwind@0084f8df,24,0,"`eh_vector_destructor_iterator'"
0084f920,Unwind@0084f920,8,0,"FUN_00444b00"
0084f928,Unwind@0084f928,11,0,"FUN_00443100"
0084f933,Unwind@0084f933,14,0,"FUN_0040af50"
0084f941,Unwind@0084f941,14,0,"FUN_00422bc0"
0084f94f,Unwind@0084f94f,24,0,"`eh_vector_destructor_iterator'"
0084f990,Unwind@0084f990,8,0,"FUN_00444b00"
0084f998,Unwind@0084f998,11,0,"FUN_00411760"
0084f9a3,Unwind@0084f9a3,14,0,"FUN_0040af50"
0084f9b1,Unwind@0084f9b1,14,0,"FUN_0040af50"
0084f9bf,Unwind@0084f9bf,14,0,"thunk_FUN_0043d190"
0084f9cd,Unwind@0084f9cd,14,0,"FUN_00422bc0"
0084f9db,Unwind@0084f9db,27,0,"`eh_vector_destructor_iterator'"
0084f9f6,Unwind@0084f9f6,14,0,"thunk_FUN_0072db10"
0084fa20,Unwind@0084fa20,11,0,"FUN_00444b00"
0084fa2b,Unwind@0084fa2b,14,0,"FUN_00411760"
0084fa39,Unwind@0084fa39,17,0,"FUN_0040af50"
0084fa4a,Unwind@0084fa4a,17,0,"FUN_0040af50"
0084fa5b,Unwind@0084fa5b,17,0,"thunk_FUN_0043d190"
0084fa6c,Unwind@0084fa6c,17,0,"FUN_00422bc0"
0084fa7d,Unwind@0084fa7d,30,0,"`eh_vector_destructor_iterator'"
0084fa9b,Unwind@0084fa9b,17,0,"thunk_FUN_0072db10"
0084fae0,Unwind@0084fae0,8,0,"FUN_00444b00"
0084fae8,Unwind@0084fae8,11,0,"FUN_0040af50"
0084faf3,Unwind@0084faf3,14,0,"FUN_005b8f20"
0084fb01,Unwind@0084fb01,27,0,"`eh_vector_destructor_iterator'"
0084fb1c,Unwind@0084fb1c,14,0,"FUN_00422bc0"
0084fb2a,Unwind@0084fb2a,14,0,"FUN_00443100"
0084fb60,Unwind@0084fb60,8,0,"FUN_00444b00"
0084fb68,Unwind@0084fb68,11,0,"FUN_0040af50"
0084fb73,Unwind@0084fb73,14,0,"FUN_005b8f20"
0084fb81,Unwind@0084fb81,27,0,"`eh_vector_destructor_iterator'"
0084fb9c,Unwind@0084fb9c,14,0,"FUN_00422bc0"
0084fbaa,Unwind@0084fbaa,14,0,"FUN_00443100"
0084fbe0,Unwind@0084fbe0,11,0,"FUN_00431dc0"
0084fbeb,Unwind@0084fbeb,11,0,"FUN_00401e00"
0084fbf6,Unwind@0084fbf6,23,0,"FUN_0040b170"
0084fc0d,Unwind@0084fc0d,11,0,"FUN_00401e00"
0084fc18,Unwind@0084fc18,23,0,"FUN_0040b170"
0084fc60,Unwind@0084fc60,9,0,"_free"
0084fc6b,Unwind@0084fc6b,9,0,"_free"
0084fc76,Unwind@0084fc76,9,0,"_free"
0084fc81,Unwind@0084fc81,9,0,"_free"
0084fc8c,Unwind@0084fc8c,9,0,"_free"
0084fcc0,Unwind@0084fcc0,8,0,"FUN_00444b00"
0084fcc8,Unwind@0084fcc8,11,0,"FUN_00422bc0"
0084fcd3,Unwind@0084fcd3,25,0,"`eh_vector_destructor_iterator'"
0084fd10,Unwind@0084fd10,8,0,"FUN_00444b00"
0084fd18,Unwind@0084fd18,11,0,"FUN_00422bc0"
0084fd23,Unwind@0084fd23,25,0,"`eh_vector_destructor_iterator'"
0084fd60,Unwind@0084fd60,8,0,"FUN_00444b00"
0084fd68,Unwind@0084fd68,11,0,"FUN_0040af50"
0084fd73,Unwind@0084fd73,14,0,"FUN_0040af50"
0084fd81,Unwind@0084fd81,27,0,"`eh_vector_destructor_iterator'"
0084fd9c,Unwind@0084fd9c,14,0,"FUN_00422bc0"
0084fdaa,Unwind@0084fdaa,14,0,"FUN_00443100"
0084fde0,Unwind@0084fde0,11,0,"FUN_00444b00"
0084fdeb,Unwind@0084fdeb,14,0,"FUN_0040af50"
0084fdf9,Unwind@0084fdf9,17,0,"FUN_0040af50"
0084fe0a,Unwind@0084fe0a,30,0,"`eh_vector_destructor_iterator'"
0084fe28,Unwind@0084fe28,17,0,"FUN_00422bc0"
0084fe39,Unwind@0084fe39,17,0,"FUN_00443100"
0084fe80,Unwind@0084fe80,11,0,"FUN_0040af50"
0084feb0,Unwind@0084feb0,8,0,"FUN_0044f8f0"
0084fee0,Unwind@0084fee0,8,0,"FUN_00444b00"
0084fee8,Unwind@0084fee8,11,0,"FUN_00422bc0"
0084fef3,Unwind@0084fef3,14,0,"FUN_0040af50"
0084ff01,Unwind@0084ff01,14,0,"FUN_0040af50"
0084ff0f,Unwind@0084ff0f,14,0,"FUN_0040af50"
0084ff1d,Unwind@0084ff1d,14,0,"FUN_0040af50"
0084ff2b,Unwind@0084ff2b,14,0,"FUN_0040af50"
0084ff39,Unwind@0084ff39,14,0,"FUN_0040af50"
0084ff47,Unwind@0084ff47,14,0,"FUN_00431dc0"
0084ff55,Unwind@0084ff55,24,0,"`eh_vector_destructor_iterator'"
0084ff6d,Unwind@0084ff6d,14,0,"thunk_FUN_00433a50"
0084ff7b,Unwind@0084ff7b,27,0,"`eh_vector_destructor_iterator'"
0084ffc0,Unwind@0084ffc0,11,0,"FUN_00444b00"
0084ffcb,Unwind@0084ffcb,14,0,"FUN_00422bc0"
0084ffd9,Unwind@0084ffd9,17,0,"FUN_0040af50"
0084ffea,Unwind@0084ffea,17,0,"FUN_0040af50"
0084fffb,Unwind@0084fffb,17,0,"FUN_0040af50"
0085000c,Unwind@0085000c,17,0,"FUN_0040af50"
0085001d,Unwind@0085001d,17,0,"FUN_0040af50"
0085002e,Unwind@0085002e,17,0,"FUN_0040af50"
0085003f,Unwind@0085003f,17,0,"FUN_00431dc0"
00850050,Unwind@00850050,27,0,"`eh_vector_destructor_iterator'"
0085006b,Unwind@0085006b,17,0,"thunk_FUN_00433a50"
0085007c,Unwind@0085007c,30,0,"`eh_vector_destructor_iterator'"
0085009a,Unwind@0085009a,11,0,"FUN_00401e00"
008500e0,Unwind@008500e0,8,0,"FUN_00444b00"
008500e8,Unwind@008500e8,11,0,"FUN_00422bc0"
008500f3,Unwind@008500f3,11,0,"FUN_0040af50"
008500fe,Unwind@008500fe,14,0,"FUN_0040af50"
0085010c,Unwind@0085010c,27,0,"`eh_vector_destructor_iterator'"
00850150,Unwind@00850150,8,0,"FUN_00444b00"
00850158,Unwind@00850158,11,0,"FUN_00422bc0"
00850163,Unwind@00850163,11,0,"FUN_0040af50"
0085016e,Unwind@0085016e,14,0,"FUN_0040af50"
0085017c,Unwind@0085017c,27,0,"`eh_vector_destructor_iterator'"
008501c0,Unwind@008501c0,9,0,"_free"
008501f0,Unwind@008501f0,11,0,"FUN_00401e00"
008501fb,Unwind@008501fb,11,0,"FUN_0042f940"
00850206,Unwind@00850206,11,0,"FUN_00401e00"
00850211,Unwind@00850211,11,0,"FUN_00401e00"
0085021c,Unwind@0085021c,11,0,"FUN_00401e00"
00850260,Unwind@00850260,8,0,"FUN_00401e00"
00850268,Unwind@00850268,8,0,"FUN_00401e00"
00850270,Unwind@00850270,8,0,"FUN_00401e00"
00850278,Unwind@00850278,8,0,"FUN_00401e00"
00850280,Unwind@00850280,11,0,"FUN_00401e00"
0085028b,Unwind@0085028b,8,0,"FUN_00401e00"
00850293,Unwind@00850293,11,0,"FUN_00401e00"
0085029e,Unwind@0085029e,11,0,"FUN_00401e00"
008502e0,Unwind@008502e0,8,0,"FUN_00401e00"
008502e8,Unwind@008502e8,8,0,"FUN_00401e00"
00850320,Unwind@00850320,8,0,"FUN_00401e00"
00850328,Unwind@00850328,8,0,"FUN_00401e00"
00850360,Unwind@00850360,8,0,"FUN_00401e00"
00850368,Unwind@00850368,8,0,"FUN_00401e00"
00850390,Unwind@00850390,8,0,"FUN_00401e00"
008503c0,Unwind@008503c0,8,0,"FUN_00401e00"
008503c8,Unwind@008503c8,8,0,"FUN_00401e00"
008503f0,Unwind@008503f0,8,0,"FUN_00444b00"
008503f8,Unwind@008503f8,11,0,"FUN_0042f940"
00850403,Unwind@00850403,14,0,"FUN_00422bc0"
00850411,Unwind@00850411,14,0,"FUN_00429e60"
0085041f,Unwind@0085041f,14,0,"FUN_00401e00"
0085042d,Unwind@0085042d,14,0,"FUN_00401e00"
0085043b,Unwind@0085043b,14,0,"FUN_00401e00"
00850449,Unwind@00850449,14,0,"FUN_00401e00"
00850457,Unwind@00850457,14,0,"FUN_00401e00"
00850465,Unwind@00850465,27,0,"`eh_vector_destructor_iterator'"
008504a0,Unwind@008504a0,8,0,"FUN_00444b00"
008504a8,Unwind@008504a8,11,0,"FUN_0042f940"
008504b3,Unwind@008504b3,14,0,"FUN_00422bc0"
008504c1,Unwind@008504c1,14,0,"FUN_00429e60"
008504cf,Unwind@008504cf,14,0,"FUN_00401e00"
008504dd,Unwind@008504dd,14,0,"FUN_00401e00"
008504eb,Unwind@008504eb,14,0,"FUN_00401e00"
008504f9,Unwind@008504f9,14,0,"FUN_00401e00"
00850507,Unwind@00850507,14,0,"FUN_00401e00"
00850515,Unwind@00850515,27,0,"`eh_vector_destructor_iterator'"
00850550,Unwind@00850550,8,0,"FUN_00401870"
00850580,Unwind@00850580,11,0,"FUN_0040af10"
0085058b,Unwind@0085058b,14,0,"FUN_0043eec0"
00850599,Unwind@00850599,24,0,"`eh_vector_destructor_iterator'"
008505b1,Unwind@008505b1,14,0,"FUN_0040af10"
008505bf,Unwind@008505bf,24,0,"`eh_vector_destructor_iterator'"
008505d7,Unwind@008505d7,14,0,"~SubAllocator"
008505e5,Unwind@008505e5,14,0,"FUN_0040af10"
008505f3,Unwind@008505f3,27,0,"`eh_vector_destructor_iterator'"
0085060e,Unwind@0085060e,14,0,"FUN_00412f40"
0085061c,Unwind@0085061c,14,0,"thunk_FUN_00433a50"
00850650,Unwind@00850650,11,0,"FUN_00411760"
0085065b,Unwind@0085065b,11,0,"FUN_00401e00"
008506a0,Unwind@008506a0,11,0,"FUN_00401870"
008506e0,Unwind@008506e0,8,0,"~SubAllocator"
008506e8,Unwind@008506e8,8,0,"FUN_00453940"
00850720,Unwind@00850720,8,0,"FUN_0043eec0"
00850728,Unwind@00850728,8,0,"~SubAllocator"
00850730,Unwind@00850730,8,0,"FUN_00453940"
00850770,Unwind@00850770,8,0,"~SubAllocator"
008507a0,Unwind@008507a0,8,0,"FUN_00401870"
008507d0,Unwind@008507d0,8,0,"FUN_0043eec0"
008507d8,Unwind@008507d8,8,0,"~SubAllocator"
00850810,Unwind@00850810,17,0,"FUN_0040b170"
008508c0,Unwind@008508c0,8,0,"thunk_FUN_00413c70"
00850910,Unwind@00850910,11,0,"FUN_0041ed60"
0085091b,Unwind@0085091b,11,0,"FUN_0041f8b0"
00850926,Unwind@00850926,11,0,"FUN_0041ed60"
00850931,Unwind@00850931,11,0,"FUN_0041f8b0"
00850960,Unwind@00850960,11,0,"FUN_0040af50"
00850990,Unwind@00850990,11,0,"FUN_0045af20"
008509c0,Unwind@008509c0,11,0,"FUN_00422bc0"
008509cb,Unwind@008509cb,11,0,"FUN_0040af50"
00850a00,Unwind@00850a00,11,0,"FUN_00422bc0"
00850a0b,Unwind@00850a0b,11,0,"FUN_0040af50"
00850a40,Unwind@00850a40,11,0,"FUN_0040af50"
00850a70,Unwind@00850a70,39,0,"FUN_0041f8b0"
00850ac0,Unwind@00850ac0,11,0,"FUN_0040af50"
00850acb,Unwind@00850acb,14,0,"FUN_00401e00"
00850b00,Unwind@00850b00,8,0,"FUN_00401e00"
00850b30,Unwind@00850b30,8,0,"FUN_00401e00"
00850b60,Unwind@00850b60,11,0,"FUN_0040af50"
00850b90,Unwind@00850b90,8,0,"FUN_00401e00"
00850bc0,Unwind@00850bc0,11,0,"FUN_0040af50"
00850bf0,Unwind@00850bf0,25,0,"`eh_vector_destructor_iterator'"
00850c30,Unwind@00850c30,25,0,"`eh_vector_destructor_iterator'"
00850c70,Unwind@00850c70,17,0,"FUN_0040b170"
00850ca0,Unwind@00850ca0,14,0,"FUN_0040af50"
00850cae,Unwind@00850cae,11,0,"FUN_0045c3f0"
00850ce0,Unwind@00850ce0,11,0,"FUN_0045d300"
00850d10,Unwind@00850d10,8,0,"FUN_00401e00"
00850d18,Unwind@00850d18,8,0,"FUN_00401e00"
00850d20,Unwind@00850d20,11,0,"FUN_0045cbc0"
00850d2b,Unwind@00850d2b,11,0,"FUN_0045ccb0"
00850d36,Unwind@00850d36,11,0,"FUN_0045ccb0"
00850d70,Unwind@00850d70,8,0,"FUN_00401e00"
00850d78,Unwind@00850d78,8,0,"FUN_00456a90"
00850d80,Unwind@00850d80,8,0,"FUN_00401e00"
00850db0,Unwind@00850db0,11,0,"FUN_0045d300"
00850dbb,Unwind@00850dbb,11,0,"thunk_FUN_0072db10"
00850df0,Unwind@00850df0,11,0,"FUN_00460650"
00850dfb,Unwind@00850dfb,11,0,"FUN_00411760"
00850e06,Unwind@00850e06,14,0,"FUN_00460660"
00850e14,Unwind@00850e14,14,0,"FUN_0045d490"
00850e22,Unwind@00850e22,14,0,"FUN_0045d490"
00850e30,Unwind@00850e30,14,0,"FUN_0045d490"
00850e3e,Unwind@00850e3e,14,0,"FUN_00405660"
00850e4c,Unwind@00850e4c,14,0,"FUN_0045c240"
00850e5a,Unwind@00850e5a,14,0,"FUN_0045dbc0"
00850e68,Unwind@00850e68,14,0,"FUN_00401e00"
00850e76,Unwind@00850e76,14,0,"FUN_00401e00"
00850e84,Unwind@00850e84,14,0,"FUN_00401e00"
00850e92,Unwind@00850e92,14,0,"FUN_0043f3c0"
00850ec0,Unwind@00850ec0,11,0,"FUN_004281f0"
00850ecb,Unwind@00850ecb,11,0,"FUN_00401e00"
00850ed6,Unwind@00850ed6,8,0,"FUN_00401e00"
00850ede,Unwind@00850ede,11,0,"FUN_00401e00"
00850ee9,Unwind@00850ee9,11,0,"FUN_00401e00"
00850ef4,Unwind@00850ef4,11,0,"FUN_00401e00"
00850eff,Unwind@00850eff,11,0,"FUN_00401e00"
00850f0a,Unwind@00850f0a,11,0,"FUN_0045c3f0"
00850f15,Unwind@00850f15,11,0,"FUN_0045c3f0"
00850f50,Unwind@00850f50,11,0,"FUN_00460650"
00850f5b,Unwind@00850f5b,11,0,"FUN_00411760"
00850f66,Unwind@00850f66,14,0,"FUN_00460660"
00850f74,Unwind@00850f74,14,0,"FUN_0045d490"
00850f82,Unwind@00850f82,14,0,"FUN_0045d490"
00850f90,Unwind@00850f90,14,0,"FUN_0045d490"
00850f9e,Unwind@00850f9e,14,0,"FUN_00405660"
00850fac,Unwind@00850fac,14,0,"FUN_0045c240"
00850fba,Unwind@00850fba,14,0,"FUN_0045dbc0"
00850fc8,Unwind@00850fc8,14,0,"FUN_00401e00"
00850fd6,Unwind@00850fd6,14,0,"FUN_00401e00"
00850fe4,Unwind@00850fe4,14,0,"FUN_00401e00"
00850ff2,Unwind@00850ff2,14,0,"FUN_0043f3c0"
00851020,Unwind@00851020,8,0,"FUN_00401e00"
00851050,Unwind@00851050,8,0,"FUN_00401e00"
00851058,Unwind@00851058,8,0,"FUN_00401e00"
008510b0,Unwind@008510b0,8,0,"FUN_00401e00"
008510e0,Unwind@008510e0,11,0,"FUN_0041f8b0"
00851150,Unwind@00851150,8,0,"FUN_00422da0"
00851158,Unwind@00851158,11,0,"FUN_0040c550"
00851163,Unwind@00851163,11,0,"FUN_0040c550"
00851190,Unwind@00851190,8,0,"FUN_00422da0"
00851198,Unwind@00851198,11,0,"FUN_0040c550"
008511a3,Unwind@008511a3,11,0,"FUN_0040c550"
008511d0,Unwind@008511d0,17,0,"FUN_0040b170"
00851200,Unwind@00851200,17,0,"FUN_0040b170"
00851250,Unwind@00851250,8,0,"FUN_00465500"
00851280,Unwind@00851280,8,0,"FUN_00465500"
008512b0,Unwind@008512b0,8,0,"FUN_00465770"
008512e0,Unwind@008512e0,11,0,"FUN_00465770"
00851320,Unwind@00851320,11,0,"FUN_0040d1c0"
0085132b,Unwind@0085132b,11,0,"thunk_FUN_0072db10"
00851336,Unwind@00851336,11,0,"thunk_FUN_0072db10"
00851341,Unwind@00851341,11,0,"FUN_00467420"
0085134c,Unwind@0085134c,11,0,"FUN_00465500"
00851357,Unwind@00851357,11,0,"FUN_00467420"
00851362,Unwind@00851362,11,0,"FUN_00465770"
008513a0,Unwind@008513a0,11,0,"FUN_00468b40"
008513d0,Unwind@008513d0,11,0,"FUN_00468b40"
00851420,Unwind@00851420,8,0,"FUN_00423230"
00851490,Unwind@00851490,8,0,"FUN_00431dc0"
00851498,Unwind@00851498,11,0,"thunk_FUN_00433a50"
008514a3,Unwind@008514a3,11,0,"thunk_FUN_00433a50"
008514d0,Unwind@008514d0,8,0,"FUN_0046b600"
008514d8,Unwind@008514d8,14,0,"FUN_0040af50"
008514e6,Unwind@008514e6,14,0,"FUN_0046edc0"
008514f4,Unwind@008514f4,14,0,"FUN_0046c2c0"
00851502,Unwind@00851502,14,0,"FUN_0046b910"
00851510,Unwind@00851510,14,0,"thunk_FUN_00433a50"
0085151e,Unwind@0085151e,14,0,"FUN_0040af50"
0085152c,Unwind@0085152c,14,0,"FUN_004689d0"
0085153a,Unwind@0085153a,14,0,"FUN_0046bfa0"
00851548,Unwind@00851548,14,0,"thunk_FUN_00413c70"
00851556,Unwind@00851556,14,0,"thunk_FUN_00433a50"
00851564,Unwind@00851564,9,0,"_free"
0085156f,Unwind@0085156f,9,0,"_free"
0085157a,Unwind@0085157a,9,0,"_free"
008515a0,Unwind@008515a0,8,0,"FUN_0046b600"
008515a8,Unwind@008515a8,14,0,"FUN_0040af50"
008515b6,Unwind@008515b6,14,0,"FUN_0046edc0"
008515c4,Unwind@008515c4,14,0,"FUN_0046c2c0"
008515d2,Unwind@008515d2,14,0,"FUN_0046b910"
008515e0,Unwind@008515e0,14,0,"thunk_FUN_00433a50"
008515ee,Unwind@008515ee,14,0,"FUN_0040af50"
008515fc,Unwind@008515fc,14,0,"FUN_004689d0"
0085160a,Unwind@0085160a,14,0,"FUN_0046bfa0"
00851618,Unwind@00851618,14,0,"thunk_FUN_00413c70"
00851626,Unwind@00851626,14,0,"thunk_FUN_00433a50"
00851634,Unwind@00851634,8,0,"FUN_00431dc0"
0085163c,Unwind@0085163c,11,0,"thunk_FUN_00433a50"
00851647,Unwind@00851647,11,0,"thunk_FUN_00433a50"
00851690,Unwind@00851690,9,0,"_free"
0085169b,Unwind@0085169b,9,0,"_free"
008516a6,Unwind@008516a6,9,0,"_free"
008516b1,Unwind@008516b1,9,0,"_free"
008516bc,Unwind@008516bc,9,0,"_free"
008516c7,Unwind@008516c7,9,0,"_free"
008516d2,Unwind@008516d2,9,0,"_free"
008516dd,Unwind@008516dd,9,0,"_free"
008516e8,Unwind@008516e8,9,0,"_free"
008516f3,Unwind@008516f3,9,0,"_free"
008516fe,Unwind@008516fe,9,0,"_free"
00851709,Unwind@00851709,9,0,"_free"
00851714,Unwind@00851714,9,0,"_free"
0085171f,Unwind@0085171f,9,0,"_free"
0085172a,Unwind@0085172a,9,0,"_free"
00851735,Unwind@00851735,9,0,"_free"
00851740,Unwind@00851740,9,0,"_free"
0085174b,Unwind@0085174b,9,0,"_free"
00851756,Unwind@00851756,9,0,"_free"
00851761,Unwind@00851761,9,0,"_free"
0085176c,Unwind@0085176c,9,0,"_free"
008517a0,Unwind@008517a0,8,0,"thunk_FUN_0072db10"
008517a8,Unwind@008517a8,11,0,"thunk_FUN_00414d30"
008517b3,Unwind@008517b3,11,0,"thunk_FUN_00414d30"
008517be,Unwind@008517be,11,0,"FUN_005b8f20"
008517c9,Unwind@008517c9,11,0,"thunk_FUN_0072db10"
008517f0,Unwind@008517f0,11,0,"FUN_005b8f20"
008517fb,Unwind@008517fb,11,0,"FUN_00439df0"
00851806,Unwind@00851806,11,0,"FUN_005b8f20"
00851811,Unwind@00851811,11,0,"FUN_00439df0"
00851840,Unwind@00851840,11,0,"FUN_005b8f20"
0085184b,Unwind@0085184b,11,0,"FUN_00439df0"
00851856,Unwind@00851856,11,0,"FUN_005b8f20"
00851880,Unwind@00851880,11,0,"FUN_0041f8b0"
008518b0,Unwind@008518b0,11,0,"FUN_0041f8b0"
008518e0,Unwind@008518e0,11,0,"FUN_0041f8b0"
00851920,Unwind@00851920,9,0,"_free"
0085192b,Unwind@0085192b,9,0,"_free"
00851936,Unwind@00851936,9,0,"_free"
00851941,Unwind@00851941,9,0,"_free"
0085194c,Unwind@0085194c,9,0,"_free"
00851957,Unwind@00851957,9,0,"_free"
00851962,Unwind@00851962,9,0,"_free"
0085196d,Unwind@0085196d,9,0,"_free"
00851978,Unwind@00851978,9,0,"_free"
00851983,Unwind@00851983,9,0,"_free"
0085198e,Unwind@0085198e,9,0,"_free"
00851999,Unwind@00851999,9,0,"_free"
008519a4,Unwind@008519a4,9,0,"_free"
008519af,Unwind@008519af,9,0,"_free"
008519ba,Unwind@008519ba,9,0,"_free"
008519c5,Unwind@008519c5,9,0,"_free"
008519d0,Unwind@008519d0,9,0,"_free"
008519db,Unwind@008519db,9,0,"_free"
008519e6,Unwind@008519e6,9,0,"_free"
008519f1,Unwind@008519f1,9,0,"_free"
008519fc,Unwind@008519fc,9,0,"_free"
00851a07,Unwind@00851a07,9,0,"_free"
00851a12,Unwind@00851a12,9,0,"_free"
00851a1d,Unwind@00851a1d,9,0,"_free"
00851a28,Unwind@00851a28,9,0,"_free"
00851a33,Unwind@00851a33,9,0,"_free"
00851a60,Unwind@00851a60,8,0,"thunk_FUN_0072db10"
00851a68,Unwind@00851a68,11,0,"thunk_FUN_00414d30"
00851a73,Unwind@00851a73,11,0,"thunk_FUN_00414d30"
00851a7e,Unwind@00851a7e,11,0,"thunk_FUN_0072db10"
00851a89,Unwind@00851a89,11,0,"thunk_FUN_0072db10"
00851a94,Unwind@00851a94,11,0,"FUN_00418160"
00851ac0,Unwind@00851ac0,11,0,"FUN_0046f7b0"
00851acb,Unwind@00851acb,11,0,"FUN_0041f8b0"
00851b10,Unwind@00851b10,11,0,"FUN_0046f7b0"
00851b1b,Unwind@00851b1b,11,0,"FUN_0041f8b0"
00851b26,Unwind@00851b26,11,0,"FUN_0041f8b0"
00851b60,Unwind@00851b60,11,0,"FUN_0046f7b0"
00851b6b,Unwind@00851b6b,11,0,"FUN_0041f8b0"
00851b76,Unwind@00851b76,11,0,"FUN_0041f8b0"
00851bb0,Unwind@00851bb0,11,0,"FUN_0046f7b0"
00851bbb,Unwind@00851bbb,11,0,"FUN_0041f8b0"
00851bf0,Unwind@00851bf0,8,0,"FUN_0046f7b0"
00851c20,Unwind@00851c20,17,0,"FUN_0040b170"
00851c50,Unwind@00851c50,11,0,"FUN_0041f8b0"
00851c5b,Unwind@00851c5b,11,0,"thunk_FUN_0040ffd0"
00851c66,Unwind@00851c66,11,0,"FUN_005b8f20"
00851c71,Unwind@00851c71,11,0,"FUN_00439ce0"
00851c7c,Unwind@00851c7c,11,0,"FUN_00439ce0"
00851cc0,Unwind@00851cc0,8,0,"FUN_00401e00"
00851cf0,Unwind@00851cf0,22,0,"`eh_vector_destructor_iterator'"
00851d06,Unwind@00851d06,22,0,"`eh_vector_destructor_iterator'"
00851d40,Unwind@00851d40,11,0,"FUN_0047dfa0"
00851d70,Unwind@00851d70,11,0,"FUN_0047dfa0"
00851d7b,Unwind@00851d7b,11,0,"thunk_FUN_0072db10"
00851db0,Unwind@00851db0,8,0,"FUN_0041fcb0"
00851db8,Unwind@00851db8,11,0,"FUN_0047e340"
00851dc3,Unwind@00851dc3,11,0,"FUN_005b8f20"
00851dce,Unwind@00851dce,11,0,"thunk_FUN_0043cb30"
00851e00,Unwind@00851e00,8,0,"FUN_0041fcb0"
00851e08,Unwind@00851e08,39,0,"FUN_0047e340"
00851e2f,Unwind@00851e2f,11,0,"FUN_005b8f20"
00851e3a,Unwind@00851e3a,11,0,"thunk_FUN_0043cb30"
00851e60,Unwind@00851e60,11,0,"FUN_0047e850"
00851e6b,Unwind@00851e6b,14,0,"FUN_00422bc0"
00851e79,Unwind@00851e79,14,0,"FUN_00422bc0"
00851e87,Unwind@00851e87,14,0,"thunk_FUN_00422bc0"
00851e95,Unwind@00851e95,24,0,"`eh_vector_destructor_iterator'"
00851ed0,Unwind@00851ed0,8,0,"FUN_0047e9f0"
00851ed8,Unwind@00851ed8,27,0,"`eh_vector_destructor_iterator'"
00851f10,Unwind@00851f10,9,0,"_free"
00851f40,Unwind@00851f40,9,0,"_free"
00851f4b,Unwind@00851f4b,9,0,"_free"
00851f80,Unwind@00851f80,8,0,"FUN_0047e9f0"
00851f88,Unwind@00851f88,14,0,"FUN_0047ecc0"
00851fc0,Unwind@00851fc0,11,0,"FUN_00401e00"
00851fcb,Unwind@00851fcb,11,0,"FUN_00401e00"
00852010,Unwind@00852010,9,0,"_free"
00852040,Unwind@00852040,9,0,"_free"
0085204b,Unwind@0085204b,9,0,"_free"
00852080,Unwind@00852080,8,0,"thunk_FUN_00433a50"
008520b0,Unwind@008520b0,8,0,"FUN_0046b600"
008520e0,Unwind@008520e0,11,0,"FUN_004add10"
00852110,Unwind@00852110,11,0,"FUN_004add10"
0085211b,Unwind@0085211b,11,0,"thunk_FUN_0072db10"
00852150,Unwind@00852150,8,0,"FUN_004ac5c0"
00852158,Unwind@00852158,11,0,"FUN_004ae1f0"
00852180,Unwind@00852180,9,0,"_free"
008521b0,Unwind@008521b0,11,0,"FUN_004d1f80"
008521e0,Unwind@008521e0,11,0,"FUN_004d1f80"
008521eb,Unwind@008521eb,11,0,"thunk_FUN_0072db10"
00852220,Unwind@00852220,8,0,"FUN_004ac5c0"
00852228,Unwind@00852228,11,0,"FUN_004d2460"
00852250,Unwind@00852250,11,0,"FUN_004fed00"
00852280,Unwind@00852280,11,0,"FUN_004fed00"
0085228b,Unwind@0085228b,11,0,"thunk_FUN_0072db10"
008522c0,Unwind@008522c0,8,0,"FUN_004ac5c0"
008522c8,Unwind@008522c8,11,0,"FUN_004ff1e0"
008522f0,Unwind@008522f0,9,0,"_free"
00852320,Unwind@00852320,11,0,"FUN_00524060"
00852350,Unwind@00852350,11,0,"FUN_00524060"
0085235b,Unwind@0085235b,11,0,"thunk_FUN_0072db10"
00852390,Unwind@00852390,8,0,"FUN_004ac5c0"
00852398,Unwind@00852398,11,0,"FUN_00524540"
008523c0,Unwind@008523c0,11,0,"FUN_00555bd0"
008523f0,Unwind@008523f0,11,0,"FUN_00555bd0"
008523fb,Unwind@008523fb,11,0,"thunk_FUN_0072db10"
00852430,Unwind@00852430,8,0,"FUN_004ac5c0"
00852438,Unwind@00852438,11,0,"FUN_005560b0"
00852460,Unwind@00852460,8,0,"FUN_004ac5f0"
00852468,Unwind@00852468,9,0,"_free"
00852490,Unwind@00852490,11,0,"FUN_0057a660"
008524c0,Unwind@008524c0,11,0,"FUN_0057a660"
008524cb,Unwind@008524cb,11,0,"thunk_FUN_0072db10"
00852500,Unwind@00852500,8,0,"FUN_004ac5c0"
00852508,Unwind@00852508,11,0,"FUN_0057ab60"
00852530,Unwind@00852530,8,0,"FUN_004ac5f0"
00852538,Unwind@00852538,14,0,"thunk_FUN_00433a50"
00852546,Unwind@00852546,9,0,"_free"
00852570,Unwind@00852570,11,0,"FUN_0059b710"
008525a0,Unwind@008525a0,11,0,"FUN_0059b710"
008525ab,Unwind@008525ab,11,0,"thunk_FUN_0072db10"
008525e0,Unwind@008525e0,8,0,"FUN_004ac5c0"
008525e8,Unwind@008525e8,11,0,"FUN_0059bc10"
00852610,Unwind@00852610,11,0,"FUN_005b8f50"
00852640,Unwind@00852640,11,0,"FUN_005b8f50"
0085264b,Unwind@0085264b,11,0,"thunk_FUN_0072db10"
00852680,Unwind@00852680,8,0,"FUN_004ac5c0"
00852688,Unwind@00852688,11,0,"FUN_005b9450"
008526b0,Unwind@008526b0,11,0,"FUN_005b8f20"
008526bb,Unwind@008526bb,11,0,"FUN_0040c550"
008526c6,Unwind@008526c6,11,0,"thunk_FUN_00402420"
008526f0,Unwind@008526f0,11,0,"FUN_005de520"
00852720,Unwind@00852720,11,0,"FUN_005de520"
0085272b,Unwind@0085272b,11,0,"thunk_FUN_0072db10"
00852760,Unwind@00852760,8,0,"FUN_004ac5c0"
00852768,Unwind@00852768,11,0,"FUN_005dea20"
00852790,Unwind@00852790,11,0,"FUN_00609550"
008527c0,Unwind@008527c0,11,0,"FUN_00609550"
008527cb,Unwind@008527cb,11,0,"thunk_FUN_0072db10"
00852800,Unwind@00852800,8,0,"FUN_004ac5c0"
00852808,Unwind@00852808,11,0,"FUN_00609a30"
00852830,Unwind@00852830,8,0,"FUN_00401870"
00852838,Unwind@00852838,9,0,"_free"
00852843,Unwind@00852843,17,0,"FUN_0040b170"
00852870,Unwind@00852870,11,0,"FUN_00633410"
008528a0,Unwind@008528a0,11,0,"FUN_00633410"
008528ab,Unwind@008528ab,11,0,"thunk_FUN_0072db10"
008528e0,Unwind@008528e0,8,0,"FUN_004ac5c0"
008528e8,Unwind@008528e8,11,0,"FUN_00633a70"
00852910,Unwind@00852910,11,0,"FUN_006578b0"
00852940,Unwind@00852940,11,0,"FUN_006578b0"
0085294b,Unwind@0085294b,11,0,"thunk_FUN_0072db10"
00852980,Unwind@00852980,8,0,"FUN_004ac5c0"
00852988,Unwind@00852988,11,0,"FUN_00657db0"
008529b0,Unwind@008529b0,11,0,"FUN_0067cfd0"
008529e0,Unwind@008529e0,11,0,"FUN_0067cfd0"
008529eb,Unwind@008529eb,11,0,"thunk_FUN_0072db10"
00852a20,Unwind@00852a20,8,0,"FUN_004ac5c0"
00852a28,Unwind@00852a28,11,0,"FUN_0067d4d0"
00852a50,Unwind@00852a50,11,0,"FUN_0069bce0"
00852a80,Unwind@00852a80,11,0,"FUN_0069bce0"
00852a8b,Unwind@00852a8b,11,0,"thunk_FUN_0072db10"
00852ac0,Unwind@00852ac0,8,0,"FUN_004ac5c0"
00852ac8,Unwind@00852ac8,11,0,"FUN_0069c1e0"
00852af0,Unwind@00852af0,11,0,"FUN_006c0b20"
00852b20,Unwind@00852b20,11,0,"FUN_006c0b20"
00852b2b,Unwind@00852b2b,11,0,"thunk_FUN_0072db10"
00852b60,Unwind@00852b60,8,0,"FUN_004ac5c0"
00852b68,Unwind@00852b68,11,0,"FUN_006c1020"
00852b90,Unwind@00852b90,11,0,"FUN_006fafe0"
00852bc0,Unwind@00852bc0,11,0,"FUN_006fafe0"
00852bcb,Unwind@00852bcb,11,0,"thunk_FUN_0072db10"
00852c00,Unwind@00852c00,8,0,"FUN_004ac5c0"
00852c08,Unwind@00852c08,11,0,"FUN_006fb4e0"
00852c30,Unwind@00852c30,8,0,"FUN_004ac5c0"
00852c60,Unwind@00852c60,11,0,"FUN_0072dc60"
00852c90,Unwind@00852c90,11,0,"FUN_0072dc60"
00852c9b,Unwind@00852c9b,11,0,"thunk_FUN_0072db10"
00852cd0,Unwind@00852cd0,8,0,"FUN_004ac5c0"
00852cd8,Unwind@00852cd8,11,0,"FUN_0072e160"
00852d00,Unwind@00852d00,8,0,"FUN_004adb60"
00852d30,Unwind@00852d30,11,0,"FUN_0074c210"
00852d60,Unwind@00852d60,11,0,"FUN_0074c210"
00852d6b,Unwind@00852d6b,11,0,"thunk_FUN_0072db10"
00852da0,Unwind@00852da0,8,0,"FUN_004ac5c0"
00852da8,Unwind@00852da8,11,0,"FUN_0074c6f0"
00852dd0,Unwind@00852dd0,11,0,"FUN_00783910"
00852e00,Unwind@00852e00,11,0,"FUN_00783910"
00852e0b,Unwind@00852e0b,11,0,"thunk_FUN_0072db10"
00852e40,Unwind@00852e40,8,0,"FUN_004ac5c0"
00852e48,Unwind@00852e48,11,0,"FUN_00783e40"
00852e70,Unwind@00852e70,8,0,"FUN_004ac5f0"
00852ea0,Unwind@00852ea0,11,0,"FUN_005b8f20"
00852eab,Unwind@00852eab,11,0,"FUN_0040c550"
00852eb6,Unwind@00852eb6,11,0,"thunk_FUN_00402420"
00852ec1,Unwind@00852ec1,11,0,"FUN_0040af10"
00852ef0,Unwind@00852ef0,11,0,"FUN_007b70d0"
00852f20,Unwind@00852f20,11,0,"FUN_007b70d0"
00852f2b,Unwind@00852f2b,11,0,"thunk_FUN_0072db10"
00852f60,Unwind@00852f60,8,0,"FUN_004ac5c0"
00852f68,Unwind@00852f68,11,0,"FUN_007b75b0"
00852f90,Unwind@00852f90,8,0,"FUN_004ac5f0"
00852f98,Unwind@00852f98,9,0,"_free"
00852fc0,Unwind@00852fc0,11,0,"FUN_007ebc20"
00852ff0,Unwind@00852ff0,11,0,"FUN_007ebc20"
00852ffb,Unwind@00852ffb,11,0,"thunk_FUN_0072db10"
00853030,Unwind@00853030,8,0,"FUN_004ac5c0"
00853038,Unwind@00853038,11,0,"FUN_007ec190"
0085305e,Unwind@0085305e,8,0,"FUN_00401e00"
008530a0,Unwind@008530a0,25,0,"FUN_008388b0"
008530e0,Unwind@008530e0,8,0,"FUN_008388b0"
00853110,Unwind@00853110,8,0,"FUN_008388b0"
00853118,Unwind@00853118,25,0,"FUN_008388b0"
00853150,Unwind@00853150,8,0,"FUN_00401e00"
00853158,Unwind@00853158,8,0,"FUN_00401e00"
00853160,Unwind@00853160,8,0,"FUN_00401e00"
00853190,Unwind@00853190,14,0,""
00853200,Unwind@00853200,8,0,"FUN_0084bba0"
00853208,Unwind@00853208,25,0,"FUN_00401e00"
00853240,Unwind@00853240,25,0,"FUN_00401e00"
00853280,Unwind@00853280,8,0,"FUN_00401e00"
008532b0,Unwind@008532b0,8,0,"FUN_00401e00"
00853320,Unwind@00853320,8,0,"FUN_00401e00"
00853350,Unwind@00853350,8,0,"FUN_0083ac00"
00853358,Unwind@00853358,11,0,"FUN_00836660"
008533a0,Unwind@008533a0,8,0,"FUN_00401e00"
008533a8,Unwind@008533a8,25,0,"FUN_00401e00"
008533c1,Unwind@008533c1,8,0,"FUN_00401e00"
008533c9,Unwind@008533c9,8,0,"FUN_00401e00"
00853420,Unwind@00853420,8,0,"FUN_007fb8ce"
00853450,Unwind@00853450,8,0,"FUN_00401e00"
00853458,Unwind@00853458,8,0,"FUN_0083a8f0"
00853490,Unwind@00853490,25,0,"FUN_00401e00"
008534a9,Unwind@008534a9,8,0,"FUN_00401e00"
008534b1,Unwind@008534b1,8,0,"FUN_00401e00"
008534b9,Unwind@008534b9,8,0,"FUN_00401e00"
008534c1,Unwind@008534c1,8,0,"FUN_00401e00"
008534f0,Unwind@008534f0,8,0,"FUN_0083aa30"
008534f8,Unwind@008534f8,11,0,"FUN_00836660"
00853520,Unwind@00853520,8,0,"FUN_00401e00"
00853550,Unwind@00853550,11,0,"FUN_00401e00"
0085355b,Unwind@0085355b,8,0,"FUN_0083a8f0"
00853563,Unwind@00853563,11,0,"FUN_00401e00"
0085356e,Unwind@0085356e,8,0,"FUN_0083a8f0"
008535b0,Unwind@008535b0,17,0,"FUN_0040b170"
008535e0,Unwind@008535e0,17,0,"FUN_0040b170"
00853630,Unwind@00853630,8,0,"FUN_00439ce0"
00853660,Unwind@00853660,8,0,"FUN_00401e00"
00853668,Unwind@00853668,8,0,"FUN_0083a8f0"
008536a0,Unwind@008536a0,11,0,"FUN_0083ac00"
008536d0,Unwind@008536d0,8,0,"FUN_00401e00"
008536d8,Unwind@008536d8,8,0,"FUN_00401e00"
008536e0,Unwind@008536e0,8,0,"FUN_00401e00"
00853710,Unwind@00853710,8,0,"FUN_00401e00"
00853718,Unwind@00853718,8,0,"FUN_00401e00"
00853720,Unwind@00853720,8,0,"FUN_00401e00"
00853728,Unwind@00853728,8,0,"FUN_00401e00"
00853730,Unwind@00853730,8,0,"FUN_00401e00"
00853738,Unwind@00853738,8,0,"FUN_00401e00"
00853770,Unwind@00853770,8,0,"FUN_00401e00"
00853778,Unwind@00853778,8,0,"FUN_00401e00"
00853780,Unwind@00853780,8,0,"FUN_00401e00"
00853788,Unwind@00853788,8,0,"FUN_00401e00"
00853790,Unwind@00853790,8,0,"FUN_00401e00"
00853798,Unwind@00853798,8,0,"FUN_00401e00"
008537a0,Unwind@008537a0,8,0,"FUN_00401e00"
008537a8,Unwind@008537a8,8,0,"FUN_00401e00"
008537b0,Unwind@008537b0,8,0,"FUN_00401e00"
008537b8,Unwind@008537b8,8,0,"FUN_00401e00"
008537f0,Unwind@008537f0,11,0,"FUN_0083aa30"
00853820,Unwind@00853820,8,0,"FUN_005b8f20"
00853828,Unwind@00853828,11,0,"FUN_005b8f20"
00853850,Unwind@00853850,8,0,"FUN_00401e00"
00853880,Unwind@00853880,8,0,"FUN_00401e00"
00853888,Unwind@00853888,8,0,"FUN_007fb8ce"
00853890,Unwind@00853890,9,0,"_free"
008538d0,Unwind@008538d0,17,0,"FUN_0040b170"
00853900,Unwind@00853900,8,0,"FUN_00439ce0"
00853908,Unwind@00853908,11,0,"FUN_008388b0"
00853913,Unwind@00853913,14,0,"FUN_008366a0"
00853940,Unwind@00853940,8,0,"FUN_0083e000"
00853948,Unwind@00853948,8,0,"FUN_0083e000"
00853970,Unwind@00853970,8,0,"FUN_0083e000"
008539a0,Unwind@008539a0,8,0,"FUN_005b8f20"
008539a8,Unwind@008539a8,8,0,"FUN_00401e00"
008539b0,Unwind@008539b0,8,0,"FUN_0083a8f0"
008539e0,Unwind@008539e0,8,0,"FUN_0083bbe0"
00853a10,Unwind@00853a10,8,0,"FUN_0083bbe0"
00853a40,Unwind@00853a40,8,0,"FUN_0083e000"
00853a90,Unwind@00853a90,8,0,"FUN_0083e000"
00853ac0,Unwind@00853ac0,8,0,"FUN_00401e00"
00853ac8,Unwind@00853ac8,8,0,"FUN_0083a320"
00853af0,Unwind@00853af0,8,0,"FUN_00456a90"
00853b20,Unwind@00853b20,14,0,"FUN_00848800"
00853b2e,Unwind@00853b2e,14,0,"FUN_00848840"
00853b60,Unwind@00853b60,8,0,"FUN_008366b0"
00853b90,Unwind@00853b90,11,0,"FUN_0083b010"
00853bc0,Unwind@00853bc0,17,0,"FUN_00848800"
00853bd1,Unwind@00853bd1,17,0,"FUN_00848840"
00853be2,Unwind@00853be2,17,0,"FUN_00848fe0"
00853bf3,Unwind@00853bf3,11,0,"FUN_008388b0"
00853bfe,Unwind@00853bfe,8,0,"FUN_00401e00"
00853c06,Unwind@00853c06,11,0,"FUN_008388b0"
00853c11,Unwind@00853c11,8,0,"FUN_00401e00"
00853c19,Unwind@00853c19,11,0,"FUN_00401e00"
00853c24,Unwind@00853c24,8,0,"FUN_0083a8f0"
00853c2c,Unwind@00853c2c,11,0,"FUN_00401e00"
00853c37,Unwind@00853c37,8,0,"FUN_00401e00"
00853c3f,Unwind@00853c3f,8,0,"FUN_00401e00"
00853c47,Unwind@00853c47,14,0,""
00853c55,Unwind@00853c55,11,0,"FUN_00401e00"
00853cb0,Unwind@00853cb0,14,0,""
00853cbe,Unwind@00853cbe,8,0,"FUN_0083bbe0"
00853cc6,Unwind@00853cc6,25,0,"FUN_008388b0"
00853cdf,Unwind@00853cdf,9,0,"_free"
00853cea,Unwind@00853cea,8,0,"FUN_008388b0"
00853cf2,Unwind@00853cf2,8,0,"FUN_008388b0"
00853d20,Unwind@00853d20,8,0,"FUN_0084bba0"
00853d28,Unwind@00853d28,25,0,"FUN_008388b0"
00853d41,Unwind@00853d41,8,0,"FUN_00401e00"
00853d49,Unwind@00853d49,8,0,"FUN_0083a8f0"
00853d70,Unwind@00853d70,8,0,"FUN_00439ce0"
00853d78,Unwind@00853d78,9,0,"_free"
00853d83,Unwind@00853d83,11,0,"FUN_008388b0"
00853d8e,Unwind@00853d8e,14,0,"FUN_008366a0"
00853dc0,Unwind@00853dc0,8,0,"FUN_008388b0"
00853dc8,Unwind@00853dc8,9,0,"_free"
00853dd3,Unwind@00853dd3,8,0,"FUN_008388b0"
00853ddb,Unwind@00853ddb,9,0,"_free"
00853de6,Unwind@00853de6,8,0,"FUN_008388b0"
00853e10,Unwind@00853e10,8,0,"FUN_0084bba0"
00853e40,Unwind@00853e40,8,0,"FUN_00401740"
00853e70,Unwind@00853e70,8,0,"FUN_0084a980"
00853e78,Unwind@00853e78,11,0,"FUN_00836660"
00853ea0,Unwind@00853ea0,8,0,"FUN_0083a8f0"
00853ed0,Unwind@00853ed0,8,0,"FUN_0084a8d0"
00853ed8,Unwind@00853ed8,11,0,"FUN_00836660"
00853f00,Unwind@00853f00,11,0,"FUN_0084a980"
00853f30,Unwind@00853f30,8,0,"FUN_00401e00"
00853f38,Unwind@00853f38,8,0,"FUN_00401740"
00853f70,Unwind@00853f70,8,0,"FUN_0084a8d0"
00853fc0,Unwind@00853fc0,25,0,"FUN_00401e00"
00853fd9,Unwind@00853fd9,8,0,"FUN_00401e00"
00854010,Unwind@00854010,11,0,"FUN_008388b0"
0085401b,Unwind@0085401b,11,0,"FUN_00401e00"
00854026,Unwind@00854026,11,0,"FUN_008388b0"
00854031,Unwind@00854031,11,0,"FUN_00401e00"
0085403c,Unwind@0085403c,11,0,"FUN_00401e00"
00854047,Unwind@00854047,11,0,"FUN_0083a8f0"
00854052,Unwind@00854052,11,0,"FUN_00401e00"
0085405d,Unwind@0085405d,11,0,"FUN_00401e00"
008540a0,Unwind@008540a0,8,0,"FUN_00418480"
008540d0,Unwind@008540d0,8,0,"FUN_00401870"
00854100,Unwind@00854100,8,0,"FUN_00401870"
00854108,Unwind@00854108,8,0,"FUN_00401870"
00854130,Unwind@00854130,8,0,"FUN_0040af10"
00854138,Unwind@00854138,14,0,"thunk_FUN_004085d0"
00854170,Unwind@00854170,8,0,"FUN_0040af10"
008541a0,Unwind@008541a0,11,0,"FUN_004021d0"
008541ab,Unwind@008541ab,14,0,"FUN_004021d0"
008541b9,Unwind@008541b9,14,0,"FUN_0040c550"
00854210,Unwind@00854210,11,0,"thunk_FUN_00414d30"
0085421b,Unwind@0085421b,11,0,"thunk_FUN_00414d30"
00854226,Unwind@00854226,11,0,"thunk_FUN_00414d30"
00854231,Unwind@00854231,11,0,"thunk_FUN_00414d30"
00854260,Unwind@00854260,17,0,"FUN_0040b170"
00854290,Unwind@00854290,8,0,"FUN_0040af10"
00854298,Unwind@00854298,11,0,"thunk_FUN_00414d30"
008542c0,Unwind@008542c0,8,0,"FUN_00401e00"
008542c8,Unwind@008542c8,11,0,"FUN_00418480"
008542d3,Unwind@008542d3,11,0,"FUN_00418ba0"
00854320,Unwind@00854320,8,0,"FUN_0081fdeb"
00854350,Unwind@00854350,8,0,"FUN_0081fdeb"
00854380,Unwind@00854380,17,0,"FUN_0040b170"
008543b0,Unwind@008543b0,11,0,"FUN_0040d1c0"
008543e0,Unwind@008543e0,22,0,"`eh_vector_destructor_iterator'"
00854430,Unwind@00854430,11,0,"FUN_004021d0"
0085443b,Unwind@0085443b,11,0,"FUN_0040c550"
00854446,Unwind@00854446,11,0,"thunk_FUN_00402420"
00854451,Unwind@00854451,11,0,"FUN_0040af10"
00854480,Unwind@00854480,8,0,"thunk_FUN_00414d30"
00854488,Unwind@00854488,11,0,"thunk_FUN_00414d30"
00854493,Unwind@00854493,11,0,"FUN_0040af10"
008544c0,Unwind@008544c0,8,0,"FUN_00401e00"
008544f0,Unwind@008544f0,8,0,"FUN_00401e00"
008544f8,Unwind@008544f8,17,0,"FUN_0040b170"
00854530,Unwind@00854530,17,0,"FUN_0040b170"
00854560,Unwind@00854560,8,0,"FUN_00401e00"
00854590,Unwind@00854590,8,0,"FUN_0041b960"
00854598,Unwind@00854598,8,0,"FUN_0041c050"
008545a0,Unwind@008545a0,8,0,"FUN_0041c050"
008545a8,Unwind@008545a8,9,0,"_free"
008545d0,Unwind@008545d0,8,0,"FUN_0040af10"
008545d8,Unwind@008545d8,11,0,"FUN_0041c2e0"
00854600,Unwind@00854600,8,0,"FUN_0040d1c0"
00854630,Unwind@00854630,8,0,"FUN_0040d1c0"
00854660,Unwind@00854660,11,0,"FUN_0040d1c0"
00854690,Unwind@00854690,8,0,"FUN_0040d1c0"
008546c0,Unwind@008546c0,11,0,"FUN_0040d1c0"
008546f0,Unwind@008546f0,8,0,"FUN_0040d1c0"
00854720,Unwind@00854720,8,0,"FUN_0040d1c0"
00854750,Unwind@00854750,8,0,"FUN_0040d1c0"
00854780,Unwind@00854780,11,0,"FUN_0040d1c0"
008547c0,Unwind@008547c0,11,0,"FUN_00401870"
008547cb,Unwind@008547cb,11,0,"FUN_00401870"
00854810,Unwind@00854810,11,0,"FUN_00401870"
0085481b,Unwind@0085481b,11,0,"FUN_00401870"
00854860,Unwind@00854860,11,0,"FUN_004021d0"
0085486b,Unwind@0085486b,14,0,"FUN_004021d0"
008548e0,Unwind@008548e0,8,0,"FUN_00401e00"
00854910,Unwind@00854910,8,0,"FUN_00401e00"
00854940,Unwind@00854940,8,0,"FUN_00401e00"
00854970,Unwind@00854970,8,0,"FUN_004055f0"
008549a0,Unwind@008549a0,8,0,"FUN_00401870"
008549d0,Unwind@008549d0,11,0,"thunk_FUN_00402470"
008549db,Unwind@008549db,11,0,"FUN_004021d0"
008549e6,Unwind@008549e6,11,0,"FUN_0040c550"
00854a10,Unwind@00854a10,8,0,"FUN_00401f10"
00854a18,Unwind@00854a18,11,0,"FUN_00402020"
00854a23,Unwind@00854a23,24,0,"`eh_vector_destructor_iterator'"
00854a60,Unwind@00854a60,8,0,"FUN_00401e00"
00854a90,Unwind@00854a90,11,0,"FUN_00401e00"
00854ad0,Unwind@00854ad0,8,0,"FUN_0040af10"
00854ad8,Unwind@00854ad8,11,0,"FUN_0041c2e0"
00854ae3,Unwind@00854ae3,11,0,"thunk_FUN_0041c9b0"
00854b10,Unwind@00854b10,8,0,"FUN_00401820"
00854b70,Unwind@00854b70,8,0,"FUN_00401870"
00854ba0,Unwind@00854ba0,8,0,"FUN_00401870"
00854c00,Unwind@00854c00,11,0,"thunk_FUN_00402470"
00854c0b,Unwind@00854c0b,11,0,"FUN_004021d0"
00854c16,Unwind@00854c16,11,0,"FUN_0040c550"
00854c40,Unwind@00854c40,8,0,"FUN_0041d8b0"
00854c48,Unwind@00854c48,11,0,"thunk_FUN_00414d30"
00854c53,Unwind@00854c53,11,0,"thunk_FUN_00414d30"
00854c5e,Unwind@00854c5e,11,0,"thunk_FUN_00414d30"
00854c69,Unwind@00854c69,14,0,"FUN_0040af10"
00854c77,Unwind@00854c77,14,0,"FUN_0040af10"
00854c85,Unwind@00854c85,13,0,"thunk_FUN_00413b70"
00854c92,Unwind@00854c92,14,0,"FUN_004021d0"
00854ca0,Unwind@00854ca0,14,0,"FUN_0040af10"
00854cae,Unwind@00854cae,14,0,"thunk_FUN_00414d30"
00854cbc,Unwind@00854cbc,14,0,"FUN_004021d0"
00854cca,Unwind@00854cca,13,0,"thunk_FUN_00413c30"
00854cd7,Unwind@00854cd7,14,0,"thunk_FUN_00413c70"
00854d00,Unwind@00854d00,11,0,"thunk_FUN_004101b0"
00854d0b,Unwind@00854d0b,11,0,"FUN_00401e00"
00854d16,Unwind@00854d16,23,0,"FUN_0040b170"
00854d2d,Unwind@00854d2d,11,0,"FUN_00411760"
00854d70,Unwind@00854d70,17,0,"FUN_0040b170"
00854d81,Unwind@00854d81,17,0,"FUN_0040b170"
00854dd0,Unwind@00854dd0,8,0,"thunk_FUN_004101b0"
00854dd8,Unwind@00854dd8,8,0,"FUN_00401e00"
00854e10,Unwind@00854e10,8,0,"FUN_004055f0"
00854ea0,Unwind@00854ea0,8,0,"thunk_FUN_00405d40"
00854ea8,Unwind@00854ea8,11,0,"thunk_FUN_00402470"
00854ed0,Unwind@00854ed0,11,0,"FUN_004021d0"
00854edb,Unwind@00854edb,11,0,"FUN_0040c550"
00854f10,Unwind@00854f10,8,0,"thunk_FUN_00414d30"
00854f18,Unwind@00854f18,11,0,"thunk_FUN_00414d30"
00854f23,Unwind@00854f23,11,0,"FUN_0040af10"
00854f2e,Unwind@00854f2e,11,0,"FUN_00404240"
00854f39,Unwind@00854f39,14,0,"thunk_FUN_004085d0"
00854f47,Unwind@00854f47,14,0,"thunk_FUN_004085d0"
00854f70,Unwind@00854f70,11,0,"FUN_00401870"
00854f7b,Unwind@00854f7b,11,0,"FUN_00401870"
00854f86,Unwind@00854f86,11,0,"FUN_00401870"
00854f91,Unwind@00854f91,11,0,"FUN_00401870"
00854fd0,Unwind@00854fd0,11,0,"FUN_00401870"
00855000,Unwind@00855000,8,0,"FUN_0041d8b0"
00855008,Unwind@00855008,11,0,"thunk_FUN_00414d30"
00855013,Unwind@00855013,11,0,"thunk_FUN_00414d30"
0085501e,Unwind@0085501e,11,0,"thunk_FUN_00414d30"
00855029,Unwind@00855029,14,0,"FUN_0040af10"
00855037,Unwind@00855037,14,0,"FUN_0040af10"
00855045,Unwind@00855045,13,0,"thunk_FUN_00413b70"
00855052,Unwind@00855052,14,0,"FUN_004021d0"
00855060,Unwind@00855060,14,0,"FUN_0040af10"
0085506e,Unwind@0085506e,14,0,"thunk_FUN_00414d30"
0085507c,Unwind@0085507c,14,0,"FUN_004021d0"
008550b0,Unwind@008550b0,8,0,"FUN_00401870"
008550e0,Unwind@008550e0,11,0,"FUN_0040d1c0"
008550eb,Unwind@008550eb,11,0,"FUN_0040c550"
00855330,FUN_00855330,12,0,"_atexit"
