entry,name,size,params,callees
00401300,FUN_00401300,63,2,""
00401340,FUN_00401340,22,1,""
00401360,FUN_00401360,123,1,""
004013e0,FUN_004013e0,172,2,"EnterCriticalSection LeaveCriticalSection"
00401490,FUN_00401490,172,2,"EnterCriticalSection LeaveCriticalSection"
00401540,FUN_00401540,267,1,"EnterCriticalSection FUN_004018f0 LeaveCriticalSection"
00401670,FUN_00401670,232,0,"EnterCriticalSection FUN_004018f0 LeaveCriticalSection"
00401780,FUN_00401780,113,2,"EnterCriticalSection FUN_004018f0 LeaveCriticalSection"
00401800,FUN_00401800,48,1,"FUN_00401540 FUN_00401780 FUN_00403e90"
00401830,FUN_00401830,104,1,"FUN_0048a697"
004018a0,FUN_004018a0,79,2,"EnterCriticalSection FUN_004018f0 LeaveCriticalSection"
004018f0,FUN_004018f0,170,2,"FID_conflict:_free"
004019b0,FUN_004019b0,40,3,"FUN_004013e0 FUN_00401830"
004019e0,FUN_004019e0,40,3,"FUN_00401490 FUN_00401830"
00401a10,FUN_00401a10,40,3,"FUN_004013e0 FUN_00401830"
00401a40,FUN_00401a40,40,3,"FUN_00401490 FUN_00401830"
00401a70,FUN_00401a70,133,0,"FUN_00403400 FUN_0048a688 joyGetDevCapsA joyGetPosEx"
00401b00,FUN_00401b00,55,4,""
00401b40,FUN_00401b40,44,4,""
00401b70,FUN_00401b70,768,1,"FUN_0048a688 FUN_00495300 joyGetPosEx"
00401e70,FUN_00401e70,244,0,"FUN_0048a688 FUN_00495300 joyGetPosEx"
00401fa0,FUN_00401fa0,990,0,"FUN_00401b70 FUN_00407210 FUN_0048a688 GetKeyboardState"
004023a0,FUN_004023a0,956,1,"FUN_00401b70 FUN_00407210 FUN_0048a688 GetKeyboardState"
00402760,FUN_00402760,904,0,"FUN_00401b70 FUN_0048a688 GetKeyboardState"
00402af0,FUN_00402af0,105,0,"FUN_00495300 GetKeyboardState"
00402b60,FUN_00402b60,107,0,"FUN_0048a688 GetKeyboardState SetKeyboardState"
00402bd0,FUN_00402bd0,276,6,"FID_conflict:_free FUN_0048cb20 _malloc"
00402cf0,FUN_00402cf0,268,6,"FID_conflict:_free FUN_0048cb20 _malloc"
00402e00,FUN_00402e00,444,3,"CloseHandle CreateFileA EnterCriticalSection FUN_00407290 FUN_004073d0 FUN_00468c50 FUN_0048a940 GetFileSize LeaveCriticalSection ReadFile __stricmp _malloc"
00402fc0,FUN_00402fc0,128,1,"CloseHandle CreateFileA EnterCriticalSection LeaveCriticalSection"
00403040,FUN_00403040,310,3,"CloseHandle CreateFileA EnterCriticalSection FUN_00407290 FormatMessageA GetLastError LeaveCriticalSection LocalFree WriteFile"
00403180,FUN_00403180,182,1,"CreateFileA EnterCriticalSection FUN_00407290 FormatMessageA GetLastError LeaveCriticalSection LocalFree"
00403240,FUN_00403240,182,1,"CreateFileA EnterCriticalSection FUN_00407290 FormatMessageA GetLastError LeaveCriticalSection LocalFree"
00403300,FUN_00403300,99,2,"CloseHandle LeaveCriticalSection WriteFile"
00403370,FUN_00403370,83,1,"CloseHandle ReadFile _malloc"
004033d0,FUN_004033d0,46,0,"CloseHandle LeaveCriticalSection"
00403400,FUN_00403400,193,2,"EnterCriticalSection FUN_0048a688 FUN_0048abc1 LeaveCriticalSection __alloca_probe"
004034d0,FUN_004034d0,196,2,"EnterCriticalSection FUN_0048a688 FUN_0048abc1 LeaveCriticalSection"
004035a0,FUN_004035a0,103,1,"EnterCriticalSection LeaveCriticalSection"
00403610,FUN_00403610,139,1,"EnterCriticalSection LeaveCriticalSection"
00403730,FUN_00403730,51,1,"FUN_004035a0"
00403770,FUN_00403770,56,1,"FUN_00403610"
004037b0,FUN_004037b0,64,1,"FUN_00403610"
004037f0,FUN_004037f0,64,1,"FUN_00403610"
00403830,FUN_00403830,79,0,""
00403890,FUN_00403890,71,0,""
004038e0,FUN_004038e0,121,2,"FUN_004b4d60 FUN_004b4f20"
00403960,FUN_00403960,144,2,"FUN_004b4d60 FUN_004b4f20"
004039f0,FUN_004039f0,121,2,"FUN_004b4d60 FUN_004b4f20"
00403a80,FUN_00403a80,61,1,""
00403ac0,FUN_00403ac0,65,1,""
00403b10,FUN_00403b10,135,2,""
00403cb0,FUN_00403cb0,102,3,"FUN_00495300"
00403d30,FUN_00403d30,122,2,""
00403db0,FUN_00403db0,94,2,""
00403e40,FUN_00403e40,39,2,"FID_conflict:_free FUN_00403e90"
00403e70,FUN_00403e70,11,1,"FUN_00403e90"
00403e90,FUN_00403e90,117,1,"CloseHandle Sleep WaitForSingleObject"
00403f10,FUN_00403f10,61,3,"FUN_00403e90 FUN_0048abd9"
00403f50,FUN_00403f50,61,3,"FUN_00403e90 FUN_0048abd9"
00403fb0,FUN_00403fb0,255,1,"FUN_00407010 FUN_004070e0"
004040d0,FUN_004040d0,849,1,"FUN_00403890 FUN_00406ee0 FUN_00407070 FUN_004070e0 FUN_004b411a FUN_004b4d60 FUN_004b4f20 FUN_004b5460"
00404440,FUN_00404440,32,1,"FUN_004040d0"
00404460,FUN_00404460,1586,1,"FUN_004b4f20"
00404b10,FUN_00404b10,254,4,"FUN_004b4d60 FUN_004b4f20"
00404c10,FUN_00404c10,667,2,"FUN_0048a688 FUN_004b4d60 FUN_004b4f20"
00404eb0,FUN_00404eb0,161,4,""
00404f60,FUN_00404f60,419,5,"FUN_004b4d60 FUN_004b4f20"
00405110,FUN_00405110,252,5,"FUN_004b4d60 FUN_004b4f20"
00405210,FUN_00405210,351,4,""
00405370,FUN_00405370,1327,6,"FUN_0048a688 FUN_004b4d60 FUN_004b4f20"
004058a0,FUN_004058a0,863,8,""
00405c00,FUN_00405c00,108,4,""
00405c70,FUN_00405c70,336,5,"FUN_004b4d60 FUN_004b4f20 __libm_sse2_sqrt_precise"
00405dc0,FUN_00405dc0,1733,8,"FUN_0048a688 FUN_004b4d60 FUN_004b4f20"
00406490,FUN_00406490,1676,7,"FUN_00404c10 FUN_0048a688 FUN_004b4d60 FUN_004b4f20 __libm_sse2_sqrt_precise"
00406b30,FUN_00406b30,58,0,"FUN_0048a688 GetKeyboardState"
00406b70,FUN_00406b70,35,1,"__libm_sse2_sqrt_precise"
00406ba0,FUN_00406ba0,46,1,"__libm_sse2_sqrt_precise"
00406be0,FUN_00406be0,23,1,"__libm_sse2_sqrt_precise"
00406c30,FUN_00406c30,26,0,""
00406c60,FUN_00406c60,48,0,"FUN_004b5460"
00406c90,FUN_00406c90,132,1,"FUN_004b5460"
00406d20,FUN_00406d20,57,1,"FUN_004b411a"
00406d60,FUN_00406d60,61,1,"FUN_004b411a"
00406da0,FUN_00406da0,55,3,""
00406de0,FUN_00406de0,92,2,""
00406e40,FUN_00406e40,77,1,""
00406ee0,FUN_00406ee0,142,3,""
00406f70,FUN_00406f70,55,3,""
00406fc0,FUN_00406fc0,54,2,""
00407010,FUN_00407010,88,1,""
00407070,FUN_00407070,77,1,""
004070e0,FUN_004070e0,32,3,""
00407160,FUN_00407160,23,1,"FUN_004b4d60"
00407180,FUN_00407180,23,1,"FUN_004b4f20"
004071d0,FUN_004071d0,18,1,"FID_conflict:_free"
004071f0,FUN_004071f0,18,1,"_malloc"
00407210,FUN_00407210,121,1,""
00407290,FUN_00407290,1,0,""
004072f0,FUN_004072f0,40,2,""
00407370,FUN_00407370,39,2,""
004073a0,FUN_004073a0,27,2,""
004073c0,FUN_004073c0,10,1,""
004073d0,FUN_004073d0,44,1,"LeaveCriticalSection"
00407400,FUN_00407400,41,2,""
00407450,FUN_00407450,44,1,"EnterCriticalSection"
00407480,FUN_00407480,33,2,""
004074c0,FUN_004074c0,205,13,""
004075c0,FUN_004075c0,19,1,""
00407670,FUN_00407670,2928,1,"D3DXVec3Normalize EnterCriticalSection FUN_00403770 FUN_004037b0 FUN_004084e0 FUN_00408670 FUN_00408750 FUN_0040ab20 FUN_00474710 FUN_00483a70 FUN_00484280 FUN_00484de0 FUN_0048a688 LeaveCriticalSection"
004082a0,FUN_004082a0,99,2,""
00408380,FUN_00408380,87,1,""
00408400,FUN_00408400,13,2,""
00408410,FUN_00408410,13,2,""
00408420,FUN_00408420,24,2,""
00408440,FUN_00408440,25,2,""
00408460,FUN_00408460,25,2,""
00408480,FUN_00408480,25,2,""
004084a0,FUN_004084a0,63,1,""
004084e0,FUN_004084e0,211,6,""
004085f0,FUN_004085f0,70,2,"D3DXVec3Normalize"
00408650,FUN_00408650,29,1,"FUN_004037b0"
00408670,FUN_00408670,46,1,""
004086b0,FUN_004086b0,16,2,""
004086d0,FUN_004086d0,44,5,"FUN_00483f00"
00408710,FUN_00408710,18,2,""
00408750,FUN_00408750,32,3,""
004087a0,FUN_004087a0,68,2,""
004087f0,FUN_004087f0,68,2,""
00408840,FUN_00408840,18,1,"_malloc"
00408860,FUN_00408860,306,2,"FUN_004037b0 FUN_00408d60 FUN_00495300 _malloc"
004089a0,FUN_004089a0,383,1,"FUN_00403770 FUN_004037b0 FUN_00408ca0"
00408b70,FUN_00408b70,249,2,"FUN_004037b0 FUN_00495300 _malloc"
00408c70,FUN_00408c70,39,2,""
00408ca0,FUN_00408ca0,32,3,""
00408cc0,FUN_00408cc0,13,2,""
00408cd0,FUN_00408cd0,15,2,""
00408ce0,FUN_00408ce0,15,2,""
00408cf0,FUN_00408cf0,13,2,""
00408d00,FUN_00408d00,14,2,""
00408d10,FUN_00408d10,15,2,""
00408d60,FUN_00408d60,158,5,""
00408e10,FUN_00408e10,13,2,""
00408e20,FUN_00408e20,31,2,""
00408e40,FUN_00408e40,33,1,"FUN_004037b0"
00408e70,FUN_00408e70,1386,1,"EnterCriticalSection FUN_00403770 FUN_004037b0 FUN_00408d60 FUN_00495300 LeaveCriticalSection _malloc"
004093e0,FUN_004093e0,949,1,"D3DXVec3Normalize FUN_00409880 FUN_0048a688"
00409880,FUN_00409880,895,2,"FUN_00404460"
00409c30,FUN_00409c30,18,2,""
00409c50,FUN_00409c50,54,2,""
00409c90,FUN_00409c90,101,3,""
00409d20,FUN_00409d20,12,2,""
00409d40,FUN_00409d40,33,1,"FUN_00403770"
00409d80,FUN_00409d80,50,2,""
00409dc0,FUN_00409dc0,243,2,"FUN_004037b0 FUN_00495300 _malloc"
00409ec0,FUN_00409ec0,607,1,"FUN_00403770 FUN_004037b0"
0040a1c0,FUN_0040a1c0,16,2,""
0040a1d0,FUN_0040a1d0,320,1,"FUN_0040ab20 FUN_00474710 FUN_00495300 _malloc"
0040a310,FUN_0040a310,97,1,"FUN_00474710"
0040a380,FUN_0040a380,1347,1,"FUN_0047a8c0 FUN_0047db40 FUN_0048a688"
0040a8f0,FUN_0040a8f0,255,2,"FUN_0040ab20 FUN_00474710"
0040aa50,FUN_0040aa50,172,1,"FUN_00495300"
0040ab00,FUN_0040ab00,23,2,""
0040ab20,FUN_0040ab20,225,3,"FUN_0040aa50"
0040ac10,FUN_0040ac10,55,4,"FUN_0040ab20 FUN_00474710"
0040ac50,FUN_0040ac50,259,2,"FUN_004037b0 FUN_00495300 _malloc"
0040ad60,FUN_0040ad60,615,1,"FUN_00403770 FUN_004037b0 FUN_0040b0b0"
0040b0b0,FUN_0040b0b0,32,3,""
0040b0d0,FUN_0040b0d0,128,1,"FUN_0040cdb0 FUN_00495300"
0040b160,FUN_0040b160,321,1,"FUN_004013e0 FUN_00401490 FUN_00401830 FUN_00403400 FUN_0040c980 FUN_00473a00 FUN_00482140 FUN_0048a688"
0040b2b0,FUN_0040b2b0,552,1,"EnterCriticalSection FID_conflict:_free FID_conflict:_free FUN_004018f0 FUN_004828e0 LeaveCriticalSection"
0040b530,FUN_0040b530,23,1,"FID_conflict:_free FUN_0040b2b0"
0040b570,FUN_0040b570,21,1,"FUN_0040c6e0"
0040b590,FUN_0040b590,21,1,"FUN_0040c6e0"
0040b660,FUN_0040b660,345,3,""
0040b7c0,FUN_0040b7c0,77,3,"FUN_0040b660 FUN_0048a688 FUN_0048abc1"
0040b810,FUN_0040b810,255,2,"FUN_0040b660 FUN_0048a688 FUN_0048aff2"
0040b910,FUN_0040b910,316,2,"FUN_0040b660 FUN_0048a688 FUN_0048aff2"
0040ba50,FUN_0040ba50,98,3,"FUN_0040b660 FUN_0048a688 FUN_0048abc1"
0040bac0,FUN_0040bac0,237,2,"FUN_0040bbb0 FUN_0047a8c0"
0040bbb0,FUN_0040bbb0,2143,2,"FUN_0040c7e0 FUN_0047a0b0 FUN_0047aae0"
0040c460,FUN_0040c460,97,1,"FUN_0040bac0 FUN_00445190 FUN_0047a8c0"
0040c4d0,FUN_0040c4d0,272,3,"FUN_0040bbb0 FUN_0048a688 FUN_0048abc1"
0040c5f0,FUN_0040c5f0,228,3,"FUN_0040c4d0 FUN_0048a688 FUN_0048aff2"
0040c6e0,FUN_0040c6e0,119,1,""
0040c760,FUN_0040c760,6,0,""
0040c770,FUN_0040c770,16,2,""
0040c780,FUN_0040c780,16,2,""
0040c7c0,FUN_0040c7c0,22,2,""
0040c7e0,FUN_0040c7e0,106,2,""
0040c860,FUN_0040c860,71,2,"FUN_00445190"
0040c980,FUN_0040c980,603,1,"FUN_00495300"
0040cbe0,FUN_0040cbe0,37,3,"FUN_0040c980 FUN_00473a00"
0040cc10,FUN_0040cc10,25,3,""
0040cc50,FUN_0040cc50,34,1,"FID_conflict:_free"
0040cc80,FUN_0040cc80,34,1,"FID_conflict:_free"
0040cdb0,FUN_0040cdb0,132,1,"FUN_00495300"
0040ce40,FUN_0040ce40,195,4,""
0040cf10,FUN_0040cf10,189,1,"FID_conflict:_free FUN_00484280"
0040cfe0,FUN_0040cfe0,186,1,"FUN_0048b092 FUN_00495300"
0040d0b0,FUN_0040d0b0,469,2,"FUN_004013e0 FUN_00401490 FUN_00401830 FUN_004034d0 FUN_0040ece0"
0040d290,FUN_0040d290,671,1,"EnterCriticalSection FID_conflict:_free FID_conflict:_free FUN_004018f0 FUN_0040cf10 FUN_004828e0 LeaveCriticalSection `eh_vector_destructor_iterator'"
0040d530,FUN_0040d530,23,1,"FID_conflict:_free FUN_0040cf10"
0040d550,FUN_0040d550,157,1,"FID_conflict:_free FUN_0040cfe0 FUN_0040d0b0 FUN_0040d290 FUN_0048a697"
0040d5f0,FUN_0040d5f0,23,1,"FID_conflict:_free FUN_0040d290"
0040d610,FUN_0040d610,23,1,"FID_conflict:_free FUN_0040d290"
0040d630,FUN_0040d630,2353,1,"D3DXVec3Normalize FUN_00403770 FUN_0040eef0 FUN_0040f320 FUN_0041b440 FUN_00474710 FUN_0048a688 FUN_004b4f20"
0040df80,FUN_0040df80,1201,1,"FUN_004013e0 FUN_00401490 FUN_00401830 FUN_004087f0 FUN_0040ef90 FUN_004453c0 FUN_0047a8c0 FUN_0048a688 FUN_0048a697 FUN_00495300"
0040e440,FUN_0040e440,999,1,"FUN_0040ef90 FUN_004453c0 FUN_0047a8c0 FUN_00483a00"
0040e860,FUN_0040e860,19,2,"FUN_0040ece0"
0040e880,FUN_0040e880,1105,3,"D3DXMatrixTranslation D3DXVec3ProjectArray FUN_0048a688"
0040ece0,FUN_0040ece0,306,2,"FUN_00402e00 FUN_00403400 FUN_00482140 FUN_0048cb20 FUN_00495300 _malloc"
0040ee20,FUN_0040ee20,205,0,"FUN_0040ab20 FUN_00474710"
0040eef0,FUN_0040eef0,143,1,"FUN_00474710"
0040ef90,FUN_0040ef90,806,2,"FUN_0040e880 FUN_00410390 FUN_004453c0 FUN_0047a8c0 FUN_0047db40"
0040f2c0,FUN_0040f2c0,90,2,""
0040f320,FUN_0040f320,3246,1,"FID_conflict:_free FUN_00403890 FUN_00408380 FUN_004084a0 FUN_004087f0 FUN_00409880 FUN_0040ab20 FUN_0040ce40 FUN_0040cf10 FUN_0040f2c0 FUN_00410520 FUN_0041b330 FUN_00474710 FUN_0048a697 FUN_004b4d60 FUN_004b4f20"
00410050,FUN_00410050,132,1,""
004100e0,FUN_004100e0,65,3,""
00410140,FUN_00410140,142,1,"FUN_00484280"
004101d0,FUN_004101d0,323,0,"FUN_004013e0 FUN_00401490 FUN_00401830 FUN_0048a697 FUN_00495300"
00410320,FUN_00410320,110,0,""
00410390,FUN_00410390,380,2,"FUN_00445190 FUN_004453c0 FUN_0047a8c0 FUN_0047db40"
00410520,FUN_00410520,1553,2,"FUN_00404460 FUN_00410c60 FUN_00410d70"
00410b40,FUN_00410b40,16,2,""
00410b50,FUN_00410b50,34,2,""
00410b80,FUN_00410b80,35,2,""
00410bb0,FUN_00410bb0,16,2,""
00410c60,FUN_00410c60,129,3,""
00410cf0,FUN_00410cf0,118,2,""
00410d70,FUN_00410d70,129,3,""
00410e40,FUN_00410e40,80,4,""
00410ea0,FUN_00410ea0,50,2,""
00410f20,FUN_00410f20,15,1,"FUN_00474710"
00410f30,FUN_00410f30,38,3,"FUN_0040ab20 FUN_00474710"
00410f60,FUN_00410f60,62,2,""
00410fd0,FUN_00410fd0,18,2,""
00410ff0,FUN_00410ff0,103,2,""
00411060,FUN_00411060,98,1,""
004110d0,FUN_004110d0,33,0,""
00411100,FUN_00411100,35,1,""
00411130,FUN_00411130,61,1,"FUN_004453c0"
00411170,FUN_00411170,70,2,"D3DXVec3Normalize"
004112a0,FUN_004112a0,3,1,""
004112e0,FUN_004112e0,392,0,"FUN_00403400 FUN_0040ab20 FUN_0040cdb0 FUN_00474710 FUN_00482140 FUN_0048a697 _malloc"
00411470,FUN_00411470,237,0,"FID_conflict:_free FID_conflict:_free FUN_004828e0"
00411560,FUN_00411560,47,1,"FID_conflict:_free FID_conflict:_free"
00411590,FUN_00411590,43,0,""
004115c0,FUN_004115c0,40,0,""
004115f0,FUN_004115f0,230,0,"FUN_0048cb20"
004116e0,FUN_004116e0,293,0,"FUN_0047a8c0 FUN_0047db40"
00411820,FUN_00411820,242,1,"FID_conflict:_free FUN_00402e00 FUN_00402fc0 FUN_00411bd0 FUN_00469df0 FUN_0048b1da _malloc"
00411920,FUN_00411920,466,3,"CloseHandle FID_conflict:_free FUN_00403180 FUN_00403300 FUN_00469a10 FUN_0048a688 FUN_0048b1da FUN_0048b2f6 FUN_0048b338 LeaveCriticalSection WriteFile"
00411b00,FUN_00411b00,177,2,"D3DXLoadSurfaceFromMemory FUN_0048a688"
00411bd0,FUN_00411bd0,1,0,""
00411be0,FUN_00411be0,22,2,""
00411c00,FUN_00411c00,3,0,""
00411c10,FUN_00411c10,3,0,""
00411c20,FUN_00411c20,3,0,""
00411c30,FUN_00411c30,5,0,""
00411c40,FUN_00411c40,3,0,""
00411c50,FUN_00411c50,1,0,""
00411d90,FUN_00411d90,557,0,"EnterCriticalSection FID_conflict:_free FID_conflict:_free FUN_004018f0 FUN_0040cf10 FUN_00484280 LeaveCriticalSection"
00411fd0,FUN_00411fd0,124,1,""
00412070,FUN_00412070,212,1,"FUN_004319b0 FUN_00472c80"
00412150,FUN_00412150,124,1,""
004121e0,FUN_004121e0,41,3,"FUN_00411c30"
00412220,FUN_00412220,25,1,"FUN_00411c50"
004122a0,FUN_004122a0,1,0,""
004123f0,FUN_004123f0,74,1,"FUN_0040cdb0"
00412440,FUN_00412440,63,1,"FID_conflict:_free"
00412490,FUN_00412490,296,1,"FUN_004013e0 FUN_00401490 FUN_00401830 FUN_00403400 FUN_00482140"
004125c0,FUN_004125c0,297,0,"FUN_00495300"
00412760,FUN_00412760,288,1,"EnterCriticalSection FUN_004018f0 LeaveCriticalSection `eh_vector_destructor_iterator'"
00412880,FUN_00412880,197,0,"FID_conflict:_free FUN_00412490 FUN_00412760 FUN_0048a697 FUN_0048b092 FUN_00495300"
00412950,FUN_00412950,23,1,"FID_conflict:_free FUN_00412760"
00412970,FUN_00412970,29,0,"FID_conflict:_free FUN_00412760"
00412a70,FUN_00412a70,1812,1,"EnterCriticalSection FUN_0040ab20 FUN_00410ea0 FUN_004131a0 FUN_00413410 FUN_00414630 FUN_00415960 FUN_00415a30 FUN_00415c50 FUN_00415e40 FUN_00415fb0 FUN_004165f0 FUN_004167d0 FUN_00416940 FUN_00416b80 FUN_00416c60 FUN_00417e00 FUN_00418300 FUN_00474710 FUN_00483a70 FUN_004845f0 FUN_00484de0 LeaveCriticalSection"
004131a0,FUN_004131a0,623,2,"EnterCriticalSection FUN_0040ab20 FUN_00410ea0 FUN_00418300 FUN_0044e750 FUN_0044e880 FUN_0044f6f0 FUN_00474710 FUN_00483a70 FUN_00484280 FUN_00484de0 LeaveCriticalSection"
00413410,FUN_00413410,309,1,""
00413550,FUN_00413550,476,1,"FUN_00412a70 FUN_004131a0"
00413910,FUN_00413910,456,2,"FUN_0047db40"
00413b30,FUN_00413b30,2705,5,"FUN_00403770 FUN_004037b0 FUN_0040c980 FUN_00413410 FUN_00414630 FUN_00418440 FUN_00473de0 FUN_00474710 FUN_004b4f20"
00414630,FUN_00414630,3968,1,"FUN_004037b0 FUN_00403830 FUN_00403890 FUN_00406de0 FUN_00406e40 FUN_00407070 FUN_004084a0 FUN_004087f0 FUN_0040c980 FUN_00410ea0 FUN_00415660 FUN_004170a0 FUN_00418240 FUN_00418440 FUN_0041e270 FUN_0044e5b0 FUN_00472be0 FUN_00472c80 FUN_00473de0 FUN_0048a688 FUN_00495300"
00415660,FUN_00415660,297,1,"FUN_00413b30 FUN_00472c80 FUN_004b411a"
00415790,FUN_00415790,431,3,"FUN_0040c980 FUN_00473de0"
00415960,FUN_00415960,201,1,"FUN_00418440"
00415a30,FUN_00415a30,529,1,"FUN_004b411a __libm_sse2_sqrt_precise"
00415c50,FUN_00415c50,481,1,"FUN_004b411a"
00415e40,FUN_00415e40,365,1,"FUN_00418440"
00415fb0,FUN_00415fb0,504,1,"FUN_00407010 FUN_00407070 FUN_00418440 FUN_0044e5b0 FUN_00472be0"
004161d0,FUN_004161d0,309,1,""
00416310,FUN_00416310,306,1,""
00416450,FUN_00416450,207,1,""
00416520,FUN_00416520,202,1,""
004165f0,FUN_004165f0,475,1,"FUN_004161d0 FUN_00416310 FUN_00416450 FUN_00416520 FUN_00418440 FUN_00472be0"
004167d0,FUN_004167d0,345,1,"FUN_00472be0"
00416940,FUN_00416940,573,1,"FUN_00409880 FUN_00418440 FUN_004b411a"
00416b80,FUN_00416b80,223,1,""
00416c60,FUN_00416c60,1078,1,"D3DXVec2Normalize FUN_00418160"
004170a0,FUN_004170a0,565,2,"EnterCriticalSection FUN_0040ab20 FUN_004172e0 FUN_00472c80 FUN_00474710 FUN_00483a70 FUN_00484de0 LeaveCriticalSection"
004172e0,FUN_004172e0,302,2,"FUN_004037b0 FUN_00436030"
00417440,FUN_00417440,252,2,"FUN_004170a0 FUN_0041fe20"
00417540,FUN_00417540,258,2,"FUN_004170a0 FUN_0041fe20"
00417650,FUN_00417650,982,3,"FUN_004170a0 FUN_004200f0 FUN_004b4d60 FUN_004b4f20"
00417a30,FUN_00417a30,605,0,"EnterCriticalSection FUN_0040ab20 FUN_004172e0 FUN_00472c80 FUN_00474710 FUN_00483a70 FUN_00484de0 LeaveCriticalSection"
00417ca0,FUN_00417ca0,275,2,""
00417e00,FUN_00417e00,458,1,"FUN_00404460"
00417fd0,FUN_00417fd0,13,2,""
00417fe0,FUN_00417fe0,14,2,""
00417ff0,FUN_00417ff0,15,2,""
00418000,FUN_00418000,15,2,""
00418010,FUN_00418010,15,2,""
00418020,FUN_00418020,13,2,""
00418030,FUN_00418030,63,1,""
00418160,FUN_00418160,32,3,""
00418180,FUN_00418180,123,2,""
00418200,FUN_00418200,43,1,"__libm_sse2_sqrt_precise"
00418240,FUN_00418240,32,1,""
004182a0,FUN_004182a0,29,0,""
004182d0,FUN_004182d0,36,2,""
00418300,FUN_00418300,216,5,""
004183e0,FUN_004183e0,18,2,""
00418410,FUN_00418410,42,6,"FUN_00483f00"
00418440,FUN_00418440,32,3,""
00418460,FUN_00418460,79,1,""
004184b0,FUN_004184b0,67,3,""
00418540,FUN_00418540,22,1,""
00418560,FUN_00418560,19,1,""
00418580,FUN_00418580,20,0,""
004185a0,FUN_004185a0,20,0,""
004185f0,FUN_004185f0,36,1,"FUN_00495300"
00418620,FUN_00418620,131,1,"FUN_004013e0 FUN_00401490 FUN_00401830"
004186d0,FUN_004186d0,36,0,""
00418700,FUN_00418700,371,1,"EnterCriticalSection FUN_004018f0 FUN_00484280 LeaveCriticalSection"
00418880,FUN_00418880,92,0,"FID_conflict:_free FUN_00418620 FUN_00418700 FUN_0048a697 FUN_00495300"
004188e0,FUN_004188e0,23,1,"FID_conflict:_free FUN_00418700"
00418920,FUN_00418920,601,1,"FUN_00484280 FUN_00484320"
00418b80,FUN_00418b80,398,0,"FUN_00418460 FUN_0046f4e0 FUN_004b413a FUN_004b5460"
00418d30,FUN_00418d30,205,1,"FUN_0040b7c0 FUN_00484280"
00418e30,FUN_00418e30,1975,4,"EnterCriticalSection FUN_0040ab20 FUN_00472be0 FUN_00474710 FUN_00482d10 FUN_00483a70 FUN_00484280 FUN_00484de0 LeaveCriticalSection"
004195f0,FUN_004195f0,169,0,"FUN_00472be0 FUN_00484320 FUN_00484810"
004196a0,FUN_004196a0,53,1,""
004196e0,FUN_004196e0,53,1,""
00419760,FUN_00419760,21,1,""
00419780,FUN_00419780,21,1,""
004197a0,FUN_004197a0,21,1,""
004197f0,FUN_004197f0,23,1,""
00419840,FUN_00419840,85,1,"FID_conflict:_free"
004198a0,FUN_004198a0,36,0,""
004198d0,FUN_004198d0,36,0,""
00419900,FUN_00419900,260,1,"FUN_00495300"
00419a20,FUN_00419a20,19,2,""
00419a60,FUN_00419a60,167,1,""
00419b10,FUN_00419b10,28,0,""
00419b30,FUN_00419b30,222,1,"FUN_0040cdb0 FUN_00495300"
00419c80,FUN_00419c80,437,1,"EnterCriticalSection FID_conflict:_free FID_conflict:_free FUN_004018f0 FUN_00403e90 FUN_00412760 FUN_00419840 FUN_0041ea20 FUN_0042ce90 FUN_00434ef0 FUN_0044c910 FUN_0045d410 LeaveCriticalSection"
00419e50,FUN_00419e50,107,0,"FUN_00403b10 FUN_00412880 FUN_0041ec00 FUN_0042d1b0 FUN_00434fc0 FUN_0044ca60 FUN_0045d4e0"
00419f40,FUN_00419f40,23,1,"FID_conflict:_free FUN_00419c80"
00419f60,FUN_00419f60,23,1,"FID_conflict:_free FUN_00419c80"
00419f80,FUN_00419f80,1210,1,"FUN_00403b10 FUN_00403f10 FUN_004125c0 FUN_00412970 FUN_004197f0 FUN_00419840 FUN_004198a0 FUN_00419900 FUN_00419a60 FUN_0041a750 FUN_0041a830 FUN_0041a870 FUN_0041e270 FUN_0041e9f0 FUN_0041ecb0 FUN_0042c690 FUN_0042d240 FUN_004350c0 FUN_0044c440 FUN_0044cb20 FUN_0045d580 FUN_0048a688 FUN_00495300 FindClose FindFirstFileA FindNextFileA _malloc"
0041a440,FUN_0041a440,683,1,"FUN_0040ba50 FUN_0047a0b0 FUN_0047aae0"
0041a730,FUN_0041a730,21,1,""
0041a750,FUN_0041a750,160,0,""
0041a7f0,FUN_0041a7f0,32,2,""
0041a820,FUN_0041a820,15,1,""
0041a830,FUN_0041a830,37,1,""
0041a870,FUN_0041a870,105,2,""
0041a8e0,FUN_0041a8e0,16,2,""
0041a910,FUN_0041a910,13,2,""
0041a930,FUN_0041a930,38,2,""
0041a9c0,FUN_0041a9c0,90,1,""
0041aa40,FUN_0041aa40,139,1,""
0041aae0,FUN_0041aae0,82,3,""
0041ab40,FUN_0041ab40,57,0,"FUN_00403400 FUN_00482140"
0041abe0,FUN_0041abe0,347,1,"FUN_004013e0 FUN_00401490 FUN_00403400 FUN_00482140 FUN_0048a697"
0041ad40,FUN_0041ad40,280,1,"EnterCriticalSection FID_conflict:_free FUN_004018f0 FUN_0041aa40 FUN_004828e0 LeaveCriticalSection"
0041ae60,FUN_0041ae60,82,0,"FID_conflict:_free FUN_0041abe0 FUN_0041ad40 FUN_0048a697 FUN_00495300"
0041aec0,FUN_0041aec0,23,1,"FID_conflict:_free FUN_0041ad40"
0041af40,FUN_0041af40,477,4,"FUN_0041b330 FUN_0041b930 FUN_00483f00 FUN_00484280 FUN_0048a697"
0041b1d0,FUN_0041b1d0,106,2,""
0041b240,FUN_0041b240,50,1,"FUN_00403fb0 FUN_004040d0"
0041b330,FUN_0041b330,269,3,"FUN_004462e0 FUN_00484280 _malloc"
0041b440,FUN_0041b440,327,2,"FUN_0041b630"
0041b630,FUN_0041b630,153,1,""
0041b6d0,FUN_0041b6d0,65,2,""
0041b720,FUN_0041b720,192,2,"FUN_00495300 _malloc"
0041b7e0,FUN_0041b7e0,185,1,"FUN_0041af40"
0041b910,FUN_0041b910,16,1,"FUN_00403fb0 FUN_004040d0"
0041b920,FUN_0041b920,16,2,""
0041b930,FUN_0041b930,65,2,""
0041b980,FUN_0041b980,12,2,""
0041b990,FUN_0041b990,37,3,"FUN_00483f00"
0041b9e0,FUN_0041b9e0,115,1,"FUN_00403e90 FUN_00484280"
0041ba80,FUN_0041ba80,115,1,"FID_conflict:_free FUN_00402e00"
0041bba0,FUN_0041bba0,504,1,"FUN_004013e0 FUN_00401490 FUN_00401830 FUN_00402e00 FUN_00403400 FUN_0041c110 FUN_0041ce10 FUN_0048a697"
0041bda0,FUN_0041bda0,429,1,"EnterCriticalSection FID_conflict:_free FID_conflict:_free FUN_004018f0 FUN_0041b9e0 FUN_004828e0 LeaveCriticalSection"
0041bf50,FUN_0041bf50,23,1,"FID_conflict:_free FUN_0041b9e0"
0041bf70,FUN_0041bf70,86,0,"FID_conflict:_free FUN_0041bba0 FUN_0041bda0 FUN_0048a697"
0041bfd0,FUN_0041bfd0,23,1,"FID_conflict:_free FUN_0041bda0"
0041bff0,FUN_0041bff0,29,0,"FID_conflict:_free FUN_0041bda0"
0041c010,FUN_0041c010,199,1,"FUN_0041c370 FUN_0041cd60"
0041c110,FUN_0041c110,475,2,"FUN_004086d0 FUN_00484280 FUN_00495300"
0041c300,FUN_0041c300,109,1,"FUN_0041c370"
0041c370,FUN_0041c370,2223,1,"EnterCriticalSection FUN_00403f10 FUN_004087f0 FUN_0040ab20 FUN_00411060 FUN_0041ba80 FUN_0041cd60 FUN_0041ce10 FUN_00430db0 FUN_00444660 FUN_004446e0 FUN_00471a70 FUN_00472be0 FUN_004737b0 FUN_00474710 FUN_004828a0 FUN_00482c20 FUN_00483a70 FUN_00484280 FUN_00484320 FUN_00484810 FUN_00484de0 FUN_00495300 LeaveCriticalSection"
0041ccc0,FUN_0041ccc0,71,1,"FUN_00482140 FUN_00484320"
0041cd10,FUN_0041cd10,39,0,"FUN_00484320"
0041cd60,FUN_0041cd60,38,1,""
0041cd90,FUN_0041cd90,15,1,""
0041ce10,FUN_0041ce10,219,0,"EnterCriticalSection FUN_0040ab20 FUN_00474710 FUN_00483a70 FUN_00484de0 LeaveCriticalSection"
0041cf10,FUN_0041cf10,16,2,""
0041cf30,FUN_0041cf30,63,1,""
0041cf70,FUN_0041cf70,63,1,""
0041cfb0,FUN_0041cfb0,26,2,""
0041d020,FUN_0041d020,159,1,""
0041d0c0,FUN_0041d0c0,3,0,""
0041d0d0,FUN_0041d0d0,12,2,"FUN_00489100"
0041d0e0,FUN_0041d0e0,12,2,"FUN_00489190"
0041d0f0,FUN_0041d0f0,132,3,""
0041d180,FUN_0041d180,51,2,"FUN_004892d0"
0041d200,FUN_0041d200,96,2,""
0041d260,FUN_0041d260,5,0,""
0041d270,FUN_0041d270,5,0,""
0041d280,FUN_0041d280,5,0,""
0041d290,FUN_0041d290,5,0,""
0041d2b0,FUN_0041d2b0,44,1,"FID_conflict:_free"
0041d2e0,FUN_0041d2e0,101,1,"FUN_0041d020"
0041d350,FUN_0041d350,189,1,""
0041d440,FUN_0041d440,75,2,"FID_conflict:_free"
0041d4a0,FUN_0041d4a0,5,0,""
0041d4b0,FUN_0041d4b0,14,2,""
0041d4c0,FUN_0041d4c0,49,1,"FUN_00495300"
0041d500,FUN_0041d500,40,1,"FID_conflict:_free"
0041d530,FUN_0041d530,12,2,""
0041d550,FUN_0041d550,12,2,""
0041d570,FUN_0041d570,22,2,""
0041d590,FUN_0041d590,19,2,""
0041d5c0,FUN_0041d5c0,13,2,""
0041d5e0,FUN_0041d5e0,13,2,""
0041d5f0,FUN_0041d5f0,13,2,""
0041d600,FUN_0041d600,12,2,""
0041d610,FUN_0041d610,79,2,""
0041d670,FUN_0041d670,13,2,""
0041d6a0,FUN_0041d6a0,16,3,""
0041d6c0,FUN_0041d6c0,12,2,""
0041d6f0,FUN_0041d6f0,75,2,"FUN_0041d740 FUN_00436030"
0041d740,FUN_0041d740,447,1,"FUN_00403770 FUN_004037b0 FUN_0042bbe0 FUN_00436030 FUN_00495300"
0041d9d0,FUN_0041d9d0,16,2,""
0041d9f0,FUN_0041d9f0,33,2,"FID_conflict:_free FUN_0041f2d0"
0041da20,FUN_0041da20,169,1,"FUN_00495300"
0041daf0,FUN_0041daf0,96,2,"FUN_00402e00 FUN_00489880"
0041db50,FUN_0041db50,50,0,""
0041db90,FUN_0041db90,26,2,""
0041dbb0,FUN_0041dbb0,22,2,""
0041dbd0,FUN_0041dbd0,34,1,""
0041dc00,FUN_0041dc00,64,1,""
0041dc40,FUN_0041dc40,56,1,""
0041dca0,FUN_0041dca0,47,0,""
0041dcd0,FUN_0041dcd0,21,1,""
0041dd00,FUN_0041dd00,198,1,""
0041ddf0,FUN_0041ddf0,83,1,""
0041de60,FUN_0041de60,39,0,""
0041dea0,FUN_0041dea0,16,2,""
0041deb0,FUN_0041deb0,50,3,""
0041def0,FUN_0041def0,21,1,""
0041df10,FUN_0041df10,18,0,""
0041df30,FUN_0041df30,51,2,""
0041df70,FUN_0041df70,82,3,""
0041dfd0,FUN_0041dfd0,33,1,""
0041e010,FUN_0041e010,35,0,""
0041e040,FUN_0041e040,17,0,""
0041e060,FUN_0041e060,83,0,"FUN_00484280"
0041e0d0,FUN_0041e0d0,20,0,""
0041e100,FUN_0041e100,25,2,""
0041e1a0,FUN_0041e1a0,30,1,"FUN_00495300"
0041e1c0,FUN_0041e1c0,31,2,""
0041e210,FUN_0041e210,43,1,""
0041e250,FUN_0041e250,25,2,""
0041e270,FUN_0041e270,735,2,"FUN_0041ee00 FUN_004211e0 FUN_0048a697"
0041e5d0,FUN_0041e5d0,113,1,""
0041e650,FUN_0041e650,67,1,"FUN_00495300"
0041e6a0,FUN_0041e6a0,378,2,"FUN_004013e0 FUN_00401490 FUN_00401830 FUN_0041daf0 FUN_0048a697 FUN_00495300"
0041e820,FUN_0041e820,49,1,"FUN_00495300"
0041e860,FUN_0041e860,354,2,"FUN_00403400 FUN_004820a0 FUN_004851f0 Sleep"
0041e9f0,FUN_0041e9f0,36,0,""
0041ea20,FUN_0041ea20,361,1,"EnterCriticalSection FID_conflict:_free FID_conflict:_free FUN_004018f0 FUN_00419a60 FUN_004828e0 LeaveCriticalSection"
0041eb90,FUN_0041eb90,53,1,"FID_conflict:_free FID_conflict:_free"
0041ebd0,FUN_0041ebd0,40,1,"FID_conflict:_free"
0041ec00,FUN_0041ec00,129,1,"FID_conflict:_free FUN_0041e6a0 FUN_0041ea20 FUN_0048a697 FUN_00495300"
0041ec90,FUN_0041ec90,23,1,"FID_conflict:_free FUN_0041ea20"
0041ecb0,FUN_0041ecb0,29,0,"FID_conflict:_free FUN_0041ea20"
0041ecd0,FUN_0041ecd0,197,1,"FUN_004211e0"
0041ee00,FUN_0041ee00,1226,2,"FUN_0041d2e0 FUN_0041d350 FUN_0041da20 FUN_00489a90 FUN_00495300"
0041f2d0,FUN_0041f2d0,212,1,"FID_conflict:_free FUN_0040cf10 FUN_0041e5d0 FUN_00484280"
0041f3b0,FUN_0041f3b0,1630,1,"EnterCriticalSection FUN_00403fb0 FUN_004040d0 FUN_0040ab20 FUN_00417e00 FUN_0041fa10 FUN_0042a3d0 FUN_0042a9c0 FUN_00474710 FUN_00483a70 FUN_00484280 FUN_00484810 FUN_00484de0 LeaveCriticalSection"
0041fa10,FUN_0041fa10,313,1,"FUN_004040d0"
0041fb80,FUN_0041fb80,303,3,"FUN_00404f60 FUN_004172e0 FUN_004215f0 FUN_00472c80"
0041fcb0,FUN_0041fcb0,353,4,"FUN_00404f60 FUN_00406490 FUN_004172e0 FUN_004215f0 FUN_00472c80"
0041fe20,FUN_0041fe20,712,2,"FUN_004172e0 FUN_004215f0 FUN_00472c80 FUN_004b4d60 FUN_004b4f20"
004200f0,FUN_004200f0,783,4,"FUN_00406490 FUN_004172e0 FUN_004215f0 FUN_00472c80 FUN_004b4d60 FUN_004b4f20"
00420400,FUN_00420400,1993,1,"FID_conflict:_free FUN_00403890 FUN_004087f0 FUN_0041d2b0 FUN_0041d350 FUN_0041d610 FUN_004215f0 FUN_00428c90 FUN_0044e880 FUN_0044e990 FUN_0044f6f0 FUN_004515b0 FUN_00472c80 FUN_00484280 FUN_004845f0 FUN_00485010 FUN_00489040 FUN_00489a90 FUN_004b4d60 FUN_004b4f20"
00420bd0,FUN_00420bd0,1537,1,"D3DXVec3Normalize FUN_0041b440 FUN_0048a688 FUN_004b4f20"
004211e0,FUN_004211e0,294,1,"FUN_00421310 FUN_00484280"
00421310,FUN_00421310,724,1,"FUN_00411060 FUN_0041f3b0 FUN_00420400 FUN_00420bd0 FUN_00484280 FUN_004845f0 FUN_00489040 FUN_004b411a"
004215f0,FUN_004215f0,625,1,"EnterCriticalSection FID_conflict:_free FUN_0040ab20 FUN_0041d350 FUN_0041d740 FUN_00436030 FUN_00472c80 FUN_00474710 FUN_00483a70 FUN_00484de0 FUN_00489040 FUN_00489a90 FUN_004b411a LeaveCriticalSection"
00421870,FUN_00421870,245,0,"FUN_004215f0 FUN_00495300"
00421970,FUN_00421970,260,1,"FUN_004215f0 FUN_00495300"
00421a80,FUN_00421a80,217,2,""
00421b60,FUN_00421b60,204,2,""
00421c40,FUN_00421c40,259,3,""
00421d50,FUN_00421d50,217,2,""
00421e30,FUN_00421e30,11,1,"FUN_00421e40"
00421e40,FUN_00421e40,18906,1,"EnterCriticalSection FUN_004035a0 FUN_004037b0 FUN_00403890 FUN_00404440 FUN_00407070 FUN_004087f0 FUN_0040ab20 FUN_0040ce40 FUN_0040d530 FUN_00410050 FUN_00410e40 FUN_00415660 FUN_00417440 FUN_00417540 FUN_00417650 FUN_00417a30 FUN_00418030 FUN_00418e30 FUN_004195f0 FUN_004196e0 FUN_0041af40 FUN_0041b330 FUN_0041d2b0 FUN_0041d350 FUN_0041d6f0 FUN_0041dbd0 FUN_0041dc00 FUN_0041dc40 FUN_0041de60 FUN_0041deb0 FUN_0041df10 FUN_0041dfd0 FUN_0041e060 FUN_0041e1a0 FUN_0041e1c0 FUN_0041e210 FUN_0041fa10 FUN_004215f0 FUN_00421870 FUN_00421970 FUN_00426db0 FUN_00426f90 FUN_004270d0 FUN_00428be0 FUN_00428ed0 FUN_00428ef0 FUN_00428f30 FUN_00428f50 FUN_0042a960 FUN_0042ad60 FUN_0042b5a0 FUN_0042b640 FUN_0042b770 FUN_0042ba60 FUN_0042bc00 FUN_00431800 FUN_00433940 FUN_00439060 FUN_00439400 FUN_00439490 FUN_00439510 FUN_00448490 FUN_00449990 FUN_0045daf0 FUN_00471a70 FUN_00472c80 FUN_00474710 FUN_00483a70 FUN_00483b30 FUN_00484320 FUN_004845f0 FUN_004846f0 FUN_00484730 FUN_00484810 FUN_00484de0 FUN_00489100 FUN_00489190 FUN_00489d60 FUN_0048a688 FUN_0048a697 FUN_00495300 FUN_004b411a LeaveCriticalSection"
00426db0,FUN_00426db0,465,1,"FUN_0041d0f0 FUN_0041e270 FUN_004892d0 FUN_00495300"
00426f90,FUN_00426f90,313,1,"FUN_0042b770 FUN_00484280 FUN_00484730 FUN_00489100"
004270d0,FUN_004270d0,938,1,"FUN_00418300 FUN_0042b070 FUN_0042b120 FUN_0042b2e0 FUN_0042b4e0 FUN_00484280 FUN_004845f0 FUN_00489100 FUN_00489190"
004274d0,FUN_004274d0,1647,2,"FUN_00403610 FUN_00403770 FUN_004037b0 FUN_0041db50 FUN_0041de60 FUN_004845f0 FUN_004b411a __libm_sse2_sqrt_precise"
00427cd0,FUN_00427cd0,248,2,""
00427e50,FUN_00427e50,2542,2,"FUN_00403610 FUN_00403770 FUN_004037b0 FUN_0041db50 FUN_0041de60 FUN_0044e5b0 FUN_004b411a __libm_sse2_sqrt_precise"
004289d0,FUN_004289d0,340,2,""
00428be0,FUN_00428be0,56,4,""
00428c20,FUN_00428c20,66,6,""
00428c70,FUN_00428c70,23,3,""
00428c90,FUN_00428c90,568,1,""
00428ed0,FUN_00428ed0,18,2,"FUN_00489100"
00428ef0,FUN_00428ef0,61,1,""
00428f30,FUN_00428f30,18,2,"FUN_00489190"
00428f50,FUN_00428f50,102,2,""
00428fc0,FUN_00428fc0,15,3,"FUN_0041d0f0"
00428fd0,FUN_00428fd0,57,2,"FUN_004892d0"
00429010,FUN_00429010,117,1,""
00429090,FUN_00429090,409,2,"FUN_004b4d60 FUN_004b4f20 __libm_sse2_sqrt_precise"
00429240,FUN_00429240,218,1,"FID_conflict:_free FUN_0041d350 FUN_00489a90"
00429320,FUN_00429320,218,1,"FID_conflict:_free FUN_0041d350 FUN_00489a90"
00429400,FUN_00429400,269,3,""
00429510,FUN_00429510,131,1,""
004296c0,FUN_004296c0,285,2,"FUN_004515b0 FUN_00484280 FUN_0048a688"
00429990,FUN_00429990,278,0,"FUN_00403770 FUN_004037b0"
00429ab0,FUN_00429ab0,741,1,"FUN_0042aef0 FUN_0042bc00 FUN_00472be0"
00429ec0,FUN_00429ec0,204,0,"FUN_00403770"
00429f90,FUN_00429f90,278,0,"FUN_00403770 FUN_004037b0"
0042a120,FUN_0042a120,516,1,"EnterCriticalSection FUN_0040ab20 FUN_0041dd00 FUN_00472c80 FUN_00474710 FUN_00483a70 FUN_00484de0 LeaveCriticalSection"
0042a3d0,FUN_0042a3d0,1203,2,"FUN_00404460"
0042a890,FUN_0042a890,17,2,""
0042a8b0,FUN_0042a8b0,21,3,""
0042a8d0,FUN_0042a8d0,25,2,""
0042a8f0,FUN_0042a8f0,25,2,""
0042a910,FUN_0042a910,25,2,""
0042a930,FUN_0042a930,25,2,""
0042a950,FUN_0042a950,13,2,""
0042a960,FUN_0042a960,63,1,""
0042a9c0,FUN_0042a9c0,755,2,"FUN_00404460"
0042acc0,FUN_0042acc0,13,2,""
0042acd0,FUN_0042acd0,20,2,""
0042acf0,FUN_0042acf0,21,2,""
0042ad50,FUN_0042ad50,13,2,""
0042ad60,FUN_0042ad60,63,1,""
0042adc0,FUN_0042adc0,34,2,"FUN_00404460"
0042ae30,FUN_0042ae30,40,3,""
0042ae60,FUN_0042ae60,40,3,""
0042aef0,FUN_0042aef0,134,1,""
0042afa0,FUN_0042afa0,39,2,""
0042b020,FUN_0042b020,52,1,"__libm_sse2_sqrt_precise"
0042b070,FUN_0042b070,155,4,""
0042b110,FUN_0042b110,16,2,""
0042b120,FUN_0042b120,159,4,""
0042b1c0,FUN_0042b1c0,13,2,""
0042b1d0,FUN_0042b1d0,25,2,""
0042b1f0,FUN_0042b1f0,25,2,""
0042b210,FUN_0042b210,13,2,""
0042b220,FUN_0042b220,26,4,""
0042b240,FUN_0042b240,31,2,""
0042b260,FUN_0042b260,24,2,""
0042b280,FUN_0042b280,25,2,""
0042b2e0,FUN_0042b2e0,259,4,""
0042b400,FUN_0042b400,34,4,""
0042b430,FUN_0042b430,13,2,""
0042b440,FUN_0042b440,13,2,""
0042b450,FUN_0042b450,20,2,""
0042b480,FUN_0042b480,21,2,""
0042b4e0,FUN_0042b4e0,170,4,""
0042b5a0,FUN_0042b5a0,34,2,""
0042b640,FUN_0042b640,136,1,""
0042b750,FUN_0042b750,24,2,""
0042b770,FUN_0042b770,205,4,"EnterCriticalSection FUN_0040ab20 FUN_00474710 FUN_00483b30 FUN_00484de0 LeaveCriticalSection"
0042b840,FUN_0042b840,41,5,"FUN_00483f00"
0042b870,FUN_0042b870,70,1,"FUN_004b411a"
0042b8f0,FUN_0042b8f0,70,2,"D3DXVec3Normalize"
0042b940,FUN_0042b940,16,2,""
0042b9d0,FUN_0042b9d0,42,6,"FUN_00483f00"
0042ba10,FUN_0042ba10,25,2,""
0042ba60,FUN_0042ba60,76,1,""
0042bb10,FUN_0042bb10,24,2,""
0042bb40,FUN_0042bb40,18,2,""
0042bb60,FUN_0042bb60,61,1,"FUN_004b411a"
0042bba0,FUN_0042bba0,62,1,"FUN_004b411a"
0042bbe0,FUN_0042bbe0,32,4,""
0042bc00,FUN_0042bc00,32,3,""
0042bd30,FUN_0042bd30,105,1,"EnterCriticalSection FID_conflict:_free FUN_004018f0 LeaveCriticalSection"
0042bdc0,FUN_0042bdc0,242,0,"FUN_0046f4e0"
0042bec0,FUN_0042bec0,174,1,"FUN_0040ba50"
0042bfc0,FUN_0042bfc0,70,1,"FUN_00484280"
0042c010,FUN_0042c010,525,1,"FUN_00484280"
0042c290,FUN_0042c290,127,2,""
0042c310,FUN_0042c310,38,1,""
0042c340,FUN_0042c340,21,1,""
0042c390,FUN_0042c390,46,1,"FUN_00495300"
0042c3c0,FUN_0042c3c0,283,1,"FUN_004013e0 FUN_00401490 FUN_00401830 FUN_00403400 FUN_0042c4e0 FUN_00482140 FUN_0048a697"
0042c4e0,FUN_0042c4e0,320,1,"FUN_00402e00 FUN_00403400 FUN_00431fb0 FUN_00482140"
0042c690,FUN_0042c690,1129,0,"EnterCriticalSection FUN_0040ab20 FUN_00474710 FUN_00483a70 FUN_00484de0 LeaveCriticalSection"
0042cb00,FUN_0042cb00,713,1,"FID_conflict:_free FID_conflict:_free FUN_0042c010 FUN_004828e0 FUN_00484280"
0042cdd0,FUN_0042cdd0,23,1,"FID_conflict:_free FUN_0042c010"
0042cdf0,FUN_0042cdf0,157,0,"FID_conflict:_free FID_conflict:_free FUN_0042c010 FUN_004828e0"
0042ce90,FUN_0042ce90,785,1,"EnterCriticalSection FUN_004018f0 FUN_0042cb00 FUN_00484280 LeaveCriticalSection"
0042d1b0,FUN_0042d1b0,102,0,"FID_conflict:_free FUN_0042c3c0 FUN_0042ce90 FUN_0048a697 FUN_00495300"
0042d220,FUN_0042d220,23,1,"FID_conflict:_free FUN_0042ce90"
0042d240,FUN_0042d240,29,0,"FID_conflict:_free FUN_0042ce90"
0042d260,FUN_0042d260,4663,1,"EnterCriticalSection FUN_00403890 FUN_0040ab20 FUN_00410ea0 FUN_00431ea0 FUN_00431ee0 FUN_00431f10 FUN_00472be0 FUN_00473a00 FUN_00474710 FUN_00483a70 FUN_00484280 FUN_00484320 FUN_00484de0 FUN_004b4d60 FUN_004b4f20 LeaveCriticalSection"
0042e4b0,FUN_0042e4b0,499,1,"FID_conflict:_free FUN_0042c010 FUN_0042f160 FUN_0042f3d0 FUN_0044a7a0 FUN_00468510"
0042e6c0,FUN_0042e6c0,1535,1,"FUN_0040b7c0 FUN_0040b810 FUN_0040b910 FUN_0042c290 FUN_00484280 FUN_00484810"
0042ed10,FUN_0042ed10,1100,2,"FUN_00483f00 FUN_00484280 FUN_00484320 FUN_00495300"
0042f160,FUN_0042f160,501,1,"FUN_0042cdd0 FUN_0042ed10 FUN_00433940 FUN_00449990 FUN_004737b0 FUN_0048a688 FUN_0048a697"
0042f360,FUN_0042f360,109,1,"FUN_0042f3d0"
0042f3d0,FUN_0042f3d0,4461,1,"FUN_004087f0 FUN_00411060 FUN_0041cd60 FUN_0042bfc0 FUN_00430be0 FUN_00430d00 FUN_00430db0 FUN_00431af0 FUN_00433940 FUN_004446e0 FUN_00444810 FUN_00468600 FUN_00472be0 FUN_00482c20 FUN_00483f00 FUN_00484280 FUN_00484320 FUN_00484390 FUN_004845f0 FUN_00484860 FUN_00484c00 FUN_0048b3eb FUN_0048b420"
004305d0,FUN_004305d0,355,2,"FUN_00431af0 FUN_00484280 FUN_00484c00"
00430760,FUN_00430760,549,1,"FUN_00484280"
004309a0,FUN_004309a0,549,1,"FUN_00484280"
00430be0,FUN_00430be0,283,2,"FUN_00432000 FUN_00484280 FUN_00484c00"
00430d00,FUN_00430d00,169,2,"FUN_00484280 FUN_00484c00"
00430db0,FUN_00430db0,44,1,""
00430de0,FUN_00430de0,194,0,"FUN_00430eb0"
00430eb0,FUN_00430eb0,28,2,""
004316d0,FUN_004316d0,151,0,""
00431770,FUN_00431770,141,0,"FUN_00484320"
00431800,FUN_00431800,193,0,"EnterCriticalSection FUN_0040ab20 FUN_00474710 FUN_00483a70 FUN_00484de0 LeaveCriticalSection"
004318d0,FUN_004318d0,219,2,""
004319b0,FUN_004319b0,216,2,""
00431aa0,FUN_00431aa0,32,1,""
00431ae0,FUN_00431ae0,16,2,""
00431af0,FUN_00431af0,475,2,"FUN_00431cd0 FUN_0048a688 FUN_004b4d60 FUN_004b4f20"
00431cd0,FUN_00431cd0,123,2,"FUN_00431af0"
00431d50,FUN_00431d50,23,2,"FUN_00484390"
00431dc0,FUN_00431dc0,20,0,""
00431df0,FUN_00431df0,21,2,"FUN_00484320"
00431e30,FUN_00431e30,29,0,""
00431e50,FUN_00431e50,20,0,""
00431ea0,FUN_00431ea0,38,1,"FUN_00474710"
00431ee0,FUN_00431ee0,32,1,""
00431f10,FUN_00431f10,32,1,""
00431f80,FUN_00431f80,29,1,""
00431fb0,FUN_00431fb0,1,0,""
00431fd0,FUN_00431fd0,43,2,"FUN_00474710"
00432000,FUN_00432000,201,4,"EnterCriticalSection FUN_0040ab20 FUN_00474710 FUN_00483be0 FUN_00484de0 LeaveCriticalSection"
004320d0,FUN_004320d0,16,2,""
00432110,FUN_00432110,33,1,"FUN_00484280"
00432180,FUN_00432180,45,0,""
004321b0,FUN_004321b0,63,1,"FUN_00484320"
00432220,FUN_00432220,27,2,""
00432240,FUN_00432240,27,2,""
00432280,FUN_00432280,24,1,""
004322a0,FUN_004322a0,24,1,""
004322e0,FUN_004322e0,66,0,"FID_conflict:_free"
00432330,FUN_00432330,28,0,""
00432350,FUN_00432350,127,0,""
004323d0,FUN_004323d0,28,0,""
00432410,FUN_00432410,35,1,"FUN_00434330 FUN_00495300"
00432440,FUN_00432440,1489,0,"FUN_004013e0 FUN_00401490 FUN_00401830 FUN_004087f0 FUN_0040d550 FUN_004112e0 FUN_00412880 FUN_00418240 FUN_00418880 FUN_004197f0 FUN_0041ec00 FUN_0042c4e0 FUN_0042d1b0 FUN_004319b0 FUN_00432350 FUN_00434190 FUN_00434fc0 FUN_00436ba0 FUN_00436c30 FUN_00438380 FUN_00438dd0 FUN_00444660 FUN_00444e00 FUN_00445110 FUN_00447d20 FUN_0044ca60 FUN_00450660 FUN_00454740 FUN_004555f0 FUN_0045d4e0 FUN_00474710 Sleep"
00432a30,FUN_00432a30,1223,1,"EnterCriticalSection FID_conflict:_free FUN_004018f0 FUN_0040d290 FUN_00411470 FUN_00412760 FUN_00418700 FUN_00419900 FUN_00419a60 FUN_0041aa40 FUN_0041ce10 FUN_0041ea20 FUN_0042cdf0 FUN_0042ce90 FUN_00433f70 FUN_00434ef0 FUN_00436aa0 FUN_00438ce0 FUN_00447be0 FUN_0044c910 FUN_00450570 FUN_004545d0 FUN_004562e0 FUN_0045d410 FUN_004737b0 LeaveCriticalSection"
00432f00,FUN_00432f00,116,1,"FUN_00434330 FUN_00444ad0 FUN_0048a697 FUN_00495300"
00432f80,FUN_00432f80,39,0,"FID_conflict:_free FUN_00432a30"
00432fd0,FUN_00432fd0,1798,1,"FID_conflict:_free FUN_004013e0 FUN_00401490 FUN_00401830 FUN_00403e90 FUN_00408380 FUN_004087f0 FUN_0040d290 FUN_0040ee20 FUN_004101d0 FUN_00410320 FUN_004125c0 FUN_00419900 FUN_00419a60 FUN_0041e270 FUN_0042c690 FUN_00430de0 FUN_00431770 FUN_004322e0 FUN_004446e0 FUN_004447e0 FUN_00448490 FUN_0044c440 FUN_0044fde0 FUN_004554b0 FUN_0046f4e0 FUN_00471a70 FUN_00474710 FUN_00484320 FUN_0048a697 FUN_00495300"
00433830,FUN_00433830,228,0,"FUN_00467e00 FUN_0046f4e0 FUN_004b434e"
00433920,FUN_00433920,18,1,"FUN_0046f4e0"
00433940,FUN_00433940,1406,0,"FUN_004115f0 FUN_00411920 FUN_00411c50 FUN_0042f160 FUN_004316d0 FUN_004321b0 FUN_00448490 FUN_0044a7a0 FUN_00456620 FUN_00467e00 FUN_0048a688 FUN_0048aff2"
00433ed0,FUN_00433ed0,53,0,""
00433f30,FUN_00433f30,52,1,""
00433f70,FUN_00433f70,76,1,""
00433fd0,FUN_00433fd0,36,0,""
00434060,FUN_00434060,28,2,""
00434080,FUN_00434080,28,2,""
004340a0,FUN_004340a0,25,2,""
004340c0,FUN_004340c0,30,2,""
00434150,FUN_00434150,13,2,""
00434160,FUN_00434160,13,2,""
00434190,FUN_00434190,130,1,"FUN_004319b0"
00434280,FUN_00434280,13,2,""
00434290,FUN_00434290,13,2,""
004342a0,FUN_004342a0,13,2,""
004342b0,FUN_004342b0,13,2,""
004342c0,FUN_004342c0,13,2,""
004342d0,FUN_004342d0,13,2,""
00434330,FUN_00434330,108,1,"FUN_00495300"
004343a0,FUN_004343a0,12,1,"FUN_00434330"
004343c0,FUN_004343c0,13,2,""
004343d0,FUN_004343d0,13,2,""
00434410,FUN_00434410,45,3,"FUN_00432000"
00434440,FUN_00434440,24,2,"FUN_00484320"
00434460,FUN_00434460,24,2,"FUN_00484390"
00434480,FUN_00434480,24,2,"FUN_00484390"
004344a0,FUN_004344a0,23,3,"FUN_00484390"
004344c0,FUN_004344c0,80,1,"FUN_00495300"
004345c0,FUN_004345c0,246,1,"FUN_004013e0 FUN_00401490 FUN_00401830 FUN_00444ad0 FUN_0048a697"
004346c0,FUN_004346c0,231,1,"EnterCriticalSection FID_conflict:_free FUN_004018f0 FUN_004828e0 LeaveCriticalSection"
004347b0,FUN_004347b0,136,0,"FID_conflict:_free FUN_004345c0 FUN_004346c0 FUN_0048a697 FUN_00495300"
00434840,FUN_00434840,23,1,"FID_conflict:_free FUN_004346c0"
00434860,FUN_00434860,29,0,"FID_conflict:_free FUN_004346c0"
00434880,FUN_00434880,1175,1,"FID_conflict:_free FUN_00403b10 FUN_004087f0 FUN_0041a870 FUN_00432000 FUN_00444ad0 FUN_00472be0 FUN_00481990 FUN_00484320 FUN_00484390 FUN_00484a40 FUN_0048aff2"
00434d80,FUN_00434d80,22,2,""
00434dc0,FUN_00434dc0,36,0,""
00434e30,FUN_00434e30,40,1,"FUN_0040cdb0"
00434e60,FUN_00434e60,63,1,"FID_conflict:_free"
00434ef0,FUN_00434ef0,203,1,"EnterCriticalSection FUN_004018f0 LeaveCriticalSection `eh_vector_destructor_iterator'"
00434fc0,FUN_00434fc0,217,0,"FUN_004013e0 FUN_00401490 FUN_00401830 FUN_00419900 FUN_0048a697 FUN_0048b092 FUN_00495300"
004350a0,FUN_004350a0,23,1,"FID_conflict:_free FUN_00434ef0"
004350c0,FUN_004350c0,29,0,"FID_conflict:_free FUN_00434ef0"
004350e0,FUN_004350e0,2334,1,"FUN_0040ab20 FUN_004196e0 FUN_00435a40 FUN_00435b30 FUN_00435c10 FUN_00435d30 FUN_00436320 FUN_00436480 FUN_00436590 FUN_004365e0 FUN_00447410 FUN_004474e0 FUN_00447530 FUN_0044e6d0 FUN_0045daf0 FUN_00472c80 FUN_00474710 FUN_00484280 FUN_00484320 FUN_004848e0 FUN_004b411a"
00435a40,FUN_00435a40,232,1,"FUN_00447310 FUN_0045daf0 FUN_00472c80"
00435b30,FUN_00435b30,215,1,"FUN_00430eb0 FUN_0045daf0 FUN_00472c80"
00435c10,FUN_00435c10,288,1,"FUN_00447310 FUN_0045daf0 FUN_00472c80"
00435d30,FUN_00435d30,391,1,"FUN_0045daf0"
00436030,FUN_00436030,642,4,"FUN_004087f0 FUN_004365e0"
004362c0,FUN_004362c0,87,1,"FUN_0040ab20 FUN_00474710"
00436320,FUN_00436320,279,1,"EnterCriticalSection FUN_0040ab20 FUN_00472be0 FUN_00474710 FUN_00483a70 FUN_00484de0 LeaveCriticalSection"
00436480,FUN_00436480,44,1,""
00436500,FUN_00436500,30,1,""
00436520,FUN_00436520,45,2,""
00436560,FUN_00436560,15,1,""
00436590,FUN_00436590,40,0,""
004365e0,FUN_004365e0,32,3,""
00436600,FUN_00436600,105,2,""
00436670,FUN_00436670,55,2,"FUN_00483f00"
004366b0,FUN_004366b0,38,2,"FUN_00484320"
004366e0,FUN_004366e0,25,3,"FUN_00484390"
00436700,FUN_00436700,121,4,"FUN_00474710 FUN_00484280 FUN_00484c00"
00436780,FUN_00436780,99,4,"FUN_00484280 FUN_00484c00"
004367f0,FUN_004367f0,43,2,"FUN_00484280"
00436820,FUN_00436820,82,2,"FUN_00484390"
00436890,FUN_00436890,27,3,"FUN_00484390"
004368d0,FUN_004368d0,27,2,""
004368f0,FUN_004368f0,41,0,"FUN_00403400 FUN_00482140"
00436960,FUN_00436960,183,1,"FUN_00495300"
00436a20,FUN_00436a20,120,1,"FUN_004013e0 FUN_00401490 FUN_00401830 FUN_00403400 FUN_00436600 FUN_00482140"
00436aa0,FUN_00436aa0,248,1,"EnterCriticalSection FUN_004018f0 LeaveCriticalSection"
00436ba0,FUN_00436ba0,70,0,"FID_conflict:_free FUN_00436960 FUN_00436a20 FUN_00436aa0 FUN_0048a697"
00436bf0,FUN_00436bf0,23,1,"FID_conflict:_free FUN_00436aa0"
00436c30,FUN_00436c30,626,1,"FUN_0041a870 FUN_00436600 FUN_00438380 FUN_004385a0 FUN_00483f00"
00436eb0,FUN_00436eb0,37,0,"FUN_0041a870 FUN_00436600"
00436ee0,FUN_00436ee0,131,0,"FUN_00436600 FUN_00484320"
00436f70,FUN_00436f70,3754,1,"FUN_00403b10 FUN_0041a830 FUN_0041a870 FUN_00436600 FUN_00436670 FUN_00436700 FUN_00436780 FUN_004562e0 FUN_00456620 FUN_00472be0 FUN_00483f00 FUN_00484280 FUN_00484320 FUN_00484390 FUN_004845f0"
00437e40,FUN_00437e40,1232,1,"FUN_0040b7c0 FUN_0040b810 FUN_00436780 FUN_00484280 FUN_00484f20"
00438350,FUN_00438350,39,0,""
00438380,FUN_00438380,161,1,"FUN_00484280"
00438430,FUN_00438430,133,1,"FUN_00436700"
004384c0,FUN_004384c0,17,2,""
004384e0,FUN_004384e0,13,2,""
004384f0,FUN_004384f0,20,1,""
00438510,FUN_00438510,20,1,""
00438530,FUN_00438530,13,2,""
00438540,FUN_00438540,20,1,""
00438560,FUN_00438560,20,1,""
00438580,FUN_00438580,17,2,""
004385a0,FUN_004385a0,88,2,""
00438660,FUN_00438660,16,2,""
00438670,FUN_00438670,3,0,""
00438680,FUN_00438680,76,2,"FUN_00442e90"
004386d0,FUN_004386d0,1,0,""
004386e0,FUN_004386e0,3,0,""
004386f0,FUN_004386f0,5,0,""
00438700,FUN_00438700,3,0,""
00438710,FUN_00438710,3,0,""
00438720,FUN_00438720,25,1,""
00438740,FUN_00438740,5,0,""
00438750,FUN_00438750,5,0,""
00438760,FUN_00438760,5,0,""
00438770,FUN_00438770,5,0,""
00438780,FUN_00438780,5,0,""
00438790,FUN_00438790,5,0,""
004387a0,FUN_004387a0,5,0,""
004387b0,FUN_004387b0,3,0,""
004387c0,FUN_004387c0,3,0,""
004387d0,FUN_004387d0,3,0,""
004387e0,FUN_004387e0,3,0,""
004387f0,FUN_004387f0,3,0,""
00438800,FUN_00438800,3,0,""
00438810,FUN_00438810,3,0,""
00438820,FUN_00438820,3,0,""
00438830,FUN_00438830,3,0,""
00438840,FUN_00438840,3,0,""
00438850,FUN_00438850,3,0,""
00438860,FUN_00438860,130,1,"FUN_00495300"
004388f0,FUN_004388f0,25,2,""
00438910,FUN_00438910,84,3,"FUN_00442e90"
00438970,FUN_00438970,25,2,""
00438990,FUN_00438990,86,1,"FUN_0048a697"
004389f0,FUN_004389f0,84,3,"FUN_00442e90"
00438a60,FUN_00438a60,84,3,"FUN_00442e90"
00438ac0,FUN_00438ac0,84,3,"FUN_00442e90"
00438b20,FUN_00438b20,25,2,""
00438b40,FUN_00438b40,34,2,""
00438b70,FUN_00438b70,57,2,""
00438bb0,FUN_00438bb0,23,0,""
00438bd0,FUN_00438bd0,39,0,""
00438c00,FUN_00438c00,34,1,"FUN_00484280"
00438c30,FUN_00438c30,47,1,"FUN_00438860 FUN_00495300"
00438c60,FUN_00438c60,123,1,"FUN_004013e0 FUN_00401490 FUN_00401830 FUN_00403400 FUN_00482140"
00438ce0,FUN_00438ce0,240,1,"EnterCriticalSection FID_conflict:_free FUN_004018f0 LeaveCriticalSection"
00438dd0,FUN_00438dd0,103,0,"FID_conflict:_free FUN_00438860 FUN_00438c60 FUN_00438ce0 FUN_0048a697 FUN_00495300"
00438e40,FUN_00438e40,23,1,"FID_conflict:_free FUN_00438ce0"
00438e80,FUN_00438e80,242,1,"FID_conflict:_free"
00438fb0,FUN_00438fb0,102,1,"FUN_00438e80"
00439060,FUN_00439060,316,2,"FUN_004391b0 FUN_00439200 FUN_00439250 FUN_00439290 FUN_004427d0 FUN_0048a697"
004391b0,FUN_004391b0,73,1,"FUN_0040cdb0 FUN_00438860 FUN_00495300"
00439200,FUN_00439200,71,1,"FUN_0040cdb0 FUN_00438860 FUN_00495300"
00439250,FUN_00439250,51,1,"FUN_0040cdb0 FUN_00438860 FUN_00495300"
00439290,FUN_00439290,62,1,"FUN_0040cdb0 FUN_00438860 FUN_00495300"
004392d0,FUN_004392d0,142,2,""
00439360,FUN_00439360,147,6,""
00439400,FUN_00439400,137,0,""
00439490,FUN_00439490,113,3,""
00439510,FUN_00439510,66,2,""
00439560,FUN_00439560,74,2,""
004395b0,FUN_004395b0,886,2,"FUN_0040ab20 FUN_0040c980 FUN_00442e90 FUN_00472c80 FUN_00473de0 FUN_00474710"
00439970,FUN_00439970,1765,1,"FUN_0040ab20 FUN_00415660 FUN_00442e90 FUN_0044e5b0 FUN_00472be0 FUN_00472c80 FUN_00474710 FUN_0048a688 FUN_00495300"
0043a060,FUN_0043a060,1213,1,"FUN_00403890 FUN_004058a0 FUN_00439060 FUN_00442e90 FUN_00472be0 FUN_0048a688"
0043a520,FUN_0043a520,386,1,"FUN_00442e90 FUN_00472be0"
0043a6b0,FUN_0043a6b0,356,1,"FUN_004b411a"
0043a820,FUN_0043a820,1076,1,"FUN_00442e90 FUN_00474710"
0043ac60,FUN_0043ac60,514,2,"FUN_00405c70 FUN_00408380 FUN_00442e90 FUN_0044e990 FUN_0044f6f0 FUN_0048a688"
0043ae70,FUN_0043ae70,289,1,"FUN_00442e90 FUN_0047db40"
0043afa0,FUN_0043afa0,3,0,""
0043afb0,FUN_0043afb0,2261,6,"EnterCriticalSection FUN_0040ab20 FUN_004172e0 FUN_004391b0 FUN_00442e90 FUN_00474710 FUN_00483a70 FUN_00484de0 FUN_0048a688 FUN_0048a697 FUN_00495300 FUN_004b4d60 FUN_004b4f20 LeaveCriticalSection"
0043b890,FUN_0043b890,1627,7,"FUN_00442e90 FUN_00484280 FUN_0048a688 FUN_004b4d60 FUN_004b4f20"
0043bef0,FUN_0043bef0,1764,5,"EnterCriticalSection FUN_0040ab20 FUN_004172e0 FUN_004391b0 FUN_00442e90 FUN_00474710 FUN_00483a70 FUN_00484de0 FUN_0048a688 FUN_0048a697 FUN_00495300 LeaveCriticalSection"
0043c5e0,FUN_0043c5e0,896,3,"EnterCriticalSection FUN_0040ab20 FUN_004172e0 FUN_00442e90 FUN_00474710 FUN_00483a70 FUN_00484de0 LeaveCriticalSection"
0043c960,FUN_0043c960,246,3,"FUN_004b4d60 FUN_004b4f20"
0043ca60,FUN_0043ca60,623,2,"FUN_0040ab20 FUN_0040c980 FUN_00442e90 FUN_00472c80 FUN_00473de0 FUN_00474710"
0043ccd0,FUN_0043ccd0,670,1,"FUN_004087f0 FUN_00411060 FUN_00474710"
0043cf80,FUN_0043cf80,463,2,"FUN_00405c70 FUN_00408380 FUN_00442e90 FUN_0044e990 FUN_0044f6f0 FUN_0048a688"
0043d150,FUN_0043d150,202,1,"FUN_0047db40"
0043d220,FUN_0043d220,3,0,""
0043d230,FUN_0043d230,2186,6,"EnterCriticalSection FUN_0040ab20 FUN_004172e0 FUN_004391b0 FUN_00442e90 FUN_00474710 FUN_00483a70 FUN_00484de0 FUN_0048a688 FUN_0048a697 FUN_00495300 FUN_004b4d60 FUN_004b4f20 LeaveCriticalSection"
0043dad0,FUN_0043dad0,1468,7,"FUN_00442e90 FUN_00484280 FUN_0048a688 FUN_004b4d60 FUN_004b4f20"
0043e090,FUN_0043e090,1907,5,"EnterCriticalSection FUN_0040ab20 FUN_004172e0 FUN_004391b0 FUN_00442e90 FUN_00474710 FUN_00483a70 FUN_00484de0 FUN_0048a688 FUN_0048a697 FUN_00495300 LeaveCriticalSection"
0043e810,FUN_0043e810,1038,3,"EnterCriticalSection FUN_0040ab20 FUN_004172e0 FUN_00442e90 FUN_00474710 FUN_00483a70 FUN_00484de0 LeaveCriticalSection"
0043ec20,FUN_0043ec20,246,3,"FUN_004b4d60 FUN_004b4f20"
0043ed20,FUN_0043ed20,195,1,""
0043edf0,FUN_0043edf0,672,1,"FUN_00442e90 FUN_0044eb70"
0043f090,FUN_0043f090,1646,2,"FUN_0040ab20 FUN_0040c980 FUN_0043fe40 FUN_004402c0 FUN_00442e90 FUN_00472c80 FUN_00473de0 FUN_00474710 FUN_0048a697 _malloc"
0043f700,FUN_0043f700,96,2,""
0043f760,FUN_0043f760,96,1,"FID_conflict:_free FID_conflict:_free"
0043f7c0,FUN_0043f7c0,1127,1,"FUN_0043fe40 FUN_004402c0 FUN_00442e90 FUN_00474710"
0043fc30,FUN_0043fc30,514,2,"FUN_00442e90 FUN_0044e990 FUN_0044f6f0 FUN_0048a688"
0043fe40,FUN_0043fe40,1138,5,"FUN_00442e90 FUN_004b411a FUN_004b5460 __libm_sse2_sqrt_precise"
004402c0,FUN_004402c0,978,8,"FUN_00442e90 FUN_004b411a FUN_004b5460 __libm_sse2_sqrt_precise"
004406a0,FUN_004406a0,123,9,"FUN_0043fe40 FUN_004402c0"
00440720,FUN_00440720,1360,1,"FUN_00442e90 FUN_0047d5f0 FUN_0047db40"
00440c80,FUN_00440c80,1758,1,"FUN_004087f0 FUN_0040ab20 FUN_00415660 FUN_00438990 FUN_0043fe40 FUN_00442e90 FUN_00472c80 FUN_00474710 FUN_0048a688 FUN_00495300"
00441390,FUN_00441390,386,1,"FUN_00442e90 FUN_00472be0"
00441520,FUN_00441520,297,1,"FUN_00442e90"
00441650,FUN_00441650,356,1,"FUN_004b411a"
004417c0,FUN_004417c0,127,1,""
00441840,FUN_00441840,1298,6,"EnterCriticalSection FID_conflict:_free FUN_0040ab20 FUN_004172e0 FUN_00439290 FUN_00474710 FUN_00483a70 FUN_00484de0 FUN_0048a688 FUN_0048a697 FUN_00495300 FUN_004b4d60 FUN_004b4f20 LeaveCriticalSection _malloc"
00441d60,FUN_00441d60,1219,7,"FUN_00484280 FUN_004b4d60 FUN_004b4f20"
00442230,FUN_00442230,818,5,"EnterCriticalSection FUN_0040ab20 FUN_004172e0 FUN_00474710 FUN_00483a70 FUN_00484de0 FUN_0048a688 FUN_00495300 LeaveCriticalSection"
00442570,FUN_00442570,316,3,"EnterCriticalSection FUN_0040ab20 FUN_00474710 FUN_00483a70 FUN_00484de0 LeaveCriticalSection"
004426b0,FUN_004426b0,246,3,"FUN_004b4d60 FUN_004b4f20"
004427d0,FUN_004427d0,807,2,"FUN_00495300"
00442b00,FUN_00442b00,3,0,""
00442b10,FUN_00442b10,3,0,""
00442b20,FUN_00442b20,3,0,""
00442b40,FUN_00442b40,5,0,""
00442b60,FUN_00442b60,27,3,""
00442b80,FUN_00442b80,5,0,""
00442b90,FUN_00442b90,1,0,""
00442bb0,FUN_00442bb0,92,2,""
00442c10,FUN_00442c10,94,2,""
00442c70,FUN_00442c70,19,0,""
00442c90,FUN_00442c90,43,1,"__libm_sse2_sqrt_precise"
00442e50,FUN_00442e50,61,1,"FUN_004b411a"
00442e90,FUN_00442e90,32,3,""
00442eb0,FUN_00442eb0,75,1,"FUN_0040cdb0 FUN_00495300"
00442f00,FUN_00442f00,125,0,"FUN_00403400 FUN_0041ab40 FUN_0041ae60 FUN_004368f0 FUN_0044c8a0 FUN_00467b30 FUN_00482140"
00442f80,FUN_00442f80,301,0,"FID_conflict:_free FUN_0041ad40 FUN_004828e0"
004430b0,FUN_004430b0,332,0,"FID_conflict:_free FUN_00402e00 FUN_00402fc0 FUN_00403400 FUN_0040b0d0 FUN_0040b160 FUN_0040b2b0 FUN_00442f00 FUN_00455f90 FUN_00472560 FUN_00472a90 FUN_00482140 FUN_0048a697"
00443200,FUN_00443200,125,1,"FUN_004013e0 FUN_00401490 FUN_00401830 FUN_00403e90 FUN_0048abd9"
00443280,FUN_00443280,483,1,"EnterCriticalSection FID_conflict:_free FID_conflict:_free FUN_004018f0 FUN_00403e90 FUN_0040b2b0 FUN_00442f80 FUN_004562e0 FUN_004828e0 LeaveCriticalSection"
00443470,FUN_00443470,131,0,"FID_conflict:_free FUN_0040cdb0 FUN_00443200 FUN_00443280 FUN_0048a697 FUN_00495300"
00443500,FUN_00443500,23,1,"FID_conflict:_free FUN_00443280"
00443540,FUN_00443540,98,1,"FUN_00446460"
004435b0,FUN_004435b0,240,1,"EnterCriticalSection FUN_0040ab20 FUN_0041ce10 FUN_00474710 FUN_00483a70 FUN_00484de0 LeaveCriticalSection"
004436c0,FUN_004436c0,48,0,""
004436f0,FUN_004436f0,16,2,""
00443740,FUN_00443740,174,1,"FUN_00401fa0 FUN_004458a0 FUN_00446920 FUN_00472df0 FUN_004827d0"
004437f0,FUN_004437f0,163,0,"FUN_00402e00 FUN_004034d0 FUN_00468a80 FUN_0048a688 FUN_0048aff2"
004438a0,FUN_004438a0,343,0,"CreateThread FUN_00401490 FUN_00401830 FUN_0040cdb0 FUN_004437f0 FUN_00445590 FUN_0046bf00 FUN_004808c0 FUN_0048a697 FUN_00495300 timeGetTime"
00443a00,FUN_00443a00,560,1,"DeleteObject FID_conflict:_free FID_conflict:_free FUN_00403e90 FUN_0042bd30 FUN_00443c30 FUN_004562e0 FUN_00468ba0 FUN_0046ad40 FUN_00472df0 FUN_004737b0"
00443c30,FUN_00443c30,299,0,"FID_conflict:_free FUN_0041ad40 FUN_0041bda0 FUN_00432a30 FUN_004346c0 FUN_00436aa0 FUN_00443280 FUN_00446d00 FUN_004545d0 FUN_0045f370 FUN_00467a30 FUN_00468510"
00443d60,FUN_00443d60,389,0,"FUN_004013e0 FUN_00401490 FUN_00401830"
00443ef0,FUN_00443ef0,564,1,"FUN_00403400 FUN_00446900 FUN_0048cb20 FUN_00495300 Sleep __beginthread _malloc"
00444130,FUN_00444130,528,0,"CloseHandle FID_conflict:_free FUN_00403180 LeaveCriticalSection WriteFile"
00444340,FUN_00444340,796,1,"FID_conflict:_free FUN_00402e00 FUN_00403040 FUN_00403400 FUN_004034d0 FUN_0048b1da FUN_00495300"
00444660,FUN_00444660,123,2,"FUN_004737b0 FUN_0048a688"
004446e0,FUN_004446e0,73,2,"FUN_004737b0"
00444750,FUN_00444750,136,2,"FUN_004737b0 FUN_0048a688"
004447e0,FUN_004447e0,41,0,"FUN_004737b0"
00444810,FUN_00444810,59,0,"FUN_004737b0"
00444850,FUN_00444850,121,2,"FUN_004737b0 FUN_0048a688"
004448d0,FUN_004448d0,55,1,"FUN_0047a8c0"
00444910,FUN_00444910,55,1,"FUN_0047a8c0"
00444950,FUN_00444950,55,1,"FUN_0047a8c0"
00444990,FUN_00444990,55,1,"FUN_0047a8c0"
004449d0,FUN_004449d0,40,3,"FUN_0047a8c0"
00444a20,FUN_00444a20,171,4,"FUN_0048b420 FUN_0048b766 _strncmp"
00444ad0,FUN_00444ad0,122,2,"EnterCriticalSection FUN_00403e90 FUN_0048abd9 LeaveCriticalSection"
00444b60,FUN_00444b60,660,2,"EnterCriticalSection FUN_0040ab20 FUN_00474710 FUN_00483a70 FUN_00484280 FUN_00484de0 LeaveCriticalSection"
00444e00,FUN_00444e00,103,1,"FUN_00484320"
00444e70,FUN_00444e70,660,2,"EnterCriticalSection FUN_0040ab20 FUN_00474710 FUN_00483a70 FUN_00484280 FUN_00484de0 LeaveCriticalSection"
00445110,FUN_00445110,103,1,"FUN_00484320"
00445190,FUN_00445190,106,1,"FUN_0047a8c0"
00445200,FUN_00445200,443,1,"D3DXMatrixLookAtLH D3DXMatrixPerspectiveFovLH FUN_00446800 FUN_0048a688"
004453c0,FUN_004453c0,463,1,"D3DXMatrixLookAtLH D3DXMatrixPerspectiveFovLH D3DXVec3Normalize FUN_0047a8c0 FUN_0048a688"
00445590,FUN_00445590,765,1,"FUN_00445200"
004458a0,FUN_004458a0,584,1,"EnterCriticalSection FUN_004073d0 FUN_0041bf70 FUN_0041bff0 FUN_00432f00 FUN_00432f80 FUN_00443470 FUN_00443c30 FUN_004467e0 FUN_0045f630 FUN_0045f6a0 LeaveCriticalSection"
00445b60,FUN_00445b60,432,1,"FUN_00445190 FUN_0048a688"
00445e20,FUN_00445e20,153,0,"FUN_0047a8c0 FUN_0048a688"
00445fc0,FUN_00445fc0,153,0,"FUN_0047a8c0 FUN_0048a688"
00446110,FUN_00446110,202,0,"FUN_0047a8c0 FUN_0048a688"
004462e0,FUN_004462e0,189,2,"FUN_00483f00 FUN_00484280 _malloc"
004463a0,FUN_004463a0,190,2,"FUN_00483f00 FUN_00484280 _malloc"
00446460,FUN_00446460,612,1,"FUN_0040ab20 FUN_00474710"
004466d0,FUN_004466d0,125,0,""
004467e0,FUN_004467e0,27,0,""
00446800,FUN_00446800,23,1,"FUN_004b51f0"
004468b0,FUN_004468b0,25,1,""
004468d0,FUN_004468d0,42,0,""
00446900,FUN_00446900,1,0,""
00446910,FUN_00446910,14,2,""
00446920,FUN_00446920,217,0,"FUN_00486470"
00446a40,FUN_00446a40,16,2,""
00446a50,FUN_00446a50,58,2,"FUN_00483f00"
00446a90,FUN_00446a90,24,2,"FUN_00484320"
00446ab0,FUN_00446ab0,80,1,"FUN_00495300"
00446c00,FUN_00446c00,246,1,"FUN_004013e0 FUN_00401490 FUN_00401830 FUN_00444ad0 FUN_0048a697"
00446d00,FUN_00446d00,276,1,"EnterCriticalSection FID_conflict:_free FUN_004018f0 FUN_004828e0 LeaveCriticalSection"
00446e20,FUN_00446e20,147,1,"FID_conflict:_free FUN_00446c00 FUN_00446d00 FUN_0048a697 FUN_00495300"
00446ec0,FUN_00446ec0,23,1,"FID_conflict:_free FUN_00446d00"
00446ee0,FUN_00446ee0,29,0,"FID_conflict:_free FUN_00446d00"
00446f00,FUN_00446f00,900,1,"EnterCriticalSection FID_conflict:_free FUN_00403b10 FUN_004087f0 FUN_0040ab20 FUN_0041a870 FUN_00444ad0 FUN_00446a50 FUN_00472be0 FUN_00474710 FUN_00481990 FUN_00483a70 FUN_00484320 FUN_00484a40 FUN_00484de0 FUN_0048aff2 LeaveCriticalSection"
00447310,FUN_00447310,109,1,"FUN_00430eb0"
004473c0,FUN_004473c0,57,2,"FUN_004319b0"
00447410,FUN_00447410,179,0,"FUN_004318d0 FUN_004319b0 FUN_004474e0"
004474e0,FUN_004474e0,69,0,"FUN_004319b0 FUN_00472be0"
00447530,FUN_00447530,77,0,"FUN_004319b0 FUN_004474e0"
004475c0,FUN_004475c0,100,2,""
00447630,FUN_00447630,78,2,""
00447680,FUN_00447680,42,0,""
004476d0,FUN_004476d0,33,0,""
00447730,FUN_00447730,156,1,"FUN_0040cdb0 FUN_00495300"
004477d0,FUN_004477d0,942,1,"FUN_004013e0 FUN_00401490 FUN_00401830 FUN_00402e00 FUN_0040ab20 FUN_00474710 FUN_0048a688 FUN_0048b766"
00447bb0,FUN_00447bb0,36,0,""
00447be0,FUN_00447be0,313,1,"EnterCriticalSection FID_conflict:_free FID_conflict:_free FUN_004018f0 FUN_004545d0 LeaveCriticalSection"
00447d20,FUN_00447d20,70,0,"FID_conflict:_free FUN_00447730 FUN_004477d0 FUN_00447be0 FUN_0048a697"
00447d70,FUN_00447d70,23,1,"FID_conflict:_free FUN_00447be0"
00447db0,FUN_00447db0,269,1,"FUN_00448290 FUN_004486c0 FUN_00449c60 FUN_0044aae0 FUN_0044b960"
00447ed0,FUN_00447ed0,394,2,"FUN_0040b7c0"
00448190,FUN_00448190,61,1,"FUN_00483f00"
004481d0,FUN_004481d0,183,0,"FUN_0047a8c0 FUN_0047db40"
00448290,FUN_00448290,498,1,"FUN_00430760 FUN_00433830 FUN_00433f70 FUN_00472be0 FUN_00472df0 FUN_00483f00 FUN_00484320"
00448490,FUN_00448490,428,0,"FUN_00433f70 FUN_00483f00 FUN_00484320"
00448640,FUN_00448640,125,1,"FUN_004309a0 FUN_0046f4e0"
004486c0,FUN_004486c0,2917,1,"FUN_00403a80 FUN_00403ac0 FUN_00403b10 FUN_004087f0 FUN_0041a830 FUN_0041a870 FUN_0041af40 FUN_0041ce10 FUN_00431f80 FUN_004347b0 FUN_00434860 FUN_00436c30 FUN_00436ee0 FUN_00438350 FUN_00438380 FUN_004385a0 FUN_004475c0 FUN_00447630 FUN_00448640 FUN_004492a0 FUN_004494d0 FUN_00454800 FUN_00472be0 FUN_00484320 FUN_00484390 FUN_004846f0 FUN_00484730 FUN_00484c60 FUN_0048a688 FUN_0048aff2"
004492a0,FUN_004492a0,548,2,"FID_conflict:_free FUN_00403ac0 FUN_00403b10 FUN_0041a870 FUN_004545d0 FUN_00472be0 FUN_00484320 FUN_004846f0 FUN_0048b338"
004494d0,FUN_004494d0,674,2,"FID_conflict:_free FUN_00403b10 FUN_0041a870 FUN_00447630 FUN_004545d0 FUN_00454800 FUN_00454c00 FUN_00472be0 FUN_0048a688 FUN_0048aff2"
00449780,FUN_00449780,269,1,"FUN_0040b7c0 FUN_0048b86f"
00449890,FUN_00449890,250,1,"FUN_0040b7c0 FUN_00447ed0 FUN_0048b86f"
00449990,FUN_00449990,626,1,"FUN_00433830 FUN_00433f70 FUN_004475c0 FUN_00467e00 FUN_00472be0 FUN_00472df0 FUN_00483f00"
00449c20,FUN_00449c20,44,1,""
00449c60,FUN_00449c60,2780,1,"FUN_00403610 FUN_00403a80 FUN_00403b10 FUN_004087f0 FUN_0041a830 FUN_0041a870 FUN_0041af40 FUN_0041b990 FUN_0041ce10 FUN_004347b0 FUN_00434860 FUN_00436c30 FUN_00436ee0 FUN_00438350 FUN_00438380 FUN_004385a0 FUN_00447630 FUN_00447680 FUN_004492a0 FUN_004494d0 FUN_00449c20 FUN_00454800 FUN_0046f4e0 FUN_00472be0 FUN_00482e40 FUN_00483f00 FUN_00484280 FUN_00484320 FUN_00484390 FUN_004846f0 FUN_00484730 FUN_00484c60 FUN_0048a688 FUN_0048aff2"
0044a7a0,FUN_0044a7a0,819,0,"FUN_00433830 FUN_00433f70 FUN_004475c0 FUN_00472be0 FUN_00472df0 FUN_00483f00 FUN_00484280 FUN_00484390 FUN_00484c00"
0044aae0,FUN_0044aae0,2405,1,"FUN_00403a80 FUN_00403b10 FUN_004087f0 FUN_0041a830 FUN_0041a870 FUN_0041af40 FUN_0041b990 FUN_0041ce10 FUN_004347b0 FUN_00434860 FUN_00436c30 FUN_00436ee0 FUN_00438350 FUN_00438380 FUN_004385a0 FUN_00446e20 FUN_00446ee0 FUN_00447630 FUN_00447680 FUN_004476d0 FUN_004492a0 FUN_004494d0 FUN_00449c20 FUN_0044b7b0 FUN_00454800 FUN_0046f4e0 FUN_00472be0 FUN_00484320 FUN_00484390 FUN_004846f0 FUN_00484730 FUN_00484c60 FUN_0048a688 FUN_0048aff2"
0044b4a0,FUN_0044b4a0,513,1,"FUN_0040b810 FUN_00449780 FUN_00449890 FUN_00484c60 FUN_00484f20"
0044b710,FUN_0044b710,92,3,""
0044b7b0,FUN_0044b7b0,47,2,""
0044b820,FUN_0044b820,16,2,""
0044b830,FUN_0044b830,13,2,""
0044b840,FUN_0044b840,16,2,""
0044b850,FUN_0044b850,16,2,""
0044b880,FUN_0044b880,17,2,""
0044b8a0,FUN_0044b8a0,9,2,"FUN_00403b10"
0044b8b0,FUN_0044b8b0,17,2,"FUN_00403b10"
0044b940,FUN_0044b940,21,1,""
0044b960,FUN_0044b960,37,0,""
0044b9a0,FUN_0044b9a0,63,1,"FUN_00484320"
0044ba00,FUN_0044ba00,31,2,""
0044ba30,FUN_0044ba30,49,2,""
0044ba70,FUN_0044ba70,30,2,""
0044baa0,FUN_0044baa0,27,2,""
0044bad0,FUN_0044bad0,28,2,""
0044bb00,FUN_0044bb00,28,2,""
0044bb30,FUN_0044bb30,28,2,""
0044bb60,FUN_0044bb60,30,2,""
0044bba0,FUN_0044bba0,284,1,"FUN_004072f0 FUN_0040cdb0 FUN_00495300"
0044bd00,FUN_0044bd00,1840,1,"FUN_004013e0 FUN_00401490 FUN_00401830 FUN_00403400 FUN_0040ab20 FUN_0044e450 FUN_00474710 FUN_00482140"
0044c440,FUN_0044c440,1112,0,"FUN_004318d0 FUN_00484280"
0044c8a0,FUN_0044c8a0,41,0,"FUN_00403400 FUN_00482140"
0044c910,FUN_0044c910,325,1,"EnterCriticalSection FID_conflict:_free FUN_004018f0 LeaveCriticalSection"
0044ca60,FUN_0044ca60,150,0,"FID_conflict:_free FUN_0044bba0 FUN_0044bd00 FUN_0044c910 FUN_0048a697"
0044cb00,FUN_0044cb00,23,1,"FID_conflict:_free FUN_0044c910"
0044cb20,FUN_0044cb20,29,0,"FID_conflict:_free FUN_0044c910"
0044cb40,FUN_0044cb40,2548,1,"EnterCriticalSection FUN_0040ab20 FUN_00474710 FUN_00483a70 FUN_00484280 FUN_00484320 FUN_00484de0 LeaveCriticalSection"
0044d540,FUN_0044d540,3595,1,"FUN_00403fb0 FUN_004040d0 FUN_004087f0 FUN_00417540 FUN_00417e00 FUN_0041ddf0 FUN_004319b0 FUN_00439490 FUN_00439510 FUN_00448490 FUN_00449990 FUN_0044cb40 FUN_0044ef20 FUN_0044f410 FUN_00451130 FUN_00451500 FUN_00474710 FUN_00484280"
0044e450,FUN_0044e450,172,2,"FUN_00402e00"
0044e510,FUN_0044e510,153,1,"FUN_004b411a"
0044e5b0,FUN_0044e5b0,153,1,"FUN_004b411a"
0044e650,FUN_0044e650,117,2,"FUN_004b411a"
0044e6d0,FUN_0044e6d0,123,1,"FUN_004b411a"
0044e750,FUN_0044e750,296,3,"FUN_0044f140"
0044e880,FUN_0044e880,267,2,"FUN_0044f140"
0044e990,FUN_0044e990,472,4,"FUN_0044f140 FUN_004b4d60 FUN_004b4f20"
0044eb70,FUN_0044eb70,404,3,"FUN_004b4d60 FUN_004b4f20"
0044ed10,FUN_0044ed10,515,4,"FUN_0044f140 FUN_004b4d60 FUN_004b4f20"
0044ef20,FUN_0044ef20,527,1,"EnterCriticalSection FUN_0040ab20 FUN_004318d0 FUN_00474710 FUN_00483a70 FUN_00484320 FUN_00484de0 LeaveCriticalSection"
0044f140,FUN_0044f140,437,1,"EnterCriticalSection FUN_0040ab20 FUN_00472be0 FUN_00474710 FUN_00483a70 FUN_00484de0 LeaveCriticalSection"
0044f390,FUN_0044f390,121,1,""
0044f410,FUN_0044f410,306,4,"FUN_00495300"
0044f550,FUN_0044f550,402,4,"FUN_00495300"
0044f6f0,FUN_0044f6f0,316,1,"EnterCriticalSection FUN_004037b0 FUN_0040ab20 FUN_00436030 FUN_00472c80 FUN_00474710 FUN_00483a70 FUN_00484de0 LeaveCriticalSection"
0044f830,FUN_0044f830,239,0,"FUN_004321b0 FUN_0044b9a0"
0044f9d0,FUN_0044f9d0,33,2,""
0044fa00,FUN_0044fa00,57,2,""
0044fa40,FUN_0044fa40,33,3,""
0044fa90,FUN_0044fa90,30,3,""
0044fab0,FUN_0044fab0,28,3,""
0044fad0,FUN_0044fad0,56,2,""
0044fb10,FUN_0044fb10,20,3,""
0044fb30,FUN_0044fb30,30,3,""
0044fb50,FUN_0044fb50,15,1,""
0044fb60,FUN_0044fb60,15,1,""
0044fbb0,FUN_0044fbb0,33,3,""
0044fbe0,FUN_0044fbe0,3,0,""
0044fbf0,FUN_0044fbf0,3,0,""
0044fc00,FUN_0044fc00,3,0,""
0044fc10,FUN_0044fc10,3,0,""
0044fc20,FUN_0044fc20,3,0,""
0044fc30,FUN_0044fc30,3,0,""
0044fc40,FUN_0044fc40,29,2,""
0044fc60,FUN_0044fc60,4,1,""
0044fc70,FUN_0044fc70,4,1,""
0044fc80,FUN_0044fc80,4,1,""
0044fc90,FUN_0044fc90,4,1,""
0044fca0,FUN_0044fca0,4,1,""
0044fcb0,FUN_0044fcb0,4,1,""
0044fcc0,FUN_0044fcc0,4,1,""
0044fcd0,FUN_0044fcd0,4,1,""
0044fce0,FUN_0044fce0,4,1,""
0044fcf0,FUN_0044fcf0,4,1,""
0044fd00,FUN_0044fd00,4,1,""
0044fd10,FUN_0044fd10,33,1,"FUN_00495300"
0044fd40,FUN_0044fd40,145,1,"FUN_004013e0 FUN_00401490 FUN_00401830"
0044fde0,FUN_0044fde0,718,0,"FUN_00436700 FUN_004500f0 FUN_00450150 FUN_004501b0 FUN_00450210 FUN_00450270 FUN_004502d0 FUN_00450330 FUN_00450390 FUN_004503f0 FUN_00450450 FUN_004504b0 FUN_00450510 FUN_0048a697"
004500f0,FUN_004500f0,85,1,""
00450150,FUN_00450150,85,1,""
004501b0,FUN_004501b0,81,1,""
00450210,FUN_00450210,85,1,""
00450270,FUN_00450270,81,1,""
004502d0,FUN_004502d0,85,1,""
00450330,FUN_00450330,81,1,""
00450390,FUN_00450390,81,1,""
004503f0,FUN_004503f0,81,1,""
00450450,FUN_00450450,81,1,""
004504b0,FUN_004504b0,81,1,""
00450510,FUN_00450510,81,1,""
00450570,FUN_00450570,227,1,"EnterCriticalSection FID_conflict:_free FUN_004018f0 LeaveCriticalSection"
00450660,FUN_00450660,86,0,"FID_conflict:_free FUN_0044fd40 FUN_00450570 FUN_0048a697 FUN_00495300"
004506c0,FUN_004506c0,23,1,"FID_conflict:_free FUN_00450570"
004508c0,FUN_004508c0,32,0,""
004508e0,FUN_004508e0,165,0,"FUN_00417540 FUN_00436700"
004509d0,FUN_004509d0,26,1,""
004509f0,FUN_004509f0,28,0,""
00450a30,FUN_00450a30,26,1,""
00450a70,FUN_00450a70,1329,4,"EnterCriticalSection FUN_004037b0 FUN_00403fb0 FUN_0040ab20 FUN_0044f550 FUN_00472c80 FUN_00474710 FUN_00483a70 FUN_00484280 FUN_00484810 FUN_00484de0 FUN_00495300 LeaveCriticalSection"
00450fb0,FUN_00450fb0,131,4,"FUN_00450a70"
00451040,FUN_00451040,227,2,"FUN_00450a70"
00451130,FUN_00451130,245,1,"FUN_004087f0 FUN_00451040 FUN_00453ea0"
00451230,FUN_00451230,712,1,"FUN_00403fb0 FUN_004040d0 FUN_0047e1d0 FUN_00484280 FUN_00484810 FUN_0048a688"
00451500,FUN_00451500,171,1,"FUN_00451230 FUN_00484280"
004515b0,FUN_004515b0,811,8,"FUN_00404f60 FUN_00406490 FUN_00411c30"
004518e0,FUN_004518e0,98,4,"FUN_00451950"
00451950,FUN_00451950,142,1,"FUN_00484280"
00451a00,FUN_00451a00,534,1,"FUN_00406de0 FUN_0041dc00 FUN_00429010 FUN_0042ba60 FUN_004b411a"
00451c20,FUN_00451c20,466,1,"FUN_00429010 FUN_00484280 FUN_004b411a"
00451e00,FUN_00451e00,896,1,"FUN_00406de0 FUN_00408380 FUN_004087f0 FUN_0041dc00 FUN_00429010 FUN_0042ba60 FUN_00450a30 FUN_00453da0 FUN_00484320 FUN_004845f0 FUN_004b411a"
00452180,FUN_00452180,636,1,"EnterCriticalSection FUN_00403770 FUN_004037b0 FUN_0040ab20 FUN_00453f20 FUN_00472c80 FUN_00474710 FUN_00483a70 FUN_00484320 FUN_00484de0 LeaveCriticalSection"
00452400,FUN_00452400,516,1,"EnterCriticalSection FUN_00403610 FUN_004037b0 FUN_0040ab20 FUN_00451950 FUN_00474710 FUN_00483a70 FUN_00484280 FUN_00484de0 LeaveCriticalSection"
00452660,FUN_00452660,779,1,"FUN_00453f20 FUN_00472d60 FUN_00484280 FUN_00484320"
00452970,FUN_00452970,1170,5,"FUN_00405dc0 FUN_00453f20 FUN_00484320 FUN_004b411a FUN_004b4d60 FUN_004b4f20 __libm_sse2_sqrt_precise"
00452e10,FUN_00452e10,129,1,"FUN_004037b0"
00452ea0,FUN_00452ea0,125,1,"FUN_00403610 FUN_00484320"
00452f20,FUN_00452f20,125,1,"FUN_004037b0"
004531f0,FUN_004531f0,994,1,"FUN_0041dc00 FUN_00429010 FUN_0042ba60 FUN_0044f410 FUN_00472c80 FUN_00484280 FUN_00484320 FUN_00484390 FUN_004b411a"
004535e0,FUN_004535e0,844,5,"FUN_00429510 FUN_00472c80 FUN_00484320 FUN_004b4d60 FUN_004b4f20 __libm_sse2_sqrt_precise"
00453930,FUN_00453930,62,1,"FUN_00451950"
00453990,FUN_00453990,553,1,"EnterCriticalSection FUN_00403610 FUN_004037b0 FUN_0040ab20 FUN_00451950 FUN_00474710 FUN_00483a70 FUN_00484280 FUN_00484de0 LeaveCriticalSection"
00453bf0,FUN_00453bf0,70,2,""
00453c40,FUN_00453c40,52,2,""
00453cf0,FUN_00453cf0,43,1,"__libm_sse2_sqrt_precise"
00453d40,FUN_00453d40,16,2,""
00453d50,FUN_00453d50,16,2,""
00453d60,FUN_00453d60,19,2,"FUN_00403610"
00453d80,FUN_00453d80,16,2,""
00453da0,FUN_00453da0,71,0,""
00453df0,FUN_00453df0,70,1,"FUN_004b411a"
00453e40,FUN_00453e40,32,1,""
00453e60,FUN_00453e60,24,2,""
00453ea0,FUN_00453ea0,98,1,""
00453f20,FUN_00453f20,32,3,""
00453f40,FUN_00453f40,170,1,""
00454000,FUN_00454000,43,0,""
00454030,FUN_00454030,78,1,"FUN_00495300"
00454080,FUN_00454080,1351,3,"FUN_004013e0 FUN_00401490 FUN_00401830 FUN_00434330 FUN_0044b7b0 FUN_00455280 FUN_00455a70 FUN_00455bb0 FUN_0048a697 FUN_00495300"
004545d0,FUN_004545d0,353,1,"EnterCriticalSection FID_conflict:_free FUN_004018f0 FUN_00455bb0 LeaveCriticalSection"
00454740,FUN_00454740,145,1,"FID_conflict:_free FUN_00454080 FUN_004545d0 FUN_0048a697 FUN_00495300"
004547e0,FUN_004547e0,23,1,"FID_conflict:_free FUN_004545d0"
00454800,FUN_00454800,143,1,"FID_conflict:_free FUN_004545d0 FUN_00455280 FUN_0048a697 FUN_00495300"
00454890,FUN_00454890,23,1,"FID_conflict:_free FUN_004545d0"
00454b30,FUN_00454b30,170,1,"FUN_0040b7c0"
00454c00,FUN_00454c00,1652,2,"CloseHandle FID_conflict:_free FUN_00402cf0 FUN_00403180 FUN_00455a70 FUN_00469a10 FUN_0048a688 FUN_0048aff2 FUN_0048b1da FUN_0048b86f FUN_0048cb20 FUN_00495300 LeaveCriticalSection WriteFile _malloc"
00455280,FUN_00455280,402,2,"FID_conflict:_free FUN_00402bd0 FUN_00402e00 FUN_00402fc0 FUN_00403240 FUN_00403370 FUN_004033d0 FUN_00469df0 FUN_0048a688 FUN_0048aff2 FUN_0048b1da __alloca_probe _malloc"
004554b0,FUN_004554b0,309,0,"FUN_00453f40 FUN_004556f0 FUN_00455a70 FUN_00455bb0"
004555f0,FUN_004555f0,202,0,"FUN_0048a697 FUN_00495300"
004556f0,FUN_004556f0,108,0,"FUN_00495300"
004557d0,FUN_004557d0,46,1,""
00455810,FUN_00455810,92,4,""
00455870,FUN_00455870,46,2,""
004558c0,FUN_004558c0,13,2,""
004558d0,FUN_004558d0,13,2,""
004559d0,FUN_004559d0,31,1,"FUN_00434330 FUN_00495300"
00455a70,FUN_00455a70,165,1,"FUN_0048a697 FUN_00495300"
00455b60,FUN_00455b60,76,1,"FID_conflict:_free"
00455bb0,FUN_00455bb0,92,1,"FID_conflict:_free"
00455c90,FUN_00455c90,98,2,""
00455d60,FUN_00455d60,208,1,"EnterCriticalSection FUN_00495300 LeaveCriticalSection"
00455e30,FUN_00455e30,287,1,"FUN_00402e00 FUN_00455d60 FUN_004560a0 FUN_00456620 FUN_0048b1da FUN_00495300"
00455f50,FUN_00455f50,49,1,"FID_conflict:_free"
00455f90,FUN_00455f90,114,0,"FUN_00455e30 FUN_0048a697"
00456060,FUN_00456060,62,1,"FID_conflict:_free FID_conflict:_free"
004560a0,FUN_004560a0,565,1,"FID_conflict:_free FUN_00402bd0 FUN_00455c90 FUN_00469df0 _malloc"
004562e0,FUN_004562e0,806,0,"CloseHandle FID_conflict:_free FUN_00402cf0 FUN_00403180 FUN_004034d0 FUN_00469a10 FUN_0048b1da LeaveCriticalSection WriteFile _malloc"
00456620,FUN_00456620,2327,3,"FUN_00467e00 FUN_0048a688"
00456fa0,FUN_00456fa0,15,1,""
00456fb0,FUN_00456fb0,20,1,""
00456fd0,FUN_00456fd0,20,1,""
00457000,FUN_00457000,211,1,"FUN_00495300"
00457150,FUN_00457150,254,1,"EnterCriticalSection FUN_004018f0 FUN_00403e90 FUN_00472d60 LeaveCriticalSection"
004572d0,FUN_004572d0,23,1,"FID_conflict:_free FUN_00457150"
004572f0,FUN_004572f0,23,1,"FID_conflict:_free FUN_00457150"
00457310,FUN_00457310,325,1,"FUN_00403b10 FUN_0041a870 FUN_00472be0 FUN_00472d60"
00457460,FUN_00457460,217,1,"FUN_0040ba50"
00457590,FUN_00457590,58,1,"FUN_00436700"
004575d0,FUN_004575d0,16,0,""
004575e0,FUN_004575e0,157,1,""
00457680,FUN_00457680,1157,1,"EnterCriticalSection FUN_004087f0 FUN_0040ab20 FUN_00436700 FUN_004508c0 FUN_004508e0 FUN_00472c80 FUN_00474710 FUN_00483a70 FUN_00484280 FUN_00484320 FUN_00484de0 LeaveCriticalSection"
00457b10,FUN_00457b10,255,1,"FUN_0040b7c0"
00457c30,FUN_00457c30,58,1,"FUN_00436700"
00457c70,FUN_00457c70,224,1,""
00457d50,FUN_00457d50,1114,1,"EnterCriticalSection FUN_004087f0 FUN_0040ab20 FUN_00436700 FUN_004508c0 FUN_004508e0 FUN_00472c80 FUN_00474710 FUN_00483a70 FUN_00484280 FUN_00484320 FUN_00484de0 LeaveCriticalSection"
004581b0,FUN_004581b0,255,1,"FUN_0040b7c0"
004582c0,FUN_004582c0,17,0,""
004582e0,FUN_004582e0,370,1,"EnterCriticalSection FUN_0040ab20 FUN_00474710 FUN_00483a70 FUN_00484280 FUN_00484390 FUN_00484de0 LeaveCriticalSection"
00458460,FUN_00458460,185,5,"FUN_004b4d60 FUN_004b4f20"
00458520,FUN_00458520,3045,1,"EnterCriticalSection FUN_004037b0 FUN_004087f0 FUN_0040ab20 FUN_00417650 FUN_00418300 FUN_0041b990 FUN_0042b4e0 FUN_00436700 FUN_004392d0 FUN_0044e510 FUN_004508c0 FUN_004508e0 FUN_00472c80 FUN_00472d60 FUN_00474710 FUN_00483a70 FUN_00484280 FUN_00484320 FUN_00484390 FUN_004845f0 FUN_00484de0 FUN_0048a688 FUN_004b4d60 FUN_004b4f20 LeaveCriticalSection"
00459110,FUN_00459110,3,0,""
00459120,FUN_00459120,84,1,"FUN_00484280"
004591a0,FUN_004591a0,164,1,""
00459250,FUN_00459250,2668,1,"EnterCriticalSection FUN_004087f0 FUN_0040ab20 FUN_00411060 FUN_0041dd00 FUN_00436700 FUN_004508c0 FUN_004508e0 FUN_00472be0 FUN_00472c80 FUN_00474710 FUN_00483a70 FUN_00484de0 LeaveCriticalSection"
00459cc0,FUN_00459cc0,3,0,""
00459cd0,FUN_00459cd0,3,0,""
00459cf0,FUN_00459cf0,162,1,""
00459da0,FUN_00459da0,1495,1,"FUN_004087f0 FUN_00411060 FUN_0041dd00 FUN_00436700 FUN_0044fc40 FUN_00472be0 FUN_00472c80"
0045a380,FUN_0045a380,3,0,""
0045a390,FUN_0045a390,3,0,""
0045a3b0,FUN_0045a3b0,88,1,""
0045a410,FUN_0045a410,2258,1,"EnterCriticalSection FUN_00407070 FUN_004087f0 FUN_0040ab20 FUN_00436700 FUN_004508c0 FUN_004508e0 FUN_00472c80 FUN_00474710 FUN_00483a70 FUN_00484280 FUN_004845f0 FUN_00484de0 FUN_004b4d60 FUN_004b4f20 LeaveCriticalSection"
0045acf0,FUN_0045acf0,267,1,"FUN_0040b7c0"
0045ae00,FUN_0045ae00,3,0,""
0045ae20,FUN_0045ae20,278,1,"EnterCriticalSection FUN_0040ab20 FUN_00474710 FUN_00483a70 FUN_00484de0 LeaveCriticalSection"
0045af40,FUN_0045af40,2026,1,"EnterCriticalSection FUN_00407070 FUN_004087f0 FUN_0040ab20 FUN_0041dd00 FUN_00436700 FUN_004508c0 FUN_004508e0 FUN_00472c80 FUN_00472d60 FUN_00474710 FUN_00483a70 FUN_00484280 FUN_00484320 FUN_00484de0 FUN_004b411a FUN_004b4d60 FUN_004b4f20 LeaveCriticalSection"
0045b730,FUN_0045b730,3,0,""
0045b740,FUN_0045b740,3,0,""
0045b760,FUN_0045b760,110,1,""
0045b7d0,FUN_0045b7d0,1283,1,"EnterCriticalSection FUN_00407070 FUN_004087f0 FUN_0040ab20 FUN_00417540 FUN_00436700 FUN_00439490 FUN_004508c0 FUN_004508e0 FUN_00472c80 FUN_00472d60 FUN_00474710 FUN_00483a70 FUN_00484280 FUN_00484320 FUN_00484de0 LeaveCriticalSection"
0045bce0,FUN_0045bce0,3,0,""
0045bcf0,FUN_0045bcf0,3,0,""
0045bd10,FUN_0045bd10,95,1,""
0045bd70,FUN_0045bd70,581,1,"EnterCriticalSection FUN_004087f0 FUN_0040ab20 FUN_00436700 FUN_004508e0 FUN_00472c80 FUN_00474710 FUN_00483a70 FUN_00484de0 LeaveCriticalSection"
0045bfc0,FUN_0045bfc0,248,1,"FUN_0040b7c0"
0045c0c0,FUN_0045c0c0,3,0,""
0045c0e0,FUN_0045c0e0,93,1,""
0045c140,FUN_0045c140,564,1,"EnterCriticalSection FUN_004087f0 FUN_0040ab20 FUN_00436700 FUN_00472c80 FUN_00474710 FUN_00483a70 FUN_00484de0 LeaveCriticalSection"
0045c380,FUN_0045c380,288,1,"FUN_0040b7c0"
0045c4a0,FUN_0045c4a0,3,0,""
0045c4c0,FUN_0045c4c0,37,1,""
0045c4f0,FUN_0045c4f0,95,1,""
0045c550,FUN_0045c550,1065,1,"EnterCriticalSection FUN_004087f0 FUN_0040ab20 FUN_00417540 FUN_00436700 FUN_00439490 FUN_004508c0 FUN_004508e0 FUN_0045c4c0 FUN_00472c80 FUN_00474710 FUN_00483a70 FUN_00484280 FUN_00484320 FUN_00484de0 LeaveCriticalSection"
0045c980,FUN_0045c980,256,1,"FUN_0040b7c0"
0045ca80,FUN_0045ca80,3,0,""
0045caa0,FUN_0045caa0,102,1,""
0045cb10,FUN_0045cb10,1656,1,"EnterCriticalSection FUN_004087f0 FUN_0040ab20 FUN_00436700 FUN_0044ba30 FUN_0044f410 FUN_004508c0 FUN_004508e0 FUN_00472c80 FUN_00472d60 FUN_00474710 FUN_00483a70 FUN_00484320 FUN_00484de0 LeaveCriticalSection"
0045d190,FUN_0045d190,3,0,""
0045d1a0,FUN_0045d1a0,3,0,""
0045d2e0,FUN_0045d2e0,59,0,"FUN_0040ba50"
0045d330,FUN_0045d330,60,1,"FUN_0040cdb0 FUN_00495300"
0045d380,FUN_0045d380,130,1,"FUN_004013e0 FUN_00401490 FUN_00401830 FUN_0040c980 FUN_00473a00"
0045d410,FUN_0045d410,208,1,"EnterCriticalSection FID_conflict:_free FUN_004018f0 LeaveCriticalSection"
0045d4e0,FUN_0045d4e0,116,0,"FID_conflict:_free FUN_0040cdb0 FUN_0045d380 FUN_0045d410 FUN_0048a697 FUN_00495300"
0045d560,FUN_0045d560,23,1,"FID_conflict:_free FUN_0045d410"
0045d580,FUN_0045d580,29,0,"FID_conflict:_free FUN_0045d410"
0045d5a0,FUN_0045d5a0,285,1,""
0045d6c0,FUN_0045d6c0,1032,1,"FUN_0040b7c0 FUN_0047a0b0 FUN_0047a8c0 FUN_0047aae0"
0045daf0,FUN_0045daf0,240,3,""
0045dbe0,FUN_0045dbe0,213,4,""
0045dd00,FUN_0045dd00,85,1,"FID_conflict:_free"
0045dd60,FUN_0045dd60,211,1,"FUN_00495300"
0045de90,FUN_0045de90,462,1,"EnterCriticalSection FID_conflict:_free FID_conflict:_free FUN_004018f0 FUN_00403e90 FUN_0045dd00 FUN_004828e0 LeaveCriticalSection"
0045e060,FUN_0045e060,53,1,"FID_conflict:_free FID_conflict:_free"
0045e0b0,FUN_0045e0b0,282,0,"FID_conflict:_free FUN_00402e00 FUN_0041a870 FUN_00489880 FUN_0048a688 FUN_0048a697 FUN_0048aff2 FUN_00495300"
0045e240,FUN_0045e240,23,1,"FID_conflict:_free FUN_0045de90"
0045e260,FUN_0045e260,23,1,"FID_conflict:_free FUN_0045de90"
0045e280,FUN_0045e280,938,1,"FUN_00403b10 FUN_00403f10 FUN_0041a830 FUN_0041a870 FUN_0045dd00 FUN_00489040 FUN_00489b20 FUN_0048a688 FindClose FindFirstFileA FindNextFileA _malloc"
0045e630,FUN_0045e630,497,1,"FUN_0040ba50"
0045e870,FUN_0045e870,6,0,""
0045e880,FUN_0045e880,115,2,""
0045e900,FUN_0045e900,102,2,""
0045e970,FUN_0045e970,182,2,"EnterCriticalSection FUN_0040ab20 FUN_00474710 FUN_00483a70 FUN_00484de0 LeaveCriticalSection"
0045ea30,FUN_0045ea30,38,2,"FUN_00484320"
0045ea60,FUN_0045ea60,24,2,"FUN_00484390"
0045ea80,FUN_0045ea80,24,2,"FUN_00484390"
0045eaa0,FUN_0045eaa0,27,3,"FUN_00484320"
0045eac0,FUN_0045eac0,165,4,"FUN_00474710 FUN_00484280 FUN_00484c00"
0045eb70,FUN_0045eb70,99,4,"FUN_00484280 FUN_00484c00"
0045ebe0,FUN_0045ebe0,34,2,"FUN_00484280"
0045ec10,FUN_0045ec10,105,1,"FUN_00484280 FUN_00484390"
0045ecc0,FUN_0045ecc0,27,0,""
0045ece0,FUN_0045ece0,32,0,""
0045ed00,FUN_0045ed00,39,1,"FID_conflict:_free"
0045ed30,FUN_0045ed30,548,1,"FUN_00495300"
0045f010,FUN_0045f010,856,0,"FUN_004013e0 FUN_00401490 FUN_00401830 FUN_00402e00 FUN_00403400 FUN_00436ba0 FUN_004562e0 FUN_00467310 FUN_00482140 FUN_0048a688 FUN_0048b766"
0045f370,FUN_0045f370,519,1,"EnterCriticalSection FID_conflict:_free FID_conflict:_free FUN_004018f0 FUN_00403e90 FUN_00436aa0 FUN_004545d0 FUN_0045f580 FUN_004828e0 FUN_00484320 LeaveCriticalSection"
0045f580,FUN_0045f580,175,1,"FID_conflict:_free FUN_00403e90"
0045f630,FUN_0045f630,108,0,"FUN_00403e90 FUN_0045ed30 FUN_0048a697 FUN_0048abd9"
0045f6a0,FUN_0045f6a0,29,0,"FID_conflict:_free FUN_0045f370"
0045f6c0,FUN_0045f6c0,23,1,"FID_conflict:_free FUN_0045f370"
0045f6e0,FUN_0045f6e0,969,1,"FUN_00403a80 FUN_0041a870 FUN_0041cd10 FUN_00444660 FUN_004446e0 FUN_004447e0 FUN_00446e20 FUN_00446ee0 FUN_004476d0 FUN_0044b7b0 FUN_0045e880 FUN_0045fb70 FUN_004601d0 FUN_00461570 FUN_004624e0 FUN_004650c0 FUN_00465890 FUN_00466480 FUN_00466650 FUN_00467520 FUN_004737b0 FUN_00484320 FUN_00484590"
0045fb70,FUN_0045fb70,1541,1,"EnterCriticalSection FUN_00403a80 FUN_00403b10 FUN_004087f0 FUN_0040ab20 FUN_0041a870 FUN_0041af40 FUN_0041ce10 FUN_00444810 FUN_0044b7b0 FUN_0045e880 FUN_0045e900 FUN_0045e970 FUN_0045ea30 FUN_0045f580 FUN_004674b0 FUN_00472be0 FUN_00474710 FUN_00483a70 FUN_00484280 FUN_00484320 FUN_00484390 FUN_00484de0 LeaveCriticalSection"
004601d0,FUN_004601d0,842,1,"FUN_00403a80 FUN_00403ac0 FUN_00403b10 FUN_0041a830 FUN_0041a870 FUN_0044f9d0 FUN_0045e880 FUN_0045e900 FUN_0045e970 FUN_00460540 FUN_00472be0 FUN_00484320 FUN_00484390"
00460540,FUN_00460540,4138,1,"FUN_0045eb70 FUN_004737b0 FUN_00473a00 FUN_00484280"
00461570,FUN_00461570,742,1,"FUN_00401e70 FUN_00403ac0 FUN_00403b10 FUN_0041a870 FUN_0045e880 FUN_0045e900 FUN_0045e970 FUN_00461870 FUN_004623d0 FUN_00472be0 FUN_00484320 FUN_00484390"
00461870,FUN_00461870,2899,1,"FUN_00473a00 FUN_00484280"
004623d0,FUN_004623d0,241,3,"FUN_00461870 FUN_00472be0"
004624e0,FUN_004624e0,5367,1,"D3DXLoadSurfaceFromFileInMemory EnterCriticalSection FID_conflict:_free FUN_00403ac0 FUN_00403b10 FUN_00403e90 FUN_004087f0 FUN_0040ab20 FUN_00411b00 FUN_0041a830 FUN_0041a870 FUN_0041af40 FUN_0041ce10 FUN_00436c30 FUN_00436eb0 FUN_00436ee0 FUN_00438350 FUN_00438380 FUN_00444810 FUN_00446e20 FUN_00446ee0 FUN_004476d0 FUN_0044b7b0 FUN_004562e0 FUN_0045e880 FUN_0045e900 FUN_0045e970 FUN_0045ea30 FUN_0045eac0 FUN_0045eb70 FUN_0045ec10 FUN_0045f580 FUN_00463a00 FUN_004640e0 FUN_00464360 FUN_004674b0 FUN_00472be0 FUN_00474710 FUN_004811d0 FUN_00483a70 FUN_00484280 FUN_00484320 FUN_00484390 FUN_00484de0 FUN_0048abd9 LeaveCriticalSection"
00463a00,FUN_00463a00,1739,1,"FUN_00473a00 FUN_00484280 FUN_00484c00"
004640e0,FUN_004640e0,630,1,"EnterCriticalSection FUN_0045eac0 FUN_00484390 LeaveCriticalSection"
00464360,FUN_00464360,777,4,"EnterCriticalSection FUN_0040ab20 FUN_0045ec10 FUN_00474710 FUN_00482c20 FUN_00483a70 FUN_00484280 FUN_00484320 FUN_00484390 FUN_00484c00 FUN_00484de0 LeaveCriticalSection"
00464670,FUN_00464670,193,2,"FUN_00484280 FUN_00484c00"
00464740,FUN_00464740,986,1,"FUN_0040b7c0 FUN_0040b810 FUN_0045eb70 FUN_00484280 FUN_00484f20"
00464b20,FUN_00464b20,825,0,"EnterCriticalSection FUN_00402e00 FUN_00411820 FUN_0048a688 FUN_0048aff2 LeaveCriticalSection Sleep"
00464e60,FUN_00464e60,582,0,"FID_conflict:_free FUN_004545d0 FUN_00455280 FUN_0048a688 FUN_0048a697 FUN_0048aff2 FUN_0048b1da FUN_00495300 FindClose FindFirstFileA FindNextFileA"
004650c0,FUN_004650c0,1454,1,"EnterCriticalSection FID_conflict:_free FUN_00403a80 FUN_00403ac0 FUN_00403b10 FUN_00403f10 FUN_0040ab20 FUN_0041a830 FUN_0041a870 FUN_0041af40 FUN_0041ce10 FUN_00444810 FUN_0044b7b0 FUN_004545d0 FUN_0045e880 FUN_0045e900 FUN_0045e970 FUN_004674b0 FUN_00472be0 FUN_00474710 FUN_00483a70 FUN_00484280 FUN_00484320 FUN_00484390 FUN_00484de0 FUN_00495300 LeaveCriticalSection"
00465690,FUN_00465690,512,1,"FUN_0040b7c0 FUN_0048b86f"
00465890,FUN_00465890,2724,1,"EnterCriticalSection FID_conflict:_free FUN_00402af0 FUN_00403ac0 FUN_00403b10 FUN_0040ab20 FUN_0041a870 FUN_00444660 FUN_004446e0 FUN_004447e0 FUN_00446d00 FUN_00446e20 FUN_0045e880 FUN_0045e900 FUN_0045e970 FUN_0045ea30 FUN_00468210 FUN_00468250 FUN_00472be0 FUN_00474710 FUN_00482e40 FUN_00483a70 FUN_00484280 FUN_00484320 FUN_004845f0 FUN_00484de0 FUN_00495300 LeaveCriticalSection"
00466340,FUN_00466340,313,1,"FUN_0040b7c0"
00466480,FUN_00466480,458,1,"EnterCriticalSection FID_conflict:_free FUN_0040ab20 FUN_004346c0 FUN_004347b0 FUN_0045e880 FUN_0045e970 FUN_00474710 FUN_00483a70 FUN_00484320 FUN_00484de0 LeaveCriticalSection"
00466650,FUN_00466650,3173,1,"EnterCriticalSection FID_conflict:_free FUN_00402e00 FUN_00403ac0 FUN_00403b10 FUN_0040ab20 FUN_00410ea0 FUN_00418300 FUN_0041a870 FUN_00444660 FUN_004446e0 FUN_0045e880 FUN_0045e900 FUN_0045e970 FUN_004672d0 FUN_00467310 FUN_00472be0 FUN_004737b0 FUN_00474710 FUN_00482c20 FUN_00483a70 FUN_00484280 FUN_00484320 FUN_004845f0 FUN_00484de0 LeaveCriticalSection"
004672d0,FUN_004672d0,57,2,""
00467310,FUN_00467310,92,3,""
00467380,FUN_00467380,46,2,""
004673f0,FUN_004673f0,12,2,""
00467410,FUN_00467410,17,2,""
00467440,FUN_00467440,54,2,""
00467490,FUN_00467490,16,2,""
004674b0,FUN_004674b0,50,1,""
004674f0,FUN_004674f0,12,2,""
00467500,FUN_00467500,17,2,""
00467520,FUN_00467520,33,1,"FUN_00484280"
004675a0,FUN_004675a0,15,1,""
004675b0,FUN_004675b0,15,1,""
00467600,FUN_00467600,46,2,""
00467630,FUN_00467630,127,2,""
004676b0,FUN_004676b0,40,1,""
004676e0,FUN_004676e0,498,1,"EnterCriticalSection LeaveCriticalSection"
004678e0,FUN_004678e0,86,1,"FUN_00467630 FUN_00495300"
00467940,FUN_00467940,240,2,"FUN_004013e0 FUN_00401490 FUN_00401830 FUN_00403400 FUN_00467630 FUN_00482140 FUN_0048a697"
00467a30,FUN_00467a30,248,1,"EnterCriticalSection FUN_004018f0 LeaveCriticalSection"
00467b30,FUN_00467b30,650,0,"FID_conflict:_free FUN_00402e00 FUN_00403400 FUN_004676e0 FUN_00468120 FUN_00468160 FUN_00482140 FUN_0048a688 FUN_0048b766"
00467e00,FUN_00467e00,138,1,"FID_conflict:_free FUN_004678e0 FUN_00467940 FUN_00467a30 FUN_0048a697"
00467e90,FUN_00467e90,23,1,"FID_conflict:_free FUN_00467a30"
00467eb0,FUN_00467eb0,23,1,"FID_conflict:_free FUN_00467a30"
00467ed0,FUN_00467ed0,542,1,"FID_conflict:_free FUN_00467630 FUN_00467a30 FUN_004681c0 FUN_00472be0 FUN_00482e40 FUN_00483f00 FUN_00484280"
00468120,FUN_00468120,57,2,""
00468160,FUN_00468160,92,3,""
004681c0,FUN_004681c0,44,1,""
00468210,FUN_00468210,64,1,""
00468250,FUN_00468250,87,3,""
004682c0,FUN_004682c0,42,3,"FUN_00432000"
00468310,FUN_00468310,80,1,"FUN_00495300"
00468410,FUN_00468410,256,1,"FUN_004013e0 FUN_00401490 FUN_00401830 FUN_00444ad0 FUN_0048a697"
00468510,FUN_00468510,231,1,"EnterCriticalSection FID_conflict:_free FUN_004018f0 FUN_004828e0 LeaveCriticalSection"
00468600,FUN_00468600,136,0,"FID_conflict:_free FUN_00468410 FUN_00468510 FUN_0048a697 FUN_00495300"
00468690,FUN_00468690,23,1,"FID_conflict:_free FUN_00468510"
004686d0,FUN_004686d0,800,1,"FID_conflict:_free FUN_00403b10 FUN_004087f0 FUN_0041a870 FUN_0041af40 FUN_0041ce10 FUN_00431f80 FUN_00433830 FUN_00436c30 FUN_00436ee0 FUN_00444ad0 FUN_004682c0 FUN_0046f4e0 FUN_00472be0 FUN_00481990 FUN_00484320 FUN_00484390 FUN_00484a40 FUN_0048aff2"
00468a70,thunk_FUN_00468ba0,5,1,"FUN_00468ba0"
00468a80,FUN_00468a80,146,2,"FUN_00468ba0 FUN_00468e10 FUN_00469110 FUN_004691e0 FUN_004692b0 FUN_0048a697"
00468b20,FUN_00468b20,113,2,"FUN_00468ba0 FUN_00468e10 FUN_00469110 FUN_0048a697"
00468ba0,FUN_00468ba0,126,1,"FID_conflict:_free FID_conflict:_free FUN_004691e0 `eh_vector_destructor_iterator'"
00468c50,FUN_00468c50,325,3,"FID_conflict:_free FUN_00402bd0 FUN_00468dc0 FUN_004691e0 FUN_00469df0 _malloc"
00468da0,FUN_00468da0,28,2,"FUN_00468dc0"
00468dc0,FUN_00468dc0,73,2,"__stricmp"
00468e10,FUN_00468e10,385,2,"FID_conflict:_free FUN_00402bd0 FUN_00468fa0 FUN_00469df0 FUN_0048a688 _malloc"
00468fa0,FUN_00468fa0,355,3,"FUN_0048a036 FUN_0048b092 _malloc"
00469110,FUN_00469110,68,1,"_malloc"
00469160,FUN_00469160,26,1,"FID_conflict:_free"
00469190,FUN_00469190,59,1,""
004691e0,FUN_004691e0,1,0,""
00469230,FUN_00469230,69,2,"CloseHandle FID_conflict:_free"
00469280,FUN_00469280,46,1,"CloseHandle"
004692b0,FUN_004692b0,436,3,"CreateFileA DeleteFileA FUN_0048a688 FUN_0048a940 FUN_0048b420 GetModuleFileNameA SetFilePointer"
00469470,FUN_00469470,34,1,"CloseHandle"
004694a0,FUN_004694a0,58,3,"ReadFile"
004694e0,FUN_004694e0,64,3,"WriteFile"
00469520,FUN_00469520,25,1,"SetFilePointer"
00469540,FUN_00469540,21,1,"GetFileSize"
00469560,FUN_00469560,38,3,"SetFilePointer"
00469590,FUN_00469590,137,2,"FID_conflict:_free _malloc"
004696a0,FUN_004696a0,9,2,"FUN_0048a940"
004696c0,FUN_004696c0,34,2,"FID_conflict:_free"
00469700,FUN_00469700,25,1,"FUN_0048b420"
00469720,FUN_00469720,215,1,"FUN_0048a688 FUN_0048b420"
00469830,FUN_00469830,212,1,"CloseHandle FUN_00468c50 FUN_004692b0 FUN_00469590 FUN_00469720 FUN_0048b420 GetFileSize"
00469910,FUN_00469910,227,1,"CloseHandle FUN_00468dc0 FUN_004692b0 FUN_00469720 FUN_0048b420 GetFileSize"
00469a10,FUN_00469a10,974,3,"FUN_0046a010 FUN_0046a060 FUN_0046a2a0 _malloc"
00469df0,FUN_00469df0,485,4,"_malloc"
0046a010,FUN_0046a010,68,0,"___report_rangecheckfailure"
0046a060,FUN_0046a060,561,2,""
0046a2a0,FUN_0046a2a0,288,1,"FUN_0046a2a0 FUN_0046a3e0"
0046a3e0,FUN_0046a3e0,46,1,""
0046a420,FUN_0046a420,5,0,""
0046a450,FUN_0046a450,84,2,"FID_conflict:_free FID_conflict:_free"
0046a4b0,FUN_0046a4b0,61,1,"FID_conflict:_free"
0046a4f0,FUN_0046a4f0,44,2,"FUN_00469830 FUN_00469910"
0046a520,FUN_0046a520,49,1,"FID_conflict:_free"
0046a560,FUN_0046a560,89,3,"FUN_0048cb20"
0046a5c0,FUN_0046a5c0,7,1,""
0046a5d0,FUN_0046a5d0,4,1,""
0046a5e0,FUN_0046a5e0,120,3,""
0046a670,FUN_0046a670,200,3,"CreateProcessA GetExitCodeProcess"
0046a760,FUN_0046a760,84,2,"FID_conflict:_free FID_conflict:_free"
0046a7c0,FUN_0046a7c0,61,1,"FID_conflict:_free"
0046a800,FUN_0046a800,149,2,"FUN_0048cb20 FindResourceA FreeResource LoadResource LockResource SizeofResource _malloc"
0046a8f0,FUN_0046a8f0,39,2,"FID_conflict:_free FUN_00403e90"
0046a920,FUN_0046a920,70,1,"FUN_00403e90 FUN_0048abd9"
0046a970,FUN_0046a970,451,0,"EnterCriticalSection FUN_004b44fd LeaveCriticalSection QueryPerformanceCounter Sleep timeGetTime"
0046ab70,FUN_0046ab70,125,1,"FUN_0046cda0"
0046abf0,FUN_0046abf0,59,1,"DeleteObject FID_conflict:_free"
0046ac30,FUN_0046ac30,60,2,"FUN_0046cda0"
0046ac70,FUN_0046ac70,73,1,"CreateFontA DeleteObject"
0046acc0,FUN_0046acc0,24,1,"DeleteObject"
0046ad40,FUN_0046ad40,122,0,"DeleteDC DeleteObject SelectObject"
0046ade0,FUN_0046ade0,398,3,"CreateCompatibleDC CreateDIBSection FUN_0046ad40 FUN_0048a688 FUN_00495300 SelectObject"
0046afa0,FUN_0046afa0,63,1,""
0046afe0,FUN_0046afe0,37,3,""
0046b010,FUN_0046b010,49,3,""
0046b050,FUN_0046b050,938,1,""
0046b400,FUN_0046b400,387,1,"FID_conflict:_free FUN_0048cb20 _malloc"
0046b590,FUN_0046b590,178,1,""
0046b650,FUN_0046b650,167,2,""
0046b700,FUN_0046b700,291,7,"CreateFontA DeleteObject FID_conflict:_free FUN_0046b830 FUN_0046cda0 FUN_0048a688"
0046b830,FUN_0046b830,461,7,"DrawTextA FUN_0048a688 SelectObject SetBkMode SetTextColor"
0046ba00,FUN_0046ba00,226,2,"FUN_0048a688 FUN_0048cb20"
0046baf0,FUN_0046baf0,237,2,"FUN_0048a688 FUN_0048cb20"
0046bbe0,FUN_0046bbe0,660,6,"FUN_0048a688"
0046be80,FUN_0046be80,37,2,"D3DXCreateTexture"
0046beb0,FUN_0046beb0,80,1,""
0046bf00,FUN_0046bf00,1152,0,"CreateFontA EnterCriticalSection EnumFontFamiliesExA FUN_0046ade0 FUN_0048a688 GetDC LeaveCriticalSection ReleaseDC"
0046c3f0,FUN_0046c3f0,830,10,"D3DXLoadSurfaceFromMemory FUN_0046b050 FUN_0046b400 FUN_0046b590 FUN_0048a688 FUN_00495300 SelectObject SetBkMode SetTextColor TextOutA"
0046c760,FUN_0046c760,54,2,"FUN_0046cda0"
0046c7a0,FUN_0046c7a0,63,2,""
0046c7f0,FUN_0046c7f0,54,2,"FUN_0048a574"
0046c840,FUN_0046c840,24,3,"FUN_0048bea0"
0046c860,FUN_0046c860,153,3,"FUN_0048a574 FUN_0048bea0"
0046c900,FUN_0046c900,288,4,"FUN_0046c860 FUN_0046cb90 FUN_0048a546 FUN_0048a574 FUN_0048cb20"
0046caa0,FUN_0046caa0,43,1,"FUN_0048a4c3 FUN_0048a697"
0046cad0,FUN_0046cad0,43,1,"FUN_0048a4c3 FUN_0048a697"
0046cb00,FUN_0046cb00,8,2,""
0046cb20,FUN_0046cb20,21,2,""
0046cb40,FUN_0046cb40,18,3,""
0046cb70,FUN_0046cb70,21,2,""
0046cb90,FUN_0046cb90,244,3,"FID_conflict:_free FUN_0048a4c3 FUN_0048a697 FUN_0048cb20"
0046cc25,Catch_All@0046cc25,32,0,"FUN_0046cad0"
0046cc62,Catch_All@0046cc62,45,0,"FID_conflict:_free FUN_0048d46d"
0046cce0,FUN_0046cce0,176,3,"FID_conflict:_free FUN_0046cb90 FUN_0048a546 FUN_0048cb20"
0046cda0,FUN_0046cda0,246,3,"FUN_0046c900 FUN_0046cb90 FUN_0048a546 FUN_0048cb20"
0046cea0,length,29,1,""
0046cec0,FUN_0046cec0,54,2,"FUN_0046cda0"
0046cf60,FUN_0046cf60,20,2,""
0046cfe0,FUN_0046cfe0,38,1,"FID_conflict:_free"
0046d080,FUN_0046d080,24,3,"FUN_0048cb20"
0046d0a0,FUN_0046d0a0,18,1,"FID_conflict:_free"
0046d0c0,FUN_0046d0c0,18,1,"FID_conflict:_free"
0046d100,FUN_0046d100,10,1,""
0046d110,FUN_0046d110,15,2,""
0046d140,FUN_0046d140,33,2,""
0046d170,FUN_0046d170,70,3,"FID_conflict:_free FUN_0048cb20"
0046d1e0,FUN_0046d1e0,37,2,"__hypot"
0046d210,FUN_0046d210,1,0,""
0046d220,FUN_0046d220,151,1,"FUN_00401540 FUN_00401780 FUN_00403e90"
0046d300,FUN_0046d300,97,1,"FUN_00403040 FUN_00403400 MessageBoxA"
0046d3d0,FUN_0046d3d0,22,2,""
0046d430,FUN_0046d430,14,2,""
0046d460,FUN_0046d460,15,2,""
0046d470,FUN_0046d470,34,2,"FID_conflict:_free"
0046d4c0,FUN_0046d4c0,20,3,""
0046d500,FUN_0046d500,32,2,""
0046d520,FUN_0046d520,18,3,""
0046d540,FUN_0046d540,51,3,""
0046d580,FUN_0046d580,30,3,""
0046d5b0,FUN_0046d5b0,6,0,""
0046d5c0,FUN_0046d5c0,112,2,"FUN_0046cda0 FUN_0048a634"
0046d630,FUN_0046d630,34,2,"FID_conflict:_free"
0046d680,FUN_0046d680,6,0,""
0046d690,FUN_0046d690,79,2,"FUN_0046cda0 FUN_0046d5c0"
0046d6e0,FUN_0046d6e0,34,2,"FID_conflict:_free"
0046d730,FUN_0046d730,6,0,""
0046d740,FUN_0046d740,112,2,"FUN_0046cda0 FUN_0048a65e"
0046d7b0,FUN_0046d7b0,49,2,"FUN_0048a634"
0046d7f0,FUN_0046d7f0,34,2,"FID_conflict:_free"
0046d850,FUN_0046d850,121,0,""
0046d8d0,FUN_0046d8d0,179,0,""
0046d990,FUN_0046d990,291,0,"D3DXLoadSurfaceFromSurface FUN_0047a8c0 FUN_0048a688"
0046dac0,FUN_0046dac0,12,2,""
0046dad0,FUN_0046dad0,15,1,""
0046db00,FUN_0046db00,25,1,""
0046db20,FUN_0046db20,25,1,""
0046db40,FUN_0046db40,81,2,"FUN_0046cda0"
0046dba0,FUN_0046dba0,2916,1,"CreateMutexA CreateThread DeleteCriticalSection DestroyWindow Direct3DCreate9 DispatchMessageA FID_conflict:_free FUN_00401360 FUN_00401a70 FUN_00401b70 FUN_00402b60 FUN_00403040 FUN_00403400 FUN_004034d0 FUN_00403e90 FUN_00407210 FUN_00443a00 FUN_00443d60 FUN_00444340 FUN_00446460 FUN_004466d0 FUN_0046d220 FUN_0046d850 FUN_0046d8d0 FUN_0046ea20 FUN_0046ec20 FUN_0046efe0 FUN_0046f210 FUN_0046f4e0 FUN_0046f6f0 FUN_0046f7a0 FUN_0046fa20 FUN_0046fcb0 FUN_0046ff60 FUN_00470280 FUN_00470410 FUN_004707c0 FUN_00470b50 FUN_00471e20 FUN_00472290 FUN_0047f3c0 FUN_004807d0 FUN_0048a688 FUN_0048a697 FUN_00495300 GetDlgItem GetKeyboardState GetLastError GetSystemMetrics GetWindowRect InitializeCriticalSection IsDialogMessageA IsDlgButtonChecked MessageBoxA MoveWindow PeekMessageA SendMessageA SetCursor SetForegroundWindow SetWindowLongA SetWindowPos ShowCursor ShowWindow Sleep SystemParametersInfoA TranslateMessage WINNLSEnableIME __alloca_probe timeBeginPeriod timeEndPeriod"
0046e710,FUN_0046e710,23,1,"FID_conflict:_free FUN_0046d220"
0046e730,FUN_0046e730,23,1,"FID_conflict:_free FUN_004807d0"
0046e750,FUN_0046e750,18,1,"FID_conflict:_free"
0046e770,FUN_0046e770,606,4,"DefWindowProcA LoadCursorA SetCursor SetForegroundWindow ShowCursor"
0046ea20,FUN_0046ea20,412,1,"FUN_0046d210 FUN_0048a940 FUN_0048b1da FUN_0048b2f6 GetEnvironmentVariableA GetModuleFileNameA GetProcAddress LoadLibraryA QueryPerformanceCounter QueryPerformanceFrequency SystemParametersInfoA"
0046ec20,FUN_0046ec20,329,1,"FUN_00401540 FUN_00401670 FUN_00403e90 FUN_00444910 FUN_00445190 FUN_0046ed80 FUN_0046f4e0 FUN_0047a870 FUN_0047a8c0"
0046ed80,FUN_0046ed80,597,1,"FUN_00418b80 FUN_0042bdc0 FUN_00446460 FUN_004466d0 FUN_0046d850 FUN_0046d8d0 FUN_0046f430 FUN_0046f4e0 FUN_0046ff60 Sleep"
0046efe0,FUN_0046efe0,409,1,"FUN_00401540 FUN_00401670 FUN_00403e90 FUN_00444910 FUN_00445190 FUN_0046f190 FUN_0046f4e0 FUN_0047a870 FUN_0047a8c0 Sleep"
0046f190,FUN_0046f190,115,0,"FUN_00418b80 FUN_0042bdc0 FUN_00446460 FUN_004466d0 FUN_0046d850 FUN_0046d8d0 FUN_0046f430 FUN_0046ff60"
0046f210,FUN_0046f210,274,1,"FUN_00401540 FUN_00401670 FUN_00403e90 FUN_00444910 FUN_00445190 FUN_0046f330 FUN_0046f4e0 FUN_0047a870 FUN_0047a8c0"
0046f330,FUN_0046f330,247,1,"FUN_00418b80 FUN_0042bdc0 FUN_00446460 FUN_004466d0 FUN_0046d850 FUN_0046d8d0 FUN_0046f430 FUN_0046f4e0 FUN_0046ff60 Sleep"
0046f430,FUN_0046f430,168,0,"FUN_00402fc0 FUN_00443ef0 FUN_0046d990 FUN_0048a688 FUN_0048aff2 FUN_0048b1da FUN_0048b2f6"
0046f4e0,FUN_0046f4e0,308,0,"EnterCriticalSection FUN_004b44fd LeaveCriticalSection QueryPerformanceCounter timeGetTime"
0046f620,FUN_0046f620,155,0,"FUN_004b44fd QueryPerformanceCounter timeGetTime"
0046f6f0,FUN_0046f6f0,174,1,""
0046f7a0,FUN_0046f7a0,486,1,"CreateWindowExA FUN_0046f6f0 GetStockObject GetSystemMetrics GetWindowRect LoadCursorA RegisterClassA SendMessageA Sleep"
0046fa20,FUN_0046fa20,638,1,"FUN_00403400 FUN_004034d0 GetDC GetDeviceCaps ReleaseDC"
0046fcb0,FUN_0046fcb0,681,0,"FUN_00403400 FUN_0046fa20 FUN_0046ff60 FUN_0048a688 FUN_00495300"
0046ff60,FUN_0046ff60,750,1,""
00470280,FUN_00470280,371,0,"FUN_00402fc0 FUN_00470500 FUN_0048a688 FUN_0048a940 FUN_00495300 GetConsoleTitleA GetModuleFileNameA GetStartupInfoA __stricmp"
00470410,FUN_00470410,240,0,"FID_conflict:_free FUN_00402e00 FUN_0048a688 GetModuleFileNameA"
00470500,FUN_00470500,297,2,"CoCreateInstance CoInitialize CoUninitialize FID_conflict:_free FUN_0048a036 FUN_0048a688 MultiByteToWideChar"
00470630,FUN_00470630,369,3,"DestroyWindow FUN_004707c0 GetDlgItem SendMessageA"
004707c0,FUN_004707c0,186,0,"IsDlgButtonChecked"
00470880,FUN_00470880,415,1,"DirectInput8Create FUN_00403400 FUN_004468b0"
00470a70,FUN_00470a70,65,1,""
00470ac0,FUN_00470ac0,131,1,"FUN_0048a688"
00470b50,FUN_00470b50,79,0,"FUN_00470880"
00470bd0,FUN_00470bd0,27,1,"FUN_00495300"
00470bf0,FUN_00470bf0,145,1,""
00470c90,FUN_00470c90,105,1,"FUN_00470bf0 FUN_0047a8c0"
00470db0,FUN_00470db0,466,2,"FUN_0047a8c0 FUN_0048a688"
00470fa0,FUN_00470fa0,477,5,"FUN_0047a8c0 FUN_0048a688"
00471180,FUN_00471180,152,1,"FUN_00470db0 FUN_0047a8c0"
004712f0,FUN_004712f0,78,1,"FUN_00470db0"
00471480,FUN_00471480,78,1,"FUN_00470db0"
004714d0,FUN_004714d0,43,1,"FUN_00470db0"
004715e0,FUN_004715e0,112,1,"FUN_00470db0"
00471650,FUN_00471650,447,1,"FUN_00403610"
00471810,FUN_00471810,529,1,"FUN_00403610 FUN_00408380"
00471a30,FUN_00471a30,25,1,"FID_conflict:_free FUN_00471d00"
00471a50,FUN_00471a50,23,1,"FID_conflict:_free FUN_00471d00"
00471a70,FUN_00471a70,83,6,"FUN_00471b40 FUN_0048a697 FUN_00495300"
00471ad0,FUN_00471ad0,23,1,"FID_conflict:_free FUN_00471d00"
00471b40,FUN_00471b40,407,7,"FUN_004013e0 FUN_00401490 FUN_00401830"
00471d00,FUN_00471d00,176,1,"EnterCriticalSection FUN_004018f0 LeaveCriticalSection"
00471db0,FUN_00471db0,1,0,""
00471dc0,FUN_00471dc0,69,1,"CreateThread FUN_00495300"
00471e20,FUN_00471e20,170,0,"CloseHandle Sleep WaitForSingleObject"
00471f10,FUN_00471f10,675,2,"DirectSoundCreate8 FID_conflict:_free FUN_00403400 FUN_00473440 FUN_00485280 FUN_0048a688 FUN_0048a697 FUN_00495300 SetTimer"
004721c0,FUN_004721c0,36,1,"FID_conflict:_free"
00472260,FUN_00472260,39,0,"CreateThread"
00472290,FUN_00472290,298,0,"FID_conflict:_free FID_conflict:_free FUN_004729f0 KillTimer"
004723c0,FUN_004723c0,88,4,"_strncmp"
00472420,FUN_00472420,219,2,"FUN_0048a688 FUN_0048a940"
00472500,FUN_00472500,40,3,"FUN_00402e00"
00472530,FUN_00472530,34,1,"FUN_00402e00"
00472560,FUN_00472560,221,1,"CreateEventA CreateThread FUN_004729f0 FUN_00485360"
00472640,FUN_00472640,87,1,"FUN_00472420 FUN_00486cd0"
004726a0,FUN_004726a0,470,2,"CloseHandle CreateFileA EnterCriticalSection FID_conflict:_free FUN_004073d0 FUN_00472420 FUN_00473970 LeaveCriticalSection ReadFile SetFilePointer _malloc"
00472880,FUN_00472880,293,1,"CreateEventA CreateThread FUN_00472640 FUN_00485710"
004729b0,FUN_004729b0,55,2,"FUN_004863a0"
004729f0,FUN_004729f0,150,1,"CloseHandle FUN_004864f0 PostThreadMessageA WaitForSingleObject"
00472a90,FUN_00472a90,331,1,"CloseHandle Sleep WaitForSingleObject"
00472be0,FUN_00472be0,145,1,""
00472c80,FUN_00472c80,168,1,""
00472d30,FUN_00472d30,47,1,""
00472d60,FUN_00472d60,132,1,""
00472df0,FUN_00472df0,1385,0,"CloseHandle EnterCriticalSection FUN_00472420 FUN_004726a0 FUN_00472880 FUN_004729f0 FUN_00473380 FUN_00485c90 FUN_00485f70 FUN_00486330 FUN_004863a0 FUN_00486470 FUN_004864f0 FUN_00486570 FUN_00486600 FUN_00486af0 FUN_00486cd0 FUN_00486ff0 FUN_004870a0 LeaveCriticalSection PostThreadMessageA WaitForSingleObject"
00473380,FUN_00473380,182,2,""
00473440,FUN_00473440,699,1,"FID_conflict:_free FUN_00403400 FUN_004723c0 FUN_00473970 FUN_0048a688 FUN_0048cb20 Sleep _strncmp"
00473700,FUN_00473700,172,0,"FUN_00486890 MsgWaitForMultipleObjects PeekMessageA"
004737b0,FUN_004737b0,150,4,"EnterCriticalSection LeaveCriticalSection"
004738e0,FUN_004738e0,18,2,""
00473900,FUN_00473900,13,2,""
00473910,FUN_00473910,44,2,"FID_conflict:_free"
00473940,FUN_00473940,23,1,""
00473970,FUN_00473970,1,0,""
00473980,FUN_00473980,37,2,""
00473a00,FUN_00473a00,659,3,""
00473ca0,FUN_00473ca0,306,3,"FUN_0040c980 FUN_00495300"
00473de0,FUN_00473de0,357,3,"FUN_00474710 FUN_00495300"
00473f50,FUN_00473f50,215,1,"FUN_00402e00 FUN_00402fc0 FUN_0048a688 FUN_0048aff2"
00474030,FUN_00474030,733,1,"FUN_00403610 FUN_00403770 FUN_004037b0 FUN_00403890"
004743a0,FUN_004743a0,254,2,"FUN_00403610"
00474510,FUN_00474510,176,2,""
00474620,FUN_00474620,108,2,""
004746d0,FUN_004746d0,62,2,""
00474710,FUN_00474710,12074,1,"FUN_00403610 FUN_00403770 FUN_004037b0 FUN_00403830 FUN_00406e40 FUN_004084a0 FUN_00408670 FUN_004087f0 FUN_00408d60 FUN_00411060 FUN_00418030 FUN_0041af40 FUN_00473a00 FUN_00474030 FUN_004743a0 FUN_00474510 FUN_00474620 FUN_004746d0 FUN_00477a60 FUN_00477c60 FUN_00478480 FUN_004790a0 FUN_00479730 FUN_004797c0 FUN_00479860 FUN_00479900 FUN_004799b0 FUN_00479a50 FUN_00479b60 FUN_00479c80 FUN_00479ca0 FUN_0047e1d0 FUN_0047ee30 FUN_00484080 FUN_004841a0 FUN_004845f0 FUN_0048a688 FUN_004b413a FUN_004b4530 FUN_004b4a50 FUN_004b4d60 FUN_004b4f20 FUN_004b51f0 _malloc"
00477a60,FUN_00477a60,508,1,""
00477c60,FUN_00477c60,2027,1,"FUN_00403890 FUN_00431cd0 FUN_00479c80"
00478480,FUN_00478480,499,1,"FUN_00409880 FUN_00417e00 FUN_00478780 FUN_00478b20 FUN_00478cf0 FUN_004790f0"
00478680,FUN_00478680,105,3,""
004786f0,FUN_004786f0,48,2,"FUN_00474710"
00478720,FUN_00478720,92,4,"FUN_0040ab20 FUN_00474710"
00478780,FUN_00478780,911,2,"FUN_00404460"
00478b20,FUN_00478b20,464,1,"FUN_00404460"
00478cf0,FUN_00478cf0,837,2,"FUN_00404460 FUN_00406ee0 FUN_00479570 FUN_004795d0"
00479040,FUN_00479040,13,2,""
00479050,FUN_00479050,14,2,""
00479060,FUN_00479060,15,2,""
00479070,FUN_00479070,15,2,""
00479080,FUN_00479080,15,2,""
00479090,FUN_00479090,13,2,""
004790a0,FUN_004790a0,63,1,""
004790f0,FUN_004790f0,755,2,"FUN_00404460"
00479490,FUN_00479490,40,3,""
004794c0,FUN_004794c0,36,2,""
004794f0,FUN_004794f0,40,3,""
00479570,FUN_00479570,92,2,""
004795d0,FUN_004795d0,95,3,""
00479630,FUN_00479630,39,3,""
00479660,FUN_00479660,69,2,""
004796b0,FUN_004796b0,41,3,""
004796e0,FUN_004796e0,62,1,""
00479730,FUN_00479730,39,4,""
00479780,FUN_00479780,54,1,"FUN_004b413a"
004797c0,FUN_004797c0,158,5,""
00479860,FUN_00479860,158,5,""
00479900,FUN_00479900,158,5,""
004799b0,FUN_004799b0,154,5,""
00479a50,FUN_00479a50,268,5,""
00479b60,FUN_00479b60,252,5,""
00479c60,FUN_00479c60,26,4,""
00479c80,FUN_00479c80,32,3,""
00479ca0,FUN_00479ca0,68,3,""
00479d50,FUN_00479d50,804,2,"FUN_0047a8c0"
0047a0a0,FUN_0047a0a0,9,2,"FUN_00479d50"
0047a0b0,FUN_0047a0b0,1960,3,"FUN_00479d50 FUN_0047a8c0 FUN_0047a990"
0047a870,FUN_0047a870,70,0,""
0047a8c0,FUN_0047a8c0,205,1,""
0047a990,FUN_0047a990,241,2,""
0047aae0,FUN_0047aae0,1231,5,"FUN_00431af0"
0047afb0,FUN_0047afb0,51,2,"FUN_0047a0b0 FUN_0047aae0"
0047aff0,FUN_0047aff0,51,2,"FUN_0047a0b0 FUN_0047aae0"
0047b030,FUN_0047b030,63,5,""
0047b070,FUN_0047b070,58,4,""
0047b0b0,FUN_0047b0b0,1212,5,"FUN_00431af0 FUN_0048a688"
0047b570,FUN_0047b570,51,2,"FUN_0047a0b0 FUN_0047b0b0"
0047b5b0,FUN_0047b5b0,51,2,"FUN_0047a0b0 FUN_0047b0b0"
0047b5f0,FUN_0047b5f0,1176,1,"D3DXVec3Project FUN_0048a688 __libm_sse2_sqrt_precise"
0047ba90,FUN_0047ba90,43,2,"FUN_0047a0b0 FUN_0047b5f0"
0047bac0,FUN_0047bac0,1777,2,"FUN_0047a0b0 FUN_0047b5f0 __libm_sse2_sqrt_precise"
0047c1d0,FUN_0047c1d0,672,2,"D3DXMatrixMultiply D3DXMatrixRotationX D3DXMatrixRotationY D3DXMatrixRotationZ FUN_0048a688"
0047c470,FUN_0047c470,71,2,"FUN_0047a0b0 FUN_0047c1d0"
0047c4c0,FUN_0047c4c0,514,2,"D3DXVec3Transform FUN_0047a0b0 FUN_0047c1d0 FUN_0048a688 __libm_sse2_sqrt_precise"
0047c6d0,FUN_0047c6d0,2113,2,"D3DXMatrixMultiply D3DXMatrixRotationX D3DXMatrixRotationY D3DXMatrixRotationZ FUN_00431af0 FUN_00444950 FUN_00444990 FUN_00479d50 FUN_0047a8c0 FUN_0048a688"
0047cf30,FUN_0047cf30,1225,4,"D3DXMatrixMultiply D3DXMatrixRotationX D3DXMatrixRotationY D3DXMatrixRotationZ FUN_00444950 FUN_00444990 FUN_00479d50 FUN_0047a8c0 FUN_0048a688"
0047d400,FUN_0047d400,221,3,""
0047d4e0,FUN_0047d4e0,221,3,""
0047d5c0,FUN_0047d5c0,42,3,""
0047d5f0,FUN_0047d5f0,277,4,"FUN_00479d50 FUN_0047a8c0"
0047d710,FUN_0047d710,138,3,"FUN_00479d50 FUN_0047a8c0 FUN_0047a990"
0047d7a0,FUN_0047d7a0,334,4,"FUN_00479d50 FUN_0047a8c0"
0047d8f0,FUN_0047d8f0,334,4,"FUN_00479d50 FUN_0047a8c0"
0047da40,FUN_0047da40,246,4,"FUN_00479d50 FUN_0047a8c0"
0047db40,FUN_0047db40,1559,2,"FUN_00431cd0 FUN_004448d0 FUN_00444910 FUN_00444990 FUN_00479d50 FUN_0047a0b0 FUN_0047aae0 FUN_0047b0b0 FUN_0047ba90 FUN_0047bac0 FUN_0047c470 FUN_0047c4c0 FUN_0047c6d0 FUN_0047cf30 FUN_0047d5f0 FUN_0047da40 FUN_0047e240 FUN_0047e570 FUN_0047e640 FUN_0047e9c0 FUN_0047eb90"
0047e1d0,FUN_0047e1d0,81,2,"FUN_0047aae0 FUN_0047b0b0"
0047e240,FUN_0047e240,816,7,"FUN_0047a8c0"
0047e570,FUN_0047e570,194,7,"FUN_0047e240"
0047e640,FUN_0047e640,571,5,"FUN_0047a8c0 FUN_0047edc0"
0047e880,FUN_0047e880,319,3,"FUN_0047a8c0"
0047e9c0,FUN_0047e9c0,458,4,"FUN_0047a8c0 FUN_0047edc0"
0047eb90,FUN_0047eb90,553,5,"FUN_0047a8c0 FUN_0047edc0"
0047edc0,FUN_0047edc0,32,3,""
0047edf0,FUN_0047edf0,56,1,"__libm_sse2_sqrt_precise"
0047ee30,FUN_0047ee30,650,1,"FID_conflict:_free FUN_004037b0 FUN_0047f370 _malloc"
0047f0c0,FUN_0047f0c0,636,1,"FUN_0047f370"
0047f370,FUN_0047f370,32,3,""
0047f390,FUN_0047f390,3,1,""
0047f3a0,FUN_0047f3a0,3,1,""
0047f3b0,FUN_0047f3b0,3,1,""
0047f3c0,FUN_0047f3c0,5047,1,"FUN_004013e0 FUN_00401490 FUN_0040c980 FUN_0040cdb0 FUN_0048a697 FUN_0048b092 FUN_00495300"
00480780,FUN_00480780,12,1,"FUN_0040cdb0"
00480790,FUN_00480790,34,1,"FID_conflict:_free"
004807d0,FUN_004807d0,229,1,"FID_conflict:_free FUN_00403e90 FUN_00483d50 `eh_vector_destructor_iterator'"
004808c0,FUN_004808c0,2075,0,""
004810f0,FUN_004810f0,37,3,""
00481120,FUN_00481120,49,3,""
00481160,FUN_00481160,49,3,""
004811a0,FUN_004811a0,48,3,""
004811d0,FUN_004811d0,1921,1,"FUN_0048a688"
00481990,FUN_00481990,107,4,"D3DXLoadSurfaceFromFileInMemory FUN_004811d0"
00481a00,FUN_00481a00,572,7,"D3DXCreateTexture D3DXCreateTextureFromFileInMemoryEx D3DXLoadSurfaceFromSurface FUN_004811d0 FUN_0048a688"
00481c40,FUN_00481c40,459,5,"D3DXCreateTexture D3DXLoadSurfaceFromMemory FUN_0048a688"
00481e10,FUN_00481e10,72,4,"D3DXCreateTexture"
00481e60,FUN_00481e60,68,3,""
00481eb0,FUN_00481eb0,64,1,"FUN_004820a0 FUN_004822e0 FUN_004851f0"
00481f00,FUN_00481f00,411,2,"FUN_00402e00 FUN_004034d0 FUN_004821e0 FUN_0048a688 FUN_0048aff2 FUN_00495300 _malloc"
004820a0,FUN_004820a0,154,3,"FID_conflict:_free FUN_004034d0 FUN_00481f00 FUN_004851f0 FUN_0048a697 FUN_00495300"
00482140,FUN_00482140,147,2,"FUN_004820a0 FUN_004851f0 Sleep"
004821e0,FUN_004821e0,245,3,"FUN_00402e00 FUN_004034d0 FUN_0048a688 FUN_0048aff2"
004822e0,FUN_004822e0,482,1,"FUN_0040c980 FUN_00473ca0 FUN_00474710 FUN_004824d0"
004824d0,FUN_004824d0,745,5,"FUN_004034d0 FUN_00481a00 FUN_00481c40 FUN_00481e10 FUN_00481e60 FUN_00482a90 FUN_0048a688"
004827d0,FUN_004827d0,135,0,"FID_conflict:_free FUN_004822e0 FUN_004828e0"
004828a0,FUN_004828a0,63,2,"FID_conflict:_free FUN_004828e0"
004828e0,FUN_004828e0,356,1,"FID_conflict:_free"
00482a50,FUN_00482a50,53,1,"FID_conflict:_free"
00482a90,FUN_00482a90,233,3,""
00482b80,FUN_00482b80,154,10,"FUN_0046c3f0 FUN_0048a688"
00482c20,FUN_00482c20,234,8,"FUN_0046c3f0 FUN_0048a688 FUN_0048abc1"
00482d10,FUN_00482d10,295,7,"FUN_0046c3f0 FUN_0048a688 FUN_0048abc1"
00482e40,FUN_00482e40,265,7,"FUN_0046c3f0 FUN_0048a688 FUN_0048abc1"
00482f50,FUN_00482f50,255,2,"D3DXLoadSurfaceFromSurface FUN_0047a8c0 FUN_0048a688"
00483050,FUN_00483050,218,7,"D3DXLoadSurfaceFromSurface FUN_0047a8c0"
00483130,FUN_00483130,111,6,"D3DXLoadSurfaceFromSurface FUN_0047a8c0"
00483740,FUN_00483740,237,1,"EnterCriticalSection FUN_00474710 FUN_00483d50 FUN_0048a688 LeaveCriticalSection"
00483830,FUN_00483830,382,1,"EnterCriticalSection FUN_00474710 FUN_00483d50 FUN_0048a688 LeaveCriticalSection"
00483a00,FUN_00483a00,112,2,"EnterCriticalSection FUN_0047db40 LeaveCriticalSection"
00483a70,FUN_00483a70,177,2,""
00483b30,FUN_00483b30,172,2,""
00483be0,FUN_00483be0,177,2,""
00483ca0,FUN_00483ca0,172,2,""
00483d50,FUN_00483d50,431,2,"FID_conflict:_free FID_conflict:_free"
00483f00,FUN_00483f00,379,8,"EnterCriticalSection FUN_0040ab20 FUN_00474710 FUN_00483a70 FUN_00483b30 FUN_00483be0 FUN_00483ca0 FUN_00484de0 LeaveCriticalSection"
00484080,FUN_00484080,283,5,"EnterCriticalSection FUN_0040ab20 FUN_00474710 FUN_00483a70 FUN_00483b30 FUN_00483be0 FUN_00483ca0 FUN_00484de0 LeaveCriticalSection"
004841a0,FUN_004841a0,214,4,"EnterCriticalSection FUN_0040ab20 FUN_00474710 FUN_00483a70 FUN_00484de0 LeaveCriticalSection"
00484280,FUN_00484280,146,2,""
00484320,FUN_00484320,108,2,"FUN_00484280"
00484390,FUN_00484390,128,2,"FUN_00474710 FUN_00484280"
00484410,FUN_00484410,65,1,"FUN_00484280"
00484460,FUN_00484460,49,2,"FUN_00484280"
004844a0,FUN_004844a0,34,1,"FUN_00484280"
004844d0,FUN_004844d0,43,2,"FUN_00484280"
00484500,FUN_00484500,49,2,"FUN_00484280"
00484540,FUN_00484540,34,2,""
00484570,FUN_00484570,30,2,"FUN_00484280"
00484590,FUN_00484590,73,2,""
004845f0,FUN_004845f0,24,1,"FUN_00484280"
00484610,FUN_00484610,17,2,"FUN_00484320"
00484630,FUN_00484630,17,2,"FUN_00484390"
004846f0,FUN_004846f0,56,1,"FUN_00484280"
00484730,FUN_00484730,56,1,"FUN_00484280"
00484770,FUN_00484770,73,2,"FUN_00484280 FUN_00484c00"
004847c0,FUN_004847c0,73,2,"FUN_00484280 FUN_00484c00"
00484810,FUN_00484810,66,1,"FUN_00484280"
00484860,FUN_00484860,48,2,"FUN_00484280"
004848b0,FUN_004848b0,42,2,"FUN_00484280"
004848e0,FUN_004848e0,48,2,"FUN_00484280"
00484910,FUN_00484910,31,2,""
00484930,FUN_00484930,36,2,"FUN_00473a00 FUN_00484280"
00484960,FUN_00484960,25,2,"FUN_00473a00"
00484980,FUN_00484980,19,3,"FUN_00473a00"
004849a0,FUN_004849a0,25,2,"FUN_00485010"
004849c0,FUN_004849c0,19,3,"FUN_00485010"
004849e0,FUN_004849e0,36,3,"FUN_00473a00 FUN_00484280"
00484a10,FUN_00484a10,36,2,"FUN_00484280 FUN_00485010"
00484a40,FUN_00484a40,117,1,"FUN_0048a688 FUN_00495300"
00484ac0,FUN_00484ac0,225,1,"FUN_0048a688 FUN_00495300"
00484bd0,FUN_00484bd0,44,3,"FUN_00484c00"
00484c00,FUN_00484c00,90,2,""
00484c60,FUN_00484c60,86,3,"FUN_00484280 FUN_00484c00"
00484cc0,FUN_00484cc0,58,2,"FUN_00484280 FUN_00484c00"
00484d30,FUN_00484d30,104,3,"EnterCriticalSection FUN_00483a70 FUN_00484de0 LeaveCriticalSection"
00484da0,FUN_00484da0,55,2,"FUN_00484280"
00484de0,FUN_00484de0,159,0,"FUN_0040c980 FUN_0040cdb0 FUN_0048a697"
00484e80,FUN_00484e80,32,1,"FUN_00484280"
00484ea0,FUN_00484ea0,32,1,"FUN_00484280"
00484ec0,FUN_00484ec0,32,1,"FUN_00484280"
00484ee0,FUN_00484ee0,29,1,"FUN_00484280"
00484f00,FUN_00484f00,27,1,"FUN_00484280"
00484f20,FUN_00484f20,146,2,"FUN_00431af0 FUN_00484280"
00485010,FUN_00485010,232,3,"FUN_0040ab20"
00485100,FUN_00485100,9,3,"FUN_00473a00"
00485120,FUN_00485120,19,2,""
00485140,FUN_00485140,19,2,""
00485170,FUN_00485170,41,2,""
004851f0,FUN_004851f0,1,0,""
00485210,FUN_00485210,23,1,""
00485230,FUN_00485230,73,2,"DirectSoundCreate8 FUN_00485280"
00485280,FUN_00485280,211,1,"FUN_0048a688"
00485360,FUN_00485360,879,12,"CloseHandle FID_conflict:_free FUN_00486710 FUN_00486c10 FUN_0048a036 FUN_0048a688 FUN_0048a697"
004856e0,FUN_004856e0,46,1,"CloseHandle FID_conflict:_free"
00485710,FUN_00485710,847,13,"FID_conflict:_free FUN_00486710 FUN_0048a036 FUN_0048a688 FUN_0048a697"
00485a70,FUN_00485a70,489,5,"FUN_00486eb0 FUN_0048a036 FUN_00495300 SetFilePointer Sleep"
00485c60,FUN_00485c60,33,2,"FID_conflict:_free FUN_00485ef0"
00485c90,FUN_00485c90,605,2,"FID_conflict:_free FUN_0048a036 FUN_0048a688"
00485ef0,FUN_00485ef0,126,1,"CloseHandle FID_conflict:_free FID_conflict:_free"
00485f70,FUN_00485f70,366,4,"FUN_00486db0 FUN_00486eb0 FUN_00495300 Sleep"
004860e0,FUN_004860e0,366,5,"FUN_00486db0 FUN_00486eb0 FUN_00495300 Sleep"
00486250,FUN_00486250,105,2,"Sleep"
004862c0,FUN_004862c0,110,1,"FUN_0048c91c"
00486330,FUN_00486330,23,1,""
00486350,FUN_00486350,68,3,""
004863a0,FUN_004863a0,204,4,"FUN_0046f4e0 FUN_00485f70 FUN_00486250 FUN_004862c0 FUN_00486470 FUN_00486670"
00486470,FUN_00486470,114,2,""
004864f0,FUN_004864f0,128,2,"CloseHandle"
00486570,FUN_00486570,144,1,"CloseHandle FUN_0046f4e0 SetFilePointer"
00486600,FUN_00486600,103,1,"FUN_0046f4e0 FUN_00486cd0"
00486670,FUN_00486670,57,1,""
004866b0,FUN_004866b0,82,1,""
00486710,FUN_00486710,84,5,"FUN_00485a70"
00486770,FUN_00486770,39,2,"FID_conflict:_free FUN_00485ef0"
00486890,FUN_00486890,597,1,"EnterCriticalSection FUN_00485f70 FUN_00486250 FUN_00486db0 FUN_00486eb0 FUN_00495300 LeaveCriticalSection"
00486af0,FUN_00486af0,182,2,"FUN_00485f70 FUN_00486250 FUN_00486db0"
00486be0,FUN_00486be0,33,1,"CloseHandle"
00486c10,FUN_00486c10,185,3,"CreateFileA FUN_00486db0 FUN_004871c0 FormatMessageA GetLastError LocalFree"
00486cd0,FUN_00486cd0,143,3,"FUN_00486c10 FUN_00486db0 FUN_004871c0"
00486d60,FUN_00486d60,52,4,""
00486db0,FUN_00486db0,244,3,"SetFilePointer"
00486eb0,FUN_00486eb0,200,4,"FUN_0048cb20 ReadFile"
00486f80,FUN_00486f80,35,1,"CloseHandle"
00486fb0,FUN_00486fb0,41,2,"FUN_00486ff0 FUN_004870a0"
00486fe0,FUN_00486fe0,12,3,"FUN_00486cd0"
00486ff0,FUN_00486ff0,176,1,"FUN_0046f4e0"
004870a0,FUN_004870a0,233,1,"EnterCriticalSection FUN_00485c90 FUN_00485f70 FUN_004863a0 FUN_00486af0 LeaveCriticalSection"
004871c0,FUN_004871c0,1,0,""
004871d0,FUN_004871d0,1,0,""
004871e0,FUN_004871e0,18,2,""
00487200,FUN_00487200,12,2,""
00487220,FUN_00487220,16,2,""
00487240,FUN_00487240,763,3,"FUN_004871d0 FUN_00489a90"
00487540,FUN_00487540,6542,1,"FUN_004037b0 FUN_00403890 FUN_00417e00 FUN_00418030 FUN_00487240 FUN_00489100 FUN_00489190 FUN_00489370 FUN_004893f0 FUN_004894b0 FUN_004895c0 FUN_00489600 FUN_004896b0 FUN_00489760 FUN_00489790 FUN_004897c0 FUN_00489810 FUN_00489ce0 FUN_00489d30 FUN_004b411a FUN_004b4d60 FUN_004b4f20 __libm_sse2_sqrt_precise"
00489040,FUN_00489040,190,1,"FID_conflict:_free FUN_00487540"
00489100,FUN_00489100,137,2,""
00489190,FUN_00489190,203,2,""
00489260,FUN_00489260,101,2,""
004892d0,FUN_004892d0,151,1,""
00489370,FUN_00489370,125,1,""
004893f0,FUN_004893f0,183,1,""
004894b0,FUN_004894b0,99,2,""
00489520,FUN_00489520,146,1,""
004895c0,FUN_004895c0,52,1,""
00489600,FUN_00489600,95,2,""
00489660,FUN_00489660,73,2,""
004896b0,FUN_004896b0,171,3,"FUN_0041d020 FUN_00487240 FUN_0048a697"
00489760,FUN_00489760,39,2,""
00489790,FUN_00489790,35,1,""
004897c0,FUN_004897c0,71,0,""
00489810,FUN_00489810,32,3,""
00489840,FUN_00489840,16,2,""
00489850,FUN_00489850,16,2,""
00489880,FUN_00489880,527,2,"FID_conflict:_free FUN_0048cb20 _malloc"
00489a90,FUN_00489a90,133,2,""
00489b20,FUN_00489b20,76,2,"FUN_0041d2e0 FUN_00489a90 FUN_0048a697"
00489b70,FUN_00489b70,43,3,"FUN_00489a90"
00489ba0,FUN_00489ba0,46,3,"FUN_00489a90"
00489bd0,FUN_00489bd0,55,4,""
00489c10,FUN_00489c10,97,4,""
00489c80,FUN_00489c80,92,4,""
00489ce0,FUN_00489ce0,66,2,""
00489d30,FUN_00489d30,37,1,""
00489d60,FUN_00489d60,42,2,"FUN_00489a90"
0048a036,FUN_0048a036,9,1,"FUN_0048a697"
0048a03f,_Allocate<char>,39,2,"FUN_0048a4c3 FUN_0048a697"
0048a066,FUN_0048a066,8,1,""
0048a06e,FUN_0048a06e,19,3,""
0048a082,FUN_0048a082,8,1,""
0048a08d,FUN_0048a08d,27,2,"exception"
0048a0a8,FUN_0048a0a8,38,1,"FUN_0048d2c4"
0048a0ce,FUN_0048a0ce,27,2,"exception"
0048a0e9,FUN_0048a0e9,20,1,"FUN_0048d302"
0048a0fd,FUN_0048a0fd,27,2,"exception"
0048a118,FUN_0048a118,34,2,"exception"
0048a13a,FUN_0048a13a,27,2,"exception"
0048a155,FUN_0048a155,34,2,"exception"
0048a177,FUN_0048a177,27,2,"exception"
0048a192,FUN_0048a192,28,1,"exception"
0048a1ae,FUN_0048a1ae,27,2,"exception"
0048a1c9,FUN_0048a1c9,34,2,"exception"
0048a1eb,FUN_0048a1eb,27,2,"exception"
0048a206,FUN_0048a206,34,2,"exception"
0048a228,FUN_0048a228,36,2,"exception"
0048a24c,FUN_0048a24c,48,2,"_Stringify exception"
0048a27c,FUN_0048a27c,27,2,"exception"
0048a297,FUN_0048a297,28,1,"exception"
0048a2e6,FUN_0048a2e6,37,2,"FID_conflict:_free FUN_0048d334"
0048a30b,FUN_0048a30b,31,2,"FID_conflict:_free FUN_0048d334"
0048a32a,FUN_0048a32a,31,2,"FID_conflict:_free FUN_0048d334"
0048a349,FUN_0048a349,31,2,"FID_conflict:_free FUN_0048d334"
0048a368,FUN_0048a368,31,2,"FID_conflict:_free FUN_0048d334"
0048a387,FUN_0048a387,31,2,"FID_conflict:_free FUN_0048d334"
0048a3a6,FUN_0048a3a6,31,2,"FID_conflict:_free FUN_0048d334"
0048a3c5,FUN_0048a3c5,31,2,"FID_conflict:_free FUN_0048d334"
0048a3e4,FUN_0048a3e4,31,2,"FID_conflict:_free FUN_0048d334"
0048a403,_Stringify,130,1,""
0048a4c3,FUN_0048a4c3,48,0,"FUN_0048d2c4 FUN_0048d46d"
0048a4f4,FUN_0048a4f4,35,0,"FUN_0048d302 FUN_0048d46d"
0048a518,FUN_0048a518,45,1,"FUN_0048d46d exception"
0048a546,FUN_0048a546,45,1,"FUN_0048d46d exception"
0048a574,FUN_0048a574,45,1,"FUN_0048d46d exception"
0048a5a2,FUN_0048a5a2,45,1,"FUN_0048d46d exception"
0048a5d0,FUN_0048a5d0,31,1,"FUN_0048a24c FUN_0048d46d"
0048a5f0,FUN_0048a5f0,45,1,"FUN_0048d46d exception"
0048a62e,FUN_0048a62e,6,0,""
0048a634,FUN_0048a634,42,1,""
0048a65e,FUN_0048a65e,42,1,""
0048a688,FUN_0048a688,15,1,"___report_gsfailure"
0048a697,FUN_0048a697,80,1,"FUN_0048d2c4 FUN_0048d46d __callnewh _malloc"
0048a6e8,FID_conflict:_free,5,1,""
0048a6ed,__heap_alloc,61,1,"FUN_0048e1a3 HeapAlloc __FF_MSGBANNER ___crtExitProcess"
0048a72a,_malloc,146,1,"FUN_0048e1a3 HeapAlloc __FF_MSGBANNER ___crtExitProcess __callnewh __errno"
0048a7bc,FID_conflict:_free,56,1,"GetLastError HeapFree __errno __get_errno_from_oserr"
0048a823,FUN_0048a823,59,1,"FUN_0048a861 FUN_0048a867 FUN_0048dff1 __SEH_epilog4 __SEH_prolog4"
0048a861,FUN_0048a861,6,0,"FUN_0048dffa"
0048a867,FUN_0048a867,184,1,"DecodePointer EncodePointer FUN_0048e48f FUN_0048e54f"
0048a91f,FUN_0048a91f,21,1,"FUN_0048a823"
0048a940,FUN_0048a940,311,2,""
0048aa77,FUN_0048aa77,26,2,"FUN_0048aa91"
0048aa91,FUN_0048aa91,92,4,"FUN_0048eb54 __errno"
0048aaed,FUN_0048aaed,27,3,"FUN_0048aa91"
0048ab08,FUN_0048ab08,26,2,"FUN_0048aa91"
0048ab22,FUN_0048ab22,27,3,"FUN_0048aa91"
0048ab3d,FUN_0048ab3d,132,4,"FUN_0048eb54 FUN_0048ebcf FUN_0048ed1e __errno"
0048abc1,FUN_0048abc1,24,3,"FUN_0048ab3d"
0048abd9,FUN_0048abd9,153,6,"CreateThread FID_conflict:__dosmaperr FID_conflict:_free FUN_0048e4c0 FUN_0048eb54 FUN_004912dc GetLastError __errno __getptd"
0048ac72,__callthreadstartex,53,0,"FUN_00490f2b __SEH_prolog4 __endthreadex __getptd"
0048acb3,FUN_0048acb3,31,5,"CreateThread"
0048acd2,__endthreadex,45,1,"ExitThread __freeptd __getptd_noexit __uninitMTAoncurrentthread"
0048ad00,__initMTAoncurrentthread,88,0,"DecodePointer EncodePointer GetProcAddress LoadLibraryExW"
0048ad58,__threadstartex@4,125,1,"ExitThread FUN_004910d8 FUN_004910ea FUN_0049159a FUN_004915b9 FUN_004916d2 GetCurrentThreadId GetLastError __callthreadstartex __initMTAoncurrentthread"
0048add5,__uninitMTAoncurrentthread,80,0,"DecodePointer EncodePointer GetProcAddress LoadLibraryExW"
0048ae30,~type_info,14,1,"_Type_info_dtor"
0048ae43,operator==,30,2,"_strcmp"
0048ae61,operator!=,31,2,"_strcmp"
0048ae80,`scalar_deleting_destructor',31,2,"FID_conflict:_free ~type_info"
0048ae9f,_name_internal_method,18,2,"_Name_base_internal"
0048aeb9,before,32,2,"_strcmp"
0048aed9,name,18,2,"_Name_base"
0048aeeb,FUN_0048aeeb,4,1,""
0048aeef,FUN_0048aeef,19,1,"FUN_0048aa77"
0048af02,FUN_0048af02,23,2,"FUN_0048aaed"
0048af19,FUN_0048af19,19,1,"FUN_0048ab08"
0048af2c,FUN_0048af2c,23,2,"FUN_0048ab22"
0048af43,FUN_0048af43,31,4,"FUN_00491fb1"
0048af62,FUN_0048af62,32,5,"FUN_00491fb1"
0048af82,FUN_0048af82,26,3,"FUN_0048ab3d"
0048af9c,FUN_0048af9c,28,3,"FID_conflict:__vswprintf_p_l"
0048afb8,FUN_0048afb8,29,4,"FID_conflict:__vswprintf_p_l"
0048afd5,__sprintf_s_l,29,4,"__vsprintf_s_l"
0048aff2,FUN_0048aff2,132,2,"FUN_0048eb54 FUN_0048ebcf FUN_0048ed1e __errno"
0048b076,_sprintf_s,28,3,"__vsprintf_s_l"
0048b092,FUN_0048b092,72,4,"FUN_0048b0e0 __SEH_epilog4 __SEH_prolog4"
0048b0e0,FUN_0048b0e0,20,0,"__ArrayUnwind"
0048b0f4,`eh_vector_destructor_iterator',83,4,"FUN_0048b153 __SEH_epilog4 __SEH_prolog4"
0048b153,FUN_0048b153,16,0,"__ArrayUnwind"
0048b163,ArrayUnwindFilter,25,1,"terminate"
0048b17c,__ArrayUnwind,50,4,"__SEH_epilog4 __SEH_prolog4"
0048b1da,FUN_0048b1da,284,1,"FID_conflict:__dosmaperr FID_conflict:_free FUN_0048a688 FUN_0048e4c0 FUN_0048eb54 FUN_00492220 GetCurrentDirectoryA GetLastError SetCurrentDirectoryA SetEnvironmentVariableA ___doserrno __errno"
0048b2f6,FUN_0048b2f6,66,1,"FID_conflict:_free FUN_0048db65 __wmkdir"
0048b338,FUN_0048b338,81,1,"GetSystemTimeAsFileTime __aulldiv"
0048b389,FUN_0048b389,20,1,"FUN_004925f8"
0048b39d,FUN_0048b39d,23,2,"FUN_00492622"
0048b3b4,FUN_0048b3b4,9,2,"FUN_0048b3bd"
0048b3bd,FUN_0048b3bd,23,2,"FUN_00492921"
0048b3d4,FUN_0048b3d4,23,2,"FUN_00492622"
0048b3eb,FUN_0048b3eb,9,1,"_atol"
0048b3f4,_atol,20,1,"FUN_00492957"
0048b408,FUN_0048b408,20,1,"FUN_004925f8"
0048b420,FUN_0048b420,299,2,""
0048b54b,__beginthread,159,3,"CreateThread FID_conflict:__dosmaperr FID_conflict:_free FUN_0048e4c0 FUN_0048eb54 FUN_004912dc GetLastError ResumeThread __errno __getptd"
0048b5ea,__callthreadstart,53,0,"FUN_00490f2b __SEH_prolog4 __endthread __getptd"
0048b62b,__endthread,42,0,"CloseHandle ExitThread __freeptd __getptd_noexit"
0048b656,__threadstart@4,87,1,"ExitThread FUN_004910d8 FUN_004910ea FUN_0049159a FUN_004915b9 GetLastError __callthreadstart"
0048b6b0,_strncmp,116,3,""
0048b728,FUN_0048b728,31,3,"FUN_0048b7a2"
0048b747,FUN_0048b747,31,3,"FUN_0048b7a2"
0048b766,FUN_0048b766,30,2,"FUN_0048b7a2"
0048b784,FUN_0048b784,30,2,"FUN_0048b7a2"
0048b7a2,FUN_0048b7a2,115,5,"FUN_0048eb54 __errno _strlen"
0048b815,FUN_0048b815,29,3,"FUN_0048b7a2"
0048b832,FUN_0048b832,29,3,"FUN_0048b7a2"
0048b84f,FUN_0048b84f,31,6,"__invoke_watson"
0048b86f,FUN_0048b86f,37,1,"FUN_0048b894 FUN_00495b89"
0048b894,FUN_0048b894,633,2,"FUN_0048eb54 FUN_00494f93 FUN_00494fbd FUN_00494fe7 FUN_004950c9 FUN_00495300 ___tzset __alldiv __allrem __errno __invoke_watson __isindst"
0048bb0e,___raise_securityfailure,61,1,"FUN_00495e82 IsDebuggerPresent ___crtTerminateProcess ___crtUnhandledException"
0048bb4b,___report_gsfailure,251,0,"IsProcessorFeaturePresent ___raise_securityfailure"
0048bc46,___report_rangecheckfailure,12,0,"___report_securityfailure"
0048bc52,___report_securityfailure,208,1,"IsProcessorFeaturePresent ___raise_securityfailure"
0048bd22,___report_securityfailureEx,278,3,"IsProcessorFeaturePresent ___raise_securityfailure"
0048be38,FID_conflict:_free,5,1,""
0048be4a,FUN_0048be4a,34,0,"DecodePointer FUN_00495e8a _abort"
0048be6c,FUN_0048be6c,37,1,"DecodePointer EncodePointer"
0048bea0,FUN_0048bea0,1427,3,""
0048c4e4,FUN_0048c4e4,136,2,"FUN_00496361 FUN_004966e3 __getptd"
0048c57d,___ascii_stricmp,57,2,""
0048c5b6,__stricmp,71,2,"FUN_0048c5fd FUN_0048eb54 ___ascii_stricmp __errno"
0048c5fd,FUN_0048c5fd,149,3,"FUN_0048c4e4 FUN_0048eb54 FUN_00496b58 ___ascii_stricmp __errno"
0048c692,__cabs,31,1,"FUN_0048c6d0"
0048c6b1,__hypot,31,2,"FUN_0048c6d0"
0048c6d0,FUN_0048c6d0,588,4,"FUN_00497ef4 FUN_00497fc9 FUN_0049809b FUN_00498261 FUN_0049858f __ctrlfp __set_exp"
0048c91c,FUN_0048c91c,33,0,"__getptd"
0048c93d,FUN_0048c93d,16,1,"__getptd"
0048c94d,entry,300,0,"FUN_0046dba0 FUN_0048de5d FUN_0048e472 FUN_0049138f FUN_00491669 FUN_00498c0d FUN_00498f20 FUN_0049914f FUN_00499230 FUN_00499319 FUN_00499359 GetCommandLineA __SEH_epilog4 __SEH_prolog4 ___security_init_cookie __amsg_exit __cexit __wincmdln _exit fast_error_exit"
0048caed,fast_error_exit,39,1,"FUN_0048e1a3 __FF_MSGBANNER ___crtExitProcess"
0048cb20,FUN_0048cb20,1427,3,""
0048d170,_strlen,139,1,""
0048d1fb,FUN_0048d1fb,27,2,"FUN_0048d268"
0048d216,FUN_0048d216,27,1,"FUN_0048d283"
0048d231,FUN_0048d231,27,2,"exception"
0048d24c,FUN_0048d24c,28,1,"exception"
0048d268,FUN_0048d268,27,2,"exception"
0048d283,FUN_0048d283,28,1,"exception"
0048d29f,exception,37,2,"FUN_0048d406"
0048d2c4,FUN_0048d2c4,27,2,""
0048d2df,exception,35,2,"operator="
0048d302,FUN_0048d302,17,1,""
0048d334,FUN_0048d334,11,1,"_Tidy"
0048d33f,operator=,51,2,"FUN_0048d406 _Tidy"
0048d372,FUN_0048d372,37,2,"FID_conflict:_free _Tidy"
0048d397,FUN_0048d397,37,2,"FID_conflict:_free _Tidy"
0048d3bc,FUN_0048d3bc,37,2,"FID_conflict:_free _Tidy"
0048d3e1,FUN_0048d3e1,37,2,"FID_conflict:_free _Tidy"
0048d406,FUN_0048d406,62,2,"_malloc _strcpy_s _strlen"
0048d444,_Tidy,28,1,"FID_conflict:_free"
0048d460,FUN_0048d460,13,1,""
0048d46d,FUN_0048d46d,99,2,"RaiseException"
0048d4d0,__EH_epilog3,20,0,""
0048d56b,__EH_prolog3_catch,54,1,""
0048d5da,FUN_0048d5da,49,3,"FUN_0048a688 FUN_0049a65d"
0048d60b,__TranslatorGuardHandler,154,3,"FUN_0048a688 FUN_0048d71f FUN_0049a65d _UnwindNestedFrames"
0048d6aa,_CallCatchBlock2,96,5,"__CallSettingFrame@12"
0048d70a,_CallMemberFunction0,7,2,""
0048d711,FID_conflict:_CallMemberFunction1,7,2,""
0048d718,FID_conflict:_CallMemberFunction1,7,2,""
0048d71f,FUN_0048d71f,215,7,"__getptd"
0048d7f6,FUN_0048d7f6,126,5,"FUN_00492190"
0048d874,_JumpToContinuation,43,2,""
0048d8a6,_UnwindNestedFrames,85,2,"RtlUnwind"
0048d8fb,__CreateFrameInfo,42,2,"__getptd"
0048d925,__FindAndUnlinkFrame,80,1,"FUN_00492190 __getptd"
0048d975,__IsExceptionObjectToBeDestroyed,41,1,"__getptd"
0048d99e,FID_conflict:___CxxFrameHandler3,54,4,"FUN_0049a65d"
0048d9d4,FID_conflict:___CxxFrameHandler3,54,4,"FUN_0049a65d"
0048da0a,FID_conflict:___CxxFrameHandler3,54,4,"FUN_0049a65d"
0048da40,___CxxLongjmpUnwind@4,29,1,"___FrameUnwindToState"
0048da5d,FUN_0048da5d,23,1,"FUN_0048da87 FUN_0049b29a"
0048da74,FUN_0048da74,19,1,""
0048da87,FUN_0048da87,96,0,""
0048dafd,_set_new_handler,53,1,"DecodePointer EncodePointer FUN_0049b46a __lock"
0048db32,__callnewh,38,1,"DecodePointer"
0048db58,FUN_0048db58,13,1,""
0048db65,FUN_0048db65,178,2,"AreFileApisANSI FID_conflict:__dosmaperr FID_conflict:_free FUN_0048e508 FUN_0048eb54 FUN_004916d2 GetLastError MultiByteToWideChar __errno"
0048dc17,FUN_0048dc17,181,2,"AreFileApisANSI FID_conflict:__dosmaperr FID_conflict:_free FUN_0048e508 FUN_0048eb54 FUN_004916d2 GetLastError WideCharToMultiByte __errno"
0048dccc,FUN_0048dccc,52,1,"GetModuleHandleExW GetProcAddress"
0048dd00,___crtExitProcess,21,1,"ExitProcess FUN_0048dccc"
0048de23,__amsg_exit,28,1,"FUN_0048e1a3 __FF_MSGBANNER __exit"
0048de4e,__cexit,15,0,"doexit"
0048de5d,FUN_0048de5d,132,1,"FUN_0048a91f FUN_0048da5d FUN_0048df99 FUN_0049b2c1 __IsNonwritableInCurrentImage __initterm_e"
0048dee1,__exit,20,1,"doexit"
0048df03,FUN_0048df03,47,1,"FUN_0048eb54 __errno"
0048df32,FUN_0048df32,47,1,"FUN_0048eb54 __errno"
0048df61,FUN_0048df61,56,0,"EncodePointer FUN_0048db58 FUN_0048eb1c FUN_00491712 FUN_0049220f FUN_004960c5 FUN_0049b5e0 FUN_0049baed"
0048df99,FUN_0048df99,54,2,""
0048dfcf,__initterm_e,34,2,""
0048dff1,FUN_0048dff1,9,0,"__lock"
0048dffa,FUN_0048dffa,9,0,"FUN_0049b46a"
0048e003,doexit,288,3,"DecodePointer EncodePointer FUN_0048df99 FUN_0048e11d FUN_0049b46a __SEH_epilog4 __SEH_prolog4 ___crtExitProcess __lock"
0048e11d,FUN_0048e11d,15,0,"FUN_0049b46a"
0048e132,_exit,20,1,"doexit"
0048e146,__FF_MSGBANNER,57,0,"FUN_0048e1a3 __set_error_mode"
0048e17f,__GET_RTERRMSG,36,1,""
0048e1a3,FUN_0048e1a3,444,1,"FUN_0048a688 FUN_0049bdb8 FUN_0049be76 GetModuleFileNameW GetStdHandle WriteFile __GET_RTERRMSG __invoke_watson __set_error_mode _strlen _wcscat_s _wcscpy_s _wcslen"
0048e360,___doserrno,19,0,"__getptd_noexit"
0048e373,FID_conflict:__dosmaperr,33,1,"___doserrno __errno __get_errno_from_oserr"
0048e394,__errno,19,0,"__getptd_noexit"
0048e3a7,FUN_0048e3a7,35,1,"FUN_0048eb54 ___doserrno"
0048e3ca,FUN_0048e3ca,35,1,"FUN_0048eb54 __errno"
0048e3ed,__get_errno_from_oserr,65,1,""
0048e42e,FID_conflict:__set_doserrno,31,1,"___doserrno __getptd_noexit"
0048e44d,FID_conflict:__set_doserrno,31,1,"__errno __getptd_noexit"
0048e472,FUN_0048e472,21,0,"GetProcessHeap"
0048e48f,FUN_0048e48f,49,1,"FUN_0048eb54 HeapSize __errno"
0048e4c0,FUN_0048e4c0,72,2,"FUN_00491a2f __calloc_impl"
0048e508,FUN_0048e508,71,1,"FUN_00491a2f _malloc"
0048e54f,FUN_0048e54f,74,2,"FUN_00491a2f _realloc"
0048e599,FUN_0048e599,78,3,"FUN_00491a2f FUN_0049c125"
0048e5e7,FUN_0048e5e7,19,1,""
0048e5fa,FUN_0048e5fa,36,1,"FUN_00491a2f"
0048e620,__SEH_prolog4,69,2,""
0048e665,__SEH_epilog4,20,0,""
0048e680,_ValidateLocalCookies,50,2,"FUN_0048a688"
0048e6c0,FUN_0048e6c0,404,3,"FUN_0048a688 FUN_0049c332 _EH4_CallFilterFunc _EH4_LocalUnwind _EH4_TransferToHandler __IsNonwritableInCurrentImage ___DestructExceptionObject"
0048e854,FUN_0048e854,377,0,"IsProcessorFeaturePresent"
0048e9d2,FUN_0048e9d2,23,5,"__invoke_watson"
0048e9ea,FUN_0048e9ea,293,3,"FUN_0048a688 FUN_00495300 FUN_00495e82 IsDebuggerPresent ___crtUnhandledException"
0048eb1c,FUN_0048eb1c,13,1,""
0048eb29,FUN_0048eb29,42,5,"DecodePointer __invoke_watson"
0048eb54,FUN_0048eb54,16,0,"FUN_0048eb29"
0048eb7f,__invoke_watson,43,5,"FUN_0048e9ea IsProcessorFeaturePresent ___crtTerminateProcess"
0048ebaa,FUN_0048ebaa,37,1,"DecodePointer EncodePointer"
0048ebcf,FUN_0048ebcf,335,2,"FUN_0049c3fc FUN_0049c4fc FUN_0049c550 FUN_0049cea4 __errno __fileno __getbuf"
0048ed1e,FUN_0048ed1e,2912,4,"DecodePointer FID_conflict:_free FUN_0048a688 FUN_0048c4e4 FUN_0048e508 FUN_0048eb54 FUN_0048f946 FUN_0049d0a1 FUN_0049d310 FUN_0049d613 __aulldvrm __errno __fileno _strlen write_char write_multi_char"
0048f89e,FUN_0048f89e,19,1,""
0048f8b1,FUN_0048f8b1,16,1,""
0048f8c1,FUN_0048f8c1,17,1,""
0048f8d2,write_char,72,3,"FUN_0048ebcf"
0048f91a,write_multi_char,44,4,"write_char"
0048f946,FUN_0048f946,120,5,"write_char"
0048f9be,FUN_0048f9be,4885,4,"DecodePointer FID_conflict:_free FUN_0048a688 FUN_0048c4e4 FUN_0048e508 FUN_0048eb54 FUN_00490eb3 FUN_00492957 FUN_00495300 FUN_0049d0a1 FUN_0049d310 FUN_0049d613 __aulldvrm __errno __fileno __validate_param_reuseA _strlen write_char write_multi_char"
00490cf6,__validate_param_reuseA,310,4,""
00490e2c,FUN_00490e2c,19,1,""
00490e3f,write_char,72,3,"FUN_0048ebcf"
00490e87,write_multi_char,44,4,"write_char"
00490eb3,FUN_00490eb3,120,5,"write_char"
00490f2b,FUN_00490f2b,347,2,"__getptd_noexit"
00491086,___CppXcptFilter,30,2,"FUN_00490f2b"
004910a4,FUN_004910a4,52,2,""
004910d8,FUN_004910d8,6,0,""
004910ea,FUN_004910ea,285,1,"FID_conflict:_free FUN_0049120a FUN_00491216 FUN_00496167 FUN_004962c1 __SEH_epilog4 __SEH_prolog4 __lock"
0049120a,FUN_0049120a,9,0,"FUN_0049b46a"
00491216,FUN_00491216,9,0,"FUN_0049b46a"
0049121f,__freeptd,54,1,"FUN_004910ea FUN_0049159a FUN_004915b9"
00491255,__getptd,24,0,"__amsg_exit __getptd_noexit"
0049126d,__getptd_noexit,111,0,"FID_conflict:_free FUN_0048e4c0 FUN_004912dc FUN_0049159a FUN_004915b9 GetCurrentThreadId GetLastError SetLastError"
004912dc,FUN_004912dc,155,2,"FUN_0049137d FUN_00491386 FUN_004960d2 __SEH_epilog4 __SEH_prolog4 __lock"
0049137d,FUN_0049137d,9,0,"FUN_0049b46a"
00491386,FUN_00491386,9,0,"FUN_0049b46a"
0049138f,FUN_0049138f,118,0,"FUN_0048df61 FUN_0048e4c0 FUN_004912dc FUN_0049155d FUN_004915b9 FUN_0049b431 GetCurrentThreadId __mtterm"
00491405,__mtterm,29,0,"FUN_0049157b __mtdeletelocks"
00491422,FUN_00491422,45,0,""
0049144f,FUN_0049144f,23,1,""
00491466,FUN_00491466,23,1,""
0049147d,FUN_0049147d,59,4,"CreateEventW"
004914b8,FUN_004914b8,58,6,"CreateSemaphoreW"
004914f2,FUN_004914f2,41,3,"SetLastError"
0049151b,FUN_0049151b,33,3,""
0049153c,FUN_0049153c,33,3,""
0049155d,FUN_0049155d,30,1,""
0049157b,FUN_0049157b,31,1,"TlsFree"
0049159a,FUN_0049159a,31,1,"TlsGetValue"
004915b9,FUN_004915b9,34,2,"TlsSetValue"
004915eb,FUN_004915eb,26,2,""
00491617,FUN_00491617,44,4,"SetLastError"
00491643,FUN_00491643,38,2,"SetLastError"
00491669,FUN_00491669,35,0,"GetStartupInfoW"
004916a4,FUN_004916a4,46,3,"InitializeCriticalSectionAndSpinCount"
004916d2,FUN_004916d2,64,0,""
00491712,FUN_00491712,651,0,"GetModuleHandleW GetProcAddress"
0049199d,FUN_0049199d,44,4,"SetLastError"
004919c9,FUN_004919c9,27,1,""
004919e4,FUN_004919e4,32,4,""
00491a04,FUN_00491a04,29,3,""
00491a21,FUN_00491a21,14,1,"SetUnhandledExceptionFilter"
00491a2f,FUN_00491a2f,14,1,"Sleep"
00491a3d,___crtTerminateProcess,21,1,"GetCurrentProcess TerminateProcess"
00491a52,___crtUnhandledException,22,1,"SetUnhandledExceptionFilter UnhandledExceptionFilter"
00491a68,FUN_00491a68,26,2,""
00491a90,_strcmp,133,2,""
00491b1c,_Name_base,229,2,"FID_conflict:_free FUN_00491c04 FUN_004a3f15 __SEH_epilog4 __SEH_prolog4 __invoke_watson __lock _malloc _strcpy_s _strlen"
00491c04,FUN_00491c04,9,0,"FUN_0049b46a"
00491c0d,_Name_base_internal,254,2,"FID_conflict:_free FUN_00491d0e __SEH_epilog4 __SEH_prolog4 ___unDNameHelper __invoke_watson __local_unwind4 __lock _malloc _strcpy_s _strlen"
00491d0e,FUN_00491d0e,9,0,"FUN_0049b46a"
00491d17,_Type_info_dtor,104,1,"FID_conflict:_free FUN_00491d7f __SEH_epilog4 __SEH_prolog4 __lock"
00491d7f,FUN_00491d7f,9,0,"FUN_0049b46a"
00491e4c,___unDNameHelper,46,4,"FUN_004a3f15"
00491e7a,FUN_00491e7a,39,4,"FUN_00491ec9"
00491ea1,FUN_00491ea1,40,5,"FUN_00491ec9"
00491ec9,FUN_00491ec9,202,6,"FUN_0048eb54 FUN_0048ebcf __errno"
00491f93,FUN_00491f93,30,5,"FUN_00491fb1"
00491fb1,FUN_00491fb1,256,6,"FUN_0048eb54 FUN_00491ec9 __errno"
004920b1,FUN_004920b1,39,4,"FUN_00491ec9"
004920d8,FID_conflict:__vswprintf_p_l,40,5,"FUN_00491ec9"
00492100,__vsprintf_s_l,117,5,"FUN_0048eb54 FUN_00491ec9 __errno"
00492175,_vsprintf_s,27,4,"__vsprintf_s_l"
00492190,FUN_00492190,48,0,"DecodePointer __SEH_prolog4 terminate"
004921c8,terminate,44,0,"__SEH_prolog4 __getptd _abort"
004921fc,FUN_004921fc,19,0,"__getptd terminate"
0049220f,FUN_0049220f,17,0,"EncodePointer"
00492220,FUN_00492220,17,1,"FUN_00492231"
00492231,FUN_00492231,151,2,"FUN_0048c4e4 FUN_004a42a2"
004922c8,__wmkdir,49,1,"CreateDirectoryW FID_conflict:__dosmaperr GetLastError"
00492300,__aulldiv,104,4,""
00492368,FUN_00492368,624,5,"FUN_0048c4e4 FUN_0048eb54 FUN_004a4461 __allmul __aulldvrm __errno"
004925d8,FUN_004925d8,32,3,"FUN_004a4512"
004925f8,FUN_004925f8,42,3,"FUN_00492368"
00492622,FUN_00492622,27,4,"FUN_00492368"
0049263d,FUN_0049263d,9,4,"FUN_00492622"
00492646,FUN_00492646,9,3,"FUN_004a4306"
0049264f,FUN_0049264f,9,4,"FUN_00492622"
00492658,FUN_00492658,42,3,"FUN_00492368"
00492682,FUN_00492682,27,4,"FUN_00492368"
0049269d,FUN_0049269d,9,4,"FUN_00492682"
004926a6,FUN_004926a6,9,4,"FUN_00492682"
004926af,FUN_004926af,31,2,"FUN_004a4512"
004926ce,FUN_004926ce,9,3,"FUN_004925f8"
004926d7,FUN_004926d7,9,2,"FUN_004a441d"
004926e0,FUN_004926e0,9,3,"FUN_004925f8"
004926e9,FUN_004926e9,9,3,"FUN_00492658"
004926f2,FUN_004926f2,9,3,"FUN_00492658"
004926fb,FUN_004926fb,550,5,"FUN_0048c4e4 FUN_0048eb54 FUN_004a4461 __errno"
00492921,FUN_00492921,27,4,"FUN_004926fb"
0049293c,FUN_0049293c,27,4,"FUN_004926fb"
00492957,FUN_00492957,42,3,"FUN_004926fb"
00492981,FUN_00492981,42,3,"FUN_004926fb"
004929ab,FUN_004929ab,16,1,""
004929bb,FUN_004929bb,95,5,"FUN_0048cb20 FUN_0048e4c0 FUN_0048e599"
00492a1a,FUN_00492a1a,33,1,"_isdigit"
00492a3b,__inc,34,1,"FUN_004a4764"
00492a5d,FUN_00492a5d,4431,4,"DecodePointer FID_conflict:_free FUN_0048a688 FUN_0048c4e4 FUN_0048eb54 FUN_004929bb FUN_00492a1a FUN_00495300 FUN_0049d208 FUN_004a4885 FUN_004a5085 __allmul __errno __fileno __inc __whiteout _isdigit _isspace _isxdigit"
00493bac,FUN_00493bac,17,2,"FUN_004a4885"
00493bbd,__whiteout,46,2,"__inc _isspace"
00493beb,FUN_00493beb,95,5,"FUN_0048cb20 FUN_0048e4c0 FUN_0048e599"
00493c4a,FUN_00493c4a,33,1,"_isdigit"
00493c6b,__inc,34,1,"FUN_004a4764"
00493c8d,FUN_00493c8d,4783,4,"DecodePointer FID_conflict:_free FUN_0048a688 FUN_0048c4e4 FUN_0048eb54 FUN_00493beb FUN_00493c4a FUN_00495300 FUN_0049d208 FUN_004a4885 FUN_004a5085 __allmul __errno __fileno __inc __whiteout _isdigit _isspace _isxdigit"
00494f3c,FUN_00494f3c,17,2,"FUN_004a4885"
00494f4d,__whiteout,46,2,"__inc _isspace"
00494f7b,FUN_00494f7b,6,0,""
00494f81,FUN_00494f81,6,0,""
00494f87,FUN_00494f87,6,0,""
00494f8d,FUN_00494f8d,6,0,""
00494f93,FUN_00494f93,42,1,"FUN_0048eb54 __errno"
00494fbd,FUN_00494fbd,42,1,"FUN_0048eb54 __errno"
00494fe7,FUN_00494fe7,42,1,"FUN_0048eb54 __errno"
00495011,__get_tzname,147,4,"FUN_0048eb54 __errno _strcpy_s _strlen"
004950a4,FUN_004950a4,37,1,"FUN_004950c9 FUN_00495b89"
004950c9,FUN_004950c9,555,2,"FUN_0048eb54 FUN_00495300 __alldiv __allmul __errno"
00495300,FUN_00495300,341,3,""
00495390,___tzset,71,0,"FUN_004953d7 FUN_00495673 __SEH_epilog4 __SEH_prolog4 __lock"
004953d7,FUN_004953d7,9,0,"FUN_0049b46a"
004953e0,__isindst,62,1,"FUN_00495421 FUN_0049542a __SEH_epilog4 __SEH_prolog4 __lock"
00495421,FUN_00495421,9,0,"FUN_0049b46a"
0049542a,FUN_0049542a,483,1,"FUN_00494f93 FUN_004959a5 __invoke_watson"
0049560e,FUN_0049560e,15,1,"FUN_00494f7b"
0049561d,FUN_0049561d,15,1,"FUN_00494f81"
0049562c,FUN_0049562c,15,1,"FUN_00494f87"
00495673,FUN_00495673,799,0,"FID_conflict:_free FUN_0048e508 FUN_00494f7b FUN_00494f81 FUN_00494f87 FUN_00494f8d FUN_00494f93 FUN_00494fbd FUN_00494fe7 FUN_00495903 FUN_004a525a FUN_004a56e1 GetTimeZoneInformation WideCharToMultiByte __SEH_epilog4 __SEH_prolog4 __getenv_helper_nolock __invoke_watson __lock _atol _strcmp _strcpy_s _strlen"
00495903,FUN_00495903,9,0,"FUN_0049b46a"
004959a5,FUN_004959a5,483,11,"FUN_00494fbd __invoke_watson"
00495b89,FUN_00495b89,53,0,"FUN_0048e508 __errno __getptd_noexit"
00495bbe,FUN_00495bbe,37,1,"FUN_00495b89 FUN_00495be3"
00495be3,FUN_00495be3,308,2,"FUN_0048eb54 FUN_00495300 __errno"
00495d20,__alldiv,170,4,""
00495dd0,__allrem,178,4,""
00495e82,FUN_00495e82,8,0,""
00495e8a,FUN_00495e8a,31,2,""
00495ea9,_abort,67,0,"FUN_0048e9ea FUN_0049b5ca FUN_0049b6a1 IsProcessorFeaturePresent __exit"
00495eec,FUN_00495eec,472,5,"FID_conflict:_free FUN_0048a688 FUN_0048e4c0 FUN_004a525a FUN_004a5c0e FUN_004a5e57 GetLastError __invoke_watson"
004960c5,FUN_004960c5,13,1,""
004960d2,FUN_004960d2,149,1,""
00496167,FUN_00496167,346,1,"FID_conflict:___acrt_locale_free_monetary FID_conflict:___free_lconv_num FID_conflict:_free ___free_lc_time"
004962c1,FUN_004962c1,160,1,""
00496361,FUN_00496361,116,0,"FUN_004963d8 __SEH_epilog4 __SEH_prolog4 __amsg_exit __getptd __lock __updatetlocinfoEx_nolock"
004963d8,FUN_004963d8,9,0,"FUN_0049b46a"
004963e1,__updatetlocinfoEx_nolock,75,2,"FUN_004960d2 FUN_00496167 FUN_004962c1"
0049642c,___initmbctable,30,0,"FUN_004967ba"
0049644a,CPtoLocaleName,58,1,""
00496484,FUN_00496484,110,1,"FUN_0048c4e4 GetACP GetOEMCP"
004964f2,FUN_004964f2,95,1,"FUN_00495300"
00496551,setSBUpLow,402,1,"FUN_0048a688 FUN_004a42a2 FUN_004a7452 GetCPInfo"
004966e3,FUN_004966e3,154,0,"FID_conflict:_free FUN_00496780 __SEH_epilog4 __SEH_prolog4 __amsg_exit __getptd __lock"
00496780,FUN_00496780,9,0,"FUN_0049b46a"
00496789,FUN_00496789,49,0,"FUN_0048c4e4"
004967ba,FUN_004967ba,410,1,"FID_conflict:_free FUN_0048e508 FUN_00496484 FUN_004966e3 FUN_0049692c FUN_00496962 __SEH_epilog4 __SEH_prolog4 __errno __getptd __lock"
0049692c,FUN_0049692c,9,0,"FUN_0049b46a"
00496962,FUN_00496962,491,2,"CPtoLocaleName FUN_0048a688 FUN_00495300 FUN_00496484 FUN_004964f2 GetCPInfo IsValidCodePage setSBUpLow"
00496b4d,FUN_00496b4d,11,1,""
00496b58,FUN_00496b58,323,2,"FUN_0048c4e4 FUN_0049d0a1 FUN_004a42a2 FUN_004a4461 __errno"
00496c9b,_tolower,44,1,"FUN_00496b58"
00496d13,FUN_00496d13,9,0,"FUN_0049b46a"
00496d28,FUN_00496d28,99,1,"FUN_0048e508 FUN_0049bdb8 __invoke_watson _wcsnlen"
00496d8c,FUN_00496d8c,9,2,"__create_locale"
00496d9f,FUN_00496d9f,109,3,"FUN_00497555 __invoke_watson _wcscpy_s"
00496e0d,FUN_00496e0d,299,2,"FUN_00495300 FUN_0049bdb8 __invoke_watson _wcscspn"
00496f39,FUN_00496f39,90,1,"FUN_0048eb54 __errno __getptd"
00496f93,__copytlocinfo_nolock,44,2,"FUN_004960d2"
00496fbf,__create_locale,98,2,"FUN_0048a688 FUN_0049747e MultiByteToWideChar"
00497021,FUN_00497021,758,6,"FUN_0048a688 FUN_0048cb20 FUN_00496d9f FUN_00496e0d FUN_0049bdb8 FUN_004a5e57 FUN_004a5ee6 FUN_004aabd7 FUN_004ab447 GetACP __getptd __invoke_watson _wcscmp _wcscpy_s _wcslen"
0049747e,FUN_0049747e,215,2,"FID_conflict:_free FUN_0048e4c0 FUN_00496167 FUN_004962c1 FUN_00496962 FUN_0049787e __copytlocinfo_nolock __errno"
00497555,FUN_00497555,62,3,"__invoke_watson _wcscat_s"
00497711,FUN_00497711,364,1,"FID_conflict:_free FUN_0048e508 FUN_00497555 __invoke_watson _wcscat_s _wcscmp"
0049787e,FUN_0049787e,648,3,"FUN_0048a688 FUN_00497021 FUN_00497711 FUN_00497b07 FUN_0049bdb8 ___report_rangecheckfailure __invoke_watson _wcscmp _wcscspn _wcslen _wcsncmp _wcspbrk"
00497b07,FUN_00497b07,937,3,"FID_conflict:_free FUN_0048a688 FUN_0048e508 FUN_00496d28 FUN_00497021 FUN_004a7452 FUN_004a75e1 __getptd __invoke_watson _wcscmp _wcscpy_s _wcslen"
00497ee0,FUN_00497ee0,20,0,"FUN_00497efd FUN_004ab928"
00497ef4,FUN_00497ef4,9,3,"__fload_withFB"
00497efd,FUN_00497efd,170,2,"FUN_004ab8b5 FUN_004ab8cc __math_exit __startOneArgErrorHandling"
00497f9a,__add_exp,47,2,"__set_exp"
00497fc9,FUN_00497fc9,210,3,"__set_exp"
0049809b,FUN_0049809b,25,2,""
004980b4,__set_bexp,41,2,""
004980dd,__set_exp,47,2,""
0049810c,__sptype,91,2,""
00498167,__errcode,50,1,""
00498199,__except1,200,5,"FUN_0048a688 FUN_00498610 __ctrlfp __errcode __handle_exc __set_errno_from_matherr __umatherr"
00498261,FUN_00498261,220,6,"FUN_0048a688 FUN_00498610 __ctrlfp __errcode __handle_exc __set_errno_from_matherr __umatherr"
0049833d,__get_fname,36,1,""
00498361,__handle_exc,478,3,"FUN_00497fc9 FUN_00498b56"
0049853f,__handle_qnan1,80,2,"__ctrlfp __errno __umatherr"
0049858f,FUN_0049858f,96,3,"__ctrlfp __errno __umatherr"
004985ef,__raise_exc,33,6,"FUN_00498610"
00498610,FUN_00498610,741,7,"FUN_00498b1a FUN_00498bae RaiseException"
004988f5,__raise_excf,33,6,"FUN_00498610"
00498916,__set_errno_from_matherr,45,1,"__errno"
00498943,__umatherr,160,2,"FUN_004aba2c __ctrlfp __set_errno_from_matherr"
00498a04,___ctrlfp_sse2,57,2,"___get_fpsr_sse2 ___set_fpsr_sse2"
00498a3d,FUN_00498a3d,29,0,""
00498a5a,___get_fpsr_sse2,28,0,""
00498a76,___set_fpsr_sse2,72,1,"__SEH_epilog4 __SEH_prolog4"
00498aec,___set_statfp_sse2,25,1,"___get_fpsr_sse2 ___set_fpsr_sse2"
00498b1a,FUN_00498b1a,17,0,""
00498b2b,__ctrlfp,43,0,""
00498b56,FUN_00498b56,88,0,""
00498bae,FUN_00498bae,16,0,""
00498bbe,FUN_00498bbe,64,1,"terminate"
00498c0d,FUN_00498c0d,683,0,"FUN_0048e4c0 FUN_004916a4 FUN_00498eb8 GetFileType GetStartupInfoW GetStdHandle __SEH_epilog4 __SEH_prolog4 __local_unwind4 __lock"
00498eb8,FUN_00498eb8,9,0,"FUN_0049b46a"
00498f13,FUN_00498f13,13,1,""
00498f20,FUN_00498f20,179,0,"FUN_0048e508 FUN_00498fd3 GetModuleFileNameA ___initmbctable"
00498fd3,FUN_00498fd3,380,5,"__ismbblead"
0049914f,FUN_0049914f,224,0,"FID_conflict:_free FUN_0048e4c0 ___initmbctable __invoke_watson _strcpy_s _strlen"
00499230,FUN_00499230,13,1,""
0049923d,__set_error_mode,64,1,"FUN_0048eb54 __errno"
0049927d,___security_init_cookie,156,0,"GetCurrentProcessId GetCurrentThreadId GetSystemTimeAsFileTime QueryPerformanceCounter"
00499319,FUN_00499319,32,0,""
00499359,FUN_00499359,141,0,"FID_conflict:_free FUN_0048e508 FreeEnvironmentStringsW GetEnvironmentStringsW WideCharToMultiByte"
004993e6,__wincmdln,95,0,"___initmbctable __ismbblead"
00499445,_strcpy_s,85,3,"FUN_0048eb54 __errno"
004994a0,__CallSettingFrame@12,76,3,"__NLG_Notify1"
004994ec,___DestructExceptionObject,122,1,"_CallMemberFunction0 __SEH_epilog4 __SEH_prolog4"
00499577,FUN_00499577,27,2,"exception"
00499592,FUN_00499592,28,1,"exception"
004995b9,FUN_004995b9,37,2,"FID_conflict:_free FUN_0048d334"
004995de,CallCatchBlock,176,7,"FUN_00499725 _CallCatchBlock2 __CreateFrameInfo __SEH_epilog4 __SEH_prolog4 __getptd"
00499725,FUN_00499725,127,0,"__FindAndUnlinkFrame __IsExceptionObjectToBeDestroyed ___DestructExceptionObject __getptd"
004997a4,FUN_004997a4,40,0,"FUN_00492190 FUN_004921fc __EH_prolog3_catch __getptd"
004997cc,Catch_All@004997cc,23,0,"FUN_0048d46d __getptd"
004997e4,CatchIt,123,11,"CallCatchBlock _JumpToContinuation _UnwindNestedFrames ___BuildCatchObject ___FrameUnwindToState"
0049985f,ExFilterRethrow,77,1,"__getptd"
004998ac,FUN_004998ac,924,8,"CatchIt FUN_0048d46d FUN_0048d7f6 FUN_00492190 FUN_004997a4 FUN_00499c49 FUN_00499d65 FUN_0049a73e FUN_004abe56 _UnwindNestedFrames ___DestructExceptionObject ___FrameUnwindToState __getptd exception operator== terminate"
00499c49,FUN_00499c49,284,8,"CatchIt EncodePointer FUN_0048d71f FUN_0048d7f6 FUN_00492190 __getptd"
00499d65,FUN_00499d65,135,2,"FUN_00492190 FUN_0049a73e terminate"
00499ded,Is_bad_exception_allowed,57,1,"operator=="
00499e37,_is_exception_typeof,135,2,"FUN_0048aeeb FUN_00492190 _strcmp"
00499ebe,FUN_00499ebe,13,1,""
00499ecb,___AdjustPointer,37,2,""
00499ef0,___BuildCatchObject,129,4,"FID_conflict:_CallMemberFunction1 FID_conflict:_CallMemberFunction1 FUN_00499f7e __SEH_epilog4 __SEH_prolog4 ___AdjustPointer"
00499f7e,FUN_00499f7e,438,4,"FUN_0048bea0 FUN_00492190 FUN_004abe47 FUN_004abe56 FUN_004abe65 __SEH_epilog4 __SEH_prolog4 ___AdjustPointer"
0049a140,___CxxDetectRethrow,79,1,"__getptd"
0049a18f,FUN_0049a18f,346,4,"FUN_0049a73e ___BuildCatchObject __getptd"
0049a2ed,FUN_0049a2ed,183,2,"__CreateFrameInfo __getptd"
0049a3a4,FUN_0049a3a4,317,2,"__FindAndUnlinkFrame __IsExceptionObjectToBeDestroyed ___DestructExceptionObject __getptd"
0049a4e1,___FrameUnwindFilter,78,1,"__getptd terminate"
0049a52f,___FrameUnwindToState,175,4,"FUN_00492190 FUN_0049a5ee __CallSettingFrame@12 __SEH_epilog4 __SEH_prolog4 __getptd"
0049a5ee,FUN_0049a5ee,26,0,"__getptd"
0049a608,FUN_0049a608,85,1,"__getptd"
0049a65d,FUN_0049a65d,225,8,"FUN_004998ac ___FrameUnwindToState __getptd"
0049a73e,FUN_0049a73e,103,3,"_strcmp"
0049a7a5,__cfltcvt,33,6,"__cfltcvt_l"
0049a7c6,__cfltcvt_l,134,7,"FUN_0049a86a FUN_0049ad35 FUN_0049af0a FUN_0049afe9"
0049a84c,FUN_0049a84c,30,5,"FUN_0049a86a"
0049a86a,FUN_0049a86a,860,6,"FUN_0048a940 FUN_0048c4e4 FUN_0048eb54 FUN_00495300 FUN_0049abc6 __alldvrm __aullshr __errno"
0049abc6,FUN_0049abc6,30,5,"FUN_0049ad35"
0049abe4,FUN_0049abe4,336,7,"FUN_0048bea0 FUN_0048c4e4 FUN_0048eb54 __errno __invoke_watson __shift _strcpy_s"
0049ad35,FUN_0049ad35,206,6,"FUN_0048a688 FUN_0048eb54 FUN_0049abe4 FUN_004abe74 FUN_004abfec __errno"
0049ae03,FUN_0049ae03,27,4,"FUN_0049af0a"
0049ae1e,FUN_0049ae1e,236,6,"FUN_0048c4e4 FUN_0048eb54 FUN_00495300 __errno __shift"
0049af0a,FUN_0049af0a,193,5,"FUN_0048a688 FUN_0048eb54 FUN_0049ae1e FUN_004abe74 FUN_004abfec __errno"
0049afcb,FUN_0049afcb,30,5,"FUN_0049afe9"
0049afe9,FUN_0049afe9,255,6,"FUN_0048a688 FUN_0048eb54 FUN_0049abe4 FUN_0049ae1e FUN_004abe74 FUN_004abfec __errno"
0049b0e8,FUN_0049b0e8,17,1,"FUN_0049b0f9"
0049b0f9,FUN_0049b0f9,128,2,"FUN_0048c4e4"
0049b179,FUN_0049b179,24,3,"FUN_0049b191"
0049b191,FUN_0049b191,66,4,"FUN_004a45cb FUN_004a466e"
0049b1d3,FUN_0049b1d3,17,1,"FUN_0049b1e4"
0049b1e4,FUN_0049b1e4,116,2,"FUN_0048c4e4 _isdigit _tolower"
0049b258,__positive,26,1,""
0049b272,__shift,40,2,"FUN_0048bea0 _strlen"
0049b29a,FUN_0049b29a,38,0,"__controlfp_s __invoke_watson"
0049b2c1,FUN_0049b2c1,31,0,"EncodePointer"
0049b2e0,__lock,52,1,"EnterCriticalSection FUN_0049b388 __amsg_exit"
0049b334,__mtdeletelocks,84,0,"DeleteCriticalSection FID_conflict:_free"
0049b388,FUN_0049b388,160,1,"FID_conflict:_free FUN_0048e1a3 FUN_0048e508 FUN_004916a4 FUN_0049b428 __FF_MSGBANNER __SEH_epilog4 __SEH_prolog4 ___crtExitProcess __errno __lock"
0049b428,FUN_0049b428,9,0,"FUN_0049b46a"
0049b431,FUN_0049b431,57,0,"FUN_004916a4"
0049b46a,FUN_0049b46a,21,1,"LeaveCriticalSection"
0049b480,__FindPESection,67,2,""
0049b4d0,__IsNonwritableInCurrentImage,164,1,"__FindPESection __ValidateImageBase"
0049b590,__ValidateImageBase,49,1,""
0049b5ca,FUN_0049b5ca,13,0,"DecodePointer"
0049b5e0,FUN_0049b5e0,28,1,""
0049b6a1,FUN_0049b6a1,421,1,"DecodePointer EncodePointer FUN_0048eb54 FUN_0049b822 FUN_0049b85c __SEH_epilog4 __SEH_prolog4 __errno __exit __getptd_noexit __lock"
0049b822,FUN_0049b822,13,0,"FUN_0049b46a"
0049b85c,FUN_0049b85c,58,2,""
0049baed,FUN_0049baed,13,1,""
0049bafa,FUN_0049bafa,262,1,"DecodePointer EncodePointer FUN_0048eb54 FreeLibrary GetLastError GetProcAddress LoadLibraryExW __errno __get_errno_from_oserr"
0049bc00,__ftbuf,49,2,"FUN_004ac263"
0049bc31,FUN_0049bc31,166,1,"FUN_0048e508 FUN_0049c3fc FUN_0049c4fc __fileno"
0049bcd7,_wcscat_s,108,3,"FUN_0048eb54 __errno"
0049bd43,_wcscpy_s,92,3,"FUN_0048eb54 __errno"
0049bd9f,_wcslen,25,1,""
0049bdb8,FUN_0049bdb8,190,4,"FUN_0048eb54 __errno"
0049be76,FUN_0049be76,486,3,"DecodePointer EncodePointer FUN_0048a688 FUN_004916d2 GetLastError GetProcAddress IsDebuggerPresent LoadLibraryExW OutputDebugStringW"
0049c05c,FUN_0049c05c,30,1,""
0049c07a,_realloc,171,2,"FID_conflict:_free GetLastError HeapReAlloc __callnewh __errno __get_errno_from_oserr _malloc"
0049c125,FUN_0049c125,105,3,"FUN_0048e48f FUN_00495300 __errno _realloc"
0049c18e,__calloc_impl,122,3,"HeapAlloc __callnewh __errno"
0049c210,__local_unwind4,144,3,"FUN_004abe44 __NLG_Notify"
0049c2e6,FUN_0049c2e6,28,1,"__local_unwind4"
0049c302,_EH4_CallFilterFunc,23,1,""
0049c319,_EH4_TransferToHandler,25,1,"__NLG_Notify"
0049c332,FUN_0049c332,25,2,"RtlUnwind"
0049c34b,_EH4_LocalUnwind,23,4,"__local_unwind4"
0049c3fc,FUN_0049c3fc,6,0,""
0049c402,__lock_file,63,1,"EnterCriticalSection __lock"
0049c441,__lock_file2,48,2,"EnterCriticalSection __lock"
0049c471,__unlock_file,58,1,"FUN_0049b46a LeaveCriticalSection"
0049c4ab,__unlock_file2,45,2,"FUN_0049b46a LeaveCriticalSection"
0049c4d8,__fileno,36,1,"FUN_0048eb54 __errno"
0049c4fc,FUN_0049c4fc,84,1,"FUN_0048eb54 __errno"
0049c550,FUN_0049c550,225,3,"FUN_0048eb54 FUN_0049c617 FUN_0049c63f FUN_004ac4aa __SEH_epilog4 __SEH_prolog4 ___doserrno __errno"
0049c617,FUN_0049c617,8,0,"FUN_004ac966"
0049c63f,FUN_0049c63f,2149,3,"FID_conflict:__dosmaperr FUN_0048a688 FUN_0048eb54 FUN_0049c4fc FUN_0049cfa0 FUN_0049d208 FUN_004a517a GetConsoleCP GetConsoleMode GetLastError WideCharToMultiByte WriteFile ___doserrno __alloca_probe __errno __getptd __putwch_nolock"
0049cea4,FUN_0049cea4,235,4,"FUN_0048eb54 FUN_0049cf76 FUN_0049cfa0 FUN_004ac4aa __SEH_epilog4 __SEH_prolog4 ___doserrno __errno"
0049cf76,FUN_0049cf76,8,0,"FUN_004ac966"
0049cfa0,FUN_0049cfa0,115,4,"FID_conflict:__dosmaperr FUN_004ac767 GetLastError SetFilePointerEx __errno"
0049d013,__getbuf,70,1,"FUN_0048e508"
0049d059,FUN_0049d059,36,1,"FUN_004aca66"
0049d07d,FUN_0049d07d,36,1,"FUN_004aca66"
0049d0a1,FUN_0049d0a1,58,2,"FUN_0048c4e4"
0049d0db,FUN_0049d0db,20,1,"FUN_004aca66"
0049d0ef,FUN_0049d0ef,20,1,"FUN_004aca66"
0049d103,FUN_0049d103,27,1,"FUN_004aca66"
0049d11e,FUN_0049d11e,17,1,"FUN_004aca66"
0049d12f,FUN_0049d12f,36,1,"FUN_004aca66"
0049d153,FUN_0049d153,36,1,"FUN_004aca66"
0049d177,FUN_0049d177,17,1,"FUN_004aca66"
0049d188,FUN_0049d188,20,1,"FUN_004aca66"
0049d19c,FUN_0049d19c,17,1,"FUN_004aca66"
0049d1ad,FUN_0049d1ad,20,1,"FUN_004aca66"
0049d1c1,FUN_0049d1c1,17,1,"FUN_004aca66"
0049d1d2,FUN_0049d1d2,17,1,"FUN_004aca66"
0049d1e3,FUN_0049d1e3,17,1,"FUN_004aca66"
0049d1f4,FUN_0049d1f4,20,1,"FUN_004aca66"
0049d208,FUN_0049d208,17,1,"FUN_0049d0a1"
0049d219,FUN_0049d219,20,1,"FUN_004aca66"
0049d22d,FUN_0049d22d,20,1,"FUN_004aca66"
0049d241,FUN_0049d241,18,1,""
0049d253,FUN_0049d253,27,1,"FUN_004aca66"
0049d26e,FUN_0049d26e,17,1,"FUN_004aca66"
0049d27f,FUN_0049d27f,17,1,"FUN_004aca66"
0049d290,FUN_0049d290,20,1,"FUN_004aca66"
0049d2a4,FUN_0049d2a4,17,1,"FUN_004aca66"
0049d2b5,FUN_0049d2b5,20,1,"FUN_004aca66"
0049d2c9,FUN_0049d2c9,17,1,"FUN_004aca66"
0049d2da,FUN_0049d2da,17,1,"FUN_004aca66"
0049d2eb,FUN_0049d2eb,17,1,"FUN_004aca66"
0049d2fc,FUN_0049d2fc,20,1,"FUN_004aca66"
0049d310,FUN_0049d310,21,0,""
0049d325,FUN_0049d325,23,2,"FUN_004acabc"
0049d33c,FUN_0049d33c,22,1,"FUN_004acaf1"
0049d352,FUN_0049d352,23,2,"FUN_004acaf1"
0049d369,FUN_0049d369,23,2,"FUN_004acb0c"
0049d380,__set_printf_count_output,40,1,""
0049d457,FUN_0049d457,22,1,"FUN_004acb0c"
0049d46d,FUN_0049d46d,79,3,"FUN_0048c4e4 FUN_0049d4bc"
0049d4bc,FUN_0049d4bc,292,5,"FUN_0048c4e4 FUN_0048eb54 FUN_00495300 GetLastError WideCharToMultiByte __errno"
0049d5e0,FUN_0049d5e0,51,2,"FUN_0049d4bc ____mb_cur_max_func"
0049d613,FUN_0049d613,27,4,"FUN_0049d4bc"
0049d630,__aulldvrm,149,4,""
0049d6c5,FUN_0049d6c5,2939,4,"DecodePointer FID_conflict:_free FUN_0048a688 FUN_0048c4e4 FUN_0048e508 FUN_0048eb54 FUN_0049d0a1 FUN_0049d310 FUN_0049d613 FUN_0049e2d5 __aulldvrm __errno __fileno _strlen write_char write_multi_char"
0049e261,write_char,72,3,"FUN_0048ebcf"
0049e2a9,write_multi_char,44,4,"write_char"
0049e2d5,FUN_0049e2d5,120,5,"write_char"
0049e353,DName,185,3,"FUN_0049fbaf"
0049e40c,FUN_0049e40c,22,2,""
0049e422,DName,44,2,"FUN_0049fbaf"
0049e44e,DName,77,2,"getMemory pDNameNode"
0049e49b,DName,58,2,"FUN_0049fbaf"
0049e4d5,DName,67,2,"make"
0049e529,FUN_0049e529,147,3,"FUN_0048a688 FUN_0049fbaf __aulldvrm"
0049e5bc,FUN_0049e5bc,109,3,"FUN_0048a688 FUN_0049fbaf __aulldvrm"
0049e632,DNameStatusNode,35,2,""
0049e65b,UnDecorator,105,6,""
0049e6c4,FUN_0049e6c4,21,2,""
0049e6d9,pDNameNode,40,2,""
0049e701,pairNode,31,3,""
0049e720,FUN_0049e720,87,3,"getMemory"
0049e777,operator_new,21,3,"getMemory"
0049e78c,FUN_0049e78c,22,2,""
0049e7a2,operator=,44,2,"FUN_0049fbaf"
0049e7ce,operator=,73,2,"getMemory pDNameNode"
0049e817,operator=,50,2,"FUN_0049fbaf"
0049e849,operator=,53,2,"make"
0049e87e,operator[],60,2,"DName"
0049e8ba,FUN_0049e8ba,383,0,"DName FUN_004a2a3b FUN_004a31cb getDecoratedName operator+ operator="
0049ea39,operator+,36,2,"DName operator+"
0049ea5d,operator+,36,2,"DName operator+"
0049ea81,operator+,36,2,"DName operator+"
0049eaa5,operator+,34,2,"operator+="
0049eac7,operator+,34,2,"operator+="
0049eae9,operator+,34,2,"operator+="
0049eb0b,operator+,34,2,"operator+="
0049eb2d,operator+,34,2,"operator+="
0049eb4f,operator+=,67,2,"append operator+="
0049eb92,operator+=,80,2,"append getMemory operator="
0049ebe2,operator+=,101,2,"append getMemory operator+= operator= pDNameNode"
0049ec47,operator+=,97,2,"FUN_0049e720 append getMemory operator="
0049eca8,operator+=,64,2,"append make operator="
0049ece8,operator+=,74,2,"getMemory"
0049ed32,operator|=,28,2,""
0049ed4e,Constructor,29,3,""
0049ed6b,Destructor,38,1,""
0049ed91,UScore,29,1,""
0049edae,append,70,2,"getMemory"
0049edf4,FUN_0049edf4,3382,2,"DName DName DName FUN_0049fd95 FUN_004a0075 FUN_004a23d2 FUN_004a33e9 getCallingConvention getDimension getDispatchTarget getExternalDataType getMemory getReturnType getThisType getThrowTypes getVCallThunkType getVdispMapType getVfTableType operator+ operator+ operator+ operator+ operator+= operator+= operator+= operator|="
0049fbaf,FUN_0049fbaf,136,3,"FUN_0049e720 getMemory"
0049fc89,getArgumentList,268,0,"FUN_004a2018 operator+= operator+= operator+= operator+= operator[]"
0049fd95,FUN_0049fd95,222,1,"DName DName getArgumentList operator+"
0049fe73,getArrayType,514,1,"DName FUN_004a010c FUN_004a2018 getDimension getNumberOfDimensions operator+ operator+ operator+ operator+= operator+= operator+= operator+="
004a0075,FUN_004a0075,151,1,"DName DName UScore getScopedName operator+= operator+= operator+="
004a010c,FUN_004a010c,945,2,"DName DName FUN_004a010c FUN_004a1050 getPtrRefType operator+ operator+ operator+ operator+= operator+= operator= operator="
004a04e3,FUN_004a04e3,20,1,"getDimension"
004a04f7,getCallingConvention,191,0,"DName UScore operator="
004a05b6,FUN_004a05b6,1437,5,"DName DName DName FUN_004a0075 FUN_004a1258 FUN_004a24ef UScore operator+ operator+ operator+ operator+= operator+= operator+= operator= operator|="
004a0b53,getDataIndirectType,57,0,"FUN_004a05b6"
004a0b8c,getDataType,210,1,"DName DName DName FUN_004a05b6 FUN_004a2018 operator+"
004a0c5e,getDecoratedName,588,0,"DName FUN_0049edf4 FUN_004a24ef getDataType getDecoratedName getSymbolName operator+= operator+="
004a0eaa,getDimension,311,1,"DName FUN_0049e529 FUN_0049e5bc operator+"
004a0fe1,getDispatchTarget,91,0,"DName"
004a103c,getDisplacement,20,0,"getDimension"
004a1050,FUN_004a1050,275,1,"DName FUN_004a1174 getScopedName operator+ operator+= operator="
004a1163,getECSUName,17,0,"getScopedName"
004a1174,FUN_004a1174,196,1,"DName DName operator+ operator="
004a1258,FUN_004a1258,421,4,"DName FUN_0049e5bc operator+ operator+= operator+= operator="
004a13fd,getExternalDataType,121,1,"getDataIndirectType getDataType getMemory operator+ operator+="
004a1476,FUN_004a1476,1014,2,"DName DName DName FUN_0049fd95 FUN_004a0075 FUN_004a23d2 FUN_004a24ef getCallingConvention getMemory getReturnType getThisType getThrowTypes operator+ operator+ operator+= operator+= operator|="
004a186c,FID_conflict:getGuardNumber,20,1,"getDimension"
004a188e,FUN_004a188e,12,1,""
004a189a,FUN_004a189a,4,1,""
004a189e,FUN_004a189e,21,1,""
004a18b3,getLastChar,26,1,""
004a18cd,FUN_004a18cd,18,1,""
004a18df,getLexicalFrame,61,0,"DName getDimension operator+ operator+"
004a191c,getMemory,133,3,"getMemory"
004a19a1,getNumberOfDimensions,97,0,""
004a1a02,FUN_004a1a02,1498,3,"DName DName DName FUN_004a1a02 FUN_004a2c57 FUN_004a3ae4 getDataType getDecoratedName getDimension getSignedDimension getStringEncoding getSymbolName operator+ operator+ operator+ operator+= operator+= operator+= operator="
004a1fdc,FID_conflict:getPointerType,30,3,"getPtrRefType"
004a1ffa,FID_conflict:getPointerType,30,3,"getPtrRefType"
004a2018,FUN_004a2018,440,2,"DName DName FUN_004a010c FUN_004a05b6 FUN_004a1476 FUN_004a21d0 getPtrRefType operator+ operator+= operator="
004a21d0,FUN_004a21d0,234,3,"DName FUN_004a010c getArrayType operator+ operator+ operator+"
004a22ba,getPtrRefType,252,3,"DName DName FUN_004a05b6 FUN_004a1476 FUN_004a21d0 operator+= operator+= operator+="
004a23b6,getReferenceType,28,3,"getPtrRefType"
004a23d2,FUN_004a23d2,238,2,"DName UScore operator+= operator+="
004a24c0,getReturnType,47,1,"DName getDataType"
004a24ef,FUN_004a24ef,983,1,"DName DName DName DName FUN_004a1a02 FUN_004a3ae4 getDecoratedName getLexicalFrame operator+ operator+ operator+ operator+= operator+= operator+= operator+= operator="
004a28c6,getScopedName,251,0,"DName FUN_004a24ef FUN_004a3ae4 operator+ operator+ operator="
004a29c1,getSignedDimension,83,0,"DName getDimension operator+"
004a2a14,getStorageConvention,17,0,"getDataIndirectType"
004a2a25,FUN_004a2a25,22,2,""
004a2a3b,FUN_004a2a3b,94,3,"getMemory"
004a2a99,getString,39,3,"FUN_004a2bda"
004a2ac0,FUN_004a2ac0,21,3,""
004a2ad5,getString,29,3,""
004a2af2,FUN_004a2af2,42,3,""
004a2b1c,FUN_004a2b1c,27,3,"FUN_004a2bda"
004a2b37,getStringEncoding,163,2,"DName DName getDimension"
004a2bda,FUN_004a2bda,53,4,""
004a2c0f,getSymbolName,72,0,"FUN_004a1a02 FUN_004a31cb FUN_004a3ae4"
004a2c57,FUN_004a2c57,633,1,"DName FUN_0048a688 FUN_004a2018 FUN_004a2a3b FUN_004a2ed0 _atol getSignedDimension operator+ operator+= operator+= operator+= operator+= operator= operator[]"
004a2ed0,FUN_004a2ed0,763,1,"DName DName DName FUN_0048a688 FUN_004a2a3b FUN_004a3ae4 _atol getDecoratedName getSignedDimension operator+ operator+ operator+ operator+= operator+="
004a31cb,FUN_004a31cb,346,2,"DName DName FUN_004a1a02 FUN_004a2c57 FUN_004a3ae4 operator+ operator+= operator+="
004a3325,getThisType,58,0,"FUN_004a05b6"
004a335f,getThrowTypes,138,0,"DName FUN_0049fd95 operator+ operator+ operator+"
004a33e9,FUN_004a33e9,1226,0,"FUN_004a33e9"
004a38d9,getVCallThunkType,59,0,"DName DName"
004a3914,getVbTableType,21,1,"getVfTableType"
004a3929,getVdispMapType,86,1,"FUN_004a24ef operator+= operator+= operator+="
004a397f,getVfTableType,357,1,"DName DName FUN_004a24ef getDataIndirectType operator+ operator+= operator+= operator+= operator+="
004a3ae4,FUN_004a3ae4,554,3,"DName DName FUN_0048a688 FUN_004a2a3b FUN_004a31cb _atol getSignedDimension operator+ operator+= operator+= operator+= operator= operator= operator[] und_strncmp"
004a3d9f,FUN_004a3d9f,4,1,""
004a3da3,FUN_004a3da3,4,0,""
004a3da7,FUN_004a3da7,20,1,""
004a3dbb,FUN_004a3dbb,41,1,""
004a3de4,FUN_004a3de4,4,1,""
004a3de8,make,134,1,""
004a3eb2,und_memcpy,31,3,""
004a3ed1,FUN_004a3ed1,21,1,""
004a3ee6,und_strncmp,47,3,""
004a3f15,FUN_004a3f15,151,6,"Destructor FUN_0049b388 FUN_0049e8ba FUN_004a3faf UnDecorator __SEH_epilog4 __SEH_prolog4 __lock"
004a3faf,FUN_004a3faf,9,0,"FUN_0049b46a"
004a4059,FUN_004a4059,516,9,"FUN_0048a688 FUN_004a42e8 FUN_004a5f11 MultiByteToWideChar WideCharToMultiByte __alloca_probe_16 _malloc"
004a425d,___strncnt,32,2,""
004a427d,FUN_004a427d,17,1,""
004a428e,FUN_004a428e,20,2,""
004a42a2,FUN_004a42a2,70,9,"FUN_0048c4e4 FUN_004a4059"
004a42e8,FUN_004a42e8,30,1,"FID_conflict:_free"
004a4306,FUN_004a4306,279,3,"FUN_0048a688 FUN_0048c4e4 FUN_0048eb54 FUN_004a4461 FUN_004acc1c __errno"
004a441d,FUN_004a441d,21,2,"FUN_004a4306"
004a4432,__isctype,47,2,"FUN_004a4461"
004a4461,FUN_004a4461,177,3,"FUN_0048c4e4 FUN_0049d0a1 FUN_004a7452"
004a4512,FUN_004a4512,164,4,"FUN_0048a688 FUN_0048c4e4 FUN_004ada53 FUN_004ae76f"
004a45b6,FUN_004a45b6,21,2,"FUN_004a45cb"
004a45cb,FUN_004a45cb,142,3,"FUN_0048a688 FUN_0048c4e4 FUN_004ad4e1 FUN_004ae76f"
004a4659,FUN_004a4659,21,2,"FUN_004a466e"
004a466e,FUN_004a466e,24,3,"FUN_004a4512"
004a4686,FUN_004a4686,21,2,"FUN_004a469b"
004a469b,FUN_004a469b,143,3,"FUN_0048a688 FUN_0048c4e4 FUN_004adfc5 FUN_004ae76f"
004a4730,__allmul,52,4,""
004a4764,FUN_004a4764,289,1,"FUN_0048eb54 FUN_004aef17 __errno __fileno __getbuf"
004a4885,FUN_004a4885,224,2,"FUN_0048eb54 __errno __fileno __getbuf"
004a49d5,FUN_004a49d5,16,1,""
004a49e5,___iscsym,32,1,"_isalnum"
004a4a05,___iscsymf,29,1,"_isalpha"
004a4a22,FUN_004a4a22,11,1,""
004a4a2d,FUN_004a4a2d,88,2,"FUN_0048c4e4 FUN_004a4461"
004a4a85,FUN_004a4a85,88,2,"FUN_0048c4e4 FUN_004a4461"
004a4add,FUN_004a4add,90,2,"FUN_0048c4e4 FUN_004a4461"
004a4b37,FUN_004a4b37,82,2,"FUN_0048c4e4 FUN_004a4461"
004a4b89,FUN_004a4b89,33,2,"FUN_004a4a2d"
004a4baa,FUN_004a4baa,33,2,"FUN_004a4a85"
004a4bcb,FUN_004a4bcb,82,2,"FUN_0048c4e4 FUN_004a4461"
004a4c1d,FUN_004a4c1d,88,2,"FUN_0048c4e4 FUN_004a4461"
004a4c75,FUN_004a4c75,82,2,"FUN_0048c4e4 FUN_004a4461"
004a4cc7,FUN_004a4cc7,88,2,"FUN_0048c4e4 FUN_004a4461"
004a4d1f,FUN_004a4d1f,82,2,"FUN_0048c4e4 FUN_004a4461"
004a4d71,FUN_004a4d71,82,2,"FUN_0048c4e4 FUN_004a4461"
004a4dc3,FUN_004a4dc3,82,2,"FUN_0048c4e4 FUN_004a4461"
004a4e15,FUN_004a4e15,88,2,"FUN_0048c4e4 FUN_004a4461"
004a4e6d,_isalnum,45,1,"FUN_004a4a2d"
004a4e9a,_isalpha,45,1,"FUN_004a4a85"
004a4ec7,FUN_004a4ec7,53,1,"FUN_004a4add"
004a4efc,_iscntrl,43,1,"FUN_004a4b37"
004a4f27,_isdigit,43,1,"FUN_004a4bcb"
004a4f52,_isgraph,45,1,"FUN_004a4c1d"
004a4f7f,_islower,43,1,"FUN_004a4c75"
004a4faa,_isprint,45,1,"FUN_004a4cc7"
004a4fd7,_ispunct,43,1,"FUN_004a4d1f"
004a5002,_isspace,43,1,"FUN_004a4d71"
004a502d,_isupper,43,1,"FUN_004a4dc3"
004a5058,_isxdigit,45,1,"FUN_004a4e15"
004a5085,FUN_004a5085,245,4,"FUN_0048c4e4 FUN_0049d0a1 MultiByteToWideChar __errno"
004a517a,FUN_004a517a,24,3,"FUN_004a5085"
004a525a,FUN_004a525a,164,4,"FUN_0048eb54 __errno"
004a53d5,FUN_004a53d5,155,3,"FUN_0048eb54 FUN_004af866 __errno __getenv_helper_nolock __invoke_watson _strcpy_s _strlen"
004a5471,__getenv_helper_nolock,132,1,"FUN_004af7d7 __mbsnbicoll _strlen"
004a54f5,FUN_004a54f5,154,4,"FUN_0048eb54 __errno __getenv_helper_nolock __invoke_watson _strcpy_s _strlen"
004a56e1,FUN_004a56e1,38,0,"FUN_00496361 __getptd"
004a5755,____mb_cur_max_func,38,0,"FUN_00496361 __getptd"
004a577b,____mb_cur_max_l_func,23,1,"____mb_cur_max_func"
004a5792,FUN_004a5792,920,1,"FID_conflict:_free FUN_0048a688 FUN_0048cb20 FUN_0048e4c0 FUN_0048e508 FUN_00495eec FUN_004a42a2 FUN_004a7452 GetCPInfo"
004a5b2a,FUN_004a5b2a,228,5,"FUN_0048a688 FUN_004a42e8 FUN_004a5e57 WideCharToMultiByte __alloca_probe_16 _malloc"
004a5c0e,FUN_004a5c0e,58,5,"FUN_0048c4e4 FUN_004a5b2a"
004a5c48,FUN_004a5c48,53,1,""
004a5c7d,FID_conflict:GetTableIndexFromLocaleName,78,1,"__wcsnicmp"
004a5ccb,FUN_004a5ccb,76,6,"CompareStringW FID_conflict:_AtlDownlevelLocaleNameToLCID"
004a5d17,FUN_004a5d17,123,3,"FUN_004a5c48 __invoke_watson _wcscpy_s _wcsnlen"
004a5d93,FID_conflict:_AtlDownlevelLocaleNameToLCID,42,1,"FID_conflict:GetTableIndexFromLocaleName"
004a5dbd,FUN_004a5dbd,20,1,""
004a5dd1,FUN_004a5dd1,61,3,"EnumSystemLocalesW"
004a5e0e,FUN_004a5e0e,73,6,"FID_conflict:_AtlDownlevelLocaleNameToLCID GetDateFormatW"
004a5e57,FUN_004a5e57,47,4,"FID_conflict:_AtlDownlevelLocaleNameToLCID GetLocaleInfoW"
004a5e86,FUN_004a5e86,53,6,"FID_conflict:_AtlDownlevelLocaleNameToLCID GetTimeFormatW"
004a5ebb,FUN_004a5ebb,43,2,"FUN_004a5d17 GetUserDefaultLCID"
004a5ee6,FUN_004a5ee6,43,1,"FID_conflict:_AtlDownlevelLocaleNameToLCID IsValidLocale"
004a5f11,FUN_004a5f11,76,6,"FID_conflict:_AtlDownlevelLocaleNameToLCID LCMapStringW"
004a5f5d,__wcsnicmp,110,3,""
004a5fcb,FID_conflict:___acrt_locale_free_monetary,252,1,"FID_conflict:_free"
004a60c7,FUN_004a60c7,929,1,"FID_conflict:___acrt_locale_free_monetary FID_conflict:_free FUN_0048e4c0 FUN_0048e508 FUN_00495eec"
004a6468,fix_grouping,56,1,""
004a64a0,FID_conflict:___free_lconv_num,103,1,"FID_conflict:_free"
004a6507,FUN_004a6507,518,1,"FID_conflict:___free_lconv_num FID_conflict:_free FUN_0048e4c0 FUN_0048e508 FUN_00495eec"
004a670d,fix_grouping,56,1,""
004a6745,___free_lc_time,896,1,"FID_conflict:_free"
004a6ac5,FUN_004a6ac5,124,1,"FID_conflict:_free FUN_0048e4c0 FUN_004a6b41 ___free_lc_time"
004a6b41,FUN_004a6b41,2035,2,"FUN_00495eec FUN_00496d28"
004a735a,FUN_004a735a,248,7,"FUN_0048a688 FUN_00495300 FUN_004a42e8 GetStringTypeW MultiByteToWideChar __alloca_probe_16 _malloc"
004a7452,FUN_004a7452,64,7,"FUN_0048c4e4 FUN_004a735a"
004a74c4,cmpBYTE,37,2,""
004a74e9,cmpDWORD,139,2,""
004a7574,FUN_004a7574,28,1,""
004a7590,cmpWORD,81,2,""
004a75e1,FUN_004a75e1,5878,3,""
004a8d59,FUN_004a8d59,5914,3,""
004aa4f5,_wcscmp,62,2,""
004aa533,_wcscspn,75,2,""
004aa57e,_wcsnlen,31,2,""
004aa59d,_wcsncmp,54,3,""
004aa5d3,_wcspbrk,66,2,""
004aa615,FUN_004aa615,120,1,"FUN_0048a688 FUN_0049bdb8 FUN_004a5ebb __invoke_watson _wcslen"
004aa68e,FUN_004aa68e,116,1,"FUN_004a5dd1 _GetPrimaryLen _wcslen"
004aa702,FUN_004aa702,74,1,"FUN_004a5dd1 _GetPrimaryLen _wcslen"
004aa74c,_GetPrimaryLen,50,1,""
004aa77e,FUN_004aa77e,543,1,"FUN_0048a688 FUN_0049bdb8 FUN_004a5e57 FUN_004aaae6 FUN_004afd7b FUN_004afee9 _GetPrimaryLen __getptd __invoke_watson _wcslen"
004aa99e,FUN_004aa99e,178,1,"FUN_0048a688 FUN_0049bdb8 FUN_004a5e57 FUN_004afd7b __getptd __invoke_watson _wcslen"
004aaa51,_ProcessCodePage,149,2,"FUN_004a5e57 __wtol _wcscmp"
004aaae6,FUN_004aaae6,76,1,"FUN_0048a688 FUN_004a5e57 _wcsncmp"
004aab32,_TestDefaultLanguage,59,3,"FUN_004aaae6 _GetPrimaryLen _wcslen"
004aab6d,FUN_004aab6d,106,3,"FUN_004afd7b"
004aabd7,FUN_004aabd7,451,3,"FUN_0049bdb8 FUN_004a5e57 FUN_004aa615 FUN_004aa68e FUN_004aa702 FUN_004aab6d FUN_004afac1 FUN_004afccd IsValidCodePage _ProcessCodePage __getptd __invoke_watson _wcslen"
004aad9b,FUN_004aad9b,176,1,"FUN_0048a688 FUN_004afd7b GetLocaleInfoW _LcidFromHexString _TestDefaultCountry __getptd"
004aae4b,FUN_004aae4b,64,1,"EnumSystemLocalesW __getptd _wcslen"
004aae8b,FUN_004aae8b,28,1,"GetUserDefaultLCID"
004aaea7,FUN_004aaea7,125,1,"EnumSystemLocalesW _GetPrimaryLen __getptd _wcslen"
004aaf24,FUN_004aaf24,89,1,"EnumSystemLocalesW _GetPrimaryLen __getptd _wcslen"
004aaf7d,_GetPrimaryLen,42,1,""
004aafa7,FUN_004aafa7,501,1,"FUN_0048a688 FUN_004ab373 FUN_004afd7b FUN_004afee9 GetLocaleInfoW _LcidFromHexString _TestDefaultCountry __getptd _wcslen"
004ab19c,FUN_004ab19c,219,1,"FUN_0048a688 FUN_004ab373 FUN_004afd7b GetLocaleInfoW _LcidFromHexString __getptd"
004ab277,_LcidFromHexString,79,1,""
004ab2c6,FUN_004ab2c6,139,2,"GetLocaleInfoW __wtol _wcscmp"
004ab351,_TestDefaultCountry,34,1,""
004ab373,FUN_004ab373,106,2,"GetLocaleInfoW _GetPrimaryLen __getptd _wcslen"
004ab3dd,FUN_004ab3dd,106,3,"FUN_004afd7b"
004ab447,FUN_004ab447,540,3,"FUN_0048a688 FUN_00495300 FUN_004a5d17 FUN_004aae4b FUN_004aaea7 FUN_004aaf24 FUN_004ab2c6 FUN_004ab3dd FUN_004afac1 GetLocaleInfoW GetUserDefaultLCID IsValidCodePage IsValidLocale __getptd"
004ab670,__trandisp1,103,2,""
004ab6d7,__trandisp2,140,2,""
004ab833,FUN_004ab833,7,0,""
004ab840,FUN_004ab840,23,8,""
004ab857,__startOneArgErrorHandling,60,6,"__87except"
004ab8b5,FUN_004ab8b5,23,0,""
004ab8cc,FUN_004ab8cc,25,0,""
004ab8e5,__fload_withFB,67,2,""
004ab928,FUN_004ab928,22,2,""
004ab94b,__math_exit,42,5,"__startOneArgErrorHandling"
004aba2c,FUN_004aba2c,3,0,""
004aba2f,FUN_004aba2f,90,4,"FUN_0048c4e4"
004aba89,FUN_004aba89,25,1,"FUN_004aba2f"
004abaa2,FUN_004abaa2,26,2,"FUN_004aba2f"
004ababc,FUN_004ababc,25,1,"FUN_004aba2f"
004abad5,FUN_004abad5,26,2,"FUN_004aba2f"
004abaef,__ismbbblank,33,1,"FUN_004aba2f"
004abb10,__ismbbblank_l,34,2,"FUN_004aba2f"
004abb32,FUN_004abb32,25,1,"FUN_004aba2f"
004abb4b,FUN_004abb4b,26,2,"FUN_004aba2f"
004abb65,FUN_004abb65,22,1,"FUN_004aba2f"
004abb7b,FUN_004abb7b,23,2,"FUN_004aba2f"
004abb92,FUN_004abb92,17,1,"FUN_004abba3"
004abba3,FUN_004abba3,76,2,"FUN_0048c4e4 FUN_004aba2f"
004abbef,FUN_004abbef,22,1,"FUN_004aba2f"
004abc05,FUN_004abc05,23,2,"FUN_004aba2f"
004abc1c,FUN_004abc1c,22,1,"FUN_004aba2f"
004abc32,FUN_004abc32,23,2,"FUN_004aba2f"
004abc49,__ismbblead,22,1,"FUN_004aba2f"
004abc5f,FUN_004abc5f,23,2,"FUN_004aba2f"
004abc76,FUN_004abc76,25,1,"FUN_004aba2f"
004abc8f,FUN_004abc8f,26,2,"FUN_004aba2f"
004abca9,FUN_004abca9,22,1,"FUN_004aba2f"
004abcbf,FUN_004abcbf,23,2,"FUN_004aba2f"
004abcd6,FUN_004abcd6,22,1,"FUN_004aba2f"
004abcec,FUN_004abcec,23,2,"FUN_004aba2f"
004abd10,__global_unwind2,32,1,"RtlUnwind"
004abd75,__local_unwind2,132,2,"FUN_004abe44 __NLG_Notify"
004abe1c,__NLG_Notify1,9,1,""
004abe25,__NLG_Notify,31,1,""
004abe44,FUN_004abe44,3,0,""
004abe47,FUN_004abe47,15,1,""
004abe56,FUN_004abe56,15,1,""
004abe65,FUN_004abe65,15,1,""
004abe74,FUN_004abe74,176,4,"FUN_0048bea0 FUN_0048eb54 __errno _strlen"
004abf24,FUN_004abf24,200,2,""
004abfec,FUN_004abfec,141,5,"FUN_0048a688 FUN_004abf24 FUN_004b01a1 __invoke_watson _strcpy_s"
004ac080,__alldvrm,223,4,""
004ac160,__aullshr,31,2,""
004ac185,__set_output_format,50,1,"FUN_0048eb54 __errno"
004ac1b7,__controlfp_s,93,3,"FUN_0048eb54 FUN_004b1475 __errno"
004ac21d,FUN_004ac21d,70,1,"FUN_004ac263 FUN_004b1cbb __fileno flsall"
004ac263,FUN_004ac263,100,1,"FUN_0049c550 __fileno"
004ac2c7,FUN_004ac2c7,9,0,"flsall"
004ac329,flsall,187,1,"FUN_004ac21d FUN_004ac3d1 FUN_004ac404 __SEH_epilog4 __SEH_prolog4 __lock __lock_file2"
004ac3d1,FUN_004ac3d1,17,0,"__unlock_file2"
004ac404,FUN_004ac404,9,0,"FUN_0049b46a"
004ac40d,FUN_004ac40d,145,0,"DeleteCriticalSection FID_conflict:_free FUN_004ac4a1 FUN_004b1e10 __SEH_epilog4 __SEH_prolog4 __lock"
004ac4a1,FUN_004ac4a1,9,0,"FUN_0049b46a"
004ac4aa,FUN_004ac4aa,130,1,"EnterCriticalSection FUN_004916a4 FUN_004ac52f __SEH_epilog4 __SEH_prolog4 __lock"
004ac52f,FUN_004ac52f,9,0,"FUN_0049b46a"
004ac6e1,FUN_004ac6e1,134,1,"SetStdHandle ___doserrno __errno"
004ac767,FUN_004ac767,103,1,"FUN_0048eb54 ___doserrno __errno"
004ac8e4,FUN_004ac8e4,130,2,"SetStdHandle ___doserrno __errno"
004ac966,FUN_004ac966,38,1,"LeaveCriticalSection"
004ac9d8,__putwch_nolock,67,1,"WriteConsoleW ___dcrt_lowio_initialize_console_output"
004aca20,__alloca_probe,43,0,""
004aca4b,FUN_004aca4b,18,2,"FUN_004aca66"
004aca5d,FUN_004aca5d,9,2,"FUN_004aca66"
004aca66,FUN_004aca66,86,2,"GetStringTypeW"
004acabc,FUN_004acabc,27,3,"FUN_004acb41"
004acad7,FUN_004acad7,26,2,"FUN_004acb41"
004acaf1,FUN_004acaf1,27,3,"FUN_004acb41"
004acb0c,FUN_004acb0c,27,3,"FUN_004acb41"
004acb27,FUN_004acb27,26,2,"FUN_004acb41"
004acb41,FUN_004acb41,127,4,"FUN_0048eb54 FUN_0049bc31 FUN_0049c3fc FUN_004acbc6 __SEH_epilog4 __SEH_prolog4 __errno __ftbuf __lock_file"
004acbc6,FUN_004acbc6,8,0,"__unlock_file"
004acbce,FUN_004acbce,26,2,"FUN_004acb41"
004acbf0,__alloca_probe_16,22,0,"__alloca_probe"
004acc06,__alloca_probe_8,22,0,"__alloca_probe"
004acc1c,FUN_004acc1c,167,3,"FUN_0048a688 FUN_004ad4e1 FUN_004ae76f"
004accd0,FUN_004accd0,29,2,""
004acced,FUN_004acced,15,1,""
004accfc,FUN_004accfc,98,2,""
004acd5e,__IsZeroMan,29,1,""
004acd7b,FUN_004acd7b,257,2,""
004ace7c,FUN_004ace7c,142,2,""
004acf0a,FUN_004acf0a,72,2,""
004acf52,FUN_004acf52,36,3,""
004acf76,FUN_004acf76,1387,3,"FUN_0048a688"
004ad4e1,FUN_004ad4e1,1394,2,"FUN_0048a688"
004ada53,FUN_004ada53,1394,2,"FUN_0048a688"
004adfc5,FUN_004adfc5,207,2,"FUN_0048a688"
004ae094,FUN_004ae094,91,5,"FUN_0048a688 FUN_004adfc5 FUN_004ae76f"
004ae0ef,FUN_004ae0ef,716,2,"FUN_0048a688"
004ae3bb,FUN_004ae3bb,851,3,"FUN_0048a688"
004ae70e,shl_ld12<1>,49,1,""
004ae73f,shr_ld12,48,1,""
004ae76f,FUN_004ae76f,1912,8,"FUN_0048a688 FUN_0048eb54 FUN_004b1ebd __errno"
004aef17,FUN_004aef17,262,3,"FUN_0048eb54 FUN_004ac4aa FUN_004af003 FUN_004af02b __SEH_epilog4 __SEH_prolog4 ___doserrno __errno"
004af003,FUN_004af003,8,0,"FUN_004ac966"
004af02b,FUN_004af02b,1937,3,"FID_conflict:__dosmaperr FID_conflict:_free FUN_0048e508 FUN_0048eb54 FUN_0049c4fc FUN_0049cfa0 GetConsoleMode GetLastError MultiByteToWideChar ReadConsoleW ReadFile ___doserrno __errno"
004af7bc,_strnlen,27,2,""
004af7d7,FUN_004af7d7,143,0,"FID_conflict:_free FUN_0048e4c0 FUN_004b209d WideCharToMultiByte"
004af866,FUN_004af866,64,2,"__calloc_impl __errno"
004af8a6,__mbsnbicoll,24,3,"FUN_004af8be"
004af8be,FUN_004af8be,182,4,"FUN_0048c4e4 FUN_0048eb54 FUN_004b23c7 FUN_004b2730 __errno"
004af974,FUN_004af974,284,6,"FUN_0048eb54 __aulldvrm __errno"
004afa90,FUN_004afa90,49,5,"FUN_004af974"
004afac1,FUN_004afac1,41,4,"FUN_004afb47"
004afaea,FUN_004afaea,42,4,"FUN_004afb47"
004afb14,FUN_004afb14,27,5,"FUN_004af974"
004afb2f,FUN_004afb2f,24,4,"FUN_004afb47"
004afb47,FUN_004afb47,243,5,"FUN_0048eb54 __errno"
004afc3a,FUN_004afc3a,9,1,"__wtol"
004afc43,FUN_004afc43,20,1,"FUN_004b2d37"
004afc57,FUN_004afc57,23,2,"FUN_004b2d61"
004afc6e,FUN_004afc6e,9,2,"__wtol_l"
004afc77,__wtol,20,1,"_wcstol"
004afc8b,__wtol_l,23,2,"FUN_004b2954"
004afca2,FUN_004afca2,20,1,"FUN_004b2d37"
004afcb6,FUN_004afcb6,23,2,"FUN_004b2d61"
004afccd,FUN_004afccd,174,2,""
004afd7b,FUN_004afd7b,147,2,"FUN_0048eb54 FUN_004afe0e __errno"
004afe0e,FUN_004afe0e,219,3,"FUN_0048c4e4 FUN_0048eb54 FUN_004b2e30 __errno"
004afee9,FUN_004afee9,182,3,"FUN_0048eb54 FUN_004aff9f __errno"
004aff9f,FUN_004aff9f,249,4,"FUN_0048c4e4 FUN_0048eb54 FUN_004b2e30 __errno"
004b0098,__87except,265,3,"FUN_0048a688 FUN_004aba2c __ctrlfp __handle_exc __raise_exc __set_errno_from_matherr"
004b01a1,FUN_004b01a1,2515,6,"FUN_0048a688 __invoke_watson _strcpy_s"
004b0b75,FUN_004b0b75,114,2,""
004b0be7,___abstract_cw_sse2,169,1,""
004b0c90,___abstract_sw_sse2,65,1,""
004b0cd1,___clearfp_sse2,80,0,""
004b0d21,FUN_004b0d21,794,4,"___hw_cw_sse2 ___set_fpsr_sse2 __hw_cw"
004b103b,___control87_sse2,387,2,"___hw_cw_sse2 ___set_fpsr_sse2"
004b11ca,___hw_cw_sse2,169,1,""
004b1273,___statusfp_sse2,65,0,"___get_fpsr_sse2"
004b12b4,__abstract_cw,159,1,""
004b1353,__abstract_sw,66,1,""
004b1395,FUN_004b1395,224,0,""
004b1475,FUN_004b1475,770,2,"___hw_cw_sse2 ___set_fpsr_sse2 __hw_cw"
004b1777,FUN_004b1777,779,2,"___hw_cw_sse2 ___set_fpsr_sse2 __hw_cw"
004b1ab8,__hw_cw,151,1,""
004b1b4f,FUN_004b1b4f,114,2,"__controlfp_s __invoke_watson"
004b1bc2,__statusfp,154,0,""
004b1c5c,__statusfp2,95,2,"___statusfp_sse2"
004b1cbb,FUN_004b1cbb,219,1,"FUN_0048eb54 FUN_004ac4aa FUN_004ac767 FUN_004b1d83 FlushFileBuffers GetLastError __SEH_epilog4 __SEH_prolog4 ___doserrno __errno"
004b1d83,FUN_004b1d83,8,0,"FUN_004ac966"
004b1da4,__fclose_nolock,108,1,"FID_conflict:_free FUN_0048eb54 FUN_004ac263 FUN_004b2ef2 __errno __fileno __freebuf"
004b1e10,FUN_004b1e10,105,1,"FUN_0048eb54 FUN_004b1e7f __SEH_epilog4 __SEH_prolog4 __errno __fclose_nolock __lock_file"
004b1e7f,FUN_004b1e7f,8,0,"__unlock_file"
004b1e9e,___dcrt_lowio_initialize_console_output,31,0,"CreateFileW"
004b1ebd,FUN_004b1ebd,480,3,""
004b209d,FUN_004b209d,583,2,"FID_conflict:_free FUN_0048e4c0 FUN_0048e508 FUN_0048e599 FUN_0048eb54 FUN_004af7d7 FUN_004b22e5 FUN_004b30e7 SetEnvironmentVariableA __errno __invoke_watson _strcpy_s _strlen findenv"
004b22e5,FUN_004b22e5,96,1,"FUN_0048e4c0 FUN_004b3097 __amsg_exit"
004b2345,findenv,91,2,"__mbsnbicoll"
004b23a0,__strnicoll,39,3,"FUN_004b23c7 __strnicmp"
004b23c7,FUN_004b23c7,197,4,"FUN_0048c4e4 FUN_0048eb54 FUN_004b2730 FUN_004b3204 __errno"
004b248c,FUN_004b248c,644,8,"FUN_0048a688 FUN_004a42e8 FUN_004a5ccb GetCPInfo MultiByteToWideChar ___strncnt __alloca_probe_16 _malloc"
004b2710,___strncnt,32,2,""
004b2730,FUN_004b2730,67,8,"FUN_0048c4e4 FUN_004b248c"
004b2773,FUN_004b2773,481,4,"FUN_0048eb54 FUN_004aca66 __errno __wchartodigit"
004b2954,FUN_004b2954,24,3,"FUN_004b2773"
004b296c,FUN_004b296c,24,3,"FUN_004b2773"
004b2984,_wcstol,24,3,"FUN_004b2773"
004b299c,FUN_004b299c,24,3,"FUN_004b2773"
004b29b4,FUN_004b29b4,720,5,"FUN_0048c4e4 FUN_0048eb54 FUN_004aca66 __allmul __aulldvrm __errno __wchartodigit"
004b2c84,FUN_004b2c84,179,3,"FID_conflict:__dosmaperr FID_conflict:_free FUN_0048e508 FUN_004a4512 GetLastError WideCharToMultiByte"
004b2d37,FUN_004b2d37,42,3,"FUN_004b29b4"
004b2d61,FUN_004b2d61,27,4,"FUN_004b29b4"
004b2d7c,FUN_004b2d7c,9,4,"FUN_004b2d61"
004b2d85,FUN_004b2d85,9,3,"FUN_004b3454"
004b2d8e,FUN_004b2d8e,9,4,"FUN_004b2d61"
004b2d97,FUN_004b2d97,42,3,"FUN_004b29b4"
004b2dc1,FUN_004b2dc1,27,4,"FUN_004b29b4"
004b2ddc,FUN_004b2ddc,9,4,"FUN_004b2dc1"
004b2de5,FUN_004b2de5,9,4,"FUN_004b2dc1"
004b2dee,FUN_004b2dee,21,2,"FUN_004b2c84"
004b2e03,FUN_004b2e03,9,3,"FUN_004b2d37"
004b2e0c,FUN_004b2e0c,9,2,"FUN_004b354f"
004b2e15,FUN_004b2e15,9,3,"FUN_004b2d37"
004b2e1e,FUN_004b2e1e,9,3,"FUN_004b2d97"
004b2e27,FUN_004b2e27,9,3,"FUN_004b2d97"
004b2e30,FUN_004b2e30,177,2,"FUN_0048c4e4 FUN_004aca66 ___crtLCMapStringW"
004b2ee1,FUN_004b2ee1,17,1,"FUN_004b2e30"
004b2ef2,FUN_004b2ef2,205,1,"FUN_0048eb54 FUN_004ac4aa FUN_004b2fa5 FUN_004b2fcd __SEH_epilog4 __SEH_prolog4 ___doserrno __errno"
004b2fa5,FUN_004b2fa5,8,0,"FUN_004ac966"
004b2fcd,FUN_004b2fcd,154,1,"CloseHandle FID_conflict:__dosmaperr FUN_004ac6e1 FUN_004ac767 GetLastError"
004b3067,__freebuf,48,1,"FID_conflict:_free"
004b3097,FUN_004b3097,79,1,"__invoke_watson _malloc _strcpy_s _strlen"
004b30e7,FUN_004b30e7,21,2,"FUN_004b30fc"
004b30fc,FUN_004b30fc,157,3,"FUN_0048b420 FUN_0048c4e4 FUN_0048eb54 __errno"
004b3199,__strnicmp,107,3,"FUN_0048eb54 FUN_004b3204 ___ascii_strnicmp __errno"
004b3204,FUN_004b3204,177,4,"FUN_0048c4e4 FUN_0048eb54 FUN_00496b58 ___ascii_strnicmp __errno"
004b32b5,__wchartodigit,415,1,""
004b3454,FUN_004b3454,251,3,"FUN_0048a688 FUN_0048c4e4 FUN_0048eb54 FUN_004aca66 FUN_004b3601 __errno"
004b354f,FUN_004b354f,21,2,"FUN_004b3454"
004b3564,___crtLCMapStringW,47,6,"FUN_004a5f11 _wcsnlen"
004b35a0,___ascii_strnicmp,97,3,""
004b3601,FUN_004b3601,169,3,"FUN_0048a688 FUN_004ad4e1 FUN_004b3705"
004b36aa,FUN_004b36aa,91,5,"FUN_0048a688 FUN_004adfc5 FUN_004b3705"
004b3705,FUN_004b3705,2080,8,"FUN_0048a688 FUN_0048eb54 FUN_004b1ebd __errno"
004b3f9e,IsProcessorFeaturePresent,6,1,""
004b3fb0,RtlUnwind,6,4,""
004b411a,FUN_004b411a,10,1,"__cintrindisp2"
004b413a,FUN_004b413a,10,1,"__cintrindisp2"
004b42fd,FUN_004b42fd,66,2,"__except1"
004b434e,FUN_004b434e,619,0,"FUN_004b42fd"
004b446c,FUN_004b446c,145,2,""
004b44fd,FUN_004b44fd,46,2,"FUN_004b446c"
004b4530,FUN_004b4530,1311,1,"FUN_004b58b9 FUN_004b5c5f"
004b4a50,FUN_004b4a50,773,1,"FUN_004b58b9 FUN_004b5daf"
004b4d60,FUN_004b4d60,440,1,"FUN_004b5ecf"
004b4f20,FUN_004b4f20,453,1,"FUN_004b5fff"
004b50f0,__libm_sse2_sqrt_precise,254,1,"FUN_00497ef4 FUN_004b58b9"
004b51f0,FUN_004b51f0,605,1,"FUN_004b612f"
004b5460,FUN_004b5460,504,2,"FUN_004b58b9 FUN_004b7110 __ctrlfp __except1 __handle_qnan1 __sptype"
004b55fc,FUN_004b55fc,9,0,""
004b5640,__cintrindisp2,62,2,"FUN_004b5703 __trandisp2"
004b567e,__cintrindisp1,61,2,"FUN_004b5703 __trandisp1"
004b56bb,__ctrandisp2,65,4,"FUN_004b56fc __fload __trandisp2"
004b56fc,FUN_004b56fc,7,0,""
004b5703,FUN_004b5703,327,0,"__87except"
004b584a,__ctrandisp1,51,2,"FUN_004b56fc __fload __trandisp1"
004b587d,__fload,60,2,""
004b58b9,FUN_004b58b9,688,4,"DecodePointer __errno"
004b5ba1,___libm_setusermatherr,44,1,"EncodePointer"
004b5c5f,FUN_004b5c5f,183,3,"FUN_004ab8b5 FUN_004ab8cc __fload_withFB __math_exit __startOneArgErrorHandling"
004b5daf,FUN_004b5daf,134,3,"FUN_004ab8cc __fload_withFB __math_exit __startOneArgErrorHandling"
004b5ecf,FUN_004b5ecf,154,3,"FUN_004ab8cc __fload_withFB __math_exit __startOneArgErrorHandling"
004b5fff,FUN_004b5fff,154,3,"FUN_004ab8cc __fload_withFB __math_exit __startOneArgErrorHandling"
004b612f,FUN_004b612f,158,3,"FUN_004ab8cc __fload_withFB __math_exit __startOneArgErrorHandling"
004b61dc,FUN_004b61dc,31,1,""
004b62e0,FUN_004b62e0,24,0,"FUN_004b62fe"
004b62fe,FUN_004b62fe,1334,1,"FUN_004b58b9"
004b6840,FUN_004b6840,24,0,"FUN_004b685e"
004b685e,FUN_004b685e,717,1,"FUN_004b58b9"
004b6b30,FUN_004b6b30,24,1,"FUN_004b6b4e"
004b6b4e,FUN_004b6b4e,395,3,"FUN_004b5ecf"
004b6ce0,FUN_004b6ce0,24,1,"FUN_004b6cfe"
004b6cfe,FUN_004b6cfe,425,3,"FUN_004b5fff"
004b6eb0,FUN_004b6eb0,24,1,"FUN_004b6ece"
004b6ece,FUN_004b6ece,564,3,"FUN_004b612f"
004b7110,FUN_004b7110,20,1,""
004b7130,Unwind@004b7130,11,0,"FUN_0040cc80"
004b713b,Unwind@004b713b,14,0,"FUN_0040cc80"
004b7170,Unwind@004b7170,27,0,"`eh_vector_destructor_iterator'"
004b71b0,Unwind@004b71b0,27,0,"`eh_vector_destructor_iterator'"
004b71cb,Unwind@004b71cb,27,0,"`eh_vector_destructor_iterator'"
004b7210,Unwind@004b7210,11,0,"FID_conflict:_free"
004b7240,Unwind@004b7240,14,0,"FID_conflict:_free"
004b724e,Unwind@004b724e,14,0,"FID_conflict:_free"
004b7280,Unwind@004b7280,11,0,"FID_conflict:_free"
004b72b0,Unwind@004b72b0,11,0,"FUN_00403e70"
004b72bb,Unwind@004b72bb,14,0,"FUN_0040cc80"
004b72f0,Unwind@004b72f0,11,0,"FID_conflict:_free"
004b7320,Unwind@004b7320,11,0,"FID_conflict:_free"
004b7350,Unwind@004b7350,14,0,"FUN_00403e70"
004b7380,Unwind@004b7380,14,0,"FID_conflict:_free"
004b73c0,Unwind@004b73c0,14,0,"FID_conflict:_free"
004b7400,Unwind@004b7400,11,0,"FID_conflict:_free"
004b7430,Unwind@004b7430,11,0,"FUN_00403e70"
004b743b,Unwind@004b743b,11,0,"FUN_0040cc80"
004b7470,Unwind@004b7470,11,0,"FUN_0040cc80"
004b74a0,Unwind@004b74a0,11,0,"FID_conflict:_free"
004b74d0,Unwind@004b74d0,11,0,"FID_conflict:_free"
004b7500,Unwind@004b7500,11,0,"FUN_00403e70"
004b7530,Unwind@004b7530,11,0,"FUN_00403e70"
004b7560,Unwind@004b7560,14,0,"FUN_00403e70"
004b7590,Unwind@004b7590,11,0,"FID_conflict:_free"
004b75c0,Unwind@004b75c0,8,0,"FUN_00469280"
004b75f0,Unwind@004b75f0,8,0,"FUN_00469280"
004b7620,Unwind@004b7620,11,0,"FUN_0046cfe0"
004b7650,Unwind@004b7650,8,0,"FUN_0046cfe0"
004b76a0,Unwind@004b76a0,8,0,"FUN_00401340"
004b76a8,Unwind@004b76a8,11,0,"FUN_00401340"
004b76d0,Unwind@004b76d0,8,0,"FUN_00403e70"
004b76d8,Unwind@004b76d8,30,0,"`eh_vector_destructor_iterator'"
004b76f6,Unwind@004b76f6,14,0,"FUN_0040cc80"
004b7704,Unwind@004b7704,27,0,"`eh_vector_destructor_iterator'"
004b7740,Unwind@004b7740,8,0,"FUN_00403e70"
004b7748,Unwind@004b7748,30,0,"`eh_vector_destructor_iterator'"
004b7766,Unwind@004b7766,14,0,"FUN_0040cc80"
004b7774,Unwind@004b7774,27,0,"`eh_vector_destructor_iterator'"
004b77b0,Unwind@004b77b0,11,0,"FID_conflict:_free"
004b77f0,Unwind@004b77f0,11,0,"FID_conflict:_free"
