entry,name,size,params,callees
00401140,FUN_00401140,171,2,"EnterCriticalSection LeaveCriticalSection"
004011f0,FUN_004011f0,171,2,"EnterCriticalSection LeaveCriticalSection"
004012a0,FUN_004012a0,278,1,"EnterCriticalSection FUN_004015e0 LeaveCriticalSection"
004013e0,FUN_004013e0,241,0,"EnterCriticalSection FUN_004015e0 LeaveCriticalSection"
004014f0,FUN_004014f0,113,2,"EnterCriticalSection FUN_004015e0 LeaveCriticalSection"
00401570,FUN_00401570,106,1,"FUN_0047b250"
004015e0,FUN_004015e0,162,2,"FUN_0047b280"
00401690,FUN_00401690,794,0,"__security_check_cookie _memset joyGetPosEx"
004019b0,FUN_004019b0,256,0,"XInputGetState __security_check_cookie"
00401ab0,FUN_00401ab0,902,0,"FUN_00401690 FUN_004019b0 FUN_00404d20 GetKeyboardState __security_check_cookie"
00401e40,FUN_00401e40,103,1,"GetKeyboardState _memset"
00401eb0,FUN_00401eb0,272,6,"FUN_0047ea20 FUN_0047ef94 FUN_0047ef9f"
00401fc0,FUN_00401fc0,271,6,"FUN_0047ea20 FUN_0047ef94 FUN_0047ef9f"
004020d0,FUN_004020d0,444,3,"CloseHandle CreateFileA EnterCriticalSection FUN_00404d10 FUN_00404e20 FUN_0045e0d0 FUN_0047c690 FUN_0047ef94 GetFileSize LeaveCriticalSection ReadFile __stricmp"
00402290,FUN_00402290,128,1,"CloseHandle CreateFileA EnterCriticalSection LeaveCriticalSection"
00402310,FUN_00402310,310,3,"CloseHandle CreateFileA EnterCriticalSection FUN_00404d10 FormatMessageA GetLastError LeaveCriticalSection LocalFree WriteFile"
00402450,FUN_00402450,182,1,"CreateFileA EnterCriticalSection FUN_00404d10 FormatMessageA GetLastError LeaveCriticalSection LocalFree"
00402510,FUN_00402510,87,1,"CloseHandle FUN_0047ef94 ReadFile"
00402570,FUN_00402570,46,0,"CloseHandle LeaveCriticalSection"
004025a0,FUN_004025a0,193,3,"EnterCriticalSection FUN_00404cd0 LeaveCriticalSection __alloca_probe __security_check_cookie"
00402670,FUN_00402670,196,3,"EnterCriticalSection FUN_00404cd0 LeaveCriticalSection __security_check_cookie"
00402740,FUN_00402740,101,1,"EnterCriticalSection LeaveCriticalSection"
004027b0,FUN_004027b0,139,1,"EnterCriticalSection LeaveCriticalSection"
00402840,FUN_00402840,56,1,"FUN_004027b0"
00402880,FUN_00402880,64,1,"FUN_004027b0"
004028c0,FUN_004028c0,82,0,""
00402920,FUN_00402920,71,0,""
00402970,FUN_00402970,65,1,""
004029c0,FUN_004029c0,66,1,""
00402a10,FUN_00402a10,127,2,""
00402a90,FUN_00402a90,23,1,""
00402ab0,FUN_00402ab0,104,1,""
00402b20,FUN_00402b20,41,2,"FUN_00402b60 FUN_0047b280"
00402b50,FUN_00402b50,11,1,"FUN_00402b60"
00402b60,FUN_00402b60,126,1,"CloseHandle Sleep WaitForSingleObject"
00402be0,FUN_00402be0,61,3,"FUN_00402b60 __beginthreadex"
00402c20,FUN_00402c20,186,1,"FUN_00404ba0 FUN_00404c00 FUN_00404c60"
00402cf0,FUN_00402cf0,692,1,"FUN_00402920 FUN_004049d0 FUN_00404a10 FUN_00404b00 FUN_00404c00 FUN_00404c60 FUN_00404c80 FUN_00404ca0"
00402fc0,FUN_00402fc0,29,1,"FUN_00402cf0"
00402fe0,FUN_00402fe0,1575,1,"FUN_00497870"
00403690,FUN_00403690,567,2,"FUN_004976b0 FUN_00497870 __security_check_cookie"
004038d0,FUN_004038d0,786,8,""
00403bf0,FUN_00403bf0,870,6,"FUN_00404c60"
00403f60,FUN_00403f60,947,8,"FUN_004038d0 FUN_004976b0 FUN_00497870 __security_check_cookie"
00404320,FUN_00404320,1683,7,"FUN_00403690 FUN_004976b0 FUN_00497870 __libm_sse2_sqrt_precise __security_check_cookie"
004049c0,FUN_004049c0,8,0,""
004049d0,FUN_004049d0,55,0,"FUN_00497db0"
00404a10,FUN_00404a10,57,1,"FUN_00496e70"
00404a50,FUN_00404a50,92,2,""
00404ab0,FUN_00404ab0,77,1,""
00404b00,FUN_00404b00,142,3,""
00404b90,FUN_00404b90,3,1,""
00404ba0,FUN_00404ba0,88,1,""
00404c00,FUN_00404c00,77,1,""
00404c50,FUN_00404c50,5,0,""
00404c60,FUN_00404c60,32,3,""
00404c80,FUN_00404c80,23,1,"FUN_004976b0"
00404ca0,FUN_00404ca0,23,1,"FUN_00497870"
00404cc0,FUN_00404cc0,6,0,""
00404cd0,FUN_00404cd0,51,3,"FUN_00404cc0 ___stdio_common_vsprintf"
00404d10,FUN_00404d10,1,0,""
00404d20,FUN_00404d20,129,1,""
00404db0,FUN_00404db0,35,2,""
00404de0,FUN_00404de0,41,1,""
00404e10,FUN_00404e10,10,1,""
00404e20,FUN_00404e20,44,1,"LeaveCriticalSection"
00404e50,FUN_00404e50,112,1,"FUN_0047ef94 _memset"
00405810,FUN_00405810,104,1,""
00405880,FUN_00405880,13,2,""
00405890,FUN_00405890,13,2,""
004058a0,FUN_004058a0,24,2,""
004058c0,FUN_004058c0,25,2,""
004058e0,FUN_004058e0,25,2,""
00405900,FUN_00405900,25,2,""
00405920,FUN_00405920,42,1,""
00405950,FUN_00405950,181,6,""
00405a10,FUN_00405a10,27,1,"FUN_00402880"
00405a30,FUN_00405a30,49,1,""
00405a70,FUN_00405a70,236,5,"EnterCriticalSection FUN_00407230 FUN_00466de0 FUN_00475c80 FUN_00476a60 LeaveCriticalSection"
00405b60,FUN_00405b60,6,0,""
00405b70,FUN_00405b70,32,3,""
00405b90,FUN_00405b90,48,2,""
00405bc0,FUN_00405bc0,48,2,""
00405bf0,FUN_00405bf0,35,2,"FUN_0047ef94"
00405c20,FUN_00405c20,338,2,"FUN_00402880 FUN_004064b0 FUN_0047ef94 _memset"
00405d80,FUN_00405d80,425,1,"FUN_00402840 FUN_00402880 FUN_00406490"
00405f30,FUN_00405f30,477,1,"FUN_00406250 FUN_0046c540 FUN_0046d0a0"
00406130,FUN_00406130,280,2,"FUN_00402880 FUN_0047ef94 _memset"
00406250,FUN_00406250,462,2,"FUN_00404c80 FUN_00404ca0 FUN_00406420 __security_check_cookie"
00406420,FUN_00406420,103,2,"FUN_00406250"
00406490,FUN_00406490,32,3,""
004064b0,FUN_004064b0,124,5,""
00406530,FUN_00406530,125,2,""
004065b0,FUN_004065b0,31,2,""
004065d0,FUN_004065d0,822,2,"FUN_00402fe0"
00406910,FUN_00406910,12,2,""
00406920,FUN_00406920,4,1,""
00406930,FUN_00406930,29,1,"FUN_00402840"
00406950,FUN_00406950,419,1,"FUN_00407230 FUN_00466de0 FUN_0047ef94 _memset"
00406b00,FUN_00406b00,100,1,"FUN_00466de0"
00406b70,FUN_00406b70,1348,1,"FUN_0046d0a0 FUN_0046f8c0 __security_check_cookie"
004070d0,FUN_004070d0,301,2,"FUN_00407230 FUN_00466de0"
00407230,FUN_00407230,355,3,"_memset"
004073a0,FUN_004073a0,22,1,""
004073c0,FUN_004073c0,818,1,"FUN_00402840 FUN_00402880 FUN_004064b0 FUN_00476c20 FUN_0047ef94 _memset"
00407700,FUN_00407700,946,1,"D3DXVec3Normalize FUN_004065d0 __security_check_cookie"
00407b80,FUN_00407b80,753,0,"FUN_00401140 FUN_004011f0 FUN_00401570 FUN_004025a0 FUN_00407e80 FUN_00409510 FUN_00466390 FUN_00474750 FUN_0047b250 __security_check_cookie _memset"
00407e80,FUN_00407e80,464,1,"EnterCriticalSection FUN_004015e0 FUN_004097d0 FUN_00474e90 FUN_0047b280 LeaveCriticalSection"
00408050,FUN_00408050,131,1,""
004080f0,FUN_004080f0,97,1,"FUN_004085a0 FUN_00409460 FUN_0046d0a0"
00408160,FUN_00408160,42,1,"FUN_004085a0 FUN_00409460"
00408190,FUN_00408190,286,3,""
004082b0,FUN_004082b0,77,4,"FUN_00404cd0 FUN_00408190 __security_check_cookie"
00408300,FUN_00408300,271,2,"FUN_00408190 FUN_00409440 __security_check_cookie"
00408410,FUN_00408410,278,2,"FUN_00408190 FUN_00409440 __security_check_cookie"
00408530,FUN_00408530,98,4,"FUN_00404cd0 FUN_00408190 __security_check_cookie"
004085a0,FUN_004085a0,101,2,"FUN_00408610 FUN_00409460 FUN_0046d0a0"
00408610,FUN_00408610,3530,2,"FUN_0046c8b0 FUN_0046d260"
00409430,FUN_00409430,6,0,""
00409440,FUN_00409440,24,3,"FUN_00404cd0"
00409460,FUN_00409460,171,2,"FUN_0046d0a0"
00409510,FUN_00409510,704,1,"_memset"
004097d0,FUN_004097d0,82,1,"FUN_0047ef9f"
00409830,FUN_00409830,5,1,""
00409870,FUN_00409870,9,1,""
00409880,FUN_00409880,8,1,""
00409890,FUN_00409890,161,4,""
00409940,FUN_00409940,73,1,"`eh_vector_destructor_iterator'"
00409990,FUN_00409990,827,2,"FUN_00401140 FUN_004011f0 FUN_00401570 FUN_004020d0 FUN_004025a0 FUN_00402670 FUN_00474750 FUN_0047ea20 FUN_0047ef94 _memset"
00409cd0,FUN_00409cd0,1041,1,"EnterCriticalSection FUN_004015e0 FUN_0040a0f0 FUN_00474e90 FUN_0047ef9f LeaveCriticalSection `eh_vector_destructor_iterator'"
0040a0f0,FUN_0040a0f0,304,1,"FUN_00476470 FUN_00476620 FUN_00476680 FUN_0047b280 FUN_0047ef9f"
0040a220,FUN_0040a220,358,1,"FUN_00409990 FUN_00409cd0 FUN_0047b250 FUN_0047b280 _memset `eh_vector_constructor_iterator'"
0040a390,FUN_0040a390,489,1,"D3DXVec3Normalize FUN_0040b550 FUN_0040ca00 FUN_00466de0 __security_check_cookie"
0040a580,FUN_0040a580,1131,1,"FUN_00401140 FUN_004011f0 FUN_00401570 FUN_0040b1d0 FUN_0040dc60 FUN_0046d0a0 FUN_0047b250 __security_check_cookie _memset"
0040a9f0,FUN_0040a9f0,851,1,"FUN_0040b1d0 FUN_0040dbe0 FUN_0040dc60 FUN_0046d0a0 FUN_00475ba0"
0040ad80,FUN_0040ad80,1093,3,"D3DXMatrixTranslation D3DXVec3ProjectArray __security_check_cookie"
0040b1d0,FUN_0040b1d0,885,2,"FUN_0040ad80 FUN_0040c600 FUN_0040dc60 FUN_0046d0a0 FUN_0046f8c0 __security_check_cookie"
0040b550,FUN_0040b550,4007,1,"FUN_00402920 FUN_00404c80 FUN_00404ca0 FUN_00405810 FUN_00405bc0 FUN_004065d0 FUN_00407230 FUN_00409890 FUN_0040a0f0 FUN_0040d230 FUN_0040d8d0 FUN_0041ba00 FUN_00466de0 FUN_0047b250"
0040c580,FUN_0040c580,123,1,""
0040c600,FUN_0040c600,1019,2,"D3DXMatrixLookAtLH D3DXMatrixPerspectiveFovLH D3DXVec3Normalize FUN_0046d0a0 FUN_0046f8c0 __security_check_cookie"
0040ca00,FUN_0040ca00,2083,1,"D3DXVec3Normalize FUN_00402840 FUN_0041bb80 FUN_00497870 __security_check_cookie"
0040d230,FUN_0040d230,1580,2,"FUN_00402fe0 FUN_0040dac0"
0040d860,FUN_0040d860,42,1,""
0040d890,FUN_0040d890,13,2,""
0040d8a0,FUN_0040d8a0,15,2,""
0040d8b0,FUN_0040d8b0,14,2,""
0040d8c0,FUN_0040d8c0,13,2,""
0040d8d0,FUN_0040d8d0,495,1,"FUN_00402fe0"
0040dac0,FUN_0040dac0,137,3,""
0040db50,FUN_0040db50,88,4,""
0040dbb0,FUN_0040dbb0,48,3,"FUN_00407230 FUN_00466de0"
0040dbe0,FUN_0040dbe0,119,1,""
0040dc60,FUN_0040dc60,498,1,"D3DXMatrixLookAtLH D3DXMatrixPerspectiveFovLH D3DXVec3Normalize FUN_0046d0a0 __security_check_cookie"
0040de60,FUN_0040de60,4,1,""
0040de70,FUN_0040de70,7,1,""
0040de80,FUN_0040de80,36,1,""
0040deb0,FUN_0040deb0,12,1,""
0040dec0,FUN_0040dec0,1131,0,"EnterCriticalSection FUN_00405a70 FUN_00407230 FUN_00410200 FUN_004112b0 FUN_00466de0 FUN_00475c80 FUN_00476470 FUN_00476590 FUN_00476680 FUN_00476a60 LeaveCriticalSection"
0040e330,FUN_0040e330,226,1,"FUN_00476470 FUN_00476680 FUN_0047b280"
0040e420,FUN_0040e420,538,0,"FUN_00401140 FUN_004011f0 FUN_00401570 FUN_004025a0 FUN_0040e640 FUN_00474750 FUN_0047b250 _memset"
0040e640,FUN_0040e640,263,1,"EnterCriticalSection FUN_004015e0 FUN_0040e330 FUN_00474e90 FUN_0047b280 LeaveCriticalSection"
0040e750,FUN_0040e750,459,1,"FUN_0040e920 FUN_0040ee70 FUN_00410af0 FUN_00476470 FUN_00476510 FUN_00476680 FUN_0047b280"
0040e920,FUN_0040e920,1359,1,"FUN_004027b0 FUN_00410380 FUN_004654f0 FUN_00476470 FUN_00476620"
0040ee70,FUN_0040ee70,2131,1,"EnterCriticalSection FUN_00407230 FUN_0040f6d0 FUN_0040f980 FUN_00410030 FUN_00410180 FUN_00410200 FUN_00410640 FUN_00411210 FUN_004113c0 FUN_00419df0 FUN_00435ab0 FUN_00449c80 FUN_00465450 FUN_00466de0 FUN_00475c80 FUN_00476470 FUN_00476510 FUN_00476620 FUN_00476780 FUN_004767b0 FUN_00476a60 FUN_00497db0 LeaveCriticalSection __security_check_cookie"
0040f6d0,FUN_0040f6d0,651,2,"EnterCriticalSection FUN_00407230 FUN_00449c80 FUN_00465450 FUN_00466de0 FUN_00475c80 FUN_00476510 FUN_00476a60 LeaveCriticalSection"
0040f980,FUN_0040f980,480,2,"FUN_0040fb60 FUN_00410200 FUN_004108d0 FUN_004113e0"
0040fb60,FUN_0040fb60,1232,1,"EnterCriticalSection FUN_00405a70 FUN_00407230 FUN_00410030 FUN_004112b0 FUN_00465450 FUN_00466de0 FUN_00475c80 FUN_00476470 FUN_00476590 FUN_00476680 FUN_00476a60 LeaveCriticalSection"
00410030,FUN_00410030,331,1,"EnterCriticalSection FUN_00407230 FUN_00466de0 FUN_00475c80 FUN_00476470 FUN_00476680 FUN_00476a60 LeaveCriticalSection"
00410180,FUN_00410180,114,1,"FUN_00476470"
00410200,FUN_00410200,375,2,"FUN_00466de0 FUN_00476470 FUN_00476960"
00410380,FUN_00410380,495,3,"FUN_00405a70 FUN_00410570 FUN_004111a0 FUN_0045d8a0 FUN_004654f0 FUN_00476470 FUN_00476510 FUN_0047b250 _memset"
00410570,FUN_00410570,197,2,"FUN_004113c0"
00410640,FUN_00410640,631,0,"FUN_00402880 FUN_00411180 FUN_00434740"
004108d0,FUN_004108d0,520,4,"FUN_00402880 FUN_00411180 FUN_00434740"
00410af0,FUN_00410af0,1634,1,"FUN_00402840 FUN_00404a10 FUN_00405a70 FUN_0040dbe0 FUN_0040f980 FUN_00410570 FUN_004654f0 FUN_00476470 FUN_00476510 FUN_00476590 FUN_00476620"
00411180,FUN_00411180,32,4,""
004111a0,FUN_004111a0,63,2,""
004111e0,FUN_004111e0,45,1,"FUN_00466de0"
00411210,FUN_00411210,149,2,""
004112b0,FUN_004112b0,250,7,"EnterCriticalSection FUN_00407230 FUN_00466de0 FUN_00475c80 FUN_00476a60 LeaveCriticalSection"
004113b0,FUN_004113b0,3,1,""
004113c0,FUN_004113c0,32,3,""
004113e0,FUN_004113e0,67,2,""
00411430,FUN_00411430,3,0,""
00411440,FUN_00411440,3,0,""
00411450,FUN_00411450,3,0,""
00411460,FUN_00411460,5,0,""
00411470,FUN_00411470,3,0,""
00411480,FUN_00411480,1,0,""
00411490,FUN_00411490,285,1,"EnterCriticalSection FUN_004015e0 FUN_00476620 FUN_0047ef9f LeaveCriticalSection"
004115b0,FUN_004115b0,387,0,"FUN_00401140 FUN_004011f0 FUN_00401570 FUN_00411760 FUN_004117a0 FUN_004117e0 FUN_0047b250 _memset"
00411760,FUN_00411760,50,1,"_memset"
004117a0,FUN_004117a0,50,1,"_memset"
004117e0,FUN_004117e0,138,1,"_memset"
00411870,FUN_00411870,153,1,"FUN_00405810"
00411910,FUN_00411910,506,1,"FUN_004082b0 __security_check_cookie"
00411b10,FUN_00411b10,145,0,"FUN_00411490 FUN_00411bd0 FUN_00411bf0 FUN_00411c10 FUN_0047b280"
00411bd0,FUN_00411bd0,28,1,"FUN_00411490 FUN_0047b280"
00411bf0,FUN_00411bf0,28,1,"FUN_00411490 FUN_0047b280"
00411c10,FUN_00411c10,28,1,"FUN_00411490 FUN_0047b280"
00411c30,FUN_00411c30,260,0,"FUN_00419cf0 FUN_0042fd50 FUN_004654f0"
00411d40,FUN_00411d40,78,0,""
00411d90,FUN_00411d90,644,1,"EnterCriticalSection FUN_00401140 FUN_00401570 FUN_00407230 FUN_004112b0 FUN_00465450 FUN_00466de0 FUN_00475c80 FUN_00476a60 FUN_0047b250 LeaveCriticalSection _memset"
00412020,FUN_00412020,882,1,"FUN_00412820 FUN_00449de0 FUN_00476470 FUN_00476510"
004123a0,FUN_004123a0,6,0,""
004123b0,FUN_004123b0,5,0,""
004123c0,FUN_004123c0,113,2,"FUN_004112b0 FUN_00412820"
00412440,FUN_00412440,632,1,"FUN_00404c80 FUN_00404ca0 FUN_004126d0 FUN_00419f00 FUN_00476470 FUN_00476960 __security_check_cookie"
004126c0,FUN_004126c0,1,0,""
004126d0,FUN_004126d0,285,2,"FUN_00404c80 FUN_00404ca0 FUN_004126d0"
004127f0,FUN_004127f0,33,2,""
00412820,FUN_00412820,32,3,""
00412840,FUN_00412840,7,1,""
00412850,FUN_00412850,1067,1,"FUN_00402c20 FUN_00402cf0 FUN_00404a50 FUN_00413ca0 FUN_00413d00 FUN_0041e9e0 FUN_00428ed0 FUN_00476470 FUN_00496e70 __libm_sse2_sqrt_precise"
00412c80,FUN_00412c80,247,4,"FUN_004112b0 FUN_00449c80"
00412d80,FUN_00412d80,351,1,"FUN_00419df0 FUN_00449c80 FUN_004654f0 FUN_00476470 FUN_00476510 FUN_00476680"
00412ee0,FUN_00412ee0,353,1,"EnterCriticalSection FUN_00407230 FUN_00465450 FUN_00466de0 FUN_00475c80 FUN_00476a60 FUN_0047ef94 FUN_0047ef9f LeaveCriticalSection _memset"
00413050,FUN_00413050,2548,1,"FUN_00401140 FUN_00401570 FUN_00404ab0 FUN_004112b0 FUN_00412850 FUN_00412c80 FUN_00412d80 FUN_00419df0 FUN_00449c80 FUN_004654f0 FUN_00476470 FUN_00476510 FUN_00476680 FUN_0047b250 FUN_0047ef9f _memset"
00413a50,FUN_00413a50,6,0,""
00413a60,FUN_00413a60,5,0,""
00413a70,FUN_00413a70,165,1,"FUN_00419df0"
00413b20,FUN_00413b20,216,1,"FUN_00401140 FUN_00401570 FUN_00412d80 FUN_00476510 FUN_0047b250 FUN_0047ef9f _memset"
00413c00,FUN_00413c00,24,2,""
00413c20,FUN_00413c20,6,1,""
00413c30,FUN_00413c30,6,1,""
00413c40,FUN_00413c40,13,1,""
00413c50,FUN_00413c50,25,2,""
00413c70,FUN_00413c70,6,0,""
00413c80,FUN_00413c80,4,1,""
00413c90,FUN_00413c90,6,1,""
00413ca0,FUN_00413ca0,76,1,""
00413cf0,FUN_00413cf0,5,1,""
00413d00,FUN_00413d00,87,1,""
00413d60,FUN_00413d60,765,1,"EnterCriticalSection FUN_00401140 FUN_00401570 FUN_00407230 FUN_00465450 FUN_00466de0 FUN_00475c80 FUN_00476470 FUN_00476a60 FUN_0047b250 LeaveCriticalSection _memset"
00414060,FUN_00414060,1090,1,"FUN_00402880 FUN_00405bc0 FUN_0040dbe0 FUN_004112b0 FUN_004144f0 FUN_00419f00 FUN_004359b0 FUN_00449de0 FUN_00465450 FUN_00476470 FUN_00476510 __security_check_cookie"
004144b0,FUN_004144b0,6,0,""
004144c0,FUN_004144c0,5,0,""
004144d0,FUN_004144d0,3,0,""
004144e0,FUN_004144e0,1,0,""
004144f0,FUN_004144f0,32,3,""
00414510,FUN_00414510,11,1,""
00414520,FUN_00414520,23,1,"_memset"
00414540,FUN_00414540,30,1,"_memset"
00414560,FUN_00414560,238,1,"_memset"
00414660,FUN_00414660,344,0,"FUN_004766d0 _memset"
004147c0,FUN_004147c0,486,0,"FUN_00401140 FUN_004011f0 FUN_00401570 FUN_004025a0 FUN_004149b0 FUN_00474750 FUN_0047b250 _memset `eh_vector_constructor_iterator'"
004149b0,FUN_004149b0,290,1,"EnterCriticalSection FUN_004015e0 FUN_004766d0 FUN_0047b280 LeaveCriticalSection `eh_vector_destructor_iterator'"
00414ae0,FUN_00414ae0,2346,1,"FUN_0040d8d0 FUN_00415410 FUN_004155f0 FUN_004165b0 FUN_004183f0 FUN_00418610 FUN_00418800 FUN_00418990 FUN_00418b80 FUN_00419090 FUN_00419330 FUN_00419590 FUN_0041a550 FUN_00465450 FUN_00466de0"
00415410,FUN_00415410,474,2,"FUN_004112b0 FUN_0041a450 FUN_0041a510 FUN_00448dd0 FUN_00448ef0 FUN_00449fa0 FUN_00476470 FUN_00476510 FUN_00476740"
004155f0,FUN_004155f0,370,1,""
00415770,FUN_00415770,517,1,"FUN_00414ae0 FUN_00415410"
00415ae0,FUN_00415ae0,2664,5,"FUN_00402840 FUN_00402880 FUN_00409510 FUN_004112b0 FUN_004155f0 FUN_004165b0 FUN_0041a510 FUN_0041a550 FUN_004665f0 FUN_00466de0 FUN_00497870"
004165b0,FUN_004165b0,7205,1,"FUN_00402880 FUN_00409510 FUN_004112b0 FUN_004182d0 FUN_00419ac0 FUN_0041a550 FUN_0041e140 FUN_00434fd0 FUN_004355c0 FUN_00465450 FUN_004654f0 FUN_004665f0 FUN_00476620 FUN_0047b250 FUN_00496e70 __security_check_cookie _memset"
004182d0,FUN_004182d0,279,1,"FUN_00415ae0 FUN_004654f0 FUN_00496e70"
004183f0,FUN_004183f0,536,1,"FUN_00496e70 __libm_sse2_sqrt_precise"
00418610,FUN_00418610,491,1,"FUN_00496e70"
00418800,FUN_00418800,392,1,"FUN_0041a550"
00418990,FUN_00418990,468,1,"FUN_00404ba0 FUN_00404c00 FUN_0041a550 FUN_00448d50 FUN_00465450"
00418b80,FUN_00418b80,1282,1,"FUN_0041a550 FUN_00465450"
00419090,FUN_00419090,668,1,"FUN_0041a550 FUN_00496e70 __libm_sse2_sqrt_precise"
00419330,FUN_00419330,595,1,"FUN_004065d0 FUN_0041a550 FUN_00496e70"
00419590,FUN_00419590,1314,1,"D3DXVec2Normalize FUN_0041a400"
00419ac0,FUN_00419ac0,363,2,"FUN_004112b0 FUN_00419c30 FUN_004654f0 FUN_00466de0 FUN_00476510"
00419c30,FUN_00419c30,186,2,"FUN_00402880 FUN_00434740"
00419cf0,FUN_00419cf0,252,2,"FUN_00419ac0"
00419df0,FUN_00419df0,258,2,"FUN_00419ac0"
00419f00,FUN_00419f00,734,4,"FUN_00404c80 FUN_00404ca0 FUN_00419ac0"
0041a1e0,FUN_0041a1e0,434,1,"FUN_004112b0 FUN_00419c30 FUN_004654f0 FUN_00466de0 FUN_00476510"
0041a3e0,FUN_0041a3e0,15,2,""
0041a3f0,FUN_0041a3f0,15,2,""
0041a400,FUN_0041a400,32,3,""
0041a420,FUN_0041a420,39,1,""
0041a450,FUN_0041a450,186,5,""
0041a510,FUN_0041a510,57,2,""
0041a550,FUN_0041a550,32,3,""
0041a570,FUN_0041a570,79,1,""
0041a5c0,FUN_0041a5c0,72,1,""
0041a610,FUN_0041a610,116,0,"FUN_00466de0"
0041a690,FUN_0041a690,204,1,""
0041a760,FUN_0041a760,291,1,"EnterCriticalSection FUN_004015e0 FUN_00476620 FUN_0047b280 LeaveCriticalSection"
0041ab40,FUN_0041ab40,424,1,"FUN_004082b0 FUN_00476470"
0041acf0,FUN_0041acf0,1090,5,"FUN_00405a70 FUN_00465450 FUN_00466de0 FUN_00475120 FUN_00476470 FUN_00476960 __security_check_cookie"
0041b140,FUN_0041b140,433,0,"FUN_0041a610 FUN_0042f8a0 FUN_0045d8a0 FUN_00465450 FUN_00476510 FUN_00476620"
0041b300,FUN_0041b300,30,2,""
0041b320,FUN_0041b320,15,1,""
0041b330,FUN_0041b330,23,1,""
0041b350,FUN_0041b350,45,1,"FUN_00466de0"
0041b380,FUN_0041b380,45,1,"FUN_00466de0"
0041b3b0,FUN_0041b3b0,4,1,""
0041b3c0,FUN_0041b3c0,259,1,"_memset"
0041b4d0,FUN_0041b4d0,115,1,"FUN_004766d0"
0041b550,FUN_0041b550,163,0,""
0041b600,FUN_0041b600,37,1,""
0041b630,FUN_0041b630,98,2,""
0041b6a0,FUN_0041b6a0,300,1,"EnterCriticalSection FUN_004015e0 FUN_00474e90 FUN_004766d0 FUN_0047b280 LeaveCriticalSection"
0041b810,FUN_0041b810,167,5,"FUN_00405a70 FUN_00476470"
0041b8c0,FUN_0041b8c0,180,1,"FUN_00406950 FUN_0041bd70 FUN_00476470"
0041b980,FUN_0041b980,106,2,""
0041ba00,FUN_0041ba00,369,3,"FUN_00405a70 FUN_004431e0 FUN_00476470 FUN_0047ef94"
0041bb80,FUN_0041bb80,326,2,"FUN_0041bcd0"
0041bcd0,FUN_0041bcd0,149,1,""
0041bd70,FUN_0041bd70,193,3,"EnterCriticalSection FUN_00407230 FUN_00466de0 FUN_00475dc0 FUN_00476a60 LeaveCriticalSection"
0041be40,FUN_0041be40,108,1,"FUN_004020d0 FUN_0047ef9f"
0041beb0,FUN_0041beb0,614,1,"FUN_00401140 FUN_004011f0 FUN_00401570 FUN_004020d0 FUN_004025a0 FUN_0041c4a0 FUN_0041d3d0 FUN_0047b250"
0041c120,FUN_0041c120,495,1,"EnterCriticalSection FUN_004015e0 FUN_00402b60 FUN_00474e90 FUN_00476470 FUN_00476680 FUN_0047b280 FUN_0047ef9f LeaveCriticalSection"
0041c310,FUN_0041c310,89,0,"FUN_0041beb0 FUN_0041c120 FUN_0047b250 FUN_0047b280"
0041c370,FUN_0041c370,31,0,"FUN_0041c120 FUN_0047b280"
0041c390,FUN_0041c390,249,1,"FUN_0041c6b0"
0041c4a0,FUN_0041c4a0,528,2,"FUN_00405a70 FUN_00476470 _memset"
0041c6b0,FUN_0041c6b0,3156,1,"EnterCriticalSection FUN_00401140 FUN_004011f0 FUN_00401570 FUN_00402be0 FUN_00407230 FUN_0041be40 FUN_0041d3d0 FUN_0042f840 FUN_00442040 FUN_00465450 FUN_004662e0 FUN_00466de0 FUN_00474e90 FUN_00475000 FUN_00475c80 FUN_00476470 FUN_00476510 FUN_00476620 FUN_00476a60 FUN_0047b250 LeaveCriticalSection _memset"
0041d3a0,FUN_0041d3a0,39,0,"FUN_00476510"
0041d3d0,FUN_0041d3d0,215,0,"EnterCriticalSection FUN_00407230 FUN_00466de0 FUN_00475c80 FUN_00476a60 LeaveCriticalSection"
0041d4b0,FUN_0041d4b0,44,0,""
0041d4e0,FUN_0041d4e0,11,0,""
0041d4f0,FUN_0041d4f0,5,0,""
0041d500,FUN_0041d500,159,1,""
0041d5a0,FUN_0041d5a0,3,0,""
0041d5b0,FUN_0041d5b0,5,0,""
0041d5c0,FUN_0041d5c0,5,0,""
0041d5d0,FUN_0041d5d0,5,0,""
0041d5e0,FUN_0041d5e0,5,0,""
0041d5f0,FUN_0041d5f0,16,1,""
0041d600,FUN_0041d600,51,1,"FUN_0047b280"
0041d640,FUN_0041d640,99,1,"FUN_0041d500"
0041d6b0,FUN_0041d6b0,196,1,""
0041d780,FUN_0041d780,44,2,"FUN_0041d600 FUN_0047b280"
0041d7b0,FUN_0041d7b0,3,1,""
0041d7c0,FUN_0041d7c0,22,2,""
0041d7e0,FUN_0041d7e0,19,2,""
0041d800,FUN_0041d800,4,1,""
0041d810,FUN_0041d810,13,2,""
0041d820,FUN_0041d820,13,2,""
0041d830,FUN_0041d830,12,2,""
0041d840,FUN_0041d840,16,3,""
0041d850,FUN_0041d850,17,1,""
0041d870,FUN_0041d870,12,2,""
0041d880,FUN_0041d880,473,2,"FUN_00402840 FUN_00402880 FUN_00429dd0 FUN_00434740 _memset"
0041da60,FUN_0041da60,20,1,"_memset"
0041da80,FUN_0041da80,4,1,""
0041da90,FUN_0041da90,7,1,""
0041daa0,FUN_0041daa0,11,1,""
0041dab0,FUN_0041dab0,7,1,""
0041dac0,FUN_0041dac0,422,2,"FUN_0040a0f0 FUN_0041d600 FUN_00476470 FUN_00476680 FUN_0047b280"
0041dc70,FUN_0041dc70,96,2,"FUN_004020d0 FUN_0047aef0"
0041dcd0,FUN_0041dcd0,70,0,""
0041dd20,FUN_0041dd20,50,2,""
0041dd60,FUN_0041dd60,34,1,""
0041dd90,FUN_0041dd90,64,1,""
0041ddd0,FUN_0041ddd0,56,1,""
0041de10,FUN_0041de10,21,1,""
0041de30,FUN_0041de30,16,2,""
0041de40,FUN_0041de40,50,3,""
0041de80,FUN_0041de80,18,0,""
0041dea0,FUN_0041dea0,99,1,"FUN_00476470"
0041df10,FUN_0041df10,56,1,"FUN_0041dea0"
0041df50,FUN_0041df50,77,2,"FUN_0041b810 FUN_0041dea0"
0041dfa0,FUN_0041dfa0,33,1,""
0041dfd0,FUN_0041dfd0,17,0,""
0041dff0,FUN_0041dff0,35,0,"FUN_00476620"
0041e020,FUN_0041e020,25,2,""
0041e040,FUN_0041e040,6,1,""
0041e050,FUN_0041e050,6,1,""
0041e060,FUN_0041e060,6,1,""
0041e070,FUN_0041e070,13,1,""
0041e080,FUN_0041e080,23,1,"_memset"
0041e0a0,FUN_0041e0a0,31,2,""
0041e0c0,FUN_0041e0c0,9,1,""
0041e0d0,FUN_0041e0d0,23,1,"_memset"
0041e0f0,FUN_0041e0f0,43,1,""
0041e120,FUN_0041e120,18,3,"FUN_00409890"
0041e140,FUN_0041e140,557,3,"FUN_0041ea20 FUN_00420700 FUN_0047b250"
0041e3f0,FUN_0041e3f0,351,2,"FUN_004020d0 FUN_004025a0 FUN_00474750 FUN_0047aef0"
0041e550,FUN_0041e550,430,1,"FUN_00401140 FUN_004011f0 FUN_00401570 FUN_0041dc70 FUN_0047b250 _memset"
0041e700,FUN_0041e700,384,1,"EnterCriticalSection FUN_004015e0 FUN_0041b4d0 FUN_00474e90 FUN_0047b280 FUN_0047ef9f LeaveCriticalSection"
0041e880,FUN_0041e880,333,1,"FUN_00420700"
0041e9e0,FUN_0041e9e0,52,1,""
0041ea20,FUN_0041ea20,1206,2,"FUN_0041d640 FUN_0041d6b0 FUN_0047ae40 _memset"
0041eee0,FUN_0041eee0,1467,1,"EnterCriticalSection FUN_00402920 FUN_00402c20 FUN_00402cf0 FUN_00407230 FUN_0040d8d0 FUN_0041b980 FUN_0041f4a0 FUN_00429330 FUN_004296a0 FUN_00466de0 FUN_00475c80 FUN_00476470 FUN_00476620 FUN_00476a60 LeaveCriticalSection"
0041f4a0,FUN_0041f4a0,313,1,"FUN_00402cf0"
0041f5e0,FUN_0041f5e0,2849,1,"FUN_00402920 FUN_00404c80 FUN_00404ca0 FUN_00405bc0 FUN_0040dbe0 FUN_0041d600 FUN_0041d6b0 FUN_00420a40 FUN_00448ef0 FUN_00448ff0 FUN_00449fa0 FUN_0044b090 FUN_004654f0 FUN_00476470 FUN_00476740 FUN_00476910 FUN_0047a940 FUN_0047ae40 FUN_0047b140"
00420110,FUN_00420110,1515,1,"D3DXVec3Normalize FUN_0041bb80 FUN_00497870 __security_check_cookie"
00420700,FUN_00420700,242,1,"FUN_00420800 FUN_00476470"
00420800,FUN_00420800,566,1,"FUN_00404a10 FUN_00405810 FUN_0040dbe0 FUN_0041eee0 FUN_0041f5e0 FUN_00420110 FUN_00476470 FUN_0047a940"
00420a40,FUN_00420a40,418,1,"FUN_00404a10 FUN_004112b0 FUN_0041d600 FUN_0041d6b0 FUN_0041d880 FUN_0041dea0 FUN_004654f0 FUN_0047a940 FUN_0047ae40"
00420bf0,FUN_00420bf0,424,0,"FUN_00420a40 FUN_00476470 FUN_00476680 _memset"
00420da0,FUN_00420da0,444,1,"FUN_00420a40 FUN_00476470 FUN_00476680 _memset"
00420f60,FUN_00420f60,432,0,"FUN_00420a40 FUN_00476470 FUN_00476680 _memset"
00421110,FUN_00421110,21765,1,"FUN_00402740 FUN_00402920 FUN_00402fc0 FUN_004049c0 FUN_00404a10 FUN_00404b90 FUN_00404c00 FUN_00404c50 FUN_00404e10 FUN_00405a10 FUN_00405b60 FUN_00405bc0 FUN_004065b0 FUN_00406910 FUN_00406920 FUN_004073a0 FUN_00409870 FUN_00409880 FUN_0040a0f0 FUN_0040c580 FUN_0040d860 FUN_0040d890 FUN_0040d8a0 FUN_0040d8b0 FUN_0040d8c0 FUN_0040db50 FUN_0040de60 FUN_0040de70 FUN_0040deb0 FUN_004113b0 FUN_00412840 FUN_00413c00 FUN_00413c20 FUN_00413c30 FUN_00413c40 FUN_00413c50 FUN_00413c70 FUN_00413c80 FUN_00413c90 FUN_00413ca0 FUN_00413cf0 FUN_00414510 FUN_00414520 FUN_00414540 FUN_004182d0 FUN_00419cf0 FUN_00419df0 FUN_00419f00 FUN_0041a1e0 FUN_0041a3e0 FUN_0041a3f0 FUN_0041a5c0 FUN_0041acf0 FUN_0041b140 FUN_0041b300 FUN_0041b320 FUN_0041b3b0 FUN_0041ba00 FUN_0041d4e0 FUN_0041d5f0 FUN_0041d600 FUN_0041d6b0 FUN_0041d7b0 FUN_0041d7c0 FUN_0041d7e0 FUN_0041d800 FUN_0041d810 FUN_0041d820 FUN_0041d830 FUN_0041d840 FUN_0041d850 FUN_0041d870 FUN_0041d880 FUN_0041da60 FUN_0041da80 FUN_0041da90 FUN_0041daa0 FUN_0041dab0 FUN_0041dd20 FUN_0041dd60 FUN_0041dd90 FUN_0041ddd0 FUN_0041de10 FUN_0041de30 FUN_0041de40 FUN_0041de80 FUN_0041dea0 FUN_0041df10 FUN_0041df50 FUN_0041dfa0 FUN_0041dfd0 FUN_0041dff0 FUN_0041e020 FUN_0041e040 FUN_0041e050 FUN_0041e060 FUN_0041e070 FUN_0041e080 FUN_0041e0a0 FUN_0041e0c0 FUN_0041e0d0 FUN_0041e0f0 FUN_0041e120 FUN_0041f4a0 FUN_00420a40 FUN_00420bf0 FUN_00420da0 FUN_00420f60 FUN_00426bb0 FUN_00426da0 FUN_00426eb0 FUN_00428c10 FUN_00428c80 FUN_00428cc0 FUN_00428ce0 FUN_00428cf0 FUN_00428d10 FUN_00429250 FUN_00429260 FUN_00429290 FUN_004292a0 FUN_004292c0 FUN_004292e0 FUN_00429300 FUN_00429320 FUN_00429590 FUN_004295a0 FUN_004295d0 FUN_004295e0 FUN_00429600 FUN_00429620 FUN_00429640 FUN_00429660 FUN_00429680 FUN_00429b10 FUN_00429b30 FUN_00429b40 FUN_00429b50 FUN_00429b60 FUN_00429b70 FUN_00429b80 FUN_00429b90 FUN_00429ba0 FUN_00429c30 FUN_00429c40 FUN_00429c50 FUN_00429c60 FUN_00429c70 FUN_00429cc0 FUN_00429da0 FUN_00429df0 FUN_00429e00 FUN_00429e10 FUN_00429e20 FUN_00429e30 FUN_00429e40 FUN_00429e50 FUN_00429e60 FUN_00429e70 FUN_00429e80 FUN_00429ea0 FUN_0042d670 FUN_0042fc20 FUN_004355c0 FUN_00435a40 FUN_00435ab0 FUN_00435b30 FUN_00450b70 FUN_004648f0 FUN_004654f0 FUN_00466de0 FUN_004760a0 FUN_00476470 FUN_00476740 FUN_00476760 FUN_004767e0 FUN_00476820 FUN_004768c0 FUN_00476a50 FUN_0047aa10 FUN_0047aac0 FUN_0047b100 FUN_0047b140 FUN_0047b250 __security_check_cookie _memset"
00426bb0,FUN_00426bb0,481,1,"FUN_0041e140 FUN_00428d30 FUN_00428de0 __security_check_cookie"
00426da0,FUN_00426da0,263,1,"FUN_00429cc0 FUN_00476470 FUN_00476620 FUN_00476820 FUN_0047aa10"
00426eb0,FUN_00426eb0,1550,1,"FUN_00406530 FUN_0041a450 FUN_00476470 FUN_00476740 FUN_0047aa10 FUN_0047aac0"
00427510,FUN_00427510,1584,2,"FUN_004027b0 FUN_00402840 FUN_00402880 FUN_00404a10 FUN_0041a5c0 FUN_0041d4b0 FUN_0041dcd0 FUN_00476740 __libm_sse2_sqrt_precise"
00427ce0,FUN_00427ce0,238,2,"FUN_0041a5c0"
00427e50,FUN_00427e50,2572,2,"FUN_004027b0 FUN_00402840 FUN_00402880 FUN_00404a10 FUN_0041a5c0 FUN_0041d4b0 FUN_0041dcd0 FUN_00448d50 __libm_sse2_sqrt_precise"
00428a00,FUN_00428a00,339,2,"FUN_0041a5c0"
00428c10,FUN_00428c10,102,4,""
00428c80,FUN_00428c80,56,3,""
00428cc0,FUN_00428cc0,18,2,"FUN_0047aa10"
00428ce0,FUN_00428ce0,14,1,"FUN_0047ac70"
00428cf0,FUN_00428cf0,18,2,"FUN_0047aac0"
00428d10,FUN_00428d10,18,2,"FUN_0047ace0"
00428d30,FUN_00428d30,175,3,""
00428de0,FUN_00428de0,226,2,""
00428ed0,FUN_00428ed0,135,2,""
00428f60,FUN_00428f60,421,1,"FUN_00402880 FUN_00429ea0"
00429130,FUN_00429130,285,2,"FUN_0044b090 FUN_00476470 __security_check_cookie"
00429250,FUN_00429250,8,1,""
00429260,FUN_00429260,42,1,""
00429290,FUN_00429290,13,2,""
004292a0,FUN_004292a0,19,1,""
004292c0,FUN_004292c0,19,1,""
004292e0,FUN_004292e0,21,2,""
00429300,FUN_00429300,20,2,""
00429320,FUN_00429320,13,2,""
00429330,FUN_00429330,605,2,"FUN_00402fe0"
00429590,FUN_00429590,8,1,""
004295a0,FUN_004295a0,42,1,""
004295d0,FUN_004295d0,13,2,""
004295e0,FUN_004295e0,25,2,""
00429600,FUN_00429600,25,2,""
00429620,FUN_00429620,25,2,""
00429640,FUN_00429640,25,2,""
00429660,FUN_00429660,21,3,""
00429680,FUN_00429680,17,2,""
004296a0,FUN_004296a0,1128,2,"FUN_00402fe0"
00429b10,FUN_00429b10,24,1,""
00429b30,FUN_00429b30,4,1,""
00429b40,FUN_00429b40,16,2,""
00429b50,FUN_00429b50,13,2,""
00429b60,FUN_00429b60,6,0,""
00429b70,FUN_00429b70,6,0,""
00429b80,FUN_00429b80,13,1,""
00429b90,FUN_00429b90,6,1,""
00429ba0,FUN_00429ba0,136,1,""
00429c30,FUN_00429c30,6,1,""
00429c40,FUN_00429c40,6,1,""
00429c50,FUN_00429c50,6,0,""
00429c60,FUN_00429c60,6,0,""
00429c70,FUN_00429c70,71,0,""
00429cc0,FUN_00429cc0,224,4,"EnterCriticalSection FUN_00407230 FUN_00466de0 FUN_00475d30 FUN_00476a60 LeaveCriticalSection"
00429da0,FUN_00429da0,41,5,"FUN_004760a0"
00429dd0,FUN_00429dd0,32,4,""
00429df0,FUN_00429df0,9,0,""
00429e00,FUN_00429e00,6,1,""
00429e10,FUN_00429e10,5,1,""
00429e20,FUN_00429e20,6,0,""
00429e30,FUN_00429e30,5,0,""
00429e40,FUN_00429e40,11,0,""
00429e50,FUN_00429e50,11,0,""
00429e60,FUN_00429e60,15,1,""
00429e70,FUN_00429e70,1,0,""
00429e80,FUN_00429e80,24,2,""
00429ea0,FUN_00429ea0,32,3,""
00429ec0,FUN_00429ec0,107,1,"EnterCriticalSection FUN_004015e0 FUN_0047b280 LeaveCriticalSection"
00429f30,FUN_00429f30,174,1,"FUN_00408530"
00429fe0,FUN_00429fe0,729,1,"FUN_00476470 FUN_00476620 FUN_00476680"
0042a2c0,FUN_0042a2c0,315,1,"FUN_004020d0 FUN_004025a0 FUN_0042ff90 FUN_00474750"
0042a400,FUN_0042a400,2576,0,"EnterCriticalSection FUN_00407230 FUN_0041bd70 FUN_0042fc60 FUN_0042fd50 FUN_00466de0 FUN_00475c80 FUN_00475dc0 FUN_00476470 FUN_00476510 FUN_00476890 FUN_00476a60 LeaveCriticalSection"
0042ae10,FUN_0042ae10,475,1,"FUN_00429fe0 FUN_00474e90 FUN_00476470 FUN_00476620 FUN_00476680 FUN_004766d0 FUN_0047b280 FUN_0047ef9f"
0042aff0,FUN_0042aff0,28,1,"FUN_00429fe0 FUN_0047b280"
0042b010,FUN_0042b010,640,1,"EnterCriticalSection FUN_004015e0 FUN_0042ae10 FUN_00476470 FUN_00476620 FUN_00476680 FUN_004766d0 LeaveCriticalSection"
0042b290,FUN_0042b290,863,0,"FUN_00401140 FUN_004011f0 FUN_00401570 FUN_004025a0 FUN_0042a2c0 FUN_0042b010 FUN_00474750 FUN_0047b250 FUN_0047b280 _memset"
0042b5f0,FUN_0042b5f0,4337,1,"FUN_00404c80 FUN_00404ca0 FUN_00405a70 FUN_004111e0 FUN_0041a510 FUN_0041a5c0 FUN_0041b350 FUN_0041b380 FUN_00429fe0 FUN_0042d850 FUN_0042fe40 FUN_0042ff30 FUN_0042ff60 FUN_00465450 FUN_00476470 FUN_00476510 FUN_00476620 FUN_00476680 FUN_00476860 FUN_00476890 FUN_004768e0 FUN_0047b280"
0042c6f0,FUN_0042c6f0,2818,1,"FUN_004082b0 FUN_00408300 FUN_00408410 FUN_0041a5c0 FUN_00476470 FUN_00476620"
0042d230,FUN_0042d230,1078,2,"FUN_00405a70 FUN_0041a1e0 FUN_00420bf0 FUN_00476470 FUN_00476590 _memset"
0042d670,FUN_0042d670,470,2,"FUN_00405a70 FUN_0042aff0 FUN_0042d230 FUN_00432060 FUN_004447e0 FUN_004662e0 FUN_0047b250 __security_check_cookie"
0042d850,FUN_0042d850,6110,1,"EnterCriticalSection FID_conflict:_atoi FUN_00406250 FUN_00407230 FUN_0042f690 FUN_0042f7d0 FUN_0042f840 FUN_0042fe40 FUN_00432060 FUN_00465450 FUN_004662e0 FUN_00466de0 FUN_00475000 FUN_00475c80 FUN_00476470 FUN_00476510 FUN_00476590 FUN_00476620 FUN_00476960 FUN_00476a60 FUN_0047c7d0"
0042f0c0,FUN_0042f0c0,420,1,"FUN_00406250 FUN_00476470 FUN_00476960"
0042f270,FUN_0042f270,514,1,"FUN_00476470 FUN_00476890"
0042f480,FUN_0042f480,514,1,"FUN_00476470 FUN_00476860"
0042f690,FUN_0042f690,307,2,"EnterCriticalSection FUN_00407230 FUN_00466de0 FUN_00475c80 FUN_00476470 FUN_00476620 FUN_00476960 FUN_00476a60 LeaveCriticalSection"
0042f7d0,FUN_0042f7d0,97,1,"FUN_00476470 FUN_00476960"
0042f840,FUN_0042f840,96,1,""
0042f8a0,FUN_0042f8a0,24,2,""
0042fc20,FUN_0042fc20,53,0,"FUN_00405a70"
0042fc60,FUN_0042fc60,232,3,""
0042fd50,FUN_0042fd50,232,3,""
0042fe40,FUN_0042fe40,103,1,"FUN_00405a70 FUN_00476470"
0042feb0,FUN_0042feb0,63,0,"FUN_00476470 FUN_00476890"
0042fef0,FUN_0042fef0,63,0,"FUN_00476470 FUN_00476860"
0042ff30,FUN_0042ff30,39,1,""
0042ff60,FUN_0042ff60,39,1,""
0042ff90,FUN_0042ff90,1,0,""
0042ffa0,FUN_0042ffa0,123,0,"FUN_00476510"
00430020,FUN_00430020,91,1,"FUN_0047b280"
00430d70,FUN_00430d70,1219,1,"EnterCriticalSection FUN_004015e0 FUN_00409cd0 FUN_0040e330 FUN_0040e640 FUN_00411b10 FUN_004149b0 FUN_0041a760 FUN_0041b3c0 FUN_0041b4d0 FUN_0041d3d0 FUN_0041e700 FUN_00429fe0 FUN_0042b010 FUN_00432660 FUN_004332b0 FUN_00435300 FUN_00443930 FUN_00446ea0 FUN_0044e320 FUN_004500b0 FUN_004504d0 FUN_004662e0 FUN_00474e90 FUN_004766d0 FUN_0047b280 FUN_0047ef9f LeaveCriticalSection"
00431240,FUN_00431240,205,1,"FUN_00442280 FUN_0047b250 _memset"
00431310,FUN_00431310,44,0,"FUN_00430d70 FUN_0047b280"
00431340,FUN_00431340,1129,1,"FUN_00401140 FUN_004011f0 FUN_00401570 FUN_00405810 FUN_00409cd0 FUN_004318b0 FUN_00431df0 FUN_004420c0 FUN_00442110 FUN_004446e0 FUN_004648f0 FUN_00465660 FUN_00466de0 FUN_00476510 FUN_00478610 FUN_0047b250 FUN_0047b280 _memset"
00431800,FUN_00431800,171,1,"FUN_00462710 FUN_00496ce3"
004318b0,FUN_004318b0,1333,1,"FUN_00401140 FUN_004011f0 FUN_00401570 FUN_00402b60 FUN_00407230 FUN_0040dec0 FUN_00414660 FUN_0041b3c0 FUN_0041b4d0 FUN_0041e140 FUN_0042a400 FUN_00430020 FUN_004420c0 FUN_00446af0 FUN_00449630 FUN_0044f5a0 FUN_00466de0 FUN_00476510 FUN_0047b250 _memset"
00431df0,FUN_00431df0,617,1,"FUN_0040dec0 FUN_00414660 FUN_0041b3c0 FUN_0041b4d0 FUN_0041e140 FUN_0042a400 FUN_00430020 FUN_00446af0 FUN_00449630 FUN_0044f5a0 FUN_004662e0 FUN_00476510 _memset"
00432060,FUN_00432060,1517,0,"EnterCriticalSection FUN_00407230 FUN_0042ffa0 FUN_00431800 FUN_004446e0 FUN_00444980 FUN_0045d8a0 FUN_00466de0 FUN_00475c80 FUN_00476a60 LeaveCriticalSection"
00432660,FUN_00432660,76,1,""
004326b0,FUN_004326b0,222,3,"EnterCriticalSection FUN_00407230 FUN_00466de0 FUN_00475dc0 FUN_00476a60 LeaveCriticalSection"
00432840,FUN_00432840,415,0,"FUN_00401140 FUN_004011f0 FUN_00401570 FUN_00442280 FUN_0047b250 _memset"
004329e0,FUN_004329e0,259,1,"EnterCriticalSection FUN_004015e0 FUN_00474e90 FUN_0047b280 LeaveCriticalSection"
00432af0,FUN_00432af0,1294,1,"D3DXLoadSurfaceFromFileInMemory FUN_00402a10 FUN_00405bc0 FUN_00409440 FUN_0041b630 FUN_004326b0 FUN_00442280 FUN_00465450 FUN_00473830 FUN_00476510 FUN_00476590 FUN_0047ef9f __security_check_cookie _memset"
00433040,FUN_00433040,323,1,"_memset"
00433190,FUN_00433190,23,1,"FUN_004097d0"
004331b0,FUN_004331b0,244,0,"FUN_00401140 FUN_004011f0 FUN_00401570 FUN_0041b3c0 FUN_0047b250 _memset `eh_vector_constructor_iterator'"
004332b0,FUN_004332b0,344,1,"EnterCriticalSection FUN_004015e0 FUN_0047b280 LeaveCriticalSection `eh_vector_destructor_iterator'"
00433410,FUN_00433410,3502,1,"FUN_00402880 FUN_00407230 FUN_0042f8a0 FUN_0042fc60 FUN_0042fd50 FUN_00434200 FUN_00434400 FUN_00434b80 FUN_00434cf0 FUN_00443700 FUN_00449630 FUN_00450b70 FUN_00465450 FUN_004654f0 FUN_00466de0 FUN_00496e70"
00434200,FUN_00434200,508,1,"FUN_0042f8a0 FUN_00449630 FUN_00450b70 FUN_004654f0"
00434400,FUN_00434400,365,1,"FUN_00450b70"
00434570,FUN_00434570,345,2,"FUN_0046f8c0"
00434740,FUN_00434740,1081,9,"FUN_004027b0 FUN_00402880 FUN_00404a10 FUN_00404de0 FUN_00405bc0 FUN_0040dbb0 FUN_00410380 FUN_00434b80 FUN_00434cf0"
00434b80,FUN_00434b80,363,1,"EnterCriticalSection FUN_00407230 FUN_004112b0 FUN_00465450 FUN_00466de0 FUN_00475c80 FUN_00476a60 LeaveCriticalSection"
00434cf0,FUN_00434cf0,32,3,""
00434d10,FUN_00434d10,3,0,""
00434d20,FUN_00434d20,1,0,""
00434d30,FUN_00434d30,3,0,""
00434d40,FUN_00434d40,5,0,""
00434d50,FUN_00434d50,3,0,""
00434d60,FUN_00434d60,3,0,""
00434d70,FUN_00434d70,25,1,""
00434d90,FUN_00434d90,5,0,""
00434da0,FUN_00434da0,5,0,""
00434db0,FUN_00434db0,5,0,""
00434dc0,FUN_00434dc0,5,0,""
00434dd0,FUN_00434dd0,5,0,""
00434de0,FUN_00434de0,5,0,""
00434df0,FUN_00434df0,5,0,""
00434e00,FUN_00434e00,3,0,""
00434e10,FUN_00434e10,3,0,""
00434e20,FUN_00434e20,3,0,""
00434e30,FUN_00434e30,3,0,""
00434e40,FUN_00434e40,3,0,""
00434e50,FUN_00434e50,3,0,""
00434e60,FUN_00434e60,3,0,""
00434e70,FUN_00434e70,3,0,""
00434e80,FUN_00434e80,3,0,""
00434e90,FUN_00434e90,3,0,""
00434ea0,FUN_00434ea0,3,0,""
00434eb0,FUN_00434eb0,3,0,""
00434ec0,FUN_00434ec0,103,1,"_memset"
00434f30,FUN_00434f30,84,3,"FUN_004405a0"
00434f90,FUN_00434f90,56,1,"FUN_00434fd0 FUN_0047b250 FUN_0047ea20"
00434fd0,FUN_00434fd0,490,1,"FUN_00434ec0 _memset"
004351c0,FUN_004351c0,84,3,"FUN_004405a0"
00435220,FUN_00435220,84,3,"FUN_004405a0"
00435280,FUN_00435280,84,3,"FUN_004405a0"
004352e0,FUN_004352e0,25,2,""
00435300,FUN_00435300,253,1,"EnterCriticalSection FUN_004015e0 FUN_00430020 FUN_0047b280 LeaveCriticalSection"
00435400,FUN_00435400,267,1,"FUN_0047b280"
00435510,FUN_00435510,102,1,"FUN_00435400"
004355c0,FUN_004355c0,977,2,"FUN_00434ec0 FUN_00434fd0 FUN_0043c0b0 FUN_00440180 FUN_0047b250 _memset"
004359b0,FUN_004359b0,142,2,""
00435a40,FUN_00435a40,107,0,""
00435ab0,FUN_00435ab0,119,3,""
00435b30,FUN_00435b30,55,1,""
00435b70,FUN_00435b70,989,2,"FUN_00407230 FUN_00409510 FUN_004405a0 FUN_004654f0 FUN_004665f0 FUN_00466de0"
00435f90,FUN_00435f90,2181,1,"FUN_00407230 FUN_004182d0 FUN_004405a0 FUN_00465450 FUN_004654f0 FUN_00466de0 FUN_00496e70 __security_check_cookie _memset"
00436840,FUN_00436840,1290,1,"FUN_00402920 FUN_004038d0 FUN_00434fd0 FUN_004355c0 FUN_004405a0 FUN_00465450 FUN_0047b250"
00436d60,FUN_00436d60,384,1,"FUN_004405a0 FUN_00465450"
00436ee0,FUN_00436ee0,373,1,"FUN_00496e70"
00437060,FUN_00437060,1998,1,"FUN_0040dbe0 FUN_004405a0 FUN_00465450 FUN_00466de0 FUN_00496e70"
00437830,FUN_00437830,518,2,"FUN_00402920 FUN_00403bf0 FUN_00405810 FUN_004405a0 FUN_00448ff0 FUN_00449fa0 __security_check_cookie"
00437a40,FUN_00437a40,295,1,"FUN_004405a0 FUN_0046f8c0"
00437b70,FUN_00437b70,3,0,""
00437b80,FUN_00437b80,2310,6,"EnterCriticalSection FUN_00404c80 FUN_00404ca0 FUN_00407230 FUN_00419c30 FUN_0041dea0 FUN_00434fd0 FUN_004405a0 FUN_00466de0 FUN_00475c80 FUN_00476a60 FUN_0047b250 LeaveCriticalSection __security_check_cookie _memset"
00438490,FUN_00438490,1868,7,"FUN_00404c80 FUN_00404ca0 FUN_004405a0 FUN_00476470 __security_check_cookie"
00438be0,FUN_00438be0,2022,5,"EnterCriticalSection FUN_00402880 FUN_00407230 FUN_00434740 FUN_00434fd0 FUN_004405a0 FUN_00466de0 FUN_00475c80 FUN_00476a60 FUN_0047b250 LeaveCriticalSection __security_check_cookie _memset"
004393d0,FUN_004393d0,1009,3,"EnterCriticalSection FUN_00402880 FUN_00407230 FUN_00434740 FUN_004405a0 FUN_00466de0 FUN_00475c80 FUN_00476a60 LeaveCriticalSection"
004397d0,FUN_004397d0,216,3,"FUN_00404c80 FUN_00404ca0"
004398b0,FUN_004398b0,610,2,"FUN_00407230 FUN_00409510 FUN_004405a0 FUN_004654f0 FUN_004665f0 FUN_00466de0"
00439b20,FUN_00439b20,1446,1,"FUN_00402920 FUN_00403bf0 FUN_00405810 FUN_00405bc0 FUN_0040dbe0 FUN_0041a5c0 FUN_00448ff0 FUN_00449fa0 FUN_00466de0 __security_check_cookie"
0043a0e0,FUN_0043a0e0,400,2,"FUN_00402920 FUN_00403bf0 FUN_00405810 FUN_00448ff0 FUN_00449fa0 __security_check_cookie"
0043a270,FUN_0043a270,208,1,"FUN_0046f8c0"
0043a340,FUN_0043a340,3,0,""
0043a350,FUN_0043a350,2215,6,"EnterCriticalSection FUN_00404c80 FUN_00404ca0 FUN_00407230 FUN_00419c30 FUN_0041dea0 FUN_00434fd0 FUN_004405a0 FUN_00466de0 FUN_00475c80 FUN_00476a60 FUN_0047b250 LeaveCriticalSection __security_check_cookie _memset"
0043ac00,FUN_0043ac00,1668,7,"FUN_00404c80 FUN_00404ca0 FUN_004405a0 FUN_00476470 __security_check_cookie"
0043b290,FUN_0043b290,2061,5,"EnterCriticalSection FUN_00402880 FUN_00407230 FUN_00434740 FUN_00434fd0 FUN_004405a0 FUN_00466de0 FUN_00475c80 FUN_00476a60 FUN_0047b250 LeaveCriticalSection __security_check_cookie _memset"
0043baa0,FUN_0043baa0,1163,3,"EnterCriticalSection FUN_00402880 FUN_00407230 FUN_00434740 FUN_004405a0 FUN_00466de0 FUN_00475c80 FUN_00476a60 LeaveCriticalSection"
0043bf30,FUN_0043bf30,216,3,"FUN_00404c80 FUN_00404ca0"
0043c010,FUN_0043c010,159,1,""
0043c0b0,FUN_0043c0b0,1659,2,"FUN_00407230 FUN_00409510 FUN_0043d3c0 FUN_0043d830 FUN_004405a0 FUN_004654f0 FUN_004665f0 FUN_00466de0 FUN_0047b250 FUN_0047ef94"
0043c730,FUN_0043c730,98,1,"FUN_0047b280 FUN_0047ef9f"
0043c7a0,FUN_0043c7a0,2601,1,"FUN_0043d3c0 FUN_0043d830 FUN_004405a0 FUN_00465450 FUN_00466de0 FUN_00496e70"
0043d1d0,FUN_0043d1d0,494,2,"FUN_004405a0 FUN_00448ff0 FUN_00449fa0 __security_check_cookie"
0043d3c0,FUN_0043d3c0,1121,5,"FUN_004405a0 FUN_00496e70 FUN_00497db0 __libm_sse2_sqrt_precise"
0043d830,FUN_0043d830,939,8,"FUN_004405a0 FUN_00496e70 FUN_00497db0 __libm_sse2_sqrt_precise"
0043dbe0,FUN_0043dbe0,1365,1,"FUN_004405a0 FUN_0046f620 FUN_0046f8c0"
0043e140,FUN_0043e140,2795,1,"EnterCriticalSection FUN_00407230 FUN_004182d0 FUN_0043d3c0 FUN_004405a0 FUN_004654f0 FUN_00466de0 FUN_00475c80 FUN_00476a60 FUN_0047b250 FUN_00496e70 __security_check_cookie _memset"
0043ec50,FUN_0043ec50,384,1,"FUN_004405a0 FUN_00465450"
0043edd0,FUN_0043edd0,324,1,"FUN_004405a0"
0043ef20,FUN_0043ef20,373,1,"FUN_00496e70"
0043f0a0,FUN_0043f0a0,151,1,""
0043f140,FUN_0043f140,1345,6,"EnterCriticalSection FUN_00404c80 FUN_00404ca0 FUN_00407230 FUN_00419c30 FUN_0041dea0 FUN_004355c0 FUN_00466de0 FUN_00475c80 FUN_00476a60 FUN_0047ef94 FUN_0047ef9f LeaveCriticalSection __security_check_cookie _memset"
0043f690,FUN_0043f690,1242,7,"FUN_00404c80 FUN_00404ca0 FUN_00476470"
0043fb70,FUN_0043fb70,969,5,"EnterCriticalSection FUN_00407230 FUN_00419c30 FUN_00466de0 FUN_00475c80 FUN_00476a60 LeaveCriticalSection __security_check_cookie _memset"
0043ff40,FUN_0043ff40,307,3,"EnterCriticalSection FUN_00407230 FUN_00466de0 FUN_00475c80 FUN_00476a60 LeaveCriticalSection"
00440080,FUN_00440080,216,3,"FUN_00404c80 FUN_00404ca0"
00440180,FUN_00440180,916,2,"_memset"
00440520,FUN_00440520,3,0,""
00440530,FUN_00440530,3,0,""
00440540,FUN_00440540,3,0,""
00440550,FUN_00440550,5,0,""
00440560,FUN_00440560,27,3,""
00440580,FUN_00440580,5,0,""
00440590,FUN_00440590,1,0,""
004405a0,FUN_004405a0,32,3,""
004405c0,FUN_004405c0,419,0,"FUN_00401140 FUN_004011f0 FUN_00401570 FUN_004025a0 FUN_0041b6a0 FUN_0045d640 FUN_00474750 FUN_0047b250 _memset"
00440770,FUN_00440770,694,0,"CreateEventA CreateThread FUN_004020d0 FUN_00402290 FUN_004025a0 FUN_00407b80 FUN_004405c0 FUN_0044fad0 FUN_00464bb0 FUN_004653b0 FUN_00474750 FUN_00476ce0 FUN_0047b250"
00440a30,FUN_00440a30,377,0,"FUN_00401140 FUN_004011f0 FUN_00401570 FUN_00402b60 FUN_0047b250 __beginthreadex _memset"
00440bb0,FUN_00440bb0,469,1,"EnterCriticalSection FUN_004015e0 FUN_00402b60 FUN_00407e80 FUN_004097d0 FUN_0041b6a0 FUN_004500b0 FUN_0045dac0 FUN_00474e90 FUN_0047b280 FUN_0047ef9f LeaveCriticalSection"
00440d90,FUN_00440d90,98,1,"FUN_004432a0"
00440e00,FUN_00440e00,103,1,"FUN_00405a70 FUN_0041d3d0"
00440e70,FUN_00440e70,476,1,"FUN_00401ab0 FUN_004427d0 FUN_00465660 FUN_004747f0 FUN_00474e90 FUN_00477ca0"
00441050,FUN_00441050,1056,0,"CreateThread FUN_00401140 FUN_004011f0 FUN_00401570 FUN_004020d0 FUN_00402670 FUN_00409440 FUN_004424d0 FUN_0045df90 FUN_0045f990 FUN_00473060 FUN_0047b250 __security_check_cookie _memset timeGetTime"
00441470,FUN_00441470,497,1,"DeleteObject FUN_00402b60 FUN_004097d0 FUN_00429ec0 FUN_00441670 FUN_0045e010 FUN_0045f2d0 FUN_00463c20 FUN_00465660 FUN_004662e0 FUN_0047b280 FUN_0047ef9f"
00441670,FUN_00441670,182,0,"FUN_0040e640 FUN_0041b6a0 FUN_0041c120 FUN_00430d70 FUN_004329e0 FUN_00440bb0 FUN_0044e320 FUN_00451420 FUN_0047b280"
00441730,FUN_00441730,389,0,"FUN_00401140 FUN_004011f0 FUN_00401570"
004418c0,FUN_004418c0,607,1,"FUN_004025a0 FUN_00443640 FUN_0047ea20 FUN_0047ef94 Sleep __beginthread _memset"
00441b20,FUN_00441b20,509,0,"CloseHandle FUN_00402450 FUN_0047ef9f LeaveCriticalSection WriteFile"
00441d20,FUN_00441d20,792,1,"FUN_004020d0 FUN_00402310 FUN_004025a0 FUN_00402670 FUN_0047ef9f FUN_0048172f _memset"
00442040,FUN_00442040,124,2,"FUN_004662e0 __security_check_cookie"
004420c0,FUN_004420c0,73,2,"FUN_004662e0"
00442110,FUN_00442110,35,0,"FUN_004662e0"
00442140,FUN_00442140,59,0,"FUN_004662e0"
00442180,FUN_00442180,55,1,"FUN_0046d0a0"
004421c0,FUN_004421c0,55,1,"FUN_0046d0a0"
00442200,FUN_00442200,55,1,"FUN_0046d0a0"
00442240,FUN_00442240,55,1,"FUN_0046d0a0"
00442280,FUN_00442280,126,1,"EnterCriticalSection FUN_00402b60 LeaveCriticalSection __beginthreadex"
00442300,FUN_00442300,457,1,"D3DXMatrixLookAtLH D3DXMatrixPerspectiveFovLH FUN_004435c0 __security_check_cookie"
004424d0,FUN_004424d0,758,1,"FUN_00442300"
004427d0,FUN_004427d0,704,1,"EnterCriticalSection FUN_00404e20 FUN_0041c310 FUN_0041c370 FUN_00431240 FUN_00431310 FUN_00440a30 FUN_00441670 FUN_00451210 FUN_00451420 LeaveCriticalSection"
00442b00,FUN_00442b00,379,1,"FUN_00409460 __security_check_cookie"
00442d60,FUN_00442d60,153,0,"FUN_0046d0a0 __security_check_cookie"
00442ed0,FUN_00442ed0,153,0,"FUN_0046d0a0 __security_check_cookie"
00443020,FUN_00443020,202,0,"FUN_0046d0a0 __security_check_cookie"
004431e0,FUN_004431e0,187,2,"FUN_00405a70 FUN_00476470 FUN_0047ef94"
004432a0,FUN_004432a0,693,1,"FUN_00407230 FUN_00466de0"
00443560,FUN_00443560,89,0,""
004435c0,FUN_004435c0,23,1,"FUN_00497b40"
004435e0,FUN_004435e0,6,0,""
004435f0,FUN_004435f0,37,2,"FUN_004435e0 ___stdio_common_vsscanf"
00443620,FUN_00443620,25,1,""
00443640,FUN_00443640,1,0,""
00443650,FUN_00443650,94,2,"FUN_0042f8a0"
004436b0,FUN_004436b0,70,2,"FUN_0042fd50"
00443700,FUN_00443700,109,1,"FUN_0042fd50 FUN_00465450"
00443770,FUN_00443770,130,2,""
00443800,FUN_00443800,57,2,""
00443840,FUN_00443840,237,1,"FID_conflict:__time64"
00443930,FUN_00443930,247,1,"EnterCriticalSection FUN_004015e0 FUN_0044e320 FUN_0047b280 LeaveCriticalSection"
00443a30,FUN_00443a30,752,1,"FUN_0041bd70 FUN_0042f270 FUN_00431800 FUN_00432660 FUN_00443770 FUN_004444f0 FUN_00444bf0 FUN_00465450 FUN_00465660 FUN_004662e0 FUN_00476470 FUN_00476510 FUN_00476620 FUN_00476890"
00443d30,FUN_00443d30,394,2,"FUN_004082b0"
00443ec0,FUN_00443ec0,205,3,"FID_conflict:common_gmtime<long> FUN_004082b0"
00443f90,FUN_00443f90,379,1,"FID_conflict:common_gmtime<long> FUN_004082b0"
00444110,FUN_00444110,187,1,"FUN_00443d30 FUN_00443ec0"
004441d0,FUN_004441d0,780,1,"FID_conflict:common_gmtime<long> FUN_004082b0 FUN_00443d30 FUN_00443f90 FUN_00444110 FUN_00476470 FUN_00476960"
004444f0,FUN_004444f0,492,1,"D3DXLoadSurfaceFromSurface FUN_0041bd70 FUN_0046d0a0 FUN_00476470 FUN_00476620 __security_check_cookie"
004446e0,FUN_004446e0,246,0,"FUN_0041bd70 FUN_00432660 FUN_00443770 FUN_004444f0 FUN_004662e0 FUN_00476510 FUN_00476620"
004447e0,FUN_004447e0,415,0,"FUN_00431800 FUN_00432660 FUN_00442040 FUN_00443770 FUN_004444f0 FUN_00465450 FUN_00465660 FUN_004662e0 FUN_00478550"
00444980,FUN_00444980,615,0,"FUN_0041bd70 FUN_0042f270 FUN_0042feb0 FUN_00431800 FUN_00443770 FUN_00476470"
00444bf0,FUN_00444bf0,5327,1,"FID_conflict:__time64 FUN_00402970 FUN_004029c0 FUN_00402a10 FUN_00405bc0 FUN_00409440 FUN_0041b600 FUN_0041b630 FUN_0041bd70 FUN_0042f480 FUN_0042fc60 FUN_0042fd50 FUN_0042fef0 FUN_00432840 FUN_004329e0 FUN_00443650 FUN_00443770 FUN_00443800 FUN_00443840 FUN_00446120 FUN_00446150 FUN_00449630 FUN_0044e320 FUN_0044e530 FUN_0044e5f0 FUN_0044e6a0 FUN_0044e6f0 FUN_00462710 FUN_00463c90 FUN_00465450 FUN_00465660 FUN_004662e0 FUN_00476470 FUN_00476510 FUN_00476590 FUN_00476620 FUN_004767e0 FUN_00476820 FUN_00476860 FUN_004769f0 FUN_00478610 FUN_0047b280 __security_check_cookie"
00446120,FUN_00446120,47,0,""
00446150,FUN_00446150,89,2,""
004461b0,FUN_004461b0,67,2,""
00446200,FUN_00446200,120,1,"FUN_00476510"
00446280,FUN_00446280,123,1,""
00446300,FUN_00446300,234,1,""
004463f0,FUN_004463f0,1781,1,"FUN_00401140 FUN_004011f0 FUN_00401570 FUN_004020d0 FUN_004025a0 FUN_00407230 FUN_00466de0 FUN_00474750"
00446af0,FUN_00446af0,671,0,"FUN_0042fc60 FUN_00446200 FUN_00449630 FUN_00476620"
00446d90,FUN_00446d90,263,0,"FUN_00446300 FUN_004463f0 FUN_00446ea0 FUN_0047b250 _memset"
00446ea0,FUN_00446ea0,328,1,"EnterCriticalSection FUN_004015e0 FUN_004097d0 FUN_00474e90 FUN_004766d0 FUN_0047b280 FUN_0047ef9f LeaveCriticalSection"
00446ff0,FUN_00446ff0,1934,1,"EnterCriticalSection FUN_00405a70 FUN_00407230 FUN_00447780 FUN_00466de0 FUN_00475c80 FUN_00476470 FUN_00476510 FUN_00476a60 LeaveCriticalSection"
00447780,FUN_00447780,490,3,"FUN_00476470 FUN_00476510"
00447970,FUN_00447970,4952,1,"FUN_00402c20 FUN_00402cf0 FUN_00405810 FUN_0040d8d0 FUN_0040f6d0 FUN_004112b0 FUN_00411c30 FUN_00411d40 FUN_00419cf0 FUN_00419df0 FUN_00434740 FUN_00435ab0 FUN_00435b30 FUN_004436b0 FUN_004447e0 FUN_00446280 FUN_00446ff0 FUN_004491b0 FUN_004495e0 FUN_00449630 FUN_00449c80 FUN_0044a8d0 FUN_0044ad70 FUN_00466390 FUN_00466de0 FUN_00476470 FUN_00476680 FUN_00496e70 __security_check_cookie"
00448d50,FUN_00448d50,123,1,"FUN_00496e70"
00448dd0,FUN_00448dd0,283,3,"FUN_00449420"
00448ef0,FUN_00448ef0,241,2,"FUN_00449420"
00448ff0,FUN_00448ff0,437,4,"FUN_00404c80 FUN_00404ca0 FUN_00449420"
004491b0,FUN_004491b0,614,1,"FUN_00407230 FUN_004112b0 FUN_0041dea0 FUN_0042fc60 FUN_0042fd50 FUN_00466de0 FUN_00476510"
00449420,FUN_00449420,441,1,"EnterCriticalSection FUN_00407230 FUN_00465450 FUN_00466de0 FUN_00475c80 FUN_00476a60 LeaveCriticalSection"
004495e0,FUN_004495e0,70,1,""
00449630,FUN_00449630,1248,1,"EnterCriticalSection FUN_00407230 FUN_00466de0 FUN_00475c80 FUN_00475d30 FUN_00476470 FUN_00476510 FUN_00476680 FUN_00476a60 LeaveCriticalSection"
00449b10,FUN_00449b10,357,1,""
00449c80,FUN_00449c80,345,4,"_memset"
00449de0,FUN_00449de0,440,4,"_memset"
00449fa0,FUN_00449fa0,327,1,"EnterCriticalSection FUN_00407230 FUN_00450b70 FUN_004654f0 FUN_00466de0 FUN_00475c80 FUN_00476a60 LeaveCriticalSection"
0044a0f0,FUN_0044a0f0,141,2,""
0044a180,FUN_0044a180,1416,4,"EnterCriticalSection FUN_00402880 FUN_00402c20 FUN_00407230 FUN_00449de0 FUN_004654f0 FUN_00466de0 FUN_00475c80 FUN_00476470 FUN_00476620 FUN_00476a60 LeaveCriticalSection _memset"
0044a710,FUN_0044a710,433,3,"FUN_0044a180"
0044a8d0,FUN_0044a8d0,1175,1,"FUN_00405810 FUN_00405bc0 FUN_00411210 FUN_004112b0 FUN_004461b0 FUN_0044a0f0 FUN_0044a710 FUN_004654f0 FUN_004655a0 FUN_004655d0 FUN_00476510 FUN_00476620"
0044ad70,FUN_0044ad70,788,1,"FUN_00402c20 FUN_00402cf0 FUN_0040de80 FUN_00470360 FUN_00476470 FUN_00476620 __security_check_cookie"
0044b090,FUN_0044b090,1463,7,"FUN_00404320 FUN_00404c80 FUN_00404ca0 __security_check_cookie"
0044b650,FUN_0044b650,178,5,"FUN_0044b710 FUN_0044d8a0"
0044b710,FUN_0044b710,170,1,"FUN_00476470"
0044b7d0,FUN_0044b7d0,488,1,"FUN_00404a50 FUN_00413ca0 FUN_0041dd90 FUN_0041e9e0 FUN_00428ed0 FUN_00496e70"
0044b9c0,FUN_0044b9c0,337,1,"FUN_004027b0 FUN_00402880 FUN_004112b0 FUN_0044b710 FUN_00476470"
0044bba0,FUN_0044bba0,1438,1,"FUN_0044db90 FUN_004655d0 FUN_00476470 FUN_00476510"
0044c140,FUN_0044c140,1176,4,"EnterCriticalSection FUN_00403f60 FUN_00407230 FUN_0041a450 FUN_0041dea0 FUN_0044db90 FUN_00466de0 FUN_00475c80 FUN_00476470 FUN_00476510 FUN_00476a60 FUN_00496e70 LeaveCriticalSection __libm_sse2_sqrt_precise __security_check_cookie"
0044c660,FUN_0044c660,1500,1,"FUN_0044db90 FUN_004655d0 FUN_00476470 FUN_00476510"
0044cc40,FUN_0044cc40,1556,5,"EnterCriticalSection FUN_00403f60 FUN_00404c80 FUN_00404ca0 FUN_00407230 FUN_0041a450 FUN_0041dea0 FUN_0044db90 FUN_00466de0 FUN_00475c80 FUN_00476470 FUN_00476510 FUN_00476a60 FUN_00496e70 LeaveCriticalSection __libm_sse2_sqrt_precise __security_check_cookie"
0044d4a0,FUN_0044d4a0,110,2,"FUN_0044d8a0"
0044d510,FUN_0044d510,416,1,"FUN_00449de0 __security_check_cookie"
0044d6b0,FUN_0044d6b0,416,1,"FUN_00449de0 __security_check_cookie"
0044d8a0,FUN_0044d8a0,517,1,"FUN_00402840 FUN_00402880 FUN_00434cf0"
0044dab0,FUN_0044dab0,92,2,""
0044db10,FUN_0044db10,95,3,""
0044db70,FUN_0044db70,19,2,"FUN_004027b0"
0044db90,FUN_0044db90,32,3,""
0044dbb0,FUN_0044dbb0,1336,3,"FUN_00401140 FUN_004011f0 FUN_00401570 FUN_0044e0f0 FUN_0044eee0 FUN_0044f870 FUN_0044f910 FUN_0047b250 _memset"
0044e0f0,FUN_0044e0f0,553,2,""
0044e320,FUN_0044e320,527,1,"EnterCriticalSection FUN_004015e0 FUN_0047b280 LeaveCriticalSection `eh_vector_destructor_iterator'"
0044e530,FUN_0044e530,191,1,"FUN_0044e320 FUN_0044eee0 FUN_0047b250 FUN_0047b280 _memset `eh_vector_constructor_iterator'"
0044e5f0,FUN_0044e5f0,28,1,"FUN_0044e320 FUN_0047b280"
0044e610,FUN_0044e610,139,1,"FUN_00478610"
0044e6a0,FUN_0044e6a0,78,1,"FID_conflict:__time64"
0044e6f0,FUN_0044e6f0,2019,4,"CloseHandle FID_conflict:common_gmtime<long> FUN_00401fc0 FUN_00402450 FUN_00409440 FUN_0044f870 FUN_0045ea60 FUN_0047ea20 FUN_0047ef94 FUN_0047ef9f FUN_0048172f LeaveCriticalSection WriteFile __security_check_cookie _memset"
0044eee0,FUN_0044eee0,703,2,"CreateFileA EnterCriticalSection FUN_00401eb0 FUN_004020d0 FUN_00402290 FUN_00402510 FUN_00402570 FUN_00404d10 FUN_00409440 FUN_0045ecf0 FUN_0047ef94 FUN_0047ef9f FUN_0048172f FormatMessageA GetLastError LeaveCriticalSection LocalFree __alloca_probe __security_check_cookie"
0044f4d0,FUN_0044f4d0,193,1,"FUN_004082b0"
0044f5a0,FUN_0044f5a0,616,0,"FUN_00449630 FUN_0044e0f0 FUN_0044f870 FUN_0044f910 _memset"
0044f810,FUN_0044f810,48,3,""
0044f840,FUN_0044f840,41,2,""
0044f870,FUN_0044f870,160,2,"FUN_0047b250 _memset"
0044f910,FUN_0044f910,109,2,"FUN_0047b280"
0044f9e0,FUN_0044f9e0,240,2,""
0044fad0,FUN_0044fad0,1108,1,"EnterCriticalSection FUN_004020d0 FUN_0044ff30 FUN_0048172f LeaveCriticalSection _memset"
0044ff30,FUN_0044ff30,372,1,"FUN_00401eb0 FUN_0044f9e0 FUN_0045ecf0 FUN_0047ea20 FUN_0047ef94 FUN_0047ef9f"
004500b0,FUN_004500b0,672,0,"CloseHandle FUN_00401fc0 FUN_00402450 FUN_00402670 FUN_0044f9e0 FUN_0045ea60 FUN_0047ea20 FUN_0047ef94 FUN_0047ef9f FUN_0048172f LeaveCriticalSection WriteFile"
00450350,FUN_00450350,376,0,"FUN_00401140 FUN_004011f0 FUN_00401570 FUN_00409510 FUN_00466390 FUN_0047b250 _memset"
004504d0,FUN_004504d0,205,1,"EnterCriticalSection FUN_004015e0 FUN_004097d0 FUN_0047b280 LeaveCriticalSection"
004505a0,FUN_004505a0,342,1,""
00450700,FUN_00450700,1102,1,"FUN_004082b0 FUN_0046c8b0 FUN_0046d0a0 FUN_0046d260"
00450b70,FUN_00450b70,219,3,""
00450c50,FUN_00450c50,6,0,""
00450c60,FUN_00450c60,85,2,""
00450cc0,FUN_00450cc0,72,2,""
00450d10,FUN_00450d10,119,3,"FUN_00476470 FUN_00476960"
00450d90,FUN_00450d90,129,4,"FUN_00466de0 FUN_00476470 FUN_00476960"
00450e20,FUN_00450e20,96,4,"FUN_00476470 FUN_00476960"
00450e80,FUN_00450e80,145,2,""
00450f20,FUN_00450f20,75,3,""
00450f70,FUN_00450f70,56,0,"FUN_00450e80"
00450fb0,FUN_00450fb0,121,1,""
00451030,FUN_00451030,146,0,""
00451210,FUN_00451210,518,0,"FUN_00402b60 FUN_0047b250 __beginthreadex _memset"
00451420,FUN_00451420,424,0,"EnterCriticalSection FUN_004015e0 FUN_00402b60 FUN_0044e320 FUN_00463c90 FUN_00474e90 FUN_00476510 FUN_0047b280 FUN_0047ef9f LeaveCriticalSection"
004515d0,FUN_004515d0,1945,1,"FUN_00402970 FUN_00405a70 FUN_0041b630 FUN_0041c120 FUN_0041d3a0 FUN_00432840 FUN_004329e0 FUN_00442040 FUN_00442110 FUN_0044e320 FUN_0044e530 FUN_0044f840 FUN_00450c60 FUN_00451eb0 FUN_00452d40 FUN_004540e0 FUN_00455500 FUN_004559b0 FUN_00456250 FUN_00456900 FUN_00456fa0 FUN_00457b40 FUN_00457e40 FUN_00458fb0 FUN_00459900 FUN_0045a320 FUN_0045afe0 FUN_0045b500 FUN_0045b9b0 FUN_0045c3a0 FUN_0045c960 FUN_004648f0 FUN_004662e0 FUN_00476510 FUN_00476590 FUN_004766d0 FUN_0047b280"
00451dd0,FUN_00451dd0,138,1,"FUN_00456cd0 FUN_00457590 FUN_00458bf0 FUN_004595b0 FUN_00459f20 FUN_0045c700 FUN_0045d2a0"
00451eb0,FUN_00451eb0,3617,1,"FUN_00402970 FUN_00402a10 FUN_00405a70 FUN_00405bc0 FUN_0041b630 FUN_00446150 FUN_0044f840 FUN_00450c60 FUN_00450cc0 FUN_00450d10 FUN_00450d90 FUN_00450e80 FUN_00450f70 FUN_00465450 FUN_00466de0 FUN_00476470 FUN_00476510 FUN_00476590 FUN_00476960"
00452d40,FUN_00452d40,814,1,"FUN_00402970 FUN_004029c0 FUN_00402a10 FUN_00405a70 FUN_004127f0 FUN_0041b600 FUN_0041b630 FUN_00450c60 FUN_00450cc0 FUN_00453090 FUN_00453410 FUN_00465450 FUN_00476510 FUN_00476590"
00453090,FUN_00453090,891,1,"FUN_00450d90 FUN_00466de0 FUN_00476470 FUN_00476960"
00453410,FUN_00453410,3269,1,"FUN_00450e20 FUN_004662e0 FUN_00466390 FUN_00476470 FUN_00476960"
004540e0,FUN_004540e0,1185,1,"FUN_004029c0 FUN_00402a10 FUN_00405a70 FUN_0041b630 FUN_00450c60 FUN_00450cc0 FUN_004545a0 FUN_00454e30 FUN_00454ef0 FUN_00463c90 FUN_00465450 FUN_00476510 FUN_00476590 XInputGetState __security_check_cookie _memset joyGetPosEx"
004545a0,FUN_004545a0,2183,1,"FUN_00466390 FUN_00476470 FUN_00476960"
00454e30,FUN_00454e30,179,3,"FUN_004545a0 FUN_00465450"
00454ef0,FUN_00454ef0,1540,1,"FUN_00466de0 FUN_00476470 FUN_00476960"
00455500,FUN_00455500,1177,1,"FUN_00402970 FUN_004029c0 FUN_00402a10 FUN_00405a70 FUN_0041b600 FUN_0041b630 FUN_00450c60 FUN_00450cc0 FUN_00450e20 FUN_00450fb0 FUN_00465450 FUN_00476510 FUN_00476590 FUN_00476820"
004559b0,FUN_004559b0,2177,1,"FUN_004029c0 FUN_00402a10 FUN_00405a70 FUN_0041b600 FUN_0041b630 FUN_00446150 FUN_00450c60 FUN_00450cc0 FUN_00450e20 FUN_00450e80 FUN_00465450 FUN_00476470 FUN_00476510 FUN_00476590 FUN_00476890 FUN_00476960"
00456250,FUN_00456250,1683,1,"FUN_004029c0 FUN_00402a10 FUN_00405a70 FUN_0041b630 FUN_0041b8c0 FUN_0041d3d0 FUN_00442140 FUN_00446150 FUN_00450c60 FUN_00450cc0 FUN_00450e20 FUN_00450f20 FUN_00465450 FUN_00476510 FUN_00476590 FUN_00476820"
00456900,FUN_00456900,948,1,"FUN_00401e40 FUN_00402970 FUN_004029c0 FUN_00402a10 FUN_00405a70 FUN_0041b630 FUN_0041b8c0 FUN_0041d3d0 FUN_00442140 FUN_00450c60 FUN_00450cc0 FUN_00465450 FUN_00476510"
00456cd0,FUN_00456cd0,396,1,"FUN_004082b0"
00456e60,FUN_00456e60,310,1,"FUN_00409440 FUN_0044e530 FUN_0048172f FindClose FindFirstFileA FindNextFileA __security_check_cookie"
00456fa0,FUN_00456fa0,1495,1,"FUN_00402970 FUN_004029c0 FUN_00402a10 FUN_00402be0 FUN_00405a70 FUN_0041b600 FUN_0041b630 FUN_0041b8c0 FUN_0041d3d0 FUN_00442140 FUN_00446150 FUN_0044e320 FUN_0044f840 FUN_00450c60 FUN_00450cc0 FUN_00465450 FUN_00476470 FUN_00476510 FUN_00476590 FUN_0047b280 _memset"
00457590,FUN_00457590,1454,1,"FID_conflict:common_gmtime<long> FUN_004082b0"
00457b40,FUN_00457b40,739,1,"FUN_00402970 FUN_004029c0 FUN_00402a10 FUN_00405a70 FUN_0041b600 FUN_00450c60 FUN_00450cc0 FUN_00450e20 FUN_00465450 FUN_00476510 FUN_00476590"
00457e40,FUN_00457e40,2461,1,"EnterCriticalSection FUN_00401e40 FUN_004029c0 FUN_00402a10 FUN_00405a70 FUN_00407230 FUN_0041a690 FUN_0041b630 FUN_00450c60 FUN_00450cc0 FUN_00451030 FUN_004587f0 FUN_00465450 FUN_00466de0 FUN_00475c80 FUN_00476510 FUN_00476590 FUN_00476a60 LeaveCriticalSection _memset"
004587f0,FUN_004587f0,1017,1,"FUN_00475290 FUN_00476470 ___report_rangecheckfailure __security_check_cookie"
00458bf0,FUN_00458bf0,956,1,"FID_conflict:common_gmtime<long> FUN_004082b0"
00458fb0,FUN_00458fb0,1514,1,"FUN_004029c0 FUN_00402a10 FUN_00405a70 FUN_00405bc0 FUN_0041b600 FUN_0041b630 FUN_00442040 FUN_004420c0 FUN_00443840 FUN_0044e5f0 FUN_00450c60 FUN_00450cc0 FUN_00465450 FUN_00476470 FUN_00476510 FUN_00476590"
004595b0,FUN_004595b0,845,1,"FID_conflict:common_gmtime<long> FUN_004082b0"
00459900,FUN_00459900,1540,1,"FUN_004029c0 FUN_00402a10 FUN_00405a70 FUN_00409440 FUN_0041b630 FUN_00442040 FUN_004420c0 FUN_0044e320 FUN_0044e530 FUN_0044e5f0 FUN_0044e6a0 FUN_0044e6f0 FUN_00450c60 FUN_00450cc0 FUN_00465450 FUN_00476470 FUN_00476510 FUN_00476590 FUN_0047b280 __security_check_cookie _memset"
00459f20,FUN_00459f20,1013,1,"FID_conflict:common_gmtime<long> FUN_004082b0"
0045a320,FUN_0045a320,3054,1,"EnterCriticalSection FUN_004020d0 FUN_004029c0 FUN_00402a10 FUN_00405a70 FUN_00407230 FUN_0041a450 FUN_0041a510 FUN_0041b630 FUN_00442040 FUN_004420c0 FUN_00450c60 FUN_00450cc0 FUN_0045af20 FUN_0045af70 FUN_00465450 FUN_004662e0 FUN_00466de0 FUN_00475000 FUN_00475c80 FUN_00476470 FUN_00476510 FUN_00476740 FUN_00476860 FUN_00476890 FUN_00476a60 FUN_0047ef9f LeaveCriticalSection"
0045af20,FUN_0045af20,75,2,""
0045af70,FUN_0045af70,112,3,""
0045afe0,FUN_0045afe0,938,1,"FUN_00402970 FUN_004029c0 FUN_00402a10 FUN_00405a70 FUN_0041b630 FUN_00450c60 FUN_00450cc0 FUN_0045b3a0 FUN_00465450 FUN_00476470 FUN_00476510 FUN_00476590"
0045b3a0,FUN_0045b3a0,351,1,"FUN_00402a10 FUN_0045bce0 FUN_0045c320 FUN_00465450 FUN_00476590"
0045b500,FUN_0045b500,1180,1,"FUN_00402a10 FUN_00405a70 FUN_0041b630 FUN_00450c60 FUN_00450cc0 FUN_0045b3a0 FUN_0045bce0 FUN_00465450 FUN_00476470 FUN_00476510 FUN_00476590 FUN_00476620 __security_check_cookie"
0045b9b0,FUN_0045b9b0,783,1,"FUN_00402970 FUN_004029c0 FUN_00402a10 FUN_00405a70 FUN_0041b630 FUN_0041b8c0 FUN_0041d3d0 FUN_00442140 FUN_00450c60 FUN_00450cc0 FUN_0045b3a0 FUN_00465450 FUN_00476470 FUN_00476510 FUN_00476590"
0045bce0,FUN_0045bce0,1577,4,"EnterCriticalSection FUN_00405a70 FUN_00407230 FUN_00466de0 FUN_00475000 FUN_00475c80 FUN_00476470 FUN_00476510 FUN_00476590 FUN_00476680 FUN_00476a60 LeaveCriticalSection ___report_rangecheckfailure __security_check_cookie"
0045c320,FUN_0045c320,119,2,"FUN_00476470 FUN_00476510 FUN_00476590"
0045c3a0,FUN_0045c3a0,842,1,"FUN_00402970 FUN_004029c0 FUN_00402a10 FUN_0041b630 FUN_0041b8c0 FUN_0041d3d0 FUN_00442140 FUN_00446150 FUN_00450c60 FUN_00450cc0 FUN_0045b3a0 FUN_0045c320 FUN_00465450 FUN_00476510"
0045c700,FUN_0045c700,595,1,"FUN_004082b0"
0045c960,FUN_0045c960,2317,1,"FUN_00401e40 FUN_004029c0 FUN_00402a10 FUN_00405a70 FUN_0041b630 FUN_0041b8c0 FUN_0041c310 FUN_0041d3d0 FUN_00442140 FUN_00450c60 FUN_00450cc0 FUN_00451030 FUN_0045dec0 FUN_0045df00 FUN_00465450 FUN_00475290 FUN_00476470 FUN_00476510 _memset"
0045d2a0,FUN_0045d2a0,297,1,"FUN_004082b0"
0045d3d0,FUN_0045d3d0,97,2,""
0045d440,FUN_0045d440,507,1,"EnterCriticalSection LeaveCriticalSection"
0045d640,FUN_0045d640,601,0,"FUN_004020d0 FUN_004025a0 FUN_004435f0 FUN_0045d440 FUN_0045ddd0 FUN_0045de20 FUN_00474750 FUN_0047ef9f __security_check_cookie"
0045d8a0,FUN_0045d8a0,534,1,"FUN_00401140 FUN_004011f0 FUN_00401570 FUN_004025a0 FUN_0045d3d0 FUN_0045dac0 FUN_00474750 FUN_0047b250 _memset"
0045dac0,FUN_0045dac0,211,1,"EnterCriticalSection FUN_004015e0 FUN_004766d0 FUN_0047b280 LeaveCriticalSection"
0045dba0,FUN_0045dba0,526,1,"FUN_0041bd70 FUN_0045d3d0 FUN_0045dac0 FUN_0045de90 FUN_00465450 FUN_00475290 FUN_00476470"
0045ddd0,FUN_0045ddd0,75,2,""
0045de20,FUN_0045de20,112,3,""
0045de90,FUN_0045de90,44,1,""
0045dec0,FUN_0045dec0,64,1,""
0045df00,FUN_0045df00,87,3,""
0045df60,FUN_0045df60,30,1,""
0045df80,thunk_FUN_0045e010,5,1,"FUN_0045e010"
0045df90,FUN_0045df90,119,0,"FUN_0045e010 FUN_0045e260 FUN_0045e560 FUN_0045e640 FUN_0047b250"
0045e010,FUN_0045e010,182,1,"FUN_0045e5e0 FUN_0047b934 FUN_0047ef9f `eh_vector_destructor_iterator'"
0045e0d0,FUN_0045e0d0,392,3,"FUN_00401eb0 FUN_0045e5e0 FUN_0045ecf0 FUN_0047ef94 FUN_0047ef9f SetFilePointer __stricmp"
0045e260,FUN_0045e260,760,0,"FUN_00401eb0 FUN_0045ecf0 FUN_0047b942 FUN_0047ef94 FUN_0047ef9f ReadFile __security_check_cookie `eh_vector_constructor_iterator'"
0045e560,FUN_0045e560,68,1,"FUN_0047ef94"
0045e5b0,FUN_0045e5b0,26,1,"FUN_0047ef9f"
0045e5e0,FUN_0045e5e0,1,0,""
0045e5f0,FUN_0045e5f0,71,2,"CloseHandle FUN_0047b280"
0045e640,FUN_0045e640,475,3,"CloseHandle CreateFileA DeleteFileA FUN_0047c690 FUN_0047c7d0 GetModuleFileNameA SetFilePointer __security_check_cookie"
0045e820,FUN_0045e820,34,1,"CloseHandle"
0045e850,FUN_0045e850,58,3,"ReadFile"
0045e890,FUN_0045e890,64,3,"WriteFile"
0045e8d0,FUN_0045e8d0,25,1,"SetFilePointer"
0045e8f0,FUN_0045e8f0,21,1,"GetFileSize"
0045e910,FUN_0045e910,38,3,"SetFilePointer"
0045e940,FUN_0045e940,236,2,"FUN_0047ef94 FUN_0047ef9f GetFileSize SetFilePointer"
0045ea30,`scalar_deleting_destructor',36,2,"FUN_0047b280"
0045ea60,FUN_0045ea60,646,3,"FUN_0045ef00 FUN_0045f140 FUN_0047ef94 ___report_rangecheckfailure"
0045ecf0,FUN_0045ecf0,515,4,"FUN_0047ef94"
0045ef00,FUN_0045ef00,561,2,""
0045f140,FUN_0045f140,321,1,"FUN_0045f140"
0045f2a0,FUN_0045f2a0,41,2,"FUN_00402b60 FUN_0047b280"
0045f2d0,FUN_0045f2d0,122,0,"DeleteDC DeleteObject SelectObject"
0045f350,FUN_0045f350,386,3,"CreateCompatibleDC CreateDIBSection FUN_0045f2d0 SelectObject __security_check_cookie _memset"
0045f4e0,FUN_0045f4e0,902,1,""
0045f870,FUN_0045f870,193,1,""
0045f940,FUN_0045f940,80,1,""
0045f990,FUN_0045f990,1155,0,"CreateFontA EnterCriticalSection EnumFontFamiliesExA FUN_0045f350 GetDC LeaveCriticalSection ReleaseDC __security_check_cookie"
0045fe20,FUN_0045fe20,1247,10,"D3DXLoadSurfaceFromMemory FUN_0045f4e0 FUN_0045f870 FUN_0047ea20 FUN_0047ef94 FUN_0047ef9f SelectObject SetBkMode SetTextColor TextOutA __security_check_cookie _memset"
00460330,FUN_00460330,1,0,""
00460340,FUN_00460340,130,0,""
004603d0,FUN_004603d0,188,0,""
00460490,FUN_00460490,4913,1,"CoCreateInstance CoInitialize CoUninitialize CreateMutexA CreateThread DeleteCriticalSection DestroyWindow Direct3DCreate9 DispatchMessageA FUN_004012a0 FUN_004013e0 FUN_004014f0 FUN_00401690 FUN_004019b0 FUN_004020d0 FUN_00402290 FUN_00402310 FUN_004025a0 FUN_00402670 FUN_00402b60 FUN_00404d20 FUN_00409460 FUN_00441470 FUN_00441730 FUN_00441d20 FUN_004421c0 FUN_004432a0 FUN_00460340 FUN_004603d0 FUN_00461a80 FUN_00461f30 FUN_00462190 FUN_00462370 FUN_00462710 FUN_00462860 FUN_00462910 FUN_00462bc0 FUN_00462e60 FUN_00463110 FUN_00463590 FUN_004639a0 FUN_00464bb0 FUN_004653b0 FUN_0046d050 FUN_0046d0a0 FUN_00471950 FUN_00472e00 FUN_0047b250 FUN_0047b280 FUN_0047b942 FUN_0047c690 FUN_0047ef9f GetConsoleTitleA GetDlgItem GetKeyboardState GetLastError GetModuleFileNameA GetStartupInfoA GetSystemMetrics GetWindowRect InitializeCriticalSection IsDialogMessageA IsDlgButtonChecked KillTimer MessageBoxA MoveWindow MultiByteToWideChar PeekMessageA SendMessageA SetCursor SetForegroundWindow SetKeyboardState SetWindowLongA SetWindowPos ShowCursor ShowWindow Sleep SystemParametersInfoA TranslateMessage WINNLSEnableIME __alloca_probe __security_check_cookie __stricmp _memset joyGetDevCapsA joyGetPosEx timeBeginPeriod timeEndPeriod"
004617d0,FUN_004617d0,605,4,"DefWindowProcA LoadCursorA SetCursor SetForegroundWindow ShowCursor"
00461a80,FUN_00461a80,509,1,"FUN_00460330 FUN_0047c690 FUN_0048172f GetEnvironmentVariableA GetModuleFileNameA GetProcAddress LoadLibraryA QueryPerformanceCounter QueryPerformanceFrequency SystemParametersInfoA __mkdir"
00461c80,FUN_00461c80,679,0,"FUN_0041a570 FUN_00462710 FUN_00496e80 FUN_00497db0"
00461f30,FUN_00461f30,596,1,"FUN_004432a0 FUN_00443560 FUN_00460340 FUN_004603d0 FUN_00461c80 FUN_00462530 FUN_00462710 FUN_00463110 Sleep"
00462190,FUN_00462190,476,1,"FUN_004012a0 FUN_004013e0 FUN_00402b60 FUN_00409460 FUN_004421c0 FUN_004432a0 FUN_00443560 FUN_00460340 FUN_004603d0 FUN_00461c80 FUN_00462530 FUN_00462710 FUN_00463110 FUN_0046d050 FUN_0046d0a0 Sleep"
00462370,FUN_00462370,438,1,"FUN_004012a0 FUN_004013e0 FUN_00402b60 FUN_00409460 FUN_004421c0 FUN_004432a0 FUN_00443560 FUN_00460340 FUN_004603d0 FUN_00461c80 FUN_00462530 FUN_00462710 FUN_00463110 FUN_0046d050 FUN_0046d0a0 Sleep"
00462530,FUN_00462530,474,0,"D3DXLoadSurfaceFromSurface FUN_00402290 FUN_00409440 FUN_004418c0 FUN_0046d0a0 FUN_0048172f __mkdir __security_check_cookie"
00462710,FUN_00462710,332,0,"EnterCriticalSection FUN_00496e40 LeaveCriticalSection QueryPerformanceCounter timeGetTime"
00462860,FUN_00462860,174,1,""
00462910,FUN_00462910,688,2,"AdjustWindowRectEx CreateWindowExA FUN_00462860 GetClientRect GetStockObject GetWindowRect LoadCursorA RegisterClassA SendMessageA SetWindowPos Sleep __security_check_cookie"
00462bc0,FUN_00462bc0,662,1,"FUN_004025a0 FUN_00402670 GetDC GetDeviceCaps ReleaseDC"
00462e60,FUN_00462e60,680,0,"FUN_004025a0 FUN_00462bc0 FUN_00463110 __security_check_cookie"
00463110,FUN_00463110,750,1,""
00463400,FUN_00463400,371,3,"DestroyWindow FUN_00463590 GetDlgItem SendMessageA"
00463590,FUN_00463590,186,0,"IsDlgButtonChecked"
00463650,FUN_00463650,844,0,"CoCreateInstance CoInitialize CoSetProxyBlanket CoUninitialize FUN_00463d90 FUN_0047c916 SysAllocString SysFreeString __security_check_cookie _memset"
004639a0,FUN_004639a0,416,1,"DirectInput8Create FUN_004025a0 FUN_00443620"
00463b40,FUN_00463b40,78,1,"FUN_00463650"
00463b90,FUN_00463b90,131,1,"__security_check_cookie"
00463c20,FUN_00463c20,107,1,"EnterCriticalSection FUN_004015e0 FUN_0047b280 LeaveCriticalSection"
00463c90,FUN_00463c90,239,0,""
00463d90,FUN_00463d90,42,2,"FUN_004435e0 ___stdio_common_vswscanf"
00463e20,FUN_00463e20,464,2,"FUN_0046d0a0 __security_check_cookie"
00463ff0,FUN_00463ff0,152,1,"FUN_00463e20 FUN_0046d0a0"
00464120,FUN_00464120,78,1,"FUN_00463e20"
004642e0,FUN_004642e0,78,1,"FUN_00463e20"
00464330,FUN_00464330,43,1,"FUN_00463e20"
00464470,FUN_00464470,112,1,"FUN_00463e20"
004644e0,FUN_004644e0,475,1,"FUN_004027b0"
004646c0,FUN_004646c0,526,1,"FUN_004027b0 FUN_00405810"
004648d0,FUN_004648d0,27,1,"FUN_00464af0 FUN_0047b280"
004648f0,FUN_004648f0,75,6,"FUN_00464940 FUN_0047b250 _memset"
00464940,FUN_00464940,385,7,"FUN_00401140 FUN_004011f0 FUN_00401570"
00464af0,FUN_00464af0,176,1,"EnterCriticalSection FUN_004015e0 LeaveCriticalSection"
00464ba0,FUN_00464ba0,1,0,""
00464bb0,FUN_00464bb0,170,0,"CloseHandle Sleep WaitForSingleObject"
00464ca0,FUN_00464ca0,907,2,"DirectSoundCreate8 FUN_004025a0 FUN_00465f90 FUN_0047b250 FUN_0047b280 SetTimer __security_check_cookie _memset"
004650a0,FUN_004650a0,88,4,"_strncmp"
00465100,FUN_00465100,217,2,"FUN_0047c690 __security_check_cookie"
004651e0,FUN_004651e0,463,2,"CloseHandle CreateFileA EnterCriticalSection FUN_00404e20 FUN_00465100 FUN_00466380 FUN_0047ef94 FUN_0047ef9f LeaveCriticalSection ReadFile SetFilePointer"
004653b0,FUN_004653b0,150,1,"CloseHandle FUN_00477d20 PostThreadMessageA WaitForSingleObject"
00465450,FUN_00465450,145,1,""
004654f0,FUN_004654f0,168,1,""
004655a0,FUN_004655a0,47,1,""
004655d0,FUN_004655d0,132,1,""
00465660,FUN_00465660,2313,0,"CloseHandle CreateEventA CreateThread EnterCriticalSection FUN_00462710 FUN_00465100 FUN_004651e0 FUN_004653b0 FUN_00477040 FUN_004775f0 FUN_00477920 FUN_00477b40 FUN_00477d20 FUN_00478140 FUN_004784b0 FUN_00478550 FUN_00478610 LeaveCriticalSection PostThreadMessageA SetFilePointer WaitForSingleObject"
00465f90,FUN_00465f90,665,2,"FUN_004025a0 FUN_004650a0 FUN_00466380 FUN_0047ea20 FUN_0047ef9f Sleep __security_check_cookie _strncmp"
00466230,FUN_00466230,172,0,"FUN_00477e30 MsgWaitForMultipleObjects PeekMessageA"
004662e0,FUN_004662e0,153,4,"EnterCriticalSection LeaveCriticalSection"
00466380,FUN_00466380,1,0,""
00466390,FUN_00466390,606,3,""
004665f0,FUN_004665f0,305,3,"FUN_00466de0 _memset"
00466730,FUN_00466730,679,1,"FUN_004027b0 FUN_00402840 FUN_00402880 FUN_0046c400"
00466a70,FUN_00466a70,254,2,"FUN_004027b0"
00466be0,FUN_00466be0,176,2,""
00466cf0,FUN_00466cf0,108,2,""
00466da0,FUN_00466da0,61,2,""
00466de0,FUN_00466de0,13593,1,"FUN_004027b0 FUN_00402880 FUN_004028c0 FUN_00402a90 FUN_00402ab0 FUN_00404ab0 FUN_00404b90 FUN_00404c80 FUN_00404ca0 FUN_00404db0 FUN_00405810 FUN_00405880 FUN_00405890 FUN_004058a0 FUN_004058c0 FUN_004058e0 FUN_00405900 FUN_00405920 FUN_00405a10 FUN_00405a30 FUN_00405b90 FUN_00405bc0 FUN_00405bf0 FUN_004064b0 FUN_00406530 FUN_00406930 FUN_0040d860 FUN_0040d890 FUN_0040d8a0 FUN_0040d8b0 FUN_0040d8c0 FUN_0040dbe0 FUN_0041a3e0 FUN_0041a3f0 FUN_0041b810 FUN_00429df0 FUN_004435c0 FUN_0044db70 FUN_0044f810 FUN_00466390 FUN_00466730 FUN_00466a70 FUN_00466be0 FUN_00466cf0 FUN_00466da0 FUN_0046a770 FUN_0046a970 FUN_0046b1c0 FUN_0046b630 FUN_0046b660 FUN_0046b670 FUN_0046b680 FUN_0046b690 FUN_0046b6a0 FUN_0046b6b0 FUN_0046bee0 FUN_0046bf10 FUN_0046bf20 FUN_0046bf30 FUN_0046bf70 FUN_0046bff0 FUN_0046c070 FUN_0046c0f0 FUN_0046c100 FUN_0046c180 FUN_0046c280 FUN_0046c360 FUN_0046c380 FUN_0046c3a0 FUN_0046c3c0 FUN_0046c3e0 FUN_00470360 FUN_00471420 FUN_00476220 FUN_00476370 FUN_00476470 FUN_00476c10 __security_check_cookie"
0046a770,FUN_0046a770,502,1,""
0046a970,FUN_0046a970,2088,1,"FUN_00402920 FUN_00406250 FUN_0046c380"
0046b1c0,FUN_0046b1c0,517,1,"FUN_004065d0 FUN_0040d8d0 FUN_0046b3d0 FUN_0046b6c0 FUN_0046b9b0 FUN_0046bb90"
0046b3d0,FUN_0046b3d0,605,2,"FUN_00402fe0"
0046b630,FUN_0046b630,42,1,""
0046b660,FUN_0046b660,13,2,""
0046b670,FUN_0046b670,15,2,""
0046b680,FUN_0046b680,15,2,""
0046b690,FUN_0046b690,15,2,""
0046b6a0,FUN_0046b6a0,14,2,""
0046b6b0,FUN_0046b6b0,13,2,""
0046b6c0,FUN_0046b6c0,739,2,"FUN_00402fe0 FUN_00404b00 FUN_0044dab0 FUN_0044db10"
0046b9b0,FUN_0046b9b0,477,1,"FUN_00402fe0"
0046bb90,FUN_0046bb90,840,2,"FUN_00402fe0"
0046bee0,FUN_0046bee0,39,4,""
0046bf10,FUN_0046bf10,14,1,"FUN_004973c0"
0046bf20,FUN_0046bf20,14,1,"FUN_00496ea0"
0046bf30,FUN_0046bf30,54,1,"FUN_00496e80"
0046bf70,FUN_0046bf70,128,5,""
0046bff0,FUN_0046bff0,128,5,""
0046c070,FUN_0046c070,128,5,""
0046c0f0,FUN_0046c0f0,12,1,""
0046c100,FUN_0046c100,126,5,""
0046c180,FUN_0046c180,244,5,""
0046c280,FUN_0046c280,222,5,""
0046c360,FUN_0046c360,26,4,""
0046c380,FUN_0046c380,32,3,""
0046c3a0,FUN_0046c3a0,21,1,""
0046c3c0,FUN_0046c3c0,26,1,""
0046c3e0,FUN_0046c3e0,19,2,""
0046c400,FUN_0046c400,305,1,"FUN_0046c400"
0046c540,FUN_0046c540,834,2,"FUN_0046d0a0"
0046c8b0,FUN_0046c8b0,1929,3,"FUN_0046c540 FUN_0046d0a0 FUN_0046d170"
0046d050,FUN_0046d050,70,0,""
0046d0a0,FUN_0046d0a0,205,1,""
0046d170,FUN_0046d170,229,2,""
0046d260,FUN_0046d260,1122,5,"FUN_00406420"
0046d6d0,FUN_0046d6d0,842,5,"FUN_00406250 FUN_0046c400 __security_check_cookie"
0046da20,FUN_0046da20,1161,1,"D3DXVec3Project FUN_0046c400 __libm_sse2_sqrt_precise __security_check_cookie"
0046deb0,FUN_0046deb0,1684,2,"FUN_0046c8b0 FUN_0046da20 __libm_sse2_sqrt_precise"
0046e560,FUN_0046e560,676,2,"D3DXMatrixMultiply D3DXMatrixRotationX D3DXMatrixRotationY D3DXMatrixRotationZ FUN_0046c400 __security_check_cookie"
0046e810,FUN_0046e810,2260,2,"D3DXMatrixMultiply D3DXMatrixRotationX D3DXMatrixRotationY D3DXMatrixRotationZ FUN_00406250 FUN_00442200 FUN_00442240 FUN_0046c400 FUN_0046c540 FUN_0046d0a0 __security_check_cookie"
0046f100,FUN_0046f100,1299,4,"D3DXMatrixMultiply D3DXMatrixRotationX D3DXMatrixRotationY D3DXMatrixRotationZ FUN_00442200 FUN_00442240 FUN_0046c540 FUN_0046d0a0 __security_check_cookie"
0046f620,FUN_0046f620,351,4,"FUN_0046c540 FUN_0046d0a0"
0046f780,FUN_0046f780,313,4,"FUN_0046c540 FUN_0046d0a0"
0046f8c0,FUN_0046f8c0,2572,2,"D3DXVec3Transform FUN_00406250 FUN_00442180 FUN_004421c0 FUN_00442240 FUN_0046c540 FUN_0046c8b0 FUN_0046d260 FUN_0046d6d0 FUN_0046da20 FUN_0046deb0 FUN_0046e560 FUN_0046e810 FUN_0046f100 FUN_0046f620 FUN_0046f780 FUN_004703d0 FUN_00470730 FUN_00470aa0 FUN_00470ce0 FUN_00470db0 FUN_00471000 FUN_004711d0 __libm_sse2_sqrt_precise __security_check_cookie"
00470360,FUN_00470360,84,2,"FUN_0046d260 FUN_0046d6d0"
004703d0,FUN_004703d0,850,7,"FUN_0046d0a0"
00470730,FUN_00470730,871,7,"FUN_0046d0a0"
00470aa0,FUN_00470aa0,569,5,"FUN_0046d0a0"
00470ce0,FUN_00470ce0,194,7,"FUN_004703d0"
00470db0,FUN_00470db0,585,5,"FUN_0046d0a0 FUN_00471400"
00471000,FUN_00471000,460,4,"FUN_0046d0a0 FUN_00471400"
004711d0,FUN_004711d0,558,5,"FUN_0046d0a0 FUN_00471400"
00471400,FUN_00471400,32,3,""
00471420,FUN_00471420,620,1,"FUN_00402880 FUN_00471930 FUN_0047ef94 FUN_0047ef9f"
00471690,FUN_00471690,631,1,"FUN_00471930"
00471930,FUN_00471930,32,3,""
00471950,FUN_00471950,5117,1,"FUN_00401140 FUN_004011f0 FUN_00401570 FUN_00409510 FUN_0047b250 _memset `eh_vector_constructor_iterator'"
00472d50,FUN_00472d50,159,1,"_memset"
00472e00,FUN_00472e00,593,1,"FUN_00402b60 FUN_004097d0 FUN_00475f00 FUN_0047b280 `eh_vector_destructor_iterator'"
00473060,FUN_00473060,1985,0,""
00473830,FUN_00473830,1953,1,"__security_check_cookie"
00474010,FUN_00474010,584,7,"D3DXCreateTexture D3DXCreateTextureFromFileInMemoryEx D3DXLoadSurfaceFromSurface FUN_00473830 __security_check_cookie"
00474260,FUN_00474260,454,5,"D3DXCreateTexture D3DXLoadSurfaceFromMemory __security_check_cookie"
00474430,FUN_00474430,68,3,""
00474480,FUN_00474480,546,2,"FUN_004020d0 FUN_00402670 FUN_00409440 FUN_0047ef94 __security_check_cookie _memset"
004746b0,FUN_004746b0,157,3,"FUN_00402670 FUN_00474480 FUN_00476cd0 FUN_0047b250 FUN_0047b280 _memset"
00474750,FUN_00474750,147,2,"FUN_004746b0 FUN_00476cd0 Sleep"
004747f0,FUN_004747f0,661,2,"FUN_00409510 FUN_00466de0 FUN_00474a90 _memset"
00474a90,FUN_00474a90,1018,6,"D3DXCreateTexture FUN_00402670 FUN_00474010 FUN_00474260 FUN_00474430 __security_check_cookie"
00474e90,FUN_00474e90,359,2,"FUN_004766d0 FUN_0047b280 FUN_0047ef9f"
00475000,FUN_00475000,281,9,"FUN_00404cd0 FUN_0045fe20 __security_check_cookie"
00475120,FUN_00475120,362,8,"FUN_00404cd0 FUN_0045fe20 __security_check_cookie"
00475290,FUN_00475290,353,8,"FUN_00404cd0 FUN_0045fe20 __security_check_cookie"
00475670,FUN_00475670,103,1,"FUN_00409460 FUN_0046d0a0 FUN_00475ba0"
004756e0,FUN_004756e0,128,1,"FUN_00409460 FUN_0046d0a0 FUN_00475ba0"
00475760,FUN_00475760,42,1,"FUN_00409460 FUN_00475ba0"
00475790,FUN_00475790,103,1,"FUN_00409460 FUN_0046d0a0 FUN_00475ba0"
00475800,FUN_00475800,42,1,"FUN_00409460 FUN_00475ba0"
00475830,FUN_00475830,263,1,"EnterCriticalSection FUN_00466de0 FUN_00475a60 FUN_00475f00 LeaveCriticalSection __security_check_cookie"
00475940,FUN_00475940,281,1,"EnterCriticalSection FUN_00466de0 FUN_00475a60 FUN_00475f00 LeaveCriticalSection"
00475a60,FUN_00475a60,253,2,"FUN_00475a60"
00475ba0,FUN_00475ba0,222,2,"EnterCriticalSection FUN_0046f8c0 LeaveCriticalSection"
00475c80,FUN_00475c80,167,2,""
00475d30,FUN_00475d30,135,2,""
00475dc0,FUN_00475dc0,167,2,""
00475e70,FUN_00475e70,135,2,""
00475f00,FUN_00475f00,403,2,"FUN_004097d0 FUN_0047b280"
004760a0,FUN_004760a0,375,8,"EnterCriticalSection FUN_00407230 FUN_00466de0 FUN_00475c80 FUN_00475d30 FUN_00475dc0 FUN_00475e70 FUN_00476a60 LeaveCriticalSection"
00476220,FUN_00476220,329,5,"EnterCriticalSection FUN_00407230 FUN_00466de0 FUN_00475c80 FUN_00475d30 FUN_00475dc0 FUN_00475e70 FUN_00476a60 LeaveCriticalSection"
00476370,FUN_00476370,246,4,"EnterCriticalSection FUN_00407230 FUN_00466de0 FUN_00475c80 FUN_00476a60 LeaveCriticalSection"
00476470,FUN_00476470,149,2,""
00476510,FUN_00476510,113,2,"FUN_00476470"
00476590,FUN_00476590,134,2,"FUN_00466de0 FUN_00476470"
00476620,FUN_00476620,87,1,"FUN_00476470 FUN_00476680"
00476680,FUN_00476680,71,1,"FUN_00476680"
004766d0,FUN_004766d0,112,2,""
00476740,FUN_00476740,24,1,"FUN_00476470"
00476760,FUN_00476760,17,2,"FUN_00476510"
00476780,FUN_00476780,48,1,"FUN_00476780"
004767b0,FUN_004767b0,48,1,"FUN_004767b0"
004767e0,FUN_004767e0,49,1,"FUN_00476470 FUN_00476860"
00476820,FUN_00476820,49,1,"FUN_00476470 FUN_00476890"
00476860,FUN_00476860,34,1,"FUN_00476860"
00476890,FUN_00476890,34,1,"FUN_00476890"
004768c0,FUN_004768c0,18,1,"FUN_00476620"
004768e0,FUN_004768e0,37,2,"FUN_00466390"
00476910,FUN_00476910,76,2,"FUN_00405a70 FUN_00476470"
00476960,FUN_00476960,142,3,"FUN_00476960"
004769f0,FUN_004769f0,83,3,"FUN_00476470 FUN_00476960"
00476a50,FUN_00476a50,13,1,""
00476a60,FUN_00476a60,420,0,"FUN_00409510 FUN_0047b250 _memset"
00476c10,FUN_00476c10,16,1,""
00476c20,FUN_00476c20,171,2,"FUN_00407230"
00476cd0,FUN_00476cd0,1,0,""
00476ce0,FUN_00476ce0,798,12,"FUN_00477000 FUN_00477da0 FUN_00478220 FUN_0047b250 FUN_0047b280 FUN_0047b942 __security_check_cookie"
00477000,FUN_00477000,51,1,"CloseHandle FUN_0047b280"
00477040,FUN_00477040,785,13,"FUN_00477da0 FUN_0047b250 FUN_0047b280 FUN_0047b942 __security_check_cookie"
00477360,FUN_00477360,597,5,"FUN_0047b942 FUN_0047ea20 ReadFile SetFilePointer Sleep _memset"
004775c0,FUN_004775c0,38,2,"FUN_00477860 FUN_0047b280"
004775f0,FUN_004775f0,609,2,"FUN_0047b942 __security_check_cookie thunk_FUN_0047ef9f"
00477860,FUN_00477860,179,1,"CloseHandle FUN_0047b280 thunk_FUN_0047ef9f"
00477920,FUN_00477920,544,4,"FUN_004782e0 FUN_004783e0 FUN_0047ea20 ReadFile Sleep _memset"
00477b40,FUN_00477b40,344,4,"FUN_00462710 FUN_00477920 FUN_00477ca0 FUN_00489556 Sleep"
00477ca0,FUN_00477ca0,114,2,""
00477d20,FUN_00477d20,128,2,"CloseHandle"
00477da0,FUN_00477da0,90,5,"FUN_00477360"
00477e00,FUN_00477e00,44,2,"FUN_00477860 FUN_0047b280"
00477e30,FUN_00477e30,779,1,"EnterCriticalSection FUN_00477920 FUN_004782e0 FUN_004783e0 FUN_0047ea20 LeaveCriticalSection ReadFile Sleep _memset"
00478140,FUN_00478140,224,2,"FUN_00477920 FUN_004782e0 Sleep"
00478220,FUN_00478220,185,3,"CreateFileA FUN_004782e0 FUN_00478710 FormatMessageA GetLastError LocalFree"
004782e0,FUN_004782e0,244,3,"SetFilePointer"
004783e0,FUN_004783e0,200,4,"FUN_0047ea20 ReadFile"
004784b0,FUN_004784b0,150,3,"FUN_00478220 FUN_004782e0 FUN_00478710"
00478550,FUN_00478550,178,1,"FUN_00462710"
00478610,FUN_00478610,241,1,"EnterCriticalSection FUN_004775f0 FUN_00477920 FUN_00477b40 FUN_00478140 LeaveCriticalSection"
00478710,FUN_00478710,1,0,""
00478720,FUN_00478720,1,0,""
00478730,FUN_00478730,822,3,"FUN_00478720 FUN_0047abb0 FUN_0047ae40"
00478a70,FUN_00478a70,7516,1,"FUN_00402880 FUN_00404c80 FUN_00404ca0 FUN_0040d8d0 FUN_00478730 FUN_0047aa10 FUN_0047aac0 FUN_0047abb0 FUN_0047ac70 FUN_0047ace0 FUN_0047ad70 FUN_0047ae20 FUN_0047b100 FUN_00496e70 FUN_004976b0 FUN_00497870 __libm_sse2_sqrt_precise"
0047a940,FUN_0047a940,197,1,"FUN_00478a70 FUN_0047b280"
0047aa10,FUN_0047aa10,170,2,""
0047aac0,FUN_0047aac0,233,2,""
0047abb0,FUN_0047abb0,181,3,""
0047ac70,FUN_0047ac70,107,1,""
0047ace0,FUN_0047ace0,135,2,""
0047ad70,FUN_0047ad70,176,3,"FUN_0041d500 FUN_00478730 FUN_0047b250"
0047ae20,FUN_0047ae20,32,3,""
0047ae40,FUN_0047ae40,166,2,""
0047aef0,FUN_0047aef0,521,2,"FUN_0047ea20 FUN_0047ef94 FUN_0047ef9f"
0047b100,FUN_0047b100,50,1,""
0047b140,FUN_0047b140,40,2,"FUN_0047ae40"
0047b168,FUN_0047b168,27,2,"exception"
0047b183,FUN_0047b183,24,1,""
0047b19b,exception,44,2,"___std_exception_copy"
0047b1d8,FUN_0047b1d8,45,2,"FUN_0047b280 ___std_exception_destroy"
0047b205,FUN_0047b205,45,2,"FUN_0047b280 ___std_exception_destroy"
0047b232,FUN_0047b232,13,1,""
0047b23f,__security_check_cookie,17,1,"___report_gsfailure"
0047b250,FUN_0047b250,77,1,"FUN_0047bbb6 FUN_0047bc0c FUN_0047ef94 __CxxThrowException@8 __callnewh"
0047b280,FUN_0047b280,14,1,"thunk_FUN_0047ef9f"
0047b28e,find_pe_section,68,2,""
0047b2d2,___scrt_acquire_startup_lock,50,0,"___scrt_is_ucrt_dll_in_use"
0047b304,___scrt_initialize_crt,57,1,"___acrt_initialize ___isa_available_init ___vcrt_initialize ___vcrt_uninitialize"
0047b33d,___scrt_initialize_onexit_tables,134,1,"___scrt_fastfail ___scrt_is_ucrt_dll_in_use __initialize_onexit_table"
0047b3c4,___scrt_is_nonwritable_in_current_image,126,1,"__SEH_prolog4 find_pe_section"
0047b458,___scrt_release_startup_lock,29,1,"___scrt_is_ucrt_dll_in_use"
0047b475,___scrt_uninitialize_crt,40,2,"___acrt_uninitialize ___vcrt_uninitialize"
0047b49d,__onexit,45,1,"FUN_0048a350 __register_onexit_function"
0047b4ca,_atexit,21,1,"__onexit"
0047b4df,FUN_0047b4df,35,2,"FUN_0047b280"
0047b502,`eh_vector_constructor_iterator',90,5,"FUN_0047b562 __SEH_prolog4 guard_check_icall"
0047b562,FUN_0047b562,20,0,"__ArrayUnwind"
0047b576,`eh_vector_destructor_iterator',105,4,"FUN_0047b5eb __SEH_prolog4 guard_check_icall"
0047b5eb,FUN_0047b5eb,16,0,"__ArrayUnwind"
0047b5fb,__ArrayUnwind,76,4,"__SEH_prolog4 guard_check_icall"
0047b69b,FUN_0047b69b,129,0,"CreateEventW GetModuleHandleW GetProcAddress InitializeCriticalSectionAndSpinCount ___scrt_fastfail"
0047b71d,FUN_0047b71d,28,0,"CloseHandle DeleteCriticalSection"
0047b739,___raise_securityfailure,40,1,"GetCurrentProcess SetUnhandledExceptionFilter TerminateProcess UnhandledExceptionFilter"
0047b761,___report_gsfailure,249,0,"IsProcessorFeaturePresent ___raise_securityfailure"
0047b85a,___report_rangecheckfailure,12,0,"___report_securityfailure"
0047b866,___report_securityfailure,206,1,"IsProcessorFeaturePresent ___raise_securityfailure"
0047b934,FUN_0047b934,14,1,"thunk_FUN_0047ef9f"
0047b942,FUN_0047b942,9,1,"FUN_0047b250"
0047b94b,thunk_FUN_0047ef9f,5,1,""
0047ba15,FUN_0047ba15,318,0,"FUN_00460490 FUN_0047bf45 FUN_0047c141 FUN_0047c147 __SEH_prolog4 ___scrt_acquire_startup_lock ___scrt_fastfail ___scrt_get_show_window_mode ___scrt_initialize_crt ___scrt_is_nonwritable_in_current_image ___scrt_release_startup_lock ___scrt_uninitialize_crt __cexit __get_narrow_winmain_command_line __initterm __initterm_e __register_thread_local_exe_atexit_callback _exit guard_check_icall"
0047bb91,entry,10,0,"FUN_0047ba15 ___security_init_cookie"
0047bb9b,FUN_0047bb9b,27,2,"exception"
0047bbb6,FUN_0047bbb6,24,1,""
0047bbdf,FUN_0047bbdf,45,2,"FUN_0047b280 ___std_exception_destroy"
0047bc0c,FUN_0047bc0c,29,0,"FUN_0047b183 __CxxThrowException@8"
0047bc46,thunk_FUN_0047ef9f,5,1,""
0047bc4b,___isa_available_init,407,0,"IsProcessorFeaturePresent"
0047bde2,FUN_0047bde2,4,0,""
0047bde6,___scrt_is_ucrt_dll_in_use,12,0,""
0047bdf2,___scrt_fastfail,282,0,"FUN_0047bfd8 IsDebuggerPresent IsProcessorFeaturePresent SetUnhandledExceptionFilter UnhandledExceptionFilter _memset"
0047bf0c,___scrt_get_show_window_mode,49,0,"GetStartupInfoW _memset"
0047bf3d,thunk_FUN_0047bf94,5,0,""
0047bf42,FUN_0047bf42,3,0,""
0047bf45,FUN_0047bf45,67,0,"GetModuleHandleW"
0047bf88,FUN_0047bf88,12,0,"SetUnhandledExceptionFilter"
0047bf94,FUN_0047bf94,3,0,""
0047bf97,FUN_0047bf97,64,1,"FUN_0048a560"
0047bfd8,FUN_0047bfd8,8,0,""
0047bfe0,__SEH_prolog4,70,2,""
0047c026,__SEH_epilog4,21,0,""
0047c03b,guard_check_icall,1,0,""
0047c03c,___get_entropy,77,0,"GetCurrentProcessId GetCurrentThreadId GetSystemTimeAsFileTime QueryPerformanceCounter"
0047c089,___security_init_cookie,75,0,"___get_entropy"
0047c0d7,FUN_0047c0d7,3,0,""
0047c0da,FUN_0047c0da,6,0,""
0047c0e0,FUN_0047c0e0,3,0,""
0047c0e3,FUN_0047c0e3,3,0,""
0047c0e6,FUN_0047c0e6,12,0,"InitializeSListHead"
0047c0f2,FUN_0047c0f2,3,0,""
0047c0f5,FUN_0047c0f5,32,0,"___scrt_fastfail __controlfp_s"
0047c116,FUN_0047c116,1,0,""
0047c117,FUN_0047c117,1,0,""
0047c118,FUN_0047c118,29,0,"FUN_00404cc0 FUN_004435e0"
0047c135,FUN_0047c135,12,0,""
0047c141,FUN_0047c141,6,0,""
0047c147,FUN_0047c147,6,0,""
0047c14d,FUN_0047c14d,44,0,"guard_check_icall"
0047c179,FUN_0047c179,44,0,"guard_check_icall"
0047c1a5,FUN_0047c1a5,111,6,"FUN_0048a560"
0047c215,_CallCatchBlock2,94,5,"__CallSettingFrame@12"
0047c273,_CallSETranslator,230,7,"___vcrt_getptd guard_check_icall"
0047c359,_JumpToContinuation,43,2,""
0047c389,_UnwindNestedFrames,83,2,"RtlUnwind"
0047c3dc,__CatchGuardHandler,49,3,"__InternalCxxFrameHandler<__FrameHandler3> __security_check_cookie"
0047c40d,__CreateFrameInfo,36,2,"___vcrt_getptd"
0047c431,FUN_0047c431,71,1,"FUN_0048a560 ___vcrt_getptd"
0047c479,__TranslatorGuardHandler,152,3,"_CallSETranslator _UnwindNestedFrames __InternalCxxFrameHandler<__FrameHandler3> __security_check_cookie"
0047c516,FID_conflict:___CxxFrameHandler3,54,4,"__InternalCxxFrameHandler<__FrameHandler3>"
0047c54c,___DestructExceptionObject,142,1,"_CallMemberFunction0 __SEH_prolog4 guard_check_icall"
0047c5ec,_CallMemberFunction0,13,2,""
0047c5f9,__IsExceptionObjectToBeDestroyed,38,1,"___vcrt_getptd"
0047c61f,___AdjustPointer,37,2,""
0047c644,___FrameUnwindFilter,69,1,"FUN_0048a560 ___vcrt_getptd"
0047c689,Unwind@0047c689,5,0,""
0047c690,FUN_0047c690,311,2,""
0047c7d0,FUN_0047c7d0,299,2,""
0047c8fb,FUN_0047c8fb,26,0,"FUN_0048a8d8 guard_check_icall"
0047c916,FUN_0047c916,636,2,""
0047cb92,___std_exception_copy,99,2,"FUN_0047ef94 FUN_0047ef9f _strcpy_s"
0047cbf5,___std_exception_destroy,31,1,"FUN_0047ef9f"
0047cc14,__CxxThrowException@8,109,2,"RaiseException guard_check_icall"
0047cc81,___vcrt_initialize,31,0,"___vcrt_initialize_locks ___vcrt_initialize_ptd ___vcrt_uninitialize_locks"
0047cca0,___vcrt_uninitialize,23,1,"___vcrt_uninitialize_locks ___vcrt_uninitialize_ptd"
0047ccc0,_ValidateLocalCookies,50,2,"__security_check_cookie"
0047cd00,__except_handler4,350,3,"_EH4_CallFilterFunc _EH4_GlobalUnwind2 _EH4_LocalUnwind _EH4_TransferToHandler _ValidateLocalCookies __IsNonwritableInCurrentImage ___DestructExceptionObject ___except_validate_context_record __filter_x86_sse2_floating_point_exception_default guard_check_icall"
0047ce60,_memset,346,3,""
0047cfba,___std_type_info_compare,60,2,""
0047cff6,FUN_0047cff6,28,1,"FUN_0047ef9f"
0047d012,___vcrt_getptd,14,0,"___vcrt_getptd_noexit"
0047d020,___vcrt_getptd_noexit,146,0,"FUN_0047ef9f FUN_0048a976 GetLastError SetLastError ___vcrt_FlsGetValue ___vcrt_FlsSetValue"
0047d0b2,___vcrt_initialize_ptd,51,0,"___vcrt_FlsAlloc ___vcrt_FlsSetValue ___vcrt_uninitialize_ptd"
0047d0e5,___vcrt_uninitialize_ptd,27,0,"___vcrt_FlsFree"
0047d100,FUN_0047d100,308,4,"FUN_0047e360 FUN_0048a560 __SEH_prolog4 ___AdjustPointer guard_check_icall"
0047d23e,BuildCatchObjectInternal<__FrameHandler3>,140,4,"FUN_0047d100 _CallMemberFunction1 _CallMemberFunction2 __SEH_prolog4 ___AdjustPointer"
0047d2d7,CatchIt<__FrameHandler3>,128,12,"BuildCatchObjectInternal<__FrameHandler3> CallCatchBlock FUN_0047dcac SetState _JumpToContinuation _UnwindNestedFrames"
0047d357,FUN_0047d357,926,8,"CatchIt<__FrameHandler3> FID_conflict:___TypeMatch FUN_0047c1a5 FUN_0047d6f6 FUN_0047d9d7 FUN_0047dc10 FUN_0047dd94 FUN_0047de51 FUN_0048a560 FrameUnwindToEmptyState GetCurrentState _UnwindNestedFrames __CxxThrowException@8 ___DestructExceptionObject ___vcrt_getptd operator=="
0047d6f6,FUN_0047d6f6,309,8,"CatchIt<__FrameHandler3> EncodePointer FUN_0047c1a5 FUN_0048a560 _CallSETranslator ___vcrt_getptd"
0047d82c,FID_conflict:___TypeMatch,142,3,""
0047d8ba,__InternalCxxFrameHandler<__FrameHandler3>,258,8,"FUN_0047d357 FrameUnwindToEmptyState ___except_validate_context_record ___vcrt_getptd guard_check_icall"
0047d9bc,FUN_0047d9bc,27,2,"exception"
0047d9d7,FUN_0047d9d7,24,1,""
0047da00,operator==,31,2,"___std_type_info_compare"
0047da1f,FUN_0047da1f,45,2,"FUN_0047b280 ___std_exception_destroy"
0047da4c,CallCatchBlock,177,7,"FUN_0047db94 _CallCatchBlock2 __CreateFrameInfo __SEH_prolog4 ___vcrt_getptd"
0047db94,FUN_0047db94,124,0,"FUN_0047c431 __IsExceptionObjectToBeDestroyed ___DestructExceptionObject ___vcrt_getptd"
0047dc10,FUN_0047dc10,32,1,"FUN_0047e312 __EH_prolog3_catch ___vcrt_getptd"
0047dc30,Catch_All@0047dc30,25,0,"FUN_0048a560 __CxxThrowException@8 ___vcrt_getptd"
0047dc4a,ExFilterRethrow,74,1,"___vcrt_getptd"
0047dc94,FrameUnwindToEmptyState,24,3,"FUN_0047dcac"
0047dcac,FUN_0047dcac,195,4,"FUN_0047dd7a FUN_0048a560 GetCurrentState SetState __CallSettingFrame@12 __SEH_prolog4 ___vcrt_getptd"
0047dd7a,FUN_0047dd7a,20,0,"___vcrt_getptd"
0047dd94,FUN_0047dd94,153,2,"FID_conflict:___TypeMatch FUN_0048a560"
0047de2e,_CallMemberFunction1,16,3,""
0047de3e,_CallMemberFunction2,19,4,""
0047de51,FUN_0047de51,11,1,""
0047de60,__CallSettingFrame@12,76,3,"__NLG_Notify1"
0047deac,___except_validate_context_record,48,1,""
0047dedc,___except_validate_jump_buffer,45,1,""
0047df09,___vcrt_initialize_locks,60,0,"___vcrt_InitializeCriticalSectionEx ___vcrt_uninitialize_locks"
0047df45,___vcrt_uninitialize_locks,47,0,"DeleteCriticalSection"
0047df80,__local_unwind4,144,3,"FUN_0047ea1b __NLG_Notify"
0047e080,_EH4_CallFilterFunc,23,1,""
0047e098,_EH4_TransferToHandler,25,1,"__NLG_Notify"
0047e0b4,_EH4_GlobalUnwind2,26,2,"RtlUnwind"
0047e0d0,_EH4_LocalUnwind,23,4,"__local_unwind4"
0047e0e7,FUN_0047e0e7,172,2,"FreeLibrary GetLastError LoadLibraryExW _wcsncmp"
0047e193,try_get_function,73,4,"FUN_0047e0e7 GetProcAddress"
0047e1dc,___vcrt_FlsAlloc,59,1,"guard_check_icall try_get_function"
0047e217,___vcrt_FlsFree,59,1,"TlsFree guard_check_icall try_get_function"
0047e252,___vcrt_FlsGetValue,59,1,"TlsGetValue guard_check_icall try_get_function"
0047e28d,___vcrt_FlsSetValue,62,2,"TlsSetValue guard_check_icall try_get_function"
0047e2cb,___vcrt_InitializeCriticalSectionEx,71,3,"InitializeCriticalSectionAndSpinCount guard_check_icall try_get_function"
0047e312,FUN_0047e312,28,0,"FUN_0048a560 ___vcrt_getptd guard_check_icall"
0047e32f,GetCurrentState,29,3,""
0047e34c,SetState,14,3,""
0047e360,FUN_0047e360,1330,3,""
0047e8e0,__global_unwind2,33,1,"RtlUnwind"
0047e946,__local_unwind2,132,2,"FUN_0047ea1b __NLG_Notify"
0047e9f0,__NLG_Notify1,9,1,""
0047e9fc,__NLG_Notify,31,1,""
0047ea1b,FUN_0047ea1b,3,0,""
0047ea20,FUN_0047ea20,1330,3,""
0047ef94,FUN_0047ef94,11,1,"__malloc_base"
0047ef9f,FUN_0047ef9f,29,1,"FID_conflict:_free"
0047efbc,common_vsprintf<__crt_stdio_output::standard_base,char>,384,6,"FUN_004892b7 _LocaleUpdate __errno __security_check_cookie output_adapter_data<char,__crt_stdio_output::string_output_adapter<char>_> process ~formatting_buffer"
0047f13c,count<char>,24,1,""
0047f154,ensure_buffer_is_big_enough<char>,127,2,"FID_conflict:_free __errno __malloc_base operator="
0047f1d3,is_wide_character_specifier<char>,49,3,""
0047f204,scratch_data<char>,30,1,"count<char>"
0047f222,type_case_integer_parse_into_buffer<>,115,4,"count<char>"
0047f295,type_case_integer_parse_into_buffer<>,144,5,"__aulldvrm count<char>"
0047f325,write_multiple_characters<__crt_stdio_output::string_output_adapter<char>,char>,44,4,"write_character"
0047f351,common_data<char>,71,1,""
0047f398,output_adapter_data<char,__crt_stdio_output::string_output_adapter<char>_>,60,6,"common_data<char>"
0047f3d4,_LocaleUpdate,131,2,"FUN_0048b879 ___acrt_update_locale_info ___acrt_update_multibyte_info"
0047f457,~formatting_buffer,26,1,"FID_conflict:_free"
0047f471,operator=,36,2,"FID_conflict:_free"
0047f495,crop_zeroes,96,2,""
0047f4f5,find_next_state,63,2,""
0047f534,force_decimal_point,92,2,"_isdigit _tolower"
0047f590,parse_int_from_format_string,118,2,"__errno _strtol"
0047f606,process,244,1,"FUN_004892b7 __errno find_next_state state_case_flag state_case_normal state_case_precision state_case_size state_case_type state_case_width validate"
0047f71a,state_case_flag,61,1,""
0047f757,state_case_normal,31,1,"FUN_004892b7 __errno state_case_normal_common"
0047f776,state_case_normal_common,42,1,"state_case_normal_tchar write_character"
0047f7a0,state_case_normal_tchar,100,1,"FUN_004892b7 ___acrt_locale_get_ctype_array_value __errno write_character"
0047f804,state_case_precision,38,1,"parse_int_from_format_string"
0047f82a,state_case_size,334,1,"FUN_004892b7 __errno state_case_type"
0047f978,state_case_type,564,1,"type_case_Z type_case_a type_case_c_tchar type_case_integer type_case_n type_case_o type_case_p type_case_s write_multiple_characters<__crt_stdio_output::string_output_adapter<char>,char> write_stored_string_tchar write_string"
0047fbac,state_case_width,43,1,"parse_int_from_format_string"
0047fbd7,to_integer_size,49,1,""
0047fc2b,type_case_Z,92,1,"is_wide_character_specifier<char>"
0047fc87,type_case_a,345,1,"___acrt_fp_format count<char> crop_zeroes ensure_buffer_is_big_enough<char> force_decimal_point scratch_data<char>"
0047fde0,type_case_c_tchar,144,1,"_wctomb_s count<char> is_wide_character_specifier<char>"
0047fe70,type_case_integer,339,3,"FUN_004892b7 __errno ensure_buffer_is_big_enough<char> to_integer_size type_case_integer_parse_into_buffer<> type_case_integer_parse_into_buffer<>"
0047ffc3,type_case_n,116,1,"FUN_004892b7 __errno __get_printf_count_output to_integer_size"
00480037,type_case_o,31,1,"type_case_integer"
00480056,type_case_p,24,1,"type_case_integer"
0048006e,type_case_s,113,1,"FUN_0048b28d FUN_0048b3af is_wide_character_specifier<char>"
004800df,validate,27,1,"FUN_004892b7 __errno"
004800fa,write_character,66,3,""
0048013c,write_stored_string_tchar,169,1,"__security_check_cookie _wctomb_s write_string"
004801e5,write_string,103,5,"FUN_0047ea20"
0048024c,___acrt_locale_get_ctype_array_value,34,3,""
0048026e,___stdio_common_vsprintf,36,7,"common_vsprintf<__crt_stdio_output::standard_base,char>"
00480390,~__crt_unique_heap_ptr<__acrt_thread_parameter,_anon_4E93FCDD::thread_parameter_free_policy>,55,1,"CloseHandle FID_conflict:_free FreeLibrary"
004803c7,common_end_thread,86,1,"CloseHandle ExitThread FreeLibraryAndExitThread ___acrt_RoUninitialize@0 ___acrt_getptd_noexit"
0048041e,create_thread_parameter,82,2,"FID_conflict:_free GetModuleHandleExW __calloc_base ~__crt_unique_heap_ptr<__acrt_thread_parameter,_anon_4E93FCDD::thread_parameter_free_policy>"
00480470,__beginthread,144,3,"CreateThread FUN_004892b7 GetLastError ResumeThread ___acrt_errno_map_os_error __errno create_thread_parameter ~__crt_unique_heap_ptr<__acrt_thread_parameter,_anon_4E93FCDD::thread_parameter_free_policy>"
00480500,__beginthreadex,133,6,"CreateThread FUN_004892b7 GetLastError ___acrt_errno_map_os_error __errno create_thread_parameter ~__crt_unique_heap_ptr<__acrt_thread_parameter,_anon_4E93FCDD::thread_parameter_free_policy>"
00480585,__endthreadex,14,1,"common_end_thread"
00480593,is_overflow_condition<unsigned_long>,49,2,""
004805c4,is_overflow_condition<unsigned___int64>,65,2,""
00480605,parse_integer<unsigned_long,__crt_strtox::c_string_character_source<char>_>,551,4,"FUN_004892b7 _LocaleUpdate __errno __ischartype_l is_overflow_condition<unsigned_long> unget validate"
0048082c,parse_integer<unsigned___int64,__crt_strtox::c_string_character_source<char>_>,680,4,"FUN_004892b7 _LocaleUpdate __allmul __aulldvrm __errno __ischartype_l is_overflow_condition<unsigned___int64> unget validate"
00480ad4,parse_integer<unsigned___int64,__crt_strtox::c_string_character_source<wchar_t>_>,1804,4,"FUN_004892b7 _LocaleUpdate __allmul __aulldvrm __errno _iswctype is_overflow_condition<unsigned___int64> unget validate"
004811e0,unget,41,2,"FUN_004892b7 __errno"
00481209,unget,46,2,"FUN_004892b7 __errno"
00481237,validate,27,1,"FUN_004892b7 __errno"
00481252,validate,27,1,"FUN_004892b7 __errno"
0048126d,__chvalidchk_l,40,3,"___acrt_locale_get_ctype_array_value ___pctype_func"
00481295,__ischartype_l,51,3,"__chvalidchk_l __isctype_l"
004812c8,FID_conflict:_atoi,37,1,"parse_integer<unsigned_long,__crt_strtox::c_string_character_source<char>_>"
004812ed,FID_conflict:_atoi,37,1,"parse_integer<unsigned_long,__crt_strtox::c_string_character_source<char>_>"
00481312,__acrt_convert_wcs_mbs_cp<>,207,4,"GetLastError ___acrt_WideCharToMultiByte ___acrt_errno_map_os_error __errno allocate deallocate"
004813e1,__acrt_get_current_directory_narrow_acp_or_utf8<__crt_win32_buffer_internal_dynamic_resizing>,156,1,"FID_conflict:_free __acrt_get_current_directory_wide<__crt_win32_buffer_internal_dynamic_resizing> __acrt_get_utf8_acp_compatibility_codepage __acrt_wcs_to_mbs_cp<__crt_win32_buffer_internal_dynamic_resizing> __security_check_cookie"
0048147d,__acrt_get_current_directory_wide<__crt_win32_buffer_internal_dynamic_resizing>,89,1,"GetCurrentDirectoryW GetLastError ___acrt_errno_map_os_error __errno allocate"
004814d6,__acrt_wcs_to_mbs_cp<__crt_win32_buffer_internal_dynamic_resizing>,31,3,"__acrt_convert_wcs_mbs_cp<>"
004814f5,common_chdir<char>,210,1,"FID_conflict:_free FUN_004892b7 GetLastError ___acrt_SetCurrentDirectoryA ___acrt_errno_map_os_error ___doserrno __acrt_get_current_directory_narrow_acp_or_utf8<__crt_win32_buffer_internal_dynamic_resizing> __errno __security_check_cookie set_cwd_environment_variable<char>"
004815c7,set_cwd_environment_variable<char>,89,1,"GetLastError ___acrt_SetEnvironmentVariableA ___acrt_errno_map_os_error _toupper"
00481620,__acrt_get_utf8_acp_compatibility_codepage,65,0,"_LocaleUpdate ___acrt_AreFileApisANSI@0"
00481661,deallocate,26,1,"FID_conflict:_free"
0048167b,_deallocate,26,1,"FID_conflict:_free"
00481695,allocate,60,2,"allocate deallocate"
004816d1,allocate,63,2,"_deallocate allocate"
00481710,allocate,31,3,"__malloc_base"
0048172f,FUN_0048172f,11,1,"common_chdir<char>"
00481740,_strncmp,115,3,""
004817b8,assemble_floating_point_snan<double>,33,2,""
004817d9,assemble_floating_point_value_t<float>,48,4,""
00481809,assemble_floating_point_value_t<double>,66,4,""
0048184b,common_vsscanf<char>,182,6,"FUN_004892b7 FUN_0048b28d _LocaleUpdate __errno __security_check_cookie input_processor<char,__crt_stdio_input::string_input_adapter<char>_> process"
00481901,common_vsscanf<wchar_t>,155,6,"FID_conflict:_free FUN_004892b7 FUN_0048b3af _LocaleUpdate __errno input_processor<wchar_t,__crt_stdio_input::string_input_adapter<wchar_t>_> process"
0048199c,convert_decimal_string_to_floating_type<float>,35,2,"convert_decimal_string_to_floating_type_common"
004819bf,convert_decimal_string_to_floating_type<double>,35,2,"convert_decimal_string_to_floating_type_common"
004819e2,convert_hexadecimal_string_to_floating_type<float>,35,2,"convert_hexadecimal_string_to_floating_type_common"
00481a05,convert_hexadecimal_string_to_floating_type<double>,35,2,"convert_hexadecimal_string_to_floating_type_common"
00481a28,make_input_adapter_character_source<>,30,5,"input_adapter_character_source<>"
00481a46,make_input_adapter_character_source<>,30,5,"input_adapter_character_source<>"
00481a64,parse_floating_point<>,123,1,"FUN_004892b7 __errno __security_check_cookie parse_floating_point_from_source<__crt_strtox::input_adapter_character_source<__crt_stdio_input::string_input_adapter<char>_>_> parse_floating_point_write_result<float>"
00481adf,parse_floating_point<>,123,1,"FUN_004892b7 __errno __security_check_cookie parse_floating_point_from_source<__crt_strtox::input_adapter_character_source<__crt_stdio_input::string_input_adapter<char>_>_> parse_floating_point_write_result<double>"
00481b5a,parse_floating_point<>,123,1,"FUN_004892b7 __errno __security_check_cookie parse_floating_point_from_source<> parse_floating_point_write_result<float>"
00481bd5,parse_floating_point<>,123,1,"FUN_004892b7 __errno __security_check_cookie parse_floating_point_from_source<> parse_floating_point_write_result<double>"
00481c50,parse_floating_point_from_source<__crt_strtox::input_adapter_character_source<__crt_stdio_input::string_input_adapter<char>_>_>,1119,3,"FID_conflict:operator() __ischartype_l get parse_floating_point_possible_infinity<char,__crt_strtox::input_adapter_character_source<__crt_stdio_input::string_input_adapter<char>_>,unsigned___int64> parse_floating_point_possible_nan<char,__crt_strtox::input_adapter_character_source<__crt_stdio_input::string_input_adapter<char>_>,unsigned___int64> unget validate"
004820af,parse_floating_point_from_source<>,3648,3,"FID_conflict:operator() _iswctype get parse_floating_point_possible_infinity<> parse_floating_point_possible_nan<> unget validate"
00482eef,parse_floating_point_possible_infinity<char,__crt_strtox::input_adapter_character_source<__crt_stdio_input::string_input_adapter<char>_>,unsigned___int64>,193,3,"FID_conflict:operator() get unget"
00482fb0,parse_floating_point_possible_infinity<>,207,4,"FID_conflict:operator() get unget"
0048307f,parse_floating_point_possible_nan<char,__crt_strtox::input_adapter_character_source<__crt_stdio_input::string_input_adapter<char>_>,unsigned___int64>,285,3,"FID_conflict:operator() get parse_floating_point_possible_nan_is_ind<char,__crt_strtox::input_adapter_character_source<__crt_stdio_input::string_input_adapter<char>_>_> parse_floating_point_possible_nan_is_snan<char,__crt_strtox::input_adapter_character_source<__crt_stdio_input::string_input_adapter<char>_>_> unget"
0048319c,parse_floating_point_possible_nan<>,307,4,"FID_conflict:operator() get parse_floating_point_possible_nan_is_ind<> parse_floating_point_possible_nan_is_snan<> unget"
004832cf,parse_floating_point_possible_nan_is_ind<char,__crt_strtox::input_adapter_character_source<__crt_stdio_input::string_input_adapter<char>_>_>,58,2,"get"
00483309,parse_floating_point_possible_nan_is_ind<>,64,2,"get"
00483349,parse_floating_point_possible_nan_is_snan<char,__crt_strtox::input_adapter_character_source<__crt_stdio_input::string_input_adapter<char>_>_>,58,2,"get"
00483383,parse_floating_point_possible_nan_is_snan<>,64,2,"get"
004833c3,parse_floating_point_write_result<float>,323,3,"convert_decimal_string_to_floating_type<float> convert_hexadecimal_string_to_floating_type<float>"
0048352f,parse_floating_point_write_result<double>,249,3,"assemble_floating_point_snan<double> convert_decimal_string_to_floating_type<double> convert_hexadecimal_string_to_floating_type<double>"
00483653,parse_integer<unsigned___int64,__crt_strtox::input_adapter_character_source<__crt_stdio_input::string_input_adapter<char>_>_>,704,4,"FUN_004892b7 _LocaleUpdate __allmul __aulldvrm __errno __ischartype_l get is_overflow_condition<unsigned___int64> restore_state unget validate"
00483913,parse_integer<>,1550,1,"FUN_004892b7 _LocaleUpdate __allmul __aulldvrm __errno _iswctype get is_overflow_condition<unsigned___int64> restore_state unget validate"
00483f21,process_floating_point_specifier_t<float>,104,1,"make_input_adapter_character_source<> parse_floating_point<> write_floating_point<float>"
00483f89,process_floating_point_specifier_t<float>,104,1,"make_input_adapter_character_source<> parse_floating_point<> write_floating_point<float>"
00483ff1,process_floating_point_specifier_t<double>,104,1,"make_input_adapter_character_source<> parse_floating_point<> write_floating_point<double>"
00484059,process_floating_point_specifier_t<double>,104,1,"make_input_adapter_character_source<> parse_floating_point<> write_floating_point<double>"
004840c1,process_string_specifier_tchar<char>,351,3,"FUN_004892b7 __errno get is_character_allowed_in_string unget"
00484220,process_string_specifier_tchar<char>,360,3,"FUN_00488b5d FUN_004892b7 __errno get is_character_allowed_in_string unget"
00484388,process_string_specifier_tchar<wchar_t>,361,3,"FUN_004892b7 __errno get is_character_allowed_in_string unget write_character"
004844f1,process_string_specifier_tchar<wchar_t>,361,3,"FUN_004892b7 __errno get is_character_allowed_in_string unget"
0048465a,skip_whitespace<__crt_stdio_input::string_input_adapter,char>,47,2,"__ischartype_l get"
00484689,skip_whitespace<__crt_stdio_input::string_input_adapter,wchar_t>,47,2,"_iswctype get"
004846b8,write_floating_point<float>,52,2,"FUN_004892b7 __errno"
004846ec,write_floating_point<float>,52,2,"FUN_004892b7 __errno"
00484720,write_floating_point<double>,58,2,"FUN_004892b7 __errno"
0048475a,write_floating_point<double>,58,2,"FUN_004892b7 __errno"
00484794,format_string_parser<char>,74,3,""
004847de,format_string_parser<wchar_t>,62,3,""
0048481c,input_adapter_character_source<>,49,5,""
0048484d,input_adapter_character_source<>,49,5,""
0048487e,input_processor<char,__crt_stdio_input::string_input_adapter<char>_>,68,6,"format_string_parser<char>"
004848c2,input_processor<wchar_t,__crt_stdio_input::string_input_adapter<wchar_t>_>,68,6,"format_string_parser<wchar_t>"
00484906,operator=,36,2,"FID_conflict:_free"
0048492a,FID_conflict:operator(),44,1,"restore_state unget"
00484956,FID_conflict:operator(),42,1,"restore_state unget"
00484980,FID_conflict:operator(),44,1,"restore_state unget"
004849ac,FID_conflict:operator(),42,1,"restore_state unget"
004849d6,FID_conflict:operator(),42,1,"restore_state unget"
00484a00,FID_conflict:operator(),44,1,"restore_state unget"
00484a2c,advance,280,1,"_isspace scan_conversion_specifier scan_optional_field_width scan_optional_length_modifier scan_optional_literal_character_trail_bytes_tchar scan_optional_wide_modifier"
00484b44,advance,260,1,"_iswctype reset_token_state_for_error scan_conversion_specifier scan_optional_assignment_suppressor scan_optional_field_width scan_optional_length_modifier scan_optional_wide_modifier"
00484c48,FUN_00484c48,36,1,"__invoke_watson"
00484c6d,FUN_00484c6d,36,1,"__invoke_watson"
00484c92,assemble_floating_point_infinity,64,2,"FUN_00484c48 FUN_00484c6d"
00484cd2,assemble_floating_point_value,831,5,"FUN_00484c48 FUN_00484c6d __allshl __aullshr assemble_floating_point_infinity assemble_floating_point_value_t<double> assemble_floating_point_value_t<float> assemble_floating_point_zero denormal_mantissa_mask fegetround normal_mantissa_mask"
00485011,assemble_floating_point_value_from_big_integer,406,5,"__allshl __aullshr assemble_floating_point_value"
004851a7,assemble_floating_point_zero,53,2,"FUN_00484c48 FUN_00484c6d"
004851dc,convert_decimal_string_to_floating_type_common,7530,2,"FUN_0047ea20 __allshl __aullshr __security_check_cookie _memcpy_s _memset assemble_floating_point_infinity assemble_floating_point_value assemble_floating_point_value_from_big_integer assemble_floating_point_zero divide"
00486f46,convert_hexadecimal_string_to_floating_type_common,168,2,"assemble_floating_point_value normal_mantissa_mask"
00486fee,data,59,1,"FID_conflict:_free __calloc_base operator="
00487029,denormal_mantissa_mask,23,1,""
00487040,divide,1176,2,"__allmul __allshl __aulldvrm _memcpy_s"
004874d8,get,55,1,"get"
0048750f,get,63,1,"get"
0048754e,get,22,1,""
00487564,get,26,1,""
0048757e,invert,30,1,""
0048759c,invert,46,1,"data"
004875ca,is_character_allowed_in_string,80,3,""
0048761a,is_character_allowed_in_string,74,3,"test"
00487664,length,65,1,"to_floating_point_length to_integer_length"
004876a5,length,65,1,"to_floating_point_length to_integer_length"
004876e6,normal_mantissa_mask,23,1,""
004876fd,process,132,1,"FUN_004892b7 __errno advance get process_state unget validate validate"
00487781,process,141,1,"FUN_004892b7 __errno advance get process_state unget validate validate"
0048780e,process_character_count_specifier,24,1,"write_integer"
00487840,process_conversion_specifier,76,1,"process_character_count_specifier process_floating_point_specifier process_integer_specifier process_string_specifier"
004878b4,process_conversion_specifier,76,1,"process_floating_point_specifier process_integer_specifier process_string_specifier"
00487928,process_floating_point_specifier,48,1,"length process_floating_point_specifier_t<double> process_floating_point_specifier_t<float> process_whitespace"
00487958,process_floating_point_specifier,48,1,"length process_floating_point_specifier_t<double> process_floating_point_specifier_t<float> process_whitespace"
00487988,process_integer_specifier,100,3,"make_input_adapter_character_source<> parse_integer<unsigned___int64,__crt_strtox::input_adapter_character_source<__crt_stdio_input::string_input_adapter<char>_>_> process_whitespace write_integer"
004879ec,process_integer_specifier,100,3,"make_input_adapter_character_source<> parse_integer<> process_whitespace write_integer"
00487a50,process_literal_character,54,1,"get process_literal_character_tchar unget"
00487a86,process_literal_character,53,1,"get unget"
00487abb,process_literal_character_tchar,78,2,"___pctype_func get unget"
00487b09,process_state,66,1,"process_conversion_specifier process_literal_character process_whitespace"
00487b4b,process_state,66,1,"process_conversion_specifier process_literal_character process_whitespace"
00487b8d,process_string_specifier,72,2,"length process_string_specifier_tchar<char> process_string_specifier_tchar<wchar_t> process_whitespace"
00487bd5,process_string_specifier,72,2,"length process_string_specifier_tchar<char> process_string_specifier_tchar<wchar_t> process_whitespace"
00487c1d,process_whitespace,29,1,"skip_whitespace<__crt_stdio_input::string_input_adapter,char> unget"
00487c3a,process_whitespace,32,1,"skip_whitespace<__crt_stdio_input::string_input_adapter,wchar_t> unget"
00487c5a,reset,26,1,"_memset data"
00487c74,reset_token_state_for_error,43,2,""
00487c9f,restore_state,37,3,""
00487cc4,restore_state,37,3,""
00487ce9,scan_conversion_specifier,368,1,"scan_scanset_range set_wide_for_c_s_or_scanset"
00487e59,scan_conversion_specifier,337,1,"reset_token_state_for_error scan_scanset_range set_wide_for_c_s_or_scanset"
00487faa,scan_optional_assignment_suppressor,20,1,""
00487fbe,scan_optional_field_width,159,1,"strtoull"
0048805d,scan_optional_field_width,571,1,"reset_token_state_for_error wcstoull"
00488298,scan_optional_length_modifier,271,1,""
004883a7,scan_optional_length_modifier,314,1,""
004884e1,scan_optional_literal_character_trail_bytes_tchar,82,2,"___pctype_func"
00488533,scan_optional_wide_modifier,30,1,""
00488551,scan_optional_wide_modifier,42,1,"should_default_to_wide"
0048857b,scan_scanset_range,314,1,"invert"
004886b5,scan_scanset_range,361,1,"data invert reset reset_token_state_for_error set"
0048881e,set,38,2,"data"
00488844,set_wide_for_c_s_or_scanset,32,1,""
00488864,set_wide_for_c_s_or_scanset,32,1,""
00488884,should_default_to_wide,52,2,""
004888b8,test,43,2,"data"
004888e3,to_floating_point_length,35,1,""
00488906,to_integer_length,49,1,""
00488959,unget,71,2,"unget"
004889a0,unget,75,2,"unget"
004889eb,unget,31,2,""
00488a0a,unget,38,2,""
00488a30,validate,28,1,"FUN_004892b7 __errno"
00488a4c,validate,28,1,"FUN_004892b7 __errno"
00488a68,validate,33,1,"FUN_004892b7 __errno"
00488a89,validate,33,1,"FUN_004892b7 __errno"
00488aaa,validate,34,1,"FUN_004892b7 __errno"
00488acc,validate,34,1,"FUN_004892b7 __errno"
00488aee,write_character,111,6,"___pctype_func __mbtowc_l get"
00488b5d,FUN_00488b5d,135,5,"__invoke_watson _wctomb_s"
00488be5,write_integer,110,2,"FUN_004892b7 __errno length"
00488c53,write_integer,110,2,"FUN_004892b7 __errno length"
00488cc1,___stdio_common_vsscanf,36,7,"common_vsscanf<char>"
00488ce5,___stdio_common_vswscanf,36,7,"common_vsscanf<wchar_t>"
00488d09,_memcpy_s,129,4,"FUN_0047ea20 FUN_004892b7 __errno _memset"
00488d8a,common_timespec_get<_timespec64>,133,2,"FUN_004892b7 ___acrt_GetSystemTimePreciseAsFileTime@4 __alldvrm __errno"
00488e0f,FID_conflict:__time64,66,1,"common_timespec_get<_timespec64>"
00488e51,FUN_00488e51,656,2,"FUN_004892b7 FUN_0048d237 FUN_0048d263 FUN_0048d28f FUN_0048d57c ___tzset __alldiv __allrem __errno __invoke_watson __isindst"
004890e2,FID_conflict:common_gmtime<long>,39,1,"FUN_00488e51 ___getgmtimebuf"
00489109,___acrt_call_reportfault,315,3,"FUN_0047bfd8 IsDebuggerPresent SetUnhandledExceptionFilter UnhandledExceptionFilter __security_check_cookie _memset"
00489244,FUN_00489244,15,1,""
00489253,FUN_00489253,99,5,"___acrt_getptd_noexit __invoke_watson guard_check_icall"
004892b7,FUN_004892b7,16,0,"FUN_00489253"
004892c7,__invoke_watson,52,5,"GetCurrentProcess IsProcessorFeaturePresent TerminateProcess ___acrt_call_reportfault"
004892fb,___ascii_stricmp,59,2,""
00489336,__stricmp,73,2,"FUN_004892b7 ___ascii_stricmp __errno __stricmp_l"
0048937f,__stricmp_l,154,3,"FUN_004892b7 _LocaleUpdate ___ascii_stricmp __errno __tolower_l"
00489419,__acrt_convert_wcs_mbs_cp<char,wchar_t,<lambda_62f6974d9771e494a5ea317cc32e971c>,__crt_win32_buffer_internal_dynamic_resizing>,178,4,"GetLastError ___acrt_MultiByteToWideChar ___acrt_errno_map_os_error __errno _deallocate allocate"
004894cb,__acrt_mbs_to_wcs_cp<__crt_win32_buffer_internal_dynamic_resizing>,31,3,"__acrt_convert_wcs_mbs_cp<char,wchar_t,<lambda_62f6974d9771e494a5ea317cc32e971c>,__crt_win32_buffer_internal_dynamic_resizing>"
004894ea,__mkdir,108,1,"FID_conflict:_free __acrt_get_utf8_acp_compatibility_codepage __acrt_mbs_to_wcs_cp<__crt_win32_buffer_internal_dynamic_resizing> __wmkdir"
00489556,FUN_00489556,33,0,"FUN_0048b879"
00489577,FUN_00489577,15,1,""
00489586,__callnewh,45,1,"__query_new_handler guard_check_icall"
004895b3,__query_new_handler,70,0,"FUN_004895fc __SEH_epilog4 __SEH_prolog4 ___acrt_lock"
004895fc,FUN_004895fc,9,0,"___acrt_unlock"
00489605,__seh_filter_exe,346,2,"___acrt_getptd_noexit guard_check_icall"
0048975f,operator()<<lambda_03b1d95aef87969028cfba75ccab2455>,<lambda_6e4b09c48022b2350581041d5f6b0c4c>&,<lambda_22bdf7517842c4b3e53723af5aa32b9e>_>,55,4,"FUN_00489796 __SEH_epilog4 __SEH_prolog4 ___acrt_lock operator()"
00489796,FUN_00489796,12,0,"___acrt_unlock"
004897a2,__crt_fast_encode_pointer<void_(__stdcall*)(void*,unsigned_long,void*)>,31,1,""
004897c1,operator(),183,1,"__SEH_epilog4 __SEH_prolog4 __execute_onexit_table __initterm guard_check_icall"
00489891,FUN_00489891,19,1,""
004898a4,common_exit,102,3,"exit_or_terminate_process is_managed_app operator()<<lambda_03b1d95aef87969028cfba75ccab2455>,<lambda_6e4b09c48022b2350581041d5f6b0c4c>&,<lambda_22bdf7517842c4b3e53723af5aa32b9e>_> try_cor_exit_process"
0048990a,exit_or_terminate_process,65,1,"ExitProcess GetCurrentProcess TerminateProcess ___acrt_get_process_end_policy try_cor_exit_process"
0048994c,is_managed_app,67,0,"GetModuleHandleW"
0048998f,try_cor_exit_process,85,1,"FreeLibrary GetModuleHandleExW GetProcAddress guard_check_icall"
004899e4,FUN_004899e4,15,1,""
00489a02,__cexit,15,0,"common_exit"
00489a11,FID_conflict:__Exit,22,1,"common_exit"
00489a27,__register_thread_local_exe_atexit_callback,38,1,"__crt_fast_encode_pointer<void_(__stdcall*)(void*,unsigned_long,void*)>"
00489a4d,_exit,22,1,"common_exit"
00489a63,common_configure_argv<char>,312,1,"FID_conflict:_free FUN_004892b7 FUN_0048e54d ___acrt_GetModuleFileNameA ___acrt_allocate_buffer_for_argv ___acrt_initialize_multibyte __errno parse_command_line<char>"
00489b9b,parse_command_line<char>,377,5,"__ismbblead"
00489d14,___acrt_allocate_buffer_for_argv,79,3,"FID_conflict:_free __calloc_base"
00489d63,FUN_00489d63,11,1,"common_configure_argv<char>"
00489d6e,common_get_or_create_environment_nolock<char>,44,0,"common_initialize_environment_nolock<char> initialize_environment_by_cloning_nolock<char>"
00489d9a,common_initialize_environment_nolock<char>,83,0,"FID_conflict:_free FUN_00489ded ___acrt_initialize_multibyte ___dcrt_get_narrow_environment_from_os"
00489ded,FUN_00489ded,209,1,"FID_conflict:_free __calloc_base __invoke_watson _strcpy_s free_environment<>"
00489ebf,free_environment<>,47,1,"FID_conflict:_free"
00489eee,free_environment<>,47,1,"FID_conflict:_free"
00489f1d,initialize_environment_by_cloning_nolock<char>,131,0,"FID_conflict:_free FUN_0048f389 ___acrt_WideCharToMultiByte __calloc_base"
00489fa0,uninitialize<>,41,2,"guard_check_icall"
00489fc9,uninitialize<>,41,2,"guard_check_icall"
00489ff2,uninitialize_environment_internal<>,27,1,"free_environment<>"
0048a00d,uninitialize_environment_internal<>,27,1,"free_environment<>"
0048a028,common_get_or_create_environment_nolock<char>,5,0,""
0048a02d,FUN_0048a02d,55,0,"free_environment<> free_environment<> uninitialize<> uninitialize<>"
0048a064,common_initialize_environment_nolock<char>,5,0,""
0048a069,operator()<<lambda_69a2805e680e0e292e8ba93315fe43a8>,<lambda_f03950bc5685219e0bcd2087efbe011e>&,<lambda_03fcd07e894ec930e3f35da366ca99d6>_>,66,4,"FUN_0048a0ae __SEH_epilog4 __SEH_prolog4 ___acrt_lock operator()"
0048a0ae,FUN_0048a0ae,12,0,"___acrt_unlock"
0048a0ba,operator()<<lambda_8e746cf0007f6ed984d6f78af1fec997>,<lambda_22ebabd17bc4fa466a2aca6d8deb888d>&,<lambda_18ed0c0b38a6dc0daf1e7ac6d6adf05e>_>,66,4,"FUN_0048a0ff __SEH_epilog4 __SEH_prolog4 ___acrt_lock operator()"
0048a0ff,FUN_0048a0ff,12,0,"___acrt_unlock"
0048a10b,__crt_fast_encode_pointer<>,31,1,""
0048a12a,__crt_fast_encode_pointer<>,31,1,""
0048a149,operator(),299,1,"FID_conflict:_free __crt_fast_encode_pointer<> __crt_fast_encode_pointer<> __recalloc_base"
0048a274,operator(),220,1,"FID_conflict:_free guard_check_icall"
0048a350,FUN_0048a350,22,0,"__register_onexit_function"
0048a366,__execute_onexit_table,47,0,"operator()<<lambda_69a2805e680e0e292e8ba93315fe43a8>,<lambda_f03950bc5685219e0bcd2087efbe011e>&,<lambda_03fcd07e894ec930e3f35da366ca99d6>_>"
0048a395,__initialize_onexit_table,41,1,""
0048a3be,__register_onexit_function,53,0,"operator()<<lambda_8e746cf0007f6ed984d6f78af1fec997>,<lambda_22ebabd17bc4fa466a2aca6d8deb888d>&,<lambda_18ed0c0b38a6dc0daf1e7ac6d6adf05e>_>"
0048a465,uninitialize_allocated_memory,25,0,"operator()"
0048a4d1,__crt_fast_encode_pointer<void*>,31,1,""
0048a4f0,operator(),46,2,"FID_conflict:_free"
0048a51e,___acrt_initialize,18,0,"___acrt_execute_initializers"
0048a530,___acrt_uninitialize,48,1,"___acrt_execute_uninitializers __flushall"
0048a560,FUN_0048a560,52,0,"FUN_0048a8d8 FUN_0048b879 __SEH_prolog4 guard_check_icall"
0048a59c,FUN_0048a59c,6,0,""
0048a5a2,FUN_0048a5a2,15,1,""
0048a5b1,__crt_fast_encode_pointer<int_(__cdecl*)(_exception*)>,31,1,""
0048a5d0,___acrt_has_user_matherr,24,0,""
0048a5e8,FUN_0048a5e8,15,1,""
0048a5f7,___acrt_invoke_user_matherr,50,1,"guard_check_icall"
0048a629,___setusermatherr,21,1,"__crt_fast_encode_pointer<int_(__cdecl*)(_exception*)>"
0048a63e,__get_narrow_winmain_command_line,83,0,"___acrt_initialize_multibyte __ismbblead"
0048a691,__initterm,71,2,"guard_check_icall"
0048a6d8,__initterm_e,46,2,"guard_check_icall"
0048a706,__set_fmode,61,1,"FUN_004892b7 __errno"
0048a743,operator()<<lambda_e5124f882df8998aaf41531e079ba474>,<lambda_3e16ef9562a7dcce91392c22ab16ea36>&,<lambda_e25ca0880e6ef98be67edffd8c599615>_>,88,4,"FUN_0048a79b __SEH_epilog4 __SEH_prolog4 ___acrt_lock __updatetlocinfoEx_nolock"
0048a79b,FUN_0048a79b,12,0,"___acrt_unlock"
0048a7a7,___acrt_set_locale_changed,11,0,""
0048a7b2,___acrt_uninitialize_locale,41,0,"operator()<<lambda_e5124f882df8998aaf41531e079ba474>,<lambda_3e16ef9562a7dcce91392c22ab16ea36>&,<lambda_e25ca0880e6ef98be67edffd8c599615>_>"
0048a7db,__configthreadlocale,98,1,"FUN_004892b7 FUN_0048b879 __errno"
0048a83d,FUN_0048a83d,7,0,""
0048a844,__set_new_mode,47,1,"FUN_004892b7 __errno"
0048a873,FUN_0048a873,6,0,""
0048a879,__controlfp_s,95,3,"FUN_004892b7 __control87 __errno"
0048a8d8,FUN_0048a8d8,67,0,"FID_conflict:__Exit FUN_0048f5c9 IsProcessorFeaturePresent ___acrt_call_reportfault ___acrt_get_sigabrt_handler"
0048a91c,_strcpy_s,90,3,"FUN_004892b7 __errno"
0048a976,FUN_0048a976,11,2,"__calloc_base"
0048a981,_wcsncmp,58,3,""
0048a9bb,__malloc_base,78,1,"FUN_0048a83d HeapAlloc __callnewh __errno"
0048aa09,FID_conflict:_free,58,1,"FID_conflict:___acrt_errno_from_os_error GetLastError HeapFree __errno"
0048aa43,__isdigit_l,56,2,"_LocaleUpdate __ischartype_l"
0048aa7b,__isspace_l,56,2,"_LocaleUpdate __ischartype_l"
0048aab3,_isdigit,49,1,"___acrt_locale_get_ctype_array_value __isdigit_l"
0048aae4,_isspace,49,1,"___acrt_locale_get_ctype_array_value __isspace_l"
0048ab15,common_tox_l<&bool___cdecl_internal_islower_l(int,struct___crt_locale_pointers*_const),&int___cdecl_internal_map_upper(int,struct___crt_locale_pointers*_const)>,327,3,"_LocaleUpdate ___acrt_LCMapStringA __errno __isleadbyte_l internal_islower_l"
0048ac5c,common_tox_l<&bool___cdecl_internal_isupper_l(int,struct___crt_locale_pointers*_const),&int___cdecl_internal_map_lower(int,struct___crt_locale_pointers*_const)>,327,3,"_LocaleUpdate ___acrt_LCMapStringA __errno __isleadbyte_l internal_isupper_l"
0048ada3,internal_islower_l,28,2,"__ischartype_l"
0048adbf,internal_isupper_l,28,2,"__ischartype_l"
0048addb,__tolower_l,26,2,"common_tox_l<&bool___cdecl_internal_isupper_l(int,struct___crt_locale_pointers*_const),&int___cdecl_internal_map_lower(int,struct___crt_locale_pointers*_const)>"
0048adf5,__toupper_l,26,2,"common_tox_l<&bool___cdecl_internal_islower_l(int,struct___crt_locale_pointers*_const),&int___cdecl_internal_map_upper(int,struct___crt_locale_pointers*_const)>"
0048ae0f,_tolower,48,1,"__tolower_l"
0048ae3f,_toupper,48,1,"__toupper_l"
0048ae6f,FID_conflict:___acrt_errno_from_os_error,67,1,""
0048aeb2,___acrt_errno_map_os_error,35,1,"FID_conflict:___acrt_errno_from_os_error ___doserrno __errno"
0048aed5,___doserrno,19,0,"___acrt_getptd_noexit"
0048aee8,__errno,19,0,"___acrt_getptd_noexit"
0048aefb,make_c_string_character_source<>,27,3,""
0048af16,make_c_string_character_source<>,27,3,""
0048af31,_strtol,44,3,"make_c_string_character_source<> parse_integer<unsigned_long,__crt_strtox::c_string_character_source<char>_>"
0048af5d,strtoull,44,3,"make_c_string_character_source<> parse_integer<unsigned___int64,__crt_strtox::c_string_character_source<char>_>"
0048af89,wcstoull,44,3,"make_c_string_character_source<> parse_integer<unsigned___int64,__crt_strtox::c_string_character_source<wchar_t>_>"
0048afb5,__mbtowc_l,324,4,"_LocaleUpdate ___acrt_MultiByteToWideChar __errno __isleadbyte_l __mbrtowc_utf8"
0048b0f9,_mbtowc,26,3,"__mbtowc_l"
0048b113,__wctomb_s_l,349,5,"FUN_004892b7 GetLastError _LocaleUpdate ___acrt_WideCharToMultiByte __c32rtomb_utf8 __errno _memset"
0048b270,_wctomb_s,29,4,"__wctomb_s_l"
0048b28d,FUN_0048b28d,290,2,""
0048b3af,FUN_0048b3af,432,2,""
0048b55f,operator()<<lambda_15ade71b0218206bbe3333a0c9b79046>,<lambda_da44e0f8b0f19ba52fefafb335991732>&,<lambda_207f2d024fc103971653565357d6cd41>_>,60,4,"FUN_0048b59b __SEH_epilog4 __SEH_prolog4 ___acrt_lock"
0048b59b,FUN_0048b59b,12,0,"___acrt_unlock"
0048b5a7,operator()<<lambda_38edbb1296d33220d7e4dd0ed76b244a>,<lambda_5ce1d447e08cb34b2473517608e21441>&,<lambda_fb385d3da700c9147fc39e65dd577a8c>_>,85,4,"FID_conflict:_free FUN_0048b5fc __SEH_epilog4 __SEH_prolog4 ___acrt_lock"
0048b5fc,FUN_0048b5fc,12,0,"___acrt_unlock"
0048b608,operator()<<lambda_6affb1475c98b40b75cdec977db92e3c>,<lambda_b8d4b9c228a6ecc3f80208dbb4b4a104>&,<lambda_608742c3c92a14382c1684fc64f96c88>_>,63,4,"FUN_0048b647 __SEH_epilog4 __SEH_prolog4 ___acrt_lock replace_current_thread_locale_nolock"
0048b647,FUN_0048b647,12,0,"___acrt_unlock"
0048b653,operator()<<lambda_a7e850c220f1c8d1e6efeecdedd162c6>,<lambda_46720907175c18b6c9d2717bc0d2d362>&,<lambda_9048902d66e8d99359bc9897bbb930a8>_>,68,4,"FUN_0048b697 __SEH_epilog4 __SEH_prolog4 ___acrt_lock replace_current_thread_locale_nolock"
0048b697,FUN_0048b697,12,0,"___acrt_unlock"
0048b6a3,construct_ptd,155,2,"operator()<<lambda_15ade71b0218206bbe3333a0c9b79046>,<lambda_da44e0f8b0f19ba52fefafb335991732>&,<lambda_207f2d024fc103971653565357d6cd41>_> operator()<<lambda_a7e850c220f1c8d1e6efeecdedd162c6>,<lambda_46720907175c18b6c9d2717bc0d2d362>&,<lambda_9048902d66e8d99359bc9897bbb930a8>_>"
0048b73e,destroy_fls,33,1,"FID_conflict:_free destroy_ptd"
0048b75f,destroy_ptd,207,1,"FID_conflict:_free operator()<<lambda_38edbb1296d33220d7e4dd0ed76b244a>,<lambda_5ce1d447e08cb34b2473517608e21441>&,<lambda_fb385d3da700c9147fc39e65dd577a8c>_> operator()<<lambda_6affb1475c98b40b75cdec977db92e3c>,<lambda_b8d4b9c228a6ecc3f80208dbb4b4a104>&,<lambda_608742c3c92a14382c1684fc64f96c88>_>"
0048b82e,replace_current_thread_locale_nolock,75,2,"___acrt_add_locale_ref ___acrt_free_locale ___acrt_release_locale_ref"
0048b879,FUN_0048b879,188,0,"FID_conflict:_free FUN_0048a8d8 GetLastError SetLastError ___acrt_FlsGetValue@4 ___acrt_FlsSetValue@8 __calloc_base construct_ptd"
0048b936,FUN_0048b936,153,0,"FID_conflict:_free FUN_0048a8d8 ___acrt_FlsGetValue@4 ___acrt_FlsSetValue@8 __calloc_base construct_ptd"
0048b9d0,___acrt_getptd_noexit,181,0,"FID_conflict:_free GetLastError SetLastError ___acrt_FlsGetValue@4 ___acrt_FlsSetValue@8 __calloc_base construct_ptd"
0048bab1,FUN_0048bab1,26,0,"___acrt_FlsFree@4"
0048bacb,___acrt_update_locale_info,45,2,"FUN_00490352"
0048baf8,___acrt_update_multibyte_info,45,2,"___acrt_update_thread_multibyte_data"
0048bb25,__acrt_fp_classify,98,1,""
0048bb87,fp_format_a,795,9,"FUN_0047c690 FUN_004892b7 _LocaleUpdate __alldvrm __aullshr __errno _memset fp_format_e"
0048bea2,fp_format_e,164,9,"FUN_0048bf46 FUN_00490ea9 ___acrt_fp_strflt_to_string"
0048bf46,FUN_0048bf46,329,8,"FUN_0047e360 FUN_004892b7 _LocaleUpdate __errno __invoke_watson _strcpy_s shift_bytes"
0048c090,fp_format_f,141,7,"FUN_00490ea9 ___acrt_fp_strflt_to_string fp_format_f_internal"
0048c11d,fp_format_f_internal,211,6,"_LocaleUpdate _memset shift_bytes"
0048c1f0,fp_format_g,195,9,"FUN_0048bf46 FUN_00490ea9 ___acrt_fp_strflt_to_string fp_format_f_internal"
0048c2b3,FUN_0048c2b3,244,5,"__invoke_watson __security_check_cookie _strcpy_s"
0048c3a8,shift_bytes,52,4,"FUN_0047e360"
0048c3dc,___acrt_fp_format,317,10,"FUN_004892b7 FUN_0048c2b3 __acrt_fp_classify __errno fp_format_a fp_format_e fp_format_f fp_format_g"
0048c519,__fileno,39,1,"FUN_004892b7 __errno"
0048c654,__lock_file,20,1,"EnterCriticalSection"
0048c668,FUN_0048c668,20,1,"LeaveCriticalSection"
0048c67c,__get_printf_count_output,21,0,""
0048c691,initialize_inherited_file_handles_nolock,184,0,"GetFileType GetStartupInfoW ___acrt_lowio_ensure_fh_exists"
0048c749,FUN_0048c749,180,0,"GetFileType GetStdHandle"
0048c84a,FUN_0048c84a,9,0,"___acrt_unlock"
0048c87f,__calloc_base,93,2,"FUN_0048a83d HeapAlloc __callnewh __errno"
0048c8dc,try_get_AreFileApisANSI,26,0,"try_get_function"
0048c8f6,try_get_CompareStringEx,26,0,"try_get_function"
0048c910,try_get_LCMapStringEx,26,0,"try_get_function"
0048c92a,try_get_LocaleNameToLCID,26,0,"try_get_function"
0048c944,try_get_first_available_module,201,2,"FreeLibrary GetLastError LoadLibraryExW _wcsncmp"
0048ca0d,try_get_function,131,4,"GetProcAddress __crt_fast_encode_pointer<void*> try_get_first_available_module"
0048ca90,___acrt_AppPolicyGetProcessTerminationMethodInternal@4,64,1,"guard_check_icall try_get_function"
0048cad0,___acrt_AppPolicyGetThreadInitializationTypeInternal@4,64,1,"guard_check_icall try_get_function"
0048cb10,___acrt_AreFileApisANSI@0,31,0,"guard_check_icall try_get_AreFileApisANSI"
0048cb2f,___acrt_CompareStringEx@36,93,9,"CompareStringW ___acrt_LocaleNameToLCID@8 guard_check_icall try_get_CompareStringEx"
0048cb8c,___acrt_FlsAlloc@4,63,1,"TlsAlloc guard_check_icall try_get_function"
0048cbcb,___acrt_FlsFree@4,63,1,"guard_check_icall try_get_function"
0048cc0a,___acrt_FlsGetValue@4,63,1,"guard_check_icall try_get_function"
0048cc49,___acrt_FlsSetValue@8,66,2,"guard_check_icall try_get_function"
0048cc8b,___acrt_GetSystemTimePreciseAsFileTime@4,63,1,"guard_check_icall try_get_function"
0048ccca,___acrt_InitializeCriticalSectionEx@12,75,3,"InitializeCriticalSectionAndSpinCount guard_check_icall try_get_function"
0048cd15,___acrt_LCMapStringEx@36,93,9,"LCMapStringW ___acrt_LocaleNameToLCID@8 guard_check_icall try_get_LCMapStringEx"
0048cd72,___acrt_LocaleNameToLCID@8,49,2,"___acrt_DownlevelLocaleNameToLCID guard_check_icall try_get_LocaleNameToLCID"
0048cda3,___acrt_RoInitialize@4,59,1,"guard_check_icall try_get_function"
0048cdde,___acrt_RoUninitialize@0,46,0,"guard_check_icall try_get_function"
0048ce37,___acrt_uninitialize_winapi_thunks,54,1,"FreeLibrary"
0048ce6d,___acrt_get_begin_thread_init_policy,70,0,"___acrt_AppPolicyGetThreadInitializationTypeInternal@4"
0048ceb3,___acrt_get_process_end_policy,51,0,"___acrt_AppPolicyGetProcessTerminationMethodInternal@4"
0048cee6,___pctype_func,38,0,"FUN_0048b879 ___acrt_update_locale_info"
0048cf0c,_iswctype,107,2,"___acrt_GetStringTypeW"
0048cf77,__isctype_l,213,3,"_LocaleUpdate ___acrt_GetStringTypeA __isleadbyte_l __security_check_cookie"
0048d04c,___acrt_SetEnvironmentVariableA,151,2,"FID_conflict:_free SetEnvironmentVariableW __acrt_get_utf8_acp_compatibility_codepage __acrt_mbs_to_wcs_cp<__crt_win32_buffer_internal_dynamic_resizing>"
0048d0e3,___acrt_SetCurrentDirectoryA,87,1,"FID_conflict:_free SetCurrentDirectoryW __acrt_get_utf8_acp_compatibility_codepage __acrt_mbs_to_wcs_cp<__crt_win32_buffer_internal_dynamic_resizing>"
0048d13a,___acrt_WideCharToMultiByte,173,8,"WideCharToMultiByte"
0048d1e7,fegetround,13,0,"___acrt_fenv_get_common_round_control ___acrt_fenv_get_control"
0048d21f,FUN_0048d21f,6,0,""
0048d225,FUN_0048d225,6,0,""
0048d22b,FUN_0048d22b,6,0,""
0048d231,FUN_0048d231,6,0,""
0048d237,FUN_0048d237,44,1,"FUN_004892b7 __errno"
0048d263,FUN_0048d263,44,1,"FUN_004892b7 __errno"
0048d28f,FUN_0048d28f,44,1,"FUN_004892b7 __errno"
0048d2bb,__crt_time_elapsed_leap_years<int>,58,1,""
0048d2f5,__crt_time_is_leap_year<int>,66,1,""
0048d337,common_gmtime_s<__int64>,332,2,"FUN_004892b7 __alldiv __errno compute_year"
0048d483,compute_year,187,2,"__alldiv __crt_time_elapsed_leap_years<int> __crt_time_is_leap_year<int>"
0048d53e,___getgmtimebuf,62,0,"FID_conflict:_free ___acrt_getptd_noexit __errno __malloc_base"
0048d57c,FUN_0048d57c,11,2,"common_gmtime_s<__int64>"
0048d587,FUN_0048d587,539,1,"FUN_0048d237 FUN_0048d7a3 __invoke_watson"
0048d7a3,FUN_0048d7a3,321,11,"FUN_0048d263 __crt_time_elapsed_leap_years<int> __crt_time_is_leap_year<int> __invoke_watson"
0048d8e5,FUN_0048d8e5,476,1,"FID_conflict:_atoi FID_conflict:_free FUN_0048d21f FUN_0048d22b FUN_0048d231 FUN_0048d237 FUN_0048d28f FUN_00492cb2 __invoke_watson __malloc_base _strcpy_s"
0048dac2,FUN_0048dac2,348,0,"FID_conflict:_free FUN_0048d21f FUN_0048d225 FUN_0048d22b FUN_0048d231 FUN_0048d237 FUN_0048d263 FUN_0048d28f GetTimeZoneInformation ____lc_codepage_func ___acrt_WideCharToMultiByte __invoke_watson"
0048dc1f,tzset_nolock,224,0,"FID_conflict:_free FUN_0048d8e5 FUN_0048dac2 FUN_00492bf4 __malloc_base __security_check_cookie"
0048dcff,___tzset,74,0,"FUN_0048dd49 __SEH_epilog4 __SEH_prolog4 ___acrt_lock tzset_nolock"
0048dd49,FUN_0048dd49,9,0,"___acrt_unlock"
0048dd52,__isindst,62,1,"FUN_0048d587 FUN_0048dd93 __SEH_epilog4 __SEH_prolog4 ___acrt_lock"
0048dd93,FUN_0048dd93,9,0,"___acrt_unlock"
0048dd9c,___acrt_MultiByteToWideChar,124,6,"MultiByteToWideChar"
0048de18,__wmkdir,42,1,"CreateDirectoryW GetLastError ___acrt_errno_map_os_error"
0048de83,___acrt_lock,23,1,"EnterCriticalSection"
0048de9a,FUN_0048de9a,49,0,"DeleteCriticalSection"
0048decb,___acrt_unlock,23,1,"LeaveCriticalSection"
0048dee2,FUN_0048dee2,24,2,""
0048defa,__acrt_convert_wcs_mbs_cp<wchar_t,char,<lambda_28bda7af82a03b66c1cb3803a755f95d>,__crt_win32_buffer_internal_dynamic_resizing>,207,4,"GetLastError ___acrt_WideCharToMultiByte ___acrt_errno_map_os_error __errno allocate deallocate"
0048dfc9,FUN_0048dfc9,496,2,"FID_conflict:_free FUN_004892b7 FUN_0048e1ba FUN_00492cb2 ___acrt_allocate_buffer_for_argv __errno __invoke_watson _strpbrk expand_argument_wildcards<char>"
0048e1ba,FUN_0048e1ba,178,4,"FID_conflict:_free FUN_00492cb2 __calloc_base __invoke_watson expand_if_necessary"
0048e26d,expand_argument_wildcards<char>,601,3,"FID_conflict:_free FUN_0048e1ba FindClose FindFirstFileExW FindNextFileW __acrt_convert_wcs_mbs_cp<wchar_t,char,<lambda_28bda7af82a03b66c1cb3803a755f95d>,__crt_win32_buffer_internal_dynamic_resizing> __acrt_get_utf8_acp_compatibility_codepage __acrt_mbs_to_wcs_cp<__crt_win32_buffer_internal_dynamic_resizing> __mbsdec __security_check_cookie _qsort"
0048e4c6,expand_if_necessary,135,1,"FID_conflict:_free __calloc_base __recalloc_base"
0048e54d,FUN_0048e54d,11,2,"FUN_0048dfc9"
0048e558,__acrt_convert_wcs_mbs_cp<wchar_t,char,<lambda_0fec1a7b3f42a53036604e18c2d5e07e>,__crt_win32_buffer_no_resizing>,199,4,"GetLastError ___acrt_WideCharToMultiByte ___acrt_errno_map_os_error __errno allocate set_to_nullptr"
0048e61f,allocate,39,2,"__errno"
0048e646,set_to_nullptr,20,1,""
0048e65a,___acrt_GetModuleFileNameA,163,3,"GetLastError GetModuleFileNameW ___acrt_errno_map_os_error __acrt_convert_wcs_mbs_cp<wchar_t,char,<lambda_0fec1a7b3f42a53036604e18c2d5e07e>,__crt_win32_buffer_no_resizing> __acrt_get_utf8_acp_compatibility_codepage __security_check_cookie"
0048e6fd,operator()<<lambda_ceb1ee4838e85a9d631eb091e2fbe199>,<lambda_ae742caa10f662c28703da3d2ea5e57e>&,<lambda_cd08b5d6af4937fe54fc07d0c9bf6b37>_>,55,4,"FUN_0048e734 __SEH_epilog4 __SEH_prolog4 ___acrt_lock operator()"
0048e734,FUN_0048e734,12,0,"___acrt_unlock"
0048e740,operator(),131,1,"FID_conflict:_free _memcpy_s"
0048e7c3,CPtoLocaleName,62,1,""
0048e801,getSystemCP,115,1,"GetACP GetOEMCP _LocaleUpdate"
0048e874,setSBCS,101,1,"_memset"
0048e8d9,setSBUpLow,387,1,"GetCPInfo ___acrt_GetStringTypeA ___acrt_LCMapStringA __security_check_cookie"
0048ea5c,setmbcp_internal,283,4,"FID_conflict:_free FUN_0048eb77 ___acrt_set_locale_changed __errno __malloc_base __setmbcp_nolock getSystemCP operator()<<lambda_ceb1ee4838e85a9d631eb091e2fbe199>,<lambda_ae742caa10f662c28703da3d2ea5e57e>&,<lambda_cd08b5d6af4937fe54fc07d0c9bf6b37>_>"
0048eb77,FUN_0048eb77,129,2,"FID_conflict:_free FUN_0048a8d8 FUN_0048ebf6 FUN_0048ebff __SEH_prolog4 ___acrt_lock"
0048ebf6,FUN_0048ebf6,9,0,"___acrt_unlock"
0048ebff,FUN_0048ebff,8,0,"__SEH_epilog4"
0048ec0d,___acrt_initialize_multibyte,72,0,"FUN_0048b936 setmbcp_internal"
0048ec55,___acrt_update_thread_multibyte_data,19,0,"FUN_0048b879 FUN_0048eb77"
0048ec68,__setmbcp_nolock,501,2,"CPtoLocaleName GetCPInfo IsValidCodePage __security_check_cookie _memset getSystemCP setSBCS setSBUpLow"
0048ee5d,_memcpy_s,129,4,"FUN_0047ea20 FUN_004892b7 __errno _memset"
0048eede,x_ismbbtype_l,89,4,"_LocaleUpdate"
0048ef37,__ismbblead,24,1,"x_ismbbtype_l"
0048ef6b,find_end_of_double_null_terminated_sequence,55,1,""
0048efa2,___dcrt_get_narrow_environment_from_os,134,0,"FID_conflict:_free FreeEnvironmentStringsW GetEnvironmentStringsW ___acrt_WideCharToMultiByte __malloc_base find_end_of_double_null_terminated_sequence"
0048f028,FUN_0048f028,575,2,"FID_conflict:_free FUN_0047c7d0 FUN_0048f31a ___acrt_SetEnvironmentVariableA __calloc_base __errno __invoke_watson __recalloc_base _strcpy_s common_get_or_create_environment_nolock<char> find_in_environment_nolock<char>"
0048f268,FUN_0048f268,177,1,"FID_conflict:_free FUN_0048a8d8 __calloc_base __invoke_watson _strcpy_s"
0048f31a,FUN_0048f31a,26,0,"FUN_0048f268"
0048f334,find_in_environment_nolock<char>,85,2,"__strnicoll"
0048f389,FUN_0048f389,11,2,"FUN_0048f028"
0048f394,__recalloc_base,109,3,"FID_conflict:__msize_base __errno __realloc_base _memset"
0048f41c,___acrt_execute_initializers,104,2,"guard_check_icall"
0048f484,___acrt_execute_uninitializers,49,2,"guard_check_icall"
0048f4b5,operator()<<lambda_cbab9ec6f41b0180b23cc171c22676b0>,<lambda_44731a7d0e6d81c3e6aa82d741081786>&,<lambda_4b292cb8dd18144e164572427af410ab>_>,75,4,"FUN_0048f503 __SEH_epilog4 __SEH_prolog4 ___acrt_lock"
0048f503,FUN_0048f503,12,0,"___acrt_unlock"
0048f50f,get_global_action_nolock,66,1,""
0048f551,siglookup,40,2,""
0048f579,___acrt_get_sigabrt_handler,41,0,"operator()<<lambda_cbab9ec6f41b0180b23cc171c22676b0>,<lambda_44731a7d0e6d81c3e6aa82d741081786>&,<lambda_4b292cb8dd18144e164572427af410ab>_>"
0048f5a2,FUN_0048f5a2,30,1,""
0048f5c0,FUN_0048f5c0,9,0,"FUN_0048b879"
0048f5c9,FUN_0048f5c9,462,1,"FID_conflict:__Exit FUN_004892b7 FUN_0048b879 FUN_0048f5c0 FUN_0048f753 __SEH_epilog4 __SEH_prolog4 ___acrt_getptd_noexit ___acrt_lock ___acrt_unlock __errno get_global_action_nolock guard_check_icall siglookup"
0048f753,FUN_0048f753,15,0,"___acrt_unlock"
0048f7b0,operator()<<lambda_2866be3712abc81a800a822484c830d8>,<lambda_39ca0ed439415581b5b15c265174cece>&,<lambda_2b24c74d71094a6cd0cb82e44167d71b>_>,118,4,"FUN_0048f826 __SEH_epilog4 __SEH_prolog4 __fflush_nolock __lock_file common_flush_all_should_try_to_flush_stream"
0048f826,FUN_0048f826,12,0,"FUN_0048c668"
0048f832,operator()<<lambda_2cc53f568c5a2bb6f192f930a45d44ea>,<lambda_ab61a845afdef5b7c387490eaf3616ee>&,<lambda_c2ffc0b7726aa6be21d5f0026187e748>_>,150,4,"FUN_0048f8c8 __SEH_epilog4 __SEH_prolog4 ___acrt_lock common_flush_all_should_try_to_flush_stream operator()<<lambda_2866be3712abc81a800a822484c830d8>,<lambda_39ca0ed439415581b5b15c265174cece>&,<lambda_2b24c74d71094a6cd0cb82e44167d71b>_>"
0048f8c8,FUN_0048f8c8,12,0,"___acrt_unlock"
0048f8d4,common_flush_all,79,1,"operator()<<lambda_2cc53f568c5a2bb6f192f930a45d44ea>,<lambda_ab61a845afdef5b7c387490eaf3616ee>&,<lambda_c2ffc0b7726aa6be21d5f0026187e748>_>"
0048f923,common_flush_all_should_try_to_flush_stream,51,2,"is_stream_flushable_or_commitable"
0048f956,is_stream_flushable_or_commitable,37,1,""
0048f97b,___acrt_stdio_flush_nolock,101,1,"__fileno __write"
0048f9e0,__fflush_nolock,72,1,"___acrt_stdio_flush_nolock __commit __fileno common_flush_all"
0048fa28,__flushall,9,0,"common_flush_all"
0048fa31,___acrt_lowio_create_handle_array,125,0,"FID_conflict:_free ___acrt_InitializeCriticalSectionEx@12 __calloc_base"
0048faae,___acrt_lowio_destroy_handle_array,53,1,"DeleteCriticalSection FID_conflict:_free"
0048fae3,___acrt_lowio_ensure_fh_exists,136,1,"FUN_004892b7 FUN_0048fb6e __SEH_epilog4 __SEH_prolog4 ___acrt_lock ___acrt_lowio_create_handle_array __errno"
0048fb6e,FUN_0048fb6e,9,0,"___acrt_unlock"
0048fb77,___acrt_lowio_lock_fh,35,1,"EnterCriticalSection"
0048fb9a,___acrt_lowio_unlock_fh,35,1,"LeaveCriticalSection"
0048fbbd,__free_osfhnd,145,1,"FUN_0048a59c SetStdHandle ___doserrno __errno"
0048fc4e,__get_osfhandle,106,1,"FUN_004892b7 ___doserrno __errno"
0048fcb8,____lc_codepage_func,39,0,"FUN_0048b879 ___acrt_update_locale_info"
0048fcdf,___acrt_locale_free_monetary,254,1,"FID_conflict:_free"
0048fddd,___acrt_locale_free_numeric,105,1,"FID_conflict:_free"
0048fe46,free_crt_array_internal,56,2,"FID_conflict:_free"
0048fe7e,___acrt_locale_free_time,228,1,"FID_conflict:_free free_crt_array_internal"
0048ff62,___acrt_GetStringTypeA,261,7,"GetStringTypeW _LocaleUpdate ___acrt_MultiByteToWideChar __alloca_probe_16 __freea_crt __malloc_base __security_check_cookie _memset"
00490067,__freea_crt,32,1,"FID_conflict:_free"
00490087,___acrt_add_locale_ref,125,1,"___acrt_locale_add_lc_time_reference"
00490104,___acrt_free_locale,330,1,"FID_conflict:_free ___acrt_locale_free_lc_time_if_unreferenced ___acrt_locale_free_monetary ___acrt_locale_free_numeric"
0049024e,___acrt_locale_add_lc_time_reference,41,1,""
00490277,___acrt_locale_free_lc_time_if_unreferenced,49,1,"FID_conflict:_free ___acrt_locale_free_time"
004902a8,___acrt_locale_release_lc_time_reference,41,1,""
004902d1,___acrt_release_locale_ref,129,1,"___acrt_locale_release_lc_time_reference"
00490352,FUN_00490352,98,0,"FUN_0048a8d8 FUN_0048b879 FUN_004903b2 FUN_004903bb __SEH_prolog4 ___acrt_lock __updatetlocinfoEx_nolock"
004903b2,FUN_004903b2,9,0,"___acrt_unlock"
004903bb,FUN_004903bb,8,0,"__SEH_epilog4"
004903c9,__updatetlocinfoEx_nolock,80,2,"___acrt_add_locale_ref ___acrt_free_locale ___acrt_release_locale_ref"
00490419,___hw_cw_sse2,167,1,""
004904c0,__clearfp,224,0,""
004905a0,__control87,767,2,"___hw_cw_sse2 ___set_fpsr_sse2 __hw_cw"
0049089f,__hw_cw,158,1,""
0049093d,__isleadbyte_l,60,2,"_LocaleUpdate ___acrt_locale_get_ctype_array_value"
00490979,__acrt_LCMapStringA_stat,492,9,"___acrt_LCMapStringEx@36 ___acrt_MultiByteToWideChar ___acrt_WideCharToMultiByte ___strncnt __alloca_probe_16 __freea_crt __malloc_base __security_check_cookie"
00490b65,___acrt_LCMapStringA,75,9,"_LocaleUpdate __acrt_LCMapStringA_stat"
00490bb0,operator(),44,2,""
00490bdc,__mbrtowc_utf8,66,4,"__mbrtoc32_utf8"
00490c1e,__mbsrtowcs_utf8,253,4,"__errno __mbrtoc32_utf8 operator()"
00490d1b,__c32rtomb_utf8,175,3,"return_illegal_sequence"
00490dca,return_illegal_sequence,31,1,"__errno"
00490de9,___acrt_fp_strflt_to_string,192,4,"FUN_0047e360 FUN_004892b7 __errno"
00490ea9,FUN_00490ea9,4955,6,"FUN_0047ea20 FUN_004942f0 FUN_00494400 FUN_00496a40 __acrt_fp_classify __allshl __invoke_watson __security_check_cookie _memcpy_s _memset _strcpy_s divide fegetenv feholdexcept fesetenv"
00492205,_memcpy_s,129,4,"FUN_0047ea20 FUN_004892b7 __errno _memset"
00492286,FUN_00492286,152,0,"DeleteCriticalSection FID_conflict:_free FUN_0049231e FUN_0049462d __SEH_epilog4 __SEH_prolog4 ___acrt_lock"
0049231e,FUN_0049231e,9,0,"___acrt_unlock"
00492327,___acrt_stdio_free_buffer_nolock,64,1,"FID_conflict:_free"
00492367,__isatty,86,1,"FUN_004892b7 __errno"
004923bd,GetTableIndexFromLocaleName,180,1,""
00492471,___acrt_DownlevelLocaleNameToLCID,44,1,"GetTableIndexFromLocaleName"
0049249d,___acrt_GetStringTypeW,25,4,"GetStringTypeW"
004924b6,to_abstract_control,188,1,""
00492572,to_abstract_control,187,1,""
0049262d,to_machine_sse_control,205,1,""
004926fa,to_machine_x87_control,205,1,""
004927c7,___acrt_fenv_get_common_round_control,34,1,""
004927e9,___acrt_fenv_get_control,130,0,"to_abstract_control to_abstract_control"
0049286b,___acrt_fenv_get_status,186,0,""
00492925,___acrt_fenv_set_control,106,1,"to_machine_sse_control to_machine_x87_control"
0049298f,___acrt_fenv_set_status,249,1,""
00492a88,common_getenv_nolock<char>,111,1,"__strnicoll common_get_or_create_environment_nolock<char>"
00492af7,common_getenv_s<>,73,4,"FUN_00492b43 FUN_00492b4c __SEH_epilog4 __SEH_prolog4 ___acrt_lock"
00492b43,FUN_00492b43,9,0,"___acrt_unlock"
00492b4c,FUN_00492b4c,167,4,"FUN_004892b7 __errno __invoke_watson _strcpy_s common_getenv_nolock<char>"
00492bf4,FUN_00492bf4,11,4,"common_getenv_s<>"
00492bff,common_tcsncpy_s<char>,179,4,"FUN_004892b7 __errno"
00492cb2,FUN_00492cb2,11,4,"common_tcsncpy_s<char>"
00492cc0,swap,57,3,""
00492d00,_qsort,1086,4,"FUN_004892b7 __errno __security_check_cookie guard_check_icall swap"
00493150,_strpbrk,64,2,""
00493190,__mbsdec,23,2,"__mbsdec_l"
004931a7,__mbsdec_l,143,3,"FUN_004892b7 _LocaleUpdate __errno"
00493245,__strnicoll,41,3,"__strnicmp __strnicoll_l"
0049326e,__strnicoll_l,202,4,"FUN_004892b7 _LocaleUpdate ___acrt_CompareStringA __errno __strnicmp_l"
00493338,FID_conflict:__msize_base,51,1,"FUN_004892b7 HeapSize __errno"
0049336b,__realloc_base,105,2,"FID_conflict:_free FUN_0048a83d HeapReAlloc __callnewh __errno __malloc_base"
004933d4,operator()<<lambda_9e9de3de5fa147e2223d7db92bc10aa6>,<lambda_38ce7e780aa69e748d6df282ebc68efe>&,<lambda_8ca6da459f0f6780f1cff60fdc3d00e5>_>,137,4,"FUN_00493460 FlushFileBuffers GetLastError __SEH_epilog4 __SEH_prolog4 ___acrt_lowio_lock_fh ___doserrno __errno __get_osfhandle"
00493460,FUN_00493460,12,0,"___acrt_lowio_unlock_fh"
0049346c,__commit,127,1,"FUN_004892b7 __errno operator()<<lambda_9e9de3de5fa147e2223d7db92bc10aa6>,<lambda_38ce7e780aa69e748d6df282ebc68efe>&,<lambda_8ca6da459f0f6780f1cff60fdc3d00e5>_>"
004934eb,write_double_translated_ansi_nolock,940,3,"FUN_0047ea20 GetConsoleCP GetLastError WriteFile _LocaleUpdate ___acrt_WideCharToMultiByte ___pctype_func __mbsrtowcs_utf8 __security_check_cookie _mbtowc"
00493897,write_double_translated_unicode_nolock,106,2,"GetLastError __putwch_nolock"
00493901,write_requires_double_translation_nolock,115,1,"FUN_0048b879 GetConsoleMode __isatty"
00493974,write_text_ansi_nolock,221,3,"GetLastError WriteFile __alloca_probe __security_check_cookie"
00493a51,write_text_utf16le_nolock,235,3,"GetLastError WriteFile __alloca_probe __security_check_cookie"
00493b3c,write_text_utf8_nolock,308,3,"GetLastError WriteFile ___acrt_WideCharToMultiByte __alloca_probe __security_check_cookie"
00493c70,__write,218,3,"FUN_004892b7 FUN_00493d2f __SEH_epilog4 __SEH_prolog4 ___acrt_lowio_lock_fh ___doserrno __errno __write_nolock"
00493d2f,FUN_00493d2f,8,0,"___acrt_lowio_unlock_fh"
00493d58,__write_nolock,484,3,"FUN_004892b7 GetLastError WriteFile ___acrt_errno_map_os_error ___doserrno __errno __lseeki64_nolock write_double_translated_ansi_nolock write_double_translated_unicode_nolock write_requires_double_translation_nolock write_text_ansi_nolock write_text_utf16le_nolock write_text_utf8_nolock"
00493f3c,___set_fpsr_sse2,70,1,"__SEH_epilog4 __SEH_prolog4"
00493fb2,__clrfp,19,0,""
00493fc5,__ctrlfp,44,0,""
00493ff1,FUN_00493ff1,91,0,""
0049404c,__statfp,18,0,""
0049405e,___strncnt,28,2,""
0049407a,__mbrtoc32_utf8,436,4,"__security_check_cookie return_illegal_sequence"
0049422e,fegetenv,29,1,"___acrt_fenv_get_control ___acrt_fenv_get_status"
0049424b,fesetenv,77,1,"___acrt_fenv_set_control ___acrt_fenv_set_status fegetenv"
00494298,feholdexcept,79,1,"__clearfp fegetenv fesetenv"
004942f0,FUN_004942f0,79,0,"FUN_00494348 FUN_00494af0 FUN_00495278"
00494348,FUN_00494348,197,2,"FUN_0049521c __math_exit __startOneArgErrorHandling"
00494400,FUN_00494400,468,1,"FUN_00495c1a ___libm_error_support __ctrlfp __except1 __sptype"
0049451d,common_lseek_nolock<__int64>,126,3,"GetLastError SetFilePointerEx ___acrt_errno_map_os_error __errno __get_osfhandle"
0049459b,__lseeki64_nolock,27,3,"common_lseek_nolock<__int64>"
004945b6,__fclose_nolock,119,1,"FID_conflict:_free FUN_004892b7 ___acrt_stdio_flush_nolock ___acrt_stdio_free_buffer_nolock __acrt_stdio_free_stream __close __errno __fileno"
0049462d,FUN_0049462d,109,1,"FUN_004892b7 FUN_0049469d __SEH_epilog4 __SEH_prolog4 __acrt_stdio_free_stream __errno __fclose_nolock __lock_file"
0049469d,FUN_0049469d,10,0,"FUN_0048c668"
004946a7,__strnicmp,109,3,"FUN_004892b7 ___ascii_strnicmp __errno __strnicmp_l"
00494714,__strnicmp_l,183,4,"FUN_004892b7 _LocaleUpdate ___ascii_strnicmp __errno __tolower_l"
004947cb,InternalCompareStringA,653,8,"GetCPInfo ___acrt_CompareStringEx@36 ___acrt_MultiByteToWideChar ___strncnt __alloca_probe_16 __freea_crt __malloc_base __security_check_cookie"
00494a58,___acrt_CompareStringA,72,8,"InternalCompareStringA _LocaleUpdate"
00494aa0,__putwch_nolock,52,1,"___dcrt_lowio_ensure_console_output_initialized ___dcrt_write_console"
00494af0,FUN_00494af0,24,0,"FUN_00494b0e"
00494b0e,FUN_00494b0e,614,1,"___libm_error_support"
00494f90,__trandisp1,117,2,"guard_check_icall"
00495005,__trandisp2,154,2,"guard_check_icall"
004951dd,FUN_004951dd,7,0,""
00495205,FUN_00495205,23,0,""
0049521c,FUN_0049521c,25,0,""
00495235,__fload_withFB,67,2,""
00495278,FUN_00495278,22,2,""
0049529b,__math_exit,42,5,"__startOneArgErrorHandling"
00495380,FUN_00495380,23,8,""
00495397,__startOneArgErrorHandling,60,6,"__87except"
004953d3,___libm_error_support,502,4,"DecodePointer __errno guard_check_icall"
00495680,operator()<<lambda_218ce3db14220d0be481dae8ef3383b6>,<lambda_628dfdc04ba53c8bfc02c9951375f3f5>&,<lambda_57dc472bd5c9d5f3b2cbca59b8a843ae>_>,115,4,"FUN_004956f6 __SEH_epilog4 __SEH_prolog4 ___acrt_lowio_lock_fh __close_nolock __errno"
004956f6,FUN_004956f6,12,0,"___acrt_lowio_unlock_fh"
00495702,__close,143,1,"FUN_004892b7 ___doserrno __errno operator()<<lambda_218ce3db14220d0be481dae8ef3383b6>,<lambda_628dfdc04ba53c8bfc02c9951375f3f5>&,<lambda_57dc472bd5c9d5f3b2cbca59b8a843ae>_>"
00495791,__close_nolock,156,1,"CloseHandle GetLastError ___acrt_errno_map_os_error __free_osfhnd __get_osfhandle"
0049582d,__acrt_stdio_free_stream,59,1,""
00495870,___ascii_strnicmp,97,3,""
004958d1,__dcrt_lowio_initialize_console_output,31,0,"CreateFileW"
004958f0,___dcrt_lowio_ensure_console_output_initialized,31,0,"__dcrt_lowio_initialize_console_output"
0049590f,FID_conflict:___dcrt_terminate_console_output,23,0,"CloseHandle"
00495926,___dcrt_write_console,85,3,"FID_conflict:___dcrt_terminate_console_output GetLastError WriteConsoleW __dcrt_lowio_initialize_console_output"
0049597b,FUN_0049597b,106,1,"FUN_00495c1a __fpclass"
004959e5,FUN_004959e5,299,5,"FUN_0049597b"
00495b10,__87except,266,3,"FUN_00495d32 ___acrt_has_user_matherr ___acrt_invoke_user_matherr __ctrlfp __raise_exc __security_check_cookie __set_errno_from_matherr"
00495c1a,FUN_00495c1a,22,1,""
00495c30,__errcode,52,1,""
00495c64,__except1,206,5,"FUN_00495d32 ___acrt_has_user_matherr __ctrlfp __errcode __raise_exc_ex __security_check_cookie __set_errno_from_matherr __umatherr"
00495d32,FUN_00495d32,493,3,"FUN_00493ff1 FUN_00496309"
00495f1f,__raise_exc,35,6,"__raise_exc_ex"
00495f42,__raise_exc_ex,758,7,"RaiseException __clrfp __statfp"
00496238,__set_errno_from_matherr,47,1,"__errno"
00496267,__umatherr,162,8,"___acrt_invoke_user_matherr __ctrlfp __set_errno_from_matherr"
00496309,FUN_00496309,222,3,"__set_exp"
004963e7,__set_exp,47,2,""
00496416,__sptype,94,2,""
00496474,__fpclass,164,1,"__sptype"
00496518,IsProcessorFeaturePresent,6,1,""
00496520,__FindPESection,67,2,""
00496570,__IsNonwritableInCurrentImage,164,1,"__FindPESection __ValidateImageBase"
00496630,__ValidateImageBase,51,1,""
00496663,__EH_prolog3_catch,55,1,""
004966a0,__aulldvrm,149,4,""
00496740,__allmul,52,4,""
00496780,__allshl,31,2,""
004967a0,__aullshr,31,2,""
004967c0,__alldiv,170,4,""
00496870,__alldvrm,223,4,""
00496950,__allrem,178,4,""
00496a10,__alloca_probe_16,22,0,"__alloca_probe"
00496a26,__alloca_probe_8,22,0,"__alloca_probe"
00496a40,FUN_00496a40,145,2,""
00496b00,__alloca_probe,45,0,""
00496b2d,__filter_x86_sse2_floating_point_exception_default,120,1,""
00496ce3,FUN_00496ce3,132,0,""
00496e40,FUN_00496e40,39,0,""
00496e70,FUN_00496e70,10,1,"__cintrindisp2"
00496e80,FUN_00496e80,10,1,"__cintrindisp2"
00496ea0,FUN_00496ea0,1311,1,"FUN_0049825f ___libm_error_support"
004973c0,FUN_004973c0,747,1,"FUN_0049836f"
004976b0,FUN_004976b0,440,1,"FUN_0049844f"
00497870,FUN_00497870,453,1,"FUN_0049853f"
00497a40,__libm_sse2_sqrt_precise,254,1,"FUN_004985e0 ___libm_error_support"
00497b40,FUN_00497b40,605,1,"FUN_0049863f"
00497db0,FUN_00497db0,436,1,"FUN_00495c1a __ctrlfp __except1 __sptype"
00497f20,FUN_00497f20,9,0,""
00497f70,__cintrindisp2,80,2,"FUN_00498051 ___acrt_has_user_matherr __trandisp2"
00497fc0,__cintrindisp1,73,2,"FUN_00498051 ___acrt_has_user_matherr __trandisp1"
00498009,__ctrandisp2,65,4,"FUN_0049804a __fload __trandisp2"
0049804a,FUN_0049804a,7,0,""
00498051,FUN_00498051,327,0,"__87except"
00498198,__ctrandisp1,51,2,"FUN_0049804a __fload __trandisp1"
004981cb,__fload,60,2,""
0049825f,FUN_0049825f,183,3,"FUN_00495205 FUN_0049521c __fload_withFB __math_exit __startOneArgErrorHandling"
0049836f,FUN_0049836f,134,3,"FUN_0049521c __fload_withFB __math_exit __startOneArgErrorHandling"
0049844f,FUN_0049844f,147,3,"__fload_withFB __math_exit __startOneArgErrorHandling"
0049853f,FUN_0049853f,147,3,"__fload_withFB __math_exit __startOneArgErrorHandling"
004985e0,FUN_004985e0,14,3,"FUN_00499354 __fload_withFB"
0049863f,FUN_0049863f,151,3,"__fload_withFB __math_exit __startOneArgErrorHandling"
00498790,FUN_00498790,24,0,"FUN_004987ae"
004987ae,FUN_004987ae,1334,1,"___libm_error_support"
00498cf0,FUN_00498cf0,24,0,"FUN_00498d0e"
00498d0e,FUN_00498d0e,681,1,""
00498fc0,FUN_00498fc0,24,1,"FUN_00498fde"
00498fde,FUN_00498fde,395,3,"FUN_0049844f"
00499170,FUN_00499170,24,1,"FUN_0049918e"
0049918e,FUN_0049918e,425,3,"FUN_0049853f"
00499340,FUN_00499340,20,0,"FUN_00495278 FUN_00499354"
00499354,FUN_00499354,157,2,"FUN_00495205 FUN_0049521c __math_exit __startOneArgErrorHandling"
00499400,FUN_00499400,24,1,"FUN_0049941e"
0049941e,FUN_0049941e,564,3,"FUN_0049863f"
004996e0,Unwind@004996e0,18,0,"FUN_0047b280"
004996f2,Unwind@004996f2,11,0,"FUN_00409940"
00499720,Unwind@00499720,15,0,"FUN_0047b280"
0049972f,Unwind@0049972f,15,0,"FUN_0047b280"
004997e0,Unwind@004997e0,18,0,"FUN_0047b280"
00499870,Unwind@00499870,18,0,"FUN_0047b280"
004998c0,Unwind@004998c0,14,0,"FUN_00402b50"
00499930,Unwind@00499930,18,0,"FUN_0047b280"
004999b0,Unwind@004999b0,21,0,"FUN_0047b280"
004999f0,Unwind@004999f0,18,0,"FUN_0047b280"
00499a60,Unwind@00499a60,18,0,"FUN_0047b280"
00499ad0,Unwind@00499ad0,18,0,"FUN_0047b280"
00499b60,Unwind@00499b60,18,0,"FUN_0047b280"
00499bd0,Unwind@00499bd0,45,0,"FUN_0047b934"
00499c90,Unwind@00499c90,8,0,"FUN_00402b50"
00499c98,Unwind@00499c98,14,0,"FUN_00409830"
00499ca6,Unwind@00499ca6,30,0,"`eh_vector_destructor_iterator'"
00499cc4,Unwind@00499cc4,14,0,"FUN_00409830"
00499cd2,Unwind@00499cd2,27,0,"`eh_vector_destructor_iterator'"
00499d30,Unwind@00499d30,18,0,"FUN_0047b280"
00499d70,Unwind@00499d70,18,0,"FUN_0047b280"
00499e00,FUN_00499e00,1,0,""
00499e10,FUN_00499e10,1,0,""
00499e20,FUN_00499e20,20,0,"FUN_00402b60"
00499e40,FUN_00499e40,20,0,"`eh_vector_destructor_iterator'"
00499e60,FUN_00499e60,20,0,"FUN_00402b60"
00499e80,thunk_FUN_0045f2d0,5,0,"FUN_0045f2d0"
00499e90,FUN_00499e90,20,0,"FUN_00402b60"
00499eb0,FUN_00499eb0,10,0,"FUN_00464af0"
