entry,name,size,params,callees
00401010,FUN_00401010,140,0,"FUN_004031a0 _memset"
004010b0,FUN_004010b0,482,0,"FUN_00402ea0 FUN_00459220 FUN_00465600 FUN_004681d0 FUN_00468270 FUN_0046a250 FUN_0047296c"
004012a0,FUN_004012a0,583,2,"EnterCriticalSection FUN_00465f60 FUN_004686d0 FUN_004729ec LeaveCriticalSection _free"
004015a0,FUN_004015a0,29,1,"FUN_00402890 FUN_00402d70"
004015f0,FUN_004015f0,407,3,""
00401790,FUN_00401790,85,2,"FUN_004015f0 __security_check_cookie _vsprintf"
004017f0,FUN_004017f0,270,1,"FUN_004015f0 __security_check_cookie _sprintf"
00401900,FUN_00401900,108,2,"FUN_004015f0 __security_check_cookie _vsprintf"
00401970,FUN_00401970,340,2,"FUN_00401ad0 FUN_004351f0 FUN_0045ef60"
00401ad0,FUN_00401ad0,2204,2,"FUN_004023d0 FUN_00402b90 FUN_0045e920 FUN_0045f110"
004023d0,FUN_004023d0,400,2,""
00402590,FUN_00402590,104,1,"FUN_00401970 FUN_004351f0 FUN_0045ef60"
00402610,FUN_00402610,351,1,"FUN_00401ad0 __security_check_cookie _vsprintf"
00402780,FUN_00402780,267,1,"FUN_00402610 __security_check_cookie _sprintf"
00402890,FUN_00402890,360,1,"FUN_0048fac0"
00402a50,FUN_00402a50,6,0,""
00402a70,FUN_00402a70,78,1,""
00402ac0,FUN_00402ac0,88,0,"FUN_0048fac0"
00402b20,FUN_00402b20,16,1,""
00402b60,FUN_00402b60,26,2,""
00402b90,FUN_00402b90,98,1,""
00402c00,FUN_00402c00,26,2,""
00402c20,FUN_00402c20,26,2,""
00402c40,FUN_00402c40,18,2,""
00402c60,FUN_00402c60,62,0,"FUN_004351f0"
00402ce0,FUN_00402ce0,25,2,""
00402d70,FUN_00402d70,107,0,""
00402ea0,FUN_00402ea0,345,0,"_memset"
00403000,FUN_00403000,34,1,"FUN_00402ea0 FUN_00459220"
00403090,FUN_00403090,34,1,"_free"
00403160,FUN_00403160,32,0,""
004031a0,FUN_004031a0,116,1,"_memset"
00403240,FUN_00403240,61,1,""
00403280,FUN_00403280,61,1,""
004032c0,FUN_004032c0,249,0,"_free"
004033d0,FUN_004033d0,185,1,"_memset `eh_vector_constructor_iterator'"
004034a0,FUN_004034a0,622,1,"FUN_00405130 FUN_004681d0 FUN_00468270 FUN_0046a320 FUN_0047296c"
00403710,FUN_00403710,601,1,"EnterCriticalSection FUN_004032c0 FUN_00465f60 FUN_004686d0 FUN_004729ec LeaveCriticalSection _free `eh_vector_destructor_iterator'"
00403970,FUN_00403970,21,0,"FUN_004032c0 FUN_004729ec"
00403990,FUN_00403990,155,0,"FUN_004033d0 FUN_004034a0 FUN_00403710 FUN_0047296c FUN_004729ec"
00403a70,FUN_00403a70,1826,1,"D3DXVec3Normalize FUN_00405260 FUN_004055f0 FUN_00412550 FUN_00412790 FUN_00459d90 FUN_0046a460 FUN_0046a700 FUN_00490190 __security_check_cookie"
004041a0,FUN_004041a0,1411,1,"FUN_00405300 FUN_00434ab0 FUN_00435090 FUN_004351f0 FUN_0045ef60 FUN_00461b00 FUN_00468770 FUN_004687d0 FUN_0047296c __security_check_cookie _memset"
00404730,FUN_00404730,865,2,"FUN_00405300 FUN_004351f0 FUN_0045ef60 FUN_00466ce0 FUN_0046aa20"
00404ac0,FUN_00404ac0,10,2,"FUN_00404730"
00404ad0,FUN_00404ad0,20,0,"FUN_00405130"
00404af0,FUN_00404af0,1592,4,"D3DXMatrixTranslation D3DXVec3ProjectArray __security_check_cookie"
00405130,FUN_00405130,299,1,"FID_conflict:_memcpy FUN_00465600 FUN_00469c40 FUN_0046a250 _malloc"
00405260,FUN_00405260,154,0,"FUN_00459d90"
00405300,FUN_00405300,735,2,"FUN_00404af0 FUN_004351f0 FUN_0045ef60 FUN_00461b00"
004055f0,FUN_004055f0,2951,1,"FUN_00402ac0 FUN_00402ea0 FUN_00403280 FUN_004032c0 FUN_004065d0 FUN_004068f0 FUN_00406ea0 FUN_00412430 FUN_004593b0 FUN_0046a700 FUN_0047296c FUN_004729ec FUN_00490190 FUN_004902c0"
004061e0,FUN_004061e0,118,2,""
00406350,FUN_00406350,236,0,"FUN_00402ea0 FUN_004593b0"
00406450,FUN_00406450,272,0,"FUN_00468770 FUN_004687d0 FUN_0047296c _memset"
00406560,FUN_00406560,103,0,""
004065d0,FUN_004065d0,783,0,"FUN_00402ac0 FUN_0046b190"
004068f0,FUN_004068f0,735,1,"FUN_00402ac0 FUN_00406ca0 FUN_00406cf0 FUN_00406d30 FUN_00406d80 FUN_00406ea0"
00406c70,FUN_00406c70,44,0,"FUN_0046b190"
00406ca0,FUN_00406ca0,50,0,"FUN_0046b190"
00406cf0,FUN_00406cf0,61,1,"FUN_00406ea0"
00406d30,FUN_00406d30,67,1,"FUN_00406ea0"
00406d80,FUN_00406d80,61,1,"FUN_00406ea0"
00406dc0,FUN_00406dc0,34,2,""
00406df0,FUN_00406df0,31,1,"FUN_004902c0"
00406e10,FUN_00406e10,23,1,"FUN_0046a700"
00406ea0,FUN_00406ea0,146,1,""
00406f40,FUN_00406f40,51,6,"FUN_00406ea0"
00406f80,FUN_00406f80,52,0,""
00407020,FUN_00407020,20,1,""
00407040,FUN_00407040,20,1,""
00407080,FUN_00407080,20,3,"FUN_00459d90"
004070b0,FUN_004070b0,44,2,""
004070e0,FUN_004070e0,38,0,""
00407130,FUN_00407130,18,2,""
00407150,FUN_00407150,19,3,"FUN_0046aa20"
00407170,FUN_00407170,25,2,"FUN_0046aa20"
00407230,FUN_00407230,42,1,"D3DXVec3Normalize"
00407260,FUN_00407260,27,0,""
004072a0,FUN_004072a0,31,1,"FUN_0046a700"
004072c0,FUN_004072c0,31,1,"FUN_0046a700"
004072f0,FUN_004072f0,31,1,"FUN_00490190"
00407310,FUN_00407310,16,1,""
00407350,FUN_00407350,24,3,""
004073b0,FUN_004073b0,18,2,""
00407400,FUN_00407400,34,1,""
00407490,FUN_00407490,180,1,"FUN_004681d0 FUN_00468270 FUN_0047296c"
00407550,FUN_00407550,417,1,"EnterCriticalSection FUN_004032c0 FUN_00427070 FUN_004679b0 FUN_004686d0 FUN_004729ec LeaveCriticalSection _free"
00407700,FUN_00407700,108,0,"FUN_004031a0 FUN_00407490 FUN_00407550 FUN_0047296c FUN_004729ec _memset"
00407790,FUN_00407790,70,1,"FUN_00402ac0 FUN_00407c50"
00407810,FUN_00407810,159,0,"FUN_00407a70 FUN_004584a0"
00407970,FUN_00407970,16,1,""
00407980,FUN_00407980,95,1,""
00407a70,FUN_00407a70,478,0,"FUN_00407ec0 FUN_004584a0 FUN_004670b0 FUN_00468770 FUN_0047296c _memset"
00407c50,FUN_00407c50,471,1,"FUN_004032c0 FUN_00410a60 FUN_0042a820 FUN_00458410 FUN_004584a0 FUN_00458590 FUN_00467480 FUN_004679b0 FUN_004729ec"
00407e70,FUN_00407e70,18,2,""
00407e90,FUN_00407e90,26,2,"FUN_004670b0"
00407ec0,FUN_00407ec0,228,4,"EnterCriticalSection FUN_004593b0 FUN_00466d60 FUN_00468010 LeaveCriticalSection"
00407fb0,FUN_00407fb0,165,0,""
00408120,FUN_00408120,74,1,"FUN_004031a0"
00408170,FUN_00408170,63,1,"_free"
004081c0,FUN_004081c0,247,0,"FUN_00465600 FUN_004681d0 FUN_00468270 FUN_0046a250 FUN_0047296c"
004082c0,FUN_004082c0,62,1,"FUN_00467710 _memset"
00408370,FUN_00408370,220,1,"EnterCriticalSection FUN_00467710 FUN_004686d0 LeaveCriticalSection `eh_vector_destructor_iterator'"
00408450,FUN_00408450,197,0,"FUN_004081c0 FUN_00408370 FUN_0047296c FUN_004729ec _memset `eh_vector_constructor_iterator'"
00408540,FUN_00408540,29,1,"FUN_00408370 FUN_004729ec"
00408560,FUN_00408560,106,3,""
004085d0,FUN_004085d0,106,3,""
00408640,FUN_00408640,1781,0,"FUN_00407ec0 FUN_00407fb0 FUN_00408560 FUN_00409a90 FUN_0040ab10 FUN_0040ab90 FUN_0040acd0 FUN_0040adf0 FUN_0040ae90 FUN_0040b050 FUN_0040b200 FUN_0040b550 FUN_0040b6b0 FUN_0040b7d0 FUN_0040b970 FUN_0040ba40 FUN_0040ccf0 FUN_0040d1a0 FUN_0040d2a0 FUN_0043c410 FUN_0043c570 FUN_0043e090 FUN_00459d90 FUN_00467780 FUN_0046aa20 FUN_0048fac0"
00408d50,FUN_00408d50,272,0,"FUN_00408640 FUN_0048fac0"
00408e70,FUN_00408e70,410,1,"FUN_00461b00 FUN_0046a660"
00409010,FUN_00409010,384,1,"FUN_00461b00 FUN_0046a660"
004091be,FUN_004091be,10,0,"FUN_00408d50"
004091f0,FUN_004091f0,2119,5,"FUN_00402ea0 FUN_00409a90 FUN_0040d110 FUN_004595f0 FUN_00459d90 FUN_0046a460 FUN_0046a660"
00409a90,FUN_00409a90,3534,1,"FUN_00402ea0 FUN_00403280 FUN_0040a8f0 FUN_0040be50 FUN_0040cea0 FUN_0040d0a0 FUN_0040d110 FUN_00414ff0 FUN_0043c3a0 FUN_00458410 FUN_004584a0 FUN_004595f0 FUN_0046a660 FUN_0046a700 __security_check_cookie _memset"
0040a8f0,FUN_0040a8f0,147,0,"FUN_004091f0 FUN_0043c3a0 FUN_004584a0"
0040a990,FUN_0040a990,355,0,"FUN_00402ea0 FUN_004595f0"
0040ab10,FUN_0040ab10,116,2,"FUN_00402ac0 FUN_0040d110"
0040ab90,FUN_0040ab90,317,1,"FUN_00402ac0 FUN_0049007a FUN_00490090"
0040acd0,FUN_0040acd0,273,1,"FUN_00402ac0 FUN_0049007a"
0040adf0,FUN_0040adf0,158,0,"FUN_00402ac0 FUN_0040d110 FUN_0046a660"
0040ae90,FUN_0040ae90,433,1,"FUN_0040d110 FUN_0043c3a0 FUN_00458410 FUN_0048fac0"
0040b050,FUN_0040b050,427,1,"FUN_0040d110 FUN_0043c3a0 FUN_00458410 FUN_0048fac0"
0040b200,FUN_0040b200,453,1,"FUN_0040d110 FUN_0043c3a0 FUN_00458410 FUN_0046a660 FUN_0048fac0"
0040b3d0,FUN_0040b3d0,108,0,"FUN_0046a660"
0040b440,FUN_0040b440,108,0,"FUN_0046a660"
0040b4f0,FUN_0040b4f0,81,1,""
0040b550,FUN_0040b550,347,0,"FUN_0040b3d0 FUN_0040b440 FUN_0040b4f0 FUN_0040d110 FUN_00458410"
0040b6b0,FUN_0040b6b0,264,0,"FUN_004085d0 FUN_00458410"
0040b7d0,FUN_0040b7d0,409,0,"FUN_00402ac0 FUN_004065d0 FUN_0040d110 FUN_0049007a"
0040b970,FUN_0040b970,206,0,""
0040ba40,FUN_0040ba40,1038,2,"D3DXVec2Normalize FUN_004085d0 FUN_0040cf80 FUN_0046aa20 __security_check_cookie"
0040be50,FUN_0040be50,366,0,"FUN_00407ec0 FUN_0040d1a0 FUN_00467420"
0040c040,FUN_0040c040,323,1,"FUN_0046b640"
0040c190,FUN_0040c190,515,2,"FUN_00407ec0 FUN_00467420"
0040c3a0,FUN_0040c3a0,528,2,"FUN_00407ec0 FUN_00467420"
0040c5b0,FUN_0040c5b0,640,3,"FUN_00407ec0 FUN_00467420 FUN_0046b640"
0040c830,FUN_0040c830,442,0,"FUN_00407ec0 FUN_00407fb0 FUN_00467420"
0040c9f0,FUN_0040c9f0,411,0,"FUN_00407ec0 FUN_0040d1a0 FUN_00467420"
0040cb90,FUN_0040cb90,279,3,""
0040ccf0,FUN_0040ccf0,332,0,"FUN_00402ac0 FUN_0046b190"
0040cea0,FUN_0040cea0,52,0,""
0040cef0,FUN_0040cef0,44,0,"FUN_0046b190"
0040cf20,FUN_0040cf20,27,0,""
0040cf40,FUN_0040cf40,26,1,""
0040cf60,FUN_0040cf60,26,1,""
0040cf80,FUN_0040cf80,32,3,""
0040cfa0,FUN_0040cfa0,96,3,""
0040d000,FUN_0040d000,31,0,"FUN_00490090"
0040d020,FUN_0040d020,47,0,"FUN_00490090"
0040d050,FUN_0040d050,28,1,""
0040d0a0,FUN_0040d0a0,45,0,""
0040d0f0,FUN_0040d0f0,32,1,""
0040d110,FUN_0040d110,32,3,""
0040d130,FUN_0040d130,52,1,"FUN_0046a460"
0040d1a0,FUN_0040d1a0,230,4,""
0040d2a0,FUN_0040d2a0,25,0,""
0040d2c0,FUN_0040d2c0,18,2,""
0040d2e0,FUN_0040d2e0,26,2,""
0040d310,FUN_0040d310,34,1,"FUN_0049007a"
0040d340,FUN_0040d340,81,0,""
0040d3a0,FUN_0040d3a0,59,2,""
0040d4d0,FUN_0040d4d0,78,2,""
0040d540,FUN_0040d540,285,0,"FUN_00465600 FUN_004681d0 FUN_00468270 FUN_0046a250 FUN_0047296c"
0040d680,FUN_0040d680,35,0,""
0040d6b0,FUN_0040d6b0,249,1,"EnterCriticalSection FUN_00465f60 FUN_004679b0 FUN_004686d0 FUN_004729ec LeaveCriticalSection"
0040d7b0,FUN_0040d7b0,94,0,"FUN_0040d540 FUN_0040d6b0 FUN_0047296c FUN_004729ec _memset"
0040d850,FUN_0040d850,507,0,"FUN_00402ac0 FUN_00467420 FUN_00467480"
0040da50,FUN_0040da50,382,0,"FUN_0040d340 FUN_00455160 FUN_0048fac0 FUN_0048fb7a FUN_0048fdf0"
0040dbf0,FUN_0040dbf0,322,1,"FUN_00401790 FUN_00467420"
0040dd50,TASK_40dd50,10,0,"FUN_0040d850"
0040dd60,FUN_0040dd60,10,1,"FUN_0040dbf0"
0040dd70,FUN_0040dd70,1417,3,"FUN_00458410 FUN_00459220 FUN_004662a0 FUN_004670b0 FUN_00467420"
0040e350,FUN_0040e350,398,1,"FUN_00424b80 FUN_00458410 FUN_00467480 FUN_004679b0"
0040e4e0,FUN_0040e4e0,54,1,""
0040e5b0,FUN_0040e5b0,30,0,""
0040e670,FUN_0040e670,40,2,""
0040e7a0,FUN_0040e7a0,77,0,"_memset"
0040e820,FUN_0040e820,232,1,"FUN_00465600 FUN_004681d0 FUN_00468270 FUN_0046a250 FUN_0047296c"
0040e930,FUN_0040e930,222,1,"EnterCriticalSection FUN_00465f60 FUN_004686d0 FUN_004729ec LeaveCriticalSection"
0040ea10,FUN_0040ea10,69,0,"FUN_0040e7a0 FUN_0040e820 FUN_0040e930 FUN_0047296c FUN_004729ec"
0040eaa0,FUN_0040eaa0,4517,2,"EnterCriticalSection FUN_00407ec0 FUN_00407fb0 FUN_0040a8f0 FUN_0040fc60 FUN_004103d0 FUN_00410500 FUN_00410590 FUN_004106e0 FUN_00410820 FUN_00410960 FUN_00410d80 FUN_004271c0 FUN_00427300 FUN_004293d0 FUN_00458410 FUN_004584a0 FUN_004593b0 FUN_00467ef0 FUN_00468010 FUN_0046a460 FUN_0048fac0 LeaveCriticalSection __security_check_cookie _memset"
0040fc60,FUN_0040fc60,149,3,""
0040fd00,FUN_0040fd00,432,1,"FUN_00490090 FUN_00490190 FUN_004902c0"
0040feb0,FUN_0040feb0,757,3,"FUN_00401790 FUN_0048fac0"
004101b0,TASK_4101b0,5,2,""
004101d0,FUN_004101d0,273,0,"FUN_00407ec0 FUN_00410590 FUN_004584a0 _memset"
004102f0,FUN_004102f0,211,0,"FUN_00407ec0 FUN_00410590 FUN_004584a0 _memset"
004103d0,FUN_004103d0,146,0,"FUN_00402ac0 FUN_00410a60 FUN_00458410 FUN_00467420 FUN_00467480 FUN_0046ae00 FUN_0046ae80"
00410480,FUN_00410480,114,4,"FUN_00410660"
00410500,FUN_00410500,138,1,"FUN_004679b0"
00410590,FUN_00410590,200,5,"FUN_00410480"
00410660,FUN_00410660,126,2,"FUN_0048fac0"
004106e0,FUN_004106e0,305,6,"FUN_0048fac0"
00410820,FUN_00410820,312,6,"FUN_0048fac0"
00410960,FUN_00410960,252,0,""
00410a60,FUN_00410a60,237,0,"FUN_0043df90 FUN_0046a460"
00410c60,FUN_00410c60,59,6,""
00410cb0,FUN_00410cb0,22,1,""
00410cd0,FUN_00410cd0,18,2,""
00410d00,FUN_00410d00,66,0,"FUN_0046a460"
00410d50,FUN_00410d50,32,1,""
00410d80,FUN_00410d80,32,3,""
00410dc0,FUN_00410dc0,83,0,"_free"
00410e20,FUN_00410e20,48,0,"_memset"
00410ea0,FUN_00410ea0,215,1,""
00410f80,FUN_00410f80,31,0,"FUN_0043d380"
00411040,FUN_00411040,180,1,"FUN_004681d0 FUN_00468270 FUN_0047296c"
00411100,FUN_00411100,437,1,"EnterCriticalSection FUN_00408370 FUN_00410dc0 FUN_00415660 FUN_00420ce0 FUN_00428430 FUN_0043acd0 FUN_00443a60 FUN_004686d0 FUN_0046acf0 FUN_004729ec LeaveCriticalSection _free"
004112d0,FUN_004112d0,109,0,"FUN_00408450 FUN_00415840 FUN_00420fd0 FUN_00428500 FUN_0043aea0 FUN_00443b40 FUN_0046a970"
004113d0,FUN_004113d0,1228,1,"FUN_004082c0 FUN_00408540 FUN_0040e5b0 FUN_00410dc0 FUN_00410e20 FUN_00410ea0 FUN_00410f80 FUN_00411be0 FUN_00411c70 FUN_00414ff0 FUN_00415630 FUN_004158d0 FUN_004203c0 FUN_00421090 FUN_004285f0 FUN_0043ab20 FUN_0043af60 FUN_00443be0 FUN_0046a970 FUN_0046ad60 FindClose FindFirstFileA FindNextFileA __security_check_cookie _malloc _memset"
004118a0,FUN_004118a0,763,0,"FUN_00401900 FUN_0045f5d0 FUN_0048fac0"
00411bc0,FUN_00411bc0,10,0,"FUN_004118a0"
00411be0,FUN_00411be0,137,1,""
00411c70,FUN_00411c70,30,1,""
00411ca0,FUN_00411ca0,13,1,""
00411ce0,FUN_00411ce0,33,2,""
00411e50,FUN_00411e50,245,1,"FUN_00465600 FUN_004681d0 FUN_00468270 FUN_0046a250 FUN_0047296c"
00411f50,FUN_00411f50,193,1,"EnterCriticalSection FUN_00467710 FUN_004686d0 LeaveCriticalSection"
00412020,FUN_00412020,95,0,"FUN_00411e50 FUN_00411f50 FUN_0047296c FUN_004729ec"
00412100,FUN_00412100,348,0,"FUN_00412430 FUN_00412830 FUN_004670b0 FUN_00467420 FUN_0047296c"
00412430,FUN_00412430,274,1,"FUN_00435bc0 FUN_00467420 _malloc"
00412550,FUN_00412550,303,4,"FUN_00412700"
00412700,FUN_00412700,131,0,""
00412790,FUN_00412790,38,2,""
00412830,FUN_00412830,306,2,"FUN_0046a460 _malloc _memset"
00412970,FUN_00412970,396,2,"FUN_00412e40 FUN_0046a460 FUN_0046a660 FUN_0048fac0"
00412b50,FUN_00412b50,304,2,"FUN_0046a460 _malloc _memset"
00412c80,FUN_00412c80,187,2,"_malloc _memset"
00412d40,FUN_00412d40,88,1,"FUN_00402ac0 FUN_00412100"
00412e40,FUN_00412e40,32,3,""
00412e90,FUN_00412e90,58,1,"FUN_0046a460"
00412f40,FUN_00412f40,27,1,""
00412fc0,FUN_00412fc0,178,0,"FUN_0046acf0"
004130a0,FUN_004130a0,103,0,"FUN_00469c40 _free"
004131d0,FUN_004131d0,521,1,"FUN_00413730 FUN_004670b0 FUN_004681d0 FUN_00468270 FUN_00469c40 FUN_0046a250 FUN_0047296c"
004133e0,FUN_004133e0,417,1,"EnterCriticalSection FUN_00412fc0 FUN_00465f60 FUN_004686d0 FUN_004729ec LeaveCriticalSection _free"
004135b0,FUN_004135b0,96,0,"FUN_004131d0 FUN_004133e0 FUN_0047296c FUN_004729ec"
00413630,FUN_00413630,27,1,"FUN_004133e0 FUN_004729ec"
00413650,FUN_00413650,116,2,"FUN_00402ac0 FUN_00413a20"
00413730,FUN_00413730,714,2,"EnterCriticalSection FUN_004593b0 FUN_00466d60 FUN_00468010 LeaveCriticalSection _memset"
00413a20,FUN_00413a20,1621,3,"FUN_00403280 FUN_004130a0 FUN_004141a0 FUN_00414210 FUN_00424a30 FUN_00434880 FUN_00434900 FUN_00434a20 FUN_004572b0 FUN_00458410 FUN_00465f20 FUN_00466210 FUN_004670b0 FUN_00467420 FUN_00467480 FUN_004679b0 FUN_0046aa20 FUN_0046ad60 FUN_0048fac0 _memset"
00414120,FUN_00414120,76,0,"FUN_00465600 FUN_00467480"
00414170,FUN_00414170,38,1,"FUN_00467480"
004141a0,FUN_004141a0,26,1,""
004141e0,FUN_004141e0,15,1,""
00414210,FUN_00414210,79,2,"FUN_004670b0"
00414280,FUN_00414280,25,2,"FUN_004670b0"
004142a0,FUN_004142a0,18,1,""
004142e0,FUN_004142e0,116,0,""
00414360,FUN_00414360,3,0,""
00414430,FUN_00414430,43,2,"FUN_00470030"
00414460,FUN_00414460,51,2,"FUN_004700a0"
004144a0,FUN_004144a0,5,0,""
004144b0,FUN_004144b0,5,0,""
004144c0,FUN_004144c0,5,0,""
004144d0,FUN_004144d0,5,0,""
004144e0,FUN_004144e0,17,1,""
00414500,FUN_00414500,45,0,"FUN_004729ec"
00414580,FUN_00414580,124,0,""
00414630,FUN_00414630,74,2,"FUN_004729ec"
00414680,FUN_00414680,5,0,""
00414750,FUN_00414750,19,1,""
004147d0,FUN_004147d0,59,1,""
00414840,FUN_00414840,19,2,""
00414880,FUN_00414880,25,0,""
004148a0,FUN_004148a0,53,0,"FUN_004148e0 FUN_004293d0"
004148e0,FUN_004148e0,431,1,"FUN_0041f7c0 FUN_004293d0 FUN_0046a460 FUN_0046a700"
00414ab0,FUN_00414ab0,33,1,""
00414b50,FUN_00414b50,35,2,"FUN_00415ec0 FUN_004729ec"
00414b80,FUN_00414b80,147,0,"_memset"
00414c30,FUN_00414c30,98,2,"FUN_00469c40 FUN_004703f0"
00414cc0,FUN_00414cc0,24,1,""
00414ce0,FUN_00414ce0,45,1,""
00414d10,FUN_00414d10,42,1,""
00414db0,FUN_00414db0,44,4,""
00414df0,FUN_00414df0,18,0,""
00414e10,FUN_00414e10,49,2,""
00414e50,FUN_00414e50,25,0,""
00414ed0,FUN_00414ed0,13,1,""
00414ee0,FUN_00414ee0,13,1,""
00414ef0,FUN_00414ef0,13,1,""
00414f50,FUN_00414f50,28,0,"_memset"
00414f70,FUN_00414f70,27,1,""
00414f90,FUN_00414f90,16,1,""
00414fc0,FUN_00414fc0,34,1,""
00414ff0,FUN_00414ff0,600,2,"FUN_00415a70 FUN_00416160 FUN_0047296c"
00415310,FUN_00415310,357,1,"FUN_00414c30 FUN_004681d0 FUN_00468270 FUN_0047296c _memset"
004154b0,FUN_004154b0,341,2,"FUN_004653f0 FUN_00468130 FUN_0046a250 Sleep"
00415630,FUN_00415630,35,0,""
00415660,FUN_00415660,376,0,"EnterCriticalSection FUN_00410ea0 FUN_00465f60 FUN_004686d0 FUN_004729ec LeaveCriticalSection _free"
00415840,FUN_00415840,110,1,"FUN_00415310 FUN_00415660 FUN_0047296c FUN_004729ec _memset"
004158d0,FUN_004158d0,29,0,"FUN_00415660 FUN_004729ec"
004158f0,FUN_004158f0,282,0,"FUN_00416160 FUN_00427260 FUN_0048fac0"
00415a70,FUN_00415a70,1091,1,"FUN_004142e0 FUN_00414580 FUN_00470610 _memset"
00415ec0,FUN_00415ec0,341,0,"FUN_004032c0 FUN_004729ec"
00416030,FUN_00416030,300,0,"FUN_0046ae80"
00416160,FUN_00416160,4609,1,"D3DXVec3Normalize FUN_00403280 FUN_004065d0 FUN_00412550 FUN_00414500 FUN_00414580 FUN_004147d0 FUN_00414880 FUN_00414e50 FUN_00416030 FUN_00417370 FUN_0041dea0 FUN_0041eb00 FUN_0041f520 FUN_0043c570 FUN_0043c660 FUN_0043fbf0 FUN_004584a0 FUN_00467420 FUN_00467780 FUN_004679b0 FUN_0046a700 FUN_0046a790 FUN_0046aa20 FUN_0046ae00 FUN_0046ae80 FUN_0046fe20 FUN_00470610 FUN_0048fac0 FUN_0049007a FUN_00490190 __security_check_cookie"
00417370,FUN_00417370,369,2,"FUN_00407ec0 FUN_00414580 FUN_004148e0 FUN_004293d0 FUN_00458410 FUN_004584a0 FUN_0046fe20 FUN_00470610 FUN_004729ec"
004174f0,FUN_004174f0,374,0,"FUN_00407ec0 FUN_00414580 FUN_0046fe20 FUN_00470610 FUN_004729ec FUN_0048fac0"
00417670,FUN_00417670,385,1,"FUN_00407ec0 FUN_00414580 FUN_00470610 FUN_004729ec FUN_0048fac0"
00417800,FUN_00417800,437,3,"FUN_00407ec0 FUN_00414500 FUN_00414580 FUN_0046b640 FUN_0046fe20 FUN_00470610"
004179c0,FUN_004179c0,613,5,"FUN_0041f370 FUN_00467420 FUN_0046b640"
00417c30,FUN_00417c30,232,2,""
00417d20,FUN_00417d20,203,2,""
00417df0,FUN_00417df0,256,1,""
00417ef0,FUN_00417ef0,232,2,""
00417fe0,FUN_00417fe0,11,1,"FUN_00417ff0"
00417ff0,FUN_00417ff0,17762,1,"D3DXVec3Project FUN_00402c60 FUN_00403280 FUN_00403970 FUN_004061e0 FUN_00406f80 FUN_00407ec0 FUN_0040a8f0 FUN_0040c190 FUN_0040c3a0 FUN_0040c5b0 FUN_0040c9f0 FUN_0040d310 FUN_0040dd70 FUN_0040e350 FUN_0040e4e0 FUN_00410d00 FUN_00412430 FUN_00412f40 FUN_00414500 FUN_00414580 FUN_004148a0 FUN_00414ab0 FUN_00414ce0 FUN_00414d10 FUN_00414db0 FUN_00414df0 FUN_00414f50 FUN_00414f70 FUN_00414fc0 FUN_00414ff0 FUN_00416030 FUN_004174f0 FUN_00417670 FUN_0041de30 FUN_0041e0c0 FUN_0041e0d0 FUN_0041e110 FUN_0041e120 FUN_0041e190 FUN_0041e1d0 FUN_0041ed90 FUN_0041edb0 FUN_0041ede0 FUN_0041efc0 FUN_0041f0e0 FUN_0041f1b0 FUN_0041f2a0 FUN_0041f670 FUN_0041f750 FUN_00423110 FUN_00426f40 FUN_0042a400 FUN_0042a740 FUN_0042a7c0 FUN_0042a820 FUN_00437050 FUN_00438030 FUN_00444010 FUN_004572b0 FUN_004584a0 FUN_004670b0 FUN_00467480 FUN_00467780 FUN_00467870 FUN_004678b0 FUN_004679b0 FUN_0046a3f0 FUN_0046a700 FUN_0046b010 FUN_0046fed0 FUN_0046ff70 FUN_004708a0 FUN_0047296c FUN_0048fac0 __security_check_cookie _memset"
0041c950,FUN_0041c950,1650,3,"FUN_0041ef70 FUN_004271c0 FUN_00467780 FUN_0046a460 FUN_0046a5d0 FUN_0046a600 FUN_0048fac0 FUN_0049007a"
0041d140,FUN_0041d140,250,2,""
0041d2c0,FUN_0041d2c0,2022,2,"FUN_0041ef70 FUN_004271c0 FUN_0043c3a0 FUN_0046a460 FUN_0046a5d0 FUN_0046a600 FUN_0049007a"
0041dc20,FUN_0041dc20,342,2,""
0041de30,FUN_0041de30,30,2,""
0041de50,FUN_0041de50,56,5,""
0041dea0,FUN_0041dea0,536,1,""
0041e0c0,FUN_0041e0c0,16,1,"FUN_0046fed0"
0041e0d0,FUN_0041e0d0,61,0,""
0041e110,FUN_0041e110,14,1,"FUN_0046ff70"
0041e120,FUN_0041e120,98,1,"FUN_0048fac0"
0041e190,FUN_0041e190,49,2,"FUN_00470030"
0041e1d0,FUN_0041e1d0,57,2,"FUN_004700a0"
0041e210,FUN_0041e210,121,1,""
0041e290,FUN_0041e290,439,1,"FUN_00490090 FUN_00490190 FUN_004902c0"
0041e460,FUN_0041e460,202,0,"FUN_00414580 FUN_00470610 FUN_004729ec"
0041e530,FUN_0041e530,202,0,"FUN_00414580 FUN_00470610 FUN_004729ec"
0041e600,FUN_0041e600,289,2,""
0041e730,FUN_0041e730,293,1,"FUN_0040a8f0"
0041e860,FUN_0041e860,334,1,"FUN_0041ee90 FUN_0041f750 FUN_0049007a"
0041e9b0,FUN_0041e9b0,134,1,"FUN_0040a990"
0041ea40,FUN_0041ea40,179,1,"FUN_0041f750"
0041eb00,FUN_0041eb00,607,0,"FUN_00402ac0 FUN_0046b190"
0041ed90,FUN_0041ed90,19,0,""
0041edb0,FUN_0041edb0,19,0,""
0041ede0,FUN_0041ede0,52,0,""
0041ee40,FUN_0041ee40,44,0,"FUN_0046b190"
0041ee90,FUN_0041ee90,99,2,""
0041ef00,FUN_0041ef00,52,1,"FUN_0049007a"
0041ef40,FUN_0041ef40,32,1,""
0041ef70,FUN_0041ef70,52,0,"FUN_00490090"
0041efc0,FUN_0041efc0,16,1,""
0041f010,FUN_0041f010,13,1,""
0041f020,FUN_0041f020,25,2,"FUN_0046a700"
0041f040,FUN_0041f040,13,1,""
0041f050,FUN_0041f050,13,1,""
0041f0e0,FUN_0041f0e0,201,2,"EnterCriticalSection FUN_004593b0 FUN_00466de0 FUN_00468010 LeaveCriticalSection"
0041f1b0,FUN_0041f1b0,225,2,"EnterCriticalSection FUN_004593b0 FUN_00466de0 FUN_00468010 LeaveCriticalSection"
0041f2a0,FUN_0041f2a0,175,2,"EnterCriticalSection FUN_004593b0 FUN_00466de0 FUN_00468010 LeaveCriticalSection"
0041f370,FUN_0041f370,150,8,""
0041f410,FUN_0041f410,96,2,"FUN_00458410"
0041f4b0,FUN_0041f4b0,42,1,"D3DXVec3Normalize"
0041f4e0,FUN_0041f4e0,27,0,""
0041f520,FUN_0041f520,162,4,"EnterCriticalSection FUN_004594c0 FUN_00466d60 FUN_00468010 LeaveCriticalSection"
0041f600,FUN_0041f600,20,0,""
0041f620,FUN_0041f620,20,0,""
0041f640,FUN_0041f640,13,1,""
0041f650,FUN_0041f650,13,1,""
0041f660,FUN_0041f660,13,1,""
0041f670,FUN_0041f670,34,2,"FUN_0046a700"
0041f6c0,FUN_0041f6c0,13,1,""
0041f6e0,FUN_0041f6e0,12,1,""
0041f750,FUN_0041f750,32,3,""
0041f780,FUN_0041f780,31,1,"FUN_0049007a"
0041f7a0,FUN_0041f7a0,32,1,"FUN_0049007a"
0041f7c0,FUN_0041f7c0,32,4,""
0041f860,FUN_0041f860,95,0,"EnterCriticalSection FUN_004686d0 LeaveCriticalSection"
0041f8c0,FUN_0041f8c0,137,0,"FUN_00468270 FUN_0047296c _memset"
0041f990,FUN_0041f990,256,0,"FUN_00455160"
0041fa90,FUN_0041fa90,215,1,"FUN_00401900"
0041fc80,FUN_0041fc80,207,3,""
0041fd50,FUN_0041fd50,208,3,""
0041fe20,FUN_0041fe20,395,0,""
00420020,FUN_00420020,165,2,""
004200e0,FUN_004200e0,184,1,"FUN_004031a0 _memset `eh_vector_constructor_iterator'"
004201a0,FUN_004201a0,121,0,"FUN_00420220 FUN_00465600 FUN_00468830 FUN_00468890 FUN_0046a250"
00420220,FUN_00420220,301,1,"FUN_00425bd0 FUN_00465600 FUN_00469c40 FUN_0046a250"
004203c0,FUN_004203c0,1691,0,"EnterCriticalSection FUN_0041fc80 FUN_0041fd50 FUN_00425820 FUN_004271c0 FUN_004593b0 FUN_00466d60 FUN_004670b0 FUN_00468010 LeaveCriticalSection"
00420a70,FUN_00420a70,381,1,"FUN_00420bf0 FUN_004679b0 _free"
00420bf0,FUN_00420bf0,94,1,"FUN_004679b0 FUN_004729ec"
00420c50,FUN_00420c50,136,1,"FUN_00420bf0 FUN_00465f60 FUN_004729ec _free"
00420ce0,FUN_00420ce0,746,2,"EnterCriticalSection FUN_00420a70 FUN_00465f60 FUN_004679b0 FUN_004686d0 FUN_004729ec LeaveCriticalSection _free `eh_vector_destructor_iterator'"
00420fd0,FUN_00420fd0,146,0,"FUN_004200e0 FUN_004201a0 FUN_00420ce0 FUN_0047296c FUN_004729ec"
00421090,FUN_00421090,28,1,"FUN_00420ce0 FUN_004729ec"
004210b0,FUN_004210b0,5374,3,"FUN_00402ac0 FUN_004231f0 FUN_00437050 FUN_00458410 FUN_00459d90 FUN_004670b0 FUN_00467420 FUN_00468770 FUN_004687d0 FUN_0046a700 FUN_0047296c FUN_004729ec FUN_0048fac0 FUN_00490190 FUN_004902c0 _memset"
004225f0,FUN_004225f0,138,1,"FUN_00461b00"
00422680,FUN_00422680,1750,1,"FUN_00401790 FUN_004017f0 FUN_00420020 FUN_00467420 FUN_004679b0 FUN_0048fac0"
00422d70,FUN_00422d70,10,1,"FUN_004225f0"
00422d80,FUN_00422d80,10,1,"FUN_00422680"
00422d90,FUN_00422d90,888,1,"FUN_0040c9f0 FUN_004174f0 FUN_004670b0 FUN_00467420 _memset"
00423110,FUN_00423110,171,2,"FUN_00420bf0 FUN_00422d90 FUN_0047296c"
004231f0,FUN_004231f0,6011,1,"FUN_00403280 FUN_0040e4e0 FUN_00411c70 FUN_0041fe20 FUN_00424a30 FUN_00424fb0 FUN_00425140 FUN_00425240 FUN_00425a90 FUN_004273a0 FUN_00427420 FUN_004274a0 FUN_00434900 FUN_00434a20 FUN_00437050 FUN_00438170 FUN_00458410 FUN_00459220 FUN_00466210 FUN_004670b0 FUN_00467420 FUN_00467480 FUN_00467780 FUN_004679b0 FUN_00467a00 FUN_00467b00 FUN_00467df0 FUN_0046aa20 FUN_00473032 FUN_0048fac0 __security_check_cookie _strchr"
00424a30,FUN_00424a30,41,0,""
00424a60,FUN_00424a60,278,0,"FUN_00424b80 FUN_00426fe0"
00424b80,FUN_00424b80,15,0,""
00424fb0,FUN_00424fb0,206,0,"FUN_004670b0"
00425080,FUN_00425080,126,1,"FUN_00467480"
00425100,FUN_00425100,49,1,"FUN_004670b0"
00425140,FUN_00425140,254,4,"FUN_004670b0 FUN_00467420 FUN_004679b0"
00425240,FUN_00425240,188,3,"FUN_00467420"
00425300,FUN_00425300,55,1,"FUN_004670b0 FUN_004679b0"
00425340,FUN_00425340,607,1,"FUN_00467420"
004255b0,FUN_004255b0,607,1,"FUN_00467420"
00425820,FUN_00425820,369,1,""
00425a80,FUN_00425a80,15,1,""
00425a90,FUN_00425a90,26,1,""
00425ac0,FUN_00425ac0,15,1,""
00425b40,FUN_00425b40,32,1,""
00425bd0,FUN_00425bd0,1,0,""
00425d00,FUN_00425d00,18,1,""
00425d20,FUN_00425d20,18,1,""
00425d60,FUN_00425d60,68,0,"FUN_004729ec"
00425dd0,FUN_00425dd0,98,0,""
00425e60,FUN_00425e60,1467,0,"FUN_00403280 FUN_00403990 FUN_00407700 FUN_00408450 FUN_0040d7b0 FUN_0040e5b0 FUN_0040ea10 FUN_00412020 FUN_00415840 FUN_0041fd50 FUN_00420220 FUN_00420fd0 FUN_00425dd0 FUN_00428500 FUN_0042a0a0 FUN_00434880 FUN_004349f0 FUN_00434e50 FUN_004366b0 FUN_0043aea0 FUN_0043d380 FUN_00441000 FUN_00442210 FUN_00443b40 FUN_00459d90 FUN_00467480 FUN_00468830 FUN_00468890 FUN_0048fac0 Sleep"
00426430,FUN_00426430,1233,1,"EnterCriticalSection FUN_00403710 FUN_00407550 FUN_00408370 FUN_0040d6b0 FUN_0040e930 FUN_00410ea0 FUN_00411f50 FUN_00414210 FUN_00415660 FUN_00420c50 FUN_00420ce0 FUN_00427420 FUN_00427530 FUN_00428430 FUN_00429fb0 FUN_004365d0 FUN_0043acd0 FUN_00440e80 FUN_00443040 FUN_00443a60 FUN_00458ff0 FUN_004670b0 FUN_004686d0 FUN_004729ec LeaveCriticalSection _memset"
00426910,FUN_00426910,109,1,"FUN_004277c0 FUN_00434cb0 FUN_0047296c _memset"
00426980,FUN_00426980,38,0,"FUN_00426430 FUN_004729ec"
004269d0,FUN_004269d0,1227,2,"FUN_00402ac0 FUN_00403280 FUN_00403710 FUN_00406350 FUN_00406450 FUN_00406560 FUN_004082c0 FUN_0040d680 FUN_00410e20 FUN_00410ea0 FUN_00411c70 FUN_00414170 FUN_00414ff0 FUN_00415630 FUN_004203c0 FUN_00424a60 FUN_00425080 FUN_00425d60 FUN_00434900 FUN_004349f0 FUN_004365a0 FUN_0043ab20 FUN_0043d380 FUN_00442090 FUN_00455160 FUN_004572b0 FUN_00467480 FUN_0046acf0 FUN_004729ec _memset"
00426f10,FUN_00426f10,35,1,""
00426f40,FUN_00426f40,69,0,""
00426fe0,FUN_00426fe0,76,1,"FUN_0041fc80 FUN_00424b80 FUN_00458410"
00427070,FUN_00427070,72,2,""
004270c0,FUN_004270c0,64,1,"FUN_0041fd50 FUN_00458410"
00427100,FUN_00427100,79,1,"FUN_0041fd50 FUN_004270c0"
00427150,FUN_00427150,57,0,"FUN_0041fd50"
00427190,FUN_00427190,37,0,"FUN_0041fd50"
004271c0,FUN_004271c0,148,0,""
00427260,FUN_00427260,152,1,"FUN_00424b80 FUN_00458410"
00427300,FUN_00427300,150,1,"FUN_00424b80 FUN_00425820 FUN_00458410"
004273a0,FUN_004273a0,120,1,""
00427420,FUN_00427420,119,0,"FUN_00455160 FUN_0048faf6"
004274a0,FUN_004274a0,32,1,"FUN_00455160"
004274f0,FUN_004274f0,56,0,""
00427530,FUN_00427530,80,1,""
00427630,FUN_00427630,25,1,""
00427700,FUN_00427700,16,1,""
00427710,FUN_00427710,27,3,"FUN_0048fac0"
004277c0,FUN_004277c0,119,0,"_memset"
00427880,FUN_00427880,35,0,"FUN_004281d0"
00427a10,FUN_00427a10,267,1,"FUN_00434cb0 FUN_004681d0 FUN_00468270 FUN_0047296c"
00427b20,FUN_00427b20,222,1,"EnterCriticalSection FUN_00465f60 FUN_004686d0 FUN_004729ec LeaveCriticalSection"
00427c00,FUN_00427c00,135,0,"FUN_00427a10 FUN_00427b20 FUN_0047296c FUN_004729ec _memset"
00427cb0,FUN_00427cb0,29,1,"FUN_00427b20 FUN_004729ec"
00427cd0,FUN_00427cd0,1156,1,"FUN_00403280 FUN_00427880 FUN_004281d0 FUN_00434cb0 FUN_00458410 FUN_00464de0 FUN_00467480 FUN_004674f0 FUN_00467bd0 FUN_0046a970 FUN_0048fac0 _free _sprintf"
004281d0,FUN_004281d0,204,2,"EnterCriticalSection FUN_004593b0 FUN_00466e60 FUN_00468010 LeaveCriticalSection"
004282f0,FUN_004282f0,40,1,"FUN_004031a0"
00428320,FUN_00428320,63,1,"_free"
00428360,FUN_00428360,196,1,"FUN_004681d0 FUN_00468270 FUN_0047296c"
00428430,FUN_00428430,203,0,"EnterCriticalSection FUN_004686d0 LeaveCriticalSection `eh_vector_destructor_iterator'"
00428500,FUN_00428500,196,0,"FUN_00428360 FUN_00428430 FUN_0047296c FUN_004729ec _memset `eh_vector_constructor_iterator'"
004285f0,FUN_004285f0,29,0,"FUN_00428430 FUN_004729ec"
00428610,FUN_00428610,2785,3,"FUN_00402ea0 FUN_0040e4e0 FUN_00426fe0 FUN_00427070 FUN_004270c0 FUN_00427100 FUN_004271c0 FUN_00427260 FUN_00429120 FUN_00429920 FUN_00429970 FUN_0043c3a0 FUN_0043d380 FUN_00444010 FUN_004584a0 FUN_004593b0 FUN_00459d90 FUN_00467420 FUN_00467480 FUN_0048fac0"
00429120,FUN_00429120,231,0,"FUN_004271c0 FUN_0043d380 FUN_00444010 FUN_004584a0"
00429210,FUN_00429210,323,0,"FUN_00461b00"
004293d0,FUN_004293d0,834,4,"FUN_00402ea0 FUN_00407ec0 FUN_00429970 FUN_00458410 FUN_004593b0"
00429720,FUN_00429720,65,0,"FUN_00402ea0 FUN_004593b0"
00429920,FUN_00429920,49,2,"FUN_0048fac0"
00429970,FUN_00429970,32,3,""
004299d0,FUN_004299d0,3,0,""
004299e0,FUN_004299e0,1,0,""
004299f0,FUN_004299f0,3,0,""
00429a00,FUN_00429a00,5,0,""
00429a10,FUN_00429a10,3,0,""
00429a20,FUN_00429a20,3,0,""
00429a30,FUN_00429a30,25,1,""
00429a50,FUN_00429a50,5,0,""
00429a60,FUN_00429a60,5,0,""
00429a70,FUN_00429a70,5,0,""
00429a80,FUN_00429a80,5,0,""
00429a90,FUN_00429a90,5,0,""
00429aa0,FUN_00429aa0,5,0,""
00429ab0,FUN_00429ab0,3,0,""
00429ac0,FUN_00429ac0,3,0,""
00429ad0,FUN_00429ad0,3,0,""
00429ae0,FUN_00429ae0,3,0,""
00429af0,FUN_00429af0,3,0,""
00429b00,FUN_00429b00,3,0,""
00429b10,FUN_00429b10,3,0,""
00429b20,FUN_00429b20,3,0,""
00429b30,FUN_00429b30,3,0,""
00429b40,FUN_00429b40,3,0,""
00429b50,FUN_00429b50,3,0,""
00429b60,FUN_00429b60,121,0,"_memset"
00429bf0,FUN_00429bf0,58,3,"FUN_00432e20"
00429c40,FUN_00429c40,67,1,"FUN_0047296c"
00429c90,FUN_00429c90,58,3,"FUN_00432e20"
00429ce0,FUN_00429ce0,58,3,"FUN_00432e20"
00429d20,FUN_00429d20,58,3,"FUN_00432e20"
00429d60,FUN_00429d60,25,2,""
00429ea0,FUN_00429ea0,257,1,"FUN_00465600 FUN_004681d0 FUN_00468270 FUN_0046a250 FUN_0047296c"
00429fb0,FUN_00429fb0,238,0,"EnterCriticalSection FUN_004686d0 FUN_004729ec LeaveCriticalSection"
0042a0a0,FUN_0042a0a0,106,0,"FUN_00429b60 FUN_00429ea0 FUN_00429fb0 FUN_0047296c FUN_004729ec _memset"
0042a110,FUN_0042a110,21,0,"FUN_00429fb0 FUN_004729ec"
0042a150,FUN_0042a150,399,0,"FUN_00407ec0 FUN_004729ec FUN_0048fac0"
0042a2e0,FUN_0042a2e0,132,1,"__security_check_cookie"
0042a370,FUN_0042a370,99,0,"FUN_0042a150"
0042a400,FUN_0042a400,226,1,"FUN_0042a500 FUN_0042a550 FUN_0042a5a0 FUN_0042a5e0 FUN_0047296c"
0042a500,FUN_0042a500,73,0,"FUN_004031a0 FUN_00429b60 _memset"
0042a550,FUN_0042a550,73,0,"FUN_004031a0 FUN_00429b60 _memset"
0042a5a0,FUN_0042a5a0,51,0,"FUN_004031a0 FUN_00429b60 _memset"
0042a5e0,FUN_0042a5e0,62,0,"FUN_004031a0 FUN_00429b60 _memset"
0042a620,FUN_0042a620,128,0,""
0042a6a0,FUN_0042a6a0,140,0,""
0042a740,FUN_0042a740,121,0,""
0042a7c0,FUN_0042a7c0,96,0,""
0042a820,FUN_0042a820,47,0,""
0042a850,FUN_0042a850,56,0,""
0042a890,FUN_0042a890,823,2,"FUN_00402ea0 FUN_00432e20 FUN_004584a0 FUN_004593b0 FUN_004595f0 FUN_00459d90"
0042ac10,FUN_0042ac10,1734,2,"FUN_00402ea0 FUN_0040a8f0 FUN_00432e20 FUN_0043c3a0 FUN_00458410 FUN_004584a0 FUN_004593b0 __security_check_cookie _memset"
0042b2e0,FUN_0042b2e0,1469,1,"FUN_0042a500 FUN_00432e20 FUN_00458410 FUN_0046a700 FUN_0046bd20 FUN_0047296c"
0042b8a0,FUN_0042b8a0,378,1,"FUN_00432e20 FUN_00458410 FUN_0048fac0"
0042ba20,FUN_0042ba20,231,1,"FUN_00402ac0 FUN_0049007a"
0042bb10,FUN_0042bb10,1330,1,"FUN_00402ac0 FUN_00432d80 FUN_00432e20 FUN_0043c660 FUN_0043e090 FUN_00459d90 FUN_0046aa20 FUN_0048fac0 __security_check_cookie"
0042c050,FUN_0042c050,285,1,"FUN_00410d80 FUN_00461b00 FUN_0046a660"
0042c170,FUN_0042c170,3,0,""
0042c180,FUN_0042c180,1769,6,"FUN_00407ec0 FUN_0042a500 FUN_00432e20 FUN_00467420 FUN_00467780 FUN_0046a700 FUN_0047296c FUN_00490190 FUN_004902c0 __security_check_cookie _memset"
0042c870,FUN_0042c870,1303,7,"FUN_00432e20 FUN_0046a700 FUN_0046b640 FUN_0048fac0 FUN_00490190 FUN_004902c0 __security_check_cookie"
0042cd90,FUN_0042cd90,1401,5,"FUN_00407ec0 FUN_0042a500 FUN_00432e20 FUN_0047296c __security_check_cookie _memset"
0042d310,FUN_0042d310,280,3,"FUN_00407ec0 FUN_00432e20"
0042d430,FUN_0042d430,278,3,"FUN_00490190 FUN_004902c0"
0042d550,FUN_0042d550,540,2,"FUN_00402ea0 FUN_00432e20 FUN_004584a0 FUN_004593b0 FUN_004595f0 FUN_00459d90"
0042d770,FUN_0042d770,834,1,"FUN_00403280 FUN_0043c660 FUN_00459d90 FUN_0046a660 FUN_0046aa20 __security_check_cookie"
0042dad0,FUN_0042dad0,185,1,"FUN_00461b00 FUN_0046a660"
0042db90,FUN_0042db90,3,0,""
0042dba0,FUN_0042dba0,1611,6,"FUN_00407ec0 FUN_0042a500 FUN_00432e20 FUN_00467420 FUN_00467780 FUN_0046a700 FUN_0047296c FUN_00490190 FUN_004902c0 __security_check_cookie _memset"
0042e200,FUN_0042e200,1126,7,"FUN_00432e20 FUN_0046a700 FUN_0046b640 FUN_0048fac0 FUN_00490190 FUN_004902c0 __security_check_cookie"
0042e670,FUN_0042e670,1414,5,"FUN_00407ec0 FUN_0042a500 FUN_00432e20 FUN_0047296c __security_check_cookie _memset"
0042ec00,FUN_0042ec00,386,3,"FUN_00407ec0 FUN_00432e20"
0042ed90,FUN_0042ed90,278,3,"FUN_00490190 FUN_004902c0"
0042eeb0,FUN_0042eeb0,170,1,""
0042ef60,FUN_0042ef60,409,1,"FUN_00432cc0 FUN_00432e20 FUN_0043c8f0 FUN_0046a700"
0042f100,FUN_0042f100,1570,2,"FUN_00402ea0 FUN_0042fd80 FUN_004301a0 FUN_00432e20 FUN_004584a0 FUN_004593b0 FUN_004595f0 FUN_00459d90 FUN_0046a700 FUN_0047296c FUN_0048fac0 _malloc"
0042f790,FUN_0042f790,96,1,"FUN_004729ec _free"
0042f7f0,FUN_0042f7f0,1411,1,"FUN_004304f0 FUN_00432e20 FUN_0043c660 FUN_00459d90 FUN_0048fac0 __security_check_cookie"
0042fd80,FUN_0042fd80,1051,3,"FUN_00432e20 FUN_0046a700 FUN_0048fac0 FUN_0048fdf0 FUN_0049007a FUN_00490090"
004301a0,FUN_004301a0,842,5,"FUN_00432e20 FUN_0046a700 FUN_0048fdf0 FUN_0049007a FUN_00490090"
004304f0,FUN_004304f0,118,8,"FUN_0042fd80 FUN_004301a0"
00430570,FUN_00430570,863,1,"FUN_00432e20 FUN_004615a0 FUN_00461b00 FUN_0046a700"
004308d0,FUN_004308d0,1939,1,"FUN_00402ea0 FUN_00403280 FUN_0040a8f0 FUN_00429c40 FUN_0042fd80 FUN_00432e20 FUN_004584a0 FUN_004593b0 __security_check_cookie _memset"
00431090,FUN_00431090,378,1,"FUN_00432e20 FUN_00458410 FUN_0048fac0"
00431210,FUN_00431210,140,1,"FUN_00402ac0 FUN_00432e20 FUN_0046a660"
004312a0,FUN_004312a0,231,1,"FUN_00402ac0 FUN_0049007a"
00431390,FUN_00431390,57,2,"FUN_0046aa20"
004313d0,FUN_004313d0,1065,6,"FUN_00407ec0 FUN_0042a5e0 FUN_00467420 FUN_0046b470 FUN_0047296c FUN_0048fac0 __security_check_cookie _free _malloc _memset"
00431800,FUN_00431800,741,7,"FUN_0046b470 FUN_0046b640 FUN_0048fac0"
00431af0,FUN_00431af0,679,5,"FUN_00407ec0 __security_check_cookie _memset"
00431da0,FUN_00431da0,325,3,"EnterCriticalSection FUN_004593b0 FUN_00466d60 FUN_00468010 LeaveCriticalSection"
00431ef0,FUN_00431ef0,278,3,"FUN_00490190 FUN_004902c0"
00432030,FUN_00432030,554,2,"_memset"
00432260,FUN_00432260,1410,1,"FUN_0040fd00 FUN_0041e290 FUN_00427260 FUN_00432e20 FUN_004584a0 FUN_0046a660 FUN_0046a700 FUN_0046bf70 FUN_0048fac0 FUN_0048ff60 FUN_00490190"
004327f0,FUN_004327f0,633,1,"FUN_00432e20 FUN_0045e770 FUN_0045ef60 FUN_00462500 FUN_0046a700"
00432a70,FUN_00432a70,3,0,""
00432a80,FUN_00432a80,5,0,""
00432a90,FUN_00432a90,5,0,""
00432aa0,FUN_00432aa0,5,0,""
00432ab0,FUN_00432ab0,18,3,""
00432ad0,FUN_00432ad0,5,0,""
00432ae0,FUN_00432ae0,1,0,""
00432af0,FUN_00432af0,21,0,"FUN_0048ff60"
00432b10,FUN_00432b10,25,2,"FUN_0046aa20"
00432b70,FUN_00432b70,23,1,"FUN_0046a700"
00432b90,FUN_00432b90,31,1,"FUN_0046a700"
00432bb0,FUN_00432bb0,31,0,"FUN_0046a700"
00432be0,FUN_00432be0,40,1,"FUN_0048fdf0"
00432c10,FUN_00432c10,47,0,"FUN_00490090"
00432c40,FUN_00432c40,64,2,"FUN_0048fac0"
00432c80,FUN_00432c80,64,2,"FUN_0048fac0"
00432cc0,FUN_00432cc0,99,2,""
00432d30,FUN_00432d30,32,1,""
00432d50,FUN_00432d50,34,2,""
00432d80,FUN_00432d80,96,3,""
00432df0,FUN_00432df0,31,1,"FUN_0049007a"
00432e20,FUN_00432e20,32,3,""
00432e80,FUN_00432e80,89,0,"FUN_00465600 FUN_0046a250"
00432ee0,FUN_00432ee0,99,1,"FUN_00465f60 FUN_004729ec"
00432f50,FUN_00432f50,438,0,"FUN_00401010 FUN_004010b0 FUN_004012a0 FUN_00432e80 FUN_00442cb0 FUN_00457d80 FUN_004582b0 FUN_00465600 FUN_00469c40 FUN_00469e00 FUN_0046a250 FUN_0047296c FUN_004729ec"
00433110,FUN_00433110,245,1,"FUN_004681d0 FUN_00468270 FUN_0046acf0 FUN_0047296c __beginthreadex"
00433210,FUN_00433210,478,1,"EnterCriticalSection FUN_004012a0 FUN_00432ee0 FUN_00443040 FUN_00465f60 FUN_004686d0 FUN_0046acf0 FUN_004729ec LeaveCriticalSection _free"
004333f0,FUN_004333f0,117,0,"FUN_004031a0 FUN_00433110 FUN_00433210 FUN_0047296c FUN_004729ec _memset"
004334b0,FUN_004334b0,95,0,"FUN_00435d20"
00433510,FUN_00433510,160,0,"FUN_004670b0"
004335b0,FUN_004335b0,10,0,"FUN_004334b0"
004335c0,FUN_004335c0,10,0,"FUN_00433510"
00433650,FUN_00433650,169,2,"FUN_004358e0 FUN_00436100 FUN_00458620 FUN_00465e50 FUN_00468e20"
00433700,FUN_00433700,329,1,"FUN_004351f0 __security_check_cookie"
00433850,FUN_00433850,159,0,"FUN_0045ef60 __security_check_cookie"
004338f0,FUN_004338f0,159,0,"FUN_0045ef60 __security_check_cookie"
00433b20,FUN_00433b20,171,0,"FUN_0044f5f0 FUN_00469c40 FUN_0046a320 __security_check_cookie _sprintf"
00433bd0,FUN_00433bd0,231,0,"CreateThread FUN_004031a0 FUN_0041f8c0 FUN_00433b20 FUN_00435370 FUN_004525d0 FUN_00464320 FUN_0047296c timeGetTime"
00433cc0,FUN_00433cc0,475,2,"DeleteObject FUN_0041f860 FUN_00433ed0 FUN_0044f730 FUN_004516b0 FUN_00458620 FUN_00458ff0 FUN_0046acf0 FUN_004729ec _free"
00433ed0,FUN_00433ed0,168,1,"FUN_004133e0 FUN_00426430 FUN_00427b20 FUN_00433210 FUN_00440e80 FUN_00445450 FUN_004729ec"
00433f80,FUN_00433f80,742,0,"FUN_004681d0 FUN_00468270 FUN_0047296c"
00434270,FUN_00434270,352,0,"CloseHandle FUN_00469fe0 LeaveCriticalSection WriteFile _free"
004343d0,FUN_004343d0,520,0,"FUN_004360f0 FUN_0046a250 Sleep __beginthread _malloc _memset"
004345e0,FUN_004345e0,665,1,"FUN_004277c0 FUN_00469c40 FUN_00469ea0 FUN_0046a250 FUN_0046a320 __alloca_probe __security_check_cookie _free"
00434880,FUN_00434880,114,2,"FUN_00458ff0 __security_check_cookie _strrchr"
00434900,FUN_00434900,77,2,"FUN_00458ff0"
00434970,FUN_00434970,123,1,"FUN_00458ff0 __security_check_cookie _strrchr"
004349f0,FUN_004349f0,44,0,"FUN_00458ff0"
00434a20,FUN_00434a20,80,2,"FUN_00458ff0 FUN_0048fac0"
00434a70,FUN_00434a70,54,0,"FUN_0045ef60"
00434ab0,FUN_00434ab0,54,0,"FUN_0045ef60"
00434b70,FUN_00434b70,45,3,"FUN_0045ef60"
00434bc0,FUN_00434bc0,233,3,"FID_conflict:_sscanf _strchr _strncmp"
00434cb0,FUN_00434cb0,126,0,"EnterCriticalSection FUN_0046acf0 LeaveCriticalSection __beginthreadex"
00434d40,FUN_00434d40,267,0,"FUN_004670b0 FUN_00467420"
00434e50,FUN_00434e50,93,1,"FUN_00467480"
00434eb0,FUN_00434eb0,267,0,"FUN_004670b0 FUN_00467420"
00435090,FUN_00435090,343,0,"D3DXMatrixLookAtLH D3DXMatrixPerspectiveFovLH FUN_00435ec0 FUN_0045ef60 __security_check_cookie"
004351f0,FUN_004351f0,375,0,"D3DXMatrixLookAtLH D3DXMatrixPerspectiveFovLH D3DXVec3Normalize FUN_0045ef60 __security_check_cookie"
00435370,FUN_00435370,738,1,""
00435660,FUN_00435660,636,0,""
004358e0,FUN_004358e0,620,0,"EnterCriticalSection FUN_004135b0 FUN_00413630 FUN_00426910 FUN_00426980 FUN_004333f0 FUN_00433ed0 FUN_00435e50 FUN_00435f00 FUN_004360f0 FUN_004456c0 FUN_00445730 LeaveCriticalSection"
00435bc0,FUN_00435bc0,166,0,"FUN_004670b0 FUN_00467420 _malloc"
00435d20,FUN_00435d20,217,1,"FUN_004593b0"
00435e00,FUN_00435e00,80,0,""
00435e50,FUN_00435e50,27,0,""
00435e70,FUN_00435e70,74,2,""
00435ec0,FUN_00435ec0,31,1,"FUN_0048fd00"
00435ee0,FUN_00435ee0,19,1,"FUN_00435ec0"
00435f00,FUN_00435f00,37,0,"LeaveCriticalSection"
00436000,FUN_00436000,23,0,""
004360f0,FUN_004360f0,1,0,""
00436100,FUN_00436100,243,0,"FUN_0046d290"
00436250,FUN_00436250,33,0,""
00436280,FUN_00436280,41,0,""
004362b0,FUN_004362b0,318,1,"__time64"
00436400,FUN_00436400,104,0,"_memset"
00436470,FUN_00436470,270,0,"FUN_004681d0 FUN_00468270 FUN_0047296c"
004365a0,FUN_004365a0,35,0,""
004365d0,FUN_004365d0,214,0,"EnterCriticalSection FUN_00440e80 FUN_004686d0 FUN_004729ec LeaveCriticalSection"
004366b0,FUN_004366b0,70,0,"FUN_00436400 FUN_00436470 FUN_004365d0 FUN_0047296c FUN_004729ec"
00436740,FUN_00436740,282,0,"FUN_00436ec0 FUN_00437230 FUN_004384e0 FUN_00439270 FUN_0043a080 FUN_0048fac0"
00436890,FUN_00436890,370,2,"FUN_00401790"
00436a10,FUN_00436a10,1121,1,"FID_conflict:__localtime64 FUN_00401790 FUN_00436890 FUN_00467420"
00436ec0,FUN_00436ec0,392,0,"FUN_00425340 FUN_00427420 FUN_00427530 FUN_00439f50 FUN_0043a0b0 FUN_00458410 FUN_00458ff0 FUN_00467420 FUN_00467480 FUN_0048fac0"
00437050,FUN_00437050,342,0,"FUN_00427530 FUN_00439f50 FUN_0043a0b0 FUN_00458ff0 FUN_00467420 FUN_00467480 FUN_0048fac0"
004371b0,FUN_004371b0,116,0,"FUN_004255b0 FUN_00439ef0 FUN_00455160 FUN_00458ff0"
00437230,FUN_00437230,3497,1,"FUN_00403280 FUN_00411c70 FUN_00411ce0 FUN_00427c00 FUN_00427cb0 FUN_004371b0 FUN_004410f0 FUN_004411b0 FUN_004415a0 FUN_00441620 FUN_00458410 FUN_00467480 FUN_00467870 FUN_004678b0 FUN_00467df0 FUN_0046a900 FUN_0046a940 FUN_0046a970 __security_check_cookie _sprintf"
00438030,FUN_00438030,310,0,"FUN_00427420 FUN_00427530 FUN_00439fd0 FUN_0043a0b0 FUN_00458ff0"
00438170,FUN_00438170,338,0,"FUN_00427420 FUN_00434880 FUN_00439fd0 FUN_0043a0b0 FUN_00458ff0"
004382d0,FUN_004382d0,129,0,"FUN_00455160 FUN_00467480"
00438360,FUN_00438360,377,0,"FUN_004362b0 FUN_0046a970"
004384e0,FUN_004384e0,3244,1,"FUN_00403280 FUN_00411c70 FUN_00411ce0 FUN_004255b0 FUN_00427c00 FUN_00427cb0 FUN_00436250 FUN_004382d0 FUN_00438360 FUN_00439eb0 FUN_00439ef0 FUN_0043a0b0 FUN_00440e80 FUN_004410f0 FUN_004411b0 FUN_004415a0 FUN_00441620 FUN_00458410 FUN_00467480 FUN_00467870 FUN_004678b0 FUN_00467df0 FUN_0046a900 FUN_0046a940 FUN_0046a970 FUN_004729ec __security_check_cookie _sprintf"
00439270,FUN_00439270,2942,1,"FUN_00403280 FUN_00411c70 FUN_00411ce0 FUN_00436250 FUN_004382d0 FUN_00438360 FUN_0043a0b0 FUN_00440e80 FUN_004410f0 FUN_004411b0 FUN_004415a0 FUN_00441620 FUN_00458410 FUN_00467480 FUN_00467870 FUN_004678b0 FUN_00467df0 FUN_0046a900 FUN_0046a940 FUN_0046a970 FUN_004729ec __security_check_cookie _sprintf"
00439e10,FUN_00439e10,17,2,""
00439e30,FUN_00439e30,17,2,""
00439e50,FUN_00439e50,16,0,"FUN_0046a970"
00439e60,FUN_00439e60,18,0,"FUN_0046a970"
00439eb0,FUN_00439eb0,22,0,"FUN_00458ff0"
00439ef0,FUN_00439ef0,50,0,""
00439f50,FUN_00439f50,102,8,""
00439fd0,FUN_00439fd0,103,2,"FUN_00439f50 FUN_00467420 FUN_0048fac0"
0043a050,FUN_0043a050,17,2,""
0043a080,FUN_0043a080,27,0,""
0043a0b0,FUN_0043a0b0,181,1,"EnterCriticalSection FUN_004593b0 FUN_00466e60 FUN_00468010 LeaveCriticalSection"
0043a180,FUN_0043a180,389,1,""
0043a340,FUN_0043a340,54,0,""
0043a400,FUN_0043a400,284,1,"FUN_00403160 FUN_004031a0 _memset"
0043a550,FUN_0043a550,1485,1,"FUN_00402ea0 FUN_0043c280 FUN_004593b0 FUN_00465600 FUN_00468830 FUN_00468890 FUN_0046a250 FUN_0048fac0"
0043ab20,FUN_0043ab20,399,0,"FUN_0041fc80 FUN_0043a180 FUN_0043d380 FUN_004679b0"
0043acd0,FUN_0043acd0,463,2,"EnterCriticalSection FUN_00465f60 FUN_00467710 FUN_004686d0 FUN_004729ec LeaveCriticalSection _free"
0043aea0,FUN_0043aea0,147,0,"FUN_0043a400 FUN_0043a550 FUN_0043acd0 FUN_0047296c FUN_004729ec"
0043af60,FUN_0043af60,28,1,"FUN_0043acd0 FUN_004729ec"
0043af80,FUN_0043af80,1682,0,"FUN_004593b0 FUN_004670b0 FUN_00467420 FUN_00467480 FUN_0048fac0"
0043b680,FUN_0043b680,2859,3,"FUN_00403280 FUN_00407810 FUN_0040c9f0 FUN_00425820 FUN_00427150 FUN_00427190 FUN_00427300 FUN_0042a7c0 FUN_0042a820 FUN_00437050 FUN_00438030 FUN_0043a340 FUN_0043af80 FUN_0043cdd0 FUN_0043d380 FUN_0043df90 FUN_0043f1b0 FUN_0043f760 FUN_00458590 FUN_00459220 FUN_00459d90 FUN_00467420 FUN_0046a700 FUN_0046ae80 FUN_0046c1f0 FUN_0048fac0"
0043c1d0,FUN_0043c1d0,138,0,"FUN_00461b00"
0043c270,FUN_0043c270,10,0,"FUN_0043c1d0"
0043c280,FUN_0043c280,149,0,"FUN_00469c40"
0043c330,FUN_0043c330,103,1,"FUN_0049007a"
0043c3a0,FUN_0043c3a0,108,1,"FUN_0049007a"
0043c410,FUN_0043c410,350,2,"FUN_0043d0c0"
0043c570,FUN_0043c570,232,1,"FUN_0043d0c0"
0043c660,FUN_0043c660,644,4,"FUN_0043d0c0 FUN_00490190 FUN_004902c0"
0043c8f0,FUN_0043c8f0,561,4,"FUN_00490190 FUN_004902c0"
0043cb30,FUN_0043cb30,660,4,"FUN_0043d0c0 FUN_00490190 FUN_004902c0"
0043cdd0,FUN_0043cdd0,731,0,"FUN_0041fc80 FUN_00427260 FUN_00427300 FUN_004593b0"
0043d0c0,FUN_0043d0c0,691,1,"EnterCriticalSection FUN_00458410 FUN_004593b0 FUN_00466d60 FUN_004670b0 FUN_00467420 FUN_00468010 LeaveCriticalSection"
0043d380,FUN_0043d380,2100,0,"FUN_0041f2a0 FUN_004271c0 FUN_004670b0 FUN_00467480 FUN_0046a700 FUN_0048fac0"
0043dc10,FUN_0043dc10,252,0,"FUN_0043e460 FUN_0046a700 FUN_0048fac0"
0043dd20,FUN_0043dd20,495,1,"FUN_00432cc0 FUN_0043e460 FUN_0046a700 FUN_0048fac0 FUN_0049007a"
0043df90,FUN_0043df90,246,7,"_memset"
0043e090,FUN_0043e090,163,1,"FUN_00407ec0 FUN_00458410 FUN_004584a0"
0043e160,FUN_0043e160,31,1,"FUN_0046a700"
0043e180,FUN_0043e180,99,2,""
0043e1f0,FUN_0043e1f0,26,1,""
0043e210,FUN_0043e210,35,1,"FUN_0049007a"
0043e270,FUN_0043e270,32,1,""
0043e2a0,FUN_0043e2a0,33,2,""
0043e440,FUN_0043e440,31,1,"FUN_0049007a"
0043e460,FUN_0043e460,32,3,""
0043e590,FUN_0043e590,736,2,"FUN_004584a0 FUN_004670b0 FUN_00467420 FUN_0046a460 FUN_0046a700 FUN_0046ae00"
0043e870,FUN_0043e870,688,0,"FUN_00402ac0 FUN_00462070 FUN_00467420 FUN_004679b0 FUN_0046ae00 FUN_0046ae80 __security_check_cookie"
0043eb20,FUN_0043eb20,563,3,"FUN_00426f10 FUN_0043e2a0 FUN_004670b0 FUN_00467480 FUN_00467780 FUN_004679b0"
0043ed60,FUN_0043ed60,1023,4,"EnterCriticalSection FUN_004584a0 FUN_004593b0 FUN_00466d60 FUN_004670b0 FUN_00468010 FUN_0046a460 FUN_0046a700 FUN_0046ae00 LeaveCriticalSection"
0043f160,FUN_0043f160,76,0,"FUN_004271c0 FUN_0043ed60"
0043f1b0,FUN_0043f1b0,1454,1,"FUN_00401790 FUN_00402ac0 FUN_00403280 FUN_004101d0 FUN_0041f410 FUN_0043f160 FUN_00458410 FUN_00458590 FUN_004670b0 FUN_00467420 FUN_00467480 FUN_0048fac0"
0043f760,FUN_0043f760,1147,1,"FUN_0045f110 FUN_0045f610 FUN_0045fad0 FUN_00467420 FUN_004679b0 FUN_0046a700 FUN_0046ae80 FUN_0046c1f0 FUN_0048fac0 __security_check_cookie"
0043fbf0,FUN_0043fbf0,959,4,"FUN_00427260 FUN_0043eb20 FUN_00458410 FUN_00490190 FUN_004902c0"
0043ffc0,FUN_0043ffc0,537,2,"FUN_0041e210 FUN_004407f0 FUN_0046a700 FUN_0049007a"
00440210,FUN_00440210,328,2,"FUN_00458590 FUN_00467480 FUN_0048fac0"
00440370,FUN_00440370,296,2,"FUN_00403280 FUN_00414ce0 FUN_0041e210 FUN_00467480 FUN_0046a700"
004404b0,FUN_004404b0,206,2,"FUN_0043ed60 FUN_004407d0 FUN_0046a460 FUN_0046a700"
00440580,FUN_00440580,103,2,"FUN_0043df90 FUN_00467480"
00440640,FUN_00440640,71,2,"FUN_0046a460"
00440690,FUN_00440690,141,2,"FUN_0046a700 FUN_0049007a FUN_00490090"
00440760,FUN_00440760,47,0,"FUN_00490090"
00440790,FUN_00440790,48,0,"FUN_00490090"
004407c0,FUN_004407c0,16,1,""
004407d0,FUN_004407d0,32,3,""
004407f0,FUN_004407f0,99,2,""
00440860,FUN_00440860,52,1,"FUN_0049007a"
004408a0,FUN_004408a0,32,1,""
004408c0,FUN_004408c0,31,1,"FUN_0049007a"
004408e0,FUN_004408e0,110,1,""
00440990,FUN_00440990,1251,2,"FUN_004271c0 FUN_004277c0 FUN_00441e20 FUN_00442630 FUN_00442740 FUN_004681d0 FUN_00468270 FUN_00468830 FUN_00468890 FUN_0047296c _memset"
00440e80,FUN_00440e80,373,0,"EnterCriticalSection FUN_00442740 FUN_004686d0 FUN_004729ec LeaveCriticalSection `eh_vector_destructor_iterator'"
00441000,FUN_00441000,196,0,"FUN_00440990 FUN_00440e80 FUN_0047296c FUN_004729ec _memset `eh_vector_constructor_iterator'"
004410f0,FUN_004410f0,177,1,"FUN_00440e80 FUN_00441e20 FUN_0047296c FUN_004729ec _memset `eh_vector_constructor_iterator'"
004411b0,FUN_004411b0,19,0,"FUN_00440e80 FUN_004729ec"
004411d0,FUN_004411d0,305,0,"FUN_00411be0 FUN_00442450 FUN_004424b0 FUN_00442630 FUN_00467420"
00441310,FUN_00441310,395,0,"FUN_00411be0 FUN_00437050"
004414e0,FUN_004414e0,190,1,"FUN_00401790"
004415a0,FUN_004415a0,126,1,"__time64"
00441620,FUN_00441620,2028,3,"CloseHandle FID_conflict:__localtime64 FID_conflict:_memcpy FUN_00442630 FUN_00450560 FUN_00469b20 FUN_00469fe0 LeaveCriticalSection WriteFile __chdir __security_check_cookie _free _malloc _memset _sprintf"
00441e20,FUN_00441e20,494,1,"FUN_00450860 FUN_00469a00 FUN_00469c40 FUN_00469e00 FUN_0046a0a0 FUN_0046a1c0 FUN_0046a210 __chdir __security_check_cookie _free _malloc _sprintf"
00442020,FUN_00442020,10,0,"FUN_00441310"
00442090,FUN_00442090,384,0,"FUN_004271c0 FUN_004408e0 FUN_00442630 FUN_00442740"
00442210,FUN_00442210,326,0,"FUN_0047296c _memset"
00442450,FUN_00442450,85,4,""
004424b0,FUN_004424b0,37,2,""
00442630,FUN_00442630,137,0,"FUN_0047296c _memset"
00442740,FUN_00442740,93,1,"FUN_004729ec"
00442820,FUN_00442820,82,2,""
00442880,FUN_00442880,164,0,"_memset"
00442930,FUN_00442930,674,0,"_memset"
00442be0,FUN_00442be0,200,0,"EnterCriticalSection LeaveCriticalSection _memset"
00442cb0,FUN_00442cb0,172,0,"FUN_00442880 FUN_00442930 FUN_00442be0 FUN_00442e80 FUN_00469c40 __chdir _memset"
00442d90,FUN_00442d90,95,0,"FUN_00442cb0 FUN_0047296c"
00442e80,FUN_00442e80,442,1,"FID_conflict:_memcpy FUN_00442820 FUN_00450860 FUN_00469a00 _free _malloc"
00443040,FUN_00443040,832,0,"CloseHandle FID_conflict:_memcpy FUN_00450560 FUN_00469b20 FUN_00469fe0 FUN_0046a320 LeaveCriticalSection WriteFile __chdir _free _malloc"
00443430,FUN_00443430,180,1,"FUN_004681d0 FUN_00468270 FUN_0047296c"
004434f0,FUN_004434f0,259,2,"EnterCriticalSection FUN_00458590 FUN_004686d0 FUN_0046acf0 LeaveCriticalSection"
00443810,FUN_00443810,220,0,"FUN_00401900"
00443900,FUN_00443900,10,0,"FUN_00443810"
00443970,FUN_00443970,230,0,"FUN_00402ea0 FUN_00459220 FUN_004681d0 FUN_00468270 FUN_0047296c"
00443a60,FUN_00443a60,209,0,"EnterCriticalSection FUN_004686d0 LeaveCriticalSection _free"
00443b40,FUN_00443b40,118,0,"FUN_004031a0 FUN_00443970 FUN_00443a60 FUN_0047296c FUN_004729ec _memset"
00443bc0,FUN_00443bc0,21,0,"FUN_00443a60 FUN_004729ec"
00443be0,FUN_00443be0,27,0,"FUN_00443a60 FUN_004729ec"
00443c00,FUN_00443c00,161,2,"FUN_0048fac0"
00443cb0,FUN_00443cb0,827,3,"FUN_0045e920 FUN_0045ef60 FUN_0045f110 FUN_0048fac0"
00444010,FUN_00444010,210,2,""
004440f0,FUN_004440f0,20,1,""
00444110,FUN_00444110,16,1,""
00444120,FUN_00444120,16,1,""
00444150,FUN_00444150,83,0,"_free"
00444240,FUN_00444240,180,1,"FUN_004681d0 FUN_00468270 FUN_0047296c"
00444300,FUN_00444300,470,1,"EnterCriticalSection FUN_00444150 FUN_00465f60 FUN_004686d0 FUN_0046acf0 FUN_004729ec LeaveCriticalSection _free"
00444520,FUN_00444520,274,0,"FUN_00469c40 FUN_004703f0 FUN_0047296c __security_check_cookie _free _memset _sprintf"
004446d0,FUN_004446d0,937,1,"FUN_00411c70 FUN_00444150 FUN_0046a970 FUN_0046ad60 FUN_0046fe20 FUN_004706a0 FindClose FindFirstFileA FindNextFileA __security_check_cookie _malloc"
00444a80,FUN_00444a80,516,0,"FUN_00401900 FUN_0048fac0"
00444ca0,FUN_00444ca0,10,0,"FUN_00444a80"
00444cc0,FUN_00444cc0,73,1,""
00444d10,FUN_00444d10,6,0,""
00444d20,FUN_00444d20,91,2,""
00444d80,FUN_00444d80,82,1,""
00444de0,FUN_00444de0,39,0,"FUN_004670b0"
00444e10,FUN_00444e10,32,1,"FUN_00467480"
00444e80,FUN_00444e80,121,2,"FUN_00459d90 FUN_00467420"
00444f00,FUN_00444f00,106,2,"FUN_00459220 FUN_00467420"
00444f80,FUN_00444f80,21,2,"FUN_00467df0"
00444fa0,FUN_00444fa0,91,1,"FUN_00467420"
00445010,FUN_00445010,93,1,"FUN_00467420"
00445100,FUN_00445100,64,0,""
00445140,FUN_00445140,29,1,""
00445190,FUN_00445190,21,1,""
004451b0,FUN_004451b0,201,0,"_memset"
00445330,FUN_00445330,278,0,"FUN_00465600 FUN_004681d0 FUN_00468270 FUN_0046a250 FUN_0047296c"
00445450,FUN_00445450,600,1,"EnterCriticalSection FUN_00440e80 FUN_00465f60 FUN_004686d0 FUN_0046acf0 FUN_004729ec LeaveCriticalSection _free"
004456c0,FUN_004456c0,106,0,"FUN_004451b0 FUN_0046acf0 FUN_0047296c __beginthreadex"
00445730,FUN_00445730,28,0,"FUN_00445450 FUN_004729ec"
00445770,FUN_00445770,1110,1,"FUN_00414170 FUN_004349f0 FUN_00440e80 FUN_004410f0 FUN_00444d20 FUN_00445e50 FUN_00446950 FUN_00448a20 FUN_00449ce0 FUN_00449fe0 FUN_0044b680 FUN_0044c3f0 FUN_0044d560 FUN_0044df00 FUN_0044e890 FUN_0044e9a0 FUN_00458ff0 FUN_00467710 FUN_0046a900 FUN_004729ec FUN_0048fac0 __security_check_cookie _strrchr"
00445c10,FUN_00445c10,83,0,"FUN_0044bdb0 FUN_0044d250 FUN_0044dbb0 FUN_0044e4d0"
00445c80,FUN_00445c80,10,1,"FUN_00445770"
00445c90,FUN_00445c90,85,1,"FUN_0044bdb0 FUN_0044d250 FUN_0044dbb0 FUN_0044e4d0"
00445d00,FUN_00445d00,305,1,"FUN_00444d20 FUN_00444d80 FUN_00458410 FUN_004670b0 FUN_00467420 FUN_00467480"
00445e50,FUN_00445e50,2734,1,"FUN_00403280 FUN_00411ce0 FUN_00444d20 FUN_00444d80 FUN_00444de0 FUN_00444e80 FUN_00458410 FUN_00459d90 FUN_004670b0 FUN_00467420 FUN_00467480 FUN_004674f0 FUN_0046a900 FUN_0046a970"
00446950,FUN_00446950,842,1,"FUN_0043e2a0 FUN_00444d20 FUN_00444d80 FUN_00446cb0 FUN_00447ba0 FUN_00458410 FUN_004670b0 FUN_00467480 FUN_004674f0 FUN_0046a900 FUN_0046a940 FUN_0046a970"
00446cb0,FUN_00446cb0,3796,3,"FUN_00444e80 FUN_00459d90"
00447ba0,FUN_00447ba0,3597,0,"FUN_00458ff0 FUN_00459220 FUN_00467420 FUN_0048fac0"
00448a20,FUN_00448a20,860,1,"FUN_00444d20 FUN_00444d80 FUN_00448d90 FUN_004496f0 FUN_004497c0 FUN_00458410 FUN_004670b0 FUN_00467480 FUN_004674f0 FUN_00468d10 FUN_0046a940 FUN_0046a970"
00448d90,FUN_00448d90,2331,1,"FUN_00459220 FUN_00467420"
004496f0,FUN_004496f0,199,2,"FUN_00448d90 FUN_00458410"
004497c0,FUN_004497c0,1290,3,"FUN_00444e80 FUN_00459d90"
00449ce0,FUN_00449ce0,735,1,"FUN_00444d20 FUN_00444d80 FUN_00458410 FUN_004670b0 FUN_00467480 FUN_004674f0 FUN_0046a900 FUN_0046a940 FUN_0046a970"
00449fe0,FUN_00449fe0,1065,1,"FUN_00414210 FUN_00434a20 FUN_00444d20 FUN_00444d80 FUN_00445010 FUN_00445100 FUN_0044a440 FUN_004572b0 FUN_00458410 FUN_004670b0 FUN_00467480 FUN_004674f0 FUN_0046a900 FUN_0046a940 FUN_0046a970"
0044a440,FUN_0044a440,3840,2,"FUN_00444f00 FUN_00444fa0 FUN_00445010 FUN_00467420"
0044b3e0,FUN_0044b3e0,647,0,"FUN_00440e80 FUN_00441e20 FUN_0047296c FUN_004729ec FUN_00473a2f FindClose FindFirstFileA FindNextFileA __chdir __security_check_cookie _memset _sprintf `eh_vector_constructor_iterator'"
0044b680,FUN_0044b680,1721,2,"FUN_00414210 FUN_00434a20 FUN_00440e80 FUN_00444d20 FUN_00444d80 FUN_00444de0 FUN_0044f4d0 FUN_004572b0 FUN_00458410 FUN_004670b0 FUN_00467420 FUN_00467480 FUN_004674f0 FUN_0046a900 FUN_0046a940 FUN_0046a970 FUN_0046ad60 FUN_004729ec _memset"
0044bdb0,FUN_0044bdb0,1520,0,"FID_conflict:__localtime64 FUN_00401790 FUN_00444cc0 FUN_0044f430"
0044c3f0,FUN_0044c3f0,2793,2,"FUN_0040d4d0 FUN_00444d20 FUN_00444d80 FUN_00444de0 FUN_00444e10 FUN_0044cef0 FUN_00458410 FUN_004670b0 FUN_00467480 FUN_004674f0 FUN_00469940 FUN_0046a940 FUN_0046a970 _memset"
0044cef0,FUN_0044cef0,848,2,"FUN_00466370 FUN_00467420 __security_check_cookie _memset"
0044d250,FUN_0044d250,764,1,"FID_conflict:__localtime64 FUN_00401790 __aulldiv"
0044d560,FUN_0044d560,1582,1,"FUN_00403280 FUN_00411ce0 FUN_00434880 FUN_00434900 FUN_004362b0 FUN_004411b0 FUN_00444d20 FUN_00444d80 FUN_00444de0 FUN_00458410 FUN_004670b0 FUN_00467420 FUN_00467480 FUN_004674f0 FUN_0046a970"
0044dbb0,FUN_0044dbb0,829,1,"FID_conflict:__localtime64 FUN_00401790"
0044df00,FUN_0044df00,1448,1,"FUN_00411ce0 FUN_00434880 FUN_00434900 FUN_00440e80 FUN_004410f0 FUN_004411b0 FUN_004415a0 FUN_00441620 FUN_00444d20 FUN_00444d80 FUN_00458410 FUN_004670b0 FUN_00467420 FUN_00467480 FUN_004674f0 FUN_0046a940 FUN_0046a970 FUN_004729ec __security_check_cookie _memset _sprintf"
0044e4d0,FUN_0044e4d0,930,1,"FID_conflict:__localtime64 FUN_00401790"
0044e890,FUN_0044e890,264,0,"FUN_00427b20 FUN_00427c00 FUN_00444d20 FUN_004670b0 FUN_00467480 FUN_004729ec"
0044e9a0,FUN_0044e9a0,2462,2,"FUN_0040d1a0 FUN_0040d2a0 FUN_00434880 FUN_00434900 FUN_00444d20 FUN_00444d80 FUN_0044f350 FUN_0044f390 FUN_00458410 FUN_00458ff0 FUN_00466210 FUN_004670b0 FUN_00467420 FUN_00467480 FUN_00467780 FUN_00469c40 FUN_0046a940 FUN_0046a970 _free"
0044f350,FUN_0044f350,59,2,""
0044f390,FUN_0044f390,94,2,""
0044f430,FUN_0044f430,125,2,""
0044f4d0,FUN_0044f4d0,73,1,""
0044f5e0,FUN_0044f5e0,10,0,"FUN_0044f730"
0044f5f0,FUN_0044f5f0,172,0,"FUN_0044f730 FUN_0044f9a0 FUN_0044fd30 FUN_0044fe00 FUN_0047296c _malloc"
0044f730,FUN_0044f730,109,0,"FUN_0044fd30 FUN_00473a61 _free `eh_vector_destructor_iterator'"
0044f7d0,FUN_0044f7d0,328,3,"FUN_0044fd30 FUN_00450860 FUN_00469a00 __stricmp _free _malloc"
0044f9a0,FUN_0044f9a0,384,1,"FUN_0044fb20 FUN_00450860 FUN_00469a00 __security_check_cookie _free _malloc"
0044fb20,FUN_0044fb20,339,3,"FUN_004725a4 _malloc `eh_vector_constructor_iterator'"
0044fcb0,FUN_0044fcb0,26,1,"_free"
0044fd30,FUN_0044fd30,1,0,""
0044fd80,FUN_0044fd80,69,2,"CloseHandle FUN_004729ec"
0044fdd0,FUN_0044fdd0,46,1,"CloseHandle"
0044fe00,FUN_0044fe00,413,3,"CreateFileA DeleteFileA GetModuleFileNameA SetFilePointer __security_check_cookie _strchr _strrchr"
0044ffb0,FUN_0044ffb0,34,1,"CloseHandle"
0044ffe0,FUN_0044ffe0,61,3,"ReadFile"
00450020,FUN_00450020,66,3,"WriteFile"
00450070,FUN_00450070,25,1,"SetFilePointer"
00450090,FUN_00450090,21,1,"GetFileSize"
004500b0,FUN_004500b0,40,3,"SetFilePointer"
004500e0,FUN_004500e0,153,2,"_free _malloc"
00450210,FUN_00450210,34,2,"FUN_004729ec"
00450270,FUN_00450270,202,1,"__security_check_cookie _strchr"
00450380,FUN_00450380,208,1,"CloseHandle FUN_0044f7d0 FUN_0044fe00 FUN_004500e0 FUN_00450270 GetFileSize _strchr"
00450450,FUN_00450450,251,1,"CloseHandle FUN_0044fe00 FUN_00450270 GetFileSize __stricmp _strchr"
00450560,FUN_00450560,750,3,"FUN_00450a90 FUN_00450cd0 FUN_00450d70 _malloc _memset"
00450860,FUN_00450860,436,4,"_malloc"
00450a90,FUN_00450a90,559,3,""
00450cd0,FUN_00450cd0,79,1,"FUN_00450cd0 FUN_00450d20 FUN_00450d70 FUN_00450e00"
00450d20,FUN_00450d20,80,2,""
00450d70,FUN_00450d70,134,2,""
00450e00,FUN_00450e00,43,0,""
00450e40,FUN_00450e40,5,0,""
00450e70,FUN_00450e70,72,2,"FUN_004729ec _free"
00450ec0,FUN_00450ec0,49,1,"_free"
00450f00,FUN_00450f00,47,2,"FUN_00450380 FUN_00450450"
00450f30,FUN_00450f30,37,1,"_free"
00450f60,FUN_00450f60,91,3,"FID_conflict:_memcpy"
00450fc0,FUN_00450fc0,7,1,""
00450fd0,FUN_00450fd0,4,1,""
00450fe0,FUN_00450fe0,107,3,""
00451060,FUN_00451060,180,3,"CreateProcessA GetExitCodeProcess"
00451140,FUN_00451140,72,2,"FUN_004729ec _free"
00451190,FUN_00451190,49,1,"_free"
004511d0,FUN_004511d0,173,2,"FID_conflict:_memcpy FindResourceA FreeResource LoadResource LockResource SizeofResource _malloc"
004512c0,FUN_004512c0,39,2,"FUN_0046acf0 FUN_004729ec"
00451340,FUN_00451340,423,0,"EnterCriticalSection LeaveCriticalSection QueryPerformanceCounter Sleep timeGetTime"
00451520,FUN_00451520,112,1,"FUN_00453210"
004515d0,FUN_004515d0,43,1,"FUN_00453210"
004516b0,FUN_004516b0,105,0,"DeleteDC DeleteObject SelectObject"
00451740,FUN_00451740,413,1,"CreateCompatibleDC CreateDIBSection FUN_004516b0 SelectObject __security_check_cookie _memset"
004519c0,FUN_004519c0,817,1,""
00451d00,FUN_00451d00,166,1,""
00451e50,FUN_00451e50,273,7,"CreateFontA DeleteObject FUN_00451f70 FUN_00453210 FUN_004729ec __security_check_cookie"
00451f70,FUN_00451f70,473,6,"DrawTextA SelectObject SetBkMode SetTextColor __security_check_cookie"
00452150,FUN_00452150,224,1,"FID_conflict:_memcpy __security_check_cookie"
00452230,FUN_00452230,224,1,"FID_conflict:_memcpy __security_check_cookie"
00452310,FUN_00452310,645,6,"__security_check_cookie"
004525a0,FUN_004525a0,37,2,"D3DXCreateTexture"
004525d0,FUN_004525d0,516,0,"CreateFontA EnterCriticalSection FUN_00451740 LeaveCriticalSection"
00452840,FUN_00452840,668,9,"D3DXLoadSurfaceFromMemory FUN_004519c0 FUN_00451d00 SelectObject SetBkMode SetTextColor TextOutA __security_check_cookie _memset"
00452b00,FUN_00452b00,554,8,"D3DXLoadSurfaceFromMemory FUN_004519c0 FUN_00451d00 SelectObject SetBkMode SetTextColor TextOutA __security_check_cookie"
00452d50,FUN_00452d50,40,1,"FUN_00453210"
00452de0,FUN_00452de0,112,1,"FID_conflict:_memcpy FUN_00472733"
00452e50,FUN_00452e50,152,2,"FID_conflict:_memcpy FUN_00452de0 FUN_004531c0 FUN_00472733"
00452f20,FUN_00452f20,34,0,"exception"
00452f60,FUN_00452f60,39,2,"FUN_004729ec FUN_00473bbf"
00452f90,FUN_00452f90,28,2,"exception"
00452fb0,FUN_00452fb0,68,0,"FUN_0047296c __CxxThrowException@8 exception"
00453000,FUN_00453000,74,1,"FUN_0047296c __CxxThrowException@8 exception"
00453050,FUN_00453050,177,2,"FUN_00453125 FUN_0047296c __CxxThrowException@8 exception"
00453101,Catch_All@00453101,30,0,"FUN_00453000"
00453125,FUN_00453125,95,0,"FID_conflict:_memcpy FUN_004729ec"
00453184,Catch_All@00453184,46,0,"FUN_004729ec __CxxThrowException@8"
004531c0,FUN_004531c0,68,0,"FUN_00453050 FUN_004726e6"
00453210,FUN_00453210,204,1,"FID_conflict:_memcpy FUN_00452e50 FUN_00453050 FUN_004726e6"
004532f0,FUN_004532f0,40,1,"FUN_00453210"
004533f0,FUN_004533f0,35,0,"FUN_004729ec"
004534b0,FUN_004534b0,61,1,"FID_conflict:_memcpy FUN_004729ec"
00453510,FUN_00453510,1,0,""
00453520,FUN_00453520,124,1,"FUN_00468310 FUN_00468580 FUN_0046acf0"
004535e0,FUN_004535e0,102,0,"FUN_00469ea0 FUN_0046a250 MessageBoxA"
004536a0,FUN_004536a0,124,0,""
00453720,FUN_00453720,165,0,""
004537d0,FUN_004537d0,371,0,"D3DXLoadSurfaceFromSurface FUN_0045ef60 __security_check_cookie"
004539d0,FUN_004539d0,2434,1,"CreateMutexA CreateThread DeleteCriticalSection DestroyWindow Direct3DCreate9 DispatchMessageA FUN_00433cc0 FUN_00433f80 FUN_004345e0 FUN_00435d20 FUN_00435e00 FUN_00453510 FUN_004535e0 FUN_004536a0 FUN_00453720 FUN_00454360 FUN_004545d0 FUN_004547d0 FUN_00454bd0 FUN_00454e50 FUN_00455160 FUN_00455320 FUN_00455560 FUN_00455a70 FUN_00455dd0 FUN_00455f50 FUN_00456620 FUN_00457630 FUN_00457ad0 FUN_00463750 FUN_00464240 FUN_004688f0 FUN_004699b0 FUN_00469ea0 FUN_0046a250 FUN_0046a320 FUN_0046acf0 FUN_0047296c FUN_004729ec GetKeyboardState GetLastError GetSystemMetrics GetWindowRect InitializeCriticalSection MoveWindow PeekMessageA SetCursor SetForegroundWindow SetWindowLongA SetWindowPos ShowCursor ShowWindow SystemParametersInfoA TranslateMessage WINNLSEnableIME __alloca_probe __security_check_cookie _memset timeBeginPeriod timeEndPeriod"
00454360,FUN_00454360,135,1,"FUN_00468310 FUN_00468580 FUN_0046acf0 FUN_004729ec"
00454420,FUN_00454420,420,4,"DefWindowProcA LoadCursorA SetCursor SetForegroundWindow ShowCursor"
004545d0,FUN_004545d0,410,0,"FUN_00453510 FUN_00473a2f GetEnvironmentVariableA GetModuleFileNameA GetProcAddress LoadLibraryA QueryPerformanceCounter QueryPerformanceFrequency SystemParametersInfoA __chdir _strrchr"
004547d0,FUN_004547d0,360,1,"FUN_00434ab0 FUN_00435090 FUN_00454940 FUN_00455160 FUN_0045ef20 FUN_0045ef60 FUN_00468310 FUN_00468460 FUN_0046acf0"
00454940,FUN_00454940,650,0,"FUN_0040da50 FUN_0041f990 FUN_00435d20 FUN_004536a0 FUN_00453720 FUN_004550b0 FUN_00455160 FUN_00455a70 FUN_0048fac0 Sleep"
00454bd0,FUN_00454bd0,443,1,"FUN_00434ab0 FUN_00435090 FUN_00454d90 FUN_00455160 FUN_0045ef20 FUN_0045ef60 FUN_00468310 FUN_00468460 FUN_0046acf0 Sleep"
00454d90,FUN_00454d90,190,1,"FUN_0040da50 FUN_0041f990 FUN_00435d20 FUN_004536a0 FUN_00453720 FUN_004550b0 FUN_00455a70"
00454e50,FUN_00454e50,288,1,"FUN_00434ab0 FUN_00435090 FUN_00454f70 FUN_00455160 FUN_0045ef20 FUN_0045ef60 FUN_00468310 FUN_00468460 FUN_0046acf0"
00454f70,FUN_00454f70,314,0,"FUN_0040da50 FUN_0041f990 FUN_00435d20 FUN_004536a0 FUN_00453720 FUN_004550b0 FUN_00455160 FUN_00455a70 FUN_0048fac0 Sleep"
004550b0,FUN_004550b0,168,1,"FUN_004343d0 FUN_004537d0 FUN_00469e00 FUN_00473a2f __chdir __security_check_cookie _sprintf"
00455160,FUN_00455160,266,0,"EnterCriticalSection LeaveCriticalSection QueryPerformanceCounter timeGetTime"
00455270,FUN_00455270,125,0,"QueryPerformanceCounter timeGetTime"
00455320,FUN_00455320,566,1,"CreateWindowExA GetStockObject GetSystemMetrics GetWindowRect LoadCursorA RegisterClassA SendMessageA Sleep"
00455560,FUN_00455560,1284,0,"D3DXMatrixLookAtLH D3DXMatrixPerspectiveFovLH FUN_00435ec0 FUN_00455a70 FUN_00456760 FUN_0046a250 FUN_0046a320 __security_check_cookie _memset"
00455a70,FUN_00455a70,802,1,""
00455dd0,FUN_00455dd0,355,0,"FUN_00456050 FUN_00469e00 GetConsoleTitleA GetModuleFileNameA GetStartupInfoA __security_check_cookie __stricmp _memset _strrchr"
00455f50,FUN_00455f50,256,0,"FUN_00453510 FUN_00469c40 GetModuleFileNameA __security_check_cookie _free"
00456050,FUN_00456050,306,0,"CoCreateInstance CoInitialize CoUninitialize FUN_004725a4 FUN_004729ec MultiByteToWideChar __security_check_cookie"
00456190,FUN_00456190,400,3,"EndDialog GetDlgItem IsDlgButtonChecked SendMessageA"
00456330,FUN_00456330,441,0,"DirectInput8Create FUN_00436000 FUN_0046a250"
00456540,FUN_00456540,67,1,""
00456590,FUN_00456590,133,1,"__security_check_cookie"
00456620,FUN_00456620,79,0,"FUN_00456330"
004566c0,FUN_004566c0,157,0,""
00456760,FUN_00456760,99,0,"FUN_004566c0 FUN_0045ef60"
004567d0,FUN_004567d0,98,2,"FUN_00402ac0 FUN_0048fac0"
00456840,FUN_00456840,474,0,"FUN_0045ef60 __security_check_cookie"
00456a30,FUN_00456a30,488,4,"FUN_0045ef60 __security_check_cookie"
00456c20,FUN_00456c20,130,0,"FUN_00456840 FUN_0045ef60"
00456cb0,FUN_00456cb0,135,2,"FUN_00402ac0 FUN_0048fac0"
00456d40,FUN_00456d40,72,0,"FUN_00456840"
00456d90,FUN_00456d90,193,2,"FUN_0048fac0"
00456e60,FUN_00456e60,62,0,"FUN_00456840"
00456ea0,FUN_00456ea0,72,0,"FUN_00456840"
00456ef0,FUN_00456ef0,203,1,"FUN_00402ac0"
00456fc0,FUN_00456fc0,80,0,"FUN_00456840"
00457010,FUN_00457010,246,1,"FUN_00402ac0 FUN_0046a460"
00457110,FUN_00457110,352,1,"FUN_00402ac0 FUN_0046a460"
00457270,FUN_00457270,27,1,"FUN_004574f0 FUN_004729ec"
004572b0,FUN_004572b0,79,5,"FUN_00457360 FUN_0047296c _memset"
00457360,FUN_00457360,362,5,"FUN_00468770 FUN_004687d0"
004574f0,FUN_004574f0,166,0,"EnterCriticalSection FUN_004686d0 LeaveCriticalSection"
004575a0,FUN_004575a0,19,1,"FUN_0046a460"
004575d0,FUN_004575d0,69,1,"CreateThread _memset"
00457630,FUN_00457630,173,0,"CloseHandle Sleep WaitForSingleObject"
00457720,FUN_00457720,737,2,"DirectSoundCreate8 FUN_00458c40 FUN_0046a250 FUN_0046c4d0 FUN_0047296c FUN_004729ec SetTimer __security_check_cookie _memset"
00457aa0,FUN_00457aa0,39,0,"CreateThread"
00457ad0,FUN_00457ad0,275,0,"FUN_00458210 FUN_004729ec KillTimer _free"
00457bf0,FUN_00457bf0,74,2,"_strncmp"
00457c40,FUN_00457c40,223,2,"__security_check_cookie _strrchr"
00457d20,FUN_00457d20,37,2,"FUN_00469c40"
00457d50,FUN_00457d50,37,1,"FUN_00469c40"
00457d80,FUN_00457d80,226,0,"CreateEventA CreateThread FUN_00458210 FUN_0046c5b0"
00457e70,FUN_00457e70,69,1,"FUN_00457c40 FUN_004591a0 FUN_0046dad0"
00457ec0,FUN_00457ec0,508,1,"CloseHandle CreateFileA EnterCriticalSection FUN_00435f00 FUN_00457c40 FUN_004591a0 LeaveCriticalSection ReadFile SetFilePointer _free _malloc"
004580c0,FUN_004580c0,276,0,"CreateEventA CreateThread FUN_00457e70 FUN_004591a0 FUN_0046c850"
004581e0,FUN_004581e0,44,2,"FUN_0046d200"
00458210,FUN_00458210,154,0,"CloseHandle FUN_0046d310 PostThreadMessageA WaitForSingleObject"
004582b0,FUN_004582b0,351,1,"CloseHandle FUN_0048fac0 Sleep WaitForSingleObject"
00458410,FUN_00458410,136,2,""
004584a0,FUN_004584a0,168,2,"FUN_0048fac0"
00458550,FUN_00458550,52,2,"FUN_0048fac0"
00458590,FUN_00458590,137,1,""
00458620,FUN_00458620,1321,2,"CloseHandle EnterCriticalSection FUN_00457c40 FUN_00457ec0 FUN_004580c0 FUN_00458210 FUN_00458b70 FUN_004591a0 FUN_0046cca0 FUN_0046ce90 FUN_0046d1a0 FUN_0046d200 FUN_0046d290 FUN_0046d310 FUN_0046d3a0 FUN_0046d420 FUN_0046d8b0 FUN_0046dad0 FUN_0048fac0 LeaveCriticalSection PostThreadMessageA WaitForSingleObject"
00458b70,FUN_00458b70,195,0,"FUN_0048fac0"
00458c40,FUN_00458c40,740,1,"FID_conflict:_memcpy FUN_00457bf0 FUN_004591a0 FUN_0046a250 Sleep __security_check_cookie _free _strncmp"
00458f30,FUN_00458f30,181,0,"FUN_0046d6a0 MsgWaitForMultipleObjects PeekMessageA"
00458ff0,FUN_00458ff0,155,2,"EnterCriticalSection LeaveCriticalSection"
004590b0,FUN_004590b0,34,2,"FUN_0048fac0"
004590e0,FUN_004590e0,46,2,"FUN_0048fac0"
004591a0,FUN_004591a0,1,0,""
00459220,FUN_00459220,396,2,""
004593b0,FUN_004593b0,262,0,"FUN_00402ea0 FUN_00407080 _memset"
004594c0,FUN_004594c0,295,1,"FUN_00402ea0 FUN_00407080 _memset"
004595f0,FUN_004595f0,246,1,"FUN_00459d90 _memset"
004596f0,FUN_004596f0,300,2,"FUN_00459d90"
00459820,FUN_00459820,209,1,"FUN_00469c40 FUN_00469e00 __security_check_cookie _sprintf"
00459900,FUN_00459900,482,2,"FUN_00412e90 FUN_0046a460 FUN_0046a5d0 FUN_0046a600 FUN_0048fac0"
00459b50,FUN_00459b50,138,1,"FUN_0046a460 FUN_0048fac0"
00459c30,FUN_00459c30,95,2,"FUN_0048fac0"
00459ce0,FUN_00459ce0,62,2,""
00459d50,FUN_00459d50,52,1,""
00459d90,FUN_00459d90,13109,2,"FUN_00403280 FUN_004065d0 FUN_00406f80 FUN_0040ccf0 FUN_0040cea0 FUN_0040d130 FUN_00459220 FUN_00459900 FUN_00459b50 FUN_00459c30 FUN_00459ce0 FUN_00459d50 FUN_0045d3d0 FUN_0045d6c0 FUN_0045d810 FUN_0045dad0 FUN_0045db20 FUN_0045e010 FUN_0045e080 FUN_0045e190 FUN_0045e240 FUN_0045e2c0 FUN_0045e4d0 FUN_0045e5e0 FUN_0045e6c0 FUN_0045f110 FUN_0045f610 FUN_0045fad0 FUN_00462070 FUN_004631a0 FUN_00467220 FUN_00467330 FUN_00467780 FUN_0046a460 FUN_0046a660 FUN_0046a700 FUN_0046aa20 FUN_0048fac0 FUN_0048fb7a FUN_0048fbe0 FUN_0048fd00 FUN_0048ff60 FUN_00490190 FUN_004902c0 __security_check_cookie _malloc"
0045d2c0,FUN_0045d2c0,109,1,""
0045d360,FUN_0045d360,95,3,"FUN_00402ea0 FUN_004593b0"
0045d3d0,FUN_0045d3d0,721,2,"FUN_00402ac0 FUN_0046b190 FUN_0048fac0"
0045d6c0,FUN_0045d6c0,335,2,"FUN_00402ac0 FUN_0046b190 FUN_0048fac0"
0045d810,FUN_0045d810,597,0,"FUN_00402ac0 FUN_00432cc0 FUN_0046a700 FUN_0046b190"
0045dad0,FUN_0045dad0,52,0,""
0045db20,FUN_0045db20,607,0,"FUN_00402ac0 FUN_0046b190"
0045dd90,FUN_0045dd90,44,0,"FUN_0046b190"
0045ddc0,FUN_0045ddc0,44,0,"FUN_0046b190"
0045ddf0,FUN_0045ddf0,44,0,"FUN_0046b190"
0045de30,FUN_0045de30,44,0,"FUN_0046b190"
0045de70,FUN_0045de70,26,2,""
0045dea0,FUN_0045dea0,99,2,""
0045df10,FUN_0045df10,31,1,"FUN_0046a700"
0045df30,FUN_0045df30,31,1,"FUN_0046a700"
0045df70,FUN_0045df70,51,2,"FUN_0048fac0"
0045e010,FUN_0045e010,32,3,""
0045e040,FUN_0045e040,21,0,"FUN_0048fbe0"
0045e060,FUN_0045e060,24,1,"FUN_0048fb7a"
0045e080,FUN_0045e080,140,4,""
0045e190,FUN_0045e190,140,4,""
0045e220,FUN_0045e220,18,2,""
0045e240,FUN_0045e240,120,4,""
0045e2c0,FUN_0045e2c0,227,4,""
0045e3c0,FUN_0045e3c0,18,3,""
0045e4d0,FUN_0045e4d0,227,4,""
0045e5c0,FUN_0045e5c0,18,3,""
0045e5e0,FUN_0045e5e0,61,2,""
0045e6c0,FUN_0045e6c0,133,4,""
0045e750,FUN_0045e750,25,1,""
0045e770,FUN_0045e770,387,0,"FUN_0045ef60"
0045e920,FUN_0045e920,1513,2,"FUN_0045e750 FUN_0045e770 FUN_0045ef60 FUN_0045f040"
0045ef20,FUN_0045ef20,56,0,""
0045ef60,FUN_0045ef60,213,0,""
0045f040,FUN_0045f040,138,2,""
0045f110,FUN_0045f110,1209,2,"FUN_0048fdf0"
0045f5d0,FUN_0045f5d0,52,1,"FUN_0045e920 FUN_0045f110"
0045f610,FUN_0045f610,1020,3,""
0045fa10,FUN_0045fa10,55,3,"FUN_0045e920 FUN_0045f610"
0045fa50,FUN_0045fa50,54,6,""
0045fa90,FUN_0045fa90,54,6,""
0045fad0,FUN_0045fad0,623,1,""
0045fd40,FUN_0045fd40,48,1,"FUN_0045e920 FUN_0045fad0"
0045fd70,FUN_0045fd70,48,1,"FUN_0045e920 FUN_0045fad0"
0045fda0,FUN_0045fda0,1171,1,"D3DXVec3Project FUN_00490090 __security_check_cookie"
00460240,FUN_00460240,40,1,"FUN_0045e920 FUN_0045fda0"
00460270,FUN_00460270,1850,2,"FUN_0045e920 FUN_0045fda0 FUN_0048fac0 FUN_00490090"
004609c0,FUN_004609c0,385,1,"D3DXMatrixMultiply D3DXMatrixRotationX D3DXMatrixRotationY D3DXMatrixRotationZ __security_check_cookie"
00460b50,FUN_00460b50,48,0,"FUN_0045e920 FUN_004609c0"
00460b80,FUN_00460b80,585,2,"D3DXVec3Transform FUN_0045e920 FUN_004609c0 FUN_00490090 __security_check_cookie"
00460dd0,FUN_00460dd0,1429,1,"D3DXMatrixMultiply D3DXMatrixRotationX D3DXMatrixRotationY D3DXMatrixRotationZ FUN_0045e770 FUN_0045ef60 __security_check_cookie"
00461370,FUN_00461370,248,1,""
00461470,FUN_00461470,248,1,""
004615a0,FUN_004615a0,297,3,"FUN_0045e770 FUN_0045ef60"
004616d0,FUN_004616d0,142,2,"FUN_0045e770 FUN_0045ef60 FUN_0045f040"
00461760,FUN_00461760,335,2,"FUN_0045e770 FUN_0045ef60"
004618b0,FUN_004618b0,335,2,"FUN_0045e770 FUN_0045ef60"
00461a00,FUN_00461a00,242,2,"FUN_0045e770 FUN_0045ef60"
00461b00,FUN_00461b00,1276,2,"FUN_00434a70 FUN_00434ab0 FUN_0045e770 FUN_0045f5d0 FUN_0045fa10 FUN_0045fd40 FUN_0045fd70 FUN_00460240 FUN_00460270 FUN_00460b50 FUN_00460b80 FUN_00460dd0 FUN_004615a0 FUN_00461a00 FUN_004620e0 FUN_004626b0 FUN_004628d0 FUN_00462960 FUN_00462a00 FUN_00462d60 FUN_004630f0"
00462070,FUN_00462070,87,1,"FUN_0045f110 FUN_0045f610 FUN_0045fad0"
004620e0,FUN_004620e0,533,7,"FUN_0045ef60"
00462300,FUN_00462300,500,8,""
00462500,FUN_00462500,422,8,""
004626b0,FUN_004626b0,535,7,"FUN_0045ef60"
004628d0,FUN_004628d0,139,6,"FUN_004620e0"
00462960,FUN_00462960,160,5,"FUN_004626b0"
00462a00,FUN_00462a00,396,6,"FUN_0045ef60 FUN_004630a0 FUN_0046a660"
00462b90,FUN_00462b90,464,2,""
00462d60,FUN_00462d60,368,6,"FUN_004630a0 FUN_0046a660"
00462ed0,FUN_00462ed0,453,7,"FUN_004630a0 FUN_0046a660"
004630a0,FUN_004630a0,32,3,""
004630f0,FUN_004630f0,108,1,""
00463160,FUN_00463160,58,0,"FUN_00490090"
004631a0,FUN_004631a0,764,0,"FUN_00463700 FUN_0046a460 _free _malloc"
004634a0,FUN_004634a0,559,1,"FUN_00463700"
00463700,FUN_00463700,32,3,""
00463750,FUN_00463750,2763,1,"FUN_00402ea0 FUN_004031a0 FUN_004681d0 FUN_00468270 FUN_0047296c _memset `eh_vector_constructor_iterator'"
00464240,FUN_00464240,223,1,"FUN_00466f60 _free `eh_vector_destructor_iterator'"
00464320,FUN_00464320,490,0,""
004645f0,FUN_004645f0,1709,1,"__security_check_cookie"
00464ce0,FUN_00464ce0,245,3,"D3DXCreateTextureFromFileInMemoryEx FUN_004645f0 FUN_00469c40 __security_check_cookie _free _sprintf"
00464de0,FUN_00464de0,156,1,"D3DXLoadSurfaceFromFileInMemory FUN_004645f0 __security_check_cookie"
00464e80,FUN_00464e80,330,4,"D3DXLoadSurfaceFromFileInMemory D3DXLoadSurfaceFromMemory FUN_004645f0 __security_check_cookie"
00464fd0,FUN_00464fd0,511,4,"D3DXCreateTexture D3DXCreateTextureFromFileInMemoryEx D3DXLoadSurfaceFromSurface FUN_004645f0 FUN_00468130 __security_check_cookie"
004651d0,FUN_004651d0,296,4,"D3DXCreateTexture D3DXLoadSurfaceFromMemory __security_check_cookie"
00465300,FUN_00465300,70,1,"D3DXCreateTexture"
00465350,FUN_00465350,69,0,""
004653f0,FUN_004653f0,96,3,"FUN_00468130 FUN_0046a320 __security_check_cookie"
00465450,FUN_00465450,419,0,"FUN_00465680 FUN_00469c40 FUN_0046a320 FUN_0047296c __security_check_cookie _malloc _memset _sprintf"
00465600,FUN_00465600,118,1,"FUN_004653f0 FUN_00468130 Sleep"
00465680,FUN_00465680,231,2,"FUN_00469c40 FUN_0046a320 __security_check_cookie _sprintf"
00465770,FUN_00465770,994,1,"FUN_00464fd0 FUN_004651d0 FUN_00465300 FUN_00465350 FUN_00466090 FUN_00468130 FUN_0046a320 __security_check_cookie"
00465b60,FUN_00465b60,738,5,"FUN_00464fd0 FUN_004651d0 FUN_00465300 FUN_00465350 FUN_00466090 FUN_0046a320 __security_check_cookie"
00465e50,FUN_00465e50,140,1,"FUN_00465770 FUN_00465f60 FUN_004729ec"
00465f20,FUN_00465f20,51,1,"FUN_00465f60 FUN_004729ec"
00465f60,FUN_00465f60,251,1,"FUN_00467710 _free"
00466090,FUN_00466090,145,2,""
00466130,FUN_00466130,210,9,"FUN_00452840 FUN_00452b00 FUN_0048fac0 __security_check_cookie"
00466210,FUN_00466210,132,6,"FUN_00466130 __security_check_cookie _vsprintf"
004662a0,FUN_004662a0,196,5,"FUN_00466130 FUN_0048fac0 __security_check_cookie _vsprintf"
00466370,FUN_00466370,193,5,"FUN_00466130 FUN_0048fac0 __security_check_cookie _vsprintf"
00466440,FUN_00466440,328,2,"D3DXLoadSurfaceFromSurface FUN_0045ef60 __security_check_cookie"
00466590,FUN_00466590,243,6,"D3DXLoadSurfaceFromSurface FUN_0045ef60"
004668f0,FUN_004668f0,138,0,"FUN_00435090 FUN_0045ef60 FUN_00466ce0"
00466af0,FUN_00466af0,229,0,"EnterCriticalSection FUN_00459d90 FUN_00466f60 LeaveCriticalSection"
00466be0,FUN_00466be0,246,0,"EnterCriticalSection FUN_00459d90 FUN_00466f60 LeaveCriticalSection"
00466ce0,FUN_00466ce0,126,1,"EnterCriticalSection FUN_00461b00 LeaveCriticalSection"
00466d60,FUN_00466d60,124,1,""
00466de0,FUN_00466de0,119,1,""
00466e60,FUN_00466e60,124,1,""
00466ee0,FUN_00466ee0,119,1,""
00466f60,FUN_00466f60,320,0,"FUN_004729ec _free"
004670b0,FUN_004670b0,364,5,"EnterCriticalSection FUN_004593b0 FUN_004594c0 FUN_00466d60 FUN_00466de0 FUN_00466e60 FUN_00466ee0 FUN_00468010 LeaveCriticalSection"
00467220,FUN_00467220,266,4,"EnterCriticalSection FUN_004593b0 FUN_00466d60 FUN_00466de0 FUN_00466e60 FUN_00466ee0 FUN_00468010 LeaveCriticalSection"
00467330,FUN_00467330,230,3,"EnterCriticalSection FUN_004593b0 FUN_00466d60 FUN_00468010 LeaveCriticalSection"
00467420,FUN_00467420,86,3,""
00467480,FUN_00467480,103,2,"FUN_00467420"
004674f0,FUN_004674f0,128,2,"FUN_00459d90 FUN_00467420"
00467570,FUN_00467570,67,2,"FUN_00467420"
004675c0,FUN_004675c0,52,2,"FUN_00467420"
00467600,FUN_00467600,39,3,"FUN_00467420"
00467630,FUN_00467630,52,2,"FUN_00467420"
00467670,FUN_00467670,70,2,"FUN_00467420"
004676f0,FUN_004676f0,31,3,"FUN_00467420"
00467710,FUN_00467710,78,2,""
00467760,FUN_00467760,21,1,"FUN_00461b00"
00467780,FUN_00467780,21,1,"FUN_00467420"
00467870,FUN_00467870,64,0,"FUN_00467420"
004678b0,FUN_004678b0,64,0,"FUN_00467420"
004679b0,FUN_004679b0,70,1,"FUN_00467420"
00467a00,FUN_00467a00,45,1,"FUN_00467420"
00467a30,FUN_00467a30,38,2,"FUN_00467420"
00467b00,FUN_00467b00,39,1,"FUN_00459220 FUN_00467420"
00467b70,FUN_00467b70,36,2,"FUN_00459220 FUN_00467420"
00467ba0,FUN_00467ba0,41,0,"FUN_004596f0 FUN_00467420"
00467bd0,FUN_00467bd0,133,1,"__security_check_cookie _memset"
00467c60,FUN_00467c60,242,1,"__security_check_cookie _memset"
00467df0,FUN_00467df0,73,1,"FUN_00467420"
00467e90,FUN_00467e90,20,1,""
00467eb0,FUN_00467eb0,20,1,""
00467ed0,FUN_00467ed0,20,1,""
00467ef0,FUN_00467ef0,118,2,"EnterCriticalSection FUN_00466d60 FUN_00468010 LeaveCriticalSection"
00467f90,FUN_00467f90,20,1,""
00467fb0,FUN_00467fb0,20,1,""
00467fe0,FUN_00467fe0,20,1,""
00468010,FUN_00468010,200,0,"FUN_00402ea0 FUN_004031a0 FUN_0047296c"
00468130,FUN_00468130,1,0,""
00468180,FUN_00468180,12,0,""
004681d0,FUN_004681d0,159,0,"EnterCriticalSection LeaveCriticalSection"
00468270,FUN_00468270,159,0,"EnterCriticalSection LeaveCriticalSection"
00468310,FUN_00468310,293,0,"EnterCriticalSection FUN_004686d0 LeaveCriticalSection"
00468460,FUN_00468460,257,0,"EnterCriticalSection FUN_004686d0 LeaveCriticalSection"
00468580,FUN_00468580,105,1,"EnterCriticalSection FUN_004686d0 LeaveCriticalSection"
00468620,FUN_00468620,85,1,"FUN_0047296c"
00468680,FUN_00468680,79,1,"EnterCriticalSection FUN_004686d0 LeaveCriticalSection"
004686d0,FUN_004686d0,125,2,"FUN_004729ec"
00468770,FUN_00468770,84,2,"FUN_004681d0 FUN_0047296c"
004687d0,FUN_004687d0,84,2,"FUN_00468270 FUN_0047296c"
00468830,FUN_00468830,92,2,"FUN_004681d0 FUN_0047296c"
00468890,FUN_00468890,92,2,"FUN_00468270 FUN_0047296c"
004688f0,FUN_004688f0,134,0,"FUN_0046a250 __security_check_cookie joyGetDevCapsA joyGetPosEx"
004689b0,FUN_004689b0,37,4,""
004689e0,FUN_004689e0,812,0,"FUN_0046c320 __security_check_cookie _memset joyGetPosEx"
00468d10,FUN_00468d10,267,0,"__security_check_cookie _memset joyGetPosEx"
00468e20,FUN_00468e20,974,0,"FUN_004689e0 FUN_0046c2a0 GetKeyboardState __security_check_cookie"
00469210,FUN_00469210,940,1,"FUN_004689e0 FUN_0046c2a0 GetKeyboardState __security_check_cookie"
004695c0,FUN_004695c0,887,0,"FUN_004689e0 GetKeyboardState __security_check_cookie"
00469940,FUN_00469940,101,0,"GetKeyboardState _memset"
004699b0,FUN_004699b0,77,0,"GetKeyboardState SetKeyboardState __security_check_cookie"
00469a00,FUN_00469a00,274,5,"FID_conflict:_memcpy _free _malloc"
00469b20,FUN_00469b20,274,5,"FID_conflict:_memcpy _free _malloc"
00469c40,FUN_00469c40,445,3,"CloseHandle CreateFileA EnterCriticalSection FUN_0044f7d0 FUN_0046c320 GetFileSize LeaveCriticalSection ReadFile __stricmp _malloc _strrchr"
00469e00,FUN_00469e00,145,1,"CloseHandle CreateFileA EnterCriticalSection LeaveCriticalSection"
00469ea0,FUN_00469ea0,307,1,"CloseHandle CreateFileA EnterCriticalSection FUN_0046c320 FormatMessageA GetLastError LeaveCriticalSection LocalFree WriteFile"
00469fe0,FUN_00469fe0,185,0,"CreateFileA EnterCriticalSection FUN_0046c320 FormatMessageA GetLastError LeaveCriticalSection LocalFree"
0046a0a0,FUN_0046a0a0,185,0,"CreateFileA EnterCriticalSection FUN_0046c320 FormatMessageA GetLastError LeaveCriticalSection LocalFree"
0046a160,FUN_0046a160,96,2,"CloseHandle LeaveCriticalSection WriteFile"
0046a1c0,FUN_0046a1c0,77,0,"CloseHandle ReadFile _malloc"
0046a210,FUN_0046a210,49,0,"CloseHandle LeaveCriticalSection"
0046a250,FUN_0046a250,200,2,"EnterCriticalSection LeaveCriticalSection __alloca_probe __security_check_cookie _vsprintf"
0046a320,FUN_0046a320,193,1,"EnterCriticalSection LeaveCriticalSection __security_check_cookie _vsprintf"
0046a3f0,FUN_0046a3f0,105,0,"EnterCriticalSection LeaveCriticalSection"
0046a460,FUN_0046a460,149,0,"EnterCriticalSection LeaveCriticalSection"
0046a5a0,FUN_0046a5a0,45,0,"FUN_0046a3f0"
0046a5d0,FUN_0046a5d0,41,0,"FUN_0046a460"
0046a600,FUN_0046a600,47,0,"FUN_0046a460"
0046a630,FUN_0046a630,47,0,"FUN_0046a460"
0046a660,FUN_0046a660,153,2,""
0046a700,FUN_0046a700,144,1,""
0046a790,FUN_0046a790,94,1,"FUN_00490190 FUN_004902c0"
0046a800,FUN_0046a800,243,0,"GetVersionExA __security_check_cookie _memset"
0046a900,FUN_0046a900,61,0,""
0046a940,FUN_0046a940,47,0,""
0046a970,FUN_0046a970,118,1,""
0046aa20,FUN_0046aa20,97,3,"FUN_0048fac0"
0046aa90,FUN_0046aa90,90,0,"FUN_0048fac0"
0046ab80,FUN_0046ab80,116,1,""
0046ac00,FUN_0046ac00,115,1,""
0046aca0,FUN_0046aca0,39,2,"FUN_0046acf0 FUN_004729ec"
0046acd0,FUN_0046acd0,16,1,"FUN_0046acf0"
0046acf0,FUN_0046acf0,105,0,"CloseHandle Sleep WaitForSingleObject"
0046ad60,FUN_0046ad60,59,1,"FUN_0046acf0 __beginthreadex"
0046ada0,FUN_0046ada0,59,1,"FUN_0046acf0 __beginthreadex"
0046ae00,FUN_0046ae00,113,0,"FUN_0046a700 FUN_0046c1f0"
0046ae80,FUN_0046ae80,398,0,"FUN_0046a700 FUN_0046c0e0 FUN_0046c180 FUN_0046c1f0 FUN_0048fdf0 FUN_00490190 FUN_004902c0"
0046b010,FUN_0046b010,373,0,"FUN_0046a700 FUN_0046c0e0 FUN_0046c180 FUN_0046c1f0 FUN_0048fdf0 FUN_00490190 FUN_004902c0"
0046b190,FUN_0046b190,10,0,""
0046b470,FUN_0046b470,218,8,"FUN_00490190 FUN_004902c0"
0046b550,FUN_0046b550,233,8,""
0046b640,FUN_0046b640,542,9,"FUN_00490190 FUN_004902c0"
0046b860,FUN_0046b860,228,9,"FUN_00490190 FUN_004902c0"
0046b950,FUN_0046b950,460,8,""
0046bb20,FUN_0046bb20,504,10,"FUN_0046b470 FUN_0046b950 FUN_00490190 FUN_004902c0 __security_check_cookie"
0046bd20,FUN_0046bd20,480,8,"FUN_0046b950"
0046bf00,FUN_0046bf00,105,6,""
0046bf70,FUN_0046bf70,324,5,"FUN_00490090 FUN_00490190 FUN_004902c0"
0046c0c0,FUN_0046c0c0,27,0,""
0046c0e0,FUN_0046c0e0,99,2,""
0046c150,FUN_0046c150,40,1,"FUN_0046a700 FUN_0046c0e0"
0046c180,FUN_0046c180,99,0,"FUN_0048fdf0"
0046c1f0,FUN_0046c1f0,32,3,""
0046c210,FUN_0046c210,18,1,""
0046c2a0,FUN_0046c2a0,111,1,""
0046c320,FUN_0046c320,1,0,""
0046c3b0,FUN_0046c3b0,156,16,""
0046c480,FUN_0046c480,70,1,"DirectSoundCreate8 FUN_0046c4d0"
0046c4d0,FUN_0046c4d0,222,1,"__security_check_cookie"
0046c5b0,FUN_0046c5b0,606,8,"CloseHandle FUN_0046d510 FUN_0046d9e0 FUN_004725a4 FUN_0047296c FUN_004729ec __security_check_cookie"
0046c850,FUN_0046c850,589,10,"FUN_0046caa0 FUN_004725a4 FUN_0047296c FUN_004729ec __security_check_cookie"
0046caa0,FUN_0046caa0,456,3,"FUN_0046dc90 FUN_004725a4 SetFilePointer Sleep _memset"
0046cc70,FUN_0046cc70,33,2,"FUN_0046ce00 FUN_004729ec"
0046cca0,FUN_0046cca0,352,1,"FUN_004725a4 FUN_00473a61"
0046ce00,FUN_0046ce00,133,1,"CloseHandle FUN_004729ec FUN_00473a61"
0046ce90,FUN_0046ce90,548,2,"FUN_0046dc90 SetFilePointer Sleep _memset"
0046d0c0,FUN_0046d0c0,102,1,"Sleep"
0046d130,FUN_0046d130,106,1,"FUN_00474410"
0046d1a0,FUN_0046d1a0,19,1,""
0046d200,FUN_0046d200,139,1,"FUN_0046ce90 FUN_0046d0c0 FUN_0046d130 FUN_0046d290 FUN_0046d470"
0046d290,FUN_0046d290,122,2,"FUN_0048fac0"
0046d310,FUN_0046d310,130,1,"CloseHandle"
0046d3a0,FUN_0046d3a0,117,0,"CloseHandle SetFilePointer"
0046d420,FUN_0046d420,77,0,"FUN_0046dad0"
0046d470,FUN_0046d470,52,0,""
0046d4b0,FUN_0046d4b0,82,0,""
0046d510,FUN_0046d510,50,4,"FUN_0046caa0"
0046d550,FUN_0046d550,39,2,"FUN_0046ce00 FUN_004729ec"
0046d6a0,FUN_0046d6a0,520,1,"FUN_0046ce90 FUN_0046d0c0 FUN_0046dba0 FUN_0046dc90 _memset"
0046d8b0,FUN_0046d8b0,239,1,"FUN_0046ce90 FUN_0046d0c0 SetFilePointer"
0046d9e0,FUN_0046d9e0,235,0,"CreateFileA FUN_0046ddd0 FormatMessageA GetLastError LocalFree SetFilePointer"
0046dad0,FUN_0046dad0,135,1,"FUN_0046d9e0 FUN_0046dba0 FUN_0046ddd0"
0046db60,FUN_0046db60,46,3,""
0046dba0,FUN_0046dba0,236,0,"SetFilePointer"
0046dc90,FUN_0046dc90,193,2,"FID_conflict:_memcpy ReadFile"
0046dd90,FUN_0046dd90,19,1,"FUN_0046dad0"
0046ddd0,FUN_0046ddd0,1,0,""
0046dde0,FUN_0046dde0,1,0,""
0046ddf0,FUN_0046ddf0,18,2,""
0046de50,FUN_0046de50,677,1,"FUN_0046dde0 FUN_004700a0 FUN_00470610 FUN_0048fac0"
0046e100,FUN_0046e100,7098,1,"FUN_0040ccf0 FUN_0040cea0 FUN_0046a700 FUN_0046a790 FUN_0046de50 FUN_0046fed0 FUN_0046ff70 FUN_00470030 FUN_00470140 FUN_00470170 FUN_00470220 FUN_004702c0 FUN_004702f0 FUN_00470310 FUN_00470380 FUN_00470830 FUN_00470870 FUN_0048fac0 FUN_0049007a FUN_00490090 FUN_00490190 FUN_004902c0"
0046fe20,FUN_0046fe20,163,1,"FUN_0046e100 FUN_004729ec"
0046fed0,FUN_0046fed0,150,3,"FUN_0048fac0"
0046ff70,FUN_0046ff70,182,1,"FUN_0048fac0"
00470030,FUN_00470030,103,2,"FUN_0048fac0"
004700a0,FUN_004700a0,148,3,"FUN_0048fac0"
00470140,FUN_00470140,48,0,""
00470170,FUN_00470170,89,2,"FUN_0048fac0"
00470220,FUN_00470220,145,1,"FUN_004142e0 FUN_0046de50 FUN_0047296c"
004702c0,FUN_004702c0,29,1,""
004702f0,FUN_004702f0,31,0,""
00470310,FUN_00470310,99,2,""
00470380,FUN_00470380,32,3,""
004703e0,FUN_004703e0,15,1,""
004703f0,FUN_004703f0,528,2,"FID_conflict:_memcpy _free _malloc"
00470610,FUN_00470610,133,1,""
004706a0,FUN_004706a0,130,1,"FUN_004142e0 FUN_00470610 FUN_0047296c"
00470750,FUN_00470750,39,0,"FUN_00470610"
00470780,FUN_00470780,74,3,""
00470830,FUN_00470830,64,1,""
00470870,FUN_00470870,41,0,""
004708a0,FUN_004708a0,28,1,"FUN_00470610"
004725a4,FUN_004725a4,11,1,"FUN_0047296c"
004725af,FUN_004725af,30,1,"exception"
004725d2,FUN_004725d2,36,2,"exception"
004725fb,FUN_004725fb,36,2,"exception"
00472624,FUN_00472624,36,2,"exception"
0047264d,FUN_0047264d,30,1,"exception"
00472670,FUN_00472670,36,2,"exception"
00472699,FUN_00472699,47,1,"__CxxThrowException@8 exception"
004726c9,FUN_004726c9,29,2,"exception"
004726e6,FUN_004726e6,47,1,"__CxxThrowException@8 exception"
00472716,FUN_00472716,29,2,"exception"
00472733,FUN_00472733,47,1,"__CxxThrowException@8 exception"
00472763,FUN_00472763,29,2,"exception"
00472780,FUN_00472780,47,1,"__CxxThrowException@8 exception"
004727b0,FUN_004727b0,29,2,"exception"
004727cd,FUN_004727cd,47,1,"__CxxThrowException@8 exception"
004727fd,FUN_004727fd,33,2,"FUN_004729ec FUN_00473bbf"
0047281e,FUN_0047281e,33,2,"FUN_004729ec FUN_00473bbf"
0047283f,FUN_0047283f,33,2,"FUN_004729ec FUN_00473bbf"
00472860,FUN_00472860,33,2,"FUN_004729ec FUN_00473bbf"
00472881,FUN_00472881,33,2,"FUN_004729ec FUN_00473bbf"
004728a2,FUN_004728a2,33,2,"FUN_004729ec FUN_00473bbf"
004728c3,FUN_004728c3,29,2,"exception"
004728e0,FUN_004728e0,29,2,"exception"
004728fd,__security_check_cookie,15,1,"___report_gsfailure"
0047290c,_free,58,1,"GetLastError HeapFree __errno __get_errno_from_oserr"
00472946,bad_alloc,38,1,"exception"
0047296c,FUN_0047296c,127,1,"__CxxThrowException@8 __callnewh _atexit _malloc exception exception"
004729ec,FUN_004729ec,11,1,"_free"
004729f7,__vsprintf_l,132,4,"FUN_0047592c __errno __flsbuf __output_l"
00472a7b,_vsprintf,26,3,"__vsprintf_l"
00472a95,FID_conflict:__vscprintf_helper,92,4,"FUN_0047592c __errno"
00472af1,FID_conflict:__vscprintf_p,28,2,"FID_conflict:__vscprintf_helper"
00472b0d,FID_conflict:__vscprintf_p_l,29,3,"FID_conflict:__vscprintf_helper"
00472b2a,FID_conflict:__vscprintf_p,28,2,"FID_conflict:__vscprintf_helper"
00472b46,FID_conflict:__vscprintf_p_l,29,3,"FID_conflict:__vscprintf_helper"
00472b63,_sprintf,132,2,"FUN_0047592c __errno __flsbuf __output_l"
00472be7,__sprintf_l,28,3,"__vsprintf_l"
00472c03,_sprintf_s,30,3,"__vsprintf_s_l"
00472c21,__sprintf_s_l,31,4,"__vsprintf_s_l"
00472c40,__snprintf_s,33,4,"__vsnprintf_s_l"
00472c61,__snprintf_s_l,34,5,"__vsnprintf_s_l"
00472c83,FUN_00472c83,30,3,"__vsprintf_p_l"
00472ca1,FUN_00472ca1,31,4,"__vsprintf_p_l"
00472cc0,FUN_00472cc0,21,1,"FID_conflict:__vscprintf_p"
00472cd5,FUN_00472cd5,21,1,"FID_conflict:__vscprintf_p"
00472cea,FUN_00472cea,25,2,"FID_conflict:__vscprintf_p_l"
00472d03,FUN_00472d03,25,2,"FID_conflict:__vscprintf_p_l"
00472d1c,name,20,2,"_Name_base"
00472d30,~type_info,16,1,"_Type_info_dtor"
00472d40,`scalar_deleting_destructor',33,2,"FUN_004729ec ~type_info"
00472d61,_name_internal_method,20,2,"_Name_base_internal"
00472d7f,operator==,32,2,"_strcmp"
00472d9f,operator!=,33,2,"_strcmp"
00472dc0,before,36,2,"_strcmp"
00472de4,FUN_00472de4,4,1,""
00472df8,`eh_vector_constructor_iterator',77,5,"FUN_00472e45 __SEH_epilog4 __SEH_prolog4"
00472e45,FUN_00472e45,24,0,"__ArrayUnwind"
00472e6f,__ArrayUnwind,50,4,"__SEH_epilog4 __SEH_prolog4"
00472ecd,`eh_vector_destructor_iterator',75,4,"FUN_00472f18 __SEH_epilog4 __SEH_prolog4"
00472f18,FUN_00472f18,24,0,"__ArrayUnwind"
00472f30,__heap_alloc,63,1,"HeapAlloc __FF_MSGBANNER __NMSG_WRITE ___crtExitProcess"
00472f6f,_malloc,148,1,"HeapAlloc __FF_MSGBANNER __NMSG_WRITE ___crtExitProcess __callnewh __errno"
00473003,_atol,22,1,"_strtol"
00473019,FUN_00473019,25,2,"__strtol_l"
00473032,FUN_00473032,11,1,"_atol"
0047303d,FUN_0047303d,11,2,"FUN_00473019"
00473048,FUN_00473048,22,1,"__strtoi64"
0047305e,FUN_0047305e,25,2,"__strtoi64_l"
00473090,_strchr,195,2,""
0047314e,__onexit_nolock,182,1,"DecodePointer EncodePointer __msize __realloc_crt"
00473235,__onexit,54,1,"FUN_0047326b FUN_00477877 __SEH_epilog4 __SEH_prolog4 __onexit_nolock"
0047326b,FUN_0047326b,6,0,"FUN_00477880"
00473271,_atexit,23,1,"__onexit"
00473288,__endthread,44,0,"CloseHandle ExitThread __freeptd __getptd_noexit"
004732b5,__callthreadstart,53,0,"__SEH_prolog4 __XcptFilter __endthread __getptd"
004732f6,__threadstart@4,89,1,"ExitThread FUN_0047855f GetLastError ___fls_getvalue@4 ___fls_setvalue@8 ___set_flsgetvalue __callthreadstart __freefls@4"
0047334f,__beginthread,167,3,"CreateThread FUN_0047592c GetLastError ResumeThread ___set_flsgetvalue __calloc_crt __dosmaperr __errno __getptd __initptd _free"
00473400,_strrchr,45,2,""
0047342d,_strncmp,192,3,""
004734ed,vscan_fn,110,4,"FUN_0047592c __errno _strlen"
0047355b,FID_conflict:_sscanf,34,2,"vscan_fn"
0047357d,FID_conflict:__sscanf_s_l,35,3,"vscan_fn"
004735a0,FID_conflict:_sscanf,34,2,"vscan_fn"
004735c2,FID_conflict:__sscanf_s_l,35,3,"vscan_fn"
004735e5,__time64,81,1,"GetSystemTimeAsFileTime __aulldiv"
00473636,__invoke_watson_if_error,33,6,"__invoke_watson"
00473657,FUN_00473657,647,2,"FID_conflict:__get_dstbias FID_conflict:__get_dstbias FID_conflict:__get_dstbias FUN_0047592c ___tzset __alldiv __allrem __errno __gmtime64_s __invoke_watson __isindst _memset"
004738df,FID_conflict:__localtime64,39,1,"FUN_00473657 ___getgmtimebuf"
00473906,__chdir,297,1,"FUN_0047592c GetCurrentDirectoryA GetLastError SetCurrentDirectoryA SetEnvironmentVariableA ___doserrno __calloc_crt __dosmaperr __errno __mbctoupper __security_check_cookie _free"
00473a2f,FUN_00473a2f,50,1,"CreateDirectoryA GetLastError __dosmaperr"
00473a61,FUN_00473a61,11,1,"FUN_004729ec"
00473a6c,__purecall,42,0,"DecodePointer __NMSG_WRITE __set_abort_behavior _abort"
00473a96,FUN_00473a96,39,1,"DecodePointer EncodePointer"
00473adb,exception,29,3,""
00473af8,FUN_00473af8,13,1,""
00473b05,_Copy_str,64,2,"_malloc _strcpy_s _strlen"
00473b45,_Tidy,30,1,"_free"
00473b63,exception,39,2,"_Copy_str"
00473b8a,operator=,53,2,"_Copy_str _Tidy"
00473bbf,FUN_00473bbf,11,1,"_Tidy"
00473bca,FUN_00473bca,30,1,"exception"
00473bf3,bad_typeid,30,2,"exception"
00473c1c,__non_rtti_object,29,2,"bad_typeid"
00473c44,FUN_00473c44,39,2,"FUN_004729ec _Tidy"
00473c6b,exception,37,2,"operator="
00473c90,FUN_00473c90,39,2,"FUN_004729ec _Tidy"
00473cb7,FUN_00473cb7,29,2,"exception"
00473cd4,FUN_00473cd4,39,2,"FUN_004729ec _Tidy"
00473cfb,FUN_00473cfb,29,2,"exception"
00473d18,FUN_00473d18,39,2,"FUN_004729ec _Tidy"
00473d3f,FUN_00473d3f,29,2,"FUN_00473cfb"
00473d60,FID_conflict:_memcpy,708,3,"FUN_0047c1d7"
004740c1,_LocaleUpdate,135,2,"___updatetlocinfo ___updatetmbcinfo __getptd"
00474159,___ascii_stricmp,57,2,""
00474192,__stricmp_l,192,3,"FUN_0047592c _LocaleUpdate ___ascii_stricmp __errno __tolower_l"
00474252,__stricmp,71,2,"FUN_0047592c ___ascii_stricmp __errno __stricmp_l"
00474299,__endthreadex,30,1,"ExitThread __freeptd __getptd_noexit"
004742b8,__callthreadstartex,53,0,"__SEH_prolog4 __XcptFilter __endthreadex __getptd"
004742f9,__threadstartex@4,101,1,"ExitThread FUN_0047855f GetCurrentThreadId GetLastError ___fls_getvalue@4 ___fls_setvalue@8 ___set_flsgetvalue __callthreadstartex __freefls@4"
0047435e,__beginthreadex,160,6,"CreateThread FUN_0047592c GetLastError ___set_flsgetvalue __calloc_crt __dosmaperr __errno __getptd __initptd _free"
004743fe,FUN_004743fe,18,1,"__getptd"
00474410,FUN_00474410,33,0,"__getptd"
00474431,fast_error_exit,41,1,"__FF_MSGBANNER __NMSG_WRITE ___crtExitProcess"
004744a1,___tmainCRTStartup,319,0,"FUN_004539d0 FUN_0047de9a GetCommandLineA GetStartupInfoW HeapSetInformation __RTC_Initialize __SEH_epilog4 __SEH_prolog4 ___crtGetEnvironmentStringsA __amsg_exit __cexit __cinit __heap_init __ioinit __mtinit __setargv __wincmdln _exit fast_error_exit"
0047460e,entry,10,0,"___security_init_cookie ___tmainCRTStartup"
00474618,__CxxThrowException@8,76,2,"RaiseException"
00474664,___report_gsfailure,262,0,"FUN_0047e5f0 GetCurrentProcess IsDebuggerPresent SetUnhandledExceptionFilter TerminateProcess UnhandledExceptionFilter"
0047476a,__get_errno_from_oserr,66,1,""
004747ac,__errno,19,0,"__getptd_noexit"
004747bf,___doserrno,19,0,"__getptd_noexit"
004747d2,__dosmaperr,35,1,"___doserrno __errno __get_errno_from_oserr"
004747f5,FID_conflict:__set_doserrno,33,1,"__errno __getptd_noexit"
00474816,FUN_00474816,37,1,"FUN_0047592c __errno"
0047483b,FID_conflict:__set_doserrno,33,1,"___doserrno __getptd_noexit"
0047485c,FUN_0047485c,37,1,"FUN_0047592c ___doserrno"
00474881,__heap_init,30,0,"HeapCreate"
004748b9,FUN_004748b9,15,1,""
004748c8,_set_new_handler,55,1,"DecodePointer EncodePointer FUN_0047e699 __lock"
00474915,__callnewh,40,1,"DecodePointer"
0047493d,__flsbuf,356,2,"FUN_0047f19c __errno __fileno __getbuf __isatty __lseeki64 __write"
00474aa1,write_char,51,0,"__flsbuf"
00474ad4,write_multi_char,38,2,"write_char"
00474afa,write_string,116,0,"__errno write_char"
00474b6e,FUN_00474b6e,18,1,""
00474b80,FUN_00474b80,21,1,""
00474b95,FUN_00474b95,19,1,""
00474ba8,__output_l,2953,4,"DecodePointer FUN_0047592c _LocaleUpdate __aulldvrm __errno __fileno __get_printf_count_output __isleadbyte_l __malloc_crt __security_check_cookie _free _strlen _wctomb_s write_char write_string"
00475754,FUN_00475754,15,1,""
00475763,__call_reportfault,297,3,"FUN_0047e5f0 IsDebuggerPresent SetUnhandledExceptionFilter UnhandledExceptionFilter __security_check_cookie _memset"
0047588c,FUN_0047588c,39,1,"DecodePointer EncodePointer"
004758c0,__invoke_watson,37,5,"GetCurrentProcess TerminateProcess __call_reportfault"
004758e5,FUN_004758e5,25,5,"__invoke_watson"
004758ff,FUN_004758ff,44,5,"DecodePointer __invoke_watson"
0047592c,FUN_0047592c,16,0,"FUN_004758ff"
0047596a,FUN_0047596a,11,5,"FUN_004758ff"
00475975,__validate_param_reuseA,299,4,""
00475aa0,write_char,51,0,"__flsbuf"
00475ad3,write_multi_char,38,2,"write_char"
00475af9,write_string,116,0,"__errno write_char"
00475b6d,FUN_00475b6d,21,1,""
00475b82,__output_p_l,935,4,"FUN_0047592c _LocaleUpdate __errno __fileno __security_check_cookie _memset _strtol"
00476e6e,__vsnprintf_helper,202,6,"FUN_0047592c __errno __flsbuf"
00476f38,FID_conflict:__vsnprintf_c,41,4,"__vsnprintf_helper"
00476f61,__vsnprintf_c_l,42,5,"__vsnprintf_helper"
00476f8b,__vsprintf_s_l,119,5,"FUN_0047592c __errno __vsnprintf_helper"
00477002,_vsprintf_s,29,4,"__vsprintf_s_l"
0047701f,__vsnprintf_s_l,236,6,"FUN_0047592c __errno __vsnprintf_helper"
0047710b,__vsnprintf_s,32,5,"__vsnprintf_s_l"
0047712b,FID_conflict:__vsnprintf_c,41,4,"__vsnprintf_helper"
00477154,__vsprintf_p_l,42,5,"__vsnprintf_helper"
0047717e,_Type_info_dtor,103,1,"FUN_004771e5 __SEH_epilog4 __SEH_prolog4 __lock _free"
004771e5,FUN_004771e5,9,0,"FUN_0047e699"
004771ee,_Name_base,230,2,"FUN_004772d7 __SEH_epilog4 __SEH_prolog4 ___unDName __invoke_watson __lock _free _malloc _strcpy_s _strlen"
004772d7,FUN_004772d7,9,0,"FUN_0047e699"
00477350,___unDNameHelper,51,4,"___unDName"
00477383,_Name_base_internal,256,2,"FUN_00477486 __SEH_epilog4 __SEH_prolog4 ___unDNameHelper __invoke_watson __local_unwind4 __lock _free _malloc _strcpy_s _strlen"
00477486,FUN_00477486,9,0,"FUN_0047e699"
004774f0,_strcmp,135,2,""
00477580,__SEH_prolog4,69,2,""
004775c5,__SEH_epilog4,20,0,""
00477610,__except_handler4,399,3,"_EH4_CallFilterFunc _EH4_GlobalUnwind2 _EH4_LocalUnwind _EH4_TransferToHandler __IsNonwritableInCurrentImage ___DestructExceptionObject __security_check_cookie"
0047779f,terminate,44,0,"__SEH_prolog4 __getptd _abort"
004777d8,FUN_004777d8,19,0,"__getptd terminate"
004777eb,_inconsistency,49,0,"DecodePointer __SEH_prolog4 terminate"
00477823,FUN_00477823,17,0,"EncodePointer"
00477834,___crtCorExitProcess,43,1,"GetModuleHandleW GetProcAddress"
0047785f,___crtExitProcess,23,1,"ExitProcess ___crtCorExitProcess"
00477877,FUN_00477877,9,0,"__lock"
00477880,FUN_00477880,9,0,"FUN_0047e699"
00477889,__init_pointers,51,0,"FUN_004748b9 FUN_00475754 FUN_00477823 FUN_00478533 FUN_0047c169 FUN_0048684f __initp_misc_winsig"
004778bc,__initterm,29,1,""
004778d9,__initterm_e,36,2,""
004778fd,FUN_004778fd,48,1,"FUN_0047592c __errno"
0047792d,FUN_0047792d,48,1,"FUN_0047592c __errno"
0047795d,__cinit,151,1,"FUN_00499990 __IsNonwritableInCurrentImage __fpmath __initp_misc_cfltcvt_tab __initterm_e _atexit"
004779f4,doexit,305,3,"DecodePointer FUN_00477b1f FUN_00478533 FUN_0047e699 FUN_0048ecd5 __SEH_epilog4 __SEH_prolog4 ___crtExitProcess __lock"
00477b1f,FUN_00477b1f,15,0,"FUN_0047e699"
00477b34,_exit,22,1,"doexit"
00477b4a,__exit,22,1,"doexit"
00477b60,__cexit,15,0,"doexit"
00477b7e,__amsg_exit,30,1,"__FF_MSGBANNER __NMSG_WRITE __exit"
00477b9c,__GET_RTERRMSG,38,1,""
00477bc2,__NMSG_WRITE,431,1,"GetModuleFileNameW GetStdHandle WriteFile __GET_RTERRMSG ___crtMessageBoxW __invoke_watson __security_check_cookie __set_error_mode _strlen _wcscat_s _wcscpy_s _wcslen _wcsncpy_s"
00477d71,__FF_MSGBANNER,57,0,"__NMSG_WRITE __set_error_mode"
00477daa,strtoxl,555,5,"FUN_0047592c _LocaleUpdate __errno __isctype_l"
00477fd5,_strtol,43,3,"strtoxl"
00478000,__strtol_l,29,4,"strtoxl"
0047801d,_strtoul,44,3,"strtoxl"
00478049,__strtoul_l,29,4,"strtoxl"
00478066,strtoxq,669,5,"FUN_0047592c _LocaleUpdate __allmul __aulldvrm __errno __isctype_l"
00478303,__strtoi64,43,3,"strtoxq"
0047832e,__strtoi64_l,29,4,"strtoxq"
0047834b,__strtoui64,44,3,"strtoxq"
00478377,__strtoui64_l,29,4,"strtoxq"
00478394,wait_a_bit,38,1,"Sleep"
004783ba,FUN_004783ba,21,1,""
004783cf,__malloc_crt,69,1,"Sleep _malloc"
00478414,__calloc_crt,76,2,"Sleep __calloc_impl"
00478460,__realloc_crt,78,2,"Sleep _realloc"
004784ae,__recalloc_crt,82,3,"Sleep __recalloc"
00478500,__msize,51,1,"FUN_0047592c HeapSize __errno"
00478533,FUN_00478533,9,0,"EncodePointer"
00478545,___fls_getvalue@4,26,1,"TlsGetValue"
0047855f,FUN_0047855f,6,0,""
00478565,___set_flsgetvalue,52,0,"DecodePointer TlsGetValue TlsSetValue"
00478599,___fls_setvalue@8,29,2,"DecodePointer"
004785b6,__mtterm,61,0,"DecodePointer TlsFree __mtdeletelocks"
004785f3,__initptd,156,2,"FUN_00478695 FUN_0047869e GetModuleHandleW InterlockedIncrement __SEH_epilog4 __SEH_prolog4 ___addlocaleref __lock"
00478695,FUN_00478695,9,0,"FUN_0047e699"
0047869e,FUN_0047869e,9,0,"FUN_0047e699"
004786a7,__getptd_noexit,121,0,"DecodePointer GetCurrentThreadId GetLastError SetLastError ___set_flsgetvalue __calloc_crt __initptd _free"
00478720,__getptd,26,0,"__amsg_exit __getptd_noexit"
0047873a,__freefls@4,279,1,"FUN_00478854 FUN_00478860 InterlockedDecrement __SEH_epilog4 __SEH_prolog4 ___freetlocinfo ___removelocaleref __lock _free"
00478854,FUN_00478854,9,0,"FUN_0047e699"
00478860,FUN_00478860,9,0,"FUN_0047e699"
00478869,__freeptd,110,1,"DecodePointer TlsGetValue TlsSetValue __freefls@4"
004788e3,__mtinit,379,0,"DecodePointer EncodePointer GetCurrentThreadId GetModuleHandleW GetProcAddress TlsAlloc TlsSetValue __calloc_crt __init_pointers __initptd __mtinitlocks __mtterm"
00478a84,__XcptFilter,330,2,"__getptd_noexit"
00478bce,___CppXcptFilter,32,2,"__XcptFilter"
00478bf0,_strlen,139,1,""
00478c7b,___check_float_string,87,3,"FID_conflict:_memcpy __calloc_crt __recalloc_crt"
00478cd2,FUN_00478cd2,18,1,""
00478ce4,__hextodec,32,1,"_isdigit"
00478d04,__inc,22,2,"__filbuf"
00478d1a,__un_inc,19,2,"__ungetc_nolock"
00478d2d,__whiteout,42,2,"__inc _isspace"
00478d57,__input_l,4100,4,"DecodePointer FUN_0047592c _LocaleUpdate ___check_float_string __allmul __errno __fileno __hextodec __inc __mbtowc_l __security_check_cookie __ungetc_nolock __whiteout _free _isdigit _isleadbyte _isspace _isxdigit _memset"
00479d5b,___check_float_string,87,3,"FID_conflict:_memcpy __calloc_crt __recalloc_crt"
00479db2,__hextodec,32,1,"_isdigit"
00479dd2,__inc,22,2,"__filbuf"
00479de8,__un_inc,19,2,"__ungetc_nolock"
00479dfb,__whiteout,42,2,"__inc _isspace"
00479e25,__input_s_l,4387,4,"DecodePointer FUN_0047592c _LocaleUpdate ___check_float_string __allmul __errno __fileno __hextodec __inc __mbtowc_l __security_check_cookie __ungetc_nolock __whiteout _free _isdigit _isleadbyte _isspace _isxdigit _memset"
0047af50,__aulldiv,104,4,""
0047afb8,FUN_0047afb8,17,1,"FUN_0047bb0d"
0047afc9,FUN_0047afc9,17,1,"FUN_0047bb13"
0047afda,FUN_0047afda,17,1,"FUN_0047bb19"
0047afeb,FUN_0047afeb,773,0,"FID_conflict:__get_dstbias FID_conflict:__get_dstbias FID_conflict:__get_dstbias FUN_0047b26e FUN_0047bb0d FUN_0047bb13 FUN_0047bb19 FUN_0047bb1f GetTimeZoneInformation WideCharToMultiByte __SEH_epilog4 __SEH_prolog4 ____lc_codepage_func __getenv_helper_nolock __invoke_watson __lock __malloc_crt _atol _free _strcmp _strcpy_s _strlen _strncpy_s"
0047b26e,FUN_0047b26e,9,0,"FUN_0047e699"
0047b2fe,FUN_0047b2fe,502,10,"FID_conflict:__get_dstbias __invoke_watson"
0047b4f5,FUN_0047b4f5,470,0,"FID_conflict:__get_dstbias FUN_0047b2fe __invoke_watson"
0047b6cc,___tzset,70,0,"FUN_0047afeb FUN_0047b712 __SEH_epilog4 __SEH_prolog4 __lock"
0047b712,FUN_0047b712,9,0,"FUN_0047e699"
0047b753,__isindst,56,1,"FUN_0047b4f5 FUN_0047b78b __SEH_epilog4 __SEH_prolog4 __lock"
0047b78b,FUN_0047b78b,9,0,"FUN_0047e699"
0047b794,__gmtime64_s,569,2,"FUN_0047592c __alldiv __allmul __errno _memset"
0047b9cd,__gmtime64,39,1,"___getgmtimebuf __gmtime64_s"
0047b9f4,FID_conflict:__get_dstbias,45,1,"FUN_0047592c __errno"
0047ba21,FID_conflict:__get_dstbias,45,1,"FUN_0047592c __errno"
0047ba4e,FID_conflict:__get_dstbias,45,1,"FUN_0047592c __errno"
0047ba7b,__get_tzname,146,4,"FUN_0047592c __errno _strcpy_s _strlen"
0047bb0d,FUN_0047bb0d,6,0,""
0047bb13,FUN_0047bb13,6,0,""
0047bb19,FUN_0047bb19,6,0,""
0047bb1f,FUN_0047bb1f,6,0,""
0047bb30,_memset,122,3,"__VEC_memzero"
0047bbb0,__alldiv,170,4,""
0047bc60,__allrem,178,4,""
0047bd12,__gmtime32_s,320,2,"FUN_0047592c __errno _memset"
0047be52,___getgmtimebuf,55,0,"__errno __getptd_noexit __malloc_crt"
0047be89,__gmtime32,39,1,"___getgmtimebuf __gmtime32_s"
0047beb0,__mbctoupper_l,166,2,"_LocaleUpdate ___crtLCMapStringA"
0047bf56,__mbctoupper,19,1,"__mbctoupper_l"
0047bf69,_abort,51,0,"FUN_0048644d __call_reportfault __exit _raise"
0047bf9c,__set_abort_behavior,33,2,""
0047bfbd,___getlocaleinfo,428,5,"GetLastError GetLocaleInfoW ___crtGetLocaleInfoA __calloc_crt __invoke_watson __security_check_cookie _free _strncpy_s"
0047c169,FUN_0047c169,15,1,""
0047c178,_strcpy_s,95,3,"FUN_0047592c __errno"
0047c1d7,FUN_0047c1d7,253,1,""
0047c2ea,CPtoLCID,47,1,""
0047c319,setSBCS,100,1,"_memset"
0047c37d,setSBUpLow,400,1,"GetCPInfo ___crtGetStringTypeA ___crtLCMapStringA __security_check_cookie _memset"
0047c50d,___updatetmbcinfo,152,0,"FUN_0047c5a8 InterlockedDecrement InterlockedIncrement __SEH_epilog4 __SEH_prolog4 __amsg_exit __getptd __lock _free"
0047c5a8,FUN_0047c5a8,9,0,"FUN_0047e699"
0047c5b1,getSystemCP,124,1,"GetACP GetOEMCP _LocaleUpdate"
0047c62d,__setmbcp_nolock,489,2,"CPtoLCID GetCPInfo IsValidCodePage __security_check_cookie _memset getSystemCP setSBCS setSBUpLow"
0047c816,__getmbcp,62,0,"_LocaleUpdate"
0047c854,__setmbcp,399,1,"FUN_0047c9b5 InterlockedDecrement InterlockedIncrement __SEH_epilog4 __SEH_prolog4 ___updatetmbcinfo __errno __getptd __lock __malloc_crt __setmbcp_nolock _free getSystemCP"
0047c9b5,FUN_0047c9b5,9,0,"FUN_0047e699"
0047c9ee,___initmbctable,30,0,"__setmbcp"
0047ca0c,___addlocaleref,143,1,"InterlockedIncrement"
0047ca9b,___removelocaleref,153,1,"InterlockedDecrement"
0047cb34,___freetlocinfo,331,1,"___free_lc_time ___free_lconv_mon ___free_lconv_num _free"
0047cc7f,__updatetlocinfoEx_nolock,77,2,"___addlocaleref ___freetlocinfo ___removelocaleref"
0047cccc,___updatetlocinfo,109,0,"FUN_0047cd39 __SEH_epilog4 __SEH_prolog4 __amsg_exit __getptd __lock __updatetlocinfoEx_nolock"
0047cd39,FUN_0047cd39,12,0,"FUN_0047e699"
0047cd45,FUN_0047cd45,13,1,""
0047cd52,__tolower_l,277,2,"_LocaleUpdate ___crtLCMapStringA __errno __isctype_l __isleadbyte_l"
0047ce67,_tolower,44,1,"__tolower_l"
0047ce9f,__copytlocinfo_nolock,38,1,"___addlocaleref"
0047cec5,__configthreadlocale,94,1,"FUN_0047592c __errno __getptd"
0047cf4c,__free_locale,170,1,"FUN_0047cff9 FUN_0047d005 InterlockedDecrement __SEH_epilog4 __SEH_prolog4 ___freetlocinfo ___removelocaleref __lock _free"
0047cff9,FUN_0047cff9,9,0,"FUN_0047e699"
0047d005,FUN_0047d005,9,0,"FUN_0047e699"
0047d00e,FUN_0047d00e,11,1,"__free_locale"
0047d0d0,FUN_0047d0d0,64,3,"__invoke_watson _strcat_s"
0047d111,___lc_strtolc,287,2,"__invoke_watson _memset _strcspn _strncpy_s"
0047d230,FUN_0047d230,106,3,"FUN_0047d0d0 __invoke_watson _strcpy_s"
0047d29b,__setlocale_get_all,357,0,"FUN_0047d0d0 InterlockedDecrement __invoke_watson __malloc_crt _free _strcat_s _strcmp"
0047d400,__expandlocale,545,5,"FID_conflict:_memcpy FUN_0047d230 ___get_qualified_locale ___lc_strtolc __getptd __invoke_watson __security_check_cookie _strcmp _strcpy_s _strlen _strncpy_s"
0047d621,FUN_0047d621,825,2,"FID_conflict:_memcpy InterlockedDecrement ___crtGetStringTypeA __expandlocale __getptd __invoke_watson __malloc_crt __security_check_cookie _free _memcmp _strcmp _strcpy_s _strlen"
0047d95b,__setlocale_nolock,540,3,"FUN_0047d621 __expandlocale __invoke_watson __security_check_cookie __setlocale_get_all _strcmp _strcspn _strlen _strncmp _strncpy_s _strpbrk"
0047db77,__create_locale,245,2,"___freetlocinfo ___removelocaleref __calloc_crt __copytlocinfo_nolock __errno __setlocale_nolock __setmbcp_nolock _free"
0047dc6c,FUN_0047dc6c,11,2,"__create_locale"
0047ddeb,__CxxUnhandledExceptionFilter,66,1,"terminate"
0047de3b,__wincmdln,95,0,"___initmbctable __ismbblead"
0047de9a,FUN_0047de9a,219,0,"___initmbctable __calloc_crt __invoke_watson _free _strcpy_s _strlen"
0047df76,FUN_0047df76,15,1,""
0047df85,parse_cmdline,410,3,"__ismbblead"
0047e11f,__setargv,187,0,"GetModuleFileNameA ___initmbctable __malloc_crt parse_cmdline"
0047e1da,___crtGetEnvironmentStringsA,151,0,"FreeEnvironmentStringsW GetEnvironmentStringsW WideCharToMultiByte __malloc_crt _free"
0047e271,__ioinit,581,0,"GetFileType GetStartupInfoW GetStdHandle InitializeCriticalSectionAndSpinCount SetHandleCount __calloc_crt"
0047e509,__RTC_Initialize,38,0,""
0047e555,___security_init_cookie,155,0,"GetCurrentProcessId GetCurrentThreadId GetSystemTimeAsFileTime GetTickCount QueryPerformanceCounter"
0047e5f0,FUN_0047e5f0,8,0,""
0047e5f8,__mtinitlocks,74,0,"InitializeCriticalSectionAndSpinCount"
0047e642,__mtdeletelocks,87,0,"DeleteCriticalSection _free"
0047e699,FUN_0047e699,23,1,"LeaveCriticalSection"
0047e6c8,__mtinitlocknum,185,1,"FUN_0047e781 InitializeCriticalSectionAndSpinCount __FF_MSGBANNER __NMSG_WRITE __SEH_epilog4 __SEH_prolog4 ___crtExitProcess __errno __lock __malloc_crt _free"
0047e781,FUN_0047e781,9,0,"FUN_0047e699"
0047e78a,__lock,51,1,"EnterCriticalSection __amsg_exit __mtinitlocknum"
0047e7bd,__lseeki64_nolock,133,3,"GetLastError SetFilePointer __dosmaperr __errno __get_osfhandle"
0047e842,__lseeki64,224,3,"FUN_0047592c FUN_0047e922 __SEH_epilog4 __SEH_prolog4 ___doserrno ___lock_fhandle __errno __lseeki64_nolock"
0047e922,FUN_0047e922,10,0,"__unlock_fhandle"
0047e92c,__write_nolock,1789,3,"FUN_0047592c GetConsoleCP GetConsoleMode GetLastError WideCharToMultiByte WriteFile ___doserrno __alloca_probe __dosmaperr __errno __getptd __isatty __lseeki64_nolock __putwch_nolock __security_check_cookie _isleadbyte _mbtowc"
0047f029,__write,201,3,"FUN_0047592c FUN_0047f0f5 __SEH_epilog4 __SEH_prolog4 ___doserrno ___lock_fhandle __errno __write_nolock"
0047f0f5,FUN_0047f0f5,8,0,"__unlock_fhandle"
0047f0fd,__getbuf,73,1,"__malloc_crt"
0047f146,__isatty,86,1,"FUN_0047592c __errno"
0047f19c,FUN_0047f19c,6,0,""
0047f273,__lock_file,65,1,"EnterCriticalSection __lock"
0047f2b4,__lock_file2,50,2,"EnterCriticalSection __lock"
0047f2e6,__unlock_file,60,1,"FUN_0047e699 LeaveCriticalSection"
0047f322,__unlock_file2,47,2,"FUN_0047e699 LeaveCriticalSection"
0047f351,__fileno,38,1,"FUN_0047592c __errno"
0047f377,__initp_misc_cfltcvt_tab,35,0,"EncodePointer"
0047f441,FUN_0047f441,25,2,"FID_conflict:__vwprintf_s_l"
0047f45a,FUN_0047f45a,25,2,"FID_conflict:__vwprintf_s_l"
0047f473,FUN_0047f473,24,1,"FID_conflict:__vwprintf_s_l"
0047f48b,FUN_0047f48b,25,2,"FID_conflict:__vwprintf_s_l"
0047f4a4,FUN_0047f4a4,24,1,"FID_conflict:__vwprintf_s_l"
0047f4bc,__set_printf_count_output,42,1,""
0047f4e6,__get_printf_count_output,22,0,""
0047f4fc,__wctomb_s_l,341,5,"FUN_0047592c GetLastError WideCharToMultiByte _LocaleUpdate __errno _memset"
0047f651,_wctomb_s,29,4,"__wctomb_s_l"
0047f66e,__wctomb_l,81,3,"_LocaleUpdate __wctomb_s_l"
0047f6bf,_wctomb,50,2,"____mb_cur_max_func __wctomb_s_l"
0047f6f1,__isleadbyte_l,56,2,"_LocaleUpdate"
0047f729,_isleadbyte,19,1,"__isleadbyte_l"
0047f73c,FID_conflict:_iswalpha,22,1,"_iswctype"
0047f752,FID_conflict:_iswalpha,22,1,"_iswctype"
0047f768,FID_conflict:__iswupper_l,19,1,"_iswctype"
0047f77b,FID_conflict:__iswupper_l,19,1,"_iswctype"
0047f78e,FID_conflict:_iswlower,19,2,"_iswctype"
0047f7a1,FID_conflict:_iswlower,19,2,"_iswctype"
0047f7b4,FID_conflict:__iswdigit_l,19,1,"_iswctype"
0047f7c7,FID_conflict:__iswdigit_l,19,1,"_iswctype"
0047f7da,FID_conflict:__iswxdigit_l,22,2,"_iswctype"
0047f7f0,FID_conflict:__iswxdigit_l,22,2,"_iswctype"
0047f806,FID_conflict:__iswspace_l,19,2,"_iswctype"
0047f819,FID_conflict:__iswspace_l,19,2,"_iswctype"
0047f82c,FID_conflict:_iswpunct,19,1,"_iswctype"
0047f83f,FID_conflict:_iswpunct,19,1,"_iswctype"
0047f852,FID_conflict:_iswalnum,22,2,"_iswctype"
0047f868,FID_conflict:_iswalnum,22,2,"_iswctype"
0047f87e,FID_conflict:_iswprint,22,1,"_iswctype"
0047f894,FID_conflict:_iswprint,22,1,"_iswctype"
0047f8aa,FID_conflict:__iswgraph_l,22,2,"_iswctype"
0047f8c0,FID_conflict:__iswgraph_l,22,2,"_iswctype"
0047f8d6,FID_conflict:_iswcntrl,19,2,"_iswctype"
0047f8e9,FID_conflict:_iswcntrl,19,2,"_iswctype"
0047f8fc,FUN_0047f8fc,20,1,""
0047f910,FID_conflict:__iswcsym_l,38,1,"_iswctype"
0047f936,FID_conflict:__iswcsym_l,38,1,"_iswctype"
0047f95c,FID_conflict:___iswcsymf,38,1,"_iswctype"
0047f982,FID_conflict:___iswcsymf,38,1,"_iswctype"
0047f9b0,__aulldvrm,149,4,""
0047fa45,write_char,51,0,"__flsbuf"
0047fa78,write_multi_char,38,2,"write_char"
0047fa9e,write_string,116,0,"__errno write_char"
0047fb12,__output_s_l,2990,4,"DecodePointer FUN_0047592c _LocaleUpdate __aulldvrm __errno __fileno __get_printf_count_output __isleadbyte_l __malloc_crt __security_check_cookie _free _strlen _wctomb_s write_char write_string"
004806e8,Constructor,31,3,""
00480707,Destructor,40,1,""
0048072f,getNumberOfDimensions,98,0,""
00480791,getTypeEncoding,1216,0,"getTypeEncoding"
00480d49,UScore,31,1,""
00480d68,getMemory,136,3,"getMemory"
00480e01,FUN_00480e01,24,2,""
00480f00,operator|=,31,2,""
00480f1f,FUN_00480f1f,24,2,""
00480f4f,FUN_00480f4f,23,2,""
00480f6e,FUN_00480f6e,23,3,""
00480f85,pDNameNode,42,2,""
00480fdc,getString,33,3,""
00480ffd,DNameStatusNode,37,2,""
00481032,make,134,1,""
004810b8,pairNode,33,3,""
00481120,getString,44,3,""
00481170,und_strncmp,42,3,""
0048119a,UnDecorator,111,6,""
00481209,getDataIndirectType,57,0,"getDataIndirectType"
00481242,getThisType,58,0,"getDataIndirectType"
0048127c,operator_new,23,3,"getMemory"
00481293,getStringHelper,55,4,""
004812ca,DName,83,2,"getMemory pDNameNode"
0048131d,DName,69,2,"make"
00481362,getString,95,3,"getMemory"
004813c1,append,72,2,"getMemory"
00481409,operator=,77,2,"getMemory pDNameNode"
00481456,operator=,55,2,"make"
0048148d,operator+=,74,2,"getMemory"
004814d7,operator[],79,2,"DName"
00481526,pcharNode,87,3,"getMemory"
00481593,getString,29,3,"getStringHelper"
004815b0,getString,41,3,"getStringHelper"
004815d9,getReturnType,49,1,"DName getDataType"
0048160a,getStorageConvention,19,0,"getDataIndirectType"
0048161d,operator+=,66,2,"append make operator="
0048165f,doPchar,131,3,"getMemory pcharNode"
004816e2,DName,45,2,"doPchar"
0048170f,DName,61,2,"doPchar"
0048174c,DName,191,3,"doPchar"
0048180b,DName,110,2,"__aulldvrm __security_check_cookie doPchar"
00481879,DName,155,2,"__aulldvrm __security_check_cookie doPchar"
00481914,operator+,36,2,"operator+="
00481938,operator+=,67,2,"append operator+="
0048197b,operator+=,103,2,"append getMemory operator+= operator= pDNameNode"
004819e2,operator=,45,2,"doPchar"
00481a0f,operator=,53,2,"doPchar"
00481a44,getCallingConvention,200,0,"DName UScore operator="
00481b0c,getVCallThunkType,75,0,"DName DName"
00481b57,operator+,36,2,"operator+="
00481b7b,operator+,36,2,"operator+="
00481b9f,operator+=,82,2,"append getMemory operator="
00481bf1,operator+=,100,2,"append getMemory operator= pcharNode"
00481c55,getArgumentList,262,0,"getPrimaryDataType operator+= operator+= operator+= operator+= operator[]"
00481d5b,getVdispMapType,84,1,"getScope operator+= operator+= operator+="
00481daf,operator+,36,2,"DName operator+"
00481dd3,operator+,36,2,"DName operator+"
00481df7,operator+,36,2,"DName operator+"
00481e1b,operator+,36,2,"operator+="
00481e3f,operator+,36,2,"operator+="
00481e63,getDimension,326,1,"DName DName DName operator+"
00481fa9,getEnumType,203,0,"DName DName operator+ operator="
00482095,getArgumentTypes,224,0,"DName getArgumentList operator+"
00482175,getThrowTypes,138,0,"DName getArgumentTypes operator+ operator+ operator+"
004821ff,getExtendedDataIndirectType,456,3,"DName DName doPchar operator+ operator+= operator+="
004823c7,getArrayType,502,1,"DName getBasicDataType getDimension getNumberOfDimensions getPrimaryDataType operator+ operator+ operator+ operator+= operator+= operator+= operator+="
004825bd,getLexicalFrame,61,0,"DName getDimension operator+ operator+"
004825fa,getDisplacement,22,0,"getDimension"
00482610,FID_conflict:getGuardNumber,22,1,"getDimension"
00482626,FID_conflict:getGuardNumber,22,1,"getDimension"
0048263c,getVfTableType,351,1,"DName DName getDataIndirectType getScope operator+ operator+= operator+= operator+= operator+="
0048279b,getStringEncoding,179,2,"DName DName getDimension"
0048284e,getSignedDimension,82,0,"DName getDimension operator+"
004828a0,getTemplateConstant,752,0,"DName DName DName __security_check_cookie _atol getDecoratedName getSignedDimension getString getZName operator+ operator+ operator+ operator+= operator+="
00482b90,getPtrRefDataType,231,2,"DName getArrayType getBasicDataType operator+ operator+ operator+"
00482c77,getVbTableType,23,1,"getVfTableType"
00482c8e,getTemplateArgumentList,527,0,"DName __security_check_cookie _atol getPrimaryDataType getSignedDimension getString getTemplateConstant operator+ operator+= operator+= operator+= operator+= operator= operator[]"
00482e9d,getOperatorName,1494,2,"DName DName DName getDataType getDecoratedName getDimension getOperatorName getSignedDimension getStringEncoding getSymbolName getTemplateArgumentList getZName operator+ operator+ operator+ operator+= operator+= operator+= operator="
00483473,getTemplateName,343,1,"DName getOperatorName getTemplateArgumentList getZName operator+ operator+= operator+="
004835ca,getZName,534,2,"DName DName __security_check_cookie _atol getSignedDimension getString getTemplateName operator+ operator+= operator+= operator+= operator= operator= operator[]"
004837e0,getScopedName,225,0,"DName getScope getZName operator+ operator+ operator="
004838c1,getECSUName,19,0,"getScopedName"
004838d4,getECSUDataType,272,0,"DName getEnumType getScopedName operator+ operator+= operator="
004839e4,getSymbolName,74,0,"getOperatorName getTemplateName getZName"
00483a2e,getBasedType,156,0,"DName UScore getScopedName operator+= operator+= operator+="
00483aca,composeDeclaration,3258,1,"DName DName getArgumentTypes getBasedType getCallingConvention getDimension getExternalDataType getMemory getReturnType getThisType getThrowTypes getTypeEncoding getVCallThunkType getVdispMapType getVfTableType operator+ operator+ operator+ operator+ operator+= operator+= operator+= operator|="
00484784,getDecoratedName,622,0,"DName composeDeclaration getDataType getDecoratedName getScope getSymbolName operator+= operator+="
004849f2,getScope,695,0,"DName DName DName DName getDecoratedName getLexicalFrame getOperatorName getZName operator+ operator+ operator+ operator+= operator+= operator="
00484ca9,getFunctionIndirectType,991,1,"DName DName DName getArgumentTypes getBasedType getCallingConvention getMemory getReturnType getScope getThisType getThrowTypes operator+ operator+ operator+= operator+= operator|="
00485088,getDataIndirectType,1439,4,"DName DName DName UScore getBasedType getExtendedDataIndirectType getScope operator+ operator+ operator+ operator+= operator+= operator+= operator= operator|="
00485627,operator_char*,319,1,"DName getDecoratedName getString getTemplateName operator+ operator="
00485766,getPtrRefType,249,3,"DName DName getDataIndirectType getFunctionIndirectType getPtrRefDataType operator+= operator+= operator+="
0048585f,FID_conflict:getPointerType,32,3,"getPtrRefType"
0048587f,FID_conflict:getPointerType,32,3,"getPtrRefType"
0048589f,getReferenceType,30,3,"getPtrRefType"
004858bd,___unDName,145,6,"Destructor FUN_0048594e UnDecorator __SEH_epilog4 __SEH_prolog4 __lock __mtinitlocknum operator_char*"
0048594e,FUN_0048594e,9,0,"FUN_0047e699"
004859f1,getBasicDataType,926,1,"DName DName getBasicDataType getECSUDataType getPtrRefType operator+ operator+ operator+ operator+= operator+= operator= operator="
00485db4,getPrimaryDataType,433,1,"DName getBasicDataType getDataIndirectType getFunctionIndirectType getPtrRefDataType getPtrRefType operator+ operator+= operator="
00485f65,getDataType,207,1,"DName DName DName getDataIndirectType getPrimaryDataType operator+"
00486034,getExternalDataType,121,1,"getDataIndirectType getDataType getMemory operator+ operator+="
004860b0,__local_unwind4,144,3,"FUN_0048e054 __NLG_Notify"
00486186,FUN_00486186,28,1,"__local_unwind4"
004861a2,_EH4_CallFilterFunc,23,1,""
004861b9,_EH4_TransferToHandler,25,1,"__NLG_Notify"
004861d2,_EH4_GlobalUnwind2,25,2,"RtlUnwind"
004861eb,_EH4_LocalUnwind,23,4,"__local_unwind4"
00486210,__ValidateImageBase,53,1,""
00486250,__FindPESection,68,2,""
004862a0,__IsNonwritableInCurrentImage,166,1,"__FindPESection __ValidateImageBase"
0048635c,__initp_misc_winsig,30,1,""
00486416,siglookup,55,1,""
0048644d,FUN_0048644d,13,0,"DecodePointer"
004866ac,_raise,398,1,"DecodePointer FUN_0047592c FUN_00478533 FUN_00486813 __SEH_epilog4 __SEH_prolog4 __errno __exit __getptd_noexit __lock siglookup"
00486813,FUN_00486813,15,0,"FUN_0047e699"
0048684f,FUN_0048684f,15,1,""
0048685e,rand_s,240,1,"DecodePointer EncodePointer FUN_0047592c FUN_00478533 FreeLibrary GetLastError GetProcAddress InterlockedExchange LoadLibraryW __errno __get_errno_from_oserr"
0048694e,___crtMessageBoxW,364,3,"DecodePointer EncodePointer FUN_00478533 GetProcAddress LoadLibraryW __security_check_cookie"
00486aba,_wcscat_s,117,3,"FUN_0047592c __errno"
00486b2f,_wcsncpy_s,205,4,"FUN_0047592c __errno"
00486bfc,_wcslen,27,1,""
00486c17,_wcscpy_s,99,3,"FUN_0047592c __errno"
00486c7a,__set_error_mode,63,1,"FUN_0047592c __errno"
00486cb9,FUN_00486cb9,15,1,""
00486cc8,__isctype_l,184,3,"_LocaleUpdate ___crtGetStringTypeA __isleadbyte_l"
00486d80,__isctype,50,2,"__isctype_l"
00486dc0,__allmul,52,4,""
00486df4,__calloc_impl,130,3,"HeapAlloc __callnewh __errno"
00486e76,_realloc,173,2,"GetLastError HeapReAlloc __callnewh __errno __get_errno_from_oserr _free _malloc"
00486f23,__recalloc,110,3,"__errno __msize _memset _realloc"
00486fa0,FID_conflict:_memcpy,708,3,"FUN_0047c1d7"
00487301,__isalpha_l,86,2,"_LocaleUpdate __isctype_l"
00487357,_isalpha,48,1,"__isalpha_l"
00487387,__isupper_l,81,2,"_LocaleUpdate __isctype_l"
004873d8,_isupper,46,1,"__isupper_l"
00487406,__islower_l,81,2,"_LocaleUpdate __isctype_l"
00487457,_islower,46,1,"__islower_l"
00487485,__isdigit_l,81,2,"_LocaleUpdate __isctype_l"
004874d6,_isdigit,46,1,"__isdigit_l"
00487504,__isxdigit_l,86,2,"_LocaleUpdate __isctype_l"
0048755a,_isxdigit,48,1,"__isxdigit_l"
0048758a,__isspace_l,81,2,"_LocaleUpdate __isctype_l"
004875db,_isspace,46,1,"__isspace_l"
00487609,__ispunct_l,81,2,"_LocaleUpdate __isctype_l"
0048765a,_ispunct,46,1,"__ispunct_l"
00487688,__isalnum_l,86,2,"_LocaleUpdate __isctype_l"
004876de,_isalnum,48,1,"__isalnum_l"
0048770e,__isprint_l,86,2,"_LocaleUpdate __isctype_l"
00487764,_isprint,48,1,"__isprint_l"
00487794,__isgraph_l,86,2,"_LocaleUpdate __isctype_l"
004877ea,_isgraph,48,1,"__isgraph_l"
0048781a,__iscntrl_l,81,2,"_LocaleUpdate __isctype_l"
0048786b,_iscntrl,46,1,"__iscntrl_l"
00487899,FUN_00487899,18,1,""
004878ab,FUN_004878ab,13,1,""
004878b8,FID_conflict:__iscsym_l,35,2,"__isalpha_l"
004878db,___iscsymf,31,1,"_isalpha"
004878fa,FID_conflict:__iscsym_l,35,2,"__isalnum_l"
0048791d,___iscsym,33,1,"_isalnum"
0048793e,__filbuf,290,1,"FUN_0047592c __errno __fileno __getbuf __read"
00487a60,__ungetc_nolock,227,2,"FUN_0047592c __errno __fileno __getbuf"
00487bac,__mbtowc_l,278,4,"MultiByteToWideChar _LocaleUpdate __errno __isleadbyte_l"
00487cc2,_mbtowc,26,3,"__mbtowc_l"
00487cdc,_strncpy_s,181,4,"FUN_0047592c __errno"
00487d91,__getenv_helper_nolock,135,1,"___wtomb_environ __mbsnbicoll _strlen"
00487e18,FUN_00487e18,138,3,"FUN_0047592c __errno __getenv_helper_nolock __invoke_watson _strcpy_s _strlen"
00487ea3,FUN_00487ea3,155,2,"FUN_0047592c __errno __getenv_helper_nolock __invoke_watson _calloc _strcpy_s _strlen"
0048815d,___init_ctype,935,1,"FID_conflict:_memcpy GetCPInfo InterlockedDecrement ___crtGetStringTypeA ___crtLCMapStringA ___getlocaleinfo __calloc_crt __malloc_crt __security_check_cookie _free"
00488504,____mb_cur_max_func,41,0,"___updatetlocinfo __getptd"
0048852d,____mb_cur_max_l_func,28,1,"____mb_cur_max_func"
00488549,____lc_codepage_func,38,0,"___updatetlocinfo __getptd"
004885bb,__VEC_memzero,183,2,""
00488675,FUN_00488675,22,2,""
0048868b,__freea,32,1,"_free"
004886ab,strncnt,30,2,""
004886c9,__crtLCMapStringA_stat,487,9,"LCMapStringW MultiByteToWideChar WideCharToMultiByte __alloca_probe_16 __freea __security_check_cookie _malloc"
004888b0,___crtLCMapStringA,70,9,"_LocaleUpdate __crtLCMapStringA_stat"
004888f6,__crtGetLocaleInfoA_stat,218,5,"GetLocaleInfoW WideCharToMultiByte __alloca_probe_16 __freea __security_check_cookie _malloc"
004889d0,___crtGetLocaleInfoA,58,5,"_LocaleUpdate __crtGetLocaleInfoA_stat"
00488a0a,__crtGetStringTypeA_stat,231,8,"GetStringTypeW MultiByteToWideChar __alloca_probe_16 __freea __security_check_cookie _malloc _memset"
00488af1,___crtGetStringTypeA,64,7,"_LocaleUpdate __crtGetStringTypeA_stat"
00488b31,__get_lc_time,2047,1,"___getlocaleinfo"
00489330,___free_lc_time,887,1,"_free"
004896a7,___init_time,125,1,"InterlockedDecrement ___free_lc_time __calloc_crt __get_lc_time _free"
00489754,___free_lconv_num,105,1,"_free"
004897bd,___init_numeric,496,1,"InterlockedDecrement ___free_lconv_num ___getlocaleinfo __calloc_crt __malloc_crt _free"
004899dd,___free_lconv_mon,254,1,"_free"
00489adb,___init_monetary,864,1,"InterlockedDecrement ___free_lconv_mon ___getlocaleinfo __calloc_crt __malloc_crt _free"
00489e93,_strcat_s,109,3,"FUN_0047592c __errno"
00489f00,_strcspn,70,2,""
00489f46,FUN_00489f46,98,3,"__stricmp"
00489fbc,_ProcessCodePage,132,0,"GetACP GetLocaleInfoW _atol _strcmp"
0048a040,_TestDefaultCountry,37,1,""
0048a065,_LcidFromHexString,49,2,""
0048a096,_GetPrimaryLen,27,2,""
0048a0b1,_CountryEnumProc@4,167,1,"GetLocaleInfoA _LcidFromHexString _TestDefaultCountry __getptd __security_check_cookie __stricmp"
0048a158,_TestDefaultLanguage,91,2,"GetLocaleInfoW _GetPrimaryLen _strlen"
0048a1b3,_LangCountryEnumProc@4,465,1,"GetLocaleInfoA _LcidFromHexString _TestDefaultCountry _TestDefaultLanguage __getptd __security_check_cookie __stricmp __strnicmp _strlen"
0048a384,_LanguageEnumProc@4,192,1,"GetLocaleInfoA _LcidFromHexString _TestDefaultLanguage __getptd __security_check_cookie __stricmp"
0048a470,_GetLcidFromLangCountry,103,0,"EnumSystemLocalesA _GetPrimaryLen _strlen"
0048a4d7,_GetLcidFromLanguage,60,0,"EnumSystemLocalesA _GetPrimaryLen _strlen"
0048a513,___get_qualified_locale,497,3,"EnumSystemLocalesA FUN_00489f46 GetLocaleInfoA GetUserDefaultLCID IsValidCodePage IsValidLocale _GetLcidFromLangCountry _GetLcidFromLanguage _ProcessCodePage __getptd __invoke_watson __itoa_s _strcpy_s _strlen"
0048bc1e,_memcmp,5330,3,""
0048d180,_strpbrk,64,2,""
0048d1c0,x_ismbbtype_l,83,4,"_LocaleUpdate"
0048d213,__ismbbkalnum_l,25,2,"x_ismbbtype_l"
0048d22c,__ismbbkalnum,24,1,"x_ismbbtype_l"
0048d244,__ismbbkprint_l,25,2,"x_ismbbtype_l"
0048d25d,__ismbbkprint,24,1,"x_ismbbtype_l"
0048d275,__ismbbkpunct_l,25,2,"x_ismbbtype_l"
0048d28e,__ismbbkpunct,24,1,"x_ismbbtype_l"
0048d2a6,__ismbbalnum_l,28,2,"x_ismbbtype_l"
0048d2c2,__ismbbalnum,27,1,"x_ismbbtype_l"
0048d2dd,__ismbbalpha_l,28,2,"x_ismbbtype_l"
0048d2f9,__ismbbalpha,27,1,"x_ismbbtype_l"
0048d314,__ismbbgraph_l,28,2,"x_ismbbtype_l"
0048d330,__ismbbgraph,27,1,"x_ismbbtype_l"
0048d34b,__ismbbprint_l,28,2,"x_ismbbtype_l"
0048d367,__ismbbprint,27,1,"x_ismbbtype_l"
0048d382,__ismbbpunct_l,25,2,"x_ismbbtype_l"
0048d39b,__ismbbpunct,24,1,"x_ismbbtype_l"
0048d3b3,__ismbblead_l,25,2,"x_ismbbtype_l"
0048d3cc,__ismbblead,24,1,"x_ismbbtype_l"
0048d3e4,__ismbbtrail_l,25,2,"x_ismbbtype_l"
0048d3fd,__ismbbtrail,24,1,"x_ismbbtype_l"
0048d415,__ismbbkana_l,85,2,"_LocaleUpdate x_ismbbtype_l"
0048d46a,__ismbbkana,19,1,"__ismbbkana_l"
0048d47d,__set_osfhnd,129,2,"SetStdHandle ___doserrno __errno"
0048d4fe,__free_osfhnd,134,1,"SetStdHandle ___doserrno __errno"
0048d584,__get_osfhandle,105,1,"FUN_0047592c ___doserrno __errno"
0048d5ed,___lock_fhandle,145,1,"EnterCriticalSection FUN_0048d683 InitializeCriticalSectionAndSpinCount __SEH_epilog4 __SEH_prolog4 __lock"
0048d683,FUN_0048d683,9,0,"FUN_0047e699"
0048d68c,__unlock_fhandle,39,1,"LeaveCriticalSection"
0048d962,__putwch_nolock,66,1,"WriteConsoleW ___initconout"
0048d9f0,__alloca_probe,43,0,""
0048da1b,__fcloseall,147,0,"DeleteCriticalSection FUN_0048daae __SEH_epilog4 __SEH_prolog4 __lock _fclose _free"
0048daae,FUN_0048daae,9,0,"FUN_0047e699"
0048dab7,__flush,104,1,"__fileno __write"
0048db1f,__fflush_nolock,72,1,"__commit __fileno __flush flsall"
0048db67,flsall,187,1,"FUN_0048dc09 FUN_0048dc38 __SEH_epilog4 __SEH_prolog4 __fflush_nolock __lock __lock_file2"
0048dc09,FUN_0048dc09,17,0,"__unlock_file2"
0048dc38,FUN_0048dc38,9,0,"FUN_0047e699"
0048dc94,__flushall,9,0,"flsall"
0048dca6,__stbuf,156,1,"FUN_0047f19c __fileno __isatty __malloc_crt"
0048dd42,__ftbuf,52,2,"__flush"
0048dd76,FID_conflict:_vprintf_helper,122,4,"FUN_0047592c FUN_0047f19c FUN_0048ddf3 __SEH_epilog4 __SEH_prolog4 __errno __ftbuf __lock_file __stbuf"
0048ddf3,FUN_0048ddf3,8,0,"__unlock_file"
0048ddfb,FID_conflict:__vwprintf_s_l,29,3,"FID_conflict:_vprintf_helper"
0048de18,FID_conflict:__vwprintf_s_l,29,3,"FID_conflict:_vprintf_helper"
0048de35,FID_conflict:__vwprintf_s_l,29,3,"FID_conflict:_vprintf_helper"
0048de52,FID_conflict:_vprintf_s,28,2,"FID_conflict:_vprintf_helper"
0048de6e,FID_conflict:_vprintf_s,28,2,"FID_conflict:_vprintf_helper"
0048de8a,FID_conflict:_vprintf_s,28,2,"FID_conflict:_vprintf_helper"
0048dea6,_iswctype,85,2,"GetStringTypeW"
0048defb,FUN_0048defb,11,2,"_iswctype"
0048df06,__iswctype_l,20,3,"_iswctype"
0048df20,__global_unwind2,32,1,"RtlUnwind"
0048df85,__local_unwind2,132,2,"FUN_0048e054 __NLG_Notify"
0048e02c,__NLG_Notify1,9,1,""
0048e035,__NLG_Notify,31,1,""
0048e054,FUN_0048e054,3,0,""
0048e057,__read_nolock,1463,3,"FUN_0047592c GetLastError MultiByteToWideChar ReadFile ___doserrno __dosmaperr __errno __lseeki64_nolock __malloc_crt _free"
0048e60e,__read,235,3,"FUN_0047592c FUN_0048e6fc __SEH_epilog4 __SEH_prolog4 ___doserrno ___lock_fhandle __errno __read_nolock"
0048e6fc,FUN_0048e6fc,8,0,"__unlock_fhandle"
0048e704,__mbsnbicoll_l,222,4,"FUN_0047592c _LocaleUpdate ___crtCompareStringA __errno __strnicoll_l"
0048e7e2,__mbsnbicoll,26,3,"__mbsnbicoll_l"
0048e7fc,___wtomb_environ,151,0,"WideCharToMultiByte ___crtsetenv __calloc_crt _free"
0048e893,_calloc,64,2,"__calloc_impl __errno"
0048e8d3,_strnlen,29,2,""
0048e8f0,__alloca_probe_16,22,0,"__alloca_probe"
0048e906,__alloca_probe_8,22,0,"__alloca_probe"
0048e91c,__strnicmp_l,226,4,"FUN_0047592c _LocaleUpdate ___ascii_strnicmp __errno __tolower_l"
0048e9fe,__strnicmp,83,3,"FUN_0047592c ___ascii_strnicmp __errno __strnicmp_l"
0048ea51,xtoa_s,186,3,"FUN_0047592c __errno"
0048eb0b,__itoa_s,42,4,"xtoa_s"
0048eb35,__ltoa_s,39,4,"xtoa_s"
0048eb5c,__ultoa_s,26,4,"xtoa_s"
0048eb76,x64toa_s,236,7,"FUN_0047592c __aulldvrm __errno"
0048ec62,__i64toa_s,53,4,"x64toa_s"
0048ec97,__ui64toa_s,31,4,"x64toa_s"
0048ecb6,___initconout,31,0,"CreateFileW"
0048ecd5,FUN_0048ecd5,23,0,"CloseHandle"
0048ecec,__fclose_nolock,109,1,"FUN_0047592c __close __errno __fileno __flush __freebuf _free"
0048ed59,_fclose,105,1,"FUN_0047592c FUN_0048edc5 __SEH_epilog4 __SEH_prolog4 __errno __fclose_nolock __lock_file"
0048edc5,FUN_0048edc5,8,0,"__unlock_file"
0048edcd,__commit,206,1,"FUN_0047592c FUN_0048ee9e FlushFileBuffers GetLastError __SEH_epilog4 __SEH_prolog4 ___doserrno ___lock_fhandle __errno __get_osfhandle"
0048ee9e,FUN_0048ee9e,8,0,"__unlock_fhandle"
0048eea6,strncnt,30,2,""
0048eec4,__crtCompareStringA_stat,622,8,"CompareStringW GetCPInfo MultiByteToWideChar __alloca_probe_16 __freea __security_check_cookie _malloc"
0048f132,___crtCompareStringA,66,8,"_LocaleUpdate __crtCompareStringA_stat"
0048f174,__strnicoll_l,234,4,"FUN_0047592c _LocaleUpdate ___crtCompareStringA __errno __strnicmp_l"
0048f25e,__strnicoll,41,3,"__strnicmp __strnicoll_l"
0048f287,findenv,82,1,"__mbsnbicoll"
0048f2d9,copy_environ,96,0,"__amsg_exit __calloc_crt __strdup"
0048f339,___crtsetenv,578,2,"FUN_0047592c SetEnvironmentVariableA ___wtomb_environ __calloc_crt __errno __invoke_watson __malloc_crt __mbschr __recalloc_crt _free _strcpy_s _strlen copy_environ findenv"
0048f580,___ascii_strnicmp,97,3,""
0048f5e1,__close_nolock,156,1,"CloseHandle GetLastError __dosmaperr __free_osfhnd __get_osfhandle"
0048f67d,__close,185,1,"FUN_0047592c FUN_0048f739 __SEH_epilog4 __SEH_prolog4 ___doserrno ___lock_fhandle __close_nolock __errno"
0048f739,FUN_0048f739,8,0,"__unlock_fhandle"
0048f741,__freebuf,49,1,"_free"
0048f772,__strdup,82,1,"__invoke_watson _malloc _strcpy_s _strlen"
0048f7c4,__mbschr_l,176,3,"FUN_0047592c _LocaleUpdate __errno _strchr"
0048f874,__mbschr,23,2,"__mbschr_l"
0048f9ca,RtlUnwind,6,4,""
0048fa30,__cfltcvt_init,96,0,""
0048fa90,FUN_0048fa90,21,1,""
0048faa5,__fpmath,25,1,"__cfltcvt_init __setdefaultprecision"
0048fac0,FUN_0048fac0,28,2,""
0048faf6,FUN_0048faf6,117,0,""
0048fb7a,FUN_0048fb7a,10,1,"__cintrindisp2"
0048fbe0,FUN_0048fbe0,79,0,"FUN_0048fc38 FUN_00491800 FUN_00491b78"
0048fc38,FUN_0048fc38,125,2,"FUN_00491b1c __math_exit __startOneArgErrorHandling"
0048fd00,FUN_0048fd00,79,1,"FUN_0048fd58 FUN_00491b78 FUN_00491ce0"
0048fd4f,FUN_0048fd4f,9,1,"__fload_withFB"
0048fd58,FUN_0048fd58,149,2,"FUN_00491b1c __math_exit __startOneArgErrorHandling"
0048fdf0,FUN_0048fdf0,505,1,"___libm_error_support __ctrlfp __except1 __frnd __handle_qnan1 __sptype"
0048ff60,FUN_0048ff60,79,0,"FUN_0048ffb8 FUN_00491b78 FUN_00492320"
0048ffb8,FUN_0048ffb8,174,2,"FUN_00491b05 FUN_00491b1c __math_exit __startOneArgErrorHandling"
0049007a,FUN_0049007a,10,1,"__cintrindisp2"
00490090,FUN_00490090,20,0,"FUN_004900ad FUN_00491b78"
004900ad,FUN_004900ad,157,2,"FUN_00491b05 FUN_00491b1c __math_exit __startOneArgErrorHandling"
00490190,FUN_00490190,79,1,"FUN_004901e8 FUN_00491b78 FUN_00492930"
004901df,FUN_004901df,9,1,"__fload_withFB"
004901e8,FUN_004901e8,145,2,"FUN_00491b1c __math_exit __startOneArgErrorHandling"
004902c0,FUN_004902c0,79,1,"FUN_00490318 FUN_00491b78 FUN_00492b00"
0049030f,FUN_0049030f,9,1,"__fload_withFB"
00490318,FUN_00490318,158,2,"FUN_00491b1c __math_exit __startOneArgErrorHandling"
004903a9,_JumpToContinuation,45,2,""
004903db,_CallMemberFunction0,7,2,""
004903e2,FID_conflict:_CallMemberFunction1,7,2,""
004903e9,FID_conflict:_CallMemberFunction1,7,2,""
004903f0,_UnwindNestedFrames,84,2,"RtlUnwind"
00490444,FID_conflict:___CxxFrameHandler3,54,4,"___InternalCxxFrameHandler"
0049047a,FID_conflict:___CxxFrameHandler3,54,4,"___InternalCxxFrameHandler"
004904b0,FID_conflict:___CxxFrameHandler3,54,4,"___InternalCxxFrameHandler"
004904e6,___CxxLongjmpUnwind@4,31,1,"___FrameUnwindToState"
00490505,CatchGuardHandler,51,4,"___InternalCxxFrameHandler __security_check_cookie"
00490538,_CallSETranslator,215,7,"__getptd"
0049060f,TranslatorGuardHandler,154,4,"_CallSETranslator _UnwindNestedFrames ___InternalCxxFrameHandler __security_check_cookie"
004906ae,_GetRangeOfTrysToCheck,115,5,"_inconsistency"
00490721,__CreateFrameInfo,44,2,"__getptd"
0049074d,__IsExceptionObjectToBeDestroyed,39,1,"__getptd"
00490774,__FindAndUnlinkFrame,82,1,"__getptd _inconsistency"
004907c6,_CallCatchBlock2,96,5,"__CallSettingFrame@12"
00490826,__forcdecpt_l,116,2,"_LocaleUpdate _isdigit _tolower"
0049089a,__cropzeros_l,130,2,"_LocaleUpdate"
0049091c,__positive,28,1,""
00490938,__fassign_l,66,4,"FID_conflict:__atoflt_l FID_conflict:__atoflt_l"
0049097a,__fassign,26,3,"__fassign_l"
00490994,__shift,31,0,"FID_conflict:_memcpy _strlen"
004909b3,__forcdecpt,19,1,"__forcdecpt_l"
004909c6,__cropzeros,19,1,"__cropzeros_l"
004909d9,FUN_004909d9,352,6,"FID_conflict:_memcpy FUN_0047592c _LocaleUpdate __errno __invoke_watson __shift _strcpy_s"
00490b3a,__cftoe_l,199,6,"FUN_0047592c FUN_004909d9 FUN_00494308 __errno __fptostr __security_check_cookie"
00490c01,__cftoe,32,5,"__cftoe_l"
00490c21,__cftoa_l,886,6,"FUN_0047592c _LocaleUpdate __alldvrm __aullshr __cftoe __errno _memset _strrchr"
00490f97,__cftoa,32,5,"__cftoa_l"
00490fb7,__cftof2_l,259,5,"FID_conflict:_memcpy FUN_0047592c _LocaleUpdate __errno __shift _memset _strlen"
004910ba,__cftof_l,193,5,"FUN_0047592c FUN_00494308 __cftof2_l __errno __fptostr __security_check_cookie"
0049117b,__cftof,29,4,"__cftof_l"
00491198,__cftog_l,237,6,"FUN_0047592c FUN_004909d9 FUN_00494308 __cftof2_l __errno __fptostr __security_check_cookie"
00491285,__cftog,32,5,"__cftog_l"
004912a5,__cfltcvt_l,136,7,"__cftoa_l __cftoe_l __cftof_l __cftog_l"
0049132d,__cfltcvt,35,6,"__cfltcvt_l"
00491350,__setdefaultprecision,40,0,"__controlfp_s __invoke_watson"
00491380,__cintrindisp2,62,2,"FUN_00491443 __trandisp2"
004913be,__cintrindisp1,61,2,"FUN_00491443 __trandisp1"
004913fb,__ctrandisp2,65,4,"FUN_0049143c __fload __trandisp2"
0049143c,FUN_0049143c,7,0,""
00491443,FUN_00491443,327,0,"__87except"
0049158a,__ctrandisp1,51,2,"FUN_0049143c __fload __trandisp1"
004915bd,__fload,60,2,""
00491600,__trandisp1,103,2,""
00491667,__trandisp2,140,2,""
004917c3,FUN_004917c3,7,0,""
004917ca,FUN_004917ca,25,1,""
00491800,FUN_00491800,24,0,"FUN_0049181e"
0049181e,FUN_0049181e,717,1,"___libm_error_support"
00491b05,FUN_00491b05,23,0,""
00491b1c,FUN_00491b1c,25,0,""
00491b35,__fload_withFB,67,2,""
00491b78,FUN_00491b78,22,2,""
00491b9b,__math_exit,42,5,"__startOneArgErrorHandling"
00491c80,FUN_00491c80,23,8,""
00491c97,__startOneArgErrorHandling,60,6,"__87except"
00491ce0,FUN_00491ce0,24,1,"FUN_00491cfe"
00491cfe,FUN_00491cfe,564,1,"FUN_0048fd4f"
00491f40,___libm_setusermatherr,46,1,"EncodePointer"
00491f6e,___libm_error_support,663,4,"DecodePointer __errno"
00492320,FUN_00492320,24,0,"FUN_0049233e"
0049233e,FUN_0049233e,1334,1,"___libm_error_support"
004928ec,FUN_004928ec,9,0,""
00492930,FUN_00492930,24,1,"FUN_0049294e"
0049294e,FUN_0049294e,425,1,"FUN_004901df"
00492b00,FUN_00492b00,24,1,"FUN_00492b1e"
00492b1e,FUN_00492b1e,395,1,"FUN_0049030f"
00492cd5,FUN_00492cd5,39,2,"FUN_004729ec FUN_00473bbf"
00492cfc,___TypeMatch,95,3,"_strcmp"
00492d5b,___FrameUnwindFilter,79,1,"__getptd terminate"
00492daa,___FrameUnwindToState,162,4,"FUN_00492e6c __CallSettingFrame@12 __SEH_epilog4 __SEH_prolog4 __getptd _inconsistency"
00492e6c,FUN_00492e6c,26,0,"__getptd"
00492ecb,___DestructExceptionObject,67,1,"_CallMemberFunction0 __SEH_epilog4 __SEH_prolog4"
00492f20,___AdjustPointer,41,2,""
00492f5a,___CxxRegisterExceptionObject,182,2,"__CreateFrameInfo __getptd"
00493010,___CxxDetectRethrow,81,1,"__getptd"
00493061,___CxxUnregisterExceptionObject,318,2,"__FindAndUnlinkFrame __IsExceptionObjectToBeDestroyed ___DestructExceptionObject __getptd"
00493275,IsInExceptionSpec,123,2,"___TypeMatch _inconsistency terminate"
004932f0,FUN_004932f0,49,1,"FUN_004777d8 __EH_prolog3_catch __getptd _inconsistency terminate"
00493321,Catch_All@00493321,23,0,"__CxxThrowException@8 __getptd"
0049336b,_is_exception_typeof,134,2,"FUN_00472de4 _inconsistency _strcmp"
004933f1,CallCatchBlock,172,7,"FUN_00493517 _CallCatchBlock2 __CreateFrameInfo __SEH_epilog4 __SEH_prolog4 __getptd"
00493517,FUN_00493517,118,0,"__FindAndUnlinkFrame __IsExceptionObjectToBeDestroyed ___DestructExceptionObject __getptd"
0049358d,___BuildCatchObjectHelper,371,4,"FID_conflict:_ValidateExecute FID_conflict:_ValidateExecute FID_conflict:_memcpy _ValidateRead __SEH_epilog4 __SEH_prolog4 ___AdjustPointer _inconsistency"
0049370c,___BuildCatchObject,133,4,"FID_conflict:_CallMemberFunction1 FID_conflict:_CallMemberFunction1 __SEH_epilog4 __SEH_prolog4 ___AdjustPointer ___BuildCatchObjectHelper"
0049379e,___CxxExceptionFilter,334,4,"___BuildCatchObject ___TypeMatch __getptd"
004938ec,CatchIt,110,11,"CallCatchBlock _JumpToContinuation _UnwindNestedFrames ___BuildCatchObject ___FrameUnwindToState"
0049395a,FindHandlerForForeignException,263,8,"CatchIt FUN_00478533 _CallSETranslator _GetRangeOfTrysToCheck __getptd _inconsistency"
00493a61,FindHandler,885,8,"CatchIt FUN_004932f0 FindHandlerForForeignException IsInExceptionSpec _GetRangeOfTrysToCheck _UnwindNestedFrames _ValidateRead __CxxThrowException@8 ___DestructExceptionObject ___FrameUnwindToState ___TypeMatch __getptd _inconsistency exception operator== terminate"
00493dd6,FUN_00493dd6,29,2,"exception"
00493df3,___InternalCxxFrameHandler,230,8,"FindHandler ___FrameUnwindToState __getptd"
00493ee0,__CallSettingFrame@12,76,3,"__NLG_Notify1"
00493f2c,FID_conflict:__atoflt_l,168,3,"FID_conflict:__ld12tod _LocaleUpdate ___strgtold12_l __security_check_cookie"
00493fd4,FID_conflict:__atodbl,23,2,"FID_conflict:__atoflt_l"
00493feb,__atoldbl_l,169,3,"_LocaleUpdate ___strgtold12_l __ld12told __security_check_cookie"
00494094,__atoldbl,23,2,"__atoldbl_l"
004940ab,FID_conflict:__atoflt_l,168,3,"FID_conflict:__ld12tod _LocaleUpdate ___strgtold12_l __security_check_cookie"
00494153,FID_conflict:__atodbl,23,2,"FID_conflict:__atoflt_l"
0049416a,__set_output_format,50,1,"FUN_0047592c __errno"
004941a2,__fptostr,179,4,"FID_conflict:_memcpy FUN_0047592c __errno _strlen"
00494255,___dtold,179,2,""
00494308,FUN_00494308,141,5,"$I10_OUTPUT ___dtold __invoke_watson __security_check_cookie _strcpy_s"
004943a0,__alldvrm,223,4,""
00494480,__aullshr,31,2,""
0049449f,__controlfp_s,95,3,"FUN_0047592c __control87 __errno"
004944fe,__87except,319,3,"FUN_0049463d __ctrlfp __handle_exc __raise_exc __security_check_cookie __set_errno_from_matherr"
0049463d,FUN_0049463d,3,0,""
00494640,__raise_exc_ex,732,7,"RaiseException __clrfp __statfp"
0049491c,__raise_exc,35,6,"__raise_exc_ex"
0049493f,__raise_excf,35,6,"__raise_exc_ex"
00494962,__handle_exc,484,3,"FUN_00494fdd FUN_004950ec"
00494b46,__set_errno_from_matherr,45,1,"__errno"
00494b73,__get_fname,38,1,""
00494b99,__errcode,52,1,""
00494bcd,__umatherr,160,2,"FUN_0049463d __ctrlfp __set_errno_from_matherr"
00494c6d,__handle_qnan1,85,2,"__ctrlfp __errno __umatherr"
00494cc2,__handle_qnan2,97,3,"__ctrlfp __errno __umatherr"
00494d23,__except1,202,5,"__ctrlfp __errcode __handle_exc __raise_exc_ex __security_check_cookie __set_errno_from_matherr __umatherr"
00494ec7,__frnd,20,1,""
00494edb,__set_exp,45,2,""
00494f08,FUN_00494f08,25,2,""
00494f21,__add_exp,46,2,"__set_exp"
00494f4f,__set_bexp,40,2,""
00494f77,__sptype,102,2,""
00494fdd,FUN_00494fdd,195,3,"__set_exp"
004950a0,__statfp,16,0,""
004950b0,__clrfp,17,0,""
004950c1,__ctrlfp,43,0,""
004950ec,FUN_004950ec,88,0,""
00495144,___get_fpsr_sse2,30,0,""
00495162,___set_fpsr_sse2,68,1,"__SEH_epilog4 __SEH_prolog4"
004951d4,FUN_004951d4,29,0,""
0049521c,___ctrlfp_sse2,55,2,"___get_fpsr_sse2 ___set_fpsr_sse2"
00495253,___set_statfp_sse2,27,1,"___get_fpsr_sse2 ___set_fpsr_sse2"
004952a1,__EH_prolog3_catch,54,1,""
00495346,__EH_epilog3,20,0,""
00495378,_ValidateRead,18,2,""
0049538a,FID_conflict:_ValidateExecute,18,1,""
0049539c,FID_conflict:_ValidateExecute,18,1,""
004953ae,___addl,36,3,""
004953d2,__ZeroTail,73,2,""
0049541b,__IncMan,109,2,""
00495488,__RoundMan,236,2,""
00495574,__CopyMan,31,2,""
00495593,FUN_00495593,17,1,""
004955a4,__IsZeroMan,31,1,""
004955c3,__ShrMan,152,2,""
0049565b,__ld12cvt,1359,3,"__security_check_cookie"
00495baa,FID_conflict:__ld12tod,1361,2,"__security_check_cookie"
004960fb,FID_conflict:__ld12tod,1361,2,"__security_check_cookie"
0049664c,__ld12told,221,2,"__security_check_cookie"
00496729,___shl_12,51,1,""
0049675c,___shr_12,50,1,""
0049678e,___ld12mul,635,2,"__security_check_cookie"
00496a09,___multtenpow12,767,3,"__security_check_cookie"
00496d08,___strgtold12_l,1705,8,"FUN_0047592c ___mtold12 __errno __security_check_cookie"
004973e4,FUN_004973e4,91,5,"___strgtold12_l __ld12told __security_check_cookie"
0049743f,___add_12,113,2,""
004974b0,$I10_OUTPUT,2296,6,"__invoke_watson __security_check_cookie _strcpy_s"
00497da8,__set_controlfp,115,2,"__controlfp_s __invoke_watson"
00497e1b,__abstract_cw,159,1,""
00497eba,__hw_cw,142,0,""
00497f48,FID_conflict:__abstract_sw,67,1,""
0049802b,___hw_cw_sse2,160,2,""
004980cb,FID_conflict:__abstract_sw,67,1,""
0049811a,__statusfp,146,0,""
004981e4,___statusfp_sse2,59,0,"___get_fpsr_sse2"
0049821f,___clearfp_sse2,80,0,""
0049826f,___control87_sse2,374,2,"___hw_cw_sse2 ___set_fpsr_sse2"
004983e5,__statusfp2,90,2,"___statusfp_sse2"
0049843f,__clearfp,217,0,""
00498518,___control87_2,791,4,"___hw_cw_sse2 ___set_fpsr_sse2 __hw_cw"
0049882f,__control87,786,2,"___hw_cw_sse2 ___set_fpsr_sse2 __hw_cw"
00498b41,__controlfp,789,2,"___hw_cw_sse2 ___set_fpsr_sse2 __hw_cw"
00498e56,___mtold12,484,3,""
00499040,Unwind@00499040,11,0,"FUN_0046acd0"
00499070,Unwind@00499070,11,0,"FUN_004729ec"
004990a0,Unwind@004990a0,11,0,"FUN_004729ec"
004990d0,Unwind@004990d0,8,0,"FUN_00468180"
004990d8,Unwind@004990d8,11,0,"FUN_00468180"
00499100,Unwind@00499100,11,0,"FUN_00473a61"
00499130,Unwind@00499130,11,0,"FUN_0046acd0"
00499160,Unwind@00499160,11,0,"FUN_00403090"
0049916b,Unwind@0049916b,14,0,"FUN_00403090"
004991a0,Unwind@004991a0,8,0,"FUN_00468180"
004991a8,Unwind@004991a8,11,0,"FUN_00468180"
004991f0,Unwind@004991f0,8,0,"FUN_0044fdd0"
00499220,Unwind@00499220,8,0,"FUN_0044fdd0"
00499250,Unwind@00499250,11,0,"FUN_004729ec"
00499280,Unwind@00499280,11,0,"FUN_00403090"
0049928b,Unwind@0049928b,14,0,"FUN_00403090"
00499299,Unwind@00499299,14,0,"FUN_00403090"
004992d0,Unwind@004992d0,11,0,"FUN_00403090"
004992db,Unwind@004992db,14,0,"FUN_00403090"
004992e9,Unwind@004992e9,14,0,"FUN_00403090"
00499320,Unwind@00499320,25,0,"`eh_vector_destructor_iterator'"
00499360,Unwind@00499360,27,0,"`eh_vector_destructor_iterator'"
004993a0,Unwind@004993a0,30,0,"`eh_vector_destructor_iterator'"
004993be,Unwind@004993be,14,0,"FUN_00403090"
004993cc,Unwind@004993cc,27,0,"`eh_vector_destructor_iterator'"
00499410,Unwind@00499410,27,0,"`eh_vector_destructor_iterator'"
0049942b,Unwind@0049942b,27,0,"`eh_vector_destructor_iterator'"
00499470,Unwind@00499470,11,0,"FUN_0046acd0"
0049947b,Unwind@0049947b,11,0,"FUN_00403090"
004994b0,Unwind@004994b0,25,0,"`eh_vector_destructor_iterator'"
004994c9,Unwind@004994c9,27,0,"`eh_vector_destructor_iterator'"
004994e4,Unwind@004994e4,14,0,"FUN_00403090"
004994f2,Unwind@004994f2,14,0,"FUN_00403090"
00499520,Unwind@00499520,30,0,"`eh_vector_destructor_iterator'"
0049953e,Unwind@0049953e,14,0,"FUN_00403090"
0049954c,Unwind@0049954c,27,0,"`eh_vector_destructor_iterator'"
00499590,Unwind@00499590,11,0,"FUN_004533f0"
004995c0,Unwind@004995c0,14,0,"FUN_0046acd0"
004995f0,Unwind@004995f0,8,0,"FUN_004533f0"
00499620,Unwind@00499620,11,0,"FUN_004729ec"
00499650,Unwind@00499650,14,0,"FUN_0046acd0"
00499680,Unwind@00499680,11,0,"FUN_004729ec"
004996b0,Unwind@004996b0,11,0,"FUN_0046acd0"
004996bb,Unwind@004996bb,14,0,"FUN_00403090"
004996f0,Unwind@004996f0,14,0,"FUN_004729ec"
004996fe,Unwind@004996fe,14,0,"FUN_004729ec"
00499730,Unwind@00499730,11,0,"FUN_004729ec"
00499760,Unwind@00499760,11,0,"FUN_004729ec"
00499790,Unwind@00499790,11,0,"FUN_004729ec"
004997c0,Unwind@004997c0,11,0,"FUN_004729ec"
004997f0,Unwind@004997f0,11,0,"FUN_004729ec"
00499820,Unwind@00499820,14,0,"FUN_004729ec"
0049982e,Unwind@0049982e,14,0,"FUN_004729ec"
00499870,Unwind@00499870,11,0,"FUN_004729ec"
004998a0,Unwind@004998a0,14,0,"FUN_004729ec"
004998e0,Unwind@004998e0,11,0,"FUN_004729ec"
00499910,Unwind@00499910,11,0,"FUN_004729ec"
00499940,Unwind@00499940,11,0,"FUN_004729ec"
00499990,FUN_00499990,22,0,"_atexit"
