entry,name,size,params,callees
00401000,FUN_00401000,27,0,""
00401020,FUN_00401020,239,0,""
00401110,FUN_00401110,1059,0,"Direct3DCreate8 FUN_00401540 FUN_004018a0 FUN_00401a00 FUN_00401ab0 FUN_0041cc50 FUN_0060508b __security_check_cookie _memset _sprintf"
00401540,FUN_00401540,604,0,"FUN_00401f50 FUN_00402250 FUN_004023b0 FUN_004025f0 FUN_00604c82 _strlen"
004017a0,FUN_004017a0,245,0,"FUN_00401540 FUN_00401a00 FUN_0060508b"
004018a0,FUN_004018a0,340,0,"FUN_004017a0 GetSystemMetrics SetWindowPos ShowCursor"
00401a00,FUN_00401a00,29,0,"MessageBoxA"
00401a20,FUN_00401a20,43,0,""
00401a50,FUN_00401a50,39,0,""
00401a80,FUN_00401a80,43,0,""
00401ab0,FUN_00401ab0,54,0,""
00401af0,FUN_00401af0,13,0,""
00401b00,FUN_00401b00,31,0,""
00401b20,FUN_00401b20,248,0,"FUN_00401a00 FUN_00605b61"
00401c20,FUN_00401c20,340,0,"FUN_00401a00 FUN_00605b61"
00401d80,FUN_00401d80,376,0,""
00401f00,FUN_00401f00,72,0,"FUN_00401a00 FUN_00608666"
00401f50,FUN_00401f50,463,0,""
00402140,FUN_00402140,270,0,""
00402250,FUN_00402250,308,0,"FUN_00402250"
004023b0,FUN_004023b0,370,0,""
00402540,FUN_00402540,161,0,""
004025f0,FUN_004025f0,102,0,""
00402660,FUN_00402660,36,0,"FUN_00402690"
00402690,FUN_00402690,306,0,"FUN_00401a00"
004027d0,FUN_004027d0,196,0,""
004028a0,FUN_004028a0,13,0,""
004028b0,FUN_004028b0,10,0,""
004028c0,FUN_004028c0,37,0,""
004028f0,FUN_004028f0,123,0,"FUN_004017a0"
00402970,FUN_00402970,128,0,"FUN_004017a0"
004029f0,FUN_004029f0,857,0,"FUN_006406ac"
00402d50,FUN_00402d50,1185,0,"FUN_006406ac"
00403200,FUN_00403200,507,0,"FUN_006406ac"
00403400,FUN_00403400,540,0,"FUN_006406ac"
00403620,FUN_00403620,742,0,"FUN_006406ac"
00403910,FUN_00403910,632,0,"FUN_006406ac"
00403b90,FUN_00403b90,76,0,"FUN_00404300 FUN_00404380"
00403be0,FUN_00403be0,278,0,"FUN_00404190 FUN_004041d0 FUN_00404300 FUN_00404380"
00403d00,FUN_00403d00,29,0,"MessageBoxA"
00403d20,FUN_00403d20,95,0,"DirectInput8Create FUN_00403d00"
00403d80,FUN_00403d80,197,0,"FUN_00403d00"
00403e50,FUN_00403e50,90,0,"_memset"
00403eb0,FUN_00403eb0,139,0,"FUN_00403d00 FUN_00404190 FUN_00404360 __security_check_cookie _memset"
00403f40,FUN_00403f40,200,0,"FUN_004041d0 FUN_00404320"
00404010,FUN_00404010,260,0,"FUN_00404240 FUN_004042b0 back"
00404120,FUN_00404120,107,0,"back"
00404190,FUN_00404190,52,0,""
004041d0,FUN_004041d0,49,0,"FUN_004043e0 FUN_004046a0 iterator::operator+"
00404210,back,45,1,"FUN_00404400 FUN_004046a0 operator-"
00404240,FUN_00404240,99,0,"FUN_00404190 FUN_004043a0 FUN_00404400 FUN_00404440 FUN_00404560"
004042b0,FUN_004042b0,66,0,"FUN_00404420 FUN_004044c0"
00404300,FUN_00404300,19,0,"FUN_004044f0"
00404320,FUN_00404320,49,0,"FUN_00404590 FUN_00404720 FUN_00404740"
00404360,FUN_00404360,29,0,"FUN_004045b0"
00404380,FUN_00404380,19,0,"FUN_00404630"
004043a0,FUN_004043a0,52,0,""
004043e0,FUN_004043e0,31,0,"FUN_00405250"
00404400,FUN_00404400,31,0,"FUN_00405250"
00404420,FUN_00404420,24,0,"FUN_00404190"
00404440,FUN_00404440,114,0,"FUN_00404190 FUN_004043e0 FUN_00404770 FUN_004052b0 iterator::operator+"
004044c0,FUN_004044c0,33,0,"FUN_00405ce0"
004044f0,FUN_004044f0,103,0,"FUN_004044c0 FUN_00405100"
00404560,FUN_00404560,46,0,"FUN_00405d20"
00404590,FUN_00404590,31,0,"FUN_004052f0"
004045b0,FUN_004045b0,121,0,"FUN_00404590 FUN_00405140 FUN_00405160 FUN_00405190 __security_check_cookie"
00404630,FUN_00404630,110,0,"FUN_00405200 FUN_00405230"
004046a0,FUN_004046a0,19,0,"FUN_004052e0"
004046c0,iterator::operator+,45,0,"iterator::operator+="
004046f0,operator-,45,2,"iterator::operator-="
00404720,FUN_00404720,19,0,"FUN_00405330"
00404740,FUN_00404740,45,0,"FUN_00405310"
00404770,FUN_00404770,511,0,"DoMessageBox FID_conflict:_Xran FUN_00404190 FUN_004043a0 FUN_00404560 FUN_00404a79 FUN_00404a90 FUN_00405120 FUN_00405d90 FUN_00405dc0"
004048ab,Catch@004048ab,168,0,"FUN_00404190 FUN_004044c0 FUN_00404a79 FUN_00405100 __CxxThrowException@8"
004049b3,Catch@004049b3,98,0,"FUN_004044c0 FUN_00404a79 FUN_00405d90 __CxxThrowException@8"
00404a79,FUN_00404a79,19,0,""
00404a90,FUN_00404a90,19,0,"max_size"
00404ab0,FID_conflict:_Xran,90,0,"FID_conflict:length_error __CxxThrowException@8 basic_string<>"
00404b10,FID_conflict:length_error,37,0,"FID_conflict:runtime_error"
00404b40,FID_conflict:runtime_error,93,0,"FUN_00640c4c basic_string<char,std::char_traits<char>,std::allocator<char>_>"
00404ba0,what,22,0,"FUN_00404d10"
00404bc0,FUN_00404bc0,44,0,"FID_conflict:~logic_error _free"
00404bf0,FID_conflict:~logic_error,84,0,"~basic_string<> ~exception"
00404c50,FUN_00404c50,28,0,"FID_conflict:~logic_error"
00404c70,FUN_00404c70,44,0,"FUN_00404c50 _free"
00404ca0,basic_string<char,std::char_traits<char>,std::allocator<char>_>,71,2,"_String_val<> _Tidy allocator<> assign"
00404cf0,~basic_string<>,23,0,"_Tidy"
00404d10,FUN_00404d10,19,0,"FID_conflict:_Myptr"
00404d30,assign,178,4,"FID_conflict:_Myptr FUN_00404fa0 FUN_00654ace _Eos _Grow _Myptr copy erase"
00404df0,copy,25,3,"_memcpy"
00404e10,_Tidy,116,3,"_Eos copy deallocate"
00404e90,FID_conflict:_Myptr,45,0,""
00404ec0,_String_val<>,28,0,"allocator<>"
00404ee0,allocator<>,16,0,""
00404ef0,erase,141,3,"FUN_00654ace _Eos _Myptr move"
00404f80,move,25,3,"_memmove"
00404fa0,FUN_00404fa0,17,0,""
00404fc0,_Eos,52,2,"FUN_00405000 _Myptr"
00405000,FUN_00405000,15,0,""
00405010,_Grow,151,3,"FID_conflict:max_size FUN_00405460 FUN_00654b0e _Eos _Tidy"
004050b0,_Myptr,45,1,""
004050e0,deallocate,25,0,"_free"
00405100,FUN_00405100,25,0,"_free"
00405120,FUN_00405120,27,0,"FUN_00405e00"
00405140,FUN_00405140,31,0,"FUN_004052f0"
00405160,FUN_00405160,33,0,"FUN_004055f0"
00405190,FUN_00405190,99,0,"FUN_00405200 FUN_00405e20 const_iterator::operator!="
00405200,FUN_00405200,33,0,"FUN_00405e60"
00405230,FUN_00405230,25,0,"_free"
00405250,FUN_00405250,28,0,"FUN_00405a10"
00405270,iterator::operator+=,32,0,""
00405290,iterator::operator-=,27,0,"iterator::operator+="
004052b0,FUN_004052b0,35,0,"FUN_00405a30"
004052e0,FUN_004052e0,16,0,""
004052f0,FUN_004052f0,28,0,"FUN_00405a50"
00405310,FUN_00405310,32,0,""
00405330,FUN_00405330,16,0,""
00405340,FID_conflict:length_error,37,0,"FID_conflict:runtime_error"
00405370,FID_conflict:runtime_error,100,0,"basic_string<char,std::char_traits<char>,std::allocator<char>_> exception"
004053e0,basic_string<>,58,0,"FID_conflict:assign _String_val<> _Tidy allocator<>"
00405420,FID_conflict:max_size,51,0,"max_size"
00405460,FUN_00405460,167,0,"FID_conflict:max_size FUN_00405550 allocate"
00405507,Catch@00405507,39,0,"allocate"
0040552e,Catch@0040552e,34,0,"_Tidy __CxxThrowException@8"
00405550,FUN_00405550,99,0,"_Eos _Myptr _Tidy copy"
004055c0,max_size,44,0,""
004055f0,FUN_004055f0,546,0,"DoMessageBox FID_conflict:_Xran FUN_00405940 FUN_004059c0 FUN_00405b50 FUN_00405b90 FUN_00405bd0 FUN_00405ef0 FUN_00405f20"
00405744,Catch@00405744,175,0,"FUN_00405200 FUN_00405230 FUN_00405b90 __CxxThrowException@8"
0040585d,Catch@0040585d,125,0,"FUN_00405200 FUN_00405ef0 __CxxThrowException@8 __security_check_cookie"
00405940,FUN_00405940,19,0,"max_size"
00405960,FID_conflict:_Xran,90,0,"FID_conflict:length_error __CxxThrowException@8 basic_string<>"
004059c0,FUN_004059c0,27,0,"FUN_00405ea0"
004059e0,max_size,44,0,""
00405a10,FUN_00405a10,24,0,""
00405a30,FUN_00405a30,26,0,""
00405a50,FUN_00405a50,24,0,""
00405a70,const_iterator::operator!=,33,0,"const_iterator::operator=="
00405aa0,FID_conflict:assign,38,0,"assign length"
00405ad0,length,17,0,"_strlen"
00405af0,allocator<>,14,0,""
00405b00,allocate,27,2,"_Allocate<char>"
00405b20,max_size,44,1,""
00405b50,FUN_00405b50,57,0,""
00405b90,FUN_00405b90,57,0,""
00405bd0,FUN_00405bd0,46,0,"FUN_00405f80"
00405c00,const_iterator::operator==,28,0,""
00405c20,assign,125,3,"_Eos _Grow _Inside _Myptr assign copy"
00405ca0,_Inside,51,2,"_Myptr"
00405ce0,FUN_00405ce0,51,0,"FUN_00405fc0 FUN_00405fd0"
00405d20,FUN_00405d20,55,0,"FUN_00405fc0 FUN_00405fe0"
00405d60,DoMessageBox,37,0,"FUN_00406000"
00405d90,FUN_00405d90,36,0,""
00405dc0,FUN_00405dc0,51,0,"FUN_00405fc0 FUN_00406040"
00405e00,FUN_00405e00,20,0,"operator_new"
00405e20,FUN_00405e20,51,0,"FUN_00406080 FUN_00406090"
00405e60,FUN_00405e60,51,0,"FUN_00406080 _Destroy_range<>"
00405ea0,FUN_00405ea0,20,0,"operator_new"
00405ec0,DoMessageBox,37,0,"FUN_00406100"
00405ef0,FUN_00405ef0,43,0,""
00405f20,FUN_00405f20,51,0,"FUN_00406080 FUN_00406140"
00405f60,_Allocate<char>,17,2,"operator_new"
00405f80,FUN_00405f80,55,0,"FUN_00406080 FUN_00406180"
00405fc0,FUN_00405fc0,11,0,""
00405fd0,FUN_00405fd0,5,0,""
00405fe0,FUN_00405fe0,25,0,"FUN_00406260"
00406000,FUN_00406000,55,0,"FUN_00405fc0 FUN_00406290"
00406040,FUN_00406040,51,0,"_memmove"
00406080,FUN_00406080,11,0,""
00406090,FUN_00406090,55,0,""
004060d0,_Destroy_range<>,38,0,"destroy"
00406100,FUN_00406100,55,0,"FUN_00406080 FUN_004062d0"
00406140,FUN_00406140,53,0,""
00406180,FUN_00406180,91,0,"FUN_00406220"
004061db,Catch@004061db,2,0,""
004061dd,FUN_004061dd,9,0,""
004061e6,FUN_004061e6,55,0,"FUN_004061dd __CxxThrowException@8 destroy"
00406220,FUN_00406220,29,0,"FUN_00406380"
00406240,destroy,25,2,"FUN_004063e0"
00406260,FUN_00406260,43,0,""
00406290,FUN_00406290,49,0,"_memmove"
004062d0,FUN_004062d0,93,0,"FUN_00406220"
0040632d,Catch@0040632d,2,0,""
0040632f,FUN_0040632f,9,0,""
00406338,FUN_00406338,58,0,"FUN_0040632f __CxxThrowException@8 destroy"
00406380,FUN_00406380,65,0,"FUN_004063d0"
004063d0,FUN_004063d0,8,0,""
004063e0,FUN_004063e0,5,0,""
004063f0,FUN_004063f0,42,0,"FUN_00406420 FUN_004064c0 _String_val<>"
00406420,FUN_00406420,126,0,"FID_conflict:_Xran FUN_00404a90 FUN_00405120"
004064a0,_String_val<>,28,0,"allocator<>"
004064c0,FUN_004064c0,14,0,""
004064d0,allocator<>,16,0,""
004064e0,FUN_004064e0,42,0,"FUN_00406510 FUN_004065b0 _String_val<>"
00406510,FUN_00406510,126,0,"FID_conflict:_Xran FUN_00405940 FUN_004059c0"
00406590,_String_val<>,28,0,"allocator<>"
004065b0,FUN_004065b0,14,0,""
004065c0,allocator<>,16,0,""
004065d0,FUN_004065d0,19,0,"FUN_004044f0"
004065f0,FUN_004065f0,19,0,"FUN_00404630"
00406610,FUN_00406610,56,0,""
00406650,FUN_00406650,98,0,""
004066c0,FUN_004066c0,29,0,"MessageBoxA"
004066e0,FUN_004066e0,311,0,"CoCreateInstance FUN_004066c0 __security_check_cookie _memset"
00406820,FUN_00406820,500,0,"FUN_004066c0 FUN_00406b80 __security_check_cookie _free _memcpy _memset"
00406a20,FUN_00406a20,348,0,"FUN_004066c0 __security_check_cookie _memcpy _memset"
00406b80,FUN_00406b80,559,0,"FUN_004066c0 mmioAscend mmioClose mmioDescend mmioOpenA mmioRead operator_new"
00406db0,FUN_00406db0,60,0,"FUN_00403b90 _memset"
00406df0,FUN_00406df0,19,0,"FUN_00403be0"
00406e10,FUN_00406e10,110,0,"FUN_00403d00 _memcpy _memset"
00406e80,FUN_00406e80,741,0,"FUN_00404320"
00407170,FUN_00407170,38,0,""
004071a0,FUN_004071a0,30,0,"_memset"
004071c0,FUN_004071c0,161,0,"CreateThread FUN_00409350 FUN_00409490 FUN_00409740 SetThreadPriority"
00407270,FUN_00407270,292,0,"CloseHandle FUN_00409380 FUN_004093a0 FUN_00409430 FUN_00409490 FUN_00409740 TerminateThread"
004073a0,FUN_004073a0,11,0,""
004073b0,FUN_004073b0,13,0,""
004073c0,FUN_004073c0,13,0,""
004073d0,FUN_004073d0,367,0,"CloseHandle CreateFileA FUN_00406820 FUN_004093a0 FUN_004093e0 FUN_00409430 FUN_00409470 FUN_00409490 __security_check_cookie _sprintf"
00407540,FUN_00407540,341,0,"CloseHandle CreateFileA FUN_00406a20 FUN_004093a0 FUN_00409430 FUN_0040a6c0 ReadFile SetFilePointer _free operator_new"
004076a0,FUN_004076a0,310,0,"FUN_00406a20 FUN_004093a0 FUN_00409430 FUN_0040a6c0 FUN_0041cf00 FUN_0041d750 ReadFile _free operator_new"
004077e0,FUN_004077e0,472,0,"CloseHandle CreateFileA FUN_004093a0 FUN_00409430 SetFilePointer WriteFile"
004079c0,FUN_004079c0,142,0,"FUN_004093a0 FUN_004093e0 FUN_00409430"
00407a50,FUN_00407a50,289,0,"CloseHandle CreateFileA FUN_00408110 FUN_00408670 FUN_00409290 FUN_004092f0 FUN_004094b0 FUN_004095c0 FUN_004096a0 back"
00407b80,FUN_00407b80,283,0,"FUN_00408390 FUN_00408900 FUN_00409290 FUN_004092f0 FUN_004094b0 FUN_004095c0 FUN_004096a0 FUN_0041cf00 FUN_0041d750 back"
00407ca0,FUN_00407ca0,29,0,"FUN_00409740"
00407cc0,FUN_00407cc0,169,0,"FUN_004094b0 FUN_004094d0"
00407d70,FUN_00407d70,88,0,"FUN_004094b0 FUN_004094d0 FUN_00409520"
00407dd0,FUN_00407dd0,129,0,"FUN_004094b0 FUN_004094d0"
00407e60,FUN_00407e60,138,0,"FUN_00407cc0 FUN_004094b0 FUN_004094d0"
00407ef0,FUN_00407ef0,535,0,"CreateEventA FUN_00407cc0 FUN_00407d70 FUN_00407dd0 FUN_00408bd0 FUN_004094b0 FUN_004094d0 WaitForSingleObject"
00408110,FUN_00408110,627,0,"CloseHandle CreateFileA FUN_00406a20 ReadFile SetFilePointer _free operator_new"
00408390,FUN_00408390,727,0,"CloseHandle CreateEventA FUN_00406a20 FUN_0041cf00 FUN_0041d750 ReadFile SetFilePointer WaitForSingleObject _free operator_new"
00408670,FUN_00408670,644,0,"CloseHandle CreateFileA GetFileSize ReadFile SetFilePointer __security_check_cookie"
00408900,FUN_00408900,713,0,"CloseHandle CreateEventA FUN_0041cf00 FUN_0041d800 GetFileSize ReadFile SetFilePointer WaitForSingleObject __security_check_cookie _strcmp"
00408bd0,FUN_00408bd0,1724,0,"CloseHandle CreateEventA ReadFile SetFilePointer WaitForSingleObject _memset"
00409290,FUN_00409290,83,0,""
004092f0,FUN_004092f0,87,0,"CloseHandle"
00409350,FUN_00409350,42,0,"FUN_004097e0 FUN_004099d0 _String_val<>"
00409380,FUN_00409380,19,0,"FUN_00409860"
004093a0,FUN_004093a0,52,0,""
004093e0,FUN_004093e0,70,0,"FID_conflict:_Xran FUN_004093a0 FUN_00409760 FUN_00409d80 iterator::operator+"
00409430,FUN_00409430,49,0,"FUN_00409760 FUN_00409d80 iterator::operator+"
00409470,FUN_00409470,29,0,"FUN_00409780"
00409490,FUN_00409490,19,0,"FUN_00409860"
004094b0,FUN_004094b0,17,0,""
004094d0,FUN_004094d0,32,0,"FUN_004099e0 FUN_00409dd0"
004094f0,back,45,1,"FUN_00409a10 FUN_00409dd0 FUN_00409df0"
00409520,FUN_00409520,154,0,"Empty FUN_00409d60"
004095c0,FUN_004095c0,211,0,"FUN_00409a60 FUN_00409d20 FUN_00409d40"
004096a0,FUN_004096a0,151,0,"Empty FUN_00409d60"
00409740,FUN_00409740,19,0,"FUN_00409c60"
00409760,FUN_00409760,31,0,"FUN_0040a120"
00409780,FUN_00409780,96,0,"FUN_00409760 FUN_00409e60 FUN_00409ea0 FUN_00409ed0"
004097e0,FUN_004097e0,126,0,"FID_conflict:_Xran FUN_00409e80 FUN_0040a000"
00409860,FUN_00409860,103,0,"FUN_00409f40 FUN_00409fe0"
004098d0,FID_conflict:_Xran,90,0,"FID_conflict:length_error __CxxThrowException@8 basic_string<>"
00409930,FID_conflict:length_error,37,0,"FID_conflict:runtime_error"
00409960,FUN_00409960,28,0,"FID_conflict:~logic_error"
00409980,FUN_00409980,44,0,"FUN_00409960 _free"
004099b0,_String_val<>,28,0,"allocator<>"
004099d0,FUN_004099d0,14,0,""
004099e0,FUN_004099e0,35,0,"_Vector_iterator<>"
00409a10,FUN_00409a10,41,0,"_Vector_iterator<>"
00409a40,Empty,25,0,""
00409a60,FUN_00409a60,511,0,"FID_conflict:_Xran FUN_0040a020 FUN_0040a0c0 FUN_0040a0e0 FUN_0040a700 FUN_0040a740 FUN_0040a780"
00409c60,FUN_00409c60,177,0,"Empty FUN_004096a0 FUN_0040a0a0 FUN_0040a0c0 destroy"
00409d20,FUN_00409d20,27,0,"FUN_0040a7c0"
00409d40,FUN_00409d40,29,0,"FUN_0040a7e0"
00409d60,FUN_00409d60,25,0,"FUN_0040a830"
00409d80,FUN_00409d80,19,0,"FUN_0040a160"
00409da0,iterator::operator+,45,0,"iterator::operator+="
00409dd0,FUN_00409dd0,19,0,"FUN_0040a1b0"
00409df0,FUN_00409df0,57,0,"FUN_0040a190"
00409e30,FID_conflict:length_error,37,0,"FID_conflict:runtime_error"
00409e60,FUN_00409e60,31,0,"FUN_0040a120"
00409e80,FUN_00409e80,19,0,"max_size"
00409ea0,FUN_00409ea0,33,0,"FUN_0040a210"
00409ed0,FUN_00409ed0,99,0,"FUN_00409f40 FUN_0040a840 const_iterator::operator!="
00409f40,FUN_00409f40,33,0,"FUN_0040a880"
00409f70,FID_conflict:_Xran,90,0,"FID_conflict:length_error __CxxThrowException@8 basic_string<>"
00409fd0,allocator<>,16,0,""
00409fe0,FUN_00409fe0,25,0,"_free"
0040a000,FUN_0040a000,27,0,"FUN_0040a8c0"
0040a020,FUN_0040a020,22,0,"max_size"
0040a040,FID_conflict:_Xran,90,0,"FID_conflict:length_error __CxxThrowException@8 basic_string<>"
0040a0a0,FUN_0040a0a0,25,0,"_free"
0040a0c0,FUN_0040a0c0,25,0,"_free"
0040a0e0,FUN_0040a0e0,27,0,"FUN_0040a8e0"
0040a100,destroy,25,2,"FUN_0040a900"
0040a120,FUN_0040a120,28,0,"FUN_0040a590"
0040a140,iterator::operator+=,32,0,""
0040a160,FUN_0040a160,16,0,""
0040a170,_Vector_iterator<>,32,0,"FUN_0040a600"
0040a190,FUN_0040a190,27,0,"FUN_0040a5e0"
0040a1b0,FUN_0040a1b0,83,0,""
0040a210,FUN_0040a210,511,0,"DoMessageBox FID_conflict:_Xran FUN_004093a0 FUN_00409e80 FUN_0040a000 FUN_0040a630 FUN_0040a670 FUN_0040a940 FUN_0040a970"
0040a34b,Catch@0040a34b,168,0,"FUN_004093a0 FUN_00409f40 FUN_00409fe0 __CxxThrowException@8"
0040a453,Catch@0040a453,117,0,"FUN_00409f40 FUN_0040a940 __CxxThrowException@8"
0040a530,max_size,44,0,""
0040a560,max_size,44,0,""
0040a590,FUN_0040a590,24,0,""
0040a5b0,const_iterator::operator!=,33,0,"const_iterator::operator=="
0040a5e0,FUN_0040a5e0,31,0,""
0040a600,FUN_0040a600,33,0,""
0040a630,FUN_0040a630,52,0,""
0040a670,FUN_0040a670,46,0,"FUN_0040a9b0"
0040a6a0,const_iterator::operator==,28,0,""
0040a6c0,FUN_0040a6c0,50,0,"FUN_0040aa20 FUN_0040aa30"
0040a700,FUN_0040a700,55,0,"FUN_0040aa60 FUN_0040aa70"
0040a740,FUN_0040a740,55,0,"FUN_0040aa60 FUN_0040aab0"
0040a780,FUN_0040a780,51,0,"FUN_0040aa60 FUN_0040aad0"
0040a7c0,FUN_0040a7c0,20,0,"operator_new"
0040a7e0,FUN_0040a7e0,65,0,"FUN_004063d0"
0040a830,FUN_0040a830,15,0,"FUN_0040a9f0"
0040a840,FUN_0040a840,51,0,"FUN_0040aae0 FUN_0040aaf0"
0040a880,FUN_0040a880,51,0,"FUN_0040aae0 FUN_0040ab30"
0040a8c0,FUN_0040a8c0,20,0,"operator_new"
0040a8e0,FUN_0040a8e0,20,0,"operator_new"
0040a900,FUN_0040a900,5,0,""
0040a910,DoMessageBox,37,0,"FUN_0040ab40"
0040a940,FUN_0040a940,36,0,""
0040a970,FUN_0040a970,51,0,"FUN_0040aae0 FUN_0040ab80"
0040a9b0,FUN_0040a9b0,55,0,"FUN_0040aae0 FUN_0040abc0"
0040a9f0,FUN_0040a9f0,44,0,"FUN_004092f0 _free"
0040aa20,FUN_0040aa20,11,0,""
0040aa30,FUN_0040aa30,37,0,"FUN_00409780"
0040aa60,FUN_0040aa60,11,0,""
0040aa70,FUN_0040aa70,49,0,"_memmove"
0040aab0,FUN_0040aab0,25,0,"FUN_0040abe0"
0040aad0,FUN_0040aad0,5,0,""
0040aae0,FUN_0040aae0,11,0,""
0040aaf0,FUN_0040aaf0,49,0,"_memmove"
0040ab30,FUN_0040ab30,5,0,""
0040ab40,FUN_0040ab40,55,0,"FUN_0040aae0 FUN_0040ac10"
0040ab80,FUN_0040ab80,51,0,"_memmove"
0040abc0,FUN_0040abc0,25,0,"FUN_0040ac50"
0040abe0,FUN_0040abe0,43,0,""
0040ac10,FUN_0040ac10,49,0,"_memmove"
0040ac50,FUN_0040ac50,43,0,""
0040ac80,FUN_0040ac80,72,0,"FUN_0040acd0 FUN_0040ad10"
0040acd0,FUN_0040acd0,53,0,"FUN_0040ad40 _String_val<>"
0040ad10,FUN_0040ad10,14,0,""
0040ad20,_String_val<>,28,0,"allocator<>"
0040ad40,FUN_0040ad40,16,0,""
0040ad50,allocator<>,16,0,""
0040ad60,FUN_0040ad60,19,0,"FUN_00409c60"
0040ad80,FUN_0040ad80,177,0,"FUN_00401000 FUN_0040dc90 FUN_0040de30 FUN_0040de50 FUN_0040df40 FUN_0040df60"
0040ae40,FUN_0040ae40,434,0,"FUN_00401020 FUN_0040dcc0 FUN_0040dd20 FUN_0040de30 FUN_0040de80 FUN_0040dea0 FUN_0040dee0 FUN_0040df40 FUN_0040dfb0 _free"
0040b000,FUN_0040b000,261,0,"FUN_00401b20 FUN_0040d8c0 FUN_0040d8e0 FUN_0040dda0 FUN_0040dee0 FUN_0040df20"
0040b110,FUN_0040b110,184,0,"FUN_0040d8c0 FUN_0040d8e0 FUN_0040dda0 FUN_0040df20"
0040b1d0,FUN_0040b1d0,128,0,"FUN_0040d8c0 FUN_0040d8e0 FUN_0040dda0 FUN_0040df20"
0040b250,FUN_0040b250,33,0,"FUN_0040de30 FUN_0040df40"
0040b280,FUN_0040b280,727,0,"FUN_00401b20 FUN_0040c590 FUN_0040dce0 FUN_0040dd00 FUN_0040dd20 FUN_0040dd60 FUN_0040ddc0 FUN_0040dee0 FUN_0040dfd0 FUN_0041a3d0 FUN_0041b400 __security_check_cookie _free _sprintf"
0040b560,FUN_0040b560,575,0,"FUN_00401c20 FUN_0040c590 FUN_0040dce0 FUN_0040dd00 FUN_0040dd20 FUN_0040dd60 FUN_0040ddc0 FUN_0040dee0 FUN_0040dfd0 FUN_0041a3d0 __security_check_cookie _free _sprintf"
0040b7a0,FUN_0040b7a0,27,0,"FUN_0040b7c0"
0040b7c0,FUN_0040b7c0,949,0,"CloseHandle CreateFileA FUN_00401c20 FUN_0040c590 FUN_0040dd20 FUN_0040dd60 FUN_0040dee0 FUN_0041b2b0 ReadFile SetFilePointer _free operator_new"
0040bb80,FUN_0040bb80,31,0,"FUN_0040bba0"
0040bba0,FUN_0040bba0,918,0,"FUN_00401c20 FUN_0040c590 FUN_0040dd20 FUN_0040dd60 FUN_0040dee0 FUN_0041b2b0 FUN_0041cf00 FUN_0041d750 ReadFile SetFilePointer _free operator_new"
0040bf40,FUN_0040bf40,31,0,"FUN_0040bf60"
0040bf60,FUN_0040bf60,1046,0,"CloseHandle CreateFileA FUN_0040c380 FUN_0040dd20 FUN_0040dd60 FUN_0041a3d0 FUN_0041b400 SetFilePointer WriteFile __security_check_cookie _sprintf"
0040c380,FUN_0040c380,523,0,"CloseHandle CreateFileA GetFileSize ReadFile _free operator_new"
0040c590,FUN_0040c590,340,0,"FUN_0040dd60 FUN_0040dea0 FUN_0040dee0 FUN_0041b990"
0040c6f0,FUN_0040c6f0,54,0,"FUN_0040c730 FUN_0040c8c0"
0040c730,FUN_0040c730,173,0,"FUN_0041b990"
0040c7e0,FUN_0040c7e0,16,0,"FUN_004028f0"
0040c7f0,FUN_0040c7f0,65,0,"FUN_00401f50 FUN_00402250"
0040c840,FUN_0040c840,25,0,"FUN_00402250"
0040c860,FUN_0040c860,25,0,"FUN_004023b0"
0040c880,FUN_0040c880,25,0,"FUN_004025f0"
0040c8a0,FUN_0040c8a0,25,0,"FUN_00401af0"
0040c8c0,FUN_0040c8c0,162,0,"FUN_0040c590 FUN_0040dd20 FUN_0040dd60 FUN_0040dee0"
0040c970,FUN_0040c970,42,0,"FUN_00403200 FUN_0040c8c0"
0040c9a0,FUN_0040c9a0,115,0,"FUN_004029f0 FUN_0040c8c0 FUN_0040dd20"
0040ca20,FUN_0040ca20,92,0,"FUN_00402d50 FUN_0040c8c0"
0040ca80,FUN_0040ca80,1132,0,"FUN_004029f0 FUN_0040c8c0 FUN_0040d900 FUN_0040d940 FUN_0040d980 FUN_0040d990 FUN_0040da00 FUN_0040dd60"
0040cef0,FUN_0040cef0,994,0,"FUN_004029f0 FUN_0040c8c0 FUN_0040ca80 FUN_0040d900 FUN_0040d940 FUN_0040d980 FUN_0040d990 FUN_0040da00 FUN_0040dd60"
0040d2e0,FUN_0040d2e0,970,0,"FUN_004029f0 FUN_0040c8c0 FUN_0040d900 FUN_0040d940 FUN_0040d980 FUN_0040d990 FUN_0040da00 FUN_0040dd60"
0040d6b0,FUN_0040d6b0,212,0,"FUN_00401f50 FUN_004029f0 FUN_0040c8c0 FUN_0040db50 FUN_0040dd60"
0040d790,FUN_0040d790,171,0,"FUN_00401f50 FUN_004029f0 FUN_0040c8c0 FUN_0040db50 FUN_0040dd60"
0040d840,CreateIndirect,35,4,"FUN_0040d790"
0040d870,FUN_0040d870,80,0,"FUN_0040dd60"
0040d8c0,FUN_0040d8c0,22,0,"FUN_0041a2d0"
0040d8e0,FUN_0040d8e0,19,0,"FUN_0041a380"
0040d900,FUN_0040d900,17,0,"FUN_0040d920"
0040d920,FUN_0040d920,28,0,"FUN_00641754"
0040d940,FUN_0040d940,17,0,"FUN_0040d960"
0040d960,FUN_0040d960,28,0,"FUN_00641804"
0040d980,FUN_0040d980,14,0,""
0040d990,FUN_0040d990,85,0,"FUN_0040d980 FUN_0040d9f0 _memset"
0040d9f0,FUN_0040d9f0,14,0,""
0040da00,FUN_0040da00,259,0,"FUN_0040d980 FUN_0040d9f0 FUN_0040db10"
0040db10,FUN_0040db10,51,0,""
0040db50,FUN_0040db50,305,0,"FUN_0040d980 FUN_0040d9f0 FUN_0040db10"
0040dc90,FUN_0040dc90,42,0,"FUN_0040e0a0 FUN_0040e1e0 _String_val<>"
0040dcc0,FUN_0040dcc0,19,0,"FUN_0040e150"
0040dce0,FUN_0040dce0,31,0,"FUN_0040e4a0"
0040dd00,FUN_0040dd00,31,0,"FUN_0040e4a0"
0040dd20,FUN_0040dd20,57,0,""
0040dd60,FUN_0040dd60,49,0,"FUN_0040dce0 FUN_0040dfd0 FUN_0040e4c0"
0040dda0,FUN_0040dda0,29,0,"FUN_0040e000"
0040ddc0,FUN_0040ddc0,99,0,"FUN_0040e120 FUN_0040f270 const_iterator::operator!="
0040de30,FUN_0040de30,19,0,"FUN_0040e150"
0040de50,FUN_0040de50,42,0,"FUN_0040e270 FUN_0040e380 _String_val<>"
0040de80,FUN_0040de80,19,0,"FUN_0040e2f0"
0040dea0,FUN_0040dea0,52,0,""
0040dee0,FUN_0040dee0,49,0,"FUN_0040e1f0 FUN_0040e530 iterator::operator+"
0040df20,FUN_0040df20,29,0,"FUN_0040e210"
0040df40,FUN_0040df40,19,0,"FUN_0040e2f0"
0040df60,FUN_0040df60,72,0,"FUN_0040e450 FUN_0040e490"
0040dfb0,FUN_0040dfb0,19,0,"FUN_0040e390"
0040dfd0,FUN_0040dfd0,45,0,"FUN_0040e4e0"
0040e000,FUN_0040e000,158,0,"FUN_0040d8e0 FUN_0040dce0 FUN_0040dd00 FUN_0040ddc0 FUN_0040e5a0"
0040e0a0,FUN_0040e0a0,126,0,"FID_conflict:_Xran FUN_0040e580 FUN_0040e660"
0040e120,FUN_0040e120,33,0,"FUN_0040f2b0"
0040e150,FUN_0040e150,110,0,"FUN_0040e120 FUN_0040e640"
0040e1c0,_String_val<>,28,0,"allocator<>"
0040e1e0,FUN_0040e1e0,14,0,""
0040e1f0,FUN_0040e1f0,31,0,"FUN_0040e9e0"
0040e210,FUN_0040e210,96,0,"FUN_0040e1f0 FUN_0040e680 FUN_0040e6c0 FUN_0040e6f0"
0040e270,FUN_0040e270,126,0,"FID_conflict:_Xran FUN_0040e6a0 FUN_0040e820"
0040e2f0,FUN_0040e2f0,103,0,"FUN_0040e760 FUN_0040e800"
0040e360,_String_val<>,28,0,"allocator<>"
0040e380,FUN_0040e380,14,0,""
0040e390,FUN_0040e390,177,0,"Empty FUN_0040e860 FUN_0040e930 FUN_0040e950 destroy"
0040e450,FUN_0040e450,53,0,"FUN_0040e920 _String_val<>"
0040e490,FUN_0040e490,14,0,""
0040e4a0,FUN_0040e4a0,28,0,"FUN_0040e990"
0040e4c0,FUN_0040e4c0,19,0,"FUN_0040e9b0"
0040e4e0,FUN_0040e4e0,32,0,""
0040e500,const_iterator::operator!=,33,0,"const_iterator::operator=="
0040e530,FUN_0040e530,19,0,"FUN_0040ea20"
0040e550,iterator::operator+,45,0,"iterator::operator+="
0040e580,FUN_0040e580,19,0,"max_size"
0040e5a0,FUN_0040e5a0,33,0,"FUN_0040ea30"
0040e5d0,FID_conflict:_Xran,90,0,"FID_conflict:length_error __CxxThrowException@8 basic_string<>"
0040e630,allocator<>,16,0,""
0040e640,FUN_0040e640,25,0,"_free"
0040e660,FUN_0040e660,27,0,"FUN_0040f2f0"
0040e680,FUN_0040e680,31,0,"FUN_0040e9e0"
0040e6a0,FUN_0040e6a0,19,0,"max_size"
0040e6c0,FUN_0040e6c0,33,0,"FUN_0040edb0"
0040e6f0,FUN_0040e6f0,99,0,"FUN_0040e760 FUN_0040f310 const_iterator::operator!="
0040e760,FUN_0040e760,33,0,"FUN_0040f350"
0040e790,FID_conflict:_Xran,90,0,"FID_conflict:length_error __CxxThrowException@8 basic_string<>"
0040e7f0,allocator<>,16,0,""
0040e800,FUN_0040e800,25,0,"_free"
0040e820,FUN_0040e820,27,0,"FUN_0040f390"
0040e840,Empty,25,0,""
0040e860,FUN_0040e860,154,0,"Empty destroy"
0040e900,_String_val<>,28,0,"allocator<>"
0040e920,FUN_0040e920,16,0,""
0040e930,FUN_0040e930,25,0,"_free"
0040e950,FUN_0040e950,25,0,"_free"
0040e970,destroy,25,2,"FUN_0040f3c0"
0040e990,FUN_0040e990,24,0,""
0040e9b0,FUN_0040e9b0,16,0,""
0040e9c0,const_iterator::operator==,28,0,""
0040e9e0,FUN_0040e9e0,28,0,"FUN_0040f120"
0040ea00,iterator::operator+=,32,0,""
0040ea20,FUN_0040ea20,16,0,""
0040ea30,FUN_0040ea30,527,0,"DoMessageBox FID_conflict:_Xran FUN_0040dd20 FUN_0040e580 FUN_0040e660 FUN_0040f170 FUN_0040f1b0 FUN_0040f400 FUN_0040f430"
0040eb74,Catch@0040eb74,175,0,"FUN_0040dd20 FUN_0040e120 FUN_0040e640 __CxxThrowException@8"
0040ec8a,Catch@0040ec8a,132,0,"FUN_0040d8e0 FUN_0040e120 FUN_0040f400 __CxxThrowException@8"
0040ed80,max_size,44,0,""
0040edb0,FUN_0040edb0,511,0,"DoMessageBox FID_conflict:_Xran FUN_0040dea0 FUN_0040e6a0 FUN_0040e820 FUN_0040f1e0 FUN_0040f220 FUN_0040f4a0 FUN_0040f4d0"
0040eeeb,Catch@0040eeeb,168,0,"FUN_0040dea0 FUN_0040e760 FUN_0040e800 __CxxThrowException@8"
0040eff3,Catch@0040eff3,117,0,"FUN_0040e760 FUN_0040f4a0 __CxxThrowException@8"
0040f0d0,max_size,44,0,""
0040f100,destroy,25,2,"FUN_0040f510"
0040f120,FUN_0040f120,24,0,""
0040f140,const_iterator::operator!=,33,0,"const_iterator::operator=="
0040f170,FUN_0040f170,57,0,""
0040f1b0,FUN_0040f1b0,46,0,"FUN_0040f520"
0040f1e0,FUN_0040f1e0,52,0,""
0040f220,FUN_0040f220,46,0,"FUN_0040f560"
0040f250,const_iterator::operator==,28,0,""
0040f270,FUN_0040f270,51,0,"FUN_0040f5a0 FUN_0040f5b0"
0040f2b0,FUN_0040f2b0,51,0,"FUN_0040f5a0 _Destroy_range<>"
0040f2f0,FUN_0040f2f0,20,0,"operator_new"
0040f310,FUN_0040f310,51,0,"FUN_0040f620 FUN_0040f630"
0040f350,FUN_0040f350,51,0,"FUN_0040f620 FUN_0040f670"
0040f390,FUN_0040f390,20,0,"operator_new"
0040f3b0,allocator<>,16,0,""
0040f3c0,FUN_0040f3c0,5,0,""
0040f3d0,DoMessageBox,37,0,"FUN_0040f680"
0040f400,FUN_0040f400,43,0,""
0040f430,FUN_0040f430,51,0,"FUN_0040f5a0 FUN_0040f6c0"
0040f470,DoMessageBox,37,0,"FUN_0040f700"
0040f4a0,FUN_0040f4a0,36,0,""
0040f4d0,FUN_0040f4d0,51,0,"FUN_0040f620 FUN_0040f740"
0040f510,FUN_0040f510,5,0,""
0040f520,FUN_0040f520,55,0,"FUN_0040f5a0 FUN_0040f780"
0040f560,FUN_0040f560,55,0,"FUN_0040f620 FUN_0040f820"
0040f5a0,FUN_0040f5a0,11,0,""
0040f5b0,FUN_0040f5b0,55,0,""
0040f5f0,_Destroy_range<>,38,0,"FUN_0040f860"
0040f620,FUN_0040f620,11,0,""
0040f630,FUN_0040f630,49,0,"_memmove"
0040f670,FUN_0040f670,5,0,""
0040f680,FUN_0040f680,55,0,"FUN_0040f5a0 FUN_0040f880"
0040f6c0,FUN_0040f6c0,53,0,""
0040f700,FUN_0040f700,55,0,"FUN_0040f620 FUN_0040f930"
0040f740,FUN_0040f740,51,0,"_memmove"
0040f780,FUN_0040f780,91,0,"FUN_0040f840"
0040f7db,Catch@0040f7db,2,0,""
0040f7dd,FUN_0040f7dd,9,0,""
0040f7e6,FUN_0040f7e6,55,0,"FUN_0040f7dd FUN_0040f860 __CxxThrowException@8"
0040f820,FUN_0040f820,25,0,"FUN_0040f970"
0040f840,FUN_0040f840,29,0,"FUN_0040f9a0"
0040f860,FUN_0040f860,25,0,"FUN_0040f9f0"
0040f880,FUN_0040f880,93,0,"FUN_0040f840"
0040f8dd,Catch@0040f8dd,2,0,""
0040f8df,FUN_0040f8df,9,0,""
0040f8e8,FUN_0040f8e8,58,0,"FUN_0040f860 FUN_0040f8df __CxxThrowException@8"
0040f930,FUN_0040f930,49,0,"_memmove"
0040f970,FUN_0040f970,43,0,""
0040f9a0,FUN_0040f9a0,65,0,"FUN_004063d0"
0040f9f0,FUN_0040f9f0,15,0,"FUN_0040fa00"
0040fa00,FUN_0040fa00,44,0,"FUN_0040d8e0 _free"
0040fa30,FUN_0040fa30,142,0,""
0040fac0,FUN_0040fac0,52,0,""
0040fb00,FUN_0040fb00,56,0,""
0040fb40,FUN_0040fb40,43,0,""
0040fb70,FUN_0040fb70,57,0,"FUN_0041cb40 FUN_0041cb70"
0040fbb0,FUN_0040fbb0,158,0,"_memset"
0040fc50,FUN_0040fc50,18,0,""
0040fc70,FUN_0040fc70,1758,0,"FUN_0040c7f0 FUN_0040c880 FUN_0040c9a0 FUN_0040ca20 FUN_0040d870 FUN_0040d990 FUN_00411400 FUN_00411500 FUN_004115c0 FUN_004116f0"
00410350,FUN_00410350,1706,0,"FUN_0040c7f0 FUN_0040c880 FUN_0040c9a0 FUN_0040ca20 FUN_0040d870 FUN_0040d990 FUN_00411400 FUN_00411500 FUN_004115c0 FUN_004116f0"
00410a00,FUN_00410a00,1268,0,"FUN_0040c860 FUN_0040c9a0 FUN_0040ca20 FUN_0040d870 FUN_0040d990 FUN_00411400 FUN_00411500 FUN_004115c0 FUN_004116f0 FUN_00411bb0 FUN_00411be0"
00410f00,FUN_00410f00,44,0,"_rand"
00410f30,FUN_00410f30,104,0,"FUN_004110f0 FUN_00411c30"
00410fa0,FUN_00410fa0,22,0,""
00410fc0,FUN_00410fc0,24,0,""
00410fe0,FUN_00410fe0,22,0,""
00411000,FUN_00411000,183,0,"FUN_00411c10 FUN_00411ce0 FUN_00411d00 FUN_00411d30"
004110c0,FUN_004110c0,37,0,"FUN_00411ce0 FUN_00411d00"
004110f0,FUN_004110f0,22,0,"FUN_00411d60"
00411110,FUN_00411110,746,0,"FUN_0040c7f0 FUN_0040c9a0 FUN_0040ca20 FUN_0040d870 FUN_0040d990 FUN_00411500 FUN_00411c90 FUN_00411cc0 FUN_00411ce0 FUN_00411e00 FUN_00411e20 const_iterator::operator!="
00411400,FUN_00411400,250,0,"FUN_0040db10"
00411500,FUN_00411500,191,0,""
004115c0,FUN_004115c0,290,0,""
004116f0,FUN_004116f0,1212,0,"FUN_0040d980 FUN_0041cb40 FUN_0041cb70"
00411bb0,FUN_00411bb0,38,0,""
00411be0,FUN_00411be0,33,0,""
00411c10,FUN_00411c10,25,0,"FUN_0040d990"
00411c30,FUN_00411c30,56,0,"FUN_00411fe0 FUN_00412130 FUN_00412170"
00411c70,FUN_00411c70,19,0,"FUN_004120c0"
00411c90,FUN_00411c90,42,0,"FUN_00411e80 FUN_004121c0"
00411cc0,FUN_00411cc0,31,0,"FUN_004121c0"
00411ce0,FUN_00411ce0,17,0,""
00411d00,FUN_00411d00,40,0,"FUN_00411c90 FUN_00411f20"
00411d30,FUN_00411d30,42,0,"FUN_00411cc0 FUN_00411ea0"
00411d60,FUN_00411d60,153,0,"FUN_00411e80 FUN_00411e90 FUN_00412180 destroy"
00411e00,FUN_00411e00,19,0,"FUN_004121e0"
00411e20,FUN_00411e20,42,0,"FUN_00412200"
00411e50,const_iterator::operator!=,33,0,"const_iterator::operator=="
00411e80,FUN_00411e80,8,0,""
00411e90,FUN_00411e90,11,0,""
00411ea0,FUN_00411ea0,115,0,"FUN_00411e80 FUN_00411e90 FUN_00412240 FUN_00412310 FUN_004124b0"
00411f20,FUN_00411f20,186,0,"FUN_00411e20 FUN_00411e80 FUN_00411e90 FUN_00412180 FUN_004124b0 destroy"
00411fe0,FUN_00411fe0,143,0,"FUN_00411e80 FUN_00411e90 FUN_004123e0 FUN_00412400"
0041206f,Catch@0041206f,80,0,"FUN_00411e80 FUN_00412180 __CxxThrowException@8 destroy"
004120c0,FUN_004120c0,100,0,"FUN_00411d60 FUN_00411e80 FUN_00411e90 FUN_00412180 destroy"
00412130,FUN_00412130,53,0,"FUN_00412390 FUN_004123d0"
00412170,FUN_00412170,14,0,""
00412180,FUN_00412180,25,0,"_free"
004121a0,destroy,25,2,"FUN_00412580"
004121c0,FUN_004121c0,28,0,"FUN_00412440"
004121e0,FUN_004121e0,19,0,"FUN_00412460"
00412200,FUN_00412200,22,0,"FUN_00412480"
00412220,const_iterator::operator==,28,0,""
00412240,FUN_00412240,137,0,"FUN_004063d0 FUN_004123e0 FUN_00412510"
004122c9,Catch@004122c9,52,0,"FUN_00412180 __CxxThrowException@8"
00412300,FUN_00412300,5,0,""
00412310,FUN_00412310,126,0,"FID_conflict:length_error FUN_004124d0 __CxxThrowException@8 basic_string<>"
00412390,FUN_00412390,53,0,"FUN_004123d0 FUN_00412590 _String_val<>"
004123d0,FUN_004123d0,16,0,""
004123e0,FUN_004123e0,27,0,"FUN_004125a0"
00412400,FUN_00412400,29,0,"FUN_004125c0"
00412420,destroy,25,2,"FUN_00412600"
00412440,FUN_00412440,24,0,""
00412460,FUN_00412460,25,0,"FUN_004124c0"
00412480,FUN_00412480,35,0,"FUN_00411e80"
004124b0,FUN_004124b0,16,0,""
004124c0,FUN_004124c0,11,0,""
004124d0,FUN_004124d0,22,0,"max_size"
004124f0,_String_val<>,28,0,"allocator<>"
00412510,FUN_00412510,53,0,""
00412550,max_size,44,0,""
00412580,FUN_00412580,5,0,""
00412590,FUN_00412590,16,0,""
004125a0,FUN_004125a0,23,0,"operator_new"
004125c0,FUN_004125c0,58,0,"FUN_004063d0"
00412600,FUN_00412600,5,0,""
00412610,allocator<>,16,0,""
00412620,FUN_00412620,64,0,""
00412660,FUN_00412660,96,0,"FUN_004126c0"
004126c0,FUN_004126c0,1520,0,"FUN_0040d900 FUN_0040d940 FUN_00412d90 FUN_006406ac"
00412cb0,FUN_00412cb0,13,0,""
00412cc0,FUN_00412cc0,39,0,""
00412cf0,FUN_00412cf0,146,0,""
00412d90,FUN_00412d90,17,0,"FUN_00412db0"
00412db0,FUN_00412db0,28,0,"_fabs"
00412dd0,FUN_00412dd0,128,0,"FUN_00401c20 FUN_0040ad80 FUN_0040b1d0 FUN_0040bb80"
00412e50,FUN_00412e50,83,0,"FUN_0040ae40"
00412eb0,FUN_00412eb0,1385,0,"FUN_004029f0 FUN_0040c9a0 FUN_0040db50 FUN_00411400 FUN_00411500 FUN_004115c0 SetRect"
00413420,FUN_00413420,64,0,""
00413460,FUN_00413460,398,0,"FUN_00413620 FUN_0041bf90 FUN_0041c060 FUN_0041c2e0 FUN_006406ac operator_new"
004135f0,FUN_004135f0,40,0,""
00413620,FUN_00413620,44,0,"FUN_0041bfd0 _free"
00413650,FUN_00413650,132,0,"FUN_00414360 FUN_00414550 FUN_00414740"
004136e0,FUN_004136e0,161,0,"CloseHandle FUN_00413880 FUN_004143b0 FUN_004145a0 FUN_00414790"
00413790,FUN_00413790,225,0,"CloseHandle CreateFileA FID_conflict:__time32 FUN_00413880 MessageBoxA _localtime"
00413880,FUN_00413880,67,0,"FUN_00414530 FUN_00414720 FUN_00414910"
004138d0,FUN_004138d0,11,0,""
004138e0,FUN_004138e0,375,0,"CloseHandle CreateFileA FUN_00414300 GetFileSize ReadFile WriteFile __security_check_cookie _free operator_new"
00413a60,FUN_00413a60,85,0,"CloseHandle CreateFileA ReadFile"
00413ac0,FUN_00413ac0,792,0,"CloseHandle CreateFileA FUN_00414450 FUN_00414530 FUN_00414640 FUN_00414720 FUN_00414830 FUN_00414910 ReadFile SetFilePointer"
00413de0,FUN_00413de0,1252,0,"FUN_00413880 FUN_004143d0 FUN_00414400 FUN_00414430 FUN_004145c0 FUN_004145f0 FUN_00414620 FUN_004147b0 FUN_004147e0 FUN_00414810 FUN_00414930 FUN_00414950 FUN_00414970 FUN_004149b0 FUN_004149e0 FUN_00414a00 FUN_00414a20 FUN_00414a60 FUN_00414a90 FUN_00414ab0 FUN_00414ad0 FUN_00414b10 SetFilePointer WriteFile"
004142d0,FUN_004142d0,35,0,"FUN_00414430"
00414300,FUN_00414300,89,0,"FUN_00641b37 _sprintf"
00414360,FUN_00414360,72,0,"FUN_00414e10 FUN_00414e50"
004143b0,FUN_004143b0,19,0,"FUN_00414d50"
004143d0,FUN_004143d0,35,0,"_Vector_iterator<>"
00414400,FUN_00414400,41,0,"_Vector_iterator<>"
00414430,FUN_00414430,17,0,""
00414450,FUN_00414450,214,0,"FUN_00414b40 FUN_00414e80 allocate"
00414530,FUN_00414530,19,0,"FUN_00414d50"
00414550,FUN_00414550,72,0,"FUN_00415170 FUN_004151b0"
004145a0,FUN_004145a0,19,0,"FUN_004150b0"
004145c0,FUN_004145c0,35,0,"_Vector_iterator<>"
004145f0,FUN_004145f0,41,0,"_Vector_iterator<>"
00414620,FUN_00414620,17,0,""
00414640,FUN_00414640,217,0,"FUN_00414ea0 FUN_004151e0 allocate"
00414720,FUN_00414720,19,0,"FUN_004150b0"
00414740,FUN_00414740,72,0,"FUN_004154d0 FUN_00415510"
00414790,FUN_00414790,19,0,"FUN_00415410"
004147b0,FUN_004147b0,35,0,"_Vector_iterator<>"
004147e0,FUN_004147e0,41,0,"_Vector_iterator<>"
00414810,FUN_00414810,17,0,""
00414830,FUN_00414830,217,0,"FUN_00415200 FUN_00415520 FUN_00415540"
00414910,FUN_00414910,19,0,"FUN_00415410"
00414930,FUN_00414930,22,0,"FUN_004155a0"
00414950,FUN_00414950,19,0,"FUN_004155d0"
00414970,FUN_00414970,54,0,"iterator::operator++"
004149b0,FUN_004149b0,33,0,"FUN_00415630"
004149e0,FUN_004149e0,22,0,"FUN_004156b0"
00414a00,FUN_00414a00,19,0,"FUN_004156e0"
00414a20,FUN_00414a20,54,0,"iterator::operator++"
00414a60,FUN_00414a60,33,0,"FUN_00415740"
00414a90,FUN_00414a90,22,0,"FUN_004157c0"
00414ab0,FUN_00414ab0,19,0,"FUN_004157f0"
00414ad0,FUN_00414ad0,54,0,"iterator::operator++"
00414b10,FUN_00414b10,33,0,"FUN_00415850"
00414b40,FUN_00414b40,520,0,"FID_conflict:_Xran FUN_00415890 FUN_00415a20 FUN_00415a40 FUN_00415fe0 FUN_00416020 FUN_00416060"
00414d50,FUN_00414d50,177,0,"Empty FUN_004158d0 FUN_00415a00 FUN_00415a20 destroy"
00414e10,FUN_00414e10,53,0,"FUN_004159f0 _String_val<>"
00414e50,FUN_00414e50,14,0,""
00414e60,allocate,27,2,"_Allocate<char>"
00414e80,FUN_00414e80,29,0,"FUN_004160c0"
00414ea0,FUN_00414ea0,520,0,"FID_conflict:_Xran FUN_00415a80 FUN_00415c10 FUN_00415c30 FUN_00416100 FUN_00416140 FUN_00416180"
004150b0,FUN_004150b0,177,0,"Empty FUN_00415ac0 FUN_00415bf0 FUN_00415c10 destroy"
00415170,FUN_00415170,53,0,"FUN_00415be0 _String_val<>"
004151b0,FUN_004151b0,14,0,""
004151c0,allocate,27,0,"_Allocate<>"
004151e0,FUN_004151e0,29,0,"FUN_004161e0"
00415200,FUN_00415200,520,0,"FID_conflict:_Xran FUN_00415c70 FUN_00415e00 FUN_00415e20 FUN_00416220 FUN_00416260 FUN_004162a0"
00415410,FUN_00415410,177,0,"Empty FUN_00415cb0 FUN_00415de0 FUN_00415e00 destroy"
004154d0,FUN_004154d0,53,0,"FUN_00415dd0 _String_val<>"
00415510,FUN_00415510,14,0,""
00415520,FUN_00415520,27,0,"FUN_004162e0"
00415540,FUN_00415540,29,0,"FUN_00416300"
00415560,_Vector_iterator<>,32,0,"FUN_00415e60"
00415580,iterator::operator++,29,0,""
004155a0,FUN_004155a0,33,0,""
004155d0,FUN_004155d0,86,0,""
00415630,FUN_00415630,60,0,""
00415670,_Vector_iterator<>,32,0,"FUN_00415e90"
00415690,iterator::operator++,29,0,""
004156b0,FUN_004156b0,33,0,""
004156e0,FUN_004156e0,89,0,""
00415740,FUN_00415740,60,0,""
00415780,_Vector_iterator<>,32,0,"FUN_00415ec0"
004157a0,iterator::operator++,29,0,""
004157c0,FUN_004157c0,33,0,""
004157f0,FUN_004157f0,89,0,""
00415850,FUN_00415850,60,0,""
00415890,FUN_00415890,22,0,"max_size"
004158b0,Empty,25,0,""
004158d0,FUN_004158d0,151,0,"Empty destroy"
00415970,FID_conflict:_Xran,90,0,"FID_conflict:length_error __CxxThrowException@8 basic_string<>"
004159d0,_String_val<>,28,0,"allocator<>"
004159f0,FUN_004159f0,16,0,""
00415a00,FUN_00415a00,25,0,"_free"
00415a20,FUN_00415a20,25,0,"_free"
00415a40,FUN_00415a40,27,0,"FUN_00416350"
00415a60,destroy,25,2,"FUN_00416370"
00415a80,FUN_00415a80,22,0,"max_size"
00415aa0,Empty,25,0,""
00415ac0,FUN_00415ac0,154,0,"Empty destroy"
00415b60,FID_conflict:_Xran,90,0,"FID_conflict:length_error __CxxThrowException@8 basic_string<>"
00415bc0,_String_val<>,28,0,"allocator<>"
00415be0,FUN_00415be0,16,0,""
00415bf0,FUN_00415bf0,25,0,"_free"
00415c10,FUN_00415c10,25,0,"_free"
00415c30,FUN_00415c30,27,0,"FUN_00416390"
00415c50,destroy,25,2,"FUN_004163b0"
00415c70,FUN_00415c70,22,0,"max_size"
00415c90,Empty,25,0,""
00415cb0,FUN_00415cb0,154,0,"Empty destroy"
00415d50,FID_conflict:_Xran,90,0,"FID_conflict:length_error __CxxThrowException@8 basic_string<>"
00415db0,_String_val<>,28,0,"allocator<>"
00415dd0,FUN_00415dd0,16,0,""
00415de0,FUN_00415de0,25,0,"_free"
00415e00,FUN_00415e00,25,0,"_free"
00415e20,FUN_00415e20,27,0,"FUN_004163d0"
00415e40,destroy,25,2,"FUN_004163f0"
00415e60,FUN_00415e60,33,0,""
00415e90,FUN_00415e90,33,0,""
00415ec0,FUN_00415ec0,33,0,""
00415ef0,destroy,25,2,"FUN_00416400"
00415f10,max_size,44,1,""
00415f40,destroy,25,2,"FUN_00416410"
00415f60,max_size,44,0,""
00415f90,destroy,25,2,"FUN_00416420"
00415fb0,max_size,44,0,""
00415fe0,FUN_00415fe0,55,0,"FUN_00416430 FUN_00416440"
00416020,FUN_00416020,55,0,"FUN_00416430 FUN_00416480"
00416060,FUN_00416060,51,0,"FUN_00416430 FUN_004164a0"
004160a0,_Allocate<char>,17,2,"operator_new"
004160c0,FUN_004160c0,58,0,"FUN_004063d0"
00416100,FUN_00416100,55,0,"FUN_004164b0 FUN_004164c0"
00416140,FUN_00416140,55,0,"FUN_004164b0 FUN_00416500"
00416180,FUN_00416180,51,0,"FUN_004164b0 FUN_00416520"
004161c0,_Allocate<>,19,0,"operator_new"
004161e0,FUN_004161e0,60,0,"FUN_004063d0"
00416220,FUN_00416220,55,0,"FUN_00416530 FUN_00416540"
00416260,FUN_00416260,55,0,"FUN_00416530 FUN_00416580"
004162a0,FUN_004162a0,51,0,"FUN_00416530 FUN_004165a0"
004162e0,FUN_004162e0,20,0,"operator_new"
00416300,FUN_00416300,58,0,"FUN_004063d0"
00416340,allocator<>,16,0,""
00416350,FUN_00416350,20,0,"operator_new"
00416370,FUN_00416370,5,0,""
00416380,allocator<>,16,0,""
00416390,FUN_00416390,20,0,"operator_new"
004163b0,FUN_004163b0,5,0,""
004163c0,allocator<>,16,0,""
004163d0,FUN_004163d0,20,0,"operator_new"
004163f0,FUN_004163f0,5,0,""
00416400,FUN_00416400,5,0,""
00416410,FUN_00416410,5,0,""
00416420,FUN_00416420,5,0,""
00416430,FUN_00416430,11,0,""
00416440,FUN_00416440,49,0,"_memmove"
00416480,FUN_00416480,25,0,"FUN_004165b0"
004164a0,FUN_004164a0,5,0,""
004164b0,FUN_004164b0,11,0,""
004164c0,FUN_004164c0,49,0,"_memmove"
00416500,FUN_00416500,25,0,"FUN_004165e0"
00416520,FUN_00416520,5,0,""
00416530,FUN_00416530,11,0,""
00416540,FUN_00416540,49,0,"_memmove"
00416580,FUN_00416580,25,0,"FUN_00416610"
004165a0,FUN_004165a0,5,0,""
004165b0,FUN_004165b0,43,0,""
004165e0,FUN_004165e0,43,0,""
00416610,FUN_00416610,43,0,""
00416640,FUN_00416640,910,0,"__security_check_cookie _memset"
004169d0,FUN_004169d0,11,0,""
004169e0,FUN_004169e0,297,0,"CloseHandle CreateFileA SetFilePointer WriteFile _rand"
00416b10,FUN_00416b10,456,0,"CloseHandle CreateFileA GetFileSize ReadFile SetFilePointer"
00416ce0,FUN_00416ce0,108,0,""
00416d50,FUN_00416d50,111,0,""
00416dc0,FUN_00416dc0,93,0,""
00416e20,FUN_00416e20,84,0,"_memcpy"
00416e80,FUN_00416e80,85,0,"_memcpy"
00416ee0,FUN_00416ee0,281,0,"FID_conflict:__time32 _localtime"
00417000,FUN_00417000,168,0,"FUN_00401c20"
004170b0,FUN_004170b0,27,0,""
004170d0,FUN_004170d0,65,0,"FUN_00401d80 FUN_004028b0 SetRect"
00417120,FUN_00417120,31,0,"FUN_004028a0"
00417140,FUN_00417140,28,0,"FUN_004028a0"
00417160,FUN_00417160,98,0,"FUN_00401f50 FUN_004029f0 FUN_0040db50 SetRect"
004171d0,FUN_004171d0,50,0,"FUN_004029f0"
00417210,FUN_00417210,531,0,"FUN_004192f0 FUN_00641b80"
00417430,FUN_00417430,358,0,"FUN_00407ca0 FUN_0041a110 FUN_0041a140 FUN_0041a170"
004175a0,FUN_004175a0,334,0,"FUN_00406e10 FUN_004071c0 FUN_004073b0 FUN_004073c0 FUN_004076a0 FUN_00412dd0 FUN_00417000 FUN_005f70e0 operator_new"
004176f0,FUN_004176f0,3232,0,"FUN_00412660 FUN_004169e0 FUN_004195b0 FUN_00419920 FUN_00419e10 FUN_0041a1a0 FUN_0041a1d0 FUN_0041a240 FUN_0041a270 FUN_0041cc50 FUN_00456b60 FUN_00457490 FUN_004574b0 FUN_004584d0 FUN_0046d080 FUN_00492fb0 FUN_004c0820 FUN_004e2c90 FUN_005021c0 FUN_0052cee0 FUN_00551980 FUN_00574100 FUN_00597380 FUN_005c0ab0 FUN_005e2090 FUN_005f7140 _rand operator_new"
004183d0,FUN_004183d0,3765,0,"FUN_00416ce0 FUN_00419cb0 FUN_0041cc50 FUN_00449aa0 FUN_00449e10 FUN_0044a230 FUN_0044a520 FUN_0044a750 FUN_0044a980 FUN_0044abb0 FUN_0044ae50 FUN_0044b0f0 FUN_0044b320 FUN_0044b550 FUN_0044ba70 FUN_0044bf90 FUN_0044c4b0 FUN_0044c6f0 FUN_0044c930 FUN_0044cb70 FUN_0044ce10 FUN_0044d0b0 FUN_0044d2f0 FUN_0044d530 FUN_0044d9c0 FUN_0044de70 FUN_0044e0b0 FUN_0044e2f0 FUN_0044e810 FUN_0044f300 FUN_0044f540 FUN_0044f780 FUN_004500f0 FUN_00450330 FUN_004508e0 FUN_00450b20 FUN_00451130 FUN_00451370 FUN_00451c70 operator_new"
004192f0,FUN_004192f0,339,0,"CloseHandle CreateFileA ReadFile SetFilePointer"
00419450,FUN_00419450,339,0,"CloseHandle CreateFileA SetFilePointer WriteFile"
004195b0,FUN_004195b0,880,0,"FUN_00413a60 FUN_00413ac0"
00419920,FUN_00419920,904,0,""
00419cb0,FUN_00419cb0,318,0,"FUN_00407b80 FUN_00416ce0 __security_check_cookie _sprintf"
00419df0,FUN_00419df0,27,0,"FUN_00407e60"
00419e10,FUN_00419e10,671,0,"FUN_00416dc0"
0041a0e0,FUN_0041a0e0,47,0,"FUN_00416dc0"
0041a110,FUN_0041a110,44,0,"FUN_00412e50 _free"
0041a140,FUN_0041a140,44,0,"FUN_004170b0 _free"
0041a170,FUN_0041a170,44,0,"FUN_00407270 _free"
0041a1a0,FUN_0041a1a0,37,0,""
0041a1d0,FUN_0041a1d0,109,0,""
0041a240,FUN_0041a240,48,0,""
0041a270,FUN_0041a270,90,0,""
0041a2d0,FUN_0041a2d0,57,0,""
0041a310,FUN_0041a310,105,0,""
0041a380,FUN_0041a380,75,0,"_free"
0041a3d0,FUN_0041a3d0,3751,0,"CloseHandle CreateFileA GetFileSize ReadFile _free operator_new"
0041b2b0,FUN_0041b2b0,326,0,"_memcpy operator_new"
0041b400,FUN_0041b400,1383,0,"_free _memcpy operator_new"
0041b990,FUN_0041b990,1448,0,""
0041bf90,FUN_0041bf90,64,0,""
0041bfd0,FUN_0041bfd0,129,0,"DeleteObject ReleaseDC SelectObject _free"
0041c060,FUN_0041c060,99,0,"CreateFontA"
0041c0d0,FUN_0041c0d0,83,0,"GetDC GetTextMetricsA SelectObject"
0041c130,FUN_0041c130,119,0,"DeleteObject ReleaseDC SelectObject _free"
0041c1b0,FUN_0041c1b0,301,0,"GetGlyphOutlineA _free _memset operator_new"
0041c2e0,FUN_0041c2e0,1766,0,"FUN_0041c0d0 FUN_0041c130 FUN_0041c1b0 FUN_0041c9d0 FUN_0041ca80 _memset _strlen"
0041c9d0,FUN_0041c9d0,85,0,"FUN_0041ca30"
0041ca30,FUN_0041ca30,77,0,""
0041ca80,FUN_0041ca80,96,0,""
0041cae0,FUN_0041cae0,82,0,"FUN_00641754"
0041cb40,FUN_0041cb40,43,0,"FUN_006406ac FUN_00641daa"
0041cb70,FUN_0041cb70,49,0,"FUN_006406ac FUN_00641daa"
0041cbb0,FUN_0041cbb0,73,0,"FUN_0041cb40 FUN_0041cb70"
0041cc00,FUN_0041cc00,67,0,"CloseHandle CreateFileA FUN_00641b80"
0041cc50,FUN_0041cc50,115,0,"CloseHandle CreateFileA SetFilePointer WriteFile _strlen"
0041ccd0,FUN_0041ccd0,152,0,"CloseHandle CreateFileA SetFilePointer WriteFile __security_check_cookie _sprintf _strlen"
0041cd70,FUN_0041cd70,157,0,"CloseHandle CreateFileA SetFilePointer WriteFile __security_check_cookie _sprintf _strlen"
0041ce10,FUN_0041ce10,56,0,"FUN_0041dcd0 FUN_0041df50"
0041ce50,FUN_0041ce50,171,0,"FUN_0041d8c0 FUN_0041db40 FUN_0041dcd0 FUN_0041dd50 FUN_0041ddc0 FUN_0041df50 _free"
0041cf00,FUN_0041cf00,113,0,"FUN_0041daf0 FUN_0041dd50 FUN_0041dd70 _strcmp"
0041cf80,FUN_0041cf80,245,0,"FUN_0041d190 FUN_0041d510 FUN_0041dbb0 FUN_0041de30 FUN_00641b80 _strlen back back operator_new operator_new"
0041d080,FUN_0041d080,264,0,"FUN_0041d8c0 FUN_0041da90 FUN_0041dac0 FUN_0041dc90 FUN_0041dcf0 FUN_0041dd20 FUN_0041df10 FUN_0041df70 FUN_0041df90 FUN_0041dfd0 FUN_0041e000 FUN_0041e020 _strcmp"
0041d190,FUN_0041d190,90,0,"FUN_0041d8f0 FUN_0041d9f0"
0041d1f0,FUN_0041d1f0,98,0,"CloseHandle FUN_0041d930 FUN_0041d9f0"
0041d260,FUN_0041d260,686,0,"CloseHandle CreateFileA FUN_0041d950 FUN_0041d980 FUN_0041d9a0 FUN_0041e060 FUN_0041e080 FUN_00641b80 GetFileSize ReadFile SetFilePointer WriteFile _free const_iterator::operator!= operator_new"
0041d510,FUN_0041d510,429,0,"CloseHandle CreateFileA FUN_0041d9c0 FUN_00641b80 ReadFile __security_check_cookie _free operator_new"
0041d6c0,FUN_0041d6c0,133,0,"CloseHandle CreateFileA FUN_0041d9c0 FUN_00641b80 GetFileSize __security_check_cookie"
0041d750,FUN_0041d750,164,0,"FUN_0041d950 FUN_0041d980 FUN_0041e060 FUN_0041e080 SetFilePointer _strcmp const_iterator::operator!= const_iterator::operator=="
0041d800,FUN_0041d800,180,0,"FUN_0041d950 FUN_0041d980 FUN_0041e060 FUN_0041e080 SetFilePointer _strcmp const_iterator::operator!= const_iterator::operator=="
0041d8c0,FUN_0041d8c0,44,0,"FUN_0041d1f0 _free"
0041d8f0,FUN_0041d8f0,56,0,"FUN_0041e1a0 FUN_0041e2f0 FUN_0041e330"
0041d930,FUN_0041d930,19,0,"FUN_0041e280"
0041d950,FUN_0041d950,42,0,"FUN_0041e100 FUN_0041ef00"
0041d980,FUN_0041d980,31,0,"FUN_0041ef00"
0041d9a0,FUN_0041d9a0,17,0,""
0041d9c0,FUN_0041d9c0,42,0,"FUN_0041d980 FUN_0041e120"
0041d9f0,FUN_0041d9f0,153,0,"FUN_0041e100 FUN_0041e110 FUN_0041e340 destroy"
0041da90,FUN_0041da90,35,0,"_Vector_iterator<>"
0041dac0,FUN_0041dac0,41,0,"_Vector_iterator<>"
0041daf0,FUN_0041daf0,68,0,"FID_conflict:_Xran FUN_0041da90 FUN_0041e000 FUN_0041ee20"
0041db40,FUN_0041db40,49,0,"FUN_0041da90 FUN_0041e000 FUN_0041ee20"
0041db80,back,45,1,"FUN_0041dac0 FUN_0041e000 FUN_0041ee60"
0041dbb0,FUN_0041dbb0,217,0,"FUN_0041e4f0 FUN_0041e7c0 FUN_0041e7e0"
0041dc90,FUN_0041dc90,59,0,"FUN_0041e380 FUN_0041ee20"
0041dcd0,FUN_0041dcd0,19,0,"FUN_0041e700"
0041dcf0,FUN_0041dcf0,35,0,"_Vector_iterator<>"
0041dd20,FUN_0041dd20,41,0,"_Vector_iterator<>"
0041dd50,FUN_0041dd50,17,0,""
0041dd70,FUN_0041dd70,68,0,"FID_conflict:_Xran FUN_0041dcf0 FUN_0041df70 FUN_0041ecc0"
0041ddc0,FUN_0041ddc0,49,0,"FUN_0041dcf0 FUN_0041df70 FUN_0041ecc0"
0041de00,back,45,1,"FUN_0041dd20 FUN_0041df70 FUN_0041ed00"
0041de30,FUN_0041de30,217,0,"FUN_0041e970 FUN_0041ec40 FUN_0041ec60"
0041df10,FUN_0041df10,59,0,"FUN_0041e800 FUN_0041ecc0"
0041df50,FUN_0041df50,19,0,"FUN_0041eb80"
0041df70,FUN_0041df70,19,0,"FUN_0041ed40"
0041df90,FUN_0041df90,54,0,"iterator::operator++"
0041dfd0,FUN_0041dfd0,33,0,"FUN_0041eda0"
0041e000,FUN_0041e000,19,0,"FUN_0041eea0"
0041e020,FUN_0041e020,54,0,"iterator::operator++"
0041e060,FUN_0041e060,19,0,"FUN_0041ef20"
0041e080,FUN_0041e080,42,0,"FUN_0041ef40"
0041e0b0,const_iterator::operator==,28,0,""
0041e0d0,const_iterator::operator!=,33,0,"const_iterator::operator=="
0041e100,FUN_0041e100,8,0,""
0041e110,FUN_0041e110,11,0,""
0041e120,FUN_0041e120,115,0,"FUN_0041e100 FUN_0041e110 FUN_0041ef60 FUN_0041f020 FUN_0041f7e0"
0041e1a0,FUN_0041e1a0,143,0,"FUN_0041e100 FUN_0041e110 FUN_0041f0f0 FUN_0041f110"
0041e22f,Catch@0041e22f,80,0,"FUN_0041e100 FUN_0041e340 __CxxThrowException@8 destroy"
0041e280,FUN_0041e280,100,0,"FUN_0041d9f0 FUN_0041e100 FUN_0041e110 FUN_0041e340 destroy"
0041e2f0,FUN_0041e2f0,53,0,"FUN_0041f0a0 FUN_0041f0e0"
0041e330,FUN_0041e330,14,0,""
0041e340,FUN_0041e340,25,0,"_free"
0041e360,destroy,25,2,"FUN_0041f9f0"
0041e380,FUN_0041e380,262,0,"FUN_0041da90 FUN_0041dac0 FUN_0041ee20 FUN_0041f190 FUN_0041f240 FUN_0041f710 FUN_0041fa00 FUN_0041fa50"
0041e490,FID_conflict:_Xran,90,0,"FID_conflict:length_error __CxxThrowException@8 basic_string<>"
0041e4f0,FUN_0041e4f0,520,0,"FID_conflict:_Xran FUN_0041f150 FUN_0041f360 FUN_0041f380 FUN_0041faa0 FUN_0041fae0 FUN_0041fb20"
0041e700,FUN_0041e700,177,0,"Empty FUN_0041f240 FUN_0041f340 FUN_0041f360 destroy"
0041e7c0,FUN_0041e7c0,27,0,"FUN_0041fb60"
0041e7e0,FUN_0041e7e0,29,0,"FUN_0041fb80"
0041e800,FUN_0041e800,262,0,"FUN_0041dcf0 FUN_0041dd20 FUN_0041ecc0 FUN_0041f400 FUN_0041f4b0 FUN_0041f670 FUN_0041fbc0 FUN_0041fc10"
0041e910,FID_conflict:_Xran,90,0,"FID_conflict:length_error __CxxThrowException@8 basic_string<>"
0041e970,FUN_0041e970,520,0,"FID_conflict:_Xran FUN_0041f3c0 FUN_0041f5d0 FUN_0041f5f0 FUN_0041fc60 FUN_0041fca0 FUN_0041fce0"
0041eb80,FUN_0041eb80,177,0,"Empty FUN_0041f4b0 FUN_0041f5b0 FUN_0041f5d0 destroy"
0041ec40,FUN_0041ec40,27,0,"FUN_0041fd20"
0041ec60,FUN_0041ec60,29,0,"FUN_0041fd40"
0041ec80,_Vector_iterator<>,32,0,"FUN_0041f6a0"
0041eca0,iterator::operator++,29,0,""
0041ecc0,FUN_0041ecc0,57,0,"FUN_0041f630"
0041ed00,FUN_0041ed00,57,0,"FUN_0041f650"
0041ed40,FUN_0041ed40,89,0,""
0041eda0,FUN_0041eda0,60,0,""
0041ede0,_Vector_iterator<>,32,0,"FUN_0041f740"
0041ee00,iterator::operator++,29,0,""
0041ee20,FUN_0041ee20,57,0,"FUN_0041f6d0"
0041ee60,FUN_0041ee60,57,0,"FUN_0041f6f0"
0041eea0,FUN_0041eea0,89,0,""
0041ef00,FUN_0041ef00,28,0,"FUN_0041f770"
0041ef20,FUN_0041ef20,19,0,"FUN_0041f790"
0041ef40,FUN_0041ef40,22,0,"FUN_0041f7b0"
0041ef60,FUN_0041ef60,134,0,"FUN_004063d0 FUN_0041f0f0 FUN_0041f980"
0041efe6,Catch@0041efe6,52,0,"FUN_0041e340 __CxxThrowException@8"
0041f020,FUN_0041f020,126,0,"FID_conflict:length_error FUN_0041f800 __CxxThrowException@8 basic_string<>"
0041f0a0,FUN_0041f0a0,53,0,"FUN_0041f0e0 FUN_0041fd80 _String_val<>"
0041f0e0,FUN_0041f0e0,16,0,""
0041f0f0,FUN_0041f0f0,27,0,"FUN_0041fd90"
0041f110,FUN_0041f110,29,0,"FUN_0041fdb0"
0041f130,destroy,25,2,"FUN_0041fdf0"
0041f150,FUN_0041f150,22,0,"max_size"
0041f170,Empty,25,0,""
0041f190,FUN_0041f190,164,0,"Empty destroy"
0041f240,FUN_0041f240,154,0,"Empty destroy"
0041f2e0,FID_conflict:_Xran,90,0,"FID_conflict:length_error __CxxThrowException@8 basic_string<>"
0041f340,FUN_0041f340,25,0,"_free"
0041f360,FUN_0041f360,25,0,"_free"
0041f380,FUN_0041f380,27,0,"FUN_0041fe00"
0041f3a0,destroy,25,2,"FUN_0041fe20"
0041f3c0,FUN_0041f3c0,22,0,"max_size"
0041f3e0,Empty,25,0,""
0041f400,FUN_0041f400,164,0,"Empty destroy"
0041f4b0,FUN_0041f4b0,154,0,"Empty destroy"
0041f550,FID_conflict:_Xran,90,0,"FID_conflict:length_error __CxxThrowException@8 basic_string<>"
0041f5b0,FUN_0041f5b0,25,0,"_free"
0041f5d0,FUN_0041f5d0,25,0,"_free"
0041f5f0,FUN_0041f5f0,27,0,"FUN_0041fe30"
0041f610,destroy,25,2,"FUN_0041fe50"
0041f630,FUN_0041f630,31,0,""
0041f650,FUN_0041f650,27,0,"FUN_0041f630"
0041f670,FUN_0041f670,41,0,"FUN_0041f8e0"
0041f6a0,FUN_0041f6a0,33,0,""
0041f6d0,FUN_0041f6d0,31,0,""
0041f6f0,FUN_0041f6f0,27,0,"FUN_0041f6d0"
0041f710,FUN_0041f710,41,0,"FUN_0041f930"
0041f740,FUN_0041f740,33,0,""
0041f770,FUN_0041f770,24,0,""
0041f790,FUN_0041f790,25,0,"FUN_0041f7f0"
0041f7b0,FUN_0041f7b0,35,0,"FUN_0041e100"
0041f7e0,FUN_0041f7e0,16,0,""
0041f7f0,FUN_0041f7f0,11,0,""
0041f800,FUN_0041f800,22,0,"max_size"
0041f820,_String_val<>,28,0,"allocator<>"
0041f840,destroy,25,2,"FUN_0041fe70"
0041f860,max_size,44,0,""
0041f890,destroy,25,2,"FUN_0041fe80"
0041f8b0,max_size,44,0,""
0041f8e0,FUN_0041f8e0,66,0,""
0041f930,FUN_0041f930,66,0,""
0041f980,FUN_0041f980,53,0,""
0041f9c0,max_size,44,0,""
0041f9f0,FUN_0041f9f0,5,0,""
0041fa00,FUN_0041fa00,70,0,"FUN_0041fe90 FUN_0041fea0"
0041fa50,FUN_0041fa50,70,0,"FUN_0041fe90 FUN_0041ff00"
0041faa0,FUN_0041faa0,55,0,"FUN_0041ff60 FUN_0041ff70"
0041fae0,FUN_0041fae0,55,0,"FUN_0041ff60 FUN_0041ffb0"
0041fb20,FUN_0041fb20,51,0,"FUN_0041ff60 FUN_0041ffd0"
0041fb60,FUN_0041fb60,20,0,"operator_new"
0041fb80,FUN_0041fb80,58,0,"FUN_004063d0"
0041fbc0,FUN_0041fbc0,70,0,"FUN_0041ffe0 FUN_0041fff0"
0041fc10,FUN_0041fc10,70,0,"FUN_0041ffe0 FUN_00420050"
0041fc60,FUN_0041fc60,55,0,"FUN_004200b0 FUN_004200c0"
0041fca0,FUN_0041fca0,55,0,"FUN_004200b0 FUN_00420100"
0041fce0,FUN_0041fce0,51,0,"FUN_004200b0 FUN_00420120"
0041fd20,FUN_0041fd20,20,0,"operator_new"
0041fd40,FUN_0041fd40,58,0,"FUN_004063d0"
0041fd80,FUN_0041fd80,16,0,""
0041fd90,FUN_0041fd90,20,0,"operator_new"
0041fdb0,FUN_0041fdb0,58,0,"FUN_004063d0"
0041fdf0,FUN_0041fdf0,5,0,""
0041fe00,FUN_0041fe00,20,0,"operator_new"
0041fe20,FUN_0041fe20,5,0,""
0041fe30,FUN_0041fe30,20,0,"operator_new"
0041fe50,FUN_0041fe50,5,0,""
0041fe60,allocator<>,16,0,""
0041fe70,FUN_0041fe70,5,0,""
0041fe80,FUN_0041fe80,5,0,""
0041fe90,FUN_0041fe90,11,0,""
0041fea0,FUN_0041fea0,81,0,"FUN_0041e000 FUN_00420150 FUN_00420170"
0041ff00,FUN_0041ff00,85,0,"FUN_0041e000 FUN_00420170 iterator::operator++"
0041ff60,FUN_0041ff60,11,0,""
0041ff70,FUN_0041ff70,49,0,"_memmove"
0041ffb0,FUN_0041ffb0,25,0,"FUN_004201e0"
0041ffd0,FUN_0041ffd0,5,0,""
0041ffe0,FUN_0041ffe0,11,0,""
0041fff0,FUN_0041fff0,81,0,"FUN_0041df70 FUN_0041dfd0 FUN_00420130"
00420050,FUN_00420050,85,0,"FUN_0041df70 FUN_0041dfd0 iterator::operator++"
004200b0,FUN_004200b0,11,0,""
004200c0,FUN_004200c0,49,0,"_memmove"
00420100,FUN_00420100,25,0,"FUN_00420210"
00420120,FUN_00420120,5,0,""
00420130,FUN_00420130,29,0,""
00420150,FUN_00420150,29,0,""
00420170,FUN_00420170,33,0,"FUN_004201a0"
004201a0,FUN_004201a0,60,0,""
004201e0,FUN_004201e0,43,0,""
00420210,FUN_00420210,43,0,""
00420240,FUN_00420240,72,0,"FUN_00420290 FUN_004202d0"
00420290,FUN_00420290,53,0,"FUN_00420300 _String_val<>"
004202d0,FUN_004202d0,14,0,""
004202e0,_String_val<>,28,0,"allocator<>"
00420300,FUN_00420300,16,0,""
00420310,allocator<>,16,0,""
00420320,FUN_00420320,72,0,"FUN_00420370 FUN_004203b0"
00420370,FUN_00420370,53,0,"FUN_004203e0 _String_val<>"
004203b0,FUN_004203b0,14,0,""
004203c0,_String_val<>,28,0,"allocator<>"
004203e0,FUN_004203e0,16,0,""
004203f0,allocator<>,16,0,""
00420400,FUN_00420400,19,0,"FUN_0041e700"
00420420,FUN_00420420,19,0,"FUN_0041eb80"
00420440,FUN_00420440,130,0,"FUN_004214e0 FUN_004216d0"
004204d0,FUN_004204d0,84,0,"FUN_00421530 FUN_004216d0"
00420530,FUN_00420530,53,0,"FUN_00421360 FUN_00421570"
00420570,FUN_00420570,55,0,"FUN_00421360 FUN_00421570"
004205b0,FUN_004205b0,54,0,"FUN_00421360 FUN_00421570"
004205f0,FUN_004205f0,217,0,"FUN_0041cf00 FUN_0041d800 FUN_00420880 ReadFile _free operator_new"
004206d0,FUN_004206d0,418,0,"CloseHandle CreateFileA FUN_00420880 GetFileSize ReadFile WriteFile _free operator_new"
00420880,FUN_00420880,2301,0,"FUN_00421200 FUN_00421250 FUN_004213e0 FUN_00421550 FUN_004215f0 _memcpy _strncmp back back operator_new ~CAtlWinModule ~TaskStack"
00421200,FUN_00421200,24,0,""
00421220,~TaskStack,43,1,"_free"
00421250,FUN_00421250,75,0,"FUN_004212f0 FUN_004214c0"
004212a0,~CAtlWinModule,72,1,"FUN_00421340 FUN_004214c0"
004212f0,FUN_004212f0,72,0,"FUN_00421a80 FUN_00421ac0"
00421340,FUN_00421340,19,0,"FUN_004219c0"
00421360,FUN_00421360,68,0,"FID_conflict:_Xran FUN_004216f0 FUN_00421f20 FUN_00421f40"
004213b0,back,45,1,"FUN_00421720 FUN_00421f20 FUN_00421f80"
004213e0,FUN_004213e0,215,0,"FUN_004217b0 FUN_00421ad0 FUN_00421af0"
004214c0,FUN_004214c0,19,0,"FUN_004219c0"
004214e0,FUN_004214e0,72,0,"FUN_00421e90 FUN_00421ed0"
00421530,FUN_00421530,19,0,"FUN_00421dd0"
00421550,FUN_00421550,17,0,""
00421570,FUN_00421570,68,0,"FID_conflict:_Xran FUN_00421b10 FUN_00421fc0 FUN_00421fe0"
004215c0,back,45,1,"FUN_00421b40 FUN_00421fc0 FUN_00422020"
004215f0,FUN_004215f0,211,0,"FUN_00421bd0 FUN_00421ee0 FUN_00421f00"
004216d0,FUN_004216d0,19,0,"FUN_00421dd0"
004216f0,FUN_004216f0,35,0,"_Vector_iterator<>"
00421720,FUN_00421720,41,0,"_Vector_iterator<>"
00421750,FID_conflict:_Xran,90,0,"FID_conflict:length_error __CxxThrowException@8 basic_string<>"
004217b0,FUN_004217b0,517,0,"FID_conflict:_Xran FUN_00422060 FUN_004221f0 FUN_00422210 FUN_004226c0 FUN_00422700 FUN_00422740"
004219c0,FUN_004219c0,177,0,"Empty FUN_004220a0 FUN_004221d0 FUN_004221f0 destroy"
00421a80,FUN_00421a80,53,0,"FUN_004221c0 _String_val<>"
00421ac0,FUN_00421ac0,14,0,""
00421ad0,FUN_00421ad0,27,0,"FUN_00422780"
00421af0,FUN_00421af0,29,0,"FUN_004227a0"
00421b10,FUN_00421b10,35,0,"_Vector_iterator<>"
00421b40,FUN_00421b40,41,0,"_Vector_iterator<>"
00421b70,FID_conflict:_Xran,90,0,"FID_conflict:length_error __CxxThrowException@8 basic_string<>"
00421bd0,FUN_00421bd0,511,0,"FID_conflict:_Xran FUN_00422250 FUN_004223e0 FUN_00422400 FUN_004227e0 FUN_00422820 FUN_00422860"
00421dd0,FUN_00421dd0,177,0,"Empty FUN_00422290 FUN_004223c0 FUN_004223e0 destroy"
00421e90,FUN_00421e90,53,0,"FUN_004223b0 _String_val<>"
00421ed0,FUN_00421ed0,14,0,""
00421ee0,FUN_00421ee0,27,0,"FUN_004228a0"
00421f00,FUN_00421f00,29,0,"FUN_004228c0"
00421f20,FUN_00421f20,19,0,"FUN_004224a0"
00421f40,FUN_00421f40,57,0,"FUN_00422460"
00421f80,FUN_00421f80,57,0,"FUN_00422480"
00421fc0,FUN_00421fc0,19,0,"FUN_00422560"
00421fe0,FUN_00421fe0,57,0,"FUN_00422520"
00422020,FUN_00422020,57,0,"FUN_00422540"
00422060,FUN_00422060,22,0,"max_size"
00422080,Empty,25,0,""
004220a0,FUN_004220a0,153,0,"Empty FUN_004225c0"
00422140,FID_conflict:_Xran,90,0,"FID_conflict:length_error __CxxThrowException@8 basic_string<>"
004221a0,_String_val<>,28,0,"allocator<>"
004221c0,FUN_004221c0,16,0,""
004221d0,FUN_004221d0,25,0,"_free"
004221f0,FUN_004221f0,25,0,"_free"
00422210,FUN_00422210,27,0,"FUN_00422940"
00422230,destroy,25,2,"FUN_00422960"
00422250,FUN_00422250,22,0,"max_size"
00422270,Empty,25,0,""
00422290,FUN_00422290,151,0,"Empty FUN_00422610"
00422330,FID_conflict:_Xran,90,0,"FID_conflict:length_error __CxxThrowException@8 basic_string<>"
00422390,_String_val<>,28,0,"allocator<>"
004223b0,FUN_004223b0,16,0,""
004223c0,FUN_004223c0,25,0,"_free"
004223e0,FUN_004223e0,25,0,"_free"
00422400,FUN_00422400,27,0,"FUN_00422980"
00422420,destroy,25,2,"FUN_004229a0"
00422440,_Vector_iterator<>,32,0,"FUN_00422660"
00422460,FUN_00422460,31,0,""
00422480,FUN_00422480,27,0,"FUN_00422460"
004224a0,FUN_004224a0,87,0,""
00422500,_Vector_iterator<>,32,0,"FUN_00422690"
00422520,FUN_00422520,31,0,""
00422540,FUN_00422540,27,0,"FUN_00422520"
00422560,FUN_00422560,83,0,""
004225c0,FUN_004225c0,25,0,"FUN_004229b0"
004225e0,max_size,44,0,""
00422610,FUN_00422610,25,0,"FUN_004229c0"
00422630,max_size,44,0,""
00422660,FUN_00422660,33,0,""
00422690,FUN_00422690,33,0,""
004226c0,FUN_004226c0,55,0,"FUN_00422bb0 FUN_00422bc0"
00422700,FUN_00422700,55,0,"FUN_00422bb0 FUN_00422c00"
00422740,FUN_00422740,51,0,"FUN_00422bb0 FUN_00422c20"
00422780,FUN_00422780,20,0,"operator_new"
004227a0,FUN_004227a0,64,0,"FUN_004063d0"
004227e0,FUN_004227e0,55,0,"FUN_00422c30 FUN_00422c40"
00422820,FUN_00422820,55,0,"FUN_00422c30 FUN_00422c80"
00422860,FUN_00422860,51,0,"FUN_00422c30 FUN_00422ca0"
004228a0,FUN_004228a0,20,0,"operator_new"
004228c0,FUN_004228c0,108,0,"FUN_004063d0 FUN_004229d0"
00422930,allocator<>,16,0,""
00422940,FUN_00422940,20,0,"operator_new"
00422960,FUN_00422960,5,0,""
00422970,allocator<>,16,0,""
00422980,FUN_00422980,20,0,"operator_new"
004229a0,FUN_004229a0,5,0,""
004229b0,FUN_004229b0,15,0,"FUN_004229f0"
004229c0,FUN_004229c0,15,0,"FUN_00422a20"
004229d0,FUN_004229d0,28,0,"FUN_00422a50"
004229f0,FUN_004229f0,44,0,"_free ~TaskStack"
00422a20,FUN_00422a20,44,0,"_free ~CAtlWinModule"
00422a50,FUN_00422a50,195,0,"FUN_004216f0 FUN_00421a80 FUN_004221c0 FUN_00422b50 FUN_00422b80 FUN_00422cb0"
00422b13,Catch@00422b13,46,0,"FUN_004219c0 __CxxThrowException@8"
00422b50,FUN_00422b50,35,0,"FUN_00422660"
00422b80,FUN_00422b80,41,0,"FUN_00422660"
00422bb0,FUN_00422bb0,11,0,""
00422bc0,FUN_00422bc0,49,0,"_memmove"
00422c00,FUN_00422c00,25,0,"FUN_00422d00"
00422c20,FUN_00422c20,5,0,""
00422c30,FUN_00422c30,11,0,""
00422c40,FUN_00422c40,49,0,"_memmove"
00422c80,FUN_00422c80,25,0,"FUN_00422d30"
00422ca0,FUN_00422ca0,5,0,""
00422cb0,FUN_00422cb0,67,0,"FUN_00422d60 FUN_00422d70"
00422d00,FUN_00422d00,43,0,""
00422d30,FUN_00422d30,43,0,""
00422d60,FUN_00422d60,11,0,""
00422d70,FUN_00422d70,1435,0,"FUN_004213e0 FUN_004216f0 FUN_00421f40 FUN_00421f80 FUN_004224a0 FUN_00423380 FUN_00423520 FUN_00423550 FUN_004235a0 FUN_004235c0 FUN_00423680 FUN_004236c0 FUN_004236f0 FUN_00423740 FUN_00423790 iterator::operator++"
0042308d,Catch@0042308d,48,0,"FUN_00423470 __CxxThrowException@8"
0042333b,Catch@0042333b,62,0,"FUN_004220a0 __CxxThrowException@8"
00423380,FUN_00423380,226,0,"FUN_004217b0 FUN_00421ad0 FUN_00421af0"
00423470,FUN_00423470,162,0,"Empty FUN_004225c0"
00423520,FUN_00423520,41,0,"FUN_004235f0"
00423550,FUN_00423550,38,0,"FUN_00421f20 FUN_00421f40"
00423580,iterator::operator++,29,0,""
004235a0,FUN_004235a0,29,0,""
004235c0,FUN_004235c0,33,0,"FUN_00423640"
004235f0,FUN_004235f0,66,0,""
00423640,FUN_00423640,60,0,""
00423680,FUN_00423680,55,0,"FUN_00422d60 FUN_004237e0"
004236c0,FUN_004236c0,43,0,"FUN_00422d60 FUN_00423800"
004236f0,FUN_004236f0,70,0,"FUN_00423820 FUN_00423830"
00423740,FUN_00423740,70,0,"FUN_00423890 FUN_004238a0"
00423790,FUN_00423790,70,0,"FUN_00423890 FUN_00423900"
004237e0,FUN_004237e0,27,0,"FUN_004235f0"
00423800,FUN_00423800,17,0,"FUN_004239a0"
00423820,FUN_00423820,11,0,""
00423830,FUN_00423830,91,0,"FUN_00421f20 FUN_004224a0 FUN_004235c0 iterator::operator++ iterator::operator++"
00423890,FUN_00423890,11,0,""
004238a0,FUN_004238a0,91,0,"FUN_00421f20 FUN_004235c0 iterator::operator++"
00423900,FUN_00423900,87,0,"FUN_00421f20 FUN_004235c0 FUN_00423980"
00423960,iterator::operator++,29,0,""
00423980,FUN_00423980,29,0,""
004239a0,FUN_004239a0,31,0,""
004239c0,FUN_004239c0,34,0,"FUN_004239f0 FUN_00423a90"
004239f0,FUN_004239f0,155,0,"CreateEventA CreateThread FUN_00423f30 SetThreadPriority timeBeginPeriod"
00423a90,FUN_00423a90,143,0,"CloseHandle FUN_00423d40 FUN_00423db0 FUN_00423f30 SetEvent TerminateThread"
00423b20,FUN_00423b20,26,0,"FUN_004239f0 FUN_00423a90"
00423b40,FUN_00423b40,273,0,"FUN_00423ce0 FUN_00423d10 FUN_00423df0 FUN_00423ef0 FUN_00423f50 FUN_00423f70 FUN_00423f90 FUN_00423fd0 SetEvent WaitForSingleObject"
00423c60,FUN_00423c60,32,0,""
00423c80,FUN_00423c80,96,0,"FUN_00423d40 FUN_00423d60 FUN_00423e10"
00423ce0,FUN_00423ce0,35,0,"_Vector_iterator<>"
00423d10,FUN_00423d10,41,0,"_Vector_iterator<>"
00423d40,FUN_00423d40,17,0,""
00423d60,FUN_00423d60,68,0,"FID_conflict:_Xran FUN_00423ce0 FUN_00423f70 FUN_004244c0"
00423db0,FUN_00423db0,49,0,"FUN_00423ce0 FUN_00423f70 FUN_004244c0"
00423df0,FUN_00423df0,32,0,"FUN_00423ce0 FUN_00423f70"
00423e10,FUN_00423e10,217,0,"FUN_00424170 FUN_00424440 FUN_00424460"
00423ef0,FUN_00423ef0,59,0,"FUN_00424000 FUN_004244c0"
00423f30,FUN_00423f30,19,0,"FUN_00424380"
00423f50,FUN_00423f50,22,0,"FUN_00424500"
00423f70,FUN_00423f70,19,0,"FUN_00424530"
00423f90,FUN_00423f90,54,0,"iterator::operator++"
00423fd0,FUN_00423fd0,33,0,"FUN_00424590"
00424000,FUN_00424000,262,0,"FUN_00423ce0 FUN_00423d10 FUN_004244c0 FUN_00424610 FUN_004246c0 FUN_00424860 FUN_00424960 FUN_004249b0"
00424110,FID_conflict:_Xran,90,0,"FID_conflict:length_error __CxxThrowException@8 basic_string<>"
00424170,FUN_00424170,520,0,"FID_conflict:_Xran FUN_004245d0 FUN_004247e0 FUN_00424800 FUN_00424a00 FUN_00424a40 FUN_00424a80"
00424380,FUN_00424380,177,0,"Empty FUN_004246c0 FUN_004247c0 FUN_004247e0 destroy"
00424440,FUN_00424440,27,0,"FUN_00424ac0"
00424460,FUN_00424460,29,0,"FUN_00424ae0"
00424480,_Vector_iterator<>,32,0,"FUN_00424890"
004244a0,iterator::operator++,29,0,""
004244c0,FUN_004244c0,57,0,"FUN_00424840"
00424500,FUN_00424500,33,0,""
00424530,FUN_00424530,89,0,""
00424590,FUN_00424590,60,0,""
004245d0,FUN_004245d0,22,0,"max_size"
004245f0,Empty,25,0,""
00424610,FUN_00424610,164,0,"Empty destroy"
004246c0,FUN_004246c0,154,0,"Empty destroy"
00424760,FID_conflict:_Xran,90,0,"FID_conflict:length_error __CxxThrowException@8 basic_string<>"
004247c0,FUN_004247c0,25,0,"_free"
004247e0,FUN_004247e0,25,0,"_free"
00424800,FUN_00424800,27,0,"FUN_00424b20"
00424820,destroy,25,2,"FUN_00424b40"
00424840,FUN_00424840,31,0,""
00424860,FUN_00424860,41,0,"FUN_00424910"
00424890,FUN_00424890,33,0,""
004248c0,destroy,25,2,"FUN_00424b50"
004248e0,max_size,44,0,""
00424910,FUN_00424910,66,0,""
00424960,FUN_00424960,70,0,"FUN_00424b60 FUN_00424b70"
004249b0,FUN_004249b0,70,0,"FUN_00424b60 FUN_00424bd0"
00424a00,FUN_00424a00,55,0,"FUN_00424c30 FUN_00424c40"
00424a40,FUN_00424a40,55,0,"FUN_00424c30 FUN_00424c80"
00424a80,FUN_00424a80,51,0,"FUN_00424c30 FUN_00424ca0"
00424ac0,FUN_00424ac0,20,0,"operator_new"
00424ae0,FUN_00424ae0,58,0,"FUN_004063d0"
00424b20,FUN_00424b20,20,0,"operator_new"
00424b40,FUN_00424b40,5,0,""
00424b50,FUN_00424b50,5,0,""
00424b60,FUN_00424b60,11,0,""
00424b70,FUN_00424b70,81,0,"FUN_00423f70 FUN_00423fd0 FUN_00424cb0"
00424bd0,FUN_00424bd0,85,0,"FUN_00423f70 FUN_00423fd0 iterator::operator++"
00424c30,FUN_00424c30,11,0,""
00424c40,FUN_00424c40,49,0,"_memmove"
00424c80,FUN_00424c80,25,0,"FUN_00424cd0"
00424ca0,FUN_00424ca0,5,0,""
00424cb0,FUN_00424cb0,29,0,""
00424cd0,FUN_00424cd0,43,0,""
00424d00,FUN_00424d00,72,0,"FUN_00424d50 FUN_00424d90"
00424d50,FUN_00424d50,53,0,"FUN_00424dc0 _String_val<>"
00424d90,FUN_00424d90,14,0,""
00424da0,_String_val<>,28,0,"allocator<>"
00424dc0,FUN_00424dc0,16,0,""
00424dd0,allocator<>,16,0,""
00424de0,FUN_00424de0,19,0,"FUN_00424380"
00424e00,FUN_00424e00,308,0,"FUN_00413420 FUN_00413460 FUN_00416ce0 FUN_00425130 FUN_004251c0 FUN_004584d0"
00424f40,FUN_00424f40,28,0,"FUN_00431f40"
00424f60,FUN_00424f60,152,0,"FUN_004028f0 FUN_00407e60 FUN_00419cb0 FUN_004250c0"
00425000,FUN_00425000,180,0,"FUN_00402660 FUN_004027d0 FUN_00403910 FUN_0040c7f0 FUN_0040c840 FUN_00412eb0 SetRect"
004250c0,FUN_004250c0,107,0,"FUN_004018a0 FUN_00403e50 FUN_00403f40 FUN_00406e80 FUN_00407170 FUN_00452f10"
00425130,FUN_00425130,92,0,""
00425190,FUN_00425190,44,0,"FUN_00424f40 _free"
004251c0,FUN_004251c0,34,0,"FUN_00417210"
004251f0,FUN_004251f0,181,0,"FUN_0040ad80 FUN_0040b1d0 FUN_0040bb80 FUN_004251c0 operator_new"
004252b0,FUN_004252b0,127,0,"FUN_00425460 FUN_00431f40"
00425330,FUN_00425330,84,0,"FUN_004176f0 FUN_004183d0"
00425390,FUN_00425390,156,0,"FUN_00402660 FUN_004027d0 FUN_0040c7f0 FUN_0040c840 FUN_0040c9a0 FUN_0040d990 FUN_00411400 SetRect"
00425430,FUN_00425430,44,0,"FUN_004252b0 _free"
00425460,FUN_00425460,44,0,"FUN_0040ae40 _free"
00425490,FUN_00425490,183,0,"FUN_0040ad80 FUN_0040b1d0 FUN_0040bb80 FUN_004251c0 operator_new"
00425550,FUN_00425550,127,0,"FUN_00425460 FUN_00431f40"
004255d0,FUN_004255d0,78,0,"FUN_004028f0 FUN_004256c0"
00425620,FUN_00425620,156,0,"FUN_00402660 FUN_004027d0 FUN_0040c7f0 FUN_0040c840 FUN_0040c9a0 FUN_0040d990 FUN_00411400 SetRect"
004256c0,FUN_004256c0,96,0,"FUN_004018a0 FUN_00403e50 FUN_00403f40 FUN_00406e80 FUN_00407170"
00425720,FUN_00425720,44,0,"FUN_00425550 _free"
00425750,FUN_00425750,372,0,"FUN_00401c20 FUN_0040ad80 FUN_0040b1d0 FUN_0040bb80 FUN_004251c0 FUN_00426670 FUN_004268a0 FUN_00426a70 FUN_00426dd0 `eh_vector_constructor_iterator' operator_new"
004258d0,FUN_004258d0,244,0,"FUN_00407d70 FUN_00419cb0 FUN_00419df0 FUN_00425460 FUN_00431f40 `eh_vector_destructor_iterator'"
004259d0,FUN_004259d0,675,0,"FUN_004028f0 FUN_00407170 FUN_00407e60 FUN_00416dc0 FUN_00419cb0 FUN_00426600 FUN_004268a0 FUN_00426a70"
00425c80,FUN_00425c80,2429,0,"FUN_00402660 FUN_004027d0 FUN_004029f0 FUN_0040c7f0 FUN_0040c840 FUN_0040c9a0 FUN_0040d990 FUN_00411400 FUN_00411500 FUN_00427180 FUN_00427500 SetRect"
00426600,FUN_00426600,106,0,"FUN_004018a0 FUN_00403e50 FUN_00403f40 FUN_00406e80 FUN_00407170"
00426670,FUN_00426670,555,0,"FUN_00413620 FUN_00416dc0 FUN_0041bf90 FUN_0041c060 FUN_0041c2e0 FUN_00641b80 FUN_00641b90 __security_check_cookie operator_new"
004268a0,FUN_004268a0,452,0,"FUN_00413620 FUN_0041bf90 FUN_0041c060 FUN_0041c2e0 FUN_00641b80 __security_check_cookie _sprintf operator_new"
00426a70,FUN_00426a70,860,0,"FUN_00413620 FUN_0041bf90 FUN_0041c060 FUN_0041c2e0 FUN_00641b80 __security_check_cookie _sprintf operator_new"
00426dd0,FUN_00426dd0,916,0,"FUN_0041cf00 FUN_0041d800 ReadFile _free _memcpy operator_new"
00427180,FUN_00427180,377,0,"FUN_0040c9a0 FUN_0040da00 FUN_00411500 SetRect"
00427300,FUN_00427300,298,0,"CloseHandle CreateFileA GetFileSize ReadFile WriteFile _free operator_new"
00427430,FUN_00427430,50,0,""
00427470,FUN_00427470,82,0,"_free"
004274d0,FUN_004274d0,44,0,"FUN_004258d0 _free"
00427500,FUN_00427500,204,0,"FUN_0040db10"
004275d0,FUN_004275d0,219,0,"FUN_0040ad80 FUN_0040b1d0 FUN_0040bb80 FUN_00419cb0 FUN_00419df0 FUN_004251c0 operator_new timeGetTime"
004276b0,FUN_004276b0,127,0,"FUN_00425460 FUN_00431f40"
00427730,FUN_00427730,99,0,"FUN_004028f0 FUN_00428c80 timeGetTime"
004277a0,FUN_004277a0,5339,0,"FUN_00402660 FUN_004027d0 FUN_0040c7f0 FUN_0040c840 FUN_0040c860 FUN_0040ca80 FUN_0040d990 FUN_00428d20 FUN_006406ac"
00428c80,FUN_00428c80,106,0,"FUN_004018a0 FUN_00403e50 FUN_00403f40 FUN_00406e80 FUN_00407170"
00428cf0,FUN_00428cf0,44,0,"FUN_004276b0 _free"
00428d20,FUN_00428d20,17,0,"FUN_00428d40"
00428d40,FUN_00428d40,28,0,"FUN_00641e54"
00428d60,FUN_00428d60,251,0,"FUN_00401c20 FUN_0040ad80 FUN_0040b1d0 FUN_0040bb80 FUN_004251c0 FUN_00429f00 operator_new"
00428e60,FUN_00428e60,154,0,"FUN_00425460 FUN_00431f40"
00428f00,FUN_00428f00,951,0,"FUN_004028f0 FUN_004073b0 FUN_004073c0 FUN_004079c0 FUN_00407dd0 FUN_00419450 FUN_00429dc0 FUN_00429f00"
004292e0,FUN_004292e0,2759,0,"FUN_00402660 FUN_004027d0 FUN_004029f0 FUN_0040c7f0 FUN_0040c840 FUN_0040c9a0 FUN_0040d990 FUN_00411400 FUN_00411500 FUN_004115c0 FUN_00427500 SetRect"
00429dc0,FUN_00429dc0,310,0,"FUN_004018a0 FUN_00403e50 FUN_00403f40 FUN_00406e80 FUN_00407170"
00429f00,FUN_00429f00,563,0,"FUN_00413620 FUN_0041bf90 FUN_0041c060 FUN_0041c2e0 __security_check_cookie _sprintf operator_new"
0042a150,FUN_0042a150,44,0,"FUN_00428e60 _free"
0042a180,FUN_0042a180,315,0,"FUN_0040ad80 FUN_0040b1d0 FUN_0040bb80 FUN_00414300 FUN_00416e20 FUN_00416ee0 FUN_0041a1a0 FUN_0041a240 FUN_004251c0 operator_new"
0042a2c0,FUN_0042a2c0,127,0,"FUN_00425460 FUN_00431f40"
0042a340,FUN_0042a340,541,0,"FUN_004028f0 FUN_004079c0 FUN_004169e0 FUN_00416e80 FUN_0042ab90"
0042a560,FUN_0042a560,1581,0,"FUN_00402660 FUN_004027d0 FUN_0040c7f0 FUN_0040c840 FUN_0040c9a0 FUN_0040d940 FUN_0040d990 FUN_00411400 FUN_00411500 FUN_004115c0 FUN_00427500 FUN_0042ae70 FUN_0042aff0 FUN_0042b110 SetRect timeGetTime"
0042ab90,FUN_0042ab90,722,0,"FUN_004018a0 FUN_00403e50 FUN_00403f40 FUN_00406e80 FUN_00407170 FUN_004079c0"
0042ae70,FUN_0042ae70,377,0,"FUN_0040c9a0 FUN_0040da00 FUN_00411500 SetRect"
0042aff0,FUN_0042aff0,280,0,"FUN_0040c9a0 FUN_0040da00 FUN_00411500 SetRect"
0042b110,FUN_0042b110,169,0,"FUN_0040da00 FUN_0042aff0 __security_check_cookie"
0042b1c0,FUN_0042b1c0,44,0,"FUN_0042a2c0 _free"
0042b1f0,FUN_0042b1f0,260,0,"FUN_0040ad80 FUN_0040b1d0 FUN_0040bb80 FUN_00414300 FUN_004251c0 operator_new"
0042b300,FUN_0042b300,127,0,"FUN_00425460 FUN_00431f40"
0042b380,FUN_0042b380,494,0,"FUN_004028f0 FUN_004079c0 FUN_004138e0 FUN_0042bcd0"
0042b570,FUN_0042b570,1875,0,"FUN_00402660 FUN_004027d0 FUN_0040c7f0 FUN_0040c840 FUN_0040c9a0 FUN_0040d940 FUN_0040d990 FUN_00411400 FUN_00411500 FUN_004115c0 FUN_00427500 FUN_0042bfd0 FUN_0042c150 FUN_0042c270 SetRect timeGetTime"
0042bcd0,FUN_0042bcd0,764,0,"FUN_004018a0 FUN_00403e50 FUN_00403f40 FUN_00406e80 FUN_00407170 FUN_004079c0"
0042bfd0,FUN_0042bfd0,377,0,"FUN_0040c9a0 FUN_0040da00 FUN_00411500 SetRect"
0042c150,FUN_0042c150,280,0,"FUN_0040c9a0 FUN_0040da00 FUN_00411500 SetRect"
0042c270,FUN_0042c270,303,0,"FUN_0040da00 FUN_0042c150 __security_check_cookie _memcmp"
0042c3a0,FUN_0042c3a0,44,0,"FUN_0042b300 _free"
0042c3d0,FUN_0042c3d0,395,0,"FUN_0040ad80 FUN_0040b1d0 FUN_0040bb80 FUN_00414360 FUN_0041df50 FUN_00420320 FUN_004251c0 FUN_0042d470 FUN_0042db30 operator_new"
0042c560,FUN_0042c560,265,0,"FUN_004143b0 FUN_0041dd50 FUN_0041ddc0 FUN_0041df50 FUN_00420420 FUN_00425460 FUN_0042db80 FUN_00431f40 _free"
0042c670,FUN_0042c670,1005,0,"FUN_004028f0 FUN_004079c0 FUN_00407e60 FUN_0041dd50 FUN_0041ddc0 FUN_0042d330 FUN_0042dba0 FUN_00641b80"
0042ca60,FUN_0042ca60,2246,0,"FUN_00402660 FUN_004027d0 FUN_0040c7f0 FUN_0040c840 FUN_0040c9a0 FUN_0040d990 FUN_00411400 FUN_00411500 FUN_0041dd50 FUN_0041ddc0 FUN_00427500 FUN_0042d6e0 FUN_0042d860 FUN_0042d980 FUN_0042daf0 FUN_0042dba0 SetRect"
0042d330,FUN_0042d330,310,0,"FUN_004018a0 FUN_00403e50 FUN_00403f40 FUN_00406e80 FUN_00407170"
0042d470,FUN_0042d470,613,0,"CloseHandle CreateFileA FUN_00414450 FUN_0041dd50 FUN_0041ddc0 FUN_0041de30 FUN_0042dbe0 FUN_00641b80 FUN_00641b90 FindClose FindFirstFileA FindNextFileA ReadFile __security_check_cookie back operator_new"
0042d6e0,FUN_0042d6e0,377,0,"FUN_0040c9a0 FUN_0040da00 FUN_00411500 SetRect"
0042d860,FUN_0042d860,280,0,"FUN_0040c9a0 FUN_0040da00 FUN_00411500 SetRect"
0042d980,FUN_0042d980,315,0,"FUN_0040da00 FUN_0042d860 __security_check_cookie _memcmp"
0042dac0,FUN_0042dac0,44,0,"FUN_0042c560 _free"
0042daf0,FUN_0042daf0,49,0,"FUN_004143d0 FUN_00414950 FUN_0042e040"
0042db30,FUN_0042db30,72,0,"FUN_0042dfb0 FUN_0042dff0"
0042db80,FUN_0042db80,19,0,"FUN_0042def0"
0042dba0,FUN_0042dba0,49,0,"FUN_0042dcc0 FUN_0042e080 FUN_0042e0a0"
0042dbe0,FUN_0042dbe0,211,0,"FUN_0042dcf0 FUN_0042e000 FUN_0042e020"
0042dcc0,FUN_0042dcc0,35,0,"_Vector_iterator<>"
0042dcf0,FUN_0042dcf0,511,0,"FID_conflict:_Xran FUN_0042e0e0 FUN_0042e270 FUN_0042e290 FUN_0042e410 FUN_0042e450 FUN_0042e490"
0042def0,FUN_0042def0,177,0,"Empty FUN_0042e120 FUN_0042e250 FUN_0042e270 destroy"
0042dfb0,FUN_0042dfb0,53,0,"FUN_0042e240 _String_val<>"
0042dff0,FUN_0042dff0,14,0,""
0042e000,FUN_0042e000,27,0,"FUN_0042e4d0"
0042e020,FUN_0042e020,29,0,"FUN_0042e4f0"
0042e040,FUN_0042e040,57,0,"FUN_0042e2d0"
0042e080,FUN_0042e080,19,0,"FUN_0042e330"
0042e0a0,FUN_0042e0a0,57,0,"FUN_0042e310"
0042e0e0,FUN_0042e0e0,22,0,"max_size"
0042e100,Empty,25,0,""
0042e120,FUN_0042e120,151,0,"Empty destroy"
0042e1c0,FID_conflict:_Xran,90,0,"FID_conflict:length_error __CxxThrowException@8 basic_string<>"
0042e220,_String_val<>,28,0,"allocator<>"
0042e240,FUN_0042e240,16,0,""
0042e250,FUN_0042e250,25,0,"_free"
0042e270,FUN_0042e270,25,0,"_free"
0042e290,FUN_0042e290,27,0,"FUN_0042e550"
0042e2b0,destroy,25,2,"FUN_0042e570"
0042e2d0,FUN_0042e2d0,31,0,""
0042e2f0,_Vector_iterator<>,32,0,"FUN_0042e3e0"
0042e310,FUN_0042e310,31,0,""
0042e330,FUN_0042e330,83,0,""
0042e390,destroy,25,2,"FUN_0042e580"
0042e3b0,max_size,44,0,""
0042e3e0,FUN_0042e3e0,33,0,""
0042e410,FUN_0042e410,55,0,"FUN_0042e590 FUN_0042e5a0"
0042e450,FUN_0042e450,55,0,"FUN_0042e590 FUN_0042e5e0"
0042e490,FUN_0042e490,51,0,"FUN_0042e590 FUN_0042e600"
0042e4d0,FUN_0042e4d0,20,0,"operator_new"
0042e4f0,FUN_0042e4f0,65,0,"FUN_004063d0"
0042e540,allocator<>,16,0,""
0042e550,FUN_0042e550,20,0,"operator_new"
0042e570,FUN_0042e570,5,0,""
0042e580,FUN_0042e580,5,0,""
0042e590,FUN_0042e590,11,0,""
0042e5a0,FUN_0042e5a0,49,0,"_memmove"
0042e5e0,FUN_0042e5e0,25,0,"FUN_0042e610"
0042e600,FUN_0042e600,5,0,""
0042e610,FUN_0042e610,43,0,""
0042e640,FUN_0042e640,547,0,"FUN_0040ad80 FUN_0040b1d0 FUN_0040bb80 FUN_004251c0 operator_new"
0042e870,FUN_0042e870,127,0,"FUN_00425460 FUN_00431f40"
0042e8f0,FUN_0042e8f0,1529,0,"FUN_004028f0 FUN_004079c0 FUN_00407e60 FUN_00419cb0 FUN_0042f450 FUN_006406ac"
0042ef10,FUN_0042ef10,1344,0,"FUN_00402660 FUN_004027d0 FUN_0040c7f0 FUN_0040c840 FUN_0040c860 FUN_0040c9a0 FUN_0040d990 FUN_00411400 FUN_00411500 FUN_004115c0 FUN_004116f0 FUN_004171d0 FUN_00427500 FUN_0042f530 FUN_006406ac SetRect"
0042f450,FUN_0042f450,220,0,"FUN_004018a0 FUN_00403e50 FUN_00403f40 FUN_00406e80 FUN_00407170"
0042f530,FUN_0042f530,423,0,"FUN_0040c9a0 FUN_0040da00 FUN_00411500 SetRect"
0042f6e0,FUN_0042f6e0,44,0,"FUN_0042e870 _free"
0042f710,FUN_0042f710,366,0,"FUN_00401c20 FUN_0040ad80 FUN_0040b1d0 FUN_0040bb80 FUN_00419e10 FUN_00420320 FUN_004251c0 FUN_00430ee0 FUN_00431350 operator_new"
0042f880,FUN_0042f880,229,0,"FUN_00420420 FUN_00425460 FUN_00431940 FUN_00431f40"
0042f970,FUN_0042f970,1803,0,"FUN_004028f0 FUN_004079c0 FUN_0041dd50 FUN_00430d80 FUN_00430ee0 FUN_00431070 FUN_00431350"
00430080,FUN_00430080,3314,0,"FUN_00402660 FUN_004027d0 FUN_004029f0 FUN_0040c7f0 FUN_0040c840 FUN_0040c9a0 FUN_0040d990 FUN_00411400 FUN_00411500 FUN_004115c0 FUN_0041dd50 FUN_00427500 FUN_004315f0 FUN_00431770 FUN_00431890 SetRect"
00430d80,FUN_00430d80,343,0,"FUN_004018a0 FUN_00403e50 FUN_00403f40 FUN_00406e80 FUN_00407170"
00430ee0,FUN_00430ee0,398,0,"FUN_0040ad80 FUN_0040b1d0 FUN_0040bb80 FUN_00425460 FUN_00431b60 __security_check_cookie _sprintf operator_new"
00431070,FUN_00431070,721,0,"FUN_00413620 FUN_0041a1a0 FUN_0041a240 FUN_0041bf90 FUN_0041c060 FUN_0041c2e0 FUN_0041dd50 FUN_0041dd70 FUN_00641b80 FUN_00641b90 __security_check_cookie _sprintf operator_new"
00431350,FUN_00431350,664,0,"FUN_00413620 FUN_0041a1a0 FUN_0041a240 FUN_0041bf90 FUN_0041c060 FUN_0041c2e0 FUN_00641b80 FUN_00641b90 __security_check_cookie _sprintf operator_new"
004315f0,FUN_004315f0,377,0,"FUN_0040c9a0 FUN_0040da00 FUN_00411500 SetRect"
00431770,FUN_00431770,280,0,"FUN_0040c9a0 FUN_0040da00 FUN_00411500 SetRect"
00431890,FUN_00431890,169,0,"FUN_0040da00 FUN_00431770 __security_check_cookie"
00431940,FUN_00431940,112,0,"FUN_0041dd50 FUN_0041dd70 FUN_0041df50 _free"
004319b0,FUN_004319b0,429,0,"CloseHandle CreateFileA FUN_0041de30 FUN_00431940 GetFileSize ReadFile __security_check_cookie _free _memcpy _sprintf back operator_new"
00431b60,FUN_00431b60,503,0,"FUN_0041cf00 FUN_0041d800 FUN_0041de30 FUN_00431940 ReadFile __security_check_cookie _free _memcpy _sprintf back operator_new"
00431d60,FUN_00431d60,432,0,"CloseHandle CreateFileA GetFileSize ReadFile WriteFile __security_check_cookie _free _sprintf operator_new"
00431f10,FUN_00431f10,44,0,"FUN_0042f880 _free"
00431f40,FUN_00431f40,31,0,"FUN_00417430"
00431f60,FUN_00431f60,663,0,"FUN_004028a0 FUN_004028f0"
00432200,FUN_00432200,175,0,"FUN_00401f50 FUN_004029f0 FUN_00403910 FUN_0040db50 SetRect"
004322b0,FUN_004322b0,172,0,"FUN_00401f50 FUN_004029f0 FUN_00403910 FUN_0040db50 SetRect"
00432360,FUN_00432360,168,0,"FUN_00401f50 FUN_004029f0 FUN_0040db50 SetRect"
00432410,FUN_00432410,189,0,"FUN_00401f50 FUN_004029f0 FUN_0040db50 SetRect"
004324d0,FUN_004324d0,389,0,"FUN_00401f50 FUN_004029f0 FUN_0040d990 FUN_00411400 FUN_004116f0 SetRect"
00432660,FUN_00432660,396,0,"FUN_00401f50 FUN_004029f0 FUN_0040d990 FUN_00411400 FUN_004116f0 SetRect"
004327f0,FUN_004327f0,355,0,"FUN_00401f50 FUN_004029f0 FUN_0040d990 FUN_00411400 FUN_00411500 SetRect _rand"
00432960,FUN_00432960,386,0,"FUN_00401f50 FUN_004029f0 FUN_0040d990 FUN_00411400 FUN_004115c0 SetRect"
00432af0,FUN_00432af0,325,0,"FUN_004029f0 FUN_0040d940 FUN_0040d990 FUN_00411400 FUN_00411500 SetRect"
00432c40,FUN_00432c40,300,0,"FUN_004029f0 FUN_0040d990 FUN_00411400 FUN_004116f0 SetRect _rand"
00432d70,FUN_00432d70,297,0,"FUN_004029f0 FUN_0040d990 FUN_00411400 FUN_004116f0 SetRect _rand"
00432ea0,FUN_00432ea0,668,0,"FUN_0040ad80 FUN_0040b1d0 FUN_0040bb80 FUN_004192f0 FUN_00419e10 FUN_0041a0e0 FUN_004251c0 FUN_00433230 operator_new"
00433140,FUN_00433140,231,0,"FUN_00425460 FUN_00431f40"
00433230,FUN_00433230,569,0,"FUN_0041a1a0"
00433470,FUN_00433470,1442,0,"FUN_004028f0 FUN_004079c0 FUN_00407e60 FUN_00413790 FUN_00433a40 FUN_00433be0 FUN_00433cf0 FUN_004348e0 FUN_00434cf0 FUN_004350e0 FUN_00435870 FUN_004388d0"
00433a40,FUN_00433a40,404,0,"FUN_004079c0 FUN_00438a60"
00433be0,FUN_00433be0,264,0,"FUN_004079c0 FUN_00438a60 FUN_00438a80"
00433cf0,FUN_00433cf0,3045,0,"FUN_004079c0 FUN_0041a1a0 FUN_00438a60 FUN_00438a80 _rand"
004348e0,FUN_004348e0,1029,0,"FUN_004079c0 FUN_00438a60 _rand"
00434cf0,FUN_00434cf0,995,0,"FUN_004079c0 FUN_00438a60 _rand"
004350e0,FUN_004350e0,1923,0,"FUN_004079c0 FUN_00438a60 _rand"
00435870,FUN_00435870,497,0,"FUN_004079c0"
00435a70,FUN_00435a70,6404,0,"FUN_00402660 FUN_004027d0 FUN_0040c7f0 FUN_0040c840 FUN_0040c9a0 FUN_0040d940 FUN_0040d990 FUN_00411400 FUN_00411500 FUN_004115c0 FUN_004116f0 FUN_00427500 FUN_00437380 FUN_00438240 FUN_00438670 FUN_006406ac SetRect"
00437380,FUN_00437380,3769,0,"FUN_0040c9a0 FUN_0040d990 FUN_00411500 FUN_004116f0 FUN_00427500 FUN_006406ac SetRect"
00438240,FUN_00438240,1072,0,"FUN_0040c9a0 FUN_0040d990 FUN_00411400 FUN_00411500 FUN_00427500 SetRect"
00438670,FUN_00438670,596,0,"FUN_0040c9a0 FUN_0040d990 FUN_00411400 FUN_00411500 FUN_00427500 FUN_00438a80 SetRect"
004388d0,FUN_004388d0,346,0,"FUN_004018a0 FUN_00403e50 FUN_00403f40 FUN_00406e80 FUN_00407170 _memcpy _memset"
00438a30,FUN_00438a30,44,0,"FUN_00433140 _free"
00438a60,FUN_00438a60,17,0,"FUN_00641fb8"
00438a80,FUN_00438a80,53,0,""
00438ac0,FUN_00438ac0,224,0,"FUN_00407cc0 FUN_00407d70 FUN_0040ad80 FUN_0040b1d0 FUN_0040bb80 FUN_00419cb0 FUN_004251c0 operator_new timeGetTime"
00438ba0,FUN_00438ba0,127,0,"FUN_00425460 FUN_00431f40"
00438c20,FUN_00438c20,208,0,"FUN_004028f0 FUN_00407e60 FUN_00419cb0 FUN_00438cf0 FUN_00439f90 timeGetTime"
00438cf0,FUN_00438cf0,11,0,""
00438d00,FUN_00438d00,4749,0,"FUN_00402660 FUN_004027d0 FUN_0040c7f0 FUN_0040c840 FUN_0040c860 FUN_0040ca80 FUN_006406ac"
00439f90,FUN_00439f90,96,0,"FUN_004018a0 FUN_00403e50 FUN_00403f40 FUN_00406e80 FUN_00407170"
00439ff0,FUN_00439ff0,44,0,"FUN_00438ba0 _free"
0043a020,FUN_0043a020,435,0,"FUN_0040ad80 FUN_0040b1d0 FUN_0040bb80 FUN_004251c0 operator_new timeGetTime"
0043a1e0,FUN_0043a1e0,142,0,"FUN_00425460 FUN_00431f40"
0043a270,FUN_0043a270,1273,0,"DestroyWindow FUN_004028f0 FUN_004079c0 FUN_00407e60 FUN_0043abf0 _rand timeGetTime"
0043a7a0,FUN_0043a7a0,1089,0,"FUN_00402660 FUN_004027d0 FUN_0040c7f0 FUN_0040c840 FUN_0040c860 FUN_0040c9a0 FUN_0040d990 FUN_00411400 FUN_00411500 FUN_004116f0 FUN_00427500 SetRect"
0043abf0,FUN_0043abf0,228,0,"FUN_004018a0 FUN_00403e50 FUN_00403f40 FUN_00406e80 FUN_00407170"
0043ace0,FUN_0043ace0,44,0,"FUN_0043a1e0 _free"
0043ad10,FUN_0043ad10,922,0,"FUN_0040ad80 FUN_0040b1d0 FUN_0040bb80 FUN_0040c8c0 FUN_00412cc0 FUN_00413420 FUN_004251c0 FUN_0043d490 FUN_00446590 operator_new timeGetTime"
0043b0b0,FUN_0043b0b0,248,0,"FUN_00423c60 FUN_00425460 FUN_00431f40 _free"
0043b1b0,FUN_0043b1b0,859,0,"FUN_0043b510 FUN_0043b5d0 FUN_0043b610 FUN_0043c8f0 FUN_00442580 FUN_004456f0 FUN_00445830 FUN_00445a00 FUN_004461d0 FUN_00449310 FUN_004521a0 FUN_00452230 FUN_0045bdb0 FUN_005f7d80"
0043b510,FUN_0043b510,179,0,"FUN_00452490"
0043b5d0,FUN_0043b5d0,16,0,"FUN_004028f0"
0043b5e0,FUN_0043b5e0,44,0,"FUN_0043b0b0 _free"
0043b610,FUN_0043b610,4764,0,"FUN_00407e60 FUN_00413420 FUN_00413460 FUN_00413de0 FUN_004142d0 FUN_004170d0 FUN_00417120 FUN_00417140 FUN_00419cb0 FUN_00419df0 FUN_0043d010 FUN_0043d360 FUN_00446d60 FUN_00446d80 FUN_0045d810 FUN_005f7140 FUN_006406ac"
0043c8f0,FUN_0043c8f0,55,0,"FUN_0043c930 FUN_0043cdb0"
0043c930,FUN_0043c930,1150,0,"FUN_0043d3b0 FUN_0043d3e0 FUN_0043d430 FUN_0043d460"
0043cdb0,FUN_0043cdb0,599,0,""
0043d010,FUN_0043d010,847,0,""
0043d360,FUN_0043d360,66,0,""
0043d3b0,FUN_0043d3b0,43,0,""
0043d3e0,FUN_0043d3e0,79,0,""
0043d430,FUN_0043d430,44,0,""
0043d460,FUN_0043d460,40,0,""
0043d490,FUN_0043d490,59,0,""
0043d4d0,FUN_0043d4d0,154,0,"FUN_0040d940"
0043d570,FUN_0043d570,1115,0,"FUN_004029f0 FUN_0040d940 FUN_0040d990 FUN_00427500 FUN_00446b60 SetRect"
0043d9d0,FUN_0043d9d0,1637,0,"FUN_00401b00 FUN_00402660 FUN_004027d0 FUN_00403910 FUN_0040c7f0 FUN_0040c840 FUN_0040c8a0 FUN_00411110 FUN_004126c0 FUN_00412eb0 FUN_0043e040 FUN_004406c0 FUN_00440b00 FUN_00440b50 FUN_00441910 FUN_00441ea0 FUN_00446b60 FUN_00447340 FUN_00454840 FUN_00454aa0 FUN_0045bc30 FUN_0045bce0 FUN_005f7d00 SetRect timeGetTime"
0043e040,FUN_0043e040,9841,0,"FUN_0040c7f0 FUN_0040c9a0 FUN_0040d990 FUN_00411400 FUN_00411500 FUN_004115c0 FUN_00427500 FUN_0043d570 FUN_00442060 FUN_004420b0 FUN_00446b60 FUN_00446b90 FUN_006406ac SetRect"
004406c0,FUN_004406c0,1081,0,"FUN_00403910 FUN_0040c7f0 FUN_00454f90 FUN_00455070 FUN_006406ac SetRect"
00440b00,FUN_00440b00,78,0,"FUN_00412eb0 FUN_004549c0"
00440b50,FUN_00440b50,3510,0,"FUN_0040c9a0 FUN_0040d990 FUN_004115c0 FUN_00427500 FUN_00441fe0 FUN_00442010 FUN_00442060 FUN_004420b0 FUN_00446b60 FUN_00446b90 SetRect"
00441910,FUN_00441910,1414,0,"FUN_00403910 FUN_0040c7f0 FUN_0040c9a0 FUN_0040d990 FUN_00411400 FUN_00411500 FUN_00427500 FUN_00448710 SetRect"
00441ea0,FUN_00441ea0,303,0,"FUN_0040c9a0 FUN_0040d990 FUN_00427500 FUN_00442040 FUN_00446b60 FUN_006406ac SetRect"
00441fd0,FUN_00441fd0,5,0,""
00441fe0,FUN_00441fe0,44,0,""
00442010,FUN_00442010,44,0,""
00442040,FUN_00442040,28,0,"FID_conflict:_cos"
00442060,FUN_00442060,70,0,"FID_conflict:_Xran FUN_00442100 FUN_00442120 FUN_00442280 FUN_004422a0"
004420b0,FUN_004420b0,70,0,"FID_conflict:_Xran FUN_004421c0 FUN_004421e0 FUN_004422d0 iterator::operator+"
00442100,FUN_00442100,31,0,"FUN_00442320"
00442120,FUN_00442120,57,0,""
00442160,FID_conflict:_Xran,90,0,"FID_conflict:length_error __CxxThrowException@8 basic_string<>"
004421c0,FUN_004421c0,31,0,"FUN_00442370"
004421e0,FUN_004421e0,52,0,""
00442220,FID_conflict:_Xran,90,0,"FID_conflict:length_error __CxxThrowException@8 basic_string<>"
00442280,FUN_00442280,19,0,"FUN_00442360"
004422a0,FUN_004422a0,45,0,"FUN_00442340"
004422d0,FUN_004422d0,19,0,"FUN_004423b0"
004422f0,iterator::operator+,45,0,"iterator::operator+="
00442320,FUN_00442320,28,0,"FUN_004423c0"
00442340,FUN_00442340,32,0,""
00442360,FUN_00442360,16,0,""
00442370,FUN_00442370,28,0,"FUN_004423e0"
00442390,iterator::operator+=,32,0,""
004423b0,FUN_004423b0,16,0,""
004423c0,FUN_004423c0,24,0,""
004423e0,FUN_004423e0,24,0,""
00442400,FUN_00442400,217,0,""
004424e0,FUN_004424e0,96,0,"FUN_005f78b0"
00442540,ClearCancel,51,1,""
00442580,FUN_00442580,1249,0,"FUN_0043d4d0 FUN_00442a70 FUN_00442e40 FUN_00445360 FUN_00445390 FUN_004453c0 FUN_004453e0 FUN_00445400 FUN_00445440 FUN_00455500 FUN_006406ac"
00442a70,FUN_00442a70,975,0,"ClearCancel FUN_00442400 FUN_004431d0 FUN_004439a0 FUN_00444020 FUN_00444770 FUN_00444850 FUN_00444fc0 FUN_004450e0 FUN_004452d0 FUN_00445310 FUN_004491e0 FUN_004492c0 FUN_00455010"
00442e40,FUN_00442e40,897,0,"ClearCancel FUN_00442400 FUN_004452d0 FUN_00445310 FUN_004491e0 FUN_004492c0"
004431d0,FUN_004431d0,1982,0,"FUN_004079c0 FUN_0040fac0 FUN_0040fc50 FUN_0043d4d0 FUN_004424e0 FUN_00444650 FUN_004451d0 FUN_00445210 FUN_00445250 FUN_00445290 FUN_004550b0 FUN_00455640 FUN_006406ac"
004439a0,FUN_004439a0,1185,0,"FUN_0040fac0 FUN_004424e0 FUN_00443e90 FUN_00443fc0 FUN_004443b0 FUN_00455140 FUN_006406ac"
00443e90,FUN_00443e90,304,0,"FUN_004079c0 FUN_004550b0"
00443fc0,FUN_00443fc0,88,0,"FUN_004079c0 FUN_0040fac0 FUN_0040fc50 FUN_004424e0"
00444020,FUN_00444020,898,0,"FUN_004079c0 FUN_0040fac0 FUN_0040fc50 FUN_0043d4d0 FUN_004424e0 FUN_004550b0 FUN_00455640 FUN_006406ac"
004443b0,FUN_004443b0,664,0,"FUN_004079c0 FUN_0040fac0 FUN_0040fc50 FUN_0043d4d0 FUN_004424e0 FUN_004550b0 FUN_00455640 FUN_006406ac"
00444650,FUN_00444650,230,0,"FUN_004079c0 FUN_0040fac0 FUN_004424e0"
00444770,FUN_00444770,219,0,"FUN_004079c0 FUN_004424e0 FUN_00454f90"
00444850,FUN_00444850,1877,0,"FUN_004079c0 FUN_0040fac0 FUN_0040fc50 FUN_0043d4d0 FUN_004424e0 FUN_00444650 FUN_004451d0 FUN_00445210 FUN_00445250 FUN_00445290 FUN_00455640 FUN_006406ac"
00444fc0,FUN_00444fc0,280,0,""
004450e0,FUN_004450e0,239,0,"FUN_004424e0 FUN_00443e90"
004451d0,FUN_004451d0,55,0,""
00445210,FUN_00445210,55,0,""
00445250,FUN_00445250,50,0,""
00445290,FUN_00445290,50,0,""
004452d0,FUN_004452d0,52,0,""
00445310,FUN_00445310,70,0,"FID_conflict:_Xran FUN_004452d0 FUN_00445470 FUN_00445600 FUN_00445620"
00445360,FUN_00445360,35,0,"_Vector_iterator<>"
00445390,FUN_00445390,41,0,"_Vector_iterator<>"
004453c0,FUN_004453c0,22,0,"FUN_00445530"
004453e0,FUN_004453e0,19,0,"FUN_00445560"
00445400,FUN_00445400,54,0,"iterator::operator++"
00445440,FUN_00445440,33,0,"FUN_004455c0"
00445470,FUN_00445470,31,0,"FUN_00445680"
00445490,FID_conflict:_Xran,90,0,"FID_conflict:length_error __CxxThrowException@8 basic_string<>"
004454f0,_Vector_iterator<>,32,0,"FUN_00445650"
00445510,iterator::operator++,29,0,""
00445530,FUN_00445530,33,0,""
00445560,FUN_00445560,89,0,""
004455c0,FUN_004455c0,60,0,""
00445600,FUN_00445600,19,0,"FUN_004456c0"
00445620,FUN_00445620,45,0,"FUN_004456a0"
00445650,FUN_00445650,33,0,""
00445680,FUN_00445680,28,0,"FUN_004456d0"
004456a0,FUN_004456a0,32,0,""
004456c0,FUN_004456c0,16,0,""
004456d0,FUN_004456d0,24,0,""
004456f0,FUN_004456f0,314,0,"FUN_004018a0 FUN_00403e50 FUN_00403f40 FUN_00406e80 FUN_00407170 FUN_004079c0"
00445830,FUN_00445830,457,0,"FUN_00452f10 FUN_00453a10 FUN_00455b30"
00445a00,FUN_00445a00,1958,0,"FUN_00407170 FUN_00414810 FUN_00414830 FUN_00423c60 FUN_004464c0 FUN_004464e0 FUN_004480d0"
004461d0,FUN_004461d0,751,0,"FUN_004079c0 FUN_004483f0"
004464c0,FUN_004464c0,32,0,"FUN_004147b0 FUN_00414ab0"
004464e0,FUN_004464e0,164,0,"Empty destroy"
00446590,FUN_00446590,1483,0,"SetRect"
00446b60,FUN_00446b60,35,0,"FUN_00446b90"
00446b90,FUN_00446b90,463,0,"FUN_004029f0 FUN_0040da00 FUN_00411500"
00446d60,FUN_00446d60,32,0,""
00446d80,FUN_00446d80,1461,0,""
00447340,FUN_00447340,3459,0,"FUN_0040c7f0 FUN_0040c840 FUN_0040c9a0 FUN_0040d990 FUN_004115c0 FUN_004116f0 FUN_00427500 FUN_006406ac SetRect"
004480d0,FUN_004480d0,788,0,"FUN_00407170"
004483f0,FUN_004483f0,768,0,"FUN_004079c0 FUN_00438a60"
00448710,FUN_00448710,2766,0,"FUN_00403910 FUN_0040c7f0 FUN_0040c9a0 FUN_0040d990 FUN_00411400 FUN_00411500 FUN_00427500 SetRect"
004491e0,FUN_004491e0,215,0,"FUN_00449a60 FUN_006406ac"
004492c0,FUN_004492c0,68,0,""
00449310,FUN_00449310,1861,0,"FUN_004491e0 FUN_004492c0 FUN_00454ee0"
00449a60,FUN_00449a60,17,0,"FUN_00449a80"
00449a80,FUN_00449a80,28,0,"FUN_00642120"
00449aa0,FUN_00449aa0,151,0,"FUN_0040b1d0 FUN_0040bb80 FUN_0040d990 FUN_00449de0"
00449b40,FUN_00449b40,11,0,""
00449b50,FUN_00449b50,358,0,"FUN_0040c7f0 FUN_0040ca80 FUN_006406ac"
00449cc0,FUN_00449cc0,11,0,""
00449cd0,FUN_00449cd0,11,0,""
00449ce0,FUN_00449ce0,91,0,"FUN_004115c0 FUN_004116f0"
00449d40,FUN_00449d40,31,0,"FUN_0040ae40"
00449d60,FUN_00449d60,44,0,"FUN_00449d40 _free"
00449d90,FUN_00449d90,44,0,"FUN_00449dc0 _free"
00449dc0,FUN_00449dc0,28,0,"FUN_00449d40"
00449de0,FUN_00449de0,45,0,"FUN_0040ad80 FUN_00412620"
00449e10,FUN_00449e10,161,0,"FUN_0040b1d0 FUN_0040bb80 FUN_0040d990 FUN_00449de0"
00449ec0,FUN_00449ec0,26,0,""
00449ee0,FUN_00449ee0,640,0,"FUN_0040c7f0 FUN_0040c860 FUN_0040ca80 FUN_0040cef0 FUN_006406ac FUN_00641804"
0044a160,FUN_0044a160,11,0,""
0044a170,FUN_0044a170,11,0,""
0044a180,FUN_0044a180,91,0,"FUN_004115c0 FUN_004116f0"
0044a1e0,FUN_0044a1e0,44,0,"FUN_0044a210 _free"
0044a210,FUN_0044a210,28,0,"FUN_00449d40"
0044a230,FUN_0044a230,151,0,"FUN_0040b1d0 FUN_0040bb80 FUN_0040d990 FUN_00449de0"
0044a2d0,FUN_0044a2d0,11,0,""
0044a2e0,FUN_0044a2e0,358,0,"FUN_0040c7f0 FUN_0040ca80 FUN_006406ac"
0044a450,FUN_0044a450,11,0,""
0044a460,FUN_0044a460,11,0,""
0044a470,FUN_0044a470,91,0,"FUN_004115c0 FUN_004116f0"
0044a4d0,FUN_0044a4d0,44,0,"FUN_0044a500 _free"
0044a500,FUN_0044a500,28,0,"FUN_00449d40"
0044a520,FUN_0044a520,140,0,"FUN_0040b1d0 FUN_0040bb80 FUN_00449de0"
0044a5b0,FUN_0044a5b0,11,0,""
0044a5c0,FUN_0044a5c0,186,0,"FUN_0040ca80 FUN_006406ac"
0044a680,FUN_0044a680,11,0,""
0044a690,FUN_0044a690,11,0,""
0044a6a0,FUN_0044a6a0,91,0,"FUN_004115c0 FUN_004116f0"
0044a700,FUN_0044a700,44,0,"FUN_0044a730 _free"
0044a730,FUN_0044a730,28,0,"FUN_00449d40"
0044a750,FUN_0044a750,140,0,"FUN_0040b1d0 FUN_0040bb80 FUN_00449de0"
0044a7e0,FUN_0044a7e0,11,0,""
0044a7f0,FUN_0044a7f0,186,0,"FUN_0040ca80 FUN_006406ac"
0044a8b0,FUN_0044a8b0,11,0,""
0044a8c0,FUN_0044a8c0,11,0,""
0044a8d0,FUN_0044a8d0,91,0,"FUN_004115c0 FUN_004116f0"
0044a930,FUN_0044a930,44,0,"FUN_0044a960 _free"
0044a960,FUN_0044a960,28,0,"FUN_00449d40"
0044a980,FUN_0044a980,140,0,"FUN_0040b1d0 FUN_0040bb80 FUN_00449de0"
0044aa10,FUN_0044aa10,11,0,""
0044aa20,FUN_0044aa20,186,0,"FUN_0040ca80 FUN_006406ac"
0044aae0,FUN_0044aae0,11,0,""
0044aaf0,FUN_0044aaf0,11,0,""
0044ab00,FUN_0044ab00,91,0,"FUN_004115c0 FUN_004116f0"
0044ab60,FUN_0044ab60,44,0,"FUN_0044ab90 _free"
0044ab90,FUN_0044ab90,28,0,"FUN_00449d40"
0044abb0,FUN_0044abb0,151,0,"FUN_0040b1d0 FUN_0040bb80 FUN_0040d990 FUN_00449de0"
0044ac50,FUN_0044ac50,11,0,""
0044ac60,FUN_0044ac60,284,0,"FUN_0040c7f0 FUN_0040ca80 FUN_006406ac"
0044ad80,FUN_0044ad80,11,0,""
0044ad90,FUN_0044ad90,11,0,""
0044ada0,FUN_0044ada0,91,0,"FUN_004115c0 FUN_004116f0"
0044ae00,FUN_0044ae00,44,0,"FUN_0044ae30 _free"
0044ae30,FUN_0044ae30,28,0,"FUN_00449d40"
0044ae50,FUN_0044ae50,151,0,"FUN_0040b1d0 FUN_0040bb80 FUN_0040d990 FUN_00449de0"
0044aef0,FUN_0044aef0,11,0,""
0044af00,FUN_0044af00,284,0,"FUN_0040c7f0 FUN_0040ca80 FUN_006406ac"
0044b020,FUN_0044b020,11,0,""
0044b030,FUN_0044b030,11,0,""
0044b040,FUN_0044b040,91,0,"FUN_004115c0 FUN_004116f0"
0044b0a0,FUN_0044b0a0,44,0,"FUN_0044b0d0 _free"
0044b0d0,FUN_0044b0d0,28,0,"FUN_00449d40"
0044b0f0,FUN_0044b0f0,140,0,"FUN_0040b1d0 FUN_0040bb80 FUN_00449de0"
0044b180,FUN_0044b180,11,0,""
0044b190,FUN_0044b190,186,0,"FUN_0040ca80 FUN_006406ac"
0044b250,FUN_0044b250,11,0,""
0044b260,FUN_0044b260,11,0,""
0044b270,FUN_0044b270,91,0,"FUN_004115c0 FUN_004116f0"
0044b2d0,FUN_0044b2d0,44,0,"FUN_0044b300 _free"
0044b300,FUN_0044b300,28,0,"FUN_00449d40"
0044b320,FUN_0044b320,140,0,"FUN_0040b1d0 FUN_0040bb80 FUN_00449de0"
0044b3b0,FUN_0044b3b0,11,0,""
0044b3c0,FUN_0044b3c0,186,0,"FUN_0040ca80 FUN_006406ac"
0044b480,FUN_0044b480,11,0,""
0044b490,FUN_0044b490,11,0,""
0044b4a0,FUN_0044b4a0,91,0,"FUN_004115c0 FUN_004116f0"
0044b500,FUN_0044b500,44,0,"FUN_0044b530 _free"
0044b530,FUN_0044b530,28,0,"FUN_00449d40"
0044b550,FUN_0044b550,161,0,"FUN_0040b1d0 FUN_0040bb80 FUN_0040d990 FUN_00449de0"
0044b600,FUN_0044b600,48,0,""
0044b630,FUN_0044b630,830,0,"FUN_0040c7f0 FUN_0040c840 FUN_0040ca20 FUN_0040ca80 FUN_0040db50 FUN_00411500 FUN_004116f0 FUN_006406ac"
0044b970,FUN_0044b970,11,0,""
0044b980,FUN_0044b980,60,0,"FUN_0040c7f0 FUN_006406ac"
0044b9c0,FUN_0044b9c0,91,0,"FUN_004115c0 FUN_004116f0"
0044ba20,FUN_0044ba20,44,0,"FUN_0044ba50 _free"
0044ba50,FUN_0044ba50,28,0,"FUN_00449d40"
0044ba70,FUN_0044ba70,161,0,"FUN_0040b1d0 FUN_0040bb80 FUN_0040d990 FUN_00449de0"
0044bb20,FUN_0044bb20,48,0,""
0044bb50,FUN_0044bb50,830,0,"FUN_0040c7f0 FUN_0040c840 FUN_0040ca20 FUN_0040ca80 FUN_0040db50 FUN_00411500 FUN_004116f0 FUN_006406ac"
0044be90,FUN_0044be90,11,0,""
0044bea0,FUN_0044bea0,60,0,"FUN_0040c7f0 FUN_006406ac"
0044bee0,FUN_0044bee0,91,0,"FUN_004115c0 FUN_004116f0"
0044bf40,FUN_0044bf40,44,0,"FUN_0044bf70 _free"
0044bf70,FUN_0044bf70,28,0,"FUN_00449d40"
0044bf90,FUN_0044bf90,161,0,"FUN_0040b1d0 FUN_0040bb80 FUN_0040d990 FUN_00449de0"
0044c040,FUN_0044c040,48,0,""
0044c070,FUN_0044c070,830,0,"FUN_0040c7f0 FUN_0040c840 FUN_0040ca20 FUN_0040ca80 FUN_0040db50 FUN_00411500 FUN_004116f0 FUN_006406ac"
0044c3b0,FUN_0044c3b0,11,0,""
0044c3c0,FUN_0044c3c0,60,0,"FUN_0040c7f0 FUN_006406ac"
0044c400,FUN_0044c400,91,0,"FUN_004115c0 FUN_004116f0"
0044c460,FUN_0044c460,44,0,"FUN_0044c490 _free"
0044c490,FUN_0044c490,28,0,"FUN_00449d40"
0044c4b0,FUN_0044c4b0,151,0,"FUN_0040b1d0 FUN_0040bb80 FUN_0040d990 FUN_00449de0"
0044c550,FUN_0044c550,11,0,""
0044c560,FUN_0044c560,186,0,"FUN_0040ca80 FUN_006406ac"
0044c620,FUN_0044c620,11,0,""
0044c630,FUN_0044c630,11,0,""
0044c640,FUN_0044c640,91,0,"FUN_004115c0 FUN_004116f0"
0044c6a0,FUN_0044c6a0,44,0,"FUN_0044c6d0 _free"
0044c6d0,FUN_0044c6d0,28,0,"FUN_00449d40"
0044c6f0,FUN_0044c6f0,151,0,"FUN_0040b1d0 FUN_0040bb80 FUN_0040d990 FUN_00449de0"
0044c790,FUN_0044c790,11,0,""
0044c7a0,FUN_0044c7a0,186,0,"FUN_0040ca80 FUN_006406ac"
0044c860,FUN_0044c860,11,0,""
0044c870,FUN_0044c870,11,0,""
0044c880,FUN_0044c880,91,0,"FUN_004115c0 FUN_004116f0"
0044c8e0,FUN_0044c8e0,44,0,"FUN_0044c910 _free"
0044c910,FUN_0044c910,28,0,"FUN_00449d40"
0044c930,FUN_0044c930,151,0,"FUN_0040b1d0 FUN_0040bb80 FUN_0040d990 FUN_00449de0"
0044c9d0,FUN_0044c9d0,11,0,""
0044c9e0,FUN_0044c9e0,186,0,"FUN_0040ca80 FUN_006406ac"
0044caa0,FUN_0044caa0,11,0,""
0044cab0,FUN_0044cab0,11,0,""
0044cac0,FUN_0044cac0,91,0,"FUN_004115c0 FUN_004116f0"
0044cb20,FUN_0044cb20,44,0,"FUN_0044cb50 _free"
0044cb50,FUN_0044cb50,28,0,"FUN_00449d40"
0044cb70,FUN_0044cb70,151,0,"FUN_0040b1d0 FUN_0040bb80 FUN_0040d990 FUN_00449de0"
0044cc10,FUN_0044cc10,11,0,""
0044cc20,FUN_0044cc20,284,0,"FUN_0040c7f0 FUN_0040ca80 FUN_006406ac"
0044cd40,FUN_0044cd40,11,0,""
0044cd50,FUN_0044cd50,11,0,""
0044cd60,FUN_0044cd60,91,0,"FUN_004115c0 FUN_004116f0"
0044cdc0,FUN_0044cdc0,44,0,"FUN_0044cdf0 _free"
0044cdf0,FUN_0044cdf0,28,0,"FUN_00449d40"
0044ce10,FUN_0044ce10,151,0,"FUN_0040b1d0 FUN_0040bb80 FUN_0040d990 FUN_00449de0"
0044ceb0,FUN_0044ceb0,11,0,""
0044cec0,FUN_0044cec0,284,0,"FUN_0040c7f0 FUN_0040ca80 FUN_006406ac"
0044cfe0,FUN_0044cfe0,11,0,""
0044cff0,FUN_0044cff0,11,0,""
0044d000,FUN_0044d000,91,0,"FUN_004115c0 FUN_004116f0"
0044d060,FUN_0044d060,44,0,"FUN_0044d090 _free"
0044d090,FUN_0044d090,28,0,"FUN_00449d40"
0044d0b0,FUN_0044d0b0,151,0,"FUN_0040b1d0 FUN_0040bb80 FUN_0040d990 FUN_00449de0"
0044d150,FUN_0044d150,11,0,""
0044d160,FUN_0044d160,186,0,"FUN_0040ca80 FUN_006406ac"
0044d220,FUN_0044d220,11,0,""
0044d230,FUN_0044d230,11,0,""
0044d240,FUN_0044d240,91,0,"FUN_004115c0 FUN_004116f0"
0044d2a0,FUN_0044d2a0,44,0,"FUN_0044d2d0 _free"
0044d2d0,FUN_0044d2d0,28,0,"FUN_00449d40"
0044d2f0,FUN_0044d2f0,151,0,"FUN_0040b1d0 FUN_0040bb80 FUN_0040d990 FUN_00449de0"
0044d390,FUN_0044d390,11,0,""
0044d3a0,FUN_0044d3a0,186,0,"FUN_0040ca80 FUN_006406ac"
0044d460,FUN_0044d460,11,0,""
0044d470,FUN_0044d470,11,0,""
0044d480,FUN_0044d480,91,0,"FUN_004115c0 FUN_004116f0"
0044d4e0,FUN_0044d4e0,44,0,"FUN_0044d510 _free"
0044d510,FUN_0044d510,28,0,"FUN_00449d40"
0044d530,FUN_0044d530,161,0,"FUN_0040b1d0 FUN_0040bb80 FUN_0040d990 FUN_00449de0"
0044d5e0,FUN_0044d5e0,55,0,""
0044d620,FUN_0044d620,716,0,"FUN_0040c7f0 FUN_0040c840 FUN_0040c970 FUN_0040ca80 FUN_006406ac"
0044d8f0,FUN_0044d8f0,11,0,""
0044d900,FUN_0044d900,11,0,""
0044d910,FUN_0044d910,88,0,"FUN_004115c0 FUN_004116f0"
0044d970,FUN_0044d970,44,0,"FUN_0044d9a0 _free"
0044d9a0,FUN_0044d9a0,28,0,"FUN_00449d40"
0044d9c0,FUN_0044d9c0,161,0,"FUN_0040b1d0 FUN_0040bb80 FUN_0040d990 FUN_00449de0"
0044da70,FUN_0044da70,26,0,""
0044da90,FUN_0044da90,781,0,"FUN_0040c7f0 FUN_0040c840 FUN_0040c860 FUN_0040ca80 FUN_0040cef0 FUN_006406ac FUN_00641804"
0044dda0,FUN_0044dda0,11,0,""
0044ddb0,FUN_0044ddb0,11,0,""
0044ddc0,FUN_0044ddc0,88,0,"FUN_004115c0 FUN_004116f0"
0044de20,FUN_0044de20,44,0,"FUN_0044de50 _free"
0044de50,FUN_0044de50,28,0,"FUN_00449d40"
0044de70,FUN_0044de70,151,0,"FUN_0040b1d0 FUN_0040bb80 FUN_0040d990 FUN_00449de0"
0044df10,FUN_0044df10,11,0,""
0044df20,FUN_0044df20,186,0,"FUN_0040ca80 FUN_006406ac"
0044dfe0,FUN_0044dfe0,11,0,""
0044dff0,FUN_0044dff0,11,0,""
0044e000,FUN_0044e000,91,0,"FUN_004115c0 FUN_004116f0"
0044e060,FUN_0044e060,44,0,"FUN_0044e090 _free"
0044e090,FUN_0044e090,28,0,"FUN_00449d40"
0044e0b0,FUN_0044e0b0,151,0,"FUN_0040b1d0 FUN_0040bb80 FUN_0040d990 FUN_00449de0"
0044e150,FUN_0044e150,11,0,""
0044e160,FUN_0044e160,186,0,"FUN_0040ca80 FUN_006406ac"
0044e220,FUN_0044e220,11,0,""
0044e230,FUN_0044e230,11,0,""
0044e240,FUN_0044e240,91,0,"FUN_004115c0 FUN_004116f0"
0044e2a0,FUN_0044e2a0,44,0,"FUN_0044e2d0 _free"
0044e2d0,FUN_0044e2d0,28,0,"FUN_00449d40"
0044e2f0,FUN_0044e2f0,161,0,"FUN_0040b1d0 FUN_0040bb80 FUN_0040d990 FUN_00449de0"
0044e3a0,FUN_0044e3a0,45,0,""
0044e3d0,FUN_0044e3d0,872,0,"FUN_0040c7f0 FUN_0040c840 FUN_0040c860 FUN_0040ca20 FUN_0040ca80 FUN_0040da00 FUN_00411500 FUN_006406ac"
0044e740,FUN_0044e740,11,0,""
0044e750,FUN_0044e750,11,0,""
0044e760,FUN_0044e760,91,0,"FUN_004115c0 FUN_004116f0"
0044e7c0,FUN_0044e7c0,44,0,"FUN_0044e7f0 _free"
0044e7f0,FUN_0044e7f0,28,0,"FUN_00449d40"
0044e810,FUN_0044e810,181,0,"FUN_0040b1d0 FUN_0040bb80 FUN_0040d990 FUN_00449de0"
0044e8d0,FUN_0044e8d0,94,0,""
0044e930,FUN_0044e930,2297,0,"FUN_0040c7f0 FUN_0040c840 FUN_0040c860 FUN_0040ca20 FUN_0040ca80 FUN_0040da00 FUN_00411500 FUN_006406ac FUN_00641804"
0044f230,FUN_0044f230,11,0,""
0044f240,FUN_0044f240,11,0,""
0044f250,FUN_0044f250,91,0,"FUN_004115c0 FUN_004116f0"
0044f2b0,FUN_0044f2b0,44,0,"FUN_0044f2e0 _free"
0044f2e0,FUN_0044f2e0,28,0,"FUN_00449d40"
0044f300,FUN_0044f300,151,0,"FUN_0040b1d0 FUN_0040bb80 FUN_0040d990 FUN_00449de0"
0044f3a0,FUN_0044f3a0,11,0,""
0044f3b0,FUN_0044f3b0,186,0,"FUN_0040ca80 FUN_006406ac"
0044f470,FUN_0044f470,11,0,""
0044f480,FUN_0044f480,11,0,""
0044f490,FUN_0044f490,91,0,"FUN_004115c0 FUN_004116f0"
0044f4f0,FUN_0044f4f0,44,0,"FUN_0044f520 _free"
0044f520,FUN_0044f520,28,0,"FUN_00449d40"
0044f540,FUN_0044f540,151,0,"FUN_0040b1d0 FUN_0040bb80 FUN_0040d990 FUN_00449de0"
0044f5e0,FUN_0044f5e0,11,0,""
0044f5f0,FUN_0044f5f0,186,0,"FUN_0040ca80 FUN_006406ac"
0044f6b0,FUN_0044f6b0,11,0,""
0044f6c0,FUN_0044f6c0,11,0,""
0044f6d0,FUN_0044f6d0,91,0,"FUN_004115c0 FUN_004116f0"
0044f730,FUN_0044f730,44,0,"FUN_0044f760 _free"
0044f760,FUN_0044f760,28,0,"FUN_00449d40"
0044f780,FUN_0044f780,161,0,"FUN_0040b1d0 FUN_0040bb80 FUN_0040d990 FUN_00449de0"
0044f830,FUN_0044f830,26,0,""
0044f850,FUN_0044f850,662,0,"FUN_0040c7f0 FUN_0040c840 FUN_0040c860 FUN_0040ca80 FUN_0040cef0 FUN_006406ac FUN_00641804"
0044faf0,FUN_0044faf0,579,0,"FUN_0040c7f0 FUN_0040c860 FUN_0040c9a0 FUN_0040db50 FUN_00411500 FUN_004115c0 FUN_004116f0 FUN_006406ac"
0044fd40,FUN_0044fd40,756,0,"FUN_0040c7f0 FUN_0040c840 FUN_0040c9a0 FUN_0040d990 FUN_00411500 FUN_004115c0 FUN_006406ac FUN_00641804"
00450040,FUN_00450040,88,0,"FUN_004115c0 FUN_004116f0"
004500a0,FUN_004500a0,44,0,"FUN_004500d0 _free"
004500d0,FUN_004500d0,28,0,"FUN_00449d40"
004500f0,FUN_004500f0,151,0,"FUN_0040b1d0 FUN_0040bb80 FUN_0040d990 FUN_00449de0"
00450190,FUN_00450190,11,0,""
004501a0,FUN_004501a0,186,0,"FUN_0040ca80 FUN_006406ac"
00450260,FUN_00450260,11,0,""
00450270,FUN_00450270,11,0,""
00450280,FUN_00450280,91,0,"FUN_004115c0 FUN_004116f0"
004502e0,FUN_004502e0,44,0,"FUN_00450310 _free"
00450310,FUN_00450310,28,0,"FUN_00449d40"
00450330,FUN_00450330,161,0,"FUN_0040b1d0 FUN_0040bb80 FUN_0040d990 FUN_00449de0"
004503e0,FUN_004503e0,55,0,""
00450420,FUN_00450420,1005,0,"FUN_00403910 FUN_0040c7f0 FUN_0040c860 FUN_0040ca20 FUN_0040ca80 FUN_0040da00 FUN_00411500 FUN_006406ac SetRect"
00450810,FUN_00450810,11,0,""
00450820,FUN_00450820,11,0,""
00450830,FUN_00450830,91,0,"FUN_004115c0 FUN_004116f0"
00450890,FUN_00450890,44,0,"FUN_004508c0 _free"
004508c0,FUN_004508c0,28,0,"FUN_00449d40"
004508e0,FUN_004508e0,151,0,"FUN_0040b1d0 FUN_0040bb80 FUN_0040d990 FUN_00449de0"
00450980,FUN_00450980,11,0,""
00450990,FUN_00450990,186,0,"FUN_0040ca80 FUN_006406ac"
00450a50,FUN_00450a50,11,0,""
00450a60,FUN_00450a60,11,0,""
00450a70,FUN_00450a70,91,0,"FUN_004115c0 FUN_004116f0"
00450ad0,FUN_00450ad0,44,0,"FUN_00450b00 _free"
00450b00,FUN_00450b00,28,0,"FUN_00449d40"
00450b20,FUN_00450b20,171,0,"FUN_0040b1d0 FUN_0040bb80 FUN_0040d990 FUN_00449de0"
00450bd0,FUN_00450bd0,60,0,""
00450c10,FUN_00450c10,699,0,"FUN_0040c7f0 FUN_0040c860 FUN_0040ca80 FUN_0040cef0 FUN_006406ac FUN_00641804"
00450ed0,FUN_00450ed0,11,0,""
00450ee0,FUN_00450ee0,408,0,"FUN_0040c7f0 FUN_0040c840 FUN_0040c9a0 FUN_0040d990 FUN_00411500 FUN_004115c0 FUN_006406ac FUN_00641804"
00451080,FUN_00451080,91,0,"FUN_004115c0 FUN_004116f0"
004510e0,FUN_004510e0,44,0,"FUN_00451110 _free"
00451110,FUN_00451110,28,0,"FUN_00449d40"
00451130,FUN_00451130,151,0,"FUN_0040b1d0 FUN_0040bb80 FUN_0040d990 FUN_00449de0"
004511d0,FUN_004511d0,11,0,""
004511e0,FUN_004511e0,186,0,"FUN_0040ca80 FUN_006406ac"
004512a0,FUN_004512a0,11,0,""
004512b0,FUN_004512b0,11,0,""
004512c0,FUN_004512c0,91,0,"FUN_004115c0 FUN_004116f0"
00451320,FUN_00451320,44,0,"FUN_00451350 _free"
00451350,FUN_00451350,28,0,"FUN_00449d40"
00451370,FUN_00451370,161,0,"FUN_0040b1d0 FUN_0040bb80 FUN_0040d990 FUN_00449de0"
00451420,FUN_00451420,26,0,""
00451440,FUN_00451440,1449,0,"FUN_0040c7f0 FUN_0040c860 FUN_0040c970 FUN_0040c9a0 FUN_0040ca80 FUN_0040d990 FUN_006406ac FUN_00641804"
004519f0,FUN_004519f0,11,0,""
00451a00,FUN_00451a00,446,0,"FUN_0040c7f0 FUN_0040c840 FUN_0040c9a0 FUN_0040d990 FUN_00411500 FUN_004115c0 FUN_006406ac FUN_00641804"
00451bc0,FUN_00451bc0,88,0,"FUN_004115c0 FUN_004116f0"
00451c20,FUN_00451c20,44,0,"FUN_00451c50 _free"
00451c50,FUN_00451c50,28,0,"FUN_00449d40"
00451c70,FUN_00451c70,151,0,"FUN_0040b1d0 FUN_0040bb80 FUN_0040d990 FUN_00449de0"
00451d10,FUN_00451d10,11,0,""
00451d20,FUN_00451d20,186,0,"FUN_0040ca80 FUN_006406ac"
00451de0,FUN_00451de0,11,0,""
00451df0,FUN_00451df0,11,0,""
00451e00,FUN_00451e00,91,0,"FUN_004115c0 FUN_004116f0"
00451e60,FUN_00451e60,44,0,"FUN_00451e90 _free"
00451e90,FUN_00451e90,28,0,"FUN_00449d40"
00451eb0,FUN_00451eb0,742,0,"FUN_0040fac0 FUN_004550b0"
004521a0,FUN_004521a0,132,0,"FUN_00452360"
00452230,FUN_00452230,289,0,"FUN_00454ee0"
00452360,FUN_00452360,304,0,"FUN_0040fac0 _rand"
00452490,FUN_00452490,1696,0,"FUN_00453d60 FUN_00454fd0"
00452b30,FUN_00452b30,215,0,"FUN_00454d00 FUN_006406ac"
00452c10,FUN_00452c10,753,0,"FUN_006406ac"
00452f10,FUN_00452f10,2815,0,"FUN_00406e80 FUN_00414430 FUN_00414450 FUN_00414620 FUN_00414640 FUN_00453a10 FUN_00454c20 FUN_00454d50 FUN_00454d70 FUN_00454e10 FUN_00454e30 _rand"
00453a10,FUN_00453a10,89,0,""
00453a70,FUN_00453a70,65,0,"FUN_0045bb10"
00453ac0,FUN_00453ac0,136,0,"FUN_0045bb10"
00453b50,FUN_00453b50,140,0,"FUN_0045bb10"
00453be0,FUN_00453be0,145,0,"FUN_0045bb10"
00453c80,FUN_00453c80,57,0,"FUN_005f7aa0"
00453cc0,FUN_00453cc0,57,0,"FUN_005f7aa0"
00453d00,FUN_00453d00,61,0,"FUN_005f7aa0"
00453d40,FUN_00453d40,32,0,"FUN_004079c0"
00453d60,FUN_00453d60,29,0,"FUN_004079c0"
00453d80,FUN_00453d80,149,0,"FUN_00442060 FUN_004420b0 FUN_00442120"
00453e20,ClearCancel,51,1,""
00453e60,FUN_00453e60,25,0,"FUN_00412cb0"
00453e80,FUN_00453e80,37,0,""
00453eb0,FUN_00453eb0,181,0,""
00453f70,FUN_00453f70,2246,0,"FUN_0040c7f0 FUN_0040c880 FUN_0040c9a0 FUN_0040ca20 FUN_0040d870 FUN_0040d990 FUN_00411000 FUN_004110c0 FUN_00411400 FUN_00411500 FUN_004115c0 FUN_004116f0 FUN_00454f90"
00454840,FUN_00454840,378,0,"FUN_0040ca80"
004549c0,FUN_004549c0,165,0,"FUN_0040ca80"
00454a70,FUN_00454a70,35,0,""
00454aa0,FUN_00454aa0,280,0,"FUN_0040ca80 FUN_00641daa"
00454bc0,FUN_00454bc0,61,0,"FUN_00410fa0 FUN_00410fe0"
00454c00,FUN_00454c00,24,0,""
00454c20,FUN_00454c20,193,0,""
00454d00,FUN_00454d00,79,0,""
00454d50,FUN_00454d50,32,0,"FUN_004143d0 FUN_00414950"
00454d70,FUN_00454d70,157,0,"Empty destroy"
00454e10,FUN_00454e10,32,0,"FUN_004145c0 FUN_00414a00"
00454e30,FUN_00454e30,164,0,"Empty destroy"
00454ee0,FUN_00454ee0,133,0,""
00454f70,FUN_00454f70,31,0,""
00454f90,FUN_00454f90,58,0,""
00454fd0,FUN_00454fd0,61,0,""
00455010,FUN_00455010,96,0,"FUN_00454f90"
00455070,FUN_00455070,56,0,""
004550b0,FUN_004550b0,130,0,""
00455140,FUN_00455140,944,0,"FUN_00414450 FUN_00454d50 FUN_00454d70 FUN_00454fd0 _rand"
00455500,FUN_00455500,118,0,""
00455580,FUN_00455580,139,0,"FUN_00414620 FUN_00414640 FUN_00454e10 FUN_00454e30 _rand"
00455610,FUN_00455610,44,0,"_rand"
00455640,FUN_00455640,294,0,"FUN_006406ac"
00455770,FUN_00455770,111,0,""
004557e0,FUN_004557e0,21,0,""
00455800,FUN_00455800,695,0,"FUN_00414400 FUN_00414950 FUN_00414970 FUN_004149b0 FUN_00455c60 __security_check_cookie"
00455b30,FUN_00455b30,260,0,"FUN_00455c40 _memset"
00455c40,FUN_00455c40,29,0,"FUN_00455ca0"
00455c60,FUN_00455c60,57,0,"FUN_00455d10"
00455ca0,FUN_00455ca0,108,0,"FUN_004143d0 FUN_00414400 FUN_00455d30 FUN_00455e40"
00455d10,FUN_00455d10,27,0,"FUN_0042e2d0"
00455d30,FUN_00455d30,262,0,"FUN_004143d0 FUN_00414400 FUN_004158d0 FUN_0042e040 FUN_00454d70 FUN_00456530 FUN_004565e0 FUN_00456630"
00455e40,FUN_00455e40,1411,0,"FUN_004143d0 FUN_00414450 FUN_00414930 FUN_0042e040 FUN_00455c60 FUN_00456440 FUN_00456530 FUN_00456560 FUN_004565e0 FUN_00456630 FUN_00456680"
00456137,Catch@00456137,48,0,"FUN_00454d70 __CxxThrowException@8"
004563f3,Catch@004563f3,62,0,"FUN_004158d0 __CxxThrowException@8"
00456440,FUN_00456440,226,0,"FUN_00414b40 FUN_00414e80 allocate"
00456530,FUN_00456530,41,0,"FUN_00456590"
00456560,FUN_00456560,38,0,"FUN_00414950 FUN_0042e040"
00456590,FUN_00456590,66,0,""
004565e0,FUN_004565e0,70,0,"FUN_004566c0 FUN_004566d0"
00456630,FUN_00456630,70,0,"FUN_004566c0 FUN_00456730"
00456680,FUN_00456680,51,0,"FUN_00414950 FUN_004149b0 iterator::operator++"
004566c0,FUN_004566c0,11,0,""
004566d0,FUN_004566d0,81,0,"FUN_00414950 FUN_004149b0 FUN_00456790"
00456730,FUN_00456730,85,0,"FUN_00414950 FUN_004149b0 iterator::operator++"
00456790,FUN_00456790,29,0,""
004567b0,FUN_004567b0,345,0,"FUN_00406db0 FUN_004071c0 FUN_004073a0 FUN_00412620 FUN_00414360 FUN_00420440 FUN_00458650 FUN_00458b70 FUN_0045a620 FUN_0045b920 FUN_0045ba10 _memset operator_new"
00456910,FUN_00456910,588,0,"FUN_00406df0 FUN_00407270 FUN_004143b0 FUN_00414530 FUN_004204d0 FUN_00425460 FUN_004421e0 FUN_00458690 FUN_00458710 FUN_00458740 FUN_00458b50 FUN_00458ba0 FUN_00458bc0 FUN_00458c20"
00456b60,FUN_00456b60,1186,0,"FUN_004076a0 FUN_0040ad80 FUN_0040b1d0 FUN_0040bb80 FUN_0040bba0 FUN_00410f30 FUN_0041cc50 FUN_004205f0 FUN_004206d0 FUN_00457660 FUN_0045cd50 __security_check_cookie _sprintf _strcmp operator_new"
00457010,FUN_00457010,1151,0,"FUN_004071a0 FUN_00453a10 FUN_0045ba30"
00457490,FUN_00457490,31,0,"FUN_00406e10"
004574b0,FUN_004574b0,25,0,""
004574d0,FUN_004574d0,389,0,""
00457660,FUN_00457660,3696,0,"FUN_0041cf00 FUN_0041d750 FUN_004421e0 FUN_00458690 FUN_00458790 FUN_004587e0 FUN_004588e0 FUN_00458960 FUN_00458a10 FUN_00458af0 FUN_00458b30 FUN_00458b50 FUN_00458bc0 FUN_00458c00 FUN_00458c20 ReadFile __security_check_cookie _sprintf operator_new"
004584d0,FUN_004584d0,374,0,"FUN_0040ad80 FUN_0040b1d0 FUN_0040bb80 FUN_00425460 __security_check_cookie _sprintf operator_new"
00458650,FUN_00458650,31,0,"FUN_00458670"
00458670,FUN_00458670,23,0,""
00458690,FUN_00458690,44,0,"_free ~CAtlWinModule"
004586c0,~CAtlWinModule,72,1,"FUN_00458ad0 FUN_00458b50"
00458710,FUN_00458710,44,0,"_free ~CDHtmlElementEventSink"
00458740,FUN_00458740,44,0,"FUN_0045b9b0 _free"
00458770,~CDHtmlElementEventSink,22,1,"FUN_00411c70"
00458790,FUN_00458790,70,0,"_memset operator_new"
004587e0,FUN_004587e0,145,0,"FUN_00458880 FUN_004589c0 FUN_00458a80 _memset"
00458880,FUN_00458880,47,0,"_memset"
004588b0,~TaskStack,43,1,"_free"
004588e0,FUN_004588e0,116,0,"FUN_004589f0 FUN_00458a80 ~TaskStack"
00458960,FUN_00458960,93,0,"FUN_00458aa0 FUN_00458b50"
004589c0,FUN_004589c0,42,0,"FUN_00458d20 FUN_00458e60 _String_val<>"
004589f0,FUN_004589f0,19,0,"FUN_00458da0"
00458a10,FUN_00458a10,99,0,"FUN_004452d0 FUN_00458c40 FUN_00458c80 FUN_00458ca0 FUN_00458e10"
00458a80,FUN_00458a80,19,0,"FUN_00458da0"
00458aa0,FUN_00458aa0,42,0,"FUN_00458f40 FUN_00459050 _String_val<>"
00458ad0,FUN_00458ad0,19,0,"FUN_00458fc0"
00458af0,FUN_00458af0,49,0,"FUN_00442100 FUN_00442280 FUN_004422a0"
00458b30,FUN_00458b30,29,0,"FUN_00458e70"
00458b50,FUN_00458b50,19,0,"FUN_00458fc0"
00458b70,FUN_00458b70,42,0,"FUN_004590c0 FUN_004591d0 _String_val<>"
00458ba0,FUN_00458ba0,19,0,"FUN_00459140"
00458bc0,FUN_00458bc0,49,0,"FUN_004421c0 FUN_004422d0 iterator::operator+"
00458c00,FUN_00458c00,29,0,"FUN_00459060"
00458c20,FUN_00458c20,19,0,"FUN_00459140"
00458c40,FUN_00458c40,52,0,""
00458c80,FUN_00458c80,31,0,"FUN_00445680"
00458ca0,FUN_00458ca0,114,0,"FUN_004452d0 FUN_00445470 FUN_00445620 FUN_004594b0 FUN_00459c10"
00458d20,FUN_00458d20,126,0,"FID_conflict:_Xran FUN_00459460 FUN_00459870"
00458da0,FUN_00458da0,103,0,"FUN_00459480 FUN_00459850"
00458e10,FUN_00458e10,46,0,"FUN_0045a660"
00458e40,_String_val<>,28,0,"allocator<>"
00458e60,FUN_00458e60,14,0,""
00458e70,FUN_00458e70,195,0,"FUN_00442100 FUN_004588e0 FUN_004591e0 FUN_00459890 FUN_004598d0 FUN_00459900"
00458f40,FUN_00458f40,126,0,"FID_conflict:_Xran FUN_004598b0 FUN_00459a30"
00458fc0,FUN_00458fc0,110,0,"FUN_00459970 FUN_00459a10"
00459030,_String_val<>,28,0,"allocator<>"
00459050,FUN_00459050,14,0,""
00459060,FUN_00459060,96,0,"FUN_004421c0 FUN_00459a50 FUN_00459a90 FUN_00459ac0"
004590c0,FUN_004590c0,126,0,"FID_conflict:_Xran FUN_00459a70 FUN_00459bf0"
00459140,FUN_00459140,103,0,"FUN_00459b30 FUN_00459bd0"
004591b0,_String_val<>,28,0,"allocator<>"
004591d0,FUN_004591d0,14,0,""
004591e0,FUN_004591e0,417,0,"FUN_00459390"
00459390,FUN_00459390,162,0,"DoMessageBox FUN_004452d0 FUN_00458d20 FUN_00459c40 FUN_00459c60 _String_val<> allocator<>"
00459432,Catch@00459432,46,0,"FUN_00458da0 __CxxThrowException@8"
00459460,FUN_00459460,19,0,"max_size"
00459480,FUN_00459480,33,0,"FUN_0045a6d0"
004594b0,FUN_004594b0,529,0,"DoMessageBox FID_conflict:_Xran FUN_004452d0 FUN_00458c40 FUN_00458e10 FUN_00459460 FUN_004597cb FUN_00459870 FUN_0045a740 FUN_0045a780"
004595fd,Catch@004595fd,168,0,"FUN_004452d0 FUN_00459480 FUN_004597cb FUN_00459850 __CxxThrowException@8"
00459705,Catch@00459705,98,0,"FUN_00459480 FUN_004597cb FUN_0045a740 __CxxThrowException@8"
004597cb,FUN_004597cb,19,0,""
004597e0,FID_conflict:_Xran,90,0,"FID_conflict:length_error __CxxThrowException@8 basic_string<>"
00459840,allocator<>,16,0,""
00459850,FUN_00459850,25,0,"_free"
00459870,FUN_00459870,27,0,"FUN_0045a7c0"
00459890,FUN_00459890,31,0,"FUN_00442320"
004598b0,FUN_004598b0,19,0,"max_size"
004598d0,FUN_004598d0,33,0,"FUN_00459cb0"
00459900,FUN_00459900,99,0,"FUN_00459970 FUN_0045a7e0 const_iterator::operator!="
00459970,FUN_00459970,33,0,"FUN_0045a820"
004599a0,FID_conflict:_Xran,90,0,"FID_conflict:length_error __CxxThrowException@8 basic_string<>"
00459a00,allocator<>,16,0,""
00459a10,FUN_00459a10,25,0,"_free"
00459a30,FUN_00459a30,27,0,"FUN_0045a860"
00459a50,FUN_00459a50,31,0,"FUN_00442370"
00459a70,FUN_00459a70,19,0,"max_size"
00459a90,FUN_00459a90,33,0,"FUN_0045a130"
00459ac0,FUN_00459ac0,99,0,"FUN_00459b30 FUN_0045a880 const_iterator::operator!="
00459b30,FUN_00459b30,33,0,"FUN_0045a8c0"
00459b60,FID_conflict:_Xran,90,0,"FID_conflict:length_error __CxxThrowException@8 basic_string<>"
00459bc0,allocator<>,16,0,""
00459bd0,FUN_00459bd0,25,0,"_free"
00459bf0,FUN_00459bf0,27,0,"FUN_0045a900"
00459c10,FUN_00459c10,35,0,"FUN_0045a480"
00459c40,FUN_00459c40,31,0,"FUN_004456d0"
00459c60,FUN_00459c60,31,0,"FUN_004456d0"
00459c80,max_size,44,0,""
00459cb0,FUN_00459cb0,706,0,"DoMessageBox FID_conflict:_Xran FUN_00442120 FUN_004591e0 FUN_004598b0 FUN_00459a30 FUN_0045a0d8 FUN_0045a500 FUN_0045a540 FUN_0045a980 _Destroy_range<>"
00459e74,Catch@00459e74,239,0,"FUN_00442120 FUN_00459970 FUN_00459a10 FUN_0045a0d8 __CxxThrowException@8"
00459fdf,Catch@00459fdf,119,0,"FUN_00459970 FUN_0045a0d8 _Destroy_range<> __CxxThrowException@8"
0045a0d8,FUN_0045a0d8,37,0,"FUN_004588e0"
0045a100,max_size,44,0,""
0045a130,FUN_0045a130,511,0,"DoMessageBox FID_conflict:_Xran FUN_004421e0 FUN_00459a70 FUN_00459bf0 FUN_0045a439 FUN_0045a570 FUN_0045a5b0 FUN_0045a9f0 FUN_0045aa20"
0045a26b,Catch@0045a26b,168,0,"FUN_004421e0 FUN_00459b30 FUN_00459bd0 FUN_0045a439 __CxxThrowException@8"
0045a373,Catch@0045a373,98,0,"FUN_00459b30 FUN_0045a439 FUN_0045a9f0 __CxxThrowException@8"
0045a439,FUN_0045a439,19,0,""
0045a450,max_size,44,0,""
0045a480,FUN_0045a480,26,0,""
0045a4a0,const_iterator::operator!=,33,0,"const_iterator::operator=="
0045a4d0,const_iterator::operator!=,33,0,"const_iterator::operator=="
0045a500,FUN_0045a500,57,0,""
0045a540,FUN_0045a540,46,0,"FUN_0045aa60"
0045a570,FUN_0045a570,52,0,""
0045a5b0,FUN_0045a5b0,46,0,"FUN_0045aaa0"
0045a5e0,const_iterator::operator==,28,0,""
0045a600,const_iterator::operator==,28,0,""
0045a620,FUN_0045a620,50,0,"FUN_0040aa20 FUN_0045add0"
0045a660,FUN_0045a660,55,0,"FUN_0045ae00 FUN_0045ae10"
0045a6a0,DoMessageBox,37,0,"FUN_0045aeb0"
0045a6d0,FUN_0045a6d0,51,0,"FUN_0045ae00 _Destroy_range<>"
0045a710,DoMessageBox,37,0,"FUN_0045af20"
0045a740,FUN_0045a740,54,0,""
0045a780,FUN_0045a780,51,0,"FUN_0045ae00 FUN_0045af60"
0045a7c0,FUN_0045a7c0,20,0,"operator_new"
0045a7e0,FUN_0045a7e0,51,0,"FUN_0045afa0 FUN_0045afb0"
0045a820,FUN_0045a820,51,0,"FUN_0045afa0 _Destroy_range<>"
0045a860,FUN_0045a860,20,0,"operator_new"
0045a880,FUN_0045a880,51,0,"FUN_0045b020 FUN_0045b030"
0045a8c0,FUN_0045a8c0,51,0,"FUN_0045b020 FUN_0045b070"
0045a900,FUN_0045a900,20,0,"operator_new"
0045a920,DoMessageBox,37,0,"FUN_0045b080"
0045a950,_Destroy_range<>,38,0,"FUN_0045aae0"
0045a980,FUN_0045a980,51,0,"FUN_0045afa0 FUN_0045b0c0"
0045a9c0,DoMessageBox,37,0,"FUN_0045b0f0"
0045a9f0,FUN_0045a9f0,36,0,""
0045aa20,FUN_0045aa20,51,0,"FUN_0045b020 FUN_0045b130"
0045aa60,FUN_0045aa60,55,0,"FUN_0045afa0 FUN_0045b170"
0045aaa0,FUN_0045aaa0,55,0,"FUN_0045b020 FUN_0045b210"
0045aae0,FUN_0045aae0,368,0,"FUN_0045ac50"
0045ac50,FUN_0045ac50,381,0,"DoMessageBox FUN_004452d0 FUN_00458a80 FUN_00458c40 FUN_00458d20 FUN_00459480 FUN_00459850 FUN_0045b230"
0045add0,FUN_0045add0,37,0,"FUN_00455ca0"
0045ae00,FUN_0045ae00,11,0,""
0045ae10,FUN_0045ae10,91,0,"FUN_0045b270"
0045ae6b,Catch@0045ae6b,2,0,""
0045ae6d,FUN_0045ae6d,9,0,""
0045ae76,FUN_0045ae76,55,0,"FUN_0045ae6d __CxxThrowException@8 destroy"
0045aeb0,FUN_0045aeb0,55,0,"FUN_0045b2f0 FUN_0045b300"
0045aef0,_Destroy_range<>,38,0,"destroy"
0045af20,FUN_0045af20,55,0,"FUN_0045ae00 FUN_0045b3c0"
0045af60,FUN_0045af60,64,0,""
0045afa0,FUN_0045afa0,11,0,""
0045afb0,FUN_0045afb0,50,0,"FUN_0045aae0"
0045aff0,_Destroy_range<>,38,0,"FUN_0045b2d0"
0045b020,FUN_0045b020,11,0,""
0045b030,FUN_0045b030,49,0,"_memmove"
0045b070,FUN_0045b070,5,0,""
0045b080,FUN_0045b080,55,0,"FUN_0045afa0 FUN_0045b470"
0045b0c0,FUN_0045b0c0,48,0,"FUN_0045aae0"
0045b0f0,FUN_0045b0f0,55,0,"FUN_0045b020 FUN_0045b520"
0045b130,FUN_0045b130,51,0,"_memmove"
0045b170,FUN_0045b170,91,0,"FUN_0045b2b0"
0045b1cb,Catch@0045b1cb,2,0,""
0045b1cd,FUN_0045b1cd,9,0,""
0045b1d6,FUN_0045b1d6,55,0,"FUN_0045b1cd FUN_0045b2d0 __CxxThrowException@8"
0045b210,FUN_0045b210,25,0,"FUN_0045b560"
0045b230,FUN_0045b230,51,0,"FUN_0045ae00 FUN_0045b590"
0045b270,FUN_0045b270,29,0,"FUN_0045b5e0"
0045b290,destroy,25,2,"FUN_0045b630"
0045b2b0,FUN_0045b2b0,29,0,"FUN_0045b640"
0045b2d0,FUN_0045b2d0,25,0,"FUN_0045b6b0"
0045b2f0,FUN_0045b2f0,11,0,""
0045b300,FUN_0045b300,120,0,"FUN_004456c0 FUN_0045b270 FUN_0045b6f0 const_iterator::operator!="
0045b378,Catch@0045b378,2,0,""
0045b37a,FUN_0045b37a,9,0,""
0045b383,FUN_0045b383,58,0,"FUN_0045b37a __CxxThrowException@8 destroy"
0045b3c0,FUN_0045b3c0,93,0,"FUN_0045b270"
0045b41d,Catch@0045b41d,2,0,""
0045b41f,FUN_0045b41f,9,0,""
0045b428,FUN_0045b428,58,0,"FUN_0045b41f __CxxThrowException@8 destroy"
0045b470,FUN_0045b470,93,0,"FUN_0045b2b0"
0045b4cd,Catch@0045b4cd,2,0,""
0045b4cf,FUN_0045b4cf,9,0,""
0045b4d8,FUN_0045b4d8,58,0,"FUN_0045b2d0 FUN_0045b4cf __CxxThrowException@8"
0045b520,FUN_0045b520,49,0,"_memmove"
0045b560,FUN_0045b560,43,0,""
0045b590,FUN_0045b590,66,0,""
0045b5e0,FUN_0045b5e0,76,0,"FUN_004063d0"
0045b630,FUN_0045b630,5,0,""
0045b640,FUN_0045b640,108,0,"FUN_004063d0 FUN_004591e0"
0045b6b0,FUN_0045b6b0,15,0,"FUN_0045b6c0"
0045b6c0,FUN_0045b6c0,44,0,"FUN_004588e0 _free"
0045b6f0,FUN_0045b6f0,27,0,""
0045b710,const_iterator::operator!=,33,0,"const_iterator::operator=="
0045b740,const_iterator::operator==,28,0,""
0045b760,FUN_0045b760,203,0,"FUN_00458650"
0045b830,FUN_0045b830,21,0,""
0045b850,FUN_0045b850,13,0,""
0045b860,FUN_0045b860,29,0,"FUN_004079c0"
0045b880,FUN_0045b880,149,0,"FUN_00442060 FUN_004420b0 FUN_00442120"
0045b920,FUN_0045b920,131,0,"FUN_0045c0e0 `eh_vector_constructor_iterator'"
0045b9b0,FUN_0045b9b0,85,0,"FUN_0045ba30 `eh_vector_destructor_iterator'"
0045ba10,FUN_0045ba10,21,0,""
0045ba30,FUN_0045ba30,221,0,"FUN_00445360 FUN_00445390 FUN_004453c0 FUN_004453e0 FUN_00445400 FUN_00445440 FUN_0045c0e0 _free"
0045bb10,FUN_0045bb10,282,0,"FUN_0040fac0 FUN_0040fbb0 FUN_0045bfc0"
0045bc30,FUN_0045bc30,166,0,"FUN_00445360 FUN_00445390 FUN_004453e0 FUN_00445400 FUN_00445440"
0045bce0,FUN_0045bce0,207,0,"FUN_00445360 FUN_00445390 FUN_004453c0 FUN_004453e0 FUN_00445400 FUN_00445440"
0045bdb0,FUN_0045bdb0,296,0,"FUN_00445360 FUN_00445390 FUN_004453e0 FUN_00445400 FUN_00445440 FUN_0045bf50 FUN_0045bf70 FUN_0045c0a0 _free"
0045bee0,FUN_0045bee0,72,0,"FUN_0045c540 FUN_0045c580"
0045bf30,FUN_0045bf30,19,0,"FUN_0045c480"
0045bf50,FUN_0045bf50,17,0,""
0045bf70,FUN_0045bf70,68,0,"FID_conflict:_Xran FUN_00445360 FUN_004453e0 FUN_0045c5d0"
0045bfc0,FUN_0045bfc0,217,0,"FUN_0045c270 FUN_0045c590 FUN_0045c5b0"
0045c0a0,FUN_0045c0a0,59,0,"FUN_0045c100 FUN_0045c5d0"
0045c0e0,FUN_0045c0e0,19,0,"FUN_0045c480"
0045c100,FUN_0045c100,262,0,"FUN_00445360 FUN_00445390 FUN_0045c5d0 FUN_0045c650 FUN_0045c700 FUN_0045c8d0 FUN_0045c9a0 FUN_0045c9f0"
0045c210,FID_conflict:_Xran,90,0,"FID_conflict:length_error __CxxThrowException@8 basic_string<>"
0045c270,FUN_0045c270,520,0,"FID_conflict:_Xran FUN_0045c610 FUN_0045c850 FUN_0045c870 FUN_0045ca40 FUN_0045ca80 FUN_0045cac0"
0045c480,FUN_0045c480,177,0,"Empty FUN_0045c700 FUN_0045c830 FUN_0045c850 destroy"
0045c540,FUN_0045c540,53,0,"FUN_0045c820 _String_val<>"
0045c580,FUN_0045c580,14,0,""
0045c590,FUN_0045c590,27,0,"FUN_0045cb00"
0045c5b0,FUN_0045c5b0,29,0,"FUN_0045cb20"
0045c5d0,FUN_0045c5d0,57,0,"FUN_0045c8b0"
0045c610,FUN_0045c610,22,0,"max_size"
0045c630,Empty,25,0,""
0045c650,FUN_0045c650,164,0,"Empty destroy"
0045c700,FUN_0045c700,154,0,"Empty destroy"
0045c7a0,FID_conflict:_Xran,90,0,"FID_conflict:length_error __CxxThrowException@8 basic_string<>"
0045c800,_String_val<>,28,0,"allocator<>"
0045c820,FUN_0045c820,16,0,""
0045c830,FUN_0045c830,25,0,"_free"
0045c850,FUN_0045c850,25,0,"_free"
0045c870,FUN_0045c870,27,0,"FUN_0045cb70"
0045c890,destroy,25,2,"FUN_0045cb90"
0045c8b0,FUN_0045c8b0,31,0,""
0045c8d0,FUN_0045c8d0,41,0,"FUN_0045c950"
0045c900,destroy,25,2,"FUN_0045cba0"
0045c920,max_size,44,0,""
0045c950,FUN_0045c950,66,0,""
0045c9a0,FUN_0045c9a0,70,0,"FUN_0045cbb0 FUN_0045cbc0"
0045c9f0,FUN_0045c9f0,70,0,"FUN_0045cbb0 FUN_0045cc20"
0045ca40,FUN_0045ca40,55,0,"FUN_0045cc80 FUN_0045cc90"
0045ca80,FUN_0045ca80,55,0,"FUN_0045cc80 FUN_0045ccd0"
0045cac0,FUN_0045cac0,51,0,"FUN_0045cc80 FUN_0045ccf0"
0045cb00,FUN_0045cb00,20,0,"operator_new"
0045cb20,FUN_0045cb20,58,0,"FUN_004063d0"
0045cb60,allocator<>,16,0,""
0045cb70,FUN_0045cb70,20,0,"operator_new"
0045cb90,FUN_0045cb90,5,0,""
0045cba0,FUN_0045cba0,5,0,""
0045cbb0,FUN_0045cbb0,11,0,""
0045cbc0,FUN_0045cbc0,81,0,"FUN_004453e0 FUN_00445440 FUN_0045cd00"
0045cc20,FUN_0045cc20,85,0,"FUN_004453e0 FUN_00445440 iterator::operator++"
0045cc80,FUN_0045cc80,11,0,""
0045cc90,FUN_0045cc90,49,0,"_memmove"
0045ccd0,FUN_0045ccd0,25,0,"FUN_0045cd20"
0045ccf0,FUN_0045ccf0,5,0,""
0045cd00,FUN_0045cd00,29,0,""
0045cd20,FUN_0045cd20,43,0,""
0045cd50,FUN_0045cd50,25,0,""
0045cd70,FUN_0045cd70,75,0,""
0045cdc0,FUN_0045cdc0,73,0,"FUN_0045d650"
0045ce10,FUN_0045ce10,1926,0,"FUN_00419cb0 FUN_00419df0 FUN_00420530 FUN_00420570 FUN_004205b0 FUN_0045cd70 FUN_0045d5d0 FUN_0045d6f0 FUN_0045dd00"
0045d5d0,FUN_0045d5d0,113,0,"FUN_00413460"
0045d650,FUN_0045d650,78,0,"FUN_00413420"
0045d6a0,FUN_0045d6a0,72,0,"FUN_0045cd70"
0045d6f0,FUN_0045d6f0,21,0,""
0045d710,FUN_0045d710,247,0,""
0045d810,FUN_0045d810,1264,0,"FUN_00420530 FUN_00420570 FUN_004205b0 FUN_0045dd00 FUN_00641b80 _rand"
0045dd00,FUN_0045dd00,66,0,"FUN_00421570 FUN_0045dd50"
0045dd50,FUN_0045dd50,17,0,""
0045dd70,FUN_0045dd70,60999,0,"ClearCancel FUN_0040fa30 FUN_0040fac0 FUN_0040fb40 FUN_0040fbb0 FUN_0040fc50 FUN_00452b30 FUN_00453a70 FUN_00453b50 FUN_00453c80 FUN_00453d40 FUN_00453d60 FUN_00453e60 FUN_00453e80 FUN_00454a70 FUN_00454bc0 FUN_00454ee0 FUN_00455580 FUN_0046d000 FUN_006406ac"
0046d000,FUN_0046d000,126,0,"FUN_00453d60"
0046d080,FUN_0046d080,218,0,"FUN_004567b0 FUN_00641b80"
0046d160,FUN_0046d160,120,0,"FUN_004769b0 operator_new"
0046d1e0,FUN_0046d1e0,235,0,"FUN_00457010"
0046d2d0,FUN_0046d2d0,19,0,"FUN_00451eb0"
0046d2f0,FUN_0046d2f0,11,0,""
0046d300,FUN_0046d300,14141,0,"FUN_0040fac0 FUN_004420b0 FUN_00453a10 FUN_00455b30"
00470a40,FUN_00470a40,1027,0,"FUN_00453ac0"
00470e50,FUN_00470e50,130,0,""
00470f00,FUN_00470f00,3797,0,"FUN_0040fac0 FUN_00412cc0 FUN_00412cf0 FUN_004574d0"
00471e00,FUN_00471e00,1584,0,"FUN_0040c860 FUN_0040c9a0 FUN_0040d990 FUN_00411400 FUN_00427500 SetRect"
00472450,FUN_00472450,11,0,""
00472460,FUN_00472460,44,0,"FUN_00472490 _free"
00472490,FUN_00472490,19,0,"FUN_00456910"
004724b0,FUN_004724b0,982,0,"FUN_00455800"
00472890,FUN_00472890,8871,0,"FUN_00412d90 FUN_00454f90 FUN_00455610 _rand"
00474b40,FUN_00474b40,7780,0,"FUN_00412d90 FUN_00454f90 FUN_00455610 _rand"
004769b0,FUN_004769b0,134,0,"FUN_0045b760"
00476a40,FUN_00476a40,50915,0,"FUN_0040fa30 FUN_0040fb40 FUN_0040fb70 FUN_0040fbb0 FUN_00453a70 FUN_00453d40 FUN_00453e60 FUN_00455580 FUN_0045b830 FUN_0045b860 FUN_0046d000 FUN_00483300 FUN_006406ac"
00483300,FUN_00483300,21,0,"FUN_00483320"
00483320,FUN_00483320,37,0,"FUN_00642240"
00483350,FUN_00483350,12400,0,"FUN_00407d70 FUN_0040fac0 FUN_00412cc0 FUN_00413460 FUN_004183d0 FUN_00419cb0 FUN_00419df0 FUN_0045cd50 FUN_0045cdc0 FUN_0045ce10 FUN_0045d650 FUN_0045d6a0 FUN_0045d6f0 FUN_0045d710"
00486550,FUN_00486550,50735,0,"ClearCancel FUN_0040fa30 FUN_0040fac0 FUN_0040fb40 FUN_0040fbb0 FUN_0040fc50 FUN_00452b30 FUN_00453a70 FUN_00453b50 FUN_00453c80 FUN_00453d40 FUN_00453d60 FUN_00453e60 FUN_00453e80 FUN_00454a70 FUN_00454bc0 FUN_00454ee0 FUN_00455580 FUN_0046d000 FUN_006406ac"
00492fb0,FUN_00492fb0,243,0,"FUN_004567b0 FUN_00641b80"
004930b0,FUN_004930b0,120,0,"FUN_0049c850 operator_new"
00493130,FUN_00493130,780,0,"FUN_00457010"
00493440,FUN_00493440,19,0,"FUN_00451eb0"
00493460,FUN_00493460,11,0,""
00493470,FUN_00493470,14312,0,"FUN_0040fac0 FUN_004420b0 FUN_00453a10 FUN_00455b30"
00496c60,FUN_00496c60,1027,0,"FUN_00453ac0"
00497070,FUN_00497070,1291,0,"FUN_0040c7f0 FUN_0040c970 FUN_0040d900 FUN_0040d940 FUN_0040d990 FUN_00411500 FUN_004116f0 FUN_006406ac"
00497580,FUN_00497580,130,0,""
00497630,FUN_00497630,3814,0,"FUN_0040fac0 FUN_00412cc0 FUN_00412cf0 FUN_004574d0"
00498540,FUN_00498540,1584,0,"FUN_0040c860 FUN_0040c9a0 FUN_0040d990 FUN_00411400 FUN_00427500 SetRect"
00498b90,FUN_00498b90,44,0,"FUN_00498bc0 _free"
00498bc0,FUN_00498bc0,19,0,"FUN_00456910"
00498be0,FUN_00498be0,1099,0,"FUN_00455800"
00499030,FUN_00499030,8256,0,"FUN_00412d90 FUN_00454f90 FUN_00455610 _rand"
0049b070,FUN_0049b070,6097,0,"FUN_00412d90 FUN_00454f90 FUN_00455610 _rand"
0049c850,FUN_0049c850,146,0,"FUN_0045b760"
0049c8f0,FUN_0049c8f0,46596,0,"FUN_0040fa30 FUN_0040fac0 FUN_0040fb40 FUN_0040fb70 FUN_0040fbb0 FUN_00453a70 FUN_00453c80 FUN_00453d40 FUN_00453e60 FUN_00455580 FUN_0045b830 FUN_0045b850 FUN_0045b860 FUN_00483300 FUN_004a80f0 FUN_006406ac"
004a80f0,FUN_004a80f0,3935,0,"FUN_0040fa30 FUN_0040fb40 FUN_0040fb70 FUN_0040fbb0 FUN_00453a70 FUN_0045b830 FUN_00483300 FUN_006406ac"
004a9050,FUN_004a9050,11894,0,"FUN_00407d70 FUN_0040fac0 FUN_00412cc0 FUN_00413460 FUN_004183d0 FUN_00419cb0 FUN_00419df0 FUN_00453d60 FUN_0045cd50 FUN_0045cdc0 FUN_0045ce10 FUN_0045d650 FUN_0045d6a0 FUN_0045d6f0 FUN_0045d710"
004ac040,FUN_004ac040,82796,0,"ClearCancel FUN_0040fa30 FUN_0040fac0 FUN_0040fb40 FUN_0040fb70 FUN_0040fbb0 FUN_0040fc50 FUN_00452b30 FUN_00453a70 FUN_00453b50 FUN_00453c80 FUN_00453d40 FUN_00453d60 FUN_00453e60 FUN_00453e80 FUN_00454a70 FUN_00454bc0 FUN_00454ee0 FUN_00455580 FUN_0046d000 FUN_00483300 FUN_006406ac"
004c0820,FUN_004c0820,243,0,"FUN_004567b0 FUN_00641b80"
004c0920,FUN_004c0920,120,0,"FUN_004ca640 operator_new"
004c09a0,FUN_004c09a0,247,0,"FUN_00457010"
004c0aa0,FUN_004c0aa0,19,0,"FUN_00451eb0"
004c0ac0,FUN_004c0ac0,11,0,""
004c0ad0,FUN_004c0ad0,16098,0,"FUN_0040fac0 FUN_004420b0 FUN_00453a10 FUN_00455b30"
004c49c0,FUN_004c49c0,1757,0,"FUN_0040fbb0 FUN_00453ac0 FUN_00453e80 FUN_0046d000"
004c50a0,FUN_004c50a0,130,0,""
004c5150,FUN_004c5150,3800,0,"FUN_0040fac0 FUN_00412cc0 FUN_00412cf0 FUN_004574d0"
004c6050,FUN_004c6050,1584,0,"FUN_0040c860 FUN_0040c9a0 FUN_0040d990 FUN_00411400 FUN_00427500 SetRect"
004c66a0,FUN_004c66a0,11,0,""
004c66b0,FUN_004c66b0,44,0,"FUN_004c66e0 _free"
004c66e0,FUN_004c66e0,19,0,"FUN_00456910"
004c6700,FUN_004c6700,1099,0,"FUN_00455800"
004c6b50,FUN_004c6b50,8572,0,"FUN_00412d90 FUN_00454f90 FUN_00455610 _rand"
004c8cd0,FUN_004c8cd0,6504,0,"FUN_00412d90 FUN_00454f90 FUN_00455610 _rand"
004ca640,FUN_004ca640,146,0,"FUN_0045b760"
004ca6e0,FUN_004ca6e0,42511,0,"FUN_0040fa30 FUN_0040fb40 FUN_0040fb70 FUN_0040fbb0 FUN_00453a70 FUN_00453ac0 FUN_00453d40 FUN_00455580 FUN_0045b830 FUN_0045b860 FUN_00483300 FUN_006406ac"
004d4ea0,FUN_004d4ea0,11859,0,"FUN_00407d70 FUN_0040fac0 FUN_00412cc0 FUN_00413460 FUN_004183d0 FUN_00419cb0 FUN_00419df0 FUN_0045cd50 FUN_0045cdc0 FUN_0045ce10 FUN_0045d650 FUN_0045d6a0 FUN_0045d6f0 FUN_0045d710"
004d7e70,FUN_004d7e70,43601,0,"ClearCancel FUN_0040fa30 FUN_0040fac0 FUN_0040fb40 FUN_0040fbb0 FUN_0040fc50 FUN_00452b30 FUN_00453a70 FUN_00453c80 FUN_00453d40 FUN_00453d60 FUN_00453e60 FUN_00453e80 FUN_00454a70 FUN_00454bc0 FUN_00454ee0 FUN_00455580 FUN_0046d000 FUN_006406ac"
004e2c90,FUN_004e2c90,243,0,"FUN_004567b0 FUN_00641b80"
004e2d90,FUN_004e2d90,120,0,"FUN_004ebd00 operator_new"
004e2e10,FUN_004e2e10,223,0,"FUN_00457010"
004e2ef0,FUN_004e2ef0,19,0,"FUN_00451eb0"
004e2f10,FUN_004e2f10,11,0,""
004e2f20,FUN_004e2f20,13170,0,"FUN_0040fac0 FUN_004420b0 FUN_00453a10 FUN_00455b30"
004e62a0,FUN_004e62a0,256,0,""
004e63a0,FUN_004e63a0,130,0,""
004e6450,FUN_004e6450,3800,0,"FUN_0040fac0 FUN_00412cc0 FUN_00412cf0 FUN_004574d0"
004e7350,FUN_004e7350,1584,0,"FUN_0040c860 FUN_0040c9a0 FUN_0040d990 FUN_00411400 FUN_00427500 SetRect"
004e79a0,FUN_004e79a0,11,0,""
004e79b0,FUN_004e79b0,44,0,"FUN_004e79e0 _free"
004e79e0,FUN_004e79e0,19,0,"FUN_00456910"
004e7a00,FUN_004e7a00,982,0,"FUN_00455800"
004e7de0,FUN_004e7de0,8871,0,"FUN_00412d90 FUN_00454f90 FUN_00455610 _rand"
004ea090,FUN_004ea090,7279,0,"FUN_00412d90 FUN_00454f90 FUN_00455610 _rand"
004ebd00,FUN_004ebd00,146,0,"FUN_0045b760"
004ebda0,FUN_004ebda0,33293,0,"FUN_0040fa30 FUN_0040fac0 FUN_0040fb40 FUN_0040fb70 FUN_0040fbb0 FUN_00412d90 FUN_00428d20 FUN_00453a70 FUN_00453d40 FUN_00453e60 FUN_00455580 FUN_0045b830 FUN_0045b860 FUN_00483300 FUN_004f4170 FUN_006406ac"
004f4170,FUN_004f4170,855,0,"FUN_0040fa30 FUN_0040fb40 FUN_0040fb70 FUN_0040fbb0 FUN_00453a70 FUN_0045b830 FUN_00483300 FUN_006406ac"
004f44d0,FUN_004f44d0,11012,0,"FUN_00407d70 FUN_0040fac0 FUN_00412cc0 FUN_00413460 FUN_004183d0 FUN_00419cb0 FUN_00419df0 FUN_0045cd50 FUN_0045cdc0 FUN_0045ce10 FUN_0045d650 FUN_0045d6a0 FUN_0045d6f0 FUN_0045d710"
004f7130,FUN_004f7130,44211,0,"ClearCancel FUN_0040fa30 FUN_0040fac0 FUN_0040fb40 FUN_0040fb70 FUN_0040fbb0 FUN_0040fc50 FUN_00452b30 FUN_00453a70 FUN_00453b50 FUN_00453c80 FUN_00453d40 FUN_00453d60 FUN_00453e60 FUN_00453e80 FUN_00454a70 FUN_00454bc0 FUN_00454ee0 FUN_00455580 FUN_0046d000 FUN_006406ac"
005021c0,FUN_005021c0,243,0,"FUN_004567b0 FUN_00641b80"
005022c0,FUN_005022c0,120,0,"FUN_0050a4e0 operator_new"
00502340,FUN_00502340,211,0,"FUN_00457010"
00502420,FUN_00502420,19,0,"FUN_00451eb0"
00502440,FUN_00502440,11,0,""
00502450,FUN_00502450,13839,0,"FUN_0040fac0 FUN_004420b0 FUN_00453a10 FUN_00455b30"
00505a60,FUN_00505a60,1576,0,"FUN_00453a70 FUN_00453ac0 FUN_00455580"
00506090,FUN_00506090,130,0,""
00506140,FUN_00506140,3800,0,"FUN_0040fac0 FUN_00412cc0 FUN_00412cf0 FUN_004574d0"
00507040,FUN_00507040,1584,0,"FUN_0040c860 FUN_0040c9a0 FUN_0040d990 FUN_00411400 FUN_00427500 SetRect"
00507690,FUN_00507690,11,0,""
005076a0,FUN_005076a0,44,0,"FUN_005076d0 _free"
005076d0,FUN_005076d0,19,0,"FUN_00456910"
005076f0,FUN_005076f0,1060,0,"FUN_00455800"
00507b20,FUN_00507b20,3000,0,"FUN_00412d90 FUN_00454f90 _rand"
005086e0,FUN_005086e0,7676,0,"FUN_00412d90 FUN_00454f90 FUN_00455610 _rand"
0050a4e0,FUN_0050a4e0,146,0,"FUN_0045b760"
0050a580,FUN_0050a580,81539,0,"FUN_0040fa30 FUN_0040fac0 FUN_0040fb40 FUN_0040fb70 FUN_0040fbb0 FUN_00412d90 FUN_00453a70 FUN_00453b50 FUN_00453c80 FUN_00453d40 FUN_00453e60 FUN_00455580 FUN_0045b830 FUN_0045b860 FUN_0046d000 FUN_00483300 FUN_006406ac"
0051e640,FUN_0051e640,11521,0,"FUN_00407d70 FUN_0040fac0 FUN_00412cc0 FUN_00413460 FUN_004183d0 FUN_00419cb0 FUN_00419df0 FUN_0045cd50 FUN_0045cdc0 FUN_0045ce10 FUN_0045d650 FUN_0045d6a0 FUN_0045d6f0 FUN_0045d710"
005214b0,FUN_005214b0,46755,0,"ClearCancel FUN_0040fa30 FUN_0040fac0 FUN_0040fb40 FUN_0040fbb0 FUN_0040fc50 FUN_00412d90 FUN_00452b30 FUN_00453a70 FUN_00453b50 FUN_00453c80 FUN_00453d40 FUN_00453d60 FUN_00453e60 FUN_00453e80 FUN_00454a70 FUN_00454bc0 FUN_00454ee0 FUN_00455580 FUN_00455b30 FUN_0046d000 FUN_006406ac"
0052cee0,FUN_0052cee0,314,0,"FUN_004567b0 FUN_00531c00 FUN_00641b80"
0052d020,FUN_0052d020,105,0,"FUN_00456910 FUN_00531c40 FUN_00531ce0"
0052d090,FUN_0052d090,120,0,"FUN_00536360 operator_new"
0052d110,FUN_0052d110,225,0,"FUN_00457010 FUN_00531ce0"
0052d200,FUN_0052d200,19,0,"FUN_00451eb0"
0052d220,FUN_0052d220,11,0,""
0052d230,FUN_0052d230,12146,0,"FUN_0040fac0 FUN_004420b0 FUN_00453a10 FUN_00455b30"
005301b0,FUN_005301b0,1008,0,"FUN_00453ac0 FUN_00531c60 FUN_00531c80 FUN_00531cb0"
005305a0,FUN_005305a0,130,0,""
00530650,FUN_00530650,3822,0,"FUN_0040fac0 FUN_00412cc0 FUN_00412cf0 FUN_004574d0"
00531570,FUN_00531570,1584,0,"FUN_0040c860 FUN_0040c9a0 FUN_0040d990 FUN_00411400 FUN_00427500 SetRect"
00531bc0,FUN_00531bc0,11,0,""
00531bd0,FUN_00531bd0,44,0,"FUN_0052d020 _free"
00531c00,FUN_00531c00,56,0,"FUN_00531f30 FUN_00532080 FUN_005320c0"
00531c40,FUN_00531c40,19,0,"FUN_00532010"
00531c60,FUN_00531c60,17,0,""
00531c80,FUN_00531c80,40,0,"FUN_00531da0 FUN_00531e70"
00531cb0,FUN_00531cb0,42,0,"FUN_00531dd0 FUN_00531df0"
00531ce0,FUN_00531ce0,153,0,"FUN_00531d80 FUN_00531d90 FUN_005320d0 destroy"
00531d80,FUN_00531d80,8,0,""
00531d90,FUN_00531d90,11,0,""
00531da0,FUN_00531da0,42,0,"FUN_00531d80 FUN_00532300"
00531dd0,FUN_00531dd0,31,0,"FUN_00532300"
00531df0,FUN_00531df0,115,0,"FUN_00531d80 FUN_00531d90 FUN_00532110 FUN_005321d0 FUN_00532350"
00531e70,FUN_00531e70,186,0,"FUN_00531d80 FUN_00531d90 FUN_005320d0 FUN_00532320 FUN_00532350 destroy"
00531f30,FUN_00531f30,143,0,"FUN_00531d80 FUN_00531d90 FUN_005322a0 FUN_005322c0"
00531fbf,Catch@00531fbf,80,0,"FUN_00531d80 FUN_005320d0 __CxxThrowException@8 destroy"
00532010,FUN_00532010,100,0,"FUN_00531ce0 FUN_00531d80 FUN_00531d90 FUN_005320d0 destroy"
00532080,FUN_00532080,53,0,"FUN_00532250 FUN_00532290"
005320c0,FUN_005320c0,14,0,""
005320d0,FUN_005320d0,25,0,"_free"
005320f0,destroy,25,2,"FUN_00532480"
00532110,FUN_00532110,134,0,"FUN_004063d0 FUN_005322a0 FUN_005323e0"
00532196,Catch@00532196,52,0,"FUN_005320d0 __CxxThrowException@8"
005321d0,FUN_005321d0,126,0,"FID_conflict:length_error FUN_00532360 __CxxThrowException@8 basic_string<>"
00532250,FUN_00532250,53,0,"FUN_00532290 FUN_00532490 _String_val<>"
00532290,FUN_00532290,16,0,""
005322a0,FUN_005322a0,27,0,"FUN_005324a0"
005322c0,FUN_005322c0,29,0,"FUN_005324c0"
005322e0,destroy,25,2,"FUN_00532500"
00532300,FUN_00532300,28,0,"FUN_005323c0"
00532320,FUN_00532320,42,0,"FUN_005323a0"
00532350,FUN_00532350,16,0,""
00532360,FUN_00532360,22,0,"max_size"
00532380,_String_val<>,28,0,"allocator<>"
005323a0,FUN_005323a0,22,0,"FUN_00532450"
005323c0,FUN_005323c0,24,0,""
005323e0,FUN_005323e0,64,0,""
00532420,max_size,44,0,""
00532450,FUN_00532450,35,0,"FUN_00531d80"
00532480,FUN_00532480,5,0,""
00532490,FUN_00532490,16,0,""
005324a0,FUN_005324a0,20,0,"operator_new"
005324c0,FUN_005324c0,58,0,"FUN_004063d0"
00532500,FUN_00532500,5,0,""
00532510,allocator<>,16,0,""
00532520,FUN_00532520,1060,0,"FUN_00455800"
00532950,FUN_00532950,8273,0,"FUN_00412d90 FUN_00454f90 _rand"
005349b0,FUN_005349b0,6567,0,"FUN_00412d90 FUN_00454f90 FUN_00455580 FUN_00455610 _rand"
00536360,FUN_00536360,146,0,"FUN_0045b760"
00536400,FUN_00536400,39999,0,"FUN_0040fa30 FUN_0040fac0 FUN_0040fb00 FUN_0040fb40 FUN_0040fb70 FUN_0040fbb0 FUN_00412d90 FUN_00453a70 FUN_00453b50 FUN_00453c80 FUN_00453d40 FUN_00453d60 FUN_00455580 FUN_0045b830 FUN_0045b860 FUN_0046d000 FUN_00483300 FUN_00540220 FUN_006406ac"
00540220,FUN_00540220,32,0,"FUN_00531da0 FUN_00540240"
00540240,FUN_00540240,19,0,"FUN_00540260"
00540260,FUN_00540260,25,0,"FUN_00540280"
00540280,FUN_00540280,11,0,""
00540290,FUN_00540290,11787,0,"FUN_00407d70 FUN_0040fac0 FUN_00412cc0 FUN_00413460 FUN_004183d0 FUN_00419cb0 FUN_00419df0 FUN_0045cd50 FUN_0045cdc0 FUN_0045ce10 FUN_0045d650 FUN_0045d6a0 FUN_0045d6f0 FUN_0045d710"
00543210,FUN_00543210,58294,0,"ClearCancel FUN_0040fa30 FUN_0040fac0 FUN_0040fb40 FUN_0040fb70 FUN_0040fbb0 FUN_0040fc50 FUN_00412d90 FUN_00452b30 FUN_00453a70 FUN_00453b50 FUN_00453c80 FUN_00453d40 FUN_00453d60 FUN_00453e60 FUN_00453e80 FUN_00454a70 FUN_00454bc0 FUN_00454ee0 FUN_00455580 FUN_0046d000 FUN_00483300 FUN_006406ac"
00551980,FUN_00551980,277,0,"FUN_004567b0 FUN_00641b80"
00551aa0,FUN_00551aa0,120,0,"FUN_0055abe0 operator_new"
00551b20,FUN_00551b20,175,0,"FUN_00457010"
00551bd0,FUN_00551bd0,19,0,"FUN_00451eb0"
00551bf0,FUN_00551bf0,11,0,""
00551c00,FUN_00551c00,14631,0,"FUN_0040fac0 FUN_004420b0 FUN_00453a10 FUN_00455b30"
00555530,FUN_00555530,1028,0,"FUN_00453ac0"
00555940,FUN_00555940,130,0,""
005559f0,FUN_005559f0,3800,0,"FUN_0040fac0 FUN_00412cc0 FUN_00412cf0 FUN_004574d0"
005568f0,FUN_005568f0,1584,0,"FUN_0040c860 FUN_0040c9a0 FUN_0040d990 FUN_00411400 FUN_00427500 SetRect"
00556f40,FUN_00556f40,11,0,""
00556f50,FUN_00556f50,44,0,"FUN_00556f80 _free"
00556f80,FUN_00556f80,19,0,"FUN_00456910"
00556fa0,FUN_00556fa0,982,0,"FUN_00455800"
00557380,FUN_00557380,7113,0,"FUN_00412d90 FUN_00454f90 _rand"
00558f50,FUN_00558f50,7303,0,"FUN_00412d90 FUN_00454f90 FUN_00455610 _rand"
0055abe0,FUN_0055abe0,146,0,"FUN_0045b760"
0055ac80,FUN_0055ac80,28432,0,"FUN_0040fa30 FUN_0040fac0 FUN_0040fb40 FUN_0040fb70 FUN_0040fbb0 FUN_00453a70 FUN_00453d40 FUN_00453e60 FUN_00455580 FUN_0045b830 FUN_0045b860 FUN_0046d000 FUN_00483300 FUN_006406ac"
00561d40,FUN_00561d40,11569,0,"FUN_00407d70 FUN_0040fac0 FUN_00412cc0 FUN_00413460 FUN_004183d0 FUN_00419cb0 FUN_00419df0 FUN_0045cd50 FUN_0045cdc0 FUN_0045ce10 FUN_0045d650 FUN_0045d6a0 FUN_0045d6f0 FUN_0045d710"
00564be0,FUN_00564be0,61872,0,"ClearCancel FUN_0040fa30 FUN_0040fac0 FUN_0040fb40 FUN_0040fb70 FUN_0040fbb0 FUN_0040fc50 FUN_00452b30 FUN_00453a70 FUN_00453c80 FUN_00453d40 FUN_00453d60 FUN_00453e60 FUN_00453e80 FUN_00454a70 FUN_00454bc0 FUN_00454ee0 FUN_00455580 FUN_0046d000 FUN_006406ac"
00574100,FUN_00574100,266,0,"FUN_004567b0 FUN_00641b80"
00574210,FUN_00574210,120,0,"FUN_0057d4e0 operator_new"
00574290,FUN_00574290,175,0,"FUN_00457010"
00574340,FUN_00574340,19,0,"FUN_00451eb0"
00574360,FUN_00574360,11,0,""
00574370,FUN_00574370,13278,0,"FUN_0040fac0 FUN_004420b0 FUN_00453a10 FUN_00455b30"
00577750,FUN_00577750,1121,0,"FUN_00453ac0"
00577bc0,FUN_00577bc0,130,0,""
00577c70,FUN_00577c70,3800,0,"FUN_0040fac0 FUN_00412cc0 FUN_00412cf0 FUN_004574d0"
00578b70,FUN_00578b70,1584,0,"FUN_0040c860 FUN_0040c9a0 FUN_0040d990 FUN_00411400 FUN_00427500 SetRect"
005791c0,FUN_005791c0,11,0,""
005791d0,FUN_005791d0,44,0,"FUN_00579200 _free"
00579200,FUN_00579200,19,0,"FUN_00456910"
00579220,FUN_00579220,1060,0,"FUN_00455800"
00579650,FUN_00579650,8871,0,"FUN_00412d90 FUN_00454f90 FUN_00455610 _rand"
0057b900,FUN_0057b900,7125,0,"FUN_00412d90 FUN_00454f90 FUN_00455610 _rand"
0057d4e0,FUN_0057d4e0,146,0,"FUN_0045b760"
0057d580,FUN_0057d580,43845,0,"FUN_0040fa30 FUN_0040fb40 FUN_0040fb70 FUN_0040fbb0 FUN_0041cb70 FUN_0041cbb0 FUN_00453a70 FUN_00453d40 FUN_00453e60 FUN_00455580 FUN_0045b830 FUN_0045b850 FUN_0045b860 FUN_00483300 FUN_006406ac"
005882b0,FUN_005882b0,11102,0,"FUN_00407d70 FUN_0040fac0 FUN_00412cc0 FUN_00413460 FUN_004183d0 FUN_00419cb0 FUN_00419df0 FUN_0045cd50 FUN_0045cdc0 FUN_0045ce10 FUN_0045d650 FUN_0045d6a0 FUN_0045d6f0 FUN_0045d710"
0058af60,FUN_0058af60,49230,0,"ClearCancel FUN_0040fa30 FUN_0040fac0 FUN_0040fb40 FUN_0040fb70 FUN_0040fbb0 FUN_0040fc50 FUN_00452b30 FUN_00453a70 FUN_00453b50 FUN_00453c80 FUN_00453d40 FUN_00453d60 FUN_00453e60 FUN_00453e80 FUN_00454a70 FUN_00454bc0 FUN_00454ee0 FUN_00455580 FUN_0046d000 FUN_006406ac"
00597380,FUN_00597380,243,0,"FUN_004567b0 FUN_00641b80"
00597480,FUN_00597480,120,0,"FUN_005a1560 operator_new"
00597500,FUN_00597500,295,0,"FUN_00457010"
00597630,FUN_00597630,19,0,"FUN_00451eb0"
00597650,FUN_00597650,11,0,""
00597660,FUN_00597660,15918,0,"FUN_0040fac0 FUN_0040fbb0 FUN_004420b0 FUN_00453a10 FUN_00455b30"
0059b490,FUN_0059b490,679,0,"FUN_00453ac0"
0059b740,FUN_0059b740,130,0,""
0059b7f0,FUN_0059b7f0,3797,0,"FUN_0040fac0 FUN_00412cc0 FUN_00412cf0 FUN_004574d0"
0059c6f0,FUN_0059c6f0,1584,0,"FUN_0040c860 FUN_0040c9a0 FUN_0040d990 FUN_00411400 FUN_00427500 SetRect"
0059cd40,FUN_0059cd40,11,0,""
0059cd50,FUN_0059cd50,44,0,"FUN_0059cd80 _free"
0059cd80,FUN_0059cd80,19,0,"FUN_00456910"
0059cda0,FUN_0059cda0,1177,0,"FUN_00455800"
0059d240,FUN_0059d240,8871,0,"FUN_00412d90 FUN_00454f90 FUN_00455610 _rand"
0059f4f0,FUN_0059f4f0,8294,0,"FUN_00412d90 FUN_00454f90 FUN_00455610 _rand"
005a1560,FUN_005a1560,146,0,"FUN_0045b760"
005a1600,FUN_005a1600,43599,0,"FUN_0040fa30 FUN_0040fb40 FUN_0040fb70 FUN_0040fbb0 FUN_00412d90 FUN_00453a70 FUN_00453c80 FUN_00453d40 FUN_00453e60 FUN_00455580 FUN_0045b830 FUN_0045b850 FUN_0045b860 FUN_00483300 FUN_006406ac"
005ac250,FUN_005ac250,10998,0,"FUN_00407d70 FUN_0040fac0 FUN_00412cc0 FUN_00413460 FUN_00419cb0 FUN_00419df0 FUN_0045cd50 FUN_0045cdc0 FUN_0045ce10 FUN_0045d650 FUN_0045d6a0 FUN_0045d6f0 FUN_0045d710"
005aeec0,FUN_005aeec0,71590,0,"ClearCancel FUN_0040fa30 FUN_0040fac0 FUN_0040fb40 FUN_0040fb70 FUN_0040fbb0 FUN_0040fc50 FUN_00452b30 FUN_00452c10 FUN_00453a70 FUN_00453be0 FUN_00453c80 FUN_00453d40 FUN_00453d60 FUN_00453e60 FUN_00453e80 FUN_00453eb0 FUN_00454a70 FUN_00454bc0 FUN_00454ee0 FUN_00455580 FUN_0046d000 FUN_006406ac"
005c0ab0,FUN_005c0ab0,243,0,"FUN_004567b0 FUN_00641b80"
005c0bb0,FUN_005c0bb0,120,0,"FUN_005c9c20 operator_new"
005c0c30,FUN_005c0c30,261,0,"FUN_00457010"
005c0d40,FUN_005c0d40,19,0,"FUN_00451eb0"
005c0d60,FUN_005c0d60,11,0,""
005c0d70,FUN_005c0d70,12857,0,"FUN_0040fac0 FUN_004420b0 FUN_00453a10 FUN_00455b30"
005c3fb0,FUN_005c3fb0,874,0,"FUN_00453a70 FUN_00455580 FUN_0046d000"
005c4320,FUN_005c4320,130,0,""
005c43d0,FUN_005c43d0,3797,0,"FUN_0040fac0 FUN_00412cc0 FUN_00412cf0 FUN_004574d0"
005c52d0,FUN_005c52d0,1584,0,"FUN_0040c860 FUN_0040c9a0 FUN_0040d990 FUN_00411400 FUN_00427500 SetRect"
005c5920,FUN_005c5920,11,0,""
005c5930,FUN_005c5930,44,0,"FUN_005c5960 _free"
005c5960,FUN_005c5960,19,0,"FUN_00456910"
005c5980,FUN_005c5980,904,0,"FUN_00455800"
005c5d10,FUN_005c5d10,8871,0,"FUN_00412d90 FUN_00454f90 FUN_00455610 _rand"
005c7fc0,FUN_005c7fc0,7264,0,"FUN_00412d90 FUN_00454f90 FUN_00455610 _rand"
005c9c20,FUN_005c9c20,146,0,"FUN_0045b760"
005c9cc0,FUN_005c9cc0,43501,0,"FUN_0040fa30 FUN_0040fac0 FUN_0040fb40 FUN_0040fb70 FUN_0040fbb0 FUN_00412d90 FUN_00428d20 FUN_00453a70 FUN_00453d40 FUN_00453d60 FUN_00453e60 FUN_00455580 FUN_0045b830 FUN_0045b850 FUN_0045b860 FUN_00483300 FUN_006406ac"
005d4890,FUN_005d4890,10712,0,"FUN_00407d70 FUN_0040fac0 FUN_00412cc0 FUN_00413460 FUN_00419cb0 FUN_00419df0 FUN_0045cd50 FUN_0045cdc0 FUN_0045ce10 FUN_0045d650 FUN_0045d6a0 FUN_0045d6f0 FUN_0045d710"
005d73c0,FUN_005d73c0,43282,0,"ClearCancel FUN_0040fa30 FUN_0040fac0 FUN_0040fb40 FUN_0040fbb0 FUN_0040fc50 FUN_00452b30 FUN_00453a70 FUN_00453b50 FUN_00453c80 FUN_00453d40 FUN_00453d60 FUN_00453e60 FUN_00453e80 FUN_00454a70 FUN_00454bc0 FUN_00454ee0 FUN_00455580 FUN_0046d000 FUN_006406ac"
005e2090,FUN_005e2090,218,0,"FUN_004567b0 FUN_00641b80"
005e2170,FUN_005e2170,120,0,"FUN_005eb490 operator_new"
005e21f0,FUN_005e21f0,235,0,"FUN_00457010"
005e22e0,FUN_005e22e0,19,0,"FUN_00451eb0"
005e2300,FUN_005e2300,11,0,""
005e2310,FUN_005e2310,12777,0,"FUN_0040fac0 FUN_004420b0 FUN_00453a10 FUN_00455b30"
005e5500,FUN_005e5500,1027,0,"FUN_00453ac0"
005e5910,FUN_005e5910,130,0,""
005e59c0,FUN_005e59c0,3797,0,"FUN_0040fac0 FUN_00412cc0 FUN_00412cf0 FUN_004574d0"
005e68c0,FUN_005e68c0,1584,0,"FUN_0040c860 FUN_0040c9a0 FUN_0040d990 FUN_00411400 FUN_00427500 SetRect"
005e6f10,FUN_005e6f10,11,0,""
005e6f20,FUN_005e6f20,44,0,"FUN_005e6f50 _free"
005e6f50,FUN_005e6f50,19,0,"FUN_00456910"
005e6f70,FUN_005e6f70,1021,0,"FUN_00455800"
005e7370,FUN_005e7370,8871,0,"FUN_00412d90 FUN_00454f90 FUN_00455610 _rand"
005e9620,FUN_005e9620,7780,0,"FUN_00412d90 FUN_00454f90 FUN_00455610 _rand"
005eb490,FUN_005eb490,134,0,"FUN_0045b760"
005eb520,FUN_005eb520,34434,0,"FUN_0040fa30 FUN_0040fb40 FUN_0040fb70 FUN_0040fbb0 FUN_00453a70 FUN_00455580 FUN_0045b830 FUN_0045b860 FUN_00483300 FUN_006406ac"
005f3d60,FUN_005f3d60,12400,0,"FUN_00407d70 FUN_0040fac0 FUN_00412cc0 FUN_00413460 FUN_004183d0 FUN_00419cb0 FUN_00419df0 FUN_0045cd50 FUN_0045cdc0 FUN_0045ce10 FUN_0045d650 FUN_0045d6a0 FUN_0045d6f0 FUN_0045d710"
005f6f60,FUN_005f6f60,142,0,"FUN_0040ad80 FUN_005f82d0 FUN_005f82f0 FUN_005f83e0 `eh_vector_constructor_iterator'"
005f6ff0,FUN_005f6ff0,235,0,"FUN_0040ae40 FUN_005f7140 FUN_005f7ea0 FUN_005f8320 FUN_005f8340 FUN_005f8380 FUN_005f83e0 `eh_vector_destructor_iterator'"
005f70e0,FUN_005f70e0,84,0,"FUN_0040b110 FUN_0040bb80 FUN_0041cc50 FUN_005f71f0"
005f7140,FUN_005f7140,162,0,"FUN_005f8110 FUN_005f8130 FUN_005f82d0 _free"
005f71f0,FUN_005f71f0,1722,0,"FUN_0041cf00 FUN_0041d750 FUN_00458790 FUN_00458880 FUN_005f7ea0 FUN_005f7f20 FUN_005f7fc0 FUN_005f8000 FUN_005f8020 FUN_005f8340 FUN_005f8380 FUN_005f83c0 FUN_005f83e0 ReadFile operator_new ~TaskStack"
005f78b0,FUN_005f78b0,487,0,"FUN_005f81b0 FUN_005f8380 FUN_005fab10 back operator_new"
005f7aa0,FUN_005f7aa0,602,0,"FUN_005f81b0 FUN_005f8380 FUN_005fab10 back operator_new"
005f7d00,FUN_005f7d00,114,0,"FUN_005f80b0 FUN_005f80e0 FUN_005f8400 FUN_005f8420 FUN_005f8460"
005f7d80,FUN_005f7d80,276,0,"FUN_005f80b0 FUN_005f80e0 FUN_005f8110 FUN_005f8130 FUN_005f8290 FUN_005f8400 FUN_005f8420 FUN_005f8460 _free"
005f7ea0,FUN_005f7ea0,44,0,"_free ~CAtlWinModule"
005f7ed0,~CAtlWinModule,72,1,"FUN_005f7fa0 FUN_005f8020"
005f7f20,FUN_005f7f20,75,0,"FUN_005f7f70 FUN_005f8020"
005f7f70,FUN_005f7f70,42,0,"FUN_005f8560 FUN_005f8670 _String_val<>"
005f7fa0,FUN_005f7fa0,19,0,"FUN_005f85e0"
005f7fc0,FUN_005f7fc0,49,0,"FUN_005f8490 FUN_005f8e50 FUN_005f8e70"
005f8000,FUN_005f8000,29,0,"FUN_005f84b0"
005f8020,FUN_005f8020,19,0,"FUN_005f85e0"
005f8040,FUN_005f8040,72,0,"FUN_005f8ac0 FUN_005f8b00"
005f8090,FUN_005f8090,19,0,"FUN_005f8a00"
005f80b0,FUN_005f80b0,35,0,"_Vector_iterator<>"
005f80e0,FUN_005f80e0,41,0,"_Vector_iterator<>"
005f8110,FUN_005f8110,17,0,""
005f8130,FUN_005f8130,68,0,"FID_conflict:_Xran FUN_005f80b0 FUN_005f8400 FUN_005f8d30"
005f8180,back,45,1,"FUN_005f80e0 FUN_005f8400 FUN_005f8d70"
005f81b0,FUN_005f81b0,217,0,"FUN_005f87f0 FUN_005f8b10 FUN_005f8b30"
005f8290,FUN_005f8290,59,0,"FUN_005f8680 FUN_005f8d30"
005f82d0,FUN_005f82d0,19,0,"FUN_005f8a00"
005f82f0,FUN_005f82f0,42,0,"FUN_005f8bd0 FUN_005f8ce0 _String_val<>"
005f8320,FUN_005f8320,19,0,"FUN_005f8c50"
005f8340,FUN_005f8340,52,0,""
005f8380,FUN_005f8380,49,0,"FUN_005f8b50 FUN_005f8ea0 iterator::operator+"
005f83c0,FUN_005f83c0,29,0,"FUN_005f8b70"
005f83e0,FUN_005f83e0,19,0,"FUN_005f8c50"
005f8400,FUN_005f8400,19,0,"FUN_005f8db0"
005f8420,FUN_005f8420,54,0,"iterator::operator++"
005f8460,FUN_005f8460,33,0,"FUN_005f8e10"
005f8490,FUN_005f8490,31,0,"FUN_005f95b0"
005f84b0,FUN_005f84b0,167,0,"FUN_005f8490 FUN_005f8ef0 FUN_005f8f30 FUN_005f8f60 ~TaskStack"
005f8560,FUN_005f8560,126,0,"FID_conflict:_Xran FUN_005f8f10 FUN_005f9090"
005f85e0,FUN_005f85e0,103,0,"FUN_005f8fd0 FUN_005f9070"
005f8650,_String_val<>,28,0,"allocator<>"
005f8670,FUN_005f8670,14,0,""
005f8680,FUN_005f8680,262,0,"FUN_005f80b0 FUN_005f80e0 FUN_005f8d30 FUN_005f90f0 FUN_005f91a0 FUN_005f9550 FUN_005f9fb0 FUN_005fa000"
005f8790,FID_conflict:_Xran,90,0,"FID_conflict:length_error __CxxThrowException@8 basic_string<>"
005f87f0,FUN_005f87f0,520,0,"FID_conflict:_Xran FUN_005f90b0 FUN_005f92f0 FUN_005f9310 FUN_005fa050 FUN_005fa090 FUN_005fa0d0"
005f8a00,FUN_005f8a00,177,0,"Empty FUN_005f91a0 FUN_005f92d0 FUN_005f92f0 destroy"
005f8ac0,FUN_005f8ac0,53,0,"FUN_005f92c0 _String_val<>"
005f8b00,FUN_005f8b00,14,0,""
005f8b10,FUN_005f8b10,27,0,"FUN_005fa110"
005f8b30,FUN_005f8b30,29,0,"FUN_005fa130"
005f8b50,FUN_005f8b50,31,0,"FUN_005f9600"
005f8b70,FUN_005f8b70,96,0,"FUN_005f8b50 FUN_005f9350 FUN_005f9390 FUN_005f93c0"
005f8bd0,FUN_005f8bd0,126,0,"FID_conflict:_Xran FUN_005f9370 FUN_005f94f0"
005f8c50,FUN_005f8c50,103,0,"FUN_005f9430 FUN_005f94d0"
005f8cc0,_String_val<>,28,0,"allocator<>"
005f8ce0,FUN_005f8ce0,14,0,""
005f8cf0,_Vector_iterator<>,32,0,"FUN_005f9580"
005f8d10,iterator::operator++,29,0,""
005f8d30,FUN_005f8d30,57,0,"FUN_005f9510"
005f8d70,FUN_005f8d70,57,0,"FUN_005f9530"
005f8db0,FUN_005f8db0,89,0,""
005f8e10,FUN_005f8e10,60,0,""
005f8e50,FUN_005f8e50,19,0,"FUN_005f95f0"
005f8e70,FUN_005f8e70,45,0,"FUN_005f95d0"
005f8ea0,FUN_005f8ea0,19,0,"FUN_005f9640"
005f8ec0,iterator::operator+,45,0,"iterator::operator+="
005f8ef0,FUN_005f8ef0,31,0,"FUN_005f95b0"
005f8f10,FUN_005f8f10,19,0,"max_size"
005f8f30,FUN_005f8f30,33,0,"FUN_005f9650"
005f8f60,FUN_005f8f60,99,0,"FUN_005f8fd0 FUN_005fa170 const_iterator::operator!="
005f8fd0,FUN_005f8fd0,33,0,"FUN_005fa1b0"
005f9000,FID_conflict:_Xran,90,0,"FID_conflict:length_error __CxxThrowException@8 basic_string<>"
005f9060,allocator<>,16,0,""
005f9070,FUN_005f9070,25,0,"_free"
005f9090,FUN_005f9090,27,0,"FUN_005fa1f0"
005f90b0,FUN_005f90b0,22,0,"max_size"
005f90d0,Empty,25,0,""
005f90f0,FUN_005f90f0,164,0,"Empty destroy"
005f91a0,FUN_005f91a0,154,0,"Empty destroy"
005f9240,FID_conflict:_Xran,90,0,"FID_conflict:length_error __CxxThrowException@8 basic_string<>"
005f92a0,_String_val<>,28,0,"allocator<>"
005f92c0,FUN_005f92c0,16,0,""
005f92d0,FUN_005f92d0,25,0,"_free"
005f92f0,FUN_005f92f0,25,0,"_free"
005f9310,FUN_005f9310,27,0,"FUN_005fa220"
005f9330,destroy,25,2,"FUN_005fa240"
005f9350,FUN_005f9350,31,0,"FUN_005f9600"
005f9370,FUN_005f9370,19,0,"max_size"
005f9390,FUN_005f9390,33,0,"FUN_005f9a10"
005f93c0,FUN_005f93c0,99,0,"FUN_005f9430 FUN_005fa250 const_iterator::operator!="
005f9430,FUN_005f9430,33,0,"FUN_005fa290"
005f9460,FID_conflict:_Xran,90,0,"FID_conflict:length_error __CxxThrowException@8 basic_string<>"
005f94c0,allocator<>,16,0,""
005f94d0,FUN_005f94d0,25,0,"_free"
005f94f0,FUN_005f94f0,27,0,"FUN_005fa2d0"
005f9510,FUN_005f9510,31,0,""
005f9530,FUN_005f9530,27,0,"FUN_005f9510"
005f9550,FUN_005f9550,41,0,"FUN_005f9d60"
005f9580,FUN_005f9580,33,0,""
005f95b0,FUN_005f95b0,28,0,"FUN_005f9db0"
005f95d0,FUN_005f95d0,32,0,""
005f95f0,FUN_005f95f0,16,0,""
005f9600,FUN_005f9600,28,0,"FUN_005f9e00"
005f9620,iterator::operator+=,32,0,""
005f9640,FUN_005f9640,16,0,""
005f9650,FUN_005f9650,530,0,"DoMessageBox FID_conflict:_Xran FUN_005f8f10 FUN_005f9090 FUN_005f9e50 FUN_005f9e90 FUN_005f9ed0 FUN_005fa320 FUN_005fa360"
005f97a1,Catch@005f97a1,168,0,"FUN_005f8fd0 FUN_005f9070 FUN_005f9e90 __CxxThrowException@8"
005f98a6,Catch@005f98a6,132,0,"FUN_005f8fd0 FUN_005fa320 __CxxThrowException@8 ~TaskStack"
005f9990,max_size,44,0,""
005f99c0,destroy,25,2,"FUN_005fa3a0"
005f99e0,max_size,44,0,""
005f9a10,FUN_005f9a10,511,0,"DoMessageBox FID_conflict:_Xran FUN_005f8340 FUN_005f9370 FUN_005f94f0 FUN_005f9f00 FUN_005f9f40 FUN_005fa3e0 FUN_005fa410"
005f9b4b,Catch@005f9b4b,168,0,"FUN_005f8340 FUN_005f9430 FUN_005f94d0 __CxxThrowException@8"
005f9c53,Catch@005f9c53,117,0,"FUN_005f9430 FUN_005fa3e0 __CxxThrowException@8"
005f9d30,max_size,44,0,""
005f9d60,FUN_005f9d60,66,0,""
005f9db0,FUN_005f9db0,24,0,""
005f9dd0,const_iterator::operator!=,33,0,"const_iterator::operator=="
005f9e00,FUN_005f9e00,24,0,""
005f9e20,const_iterator::operator!=,33,0,"const_iterator::operator=="
005f9e50,FUN_005f9e50,52,0,""
005f9e90,FUN_005f9e90,52,0,""
005f9ed0,FUN_005f9ed0,46,0,"FUN_005fa450"
005f9f00,FUN_005f9f00,52,0,""
005f9f40,FUN_005f9f40,46,0,"FUN_005fa490"
005f9f70,const_iterator::operator==,28,0,""
005f9f90,const_iterator::operator==,28,0,""
005f9fb0,FUN_005f9fb0,70,0,"FUN_005fa4d0 FUN_005fa4e0"
005fa000,FUN_005fa000,70,0,"FUN_005fa4d0 FUN_005fa540"
005fa050,FUN_005fa050,55,0,"FUN_005fa5a0 FUN_005fa5b0"
005fa090,FUN_005fa090,55,0,"FUN_005fa5a0 FUN_005fa5f0"
005fa0d0,FUN_005fa0d0,51,0,"FUN_005fa5a0 FUN_005fa610"
005fa110,FUN_005fa110,20,0,"operator_new"
005fa130,FUN_005fa130,58,0,"FUN_004063d0"
005fa170,FUN_005fa170,51,0,"FUN_005fa620 FUN_005fa630"
005fa1b0,FUN_005fa1b0,51,0,"FUN_005fa620 _Destroy_range<>"
005fa1f0,FUN_005fa1f0,20,0,"operator_new"
005fa210,allocator<>,16,0,""
005fa220,FUN_005fa220,20,0,"operator_new"
005fa240,FUN_005fa240,5,0,""
005fa250,FUN_005fa250,51,0,"FUN_005fa6b0 FUN_005fa6c0"
005fa290,FUN_005fa290,51,0,"FUN_005fa6b0 FUN_005fa700"
005fa2d0,FUN_005fa2d0,20,0,"operator_new"
005fa2f0,DoMessageBox,37,0,"FUN_005fa710"
005fa320,FUN_005fa320,54,0,""
005fa360,FUN_005fa360,51,0,"FUN_005fa620 FUN_005fa750"
005fa3a0,FUN_005fa3a0,5,0,""
005fa3b0,DoMessageBox,37,0,"FUN_005fa790"
005fa3e0,FUN_005fa3e0,36,0,""
005fa410,FUN_005fa410,51,0,"FUN_005fa6b0 FUN_005fa7d0"
005fa450,FUN_005fa450,55,0,"FUN_005fa620 FUN_005fa810"
005fa490,FUN_005fa490,55,0,"FUN_005fa6b0 FUN_005fa8b0"
005fa4d0,FUN_005fa4d0,11,0,""
005fa4e0,FUN_005fa4e0,81,0,"FUN_005f8400 FUN_005f8460 FUN_005fa910"
005fa540,FUN_005fa540,85,0,"FUN_005f8400 FUN_005f8460 iterator::operator++"
005fa5a0,FUN_005fa5a0,11,0,""
005fa5b0,FUN_005fa5b0,49,0,"_memmove"
005fa5f0,FUN_005fa5f0,25,0,"FUN_005fa930"
005fa610,FUN_005fa610,5,0,""
005fa620,FUN_005fa620,11,0,""
005fa630,FUN_005fa630,66,0,""
005fa680,_Destroy_range<>,38,0,"FUN_005fa8f0"
005fa6b0,FUN_005fa6b0,11,0,""
005fa6c0,FUN_005fa6c0,49,0,"_memmove"
005fa700,FUN_005fa700,5,0,""
005fa710,FUN_005fa710,55,0,"FUN_005fa620 FUN_005fa960"
005fa750,FUN_005fa750,64,0,""
005fa790,FUN_005fa790,55,0,"FUN_005fa6b0 FUN_005faa10"
005fa7d0,FUN_005fa7d0,51,0,"_memmove"
005fa810,FUN_005fa810,91,0,"FUN_005fa8d0"
005fa86b,Catch@005fa86b,2,0,""
005fa86d,FUN_005fa86d,9,0,""
005fa876,FUN_005fa876,55,0,"FUN_005fa86d FUN_005fa8f0 __CxxThrowException@8"
005fa8b0,FUN_005fa8b0,25,0,"FUN_005faa50"
005fa8d0,FUN_005fa8d0,29,0,"FUN_005faa80"
005fa8f0,FUN_005fa8f0,25,0,"FUN_005faad0"
005fa910,FUN_005fa910,29,0,""
005fa930,FUN_005fa930,43,0,""
005fa960,FUN_005fa960,93,0,"FUN_005fa8d0"
005fa9bd,Catch@005fa9bd,2,0,""
005fa9bf,FUN_005fa9bf,9,0,""
005fa9c8,FUN_005fa9c8,58,0,"FUN_005fa8f0 FUN_005fa9bf __CxxThrowException@8"
005faa10,FUN_005faa10,49,0,"_memmove"
005faa50,FUN_005faa50,43,0,""
005faa80,FUN_005faa80,76,0,"FUN_004063d0"
005faad0,FUN_005faad0,15,0,"FUN_005faae0"
005faae0,FUN_005faae0,44,0,"_free ~TaskStack"
005fab10,FUN_005fab10,116,0,"FUN_00458670 FUN_005fac60"
005fab90,FUN_005fab90,61,0,"FUN_005f7aa0"
005fabd0,FUN_005fabd0,65,0,"FUN_005f7aa0"
005fac20,FUN_005fac20,21,0,""
005fac40,FUN_005fac40,29,0,"FUN_004079c0"
005fac60,FUN_005fac60,101,0,"FUN_005f9e90 FUN_005facd0 FUN_005fad20"
005facd0,FUN_005facd0,70,0,"FID_conflict:_Xran FUN_005f8490 FUN_005f8e50 FUN_005f8e70 FUN_005f9e90"
005fad20,FUN_005fad20,70,0,"FID_conflict:_Xran FUN_005f8340 FUN_005f8b50 FUN_005f8ea0 iterator::operator+"
005fad70,FID_conflict:_Xran,90,0,"FID_conflict:length_error __CxxThrowException@8 basic_string<>"
005fadd0,FID_conflict:_Xran,90,0,"FID_conflict:length_error __CxxThrowException@8 basic_string<>"
005fae30,FUN_005fae30,31352,0,"FUN_0040fa30 FUN_0040fb40 FUN_0040fb70 FUN_0040fbb0 FUN_00410f00 FUN_00483300 FUN_005fab90 FUN_005fac20 FUN_006406ac _rand"
00602a60,FUN_00602a60,2987,0,"CloseHandle CoInitialize CoUninitialize CreateEventA CreateWindowExA DispatchMessageA FUN_00401000 FUN_00401020 FUN_00401110 FUN_004018a0 FUN_00403b90 FUN_00403be0 FUN_00403d20 FUN_00403d80 FUN_00403eb0 FUN_00406610 FUN_00406650 FUN_004066e0 FUN_004169e0 FUN_00416b10 FUN_00417210 FUN_00417430 FUN_004175a0 FUN_0041cae0 FUN_0041cc00 FUN_0041cc50 FUN_0041ce10 FUN_0041ce50 FUN_0041cf80 FUN_004239f0 FUN_00423a90 FUN_00423c80 FUN_00424e00 FUN_004251f0 FUN_00425490 FUN_00425750 FUN_004275d0 FUN_00428d60 FUN_0042a180 FUN_0042b1f0 FUN_0042c3d0 FUN_0042e640 FUN_0042f710 FUN_00431f60 FUN_00432ea0 FUN_00438ac0 FUN_0043a020 FUN_0043ad10 FUN_0064189e GetMessageA GetModuleFileNameA GetStockObject GetSystemMetrics LoadCursorA LoadIconA PeekMessageA RegisterClassExA SetCurrentDirectoryA ShowWindow Sleep TranslateMessage UpdateWindow WaitForSingleObject __security_check_cookie _strrchr operator_new timeGetTime"
00603650,FUN_00603650,83,0,"DefWindowProcA PostQuitMessage"
006036a4,DirectInput8Create,6,0,""
0060499a,Direct3DCreate8,6,0,""
006049a0,FUN_006049a0,28,0,"FUN_00608d8e _free"
006049bc,FUN_006049bc,28,0,"FUN_00608f96 _free"
006049d8,FUN_006049d8,28,0,"FUN_00609eef _free"
006049f4,FUN_006049f4,28,0,"FUN_0060a7d2 _free"
00604a10,FUN_00604a10,140,0,"FUN_0060bef3 FUN_0060bf05 FUN_0060c120 FUN_0060c12b FUN_0060c1d4 FUN_0060e599"
00604a9c,FUN_00604a9c,201,0,"FUN_0060bef3 FUN_0060bf05 FUN_0060c120 FUN_0060c12b FUN_0060c1d4 FUN_0060e599 WideCharToMultiByte __chkstk"
00604b65,FUN_00604b65,142,0,"FUN_0060c12b FUN_0060c1d4 FUN_0060e599 FUN_0060ea5c FUN_0060ea69 FUN_0060ea96"
00604bf3,FUN_00604bf3,143,0,"FUN_0060c12b FUN_0060c1d4 FUN_0060e599 FUN_0060ea5c FUN_0060ea69 FUN_0060ea96"
00604c82,FUN_00604c82,100,0,"FUN_0060c12b FUN_0060c1d4 FUN_0060e599"
00604ce6,FUN_00604ce6,623,0,"__snprintf"
00604f55,FUN_00604f55,91,0,"FUN_00604ce6 MultiByteToWideChar __chkstk"
00604fb0,FUN_00604fb0,111,0,"FUN_006049a0 FUN_00608dd5 FUN_00608f7b operator_new"
0060501f,FUN_0060501f,108,0,"FUN_006049bc FUN_00608fe3 FUN_00609aa4 operator_new"
0060508b,FUN_0060508b,124,0,"FUN_006049d8 FUN_00609ac2 FUN_00609f58 operator_new"
00605107,FUN_00605107,126,0,"FUN_006049f4 FUN_00609f9e FUN_0060b728 operator_new"
00605185,FUN_00605185,51,0,"FUN_00604fb0 GetObjectA"
006051b8,FUN_006051b8,36,0,""
006051dc,FUN_006051dc,117,0,""
00605251,FUN_00605251,110,0,"FUN_006051b8 FUN_006051dc"
006052bf,FUN_006052bf,226,0,"FUN_006051dc FUN_0060eb24"
006053a1,FUN_006053a1,49,0,""
006053d2,FUN_006053d2,56,0,"FUN_0060ebb4 FUN_0060ebcd FUN_00610fc6"
00605410,FUN_00605410,223,0,"FUN_0061119b FUN_006111a5 FUN_00614a33 FUN_00614b4d FUN_00614be2 FUN_00614be7"
006054ef,FUN_006054ef,176,0,"FUN_0060ebb4 FUN_0060ebcd FUN_0060ec42 FUN_00610ccd FUN_00614b4d FUN_00614be2 FUN_00614be7 FUN_006425a4"
006055a2,FUN_006055a2,32,0,"FUN_006054ef"
006055c2,RFX_Text_Bulk,32,0,"FUN_006054ef"
006055fb,FUN_006055fb,211,0,"FUN_0061119b FUN_006111a5 FUN_00614a33 FUN_00614bc6 FUN_00614ffa FUN_00614fff"
006056ce,FUN_006056ce,176,0,"FUN_0060ebb4 FUN_0060ebcd FUN_0060ec42 FUN_00610ccd FUN_00614bc6 FUN_00614ffa FUN_00614fff FUN_006425a4"
0060577e,FUN_0060577e,32,0,"FUN_006056ce"
0060579e,RFX_Text_Bulk,32,0,"FUN_006056ce"
006057be,FUN_006057be,810,0,"FUN_006051b8 FUN_006052bf"
00605ae8,FUN_00605ae8,40,0,"FUN_006057be"
00605b10,FUN_00605b10,40,0,"FUN_006057be"
00605b38,FUN_00605b38,41,0,"FUN_006057be"
00605b61,FUN_00605b61,102,0,"FUN_00605ae8"
00605bc7,FUN_00605bc7,95,0,"FUN_00605b10"
00605c26,FUN_00605c26,109,0,"FUN_00605b38"
00605c93,FUN_00605c93,76,0,""
00605cdf,`vector_deleting_destructor',75,2,"FUN_00614be2 _free `eh_vector_destructor_iterator'"
00605d2a,FID_conflict:`vector_deleting_destructor',75,0,"FUN_00614ffa _free `eh_vector_destructor_iterator'"
00605d75,`vector_constructor_iterator',34,4,""
00606eff,FUN_00606eff,63,0,"FUN_006053d2 FUN_0060bef3 FUN_0060bf05 FUN_0060c120"
00606f3e,FUN_00606f3e,63,0,"FUN_006053d2 FUN_0060bef3 FUN_0060bf05 FUN_0060c120"
00606f7d,FUN_00606f7d,68,0,"FUN_006053d2 FUN_0060ea5c FUN_0060ea69 FUN_0060ea96"
00606fc1,FUN_00606fc1,68,0,"FUN_006053d2 FUN_0060ea5c FUN_0060ea69 FUN_0060ea96"
00607005,FUN_00607005,184,0,"FUN_00605410 FUN_0060ebb4 FUN_0060ebcd FUN_00610fc6"
006070bd,FUN_006070bd,422,0,"FUN_00605410 FUN_0060eb24 FUN_00614b4d FUN_00614be2 FUN_00614be7"
00607263,FUN_00607263,188,0,"FUN_006055fb FUN_0060ebb4 FUN_0060ebcd FUN_00610fc6"
0060731f,FUN_0060731f,134,0,"FUN_006055fb FUN_00614bc6 FUN_00614ffa FUN_00614fff"
006073a5,FUN_006073a5,960,0,"FID_conflict:`vector_deleting_destructor' FUN_0060ebb4 FUN_0060ebcd FUN_0060ec42 FUN_00610ccd FUN_00614be7 FUN_00614fff FUN_006425a4 _free `eh_vector_constructor_iterator' `vector_deleting_destructor' operator_new"
0060779f,FUN_0060779f,740,0,"FUN_006070bd FUN_0060731f"
00607c96,FUN_00607c96,81,0,"FUN_00607005 FUN_0060bef3 FUN_0060bf05 FUN_0060c120"
00607ce7,FUN_00607ce7,81,0,"FUN_00607005 FUN_0060bef3 FUN_0060bf05 FUN_0060c120"
00607d38,FUN_00607d38,86,0,"FUN_00607005 FUN_0060ea5c FUN_0060ea69 FUN_0060ea96"
00607d8e,FUN_00607d8e,86,0,"FUN_00607005 FUN_0060ea5c FUN_0060ea69 FUN_0060ea96"
00607de4,FUN_00607de4,81,0,"FUN_00607263 FUN_0060bef3 FUN_0060bf05 FUN_0060c120"
00607e35,FUN_00607e35,81,0,"FUN_00607263 FUN_0060bef3 FUN_0060bf05 FUN_0060c120"
00607e86,FUN_00607e86,86,0,"FUN_00607263 FUN_0060ea5c FUN_0060ea69 FUN_0060ea96"
00607edc,FUN_00607edc,86,0,"FUN_00607263 FUN_0060ea5c FUN_0060ea69 FUN_0060ea96"
00607f32,FUN_00607f32,1651,0,"FUN_006051b8 FUN_006052bf FUN_006053a1 FUN_00605410 FUN_006055fb FUN_006057be FUN_0060779f FUN_0060ebb4 FUN_0060ebcd FUN_00610fc6 FUN_006425a4"
006085a5,FUN_006085a5,64,0,"FUN_00607f32"
006085e5,FUN_006085e5,64,0,"FUN_00607f32"
00608625,FUN_00608625,65,0,"FUN_00607f32"
00608666,FUN_00608666,99,0,"FUN_006085a5 FUN_0060bef3 FUN_0060bf05 FUN_0060c120"
006086c9,FUN_006086c9,99,0,"FUN_006085a5 FUN_0060bef3 FUN_0060bf05 FUN_0060c120"
0060872c,FUN_0060872c,104,0,"FUN_006085a5 FUN_0060ea5c FUN_0060ea69 FUN_0060ea96"
00608794,FUN_00608794,104,0,"FUN_006085a5 FUN_0060ea5c FUN_0060ea69 FUN_0060ea96"
0060882c,FUN_0060882c,96,0,"FUN_006085e5 FUN_0060bef3 FUN_0060bf05 FUN_0060c120"
0060888c,FUN_0060888c,96,0,"FUN_006085e5 FUN_0060bef3 FUN_0060bf05 FUN_0060c120"
006088ec,FUN_006088ec,101,0,"FUN_006085e5 FUN_0060ea5c FUN_0060ea69 FUN_0060ea96"
00608951,FUN_00608951,101,0,"FUN_006085e5 FUN_0060ea5c FUN_0060ea69 FUN_0060ea96"
006089e6,FUN_006089e6,102,0,"FUN_00608625 FUN_0060bef3 FUN_0060bf05 FUN_0060c120"
00608a4c,FUN_00608a4c,102,0,"FUN_00608625 FUN_0060bef3 FUN_0060bf05 FUN_0060c120"
00608ab2,FUN_00608ab2,107,0,"FUN_00608625 FUN_0060ea5c FUN_0060ea69 FUN_0060ea96"
00608b1d,FUN_00608b1d,107,0,"FUN_00608625 FUN_0060ea5c FUN_0060ea69 FUN_0060ea96"
00608d8e,FUN_00608d8e,58,0,"DeleteObject FUN_0061f42f FUN_0061f452"
00608dd5,FUN_00608dd5,94,0,"CreateFontIndirectA FUN_0061fab2"
00608e33,FUN_00608e33,23,0,""
00608e70,FUN_00608e70,36,0,""
00608eb2,FUN_00608eb2,38,0,"FUN_0061f59f"
00608ed8,FUN_00608ed8,38,0,"FUN_0061f59f"
00608f1f,FUN_00608f1f,68,0,""
00608f7b,FUN_00608f7b,27,0,""
00608f96,FUN_00608f96,64,0,""
00608fe3,FUN_00608fe3,117,0,""
00609087,FUN_00609087,43,0,""
006090c4,FUN_006090c4,63,0,""
00609162,FUN_00609162,68,0,""
006091be,FUN_006091be,1084,0,""
006095fa,FUN_006095fa,215,0,"thunk_FUN_0061c88c"
00609aa4,FUN_00609aa4,30,0,""
00609ac2,FUN_00609ac2,79,0,""
00609b1e,FUN_00609b1e,23,0,""
00609b5b,FUN_00609b5b,36,0,""
00609b7f,FUN_00609b7f,570,0,""
00609db9,FUN_00609db9,184,0,""
00609e71,FUN_00609e71,118,0,""
00609eef,FUN_00609eef,34,0,"FUN_00609e71"
00609f11,FUN_00609f11,71,0,""
00609f58,FUN_00609f58,39,0,""
00609f9e,FUN_00609f9e,134,0,"FUN_00605ae8"
0060a024,FUN_0060a024,127,0,""
0060a0a3,FUN_0060a0a3,343,0,""
0060a1fa,FUN_0060a1fa,71,0,""
0060a274,FUN_0060a274,35,0,""
0060a297,FUN_0060a297,112,0,"FUN_0060a024"
0060a307,FUN_0060a307,132,0,"FUN_0060a024"
0060a38b,FUN_0060a38b,213,0,"FUN_0060a024"
0060a460,FUN_0060a460,213,0,"FUN_0060a024"
0060a535,FUN_0060a535,290,0,""
0060a6c3,FUN_0060a6c3,173,0,""
0060a770,FUN_0060a770,40,0,""
0060a798,FUN_0060a798,55,0,""
0060a7d2,FUN_0060a7d2,34,0,"FUN_0060a535"
0060a7f4,FUN_0060a7f4,3892,0,"FUN_0060a6c3 thunk_FUN_0061af27"
0060b728,FUN_0060b728,104,0,""
0060b7af,FUN_0060b7af,1421,0,"FUN_0060a7f4 FUN_0061ca33 FUN_0061d1ef"
0060bd3c,FUN_0060bd3c,177,0,"FUN_0060779f FUN_0060b7af"
0060be10,FUN_0060be10,227,0,"FUN_0060bd3c"
0060bef3,FUN_0060bef3,18,0,""
0060bf05,FUN_0060bf05,272,0,"CreateFileA CreateFileMappingA CreateFileW GetFileSize GetLastError GetVersionExA MapViewOfFile WideCharToMultiByte __chkstk"
0060c015,FUN_0060c015,202,0,"CreateFileA CreateFileW GetLastError GetVersionExA WideCharToMultiByte __chkstk"
0060c0df,FUN_0060c0df,65,0,"CloseHandle UnmapViewOfFile"
0060c120,FUN_0060c120,11,0,"FUN_0060c0df"
0060c12b,FUN_0060c12b,169,0,"FUN_0061fb27 FUN_0061fbef FUN_006425a4"
0060c1d4,FUN_0060c1d4,143,0,"FUN_0061fb37 FUN_0061fc02 FUN_006425a4"
0060c263,FUN_0060c263,310,0,"FUN_0061fc33 __snprintf __vsnprintf"
0060c399,FUN_0060c399,1815,0,""
0060cab0,FUN_0060cab0,169,0,"FUN_0060c263"
0060cb59,FUN_0060cb59,161,0,"FUN_0060c263"
0060cbfa,FUN_0060cbfa,929,0,"FUN_0060c263 _atol _isalpha _isdigit"
0060cf9b,FUN_0060cf9b,169,0,"FUN_0060c263 FUN_0061fb45"
0060d044,FUN_0060d044,214,0,"FUN_0061fb45"
0060d11a,FUN_0060d11a,375,0,"FUN_0061fb45"
0060d291,FUN_0060d291,1304,0,"FUN_0060c263 FUN_0060c399 _atol _isalnum _isalpha _isdigit _isspace"
0060d7a9,FUN_0060d7a9,2188,0,"FUN_0060c263 FUN_0060cab0 FUN_0060cb59 FUN_0060cbfa FUN_0060cf9b FUN_0060d11a FUN_0061fb45 FUN_0061fbb3 FUN_0061fbe7 FUN_0061fc33 FUN_0061fce6 FUN_0061fd1a _atol _free _sscanf"
0060e0e0,FUN_0060e0e0,1013,0,"FUN_0060c263 FUN_0060d291 FUN_0060d7a9"
0060e599,FUN_0060e599,1219,0,"FUN_0060c263 FUN_0060d044 FUN_0060e0e0 FUN_0061fbb3 FUN_0061fc33 FUN_0061fd22 FUN_006200da FUN_006425a4 GetModuleHandleA GetProcAddress GetProcessHeap HeapFree LoadLibraryA RegCloseKey RegOpenKeyA RegQueryValueExA __strdup _free _setlocale operator_new"
0060ea5c,FUN_0060ea5c,13,0,""
0060ea69,FUN_0060ea69,14,0,"DeleteObject"
0060ea77,FUN_0060ea77,31,0,"DeleteObject"
0060ea96,FUN_0060ea96,142,0,"FUN_0060ea77 FindResourceA FindResourceW GetLastError LoadResource LockResource SizeofResource"
0060eb24,FUN_0060eb24,144,0,"GetModuleHandleA GetProcAddress LoadLibraryA"
0060ebb4,FUN_0060ebb4,25,0,""
0060ebcd,FUN_0060ebcd,89,0,"FUN_0060ebcd _free"
0060ec26,FUN_0060ec26,28,0,"FUN_0060ebcd _free"
0060ec42,FUN_0060ec42,195,0,"_free"
0060ed05,FUN_0060ed05,1814,0,"operator_new"
0060f41b,FUN_0060f41b,740,0,"WriteFile"
0060f6ff,FUN_0060f6ff,27,0,"_longjmp"
0060f71c,FUN_0060f71c,29,0,""
0060f761,FUN_0060f761,624,0,"FUN_006201df FUN_00620583 FUN_0062062a FUN_00620736 FUN_0062092e FUN_00620a70 FUN_0062256f __setjmp3 operator_new thunk_FUN_00628247"
0060f9d1,FUN_0060f9d1,1191,0,"operator_new"
0060fe78,FUN_0060fe78,646,0,"_isdigit _isspace operator_new"
0061014e,FUN_0061014e,1430,0,"FUN_006226ee FUN_006228b1 FUN_00622a24 FUN_00622e77 FUN_006230f6 FUN_00623177 FUN_00623191 FUN_006231a7 FUN_006231d3 FUN_006231fc FUN_00623227 FUN_006232f8 FUN_0062332b FUN_00623392 FUN_0062339b FUN_006233ad FUN_006233f8 FUN_00623c0c FUN_00623c54 FUN_00623c5d FUN_0062531e FUN_006253f4 FUN_00625466 FUN_006255a0 FUN_00643770 __ftol __setjmp3 _free operator_new"
006106e4,FUN_006106e4,833,0,"FUN_006051b8 FUN_0060ebb4 operator_new"
00610a25,FUN_00610a25,680,0,"FUN_006051b8 WriteFile"
00610ccd,FUN_00610ccd,713,0,"FUN_006051b8 FUN_00605251 FUN_0060bef3 FUN_0060c015 FUN_0060c120 FUN_0060f41b FUN_00610a25 FUN_0061119b FUN_006111a5 FUN_00614a33 FUN_006425a4 _free operator_new"
00610f96,FUN_00610f96,48,0,"FUN_0060ed05"
00610fc6,FUN_00610fc6,469,0,"FUN_006053a1 FUN_0060ec26 FUN_0060ed05 FUN_0060f761 FUN_0060f9d1 FUN_0060fe78 FUN_0061014e FUN_006106e4 FUN_00610f96 _free"
0061119b,FUN_0061119b,10,0,""
006111a5,FUN_006111a5,30,0,""
006111ea,FUN_006111ea,701,0,"FUN_006439c0 __ftol operator_new"
006114a7,FUN_006114a7,76,0,"_free `eh_vector_destructor_iterator'"
006114f3,FUN_006114f3,1140,0,"FUN_006111ea FUN_006114a7 FUN_006425a4 _free `eh_vector_constructor_iterator' `vector_constructor_iterator' operator_new"
00611967,FUN_00611967,398,0,""
00611afb,FUN_00611afb,294,0,""
00611c41,FUN_00611c41,49,0,"FUN_00611e9c"
00611c72,FUN_00611c72,232,0,""
00611d5a,FUN_00611d5a,278,0,"FUN_00611afb"
00611e9c,FUN_00611e9c,56,0,"FUN_00620a70"
00611f00,FUN_00611f00,47,0,"FUN_00620a70"
00611f2f,FUN_00611f2f,49,0,"FUN_00611f00"
00611f60,FUN_00611f60,336,0,""
006120b0,FUN_006120b0,292,0,""
006121d4,FUN_006121d4,335,0,""
00612323,FUN_00612323,339,0,""
00612476,FUN_00612476,319,0,""
006125b5,FUN_006125b5,155,0,""
00612650,FUN_00612650,332,0,""
0061279c,FUN_0061279c,289,0,""
006128c9,FUN_006128c9,332,0,""
00612a15,FUN_00612a15,319,0,""
00612b96,FUN_00612b96,312,0,"FUN_00611967"
00612cce,FUN_00612cce,241,0,"FUN_006425a4 _free `vector_constructor_iterator' operator_new"
00612dbf,FUN_00612dbf,514,0,"FUN_006425a4 _free `vector_constructor_iterator' operator_new"
00612fc1,FUN_00612fc1,516,0,"FUN_006425a4 _free `vector_constructor_iterator' operator_new"
006131c5,FUN_006131c5,1027,0,"FUN_00611c41 FUN_00611f2f FUN_00611f60 FUN_006120b0 FUN_006121d4 FUN_00612323 FUN_00612476 FUN_006125b5 FUN_00612650 FUN_0061279c FUN_006128c9 FUN_00612a15 FUN_006425a4 _free `vector_constructor_iterator' operator_new"
006135e8,FUN_006135e8,1170,0,"FUN_006425a4 _free `vector_constructor_iterator' operator_new"
00613a7a,FUN_00613a7a,256,0,"FUN_006439c0 operator_new"
00613b7a,FUN_00613b7a,998,0,"FUN_00613a7a FUN_006425a4 _free `vector_constructor_iterator' operator_new"
00613f60,FUN_00613f60,1841,0,"FUN_00613a7a FUN_006425a4 _free `vector_constructor_iterator' operator_new"
00614691,FUN_00614691,930,0,"FUN_006111ea FUN_006114a7 FUN_006425a4 _free `eh_vector_constructor_iterator' `vector_constructor_iterator' operator_new"
00614a33,FUN_00614a33,282,0,"FUN_006114f3 FUN_00612b96 FUN_00612cce FUN_00612dbf FUN_00612fc1 FUN_006131c5 FUN_006135e8 FUN_00613b7a FUN_00613f60 FUN_00614691 FUN_00615e70 FUN_0061a4cc"
00614b4d,FUN_00614b4d,16,0,""
00614b5d,FUN_00614b5d,105,0,""
00614bc6,FUN_00614bc6,6,0,""
00614bcc,FUN_00614bcc,22,0,""
00614be2,FUN_00614be2,5,0,""
00614be7,FUN_00614be7,1043,0,"FUN_0060eb24 FUN_00614b5d"
00614ffa,FUN_00614ffa,5,0,""
00614fff,FUN_00614fff,859,0,"FUN_0060eb24 FUN_00614bcc"
0061535a,FUN_0061535a,19,0,"_free"
00615373,FUN_00615373,759,0,""
0061566a,FUN_0061566a,85,0,""
0061572c,FUN_0061572c,160,0,"FUN_0061535a FUN_006425a4 _free"
006157cc,FUN_006157cc,1018,0,"FUN_00615373 FUN_006425a4 _free `vector_constructor_iterator' operator_new"
00615bc6,FUN_00615bc6,35,0,""
00615c08,FUN_00615c08,588,0,"`vector_constructor_iterator'"
00615e54,FUN_00615e54,28,0,"FUN_0061535a _free"
00615e70,FUN_00615e70,123,0,"FUN_006425a4 `vector_constructor_iterator' operator_new"
00615eeb,FUN_00615eeb,204,0,"FUN_00615373"
00615fb7,FUN_00615fb7,112,0,""
00616027,FUN_00616027,236,0,"FUN_00615373 FUN_00615bc6"
00616113,FUN_00616113,291,0,"FUN_00615373 FUN_00615bc6"
00616236,FUN_00616236,257,0,"FUN_00615373 FUN_00615bc6"
00616337,FUN_00616337,257,0,"FUN_00615373 FUN_00615bc6"
00616438,FUN_00616438,257,0,"FUN_00615373 FUN_00615bc6"
00616539,FUN_00616539,285,0,"FUN_00615373 FUN_00615bc6"
00616656,FUN_00616656,291,0,"FUN_00615373 FUN_00615bc6"
00616779,FUN_00616779,254,0,"FUN_00615373 FUN_00615bc6"
00616877,FUN_00616877,169,0,"FUN_00615373 FUN_00615bc6"
00616920,FUN_00616920,291,0,"FUN_00615373 FUN_00615bc6"
00616a43,FUN_00616a43,257,0,"FUN_00615373 FUN_00615bc6"
00616b44,FUN_00616b44,291,0,"FUN_00615373 FUN_00615bc6"
00616c67,FUN_00616c67,208,0,"FUN_00615373 FUN_00615bc6"
00616d37,FUN_00616d37,280,0,"FUN_00615373 FUN_00615bc6"
00616e4f,FUN_00616e4f,197,0,"FUN_00615373"
00616f14,FUN_00616f14,197,0,"FUN_00615373 FUN_00615bc6"
00616fd9,FUN_00616fd9,246,0,"FUN_00615373 FUN_00615bc6"
006170cf,FUN_006170cf,235,0,"FUN_00615373 FUN_00615bc6"
006171ba,FUN_006171ba,213,0,"FUN_00615373 FUN_00615bc6"
0061728f,FUN_0061728f,261,0,"FUN_00615373 FUN_00615bc6"
00617394,FUN_00617394,267,0,"FUN_00615373 FUN_00615bc6"
0061749f,FUN_0061749f,314,0,"FUN_00615373 FUN_00615bc6"
006175d9,FUN_006175d9,214,0,"FUN_00615373 FUN_00615bc6"
006176af,FUN_006176af,266,0,"FUN_00615373 FUN_00615bc6"
006177b9,FUN_006177b9,310,0,"FUN_00615373 FUN_00615bc6"
006178ef,FUN_006178ef,199,0,"FUN_00615373 FUN_00615bc6"
006179b6,FUN_006179b6,199,0,"FUN_00615373 FUN_00615bc6"
00617a7d,FUN_00617a7d,238,0,"FUN_00615373 FUN_00615bc6"
00617b6b,FUN_00617b6b,239,0,"FUN_00615373 FUN_00615bc6"
00617c5a,FUN_00617c5a,348,0,"FUN_00615373 FUN_00615bc6"
00617db6,FUN_00617db6,140,0,"FUN_00615fb7"
00617e42,FUN_00617e42,166,0,"FUN_00615fb7"
00617ee8,FUN_00617ee8,156,0,"FUN_00615fb7"
00617f84,FUN_00617f84,165,0,"FUN_00615fb7"
00618029,FUN_00618029,162,0,"FUN_00615fb7"
006180cb,FUN_006180cb,176,0,"FUN_00615fb7"
0061817b,FUN_0061817b,175,0,"FUN_00615fb7"
0061822a,FUN_0061822a,214,0,"FUN_00615fb7"
00618300,FUN_00618300,146,0,"FUN_00615fb7"
00618392,FUN_00618392,162,0,"FUN_00615fb7"
00618434,FUN_00618434,114,0,"FUN_00615fb7"
006184a6,FUN_006184a6,178,0,"FUN_00615fb7"
00618558,FUN_00618558,159,0,"FUN_00615fb7"
006185f7,FUN_006185f7,135,0,"FUN_00615fb7"
006186e2,FUN_006186e2,110,0,"FUN_00615fb7"
00618750,FUN_00618750,137,0,"FUN_00615fb7"
006187d9,FUN_006187d9,137,0,"FUN_00615fb7"
00618862,FUN_00618862,130,0,"FUN_00615fb7"
006188e4,FUN_006188e4,177,0,"FUN_00615fb7"
00618995,FUN_00618995,145,0,"FUN_00615fb7"
00618a26,FUN_00618a26,151,0,"FUN_00615fb7"
00618abd,FUN_00618abd,131,0,"FUN_00615fb7"
00618b40,FUN_00618b40,186,0,"FUN_00615fb7"
00618bfa,FUN_00618bfa,211,0,"FUN_00615fb7"
00618ccd,FUN_00618ccd,112,0,"FUN_00615fb7"
00618d3d,FUN_00618d3d,112,0,"FUN_00615fb7"
00618dad,FUN_00618dad,142,0,"FUN_00615fb7"
00618e3b,FUN_00618e3b,140,0,"FUN_00615fb7"
00618ec7,FUN_00618ec7,224,0,"FUN_00615fb7 __aullshr"
00618fa7,FUN_00618fa7,28,0,"FUN_00615c08"
00618fc3,FUN_00618fc3,248,0,"FUN_00615c08 FUN_006425a4 `vector_constructor_iterator' operator_new"
006190bb,FUN_006190bb,28,0,"_free thunk_FUN_0061535a"
006190d7,thunk_FUN_0061535a,5,0,""
006190dc,FUN_006190dc,28,0,"FUN_00615c08"
006190f8,FUN_006190f8,28,0,"_free thunk_FUN_0061535a"
00619114,thunk_FUN_0061535a,5,0,""
00619119,FUN_00619119,28,0,"FUN_00615c08"
00619135,FUN_00619135,28,0,"_free thunk_FUN_0061535a"
00619151,thunk_FUN_0061535a,5,0,""
00619156,FUN_00619156,28,0,"FUN_00615c08"
00619172,FUN_00619172,492,0,""
0061935e,FUN_0061935e,28,0,"_free thunk_FUN_0061535a"
0061937a,thunk_FUN_0061535a,5,0,""
0061937f,FUN_0061937f,28,0,"FUN_00615c08"
0061939b,FUN_0061939b,28,0,"_free thunk_FUN_0061535a"
006193b7,thunk_FUN_0061535a,5,0,""
006193bc,FUN_006193bc,28,0,"FUN_00615c08"
006193d8,FUN_006193d8,28,0,"_free thunk_FUN_0061535a"
006193f4,thunk_FUN_0061535a,5,0,""
006193f9,FUN_006193f9,721,0,"FUN_00619172"
006196ca,FUN_006196ca,28,0,"FUN_00615c08"
006196e6,FUN_006196e6,28,0,"_free thunk_FUN_0061535a"
00619702,thunk_FUN_0061535a,5,0,""
00619707,FUN_00619707,28,0,"FUN_00615c08"
00619723,FUN_00619723,28,0,"_free thunk_FUN_0061535a"
0061973f,thunk_FUN_0061535a,5,0,""
00619744,FUN_00619744,28,0,"FUN_00615c08"
00619760,FUN_00619760,28,0,"_free thunk_FUN_0061535a"
0061977c,thunk_FUN_0061535a,5,0,""
00619781,FUN_00619781,28,0,"FUN_00615c08"
0061979d,FUN_0061979d,28,0,"_free thunk_FUN_0061535a"
006197b9,thunk_FUN_0061535a,5,0,""
006197be,FUN_006197be,28,0,"FUN_00615c08"
006197da,FUN_006197da,28,0,"_free thunk_FUN_0061535a"
006197f6,thunk_FUN_0061535a,5,0,""
006197fb,FUN_006197fb,141,0,"FUN_00615373 FUN_006193f9"
00619888,FUN_00619888,28,0,"FUN_00615c08"
006198a4,FUN_006198a4,28,0,"_free thunk_FUN_0061535a"
006198c0,thunk_FUN_0061535a,5,0,""
00619934,FUN_00619934,28,0,"FUN_00615c08"
00619950,FUN_00619950,28,0,"_free thunk_FUN_0061535a"
0061996c,thunk_FUN_0061535a,5,0,""
00619971,FUN_00619971,498,0,"FUN_00615c08"
00619b63,FUN_00619b63,28,0,"FUN_00615c08"
00619b7f,FUN_00619b7f,28,0,"_free thunk_FUN_0061535a"
00619b9b,thunk_FUN_0061535a,5,0,""
00619ba0,FUN_00619ba0,28,0,"FUN_00615c08"
00619bbc,FUN_00619bbc,28,0,"_free thunk_FUN_0061535a"
00619bd8,thunk_FUN_0061535a,5,0,""
00619bdd,FUN_00619bdd,28,0,"FUN_00615c08"
00619bf9,FUN_00619bf9,28,0,"_free thunk_FUN_0061535a"
00619c15,thunk_FUN_0061535a,5,0,""
00619c1a,FUN_00619c1a,28,0,"FUN_00615c08"
00619c36,FUN_00619c36,28,0,"FUN_0061572c _free"
00619c52,FUN_00619c52,28,0,"_free thunk_FUN_0061535a"
00619c6e,thunk_FUN_0061535a,5,0,""
00619c73,FUN_00619c73,28,0,"FUN_00615c08"
00619c8f,FUN_00619c8f,28,0,"_free thunk_FUN_0061535a"
00619cab,thunk_FUN_0061535a,5,0,""
00619cb0,FUN_00619cb0,257,0,""
00619db1,FUN_00619db1,28,0,"FUN_00615c08"
00619dcd,FUN_00619dcd,28,0,"_free thunk_FUN_0061535a"
00619de9,thunk_FUN_0061535a,5,0,""
00619dee,FUN_00619dee,28,0,"FUN_00615c08"
00619e0a,FUN_00619e0a,28,0,"_free thunk_FUN_0061535a"
00619e26,thunk_FUN_0061535a,5,0,""
00619e2b,FUN_00619e2b,28,0,"FUN_00615c08"
00619e47,FUN_00619e47,28,0,"_free thunk_FUN_0061535a"
00619e63,thunk_FUN_0061535a,5,0,""
00619e68,FUN_00619e68,28,0,"FUN_00615c08"
00619e84,FUN_00619e84,28,0,"_free thunk_FUN_0061535a"
00619ea0,thunk_FUN_0061535a,5,0,""
00619ea5,FUN_00619ea5,28,0,"FUN_00615c08"
00619ec1,FUN_00619ec1,28,0,"_free thunk_FUN_0061535a"
00619edd,thunk_FUN_0061535a,5,0,""
00619ee2,FUN_00619ee2,28,0,"FUN_00615c08"
00619efe,FUN_00619efe,28,0,"_free thunk_FUN_0061535a"
00619f1a,thunk_FUN_0061535a,5,0,""
00619f1f,FUN_00619f1f,28,0,"FUN_00615c08"
00619f3b,FUN_00619f3b,28,0,"_free thunk_FUN_0061535a"
00619f57,thunk_FUN_0061535a,5,0,""
00619f5c,FUN_00619f5c,28,0,"FUN_00615c08"
00619f78,FUN_00619f78,28,0,"_free thunk_FUN_0061535a"
00619f94,thunk_FUN_0061535a,5,0,""
00619f99,FUN_00619f99,28,0,"FUN_00615c08"
00619fb5,FUN_00619fb5,28,0,"_free thunk_FUN_0061535a"
00619fd1,thunk_FUN_0061535a,5,0,""
00619fd6,FUN_00619fd6,681,0,"FUN_00615bc6 FUN_006425a4 `vector_constructor_iterator' operator_new"
0061a27f,FUN_0061a27f,28,0,"FUN_00615c08"
0061a29b,FUN_0061a29b,28,0,"_free thunk_FUN_0061535a"
0061a2b7,thunk_FUN_0061535a,5,0,""
0061a2bc,FUN_0061a2bc,28,0,"FUN_00615c08"
0061a2d8,FUN_0061a2d8,28,0,"_free thunk_FUN_0061535a"
0061a2f4,thunk_FUN_0061535a,5,0,""
0061a2f9,FUN_0061a2f9,28,0,"FUN_00615c08"
0061a315,FUN_0061a315,28,0,"_free thunk_FUN_0061535a"
0061a331,thunk_FUN_0061535a,5,0,""
0061a336,FUN_0061a336,24,0,"FUN_00619971"
0061a34e,FUN_0061a34e,28,0,"_free thunk_FUN_0061572c"
0061a36a,thunk_FUN_0061572c,5,0,""
0061a36f,FUN_0061a36f,24,0,"FUN_00619971"
0061a387,FUN_0061a387,28,0,"_free thunk_FUN_0061572c"
0061a3a3,thunk_FUN_0061572c,5,0,""
0061a3a8,FUN_0061a3a8,24,0,"FUN_00619971"
0061a3c0,FUN_0061a3c0,28,0,"_free thunk_FUN_0061572c"
0061a3dc,thunk_FUN_0061572c,5,0,""
0061a3e1,FUN_0061a3e1,24,0,"FUN_00619971"
0061a3f9,FUN_0061a3f9,28,0,"_free thunk_FUN_0061572c"
0061a415,thunk_FUN_0061572c,5,0,""
0061a41a,FUN_0061a41a,24,0,"FUN_00619971"
0061a432,FUN_0061a432,28,0,"_free thunk_FUN_0061572c"
0061a44e,thunk_FUN_0061572c,5,0,""
0061a453,FUN_0061a453,73,0,"FUN_0061535a FUN_00619172 FUN_006425a4 _free"
0061a49c,FUN_0061a49c,24,0,"FUN_00618fc3"
0061a4b4,FUN_0061a4b4,24,0,"FUN_00618fc3"
0061a4cc,FUN_0061a4cc,1824,0,"FUN_00618fa7 FUN_006190dc FUN_00619119 FUN_00619156 FUN_0061937f FUN_006193bc FUN_006196ca FUN_00619707 FUN_00619744 FUN_00619781 FUN_006197be FUN_00619888 FUN_00619934 FUN_00619b63 FUN_00619ba0 FUN_00619bdd FUN_00619c1a FUN_00619c73 FUN_00619db1 FUN_00619dee FUN_00619e2b FUN_00619e68 FUN_00619ea5 FUN_00619ee2 FUN_00619f1f FUN_00619f5c FUN_00619f99 FUN_0061a27f FUN_0061a2bc FUN_0061a2f9 FUN_0061a336 FUN_0061a36f FUN_0061a3a8 FUN_0061a3e1 FUN_0061a41a FUN_0061a49c FUN_0061a4b4 FUN_006425a4 operator_new"
0061ac44,FUN_0061ac44,28,0,"_free thunk_FUN_0061a453"
0061ac60,thunk_FUN_0061a453,5,0,""
0061ac65,FUN_0061ac65,28,0,"_free thunk_FUN_0061a453"
0061ac81,thunk_FUN_0061a453,5,0,""
0061ac86,FUN_0061ac86,45,0,""
0061acd9,FUN_0061acd9,42,0,"FUN_0061acd9 FUN_00620c9a"
0061ad97,FUN_0061ad97,42,0,"FUN_0061ad97 FUN_00620c9a"
0061ae76,FUN_0061ae76,47,0,"FUN_0061ae76 FUN_00620c9a"
0061af27,FUN_0061af27,13,0,"FUN_00620c9a"
0061af34,thunk_FUN_0061af27,6,0,""
0061af44,FUN_0061af44,42,0,"FUN_0061af44 FUN_00620c9a"
0061b022,FUN_0061b022,42,0,"FUN_0061b022 FUN_00620c9a"
0061b123,FUN_0061b123,47,0,"FUN_0061b123 FUN_00620c9a"
0061b256,FUN_0061b256,13,0,"FUN_00620c9a"
0061b263,thunk_FUN_0061b256,6,0,""
0061b2e5,FUN_0061b2e5,17,0,"FUN_00620c9a"
0061b330,FUN_0061b330,17,0,"FUN_00620c9a"
0061b469,FUN_0061b469,40,0,""
0061b5a5,FUN_0061b5a5,42,0,"FUN_0061b5a5 FUN_00620c9a"
0061b6c8,FUN_0061b6c8,47,0,"FUN_0061b6c8 FUN_00620c9a"
0061b930,FUN_0061b930,13,0,"FUN_00620c9a"
0061b93d,thunk_FUN_0061b930,6,0,""
0061bb79,FUN_0061bb79,13,0,"FUN_00620c9a"
0061bb86,thunk_FUN_0061bb79,6,0,""
0061be62,FUN_0061be62,13,0,"FUN_00620c9a"
0061be6f,thunk_FUN_0061be62,6,0,""
0061c2a6,FUN_0061c2a6,44,0,""
0061c2ff,FUN_0061c2ff,46,0,"FUN_0061c2ff FUN_00620c9a"
0061c38f,FUN_0061c38f,46,0,"FUN_0061c38f FUN_00620c9a"
0061c464,FUN_0061c464,28,0,"FUN_0061c464 FUN_00620c9a"
0061c500,FUN_0061c500,28,0,"FUN_0061c500 FUN_00620c9a"
0061c59d,FUN_0061c59d,28,0,"FUN_0061c59d FUN_00620c9a"
0061c763,FUN_0061c763,13,0,"FUN_00620c9a"
0061c770,thunk_FUN_0061c763,6,0,""
0061c88c,FUN_0061c88c,17,0,"FUN_00620c9a"
0061c89d,thunk_FUN_0061c88c,6,0,""
0061c8bb,FUN_0061c8bb,39,0,"FUN_0061c8bb FUN_00620c9a"
0061ca33,FUN_0061ca33,328,0,"thunk_FUN_0061af27"
0061cb7b,FUN_0061cb7b,328,0,"thunk_FUN_0061af27"
0061ccf1,FUN_0061ccf1,108,0,""
0061cd5d,FUN_0061cd5d,108,0,""
0061cdc9,FUN_0061cdc9,148,0,""
0061ce5d,FUN_0061ce5d,148,0,""
0061cef1,FUN_0061cef1,157,0,""
0061cf8e,FUN_0061cf8e,161,0,""
0061d082,FUN_0061d082,114,0,""
0061d13e,FUN_0061d13e,116,0,""
0061d1ef,FUN_0061d1ef,162,0,""
0061d291,FUN_0061d291,164,0,""
0061d552,FUN_0061d552,32,0,"FUN_0061d552 FUN_00620c9a"
0061d5d4,FUN_0061d5d4,46,0,"FUN_0061d5d4 FUN_00620c9a"
0061d602,thunk_FUN_0061d5d4,6,0,""
0061d6e1,FUN_0061d6e1,13,0,"FUN_00620c9a"
0061d6ee,thunk_FUN_0061d6e1,6,0,""
0061d856,FUN_0061d856,13,0,"FUN_00620c9a"
0061d863,thunk_FUN_0061d856,6,0,""
0061d92a,FUN_0061d92a,6,0,""
0061d9bb,FUN_0061d9bb,6,0,""
0061da5c,FUN_0061da5c,36,0,"FUN_0061da5c FUN_00620c9a"
0061da80,thunk_FUN_0061da5c,6,0,""
0061db69,FUN_0061db69,42,0,"FUN_0061db69 FUN_00620c9a"
0061dbf0,FUN_0061dbf0,17,0,"FUN_00620c9a"
0061dcc7,FUN_0061dcc7,13,0,"FUN_00620c9a"
0061dcd4,thunk_FUN_0061dcc7,6,0,""
0061dfe5,FUN_0061dfe5,88,0,""
0061e03d,FUN_0061e03d,64,0,""
0061e086,FUN_0061e086,206,0,""
0061e154,FUN_0061e154,141,0,"FUN_0061ac86"
0061e1e1,FUN_0061e1e1,107,0,""
0061e24c,FUN_0061e24c,128,0,"FUN_0061ac86"
0061e2cc,FUN_0061e2cc,60,0,""
0061e308,FUN_0061e308,160,0,"FUN_0061ac86"
0061e3a8,FUN_0061e3a8,191,0,"FUN_0061ac86"
0061e467,FUN_0061e467,365,0,"thunk_FUN_0061b256 thunk_FUN_0061b930"
0061e5f4,FUN_0061e5f4,390,0,"thunk_FUN_0061b256 thunk_FUN_0061b930 thunk_FUN_0061be62"
0061e79a,FUN_0061e79a,185,0,"FUN_0061ac86"
0061e853,FUN_0061e853,39,0,"thunk_FUN_0061d6e1"
0061e87a,FUN_0061e87a,57,0,"thunk_FUN_0061c763 thunk_FUN_0061d5d4"
0061e8b3,FUN_0061e8b3,692,0,"thunk_FUN_0061b930 thunk_FUN_0061bb79 thunk_FUN_0061c763"
0061eb67,FUN_0061eb67,218,0,"thunk_FUN_0061dcc7"
0061ec41,FUN_0061ec41,191,0,"thunk_FUN_0061dcc7"
0061f0da,FUN_0061f0da,75,0,""
0061f125,FUN_0061f125,249,0,"DeleteDC DeleteObject SelectObject"
0061f221,FUN_0061f221,28,0,"FUN_0061f125 _free"
0061f23d,FUN_0061f23d,141,0,""
0061f2ca,FUN_0061f2ca,48,0,""
0061f2fa,FUN_0061f2fa,123,0,""
0061f375,FUN_0061f375,186,0,"FUN_00605ae8 FUN_00605b61"
0061f42f,FUN_0061f42f,35,0,"SelectObject"
0061f452,FUN_0061f452,12,0,"FUN_0061f221"
0061f45e,FUN_0061f45e,321,0,"CreateCompatibleDC CreateDIBSection FUN_0060501f FUN_0061f375 SelectObject SetBkColor SetBkMode SetTextColor"
0061f59f,FUN_0061f59f,1299,0,"CreateDIBSection DeleteObject DrawTextA DrawTextW FUN_00605410 FUN_0061f23d FUN_0061f2ca GetVersionExA SelectObject WideCharToMultiByte __chkstk"
0061fab2,FUN_0061fab2,117,0,"FUN_0061f0da FUN_0061f221 FUN_0061f45e operator_new"
0061fb27,FUN_0061fb27,16,0,""
0061fb37,FUN_0061fb37,14,0,"_free"
0061fb45,FUN_0061fb45,110,0,"_free operator_new"
0061fbb3,FUN_0061fbb3,52,0,""
0061fbe7,FUN_0061fbe7,8,0,""
0061fbef,FUN_0061fbef,19,0,""
0061fc02,FUN_0061fc02,49,0,"_free"
0061fc33,FUN_0061fc33,179,0,"_free operator_new"
0061fce6,FUN_0061fce6,52,0,""
0061fd1a,FUN_0061fd1a,8,0,""
0061fd22,FUN_0061fd22,232,0,"FUN_006200da FUN_006425a4 operator_new"
0061fe0a,FUN_0061fe0a,21,0,"_free"
0061fe1f,FUN_0061fe1f,38,0,"operator_new"
0061fedb,FUN_0061fedb,27,0,"FUN_0061fe0a"
0061fef6,FUN_0061fef6,28,0,"FUN_0061fedb _free"
0061ff67,FUN_0061ff67,269,0,"__ftol _free operator_new"
00620074,FUN_00620074,28,0,"FUN_0061fe0a _free"
00620093,FUN_00620093,71,0,""
006200da,FUN_006200da,24,0,""
00620116,FUN_00620116,28,0,"_free thunk_FUN_0061fe0a"
00620132,thunk_FUN_0061fe0a,5,0,""
006201df,FUN_006201df,192,0,"FUN_006223e1 FUN_006272b1 FUN_006277bb FUN_00628171"
0062029f,thunk_FUN_00628247,5,0,""
006202a9,FUN_006202a9,93,0,""
00620306,FUN_00620306,371,0,""
00620479,FUN_00620479,154,0,"FUN_00620306"
00620513,FUN_00620513,56,0,""
00620583,FUN_00620583,167,0,"FUN_00628225"
0062062a,FUN_0062062a,99,0,"FUN_00620479 FUN_00628225"
0062068d,FUN_0062068d,169,0,""
00620736,FUN_00620736,132,0,""
006207ba,FUN_006207ba,157,0,""
0062092e,FUN_0062092e,193,0,"FUN_0062068d FUN_006288c7"
006209ef,FUN_006209ef,92,0,"RegCloseKey RegOpenKeyA RegQueryValueExA"
00620a4b,FUN_00620a4b,37,0,""
00620a70,FUN_00620a70,153,0,"FUN_00620a4b RegCloseKey RegOpenKeyA RegQueryValueExA"
00620b09,FUN_00620b09,56,0,""
00620b41,FUN_00620b41,58,0,"FUN_00620b87 FUN_006425a4"
00620b7b,Catch@00620b7b,12,0,""
00620b87,FUN_00620b87,90,0,""
00620be6,FUN_00620be6,180,0,"FUN_00620b09 FUN_00620b41 GetVersionExA IsProcessorFeaturePresent"
00620c9a,FUN_00620c9a,221,0,"FUN_006209ef FUN_00620be6 FUN_00628900 FUN_00628a10 FUN_00628bf5 FUN_006292bc"
00620d77,FUN_00620d77,142,0,""
00620e05,FUN_00620e05,763,0,""
00621100,FUN_00621100,690,0,""
006213b2,FUN_006213b2,572,0,""
006215ee,FUN_006215ee,378,0,""
00621768,FUN_00621768,343,0,""
006218bf,FUN_006218bf,660,0,"FUN_0062827e"
00621b53,FUN_00621b53,553,0,"FUN_00628262"
00621d7c,FUN_00621d7c,215,0,""
00621e53,FUN_00621e53,156,0,""
00621eef,FUN_00621eef,215,0,""
00621fc6,FUN_00621fc6,151,0,""
0062224a,FUN_0062224a,126,0,"FUN_00621eef"
006223b7,FUN_006223b7,42,0,""
006223e1,FUN_006223e1,125,0,"FUN_006223b7"
0062245e,FUN_0062245e,26,0,"FUN_00628247 _exit"
0062256f,FUN_0062256f,76,0,""
006225bb,FUN_006225bb,135,0,""
0062264f,FUN_0062264f,26,0,""
00622671,FUN_00622671,29,0,"_longjmp"
0062268f,FUN_0062268f,21,0,""
006226a4,FUN_006226a4,37,0,"FUN_006225bb FUN_00622671"
006226c9,FUN_006226c9,37,0,"FUN_006225bb FUN_0062268f"
006226ee,FUN_006226ee,259,0,"FUN_0062264f FUN_00622671 FUN_006253f4 FUN_0062945a FUN_00629921 FUN_00629963 FUN_00629970 FUN_006299a6 __setjmp3"
006227f1,FUN_006227f1,192,0,"FUN_00622671 FUN_006253f4 FUN_0062945a FUN_00629970"
006228b1,FUN_006228b1,371,0,"FUN_00622671 FUN_006253cc FUN_00625466 FUN_0062551e FUN_00629a13 FUN_00629a49 FUN_0062a3a5 FUN_0062a59b FUN_0062a6c5 FUN_0062a70f FUN_0062a81a FUN_0062a909 FUN_0062aac0"
00622a24,FUN_00622a24,32,0,"FUN_00623c66 FUN_0062a17d"
00622a56,FUN_00622a56,935,0,"FUN_00622671 FUN_00625086 FUN_006253cc FUN_0062551e FUN_00629471 FUN_006299bf FUN_00629a13 FUN_00629a49 FUN_00629b23 FUN_00629d39 FUN_0062a002 FUN_0062a17d FUN_0062a319 FUN_0062ab0a"
00622dfd,FUN_00622dfd,122,0,"FUN_00622a56"
00622e77,FUN_00622e77,77,0,"FUN_00622a56 FUN_006233df"
00622ec4,FUN_00622ec4,256,0,"FUN_00622671 FUN_006253cc FUN_0062551e FUN_00629a13 FUN_00629a49 FUN_0062a319 FUN_0062a3a5 FUN_0062a59b FUN_0062a6c5 FUN_0062a70f FUN_0062a81a FUN_0062a909 FUN_0062aac0"
00622fc4,FUN_00622fc4,291,0,"FUN_00625583 FUN_00629337 FUN_006299a6 thunk_FUN_006299a6"
006230f6,FUN_006230f6,129,0,"FUN_00622fc4 FUN_00629963"
00623177,FUN_00623177,26,0,""
00623191,FUN_00623191,22,0,""
006231a7,FUN_006231a7,22,0,""
006231d3,FUN_006231d3,41,0,""
006231fc,FUN_006231fc,43,0,""
00623227,FUN_00623227,209,0,"FUN_0062268f"
006232f8,FUN_006232f8,51,0,""
0062332b,FUN_0062332b,103,0,""
00623392,FUN_00623392,9,0,""
0062339b,FUN_0062339b,18,0,""
006233ad,FUN_006233ad,25,0,""
006233df,FUN_006233df,25,0,""
006233f8,FUN_006233f8,77,0,""
00623445,FUN_00623445,45,0,""
00623472,FUN_00623472,191,0,""
006235b9,FUN_006235b9,1619,0,"FUN_00629970 FUN_006299a6"
00623c0c,FUN_00623c0c,54,0,""
00623c54,FUN_00623c54,9,0,""
00623c5d,FUN_00623c5d,9,0,""
00623c66,FUN_00623c66,235,0,""
00623d51,FUN_00623d51,272,0,""
00623e61,FUN_00623e61,375,0,""
00623fd8,FUN_00623fd8,68,0,""
0062401c,FUN_0062401c,568,0,""
00624254,FUN_00624254,96,0,""
006242b4,FUN_006242b4,846,0,""
00624602,FUN_00624602,520,0,""
0062480a,FUN_0062480a,850,0,""
00624b5c,FUN_00624b5c,270,0,""
00624c6a,FUN_00624c6a,777,0,"FUN_00629970 FUN_00643770 __ftol"
00624f73,FUN_00624f73,275,0,"FUN_00624c6a"
00625086,FUN_00625086,440,0,"FUN_00622671 FUN_00623445 FUN_00623472 FUN_00623d51 FUN_00623e61 FUN_00623fd8 FUN_0062401c FUN_006242b4 FUN_00624602 FUN_0062480a FUN_00624b5c"
0062523e,FUN_0062523e,27,0,""
00625259,FUN_00625259,161,0,"FUN_0062268f"
006252fa,FUN_006252fa,36,0,""
0062531e,FUN_0062531e,27,0,""
00625339,FUN_00625339,57,0,"FUN_0062523e FUN_0062531e"
00625372,FUN_00625372,71,0,""
006253cc,FUN_006253cc,40,0,"FUN_00622671"
006253f4,FUN_006253f4,63,0,"FUN_0062268f"
00625466,FUN_00625466,72,0,""
006254c6,FUN_006254c6,83,0,"FUN_00629970"
00625519,thunk_FUN_006299a6,5,0,""
0062551e,FUN_0062551e,24,0,"FUN_0062ad34"
00625536,FUN_00625536,63,0,"FUN_0062ad34"
00625575,FUN_00625575,14,0,""
00625583,FUN_00625583,14,0,""
006255a0,FUN_006255a0,38,0,"FUN_00629921"
006255c6,FUN_006255c6,38,0,"FUN_00629963"
006255ec,FUN_006255ec,76,0,""
00625638,FUN_00625638,126,0,""
006256b6,FUN_006256b6,48,0,""
006256e6,FUN_006256e6,70,0,""
0062572c,FUN_0062572c,35,0,""
0062576e,FUN_0062576e,250,0,"FUN_0062572c"
00625868,FUN_00625868,773,0,"FUN_0062572c"
00625b6d,FUN_00625b6d,1387,0,"FUN_0062572c"
006260d8,FUN_006260d8,2052,0,"FUN_006255ec FUN_0062572c FUN_0062576e FUN_00625b6d"
006268dc,FUN_006268dc,318,0,"FUN_006255ec"
00626a1a,FUN_00626a1a,131,0,"FUN_006268dc"
00626a9d,FUN_00626a9d,316,0,"FUN_006268dc"
00626bf1,FUN_00626bf1,276,0,"FUN_0062572c FUN_006260d8"
00626d05,FUN_00626d05,1106,0,"FUN_0062572c FUN_00625868 FUN_006260d8"
0062719d,FUN_0062719d,52,0,"FUN_006256b6 FUN_00626bf1"
006271d1,FUN_006271d1,52,0,"FUN_006256b6 FUN_00626d05"
00627205,FUN_00627205,16,0,""
00627215,FUN_00627215,24,0,""
0062722d,FUN_0062722d,71,0,""
00627274,FUN_00627274,34,0,""
00627296,FUN_00627296,27,0,""
006272b1,FUN_006272b1,50,0,""
006272e3,FUN_006272e3,443,0,"FUN_00627205"
0062749e,FUN_0062749e,374,0,"FUN_00627205"
00627614,FUN_00627614,146,0,""
006276a6,FUN_006276a6,58,0,"FUN_0062749e FUN_00627614"
00627773,FUN_00627773,55,0,""
006277bb,FUN_006277bb,65,0,""
006277fc,FUN_006277fc,21,0,""
00627811,FUN_00627811,252,0,"FUN_006277fc FUN_0062ae3d"
0062790d,FUN_0062790d,142,0,"FUN_006277fc FUN_0062ae53"
0062799b,FUN_0062799b,146,0,"FUN_00627811 FUN_0062790d"
00627a2d,FUN_00627a2d,158,0,"FUN_00627811 FUN_0062790d"
00627acb,FUN_00627acb,97,0,"FUN_00627811"
00627b2c,FUN_00627b2c,97,0,"FUN_00627811"
00627b8d,FUN_00627b8d,383,0,"FUN_0062799b FUN_00627a2d FUN_0062ae69 FUN_0062ae6e"
00627d0c,FUN_00627d0c,136,0,""
00627d94,FUN_00627d94,139,0,""
00627e1f,FUN_00627e1f,286,0,"FUN_00627296 FUN_00627d0c"
00627f3d,FUN_00627f3d,291,0,"FUN_00627296 FUN_00627d94"
00628060,FUN_00628060,225,0,"FUN_0062ae48 FUN_0062ae5e"
00628141,FUN_00628141,48,0,"FUN_00628060 FUN_0062ae48 FUN_0062ae85"
00628171,FUN_00628171,180,0,"FUN_0062ae3d FUN_0062ae82 FUN_0062ae85"
00628225,FUN_00628225,34,0,""
00628247,FUN_00628247,27,0,""
00628262,FUN_00628262,28,0,""
0062827e,FUN_0062827e,28,0,""
0062829a,FUN_0062829a,113,0,""
0062830b,FUN_0062830b,495,0,"FUN_00627205 FUN_0062829a"
006284fa,FUN_006284fa,111,0,""
00628569,FUN_00628569,429,0,"FUN_0062829a FUN_0062830b FUN_006284fa FUN_0062b3c4 FUN_0062c003 FUN_0062c9d3 FUN_0062d581 FUN_0062d799 FUN_0062da34 FUN_0062def3 FUN_0062e8e9 FUN_0062eee2 FUN_0062fea4 FUN_006309c5"
00628864,FUN_00628864,99,0,""
006288c7,FUN_006288c7,48,0,"FUN_00628569"
00628900,FUN_00628900,262,0,""
00628a10,FUN_00628a10,266,0,""
00628b20,FUN_00628b20,213,0,""
00628bf5,FUN_00628bf5,550,0,"FUN_00628b20"
00629081,FUN_00629081,202,0,""
0062914b,FUN_0062914b,227,0,""
0062922e,FUN_0062922e,142,0,""
006292bc,FUN_006292bc,60,0,""
006292f8,FUN_006292f8,63,0,"FUN_0063a80b"
00629337,FUN_00629337,62,0,"FUN_0063b09e"
00629375,FUN_00629375,229,0,"FUN_006292f8 FUN_00629337 FUN_0063a876 FUN_0063b240"
0062945a,FUN_0062945a,23,0,"FUN_00629375"
00629471,FUN_00629471,815,0,"FUN_0063a80b FUN_0063a903"
006297d8,FUN_006297d8,121,0,"FUN_0063b0d2 FUN_0063b110"
00629851,FUN_00629851,174,0,"FUN_006292f8"
00629921,FUN_00629921,66,0,"_malloc"
00629963,FUN_00629963,13,0,"_free"
00629970,FUN_00629970,54,0,"FUN_00622671 _malloc"
006299a6,FUN_006299a6,25,0,"_free"
006299bf,FUN_006299bf,35,0,""
006299e2,FUN_006299e2,49,0,""
00629a13,FUN_00629a13,35,0,""
00629a49,FUN_00629a49,26,0,"FUN_006253cc FUN_00625536"
00629a63,FUN_00629a63,94,0,"FUN_006253cc FUN_00629a13"
00629ac1,FUN_00629ac1,98,0,"FUN_006226a4"
00629b23,FUN_00629b23,534,0,""
00629d39,FUN_00629d39,713,0,""
0062a002,FUN_0062a002,379,0,"FUN_0062268f"
0062a17d,FUN_0062a17d,412,0,"FUN_00624f73 FUN_00629970 FUN_006299e2"
0062a319,FUN_0062a319,140,0,"FUN_006226a4 FUN_006226c9 FUN_00629a49 FUN_00629a63"
0062a3a5,FUN_0062a3a5,502,0,"FUN_00622671 FUN_00625259 FUN_00629a13 FUN_00629a49 FUN_0062a319"
0062a59b,FUN_0062a59b,298,0,"FUN_00622671 FUN_0062268f FUN_006252fa FUN_006254c6 FUN_00629a49 FUN_0062a319"
0062a6c5,FUN_0062a6c5,74,0,"FUN_00622671 FUN_0062268f FUN_0062a319"
0062a70f,FUN_0062a70f,267,0,"FUN_00622671 FUN_0062268f FUN_0062523e FUN_00629a13 FUN_00629a49 FUN_0062a319"
0062a81a,FUN_0062a81a,239,0,"FUN_00622671 FUN_0062268f FUN_00625339 FUN_00629a49 FUN_0062a319"
0062a909,FUN_0062a909,439,0,"FUN_00622671 FUN_0062268f FUN_00625372 FUN_00629970 FUN_00629a49 FUN_0062a319"
0062aac0,FUN_0062aac0,74,0,"FUN_006226a4 FUN_00629ac1 FUN_0062a319"
0062ab0a,FUN_0062ab0a,548,0,"FUN_00622671 FUN_006253cc FUN_0062551e FUN_006292f8 FUN_00629471 FUN_006299e2 FUN_00629a13 FUN_00629a49 FUN_0062a319"
0062ad34,FUN_0062ad34,265,0,""
0062ae3d,FUN_0062ae3d,11,0,"_malloc"
0062ae48,FUN_0062ae48,11,0,"_free"
0062ae53,FUN_0062ae53,11,0,"_malloc"
0062ae5e,FUN_0062ae5e,11,0,"_free"
0062ae69,FUN_0062ae69,5,0,""
0062ae6e,FUN_0062ae6e,20,0,""
0062ae82,FUN_0062ae82,3,0,""
0062ae85,FUN_0062ae85,1,0,""
0062ae86,FUN_0062ae86,168,0,""
0062af2e,FUN_0062af2e,305,0,""
0062b05f,FUN_0062b05f,212,0,""
0062b133,FUN_0062b133,150,0,""
0062b1c9,FUN_0062b1c9,104,0,""
0062b231,FUN_0062b231,264,0,"FUN_0062b05f FUN_0062b133"
0062b3c4,FUN_0062b3c4,211,0,"FUN_0062ae86"
0062b497,FUN_0062b497,63,0,""
0062b4e6,FUN_0062b4e6,474,0,"FUN_00627296 FUN_0062b497"
0062b6c3,FUN_0062b6c3,415,0,"FUN_0062b497"
0062b862,FUN_0062b862,358,0,""
0062b9c8,FUN_0062b9c8,227,0,""
0062bfc8,FUN_0062bfc8,59,0,"FUN_0062b9c8"
0062c003,FUN_0062c003,248,0,"FUN_00627215"
0062c0fb,FUN_0062c0fb,426,0,""
0062c2a5,FUN_0062c2a5,234,0,""
0062c38f,FUN_0062c38f,234,0,"FUN_0062c2a5"
0062c479,FUN_0062c479,94,0,""
0062c4d7,FUN_0062c4d7,973,0,"FUN_0062c2a5 FUN_0062c38f FUN_0062c479"
0062c8a4,FUN_0062c8a4,303,0,"FUN_0062c0fb"
0062c9d3,FUN_0062c9d3,58,0,""
0062ca0d,FUN_0062ca0d,91,0,""
0062ca68,FUN_0062ca68,509,0,"FUN_0062c2a5 FUN_0062c38f FUN_0062ca0d"
0062cc65,FUN_0062cc65,553,0,"FUN_0062c2a5 FUN_0062c38f FUN_0062ca0d"
0062ce8e,FUN_0062ce8e,226,0,"FUN_0062c2a5 FUN_0062ca0d"
0062cf70,FUN_0062cf70,878,0,"FUN_0062c2a5 FUN_0062c38f FUN_0062ca0d"
0062d2de,FUN_0062d2de,675,0,"FUN_0062c0fb"
0062d581,FUN_0062d581,97,0,""
0062d5e2,FUN_0062d5e2,439,0,""
0062d799,FUN_0062d799,116,0,""
0062d80d,FUN_0062d80d,101,0,""
0062d872,FUN_0062d872,144,0,""
0062d902,FUN_0062d902,140,0,""
0062da34,FUN_0062da34,131,0,"FUN_00627215"
0062dad1,FUN_0062dad1,198,0,""
0062dbaa,FUN_0062dbaa,221,0,"FUN_0062722d"
0062dc87,FUN_0062dc87,87,0,""
0062dcde,FUN_0062dcde,106,0,"FUN_0062722d"
0062dd48,FUN_0062dd48,164,0,""
0062ddec,FUN_0062ddec,263,0,""
0062def3,FUN_0062def3,449,0,"FUN_00627215"
0062e0b4,FUN_0062e0b4,176,0,""
0062e164,FUN_0062e164,107,0,""
0062e1cf,FUN_0062e1cf,35,0,"FUN_0062722d"
0062e1f2,FUN_0062e1f2,306,0,""
0062e325,FUN_0062e325,316,0,""
0062e461,FUN_0062e461,302,0,""
0062e58f,FUN_0062e58f,316,0,""
0062e6cb,FUN_0062e6cb,542,0,"FUN_0062e325"
0062e8e9,FUN_0062e8e9,289,0,"FUN_0062e0b4"
0062ea0a,FUN_0062ea0a,176,0,""
0062eacf,FUN_0062eacf,166,0,"FUN_0062722d"
0062eb75,FUN_0062eb75,49,0,""
0062eba6,FUN_0062eba6,342,0,""
0062ecfc,FUN_0062ecfc,486,0,""
0062eee2,FUN_0062eee2,117,0,"FUN_0062ea0a"
0062ef57,FUN_0062ef57,108,0,""
0062f00f,FUN_0062f00f,824,0,""
0062f347,FUN_0062f347,339,0,"FUN_0062f00f"
0062f49a,FUN_0062f49a,312,0,""
0062f5d2,FUN_0062f5d2,141,0,"FUN_0062f00f FUN_0062f347 FUN_0062f49a"
0062f65f,FUN_0062f65f,384,0,""
0062f7df,FUN_0062f7df,282,0,""
0062f8f9,FUN_0062f8f9,208,0,"FUN_0062f65f FUN_0062f7df"
0062f9c9,FUN_0062f9c9,169,0,"FUN_0062f8f9"
0062fa72,FUN_0062fa72,622,0,"FUN_0062f8f9"
0062fce0,FUN_0062fce0,144,0,""
0062fd93,FUN_0062fd93,258,0,"FUN_00627296 FUN_0062fce0"
0062fea4,FUN_0062fea4,275,0,"FUN_0062fce0"
0062ffb7,FUN_0062ffb7,203,0,""
006300ae,FUN_006300ae,301,0,"FUN_0062ffb7"
006301db,FUN_006301db,299,0,""
00630306,FUN_00630306,98,0,""
00630368,FUN_00630368,197,0,""
0063042d,FUN_0063042d,136,0,""
006304b5,FUN_006304b5,141,0,""
00630542,FUN_00630542,235,0,"FUN_00627296"
0063062d,FUN_0063062d,255,0,""
0063072c,FUN_0063072c,388,0,"FUN_00627296"
006308b0,FUN_006308b0,54,0,""
006308e6,FUN_006308e6,202,0,"FUN_00627296 FUN_006301db FUN_00630368 FUN_006308b0"
006309c5,FUN_006309c5,135,0,"FUN_006300ae FUN_006301db FUN_006308b0"
00630a50,FUN_00630a50,64,0,""
00630a90,FUN_00630a90,89,0,""
00633c36,FUN_00633c36,179,0,"FUN_0063ccc0"
006341df,FUN_006341df,108,0,"FUN_006393b2 FUN_0063d2a0"
0063424b,FUN_0063424b,311,0,"FUN_0063cbc0 FUN_0063d3c0"
00634382,FUN_00634382,141,0,"FUN_0063424b"
0063440f,FUN_0063440f,146,0,"FUN_0063424b"
00634505,FUN_00634505,167,0,"FUN_0063ccc0 FUN_0063d3c0"
006346f3,FUN_006346f3,2649,0,"FUN_0063ccc0 FUN_0063d2a0 FUN_0063d3c0"
00635834,FUN_00635834,57,0,""
006359f4,FUN_006359f4,4504,0,""
00636b8c,FUN_00636b8c,421,0,"FUN_0063d2a0"
00637265,FUN_00637265,281,0,"FUN_006393b2 FUN_0063d2a0"
0063775c,FUN_0063775c,4436,0,""
006388b0,FUN_006388b0,738,0,""
00638f8a,FUN_00638f8a,820,0,""
006393b2,FUN_006393b2,95,0,""
00639640,FUN_00639640,139,0,""
006396cb,FUN_006396cb,455,0,""
00639897,FUN_00639897,360,0,"FUN_00639640 FUN_006396cb"
00639a1f,FUN_00639a1f,518,0,"FUN_00638f8a FUN_00639640 FUN_006396cb"
00639c45,FUN_00639c45,307,0,"FUN_00635834 FUN_006388b0 FUN_00639640 FUN_006396cb"
0063a668,FUN_0063a668,100,0,""
0063a80b,FUN_0063a80b,107,0,"FUN_0063dd50"
0063a876,FUN_0063a876,141,0,"FUN_0063a80b"
0063a903,FUN_0063a903,1907,0,"FUN_0063d7b8 FUN_0063d7ec FUN_0063dd50 FUN_0063e0e6 FUN_0063e165 FUN_0063e268 FUN_0063e297"
0063b09e,FUN_0063b09e,52,0,"FUN_0063a80b"
0063b0d2,FUN_0063b0d2,49,0,""
0063b110,FUN_0063b110,281,0,""
0063b240,FUN_0063b240,16,0,"_calloc"
0063b25b,FUN_0063b25b,789,0,""
0063b570,FUN_0063b570,446,0,""
0063b72e,FUN_0063b72e,61,0,""
0063b76b,FUN_0063b76b,76,0,"FUN_0063e3ac FUN_0063e80e"
0063b7b7,FUN_0063b7b7,76,0,"FUN_0063eec6 FUN_0063f221"
0063b803,FUN_0063b803,993,0,"__ftol"
0063c1c0,FUN_0063c1c0,492,0,""
0063c8a0,FUN_0063c8a0,232,0,""
0063c990,FUN_0063c990,329,0,""
0063cbc0,FUN_0063cbc0,245,0,""
0063ccc0,FUN_0063ccc0,247,0,""
0063d2a0,FUN_0063d2a0,275,0,""
0063d3c0,FUN_0063d3c0,277,0,""
0063d7b8,FUN_0063d7b8,52,0,""
0063d7ec,FUN_0063d7ec,1340,0,"FUN_0063e297 FUN_0063fff4"
0063dd50,FUN_0063dd50,17,0,""
0063dd61,FUN_0063dd61,901,0,""
0063e0e6,FUN_0063e0e6,127,0,"FUN_0063dd61"
0063e165,FUN_0063e165,259,0,"FUN_0063dd61"
0063e268,FUN_0063e268,47,0,""
0063e297,FUN_0063e297,277,0,""
0063e3ac,FUN_0063e3ac,1122,0,""
0063e80e,FUN_0063e80e,1720,0,""
0063eec6,FUN_0063eec6,859,0,""
0063f221,FUN_0063f221,3539,0,""
0063fff4,FUN_0063fff4,693,0,""
00640490,_memset,96,3,""
006404f0,_sprintf,88,2,"__flsbuf __output"
00640548,__scprintf,49,1,"__output"
0064057a,FUN_0064057a,56,0,""
006405c2,__fpmath,30,1,"FUN_0064057a __ms_p5_mp_test_fdiv __setdefaultprecision"
006405e0,report_failure,41,0,"ExitProcess __SEH_prolog ___security_error_handler"
00640611,__security_check_cookie,14,1,"report_failure"
00640620,_strlen,139,1,""
006406ac,FUN_006406ac,117,0,""
00640721,_JumpToContinuation,43,2,""
00640751,_CallMemberFunction0,7,2,""
00640758,FID_conflict:_CallMemberFunction1,7,0,""
0064075f,FID_conflict:_CallMemberFunction1,7,0,""
00640766,_UnwindNestedFrames,82,2,"RtlUnwind"
006407b8,___CxxFrameHandler,54,0,"___InternalCxxFrameHandler"
00640843,_CallSETranslator,199,7,"__getptd"
0064090a,TranslatorGuardHandler,175,4,"_CallSETranslator _UnwindNestedFrames ___InternalCxxFrameHandler"
006409bc,_GetRangeOfTrysToCheck,122,5,"_inconsistency"
00640a36,_CreateFrameInfo,40,2,"__getptd"
00640a5e,IsExceptionObjectToBeDestroyed,33,1,"__getptd"
00640a7f,_FindAndUnlinkFrame,76,1,"__getptd _inconsistency"
00640acb,_CallCatchBlock2,89,5,"__CallSettingFrame@12"
00640b24,__global_unwind2,32,0,"RtlUnwind"
00640b66,__local_unwind2,104,0,"FUN_00640bfa"
00640bce,__abnormal_termination,35,0,""
00640bf1,__NLG_Notify1,9,0,""
00640bfa,FUN_00640bfa,24,0,""
00640c12,__CxxThrowException@8,58,0,"RaiseException"
00640c4c,FUN_00640c4c,17,0,""
00640c9a,exception,74,2,"FUN_00641b80 _malloc _strlen"
00640ce4,~exception,22,1,"_free"
00640d38,FUN_00640d38,11,0,"~exception"
00640d74,FUN_00640d74,11,0,"~exception"
00640daf,FUN_00640daf,11,0,"~exception"
00640dba,FUN_00640dba,28,0,"_free ~exception"
00640dd6,operator=,31,2,"exception ~exception"
00640df5,FUN_00640df5,28,0,"FUN_00640d38 _free"
00640e11,FUN_00640e11,28,0,"FUN_00640d74 _free"
00640e2d,FUN_00640e2d,28,0,"FUN_00640daf _free"
00640e49,~type_info,61,1,"FUN_00640e86 __SEH_epilog __SEH_prolog __lock _free"
00640e86,FUN_00640e86,9,0,"FUN_00646658"
00640e8f,`scalar_deleting_destructor',28,2,"_free ~type_info"
00640f15,_free,5,1,""
00640f20,_memcpy,672,3,""
00641260,_memmove,672,3,""
0064159d,operator_new,14,1,"__nh_malloc"
006415ab,__onexit_lk,128,0,"__msize _realloc"
0064162b,___onexitinit,40,0,"_malloc"
00641653,__onexit,50,1,"FUN_00641685 FUN_006440d5 __SEH_epilog __SEH_prolog __onexit_lk"
00641685,FUN_00641685,6,0,"FUN_006440de"
0064168b,_atexit,18,1,"__onexit"
0064169d,_free,5,1,""
006416a2,operator_new,5,1,""
006416b0,_strcmp,135,2,""
00641740,FUN_00641740,20,0,"FUN_0064175d FUN_00646bd8"
00641754,FUN_00641754,9,0,"__fload_withFB"
0064175d,FUN_0064175d,145,0,"FUN_00646b7c __math_exit __startOneArgErrorHandling"
006417f0,FUN_006417f0,20,0,"FUN_0064180d FUN_00646bd8"
00641804,FUN_00641804,9,0,"__fload_withFB"
0064180d,FUN_0064180d,145,0,"FUN_00646b7c __math_exit __startOneArgErrorHandling"
0064189e,FUN_0064189e,13,0,"__getptd"
006418ab,_rand,34,0,"__getptd"
006418cd,_fabs,177,1,"__ctrlfp __except1 __handle_qnan1 __sptype"
0064197e,_localtime,384,1,"___tzset __isindst _gmtime"
00641afe,FID_conflict:__time32,57,1,"GetSystemTimeAsFileTime __aulldiv"
00641b37,FUN_00641b37,70,0,"FUN_00647f98 FUN_00647fa1 GetFileAttributesA GetLastError __dosmaperr"
00641b80,FUN_00641b80,7,0,""
00641b90,FUN_00641b90,232,0,""
00641c78,`eh_vector_constructor_iterator',74,5,"FUN_00641cc2 __SEH_epilog __SEH_prolog"
00641cc2,FUN_00641cc2,24,0,"__ArrayUnwind"
00641cec,__ArrayUnwind,47,4,"__SEH_epilog __SEH_prolog"
00641d4a,`eh_vector_destructor_iterator',72,4,"FUN_00641d92 __SEH_epilog __SEH_prolog"
00641d92,FUN_00641d92,24,0,"__ArrayUnwind"
00641daa,FUN_00641daa,11,0,""
00641de0,_strncmp,57,3,""
00641e40,FUN_00641e40,20,0,"FUN_00641e5d FUN_00646bd8"
00641e54,FUN_00641e54,9,0,"__fload_withFB"
00641e5d,FUN_00641e5d,157,0,"FUN_00646b65 FUN_00646b7c __math_exit __startOneArgErrorHandling"
00641f00,_memcmp,184,3,""
00641fb8,FUN_00641fb8,11,0,""
00641fd0,FID_conflict:_cos,72,1,"FUN_00648158 __fload_withFB"
00642120,FUN_00642120,285,0,"___libm_error_support"
00642240,FUN_00642240,10,0,"__ctrandisp2"
00642260,_strrchr,45,2,""
0064228d,__amsg_exit,37,1,"__FF_MSGBANNER __NMSG_WRITE __exit"
006422b2,fast_error_exit,36,0,"__FF_MSGBANNER __NMSG_WRITE ___crtExitProcess"
0064232c,entry,426,0,"FUN_00602a60 GetCommandLineA GetModuleHandleA GetStartupInfoA GetVersionExA __RTC_Initialize __SEH_epilog __SEH_prolog ___crtGetEnvironmentStringsA __amsg_exit __cexit __chkstk __cinit __heap_init __ioinit __mtinit __setargv __setenvp __wincmdln _exit fast_error_exit"
00642510,__chkstk,61,0,""
0064254d,__snprintf,87,3,"__flsbuf __output"
006425a4,FUN_006425a4,31,0,""
006425c3,__vsnprintf,86,4,"__flsbuf __output"
00642619,_atol,136,1,"___isctype_mt ___updatetlocinfo __getptd"
006426a1,_atol,5,1,""
0064274d,_isalpha,63,1,"___isctype_mt ___updatetlocinfo __getptd"
00642800,_isdigit,58,1,"___isctype_mt ___updatetlocinfo __getptd"
0064283a,_isxdigit,63,1,"___isctype_mt ___updatetlocinfo __getptd"
00642879,_isspace,58,1,"___isctype_mt ___updatetlocinfo __getptd"
006428ed,_isalnum,63,1,"___isctype_mt ___updatetlocinfo __getptd"
00642a2d,_sscanf,52,2,"__input _strlen"
00642a61,_free,104,1,"FUN_00642ab4 HeapFree __SEH_epilog __SEH_prolog ___sbh_find_block ___sbh_free_block __lock"
00642ab4,FUN_00642ab4,9,0,"FUN_00646658"
00642ad2,__strdup,43,1,"FUN_00641b80 _malloc _strlen"
00642b09,___freetlocinfo,208,0,"___free_lc_time ___free_lconv_mon ___free_lconv_num _free"
00642bd9,___updatetlocinfo_lk,193,0,"___freetlocinfo __getptd"
00642c9d,__strcats,36,0,"FUN_00641b90"
00642cc1,___lc_strtolc,220,0,"_memset _strcspn _strncpy"
00642d9d,___lc_lctostr,78,0,"FUN_00641b80 __strcats"
00642deb,___updatetlocinfo,50,0,"FUN_00642e1d __SEH_epilog __SEH_prolog ___updatetlocinfo_lk __lock"
00642e1d,FUN_00642e1d,9,0,"FUN_00646658"
00642e26,__setlocale_get_all,191,0,"FUN_00641b90 __strcats _free _malloc _strcmp"
00642ee5,__expandlocale,348,0,"FUN_00641b80 ___get_qualified_locale ___lc_lctostr ___lc_strtolc __security_check_cookie _memcpy _strcmp _strlen _strncpy"
00643041,__setlocale_set_cat,655,0,"FUN_00641b80 ___crtGetStringTypeA __expandlocale __security_check_cookie _free _malloc _memcmp _memcpy _strcmp _strlen"
006432d0,__setlocale_lk,473,0,"__expandlocale __security_check_cookie __setlocale_get_all __setlocale_set_cat _free _strcmp _strcspn _strlen _strncmp _strncpy _strpbrk"
006434a9,_setlocale,337,2,"FUN_006435f2 __SEH_epilog __SEH_prolog ___freetlocinfo ___updatetlocinfo_lk __local_unwind2 __lock __setlocale_lk _free _malloc"
006435f2,FUN_006435f2,9,0,"FUN_00646658"
00643604,_longjmp,120,2,"FUN_00640bfa __global_unwind2 __local_unwind2 __rt_probe_read4@4"
00643680,__setjmp3,123,0,""
006436fc,__ftol,39,0,""
00643770,FUN_00643770,84,0,"FUN_006437cd FUN_0064dc60"
006437cd,FUN_006437cd,78,0,"FUN_00646b65 __fload_withFB"
006439c0,FUN_006439c0,289,0,"___libm_error_support"
00643af0,__aullshr,31,0,""
00643b10,FUN_00643b10,20,0,"FUN_00643b2d FUN_00646bd8"
00643b2d,FUN_00643b2d,187,0,"FUN_00646b65 FUN_00646b7c __math_exit __startOneArgErrorHandling"
00643bdb,__copysign,33,2,""
00643bfc,__chgsign,38,1,""
00643c38,FUN_00643c38,235,0,"__ctrlfp __decomp __except1 __handle_qnan1 __sptype"
00643d23,FUN_00643d23,675,0,"__ctrlfp __decomp __except2 __handle_qnan2 __set_exp"
00643fc6,FUN_00643fc6,21,0,""
00644009,__fpclass,156,1,"__sptype"
006440a5,___crtExitProcess,47,1,"ExitProcess GetModuleHandleA GetProcAddress"
006440d5,FUN_006440d5,9,0,"__lock"
006440de,FUN_006440de,9,0,"FUN_00646658"
006440e7,__initterm,24,0,""
0064411d,__cinit,106,1,"___onexitinit ___security_init_cookie __fpmath _atexit"
00644187,doexit,181,0,"FUN_00644236 GetCurrentProcess TerminateProcess __SEH_epilog __SEH_prolog ___crtExitProcess __initterm __lock"
00644236,FUN_00644236,14,0,"FUN_00646658"
0064424a,_exit,17,1,"doexit"
0064425b,__exit,17,0,"doexit"
0064426c,__cexit,15,0,"doexit"
0064428a,__heap_alloc,111,1,"FUN_006442fc HeapAlloc __SEH_epilog __SEH_prolog ___sbh_alloc_block __lock"
006442fc,FUN_006442fc,9,0,"FUN_00646658"
00644305,__nh_malloc,44,2,"__callnewh __heap_alloc"
00644331,_malloc,18,1,"__nh_malloc"
00644343,_calloc,175,2,"FUN_006443ed HeapAlloc __SEH_epilog __SEH_prolog ___sbh_alloc_block __callnewh __lock _memset"
006443ed,FUN_006443ed,9,0,"FUN_00646658"
006443fe,__flsbuf,281,2,"__getbuf __isatty __lseek __write"
00644517,write_char,51,0,"__flsbuf"
0064454a,write_multi_char,36,0,"write_char"
0064456e,write_string,55,0,"write_char"
006445c4,__output,2010,0,"FUN_0064fa08 __aulldvrm __security_check_cookie _free _malloc _strlen _wctomb write_char write_multi_char write_string"
00644e5f,__fassign,62,3,"FID_conflict:__atodbl FID_conflict:__atodbl"
00644e9d,__shift,29,0,"_memmove _strlen"
00644eba,__cftoe2,174,0,"FUN_00641b80 __shift"
00644f68,__cftoe,108,5,"__cftoe2 __fltout2 __fptostr __security_check_cookie"
00644fd4,__cftof2,156,0,"__shift _memset"
00645070,__cftof,98,4,"__cftof2 __fltout2 __fptostr __security_check_cookie"
006450d2,__cftog,154,0,"__cftoe2 __cftof2 __fltout2 __fptostr __security_check_cookie"
0064516c,__cfltcvt,81,6,"__cftoe __cftof __cftog"
006451bd,__setdefaultprecision,18,0,"__controlfp"
006451cf,__ms_p5_test_fdiv,64,0,""
0064520f,__ms_p5_mp_test_fdiv,41,0,"GetModuleHandleA GetProcAddress __ms_p5_test_fdiv"
00645238,___security_init_cookie,102,0,"GetCurrentProcessId GetCurrentThreadId GetSystemTimeAsFileTime GetTickCount QueryPerformanceCounter"
0064529e,___security_error_handler,319,0,"FUN_00641b80 FUN_00641b90 GetModuleFileNameA __SEH_prolog ___crtMessageBoxA __chkstk __exit _strlen _strncpy"
00645414,__SEH_prolog,59,0,""
0064544f,__SEH_epilog,17,0,""
0064554e,FUN_0064554e,27,0,"__local_unwind2"
00645569,TypeMatch,79,3,"_strcmp"
006455d6,___FrameUnwindToState,148,0,"FUN_00645689 __CallSettingFrame@12 __SEH_epilog __SEH_prolog __getptd _inconsistency"
00645689,FUN_00645689,27,0,"__getptd"
006456d4,___DestructExceptionObject,52,0,"_CallMemberFunction0 __SEH_epilog __SEH_prolog"
00645719,AdjustPointer,31,2,""
0064592d,CallCatchBlock,157,7,"FUN_00645a82 _CallCatchBlock2 _CreateFrameInfo __SEH_epilog __SEH_prolog __getptd"
00645a82,FUN_00645a82,111,0,"IsExceptionObjectToBeDestroyed _FindAndUnlinkFrame ___DestructExceptionObject __abnormal_termination __getptd"
00645af1,BuildCatchObject,368,4,"AdjustPointer FID_conflict:_CallMemberFunction1 FID_conflict:_CallMemberFunction1 _ValidateExecute _ValidateRead _ValidateWrite __SEH_epilog __SEH_prolog _inconsistency _memmove"
00645c6d,___CxxExceptionFilter,293,4,"BuildCatchObject TypeMatch __getptd"
00645d92,CatchIt,103,11,"BuildCatchObject CallCatchBlock _JumpToContinuation _UnwindNestedFrames ___FrameUnwindToState"
00645df9,FindHandlerForForeignException,190,8,"CatchIt _CallSETranslator _GetRangeOfTrysToCheck __getptd"
00645eb7,FindHandler,516,8,"CatchIt FindHandlerForForeignException TypeMatch _GetRangeOfTrysToCheck _ValidateRead ___DestructExceptionObject __getptd _inconsistency terminate"
006460bb,___InternalCxxFrameHandler,162,0,"FindHandler ___FrameUnwindToState _inconsistency"
0064615d,FUN_0064615d,9,0,"TlsAlloc"
00646166,__mtterm,29,0,"__mtdeletelocks"
00646196,__getptd,113,0,"GetCurrentThreadId GetLastError SetLastError __amsg_exit _calloc"
00646339,FUN_00646339,9,0,"FUN_00646658"
00646345,FUN_00646345,9,0,"FUN_00646658"
00646389,__mtinit,239,0,"FUN_0064615d GetCurrentThreadId GetModuleHandleA GetProcAddress TlsSetValue __mtinitlocks __mtterm _calloc"
00646478,terminate,46,0,"__SEH_prolog __getptd _abort"
006464c5,_inconsistency,38,0,"__SEH_prolog terminate"
00646500,__CallSettingFrame@12,76,0,"__NLG_Notify1"
0064654c,FUN_0064654c,78,0,"_ValidateExecute terminate"
006465ba,__mtinitlocks,73,0,"___crtInitCritSecAndSpinCount"
00646603,__mtdeletelocks,85,0,"DeleteCriticalSection _free"
00646658,FUN_00646658,21,0,"LeaveCriticalSection"
00646685,__mtinitlocknum,151,1,"FUN_0064671c FUN_00647f98 __SEH_epilog __SEH_prolog ___crtInitCritSecAndSpinCount __local_unwind2 __lock _free _malloc"
0064671c,FUN_0064671c,9,0,"FUN_00646658"
00646725,__lock,49,1,"EnterCriticalSection __amsg_exit __mtinitlocknum"
00646756,_realloc,412,2,"FUN_006468be HeapAlloc HeapReAlloc __SEH_epilog __SEH_prolog ___sbh_alloc_block ___sbh_find_block ___sbh_free_block ___sbh_resize_block __callnewh __lock _free _malloc _memcpy"
006468be,FUN_006468be,9,0,"FUN_00646658"
00646903,__msize,106,1,"FUN_00646970 HeapSize __SEH_epilog __SEH_prolog ___sbh_find_block __lock"
00646970,FUN_00646970,9,0,"FUN_00646658"
00646980,__trandisp1,103,0,""
006469e7,__trandisp2,140,0,""
00646b43,FUN_00646b43,7,0,""
00646b65,FUN_00646b65,23,0,""
00646b7c,FUN_00646b7c,25,0,""
00646b95,__fload_withFB,67,0,""
00646bd8,FUN_00646bd8,22,0,""
00646bfb,__math_exit,42,0,"__startOneArgErrorHandling"
00646ce0,FUN_00646ce0,23,0,""
00646cf7,__startOneArgErrorHandling,60,0,"__87except"
00646d33,__raise_exc,677,0,"RaiseException __clrfp __statfp"
00646fd8,__handle_exc,548,0,"FUN_00647722 __decomp"
006471fc,__set_errno,40,1,"FUN_00647f98"
00647244,__errcode,45,0,""
00647271,__umatherr,158,0,"FUN_006506c2 __ctrlfp __set_errno"
0064730f,__handle_qnan1,83,0,"FUN_00647f98 __ctrlfp __umatherr"
00647362,__handle_qnan2,95,0,"FUN_00647f98 __ctrlfp __umatherr"
006473c1,__except1,184,0,"__ctrlfp __errcode __handle_exc __raise_exc __security_check_cookie __set_errno __umatherr"
00647479,__except2,201,0,"__ctrlfp __errcode __handle_exc __raise_exc __security_check_cookie __set_errno __umatherr"
00647542,__set_exp,42,0,""
006475ab,__set_bexp,37,0,""
006475d0,__sptype,91,0,""
0064762b,__decomp,188,0,"__set_exp"
006476e7,__statfp,11,0,""
006476f2,__clrfp,12,0,""
006476fe,__ctrlfp,36,0,""
00647722,FUN_00647722,86,0,""
00647778,__tzset_lk,666,0,"FUN_00641b80 FUN_00647993 GetTimeZoneInformation WideCharToMultiByte __SEH_epilog __SEH_prolog __getenv_lk __local_unwind2 __lock _atol _free _malloc _strcmp _strlen _strncpy"
00647993,FUN_00647993,9,0,"FUN_00646658"
00647a20,cvtdate,440,0,""
00647bd8,__isindst_lk,391,0,"cvtdate"
00647d5f,___tzset,67,0,"FUN_00647da2 __SEH_epilog __SEH_prolog __lock __tzset_lk"
00647da2,FUN_00647da2,9,0,"FUN_00646658"
00647de0,__isindst,53,1,"FUN_00647e15 __SEH_epilog __SEH_prolog __isindst_lk __lock"
00647e15,FUN_00647e15,9,0,"FUN_00646658"
00647e1e,_gmtime,263,1,"__getptd _malloc"
00647f30,__aulldiv,104,0,""
00647f98,FUN_00647f98,9,0,"__getptd"
00647fa1,FUN_00647fa1,9,0,"__getptd"
00647faa,__dosmaperr,115,1,"__getptd"
0064801d,FUN_0064801d,46,0,"__SEH_epilog __SEH_prolog"
00648052,___sse2_available_init,206,0,"FUN_0064801d __security_check_cookie _strncmp"
00648140,FUN_00648140,24,0,"FUN_0064815e"
00648158,FUN_00648158,6,0,""
0064815e,FUN_0064815e,614,0,"___libm_error_support"
006485d7,___libm_error_support,654,0,"FUN_00647f98 FUN_006506c2 __security_check_cookie"
00648865,__ceil_default,211,0,"__ctrlfp __except1 __frnd __handle_qnan1 __sptype"
006489ac,FUN_006489ac,9,0,""
006489f0,__cintrindisp2,62,0,"FUN_00648aba __trandisp2"
00648a2e,__cintrindisp1,61,0,"FUN_00648aba __trandisp1"
00648a6b,__ctrandisp2,72,0,"FUN_00648ab3 __fload __trandisp2"
00648ab3,FUN_00648ab3,7,0,""
00648aba,FUN_00648aba,327,0,"__87except"
00648c01,__ctrandisp1,51,0,"FUN_00648ab3 __fload __trandisp1"
00648c34,__fload,60,0,""
00648c70,__NMSG_WRITE,375,1,"FUN_00641b80 FUN_00641b90 GetModuleFileNameA GetStdHandle WriteFile ___crtMessageBoxA __chkstk __security_check_cookie _strlen _strncpy"
00648e11,__FF_MSGBANNER,57,0,"__NMSG_WRITE"
00648e76,__XcptFilter,356,2,"UnhandledExceptionFilter __getptd"
00648ff5,__wincmdln,93,0,"___initmbctable __ismbblead"
00649052,__setenvp,199,0,"FUN_00641b80 ___initmbctable _free _malloc _strlen"
00649119,parse_cmdline,364,0,""
00649285,__setargv,162,0,"GetModuleFileNameA ___initmbctable _malloc parse_cmdline"
00649327,___crtGetEnvironmentStringsA,290,0,"FreeEnvironmentStringsA FreeEnvironmentStringsW GetEnvironmentStrings GetEnvironmentStringsW GetLastError WideCharToMultiByte _free _malloc _memcpy"
00649449,__ioinit,510,0,"GetFileType GetStartupInfoA GetStdHandle SetHandleCount ___crtInitCritSecAndSpinCount _malloc"
00649693,__RTC_Initialize,61,0,"__SEH_epilog __SEH_prolog"
0064971b,___heap_select,26,0,""
00649735,__heap_init,81,0,"HeapCreate HeapDestroy ___heap_select ___sbh_heap_init"
0064980b,___isctype_mt,119,0,"___crtGetStringTypeA"
006498b0,__allmul,52,0,""
006498fc,__inc,22,0,"__filbuf"
0064993c,__input,3387,0,"FUN_0064fa08 __SEH_epilog __SEH_prolog __allmul __chkstk __inc __security_check_cookie __ungetc_lk _free _isdigit _isspace _isxdigit _mbtowc _memset"
0064a6cd,___sbh_heap_init,72,0,"HeapAlloc"
0064a715,___sbh_find_block,43,0,""
0064a740,___sbh_free_block,792,0,"HeapFree VirtualFree _memmove"
0064aa58,___sbh_alloc_new_region,183,0,"HeapAlloc HeapFree HeapReAlloc VirtualAlloc"
0064ab0f,___sbh_alloc_new_group,262,0,"VirtualAlloc"
0064ac15,___sbh_resize_block,735,0,""
0064afc5,___sbh_heap_check,793,0,"IsBadWritePtr"
0064b339,___sbh_alloc_block,764,0,"___sbh_alloc_new_group ___sbh_alloc_new_region"
0064b635,__Getdays,127,0,"FUN_00641b80 _malloc _strlen"
0064b6b4,__Getmonths,149,0,"FUN_00641b80 _malloc _strlen"
0064b749,__Gettnames,563,0,"FUN_00641b80 _malloc _memcpy _strlen"
0064b97c,__store_str,32,0,""
0064b9d2,__store_num,121,0,""
0064ba4b,__expandtime,614,0,"___tzset __store_num __store_str __store_winword"
0064bcb1,__store_winword,1139,0,"GetTimeFormatA __SEH_epilog __SEH_prolog ___ascii_stricmp __chkstk __expandtime _free _malloc"
0064c13b,__Strftime_mt,197,0,"__expandtime"
0064c200,__Strftime,50,5,"__Strftime_mt ___updatetlocinfo __getptd"
0064c25f,__get_lc_time,871,0,"___getlocaleinfo"
0064c5c6,___free_lc_time,400,0,"_free"
0064c7e8,___free_lconv_num,95,0,"_free"
0064c847,___init_numeric,461,1,"___free_lconv_num ___getlocaleinfo _calloc _free _malloc"
0064ca47,___free_lconv_mon,217,0,"_free"
0064cb20,___init_monetary,575,1,"___free_lconv_mon ___getlocaleinfo _calloc _free _malloc"
0064cd5f,___init_ctype,490,1,"GetCPInfo ___crtGetStringTypeA ___getlocaleinfo __security_check_cookie _free _malloc _memcpy"
0064cfa0,_strcspn,70,2,""
0064cff0,_strncpy,292,3,""
0064d114,_TranslateName,96,0,"__stricmp"
0064d174,_GetLcidFromDefault,26,0,"GetUserDefaultLCID"
0064d18e,_ProcessCodePage,118,0,"__security_check_cookie _atol _strcmp"
0064d204,_TestDefaultCountry,30,0,""
0064d222,crtGetLocaleInfoA,227,0,"GetLocaleInfoA _strncpy"
0064d305,_LcidFromHexString,53,0,""
0064d33a,_GetPrimaryLen,29,0,""
0064d357,_CountryEnumProc@4,148,0,"_LcidFromHexString _TestDefaultCountry __security_check_cookie __stricmp"
0064d3eb,_TestDefaultLanguage,113,0,"_GetPrimaryLen _LcidFromHexString __security_check_cookie _strlen"
0064d45c,_LangCountryEnumProc@4,538,0,"_LcidFromHexString _TestDefaultCountry _TestDefaultLanguage __security_check_cookie __stricmp __strnicmp _strlen"
0064d676,_LanguageEnumProc@4,203,0,"_LcidFromHexString _TestDefaultLanguage __security_check_cookie __stricmp __strnicmp"
0064d741,_GetLcidFromCountry,55,0,"EnumSystemLocalesA _strlen"
0064d778,_GetLcidFromLangCountry,134,0,"EnumSystemLocalesA _GetPrimaryLen _strlen"
0064d7fe,_GetLcidFromLanguage,85,0,"EnumSystemLocalesA _GetPrimaryLen _strlen"
0064d853,___get_qualified_locale,437,3,"FUN_00641b80 GetLocaleInfoA IsValidCodePage IsValidLocale _GetLcidFromCountry _GetLcidFromDefault _GetLcidFromLangCountry _GetLcidFromLanguage _ProcessCodePage _TranslateName __itoa"
0064da08,___crtGetStringTypeA,421,7,"GetLastError GetStringTypeA GetStringTypeW MultiByteToWideChar __SEH_epilog __SEH_prolog ___ansicp ___convertcp __chkstk _calloc _free _memset"
0064dbd0,_strpbrk,64,2,""
0064dc10,__rt_probe_read4@4,41,0,"__SEH_epilog __SEH_prolog"
0064dc60,FUN_0064dc60,25,0,"FUN_0064dc79"
0064dc79,FUN_0064dc79,2861,0,"___libm_error_support"
0064e7b0,__d_inttype,110,0,"__fpclass __frnd"
0064e81e,__powhlp,354,0,"__d_inttype"
0064e980,__floor_default,211,0,"__ctrlfp __except1 __frnd __handle_qnan1 __sptype"
0064ea53,_ldexp,491,2,"__copysign __ctrlfp __decomp __except2 __handle_qnan2 __set_exp __sptype"
0064ec68,__callnewh,27,1,""
0064ec83,__lseek_lk,116,0,"FUN_00647f98 GetLastError SetFilePointer __dosmaperr __get_osfhandle"
0064ecf7,__lseek,160,3,"FUN_00647f98 FUN_00647fa1 FUN_0064ed7e __SEH_epilog __SEH_prolog __lock_fhandle __lseek_lk"
0064ed7e,FUN_0064ed7e,8,0,"FUN_00652147"
0064eda2,__write_lk,462,0,"FUN_00647f98 FUN_00647fa1 GetLastError WriteFile __dosmaperr __lseeki64_lk __security_check_cookie"
0064ef70,__write,160,3,"FUN_00647f98 FUN_00647fa1 FUN_0064eff7 __SEH_epilog __SEH_prolog __lock_fhandle __write_lk"
0064eff7,FUN_0064eff7,8,0,"FUN_00652147"
0064f01b,__getbuf,68,1,"_malloc"
0064f05f,__isatty,42,1,""
0064f1f0,___wctomb_mt,96,0,"FUN_00647f98 WideCharToMultiByte"
0064f250,_wctomb,39,2,"___updatetlocinfo ___wctomb_mt __getptd"
0064f280,__aulldvrm,149,0,""
0064f31d,___tolower_mt,200,0,"___crtLCMapStringA ___isctype_mt"
0064f3e5,_tolower,34,1,"___tolower_mt ___updatetlocinfo __getptd"
0064f407,__ZeroTail,50,0,""
0064f439,__IncMan,77,0,"___addl"
0064f486,__RoundMan,114,0,"__IncMan __ZeroTail"
0064f4f8,__CopyMan,27,0,""
0064f513,FUN_0064f513,12,0,""
0064f51f,__IsZeroMan,25,0,""
0064f538,__ShrMan,123,0,""
0064f5b3,__ld12cvt,344,0,"__CopyMan __IsZeroMan __RoundMan __ShrMan"
0064f70b,FID_conflict:__ld12tod,22,2,"__ld12cvt"
0064f721,FID_conflict:__ld12tod,22,2,"__ld12cvt"
0064f737,__ld12told,124,2,"__RoundMan"
0064f7b3,FID_conflict:__atodbl,61,2,"FID_conflict:__ld12tod ___strgtold12 __security_check_cookie"
0064f7f0,__atoldbl,62,2,"___strgtold12 __ld12told __security_check_cookie"
0064f82e,FID_conflict:__atodbl,61,2,"FID_conflict:__ld12tod ___strgtold12 __security_check_cookie"
0064f86b,__fptostr,119,4,"_memmove _strlen"
0064f8e2,___dtold,186,0,""
0064f99c,__fltout2,108,4,"$I10_OUTPUT FUN_00641b80 ___dtold __security_check_cookie"
0064fa08,FUN_0064fa08,9,0,"__amsg_exit"
0064fa3c,__abstract_cw,146,0,""
0064face,__hw_cw,142,0,""
0064fbb6,__control87,50,2,"__abstract_cw __hw_cw"
0064fbe8,__controlfp,22,2,"__control87"
0064fbfe,___crtMessageBoxA,249,3,"GetProcAddress LoadLibraryA"
0064fcf7,__ValidateEH3RN,553,0,"InterlockedExchange VirtualQuery"
0064ff20,_ValidateRead,28,2,"IsBadReadPtr"
0064ff3c,_ValidateWrite,28,2,"IsBadWritePtr"
0064ff58,_ValidateExecute,24,1,"IsBadCodePtr"
0064ffb6,_CPtoLCID,47,0,""
0064ffe5,setSBCS,41,0,""
0065000e,setSBUpLow,396,0,"GetCPInfo ___crtGetStringTypeA ___crtLCMapStringA __security_check_cookie"
0065019a,___updatetmbcinfo,99,0,"FUN_00650200 __SEH_epilog __SEH_prolog __getptd __lock _free"
00650200,FUN_00650200,9,0,"FUN_00646658"
00650209,__setmbcp_lk,400,0,"GetCPInfo _CPtoLCID __security_check_cookie setSBCS setSBUpLow"
006503a9,__setmbcp,327,1,"FUN_006504f0 GetACP GetOEMCP __SEH_epilog __SEH_prolog __lock __setmbcp_lk _free _malloc"
006504f0,FUN_006504f0,9,0,"FUN_00646658"
006504f9,___initmbctable,30,0,"__setmbcp"
00650517,_abort,24,0,"__NMSG_WRITE __exit _raise"
0065052f,___crtInitCritSecNoSpinCount@8,16,0,"InitializeCriticalSection"
0065053f,___crtInitCritSecAndSpinCount,103,0,"GetModuleHandleA GetProcAddress __SEH_epilog __SEH_prolog ___crtInitCritSecNoSpinCount@8"
006505ca,__87except,248,0,"FUN_006506c2 __ctrlfp __handle_exc __raise_exc __security_check_cookie __set_errno"
006506c2,FUN_006506c2,3,0,""
006506c5,__getenv_lk,129,0,"___wtomb_environ __mbsnbicoll _strlen"
0065151b,__frnd,17,0,""
0065152c,x_ismbbtype,51,0,""
006515f3,__ismbblead,17,1,"x_ismbbtype"
0065163c,__filbuf,225,1,"__getbuf __read"
0065171d,__ungetc_lk,108,0,"__getbuf"
006517ce,___mbtowc_mt,192,0,"FUN_00647f98 MultiByteToWideChar"
0065188e,_mbtowc,43,3,"___mbtowc_mt ___updatetlocinfo __getptd"
006518b9,__resetstkoflw,227,0,"GetSystemInfo VirtualAlloc VirtualProtect VirtualQuery __chkstk"
006519a0,___ascii_stricmp,78,2,""
006519ee,___getlocaleinfo,295,5,"GetLastError ___crtGetLocaleInfoA ___crtGetLocaleInfoW __security_check_cookie _free _isdigit _malloc _strncpy"
00651b15,__stricmp,105,2,"___ascii_stricmp ___tolower_mt ___updatetlocinfo __getptd"
00651b7e,__strnicmp,127,3,"___ascii_strnicmp ___tolower_mt ___updatetlocinfo __getptd"
00651bfd,xtoa,62,0,""
00651c3b,__itoa,42,3,"xtoa"
00651c65,__ltoa,39,3,"xtoa"
00651ca6,FID_conflict:@x64toa@20,109,0,"__aulldvrm"
00651d13,__i64toa,49,3,"FID_conflict:@x64toa@20"
00651d44,__ui64toa,27,3,"FID_conflict:@x64toa@20"
00651d5f,___ansicp,67,0,"GetLocaleInfoA __security_check_cookie _atol"
00651da2,___convertcp,434,0,"GetCPInfo MultiByteToWideChar WideCharToMultiByte __SEH_epilog __SEH_prolog __chkstk __security_check_cookie _calloc _free _memset _strlen"
00651fe7,__free_osfhnd,127,1,"FUN_00647f98 FUN_00647fa1 SetStdHandle"
00652066,__get_osfhandle,65,1,"FUN_00647f98 FUN_00647fa1"
006520a7,__lock_fhandle,148,1,"EnterCriticalSection FUN_0065213e __SEH_epilog __SEH_prolog ___crtInitCritSecAndSpinCount __local_unwind2 __lock"
0065213e,FUN_0065213e,9,0,"FUN_00646658"
00652147,FUN_00652147,34,0,"LeaveCriticalSection"
006523ac,__lseeki64_lk,131,0,"FUN_00647f98 GetLastError SetFilePointer __dosmaperr __get_osfhandle"
00652588,FUN_00652588,93,0,"__write"
0065275d,___crtLCMapStringA,886,9,"GetLastError LCMapStringA LCMapStringW MultiByteToWideChar WideCharToMultiByte __SEH_epilog __SEH_prolog ___ansicp ___convertcp __chkstk _free _malloc _memset"
00652b19,___addl,33,0,""
00652b3a,___add_12,94,0,"___addl"
00652b98,___shl_12,46,0,""
00652bc6,___shr_12,45,0,""
00652bf3,___mtold12,222,0,"___add_12 ___shl_12 __security_check_cookie"
00652cd1,___strgtold12,1028,7,"___mtold12 ___multtenpow12 __security_check_cookie _isdigit"
00653105,FUN_00653105,76,0,"___strgtold12 __ld12told __security_check_cookie"
00653151,$I10_OUTPUT,654,0,"FUN_00641b80 ___add_12 ___ld12mul ___multtenpow12 ___shl_12 ___shr_12 __security_check_cookie"
0065346e,siglookup,46,0,""
0065364f,_raise,356,1,"FUN_0065378a __SEH_epilog __SEH_prolog __exit __getptd __lock siglookup"
0065378a,FUN_0065378a,13,0,"FUN_00646658"
006537c8,__mbsnbicoll,78,3,"___crtCompareStringA ___updatetmbcinfo __getptd"
00653816,___wtomb_environ,144,0,"WideCharToMultiByte ___crtsetenv _free _malloc"
006538a6,__read_lk,475,0,"FUN_00647f98 FUN_00647fa1 GetLastError ReadFile __dosmaperr __lseek_lk"
00653a81,__read,160,3,"FUN_00647f98 FUN_00647fa1 FUN_00653b08 __SEH_epilog __SEH_prolog __lock_fhandle __read_lk"
00653b08,FUN_00653b08,8,0,"FUN_00652147"
00653b2c,___crtGetLocaleInfoW,281,0,"GetLastError GetLocaleInfoA GetLocaleInfoW MultiByteToWideChar __SEH_epilog __SEH_prolog __chkstk _free _malloc"
00653c5c,___crtGetLocaleInfoA,297,5,"GetLastError GetLocaleInfoA GetLocaleInfoW WideCharToMultiByte __SEH_epilog __SEH_prolog __chkstk _free _malloc"
00653da0,___ascii_strnicmp,97,3,""
00653e01,FUN_00653e01,76,0,"FUN_00652588 FUN_006548b8 FUN_00654953 _free"
00653f5a,___ld12mul,562,0,"___addl ___shl_12 ___shr_12 __security_check_cookie"
0065418c,___multtenpow12,134,0,"___ld12mul __security_check_cookie"
00654212,_strncnt,28,2,""
0065422e,___crtCompareStringA,848,8,"CompareStringA CompareStringW GetCPInfo GetLastError MultiByteToWideChar __SEH_epilog __SEH_prolog ___ansicp ___convertcp __chkstk __security_check_cookie _free _malloc _strncnt"
006545b2,findenv,77,0,"__mbsnbicoll"
006545ff,copy_environ,97,0,"__amsg_exit __strdup _malloc"
00654660,___crtsetenv,469,2,"FUN_00641b80 FUN_0065497e SetEnvironmentVariableA ___wtomb_environ _free _malloc _realloc _strlen copy_environ findenv"
00654835,__close_lk,131,0,"CloseHandle GetLastError __dosmaperr __free_osfhnd __get_osfhandle"
006548b8,FUN_006548b8,144,0,"FUN_00647f98 FUN_00647fa1 FUN_0065492f __SEH_epilog __SEH_prolog __close_lk __lock_fhandle"
0065492f,FUN_0065492f,8,0,"FUN_00652147"
00654953,FUN_00654953,43,0,"_free"
0065497e,FUN_0065497e,318,0,"___updatetmbcinfo __getptd"
00654ace,FUN_00654ace,64,0,"FID_conflict:runtime_error FUN_006425a4 __CxxThrowException@8 basic_string<>"
00654b0e,FUN_00654b0e,64,0,"FID_conflict:runtime_error FUN_006425a4 __CxxThrowException@8 basic_string<>"
00654b54,RtlUnwind,6,4,""
00654d00,Unwind@00654d00,8,0,"~basic_string<>"
00654d20,Unwind@00654d20,8,0,"~exception"
00654d40,Unwind@00654d40,8,0,"~exception"
00654d60,Unwind@00654d60,8,0,"~exception"
00654da0,Unwind@00654da0,8,0,"~basic_string<>"
00654de0,Unwind@00654de0,8,0,"FUN_00409380"
00654df2,Unwind@00654df2,8,0,"FUN_00409380"
00654e04,Unwind@00654e04,8,0,"FUN_004092f0"
00654e16,Unwind@00654e16,8,0,"FUN_004092f0"
00654e30,Unwind@00654e30,8,0,"~basic_string<>"
00654e50,Unwind@00654e50,8,0,"~basic_string<>"
00654e70,Unwind@00654e70,8,0,"~basic_string<>"
00654ea0,Unwind@00654ea0,8,0,"FUN_00401020"
00654ea8,Unwind@00654ea8,11,0,"FUN_0040dcc0"
00654eb3,Unwind@00654eb3,11,0,"FUN_0040de80"
00654ebe,Unwind@00654ebe,11,0,"FUN_0040de80"
00654ec9,Unwind@00654ec9,11,0,"FUN_0040dfb0"
00654ede,Unwind@00654ede,8,0,"FUN_00401020"
00654ee6,Unwind@00654ee6,11,0,"FUN_0040dcc0"
00654ef1,Unwind@00654ef1,11,0,"FUN_0040de80"
00654efc,Unwind@00654efc,11,0,"FUN_0040de80"
00654f07,Unwind@00654f07,11,0,"FUN_0040dfb0"
00654f1c,Unwind@00654f1c,8,0,"FUN_0040d8e0"
00654f2e,Unwind@00654f2e,8,0,"FUN_0040d8e0"
00654f40,Unwind@00654f40,8,0,"FUN_0040d8e0"
00654f60,Unwind@00654f60,8,0,"FUN_0040d8e0"
00654f80,Unwind@00654f80,8,0,"~basic_string<>"
00654fa0,Unwind@00654fa0,8,0,"~basic_string<>"
00654fc0,Unwind@00654fc0,8,0,"FUN_0040d8e0"
00655010,Unwind@00655010,11,0,"FUN_00411c70"
00655040,Unwind@00655040,17,0,"FUN_00412300"
00655060,Unwind@00655060,8,0,"~basic_string<>"
00655080,Unwind@00655080,11,0,"FUN_0040ae40"
00655095,Unwind@00655095,11,0,"FUN_0040ae40"
006550aa,Unwind@006550aa,11,0,"_free"
006550c0,Unwind@006550c0,14,0,"FUN_004143b0"
006550ce,Unwind@006550ce,14,0,"FUN_004145a0"
006550dc,Unwind@006550dc,14,0,"FUN_004143b0"
006550f4,Unwind@006550f4,14,0,"FUN_004143b0"
00655102,Unwind@00655102,14,0,"FUN_004145a0"
00655110,Unwind@00655110,14,0,"FUN_004143b0"
0065511e,Unwind@0065511e,14,0,"FUN_00414790"
00655140,Unwind@00655140,8,0,"~basic_string<>"
00655160,Unwind@00655160,8,0,"~basic_string<>"
00655180,Unwind@00655180,8,0,"~basic_string<>"
006551a0,Unwind@006551a0,11,0,"_free"
006551ab,Unwind@006551ab,11,0,"_free"
006551b6,Unwind@006551b6,11,0,"_free"
006551cb,Unwind@006551cb,11,0,"_free"
006551d6,Unwind@006551d6,11,0,"_free"
006551e1,Unwind@006551e1,11,0,"_free"
006551ec,Unwind@006551ec,11,0,"_free"
006551f7,Unwind@006551f7,11,0,"_free"
00655202,Unwind@00655202,11,0,"_free"
0065520d,Unwind@0065520d,11,0,"_free"
00655218,Unwind@00655218,11,0,"_free"
00655223,Unwind@00655223,11,0,"_free"
0065522e,Unwind@0065522e,11,0,"_free"
00655239,Unwind@00655239,14,0,"_free"
00655251,Unwind@00655251,11,0,"_free"
0065525c,Unwind@0065525c,11,0,"_free"
00655267,Unwind@00655267,11,0,"_free"
00655272,Unwind@00655272,11,0,"_free"
0065527d,Unwind@0065527d,11,0,"_free"
00655288,Unwind@00655288,11,0,"_free"
00655293,Unwind@00655293,11,0,"_free"
0065529e,Unwind@0065529e,11,0,"_free"
006552a9,Unwind@006552a9,11,0,"_free"
006552b4,Unwind@006552b4,11,0,"_free"
006552bf,Unwind@006552bf,11,0,"_free"
006552ca,Unwind@006552ca,11,0,"_free"
006552d5,Unwind@006552d5,11,0,"_free"
006552e0,Unwind@006552e0,14,0,"_free"
006552ee,Unwind@006552ee,14,0,"_free"
006552fc,Unwind@006552fc,14,0,"_free"
0065530a,Unwind@0065530a,14,0,"_free"
00655318,Unwind@00655318,14,0,"_free"
00655326,Unwind@00655326,14,0,"_free"
00655334,Unwind@00655334,14,0,"_free"
00655342,Unwind@00655342,14,0,"_free"
00655350,Unwind@00655350,14,0,"_free"
0065535e,Unwind@0065535e,14,0,"_free"
0065536c,Unwind@0065536c,14,0,"_free"
0065537a,Unwind@0065537a,14,0,"_free"
00655388,Unwind@00655388,14,0,"_free"
00655396,Unwind@00655396,14,0,"_free"
006553a4,Unwind@006553a4,14,0,"_free"
006553b2,Unwind@006553b2,14,0,"_free"
006553c0,Unwind@006553c0,14,0,"_free"
006553ce,Unwind@006553ce,14,0,"_free"
006553dc,Unwind@006553dc,14,0,"_free"
006553ea,Unwind@006553ea,14,0,"_free"
006553f8,Unwind@006553f8,14,0,"_free"
00655406,Unwind@00655406,14,0,"_free"
00655414,Unwind@00655414,14,0,"_free"
00655430,Unwind@00655430,11,0,"_free"
00655445,Unwind@00655445,11,0,"FUN_0041d930"
0065545a,Unwind@0065545a,11,0,"FUN_0041d930"
00655480,Unwind@00655480,8,0,"~basic_string<>"
006554a0,Unwind@006554a0,8,0,"~basic_string<>"
006554c0,Unwind@006554c0,17,0,"FUN_00412300"
006554e0,Unwind@006554e0,8,0,"~basic_string<>"
00655500,Unwind@00655500,8,0,"~basic_string<>"
00655520,Unwind@00655520,8,0,"~basic_string<>"
00655540,Unwind@00655540,14,0,"FUN_00421530"
00655558,Unwind@00655558,14,0,"FUN_00421530"
00655570,Unwind@00655570,8,0,"~TaskStack"
00655578,Unwind@00655578,8,0,"~TaskStack"
00655580,Unwind@00655580,8,0,"~TaskStack"
00655588,Unwind@00655588,8,0,"~TaskStack"
00655590,Unwind@00655590,8,0,"~TaskStack"
00655598,Unwind@00655598,8,0,"~TaskStack"
006555a0,Unwind@006555a0,8,0,"~TaskStack"
006555a8,Unwind@006555a8,8,0,"~TaskStack"
006555b0,Unwind@006555b0,8,0,"~CAtlWinModule"
006555d0,Unwind@006555d0,8,0,"FUN_00421340"
006555f0,Unwind@006555f0,8,0,"FUN_00421340"
00655610,Unwind@00655610,8,0,"~basic_string<>"
00655630,Unwind@00655630,8,0,"~basic_string<>"
00655650,Unwind@00655650,8,0,"~basic_string<>"
00655670,Unwind@00655670,8,0,"~basic_string<>"
00655690,Unwind@00655690,17,0,"FUN_00412300"
006556d0,Unwind@006556d0,8,0,"~basic_string<>"
006556f0,Unwind@006556f0,8,0,"~basic_string<>"
00655710,Unwind@00655710,8,0,"FUN_00431f40"
00655730,Unwind@00655730,8,0,"FUN_00431f40"
00655738,Unwind@00655738,11,0,"_free"
0065574d,Unwind@0065574d,8,0,"FUN_00431f40"
00655760,Unwind@00655760,8,0,"FUN_00431f40"
00655768,Unwind@00655768,11,0,"_free"
0065577d,Unwind@0065577d,8,0,"FUN_00431f40"
00655790,Unwind@00655790,8,0,"FUN_00431f40"
00655798,Unwind@00655798,22,0,"`eh_vector_destructor_iterator'"
006557ae,Unwind@006557ae,11,0,"_free"
006557c3,Unwind@006557c3,8,0,"FUN_00431f40"
006557cb,Unwind@006557cb,22,0,"`eh_vector_destructor_iterator'"
006557eb,Unwind@006557eb,14,0,"_free"
00655803,Unwind@00655803,14,0,"_free"
0065581b,Unwind@0065581b,14,0,"_free"
00655829,Unwind@00655829,14,0,"_free"
00655850,Unwind@00655850,8,0,"FUN_00431f40"
00655858,Unwind@00655858,11,0,"_free"
0065586d,Unwind@0065586d,8,0,"FUN_00431f40"
00655880,Unwind@00655880,8,0,"FUN_00431f40"
00655888,Unwind@00655888,11,0,"_free"
0065589d,Unwind@0065589d,8,0,"FUN_00431f40"
006558af,Unwind@006558af,14,0,"_free"
006558d0,Unwind@006558d0,8,0,"FUN_00431f40"
006558d8,Unwind@006558d8,11,0,"_free"
006558ed,Unwind@006558ed,8,0,"FUN_00431f40"
00655900,Unwind@00655900,8,0,"FUN_00431f40"
00655908,Unwind@00655908,11,0,"_free"
0065591d,Unwind@0065591d,8,0,"FUN_00431f40"
00655930,Unwind@00655930,8,0,"FUN_00431f40"
00655938,Unwind@00655938,11,0,"FUN_00420420"
00655943,Unwind@00655943,11,0,"FUN_0042db80"
0065594e,Unwind@0065594e,11,0,"FUN_004143b0"
00655959,Unwind@00655959,11,0,"_free"
0065596e,Unwind@0065596e,8,0,"FUN_00431f40"
00655976,Unwind@00655976,11,0,"FUN_00420420"
00655981,Unwind@00655981,11,0,"FUN_0042db80"
0065598c,Unwind@0065598c,11,0,"FUN_004143b0"
006559b0,Unwind@006559b0,8,0,"~basic_string<>"
006559d0,Unwind@006559d0,8,0,"FUN_00431f40"
006559d8,Unwind@006559d8,11,0,"_free"
006559ed,Unwind@006559ed,8,0,"FUN_00431f40"
00655a00,Unwind@00655a00,8,0,"FUN_00431f40"
00655a08,Unwind@00655a08,11,0,"FUN_00420420"
00655a13,Unwind@00655a13,11,0,"_free"
00655a28,Unwind@00655a28,8,0,"FUN_00431f40"
00655a30,Unwind@00655a30,11,0,"FUN_00420420"
00655a45,Unwind@00655a45,14,0,"_free"
00655a5d,Unwind@00655a5d,14,0,"_free"
00655a75,Unwind@00655a75,14,0,"_free"
00655a90,Unwind@00655a90,8,0,"FUN_00431f40"
00655a98,Unwind@00655a98,11,0,"_free"
00655aa3,Unwind@00655aa3,11,0,"_free"
00655aae,Unwind@00655aae,11,0,"_free"
00655ac3,Unwind@00655ac3,8,0,"FUN_00431f40"
00655ae0,Unwind@00655ae0,8,0,"FUN_00431f40"
00655ae8,Unwind@00655ae8,11,0,"_free"
00655afd,Unwind@00655afd,8,0,"FUN_00431f40"
00655b10,Unwind@00655b10,8,0,"FUN_00431f40"
00655b18,Unwind@00655b18,11,0,"_free"
00655b2d,Unwind@00655b2d,8,0,"FUN_00431f40"
00655b40,Unwind@00655b40,8,0,"FUN_00431f40"
00655b48,Unwind@00655b48,11,0,"_free"
00655b53,Unwind@00655b53,11,0,"_free"
00655b5e,Unwind@00655b5e,11,0,"_free"
00655b69,Unwind@00655b69,11,0,"_free"
00655b7e,Unwind@00655b7e,8,0,"FUN_00431f40"
00655b90,Unwind@00655b90,8,0,"~basic_string<>"
00655bb0,Unwind@00655bb0,8,0,"~basic_string<>"
00655bd0,Unwind@00655bd0,8,0,"~basic_string<>"
00655bf0,Unwind@00655bf0,8,0,"FUN_00449d40"
00655c10,Unwind@00655c10,8,0,"FUN_00449d40"
00655c30,Unwind@00655c30,8,0,"FUN_00449d40"
00655c50,Unwind@00655c50,8,0,"FUN_00449d40"
00655c70,Unwind@00655c70,8,0,"FUN_00449d40"
00655c90,Unwind@00655c90,8,0,"FUN_00449d40"
00655cb0,Unwind@00655cb0,8,0,"FUN_00449d40"
00655cd0,Unwind@00655cd0,8,0,"FUN_00449d40"
00655cf0,Unwind@00655cf0,8,0,"FUN_00449d40"
00655d10,Unwind@00655d10,8,0,"FUN_00449d40"
00655d30,Unwind@00655d30,8,0,"FUN_00449d40"
00655d50,Unwind@00655d50,8,0,"FUN_00449d40"
00655d70,Unwind@00655d70,8,0,"FUN_00449d40"
00655d90,Unwind@00655d90,8,0,"FUN_00449d40"
00655db0,Unwind@00655db0,8,0,"FUN_00449d40"
00655dd0,Unwind@00655dd0,8,0,"FUN_00449d40"
00655df0,Unwind@00655df0,8,0,"FUN_00449d40"
00655e10,Unwind@00655e10,8,0,"FUN_00449d40"
00655e30,Unwind@00655e30,8,0,"FUN_00449d40"
00655e50,Unwind@00655e50,8,0,"FUN_00449d40"
00655e70,Unwind@00655e70,8,0,"FUN_00449d40"
00655e90,Unwind@00655e90,8,0,"FUN_00449d40"
00655eb0,Unwind@00655eb0,8,0,"FUN_00449d40"
00655ed0,Unwind@00655ed0,8,0,"FUN_00449d40"
00655ef0,Unwind@00655ef0,8,0,"FUN_00449d40"
00655f10,Unwind@00655f10,8,0,"FUN_00449d40"
00655f30,Unwind@00655f30,8,0,"FUN_00449d40"
00655f50,Unwind@00655f50,8,0,"FUN_00449d40"
00655f70,Unwind@00655f70,8,0,"FUN_00449d40"
00655f90,Unwind@00655f90,8,0,"FUN_00449d40"
00655fb0,Unwind@00655fb0,8,0,"FUN_00449d40"
00655fd0,Unwind@00655fd0,8,0,"FUN_00449d40"
00655ff0,Unwind@00655ff0,8,0,"FUN_00449d40"
00656010,Unwind@00656010,8,0,"FUN_00449d40"
00656030,Unwind@00656030,8,0,"FUN_00449d40"
00656050,Unwind@00656050,8,0,"FUN_00449d40"
00656080,Unwind@00656080,14,0,"FUN_00458ba0"
0065608e,Unwind@0065608e,14,0,"FUN_00406df0"
0065609c,Unwind@0065609c,14,0,"FUN_004143b0"
006560aa,Unwind@006560aa,14,0,"FUN_00407270"
006560b8,Unwind@006560b8,14,0,"FUN_004204d0"
006560c6,Unwind@006560c6,11,0,"_free"
006560db,Unwind@006560db,14,0,"FUN_00458ba0"
006560e9,Unwind@006560e9,14,0,"FUN_00406df0"
006560f7,Unwind@006560f7,14,0,"FUN_004143b0"
00656105,Unwind@00656105,14,0,"FUN_00407270"
00656113,Unwind@00656113,14,0,"FUN_004204d0"
0065612b,Unwind@0065612b,14,0,"_free"
00656139,Unwind@00656139,14,0,"_free"
00656147,Unwind@00656147,14,0,"_free"
0065615f,Unwind@0065615f,11,0,"FUN_004588e0"
0065616a,Unwind@0065616a,14,0,"_free"
00656182,Unwind@00656182,14,0,"_free"
006561a0,Unwind@006561a0,8,0,"FUN_00458ad0"
006561c0,Unwind@006561c0,8,0,"~TaskStack"
006561c8,Unwind@006561c8,11,0,"FUN_004589f0"
006561d3,Unwind@006561d3,11,0,"FUN_004589f0"
006561f0,Unwind@006561f0,8,0,"~TaskStack"
006561f8,Unwind@006561f8,11,0,"FUN_004589f0"
00656203,Unwind@00656203,11,0,"FUN_004589f0"
00656220,Unwind@00656220,8,0,"FUN_00458ad0"
00656240,Unwind@00656240,11,0,"FUN_004588e0"
00656260,Unwind@00656260,8,0,"~TaskStack"
00656268,Unwind@00656268,11,0,"FUN_004589f0"
006562a0,Unwind@006562a0,8,0,"~basic_string<>"
006562c0,Unwind@006562c0,8,0,"~basic_string<>"
006562e0,Unwind@006562e0,8,0,"~basic_string<>"
00656300,Unwind@00656300,11,0,"FUN_004588e0"
00656380,Unwind@00656380,17,0,"FUN_00412300"
006563a0,Unwind@006563a0,22,0,"`eh_vector_destructor_iterator'"
006563c0,Unwind@006563c0,22,0,"`eh_vector_destructor_iterator'"
006563e0,Unwind@006563e0,8,0,"~basic_string<>"
00656400,Unwind@00656400,8,0,"~basic_string<>"
00656420,Unwind@00656420,11,0,"_free"
00656440,Unwind@00656440,11,0,"_free"
00656460,Unwind@00656460,11,0,"_free"
00656480,Unwind@00656480,11,0,"_free"
006564a0,Unwind@006564a0,11,0,"_free"
006564c0,Unwind@006564c0,8,0,"FUN_00456910"
006564d2,Unwind@006564d2,8,0,"FUN_00456910"
006564da,Unwind@006564da,14,0,"FUN_00531c40"
006564f2,Unwind@006564f2,11,0,"_free"
00656520,Unwind@00656520,17,0,"FUN_00412300"
00656540,Unwind@00656540,8,0,"~basic_string<>"
00656560,Unwind@00656560,11,0,"_free"
00656580,Unwind@00656580,11,0,"_free"
006565a0,Unwind@006565a0,11,0,"_free"
006565c0,Unwind@006565c0,11,0,"_free"
006565e0,Unwind@006565e0,11,0,"_free"
00656600,Unwind@00656600,19,0,"`eh_vector_destructor_iterator'"
00656613,Unwind@00656613,11,0,"FUN_0040ae40"
0065661e,Unwind@0065661e,11,0,"FUN_005f8320"
00656633,Unwind@00656633,19,0,"`eh_vector_destructor_iterator'"
00656646,Unwind@00656646,11,0,"FUN_0040ae40"
00656651,Unwind@00656651,11,0,"FUN_005f8320"
00656666,Unwind@00656666,8,0,"~TaskStack"
0065666e,Unwind@0065666e,11,0,"_free"
00656683,Unwind@00656683,11,0,"_free"
00656698,Unwind@00656698,11,0,"_free"
006566b0,Unwind@006566b0,8,0,"FUN_005f7fa0"
006566d0,Unwind@006566d0,8,0,"FUN_005f7fa0"
006566f0,Unwind@006566f0,8,0,"~TaskStack"
00656710,Unwind@00656710,8,0,"~basic_string<>"
00656730,Unwind@00656730,8,0,"~basic_string<>"
00656750,Unwind@00656750,8,0,"~basic_string<>"
00656770,Unwind@00656770,8,0,"~basic_string<>"
00656790,Unwind@00656790,8,0,"~TaskStack"
006567e0,Unwind@006567e0,8,0,"~basic_string<>"
00656800,Unwind@00656800,8,0,"~basic_string<>"
00656812,Unwind@00656812,8,0,"FUN_0060ebcd"
0065681a,Unwind@0065681a,8,0,"FUN_00614be2"
0065682c,Unwind@0065682c,8,0,"FUN_0060ebcd"
00656834,Unwind@00656834,8,0,"FUN_00614ffa"
00656846,Unwind@00656846,11,0,"FUN_0060ebcd"
00656851,Unwind@00656851,10,0,"_free"
0065685b,Unwind@0065685b,10,0,"_free"
00656865,Unwind@00656865,10,0,"_free"
0065686f,Unwind@0065686f,10,0,"_free"
00656883,Unwind@00656883,11,0,"FUN_0060ebcd"
00656898,Unwind@00656898,8,0,"FUN_0061fc02"
006568a0,Unwind@006568a0,11,0,"FUN_0061fb37"
006568ab,Unwind@006568ab,11,0,"FUN_0061fb37"
006568b6,Unwind@006568b6,11,0,"FUN_0061fb37"
006568c1,Unwind@006568c1,11,0,"FUN_0061fb37"
006568cc,Unwind@006568cc,11,0,"FUN_0061fb37"
006568d7,Unwind@006568d7,11,0,"FUN_0061fb37"
006568e2,Unwind@006568e2,11,0,"FUN_0061fb37"
006568f7,Unwind@006568f7,8,0,"FUN_0061fc02"
006568ff,Unwind@006568ff,11,0,"FUN_0061fb37"
0065690a,Unwind@0065690a,11,0,"FUN_0061fb37"
00656915,Unwind@00656915,11,0,"FUN_0061fb37"
00656920,Unwind@00656920,11,0,"FUN_0061fb37"
0065692b,Unwind@0065692b,11,0,"FUN_0061fb37"
00656936,Unwind@00656936,11,0,"FUN_0061fb37"
00656941,Unwind@00656941,11,0,"FUN_0061fb37"
00656956,Unwind@00656956,10,0,"_free"
00656960,Unwind@00656960,10,0,"_free"
00656974,Unwind@00656974,8,0,"FUN_0060c120"
0065697c,Unwind@0065697c,8,0,"FUN_006111a5"
0065698e,Unwind@0065698e,10,0,"_free"
00656998,Unwind@00656998,10,0,"_free"
006569a2,Unwind@006569a2,10,0,"_free"
006569b6,Unwind@006569b6,10,0,"_free"
006569ca,Unwind@006569ca,10,0,"_free"
006569d4,Unwind@006569d4,10,0,"_free"
006569e8,Unwind@006569e8,10,0,"_free"
006569f2,Unwind@006569f2,10,0,"_free"
00656a06,Unwind@00656a06,10,0,"_free"
00656a10,Unwind@00656a10,10,0,"_free"
00656a1a,Unwind@00656a1a,10,0,"_free"
00656a2e,Unwind@00656a2e,10,0,"_free"
00656a38,Unwind@00656a38,10,0,"_free"
00656a42,Unwind@00656a42,10,0,"_free"
00656a56,Unwind@00656a56,10,0,"_free"
00656a60,Unwind@00656a60,10,0,"_free"
00656a74,Unwind@00656a74,10,0,"_free"
00656a7e,Unwind@00656a7e,10,0,"_free"
00656a92,Unwind@00656a92,10,0,"_free"
00656a9c,Unwind@00656a9c,10,0,"_free"
00656aa6,Unwind@00656aa6,10,0,"_free"
00656aba,Unwind@00656aba,8,0,"FUN_0061535a"
00656acc,Unwind@00656acc,10,0,"_free"
00656ae0,Unwind@00656ae0,10,0,"_free"
00656af4,Unwind@00656af4,8,0,"FUN_0061535a"
00656afc,Unwind@00656afc,10,0,"_free"
00656b10,Unwind@00656b10,10,0,"_free"
00656b24,Unwind@00656b24,8,0,"FUN_0061535a"
00656b36,Unwind@00656b36,10,0,"_free"
00656b40,Unwind@00656b40,10,0,"_free"
00656b4a,Unwind@00656b4a,10,0,"_free"
00656b54,Unwind@00656b54,10,0,"_free"
00656b5e,Unwind@00656b5e,10,0,"_free"
00656b68,Unwind@00656b68,10,0,"_free"
00656b72,Unwind@00656b72,10,0,"_free"
00656b7c,Unwind@00656b7c,10,0,"_free"
00656b86,Unwind@00656b86,10,0,"_free"
00656b90,Unwind@00656b90,10,0,"_free"
00656b9a,Unwind@00656b9a,10,0,"_free"
00656ba4,Unwind@00656ba4,10,0,"_free"
00656bae,Unwind@00656bae,10,0,"_free"
00656bb8,Unwind@00656bb8,10,0,"_free"
00656bc2,Unwind@00656bc2,10,0,"_free"
00656bcc,Unwind@00656bcc,10,0,"_free"
00656bd6,Unwind@00656bd6,10,0,"_free"
00656be0,Unwind@00656be0,10,0,"_free"
00656bea,Unwind@00656bea,10,0,"_free"
00656bf4,Unwind@00656bf4,10,0,"_free"
00656bfe,Unwind@00656bfe,10,0,"_free"
00656c08,Unwind@00656c08,10,0,"_free"
00656c12,Unwind@00656c12,10,0,"_free"
00656c1c,Unwind@00656c1c,10,0,"_free"
00656c26,Unwind@00656c26,10,0,"_free"
00656c30,Unwind@00656c30,10,0,"_free"
00656c3a,Unwind@00656c3a,10,0,"_free"
00656c44,Unwind@00656c44,10,0,"_free"
00656c4e,Unwind@00656c4e,10,0,"_free"
00656c58,Unwind@00656c58,10,0,"_free"
00656c62,Unwind@00656c62,10,0,"_free"
00656c6c,Unwind@00656c6c,10,0,"_free"
00656c76,Unwind@00656c76,10,0,"_free"
00656c80,Unwind@00656c80,10,0,"_free"
00656c8a,Unwind@00656c8a,10,0,"_free"
00656c94,Unwind@00656c94,10,0,"_free"
00656c9e,Unwind@00656c9e,10,0,"_free"
00656cb2,Unwind@00656cb2,10,0,"_free"
00656cd0,Unwind@00656cd0,8,0,"~basic_string<>"
00656ce2,Unwind@00656ce2,8,0,"~basic_string<>"
00656d00,FUN_00656d00,28,0,"FUN_004063f0 _atexit"
00656d20,FUN_00656d20,28,0,"FUN_004064e0 _atexit"
00656d40,FUN_00656d40,28,0,"FUN_0040ac80 _atexit"
00656d60,FUN_00656d60,42,0,"_atexit `eh_vector_constructor_iterator'"
00656d90,FUN_00656d90,28,0,"FUN_005f6f60 _atexit"
00656db0,FUN_00656db0,15,0,"FUN_00412620"
00656dc0,FUN_00656dc0,28,0,"FUN_00413650 _atexit"
00656de0,FUN_00656de0,28,0,"FUN_00416640 _atexit"
00656e00,FUN_00656e00,28,0,"FUN_00420240 _atexit"
00656e20,FUN_00656e20,28,0,"FUN_00420320 _atexit"
00656e40,FUN_00656e40,28,0,"FUN_00424d00 _atexit"
00656e60,FUN_00656e60,15,0,"FUN_004065d0"
00656e70,FUN_00656e70,15,0,"FUN_004065f0"
00656e80,FUN_00656e80,15,0,"FUN_0040ad60"
00656e90,FUN_00656e90,24,0,"`eh_vector_destructor_iterator'"
00656eb0,FUN_00656eb0,15,0,"FUN_005f6ff0"
00656ec0,FUN_00656ec0,15,0,"FUN_004136e0"
00656ed0,FUN_00656ed0,15,0,"FUN_004169d0"
00656ee0,FUN_00656ee0,15,0,"FUN_00420400"
00656ef0,FUN_00656ef0,15,0,"FUN_00420420"
00656f00,FUN_00656f00,15,0,"FUN_00424de0"
