<?xml version="1.0" encoding="utf-8"?>
<COLLADA xmlns="http://www.collada.org/2005/11/COLLADASchema" version="1.4.0">
  <asset>
    <contributor>
      <author></author>
      <authoring_tool>FBX COLLADA exporter</authoring_tool>
      <comments></comments>
    </contributor>
    <created>2010-12-17T09:08:58Z</created>
    <modified>2010-12-17T09:08:58Z</modified>
    <revision></revision>
    <title></title>
    <subject></subject>
    <keywords></keywords>
    <unit meter="0.010000"/>
    <up_axis>Y_UP</up_axis>
  </asset>
  <library_materials>
    <material id="lambert1" name="lambert1">
      <instance_effect url="#lambert1-fx"/>
    </material>
  </library_materials>
  <library_effects>
    <effect id="lambert1-fx" name="lambert1">
      <profile_COMMON>
        <technique sid="standard">
          <lambert>
            <emission>
              <color sid="emission">0.000000  0.000000 0.000000 1.000000</color>
            </emission>
            <ambient>
              <color sid="ambient">0.000000  0.000000 0.000000 1.000000</color>
            </ambient>
            <diffuse>
              <color sid="diffuse">0.400000  0.400000 0.400000 1.000000</color>
            </diffuse>
            <transparent>
              <color sid="transparent">0.000000  0.000000 0.000000 1.000000</color>
            </transparent>
            <transparency>
              <float sid="transparency">1.000000</float>
            </transparency>
          </lambert>
        </technique>
      </profile_COMMON>
    </effect>
  </library_effects>
  <library_geometries>
    <geometry id="polySurface2-lib" name="polySurface2Mesh">
      <mesh>
        <source id="polySurface2-lib-Position">
          <float_array id="polySurface2-lib-Position-array" count="3888">
14.521634 22.230770 -14.422877
26.326115 76.532700 -45.774113
26.831770 77.137543 -44.535381
15.027289 22.835617 -13.184150
33.449471 45.310417 -32.990280
33.955128 45.915264 -31.751551
19.906042 36.917377 -21.856543
20.411697 37.522224 -20.617815
16.478117 29.497869 -16.578432
16.983772 30.102718 -15.339704
15.480862 25.939732 -15.271284
15.986517 26.544579 -14.032556
15.000791 24.097809 -14.793402
15.506446 24.702656 -13.554674
15.969450 27.743505 -15.863972
16.475105 28.348351 -14.625243
17.614370 32.788494 -18.377676
18.120026 33.393337 -17.138947
17.020348 31.184637 -17.416655
17.526003 31.789480 -16.177925
18.279423 34.288849 -19.450956
18.785078 34.893696 -18.212227
19.036764 35.669449 -20.619177
19.542419 36.274296 -19.380447
26.056078 41.285511 -28.028114
26.561733 41.890362 -26.789387
22.033104 38.993820 -24.406460
22.538759 39.598667 -23.167732
20.902262 38.025497 -23.130709
21.407917 38.630344 -21.891979
23.290174 39.835903 -25.654562
23.795830 40.440750 -24.415833
24.640306 40.587452 -26.863260
25.145962 41.192299 -25.624533
29.009249 42.662018 -30.213625
29.514904 43.266861 -28.974895
27.517748 41.965126 -29.146217
28.023403 42.569973 -27.907490
30.513380 43.416172 -31.222380
31.019035 44.021019 -29.983652
32.006680 44.277187 -32.157398
32.512337 44.882034 -30.918669
34.963787 63.099205 -36.175705
35.469444 63.704052 -34.936977
37.008297 53.882168 -34.363228
37.513950 54.487015 -33.124500
35.814220 48.184109 -34.108265
36.319874 48.788952 -32.869534
34.763920 46.595028 -33.667500
35.269577 47.199875 -32.428772
36.511730 50.003014 -34.307529
37.017387 50.607861 -33.068802
36.889549 51.924633 -34.361126
37.395206 52.529484 -33.122398
36.643398 57.778996 -34.513683
37.149052 58.383846 -33.274956
36.915661 55.840858 -34.390980
37.421318 56.445705 -33.152252
36.212692 59.669575 -34.802494
36.718346 60.274422 -33.563766
35.642918 61.467449 -35.333626
36.148571 62.072296 -34.094898
30.942221 68.907204 -42.925411
31.447876 69.512047 -41.686680
33.447144 65.684425 -38.686844
33.952801 66.289268 -37.448112
34.221333 64.491745 -37.336056
34.726990 65.096581 -36.097324
32.646988 66.765427 -40.115242
33.152641 67.370270 -38.876514
31.815069 67.815399 -41.548901
32.320724 68.420250 -40.310173
29.057783 71.487602 -45.175365
29.563438 72.092453 -43.936638
30.021454 70.110886 -44.169407
30.527109 70.715736 -42.930679
28.083591 73.058540 -45.815464
28.589247 73.663383 -44.576736
27.157980 74.770012 -46.006405
27.663635 75.374855 -44.767673
30.228329 65.458847 -61.668934
25.151686 40.124966 -24.248062
23.764301 40.558590 -24.455683
28.840944 65.892471 -61.876553
55.605576 54.563183 -40.418980
54.218189 54.996807 -40.626598
48.350063 66.062805 -43.469204
46.962677 66.496429 -43.676823
38.451035 67.276863 -51.658176
37.063648 67.710487 -51.865795
33.393471 66.360794 -57.580791
32.006088 66.794418 -57.788410
31.794968 65.932930 -59.613125
30.407581 66.366554 -59.820744
35.029926 66.734848 -55.574646
33.642540 67.168472 -55.782269
36.709900 67.044548 -53.601231
35.322517 67.478172 -53.808849
42.134380 67.413734 -47.952732
40.746998 67.847359 -48.160351
40.263050 67.410110 -49.760334
38.875668 67.843735 -49.967953
44.115040 67.242302 -46.237114
42.727654 67.675926 -46.444733
46.189133 66.826454 -44.703915
44.801750 67.260078 -44.911533
55.818230 56.849888 -45.773418
54.430847 57.283512 -45.981037
52.478127 63.106403 -42.700226
51.090740 63.540028 -42.907845
50.522877 64.826401 -42.731247
49.135490 65.260025 -42.938866
54.003078 61.092068 -43.346703
52.615696 61.525692 -43.554325
55.086811 58.980507 -44.440926
53.699425 59.414131 -44.648544
56.431618 52.369728 -47.817230
55.044235 52.803352 -48.024849
56.271759 54.689545 -47.177074
54.884373 55.123169 -47.384693
56.174942 52.710464 -45.283501
54.787560 53.144089 -45.491123
55.898289 53.598965 -42.836048
54.510902 54.032589 -43.043671
48.396839 45.411537 -30.473320
47.009453 45.845161 -30.680939
53.406998 56.946365 -28.256485
52.019615 57.379990 -28.464106
54.948586 56.426506 -35.569843
53.561199 56.860130 -35.777462
55.291843 55.523380 -38.003395
53.904457 55.957001 -38.211010
54.559761 57.197895 -33.101269
53.172375 57.631519 -33.308887
54.083275 57.657612 -30.569265
52.695889 58.091236 -30.776884
52.039478 52.032036 -28.538752
50.652092 52.465656 -28.746370
52.747700 54.486145 -27.981033
51.360313 54.919769 -28.188652
51.120605 49.684578 -29.247921
49.733219 50.118202 -29.455542
49.922432 47.462818 -29.928562
48.535046 47.896442 -30.136183
37.115837 39.746704 -29.413052
35.728451 40.180328 -29.620672
44.379948 42.125233 -30.838152
42.992561 42.558857 -31.045771
46.534454 43.607513 -30.795034
45.147068 44.041138 -31.002653
42.036961 41.006752 -30.596767
40.649574 41.440376 -30.804386
39.589859 40.228954 -30.104692
38.202473 40.662579 -30.312313
32.211708 39.455341 -27.602329
30.824320 39.888966 -27.809950
34.654469 39.504810 -28.568592
33.267086 39.938435 -28.776213
29.830540 39.559910 -26.555750
28.443155 39.993534 -26.763369
27.474203 39.790321 -25.431753
26.086817 40.223946 -25.639372
-14.059938 -20.967468 -0.550869
-44.249226 -81.203415 16.668875
-45.507458 -80.484428 16.908995
-15.318173 -20.248486 -0.310745
-33.154640 -52.843052 -5.220935
-34.412876 -52.124069 -4.980812
-24.027542 -36.560184 2.618862
-25.285776 -35.841202 2.858986
-19.220695 -27.231419 1.896915
-20.478930 -26.512436 2.137039
-16.779421 -23.933123 0.783120
-18.037657 -23.214140 1.023244
-15.451257 -22.408943 0.135664
-16.709492 -21.689960 0.375788
-18.037073 -25.540213 1.376004
-19.295307 -24.821228 1.616127
-21.352623 -30.837778 2.633234
-22.610857 -30.118792 2.873357
-20.325443 -28.999769 2.323785
-21.583677 -28.280783 2.563908
-22.304770 -32.726456 2.799923
-23.563004 -32.007469 3.040045
-23.191540 -34.643375 2.801032
-24.449774 -33.924393 3.041156
-28.061195 -45.274494 -0.840368
-29.319431 -44.555511 -0.600244
-25.622843 -40.268005 1.678823
-26.881077 -39.549023 1.918947
-24.831285 -38.445358 2.244274
-26.089520 -37.726372 2.484396
-26.418936 -42.008503 0.943618
-27.677168 -41.289516 1.183741
-27.228367 -43.672710 0.088888
-28.486601 -42.953728 0.329012
-29.851212 -48.350529 -2.774932
-31.109446 -47.631542 -2.534810
-28.930168 -46.828827 -1.806713
-30.188402 -46.109844 -1.566589
-30.844172 -49.853088 -3.705466
-32.102406 -49.134106 -3.465342
-31.934635 -51.348305 -4.546462
-33.192871 -50.629318 -4.306341
-44.686283 -65.926781 3.777090
-45.944519 -65.207794 4.017213
-40.520428 -59.316349 -3.060009
-41.778660 -58.597366 -2.819883
-36.057384 -55.736530 -5.552623
-37.315617 -55.017544 -5.312499
-34.533043 -54.325119 -5.608260
-35.791279 -53.606136 -5.368138
-37.625076 -57.020729 -5.029297
-38.883312 -56.301746 -4.789174
-39.129028 -58.196026 -4.162312
-40.387264 -57.477043 -3.922189
-42.857018 -61.611530 -0.427423
-44.115250 -60.892548 -0.187298
-41.771530 -60.436935 -1.797405
-43.029766 -59.717953 -1.557283
-43.740692 -62.891396 1.001636
-44.998928 -62.172409 1.241762
-44.370827 -64.321899 2.430727
-45.629059 -63.602921 2.670852
-43.187901 -74.843513 9.017504
-44.446133 -74.124527 9.257627
-44.402309 -69.481483 6.001917
-45.660545 -68.762497 6.242036
-44.662891 -67.676476 4.958558
-45.921127 -66.957489 5.198677
-44.016670 -71.290520 6.980699
-45.274902 -70.571533 7.220825
-43.588314 -73.083244 7.964219
-44.846550 -72.364265 8.204343
-42.788490 -78.119118 11.582657
-44.046726 -77.400131 11.822781
-42.891197 -76.542152 10.204964
-44.149433 -75.823166 10.445087
-42.969666 -79.474731 13.165644
-44.227901 -78.755745 13.405767
-43.471161 -80.510178 14.892846
-44.729393 -79.791191 15.132967
-32.256466 -89.714828 3.449278
-28.370636 -41.110832 -0.032091
-27.719851 -41.388466 1.271787
-31.605679 -89.992462 4.753156
-49.768425 -67.229424 -18.467806
-49.117638 -67.507057 -17.163925
-51.731079 -75.664658 -6.432219
-51.080292 -75.942291 -5.128340
-42.897472 -82.631248 0.284378
-42.246685 -82.908882 1.588257
-36.591015 -86.890678 2.404816
-35.940231 -87.168312 3.708692
-34.434643 -88.303452 2.956124
-33.783855 -88.581085 4.260003
-38.723034 -85.475372 1.785390
-38.072247 -85.752998 3.089269
-40.824158 -84.058067 1.085656
-40.173370 -84.335701 2.389532
-46.868038 -79.777809 -1.714131
-46.217251 -80.055443 -0.410255
-44.927872 -81.197144 -0.642458
-44.277088 -81.474777 0.661419
-48.717304 -78.354721 -2.997838
-48.066517 -78.632355 -1.693958
-50.379761 -76.968498 -4.542904
-49.728977 -77.246132 -3.239028
-49.106781 -73.371292 -18.385706
-48.455997 -73.648926 -17.081829
-52.610371 -73.761528 -11.296947
-51.959587 -74.039162 -9.993068
-52.554585 -74.543060 -8.726069
-51.903797 -74.820686 -7.422190
-51.908096 -73.376724 -13.856811
-51.257313 -73.654358 -12.552934
-50.674030 -73.291580 -16.227470
-50.023247 -73.569214 -14.923592
-45.573452 -72.752586 -22.039209
-44.922668 -73.030220 -20.735332
-47.317719 -73.467453 -20.360315
-46.666931 -73.745087 -19.056435
-46.749596 -70.632202 -21.087252
-46.098812 -70.909836 -19.783375
-48.245049 -68.896637 -19.803663
-47.594261 -69.174271 -18.499784
-43.504974 -52.294140 -16.293663
-42.854187 -52.571770 -14.989783
-55.324139 -57.365601 -12.686783
-54.673355 -57.643230 -11.382906
-52.733849 -63.836754 -15.776747
-52.083061 -64.114388 -14.472868
-51.275524 -65.558945 -17.118305
-50.624737 -65.836563 -15.814429
-54.090641 -62.003544 -14.472544
-53.439854 -62.281178 -13.168665
-55.211151 -59.927429 -13.276613
-54.560364 -60.205063 -11.972733
-51.048603 -54.693295 -14.680514
-50.397816 -54.970921 -13.376637
-53.380898 -55.654881 -13.615277
-52.730110 -55.932514 -12.311398
-48.592743 -53.905022 -15.548573
-47.941956 -54.182652 -14.244694
-46.062397 -53.130917 -16.115608
-45.411613 -53.408550 -14.811729
-33.216797 -46.884777 -10.715124
-32.566010 -47.162411 -9.411244
-38.662659 -50.320671 -15.241611
-38.011871 -50.598305 -13.937731
-41.004436 -51.358410 -16.009836
-40.353653 -51.636040 -14.705956
-36.574238 -49.210880 -14.042983
-35.923450 -49.488510 -12.739104
-34.760704 -48.055851 -12.501213
-34.109921 -48.333485 -11.197334
-30.795933 -44.542225 -6.674475
-30.145145 -44.819855 -5.370595
-31.909262 -45.713051 -8.759352
-31.258476 -45.990681 -7.455475
-29.859274 -43.392815 -4.526405
-29.208488 -43.670444 -3.222527
-29.056431 -42.247421 -2.304271
-28.405643 -42.525055 -1.000392
2.154423 -1.390226 -38.730473
-3.329660 -22.971203 -121.839317
-4.434181 -22.006708 -121.955513
1.049900 -0.425736 -38.846680
8.319583 -1.521799 -82.591400
7.215062 -0.557308 -82.707603
0.632874 -4.761536 -61.428520
-0.471648 -3.797046 -61.544724
0.045255 -2.819786 -48.772442
-1.059267 -1.855297 -48.888645
0.879638 -2.013611 -43.689137
-0.224884 -1.049121 -43.805340
1.469874 -1.675758 -41.191170
0.365352 -0.711269 -41.307373
0.399526 -2.397962 -46.217464
-0.704995 -1.433472 -46.333664
-0.220701 -3.709812 -53.911259
-1.325223 -2.745321 -54.027458
-0.166330 -3.263814 -51.340488
-1.270852 -2.299323 -51.456688
-0.106879 -4.129962 -56.463226
-1.211400 -3.165471 -56.579426
0.179212 -4.492081 -58.976341
-0.925310 -3.527591 -59.092545
4.611099 -4.057539 -72.321327
3.506577 -3.093050 -72.437531
1.975992 -4.897963 -66.067444
0.871469 -3.933474 -66.183647
1.239584 -4.905559 -63.798283
0.135062 -3.941068 -63.914482
2.809677 -4.733271 -68.230103
1.705155 -3.768780 -68.346298
3.699573 -4.442846 -70.305580
2.595051 -3.478357 -70.421783
6.380372 -3.097014 -76.291687
5.275850 -2.132523 -76.407890
5.514579 -3.601923 -74.306465
4.410057 -2.637434 -74.422676
7.172972 -2.563692 -78.309494
6.068449 -1.599203 -78.425697
7.843781 -2.026787 -80.396263
6.739261 -1.062294 -80.512466
0.526105 -6.672942 -104.647682
-0.578416 -5.708452 -104.763893
5.388557 -1.482072 -94.217697
4.284035 -0.517585 -94.333900
8.211568 -0.867230 -87.338150
7.107046 0.097259 -87.454346
8.487675 -1.106694 -84.919624
7.383154 -0.142202 -85.035828
7.502646 -0.857153 -89.727554
6.398124 0.107338 -89.843758
6.518487 -1.067868 -92.018524
5.413966 -0.103377 -92.134727
3.046306 -2.904819 -98.450630
1.941783 -1.940331 -98.566833
4.206311 -2.092543 -96.351707
3.101789 -1.128053 -96.467911
1.984115 -3.933160 -100.535751
0.879593 -2.968673 -100.651955
1.109277 -5.191431 -102.610756
0.004755 -4.226943 -102.726959
0.675976 -15.412350 -113.531944
-0.428546 -14.447861 -113.648148
0.321119 -10.053606 -108.411613
-0.783401 -9.089111 -108.527809
0.299074 -8.322968 -106.588409
-0.805446 -7.358473 -106.704605
0.458421 -11.820344 -110.148621
-0.646102 -10.855857 -110.264824
0.607555 -13.609148 -111.842392
-0.496967 -12.644659 -111.958595
0.159063 -18.962605 -116.991165
-0.945459 -17.998116 -117.107368
0.563992 -17.212475 -115.246284
-0.540530 -16.247984 -115.362495
-0.634722 -20.569382 -118.725578
-1.739244 -19.604893 -118.841782
-1.826822 -21.921551 -120.363335
-2.931342 -20.957058 -120.479530
16.290213 -25.544250 -120.730217
2.222830 -2.426947 -68.423363
1.653459 -3.849054 -68.487587
15.720842 -26.966356 -120.794441
15.638599 10.955534 -105.807716
15.069228 9.533425 -105.871933
8.583302 -0.003534 -117.472977
8.013931 -1.425642 -117.537193
10.580138 -13.386595 -119.896133
10.010767 -14.808702 -119.960350
13.798632 -20.787067 -120.490295
13.229262 -22.209173 -120.554512
15.016646 -23.178907 -120.622444
14.447275 -24.601015 -120.686661
12.644731 -18.363016 -120.329437
12.075359 -19.785124 -120.393654
11.567918 -15.902829 -120.134354
10.998549 -17.324934 -120.198578
9.000624 -8.195539 -119.245842
8.431253 -9.617644 -119.310066
9.708525 -10.808516 -119.603630
9.139155 -12.230620 -119.667847
8.501588 -5.493686 -118.793228
7.932217 -6.915794 -118.857445
8.314132 -2.748677 -118.217758
7.744761 -4.170782 -118.281975
18.280714 7.558306 -111.622063
17.711346 6.136201 -111.686279
11.162951 4.750396 -115.359360
10.593579 3.328288 -115.423576
9.504712 2.599915 -116.511658
8.935341 1.177807 -116.575874
13.352199 6.231622 -114.124069
12.782829 4.809517 -114.188293
15.781857 7.110138 -112.880150
15.212486 5.688030 -112.944374
22.669106 8.127623 -108.162933
22.099737 6.705518 -108.227150
20.757027 7.735854 -110.266457
20.187656 6.313745 -110.330673
20.515631 9.226668 -106.915245
19.946260 7.804564 -106.979462
18.091267 10.116415 -106.313843
17.521894 8.694306 -106.378059
11.392436 12.699525 -86.978035
10.823065 11.277416 -87.042252
4.531847 15.203770 -100.266090
3.962476 13.781665 -100.330315
10.737322 12.597733 -104.687164
10.167951 11.175626 -104.751381
13.182422 11.776816 -105.289925
12.613051 10.354712 -105.354134
8.330072 13.433629 -103.900887
7.760701 12.011521 -103.965103
6.033376 14.311470 -102.699913
5.464005 12.889361 -102.764130
7.223387 15.164479 -94.503830
6.654016 13.742373 -94.568039
5.581126 15.437672 -97.140694
5.011755 14.015563 -97.204910
8.843010 14.597916 -91.993668
8.273639 13.175808 -92.057884
10.273300 13.774076 -89.496376
9.703929 12.351967 -89.560593
10.239062 5.083396 -75.744911
9.669691 3.661288 -75.809128
12.287184 9.908656 -82.029144
11.717812 8.486548 -82.093361
12.087244 11.394485 -84.467026
11.517872 9.972378 -84.531242
11.997320 8.323337 -79.747208
11.427950 6.901228 -79.811424
11.284493 6.698318 -77.648796
10.715122 5.276210 -77.713013
7.445682 1.951923 -72.437218
6.876310 0.529813 -72.501434
8.941631 3.501104 -74.018295
8.372261 2.078999 -74.082520
5.819035 0.459824 -71.001045
5.249664 -0.962282 -71.065269
4.068429 -1.000983 -69.666306
3.499058 -2.423091 -69.730522
26.934219 -14.136164 13.473442
86.892998 -69.403488 30.273031
87.843369 -68.492264 29.617983
27.884596 -13.224946 12.818396
58.983761 -34.605236 33.795288
59.934135 -33.694016 33.140244
44.299915 -27.043045 18.798477
45.250290 -26.131826 18.143429
35.269844 -19.626228 14.568288
36.220219 -18.715010 13.913241
31.184488 -16.748615 13.830979
32.134865 -15.837398 13.175932
29.075377 -15.405925 13.611733
30.025751 -14.494707 12.956686
33.251419 -18.157936 14.144678
34.201794 -17.246716 13.489631
39.117809 -22.667210 15.805751
40.068180 -21.755987 15.150703
37.227547 -21.136143 15.116807
38.177917 -20.224922 14.461759
40.929558 -24.186974 16.645969
41.879929 -23.275751 15.990921
42.657600 -25.659060 17.643967
43.607975 -24.747841 16.988918
51.474113 -31.772301 26.247402
52.424488 -30.861084 25.592356
47.339478 -29.394152 21.526808
48.289852 -28.482935 20.871761
45.858551 -28.299250 20.099125
46.808922 -27.388029 19.444077
48.754318 -30.316601 23.052279
49.704693 -29.405378 22.397230
50.124222 -31.097652 24.636070
51.074596 -30.186434 23.981024
54.222698 -32.923538 29.458487
55.173073 -32.012314 28.803438
52.830555 -32.371429 27.862316
53.780930 -31.460211 27.207270
55.683781 -33.457146 31.009016
56.634155 -32.545929 30.353968
57.254292 -34.004414 32.475468
58.204666 -33.093193 31.820423
77.894943 -48.038849 32.778961
78.845322 -47.127628 32.123917
69.506897 -39.437134 35.136311
70.457268 -38.525917 34.481262
63.051414 -36.151424 35.504730
64.001785 -35.240204 34.849682
60.918640 -35.307816 34.859013
61.869011 -34.396591 34.203964
65.261490 -37.130455 35.685963
66.211868 -36.219234 35.030918
67.428215 -38.224689 35.522217
68.378593 -37.313473 34.867172
73.338249 -42.293064 34.056416
74.288628 -41.381847 33.401367
71.480553 -40.784286 34.622719
72.430923 -39.873070 33.967670
75.058258 -43.994099 33.507668
76.008629 -43.082882 32.852619
76.598900 -45.911430 33.053352
77.549278 -45.000214 32.398304
81.483894 -59.602364 33.297913
82.434265 -58.691147 32.642864
79.658012 -52.628006 32.856300
80.608383 -51.716778 32.201252
78.893280 -50.310398 32.738686
79.843651 -49.399170 32.083637
80.289879 -54.951637 33.036560
81.240250 -54.040421 32.381512
80.873688 -57.276390 33.206078
81.824059 -56.365173 32.551029
83.075905 -64.165771 32.943043
84.026276 -63.254555 32.287994
82.193947 -61.915859 33.238316
83.144325 -61.004642 32.583267
84.175476 -66.241783 32.340782
85.125854 -65.330559 31.685736
85.471649 -68.007851 31.427326
86.422012 -67.096626 30.772278
76.423798 -73.409630 46.607452
50.060352 -28.337948 23.287867
49.808247 -29.532166 22.374933
76.171692 -74.603844 45.694519
79.045631 -35.045013 51.936295
78.793526 -36.239231 51.023361
87.133492 -48.940601 46.310310
86.881386 -50.134823 45.397377
82.983925 -61.846218 44.889637
82.731819 -63.040440 43.976700
79.171944 -68.893852 45.735321
78.919838 -70.088066 44.822392
77.814552 -71.165451 46.146786
77.562447 -72.359665 45.233852
80.490997 -66.588936 45.380939
80.238892 -67.783157 44.468006
81.763184 -64.246346 45.094509
81.511078 -65.440559 44.181580
85.175682 -56.876717 44.821533
84.923576 -58.070930 43.908604
84.134766 -59.381702 44.788464
83.882660 -60.575920 43.875530
86.084435 -54.276516 45.035290
85.832329 -55.470734 44.122356
86.776062 -51.620056 45.498024
86.523964 -52.814270 44.585091
81.182594 -40.896748 55.240780
80.930489 -42.090965 54.327847
86.173508 -44.176563 49.321125
85.921402 -45.370785 48.408188
86.978523 -46.362507 47.587841
86.726418 -47.556725 46.674908
84.810226 -42.594563 51.298359
84.558121 -43.788780 50.385429
83.100754 -41.558487 53.305798
82.848648 -42.752708 52.392864
76.737885 -39.363567 58.149868
76.485786 -40.557781 57.236938
79.091827 -40.423073 57.041298
78.839722 -41.617290 56.128365
77.117645 -37.603485 56.138199
76.865540 -38.797703 55.225269
78.047478 -36.282639 54.041317
77.795372 -37.476856 53.128384
66.642296 -24.610826 42.293839
66.390190 -25.805044 41.380905
81.161522 -27.597113 41.437016
80.909416 -28.791328 40.524086
80.940239 -32.552948 47.682327
80.688133 -33.747166 46.769394
80.029144 -33.817204 49.818832
79.777031 -35.011417 48.905895
81.694984 -31.197929 45.521847
81.442879 -32.392147 44.608910
82.088593 -29.633715 43.331917
81.836487 -30.827934 42.418983
75.396004 -25.362913 41.870449
75.143898 -26.557129 40.957512
78.313240 -26.116699 41.382912
78.061134 -27.310917 40.469978
72.475266 -24.917282 42.292603
72.223160 -26.111500 41.379665
69.547707 -24.678253 42.473091
69.295601 -25.872471 41.560158
55.276699 -26.042236 35.169800
55.024593 -27.236456 34.256866
61.240097 -24.915260 40.575012
60.987988 -26.109478 39.662079
63.838966 -24.697079 41.669685
63.586861 -25.891298 40.756752
58.940754 -25.232637 39.066833
58.688648 -26.426857 38.153900
56.956787 -25.617537 37.232025
56.704681 -26.811754 36.319092
52.659073 -26.948936 30.618401
52.406967 -28.143156 29.705463
53.860268 -26.488848 32.952911
53.608162 -27.683065 32.039978
51.652248 -27.409332 28.233694
51.400143 -28.603550 27.320761
50.792316 -27.873678 25.782310
50.540211 -29.067896 24.869377
38.520210 5.774976 5.875535
117.140732 2.802948 33.110413
117.372917 1.705476 32.159481
38.752399 4.677503 4.924609
80.853653 13.290442 9.120608
81.085846 12.192969 8.169682
60.232841 4.946484 10.813770
60.465031 3.849011 9.862844
48.168385 3.973633 7.994502
48.400574 2.876160 7.043577
43.298157 4.652589 6.839379
43.530346 3.555116 5.888454
40.894806 5.166157 6.330075
41.126995 4.068684 5.379149
45.723728 4.249876 7.397241
45.955917 3.152403 6.446315
53.070068 3.864177 9.238370
53.302254 2.766705 8.287442
50.619987 3.840315 8.615124
50.852173 2.742842 7.664196
55.500141 4.055602 9.835189
55.732327 2.958129 8.884262
57.893726 4.418131 10.372287
58.125919 3.320658 9.421361
70.754501 9.260327 10.897156
70.986687 8.162854 9.946230
64.681107 6.431579 11.280497
64.913300 5.334106 10.329572
62.500149 5.625574 11.125608
62.732330 4.528101 10.174681
66.771332 7.331935 11.272491
67.003517 6.234463 10.321563
68.787621 8.286115 11.133909
69.019806 7.188642 10.182983
74.648430 11.153644 10.230977
74.880615 10.056171 9.280049
72.698608 10.225745 10.588544
72.930794 9.128272 9.637619
76.634377 12.009487 9.847330
76.866562 10.912014 8.896405
78.690567 12.745768 9.464628
78.922752 11.648296 8.513700
101.933685 6.169795 15.758101
102.165878 5.072323 14.807174
92.197495 10.720838 9.892913
92.429680 9.623364 8.941989
85.518257 13.330965 8.806680
85.750443 12.233492 7.855754
83.144943 13.531490 8.874111
83.377129 12.434018 7.923182
87.852486 12.696404 8.963181
88.084671 11.598931 8.012255
90.077293 11.783153 9.330687
90.309486 10.685680 8.379760
96.223190 8.507124 11.594394
96.455376 7.409651 10.643471
94.237213 9.603688 10.644870
94.469398 8.506216 9.693943
98.172775 7.507280 12.757352
98.404968 6.409806 11.806429
100.085976 6.693706 14.148015
100.318161 5.596232 13.197091
109.708107 6.569910 25.045893
109.940300 5.472436 24.094967
105.264801 6.071910 19.373190
105.496979 4.974439 18.422258
103.663162 5.998331 17.529470
103.895348 4.900860 16.578539
106.776573 6.257900 21.246950
107.008759 5.160427 20.296026
108.244049 6.454318 23.139559
108.476242 5.356845 22.188635
112.735718 6.150440 28.806576
112.967911 5.052968 27.855652
111.201042 6.506001 26.950375
111.433235 5.408528 25.999451
114.283707 5.406376 30.518797
114.515892 4.308903 29.567873
115.772301 4.262001 31.970676
116.004478 3.164529 31.019747
115.325729 22.367315 35.641804
67.192673 6.757850 8.998905
67.134102 6.186947 10.410925
115.267166 21.796413 37.053822
104.351662 21.355921 -1.582667
104.293091 20.785017 -0.170646
114.791939 14.635850 10.078965
114.733376 14.064946 11.490987
115.817413 16.669157 23.517946
115.758850 16.098253 24.929968
115.608391 19.883253 30.903162
115.549820 19.312351 32.315178
115.478310 21.097868 33.286385
115.419739 20.526964 34.698406
115.712090 18.731907 28.486187
115.653519 18.161003 29.898209
115.784119 17.656637 26.031223
115.725548 17.085735 27.443241
115.720627 15.085023 18.323183
115.662064 14.514120 19.735201
115.801064 15.796253 20.939909
115.742493 15.225351 22.351927
115.551476 14.579824 15.612330
115.492905 14.008920 17.024351
115.259506 14.382303 12.850992
115.200935 13.811400 14.263010
109.596138 24.166391 2.202259
109.537575 23.595488 3.614277
113.130547 17.161467 5.226787
113.071976 16.590563 6.638808
114.084610 15.534084 7.434057
114.026039 14.963181 8.846079
112.019028 19.315063 3.678473
111.960457 18.744160 5.090491
110.835777 21.706966 2.727535
110.777206 21.136063 4.139556
106.187454 28.446321 1.407346
106.128883 27.875418 2.819364
108.236862 26.599527 1.938200
108.178291 26.028624 3.350222
105.137306 26.258883 0.223610
105.078743 25.687981 1.635629
104.700371 23.820143 -0.707932
104.641800 23.249237 0.704089
86.378548 16.535879 -4.652898
86.319977 15.964974 -3.240877
99.666191 10.097689 -6.217501
99.607628 9.526786 -4.805483
103.545761 16.428089 -3.304058
103.487190 15.857185 -1.892036
103.990036 18.887783 -2.440562
103.931458 18.316881 -1.028545
102.924118 14.000589 -4.195234
102.865555 13.429686 -2.783213
101.901840 11.670867 -5.156908
101.843269 11.099962 -3.744887
94.010757 12.609154 -6.577065
93.952187 12.038250 -5.165046
96.633369 11.050297 -6.666681
96.574799 10.479393 -5.254659
91.483612 14.148492 -6.187862
91.425041 13.577588 -4.775841
88.949265 15.498322 -5.543382
88.890694 14.927418 -4.131361
74.798698 15.015250 2.097852
74.740135 14.444346 3.509873
81.295120 17.269377 -2.233885
81.236557 16.698471 -0.821864
83.803741 17.149004 -3.534793
83.745178 16.578098 -2.122772
78.940529 16.904842 -0.824876
78.881958 16.333939 0.587145
76.770683 16.123209 0.635133
76.712120 15.552306 2.047154
71.366425 12.113043 4.958961
71.307854 11.542138 6.370984
73.007973 13.661040 3.539980
72.949402 13.090137 4.951998
69.874023 10.439075 6.331207
69.815453 9.868172 7.743227
68.486008 8.644459 7.679224
68.427444 8.073555 9.091246
4.298382 -9.404240 37.435604
-8.985909 -28.979948 117.260902
-9.127319 -30.381525 116.838753
4.156969 -10.805818 37.013466
11.524499 -21.347044 78.231270
11.383086 -22.748621 77.809128
2.365907 -16.445227 58.487942
2.224494 -17.846806 58.065807
2.440461 -13.492855 46.416332
2.299048 -14.894433 45.994194
3.267212 -11.629567 41.794750
3.125798 -13.031144 41.372612
3.765041 -10.558121 39.580383
3.623627 -11.959698 39.158245
2.819910 -12.609662 44.074249
2.678498 -14.011240 43.652107
1.974020 -14.951571 51.237152
1.832608 -16.353149 50.815010
2.150617 -14.273408 48.807995
2.009204 -15.674985 48.385853
1.936162 -15.530868 53.678680
1.794749 -16.932444 53.256538
2.060566 -16.022743 56.105972
1.919153 -17.424322 55.683834
6.441556 -18.312761 68.938919
6.300142 -19.714340 68.516785
3.549898 -17.178131 62.990326
3.408484 -18.579710 62.568188
2.862479 -16.821709 60.792454
2.721067 -18.223286 60.370312
4.407908 -17.537029 65.067528
4.266496 -18.938606 64.645386
5.386575 -17.911257 67.041672
5.245161 -19.312834 66.619530
8.637387 -19.254753 72.610718
8.495975 -20.656330 72.188576
7.536447 -18.755104 70.786179
7.395033 -20.156681 70.364044
9.706456 -19.832747 74.440102
9.565043 -21.234324 74.017967
10.693776 -20.517406 76.303688
10.552365 -21.918985 75.881546
3.777824 -31.040798 97.856453
3.636412 -32.442375 97.434319
10.168316 -27.526388 88.022003
10.026901 -28.927965 87.599861
12.196493 -23.588017 82.279129
12.055079 -24.989594 81.856987
12.078843 -22.365284 80.237450
11.937432 -23.766863 79.815308
11.841536 -24.928427 84.267365
11.700123 -26.330006 83.845222
11.130012 -26.264589 86.171906
10.988600 -27.666166 85.749763
7.770739 -29.647409 91.730728
7.629324 -31.048986 91.308594
9.031078 -28.667694 89.859940
8.889667 -30.069273 89.437798
6.433982 -30.414753 93.674263
6.292567 -31.816330 93.252129
5.076794 -30.903713 95.717575
4.935379 -32.305290 95.295441
-1.474187 -28.373922 108.447433
-1.615601 -29.775501 108.025299
1.575929 -30.299517 102.189690
1.434520 -31.701094 101.767540
2.617404 -30.799324 100.036674
2.475996 -32.200901 99.614525
0.588260 -29.669342 104.301178
0.446845 -31.070919 103.879044
-0.408570 -29.000994 106.382935
-0.549984 -30.402573 105.960793
-4.037886 -27.610893 112.488518
-4.179299 -29.012470 112.066383
-2.667401 -27.875092 110.493752
-2.808815 -29.276670 110.071617
-5.594694 -27.690754 114.346359
-5.736107 -29.092331 113.924217
-7.274722 -28.163364 115.954964
-7.416132 -29.564941 115.532814
3.473505 -14.123610 121.325241
5.559302 -19.523832 64.432556
4.183480 -18.970385 64.784645
2.097683 -13.570161 121.677338
26.820293 -33.386978 97.015488
25.444471 -32.833527 97.367577
14.997046 -34.937187 109.179375
13.621222 -34.383736 109.531464
7.519368 -25.618420 115.739639
6.143544 -25.064970 116.091728
4.874959 -18.820065 119.160896
3.499139 -18.266617 119.512985
4.145809 -16.485508 120.251831
2.769985 -15.932057 120.603920
5.670788 -21.123943 118.048721
4.294964 -20.570494 118.400818
6.545045 -23.389317 116.912064
5.169225 -22.835867 117.264153
9.852698 -29.861506 113.278702
8.476877 -29.308058 113.630791
8.616721 -27.793425 114.525688
7.240901 -27.239977 114.877785
11.294905 -31.818474 111.966118
9.919082 -31.265022 112.318207
12.985238 -33.556965 110.598755
11.609418 -33.003517 110.950851
26.811329 -31.535704 103.820023
25.435509 -30.982256 104.172112
19.965954 -35.654057 106.444656
18.590130 -35.100609 106.796745
17.373333 -35.720474 107.750244
15.997510 -35.167023 108.102341
22.485228 -34.767071 105.378242
21.109407 -34.213623 105.730331
24.769661 -33.319668 104.534477
23.393837 -32.766216 104.886566
30.168379 -27.801020 101.506752
28.792559 -27.247572 101.858841
28.646551 -29.550600 103.092796
27.270727 -28.997150 103.444885
29.267004 -29.474634 99.589607
27.891184 -28.921185 99.941696
28.068064 -31.421053 98.255386
26.692240 -30.867603 98.607475
23.699949 -30.421558 78.653519
22.324125 -29.868109 79.005615
21.264679 -41.400070 88.348969
19.888859 -40.846622 88.701057
24.296253 -37.252613 94.449898
22.920429 -36.699162 94.801987
25.557108 -35.339043 95.769592
24.181286 -34.785591 96.121674
23.061279 -39.084496 92.969208
21.685455 -38.531044 93.321297
21.908491 -40.720932 91.127838
20.532667 -40.167484 91.479927
22.825083 -37.520065 83.773880
21.449261 -36.966614 84.125969
21.985519 -39.732040 85.702209
20.609695 -39.178589 86.054298
23.457146 -35.173828 82.040909
22.081322 -34.620380 82.392998
23.777561 -32.783974 80.353828
22.401737 -32.230522 80.705917
16.964739 -21.994701 70.553970
15.588916 -21.441250 70.906059
22.136898 -26.173933 75.226372
20.761074 -25.620483 75.578461
23.157511 -28.183905 76.934708
21.781687 -27.630453 77.286797
20.702343 -24.472750 73.580063
19.326519 -23.919300 73.932152
18.944864 -23.086840 72.017593
17.569040 -22.533390 72.369682
12.592291 -20.514812 67.892967
11.216466 -19.961361 68.245056
14.834815 -21.152695 69.184746
13.458995 -20.599245 69.536835
10.302758 -20.052755 66.685898
8.926936 -19.499306 67.037987
7.950806 -19.729080 65.533539
6.574982 -19.175631 65.885628
-38.576580 4.271015 0.742730
-115.853256 35.256081 0.742730
-115.997314 34.755371 -0.632463
-38.720642 3.770308 -0.632463
-81.360077 7.116093 5.282748
-81.504143 6.615386 3.907555
-59.977722 10.409590 -0.162831
-60.121784 9.908883 -1.538025
-47.945564 7.421048 -1.024056
-48.089626 6.920342 -2.399250
-43.195362 5.830048 -0.377010
-43.339424 5.329342 -1.752203
-40.867573 5.040436 0.130094
-41.011635 4.539730 -1.245100
-45.555145 6.628296 -0.765614
-45.699203 6.127588 -2.140807
-52.781631 8.901119 -1.111175
-52.925690 8.400411 -2.486369
-50.356571 8.186929 -1.141517
-50.500629 7.686220 -2.516710
-55.204067 9.531777 -0.931866
-55.348125 9.031069 -2.307059
-57.608627 10.045547 -0.610458
-57.752689 9.544841 -1.985651
-70.871407 9.597611 2.997838
-71.015472 9.096906 1.622645
-64.539497 10.587214 1.007241
-64.683563 10.086508 -0.367953
-62.293411 10.596218 0.386568
-62.437469 10.095510 -0.988626
-66.708519 10.387959 1.667087
-66.852577 9.887250 0.291894
-68.812393 10.043632 2.338078
-68.956459 9.542926 0.962884
-74.948837 8.541689 4.202294
-75.092896 8.040980 2.827100
-72.908577 9.085979 3.626338
-73.052635 8.585274 2.251145
-77.018478 7.999778 4.698824
-77.162544 7.499072 3.323631
-79.146088 7.503839 5.078065
-79.290146 7.003129 3.702871
-101.466408 16.975906 -0.852986
-101.610474 16.475199 -2.228180
-92.370934 9.363836 2.185879
-92.514999 8.863132 0.810685
-86.011642 7.071096 4.814106
-86.155693 6.570390 3.438912
-83.669113 6.931421 5.226933
-83.813171 6.430711 3.851739
-88.266884 7.567747 4.077223
-88.410942 7.067039 2.702029
-90.380630 8.351851 3.162827
-90.524696 7.851144 1.787634
-96.115608 11.947175 0.367764
-96.259674 11.446470 -1.007429
-94.271286 10.567973 1.230569
-94.415352 10.067266 -0.144625
-97.928368 13.491105 -0.327408
-98.072426 12.990401 -1.702601
-99.718117 15.182338 -0.766370
-99.862175 14.681633 -2.141563
-109.022751 25.982267 2.088431
-109.166809 25.481562 0.713237
-104.685814 20.585901 0.029110
-104.829872 20.085190 -1.346083
-103.128357 18.792747 -0.544362
-103.272415 18.292034 -1.919555
-106.164360 22.363478 0.725642
-106.308418 21.862774 -0.649551
-107.599434 24.152637 1.442238
-107.743500 23.651932 0.067045
-111.904861 29.822214 2.746747
-112.048920 29.321508 1.371554
-110.456985 27.873531 2.563920
-110.601044 27.372826 1.188727
-113.330704 31.770325 2.515621
-113.474762 31.269619 1.140427
-114.663742 33.608761 1.825243
-114.807800 33.108051 0.450050
-115.934326 30.796999 20.044975
-67.123718 8.478187 0.304491
-66.975662 9.994719 0.267483
-115.786270 32.313530 20.007967
-105.787560 -4.364358 7.089806
-105.639503 -2.847825 7.052798
-115.232170 9.466433 3.981569
-115.084106 10.982965 3.944561
-116.140236 21.421120 10.466398
-115.992180 22.937653 10.429390
-116.079262 27.225887 16.053568
-115.931206 28.742416 16.016560
-116.014931 29.034538 18.027550
-115.866875 30.551073 17.990541
-116.124435 25.362350 14.129169
-115.976372 26.878883 14.092161
-116.146553 23.435253 12.265289
-115.998497 24.951784 12.228281
-116.007881 17.091543 7.188951
-115.859825 18.608074 7.151943
-116.097443 19.304075 8.756196
-115.949379 20.820604 8.719188
-115.852760 14.714915 5.788900
-115.704704 16.231449 5.751892
-115.607246 12.178210 4.669034
-115.459190 13.694740 4.632025
-111.195610 -1.487574 10.583535
-111.047546 0.028957 10.546527
-113.944115 3.956097 4.793813
-113.796059 5.472631 4.756804
-114.679718 6.638527 3.960681
-114.531662 8.155061 3.923673
-113.088806 1.701420 6.360849
-112.940750 3.217951 6.323841
-112.171875 -0.079358 8.364252
-112.023811 1.437176 8.327244
-108.249001 -3.897076 14.593607
-108.100945 -2.380546 14.556599
-110.091599 -2.648662 12.879308
-109.943542 -1.132129 12.842299
-107.014488 -4.313441 12.228968
-106.866425 -2.796911 12.191959
-106.359070 -4.372393 9.665161
-106.211014 -2.855860 9.628153
-87.500916 -6.598227 3.052436
-87.352852 -5.081693 3.015428
-100.115311 -5.100535 -4.634813
-99.967255 -3.584005 -4.671822
-104.536034 -4.328300 1.958669
-104.387978 -2.811766 1.921660
-105.202423 -4.339921 4.517749
-105.054359 -2.823392 4.480741
-103.697067 -4.363705 -0.564872
-103.549004 -2.847171 -0.601881
-102.470917 -4.521422 -2.987510
-102.322861 -3.004889 -3.024518
-94.747658 -6.620476 -1.933197
-94.599594 -5.103945 -1.970205
-97.203598 -6.020319 -3.643251
-97.055542 -4.503786 -3.680260
-92.377724 -6.927734 -0.145310
-92.229660 -5.411201 -0.182318
-89.975815 -6.930947 1.555023
-89.827751 -5.414413 1.518015
-75.672569 -0.401146 4.966635
-75.524506 1.115388 4.929626
-82.460472 -4.870019 5.011543
-82.312416 -3.353486 4.974534
-84.974419 -5.906403 4.233063
-84.826363 -4.389869 4.196054
-80.048996 -3.556838 5.361739
-79.900940 -2.040304 5.324730
-77.778633 -2.041965 5.324488
-77.630569 -0.525431 5.287479
-71.902702 3.085122 3.544184
-71.754646 4.601657 3.507176
-73.722801 1.315300 4.356257
-73.574745 2.831830 4.319249
-70.219543 4.862883 2.585535
-70.071480 6.379415 2.548527
-68.628784 6.665324 1.496920
-68.480728 8.181857 1.459912
-14.521634 26.463850 1.375193
-26.326115 89.166321 1.375193
-26.831770 89.070763 -0.000000
-15.027289 26.368299 0.000000
-33.449471 55.735111 5.915212
-33.955128 55.639561 4.540018
-19.906042 42.899658 0.469632
-20.411697 42.804108 -0.905561
-16.478117 33.835121 -0.391593
-16.983772 33.739571 -1.766786
-15.480862 30.100109 0.255453
-15.986517 30.004559 -1.119740
-15.000791 28.266016 0.762557
-15.506446 28.170465 -0.612636
-15.969450 31.958567 -0.133150
-16.475105 31.863014 -1.508344
-17.614370 37.584507 -0.478712
-18.120026 37.488953 -1.853905
-17.020348 35.715015 -0.509053
-17.526003 35.619461 -1.884247
-18.279423 39.420494 -0.299402
-18.785078 39.324940 -1.674596
-19.036764 41.200237 0.022006
-19.542419 41.104687 -1.353188
-26.056078 49.768360 3.630302
-26.561733 49.672810 2.255108
-22.033104 45.972870 1.639704
-22.538759 45.877319 0.264511
-20.902262 44.496403 1.019031
-21.407917 44.400848 -0.356162
-23.290174 47.326187 2.299551
-23.795830 47.230633 0.924357
-24.640306 48.581394 2.970541
-25.145962 48.485844 1.595348
-29.009249 52.053204 4.834757
-29.514904 51.957649 3.459564
-27.517748 50.915974 4.258802
-28.023403 50.820423 2.883608
-30.513380 53.210697 5.331288
-31.019035 53.115147 3.956094
-32.006680 54.423870 5.710528
-32.512337 54.328316 4.335335
-34.963787 72.733368 -0.220523
-35.469444 72.637817 -1.595716
-37.008297 63.844940 2.818342
-37.513950 63.749390 1.443149
-35.814220 58.782795 5.446569
-36.319874 58.687241 4.071375
-34.763920 57.186230 5.859396
-35.269577 57.090675 4.484202
-36.511730 60.457645 4.709686
-37.017387 60.362095 3.334493
-36.889549 62.148617 3.795291
-37.395206 62.053066 2.420097
-36.643398 67.294922 1.000227
-37.149052 67.199371 -0.374966
-36.915661 65.555092 1.863032
-37.421318 65.459541 0.487839
-36.212692 69.076614 0.305056
-36.718346 68.981064 -1.070138
-35.642918 70.899185 -0.133906
-36.148571 70.803635 -1.509100
-30.942221 81.138092 2.720894
-31.447876 81.042542 1.345701
-33.447144 76.227806 0.661573
-33.952801 76.132248 -0.713620
-34.221333 74.519516 0.088102
-34.726990 74.423958 -1.287092
-32.646988 77.878174 1.358106
-33.152641 77.782623 -0.017088
-31.815069 79.504311 2.074702
-32.320724 79.408760 0.699508
-29.057783 84.497765 3.379210
-29.563438 84.402214 2.004017
-30.021454 82.802513 3.196383
-30.527109 82.706963 1.821190
-28.083591 86.178284 3.148084
-28.589247 86.082733 1.772891
-27.157980 87.755936 2.457707
-27.663635 87.660378 1.082514
-30.228329 87.523491 20.677439
-25.151686 46.873272 0.936955
-23.764301 47.352612 0.899946
-28.840944 88.002831 20.640430
-55.605576 67.462593 7.722270
-54.218189 67.941933 7.685261
-48.350063 78.946671 4.614032
-46.962677 79.426010 4.577024
-38.451035 84.092560 11.098862
-37.063648 84.571899 11.061853
-33.393471 86.260529 16.686031
-32.006088 86.739868 16.649023
-31.794968 86.906158 18.660013
-30.407581 87.385498 18.623005
-35.029926 85.581398 14.761633
-33.642540 86.060738 14.724625
-36.709900 84.862900 12.897753
-35.322517 85.342239 12.860744
-42.134380 82.358376 7.821414
-40.746998 82.837715 7.784406
-40.263050 83.259033 9.388659
-38.875668 83.738373 9.351651
-44.115040 81.352097 6.421364
-42.727654 81.831436 6.384356
-46.189133 80.225365 5.301497
-44.801750 80.704704 5.264489
-55.818230 72.120155 11.215999
-54.430847 72.599495 11.178990
-52.478127 76.001862 5.426277
-51.090740 76.481201 5.389268
-50.522877 77.506935 4.593145
-49.135490 77.986275 4.556137
-54.003078 74.580635 6.993313
-52.615696 75.059975 6.956305
-55.086811 73.299080 8.996716
-53.699425 73.778419 8.959707
-56.431618 69.262131 15.226070
-55.044235 69.741470 15.189062
-56.271759 70.951073 13.511771
-54.884373 71.430412 13.474763
-56.174942 68.290352 12.861431
-54.787560 68.769691 12.824423
-55.898289 67.836090 10.297625
-54.510902 68.315430 10.260616
-48.396839 54.564205 3.684900
-47.009453 55.043545 3.647891
-53.406998 63.445244 -4.002350
-52.019615 63.924583 -4.039358
-54.948586 66.651711 2.591132
-53.561199 67.131050 2.554124
-55.291843 67.086357 5.150213
-53.904457 67.565689 5.113204
-54.559761 66.085464 0.067591
-53.172375 66.564804 0.030583
-54.083275 65.217590 -2.355047
-52.695889 65.696930 -2.392055
-52.039478 59.330441 -1.300734
-50.652092 59.809776 -1.337742
-52.747700 61.176903 -3.010788
-51.360313 61.656242 -3.047796
-51.120605 57.652069 0.487153
-49.733219 58.131409 0.450145
-49.922432 56.068287 2.187487
-48.535046 56.547626 2.150479
-37.115837 49.128181 5.599098
-35.728451 49.607521 5.562090
-44.379948 51.900597 5.644006
-42.992561 52.379936 5.606997
-46.534454 53.162731 4.865526
-45.147068 53.642071 4.828517
-42.036961 50.811272 5.994202
-40.649574 51.290611 5.957194
-39.589859 49.891644 5.956951
-38.202473 50.370983 5.919943
-32.211708 47.970493 4.176648
-30.824320 48.449833 4.139639
-34.654469 48.496468 4.988721
-33.267086 48.975807 4.951713
-29.830540 47.537762 3.217999
-28.443155 48.017101 3.180990
-27.474203 47.175304 2.129383
-26.086817 47.654644 2.092375
</float_array>
          <technique_common>
            <accessor source="#polySurface2-lib-Position-array" count="1296" stride="3">
              <param name="X" type="float"/>
              <param name="Y" type="float"/>
              <param name="Z" type="float"/>
            </accessor>
          </technique_common>
        </source>
        <source id="polySurface2-lib-Normal0">
          <float_array id="polySurface2-lib-Normal0-array" count="3888">
0.927970 -0.285650 -0.239325
0.749195 0.420960 -0.511370
0.749197 0.420960 -0.511368
0.927969 -0.285650 -0.239326
0.683563 -0.725982 0.075448
0.654201 -0.749805 0.099065
0.769617 -0.638501 -0.002394
0.786475 -0.617311 -0.019622
0.909031 -0.370915 -0.189960
0.912131 -0.359589 -0.196756
0.922633 -0.314701 -0.222961
0.923988 -0.307872 -0.226849
0.926213 -0.295909 -0.233598
0.927107 -0.290784 -0.236466
0.917216 -0.339339 -0.208720
0.919268 -0.330443 -0.213901
0.878559 -0.458185 -0.134910
0.885395 -0.441341 -0.145926
0.896739 -0.410381 -0.165673
0.901385 -0.396333 -0.174428
0.852419 -0.513763 -0.097103
0.862157 -0.494443 -0.110509
0.816415 -0.575077 -0.052467
0.829637 -0.554135 -0.068090
0.535191 -0.824429 0.184087
0.541544 -0.821195 0.179913
0.651668 -0.751744 0.101046
0.672268 -0.735448 0.084681
0.712923 -0.699422 0.050495
0.732872 -0.679582 0.032666
0.598162 -0.788870 0.141016
0.614476 -0.778286 0.129190
0.559215 -0.811799 0.168110
0.570446 -0.805509 0.160455
0.532259 -0.825897 0.185999
0.528350 -0.827829 0.188537
0.525888 -0.829031 0.190129
0.527345 -0.828321 0.189188
0.557019 -0.812999 0.169594
0.546636 -0.818549 0.176543
0.605237 -0.784355 0.135922
0.586457 -0.796097 0.149323
0.893949 0.130644 -0.428705
0.891481 0.138297 -0.431435
0.924746 0.006246 -0.380534
0.929817 -0.025422 -0.367142
0.887156 -0.436802 -0.148860
0.858708 -0.501449 -0.105682
0.790881 -0.611488 -0.024266
0.752987 -0.657890 0.013860
0.932695 -0.252687 -0.257351
0.923172 -0.312023 -0.224490
0.937465 -0.102420 -0.332670
0.938824 -0.147677 -0.311129
0.895713 0.125037 -0.426689
0.899460 0.112734 -0.422211
0.908693 0.079607 -0.409805
0.913871 0.058747 -0.401731
0.888521 0.147215 -0.434579
0.890175 0.142267 -0.432838
0.888250 0.148014 -0.434860
0.887548 0.150086 -0.435583
0.875215 0.184291 -0.447254
0.880458 0.170212 -0.442518
0.900454 0.109376 -0.420974
0.900605 0.108859 -0.420786
0.899315 0.113224 -0.422388
0.897846 0.118104 -0.424174
0.897030 0.120778 -0.425147
0.898681 0.115338 -0.423165
0.888877 0.146153 -0.434208
0.892166 0.136191 -0.430688
0.828077 0.290139 -0.479695
0.837860 0.270550 -0.474124
0.855060 0.233422 -0.463018
0.862580 0.215910 -0.457535
0.795692 0.348860 -0.495147
0.807004 0.329296 -0.490212
0.761134 0.403566 -0.507749
0.772728 0.385980 -0.503895
-0.327189 -0.835242 0.441949
-0.256855 -0.936367 -0.239252
-0.256856 -0.936366 -0.239258
-0.327191 -0.835239 0.441952
-0.325705 -0.891941 0.313619
-0.325749 -0.891503 0.314816
-0.150411 -0.775086 -0.613692
-0.229569 -0.905453 -0.357006
-0.327279 -0.864755 0.380903
-0.327348 -0.861369 0.388441
-0.327346 -0.842578 0.427676
-0.327319 -0.840943 0.430902
-0.327256 -0.837955 0.436732
-0.327224 -0.836601 0.439344
-0.327411 -0.848245 0.416272
-0.327394 -0.846232 0.420362
-0.327417 -0.855393 0.401374
-0.327426 -0.852832 0.406779
-0.325311 -0.895730 0.303053
-0.325978 -0.889034 0.321492
-0.326790 -0.877489 0.351029
-0.327012 -0.872848 0.362215
-0.320380 -0.922993 0.213167
-0.322674 -0.913161 0.249035
-0.297961 -0.954574 -0.002614
-0.309130 -0.946944 0.087955
0.292662 0.568103 -0.769161
0.293545 0.572740 -0.765376
0.255595 0.395347 -0.882254
0.234978 0.310859 -0.920952
0.131513 -0.053170 -0.989887
0.029714 -0.352734 -0.935252
0.284756 0.527995 -0.800084
0.279393 0.502017 -0.818486
0.292917 0.569431 -0.768081
0.291384 0.561443 -0.774518
-0.216296 -0.887178 -0.407592
0.077238 -0.218621 -0.972748
0.250762 0.375003 -0.892464
0.273162 0.472886 -0.837712
-0.321272 -0.919541 0.226338
-0.316319 -0.934842 0.161286
-0.325478 -0.894188 0.307396
-0.325138 -0.897234 0.298758
0.163866 0.052638 -0.985077
0.174111 0.087442 -0.980836
-0.009078 -0.455310 -0.890287
-0.138259 -0.751326 -0.645286
-0.322926 -0.911852 0.253466
-0.323865 -0.906453 0.271024
-0.325040 -0.898023 0.296485
-0.325362 -0.895231 0.304466
-0.315677 -0.936291 0.153972
-0.319065 -0.927432 0.195111
-0.265123 -0.943484 -0.198866
-0.292368 -0.955397 -0.041693
0.203878 0.192744 -0.959835
0.199830 0.178025 -0.963522
0.167080 0.063486 -0.983897
0.136224 -0.038133 -0.989944
0.203934 0.192943 -0.959783
0.205912 0.200184 -0.957876
0.190150 0.143358 -0.971232
0.196098 0.164571 -0.966676
-0.124700 -0.723878 -0.678565
-0.106131 -0.684777 -0.720983
0.067650 -0.246452 -0.966791
0.087851 -0.187355 -0.978356
0.123204 -0.079432 -0.989197
0.138510 -0.030788 -0.989882
0.001639 -0.427578 -0.903977
0.024565 -0.366694 -0.930017
-0.065528 -0.593673 -0.802034
-0.043404 -0.541014 -0.839893
-0.206853 -0.873159 -0.441368
-0.196344 -0.856641 -0.477090
-0.171704 -0.814622 -0.553993
-0.157407 -0.788377 -0.594714
-0.232536 -0.909273 -0.345179
-0.224884 -0.899212 -0.375292
-0.251390 -0.931015 -0.264601
-0.245745 -0.925007 -0.289778
-0.281408 -0.177520 -0.943025
-0.500207 -0.709673 -0.496142
-0.500209 -0.709670 -0.496144
-0.281408 -0.177520 -0.943025
-0.003309 0.311559 -0.950221
0.019477 0.347213 -0.937584
-0.076280 0.193200 -0.978190
-0.091977 0.166895 -0.981675
-0.240312 -0.098018 -0.965734
-0.246010 -0.108856 -0.963135
-0.267858 -0.150958 -0.951558
-0.271083 -0.157247 -0.949625
-0.276673 -0.168197 -0.946130
-0.279044 -0.172861 -0.944591
-0.256008 -0.128016 -0.958160
-0.260326 -0.136345 -0.955845
-0.193605 -0.011177 -0.981016
-0.203030 -0.028425 -0.978760
-0.219830 -0.059508 -0.973722
-0.227234 -0.073347 -0.971074
-0.160897 0.047668 -0.985819
-0.172554 0.026870 -0.984634
-0.121526 0.116536 -0.985723
-0.135397 0.092508 -0.986463
0.104180 0.474278 -0.874189
0.099905 0.468076 -0.878022
0.021311 0.350059 -0.936485
0.005468 0.325367 -0.945572
-0.027114 0.273649 -0.961447
-0.043851 0.246589 -0.968128
0.060653 0.410072 -0.910034
0.048896 0.392332 -0.918523
0.087893 0.450529 -0.888425
0.080140 0.439106 -0.894854
0.106141 0.477113 -0.872409
0.108750 0.480879 -0.870016
0.110387 0.483238 -0.868502
0.109417 0.481842 -0.869400
0.089396 0.452733 -0.887153
0.096472 0.463080 -0.881050
0.055593 0.402456 -0.913750
0.068976 0.422529 -0.903721
-0.434854 -0.514081 -0.739339
-0.437039 -0.519641 -0.734146
-0.396228 -0.420876 -0.816006
-0.385455 -0.396243 -0.833316
-0.205237 -0.032481 -0.978173
-0.168071 0.034893 -0.985157
-0.095879 0.160307 -0.982400
-0.061022 0.218479 -0.973932
-0.296185 -0.206913 -0.932449
-0.269052 -0.153284 -0.950850
-0.357634 -0.334696 -0.871824
-0.340179 -0.297381 -0.892100
-0.433244 -0.510002 -0.743100
-0.429656 -0.501004 -0.751259
-0.419717 -0.476515 -0.772509
-0.413244 -0.460887 -0.785374
-0.439557 -0.526087 -0.728026
-0.438165 -0.522512 -0.731432
-0.439779 -0.526663 -0.727475
-0.440359 -0.528160 -0.726037
-0.449698 -0.552624 -0.701697
-0.445913 -0.542611 -0.711853
-0.428660 -0.498522 -0.753476
-0.428509 -0.498145 -0.753812
-0.429795 -0.501353 -0.750947
-0.431224 -0.504930 -0.747724
-0.432003 -0.506884 -0.745951
-0.430416 -0.502900 -0.749555
-0.439260 -0.525327 -0.728754
-0.436442 -0.518118 -0.735576
-0.475533 -0.625660 -0.618399
-0.471117 -0.612462 -0.634774
-0.462280 -0.587035 -0.664595
-0.457911 -0.574876 -0.678111
-0.487703 -0.664314 -0.566420
-0.483832 -0.651595 -0.584234
-0.497466 -0.698983 -0.513761
-0.494504 -0.687985 -0.531171
0.557176 0.824027 -0.102635
0.887247 0.245448 -0.390574
0.887245 0.245454 -0.390573
0.557176 0.824028 -0.102630
0.657225 0.733858 -0.171775
0.656387 0.734751 -0.171162
0.872144 -0.147075 -0.466620
0.897716 0.135547 -0.419205
0.607310 0.782657 -0.136468
0.601376 0.787922 -0.132383
0.569327 0.814623 -0.110705
0.566607 0.816761 -0.108891
0.561650 0.820608 -0.105600
0.559415 0.822322 -0.104121
0.578846 0.806987 -0.117090
0.575449 0.809740 -0.114803
0.591032 0.796853 -0.125324
0.586642 0.800551 -0.122346
0.664564 0.725937 -0.177118
0.651647 0.739746 -0.167728
0.630135 0.761385 -0.152390
0.621717 0.769423 -0.146478
0.722006 0.655729 -0.220743
0.700128 0.684333 -0.203738
0.825180 0.471204 -0.311519
0.787336 0.551528 -0.275535
-0.187410 -0.975621 -0.114199
-0.193027 -0.974867 -0.111239
0.006833 -0.977350 -0.211517
0.093927 -0.963168 -0.251962
0.414246 -0.825843 -0.382600
0.633471 -0.629327 -0.450180
-0.139819 -0.980376 -0.138971
-0.109712 -0.981910 -0.154322
-0.189024 -0.975408 -0.113352
-0.179388 -0.976625 -0.118422
0.898618 0.084965 -0.430426
0.553980 -0.713797 -0.428485
0.027810 -0.974778 -0.221438
-0.078246 -0.982314 -0.170107
0.713953 0.666556 -0.214416
0.751057 0.613395 -0.244253
0.661571 0.729193 -0.174933
0.667533 0.722671 -0.179295
0.333004 -0.874588 -0.352426
0.303143 -0.889925 -0.340791
0.706385 -0.532780 -0.466011
0.861873 -0.189281 -0.470476
0.697388 0.687745 -0.201635
0.686081 0.701437 -0.193079
0.669083 0.720949 -0.180444
0.663600 0.726987 -0.176421
0.755078 0.607082 -0.247606
0.732461 0.641114 -0.229070
0.879779 0.288771 -0.377623
0.838191 0.437875 -0.325118
0.208881 -0.930049 -0.302287
0.222455 -0.925017 -0.307988
0.322692 -0.880033 -0.348441
0.406941 -0.830670 -0.379981
0.208722 -0.930106 -0.302223
0.201996 -0.932507 -0.299378
0.253894 -0.912412 -0.321000
0.234717 -0.920258 -0.313102
0.848912 -0.234536 -0.473646
0.830856 -0.288183 -0.476056
0.565093 -0.703040 -0.431746
0.522479 -0.742651 -0.418909
0.440625 -0.807634 -0.391888
0.401947 -0.833919 -0.378178
0.686285 -0.561650 -0.462127
0.647197 -0.612758 -0.453501
0.784048 -0.398217 -0.476121
0.754640 -0.454333 -0.473392
0.897268 0.037192 -0.439918
0.894617 -0.001491 -0.446832
0.883817 -0.087048 -0.459662
0.875002 -0.133889 -0.465238
0.897595 0.138386 -0.418537
0.898523 0.107111 -0.425658
0.890698 0.220286 -0.397656
0.893533 0.194947 -0.404467
0.650074 0.712704 -0.263546
0.459497 0.432763 -0.775615
0.459494 0.432764 -0.775617
0.650074 0.712704 -0.263547
0.628298 0.746081 0.220466
0.619243 0.740582 0.260915
0.649385 0.754813 0.092503
0.652424 0.755028 0.065389
0.656984 0.729399 -0.190654
0.656260 0.727367 -0.200651
0.652797 0.718744 -0.239298
0.652190 0.717356 -0.245047
0.651077 0.714878 -0.255045
0.650582 0.713798 -0.259298
0.654812 0.723585 -0.218278
0.654117 0.721868 -0.225917
0.660301 0.742974 -0.109508
0.659996 0.740665 -0.125778
0.659002 0.736015 -0.154913
0.658376 0.733748 -0.167791
0.659983 0.749394 -0.053203
0.660339 0.747389 -0.073227
0.656812 0.753916 0.014450
0.658275 0.752719 -0.009367
0.573737 0.706881 0.413697
0.576547 0.709149 0.405834
0.618546 0.740136 0.263817
0.625040 0.744178 0.235636
0.636517 0.750397 0.178186
0.641477 0.752551 0.148910
0.599677 0.727030 0.334386
0.605761 0.731435 0.313141
0.584109 0.715165 0.383869
0.588772 0.718797 0.369702
0.572436 0.705825 0.417287
0.570676 0.704390 0.422095
0.569565 0.703478 0.425104
0.570226 0.704020 0.423317
0.583191 0.714442 0.386603
0.578741 0.710912 0.399578
0.602325 0.728964 0.325294
0.595118 0.723636 0.349549
0.572197 0.586159 -0.573592
0.570009 0.583011 -0.578954
0.603398 0.632490 -0.485662
0.610173 0.642995 -0.462866
0.659926 0.740246 -0.128586
0.660219 0.748294 -0.064553
0.652994 0.755001 0.059776
0.645790 0.754015 0.120070
0.646601 0.705535 -0.290047
0.652600 0.718292 -0.241183
0.624859 0.666615 -0.406417
0.632342 0.679277 -0.372459
0.573765 0.588435 -0.569682
0.577173 0.593376 -0.561049
0.585929 0.606208 -0.537772
0.591166 0.613980 -0.523021
0.567419 0.579301 -0.585189
0.568863 0.581370 -0.581725
0.567189 0.578967 -0.585742
0.566577 0.578096 -0.587192
0.556131 0.563239 -0.611130
0.560510 0.569438 -0.601306
0.578099 0.594731 -0.558656
0.578240 0.594935 -0.558293
0.577050 0.593198 -0.561365
0.575710 0.591245 -0.564790
0.574966 0.590172 -0.566667
0.576469 0.592356 -0.562848
0.567727 0.579733 -0.584461
0.570610 0.583876 -0.577489
0.518824 0.511635 -0.684873
0.526347 0.521891 -0.671259
0.539815 0.540431 -0.645395
0.545811 0.548763 -0.633206
0.494270 0.478597 -0.725701
0.502797 0.489997 -0.712108
0.468347 0.444339 -0.763685
0.477037 0.455760 -0.751478
0.000420 -0.045285 0.998974
0.682295 -0.303208 0.665236
0.682286 -0.303208 0.665244
0.000410 -0.045288 0.998974
0.167542 -0.111311 0.979561
0.166061 -0.110735 0.979878
0.857474 -0.359910 0.367700
0.736416 -0.321710 0.595142
0.081920 -0.077669 0.993608
0.072052 -0.073766 0.994669
0.019796 -0.053009 0.998398
0.015437 -0.051272 0.998565
0.007531 -0.048118 0.998813
0.003976 -0.046703 0.998901
0.035137 -0.059117 0.997632
0.029646 -0.056931 0.997938
0.054991 -0.067007 0.996236
0.047808 -0.064156 0.996794
0.180441 -0.116350 0.976680
0.157664 -0.107450 0.981630
0.120486 -0.092870 0.988361
0.106145 -0.087227 0.990517
0.285775 -0.157103 0.945331
0.244647 -0.141271 0.959265
0.499080 -0.237444 0.833391
0.414423 -0.205948 0.886475
0.477210 -0.151976 -0.865548
0.471475 -0.149517 -0.869112
0.647701 -0.226473 -0.727457
0.710534 -0.254862 -0.655886
0.870130 -0.331926 -0.364280
0.924250 -0.364982 -0.112024
0.523776 -0.172026 -0.834305
0.551876 -0.184227 -0.813322
0.475545 -0.151260 -0.866589
0.485308 -0.155445 -0.860414
0.758243 -0.328995 0.562877
0.917265 -0.359506 -0.171408
0.662593 -0.233142 -0.711769
0.576483 -0.194976 -0.793506
0.269534 -0.150861 0.951101
0.341391 -0.178356 0.922844
0.175197 -0.114301 0.977876
0.185790 -0.118431 0.975426
0.842731 -0.317782 -0.434534
0.829566 -0.311197 -0.463656
0.928133 -0.372090 0.010873
0.873374 -0.364273 0.323299
0.239881 -0.139426 0.960738
0.219147 -0.131395 0.966804
0.188567 -0.119509 0.974762
0.178805 -0.115705 0.977057
0.350182 -0.181696 0.918890
0.305672 -0.164730 0.937779
0.646751 -0.290780 0.705096
0.525717 -0.247235 0.813939
0.782437 -0.288343 -0.551952
0.789784 -0.291846 -0.539506
0.837323 -0.315066 -0.446793
0.870873 -0.332321 -0.362136
0.782380 -0.288315 -0.552047
0.778670 -0.286553 -0.558176
0.806058 -0.299677 -0.510357
0.796224 -0.294934 -0.528243
0.887686 -0.367907 0.276873
0.899742 -0.370634 0.230423
0.915163 -0.358045 -0.185148
0.906003 -0.352136 -0.234859
0.882988 -0.338857 -0.324820
0.869781 -0.331742 -0.365277
0.928437 -0.370479 -0.027392
0.926538 -0.367281 -0.081439
0.918221 -0.373571 0.131590
0.924211 -0.373597 0.079119
0.795026 -0.340961 0.501675
0.811651 -0.346207 0.470492
0.844169 -0.356079 0.400733
0.859663 -0.360528 0.361938
0.745456 -0.324747 0.582095
0.761786 -0.330169 0.557378
0.698137 -0.308683 0.646003
0.713536 -0.313963 0.626334
0.197084 0.428379 0.881844
0.599210 -0.050580 0.798993
0.599208 -0.050580 0.798994
0.197084 0.428378 0.881845
-0.182476 0.692238 0.698218
-0.213637 0.707260 0.673901
-0.083248 0.637459 0.765973
-0.062085 0.624456 0.778588
0.139370 0.478049 0.867205
0.147280 0.471452 0.869506
0.177876 0.445310 0.877530
0.182430 0.441333 0.878604
0.190349 0.434362 0.880396
0.193719 0.431375 0.881129
0.161231 0.459656 0.873339
0.167279 0.454478 0.874910
0.075255 0.529107 0.845211
0.088096 0.519220 0.850088
0.111108 0.501081 0.858239
0.121288 0.492880 0.861602
0.030894 0.561978 0.826575
0.046659 0.550522 0.833516
-0.022233 0.598741 0.800634
-0.003550 0.586135 0.810206
-0.330355 0.753331 0.568646
-0.324394 0.751398 0.574604
-0.215908 0.708314 0.672068
-0.194216 0.698027 0.689231
-0.149829 0.675365 0.722104
-0.127127 0.662959 0.737783
-0.269998 0.731602 0.625987
-0.253757 0.724972 0.640330
-0.307710 0.745734 0.590928
-0.296935 0.741879 0.601203
-0.333078 0.754196 0.565904
-0.336719 0.755340 0.562211
-0.338999 0.756047 0.559886
-0.337645 0.755630 0.561266
-0.309790 0.746459 0.588921
-0.319641 0.749823 0.579306
-0.263045 0.728801 0.632184
-0.281562 0.736126 0.615501
0.442188 0.171660 0.880342
0.446398 0.166459 0.879216
0.372934 0.252820 0.892750
0.354926 0.272674 0.894246
0.090418 0.517413 0.850946
0.039927 0.555444 0.830595
-0.057580 0.621626 0.781195
-0.104602 0.650114 0.752602
0.218105 0.409374 0.885913
0.179393 0.443986 0.877892
0.310274 0.319923 0.895198
0.283381 0.347099 0.893990
0.439118 0.175437 0.881134
0.432334 0.183712 0.882801
0.414020 0.205642 0.886735
0.402402 0.219258 0.888818
0.451293 0.160375 0.877847
0.448577 0.163760 0.878613
0.451725 0.159830 0.877724
0.452865 0.158407 0.877394
0.471623 0.134586 0.871469
0.463929 0.144442 0.874017
0.430452 0.185988 0.883244
0.430167 0.186333 0.883310
0.432582 0.183406 0.882743
0.435275 0.180130 0.882093
0.436751 0.178333 0.881729
0.433749 0.181991 0.882463
0.450723 0.161085 0.878009
0.445250 0.167885 0.879526
0.529138 0.056746 0.846636
0.518551 0.071670 0.852038
0.498400 0.099304 0.861241
0.488882 0.112023 0.865127
0.560772 0.010290 0.827906
0.550257 0.026054 0.834589
0.590041 -0.035555 0.806590
0.580652 -0.020518 0.813893
-0.827076 0.441015 -0.348498
-0.958691 -0.014771 0.284067
-0.958691 -0.014771 0.284066
-0.827077 0.441016 -0.348496
-0.908462 0.357422 -0.216673
-0.907855 0.358222 -0.217892
-0.816108 -0.232250 0.529176
-0.932786 -0.072924 0.352976
-0.869947 0.402003 -0.285632
-0.865073 0.406904 -0.293389
-0.837803 0.432043 -0.333802
-0.835420 0.434076 -0.337122
-0.831049 0.437746 -0.343127
-0.829067 0.439384 -0.345815
-0.846062 0.424806 -0.322053
-0.843129 0.427411 -0.326271
-0.856444 0.415258 -0.306700
-0.852730 0.418734 -0.312271
-0.913680 0.350360 -0.206001
-0.904369 0.362754 -0.224780
-0.888132 0.382390 -0.254949
-0.881529 0.389772 -0.266430
-0.950170 0.289317 -0.116075
-0.937248 0.313891 -0.151782
-0.986029 0.143528 0.084532
-0.978702 0.205277 0.001736
0.444287 -0.601406 0.664018
0.450501 -0.600286 0.660837
0.231487 -0.621203 0.748679
0.135334 -0.619613 0.773153
-0.205662 -0.566570 0.797936
-0.452785 -0.479206 0.751896
0.391808 -0.609545 0.689159
0.358353 -0.613563 0.703650
0.446092 -0.601081 0.663101
0.435423 -0.602943 0.668480
-0.918618 -0.098596 0.382649
-0.392404 -0.504901 0.768826
0.209551 -0.621380 0.754968
0.327138 -0.616530 0.716151
-0.945323 0.299046 -0.130137
-0.964841 0.254344 -0.066271
-0.911575 0.353244 -0.210354
-0.915789 0.347419 -0.201572
-0.128124 -0.585109 0.800770
-0.095687 -0.591713 0.800450
-0.557351 -0.426781 0.712192
-0.789216 -0.259048 0.556805
-0.935621 0.316708 -0.155915
-0.928358 0.328672 -0.173571
-0.916873 0.345888 -0.199259
-0.913019 0.351274 -0.207368
-0.966810 0.248735 -0.058385
-0.955798 0.277047 -0.098462
-0.969702 0.018497 0.243588
-0.986114 0.122242 0.112408
0.006618 -0.608199 0.793757
-0.008179 -0.606218 0.795256
-0.114868 -0.587891 0.800743
-0.206561 -0.566335 0.797870
0.006738 -0.608213 0.793745
0.014075 -0.609143 0.792935
-0.042339 -0.601126 0.798032
-0.021468 -0.604324 0.796449
-0.759470 -0.286256 0.584178
-0.727550 -0.313080 0.610452
-0.383425 -0.508460 0.771008
-0.335549 -0.526384 0.781234
-0.245198 -0.555585 0.794483
-0.202946 -0.567289 0.798120
-0.525936 -0.443686 0.725627
-0.478700 -0.467205 0.743347
-0.655020 -0.366754 0.660636
-0.614052 -0.393429 0.684217
-0.891630 -0.140750 0.430333
-0.875744 -0.162621 0.454562
-0.837178 -0.209489 0.505219
-0.814052 -0.234383 0.531398
-0.928308 -0.081380 0.362796
-0.917736 -0.100101 0.384371
-0.952427 -0.030735 0.303212
-0.945530 -0.046685 0.322171
0.300981 0.660055 -0.688286
0.804099 0.477257 -0.354473
0.804096 0.477259 -0.354477
0.300981 0.660055 -0.688286
-0.189345 0.619813 -0.761564
-0.230145 0.609000 -0.759047
-0.059996 0.646385 -0.760649
-0.032518 0.650560 -0.758759
0.227207 0.664731 -0.711695
0.237336 0.664329 -0.708758
0.276462 0.662064 -0.696591
0.282277 0.661630 -0.694669
0.292388 0.660812 -0.691257
0.296687 0.660441 -0.689779
0.255187 0.663437 -0.703371
0.262920 0.662978 -0.700951
0.144915 0.665267 -0.732406
0.161425 0.665543 -0.728694
0.190975 0.665560 -0.721498
0.204034 0.665370 -0.718089
0.087775 0.662860 -0.743580
0.108099 0.663973 -0.739902
0.019129 0.657034 -0.753618
0.043295 0.659447 -0.750503
-0.383802 0.556978 -0.736527
-0.375921 0.560109 -0.738215
-0.233123 0.608162 -0.758810
-0.204707 0.615882 -0.760779
-0.146694 0.629852 -0.762736
-0.117090 0.636076 -0.762691
-0.304172 0.586248 -0.750862
-0.282809 0.593239 -0.753716
-0.353881 0.568586 -0.742616
-0.339663 0.573842 -0.745208
-0.387403 0.555531 -0.735734
-0.392220 0.553576 -0.734654
-0.395236 0.552342 -0.733966
-0.393446 0.553075 -0.734376
-0.356627 0.567551 -0.742094
-0.369640 0.562564 -0.739518
-0.295022 0.589286 -0.752133
-0.319399 0.581047 -0.748578
0.610534 0.588455 -0.530065
0.615786 0.586329 -0.526332
0.523772 0.618426 -0.585844
0.501113 0.624812 -0.598746
0.164409 0.665572 -0.728000
0.099424 0.663533 -0.741511
-0.026669 0.651385 -0.758279
-0.087758 0.641651 -0.761960
0.327779 0.657325 -0.678590
0.278399 0.661923 -0.695954
0.444764 0.638405 -0.628191
0.410718 0.645145 -0.644282
0.606699 0.589981 -0.532766
0.598226 0.593284 -0.538647
0.575322 0.601740 -0.553998
0.560768 0.606769 -0.563356
0.621886 0.583813 -0.521939
0.618498 0.585217 -0.524385
0.622429 0.583585 -0.521546
0.623846 0.582992 -0.520516
0.647190 0.572798 -0.503038
0.637622 0.577076 -0.510316
0.595877 0.594183 -0.540257
0.595521 0.594319 -0.540499
0.598539 0.593165 -0.538430
0.601902 0.591865 -0.536107
0.603744 0.591143 -0.534830
0.599995 0.592601 -0.537428
0.621175 0.584110 -0.522453
0.614352 0.586911 -0.527359
0.718390 0.536093 -0.443306
0.705334 0.543525 -0.455065
0.680417 0.556794 -0.476459
0.668622 0.562687 -0.486135
0.757244 0.511794 -0.405769
0.744359 0.520239 -0.418665
0.792962 0.486066 -0.367357
0.781532 0.494698 -0.380108
-0.998375 -0.024654 -0.051381
-0.716850 0.656221 0.235585
-0.716850 0.656220 0.235588
-0.998375 -0.024654 -0.051379
-0.990285 0.138256 0.014820
-0.990496 0.136804 0.014227
-0.426289 0.844641 0.323818
-0.648439 0.714733 0.262077
-0.998320 0.054616 -0.019325
-0.998717 0.044995 -0.023231
-0.999023 -0.005856 -0.043805
-0.998913 -0.010093 -0.045512
-0.998660 -0.017765 -0.048607
-0.998524 -0.021209 -0.049994
-0.999245 0.009069 -0.037784
-0.999195 0.003719 -0.039941
-0.999148 0.028384 -0.029967
-0.999233 0.021395 -0.032798
-0.988344 0.150911 0.020022
-0.991638 0.128593 0.010860
-0.995729 0.092238 -0.004009
-0.996887 0.078243 -0.009716
-0.964990 0.254625 0.062928
-0.975734 0.214055 0.046077
-0.870187 0.468287 0.153239
-0.916322 0.383014 0.116852
0.841507 0.487828 0.232140
0.845297 0.482239 0.230038
0.696220 0.654992 0.293705
0.621753 0.716808 0.315610
0.317965 0.874320 0.366692
0.056843 0.924768 0.376261
0.808404 0.533296 0.249155
0.786320 0.560752 0.259340
0.842611 0.486210 0.231532
0.836053 0.495721 0.235108
-0.616181 0.738731 0.273124
0.124279 0.918101 0.376359
0.679680 0.669800 0.299004
0.765062 0.585355 0.268402
-0.969447 0.238749 0.056320
-0.946862 0.309920 0.086033
-0.989158 0.145757 0.017901
-0.987486 0.156140 0.022171
0.392461 0.846936 0.358710
0.422664 0.833982 0.354726
-0.066593 0.925989 0.371631
-0.383406 0.861659 0.332481
-0.976854 0.209311 0.044109
-0.981347 0.188907 0.035670
-0.987026 0.158865 0.023286
-0.988604 0.149292 0.019350
-0.943663 0.318532 0.089649
-0.958993 0.274353 0.071151
-0.753083 0.620220 0.219529
-0.852436 0.496045 0.165204
0.514283 0.787467 0.339719
0.501370 0.794723 0.342115
0.404874 0.841747 0.357126
0.317079 0.874609 0.366770
0.514389 0.787406 0.339699
0.520745 0.783745 0.338480
0.471126 0.810791 0.347360
0.489678 0.801086 0.344205
-0.337998 0.877317 0.340693
-0.291259 0.891032 0.348180
0.134091 0.916773 0.376228
0.185515 0.908298 0.374937
0.278691 0.886287 0.369902
0.320628 0.873449 0.366450
-0.028545 0.927124 0.373665
0.027077 0.926360 0.375665
-0.191148 0.912726 0.361101
-0.137651 0.920236 0.366357
-0.560364 0.775677 0.290375
-0.529966 0.793602 0.298885
-0.461387 0.829000 0.316038
-0.422950 0.846047 0.324526
-0.637974 0.722747 0.265754
-0.614256 0.740100 0.273755
-0.698722 0.672838 0.243058
-0.680121 0.689020 0.250373
0.975497 -0.147572 0.163183
0.662926 -0.276449 0.695777
0.662927 -0.276449 0.695776
0.975497 -0.147572 0.163183
0.950161 -0.001969 -0.311754
0.936774 0.010830 -0.349768
0.980952 -0.041842 -0.189689
0.985273 -0.050178 -0.163461
0.987897 -0.126648 0.089557
0.986557 -0.129543 0.099617
0.980306 -0.140659 0.138620
0.979228 -0.142303 0.144438
0.977261 -0.145154 0.154564
0.976389 -0.146365 0.158875
0.983919 -0.134627 0.117383
0.982665 -0.136823 0.125095
0.994659 -0.102879 0.008375
0.993881 -0.107682 0.024584
0.991769 -0.116237 0.053694
0.990538 -0.119999 0.066598
0.995155 -0.086120 -0.047433
0.995366 -0.092104 -0.027634
0.991318 -0.065719 -0.113887
0.993216 -0.072934 -0.090565
0.869289 0.060066 -0.490642
0.873449 0.057499 -0.483508
0.935726 0.011768 -0.352532
0.945332 0.002836 -0.326096
0.962243 -0.015233 -0.271764
0.969505 -0.024372 -0.243855
0.907751 0.034340 -0.418102
0.916770 0.027516 -0.398468
0.884662 0.050344 -0.463508
0.891572 0.045749 -0.450562
0.867362 0.061243 -0.493895
0.864757 0.062816 -0.498246
0.863109 0.063801 -0.500971
0.864089 0.063215 -0.499354
0.883300 0.051233 -0.466001
0.876709 0.055456 -0.477814
0.911679 0.031414 -0.409700
0.900996 0.039223 -0.432051
0.844926 -0.230607 0.482619
0.841336 -0.231932 0.488222
0.896485 -0.208244 0.391087
0.907773 -0.202269 0.367471
0.993710 -0.108549 0.027518
0.995328 -0.089553 -0.036093
0.986094 -0.051944 -0.157863
0.975805 -0.033371 -0.216082
0.969432 -0.155079 0.190137
0.979951 -0.141207 0.140559
0.932386 -0.187204 0.309210
0.945031 -0.177967 0.274307
0.847510 -0.229638 0.478533
0.853113 -0.227488 0.469518
0.867545 -0.221634 0.445246
0.876197 -0.217883 0.429890
0.837092 -0.233469 0.494741
0.839458 -0.232618 0.491121
0.836713 -0.233604 0.495319
0.835712 -0.233962 0.496837
0.818612 -0.239783 0.521899
0.825771 -0.237406 0.511606
0.854640 -0.226892 0.467022
0.854871 -0.226802 0.466644
0.852908 -0.227570 0.469851
0.850699 -0.228423 0.473427
0.849481 -0.228889 0.475385
0.851955 -0.227938 0.471398
0.837592 -0.233290 0.493980
0.842323 -0.231572 0.486688
0.758017 -0.257029 0.599455
0.770186 -0.253930 0.585093
0.792033 -0.247933 0.557865
0.801785 -0.245060 0.545056
0.718487 -0.266052 0.642646
0.732183 -0.263094 0.628244
0.677035 -0.274034 0.683029
0.690901 -0.271516 0.670026
-0.075587 0.394651 -0.915717
0.255743 0.884292 -0.390670
0.255745 0.884291 -0.390670
-0.075578 0.394652 -0.915717
-0.000121 0.536544 -0.843872
-0.000803 0.535339 -0.844637
0.361121 0.931045 -0.052405
0.287055 0.907915 -0.305433
-0.039119 0.465318 -0.884278
-0.043569 0.456906 -0.888447
-0.066979 0.411693 -0.908858
-0.068919 0.407871 -0.910434
-0.072439 0.400917 -0.913246
-0.074012 0.397786 -0.914488
-0.060136 0.425083 -0.903155
-0.062591 0.420301 -0.905223
-0.051235 0.442273 -0.895416
-0.054464 0.436073 -0.898261
0.005810 0.547017 -0.837101
-0.004667 0.528489 -0.848927
-0.021651 0.497780 -0.867033
-0.028164 0.485784 -0.873625
0.055041 0.629760 -0.774837
0.035673 0.598063 -0.800655
0.159423 0.780703 -0.604225
0.117231 0.723925 -0.679845
0.278563 0.083808 0.956754
0.276236 0.077243 0.957981
0.346110 0.293499 0.891104
0.369755 0.379696 0.848005
0.422669 0.646919 0.634702
0.429072 0.800872 0.417733
0.297346 0.138165 0.944720
0.308556 0.171865 0.935551
0.277887 0.081904 0.957116
0.281843 0.093123 0.954931
0.300178 0.915855 -0.266652
0.430342 0.766786 0.476283
0.351858 0.313603 0.881958
0.318508 0.202673 0.926000
0.047448 0.617454 -0.785174
0.081641 0.671491 -0.736501
0.003404 0.542762 -0.839880
0.008290 0.551324 -0.834250
0.414859 0.591412 0.691465
0.410845 0.567256 0.713741
0.421686 0.853476 0.306203
0.371705 0.928326 -0.006753
0.033429 0.594298 -0.803550
0.023755 0.577978 -0.815707
0.009570 0.553558 -0.832755
0.005066 0.545683 -0.837976
0.085810 0.677839 -0.730185
0.064501 0.644843 -0.761588
0.236854 0.867313 -0.437800
0.173338 0.798052 -0.577119
0.395342 0.487546 0.778462
0.397847 0.499404 0.769619
0.413271 0.581605 0.700672
0.422736 0.647547 0.634017
0.395317 0.487451 0.778534
0.394041 0.481530 0.782854
0.403293 0.526355 0.748535
0.400022 0.509960 0.761527
0.381831 0.923338 0.040650
0.391148 0.916063 0.088494
0.430363 0.761506 0.484660
0.429773 0.732491 0.527970
0.425640 0.673980 0.603806
0.422435 0.645031 0.636776
0.424660 0.838607 0.341178
0.427888 0.814714 0.391348
0.407570 0.893628 0.187927
0.414470 0.877998 0.239447
0.320769 0.925503 -0.201373
0.330971 0.928802 -0.166690
0.351667 0.931745 -0.090446
0.361983 0.930906 -0.048816
0.291425 0.910695 -0.292756
0.300933 0.916271 -0.264360
0.264557 0.891543 -0.367642
0.273198 0.898211 -0.344355
-0.381146 -0.855172 0.351295
-0.855645 -0.451033 0.253852
-0.855644 -0.451032 0.253856
-0.381146 -0.855172 0.351295
0.108901 -0.937678 0.330000
0.150622 -0.933901 0.324255
-0.022392 -0.938662 0.344112
-0.050097 -0.936775 0.346327
-0.308771 -0.882884 0.353804
-0.318738 -0.879422 0.353586
-0.357150 -0.865031 0.352371
-0.362847 -0.862752 0.352138
-0.372743 -0.858703 0.351700
-0.376948 -0.856947 0.351500
-0.336281 -0.873058 0.353107
-0.343872 -0.870196 0.352860
-0.227448 -0.907124 0.354109
-0.243811 -0.902808 0.354252
-0.273041 -0.894401 0.354254
-0.285932 -0.890405 0.354149
-0.170629 -0.919993 0.352844
-0.190871 -0.915781 0.353430
-0.101997 -0.931271 0.349759
-0.126204 -0.927817 0.351039
0.309176 -0.903570 0.296599
0.300986 -0.905785 0.298264
0.153674 -0.933559 0.323810
0.124593 -0.936457 0.327911
0.065449 -0.939823 0.335333
0.035382 -0.940251 0.338639
0.226716 -0.922581 0.312161
0.204703 -0.926455 0.315878
0.278115 -0.911582 0.302770
0.263388 -0.915017 0.305565
0.312920 -0.902533 0.295831
0.317933 -0.901119 0.294792
0.321073 -0.900220 0.294136
0.319209 -0.900756 0.294524
0.280962 -0.910891 0.302222
0.294461 -0.907496 0.299571
0.217282 -0.924301 0.313777
0.242435 -0.919510 0.309398
-0.678259 -0.664780 0.313100
-0.683182 -0.660256 0.311967
-0.596238 -0.732262 0.329078
-0.574633 -0.747831 0.332484
-0.246767 -0.901998 0.354267
-0.182236 -0.917628 0.353199
-0.055986 -0.936279 0.346766
0.005666 -0.939828 0.341600
-0.407305 -0.843634 0.349834
-0.359048 -0.864276 0.352295
-0.520618 -0.783287 0.339734
-0.487796 -0.802608 0.343330
-0.674659 -0.668053 0.313913
-0.666697 -0.675178 0.315675
-0.645115 -0.693765 0.320182
-0.631356 -0.705088 0.322863
-0.688901 -0.654926 0.310623
-0.685727 -0.657895 0.311372
-0.689407 -0.654450 0.310504
-0.690734 -0.653200 0.310186
-0.712537 -0.631996 0.304750
-0.703612 -0.640829 0.307032
-0.664487 -0.677130 0.316152
-0.664152 -0.677424 0.316225
-0.666992 -0.674916 0.315610
-0.670153 -0.672103 0.314916
-0.671884 -0.670553 0.314531
-0.668360 -0.673703 0.315309
-0.688235 -0.655550 0.310783
-0.681839 -0.661496 0.312278
-0.778313 -0.559366 0.285197
-0.766340 -0.573684 0.289155
-0.743376 -0.599703 0.296224
-0.732456 -0.611466 0.299362
-0.813673 -0.513630 0.272249
-0.801995 -0.529352 0.276749
-0.845746 -0.466763 0.258547
-0.835533 -0.482328 0.263144
0.994402 -0.096002 0.044141
0.653343 -0.045344 0.755703
0.653342 -0.045341 0.755704
0.994401 -0.096011 0.044141
0.971700 -0.089539 0.218591
0.972040 -0.089598 0.217049
0.347633 -0.011060 0.937566
0.580102 -0.036775 0.813713
0.987213 -0.093224 0.129307
0.988473 -0.093601 0.119000
0.993353 -0.095412 0.064393
0.993625 -0.095547 0.059836
0.994065 -0.095784 0.051566
0.994240 -0.095897 0.047854
0.992231 -0.094911 0.080430
0.992662 -0.095094 0.074690
0.990396 -0.094226 0.101182
0.991110 -0.094476 0.093676
0.968633 -0.088902 0.232047
0.973915 -0.090003 0.208303
0.981252 -0.091661 0.169538
0.983662 -0.092264 0.154584
0.936086 -0.083042 0.341828
0.950417 -0.085492 0.298996
0.822648 -0.066531 0.564644
0.876168 -0.073909 0.476306
-0.880192 0.097270 0.464543
-0.883455 0.097441 0.458272
-0.750853 0.089275 0.654408
-0.682410 0.084341 0.726088
-0.394681 0.060907 0.916797
-0.139719 0.037786 0.989470
-0.851388 0.095706 0.515731
-0.831913 0.094556 0.546791
-0.881142 0.097325 0.462727
-0.875482 0.097028 0.473410
0.545875 -0.032860 0.837222
-0.206138 0.043980 0.977534
-0.735747 0.088212 0.671487
-0.812998 0.093394 0.574727
0.941946 -0.084038 0.325077
0.913097 -0.079386 0.399940
0.969905 -0.089161 0.226571
0.967308 -0.088637 0.237608
-0.466253 0.067047 0.882107
-0.495101 0.069476 0.866053
-0.017159 0.026066 0.999513
0.303479 -0.006378 0.952817
0.951957 -0.085763 0.293976
0.958259 -0.086901 0.272374
0.966606 -0.088501 0.240500
0.969036 -0.088988 0.230328
0.909142 -0.078779 0.408968
0.928353 -0.081783 0.362591
0.692592 -0.050056 0.719591
0.802503 -0.063870 0.593220
-0.581965 0.076574 0.809601
-0.569787 0.075601 0.818308
-0.478120 0.068049 0.875654
-0.393828 0.060832 0.917169
-0.582064 0.076581 0.809528
-0.588053 0.077061 0.805143
-0.541174 0.073282 0.837711
-0.558738 0.074712 0.825972
0.256944 -0.001503 0.966425
0.209261 0.003432 0.977854
-0.215769 0.044869 0.975413
-0.266111 0.049473 0.962672
-0.356728 0.057582 0.932432
-0.397250 0.061129 0.915672
-0.055074 0.029732 0.998040
-0.110281 0.035006 0.993284
0.107818 0.013732 0.994076
0.053976 0.019093 0.998360
0.487077 -0.026252 0.872964
0.455251 -0.022725 0.890073
0.383914 -0.014951 0.923248
0.344183 -0.010691 0.938842
0.568973 -0.035501 0.821589
0.543837 -0.032633 0.838556
0.633832 -0.043033 0.772272
0.613892 -0.040695 0.788341
-0.927970 -0.127716 0.350086
-0.749196 0.620246 0.232378
-0.749196 0.620246 0.232379
-0.927970 -0.127716 0.350086
-0.683563 -0.666443 0.297649
-0.654201 -0.698883 0.289107
-0.769618 -0.551761 0.321323
-0.786475 -0.524795 0.325648
-0.909031 -0.226242 0.349968
-0.912131 -0.213034 0.350190
-0.922633 -0.161058 0.350441
-0.923988 -0.153200 0.350393
-0.926213 -0.139465 0.350256
-0.927108 -0.133594 0.350177
-0.917216 -0.189517 0.350426
-0.919268 -0.179220 0.350466
-0.878559 -0.329345 0.345928
-0.885395 -0.309250 0.347045
-0.896738 -0.272566 0.348666
-0.901385 -0.256021 0.349226
-0.852419 -0.396380 0.340975
-0.862157 -0.372944 0.342927
-0.816415 -0.471798 0.332975
-0.829637 -0.445851 0.336035
-0.535190 -0.806020 0.252792
-0.541544 -0.801132 0.254790
-0.651668 -0.701552 0.288363
-0.672268 -0.679257 0.294390
-0.712923 -0.630965 0.305982
-0.732872 -0.604868 0.311503
-0.598162 -0.753690 0.272311
-0.614476 -0.738610 0.277263
-0.559214 -0.787094 0.260311
-0.570446 -0.777819 0.263796
-0.532259 -0.808248 0.251866
-0.528351 -0.811189 0.250633
-0.525888 -0.813027 0.249856
-0.527345 -0.811941 0.250317
-0.557019 -0.788875 0.259626
-0.546636 -0.797155 0.256384
-0.605239 -0.747232 0.274464
-0.586458 -0.764101 0.268731
-0.893948 0.327494 0.305949
-0.891481 0.335485 0.304485
-0.924745 0.195679 0.326430
-0.929817 0.161557 0.330666
-0.887157 -0.303849 0.347317
-0.858709 -0.381425 0.342249
-0.790881 -0.517431 0.326760
-0.752986 -0.576681 0.316941
-0.932696 -0.090157 0.349214
-0.923172 -0.157973 0.350424
-0.937465 0.077637 0.339310
-0.938824 0.027671 0.343282
-0.895714 0.321629 0.307004
-0.899460 0.308739 0.309277
-0.908693 0.273844 0.315097
-0.913871 0.251744 0.318537
-0.888521 0.344780 0.302750
-0.890175 0.339625 0.303716
-0.888250 0.345614 0.302593
-0.887547 0.347770 0.302184
-0.875215 0.383227 0.295187
-0.880457 0.368667 0.298126
-0.900454 0.305209 0.309888
-0.900605 0.304667 0.309981
-0.899314 0.309252 0.309189
-0.897846 0.314369 0.308293
-0.897032 0.317168 0.307796
-0.898683 0.311465 0.308800
-0.888878 0.343675 0.302958
-0.892167 0.333288 0.304887
-0.828078 0.491114 0.270358
-0.837861 0.471364 0.275328
-0.855062 0.433656 0.284273
-0.862581 0.415750 0.288282
-0.795693 0.549694 0.254379
-0.807004 0.530285 0.259888
-0.761134 0.603374 0.237941
-0.772727 0.586217 0.243397
0.327190 -0.944314 0.034876
0.256855 -0.691291 0.675383
0.256855 -0.691290 0.675384
0.327191 -0.944314 0.034873
0.325706 -0.929252 0.174371
0.325750 -0.929471 0.173117
0.150412 -0.364393 0.919018
0.229572 -0.605641 0.761903
0.327279 -0.939351 0.102506
0.327349 -0.940188 0.094287
0.327347 -0.943532 0.050910
0.327319 -0.943729 0.047302
0.327258 -0.944056 0.040755
0.327225 -0.944189 0.037815
0.327411 -0.942738 0.063618
0.327394 -0.943040 0.059067
0.327417 -0.941478 0.080101
0.327426 -0.941964 0.074136
0.325311 -0.927252 0.185409
0.325978 -0.930672 0.166096
0.326790 -0.935443 0.134742
0.327012 -0.937016 0.122738
0.320379 -0.905919 0.276890
0.322674 -0.915338 0.240911
0.297960 -0.825378 0.479552
0.309128 -0.864055 0.397303
-0.292662 0.876572 0.382061
-0.293546 0.878694 0.376466
-0.255592 0.783508 0.566381
-0.234976 0.729688 0.642138
-0.131516 0.448898 0.883852
-0.029714 0.162154 0.986318
-0.284755 0.857300 0.428896
-0.279390 0.844003 0.457821
-0.292916 0.877182 0.380464
-0.291383 0.873482 0.390032
0.216291 -0.564525 0.796574
-0.077239 0.297042 0.951735
-0.250762 0.770994 0.585394
-0.273161 0.828387 0.489037
0.321272 -0.909515 0.263757
0.316320 -0.890239 0.327746
0.325478 -0.928087 0.180881
0.325138 -0.926406 0.189889
-0.163867 0.538124 0.826783
-0.174110 0.566145 0.805708
0.009076 0.050834 0.998666
0.138259 -0.328023 0.934497
0.322927 -0.916420 0.236417
0.323866 -0.920523 0.218512
0.325040 -0.925953 0.192249
0.325363 -0.927526 0.183943
0.315677 -0.887838 0.334800
0.319065 -0.900735 0.294745
0.265124 -0.717648 0.643965
0.292369 -0.806552 0.513803
-0.203879 0.646840 0.734869
-0.199830 0.635936 0.745422
-0.167080 0.546928 0.820338
-0.136225 0.461948 0.876383
-0.203934 0.646985 0.734726
-0.205911 0.652303 0.729453
-0.190149 0.609767 0.769433
-0.196097 0.625859 0.754881
0.124700 -0.287612 0.949594
0.106130 -0.232538 0.966780
-0.067650 0.269961 0.960492
-0.087851 0.326924 0.940958
-0.123205 0.425808 0.896386
-0.138511 0.468278 0.872657
-0.001640 0.081694 0.996656
-0.024565 0.147440 0.988766
0.065527 -0.113114 0.991419
0.043404 -0.048584 0.997876
0.206853 -0.535491 0.818817
0.196345 -0.503325 0.841494
0.171704 -0.428488 0.887083
0.157407 -0.385395 0.909227
0.232535 -0.614862 0.753573
0.224884 -0.591092 0.774621
0.251390 -0.673983 0.694658
0.245745 -0.656191 0.713458
</float_array>
          <technique_common>
            <accessor source="#polySurface2-lib-Normal0-array" count="1296" stride="3">
              <param name="X" type="float"/>
              <param name="Y" type="float"/>
              <param name="Z" type="float"/>
            </accessor>
          </technique_common>
        </source>
        <source id="polySurface2-lib-UV0">
          <float_array id="polySurface2-lib-UV0-array" count="2592">
0.000000 0.000000
1.000000 0.000000
1.000000 1.000000
0.000000 1.000000
0.454208 0.000000
0.454208 1.000000
0.201143 0.000000
0.201143 1.000000
0.079492 0.000000
0.079492 1.000000
0.037585 0.000000
0.037585 1.000000
0.018270 0.000000
0.018270 1.000000
0.057974 0.000000
0.057974 1.000000
0.125762 0.000000
0.125762 1.000000
0.102099 0.000000
0.102099 1.000000
0.150311 0.000000
0.150311 1.000000
0.175534 0.000000
0.175534 1.000000
0.325312 0.000000
0.325312 1.000000
0.252116 0.000000
0.252116 1.000000
0.226791 0.000000
0.226791 1.000000
0.276882 0.000000
0.276882 1.000000
0.301200 0.000000
0.301200 1.000000
0.374094 0.000000
0.374094 1.000000
0.349501 0.000000
0.349501 1.000000
0.399454 0.000000
0.399454 1.000000
0.426004 0.000000
0.426004 1.000000
0.747267 0.000000
0.747267 1.000000
0.605614 0.000000
0.605614 1.000000
0.515710 0.000000
0.515710 1.000000
0.484325 0.000000
0.484325 1.000000
0.546785 0.000000
0.546785 1.000000
0.576708 0.000000
0.576708 1.000000
0.661993 0.000000
0.661993 1.000000
0.633894 0.000000
0.633894 1.000000
0.690250 0.000000
0.690250 1.000000
0.718782 0.000000
0.718782 1.000000
0.876876 0.000000
0.876876 1.000000
0.801291 0.000000
0.801291 1.000000
0.774910 0.000000
0.774910 1.000000
0.826732 0.000000
0.826732 1.000000
0.851762 0.000000
0.851762 1.000000
0.928443 0.000000
0.928443 1.000000
0.902434 0.000000
0.902434 1.000000
0.954209 0.000000
0.954209 1.000000
0.978388 0.000000
0.978388 1.000000
0.989821 0.000000
1.000000 0.000000
1.000000 1.000000
0.455471 0.000000
0.486053 0.000000
0.486053 1.000000
0.097160 0.000000
0.117180 0.000000
0.117180 1.000000
0.032695 0.000000
0.042673 0.000000
0.042673 1.000000
0.007361 0.000000
0.015199 0.000000
0.015199 1.000000
0.000000 0.000000
0.007361 1.000000
0.023607 0.000000
0.023607 1.000000
0.032695 1.000000
0.053764 0.000000
0.066122 0.000000
0.066122 1.000000
0.053764 1.000000
0.080431 0.000000
0.080431 1.000000
0.097160 1.000000
0.225970 0.000000
0.255939 0.000000
0.255939 1.000000
0.141287 0.000000
0.168687 0.000000
0.168687 1.000000
0.141287 1.000000
0.197231 0.000000
0.197231 1.000000
0.225970 1.000000
0.290704 0.000000
0.358830 0.000000
0.358830 1.000000
0.290704 1.000000
0.419607 0.000000
0.419607 1.000000
0.455471 1.000000
0.810305 0.000000
0.836150 0.000000
0.836150 1.000000
0.612753 0.000000
0.667456 0.000000
0.667456 1.000000
0.514919 0.000000
0.544000 0.000000
0.544000 1.000000
0.514919 1.000000
0.575278 0.000000
0.575278 1.000000
0.612753 1.000000
0.718045 0.000000
0.753146 0.000000
0.753146 1.000000
0.718045 1.000000
0.782972 0.000000
0.782972 1.000000
0.810305 1.000000
0.922510 0.000000
0.938946 0.000000
0.938946 1.000000
0.860616 0.000000
0.883397 0.000000
0.883397 1.000000
0.860616 1.000000
0.904026 0.000000
0.904026 1.000000
0.922510 1.000000
0.953618 0.000000
0.966886 0.000000
0.966886 1.000000
0.953618 1.000000
0.978819 0.000000
0.978819 1.000000
0.989821 1.000000
0.000000 1.000000
0.978388 0.000000
1.000000 0.000000
1.000000 1.000000
0.426004 0.000000
0.454208 0.000000
0.454208 1.000000
0.175534 0.000000
0.201143 0.000000
0.201143 1.000000
0.057974 0.000000
0.079492 0.000000
0.079492 1.000000
0.018270 0.000000
0.037585 0.000000
0.037585 1.000000
0.000000 0.000000
0.018270 1.000000
0.057974 1.000000
0.102099 0.000000
0.125762 0.000000
0.125762 1.000000
0.102099 1.000000
0.150311 0.000000
0.150311 1.000000
0.175534 1.000000
0.301200 0.000000
0.325312 0.000000
0.325312 1.000000
0.226791 0.000000
0.252116 0.000000
0.252116 1.000000
0.226791 1.000000
0.276882 0.000000
0.276882 1.000000
0.301200 1.000000
0.349501 0.000000
0.374094 0.000000
0.374094 1.000000
0.349501 1.000000
0.399454 0.000000
0.399454 1.000000
0.426004 1.000000
0.718782 0.000000
0.747267 0.000000
0.747267 1.000000
0.576708 0.000000
0.605614 0.000000
0.605614 1.000000
0.484325 0.000000
0.515710 0.000000
0.515710 1.000000
0.484325 1.000000
0.546785 0.000000
0.546785 1.000000
0.576708 1.000000
0.633894 0.000000
0.661993 0.000000
0.661993 1.000000
0.633894 1.000000
0.690250 0.000000
0.690250 1.000000
0.718782 1.000000
0.851762 0.000000
0.876876 0.000000
0.876876 1.000000
0.774910 0.000000
0.801291 0.000000
0.801291 1.000000
0.774910 1.000000
0.826732 0.000000
0.826732 1.000000
0.851762 1.000000
0.902434 0.000000
0.928443 0.000000
0.928443 1.000000
0.902434 1.000000
0.954209 0.000000
0.954209 1.000000
0.978388 1.000000
0.000000 1.000000
0.989821 0.000000
1.000000 0.000000
1.000000 1.000000
0.455471 0.000000
0.486053 0.000000
0.486053 1.000000
0.097160 0.000000
0.117180 0.000000
0.117180 1.000000
0.032695 0.000000
0.042673 0.000000
0.042673 1.000000
0.007361 0.000000
0.015199 0.000000
0.015199 1.000000
0.000000 0.000000
0.007361 1.000000
0.023607 0.000000
0.023607 1.000000
0.032695 1.000000
0.053764 0.000000
0.066122 0.000000
0.066122 1.000000
0.053764 1.000000
0.080431 0.000000
0.080431 1.000000
0.097160 1.000000
0.225970 0.000000
0.255939 0.000000
0.255939 1.000000
0.141287 0.000000
0.168687 0.000000
0.168687 1.000000
0.141287 1.000000
0.197231 0.000000
0.197231 1.000000
0.225970 1.000000
0.290704 0.000000
0.358830 0.000000
0.358830 1.000000
0.290704 1.000000
0.419607 0.000000
0.419607 1.000000
0.455471 1.000000
0.810305 0.000000
0.836150 0.000000
0.836150 1.000000
0.612753 0.000000
0.667456 0.000000
0.667456 1.000000
0.514919 0.000000
0.544000 0.000000
0.544000 1.000000
0.514919 1.000000
0.575278 0.000000
0.575278 1.000000
0.612753 1.000000
0.718045 0.000000
0.753146 0.000000
0.753146 1.000000
0.718045 1.000000
0.782972 0.000000
0.782972 1.000000
0.810305 1.000000
0.922510 0.000000
0.938946 0.000000
0.938946 1.000000
0.860616 0.000000
0.883397 0.000000
0.883397 1.000000
0.860616 1.000000
0.904026 0.000000
0.904026 1.000000
0.922510 1.000000
0.953618 0.000000
0.966886 0.000000
0.966886 1.000000
0.953618 1.000000
0.978819 0.000000
0.978819 1.000000
0.989821 1.000000
0.000000 1.000000
0.978388 0.000000
1.000000 0.000000
1.000000 1.000000
0.426004 0.000000
0.454208 0.000000
0.454208 1.000000
0.175534 0.000000
0.201143 0.000000
0.201143 1.000000
0.057974 0.000000
0.079492 0.000000
0.079492 1.000000
0.018270 0.000000
0.037585 0.000000
0.037585 1.000000
0.000000 0.000000
0.018270 1.000000
0.057974 1.000000
0.102099 0.000000
0.125762 0.000000
0.125762 1.000000
0.102099 1.000000
0.150311 0.000000
0.150311 1.000000
0.175534 1.000000
0.301200 0.000000
0.325312 0.000000
0.325312 1.000000
0.226791 0.000000
0.252116 0.000000
0.252116 1.000000
0.226791 1.000000
0.276882 0.000000
0.276882 1.000000
0.301200 1.000000
0.349501 0.000000
0.374094 0.000000
0.374094 1.000000
0.349501 1.000000
0.399454 0.000000
0.399454 1.000000
0.426004 1.000000
0.718782 0.000000
0.747267 0.000000
0.747267 1.000000
0.576708 0.000000
0.605614 0.000000
0.605614 1.000000
0.484325 0.000000
0.515710 0.000000
0.515710 1.000000
0.484325 1.000000
0.546785 0.000000
0.546785 1.000000
0.576708 1.000000
0.633894 0.000000
0.661993 0.000000
0.661993 1.000000
0.633894 1.000000
0.690250 0.000000
0.690250 1.000000
0.718782 1.000000
0.851762 0.000000
0.876876 0.000000
0.876876 1.000000
0.774910 0.000000
0.801291 0.000000
0.801291 1.000000
0.774910 1.000000
0.826732 0.000000
0.826732 1.000000
0.851762 1.000000
0.902434 0.000000
0.928443 0.000000
0.928443 1.000000
0.902434 1.000000
0.954209 0.000000
0.954209 1.000000
0.978388 1.000000
0.000000 1.000000
0.989821 0.000000
1.000000 0.000000
1.000000 1.000000
0.455471 0.000000
0.486053 0.000000
0.486053 1.000000
0.097160 0.000000
0.117180 0.000000
0.117180 1.000000
0.032695 0.000000
0.042673 0.000000
0.042673 1.000000
0.007361 0.000000
0.015199 0.000000
0.015199 1.000000
0.000000 0.000000
0.007361 1.000000
0.023607 0.000000
0.023607 1.000000
0.032695 1.000000
0.053764 0.000000
0.066122 0.000000
0.066122 1.000000
0.053764 1.000000
0.080431 0.000000
0.080431 1.000000
0.097160 1.000000
0.225970 0.000000
0.255939 0.000000
0.255939 1.000000
0.141287 0.000000
0.168687 0.000000
0.168687 1.000000
0.141287 1.000000
0.197231 0.000000
0.197231 1.000000
0.225970 1.000000
0.290704 0.000000
0.358830 0.000000
0.358830 1.000000
0.290704 1.000000
0.419607 0.000000
0.419607 1.000000
0.455471 1.000000
0.810305 0.000000
0.836150 0.000000
0.836150 1.000000
0.612753 0.000000
0.667456 0.000000
0.667456 1.000000
0.514919 0.000000
0.544000 0.000000
0.544000 1.000000
0.514919 1.000000
0.575278 0.000000
0.575278 1.000000
0.612753 1.000000
0.718045 0.000000
0.753146 0.000000
0.753146 1.000000
0.718045 1.000000
0.782972 0.000000
0.782972 1.000000
0.810305 1.000000
0.922510 0.000000
0.938946 0.000000
0.938946 1.000000
0.860616 0.000000
0.883397 0.000000
0.883397 1.000000
0.860616 1.000000
0.904026 0.000000
0.904026 1.000000
0.922510 1.000000
0.953618 0.000000
0.966886 0.000000
0.966886 1.000000
0.953618 1.000000
0.978819 0.000000
0.978819 1.000000
0.989821 1.000000
0.000000 1.000000
0.978388 0.000000
1.000000 0.000000
1.000000 1.000000
0.426004 0.000000
0.454208 0.000000
0.454208 1.000000
0.175534 0.000000
0.201143 0.000000
0.201143 1.000000
0.057974 0.000000
0.079492 0.000000
0.079492 1.000000
0.018270 0.000000
0.037585 0.000000
0.037585 1.000000
0.000000 0.000000
0.018270 1.000000
0.057974 1.000000
0.102099 0.000000
0.125762 0.000000
0.125762 1.000000
0.102099 1.000000
0.150311 0.000000
0.150311 1.000000
0.175534 1.000000
0.301200 0.000000
0.325312 0.000000
0.325312 1.000000
0.226791 0.000000
0.252116 0.000000
0.252116 1.000000
0.226791 1.000000
0.276882 0.000000
0.276882 1.000000
0.301200 1.000000
0.349501 0.000000
0.374094 0.000000
0.374094 1.000000
0.349501 1.000000
0.399454 0.000000
0.399454 1.000000
0.426004 1.000000
0.718782 0.000000
0.747267 0.000000
0.747267 1.000000
0.576708 0.000000
0.605614 0.000000
0.605614 1.000000
0.484325 0.000000
0.515710 0.000000
0.515710 1.000000
0.484325 1.000000
0.546785 0.000000
0.546785 1.000000
0.576708 1.000000
0.633894 0.000000
0.661993 0.000000
0.661993 1.000000
0.633894 1.000000
0.690250 0.000000
0.690250 1.000000
0.718782 1.000000
0.851762 0.000000
0.876876 0.000000
0.876876 1.000000
0.774910 0.000000
0.801291 0.000000
0.801291 1.000000
0.774910 1.000000
0.826732 0.000000
0.826732 1.000000
0.851762 1.000000
0.902434 0.000000
0.928443 0.000000
0.928443 1.000000
0.902434 1.000000
0.954209 0.000000
0.954209 1.000000
0.978388 1.000000
0.000000 1.000000
0.989821 0.000000
1.000000 0.000000
1.000000 1.000000
0.455471 0.000000
0.486053 0.000000
0.486053 1.000000
0.097160 0.000000
0.117180 0.000000
0.117180 1.000000
0.032695 0.000000
0.042673 0.000000
0.042673 1.000000
0.007361 0.000000
0.015199 0.000000
0.015199 1.000000
0.000000 0.000000
0.007361 1.000000
0.023607 0.000000
0.023607 1.000000
0.032695 1.000000
0.053764 0.000000
0.066122 0.000000
0.066122 1.000000
0.053764 1.000000
0.080431 0.000000
0.080431 1.000000
0.097160 1.000000
0.225970 0.000000
0.255939 0.000000
0.255939 1.000000
0.141287 0.000000
0.168687 0.000000
0.168687 1.000000
0.141287 1.000000
0.197231 0.000000
0.197231 1.000000
0.225970 1.000000
0.290704 0.000000
0.358830 0.000000
0.358830 1.000000
0.290704 1.000000
0.419607 0.000000
0.419607 1.000000
0.455471 1.000000
0.810305 0.000000
0.836150 0.000000
0.836150 1.000000
0.612753 0.000000
0.667456 0.000000
0.667456 1.000000
0.514919 0.000000
0.544000 0.000000
0.544000 1.000000
0.514919 1.000000
0.575278 0.000000
0.575278 1.000000
0.612753 1.000000
0.718045 0.000000
0.753146 0.000000
0.753146 1.000000
0.718045 1.000000
0.782972 0.000000
0.782972 1.000000
0.810305 1.000000
0.922510 0.000000
0.938946 0.000000
0.938946 1.000000
0.860616 0.000000
0.883397 0.000000
0.883397 1.000000
0.860616 1.000000
0.904026 0.000000
0.904026 1.000000
0.922510 1.000000
0.953618 0.000000
0.966886 0.000000
0.966886 1.000000
0.953618 1.000000
0.978819 0.000000
0.978819 1.000000
0.989821 1.000000
0.000000 1.000000
0.978388 0.000000
1.000000 0.000000
1.000000 1.000000
0.426004 0.000000
0.454208 0.000000
0.454208 1.000000
0.175534 0.000000
0.201143 0.000000
0.201143 1.000000
0.057974 0.000000
0.079492 0.000000
0.079492 1.000000
0.018270 0.000000
0.037585 0.000000
0.037585 1.000000
0.000000 0.000000
0.018270 1.000000
0.057974 1.000000
0.102099 0.000000
0.125762 0.000000
0.125762 1.000000
0.102099 1.000000
0.150311 0.000000
0.150311 1.000000
0.175534 1.000000
0.301200 0.000000
0.325312 0.000000
0.325312 1.000000
0.226791 0.000000
0.252116 0.000000
0.252116 1.000000
0.226791 1.000000
0.276882 0.000000
0.276882 1.000000
0.301200 1.000000
0.349501 0.000000
0.374094 0.000000
0.374094 1.000000
0.349501 1.000000
0.399454 0.000000
0.399454 1.000000
0.426004 1.000000
0.718782 0.000000
0.747267 0.000000
0.747267 1.000000
0.576708 0.000000
0.605614 0.000000
0.605614 1.000000
0.484325 0.000000
0.515710 0.000000
0.515710 1.000000
0.484325 1.000000
0.546785 0.000000
0.546785 1.000000
0.576708 1.000000
0.633894 0.000000
0.661993 0.000000
0.661993 1.000000
0.633894 1.000000
0.690250 0.000000
0.690250 1.000000
0.718782 1.000000
0.851762 0.000000
0.876876 0.000000
0.876876 1.000000
0.774910 0.000000
0.801291 0.000000
0.801291 1.000000
0.774910 1.000000
0.826732 0.000000
0.826732 1.000000
0.851762 1.000000
0.902434 0.000000
0.928443 0.000000
0.928443 1.000000
0.902434 1.000000
0.954209 0.000000
0.954209 1.000000
0.978388 1.000000
0.000000 1.000000
0.989821 0.000000
1.000000 0.000000
1.000000 1.000000
0.455471 0.000000
0.486053 0.000000
0.486053 1.000000
0.097160 0.000000
0.117180 0.000000
0.117180 1.000000
0.032695 0.000000
0.042673 0.000000
0.042673 1.000000
0.007361 0.000000
0.015199 0.000000
0.015199 1.000000
0.000000 0.000000
0.007361 1.000000
0.023607 0.000000
0.023607 1.000000
0.032695 1.000000
0.053764 0.000000
0.066122 0.000000
0.066122 1.000000
0.053764 1.000000
0.080431 0.000000
0.080431 1.000000
0.097160 1.000000
0.225970 0.000000
0.255939 0.000000
0.255939 1.000000
0.141287 0.000000
0.168687 0.000000
0.168687 1.000000
0.141287 1.000000
0.197231 0.000000
0.197231 1.000000
0.225970 1.000000
0.290704 0.000000
0.358830 0.000000
0.358830 1.000000
0.290704 1.000000
0.419607 0.000000
0.419607 1.000000
0.455471 1.000000
0.810305 0.000000
0.836150 0.000000
0.836150 1.000000
0.612753 0.000000
0.667456 0.000000
0.667456 1.000000
0.514919 0.000000
0.544000 0.000000
0.544000 1.000000
0.514919 1.000000
0.575278 0.000000
0.575278 1.000000
0.612753 1.000000
0.718045 0.000000
0.753146 0.000000
0.753146 1.000000
0.718045 1.000000
0.782972 0.000000
0.782972 1.000000
0.810305 1.000000
0.922510 0.000000
0.938946 0.000000
0.938946 1.000000
0.860616 0.000000
0.883397 0.000000
0.883397 1.000000
0.860616 1.000000
0.904026 0.000000
0.904026 1.000000
0.922510 1.000000
0.953618 0.000000
0.966886 0.000000
0.966886 1.000000
0.953618 1.000000
0.978819 0.000000
0.978819 1.000000
0.989821 1.000000
0.000000 1.000000
0.978388 0.000000
1.000000 0.000000
1.000000 1.000000
0.426004 0.000000
0.454208 0.000000
0.454208 1.000000
0.175534 0.000000
0.201143 0.000000
0.201143 1.000000
0.057974 0.000000
0.079492 0.000000
0.079492 1.000000
0.018270 0.000000
0.037585 0.000000
0.037585 1.000000
0.000000 0.000000
0.018270 1.000000
0.057974 1.000000
0.102099 0.000000
0.125762 0.000000
0.125762 1.000000
0.102099 1.000000
0.150311 0.000000
0.150311 1.000000
0.175534 1.000000
0.301200 0.000000
0.325312 0.000000
0.325312 1.000000
0.226791 0.000000
0.252116 0.000000
0.252116 1.000000
0.226791 1.000000
0.276882 0.000000
0.276882 1.000000
0.301200 1.000000
0.349501 0.000000
0.374094 0.000000
0.374094 1.000000
0.349501 1.000000
0.399454 0.000000
0.399454 1.000000
0.426004 1.000000
0.718782 0.000000
0.747267 0.000000
0.747267 1.000000
0.576708 0.000000
0.605614 0.000000
0.605614 1.000000
0.484325 0.000000
0.515710 0.000000
0.515710 1.000000
0.484325 1.000000
0.546785 0.000000
0.546785 1.000000
0.576708 1.000000
0.633894 0.000000
0.661993 0.000000
0.661993 1.000000
0.633894 1.000000
0.690250 0.000000
0.690250 1.000000
0.718782 1.000000
0.851762 0.000000
0.876876 0.000000
0.876876 1.000000
0.774910 0.000000
0.801291 0.000000
0.801291 1.000000
0.774910 1.000000
0.826732 0.000000
0.826732 1.000000
0.851762 1.000000
0.902434 0.000000
0.928443 0.000000
0.928443 1.000000
0.902434 1.000000
0.954209 0.000000
0.954209 1.000000
0.978388 1.000000
0.000000 1.000000
0.989821 0.000000
1.000000 0.000000
1.000000 1.000000
0.455471 0.000000
0.486053 0.000000
0.486053 1.000000
0.097160 0.000000
0.117180 0.000000
0.117180 1.000000
0.032695 0.000000
0.042673 0.000000
0.042673 1.000000
0.007361 0.000000
0.015199 0.000000
0.015199 1.000000
0.000000 0.000000
0.007361 1.000000
0.023607 0.000000
0.023607 1.000000
0.032695 1.000000
0.053764 0.000000
0.066122 0.000000
0.066122 1.000000
0.053764 1.000000
0.080431 0.000000
0.080431 1.000000
0.097160 1.000000
0.225970 0.000000
0.255939 0.000000
0.255939 1.000000
0.141287 0.000000
0.168687 0.000000
0.168687 1.000000
0.141287 1.000000
0.197231 0.000000
0.197231 1.000000
0.225970 1.000000
0.290704 0.000000
0.358830 0.000000
0.358830 1.000000
0.290704 1.000000
0.419607 0.000000
0.419607 1.000000
0.455471 1.000000
0.810305 0.000000
0.836150 0.000000
0.836150 1.000000
0.612753 0.000000
0.667456 0.000000
0.667456 1.000000
0.514919 0.000000
0.544000 0.000000
0.544000 1.000000
0.514919 1.000000
0.575278 0.000000
0.575278 1.000000
0.612753 1.000000
0.718045 0.000000
0.753146 0.000000
0.753146 1.000000
0.718045 1.000000
0.782972 0.000000
0.782972 1.000000
0.810305 1.000000
0.922510 0.000000
0.938946 0.000000
0.938946 1.000000
0.860616 0.000000
0.883397 0.000000
0.883397 1.000000
0.860616 1.000000
0.904026 0.000000
0.904026 1.000000
0.922510 1.000000
0.953618 0.000000
0.966886 0.000000
0.966886 1.000000
0.953618 1.000000
0.978819 0.000000
0.978819 1.000000
0.989821 1.000000
0.000000 1.000000
0.978388 0.000000
1.000000 0.000000
1.000000 1.000000
0.426004 0.000000
0.454208 0.000000
0.454208 1.000000
0.175534 0.000000
0.201143 0.000000
0.201143 1.000000
0.057974 0.000000
0.079492 0.000000
0.079492 1.000000
0.018270 0.000000
0.037585 0.000000
0.037585 1.000000
0.000000 0.000000
0.018270 1.000000
0.057974 1.000000
0.102099 0.000000
0.125762 0.000000
0.125762 1.000000
0.102099 1.000000
0.150311 0.000000
0.150311 1.000000
0.175534 1.000000
0.301200 0.000000
0.325312 0.000000
0.325312 1.000000
0.226791 0.000000
0.252116 0.000000
0.252116 1.000000
0.226791 1.000000
0.276882 0.000000
0.276882 1.000000
0.301200 1.000000
0.349501 0.000000
0.374094 0.000000
0.374094 1.000000
0.349501 1.000000
0.399454 0.000000
0.399454 1.000000
0.426004 1.000000
0.718782 0.000000
0.747267 0.000000
0.747267 1.000000
0.576708 0.000000
0.605614 0.000000
0.605614 1.000000
0.484325 0.000000
0.515710 0.000000
0.515710 1.000000
0.484325 1.000000
0.546785 0.000000
0.546785 1.000000
0.576708 1.000000
0.633894 0.000000
0.661993 0.000000
0.661993 1.000000
0.633894 1.000000
0.690250 0.000000
0.690250 1.000000
0.718782 1.000000
0.851762 0.000000
0.876876 0.000000
0.876876 1.000000
0.774910 0.000000
0.801291 0.000000
0.801291 1.000000
0.774910 1.000000
0.826732 0.000000
0.826732 1.000000
0.851762 1.000000
0.902434 0.000000
0.928443 0.000000
0.928443 1.000000
0.902434 1.000000
0.954209 0.000000
0.954209 1.000000
0.978388 1.000000
0.000000 1.000000
0.989821 0.000000
1.000000 0.000000
1.000000 1.000000
0.455471 0.000000
0.486053 0.000000
0.486053 1.000000
0.097160 0.000000
0.117180 0.000000
0.117180 1.000000
0.032695 0.000000
0.042673 0.000000
0.042673 1.000000
0.007361 0.000000
0.015199 0.000000
0.015199 1.000000
0.000000 0.000000
0.007361 1.000000
0.023607 0.000000
0.023607 1.000000
0.032695 1.000000
0.053764 0.000000
0.066122 0.000000
0.066122 1.000000
0.053764 1.000000
0.080431 0.000000
0.080431 1.000000
0.097160 1.000000
0.225970 0.000000
0.255939 0.000000
0.255939 1.000000
0.141287 0.000000
0.168687 0.000000
0.168687 1.000000
0.141287 1.000000
0.197231 0.000000
0.197231 1.000000
0.225970 1.000000
0.290704 0.000000
0.358830 0.000000
0.358830 1.000000
0.290704 1.000000
0.419607 0.000000
0.419607 1.000000
0.455471 1.000000
0.810305 0.000000
0.836150 0.000000
0.836150 1.000000
0.612753 0.000000
0.667456 0.000000
0.667456 1.000000
0.514919 0.000000
0.544000 0.000000
0.544000 1.000000
0.514919 1.000000
0.575278 0.000000
0.575278 1.000000
0.612753 1.000000
0.718045 0.000000
0.753146 0.000000
0.753146 1.000000
0.718045 1.000000
0.782972 0.000000
0.782972 1.000000
0.810305 1.000000
0.922510 0.000000
0.938946 0.000000
0.938946 1.000000
0.860616 0.000000
0.883397 0.000000
0.883397 1.000000
0.860616 1.000000
0.904026 0.000000
0.904026 1.000000
0.922510 1.000000
0.953618 0.000000
0.966886 0.000000
0.966886 1.000000
0.953618 1.000000
0.978819 0.000000
0.978819 1.000000
0.989821 1.000000
0.000000 1.000000
0.978388 0.000000
1.000000 0.000000
1.000000 1.000000
0.426004 0.000000
0.454208 0.000000
0.454208 1.000000
0.175534 0.000000
0.201143 0.000000
0.201143 1.000000
0.057974 0.000000
0.079492 0.000000
0.079492 1.000000
0.018270 0.000000
0.037585 0.000000
0.037585 1.000000
0.000000 0.000000
0.018270 1.000000
0.057974 1.000000
0.102099 0.000000
0.125762 0.000000
0.125762 1.000000
0.102099 1.000000
0.150311 0.000000
0.150311 1.000000
0.175534 1.000000
0.301200 0.000000
0.325312 0.000000
0.325312 1.000000
0.226791 0.000000
0.252116 0.000000
0.252116 1.000000
0.226791 1.000000
0.276882 0.000000
0.276882 1.000000
0.301200 1.000000
0.349501 0.000000
0.374094 0.000000
0.374094 1.000000
0.349501 1.000000
0.399454 0.000000
0.399454 1.000000
0.426004 1.000000
0.718782 0.000000
0.747267 0.000000
0.747267 1.000000
0.576708 0.000000
0.605614 0.000000
0.605614 1.000000
0.484325 0.000000
0.515710 0.000000
0.515710 1.000000
0.484325 1.000000
0.546785 0.000000
0.546785 1.000000
0.576708 1.000000
0.633894 0.000000
0.661993 0.000000
0.661993 1.000000
0.633894 1.000000
0.690250 0.000000
0.690250 1.000000
0.718782 1.000000
0.851762 0.000000
0.876876 0.000000
0.876876 1.000000
0.774910 0.000000
0.801291 0.000000
0.801291 1.000000
0.774910 1.000000
0.826732 0.000000
0.826732 1.000000
0.851762 1.000000
0.902434 0.000000
0.928443 0.000000
0.928443 1.000000
0.902434 1.000000
0.954209 0.000000
0.954209 1.000000
0.978388 1.000000
0.000000 1.000000
0.989821 0.000000
1.000000 0.000000
1.000000 1.000000
0.455471 0.000000
0.486053 0.000000
0.486053 1.000000
0.097160 0.000000
0.117180 0.000000
0.117180 1.000000
0.032695 0.000000
0.042673 0.000000
0.042673 1.000000
0.007361 0.000000
0.015199 0.000000
0.015199 1.000000
0.000000 0.000000
0.007361 1.000000
0.023607 0.000000
0.023607 1.000000
0.032695 1.000000
0.053764 0.000000
0.066122 0.000000
0.066122 1.000000
0.053764 1.000000
0.080431 0.000000
0.080431 1.000000
0.097160 1.000000
0.225970 0.000000
0.255939 0.000000
0.255939 1.000000
0.141287 0.000000
0.168687 0.000000
0.168687 1.000000
0.141287 1.000000
0.197231 0.000000
0.197231 1.000000
0.225970 1.000000
0.290704 0.000000
0.358830 0.000000
0.358830 1.000000
0.290704 1.000000
0.419607 0.000000
0.419607 1.000000
0.455471 1.000000
0.810305 0.000000
0.836150 0.000000
0.836150 1.000000
0.612753 0.000000
0.667456 0.000000
0.667456 1.000000
0.514919 0.000000
0.544000 0.000000
0.544000 1.000000
0.514919 1.000000
0.575278 0.000000
0.575278 1.000000
0.612753 1.000000
0.718045 0.000000
0.753146 0.000000
0.753146 1.000000
0.718045 1.000000
0.782972 0.000000
0.782972 1.000000
0.810305 1.000000
0.922510 0.000000
0.938946 0.000000
0.938946 1.000000
0.860616 0.000000
0.883397 0.000000
0.883397 1.000000
0.860616 1.000000
0.904026 0.000000
0.904026 1.000000
0.922510 1.000000
0.953618 0.000000
0.966886 0.000000
0.966886 1.000000
0.953618 1.000000
0.978819 0.000000
0.978819 1.000000
0.989821 1.000000
0.000000 1.000000
</float_array>
          <technique_common>
            <accessor source="#polySurface2-lib-UV0-array" count="1296" stride="2">
              <param name="S" type="float"/>
              <param name="T" type="float"/>
            </accessor>
          </technique_common>
        </source>
        <vertices id="polySurface2-lib-Vertex">
          <input semantic="POSITION" source="#polySurface2-lib-Position"/>
        </vertices>
        <polygons material="lambert1" count="1264">
          <input semantic="VERTEX" offset="0" source="#polySurface2-lib-Vertex"/>
          <input semantic="NORMAL" offset="1" source="#polySurface2-lib-Normal0"/>
          <input semantic="TEXCOORD" offset="2" set="0" source="#polySurface2-lib-UV0"/>
          <p>78 78 78 1 1 1 2 2 2</p>
          <p>40 40 40 4 4 4 5 5 5</p>
          <p>22 22 22 6 6 6 7 7 7</p>
          <p>14 14 14 8 8 8 9 9 9</p>
          <p>12 12 12 10 10 10 11 11 11</p>
          <p>0 0 0 12 12 12 13 13 13</p>
          <p>10 10 10 14 14 14 15 15 15</p>
          <p>18 18 18 16 16 16 17 17 17</p>
          <p>8 8 8 18 18 18 19 19 19</p>
          <p>16 16 16 20 20 20 21 21 21</p>
          <p>20 20 20 22 22 22 23 23 23</p>
          <p>32 32 32 24 24 24 25 25 25</p>
          <p>28 28 28 26 26 26 27 27 27</p>
          <p>6 6 6 28 28 28 29 29 29</p>
          <p>26 26 26 30 30 30 31 31 31</p>
          <p>30 30 30 32 32 32 33 33 33</p>
          <p>36 36 36 34 34 34 35 35 35</p>
          <p>24 24 24 36 36 36 37 37 37</p>
          <p>34 34 34 38 38 38 39 39 39</p>
          <p>38 38 38 40 40 40 41 41 41</p>
          <p>60 60 60 42 42 42 43 43 43</p>
          <p>52 52 52 44 44 44 45 45 45</p>
          <p>48 48 48 46 46 46 47 47 47</p>
          <p>4 4 4 48 48 48 49 49 49</p>
          <p>46 46 46 50 50 50 51 51 51</p>
          <p>50 50 50 52 52 52 53 53 53</p>
          <p>56 56 56 54 54 54 55 55 55</p>
          <p>44 44 44 56 56 56 57 57 57</p>
          <p>54 54 54 58 58 58 59 59 59</p>
          <p>58 58 58 60 60 60 61 61 61</p>
          <p>70 70 70 62 62 62 63 63 63</p>
          <p>66 66 66 64 64 64 65 65 65</p>
          <p>42 42 42 66 66 66 67 67 67</p>
          <p>64 64 64 68 68 68 69 69 69</p>
          <p>68 68 68 70 70 70 71 71 71</p>
          <p>74 74 74 72 72 72 73 73 73</p>
          <p>62 62 62 74 74 74 75 75 75</p>
          <p>72 72 72 76 76 76 77 77 77</p>
          <p>76 76 76 78 78 78 79 79 79</p>
          <p>2 2 2 79 79 79 78 78 78</p>
          <p>5 5 5 41 41 41 40 40 40</p>
          <p>7 7 7 23 23 23 22 22 22</p>
          <p>9 9 9 15 15 15 14 14 14</p>
          <p>11 11 11 13 13 13 12 12 12</p>
          <p>13 13 13 3 3 3 0 0 0</p>
          <p>15 15 15 11 11 11 10 10 10</p>
          <p>17 17 17 19 19 19 18 18 18</p>
          <p>19 19 19 9 9 9 8 8 8</p>
          <p>21 21 21 17 17 17 16 16 16</p>
          <p>23 23 23 21 21 21 20 20 20</p>
          <p>25 25 25 33 33 33 32 32 32</p>
          <p>27 27 27 29 29 29 28 28 28</p>
          <p>29 29 29 7 7 7 6 6 6</p>
          <p>31 31 31 27 27 27 26 26 26</p>
          <p>33 33 33 31 31 31 30 30 30</p>
          <p>35 35 35 37 37 37 36 36 36</p>
          <p>37 37 37 25 25 25 24 24 24</p>
          <p>39 39 39 35 35 35 34 34 34</p>
          <p>41 41 41 39 39 39 38 38 38</p>
          <p>43 43 43 61 61 61 60 60 60</p>
          <p>45 45 45 53 53 53 52 52 52</p>
          <p>47 47 47 49 49 49 48 48 48</p>
          <p>49 49 49 5 5 5 4 4 4</p>
          <p>51 51 51 47 47 47 46 46 46</p>
          <p>53 53 53 51 51 51 50 50 50</p>
          <p>55 55 55 57 57 57 56 56 56</p>
          <p>57 57 57 45 45 45 44 44 44</p>
          <p>59 59 59 55 55 55 54 54 54</p>
          <p>61 61 61 59 59 59 58 58 58</p>
          <p>63 63 63 71 71 71 70 70 70</p>
          <p>65 65 65 67 67 67 66 66 66</p>
          <p>67 67 67 43 43 43 42 42 42</p>
          <p>69 69 69 65 65 65 64 64 64</p>
          <p>71 71 71 69 69 69 68 68 68</p>
          <p>73 73 73 75 75 75 74 74 74</p>
          <p>75 75 75 63 63 63 62 62 62</p>
          <p>77 77 77 73 73 73 72 72 72</p>
          <p>79 79 79 77 77 77 76 76 76</p>
          <p>160 160 80 81 81 81 82 82 82</p>
          <p>122 122 83 84 84 84 85 85 85</p>
          <p>104 104 86 86 86 87 87 87 88</p>
          <p>96 96 89 88 88 90 89 89 91</p>
          <p>92 92 92 90 90 93 91 91 94</p>
          <p>80 80 95 92 92 92 93 93 96</p>
          <p>90 90 93 94 94 97 95 95 98</p>
          <p>94 94 97 96 96 89 97 97 99</p>
          <p>100 100 100 98 98 101 99 99 102</p>
          <p>88 88 90 100 100 100 101 101 103</p>
          <p>98 98 101 102 102 104 103 103 105</p>
          <p>102 102 104 104 104 86 105 105 106</p>
          <p>114 114 107 106 106 108 107 107 109</p>
          <p>110 110 110 108 108 111 109 109 112</p>
          <p>86 86 87 110 110 110 111 111 113</p>
          <p>108 108 111 112 112 114 113 113 115</p>
          <p>112 112 114 114 114 107 115 115 116</p>
          <p>118 118 117 116 116 118 117 117 119</p>
          <p>106 106 108 118 118 117 119 119 120</p>
          <p>116 116 118 120 120 121 121 121 122</p>
          <p>120 120 121 122 122 83 123 123 123</p>
          <p>142 142 124 124 124 125 125 125 126</p>
          <p>134 134 127 126 126 128 127 127 129</p>
          <p>130 130 130 128 128 131 129 129 132</p>
          <p>84 84 84 130 130 130 131 131 133</p>
          <p>128 128 131 132 132 134 133 133 135</p>
          <p>132 132 134 134 134 127 135 135 136</p>
          <p>138 138 137 136 136 138 137 137 139</p>
          <p>126 126 128 138 138 137 139 139 140</p>
          <p>136 136 138 140 140 141 141 141 142</p>
          <p>140 140 141 142 142 124 143 143 143</p>
          <p>152 152 144 144 144 145 145 145 146</p>
          <p>148 148 147 146 146 148 147 147 149</p>
          <p>124 124 125 148 148 147 149 149 150</p>
          <p>146 146 148 150 150 151 151 151 152</p>
          <p>150 150 151 152 152 144 153 153 153</p>
          <p>156 156 154 154 154 155 155 155 156</p>
          <p>144 144 145 156 156 154 157 157 157</p>
          <p>154 154 155 158 158 158 159 159 159</p>
          <p>158 158 158 160 160 80 161 161 160</p>
          <p>82 82 82 161 161 160 160 160 80</p>
          <p>85 85 85 123 123 123 122 122 83</p>
          <p>87 87 88 105 105 106 104 104 86</p>
          <p>89 89 91 97 97 99 96 96 89</p>
          <p>91 91 94 93 93 96 92 92 92</p>
          <p>93 93 96 83 83 161 80 80 95</p>
          <p>95 95 98 91 91 94 90 90 93</p>
          <p>97 97 99 95 95 98 94 94 97</p>
          <p>99 99 102 101 101 103 100 100 100</p>
          <p>101 101 103 89 89 91 88 88 90</p>
          <p>103 103 105 99 99 102 98 98 101</p>
          <p>105 105 106 103 103 105 102 102 104</p>
          <p>107 107 109 115 115 116 114 114 107</p>
          <p>109 109 112 111 111 113 110 110 110</p>
          <p>111 111 113 87 87 88 86 86 87</p>
          <p>113 113 115 109 109 112 108 108 111</p>
          <p>115 115 116 113 113 115 112 112 114</p>
          <p>117 117 119 119 119 120 118 118 117</p>
          <p>119 119 120 107 107 109 106 106 108</p>
          <p>121 121 122 117 117 119 116 116 118</p>
          <p>123 123 123 121 121 122 120 120 121</p>
          <p>125 125 126 143 143 143 142 142 124</p>
          <p>127 127 129 135 135 136 134 134 127</p>
          <p>129 129 132 131 131 133 130 130 130</p>
          <p>131 131 133 85 85 85 84 84 84</p>
          <p>133 133 135 129 129 132 128 128 131</p>
          <p>135 135 136 133 133 135 132 132 134</p>
          <p>137 137 139 139 139 140 138 138 137</p>
          <p>139 139 140 127 127 129 126 126 128</p>
          <p>141 141 142 137 137 139 136 136 138</p>
          <p>143 143 143 141 141 142 140 140 141</p>
          <p>145 145 146 153 153 153 152 152 144</p>
          <p>147 147 149 149 149 150 148 148 147</p>
          <p>149 149 150 125 125 126 124 124 125</p>
          <p>151 151 152 147 147 149 146 146 148</p>
          <p>153 153 153 151 151 152 150 150 151</p>
          <p>155 155 156 157 157 157 156 156 154</p>
          <p>157 157 157 145 145 146 144 144 145</p>
          <p>159 159 159 155 155 156 154 154 155</p>
          <p>161 161 160 159 159 159 158 158 158</p>
          <p>240 240 162 163 163 163 164 164 164</p>
          <p>202 202 165 166 166 166 167 167 167</p>
          <p>184 184 168 168 168 169 169 169 170</p>
          <p>176 176 171 170 170 172 171 171 173</p>
          <p>174 174 174 172 172 175 173 173 176</p>
          <p>162 162 177 174 174 174 175 175 178</p>
          <p>172 172 175 176 176 171 177 177 179</p>
          <p>180 180 180 178 178 181 179 179 182</p>
          <p>170 170 172 180 180 180 181 181 183</p>
          <p>178 178 181 182 182 184 183 183 185</p>
          <p>182 182 184 184 184 168 185 185 186</p>
          <p>194 194 187 186 186 188 187 187 189</p>
          <p>190 190 190 188 188 191 189 189 192</p>
          <p>168 168 169 190 190 190 191 191 193</p>
          <p>188 188 191 192 192 194 193 193 195</p>
          <p>192 192 194 194 194 187 195 195 196</p>
          <p>198 198 197 196 196 198 197 197 199</p>
          <p>186 186 188 198 198 197 199 199 200</p>
          <p>196 196 198 200 200 201 201 201 202</p>
          <p>200 200 201 202 202 165 203 203 203</p>
          <p>222 222 204 204 204 205 205 205 206</p>
          <p>214 214 207 206 206 208 207 207 209</p>
          <p>210 210 210 208 208 211 209 209 212</p>
          <p>166 166 166 210 210 210 211 211 213</p>
          <p>208 208 211 212 212 214 213 213 215</p>
          <p>212 212 214 214 214 207 215 215 216</p>
          <p>218 218 217 216 216 218 217 217 219</p>
          <p>206 206 208 218 218 217 219 219 220</p>
          <p>216 216 218 220 220 221 221 221 222</p>
          <p>220 220 221 222 222 204 223 223 223</p>
          <p>232 232 224 224 224 225 225 225 226</p>
          <p>228 228 227 226 226 228 227 227 229</p>
          <p>204 204 205 228 228 227 229 229 230</p>
          <p>226 226 228 230 230 231 231 231 232</p>
          <p>230 230 231 232 232 224 233 233 233</p>
          <p>236 236 234 234 234 235 235 235 236</p>
          <p>224 224 225 236 236 234 237 237 237</p>
          <p>234 234 235 238 238 238 239 239 239</p>
          <p>238 238 238 240 240 162 241 241 240</p>
          <p>164 164 164 241 241 240 240 240 162</p>
          <p>167 167 167 203 203 203 202 202 165</p>
          <p>169 169 170 185 185 186 184 184 168</p>
          <p>171 171 173 177 177 179 176 176 171</p>
          <p>173 173 176 175 175 178 174 174 174</p>
          <p>175 175 178 165 165 241 162 162 177</p>
          <p>177 177 179 173 173 176 172 172 175</p>
          <p>179 179 182 181 181 183 180 180 180</p>
          <p>181 181 183 171 171 173 170 170 172</p>
          <p>183 183 185 179 179 182 178 178 181</p>
          <p>185 185 186 183 183 185 182 182 184</p>
          <p>187 187 189 195 195 196 194 194 187</p>
          <p>189 189 192 191 191 193 190 190 190</p>
          <p>191 191 193 169 169 170 168 168 169</p>
          <p>193 193 195 189 189 192 188 188 191</p>
          <p>195 195 196 193 193 195 192 192 194</p>
          <p>197 197 199 199 199 200 198 198 197</p>
          <p>199 199 200 187 187 189 186 186 188</p>
          <p>201 201 202 197 197 199 196 196 198</p>
          <p>203 203 203 201 201 202 200 200 201</p>
          <p>205 205 206 223 223 223 222 222 204</p>
          <p>207 207 209 215 215 216 214 214 207</p>
          <p>209 209 212 211 211 213 210 210 210</p>
          <p>211 211 213 167 167 167 166 166 166</p>
          <p>213 213 215 209 209 212 208 208 211</p>
          <p>215 215 216 213 213 215 212 212 214</p>
          <p>217 217 219 219 219 220 218 218 217</p>
          <p>219 219 220 207 207 209 206 206 208</p>
          <p>221 221 222 217 217 219 216 216 218</p>
          <p>223 223 223 221 221 222 220 220 221</p>
          <p>225 225 226 233 233 233 232 232 224</p>
          <p>227 227 229 229 229 230 228 228 227</p>
          <p>229 229 230 205 205 206 204 204 205</p>
          <p>231 231 232 227 227 229 226 226 228</p>
          <p>233 233 233 231 231 232 230 230 231</p>
          <p>235 235 236 237 237 237 236 236 234</p>
          <p>237 237 237 225 225 226 224 224 225</p>
          <p>239 239 239 235 235 236 234 234 235</p>
          <p>241 241 240 239 239 239 238 238 238</p>
          <p>322 322 242 243 243 243 244 244 244</p>
          <p>284 284 245 246 246 246 247 247 247</p>
          <p>266 266 248 248 248 249 249 249 250</p>
          <p>258 258 251 250 250 252 251 251 253</p>
          <p>254 254 254 252 252 255 253 253 256</p>
          <p>242 242 257 254 254 254 255 255 258</p>
          <p>252 252 255 256 256 259 257 257 260</p>
          <p>256 256 259 258 258 251 259 259 261</p>
          <p>262 262 262 260 260 263 261 261 264</p>
          <p>250 250 252 262 262 262 263 263 265</p>
          <p>260 260 263 264 264 266 265 265 267</p>
          <p>264 264 266 266 266 248 267 267 268</p>
          <p>276 276 269 268 268 270 269 269 271</p>
          <p>272 272 272 270 270 273 271 271 274</p>
          <p>248 248 249 272 272 272 273 273 275</p>
          <p>270 270 273 274 274 276 275 275 277</p>
          <p>274 274 276 276 276 269 277 277 278</p>
          <p>280 280 279 278 278 280 279 279 281</p>
          <p>268 268 270 280 280 279 281 281 282</p>
          <p>278 278 280 282 282 283 283 283 284</p>
          <p>282 282 283 284 284 245 285 285 285</p>
          <p>304 304 286 286 286 287 287 287 288</p>
          <p>296 296 289 288 288 290 289 289 291</p>
          <p>292 292 292 290 290 293 291 291 294</p>
          <p>246 246 246 292 292 292 293 293 295</p>
          <p>290 290 293 294 294 296 295 295 297</p>
          <p>294 294 296 296 296 289 297 297 298</p>
          <p>300 300 299 298 298 300 299 299 301</p>
          <p>288 288 290 300 300 299 301 301 302</p>
          <p>298 298 300 302 302 303 303 303 304</p>
          <p>302 302 303 304 304 286 305 305 305</p>
          <p>314 314 306 306 306 307 307 307 308</p>
          <p>310 310 309 308 308 310 309 309 311</p>
          <p>286 286 287 310 310 309 311 311 312</p>
          <p>308 308 310 312 312 313 313 313 314</p>
          <p>312 312 313 314 314 306 315 315 315</p>
          <p>318 318 316 316 316 317 317 317 318</p>
          <p>306 306 307 318 318 316 319 319 319</p>
          <p>316 316 317 320 320 320 321 321 321</p>
          <p>320 320 320 322 322 242 323 323 322</p>
          <p>244 244 244 323 323 322 322 322 242</p>
          <p>247 247 247 285 285 285 284 284 245</p>
          <p>249 249 250 267 267 268 266 266 248</p>
          <p>251 251 253 259 259 261 258 258 251</p>
          <p>253 253 256 255 255 258 254 254 254</p>
          <p>255 255 258 245 245 323 242 242 257</p>
          <p>257 257 260 253 253 256 252 252 255</p>
          <p>259 259 261 257 257 260 256 256 259</p>
          <p>261 261 264 263 263 265 262 262 262</p>
          <p>263 263 265 251 251 253 250 250 252</p>
          <p>265 265 267 261 261 264 260 260 263</p>
          <p>267 267 268 265 265 267 264 264 266</p>
          <p>269 269 271 277 277 278 276 276 269</p>
          <p>271 271 274 273 273 275 272 272 272</p>
          <p>273 273 275 249 249 250 248 248 249</p>
          <p>275 275 277 271 271 274 270 270 273</p>
          <p>277 277 278 275 275 277 274 274 276</p>
          <p>279 279 281 281 281 282 280 280 279</p>
          <p>281 281 282 269 269 271 268 268 270</p>
          <p>283 283 284 279 279 281 278 278 280</p>
          <p>285 285 285 283 283 284 282 282 283</p>
          <p>287 287 288 305 305 305 304 304 286</p>
          <p>289 289 291 297 297 298 296 296 289</p>
          <p>291 291 294 293 293 295 292 292 292</p>
          <p>293 293 295 247 247 247 246 246 246</p>
          <p>295 295 297 291 291 294 290 290 293</p>
          <p>297 297 298 295 295 297 294 294 296</p>
          <p>299 299 301 301 301 302 300 300 299</p>
          <p>301 301 302 289 289 291 288 288 290</p>
          <p>303 303 304 299 299 301 298 298 300</p>
          <p>305 305 305 303 303 304 302 302 303</p>
          <p>307 307 308 315 315 315 314 314 306</p>
          <p>309 309 311 311 311 312 310 310 309</p>
          <p>311 311 312 287 287 288 286 286 287</p>
          <p>313 313 314 309 309 311 308 308 310</p>
          <p>315 315 315 313 313 314 312 312 313</p>
          <p>317 317 318 319 319 319 318 318 316</p>
          <p>319 319 319 307 307 308 306 306 307</p>
          <p>321 321 321 317 317 318 316 316 317</p>
          <p>323 323 322 321 321 321 320 320 320</p>
          <p>402 402 324 325 325 325 326 326 326</p>
          <p>364 364 327 328 328 328 329 329 329</p>
          <p>346 346 330 330 330 331 331 331 332</p>
          <p>338 338 333 332 332 334 333 333 335</p>
          <p>336 336 336 334 334 337 335 335 338</p>
          <p>324 324 339 336 336 336 337 337 340</p>
          <p>334 334 337 338 338 333 339 339 341</p>
          <p>342 342 342 340 340 343 341 341 344</p>
          <p>332 332 334 342 342 342 343 343 345</p>
          <p>340 340 343 344 344 346 345 345 347</p>
          <p>344 344 346 346 346 330 347 347 348</p>
          <p>356 356 349 348 348 350 349 349 351</p>
          <p>352 352 352 350 350 353 351 351 354</p>
          <p>330 330 331 352 352 352 353 353 355</p>
          <p>350 350 353 354 354 356 355 355 357</p>
          <p>354 354 356 356 356 349 357 357 358</p>
          <p>360 360 359 358 358 360 359 359 361</p>
          <p>348 348 350 360 360 359 361 361 362</p>
          <p>358 358 360 362 362 363 363 363 364</p>
          <p>362 362 363 364 364 327 365 365 365</p>
          <p>384 384 366 366 366 367 367 367 368</p>
          <p>376 376 369 368 368 370 369 369 371</p>
          <p>372 372 372 370 370 373 371 371 374</p>
          <p>328 328 328 372 372 372 373 373 375</p>
          <p>370 370 373 374 374 376 375 375 377</p>
          <p>374 374 376 376 376 369 377 377 378</p>
          <p>380 380 379 378 378 380 379 379 381</p>
          <p>368 368 370 380 380 379 381 381 382</p>
          <p>378 378 380 382 382 383 383 383 384</p>
          <p>382 382 383 384 384 366 385 385 385</p>
          <p>394 394 386 386 386 387 387 387 388</p>
          <p>390 390 389 388 388 390 389 389 391</p>
          <p>366 366 367 390 390 389 391 391 392</p>
          <p>388 388 390 392 392 393 393 393 394</p>
          <p>392 392 393 394 394 386 395 395 395</p>
          <p>398 398 396 396 396 397 397 397 398</p>
          <p>386 386 387 398 398 396 399 399 399</p>
          <p>396 396 397 400 400 400 401 401 401</p>
          <p>400 400 400 402 402 324 403 403 402</p>
          <p>326 326 326 403 403 402 402 402 324</p>
          <p>329 329 329 365 365 365 364 364 327</p>
          <p>331 331 332 347 347 348 346 346 330</p>
          <p>333 333 335 339 339 341 338 338 333</p>
          <p>335 335 338 337 337 340 336 336 336</p>
          <p>337 337 340 327 327 403 324 324 339</p>
          <p>339 339 341 335 335 338 334 334 337</p>
          <p>341 341 344 343 343 345 342 342 342</p>
          <p>343 343 345 333 333 335 332 332 334</p>
          <p>345 345 347 341 341 344 340 340 343</p>
          <p>347 347 348 345 345 347 344 344 346</p>
          <p>349 349 351 357 357 358 356 356 349</p>
          <p>351 351 354 353 353 355 352 352 352</p>
          <p>353 353 355 331 331 332 330 330 331</p>
          <p>355 355 357 351 351 354 350 350 353</p>
          <p>357 357 358 355 355 357 354 354 356</p>
          <p>359 359 361 361 361 362 360 360 359</p>
          <p>361 361 362 349 349 351 348 348 350</p>
          <p>363 363 364 359 359 361 358 358 360</p>
          <p>365 365 365 363 363 364 362 362 363</p>
          <p>367 367 368 385 385 385 384 384 366</p>
          <p>369 369 371 377 377 378 376 376 369</p>
          <p>371 371 374 373 373 375 372 372 372</p>
          <p>373 373 375 329 329 329 328 328 328</p>
          <p>375 375 377 371 371 374 370 370 373</p>
          <p>377 377 378 375 375 377 374 374 376</p>
          <p>379 379 381 381 381 382 380 380 379</p>
          <p>381 381 382 369 369 371 368 368 370</p>
          <p>383 383 384 379 379 381 378 378 380</p>
          <p>385 385 385 383 383 384 382 382 383</p>
          <p>387 387 388 395 395 395 394 394 386</p>
          <p>389 389 391 391 391 392 390 390 389</p>
          <p>391 391 392 367 367 368 366 366 367</p>
          <p>393 393 394 389 389 391 388 388 390</p>
          <p>395 395 395 393 393 394 392 392 393</p>
          <p>397 397 398 399 399 399 398 398 396</p>
          <p>399 399 399 387 387 388 386 386 387</p>
          <p>401 401 401 397 397 398 396 396 397</p>
          <p>403 403 402 401 401 401 400 400 400</p>
          <p>484 484 404 405 405 405 406 406 406</p>
          <p>446 446 407 408 408 408 409 409 409</p>
          <p>428 428 410 410 410 411 411 411 412</p>
          <p>420 420 413 412 412 414 413 413 415</p>
          <p>416 416 416 414 414 417 415 415 418</p>
          <p>404 404 419 416 416 416 417 417 420</p>
          <p>414 414 417 418 418 421 419 419 422</p>
          <p>418 418 421 420 420 413 421 421 423</p>
          <p>424 424 424 422 422 425 423 423 426</p>
          <p>412 412 414 424 424 424 425 425 427</p>
          <p>422 422 425 426 426 428 427 427 429</p>
          <p>426 426 428 428 428 410 429 429 430</p>
          <p>438 438 431 430 430 432 431 431 433</p>
          <p>434 434 434 432 432 435 433 433 436</p>
          <p>410 410 411 434 434 434 435 435 437</p>
          <p>432 432 435 436 436 438 437 437 439</p>
          <p>436 436 438 438 438 431 439 439 440</p>
          <p>442 442 441 440 440 442 441 441 443</p>
          <p>430 430 432 442 442 441 443 443 444</p>
          <p>440 440 442 444 444 445 445 445 446</p>
          <p>444 444 445 446 446 407 447 447 447</p>
          <p>466 466 448 448 448 449 449 449 450</p>
          <p>458 458 451 450 450 452 451 451 453</p>
          <p>454 454 454 452 452 455 453 453 456</p>
          <p>408 408 408 454 454 454 455 455 457</p>
          <p>452 452 455 456 456 458 457 457 459</p>
          <p>456 456 458 458 458 451 459 459 460</p>
          <p>462 462 461 460 460 462 461 461 463</p>
          <p>450 450 452 462 462 461 463 463 464</p>
          <p>460 460 462 464 464 465 465 465 466</p>
          <p>464 464 465 466 466 448 467 467 467</p>
          <p>476 476 468 468 468 469 469 469 470</p>
          <p>472 472 471 470 470 472 471 471 473</p>
          <p>448 448 449 472 472 471 473 473 474</p>
          <p>470 470 472 474 474 475 475 475 476</p>
          <p>474 474 475 476 476 468 477 477 477</p>
          <p>480 480 478 478 478 479 479 479 480</p>
          <p>468 468 469 480 480 478 481 481 481</p>
          <p>478 478 479 482 482 482 483 483 483</p>
          <p>482 482 482 484 484 404 485 485 484</p>
          <p>406 406 406 485 485 484 484 484 404</p>
          <p>409 409 409 447 447 447 446 446 407</p>
          <p>411 411 412 429 429 430 428 428 410</p>
          <p>413 413 415 421 421 423 420 420 413</p>
          <p>415 415 418 417 417 420 416 416 416</p>
          <p>417 417 420 407 407 485 404 404 419</p>
          <p>419 419 422 415 415 418 414 414 417</p>
          <p>421 421 423 419 419 422 418 418 421</p>
          <p>423 423 426 425 425 427 424 424 424</p>
          <p>425 425 427 413 413 415 412 412 414</p>
          <p>427 427 429 423 423 426 422 422 425</p>
          <p>429 429 430 427 427 429 426 426 428</p>
          <p>431 431 433 439 439 440 438 438 431</p>
          <p>433 433 436 435 435 437 434 434 434</p>
          <p>435 435 437 411 411 412 410 410 411</p>
          <p>437 437 439 433 433 436 432 432 435</p>
          <p>439 439 440 437 437 439 436 436 438</p>
          <p>441 441 443 443 443 444 442 442 441</p>
          <p>443 443 444 431 431 433 430 430 432</p>
          <p>445 445 446 441 441 443 440 440 442</p>
          <p>447 447 447 445 445 446 444 444 445</p>
          <p>449 449 450 467 467 467 466 466 448</p>
          <p>451 451 453 459 459 460 458 458 451</p>
          <p>453 453 456 455 455 457 454 454 454</p>
          <p>455 455 457 409 409 409 408 408 408</p>
          <p>457 457 459 453 453 456 452 452 455</p>
          <p>459 459 460 457 457 459 456 456 458</p>
          <p>461 461 463 463 463 464 462 462 461</p>
          <p>463 463 464 451 451 453 450 450 452</p>
          <p>465 465 466 461 461 463 460 460 462</p>
          <p>467 467 467 465 465 466 464 464 465</p>
          <p>469 469 470 477 477 477 476 476 468</p>
          <p>471 471 473 473 473 474 472 472 471</p>
          <p>473 473 474 449 449 450 448 448 449</p>
          <p>475 475 476 471 471 473 470 470 472</p>
          <p>477 477 477 475 475 476 474 474 475</p>
          <p>479 479 480 481 481 481 480 480 478</p>
          <p>481 481 481 469 469 470 468 468 469</p>
          <p>483 483 483 479 479 480 478 478 479</p>
          <p>485 485 484 483 483 483 482 482 482</p>
          <p>564 564 486 487 487 487 488 488 488</p>
          <p>526 526 489 490 490 490 491 491 491</p>
          <p>508 508 492 492 492 493 493 493 494</p>
          <p>500 500 495 494 494 496 495 495 497</p>
          <p>498 498 498 496 496 499 497 497 500</p>
          <p>486 486 501 498 498 498 499 499 502</p>
          <p>496 496 499 500 500 495 501 501 503</p>
          <p>504 504 504 502 502 505 503 503 506</p>
          <p>494 494 496 504 504 504 505 505 507</p>
          <p>502 502 505 506 506 508 507 507 509</p>
          <p>506 506 508 508 508 492 509 509 510</p>
          <p>518 518 511 510 510 512 511 511 513</p>
          <p>514 514 514 512 512 515 513 513 516</p>
          <p>492 492 493 514 514 514 515 515 517</p>
          <p>512 512 515 516 516 518 517 517 519</p>
          <p>516 516 518 518 518 511 519 519 520</p>
          <p>522 522 521 520 520 522 521 521 523</p>
          <p>510 510 512 522 522 521 523 523 524</p>
          <p>520 520 522 524 524 525 525 525 526</p>
          <p>524 524 525 526 526 489 527 527 527</p>
          <p>546 546 528 528 528 529 529 529 530</p>
          <p>538 538 531 530 530 532 531 531 533</p>
          <p>534 534 534 532 532 535 533 533 536</p>
          <p>490 490 490 534 534 534 535 535 537</p>
          <p>532 532 535 536 536 538 537 537 539</p>
          <p>536 536 538 538 538 531 539 539 540</p>
          <p>542 542 541 540 540 542 541 541 543</p>
          <p>530 530 532 542 542 541 543 543 544</p>
          <p>540 540 542 544 544 545 545 545 546</p>
          <p>544 544 545 546 546 528 547 547 547</p>
          <p>556 556 548 548 548 549 549 549 550</p>
          <p>552 552 551 550 550 552 551 551 553</p>
          <p>528 528 529 552 552 551 553 553 554</p>
          <p>550 550 552 554 554 555 555 555 556</p>
          <p>554 554 555 556 556 548 557 557 557</p>
          <p>560 560 558 558 558 559 559 559 560</p>
          <p>548 548 549 560 560 558 561 561 561</p>
          <p>558 558 559 562 562 562 563 563 563</p>
          <p>562 562 562 564 564 486 565 565 564</p>
          <p>488 488 488 565 565 564 564 564 486</p>
          <p>491 491 491 527 527 527 526 526 489</p>
          <p>493 493 494 509 509 510 508 508 492</p>
          <p>495 495 497 501 501 503 500 500 495</p>
          <p>497 497 500 499 499 502 498 498 498</p>
          <p>499 499 502 489 489 565 486 486 501</p>
          <p>501 501 503 497 497 500 496 496 499</p>
          <p>503 503 506 505 505 507 504 504 504</p>
          <p>505 505 507 495 495 497 494 494 496</p>
          <p>507 507 509 503 503 506 502 502 505</p>
          <p>509 509 510 507 507 509 506 506 508</p>
          <p>511 511 513 519 519 520 518 518 511</p>
          <p>513 513 516 515 515 517 514 514 514</p>
          <p>515 515 517 493 493 494 492 492 493</p>
          <p>517 517 519 513 513 516 512 512 515</p>
          <p>519 519 520 517 517 519 516 516 518</p>
          <p>521 521 523 523 523 524 522 522 521</p>
          <p>523 523 524 511 511 513 510 510 512</p>
          <p>525 525 526 521 521 523 520 520 522</p>
          <p>527 527 527 525 525 526 524 524 525</p>
          <p>529 529 530 547 547 547 546 546 528</p>
          <p>531 531 533 539 539 540 538 538 531</p>
          <p>533 533 536 535 535 537 534 534 534</p>
          <p>535 535 537 491 491 491 490 490 490</p>
          <p>537 537 539 533 533 536 532 532 535</p>
          <p>539 539 540 537 537 539 536 536 538</p>
          <p>541 541 543 543 543 544 542 542 541</p>
          <p>543 543 544 531 531 533 530 530 532</p>
          <p>545 545 546 541 541 543 540 540 542</p>
          <p>547 547 547 545 545 546 544 544 545</p>
          <p>549 549 550 557 557 557 556 556 548</p>
          <p>551 551 553 553 553 554 552 552 551</p>
          <p>553 553 554 529 529 530 528 528 529</p>
          <p>555 555 556 551 551 553 550 550 552</p>
          <p>557 557 557 555 555 556 554 554 555</p>
          <p>559 559 560 561 561 561 560 560 558</p>
          <p>561 561 561 549 549 550 548 548 549</p>
          <p>563 563 563 559 559 560 558 558 559</p>
          <p>565 565 564 563 563 563 562 562 562</p>
          <p>646 646 566 567 567 567 568 568 568</p>
          <p>608 608 569 570 570 570 571 571 571</p>
          <p>590 590 572 572 572 573 573 573 574</p>
          <p>582 582 575 574 574 576 575 575 577</p>
          <p>578 578 578 576 576 579 577 577 580</p>
          <p>566 566 581 578 578 578 579 579 582</p>
          <p>576 576 579 580 580 583 581 581 584</p>
          <p>580 580 583 582 582 575 583 583 585</p>
          <p>586 586 586 584 584 587 585 585 588</p>
          <p>574 574 576 586 586 586 587 587 589</p>
          <p>584 584 587 588 588 590 589 589 591</p>
          <p>588 588 590 590 590 572 591 591 592</p>
          <p>600 600 593 592 592 594 593 593 595</p>
          <p>596 596 596 594 594 597 595 595 598</p>
          <p>572 572 573 596 596 596 597 597 599</p>
          <p>594 594 597 598 598 600 599 599 601</p>
          <p>598 598 600 600 600 593 601 601 602</p>
          <p>604 604 603 602 602 604 603 603 605</p>
          <p>592 592 594 604 604 603 605 605 606</p>
          <p>602 602 604 606 606 607 607 607 608</p>
          <p>606 606 607 608 608 569 609 609 609</p>
          <p>628 628 610 610 610 611 611 611 612</p>
          <p>620 620 613 612 612 614 613 613 615</p>
          <p>616 616 616 614 614 617 615 615 618</p>
          <p>570 570 570 616 616 616 617 617 619</p>
          <p>614 614 617 618 618 620 619 619 621</p>
          <p>618 618 620 620 620 613 621 621 622</p>
          <p>624 624 623 622 622 624 623 623 625</p>
          <p>612 612 614 624 624 623 625 625 626</p>
          <p>622 622 624 626 626 627 627 627 628</p>
          <p>626 626 627 628 628 610 629 629 629</p>
          <p>638 638 630 630 630 631 631 631 632</p>
          <p>634 634 633 632 632 634 633 633 635</p>
          <p>610 610 611 634 634 633 635 635 636</p>
          <p>632 632 634 636 636 637 637 637 638</p>
          <p>636 636 637 638 638 630 639 639 639</p>
          <p>642 642 640 640 640 641 641 641 642</p>
          <p>630 630 631 642 642 640 643 643 643</p>
          <p>640 640 641 644 644 644 645 645 645</p>
          <p>644 644 644 646 646 566 647 647 646</p>
          <p>568 568 568 647 647 646 646 646 566</p>
          <p>571 571 571 609 609 609 608 608 569</p>
          <p>573 573 574 591 591 592 590 590 572</p>
          <p>575 575 577 583 583 585 582 582 575</p>
          <p>577 577 580 579 579 582 578 578 578</p>
          <p>579 579 582 569 569 647 566 566 581</p>
          <p>581 581 584 577 577 580 576 576 579</p>
          <p>583 583 585 581 581 584 580 580 583</p>
          <p>585 585 588 587 587 589 586 586 586</p>
          <p>587 587 589 575 575 577 574 574 576</p>
          <p>589 589 591 585 585 588 584 584 587</p>
          <p>591 591 592 589 589 591 588 588 590</p>
          <p>593 593 595 601 601 602 600 600 593</p>
          <p>595 595 598 597 597 599 596 596 596</p>
          <p>597 597 599 573 573 574 572 572 573</p>
          <p>599 599 601 595 595 598 594 594 597</p>
          <p>601 601 602 599 599 601 598 598 600</p>
          <p>603 603 605 605 605 606 604 604 603</p>
          <p>605 605 606 593 593 595 592 592 594</p>
          <p>607 607 608 603 603 605 602 602 604</p>
          <p>609 609 609 607 607 608 606 606 607</p>
          <p>611 611 612 629 629 629 628 628 610</p>
          <p>613 613 615 621 621 622 620 620 613</p>
          <p>615 615 618 617 617 619 616 616 616</p>
          <p>617 617 619 571 571 571 570 570 570</p>
          <p>619 619 621 615 615 618 614 614 617</p>
          <p>621 621 622 619 619 621 618 618 620</p>
          <p>623 623 625 625 625 626 624 624 623</p>
          <p>625 625 626 613 613 615 612 612 614</p>
          <p>627 627 628 623 623 625 622 622 624</p>
          <p>629 629 629 627 627 628 626 626 627</p>
          <p>631 631 632 639 639 639 638 638 630</p>
          <p>633 633 635 635 635 636 634 634 633</p>
          <p>635 635 636 611 611 612 610 610 611</p>
          <p>637 637 638 633 633 635 632 632 634</p>
          <p>639 639 639 637 637 638 636 636 637</p>
          <p>641 641 642 643 643 643 642 642 640</p>
          <p>643 643 643 631 631 632 630 630 631</p>
          <p>645 645 645 641 641 642 640 640 641</p>
          <p>647 647 646 645 645 645 644 644 644</p>
          <p>726 726 648 649 649 649 650 650 650</p>
          <p>688 688 651 652 652 652 653 653 653</p>
          <p>670 670 654 654 654 655 655 655 656</p>
          <p>662 662 657 656 656 658 657 657 659</p>
          <p>660 660 660 658 658 661 659 659 662</p>
          <p>648 648 663 660 660 660 661 661 664</p>
          <p>658 658 661 662 662 657 663 663 665</p>
          <p>666 666 666 664 664 667 665 665 668</p>
          <p>656 656 658 666 666 666 667 667 669</p>
          <p>664 664 667 668 668 670 669 669 671</p>
          <p>668 668 670 670 670 654 671 671 672</p>
          <p>680 680 673 672 672 674 673 673 675</p>
          <p>676 676 676 674 674 677 675 675 678</p>
          <p>654 654 655 676 676 676 677 677 679</p>
          <p>674 674 677 678 678 680 679 679 681</p>
          <p>678 678 680 680 680 673 681 681 682</p>
          <p>684 684 683 682 682 684 683 683 685</p>
          <p>672 672 674 684 684 683 685 685 686</p>
          <p>682 682 684 686 686 687 687 687 688</p>
          <p>686 686 687 688 688 651 689 689 689</p>
          <p>708 708 690 690 690 691 691 691 692</p>
          <p>700 700 693 692 692 694 693 693 695</p>
          <p>696 696 696 694 694 697 695 695 698</p>
          <p>652 652 652 696 696 696 697 697 699</p>
          <p>694 694 697 698 698 700 699 699 701</p>
          <p>698 698 700 700 700 693 701 701 702</p>
          <p>704 704 703 702 702 704 703 703 705</p>
          <p>692 692 694 704 704 703 705 705 706</p>
          <p>702 702 704 706 706 707 707 707 708</p>
          <p>706 706 707 708 708 690 709 709 709</p>
          <p>718 718 710 710 710 711 711 711 712</p>
          <p>714 714 713 712 712 714 713 713 715</p>
          <p>690 690 691 714 714 713 715 715 716</p>
          <p>712 712 714 716 716 717 717 717 718</p>
          <p>716 716 717 718 718 710 719 719 719</p>
          <p>722 722 720 720 720 721 721 721 722</p>
          <p>710 710 711 722 722 720 723 723 723</p>
          <p>720 720 721 724 724 724 725 725 725</p>
          <p>724 724 724 726 726 648 727 727 726</p>
          <p>650 650 650 727 727 726 726 726 648</p>
          <p>653 653 653 689 689 689 688 688 651</p>
          <p>655 655 656 671 671 672 670 670 654</p>
          <p>657 657 659 663 663 665 662 662 657</p>
          <p>659 659 662 661 661 664 660 660 660</p>
          <p>661 661 664 651 651 727 648 648 663</p>
          <p>663 663 665 659 659 662 658 658 661</p>
          <p>665 665 668 667 667 669 666 666 666</p>
          <p>667 667 669 657 657 659 656 656 658</p>
          <p>669 669 671 665 665 668 664 664 667</p>
          <p>671 671 672 669 669 671 668 668 670</p>
          <p>673 673 675 681 681 682 680 680 673</p>
          <p>675 675 678 677 677 679 676 676 676</p>
          <p>677 677 679 655 655 656 654 654 655</p>
          <p>679 679 681 675 675 678 674 674 677</p>
          <p>681 681 682 679 679 681 678 678 680</p>
          <p>683 683 685 685 685 686 684 684 683</p>
          <p>685 685 686 673 673 675 672 672 674</p>
          <p>687 687 688 683 683 685 682 682 684</p>
          <p>689 689 689 687 687 688 686 686 687</p>
          <p>691 691 692 709 709 709 708 708 690</p>
          <p>693 693 695 701 701 702 700 700 693</p>
          <p>695 695 698 697 697 699 696 696 696</p>
          <p>697 697 699 653 653 653 652 652 652</p>
          <p>699 699 701 695 695 698 694 694 697</p>
          <p>701 701 702 699 699 701 698 698 700</p>
          <p>703 703 705 705 705 706 704 704 703</p>
          <p>705 705 706 693 693 695 692 692 694</p>
          <p>707 707 708 703 703 705 702 702 704</p>
          <p>709 709 709 707 707 708 706 706 707</p>
          <p>711 711 712 719 719 719 718 718 710</p>
          <p>713 713 715 715 715 716 714 714 713</p>
          <p>715 715 716 691 691 692 690 690 691</p>
          <p>717 717 718 713 713 715 712 712 714</p>
          <p>719 719 719 717 717 718 716 716 717</p>
          <p>721 721 722 723 723 723 722 722 720</p>
          <p>723 723 723 711 711 712 710 710 711</p>
          <p>725 725 725 721 721 722 720 720 721</p>
          <p>727 727 726 725 725 725 724 724 724</p>
          <p>808 808 728 729 729 729 730 730 730</p>
          <p>770 770 731 732 732 732 733 733 733</p>
          <p>752 752 734 734 734 735 735 735 736</p>
          <p>744 744 737 736 736 738 737 737 739</p>
          <p>740 740 740 738 738 741 739 739 742</p>
          <p>728 728 743 740 740 740 741 741 744</p>
          <p>738 738 741 742 742 745 743 743 746</p>
          <p>742 742 745 744 744 737 745 745 747</p>
          <p>748 748 748 746 746 749 747 747 750</p>
          <p>736 736 738 748 748 748 749 749 751</p>
          <p>746 746 749 750 750 752 751 751 753</p>
          <p>750 750 752 752 752 734 753 753 754</p>
          <p>762 762 755 754 754 756 755 755 757</p>
          <p>758 758 758 756 756 759 757 757 760</p>
          <p>734 734 735 758 758 758 759 759 761</p>
          <p>756 756 759 760 760 762 761 761 763</p>
          <p>760 760 762 762 762 755 763 763 764</p>
          <p>766 766 765 764 764 766 765 765 767</p>
          <p>754 754 756 766 766 765 767 767 768</p>
          <p>764 764 766 768 768 769 769 769 770</p>
          <p>768 768 769 770 770 731 771 771 771</p>
          <p>790 790 772 772 772 773 773 773 774</p>
          <p>782 782 775 774 774 776 775 775 777</p>
          <p>778 778 778 776 776 779 777 777 780</p>
          <p>732 732 732 778 778 778 779 779 781</p>
          <p>776 776 779 780 780 782 781 781 783</p>
          <p>780 780 782 782 782 775 783 783 784</p>
          <p>786 786 785 784 784 786 785 785 787</p>
          <p>774 774 776 786 786 785 787 787 788</p>
          <p>784 784 786 788 788 789 789 789 790</p>
          <p>788 788 789 790 790 772 791 791 791</p>
          <p>800 800 792 792 792 793 793 793 794</p>
          <p>796 796 795 794 794 796 795 795 797</p>
          <p>772 772 773 796 796 795 797 797 798</p>
          <p>794 794 796 798 798 799 799 799 800</p>
          <p>798 798 799 800 800 792 801 801 801</p>
          <p>804 804 802 802 802 803 803 803 804</p>
          <p>792 792 793 804 804 802 805 805 805</p>
          <p>802 802 803 806 806 806 807 807 807</p>
          <p>806 806 806 808 808 728 809 809 808</p>
          <p>730 730 730 809 809 808 808 808 728</p>
          <p>733 733 733 771 771 771 770 770 731</p>
          <p>735 735 736 753 753 754 752 752 734</p>
          <p>737 737 739 745 745 747 744 744 737</p>
          <p>739 739 742 741 741 744 740 740 740</p>
          <p>741 741 744 731 731 809 728 728 743</p>
          <p>743 743 746 739 739 742 738 738 741</p>
          <p>745 745 747 743 743 746 742 742 745</p>
          <p>747 747 750 749 749 751 748 748 748</p>
          <p>749 749 751 737 737 739 736 736 738</p>
          <p>751 751 753 747 747 750 746 746 749</p>
          <p>753 753 754 751 751 753 750 750 752</p>
          <p>755 755 757 763 763 764 762 762 755</p>
          <p>757 757 760 759 759 761 758 758 758</p>
          <p>759 759 761 735 735 736 734 734 735</p>
          <p>761 761 763 757 757 760 756 756 759</p>
          <p>763 763 764 761 761 763 760 760 762</p>
          <p>765 765 767 767 767 768 766 766 765</p>
          <p>767 767 768 755 755 757 754 754 756</p>
          <p>769 769 770 765 765 767 764 764 766</p>
          <p>771 771 771 769 769 770 768 768 769</p>
          <p>773 773 774 791 791 791 790 790 772</p>
          <p>775 775 777 783 783 784 782 782 775</p>
          <p>777 777 780 779 779 781 778 778 778</p>
          <p>779 779 781 733 733 733 732 732 732</p>
          <p>781 781 783 777 777 780 776 776 779</p>
          <p>783 783 784 781 781 783 780 780 782</p>
          <p>785 785 787 787 787 788 786 786 785</p>
          <p>787 787 788 775 775 777 774 774 776</p>
          <p>789 789 790 785 785 787 784 784 786</p>
          <p>791 791 791 789 789 790 788 788 789</p>
          <p>793 793 794 801 801 801 800 800 792</p>
          <p>795 795 797 797 797 798 796 796 795</p>
          <p>797 797 798 773 773 774 772 772 773</p>
          <p>799 799 800 795 795 797 794 794 796</p>
          <p>801 801 801 799 799 800 798 798 799</p>
          <p>803 803 804 805 805 805 804 804 802</p>
          <p>805 805 805 793 793 794 792 792 793</p>
          <p>807 807 807 803 803 804 802 802 803</p>
          <p>809 809 808 807 807 807 806 806 806</p>
          <p>888 888 810 811 811 811 812 812 812</p>
          <p>850 850 813 814 814 814 815 815 815</p>
          <p>832 832 816 816 816 817 817 817 818</p>
          <p>824 824 819 818 818 820 819 819 821</p>
          <p>822 822 822 820 820 823 821 821 824</p>
          <p>810 810 825 822 822 822 823 823 826</p>
          <p>820 820 823 824 824 819 825 825 827</p>
          <p>828 828 828 826 826 829 827 827 830</p>
          <p>818 818 820 828 828 828 829 829 831</p>
          <p>826 826 829 830 830 832 831 831 833</p>
          <p>830 830 832 832 832 816 833 833 834</p>
          <p>842 842 835 834 834 836 835 835 837</p>
          <p>838 838 838 836 836 839 837 837 840</p>
          <p>816 816 817 838 838 838 839 839 841</p>
          <p>836 836 839 840 840 842 841 841 843</p>
          <p>840 840 842 842 842 835 843 843 844</p>
          <p>846 846 845 844 844 846 845 845 847</p>
          <p>834 834 836 846 846 845 847 847 848</p>
          <p>844 844 846 848 848 849 849 849 850</p>
          <p>848 848 849 850 850 813 851 851 851</p>
          <p>870 870 852 852 852 853 853 853 854</p>
          <p>862 862 855 854 854 856 855 855 857</p>
          <p>858 858 858 856 856 859 857 857 860</p>
          <p>814 814 814 858 858 858 859 859 861</p>
          <p>856 856 859 860 860 862 861 861 863</p>
          <p>860 860 862 862 862 855 863 863 864</p>
          <p>866 866 865 864 864 866 865 865 867</p>
          <p>854 854 856 866 866 865 867 867 868</p>
          <p>864 864 866 868 868 869 869 869 870</p>
          <p>868 868 869 870 870 852 871 871 871</p>
          <p>880 880 872 872 872 873 873 873 874</p>
          <p>876 876 875 874 874 876 875 875 877</p>
          <p>852 852 853 876 876 875 877 877 878</p>
          <p>874 874 876 878 878 879 879 879 880</p>
          <p>878 878 879 880 880 872 881 881 881</p>
          <p>884 884 882 882 882 883 883 883 884</p>
          <p>872 872 873 884 884 882 885 885 885</p>
          <p>882 882 883 886 886 886 887 887 887</p>
          <p>886 886 886 888 888 810 889 889 888</p>
          <p>812 812 812 889 889 888 888 888 810</p>
          <p>815 815 815 851 851 851 850 850 813</p>
          <p>817 817 818 833 833 834 832 832 816</p>
          <p>819 819 821 825 825 827 824 824 819</p>
          <p>821 821 824 823 823 826 822 822 822</p>
          <p>823 823 826 813 813 889 810 810 825</p>
          <p>825 825 827 821 821 824 820 820 823</p>
          <p>827 827 830 829 829 831 828 828 828</p>
          <p>829 829 831 819 819 821 818 818 820</p>
          <p>831 831 833 827 827 830 826 826 829</p>
          <p>833 833 834 831 831 833 830 830 832</p>
          <p>835 835 837 843 843 844 842 842 835</p>
          <p>837 837 840 839 839 841 838 838 838</p>
          <p>839 839 841 817 817 818 816 816 817</p>
          <p>841 841 843 837 837 840 836 836 839</p>
          <p>843 843 844 841 841 843 840 840 842</p>
          <p>845 845 847 847 847 848 846 846 845</p>
          <p>847 847 848 835 835 837 834 834 836</p>
          <p>849 849 850 845 845 847 844 844 846</p>
          <p>851 851 851 849 849 850 848 848 849</p>
          <p>853 853 854 871 871 871 870 870 852</p>
          <p>855 855 857 863 863 864 862 862 855</p>
          <p>857 857 860 859 859 861 858 858 858</p>
          <p>859 859 861 815 815 815 814 814 814</p>
          <p>861 861 863 857 857 860 856 856 859</p>
          <p>863 863 864 861 861 863 860 860 862</p>
          <p>865 865 867 867 867 868 866 866 865</p>
          <p>867 867 868 855 855 857 854 854 856</p>
          <p>869 869 870 865 865 867 864 864 866</p>
          <p>871 871 871 869 869 870 868 868 869</p>
          <p>873 873 874 881 881 881 880 880 872</p>
          <p>875 875 877 877 877 878 876 876 875</p>
          <p>877 877 878 853 853 854 852 852 853</p>
          <p>879 879 880 875 875 877 874 874 876</p>
          <p>881 881 881 879 879 880 878 878 879</p>
          <p>883 883 884 885 885 885 884 884 882</p>
          <p>885 885 885 873 873 874 872 872 873</p>
          <p>887 887 887 883 883 884 882 882 883</p>
          <p>889 889 888 887 887 887 886 886 886</p>
          <p>970 970 890 891 891 891 892 892 892</p>
          <p>932 932 893 894 894 894 895 895 895</p>
          <p>914 914 896 896 896 897 897 897 898</p>
          <p>906 906 899 898 898 900 899 899 901</p>
          <p>902 902 902 900 900 903 901 901 904</p>
          <p>890 890 905 902 902 902 903 903 906</p>
          <p>900 900 903 904 904 907 905 905 908</p>
          <p>904 904 907 906 906 899 907 907 909</p>
          <p>910 910 910 908 908 911 909 909 912</p>
          <p>898 898 900 910 910 910 911 911 913</p>
          <p>908 908 911 912 912 914 913 913 915</p>
          <p>912 912 914 914 914 896 915 915 916</p>
          <p>924 924 917 916 916 918 917 917 919</p>
          <p>920 920 920 918 918 921 919 919 922</p>
          <p>896 896 897 920 920 920 921 921 923</p>
          <p>918 918 921 922 922 924 923 923 925</p>
          <p>922 922 924 924 924 917 925 925 926</p>
          <p>928 928 927 926 926 928 927 927 929</p>
          <p>916 916 918 928 928 927 929 929 930</p>
          <p>926 926 928 930 930 931 931 931 932</p>
          <p>930 930 931 932 932 893 933 933 933</p>
          <p>952 952 934 934 934 935 935 935 936</p>
          <p>944 944 937 936 936 938 937 937 939</p>
          <p>940 940 940 938 938 941 939 939 942</p>
          <p>894 894 894 940 940 940 941 941 943</p>
          <p>938 938 941 942 942 944 943 943 945</p>
          <p>942 942 944 944 944 937 945 945 946</p>
          <p>948 948 947 946 946 948 947 947 949</p>
          <p>936 936 938 948 948 947 949 949 950</p>
          <p>946 946 948 950 950 951 951 951 952</p>
          <p>950 950 951 952 952 934 953 953 953</p>
          <p>962 962 954 954 954 955 955 955 956</p>
          <p>958 958 957 956 956 958 957 957 959</p>
          <p>934 934 935 958 958 957 959 959 960</p>
          <p>956 956 958 960 960 961 961 961 962</p>
          <p>960 960 961 962 962 954 963 963 963</p>
          <p>966 966 964 964 964 965 965 965 966</p>
          <p>954 954 955 966 966 964 967 967 967</p>
          <p>964 964 965 968 968 968 969 969 969</p>
          <p>968 968 968 970 970 890 971 971 970</p>
          <p>892 892 892 971 971 970 970 970 890</p>
          <p>895 895 895 933 933 933 932 932 893</p>
          <p>897 897 898 915 915 916 914 914 896</p>
          <p>899 899 901 907 907 909 906 906 899</p>
          <p>901 901 904 903 903 906 902 902 902</p>
          <p>903 903 906 893 893 971 890 890 905</p>
          <p>905 905 908 901 901 904 900 900 903</p>
          <p>907 907 909 905 905 908 904 904 907</p>
          <p>909 909 912 911 911 913 910 910 910</p>
          <p>911 911 913 899 899 901 898 898 900</p>
          <p>913 913 915 909 909 912 908 908 911</p>
          <p>915 915 916 913 913 915 912 912 914</p>
          <p>917 917 919 925 925 926 924 924 917</p>
          <p>919 919 922 921 921 923 920 920 920</p>
          <p>921 921 923 897 897 898 896 896 897</p>
          <p>923 923 925 919 919 922 918 918 921</p>
          <p>925 925 926 923 923 925 922 922 924</p>
          <p>927 927 929 929 929 930 928 928 927</p>
          <p>929 929 930 917 917 919 916 916 918</p>
          <p>931 931 932 927 927 929 926 926 928</p>
          <p>933 933 933 931 931 932 930 930 931</p>
          <p>935 935 936 953 953 953 952 952 934</p>
          <p>937 937 939 945 945 946 944 944 937</p>
          <p>939 939 942 941 941 943 940 940 940</p>
          <p>941 941 943 895 895 895 894 894 894</p>
          <p>943 943 945 939 939 942 938 938 941</p>
          <p>945 945 946 943 943 945 942 942 944</p>
          <p>947 947 949 949 949 950 948 948 947</p>
          <p>949 949 950 937 937 939 936 936 938</p>
          <p>951 951 952 947 947 949 946 946 948</p>
          <p>953 953 953 951 951 952 950 950 951</p>
          <p>955 955 956 963 963 963 962 962 954</p>
          <p>957 957 959 959 959 960 958 958 957</p>
          <p>959 959 960 935 935 936 934 934 935</p>
          <p>961 961 962 957 957 959 956 956 958</p>
          <p>963 963 963 961 961 962 960 960 961</p>
          <p>965 965 966 967 967 967 966 966 964</p>
          <p>967 967 967 955 955 956 954 954 955</p>
          <p>969 969 969 965 965 966 964 964 965</p>
          <p>971 971 970 969 969 969 968 968 968</p>
          <p>1050 1050 972 973 973 973 974 974 974</p>
          <p>1012 1012 975 976 976 976 977 977 977</p>
          <p>994 994 978 978 978 979 979 979 980</p>
          <p>986 986 981 980 980 982 981 981 983</p>
          <p>984 984 984 982 982 985 983 983 986</p>
          <p>972 972 987 984 984 984 985 985 988</p>
          <p>982 982 985 986 986 981 987 987 989</p>
          <p>990 990 990 988 988 991 989 989 992</p>
          <p>980 980 982 990 990 990 991 991 993</p>
          <p>988 988 991 992 992 994 993 993 995</p>
          <p>992 992 994 994 994 978 995 995 996</p>
          <p>1004 1004 997 996 996 998 997 997 999</p>
          <p>1000 1000 1000 998 998 1001 999 999 1002</p>
          <p>978 978 979 1000 1000 1000 1001 1001 1003</p>
          <p>998 998 1001 1002 1002 1004 1003 1003 1005</p>
          <p>1002 1002 1004 1004 1004 997 1005 1005 1006</p>
          <p>1008 1008 1007 1006 1006 1008 1007 1007 1009</p>
          <p>996 996 998 1008 1008 1007 1009 1009 1010</p>
          <p>1006 1006 1008 1010 1010 1011 1011 1011 1012</p>
          <p>1010 1010 1011 1012 1012 975 1013 1013 1013</p>
          <p>1032 1032 1014 1014 1014 1015 1015 1015 1016</p>
          <p>1024 1024 1017 1016 1016 1018 1017 1017 1019</p>
          <p>1020 1020 1020 1018 1018 1021 1019 1019 1022</p>
          <p>976 976 976 1020 1020 1020 1021 1021 1023</p>
          <p>1018 1018 1021 1022 1022 1024 1023 1023 1025</p>
          <p>1022 1022 1024 1024 1024 1017 1025 1025 1026</p>
          <p>1028 1028 1027 1026 1026 1028 1027 1027 1029</p>
          <p>1016 1016 1018 1028 1028 1027 1029 1029 1030</p>
          <p>1026 1026 1028 1030 1030 1031 1031 1031 1032</p>
          <p>1030 1030 1031 1032 1032 1014 1033 1033 1033</p>
          <p>1042 1042 1034 1034 1034 1035 1035 1035 1036</p>
          <p>1038 1038 1037 1036 1036 1038 1037 1037 1039</p>
          <p>1014 1014 1015 1038 1038 1037 1039 1039 1040</p>
          <p>1036 1036 1038 1040 1040 1041 1041 1041 1042</p>
          <p>1040 1040 1041 1042 1042 1034 1043 1043 1043</p>
          <p>1046 1046 1044 1044 1044 1045 1045 1045 1046</p>
          <p>1034 1034 1035 1046 1046 1044 1047 1047 1047</p>
          <p>1044 1044 1045 1048 1048 1048 1049 1049 1049</p>
          <p>1048 1048 1048 1050 1050 972 1051 1051 1050</p>
          <p>974 974 974 1051 1051 1050 1050 1050 972</p>
          <p>977 977 977 1013 1013 1013 1012 1012 975</p>
          <p>979 979 980 995 995 996 994 994 978</p>
          <p>981 981 983 987 987 989 986 986 981</p>
          <p>983 983 986 985 985 988 984 984 984</p>
          <p>985 985 988 975 975 1051 972 972 987</p>
          <p>987 987 989 983 983 986 982 982 985</p>
          <p>989 989 992 991 991 993 990 990 990</p>
          <p>991 991 993 981 981 983 980 980 982</p>
          <p>993 993 995 989 989 992 988 988 991</p>
          <p>995 995 996 993 993 995 992 992 994</p>
          <p>997 997 999 1005 1005 1006 1004 1004 997</p>
          <p>999 999 1002 1001 1001 1003 1000 1000 1000</p>
          <p>1001 1001 1003 979 979 980 978 978 979</p>
          <p>1003 1003 1005 999 999 1002 998 998 1001</p>
          <p>1005 1005 1006 1003 1003 1005 1002 1002 1004</p>
          <p>1007 1007 1009 1009 1009 1010 1008 1008 1007</p>
          <p>1009 1009 1010 997 997 999 996 996 998</p>
          <p>1011 1011 1012 1007 1007 1009 1006 1006 1008</p>
          <p>1013 1013 1013 1011 1011 1012 1010 1010 1011</p>
          <p>1015 1015 1016 1033 1033 1033 1032 1032 1014</p>
          <p>1017 1017 1019 1025 1025 1026 1024 1024 1017</p>
          <p>1019 1019 1022 1021 1021 1023 1020 1020 1020</p>
          <p>1021 1021 1023 977 977 977 976 976 976</p>
          <p>1023 1023 1025 1019 1019 1022 1018 1018 1021</p>
          <p>1025 1025 1026 1023 1023 1025 1022 1022 1024</p>
          <p>1027 1027 1029 1029 1029 1030 1028 1028 1027</p>
          <p>1029 1029 1030 1017 1017 1019 1016 1016 1018</p>
          <p>1031 1031 1032 1027 1027 1029 1026 1026 1028</p>
          <p>1033 1033 1033 1031 1031 1032 1030 1030 1031</p>
          <p>1035 1035 1036 1043 1043 1043 1042 1042 1034</p>
          <p>1037 1037 1039 1039 1039 1040 1038 1038 1037</p>
          <p>1039 1039 1040 1015 1015 1016 1014 1014 1015</p>
          <p>1041 1041 1042 1037 1037 1039 1036 1036 1038</p>
          <p>1043 1043 1043 1041 1041 1042 1040 1040 1041</p>
          <p>1045 1045 1046 1047 1047 1047 1046 1046 1044</p>
          <p>1047 1047 1047 1035 1035 1036 1034 1034 1035</p>
          <p>1049 1049 1049 1045 1045 1046 1044 1044 1045</p>
          <p>1051 1051 1050 1049 1049 1049 1048 1048 1048</p>
          <p>1132 1132 1052 1053 1053 1053 1054 1054 1054</p>
          <p>1094 1094 1055 1056 1056 1056 1057 1057 1057</p>
          <p>1076 1076 1058 1058 1058 1059 1059 1059 1060</p>
          <p>1068 1068 1061 1060 1060 1062 1061 1061 1063</p>
          <p>1064 1064 1064 1062 1062 1065 1063 1063 1066</p>
          <p>1052 1052 1067 1064 1064 1064 1065 1065 1068</p>
          <p>1062 1062 1065 1066 1066 1069 1067 1067 1070</p>
          <p>1066 1066 1069 1068 1068 1061 1069 1069 1071</p>
          <p>1072 1072 1072 1070 1070 1073 1071 1071 1074</p>
          <p>1060 1060 1062 1072 1072 1072 1073 1073 1075</p>
          <p>1070 1070 1073 1074 1074 1076 1075 1075 1077</p>
          <p>1074 1074 1076 1076 1076 1058 1077 1077 1078</p>
          <p>1086 1086 1079 1078 1078 1080 1079 1079 1081</p>
          <p>1082 1082 1082 1080 1080 1083 1081 1081 1084</p>
          <p>1058 1058 1059 1082 1082 1082 1083 1083 1085</p>
          <p>1080 1080 1083 1084 1084 1086 1085 1085 1087</p>
          <p>1084 1084 1086 1086 1086 1079 1087 1087 1088</p>
          <p>1090 1090 1089 1088 1088 1090 1089 1089 1091</p>
          <p>1078 1078 1080 1090 1090 1089 1091 1091 1092</p>
          <p>1088 1088 1090 1092 1092 1093 1093 1093 1094</p>
          <p>1092 1092 1093 1094 1094 1055 1095 1095 1095</p>
          <p>1114 1114 1096 1096 1096 1097 1097 1097 1098</p>
          <p>1106 1106 1099 1098 1098 1100 1099 1099 1101</p>
          <p>1102 1102 1102 1100 1100 1103 1101 1101 1104</p>
          <p>1056 1056 1056 1102 1102 1102 1103 1103 1105</p>
          <p>1100 1100 1103 1104 1104 1106 1105 1105 1107</p>
          <p>1104 1104 1106 1106 1106 1099 1107 1107 1108</p>
          <p>1110 1110 1109 1108 1108 1110 1109 1109 1111</p>
          <p>1098 1098 1100 1110 1110 1109 1111 1111 1112</p>
          <p>1108 1108 1110 1112 1112 1113 1113 1113 1114</p>
          <p>1112 1112 1113 1114 1114 1096 1115 1115 1115</p>
          <p>1124 1124 1116 1116 1116 1117 1117 1117 1118</p>
          <p>1120 1120 1119 1118 1118 1120 1119 1119 1121</p>
          <p>1096 1096 1097 1120 1120 1119 1121 1121 1122</p>
          <p>1118 1118 1120 1122 1122 1123 1123 1123 1124</p>
          <p>1122 1122 1123 1124 1124 1116 1125 1125 1125</p>
          <p>1128 1128 1126 1126 1126 1127 1127 1127 1128</p>
          <p>1116 1116 1117 1128 1128 1126 1129 1129 1129</p>
          <p>1126 1126 1127 1130 1130 1130 1131 1131 1131</p>
          <p>1130 1130 1130 1132 1132 1052 1133 1133 1132</p>
          <p>1054 1054 1054 1133 1133 1132 1132 1132 1052</p>
          <p>1057 1057 1057 1095 1095 1095 1094 1094 1055</p>
          <p>1059 1059 1060 1077 1077 1078 1076 1076 1058</p>
          <p>1061 1061 1063 1069 1069 1071 1068 1068 1061</p>
          <p>1063 1063 1066 1065 1065 1068 1064 1064 1064</p>
          <p>1065 1065 1068 1055 1055 1133 1052 1052 1067</p>
          <p>1067 1067 1070 1063 1063 1066 1062 1062 1065</p>
          <p>1069 1069 1071 1067 1067 1070 1066 1066 1069</p>
          <p>1071 1071 1074 1073 1073 1075 1072 1072 1072</p>
          <p>1073 1073 1075 1061 1061 1063 1060 1060 1062</p>
          <p>1075 1075 1077 1071 1071 1074 1070 1070 1073</p>
          <p>1077 1077 1078 1075 1075 1077 1074 1074 1076</p>
          <p>1079 1079 1081 1087 1087 1088 1086 1086 1079</p>
          <p>1081 1081 1084 1083 1083 1085 1082 1082 1082</p>
          <p>1083 1083 1085 1059 1059 1060 1058 1058 1059</p>
          <p>1085 1085 1087 1081 1081 1084 1080 1080 1083</p>
          <p>1087 1087 1088 1085 1085 1087 1084 1084 1086</p>
          <p>1089 1089 1091 1091 1091 1092 1090 1090 1089</p>
          <p>1091 1091 1092 1079 1079 1081 1078 1078 1080</p>
          <p>1093 1093 1094 1089 1089 1091 1088 1088 1090</p>
          <p>1095 1095 1095 1093 1093 1094 1092 1092 1093</p>
          <p>1097 1097 1098 1115 1115 1115 1114 1114 1096</p>
          <p>1099 1099 1101 1107 1107 1108 1106 1106 1099</p>
          <p>1101 1101 1104 1103 1103 1105 1102 1102 1102</p>
          <p>1103 1103 1105 1057 1057 1057 1056 1056 1056</p>
          <p>1105 1105 1107 1101 1101 1104 1100 1100 1103</p>
          <p>1107 1107 1108 1105 1105 1107 1104 1104 1106</p>
          <p>1109 1109 1111 1111 1111 1112 1110 1110 1109</p>
          <p>1111 1111 1112 1099 1099 1101 1098 1098 1100</p>
          <p>1113 1113 1114 1109 1109 1111 1108 1108 1110</p>
          <p>1115 1115 1115 1113 1113 1114 1112 1112 1113</p>
          <p>1117 1117 1118 1125 1125 1125 1124 1124 1116</p>
          <p>1119 1119 1121 1121 1121 1122 1120 1120 1119</p>
          <p>1121 1121 1122 1097 1097 1098 1096 1096 1097</p>
          <p>1123 1123 1124 1119 1119 1121 1118 1118 1120</p>
          <p>1125 1125 1125 1123 1123 1124 1122 1122 1123</p>
          <p>1127 1127 1128 1129 1129 1129 1128 1128 1126</p>
          <p>1129 1129 1129 1117 1117 1118 1116 1116 1117</p>
          <p>1131 1131 1131 1127 1127 1128 1126 1126 1127</p>
          <p>1133 1133 1132 1131 1131 1131 1130 1130 1130</p>
          <p>1212 1212 1134 1135 1135 1135 1136 1136 1136</p>
          <p>1174 1174 1137 1138 1138 1138 1139 1139 1139</p>
          <p>1156 1156 1140 1140 1140 1141 1141 1141 1142</p>
          <p>1148 1148 1143 1142 1142 1144 1143 1143 1145</p>
          <p>1146 1146 1146 1144 1144 1147 1145 1145 1148</p>
          <p>1134 1134 1149 1146 1146 1146 1147 1147 1150</p>
          <p>1144 1144 1147 1148 1148 1143 1149 1149 1151</p>
          <p>1152 1152 1152 1150 1150 1153 1151 1151 1154</p>
          <p>1142 1142 1144 1152 1152 1152 1153 1153 1155</p>
          <p>1150 1150 1153 1154 1154 1156 1155 1155 1157</p>
          <p>1154 1154 1156 1156 1156 1140 1157 1157 1158</p>
          <p>1166 1166 1159 1158 1158 1160 1159 1159 1161</p>
          <p>1162 1162 1162 1160 1160 1163 1161 1161 1164</p>
          <p>1140 1140 1141 1162 1162 1162 1163 1163 1165</p>
          <p>1160 1160 1163 1164 1164 1166 1165 1165 1167</p>
          <p>1164 1164 1166 1166 1166 1159 1167 1167 1168</p>
          <p>1170 1170 1169 1168 1168 1170 1169 1169 1171</p>
          <p>1158 1158 1160 1170 1170 1169 1171 1171 1172</p>
          <p>1168 1168 1170 1172 1172 1173 1173 1173 1174</p>
          <p>1172 1172 1173 1174 1174 1137 1175 1175 1175</p>
          <p>1194 1194 1176 1176 1176 1177 1177 1177 1178</p>
          <p>1186 1186 1179 1178 1178 1180 1179 1179 1181</p>
          <p>1182 1182 1182 1180 1180 1183 1181 1181 1184</p>
          <p>1138 1138 1138 1182 1182 1182 1183 1183 1185</p>
          <p>1180 1180 1183 1184 1184 1186 1185 1185 1187</p>
          <p>1184 1184 1186 1186 1186 1179 1187 1187 1188</p>
          <p>1190 1190 1189 1188 1188 1190 1189 1189 1191</p>
          <p>1178 1178 1180 1190 1190 1189 1191 1191 1192</p>
          <p>1188 1188 1190 1192 1192 1193 1193 1193 1194</p>
          <p>1192 1192 1193 1194 1194 1176 1195 1195 1195</p>
          <p>1204 1204 1196 1196 1196 1197 1197 1197 1198</p>
          <p>1200 1200 1199 1198 1198 1200 1199 1199 1201</p>
          <p>1176 1176 1177 1200 1200 1199 1201 1201 1202</p>
          <p>1198 1198 1200 1202 1202 1203 1203 1203 1204</p>
          <p>1202 1202 1203 1204 1204 1196 1205 1205 1205</p>
          <p>1208 1208 1206 1206 1206 1207 1207 1207 1208</p>
          <p>1196 1196 1197 1208 1208 1206 1209 1209 1209</p>
          <p>1206 1206 1207 1210 1210 1210 1211 1211 1211</p>
          <p>1210 1210 1210 1212 1212 1134 1213 1213 1212</p>
          <p>1136 1136 1136 1213 1213 1212 1212 1212 1134</p>
          <p>1139 1139 1139 1175 1175 1175 1174 1174 1137</p>
          <p>1141 1141 1142 1157 1157 1158 1156 1156 1140</p>
          <p>1143 1143 1145 1149 1149 1151 1148 1148 1143</p>
          <p>1145 1145 1148 1147 1147 1150 1146 1146 1146</p>
          <p>1147 1147 1150 1137 1137 1213 1134 1134 1149</p>
          <p>1149 1149 1151 1145 1145 1148 1144 1144 1147</p>
          <p>1151 1151 1154 1153 1153 1155 1152 1152 1152</p>
          <p>1153 1153 1155 1143 1143 1145 1142 1142 1144</p>
          <p>1155 1155 1157 1151 1151 1154 1150 1150 1153</p>
          <p>1157 1157 1158 1155 1155 1157 1154 1154 1156</p>
          <p>1159 1159 1161 1167 1167 1168 1166 1166 1159</p>
          <p>1161 1161 1164 1163 1163 1165 1162 1162 1162</p>
          <p>1163 1163 1165 1141 1141 1142 1140 1140 1141</p>
          <p>1165 1165 1167 1161 1161 1164 1160 1160 1163</p>
          <p>1167 1167 1168 1165 1165 1167 1164 1164 1166</p>
          <p>1169 1169 1171 1171 1171 1172 1170 1170 1169</p>
          <p>1171 1171 1172 1159 1159 1161 1158 1158 1160</p>
          <p>1173 1173 1174 1169 1169 1171 1168 1168 1170</p>
          <p>1175 1175 1175 1173 1173 1174 1172 1172 1173</p>
          <p>1177 1177 1178 1195 1195 1195 1194 1194 1176</p>
          <p>1179 1179 1181 1187 1187 1188 1186 1186 1179</p>
          <p>1181 1181 1184 1183 1183 1185 1182 1182 1182</p>
          <p>1183 1183 1185 1139 1139 1139 1138 1138 1138</p>
          <p>1185 1185 1187 1181 1181 1184 1180 1180 1183</p>
          <p>1187 1187 1188 1185 1185 1187 1184 1184 1186</p>
          <p>1189 1189 1191 1191 1191 1192 1190 1190 1189</p>
          <p>1191 1191 1192 1179 1179 1181 1178 1178 1180</p>
          <p>1193 1193 1194 1189 1189 1191 1188 1188 1190</p>
          <p>1195 1195 1195 1193 1193 1194 1192 1192 1193</p>
          <p>1197 1197 1198 1205 1205 1205 1204 1204 1196</p>
          <p>1199 1199 1201 1201 1201 1202 1200 1200 1199</p>
          <p>1201 1201 1202 1177 1177 1178 1176 1176 1177</p>
          <p>1203 1203 1204 1199 1199 1201 1198 1198 1200</p>
          <p>1205 1205 1205 1203 1203 1204 1202 1202 1203</p>
          <p>1207 1207 1208 1209 1209 1209 1208 1208 1206</p>
          <p>1209 1209 1209 1197 1197 1198 1196 1196 1197</p>
          <p>1211 1211 1211 1207 1207 1208 1206 1206 1207</p>
          <p>1213 1213 1212 1211 1211 1211 1210 1210 1210</p>
          <p>1294 1294 1214 1215 1215 1215 1216 1216 1216</p>
          <p>1256 1256 1217 1218 1218 1218 1219 1219 1219</p>
          <p>1238 1238 1220 1220 1220 1221 1221 1221 1222</p>
          <p>1230 1230 1223 1222 1222 1224 1223 1223 1225</p>
          <p>1226 1226 1226 1224 1224 1227 1225 1225 1228</p>
          <p>1214 1214 1229 1226 1226 1226 1227 1227 1230</p>
          <p>1224 1224 1227 1228 1228 1231 1229 1229 1232</p>
          <p>1228 1228 1231 1230 1230 1223 1231 1231 1233</p>
          <p>1234 1234 1234 1232 1232 1235 1233 1233 1236</p>
          <p>1222 1222 1224 1234 1234 1234 1235 1235 1237</p>
          <p>1232 1232 1235 1236 1236 1238 1237 1237 1239</p>
          <p>1236 1236 1238 1238 1238 1220 1239 1239 1240</p>
          <p>1248 1248 1241 1240 1240 1242 1241 1241 1243</p>
          <p>1244 1244 1244 1242 1242 1245 1243 1243 1246</p>
          <p>1220 1220 1221 1244 1244 1244 1245 1245 1247</p>
          <p>1242 1242 1245 1246 1246 1248 1247 1247 1249</p>
          <p>1246 1246 1248 1248 1248 1241 1249 1249 1250</p>
          <p>1252 1252 1251 1250 1250 1252 1251 1251 1253</p>
          <p>1240 1240 1242 1252 1252 1251 1253 1253 1254</p>
          <p>1250 1250 1252 1254 1254 1255 1255 1255 1256</p>
          <p>1254 1254 1255 1256 1256 1217 1257 1257 1257</p>
          <p>1276 1276 1258 1258 1258 1259 1259 1259 1260</p>
          <p>1268 1268 1261 1260 1260 1262 1261 1261 1263</p>
          <p>1264 1264 1264 1262 1262 1265 1263 1263 1266</p>
          <p>1218 1218 1218 1264 1264 1264 1265 1265 1267</p>
          <p>1262 1262 1265 1266 1266 1268 1267 1267 1269</p>
          <p>1266 1266 1268 1268 1268 1261 1269 1269 1270</p>
          <p>1272 1272 1271 1270 1270 1272 1271 1271 1273</p>
          <p>1260 1260 1262 1272 1272 1271 1273 1273 1274</p>
          <p>1270 1270 1272 1274 1274 1275 1275 1275 1276</p>
          <p>1274 1274 1275 1276 1276 1258 1277 1277 1277</p>
          <p>1286 1286 1278 1278 1278 1279 1279 1279 1280</p>
          <p>1282 1282 1281 1280 1280 1282 1281 1281 1283</p>
          <p>1258 1258 1259 1282 1282 1281 1283 1283 1284</p>
          <p>1280 1280 1282 1284 1284 1285 1285 1285 1286</p>
          <p>1284 1284 1285 1286 1286 1278 1287 1287 1287</p>
          <p>1290 1290 1288 1288 1288 1289 1289 1289 1290</p>
          <p>1278 1278 1279 1290 1290 1288 1291 1291 1291</p>
          <p>1288 1288 1289 1292 1292 1292 1293 1293 1293</p>
          <p>1292 1292 1292 1294 1294 1214 1295 1295 1294</p>
          <p>1216 1216 1216 1295 1295 1294 1294 1294 1214</p>
          <p>1219 1219 1219 1257 1257 1257 1256 1256 1217</p>
          <p>1221 1221 1222 1239 1239 1240 1238 1238 1220</p>
          <p>1223 1223 1225 1231 1231 1233 1230 1230 1223</p>
          <p>1225 1225 1228 1227 1227 1230 1226 1226 1226</p>
          <p>1227 1227 1230 1217 1217 1295 1214 1214 1229</p>
          <p>1229 1229 1232 1225 1225 1228 1224 1224 1227</p>
          <p>1231 1231 1233 1229 1229 1232 1228 1228 1231</p>
          <p>1233 1233 1236 1235 1235 1237 1234 1234 1234</p>
          <p>1235 1235 1237 1223 1223 1225 1222 1222 1224</p>
          <p>1237 1237 1239 1233 1233 1236 1232 1232 1235</p>
          <p>1239 1239 1240 1237 1237 1239 1236 1236 1238</p>
          <p>1241 1241 1243 1249 1249 1250 1248 1248 1241</p>
          <p>1243 1243 1246 1245 1245 1247 1244 1244 1244</p>
          <p>1245 1245 1247 1221 1221 1222 1220 1220 1221</p>
          <p>1247 1247 1249 1243 1243 1246 1242 1242 1245</p>
          <p>1249 1249 1250 1247 1247 1249 1246 1246 1248</p>
          <p>1251 1251 1253 1253 1253 1254 1252 1252 1251</p>
          <p>1253 1253 1254 1241 1241 1243 1240 1240 1242</p>
          <p>1255 1255 1256 1251 1251 1253 1250 1250 1252</p>
          <p>1257 1257 1257 1255 1255 1256 1254 1254 1255</p>
          <p>1259 1259 1260 1277 1277 1277 1276 1276 1258</p>
          <p>1261 1261 1263 1269 1269 1270 1268 1268 1261</p>
          <p>1263 1263 1266 1265 1265 1267 1264 1264 1264</p>
          <p>1265 1265 1267 1219 1219 1219 1218 1218 1218</p>
          <p>1267 1267 1269 1263 1263 1266 1262 1262 1265</p>
          <p>1269 1269 1270 1267 1267 1269 1266 1266 1268</p>
          <p>1271 1271 1273 1273 1273 1274 1272 1272 1271</p>
          <p>1273 1273 1274 1261 1261 1263 1260 1260 1262</p>
          <p>1275 1275 1276 1271 1271 1273 1270 1270 1272</p>
          <p>1277 1277 1277 1275 1275 1276 1274 1274 1275</p>
          <p>1279 1279 1280 1287 1287 1287 1286 1286 1278</p>
          <p>1281 1281 1283 1283 1283 1284 1282 1282 1281</p>
          <p>1283 1283 1284 1259 1259 1260 1258 1258 1259</p>
          <p>1285 1285 1286 1281 1281 1283 1280 1280 1282</p>
          <p>1287 1287 1287 1285 1285 1286 1284 1284 1285</p>
          <p>1289 1289 1290 1291 1291 1291 1290 1290 1288</p>
          <p>1291 1291 1291 1279 1279 1280 1278 1278 1279</p>
          <p>1293 1293 1293 1289 1289 1290 1288 1288 1289</p>
          <p>1295 1295 1294 1293 1293 1293 1292 1292 1292</p>
        </polygons>
      </mesh>
    </geometry>
  </library_geometries>
  <library_visual_scenes>
    <visual_scene id="RootNode" name="RootNode">
      <node id="polySurface2" name="polySurface2">
        <instance_geometry url="#polySurface2-lib">
          <bind_material>
            <technique_common>
              <instance_material symbol="lambert1" target="#lambert1"/>
            </technique_common>
          </bind_material>
        </instance_geometry>
      </node>
    </visual_scene>
  </library_visual_scenes>
  <scene>
    <instance_visual_scene url="#RootNode"/>
  </scene>
</COLLADA>

