<?xml version="1.0" encoding="utf-8"?>
<COLLADA xmlns="http://www.collada.org/2005/11/COLLADASchema" version="1.4.0">
  <asset>
    <contributor>
      <author></author>
      <authoring_tool>FBX COLLADA exporter</authoring_tool>
      <comments></comments>
    </contributor>
    <created>2011-12-07T07:35:19Z</created>
    <modified>2011-12-07T07:35:19Z</modified>
    <revision></revision>
    <title></title>
    <subject></subject>
    <keywords></keywords>
    <unit meter="0.010000"/>
    <up_axis>Y_UP</up_axis>
  </asset>
  <library_images>
    <image id="___________298-image" name="___________298">
      <init_from>file://C:\effect\effect_data\texture\speed_line.bmp</init_from>
    </image>
    <image id="___________299-image" name="___________299">
      <init_from>file://C:\effect\effect_data\texture\speed_line.bmp</init_from>
    </image>
  </library_images>
  <library_materials>
    <material id="mat1" name="mat1">
      <instance_effect url="#mat1-fx"/>
    </material>
  </library_materials>
  <library_effects>
    <effect id="mat1-fx" name="mat1">
      <profile_COMMON>
        <technique sid="standard">
          <phong>
            <emission>
              <color sid="emission">0.000000  0.000000 0.000000 1.000000</color>
            </emission>
            <ambient>
              <color sid="ambient">1.000000  1.000000 1.000000 1.000000</color>
            </ambient>
            <diffuse>
              <texture texture="___________298-image" texcoord="CHANNEL0">
                <extra>
                  <technique profile="MAYA">
                    <wrapU sid="wrapU0">TRUE</wrapU>
                    <wrapV sid="wrapV0">TRUE</wrapV>
                    <blend_mode>ADD</blend_mode>
                  </technique>
                </extra>
              </texture>
            </diffuse>
            <specular>
              <color sid="specular">0.050000  0.050000 0.050000 1.000000</color>
            </specular>
            <shininess>
              <float sid="shininess">1.071773</float>
            </shininess>
            <reflective>
              <color sid="reflective">0.000000  0.000000 0.000000 1.000000</color>
            </reflective>
            <reflectivity>
              <float sid="reflectivity">1.000000</float>
            </reflectivity>
            <transparent>
              <texture texture="___________299-image" texcoord="CHANNEL0">
                <extra>
                  <technique profile="MAYA">
                    <wrapU sid="wrapU0">TRUE</wrapU>
                    <wrapV sid="wrapV0">TRUE</wrapV>
                    <blend_mode>ADD</blend_mode>
                  </technique>
                </extra>
              </texture>
            </transparent>
            <transparency>
              <float sid="transparency">0.000000</float>
            </transparency>
          </phong>
        </technique>
      </profile_COMMON>
    </effect>
  </library_effects>
  <library_geometries>
    <geometry id="obj1-lib" name="obj1Mesh">
      <mesh>
        <source id="obj1-lib-Position">
          <float_array id="obj1-lib-Position-array" count="1188">
0.000020 -0.935773 -4.100213
0.581487 -0.935774 -4.058618
1.151118 -0.935774 -3.934703
1.697320 -0.935773 -3.730989
2.208962 -0.935773 -3.451602
2.675639 -0.935773 -3.102249
3.087849 -0.935774 -2.690039
3.437203 -0.935774 -2.223362
3.716590 -0.935773 -1.711719
3.920304 -0.935773 -1.165518
4.044220 -0.935774 -0.595887
4.085813 -0.935774 -0.014419
4.044220 -0.935773 0.567049
3.920304 -0.935773 1.136680
3.716590 -0.935774 1.682882
3.437203 -0.935774 2.194525
3.087859 -0.935773 2.661201
2.675649 -0.935773 3.073411
2.208962 -0.935774 3.422765
1.697320 -0.935773 3.702142
1.151118 -0.935774 3.905864
0.581487 -0.935773 4.029781
0.000020 -0.935774 4.071375
-0.581448 -0.935774 4.029791
-1.151079 -0.935774 3.905864
-1.697281 -0.935774 3.702152
-2.208924 -0.935774 3.422765
-2.675601 -0.935773 3.073420
-3.087811 -0.935773 2.661210
-3.437165 -0.935774 2.194533
-3.716542 -0.935774 1.682882
-3.920264 -0.935773 1.136680
-4.044179 -0.935773 0.567049
-4.085774 -0.935774 -0.014419
-4.044179 -0.935774 -0.595887
-3.920264 -0.935773 -1.165518
-3.716542 -0.935773 -1.711719
-3.437165 -0.935774 -2.223371
-3.087811 -0.935774 -2.690048
-2.675601 -0.935773 -3.102259
-2.208924 -0.935773 -3.451612
-1.697272 -0.935773 -3.730989
-1.151070 -0.935774 -3.934712
-0.581439 -0.935774 -4.058627
0.000020 -0.765908 -5.024451
0.713021 -0.765908 -4.973460
1.411511 -0.765908 -4.821509
2.081261 -0.765908 -4.571700
2.708645 -0.765908 -4.229128
3.280894 -0.765908 -3.800748
3.786350 -0.765908 -3.295294
4.214728 -0.765908 -2.723044
4.557302 -0.765909 -2.095660
4.807111 -0.765908 -1.425911
4.959060 -0.765908 -0.727420
5.010052 -0.765909 -0.014419
4.959060 -0.765908 0.698582
4.807111 -0.765909 1.397072
4.557312 -0.765908 2.066823
4.214728 -0.765908 2.694206
3.786350 -0.765908 3.266456
3.280894 -0.765908 3.771912
2.708645 -0.765908 4.200290
2.081261 -0.765908 4.542864
1.411511 -0.765908 4.792673
0.713021 -0.765908 4.944622
0.000020 -0.765908 4.995614
-0.712982 -0.765908 4.944622
-1.411463 -0.765908 4.792673
-2.081222 -0.765908 4.542874
-2.708606 -0.765908 4.200290
-3.280855 -0.765908 3.771912
-3.786310 -0.765908 3.266456
-4.214690 -0.765908 2.694216
-4.557263 -0.765908 2.066823
-4.807071 -0.765909 1.397072
-4.959022 -0.765908 0.698582
-5.010013 -0.765909 -0.014419
-4.959022 -0.765908 -0.727420
-4.807071 -0.765908 -1.425911
-4.557263 -0.765909 -2.095660
-4.214690 -0.765908 -2.723054
-3.786310 -0.765908 -3.295294
-3.280846 -0.765908 -3.800748
-2.708606 -0.765908 -4.229128
-2.081213 -0.765908 -4.571710
-1.411463 -0.765908 -4.821509
-0.712973 -0.765908 -4.973460
0.000020 -0.562702 -5.885692
0.835590 -0.562702 -5.825933
1.654144 -0.562702 -5.647862
2.439034 -0.562702 -5.355113
3.174268 -0.562702 -4.953647
3.844884 -0.562702 -4.451627
4.437230 -0.562702 -3.859283
4.939247 -0.562702 -3.188667
5.340713 -0.562702 -2.453433
5.633461 -0.562702 -1.668544
5.811534 -0.562702 -0.849989
5.871292 -0.562702 -0.014419
5.811534 -0.562702 0.821151
5.633461 -0.562702 1.639705
5.340713 -0.562702 2.424595
4.939247 -0.562702 3.159829
4.437230 -0.562702 3.830446
3.844884 -0.562702 4.422790
3.174268 -0.562702 4.924809
2.439034 -0.562702 5.326274
1.654153 -0.562702 5.619023
0.835590 -0.562702 5.797095
0.000020 -0.562702 5.856854
-0.835541 -0.562702 5.797095
-1.654105 -0.562702 5.619023
-2.438995 -0.562702 5.326284
-3.174229 -0.562702 4.924809
-3.844845 -0.562702 4.422800
-4.437190 -0.562702 3.830446
-4.939208 -0.562702 3.159829
-5.340674 -0.562702 2.424595
-5.633423 -0.562702 1.639715
-5.811494 -0.562702 0.821151
-5.871253 -0.562702 -0.014419
-5.811494 -0.562702 -0.849989
-5.633423 -0.562702 -1.668553
-5.340674 -0.562702 -2.453433
-4.939208 -0.562702 -3.188667
-4.437190 -0.562702 -3.859283
-3.844837 -0.562702 -4.451638
-3.174220 -0.562702 -4.953647
-2.438985 -0.562702 -5.355122
-1.654096 -0.562702 -5.647862
-0.835541 -0.562702 -5.825933
0.000020 -0.328701 -6.673095
0.947650 -0.328700 -6.605312
1.875984 -0.328701 -6.403369
2.766135 -0.328701 -6.071363
3.599972 -0.328701 -5.616052
4.360519 -0.328701 -5.046713
5.032313 -0.328701 -4.374919
5.601651 -0.328701 -3.614372
6.056963 -0.328701 -2.780534
6.388971 -0.328701 -1.890384
6.590914 -0.328701 -0.962049
6.658695 -0.328701 -0.014419
6.590914 -0.328701 0.933211
6.388971 -0.328701 1.861546
6.056963 -0.328701 2.751696
5.601651 -0.328701 3.585534
5.032313 -0.328701 4.346081
4.360529 -0.328701 5.017865
3.599972 -0.328701 5.587213
2.766135 -0.328701 6.042524
1.875984 -0.328701 6.374532
0.947650 -0.328700 6.576476
0.000020 -0.328700 6.644258
-0.947601 -0.328700 6.576484
-1.875937 -0.328701 6.374532
-2.766086 -0.328701 6.042524
-3.599924 -0.328701 5.587213
-4.360479 -0.328701 5.017874
-5.032265 -0.328701 4.346091
-5.601613 -0.328701 3.585534
-6.056925 -0.328701 2.751696
-6.388932 -0.328701 1.861546
-6.590876 -0.328701 0.933211
-6.658657 -0.328701 -0.014419
-6.590876 -0.328701 -0.962049
-6.388932 -0.328701 -1.890384
-6.056925 -0.328701 -2.780534
-5.601613 -0.328701 -3.614372
-5.032265 -0.328701 -4.374928
-4.360479 -0.328701 -5.046713
-3.599924 -0.328701 -5.616061
-2.766086 -0.328701 -6.071363
-1.875937 -0.328701 -6.403369
-0.947592 -0.328700 -6.605322
0.000020 -0.066860 -7.376764
1.047788 -0.066860 -7.301825
2.074226 -0.066860 -7.078535
3.058450 -0.066860 -6.711440
3.980401 -0.066859 -6.208018
4.821331 -0.066859 -5.578507
5.564107 -0.066859 -4.835729
6.193619 -0.066859 -3.994800
6.697041 -0.066859 -3.072841
7.064136 -0.066859 -2.088626
7.287427 -0.066859 -1.062187
7.362365 -0.066859 -0.014419
7.287427 -0.066859 1.033349
7.064136 -0.066859 2.059788
6.697041 -0.066859 3.044003
6.193619 -0.066859 3.965963
5.564107 -0.066859 4.806892
4.821331 -0.066859 5.549669
3.980401 -0.066859 6.179171
3.058450 -0.066860 6.682601
2.074236 -0.066860 7.049697
1.047797 -0.066860 7.272987
0.000020 -0.066860 7.347927
-1.047749 -0.066860 7.272987
-2.074188 -0.066860 7.049697
-3.058403 -0.066860 6.682601
-3.980353 -0.066860 6.179180
-4.821282 -0.066859 5.549669
-5.564059 -0.066859 4.806892
-6.193571 -0.066859 3.965973
-6.697002 -0.066860 3.044012
-7.064096 -0.066859 2.059798
-7.287387 -0.066859 1.033349
-7.362325 -0.066859 -0.014419
-7.287387 -0.066859 -1.062187
-7.064096 -0.066859 -2.088636
-6.697002 -0.066859 -3.072850
-6.193571 -0.066859 -3.994809
-5.564059 -0.066859 -4.835729
-4.821282 -0.066859 -5.578507
-3.980353 -0.066859 -6.208018
-3.058393 -0.066860 -6.711440
-2.074178 -0.066860 -7.078535
-1.047739 -0.066860 -7.301825
0.000020 0.219537 -7.987840
1.134752 0.219537 -7.906685
2.246394 0.219537 -7.664862
3.312299 0.219537 -7.267295
4.310781 0.219537 -6.722091
5.221496 0.219537 -6.040324
6.025926 0.219537 -5.235895
6.707692 0.219537 -4.325179
7.252895 0.219537 -3.326698
7.650463 0.219537 -2.260794
7.892287 0.219537 -1.149151
7.973438 0.219537 -0.014419
7.892287 0.219537 1.120313
7.650463 0.219537 2.231956
7.252905 0.219537 3.297860
6.707692 0.219537 4.296332
6.025934 0.219537 5.207059
5.221506 0.219537 6.011488
4.310781 0.219537 6.693254
3.312299 0.219537 7.238457
2.246394 0.219537 7.636024
1.134761 0.219537 7.877847
0.000029 0.219537 7.959001
-1.134713 0.219537 7.877847
-2.246346 0.219537 7.636024
-3.312251 0.219537 7.238465
-4.310732 0.219537 6.693254
-5.221457 0.219537 6.011496
-6.025886 0.219537 5.207067
-6.707644 0.219537 4.296342
-7.252857 0.219537 3.297860
-7.650422 0.219537 2.231956
-7.892245 0.219537 1.120323
-7.973400 0.219537 -0.014419
-7.892245 0.219537 -1.149161
-7.650422 0.219537 -2.260794
-7.252857 0.219537 -3.326698
-6.707644 0.219537 -4.325179
-6.025886 0.219537 -5.235904
-5.221457 0.219537 -6.040335
-4.310732 0.219537 -6.722091
-3.312251 0.219537 -7.267303
-2.246337 0.219537 -7.664862
-1.134703 0.219537 -7.906685
0.000020 0.526886 -8.498653
1.207449 0.526886 -8.412292
2.390301 0.526886 -8.154979
3.524497 0.526886 -7.731947
4.586946 0.526886 -7.151807
5.556009 0.526886 -6.426376
6.411976 0.526887 -5.570407
7.137409 0.526887 -4.601346
7.717549 0.526887 -3.538896
8.140578 0.526887 -2.404701
8.397892 0.526886 -1.221849
8.484254 0.526887 -0.014419
8.397892 0.526887 1.193011
8.140578 0.526887 2.375863
7.717549 0.526887 3.510059
7.137409 0.526887 4.572498
6.411976 0.526887 5.541571
5.556009 0.526887 6.397537
4.586946 0.526886 7.122968
3.524497 0.526886 7.703109
2.390311 0.526886 8.126138
1.207459 0.526886 8.383451
0.000029 0.526886 8.469812
-1.207410 0.526886 8.383451
-2.390263 0.526886 8.126138
-3.524448 0.526886 7.703109
-4.586898 0.526886 7.122979
-5.555969 0.526887 6.397537
-6.411928 0.526887 5.541581
-7.137368 0.526887 4.572508
-7.717507 0.526887 3.510059
-8.140538 0.526887 2.375873
-8.397855 0.526887 1.193011
-8.484213 0.526887 -0.014419
-8.397855 0.526886 -1.221849
-8.140538 0.526887 -2.404710
-7.717507 0.526887 -3.538906
-7.137368 0.526887 -4.601346
-6.411928 0.526887 -5.570418
-5.555959 0.526886 -6.426384
-4.586898 0.526886 -7.151816
-3.524448 0.526886 -7.731958
-2.390253 0.526886 -8.154987
-1.207401 0.526886 -8.412302
0.000020 0.851322 -8.902764
1.264967 0.851322 -8.812297
2.504160 0.851322 -8.542725
3.692370 0.851322 -8.099552
4.805425 0.851322 -7.491773
5.820649 0.851322 -6.731781
6.717391 0.851321 -5.835048
7.477373 0.851322 -4.819824
8.085152 0.851322 -3.706769
8.528324 0.851321 -2.518559
8.797897 0.851322 -1.279367
8.888364 0.851322 -0.014419
8.797897 0.851322 1.250519
8.528324 0.851322 2.489722
8.085152 0.851322 3.677932
7.477373 0.851322 4.790986
6.717391 0.851322 5.806210
5.820649 0.851322 6.702943
4.805425 0.851322 7.462934
3.692379 0.851322 8.070702
2.504160 0.851322 8.513884
1.264967 0.851322 8.783457
0.000029 0.851322 8.873926
-1.264919 0.851322 8.783457
-2.504112 0.851322 8.513893
-3.692331 0.851322 8.070711
-4.805376 0.851322 7.462944
-5.820609 0.851322 6.702952
-6.717341 0.851322 5.806219
-7.477333 0.851322 4.790986
-8.085101 0.851322 3.677941
-8.528284 0.851322 2.489722
-8.797859 0.851322 1.250528
-8.888327 0.851322 -0.014419
-8.797859 0.851322 -1.279367
-8.528284 0.851321 -2.518559
-8.085101 0.851322 -3.706779
-7.477333 0.851322 -4.819824
-6.717341 0.851321 -5.835058
-5.820601 0.851322 -6.731790
-4.805376 0.851322 -7.491783
-3.692322 0.851322 -8.099552
-2.504102 0.851322 -8.542734
-1.264910 0.851322 -8.812297
0.000020 1.188765 -9.195110
1.306571 1.188765 -9.101667
2.586519 1.188765 -8.823231
3.813818 1.188765 -8.365471
4.963476 1.188765 -7.737711
6.012092 1.188765 -6.952717
6.938318 1.188765 -6.026491
7.723309 1.188765 -4.977877
8.351071 1.188765 -3.828218
8.808831 1.188765 -2.600919
9.087267 1.188765 -1.320970
9.180708 1.188765 -0.014419
9.087267 1.188765 1.292132
8.808831 1.188765 2.572081
8.351071 1.188765 3.799380
7.723309 1.188765 4.949038
6.938328 1.188765 5.997654
6.012092 1.188765 6.923878
4.963476 1.188765 7.708862
3.813818 1.188765 8.336620
2.586519 1.188765 8.794383
1.306571 1.188765 9.072826
0.000029 1.188765 9.166270
-1.306522 1.188765 9.072826
-2.586471 1.188765 8.794390
-3.813770 1.188765 8.336631
-4.963428 1.188765 7.708873
-6.012044 1.188765 6.923888
-6.938278 1.188765 5.997662
-7.723261 1.188765 4.949038
-8.351024 1.188765 3.799380
-8.808784 1.188765 2.572081
-9.087226 1.188765 1.292132
-9.180670 1.188765 -0.014419
-9.087226 1.188765 -1.320970
-8.808784 1.188765 -2.600919
-8.351024 1.188765 -3.828218
-7.723261 1.188765 -4.977877
-6.938278 1.188765 -6.026501
-6.012044 1.188765 -6.952726
-4.963428 1.188765 -7.737711
-3.813761 1.188765 -8.365471
-2.586461 1.188765 -8.823231
-1.306513 1.188765 -9.101667
</float_array>
          <technique_common>
            <accessor source="#obj1-lib-Position-array" count="396" stride="3">
              <param name="X" type="float"/>
              <param name="Y" type="float"/>
              <param name="Z" type="float"/>
            </accessor>
          </technique_common>
        </source>
        <source id="obj1-lib-Normal0">
          <float_array id="obj1-lib-Normal0-array" count="6336">
0.029367 -0.978478 -0.204251
0.025726 -0.983527 -0.178920
0.000001 -0.983527 -0.180761
0.000001 -0.983527 -0.180761
0.000000 -0.978478 -0.206352
0.029367 -0.978478 -0.204251
0.058137 -0.978478 -0.197992
0.050926 -0.983527 -0.173439
0.025726 -0.983527 -0.178920
0.025726 -0.983527 -0.178920
0.029367 -0.978478 -0.204251
0.058137 -0.978478 -0.197992
0.085722 -0.978478 -0.187704
0.075090 -0.983527 -0.164427
0.050926 -0.983527 -0.173439
0.050926 -0.983527 -0.173439
0.058137 -0.978478 -0.197992
0.085722 -0.978478 -0.187704
0.111562 -0.978478 -0.173594
0.097728 -0.983527 -0.152064
0.075090 -0.983527 -0.164427
0.075090 -0.983527 -0.164427
0.085722 -0.978478 -0.187704
0.111562 -0.978478 -0.173594
0.135131 -0.978478 -0.155950
0.118373 -0.983527 -0.136609
0.097728 -0.983527 -0.152064
0.097728 -0.983527 -0.152064
0.111562 -0.978478 -0.173594
0.135131 -0.978478 -0.155950
0.155950 -0.978478 -0.135131
0.136609 -0.983527 -0.118373
0.118373 -0.983527 -0.136609
0.118373 -0.983527 -0.136609
0.135131 -0.978478 -0.155950
0.155950 -0.978478 -0.135131
0.173594 -0.978478 -0.111562
0.152066 -0.983527 -0.097728
0.136609 -0.983527 -0.118373
0.136609 -0.983527 -0.118373
0.155950 -0.978478 -0.135131
0.173594 -0.978478 -0.111562
0.187705 -0.978478 -0.085722
0.164426 -0.983527 -0.075092
0.152066 -0.983527 -0.097728
0.152066 -0.983527 -0.097728
0.173594 -0.978478 -0.111562
0.187705 -0.978478 -0.085722
0.197993 -0.978478 -0.058137
0.173438 -0.983527 -0.050925
0.164426 -0.983527 -0.075092
0.164426 -0.983527 -0.075092
0.187705 -0.978478 -0.085722
0.197993 -0.978478 -0.058137
0.204251 -0.978478 -0.029367
0.178921 -0.983527 -0.025726
0.173438 -0.983527 -0.050925
0.173438 -0.983527 -0.050925
0.197993 -0.978478 -0.058137
0.204251 -0.978478 -0.029367
0.206352 -0.978478 -0.000000
0.180761 -0.983527 -0.000000
0.178921 -0.983527 -0.025726
0.178921 -0.983527 -0.025726
0.204251 -0.978478 -0.029367
0.206352 -0.978478 -0.000000
0.204251 -0.978478 0.029367
0.178920 -0.983527 0.025726
0.180761 -0.983527 -0.000000
0.180761 -0.983527 -0.000000
0.206352 -0.978478 -0.000000
0.204251 -0.978478 0.029367
0.197993 -0.978478 0.058136
0.173439 -0.983527 0.050925
0.178920 -0.983527 0.025726
0.178920 -0.983527 0.025726
0.204251 -0.978478 0.029367
0.197993 -0.978478 0.058136
0.187705 -0.978478 0.085722
0.164426 -0.983527 0.075090
0.173439 -0.983527 0.050925
0.173439 -0.983527 0.050925
0.197993 -0.978478 0.058136
0.187705 -0.978478 0.085722
0.173594 -0.978478 0.111563
0.152066 -0.983527 0.097727
0.164426 -0.983527 0.075090
0.164426 -0.983527 0.075090
0.187705 -0.978478 0.085722
0.173594 -0.978478 0.111563
0.155951 -0.978478 0.135132
0.136610 -0.983527 0.118373
0.152066 -0.983527 0.097727
0.152066 -0.983527 0.097727
0.173594 -0.978478 0.111563
0.155951 -0.978478 0.135132
0.135132 -0.978478 0.155950
0.118373 -0.983527 0.136610
0.136610 -0.983527 0.118373
0.136610 -0.983527 0.118373
0.155951 -0.978478 0.135132
0.135132 -0.978478 0.155950
0.111562 -0.978478 0.173594
0.097727 -0.983527 0.152066
0.118373 -0.983527 0.136610
0.118373 -0.983527 0.136610
0.135132 -0.978478 0.155950
0.111562 -0.978478 0.173594
0.085722 -0.978478 0.187704
0.075091 -0.983527 0.164426
0.097727 -0.983527 0.152066
0.097727 -0.983527 0.152066
0.111562 -0.978478 0.173594
0.085722 -0.978478 0.187704
0.058137 -0.978478 0.197993
0.050926 -0.983527 0.173438
0.075091 -0.983527 0.164426
0.075091 -0.983527 0.164426
0.085722 -0.978478 0.187704
0.058137 -0.978478 0.197993
0.029367 -0.978478 0.204251
0.025725 -0.983527 0.178921
0.050926 -0.983527 0.173438
0.050926 -0.983527 0.173438
0.058137 -0.978478 0.197993
0.029367 -0.978478 0.204251
0.000000 -0.978478 0.206352
0.000002 -0.983527 0.180762
0.025725 -0.983527 0.178921
0.025725 -0.983527 0.178921
0.029367 -0.978478 0.204251
0.000000 -0.978478 0.206352
-0.029367 -0.978478 0.204252
-0.025726 -0.983527 0.178922
0.000002 -0.983527 0.180762
0.000002 -0.983527 0.180762
0.000000 -0.978478 0.206352
-0.029367 -0.978478 0.204252
-0.058136 -0.978478 0.197993
-0.050927 -0.983527 0.173439
-0.025726 -0.983527 0.178922
-0.025726 -0.983527 0.178922
-0.029367 -0.978478 0.204252
-0.058136 -0.978478 0.197993
-0.085721 -0.978478 0.187705
-0.075090 -0.983527 0.164426
-0.050927 -0.983527 0.173439
-0.050927 -0.983527 0.173439
-0.058136 -0.978478 0.197993
-0.085721 -0.978478 0.187705
-0.111562 -0.978478 0.173594
-0.097728 -0.983527 0.152065
-0.075090 -0.983527 0.164426
-0.075090 -0.983527 0.164426
-0.085721 -0.978478 0.187705
-0.111562 -0.978478 0.173594
-0.135131 -0.978478 0.155950
-0.118373 -0.983527 0.136610
-0.097728 -0.983527 0.152065
-0.097728 -0.983527 0.152065
-0.111562 -0.978478 0.173594
-0.135131 -0.978478 0.155950
-0.155950 -0.978478 0.135132
-0.136609 -0.983527 0.118374
-0.118373 -0.983527 0.136610
-0.118373 -0.983527 0.136610
-0.135131 -0.978478 0.155950
-0.155950 -0.978478 0.135132
-0.173595 -0.978478 0.111562
-0.152066 -0.983527 0.097726
-0.136609 -0.983527 0.118374
-0.136609 -0.983527 0.118374
-0.155950 -0.978478 0.135132
-0.173595 -0.978478 0.111562
-0.187704 -0.978478 0.085721
-0.164426 -0.983527 0.075090
-0.152066 -0.983527 0.097726
-0.152066 -0.983527 0.097726
-0.173595 -0.978478 0.111562
-0.187704 -0.978478 0.085721
-0.197992 -0.978478 0.058137
-0.173438 -0.983527 0.050926
-0.164426 -0.983527 0.075090
-0.164426 -0.983527 0.075090
-0.187704 -0.978478 0.085721
-0.197992 -0.978478 0.058137
-0.204251 -0.978478 0.029367
-0.178920 -0.983527 0.025726
-0.173438 -0.983527 0.050926
-0.173438 -0.983527 0.050926
-0.197992 -0.978478 0.058137
-0.204251 -0.978478 0.029367
-0.206351 -0.978478 0.000000
-0.180761 -0.983527 0.000001
-0.178920 -0.983527 0.025726
-0.178920 -0.983527 0.025726
-0.204251 -0.978478 0.029367
-0.206351 -0.978478 0.000000
-0.204251 -0.978478 -0.029367
-0.178920 -0.983527 -0.025726
-0.180761 -0.983527 0.000001
-0.180761 -0.983527 0.000001
-0.206351 -0.978478 0.000000
-0.204251 -0.978478 -0.029367
-0.197992 -0.978478 -0.058137
-0.173438 -0.983527 -0.050926
-0.178920 -0.983527 -0.025726
-0.178920 -0.983527 -0.025726
-0.204251 -0.978478 -0.029367
-0.197992 -0.978478 -0.058137
-0.187704 -0.978478 -0.085721
-0.164426 -0.983527 -0.075090
-0.173438 -0.983527 -0.050926
-0.173438 -0.983527 -0.050926
-0.197992 -0.978478 -0.058137
-0.187704 -0.978478 -0.085721
-0.173595 -0.978478 -0.111562
-0.152066 -0.983527 -0.097726
-0.164426 -0.983527 -0.075090
-0.164426 -0.983527 -0.075090
-0.187704 -0.978478 -0.085721
-0.173595 -0.978478 -0.111562
-0.155949 -0.978478 -0.135133
-0.136610 -0.983527 -0.118374
-0.152066 -0.983527 -0.097726
-0.152066 -0.983527 -0.097726
-0.173595 -0.978478 -0.111562
-0.155949 -0.978478 -0.135133
-0.135131 -0.978478 -0.155951
-0.118374 -0.983527 -0.136611
-0.136610 -0.983527 -0.118374
-0.136610 -0.983527 -0.118374
-0.155949 -0.978478 -0.135133
-0.135131 -0.978478 -0.155951
-0.111564 -0.978478 -0.173594
-0.097727 -0.983527 -0.152066
-0.118374 -0.983527 -0.136611
-0.118374 -0.983527 -0.136611
-0.135131 -0.978478 -0.155951
-0.111564 -0.978478 -0.173594
-0.085721 -0.978478 -0.187705
-0.075090 -0.983527 -0.164427
-0.097727 -0.983527 -0.152066
-0.097727 -0.983527 -0.152066
-0.111564 -0.978478 -0.173594
-0.085721 -0.978478 -0.187705
-0.058136 -0.978478 -0.197994
-0.050927 -0.983527 -0.173440
-0.075090 -0.983527 -0.164427
-0.075090 -0.983527 -0.164427
-0.085721 -0.978478 -0.187705
-0.058136 -0.978478 -0.197994
-0.029367 -0.978478 -0.204252
-0.025725 -0.983527 -0.178922
-0.050927 -0.983527 -0.173440
-0.050927 -0.983527 -0.173440
-0.058136 -0.978478 -0.197994
-0.029367 -0.978478 -0.204252
0.000000 -0.978478 -0.206352
0.000001 -0.983527 -0.180761
-0.025725 -0.983527 -0.178922
-0.025725 -0.983527 -0.178922
-0.029367 -0.978478 -0.204252
0.000000 -0.978478 -0.206352
0.036799 -0.965992 -0.255941
0.029367 -0.978478 -0.204251
0.000000 -0.978478 -0.206352
0.000000 -0.978478 -0.206352
0.000000 -0.965992 -0.258572
0.036799 -0.965992 -0.255941
0.072848 -0.965992 -0.248097
0.058137 -0.978478 -0.197992
0.029367 -0.978478 -0.204251
0.029367 -0.978478 -0.204251
0.036799 -0.965992 -0.255941
0.072848 -0.965992 -0.248097
0.107414 -0.965992 -0.235204
0.085722 -0.978478 -0.187704
0.058137 -0.978478 -0.197992
0.058137 -0.978478 -0.197992
0.072848 -0.965992 -0.248097
0.107414 -0.965992 -0.235204
0.139794 -0.965992 -0.217524
0.111562 -0.978478 -0.173594
0.085722 -0.978478 -0.187704
0.085722 -0.978478 -0.187704
0.107414 -0.965992 -0.235204
0.139794 -0.965992 -0.217524
0.169328 -0.965992 -0.195415
0.135131 -0.978478 -0.155950
0.111562 -0.978478 -0.173594
0.111562 -0.978478 -0.173594
0.139794 -0.965992 -0.217524
0.169328 -0.965992 -0.195415
0.195415 -0.965992 -0.169329
0.155950 -0.978478 -0.135131
0.135131 -0.978478 -0.155950
0.135131 -0.978478 -0.155950
0.169328 -0.965992 -0.195415
0.195415 -0.965992 -0.169329
0.217524 -0.965992 -0.139794
0.173594 -0.978478 -0.111562
0.155950 -0.978478 -0.135131
0.155950 -0.978478 -0.135131
0.195415 -0.965992 -0.169329
0.217524 -0.965992 -0.139794
0.235205 -0.965992 -0.107414
0.187705 -0.978478 -0.085722
0.173594 -0.978478 -0.111562
0.173594 -0.978478 -0.111562
0.217524 -0.965992 -0.139794
0.235205 -0.965992 -0.107414
0.248098 -0.965992 -0.072849
0.197993 -0.978478 -0.058137
0.187705 -0.978478 -0.085722
0.187705 -0.978478 -0.085722
0.235205 -0.965992 -0.107414
0.248098 -0.965992 -0.072849
0.255941 -0.965992 -0.036800
0.204251 -0.978478 -0.029367
0.197993 -0.978478 -0.058137
0.197993 -0.978478 -0.058137
0.248098 -0.965992 -0.072849
0.255941 -0.965992 -0.036800
0.258572 -0.965992 0.000000
0.206352 -0.978478 -0.000000
0.204251 -0.978478 -0.029367
0.204251 -0.978478 -0.029367
0.255941 -0.965992 -0.036800
0.258572 -0.965992 0.000000
0.255941 -0.965992 0.036799
0.204251 -0.978478 0.029367
0.206352 -0.978478 -0.000000
0.206352 -0.978478 -0.000000
0.258572 -0.965992 0.000000
0.255941 -0.965992 0.036799
0.248097 -0.965992 0.072849
0.197993 -0.978478 0.058136
0.204251 -0.978478 0.029367
0.204251 -0.978478 0.029367
0.255941 -0.965992 0.036799
0.248097 -0.965992 0.072849
0.235205 -0.965992 0.107414
0.187705 -0.978478 0.085722
0.197993 -0.978478 0.058136
0.197993 -0.978478 0.058136
0.248097 -0.965992 0.072849
0.235205 -0.965992 0.107414
0.217524 -0.965992 0.139794
0.173594 -0.978478 0.111563
0.187705 -0.978478 0.085722
0.187705 -0.978478 0.085722
0.235205 -0.965992 0.107414
0.217524 -0.965992 0.139794
0.195415 -0.965992 0.169328
0.155951 -0.978478 0.135132
0.173594 -0.978478 0.111563
0.173594 -0.978478 0.111563
0.217524 -0.965992 0.139794
0.195415 -0.965992 0.169328
0.169329 -0.965992 0.195415
0.135132 -0.978478 0.155950
0.155951 -0.978478 0.135132
0.155951 -0.978478 0.135132
0.195415 -0.965992 0.169328
0.169329 -0.965992 0.195415
0.139794 -0.965992 0.217524
0.111562 -0.978478 0.173594
0.135132 -0.978478 0.155950
0.135132 -0.978478 0.155950
0.169329 -0.965992 0.195415
0.139794 -0.965992 0.217524
0.107414 -0.965992 0.235205
0.085722 -0.978478 0.187704
0.111562 -0.978478 0.173594
0.111562 -0.978478 0.173594
0.139794 -0.965992 0.217524
0.107414 -0.965992 0.235205
0.072849 -0.965992 0.248098
0.058137 -0.978478 0.197993
0.085722 -0.978478 0.187704
0.085722 -0.978478 0.187704
0.107414 -0.965992 0.235205
0.072849 -0.965992 0.248098
0.036799 -0.965992 0.255941
0.029367 -0.978478 0.204251
0.058137 -0.978478 0.197993
0.058137 -0.978478 0.197993
0.072849 -0.965992 0.248098
0.036799 -0.965992 0.255941
-0.000000 -0.965992 0.258571
0.000000 -0.978478 0.206352
0.029367 -0.978478 0.204251
0.029367 -0.978478 0.204251
0.036799 -0.965992 0.255941
-0.000000 -0.965992 0.258571
-0.036799 -0.965992 0.255940
-0.029367 -0.978478 0.204252
0.000000 -0.978478 0.206352
0.000000 -0.978478 0.206352
-0.000000 -0.965992 0.258571
-0.036799 -0.965992 0.255940
-0.072848 -0.965992 0.248098
-0.058136 -0.978478 0.197993
-0.029367 -0.978478 0.204252
-0.029367 -0.978478 0.204252
-0.036799 -0.965992 0.255940
-0.072848 -0.965992 0.248098
-0.107414 -0.965992 0.235207
-0.085721 -0.978478 0.187705
-0.058136 -0.978478 0.197993
-0.058136 -0.978478 0.197993
-0.072848 -0.965992 0.248098
-0.107414 -0.965992 0.235207
-0.139795 -0.965992 0.217525
-0.111562 -0.978478 0.173594
-0.085721 -0.978478 0.187705
-0.085721 -0.978478 0.187705
-0.107414 -0.965992 0.235207
-0.139795 -0.965992 0.217525
-0.169329 -0.965992 0.195416
-0.135131 -0.978478 0.155950
-0.111562 -0.978478 0.173594
-0.111562 -0.978478 0.173594
-0.139795 -0.965992 0.217525
-0.169329 -0.965992 0.195416
-0.195416 -0.965992 0.169328
-0.155950 -0.978478 0.135132
-0.135131 -0.978478 0.155950
-0.135131 -0.978478 0.155950
-0.169329 -0.965992 0.195416
-0.195416 -0.965992 0.169328
-0.217524 -0.965992 0.139794
-0.173595 -0.978478 0.111562
-0.155950 -0.978478 0.135132
-0.155950 -0.978478 0.135132
-0.195416 -0.965992 0.169328
-0.217524 -0.965992 0.139794
-0.235205 -0.965992 0.107414
-0.187704 -0.978478 0.085721
-0.173595 -0.978478 0.111562
-0.173595 -0.978478 0.111562
-0.217524 -0.965992 0.139794
-0.235205 -0.965992 0.107414
-0.248098 -0.965992 0.072849
-0.197992 -0.978478 0.058137
-0.187704 -0.978478 0.085721
-0.187704 -0.978478 0.085721
-0.235205 -0.965992 0.107414
-0.248098 -0.965992 0.072849
-0.255941 -0.965992 0.036799
-0.204251 -0.978478 0.029367
-0.197992 -0.978478 0.058137
-0.197992 -0.978478 0.058137
-0.248098 -0.965992 0.072849
-0.255941 -0.965992 0.036799
-0.258572 -0.965992 -0.000000
-0.206351 -0.978478 0.000000
-0.204251 -0.978478 0.029367
-0.204251 -0.978478 0.029367
-0.255941 -0.965992 0.036799
-0.258572 -0.965992 -0.000000
-0.255941 -0.965992 -0.036799
-0.204251 -0.978478 -0.029367
-0.206351 -0.978478 0.000000
-0.206351 -0.978478 0.000000
-0.258572 -0.965992 -0.000000
-0.255941 -0.965992 -0.036799
-0.248097 -0.965992 -0.072849
-0.197992 -0.978478 -0.058137
-0.204251 -0.978478 -0.029367
-0.204251 -0.978478 -0.029367
-0.255941 -0.965992 -0.036799
-0.248097 -0.965992 -0.072849
-0.235204 -0.965992 -0.107415
-0.187704 -0.978478 -0.085721
-0.197992 -0.978478 -0.058137
-0.197992 -0.978478 -0.058137
-0.248097 -0.965992 -0.072849
-0.235204 -0.965992 -0.107415
-0.217525 -0.965992 -0.139794
-0.173595 -0.978478 -0.111562
-0.187704 -0.978478 -0.085721
-0.187704 -0.978478 -0.085721
-0.235204 -0.965992 -0.107415
-0.217525 -0.965992 -0.139794
-0.195416 -0.965992 -0.169329
-0.155949 -0.978478 -0.135133
-0.173595 -0.978478 -0.111562
-0.173595 -0.978478 -0.111562
-0.217525 -0.965992 -0.139794
-0.195416 -0.965992 -0.169329
-0.169327 -0.965992 -0.195415
-0.135131 -0.978478 -0.155951
-0.155949 -0.978478 -0.135133
-0.155949 -0.978478 -0.135133
-0.195416 -0.965992 -0.169329
-0.169327 -0.965992 -0.195415
-0.139793 -0.965992 -0.217524
-0.111564 -0.978478 -0.173594
-0.135131 -0.978478 -0.155951
-0.135131 -0.978478 -0.155951
-0.169327 -0.965992 -0.195415
-0.139793 -0.965992 -0.217524
-0.107415 -0.965992 -0.235206
-0.085721 -0.978478 -0.187705
-0.111564 -0.978478 -0.173594
-0.111564 -0.978478 -0.173594
-0.139793 -0.965992 -0.217524
-0.107415 -0.965992 -0.235206
-0.072847 -0.965992 -0.248098
-0.058136 -0.978478 -0.197994
-0.085721 -0.978478 -0.187705
-0.085721 -0.978478 -0.187705
-0.107415 -0.965992 -0.235206
-0.072847 -0.965992 -0.248098
-0.036799 -0.965992 -0.255940
-0.029367 -0.978478 -0.204252
-0.058136 -0.978478 -0.197994
-0.058136 -0.978478 -0.197994
-0.072847 -0.965992 -0.248098
-0.036799 -0.965992 -0.255940
0.000000 -0.965992 -0.258572
0.000000 -0.978478 -0.206352
-0.029367 -0.978478 -0.204252
-0.029367 -0.978478 -0.204252
-0.036799 -0.965992 -0.255940
0.000000 -0.965992 -0.258572
0.045308 -0.947969 -0.315122
0.036799 -0.965992 -0.255941
0.000000 -0.965992 -0.258572
0.000000 -0.965992 -0.258572
0.000001 -0.947969 -0.318362
0.045308 -0.947969 -0.315122
0.089692 -0.947969 -0.305467
0.072848 -0.965992 -0.248097
0.036799 -0.965992 -0.255941
0.036799 -0.965992 -0.255941
0.045308 -0.947969 -0.315122
0.089692 -0.947969 -0.305467
0.132252 -0.947969 -0.289593
0.107414 -0.965992 -0.235204
0.072848 -0.965992 -0.248097
0.072848 -0.965992 -0.248097
0.089692 -0.947969 -0.305467
0.132252 -0.947969 -0.289593
0.172120 -0.947969 -0.267823
0.139794 -0.965992 -0.217524
0.107414 -0.965992 -0.235204
0.107414 -0.965992 -0.235204
0.132252 -0.947969 -0.289593
0.172120 -0.947969 -0.267823
0.208483 -0.947969 -0.240602
0.169328 -0.965992 -0.195415
0.139794 -0.965992 -0.217524
0.139794 -0.965992 -0.217524
0.172120 -0.947969 -0.267823
0.208483 -0.947969 -0.240602
0.240602 -0.947969 -0.208483
0.195415 -0.965992 -0.169329
0.169328 -0.965992 -0.195415
0.169328 -0.965992 -0.195415
0.208483 -0.947969 -0.240602
0.240602 -0.947969 -0.208483
0.267824 -0.947969 -0.172120
0.217524 -0.965992 -0.139794
0.195415 -0.965992 -0.169329
0.195415 -0.965992 -0.169329
0.240602 -0.947969 -0.208483
0.267824 -0.947969 -0.172120
0.289593 -0.947969 -0.132253
0.235205 -0.965992 -0.107414
0.217524 -0.965992 -0.139794
0.217524 -0.965992 -0.139794
0.267824 -0.947969 -0.172120
0.289593 -0.947969 -0.132253
0.305466 -0.947969 -0.089693
0.248098 -0.965992 -0.072849
0.235205 -0.965992 -0.107414
0.235205 -0.965992 -0.107414
0.289593 -0.947969 -0.132253
0.305466 -0.947969 -0.089693
0.315122 -0.947969 -0.045308
0.255941 -0.965992 -0.036800
0.248098 -0.965992 -0.072849
0.248098 -0.965992 -0.072849
0.305466 -0.947969 -0.089693
0.315122 -0.947969 -0.045308
0.318362 -0.947969 0.000000
0.258572 -0.965992 0.000000
0.255941 -0.965992 -0.036800
0.255941 -0.965992 -0.036800
0.315122 -0.947969 -0.045308
0.318362 -0.947969 0.000000
0.315122 -0.947969 0.045308
0.255941 -0.965992 0.036799
0.258572 -0.965992 0.000000
0.258572 -0.965992 0.000000
0.318362 -0.947969 0.000000
0.315122 -0.947969 0.045308
0.305467 -0.947969 0.089693
0.248097 -0.965992 0.072849
0.255941 -0.965992 0.036799
0.255941 -0.965992 0.036799
0.315122 -0.947969 0.045308
0.305467 -0.947969 0.089693
0.289593 -0.947969 0.132252
0.235205 -0.965992 0.107414
0.248097 -0.965992 0.072849
0.248097 -0.965992 0.072849
0.305467 -0.947969 0.089693
0.289593 -0.947969 0.132252
0.267823 -0.947969 0.172120
0.217524 -0.965992 0.139794
0.235205 -0.965992 0.107414
0.235205 -0.965992 0.107414
0.289593 -0.947969 0.132252
0.267823 -0.947969 0.172120
0.240602 -0.947969 0.208483
0.195415 -0.965992 0.169328
0.217524 -0.965992 0.139794
0.217524 -0.965992 0.139794
0.267823 -0.947969 0.172120
0.240602 -0.947969 0.208483
0.208483 -0.947969 0.240602
0.169329 -0.965992 0.195415
0.195415 -0.965992 0.169328
0.195415 -0.965992 0.169328
0.240602 -0.947969 0.208483
0.208483 -0.947969 0.240602
0.172121 -0.947969 0.267824
0.139794 -0.965992 0.217524
0.169329 -0.965992 0.195415
0.169329 -0.965992 0.195415
0.208483 -0.947969 0.240602
0.172121 -0.947969 0.267824
0.132252 -0.947969 0.289592
0.107414 -0.965992 0.235205
0.139794 -0.965992 0.217524
0.139794 -0.965992 0.217524
0.172121 -0.947969 0.267824
0.132252 -0.947969 0.289592
0.089692 -0.947969 0.305466
0.072849 -0.965992 0.248098
0.107414 -0.965992 0.235205
0.107414 -0.965992 0.235205
0.132252 -0.947969 0.289592
0.089692 -0.947969 0.305466
0.045308 -0.947969 0.315122
0.036799 -0.965992 0.255941
0.072849 -0.965992 0.248098
0.072849 -0.965992 0.248098
0.089692 -0.947969 0.305466
0.045308 -0.947969 0.315122
0.000001 -0.947969 0.318363
-0.000000 -0.965992 0.258571
0.036799 -0.965992 0.255941
0.036799 -0.965992 0.255941
0.045308 -0.947969 0.315122
0.000001 -0.947969 0.318363
-0.045308 -0.947969 0.315122
-0.036799 -0.965992 0.255940
-0.000000 -0.965992 0.258571
-0.000000 -0.965992 0.258571
0.000001 -0.947969 0.318363
-0.045308 -0.947969 0.315122
-0.089694 -0.947969 0.305466
-0.072848 -0.965992 0.248098
-0.036799 -0.965992 0.255940
-0.036799 -0.965992 0.255940
-0.045308 -0.947969 0.315122
-0.089694 -0.947969 0.305466
-0.132253 -0.947969 0.289594
-0.107414 -0.965992 0.235207
-0.072848 -0.965992 0.248098
-0.072848 -0.965992 0.248098
-0.089694 -0.947969 0.305466
-0.132253 -0.947969 0.289594
-0.172120 -0.947969 0.267824
-0.139795 -0.965992 0.217525
-0.107414 -0.965992 0.235207
-0.107414 -0.965992 0.235207
-0.132253 -0.947969 0.289594
-0.172120 -0.947969 0.267824
-0.208484 -0.947968 0.240605
-0.169329 -0.965992 0.195416
-0.139795 -0.965992 0.217525
-0.139795 -0.965992 0.217525
-0.172120 -0.947969 0.267824
-0.208484 -0.947968 0.240605
-0.240603 -0.947969 0.208484
-0.195416 -0.965992 0.169328
-0.169329 -0.965992 0.195416
-0.169329 -0.965992 0.195416
-0.208484 -0.947968 0.240605
-0.240603 -0.947969 0.208484
-0.267824 -0.947969 0.172120
-0.217524 -0.965992 0.139794
-0.195416 -0.965992 0.169328
-0.195416 -0.965992 0.169328
-0.240603 -0.947969 0.208484
-0.267824 -0.947969 0.172120
-0.289593 -0.947969 0.132252
-0.235205 -0.965992 0.107414
-0.217524 -0.965992 0.139794
-0.217524 -0.965992 0.139794
-0.267824 -0.947969 0.172120
-0.289593 -0.947969 0.132252
-0.305466 -0.947969 0.089693
-0.248098 -0.965992 0.072849
-0.235205 -0.965992 0.107414
-0.235205 -0.965992 0.107414
-0.289593 -0.947969 0.132252
-0.305466 -0.947969 0.089693
-0.315122 -0.947969 0.045308
-0.255941 -0.965992 0.036799
-0.248098 -0.965992 0.072849
-0.248098 -0.965992 0.072849
-0.305466 -0.947969 0.089693
-0.315122 -0.947969 0.045308
-0.318363 -0.947969 0.000000
-0.258572 -0.965992 -0.000000
-0.255941 -0.965992 0.036799
-0.255941 -0.965992 0.036799
-0.315122 -0.947969 0.045308
-0.318363 -0.947969 0.000000
-0.315122 -0.947969 -0.045308
-0.255941 -0.965992 -0.036799
-0.258572 -0.965992 -0.000000
-0.258572 -0.965992 -0.000000
-0.318363 -0.947969 0.000000
-0.315122 -0.947969 -0.045308
-0.305467 -0.947969 -0.089693
-0.248097 -0.965992 -0.072849
-0.255941 -0.965992 -0.036799
-0.255941 -0.965992 -0.036799
-0.315122 -0.947969 -0.045308
-0.305467 -0.947969 -0.089693
-0.289593 -0.947969 -0.132253
-0.235204 -0.965992 -0.107415
-0.248097 -0.965992 -0.072849
-0.248097 -0.965992 -0.072849
-0.305467 -0.947969 -0.089693
-0.289593 -0.947969 -0.132253
-0.267824 -0.947969 -0.172121
-0.217525 -0.965992 -0.139794
-0.235204 -0.965992 -0.107415
-0.235204 -0.965992 -0.107415
-0.289593 -0.947969 -0.132253
-0.267824 -0.947969 -0.172121
-0.240603 -0.947969 -0.208484
-0.195416 -0.965992 -0.169329
-0.217525 -0.965992 -0.139794
-0.217525 -0.965992 -0.139794
-0.267824 -0.947969 -0.172121
-0.240603 -0.947969 -0.208484
-0.208484 -0.947969 -0.240603
-0.169327 -0.965992 -0.195415
-0.195416 -0.965992 -0.169329
-0.195416 -0.965992 -0.169329
-0.240603 -0.947969 -0.208484
-0.208484 -0.947969 -0.240603
-0.172119 -0.947969 -0.267825
-0.139793 -0.965992 -0.217524
-0.169327 -0.965992 -0.195415
-0.169327 -0.965992 -0.195415
-0.208484 -0.947969 -0.240603
-0.172119 -0.947969 -0.267825
-0.132252 -0.947969 -0.289594
-0.107415 -0.965992 -0.235206
-0.139793 -0.965992 -0.217524
-0.139793 -0.965992 -0.217524
-0.172119 -0.947969 -0.267825
-0.132252 -0.947969 -0.289594
-0.089693 -0.947969 -0.305467
-0.072847 -0.965992 -0.248098
-0.107415 -0.965992 -0.235206
-0.107415 -0.965992 -0.235206
-0.132252 -0.947969 -0.289594
-0.089693 -0.947969 -0.305467
-0.045308 -0.947969 -0.315122
-0.036799 -0.965992 -0.255940
-0.072847 -0.965992 -0.248098
-0.072847 -0.965992 -0.248098
-0.089693 -0.947969 -0.305467
-0.045308 -0.947969 -0.315122
0.000001 -0.947969 -0.318362
0.000000 -0.965992 -0.258572
-0.036799 -0.965992 -0.255940
-0.036799 -0.965992 -0.255940
-0.045308 -0.947969 -0.315122
0.000001 -0.947969 -0.318362
0.055286 -0.921462 -0.384515
0.045308 -0.947969 -0.315122
0.000001 -0.947969 -0.318362
0.000001 -0.947969 -0.318362
-0.000000 -0.921461 -0.388471
0.055286 -0.921462 -0.384515
0.109445 -0.921462 -0.372734
0.089692 -0.947969 -0.305467
0.045308 -0.947969 -0.315122
0.045308 -0.947969 -0.315122
0.055286 -0.921462 -0.384515
0.109445 -0.921462 -0.372734
0.161376 -0.921461 -0.353366
0.132252 -0.947969 -0.289593
0.089692 -0.947969 -0.305467
0.089692 -0.947969 -0.305467
0.109445 -0.921462 -0.372734
0.161376 -0.921461 -0.353366
0.210023 -0.921461 -0.326801
0.172120 -0.947969 -0.267823
0.132252 -0.947969 -0.289593
0.132252 -0.947969 -0.289593
0.161376 -0.921461 -0.353366
0.210023 -0.921461 -0.326801
0.254395 -0.921460 -0.293588
0.208483 -0.947969 -0.240602
0.172120 -0.947969 -0.267823
0.172120 -0.947969 -0.267823
0.210023 -0.921461 -0.326801
0.254395 -0.921460 -0.293588
0.293587 -0.921461 -0.254395
0.240602 -0.947969 -0.208483
0.208483 -0.947969 -0.240602
0.208483 -0.947969 -0.240602
0.254395 -0.921460 -0.293588
0.293587 -0.921461 -0.254395
0.326802 -0.921462 -0.210021
0.267824 -0.947969 -0.172120
0.240602 -0.947969 -0.208483
0.240602 -0.947969 -0.208483
0.293587 -0.921461 -0.254395
0.326802 -0.921462 -0.210021
0.353365 -0.921461 -0.161376
0.289593 -0.947969 -0.132253
0.267824 -0.947969 -0.172120
0.267824 -0.947969 -0.172120
0.326802 -0.921462 -0.210021
0.353365 -0.921461 -0.161376
0.372734 -0.921461 -0.109445
0.305466 -0.947969 -0.089693
0.289593 -0.947969 -0.132253
0.289593 -0.947969 -0.132253
0.353365 -0.921461 -0.161376
0.372734 -0.921461 -0.109445
0.384515 -0.921462 -0.055285
0.315122 -0.947969 -0.045308
0.305466 -0.947969 -0.089693
0.305466 -0.947969 -0.089693
0.372734 -0.921461 -0.109445
0.384515 -0.921462 -0.055285
0.388471 -0.921461 -0.000001
0.318362 -0.947969 0.000000
0.315122 -0.947969 -0.045308
0.315122 -0.947969 -0.045308
0.384515 -0.921462 -0.055285
0.388471 -0.921461 -0.000001
0.384515 -0.921462 0.055286
0.315122 -0.947969 0.045308
0.318362 -0.947969 0.000000
0.318362 -0.947969 0.000000
0.388471 -0.921461 -0.000001
0.384515 -0.921462 0.055286
0.372733 -0.921462 0.109444
0.305467 -0.947969 0.089693
0.315122 -0.947969 0.045308
0.315122 -0.947969 0.045308
0.384515 -0.921462 0.055286
0.372733 -0.921462 0.109444
0.353364 -0.921462 0.161376
0.289593 -0.947969 0.132252
0.305467 -0.947969 0.089693
0.305467 -0.947969 0.089693
0.372733 -0.921462 0.109444
0.353364 -0.921462 0.161376
0.326803 -0.921461 0.210022
0.267823 -0.947969 0.172120
0.289593 -0.947969 0.132252
0.289593 -0.947969 0.132252
0.353364 -0.921462 0.161376
0.326803 -0.921461 0.210022
0.293586 -0.921461 0.254394
0.240602 -0.947969 0.208483
0.267823 -0.947969 0.172120
0.267823 -0.947969 0.172120
0.326803 -0.921461 0.210022
0.293586 -0.921461 0.254394
0.254393 -0.921462 0.293586
0.208483 -0.947969 0.240602
0.240602 -0.947969 0.208483
0.240602 -0.947969 0.208483
0.293586 -0.921461 0.254394
0.254393 -0.921462 0.293586
0.210021 -0.921462 0.326801
0.172121 -0.947969 0.267824
0.208483 -0.947969 0.240602
0.208483 -0.947969 0.240602
0.254393 -0.921462 0.293586
0.210021 -0.921462 0.326801
0.161379 -0.921461 0.353366
0.132252 -0.947969 0.289592
0.172121 -0.947969 0.267824
0.172121 -0.947969 0.267824
0.210021 -0.921462 0.326801
0.161379 -0.921461 0.353366
0.109445 -0.921461 0.372734
0.089692 -0.947969 0.305466
0.132252 -0.947969 0.289592
0.132252 -0.947969 0.289592
0.161379 -0.921461 0.353366
0.109445 -0.921461 0.372734
0.055285 -0.921462 0.384515
0.045308 -0.947969 0.315122
0.089692 -0.947969 0.305466
0.089692 -0.947969 0.305466
0.109445 -0.921461 0.372734
0.055285 -0.921462 0.384515
0.000000 -0.921461 0.388471
0.000001 -0.947969 0.318363
0.045308 -0.947969 0.315122
0.045308 -0.947969 0.315122
0.055285 -0.921462 0.384515
0.000000 -0.921461 0.388471
-0.055286 -0.921461 0.384516
-0.045308 -0.947969 0.315122
0.000001 -0.947969 0.318363
0.000001 -0.947969 0.318363
0.000000 -0.921461 0.388471
-0.055286 -0.921461 0.384516
-0.109445 -0.921461 0.372734
-0.089694 -0.947969 0.305466
-0.045308 -0.947969 0.315122
-0.045308 -0.947969 0.315122
-0.055286 -0.921461 0.384516
-0.109445 -0.921461 0.372734
-0.161376 -0.921462 0.353364
-0.132253 -0.947969 0.289594
-0.089694 -0.947969 0.305466
-0.089694 -0.947969 0.305466
-0.109445 -0.921461 0.372734
-0.161376 -0.921462 0.353364
-0.210022 -0.921462 0.326801
-0.172120 -0.947969 0.267824
-0.132253 -0.947969 0.289594
-0.132253 -0.947969 0.289594
-0.161376 -0.921462 0.353364
-0.210022 -0.921462 0.326801
-0.254393 -0.921462 0.293585
-0.208484 -0.947968 0.240605
-0.172120 -0.947969 0.267824
-0.172120 -0.947969 0.267824
-0.210022 -0.921462 0.326801
-0.254393 -0.921462 0.293585
-0.293585 -0.921461 0.254394
-0.240603 -0.947969 0.208484
-0.208484 -0.947968 0.240605
-0.208484 -0.947968 0.240605
-0.254393 -0.921462 0.293585
-0.293585 -0.921461 0.254394
-0.326802 -0.921461 0.210025
-0.267824 -0.947969 0.172120
-0.240603 -0.947969 0.208484
-0.240603 -0.947969 0.208484
-0.293585 -0.921461 0.254394
-0.326802 -0.921461 0.210025
-0.353366 -0.921461 0.161378
-0.289593 -0.947969 0.132252
-0.267824 -0.947969 0.172120
-0.267824 -0.947969 0.172120
-0.326802 -0.921461 0.210025
-0.353366 -0.921461 0.161378
-0.372734 -0.921461 0.109445
-0.305466 -0.947969 0.089693
-0.289593 -0.947969 0.132252
-0.289593 -0.947969 0.132252
-0.353366 -0.921461 0.161378
-0.372734 -0.921461 0.109445
-0.384516 -0.921462 0.055285
-0.315122 -0.947969 0.045308
-0.305466 -0.947969 0.089693
-0.305466 -0.947969 0.089693
-0.372734 -0.921461 0.109445
-0.384516 -0.921462 0.055285
-0.388471 -0.921461 0.000001
-0.318363 -0.947969 0.000000
-0.315122 -0.947969 0.045308
-0.315122 -0.947969 0.045308
-0.384516 -0.921462 0.055285
-0.388471 -0.921461 0.000001
-0.384515 -0.921462 -0.055285
-0.315122 -0.947969 -0.045308
-0.318363 -0.947969 0.000000
-0.318363 -0.947969 0.000000
-0.388471 -0.921461 0.000001
-0.384515 -0.921462 -0.055285
-0.372734 -0.921461 -0.109445
-0.305467 -0.947969 -0.089693
-0.315122 -0.947969 -0.045308
-0.315122 -0.947969 -0.045308
-0.384515 -0.921462 -0.055285
-0.372734 -0.921461 -0.109445
-0.353366 -0.921461 -0.161377
-0.289593 -0.947969 -0.132253
-0.305467 -0.947969 -0.089693
-0.305467 -0.947969 -0.089693
-0.372734 -0.921461 -0.109445
-0.353366 -0.921461 -0.161377
-0.326802 -0.921461 -0.210024
-0.267824 -0.947969 -0.172121
-0.289593 -0.947969 -0.132253
-0.289593 -0.947969 -0.132253
-0.353366 -0.921461 -0.161377
-0.326802 -0.921461 -0.210024
-0.293585 -0.921462 -0.254394
-0.240603 -0.947969 -0.208484
-0.267824 -0.947969 -0.172121
-0.267824 -0.947969 -0.172121
-0.326802 -0.921461 -0.210024
-0.293585 -0.921462 -0.254394
-0.254393 -0.921462 -0.293586
-0.208484 -0.947969 -0.240603
-0.240603 -0.947969 -0.208484
-0.240603 -0.947969 -0.208484
-0.293585 -0.921462 -0.254394
-0.254393 -0.921462 -0.293586
-0.210023 -0.921461 -0.326802
-0.172119 -0.947969 -0.267825
-0.208484 -0.947969 -0.240603
-0.208484 -0.947969 -0.240603
-0.254393 -0.921462 -0.293586
-0.210023 -0.921461 -0.326802
-0.161375 -0.921462 -0.353365
-0.132252 -0.947969 -0.289594
-0.172119 -0.947969 -0.267825
-0.172119 -0.947969 -0.267825
-0.210023 -0.921461 -0.326802
-0.161375 -0.921462 -0.353365
-0.109445 -0.921461 -0.372735
-0.089693 -0.947969 -0.305467
-0.132252 -0.947969 -0.289594
-0.132252 -0.947969 -0.289594
-0.161375 -0.921462 -0.353365
-0.109445 -0.921461 -0.372735
-0.055286 -0.921461 -0.384516
-0.045308 -0.947969 -0.315122
-0.089693 -0.947969 -0.305467
-0.089693 -0.947969 -0.305467
-0.109445 -0.921461 -0.372735
-0.055286 -0.921461 -0.384516
-0.000000 -0.921461 -0.388471
0.000001 -0.947969 -0.318362
-0.045308 -0.947969 -0.315122
-0.045308 -0.947969 -0.315122
-0.055286 -0.921461 -0.384516
-0.000000 -0.921461 -0.388471
0.067232 -0.881372 -0.467614
0.055286 -0.921462 -0.384515
-0.000000 -0.921461 -0.388471
-0.000000 -0.921461 -0.388471
0.000000 -0.881373 -0.472421
0.067232 -0.881372 -0.467614
0.133097 -0.881373 -0.453285
0.109445 -0.921462 -0.372734
0.055286 -0.921462 -0.384515
0.055286 -0.921462 -0.384515
0.067232 -0.881372 -0.467614
0.133097 -0.881373 -0.453285
0.196251 -0.881373 -0.429729
0.161376 -0.921461 -0.353366
0.109445 -0.921462 -0.372734
0.109445 -0.921462 -0.372734
0.133097 -0.881373 -0.453285
0.196251 -0.881373 -0.429729
0.255411 -0.881373 -0.397426
0.210023 -0.921461 -0.326801
0.161376 -0.921461 -0.353366
0.161376 -0.921461 -0.353366
0.196251 -0.881373 -0.429729
0.255411 -0.881373 -0.397426
0.309370 -0.881374 -0.357030
0.254395 -0.921460 -0.293588
0.210023 -0.921461 -0.326801
0.210023 -0.921461 -0.326801
0.255411 -0.881373 -0.397426
0.309370 -0.881374 -0.357030
0.357031 -0.881373 -0.309371
0.293587 -0.921461 -0.254395
0.254395 -0.921460 -0.293588
0.254395 -0.921460 -0.293588
0.309370 -0.881374 -0.357030
0.357031 -0.881373 -0.309371
0.397426 -0.881373 -0.255411
0.326802 -0.921462 -0.210021
0.293587 -0.921461 -0.254395
0.293587 -0.921461 -0.254395
0.357031 -0.881373 -0.309371
0.397426 -0.881373 -0.255411
0.429729 -0.881374 -0.196250
0.353365 -0.921461 -0.161376
0.326802 -0.921462 -0.210021
0.326802 -0.921462 -0.210021
0.397426 -0.881373 -0.255411
0.429729 -0.881374 -0.196250
0.453286 -0.881372 -0.133098
0.372734 -0.921461 -0.109445
0.353365 -0.921461 -0.161376
0.353365 -0.921461 -0.161376
0.429729 -0.881374 -0.196250
0.453286 -0.881372 -0.133098
0.467614 -0.881372 -0.067233
0.384515 -0.921462 -0.055285
0.372734 -0.921461 -0.109445
0.372734 -0.921461 -0.109445
0.453286 -0.881372 -0.133098
0.467614 -0.881372 -0.067233
0.472421 -0.881373 0.000001
0.388471 -0.921461 -0.000001
0.384515 -0.921462 -0.055285
0.384515 -0.921462 -0.055285
0.467614 -0.881372 -0.067233
0.472421 -0.881373 0.000001
0.467615 -0.881372 0.067232
0.384515 -0.921462 0.055286
0.388471 -0.921461 -0.000001
0.388471 -0.921461 -0.000001
0.472421 -0.881373 0.000001
0.467615 -0.881372 0.067232
0.453286 -0.881372 0.133097
0.372733 -0.921462 0.109444
0.384515 -0.921462 0.055286
0.384515 -0.921462 0.055286
0.467615 -0.881372 0.067232
0.453286 -0.881372 0.133097
0.429729 -0.881373 0.196251
0.353364 -0.921462 0.161376
0.372733 -0.921462 0.109444
0.372733 -0.921462 0.109444
0.453286 -0.881372 0.133097
0.429729 -0.881373 0.196251
0.397427 -0.881372 0.255410
0.326803 -0.921461 0.210022
0.353364 -0.921462 0.161376
0.353364 -0.921462 0.161376
0.429729 -0.881373 0.196251
0.397427 -0.881372 0.255410
0.357033 -0.881373 0.309370
0.293586 -0.921461 0.254394
0.326803 -0.921461 0.210022
0.326803 -0.921461 0.210022
0.397427 -0.881372 0.255410
0.357033 -0.881373 0.309370
0.309371 -0.881373 0.357032
0.254393 -0.921462 0.293586
0.293586 -0.921461 0.254394
0.293586 -0.921461 0.254394
0.357033 -0.881373 0.309370
0.309371 -0.881373 0.357032
0.255409 -0.881373 0.397426
0.210021 -0.921462 0.326801
0.254393 -0.921462 0.293586
0.254393 -0.921462 0.293586
0.309371 -0.881373 0.357032
0.255409 -0.881373 0.397426
0.196250 -0.881373 0.429729
0.161379 -0.921461 0.353366
0.210021 -0.921462 0.326801
0.210021 -0.921462 0.326801
0.255409 -0.881373 0.397426
0.196250 -0.881373 0.429729
0.133098 -0.881372 0.453286
0.109445 -0.921461 0.372734
0.161379 -0.921461 0.353366
0.161379 -0.921461 0.353366
0.196250 -0.881373 0.429729
0.133098 -0.881372 0.453286
0.067233 -0.881372 0.467615
0.055285 -0.921462 0.384515
0.109445 -0.921461 0.372734
0.109445 -0.921461 0.372734
0.133098 -0.881372 0.453286
0.067233 -0.881372 0.467615
-0.000000 -0.881372 0.472422
0.000000 -0.921461 0.388471
0.055285 -0.921462 0.384515
0.055285 -0.921462 0.384515
0.067233 -0.881372 0.467615
-0.000000 -0.881372 0.472422
-0.067233 -0.881372 0.467615
-0.055286 -0.921461 0.384516
0.000000 -0.921461 0.388471
0.000000 -0.921461 0.388471
-0.000000 -0.881372 0.472422
-0.067233 -0.881372 0.467615
-0.133097 -0.881372 0.453286
-0.109445 -0.921461 0.372734
-0.055286 -0.921461 0.384516
-0.055286 -0.921461 0.384516
-0.067233 -0.881372 0.467615
-0.133097 -0.881372 0.453286
-0.196250 -0.881373 0.429731
-0.161376 -0.921462 0.353364
-0.109445 -0.921461 0.372734
-0.109445 -0.921461 0.372734
-0.133097 -0.881372 0.453286
-0.196250 -0.881373 0.429731
-0.255409 -0.881374 0.397424
-0.210022 -0.921462 0.326801
-0.161376 -0.921462 0.353364
-0.161376 -0.921462 0.353364
-0.196250 -0.881373 0.429731
-0.255409 -0.881374 0.397424
-0.309369 -0.881373 0.357032
-0.254393 -0.921462 0.293585
-0.210022 -0.921462 0.326801
-0.210022 -0.921462 0.326801
-0.255409 -0.881374 0.397424
-0.309369 -0.881373 0.357032
-0.357031 -0.881374 0.309369
-0.293585 -0.921461 0.254394
-0.254393 -0.921462 0.293585
-0.254393 -0.921462 0.293585
-0.309369 -0.881373 0.357032
-0.357031 -0.881374 0.309369
-0.397425 -0.881373 0.255410
-0.326802 -0.921461 0.210025
-0.293585 -0.921461 0.254394
-0.293585 -0.921461 0.254394
-0.357031 -0.881374 0.309369
-0.397425 -0.881373 0.255410
-0.429730 -0.881373 0.196252
-0.353366 -0.921461 0.161378
-0.326802 -0.921461 0.210025
-0.326802 -0.921461 0.210025
-0.397425 -0.881373 0.255410
-0.429730 -0.881373 0.196252
-0.453286 -0.881372 0.133097
-0.372734 -0.921461 0.109445
-0.353366 -0.921461 0.161378
-0.353366 -0.921461 0.161378
-0.429730 -0.881373 0.196252
-0.453286 -0.881372 0.133097
-0.467614 -0.881372 0.067233
-0.384516 -0.921462 0.055285
-0.372734 -0.921461 0.109445
-0.372734 -0.921461 0.109445
-0.453286 -0.881372 0.133097
-0.467614 -0.881372 0.067233
-0.472421 -0.881373 -0.000000
-0.388471 -0.921461 0.000001
-0.384516 -0.921462 0.055285
-0.384516 -0.921462 0.055285
-0.467614 -0.881372 0.067233
-0.472421 -0.881373 -0.000000
-0.467614 -0.881372 -0.067233
-0.384515 -0.921462 -0.055285
-0.388471 -0.921461 0.000001
-0.388471 -0.921461 0.000001
-0.472421 -0.881373 -0.000000
-0.467614 -0.881372 -0.067233
-0.453285 -0.881373 -0.133097
-0.372734 -0.921461 -0.109445
-0.384515 -0.921462 -0.055285
-0.384515 -0.921462 -0.055285
-0.467614 -0.881372 -0.067233
-0.453285 -0.881373 -0.133097
-0.429728 -0.881373 -0.196251
-0.353366 -0.921461 -0.161377
-0.372734 -0.921461 -0.109445
-0.372734 -0.921461 -0.109445
-0.453285 -0.881373 -0.133097
-0.429728 -0.881373 -0.196251
-0.397426 -0.881373 -0.255410
-0.326802 -0.921461 -0.210024
-0.353366 -0.921461 -0.161377
-0.353366 -0.921461 -0.161377
-0.429728 -0.881373 -0.196251
-0.397426 -0.881373 -0.255410
-0.357032 -0.881373 -0.309369
-0.293585 -0.921462 -0.254394
-0.326802 -0.921461 -0.210024
-0.326802 -0.921461 -0.210024
-0.397426 -0.881373 -0.255410
-0.357032 -0.881373 -0.309369
-0.309369 -0.881374 -0.357031
-0.254393 -0.921462 -0.293586
-0.293585 -0.921462 -0.254394
-0.293585 -0.921462 -0.254394
-0.357032 -0.881373 -0.309369
-0.309369 -0.881374 -0.357031
-0.255408 -0.881374 -0.397424
-0.210023 -0.921461 -0.326802
-0.254393 -0.921462 -0.293586
-0.254393 -0.921462 -0.293586
-0.309369 -0.881374 -0.357031
-0.255408 -0.881374 -0.397424
-0.196248 -0.881375 -0.429727
-0.161375 -0.921462 -0.353365
-0.210023 -0.921461 -0.326802
-0.210023 -0.921461 -0.326802
-0.255408 -0.881374 -0.397424
-0.196248 -0.881375 -0.429727
-0.133095 -0.881375 -0.453282
-0.109445 -0.921461 -0.372735
-0.161375 -0.921462 -0.353365
-0.161375 -0.921462 -0.353365
-0.196248 -0.881375 -0.429727
-0.133095 -0.881375 -0.453282
-0.067232 -0.881374 -0.467610
-0.055286 -0.921461 -0.384516
-0.109445 -0.921461 -0.372735
-0.109445 -0.921461 -0.372735
-0.133095 -0.881375 -0.453282
-0.067232 -0.881374 -0.467610
0.000000 -0.881373 -0.472421
-0.000000 -0.921461 -0.388471
-0.055286 -0.921461 -0.384516
-0.055286 -0.921461 -0.384516
-0.067232 -0.881374 -0.467610
0.000000 -0.881373 -0.472421
0.081711 -0.818751 -0.568305
0.067232 -0.881372 -0.467614
0.000000 -0.881373 -0.472421
0.000000 -0.881373 -0.472421
0.000001 -0.818750 -0.574151
0.081711 -0.818751 -0.568305
0.161756 -0.818750 -0.550893
0.133097 -0.881373 -0.453285
0.067232 -0.881372 -0.467614
0.067232 -0.881372 -0.467614
0.081711 -0.818751 -0.568305
0.161756 -0.818750 -0.550893
0.238509 -0.818753 -0.522262
0.196251 -0.881373 -0.429729
0.133097 -0.881373 -0.453285
0.133097 -0.881373 -0.453285
0.161756 -0.818750 -0.550893
0.238509 -0.818753 -0.522262
0.310409 -0.818749 -0.483007
0.255411 -0.881373 -0.397426
0.196251 -0.881373 -0.429729
0.196251 -0.881373 -0.429729
0.238509 -0.818753 -0.522262
0.310409 -0.818749 -0.483007
0.375988 -0.818751 -0.433913
0.309370 -0.881374 -0.357030
0.255411 -0.881373 -0.397426
0.255411 -0.881373 -0.397426
0.310409 -0.818749 -0.483007
0.375988 -0.818751 -0.433913
0.433910 -0.818753 -0.375985
0.357031 -0.881373 -0.309371
0.309370 -0.881374 -0.357030
0.309370 -0.881374 -0.357030
0.375988 -0.818751 -0.433913
0.433910 -0.818753 -0.375985
0.483005 -0.818750 -0.310410
0.397426 -0.881373 -0.255411
0.357031 -0.881373 -0.309371
0.357031 -0.881373 -0.309371
0.433910 -0.818753 -0.375985
0.483005 -0.818750 -0.310410
0.522263 -0.818752 -0.238508
0.429729 -0.881374 -0.196250
0.397426 -0.881373 -0.255411
0.397426 -0.881373 -0.255411
0.483005 -0.818750 -0.310410
0.522263 -0.818752 -0.238508
0.550893 -0.818750 -0.161757
0.453286 -0.881372 -0.133098
0.429729 -0.881374 -0.196250
0.429729 -0.881374 -0.196250
0.522263 -0.818752 -0.238508
0.550893 -0.818750 -0.161757
0.568306 -0.818750 -0.081710
0.467614 -0.881372 -0.067233
0.453286 -0.881372 -0.133098
0.453286 -0.881372 -0.133098
0.550893 -0.818750 -0.161757
0.568306 -0.818750 -0.081710
0.574151 -0.818749 -0.000000
0.472421 -0.881373 0.000001
0.467614 -0.881372 -0.067233
0.467614 -0.881372 -0.067233
0.568306 -0.818750 -0.081710
0.574151 -0.818749 -0.000000
0.568306 -0.818750 0.081711
0.467615 -0.881372 0.067232
0.472421 -0.881373 0.000001
0.472421 -0.881373 0.000001
0.574151 -0.818749 -0.000000
0.568306 -0.818750 0.081711
0.550894 -0.818750 0.161756
0.453286 -0.881372 0.133097
0.467615 -0.881372 0.067232
0.467615 -0.881372 0.067232
0.568306 -0.818750 0.081711
0.550894 -0.818750 0.161756
0.522264 -0.818751 0.238510
0.429729 -0.881373 0.196251
0.453286 -0.881372 0.133097
0.453286 -0.881372 0.133097
0.550894 -0.818750 0.161756
0.522264 -0.818751 0.238510
0.483005 -0.818751 0.310408
0.397427 -0.881372 0.255410
0.429729 -0.881373 0.196251
0.429729 -0.881373 0.196251
0.522264 -0.818751 0.238510
0.483005 -0.818751 0.310408
0.433913 -0.818751 0.375987
0.357033 -0.881373 0.309370
0.397427 -0.881372 0.255410
0.397427 -0.881372 0.255410
0.483005 -0.818751 0.310408
0.433913 -0.818751 0.375987
0.375989 -0.818749 0.433915
0.309371 -0.881373 0.357032
0.357033 -0.881373 0.309370
0.357033 -0.881373 0.309370
0.433913 -0.818751 0.375987
0.375989 -0.818749 0.433915
0.310410 -0.818749 0.483007
0.255409 -0.881373 0.397426
0.309371 -0.881373 0.357032
0.309371 -0.881373 0.357032
0.375989 -0.818749 0.433915
0.310410 -0.818749 0.483007
0.238510 -0.818750 0.522265
0.196250 -0.881373 0.429729
0.255409 -0.881373 0.397426
0.255409 -0.881373 0.397426
0.310410 -0.818749 0.483007
0.238510 -0.818750 0.522265
0.161758 -0.818749 0.550894
0.133098 -0.881372 0.453286
0.196250 -0.881373 0.429729
0.196250 -0.881373 0.429729
0.238510 -0.818750 0.522265
0.161758 -0.818749 0.550894
0.081711 -0.818750 0.568307
0.067233 -0.881372 0.467615
0.133098 -0.881372 0.453286
0.133098 -0.881372 0.453286
0.161758 -0.818749 0.550894
0.081711 -0.818750 0.568307
0.000000 -0.818750 0.574151
-0.000000 -0.881372 0.472422
0.067233 -0.881372 0.467615
0.067233 -0.881372 0.467615
0.081711 -0.818750 0.568307
0.000000 -0.818750 0.574151
-0.081710 -0.818750 0.568306
-0.067233 -0.881372 0.467615
-0.000000 -0.881372 0.472422
-0.000000 -0.881372 0.472422
0.000000 -0.818750 0.574151
-0.081710 -0.818750 0.568306
-0.161756 -0.818752 0.550890
-0.133097 -0.881372 0.453286
-0.067233 -0.881372 0.467615
-0.067233 -0.881372 0.467615
-0.081710 -0.818750 0.568306
-0.161756 -0.818752 0.550890
-0.238508 -0.818752 0.522264
-0.196250 -0.881373 0.429731
-0.133097 -0.881372 0.453286
-0.133097 -0.881372 0.453286
-0.161756 -0.818752 0.550890
-0.238508 -0.818752 0.522264
-0.310407 -0.818751 0.483006
-0.255409 -0.881374 0.397424
-0.196250 -0.881373 0.429731
-0.196250 -0.881373 0.429731
-0.238508 -0.818752 0.522264
-0.310407 -0.818751 0.483006
-0.375987 -0.818752 0.433912
-0.309369 -0.881373 0.357032
-0.255409 -0.881374 0.397424
-0.255409 -0.881374 0.397424
-0.310407 -0.818751 0.483006
-0.375987 -0.818752 0.433912
-0.433913 -0.818751 0.375988
-0.357031 -0.881374 0.309369
-0.309369 -0.881373 0.357032
-0.309369 -0.881373 0.357032
-0.375987 -0.818752 0.433912
-0.433913 -0.818751 0.375988
-0.483005 -0.818751 0.310409
-0.397425 -0.881373 0.255410
-0.357031 -0.881374 0.309369
-0.357031 -0.881374 0.309369
-0.433913 -0.818751 0.375988
-0.483005 -0.818751 0.310409
-0.522265 -0.818751 0.238510
-0.429730 -0.881373 0.196252
-0.397425 -0.881373 0.255410
-0.397425 -0.881373 0.255410
-0.483005 -0.818751 0.310409
-0.522265 -0.818751 0.238510
-0.550893 -0.818750 0.161758
-0.453286 -0.881372 0.133097
-0.429730 -0.881373 0.196252
-0.429730 -0.881373 0.196252
-0.522265 -0.818751 0.238510
-0.550893 -0.818750 0.161758
-0.568305 -0.818751 0.081710
-0.467614 -0.881372 0.067233
-0.453286 -0.881372 0.133097
-0.453286 -0.881372 0.133097
-0.550893 -0.818750 0.161758
-0.568305 -0.818751 0.081710
-0.574150 -0.818750 0.000000
-0.472421 -0.881373 -0.000000
-0.467614 -0.881372 0.067233
-0.467614 -0.881372 0.067233
-0.568305 -0.818751 0.081710
-0.574150 -0.818750 0.000000
-0.568305 -0.818751 -0.081710
-0.467614 -0.881372 -0.067233
-0.472421 -0.881373 -0.000000
-0.472421 -0.881373 -0.000000
-0.574150 -0.818750 0.000000
-0.568305 -0.818751 -0.081710
-0.550894 -0.818750 -0.161757
-0.453285 -0.881373 -0.133097
-0.467614 -0.881372 -0.067233
-0.467614 -0.881372 -0.067233
-0.568305 -0.818751 -0.081710
-0.550894 -0.818750 -0.161757
-0.522265 -0.818750 -0.238511
-0.429728 -0.881373 -0.196251
-0.453285 -0.881373 -0.133097
-0.453285 -0.881373 -0.133097
-0.550894 -0.818750 -0.161757
-0.522265 -0.818750 -0.238511
-0.483004 -0.818751 -0.310409
-0.397426 -0.881373 -0.255410
-0.429728 -0.881373 -0.196251
-0.429728 -0.881373 -0.196251
-0.522265 -0.818750 -0.238511
-0.483004 -0.818751 -0.310409
-0.433912 -0.818751 -0.375988
-0.357032 -0.881373 -0.309369
-0.397426 -0.881373 -0.255410
-0.397426 -0.881373 -0.255410
-0.483004 -0.818751 -0.310409
-0.433912 -0.818751 -0.375988
-0.375989 -0.818749 -0.433914
-0.309369 -0.881374 -0.357031
-0.357032 -0.881373 -0.309369
-0.357032 -0.881373 -0.309369
-0.433912 -0.818751 -0.375988
-0.375989 -0.818749 -0.433914
-0.310408 -0.818751 -0.483005
-0.255408 -0.881374 -0.397424
-0.309369 -0.881374 -0.357031
-0.309369 -0.881374 -0.357031
-0.375989 -0.818749 -0.433914
-0.310408 -0.818751 -0.483005
-0.238510 -0.818750 -0.522265
-0.196248 -0.881375 -0.429727
-0.255408 -0.881374 -0.397424
-0.255408 -0.881374 -0.397424
-0.310408 -0.818751 -0.483005
-0.238510 -0.818750 -0.522265
-0.161755 -0.818752 -0.550891
-0.133095 -0.881375 -0.453282
-0.196248 -0.881375 -0.429727
-0.196248 -0.881375 -0.429727
-0.238510 -0.818750 -0.522265
-0.161755 -0.818752 -0.550891
-0.081710 -0.818749 -0.568308
-0.067232 -0.881374 -0.467610
-0.133095 -0.881375 -0.453282
-0.133095 -0.881375 -0.453282
-0.161755 -0.818752 -0.550891
-0.081710 -0.818749 -0.568308
0.000001 -0.818750 -0.574151
0.000000 -0.881373 -0.472421
-0.067232 -0.881374 -0.467610
-0.067232 -0.881374 -0.467610
-0.081710 -0.818749 -0.568308
0.000001 -0.818750 -0.574151
0.099031 -0.718184 -0.688771
0.081711 -0.818751 -0.568305
0.000001 -0.818750 -0.574151
0.000001 -0.818750 -0.574151
-0.000000 -0.718181 -0.695857
0.099031 -0.718184 -0.688771
0.196045 -0.718184 -0.667667
0.161756 -0.818750 -0.550893
0.081711 -0.818751 -0.568305
0.081711 -0.818751 -0.568305
0.099031 -0.718184 -0.688771
0.196045 -0.718184 -0.667667
0.289068 -0.718181 -0.632973
0.238509 -0.818753 -0.522262
0.161756 -0.818750 -0.550893
0.161756 -0.818750 -0.550893
0.196045 -0.718184 -0.667667
0.289068 -0.718181 -0.632973
0.376209 -0.718183 -0.585389
0.310409 -0.818749 -0.483007
0.238509 -0.818753 -0.522262
0.238509 -0.818753 -0.522262
0.289068 -0.718181 -0.632973
0.376209 -0.718183 -0.585389
0.455691 -0.718178 -0.525896
0.375988 -0.818751 -0.433913
0.310409 -0.818749 -0.483007
0.310409 -0.818749 -0.483007
0.376209 -0.718183 -0.585389
0.455691 -0.718178 -0.525896
0.525895 -0.718178 -0.455692
0.433910 -0.818753 -0.375985
0.375988 -0.818751 -0.433913
0.375988 -0.818751 -0.433913
0.455691 -0.718178 -0.525896
0.525895 -0.718178 -0.455692
0.585391 -0.718182 -0.376208
0.483005 -0.818750 -0.310410
0.433910 -0.818753 -0.375985
0.433910 -0.818753 -0.375985
0.525895 -0.718178 -0.455692
0.585391 -0.718182 -0.376208
0.632973 -0.718182 -0.289068
0.522263 -0.818752 -0.238508
0.483005 -0.818750 -0.310410
0.483005 -0.818750 -0.310410
0.585391 -0.718182 -0.376208
0.632973 -0.718182 -0.289068
0.667666 -0.718185 -0.196044
0.550893 -0.818750 -0.161757
0.522263 -0.818752 -0.238508
0.522263 -0.818752 -0.238508
0.632973 -0.718182 -0.289068
0.667666 -0.718185 -0.196044
0.688771 -0.718184 -0.099030
0.568306 -0.818750 -0.081710
0.550893 -0.818750 -0.161757
0.550893 -0.818750 -0.161757
0.667666 -0.718185 -0.196044
0.688771 -0.718184 -0.099030
0.695857 -0.718180 -0.000001
0.574151 -0.818749 -0.000000
0.568306 -0.818750 -0.081710
0.568306 -0.818750 -0.081710
0.688771 -0.718184 -0.099030
0.695857 -0.718180 -0.000001
0.688771 -0.718184 0.099030
0.568306 -0.818750 0.081711
0.574151 -0.818749 -0.000000
0.574151 -0.818749 -0.000000
0.695857 -0.718180 -0.000001
0.688771 -0.718184 0.099030
0.667666 -0.718184 0.196044
0.550894 -0.818750 0.161756
0.568306 -0.818750 0.081711
0.568306 -0.818750 0.081711
0.688771 -0.718184 0.099030
0.667666 -0.718184 0.196044
0.632973 -0.718181 0.289068
0.522264 -0.818751 0.238510
0.550894 -0.818750 0.161756
0.550894 -0.818750 0.161756
0.667666 -0.718184 0.196044
0.632973 -0.718181 0.289068
0.585389 -0.718183 0.376208
0.483005 -0.818751 0.310408
0.522264 -0.818751 0.238510
0.522264 -0.818751 0.238510
0.632973 -0.718181 0.289068
0.585389 -0.718183 0.376208
0.525892 -0.718182 0.455689
0.433913 -0.818751 0.375987
0.483005 -0.818751 0.310408
0.483005 -0.818751 0.310408
0.585389 -0.718183 0.376208
0.525892 -0.718182 0.455689
0.455690 -0.718178 0.525896
0.375989 -0.818749 0.433915
0.433913 -0.818751 0.375987
0.433913 -0.818751 0.375987
0.525892 -0.718182 0.455689
0.455690 -0.718178 0.525896
0.376210 -0.718177 0.585395
0.310410 -0.818749 0.483007
0.375989 -0.818749 0.433915
0.375989 -0.818749 0.433915
0.455690 -0.718178 0.525896
0.376210 -0.718177 0.585395
0.289071 -0.718176 0.632977
0.238510 -0.818750 0.522265
0.310410 -0.818749 0.483007
0.310410 -0.818749 0.483007
0.376210 -0.718177 0.585395
0.289071 -0.718176 0.632977
0.196047 -0.718179 0.667671
0.161758 -0.818749 0.550894
0.238510 -0.818750 0.522265
0.238510 -0.818750 0.522265
0.289071 -0.718176 0.632977
0.196047 -0.718179 0.667671
0.099031 -0.718183 0.688772
0.081711 -0.818750 0.568307
0.161758 -0.818749 0.550894
0.161758 -0.818749 0.550894
0.196047 -0.718179 0.667671
0.099031 -0.718183 0.688772
0.000001 -0.718181 0.695856
0.000000 -0.818750 0.574151
0.081711 -0.818750 0.568307
0.081711 -0.818750 0.568307
0.099031 -0.718183 0.688772
0.000001 -0.718181 0.695856
-0.099030 -0.718182 0.688772
-0.081710 -0.818750 0.568306
0.000000 -0.818750 0.574151
0.000000 -0.818750 0.574151
0.000001 -0.718181 0.695856
-0.099030 -0.718182 0.688772
-0.196044 -0.718181 0.667670
-0.161756 -0.818752 0.550890
-0.081710 -0.818750 0.568306
-0.081710 -0.818750 0.568306
-0.099030 -0.718182 0.688772
-0.196044 -0.718181 0.667670
-0.289069 -0.718180 0.632974
-0.238508 -0.818752 0.522264
-0.161756 -0.818752 0.550890
-0.161756 -0.818752 0.550890
-0.196044 -0.718181 0.667670
-0.289069 -0.718180 0.632974
-0.376209 -0.718178 0.585395
-0.310407 -0.818751 0.483006
-0.238508 -0.818752 0.522264
-0.238508 -0.818752 0.522264
-0.289069 -0.718180 0.632974
-0.376209 -0.718178 0.585395
-0.455690 -0.718178 0.525896
-0.375987 -0.818752 0.433912
-0.310407 -0.818751 0.483006
-0.310407 -0.818751 0.483006
-0.376209 -0.718178 0.585395
-0.455690 -0.718178 0.525896
-0.525894 -0.718181 0.455688
-0.433913 -0.818751 0.375988
-0.375987 -0.818752 0.433912
-0.375987 -0.818752 0.433912
-0.455690 -0.718178 0.525896
-0.525894 -0.718181 0.455688
-0.585395 -0.718178 0.376210
-0.483005 -0.818751 0.310409
-0.433913 -0.818751 0.375988
-0.433913 -0.818751 0.375988
-0.525894 -0.718181 0.455688
-0.585395 -0.718178 0.376210
-0.632975 -0.718179 0.289070
-0.522265 -0.818751 0.238510
-0.483005 -0.818751 0.310409
-0.483005 -0.818751 0.310409
-0.585395 -0.718178 0.376210
-0.632975 -0.718179 0.289070
-0.667670 -0.718179 0.196047
-0.550893 -0.818750 0.161758
-0.522265 -0.818751 0.238510
-0.522265 -0.818751 0.238510
-0.632975 -0.718179 0.289070
-0.667670 -0.718179 0.196047
-0.688773 -0.718182 0.099031
-0.568305 -0.818751 0.081710
-0.550893 -0.818750 0.161758
-0.550893 -0.818750 0.161758
-0.667670 -0.718179 0.196047
-0.688773 -0.718182 0.099031
-0.695857 -0.718181 0.000000
-0.574150 -0.818750 0.000000
-0.568305 -0.818751 0.081710
-0.568305 -0.818751 0.081710
-0.688773 -0.718182 0.099031
-0.695857 -0.718181 0.000000
-0.688773 -0.718181 -0.099032
-0.568305 -0.818751 -0.081710
-0.574150 -0.818750 0.000000
-0.574150 -0.818750 0.000000
-0.695857 -0.718181 0.000000
-0.688773 -0.718181 -0.099032
-0.667671 -0.718179 -0.196047
-0.550894 -0.818750 -0.161757
-0.568305 -0.818751 -0.081710
-0.568305 -0.818751 -0.081710
-0.688773 -0.718181 -0.099032
-0.667671 -0.718179 -0.196047
-0.632976 -0.718177 -0.289071
-0.522265 -0.818750 -0.238511
-0.550894 -0.818750 -0.161757
-0.550894 -0.818750 -0.161757
-0.667671 -0.718179 -0.196047
-0.632976 -0.718177 -0.289071
-0.585395 -0.718178 -0.376209
-0.483004 -0.818751 -0.310409
-0.522265 -0.818750 -0.238511
-0.522265 -0.818750 -0.238511
-0.632976 -0.718177 -0.289071
-0.585395 -0.718178 -0.376209
-0.525892 -0.718181 -0.455690
-0.433912 -0.818751 -0.375988
-0.483004 -0.818751 -0.310409
-0.483004 -0.818751 -0.310409
-0.585395 -0.718178 -0.376209
-0.525892 -0.718181 -0.455690
-0.455690 -0.718179 -0.525895
-0.375989 -0.818749 -0.433914
-0.433912 -0.818751 -0.375988
-0.433912 -0.818751 -0.375988
-0.525892 -0.718181 -0.455690
-0.455690 -0.718179 -0.525895
-0.376210 -0.718178 -0.585395
-0.310408 -0.818751 -0.483005
-0.375989 -0.818749 -0.433914
-0.375989 -0.818749 -0.433914
-0.455690 -0.718179 -0.525895
-0.376210 -0.718178 -0.585395
-0.289071 -0.718176 -0.632978
-0.238510 -0.818750 -0.522265
-0.310408 -0.818751 -0.483005
-0.310408 -0.818751 -0.483005
-0.376210 -0.718178 -0.585395
-0.289071 -0.718176 -0.632978
-0.196045 -0.718178 -0.667673
-0.161755 -0.818752 -0.550891
-0.238510 -0.818750 -0.522265
-0.238510 -0.818750 -0.522265
-0.289071 -0.718176 -0.632978
-0.196045 -0.718178 -0.667673
-0.099029 -0.718180 -0.688775
-0.081710 -0.818749 -0.568308
-0.161755 -0.818752 -0.550891
-0.161755 -0.818752 -0.550891
-0.196045 -0.718178 -0.667673
-0.099029 -0.718180 -0.688775
-0.000000 -0.718181 -0.695857
0.000001 -0.818750 -0.574151
-0.081710 -0.818749 -0.568308
-0.081710 -0.818749 -0.568308
-0.099029 -0.718180 -0.688775
-0.000000 -0.718181 -0.695857
0.107561 -0.654796 -0.748113
0.099031 -0.718184 -0.688771
-0.000000 -0.718181 -0.695857
-0.000000 -0.718181 -0.695857
-0.000000 -0.654796 -0.755806
0.107561 -0.654796 -0.748113
0.212935 -0.654797 -0.725189
0.196045 -0.718184 -0.667667
0.099031 -0.718184 -0.688771
0.099031 -0.718184 -0.688771
0.107561 -0.654796 -0.748113
0.212935 -0.654797 -0.725189
0.313974 -0.654789 -0.687511
0.289068 -0.718181 -0.632973
0.196045 -0.718184 -0.667667
0.196045 -0.718184 -0.667667
0.212935 -0.654797 -0.725189
0.313974 -0.654789 -0.687511
0.408623 -0.654795 -0.635823
0.376209 -0.718183 -0.585389
0.289068 -0.718181 -0.632973
0.289068 -0.718181 -0.632973
0.313974 -0.654789 -0.687511
0.408623 -0.654795 -0.635823
0.494952 -0.654790 -0.571203
0.455691 -0.718178 -0.525896
0.376209 -0.718183 -0.585389
0.376209 -0.718183 -0.585389
0.408623 -0.654795 -0.635823
0.494952 -0.654790 -0.571203
0.571207 -0.654782 -0.494958
0.525895 -0.718178 -0.455692
0.455691 -0.718178 -0.525896
0.455691 -0.718178 -0.525896
0.494952 -0.654790 -0.571203
0.571207 -0.654782 -0.494958
0.635827 -0.654793 -0.408621
0.585391 -0.718182 -0.376208
0.525895 -0.718178 -0.455692
0.525895 -0.718178 -0.455692
0.571207 -0.654782 -0.494958
0.635827 -0.654793 -0.408621
0.687509 -0.654790 -0.313977
0.632973 -0.718182 -0.289068
0.585391 -0.718182 -0.376208
0.585391 -0.718182 -0.376208
0.635827 -0.654793 -0.408621
0.687509 -0.654790 -0.313977
0.725189 -0.654798 -0.212933
0.667666 -0.718185 -0.196044
0.632973 -0.718182 -0.289068
0.632973 -0.718182 -0.289068
0.687509 -0.654790 -0.313977
0.725189 -0.654798 -0.212933
0.748113 -0.654795 -0.107562
0.688771 -0.718184 -0.099030
0.667666 -0.718185 -0.196044
0.667666 -0.718185 -0.196044
0.725189 -0.654798 -0.212933
0.748113 -0.654795 -0.107562
0.755807 -0.654794 -0.000000
0.695857 -0.718180 -0.000001
0.688771 -0.718184 -0.099030
0.688771 -0.718184 -0.099030
0.748113 -0.654795 -0.107562
0.755807 -0.654794 -0.000000
0.748112 -0.654797 0.107562
0.688771 -0.718184 0.099030
0.695857 -0.718180 -0.000001
0.695857 -0.718180 -0.000001
0.755807 -0.654794 -0.000000
0.748112 -0.654797 0.107562
0.725188 -0.654799 0.212935
0.667666 -0.718184 0.196044
0.688771 -0.718184 0.099030
0.688771 -0.718184 0.099030
0.748112 -0.654797 0.107562
0.725188 -0.654799 0.212935
0.687510 -0.654790 0.313975
0.632973 -0.718181 0.289068
0.667666 -0.718184 0.196044
0.667666 -0.718184 0.196044
0.725188 -0.654799 0.212935
0.687510 -0.654790 0.313975
0.635826 -0.654793 0.408621
0.585389 -0.718183 0.376208
0.632973 -0.718181 0.289068
0.632973 -0.718181 0.289068
0.687510 -0.654790 0.313975
0.635826 -0.654793 0.408621
0.571202 -0.654792 0.494951
0.525892 -0.718182 0.455689
0.585389 -0.718183 0.376208
0.585389 -0.718183 0.376208
0.635826 -0.654793 0.408621
0.571202 -0.654792 0.494951
0.494950 -0.654789 0.571206
0.455690 -0.718178 0.525896
0.525892 -0.718182 0.455689
0.525892 -0.718182 0.455689
0.571202 -0.654792 0.494951
0.494950 -0.654789 0.571206
0.408625 -0.654785 0.635832
0.376210 -0.718177 0.585395
0.455690 -0.718178 0.525896
0.455690 -0.718178 0.525896
0.494950 -0.654789 0.571206
0.408625 -0.654785 0.635832
0.313978 -0.654783 0.687515
0.289071 -0.718176 0.632977
0.376210 -0.718177 0.585395
0.376210 -0.718177 0.585395
0.408625 -0.654785 0.635832
0.313978 -0.654783 0.687515
0.212939 -0.654788 0.725196
0.196047 -0.718179 0.667671
0.289071 -0.718176 0.632977
0.289071 -0.718176 0.632977
0.313978 -0.654783 0.687515
0.212939 -0.654788 0.725196
0.107563 -0.654794 0.748114
0.099031 -0.718183 0.688772
0.196047 -0.718179 0.667671
0.196047 -0.718179 0.667671
0.212939 -0.654788 0.725196
0.107563 -0.654794 0.748114
0.000000 -0.654794 0.755808
0.000001 -0.718181 0.695856
0.099031 -0.718183 0.688772
0.099031 -0.718183 0.688772
0.107563 -0.654794 0.748114
0.000000 -0.654794 0.755808
-0.107562 -0.654794 0.748114
-0.099030 -0.718182 0.688772
0.000001 -0.718181 0.695856
0.000001 -0.718181 0.695856
0.000000 -0.654794 0.755808
-0.107562 -0.654794 0.748114
-0.212936 -0.654786 0.725199
-0.196044 -0.718181 0.667670
-0.099030 -0.718182 0.688772
-0.099030 -0.718182 0.688772
-0.107562 -0.654794 0.748114
-0.212936 -0.654786 0.725199
-0.313976 -0.654784 0.687515
-0.289069 -0.718180 0.632974
-0.196044 -0.718181 0.667670
-0.196044 -0.718181 0.667670
-0.212936 -0.654786 0.725199
-0.313976 -0.654784 0.687515
-0.408624 -0.654786 0.635832
-0.376209 -0.718178 0.585395
-0.289069 -0.718180 0.632974
-0.289069 -0.718180 0.632974
-0.313976 -0.654784 0.687515
-0.408624 -0.654786 0.635832
-0.494953 -0.654783 0.571210
-0.455690 -0.718178 0.525896
-0.376209 -0.718178 0.585395
-0.376209 -0.718178 0.585395
-0.408624 -0.654786 0.635832
-0.494953 -0.654783 0.571210
-0.571205 -0.654790 0.494950
-0.525894 -0.718181 0.455688
-0.455690 -0.718178 0.525896
-0.455690 -0.718178 0.525896
-0.494953 -0.654783 0.571210
-0.571205 -0.654790 0.494950
-0.635832 -0.654785 0.408624
-0.585395 -0.718178 0.376210
-0.525894 -0.718181 0.455688
-0.525894 -0.718181 0.455688
-0.571205 -0.654790 0.494950
-0.635832 -0.654785 0.408624
-0.687512 -0.654787 0.313976
-0.632975 -0.718179 0.289070
-0.585395 -0.718178 0.376210
-0.585395 -0.718178 0.376210
-0.635832 -0.654785 0.408624
-0.687512 -0.654787 0.313976
-0.725195 -0.654789 0.212938
-0.667670 -0.718179 0.196047
-0.632975 -0.718179 0.289070
-0.632975 -0.718179 0.289070
-0.687512 -0.654787 0.313976
-0.725195 -0.654789 0.212938
-0.748117 -0.654791 0.107564
-0.688773 -0.718182 0.099031
-0.667670 -0.718179 0.196047
-0.667670 -0.718179 0.196047
-0.725195 -0.654789 0.212938
-0.748117 -0.654791 0.107564
-0.755809 -0.654792 -0.000000
-0.695857 -0.718181 0.000000
-0.688773 -0.718182 0.099031
-0.688773 -0.718182 0.099031
-0.748117 -0.654791 0.107564
-0.755809 -0.654792 -0.000000
-0.748116 -0.654791 -0.107564
-0.688773 -0.718181 -0.099032
-0.695857 -0.718181 0.000000
-0.695857 -0.718181 0.000000
-0.755809 -0.654792 -0.000000
-0.748116 -0.654791 -0.107564
-0.725195 -0.654789 -0.212938
-0.667671 -0.718179 -0.196047
-0.688773 -0.718181 -0.099032
-0.688773 -0.718181 -0.099032
-0.748116 -0.654791 -0.107564
-0.725195 -0.654789 -0.212938
-0.687511 -0.654788 -0.313976
-0.632976 -0.718177 -0.289071
-0.667671 -0.718179 -0.196047
-0.667671 -0.718179 -0.196047
-0.725195 -0.654789 -0.212938
-0.687511 -0.654788 -0.313976
-0.635833 -0.654786 -0.408623
-0.585395 -0.718178 -0.376209
-0.632976 -0.718177 -0.289071
-0.632976 -0.718177 -0.289071
-0.687511 -0.654788 -0.313976
-0.635833 -0.654786 -0.408623
-0.571203 -0.654790 -0.494952
-0.525892 -0.718181 -0.455690
-0.585395 -0.718178 -0.376209
-0.585395 -0.718178 -0.376209
-0.635833 -0.654786 -0.408623
-0.571203 -0.654790 -0.494952
-0.494950 -0.654790 -0.571205
-0.455690 -0.718179 -0.525895
-0.525892 -0.718181 -0.455690
-0.525892 -0.718181 -0.455690
-0.571203 -0.654790 -0.494952
-0.494950 -0.654790 -0.571205
-0.408624 -0.654786 -0.635832
-0.376210 -0.718178 -0.585395
-0.455690 -0.718179 -0.525895
-0.455690 -0.718179 -0.525895
-0.494950 -0.654790 -0.571205
-0.408624 -0.654786 -0.635832
-0.313977 -0.654783 -0.687515
-0.289071 -0.718176 -0.632978
-0.376210 -0.718178 -0.585395
-0.376210 -0.718178 -0.585395
-0.408624 -0.654786 -0.635832
-0.313977 -0.654783 -0.687515
-0.212938 -0.654785 -0.725199
-0.196045 -0.718178 -0.667673
-0.289071 -0.718176 -0.632978
-0.289071 -0.718176 -0.632978
-0.313977 -0.654783 -0.687515
-0.212938 -0.654785 -0.725199
-0.107560 -0.654795 -0.748114
-0.099029 -0.718180 -0.688775
-0.196045 -0.718178 -0.667673
-0.196045 -0.718178 -0.667673
-0.212938 -0.654785 -0.725199
-0.107560 -0.654795 -0.748114
-0.000000 -0.654796 -0.755806
-0.000000 -0.718181 -0.695857
-0.099029 -0.718180 -0.688775
-0.099029 -0.718180 -0.688775
-0.107560 -0.654795 -0.748114
-0.000000 -0.654796 -0.755806
</float_array>
          <technique_common>
            <accessor source="#obj1-lib-Normal0-array" count="2112" stride="3">
              <param name="X" type="float"/>
              <param name="Y" type="float"/>
              <param name="Z" type="float"/>
            </accessor>
          </technique_common>
        </source>
        <source id="obj1-lib-UV0">
          <float_array id="obj1-lib-UV0-array" count="810">
-0.988600 0.725850
-0.943550 0.725850
-0.943550 0.636170
-0.988600 0.636170
-0.898500 0.725850
-0.898500 0.636170
-0.853450 0.725850
-0.853450 0.636170
-0.808410 0.725850
-0.808410 0.636170
-0.763360 0.725850
-0.763360 0.636170
-0.718310 0.725850
-0.718310 0.636170
-0.673260 0.725850
-0.673260 0.636170
-0.628220 0.725850
-0.628220 0.636170
-0.583170 0.725850
-0.583170 0.636170
-0.538120 0.725850
-0.538120 0.636170
-0.493070 0.725850
-0.493070 0.636170
-0.448020 0.725850
-0.448020 0.636170
-0.402980 0.725850
-0.402980 0.636170
-0.357930 0.725850
-0.357930 0.636170
-0.312880 0.725850
-0.312880 0.636170
-0.267830 0.725850
-0.267830 0.636170
-0.222790 0.725850
-0.222790 0.636170
-0.177740 0.725850
-0.177740 0.636170
-0.132690 0.725850
-0.132690 0.636170
-0.087640 0.725850
-0.087640 0.636170
-0.042600 0.725850
-0.042600 0.636170
0.002450 0.725850
0.002450 0.636170
0.047500 0.725850
0.047500 0.636170
0.092550 0.725850
0.092550 0.636170
0.137590 0.725850
0.137590 0.636170
0.182640 0.725850
0.182640 0.636170
0.227690 0.725850
0.227690 0.636170
0.272740 0.725850
0.272740 0.636170
0.317780 0.725850
0.317780 0.636170
0.362830 0.725850
0.362830 0.636170
0.407880 0.725850
0.407880 0.636170
0.452930 0.725850
0.452930 0.636170
0.497970 0.725850
0.497970 0.636170
0.543020 0.725850
0.543020 0.636170
0.588070 0.725850
0.588070 0.636170
0.633120 0.725850
0.633120 0.636170
0.678160 0.725850
0.678160 0.636170
0.723210 0.725850
0.723210 0.636170
0.768260 0.725850
0.768260 0.636170
0.813310 0.725850
0.813310 0.636170
0.858350 0.725850
0.858350 0.636170
0.903400 0.725850
0.903400 0.636170
0.948450 0.725850
0.948450 0.636170
0.993500 0.725850
0.993500 0.636170
-0.943550 0.546490
-0.988600 0.546490
-0.898500 0.546490
-0.853450 0.546490
-0.808410 0.546490
-0.763360 0.546490
-0.718310 0.546490
-0.673260 0.546490
-0.628220 0.546490
-0.583170 0.546490
-0.538120 0.546490
-0.493070 0.546490
-0.448020 0.546490
-0.402980 0.546490
-0.357930 0.546490
-0.312880 0.546490
-0.267830 0.546490
-0.222790 0.546490
-0.177740 0.546490
-0.132690 0.546490
-0.087640 0.546490
-0.042600 0.546490
0.002450 0.546490
0.047500 0.546490
0.092550 0.546490
0.137590 0.546490
0.182640 0.546490
0.227690 0.546490
0.272740 0.546490
0.317780 0.546490
0.362830 0.546490
0.407880 0.546490
0.452930 0.546490
0.497970 0.546490
0.543020 0.546490
0.588070 0.546490
0.633120 0.546490
0.678160 0.546490
0.723210 0.546490
0.768260 0.546490
0.813310 0.546490
0.858350 0.546490
0.903400 0.546490
0.948450 0.546490
0.993500 0.546490
-0.943550 0.456820
-0.988600 0.456820
-0.898500 0.456820
-0.853450 0.456820
-0.808410 0.456820
-0.763360 0.456820
-0.718310 0.456820
-0.673260 0.456820
-0.628220 0.456820
-0.583170 0.456820
-0.538120 0.456820
-0.493070 0.456820
-0.448020 0.456820
-0.402980 0.456820
-0.357930 0.456820
-0.312880 0.456820
-0.267830 0.456820
-0.222790 0.456820
-0.177740 0.456820
-0.132690 0.456820
-0.087640 0.456820
-0.042600 0.456820
0.002450 0.456820
0.047500 0.456820
0.092550 0.456820
0.137590 0.456820
0.182640 0.456820
0.227690 0.456820
0.272740 0.456820
0.317780 0.456820
0.362830 0.456820
0.407880 0.456820
0.452930 0.456820
0.497970 0.456820
0.543020 0.456820
0.588070 0.456820
0.633120 0.456820
0.678160 0.456820
0.723210 0.456820
0.768260 0.456820
0.813310 0.456820
0.858350 0.456820
0.903400 0.456820
0.948450 0.456820
0.993500 0.456820
-0.943550 0.367140
-0.988600 0.367140
-0.898500 0.367140
-0.853450 0.367140
-0.808410 0.367140
-0.763360 0.367140
-0.718310 0.367140
-0.673260 0.367140
-0.628220 0.367140
-0.583170 0.367140
-0.538120 0.367140
-0.493070 0.367140
-0.448020 0.367140
-0.402980 0.367140
-0.357930 0.367140
-0.312880 0.367140
-0.267830 0.367140
-0.222790 0.367140
-0.177740 0.367140
-0.132690 0.367140
-0.087640 0.367140
-0.042600 0.367140
0.002450 0.367140
0.047500 0.367140
0.092550 0.367140
0.137590 0.367140
0.182640 0.367140
0.227690 0.367140
0.272740 0.367140
0.317780 0.367140
0.362830 0.367140
0.407880 0.367140
0.452930 0.367140
0.497970 0.367140
0.543020 0.367140
0.588070 0.367140
0.633120 0.367140
0.678160 0.367140
0.723210 0.367140
0.768260 0.367140
0.813310 0.367140
0.858350 0.367140
0.903400 0.367140
0.948450 0.367140
0.993500 0.367140
-0.943550 0.277460
-0.988600 0.277460
-0.898500 0.277460
-0.853450 0.277460
-0.808410 0.277460
-0.763360 0.277460
-0.718310 0.277460
-0.673260 0.277460
-0.628220 0.277460
-0.583170 0.277460
-0.538120 0.277460
-0.493070 0.277460
-0.448020 0.277460
-0.402980 0.277460
-0.357930 0.277460
-0.312880 0.277460
-0.267830 0.277460
-0.222790 0.277460
-0.177740 0.277460
-0.132690 0.277460
-0.087640 0.277460
-0.042600 0.277460
0.002450 0.277460
0.047500 0.277460
0.092550 0.277460
0.137590 0.277460
0.182640 0.277460
0.227690 0.277460
0.272740 0.277460
0.317780 0.277460
0.362830 0.277460
0.407880 0.277460
0.452930 0.277460
0.497970 0.277460
0.543020 0.277460
0.588070 0.277460
0.633120 0.277460
0.678160 0.277460
0.723210 0.277460
0.768260 0.277460
0.813310 0.277460
0.858350 0.277460
0.903400 0.277460
0.948450 0.277460
0.993500 0.277460
-0.943550 0.187790
-0.988600 0.187790
-0.898500 0.187790
-0.853450 0.187790
-0.808410 0.187790
-0.763360 0.187790
-0.718310 0.187790
-0.673260 0.187790
-0.628220 0.187790
-0.583170 0.187790
-0.538120 0.187790
-0.493070 0.187790
-0.448020 0.187790
-0.402980 0.187790
-0.357930 0.187790
-0.312880 0.187790
-0.267830 0.187790
-0.222790 0.187790
-0.177740 0.187790
-0.132690 0.187790
-0.087640 0.187790
-0.042600 0.187790
0.002450 0.187790
0.047500 0.187790
0.092550 0.187790
0.137590 0.187790
0.182640 0.187790
0.227690 0.187790
0.272740 0.187790
0.317780 0.187790
0.362830 0.187790
0.407880 0.187790
0.452930 0.187790
0.497970 0.187790
0.543020 0.187790
0.588070 0.187790
0.633120 0.187790
0.678160 0.187790
0.723210 0.187790
0.768260 0.187790
0.813310 0.187790
0.858350 0.187790
0.903400 0.187790
0.948450 0.187790
0.993500 0.187790
-0.943550 0.098110
-0.988600 0.098110
-0.898500 0.098110
-0.853450 0.098110
-0.808410 0.098110
-0.763360 0.098110
-0.718310 0.098110
-0.673260 0.098110
-0.628220 0.098110
-0.583170 0.098110
-0.538120 0.098110
-0.493070 0.098110
-0.448020 0.098110
-0.402980 0.098110
-0.357930 0.098110
-0.312880 0.098110
-0.267830 0.098110
-0.222790 0.098110
-0.177740 0.098110
-0.132690 0.098110
-0.087640 0.098110
-0.042600 0.098110
0.002450 0.098110
0.047500 0.098110
0.092550 0.098110
0.137590 0.098110
0.182640 0.098110
0.227690 0.098110
0.272740 0.098110
0.317780 0.098110
0.362830 0.098110
0.407880 0.098110
0.452930 0.098110
0.497970 0.098110
0.543020 0.098110
0.588070 0.098110
0.633120 0.098110
0.678160 0.098110
0.723210 0.098110
0.768260 0.098110
0.813310 0.098110
0.858350 0.098110
0.903400 0.098110
0.948450 0.098110
0.993500 0.098110
-0.943550 0.008430
-0.988600 0.008430
-0.898500 0.008430
-0.853450 0.008430
-0.808410 0.008430
-0.763360 0.008430
-0.718310 0.008430
-0.673260 0.008430
-0.628220 0.008430
-0.583170 0.008430
-0.538120 0.008430
-0.493070 0.008430
-0.448020 0.008430
-0.402980 0.008430
-0.357930 0.008430
-0.312880 0.008430
-0.267830 0.008430
-0.222790 0.008430
-0.177740 0.008430
-0.132690 0.008430
-0.087640 0.008430
-0.042600 0.008430
0.002450 0.008430
0.047500 0.008430
0.092550 0.008430
0.137590 0.008430
0.182640 0.008430
0.227690 0.008430
0.272740 0.008430
0.317780 0.008430
0.362830 0.008430
0.407880 0.008430
0.452930 0.008430
0.497970 0.008430
0.543020 0.008430
0.588070 0.008430
0.633120 0.008430
0.678160 0.008430
0.723210 0.008430
0.768260 0.008430
0.813310 0.008430
0.858350 0.008430
0.903400 0.008430
0.948450 0.008430
0.993500 0.008430
</float_array>
          <technique_common>
            <accessor source="#obj1-lib-UV0-array" count="405" stride="2">
              <param name="S" type="float"/>
              <param name="T" type="float"/>
            </accessor>
          </technique_common>
        </source>
        <vertices id="obj1-lib-Vertex">
          <input semantic="POSITION" source="#obj1-lib-Position"/>
        </vertices>
        <polygons material="mat1" count="704">
          <input semantic="VERTEX" offset="0" source="#obj1-lib-Vertex"/>
          <input semantic="NORMAL" offset="1" source="#obj1-lib-Normal0"/>
          <input semantic="TEXCOORD" offset="2" set="0" source="#obj1-lib-UV0"/>
          <p>45 0 2 1 1 1 0 2 0</p>
          <p>0 3 0 44 4 3 45 5 2</p>
          <p>46 6 5 2 7 4 1 8 1</p>
          <p>1 9 1 45 10 2 46 11 5</p>
          <p>47 12 7 3 13 6 2 14 4</p>
          <p>2 15 4 46 16 5 47 17 7</p>
          <p>48 18 9 4 19 8 3 20 6</p>
          <p>3 21 6 47 22 7 48 23 9</p>
          <p>49 24 11 5 25 10 4 26 8</p>
          <p>4 27 8 48 28 9 49 29 11</p>
          <p>50 30 13 6 31 12 5 32 10</p>
          <p>5 33 10 49 34 11 50 35 13</p>
          <p>51 36 15 7 37 14 6 38 12</p>
          <p>6 39 12 50 40 13 51 41 15</p>
          <p>52 42 17 8 43 16 7 44 14</p>
          <p>7 45 14 51 46 15 52 47 17</p>
          <p>53 48 19 9 49 18 8 50 16</p>
          <p>8 51 16 52 52 17 53 53 19</p>
          <p>54 54 21 10 55 20 9 56 18</p>
          <p>9 57 18 53 58 19 54 59 21</p>
          <p>55 60 23 11 61 22 10 62 20</p>
          <p>10 63 20 54 64 21 55 65 23</p>
          <p>56 66 25 12 67 24 11 68 22</p>
          <p>11 69 22 55 70 23 56 71 25</p>
          <p>57 72 27 13 73 26 12 74 24</p>
          <p>12 75 24 56 76 25 57 77 27</p>
          <p>58 78 29 14 79 28 13 80 26</p>
          <p>13 81 26 57 82 27 58 83 29</p>
          <p>59 84 31 15 85 30 14 86 28</p>
          <p>14 87 28 58 88 29 59 89 31</p>
          <p>60 90 33 16 91 32 15 92 30</p>
          <p>15 93 30 59 94 31 60 95 33</p>
          <p>61 96 35 17 97 34 16 98 32</p>
          <p>16 99 32 60 100 33 61 101 35</p>
          <p>62 102 37 18 103 36 17 104 34</p>
          <p>17 105 34 61 106 35 62 107 37</p>
          <p>63 108 39 19 109 38 18 110 36</p>
          <p>18 111 36 62 112 37 63 113 39</p>
          <p>64 114 41 20 115 40 19 116 38</p>
          <p>19 117 38 63 118 39 64 119 41</p>
          <p>65 120 43 21 121 42 20 122 40</p>
          <p>20 123 40 64 124 41 65 125 43</p>
          <p>66 126 45 22 127 44 21 128 42</p>
          <p>21 129 42 65 130 43 66 131 45</p>
          <p>67 132 47 23 133 46 22 134 44</p>
          <p>22 135 44 66 136 45 67 137 47</p>
          <p>68 138 49 24 139 48 23 140 46</p>
          <p>23 141 46 67 142 47 68 143 49</p>
          <p>69 144 51 25 145 50 24 146 48</p>
          <p>24 147 48 68 148 49 69 149 51</p>
          <p>70 150 53 26 151 52 25 152 50</p>
          <p>25 153 50 69 154 51 70 155 53</p>
          <p>71 156 55 27 157 54 26 158 52</p>
          <p>26 159 52 70 160 53 71 161 55</p>
          <p>72 162 57 28 163 56 27 164 54</p>
          <p>27 165 54 71 166 55 72 167 57</p>
          <p>73 168 59 29 169 58 28 170 56</p>
          <p>28 171 56 72 172 57 73 173 59</p>
          <p>74 174 61 30 175 60 29 176 58</p>
          <p>29 177 58 73 178 59 74 179 61</p>
          <p>75 180 63 31 181 62 30 182 60</p>
          <p>30 183 60 74 184 61 75 185 63</p>
          <p>76 186 65 32 187 64 31 188 62</p>
          <p>31 189 62 75 190 63 76 191 65</p>
          <p>77 192 67 33 193 66 32 194 64</p>
          <p>32 195 64 76 196 65 77 197 67</p>
          <p>78 198 69 34 199 68 33 200 66</p>
          <p>33 201 66 77 202 67 78 203 69</p>
          <p>79 204 71 35 205 70 34 206 68</p>
          <p>34 207 68 78 208 69 79 209 71</p>
          <p>80 210 73 36 211 72 35 212 70</p>
          <p>35 213 70 79 214 71 80 215 73</p>
          <p>81 216 75 37 217 74 36 218 72</p>
          <p>36 219 72 80 220 73 81 221 75</p>
          <p>82 222 77 38 223 76 37 224 74</p>
          <p>37 225 74 81 226 75 82 227 77</p>
          <p>83 228 79 39 229 78 38 230 76</p>
          <p>38 231 76 82 232 77 83 233 79</p>
          <p>84 234 81 40 235 80 39 236 78</p>
          <p>39 237 78 83 238 79 84 239 81</p>
          <p>85 240 83 41 241 82 40 242 80</p>
          <p>40 243 80 84 244 81 85 245 83</p>
          <p>86 246 85 42 247 84 41 248 82</p>
          <p>41 249 82 85 250 83 86 251 85</p>
          <p>87 252 87 43 253 86 42 254 84</p>
          <p>42 255 84 86 256 85 87 257 87</p>
          <p>44 258 89 0 259 88 43 260 86</p>
          <p>43 261 86 87 262 87 44 263 89</p>
          <p>89 264 90 45 265 2 44 266 3</p>
          <p>44 267 3 88 268 91 89 269 90</p>
          <p>90 270 92 46 271 5 45 272 2</p>
          <p>45 273 2 89 274 90 90 275 92</p>
          <p>91 276 93 47 277 7 46 278 5</p>
          <p>46 279 5 90 280 92 91 281 93</p>
          <p>92 282 94 48 283 9 47 284 7</p>
          <p>47 285 7 91 286 93 92 287 94</p>
          <p>93 288 95 49 289 11 48 290 9</p>
          <p>48 291 9 92 292 94 93 293 95</p>
          <p>94 294 96 50 295 13 49 296 11</p>
          <p>49 297 11 93 298 95 94 299 96</p>
          <p>95 300 97 51 301 15 50 302 13</p>
          <p>50 303 13 94 304 96 95 305 97</p>
          <p>96 306 98 52 307 17 51 308 15</p>
          <p>51 309 15 95 310 97 96 311 98</p>
          <p>97 312 99 53 313 19 52 314 17</p>
          <p>52 315 17 96 316 98 97 317 99</p>
          <p>98 318 100 54 319 21 53 320 19</p>
          <p>53 321 19 97 322 99 98 323 100</p>
          <p>99 324 101 55 325 23 54 326 21</p>
          <p>54 327 21 98 328 100 99 329 101</p>
          <p>100 330 102 56 331 25 55 332 23</p>
          <p>55 333 23 99 334 101 100 335 102</p>
          <p>101 336 103 57 337 27 56 338 25</p>
          <p>56 339 25 100 340 102 101 341 103</p>
          <p>102 342 104 58 343 29 57 344 27</p>
          <p>57 345 27 101 346 103 102 347 104</p>
          <p>103 348 105 59 349 31 58 350 29</p>
          <p>58 351 29 102 352 104 103 353 105</p>
          <p>104 354 106 60 355 33 59 356 31</p>
          <p>59 357 31 103 358 105 104 359 106</p>
          <p>105 360 107 61 361 35 60 362 33</p>
          <p>60 363 33 104 364 106 105 365 107</p>
          <p>106 366 108 62 367 37 61 368 35</p>
          <p>61 369 35 105 370 107 106 371 108</p>
          <p>107 372 109 63 373 39 62 374 37</p>
          <p>62 375 37 106 376 108 107 377 109</p>
          <p>108 378 110 64 379 41 63 380 39</p>
          <p>63 381 39 107 382 109 108 383 110</p>
          <p>109 384 111 65 385 43 64 386 41</p>
          <p>64 387 41 108 388 110 109 389 111</p>
          <p>110 390 112 66 391 45 65 392 43</p>
          <p>65 393 43 109 394 111 110 395 112</p>
          <p>111 396 113 67 397 47 66 398 45</p>
          <p>66 399 45 110 400 112 111 401 113</p>
          <p>112 402 114 68 403 49 67 404 47</p>
          <p>67 405 47 111 406 113 112 407 114</p>
          <p>113 408 115 69 409 51 68 410 49</p>
          <p>68 411 49 112 412 114 113 413 115</p>
          <p>114 414 116 70 415 53 69 416 51</p>
          <p>69 417 51 113 418 115 114 419 116</p>
          <p>115 420 117 71 421 55 70 422 53</p>
          <p>70 423 53 114 424 116 115 425 117</p>
          <p>116 426 118 72 427 57 71 428 55</p>
          <p>71 429 55 115 430 117 116 431 118</p>
          <p>117 432 119 73 433 59 72 434 57</p>
          <p>72 435 57 116 436 118 117 437 119</p>
          <p>118 438 120 74 439 61 73 440 59</p>
          <p>73 441 59 117 442 119 118 443 120</p>
          <p>119 444 121 75 445 63 74 446 61</p>
          <p>74 447 61 118 448 120 119 449 121</p>
          <p>120 450 122 76 451 65 75 452 63</p>
          <p>75 453 63 119 454 121 120 455 122</p>
          <p>121 456 123 77 457 67 76 458 65</p>
          <p>76 459 65 120 460 122 121 461 123</p>
          <p>122 462 124 78 463 69 77 464 67</p>
          <p>77 465 67 121 466 123 122 467 124</p>
          <p>123 468 125 79 469 71 78 470 69</p>
          <p>78 471 69 122 472 124 123 473 125</p>
          <p>124 474 126 80 475 73 79 476 71</p>
          <p>79 477 71 123 478 125 124 479 126</p>
          <p>125 480 127 81 481 75 80 482 73</p>
          <p>80 483 73 124 484 126 125 485 127</p>
          <p>126 486 128 82 487 77 81 488 75</p>
          <p>81 489 75 125 490 127 126 491 128</p>
          <p>127 492 129 83 493 79 82 494 77</p>
          <p>82 495 77 126 496 128 127 497 129</p>
          <p>128 498 130 84 499 81 83 500 79</p>
          <p>83 501 79 127 502 129 128 503 130</p>
          <p>129 504 131 85 505 83 84 506 81</p>
          <p>84 507 81 128 508 130 129 509 131</p>
          <p>130 510 132 86 511 85 85 512 83</p>
          <p>85 513 83 129 514 131 130 515 132</p>
          <p>131 516 133 87 517 87 86 518 85</p>
          <p>86 519 85 130 520 132 131 521 133</p>
          <p>88 522 134 44 523 89 87 524 87</p>
          <p>87 525 87 131 526 133 88 527 134</p>
          <p>133 528 135 89 529 90 88 530 91</p>
          <p>88 531 91 132 532 136 133 533 135</p>
          <p>134 534 137 90 535 92 89 536 90</p>
          <p>89 537 90 133 538 135 134 539 137</p>
          <p>135 540 138 91 541 93 90 542 92</p>
          <p>90 543 92 134 544 137 135 545 138</p>
          <p>136 546 139 92 547 94 91 548 93</p>
          <p>91 549 93 135 550 138 136 551 139</p>
          <p>137 552 140 93 553 95 92 554 94</p>
          <p>92 555 94 136 556 139 137 557 140</p>
          <p>138 558 141 94 559 96 93 560 95</p>
          <p>93 561 95 137 562 140 138 563 141</p>
          <p>139 564 142 95 565 97 94 566 96</p>
          <p>94 567 96 138 568 141 139 569 142</p>
          <p>140 570 143 96 571 98 95 572 97</p>
          <p>95 573 97 139 574 142 140 575 143</p>
          <p>141 576 144 97 577 99 96 578 98</p>
          <p>96 579 98 140 580 143 141 581 144</p>
          <p>142 582 145 98 583 100 97 584 99</p>
          <p>97 585 99 141 586 144 142 587 145</p>
          <p>143 588 146 99 589 101 98 590 100</p>
          <p>98 591 100 142 592 145 143 593 146</p>
          <p>144 594 147 100 595 102 99 596 101</p>
          <p>99 597 101 143 598 146 144 599 147</p>
          <p>145 600 148 101 601 103 100 602 102</p>
          <p>100 603 102 144 604 147 145 605 148</p>
          <p>146 606 149 102 607 104 101 608 103</p>
          <p>101 609 103 145 610 148 146 611 149</p>
          <p>147 612 150 103 613 105 102 614 104</p>
          <p>102 615 104 146 616 149 147 617 150</p>
          <p>148 618 151 104 619 106 103 620 105</p>
          <p>103 621 105 147 622 150 148 623 151</p>
          <p>149 624 152 105 625 107 104 626 106</p>
          <p>104 627 106 148 628 151 149 629 152</p>
          <p>150 630 153 106 631 108 105 632 107</p>
          <p>105 633 107 149 634 152 150 635 153</p>
          <p>151 636 154 107 637 109 106 638 108</p>
          <p>106 639 108 150 640 153 151 641 154</p>
          <p>152 642 155 108 643 110 107 644 109</p>
          <p>107 645 109 151 646 154 152 647 155</p>
          <p>153 648 156 109 649 111 108 650 110</p>
          <p>108 651 110 152 652 155 153 653 156</p>
          <p>154 654 157 110 655 112 109 656 111</p>
          <p>109 657 111 153 658 156 154 659 157</p>
          <p>155 660 158 111 661 113 110 662 112</p>
          <p>110 663 112 154 664 157 155 665 158</p>
          <p>156 666 159 112 667 114 111 668 113</p>
          <p>111 669 113 155 670 158 156 671 159</p>
          <p>157 672 160 113 673 115 112 674 114</p>
          <p>112 675 114 156 676 159 157 677 160</p>
          <p>158 678 161 114 679 116 113 680 115</p>
          <p>113 681 115 157 682 160 158 683 161</p>
          <p>159 684 162 115 685 117 114 686 116</p>
          <p>114 687 116 158 688 161 159 689 162</p>
          <p>160 690 163 116 691 118 115 692 117</p>
          <p>115 693 117 159 694 162 160 695 163</p>
          <p>161 696 164 117 697 119 116 698 118</p>
          <p>116 699 118 160 700 163 161 701 164</p>
          <p>162 702 165 118 703 120 117 704 119</p>
          <p>117 705 119 161 706 164 162 707 165</p>
          <p>163 708 166 119 709 121 118 710 120</p>
          <p>118 711 120 162 712 165 163 713 166</p>
          <p>164 714 167 120 715 122 119 716 121</p>
          <p>119 717 121 163 718 166 164 719 167</p>
          <p>165 720 168 121 721 123 120 722 122</p>
          <p>120 723 122 164 724 167 165 725 168</p>
          <p>166 726 169 122 727 124 121 728 123</p>
          <p>121 729 123 165 730 168 166 731 169</p>
          <p>167 732 170 123 733 125 122 734 124</p>
          <p>122 735 124 166 736 169 167 737 170</p>
          <p>168 738 171 124 739 126 123 740 125</p>
          <p>123 741 125 167 742 170 168 743 171</p>
          <p>169 744 172 125 745 127 124 746 126</p>
          <p>124 747 126 168 748 171 169 749 172</p>
          <p>170 750 173 126 751 128 125 752 127</p>
          <p>125 753 127 169 754 172 170 755 173</p>
          <p>171 756 174 127 757 129 126 758 128</p>
          <p>126 759 128 170 760 173 171 761 174</p>
          <p>172 762 175 128 763 130 127 764 129</p>
          <p>127 765 129 171 766 174 172 767 175</p>
          <p>173 768 176 129 769 131 128 770 130</p>
          <p>128 771 130 172 772 175 173 773 176</p>
          <p>174 774 177 130 775 132 129 776 131</p>
          <p>129 777 131 173 778 176 174 779 177</p>
          <p>175 780 178 131 781 133 130 782 132</p>
          <p>130 783 132 174 784 177 175 785 178</p>
          <p>132 786 179 88 787 134 131 788 133</p>
          <p>131 789 133 175 790 178 132 791 179</p>
          <p>177 792 180 133 793 135 132 794 136</p>
          <p>132 795 136 176 796 181 177 797 180</p>
          <p>178 798 182 134 799 137 133 800 135</p>
          <p>133 801 135 177 802 180 178 803 182</p>
          <p>179 804 183 135 805 138 134 806 137</p>
          <p>134 807 137 178 808 182 179 809 183</p>
          <p>180 810 184 136 811 139 135 812 138</p>
          <p>135 813 138 179 814 183 180 815 184</p>
          <p>181 816 185 137 817 140 136 818 139</p>
          <p>136 819 139 180 820 184 181 821 185</p>
          <p>182 822 186 138 823 141 137 824 140</p>
          <p>137 825 140 181 826 185 182 827 186</p>
          <p>183 828 187 139 829 142 138 830 141</p>
          <p>138 831 141 182 832 186 183 833 187</p>
          <p>184 834 188 140 835 143 139 836 142</p>
          <p>139 837 142 183 838 187 184 839 188</p>
          <p>185 840 189 141 841 144 140 842 143</p>
          <p>140 843 143 184 844 188 185 845 189</p>
          <p>186 846 190 142 847 145 141 848 144</p>
          <p>141 849 144 185 850 189 186 851 190</p>
          <p>187 852 191 143 853 146 142 854 145</p>
          <p>142 855 145 186 856 190 187 857 191</p>
          <p>188 858 192 144 859 147 143 860 146</p>
          <p>143 861 146 187 862 191 188 863 192</p>
          <p>189 864 193 145 865 148 144 866 147</p>
          <p>144 867 147 188 868 192 189 869 193</p>
          <p>190 870 194 146 871 149 145 872 148</p>
          <p>145 873 148 189 874 193 190 875 194</p>
          <p>191 876 195 147 877 150 146 878 149</p>
          <p>146 879 149 190 880 194 191 881 195</p>
          <p>192 882 196 148 883 151 147 884 150</p>
          <p>147 885 150 191 886 195 192 887 196</p>
          <p>193 888 197 149 889 152 148 890 151</p>
          <p>148 891 151 192 892 196 193 893 197</p>
          <p>194 894 198 150 895 153 149 896 152</p>
          <p>149 897 152 193 898 197 194 899 198</p>
          <p>195 900 199 151 901 154 150 902 153</p>
          <p>150 903 153 194 904 198 195 905 199</p>
          <p>196 906 200 152 907 155 151 908 154</p>
          <p>151 909 154 195 910 199 196 911 200</p>
          <p>197 912 201 153 913 156 152 914 155</p>
          <p>152 915 155 196 916 200 197 917 201</p>
          <p>198 918 202 154 919 157 153 920 156</p>
          <p>153 921 156 197 922 201 198 923 202</p>
          <p>199 924 203 155 925 158 154 926 157</p>
          <p>154 927 157 198 928 202 199 929 203</p>
          <p>200 930 204 156 931 159 155 932 158</p>
          <p>155 933 158 199 934 203 200 935 204</p>
          <p>201 936 205 157 937 160 156 938 159</p>
          <p>156 939 159 200 940 204 201 941 205</p>
          <p>202 942 206 158 943 161 157 944 160</p>
          <p>157 945 160 201 946 205 202 947 206</p>
          <p>203 948 207 159 949 162 158 950 161</p>
          <p>158 951 161 202 952 206 203 953 207</p>
          <p>204 954 208 160 955 163 159 956 162</p>
          <p>159 957 162 203 958 207 204 959 208</p>
          <p>205 960 209 161 961 164 160 962 163</p>
          <p>160 963 163 204 964 208 205 965 209</p>
          <p>206 966 210 162 967 165 161 968 164</p>
          <p>161 969 164 205 970 209 206 971 210</p>
          <p>207 972 211 163 973 166 162 974 165</p>
          <p>162 975 165 206 976 210 207 977 211</p>
          <p>208 978 212 164 979 167 163 980 166</p>
          <p>163 981 166 207 982 211 208 983 212</p>
          <p>209 984 213 165 985 168 164 986 167</p>
          <p>164 987 167 208 988 212 209 989 213</p>
          <p>210 990 214 166 991 169 165 992 168</p>
          <p>165 993 168 209 994 213 210 995 214</p>
          <p>211 996 215 167 997 170 166 998 169</p>
          <p>166 999 169 210 1000 214 211 1001 215</p>
          <p>212 1002 216 168 1003 171 167 1004 170</p>
          <p>167 1005 170 211 1006 215 212 1007 216</p>
          <p>213 1008 217 169 1009 172 168 1010 171</p>
          <p>168 1011 171 212 1012 216 213 1013 217</p>
          <p>214 1014 218 170 1015 173 169 1016 172</p>
          <p>169 1017 172 213 1018 217 214 1019 218</p>
          <p>215 1020 219 171 1021 174 170 1022 173</p>
          <p>170 1023 173 214 1024 218 215 1025 219</p>
          <p>216 1026 220 172 1027 175 171 1028 174</p>
          <p>171 1029 174 215 1030 219 216 1031 220</p>
          <p>217 1032 221 173 1033 176 172 1034 175</p>
          <p>172 1035 175 216 1036 220 217 1037 221</p>
          <p>218 1038 222 174 1039 177 173 1040 176</p>
          <p>173 1041 176 217 1042 221 218 1043 222</p>
          <p>219 1044 223 175 1045 178 174 1046 177</p>
          <p>174 1047 177 218 1048 222 219 1049 223</p>
          <p>176 1050 224 132 1051 179 175 1052 178</p>
          <p>175 1053 178 219 1054 223 176 1055 224</p>
          <p>221 1056 225 177 1057 180 176 1058 181</p>
          <p>176 1059 181 220 1060 226 221 1061 225</p>
          <p>222 1062 227 178 1063 182 177 1064 180</p>
          <p>177 1065 180 221 1066 225 222 1067 227</p>
          <p>223 1068 228 179 1069 183 178 1070 182</p>
          <p>178 1071 182 222 1072 227 223 1073 228</p>
          <p>224 1074 229 180 1075 184 179 1076 183</p>
          <p>179 1077 183 223 1078 228 224 1079 229</p>
          <p>225 1080 230 181 1081 185 180 1082 184</p>
          <p>180 1083 184 224 1084 229 225 1085 230</p>
          <p>226 1086 231 182 1087 186 181 1088 185</p>
          <p>181 1089 185 225 1090 230 226 1091 231</p>
          <p>227 1092 232 183 1093 187 182 1094 186</p>
          <p>182 1095 186 226 1096 231 227 1097 232</p>
          <p>228 1098 233 184 1099 188 183 1100 187</p>
          <p>183 1101 187 227 1102 232 228 1103 233</p>
          <p>229 1104 234 185 1105 189 184 1106 188</p>
          <p>184 1107 188 228 1108 233 229 1109 234</p>
          <p>230 1110 235 186 1111 190 185 1112 189</p>
          <p>185 1113 189 229 1114 234 230 1115 235</p>
          <p>231 1116 236 187 1117 191 186 1118 190</p>
          <p>186 1119 190 230 1120 235 231 1121 236</p>
          <p>232 1122 237 188 1123 192 187 1124 191</p>
          <p>187 1125 191 231 1126 236 232 1127 237</p>
          <p>233 1128 238 189 1129 193 188 1130 192</p>
          <p>188 1131 192 232 1132 237 233 1133 238</p>
          <p>234 1134 239 190 1135 194 189 1136 193</p>
          <p>189 1137 193 233 1138 238 234 1139 239</p>
          <p>235 1140 240 191 1141 195 190 1142 194</p>
          <p>190 1143 194 234 1144 239 235 1145 240</p>
          <p>236 1146 241 192 1147 196 191 1148 195</p>
          <p>191 1149 195 235 1150 240 236 1151 241</p>
          <p>237 1152 242 193 1153 197 192 1154 196</p>
          <p>192 1155 196 236 1156 241 237 1157 242</p>
          <p>238 1158 243 194 1159 198 193 1160 197</p>
          <p>193 1161 197 237 1162 242 238 1163 243</p>
          <p>239 1164 244 195 1165 199 194 1166 198</p>
          <p>194 1167 198 238 1168 243 239 1169 244</p>
          <p>240 1170 245 196 1171 200 195 1172 199</p>
          <p>195 1173 199 239 1174 244 240 1175 245</p>
          <p>241 1176 246 197 1177 201 196 1178 200</p>
          <p>196 1179 200 240 1180 245 241 1181 246</p>
          <p>242 1182 247 198 1183 202 197 1184 201</p>
          <p>197 1185 201 241 1186 246 242 1187 247</p>
          <p>243 1188 248 199 1189 203 198 1190 202</p>
          <p>198 1191 202 242 1192 247 243 1193 248</p>
          <p>244 1194 249 200 1195 204 199 1196 203</p>
          <p>199 1197 203 243 1198 248 244 1199 249</p>
          <p>245 1200 250 201 1201 205 200 1202 204</p>
          <p>200 1203 204 244 1204 249 245 1205 250</p>
          <p>246 1206 251 202 1207 206 201 1208 205</p>
          <p>201 1209 205 245 1210 250 246 1211 251</p>
          <p>247 1212 252 203 1213 207 202 1214 206</p>
          <p>202 1215 206 246 1216 251 247 1217 252</p>
          <p>248 1218 253 204 1219 208 203 1220 207</p>
          <p>203 1221 207 247 1222 252 248 1223 253</p>
          <p>249 1224 254 205 1225 209 204 1226 208</p>
          <p>204 1227 208 248 1228 253 249 1229 254</p>
          <p>250 1230 255 206 1231 210 205 1232 209</p>
          <p>205 1233 209 249 1234 254 250 1235 255</p>
          <p>251 1236 256 207 1237 211 206 1238 210</p>
          <p>206 1239 210 250 1240 255 251 1241 256</p>
          <p>252 1242 257 208 1243 212 207 1244 211</p>
          <p>207 1245 211 251 1246 256 252 1247 257</p>
          <p>253 1248 258 209 1249 213 208 1250 212</p>
          <p>208 1251 212 252 1252 257 253 1253 258</p>
          <p>254 1254 259 210 1255 214 209 1256 213</p>
          <p>209 1257 213 253 1258 258 254 1259 259</p>
          <p>255 1260 260 211 1261 215 210 1262 214</p>
          <p>210 1263 214 254 1264 259 255 1265 260</p>
          <p>256 1266 261 212 1267 216 211 1268 215</p>
          <p>211 1269 215 255 1270 260 256 1271 261</p>
          <p>257 1272 262 213 1273 217 212 1274 216</p>
          <p>212 1275 216 256 1276 261 257 1277 262</p>
          <p>258 1278 263 214 1279 218 213 1280 217</p>
          <p>213 1281 217 257 1282 262 258 1283 263</p>
          <p>259 1284 264 215 1285 219 214 1286 218</p>
          <p>214 1287 218 258 1288 263 259 1289 264</p>
          <p>260 1290 265 216 1291 220 215 1292 219</p>
          <p>215 1293 219 259 1294 264 260 1295 265</p>
          <p>261 1296 266 217 1297 221 216 1298 220</p>
          <p>216 1299 220 260 1300 265 261 1301 266</p>
          <p>262 1302 267 218 1303 222 217 1304 221</p>
          <p>217 1305 221 261 1306 266 262 1307 267</p>
          <p>263 1308 268 219 1309 223 218 1310 222</p>
          <p>218 1311 222 262 1312 267 263 1313 268</p>
          <p>220 1314 269 176 1315 224 219 1316 223</p>
          <p>219 1317 223 263 1318 268 220 1319 269</p>
          <p>265 1320 270 221 1321 225 220 1322 226</p>
          <p>220 1323 226 264 1324 271 265 1325 270</p>
          <p>266 1326 272 222 1327 227 221 1328 225</p>
          <p>221 1329 225 265 1330 270 266 1331 272</p>
          <p>267 1332 273 223 1333 228 222 1334 227</p>
          <p>222 1335 227 266 1336 272 267 1337 273</p>
          <p>268 1338 274 224 1339 229 223 1340 228</p>
          <p>223 1341 228 267 1342 273 268 1343 274</p>
          <p>269 1344 275 225 1345 230 224 1346 229</p>
          <p>224 1347 229 268 1348 274 269 1349 275</p>
          <p>270 1350 276 226 1351 231 225 1352 230</p>
          <p>225 1353 230 269 1354 275 270 1355 276</p>
          <p>271 1356 277 227 1357 232 226 1358 231</p>
          <p>226 1359 231 270 1360 276 271 1361 277</p>
          <p>272 1362 278 228 1363 233 227 1364 232</p>
          <p>227 1365 232 271 1366 277 272 1367 278</p>
          <p>273 1368 279 229 1369 234 228 1370 233</p>
          <p>228 1371 233 272 1372 278 273 1373 279</p>
          <p>274 1374 280 230 1375 235 229 1376 234</p>
          <p>229 1377 234 273 1378 279 274 1379 280</p>
          <p>275 1380 281 231 1381 236 230 1382 235</p>
          <p>230 1383 235 274 1384 280 275 1385 281</p>
          <p>276 1386 282 232 1387 237 231 1388 236</p>
          <p>231 1389 236 275 1390 281 276 1391 282</p>
          <p>277 1392 283 233 1393 238 232 1394 237</p>
          <p>232 1395 237 276 1396 282 277 1397 283</p>
          <p>278 1398 284 234 1399 239 233 1400 238</p>
          <p>233 1401 238 277 1402 283 278 1403 284</p>
          <p>279 1404 285 235 1405 240 234 1406 239</p>
          <p>234 1407 239 278 1408 284 279 1409 285</p>
          <p>280 1410 286 236 1411 241 235 1412 240</p>
          <p>235 1413 240 279 1414 285 280 1415 286</p>
          <p>281 1416 287 237 1417 242 236 1418 241</p>
          <p>236 1419 241 280 1420 286 281 1421 287</p>
          <p>282 1422 288 238 1423 243 237 1424 242</p>
          <p>237 1425 242 281 1426 287 282 1427 288</p>
          <p>283 1428 289 239 1429 244 238 1430 243</p>
          <p>238 1431 243 282 1432 288 283 1433 289</p>
          <p>284 1434 290 240 1435 245 239 1436 244</p>
          <p>239 1437 244 283 1438 289 284 1439 290</p>
          <p>285 1440 291 241 1441 246 240 1442 245</p>
          <p>240 1443 245 284 1444 290 285 1445 291</p>
          <p>286 1446 292 242 1447 247 241 1448 246</p>
          <p>241 1449 246 285 1450 291 286 1451 292</p>
          <p>287 1452 293 243 1453 248 242 1454 247</p>
          <p>242 1455 247 286 1456 292 287 1457 293</p>
          <p>288 1458 294 244 1459 249 243 1460 248</p>
          <p>243 1461 248 287 1462 293 288 1463 294</p>
          <p>289 1464 295 245 1465 250 244 1466 249</p>
          <p>244 1467 249 288 1468 294 289 1469 295</p>
          <p>290 1470 296 246 1471 251 245 1472 250</p>
          <p>245 1473 250 289 1474 295 290 1475 296</p>
          <p>291 1476 297 247 1477 252 246 1478 251</p>
          <p>246 1479 251 290 1480 296 291 1481 297</p>
          <p>292 1482 298 248 1483 253 247 1484 252</p>
          <p>247 1485 252 291 1486 297 292 1487 298</p>
          <p>293 1488 299 249 1489 254 248 1490 253</p>
          <p>248 1491 253 292 1492 298 293 1493 299</p>
          <p>294 1494 300 250 1495 255 249 1496 254</p>
          <p>249 1497 254 293 1498 299 294 1499 300</p>
          <p>295 1500 301 251 1501 256 250 1502 255</p>
          <p>250 1503 255 294 1504 300 295 1505 301</p>
          <p>296 1506 302 252 1507 257 251 1508 256</p>
          <p>251 1509 256 295 1510 301 296 1511 302</p>
          <p>297 1512 303 253 1513 258 252 1514 257</p>
          <p>252 1515 257 296 1516 302 297 1517 303</p>
          <p>298 1518 304 254 1519 259 253 1520 258</p>
          <p>253 1521 258 297 1522 303 298 1523 304</p>
          <p>299 1524 305 255 1525 260 254 1526 259</p>
          <p>254 1527 259 298 1528 304 299 1529 305</p>
          <p>300 1530 306 256 1531 261 255 1532 260</p>
          <p>255 1533 260 299 1534 305 300 1535 306</p>
          <p>301 1536 307 257 1537 262 256 1538 261</p>
          <p>256 1539 261 300 1540 306 301 1541 307</p>
          <p>302 1542 308 258 1543 263 257 1544 262</p>
          <p>257 1545 262 301 1546 307 302 1547 308</p>
          <p>303 1548 309 259 1549 264 258 1550 263</p>
          <p>258 1551 263 302 1552 308 303 1553 309</p>
          <p>304 1554 310 260 1555 265 259 1556 264</p>
          <p>259 1557 264 303 1558 309 304 1559 310</p>
          <p>305 1560 311 261 1561 266 260 1562 265</p>
          <p>260 1563 265 304 1564 310 305 1565 311</p>
          <p>306 1566 312 262 1567 267 261 1568 266</p>
          <p>261 1569 266 305 1570 311 306 1571 312</p>
          <p>307 1572 313 263 1573 268 262 1574 267</p>
          <p>262 1575 267 306 1576 312 307 1577 313</p>
          <p>264 1578 314 220 1579 269 263 1580 268</p>
          <p>263 1581 268 307 1582 313 264 1583 314</p>
          <p>309 1584 315 265 1585 270 264 1586 271</p>
          <p>264 1587 271 308 1588 316 309 1589 315</p>
          <p>310 1590 317 266 1591 272 265 1592 270</p>
          <p>265 1593 270 309 1594 315 310 1595 317</p>
          <p>311 1596 318 267 1597 273 266 1598 272</p>
          <p>266 1599 272 310 1600 317 311 1601 318</p>
          <p>312 1602 319 268 1603 274 267 1604 273</p>
          <p>267 1605 273 311 1606 318 312 1607 319</p>
          <p>313 1608 320 269 1609 275 268 1610 274</p>
          <p>268 1611 274 312 1612 319 313 1613 320</p>
          <p>314 1614 321 270 1615 276 269 1616 275</p>
          <p>269 1617 275 313 1618 320 314 1619 321</p>
          <p>315 1620 322 271 1621 277 270 1622 276</p>
          <p>270 1623 276 314 1624 321 315 1625 322</p>
          <p>316 1626 323 272 1627 278 271 1628 277</p>
          <p>271 1629 277 315 1630 322 316 1631 323</p>
          <p>317 1632 324 273 1633 279 272 1634 278</p>
          <p>272 1635 278 316 1636 323 317 1637 324</p>
          <p>318 1638 325 274 1639 280 273 1640 279</p>
          <p>273 1641 279 317 1642 324 318 1643 325</p>
          <p>319 1644 326 275 1645 281 274 1646 280</p>
          <p>274 1647 280 318 1648 325 319 1649 326</p>
          <p>320 1650 327 276 1651 282 275 1652 281</p>
          <p>275 1653 281 319 1654 326 320 1655 327</p>
          <p>321 1656 328 277 1657 283 276 1658 282</p>
          <p>276 1659 282 320 1660 327 321 1661 328</p>
          <p>322 1662 329 278 1663 284 277 1664 283</p>
          <p>277 1665 283 321 1666 328 322 1667 329</p>
          <p>323 1668 330 279 1669 285 278 1670 284</p>
          <p>278 1671 284 322 1672 329 323 1673 330</p>
          <p>324 1674 331 280 1675 286 279 1676 285</p>
          <p>279 1677 285 323 1678 330 324 1679 331</p>
          <p>325 1680 332 281 1681 287 280 1682 286</p>
          <p>280 1683 286 324 1684 331 325 1685 332</p>
          <p>326 1686 333 282 1687 288 281 1688 287</p>
          <p>281 1689 287 325 1690 332 326 1691 333</p>
          <p>327 1692 334 283 1693 289 282 1694 288</p>
          <p>282 1695 288 326 1696 333 327 1697 334</p>
          <p>328 1698 335 284 1699 290 283 1700 289</p>
          <p>283 1701 289 327 1702 334 328 1703 335</p>
          <p>329 1704 336 285 1705 291 284 1706 290</p>
          <p>284 1707 290 328 1708 335 329 1709 336</p>
          <p>330 1710 337 286 1711 292 285 1712 291</p>
          <p>285 1713 291 329 1714 336 330 1715 337</p>
          <p>331 1716 338 287 1717 293 286 1718 292</p>
          <p>286 1719 292 330 1720 337 331 1721 338</p>
          <p>332 1722 339 288 1723 294 287 1724 293</p>
          <p>287 1725 293 331 1726 338 332 1727 339</p>
          <p>333 1728 340 289 1729 295 288 1730 294</p>
          <p>288 1731 294 332 1732 339 333 1733 340</p>
          <p>334 1734 341 290 1735 296 289 1736 295</p>
          <p>289 1737 295 333 1738 340 334 1739 341</p>
          <p>335 1740 342 291 1741 297 290 1742 296</p>
          <p>290 1743 296 334 1744 341 335 1745 342</p>
          <p>336 1746 343 292 1747 298 291 1748 297</p>
          <p>291 1749 297 335 1750 342 336 1751 343</p>
          <p>337 1752 344 293 1753 299 292 1754 298</p>
          <p>292 1755 298 336 1756 343 337 1757 344</p>
          <p>338 1758 345 294 1759 300 293 1760 299</p>
          <p>293 1761 299 337 1762 344 338 1763 345</p>
          <p>339 1764 346 295 1765 301 294 1766 300</p>
          <p>294 1767 300 338 1768 345 339 1769 346</p>
          <p>340 1770 347 296 1771 302 295 1772 301</p>
          <p>295 1773 301 339 1774 346 340 1775 347</p>
          <p>341 1776 348 297 1777 303 296 1778 302</p>
          <p>296 1779 302 340 1780 347 341 1781 348</p>
          <p>342 1782 349 298 1783 304 297 1784 303</p>
          <p>297 1785 303 341 1786 348 342 1787 349</p>
          <p>343 1788 350 299 1789 305 298 1790 304</p>
          <p>298 1791 304 342 1792 349 343 1793 350</p>
          <p>344 1794 351 300 1795 306 299 1796 305</p>
          <p>299 1797 305 343 1798 350 344 1799 351</p>
          <p>345 1800 352 301 1801 307 300 1802 306</p>
          <p>300 1803 306 344 1804 351 345 1805 352</p>
          <p>346 1806 353 302 1807 308 301 1808 307</p>
          <p>301 1809 307 345 1810 352 346 1811 353</p>
          <p>347 1812 354 303 1813 309 302 1814 308</p>
          <p>302 1815 308 346 1816 353 347 1817 354</p>
          <p>348 1818 355 304 1819 310 303 1820 309</p>
          <p>303 1821 309 347 1822 354 348 1823 355</p>
          <p>349 1824 356 305 1825 311 304 1826 310</p>
          <p>304 1827 310 348 1828 355 349 1829 356</p>
          <p>350 1830 357 306 1831 312 305 1832 311</p>
          <p>305 1833 311 349 1834 356 350 1835 357</p>
          <p>351 1836 358 307 1837 313 306 1838 312</p>
          <p>306 1839 312 350 1840 357 351 1841 358</p>
          <p>308 1842 359 264 1843 314 307 1844 313</p>
          <p>307 1845 313 351 1846 358 308 1847 359</p>
          <p>353 1848 360 309 1849 315 308 1850 316</p>
          <p>308 1851 316 352 1852 361 353 1853 360</p>
          <p>354 1854 362 310 1855 317 309 1856 315</p>
          <p>309 1857 315 353 1858 360 354 1859 362</p>
          <p>355 1860 363 311 1861 318 310 1862 317</p>
          <p>310 1863 317 354 1864 362 355 1865 363</p>
          <p>356 1866 364 312 1867 319 311 1868 318</p>
          <p>311 1869 318 355 1870 363 356 1871 364</p>
          <p>357 1872 365 313 1873 320 312 1874 319</p>
          <p>312 1875 319 356 1876 364 357 1877 365</p>
          <p>358 1878 366 314 1879 321 313 1880 320</p>
          <p>313 1881 320 357 1882 365 358 1883 366</p>
          <p>359 1884 367 315 1885 322 314 1886 321</p>
          <p>314 1887 321 358 1888 366 359 1889 367</p>
          <p>360 1890 368 316 1891 323 315 1892 322</p>
          <p>315 1893 322 359 1894 367 360 1895 368</p>
          <p>361 1896 369 317 1897 324 316 1898 323</p>
          <p>316 1899 323 360 1900 368 361 1901 369</p>
          <p>362 1902 370 318 1903 325 317 1904 324</p>
          <p>317 1905 324 361 1906 369 362 1907 370</p>
          <p>363 1908 371 319 1909 326 318 1910 325</p>
          <p>318 1911 325 362 1912 370 363 1913 371</p>
          <p>364 1914 372 320 1915 327 319 1916 326</p>
          <p>319 1917 326 363 1918 371 364 1919 372</p>
          <p>365 1920 373 321 1921 328 320 1922 327</p>
          <p>320 1923 327 364 1924 372 365 1925 373</p>
          <p>366 1926 374 322 1927 329 321 1928 328</p>
          <p>321 1929 328 365 1930 373 366 1931 374</p>
          <p>367 1932 375 323 1933 330 322 1934 329</p>
          <p>322 1935 329 366 1936 374 367 1937 375</p>
          <p>368 1938 376 324 1939 331 323 1940 330</p>
          <p>323 1941 330 367 1942 375 368 1943 376</p>
          <p>369 1944 377 325 1945 332 324 1946 331</p>
          <p>324 1947 331 368 1948 376 369 1949 377</p>
          <p>370 1950 378 326 1951 333 325 1952 332</p>
          <p>325 1953 332 369 1954 377 370 1955 378</p>
          <p>371 1956 379 327 1957 334 326 1958 333</p>
          <p>326 1959 333 370 1960 378 371 1961 379</p>
          <p>372 1962 380 328 1963 335 327 1964 334</p>
          <p>327 1965 334 371 1966 379 372 1967 380</p>
          <p>373 1968 381 329 1969 336 328 1970 335</p>
          <p>328 1971 335 372 1972 380 373 1973 381</p>
          <p>374 1974 382 330 1975 337 329 1976 336</p>
          <p>329 1977 336 373 1978 381 374 1979 382</p>
          <p>375 1980 383 331 1981 338 330 1982 337</p>
          <p>330 1983 337 374 1984 382 375 1985 383</p>
          <p>376 1986 384 332 1987 339 331 1988 338</p>
          <p>331 1989 338 375 1990 383 376 1991 384</p>
          <p>377 1992 385 333 1993 340 332 1994 339</p>
          <p>332 1995 339 376 1996 384 377 1997 385</p>
          <p>378 1998 386 334 1999 341 333 2000 340</p>
          <p>333 2001 340 377 2002 385 378 2003 386</p>
          <p>379 2004 387 335 2005 342 334 2006 341</p>
          <p>334 2007 341 378 2008 386 379 2009 387</p>
          <p>380 2010 388 336 2011 343 335 2012 342</p>
          <p>335 2013 342 379 2014 387 380 2015 388</p>
          <p>381 2016 389 337 2017 344 336 2018 343</p>
          <p>336 2019 343 380 2020 388 381 2021 389</p>
          <p>382 2022 390 338 2023 345 337 2024 344</p>
          <p>337 2025 344 381 2026 389 382 2027 390</p>
          <p>383 2028 391 339 2029 346 338 2030 345</p>
          <p>338 2031 345 382 2032 390 383 2033 391</p>
          <p>384 2034 392 340 2035 347 339 2036 346</p>
          <p>339 2037 346 383 2038 391 384 2039 392</p>
          <p>385 2040 393 341 2041 348 340 2042 347</p>
          <p>340 2043 347 384 2044 392 385 2045 393</p>
          <p>386 2046 394 342 2047 349 341 2048 348</p>
          <p>341 2049 348 385 2050 393 386 2051 394</p>
          <p>387 2052 395 343 2053 350 342 2054 349</p>
          <p>342 2055 349 386 2056 394 387 2057 395</p>
          <p>388 2058 396 344 2059 351 343 2060 350</p>
          <p>343 2061 350 387 2062 395 388 2063 396</p>
          <p>389 2064 397 345 2065 352 344 2066 351</p>
          <p>344 2067 351 388 2068 396 389 2069 397</p>
          <p>390 2070 398 346 2071 353 345 2072 352</p>
          <p>345 2073 352 389 2074 397 390 2075 398</p>
          <p>391 2076 399 347 2077 354 346 2078 353</p>
          <p>346 2079 353 390 2080 398 391 2081 399</p>
          <p>392 2082 400 348 2083 355 347 2084 354</p>
          <p>347 2085 354 391 2086 399 392 2087 400</p>
          <p>393 2088 401 349 2089 356 348 2090 355</p>
          <p>348 2091 355 392 2092 400 393 2093 401</p>
          <p>394 2094 402 350 2095 357 349 2096 356</p>
          <p>349 2097 356 393 2098 401 394 2099 402</p>
          <p>395 2100 403 351 2101 358 350 2102 357</p>
          <p>350 2103 357 394 2104 402 395 2105 403</p>
          <p>352 2106 404 308 2107 359 351 2108 358</p>
          <p>351 2109 358 395 2110 403 352 2111 404</p>
        </polygons>
      </mesh>
    </geometry>
  </library_geometries>
  <library_visual_scenes>
    <visual_scene id="RootNode" name="RootNode">
      <node id="obj1" name="obj1">
        <rotate sid="jointOrientX">1 0 0 -90.000000</rotate>
        <instance_geometry url="#obj1-lib">
          <bind_material>
            <technique_common>
              <instance_material symbol="mat1" target="#mat1"/>
            </technique_common>
          </bind_material>
        </instance_geometry>
      </node>
    </visual_scene>
  </library_visual_scenes>
  <scene>
    <instance_visual_scene url="#RootNode"/>
  </scene>
</COLLADA>

