<?xml version="1.0" encoding="utf-8"?>
<COLLADA xmlns="http://www.collada.org/2005/11/COLLADASchema" version="1.4.0">
  <asset>
    <contributor>
      <author></author>
      <authoring_tool>FBX COLLADA exporter</authoring_tool>
      <comments></comments>
    </contributor>
    <created>2009-10-21T01:26:24Z</created>
    <modified>2009-10-21T01:26:24Z</modified>
    <revision></revision>
    <title></title>
    <subject></subject>
    <keywords></keywords>
    <unit meter="0.010000"/>
    <up_axis>Y_UP</up_axis>
  </asset>
  <library_images>
    <image id="file2-image" name="file2">
      <init_from>file://C:/blendmagic/sample_database/model/distortion02_ks03.png</init_from>
    </image>
  </library_images>
  <library_materials>
    <material id="lambert3" name="lambert3">
      <instance_effect url="#lambert3-fx"/>
    </material>
  </library_materials>
  <library_effects>
    <effect id="lambert3-fx" name="lambert3">
      <profile_COMMON>
        <technique sid="standard">
          <lambert>
            <emission>
              <color sid="emission">0.000000  0.000000 0.000000 1.000000</color>
            </emission>
            <ambient>
              <color sid="ambient">0.000000  0.000000 0.000000 1.000000</color>
            </ambient>
            <diffuse>
              <texture texture="file2-image" texcoord="CHANNEL0">
                <extra>
                  <technique profile="MAYA">
                    <wrapU sid="wrapU0">TRUE</wrapU>
                    <wrapV sid="wrapV0">TRUE</wrapV>
                    <blend_mode>NONE</blend_mode>
                  </technique>
                </extra>
              </texture>
            </diffuse>
            <transparent>
              <color sid="transparent">0.000000  0.000000 0.000000 1.000000</color>
            </transparent>
            <transparency>
              <float sid="transparency">1.000000</float>
            </transparency>
          </lambert>
        </technique>
      </profile_COMMON>
    </effect>
  </library_effects>
  <library_geometries>
    <geometry id="wa04_moya-lib" name="wa04_moyaMesh">
      <mesh>
        <source id="wa04_moya-lib-Position">
          <float_array id="wa04_moya-lib-Position-array" count="1872">
1.133213 0.656924 0.037287
0.654261 1.135877 0.037287
0.000000 1.311186 0.037287
-0.654261 1.135877 0.037287
-1.133213 0.656924 0.037287
-1.308522 0.002663 0.037287
-1.133214 -0.651598 0.037287
-0.654261 -1.130550 0.037287
0.000000 -1.305859 0.037287
0.654261 -1.130550 0.037287
1.133214 -0.651598 0.037287
1.308522 0.002663 0.037287
2.168223 1.254487 0.037287
1.251824 2.170886 0.037287
0.000000 2.506311 0.037287
-1.251824 2.170886 0.037287
-2.168223 1.254488 0.037287
-2.503648 0.002663 0.037287
-2.168223 -1.249161 0.037287
-1.251824 -2.165560 0.037287
-0.000000 -2.500985 0.037287
1.251824 -2.165560 0.037287
2.168223 -1.249161 0.037287
2.503648 0.002663 0.037287
3.252335 1.880399 0.037287
1.877736 3.254997 0.037287
0.000000 3.758135 0.037287
-1.877736 3.254997 0.037287
-3.252334 1.880399 0.037287
-3.755472 0.002663 0.037287
-3.252335 -1.875073 0.037287
-1.877736 -3.249671 0.037287
0.000000 -3.752809 0.037287
1.877736 -3.249671 0.037287
3.252334 -1.875073 0.037287
3.755472 0.002664 0.037287
4.354672 2.516835 0.037287
2.514172 4.357336 0.037287
0.000000 5.031006 0.037286
-2.514172 4.357336 0.037287
-4.354672 2.516835 0.037287
-5.028342 0.002663 0.037287
-4.354672 -2.511508 0.037287
-2.514171 -4.352009 0.037287
0.000000 -5.025680 0.037287
2.514171 -4.352009 0.037287
4.354672 -2.511508 0.037287
5.028342 0.002663 0.037287
0.933142 0.935805 0.037287
0.341554 1.277359 0.037287
-0.341554 1.277359 0.037287
-0.933142 0.935805 0.037287
-1.274695 0.344217 0.037287
-1.274695 -0.338890 0.037287
-0.933142 -0.930478 0.037287
-0.341554 -1.272032 0.037287
0.341554 -1.272032 0.037287
0.933142 -0.930478 0.037287
1.274695 -0.338890 0.037287
1.274695 0.344217 0.037287
1.764100 1.766763 0.037287
0.645705 2.412468 0.037287
-0.645705 2.412468 0.037287
-1.764100 1.766763 0.037287
-2.409805 0.648369 0.037287
-2.409805 -0.643042 0.037287
-1.764100 -1.761436 0.037287
-0.645705 -2.407141 0.037287
0.645705 -2.407141 0.037287
1.764100 -1.761436 0.037287
2.409805 -0.643042 0.037287
2.409805 0.648369 0.037287
2.646149 2.648813 0.037287
0.968558 3.617370 0.037287
-0.968558 3.617371 0.037287
-2.646149 2.648813 0.037287
-3.614707 0.971221 0.037287
-3.614707 -0.965894 0.037287
-2.646149 -2.643486 0.037287
-0.968558 -3.612044 0.037287
0.968558 -3.612044 0.037287
2.646149 -2.643486 0.037287
3.614707 -0.965894 0.037287
3.614707 0.971221 0.037287
3.552529 3.555192 0.037287
1.300316 4.855507 0.037287
-1.300316 4.855507 0.037287
-3.552529 3.555192 0.037287
-4.852844 1.302979 0.037287
-4.852844 -1.297652 0.037287
-3.552529 -3.549865 0.037287
-1.300316 -4.850181 0.037287
1.300316 -4.850181 0.037287
3.552529 -3.549865 0.037287
4.852844 -1.297652 0.037287
4.852844 1.302979 0.037287
1.631389 0.944546 0.037287
0.941883 1.634053 0.037287
0.000000 1.886430 0.037287
-0.941883 1.634053 0.037287
-1.631389 0.944546 0.037287
-1.883766 0.002663 0.037287
-1.631389 -0.939220 0.037287
-0.941883 -1.628726 0.037287
-0.000000 -1.881103 0.037287
0.941883 -1.628726 0.037287
1.631389 -0.939220 0.037287
1.883766 0.002663 0.037287
2.710279 1.567443 0.037287
1.564780 2.712942 0.037287
0.000000 3.132223 0.037287
-1.564780 2.712942 0.037287
-2.710278 1.567443 0.037287
-3.129560 0.002663 0.037287
-2.710279 -1.562117 0.037287
-1.564780 -2.707615 0.037287
0.000000 -3.126897 0.037287
1.564780 -2.707615 0.037287
2.710278 -1.562117 0.037287
3.129560 0.002663 0.037287
3.791919 2.191929 0.037287
2.189265 3.794582 0.037287
0.000000 4.381194 0.037287
-2.189265 3.794582 0.037287
-3.791919 2.191929 0.037287
-4.378531 0.002663 0.037287
-3.791919 -2.186602 0.037287
-2.189265 -3.789255 0.037287
0.000000 -4.375867 0.037287
2.189265 -3.789255 0.037287
3.791919 -2.186602 0.037287
4.378531 0.002663 0.037287
1.328230 1.330893 0.037287
0.486166 1.817059 0.037287
-0.486166 1.817059 0.037287
-1.328230 1.330893 0.037287
-1.814396 0.488829 0.037287
-1.814396 -0.483502 0.037287
-1.328230 -1.325566 0.037287
-0.486166 -1.811732 0.037287
0.486166 -1.811732 0.037287
1.328230 -1.325566 0.037287
1.814396 -0.483502 0.037287
1.814396 0.488829 0.037287
2.205124 2.207788 0.037287
0.807132 3.014919 0.037287
-0.807132 3.014920 0.037287
-2.205124 2.207788 0.037287
-3.012256 0.809795 0.037287
-3.012256 -0.804468 0.037287
-2.205124 -2.202461 0.037287
-0.807132 -3.009593 0.037287
0.807132 -3.009593 0.037287
2.205124 -2.202461 0.037287
3.012256 -0.804468 0.037287
3.012256 0.809795 0.037287
3.086525 3.089188 0.037287
1.129746 4.218934 0.037287
-1.129746 4.218934 0.037287
-3.086525 3.089188 0.037287
-4.216271 1.132410 0.037287
-4.216271 -1.127083 0.037287
-3.086525 -3.083861 0.037287
-1.129746 -4.213608 0.037287
1.129746 -4.213608 0.037287
3.086525 -3.083861 0.037287
4.216271 -1.127083 0.037287
4.216271 1.132410 0.037287
1.045970 0.806192 0.037287
0.803529 1.048633 0.037287
0.504072 1.221524 0.037287
0.172891 1.310264 0.037287
-0.172891 1.310264 0.037287
-0.504072 1.221524 0.037287
-0.803529 1.048633 0.037287
-1.045970 0.806192 0.037287
-1.218861 0.506736 0.037287
-1.307601 0.175555 0.037287
-1.307601 -0.170228 0.037287
-1.218861 -0.501409 0.037287
-1.045970 -0.800865 0.037287
-0.803529 -1.043307 0.037287
-0.504072 -1.216198 0.037287
-0.172891 -1.304937 0.037287
0.172891 -1.304937 0.037287
0.504072 -1.216198 0.037287
0.803529 -1.043307 0.037287
1.045970 -0.800865 0.037287
1.218861 -0.501409 0.037287
1.307601 -0.170228 0.037287
1.307601 0.175555 0.037287
1.218861 0.506736 0.037287
2.007947 1.541969 0.037287
1.539306 2.010611 0.037287
0.969281 2.339715 0.037287
0.329104 2.511250 0.037287
-0.329104 2.511250 0.037287
-0.969281 2.339715 0.037287
-1.539306 2.010611 0.037287
-2.007947 1.541969 0.037287
-2.337051 0.971944 0.037287
-2.508586 0.331767 0.037287
-2.508586 -0.326440 0.037287
-2.337051 -0.966617 0.037287
-2.007947 -1.536642 0.037287
-1.539306 -2.005284 0.037287
-0.969281 -2.334388 0.037287
-0.329104 -2.505923 0.037287
0.329104 -2.505923 0.037287
0.969281 -2.334388 0.037287
1.539306 -2.005284 0.037287
2.007947 -1.536642 0.037287
2.337051 -0.966617 0.037287
2.508586 -0.326440 0.037287
2.508586 0.331767 0.037287
2.337051 0.971944 0.037287
3.011921 2.311622 0.037287
2.308958 3.014585 0.037287
1.453921 3.508240 0.037287
0.493656 3.765543 0.037287
-0.493656 3.765543 0.037287
-1.453921 3.508240 0.037287
-2.308958 3.014585 0.037287
-3.011921 2.311622 0.037287
-3.505577 1.456585 0.037287
-3.762880 0.496319 0.037287
-3.762880 -0.490992 0.037287
-3.505577 -1.451258 0.037287
-3.011921 -2.306295 0.037287
-2.308958 -3.009258 0.037287
-1.453921 -3.502914 0.037287
-0.493656 -3.760216 0.037287
0.493656 -3.760216 0.037287
1.453921 -3.502914 0.037287
2.308958 -3.009258 0.037287
3.011921 -2.306295 0.037287
3.505577 -1.451258 0.037287
3.762880 -0.490992 0.037287
3.762880 0.496319 0.037287
3.505577 1.456585 0.037287
4.002552 3.073571 0.037287
3.070908 4.005215 0.037287
1.930858 4.663423 0.037287
0.658208 5.004428 0.037286
-0.658208 5.004428 0.037286
-1.930858 4.663423 0.037287
-3.070908 4.005215 0.037287
-4.002552 3.073571 0.037287
-4.660759 1.933522 0.037287
-5.001765 0.660871 0.037287
-5.001765 -0.655544 0.037287
-4.660759 -1.928195 0.037287
-4.002552 -3.068244 0.037287
-3.070908 -3.999889 0.037287
-1.930858 -4.658097 0.037287
-0.658208 -4.999102 0.037287
0.658208 -4.999102 0.037287
1.930858 -4.658097 0.037287
3.070908 -3.999889 0.037287
4.002552 -3.068244 0.037287
4.660759 -1.928195 0.037287
5.001765 -0.655544 0.037287
5.001765 0.660871 0.037287
4.660759 1.933522 0.037287
1.376028 0.797114 0.037287
1.897195 1.098009 0.037287
0.794450 1.378692 0.037287
1.095346 1.899858 0.037287
0.000000 1.591564 0.037287
0.000000 2.193356 0.037287
-0.794450 1.378692 0.037287
-1.095346 1.899858 0.037287
-1.376028 0.797114 0.037287
-1.897195 1.098009 0.037287
-1.588901 0.002663 0.037287
-2.190692 0.002663 0.037287
-1.376029 -0.791787 0.037287
-1.897195 -1.092683 0.037287
-0.794450 -1.373365 0.037287
-1.095346 -1.894532 0.037287
0.000000 -1.586237 0.037287
0.000000 -2.188029 0.037287
0.794450 -1.373365 0.037287
1.095346 -1.894532 0.037287
1.376028 -0.791787 0.037287
1.897195 -1.092683 0.037287
1.588901 0.002663 0.037287
2.190692 0.002663 0.037287
2.439251 1.410965 0.037287
2.981306 1.723921 0.037287
1.408302 2.441914 0.037287
1.721258 2.983970 0.037287
0.000000 2.819267 0.037287
0.000000 3.445179 0.037287
-1.408302 2.441914 0.037287
-1.721258 2.983970 0.037287
-2.439250 1.410965 0.037287
-2.981306 1.723921 0.037287
-2.816604 0.002663 0.037287
-3.442516 0.002663 0.037287
-2.439251 -1.405639 0.037287
-2.981306 -1.718595 0.037287
-1.408302 -2.436587 0.037287
-1.721258 -2.978643 0.037287
0.000000 -2.813941 0.037287
0.000000 -3.439852 0.037287
1.408302 -2.436587 0.037287
1.721258 -2.978643 0.037287
2.439250 -1.405639 0.037287
2.981306 -1.718595 0.037287
2.816604 0.002663 0.037287
3.442516 0.002663 0.037287
3.523362 2.036877 0.037287
4.055533 2.344126 0.037287
2.034214 3.526025 0.037287
2.341463 4.058196 0.037287
0.000000 4.071091 0.037287
0.000000 4.685589 0.037287
-2.034214 3.526025 0.037287
-2.341463 4.058196 0.037287
-3.523362 2.036877 0.037287
-4.055533 2.344126 0.037287
-4.068429 0.002663 0.037287
-4.682926 0.002663 0.037287
-3.523362 -2.031550 0.037287
-4.055533 -2.338800 0.037287
-2.034214 -3.520699 0.037287
-2.341463 -4.052870 0.037287
0.000000 -4.065764 0.037287
0.000000 -4.680263 0.037287
2.034214 -3.520699 0.037287
2.341463 -4.052870 0.037287
3.523362 -2.031550 0.037287
4.055533 -2.338799 0.037287
4.068429 0.002663 0.037287
4.682926 0.002663 0.037287
1.511210 1.161377 0.037287
1.543587 1.546251 0.037287
1.158714 1.513874 0.037287
1.123183 1.125846 0.037287
0.729390 1.761744 0.037287
0.564992 2.111243 0.037287
0.247870 1.890767 0.037287
0.411113 1.536959 0.037287
-0.247870 1.890767 0.037287
-0.564992 2.111243 0.037287
-0.729390 1.761744 0.037287
-0.411113 1.536959 0.037287
-1.158714 1.513874 0.037287
-1.543587 1.546251 0.037287
-1.511210 1.161377 0.037287
-1.123183 1.125846 0.037287
-1.759080 0.732053 0.037287
-2.108579 0.567655 0.037287
-1.888103 0.250534 0.037287
-1.534296 0.413777 0.037287
-1.888103 -0.245207 0.037287
-2.108579 -0.562329 0.037287
-1.759080 -0.726726 0.037287
-1.534296 -0.408450 0.037287
-1.511210 -1.156050 0.037287
-1.543587 -1.540924 0.037287
-1.158714 -1.508547 0.037287
-1.123183 -1.120519 0.037287
-0.729390 -1.756417 0.037287
-0.564992 -2.105916 0.037287
-0.247870 -1.885440 0.037287
-0.411113 -1.531633 0.037287
0.247870 -1.885440 0.037287
0.564992 -2.105916 0.037287
0.729390 -1.756417 0.037287
0.411113 -1.531633 0.037287
1.158714 -1.508547 0.037287
1.543587 -1.540924 0.037287
1.511210 -1.156050 0.037287
1.123183 -1.120519 0.037287
1.759080 -0.726726 0.037287
2.108579 -0.562329 0.037287
1.888103 -0.245207 0.037287
1.534296 -0.408450 0.037287
1.888103 0.250534 0.037287
2.108579 0.567655 0.037287
1.759080 0.732053 0.037287
1.534296 0.413777 0.037287
2.509934 1.926795 0.037287
2.425637 2.428300 0.037287
1.924132 2.512598 0.037287
1.984612 1.987275 0.037287
1.211601 2.923977 0.037287
0.887845 3.316145 0.037287
0.411380 3.138396 0.037287
0.726418 2.713694 0.037287
-0.411380 3.138397 0.037287
-0.887845 3.316145 0.037287
-1.211601 2.923978 0.037287
-0.726418 2.713694 0.037287
-1.924132 2.512598 0.037287
-2.425637 2.428300 0.037287
-2.509934 1.926795 0.037287
-1.984612 1.987275 0.037287
-2.921314 1.214264 0.037287
-3.313482 0.890508 0.037287
-3.135733 0.414043 0.037287
-2.711030 0.729082 0.037287
-3.135733 -0.408716 0.037287
-3.313482 -0.885181 0.037287
-2.921314 -1.208938 0.037287
-2.711030 -0.723755 0.037287
-2.509934 -1.921468 0.037287
-2.425637 -2.422974 0.037287
-1.924132 -2.507271 0.037287
-1.984612 -1.981949 0.037287
-1.211601 -2.918651 0.037287
-0.887845 -3.310818 0.037287
-0.411380 -3.133070 0.037287
-0.726418 -2.708367 0.037287
0.411380 -3.133070 0.037287
0.887845 -3.310818 0.037287
1.211601 -2.918651 0.037287
0.726418 -2.708367 0.037287
1.924132 -2.507271 0.037287
2.425637 -2.422973 0.037287
2.509934 -1.921468 0.037287
1.984612 -1.981949 0.037287
2.921314 -1.208938 0.037287
3.313482 -0.885181 0.037287
3.135733 -0.408716 0.037287
2.711030 -0.723755 0.037287
3.135733 0.414043 0.037287
3.313482 0.890508 0.037287
2.921314 1.214264 0.037287
2.711030 0.729082 0.037287
3.512241 2.695485 0.037287
3.305088 3.307751 0.037287
2.692822 3.514904 0.037287
2.866662 2.869325 0.037287
1.695279 4.090835 0.037287
1.209746 4.517497 0.037287
0.575932 4.390763 0.037287
1.049271 3.918596 0.037287
-0.575932 4.390763 0.037287
-1.209746 4.517497 0.037287
-1.695279 4.090836 0.037287
-1.049271 3.918596 0.037287
-2.692822 3.514904 0.037287
-3.305088 3.307751 0.037287
-3.512241 2.695485 0.037287
-2.866662 2.869325 0.037287
-4.088172 1.697942 0.037287
-4.514834 1.212409 0.037287
-4.388100 0.578595 0.037287
-3.915933 1.051934 0.037287
-4.388101 -0.573268 0.037287
-4.514834 -1.207083 0.037287
-4.088172 -1.692615 0.037287
-3.915933 -1.046608 0.037287
-3.512241 -2.690158 0.037287
-3.305088 -3.302425 0.037287
-2.692822 -3.509577 0.037287
-2.866662 -2.863998 0.037287
-1.695279 -4.085509 0.037287
-1.209746 -4.512171 0.037287
-0.575932 -4.385437 0.037287
-1.049271 -3.913270 0.037287
0.575932 -4.385437 0.037287
1.209746 -4.512171 0.037287
1.695279 -4.085509 0.037287
1.049271 -3.913269 0.037287
2.692822 -3.509577 0.037287
3.305088 -3.302425 0.037287
3.512241 -2.690158 0.037287
2.866662 -2.863998 0.037287
4.088172 -1.692615 0.037287
4.514834 -1.207083 0.037287
4.388100 -0.573269 0.037287
3.915933 -1.046608 0.037287
4.388101 0.578595 0.037287
4.514834 1.212410 0.037287
4.088172 1.697942 0.037287
3.915933 1.051934 0.037287
1.756954 1.349556 0.037287
1.346892 1.759618 0.037287
0.979004 1.278629 0.037287
1.275965 0.981667 0.037287
0.848121 2.047584 0.037287
0.287966 2.197676 0.037287
0.209860 1.597184 0.037287
0.615516 1.488488 0.037287
-0.287966 2.197677 0.037287
-0.848121 2.047583 0.037287
-0.615516 1.488488 0.037287
-0.209860 1.597184 0.037287
-1.346892 1.759618 0.037287
-1.756954 1.349556 0.037287
-1.275965 0.981667 0.037287
-0.979004 1.278629 0.037287
-2.044920 0.850784 0.037287
-2.195013 0.290629 0.037287
-1.594520 0.212523 0.037287
-1.485825 0.618180 0.037287
-2.195013 -0.285302 0.037287
-2.044920 -0.845457 0.037287
-1.485825 -0.612853 0.037287
-1.594520 -0.207196 0.037287
-1.756954 -1.344229 0.037287
-1.346892 -1.754291 0.037287
-0.979004 -1.273302 0.037287
-1.275965 -0.976341 0.037287
-0.848121 -2.042257 0.037287
-0.287966 -2.192350 0.037287
-0.209860 -1.591857 0.037287
-0.615516 -1.483161 0.037287
0.287966 -2.192349 0.037287
0.848121 -2.042257 0.037287
0.615516 -1.483161 0.037287
0.209860 -1.591857 0.037287
1.346892 -1.754291 0.037287
1.756954 -1.344229 0.037287
1.275965 -0.976341 0.037287
0.979004 -1.273302 0.037287
2.044920 -0.845457 0.037287
2.195013 -0.285302 0.037287
1.594520 -0.207196 0.037287
1.485825 -0.612853 0.037287
2.195013 0.290629 0.037287
2.044920 0.850784 0.037287
1.485825 0.618180 0.037287
1.594520 0.212523 0.037287
2.760928 2.119208 0.037287
2.116545 2.763591 0.037287
1.731719 2.261604 0.037287
2.258941 1.734382 0.037287
1.332761 3.216109 0.037287
0.452518 3.451970 0.037287
0.370242 2.824823 0.037287
1.090441 2.631846 0.037287
-0.452518 3.451970 0.037287
-1.332761 3.216109 0.037287
-1.090441 2.631846 0.037287
-0.370242 2.824823 0.037287
-2.116545 2.763591 0.037287
-2.760928 2.119209 0.037287
-2.258941 1.734382 0.037287
-1.731719 2.261604 0.037287
-3.213445 1.335425 0.037287
-3.449306 0.455181 0.037287
-2.822160 0.372905 0.037287
-2.629183 1.093104 0.037287
-3.449306 -0.449854 0.037287
-3.213446 -1.330098 0.037287
-2.629183 -1.087777 0.037287
-2.822160 -0.367578 0.037287
-2.760928 -2.113882 0.037287
-2.116545 -2.758265 0.037287
-1.731719 -2.256278 0.037287
-2.258941 -1.729055 0.037287
-1.332761 -3.210782 0.037287
-0.452518 -3.446643 0.037287
-0.370242 -2.819496 0.037287
-1.090441 -2.626520 0.037287
0.452518 -3.446643 0.037287
1.332761 -3.210782 0.037287
1.090441 -2.626520 0.037287
0.370242 -2.819496 0.037287
2.116545 -2.758265 0.037287
2.760928 -2.113882 0.037287
2.258941 -1.729055 0.037287
1.731719 -2.256278 0.037287
3.213445 -1.330098 0.037287
3.449306 -0.449854 0.037287
2.822160 -0.367578 0.037287
2.629183 -1.087777 0.037287
3.449306 0.455181 0.037287
3.213446 1.335424 0.037287
2.629183 1.093104 0.037287
2.822160 0.372905 0.037287
3.758230 2.885009 0.037287
2.882346 3.760893 0.037287
2.501371 3.265578 0.037287
3.262915 2.504035 0.037287
1.813550 4.377963 0.037287
0.617070 4.698559 0.037287
0.534794 4.079116 0.037287
1.575081 3.800372 0.037287
-0.617070 4.698559 0.037287
-1.813550 4.377963 0.037287
-1.575081 3.800372 0.037287
-0.534794 4.079116 0.037287
-2.882346 3.760893 0.037287
-3.758230 2.885009 0.037287
-3.262915 2.504035 0.037287
-2.501371 3.265578 0.037287
-4.375300 1.816213 0.037287
-4.695895 0.619733 0.037287
-4.076453 0.537457 0.037287
-3.797709 1.577745 0.037287
-4.695896 -0.614406 0.037287
-4.375299 -1.810886 0.037287
-3.797709 -1.572418 0.037287
-4.076453 -0.532130 0.037287
-3.758230 -2.879683 0.037287
-2.882346 -3.755567 0.037287
-2.501371 -3.260251 0.037287
-3.262915 -2.498708 0.037287
-1.813550 -4.372636 0.037287
-0.617070 -4.693233 0.037287
-0.534794 -4.073789 0.037287
-1.575081 -3.795045 0.037287
0.617070 -4.693233 0.037287
1.813550 -4.372636 0.037287
1.575081 -3.795045 0.037287
0.534794 -4.073789 0.037287
2.882346 -3.755567 0.037287
3.758230 -2.879683 0.037287
3.262915 -2.498708 0.037287
2.501371 -3.260251 0.037287
4.375300 -1.810887 0.037287
4.695895 -0.614407 0.037287
4.076453 -0.532130 0.037287
3.797709 -1.572418 0.037287
4.695896 0.619733 0.037287
4.375299 1.816213 0.037287
3.797709 1.577745 0.037287
4.076453 0.537457 0.037287
</float_array>
          <technique_common>
            <accessor source="#wa04_moya-lib-Position-array" count="624" stride="3">
              <param name="X" type="float"/>
              <param name="Y" type="float"/>
              <param name="Z" type="float"/>
            </accessor>
          </technique_common>
        </source>
        <source id="wa04_moya-lib-Normal0">
          <float_array id="wa04_moya-lib-Normal0-array" count="1872">
-0.000000 -0.000000 1.000000
0.000000 -0.000000 1.000000
0.000000 -0.000000 1.000000
0.000000 -0.000000 1.000000
0.000000 -0.000000 1.000000
-0.000000 0.000000 1.000000
0.000000 0.000000 1.000000
0.000000 0.000000 1.000000
-0.000000 0.000000 1.000000
-0.000000 0.000000 1.000000
0.000000 0.000000 1.000000
0.000000 0.000000 1.000000
-0.000000 0.000000 1.000000
0.000000 0.000000 1.000000
-0.000000 0.000000 1.000000
-0.000000 0.000000 1.000000
-0.000000 0.000000 1.000000
0.000000 0.000000 1.000000
0.000000 0.000000 1.000000
0.000000 0.000000 1.000000
0.000000 0.000000 1.000000
-0.000000 0.000000 1.000000
0.000000 0.000000 1.000000
-0.000000 0.000000 1.000000
-0.000000 0.000000 1.000000
0.000000 0.000000 1.000000
0.000000 -0.000000 1.000000
-0.000000 0.000000 1.000000
0.000000 0.000000 1.000000
-0.000000 -0.000000 1.000000
0.000000 0.000000 1.000000
-0.000000 0.000000 1.000000
-0.000000 0.000000 1.000000
-0.000000 0.000000 1.000000
0.000000 0.000000 1.000000
0.000000 -0.000000 1.000000
0.000000 0.000000 1.000000
-0.000000 -0.000000 1.000000
-0.000000 0.000001 1.000000
0.000000 -0.000000 1.000000
-0.000000 0.000000 1.000000
-0.000000 0.000000 1.000000
0.000000 0.000000 1.000000
-0.000000 0.000000 1.000000
-0.000000 0.000000 1.000000
0.000000 0.000000 1.000000
-0.000000 0.000000 1.000000
0.000000 -0.000000 1.000000
0.000000 -0.000000 1.000000
0.000000 0.000000 1.000000
-0.000000 0.000000 1.000000
-0.000000 -0.000000 1.000000
0.000000 0.000000 1.000000
0.000000 -0.000000 1.000000
-0.000000 0.000000 1.000000
-0.000000 0.000000 1.000000
0.000000 0.000000 1.000000
0.000000 0.000000 1.000000
-0.000000 -0.000000 1.000000
-0.000000 0.000000 1.000000
-0.000000 0.000000 1.000000
-0.000000 0.000000 1.000000
0.000000 0.000000 1.000000
-0.000000 -0.000000 1.000000
0.000000 0.000000 1.000000
0.000000 -0.000000 1.000000
-0.000000 0.000000 1.000000
0.000000 0.000000 1.000000
-0.000000 0.000000 1.000000
0.000000 0.000000 1.000000
-0.000000 -0.000000 1.000000
-0.000000 0.000000 1.000000
0.000000 -0.000000 1.000000
0.000000 -0.000000 1.000000
-0.000000 -0.000000 1.000000
-0.000000 -0.000000 1.000000
-0.000000 -0.000000 1.000000
-0.000000 0.000000 1.000000
-0.000000 0.000000 1.000000
0.000000 0.000000 1.000000
-0.000000 0.000000 1.000000
-0.000000 0.000000 1.000000
0.000000 0.000000 1.000000
0.000000 -0.000000 1.000000
0.000000 -0.000000 1.000000
-0.000000 0.000000 1.000000
0.000000 0.000000 1.000000
-0.000000 -0.000000 1.000000
-0.000000 -0.000000 1.000000
-0.000000 0.000000 1.000000
0.000000 0.000000 1.000000
0.000000 0.000000 1.000000
0.000000 0.000000 1.000000
0.000000 0.000000 1.000000
0.000000 0.000000 1.000000
0.000000 -0.000000 1.000000
-0.000000 -0.000000 1.000000
0.000000 0.000000 1.000000
-0.000000 0.000000 1.000000
-0.000000 0.000000 1.000000
-0.000000 0.000000 1.000000
0.000000 -0.000000 1.000000
0.000000 0.000000 1.000000
-0.000000 0.000000 1.000000
-0.000000 0.000000 1.000000
0.000000 0.000000 1.000000
-0.000000 0.000000 1.000000
-0.000000 0.000000 1.000000
0.000000 0.000000 1.000000
-0.000000 -0.000000 1.000000
-0.000000 -0.000000 1.000000
0.000000 -0.000000 1.000000
0.000000 -0.000000 1.000000
-0.000000 0.000000 1.000000
0.000000 0.000000 1.000000
-0.000000 0.000000 1.000000
-0.000000 0.000000 1.000000
-0.000000 0.000000 1.000000
-0.000000 0.000000 1.000000
0.000000 -0.000000 1.000000
0.000000 0.000000 1.000000
-0.000000 -0.000000 1.000000
-0.000000 0.000000 1.000000
0.000000 -0.000000 1.000000
-0.000000 0.000000 1.000000
0.000000 -0.000000 1.000000
-0.000000 0.000000 1.000000
0.000000 0.000000 1.000000
-0.000000 0.000000 1.000000
-0.000000 0.000000 1.000000
-0.000000 0.000000 1.000000
0.000000 0.000000 1.000000
0.000000 -0.000000 1.000000
0.000000 0.000000 1.000000
0.000000 0.000000 1.000000
-0.000000 -0.000000 1.000000
0.000000 0.000000 1.000000
0.000000 -0.000000 1.000000
0.000000 0.000000 1.000000
0.000000 0.000000 1.000000
-0.000000 0.000000 1.000000
0.000000 0.000000 1.000000
-0.000000 -0.000000 1.000000
-0.000000 0.000000 1.000000
-0.000000 -0.000000 1.000000
-0.000000 -0.000000 1.000000
0.000000 -0.000000 1.000000
0.000000 -0.000000 1.000000
-0.000000 0.000000 1.000000
-0.000000 -0.000000 1.000000
0.000000 0.000000 1.000000
0.000000 0.000000 1.000000
-0.000000 0.000000 1.000000
-0.000000 0.000000 1.000000
0.000000 -0.000000 1.000000
0.000000 0.000000 1.000000
0.000000 -0.000000 1.000000
-0.000000 0.000000 1.000000
0.000000 0.000000 1.000000
-0.000000 -0.000000 1.000000
-0.000000 -0.000000 1.000000
-0.000000 0.000000 1.000000
0.000000 0.000000 1.000000
-0.000000 0.000000 1.000000
-0.000000 0.000000 1.000000
0.000000 0.000000 1.000000
0.000000 0.000000 1.000000
0.000000 -0.000000 1.000000
0.000000 -0.000000 1.000000
0.000000 -0.000000 1.000000
0.000000 -0.000000 1.000000
0.000000 -0.000000 1.000000
0.000000 -0.000000 1.000000
-0.000000 -0.000000 1.000000
-0.000000 -0.000000 1.000000
-0.000000 -0.000000 1.000000
0.000000 0.000000 1.000000
-0.000000 0.000000 1.000000
-0.000000 -0.000000 1.000000
0.000000 -0.000000 1.000000
-0.000000 0.000000 1.000000
0.000000 0.000000 1.000000
0.000000 0.000000 1.000000
-0.000000 0.000000 1.000000
0.000000 0.000000 1.000000
0.000000 0.000000 1.000000
0.000000 0.000000 1.000000
0.000000 0.000000 1.000000
-0.000000 -0.000000 1.000000
0.000000 -0.000000 1.000000
0.000000 0.000000 1.000000
-0.000000 0.000000 1.000000
-0.000000 0.000000 1.000000
-0.000000 0.000000 1.000000
0.000000 -0.000000 1.000000
-0.000000 0.000000 1.000000
0.000000 0.000000 1.000000
-0.000000 -0.000000 1.000000
0.000000 0.000000 1.000000
-0.000000 -0.000000 1.000000
0.000000 0.000000 1.000000
0.000000 0.000000 1.000000
0.000000 -0.000000 1.000000
0.000000 -0.000000 1.000000
0.000000 0.000000 1.000000
-0.000000 0.000000 1.000000
0.000000 0.000000 1.000000
0.000000 0.000000 1.000000
-0.000000 0.000000 1.000000
-0.000000 0.000000 1.000000
0.000000 0.000000 1.000000
-0.000000 0.000000 1.000000
-0.000000 -0.000000 1.000000
-0.000000 -0.000000 1.000000
-0.000000 0.000000 1.000000
-0.000000 0.000000 1.000000
0.000000 -0.000000 1.000000
0.000000 -0.000000 1.000000
0.000000 -0.000000 1.000000
0.000000 -0.000000 1.000000
-0.000000 -0.000000 1.000000
-0.000000 -0.000000 1.000000
-0.000000 -0.000000 1.000000
-0.000000 -0.000000 1.000000
0.000000 -0.000000 1.000000
-0.000000 -0.000000 1.000000
-0.000000 0.000000 1.000000
-0.000000 0.000000 1.000000
0.000000 0.000000 1.000000
-0.000000 0.000000 1.000000
0.000000 0.000000 1.000000
-0.000000 0.000000 1.000000
-0.000000 0.000000 1.000000
-0.000000 0.000000 1.000000
0.000000 0.000000 1.000000
-0.000000 0.000000 1.000000
0.000000 0.000000 1.000000
0.000000 0.000000 1.000000
0.000000 -0.000000 1.000000
0.000000 -0.000000 1.000000
0.000000 0.000000 1.000000
-0.000000 -0.000000 1.000000
-0.000000 -0.000000 1.000000
-0.000000 0.000001 1.000000
0.000000 0.000001 1.000000
0.000000 -0.000000 1.000000
0.000000 -0.000000 1.000000
-0.000000 0.000000 1.000000
-0.000000 0.000000 1.000000
-0.000000 -0.000000 1.000000
-0.000000 0.000000 1.000000
0.000000 0.000000 1.000000
0.000000 0.000000 1.000000
0.000000 0.000000 1.000000
-0.000000 0.000000 1.000000
-0.000000 0.000000 1.000000
0.000000 0.000000 1.000000
0.000000 0.000000 1.000000
0.000000 0.000000 1.000000
-0.000000 0.000000 1.000000
-0.000000 0.000000 1.000000
0.000000 0.000000 1.000000
0.000000 -0.000000 1.000000
0.000000 0.000000 1.000000
-0.000000 -0.000000 1.000000
-0.000000 -0.000000 1.000000
0.000000 0.000000 1.000000
0.000000 0.000000 1.000000
0.000000 0.000000 1.000000
-0.000000 0.000000 1.000000
-0.000000 0.000000 1.000000
-0.000000 0.000000 1.000000
0.000000 -0.000000 1.000000
-0.000000 0.000000 1.000000
-0.000000 0.000000 1.000000
0.000000 0.000000 1.000000
0.000000 0.000000 1.000000
-0.000000 0.000000 1.000000
0.000000 0.000000 1.000000
0.000000 0.000000 1.000000
-0.000000 0.000000 1.000000
0.000000 0.000000 1.000000
0.000000 0.000000 1.000000
0.000000 0.000000 1.000000
0.000000 0.000000 1.000000
-0.000000 0.000000 1.000000
0.000000 0.000000 1.000000
-0.000000 -0.000000 1.000000
0.000000 0.000000 1.000000
0.000000 0.000000 1.000000
-0.000000 -0.000000 1.000000
-0.000000 -0.000000 1.000000
-0.000000 -0.000000 1.000000
0.000000 -0.000000 1.000000
0.000000 -0.000000 1.000000
0.000000 -0.000000 1.000000
0.000000 -0.000000 1.000000
0.000000 -0.000000 1.000000
-0.000000 0.000000 1.000000
-0.000000 0.000000 1.000000
0.000000 0.000000 1.000000
-0.000000 0.000000 1.000000
0.000000 0.000000 1.000000
-0.000000 0.000000 1.000000
-0.000000 0.000000 1.000000
-0.000000 0.000000 1.000000
-0.000000 0.000000 1.000000
-0.000000 0.000000 1.000000
-0.000000 0.000000 1.000000
-0.000000 0.000000 1.000000
0.000000 0.000000 1.000000
0.000000 -0.000000 1.000000
-0.000000 -0.000000 1.000000
0.000000 0.000000 1.000000
-0.000000 -0.000000 1.000000
-0.000000 -0.000000 1.000000
-0.000000 0.000000 1.000000
-0.000000 0.000001 1.000000
0.000000 -0.000000 1.000000
0.000000 -0.000000 1.000000
0.000000 -0.000000 1.000000
-0.000000 0.000000 1.000000
0.000000 -0.000000 1.000000
-0.000000 0.000000 1.000000
0.000000 0.000000 1.000000
-0.000000 0.000000 1.000000
-0.000000 0.000000 1.000000
-0.000000 0.000000 1.000000
-0.000000 0.000000 1.000000
-0.000000 0.000000 1.000000
0.000000 0.000000 1.000000
0.000000 0.000000 1.000000
-0.000000 0.000000 1.000000
-0.000000 0.000000 1.000000
-0.000000 0.000000 1.000000
0.000000 -0.000000 1.000000
-0.000000 -0.000000 1.000000
-0.000000 0.000000 1.000000
0.000000 0.000000 1.000000
0.000000 -0.000000 1.000000
0.000000 0.000000 1.000000
0.000000 0.000000 1.000000
-0.000000 0.000000 1.000000
-0.000000 0.000000 1.000000
0.000000 0.000000 1.000000
0.000000 0.000000 1.000000
-0.000000 0.000000 1.000000
-0.000000 0.000000 1.000000
-0.000000 0.000000 1.000000
-0.000000 -0.000000 1.000000
-0.000000 -0.000000 1.000000
-0.000000 -0.000000 1.000000
0.000000 0.000000 1.000000
0.000000 0.000000 1.000000
0.000000 0.000000 1.000000
0.000000 0.000000 1.000000
0.000000 -0.000000 1.000000
0.000000 -0.000000 1.000000
0.000000 -0.000000 1.000000
0.000000 -0.000000 1.000000
0.000000 0.000000 1.000000
0.000000 0.000000 1.000000
0.000000 0.000000 1.000000
0.000000 0.000000 1.000000
-0.000000 0.000000 1.000000
0.000000 0.000000 1.000000
0.000000 0.000000 1.000000
-0.000000 0.000000 1.000000
0.000000 0.000000 1.000000
-0.000000 0.000000 1.000000
0.000000 0.000000 1.000000
0.000000 0.000000 1.000000
0.000000 0.000000 1.000000
0.000000 0.000000 1.000000
0.000000 0.000000 1.000000
0.000000 0.000000 1.000000
-0.000000 -0.000000 1.000000
-0.000000 -0.000000 1.000000
-0.000000 -0.000000 1.000000
-0.000000 -0.000000 1.000000
-0.000000 0.000000 1.000000
-0.000000 0.000000 1.000000
-0.000000 0.000000 1.000000
-0.000000 0.000000 1.000000
0.000000 0.000000 1.000000
0.000000 -0.000000 1.000000
-0.000000 -0.000000 1.000000
-0.000000 0.000000 1.000000
-0.000000 -0.000000 1.000000
0.000000 -0.000000 1.000000
-0.000000 -0.000000 1.000000
-0.000000 -0.000000 1.000000
0.000000 -0.000000 1.000000
-0.000000 -0.000000 1.000000
0.000000 -0.000000 1.000000
0.000000 -0.000000 1.000000
0.000000 -0.000000 1.000000
-0.000000 -0.000000 1.000000
0.000000 -0.000000 1.000000
-0.000000 -0.000000 1.000000
0.000000 0.000000 1.000000
-0.000000 -0.000000 1.000000
-0.000000 0.000000 1.000000
0.000000 0.000000 1.000000
-0.000000 -0.000000 1.000000
-0.000000 0.000000 1.000000
-0.000000 -0.000000 1.000000
-0.000000 -0.000000 1.000000
0.000000 0.000000 1.000000
0.000000 0.000000 1.000000
-0.000000 0.000000 1.000000
0.000000 0.000000 1.000000
0.000000 0.000000 1.000000
-0.000000 0.000000 1.000000
0.000000 0.000000 1.000000
0.000000 0.000000 1.000000
-0.000000 0.000000 1.000000
0.000000 0.000000 1.000000
-0.000000 0.000000 1.000000
-0.000000 0.000000 1.000000
0.000000 0.000000 1.000000
0.000000 0.000000 1.000000
-0.000000 0.000000 1.000000
-0.000000 0.000000 1.000000
0.000000 -0.000000 1.000000
0.000000 0.000000 1.000000
0.000000 -0.000000 1.000000
0.000000 -0.000000 1.000000
0.000000 0.000000 1.000000
0.000000 -0.000000 1.000000
0.000000 0.000000 1.000000
0.000000 0.000000 1.000000
0.000000 -0.000000 1.000000
0.000000 -0.000000 1.000000
-0.000000 -0.000000 1.000000
0.000000 -0.000000 1.000000
-0.000000 -0.000000 1.000000
-0.000000 0.000000 1.000000
-0.000000 0.000000 1.000000
0.000000 0.000000 1.000000
0.000000 0.000000 1.000000
0.000000 0.000000 1.000000
0.000000 -0.000000 1.000000
-0.000000 0.000000 1.000000
0.000000 -0.000000 1.000000
-0.000000 -0.000000 1.000000
-0.000000 -0.000000 1.000000
-0.000000 -0.000000 1.000000
-0.000000 0.000000 1.000000
-0.000000 -0.000000 1.000000
-0.000000 -0.000000 1.000000
0.000000 -0.000000 1.000000
-0.000000 0.000000 1.000000
-0.000000 0.000000 1.000000
-0.000000 0.000000 1.000000
0.000000 0.000000 1.000000
0.000000 0.000000 1.000000
-0.000000 0.000000 1.000000
0.000000 0.000000 1.000000
0.000000 0.000000 1.000000
0.000000 0.000000 1.000000
0.000000 0.000000 1.000000
0.000000 0.000000 1.000000
-0.000000 0.000000 1.000000
-0.000000 0.000000 1.000000
-0.000000 0.000000 1.000000
-0.000000 0.000000 1.000000
-0.000000 0.000000 1.000000
0.000000 0.000000 1.000000
0.000000 0.000000 1.000000
-0.000000 0.000000 1.000000
0.000000 0.000000 1.000000
0.000000 0.000000 1.000000
0.000000 0.000000 1.000000
0.000000 0.000000 1.000000
-0.000000 0.000000 1.000000
0.000000 -0.000000 1.000000
0.000000 -0.000000 1.000000
0.000000 0.000000 1.000000
-0.000000 -0.000000 1.000000
-0.000000 -0.000000 1.000000
-0.000000 0.000000 1.000000
0.000000 -0.000000 1.000000
0.000000 -0.000000 1.000000
0.000000 0.000000 1.000000
-0.000000 0.000000 1.000000
-0.000000 0.000000 1.000000
0.000000 0.000000 1.000000
0.000000 0.000000 1.000000
-0.000000 0.000000 1.000000
-0.000000 0.000000 1.000000
0.000000 0.000000 1.000000
-0.000000 0.000000 1.000000
-0.000000 -0.000000 1.000000
-0.000000 -0.000000 1.000000
-0.000000 -0.000000 1.000000
-0.000000 0.000000 1.000000
0.000000 0.000000 1.000000
-0.000000 0.000000 1.000000
0.000000 0.000000 1.000000
0.000000 -0.000000 1.000000
0.000000 -0.000000 1.000000
0.000000 -0.000000 1.000000
-0.000000 -0.000000 1.000000
0.000000 0.000000 1.000000
0.000000 0.000000 1.000000
0.000000 0.000000 1.000000
-0.000000 0.000000 1.000000
-0.000000 0.000000 1.000000
0.000000 0.000000 1.000000
-0.000000 0.000000 1.000000
0.000000 0.000000 1.000000
-0.000000 0.000000 1.000000
-0.000000 0.000000 1.000000
0.000000 0.000000 1.000000
0.000000 0.000000 1.000000
0.000000 0.000000 1.000000
0.000000 0.000000 1.000000
0.000000 0.000000 1.000000
0.000000 0.000000 1.000000
-0.000000 -0.000000 1.000000
-0.000000 -0.000000 1.000000
0.000000 -0.000000 1.000000
-0.000000 -0.000000 1.000000
-0.000000 0.000000 1.000000
-0.000000 0.000000 1.000000
-0.000000 0.000000 1.000000
0.000000 0.000000 1.000000
0.000000 -0.000000 1.000000
-0.000000 -0.000000 1.000000
-0.000000 -0.000000 1.000000
0.000000 0.000000 1.000000
0.000000 -0.000000 1.000000
0.000000 -0.000000 1.000000
-0.000000 -0.000000 1.000000
0.000000 -0.000000 1.000000
-0.000000 -0.000000 1.000000
-0.000000 -0.000000 1.000000
-0.000000 -0.000000 1.000000
0.000000 -0.000000 1.000000
0.000000 -0.000000 1.000000
-0.000000 -0.000000 1.000000
0.000000 -0.000000 1.000000
0.000000 -0.000000 1.000000
-0.000000 0.000000 1.000000
-0.000000 -0.000000 1.000000
-0.000000 0.000000 1.000000
0.000000 0.000000 1.000000
-0.000000 0.000000 1.000000
-0.000000 0.000000 1.000000
-0.000000 -0.000000 1.000000
-0.000000 -0.000000 1.000000
0.000000 0.000000 1.000000
-0.000000 0.000000 1.000000
-0.000000 0.000000 1.000000
0.000000 0.000000 1.000000
0.000000 0.000000 1.000000
-0.000000 0.000000 1.000000
0.000000 0.000000 1.000000
0.000000 0.000000 1.000000
-0.000000 0.000000 1.000000
-0.000000 0.000000 1.000000
-0.000000 0.000000 1.000000
-0.000000 0.000000 1.000000
0.000000 0.000000 1.000000
0.000000 0.000000 1.000000
-0.000000 0.000000 1.000000
-0.000000 0.000000 1.000000
0.000000 0.000000 1.000000
0.000000 0.000000 1.000000
0.000000 -0.000000 1.000000
0.000000 -0.000000 1.000000
0.000000 -0.000000 1.000000
0.000000 0.000000 1.000000
0.000000 0.000000 1.000000
0.000000 0.000000 1.000000
0.000000 0.000000 1.000000
-0.000000 -0.000000 1.000000
0.000000 -0.000000 1.000000
0.000000 -0.000000 1.000000
-0.000000 -0.000000 1.000000
-0.000000 0.000000 1.000000
0.000000 0.000000 1.000000
-0.000000 -0.000000 1.000000
0.000000 0.000000 1.000000
0.000000 -0.000000 1.000000
-0.000000 -0.000000 1.000000
-0.000000 0.000000 1.000000
0.000000 -0.000000 1.000000
-0.000000 0.000000 1.000000
-0.000000 -0.000000 1.000000
-0.000000 -0.000000 1.000000
-0.000000 0.000000 1.000000
-0.000000 -0.000000 1.000000
0.000000 -0.000000 1.000000
0.000000 -0.000000 1.000000
-0.000000 0.000000 1.000000
0.000000 0.000000 1.000000
0.000000 0.000000 1.000000
0.000000 0.000000 1.000000
0.000000 0.000000 1.000000
-0.000000 0.000000 1.000000
-0.000000 0.000000 1.000000
0.000000 0.000000 1.000000
-0.000000 0.000000 1.000000
0.000000 0.000000 1.000000
-0.000000 0.000000 1.000000
0.000000 0.000000 1.000000
-0.000000 0.000000 1.000000
0.000000 0.000000 1.000000
-0.000000 0.000000 1.000000
-0.000000 0.000000 1.000000
0.000000 0.000000 1.000000
-0.000000 0.000000 1.000000
-0.000000 0.000000 1.000000
0.000000 0.000000 1.000000
-0.000000 0.000000 1.000000
0.000000 0.000000 1.000000
-0.000000 0.000000 1.000000
0.000000 0.000000 1.000000
0.000000 -0.000000 1.000000
0.000000 0.000000 1.000000
-0.000000 -0.000000 1.000000
-0.000000 -0.000000 1.000000
</float_array>
          <technique_common>
            <accessor source="#wa04_moya-lib-Normal0-array" count="624" stride="3">
              <param name="X" type="float"/>
              <param name="Y" type="float"/>
              <param name="Z" type="float"/>
            </accessor>
          </technique_common>
        </source>
        <source id="wa04_moya-lib-UV0">
          <float_array id="wa04_moya-lib-UV0-array" count="1352">
0.868201 0.996823
0.623099 0.996823
0.503177 0.996823
0.369667 0.996823
0.124439 0.996823
0.004518 0.996823
0.868201 0.996823
0.623099 0.996823
0.503177 0.996823
0.369667 0.996823
0.124439 0.996823
0.004518 0.996823
0.850064 0.670731
0.642659 0.670731
0.503177 0.670731
0.352211 0.670731
0.144018 0.670731
0.997227 0.672211
0.850064 0.672211
0.642659 0.672211
0.503177 0.672211
0.352211 0.672211
0.144018 0.672211
0.997227 0.670731
0.850064 0.297806
0.642659 0.297806
0.503177 0.297806
0.352211 0.297806
0.144018 0.297806
0.997227 0.299286
0.850064 0.299286
0.642659 0.299286
0.503177 0.299286
0.352211 0.299286
0.144018 0.299286
0.997227 0.297806
0.868201 0.000169
0.623099 0.000169
0.503177 0.000169
0.369667 0.000169
0.124439 0.000169
0.997227 0.000169
0.868201 0.000169
0.623099 0.000169
0.503177 0.000169
0.369667 0.000169
0.124439 0.000169
0.997227 0.000169
0.503177 0.299286
0.503177 0.000169
0.004518 0.297806
0.004518 0.000169
0.503177 0.672211
0.004518 0.670731
0.503177 0.996823
0.997227 0.996823
0.503177 0.297806
0.503177 0.000169
0.503177 0.670731
0.503177 0.996823
0.004518 0.299286
0.004518 0.000169
0.004518 0.672211
0.997227 0.996823
0.745775 0.839907
0.564850 0.839907
0.434895 0.839907
0.247239 0.839907
0.066192 0.839907
0.931127 0.840756
0.745775 0.840756
0.564850 0.840756
0.434895 0.840756
0.247239 0.840756
0.066192 0.840756
0.931127 0.839907
0.745792 0.482161
0.565094 0.482161
0.434676 0.482161
0.247265 0.482161
0.066437 0.482161
0.930901 0.483860
0.745792 0.483860
0.565094 0.483860
0.434676 0.483860
0.247265 0.483860
0.066437 0.483860
0.930901 0.482161
0.745775 0.140750
0.564850 0.140750
0.434895 0.140750
0.247239 0.140750
0.066192 0.140750
0.931127 0.141600
0.745775 0.141600
0.564850 0.141600
0.434895 0.141600
0.247239 0.141600
0.066192 0.141600
0.931127 0.140750
0.851425 0.839907
0.745792 0.670731
0.641192 0.839907
0.745650 0.996823
0.565094 0.670731
0.503177 0.839907
0.563138 0.996823
0.503177 0.839907
0.434676 0.670731
0.353520 0.839907
0.436422 0.996823
0.247265 0.670731
0.142550 0.839907
0.247053 0.996823
0.066437 0.670731
0.004518 0.839907
0.064479 0.996823
0.997227 0.840756
0.930901 0.672211
0.851425 0.840756
0.932714 0.996823
0.745792 0.672211
0.641192 0.840756
0.745650 0.996823
0.565094 0.672211
0.503177 0.840756
0.563138 0.996823
0.503177 0.840756
0.434676 0.672211
0.353520 0.840756
0.436422 0.996823
0.247265 0.672211
0.142550 0.840756
0.247053 0.996823
0.066437 0.672211
0.004518 0.840756
0.064479 0.996823
0.997227 0.839907
0.930901 0.670731
0.932714 0.996823
0.850064 0.482161
0.745792 0.297806
0.642659 0.482161
0.565094 0.297806
0.503177 0.482161
0.503177 0.482161
0.434676 0.297806
0.352211 0.482161
0.247265 0.297806
0.144018 0.482161
0.066437 0.297806
0.004518 0.482161
0.997227 0.483860
0.930901 0.299286
0.850064 0.483860
0.745792 0.299286
0.642659 0.483860
0.565094 0.299286
0.503177 0.483860
0.503177 0.483860
0.434676 0.299286
0.352211 0.483860
0.247265 0.299286
0.144018 0.483860
0.066437 0.299286
0.004518 0.483860
0.997227 0.482161
0.930901 0.297806
0.851425 0.140750
0.745650 0.000169
0.641192 0.140750
0.563138 0.000169
0.503177 0.140750
0.503177 0.140750
0.436422 0.000169
0.353520 0.140750
0.247053 0.000169
0.142550 0.140750
0.064479 0.000169
0.004518 0.140750
0.997227 0.141600
0.932714 0.000169
0.851425 0.141600
0.745650 0.000169
0.641192 0.141600
0.563138 0.000169
0.503177 0.141600
0.503177 0.141600
0.436422 0.000169
0.353520 0.141600
0.247053 0.000169
0.142550 0.141600
0.064479 0.000169
0.004518 0.141600
0.997227 0.140750
0.932714 0.000169
0.799671 0.757617
0.692198 0.757617
0.688287 0.919131
0.803298 0.919131
0.600942 0.757617
0.533158 0.757617
0.533158 0.919131
0.597031 0.919131
0.469800 0.757617
0.396062 0.757617
0.399553 0.919131
0.469800 0.919131
0.301378 0.757617
0.193578 0.757617
0.189662 0.919131
0.304869 0.919131
0.102291 0.757617
0.034498 0.757617
0.034498 0.919131
0.098375 0.919131
0.964971 0.758824
0.893203 0.758823
0.896830 0.919570
0.964971 0.919570
0.799671 0.758824
0.692198 0.758824
0.688287 0.919570
0.803298 0.919570
0.600942 0.758824
0.533158 0.758823
0.533158 0.919570
0.597031 0.919570
0.469800 0.758824
0.396062 0.758824
0.399553 0.919570
0.469800 0.919570
0.301378 0.758824
0.193578 0.758824
0.189662 0.919570
0.304869 0.919570
0.102291 0.758824
0.034498 0.758823
0.034498 0.919570
0.098375 0.919570
0.964971 0.757617
0.893203 0.757617
0.896830 0.919131
0.964971 0.919131
0.799671 0.387661
0.692198 0.387661
0.692198 0.577715
0.799671 0.577715
0.600942 0.387661
0.533158 0.387661
0.533158 0.577715
0.600942 0.577715
0.469800 0.387661
0.396062 0.387661
0.396062 0.577715
0.469800 0.577715
0.301378 0.387661
0.193578 0.387661
0.193578 0.577715
0.301378 0.577715
0.102291 0.387661
0.034498 0.387661
0.034498 0.577715
0.102291 0.577715
0.964971 0.389305
0.893203 0.389305
0.893203 0.579359
0.964971 0.579359
0.799671 0.389305
0.692198 0.389305
0.692198 0.579359
0.799671 0.579359
0.600942 0.389305
0.533158 0.389305
0.533158 0.579359
0.600942 0.579359
0.469800 0.389305
0.396062 0.389305
0.396062 0.579359
0.469800 0.579359
0.301378 0.389305
0.193578 0.389305
0.193578 0.579359
0.301378 0.579359
0.102291 0.389305
0.034498 0.389305
0.034498 0.579359
0.102291 0.579359
0.964971 0.387661
0.893203 0.387661
0.893203 0.577715
0.964971 0.577715
0.803298 0.069430
0.688287 0.069430
0.692198 0.216189
0.799671 0.216189
0.597031 0.069430
0.533158 0.069430
0.533158 0.216189
0.600942 0.216189
0.469800 0.069430
0.399553 0.069430
0.396062 0.216189
0.469800 0.216189
0.304869 0.069430
0.189662 0.069430
0.193578 0.216189
0.301378 0.216189
0.098375 0.069430
0.034498 0.069430
0.034498 0.216189
0.102291 0.216189
0.964971 0.069868
0.896830 0.069868
0.893203 0.217395
0.964971 0.217395
0.803298 0.069868
0.688287 0.069868
0.692198 0.217395
0.799671 0.217395
0.597031 0.069868
0.533158 0.069868
0.533158 0.217395
0.600942 0.217395
0.469800 0.069868
0.399553 0.069868
0.396062 0.217395
0.469800 0.217395
0.304869 0.069868
0.189662 0.069868
0.193578 0.217395
0.301378 0.217395
0.098375 0.069868
0.034498 0.069868
0.034498 0.217395
0.102291 0.217395
0.964971 0.069430
0.896830 0.069430
0.893203 0.216189
0.964971 0.216189
0.850064 0.757617
0.799671 0.670731
0.745793 0.757617
0.800578 0.839907
0.692198 0.670731
0.642658 0.757617
0.691220 0.839907
0.636791 0.919131
0.684375 0.996823
0.745721 0.919131
0.806926 0.996823
0.855505 0.919131
0.600942 0.670731
0.565094 0.757617
0.599964 0.839907
0.533158 0.670731
0.503177 0.757617
0.533158 0.839907
0.503177 0.919131
0.533158 0.996823
0.564116 0.919131
0.593119 0.996823
0.503177 0.757617
0.469800 0.670731
0.434676 0.757617
0.469800 0.839907
0.396062 0.670731
0.352211 0.757617
0.396935 0.839907
0.357448 0.919131
0.403044 0.996823
0.435549 0.919131
0.469800 0.996823
0.503177 0.919131
0.301378 0.670731
0.247265 0.757617
0.302250 0.839907
0.193578 0.670731
0.144018 0.757617
0.192599 0.839907
0.138145 0.919131
0.185746 0.996823
0.247159 0.919131
0.308360 0.996823
0.102291 0.670731
0.066437 0.757617
0.101312 0.839907
0.034498 0.670731
0.004518 0.757617
0.034498 0.839907
0.004518 0.919131
0.034498 0.996823
0.065458 0.919131
0.094459 0.996823
0.997227 0.758823
0.964971 0.672211
0.930901 0.758824
0.964971 0.840756
0.893203 0.672211
0.850064 0.758823
0.894110 0.840756
0.855505 0.919570
0.900458 0.996823
0.931808 0.919570
0.964971 0.996823
0.997227 0.919570
0.799671 0.672211
0.745793 0.758824
0.800578 0.840756
0.692198 0.672211
0.642658 0.758824
0.691220 0.840756
0.636791 0.919570
0.684375 0.996823
0.745721 0.919570
0.806926 0.996823
0.600942 0.672211
0.565094 0.758824
0.599964 0.840756
0.533158 0.672211
0.503177 0.758823
0.533158 0.840756
0.503177 0.919570
0.533158 0.996823
0.564116 0.919570
0.593119 0.996823
0.503177 0.758823
0.469800 0.672211
0.434676 0.758824
0.469800 0.840756
0.396062 0.672211
0.352211 0.758824
0.396935 0.840756
0.357448 0.919570
0.403044 0.996823
0.435549 0.919570
0.469800 0.996823
0.503177 0.919570
0.301378 0.672211
0.247265 0.758824
0.302250 0.840756
0.193578 0.672211
0.144018 0.758824
0.192599 0.840756
0.138145 0.919570
0.185746 0.996823
0.247159 0.919570
0.308360 0.996823
0.102291 0.672211
0.066437 0.758824
0.101312 0.840756
0.034498 0.672211
0.004518 0.758823
0.034498 0.840756
0.004518 0.919570
0.034498 0.996823
0.065458 0.919570
0.094459 0.996823
0.997227 0.757617
0.964971 0.670731
0.930901 0.757617
0.964971 0.839907
0.893203 0.670731
0.894110 0.839907
0.900458 0.996823
0.931808 0.919131
0.964971 0.996823
0.997227 0.919131
0.850064 0.387661
0.799671 0.297806
0.745793 0.387661
0.799671 0.482161
0.692198 0.297806
0.642658 0.387661
0.692198 0.482161
0.642658 0.577715
0.745792 0.577715
0.850064 0.577715
0.600942 0.297806
0.565094 0.387661
0.600942 0.482161
0.533158 0.297806
0.503177 0.387661
0.533158 0.482161
0.503177 0.577715
0.565094 0.577715
0.503177 0.387661
0.469800 0.297806
0.434676 0.387661
0.469800 0.482161
0.396062 0.297806
0.352211 0.387661
0.396062 0.482161
0.352211 0.577715
0.434676 0.577715
0.503177 0.577715
0.301378 0.297806
0.247265 0.387661
0.301378 0.482161
0.193578 0.297806
0.144018 0.387661
0.193578 0.482161
0.144018 0.577715
0.247265 0.577715
0.102291 0.297806
0.066437 0.387661
0.102291 0.482161
0.034498 0.297806
0.004518 0.387661
0.034498 0.482161
0.004518 0.577715
0.066437 0.577715
0.997227 0.389305
0.964971 0.299286
0.930901 0.389305
0.964971 0.483860
0.893203 0.299286
0.850064 0.389305
0.893203 0.483860
0.850064 0.579359
0.930901 0.579359
0.997227 0.579359
0.799671 0.299286
0.745793 0.389305
0.799671 0.483860
0.692198 0.299286
0.642658 0.389305
0.692198 0.483860
0.642658 0.579359
0.745792 0.579359
0.600942 0.299286
0.565094 0.389305
0.600942 0.483860
0.533158 0.299286
0.503177 0.389305
0.533158 0.483860
0.503177 0.579359
0.565094 0.579359
0.503177 0.389305
0.469800 0.299286
0.434676 0.389305
0.469800 0.483860
0.396062 0.299286
0.352211 0.389305
0.396062 0.483860
0.352211 0.579359
0.434676 0.579359
0.503177 0.579359
0.301378 0.299286
0.247265 0.389305
0.301378 0.483860
0.193578 0.299286
0.144018 0.389305
0.193578 0.483860
0.144018 0.579359
0.247265 0.579359
0.102291 0.299286
0.066437 0.389305
0.102291 0.483860
0.034498 0.299286
0.004518 0.389305
0.034498 0.483860
0.004518 0.579359
0.066437 0.579359
0.997227 0.387661
0.964971 0.297806
0.930901 0.387661
0.964971 0.482161
0.893203 0.297806
0.893203 0.482161
0.930901 0.577715
0.997227 0.577715
0.855505 0.069430
0.806926 0.000169
0.745721 0.069430
0.800578 0.140750
0.684375 0.000169
0.636791 0.069430
0.691220 0.140750
0.642658 0.216189
0.745792 0.216189
0.850064 0.216189
0.593119 0.000169
0.564116 0.069430
0.599964 0.140750
0.533158 0.000169
0.503177 0.069430
0.533158 0.140750
0.503177 0.216189
0.565094 0.216189
0.503177 0.069430
0.469800 0.000169
0.435549 0.069430
0.469800 0.140750
0.403044 0.000169
0.357448 0.069430
0.396935 0.140750
0.352211 0.216189
0.434676 0.216189
0.503177 0.216189
0.308360 0.000169
0.247159 0.069430
0.302250 0.140750
0.185746 0.000169
0.138145 0.069430
0.192599 0.140750
0.144018 0.216189
0.247265 0.216189
0.094459 0.000169
0.065458 0.069430
0.101312 0.140750
0.034498 0.000169
0.004518 0.069430
0.034498 0.140750
0.004518 0.216189
0.066437 0.216189
0.997227 0.069868
0.964971 0.000169
0.931808 0.069868
0.964971 0.141600
0.900458 0.000169
0.855505 0.069868
0.894110 0.141600
0.850064 0.217395
0.930901 0.217395
0.997227 0.217395
0.806926 0.000169
0.745721 0.069868
0.800578 0.141600
0.684375 0.000169
0.636791 0.069868
0.691220 0.141600
0.642658 0.217395
0.745792 0.217395
0.593119 0.000169
0.564116 0.069868
0.599964 0.141600
0.533158 0.000169
0.503177 0.069868
0.533158 0.141600
0.503177 0.217395
0.565094 0.217395
0.503177 0.069868
0.469800 0.000169
0.435549 0.069868
0.469800 0.141600
0.403044 0.000169
0.357448 0.069868
0.396935 0.141600
0.352211 0.217395
0.434676 0.217395
0.503177 0.217395
0.308360 0.000169
0.247159 0.069868
0.302250 0.141600
0.185746 0.000169
0.138145 0.069868
0.192599 0.141600
0.144018 0.217395
0.247265 0.217395
0.094459 0.000169
0.065458 0.069868
0.101312 0.141600
0.034498 0.000169
0.004518 0.069868
0.034498 0.141600
0.004518 0.217395
0.066437 0.217395
0.997227 0.069430
0.964971 0.000169
0.931807 0.069430
0.964971 0.140750
0.900458 0.000169
0.894110 0.140750
0.930901 0.216189
0.997227 0.216189
</float_array>
          <technique_common>
            <accessor source="#wa04_moya-lib-UV0-array" count="676" stride="2">
              <param name="S" type="float"/>
              <param name="T" type="float"/>
            </accessor>
          </technique_common>
        </source>
        <source id="wa04_moya-lib-VertexColors0">
          <float_array id="wa04_moya-lib-VertexColors0-array" count="9216">
0.750000 0.750000 0.750000 1.000000
1.000000 1.000000 1.000000 1.000000
1.000000 1.000000 1.000000 1.000000
0.750000 0.750000 0.750000 1.000000
1.000000 1.000000 1.000000 1.000000
1.000000 1.000000 1.000000 1.000000
0.750000 0.750000 0.750000 1.000000
0.750000 0.750000 0.750000 1.000000
0.750000 0.750000 0.750000 1.000000
0.500000 0.500000 0.500000 1.000000
0.500000 0.500000 0.500000 1.000000
0.750000 0.750000 0.750000 1.000000
0.500000 0.500000 0.500000 1.000000
0.500000 0.500000 0.500000 1.000000
0.750000 0.750000 0.750000 1.000000
0.750000 0.750000 0.750000 1.000000
1.000000 1.000000 1.000000 1.000000
1.000000 1.000000 1.000000 1.000000
0.750000 0.750000 0.750000 1.000000
0.750000 0.750000 0.750000 1.000000
0.750000 0.750000 0.750000 1.000000
0.500000 0.500000 0.500000 1.000000
0.500000 0.500000 0.500000 1.000000
0.750000 0.750000 0.750000 1.000000
0.500000 0.500000 0.500000 1.000000
0.500000 0.500000 0.500000 1.000000
0.750000 0.750000 0.750000 1.000000
0.750000 0.750000 0.750000 1.000000
0.750000 0.750000 0.750000 1.000000
1.000000 1.000000 1.000000 1.000000
1.000000 1.000000 1.000000 1.000000
0.750000 0.750000 0.750000 1.000000
0.250000 0.250000 0.250000 1.000000
0.000000 0.000000 0.000000 0.000000
0.000000 0.000000 0.000000 0.000000
0.250000 0.250000 0.250000 1.000000
0.000000 0.000000 0.000000 0.000000
0.000000 0.000000 0.000000 0.000000
0.250000 0.250000 0.250000 1.000000
0.250000 0.250000 0.250000 1.000000
0.250000 0.250000 0.250000 1.000000
0.500000 0.500000 0.500000 1.000000
0.500000 0.500000 0.500000 1.000000
0.250000 0.250000 0.250000 1.000000
0.500000 0.500000 0.500000 1.000000
0.500000 0.500000 0.500000 1.000000
0.250000 0.250000 0.250000 1.000000
0.250000 0.250000 0.250000 1.000000
0.000000 0.000000 0.000000 0.000000
0.000000 0.000000 0.000000 0.000000
0.250000 0.250000 0.250000 1.000000
0.250000 0.250000 0.250000 1.000000
0.250000 0.250000 0.250000 1.000000
0.500000 0.500000 0.500000 1.000000
0.500000 0.500000 0.500000 1.000000
0.250000 0.250000 0.250000 1.000000
0.500000 0.500000 0.500000 1.000000
0.500000 0.500000 0.500000 1.000000
0.250000 0.250000 0.250000 1.000000
0.250000 0.250000 0.250000 1.000000
0.250000 0.250000 0.250000 1.000000
0.000000 0.000000 0.000000 0.000000
0.000000 0.000000 0.000000 0.000000
0.250000 0.250000 0.250000 1.000000
0.750000 0.750000 0.750000 1.000000
1.000000 1.000000 1.000000 1.000000
1.000000 1.000000 1.000000 1.000000
0.750000 0.750000 0.750000 1.000000
1.000000 1.000000 1.000000 1.000000
1.000000 1.000000 1.000000 1.000000
0.750000 0.750000 0.750000 1.000000
0.750000 0.750000 0.750000 1.000000
0.750000 0.750000 0.750000 1.000000
0.500000 0.500000 0.500000 1.000000
0.500000 0.500000 0.500000 1.000000
0.750000 0.750000 0.750000 1.000000
0.500000 0.500000 0.500000 1.000000
0.500000 0.500000 0.500000 1.000000
0.750000 0.750000 0.750000 1.000000
0.750000 0.750000 0.750000 1.000000
1.000000 1.000000 1.000000 1.000000
1.000000 1.000000 1.000000 1.000000
0.750000 0.750000 0.750000 1.000000
0.750000 0.750000 0.750000 1.000000
0.750000 0.750000 0.750000 1.000000
0.500000 0.500000 0.500000 1.000000
0.500000 0.500000 0.500000 1.000000
0.750000 0.750000 0.750000 1.000000
0.500000 0.500000 0.500000 1.000000
0.500000 0.500000 0.500000 1.000000
0.750000 0.750000 0.750000 1.000000
0.750000 0.750000 0.750000 1.000000
0.750000 0.750000 0.750000 1.000000
1.000000 1.000000 1.000000 1.000000
1.000000 1.000000 1.000000 1.000000
0.750000 0.750000 0.750000 1.000000
0.250000 0.250000 0.250000 1.000000
0.000000 0.000000 0.000000 0.000000
0.000000 0.000000 0.000000 0.000000
0.250000 0.250000 0.250000 1.000000
0.000000 0.000000 0.000000 0.000000
0.000000 0.000000 0.000000 0.000000
0.250000 0.250000 0.250000 1.000000
0.250000 0.250000 0.250000 1.000000
0.250000 0.250000 0.250000 1.000000
0.500000 0.500000 0.500000 1.000000
0.500000 0.500000 0.500000 1.000000
0.250000 0.250000 0.250000 1.000000
0.500000 0.500000 0.500000 1.000000
0.500000 0.500000 0.500000 1.000000
0.250000 0.250000 0.250000 1.000000
0.250000 0.250000 0.250000 1.000000
0.000000 0.000000 0.000000 0.000000
0.000000 0.000000 0.000000 0.000000
0.250000 0.250000 0.250000 1.000000
0.250000 0.250000 0.250000 1.000000
0.250000 0.250000 0.250000 1.000000
0.500000 0.500000 0.500000 1.000000
0.500000 0.500000 0.500000 1.000000
0.250000 0.250000 0.250000 1.000000
0.500000 0.500000 0.500000 1.000000
0.500000 0.500000 0.500000 1.000000
0.250000 0.250000 0.250000 1.000000
0.250000 0.250000 0.250000 1.000000
0.250000 0.250000 0.250000 1.000000
0.000000 0.000000 0.000000 0.000000
0.000000 0.000000 0.000000 0.000000
0.250000 0.250000 0.250000 1.000000
0.750000 0.750000 0.750000 1.000000
1.000000 1.000000 1.000000 1.000000
1.000000 1.000000 1.000000 1.000000
0.750000 0.750000 0.750000 1.000000
1.000000 1.000000 1.000000 1.000000
1.000000 1.000000 1.000000 1.000000
0.750000 0.750000 0.750000 1.000000
0.750000 0.750000 0.750000 1.000000
0.750000 0.750000 0.750000 1.000000
0.500000 0.500000 0.500000 1.000000
0.500000 0.500000 0.500000 1.000000
0.750000 0.750000 0.750000 1.000000
0.500000 0.500000 0.500000 1.000000
0.500000 0.500000 0.500000 1.000000
0.750000 0.750000 0.750000 1.000000
0.750000 0.750000 0.750000 1.000000
1.000000 1.000000 1.000000 1.000000
1.000000 1.000000 1.000000 1.000000
0.750000 0.750000 0.750000 1.000000
0.750000 0.750000 0.750000 1.000000
0.750000 0.750000 0.750000 1.000000
0.500000 0.500000 0.500000 1.000000
0.500000 0.500000 0.500000 1.000000
0.750000 0.750000 0.750000 1.000000
0.500000 0.500000 0.500000 1.000000
0.500000 0.500000 0.500000 1.000000
0.750000 0.750000 0.750000 1.000000
0.750000 0.750000 0.750000 1.000000
0.750000 0.750000 0.750000 1.000000
1.000000 1.000000 1.000000 1.000000
1.000000 1.000000 1.000000 1.000000
0.750000 0.750000 0.750000 1.000000
0.250000 0.250000 0.250000 1.000000
0.000000 0.000000 0.000000 0.000000
0.000000 0.000000 0.000000 0.000000
0.250000 0.250000 0.250000 1.000000
0.000000 0.000000 0.000000 0.000000
0.000000 0.000000 0.000000 0.000000
0.250000 0.250000 0.250000 1.000000
0.250000 0.250000 0.250000 1.000000
0.250000 0.250000 0.250000 1.000000
0.500000 0.500000 0.500000 1.000000
0.500000 0.500000 0.500000 1.000000
0.250000 0.250000 0.250000 1.000000
0.500000 0.500000 0.500000 1.000000
0.500000 0.500000 0.500000 1.000000
0.250000 0.250000 0.250000 1.000000
0.250000 0.250000 0.250000 1.000000
0.000000 0.000000 0.000000 0.000000
0.000000 0.000000 0.000000 0.000000
0.250000 0.250000 0.250000 1.000000
0.250000 0.250000 0.250000 1.000000
0.250000 0.250000 0.250000 1.000000
0.500000 0.500000 0.500000 1.000000
0.500000 0.500000 0.500000 1.000000
0.250000 0.250000 0.250000 1.000000
0.500000 0.500000 0.500000 1.000000
0.500000 0.500000 0.500000 1.000000
0.250000 0.250000 0.250000 1.000000
0.250000 0.250000 0.250000 1.000000
0.250000 0.250000 0.250000 1.000000
0.000000 0.000000 0.000000 0.000000
0.000000 0.000000 0.000000 0.000000
0.250000 0.250000 0.250000 1.000000
0.750000 0.750000 0.750000 1.000000
1.000000 1.000000 1.000000 1.000000
1.000000 1.000000 1.000000 1.000000
0.750000 0.750000 0.750000 1.000000
1.000000 1.000000 1.000000 1.000000
1.000000 1.000000 1.000000 1.000000
0.750000 0.750000 0.750000 1.000000
0.750000 0.750000 0.750000 1.000000
0.750000 0.750000 0.750000 1.000000
0.500000 0.500000 0.500000 1.000000
0.500000 0.500000 0.500000 1.000000
0.750000 0.750000 0.750000 1.000000
0.500000 0.500000 0.500000 1.000000
0.500000 0.500000 0.500000 1.000000
0.750000 0.750000 0.750000 1.000000
0.750000 0.750000 0.750000 1.000000
1.000000 1.000000 1.000000 1.000000
1.000000 1.000000 1.000000 1.000000
0.750000 0.750000 0.750000 1.000000
0.750000 0.750000 0.750000 1.000000
0.750000 0.750000 0.750000 1.000000
0.500000 0.500000 0.500000 1.000000
0.500000 0.500000 0.500000 1.000000
0.750000 0.750000 0.750000 1.000000
0.500000 0.500000 0.500000 1.000000
0.500000 0.500000 0.500000 1.000000
0.750000 0.750000 0.750000 1.000000
0.750000 0.750000 0.750000 1.000000
0.750000 0.750000 0.750000 1.000000
1.000000 1.000000 1.000000 1.000000
1.000000 1.000000 1.000000 1.000000
0.750000 0.750000 0.750000 1.000000
0.250000 0.250000 0.250000 1.000000
0.000000 0.000000 0.000000 0.000000
0.000000 0.000000 0.000000 0.000000
0.250000 0.250000 0.250000 1.000000
0.000000 0.000000 0.000000 0.000000
0.000000 0.000000 0.000000 0.000000
0.250000 0.250000 0.250000 1.000000
0.250000 0.250000 0.250000 1.000000
0.250000 0.250000 0.250000 1.000000
0.500000 0.500000 0.500000 1.000000
0.500000 0.500000 0.500000 1.000000
0.250000 0.250000 0.250000 1.000000
0.500000 0.500000 0.500000 1.000000
0.500000 0.500000 0.500000 1.000000
0.250000 0.250000 0.250000 1.000000
0.250000 0.250000 0.250000 1.000000
0.000000 0.000000 0.000000 0.000000
0.000000 0.000000 0.000000 0.000000
0.250000 0.250000 0.250000 1.000000
0.250000 0.250000 0.250000 1.000000
0.250000 0.250000 0.250000 1.000000
0.500000 0.500000 0.500000 1.000000
0.500000 0.500000 0.500000 1.000000
0.250000 0.250000 0.250000 1.000000
0.500000 0.500000 0.500000 1.000000
0.500000 0.500000 0.500000 1.000000
0.250000 0.250000 0.250000 1.000000
0.250000 0.250000 0.250000 1.000000
0.250000 0.250000 0.250000 1.000000
0.000000 0.000000 0.000000 0.000000
0.000000 0.000000 0.000000 0.000000
0.250000 0.250000 0.250000 1.000000
0.750000 0.750000 0.750000 1.000000
1.000000 1.000000 1.000000 1.000000
1.000000 1.000000 1.000000 1.000000
0.750000 0.750000 0.750000 1.000000
1.000000 1.000000 1.000000 1.000000
1.000000 1.000000 1.000000 1.000000
0.750000 0.750000 0.750000 1.000000
0.750000 0.750000 0.750000 1.000000
0.750000 0.750000 0.750000 1.000000
0.500000 0.500000 0.500000 1.000000
0.500000 0.500000 0.500000 1.000000
0.750000 0.750000 0.750000 1.000000
0.500000 0.500000 0.500000 1.000000
0.500000 0.500000 0.500000 1.000000
0.750000 0.750000 0.750000 1.000000
0.750000 0.750000 0.750000 1.000000
1.000000 1.000000 1.000000 1.000000
1.000000 1.000000 1.000000 1.000000
0.750000 0.750000 0.750000 1.000000
0.750000 0.750000 0.750000 1.000000
0.750000 0.750000 0.750000 1.000000
0.500000 0.500000 0.500000 1.000000
0.500000 0.500000 0.500000 1.000000
0.750000 0.750000 0.750000 1.000000
0.500000 0.500000 0.500000 1.000000
0.500000 0.500000 0.500000 1.000000
0.750000 0.750000 0.750000 1.000000
0.750000 0.750000 0.750000 1.000000
0.750000 0.750000 0.750000 1.000000
1.000000 1.000000 1.000000 1.000000
1.000000 1.000000 1.000000 1.000000
0.750000 0.750000 0.750000 1.000000
0.250000 0.250000 0.250000 1.000000
0.000000 0.000000 0.000000 0.000000
0.000000 0.000000 0.000000 0.000000
0.250000 0.250000 0.250000 1.000000
0.000000 0.000000 0.000000 0.000000
0.000000 0.000000 0.000000 0.000000
0.250000 0.250000 0.250000 1.000000
0.250000 0.250000 0.250000 1.000000
0.250000 0.250000 0.250000 1.000000
0.500000 0.500000 0.500000 1.000000
0.500000 0.500000 0.500000 1.000000
0.250000 0.250000 0.250000 1.000000
0.500000 0.500000 0.500000 1.000000
0.500000 0.500000 0.500000 1.000000
0.250000 0.250000 0.250000 1.000000
0.250000 0.250000 0.250000 1.000000
0.000000 0.000000 0.000000 0.000000
0.000000 0.000000 0.000000 0.000000
0.250000 0.250000 0.250000 1.000000
0.250000 0.250000 0.250000 1.000000
0.250000 0.250000 0.250000 1.000000
0.500000 0.500000 0.500000 1.000000
0.500000 0.500000 0.500000 1.000000
0.250000 0.250000 0.250000 1.000000
0.500000 0.500000 0.500000 1.000000
0.500000 0.500000 0.500000 1.000000
0.250000 0.250000 0.250000 1.000000
0.250000 0.250000 0.250000 1.000000
0.250000 0.250000 0.250000 1.000000
0.000000 0.000000 0.000000 0.000000
0.000000 0.000000 0.000000 0.000000
0.250000 0.250000 0.250000 1.000000
0.750000 0.750000 0.750000 1.000000
1.000000 1.000000 1.000000 1.000000
1.000000 1.000000 1.000000 1.000000
0.750000 0.750000 0.750000 1.000000
1.000000 1.000000 1.000000 1.000000
1.000000 1.000000 1.000000 1.000000
0.750000 0.750000 0.750000 1.000000
0.750000 0.750000 0.750000 1.000000
0.750000 0.750000 0.750000 1.000000
0.500000 0.500000 0.500000 1.000000
0.500000 0.500000 0.500000 1.000000
0.750000 0.750000 0.750000 1.000000
0.500000 0.500000 0.500000 1.000000
0.500000 0.500000 0.500000 1.000000
0.750000 0.750000 0.750000 1.000000
0.750000 0.750000 0.750000 1.000000
1.000000 1.000000 1.000000 1.000000
1.000000 1.000000 1.000000 1.000000
0.750000 0.750000 0.750000 1.000000
0.750000 0.750000 0.750000 1.000000
0.750000 0.750000 0.750000 1.000000
0.500000 0.500000 0.500000 1.000000
0.500000 0.500000 0.500000 1.000000
0.750000 0.750000 0.750000 1.000000
0.500000 0.500000 0.500000 1.000000
0.500000 0.500000 0.500000 1.000000
0.750000 0.750000 0.750000 1.000000
0.750000 0.750000 0.750000 1.000000
0.750000 0.750000 0.750000 1.000000
1.000000 1.000000 1.000000 1.000000
1.000000 1.000000 1.000000 1.000000
0.750000 0.750000 0.750000 1.000000
0.250000 0.250000 0.250000 1.000000
0.000000 0.000000 0.000000 0.000000
0.000000 0.000000 0.000000 0.000000
0.250000 0.250000 0.250000 1.000000
0.000000 0.000000 0.000000 0.000000
0.000000 0.000000 0.000000 0.000000
0.250000 0.250000 0.250000 1.000000
0.250000 0.250000 0.250000 1.000000
0.250000 0.250000 0.250000 1.000000
0.500000 0.500000 0.500000 1.000000
0.500000 0.500000 0.500000 1.000000
0.250000 0.250000 0.250000 1.000000
0.500000 0.500000 0.500000 1.000000
0.500000 0.500000 0.500000 1.000000
0.250000 0.250000 0.250000 1.000000
0.250000 0.250000 0.250000 1.000000
0.000000 0.000000 0.000000 0.000000
0.000000 0.000000 0.000000 0.000000
0.250000 0.250000 0.250000 1.000000
0.250000 0.250000 0.250000 1.000000
0.250000 0.250000 0.250000 1.000000
0.500000 0.500000 0.500000 1.000000
0.500000 0.500000 0.500000 1.000000
0.250000 0.250000 0.250000 1.000000
0.500000 0.500000 0.500000 1.000000
0.500000 0.500000 0.500000 1.000000
0.250000 0.250000 0.250000 1.000000
0.250000 0.250000 0.250000 1.000000
0.250000 0.250000 0.250000 1.000000
0.000000 0.000000 0.000000 0.000000
0.000000 0.000000 0.000000 0.000000
0.250000 0.250000 0.250000 1.000000
0.750000 0.750000 0.750000 1.000000
1.000000 1.000000 1.000000 1.000000
1.000000 1.000000 1.000000 1.000000
0.750000 0.750000 0.750000 1.000000
1.000000 1.000000 1.000000 1.000000
1.000000 1.000000 1.000000 1.000000
0.750000 0.750000 0.750000 1.000000
0.750000 0.750000 0.750000 1.000000
0.750000 0.750000 0.750000 1.000000
0.500000 0.500000 0.500000 1.000000
0.500000 0.500000 0.500000 1.000000
0.750000 0.750000 0.750000 1.000000
0.500000 0.500000 0.500000 1.000000
0.500000 0.500000 0.500000 1.000000
0.750000 0.750000 0.750000 1.000000
0.750000 0.750000 0.750000 1.000000
1.000000 1.000000 1.000000 1.000000
1.000000 1.000000 1.000000 1.000000
0.750000 0.750000 0.750000 1.000000
0.750000 0.750000 0.750000 1.000000
0.750000 0.750000 0.750000 1.000000
0.500000 0.500000 0.500000 1.000000
0.500000 0.500000 0.500000 1.000000
0.750000 0.750000 0.750000 1.000000
0.500000 0.500000 0.500000 1.000000
0.500000 0.500000 0.500000 1.000000
0.750000 0.750000 0.750000 1.000000
0.750000 0.750000 0.750000 1.000000
0.750000 0.750000 0.750000 1.000000
1.000000 1.000000 1.000000 1.000000
1.000000 1.000000 1.000000 1.000000
0.750000 0.750000 0.750000 1.000000
0.250000 0.250000 0.250000 1.000000
0.000000 0.000000 0.000000 0.000000
0.000000 0.000000 0.000000 0.000000
0.250000 0.250000 0.250000 1.000000
0.000000 0.000000 0.000000 0.000000
0.000000 0.000000 0.000000 0.000000
0.250000 0.250000 0.250000 1.000000
0.250000 0.250000 0.250000 1.000000
0.250000 0.250000 0.250000 1.000000
0.500000 0.500000 0.500000 1.000000
0.500000 0.500000 0.500000 1.000000
0.250000 0.250000 0.250000 1.000000
0.500000 0.500000 0.500000 1.000000
0.500000 0.500000 0.500000 1.000000
0.250000 0.250000 0.250000 1.000000
0.250000 0.250000 0.250000 1.000000
0.000000 0.000000 0.000000 0.000000
0.000000 0.000000 0.000000 0.000000
0.250000 0.250000 0.250000 1.000000
0.250000 0.250000 0.250000 1.000000
0.250000 0.250000 0.250000 1.000000
0.500000 0.500000 0.500000 1.000000
0.500000 0.500000 0.500000 1.000000
0.250000 0.250000 0.250000 1.000000
0.500000 0.500000 0.500000 1.000000
0.500000 0.500000 0.500000 1.000000
0.250000 0.250000 0.250000 1.000000
0.250000 0.250000 0.250000 1.000000
0.250000 0.250000 0.250000 1.000000
0.000000 0.000000 0.000000 0.000000
0.000000 0.000000 0.000000 0.000000
0.250000 0.250000 0.250000 1.000000
0.750000 0.750000 0.750000 1.000000
1.000000 1.000000 1.000000 1.000000
1.000000 1.000000 1.000000 1.000000
0.750000 0.750000 0.750000 1.000000
1.000000 1.000000 1.000000 1.000000
1.000000 1.000000 1.000000 1.000000
0.750000 0.750000 0.750000 1.000000
0.750000 0.750000 0.750000 1.000000
0.750000 0.750000 0.750000 1.000000
0.500000 0.500000 0.500000 1.000000
0.500000 0.500000 0.500000 1.000000
0.750000 0.750000 0.750000 1.000000
0.500000 0.500000 0.500000 1.000000
0.500000 0.500000 0.500000 1.000000
0.750000 0.750000 0.750000 1.000000
0.750000 0.750000 0.750000 1.000000
1.000000 1.000000 1.000000 1.000000
1.000000 1.000000 1.000000 1.000000
0.750000 0.750000 0.750000 1.000000
0.750000 0.750000 0.750000 1.000000
0.750000 0.750000 0.750000 1.000000
0.500000 0.500000 0.500000 1.000000
0.500000 0.500000 0.500000 1.000000
0.750000 0.750000 0.750000 1.000000
0.500000 0.500000 0.500000 1.000000
0.500000 0.500000 0.500000 1.000000
0.750000 0.750000 0.750000 1.000000
0.750000 0.750000 0.750000 1.000000
0.750000 0.750000 0.750000 1.000000
1.000000 1.000000 1.000000 1.000000
1.000000 1.000000 1.000000 1.000000
0.750000 0.750000 0.750000 1.000000
0.250000 0.250000 0.250000 1.000000
0.000000 0.000000 0.000000 0.000000
0.000000 0.000000 0.000000 0.000000
0.250000 0.250000 0.250000 1.000000
0.000000 0.000000 0.000000 0.000000
0.000000 0.000000 0.000000 0.000000
0.250000 0.250000 0.250000 1.000000
0.250000 0.250000 0.250000 1.000000
0.250000 0.250000 0.250000 1.000000
0.500000 0.500000 0.500000 1.000000
0.500000 0.500000 0.500000 1.000000
0.250000 0.250000 0.250000 1.000000
0.500000 0.500000 0.500000 1.000000
0.500000 0.500000 0.500000 1.000000
0.250000 0.250000 0.250000 1.000000
0.250000 0.250000 0.250000 1.000000
0.000000 0.000000 0.000000 0.000000
0.000000 0.000000 0.000000 0.000000
0.250000 0.250000 0.250000 1.000000
0.250000 0.250000 0.250000 1.000000
0.250000 0.250000 0.250000 1.000000
0.500000 0.500000 0.500000 1.000000
0.500000 0.500000 0.500000 1.000000
0.250000 0.250000 0.250000 1.000000
0.500000 0.500000 0.500000 1.000000
0.500000 0.500000 0.500000 1.000000
0.250000 0.250000 0.250000 1.000000
0.250000 0.250000 0.250000 1.000000
0.250000 0.250000 0.250000 1.000000
0.000000 0.000000 0.000000 0.000000
0.000000 0.000000 0.000000 0.000000
0.250000 0.250000 0.250000 1.000000
0.750000 0.750000 0.750000 1.000000
1.000000 1.000000 1.000000 1.000000
1.000000 1.000000 1.000000 1.000000
0.750000 0.750000 0.750000 1.000000
1.000000 1.000000 1.000000 1.000000
1.000000 1.000000 1.000000 1.000000
0.750000 0.750000 0.750000 1.000000
0.750000 0.750000 0.750000 1.000000
0.750000 0.750000 0.750000 1.000000
0.500000 0.500000 0.500000 1.000000
0.500000 0.500000 0.500000 1.000000
0.750000 0.750000 0.750000 1.000000
0.500000 0.500000 0.500000 1.000000
0.500000 0.500000 0.500000 1.000000
0.750000 0.750000 0.750000 1.000000
0.750000 0.750000 0.750000 1.000000
1.000000 1.000000 1.000000 1.000000
1.000000 1.000000 1.000000 1.000000
0.750000 0.750000 0.750000 1.000000
0.750000 0.750000 0.750000 1.000000
0.750000 0.750000 0.750000 1.000000
0.500000 0.500000 0.500000 1.000000
0.500000 0.500000 0.500000 1.000000
0.750000 0.750000 0.750000 1.000000
0.500000 0.500000 0.500000 1.000000
0.500000 0.500000 0.500000 1.000000
0.750000 0.750000 0.750000 1.000000
0.750000 0.750000 0.750000 1.000000
0.750000 0.750000 0.750000 1.000000
1.000000 1.000000 1.000000 1.000000
1.000000 1.000000 1.000000 1.000000
0.750000 0.750000 0.750000 1.000000
0.250000 0.250000 0.250000 1.000000
0.000000 0.000000 0.000000 0.000000
0.000000 0.000000 0.000000 0.000000
0.250000 0.250000 0.250000 1.000000
0.000000 0.000000 0.000000 0.000000
0.000000 0.000000 0.000000 0.000000
0.250000 0.250000 0.250000 1.000000
0.250000 0.250000 0.250000 1.000000
0.250000 0.250000 0.250000 1.000000
0.500000 0.500000 0.500000 1.000000
0.500000 0.500000 0.500000 1.000000
0.250000 0.250000 0.250000 1.000000
0.500000 0.500000 0.500000 1.000000
0.500000 0.500000 0.500000 1.000000
0.250000 0.250000 0.250000 1.000000
0.250000 0.250000 0.250000 1.000000
0.000000 0.000000 0.000000 0.000000
0.000000 0.000000 0.000000 0.000000
0.250000 0.250000 0.250000 1.000000
0.250000 0.250000 0.250000 1.000000
0.250000 0.250000 0.250000 1.000000
0.500000 0.500000 0.500000 1.000000
0.500000 0.500000 0.500000 1.000000
0.250000 0.250000 0.250000 1.000000
0.500000 0.500000 0.500000 1.000000
0.500000 0.500000 0.500000 1.000000
0.250000 0.250000 0.250000 1.000000
0.250000 0.250000 0.250000 1.000000
0.250000 0.250000 0.250000 1.000000
0.000000 0.000000 0.000000 0.000000
0.000000 0.000000 0.000000 0.000000
0.250000 0.250000 0.250000 1.000000
0.750000 0.750000 0.750000 1.000000
1.000000 1.000000 1.000000 1.000000
1.000000 1.000000 1.000000 1.000000
0.750000 0.750000 0.750000 1.000000
1.000000 1.000000 1.000000 1.000000
1.000000 1.000000 1.000000 1.000000
0.750000 0.750000 0.750000 1.000000
0.750000 0.750000 0.750000 1.000000
0.750000 0.750000 0.750000 1.000000
0.500000 0.500000 0.500000 1.000000
0.500000 0.500000 0.500000 1.000000
0.750000 0.750000 0.750000 1.000000
0.500000 0.500000 0.500000 1.000000
0.500000 0.500000 0.500000 1.000000
0.750000 0.750000 0.750000 1.000000
0.750000 0.750000 0.750000 1.000000
1.000000 1.000000 1.000000 1.000000
1.000000 1.000000 1.000000 1.000000
0.750000 0.750000 0.750000 1.000000
0.750000 0.750000 0.750000 1.000000
0.750000 0.750000 0.750000 1.000000
0.500000 0.500000 0.500000 1.000000
0.500000 0.500000 0.500000 1.000000
0.750000 0.750000 0.750000 1.000000
0.500000 0.500000 0.500000 1.000000
0.500000 0.500000 0.500000 1.000000
0.750000 0.750000 0.750000 1.000000
0.750000 0.750000 0.750000 1.000000
0.750000 0.750000 0.750000 1.000000
1.000000 1.000000 1.000000 1.000000
1.000000 1.000000 1.000000 1.000000
0.750000 0.750000 0.750000 1.000000
0.250000 0.250000 0.250000 1.000000
0.000000 0.000000 0.000000 0.000000
0.000000 0.000000 0.000000 0.000000
0.250000 0.250000 0.250000 1.000000
0.000000 0.000000 0.000000 0.000000
0.000000 0.000000 0.000000 0.000000
0.250000 0.250000 0.250000 1.000000
0.250000 0.250000 0.250000 1.000000
0.250000 0.250000 0.250000 1.000000
0.500000 0.500000 0.500000 1.000000
0.500000 0.500000 0.500000 1.000000
0.250000 0.250000 0.250000 1.000000
0.500000 0.500000 0.500000 1.000000
0.500000 0.500000 0.500000 1.000000
0.250000 0.250000 0.250000 1.000000
0.250000 0.250000 0.250000 1.000000
0.000000 0.000000 0.000000 0.000000
0.000000 0.000000 0.000000 0.000000
0.250000 0.250000 0.250000 1.000000
0.250000 0.250000 0.250000 1.000000
0.250000 0.250000 0.250000 1.000000
0.500000 0.500000 0.500000 1.000000
0.500000 0.500000 0.500000 1.000000
0.250000 0.250000 0.250000 1.000000
0.500000 0.500000 0.500000 1.000000
0.500000 0.500000 0.500000 1.000000
0.250000 0.250000 0.250000 1.000000
0.250000 0.250000 0.250000 1.000000
0.250000 0.250000 0.250000 1.000000
0.000000 0.000000 0.000000 0.000000
0.000000 0.000000 0.000000 0.000000
0.250000 0.250000 0.250000 1.000000
0.750000 0.750000 0.750000 1.000000
1.000000 1.000000 1.000000 1.000000
1.000000 1.000000 1.000000 1.000000
0.750000 0.750000 0.750000 1.000000
1.000000 1.000000 1.000000 1.000000
1.000000 1.000000 1.000000 1.000000
0.750000 0.750000 0.750000 1.000000
0.750000 0.750000 0.750000 1.000000
0.750000 0.750000 0.750000 1.000000
0.500000 0.500000 0.500000 1.000000
0.500000 0.500000 0.500000 1.000000
0.750000 0.750000 0.750000 1.000000
0.500000 0.500000 0.500000 1.000000
0.500000 0.500000 0.500000 1.000000
0.750000 0.750000 0.750000 1.000000
0.750000 0.750000 0.750000 1.000000
1.000000 1.000000 1.000000 1.000000
1.000000 1.000000 1.000000 1.000000
0.750000 0.750000 0.750000 1.000000
0.750000 0.750000 0.750000 1.000000
0.750000 0.750000 0.750000 1.000000
0.500000 0.500000 0.500000 1.000000
0.500000 0.500000 0.500000 1.000000
0.750000 0.750000 0.750000 1.000000
0.500000 0.500000 0.500000 1.000000
0.500000 0.500000 0.500000 1.000000
0.750000 0.750000 0.750000 1.000000
0.750000 0.750000 0.750000 1.000000
0.750000 0.750000 0.750000 1.000000
1.000000 1.000000 1.000000 1.000000
1.000000 1.000000 1.000000 1.000000
0.750000 0.750000 0.750000 1.000000
0.250000 0.250000 0.250000 1.000000
0.000000 0.000000 0.000000 0.000000
0.000000 0.000000 0.000000 0.000000
0.250000 0.250000 0.250000 1.000000
0.000000 0.000000 0.000000 0.000000
0.000000 0.000000 0.000000 0.000000
0.250000 0.250000 0.250000 1.000000
0.250000 0.250000 0.250000 1.000000
0.250000 0.250000 0.250000 1.000000
0.500000 0.500000 0.500000 1.000000
0.500000 0.500000 0.500000 1.000000
0.250000 0.250000 0.250000 1.000000
0.500000 0.500000 0.500000 1.000000
0.500000 0.500000 0.500000 1.000000
0.250000 0.250000 0.250000 1.000000
0.250000 0.250000 0.250000 1.000000
0.000000 0.000000 0.000000 0.000000
0.000000 0.000000 0.000000 0.000000
0.250000 0.250000 0.250000 1.000000
0.250000 0.250000 0.250000 1.000000
0.250000 0.250000 0.250000 1.000000
0.500000 0.500000 0.500000 1.000000
0.500000 0.500000 0.500000 1.000000
0.250000 0.250000 0.250000 1.000000
0.500000 0.500000 0.500000 1.000000
0.500000 0.500000 0.500000 1.000000
0.250000 0.250000 0.250000 1.000000
0.250000 0.250000 0.250000 1.000000
0.250000 0.250000 0.250000 1.000000
0.000000 0.000000 0.000000 0.000000
0.000000 0.000000 0.000000 0.000000
0.250000 0.250000 0.250000 1.000000
0.750000 0.750000 0.750000 1.000000
1.000000 1.000000 1.000000 1.000000
1.000000 1.000000 1.000000 1.000000
0.750000 0.750000 0.750000 1.000000
1.000000 1.000000 1.000000 1.000000
1.000000 1.000000 1.000000 1.000000
0.750000 0.750000 0.750000 1.000000
0.750000 0.750000 0.750000 1.000000
0.750000 0.750000 0.750000 1.000000
0.500000 0.500000 0.500000 1.000000
0.500000 0.500000 0.500000 1.000000
0.750000 0.750000 0.750000 1.000000
0.500000 0.500000 0.500000 1.000000
0.500000 0.500000 0.500000 1.000000
0.750000 0.750000 0.750000 1.000000
0.750000 0.750000 0.750000 1.000000
1.000000 1.000000 1.000000 1.000000
1.000000 1.000000 1.000000 1.000000
0.750000 0.750000 0.750000 1.000000
0.750000 0.750000 0.750000 1.000000
0.750000 0.750000 0.750000 1.000000
0.500000 0.500000 0.500000 1.000000
0.500000 0.500000 0.500000 1.000000
0.750000 0.750000 0.750000 1.000000
0.500000 0.500000 0.500000 1.000000
0.500000 0.500000 0.500000 1.000000
0.750000 0.750000 0.750000 1.000000
0.750000 0.750000 0.750000 1.000000
0.750000 0.750000 0.750000 1.000000
1.000000 1.000000 1.000000 1.000000
1.000000 1.000000 1.000000 1.000000
0.750000 0.750000 0.750000 1.000000
0.250000 0.250000 0.250000 1.000000
0.000000 0.000000 0.000000 0.000000
0.000000 0.000000 0.000000 0.000000
0.250000 0.250000 0.250000 1.000000
0.000000 0.000000 0.000000 0.000000
0.000000 0.000000 0.000000 0.000000
0.250000 0.250000 0.250000 1.000000
0.250000 0.250000 0.250000 1.000000
0.250000 0.250000 0.250000 1.000000
0.500000 0.500000 0.500000 1.000000
0.500000 0.500000 0.500000 1.000000
0.250000 0.250000 0.250000 1.000000
0.500000 0.500000 0.500000 1.000000
0.500000 0.500000 0.500000 1.000000
0.250000 0.250000 0.250000 1.000000
0.250000 0.250000 0.250000 1.000000
0.000000 0.000000 0.000000 0.000000
0.000000 0.000000 0.000000 0.000000
0.250000 0.250000 0.250000 1.000000
0.250000 0.250000 0.250000 1.000000
0.250000 0.250000 0.250000 1.000000
0.500000 0.500000 0.500000 1.000000
0.500000 0.500000 0.500000 1.000000
0.250000 0.250000 0.250000 1.000000
0.500000 0.500000 0.500000 1.000000
0.500000 0.500000 0.500000 1.000000
0.250000 0.250000 0.250000 1.000000
0.250000 0.250000 0.250000 1.000000
0.250000 0.250000 0.250000 1.000000
0.000000 0.000000 0.000000 0.000000
0.000000 0.000000 0.000000 0.000000
0.250000 0.250000 0.250000 1.000000
1.000000 1.000000 1.000000 1.000000
1.000000 1.000000 1.000000 1.000000
1.000000 1.000000 1.000000 1.000000
1.000000 1.000000 1.000000 1.000000
1.000000 1.000000 1.000000 1.000000
1.000000 1.000000 1.000000 1.000000
1.000000 1.000000 1.000000 1.000000
1.000000 1.000000 1.000000 1.000000
1.000000 1.000000 1.000000 1.000000
1.000000 1.000000 1.000000 1.000000
1.000000 1.000000 1.000000 1.000000
1.000000 1.000000 1.000000 1.000000
1.000000 1.000000 1.000000 1.000000
1.000000 1.000000 1.000000 1.000000
1.000000 1.000000 1.000000 1.000000
1.000000 1.000000 1.000000 1.000000
1.000000 1.000000 1.000000 1.000000
1.000000 1.000000 1.000000 1.000000
1.000000 1.000000 1.000000 1.000000
1.000000 1.000000 1.000000 1.000000
1.000000 1.000000 1.000000 1.000000
1.000000 1.000000 1.000000 1.000000
1.000000 1.000000 1.000000 1.000000
1.000000 1.000000 1.000000 1.000000
1.000000 1.000000 1.000000 1.000000
1.000000 1.000000 1.000000 1.000000
1.000000 1.000000 1.000000 1.000000
1.000000 1.000000 1.000000 1.000000
1.000000 1.000000 1.000000 1.000000
1.000000 1.000000 1.000000 1.000000
1.000000 1.000000 1.000000 1.000000
1.000000 1.000000 1.000000 1.000000
1.000000 1.000000 1.000000 1.000000
1.000000 1.000000 1.000000 1.000000
1.000000 1.000000 1.000000 1.000000
1.000000 1.000000 1.000000 1.000000
1.000000 1.000000 1.000000 1.000000
1.000000 1.000000 1.000000 1.000000
1.000000 1.000000 1.000000 1.000000
1.000000 1.000000 1.000000 1.000000
1.000000 1.000000 1.000000 1.000000
1.000000 1.000000 1.000000 1.000000
1.000000 1.000000 1.000000 1.000000
1.000000 1.000000 1.000000 1.000000
1.000000 1.000000 1.000000 1.000000
1.000000 1.000000 1.000000 1.000000
1.000000 1.000000 1.000000 1.000000
1.000000 1.000000 1.000000 1.000000
1.000000 1.000000 1.000000 1.000000
1.000000 1.000000 1.000000 1.000000
1.000000 1.000000 1.000000 1.000000
1.000000 1.000000 1.000000 1.000000
1.000000 1.000000 1.000000 1.000000
1.000000 1.000000 1.000000 1.000000
1.000000 1.000000 1.000000 1.000000
1.000000 1.000000 1.000000 1.000000
1.000000 1.000000 1.000000 1.000000
1.000000 1.000000 1.000000 1.000000
1.000000 1.000000 1.000000 1.000000
1.000000 1.000000 1.000000 1.000000
1.000000 1.000000 1.000000 1.000000
1.000000 1.000000 1.000000 1.000000
1.000000 1.000000 1.000000 1.000000
1.000000 1.000000 1.000000 1.000000
1.000000 1.000000 1.000000 1.000000
1.000000 1.000000 1.000000 1.000000
1.000000 1.000000 1.000000 1.000000
1.000000 1.000000 1.000000 1.000000
1.000000 1.000000 1.000000 1.000000
1.000000 1.000000 1.000000 1.000000
1.000000 1.000000 1.000000 1.000000
1.000000 1.000000 1.000000 1.000000
1.000000 1.000000 1.000000 1.000000
1.000000 1.000000 1.000000 1.000000
1.000000 1.000000 1.000000 1.000000
1.000000 1.000000 1.000000 1.000000
1.000000 1.000000 1.000000 1.000000
1.000000 1.000000 1.000000 1.000000
1.000000 1.000000 1.000000 1.000000
1.000000 1.000000 1.000000 1.000000
1.000000 1.000000 1.000000 1.000000
1.000000 1.000000 1.000000 1.000000
1.000000 1.000000 1.000000 1.000000
1.000000 1.000000 1.000000 1.000000
1.000000 1.000000 1.000000 1.000000
1.000000 1.000000 1.000000 1.000000
1.000000 1.000000 1.000000 1.000000
1.000000 1.000000 1.000000 1.000000
1.000000 1.000000 1.000000 1.000000
1.000000 1.000000 1.000000 1.000000
1.000000 1.000000 1.000000 1.000000
1.000000 1.000000 1.000000 1.000000
1.000000 1.000000 1.000000 1.000000
1.000000 1.000000 1.000000 1.000000
1.000000 1.000000 1.000000 1.000000
1.000000 1.000000 1.000000 1.000000
1.000000 1.000000 1.000000 1.000000
1.000000 1.000000 1.000000 1.000000
1.000000 1.000000 1.000000 1.000000
1.000000 1.000000 1.000000 1.000000
1.000000 1.000000 1.000000 1.000000
1.000000 1.000000 1.000000 1.000000
1.000000 1.000000 1.000000 1.000000
1.000000 1.000000 1.000000 1.000000
1.000000 1.000000 1.000000 1.000000
1.000000 1.000000 1.000000 1.000000
1.000000 1.000000 1.000000 1.000000
1.000000 1.000000 1.000000 1.000000
1.000000 1.000000 1.000000 1.000000
1.000000 1.000000 1.000000 1.000000
1.000000 1.000000 1.000000 1.000000
1.000000 1.000000 1.000000 1.000000
1.000000 1.000000 1.000000 1.000000
1.000000 1.000000 1.000000 1.000000
1.000000 1.000000 1.000000 1.000000
1.000000 1.000000 1.000000 1.000000
1.000000 1.000000 1.000000 1.000000
1.000000 1.000000 1.000000 1.000000
1.000000 1.000000 1.000000 1.000000
1.000000 1.000000 1.000000 1.000000
1.000000 1.000000 1.000000 1.000000
1.000000 1.000000 1.000000 1.000000
1.000000 1.000000 1.000000 1.000000
1.000000 1.000000 1.000000 1.000000
1.000000 1.000000 1.000000 1.000000
1.000000 1.000000 1.000000 1.000000
1.000000 1.000000 1.000000 1.000000
1.000000 1.000000 1.000000 1.000000
1.000000 1.000000 1.000000 1.000000
1.000000 1.000000 1.000000 1.000000
1.000000 1.000000 1.000000 1.000000
1.000000 1.000000 1.000000 1.000000
1.000000 1.000000 1.000000 1.000000
1.000000 1.000000 1.000000 1.000000
1.000000 1.000000 1.000000 1.000000
1.000000 1.000000 1.000000 1.000000
1.000000 1.000000 1.000000 1.000000
1.000000 1.000000 1.000000 1.000000
1.000000 1.000000 1.000000 1.000000
1.000000 1.000000 1.000000 1.000000
1.000000 1.000000 1.000000 1.000000
1.000000 1.000000 1.000000 1.000000
1.000000 1.000000 1.000000 1.000000
1.000000 1.000000 1.000000 1.000000
1.000000 1.000000 1.000000 1.000000
1.000000 1.000000 1.000000 1.000000
1.000000 1.000000 1.000000 1.000000
1.000000 1.000000 1.000000 1.000000
1.000000 1.000000 1.000000 1.000000
1.000000 1.000000 1.000000 1.000000
1.000000 1.000000 1.000000 1.000000
1.000000 1.000000 1.000000 1.000000
1.000000 1.000000 1.000000 1.000000
1.000000 1.000000 1.000000 1.000000
1.000000 1.000000 1.000000 1.000000
1.000000 1.000000 1.000000 1.000000
1.000000 1.000000 1.000000 1.000000
1.000000 1.000000 1.000000 1.000000
1.000000 1.000000 1.000000 1.000000
1.000000 1.000000 1.000000 1.000000
1.000000 1.000000 1.000000 1.000000
1.000000 1.000000 1.000000 1.000000
1.000000 1.000000 1.000000 1.000000
1.000000 1.000000 1.000000 1.000000
1.000000 1.000000 1.000000 1.000000
1.000000 1.000000 1.000000 1.000000
1.000000 1.000000 1.000000 1.000000
1.000000 1.000000 1.000000 1.000000
1.000000 1.000000 1.000000 1.000000
1.000000 1.000000 1.000000 1.000000
1.000000 1.000000 1.000000 1.000000
1.000000 1.000000 1.000000 1.000000
1.000000 1.000000 1.000000 1.000000
1.000000 1.000000 1.000000 1.000000
1.000000 1.000000 1.000000 1.000000
1.000000 1.000000 1.000000 1.000000
1.000000 1.000000 1.000000 1.000000
1.000000 1.000000 1.000000 1.000000
1.000000 1.000000 1.000000 1.000000
1.000000 1.000000 1.000000 1.000000
1.000000 1.000000 1.000000 1.000000
1.000000 1.000000 1.000000 1.000000
1.000000 1.000000 1.000000 1.000000
1.000000 1.000000 1.000000 1.000000
1.000000 1.000000 1.000000 1.000000
1.000000 1.000000 1.000000 1.000000
1.000000 1.000000 1.000000 1.000000
1.000000 1.000000 1.000000 1.000000
1.000000 1.000000 1.000000 1.000000
1.000000 1.000000 1.000000 1.000000
1.000000 1.000000 1.000000 1.000000
1.000000 1.000000 1.000000 1.000000
1.000000 1.000000 1.000000 1.000000
1.000000 1.000000 1.000000 1.000000
1.000000 1.000000 1.000000 1.000000
1.000000 1.000000 1.000000 1.000000
1.000000 1.000000 1.000000 1.000000
1.000000 1.000000 1.000000 1.000000
1.000000 1.000000 1.000000 1.000000
1.000000 1.000000 1.000000 1.000000
1.000000 1.000000 1.000000 1.000000
1.000000 1.000000 1.000000 1.000000
1.000000 1.000000 1.000000 1.000000
1.000000 1.000000 1.000000 1.000000
1.000000 1.000000 1.000000 1.000000
1.000000 1.000000 1.000000 1.000000
1.000000 1.000000 1.000000 1.000000
1.000000 1.000000 1.000000 1.000000
1.000000 1.000000 1.000000 1.000000
1.000000 1.000000 1.000000 1.000000
1.000000 1.000000 1.000000 1.000000
1.000000 1.000000 1.000000 1.000000
1.000000 1.000000 1.000000 1.000000
1.000000 1.000000 1.000000 1.000000
1.000000 1.000000 1.000000 1.000000
1.000000 1.000000 1.000000 1.000000
1.000000 1.000000 1.000000 1.000000
1.000000 1.000000 1.000000 1.000000
1.000000 1.000000 1.000000 1.000000
1.000000 1.000000 1.000000 1.000000
1.000000 1.000000 1.000000 1.000000
1.000000 1.000000 1.000000 1.000000
1.000000 1.000000 1.000000 1.000000
1.000000 1.000000 1.000000 1.000000
1.000000 1.000000 1.000000 1.000000
1.000000 1.000000 1.000000 1.000000
1.000000 1.000000 1.000000 1.000000
1.000000 1.000000 1.000000 1.000000
1.000000 1.000000 1.000000 1.000000
1.000000 1.000000 1.000000 1.000000
1.000000 1.000000 1.000000 1.000000
1.000000 1.000000 1.000000 1.000000
1.000000 1.000000 1.000000 1.000000
1.000000 1.000000 1.000000 1.000000
1.000000 1.000000 1.000000 1.000000
1.000000 1.000000 1.000000 1.000000
1.000000 1.000000 1.000000 1.000000
1.000000 1.000000 1.000000 1.000000
1.000000 1.000000 1.000000 1.000000
1.000000 1.000000 1.000000 1.000000
1.000000 1.000000 1.000000 1.000000
1.000000 1.000000 1.000000 1.000000
1.000000 1.000000 1.000000 1.000000
1.000000 1.000000 1.000000 1.000000
1.000000 1.000000 1.000000 1.000000
1.000000 1.000000 1.000000 1.000000
1.000000 1.000000 1.000000 1.000000
1.000000 1.000000 1.000000 1.000000
1.000000 1.000000 1.000000 1.000000
1.000000 1.000000 1.000000 1.000000
1.000000 1.000000 1.000000 1.000000
1.000000 1.000000 1.000000 1.000000
1.000000 1.000000 1.000000 1.000000
1.000000 1.000000 1.000000 1.000000
1.000000 1.000000 1.000000 1.000000
1.000000 1.000000 1.000000 1.000000
1.000000 1.000000 1.000000 1.000000
1.000000 1.000000 1.000000 1.000000
1.000000 1.000000 1.000000 1.000000
1.000000 1.000000 1.000000 1.000000
1.000000 1.000000 1.000000 1.000000
1.000000 1.000000 1.000000 1.000000
1.000000 1.000000 1.000000 1.000000
1.000000 1.000000 1.000000 1.000000
1.000000 1.000000 1.000000 1.000000
1.000000 1.000000 1.000000 1.000000
1.000000 1.000000 1.000000 1.000000
1.000000 1.000000 1.000000 1.000000
1.000000 1.000000 1.000000 1.000000
1.000000 1.000000 1.000000 1.000000
1.000000 1.000000 1.000000 1.000000
1.000000 1.000000 1.000000 1.000000
1.000000 1.000000 1.000000 1.000000
1.000000 1.000000 1.000000 1.000000
1.000000 1.000000 1.000000 1.000000
1.000000 1.000000 1.000000 1.000000
1.000000 1.000000 1.000000 1.000000
1.000000 1.000000 1.000000 1.000000
1.000000 1.000000 1.000000 1.000000
1.000000 1.000000 1.000000 1.000000
1.000000 1.000000 1.000000 1.000000
1.000000 1.000000 1.000000 1.000000
1.000000 1.000000 1.000000 1.000000
1.000000 1.000000 1.000000 1.000000
1.000000 1.000000 1.000000 1.000000
1.000000 1.000000 1.000000 1.000000
1.000000 1.000000 1.000000 1.000000
1.000000 1.000000 1.000000 1.000000
1.000000 1.000000 1.000000 1.000000
1.000000 1.000000 1.000000 1.000000
1.000000 1.000000 1.000000 1.000000
1.000000 1.000000 1.000000 1.000000
1.000000 1.000000 1.000000 1.000000
1.000000 1.000000 1.000000 1.000000
1.000000 1.000000 1.000000 1.000000
1.000000 1.000000 1.000000 1.000000
1.000000 1.000000 1.000000 1.000000
1.000000 1.000000 1.000000 1.000000
1.000000 1.000000 1.000000 1.000000
1.000000 1.000000 1.000000 1.000000
1.000000 1.000000 1.000000 1.000000
1.000000 1.000000 1.000000 1.000000
1.000000 1.000000 1.000000 1.000000
1.000000 1.000000 1.000000 1.000000
1.000000 1.000000 1.000000 1.000000
1.000000 1.000000 1.000000 1.000000
1.000000 1.000000 1.000000 1.000000
1.000000 1.000000 1.000000 1.000000
1.000000 1.000000 1.000000 1.000000
1.000000 1.000000 1.000000 1.000000
1.000000 1.000000 1.000000 1.000000
1.000000 1.000000 1.000000 1.000000
1.000000 1.000000 1.000000 1.000000
1.000000 1.000000 1.000000 1.000000
1.000000 1.000000 1.000000 1.000000
1.000000 1.000000 1.000000 1.000000
1.000000 1.000000 1.000000 1.000000
1.000000 1.000000 1.000000 1.000000
1.000000 1.000000 1.000000 1.000000
1.000000 1.000000 1.000000 1.000000
1.000000 1.000000 1.000000 1.000000
1.000000 1.000000 1.000000 1.000000
1.000000 1.000000 1.000000 1.000000
1.000000 1.000000 1.000000 1.000000
1.000000 1.000000 1.000000 1.000000
1.000000 1.000000 1.000000 1.000000
1.000000 1.000000 1.000000 1.000000
1.000000 1.000000 1.000000 1.000000
1.000000 1.000000 1.000000 1.000000
1.000000 1.000000 1.000000 1.000000
1.000000 1.000000 1.000000 1.000000
1.000000 1.000000 1.000000 1.000000
1.000000 1.000000 1.000000 1.000000
1.000000 1.000000 1.000000 1.000000
1.000000 1.000000 1.000000 1.000000
1.000000 1.000000 1.000000 1.000000
1.000000 1.000000 1.000000 1.000000
1.000000 1.000000 1.000000 1.000000
1.000000 1.000000 1.000000 1.000000
1.000000 1.000000 1.000000 1.000000
1.000000 1.000000 1.000000 1.000000
1.000000 1.000000 1.000000 1.000000
1.000000 1.000000 1.000000 1.000000
1.000000 1.000000 1.000000 1.000000
1.000000 1.000000 1.000000 1.000000
1.000000 1.000000 1.000000 1.000000
1.000000 1.000000 1.000000 1.000000
1.000000 1.000000 1.000000 1.000000
1.000000 1.000000 1.000000 1.000000
1.000000 1.000000 1.000000 1.000000
1.000000 1.000000 1.000000 1.000000
1.000000 1.000000 1.000000 1.000000
1.000000 1.000000 1.000000 1.000000
1.000000 1.000000 1.000000 1.000000
1.000000 1.000000 1.000000 1.000000
1.000000 1.000000 1.000000 1.000000
1.000000 1.000000 1.000000 1.000000
1.000000 1.000000 1.000000 1.000000
1.000000 1.000000 1.000000 1.000000
1.000000 1.000000 1.000000 1.000000
1.000000 1.000000 1.000000 1.000000
1.000000 1.000000 1.000000 1.000000
1.000000 1.000000 1.000000 1.000000
1.000000 1.000000 1.000000 1.000000
1.000000 1.000000 1.000000 1.000000
1.000000 1.000000 1.000000 1.000000
1.000000 1.000000 1.000000 1.000000
1.000000 1.000000 1.000000 1.000000
1.000000 1.000000 1.000000 1.000000
1.000000 1.000000 1.000000 1.000000
1.000000 1.000000 1.000000 1.000000
1.000000 1.000000 1.000000 1.000000
1.000000 1.000000 1.000000 1.000000
1.000000 1.000000 1.000000 1.000000
1.000000 1.000000 1.000000 1.000000
1.000000 1.000000 1.000000 1.000000
1.000000 1.000000 1.000000 1.000000
1.000000 1.000000 1.000000 1.000000
1.000000 1.000000 1.000000 1.000000
1.000000 1.000000 1.000000 1.000000
1.000000 1.000000 1.000000 1.000000
1.000000 1.000000 1.000000 1.000000
1.000000 1.000000 1.000000 1.000000
1.000000 1.000000 1.000000 1.000000
1.000000 1.000000 1.000000 1.000000
1.000000 1.000000 1.000000 1.000000
1.000000 1.000000 1.000000 1.000000
1.000000 1.000000 1.000000 1.000000
1.000000 1.000000 1.000000 1.000000
1.000000 1.000000 1.000000 1.000000
1.000000 1.000000 1.000000 1.000000
1.000000 1.000000 1.000000 1.000000
1.000000 1.000000 1.000000 1.000000
1.000000 1.000000 1.000000 1.000000
1.000000 1.000000 1.000000 1.000000
1.000000 1.000000 1.000000 1.000000
1.000000 1.000000 1.000000 1.000000
1.000000 1.000000 1.000000 1.000000
1.000000 1.000000 1.000000 1.000000
1.000000 1.000000 1.000000 1.000000
1.000000 1.000000 1.000000 1.000000
1.000000 1.000000 1.000000 1.000000
1.000000 1.000000 1.000000 1.000000
1.000000 1.000000 1.000000 1.000000
1.000000 1.000000 1.000000 1.000000
1.000000 1.000000 1.000000 1.000000
1.000000 1.000000 1.000000 1.000000
1.000000 1.000000 1.000000 1.000000
1.000000 1.000000 1.000000 1.000000
1.000000 1.000000 1.000000 1.000000
1.000000 1.000000 1.000000 1.000000
1.000000 1.000000 1.000000 1.000000
1.000000 1.000000 1.000000 1.000000
1.000000 1.000000 1.000000 1.000000
1.000000 1.000000 1.000000 1.000000
1.000000 1.000000 1.000000 1.000000
1.000000 1.000000 1.000000 1.000000
1.000000 1.000000 1.000000 1.000000
1.000000 1.000000 1.000000 1.000000
1.000000 1.000000 1.000000 1.000000
1.000000 1.000000 1.000000 1.000000
1.000000 1.000000 1.000000 1.000000
1.000000 1.000000 1.000000 1.000000
1.000000 1.000000 1.000000 1.000000
1.000000 1.000000 1.000000 1.000000
1.000000 1.000000 1.000000 1.000000
1.000000 1.000000 1.000000 1.000000
1.000000 1.000000 1.000000 1.000000
1.000000 1.000000 1.000000 1.000000
1.000000 1.000000 1.000000 1.000000
1.000000 1.000000 1.000000 1.000000
1.000000 1.000000 1.000000 1.000000
1.000000 1.000000 1.000000 1.000000
1.000000 1.000000 1.000000 1.000000
1.000000 1.000000 1.000000 1.000000
1.000000 1.000000 1.000000 1.000000
1.000000 1.000000 1.000000 1.000000
1.000000 1.000000 1.000000 1.000000
1.000000 1.000000 1.000000 1.000000
1.000000 1.000000 1.000000 1.000000
1.000000 1.000000 1.000000 1.000000
1.000000 1.000000 1.000000 1.000000
1.000000 1.000000 1.000000 1.000000
1.000000 1.000000 1.000000 1.000000
1.000000 1.000000 1.000000 1.000000
1.000000 1.000000 1.000000 1.000000
1.000000 1.000000 1.000000 1.000000
1.000000 1.000000 1.000000 1.000000
1.000000 1.000000 1.000000 1.000000
1.000000 1.000000 1.000000 1.000000
1.000000 1.000000 1.000000 1.000000
1.000000 1.000000 1.000000 1.000000
1.000000 1.000000 1.000000 1.000000
1.000000 1.000000 1.000000 1.000000
1.000000 1.000000 1.000000 1.000000
1.000000 1.000000 1.000000 1.000000
1.000000 1.000000 1.000000 1.000000
1.000000 1.000000 1.000000 1.000000
1.000000 1.000000 1.000000 1.000000
1.000000 1.000000 1.000000 1.000000
1.000000 1.000000 1.000000 1.000000
1.000000 1.000000 1.000000 1.000000
1.000000 1.000000 1.000000 1.000000
1.000000 1.000000 1.000000 1.000000
1.000000 1.000000 1.000000 1.000000
1.000000 1.000000 1.000000 1.000000
1.000000 1.000000 1.000000 1.000000
1.000000 1.000000 1.000000 1.000000
1.000000 1.000000 1.000000 1.000000
1.000000 1.000000 1.000000 1.000000
1.000000 1.000000 1.000000 1.000000
1.000000 1.000000 1.000000 1.000000
1.000000 1.000000 1.000000 1.000000
1.000000 1.000000 1.000000 1.000000
1.000000 1.000000 1.000000 1.000000
1.000000 1.000000 1.000000 1.000000
1.000000 1.000000 1.000000 1.000000
1.000000 1.000000 1.000000 1.000000
1.000000 1.000000 1.000000 1.000000
1.000000 1.000000 1.000000 1.000000
1.000000 1.000000 1.000000 1.000000
1.000000 1.000000 1.000000 1.000000
1.000000 1.000000 1.000000 1.000000
1.000000 1.000000 1.000000 1.000000
1.000000 1.000000 1.000000 1.000000
1.000000 1.000000 1.000000 1.000000
1.000000 1.000000 1.000000 1.000000
1.000000 1.000000 1.000000 1.000000
1.000000 1.000000 1.000000 1.000000
1.000000 1.000000 1.000000 1.000000
1.000000 1.000000 1.000000 1.000000
1.000000 1.000000 1.000000 1.000000
1.000000 1.000000 1.000000 1.000000
1.000000 1.000000 1.000000 1.000000
1.000000 1.000000 1.000000 1.000000
1.000000 1.000000 1.000000 1.000000
1.000000 1.000000 1.000000 1.000000
1.000000 1.000000 1.000000 1.000000
1.000000 1.000000 1.000000 1.000000
1.000000 1.000000 1.000000 1.000000
1.000000 1.000000 1.000000 1.000000
1.000000 1.000000 1.000000 1.000000
1.000000 1.000000 1.000000 1.000000
1.000000 1.000000 1.000000 1.000000
1.000000 1.000000 1.000000 1.000000
1.000000 1.000000 1.000000 1.000000
1.000000 1.000000 1.000000 1.000000
1.000000 1.000000 1.000000 1.000000
1.000000 1.000000 1.000000 1.000000
1.000000 1.000000 1.000000 1.000000
1.000000 1.000000 1.000000 1.000000
1.000000 1.000000 1.000000 1.000000
1.000000 1.000000 1.000000 1.000000
1.000000 1.000000 1.000000 1.000000
1.000000 1.000000 1.000000 1.000000
1.000000 1.000000 1.000000 1.000000
1.000000 1.000000 1.000000 1.000000
1.000000 1.000000 1.000000 1.000000
1.000000 1.000000 1.000000 1.000000
1.000000 1.000000 1.000000 1.000000
1.000000 1.000000 1.000000 1.000000
1.000000 1.000000 1.000000 1.000000
1.000000 1.000000 1.000000 1.000000
1.000000 1.000000 1.000000 1.000000
1.000000 1.000000 1.000000 1.000000
1.000000 1.000000 1.000000 1.000000
1.000000 1.000000 1.000000 1.000000
1.000000 1.000000 1.000000 1.000000
1.000000 1.000000 1.000000 1.000000
1.000000 1.000000 1.000000 1.000000
1.000000 1.000000 1.000000 1.000000
1.000000 1.000000 1.000000 1.000000
1.000000 1.000000 1.000000 1.000000
1.000000 1.000000 1.000000 1.000000
1.000000 1.000000 1.000000 1.000000
1.000000 1.000000 1.000000 1.000000
1.000000 1.000000 1.000000 1.000000
1.000000 1.000000 1.000000 1.000000
1.000000 1.000000 1.000000 1.000000
1.000000 1.000000 1.000000 1.000000
1.000000 1.000000 1.000000 1.000000
1.000000 1.000000 1.000000 1.000000
1.000000 1.000000 1.000000 1.000000
1.000000 1.000000 1.000000 1.000000
1.000000 1.000000 1.000000 1.000000
1.000000 1.000000 1.000000 1.000000
1.000000 1.000000 1.000000 1.000000
1.000000 1.000000 1.000000 1.000000
1.000000 1.000000 1.000000 1.000000
1.000000 1.000000 1.000000 1.000000
1.000000 1.000000 1.000000 1.000000
1.000000 1.000000 1.000000 1.000000
1.000000 1.000000 1.000000 1.000000
1.000000 1.000000 1.000000 1.000000
1.000000 1.000000 1.000000 1.000000
1.000000 1.000000 1.000000 1.000000
1.000000 1.000000 1.000000 1.000000
1.000000 1.000000 1.000000 1.000000
1.000000 1.000000 1.000000 1.000000
1.000000 1.000000 1.000000 1.000000
1.000000 1.000000 1.000000 1.000000
1.000000 1.000000 1.000000 1.000000
1.000000 1.000000 1.000000 1.000000
1.000000 1.000000 1.000000 1.000000
1.000000 1.000000 1.000000 1.000000
1.000000 1.000000 1.000000 1.000000
1.000000 1.000000 1.000000 1.000000
1.000000 1.000000 1.000000 1.000000
1.000000 1.000000 1.000000 1.000000
1.000000 1.000000 1.000000 1.000000
1.000000 1.000000 1.000000 1.000000
1.000000 1.000000 1.000000 1.000000
1.000000 1.000000 1.000000 1.000000
1.000000 1.000000 1.000000 1.000000
1.000000 1.000000 1.000000 1.000000
1.000000 1.000000 1.000000 1.000000
1.000000 1.000000 1.000000 1.000000
1.000000 1.000000 1.000000 1.000000
1.000000 1.000000 1.000000 1.000000
1.000000 1.000000 1.000000 1.000000
1.000000 1.000000 1.000000 1.000000
1.000000 1.000000 1.000000 1.000000
1.000000 1.000000 1.000000 1.000000
1.000000 1.000000 1.000000 1.000000
1.000000 1.000000 1.000000 1.000000
1.000000 1.000000 1.000000 1.000000
1.000000 1.000000 1.000000 1.000000
1.000000 1.000000 1.000000 1.000000
1.000000 1.000000 1.000000 1.000000
1.000000 1.000000 1.000000 1.000000
1.000000 1.000000 1.000000 1.000000
1.000000 1.000000 1.000000 1.000000
1.000000 1.000000 1.000000 1.000000
1.000000 1.000000 1.000000 1.000000
1.000000 1.000000 1.000000 1.000000
1.000000 1.000000 1.000000 1.000000
1.000000 1.000000 1.000000 1.000000
1.000000 1.000000 1.000000 1.000000
1.000000 1.000000 1.000000 1.000000
1.000000 1.000000 1.000000 1.000000
1.000000 1.000000 1.000000 1.000000
1.000000 1.000000 1.000000 1.000000
1.000000 1.000000 1.000000 1.000000
1.000000 1.000000 1.000000 1.000000
1.000000 1.000000 1.000000 1.000000
1.000000 1.000000 1.000000 1.000000
1.000000 1.000000 1.000000 1.000000
1.000000 1.000000 1.000000 1.000000
1.000000 1.000000 1.000000 1.000000
1.000000 1.000000 1.000000 1.000000
1.000000 1.000000 1.000000 1.000000
1.000000 1.000000 1.000000 1.000000
1.000000 1.000000 1.000000 1.000000
1.000000 1.000000 1.000000 1.000000
1.000000 1.000000 1.000000 1.000000
1.000000 1.000000 1.000000 1.000000
1.000000 1.000000 1.000000 1.000000
1.000000 1.000000 1.000000 1.000000
1.000000 1.000000 1.000000 1.000000
1.000000 1.000000 1.000000 1.000000
1.000000 1.000000 1.000000 1.000000
1.000000 1.000000 1.000000 1.000000
1.000000 1.000000 1.000000 1.000000
1.000000 1.000000 1.000000 1.000000
1.000000 1.000000 1.000000 1.000000
1.000000 1.000000 1.000000 1.000000
1.000000 1.000000 1.000000 1.000000
1.000000 1.000000 1.000000 1.000000
1.000000 1.000000 1.000000 1.000000
1.000000 1.000000 1.000000 1.000000
1.000000 1.000000 1.000000 1.000000
1.000000 1.000000 1.000000 1.000000
1.000000 1.000000 1.000000 1.000000
1.000000 1.000000 1.000000 1.000000
1.000000 1.000000 1.000000 1.000000
1.000000 1.000000 1.000000 1.000000
1.000000 1.000000 1.000000 1.000000
1.000000 1.000000 1.000000 1.000000
1.000000 1.000000 1.000000 1.000000
1.000000 1.000000 1.000000 1.000000
1.000000 1.000000 1.000000 1.000000
1.000000 1.000000 1.000000 1.000000
1.000000 1.000000 1.000000 1.000000
1.000000 1.000000 1.000000 1.000000
1.000000 1.000000 1.000000 1.000000
1.000000 1.000000 1.000000 1.000000
1.000000 1.000000 1.000000 1.000000
1.000000 1.000000 1.000000 1.000000
1.000000 1.000000 1.000000 1.000000
1.000000 1.000000 1.000000 1.000000
1.000000 1.000000 1.000000 1.000000
1.000000 1.000000 1.000000 1.000000
1.000000 1.000000 1.000000 1.000000
1.000000 1.000000 1.000000 1.000000
1.000000 1.000000 1.000000 1.000000
1.000000 1.000000 1.000000 1.000000
1.000000 1.000000 1.000000 1.000000
1.000000 1.000000 1.000000 1.000000
1.000000 1.000000 1.000000 1.000000
1.000000 1.000000 1.000000 1.000000
1.000000 1.000000 1.000000 1.000000
1.000000 1.000000 1.000000 1.000000
1.000000 1.000000 1.000000 1.000000
1.000000 1.000000 1.000000 1.000000
1.000000 1.000000 1.000000 1.000000
1.000000 1.000000 1.000000 1.000000
1.000000 1.000000 1.000000 1.000000
1.000000 1.000000 1.000000 1.000000
1.000000 1.000000 1.000000 1.000000
1.000000 1.000000 1.000000 1.000000
1.000000 1.000000 1.000000 1.000000
1.000000 1.000000 1.000000 1.000000
1.000000 1.000000 1.000000 1.000000
1.000000 1.000000 1.000000 1.000000
1.000000 1.000000 1.000000 1.000000
1.000000 1.000000 1.000000 1.000000
1.000000 1.000000 1.000000 1.000000
1.000000 1.000000 1.000000 1.000000
1.000000 1.000000 1.000000 1.000000
1.000000 1.000000 1.000000 1.000000
1.000000 1.000000 1.000000 1.000000
1.000000 1.000000 1.000000 1.000000
1.000000 1.000000 1.000000 1.000000
1.000000 1.000000 1.000000 1.000000
1.000000 1.000000 1.000000 1.000000
1.000000 1.000000 1.000000 1.000000
1.000000 1.000000 1.000000 1.000000
1.000000 1.000000 1.000000 1.000000
1.000000 1.000000 1.000000 1.000000
1.000000 1.000000 1.000000 1.000000
1.000000 1.000000 1.000000 1.000000
1.000000 1.000000 1.000000 1.000000
1.000000 1.000000 1.000000 1.000000
1.000000 1.000000 1.000000 1.000000
1.000000 1.000000 1.000000 1.000000
1.000000 1.000000 1.000000 1.000000
1.000000 1.000000 1.000000 1.000000
1.000000 1.000000 1.000000 1.000000
1.000000 1.000000 1.000000 1.000000
1.000000 1.000000 1.000000 1.000000
1.000000 1.000000 1.000000 1.000000
1.000000 1.000000 1.000000 1.000000
1.000000 1.000000 1.000000 1.000000
1.000000 1.000000 1.000000 1.000000
1.000000 1.000000 1.000000 1.000000
1.000000 1.000000 1.000000 1.000000
1.000000 1.000000 1.000000 1.000000
1.000000 1.000000 1.000000 1.000000
1.000000 1.000000 1.000000 1.000000
1.000000 1.000000 1.000000 1.000000
1.000000 1.000000 1.000000 1.000000
1.000000 1.000000 1.000000 1.000000
1.000000 1.000000 1.000000 1.000000
1.000000 1.000000 1.000000 1.000000
1.000000 1.000000 1.000000 1.000000
1.000000 1.000000 1.000000 1.000000
1.000000 1.000000 1.000000 1.000000
1.000000 1.000000 1.000000 1.000000
1.000000 1.000000 1.000000 1.000000
1.000000 1.000000 1.000000 1.000000
1.000000 1.000000 1.000000 1.000000
1.000000 1.000000 1.000000 1.000000
1.000000 1.000000 1.000000 1.000000
1.000000 1.000000 1.000000 1.000000
1.000000 1.000000 1.000000 1.000000
1.000000 1.000000 1.000000 1.000000
1.000000 1.000000 1.000000 1.000000
1.000000 1.000000 1.000000 1.000000
1.000000 1.000000 1.000000 1.000000
1.000000 1.000000 1.000000 1.000000
1.000000 1.000000 1.000000 1.000000
1.000000 1.000000 1.000000 1.000000
1.000000 1.000000 1.000000 1.000000
1.000000 1.000000 1.000000 1.000000
1.000000 1.000000 1.000000 1.000000
1.000000 1.000000 1.000000 1.000000
1.000000 1.000000 1.000000 1.000000
1.000000 1.000000 1.000000 1.000000
1.000000 1.000000 1.000000 1.000000
1.000000 1.000000 1.000000 1.000000
1.000000 1.000000 1.000000 1.000000
1.000000 1.000000 1.000000 1.000000
1.000000 1.000000 1.000000 1.000000
1.000000 1.000000 1.000000 1.000000
1.000000 1.000000 1.000000 1.000000
1.000000 1.000000 1.000000 1.000000
1.000000 1.000000 1.000000 1.000000
1.000000 1.000000 1.000000 1.000000
1.000000 1.000000 1.000000 1.000000
1.000000 1.000000 1.000000 1.000000
1.000000 1.000000 1.000000 1.000000
1.000000 1.000000 1.000000 1.000000
1.000000 1.000000 1.000000 1.000000
1.000000 1.000000 1.000000 1.000000
1.000000 1.000000 1.000000 1.000000
1.000000 1.000000 1.000000 1.000000
1.000000 1.000000 1.000000 1.000000
1.000000 1.000000 1.000000 1.000000
1.000000 1.000000 1.000000 1.000000
1.000000 1.000000 1.000000 1.000000
1.000000 1.000000 1.000000 1.000000
1.000000 1.000000 1.000000 1.000000
1.000000 1.000000 1.000000 1.000000
1.000000 1.000000 1.000000 1.000000
1.000000 1.000000 1.000000 1.000000
1.000000 1.000000 1.000000 1.000000
1.000000 1.000000 1.000000 1.000000
1.000000 1.000000 1.000000 1.000000
0.250000 0.250000 0.250000 1.000000
0.000000 0.000000 0.000000 0.000000
0.000000 0.000000 0.000000 0.000000
0.250000 0.250000 0.250000 1.000000
0.000000 0.000000 0.000000 0.000000
0.000000 0.000000 0.000000 0.000000
0.250000 0.250000 0.250000 1.000000
0.250000 0.250000 0.250000 1.000000
0.250000 0.250000 0.250000 1.000000
0.500000 0.500000 0.500000 1.000000
0.500000 0.500000 0.500000 1.000000
0.250000 0.250000 0.250000 1.000000
0.500000 0.500000 0.500000 1.000000
0.500000 0.500000 0.500000 1.000000
0.250000 0.250000 0.250000 1.000000
0.250000 0.250000 0.250000 1.000000
0.000000 0.000000 0.000000 0.000000
0.000000 0.000000 0.000000 0.000000
0.250000 0.250000 0.250000 1.000000
0.250000 0.250000 0.250000 1.000000
0.250000 0.250000 0.250000 1.000000
0.500000 0.500000 0.500000 1.000000
0.500000 0.500000 0.500000 1.000000
0.250000 0.250000 0.250000 1.000000
0.500000 0.500000 0.500000 1.000000
0.500000 0.500000 0.500000 1.000000
0.250000 0.250000 0.250000 1.000000
0.250000 0.250000 0.250000 1.000000
0.250000 0.250000 0.250000 1.000000
0.000000 0.000000 0.000000 0.000000
0.000000 0.000000 0.000000 0.000000
0.250000 0.250000 0.250000 1.000000
0.750000 0.750000 0.750000 1.000000
1.000000 1.000000 1.000000 1.000000
1.000000 1.000000 1.000000 1.000000
0.750000 0.750000 0.750000 1.000000
1.000000 1.000000 1.000000 1.000000
1.000000 1.000000 1.000000 1.000000
0.750000 0.750000 0.750000 1.000000
0.750000 0.750000 0.750000 1.000000
0.750000 0.750000 0.750000 1.000000
0.500000 0.500000 0.500000 1.000000
0.500000 0.500000 0.500000 1.000000
0.750000 0.750000 0.750000 1.000000
0.500000 0.500000 0.500000 1.000000
0.500000 0.500000 0.500000 1.000000
0.750000 0.750000 0.750000 1.000000
0.750000 0.750000 0.750000 1.000000
1.000000 1.000000 1.000000 1.000000
1.000000 1.000000 1.000000 1.000000
0.750000 0.750000 0.750000 1.000000
0.750000 0.750000 0.750000 1.000000
0.750000 0.750000 0.750000 1.000000
0.500000 0.500000 0.500000 1.000000
0.500000 0.500000 0.500000 1.000000
0.750000 0.750000 0.750000 1.000000
0.500000 0.500000 0.500000 1.000000
0.500000 0.500000 0.500000 1.000000
0.750000 0.750000 0.750000 1.000000
0.750000 0.750000 0.750000 1.000000
0.750000 0.750000 0.750000 1.000000
1.000000 1.000000 1.000000 1.000000
1.000000 1.000000 1.000000 1.000000
0.750000 0.750000 0.750000 1.000000
0.250000 0.250000 0.250000 1.000000
0.000000 0.000000 0.000000 0.000000
0.000000 0.000000 0.000000 0.000000
0.250000 0.250000 0.250000 1.000000
0.000000 0.000000 0.000000 0.000000
0.000000 0.000000 0.000000 0.000000
0.250000 0.250000 0.250000 1.000000
0.250000 0.250000 0.250000 1.000000
0.250000 0.250000 0.250000 1.000000
0.500000 0.500000 0.500000 1.000000
0.500000 0.500000 0.500000 1.000000
0.250000 0.250000 0.250000 1.000000
0.500000 0.500000 0.500000 1.000000
0.500000 0.500000 0.500000 1.000000
0.250000 0.250000 0.250000 1.000000
0.250000 0.250000 0.250000 1.000000
0.000000 0.000000 0.000000 0.000000
0.000000 0.000000 0.000000 0.000000
0.250000 0.250000 0.250000 1.000000
0.250000 0.250000 0.250000 1.000000
0.250000 0.250000 0.250000 1.000000
0.500000 0.500000 0.500000 1.000000
0.500000 0.500000 0.500000 1.000000
0.250000 0.250000 0.250000 1.000000
0.500000 0.500000 0.500000 1.000000
0.500000 0.500000 0.500000 1.000000
0.250000 0.250000 0.250000 1.000000
0.250000 0.250000 0.250000 1.000000
0.250000 0.250000 0.250000 1.000000
0.000000 0.000000 0.000000 0.000000
0.000000 0.000000 0.000000 0.000000
0.250000 0.250000 0.250000 1.000000
0.750000 0.750000 0.750000 1.000000
1.000000 1.000000 1.000000 1.000000
1.000000 1.000000 1.000000 1.000000
0.750000 0.750000 0.750000 1.000000
1.000000 1.000000 1.000000 1.000000
1.000000 1.000000 1.000000 1.000000
0.750000 0.750000 0.750000 1.000000
0.750000 0.750000 0.750000 1.000000
0.750000 0.750000 0.750000 1.000000
0.500000 0.500000 0.500000 1.000000
0.500000 0.500000 0.500000 1.000000
0.750000 0.750000 0.750000 1.000000
0.500000 0.500000 0.500000 1.000000
0.500000 0.500000 0.500000 1.000000
0.750000 0.750000 0.750000 1.000000
0.750000 0.750000 0.750000 1.000000
1.000000 1.000000 1.000000 1.000000
1.000000 1.000000 1.000000 1.000000
0.750000 0.750000 0.750000 1.000000
0.750000 0.750000 0.750000 1.000000
0.750000 0.750000 0.750000 1.000000
0.500000 0.500000 0.500000 1.000000
0.500000 0.500000 0.500000 1.000000
0.750000 0.750000 0.750000 1.000000
0.500000 0.500000 0.500000 1.000000
0.500000 0.500000 0.500000 1.000000
0.750000 0.750000 0.750000 1.000000
0.750000 0.750000 0.750000 1.000000
0.750000 0.750000 0.750000 1.000000
1.000000 1.000000 1.000000 1.000000
1.000000 1.000000 1.000000 1.000000
0.750000 0.750000 0.750000 1.000000
0.250000 0.250000 0.250000 1.000000
0.000000 0.000000 0.000000 0.000000
0.000000 0.000000 0.000000 0.000000
0.250000 0.250000 0.250000 1.000000
0.000000 0.000000 0.000000 0.000000
0.000000 0.000000 0.000000 0.000000
0.250000 0.250000 0.250000 1.000000
0.250000 0.250000 0.250000 1.000000
0.250000 0.250000 0.250000 1.000000
0.500000 0.500000 0.500000 1.000000
0.500000 0.500000 0.500000 1.000000
0.250000 0.250000 0.250000 1.000000
0.500000 0.500000 0.500000 1.000000
0.500000 0.500000 0.500000 1.000000
0.250000 0.250000 0.250000 1.000000
0.250000 0.250000 0.250000 1.000000
0.000000 0.000000 0.000000 0.000000
0.000000 0.000000 0.000000 0.000000
0.250000 0.250000 0.250000 1.000000
0.250000 0.250000 0.250000 1.000000
0.250000 0.250000 0.250000 1.000000
0.500000 0.500000 0.500000 1.000000
0.500000 0.500000 0.500000 1.000000
0.250000 0.250000 0.250000 1.000000
0.500000 0.500000 0.500000 1.000000
0.500000 0.500000 0.500000 1.000000
0.250000 0.250000 0.250000 1.000000
0.250000 0.250000 0.250000 1.000000
0.250000 0.250000 0.250000 1.000000
0.000000 0.000000 0.000000 0.000000
0.000000 0.000000 0.000000 0.000000
0.250000 0.250000 0.250000 1.000000
0.750000 0.750000 0.750000 1.000000
1.000000 1.000000 1.000000 1.000000
1.000000 1.000000 1.000000 1.000000
0.750000 0.750000 0.750000 1.000000
1.000000 1.000000 1.000000 1.000000
1.000000 1.000000 1.000000 1.000000
0.750000 0.750000 0.750000 1.000000
0.750000 0.750000 0.750000 1.000000
0.750000 0.750000 0.750000 1.000000
0.500000 0.500000 0.500000 1.000000
0.500000 0.500000 0.500000 1.000000
0.750000 0.750000 0.750000 1.000000
0.500000 0.500000 0.500000 1.000000
0.500000 0.500000 0.500000 1.000000
0.750000 0.750000 0.750000 1.000000
0.750000 0.750000 0.750000 1.000000
1.000000 1.000000 1.000000 1.000000
1.000000 1.000000 1.000000 1.000000
0.750000 0.750000 0.750000 1.000000
0.750000 0.750000 0.750000 1.000000
0.750000 0.750000 0.750000 1.000000
0.500000 0.500000 0.500000 1.000000
0.500000 0.500000 0.500000 1.000000
0.750000 0.750000 0.750000 1.000000
0.500000 0.500000 0.500000 1.000000
0.500000 0.500000 0.500000 1.000000
0.750000 0.750000 0.750000 1.000000
0.750000 0.750000 0.750000 1.000000
0.750000 0.750000 0.750000 1.000000
1.000000 1.000000 1.000000 1.000000
1.000000 1.000000 1.000000 1.000000
0.750000 0.750000 0.750000 1.000000
0.250000 0.250000 0.250000 1.000000
0.000000 0.000000 0.000000 0.000000
0.000000 0.000000 0.000000 0.000000
0.250000 0.250000 0.250000 1.000000
0.000000 0.000000 0.000000 0.000000
0.000000 0.000000 0.000000 0.000000
0.250000 0.250000 0.250000 1.000000
0.250000 0.250000 0.250000 1.000000
0.250000 0.250000 0.250000 1.000000
0.500000 0.500000 0.500000 1.000000
0.500000 0.500000 0.500000 1.000000
0.250000 0.250000 0.250000 1.000000
0.500000 0.500000 0.500000 1.000000
0.500000 0.500000 0.500000 1.000000
0.250000 0.250000 0.250000 1.000000
0.250000 0.250000 0.250000 1.000000
0.000000 0.000000 0.000000 0.000000
0.000000 0.000000 0.000000 0.000000
0.250000 0.250000 0.250000 1.000000
0.250000 0.250000 0.250000 1.000000
0.250000 0.250000 0.250000 1.000000
0.500000 0.500000 0.500000 1.000000
0.500000 0.500000 0.500000 1.000000
0.250000 0.250000 0.250000 1.000000
0.500000 0.500000 0.500000 1.000000
0.500000 0.500000 0.500000 1.000000
0.250000 0.250000 0.250000 1.000000
0.250000 0.250000 0.250000 1.000000
0.250000 0.250000 0.250000 1.000000
0.000000 0.000000 0.000000 0.000000
0.000000 0.000000 0.000000 0.000000
0.250000 0.250000 0.250000 1.000000
0.750000 0.750000 0.750000 1.000000
1.000000 1.000000 1.000000 1.000000
1.000000 1.000000 1.000000 1.000000
0.750000 0.750000 0.750000 1.000000
1.000000 1.000000 1.000000 1.000000
1.000000 1.000000 1.000000 1.000000
0.750000 0.750000 0.750000 1.000000
0.750000 0.750000 0.750000 1.000000
0.750000 0.750000 0.750000 1.000000
0.500000 0.500000 0.500000 1.000000
0.500000 0.500000 0.500000 1.000000
0.750000 0.750000 0.750000 1.000000
0.500000 0.500000 0.500000 1.000000
0.500000 0.500000 0.500000 1.000000
0.750000 0.750000 0.750000 1.000000
0.750000 0.750000 0.750000 1.000000
1.000000 1.000000 1.000000 1.000000
1.000000 1.000000 1.000000 1.000000
0.750000 0.750000 0.750000 1.000000
0.750000 0.750000 0.750000 1.000000
0.750000 0.750000 0.750000 1.000000
0.500000 0.500000 0.500000 1.000000
0.500000 0.500000 0.500000 1.000000
0.750000 0.750000 0.750000 1.000000
0.500000 0.500000 0.500000 1.000000
0.500000 0.500000 0.500000 1.000000
0.750000 0.750000 0.750000 1.000000
0.750000 0.750000 0.750000 1.000000
0.750000 0.750000 0.750000 1.000000
1.000000 1.000000 1.000000 1.000000
1.000000 1.000000 1.000000 1.000000
0.750000 0.750000 0.750000 1.000000
0.250000 0.250000 0.250000 1.000000
0.000000 0.000000 0.000000 0.000000
0.000000 0.000000 0.000000 0.000000
0.250000 0.250000 0.250000 1.000000
0.000000 0.000000 0.000000 0.000000
0.000000 0.000000 0.000000 0.000000
0.250000 0.250000 0.250000 1.000000
0.250000 0.250000 0.250000 1.000000
0.250000 0.250000 0.250000 1.000000
0.500000 0.500000 0.500000 1.000000
0.500000 0.500000 0.500000 1.000000
0.250000 0.250000 0.250000 1.000000
0.500000 0.500000 0.500000 1.000000
0.500000 0.500000 0.500000 1.000000
0.250000 0.250000 0.250000 1.000000
0.250000 0.250000 0.250000 1.000000
0.000000 0.000000 0.000000 0.000000
0.000000 0.000000 0.000000 0.000000
0.250000 0.250000 0.250000 1.000000
0.250000 0.250000 0.250000 1.000000
0.250000 0.250000 0.250000 1.000000
0.500000 0.500000 0.500000 1.000000
0.500000 0.500000 0.500000 1.000000
0.250000 0.250000 0.250000 1.000000
0.500000 0.500000 0.500000 1.000000
0.500000 0.500000 0.500000 1.000000
0.250000 0.250000 0.250000 1.000000
0.250000 0.250000 0.250000 1.000000
0.250000 0.250000 0.250000 1.000000
0.000000 0.000000 0.000000 0.000000
0.000000 0.000000 0.000000 0.000000
0.250000 0.250000 0.250000 1.000000
0.750000 0.750000 0.750000 1.000000
1.000000 1.000000 1.000000 1.000000
1.000000 1.000000 1.000000 1.000000
0.750000 0.750000 0.750000 1.000000
1.000000 1.000000 1.000000 1.000000
1.000000 1.000000 1.000000 1.000000
0.750000 0.750000 0.750000 1.000000
0.750000 0.750000 0.750000 1.000000
0.750000 0.750000 0.750000 1.000000
0.500000 0.500000 0.500000 1.000000
0.500000 0.500000 0.500000 1.000000
0.750000 0.750000 0.750000 1.000000
0.500000 0.500000 0.500000 1.000000
0.500000 0.500000 0.500000 1.000000
0.750000 0.750000 0.750000 1.000000
0.750000 0.750000 0.750000 1.000000
1.000000 1.000000 1.000000 1.000000
1.000000 1.000000 1.000000 1.000000
0.750000 0.750000 0.750000 1.000000
0.750000 0.750000 0.750000 1.000000
0.750000 0.750000 0.750000 1.000000
0.500000 0.500000 0.500000 1.000000
0.500000 0.500000 0.500000 1.000000
0.750000 0.750000 0.750000 1.000000
0.500000 0.500000 0.500000 1.000000
0.500000 0.500000 0.500000 1.000000
0.750000 0.750000 0.750000 1.000000
0.750000 0.750000 0.750000 1.000000
0.750000 0.750000 0.750000 1.000000
1.000000 1.000000 1.000000 1.000000
1.000000 1.000000 1.000000 1.000000
0.750000 0.750000 0.750000 1.000000
0.250000 0.250000 0.250000 1.000000
0.000000 0.000000 0.000000 0.000000
0.000000 0.000000 0.000000 0.000000
0.250000 0.250000 0.250000 1.000000
0.000000 0.000000 0.000000 0.000000
0.000000 0.000000 0.000000 0.000000
0.250000 0.250000 0.250000 1.000000
0.250000 0.250000 0.250000 1.000000
0.250000 0.250000 0.250000 1.000000
0.500000 0.500000 0.500000 1.000000
0.500000 0.500000 0.500000 1.000000
0.250000 0.250000 0.250000 1.000000
0.500000 0.500000 0.500000 1.000000
0.500000 0.500000 0.500000 1.000000
0.250000 0.250000 0.250000 1.000000
0.250000 0.250000 0.250000 1.000000
0.000000 0.000000 0.000000 0.000000
0.000000 0.000000 0.000000 0.000000
0.250000 0.250000 0.250000 1.000000
0.250000 0.250000 0.250000 1.000000
0.250000 0.250000 0.250000 1.000000
0.500000 0.500000 0.500000 1.000000
0.500000 0.500000 0.500000 1.000000
0.250000 0.250000 0.250000 1.000000
0.500000 0.500000 0.500000 1.000000
0.500000 0.500000 0.500000 1.000000
0.250000 0.250000 0.250000 1.000000
0.250000 0.250000 0.250000 1.000000
0.250000 0.250000 0.250000 1.000000
0.000000 0.000000 0.000000 0.000000
0.000000 0.000000 0.000000 0.000000
0.250000 0.250000 0.250000 1.000000
0.750000 0.750000 0.750000 1.000000
1.000000 1.000000 1.000000 1.000000
1.000000 1.000000 1.000000 1.000000
0.750000 0.750000 0.750000 1.000000
1.000000 1.000000 1.000000 1.000000
1.000000 1.000000 1.000000 1.000000
0.750000 0.750000 0.750000 1.000000
0.750000 0.750000 0.750000 1.000000
0.750000 0.750000 0.750000 1.000000
0.500000 0.500000 0.500000 1.000000
0.500000 0.500000 0.500000 1.000000
0.750000 0.750000 0.750000 1.000000
0.500000 0.500000 0.500000 1.000000
0.500000 0.500000 0.500000 1.000000
0.750000 0.750000 0.750000 1.000000
0.750000 0.750000 0.750000 1.000000
1.000000 1.000000 1.000000 1.000000
1.000000 1.000000 1.000000 1.000000
0.750000 0.750000 0.750000 1.000000
0.750000 0.750000 0.750000 1.000000
0.750000 0.750000 0.750000 1.000000
0.500000 0.500000 0.500000 1.000000
0.500000 0.500000 0.500000 1.000000
0.750000 0.750000 0.750000 1.000000
0.500000 0.500000 0.500000 1.000000
0.500000 0.500000 0.500000 1.000000
0.750000 0.750000 0.750000 1.000000
0.750000 0.750000 0.750000 1.000000
0.750000 0.750000 0.750000 1.000000
1.000000 1.000000 1.000000 1.000000
1.000000 1.000000 1.000000 1.000000
0.750000 0.750000 0.750000 1.000000
0.250000 0.250000 0.250000 1.000000
0.000000 0.000000 0.000000 0.000000
0.000000 0.000000 0.000000 0.000000
0.250000 0.250000 0.250000 1.000000
0.000000 0.000000 0.000000 0.000000
0.000000 0.000000 0.000000 0.000000
0.250000 0.250000 0.250000 1.000000
0.250000 0.250000 0.250000 1.000000
0.250000 0.250000 0.250000 1.000000
0.500000 0.500000 0.500000 1.000000
0.500000 0.500000 0.500000 1.000000
0.250000 0.250000 0.250000 1.000000
0.500000 0.500000 0.500000 1.000000
0.500000 0.500000 0.500000 1.000000
0.250000 0.250000 0.250000 1.000000
0.250000 0.250000 0.250000 1.000000
0.000000 0.000000 0.000000 0.000000
0.000000 0.000000 0.000000 0.000000
0.250000 0.250000 0.250000 1.000000
0.250000 0.250000 0.250000 1.000000
0.250000 0.250000 0.250000 1.000000
0.500000 0.500000 0.500000 1.000000
0.500000 0.500000 0.500000 1.000000
0.250000 0.250000 0.250000 1.000000
0.500000 0.500000 0.500000 1.000000
0.500000 0.500000 0.500000 1.000000
0.250000 0.250000 0.250000 1.000000
0.250000 0.250000 0.250000 1.000000
0.250000 0.250000 0.250000 1.000000
0.000000 0.000000 0.000000 0.000000
0.000000 0.000000 0.000000 0.000000
0.250000 0.250000 0.250000 1.000000
0.750000 0.750000 0.750000 1.000000
1.000000 1.000000 1.000000 1.000000
1.000000 1.000000 1.000000 1.000000
0.750000 0.750000 0.750000 1.000000
1.000000 1.000000 1.000000 1.000000
1.000000 1.000000 1.000000 1.000000
0.750000 0.750000 0.750000 1.000000
0.750000 0.750000 0.750000 1.000000
0.750000 0.750000 0.750000 1.000000
0.500000 0.500000 0.500000 1.000000
0.500000 0.500000 0.500000 1.000000
0.750000 0.750000 0.750000 1.000000
0.500000 0.500000 0.500000 1.000000
0.500000 0.500000 0.500000 1.000000
0.750000 0.750000 0.750000 1.000000
0.750000 0.750000 0.750000 1.000000
1.000000 1.000000 1.000000 1.000000
1.000000 1.000000 1.000000 1.000000
0.750000 0.750000 0.750000 1.000000
0.750000 0.750000 0.750000 1.000000
0.750000 0.750000 0.750000 1.000000
0.500000 0.500000 0.500000 1.000000
0.500000 0.500000 0.500000 1.000000
0.750000 0.750000 0.750000 1.000000
0.500000 0.500000 0.500000 1.000000
0.500000 0.500000 0.500000 1.000000
0.750000 0.750000 0.750000 1.000000
0.750000 0.750000 0.750000 1.000000
0.750000 0.750000 0.750000 1.000000
1.000000 1.000000 1.000000 1.000000
1.000000 1.000000 1.000000 1.000000
0.750000 0.750000 0.750000 1.000000
0.250000 0.250000 0.250000 1.000000
0.000000 0.000000 0.000000 0.000000
0.000000 0.000000 0.000000 0.000000
0.250000 0.250000 0.250000 1.000000
0.000000 0.000000 0.000000 0.000000
0.000000 0.000000 0.000000 0.000000
0.250000 0.250000 0.250000 1.000000
0.250000 0.250000 0.250000 1.000000
0.250000 0.250000 0.250000 1.000000
0.500000 0.500000 0.500000 1.000000
0.500000 0.500000 0.500000 1.000000
0.250000 0.250000 0.250000 1.000000
0.500000 0.500000 0.500000 1.000000
0.500000 0.500000 0.500000 1.000000
0.250000 0.250000 0.250000 1.000000
0.250000 0.250000 0.250000 1.000000
0.000000 0.000000 0.000000 0.000000
0.000000 0.000000 0.000000 0.000000
0.250000 0.250000 0.250000 1.000000
0.250000 0.250000 0.250000 1.000000
0.250000 0.250000 0.250000 1.000000
0.500000 0.500000 0.500000 1.000000
0.500000 0.500000 0.500000 1.000000
0.250000 0.250000 0.250000 1.000000
0.500000 0.500000 0.500000 1.000000
0.500000 0.500000 0.500000 1.000000
0.250000 0.250000 0.250000 1.000000
0.250000 0.250000 0.250000 1.000000
0.250000 0.250000 0.250000 1.000000
0.000000 0.000000 0.000000 0.000000
0.000000 0.000000 0.000000 0.000000
0.250000 0.250000 0.250000 1.000000
0.750000 0.750000 0.750000 1.000000
1.000000 1.000000 1.000000 1.000000
1.000000 1.000000 1.000000 1.000000
0.750000 0.750000 0.750000 1.000000
1.000000 1.000000 1.000000 1.000000
1.000000 1.000000 1.000000 1.000000
0.750000 0.750000 0.750000 1.000000
0.750000 0.750000 0.750000 1.000000
0.750000 0.750000 0.750000 1.000000
0.500000 0.500000 0.500000 1.000000
0.500000 0.500000 0.500000 1.000000
0.750000 0.750000 0.750000 1.000000
0.500000 0.500000 0.500000 1.000000
0.500000 0.500000 0.500000 1.000000
0.750000 0.750000 0.750000 1.000000
0.750000 0.750000 0.750000 1.000000
1.000000 1.000000 1.000000 1.000000
1.000000 1.000000 1.000000 1.000000
0.750000 0.750000 0.750000 1.000000
0.750000 0.750000 0.750000 1.000000
0.750000 0.750000 0.750000 1.000000
0.500000 0.500000 0.500000 1.000000
0.500000 0.500000 0.500000 1.000000
0.750000 0.750000 0.750000 1.000000
0.500000 0.500000 0.500000 1.000000
0.500000 0.500000 0.500000 1.000000
0.750000 0.750000 0.750000 1.000000
0.750000 0.750000 0.750000 1.000000
0.750000 0.750000 0.750000 1.000000
1.000000 1.000000 1.000000 1.000000
1.000000 1.000000 1.000000 1.000000
0.750000 0.750000 0.750000 1.000000
0.250000 0.250000 0.250000 1.000000
0.000000 0.000000 0.000000 0.000000
0.000000 0.000000 0.000000 0.000000
0.250000 0.250000 0.250000 1.000000
0.000000 0.000000 0.000000 0.000000
0.000000 0.000000 0.000000 0.000000
0.250000 0.250000 0.250000 1.000000
0.250000 0.250000 0.250000 1.000000
0.250000 0.250000 0.250000 1.000000
0.500000 0.500000 0.500000 1.000000
0.500000 0.500000 0.500000 1.000000
0.250000 0.250000 0.250000 1.000000
0.500000 0.500000 0.500000 1.000000
0.500000 0.500000 0.500000 1.000000
0.250000 0.250000 0.250000 1.000000
0.250000 0.250000 0.250000 1.000000
0.000000 0.000000 0.000000 0.000000
0.000000 0.000000 0.000000 0.000000
0.250000 0.250000 0.250000 1.000000
0.250000 0.250000 0.250000 1.000000
0.250000 0.250000 0.250000 1.000000
0.500000 0.500000 0.500000 1.000000
0.500000 0.500000 0.500000 1.000000
0.250000 0.250000 0.250000 1.000000
0.500000 0.500000 0.500000 1.000000
0.500000 0.500000 0.500000 1.000000
0.250000 0.250000 0.250000 1.000000
0.250000 0.250000 0.250000 1.000000
0.250000 0.250000 0.250000 1.000000
0.000000 0.000000 0.000000 0.000000
0.000000 0.000000 0.000000 0.000000
0.250000 0.250000 0.250000 1.000000
0.750000 0.750000 0.750000 1.000000
1.000000 1.000000 1.000000 1.000000
1.000000 1.000000 1.000000 1.000000
0.750000 0.750000 0.750000 1.000000
1.000000 1.000000 1.000000 1.000000
1.000000 1.000000 1.000000 1.000000
0.750000 0.750000 0.750000 1.000000
0.750000 0.750000 0.750000 1.000000
0.750000 0.750000 0.750000 1.000000
0.500000 0.500000 0.500000 1.000000
0.500000 0.500000 0.500000 1.000000
0.750000 0.750000 0.750000 1.000000
0.500000 0.500000 0.500000 1.000000
0.500000 0.500000 0.500000 1.000000
0.750000 0.750000 0.750000 1.000000
0.750000 0.750000 0.750000 1.000000
1.000000 1.000000 1.000000 1.000000
1.000000 1.000000 1.000000 1.000000
0.750000 0.750000 0.750000 1.000000
0.750000 0.750000 0.750000 1.000000
0.750000 0.750000 0.750000 1.000000
0.500000 0.500000 0.500000 1.000000
0.500000 0.500000 0.500000 1.000000
0.750000 0.750000 0.750000 1.000000
0.500000 0.500000 0.500000 1.000000
0.500000 0.500000 0.500000 1.000000
0.750000 0.750000 0.750000 1.000000
0.750000 0.750000 0.750000 1.000000
0.750000 0.750000 0.750000 1.000000
1.000000 1.000000 1.000000 1.000000
1.000000 1.000000 1.000000 1.000000
0.750000 0.750000 0.750000 1.000000
0.250000 0.250000 0.250000 1.000000
0.000000 0.000000 0.000000 0.000000
0.000000 0.000000 0.000000 0.000000
0.250000 0.250000 0.250000 1.000000
0.000000 0.000000 0.000000 0.000000
0.000000 0.000000 0.000000 0.000000
0.250000 0.250000 0.250000 1.000000
0.250000 0.250000 0.250000 1.000000
0.250000 0.250000 0.250000 1.000000
0.500000 0.500000 0.500000 1.000000
0.500000 0.500000 0.500000 1.000000
0.250000 0.250000 0.250000 1.000000
0.500000 0.500000 0.500000 1.000000
0.500000 0.500000 0.500000 1.000000
0.250000 0.250000 0.250000 1.000000
0.250000 0.250000 0.250000 1.000000
0.000000 0.000000 0.000000 0.000000
0.000000 0.000000 0.000000 0.000000
0.250000 0.250000 0.250000 1.000000
0.250000 0.250000 0.250000 1.000000
0.250000 0.250000 0.250000 1.000000
0.500000 0.500000 0.500000 1.000000
0.500000 0.500000 0.500000 1.000000
0.250000 0.250000 0.250000 1.000000
0.500000 0.500000 0.500000 1.000000
0.500000 0.500000 0.500000 1.000000
0.250000 0.250000 0.250000 1.000000
0.250000 0.250000 0.250000 1.000000
0.250000 0.250000 0.250000 1.000000
0.000000 0.000000 0.000000 0.000000
0.000000 0.000000 0.000000 0.000000
0.250000 0.250000 0.250000 1.000000
0.750000 0.750000 0.750000 1.000000
1.000000 1.000000 1.000000 1.000000
1.000000 1.000000 1.000000 1.000000
0.750000 0.750000 0.750000 1.000000
1.000000 1.000000 1.000000 1.000000
1.000000 1.000000 1.000000 1.000000
0.750000 0.750000 0.750000 1.000000
0.750000 0.750000 0.750000 1.000000
0.750000 0.750000 0.750000 1.000000
0.500000 0.500000 0.500000 1.000000
0.500000 0.500000 0.500000 1.000000
0.750000 0.750000 0.750000 1.000000
0.500000 0.500000 0.500000 1.000000
0.500000 0.500000 0.500000 1.000000
0.750000 0.750000 0.750000 1.000000
0.750000 0.750000 0.750000 1.000000
1.000000 1.000000 1.000000 1.000000
1.000000 1.000000 1.000000 1.000000
0.750000 0.750000 0.750000 1.000000
0.750000 0.750000 0.750000 1.000000
0.750000 0.750000 0.750000 1.000000
0.500000 0.500000 0.500000 1.000000
0.500000 0.500000 0.500000 1.000000
0.750000 0.750000 0.750000 1.000000
0.500000 0.500000 0.500000 1.000000
0.500000 0.500000 0.500000 1.000000
0.750000 0.750000 0.750000 1.000000
0.750000 0.750000 0.750000 1.000000
0.750000 0.750000 0.750000 1.000000
1.000000 1.000000 1.000000 1.000000
1.000000 1.000000 1.000000 1.000000
0.750000 0.750000 0.750000 1.000000
0.250000 0.250000 0.250000 1.000000
0.000000 0.000000 0.000000 0.000000
0.000000 0.000000 0.000000 0.000000
0.250000 0.250000 0.250000 1.000000
0.000000 0.000000 0.000000 0.000000
0.000000 0.000000 0.000000 0.000000
0.250000 0.250000 0.250000 1.000000
0.250000 0.250000 0.250000 1.000000
0.250000 0.250000 0.250000 1.000000
0.500000 0.500000 0.500000 1.000000
0.500000 0.500000 0.500000 1.000000
0.250000 0.250000 0.250000 1.000000
0.500000 0.500000 0.500000 1.000000
0.500000 0.500000 0.500000 1.000000
0.250000 0.250000 0.250000 1.000000
0.250000 0.250000 0.250000 1.000000
0.000000 0.000000 0.000000 0.000000
0.000000 0.000000 0.000000 0.000000
0.250000 0.250000 0.250000 1.000000
0.250000 0.250000 0.250000 1.000000
0.250000 0.250000 0.250000 1.000000
0.500000 0.500000 0.500000 1.000000
0.500000 0.500000 0.500000 1.000000
0.250000 0.250000 0.250000 1.000000
0.500000 0.500000 0.500000 1.000000
0.500000 0.500000 0.500000 1.000000
0.250000 0.250000 0.250000 1.000000
0.250000 0.250000 0.250000 1.000000
0.250000 0.250000 0.250000 1.000000
0.000000 0.000000 0.000000 0.000000
0.000000 0.000000 0.000000 0.000000
0.250000 0.250000 0.250000 1.000000
0.750000 0.750000 0.750000 1.000000
1.000000 1.000000 1.000000 1.000000
1.000000 1.000000 1.000000 1.000000
0.750000 0.750000 0.750000 1.000000
1.000000 1.000000 1.000000 1.000000
1.000000 1.000000 1.000000 1.000000
0.750000 0.750000 0.750000 1.000000
0.750000 0.750000 0.750000 1.000000
0.750000 0.750000 0.750000 1.000000
0.500000 0.500000 0.500000 1.000000
0.500000 0.500000 0.500000 1.000000
0.750000 0.750000 0.750000 1.000000
0.500000 0.500000 0.500000 1.000000
0.500000 0.500000 0.500000 1.000000
0.750000 0.750000 0.750000 1.000000
0.750000 0.750000 0.750000 1.000000
1.000000 1.000000 1.000000 1.000000
1.000000 1.000000 1.000000 1.000000
0.750000 0.750000 0.750000 1.000000
0.750000 0.750000 0.750000 1.000000
0.750000 0.750000 0.750000 1.000000
0.500000 0.500000 0.500000 1.000000
0.500000 0.500000 0.500000 1.000000
0.750000 0.750000 0.750000 1.000000
0.500000 0.500000 0.500000 1.000000
0.500000 0.500000 0.500000 1.000000
0.750000 0.750000 0.750000 1.000000
0.750000 0.750000 0.750000 1.000000
0.750000 0.750000 0.750000 1.000000
1.000000 1.000000 1.000000 1.000000
1.000000 1.000000 1.000000 1.000000
0.750000 0.750000 0.750000 1.000000
0.250000 0.250000 0.250000 1.000000
0.000000 0.000000 0.000000 0.000000
0.000000 0.000000 0.000000 0.000000
0.250000 0.250000 0.250000 1.000000
0.000000 0.000000 0.000000 0.000000
0.000000 0.000000 0.000000 0.000000
0.250000 0.250000 0.250000 1.000000
0.250000 0.250000 0.250000 1.000000
0.250000 0.250000 0.250000 1.000000
0.500000 0.500000 0.500000 1.000000
0.500000 0.500000 0.500000 1.000000
0.250000 0.250000 0.250000 1.000000
0.500000 0.500000 0.500000 1.000000
0.500000 0.500000 0.500000 1.000000
0.250000 0.250000 0.250000 1.000000
0.250000 0.250000 0.250000 1.000000
0.000000 0.000000 0.000000 0.000000
0.000000 0.000000 0.000000 0.000000
0.250000 0.250000 0.250000 1.000000
0.250000 0.250000 0.250000 1.000000
0.250000 0.250000 0.250000 1.000000
0.500000 0.500000 0.500000 1.000000
0.500000 0.500000 0.500000 1.000000
0.250000 0.250000 0.250000 1.000000
0.500000 0.500000 0.500000 1.000000
0.500000 0.500000 0.500000 1.000000
0.250000 0.250000 0.250000 1.000000
0.250000 0.250000 0.250000 1.000000
0.250000 0.250000 0.250000 1.000000
0.000000 0.000000 0.000000 0.000000
0.000000 0.000000 0.000000 0.000000
0.250000 0.250000 0.250000 1.000000
0.750000 0.750000 0.750000 1.000000
1.000000 1.000000 1.000000 1.000000
1.000000 1.000000 1.000000 1.000000
0.750000 0.750000 0.750000 1.000000
1.000000 1.000000 1.000000 1.000000
1.000000 1.000000 1.000000 1.000000
0.750000 0.750000 0.750000 1.000000
0.750000 0.750000 0.750000 1.000000
0.750000 0.750000 0.750000 1.000000
0.500000 0.500000 0.500000 1.000000
0.500000 0.500000 0.500000 1.000000
0.750000 0.750000 0.750000 1.000000
0.500000 0.500000 0.500000 1.000000
0.500000 0.500000 0.500000 1.000000
0.750000 0.750000 0.750000 1.000000
0.750000 0.750000 0.750000 1.000000
1.000000 1.000000 1.000000 1.000000
1.000000 1.000000 1.000000 1.000000
0.750000 0.750000 0.750000 1.000000
0.750000 0.750000 0.750000 1.000000
0.750000 0.750000 0.750000 1.000000
0.500000 0.500000 0.500000 1.000000
0.500000 0.500000 0.500000 1.000000
0.750000 0.750000 0.750000 1.000000
0.500000 0.500000 0.500000 1.000000
0.500000 0.500000 0.500000 1.000000
0.750000 0.750000 0.750000 1.000000
0.750000 0.750000 0.750000 1.000000
0.750000 0.750000 0.750000 1.000000
1.000000 1.000000 1.000000 1.000000
1.000000 1.000000 1.000000 1.000000
0.750000 0.750000 0.750000 1.000000
</float_array>
          <technique_common>
            <accessor source="#wa04_moya-lib-VertexColors0-array" count="2304" stride="4">
              <param name="R" type="double"/>
              <param name="G" type="double"/>
              <param name="B" type="double"/>
              <param name="A" type="double"/>
            </accessor>
          </technique_common>
        </source>
        <vertices id="wa04_moya-lib-Vertex">
          <input semantic="POSITION" source="#wa04_moya-lib-Position"/>
        </vertices>
        <polygons material="lambert3" count="576">
          <input semantic="VERTEX" offset="0" source="#wa04_moya-lib-Vertex"/>
          <input semantic="NORMAL" offset="1" source="#wa04_moya-lib-Normal0"/>
          <input semantic="TEXCOORD" offset="2" set="0" source="#wa04_moya-lib-UV0"/>
          <input semantic="COLOR" offset="3" set="0" source="#wa04_moya-lib-VertexColors0"/>
          <p>265 265 340 0 12 12 12 1 192 192 341 2 480 480 196 3</p>
          <p>192 192 341 4 60 60 101 5 337 337 342 6 480 480 196 7</p>
          <p>337 337 342 8 132 132 64 9 336 336 343 10 480 480 196 11</p>
          <p>336 336 343 12 96 96 100 13 265 265 340 14 480 480 196 15</p>
          <p>193 193 344 16 13 13 13 17 267 267 345 18 481 481 197 19</p>
          <p>267 267 345 20 97 97 102 21 338 338 346 22 481 481 197 23</p>
          <p>338 338 346 24 132 132 64 25 337 337 342 26 481 481 197 27</p>
          <p>337 337 342 28 60 60 101 29 193 193 344 30 481 481 197 31</p>
          <p>266 266 347 32 1 1 1 33 169 169 348 34 482 482 198 35</p>
          <p>169 169 348 36 48 48 103 37 339 339 349 38 482 482 198 39</p>
          <p>339 339 349 40 132 132 64 41 338 338 346 42 482 482 198 43</p>
          <p>338 338 346 44 97 97 102 45 266 266 347 46 482 482 198 47</p>
          <p>168 168 350 48 0 0 0 49 264 264 351 50 483 483 199 51</p>
          <p>264 264 351 52 96 96 100 53 336 336 343 54 483 483 199 55</p>
          <p>336 336 343 56 132 132 64 57 339 339 349 58 483 483 199 59</p>
          <p>339 339 349 60 48 48 103 61 168 168 350 62 483 483 199 63</p>
          <p>267 267 345 64 13 13 13 65 194 194 352 66 484 484 200 67</p>
          <p>194 194 352 68 61 61 104 69 341 341 353 70 484 484 200 71</p>
          <p>341 341 353 72 133 133 65 73 340 340 354 74 484 484 200 75</p>
          <p>340 340 354 76 97 97 102 77 267 267 345 78 484 484 200 79</p>
          <p>195 195 355 80 14 14 58 81 269 269 356 82 485 485 201 83</p>
          <p>269 269 356 84 98 98 105 85 342 342 357 86 485 485 201 87</p>
          <p>342 342 357 88 133 133 65 89 341 341 353 90 485 485 201 91</p>
          <p>341 341 353 92 61 61 104 93 195 195 355 94 485 485 201 95</p>
          <p>268 268 358 96 2 2 2 97 171 171 359 98 486 486 202 99</p>
          <p>171 171 359 100 49 49 106 101 343 343 360 102 486 486 202 103</p>
          <p>343 343 360 104 133 133 65 105 342 342 357 106 486 486 202 107</p>
          <p>342 342 357 108 98 98 105 109 268 268 358 110 486 486 202 111</p>
          <p>170 170 361 112 1 1 1 113 266 266 347 114 487 487 203 115</p>
          <p>266 266 347 116 97 97 102 117 340 340 354 118 487 487 203 119</p>
          <p>340 340 354 120 133 133 65 121 343 343 360 122 487 487 203 123</p>
          <p>343 343 360 124 49 49 106 125 170 170 361 126 487 487 203 127</p>
          <p>269 269 362 128 14 14 14 129 196 196 363 130 488 488 204 131</p>
          <p>196 196 363 132 62 62 108 133 345 345 364 134 488 488 204 135</p>
          <p>345 345 364 136 134 134 66 137 344 344 365 138 488 488 204 139</p>
          <p>344 344 365 140 98 98 107 141 269 269 362 142 488 488 204 143</p>
          <p>197 197 366 144 15 15 15 145 271 271 367 146 489 489 205 147</p>
          <p>271 271 367 148 99 99 109 149 346 346 368 150 489 489 205 151</p>
          <p>346 346 368 152 134 134 66 153 345 345 364 154 489 489 205 155</p>
          <p>345 345 364 156 62 62 108 157 197 197 366 158 489 489 205 159</p>
          <p>270 270 369 160 3 3 3 161 173 173 370 162 490 490 206 163</p>
          <p>173 173 370 164 50 50 110 165 347 347 371 166 490 490 206 167</p>
          <p>347 347 371 168 134 134 66 169 346 346 368 170 490 490 206 171</p>
          <p>346 346 368 172 99 99 109 173 270 270 369 174 490 490 206 175</p>
          <p>172 172 372 176 2 2 59 177 268 268 373 178 491 491 207 179</p>
          <p>268 268 373 180 98 98 107 181 344 344 365 182 491 491 207 183</p>
          <p>344 344 365 184 134 134 66 185 347 347 371 186 491 491 207 187</p>
          <p>347 347 371 188 50 50 110 189 172 172 372 190 491 491 207 191</p>
          <p>271 271 367 192 15 15 15 193 198 198 374 194 492 492 208 195</p>
          <p>198 198 374 196 63 63 111 197 349 349 375 198 492 492 208 199</p>
          <p>349 349 375 200 135 135 67 201 348 348 376 202 492 492 208 203</p>
          <p>348 348 376 204 99 99 109 205 271 271 367 206 492 492 208 207</p>
          <p>199 199 377 208 16 16 16 209 273 273 378 210 493 493 209 211</p>
          <p>273 273 378 212 100 100 112 213 350 350 379 214 493 493 209 215</p>
          <p>350 350 379 216 135 135 67 217 349 349 375 218 493 493 209 219</p>
          <p>349 349 375 220 63 63 111 221 199 199 377 222 493 493 209 223</p>
          <p>272 272 380 224 4 4 4 225 175 175 381 226 494 494 210 227</p>
          <p>175 175 381 228 51 51 113 229 351 351 382 230 494 494 210 231</p>
          <p>351 351 382 232 135 135 67 233 350 350 379 234 494 494 210 235</p>
          <p>350 350 379 236 100 100 112 237 272 272 380 238 494 494 210 239</p>
          <p>174 174 383 240 3 3 3 241 270 270 369 242 495 495 211 243</p>
          <p>270 270 369 244 99 99 109 245 348 348 376 246 495 495 211 247</p>
          <p>348 348 376 248 135 135 67 249 351 351 382 250 495 495 211 251</p>
          <p>351 351 382 252 51 51 113 253 174 174 383 254 495 495 211 255</p>
          <p>273 273 378 256 16 16 16 257 200 200 384 258 496 496 212 259</p>
          <p>200 200 384 260 64 64 114 261 353 353 385 262 496 496 212 263</p>
          <p>353 353 385 264 136 136 68 265 352 352 386 266 496 496 212 267</p>
          <p>352 352 386 268 100 100 112 269 273 273 378 270 496 496 212 271</p>
          <p>201 201 387 272 17 17 53 273 275 275 388 274 497 497 213 275</p>
          <p>275 275 388 276 101 101 115 277 354 354 389 278 497 497 213 279</p>
          <p>354 354 389 280 136 136 68 281 353 353 385 282 497 497 213 283</p>
          <p>353 353 385 284 64 64 114 285 201 201 387 286 497 497 213 287</p>
          <p>274 274 390 288 5 5 5 289 177 177 391 290 498 498 214 291</p>
          <p>177 177 391 292 52 52 116 293 355 355 392 294 498 498 214 295</p>
          <p>355 355 392 296 136 136 68 297 354 354 389 298 498 498 214 299</p>
          <p>354 354 389 300 101 101 115 301 274 274 390 302 498 498 214 303</p>
          <p>176 176 393 304 4 4 4 305 272 272 380 306 499 499 215 307</p>
          <p>272 272 380 308 100 100 112 309 352 352 386 310 499 499 215 311</p>
          <p>352 352 386 312 136 136 68 313 355 355 392 314 499 499 215 315</p>
          <p>355 355 392 316 52 52 116 317 176 176 393 318 499 499 215 319</p>
          <p>275 275 394 320 17 17 17 321 202 202 395 322 500 500 216 323</p>
          <p>202 202 395 324 65 65 118 325 357 357 396 326 500 500 216 327</p>
          <p>357 357 396 328 137 137 69 329 356 356 397 330 500 500 216 331</p>
          <p>356 356 397 332 101 101 117 333 275 275 394 334 500 500 216 335</p>
          <p>203 203 398 336 18 18 18 337 277 277 399 338 501 501 217 339</p>
          <p>277 277 399 340 102 102 119 341 358 358 400 342 501 501 217 343</p>
          <p>358 358 400 344 137 137 69 345 357 357 396 346 501 501 217 347</p>
          <p>357 357 396 348 65 65 118 349 203 203 398 350 501 501 217 351</p>
          <p>276 276 401 352 6 6 6 353 179 179 402 354 502 502 218 355</p>
          <p>179 179 402 356 53 53 120 357 359 359 403 358 502 502 218 359</p>
          <p>359 359 403 360 137 137 69 361 358 358 400 362 502 502 218 363</p>
          <p>358 358 400 364 102 102 119 365 276 276 401 366 502 502 218 367</p>
          <p>178 178 404 368 5 5 55 369 274 274 405 370 503 503 219 371</p>
          <p>274 274 405 372 101 101 117 373 356 356 397 374 503 503 219 375</p>
          <p>356 356 397 376 137 137 69 377 359 359 403 378 503 503 219 379</p>
          <p>359 359 403 380 53 53 120 381 178 178 404 382 503 503 219 383</p>
          <p>277 277 399 384 18 18 18 385 204 204 406 386 504 504 220 387</p>
          <p>204 204 406 388 66 66 121 389 361 361 407 390 504 504 220 391</p>
          <p>361 361 407 392 138 138 70 393 360 360 408 394 504 504 220 395</p>
          <p>360 360 408 396 102 102 119 397 277 277 399 398 504 504 220 399</p>
          <p>205 205 409 400 19 19 19 401 279 279 410 402 505 505 221 403</p>
          <p>279 279 410 404 103 103 122 405 362 362 411 406 505 505 221 407</p>
          <p>362 362 411 408 138 138 70 409 361 361 407 410 505 505 221 411</p>
          <p>361 361 407 412 66 66 121 413 205 205 409 414 505 505 221 415</p>
          <p>278 278 412 416 7 7 7 417 181 181 413 418 506 506 222 419</p>
          <p>181 181 413 420 54 54 123 421 363 363 414 422 506 506 222 423</p>
          <p>363 363 414 424 138 138 70 425 362 362 411 426 506 506 222 427</p>
          <p>362 362 411 428 103 103 122 429 278 278 412 430 506 506 222 431</p>
          <p>180 180 415 432 6 6 6 433 276 276 401 434 507 507 223 435</p>
          <p>276 276 401 436 102 102 119 437 360 360 408 438 507 507 223 439</p>
          <p>360 360 408 440 138 138 70 441 363 363 414 442 507 507 223 443</p>
          <p>363 363 414 444 54 54 123 445 180 180 415 446 507 507 223 447</p>
          <p>279 279 410 448 19 19 19 449 206 206 416 450 508 508 224 451</p>
          <p>206 206 416 452 67 67 124 453 365 365 417 454 508 508 224 455</p>
          <p>365 365 417 456 139 139 71 457 364 364 418 458 508 508 224 459</p>
          <p>364 364 418 460 103 103 122 461 279 279 410 462 508 508 224 463</p>
          <p>207 207 419 464 20 20 52 465 281 281 420 466 509 509 225 467</p>
          <p>281 281 420 468 104 104 125 469 366 366 421 470 509 509 225 471</p>
          <p>366 366 421 472 139 139 71 473 365 365 417 474 509 509 225 475</p>
          <p>365 365 417 476 67 67 124 477 207 207 419 478 509 509 225 479</p>
          <p>280 280 422 480 8 8 8 481 183 183 423 482 510 510 226 483</p>
          <p>183 183 423 484 55 55 126 485 367 367 424 486 510 510 226 487</p>
          <p>367 367 424 488 139 139 71 489 366 366 421 490 510 510 226 491</p>
          <p>366 366 421 492 104 104 125 493 280 280 422 494 510 510 226 495</p>
          <p>182 182 425 496 7 7 7 497 278 278 412 498 511 511 227 499</p>
          <p>278 278 412 500 103 103 122 501 364 364 418 502 511 511 227 503</p>
          <p>364 364 418 504 139 139 71 505 367 367 424 506 511 511 227 507</p>
          <p>367 367 424 508 55 55 126 509 182 182 425 510 511 511 227 511</p>
          <p>281 281 426 512 20 20 20 513 208 208 427 514 512 512 228 515</p>
          <p>208 208 427 516 68 68 128 517 369 369 428 518 512 512 228 519</p>
          <p>369 369 428 520 140 140 72 521 368 368 429 522 512 512 228 523</p>
          <p>368 368 429 524 104 104 127 525 281 281 426 526 512 512 228 527</p>
          <p>209 209 430 528 21 21 21 529 283 283 431 530 513 513 229 531</p>
          <p>283 283 431 532 105 105 129 533 370 370 432 534 513 513 229 535</p>
          <p>370 370 432 536 140 140 72 537 369 369 428 538 513 513 229 539</p>
          <p>369 369 428 540 68 68 128 541 209 209 430 542 513 513 229 543</p>
          <p>282 282 433 544 9 9 9 545 185 185 434 546 514 514 230 547</p>
          <p>185 185 434 548 56 56 130 549 371 371 435 550 514 514 230 551</p>
          <p>371 371 435 552 140 140 72 553 370 370 432 554 514 514 230 555</p>
          <p>370 370 432 556 105 105 129 557 282 282 433 558 514 514 230 559</p>
          <p>184 184 436 560 8 8 54 561 280 280 437 562 515 515 231 563</p>
          <p>280 280 437 564 104 104 127 565 368 368 429 566 515 515 231 567</p>
          <p>368 368 429 568 140 140 72 569 371 371 435 570 515 515 231 571</p>
          <p>371 371 435 572 56 56 130 573 184 184 436 574 515 515 231 575</p>
          <p>283 283 431 576 21 21 21 577 210 210 438 578 516 516 232 579</p>
          <p>210 210 438 580 69 69 131 581 373 373 439 582 516 516 232 583</p>
          <p>373 373 439 584 141 141 73 585 372 372 440 586 516 516 232 587</p>
          <p>372 372 440 588 105 105 129 589 283 283 431 590 516 516 232 591</p>
          <p>211 211 441 592 22 22 22 593 285 285 442 594 517 517 233 595</p>
          <p>285 285 442 596 106 106 132 597 374 374 443 598 517 517 233 599</p>
          <p>374 374 443 600 141 141 73 601 373 373 439 602 517 517 233 603</p>
          <p>373 373 439 604 69 69 131 605 211 211 441 606 517 517 233 607</p>
          <p>284 284 444 608 10 10 10 609 187 187 445 610 518 518 234 611</p>
          <p>187 187 445 612 57 57 133 613 375 375 446 614 518 518 234 615</p>
          <p>375 375 446 616 141 141 73 617 374 374 443 618 518 518 234 619</p>
          <p>374 374 443 620 106 106 132 621 284 284 444 622 518 518 234 623</p>
          <p>186 186 447 624 9 9 9 625 282 282 433 626 519 519 235 627</p>
          <p>282 282 433 628 105 105 129 629 372 372 440 630 519 519 235 631</p>
          <p>372 372 440 632 141 141 73 633 375 375 446 634 519 519 235 635</p>
          <p>375 375 446 636 57 57 133 637 186 186 447 638 519 519 235 639</p>
          <p>285 285 442 640 22 22 22 641 212 212 448 642 520 520 236 643</p>
          <p>212 212 448 644 70 70 134 645 377 377 449 646 520 520 236 647</p>
          <p>377 377 449 648 142 142 74 649 376 376 450 650 520 520 236 651</p>
          <p>376 376 450 652 106 106 132 653 285 285 442 654 520 520 236 655</p>
          <p>213 213 451 656 23 23 62 657 287 287 452 658 521 521 237 659</p>
          <p>287 287 452 660 107 107 135 661 378 378 453 662 521 521 237 663</p>
          <p>378 378 453 664 142 142 74 665 377 377 449 666 521 521 237 667</p>
          <p>377 377 449 668 70 70 134 669 213 213 451 670 521 521 237 671</p>
          <p>286 286 454 672 11 11 11 673 189 189 455 674 522 522 238 675</p>
          <p>189 189 455 676 58 58 136 677 379 379 456 678 522 522 238 679</p>
          <p>379 379 456 680 142 142 74 681 378 378 453 682 522 522 238 683</p>
          <p>378 378 453 684 107 107 135 685 286 286 454 686 522 522 238 687</p>
          <p>188 188 457 688 10 10 10 689 284 284 444 690 523 523 239 691</p>
          <p>284 284 444 692 106 106 132 693 376 376 450 694 523 523 239 695</p>
          <p>376 376 450 696 142 142 74 697 379 379 456 698 523 523 239 699</p>
          <p>379 379 456 700 58 58 136 701 188 188 457 702 523 523 239 703</p>
          <p>287 287 458 704 23 23 23 705 214 214 459 706 524 524 240 707</p>
          <p>214 214 459 708 71 71 138 709 381 381 460 710 524 524 240 711</p>
          <p>381 381 460 712 143 143 75 713 380 380 461 714 524 524 240 715</p>
          <p>380 380 461 716 107 107 137 717 287 287 458 718 524 524 240 719</p>
          <p>215 215 462 720 12 12 12 721 265 265 340 722 525 525 241 723</p>
          <p>265 265 340 724 96 96 100 725 382 382 463 726 525 525 241 727</p>
          <p>382 382 463 728 143 143 75 729 381 381 460 730 525 525 241 731</p>
          <p>381 381 460 732 71 71 138 733 215 215 462 734 525 525 241 735</p>
          <p>264 264 351 736 0 0 0 737 191 191 464 738 526 526 242 739</p>
          <p>191 191 464 740 59 59 139 741 383 383 465 742 526 526 242 743</p>
          <p>383 383 465 744 143 143 75 745 382 382 463 746 526 526 242 747</p>
          <p>382 382 463 748 96 96 100 749 264 264 351 750 526 526 242 751</p>
          <p>190 190 466 752 11 11 63 753 286 286 467 754 527 527 243 755</p>
          <p>286 286 467 756 107 107 137 757 380 380 461 758 527 527 243 759</p>
          <p>380 380 461 760 143 143 75 761 383 383 465 762 527 527 243 763</p>
          <p>383 383 465 764 59 59 139 765 190 190 466 766 527 527 243 767</p>
          <p>289 289 468 768 24 24 24 769 216 216 469 770 528 528 244 771</p>
          <p>216 216 469 772 72 72 141 773 385 385 470 774 528 528 244 775</p>
          <p>385 385 470 776 144 144 76 777 384 384 471 778 528 528 244 779</p>
          <p>384 384 471 780 108 108 140 781 289 289 468 782 528 528 244 783</p>
          <p>217 217 472 784 25 25 25 785 291 291 473 786 529 529 245 787</p>
          <p>291 291 473 788 109 109 142 789 386 386 474 790 529 529 245 791</p>
          <p>386 386 474 792 144 144 76 793 385 385 470 794 529 529 245 795</p>
          <p>385 385 470 796 72 72 141 797 217 217 472 798 529 529 245 799</p>
          <p>290 290 475 800 13 13 13 801 193 193 344 802 530 530 246 803</p>
          <p>193 193 344 804 60 60 101 805 387 387 476 806 530 530 246 807</p>
          <p>387 387 476 808 144 144 76 809 386 386 474 810 530 530 246 811</p>
          <p>386 386 474 812 109 109 142 813 290 290 475 814 530 530 246 815</p>
          <p>192 192 341 816 12 12 12 817 288 288 477 818 531 531 247 819</p>
          <p>288 288 477 820 108 108 140 821 384 384 471 822 531 531 247 823</p>
          <p>384 384 471 824 144 144 76 825 387 387 476 826 531 531 247 827</p>
          <p>387 387 476 828 60 60 101 829 192 192 341 830 531 531 247 831</p>
          <p>291 291 473 832 25 25 25 833 218 218 478 834 532 532 248 835</p>
          <p>218 218 478 836 73 73 143 837 389 389 479 838 532 532 248 839</p>
          <p>389 389 479 840 145 145 77 841 388 388 480 842 532 532 248 843</p>
          <p>388 388 480 844 109 109 142 845 291 291 473 846 532 532 248 847</p>
          <p>219 219 481 848 26 26 56 849 293 293 482 850 533 533 249 851</p>
          <p>293 293 482 852 110 110 144 853 390 390 483 854 533 533 249 855</p>
          <p>390 390 483 856 145 145 77 857 389 389 479 858 533 533 249 859</p>
          <p>389 389 479 860 73 73 143 861 219 219 481 862 533 533 249 863</p>
          <p>292 292 484 864 14 14 58 865 195 195 355 866 534 534 250 867</p>
          <p>195 195 355 868 61 61 104 869 391 391 485 870 534 534 250 871</p>
          <p>391 391 485 872 145 145 77 873 390 390 483 874 534 534 250 875</p>
          <p>390 390 483 876 110 110 144 877 292 292 484 878 534 534 250 879</p>
          <p>194 194 352 880 13 13 13 881 290 290 475 882 535 535 251 883</p>
          <p>290 290 475 884 109 109 142 885 388 388 480 886 535 535 251 887</p>
          <p>388 388 480 888 145 145 77 889 391 391 485 890 535 535 251 891</p>
          <p>391 391 485 892 61 61 104 893 194 194 352 894 535 535 251 895</p>
          <p>293 293 486 896 26 26 26 897 220 220 487 898 536 536 252 899</p>
          <p>220 220 487 900 74 74 146 901 393 393 488 902 536 536 252 903</p>
          <p>393 393 488 904 146 146 78 905 392 392 489 906 536 536 252 907</p>
          <p>392 392 489 908 110 110 145 909 293 293 486 910 536 536 252 911</p>
          <p>221 221 490 912 27 27 27 913 295 295 491 914 537 537 253 915</p>
          <p>295 295 491 916 111 111 147 917 394 394 492 918 537 537 253 919</p>
          <p>394 394 492 920 146 146 78 921 393 393 488 922 537 537 253 923</p>
          <p>393 393 488 924 74 74 146 925 221 221 490 926 537 537 253 927</p>
          <p>294 294 493 928 15 15 15 929 197 197 366 930 538 538 254 931</p>
          <p>197 197 366 932 62 62 108 933 395 395 494 934 538 538 254 935</p>
          <p>395 395 494 936 146 146 78 937 394 394 492 938 538 538 254 939</p>
          <p>394 394 492 940 111 111 147 941 294 294 493 942 538 538 254 943</p>
          <p>196 196 363 944 14 14 14 945 292 292 495 946 539 539 255 947</p>
          <p>292 292 495 948 110 110 145 949 392 392 489 950 539 539 255 951</p>
          <p>392 392 489 952 146 146 78 953 395 395 494 954 539 539 255 955</p>
          <p>395 395 494 956 62 62 108 957 196 196 363 958 539 539 255 959</p>
          <p>295 295 491 960 27 27 27 961 222 222 496 962 540 540 256 963</p>
          <p>222 222 496 964 75 75 148 965 397 397 497 966 540 540 256 967</p>
          <p>397 397 497 968 147 147 79 969 396 396 498 970 540 540 256 971</p>
          <p>396 396 498 972 111 111 147 973 295 295 491 974 540 540 256 975</p>
          <p>223 223 499 976 28 28 28 977 297 297 500 978 541 541 257 979</p>
          <p>297 297 500 980 112 112 149 981 398 398 501 982 541 541 257 983</p>
          <p>398 398 501 984 147 147 79 985 397 397 497 986 541 541 257 987</p>
          <p>397 397 497 988 75 75 148 989 223 223 499 990 541 541 257 991</p>
          <p>296 296 502 992 16 16 16 993 199 199 377 994 542 542 258 995</p>
          <p>199 199 377 996 63 63 111 997 399 399 503 998 542 542 258 999</p>
          <p>399 399 503 1000 147 147 79 1001 398 398 501 1002 542 542 258 1003</p>
          <p>398 398 501 1004 112 112 149 1005 296 296 502 1006 542 542 258 1007</p>
          <p>198 198 374 1008 15 15 15 1009 294 294 493 1010 543 543 259 1011</p>
          <p>294 294 493 1012 111 111 147 1013 396 396 498 1014 543 543 259 1015</p>
          <p>396 396 498 1016 147 147 79 1017 399 399 503 1018 543 543 259 1019</p>
          <p>399 399 503 1020 63 63 111 1021 198 198 374 1022 543 543 259 1023</p>
          <p>297 297 500 1024 28 28 28 1025 224 224 504 1026 544 544 260 1027</p>
          <p>224 224 504 1028 76 76 150 1029 401 401 505 1030 544 544 260 1031</p>
          <p>401 401 505 1032 148 148 80 1033 400 400 506 1034 544 544 260 1035</p>
          <p>400 400 506 1036 112 112 149 1037 297 297 500 1038 544 544 260 1039</p>
          <p>225 225 507 1040 29 29 50 1041 299 299 508 1042 545 545 261 1043</p>
          <p>299 299 508 1044 113 113 151 1045 402 402 509 1046 545 545 261 1047</p>
          <p>402 402 509 1048 148 148 80 1049 401 401 505 1050 545 545 261 1051</p>
          <p>401 401 505 1052 76 76 150 1053 225 225 507 1054 545 545 261 1055</p>
          <p>298 298 510 1056 17 17 53 1057 201 201 387 1058 546 546 262 1059</p>
          <p>201 201 387 1060 64 64 114 1061 403 403 511 1062 546 546 262 1063</p>
          <p>403 403 511 1064 148 148 80 1065 402 402 509 1066 546 546 262 1067</p>
          <p>402 402 509 1068 113 113 151 1069 298 298 510 1070 546 546 262 1071</p>
          <p>200 200 384 1072 16 16 16 1073 296 296 502 1074 547 547 263 1075</p>
          <p>296 296 502 1076 112 112 149 1077 400 400 506 1078 547 547 263 1079</p>
          <p>400 400 506 1080 148 148 80 1081 403 403 511 1082 547 547 263 1083</p>
          <p>403 403 511 1084 64 64 114 1085 200 200 384 1086 547 547 263 1087</p>
          <p>299 299 512 1088 29 29 29 1089 226 226 513 1090 548 548 264 1091</p>
          <p>226 226 513 1092 77 77 153 1093 405 405 514 1094 548 548 264 1095</p>
          <p>405 405 514 1096 149 149 81 1097 404 404 515 1098 548 548 264 1099</p>
          <p>404 404 515 1100 113 113 152 1101 299 299 512 1102 548 548 264 1103</p>
          <p>227 227 516 1104 30 30 30 1105 301 301 517 1106 549 549 265 1107</p>
          <p>301 301 517 1108 114 114 154 1109 406 406 518 1110 549 549 265 1111</p>
          <p>406 406 518 1112 149 149 81 1113 405 405 514 1114 549 549 265 1115</p>
          <p>405 405 514 1116 77 77 153 1117 227 227 516 1118 549 549 265 1119</p>
          <p>300 300 519 1120 18 18 18 1121 203 203 398 1122 550 550 266 1123</p>
          <p>203 203 398 1124 65 65 118 1125 407 407 520 1126 550 550 266 1127</p>
          <p>407 407 520 1128 149 149 81 1129 406 406 518 1130 550 550 266 1131</p>
          <p>406 406 518 1132 114 114 154 1133 300 300 519 1134 550 550 266 1135</p>
          <p>202 202 395 1136 17 17 17 1137 298 298 521 1138 551 551 267 1139</p>
          <p>298 298 521 1140 113 113 152 1141 404 404 515 1142 551 551 267 1143</p>
          <p>404 404 515 1144 149 149 81 1145 407 407 520 1146 551 551 267 1147</p>
          <p>407 407 520 1148 65 65 118 1149 202 202 395 1150 551 551 267 1151</p>
          <p>301 301 517 1152 30 30 30 1153 228 228 522 1154 552 552 268 1155</p>
          <p>228 228 522 1156 78 78 155 1157 409 409 523 1158 552 552 268 1159</p>
          <p>409 409 523 1160 150 150 82 1161 408 408 524 1162 552 552 268 1163</p>
          <p>408 408 524 1164 114 114 154 1165 301 301 517 1166 552 552 268 1167</p>
          <p>229 229 525 1168 31 31 31 1169 303 303 526 1170 553 553 269 1171</p>
          <p>303 303 526 1172 115 115 156 1173 410 410 527 1174 553 553 269 1175</p>
          <p>410 410 527 1176 150 150 82 1177 409 409 523 1178 553 553 269 1179</p>
          <p>409 409 523 1180 78 78 155 1181 229 229 525 1182 553 553 269 1183</p>
          <p>302 302 528 1184 19 19 19 1185 205 205 409 1186 554 554 270 1187</p>
          <p>205 205 409 1188 66 66 121 1189 411 411 529 1190 554 554 270 1191</p>
          <p>411 411 529 1192 150 150 82 1193 410 410 527 1194 554 554 270 1195</p>
          <p>410 410 527 1196 115 115 156 1197 302 302 528 1198 554 554 270 1199</p>
          <p>204 204 406 1200 18 18 18 1201 300 300 519 1202 555 555 271 1203</p>
          <p>300 300 519 1204 114 114 154 1205 408 408 524 1206 555 555 271 1207</p>
          <p>408 408 524 1208 150 150 82 1209 411 411 529 1210 555 555 271 1211</p>
          <p>411 411 529 1212 66 66 121 1213 204 204 406 1214 555 555 271 1215</p>
          <p>303 303 526 1216 31 31 31 1217 230 230 530 1218 556 556 272 1219</p>
          <p>230 230 530 1220 79 79 157 1221 413 413 531 1222 556 556 272 1223</p>
          <p>413 413 531 1224 151 151 83 1225 412 412 532 1226 556 556 272 1227</p>
          <p>412 412 532 1228 115 115 156 1229 303 303 526 1230 556 556 272 1231</p>
          <p>231 231 533 1232 32 32 48 1233 305 305 534 1234 557 557 273 1235</p>
          <p>305 305 534 1236 116 116 158 1237 414 414 535 1238 557 557 273 1239</p>
          <p>414 414 535 1240 151 151 83 1241 413 413 531 1242 557 557 273 1243</p>
          <p>413 413 531 1244 79 79 157 1245 231 231 533 1246 557 557 273 1247</p>
          <p>304 304 536 1248 20 20 52 1249 207 207 419 1250 558 558 274 1251</p>
          <p>207 207 419 1252 67 67 124 1253 415 415 537 1254 558 558 274 1255</p>
          <p>415 415 537 1256 151 151 83 1257 414 414 535 1258 558 558 274 1259</p>
          <p>414 414 535 1260 116 116 158 1261 304 304 536 1262 558 558 274 1263</p>
          <p>206 206 416 1264 19 19 19 1265 302 302 528 1266 559 559 275 1267</p>
          <p>302 302 528 1268 115 115 156 1269 412 412 532 1270 559 559 275 1271</p>
          <p>412 412 532 1272 151 151 83 1273 415 415 537 1274 559 559 275 1275</p>
          <p>415 415 537 1276 67 67 124 1277 206 206 416 1278 559 559 275 1279</p>
          <p>305 305 538 1280 32 32 32 1281 232 232 539 1282 560 560 276 1283</p>
          <p>232 232 539 1284 80 80 160 1285 417 417 540 1286 560 560 276 1287</p>
          <p>417 417 540 1288 152 152 84 1289 416 416 541 1290 560 560 276 1291</p>
          <p>416 416 541 1292 116 116 159 1293 305 305 538 1294 560 560 276 1295</p>
          <p>233 233 542 1296 33 33 33 1297 307 307 543 1298 561 561 277 1299</p>
          <p>307 307 543 1300 117 117 161 1301 418 418 544 1302 561 561 277 1303</p>
          <p>418 418 544 1304 152 152 84 1305 417 417 540 1306 561 561 277 1307</p>
          <p>417 417 540 1308 80 80 160 1309 233 233 542 1310 561 561 277 1311</p>
          <p>306 306 545 1312 21 21 21 1313 209 209 430 1314 562 562 278 1315</p>
          <p>209 209 430 1316 68 68 128 1317 419 419 546 1318 562 562 278 1319</p>
          <p>419 419 546 1320 152 152 84 1321 418 418 544 1322 562 562 278 1323</p>
          <p>418 418 544 1324 117 117 161 1325 306 306 545 1326 562 562 278 1327</p>
          <p>208 208 427 1328 20 20 20 1329 304 304 547 1330 563 563 279 1331</p>
          <p>304 304 547 1332 116 116 159 1333 416 416 541 1334 563 563 279 1335</p>
          <p>416 416 541 1336 152 152 84 1337 419 419 546 1338 563 563 279 1339</p>
          <p>419 419 546 1340 68 68 128 1341 208 208 427 1342 563 563 279 1343</p>
          <p>307 307 543 1344 33 33 33 1345 234 234 548 1346 564 564 280 1347</p>
          <p>234 234 548 1348 81 81 162 1349 421 421 549 1350 564 564 280 1351</p>
          <p>421 421 549 1352 153 153 85 1353 420 420 550 1354 564 564 280 1355</p>
          <p>420 420 550 1356 117 117 161 1357 307 307 543 1358 564 564 280 1359</p>
          <p>235 235 551 1360 34 34 34 1361 309 309 552 1362 565 565 281 1363</p>
          <p>309 309 552 1364 118 118 163 1365 422 422 553 1366 565 565 281 1367</p>
          <p>422 422 553 1368 153 153 85 1369 421 421 549 1370 565 565 281 1371</p>
          <p>421 421 549 1372 81 81 162 1373 235 235 551 1374 565 565 281 1375</p>
          <p>308 308 554 1376 22 22 22 1377 211 211 441 1378 566 566 282 1379</p>
          <p>211 211 441 1380 69 69 131 1381 423 423 555 1382 566 566 282 1383</p>
          <p>423 423 555 1384 153 153 85 1385 422 422 553 1386 566 566 282 1387</p>
          <p>422 422 553 1388 118 118 163 1389 308 308 554 1390 566 566 282 1391</p>
          <p>210 210 438 1392 21 21 21 1393 306 306 545 1394 567 567 283 1395</p>
          <p>306 306 545 1396 117 117 161 1397 420 420 550 1398 567 567 283 1399</p>
          <p>420 420 550 1400 153 153 85 1401 423 423 555 1402 567 567 283 1403</p>
          <p>423 423 555 1404 69 69 131 1405 210 210 438 1406 567 567 283 1407</p>
          <p>309 309 552 1408 34 34 34 1409 236 236 556 1410 568 568 284 1411</p>
          <p>236 236 556 1412 82 82 164 1413 425 425 557 1414 568 568 284 1415</p>
          <p>425 425 557 1416 154 154 86 1417 424 424 558 1418 568 568 284 1419</p>
          <p>424 424 558 1420 118 118 163 1421 309 309 552 1422 568 568 284 1423</p>
          <p>237 237 559 1424 35 35 60 1425 311 311 560 1426 569 569 285 1427</p>
          <p>311 311 560 1428 119 119 165 1429 426 426 561 1430 569 569 285 1431</p>
          <p>426 426 561 1432 154 154 86 1433 425 425 557 1434 569 569 285 1435</p>
          <p>425 425 557 1436 82 82 164 1437 237 237 559 1438 569 569 285 1439</p>
          <p>310 310 562 1440 23 23 62 1441 213 213 451 1442 570 570 286 1443</p>
          <p>213 213 451 1444 70 70 134 1445 427 427 563 1446 570 570 286 1447</p>
          <p>427 427 563 1448 154 154 86 1449 426 426 561 1450 570 570 286 1451</p>
          <p>426 426 561 1452 119 119 165 1453 310 310 562 1454 570 570 286 1455</p>
          <p>212 212 448 1456 22 22 22 1457 308 308 554 1458 571 571 287 1459</p>
          <p>308 308 554 1460 118 118 163 1461 424 424 558 1462 571 571 287 1463</p>
          <p>424 424 558 1464 154 154 86 1465 427 427 563 1466 571 571 287 1467</p>
          <p>427 427 563 1468 70 70 134 1469 212 212 448 1470 571 571 287 1471</p>
          <p>311 311 564 1472 35 35 35 1473 238 238 565 1474 572 572 288 1475</p>
          <p>238 238 565 1476 83 83 167 1477 429 429 566 1478 572 572 288 1479</p>
          <p>429 429 566 1480 155 155 87 1481 428 428 567 1482 572 572 288 1483</p>
          <p>428 428 567 1484 119 119 166 1485 311 311 564 1486 572 572 288 1487</p>
          <p>239 239 568 1488 24 24 24 1489 289 289 468 1490 573 573 289 1491</p>
          <p>289 289 468 1492 108 108 140 1493 430 430 569 1494 573 573 289 1495</p>
          <p>430 430 569 1496 155 155 87 1497 429 429 566 1498 573 573 289 1499</p>
          <p>429 429 566 1500 83 83 167 1501 239 239 568 1502 573 573 289 1503</p>
          <p>288 288 477 1504 12 12 12 1505 215 215 462 1506 574 574 290 1507</p>
          <p>215 215 462 1508 71 71 138 1509 431 431 570 1510 574 574 290 1511</p>
          <p>431 431 570 1512 155 155 87 1513 430 430 569 1514 574 574 290 1515</p>
          <p>430 430 569 1516 108 108 140 1517 288 288 477 1518 574 574 290 1519</p>
          <p>214 214 459 1520 23 23 23 1521 310 310 571 1522 575 575 291 1523</p>
          <p>310 310 571 1524 119 119 166 1525 428 428 567 1526 575 575 291 1527</p>
          <p>428 428 567 1528 155 155 87 1529 431 431 570 1530 575 575 291 1531</p>
          <p>431 431 570 1532 71 71 138 1533 214 214 459 1534 575 575 291 1535</p>
          <p>313 313 572 1536 36 36 36 1537 240 240 573 1538 576 576 292 1539</p>
          <p>240 240 573 1540 84 84 169 1541 433 433 574 1542 576 576 292 1543</p>
          <p>433 433 574 1544 156 156 88 1545 432 432 575 1546 576 576 292 1547</p>
          <p>432 432 575 1548 120 120 168 1549 313 313 572 1550 576 576 292 1551</p>
          <p>241 241 576 1552 37 37 37 1553 315 315 577 1554 577 577 293 1555</p>
          <p>315 315 577 1556 121 121 170 1557 434 434 578 1558 577 577 293 1559</p>
          <p>434 434 578 1560 156 156 88 1561 433 433 574 1562 577 577 293 1563</p>
          <p>433 433 574 1564 84 84 169 1565 241 241 576 1566 577 577 293 1567</p>
          <p>314 314 579 1568 25 25 25 1569 217 217 472 1570 578 578 294 1571</p>
          <p>217 217 472 1572 72 72 141 1573 435 435 580 1574 578 578 294 1575</p>
          <p>435 435 580 1576 156 156 88 1577 434 434 578 1578 578 578 294 1579</p>
          <p>434 434 578 1580 121 121 170 1581 314 314 579 1582 578 578 294 1583</p>
          <p>216 216 469 1584 24 24 24 1585 312 312 581 1586 579 579 295 1587</p>
          <p>312 312 581 1588 120 120 168 1589 432 432 575 1590 579 579 295 1591</p>
          <p>432 432 575 1592 156 156 88 1593 435 435 580 1594 579 579 295 1595</p>
          <p>435 435 580 1596 72 72 141 1597 216 216 469 1598 579 579 295 1599</p>
          <p>315 315 577 1600 37 37 37 1601 242 242 582 1602 580 580 296 1603</p>
          <p>242 242 582 1604 85 85 171 1605 437 437 583 1606 580 580 296 1607</p>
          <p>437 437 583 1608 157 157 89 1609 436 436 584 1610 580 580 296 1611</p>
          <p>436 436 584 1612 121 121 170 1613 315 315 577 1614 580 580 296 1615</p>
          <p>243 243 585 1616 38 38 57 1617 317 317 586 1618 581 581 297 1619</p>
          <p>317 317 586 1620 122 122 172 1621 438 438 587 1622 581 581 297 1623</p>
          <p>438 438 587 1624 157 157 89 1625 437 437 583 1626 581 581 297 1627</p>
          <p>437 437 583 1628 85 85 171 1629 243 243 585 1630 581 581 297 1631</p>
          <p>316 316 588 1632 26 26 56 1633 219 219 481 1634 582 582 298 1635</p>
          <p>219 219 481 1636 73 73 143 1637 439 439 589 1638 582 582 298 1639</p>
          <p>439 439 589 1640 157 157 89 1641 438 438 587 1642 582 582 298 1643</p>
          <p>438 438 587 1644 122 122 172 1645 316 316 588 1646 582 582 298 1647</p>
          <p>218 218 478 1648 25 25 25 1649 314 314 579 1650 583 583 299 1651</p>
          <p>314 314 579 1652 121 121 170 1653 436 436 584 1654 583 583 299 1655</p>
          <p>436 436 584 1656 157 157 89 1657 439 439 589 1658 583 583 299 1659</p>
          <p>439 439 589 1660 73 73 143 1661 218 218 478 1662 583 583 299 1663</p>
          <p>317 317 590 1664 38 38 38 1665 244 244 591 1666 584 584 300 1667</p>
          <p>244 244 591 1668 86 86 174 1669 441 441 592 1670 584 584 300 1671</p>
          <p>441 441 592 1672 158 158 90 1673 440 440 593 1674 584 584 300 1675</p>
          <p>440 440 593 1676 122 122 173 1677 317 317 590 1678 584 584 300 1679</p>
          <p>245 245 594 1680 39 39 39 1681 319 319 595 1682 585 585 301 1683</p>
          <p>319 319 595 1684 123 123 175 1685 442 442 596 1686 585 585 301 1687</p>
          <p>442 442 596 1688 158 158 90 1689 441 441 592 1690 585 585 301 1691</p>
          <p>441 441 592 1692 86 86 174 1693 245 245 594 1694 585 585 301 1695</p>
          <p>318 318 597 1696 27 27 27 1697 221 221 490 1698 586 586 302 1699</p>
          <p>221 221 490 1700 74 74 146 1701 443 443 598 1702 586 586 302 1703</p>
          <p>443 443 598 1704 158 158 90 1705 442 442 596 1706 586 586 302 1707</p>
          <p>442 442 596 1708 123 123 175 1709 318 318 597 1710 586 586 302 1711</p>
          <p>220 220 487 1712 26 26 26 1713 316 316 599 1714 587 587 303 1715</p>
          <p>316 316 599 1716 122 122 173 1717 440 440 593 1718 587 587 303 1719</p>
          <p>440 440 593 1720 158 158 90 1721 443 443 598 1722 587 587 303 1723</p>
          <p>443 443 598 1724 74 74 146 1725 220 220 487 1726 587 587 303 1727</p>
          <p>319 319 595 1728 39 39 39 1729 246 246 600 1730 588 588 304 1731</p>
          <p>246 246 600 1732 87 87 176 1733 445 445 601 1734 588 588 304 1735</p>
          <p>445 445 601 1736 159 159 91 1737 444 444 602 1738 588 588 304 1739</p>
          <p>444 444 602 1740 123 123 175 1741 319 319 595 1742 588 588 304 1743</p>
          <p>247 247 603 1744 40 40 40 1745 321 321 604 1746 589 589 305 1747</p>
          <p>321 321 604 1748 124 124 177 1749 446 446 605 1750 589 589 305 1751</p>
          <p>446 446 605 1752 159 159 91 1753 445 445 601 1754 589 589 305 1755</p>
          <p>445 445 601 1756 87 87 176 1757 247 247 603 1758 589 589 305 1759</p>
          <p>320 320 606 1760 28 28 28 1761 223 223 499 1762 590 590 306 1763</p>
          <p>223 223 499 1764 75 75 148 1765 447 447 607 1766 590 590 306 1767</p>
          <p>447 447 607 1768 159 159 91 1769 446 446 605 1770 590 590 306 1771</p>
          <p>446 446 605 1772 124 124 177 1773 320 320 606 1774 590 590 306 1775</p>
          <p>222 222 496 1776 27 27 27 1777 318 318 597 1778 591 591 307 1779</p>
          <p>318 318 597 1780 123 123 175 1781 444 444 602 1782 591 591 307 1783</p>
          <p>444 444 602 1784 159 159 91 1785 447 447 607 1786 591 591 307 1787</p>
          <p>447 447 607 1788 75 75 148 1789 222 222 496 1790 591 591 307 1791</p>
          <p>321 321 604 1792 40 40 40 1793 248 248 608 1794 592 592 308 1795</p>
          <p>248 248 608 1796 88 88 178 1797 449 449 609 1798 592 592 308 1799</p>
          <p>449 449 609 1800 160 160 92 1801 448 448 610 1802 592 592 308 1803</p>
          <p>448 448 610 1804 124 124 177 1805 321 321 604 1806 592 592 308 1807</p>
          <p>249 249 611 1808 41 41 51 1809 323 323 612 1810 593 593 309 1811</p>
          <p>323 323 612 1812 125 125 179 1813 450 450 613 1814 593 593 309 1815</p>
          <p>450 450 613 1816 160 160 92 1817 449 449 609 1818 593 593 309 1819</p>
          <p>449 449 609 1820 88 88 178 1821 249 249 611 1822 593 593 309 1823</p>
          <p>322 322 614 1824 29 29 50 1825 225 225 507 1826 594 594 310 1827</p>
          <p>225 225 507 1828 76 76 150 1829 451 451 615 1830 594 594 310 1831</p>
          <p>451 451 615 1832 160 160 92 1833 450 450 613 1834 594 594 310 1835</p>
          <p>450 450 613 1836 125 125 179 1837 322 322 614 1838 594 594 310 1839</p>
          <p>224 224 504 1840 28 28 28 1841 320 320 606 1842 595 595 311 1843</p>
          <p>320 320 606 1844 124 124 177 1845 448 448 610 1846 595 595 311 1847</p>
          <p>448 448 610 1848 160 160 92 1849 451 451 615 1850 595 595 311 1851</p>
          <p>451 451 615 1852 76 76 150 1853 224 224 504 1854 595 595 311 1855</p>
          <p>323 323 616 1856 41 41 41 1857 250 250 617 1858 596 596 312 1859</p>
          <p>250 250 617 1860 89 89 181 1861 453 453 618 1862 596 596 312 1863</p>
          <p>453 453 618 1864 161 161 93 1865 452 452 619 1866 596 596 312 1867</p>
          <p>452 452 619 1868 125 125 180 1869 323 323 616 1870 596 596 312 1871</p>
          <p>251 251 620 1872 42 42 42 1873 325 325 621 1874 597 597 313 1875</p>
          <p>325 325 621 1876 126 126 182 1877 454 454 622 1878 597 597 313 1879</p>
          <p>454 454 622 1880 161 161 93 1881 453 453 618 1882 597 597 313 1883</p>
          <p>453 453 618 1884 89 89 181 1885 251 251 620 1886 597 597 313 1887</p>
          <p>324 324 623 1888 30 30 30 1889 227 227 516 1890 598 598 314 1891</p>
          <p>227 227 516 1892 77 77 153 1893 455 455 624 1894 598 598 314 1895</p>
          <p>455 455 624 1896 161 161 93 1897 454 454 622 1898 598 598 314 1899</p>
          <p>454 454 622 1900 126 126 182 1901 324 324 623 1902 598 598 314 1903</p>
          <p>226 226 513 1904 29 29 29 1905 322 322 625 1906 599 599 315 1907</p>
          <p>322 322 625 1908 125 125 180 1909 452 452 619 1910 599 599 315 1911</p>
          <p>452 452 619 1912 161 161 93 1913 455 455 624 1914 599 599 315 1915</p>
          <p>455 455 624 1916 77 77 153 1917 226 226 513 1918 599 599 315 1919</p>
          <p>325 325 621 1920 42 42 42 1921 252 252 626 1922 600 600 316 1923</p>
          <p>252 252 626 1924 90 90 183 1925 457 457 627 1926 600 600 316 1927</p>
          <p>457 457 627 1928 162 162 94 1929 456 456 628 1930 600 600 316 1931</p>
          <p>456 456 628 1932 126 126 182 1933 325 325 621 1934 600 600 316 1935</p>
          <p>253 253 629 1936 43 43 43 1937 327 327 630 1938 601 601 317 1939</p>
          <p>327 327 630 1940 127 127 184 1941 458 458 631 1942 601 601 317 1943</p>
          <p>458 458 631 1944 162 162 94 1945 457 457 627 1946 601 601 317 1947</p>
          <p>457 457 627 1948 90 90 183 1949 253 253 629 1950 601 601 317 1951</p>
          <p>326 326 632 1952 31 31 31 1953 229 229 525 1954 602 602 318 1955</p>
          <p>229 229 525 1956 78 78 155 1957 459 459 633 1958 602 602 318 1959</p>
          <p>459 459 633 1960 162 162 94 1961 458 458 631 1962 602 602 318 1963</p>
          <p>458 458 631 1964 127 127 184 1965 326 326 632 1966 602 602 318 1967</p>
          <p>228 228 522 1968 30 30 30 1969 324 324 623 1970 603 603 319 1971</p>
          <p>324 324 623 1972 126 126 182 1973 456 456 628 1974 603 603 319 1975</p>
          <p>456 456 628 1976 162 162 94 1977 459 459 633 1978 603 603 319 1979</p>
          <p>459 459 633 1980 78 78 155 1981 228 228 522 1982 603 603 319 1983</p>
          <p>327 327 630 1984 43 43 43 1985 254 254 634 1986 604 604 320 1987</p>
          <p>254 254 634 1988 91 91 185 1989 461 461 635 1990 604 604 320 1991</p>
          <p>461 461 635 1992 163 163 95 1993 460 460 636 1994 604 604 320 1995</p>
          <p>460 460 636 1996 127 127 184 1997 327 327 630 1998 604 604 320 1999</p>
          <p>255 255 637 2000 44 44 49 2001 329 329 638 2002 605 605 321 2003</p>
          <p>329 329 638 2004 128 128 186 2005 462 462 639 2006 605 605 321 2007</p>
          <p>462 462 639 2008 163 163 95 2009 461 461 635 2010 605 605 321 2011</p>
          <p>461 461 635 2012 91 91 185 2013 255 255 637 2014 605 605 321 2015</p>
          <p>328 328 640 2016 32 32 48 2017 231 231 533 2018 606 606 322 2019</p>
          <p>231 231 533 2020 79 79 157 2021 463 463 641 2022 606 606 322 2023</p>
          <p>463 463 641 2024 163 163 95 2025 462 462 639 2026 606 606 322 2027</p>
          <p>462 462 639 2028 128 128 186 2029 328 328 640 2030 606 606 322 2031</p>
          <p>230 230 530 2032 31 31 31 2033 326 326 632 2034 607 607 323 2035</p>
          <p>326 326 632 2036 127 127 184 2037 460 460 636 2038 607 607 323 2039</p>
          <p>460 460 636 2040 163 163 95 2041 463 463 641 2042 607 607 323 2043</p>
          <p>463 463 641 2044 79 79 157 2045 230 230 530 2046 607 607 323 2047</p>
          <p>329 329 642 2048 44 44 44 2049 256 256 643 2050 608 608 324 2051</p>
          <p>256 256 643 2052 92 92 188 2053 465 465 644 2054 608 608 324 2055</p>
          <p>465 465 644 2056 164 164 96 2057 464 464 645 2058 608 608 324 2059</p>
          <p>464 464 645 2060 128 128 187 2061 329 329 642 2062 608 608 324 2063</p>
          <p>257 257 646 2064 45 45 45 2065 331 331 647 2066 609 609 325 2067</p>
          <p>331 331 647 2068 129 129 189 2069 466 466 648 2070 609 609 325 2071</p>
          <p>466 466 648 2072 164 164 96 2073 465 465 644 2074 609 609 325 2075</p>
          <p>465 465 644 2076 92 92 188 2077 257 257 646 2078 609 609 325 2079</p>
          <p>330 330 649 2080 33 33 33 2081 233 233 542 2082 610 610 326 2083</p>
          <p>233 233 542 2084 80 80 160 2085 467 467 650 2086 610 610 326 2087</p>
          <p>467 467 650 2088 164 164 96 2089 466 466 648 2090 610 610 326 2091</p>
          <p>466 466 648 2092 129 129 189 2093 330 330 649 2094 610 610 326 2095</p>
          <p>232 232 539 2096 32 32 32 2097 328 328 651 2098 611 611 327 2099</p>
          <p>328 328 651 2100 128 128 187 2101 464 464 645 2102 611 611 327 2103</p>
          <p>464 464 645 2104 164 164 96 2105 467 467 650 2106 611 611 327 2107</p>
          <p>467 467 650 2108 80 80 160 2109 232 232 539 2110 611 611 327 2111</p>
          <p>331 331 647 2112 45 45 45 2113 258 258 652 2114 612 612 328 2115</p>
          <p>258 258 652 2116 93 93 190 2117 469 469 653 2118 612 612 328 2119</p>
          <p>469 469 653 2120 165 165 97 2121 468 468 654 2122 612 612 328 2123</p>
          <p>468 468 654 2124 129 129 189 2125 331 331 647 2126 612 612 328 2127</p>
          <p>259 259 655 2128 46 46 46 2129 333 333 656 2130 613 613 329 2131</p>
          <p>333 333 656 2132 130 130 191 2133 470 470 657 2134 613 613 329 2135</p>
          <p>470 470 657 2136 165 165 97 2137 469 469 653 2138 613 613 329 2139</p>
          <p>469 469 653 2140 93 93 190 2141 259 259 655 2142 613 613 329 2143</p>
          <p>332 332 658 2144 34 34 34 2145 235 235 551 2146 614 614 330 2147</p>
          <p>235 235 551 2148 81 81 162 2149 471 471 659 2150 614 614 330 2151</p>
          <p>471 471 659 2152 165 165 97 2153 470 470 657 2154 614 614 330 2155</p>
          <p>470 470 657 2156 130 130 191 2157 332 332 658 2158 614 614 330 2159</p>
          <p>234 234 548 2160 33 33 33 2161 330 330 649 2162 615 615 331 2163</p>
          <p>330 330 649 2164 129 129 189 2165 468 468 654 2166 615 615 331 2167</p>
          <p>468 468 654 2168 165 165 97 2169 471 471 659 2170 615 615 331 2171</p>
          <p>471 471 659 2172 81 81 162 2173 234 234 548 2174 615 615 331 2175</p>
          <p>333 333 656 2176 46 46 46 2177 260 260 660 2178 616 616 332 2179</p>
          <p>260 260 660 2180 94 94 192 2181 473 473 661 2182 616 616 332 2183</p>
          <p>473 473 661 2184 166 166 98 2185 472 472 662 2186 616 616 332 2187</p>
          <p>472 472 662 2188 130 130 191 2189 333 333 656 2190 616 616 332 2191</p>
          <p>261 261 663 2192 47 47 61 2193 335 335 664 2194 617 617 333 2195</p>
          <p>335 335 664 2196 131 131 193 2197 474 474 665 2198 617 617 333 2199</p>
          <p>474 474 665 2200 166 166 98 2201 473 473 661 2202 617 617 333 2203</p>
          <p>473 473 661 2204 94 94 192 2205 261 261 663 2206 617 617 333 2207</p>
          <p>334 334 666 2208 35 35 60 2209 237 237 559 2210 618 618 334 2211</p>
          <p>237 237 559 2212 82 82 164 2213 475 475 667 2214 618 618 334 2215</p>
          <p>475 475 667 2216 166 166 98 2217 474 474 665 2218 618 618 334 2219</p>
          <p>474 474 665 2220 131 131 193 2221 334 334 666 2222 618 618 334 2223</p>
          <p>236 236 556 2224 34 34 34 2225 332 332 658 2226 619 619 335 2227</p>
          <p>332 332 658 2228 130 130 191 2229 472 472 662 2230 619 619 335 2231</p>
          <p>472 472 662 2232 166 166 98 2233 475 475 667 2234 619 619 335 2235</p>
          <p>475 475 667 2236 82 82 164 2237 236 236 556 2238 619 619 335 2239</p>
          <p>335 335 668 2240 47 47 47 2241 262 262 669 2242 620 620 336 2243</p>
          <p>262 262 669 2244 95 95 195 2245 477 477 670 2246 620 620 336 2247</p>
          <p>477 477 670 2248 167 167 99 2249 476 476 671 2250 620 620 336 2251</p>
          <p>476 476 671 2252 131 131 194 2253 335 335 668 2254 620 620 336 2255</p>
          <p>263 263 672 2256 36 36 36 2257 313 313 572 2258 621 621 337 2259</p>
          <p>313 313 572 2260 120 120 168 2261 478 478 673 2262 621 621 337 2263</p>
          <p>478 478 673 2264 167 167 99 2265 477 477 670 2266 621 621 337 2267</p>
          <p>477 477 670 2268 95 95 195 2269 263 263 672 2270 621 621 337 2271</p>
          <p>312 312 581 2272 24 24 24 2273 239 239 568 2274 622 622 338 2275</p>
          <p>239 239 568 2276 83 83 167 2277 479 479 674 2278 622 622 338 2279</p>
          <p>479 479 674 2280 167 167 99 2281 478 478 673 2282 622 622 338 2283</p>
          <p>478 478 673 2284 120 120 168 2285 312 312 581 2286 622 622 338 2287</p>
          <p>238 238 565 2288 35 35 35 2289 334 334 675 2290 623 623 339 2291</p>
          <p>334 334 675 2292 131 131 194 2293 476 476 671 2294 623 623 339 2295</p>
          <p>476 476 671 2296 167 167 99 2297 479 479 674 2298 623 623 339 2299</p>
          <p>479 479 674 2300 83 83 167 2301 238 238 565 2302 623 623 339 2303</p>
        </polygons>
      </mesh>
    </geometry>
  </library_geometries>
  <library_visual_scenes>
    <visual_scene id="RootNode" name="RootNode">
      <node id="wa04_moya" name="wa04_moya">
        <translate sid="rotatePivot">-0.001453 0.002663 0.039950</translate>
        <translate sid="rotatePivotInverse">0.001453 -0.002663 -0.039950</translate>
        <translate sid="scalePivot">-0.001453 0.002663 0.039950</translate>
        <translate sid="scalePivotInverse">0.001453 -0.002663 -0.039950</translate>
        <instance_geometry url="#wa04_moya-lib">
          <bind_material>
            <technique_common>
              <instance_material symbol="lambert3" target="#lambert3"/>
            </technique_common>
          </bind_material>
        </instance_geometry>
      </node>
    </visual_scene>
  </library_visual_scenes>
  <scene>
    <instance_visual_scene url="#RootNode"/>
  </scene>
</COLLADA>

