entry,name,size,params,callees
004012b0,FUN_004012b0,63,2,""
004012f0,FUN_004012f0,22,1,""
00401310,FUN_00401310,123,1,""
00401390,FUN_00401390,172,2,"EnterCriticalSection LeaveCriticalSection"
00401440,FUN_00401440,172,2,"EnterCriticalSection LeaveCriticalSection"
004014f0,FUN_004014f0,267,1,"EnterCriticalSection FUN_004018a0 LeaveCriticalSection"
00401620,FUN_00401620,232,0,"EnterCriticalSection FUN_004018a0 LeaveCriticalSection"
00401730,FUN_00401730,113,2,"EnterCriticalSection FUN_004018a0 LeaveCriticalSection"
004017b0,FUN_004017b0,48,1,"FUN_004014f0 FUN_00401730 FUN_00403f30"
004017e0,FUN_004017e0,104,1,"FUN_0049039f"
00401850,FUN_00401850,79,2,"EnterCriticalSection FUN_004018a0 LeaveCriticalSection"
004018a0,FUN_004018a0,170,2,"FID_conflict:_free"
00401960,FUN_00401960,40,3,"FUN_00401390 FUN_004017e0"
00401990,FUN_00401990,40,3,"FUN_00401440 FUN_004017e0"
004019c0,FUN_004019c0,40,3,"FUN_00401390 FUN_004017e0"
004019f0,FUN_004019f0,40,3,"FUN_00401440 FUN_004017e0"
00401a20,FUN_00401a20,133,0,"FUN_00403490 FUN_00490390 joyGetDevCapsA joyGetPosEx"
00401ab0,FUN_00401ab0,55,4,""
00401af0,FUN_00401af0,44,4,""
00401b20,FUN_00401b20,768,1,"FUN_00490390 FUN_0049b080 joyGetPosEx"
00401e20,FUN_00401e20,244,0,"FUN_00490390 FUN_0049b080 joyGetPosEx"
00401f50,FUN_00401f50,990,0,"FUN_00401b20 FUN_004077c0 FUN_00490390 GetKeyboardState"
00402350,FUN_00402350,956,1,"FUN_00401b20 FUN_004077c0 FUN_00490390 GetKeyboardState"
00402710,FUN_00402710,904,0,"FUN_00401b20 FUN_00490390 GetKeyboardState"
00402aa0,FUN_00402aa0,103,1,"FUN_0049b080 GetKeyboardState"
00402b10,FUN_00402b10,107,0,"FUN_00490390 GetKeyboardState SetKeyboardState"
00402b80,FUN_00402b80,276,6,"FID_conflict:_free FUN_00492870 _malloc"
00402ca0,FUN_00402ca0,268,6,"FID_conflict:_free FUN_00492870 _malloc"
00402db0,FUN_00402db0,444,3,"CloseHandle CreateFileA EnterCriticalSection FUN_00407840 FUN_00407980 FUN_0046c3f0 FUN_00490640 GetFileSize LeaveCriticalSection ReadFile __stricmp _malloc"
00402f70,FUN_00402f70,128,1,"CloseHandle CreateFileA EnterCriticalSection LeaveCriticalSection"
00402ff0,FUN_00402ff0,310,3,"CloseHandle CreateFileA EnterCriticalSection FUN_00407840 FormatMessageA GetLastError LeaveCriticalSection LocalFree WriteFile"
00403130,FUN_00403130,182,1,"CreateFileA EnterCriticalSection FUN_00407840 FormatMessageA GetLastError LeaveCriticalSection LocalFree"
004031f0,FUN_004031f0,182,1,"CreateFileA EnterCriticalSection FUN_00407840 FormatMessageA GetLastError LeaveCriticalSection LocalFree"
004032b0,FUN_004032b0,182,1,"CreateFileA EnterCriticalSection FUN_00407840 FormatMessageA GetLastError LeaveCriticalSection LocalFree"
00403370,FUN_00403370,99,2,"CloseHandle LeaveCriticalSection WriteFile"
004033e0,FUN_004033e0,83,1,"CloseHandle ReadFile _malloc"
00403440,FUN_00403440,46,0,"CloseHandle LeaveCriticalSection"
00403490,FUN_00403490,193,2,"EnterCriticalSection FUN_00490390 FUN_004908c1 LeaveCriticalSection __alloca_probe"
00403560,FUN_00403560,196,2,"EnterCriticalSection FUN_00490390 FUN_004908c1 LeaveCriticalSection"
00403630,FUN_00403630,103,1,"EnterCriticalSection LeaveCriticalSection"
004036a0,FUN_004036a0,139,1,"EnterCriticalSection LeaveCriticalSection"
004037c0,FUN_004037c0,51,1,"FUN_00403630"
00403800,FUN_00403800,56,1,"FUN_004036a0"
00403840,FUN_00403840,64,1,"FUN_004036a0"
00403880,FUN_00403880,64,1,"FUN_004036a0"
004038c0,FUN_004038c0,79,0,""
00403920,FUN_00403920,71,0,""
00403970,FUN_00403970,121,2,"FUN_004baae0 FUN_004baca0"
004039f0,FUN_004039f0,144,2,"FUN_004baae0 FUN_004baca0"
00403a80,FUN_00403a80,121,2,"FUN_004baae0 FUN_004baca0"
00403b10,FUN_00403b10,61,1,""
00403b50,FUN_00403b50,65,1,""
00403ba0,FUN_00403ba0,135,2,""
00403d50,FUN_00403d50,102,3,"FUN_0049b080"
00403dd0,FUN_00403dd0,122,2,""
00403e50,FUN_00403e50,94,2,""
00403ee0,FUN_00403ee0,39,2,"FID_conflict:_free FUN_00403f30"
00403f10,FUN_00403f10,11,1,"FUN_00403f30"
00403f30,FUN_00403f30,117,1,"CloseHandle Sleep WaitForSingleObject"
00403fb0,FUN_00403fb0,61,3,"FUN_00403f30 FUN_004908d9"
00403ff0,FUN_00403ff0,61,3,"FUN_00403f30 FUN_004908d9"
00404050,FUN_00404050,255,1,"FUN_004075d0 FUN_004076a0"
00404170,FUN_00404170,849,1,"FUN_00403920 FUN_004074a0 FUN_00407630 FUN_004076a0 FUN_004b9e9a FUN_004baae0 FUN_004baca0 FUN_004bb1e0"
004044e0,FUN_004044e0,32,1,"FUN_00404170"
00404500,FUN_00404500,1586,1,"FUN_004baca0"
00404bb0,FUN_00404bb0,254,4,"FUN_004baae0 FUN_004baca0"
00404cb0,FUN_00404cb0,667,2,"FUN_00490390 FUN_004baae0 FUN_004baca0"
00404f50,FUN_00404f50,161,4,""
00405000,FUN_00405000,419,5,"FUN_004baae0 FUN_004baca0"
004051b0,FUN_004051b0,252,5,"FUN_004baae0 FUN_004baca0"
004052b0,FUN_004052b0,351,4,""
00405410,FUN_00405410,1327,6,"FUN_00490390 FUN_004baae0 FUN_004baca0"
00405940,FUN_00405940,863,8,""
00405ca0,FUN_00405ca0,986,6,"FUN_004076a0"
00406080,FUN_00406080,108,4,""
004060f0,FUN_004060f0,133,2,"FUN_004076a0"
00406180,FUN_00406180,336,5,"FUN_004baae0 FUN_004baca0 __libm_sse2_sqrt_precise"
004062d0,FUN_004062d0,1733,8,"FUN_00490390 FUN_004baae0 FUN_004baca0"
004069a0,FUN_004069a0,1676,7,"FUN_00404cb0 FUN_00490390 FUN_004baae0 FUN_004baca0 __libm_sse2_sqrt_precise"
00407040,FUN_00407040,58,0,"FUN_00490390 GetKeyboardState"
00407080,FUN_00407080,35,1,"__libm_sse2_sqrt_precise"
004070b0,FUN_004070b0,46,1,"__libm_sse2_sqrt_precise"
004070f0,FUN_004070f0,23,1,"__libm_sse2_sqrt_precise"
00407130,FUN_00407130,140,2,""
004071e0,FUN_004071e0,26,0,""
00407210,FUN_00407210,55,0,"FUN_004bb1e0"
00407250,FUN_00407250,143,1,"FUN_004bb1e0"
004072e0,FUN_004072e0,57,1,"FUN_004b9e9a"
00407320,FUN_00407320,61,1,"FUN_004b9e9a"
00407360,FUN_00407360,55,3,""
004073a0,FUN_004073a0,92,2,""
00407400,FUN_00407400,77,1,""
004074a0,FUN_004074a0,142,3,""
00407530,FUN_00407530,55,3,""
00407580,FUN_00407580,54,2,""
004075d0,FUN_004075d0,88,1,""
00407630,FUN_00407630,77,1,""
004076a0,FUN_004076a0,32,3,""
00407710,FUN_00407710,23,1,"FUN_004baae0"
00407730,FUN_00407730,23,1,"FUN_004baca0"
00407780,FUN_00407780,18,1,"FID_conflict:_free"
004077a0,FUN_004077a0,18,1,"_malloc"
004077c0,FUN_004077c0,121,1,""
00407840,FUN_00407840,1,0,""
004078a0,FUN_004078a0,40,2,""
004078e0,FUN_004078e0,41,1,""
00407920,FUN_00407920,39,2,""
00407950,FUN_00407950,27,2,""
00407970,FUN_00407970,10,1,""
00407980,FUN_00407980,44,1,"LeaveCriticalSection"
004079b0,FUN_004079b0,41,2,""
00407a00,FUN_00407a00,44,1,"EnterCriticalSection"
00407a30,FUN_00407a30,33,2,""
00407a70,FUN_00407a70,205,13,""
00407b80,FUN_00407b80,142,1,"FUN_0049b080 _malloc"
00407c10,FUN_00407c10,2992,1,"D3DXVec3Normalize EnterCriticalSection FUN_00403800 FUN_00403840 FUN_00408d10 FUN_00408ea0 FUN_00408f80 FUN_0040b880 FUN_00477e10 FUN_00487bd0 FUN_00488510 FUN_00489460 FUN_00490390 LeaveCriticalSection"
004088a0,FUN_004088a0,141,3,"FUN_00488510 FUN_00489740 FUN_00489820"
00408930,FUN_00408930,318,4,"FUN_004899f0 FUN_00489bd0"
00408a90,FUN_00408a90,119,2,""
00408ba0,FUN_00408ba0,107,1,""
00408c30,FUN_00408c30,13,2,""
00408c40,FUN_00408c40,13,2,""
00408c50,FUN_00408c50,24,2,""
00408c70,FUN_00408c70,25,2,""
00408c90,FUN_00408c90,25,2,""
00408cb0,FUN_00408cb0,25,2,""
00408cd0,FUN_00408cd0,63,1,""
00408d10,FUN_00408d10,211,6,""
00408e20,FUN_00408e20,70,2,"D3DXVec3Normalize"
00408e80,FUN_00408e80,29,1,"FUN_00403840"
00408ea0,FUN_00408ea0,43,1,""
00408ee0,FUN_00408ee0,16,2,""
00408f00,FUN_00408f00,44,5,"FUN_00488160"
00408f30,FUN_00408f30,14,2,""
00408f40,FUN_00408f40,18,2,""
00408f80,FUN_00408f80,32,3,""
00408ff0,FUN_00408ff0,68,2,""
00409040,FUN_00409040,68,2,""
00409090,FUN_00409090,35,2,"_malloc"
004090c0,FUN_004090c0,12,2,""
004090d0,FUN_004090d0,371,2,"FUN_00403840 FUN_00409980 FUN_0049b080 _malloc"
00409250,FUN_00409250,442,1,"FUN_00403800 FUN_00403840 FUN_004098c0"
00409410,FUN_00409410,173,1,"FUN_00409630 FUN_0047d840 FUN_00482510"
004094e0,FUN_004094e0,320,2,"FUN_00403840 FUN_0049b080 _malloc"
00409630,FUN_00409630,475,2,"FUN_00409810 FUN_00490390 FUN_004baae0 FUN_004baca0"
00409810,FUN_00409810,123,2,"FUN_00409630"
00409890,FUN_00409890,39,2,""
004098c0,FUN_004098c0,32,3,""
004098e0,FUN_004098e0,13,2,""
004098f0,FUN_004098f0,15,2,""
00409900,FUN_00409900,15,2,""
00409910,FUN_00409910,13,2,""
00409920,FUN_00409920,14,2,""
00409930,FUN_00409930,15,2,""
00409980,FUN_00409980,158,5,""
00409a30,FUN_00409a30,112,2,""
00409aa0,FUN_00409aa0,31,2,""
00409ac0,FUN_00409ac0,33,1,"FUN_00403840"
00409af0,FUN_00409af0,1403,1,"EnterCriticalSection FUN_00403800 FUN_00403840 FUN_00409980 FUN_0049b080 LeaveCriticalSection _malloc"
0040a080,FUN_0040a080,975,1,"D3DXVec3Normalize FUN_0040a540 FUN_00490390"
0040a540,FUN_0040a540,915,2,"FUN_00404500"
0040a910,FUN_0040a910,18,2,""
0040a930,FUN_0040a930,54,2,""
0040a970,FUN_0040a970,101,3,""
0040aa00,FUN_0040aa00,12,2,""
0040aa30,FUN_0040aa30,33,1,"FUN_00403800"
0040aa70,FUN_0040aa70,50,2,""
0040aab0,FUN_0040aab0,272,2,"FUN_00403840 FUN_0049b080 _malloc"
0040abc0,FUN_0040abc0,592,1,"FUN_00403800 FUN_00403840"
0040aeb0,FUN_0040aeb0,16,2,""
0040aec0,FUN_0040aec0,379,1,"FUN_0040b880 FUN_00477e10 FUN_0049b080 _malloc"
0040b040,FUN_0040b040,95,1,"FUN_00477e10"
0040b0b0,FUN_0040b0b0,1347,1,"FUN_0047e3f0 FUN_004817d0 FUN_00490390"
0040b620,FUN_0040b620,287,2,"FUN_0040b880 FUN_00477e10"
0040b790,FUN_0040b790,208,1,"FUN_0049b080"
0040b860,FUN_0040b860,23,2,""
0040b880,FUN_0040b880,225,3,"FUN_0040b790"
0040b970,FUN_0040b970,76,4,"FUN_0040b880 FUN_00477e10"
0040b9c0,FUN_0040b9c0,288,2,"FUN_00403840 FUN_0049b080 _malloc"
0040bae0,FUN_0040bae0,641,1,"FUN_00403800 FUN_00403840 FUN_0040be50"
0040be50,FUN_0040be50,32,3,""
0040be70,FUN_0040be70,148,1,"FUN_0040db10 FUN_0049b080"
0040bf20,FUN_0040bf20,325,1,"FUN_00401390 FUN_00401440 FUN_004017e0 FUN_00403490 FUN_0040d680 FUN_00477160 FUN_00485f70 FUN_00490390"
0040c070,FUN_0040c070,531,1,"EnterCriticalSection FID_conflict:_free FID_conflict:_free FUN_004018a0 FUN_00486700 LeaveCriticalSection"
0040c2e0,FUN_0040c2e0,23,1,"FID_conflict:_free FUN_0040c070"
0040c320,FUN_0040c320,21,1,"FUN_0040d400"
0040c340,FUN_0040c340,21,1,"FUN_0040d400"
0040c410,FUN_0040c410,345,3,""
0040c570,FUN_0040c570,77,3,"FUN_0040c410 FUN_00490390 FUN_004908c1"
0040c5c0,FUN_0040c5c0,255,2,"FUN_0040c410 FUN_00490390 FUN_00490cf2"
0040c6c0,FUN_0040c6c0,316,2,"FUN_0040c410 FUN_00490390 FUN_00490cf2"
0040c800,FUN_0040c800,98,3,"FUN_0040c410 FUN_00490390 FUN_004908c1"
0040c870,FUN_0040c870,237,2,"FUN_0040c960 FUN_0047e3f0"
0040c960,FUN_0040c960,1921,2,"FUN_0040d4d0 FUN_0047dba0 FUN_0047e610"
0040d1f0,FUN_0040d1f0,272,3,"FUN_0040c960 FUN_00490390 FUN_004908c1"
0040d310,FUN_0040d310,228,3,"FUN_0040d1f0 FUN_00490390 FUN_00490cf2"
0040d400,FUN_0040d400,119,1,""
0040d480,FUN_0040d480,6,0,""
0040d490,FUN_0040d490,16,2,""
0040d4a0,FUN_0040d4a0,16,2,""
0040d4d0,FUN_0040d4d0,131,2,""
0040d570,FUN_0040d570,71,2,"FUN_0044def0"
0040d680,FUN_0040d680,695,1,"FUN_0049b080"
0040d940,FUN_0040d940,39,3,"FUN_0040d680 FUN_00477160"
0040d970,FUN_0040d970,25,3,""
0040d9b0,FUN_0040d9b0,61,1,"FID_conflict:_free"
0040d9f0,FUN_0040d9f0,61,1,"FID_conflict:_free"
0040db10,FUN_0040db10,149,1,"FUN_0049b080"
0040dbe0,FUN_0040dbe0,195,4,""
0040dcb0,FUN_0040dcb0,144,3,"FID_conflict:_free FUN_00489d70 FUN_00492870"
0040dd40,FUN_0040dd40,280,1,"FID_conflict:_free FUN_00488510 FUN_00488780"
0040de70,FUN_0040de70,228,1,"FUN_00490d92 FUN_0049b080"
0040df60,FUN_0040df60,69,1,"FUN_00490d92"
0040dfb0,FUN_0040dfb0,25,1,"`eh_vector_destructor_iterator'"
0040dfe0,FUN_0040dfe0,475,2,"FUN_00401390 FUN_00401440 FUN_004017e0 FUN_00403560 FUN_0040f4b0"
0040e1c0,FUN_0040e1c0,993,1,"EnterCriticalSection FID_conflict:_free FID_conflict:_free FUN_004018a0 FUN_0040dd40 FUN_00486700 LeaveCriticalSection `eh_vector_destructor_iterator'"
0040e5b0,FUN_0040e5b0,23,1,"FID_conflict:_free FUN_0040dd40"
0040e5d0,FUN_0040e5d0,157,1,"FID_conflict:_free FUN_0040de70 FUN_0040dfe0 FUN_0040e1c0 FUN_0049039f"
0040e670,FUN_0040e670,23,1,"FID_conflict:_free FUN_0040e1c0"
0040e690,FUN_0040e690,23,1,"FID_conflict:_free FUN_0040e1c0"
0040e6b0,FUN_0040e6b0,317,1,"D3DXVec3Normalize FUN_0040f740 FUN_0040fbc0 FUN_00410d90 FUN_00477e10 FUN_00490390"
0040e7f0,FUN_0040e7f0,1155,1,"FUN_00401390 FUN_00401440 FUN_004017e0 FUN_00409040 FUN_0040f7e0 FUN_0044e120 FUN_0047e3f0 FUN_00490390 FUN_0049039f FUN_0049b080"
0040ec80,FUN_0040ec80,883,1,"FUN_0040f7e0 FUN_004126c0 FUN_0044e120 FUN_0047e3f0 FUN_00487b60"
0040f030,FUN_0040f030,19,2,"FUN_0040f4b0"
0040f050,FUN_0040f050,1105,3,"D3DXMatrixTranslation D3DXVec3ProjectArray FUN_00490390"
0040f4b0,FUN_0040f4b0,385,2,"FUN_00402db0 FUN_00403490 FUN_00485f70 FUN_00492870 FUN_0049b080 _malloc"
0040f640,FUN_0040f640,246,0,"FUN_0040b880 FUN_00477e10"
0040f740,FUN_0040f740,149,1,"FUN_00477e10"
0040f7e0,FUN_0040f7e0,865,2,"FUN_0040f050 FUN_00410b80 FUN_0044e120 FUN_0047e3f0 FUN_004817d0"
0040fb50,FUN_0040fb50,110,2,""
0040fbc0,FUN_0040fbc0,3318,1,"FID_conflict:_free FUN_00403920 FUN_00408ba0 FUN_00408cd0 FUN_00409040 FUN_0040a540 FUN_0040b880 FUN_0040dbe0 FUN_0040dd40 FUN_0040fb50 FUN_00411a70 FUN_00422bf0 FUN_00477e10 FUN_0049039f FUN_004baae0 FUN_004baca0"
00410930,FUN_00410930,143,1,""
004109c0,FUN_004109c0,323,0,"FUN_00401390 FUN_00401440 FUN_004017e0 FUN_0049039f FUN_0049b080"
00410b10,FUN_00410b10,110,0,""
00410b80,FUN_00410b80,518,2,"FUN_0044e120 FUN_0047e3f0 FUN_004817d0"
00410d90,FUN_00410d90,2005,1,"D3DXVec3Normalize FUN_00403800 FUN_00422d30 FUN_00490390 FUN_004baca0"
00411580,FUN_00411580,167,0,"FID_conflict:_free FUN_0040dcb0 FUN_00489d70"
00411630,FUN_00411630,173,0,"FID_conflict:_free FUN_0040dcb0 FUN_00489d70"
004116e0,FUN_004116e0,566,1,"FID_conflict:_free FUN_00492870 _malloc"
00411920,FUN_00411920,308,2,"FUN_004899f0 FUN_00492870"
00411a70,FUN_00411a70,1581,2,"FUN_00404500 FUN_004121e0 FUN_004122f0"
004120c0,FUN_004120c0,16,2,""
004120d0,FUN_004120d0,34,2,""
00412100,FUN_00412100,35,2,""
00412130,FUN_00412130,16,2,""
004121e0,FUN_004121e0,129,3,""
00412270,FUN_00412270,118,2,""
004122f0,FUN_004122f0,129,3,""
00412380,FUN_00412380,70,2,"D3DXVec3Normalize"
00412490,FUN_00412490,80,4,""
004124f0,FUN_004124f0,57,2,""
00412570,FUN_00412570,15,1,"FUN_00477e10"
00412580,FUN_00412580,48,3,"FUN_0040b880 FUN_00477e10"
004125b0,FUN_004125b0,62,2,""
00412620,FUN_00412620,18,2,""
00412640,FUN_00412640,123,2,""
004126c0,FUN_004126c0,118,1,""
00412740,FUN_00412740,33,0,""
00412770,FUN_00412770,35,1,""
004127a0,FUN_004127a0,61,1,"FUN_0044e120"
00412830,FUN_00412830,3,1,""
00412870,FUN_00412870,26,2,""
004128a0,FUN_004128a0,479,2,"FUN_004899f0 FUN_00492870"
00412a90,FUN_00412a90,614,1,"FUN_00489bd0 FUN_00492870 FUN_0049b080 _malloc"
00412d00,FUN_00412d00,174,3,"FUN_004899f0"
00412db0,FUN_00412db0,177,3,"FUN_00489d00"
00412e70,FUN_00412e70,406,2,"FUN_00412d00 FUN_004899f0"
00413010,FUN_00413010,619,2,"FUN_00412db0 FUN_00492870 _malloc"
00413290,FUN_00413290,216,2,"FUN_004899f0"
00413370,FUN_00413370,111,2,"FUN_00489bd0"
004133e0,FUN_004133e0,59,2,""
00413420,FUN_00413420,44,1,""
00413450,FUN_00413450,85,0,"FUN_0049039f"
00413500,FUN_00413500,64,1,"FID_conflict:_free FID_conflict:_free FUN_00403f30"
00413580,FUN_00413580,50,1,"FID_conflict:_free FUN_00403f30"
004135e0,FUN_004135e0,100,2,"FUN_00403f30 FUN_004908d9"
00413670,FUN_00413670,332,3,"CloseHandle FID_conflict:_free FUN_004032b0 FUN_00490f2b LeaveCriticalSection ReadFile _malloc"
004137c0,FUN_004137c0,207,1,"CloseHandle FID_conflict:_free FUN_004032b0 FUN_00490f2b LeaveCriticalSection ReadFile _malloc"
00413890,FUN_00413890,580,1,"FID_conflict:_free FUN_00402db0 FUN_004116e0 FUN_00412a90 FUN_00413010 FUN_00413370 FUN_00430a50 FUN_0043dee0 FUN_00457d60 FUN_0046d590 FUN_00489590 FUN_00490f2b _malloc"
00413b00,FUN_00413b00,1439,2,"CloseHandle FID_conflict:_free FUN_00403130 FUN_004031f0 FUN_00403560 FUN_00411920 FUN_004128a0 FUN_00412e70 FUN_00413290 FUN_004309a0 FUN_00457ec0 FUN_0046d1b0 FUN_00490390 FUN_00490eda FUN_00490f2b FUN_0049b080 LeaveCriticalSection WriteFile __alloca_probe _malloc"
004140b0,FUN_004140b0,17,2,""
004140e0,FUN_004140e0,20,3,""
00414100,FUN_00414100,16,2,""
00414110,FUN_00414110,16,2,""
00414190,FUN_00414190,3,0,""
004141a0,FUN_004141a0,3,0,""
004141b0,FUN_004141b0,3,0,""
004141c0,FUN_004141c0,5,0,""
004141d0,FUN_004141d0,3,0,""
004141e0,FUN_004141e0,1,0,""
004141f0,FUN_004141f0,1,0,""
00414200,FUN_00414200,1,0,""
00414210,FUN_00414210,3,0,""
00414220,FUN_00414220,3,0,""
00414290,FUN_00414290,112,1,"FUN_0049b080"
00414320,FUN_00414320,131,1,"FUN_00401390 FUN_00401440 FUN_004017e0"
004143b0,FUN_004143b0,680,1,"EnterCriticalSection FID_conflict:_free FUN_004018a0 FUN_00488510 FUN_00488780 LeaveCriticalSection"
00414660,FUN_00414660,183,0,"FID_conflict:_free FUN_00414290 FUN_00414320 FUN_004143b0 FUN_0049039f"
00414720,FUN_00414720,18,1,"FUN_00414290"
00414740,FUN_00414740,18,1,"FUN_00414290"
00414760,FUN_00414760,18,1,"FUN_00414290"
00414780,FUN_00414780,18,1,"FUN_00414290"
004147a0,FUN_004147a0,23,1,"FID_conflict:_free FUN_004143b0"
004147c0,FUN_004147c0,48,1,"FUN_00408ba0"
00414800,FUN_00414800,54,0,"FID_conflict:_free FUN_004143b0"
00414840,FUN_00414840,23,1,"FID_conflict:_free FUN_004143b0"
00414860,FUN_00414860,23,1,"FID_conflict:_free FUN_004143b0"
00414880,FUN_00414880,23,1,"FID_conflict:_free FUN_004143b0"
004148a0,FUN_004148a0,23,1,"FID_conflict:_free FUN_004143b0"
00414900,FUN_00414900,221,0,"FUN_0043a960 FUN_00476400"
004149e0,FUN_004149e0,48,1,"FUN_00408ba0"
00414a20,FUN_00414a20,41,3,""
00414a60,FUN_00414a60,25,1,""
00414a80,FUN_00414a80,60,0,""
00414b00,FUN_00414b00,18,0,""
00414b60,FUN_00414b60,20,0,""
00414b80,FUN_00414b80,103,1,""
00414bf0,FUN_00414bf0,36,1,""
00414c20,FUN_00414c20,62,0,""
00414c60,FUN_00414c60,771,1,"EnterCriticalSection FUN_00401390 FUN_004017e0 FUN_0040b880 FUN_00476360 FUN_00477e10 FUN_00487bd0 FUN_00489460 FUN_0049039f FUN_0049b080 LeaveCriticalSection"
00414f70,FUN_00414f70,854,1,"FUN_00415d00 FUN_004571d0 FUN_00488510 FUN_00488620"
004152d0,FUN_004152d0,6,0,""
004152e0,FUN_004152e0,5,0,""
004152f0,FUN_004152f0,745,1,"FUN_00415b40 FUN_0041e850 FUN_00488510 FUN_00489250 FUN_00490390 FUN_004baae0 FUN_004baca0"
004155e0,FUN_004155e0,1,0,""
004155f0,FUN_004155f0,134,1,"FUN_00415680 FUN_00488510 FUN_00489740"
00415680,FUN_00415680,237,2,""
00415770,FUN_00415770,218,1,"FUN_00415680 FUN_00488510 FUN_00488780 FUN_00489820"
00415850,FUN_00415850,213,3,"FUN_004885b0 FUN_004899f0"
00415930,FUN_00415930,192,2,"FUN_00489bd0"
004159f0,FUN_004159f0,68,3,""
00415a40,FUN_00415a40,242,2,"FUN_00415b40 FUN_00490390 FUN_004baae0 FUN_004baca0"
00415b40,FUN_00415b40,311,2,"FUN_00415b40 FUN_004baae0 FUN_004baca0"
00415ca0,FUN_00415ca0,33,2,""
00415cd0,FUN_00415cd0,18,2,""
00415d00,FUN_00415d00,32,3,""
00415d20,FUN_00415d20,42,6,"FUN_00488160"
00415d90,FUN_00415d90,26,1,""
00415db0,FUN_00415db0,1120,1,"FUN_00404050 FUN_00404170 FUN_004073a0 FUN_00415d90 FUN_004174b0 FUN_00417590 FUN_00426c20 FUN_004303d0 FUN_00488510 FUN_004b9e9a __libm_sse2_sqrt_precise"
00416220,FUN_00416220,420,3,"EnterCriticalSection FUN_0040b880 FUN_00457060 FUN_00477e10 FUN_00487bd0 FUN_00489460 LeaveCriticalSection"
004163d0,FUN_004163d0,196,1,"FUN_0041e750 FUN_00441db0 FUN_00457060 FUN_00476400 FUN_00488620 FUN_00488d30"
004164a0,FUN_004164a0,369,1,"FUN_0041e750 FUN_00457060 FUN_00476400 FUN_00488510 FUN_00488620 FUN_00488780"
00416620,FUN_00416620,346,1,"EnterCriticalSection FID_conflict:_free FUN_0040b880 FUN_00476360 FUN_00477e10 FUN_00487bd0 FUN_00489460 FUN_0049b080 LeaveCriticalSection _malloc"
00416780,FUN_00416780,1125,1,"FID_conflict:_free FUN_00401390 FUN_004017e0 FUN_00415db0 FUN_00416220 FUN_004163d0 FUN_004164a0 FUN_00476400 FUN_00488510 FUN_00488620 FUN_0049039f FUN_0049b080"
00416c00,FUN_00416c00,6,0,""
00416c10,FUN_00416c10,5,0,""
00416c20,FUN_00416c20,206,1,"FUN_0041e750"
00416d00,FUN_00416d00,231,1,"FID_conflict:_free FUN_00401390 FUN_004017e0 FUN_004164a0 FUN_00488620 FUN_0049039f FUN_0049b080"
00416df0,FUN_00416df0,235,1,"FID_conflict:_free FUN_00415680 FUN_00488510 FUN_00489740 _malloc"
00416ee0,FUN_00416ee0,664,1,"EnterCriticalSection FID_conflict:_free FUN_00415680 FUN_00488510 FUN_00488780 FUN_004898a0 LeaveCriticalSection _malloc"
00417180,FUN_00417180,284,3,"FUN_004885b0 FUN_004899f0"
004172a0,FUN_004172a0,252,2,"FUN_00489bd0 _malloc"
004173a0,FUN_004173a0,24,2,""
00417400,FUN_00417400,25,2,""
00417420,FUN_00417420,16,1,"FUN_00404050 FUN_00404170"
00417430,FUN_00417430,93,2,""
004174b0,FUN_004174b0,71,0,""
00417500,FUN_00417500,70,1,"FUN_004b9e9a"
00417550,FUN_00417550,43,1,"__libm_sse2_sqrt_precise"
00417590,FUN_00417590,76,1,""
00417660,FUN_00417660,25,2,""
00417680,FUN_00417680,33,1,"FUN_00488510"
004176b0,FUN_004176b0,61,1,"FUN_004b9e9a"
00417730,FUN_00417730,675,1,"EnterCriticalSection FUN_0040b880 FUN_00477e10 FUN_00487bd0 FUN_00489460 LeaveCriticalSection"
004179e0,FUN_004179e0,623,1,"FUN_00414b80 FUN_0041e750 FUN_00441db0 FUN_00456740 FUN_00476360 FUN_00488510 FUN_00488620"
00417c50,FUN_00417c50,6,0,""
00417c60,FUN_00417c60,5,0,""
00417c70,FUN_00417c70,3,0,""
00417c80,FUN_00417c80,1,0,""
00417c90,FUN_00417c90,134,1,"FUN_00415680 FUN_00488510 FUN_00489740"
00417d20,FUN_00417d20,94,1,"FUN_00415680 FUN_00488d30 FUN_00489820"
00417d80,FUN_00417d80,213,3,"FUN_004885b0 FUN_004899f0"
00417e60,FUN_00417e60,192,2,"FUN_00489bd0"
00417f20,FUN_00417f20,33,1,"FUN_00488510"
00417f50,FUN_00417f50,21,2,"FUN_00488620"
00417f70,FUN_00417f70,107,1,"FUN_00488510"
00417fe0,FUN_00417fe0,77,2,"FUN_00417f70 FUN_00422900"
00418030,FUN_00418030,60,2,""
00418070,FUN_00418070,762,1,"EnterCriticalSection FUN_00401390 FUN_004017e0 FUN_0040b880 FUN_00476360 FUN_00477e10 FUN_00487bd0 FUN_00489460 FUN_0049039f FUN_0049b080 LeaveCriticalSection"
00418370,FUN_00418370,868,1,"FUN_00401390 FUN_004017e0 FUN_00403800 FUN_00403840 FUN_00417fe0 FUN_00418030 FUN_00418a90 FUN_00457060 FUN_00476360 FUN_00488510 FUN_00488620 FUN_00490390 FUN_0049039f FUN_0049b080"
004186e0,FUN_004186e0,6,0,""
004186f0,FUN_004186f0,5,0,""
00418700,FUN_00418700,1,0,""
00418710,FUN_00418710,226,1,"FUN_0041e750"
00418800,FUN_00418800,134,1,"FUN_00415680 FUN_00488510 FUN_00489740"
00418890,FUN_00418890,94,1,"FUN_00415680 FUN_00488d30 FUN_00489820"
004188f0,FUN_004188f0,213,3,"FUN_004885b0 FUN_004899f0"
004189d0,FUN_004189d0,192,2,"FUN_00489bd0"
00418a90,FUN_00418a90,32,3,""
00418ab0,FUN_00418ab0,14,2,""
00418ac0,FUN_00418ac0,33,1,"FUN_00488510"
00418c20,FUN_00418c20,30,1,"FUN_0049b080"
00418c60,FUN_00418c60,181,1,"FUN_00490d92 FUN_0049b080"
00418d20,FUN_00418d20,88,1,"FUN_0040db10"
00418d80,FUN_00418d80,120,1,"FID_conflict:_free"
00418e00,FUN_00418e00,315,1,"FUN_00401390 FUN_00401440 FUN_004017e0 FUN_00403490 FUN_00485f70"
00418f40,FUN_00418f40,293,0,"FUN_004889a0 FUN_0049b080"
00419090,FUN_00419090,311,1,"EnterCriticalSection FUN_004018a0 FUN_004889a0 LeaveCriticalSection `eh_vector_destructor_iterator'"
004191d0,FUN_004191d0,150,0,"FID_conflict:_free FUN_00418c60 FUN_00418e00 FUN_00419090 FUN_0049039f"
00419270,FUN_00419270,23,1,"FID_conflict:_free FUN_00419090"
00419290,FUN_00419290,29,0,"FID_conflict:_free FUN_00419090"
00419390,FUN_00419390,1705,1,"EnterCriticalSection FUN_0040b880 FUN_004124f0 FUN_004126c0 FUN_00419a50 FUN_00419e10 FUN_0041b180 FUN_0041c8a0 FUN_0041c990 FUN_0041cbc0 FUN_0041cdc0 FUN_0041cf50 FUN_0041d5a0 FUN_0041d780 FUN_0041d9a0 FUN_0041dc00 FUN_0041dce0 FUN_0041f010 FUN_0041f5d0 FUN_00477e10 FUN_00487bd0 FUN_00488a20 FUN_00489460 LeaveCriticalSection"
00419a50,FUN_00419a50,945,2,"EnterCriticalSection FUN_00403840 FUN_00408ba0 FUN_00409040 FUN_0040b880 FUN_004124f0 FUN_0041f5d0 FUN_004408d0 FUN_00455be0 FUN_00455d00 FUN_004573a0 FUN_004581d0 FUN_00476400 FUN_00477e10 FUN_00487bd0 FUN_00488510 FUN_00489460 LeaveCriticalSection"
00419e10,FUN_00419e10,487,1,""
0041a000,FUN_0041a000,502,1,"FUN_00419390 FUN_00419a50"
0041a3e0,FUN_0041a3e0,461,2,"FUN_004817d0"
0041a600,FUN_0041a600,2834,5,"FUN_00403800 FUN_00403840 FUN_0040d680 FUN_004124f0 FUN_00419e10 FUN_0041b180 FUN_0041f6c0 FUN_00477510 FUN_00477e10 FUN_004baca0"
0041b180,FUN_0041b180,5004,1,"FUN_00403840 FUN_004038c0 FUN_00403920 FUN_00407400 FUN_00407630 FUN_00408cd0 FUN_00409040 FUN_0040d680 FUN_004124f0 FUN_0041c5c0 FUN_0041e250 FUN_0041f490 FUN_0041f6c0 FUN_00426050 FUN_00441300 FUN_00441b20 FUN_00455b60 FUN_00476360 FUN_00476400 FUN_00477510 FUN_00490390 FUN_0049039f FUN_0049b080"
0041c5c0,FUN_0041c5c0,272,1,"FUN_0041a600 FUN_00476400 FUN_004b9e9a"
0041c6e0,FUN_0041c6e0,417,3,"FUN_0040d680 FUN_00477510"
0041c8a0,FUN_0041c8a0,227,1,"FUN_0041f6c0"
0041c990,FUN_0041c990,555,1,"FUN_004b9e9a __libm_sse2_sqrt_precise"
0041cbc0,FUN_0041cbc0,507,1,"FUN_004b9e9a"
0041cdc0,FUN_0041cdc0,387,1,"FUN_0041f6c0"
0041cf50,FUN_0041cf50,526,1,"FUN_004075d0 FUN_00407630 FUN_0041f6c0 FUN_00455b60 FUN_00476360"
0041d180,FUN_0041d180,309,1,""
0041d2c0,FUN_0041d2c0,306,1,""
0041d400,FUN_0041d400,207,1,""
0041d4d0,FUN_0041d4d0,202,1,""
0041d5a0,FUN_0041d5a0,475,1,"FUN_0041d180 FUN_0041d2c0 FUN_0041d400 FUN_0041d4d0 FUN_0041f6c0 FUN_00476360"
0041d780,FUN_0041d780,527,1,"FUN_00476360"
0041d9a0,FUN_0041d9a0,599,1,"FUN_0040a540 FUN_0041f6c0 FUN_004b9e9a"
0041dc00,FUN_0041dc00,223,1,""
0041dce0,FUN_0041dce0,1382,1,"D3DXVec2Normalize FUN_0041f3c0"
0041e250,FUN_0041e250,606,2,"EnterCriticalSection FUN_0040b880 FUN_0041e4b0 FUN_00476400 FUN_00477e10 FUN_00487bd0 FUN_00489460 LeaveCriticalSection"
0041e4b0,FUN_0041e4b0,368,2,"FUN_00403840 FUN_004408d0"
0041e650,FUN_0041e650,239,2,"FUN_0041e250"
0041e750,FUN_0041e750,245,2,"FUN_0041e250"
0041e850,FUN_0041e850,914,4,"FUN_0041e250 FUN_004baae0 FUN_004baca0"
0041ebf0,FUN_0041ebf0,651,0,"EnterCriticalSection FUN_0040b880 FUN_0041e4b0 FUN_00476400 FUN_00477e10 FUN_00487bd0 FUN_00489460 LeaveCriticalSection"
0041ee80,FUN_0041ee80,321,2,""
0041f010,FUN_0041f010,478,1,"FUN_00404500"
0041f1f0,FUN_0041f1f0,13,2,""
0041f200,FUN_0041f200,14,2,""
0041f210,FUN_0041f210,15,2,""
0041f220,FUN_0041f220,15,2,""
0041f230,FUN_0041f230,15,2,""
0041f240,FUN_0041f240,13,2,""
0041f250,FUN_0041f250,63,1,""
0041f340,FUN_0041f340,50,2,"FUN_00477e10"
0041f3c0,FUN_0041f3c0,32,3,""
0041f3e0,FUN_0041f3e0,123,2,""
0041f460,FUN_0041f460,43,1,"__libm_sse2_sqrt_precise"
0041f490,FUN_0041f490,39,1,""
0041f500,FUN_0041f500,29,0,""
0041f530,FUN_0041f530,32,3,""
0041f550,FUN_0041f550,36,2,""
0041f580,FUN_0041f580,25,2,""
0041f5a0,FUN_0041f5a0,24,2,""
0041f5d0,FUN_0041f5d0,216,5,""
0041f6c0,FUN_0041f6c0,32,3,""
0041f6e0,FUN_0041f6e0,79,1,""
0041f730,FUN_0041f730,67,3,""
0041f790,FUN_0041f790,24,2,""
0041f7d0,FUN_0041f7d0,22,1,""
0041f7f0,FUN_0041f7f0,66,1,""
0041f840,FUN_0041f840,20,0,""
0041f860,FUN_0041f860,20,0,""
0041f880,FUN_0041f880,33,2,""
0041f8b0,FUN_0041f8b0,33,2,""
0041f8e0,FUN_0041f8e0,19,2,""
0041f900,FUN_0041f900,19,2,""
0041f920,FUN_0041f920,118,0,"FUN_00477e10"
0041f9a0,FUN_0041f9a0,118,0,"FUN_00477e10"
0041fa20,FUN_0041fa20,27,1,""
0041fa40,FUN_0041fa40,71,1,"FUN_0049b080"
0041fa90,FUN_0041fa90,131,1,"FUN_00401390 FUN_00401440 FUN_004017e0"
0041fb40,FUN_0041fb40,36,0,""
0041fb70,FUN_0041fb70,396,1,"EnterCriticalSection FUN_004018a0 FUN_00488510 FUN_00488780 LeaveCriticalSection"
0041fd00,FUN_0041fd00,127,0,"FID_conflict:_free FUN_0041fa90 FUN_0041fb70 FUN_0049039f FUN_0049b080"
0041fd80,FUN_0041fd80,23,1,"FID_conflict:_free FUN_0041fb70"
0041fdc0,FUN_0041fdc0,662,1,"FUN_00488510 FUN_00488620"
00420060,FUN_00420060,439,0,"FUN_0041f6e0 FUN_0041f730 FUN_00472c90 FUN_004b9eba FUN_004bb1e0"
00420240,FUN_00420240,394,1,"FUN_0040c570 FUN_00488510"
00420400,FUN_00420400,2328,4,"EnterCriticalSection FUN_0040b880 FUN_0041f920 FUN_00476360 FUN_00477e10 FUN_00486c00 FUN_00487bd0 FUN_00488510 FUN_00489250 FUN_00489460 LeaveCriticalSection"
00420d20,FUN_00420d20,360,0,"FUN_0041f9a0 FUN_00439d60 FUN_00476360 FUN_00488620 FUN_00488d30"
00420e90,FUN_00420e90,114,1,"FUN_0041f9a0 FUN_00488d30"
00420f10,FUN_00420f10,53,1,""
00420f50,FUN_00420f50,53,1,""
00420ff0,FUN_00420ff0,21,1,""
00421010,FUN_00421010,21,1,""
00421030,FUN_00421030,21,1,""
00421050,FUN_00421050,20,2,""
00421070,FUN_00421070,19,1,""
004210c0,FUN_004210c0,23,1,""
004210f0,FUN_004210f0,45,1,"FUN_00477e10"
00421120,FUN_00421120,45,1,"FUN_00477e10"
00421170,FUN_00421170,85,1,"FID_conflict:_free"
004211d0,FUN_004211d0,36,0,""
00421200,FUN_00421200,36,0,""
00421230,FUN_00421230,255,1,"FUN_0049b080"
00421340,FUN_00421340,19,2,""
00421360,FUN_00421360,12,2,""
00421390,FUN_00421390,243,1,""
00421490,FUN_00421490,33,0,"FUN_004567b0"
004214c0,FUN_004214c0,232,1,"FUN_0040db10 FUN_0049b080"
00421620,FUN_00421620,511,1,"EnterCriticalSection FID_conflict:_free FID_conflict:_free FUN_004018a0 FUN_00403f30 FUN_004143b0 FUN_00419090 FUN_00421170 FUN_00426820 FUN_00434f90 FUN_0043f610 FUN_00453e30 FUN_0045e830 LeaveCriticalSection"
00421830,FUN_00421830,170,0,"FID_conflict:_free FUN_00403ba0 FUN_00414660 FUN_004191d0 FUN_00426a00 FUN_00435290 FUN_0043f740 FUN_00453fd0 FUN_0045e730 FUN_0045e7a0 FUN_0045e830 FUN_0049039f"
00421960,FUN_00421960,23,1,"FID_conflict:_free FUN_00421620"
00421980,FUN_00421980,23,1,"FID_conflict:_free FUN_00421620"
004219a0,FUN_004219a0,1194,1,"FUN_00403ba0 FUN_00403fb0 FUN_00414800 FUN_00418f40 FUN_00419290 FUN_004210c0 FUN_00421170 FUN_004211d0 FUN_00421230 FUN_00421390 FUN_00421490 FUN_00422160 FUN_00422240 FUN_00422280 FUN_00426050 FUN_004267f0 FUN_00426ab0 FUN_004340d0 FUN_00435350 FUN_0043f810 FUN_00453a20 FUN_004540c0 FUN_0045e990 FUN_00490390 FUN_0049b080 FindClose FindFirstFileA FindNextFileA _malloc"
00421e50,FUN_00421e50,683,1,"FUN_0040c800 FUN_0047dba0 FUN_0047e610"
00422140,FUN_00422140,21,1,""
00422160,FUN_00422160,160,0,""
00422200,FUN_00422200,32,2,""
00422230,FUN_00422230,15,1,""
00422240,FUN_00422240,37,1,""
00422280,FUN_00422280,105,2,""
004222f0,FUN_004222f0,16,2,""
00422320,FUN_00422320,13,2,""
00422340,FUN_00422340,31,2,""
00422360,FUN_00422360,31,2,""
004223e0,FUN_004223e0,31,1,"FUN_004889a0"
00422440,FUN_00422440,82,3,""
004224a0,FUN_004224a0,57,0,"FUN_00403490 FUN_00485f70"
00422540,FUN_00422540,58,1,"FUN_0049b080"
00422590,FUN_00422590,236,1,"FUN_00401390 FUN_00401440 FUN_004017e0 FUN_00403490 FUN_00485f70 FUN_0049039f"
00422680,FUN_00422680,293,1,"EnterCriticalSection FID_conflict:_free FUN_004018a0 FUN_00486700 FUN_004889a0 LeaveCriticalSection"
004227b0,FUN_004227b0,114,0,"FID_conflict:_free FUN_00422590 FUN_00422680 FUN_0049039f FUN_0049b080"
00422830,FUN_00422830,23,1,"FID_conflict:_free FUN_00422680"
00422900,FUN_00422900,190,5,"FUN_00488160 FUN_00488510"
004229c0,FUN_004229c0,181,1,"FUN_0040aec0 FUN_00423020 FUN_00488510"
00422b20,FUN_00422b20,106,2,""
00422b90,FUN_00422b90,50,1,"FUN_00404050 FUN_00404170"
00422bf0,FUN_00422bf0,317,3,"FUN_0044f040 FUN_00488510 _malloc"
00422d30,FUN_00422d30,327,2,"FUN_00422f20"
00422f20,FUN_00422f20,153,1,""
00422fc0,FUN_00422fc0,65,2,""
00423010,FUN_00423010,16,2,""
00423020,FUN_00423020,187,3,"EnterCriticalSection FUN_0040b880 FUN_00477e10 FUN_00487d40 FUN_00489460 LeaveCriticalSection"
00423100,FUN_00423100,188,1,"FUN_00403f30 FUN_00488510 FUN_00488780"
004231f0,FUN_004231f0,115,1,"FID_conflict:_free FUN_00402db0"
00423310,FUN_00423310,562,1,"FUN_00401390 FUN_00401440 FUN_004017e0 FUN_00402db0 FUN_00403490 FUN_004238d0 FUN_00424670 FUN_0049039f"
00423550,FUN_00423550,429,1,"EnterCriticalSection FID_conflict:_free FID_conflict:_free FUN_004018a0 FUN_00423100 FUN_00486700 LeaveCriticalSection"
00423700,FUN_00423700,23,1,"FID_conflict:_free FUN_00423100"
00423720,FUN_00423720,88,0,"FID_conflict:_free FUN_00423310 FUN_00423550 FUN_0049039f"
00423780,FUN_00423780,23,1,"FID_conflict:_free FUN_00423550"
004237a0,FUN_004237a0,29,0,"FID_conflict:_free FUN_00423550"
004237c0,FUN_004237c0,219,1,"FUN_00423b80"
004238d0,FUN_004238d0,545,2,"FUN_00408f00 FUN_00488510 FUN_0049b080"
00423b00,FUN_00423b00,125,1,"FUN_00423b80"
00423b80,FUN_00423b80,2402,1,"EnterCriticalSection FUN_00403fb0 FUN_00409040 FUN_0040b880 FUN_004126c0 FUN_004231f0 FUN_00424670 FUN_00439c60 FUN_0044d360 FUN_0044d3e0 FUN_004751f0 FUN_00476360 FUN_00476f10 FUN_00477e10 FUN_004866c0 FUN_004869c0 FUN_00487bd0 FUN_00488510 FUN_00488620 FUN_00488d30 FUN_00489460 FUN_0049b080 LeaveCriticalSection"
00424590,FUN_00424590,71,1,"FUN_00485f70 FUN_00488620"
004245e0,FUN_004245e0,39,0,"FUN_00488620"
00424650,FUN_00424650,15,1,""
00424670,FUN_00424670,220,0,"EnterCriticalSection FUN_0040b880 FUN_00477e10 FUN_00487bd0 FUN_00489460 LeaveCriticalSection"
00424770,FUN_00424770,16,2,""
00424790,FUN_00424790,63,1,""
004247d0,FUN_004247d0,26,2,""
00424840,FUN_00424840,5,0,""
00424850,FUN_00424850,14,2,""
00424860,FUN_00424860,49,1,"FUN_0049b080"
004248a0,FUN_004248a0,40,1,"FID_conflict:_free"
00424930,FUN_00424930,159,1,""
004249d0,FUN_004249d0,3,0,""
004249e0,FUN_004249e0,16,2,""
00424a30,FUN_00424a30,12,2,"FUN_0048e750"
00424a40,FUN_00424a40,12,2,"FUN_0048e810"
00424a50,FUN_00424a50,12,3,"FUN_0048e910"
00424a60,FUN_00424a60,12,2,"FUN_0048e9c0"
00424a80,FUN_00424a80,12,2,"FUN_0048ee70"
00424a90,FUN_00424a90,5,0,""
00424aa0,FUN_00424aa0,5,0,""
00424ab0,FUN_00424ab0,5,0,""
00424ac0,FUN_00424ac0,5,0,""
00424ae0,FUN_00424ae0,44,1,"FID_conflict:_free"
00424b10,FUN_00424b10,101,1,"FUN_00424930"
00424b80,FUN_00424b80,196,1,""
00424c50,FUN_00424c50,46,1,"FID_conflict:_free"
00424c80,FUN_00424c80,75,2,"FID_conflict:_free"
00424ce0,FUN_00424ce0,12,2,""
00424d00,FUN_00424d00,12,2,""
00424d20,FUN_00424d20,22,2,""
00424d40,FUN_00424d40,19,2,""
00424d70,FUN_00424d70,13,2,""
00424d90,FUN_00424d90,13,2,""
00424da0,FUN_00424da0,13,2,""
00424db0,FUN_00424db0,12,2,""
00424dc0,FUN_00424dc0,79,2,""
00424e20,FUN_00424e20,13,2,""
00424e50,FUN_00424e50,16,3,""
00424e70,FUN_00424e70,12,2,""
00424ea0,FUN_00424ea0,61,2,"FUN_00424ee0 FUN_004408d0"
00424ee0,FUN_00424ee0,433,1,"FUN_00403800 FUN_00403840 FUN_00433410 FUN_004408d0 FUN_0049b080"
00425110,FUN_00425110,65,1,"FUN_00424b10 FUN_00425360"
00425170,FUN_00425170,18,2,""
004251d0,FUN_004251d0,169,3,"FUN_00430e50 FUN_0048f820"
00425280,FUN_00425280,169,3,"FUN_00430f60 FUN_0048f980"
00425330,FUN_00425330,33,2,"FID_conflict:_free FUN_00427120"
00425360,FUN_00425360,214,1,"FUN_0049b080"
00425470,FUN_00425470,96,2,"FUN_00402db0 FUN_0048f130"
004254d0,FUN_004254d0,50,0,""
00425510,FUN_00425510,26,2,""
00425530,FUN_00425530,50,2,""
00425570,FUN_00425570,34,1,""
004255a0,FUN_004255a0,64,1,""
004255e0,FUN_004255e0,56,1,""
00425640,FUN_00425640,47,0,""
00425670,FUN_00425670,21,1,""
004256e0,FUN_004256e0,16,2,""
004256f0,FUN_004256f0,50,3,""
00425730,FUN_00425730,18,0,""
00425750,FUN_00425750,51,2,""
00425790,FUN_00425790,56,1,"FUN_00417f70"
00425810,FUN_00425810,587,3,"EnterCriticalSection FUN_00488510 FUN_004885b0 FUN_00489740 FUN_00489820 FUN_004898a0 FUN_00492870 LeaveCriticalSection _malloc"
00425a60,FUN_00425a60,379,3,"FUN_004885b0 FUN_004899f0 FUN_00492870"
00425be0,FUN_00425be0,375,3,"FUN_00489bd0 FUN_00492870 _malloc"
00425d60,FUN_00425d60,82,3,""
00425dc0,FUN_00425dc0,33,1,""
00425df0,FUN_00425df0,35,0,""
00425e20,FUN_00425e20,17,0,""
00425e40,FUN_00425e40,95,0,"FUN_00488510 FUN_00488780"
00425eb0,FUN_00425eb0,20,0,""
00425ee0,FUN_00425ee0,25,2,""
00425f60,FUN_00425f60,31,2,""
00425fb0,FUN_00425fb0,23,0,""
00425fd0,FUN_00425fd0,39,0,""
00426000,FUN_00426000,43,1,""
00426030,FUN_00426030,18,3,"FUN_0040dbe0"
00426050,FUN_00426050,738,3,"FUN_00426c60 FUN_00428830 FUN_0049039f"
004263b0,FUN_004263b0,144,1,""
00426440,FUN_00426440,74,1,"FUN_0049b080"
004264a0,FUN_004264a0,378,2,"FUN_00401390 FUN_00401440 FUN_004017e0 FUN_00425470 FUN_0049039f FUN_0049b080"
00426620,FUN_00426620,49,1,"FUN_0049b080"
00426660,FUN_00426660,354,2,"FUN_00403490 FUN_00485ed0 FUN_0048a6d0 Sleep"
004267f0,FUN_004267f0,36,0,""
00426820,FUN_00426820,361,1,"EnterCriticalSection FID_conflict:_free FID_conflict:_free FUN_004018a0 FUN_00421390 FUN_00486700 LeaveCriticalSection"
00426990,FUN_00426990,53,1,"FID_conflict:_free FID_conflict:_free"
004269d0,FUN_004269d0,40,1,"FID_conflict:_free"
00426a00,FUN_00426a00,136,1,"FID_conflict:_free FUN_004264a0 FUN_00426820 FUN_0049039f FUN_0049b080"
00426a90,FUN_00426a90,23,1,"FID_conflict:_free FUN_00426820"
00426ab0,FUN_00426ab0,29,0,"FID_conflict:_free FUN_00426820"
00426ad0,FUN_00426ad0,228,1,"FUN_00428830"
00426c20,FUN_00426c20,52,1,""
00426c60,FUN_00426c60,1203,2,"FUN_00424b10 FUN_00424b80 FUN_00425360 FUN_0048f340 FUN_0049b080"
00427120,FUN_00427120,288,1,"FID_conflict:_free FUN_0040dd40 FUN_004263b0 FUN_00488510 FUN_00488780"
00427240,FUN_00427240,1677,1,"EnterCriticalSection FUN_00404050 FUN_00404170 FUN_0040b880 FUN_0041f010 FUN_004278d0 FUN_00431dd0 FUN_004323d0 FUN_00477e10 FUN_00487bd0 FUN_00488510 FUN_00488d30 FUN_00489460 LeaveCriticalSection"
004278d0,FUN_004278d0,313,1,"FUN_00404170"
00427a10,FUN_00427a10,2057,1,"FUN_00403920 FUN_00409040 FUN_004126c0 FUN_00424ae0 FUN_00424b80 FUN_00424dc0 FUN_00428b70 FUN_00430050 FUN_00455d00 FUN_00455e10 FUN_004573a0 FUN_004594e0 FUN_00476400 FUN_00488510 FUN_00488a20 FUN_00488fb0 FUN_0048e690 FUN_0048f340 FUN_004baae0 FUN_004baca0"
00428220,FUN_00428220,1537,1,"D3DXVec3Normalize FUN_00422d30 FUN_00490390 FUN_004baca0"
00428830,FUN_00428830,255,1,"FUN_00428930 FUN_00488510"
00428930,FUN_00428930,570,1,"FUN_00408ba0 FUN_004126c0 FUN_00427240 FUN_00427a10 FUN_00428220 FUN_00488510 FUN_00488a20 FUN_0048e690 FUN_004b9e9a"
00428b70,FUN_00428b70,686,1,"EnterCriticalSection FID_conflict:_free FUN_0040b880 FUN_00417f70 FUN_00424b80 FUN_00424ee0 FUN_004408d0 FUN_00476400 FUN_00477e10 FUN_00487bd0 FUN_00489460 FUN_0048e690 FUN_0048f340 FUN_004b9e9a LeaveCriticalSection"
00428e30,FUN_00428e30,286,0,"FUN_00428b70 FUN_0049b080"
00428f50,FUN_00428f50,309,1,"FUN_00428b70 FUN_0049b080"
00429090,FUN_00429090,308,0,"FUN_00428b70 FUN_0049b080"
004291d0,FUN_004291d0,11,1,"FUN_004291e0"
004291e0,FUN_004291e0,18921,1,"EnterCriticalSection FUN_00403630 FUN_00403840 FUN_00403920 FUN_004044e0 FUN_00407630 FUN_00409040 FUN_0040b880 FUN_0040dbe0 FUN_0040e5b0 FUN_00410930 FUN_00412490 FUN_00417590 FUN_00417fe0 FUN_00418c20 FUN_0041c5c0 FUN_0041e650 FUN_0041e750 FUN_0041e850 FUN_0041ebf0 FUN_0041f250 FUN_0041f7f0 FUN_00420400 FUN_00420d20 FUN_00420f50 FUN_00422bf0 FUN_00424ae0 FUN_00424b80 FUN_00424ea0 FUN_00425530 FUN_00425570 FUN_004255a0 FUN_004255e0 FUN_004256f0 FUN_00425730 FUN_00425790 FUN_00425dc0 FUN_00425e40 FUN_00425f60 FUN_00426000 FUN_004278d0 FUN_00428b70 FUN_00428e30 FUN_00428f50 FUN_00429090 FUN_0042e160 FUN_0042e360 FUN_0042e4e0 FUN_0042ff10 FUN_00430000 FUN_00430320 FUN_00430340 FUN_00430350 FUN_00430370 FUN_00432370 FUN_00432780 FUN_00432ec0 FUN_00432f50 FUN_00433020 FUN_00433430 FUN_00437be0 FUN_0043a780 FUN_004419d0 FUN_00441d20 FUN_00441db0 FUN_00441e30 FUN_0045ef60 FUN_004751f0 FUN_00476400 FUN_00477e10 FUN_00487bd0 FUN_00487c90 FUN_00488620 FUN_00488a20 FUN_00488bb0 FUN_00488be0 FUN_00488d30 FUN_00489460 FUN_0048e750 FUN_0048e810 FUN_0048f6c0 FUN_00490390 FUN_0049039f FUN_0049b080 FUN_004b9e9a LeaveCriticalSection"
0042e160,FUN_0042e160,507,1,"FUN_00426050 FUN_0048e910 FUN_0048e9c0 FUN_0049b080"
0042e360,FUN_0042e360,378,1,"FUN_00433020 FUN_00488510 FUN_00488780 FUN_00488c30 FUN_0048e750"
0042e4e0,FUN_0042e4e0,992,1,"FUN_00409a30 FUN_0041f5d0 FUN_004329a0 FUN_00432a50 FUN_00432c10 FUN_00432e10 FUN_00488510 FUN_00488a20 FUN_0048e750 FUN_0048e810"
0042e910,FUN_0042e910,1560,2,"FUN_004036a0 FUN_00403800 FUN_00403840 FUN_0041f7f0 FUN_004254d0 FUN_00488a20 FUN_004b9e9a __libm_sse2_sqrt_precise"
0042f0b0,FUN_0042f0b0,263,2,"FUN_0041f7f0"
0042f240,FUN_0042f240,2324,2,"FUN_004036a0 FUN_00403800 FUN_00403840 FUN_0041f7f0 FUN_004254d0 FUN_00455b60 FUN_004b9e9a __libm_sse2_sqrt_precise"
0042fce0,FUN_0042fce0,368,2,"FUN_0041f7f0"
0042ff10,FUN_0042ff10,101,4,""
0042ff80,FUN_0042ff80,118,6,""
00430000,FUN_00430000,65,3,""
00430050,FUN_00430050,715,1,""
00430320,FUN_00430320,18,2,"FUN_0048e750"
00430340,FUN_00430340,14,1,"FUN_0048ee00"
00430350,FUN_00430350,18,2,"FUN_0048e810"
00430370,FUN_00430370,18,2,"FUN_0048ee70"
00430390,FUN_00430390,18,3,"FUN_0048e910"
004303b0,FUN_004303b0,18,2,"FUN_0048e9c0"
004303d0,FUN_004303d0,144,2,""
00430490,FUN_00430490,371,0,"FUN_00424930 FUN_00425360 FUN_00430880 FUN_0049039f"
00430610,FUN_00430610,619,0,"FUN_00424930 FUN_00425360 FUN_00430cd0 FUN_0048f700 FUN_0049039f"
00430880,FUN_00430880,144,2,"FUN_00430be0 FUN_0048f700"
00430910,FUN_00430910,144,2,"FUN_00430cd0 FUN_0048f700"
004309a0,FUN_004309a0,170,2,"FUN_004251d0"
00430a50,FUN_00430a50,388,1,"FUN_00424930 FUN_00425280 FUN_00425360 FUN_0049039f"
00430be0,FUN_00430be0,235,2,"FUN_00425810 FUN_00488510 FUN_00489740 FUN_0049039f FUN_00492870"
00430cd0,FUN_00430cd0,373,2,"EnterCriticalSection FUN_00425810 FUN_004898a0 FUN_0049039f FUN_00492870 LeaveCriticalSection"
00430e50,FUN_00430e50,264,3,"FUN_00425a60 FUN_004899f0 FUN_00492870"
00430f60,FUN_00430f60,210,3,"FUN_00425be0 FUN_00489bd0 FUN_0049039f FUN_00492870"
00431040,FUN_00431040,409,2,"FUN_004baae0 FUN_004baca0 __libm_sse2_sqrt_precise"
004311f0,FUN_004311f0,284,1,"FID_conflict:_free FUN_00424b80 FUN_0048f340"
00431320,FUN_00431320,284,1,"FID_conflict:_free FUN_00424b80 FUN_0048f340"
00431450,FUN_00431450,269,3,""
004318a0,FUN_004318a0,399,1,""
00431a50,FUN_00431a50,285,2,"FUN_004594e0 FUN_00488510 FUN_00490390"
00431d00,FUN_00431d00,194,0,"FUN_00403840"
00431dd0,FUN_00431dd0,1225,2,"FUN_00404500"
004322a0,FUN_004322a0,17,2,""
004322c0,FUN_004322c0,21,3,""
004322e0,FUN_004322e0,25,2,""
00432300,FUN_00432300,25,2,""
00432320,FUN_00432320,25,2,""
00432340,FUN_00432340,25,2,""
00432360,FUN_00432360,13,2,""
00432370,FUN_00432370,63,1,""
004323d0,FUN_004323d0,774,2,"FUN_00404500"
004326e0,FUN_004326e0,13,2,""
004326f0,FUN_004326f0,20,2,""
00432710,FUN_00432710,21,2,""
00432770,FUN_00432770,13,2,""
00432780,FUN_00432780,63,1,""
004327e0,FUN_004327e0,34,2,"FUN_00404500"
00432850,FUN_00432850,40,3,""
00432880,FUN_00432880,40,3,""
004328c0,FUN_004328c0,65,2,""
00432950,FUN_00432950,52,1,"__libm_sse2_sqrt_precise"
004329a0,FUN_004329a0,155,4,""
00432a40,FUN_00432a40,16,2,""
00432a50,FUN_00432a50,159,4,""
00432af0,FUN_00432af0,13,2,""
00432b00,FUN_00432b00,25,2,""
00432b20,FUN_00432b20,25,2,""
00432b40,FUN_00432b40,13,2,""
00432b50,FUN_00432b50,26,4,""
00432b70,FUN_00432b70,31,2,""
00432b90,FUN_00432b90,24,2,""
00432bb0,FUN_00432bb0,25,2,""
00432c10,FUN_00432c10,259,4,""
00432d30,FUN_00432d30,34,4,""
00432d60,FUN_00432d60,13,2,""
00432d70,FUN_00432d70,13,2,""
00432d80,FUN_00432d80,20,2,""
00432db0,FUN_00432db0,21,2,""
00432e10,FUN_00432e10,170,4,""
00432ec0,FUN_00432ec0,35,1,""
00432f00,FUN_00432f00,16,1,""
00432f50,FUN_00432f50,136,1,""
00433020,FUN_00433020,215,4,"EnterCriticalSection FUN_0040b880 FUN_00477e10 FUN_00487c90 FUN_00489460 LeaveCriticalSection"
00433100,FUN_00433100,41,5,"FUN_00488160"
00433130,FUN_00433130,16,1,""
00433140,FUN_00433140,70,1,"FUN_004b9e9a"
004331c0,FUN_004331c0,70,2,"D3DXVec3Normalize"
00433230,FUN_00433230,16,2,""
004332a0,FUN_004332a0,42,6,"FUN_00488160"
00433340,FUN_00433340,24,2,""
00433370,FUN_00433370,18,2,""
00433390,FUN_00433390,61,1,"FUN_004b9e9a"
004333d0,FUN_004333d0,62,1,"FUN_004b9e9a"
00433410,FUN_00433410,32,4,""
00433430,FUN_00433430,32,3,""
00433560,FUN_00433560,105,1,"EnterCriticalSection FID_conflict:_free FUN_004018a0 LeaveCriticalSection"
004335f0,FUN_004335f0,236,0,"FUN_00472c90"
004336e0,FUN_004336e0,174,1,"FUN_0040c800"
004337c0,FUN_004337c0,80,1,"FUN_00488510 FUN_00488780"
00433810,FUN_00433810,664,1,"FUN_00488510 FUN_00488780"
00433b20,FUN_00433b20,127,2,""
00433ba0,FUN_00433ba0,552,1,"FUN_004078a0 FUN_0049b080"
00433e10,FUN_00433e10,250,1,"FUN_00401390 FUN_00401440 FUN_004017e0 FUN_00403490 FUN_00433f10 FUN_00485f70 FUN_0049039f"
00433f10,FUN_00433f10,336,1,"FUN_00402db0 FUN_00403490 FUN_0043b660 FUN_00485f70"
004340d0,FUN_004340d0,2070,0,"EnterCriticalSection FUN_0040b880 FUN_00423020 FUN_0043a850 FUN_0043a960 FUN_0043b590 FUN_00477e10 FUN_00487bd0 FUN_00488510 FUN_00488620 FUN_00488c30 FUN_00489460 LeaveCriticalSection"
004348f0,FUN_004348f0,693,1,"FID_conflict:_free FID_conflict:_free FUN_00433810 FUN_00486700 FUN_00488510 FUN_00488780 FUN_004889a0"
00434bb0,FUN_00434bb0,23,1,"FID_conflict:_free FUN_00433810"
00434bd0,FUN_00434bd0,772,0,"FID_conflict:_free FUN_00433810 FUN_00488510 FUN_00488780 FUN_004889a0 FUN_00488c30"
00434ef0,FUN_00434ef0,157,0,"FID_conflict:_free FID_conflict:_free FUN_00433810 FUN_00486700"
00434f90,FUN_00434f90,756,1,"EnterCriticalSection FUN_004018a0 FUN_004348f0 FUN_00488510 FUN_00488780 LeaveCriticalSection"
00435290,FUN_00435290,150,0,"FID_conflict:_free FUN_00433ba0 FUN_00433e10 FUN_00434f90 FUN_0049039f"
00435330,FUN_00435330,23,1,"FID_conflict:_free FUN_00434f90"
00435350,FUN_00435350,29,0,"FID_conflict:_free FUN_00434f90"
00435370,FUN_00435370,5613,1,"EnterCriticalSection FID_conflict:_free FUN_00403920 FUN_0040b880 FUN_004124f0 FUN_0041f7f0 FUN_004210f0 FUN_00421120 FUN_00433810 FUN_00437ef0 FUN_0043aa60 FUN_0043b0f0 FUN_0043b490 FUN_0043b4c0 FUN_0043b4f0 FUN_00476360 FUN_00477e10 FUN_00487bd0 FUN_00488510 FUN_00488620 FUN_00488780 FUN_00488c10 FUN_00488c30 FUN_00488ee0 FUN_00489460 FUN_004baae0 FUN_004baca0 LeaveCriticalSection"
00436990,FUN_00436990,2899,1,"FUN_0040c570 FUN_0040c5c0 FUN_0040c6c0 FUN_0041f7f0 FUN_00433b20 FUN_00488510 FUN_00488d30"
00437520,FUN_00437520,1723,2,"EnterCriticalSection FUN_0040b880 FUN_0041ebf0 FUN_00428e30 FUN_00441e30 FUN_00477e10 FUN_00487bd0 FUN_00488510 FUN_00488620 FUN_00489460 FUN_0049b080 LeaveCriticalSection"
00437be0,FUN_00437be0,649,2,"EnterCriticalSection FID_conflict:_free FUN_0040b880 FUN_00433810 FUN_00437520 FUN_0043d890 FUN_00451100 FUN_00476f10 FUN_00477e10 FUN_00487bd0 FUN_00489460 FUN_00490390 FUN_0049039f LeaveCriticalSection"
00437e70,FUN_00437e70,125,1,"FUN_00437ef0"
00437ef0,FUN_00437ef0,5435,1,"EnterCriticalSection FUN_00409040 FUN_00409630 FUN_0040b880 FUN_004126c0 FUN_004337c0 FUN_00439a40 FUN_00439bb0 FUN_00439c60 FUN_0043aa60 FUN_0043b340 FUN_0043d890 FUN_0044d3e0 FUN_0044d530 FUN_00476360 FUN_00477e10 FUN_004869c0 FUN_00487bd0 FUN_00488510 FUN_00488620 FUN_004886a0 FUN_00488a20 FUN_00488de0 FUN_00489250 FUN_00489460 FUN_004910a9 FUN_004910e0 LeaveCriticalSection"
004394b0,FUN_004394b0,356,2,"FUN_00409630 FUN_00488510 FUN_00489250"
00439640,FUN_00439640,498,1,"FUN_00488510 FUN_00488c30"
00439840,FUN_00439840,498,1,"FUN_00488510 FUN_00488c10"
00439a40,FUN_00439a40,368,2,"EnterCriticalSection FUN_0040b880 FUN_004337c0 FUN_00477e10 FUN_00487bd0 FUN_00488510 FUN_00489250 FUN_00489460 LeaveCriticalSection"
00439bb0,FUN_00439bb0,171,2,"FUN_00488510 FUN_00489250"
00439c60,FUN_00439c60,44,1,""
00439c90,FUN_00439c90,194,0,"FUN_00439d60"
00439d60,FUN_00439d60,28,2,""
0043a590,FUN_0043a590,352,0,"EnterCriticalSection FUN_0040b880 FUN_00477e10 FUN_00487bd0 FUN_00489460 LeaveCriticalSection"
0043a6f0,FUN_0043a6f0,141,0,"FUN_00488620"
0043a780,FUN_0043a780,203,0,"EnterCriticalSection FUN_0040b880 FUN_00477e10 FUN_00487bd0 FUN_00489460 LeaveCriticalSection"
0043a850,FUN_0043a850,261,3,""
0043a960,FUN_0043a960,245,3,""
0043aa60,FUN_0043aa60,267,1,"EnterCriticalSection FUN_0040b880 FUN_00477e10 FUN_00487bd0 FUN_00488510 FUN_00489460 LeaveCriticalSection"
0043ab70,FUN_0043ab70,1392,1,"EnterCriticalSection FUN_0040b880 FUN_0044fa60 FUN_0044fbc0 FUN_00477e10 FUN_00487bd0 FUN_00488510 FUN_00488d30 FUN_00489250 FUN_00489460 LeaveCriticalSection"
0043b0f0,FUN_0043b0f0,129,1,"FUN_00488620"
0043b1c0,FUN_0043b1c0,55,0,"FUN_00488510 FUN_00488c10"
0043b200,FUN_0043b200,40,0,""
0043b250,FUN_0043b250,39,1,""
0043b280,FUN_0043b280,46,2,""
0043b2d0,FUN_0043b2d0,16,2,""
0043b2e0,FUN_0043b2e0,23,2,"FUN_004886a0"
0043b330,FUN_0043b330,15,1,""
0043b340,FUN_0043b340,38,1,""
0043b370,FUN_0043b370,15,1,""
0043b450,FUN_0043b450,29,0,""
0043b490,FUN_0043b490,45,1,"FUN_00477e10"
0043b4c0,FUN_0043b4c0,39,1,""
0043b4f0,FUN_0043b4f0,39,1,""
0043b590,FUN_0043b590,196,5,"EnterCriticalSection FUN_0040b880 FUN_00477e10 FUN_00487d40 FUN_00489460 LeaveCriticalSection"
0043b660,FUN_0043b660,1,0,""
0043b6a0,FUN_0043b6a0,16,2,""
0043b700,FUN_0043b700,20,0,""
0043b740,FUN_0043b740,45,0,""
0043b770,FUN_0043b770,93,0,"FUN_00488510 FUN_00488780"
0043b7d0,FUN_0043b7d0,139,0,"FUN_00488510 FUN_00489740 FUN_00492870"
0043b860,FUN_0043b860,515,0,"EnterCriticalSection FUN_004889a0 FUN_004898a0 FUN_00492870 LeaveCriticalSection"
0043ba70,FUN_0043ba70,38,0,"FUN_00492870"
0043baa0,FUN_0043baa0,260,0,"FUN_00492870"
0043bbb0,FUN_0043bbb0,30,2,"FUN_00426050"
0043bbd0,FUN_0043bbd0,127,0,""
0043bc50,FUN_0043bc50,63,1,"FUN_00488620"
0043bca0,FUN_0043bca0,100,1,"FUN_00488510 FUN_00489740"
0043bd40,FUN_0043bd40,246,0,"EnterCriticalSection FUN_00487eb0 FUN_00488510 FUN_004885b0 FUN_00488820 FUN_004898a0 LeaveCriticalSection"
0043be80,FUN_0043be80,29,2,""
0043bec0,FUN_0043bec0,86,1,"FID_conflict:_free"
0043bf40,FUN_0043bf40,28,0,""
0043bf60,FUN_0043bf60,43,0,""
0043bf90,FUN_0043bf90,43,0,""
0043bfc0,FUN_0043bfc0,45,1,"FUN_0043e820 FUN_0049b080"
0043bff0,FUN_0043bff0,1693,0,"FUN_00401390 FUN_00401440 FUN_004017e0 FUN_00409040 FUN_0040e5d0 FUN_00413450 FUN_00414660 FUN_004191d0 FUN_0041f490 FUN_0041fd00 FUN_004210c0 FUN_00426a00 FUN_00433f10 FUN_00435290 FUN_0043a960 FUN_0043bbd0 FUN_0043e6d0 FUN_0043f740 FUN_00441730 FUN_0044d360 FUN_0044d500 FUN_0044db40 FUN_0044de70 FUN_00450200 FUN_00453fd0 FUN_004567b0 FUN_0045be60 FUN_0045d080 FUN_0045e920 FUN_00472c90 FUN_00477e10 Sleep"
0043c6a0,FUN_0043c6a0,1237,1,"EnterCriticalSection FID_conflict:_free FID_conflict:_free FUN_004018a0 FUN_00403f30 FUN_0040e1c0 FUN_004143b0 FUN_00419090 FUN_0041fb70 FUN_00421230 FUN_00421390 FUN_00424670 FUN_00426820 FUN_00434ef0 FUN_00434f90 FUN_0043e440 FUN_0043f610 FUN_00441670 FUN_00450120 FUN_00453e30 FUN_0045bb60 FUN_0045df50 FUN_0045e830 FUN_00476f10 FUN_004889a0 LeaveCriticalSection"
0043cb80,FUN_0043cb80,121,1,"FUN_0043e820 FUN_0044d7f0 FUN_0049039f FUN_0049b080"
0043cc00,FUN_0043cc00,39,0,"FID_conflict:_free FUN_0043c6a0"
0043cc50,FUN_0043cc50,1279,1,"FID_conflict:_free FUN_00401390 FUN_00401440 FUN_004017e0 FUN_00408ba0 FUN_0040e1c0 FUN_00413890 FUN_00423020 FUN_00439c90 FUN_0043ab70 FUN_0043d3a0 FUN_0043d630 FUN_0043dd30 FUN_0044d3e0 FUN_0044d500 FUN_00450fa0 FUN_004751f0 FUN_00476570 FUN_00477e10 FUN_00488620 FUN_00488d30 FUN_0048c630 FUN_0049039f FUN_00490cf2 FUN_0049b080"
0043d2c0,FUN_0043d2c0,185,0,"FUN_00472c90 FUN_004ba0ce"
0043d3a0,FUN_0043d3a0,648,1,"FUN_00403f30 FUN_0040f640 FUN_004109c0 FUN_00410b10 FUN_00418f40 FUN_00421230 FUN_00421390 FUN_00426050 FUN_004340d0 FUN_0043a6f0 FUN_0043bec0 FUN_0043dee0 FUN_0044d3e0 FUN_00453a20 FUN_004567b0 FUN_0045cf20 FUN_00488620 FUN_0049b080"
0043d630,FUN_0043d630,607,1,"FUN_00418f40 FUN_00421230 FUN_00421390 FUN_00426050 FUN_004340d0 FUN_0043bec0 FUN_00453a20 FUN_004567b0 FUN_0045cf20 FUN_00476f10 FUN_00488620 FUN_0049b080"
0043d890,FUN_0043d890,1162,0,"FUN_0043a590 FUN_0043bc50 FUN_0043d2c0 FUN_00450fa0 FUN_004512a0 FUN_00490cf2 FUN_00490f2b FUN_0049120b FUN_00491256"
0043dd30,FUN_0043dd30,417,2,"FUN_00403f30 FUN_00411580 FUN_00430490 FUN_0043b7d0 FUN_0043bca0 FUN_004575f0 FUN_00489590 FUN_004908d9 FUN_00490cf2 FUN_00492870"
0043dee0,FUN_0043dee0,616,1,"FUN_00403f30 FUN_00411630 FUN_00420e90 FUN_004229c0 FUN_00423020 FUN_00430610 FUN_00434bd0 FUN_0043a850 FUN_0043a960 FUN_0043b770 FUN_0043b860 FUN_0043baa0 FUN_0043bd40 FUN_0043bec0 FUN_0043e440 FUN_00457780 FUN_00488620 FUN_004889a0 FUN_004908d9 FUN_00490cf2"
0043e150,FUN_0043e150,37,1,"FUN_00490cf2"
0043e180,FUN_0043e180,120,2,"FUN_00402f70 FUN_00413670 FUN_00490cf2 FUN_00490f2b"
0043e200,FUN_0043e200,38,2,""
0043e230,FUN_0043e230,29,2,""
0043e2a0,FUN_0043e2a0,13,2,""
0043e320,FUN_0043e320,16,2,""
0043e350,FUN_0043e350,53,0,""
0043e3d0,FUN_0043e3d0,30,2,""
0043e400,FUN_0043e400,52,1,""
0043e440,FUN_0043e440,76,1,""
0043e4a0,FUN_0043e4a0,39,0,""
0043e540,FUN_0043e540,28,2,""
0043e560,FUN_0043e560,27,2,""
0043e580,FUN_0043e580,25,2,""
0043e5a0,FUN_0043e5a0,31,2,""
0043e5f0,FUN_0043e5f0,13,2,""
0043e620,FUN_0043e620,13,2,""
0043e630,FUN_0043e630,13,2,""
0043e660,FUN_0043e660,101,1,""
0043e6d0,FUN_0043e6d0,136,1,"FUN_0043a960 FUN_0043e660"
0043e820,FUN_0043e820,108,1,"FUN_0049b080"
0043e890,FUN_0043e890,12,1,"FUN_0043e820"
0043e8b0,FUN_0043e8b0,13,2,""
0043e8c0,FUN_0043e8c0,13,2,""
0043e920,FUN_0043e920,45,3,"FUN_0043f310"
0043e950,FUN_0043e950,24,2,"FUN_00488620"
0043e970,FUN_0043e970,24,2,"FUN_004886a0"
0043e990,FUN_0043e990,24,2,"FUN_004886a0"
0043e9b0,FUN_0043e9b0,23,3,"FUN_004886a0"
0043e9d0,FUN_0043e9d0,180,1,"FUN_0049b080"
0043eb40,FUN_0043eb40,241,1,"FUN_00401390 FUN_00401440 FUN_004017e0 FUN_0044d7f0 FUN_0049039f"
0043ec40,FUN_0043ec40,231,1,"EnterCriticalSection FID_conflict:_free FUN_004018a0 FUN_00486700 LeaveCriticalSection"
0043ed30,FUN_0043ed30,70,0,"FID_conflict:_free FUN_0043e9d0 FUN_0043eb40 FUN_0043ec40 FUN_0049039f"
0043ed80,FUN_0043ed80,23,1,"FID_conflict:_free FUN_0043ec40"
0043eda0,FUN_0043eda0,29,0,"FID_conflict:_free FUN_0043ec40"
0043edc0,FUN_0043edc0,1190,1,"FID_conflict:_free FUN_00403ba0 FUN_00409040 FUN_00422280 FUN_0043f310 FUN_0044d7f0 FUN_00476360 FUN_004857b0 FUN_00488620 FUN_004886a0 FUN_00489090 FUN_00490cf2"
0043f2c0,FUN_0043f2c0,22,2,""
0043f310,FUN_0043f310,211,4,"EnterCriticalSection FUN_0040b880 FUN_00477e10 FUN_00487d40 FUN_00489460 LeaveCriticalSection"
0043f3f0,FUN_0043f3f0,36,0,""
0043f420,FUN_0043f420,152,1,"FUN_00490d92 FUN_0049b080"
0043f4f0,FUN_0043f4f0,22,1,"`eh_vector_destructor_iterator'"
0043f510,FUN_0043f510,40,1,"FUN_0040db10"
0043f540,FUN_0043f540,120,1,"FID_conflict:_free"
0043f610,FUN_0043f610,291,1,"EnterCriticalSection FUN_004018a0 LeaveCriticalSection `eh_vector_destructor_iterator'"
0043f740,FUN_0043f740,170,0,"FUN_00401390 FUN_00401440 FUN_004017e0 FUN_00421230 FUN_0043f420 FUN_0049039f"
0043f7f0,FUN_0043f7f0,23,1,"FID_conflict:_free FUN_0043f610"
0043f810,FUN_0043f810,29,0,"FID_conflict:_free FUN_0043f610"
0043f830,FUN_0043f830,2392,1,"FUN_00403840 FUN_00420f50 FUN_0043b200 FUN_004401d0 FUN_00440330 FUN_00440420 FUN_004405c0 FUN_00440bf0 FUN_00440c60 FUN_00440dc0 FUN_00440eb0 FUN_00440f30 FUN_0044fa20 FUN_0044fa60 FUN_0044fb80 FUN_0044fbc0 FUN_00455b60 FUN_00476400 FUN_00477e10 FUN_004b9e9a"
004401d0,FUN_004401d0,345,1,"FUN_00439d60 FUN_004567b0 FUN_0045ef60 FUN_00476400"
00440330,FUN_00440330,226,1,"FUN_00439d60 FUN_004567b0 FUN_0045ef60 FUN_00476400"
00440420,FUN_00440420,405,1,"FUN_00439d60 FUN_004567b0 FUN_0045ef60 FUN_00476400"
004405c0,FUN_004405c0,411,1,"FUN_0045ef60"
004408d0,FUN_004408d0,785,5,"FUN_004078e0 FUN_00409040 FUN_00412580 FUN_00440c60 FUN_00440f30"
00440bf0,FUN_00440bf0,97,1,"FUN_0040b880 FUN_00477e10"
00440c60,FUN_00440c60,281,1,"EnterCriticalSection FUN_0040b880 FUN_00476360 FUN_00477e10 FUN_00487bd0 FUN_00489460 LeaveCriticalSection"
00440dc0,FUN_00440dc0,44,1,""
00440e20,FUN_00440e20,30,1,""
00440e40,FUN_00440e40,45,2,""
00440e70,FUN_00440e70,52,1,""
00440eb0,FUN_00440eb0,52,1,""
00440f00,FUN_00440f00,32,3,""
00440f30,FUN_00440f30,32,3,""
00440f50,FUN_00440f50,16,2,""
00440f60,FUN_00440f60,3,0,""
00440f70,FUN_00440f70,76,2,"FUN_0044bbe0"
00440fc0,FUN_00440fc0,1,0,""
00440fd0,FUN_00440fd0,3,0,""
00440fe0,FUN_00440fe0,5,0,""
00440ff0,FUN_00440ff0,3,0,""
00441000,FUN_00441000,3,0,""
00441010,FUN_00441010,25,1,""
00441030,FUN_00441030,5,0,""
00441040,FUN_00441040,5,0,""
00441050,FUN_00441050,5,0,""
00441060,FUN_00441060,5,0,""
00441070,FUN_00441070,5,0,""
00441080,FUN_00441080,5,0,""
00441090,FUN_00441090,5,0,""
004410a0,FUN_004410a0,3,0,""
004410b0,FUN_004410b0,3,0,""
004410c0,FUN_004410c0,3,0,""
004410d0,FUN_004410d0,3,0,""
004410e0,FUN_004410e0,3,0,""
004410f0,FUN_004410f0,3,0,""
00441100,FUN_00441100,3,0,""
00441110,FUN_00441110,3,0,""
00441120,FUN_00441120,3,0,""
00441130,FUN_00441130,3,0,""
00441140,FUN_00441140,3,0,""
00441150,FUN_00441150,3,0,""
00441160,FUN_00441160,137,1,"FUN_0049b080"
004411f0,FUN_004411f0,25,2,""
00441210,FUN_00441210,84,3,"FUN_0044bbe0"
00441270,FUN_00441270,133,1,"FUN_0040db10 FUN_00441160 FUN_0049039f FUN_00492870 FUN_0049b080"
00441300,FUN_00441300,73,1,"FUN_0040db10 FUN_00441160 FUN_0049b080"
00441350,FUN_00441350,25,2,""
00441370,FUN_00441370,86,1,"FUN_0049039f"
004413d0,FUN_004413d0,84,3,"FUN_0044bbe0"
00441440,FUN_00441440,84,3,"FUN_0044bbe0"
004414a0,FUN_004414a0,84,3,"FUN_0044bbe0"
00441500,FUN_00441500,25,2,""
00441520,FUN_00441520,34,2,""
00441550,FUN_00441550,57,2,""
00441590,FUN_00441590,34,1,"FUN_00488510"
004415c0,FUN_004415c0,47,1,"FUN_00441160 FUN_0049b080"
004415f0,FUN_004415f0,123,1,"FUN_00401390 FUN_00401440 FUN_004017e0 FUN_00403490 FUN_00485f70"
00441670,FUN_00441670,186,1,"EnterCriticalSection FUN_004018a0 FUN_0043bec0 LeaveCriticalSection"
00441730,FUN_00441730,103,0,"FID_conflict:_free FUN_00441160 FUN_004415f0 FUN_00441670 FUN_0049039f FUN_0049b080"
004417a0,FUN_004417a0,23,1,"FID_conflict:_free FUN_00441670"
004417e0,FUN_004417e0,262,1,"FID_conflict:_free"
00441920,FUN_00441920,102,1,"FUN_004417e0"
004419d0,FUN_004419d0,316,2,"FUN_00441300 FUN_00441b20 FUN_00441b70 FUN_00441bb0 FUN_0044b440 FUN_0049039f"
00441b20,FUN_00441b20,71,1,"FUN_0040db10 FUN_00441160 FUN_0049b080"
00441b70,FUN_00441b70,51,1,"FUN_0040db10 FUN_00441160 FUN_0049b080"
00441bb0,FUN_00441bb0,62,1,"FUN_0040db10 FUN_00441160 FUN_0049b080"
00441bf0,FUN_00441bf0,143,3,""
00441c80,FUN_00441c80,147,6,""
00441d20,FUN_00441d20,137,0,""
00441db0,FUN_00441db0,113,3,""
00441e30,FUN_00441e30,66,2,""
00441e80,FUN_00441e80,74,2,""
00441ed0,FUN_00441ed0,1114,2,"FUN_0040b880 FUN_0040d680 FUN_0044bbe0 FUN_00476400 FUN_00477510 FUN_00477e10"
00442370,FUN_00442370,1607,1,"FUN_00409040 FUN_0040b880 FUN_0041c5c0 FUN_0044bbe0 FUN_00455b60 FUN_00476360 FUN_00476400 FUN_00477e10 FUN_00490390 FUN_0049b080"
004429e0,FUN_004429e0,990,1,"FUN_00403920 FUN_00405940 FUN_004419d0 FUN_0044bbe0 FUN_00476360"
00442dc0,FUN_00442dc0,412,1,"FUN_0044bbe0 FUN_00476360"
00442f60,FUN_00442f60,382,1,"FUN_004b9e9a"
004430e0,FUN_004430e0,1371,1,"FUN_0044bbe0 FUN_00477e10"
00443640,FUN_00443640,534,2,"FUN_00403920 FUN_00405ca0 FUN_00408ba0 FUN_0044bbe0 FUN_00455e10 FUN_004573a0 FUN_004581d0 FUN_00490390"
00443860,FUN_00443860,289,1,"FUN_0044bbe0 FUN_004817d0"
00443990,FUN_00443990,3,0,""
004439a0,FUN_004439a0,2347,6,"EnterCriticalSection FUN_0040b880 FUN_00417f70 FUN_0041e4b0 FUN_00425790 FUN_00441300 FUN_0044bbe0 FUN_00477e10 FUN_00487bd0 FUN_00489460 FUN_00490390 FUN_0049039f FUN_0049b080 FUN_004baae0 FUN_004baca0 LeaveCriticalSection"
004442e0,FUN_004442e0,1897,7,"FUN_0044bbe0 FUN_00488510 FUN_00490390 FUN_004baae0 FUN_004baca0"
00444a50,FUN_00444a50,1771,5,"EnterCriticalSection FUN_0040b880 FUN_0041e4b0 FUN_00441300 FUN_0044bbe0 FUN_00477e10 FUN_00487bd0 FUN_00489460 FUN_00490390 FUN_0049039f FUN_0049b080 LeaveCriticalSection"
00445140,FUN_00445140,843,3,"EnterCriticalSection FUN_0040b880 FUN_0041e4b0 FUN_0044bbe0 FUN_00477e10 FUN_00487bd0 FUN_00489460 LeaveCriticalSection"
00445490,FUN_00445490,246,3,"FUN_004baae0 FUN_004baca0"
00445590,FUN_00445590,659,2,"FUN_0040b880 FUN_0040d680 FUN_0044bbe0 FUN_00476400 FUN_00477510 FUN_00477e10"
00445830,FUN_00445830,767,1,"FUN_00409040 FUN_004126c0 FUN_0041f7f0 FUN_00477e10"
00445b50,FUN_00445b50,420,2,"FUN_00403920 FUN_00405ca0 FUN_00408ba0 FUN_00455e10 FUN_004573a0 FUN_004581d0 FUN_00490390"
00445d00,FUN_00445d00,202,1,"FUN_004817d0"
00445dd0,FUN_00445dd0,3,0,""
00445de0,FUN_00445de0,2254,6,"EnterCriticalSection FUN_0040b880 FUN_00417f70 FUN_0041e4b0 FUN_00425790 FUN_00441300 FUN_0044bbe0 FUN_00477e10 FUN_00487bd0 FUN_00489460 FUN_00490390 FUN_0049039f FUN_0049b080 FUN_004baae0 FUN_004baca0 LeaveCriticalSection"
004466c0,FUN_004466c0,1702,7,"FUN_0044bbe0 FUN_00488510 FUN_00490390 FUN_004baae0 FUN_004baca0"
00446d70,FUN_00446d70,1911,5,"EnterCriticalSection FUN_0040b880 FUN_0041e4b0 FUN_00441300 FUN_0044bbe0 FUN_00477e10 FUN_00487bd0 FUN_00489460 FUN_00490390 FUN_0049039f FUN_0049b080 LeaveCriticalSection"
004474f0,FUN_004474f0,978,3,"EnterCriticalSection FUN_0040b880 FUN_0041e4b0 FUN_0044bbe0 FUN_00477e10 FUN_00487bd0 FUN_00489460 LeaveCriticalSection"
004478d0,FUN_004478d0,246,3,"FUN_004baae0 FUN_004baca0"
004479d0,FUN_004479d0,195,1,""
00447aa0,FUN_00447aa0,1686,2,"FUN_0040b880 FUN_0040d680 FUN_004488d0 FUN_00448d50 FUN_0044bbe0 FUN_00476400 FUN_00477510 FUN_00477e10 FUN_0049039f _malloc"
00448140,FUN_00448140,96,2,""
004481a0,FUN_004481a0,96,1,"FID_conflict:_free FID_conflict:_free"
00448200,FUN_00448200,1205,1,"FUN_004488d0 FUN_00448d50 FUN_0044bbe0 FUN_00477e10"
004486c0,FUN_004486c0,514,2,"FUN_0044bbe0 FUN_00455e10 FUN_004573a0 FUN_004581d0 FUN_00490390"
004488d0,FUN_004488d0,1138,5,"FUN_0044bbe0 FUN_004b9e9a FUN_004bb1e0 __libm_sse2_sqrt_precise"
00448d50,FUN_00448d50,978,8,"FUN_0044bbe0 FUN_004b9e9a FUN_004bb1e0 __libm_sse2_sqrt_precise"
00449130,FUN_00449130,123,9,"FUN_004488d0 FUN_00448d50"
004491b0,FUN_004491b0,1360,1,"FUN_0044bbe0 FUN_004811d0 FUN_004817d0"
00449710,FUN_00449710,1768,1,"FUN_00409040 FUN_0040b880 FUN_0041c5c0 FUN_00441370 FUN_004488d0 FUN_0044bbe0 FUN_00476400 FUN_00477e10 FUN_00490390 FUN_0049b080"
00449e20,FUN_00449e20,412,1,"FUN_0044bbe0 FUN_00476360"
00449fc0,FUN_00449fc0,323,1,"FUN_0044bbe0"
0044a110,FUN_0044a110,382,1,"FUN_004b9e9a"
0044a290,FUN_0044a290,153,1,""
0044a330,FUN_0044a330,1430,6,"EnterCriticalSection FID_conflict:_free FUN_0040b880 FUN_00417f70 FUN_0041e4b0 FUN_00441bb0 FUN_00477e10 FUN_00487bd0 FUN_00489460 FUN_00490390 FUN_0049039f FUN_0049b080 FUN_004baae0 FUN_004baca0 LeaveCriticalSection _malloc"
0044a8d0,FUN_0044a8d0,1442,7,"FUN_00488510 FUN_004baae0 FUN_004baca0"
0044ae80,FUN_0044ae80,868,5,"EnterCriticalSection FUN_0040b880 FUN_0041e4b0 FUN_00477e10 FUN_00487bd0 FUN_00489460 FUN_00490390 FUN_0049b080 LeaveCriticalSection"
0044b1f0,FUN_0044b1f0,304,3,"EnterCriticalSection FUN_0040b880 FUN_00477e10 FUN_00487bd0 FUN_00489460 LeaveCriticalSection"
0044b320,FUN_0044b320,246,3,"FUN_004baae0 FUN_004baca0"
0044b440,FUN_0044b440,899,2,"FUN_0049b080"
0044b7d0,FUN_0044b7d0,3,0,""
0044b7e0,FUN_0044b7e0,3,0,""
0044b7f0,FUN_0044b7f0,3,0,""
0044b810,FUN_0044b810,5,0,""
0044b830,FUN_0044b830,27,3,""
0044b850,FUN_0044b850,5,0,""
0044b860,FUN_0044b860,1,0,""
0044b870,FUN_0044b870,123,2,""
0044b950,FUN_0044b950,92,2,""
0044b9b0,FUN_0044b9b0,94,2,""
0044ba10,FUN_0044ba10,19,0,""
0044ba30,FUN_0044ba30,43,1,"__libm_sse2_sqrt_precise"
0044bba0,FUN_0044bba0,61,1,"FUN_004b9e9a"
0044bbe0,FUN_0044bbe0,32,3,""
0044bc00,FUN_0044bc00,85,1,"FUN_0040db10 FUN_0049b080"
0044bc60,FUN_0044bc60,60,0,"FUN_00403490 FUN_004224a0 FUN_004227b0 FUN_00485f70"
0044bd00,FUN_0044bd00,332,0,"FID_conflict:_free FUN_00402db0 FUN_00402f70 FUN_00403490 FUN_0040be70 FUN_0040bf20 FUN_0040c070 FUN_0044bc60 FUN_0045dcc0 FUN_00475ce0 FUN_00476210 FUN_00485f70 FUN_0049039f"
0044be50,FUN_0044be50,125,1,"FUN_00401390 FUN_00401440 FUN_004017e0 FUN_00403f30 FUN_004908d9"
0044bed0,FUN_0044bed0,586,1,"EnterCriticalSection FID_conflict:_free FID_conflict:_free FUN_004018a0 FUN_00403f30 FUN_0040c070 FUN_00422680 FUN_0045df50 FUN_00486700 LeaveCriticalSection"
0044c120,FUN_0044c120,70,0,"FID_conflict:_free FUN_0044bc00 FUN_0044be50 FUN_0044bed0 FUN_0049039f"
0044c170,FUN_0044c170,23,1,"FID_conflict:_free FUN_0044bed0"
0044c1b0,FUN_0044c1b0,88,1,"FUN_0044f300"
0044c210,FUN_0044c210,250,1,"EnterCriticalSection FUN_0040b880 FUN_00424670 FUN_00477e10 FUN_00487bd0 FUN_00489460 LeaveCriticalSection"
0044c310,FUN_0044c310,88,1,"FUN_0044f300"
0044c380,FUN_0044c380,38,0,""
0044c3f0,FUN_0044c3f0,174,1,"FUN_00401f50 FUN_0044e600 FUN_0044f800 FUN_00476570 FUN_004865f0"
0044c4a0,FUN_0044c4a0,163,0,"FUN_00402db0 FUN_00403560 FUN_0046c220 FUN_00490390 FUN_00490cf2"
0044c550,FUN_0044c550,343,0,"CreateThread FUN_00401440 FUN_004017e0 FUN_0040db10 FUN_0044c4a0 FUN_0044e2f0 FUN_0046f6a0 FUN_004846e0 FUN_0049039f FUN_0049b080 timeGetTime"
0044c6b0,FUN_0044c6b0,654,1,"DeleteObject FID_conflict:_free FID_conflict:_free FUN_00403f30 FUN_00433560 FUN_0044c990 FUN_0046c340 FUN_0046e4e0 FUN_00476570 FUN_00476f10"
0044c940,FUN_0044c940,74,1,"FID_conflict:_free FID_conflict:_free"
0044c990,FUN_0044c990,205,0,"FID_conflict:_free FUN_00422680 FUN_00423550 FUN_0043c6a0 FUN_0043ec40 FUN_0044bed0 FUN_0045bb60 FUN_00460660"
0044ca60,FUN_0044ca60,389,0,"FUN_00401390 FUN_00401440 FUN_004017e0"
0044cbf0,FUN_0044cbf0,564,1,"FUN_00403490 FUN_0044f7e0 FUN_00492870 FUN_0049b080 Sleep __beginthread _malloc"
0044ce30,FUN_0044ce30,528,0,"CloseHandle FID_conflict:_free FUN_00403130 LeaveCriticalSection WriteFile"
0044d040,FUN_0044d040,796,1,"FID_conflict:_free FUN_00402db0 FUN_00402ff0 FUN_00403490 FUN_00403560 FUN_00490f2b FUN_0049b080"
0044d360,FUN_0044d360,124,2,"FUN_00476f10 FUN_00490390"
0044d3e0,FUN_0044d3e0,73,2,"FUN_00476f10"
0044d450,FUN_0044d450,160,2,"FUN_00476f10 FUN_00490390"
0044d500,FUN_0044d500,41,0,"FUN_00476f10"
0044d530,FUN_0044d530,59,0,"FUN_00476f10"
0044d570,FUN_0044d570,121,2,"FUN_00476f10 FUN_00490390"
0044d5f0,FUN_0044d5f0,55,1,"FUN_0047e3f0"
0044d630,FUN_0044d630,55,1,"FUN_0047e3f0"
0044d670,FUN_0044d670,55,1,"FUN_0047e3f0"
0044d6b0,FUN_0044d6b0,55,1,"FUN_0047e3f0"
0044d6f0,FUN_0044d6f0,40,3,"FUN_0047e3f0"
0044d740,FUN_0044d740,171,4,"FUN_004910e0 FUN_004914b6 _strncmp"
0044d7f0,FUN_0044d7f0,126,1,"EnterCriticalSection FUN_00403f30 FUN_004908d9 LeaveCriticalSection"
0044d880,FUN_0044d880,690,2,"EnterCriticalSection FUN_0040b880 FUN_00477e10 FUN_00487bd0 FUN_00488510 FUN_00489460 LeaveCriticalSection"
0044db40,FUN_0044db40,103,1,"FUN_00488620"
0044dbb0,FUN_0044dbb0,690,2,"EnterCriticalSection FUN_0040b880 FUN_00477e10 FUN_00487bd0 FUN_00488510 FUN_00489460 LeaveCriticalSection"
0044de70,FUN_0044de70,103,1,"FUN_00488620"
0044def0,FUN_0044def0,106,1,"FUN_0047e3f0"
0044df60,FUN_0044df60,443,1,"D3DXMatrixLookAtLH D3DXMatrixPerspectiveFovLH FUN_0044f6e0 FUN_00490390"
0044e120,FUN_0044e120,463,1,"D3DXMatrixLookAtLH D3DXMatrixPerspectiveFovLH D3DXVec3Normalize FUN_0047e3f0 FUN_00490390"
0044e2f0,FUN_0044e2f0,765,1,"FUN_0044df60"
0044e600,FUN_0044e600,604,1,"EnterCriticalSection FUN_00407980 FUN_00423720 FUN_004237a0 FUN_0043cb80 FUN_0043cc00 FUN_0044c120 FUN_0044c990 FUN_0044f6c0 FUN_00460820 FUN_00460890 LeaveCriticalSection"
0044e8d0,FUN_0044e8d0,432,1,"FUN_0044def0 FUN_00490390"
0044eb90,FUN_0044eb90,153,0,"FUN_0047e3f0 FUN_00490390"
0044ed30,FUN_0044ed30,153,0,"FUN_0047e3f0 FUN_00490390"
0044ee80,FUN_0044ee80,202,0,"FUN_0047e3f0 FUN_00490390"
0044f040,FUN_0044f040,341,2,"EnterCriticalSection FUN_0040b880 FUN_00477e10 FUN_00487bd0 FUN_00488510 FUN_00489460 LeaveCriticalSection _malloc"
0044f1a0,FUN_0044f1a0,343,2,"EnterCriticalSection FUN_0040b880 FUN_00477e10 FUN_00487bd0 FUN_00488510 FUN_00489460 LeaveCriticalSection _malloc"
0044f300,FUN_0044f300,687,1,"FUN_0040b880 FUN_00477e10"
0044f5b0,FUN_0044f5b0,89,0,""
0044f6c0,FUN_0044f6c0,27,0,""
0044f6e0,FUN_0044f6e0,23,1,"FUN_004baf70"
0044f790,FUN_0044f790,25,1,""
0044f7b0,FUN_0044f7b0,42,0,""
0044f7e0,FUN_0044f7e0,1,0,""
0044f7f0,FUN_0044f7f0,14,2,""
0044f800,FUN_0044f800,217,0,"FUN_0048b950"
0044f940,FUN_0044f940,93,2,"FUN_00439d60"
0044f9e0,FUN_0044f9e0,59,2,"FUN_0043a960"
0044fa20,FUN_0044fa20,57,0,"FUN_0043a850"
0044fa60,FUN_0044fa60,190,0,"FUN_00439d60 FUN_0043a850 FUN_0044fbc0 FUN_00476360"
0044fb80,FUN_0044fb80,62,0,"FUN_0043a960 FUN_00476360"
0044fbc0,FUN_0044fbc0,131,0,"FUN_0043a960 FUN_00476360"
0044fc60,FUN_0044fc60,172,2,""
0044fd10,FUN_0044fd10,78,2,""
0044fd60,FUN_0044fd60,42,0,""
0044fd90,FUN_0044fd90,43,0,""
0044fdc0,FUN_0044fdc0,320,1,"FUN_00490eda"
0044ff60,FUN_0044ff60,154,1,"FUN_0049b080"
00450000,FUN_00450000,193,1,"FUN_00401390 FUN_00401440 FUN_004017e0"
004500f0,FUN_004500f0,36,0,""
00450120,FUN_00450120,217,1,"EnterCriticalSection FID_conflict:_free FUN_004018a0 FUN_0045bb60 LeaveCriticalSection"
00450200,FUN_00450200,70,0,"FID_conflict:_free FUN_0044ff60 FUN_00450000 FUN_00450120 FUN_0049039f"
00450250,FUN_00450250,23,1,"FID_conflict:_free FUN_00450120"
00450290,FUN_00450290,300,1,"FUN_00450e00 FUN_00451740"
004503d0,FUN_004503d0,394,2,"FUN_0040c570"
00450560,FUN_00450560,205,3,"FUN_0040c570 FUN_004915bf"
00450630,FUN_00450630,376,1,"FUN_0040c570 FUN_004915bf"
004507b0,FUN_004507b0,187,1,"FUN_004503d0 FUN_00450560"
00450870,FUN_00450870,449,1,"FUN_0040c570 FUN_004503d0 FUN_004915bf"
00450a40,FUN_00450a40,401,1,"FUN_0040c570 FUN_00450630 FUN_004507b0 FUN_00450870 FUN_00488510 FUN_00489250"
00450bf0,FUN_00450bf0,525,1,"D3DXLoadSurfaceFromSurface FUN_00423020 FUN_0047e3f0 FUN_00488510 FUN_00488780 FUN_00490390"
00450e00,FUN_00450e00,403,1,"FUN_00423020 FUN_00439640 FUN_0043d2c0 FUN_0043e440 FUN_0044fc60 FUN_00450bf0 FUN_00476360 FUN_00476570 FUN_00476f10 FUN_00488510 FUN_00488620 FUN_00488780 FUN_00488c30"
00450fa0,FUN_00450fa0,333,0,"FUN_00423020 FUN_0043e440 FUN_0044fc60 FUN_00450bf0 FUN_00476f10 FUN_00488510 FUN_00488620 FUN_00488780"
00451100,FUN_00451100,405,0,"FUN_0043d2c0 FUN_0043e440 FUN_0044d360 FUN_0044d3e0 FUN_0044fc60 FUN_00450bf0 FUN_00452ca0 FUN_00476360 FUN_00476570 FUN_00476f10"
004512a0,FUN_004512a0,443,0,"FUN_00423020 FUN_00439640 FUN_0043d2c0 FUN_0044fc60 FUN_0044fd10 FUN_00452c20 FUN_00488510 FUN_00488c30"
00451460,FUN_00451460,145,1,"FUN_00439840 FUN_00472c90 FUN_00488510 FUN_00488c10"
00451500,FUN_00451500,74,1,"FUN_00472c90 FUN_00488620"
00451550,FUN_00451550,74,1,"FUN_00472c90 FUN_00488620"
004515a0,FUN_004515a0,398,1,"FUN_00403ba0 FUN_00422280 FUN_0044fdc0"
00451740,FUN_00451740,4769,1,"FUN_00403b10 FUN_00403b50 FUN_00403ba0 FUN_00409040 FUN_00422240 FUN_00422280 FUN_00423020 FUN_00439840 FUN_0043a850 FUN_0043a960 FUN_0043b1c0 FUN_0043dee0 FUN_0043e440 FUN_0043ed30 FUN_0043eda0 FUN_0044f940 FUN_0044fc60 FUN_0044fd10 FUN_0044fd60 FUN_00451460 FUN_00451500 FUN_00451550 FUN_004515a0 FUN_00452a50 FUN_00452a90 FUN_00452b30 FUN_004567b0 FUN_0045bf50 FUN_0045c020 FUN_0045c410 FUN_0045c460 FUN_00476360 FUN_00476570 FUN_00476f10 FUN_00488620 FUN_004886a0 FUN_00488bb0 FUN_00488be0 FUN_00488d30 FUN_004892e0 FUN_0048c630 FUN_00490390 FUN_00490cf2 FUN_00490eda"
00452a50,FUN_00452a50,20,0,"FUN_00476f10"
00452a90,FUN_00452a90,47,0,""
00452ac0,FUN_00452ac0,17,2,""
00452ae0,FUN_00452ae0,9,2,"FUN_00403ba0"
00452af0,FUN_00452af0,17,2,"FUN_00403ba0"
00452b30,FUN_00452b30,88,2,""
00452b90,FUN_00452b90,15,1,""
00452ba0,FUN_00452ba0,15,1,""
00452bb0,FUN_00452bb0,100,11,""
00452c20,FUN_00452c20,119,5,"FUN_00452bb0 FUN_00488510"
00452ca0,FUN_00452ca0,183,0,"FUN_00472c90"
00452d90,FUN_00452d90,21,1,""
00452dd0,FUN_00452dd0,17,2,""
00452e00,FUN_00452e00,37,0,""
00452e60,FUN_00452e60,18,0,""
00452e80,FUN_00452e80,97,2,""
00452ef0,FUN_00452ef0,63,1,"FUN_00488620"
00452f50,FUN_00452f50,163,1,""
00453020,FUN_00453020,16,2,""
00453040,FUN_00453040,83,1,""
004530c0,FUN_004530c0,235,4,"EnterCriticalSection FUN_0040b880 FUN_00417f70 FUN_00477e10 FUN_00487bd0 FUN_00489460 LeaveCriticalSection"
004531b0,FUN_004531b0,235,1,"FUN_004078a0"
00453300,FUN_00453300,125,1,"FUN_0040db10 FUN_004531b0 FUN_0049b080"
00453380,FUN_00453380,1691,1,"FUN_00401390 FUN_00401440 FUN_004017e0 FUN_00403490 FUN_0040b880 FUN_00452e80 FUN_00452f50 FUN_00455a20 FUN_00477e10 FUN_00485f70"
00453a20,FUN_00453a20,996,0,"FUN_0043a850 FUN_00452ef0 FUN_004567b0 FUN_00488510 FUN_00488780"
00453e30,FUN_00453e30,409,1,"EnterCriticalSection FID_conflict:_free FID_conflict:_free FUN_004018a0 FUN_00486700 FUN_004889a0 LeaveCriticalSection"
00453fd0,FUN_00453fd0,206,0,"FID_conflict:_free FUN_0040db10 FUN_004531b0 FUN_00453380 FUN_00453e30 FUN_0049039f FUN_0049b080"
004540a0,FUN_004540a0,23,1,"FID_conflict:_free FUN_00453e30"
004540c0,FUN_004540c0,29,0,"FID_conflict:_free FUN_00453e30"
004540e0,FUN_004540e0,2442,1,"EnterCriticalSection FUN_0040b880 FUN_00477e10 FUN_00487bd0 FUN_00488510 FUN_00488620 FUN_00489460 LeaveCriticalSection"
00454a70,FUN_00454a70,3804,1,"FUN_00404050 FUN_00404170 FUN_00408ba0 FUN_00409040 FUN_00414900 FUN_00414a80 FUN_0041e750 FUN_0041f010 FUN_0043a960 FUN_004408d0 FUN_00441db0 FUN_00441e30 FUN_00451100 FUN_00452f50 FUN_00453040 FUN_004540e0 FUN_00455ae0 FUN_00456370 FUN_00456740 FUN_004567b0 FUN_00457060 FUN_004582f0 FUN_00458de0 FUN_004591c0 FUN_00477e10 FUN_00490390"
00455a20,FUN_00455a20,172,2,"FUN_00402db0"
00455ae0,FUN_00455ae0,117,2,"FUN_004b9e9a"
00455b60,FUN_00455b60,123,1,"FUN_004b9e9a"
00455be0,FUN_00455be0,283,3,"FUN_00456540"
00455d00,FUN_00455d00,262,2,"FUN_00456540"
00455e10,FUN_00455e10,463,4,"FUN_00456540 FUN_004baae0 FUN_004baca0"
00455fe0,FUN_00455fe0,400,3,"FUN_004baae0 FUN_004baca0"
00456170,FUN_00456170,506,4,"FUN_00456540 FUN_004baae0 FUN_004baca0"
00456370,FUN_00456370,456,1,"FUN_0040b880 FUN_0043a850 FUN_004530c0 FUN_00477e10 FUN_00488620"
00456540,FUN_00456540,498,1,"EnterCriticalSection FUN_0040b880 FUN_00476360 FUN_00477e10 FUN_00487bd0 FUN_00489460 LeaveCriticalSection"
00456740,FUN_00456740,100,1,""
004567b0,FUN_004567b0,2144,1,"EnterCriticalSection FUN_0040b880 FUN_00433020 FUN_00477e10 FUN_00487bd0 FUN_00488510 FUN_00488620 FUN_00488780 FUN_00489460 LeaveCriticalSection"
00457060,FUN_00457060,360,4,"FUN_0049b080"
004571d0,FUN_004571d0,458,4,"FUN_0049b080"
004573a0,FUN_004573a0,330,1,"EnterCriticalSection FUN_0040b880 FUN_0045ef60 FUN_00476400 FUN_00477e10 FUN_00487bd0 FUN_00489460 LeaveCriticalSection"
004574f0,FUN_004574f0,246,0,"FUN_0043bc50 FUN_00452ef0 FUN_004567b0"
004575f0,FUN_004575f0,387,0,"FUN_00488510 FUN_00489740 FUN_00492870"
00457780,FUN_00457780,1486,0,"EnterCriticalSection FUN_004567b0 FUN_00487eb0 FUN_00488510 FUN_00488820 FUN_004898a0 FUN_00492870 LeaveCriticalSection"
00457d60,FUN_00457d60,337,1,"FUN_00489bd0 FUN_00492870"
00457ec0,FUN_00457ec0,766,2,"FUN_004899f0 FUN_00492870"
004581d0,FUN_004581d0,96,0,""
00458270,FUN_00458270,48,2,""
004582f0,FUN_004582f0,37,1,""
00458320,FUN_00458320,57,2,""
00458360,FUN_00458360,33,3,""
004583b0,FUN_004583b0,30,3,""
004583d0,FUN_004583d0,28,3,""
004583f0,FUN_004583f0,56,2,""
00458430,FUN_00458430,20,3,""
00458450,FUN_00458450,30,3,""
00458470,FUN_00458470,15,1,""
00458480,FUN_00458480,15,1,""
004584d0,FUN_004584d0,33,3,""
00458500,FUN_00458500,19,2,""
00458520,FUN_00458520,28,0,""
00458540,FUN_00458540,41,0,""
004585a0,FUN_004585a0,17,2,""
004585c0,FUN_004585c0,25,2,""
004585e0,FUN_004585e0,34,2,""
00458610,FUN_00458610,28,1,""
00458630,FUN_00458630,26,1,""
00458650,FUN_00458650,28,0,""
00458670,FUN_00458670,1368,4,"EnterCriticalSection FUN_00403840 FUN_00404050 FUN_0040b880 FUN_004571d0 FUN_00476400 FUN_00477e10 FUN_00487bd0 FUN_00488510 FUN_00488d30 FUN_00489460 FUN_0049b080 LeaveCriticalSection"
00458bd0,FUN_00458bd0,186,4,"FUN_00458670"
00458c90,FUN_00458c90,329,3,"FUN_00458670"
00458de0,FUN_00458de0,238,1,"FUN_00408ba0 FUN_00409040 FUN_0044b870 FUN_00452e80 FUN_00458c90"
00458ed0,FUN_00458ed0,738,1,"FUN_00404050 FUN_00404170 FUN_00414bf0 FUN_00481e60 FUN_00488510 FUN_00488d30 FUN_00490390"
004591c0,FUN_004591c0,794,1,"FUN_00404050 FUN_00404170 FUN_00481e60 FUN_00488510 FUN_00488d30 FUN_00490390"
004594e0,FUN_004594e0,817,7,"FUN_00405000 FUN_004069a0"
00459820,FUN_00459820,227,5,"FUN_00459910 FUN_0045b0a0"
00459910,FUN_00459910,170,1,"FUN_00488510"
004599d0,FUN_004599d0,501,1,"FUN_004073a0 FUN_00417590 FUN_004255a0 FUN_00426c20 FUN_004303d0 FUN_004b9e9a"
00459bd0,FUN_00459bd0,476,1,"EnterCriticalSection FUN_004036a0 FUN_00403840 FUN_0040b880 FUN_00459910 FUN_00477e10 FUN_00487bd0 FUN_00488510 FUN_00489460 LeaveCriticalSection"
00459e10,FUN_00459e10,865,1,"FUN_0045b4f0 FUN_004764e0 FUN_00488510 FUN_00488620"
0045a180,FUN_0045a180,1535,5,"EnterCriticalSection FUN_004062d0 FUN_0040b880 FUN_00417f70 FUN_0041f5d0 FUN_0045b4f0 FUN_00477e10 FUN_00487bd0 FUN_00488510 FUN_00488620 FUN_00489460 FUN_00490390 FUN_004b9e9a FUN_004baae0 FUN_004baca0 LeaveCriticalSection __libm_sse2_sqrt_precise"
0045aa20,FUN_0045aa20,394,1,"FUN_00408ba0 FUN_00409040 FUN_00417590 FUN_00488620"
0045abb0,FUN_0045abb0,339,1,"EnterCriticalSection FUN_00403840 FUN_0040b880 FUN_00459910 FUN_00477e10 FUN_00487bd0 FUN_00489460 LeaveCriticalSection"
0045ad10,FUN_0045ad10,472,1,"EnterCriticalSection FUN_004036a0 FUN_00403840 FUN_0040b880 FUN_00459910 FUN_0045b280 FUN_00477e10 FUN_00487bd0 FUN_00488510 FUN_00489460 LeaveCriticalSection"
0045af20,FUN_0045af20,232,5,"FUN_0045b0a0"
0045b010,FUN_0045b010,141,1,"FUN_00403840"
0045b0a0,FUN_0045b0a0,411,1,"FUN_00403800 FUN_00403840 FUN_004408d0"
0045b280,FUN_0045b280,158,5,""
0045b340,FUN_0045b340,43,1,"__libm_sse2_sqrt_precise"
0045b390,FUN_0045b390,16,2,""
0045b3a0,FUN_0045b3a0,16,2,""
0045b3b0,FUN_0045b3b0,19,2,"FUN_004036a0"
0045b3d0,FUN_0045b3d0,16,2,""
0045b430,FUN_0045b430,70,1,"FUN_004b9e9a"
0045b480,FUN_0045b480,39,1,""
0045b4b0,FUN_0045b4b0,24,2,""
0045b4f0,FUN_0045b4f0,32,3,""
0045b510,FUN_0045b510,170,1,""
0045b5c0,FUN_0045b5c0,22,1,""
0045b630,FUN_0045b630,1318,3,"FUN_00401390 FUN_00401440 FUN_004017e0 FUN_0043e820 FUN_0045cc80 FUN_0045d370 FUN_0045d4f0 FUN_0045d640 FUN_0049039f FUN_0049b080"
0045bb60,FUN_0045bb60,757,1,"EnterCriticalSection FID_conflict:_free FUN_0045d640 LeaveCriticalSection `eh_vector_destructor_iterator'"
0045be60,FUN_0045be60,196,1,"FID_conflict:_free FUN_0045b630 FUN_0045bb60 FUN_0049039f FUN_00490d92 FUN_0049b080"
0045bf30,FUN_0045bf30,23,1,"FID_conflict:_free FUN_0045bb60"
0045bf50,FUN_0045bf50,194,1,"FID_conflict:_free FUN_0045bb60 FUN_0045cc80 FUN_0049039f FUN_00490d92 FUN_0049b080"
0045c020,FUN_0045c020,23,1,"FID_conflict:_free FUN_0045bb60"
0045c350,FUN_0045c350,180,1,"FUN_0040c570"
0045c410,FUN_0045c410,78,1,"FUN_00490eda"
0045c460,FUN_0045c460,2045,4,"CloseHandle FID_conflict:_free FUN_00402ca0 FUN_00403130 FUN_0045d4f0 FUN_0046d1b0 FUN_00490390 FUN_00490cf2 FUN_00490f2b FUN_004915bf FUN_00492870 FUN_0049b080 LeaveCriticalSection WriteFile _malloc"
0045cc80,FUN_0045cc80,512,2,"FID_conflict:_free FUN_00402b80 FUN_00402db0 FUN_00402f70 FUN_004032b0 FUN_004033e0 FUN_00403440 FUN_0046d590 FUN_00490390 FUN_00490cf2 FUN_00490f2b __alloca_probe _malloc"
0045cf20,FUN_0045cf20,352,0,"FUN_004567b0 FUN_0045b510 FUN_0045d1a0 FUN_0045d4f0 FUN_0045d640"
0045d080,FUN_0045d080,234,0,"FUN_0049039f FUN_0049b080"
0045d1a0,FUN_0045d1a0,108,0,"FUN_0049b080"
0045d280,FUN_0045d280,46,1,""
0045d2c0,FUN_0045d2c0,92,4,""
0045d320,FUN_0045d320,46,2,""
0045d350,FUN_0045d350,13,2,""
0045d360,FUN_0045d360,13,2,""
0045d370,FUN_0045d370,47,2,""
0045d3a0,FUN_0045d3a0,13,2,""
0045d3b0,FUN_0045d3b0,13,2,""
0045d3c0,FUN_0045d3c0,13,2,""
0045d3d0,FUN_0045d3d0,13,2,""
0045d450,FUN_0045d450,31,1,"FUN_0043e820 FUN_0049b080"
0045d4f0,FUN_0045d4f0,184,2,"FUN_0049039f FUN_0049b080"
0045d5f0,FUN_0045d5f0,76,1,"FID_conflict:_free"
0045d640,FUN_0045d640,106,2,"FID_conflict:_free"
0045d730,FUN_0045d730,98,2,""
0045d7a0,FUN_0045d7a0,873,1,"FUN_0049b080"
0045db10,FUN_0045db10,181,1,"EnterCriticalSection FUN_0049b080 LeaveCriticalSection"
0045dbd0,FUN_0045dbd0,169,1,"FUN_00402db0 FUN_0045d7a0 FUN_0045db10 FUN_0045ddd0 FUN_00490f2b FUN_0049b080"
0045dc80,FUN_0045dc80,49,1,"FID_conflict:_free"
0045dcc0,FUN_0045dcc0,114,0,"FUN_0045dbd0 FUN_0049039f"
0045dd90,FUN_0045dd90,62,1,"FID_conflict:_free FID_conflict:_free"
0045ddd0,FUN_0045ddd0,371,1,"FID_conflict:_free FUN_00402b80 FUN_0045d730 FUN_0046d590 FUN_00492870 _malloc"
0045df50,FUN_0045df50,608,0,"CloseHandle FID_conflict:_free FUN_00402ca0 FUN_00403130 FUN_00403560 FUN_0045d730 FUN_0046d1b0 FUN_00490f2b FUN_00492870 LeaveCriticalSection WriteFile _malloc"
0045e1c0,FUN_0045e1c0,211,1,"FUN_0049b080"
0045e310,FUN_0045e310,254,1,"EnterCriticalSection FUN_004018a0 FUN_00403f30 FUN_004764e0 LeaveCriticalSection"
0045e490,FUN_0045e490,23,1,"FID_conflict:_free FUN_0045e310"
0045e4b0,FUN_0045e4b0,23,1,"FID_conflict:_free FUN_0045e310"
0045e4d0,FUN_0045e4d0,325,1,"FUN_00403ba0 FUN_00422280 FUN_00476360 FUN_004764e0"
0045e620,FUN_0045e620,217,1,"FUN_0040c800"
0045e730,FUN_0045e730,86,1,"FUN_0040db10 FUN_0049b080"
0045e7a0,FUN_0045e7a0,132,1,"FUN_00401390 FUN_00401440 FUN_004017e0 FUN_0040d680 FUN_00477160"
0045e830,FUN_0045e830,235,1,"EnterCriticalSection FID_conflict:_free FUN_004018a0 LeaveCriticalSection"
0045e920,FUN_0045e920,70,0,"FID_conflict:_free FUN_0045e730 FUN_0045e7a0 FUN_0045e830 FUN_0049039f"
0045e970,FUN_0045e970,23,1,"FID_conflict:_free FUN_0045e830"
0045e990,FUN_0045e990,29,0,"FID_conflict:_free FUN_0045e830"
0045e9b0,FUN_0045e9b0,340,1,""
0045eb10,FUN_0045eb10,1064,1,"FUN_0040c570 FUN_0047dba0 FUN_0047e3f0 FUN_0047e610"
0045ef60,FUN_0045ef60,240,3,""
0045f050,FUN_0045f050,213,4,""
0045f170,FUN_0045f170,85,1,"FID_conflict:_free"
0045f1d0,FUN_0045f1d0,211,1,"FUN_0049b080"
0045f300,FUN_0045f300,417,1,"EnterCriticalSection FID_conflict:_free FID_conflict:_free FUN_004018a0 FUN_00403f30 FUN_0045f170 FUN_00486700 LeaveCriticalSection"
0045f4b0,FUN_0045f4b0,53,1,"FID_conflict:_free FID_conflict:_free"
0045f500,FUN_0045f500,282,0,"FID_conflict:_free FUN_00402db0 FUN_00422280 FUN_0048f130 FUN_00490390 FUN_0049039f FUN_00490cf2 FUN_0049b080"
0045f690,FUN_0045f690,23,1,"FID_conflict:_free FUN_0045f300"
0045f6b0,FUN_0045f6b0,23,1,"FID_conflict:_free FUN_0045f300"
0045f6d0,FUN_0045f6d0,938,1,"FUN_00403ba0 FUN_00403fb0 FUN_00422240 FUN_00422280 FUN_0045f170 FUN_0048e690 FUN_0048f410 FUN_00490390 FindClose FindFirstFileA FindNextFileA _malloc"
0045fa80,FUN_0045fa80,497,1,"FUN_0040c800"
0045fcb0,FUN_0045fcb0,6,0,""
0045fcc0,FUN_0045fcc0,115,2,""
0045fd40,FUN_0045fd40,102,2,""
0045fdb0,FUN_0045fdb0,192,2,"EnterCriticalSection FUN_0040b880 FUN_00477e10 FUN_00487bd0 FUN_00489460 LeaveCriticalSection"
0045fe70,FUN_0045fe70,38,2,"FUN_00488620"
0045fea0,FUN_0045fea0,24,2,"FUN_004886a0"
0045fec0,FUN_0045fec0,24,2,"FUN_004886a0"
0045fee0,FUN_0045fee0,25,3,"FUN_00488620"
0045ff00,FUN_0045ff00,25,3,"FUN_004886a0"
0045ff20,FUN_0045ff20,119,3,"FUN_00488510 FUN_00489250"
0045ffa0,FUN_0045ffa0,129,4,"FUN_00477e10 FUN_00488510 FUN_00489250"
00460030,FUN_00460030,100,4,"FUN_00488510 FUN_00489250"
004600a0,FUN_004600a0,34,2,"FUN_00488510"
00460110,FUN_00460110,74,3,""
00460160,FUN_00460160,231,0,"FUN_00460110"
00460250,FUN_00460250,38,3,""
00460280,FUN_00460280,160,0,""
00460330,FUN_00460330,451,1,"FUN_0049b080"
004605b0,FUN_004605b0,165,0,"FUN_00401390 FUN_00401440 FUN_004017e0 FUN_00403490 FUN_00485f70"
00460660,FUN_00460660,437,1,"EnterCriticalSection FID_conflict:_free FID_conflict:_free FUN_004018a0 FUN_00403f30 FUN_0045bb60 FUN_00486700 FUN_00488620 LeaveCriticalSection"
00460820,FUN_00460820,108,0,"FUN_00403f30 FUN_00460330 FUN_0049039f FUN_004908d9"
00460890,FUN_00460890,29,0,"FID_conflict:_free FUN_00460660"
004608b0,FUN_004608b0,23,1,"FID_conflict:_free FUN_00460660"
004608d0,FUN_004608d0,1259,1,"FID_conflict:_free FUN_00403b10 FUN_00422280 FUN_0044d360 FUN_0044d3e0 FUN_0044d500 FUN_0045bb60 FUN_0045bf50 FUN_0045d370 FUN_0045fcc0 FUN_0045fdb0 FUN_00461050 FUN_00462010 FUN_00464950 FUN_004660e0 FUN_004664c0 FUN_00466b70 FUN_00467420 FUN_00467760 FUN_00467fd0 FUN_00468be0 FUN_00469d80 FUN_0046a810 FUN_0046b190 FUN_0046b3a0 FUN_004751f0 FUN_00476f10 FUN_00488620 FUN_004886a0 FUN_004889a0"
00460e20,FUN_00460e20,94,1,"FUN_00467c20 FUN_00468630 FUN_004699a0 FUN_0046a3d0 FUN_0046ada0"
00460ec0,FUN_00460ec0,380,1,"EnterCriticalSection FUN_0040b880 FUN_00422280 FUN_0045fcc0 FUN_0045fd40 FUN_0045fdb0 FUN_00476360 FUN_00477e10 FUN_00487bd0 FUN_00488510 FUN_00488620 FUN_00489460 LeaveCriticalSection"
00461050,FUN_00461050,3931,1,"EnterCriticalSection FUN_00403b10 FUN_00403ba0 FUN_00409040 FUN_0040b880 FUN_00422280 FUN_00452b30 FUN_0045d370 FUN_0045fcc0 FUN_0045fd40 FUN_0045fdb0 FUN_0045ff20 FUN_0045ffa0 FUN_00460160 FUN_00476360 FUN_00477e10 FUN_00487bd0 FUN_00488510 FUN_00488620 FUN_004886a0 FUN_00489250 FUN_00489460 LeaveCriticalSection"
00462010,FUN_00462010,786,1,"FUN_00403b10 FUN_00403b50 FUN_00403ba0 FUN_00415ca0 FUN_00422240 FUN_00422280 FUN_0045fcc0 FUN_0045fd40 FUN_0045fdb0 FUN_00462340 FUN_00463600 FUN_00476360 FUN_00488620 FUN_004886a0"
00462340,FUN_00462340,4789,1,"FUN_00477e10 FUN_00488510 FUN_00489250"
00463600,FUN_00463600,4933,1,"FUN_00460030 FUN_00476f10 FUN_00477160 FUN_00488510 FUN_00489250"
00464950,FUN_00464950,709,1,"FUN_00401e20 FUN_00403b50 FUN_00403ba0 FUN_00422280 FUN_0045fcc0 FUN_0045fd40 FUN_0045fdb0 FUN_00464c30 FUN_004659d0 FUN_00465ad0 FUN_00476360 FUN_00488620 FUN_004886a0"
00464c30,FUN_00464c30,3477,1,"FUN_00477160 FUN_00488510 FUN_00489250"
004659d0,FUN_004659d0,241,3,"FUN_00464c30 FUN_00476360"
00465ad0,FUN_00465ad0,1528,1,"FUN_00477e10 FUN_00488510 FUN_00489250"
004660e0,FUN_004660e0,965,1,"EnterCriticalSection FUN_00403b10 FUN_00403b50 FUN_00403ba0 FUN_0040b880 FUN_00422240 FUN_00422280 FUN_0045fcc0 FUN_0045fd40 FUN_0045fdb0 FUN_0045fe70 FUN_00460030 FUN_00476360 FUN_00477e10 FUN_00487bd0 FUN_00488620 FUN_004886a0 FUN_00489460 LeaveCriticalSection"
004664c0,FUN_004664c0,1687,1,"EnterCriticalSection FUN_00403b10 FUN_00403b50 FUN_00403ba0 FUN_0040b880 FUN_00422240 FUN_00422280 FUN_0045fcc0 FUN_0045fd40 FUN_0045fdb0 FUN_0045fe70 FUN_00460030 FUN_00476360 FUN_00477e10 FUN_00487bd0 FUN_00488620 FUN_004886a0 FUN_00488be0 FUN_00489460 LeaveCriticalSection"
00466b70,FUN_00466b70,2193,1,"FUN_00403b10 FUN_00403b50 FUN_00403ba0 FUN_00422280 FUN_004229c0 FUN_00424670 FUN_0043e180 FUN_0044d530 FUN_00452b30 FUN_0045fcc0 FUN_0045fd40 FUN_0045fdb0 FUN_0045fe70 FUN_00460030 FUN_00460110 FUN_00476360 FUN_00488510 FUN_00488620 FUN_004886a0 FUN_00488c30"
00467420,FUN_00467420,801,1,"FUN_00403b10 FUN_00403b50 FUN_00403ba0 FUN_004137c0 FUN_00422280 FUN_004229c0 FUN_00424670 FUN_0043e150 FUN_0044d530 FUN_0045fcc0 FUN_0045fd40 FUN_0045fdb0 FUN_00460030 FUN_00476360 FUN_00488620"
00467760,FUN_00467760,1193,1,"FUN_00402aa0 FUN_00403b10 FUN_00403b50 FUN_00403ba0 FUN_00422280 FUN_004229c0 FUN_00424670 FUN_0044d530 FUN_0045fcc0 FUN_0045fd40 FUN_0045fdb0 FUN_00476360 FUN_00488620"
00467c20,FUN_00467c20,405,1,"FUN_0040c570"
00467dc0,FUN_00467dc0,493,0,"FID_conflict:_free FUN_0045bb60 FUN_0045bf50 FUN_0045cc80 FUN_00490390 FUN_0049039f FUN_00490cf2 FUN_00490d92 FUN_00490f2b FUN_0049b080 FindClose FindFirstFileA FindNextFileA"
00467fd0,FUN_00467fd0,1604,1,"EnterCriticalSection FID_conflict:_free FUN_00403b10 FUN_00403b50 FUN_00403ba0 FUN_00403fb0 FUN_0040b880 FUN_00422240 FUN_00422280 FUN_004229c0 FUN_00424670 FUN_0044d530 FUN_00452b30 FUN_0045bb60 FUN_0045d370 FUN_0045fcc0 FUN_0045fd40 FUN_0045fdb0 FUN_00476360 FUN_00477e10 FUN_00487bd0 FUN_00488510 FUN_00488620 FUN_004886a0 FUN_00489460 FUN_0049b080 LeaveCriticalSection"
00468630,FUN_00468630,1442,1,"FUN_0040c570 FUN_004915bf"
00468be0,FUN_00468be0,2265,1,"EnterCriticalSection FUN_00402aa0 FUN_00403b50 FUN_00403ba0 FUN_0040b880 FUN_0041fa20 FUN_00422280 FUN_0045fcc0 FUN_0045fd40 FUN_0045fdb0 FUN_00460280 FUN_004694e0 FUN_00476360 FUN_00477e10 FUN_00487bd0 FUN_00488620 FUN_004886a0 FUN_00489460 FUN_0049b080 LeaveCriticalSection"
004694e0,FUN_004694e0,1214,1,"FUN_00486da0 FUN_00488510 FUN_00490390 ___report_rangecheckfailure"
004699a0,FUN_004699a0,984,1,"FUN_0040c570 FUN_004915bf __aulldiv"
00469d80,FUN_00469d80,1590,1,"EnterCriticalSection FID_conflict:_free FUN_00403b50 FUN_00403ba0 FUN_00409040 FUN_0040b880 FUN_00422240 FUN_00422280 FUN_0044d360 FUN_0044d3e0 FUN_0044fdc0 FUN_0045bb60 FUN_0045fcc0 FUN_0045fd40 FUN_0045fdb0 FUN_00476360 FUN_00477e10 FUN_00487bd0 FUN_00488510 FUN_00488620 FUN_004886a0 FUN_00489460 LeaveCriticalSection"
0046a3d0,FUN_0046a3d0,1078,1,"FUN_0040c570 FUN_004915bf"
0046a810,FUN_0046a810,1386,1,"FID_conflict:_free FUN_00403b50 FUN_00403ba0 FUN_00422280 FUN_0044d360 FUN_0044d3e0 FUN_0045bb60 FUN_0045bf50 FUN_0045c020 FUN_0045c410 FUN_0045c460 FUN_0045fcc0 FUN_0045fd40 FUN_0045fdb0 FUN_00476360 FUN_00488510 FUN_00488620 FUN_004886a0 FUN_00490390 FUN_00490cf2 FUN_0049b080"
0046ada0,FUN_0046ada0,1005,1,"FUN_0040c570 FUN_004915bf"
0046b190,FUN_0046b190,524,1,"EnterCriticalSection FID_conflict:_free FUN_0040b880 FUN_0043e9d0 FUN_0043eb40 FUN_0043ec40 FUN_0045fcc0 FUN_0045fdb0 FUN_00477e10 FUN_00487bd0 FUN_00488620 FUN_00489460 FUN_0049039f LeaveCriticalSection"
0046b3a0,FUN_0046b3a0,3282,1,"EnterCriticalSection FID_conflict:_free FUN_00402db0 FUN_00403b50 FUN_00403ba0 FUN_0040b880 FUN_004124f0 FUN_0041f5d0 FUN_00422280 FUN_0044d360 FUN_0044d3e0 FUN_0045fcc0 FUN_0045fd40 FUN_0045fdb0 FUN_0046c090 FUN_0046c0d0 FUN_00476360 FUN_00476f10 FUN_00477e10 FUN_004869c0 FUN_00487bd0 FUN_00488510 FUN_00488620 FUN_00488a20 FUN_00488c10 FUN_00488c30 FUN_00489460 LeaveCriticalSection"
0046c090,FUN_0046c090,57,2,""
0046c0d0,FUN_0046c0d0,92,3,""
0046c1b0,FUN_0046c1b0,17,2,""
0046c210,thunk_FUN_0046c340,5,1,"FUN_0046c340"
0046c220,FUN_0046c220,146,2,"FUN_0046c340 FUN_0046c5b0 FUN_0046c8b0 FUN_0046c980 FUN_0046ca50 FUN_0049039f"
0046c2c0,FUN_0046c2c0,113,2,"FUN_0046c340 FUN_0046c5b0 FUN_0046c8b0 FUN_0049039f"
0046c340,FUN_0046c340,126,1,"FID_conflict:_free FID_conflict:_free FUN_0046c980 `eh_vector_destructor_iterator'"
0046c3f0,FUN_0046c3f0,325,3,"FID_conflict:_free FUN_00402b80 FUN_0046c560 FUN_0046c980 FUN_0046d590 _malloc"
0046c540,FUN_0046c540,28,2,"FUN_0046c560"
0046c560,FUN_0046c560,73,2,"__stricmp"
0046c5b0,FUN_0046c5b0,385,2,"FID_conflict:_free FUN_00402b80 FUN_0046c740 FUN_0046d590 FUN_00490390 _malloc"
0046c740,FUN_0046c740,355,3,"FUN_0048fd3e FUN_00490d92 _malloc"
0046c8b0,FUN_0046c8b0,68,1,"_malloc"
0046c900,FUN_0046c900,26,1,"FID_conflict:_free"
0046c930,FUN_0046c930,59,1,""
0046c980,FUN_0046c980,1,0,""
0046c9d0,FUN_0046c9d0,69,2,"CloseHandle FID_conflict:_free"
0046ca20,FUN_0046ca20,46,1,"CloseHandle"
0046ca50,FUN_0046ca50,436,3,"CreateFileA DeleteFileA FUN_00490390 FUN_00490640 FUN_004910e0 GetModuleFileNameA SetFilePointer"
0046cc10,FUN_0046cc10,34,1,"CloseHandle"
0046cc40,FUN_0046cc40,58,3,"ReadFile"
0046cc80,FUN_0046cc80,64,3,"WriteFile"
0046ccc0,FUN_0046ccc0,25,1,"SetFilePointer"
0046cce0,FUN_0046cce0,21,1,"GetFileSize"
0046cd00,FUN_0046cd00,38,3,"SetFilePointer"
0046cd30,FUN_0046cd30,137,2,"FID_conflict:_free _malloc"
0046ce40,FUN_0046ce40,9,2,"FUN_00490640"
0046ce60,FUN_0046ce60,34,2,"FID_conflict:_free"
0046cea0,FUN_0046cea0,25,1,"FUN_004910e0"
0046cec0,FUN_0046cec0,215,1,"FUN_00490390 FUN_004910e0"
0046cfd0,FUN_0046cfd0,212,1,"CloseHandle FUN_0046c3f0 FUN_0046ca50 FUN_0046cd30 FUN_0046cec0 FUN_004910e0 GetFileSize"
0046d0b0,FUN_0046d0b0,227,1,"CloseHandle FUN_0046c560 FUN_0046ca50 FUN_0046cec0 FUN_004910e0 GetFileSize"
0046d1b0,FUN_0046d1b0,974,3,"FUN_0046d7b0 FUN_0046d800 FUN_0046da40 _malloc"
0046d590,FUN_0046d590,485,4,"_malloc"
0046d7b0,FUN_0046d7b0,68,0,"___report_rangecheckfailure"
0046d800,FUN_0046d800,561,2,""
0046da40,FUN_0046da40,288,1,"FUN_0046da40 FUN_0046db80"
0046db80,FUN_0046db80,46,1,""
0046dbc0,FUN_0046dbc0,5,0,""
0046dbf0,FUN_0046dbf0,84,2,"FID_conflict:_free FID_conflict:_free"
0046dc50,FUN_0046dc50,61,1,"FID_conflict:_free"
0046dc90,FUN_0046dc90,44,2,"FUN_0046cfd0 FUN_0046d0b0"
0046dcc0,FUN_0046dcc0,49,1,"FID_conflict:_free"
0046dd00,FUN_0046dd00,89,3,"FUN_00492870"
0046dd60,FUN_0046dd60,7,1,""
0046dd70,FUN_0046dd70,4,1,""
0046dd80,FUN_0046dd80,120,3,""
0046de10,FUN_0046de10,200,3,"CreateProcessA GetExitCodeProcess"
0046df00,FUN_0046df00,84,2,"FID_conflict:_free FID_conflict:_free"
0046df60,FUN_0046df60,61,1,"FID_conflict:_free"
0046dfa0,FUN_0046dfa0,149,2,"FUN_00492870 FindResourceA FreeResource LoadResource LockResource SizeofResource _malloc"
0046e090,FUN_0046e090,39,2,"FID_conflict:_free FUN_00403f30"
0046e0c0,FUN_0046e0c0,70,1,"FUN_00403f30 FUN_004908d9"
0046e110,FUN_0046e110,451,0,"EnterCriticalSection FUN_004ba27d LeaveCriticalSection QueryPerformanceCounter Sleep timeGetTime"
0046e310,FUN_0046e310,125,1,"FUN_00470540"
0046e390,FUN_0046e390,59,1,"DeleteObject FID_conflict:_free"
0046e3d0,FUN_0046e3d0,60,2,"FUN_00470540"
0046e410,FUN_0046e410,73,1,"CreateFontA DeleteObject"
0046e460,FUN_0046e460,24,1,"DeleteObject"
0046e4e0,FUN_0046e4e0,122,0,"DeleteDC DeleteObject SelectObject"
0046e580,FUN_0046e580,398,3,"CreateCompatibleDC CreateDIBSection FUN_0046e4e0 FUN_00490390 FUN_0049b080 SelectObject"
0046e740,FUN_0046e740,63,1,""
0046e780,FUN_0046e780,37,3,""
0046e7b0,FUN_0046e7b0,49,3,""
0046e7f0,FUN_0046e7f0,938,1,""
0046eba0,FUN_0046eba0,387,1,"FID_conflict:_free FUN_00492870 _malloc"
0046ed30,FUN_0046ed30,178,1,""
0046edf0,FUN_0046edf0,167,2,""
0046eea0,FUN_0046eea0,291,7,"CreateFontA DeleteObject FID_conflict:_free FUN_0046efd0 FUN_00470540 FUN_00490390"
0046efd0,FUN_0046efd0,461,7,"DrawTextA FUN_00490390 SelectObject SetBkMode SetTextColor"
0046f1a0,FUN_0046f1a0,226,2,"FUN_00490390 FUN_00492870"
0046f290,FUN_0046f290,237,2,"FUN_00490390 FUN_00492870"
0046f380,FUN_0046f380,660,6,"FUN_00490390"
0046f620,FUN_0046f620,37,2,"D3DXCreateTexture"
0046f650,FUN_0046f650,80,1,""
0046f6a0,FUN_0046f6a0,1152,0,"CreateFontA EnterCriticalSection EnumFontFamiliesExA FUN_0046e580 FUN_00490390 GetDC LeaveCriticalSection ReleaseDC"
0046fb90,FUN_0046fb90,830,10,"D3DXLoadSurfaceFromMemory FUN_0046e7f0 FUN_0046eba0 FUN_0046ed30 FUN_00490390 FUN_0049b080 SelectObject SetBkMode SetTextColor TextOutA"
0046ff00,FUN_0046ff00,54,2,"FUN_00470540"
0046ff40,FUN_0046ff40,63,2,""
0046ff90,FUN_0046ff90,54,2,"FUN_0049027c"
0046ffe0,FUN_0046ffe0,24,3,"FUN_00491bf0"
00470000,FUN_00470000,153,3,"FUN_0049027c FUN_00491bf0"
004700a0,FUN_004700a0,288,4,"FUN_00470000 FUN_00470330 FUN_0049024e FUN_0049027c FUN_00492870"
00470240,FUN_00470240,43,1,"FUN_004901cb FUN_0049039f"
00470270,FUN_00470270,43,1,"FUN_004901cb FUN_0049039f"
004702a0,FUN_004702a0,8,2,""
004702c0,FUN_004702c0,21,2,""
004702e0,FUN_004702e0,18,3,""
00470310,FUN_00470310,21,2,""
00470330,FUN_00470330,244,3,"FID_conflict:_free FUN_004901cb FUN_0049039f FUN_00492870"
004703c5,Catch_All@004703c5,32,0,"FUN_00470270"
00470402,Catch_All@00470402,45,0,"FID_conflict:_free FUN_004931bd"
00470480,FUN_00470480,176,3,"FID_conflict:_free FUN_00470330 FUN_0049024e FUN_00492870"
00470540,FUN_00470540,246,3,"FUN_004700a0 FUN_00470330 FUN_0049024e FUN_00492870"
00470640,length,29,1,""
00470660,FUN_00470660,54,2,"FUN_00470540"
00470700,FUN_00470700,20,2,""
00470780,FUN_00470780,38,1,"FID_conflict:_free"
00470820,FUN_00470820,24,3,"FUN_00492870"
00470840,FUN_00470840,18,1,"FID_conflict:_free"
00470860,FUN_00470860,18,1,"FID_conflict:_free"
004708a0,FUN_004708a0,10,1,""
004708b0,FUN_004708b0,15,2,""
004708e0,FUN_004708e0,33,2,""
00470910,FUN_00470910,70,3,"FID_conflict:_free FUN_00492870"
00470980,FUN_00470980,37,2,"__hypot"
004709b0,FUN_004709b0,1,0,""
004709c0,FUN_004709c0,151,1,"FUN_004014f0 FUN_00401730 FUN_00403f30"
00470aa0,FUN_00470aa0,97,1,"FUN_00402ff0 FUN_00403490 MessageBoxA"
00470b70,FUN_00470b70,22,2,""
00470bd0,FUN_00470bd0,14,2,""
00470c00,FUN_00470c00,15,2,""
00470c10,FUN_00470c10,34,2,"FID_conflict:_free"
00470c60,FUN_00470c60,20,3,""
00470ca0,FUN_00470ca0,32,2,""
00470cc0,FUN_00470cc0,18,3,""
00470ce0,FUN_00470ce0,51,3,""
00470d20,FUN_00470d20,30,3,""
00470d50,FUN_00470d50,6,0,""
00470d60,FUN_00470d60,112,2,"FUN_00470540 FUN_0049033c"
00470dd0,FUN_00470dd0,34,2,"FID_conflict:_free"
00470e20,FUN_00470e20,6,0,""
00470e30,FUN_00470e30,79,2,"FUN_00470540 FUN_00470d60"
00470e80,FUN_00470e80,34,2,"FID_conflict:_free"
00470ed0,FUN_00470ed0,6,0,""
00470ee0,FUN_00470ee0,112,2,"FUN_00470540 FUN_00490366"
00470f50,FUN_00470f50,49,2,"FUN_0049033c"
00470f90,FUN_00470f90,34,2,"FID_conflict:_free"
00470ff0,FUN_00470ff0,121,0,""
00471070,FUN_00471070,179,0,""
00471130,FUN_00471130,291,0,"D3DXLoadSurfaceFromSurface FUN_0047e3f0 FUN_00490390"
00471260,FUN_00471260,12,2,""
00471270,FUN_00471270,15,1,""
004712a0,FUN_004712a0,25,1,""
004712c0,FUN_004712c0,25,1,""
004712e0,FUN_004712e0,81,2,"FUN_00470540"
00471340,FUN_00471340,2916,1,"CreateMutexA CreateThread DeleteCriticalSection DestroyWindow Direct3DCreate9 DispatchMessageA FID_conflict:_free FUN_00401310 FUN_00401a20 FUN_00401b20 FUN_00402b10 FUN_00402ff0 FUN_00403490 FUN_00403560 FUN_00403f30 FUN_004077c0 FUN_0044c6b0 FUN_0044ca60 FUN_0044d040 FUN_0044f300 FUN_0044f5b0 FUN_004709c0 FUN_00470ff0 FUN_00471070 FUN_004721c0 FUN_004723d0 FUN_00472790 FUN_004729c0 FUN_00472c90 FUN_00472ea0 FUN_00472f50 FUN_004731d0 FUN_00473460 FUN_00473710 FUN_00473a30 FUN_00473bc0 FUN_00473f70 FUN_00474300 FUN_004755a0 FUN_00475a10 FUN_00483100 FUN_00484590 FUN_00490390 FUN_0049039f FUN_0049b080 GetDlgItem GetKeyboardState GetLastError GetSystemMetrics GetWindowRect InitializeCriticalSection IsDialogMessageA IsDlgButtonChecked MessageBoxA MoveWindow PeekMessageA SendMessageA SetCursor SetForegroundWindow SetWindowLongA SetWindowPos ShowCursor ShowWindow Sleep SystemParametersInfoA TranslateMessage WINNLSEnableIME __alloca_probe timeBeginPeriod timeEndPeriod"
00471eb0,FUN_00471eb0,23,1,"FID_conflict:_free FUN_004709c0"
00471ed0,FUN_00471ed0,23,1,"FID_conflict:_free FUN_00484590"
00471ef0,FUN_00471ef0,18,1,"FID_conflict:_free"
00471f10,FUN_00471f10,606,4,"DefWindowProcA LoadCursorA SetCursor SetForegroundWindow ShowCursor"
004721c0,FUN_004721c0,416,1,"FUN_004709b0 FUN_00490640 FUN_00490f2b FUN_0049120b GetEnvironmentVariableA GetModuleFileNameA GetProcAddress LoadLibraryA QueryPerformanceCounter QueryPerformanceFrequency SystemParametersInfoA"
004723d0,FUN_004723d0,329,1,"FUN_004014f0 FUN_00401620 FUN_00403f30 FUN_0044d630 FUN_0044def0 FUN_00472530 FUN_00472c90 FUN_0047e3a0 FUN_0047e3f0"
00472530,FUN_00472530,597,1,"FUN_00420060 FUN_004335f0 FUN_0044f300 FUN_0044f5b0 FUN_00470ff0 FUN_00471070 FUN_00472be0 FUN_00472c90 FUN_00473710 Sleep"
00472790,FUN_00472790,409,1,"FUN_004014f0 FUN_00401620 FUN_00403f30 FUN_0044d630 FUN_0044def0 FUN_00472940 FUN_00472c90 FUN_0047e3a0 FUN_0047e3f0 Sleep"
00472940,FUN_00472940,115,0,"FUN_00420060 FUN_004335f0 FUN_0044f300 FUN_0044f5b0 FUN_00470ff0 FUN_00471070 FUN_00472be0 FUN_00473710"
004729c0,FUN_004729c0,274,1,"FUN_004014f0 FUN_00401620 FUN_00403f30 FUN_0044d630 FUN_0044def0 FUN_00472ae0 FUN_00472c90 FUN_0047e3a0 FUN_0047e3f0"
00472ae0,FUN_00472ae0,247,1,"FUN_00420060 FUN_004335f0 FUN_0044f300 FUN_0044f5b0 FUN_00470ff0 FUN_00471070 FUN_00472be0 FUN_00472c90 FUN_00473710 Sleep"
00472be0,FUN_00472be0,168,0,"FUN_00402f70 FUN_0044cbf0 FUN_00471130 FUN_00490390 FUN_00490cf2 FUN_00490f2b FUN_0049120b"
00472c90,FUN_00472c90,308,0,"EnterCriticalSection FUN_004ba27d LeaveCriticalSection QueryPerformanceCounter timeGetTime"
00472dd0,FUN_00472dd0,155,0,"FUN_004ba27d QueryPerformanceCounter timeGetTime"
00472ea0,FUN_00472ea0,174,1,""
00472f50,FUN_00472f50,486,1,"CreateWindowExA FUN_00472ea0 GetStockObject GetSystemMetrics GetWindowRect LoadCursorA RegisterClassA SendMessageA Sleep"
004731d0,FUN_004731d0,638,1,"FUN_00403490 FUN_00403560 GetDC GetDeviceCaps ReleaseDC"
00473460,FUN_00473460,681,0,"FUN_00403490 FUN_004731d0 FUN_00473710 FUN_00490390 FUN_0049b080"
00473710,FUN_00473710,750,1,""
00473a30,FUN_00473a30,371,0,"FUN_00402f70 FUN_00473cb0 FUN_00490390 FUN_00490640 FUN_0049b080 GetConsoleTitleA GetModuleFileNameA GetStartupInfoA __stricmp"
00473bc0,FUN_00473bc0,240,0,"FID_conflict:_free FUN_00402db0 FUN_00490390 GetModuleFileNameA"
00473cb0,FUN_00473cb0,297,2,"CoCreateInstance CoInitialize CoUninitialize FID_conflict:_free FUN_0048fd3e FUN_00490390 MultiByteToWideChar"
00473de0,FUN_00473de0,369,3,"DestroyWindow FUN_00473f70 GetDlgItem SendMessageA"
00473f70,FUN_00473f70,186,0,"IsDlgButtonChecked"
00474030,FUN_00474030,415,1,"DirectInput8Create FUN_00403490 FUN_0044f790"
00474220,FUN_00474220,65,1,""
00474270,FUN_00474270,131,1,"FUN_00490390"
00474300,FUN_00474300,79,0,"FUN_00474030"
00474380,FUN_00474380,27,1,"FUN_0049b080"
004743a0,FUN_004743a0,145,1,""
00474440,FUN_00474440,105,1,"FUN_004743a0 FUN_0047e3f0"
00474510,FUN_00474510,466,2,"FUN_0047e3f0 FUN_00490390"
00474700,FUN_00474700,477,5,"FUN_0047e3f0 FUN_00490390"
004748e0,FUN_004748e0,152,1,"FUN_00474510 FUN_0047e3f0"
00474a10,FUN_00474a10,78,1,"FUN_00474510"
00474bd0,FUN_00474bd0,78,1,"FUN_00474510"
00474c20,FUN_00474c20,43,1,"FUN_00474510"
00474d40,FUN_00474d40,112,1,"FUN_00474510"
00474db0,FUN_00474db0,468,1,"FUN_004036a0"
00474f90,FUN_00474f90,529,1,"FUN_004036a0 FUN_00408ba0"
004751b0,FUN_004751b0,25,1,"FID_conflict:_free FUN_00475480"
004751d0,FUN_004751d0,23,1,"FID_conflict:_free FUN_00475480"
004751f0,FUN_004751f0,85,6,"FUN_004752c0 FUN_0049039f FUN_0049b080"
00475250,FUN_00475250,23,1,"FID_conflict:_free FUN_00475480"
004752c0,FUN_004752c0,406,7,"FUN_00401390 FUN_00401440 FUN_004017e0"
00475480,FUN_00475480,176,1,"EnterCriticalSection FUN_004018a0 LeaveCriticalSection"
00475530,FUN_00475530,1,0,""
00475540,FUN_00475540,69,1,"CreateThread FUN_0049b080"
004755a0,FUN_004755a0,170,0,"CloseHandle Sleep WaitForSingleObject"
00475690,FUN_00475690,675,2,"DirectSoundCreate8 FID_conflict:_free FUN_00403490 FUN_00476ba0 FUN_0048a760 FUN_00490390 FUN_0049039f FUN_0049b080 SetTimer"
00475940,FUN_00475940,36,1,"FID_conflict:_free"
004759e0,FUN_004759e0,39,0,"CreateThread"
00475a10,FUN_00475a10,298,0,"FID_conflict:_free FID_conflict:_free FUN_00476170 KillTimer"
00475b40,FUN_00475b40,88,4,"_strncmp"
00475ba0,FUN_00475ba0,219,2,"FUN_00490390 FUN_00490640"
00475c80,FUN_00475c80,40,3,"FUN_00402db0"
00475cb0,FUN_00475cb0,34,1,"FUN_00402db0"
00475ce0,FUN_00475ce0,221,1,"CreateEventA CreateThread FUN_00476170 FUN_0048a840"
00475dc0,FUN_00475dc0,87,1,"FUN_00475ba0 FUN_0048c1b0"
00475e20,FUN_00475e20,470,2,"CloseHandle CreateFileA EnterCriticalSection FID_conflict:_free FUN_00407980 FUN_00475ba0 FUN_004770d0 LeaveCriticalSection ReadFile SetFilePointer _malloc"
00476000,FUN_00476000,293,1,"CreateEventA CreateThread FUN_00475dc0 FUN_0048abf0"
00476130,FUN_00476130,55,2,"FUN_0048b880"
00476170,FUN_00476170,150,1,"CloseHandle FUN_0048b9d0 PostThreadMessageA WaitForSingleObject"
00476210,FUN_00476210,331,1,"CloseHandle Sleep WaitForSingleObject"
00476360,FUN_00476360,145,1,""
00476400,FUN_00476400,168,1,""
004764e0,FUN_004764e0,132,1,""
00476570,FUN_00476570,1344,0,"CloseHandle EnterCriticalSection FUN_00475ba0 FUN_00475e20 FUN_00476000 FUN_00476170 FUN_00476ae0 FUN_0048b170 FUN_0048b450 FUN_0048b810 FUN_0048b880 FUN_0048b950 FUN_0048b9d0 FUN_0048ba50 FUN_0048bae0 FUN_0048bfd0 FUN_0048c1b0 FUN_0048c490 LeaveCriticalSection PostThreadMessageA WaitForSingleObject"
00476ae0,FUN_00476ae0,182,2,""
00476ba0,FUN_00476ba0,699,1,"FID_conflict:_free FUN_00403490 FUN_00475b40 FUN_004770d0 FUN_00490390 FUN_00492870 Sleep _strncmp"
00476e60,FUN_00476e60,172,0,"FUN_0048bd70 MsgWaitForMultipleObjects PeekMessageA"
00476f10,FUN_00476f10,150,4,"EnterCriticalSection LeaveCriticalSection"
00477040,FUN_00477040,18,2,""
00477060,FUN_00477060,13,2,""
00477070,FUN_00477070,44,2,"FID_conflict:_free"
004770a0,FUN_004770a0,23,1,""
004770d0,FUN_004770d0,1,0,""
004770e0,FUN_004770e0,37,2,""
00477160,FUN_00477160,636,3,""
004773e0,FUN_004773e0,296,3,"FUN_0040d680 FUN_0049b080"
00477510,FUN_00477510,347,3,"FUN_00477e10 FUN_0049b080"
00477670,FUN_00477670,215,1,"FUN_00402db0 FUN_00402f70 FUN_00490390 FUN_00490cf2"
00477750,FUN_00477750,693,1,"FUN_004036a0 FUN_00403800 FUN_00403840 FUN_0047d6c0"
00477aa0,FUN_00477aa0,254,2,"FUN_004036a0"
00477c10,FUN_00477c10,176,2,""
00477d20,FUN_00477d20,108,2,""
00477dd0,FUN_00477dd0,62,2,""
00477e10,FUN_00477e10,12743,1,"FUN_004036a0 FUN_00403800 FUN_00403840 FUN_004038c0 FUN_00407400 FUN_00408ba0 FUN_00408cd0 FUN_00408ea0 FUN_00409040 FUN_00409090 FUN_00409980 FUN_00409a30 FUN_004126c0 FUN_004159f0 FUN_0041f250 FUN_00422900 FUN_0045b280 FUN_00477160 FUN_00477750 FUN_00477aa0 FUN_00477c10 FUN_00477d20 FUN_00477dd0 FUN_0047b410 FUN_0047b610 FUN_0047be30 FUN_0047cae0 FUN_0047d1a0 FUN_0047d230 FUN_0047d2d0 FUN_0047d370 FUN_0047d410 FUN_0047d520 FUN_0047d640 FUN_00481e60 FUN_00482b20 FUN_004882e0 FUN_00488420 FUN_00488a20 FUN_00490390 FUN_004b9eba FUN_004ba2b0 FUN_004ba7d0 FUN_004baae0 FUN_004baca0 FUN_004baf70"
0047b410,FUN_0047b410,508,1,""
0047b610,FUN_0047b610,2024,1,"FUN_00403920 FUN_00409810 FUN_0047d640"
0047be30,FUN_0047be30,499,1,"FUN_0040a540 FUN_0041f010 FUN_0047c170 FUN_0047c530 FUN_0047c720 FUN_0047cb30"
0047c030,FUN_0047c030,158,3,""
0047c0d0,FUN_0047c0d0,48,2,"FUN_00477e10"
0047c100,FUN_0047c100,103,4,"FUN_0040b880 FUN_00477e10"
0047c170,FUN_0047c170,930,2,"FUN_00404500"
0047c530,FUN_0047c530,484,1,"FUN_00404500"
0047c720,FUN_0047c720,853,2,"FUN_00404500 FUN_004074a0 FUN_0047cfc0 FUN_0047d020"
0047ca80,FUN_0047ca80,13,2,""
0047ca90,FUN_0047ca90,14,2,""
0047caa0,FUN_0047caa0,15,2,""
0047cab0,FUN_0047cab0,15,2,""
0047cac0,FUN_0047cac0,15,2,""
0047cad0,FUN_0047cad0,13,2,""
0047cae0,FUN_0047cae0,63,1,""
0047cb30,FUN_0047cb30,774,2,"FUN_00404500"
0047cee0,FUN_0047cee0,40,3,""
0047cf10,FUN_0047cf10,36,2,""
0047cf40,FUN_0047cf40,40,3,""
0047cfc0,FUN_0047cfc0,92,2,""
0047d020,FUN_0047d020,95,3,""
0047d080,FUN_0047d080,39,3,""
0047d0b0,FUN_0047d0b0,69,2,""
0047d100,FUN_0047d100,41,3,""
0047d130,FUN_0047d130,91,1,""
0047d1a0,FUN_0047d1a0,39,4,""
0047d1f0,FUN_0047d1f0,54,1,"FUN_004b9eba"
0047d230,FUN_0047d230,158,5,""
0047d2d0,FUN_0047d2d0,158,5,""
0047d370,FUN_0047d370,154,5,""
0047d410,FUN_0047d410,268,5,""
0047d520,FUN_0047d520,252,5,""
0047d620,FUN_0047d620,26,4,""
0047d640,FUN_0047d640,32,3,""
0047d6a0,FUN_0047d6a0,19,2,""
0047d6c0,FUN_0047d6c0,305,1,"FUN_0047d6c0"
0047d800,FUN_0047d800,25,2,""
0047d840,FUN_0047d840,804,2,"FUN_0047e3f0"
0047db90,FUN_0047db90,9,2,"FUN_0047d840"
0047dba0,FUN_0047dba0,2025,3,"FUN_0047d840 FUN_0047e3f0 FUN_0047e4c0"
0047e3a0,FUN_0047e3a0,70,0,""
0047e3f0,FUN_0047e3f0,205,1,""
0047e4c0,FUN_0047e4c0,241,2,""
0047e610,FUN_0047e610,1216,5,"FUN_00409630"
0047ead0,FUN_0047ead0,51,2,"FUN_0047dba0 FUN_0047e610"
0047eb10,FUN_0047eb10,51,2,"FUN_0047dba0 FUN_0047e610"
0047eb50,FUN_0047eb50,63,5,""
0047eb90,FUN_0047eb90,58,4,""
0047ebd0,FUN_0047ebd0,1179,5,"FUN_00409630 FUN_0047d6c0 FUN_00490390"
0047f070,FUN_0047f070,51,2,"FUN_0047dba0 FUN_0047ebd0"
0047f0b0,FUN_0047f0b0,51,2,"FUN_0047dba0 FUN_0047ebd0"
0047f0f0,FUN_0047f0f0,1180,1,"D3DXVec3Project FUN_0047d6c0 FUN_00490390 __libm_sse2_sqrt_precise"
0047f590,FUN_0047f590,43,2,"FUN_0047dba0 FUN_0047f0f0"
0047f5c0,FUN_0047f5c0,1777,2,"FUN_0047dba0 FUN_0047f0f0 __libm_sse2_sqrt_precise"
0047fcd0,FUN_0047fcd0,682,2,"D3DXMatrixMultiply D3DXMatrixRotationX D3DXMatrixRotationY D3DXMatrixRotationZ FUN_0047d6c0 FUN_00490390"
0047ff80,FUN_0047ff80,71,2,"FUN_0047dba0 FUN_0047fcd0"
0047ffd0,FUN_0047ffd0,514,2,"D3DXVec3Transform FUN_0047dba0 FUN_0047fcd0 FUN_00490390 __libm_sse2_sqrt_precise"
004801e0,FUN_004801e0,2277,2,"D3DXMatrixMultiply D3DXMatrixRotationX D3DXMatrixRotationY D3DXMatrixRotationZ FUN_00409630 FUN_0044d670 FUN_0044d6b0 FUN_0047d6c0 FUN_0047d840 FUN_0047e3f0 FUN_00490390"
00480ae0,FUN_00480ae0,1273,4,"D3DXMatrixMultiply D3DXMatrixRotationX D3DXMatrixRotationY D3DXMatrixRotationZ FUN_0044d670 FUN_0044d6b0 FUN_0047d840 FUN_0047e3f0 FUN_00490390"
00480fe0,FUN_00480fe0,221,3,""
004810c0,FUN_004810c0,221,3,""
004811a0,FUN_004811a0,42,3,""
004811d0,FUN_004811d0,336,4,"FUN_0047d840 FUN_0047e3f0"
00481320,FUN_00481320,198,3,"FUN_0047d840 FUN_0047e3f0 FUN_0047e4c0"
004813f0,FUN_004813f0,334,4,"FUN_0047d840 FUN_0047e3f0"
00481540,FUN_00481540,334,4,"FUN_0047d840 FUN_0047e3f0"
00481690,FUN_00481690,313,4,"FUN_0047d840 FUN_0047e3f0"
004817d0,FUN_004817d0,1554,2,"FUN_00409810 FUN_0044d5f0 FUN_0044d630 FUN_0044d6b0 FUN_0047d840 FUN_0047dba0 FUN_0047e610 FUN_0047ebd0 FUN_0047f590 FUN_0047f5c0 FUN_0047ff80 FUN_0047ffd0 FUN_004801e0 FUN_00480ae0 FUN_004811d0 FUN_00481690 FUN_00481ed0 FUN_00482200 FUN_004822d0 FUN_00482680 FUN_00482850"
00481e60,FUN_00481e60,81,2,"FUN_0047e610 FUN_0047ebd0"
00481ed0,FUN_00481ed0,816,7,"FUN_0047e3f0"
00482200,FUN_00482200,194,7,"FUN_00481ed0"
004822d0,FUN_004822d0,571,5,"FUN_0047e3f0 FUN_00482a80"
00482510,FUN_00482510,345,4,"FUN_0047e3f0"
00482680,FUN_00482680,458,4,"FUN_0047e3f0 FUN_00482a80"
00482850,FUN_00482850,553,5,"FUN_0047e3f0 FUN_00482a80"
00482a80,FUN_00482a80,32,3,""
00482ab0,FUN_00482ab0,56,1,"__libm_sse2_sqrt_precise"
00482af0,FUN_00482af0,39,2,""
00482b20,FUN_00482b20,676,1,"FID_conflict:_free FUN_00403840 FUN_00483080 _malloc"
00482dd0,FUN_00482dd0,636,1,"FUN_00483080"
00483080,FUN_00483080,32,3,""
004830a0,FUN_004830a0,44,1,"FID_conflict:_free"
004830d0,FUN_004830d0,3,1,""
004830e0,FUN_004830e0,3,1,""
004830f0,FUN_004830f0,3,1,""
00483100,FUN_00483100,5167,1,"FUN_00401390 FUN_00401440 FUN_0040d680 FUN_0040db10 FUN_0049039f FUN_00490d92 FUN_0049b080"
00484530,FUN_00484530,12,1,"FUN_0040db10"
00484540,FUN_00484540,61,1,"FID_conflict:_free"
00484590,FUN_00484590,322,1,"FID_conflict:_free FUN_00403f30 FUN_00487eb0 FUN_00488090 `eh_vector_destructor_iterator'"
004846e0,FUN_004846e0,2075,0,""
00484f10,FUN_00484f10,37,3,""
00484f40,FUN_00484f40,49,3,""
00484f80,FUN_00484f80,49,3,""
00484fc0,FUN_00484fc0,48,3,""
00484ff0,FUN_00484ff0,1921,1,"FUN_00490390"
004857b0,FUN_004857b0,101,3,"D3DXLoadSurfaceFromFileInMemory FUN_00484ff0"
00485820,FUN_00485820,572,7,"D3DXCreateTexture D3DXCreateTextureFromFileInMemoryEx D3DXLoadSurfaceFromSurface FUN_00484ff0 FUN_00490390"
00485a60,FUN_00485a60,459,5,"D3DXCreateTexture D3DXLoadSurfaceFromMemory FUN_00490390"
00485c30,FUN_00485c30,72,4,"D3DXCreateTexture"
00485c80,FUN_00485c80,68,3,""
00485cd0,FUN_00485cd0,64,1,"FUN_00485ed0 FUN_00486110 FUN_0048a6d0"
00485d20,FUN_00485d20,424,2,"FUN_00402db0 FUN_00403560 FUN_00486010 FUN_00490390 FUN_00490cf2 FUN_0049b080 _malloc"
00485ed0,FUN_00485ed0,154,3,"FID_conflict:_free FUN_00403560 FUN_00485d20 FUN_0048a6d0 FUN_0049039f FUN_0049b080"
00485f70,FUN_00485f70,147,2,"FUN_00485ed0 FUN_0048a6d0 Sleep"
00486010,FUN_00486010,245,3,"FUN_00402db0 FUN_00403560 FUN_00490390 FUN_00490cf2"
00486110,FUN_00486110,482,1,"FUN_0040d680 FUN_004773e0 FUN_00477e10 FUN_00486300"
00486300,FUN_00486300,740,5,"FUN_00403560 FUN_00485820 FUN_00485a60 FUN_00485c30 FUN_00485c80 FUN_00486870 FUN_00490390"
004865f0,FUN_004865f0,135,0,"FID_conflict:_free FUN_00486110 FUN_00486700"
004866c0,FUN_004866c0,63,2,"FID_conflict:_free FUN_00486700"
00486700,FUN_00486700,300,1,"FID_conflict:_free FUN_004889a0"
00486830,FUN_00486830,53,1,"FID_conflict:_free"
00486870,FUN_00486870,234,3,""
00486960,FUN_00486960,96,11,"FUN_0046fb90"
004869c0,FUN_004869c0,282,8,"FUN_0046fb90 FUN_00490390 FUN_004908c1"
00486ae0,FUN_00486ae0,285,9,"FUN_0046fb90 FUN_00490390 FUN_004908c1"
00486c00,FUN_00486c00,413,7,"FUN_0046fb90 FUN_00490390 FUN_004908c1"
00486da0,FUN_00486da0,405,7,"FUN_0046fb90 FUN_00490390 FUN_004908c1"
00486f40,FUN_00486f40,255,2,"D3DXLoadSurfaceFromSurface FUN_0047e3f0 FUN_00490390"
00487040,FUN_00487040,218,7,"D3DXLoadSurfaceFromSurface FUN_0047e3f0"
00487120,FUN_00487120,120,5,"D3DXLoadSurfaceFromSurface FUN_0047e3f0"
00487740,FUN_00487740,326,1,"EnterCriticalSection FUN_00477e10 FUN_00487a60 FUN_00487eb0 FUN_00490390 LeaveCriticalSection"
00487890,FUN_00487890,451,1,"EnterCriticalSection FUN_00477e10 FUN_00487a60 FUN_00487eb0 FUN_00490390 LeaveCriticalSection"
00487a60,FUN_00487a60,164,2,"FUN_00487a60"
00487b60,FUN_00487b60,112,2,"EnterCriticalSection FUN_004817d0 LeaveCriticalSection"
00487bd0,FUN_00487bd0,177,2,""
00487c90,FUN_00487c90,172,2,""
00487d40,FUN_00487d40,177,2,""
00487e00,FUN_00487e00,172,2,""
00487eb0,FUN_00487eb0,480,2,"FID_conflict:_free FUN_0044c940"
00488090,FUN_00488090,207,2,"FID_conflict:_free FUN_0044c940"
00488160,FUN_00488160,375,8,"EnterCriticalSection FUN_0040b880 FUN_00477e10 FUN_00487bd0 FUN_00487c90 FUN_00487d40 FUN_00487e00 FUN_00489460 LeaveCriticalSection"
004882e0,FUN_004882e0,314,5,"EnterCriticalSection FUN_0040b880 FUN_00477e10 FUN_00487bd0 FUN_00487c90 FUN_00487d40 FUN_00487e00 FUN_00489460 LeaveCriticalSection"
00488420,FUN_00488420,230,4,"EnterCriticalSection FUN_0040b880 FUN_00477e10 FUN_00487bd0 FUN_00489460 LeaveCriticalSection"
00488510,FUN_00488510,146,2,""
004885b0,FUN_004885b0,99,2,""
00488620,FUN_00488620,113,2,"FUN_00488510"
004886a0,FUN_004886a0,134,2,"FUN_00477e10 FUN_00488510"
00488730,FUN_00488730,78,1,"FUN_00488510 FUN_00488780"
00488780,FUN_00488780,67,1,"FUN_00488780"
004887d0,FUN_004887d0,74,1,"FUN_00487eb0 FUN_00488510 FUN_00488820"
00488820,FUN_00488820,65,2,"FUN_00487eb0 FUN_00488820"
00488870,FUN_00488870,49,2,"FUN_00488510"
004888b0,FUN_004888b0,34,1,"FUN_00488510"
004888e0,FUN_004888e0,43,2,"FUN_00488510"
00488910,FUN_00488910,49,2,"FUN_00488510"
00488950,FUN_00488950,34,2,""
00488980,FUN_00488980,30,2,"FUN_00488510"
004889a0,FUN_004889a0,100,2,""
00488a20,FUN_00488a20,24,1,"FUN_00488510"
00488a40,FUN_00488a40,17,2,"FUN_00488620"
00488a60,FUN_00488a60,17,2,"FUN_004886a0"
00488bb0,FUN_00488bb0,47,1,"FUN_00488510 FUN_00488c10"
00488be0,FUN_00488be0,47,1,"FUN_00488510 FUN_00488c30"
00488c10,FUN_00488c10,32,1,"FUN_00488c10"
00488c30,FUN_00488c30,32,1,"FUN_00488c30"
00488c50,FUN_00488c50,98,2,"FUN_00488510 FUN_00488c10 FUN_00489250"
00488cc0,FUN_00488cc0,98,2,"FUN_00488510 FUN_00488c30 FUN_00489250"
00488d30,FUN_00488d30,78,1,"FUN_00488510 FUN_00488780"
00488d80,FUN_00488d80,90,1,"FUN_00487eb0 FUN_00488510 FUN_00488820"
00488de0,FUN_00488de0,48,2,"FUN_00488510"
00488e30,FUN_00488e30,42,2,"FUN_00488510"
00488e60,FUN_00488e60,48,2,"FUN_00488510"
00488e90,FUN_00488e90,31,2,""
00488eb0,FUN_00488eb0,47,2,"FUN_00477160 FUN_00488510"
00488ee0,FUN_00488ee0,37,2,"FUN_00477160"
00488f10,FUN_00488f10,19,3,"FUN_00477160"
00488f30,FUN_00488f30,37,2,"FUN_0048a4c0"
00488f60,FUN_00488f60,19,3,"FUN_0048a4c0"
00488f80,FUN_00488f80,36,3,"FUN_00477160 FUN_00488510"
00488fb0,FUN_00488fb0,221,2,"EnterCriticalSection FUN_0040b880 FUN_00477e10 FUN_00487bd0 FUN_00488510 FUN_00489460 LeaveCriticalSection"
00489090,FUN_00489090,117,1,"FUN_00490390 FUN_0049b080"
00489110,FUN_00489110,225,1,"FUN_00490390 FUN_0049b080"
00489220,FUN_00489220,45,3,"FUN_00489250"
00489250,FUN_00489250,137,3,"FUN_00489250"
004892e0,FUN_004892e0,87,3,"FUN_00488510 FUN_00489250"
00489340,FUN_00489340,58,3,"FUN_00488510 FUN_00489250"
004893b0,FUN_004893b0,104,3,"EnterCriticalSection FUN_00487bd0 FUN_00489460 LeaveCriticalSection"
00489420,FUN_00489420,55,2,"FUN_00488510"
00489460,FUN_00489460,293,0,"FUN_0040d680 FUN_0040db10 FUN_0049039f"
00489590,FUN_00489590,109,0,"FUN_0040d680 FUN_00488090"
00489600,FUN_00489600,240,2,"FUN_0040d680 FUN_0040db10 FUN_0049039f"
004896f0,FUN_004896f0,65,2,"FUN_00488510 FUN_00489740"
00489740,FUN_00489740,216,4,"FUN_004328c0 FUN_00489600 FUN_00489740 FUN_00489d70"
00489820,FUN_00489820,128,2,"EnterCriticalSection FUN_004885b0 FUN_004898a0 LeaveCriticalSection"
004898a0,FUN_004898a0,326,3,"EnterCriticalSection FUN_00487bd0 FUN_00487c90 FUN_00487d40 FUN_00487e00 FUN_00489460 FUN_004898a0 FUN_00489d70 LeaveCriticalSection"
004899f0,FUN_004899f0,358,3,"FUN_004899f0 FUN_00492870"
00489b60,FUN_00489b60,49,3,"FUN_004885b0 FUN_004899f0"
00489ba0,FUN_00489ba0,39,3,"FUN_00489bd0"
00489bd0,FUN_00489bd0,290,5,"FUN_004328c0 FUN_00489600 FUN_00489bd0 FUN_00489fe0"
00489d00,FUN_00489d00,109,3,"FUN_00492870 _malloc"
00489d70,FUN_00489d70,620,3,"FUN_00492870 _malloc"
00489fe0,FUN_00489fe0,667,3,"FUN_00492870 _malloc"
0048a280,FUN_0048a280,32,1,"FUN_00488510"
0048a2a0,FUN_0048a2a0,32,1,"FUN_00488510"
0048a2c0,FUN_0048a2c0,32,1,"FUN_00488510"
0048a2e0,FUN_0048a2e0,29,1,"FUN_00488510"
0048a300,FUN_0048a300,27,1,"FUN_00488510"
0048a320,FUN_0048a320,146,2,"FUN_00409630 FUN_00488510"
0048a430,FUN_0048a430,40,2,""
0048a490,FUN_0048a490,16,2,""
0048a4c0,FUN_0048a4c0,232,3,"FUN_0040b880"
0048a5b0,FUN_0048a5b0,9,3,"FUN_00477160"
0048a5d0,FUN_0048a5d0,19,2,""
0048a5f0,FUN_0048a5f0,19,2,""
0048a620,FUN_0048a620,41,2,""
0048a650,FUN_0048a650,41,2,""
0048a6d0,FUN_0048a6d0,1,0,""
0048a6f0,FUN_0048a6f0,23,1,""
0048a710,FUN_0048a710,73,2,"DirectSoundCreate8 FUN_0048a760"
0048a760,FUN_0048a760,211,1,"FUN_00490390"
0048a840,FUN_0048a840,879,12,"CloseHandle FID_conflict:_free FUN_0048bbf0 FUN_0048c0f0 FUN_0048fd3e FUN_00490390 FUN_0049039f"
0048abc0,FUN_0048abc0,46,1,"CloseHandle FID_conflict:_free"
0048abf0,FUN_0048abf0,847,13,"FID_conflict:_free FUN_0048bbf0 FUN_0048fd3e FUN_00490390 FUN_0049039f"
0048af50,FUN_0048af50,489,5,"FUN_0048c390 FUN_0048fd3e FUN_0049b080 SetFilePointer Sleep"
0048b140,FUN_0048b140,33,2,"FID_conflict:_free FUN_0048b3d0"
0048b170,FUN_0048b170,605,2,"FID_conflict:_free FUN_0048fd3e FUN_00490390"
0048b3d0,FUN_0048b3d0,126,1,"CloseHandle FID_conflict:_free FID_conflict:_free"
0048b450,FUN_0048b450,366,4,"FUN_0048c290 FUN_0048c390 FUN_0049b080 Sleep"
0048b5c0,FUN_0048b5c0,366,5,"FUN_0048c290 FUN_0048c390 FUN_0049b080 Sleep"
0048b730,FUN_0048b730,105,2,"Sleep"
0048b7a0,FUN_0048b7a0,110,1,"FUN_0049266c"
0048b810,FUN_0048b810,23,1,""
0048b830,FUN_0048b830,68,3,""
0048b880,FUN_0048b880,204,4,"FUN_00472c90 FUN_0048b450 FUN_0048b730 FUN_0048b7a0 FUN_0048b950 FUN_0048bb50"
0048b950,FUN_0048b950,114,2,""
0048b9d0,FUN_0048b9d0,128,2,"CloseHandle"
0048ba50,FUN_0048ba50,144,1,"CloseHandle FUN_00472c90 SetFilePointer"
0048bae0,FUN_0048bae0,103,1,"FUN_00472c90 FUN_0048c1b0"
0048bb50,FUN_0048bb50,57,1,""
0048bb90,FUN_0048bb90,82,1,""
0048bbf0,FUN_0048bbf0,84,5,"FUN_0048af50"
0048bc50,FUN_0048bc50,39,2,"FID_conflict:_free FUN_0048b3d0"
0048bd70,FUN_0048bd70,597,1,"EnterCriticalSection FUN_0048b450 FUN_0048b730 FUN_0048c290 FUN_0048c390 FUN_0049b080 LeaveCriticalSection"
0048bfd0,FUN_0048bfd0,182,2,"FUN_0048b450 FUN_0048b730 FUN_0048c290"
0048c0c0,FUN_0048c0c0,33,1,"CloseHandle"
0048c0f0,FUN_0048c0f0,185,3,"CreateFileA FUN_0048c290 FUN_0048c760 FormatMessageA GetLastError LocalFree"
0048c1b0,FUN_0048c1b0,143,3,"FUN_0048c0f0 FUN_0048c290 FUN_0048c760"
0048c240,FUN_0048c240,52,4,""
0048c290,FUN_0048c290,244,3,"SetFilePointer"
0048c390,FUN_0048c390,200,4,"FUN_00492870 ReadFile"
0048c460,FUN_0048c460,35,1,"CloseHandle"
0048c490,FUN_0048c490,200,2,"FUN_00472c90 FUN_0048c630"
0048c560,FUN_0048c560,12,3,"FUN_0048c1b0"
0048c570,FUN_0048c570,179,1,"FUN_00472c90"
0048c630,FUN_0048c630,241,1,"EnterCriticalSection FUN_0048b170 FUN_0048b450 FUN_0048b880 FUN_0048bfd0 LeaveCriticalSection"
0048c760,FUN_0048c760,1,0,""
0048c770,FUN_0048c770,1,0,""
0048c780,FUN_0048c780,18,2,""
0048c7a0,FUN_0048c7a0,12,2,""
0048c7c0,FUN_0048c7c0,16,2,""
0048c7d0,FUN_0048c7d0,28,3,""
0048c800,FUN_0048c800,632,3,"FUN_0048c770 FUN_0048ec50 FUN_0048ed10 FUN_0048f340"
0048ca80,FUN_0048ca80,6813,1,"FUN_00403840 FUN_00403920 FUN_0041f010 FUN_0041f250 FUN_0048c800 FUN_0048e750 FUN_0048e810 FUN_0048eab0 FUN_0048eb60 FUN_0048ec50 FUN_0048ee00 FUN_0048ee70 FUN_0048ef50 FUN_0048f010 FUN_0048f040 FUN_0048f070 FUN_0048f0c0 FUN_0048f3d0 FUN_0048f640 FUN_0048f690 FUN_004b9e9a FUN_004baae0 FUN_004baca0 __libm_sse2_sqrt_precise"
0048e690,FUN_0048e690,190,1,"FID_conflict:_free FUN_0048ca80"
0048e750,FUN_0048e750,181,2,""
0048e810,FUN_0048e810,247,2,""
0048e910,FUN_0048e910,175,3,""
0048e9c0,FUN_0048e9c0,232,2,""
0048eab0,FUN_0048eab0,171,1,""
0048eb60,FUN_0048eb60,229,1,""
0048ec50,FUN_0048ec50,179,3,""
0048ed10,FUN_0048ed10,229,2,""
0048ee00,FUN_0048ee00,98,1,""
0048ee70,FUN_0048ee70,139,2,""
0048ef00,FUN_0048ef00,73,2,""
0048ef50,FUN_0048ef50,178,3,"FUN_00424930 FUN_0048c800 FUN_0049039f"
0048f010,FUN_0048f010,39,2,""
0048f040,FUN_0048f040,44,1,""
0048f070,FUN_0048f070,71,0,""
0048f0c0,FUN_0048f0c0,32,3,""
0048f0f0,FUN_0048f0f0,31,2,"FUN_0048f340"
0048f130,FUN_0048f130,527,2,"FID_conflict:_free FUN_00492870 _malloc"
0048f340,FUN_0048f340,126,2,""
0048f3d0,FUN_0048f3d0,50,1,""
0048f410,FUN_0048f410,86,2,"FUN_00424b10 FUN_0048f340 FUN_0049039f"
0048f470,FUN_0048f470,53,3,"FUN_0048f340"
0048f4b0,FUN_0048f4b0,117,3,"FUN_0048f340"
0048f530,FUN_0048f530,55,4,""
0048f570,FUN_0048f570,97,4,""
0048f5e0,FUN_0048f5e0,92,4,""
0048f640,FUN_0048f640,66,2,""
0048f690,FUN_0048f690,37,1,""
0048f6c0,FUN_0048f6c0,52,2,"FUN_0048f340"
0048f700,FUN_0048f700,254,3,"FUN_00424930 FUN_0049039f FUN_00492870"
0048f800,FUN_0048f800,24,2,"FUN_00492870"
0048f820,FUN_0048f820,351,4,"FUN_00492870"
0048f980,FUN_0048f980,266,4,"FUN_00424930 FUN_0049039f FUN_00492870"
0048fd3e,FUN_0048fd3e,9,1,"FUN_0049039f"
0048fd47,_Allocate<char>,39,2,"FUN_004901cb FUN_0049039f"
0048fd6e,FUN_0048fd6e,8,1,""
0048fd76,FUN_0048fd76,19,3,""
0048fd8a,FUN_0048fd8a,8,1,""
0048fd95,FUN_0048fd95,27,2,"exception"
0048fdb0,FUN_0048fdb0,38,1,"FUN_00493014"
0048fdd6,FUN_0048fdd6,27,2,"exception"
0048fdf1,FUN_0048fdf1,20,1,"FUN_00493052"
0048fe05,FUN_0048fe05,27,2,"exception"
0048fe20,FUN_0048fe20,34,2,"exception"
0048fe42,FUN_0048fe42,27,2,"exception"
0048fe5d,FUN_0048fe5d,34,2,"exception"
0048fe7f,FUN_0048fe7f,27,2,"exception"
0048fe9a,FUN_0048fe9a,28,1,"exception"
0048feb6,FUN_0048feb6,27,2,"exception"
0048fed1,FUN_0048fed1,34,2,"exception"
0048fef3,FUN_0048fef3,27,2,"exception"
0048ff0e,FUN_0048ff0e,34,2,"exception"
0048ff30,FUN_0048ff30,36,2,"exception"
0048ff54,FUN_0048ff54,48,2,"_Stringify exception"
0048ff84,FUN_0048ff84,27,2,"exception"
0048ff9f,FUN_0048ff9f,28,1,"exception"
0048ffee,FUN_0048ffee,37,2,"FID_conflict:_free FUN_00493084"
00490013,FUN_00490013,31,2,"FID_conflict:_free FUN_00493084"
00490032,FUN_00490032,31,2,"FID_conflict:_free FUN_00493084"
00490051,FUN_00490051,31,2,"FID_conflict:_free FUN_00493084"
00490070,FUN_00490070,31,2,"FID_conflict:_free FUN_00493084"
0049008f,FUN_0049008f,31,2,"FID_conflict:_free FUN_00493084"
004900ae,FUN_004900ae,31,2,"FID_conflict:_free FUN_00493084"
004900cd,FUN_004900cd,31,2,"FID_conflict:_free FUN_00493084"
004900ec,FUN_004900ec,31,2,"FID_conflict:_free FUN_00493084"
0049010b,_Stringify,130,1,""
004901cb,FUN_004901cb,48,0,"FUN_00493014 FUN_004931bd"
004901fc,FUN_004901fc,35,0,"FUN_00493052 FUN_004931bd"
00490220,FUN_00490220,45,1,"FUN_004931bd exception"
0049024e,FUN_0049024e,45,1,"FUN_004931bd exception"
0049027c,FUN_0049027c,45,1,"FUN_004931bd exception"
004902aa,FUN_004902aa,45,1,"FUN_004931bd exception"
004902d8,FUN_004902d8,31,1,"FUN_0048ff54 FUN_004931bd"
004902f8,FUN_004902f8,45,1,"FUN_004931bd exception"
00490336,FUN_00490336,6,0,""
0049033c,FUN_0049033c,42,1,""
00490366,FUN_00490366,42,1,""
00490390,FUN_00490390,15,1,"___report_gsfailure"
0049039f,FUN_0049039f,80,1,"FUN_00493014 FUN_004931bd __callnewh _malloc"
004903f0,FID_conflict:_free,5,1,""
004903f5,__heap_alloc,61,1,"FUN_00493ef3 HeapAlloc __FF_MSGBANNER ___crtExitProcess"
00490432,_malloc,146,1,"FUN_00493ef3 HeapAlloc __FF_MSGBANNER ___crtExitProcess __callnewh __errno"
004904c4,FID_conflict:_free,56,1,"GetLastError HeapFree __errno __get_errno_from_oserr"
0049052b,FUN_0049052b,59,1,"FUN_00490569 FUN_0049056f FUN_00493d41 __SEH_epilog4 __SEH_prolog4"
00490569,FUN_00490569,6,0,"FUN_00493d4a"
0049056f,FUN_0049056f,184,1,"DecodePointer EncodePointer FUN_004941df FUN_0049429f"
00490627,FUN_00490627,21,1,"FUN_0049052b"
00490640,FUN_00490640,311,2,""
00490777,FUN_00490777,26,2,"FUN_00490791"
00490791,FUN_00490791,92,4,"FUN_004948a4 __errno"
004907ed,FUN_004907ed,27,3,"FUN_00490791"
00490808,FUN_00490808,26,2,"FUN_00490791"
00490822,FUN_00490822,27,3,"FUN_00490791"
0049083d,FUN_0049083d,132,4,"FUN_004948a4 FUN_0049491f FUN_00494a6e __errno"
004908c1,FUN_004908c1,24,3,"FUN_0049083d"
004908d9,FUN_004908d9,153,6,"CreateThread FID_conflict:__dosmaperr FID_conflict:_free FUN_00494210 FUN_004948a4 FUN_0049702c GetLastError __errno __getptd"
00490972,__callthreadstartex,53,0,"FUN_00496c7b __SEH_prolog4 __endthreadex __getptd"
004909b3,FUN_004909b3,31,5,"CreateThread"
004909d2,__endthreadex,45,1,"ExitThread __freeptd __getptd_noexit __uninitMTAoncurrentthread"
00490a00,__initMTAoncurrentthread,88,0,"DecodePointer EncodePointer GetProcAddress LoadLibraryExW"
00490a58,__threadstartex@4,125,1,"ExitThread FUN_00496e28 FUN_00496e3a FUN_004972ea FUN_00497309 FUN_00497422 GetCurrentThreadId GetLastError __callthreadstartex __initMTAoncurrentthread"
00490ad5,__uninitMTAoncurrentthread,80,0,"DecodePointer EncodePointer GetProcAddress LoadLibraryExW"
00490b30,~type_info,14,1,"_Type_info_dtor"
00490b43,operator==,30,2,"_strcmp"
00490b61,operator!=,31,2,"_strcmp"
00490b80,`scalar_deleting_destructor',31,2,"FID_conflict:_free ~type_info"
00490b9f,_name_internal_method,18,2,"_Name_base_internal"
00490bb9,before,32,2,"_strcmp"
00490bd9,name,18,2,"_Name_base"
00490beb,FUN_00490beb,4,1,""
00490bef,FUN_00490bef,19,1,"FUN_00490777"
00490c02,FUN_00490c02,23,2,"FUN_004907ed"
00490c19,FUN_00490c19,19,1,"FUN_00490808"
00490c2c,FUN_00490c2c,23,2,"FUN_00490822"
00490c43,FUN_00490c43,31,4,"FUN_00497d01"
00490c62,FUN_00490c62,32,5,"FUN_00497d01"
00490c82,FUN_00490c82,26,3,"FUN_0049083d"
00490c9c,FUN_00490c9c,28,3,"FID_conflict:__vswprintf_p_l"
00490cb8,FUN_00490cb8,29,4,"FID_conflict:__vswprintf_p_l"
00490cd5,__sprintf_s_l,29,4,"__vsprintf_s_l"
00490cf2,FUN_00490cf2,132,2,"FUN_004948a4 FUN_0049491f FUN_00494a6e __errno"
00490d76,_sprintf_s,28,3,"__vsprintf_s_l"
00490d92,FUN_00490d92,72,4,"FUN_00490de0 __SEH_epilog4 __SEH_prolog4"
00490de0,FUN_00490de0,20,0,"__ArrayUnwind"
00490df4,`eh_vector_destructor_iterator',83,4,"FUN_00490e53 __SEH_epilog4 __SEH_prolog4"
00490e53,FUN_00490e53,16,0,"__ArrayUnwind"
00490e63,ArrayUnwindFilter,25,1,"terminate"
00490e7c,__ArrayUnwind,50,4,"__SEH_epilog4 __SEH_prolog4"
00490eda,FUN_00490eda,81,1,"GetSystemTimeAsFileTime __aulldiv"
00490f2b,FUN_00490f2b,284,1,"FID_conflict:__dosmaperr FID_conflict:_free FUN_00490390 FUN_00494210 FUN_004948a4 FUN_00497fd8 GetCurrentDirectoryA GetLastError SetCurrentDirectoryA SetEnvironmentVariableA ___doserrno __errno"
00491047,FUN_00491047,20,1,"FUN_00498310"
0049105b,FUN_0049105b,23,2,"FUN_0049833a"
00491072,FUN_00491072,9,2,"FUN_0049107b"
0049107b,FUN_0049107b,23,2,"FUN_00498639"
00491092,FUN_00491092,23,2,"FUN_0049833a"
004910a9,FUN_004910a9,9,1,"_atol"
004910b2,_atol,20,1,"FUN_0049866f"
004910c6,FUN_004910c6,20,1,"FUN_00498310"
004910e0,FUN_004910e0,299,2,""
0049120b,FUN_0049120b,66,1,"FID_conflict:_free FUN_004938b5 __wmkdir"
0049124d,FUN_0049124d,9,1,"FUN_00491256"
00491256,FUN_00491256,66,1,"FID_conflict:_free FUN_004938b5 FUN_004986f4"
00491298,__beginthread,159,3,"CreateThread FID_conflict:__dosmaperr FID_conflict:_free FUN_00494210 FUN_004948a4 FUN_0049702c GetLastError ResumeThread __errno __getptd"
00491337,__callthreadstart,53,0,"FUN_00496c7b __SEH_prolog4 __endthread __getptd"
00491378,__endthread,42,0,"CloseHandle ExitThread __freeptd __getptd_noexit"
004913a3,__threadstart@4,87,1,"ExitThread FUN_00496e28 FUN_00496e3a FUN_004972ea FUN_00497309 GetLastError __callthreadstart"
00491400,_strncmp,116,3,""
00491478,FUN_00491478,31,3,"FUN_004914f2"
00491497,FUN_00491497,31,3,"FUN_004914f2"
004914b6,FUN_004914b6,30,2,"FUN_004914f2"
004914d4,FUN_004914d4,30,2,"FUN_004914f2"
004914f2,FUN_004914f2,115,5,"FUN_004948a4 __errno _strlen"
00491565,FUN_00491565,29,3,"FUN_004914f2"
00491582,FUN_00491582,29,3,"FUN_004914f2"
0049159f,FUN_0049159f,31,6,"__invoke_watson"
004915bf,FUN_004915bf,37,1,"FUN_004915e4 FUN_0049b909"
004915e4,FUN_004915e4,633,2,"FUN_004948a4 FUN_0049ad13 FUN_0049ad3d FUN_0049ad67 FUN_0049ae49 FUN_0049b080 ___tzset __alldiv __allrem __errno __invoke_watson __isindst"
0049185e,___raise_securityfailure,61,1,"FUN_0049bc02 IsDebuggerPresent ___crtTerminateProcess ___crtUnhandledException"
0049189b,___report_gsfailure,251,0,"IsProcessorFeaturePresent ___raise_securityfailure"
00491996,___report_rangecheckfailure,12,0,"___report_securityfailure"
004919a2,___report_securityfailure,208,1,"IsProcessorFeaturePresent ___raise_securityfailure"
00491a72,___report_securityfailureEx,278,3,"IsProcessorFeaturePresent ___raise_securityfailure"
00491b88,FID_conflict:_free,5,1,""
00491b9a,FUN_00491b9a,34,0,"DecodePointer FUN_0049bc0a _abort"
00491bbc,FUN_00491bbc,37,1,"DecodePointer EncodePointer"
00491bf0,FUN_00491bf0,1427,3,""
00492234,FUN_00492234,136,2,"FUN_0049c0e1 FUN_0049c463 __getptd"
004922cd,___ascii_stricmp,57,2,""
00492306,__stricmp,71,2,"FUN_0049234d FUN_004948a4 ___ascii_stricmp __errno"
0049234d,FUN_0049234d,149,3,"FUN_00492234 FUN_004948a4 FUN_0049c8d8 ___ascii_stricmp __errno"
004923e2,__cabs,31,1,"FUN_00492420"
00492401,__hypot,31,2,"FUN_00492420"
00492420,FUN_00492420,588,4,"FUN_0049dc74 FUN_0049dd49 FUN_0049de1b FUN_0049dfe1 FUN_0049e30f __ctrlfp __set_exp"
0049266c,FUN_0049266c,33,0,"__getptd"
0049268d,FUN_0049268d,16,1,"__getptd"
0049269d,entry,300,0,"FUN_00471340 FUN_00493bad FUN_004941c2 FUN_004970df FUN_004973b9 FUN_0049e98d FUN_0049eca0 FUN_0049eecf FUN_0049efb0 FUN_0049f099 FUN_0049f0d9 GetCommandLineA __SEH_epilog4 __SEH_prolog4 ___security_init_cookie __amsg_exit __cexit __wincmdln _exit fast_error_exit"
0049283d,fast_error_exit,39,1,"FUN_00493ef3 __FF_MSGBANNER ___crtExitProcess"
00492870,FUN_00492870,1427,3,""
00492ec0,_strlen,139,1,""
00492f4b,FUN_00492f4b,27,2,"FUN_00492fb8"
00492f66,FUN_00492f66,27,1,"FUN_00492fd3"
00492f81,FUN_00492f81,27,2,"exception"
00492f9c,FUN_00492f9c,28,1,"exception"
00492fb8,FUN_00492fb8,27,2,"exception"
00492fd3,FUN_00492fd3,28,1,"exception"
00492fef,exception,37,2,"FUN_00493156"
00493014,FUN_00493014,27,2,""
0049302f,exception,35,2,"operator="
00493052,FUN_00493052,17,1,""
00493084,FUN_00493084,11,1,"_Tidy"
0049308f,operator=,51,2,"FUN_00493156 _Tidy"
004930c2,FUN_004930c2,37,2,"FID_conflict:_free _Tidy"
004930e7,FUN_004930e7,37,2,"FID_conflict:_free _Tidy"
0049310c,FUN_0049310c,37,2,"FID_conflict:_free _Tidy"
00493131,FUN_00493131,37,2,"FID_conflict:_free _Tidy"
00493156,FUN_00493156,62,2,"_malloc _strcpy_s _strlen"
00493194,_Tidy,28,1,"FID_conflict:_free"
004931b0,FUN_004931b0,13,1,""
004931bd,FUN_004931bd,99,2,"RaiseException"
00493220,__EH_epilog3,20,0,""
004932bb,__EH_prolog3_catch,54,1,""
0049332a,FUN_0049332a,49,3,"FUN_00490390 FUN_004a03dd"
0049335b,__TranslatorGuardHandler,154,3,"FUN_00490390 FUN_0049346f FUN_004a03dd _UnwindNestedFrames"
004933fa,_CallCatchBlock2,96,5,"__CallSettingFrame@12"
0049345a,_CallMemberFunction0,7,2,""
00493461,FID_conflict:_CallMemberFunction1,7,2,""
00493468,FID_conflict:_CallMemberFunction1,7,2,""
0049346f,FUN_0049346f,215,7,"__getptd"
00493546,FUN_00493546,126,5,"FUN_00497ee0"
004935c4,_JumpToContinuation,43,2,""
004935f6,_UnwindNestedFrames,85,2,"RtlUnwind"
0049364b,__CreateFrameInfo,42,2,"__getptd"
00493675,__FindAndUnlinkFrame,80,1,"FUN_00497ee0 __getptd"
004936c5,__IsExceptionObjectToBeDestroyed,41,1,"__getptd"
004936ee,FID_conflict:___CxxFrameHandler3,54,4,"FUN_004a03dd"
00493724,FID_conflict:___CxxFrameHandler3,54,4,"FUN_004a03dd"
0049375a,FID_conflict:___CxxFrameHandler3,54,4,"FUN_004a03dd"
00493790,___CxxLongjmpUnwind@4,29,1,"___FrameUnwindToState"
004937ad,FUN_004937ad,23,1,"FUN_004937d7 FUN_004a101a"
004937c4,FUN_004937c4,19,1,""
004937d7,FUN_004937d7,96,0,""
0049384d,_set_new_handler,53,1,"DecodePointer EncodePointer FUN_004a11ea __lock"
00493882,__callnewh,38,1,"DecodePointer"
004938a8,FUN_004938a8,13,1,""
004938b5,FUN_004938b5,178,2,"AreFileApisANSI FID_conflict:__dosmaperr FID_conflict:_free FUN_00494258 FUN_004948a4 FUN_00497422 GetLastError MultiByteToWideChar __errno"
00493967,FUN_00493967,181,2,"AreFileApisANSI FID_conflict:__dosmaperr FID_conflict:_free FUN_00494258 FUN_004948a4 FUN_00497422 GetLastError WideCharToMultiByte __errno"
00493a1c,FUN_00493a1c,52,1,"GetModuleHandleExW GetProcAddress"
00493a50,___crtExitProcess,21,1,"ExitProcess FUN_00493a1c"
00493b73,__amsg_exit,28,1,"FUN_00493ef3 __FF_MSGBANNER __exit"
00493b9e,__cexit,15,0,"doexit"
00493bad,FUN_00493bad,132,1,"FUN_00490627 FUN_004937ad FUN_00493ce9 FUN_004a1041 __IsNonwritableInCurrentImage __initterm_e"
00493c31,__exit,20,1,"doexit"
00493c53,FUN_00493c53,47,1,"FUN_004948a4 __errno"
00493c82,FUN_00493c82,47,1,"FUN_004948a4 __errno"
00493cb1,FUN_00493cb1,56,0,"EncodePointer FUN_004938a8 FUN_0049486c FUN_00497462 FUN_00497f5f FUN_0049be45 FUN_004a1360 FUN_004a186d"
00493ce9,FUN_00493ce9,54,2,""
00493d1f,__initterm_e,34,2,""
00493d41,FUN_00493d41,9,0,"__lock"
00493d4a,FUN_00493d4a,9,0,"FUN_004a11ea"
00493d53,doexit,288,3,"DecodePointer EncodePointer FUN_00493ce9 FUN_00493e6d FUN_004a11ea __SEH_epilog4 __SEH_prolog4 ___crtExitProcess __lock"
00493e6d,FUN_00493e6d,15,0,"FUN_004a11ea"
00493e82,_exit,20,1,"doexit"
00493e96,__FF_MSGBANNER,57,0,"FUN_00493ef3 __set_error_mode"
00493ecf,__GET_RTERRMSG,36,1,""
00493ef3,FUN_00493ef3,444,1,"FUN_00490390 FUN_004a1b38 FUN_004a1bf6 GetModuleFileNameW GetStdHandle WriteFile __GET_RTERRMSG __invoke_watson __set_error_mode _strlen _wcscat_s _wcscpy_s _wcslen"
004940b0,___doserrno,19,0,"__getptd_noexit"
004940c3,FID_conflict:__dosmaperr,33,1,"___doserrno __errno __get_errno_from_oserr"
004940e4,__errno,19,0,"__getptd_noexit"
004940f7,FUN_004940f7,35,1,"FUN_004948a4 ___doserrno"
0049411a,FUN_0049411a,35,1,"FUN_004948a4 __errno"
0049413d,__get_errno_from_oserr,65,1,""
0049417e,FID_conflict:__set_doserrno,31,1,"___doserrno __getptd_noexit"
0049419d,FID_conflict:__set_doserrno,31,1,"__errno __getptd_noexit"
004941c2,FUN_004941c2,21,0,"GetProcessHeap"
004941df,FUN_004941df,49,1,"FUN_004948a4 HeapSize __errno"
00494210,FUN_00494210,72,2,"FUN_0049777f __calloc_impl"
00494258,FUN_00494258,71,1,"FUN_0049777f _malloc"
0049429f,FUN_0049429f,74,2,"FUN_0049777f _realloc"
004942e9,FUN_004942e9,78,3,"FUN_0049777f FUN_004a1ea5"
00494337,FUN_00494337,19,1,""
0049434a,FUN_0049434a,36,1,"FUN_0049777f"
00494370,__SEH_prolog4,69,2,""
004943b5,__SEH_epilog4,20,0,""
004943d0,_ValidateLocalCookies,50,2,"FUN_00490390"
00494410,FUN_00494410,404,3,"FUN_00490390 FUN_004a20b2 _EH4_CallFilterFunc _EH4_LocalUnwind _EH4_TransferToHandler __IsNonwritableInCurrentImage ___DestructExceptionObject"
004945a4,FUN_004945a4,377,0,"IsProcessorFeaturePresent"
00494722,FUN_00494722,23,5,"__invoke_watson"
0049473a,FUN_0049473a,293,3,"FUN_00490390 FUN_0049b080 FUN_0049bc02 IsDebuggerPresent ___crtUnhandledException"
0049486c,FUN_0049486c,13,1,""
00494879,FUN_00494879,42,5,"DecodePointer __invoke_watson"
004948a4,FUN_004948a4,16,0,"FUN_00494879"
004948cf,__invoke_watson,43,5,"FUN_0049473a IsProcessorFeaturePresent ___crtTerminateProcess"
004948fa,FUN_004948fa,37,1,"DecodePointer EncodePointer"
0049491f,FUN_0049491f,335,2,"FUN_004a217c FUN_004a227c FUN_004a22d0 FUN_004a2c24 __errno __fileno __getbuf"
00494a6e,FUN_00494a6e,2912,4,"DecodePointer FID_conflict:_free FUN_00490390 FUN_00492234 FUN_00494258 FUN_004948a4 FUN_00495696 FUN_004a2e21 FUN_004a3090 FUN_004a3393 __aulldvrm __errno __fileno _strlen write_char write_multi_char"
004955ee,FUN_004955ee,19,1,""
00495601,FUN_00495601,16,1,""
00495611,FUN_00495611,17,1,""
00495622,write_char,72,3,"FUN_0049491f"
0049566a,write_multi_char,44,4,"write_char"
00495696,FUN_00495696,120,5,"write_char"
0049570e,FUN_0049570e,4885,4,"DecodePointer FID_conflict:_free FUN_00490390 FUN_00492234 FUN_00494258 FUN_004948a4 FUN_00496c03 FUN_0049866f FUN_0049b080 FUN_004a2e21 FUN_004a3090 FUN_004a3393 __aulldvrm __errno __fileno __validate_param_reuseA _strlen write_char write_multi_char"
00496a46,__validate_param_reuseA,310,4,""
00496b7c,FUN_00496b7c,19,1,""
00496b8f,write_char,72,3,"FUN_0049491f"
00496bd7,write_multi_char,44,4,"write_char"
00496c03,FUN_00496c03,120,5,"write_char"
00496c7b,FUN_00496c7b,347,2,"__getptd_noexit"
00496dd6,___CppXcptFilter,30,2,"FUN_00496c7b"
00496df4,FUN_00496df4,52,2,""
00496e28,FUN_00496e28,6,0,""
00496e3a,FUN_00496e3a,285,1,"FID_conflict:_free FUN_00496f5a FUN_00496f66 FUN_0049bee7 FUN_0049c041 __SEH_epilog4 __SEH_prolog4 __lock"
00496f5a,FUN_00496f5a,9,0,"FUN_004a11ea"
00496f66,FUN_00496f66,9,0,"FUN_004a11ea"
00496f6f,__freeptd,54,1,"FUN_00496e3a FUN_004972ea FUN_00497309"
00496fa5,__getptd,24,0,"__amsg_exit __getptd_noexit"
00496fbd,__getptd_noexit,111,0,"FID_conflict:_free FUN_00494210 FUN_0049702c FUN_004972ea FUN_00497309 GetCurrentThreadId GetLastError SetLastError"
0049702c,FUN_0049702c,155,2,"FUN_004970cd FUN_004970d6 FUN_0049be52 __SEH_epilog4 __SEH_prolog4 __lock"
004970cd,FUN_004970cd,9,0,"FUN_004a11ea"
004970d6,FUN_004970d6,9,0,"FUN_004a11ea"
004970df,FUN_004970df,118,0,"FUN_00493cb1 FUN_00494210 FUN_0049702c FUN_004972ad FUN_00497309 FUN_004a11b1 GetCurrentThreadId __mtterm"
00497155,__mtterm,29,0,"FUN_004972cb __mtdeletelocks"
00497172,FUN_00497172,45,0,""
0049719f,FUN_0049719f,23,1,""
004971b6,FUN_004971b6,23,1,""
004971cd,FUN_004971cd,59,4,"CreateEventW"
00497208,FUN_00497208,58,6,"CreateSemaphoreW"
00497242,FUN_00497242,41,3,"SetLastError"
0049726b,FUN_0049726b,33,3,""
0049728c,FUN_0049728c,33,3,""
004972ad,FUN_004972ad,30,1,""
004972cb,FUN_004972cb,31,1,"TlsFree"
004972ea,FUN_004972ea,31,1,"TlsGetValue"
00497309,FUN_00497309,34,2,"TlsSetValue"
0049733b,FUN_0049733b,26,2,""
00497367,FUN_00497367,44,4,"SetLastError"
00497393,FUN_00497393,38,2,"SetLastError"
004973b9,FUN_004973b9,35,0,"GetStartupInfoW"
004973f4,FUN_004973f4,46,3,"InitializeCriticalSectionAndSpinCount"
00497422,FUN_00497422,64,0,""
00497462,FUN_00497462,651,0,"GetModuleHandleW GetProcAddress"
004976ed,FUN_004976ed,44,4,"SetLastError"
00497719,FUN_00497719,27,1,""
00497734,FUN_00497734,32,4,""
00497754,FUN_00497754,29,3,""
00497771,FUN_00497771,14,1,"SetUnhandledExceptionFilter"
0049777f,FUN_0049777f,14,1,"Sleep"
0049778d,___crtTerminateProcess,21,1,"GetCurrentProcess TerminateProcess"
004977a2,___crtUnhandledException,22,1,"SetUnhandledExceptionFilter UnhandledExceptionFilter"
004977b8,FUN_004977b8,26,2,""
004977e0,_strcmp,133,2,""
0049786c,_Name_base,229,2,"FID_conflict:_free FUN_00497954 FUN_004a9c95 __SEH_epilog4 __SEH_prolog4 __invoke_watson __lock _malloc _strcpy_s _strlen"
00497954,FUN_00497954,9,0,"FUN_004a11ea"
0049795d,_Name_base_internal,254,2,"FID_conflict:_free FUN_00497a5e __SEH_epilog4 __SEH_prolog4 ___unDNameHelper __invoke_watson __local_unwind4 __lock _malloc _strcpy_s _strlen"
00497a5e,FUN_00497a5e,9,0,"FUN_004a11ea"
00497a67,_Type_info_dtor,104,1,"FID_conflict:_free FUN_00497acf __SEH_epilog4 __SEH_prolog4 __lock"
00497acf,FUN_00497acf,9,0,"FUN_004a11ea"
00497b9c,___unDNameHelper,46,4,"FUN_004a9c95"
00497bca,FUN_00497bca,39,4,"FUN_00497c19"
00497bf1,FUN_00497bf1,40,5,"FUN_00497c19"
00497c19,FUN_00497c19,202,6,"FUN_004948a4 FUN_0049491f __errno"
00497ce3,FUN_00497ce3,30,5,"FUN_00497d01"
00497d01,FUN_00497d01,256,6,"FUN_004948a4 FUN_00497c19 __errno"
00497e01,FUN_00497e01,39,4,"FUN_00497c19"
00497e28,FID_conflict:__vswprintf_p_l,40,5,"FUN_00497c19"
00497e50,__vsprintf_s_l,117,5,"FUN_004948a4 FUN_00497c19 __errno"
00497ec5,_vsprintf_s,27,4,"__vsprintf_s_l"
00497ee0,FUN_00497ee0,48,0,"DecodePointer __SEH_prolog4 terminate"
00497f18,terminate,44,0,"__SEH_prolog4 __getptd _abort"
00497f4c,FUN_00497f4c,19,0,"__getptd terminate"
00497f5f,FUN_00497f5f,17,0,"EncodePointer"
00497f70,__aulldiv,104,4,""
00497fd8,FUN_00497fd8,17,1,"FUN_00497fe9"
00497fe9,FUN_00497fe9,151,2,"FUN_00492234 FUN_004aa022"
00498080,FUN_00498080,624,5,"FUN_00492234 FUN_004948a4 FUN_004aa1e1 __allmul __aulldvrm __errno"
004982f0,FUN_004982f0,32,3,"FUN_004aa292"
00498310,FUN_00498310,42,3,"FUN_00498080"
0049833a,FUN_0049833a,27,4,"FUN_00498080"
00498355,FUN_00498355,9,4,"FUN_0049833a"
0049835e,FUN_0049835e,9,3,"FUN_004aa086"
00498367,FUN_00498367,9,4,"FUN_0049833a"
00498370,FUN_00498370,42,3,"FUN_00498080"
0049839a,FUN_0049839a,27,4,"FUN_00498080"
004983b5,FUN_004983b5,9,4,"FUN_0049839a"
004983be,FUN_004983be,9,4,"FUN_0049839a"
004983c7,FUN_004983c7,31,2,"FUN_004aa292"
004983e6,FUN_004983e6,9,3,"FUN_00498310"
004983ef,FUN_004983ef,9,2,"FUN_004aa19d"
004983f8,FUN_004983f8,9,3,"FUN_00498310"
00498401,FUN_00498401,9,3,"FUN_00498370"
0049840a,FUN_0049840a,9,3,"FUN_00498370"
00498413,FUN_00498413,550,5,"FUN_00492234 FUN_004948a4 FUN_004aa1e1 __errno"
00498639,FUN_00498639,27,4,"FUN_00498413"
00498654,FUN_00498654,27,4,"FUN_00498413"
0049866f,FUN_0049866f,42,3,"FUN_00498413"
00498699,FUN_00498699,42,3,"FUN_00498413"
004986c3,__wmkdir,49,1,"CreateDirectoryW FID_conflict:__dosmaperr GetLastError"
004986f4,FUN_004986f4,46,1,"DeleteFileW FID_conflict:__dosmaperr GetLastError"
00498722,FUN_00498722,9,1,"FUN_004986f4"
0049872b,FUN_0049872b,16,1,""
0049873b,FUN_0049873b,95,5,"FUN_00492870 FUN_00494210 FUN_004942e9"
0049879a,FUN_0049879a,33,1,"_isdigit"
004987bb,__inc,34,1,"FUN_004aa4e4"
004987dd,FUN_004987dd,4431,4,"DecodePointer FID_conflict:_free FUN_00490390 FUN_00492234 FUN_004948a4 FUN_0049873b FUN_0049879a FUN_0049b080 FUN_004a2f88 FUN_004aa605 FUN_004aae05 __allmul __errno __fileno __inc __whiteout _isdigit _isspace _isxdigit"
0049992c,FUN_0049992c,17,2,"FUN_004aa605"
0049993d,__whiteout,46,2,"__inc _isspace"
0049996b,FUN_0049996b,95,5,"FUN_00492870 FUN_00494210 FUN_004942e9"
004999ca,FUN_004999ca,33,1,"_isdigit"
004999eb,__inc,34,1,"FUN_004aa4e4"
00499a0d,FUN_00499a0d,4783,4,"DecodePointer FID_conflict:_free FUN_00490390 FUN_00492234 FUN_004948a4 FUN_0049996b FUN_004999ca FUN_0049b080 FUN_004a2f88 FUN_004aa605 FUN_004aae05 __allmul __errno __fileno __inc __whiteout _isdigit _isspace _isxdigit"
0049acbc,FUN_0049acbc,17,2,"FUN_004aa605"
0049accd,__whiteout,46,2,"__inc _isspace"
0049acfb,FUN_0049acfb,6,0,""
0049ad01,FUN_0049ad01,6,0,""
0049ad07,FUN_0049ad07,6,0,""
0049ad0d,FUN_0049ad0d,6,0,""
0049ad13,FUN_0049ad13,42,1,"FUN_004948a4 __errno"
0049ad3d,FUN_0049ad3d,42,1,"FUN_004948a4 __errno"
0049ad67,FUN_0049ad67,42,1,"FUN_004948a4 __errno"
0049ad91,__get_tzname,147,4,"FUN_004948a4 __errno _strcpy_s _strlen"
0049ae24,FUN_0049ae24,37,1,"FUN_0049ae49 FUN_0049b909"
0049ae49,FUN_0049ae49,555,2,"FUN_004948a4 FUN_0049b080 __alldiv __allmul __errno"
0049b080,FUN_0049b080,341,3,""
0049b110,___tzset,71,0,"FUN_0049b157 FUN_0049b3f3 __SEH_epilog4 __SEH_prolog4 __lock"
0049b157,FUN_0049b157,9,0,"FUN_004a11ea"
0049b160,__isindst,62,1,"FUN_0049b1a1 FUN_0049b1aa __SEH_epilog4 __SEH_prolog4 __lock"
0049b1a1,FUN_0049b1a1,9,0,"FUN_004a11ea"
0049b1aa,FUN_0049b1aa,483,1,"FUN_0049ad13 FUN_0049b725 __invoke_watson"
0049b38e,FUN_0049b38e,15,1,"FUN_0049acfb"
0049b39d,FUN_0049b39d,15,1,"FUN_0049ad01"
0049b3ac,FUN_0049b3ac,15,1,"FUN_0049ad07"
0049b3f3,FUN_0049b3f3,799,0,"FID_conflict:_free FUN_00494258 FUN_0049acfb FUN_0049ad01 FUN_0049ad07 FUN_0049ad0d FUN_0049ad13 FUN_0049ad3d FUN_0049ad67 FUN_0049b683 FUN_004aafda FUN_004ab461 GetTimeZoneInformation WideCharToMultiByte __SEH_epilog4 __SEH_prolog4 __getenv_helper_nolock __invoke_watson __lock _atol _strcmp _strcpy_s _strlen"
0049b683,FUN_0049b683,9,0,"FUN_004a11ea"
0049b725,FUN_0049b725,483,11,"FUN_0049ad3d __invoke_watson"
0049b909,FUN_0049b909,53,0,"FUN_00494258 __errno __getptd_noexit"
0049b93e,FUN_0049b93e,37,1,"FUN_0049b909 FUN_0049b963"
0049b963,FUN_0049b963,308,2,"FUN_004948a4 FUN_0049b080 __errno"
0049baa0,__alldiv,170,4,""
0049bb50,__allrem,178,4,""
0049bc02,FUN_0049bc02,8,0,""
0049bc0a,FUN_0049bc0a,31,2,""
0049bc29,_abort,67,0,"FUN_0049473a FUN_004a134a FUN_004a1421 IsProcessorFeaturePresent __exit"
0049bc6c,FUN_0049bc6c,472,5,"FID_conflict:_free FUN_00490390 FUN_00494210 FUN_004aafda FUN_004ab98e FUN_004abbd7 GetLastError __invoke_watson"
0049be45,FUN_0049be45,13,1,""
0049be52,FUN_0049be52,149,1,""
0049bee7,FUN_0049bee7,346,1,"FID_conflict:___acrt_locale_free_monetary FID_conflict:___free_lconv_num FID_conflict:_free ___free_lc_time"
0049c041,FUN_0049c041,160,1,""
0049c0e1,FUN_0049c0e1,116,0,"FUN_0049c158 __SEH_epilog4 __SEH_prolog4 __amsg_exit __getptd __lock __updatetlocinfoEx_nolock"
0049c158,FUN_0049c158,9,0,"FUN_004a11ea"
0049c161,__updatetlocinfoEx_nolock,75,2,"FUN_0049be52 FUN_0049bee7 FUN_0049c041"
0049c1ac,___initmbctable,30,0,"FUN_0049c53a"
0049c1ca,CPtoLocaleName,58,1,""
0049c204,FUN_0049c204,110,1,"FUN_00492234 GetACP GetOEMCP"
0049c272,FUN_0049c272,95,1,"FUN_0049b080"
0049c2d1,setSBUpLow,402,1,"FUN_00490390 FUN_004aa022 FUN_004ad1d2 GetCPInfo"
0049c463,FUN_0049c463,154,0,"FID_conflict:_free FUN_0049c500 __SEH_epilog4 __SEH_prolog4 __amsg_exit __getptd __lock"
0049c500,FUN_0049c500,9,0,"FUN_004a11ea"
0049c509,FUN_0049c509,49,0,"FUN_00492234"
0049c53a,FUN_0049c53a,410,1,"FID_conflict:_free FUN_00494258 FUN_0049c204 FUN_0049c463 FUN_0049c6ac FUN_0049c6e2 __SEH_epilog4 __SEH_prolog4 __errno __getptd __lock"
0049c6ac,FUN_0049c6ac,9,0,"FUN_004a11ea"
0049c6e2,FUN_0049c6e2,491,2,"CPtoLocaleName FUN_00490390 FUN_0049b080 FUN_0049c204 FUN_0049c272 GetCPInfo IsValidCodePage setSBUpLow"
0049c8cd,FUN_0049c8cd,11,1,""
0049c8d8,FUN_0049c8d8,323,2,"FUN_00492234 FUN_004a2e21 FUN_004aa022 FUN_004aa1e1 __errno"
0049ca1b,_tolower,44,1,"FUN_0049c8d8"
0049ca93,FUN_0049ca93,9,0,"FUN_004a11ea"
0049caa8,FUN_0049caa8,99,1,"FUN_00494258 FUN_004a1b38 __invoke_watson _wcsnlen"
0049cb0c,FUN_0049cb0c,9,2,"__create_locale"
0049cb1f,FUN_0049cb1f,109,3,"FUN_0049d2d5 __invoke_watson _wcscpy_s"
0049cb8d,FUN_0049cb8d,299,2,"FUN_0049b080 FUN_004a1b38 __invoke_watson _wcscspn"
0049ccb9,FUN_0049ccb9,90,1,"FUN_004948a4 __errno __getptd"
0049cd13,__copytlocinfo_nolock,44,2,"FUN_0049be52"
0049cd3f,__create_locale,98,2,"FUN_00490390 FUN_0049d1fe MultiByteToWideChar"
0049cda1,FUN_0049cda1,758,6,"FUN_00490390 FUN_00492870 FUN_0049cb1f FUN_0049cb8d FUN_004a1b38 FUN_004abbd7 FUN_004abc66 FUN_004b0957 FUN_004b11c7 GetACP __getptd __invoke_watson _wcscmp _wcscpy_s _wcslen"
0049d1fe,FUN_0049d1fe,215,2,"FID_conflict:_free FUN_00494210 FUN_0049bee7 FUN_0049c041 FUN_0049c6e2 FUN_0049d5fe __copytlocinfo_nolock __errno"
0049d2d5,FUN_0049d2d5,62,3,"__invoke_watson _wcscat_s"
0049d491,FUN_0049d491,364,1,"FID_conflict:_free FUN_00494258 FUN_0049d2d5 __invoke_watson _wcscat_s _wcscmp"
0049d5fe,FUN_0049d5fe,648,3,"FUN_00490390 FUN_0049cda1 FUN_0049d491 FUN_0049d887 FUN_004a1b38 ___report_rangecheckfailure __invoke_watson _wcscmp _wcscspn _wcslen _wcsncmp _wcspbrk"
0049d887,FUN_0049d887,937,3,"FID_conflict:_free FUN_00490390 FUN_00494258 FUN_0049caa8 FUN_0049cda1 FUN_004ad1d2 FUN_004ad361 __getptd __invoke_watson _wcscmp _wcscpy_s _wcslen"
0049dc60,FUN_0049dc60,20,0,"FUN_0049dc7d FUN_004b16a8"
0049dc74,FUN_0049dc74,9,3,"__fload_withFB"
0049dc7d,FUN_0049dc7d,170,2,"FUN_004b1635 FUN_004b164c __math_exit __startOneArgErrorHandling"
0049dd1a,__add_exp,47,2,"__set_exp"
0049dd49,FUN_0049dd49,210,3,"__set_exp"
0049de1b,FUN_0049de1b,25,2,""
0049de34,__set_bexp,41,2,""
0049de5d,__set_exp,47,2,""
0049de8c,__sptype,91,2,""
0049dee7,__errcode,50,1,""
0049df19,__except1,200,5,"FUN_00490390 FUN_0049e390 __ctrlfp __errcode __handle_exc __set_errno_from_matherr __umatherr"
0049dfe1,FUN_0049dfe1,220,6,"FUN_00490390 FUN_0049e390 __ctrlfp __errcode __handle_exc __set_errno_from_matherr __umatherr"
0049e0bd,__get_fname,36,1,""
0049e0e1,__handle_exc,478,3,"FUN_0049dd49 FUN_0049e8d6"
0049e2bf,__handle_qnan1,80,2,"__ctrlfp __errno __umatherr"
0049e30f,FUN_0049e30f,96,3,"__ctrlfp __errno __umatherr"
0049e36f,__raise_exc,33,6,"FUN_0049e390"
0049e390,FUN_0049e390,741,7,"FUN_0049e89a FUN_0049e92e RaiseException"
0049e675,__raise_excf,33,6,"FUN_0049e390"
0049e696,__set_errno_from_matherr,45,1,"__errno"
0049e6c3,__umatherr,160,2,"FUN_004b17ac __ctrlfp __set_errno_from_matherr"
0049e784,___ctrlfp_sse2,57,2,"___get_fpsr_sse2 ___set_fpsr_sse2"
0049e7bd,FUN_0049e7bd,29,0,""
0049e7da,___get_fpsr_sse2,28,0,""
0049e7f6,___set_fpsr_sse2,72,1,"__SEH_epilog4 __SEH_prolog4"
0049e86c,___set_statfp_sse2,25,1,"___get_fpsr_sse2 ___set_fpsr_sse2"
0049e89a,FUN_0049e89a,17,0,""
0049e8ab,__ctrlfp,43,0,""
0049e8d6,FUN_0049e8d6,88,0,""
0049e92e,FUN_0049e92e,16,0,""
0049e93e,FUN_0049e93e,64,1,"terminate"
0049e98d,FUN_0049e98d,683,0,"FUN_00494210 FUN_004973f4 FUN_0049ec38 GetFileType GetStartupInfoW GetStdHandle __SEH_epilog4 __SEH_prolog4 __local_unwind4 __lock"
0049ec38,FUN_0049ec38,9,0,"FUN_004a11ea"
0049ec93,FUN_0049ec93,13,1,""
0049eca0,FUN_0049eca0,179,0,"FUN_00494258 FUN_0049ed53 GetModuleFileNameA ___initmbctable"
0049ed53,FUN_0049ed53,380,5,"__ismbblead"
0049eecf,FUN_0049eecf,224,0,"FID_conflict:_free FUN_00494210 ___initmbctable __invoke_watson _strcpy_s _strlen"
0049efb0,FUN_0049efb0,13,1,""
0049efbd,__set_error_mode,64,1,"FUN_004948a4 __errno"
0049effd,___security_init_cookie,156,0,"GetCurrentProcessId GetCurrentThreadId GetSystemTimeAsFileTime QueryPerformanceCounter"
0049f099,FUN_0049f099,32,0,""
0049f0d9,FUN_0049f0d9,141,0,"FID_conflict:_free FUN_00494258 FreeEnvironmentStringsW GetEnvironmentStringsW WideCharToMultiByte"
0049f166,__wincmdln,95,0,"___initmbctable __ismbblead"
0049f1c5,_strcpy_s,85,3,"FUN_004948a4 __errno"
0049f220,__CallSettingFrame@12,76,3,"__NLG_Notify1"
0049f26c,___DestructExceptionObject,122,1,"_CallMemberFunction0 __SEH_epilog4 __SEH_prolog4"
0049f2f7,FUN_0049f2f7,27,2,"exception"
0049f312,FUN_0049f312,28,1,"exception"
0049f339,FUN_0049f339,37,2,"FID_conflict:_free FUN_00493084"
0049f35e,CallCatchBlock,176,7,"FUN_0049f4a5 _CallCatchBlock2 __CreateFrameInfo __SEH_epilog4 __SEH_prolog4 __getptd"
0049f4a5,FUN_0049f4a5,127,0,"__FindAndUnlinkFrame __IsExceptionObjectToBeDestroyed ___DestructExceptionObject __getptd"
0049f524,FUN_0049f524,40,0,"FUN_00497ee0 FUN_00497f4c __EH_prolog3_catch __getptd"
0049f54c,Catch_All@0049f54c,23,0,"FUN_004931bd __getptd"
0049f564,CatchIt,123,11,"CallCatchBlock _JumpToContinuation _UnwindNestedFrames ___BuildCatchObject ___FrameUnwindToState"
0049f5df,ExFilterRethrow,77,1,"__getptd"
0049f62c,FUN_0049f62c,924,8,"CatchIt FUN_004931bd FUN_00493546 FUN_00497ee0 FUN_0049f524 FUN_0049f9c9 FUN_0049fae5 FUN_004a04be FUN_004b1bd6 _UnwindNestedFrames ___DestructExceptionObject ___FrameUnwindToState __getptd exception operator== terminate"
0049f9c9,FUN_0049f9c9,284,8,"CatchIt EncodePointer FUN_0049346f FUN_00493546 FUN_00497ee0 __getptd"
0049fae5,FUN_0049fae5,135,2,"FUN_00497ee0 FUN_004a04be terminate"
0049fb6d,Is_bad_exception_allowed,57,1,"operator=="
0049fbb7,_is_exception_typeof,135,2,"FUN_00490beb FUN_00497ee0 _strcmp"
0049fc3e,FUN_0049fc3e,13,1,""
0049fc4b,___AdjustPointer,37,2,""
0049fc70,___BuildCatchObject,129,4,"FID_conflict:_CallMemberFunction1 FID_conflict:_CallMemberFunction1 FUN_0049fcfe __SEH_epilog4 __SEH_prolog4 ___AdjustPointer"
0049fcfe,FUN_0049fcfe,438,4,"FUN_00491bf0 FUN_00497ee0 FUN_004b1bc7 FUN_004b1bd6 FUN_004b1be5 __SEH_epilog4 __SEH_prolog4 ___AdjustPointer"
0049fec0,___CxxDetectRethrow,79,1,"__getptd"
0049ff0f,FUN_0049ff0f,346,4,"FUN_004a04be ___BuildCatchObject __getptd"
004a006d,FUN_004a006d,183,2,"__CreateFrameInfo __getptd"
004a0124,FUN_004a0124,317,2,"__FindAndUnlinkFrame __IsExceptionObjectToBeDestroyed ___DestructExceptionObject __getptd"
004a0261,___FrameUnwindFilter,78,1,"__getptd terminate"
004a02af,___FrameUnwindToState,175,4,"FUN_00497ee0 FUN_004a036e __CallSettingFrame@12 __SEH_epilog4 __SEH_prolog4 __getptd"
004a036e,FUN_004a036e,26,0,"__getptd"
004a0388,FUN_004a0388,85,1,"__getptd"
004a03dd,FUN_004a03dd,225,8,"FUN_0049f62c ___FrameUnwindToState __getptd"
004a04be,FUN_004a04be,103,3,"_strcmp"
004a0525,__cfltcvt,33,6,"__cfltcvt_l"
004a0546,__cfltcvt_l,134,7,"FUN_004a05ea FUN_004a0ab5 FUN_004a0c8a FUN_004a0d69"
004a05cc,FUN_004a05cc,30,5,"FUN_004a05ea"
004a05ea,FUN_004a05ea,860,6,"FUN_00490640 FUN_00492234 FUN_004948a4 FUN_0049b080 FUN_004a0946 __alldvrm __aullshr __errno"
004a0946,FUN_004a0946,30,5,"FUN_004a0ab5"
004a0964,FUN_004a0964,336,7,"FUN_00491bf0 FUN_00492234 FUN_004948a4 __errno __invoke_watson __shift _strcpy_s"
004a0ab5,FUN_004a0ab5,206,6,"FUN_00490390 FUN_004948a4 FUN_004a0964 FUN_004b1bf4 FUN_004b1d6c __errno"
004a0b83,FUN_004a0b83,27,4,"FUN_004a0c8a"
004a0b9e,FUN_004a0b9e,236,6,"FUN_00492234 FUN_004948a4 FUN_0049b080 __errno __shift"
004a0c8a,FUN_004a0c8a,193,5,"FUN_00490390 FUN_004948a4 FUN_004a0b9e FUN_004b1bf4 FUN_004b1d6c __errno"
004a0d4b,FUN_004a0d4b,30,5,"FUN_004a0d69"
004a0d69,FUN_004a0d69,255,6,"FUN_00490390 FUN_004948a4 FUN_004a0964 FUN_004a0b9e FUN_004b1bf4 FUN_004b1d6c __errno"
004a0e68,FUN_004a0e68,17,1,"FUN_004a0e79"
004a0e79,FUN_004a0e79,128,2,"FUN_00492234"
004a0ef9,FUN_004a0ef9,24,3,"FUN_004a0f11"
004a0f11,FUN_004a0f11,66,4,"FUN_004aa34b FUN_004aa3ee"
004a0f53,FUN_004a0f53,17,1,"FUN_004a0f64"
004a0f64,FUN_004a0f64,116,2,"FUN_00492234 _isdigit _tolower"
004a0fd8,__positive,26,1,""
004a0ff2,__shift,40,2,"FUN_00491bf0 _strlen"
004a101a,FUN_004a101a,38,0,"__controlfp_s __invoke_watson"
004a1041,FUN_004a1041,31,0,"EncodePointer"
004a1060,__lock,52,1,"EnterCriticalSection FUN_004a1108 __amsg_exit"
004a10b4,__mtdeletelocks,84,0,"DeleteCriticalSection FID_conflict:_free"
004a1108,FUN_004a1108,160,1,"FID_conflict:_free FUN_00493ef3 FUN_00494258 FUN_004973f4 FUN_004a11a8 __FF_MSGBANNER __SEH_epilog4 __SEH_prolog4 ___crtExitProcess __errno __lock"
004a11a8,FUN_004a11a8,9,0,"FUN_004a11ea"
004a11b1,FUN_004a11b1,57,0,"FUN_004973f4"
004a11ea,FUN_004a11ea,21,1,"LeaveCriticalSection"
004a1200,__FindPESection,67,2,""
004a1250,__IsNonwritableInCurrentImage,164,1,"__FindPESection __ValidateImageBase"
004a1310,__ValidateImageBase,49,1,""
004a134a,FUN_004a134a,13,0,"DecodePointer"
004a1360,FUN_004a1360,28,1,""
004a1421,FUN_004a1421,421,1,"DecodePointer EncodePointer FUN_004948a4 FUN_004a15a2 FUN_004a15dc __SEH_epilog4 __SEH_prolog4 __errno __exit __getptd_noexit __lock"
004a15a2,FUN_004a15a2,13,0,"FUN_004a11ea"
004a15dc,FUN_004a15dc,58,2,""
004a186d,FUN_004a186d,13,1,""
004a187a,FUN_004a187a,262,1,"DecodePointer EncodePointer FUN_004948a4 FreeLibrary GetLastError GetProcAddress LoadLibraryExW __errno __get_errno_from_oserr"
004a1980,__ftbuf,49,2,"FUN_004b1fe3"
004a19b1,FUN_004a19b1,166,1,"FUN_00494258 FUN_004a217c FUN_004a227c __fileno"
004a1a57,_wcscat_s,108,3,"FUN_004948a4 __errno"
004a1ac3,_wcscpy_s,92,3,"FUN_004948a4 __errno"
004a1b1f,_wcslen,25,1,""
004a1b38,FUN_004a1b38,190,4,"FUN_004948a4 __errno"
004a1bf6,FUN_004a1bf6,486,3,"DecodePointer EncodePointer FUN_00490390 FUN_00497422 GetLastError GetProcAddress IsDebuggerPresent LoadLibraryExW OutputDebugStringW"
004a1ddc,FUN_004a1ddc,30,1,""
004a1dfa,_realloc,171,2,"FID_conflict:_free GetLastError HeapReAlloc __callnewh __errno __get_errno_from_oserr _malloc"
004a1ea5,FUN_004a1ea5,105,3,"FUN_004941df FUN_0049b080 __errno _realloc"
004a1f0e,__calloc_impl,122,3,"HeapAlloc __callnewh __errno"
004a1f90,__local_unwind4,144,3,"FUN_004b1bc4 __NLG_Notify"
004a2066,FUN_004a2066,28,1,"__local_unwind4"
004a2082,_EH4_CallFilterFunc,23,1,""
004a2099,_EH4_TransferToHandler,25,1,"__NLG_Notify"
004a20b2,FUN_004a20b2,25,2,"RtlUnwind"
004a20cb,_EH4_LocalUnwind,23,4,"__local_unwind4"
004a217c,FUN_004a217c,6,0,""
004a2182,__lock_file,63,1,"EnterCriticalSection __lock"
004a21c1,__lock_file2,48,2,"EnterCriticalSection __lock"
004a21f1,__unlock_file,58,1,"FUN_004a11ea LeaveCriticalSection"
004a222b,__unlock_file2,45,2,"FUN_004a11ea LeaveCriticalSection"
004a2258,__fileno,36,1,"FUN_004948a4 __errno"
004a227c,FUN_004a227c,84,1,"FUN_004948a4 __errno"
004a22d0,FUN_004a22d0,225,3,"FUN_004948a4 FUN_004a2397 FUN_004a23bf FUN_004b222a __SEH_epilog4 __SEH_prolog4 ___doserrno __errno"
004a2397,FUN_004a2397,8,0,"FUN_004b26e6"
004a23bf,FUN_004a23bf,2149,3,"FID_conflict:__dosmaperr FUN_00490390 FUN_004948a4 FUN_004a227c FUN_004a2d20 FUN_004a2f88 FUN_004aaefa GetConsoleCP GetConsoleMode GetLastError WideCharToMultiByte WriteFile ___doserrno __alloca_probe __errno __getptd __putwch_nolock"
004a2c24,FUN_004a2c24,235,4,"FUN_004948a4 FUN_004a2cf6 FUN_004a2d20 FUN_004b222a __SEH_epilog4 __SEH_prolog4 ___doserrno __errno"
004a2cf6,FUN_004a2cf6,8,0,"FUN_004b26e6"
004a2d20,FUN_004a2d20,115,4,"FID_conflict:__dosmaperr FUN_004b24e7 GetLastError SetFilePointerEx __errno"
004a2d93,__getbuf,70,1,"FUN_00494258"
004a2dd9,FUN_004a2dd9,36,1,"FUN_004b27e6"
004a2dfd,FUN_004a2dfd,36,1,"FUN_004b27e6"
004a2e21,FUN_004a2e21,58,2,"FUN_00492234"
004a2e5b,FUN_004a2e5b,20,1,"FUN_004b27e6"
004a2e6f,FUN_004a2e6f,20,1,"FUN_004b27e6"
004a2e83,FUN_004a2e83,27,1,"FUN_004b27e6"
004a2e9e,FUN_004a2e9e,17,1,"FUN_004b27e6"
004a2eaf,FUN_004a2eaf,36,1,"FUN_004b27e6"
004a2ed3,FUN_004a2ed3,36,1,"FUN_004b27e6"
004a2ef7,FUN_004a2ef7,17,1,"FUN_004b27e6"
004a2f08,FUN_004a2f08,20,1,"FUN_004b27e6"
004a2f1c,FUN_004a2f1c,17,1,"FUN_004b27e6"
004a2f2d,FUN_004a2f2d,20,1,"FUN_004b27e6"
004a2f41,FUN_004a2f41,17,1,"FUN_004b27e6"
004a2f52,FUN_004a2f52,17,1,"FUN_004b27e6"
004a2f63,FUN_004a2f63,17,1,"FUN_004b27e6"
004a2f74,FUN_004a2f74,20,1,"FUN_004b27e6"
004a2f88,FUN_004a2f88,17,1,"FUN_004a2e21"
004a2f99,FUN_004a2f99,20,1,"FUN_004b27e6"
004a2fad,FUN_004a2fad,20,1,"FUN_004b27e6"
004a2fc1,FUN_004a2fc1,18,1,""
004a2fd3,FUN_004a2fd3,27,1,"FUN_004b27e6"
004a2fee,FUN_004a2fee,17,1,"FUN_004b27e6"
004a2fff,FUN_004a2fff,17,1,"FUN_004b27e6"
004a3010,FUN_004a3010,20,1,"FUN_004b27e6"
004a3024,FUN_004a3024,17,1,"FUN_004b27e6"
004a3035,FUN_004a3035,20,1,"FUN_004b27e6"
004a3049,FUN_004a3049,17,1,"FUN_004b27e6"
004a305a,FUN_004a305a,17,1,"FUN_004b27e6"
004a306b,FUN_004a306b,17,1,"FUN_004b27e6"
004a307c,FUN_004a307c,20,1,"FUN_004b27e6"
004a3090,FUN_004a3090,21,0,""
004a30a5,FUN_004a30a5,23,2,"FUN_004b283c"
004a30bc,FUN_004a30bc,22,1,"FUN_004b2871"
004a30d2,FUN_004a30d2,23,2,"FUN_004b2871"
004a30e9,FUN_004a30e9,23,2,"FUN_004b288c"
004a3100,__set_printf_count_output,40,1,""
004a31d7,FUN_004a31d7,22,1,"FUN_004b288c"
004a31ed,FUN_004a31ed,79,3,"FUN_00492234 FUN_004a323c"
004a323c,FUN_004a323c,292,5,"FUN_00492234 FUN_004948a4 FUN_0049b080 GetLastError WideCharToMultiByte __errno"
004a3360,FUN_004a3360,51,2,"FUN_004a323c ____mb_cur_max_func"
004a3393,FUN_004a3393,27,4,"FUN_004a323c"
004a33b0,__aulldvrm,149,4,""
004a3445,FUN_004a3445,2939,4,"DecodePointer FID_conflict:_free FUN_00490390 FUN_00492234 FUN_00494258 FUN_004948a4 FUN_004a2e21 FUN_004a3090 FUN_004a3393 FUN_004a4055 __aulldvrm __errno __fileno _strlen write_char write_multi_char"
004a3fe1,write_char,72,3,"FUN_0049491f"
004a4029,write_multi_char,44,4,"write_char"
004a4055,FUN_004a4055,120,5,"write_char"
004a40d3,DName,185,3,"FUN_004a592f"
004a418c,FUN_004a418c,22,2,""
004a41a2,DName,44,2,"FUN_004a592f"
004a41ce,DName,77,2,"getMemory pDNameNode"
004a421b,DName,58,2,"FUN_004a592f"
004a4255,DName,67,2,"make"
004a42a9,FUN_004a42a9,147,3,"FUN_00490390 FUN_004a592f __aulldvrm"
004a433c,FUN_004a433c,109,3,"FUN_00490390 FUN_004a592f __aulldvrm"
004a43b2,DNameStatusNode,35,2,""
004a43db,UnDecorator,105,6,""
004a4444,FUN_004a4444,21,2,""
004a4459,pDNameNode,40,2,""
004a4481,pairNode,31,3,""
004a44a0,FUN_004a44a0,87,3,"getMemory"
004a44f7,operator_new,21,3,"getMemory"
004a450c,FUN_004a450c,22,2,""
004a4522,operator=,44,2,"FUN_004a592f"
004a454e,operator=,73,2,"getMemory pDNameNode"
004a4597,operator=,50,2,"FUN_004a592f"
004a45c9,operator=,53,2,"make"
004a45fe,operator[],60,2,"DName"
004a463a,FUN_004a463a,383,0,"DName FUN_004a87bb FUN_004a8f4b getDecoratedName operator+ operator="
004a47b9,operator+,36,2,"DName operator+"
004a47dd,operator+,36,2,"DName operator+"
004a4801,operator+,36,2,"DName operator+"
004a4825,operator+,34,2,"operator+="
004a4847,operator+,34,2,"operator+="
004a4869,operator+,34,2,"operator+="
004a488b,operator+,34,2,"operator+="
004a48ad,operator+,34,2,"operator+="
004a48cf,operator+=,67,2,"append operator+="
004a4912,operator+=,80,2,"append getMemory operator="
004a4962,operator+=,101,2,"append getMemory operator+= operator= pDNameNode"
004a49c7,operator+=,97,2,"FUN_004a44a0 append getMemory operator="
004a4a28,operator+=,64,2,"append make operator="
004a4a68,operator+=,74,2,"getMemory"
004a4ab2,operator|=,28,2,""
004a4ace,Constructor,29,3,""
004a4aeb,Destructor,38,1,""
004a4b11,UScore,29,1,""
004a4b2e,append,70,2,"getMemory"
004a4b74,FUN_004a4b74,3382,2,"DName DName DName FUN_004a5b15 FUN_004a5df5 FUN_004a8152 FUN_004a9169 getCallingConvention getDimension getDispatchTarget getExternalDataType getMemory getReturnType getThisType getThrowTypes getVCallThunkType getVdispMapType getVfTableType operator+ operator+ operator+ operator+ operator+= operator+= operator+= operator|="
004a592f,FUN_004a592f,136,3,"FUN_004a44a0 getMemory"
004a5a09,getArgumentList,268,0,"FUN_004a7d98 operator+= operator+= operator+= operator+= operator[]"
004a5b15,FUN_004a5b15,222,1,"DName DName getArgumentList operator+"
004a5bf3,getArrayType,514,1,"DName FUN_004a5e8c FUN_004a7d98 getDimension getNumberOfDimensions operator+ operator+ operator+ operator+= operator+= operator+= operator+="
004a5df5,FUN_004a5df5,151,1,"DName DName UScore getScopedName operator+= operator+= operator+="
004a5e8c,FUN_004a5e8c,945,2,"DName DName FUN_004a5e8c FUN_004a6dd0 getPtrRefType operator+ operator+ operator+ operator+= operator+= operator= operator="
004a6263,FUN_004a6263,20,1,"getDimension"
004a6277,getCallingConvention,191,0,"DName UScore operator="
004a6336,FUN_004a6336,1437,5,"DName DName DName FUN_004a5df5 FUN_004a6fd8 FUN_004a826f UScore operator+ operator+ operator+ operator+= operator+= operator+= operator= operator|="
004a68d3,getDataIndirectType,57,0,"FUN_004a6336"
004a690c,getDataType,210,1,"DName DName DName FUN_004a6336 FUN_004a7d98 operator+"
004a69de,getDecoratedName,588,0,"DName FUN_004a4b74 FUN_004a826f getDataType getDecoratedName getSymbolName operator+= operator+="
004a6c2a,getDimension,311,1,"DName FUN_004a42a9 FUN_004a433c operator+"
004a6d61,getDispatchTarget,91,0,"DName"
004a6dbc,getDisplacement,20,0,"getDimension"
004a6dd0,FUN_004a6dd0,275,1,"DName FUN_004a6ef4 getScopedName operator+ operator+= operator="
004a6ee3,getECSUName,17,0,"getScopedName"
004a6ef4,FUN_004a6ef4,196,1,"DName DName operator+ operator="
004a6fd8,FUN_004a6fd8,421,4,"DName FUN_004a433c operator+ operator+= operator+= operator="
004a717d,getExternalDataType,121,1,"getDataIndirectType getDataType getMemory operator+ operator+="
004a71f6,FUN_004a71f6,1014,2,"DName DName DName FUN_004a5b15 FUN_004a5df5 FUN_004a8152 FUN_004a826f getCallingConvention getMemory getReturnType getThisType getThrowTypes operator+ operator+ operator+= operator+= operator|="
004a75ec,FID_conflict:getGuardNumber,20,1,"getDimension"
004a760e,FUN_004a760e,12,1,""
004a761a,FUN_004a761a,4,1,""
004a761e,FUN_004a761e,21,1,""
004a7633,getLastChar,26,1,""
004a764d,FUN_004a764d,18,1,""
004a765f,getLexicalFrame,61,0,"DName getDimension operator+ operator+"
004a769c,getMemory,133,3,"getMemory"
004a7721,getNumberOfDimensions,97,0,""
004a7782,FUN_004a7782,1498,3,"DName DName DName FUN_004a7782 FUN_004a89d7 FUN_004a9864 getDataType getDecoratedName getDimension getSignedDimension getStringEncoding getSymbolName operator+ operator+ operator+ operator+= operator+= operator+= operator="
004a7d5c,FID_conflict:getPointerType,30,3,"getPtrRefType"
004a7d7a,FID_conflict:getPointerType,30,3,"getPtrRefType"
004a7d98,FUN_004a7d98,440,2,"DName DName FUN_004a5e8c FUN_004a6336 FUN_004a71f6 FUN_004a7f50 getPtrRefType operator+ operator+= operator="
004a7f50,FUN_004a7f50,234,3,"DName FUN_004a5e8c getArrayType operator+ operator+ operator+"
004a803a,getPtrRefType,252,3,"DName DName FUN_004a6336 FUN_004a71f6 FUN_004a7f50 operator+= operator+= operator+="
004a8136,getReferenceType,28,3,"getPtrRefType"
004a8152,FUN_004a8152,238,2,"DName UScore operator+= operator+="
004a8240,getReturnType,47,1,"DName getDataType"
004a826f,FUN_004a826f,983,1,"DName DName DName DName FUN_004a7782 FUN_004a9864 getDecoratedName getLexicalFrame operator+ operator+ operator+ operator+= operator+= operator+= operator+= operator="
004a8646,getScopedName,251,0,"DName FUN_004a826f FUN_004a9864 operator+ operator+ operator="
004a8741,getSignedDimension,83,0,"DName getDimension operator+"
004a8794,getStorageConvention,17,0,"getDataIndirectType"
004a87a5,FUN_004a87a5,22,2,""
004a87bb,FUN_004a87bb,94,3,"getMemory"
004a8819,getString,39,3,"FUN_004a895a"
004a8840,FUN_004a8840,21,3,""
004a8855,getString,29,3,""
004a8872,FUN_004a8872,42,3,""
004a889c,FUN_004a889c,27,3,"FUN_004a895a"
004a88b7,getStringEncoding,163,2,"DName DName getDimension"
004a895a,FUN_004a895a,53,4,""
004a898f,getSymbolName,72,0,"FUN_004a7782 FUN_004a8f4b FUN_004a9864"
004a89d7,FUN_004a89d7,633,1,"DName FUN_00490390 FUN_004a7d98 FUN_004a87bb FUN_004a8c50 _atol getSignedDimension operator+ operator+= operator+= operator+= operator+= operator= operator[]"
004a8c50,FUN_004a8c50,763,1,"DName DName DName FUN_00490390 FUN_004a87bb FUN_004a9864 _atol getDecoratedName getSignedDimension operator+ operator+ operator+ operator+= operator+="
004a8f4b,FUN_004a8f4b,346,2,"DName DName FUN_004a7782 FUN_004a89d7 FUN_004a9864 operator+ operator+= operator+="
004a90a5,getThisType,58,0,"FUN_004a6336"
004a90df,getThrowTypes,138,0,"DName FUN_004a5b15 operator+ operator+ operator+"
004a9169,FUN_004a9169,1226,0,"FUN_004a9169"
004a9659,getVCallThunkType,59,0,"DName DName"
004a9694,getVbTableType,21,1,"getVfTableType"
004a96a9,getVdispMapType,86,1,"FUN_004a826f operator+= operator+= operator+="
004a96ff,getVfTableType,357,1,"DName DName FUN_004a826f getDataIndirectType operator+ operator+= operator+= operator+= operator+="
004a9864,FUN_004a9864,554,3,"DName DName FUN_00490390 FUN_004a87bb FUN_004a8f4b _atol getSignedDimension operator+ operator+= operator+= operator+= operator= operator= operator[] und_strncmp"
004a9b1f,FUN_004a9b1f,4,1,""
004a9b23,FUN_004a9b23,4,0,""
004a9b27,FUN_004a9b27,20,1,""
004a9b3b,FUN_004a9b3b,41,1,""
004a9b64,FUN_004a9b64,4,1,""
004a9b68,make,134,1,""
004a9c32,und_memcpy,31,3,""
004a9c51,FUN_004a9c51,21,1,""
004a9c66,und_strncmp,47,3,""
004a9c95,FUN_004a9c95,151,6,"Destructor FUN_004a1108 FUN_004a463a FUN_004a9d2f UnDecorator __SEH_epilog4 __SEH_prolog4 __lock"
004a9d2f,FUN_004a9d2f,9,0,"FUN_004a11ea"
004a9dd9,FUN_004a9dd9,516,9,"FUN_00490390 FUN_004aa068 FUN_004abc91 MultiByteToWideChar WideCharToMultiByte __alloca_probe_16 _malloc"
004a9fdd,___strncnt,32,2,""
004a9ffd,FUN_004a9ffd,17,1,""
004aa00e,FUN_004aa00e,20,2,""
004aa022,FUN_004aa022,70,9,"FUN_00492234 FUN_004a9dd9"
004aa068,FUN_004aa068,30,1,"FID_conflict:_free"
004aa086,FUN_004aa086,279,3,"FUN_00490390 FUN_00492234 FUN_004948a4 FUN_004aa1e1 FUN_004b299c __errno"
004aa19d,FUN_004aa19d,21,2,"FUN_004aa086"
004aa1b2,__isctype,47,2,"FUN_004aa1e1"
004aa1e1,FUN_004aa1e1,177,3,"FUN_00492234 FUN_004a2e21 FUN_004ad1d2"
004aa292,FUN_004aa292,164,4,"FUN_00490390 FUN_00492234 FUN_004b37d3 FUN_004b44ef"
004aa336,FUN_004aa336,21,2,"FUN_004aa34b"
004aa34b,FUN_004aa34b,142,3,"FUN_00490390 FUN_00492234 FUN_004b3261 FUN_004b44ef"
004aa3d9,FUN_004aa3d9,21,2,"FUN_004aa3ee"
004aa3ee,FUN_004aa3ee,24,3,"FUN_004aa292"
004aa406,FUN_004aa406,21,2,"FUN_004aa41b"
004aa41b,FUN_004aa41b,143,3,"FUN_00490390 FUN_00492234 FUN_004b3d45 FUN_004b44ef"
004aa4b0,__allmul,52,4,""
004aa4e4,FUN_004aa4e4,289,1,"FUN_004948a4 FUN_004b4c97 __errno __fileno __getbuf"
004aa605,FUN_004aa605,224,2,"FUN_004948a4 __errno __fileno __getbuf"
004aa755,FUN_004aa755,16,1,""
004aa765,___iscsym,32,1,"_isalnum"
004aa785,___iscsymf,29,1,"_isalpha"
004aa7a2,FUN_004aa7a2,11,1,""
004aa7ad,FUN_004aa7ad,88,2,"FUN_00492234 FUN_004aa1e1"
004aa805,FUN_004aa805,88,2,"FUN_00492234 FUN_004aa1e1"
004aa85d,FUN_004aa85d,90,2,"FUN_00492234 FUN_004aa1e1"
004aa8b7,FUN_004aa8b7,82,2,"FUN_00492234 FUN_004aa1e1"
004aa909,FUN_004aa909,33,2,"FUN_004aa7ad"
004aa92a,FUN_004aa92a,33,2,"FUN_004aa805"
004aa94b,FUN_004aa94b,82,2,"FUN_00492234 FUN_004aa1e1"
004aa99d,FUN_004aa99d,88,2,"FUN_00492234 FUN_004aa1e1"
004aa9f5,FUN_004aa9f5,82,2,"FUN_00492234 FUN_004aa1e1"
004aaa47,FUN_004aaa47,88,2,"FUN_00492234 FUN_004aa1e1"
004aaa9f,FUN_004aaa9f,82,2,"FUN_00492234 FUN_004aa1e1"
004aaaf1,FUN_004aaaf1,82,2,"FUN_00492234 FUN_004aa1e1"
004aab43,FUN_004aab43,82,2,"FUN_00492234 FUN_004aa1e1"
004aab95,FUN_004aab95,88,2,"FUN_00492234 FUN_004aa1e1"
004aabed,_isalnum,45,1,"FUN_004aa7ad"
004aac1a,_isalpha,45,1,"FUN_004aa805"
004aac47,FUN_004aac47,53,1,"FUN_004aa85d"
004aac7c,_iscntrl,43,1,"FUN_004aa8b7"
004aaca7,_isdigit,43,1,"FUN_004aa94b"
004aacd2,_isgraph,45,1,"FUN_004aa99d"
004aacff,_islower,43,1,"FUN_004aa9f5"
004aad2a,_isprint,45,1,"FUN_004aaa47"
004aad57,_ispunct,43,1,"FUN_004aaa9f"
004aad82,_isspace,43,1,"FUN_004aaaf1"
004aadad,_isupper,43,1,"FUN_004aab43"
004aadd8,_isxdigit,45,1,"FUN_004aab95"
004aae05,FUN_004aae05,245,4,"FUN_00492234 FUN_004a2e21 MultiByteToWideChar __errno"
004aaefa,FUN_004aaefa,24,3,"FUN_004aae05"
004aafda,FUN_004aafda,164,4,"FUN_004948a4 __errno"
004ab155,FUN_004ab155,155,3,"FUN_004948a4 FUN_004b55e6 __errno __getenv_helper_nolock __invoke_watson _strcpy_s _strlen"
004ab1f1,__getenv_helper_nolock,132,1,"FUN_004b5557 __mbsnbicoll _strlen"
004ab275,FUN_004ab275,154,4,"FUN_004948a4 __errno __getenv_helper_nolock __invoke_watson _strcpy_s _strlen"
004ab461,FUN_004ab461,38,0,"FUN_0049c0e1 __getptd"
004ab4d5,____mb_cur_max_func,38,0,"FUN_0049c0e1 __getptd"
004ab4fb,____mb_cur_max_l_func,23,1,"____mb_cur_max_func"
004ab512,FUN_004ab512,920,1,"FID_conflict:_free FUN_00490390 FUN_00492870 FUN_00494210 FUN_00494258 FUN_0049bc6c FUN_004aa022 FUN_004ad1d2 GetCPInfo"
004ab8aa,FUN_004ab8aa,228,5,"FUN_00490390 FUN_004aa068 FUN_004abbd7 WideCharToMultiByte __alloca_probe_16 _malloc"
004ab98e,FUN_004ab98e,58,5,"FUN_00492234 FUN_004ab8aa"
004ab9c8,FUN_004ab9c8,53,1,""
004ab9fd,FID_conflict:GetTableIndexFromLocaleName,78,1,"__wcsnicmp"
004aba4b,FUN_004aba4b,76,6,"CompareStringW FID_conflict:_AtlDownlevelLocaleNameToLCID"
004aba97,FUN_004aba97,123,3,"FUN_004ab9c8 __invoke_watson _wcscpy_s _wcsnlen"
004abb13,FID_conflict:_AtlDownlevelLocaleNameToLCID,42,1,"FID_conflict:GetTableIndexFromLocaleName"
004abb3d,FUN_004abb3d,20,1,""
004abb51,FUN_004abb51,61,3,"EnumSystemLocalesW"
004abb8e,FUN_004abb8e,73,6,"FID_conflict:_AtlDownlevelLocaleNameToLCID GetDateFormatW"
004abbd7,FUN_004abbd7,47,4,"FID_conflict:_AtlDownlevelLocaleNameToLCID GetLocaleInfoW"
004abc06,FUN_004abc06,53,6,"FID_conflict:_AtlDownlevelLocaleNameToLCID GetTimeFormatW"
004abc3b,FUN_004abc3b,43,2,"FUN_004aba97 GetUserDefaultLCID"
004abc66,FUN_004abc66,43,1,"FID_conflict:_AtlDownlevelLocaleNameToLCID IsValidLocale"
004abc91,FUN_004abc91,76,6,"FID_conflict:_AtlDownlevelLocaleNameToLCID LCMapStringW"
004abcdd,__wcsnicmp,110,3,""
004abd4b,FID_conflict:___acrt_locale_free_monetary,252,1,"FID_conflict:_free"
004abe47,FUN_004abe47,929,1,"FID_conflict:___acrt_locale_free_monetary FID_conflict:_free FUN_00494210 FUN_00494258 FUN_0049bc6c"
004ac1e8,fix_grouping,56,1,""
004ac220,FID_conflict:___free_lconv_num,103,1,"FID_conflict:_free"
004ac287,FUN_004ac287,518,1,"FID_conflict:___free_lconv_num FID_conflict:_free FUN_00494210 FUN_00494258 FUN_0049bc6c"
004ac48d,fix_grouping,56,1,""
004ac4c5,___free_lc_time,896,1,"FID_conflict:_free"
004ac845,FUN_004ac845,124,1,"FID_conflict:_free FUN_00494210 FUN_004ac8c1 ___free_lc_time"
004ac8c1,FUN_004ac8c1,2035,2,"FUN_0049bc6c FUN_0049caa8"
004ad0da,FUN_004ad0da,248,7,"FUN_00490390 FUN_0049b080 FUN_004aa068 GetStringTypeW MultiByteToWideChar __alloca_probe_16 _malloc"
004ad1d2,FUN_004ad1d2,64,7,"FUN_00492234 FUN_004ad0da"
004ad244,cmpBYTE,37,2,""
004ad269,cmpDWORD,139,2,""
004ad2f4,FUN_004ad2f4,28,1,""
004ad310,cmpWORD,81,2,""
004ad361,FUN_004ad361,5878,3,""
004aead9,FUN_004aead9,5914,3,""
004b0275,_wcscmp,62,2,""
004b02b3,_wcscspn,75,2,""
004b02fe,_wcsnlen,31,2,""
004b031d,_wcsncmp,54,3,""
004b0353,_wcspbrk,66,2,""
004b0395,FUN_004b0395,120,1,"FUN_00490390 FUN_004a1b38 FUN_004abc3b __invoke_watson _wcslen"
004b040e,FUN_004b040e,116,1,"FUN_004abb51 _GetPrimaryLen _wcslen"
004b0482,FUN_004b0482,74,1,"FUN_004abb51 _GetPrimaryLen _wcslen"
004b04cc,_GetPrimaryLen,50,1,""
004b04fe,FUN_004b04fe,543,1,"FUN_00490390 FUN_004a1b38 FUN_004abbd7 FUN_004b0866 FUN_004b5afb FUN_004b5c69 _GetPrimaryLen __getptd __invoke_watson _wcslen"
004b071e,FUN_004b071e,178,1,"FUN_00490390 FUN_004a1b38 FUN_004abbd7 FUN_004b5afb __getptd __invoke_watson _wcslen"
004b07d1,_ProcessCodePage,149,2,"FUN_004abbd7 __wtol _wcscmp"
004b0866,FUN_004b0866,76,1,"FUN_00490390 FUN_004abbd7 _wcsncmp"
004b08b2,_TestDefaultLanguage,59,3,"FUN_004b0866 _GetPrimaryLen _wcslen"
004b08ed,FUN_004b08ed,106,3,"FUN_004b5afb"
004b0957,FUN_004b0957,451,3,"FUN_004a1b38 FUN_004abbd7 FUN_004b0395 FUN_004b040e FUN_004b0482 FUN_004b08ed FUN_004b5841 FUN_004b5a4d IsValidCodePage _ProcessCodePage __getptd __invoke_watson _wcslen"
004b0b1b,FUN_004b0b1b,176,1,"FUN_00490390 FUN_004b5afb GetLocaleInfoW _LcidFromHexString _TestDefaultCountry __getptd"
004b0bcb,FUN_004b0bcb,64,1,"EnumSystemLocalesW __getptd _wcslen"
004b0c0b,FUN_004b0c0b,28,1,"GetUserDefaultLCID"
004b0c27,FUN_004b0c27,125,1,"EnumSystemLocalesW _GetPrimaryLen __getptd _wcslen"
004b0ca4,FUN_004b0ca4,89,1,"EnumSystemLocalesW _GetPrimaryLen __getptd _wcslen"
004b0cfd,_GetPrimaryLen,42,1,""
004b0d27,FUN_004b0d27,501,1,"FUN_00490390 FUN_004b10f3 FUN_004b5afb FUN_004b5c69 GetLocaleInfoW _LcidFromHexString _TestDefaultCountry __getptd _wcslen"
004b0f1c,FUN_004b0f1c,219,1,"FUN_00490390 FUN_004b10f3 FUN_004b5afb GetLocaleInfoW _LcidFromHexString __getptd"
004b0ff7,_LcidFromHexString,79,1,""
004b1046,FUN_004b1046,139,2,"GetLocaleInfoW __wtol _wcscmp"
004b10d1,_TestDefaultCountry,34,1,""
004b10f3,FUN_004b10f3,106,2,"GetLocaleInfoW _GetPrimaryLen __getptd _wcslen"
004b115d,FUN_004b115d,106,3,"FUN_004b5afb"
004b11c7,FUN_004b11c7,540,3,"FUN_00490390 FUN_0049b080 FUN_004aba97 FUN_004b0bcb FUN_004b0c27 FUN_004b0ca4 FUN_004b1046 FUN_004b115d FUN_004b5841 GetLocaleInfoW GetUserDefaultLCID IsValidCodePage IsValidLocale __getptd"
004b13f0,__trandisp1,103,2,""
004b1457,__trandisp2,140,2,""
004b15b3,FUN_004b15b3,7,0,""
004b15c0,FUN_004b15c0,23,8,""
004b15d7,__startOneArgErrorHandling,60,6,"__87except"
004b1635,FUN_004b1635,23,0,""
004b164c,FUN_004b164c,25,0,""
004b1665,__fload_withFB,67,2,""
004b16a8,FUN_004b16a8,22,2,""
004b16cb,__math_exit,42,5,"__startOneArgErrorHandling"
004b17ac,FUN_004b17ac,3,0,""
004b17af,FUN_004b17af,90,4,"FUN_00492234"
004b1809,FUN_004b1809,25,1,"FUN_004b17af"
004b1822,FUN_004b1822,26,2,"FUN_004b17af"
004b183c,FUN_004b183c,25,1,"FUN_004b17af"
004b1855,FUN_004b1855,26,2,"FUN_004b17af"
004b186f,__ismbbblank,33,1,"FUN_004b17af"
004b1890,__ismbbblank_l,34,2,"FUN_004b17af"
004b18b2,FUN_004b18b2,25,1,"FUN_004b17af"
004b18cb,FUN_004b18cb,26,2,"FUN_004b17af"
004b18e5,FUN_004b18e5,22,1,"FUN_004b17af"
004b18fb,FUN_004b18fb,23,2,"FUN_004b17af"
004b1912,FUN_004b1912,17,1,"FUN_004b1923"
004b1923,FUN_004b1923,76,2,"FUN_00492234 FUN_004b17af"
004b196f,FUN_004b196f,22,1,"FUN_004b17af"
004b1985,FUN_004b1985,23,2,"FUN_004b17af"
004b199c,FUN_004b199c,22,1,"FUN_004b17af"
004b19b2,FUN_004b19b2,23,2,"FUN_004b17af"
004b19c9,__ismbblead,22,1,"FUN_004b17af"
004b19df,FUN_004b19df,23,2,"FUN_004b17af"
004b19f6,FUN_004b19f6,25,1,"FUN_004b17af"
004b1a0f,FUN_004b1a0f,26,2,"FUN_004b17af"
004b1a29,FUN_004b1a29,22,1,"FUN_004b17af"
004b1a3f,FUN_004b1a3f,23,2,"FUN_004b17af"
004b1a56,FUN_004b1a56,22,1,"FUN_004b17af"
004b1a6c,FUN_004b1a6c,23,2,"FUN_004b17af"
004b1a90,__global_unwind2,32,1,"RtlUnwind"
004b1af5,__local_unwind2,132,2,"FUN_004b1bc4 __NLG_Notify"
004b1b9c,__NLG_Notify1,9,1,""
004b1ba5,__NLG_Notify,31,1,""
004b1bc4,FUN_004b1bc4,3,0,""
004b1bc7,FUN_004b1bc7,15,1,""
004b1bd6,FUN_004b1bd6,15,1,""
004b1be5,FUN_004b1be5,15,1,""
004b1bf4,FUN_004b1bf4,176,4,"FUN_00491bf0 FUN_004948a4 __errno _strlen"
004b1ca4,FUN_004b1ca4,200,2,""
004b1d6c,FUN_004b1d6c,141,5,"FUN_00490390 FUN_004b1ca4 FUN_004b5f21 __invoke_watson _strcpy_s"
004b1e00,__alldvrm,223,4,""
004b1ee0,__aullshr,31,2,""
004b1f05,__set_output_format,50,1,"FUN_004948a4 __errno"
004b1f37,__controlfp_s,93,3,"FUN_004948a4 FUN_004b71f5 __errno"
004b1f9d,FUN_004b1f9d,70,1,"FUN_004b1fe3 FUN_004b7a3b __fileno flsall"
004b1fe3,FUN_004b1fe3,100,1,"FUN_004a22d0 __fileno"
004b2047,FUN_004b2047,9,0,"flsall"
004b20a9,flsall,187,1,"FUN_004b1f9d FUN_004b2151 FUN_004b2184 __SEH_epilog4 __SEH_prolog4 __lock __lock_file2"
004b2151,FUN_004b2151,17,0,"__unlock_file2"
004b2184,FUN_004b2184,9,0,"FUN_004a11ea"
004b218d,FUN_004b218d,145,0,"DeleteCriticalSection FID_conflict:_free FUN_004b2221 FUN_004b7b90 __SEH_epilog4 __SEH_prolog4 __lock"
004b2221,FUN_004b2221,9,0,"FUN_004a11ea"
004b222a,FUN_004b222a,130,1,"EnterCriticalSection FUN_004973f4 FUN_004b22af __SEH_epilog4 __SEH_prolog4 __lock"
004b22af,FUN_004b22af,9,0,"FUN_004a11ea"
004b2461,FUN_004b2461,134,1,"SetStdHandle ___doserrno __errno"
004b24e7,FUN_004b24e7,103,1,"FUN_004948a4 ___doserrno __errno"
004b2664,FUN_004b2664,130,2,"SetStdHandle ___doserrno __errno"
004b26e6,FUN_004b26e6,38,1,"LeaveCriticalSection"
004b2758,__putwch_nolock,67,1,"WriteConsoleW ___dcrt_lowio_initialize_console_output"
004b27a0,__alloca_probe,43,0,""
004b27cb,FUN_004b27cb,18,2,"FUN_004b27e6"
004b27dd,FUN_004b27dd,9,2,"FUN_004b27e6"
004b27e6,FUN_004b27e6,86,2,"GetStringTypeW"
004b283c,FUN_004b283c,27,3,"FUN_004b28c1"
004b2857,FUN_004b2857,26,2,"FUN_004b28c1"
004b2871,FUN_004b2871,27,3,"FUN_004b28c1"
004b288c,FUN_004b288c,27,3,"FUN_004b28c1"
004b28a7,FUN_004b28a7,26,2,"FUN_004b28c1"
004b28c1,FUN_004b28c1,127,4,"FUN_004948a4 FUN_004a19b1 FUN_004a217c FUN_004b2946 __SEH_epilog4 __SEH_prolog4 __errno __ftbuf __lock_file"
004b2946,FUN_004b2946,8,0,"__unlock_file"
004b294e,FUN_004b294e,26,2,"FUN_004b28c1"
004b2970,__alloca_probe_16,22,0,"__alloca_probe"
004b2986,__alloca_probe_8,22,0,"__alloca_probe"
004b299c,FUN_004b299c,167,3,"FUN_00490390 FUN_004b3261 FUN_004b44ef"
004b2a50,FUN_004b2a50,29,2,""
004b2a6d,FUN_004b2a6d,15,1,""
004b2a7c,FUN_004b2a7c,98,2,""
004b2ade,__IsZeroMan,29,1,""
004b2afb,FUN_004b2afb,257,2,""
004b2bfc,FUN_004b2bfc,142,2,""
004b2c8a,FUN_004b2c8a,72,2,""
004b2cd2,FUN_004b2cd2,36,3,""
004b2cf6,FUN_004b2cf6,1387,3,"FUN_00490390"
004b3261,FUN_004b3261,1394,2,"FUN_00490390"
004b37d3,FUN_004b37d3,1394,2,"FUN_00490390"
004b3d45,FUN_004b3d45,207,2,"FUN_00490390"
004b3e14,FUN_004b3e14,91,5,"FUN_00490390 FUN_004b3d45 FUN_004b44ef"
004b3e6f,FUN_004b3e6f,716,2,"FUN_00490390"
004b413b,FUN_004b413b,851,3,"FUN_00490390"
004b448e,shl_ld12<1>,49,1,""
004b44bf,shr_ld12,48,1,""
004b44ef,FUN_004b44ef,1912,8,"FUN_00490390 FUN_004948a4 FUN_004b7c3d __errno"
004b4c97,FUN_004b4c97,262,3,"FUN_004948a4 FUN_004b222a FUN_004b4d83 FUN_004b4dab __SEH_epilog4 __SEH_prolog4 ___doserrno __errno"
004b4d83,FUN_004b4d83,8,0,"FUN_004b26e6"
004b4dab,FUN_004b4dab,1937,3,"FID_conflict:__dosmaperr FID_conflict:_free FUN_00494258 FUN_004948a4 FUN_004a227c FUN_004a2d20 GetConsoleMode GetLastError MultiByteToWideChar ReadConsoleW ReadFile ___doserrno __errno"
004b553c,_strnlen,27,2,""
004b5557,FUN_004b5557,143,0,"FID_conflict:_free FUN_00494210 FUN_004b7e1d WideCharToMultiByte"
004b55e6,FUN_004b55e6,64,2,"__calloc_impl __errno"
004b5626,__mbsnbicoll,24,3,"FUN_004b563e"
004b563e,FUN_004b563e,182,4,"FUN_00492234 FUN_004948a4 FUN_004b8147 FUN_004b84b0 __errno"
004b56f4,FUN_004b56f4,284,6,"FUN_004948a4 __aulldvrm __errno"
004b5810,FUN_004b5810,49,5,"FUN_004b56f4"
004b5841,FUN_004b5841,41,4,"FUN_004b58c7"
004b586a,FUN_004b586a,42,4,"FUN_004b58c7"
004b5894,FUN_004b5894,27,5,"FUN_004b56f4"
004b58af,FUN_004b58af,24,4,"FUN_004b58c7"
004b58c7,FUN_004b58c7,243,5,"FUN_004948a4 __errno"
004b59ba,FUN_004b59ba,9,1,"__wtol"
004b59c3,FUN_004b59c3,20,1,"FUN_004b8ab7"
004b59d7,FUN_004b59d7,23,2,"FUN_004b8ae1"
004b59ee,FUN_004b59ee,9,2,"__wtol_l"
004b59f7,__wtol,20,1,"_wcstol"
004b5a0b,__wtol_l,23,2,"FUN_004b86d4"
004b5a22,FUN_004b5a22,20,1,"FUN_004b8ab7"
004b5a36,FUN_004b5a36,23,2,"FUN_004b8ae1"
004b5a4d,FUN_004b5a4d,174,2,""
004b5afb,FUN_004b5afb,147,2,"FUN_004948a4 FUN_004b5b8e __errno"
004b5b8e,FUN_004b5b8e,219,3,"FUN_00492234 FUN_004948a4 FUN_004b8bb0 __errno"
004b5c69,FUN_004b5c69,182,3,"FUN_004948a4 FUN_004b5d1f __errno"
004b5d1f,FUN_004b5d1f,249,4,"FUN_00492234 FUN_004948a4 FUN_004b8bb0 __errno"
004b5e18,__87except,265,3,"FUN_00490390 FUN_004b17ac __ctrlfp __handle_exc __raise_exc __set_errno_from_matherr"
004b5f21,FUN_004b5f21,2515,6,"FUN_00490390 __invoke_watson _strcpy_s"
004b68f5,FUN_004b68f5,114,2,""
004b6967,___abstract_cw_sse2,169,1,""
004b6a10,___abstract_sw_sse2,65,1,""
004b6a51,___clearfp_sse2,80,0,""
004b6aa1,FUN_004b6aa1,794,4,"___hw_cw_sse2 ___set_fpsr_sse2 __hw_cw"
004b6dbb,___control87_sse2,387,2,"___hw_cw_sse2 ___set_fpsr_sse2"
004b6f4a,___hw_cw_sse2,169,1,""
004b6ff3,___statusfp_sse2,65,0,"___get_fpsr_sse2"
004b7034,__abstract_cw,159,1,""
004b70d3,__abstract_sw,66,1,""
004b7115,FUN_004b7115,224,0,""
004b71f5,FUN_004b71f5,770,2,"___hw_cw_sse2 ___set_fpsr_sse2 __hw_cw"
004b74f7,FUN_004b74f7,779,2,"___hw_cw_sse2 ___set_fpsr_sse2 __hw_cw"
004b7838,__hw_cw,151,1,""
004b78cf,FUN_004b78cf,114,2,"__controlfp_s __invoke_watson"
004b7942,__statusfp,154,0,""
004b79dc,__statusfp2,95,2,"___statusfp_sse2"
004b7a3b,FUN_004b7a3b,219,1,"FUN_004948a4 FUN_004b222a FUN_004b24e7 FUN_004b7b03 FlushFileBuffers GetLastError __SEH_epilog4 __SEH_prolog4 ___doserrno __errno"
004b7b03,FUN_004b7b03,8,0,"FUN_004b26e6"
004b7b24,__fclose_nolock,108,1,"FID_conflict:_free FUN_004948a4 FUN_004b1fe3 FUN_004b8c72 __errno __fileno __freebuf"
004b7b90,FUN_004b7b90,105,1,"FUN_004948a4 FUN_004b7bff __SEH_epilog4 __SEH_prolog4 __errno __fclose_nolock __lock_file"
004b7bff,FUN_004b7bff,8,0,"__unlock_file"
004b7c1e,___dcrt_lowio_initialize_console_output,31,0,"CreateFileW"
004b7c3d,FUN_004b7c3d,480,3,""
004b7e1d,FUN_004b7e1d,583,2,"FID_conflict:_free FUN_00494210 FUN_00494258 FUN_004942e9 FUN_004948a4 FUN_004b5557 FUN_004b8065 FUN_004b8e67 SetEnvironmentVariableA __errno __invoke_watson _strcpy_s _strlen findenv"
004b8065,FUN_004b8065,96,1,"FUN_00494210 FUN_004b8e17 __amsg_exit"
004b80c5,findenv,91,2,"__mbsnbicoll"
004b8120,__strnicoll,39,3,"FUN_004b8147 __strnicmp"
004b8147,FUN_004b8147,197,4,"FUN_00492234 FUN_004948a4 FUN_004b84b0 FUN_004b8f84 __errno"
004b820c,FUN_004b820c,644,8,"FUN_00490390 FUN_004aa068 FUN_004aba4b GetCPInfo MultiByteToWideChar ___strncnt __alloca_probe_16 _malloc"
004b8490,___strncnt,32,2,""
004b84b0,FUN_004b84b0,67,8,"FUN_00492234 FUN_004b820c"
004b84f3,FUN_004b84f3,481,4,"FUN_004948a4 FUN_004b27e6 __errno __wchartodigit"
004b86d4,FUN_004b86d4,24,3,"FUN_004b84f3"
004b86ec,FUN_004b86ec,24,3,"FUN_004b84f3"
004b8704,_wcstol,24,3,"FUN_004b84f3"
004b871c,FUN_004b871c,24,3,"FUN_004b84f3"
004b8734,FUN_004b8734,720,5,"FUN_00492234 FUN_004948a4 FUN_004b27e6 __allmul __aulldvrm __errno __wchartodigit"
004b8a04,FUN_004b8a04,179,3,"FID_conflict:__dosmaperr FID_conflict:_free FUN_00494258 FUN_004aa292 GetLastError WideCharToMultiByte"
004b8ab7,FUN_004b8ab7,42,3,"FUN_004b8734"
004b8ae1,FUN_004b8ae1,27,4,"FUN_004b8734"
004b8afc,FUN_004b8afc,9,4,"FUN_004b8ae1"
004b8b05,FUN_004b8b05,9,3,"FUN_004b91d4"
004b8b0e,FUN_004b8b0e,9,4,"FUN_004b8ae1"
004b8b17,FUN_004b8b17,42,3,"FUN_004b8734"
004b8b41,FUN_004b8b41,27,4,"FUN_004b8734"
004b8b5c,FUN_004b8b5c,9,4,"FUN_004b8b41"
004b8b65,FUN_004b8b65,9,4,"FUN_004b8b41"
004b8b6e,FUN_004b8b6e,21,2,"FUN_004b8a04"
004b8b83,FUN_004b8b83,9,3,"FUN_004b8ab7"
004b8b8c,FUN_004b8b8c,9,2,"FUN_004b92cf"
004b8b95,FUN_004b8b95,9,3,"FUN_004b8ab7"
004b8b9e,FUN_004b8b9e,9,3,"FUN_004b8b17"
004b8ba7,FUN_004b8ba7,9,3,"FUN_004b8b17"
004b8bb0,FUN_004b8bb0,177,2,"FUN_00492234 FUN_004b27e6 ___crtLCMapStringW"
004b8c61,FUN_004b8c61,17,1,"FUN_004b8bb0"
004b8c72,FUN_004b8c72,205,1,"FUN_004948a4 FUN_004b222a FUN_004b8d25 FUN_004b8d4d __SEH_epilog4 __SEH_prolog4 ___doserrno __errno"
004b8d25,FUN_004b8d25,8,0,"FUN_004b26e6"
004b8d4d,FUN_004b8d4d,154,1,"CloseHandle FID_conflict:__dosmaperr FUN_004b2461 FUN_004b24e7 GetLastError"
004b8de7,__freebuf,48,1,"FID_conflict:_free"
004b8e17,FUN_004b8e17,79,1,"__invoke_watson _malloc _strcpy_s _strlen"
004b8e67,FUN_004b8e67,21,2,"FUN_004b8e7c"
004b8e7c,FUN_004b8e7c,157,3,"FUN_004910e0 FUN_00492234 FUN_004948a4 __errno"
004b8f19,__strnicmp,107,3,"FUN_004948a4 FUN_004b8f84 ___ascii_strnicmp __errno"
004b8f84,FUN_004b8f84,177,4,"FUN_00492234 FUN_004948a4 FUN_0049c8d8 ___ascii_strnicmp __errno"
004b9035,__wchartodigit,415,1,""
004b91d4,FUN_004b91d4,251,3,"FUN_00490390 FUN_00492234 FUN_004948a4 FUN_004b27e6 FUN_004b9381 __errno"
004b92cf,FUN_004b92cf,21,2,"FUN_004b91d4"
004b92e4,___crtLCMapStringW,47,6,"FUN_004abc91 _wcsnlen"
004b9320,___ascii_strnicmp,97,3,""
004b9381,FUN_004b9381,169,3,"FUN_00490390 FUN_004b3261 FUN_004b9485"
004b942a,FUN_004b942a,91,5,"FUN_00490390 FUN_004b3d45 FUN_004b9485"
004b9485,FUN_004b9485,2080,8,"FUN_00490390 FUN_004948a4 FUN_004b7c3d __errno"
004b9d1e,IsProcessorFeaturePresent,6,1,""
004b9d30,RtlUnwind,6,4,""
004b9e9a,FUN_004b9e9a,10,1,"__cintrindisp2"
004b9eba,FUN_004b9eba,10,1,"__cintrindisp2"
004ba07d,FUN_004ba07d,66,2,"__except1"
004ba0ce,FUN_004ba0ce,619,0,"FUN_004ba07d"
004ba1ec,FUN_004ba1ec,145,2,""
004ba27d,FUN_004ba27d,46,2,"FUN_004ba1ec"
004ba2b0,FUN_004ba2b0,1311,1,"FUN_004bb639 FUN_004bb9df"
004ba7d0,FUN_004ba7d0,773,1,"FUN_004bb639 FUN_004bbb2f"
004baae0,FUN_004baae0,440,1,"FUN_004bbc4f"
004baca0,FUN_004baca0,453,1,"FUN_004bbd7f"
004bae70,__libm_sse2_sqrt_precise,254,1,"FUN_0049dc74 FUN_004bb639"
004baf70,FUN_004baf70,605,1,"FUN_004bbeaf"
004bb1e0,FUN_004bb1e0,504,2,"FUN_004bb639 FUN_004bce90 __ctrlfp __except1 __handle_qnan1 __sptype"
004bb37c,FUN_004bb37c,9,0,""
004bb3c0,__cintrindisp2,62,2,"FUN_004bb483 __trandisp2"
004bb3fe,__cintrindisp1,61,2,"FUN_004bb483 __trandisp1"
004bb43b,__ctrandisp2,65,4,"FUN_004bb47c __fload __trandisp2"
004bb47c,FUN_004bb47c,7,0,""
004bb483,FUN_004bb483,327,0,"__87except"
004bb5ca,__ctrandisp1,51,2,"FUN_004bb47c __fload __trandisp1"
004bb5fd,__fload,60,2,""
004bb639,FUN_004bb639,688,4,"DecodePointer __errno"
004bb921,___libm_setusermatherr,44,1,"EncodePointer"
004bb9df,FUN_004bb9df,183,3,"FUN_004b1635 FUN_004b164c __fload_withFB __math_exit __startOneArgErrorHandling"
004bbb2f,FUN_004bbb2f,134,3,"FUN_004b164c __fload_withFB __math_exit __startOneArgErrorHandling"
004bbc4f,FUN_004bbc4f,154,3,"FUN_004b164c __fload_withFB __math_exit __startOneArgErrorHandling"
004bbd7f,FUN_004bbd7f,154,3,"FUN_004b164c __fload_withFB __math_exit __startOneArgErrorHandling"
004bbeaf,FUN_004bbeaf,158,3,"FUN_004b164c __fload_withFB __math_exit __startOneArgErrorHandling"
004bbf5c,FUN_004bbf5c,31,1,""
004bc060,FUN_004bc060,24,0,"FUN_004bc07e"
004bc07e,FUN_004bc07e,1334,1,"FUN_004bb639"
004bc5c0,FUN_004bc5c0,24,0,"FUN_004bc5de"
004bc5de,FUN_004bc5de,717,1,"FUN_004bb639"
004bc8b0,FUN_004bc8b0,24,1,"FUN_004bc8ce"
004bc8ce,FUN_004bc8ce,395,3,"FUN_004bbc4f"
004bca60,FUN_004bca60,24,1,"FUN_004bca7e"
004bca7e,FUN_004bca7e,425,3,"FUN_004bbd7f"
004bcc30,FUN_004bcc30,24,1,"FUN_004bcc4e"
004bcc4e,FUN_004bcc4e,564,3,"FUN_004bbeaf"
004bce90,FUN_004bce90,20,1,""
004bceb0,Unwind@004bceb0,11,0,"FUN_0040d9f0"
004bcebb,Unwind@004bcebb,14,0,"FUN_0040d9f0"
004bcef0,Unwind@004bcef0,11,0,"FUN_0040dfb0"
004bcf20,Unwind@004bcf20,11,0,"FUN_0040dfb0"
004bcf2b,Unwind@004bcf2b,14,0,"FUN_0040dfb0"
004bcf60,Unwind@004bcf60,11,0,"FID_conflict:_free"
004bcf90,Unwind@004bcf90,14,0,"FID_conflict:_free"
004bcf9e,Unwind@004bcf9e,14,0,"FID_conflict:_free"
004bcfd0,Unwind@004bcfd0,30,0,"`eh_vector_destructor_iterator'"
004bd010,Unwind@004bd010,30,0,"`eh_vector_destructor_iterator'"
004bd050,Unwind@004bd050,11,0,"FID_conflict:_free"
004bd080,Unwind@004bd080,11,0,"FUN_00403f10"
004bd08b,Unwind@004bd08b,14,0,"FUN_0040d9f0"
004bd0c0,Unwind@004bd0c0,14,0,"FUN_00403f10"
004bd0f0,Unwind@004bd0f0,11,0,"FID_conflict:_free"
004bd120,Unwind@004bd120,14,0,"FUN_00403f10"
004bd150,Unwind@004bd150,8,0,"FUN_00424c50"
004bd180,Unwind@004bd180,14,0,"FID_conflict:_free"
004bd1c0,Unwind@004bd1c0,11,0,"FID_conflict:_free"
004bd1f0,Unwind@004bd1f0,14,0,"FID_conflict:_free"
004bd230,Unwind@004bd230,11,0,"FUN_0043f4f0"
004bd260,Unwind@004bd260,11,0,"FUN_0043f4f0"
004bd290,Unwind@004bd290,11,0,"FID_conflict:_free"
004bd2c0,Unwind@004bd2c0,11,0,"FUN_00403f10"
004bd2cb,Unwind@004bd2cb,11,0,"FUN_0040d9f0"
004bd300,Unwind@004bd300,11,0,"FUN_0040d9f0"
004bd330,Unwind@004bd330,11,0,"FUN_0040d9f0"
004bd360,Unwind@004bd360,11,0,"FID_conflict:_free"
004bd36b,Unwind@004bd36b,11,0,"FUN_0040d9f0"
004bd3a0,Unwind@004bd3a0,11,0,"FID_conflict:_free"
004bd3d0,Unwind@004bd3d0,11,0,"FID_conflict:_free"
004bd400,Unwind@004bd400,11,0,"FID_conflict:_free"
004bd430,Unwind@004bd430,11,0,"FUN_00403f10"
004bd460,Unwind@004bd460,11,0,"FUN_00403f10"
004bd490,Unwind@004bd490,14,0,"FUN_00403f10"
004bd4c0,Unwind@004bd4c0,14,0,"FID_conflict:_free"
004bd500,Unwind@004bd500,11,0,"FID_conflict:_free"
004bd530,Unwind@004bd530,8,0,"FUN_0046ca20"
004bd560,Unwind@004bd560,8,0,"FUN_0046ca20"
004bd590,Unwind@004bd590,11,0,"FUN_00470780"
004bd5c0,Unwind@004bd5c0,8,0,"FUN_00470780"
004bd610,Unwind@004bd610,8,0,"FUN_004012f0"
004bd618,Unwind@004bd618,11,0,"FUN_004012f0"
004bd640,Unwind@004bd640,8,0,"FUN_00403f10"
004bd648,Unwind@004bd648,30,0,"`eh_vector_destructor_iterator'"
004bd666,Unwind@004bd666,30,0,"`eh_vector_destructor_iterator'"
004bd684,Unwind@004bd684,14,0,"FUN_0040d9f0"
004bd692,Unwind@004bd692,27,0,"`eh_vector_destructor_iterator'"
004bd6d0,Unwind@004bd6d0,8,0,"FUN_00403f10"
004bd6d8,Unwind@004bd6d8,30,0,"`eh_vector_destructor_iterator'"
004bd6f6,Unwind@004bd6f6,30,0,"`eh_vector_destructor_iterator'"
004bd714,Unwind@004bd714,14,0,"FUN_0040d9f0"
004bd722,Unwind@004bd722,27,0,"`eh_vector_destructor_iterator'"
004bd760,Unwind@004bd760,11,0,"FID_conflict:_free"
004bd7a0,Unwind@004bd7a0,11,0,"FID_conflict:_free"
