entry,name,size,params,callees
00401010,FUN_00401010,18,0,"__Mtx_destroy_in_situ"
00401030,FUN_00401030,94,0,"FID_conflict:_free FUN_0042d5a0"
00401090,FUN_00401090,3127,1,"DeleteFileA FID_conflict:_free FID_conflict:_free FUN_00402100 FUN_0042d6d0 FUN_00435861 FUN_00436375 GetModuleFileNameA MoveFileA _Throw_C_error __Mtx_lock __Mtx_unlock _fclose _fflush _fopen_s _fputc _fseek _fwrite _memset _strlen"
00401cd0,Unwind@00401cd0,104,0,"FID_conflict:_free FUN_00435861"
00402100,FUN_00402100,274,3,"FUN_00405140 FUN_00405220 FUN_0042d640 FUN_0042d950 FUN_0042da10 _strlen"
00402240,FUN_00402240,58,1,"FUN_00401090 FUN_00413230 _strcpy_s _strlen"
00402280,FUN_00402280,337,1,"FUN_004102a0 GetModuleHandleA _strcpy_s"
004023e0,FUN_004023e0,1005,1,"FID_conflict:_atoi FID_conflict:_free FUN_00413230 _memset _strcmp _strcpy_s _strlen"
004027f0,Unwind@004027f0,20,0,"FID_conflict:_free"
00402810,FUN_00402810,7,1,""
00402820,FUN_00402820,115,3,""
004028a0,FUN_004028a0,38,1,""
004028d0,FUN_004028d0,3780,0,"AdjustTokenPrivileges AdjustWindowRect CloseHandle FID_conflict:_free FUN_004023e0 FUN_00403c30 FUN_00403c90 FUN_00405080 FUN_00405310 FUN_00405430 FUN_00409e20 FUN_0040d680 FUN_0040f8a0 FUN_00411200 FUN_00413160 FUN_004136b0 FUN_00413a70 FUN_00413f10 FUN_004147c0 FUN_00414e50 FUN_00416980 FUN_00416bd0 FUN_00417a40 FUN_00417b80 FUN_00419de0 FUN_004251b0 FUN_004261e0 FUN_00427560 FUN_00427ad0 FUN_0042d150 FUN_0042d6d0 FUN_0042d7d0 FUN_00435861 FUN_004374d4 FUN_004374f5 GetClientRect GetCurrentProcessId GetDriveTypeA GetModuleFileNameA GetModuleHandleA GetSystemInfo LookupPrivilegeValueA MessageBoxA OpenProcess OpenProcessToken SendMessageA SetCurrentDirectoryA SetProcessWorkingSetSize SetWindowPos SetWindowTextA ShowWindow _memset timeBeginPeriod timeGetTime"
004037a0,Unwind@004037a0,45,0,""
004037d0,Unwind@004037d0,171,0,"FID_conflict:_free FUN_00435861"
00403920,Unwind@00403920,29,0,"FID_conflict:_free"
00403940,Unwind@00403940,29,0,"FID_conflict:_free"
00403960,Unwind@00403960,29,0,"FID_conflict:_free"
00403980,Unwind@00403980,29,0,"FID_conflict:_free"
004039a0,Unwind@004039a0,29,0,"FID_conflict:_free"
004039c0,Unwind@004039c0,29,0,"FID_conflict:_free"
004039e0,Unwind@004039e0,29,0,"FID_conflict:_free"
00403a00,Unwind@00403a00,29,0,"FID_conflict:_free"
00403a20,Unwind@00403a20,29,0,"FID_conflict:_free"
00403a40,Unwind@00403a40,29,0,"FID_conflict:_free"
00403a60,Unwind@00403a60,29,0,"FID_conflict:_free"
00403a80,Unwind@00403a80,29,0,"FID_conflict:_free"
00403aa0,Unwind@00403aa0,29,0,"FID_conflict:_free"
00403ac0,Unwind@00403ac0,29,0,"FID_conflict:_free"
00403ae0,Unwind@00403ae0,29,0,"FID_conflict:_free"
00403b00,Unwind@00403b00,29,0,"FID_conflict:_free"
00403b20,Unwind@00403b20,98,0,"FID_conflict:_free FUN_00435861"
00403c30,FUN_00403c30,93,2,"FUN_00404c40 ___stdio_common_vsprintf __security_check_cookie"
00403c90,FUN_00403c90,291,2,"FUN_00404c50 FUN_00404d80"
00403dc0,Unwind@00403dc0,45,0,""
00403df0,Catch_All@00403df0,73,0,"FID_conflict:_free __CxxThrowException@8"
00403e70,Unwind@00403e70,51,0,""
00403eb0,FUN_00403eb0,21,1,"DestroyWindow"
00403ed0,FUN_00403ed0,17,0,"PostQuitMessage"
00403ef0,FUN_00403ef0,165,1,"BeginPaint CreateBrushIndirect DeleteObject EndPaint FillRect __security_check_cookie"
00403fa0,FUN_00403fa0,351,2,"AdjustWindowRect DestroyWindow FUN_0040f910 GetSystemMetrics GetWindowRect SetWindowLongA SetWindowPos ShowCursor __security_check_cookie"
00404100,FUN_00404100,112,2,"ShowWindow"
00404170,FUN_00404170,327,1,"FUN_004114e0 FUN_0042df47 FUN_0042df86 PeekMessageA Sleep timeGetTime"
004042c0,FUN_004042c0,350,1,"FID_conflict:_free FUN_0042d5a0 timeEndPeriod"
00404420,FUN_00404420,7,1,""
00404430,FUN_00404430,7,1,""
00404440,FUN_00404440,7,1,""
00404450,FUN_00404450,7,1,""
00404460,FUN_00404460,548,3,"FID_conflict:_free FUN_0040d220 FUN_00413160 FUN_0042d6d0 FUN_0042d7d0 FUN_0042f81d FUN_00435861 _strlen"
00404690,Catch_All@00404690,37,0,"FID_conflict:_free __CxxThrowException@8"
00404730,FUN_00404730,318,2,"AdjustWindowRect FUN_0040f910 GetSystemMetrics GetWindowRect SetWindowLongA SetWindowPos ShowCursor __security_check_cookie"
00404870,FUN_00404870,41,2,""
004048a0,FUN_004048a0,6,0,""
004048b0,FUN_004048b0,214,1,"PostMessageA"
00404990,FUN_00404990,261,1,"GetClientRect"
00404ac0,FUN_00404ac0,33,2,"FID_conflict:_free FUN_0040d340"
00404c40,FUN_00404c40,6,0,""
00404c50,FUN_00404c50,207,2,"FUN_00413160"
00404d20,Unwind@00404d20,48,0,""
00404d50,Catch_All@00404d50,37,0,"FID_conflict:_free __CxxThrowException@8"
00404d80,FUN_00404d80,532,6,"FUN_00404fb0 FUN_0042f81d"
00404fb0,FUN_00404fb0,46,1,"FID_conflict:_free"
00404ff0,FUN_00404ff0,45,0,""
00405040,FUN_00405040,45,0,""
00405080,FUN_00405080,181,3,"FUN_0042d950 FUN_0042da10 _memset"
00405140,FUN_00405140,211,4,"FUN_0042d950 FUN_0042da00 FUN_0042da10 FUN_00432530"
00405220,FUN_00405220,226,3,"FUN_00405140 FUN_0042d950 FUN_0042da10 FUN_00432530"
00405310,FUN_00405310,217,4,"FUN_004061a0 FUN_004063a0 FUN_0042b470"
004053f0,Unwind@004053f0,58,0,"FUN_0042b470"
00405430,FUN_00405430,134,0,"FUN_00405500 FUN_00405660 _Init"
004054c0,Unwind@004054c0,37,0,""
004054f0,Unwind@004054f0,10,0,"thunk_FUN_00439997"
00405500,FUN_00405500,318,1,"FUN_00405830 FUN_0042faae FUN_0042fd5b _Facet_Register _Lockit __CxxThrowException@8"
00405640,Unwind@00405640,20,0,"FUN_0042fd5b"
00405660,FUN_00405660,392,1,"FUN_00405a80 FUN_00405c30 FUN_00405e60 FUN_00413160 FUN_0042faae FUN_0042fd5b _Facet_Register _Lockit __Getctype"
004057f0,Unwind@004057f0,18,0,"FUN_0042fd5b"
00405810,Unwind@00405810,18,0,"FID_conflict:_free"
00405830,FUN_00405830,331,2,"FID_conflict:_free FUN_00405a80 FUN_00405c30 FUN_00413160 FUN_0042d6d0 FUN_00435861 __Getcoll _strlen"
00405980,Unwind@00405980,89,0,"FID_conflict:_free FUN_00435861"
00405a00,FUN_00405a00,58,2,"___std_exception_copy"
00405a40,FUN_00405a40,52,2,"___std_exception_copy"
00405a80,FUN_00405a80,251,2,"_Locinfo_ctor _Lockit __CxxThrowException@8 ___std_exception_copy"
00405b80,Unwind@00405b80,172,0,"FID_conflict:_free FUN_0042fd5b"
00405c30,FUN_00405c30,229,1,"FID_conflict:_free FUN_0042fd5b _Locinfo_dtor"
00405d20,Unwind@00405d20,68,0,"FUN_00405dd0 FUN_0042fd5b thunk_FUN_00439997"
00405d70,FUN_00405d70,58,2,"___std_exception_copy"
00405db0,FUN_00405db0,23,1,"___std_exception_destroy"
00405dd0,FUN_00405dd0,30,1,"FID_conflict:_free"
00405df0,FUN_00405df0,14,1,""
00405e00,FUN_00405e00,46,2,"FID_conflict:_free ___std_exception_destroy"
00405e30,FUN_00405e30,45,2,"FID_conflict:_free FID_conflict:_free"
00405e60,FUN_00405e60,5,1,""
00405e70,FUN_00405e70,10,1,""
00405e80,FUN_00405e80,46,5,"__Strcoll"
00405eb0,FUN_00405eb0,226,4,"FUN_00405080 __Strxfrm"
00405fa0,Unwind@00405fa0,20,0,"FUN_0042d5a0"
00405fc0,FUN_00405fc0,51,2,""
00406000,FUN_00406000,85,2,"FID_conflict:_free FID_conflict:_free FID_conflict:_free"
00406060,FUN_00406060,63,3,"__Tolower"
004060a0,FUN_004060a0,24,2,"__Tolower"
004060c0,FUN_004060c0,63,3,"__Toupper"
00406100,FUN_00406100,24,2,"__Toupper"
00406120,FUN_00406120,34,3,"FUN_00432530"
00406150,FUN_00406150,7,1,""
00406160,FUN_00406160,34,4,"FUN_00432530"
00406190,FUN_00406190,7,1,""
004061a0,FUN_004061a0,362,5,"FUN_00406590 FUN_00413160"
00406310,Unwind@00406310,65,0,"FUN_0042b470"
004063a0,FUN_004063a0,438,1,"FUN_00406990 FUN_00406cd0 FUN_00413160 FUN_0042f85d"
00406590,FUN_00406590,384,1,"_memchr"
00406980,FUN_00406980,13,0,"FUN_0042f81d"
00406990,FUN_00406990,821,1,"FUN_00406590 FUN_00406df0 FUN_00413160"
00406cd0,FUN_00406cd0,196,3,"FUN_00406cd0"
00406dc0,FUN_00406dc0,48,1,""
00406df0,FUN_00406df0,951,1,"FUN_00406590 FUN_00407400 FUN_00407580 FUN_00407730 FUN_004078c0 FUN_004079b0 FUN_00413160 FUN_0042f85d"
004073b0,FUN_004073b0,76,1,"FUN_00406590"
00407400,FUN_00407400,383,1,"FUN_00406590 FUN_004078c0 FUN_00407cd0 FUN_00408010 FUN_00413160 FUN_0042f85d"
00407580,FUN_00407580,422,1,"FUN_00406590 FUN_004084e0 FUN_00413160"
00407730,FUN_00407730,393,1,"FUN_00406590 FUN_00406990 FUN_00409570 FUN_00409640 FUN_00413160 FUN_004245c0 FUN_0042f85d"
004078c0,FUN_004078c0,225,2,"FUN_004089c0 FUN_00413160 FUN_0042f7e3 FUN_004390e6"
004079b0,FUN_004079b0,794,1,"FUN_00406590 FUN_004246e0 FUN_0042f85d"
00407cd0,FUN_00407cd0,727,1,"FUN_00406590 FUN_00408270 FUN_00408360 FUN_00423260 FUN_0042f85d"
00408010,FUN_00408010,607,2,"FUN_00406590 FUN_00413160"
00408270,FUN_00408270,199,2,"FUN_00406590 FUN_0042f85d"
00408360,FUN_00408360,134,1,"FUN_004073b0"
004083f0,FUN_004083f0,33,2,"FID_conflict:_free FUN_00408420"
00408420,FUN_00408420,178,1,"FID_conflict:_free FID_conflict:_free"
004084e0,FUN_004084e0,631,1,"FUN_00406590 FUN_00408770 FUN_004089c0 FUN_00408a50 FUN_00413160 FUN_0042f85d"
00408770,FUN_00408770,592,1,"FUN_00406590 FUN_00408c00 FUN_00408d40"
004089c0,FUN_004089c0,132,2,"FID_conflict:_free FUN_00435861"
00408a50,FUN_00408a50,428,3,"FUN_00413160 FUN_00423780 FUN_0042f7e3 FUN_004390e6"
00408c00,FUN_00408c00,316,2,"FUN_00406590 FUN_00407cd0 FUN_00408010 FUN_0042f85d"
00408d40,FUN_00408d40,826,2,"FUN_00406590 FUN_00409090 FUN_00413160 FUN_00424320 FUN_0042f85d"
00409090,FUN_00409090,468,3,"FID_conflict:_free FUN_004092c0 FUN_00413160 FUN_00435861 _memcmp"
00409270,Unwind@00409270,71,0,"FID_conflict:_free FUN_00435861"
004092c0,FUN_004092c0,390,4,"FID_conflict:_free FUN_004094c0 FUN_00413160 FUN_0042f7e3 FUN_00432ab0 FUN_00435861"
004094c0,FUN_004094c0,165,2,"FID_conflict:_free FUN_00432ab0 FUN_00435861"
00409570,FUN_00409570,204,1,"FUN_00406990 FUN_00413160"
00409640,FUN_00409640,250,1,"FUN_00406990 FUN_00409790 FUN_00413160"
00409740,FUN_00409740,76,2,"FID_conflict:_free"
00409790,FUN_00409790,266,3,"FUN_004098b0 FUN_00409a80"
004098b0,FUN_004098b0,443,6,""
00409a80,FUN_00409a80,317,4,"FUN_00406980 FUN_00409bd0"
00409bd0,FUN_00409bd0,419,3,"FUN_0040b620 FUN_0042c020"
00409d80,FUN_00409d80,45,2,"FID_conflict:_free FID_conflict:_free"
00409db0,FUN_00409db0,108,2,"FID_conflict:_free"
00409e20,FUN_00409e20,712,7,"FUN_0040a140 FUN_0040c7d0 FUN_0040ca30 FUN_0041bea0 FUN_0042d950 FUN_0042da10"
0040a140,FUN_0040a140,334,6,"FUN_0040a2b0 FUN_0040a4d0 FUN_0040a640 FUN_0040a930"
0040a290,Unwind@0040a290,23,0,"FUN_0040a930"
0040a2b0,FUN_0040a2b0,283,8,"FUN_0040aa20"
0040a3d0,Unwind@0040a3d0,254,0,"FUN_0040aba0 FUN_0042b470"
0040a4d0,FUN_0040a4d0,352,3,"FUN_00409790 FUN_0040aa20 FUN_0040abf0 FUN_0041cee0"
0040a640,FUN_0040a640,632,4,"FUN_004089c0 FUN_0040a640"
0040a930,FUN_0040a930,239,1,"FUN_0040aba0 FUN_0042b470"
0040aa20,FUN_0040aa20,197,2,"FUN_0040aaf0 FUN_0040b620 _memset"
0040aaf0,FUN_0040aaf0,161,2,"FUN_0040aba0 FUN_00413160 FUN_0042f7e3 FUN_00432ab0"
0040aba0,FUN_0040aba0,71,2,"FID_conflict:_free FUN_00435861"
0040abf0,FUN_0040abf0,2464,2,"FUN_004089c0 FUN_0040abf0 FUN_0040b620 FUN_0040b630 FUN_0040b7a0 FUN_0040bb00 FUN_0040be70 FUN_0040c640 FUN_00413160 FUN_0042b470 FUN_0042f7e3 FUN_0042f85d FUN_00432ab0 _memchr"
0040b590,Unwind@0040b590,58,0,"FUN_0042b470"
0040b620,FUN_0040b620,13,0,"FUN_0042f81d"
0040b630,FUN_0040b630,353,2,"FUN_004089c0"
0040b7a0,FUN_0040b7a0,637,2,"FUN_0040aba0 FUN_0040abf0 FUN_0040be70 FUN_0040c000 FUN_0040c640 FUN_0042b470"
0040ba20,Unwind@0040ba20,104,0,"FUN_0040aba0 FUN_0042b470"
0040ba90,Unwind@0040ba90,104,0,"FUN_0040aba0 FUN_0042b470"
0040bb00,FUN_0040bb00,759,4,"FUN_0040aba0 FUN_0040abf0 FUN_0040be70 FUN_0040c000 FUN_0040c220 FUN_0040c640 FUN_0042b470"
0040be00,Unwind@0040be00,104,0,"FUN_0040aba0 FUN_0042b470"
0040be70,FUN_0040be70,391,2,"FUN_0040b620 FUN_00413160 FUN_0042b470 FUN_0042f7e3 FUN_00432ab0"
0040c000,FUN_0040c000,476,2,"FUN_0040b620 FUN_00413160 FUN_0042f7e3 FUN_00432ab0"
0040c220,FUN_0040c220,822,3,"FUN_0040aba0 FUN_0040abf0 FUN_0040be70 FUN_0040c000 FUN_0040c640 FUN_0042b470"
0040c560,Unwind@0040c560,104,0,"FUN_0040aba0 FUN_0042b470"
0040c5d0,Unwind@0040c5d0,104,0,"FUN_0040aba0 FUN_0042b470"
0040c640,FUN_0040c640,391,2,"FUN_0040aba0 FUN_0040b620 FUN_00413160 FUN_0042f7e3 FUN_00432ab0"
0040c7d0,FUN_0040c7d0,592,5,"FUN_0042d950 FUN_0042da10"
0040ca30,FUN_0040ca30,1711,5,"FUN_0042d950 FUN_0042da10"
0040d100,FUN_0040d100,37,2,""
0040d130,FUN_0040d130,27,3,""
0040d150,FUN_0040d150,6,0,""
0040d160,FUN_0040d160,23,2,"FID_conflict:_free"
0040d180,FUN_0040d180,13,1,""
0040d190,FUN_0040d190,5,0,""
0040d1a0,FUN_0040d1a0,6,0,""
0040d1b0,FUN_0040d1b0,4,1,""
0040d1c0,FUN_0040d1c0,13,1,""
0040d1d0,FUN_0040d1d0,63,1,"ShowCursor"
0040d210,FUN_0040d210,6,0,""
0040d220,FUN_0040d220,280,5,"FUN_0040d220"
0040d340,FUN_0040d340,212,1,"FUN_004042c0 FUN_00412a20"
0040d420,Unwind@0040d420,24,0,"FUN_00412a20 thunk_FUN_00439997"
0040d440,FUN_0040d440,126,0,"FUN_00413160 __Mtx_init_in_situ _atexit"
0040d680,FUN_0040d680,72,1,"FUN_00413160"
0040d6d0,FUN_0040d6d0,71,3,""
0040d720,FUN_0040d720,40,2,"FUN_004390f1"
0040d750,FUN_0040d750,72,3,"FUN_004390e6"
0040d7a0,FUN_0040d7a0,32,2,"FID_conflict:_free"
0040d7c0,FUN_0040d7c0,138,2,"FID_conflict:_free FUN_0040d870"
0040d850,Unwind@0040d850,20,0,"FUN_00411610 thunk_FUN_00439997"
0040d870,FUN_0040d870,259,4,"FUN_0040d990 FUN_0040de10"
0040d980,Unwind@0040d980,12,0,"thunk_FUN_00439997"
0040d990,FUN_0040d990,1109,3,"FID_conflict:_free FUN_0040de60"
0040de10,FUN_0040de10,79,1,"FID_conflict:_free FUN_0040de10 FUN_0040de60"
0040de60,FUN_0040de60,87,1,"FID_conflict:_free FUN_00435861"
0040dee0,FUN_0040dee0,5490,1,"CloseHandle ContinueDebugEvent CreateFileMappingA CreateProcessA CreateWindowExA DebugActiveProcess DispatchMessageA FID_conflict:__time64 FID_conflict:_free FID_conflict:_free FUN_00405140 FUN_00405220 FUN_0040f6e0 FUN_0040f950 FUN_00413230 FUN_0042d6d0 FUN_00432530 FUN_00435861 FUN_0043969c GetCurrentProcess GetCurrentProcessId GetModuleFileNameA GetModuleHandleA IsDebuggerPresent MapViewOfFile MessageBoxA OpenFileMappingA OpenProcess PeekMessageA ReadProcessMemory SetCurrentDirectoryA Sleep TerminateProcess TranslateMessage WaitForDebugEvent __splitpath_s _exit _fclose _fflush _fopen_s _fputc _fwrite _memset _strcpy_s _strlen timeGetTime wsprintfA"
0040f6e0,FUN_0040f6e0,76,2,"FID_conflict:___stdio_common_vfprintf FUN_00404c40 __security_check_cookie"
0040f730,FUN_0040f730,255,0,"GetCurrentProcess IsDebuggerPresent IsHungAppWindow IsWindow PostMessageA TerminateProcess __security_check_cookie timeGetTime"
0040f830,FUN_0040f830,99,3,"_strcpy_s"
0040f8a0,FUN_0040f8a0,105,3,"_strcpy_s"
0040f910,FUN_0040f910,20,1,""
0040f930,FUN_0040f930,20,1,""
0040f950,FUN_0040f950,314,5,"FUN_0042d950 FUN_0042da00 FUN_0042da10 FUN_00432530 FUN_00432ab0"
0040faa0,FUN_0040faa0,549,5,"FUN_0040fd10 FUN_0040ff40"
0040fce0,Catch_All@0040fce0,37,0,"FID_conflict:_free __CxxThrowException@8"
0040fd10,FUN_0040fd10,535,6,"FID_conflict:_free FUN_0042f81d"
0040ff40,FUN_0040ff40,372,5,"FID_conflict:_free FUN_0040fd10"
004100d0,Catch_All@004100d0,37,0,"FID_conflict:_free __CxxThrowException@8"
00410120,FUN_00410120,370,3,"FID_conflict:_atoi MessageBoxA __security_check_cookie _exit _strcmp"
004102a0,FUN_004102a0,265,1,"FUN_00413160"
004103b0,Unwind@004103b0,38,0,"FID_conflict:_free FUN_00411cf0"
004103e0,Unwind@004103e0,38,0,"FID_conflict:_free FUN_00411cf0"
00410410,FUN_00410410,511,4,"CallWindowProcA DefWindowProcA FUN_0040faa0 FUN_00410610 FUN_00410700 FUN_00413160 SetFocus"
00410610,FUN_00410610,206,0,"FUN_00413160 FUN_0042df47 FUN_0042df86 _atexit"
004106e0,Unwind@004106e0,20,0,"__Init_thread_abort"
00410700,FUN_00410700,261,1,"FID_conflict:_free FUN_00410610 FUN_004127b0 FUN_00420560 FUN_0042b350 SetWindowLongA"
00410810,Unwind@00410810,20,0,"FUN_00411610 thunk_FUN_00439997"
00410870,FUN_00410870,1614,5,"FUN_00411040 FUN_00412340 FUN_00412390 FUN_0042f800 IsWindow"
00410f60,Unwind@00410f60,48,0,""
00410f90,Unwind@00410f90,48,0,""
00410fc0,Unwind@00410fc0,119,0,"FUN_00412340"
00411040,FUN_00411040,296,2,"FUN_00412510"
00411170,Unwind@00411170,42,0,""
004111a0,Unwind@004111a0,42,0,""
004111d0,FUN_004111d0,36,1,""
00411200,FUN_00411200,367,9,"CreateWindowExA FUN_0040ff40 FUN_00410610 FUN_00411370 FUN_00413160 GetClassInfoExA IsWindow LoadCursorA RegisterClassExA"
00411370,FUN_00411370,217,2,"FUN_0040faa0 FUN_00410610 FUN_00413160 GetWindowLongA IsWindow SetWindowLongA"
00411450,FUN_00411450,106,0,"FID_conflict:_free FUN_0042b350"
004114c0,Unwind@004114c0,22,0,"FUN_00411610 thunk_FUN_00439997"
004114e0,FUN_004114e0,243,2,"DispatchMessageA GetMessageA IsWindow PeekMessageA TranslateMessage __security_check_cookie"
004115e0,FUN_004115e0,33,2,"FID_conflict:_free FUN_00412a20"
00411610,FUN_00411610,15,1,"FID_conflict:_free"
00411620,FUN_00411620,259,4,"FUN_00411740 FUN_00411c20"
00411730,Unwind@00411730,12,0,"thunk_FUN_00439997"
00411740,FUN_00411740,1168,3,"FID_conflict:_free FUN_00411cf0"
00411c00,Unwind@00411c00,20,0,"FUN_00411610 thunk_FUN_00439997"
00411c20,FUN_00411c20,173,1,"FID_conflict:_free FUN_00411c20 FUN_00411cf0"
00411cd0,Unwind@00411cd0,20,0,"FUN_00411610 thunk_FUN_00439997"
00411cf0,FUN_00411cf0,259,4,"FUN_00411e10 FUN_00412290"
00411e00,Unwind@00411e00,12,0,"thunk_FUN_00439997"
00411e10,FUN_00411e10,1122,3,"FID_conflict:_free"
00412290,FUN_00412290,95,2,"FID_conflict:_free FUN_00412290"
00412300,FUN_00412300,54,2,""
00412340,FUN_00412340,74,2,"FID_conflict:_free FUN_00435861"
00412390,FUN_00412390,344,2,""
004124f0,Unwind@004124f0,21,0,"FUN_004111d0 thunk_FUN_00439997"
00412510,FUN_00412510,311,2,"FUN_00412340 FUN_00412680 FUN_00413160 FUN_0042f7e3"
00412680,FUN_00412680,197,4,""
00412750,Unwind@00412750,44,0,""
00412780,Catch_All@00412780,43,0,"FUN_00412300 __CxxThrowException@8"
004127b0,FUN_004127b0,233,2,"FUN_00412900 FUN_00413160"
004128b0,Catch_All@004128b0,44,0,"FUN_0042b350 __CxxThrowException@8"
00412900,FUN_00412900,224,3,"FUN_00412900 FUN_00413160"
004129e0,Catch_All@004129e0,54,0,"FUN_004209f0 __CxxThrowException@8"
00412a20,FUN_00412a20,247,1,"DeleteObject DestroyWindow FID_conflict:_free FUN_00411620 FUN_00411cf0 IsWindow"
00412b20,Unwind@00412b20,20,0,"FUN_00411610 thunk_FUN_00439997"
00412c80,FUN_00412c80,244,1,"GetCurrentProcess GetModuleFileNameA MessageBoxA TerminateProcess __security_check_cookie _fclose _fopen_s _fwrite _strcat_s wsprintfA"
00412d80,FUN_00412d80,779,3,"CoInitializeEx FID_conflict:_free FUN_00402280 FUN_00402810 FUN_0040dee0 FUN_0040f730 FUN_0040f910 FUN_0040f930 FUN_00413330 FUN_004135b0 FUN_004390f1 FUN_00439997 GetCommandLineA GetCurrentProcess GetModuleFileNameA GetModuleHandleA SetThreadExecutionState SetTimer SetUnhandledExceptionFilter Sleep TerminateProcess _Throw_C_error __Cnd_wait __CxxThrowException@8 __Thrd_start _memset _strlen timeGetTime"
004130e0,Unwind@004130e0,42,0,"FID_conflict:_free"
00413110,Unwind@00413110,23,0,"FUN_00439997"
00413160,FUN_00413160,103,1,"FUN_004390f1 __CxxThrowException@8 __security_check_cookie"
004131d0,FID_conflict:_free,19,1,"FID_conflict:_free"
004131f0,FUN_004131f0,58,2,"___std_exception_copy"
00413230,FUN_00413230,103,1,"FUN_004390f1 __CxxThrowException@8 __security_check_cookie"
004132a0,FID_conflict:_free,19,1,"FID_conflict:_free"
004132c0,FUN_004132c0,60,2,"FID_conflict:_free ___std_exception_destroy"
00413300,FUN_00413300,34,1,"FID_conflict:_free"
00413330,FUN_00413330,185,1,"_Throw_C_error __Cnd_init __Mtx_init __Mtx_lock"
004133f0,Unwind@004133f0,20,0,"__Mtx_destroy"
00413410,Unwind@00413410,20,0,"__Cnd_destroy"
00413430,FUN_00413430,146,1,"FID_conflict:_free FUN_00413530 GetCurrentProcess Sleep TerminateProcess"
004134d0,Unwind@004134d0,20,0,"FUN_00413300 thunk_FUN_00439997"
004134f0,FUN_004134f0,21,1,"__Mtx_destroy"
00413510,FUN_00413510,21,1,"__Cnd_destroy"
00413530,FUN_00413530,85,1,"_Throw_C_error __Cnd_signal __Mtx_lock __Mtx_unlock"
00413590,FUN_00413590,21,1,"__Cnd_do_broadcast_at_thread_exit"
004135b0,FUN_004135b0,151,1,"_Throw_C_error __Cnd_destroy __Mtx_destroy __Mtx_unlock"
00413650,Unwind@00413650,26,0,"FUN_004134f0 FUN_00413510 thunk_FUN_00439997"
004136b0,FUN_004136b0,37,1,""
004136e0,FUN_004136e0,116,1,"FUN_0042b470"
00413760,Unwind@00413760,12,0,"thunk_FUN_00439997"
00413770,FUN_00413770,128,3,""
004137f0,FUN_004137f0,89,2,"FUN_00429660"
00413850,FUN_00413850,114,3,"FUN_00432ab0"
004138d0,FUN_004138d0,75,2,""
00413920,FUN_00413920,33,2,"FID_conflict:_free FUN_00413950"
00413950,FUN_00413950,202,1,"FUN_0042b470"
00413a20,Unwind@00413a20,20,0,"FUN_004136e0 thunk_FUN_00439997"
00413a70,FUN_00413a70,37,1,""
00413aa0,FUN_00413aa0,71,3,""
00413af0,FUN_00413af0,94,3,"FUN_00413b50 __security_check_cookie"
00413b50,FUN_00413b50,205,2,"FUN_00413e10"
00413c20,FUN_00413c20,130,2,""
00413cb0,FUN_00413cb0,93,4,""
00413d10,FUN_00413d10,155,2,"FID_conflict:_free FUN_00413dc0"
00413db0,Unwind@00413db0,12,0,"thunk_FUN_00439997"
00413dc0,FUN_00413dc0,74,2,"FID_conflict:_free FUN_00435861"
00413e10,FUN_00413e10,227,2,"FUN_00413160 FUN_00413dc0 FUN_0042f7e3"
00413f10,FUN_00413f10,149,2,""
00413fb0,Unwind@00413fb0,18,0,"FUN_0042d5a0"
00413fd0,FUN_00413fd0,71,3,""
00414020,FUN_00414020,1358,4,"FUN_00432530 GetModuleFileNameA GetProcAddress LoadLibraryA VirtualAlloc VirtualFree VirtualProtect WinVerifyTrust __security_check_cookie _mbstowcs_s _memset"
00414620,FUN_00414620,61,1,"VirtualFree"
00414660,FUN_00414660,122,2,"_strcmp"
004146e0,FUN_004146e0,12,2,""
004146f0,FUN_004146f0,133,2,"FID_conflict:_free FUN_0042d5a0"
00414780,Unwind@00414780,21,0,"FUN_0042d5a0 thunk_FUN_00439997"
004147c0,FUN_004147c0,16,1,""
004147d0,FUN_004147d0,71,3,""
00414820,FUN_00414820,38,1,""
00414850,FUN_00414850,426,3,"FID_conflict:_free FUN_00413160 FUN_00413230 FUN_00414a50 _memset"
00414a00,Unwind@00414a00,20,0,"FID_conflict:_free"
00414a20,Unwind@00414a20,20,0,"FID_conflict:_free"
00414a50,FUN_00414a50,136,3,""
00414ae0,FUN_00414ae0,71,3,""
00414b30,FUN_00414b30,38,1,""
00414b60,FUN_00414b60,37,2,""
00414b90,FUN_00414b90,58,1,""
00414bd0,FUN_00414bd0,56,1,""
00414c10,FUN_00414c10,56,1,""
00414c50,FUN_00414c50,56,1,""
00414c90,FUN_00414c90,56,1,""
00414cd0,FUN_00414cd0,56,1,""
00414d10,FUN_00414d10,56,1,""
00414d50,FUN_00414d50,56,1,""
00414d90,FUN_00414d90,147,2,"FID_conflict:_free"
00414e30,Unwind@00414e30,10,0,"thunk_FUN_00439997"
00414e50,FUN_00414e50,214,1,"FUN_0042d6d0 __Mtx_init_in_situ"
00414f30,Unwind@00414f30,131,0,"FUN_0042b470 FUN_0042d5a0 __Mtx_destroy_in_situ"
00414fc0,FUN_00414fc0,71,3,""
00415010,FUN_00415010,38,1,""
00415040,FUN_00415040,80,2,"FUN_00429660"
00415090,FUN_00415090,90,2,"FUN_00432ab0"
004150f0,FUN_004150f0,80,2,"FUN_00429660"
00415140,FUN_00415140,90,2,"FUN_00432ab0"
004151a0,FUN_004151a0,12,2,""
004151b0,FUN_004151b0,48,2,"FUN_0042d6d0 _strlen"
004151e0,FUN_004151e0,12,2,""
004151f0,FUN_004151f0,4,1,""
00415200,FUN_00415200,163,2,"FUN_00404c40 FUN_004152b0 ___stdio_common_vsprintf __alloca_probe __security_check_cookie _memset"
004152b0,FUN_004152b0,4820,3,"CharNextA FID_conflict:__time64 FUN_00403c30 FUN_0043969c GetUserNameA _Throw_C_error __Mtx_lock __Mtx_unlock __alloca_probe _memset"
004165c0,Unwind@004165c0,21,0,"thunk_FUN_00439997"
00416610,FUN_00416610,163,2,"FUN_00404c40 FUN_004152b0 ___stdio_common_vsprintf __alloca_probe __security_check_cookie _memset"
004166c0,FUN_004166c0,163,2,"FUN_00404c40 FUN_004152b0 ___stdio_common_vsprintf __alloca_probe __security_check_cookie _memset"
00416770,FUN_00416770,163,2,"FUN_00404c40 FUN_004152b0 ___stdio_common_vsprintf __alloca_probe __security_check_cookie _memset"
00416820,FUN_00416820,157,2,"FUN_00404c40 FUN_004152b0 ___stdio_common_vsprintf __alloca_probe __security_check_cookie _memset"
004168c0,FUN_004168c0,149,2,"FID_conflict:_free FUN_0042b470 FUN_0042d5a0 __Mtx_destroy_in_situ"
00416980,FUN_00416980,16,1,""
00416990,FUN_00416990,71,3,""
004169e0,FUN_004169e0,38,1,""
00416a10,FUN_00416a10,102,2,"FUN_00413160 FUN_00418bd0"
00416a80,Unwind@00416a80,20,0,"FID_conflict:_free"
00416aa0,FUN_00416aa0,92,0,"FUN_00413160 FUN_004190d0"
00416b00,Unwind@00416b00,18,0,"FID_conflict:_free"
00416b20,FUN_00416b20,92,0,"FUN_00413160 FUN_00419430"
00416b80,Unwind@00416b80,18,0,"FID_conflict:_free"
00416bd0,FUN_00416bd0,370,2,"FUN_00413160 FUN_00417a40 __Mtx_init_in_situ _memset"
00416d50,Unwind@00416d50,20,0,"FID_conflict:_free"
00416d70,Unwind@00416d70,166,0,"FID_conflict:_free FUN_0042b470"
00416e20,Unwind@00416e20,20,0,"__Mtx_destroy_in_situ"
00416e40,FUN_00416e40,116,1,"FID_conflict:_free FUN_0042b470"
00416ec0,FUN_00416ec0,14,1,"__Mtx_destroy_in_situ"
00416ed0,FUN_00416ed0,71,3,""
00416f20,FUN_00416f20,329,2,"_Throw_C_error __Mtx_lock __Mtx_unlock"
00417080,Unwind@00417080,36,0,"_Throw_C_error __Mtx_unlock"
004170b0,Unwind@004170b0,12,0,"thunk_FUN_00439997"
004170c0,FUN_004170c0,20,1,"FUN_00417250"
004170e0,FUN_004170e0,320,3,"FUN_00413160 FUN_00417650"
00417220,Unwind@00417220,18,0,""
00417240,Unwind@00417240,10,0,"thunk_FUN_00439997"
00417250,FUN_00417250,643,2,"_Throw_C_error __Mtx_lock __Mtx_unlock"
004174e0,Unwind@004174e0,10,0,"thunk_FUN_00439997"
00417520,Unwind@00417520,10,0,"thunk_FUN_00439997"
00417560,Unwind@00417560,10,0,"thunk_FUN_00439997"
00417590,FUN_00417590,105,1,""
00417600,Unwind@00417600,9,0,"thunk_FUN_00439997"
00417610,FUN_00417610,7,1,""
00417620,FUN_00417620,33,2,"FID_conflict:_free FUN_004177f0"
00417650,FUN_00417650,382,2,"FUN_00413160 FUN_004177e0 FUN_0042b470 FUN_0042f7e3 FUN_00432ab0 __security_check_cookie _memset"
004177e0,FUN_004177e0,13,0,"FUN_0042f81d"
004177f0,FUN_004177f0,412,1,"FID_conflict:_free FUN_0042b470 _Throw_C_error __Mtx_destroy_in_situ __Mtx_lock __Mtx_unlock"
004179a0,Unwind@004179a0,34,0,"FUN_00416e40 FUN_00416ec0 thunk_FUN_00439997"
00417a40,FUN_00417a40,16,1,""
00417a50,FUN_00417a50,71,3,""
00417aa0,FUN_00417aa0,38,1,""
00417ad0,FUN_00417ad0,13,0,"timeGetTime"
00417ae0,FUN_00417ae0,102,0,"QueryPerformanceCounter QueryPerformanceFrequency __alldiv __security_check_cookie"
00417b50,FUN_00417b50,24,1,"Sleep"
00417b70,FUN_00417b70,13,0,"Sleep"
00417b80,FUN_00417b80,548,2,"FUN_00413160 FUN_00417a40 FUN_00419550 GetSystemInfo __Mtx_init_in_situ"
00417db0,Unwind@00417db0,20,0,"FID_conflict:_free"
00417dd0,Unwind@00417dd0,20,0,"FUN_00419cf0"
00417df0,Unwind@00417df0,20,0,"FUN_00419cf0"
00417e10,Unwind@00417e10,20,0,"__Mtx_destroy_in_situ"
00417e30,FUN_00417e30,964,1,"FUN_00419760 FUN_004197d0 FUN_00419910 FUN_00419c10 Sleep _Throw_C_error __Mtx_lock __Mtx_unlock __alldiv"
00418210,Unwind@00418210,12,0,"thunk_FUN_00439997"
00418250,FUN_00418250,544,1,"FUN_00419910 FUN_0042df47 FUN_0042df86 _Throw_C_error __Mtx_lock __Mtx_unlock"
00418470,Unwind@00418470,34,0,"_Throw_C_error __Mtx_unlock"
004184a0,Unwind@004184a0,20,0,"__Init_thread_abort"
004184c0,Unwind@004184c0,10,0,"thunk_FUN_00439997"
004184e0,FUN_004184e0,71,3,""
00418530,FUN_00418530,14,1,""
00418540,FUN_00418540,38,1,""
00418570,FUN_00418570,23,3,""
00418590,FUN_00418590,23,3,""
004185b0,FUN_004185b0,23,3,""
004185d0,FUN_004185d0,23,3,""
004185f0,FUN_004185f0,23,3,""
00418610,FUN_00418610,23,3,""
00418630,FUN_00418630,345,1,"FUN_00419700 FUN_004197a0 FUN_004197e0"
004187a0,Catch_All@004187a0,25,0,""
004187c0,FUN_004187c0,15,1,"FUN_00417e30"
004187d0,FUN_004187d0,15,1,"FUN_00418250"
004187e0,FUN_004187e0,192,1,"Sleep"
004188a0,FUN_004188a0,23,1,""
004188c0,FUN_004188c0,46,3,"FUN_00419760"
004188f0,FUN_004188f0,27,1,"FUN_004197b0"
00418910,FUN_00418910,18,1,""
00418930,FUN_00418930,11,1,"FUN_004197c0"
00418940,FUN_00418940,11,1,"FUN_004197d0"
00418950,FUN_00418950,42,2,"FUN_00419900"
00418980,FUN_00418980,11,2,"FUN_004197a0"
00418990,FUN_00418990,8,1,""
004189a0,FUN_004189a0,8,1,""
004189b0,FUN_004189b0,26,1,"FUN_00419760"
004189d0,FUN_004189d0,11,1,"FUN_00419c00"
004189e0,FUN_004189e0,29,1,""
00418a00,FUN_00418a00,33,2,"FID_conflict:_free FUN_00418aa0"
00418a30,FUN_00418a30,19,2,""
00418a50,FUN_00418a50,18,2,""
00418a70,FUN_00418a70,6,0,""
00418a80,FUN_00418a80,13,1,""
00418a90,FUN_00418a90,6,0,""
00418aa0,FUN_00418aa0,168,1,"FUN_004187e0 FUN_00419cf0 __Mtx_destroy_in_situ"
00418b50,Unwind@00418b50,45,0,"FUN_00416ec0 FUN_00419cf0 thunk_FUN_00439997"
00418bd0,FUN_00418bd0,53,3,""
00418c10,FUN_00418c10,38,1,""
00418c40,FUN_00418c40,184,1,"FID_conflict:_free FUN_00413160 FUN_00418ee0"
00418d00,Unwind@00418d00,28,0,"FID_conflict:_free"
00418d20,Unwind@00418d20,20,0,"FID_conflict:_free"
00418d40,FUN_00418d40,91,1,"FUN_0042f4b1 FUN_0043019d _Throw_C_error"
00418da0,FUN_00418da0,140,2,"FUN_0042f4b1 GetCurrentThreadId WaitForSingleObject __Thrd_join"
00418e30,FUN_00418e30,45,2,"TerminateThread"
00418e60,FUN_00418e60,31,2,"SetThreadPriority"
00418e80,FUN_00418e80,12,2,""
00418e90,FUN_00418e90,8,0,""
00418ea0,FUN_00418ea0,61,2,"FID_conflict:_free TerminateThread"
00418ee0,FUN_00418ee0,218,2,"FID_conflict:_free FUN_00413330 FUN_004135b0 _Throw_C_error __Cnd_wait __Thrd_start"
00418fc0,Unwind@00418fc0,43,0,"FID_conflict:_free FUN_004135b0"
00418ff0,FUN_00418ff0,20,1,"FID_conflict:_free"
00419010,FUN_00419010,111,1,"FID_conflict:_free FUN_00413530"
00419080,Unwind@00419080,18,0,"FUN_00418ff0 thunk_FUN_00439997"
004190d0,FUN_004190d0,54,1,"__Mtx_init_in_situ create_stl_condition_variable"
00419110,FUN_00419110,193,1,"_Throw_C_error __Cnd_wait __Mtx_lock __Mtx_unlock"
004191e0,Unwind@004191e0,36,0,"_Throw_C_error __Mtx_unlock"
00419210,Unwind@00419210,12,0,"thunk_FUN_00439997"
00419220,FUN_00419220,162,1,"_Throw_C_error __Cnd_signal __Mtx_lock __Mtx_unlock"
004192d0,Unwind@004192d0,10,0,"thunk_FUN_00439997"
004192f0,FUN_004192f0,162,1,"_Throw_C_error __Cnd_broadcast __Mtx_lock __Mtx_unlock"
004193a0,Unwind@004193a0,10,0,"thunk_FUN_00439997"
004193c0,FUN_004193c0,58,2,"FID_conflict:_free __Cnd_destroy_in_situ __Mtx_destroy_in_situ"
00419430,FUN_00419430,38,1,"__Mtx_init_in_situ"
00419460,FUN_00419460,71,3,""
004194b0,FUN_004194b0,32,1,"_Throw_C_error __Mtx_lock"
004194d0,FUN_004194d0,32,1,"_Throw_C_error __Mtx_unlock"
004194f0,FUN_004194f0,44,1,"_Throw_C_error __Mtx_trylock"
00419520,FUN_00419520,46,2,"FID_conflict:_free __Mtx_destroy_in_situ"
00419550,FUN_00419550,332,1,"FUN_00413160 FUN_00417a40"
004196a0,Unwind@004196a0,18,0,"FID_conflict:_free"
004196c0,Unwind@004196c0,53,0,""
00419700,FUN_00419700,83,2,"__alldiv __allrem"
00419760,FUN_00419760,51,1,""
004197a0,FUN_004197a0,10,2,""
004197b0,FUN_004197b0,12,1,""
004197c0,FUN_004197c0,4,1,""
004197d0,FUN_004197d0,4,1,""
004197e0,FUN_004197e0,198,1,"FUN_00412390"
004198b0,Unwind@004198b0,76,0,""
00419900,FUN_00419900,10,2,""
00419910,FUN_00419910,734,1,"FUN_0042f800 GetAsyncKeyState __alldiv __allrem __security_check_cookie"
00419c00,FUN_00419c00,4,1,""
00419c10,FUN_00419c10,9,0,""
00419c20,FUN_00419c20,161,2,"FID_conflict:_free"
00419cd0,Unwind@00419cd0,21,0,"FUN_004111d0 thunk_FUN_00439997"
00419cf0,FUN_00419cf0,141,1,""
00419d80,Unwind@00419d80,21,0,"FUN_004111d0 thunk_FUN_00439997"
00419de0,FUN_00419de0,954,1,"_memset"
0041a1a0,FUN_0041a1a0,19,3,""
0041a1c0,FUN_0041a1c0,1825,1,"FID_conflict:_free FID_conflict:_free FUN_00405140 FUN_0040f950 FUN_00413160 FUN_00413230 FUN_0041abe0 FUN_0041ae20 FUN_0041be50 FUN_0041e950 FUN_0042d5a0 FUN_0042d6d0 FUN_00432530 FUN_00435861 _memcmp _memset _strlen"
0041a940,Unwind@0041a940,89,0,"FID_conflict:_free FUN_00435861"
0041a9c0,Unwind@0041a9c0,89,0,"FID_conflict:_free FUN_00435861"
0041abc0,Unwind@0041abc0,20,0,"FID_conflict:_free"
0041abe0,FUN_0041abe0,534,4,"FID_conflict:_free FID_conflict:_free FUN_00413230 FUN_0042d6d0 FUN_00435861 _memchr _memcmp _strcpy_s _strlen"
0041ae00,Unwind@0041ae00,20,0,"FID_conflict:_free"
0041ae20,FUN_0041ae20,403,2,"FUN_0041bef0 FUN_00432ab0"
0041afc0,FUN_0041afc0,236,2,"FID_conflict:_free FUN_00413160 FUN_00413230 FUN_0041abe0 FUN_0041f120 _strlen"
0041b0b0,Unwind@0041b0b0,20,0,"FID_conflict:_free"
0041b0d0,Unwind@0041b0d0,20,0,"FID_conflict:_free"
0041b0f0,FUN_0041b0f0,1229,3,"FID_conflict:_free FUN_00405310 FUN_00405430 FUN_0040a930 FUN_00413160 FUN_00413230 FUN_0041abe0 FUN_0041bea0 FUN_0041c070 FUN_0041c2a0 FUN_0041f4f0 FUN_0042d6d0 _memset _strlen"
0041b5e0,Unwind@0041b5e0,36,0,""
0041b610,Unwind@0041b610,85,0,""
0041b670,Unwind@0041b670,82,0,"FUN_0041bea0"
0041b6d0,Unwind@0041b6d0,20,0,"FID_conflict:_free"
0041b6f0,Unwind@0041b6f0,23,0,"FUN_0040a930"
0041b710,Unwind@0041b710,12,0,"thunk_FUN_00439997"
0041b740,Unwind@0041b740,20,0,"FID_conflict:_free"
0041b760,FUN_0041b760,215,2,"FID_conflict:_free FUN_00413160 FUN_00413230 FUN_0041abe0 FUN_0041e950 _strlen"
0041b840,Unwind@0041b840,20,0,"FID_conflict:_free"
0041b860,Unwind@0041b860,20,0,"FID_conflict:_free"
0041b880,FUN_0041b880,215,2,"FID_conflict:_free FUN_00413160 FUN_00413230 FUN_0041abe0 FUN_0041f120 _strlen"
0041b960,Unwind@0041b960,20,0,"FID_conflict:_free"
0041b980,Unwind@0041b980,20,0,"FID_conflict:_free"
0041b9a0,FUN_0041b9a0,56,2,"_strcpy_s"
0041b9e0,FUN_0041b9e0,71,3,"_strcpy _strlen"
0041ba30,FUN_0041ba30,325,2,"FID_conflict:_free FUN_0041bc10 FUN_0042d6d0 FUN_00435861 _strlen"
0041bb80,Unwind@0041bb80,143,0,"FID_conflict:_free FUN_00435861"
0041bc10,FUN_0041bc10,380,2,"FUN_0041e410 FUN_0042d7d0"
0041bd90,Unwind@0041bd90,20,0,"FUN_0042d5a0"
0041bdb0,Unwind@0041bdb0,20,0,"FUN_0042d5a0"
0041bdd0,FUN_0041bdd0,33,2,"FID_conflict:_free FUN_0041e610"
0041be00,FUN_0041be00,74,2,"FID_conflict:_free FUN_00435861"
0041be50,FUN_0041be50,74,2,"FID_conflict:_free FUN_00435861"
0041bea0,FUN_0041bea0,74,2,"FID_conflict:_free FUN_00435861"
0041bef0,FUN_0041bef0,363,2,"FUN_00413160 FUN_0041be50 FUN_0042d5a0 FUN_0042f7e3 FUN_00432ab0"
0041c070,FUN_0041c070,303,8,"FUN_0040aa20"
0041c1a0,Unwind@0041c1a0,254,0,"FUN_0040aba0 FUN_0042b470"
0041c2a0,FUN_0041c2a0,340,3,"FUN_00409790 FUN_0041c400 FUN_0041c4d0 FUN_0041cee0"
0041c400,FUN_0041c400,197,2,"FUN_0040b620 FUN_0041d0c0 _memset"
0041c4d0,FUN_0041c4d0,2432,2,"FUN_004089c0 FUN_0040b620 FUN_0040be70 FUN_00413160 FUN_0041c4d0 FUN_0041d210 FUN_0041d370 FUN_0041d6d0 FUN_0041e130 FUN_0042b470 FUN_0042f7e3 FUN_0042f85d FUN_00432ab0 _memchr"
0041ce50,Unwind@0041ce50,58,0,"FUN_0042b470"
0041cee0,FUN_0041cee0,248,2,"FUN_0040b620 FUN_0041cfe0"
0041cfe0,FUN_0041cfe0,215,2,"FUN_00413160 FUN_0041bea0 FUN_0042f7e3"
0041d0c0,FUN_0041d0c0,323,2,"FUN_0040aba0 FUN_00413160 FUN_0042f7e3"
0041d210,FUN_0041d210,352,2,"FUN_004089c0"
0041d370,FUN_0041d370,637,2,"FUN_0040aba0 FUN_0040be70 FUN_0041c4d0 FUN_0041da40 FUN_0041e130 FUN_0042b470"
0041d5f0,Unwind@0041d5f0,104,0,"FUN_0040aba0 FUN_0042b470"
0041d660,Unwind@0041d660,104,0,"FUN_0040aba0 FUN_0042b470"
0041d6d0,FUN_0041d6d0,759,4,"FUN_0040aba0 FUN_0040be70 FUN_0041c4d0 FUN_0041da40 FUN_0041dd10 FUN_0041e130 FUN_0042b470"
0041d9d0,Unwind@0041d9d0,104,0,"FUN_0040aba0 FUN_0042b470"
0041da40,FUN_0041da40,280,2,"FUN_0040b620 FUN_00413160 FUN_0041dbb0 FUN_0042f7e3 FUN_00432ab0"
0041dbb0,FUN_0041dbb0,339,2,"FUN_0040b620 FUN_00413160 FUN_0042f7e3"
0041dd10,FUN_0041dd10,822,3,"FUN_0040aba0 FUN_0040be70 FUN_0041c4d0 FUN_0041da40 FUN_0041e130 FUN_0042b470"
0041e050,Unwind@0041e050,104,0,"FUN_0040aba0 FUN_0042b470"
0041e0c0,Unwind@0041e0c0,104,0,"FUN_0040aba0 FUN_0042b470"
0041e130,FUN_0041e130,723,2,"FUN_0040aba0 FUN_0040b620 FUN_00413160 FUN_0042f7e3 FUN_00432ab0"
0041e410,FUN_0041e410,486,2,"FUN_00413160 FUN_0041be00 FUN_0042d5a0 FUN_0042f7e3 FUN_00432ab0"
0041e610,FUN_0041e610,569,1,"FUN_0041be00 FUN_0042d5a0"
0041e850,Unwind@0041e850,12,0,"thunk_FUN_00439997"
0041e950,FUN_0041e950,293,2,"FUN_00413160 FUN_0041eae0 FUN_0041f020 FUN_0041f090"
0041ea80,Unwind@0041ea80,47,0,""
0041eab0,Catch_All@0041eab0,36,0,"FUN_0041f000 __CxxThrowException@8"
0041eae0,FUN_0041eae0,277,6,"CreateFileA FUN_00413160 FUN_0041f020 FUN_0041f090"
0041ec00,Catch_All@0041ec00,48,0,"CloseHandle __CxxThrowException@8"
0041ec30,Unwind@0041ec30,47,0,""
0041ec60,Catch_All@0041ec60,36,0,"FUN_0041f000 __CxxThrowException@8"
0041ec90,FUN_0041ec90,71,3,""
0041ece0,FUN_0041ece0,14,1,""
0041ecf0,FUN_0041ecf0,38,1,""
0041ed20,FUN_0041ed20,11,1,""
0041ed30,FUN_0041ed30,110,3,"GetFileType ReadFile __security_check_cookie"
0041eda0,FUN_0041eda0,105,3,"GetFileType ReadFile __security_check_cookie"
0041ee10,FUN_0041ee10,90,3,"SetFilePointer __security_check_cookie"
0041ee70,FUN_0041ee70,93,4,"SetFilePointer __security_check_cookie"
0041eed0,FUN_0041eed0,85,1,"GetFileSizeEx __security_check_cookie"
0041ef30,FUN_0041ef30,71,2,"FID_conflict:_free"
0041ef80,FUN_0041ef80,105,3,"GetFileType WriteFile __security_check_cookie"
0041eff0,FUN_0041eff0,16,1,""
0041f000,FUN_0041f000,20,1,"CloseHandle"
0041f020,FUN_0041f020,81,1,""
0041f080,Unwind@0041f080,10,0,"thunk_FUN_00439997"
0041f090,FUN_0041f090,16,1,""
0041f0a0,FUN_0041f0a0,43,2,"___std_type_info_compare"
0041f0d0,FUN_0041f0d0,2,0,""
0041f0e0,FUN_0041f0e0,5,0,""
0041f120,FUN_0041f120,293,2,"FUN_00413160 FUN_0041eae0 FUN_0041f020 FUN_0041f090"
0041f250,Unwind@0041f250,47,0,""
0041f280,Catch_All@0041f280,36,0,"FUN_0041f000 __CxxThrowException@8"
0041f2b0,FUN_0041f2b0,5,0,""
0041f2c0,FUN_0041f2c0,110,3,"GetFileType WriteFile __security_check_cookie"
0041f330,FUN_0041f330,161,0,"FUN_00413160"
0041f3e0,Catch_All@0041f3e0,36,0,"FUN_0041f000 __CxxThrowException@8"
0041f410,FUN_0041f410,85,1,"GetFileSizeEx __security_check_cookie"
0041f470,FUN_0041f470,3,0,""
0041f480,FUN_0041f480,71,2,"FID_conflict:_free"
0041f4f0,FUN_0041f4f0,1407,3,"FID_conflict:_free FUN_00413160 FUN_00413230 FUN_00420a40 __Mtx_init_in_situ"
0041fa90,Unwind@0041fa90,138,0,"FID_conflict:_free FUN_0041be50 FUN_00420440 FUN_0042d5a0 __Mtx_destroy_in_situ"
0041fb20,FUN_0041fb20,71,3,""
0041fb70,FUN_0041fb70,38,1,""
0041fba0,FUN_0041fba0,4,1,""
0041fbb0,FUN_0041fbb0,10,2,""
0041fbc0,FUN_0041fbc0,1260,1,"FID_conflict:_free FUN_00405430 FUN_0040a930 FUN_00413160 FUN_0041bea0 FUN_0041c070 FUN_0041c2a0 FUN_00421110 FUN_00424b80 FUN_0042d6d0 FUN_00435861 _strlen"
004200c0,Unwind@004200c0,45,0,""
004200f0,Unwind@004200f0,106,0,""
00420160,Unwind@00420160,73,0,"FUN_0041bea0"
004201b0,Unwind@004201b0,113,0,"FID_conflict:_free FUN_00435861"
00420280,Unwind@00420280,32,0,"FUN_0040a930"
004202a0,Unwind@004202a0,21,0,"thunk_FUN_00439997"
004202e0,FUN_004202e0,7,1,""
004202f0,FUN_004202f0,208,2,"FID_conflict:_free FUN_0041ae20 FUN_0042d6d0 FUN_00435861 _strlen"
004203c0,Unwind@004203c0,71,0,"FID_conflict:_free FUN_00435861"
00420410,FUN_00420410,33,2,"FID_conflict:_free FUN_00424990"
00420440,FUN_00420440,259,4,"FUN_00420560 FUN_004209f0"
00420550,Unwind@00420550,12,0,"thunk_FUN_00439997"
00420560,FUN_00420560,1126,3,"FID_conflict:_free"
004209f0,FUN_004209f0,68,1,"FID_conflict:_free FUN_004209f0"
00420a40,FUN_00420a40,651,5,"FUN_00420d10 FUN_00420f40"
00420ce0,Catch_All@00420ce0,37,0,"FID_conflict:_free __CxxThrowException@8"
00420d10,FUN_00420d10,535,6,"FID_conflict:_free FUN_0042f81d"
00420f40,FUN_00420f40,400,5,"FID_conflict:_free FUN_00420d10"
004210e0,Catch_All@004210e0,37,0,"FID_conflict:_free __CxxThrowException@8"
00421110,FUN_00421110,217,4,"FUN_00421230 FUN_00421430 FUN_0042b470"
004211f0,Unwind@004211f0,58,0,"FUN_0042b470"
00421230,FUN_00421230,362,5,"FUN_00413160 FUN_00421620"
004213a0,Unwind@004213a0,65,0,"FUN_0042b470"
00421430,FUN_00421430,438,1,"FUN_00406cd0 FUN_00413160 FUN_00421a10 FUN_0042f85d"
00421620,FUN_00421620,384,1,"_memchr"
00421a10,FUN_00421a10,821,1,"FUN_00413160 FUN_00421620 FUN_00421d50"
00421d50,FUN_00421d50,951,1,"FUN_004078c0 FUN_00413160 FUN_00421620 FUN_00422360 FUN_004224e0 FUN_00422690 FUN_00422820 FUN_0042f85d"
00422310,FUN_00422310,76,1,"FUN_00421620"
00422360,FUN_00422360,383,1,"FUN_004078c0 FUN_00413160 FUN_00421620 FUN_00422b40 FUN_00422e80 FUN_0042f85d"
004224e0,FUN_004224e0,422,1,"FUN_00413160 FUN_00421620 FUN_004234f0"
00422690,FUN_00422690,393,1,"FUN_00413160 FUN_00421620 FUN_00421a10 FUN_004243f0 FUN_004244c0 FUN_004245c0 FUN_0042f85d"
00422820,FUN_00422820,794,1,"FUN_00421620 FUN_004246e0 FUN_0042f85d"
00422b40,FUN_00422b40,727,1,"FUN_00421620 FUN_004230e0 FUN_004231d0 FUN_00423260 FUN_0042f85d"
00422e80,FUN_00422e80,607,2,"FUN_00413160 FUN_00421620"
004230e0,FUN_004230e0,199,2,"FUN_00421620 FUN_0042f85d"
004231d0,FUN_004231d0,134,1,"FUN_00422310"
00423260,FUN_00423260,70,1,""
004234f0,FUN_004234f0,631,1,"FUN_004089c0 FUN_00408a50 FUN_00413160 FUN_00421620 FUN_00423810 FUN_0042f85d"
00423780,FUN_00423780,139,2,"FUN_00413160 FUN_0042f7e3 FUN_004390e6"
00423810,FUN_00423810,592,1,"FUN_00421620 FUN_00423a60 FUN_00423ba0"
00423a60,FUN_00423a60,316,2,"FUN_00421620 FUN_00422b40 FUN_00422e80 FUN_0042f85d"
00423ba0,FUN_00423ba0,826,2,"FUN_00413160 FUN_00421620 FUN_00423ef0 FUN_00424320 FUN_0042f85d"
00423ef0,FUN_00423ef0,468,3,"FID_conflict:_free FUN_004092c0 FUN_00413160 FUN_00424120 FUN_00435861 _memcmp"
004240d0,Unwind@004240d0,71,0,"FID_conflict:_free FUN_00435861"
00424120,FUN_00424120,392,4,"FID_conflict:_free FUN_004094c0 FUN_00413160 FUN_0042f7e3 FUN_00432ab0 FUN_00435861"
00424320,FUN_00424320,189,4,"FUN_00413160 FUN_0042f7e3 FUN_004390e6"
004243f0,FUN_004243f0,204,1,"FUN_00413160 FUN_00421a10"
004244c0,FUN_004244c0,250,1,"FUN_00409790 FUN_00413160 FUN_00421a10"
004245c0,FUN_004245c0,226,1,"FUN_00413160"
004246b0,Catch_All@004246b0,35,0,"__CxxThrowException@8"
004246e0,FUN_004246e0,687,4,"FUN_004078c0 FUN_00413160"
00424990,FUN_00424990,233,1,"FID_conflict:_free FUN_0041be50 FUN_00420440 FUN_0042d5a0 __Mtx_destroy_in_situ"
00424a80,Unwind@00424a80,12,0,"thunk_FUN_00439997"
00424b80,FUN_00424b80,168,7,"__security_check_cookie"
00424c30,FUN_00424c30,71,3,""
00424c80,FUN_00424c80,864,3,"FID_conflict:_free FID_conflict:_free FUN_00413160 FUN_00413230 FUN_00432530 _Throw_C_error __Mtx_lock __Mtx_unlock"
00424fe0,Unwind@00424fe0,12,0,"thunk_FUN_00439997"
00425010,Unwind@00425010,51,0,"FID_conflict:_free _Throw_C_error __Mtx_unlock"
00425050,FUN_00425050,103,3,""
004250c0,FUN_004250c0,8,1,""
004250d0,FUN_004250d0,7,1,""
004250e0,FUN_004250e0,8,1,""
004250f0,FUN_004250f0,3,0,""
00425100,FUN_00425100,125,2,"FID_conflict:_free"
00425180,Unwind@00425180,10,0,"thunk_FUN_00439997"
004251b0,FUN_004251b0,42,2,""
004251e0,FUN_004251e0,71,3,""
00425230,FUN_00425230,247,3,"FUN_00413160 FUN_00425400 FUN_00425500"
00425330,Unwind@00425330,20,0,"FID_conflict:_free"
00425350,FUN_00425350,118,2,"FID_conflict:_free"
004253d0,Unwind@004253d0,10,0,"thunk_FUN_00439997"
00425400,FUN_00425400,174,2,""
004254b0,Unwind@004254b0,65,0,"FUN_0042b470"
00425500,FUN_00425500,1074,3,"CharNextA FID_conflict:_free FID_conflict:_free FUN_00413160 FUN_00413230 FUN_00429660 _memset"
00425950,FUN_00425950,71,3,""
004259a0,FUN_004259a0,38,1,""
004259d0,FUN_004259d0,10,1,""
004259e0,FUN_004259e0,5,1,""
004259f0,FUN_004259f0,97,3,""
00425a60,FUN_00425a60,345,4,"FUN_00413160 FUN_00413230 FUN_00429660 _memset _strcpy_s _strlen"
00425bc0,FUN_00425bc0,4,1,""
00425bd0,FUN_00425bd0,73,2,"FUN_0042ccd0"
00425c20,FUN_00425c20,151,3,"FID_conflict:_free FID_conflict:_free FUN_00432ab0"
00425cc0,FUN_00425cc0,66,3,""
00425d10,FUN_00425d10,82,2,""
00425d70,FUN_00425d70,82,2,""
00425dd0,FUN_00425dd0,143,3,"FUN_00413160"
00425e60,FUN_00425e60,120,3,"FID_conflict:_free FID_conflict:_free"
00425ee0,FUN_00425ee0,223,3,"FUN_0042ccd0"
00425fc0,FUN_00425fc0,33,2,"FID_conflict:_free FUN_00425ff0"
00425ff0,FUN_00425ff0,301,1,"FID_conflict:_free FID_conflict:_free FUN_0042b470"
00426120,Unwind@00426120,12,0,"thunk_FUN_00439997"
00426150,FUN_00426150,106,0,"FID_conflict:_free FUN_004267b0"
004261c0,Unwind@004261c0,22,0,"FUN_00411610 thunk_FUN_00439997"
004261e0,FUN_004261e0,16,1,""
004261f0,FUN_004261f0,71,3,""
00426240,FUN_00426240,38,1,""
00426270,FUN_00426270,259,5,"FID_conflict:_free FUN_004263d0 FUN_0042d6d0 FUN_00432530 FUN_00435861 _strlen"
00426380,Unwind@00426380,71,0,"FID_conflict:_free FUN_00435861"
004263d0,FUN_004263d0,252,3,"_memcmp"
004264f0,FUN_004264f0,491,3,"FID_conflict:_free FID_conflict:_free FUN_00413230 FUN_004263d0 FUN_00426da0 FUN_0042d6d0 FUN_00432530 FUN_00435861 _strlen"
004266e0,Unwind@004266e0,71,0,"FID_conflict:_free FUN_00435861"
00426780,FUN_00426780,33,2,"FID_conflict:_free FUN_004273a0"
004267b0,FUN_004267b0,259,4,"FUN_004268d0 FUN_00426d50"
004268c0,Unwind@004268c0,12,0,"thunk_FUN_00439997"
004268d0,FUN_004268d0,1106,3,"FID_conflict:_free FUN_0042d5a0"
00426d50,FUN_00426d50,76,1,"FID_conflict:_free FUN_00426d50 FUN_0042d5a0"
00426da0,FUN_00426da0,184,3,"FUN_00413160 FUN_00426e90 FUN_0042d7d0"
00426e60,Catch_All@00426e60,37,0,"FID_conflict:_free __CxxThrowException@8"
00426e90,FUN_00426e90,635,5,"FID_conflict:_free FUN_00427150 FUN_0042d5a0 _memcmp"
00427120,Catch_All@00427120,37,0,"FUN_00427380 __CxxThrowException@8"
00427150,FUN_00427150,532,6,"FUN_00427380 FUN_0042f81d"
00427380,FUN_00427380,29,1,"FID_conflict:_free FUN_0042d5a0"
004273a0,FUN_004273a0,221,1,"FID_conflict:_free FUN_00426d50"
00427490,Unwind@00427490,10,0,"thunk_FUN_00439997"
004274a0,FUN_004274a0,67,0,"FUN_00413160 _atexit"
00427560,FUN_00427560,16,1,""
00427570,FUN_00427570,71,3,""
004275c0,FUN_004275c0,38,1,""
004275f0,FUN_004275f0,127,4,"FID_conflict:_free FUN_00413230 MultiByteToWideChar WideCharToMultiByte _memset"
00427670,FUN_00427670,203,6,"FID_conflict:_free FUN_00413230 MultiByteToWideChar WideCharToMultiByte _memset"
00427740,FUN_00427740,436,2,""
00427900,FUN_00427900,187,2,"CharNextA"
004279c0,FUN_004279c0,68,1,""
00427a10,FUN_00427a10,28,2,"FID_conflict:_free"
00427a30,FUN_00427a30,69,0,"FID_conflict:_free"
00427a80,FUN_00427a80,69,0,"FID_conflict:_free"
00427ad0,FUN_00427ad0,25,2,""
00427af0,FUN_00427af0,568,1,"FID_conflict:_free FID_conflict:_free FUN_00413230 FUN_0042b4c0 FUN_0042d6d0 FUN_00432530 FUN_00435861 _strlen"
00427d60,Unwind@00427d60,71,0,"FID_conflict:_free FUN_00435861"
00427db0,FUN_00427db0,71,3,""
00427e00,FUN_00427e00,41,1,""
00427e30,FUN_00427e30,655,2,"FID_conflict:_free FUN_00413160 FUN_00413230 FUN_0041ae20 FUN_00427af0 FUN_00428130 FUN_00428630 FUN_00429660 FUN_0042d6d0 FUN_00435861 _memset _strlen"
004280c0,Unwind@004280c0,20,0,"FID_conflict:_free"
004280e0,Unwind@004280e0,71,0,"FID_conflict:_free FUN_00435861"
00428130,FUN_00428130,578,1,"FUN_00413160"
00428380,Unwind@00428380,235,0,"FID_conflict:_free FUN_0041be50 FUN_0042adb0 FUN_0042d5a0"
00428470,Unwind@00428470,38,0,"FID_conflict:_free FUN_0042adb0"
004284a0,Unwind@004284a0,291,0,"FID_conflict:_free FUN_0041be50 FUN_0042b470 FUN_0042d5a0"
004285d0,Unwind@004285d0,91,0,"FID_conflict:_free FUN_0040d870 FUN_0042b470"
00428630,FUN_00428630,862,1,"FID_conflict:_free FUN_0040d870 FUN_0041be50 FUN_0042adb0 FUN_0042b350 FUN_0042b470 FUN_0042d5a0"
00428990,Unwind@00428990,20,0,"FUN_00411610 thunk_FUN_00439997"
00428a10,FUN_00428a10,100,1,"FID_conflict:_free FID_conflict:_free FUN_00428630"
00428a80,FUN_00428a80,18,1,""
00428aa0,FUN_00428aa0,19,1,""
00428ac0,FUN_00428ac0,31,2,""
00428ae0,FUN_00428ae0,28,2,""
00428b00,FUN_00428b00,19,1,""
00428b20,FUN_00428b20,2364,2,"FID_conflict:_free FID_conflict:_free FUN_00413230 FUN_0041ae20 FUN_004263d0 FUN_00429660 FUN_0042b470 FUN_0042d5a0 FUN_0042d6d0 FUN_00435861 _memset _strcpy_s _strlen"
00429490,Unwind@00429490,71,0,"FID_conflict:_free FUN_00435861"
00429610,Unwind@00429610,71,0,"FID_conflict:_free FUN_00435861"
00429660,FUN_00429660,149,2,"FUN_0042c020"
00429700,FUN_00429700,119,1,"FUN_00413160 FUN_0042f81d"
00429780,FUN_00429780,92,1,"FID_conflict:_free"
004297e0,FUN_004297e0,119,1,"FUN_00413160 FUN_0042f81d"
00429860,FUN_00429860,92,1,"FID_conflict:_free"
004298c0,FUN_004298c0,102,2,"FUN_00413160 FUN_0042f81d"
00429930,FUN_00429930,31,2,""
00429950,FUN_00429950,29,2,""
00429970,FUN_00429970,31,2,""
00429990,FUN_00429990,8,0,""
004299a0,FUN_004299a0,949,2,"FID_conflict:_free FUN_00403c30 FUN_0041ae20 FUN_004263d0 FUN_00429660 FUN_0042c0d0 FUN_0042c130 FUN_0042d6d0 FUN_00435861 _strlen"
00429d70,Unwind@00429d70,74,0,"FID_conflict:_free FUN_00435861"
00429e70,FUN_00429e70,597,2,"FID_conflict:_free FUN_0041ae20 FUN_004263d0 FUN_0042d6d0 FUN_00435861 _strlen"
0042a0d0,Unwind@0042a0d0,71,0,"FID_conflict:_free FUN_00435861"
0042a170,FUN_0042a170,224,1,"FUN_0042c0d0 FUN_0042d5a0"
0042a250,Unwind@0042a250,10,0,"thunk_FUN_00439997"
0042a260,FUN_0042a260,50,2,"FID_conflict:_atoi"
0042a2a0,FUN_0042a2a0,50,2,"FUN_0042a2e0 OutputDebugStringA"
0042a2e0,FUN_0042a2e0,85,1,"FID_conflict:___stdio_common_vfprintf FUN_00404c40 ___acrt_iob_func __security_check_cookie"
0042a340,FUN_0042a340,34,1,""
0042a370,FUN_0042a370,1261,2,"FID_conflict:_free FID_conflict:_free FUN_00413230 FUN_0041ae20 FUN_00427af0 FUN_0042ccd0 FUN_0042d6d0 FUN_0042d7d0 FUN_00432ab0 FUN_00435861 _memset _strcpy_s _strlen"
0042a880,Unwind@0042a880,89,0,"FID_conflict:_free FUN_00435861"
0042a930,FUN_0042a930,277,2,"FID_conflict:_free FUN_0042c130 FUN_0042d6d0 FUN_00435861 _strlen"
0042aa50,Unwind@0042aa50,71,0,"FID_conflict:_free FUN_00435861"
0042aaa0,FUN_0042aaa0,70,3,"_strcpy_s"
0042aaf0,FUN_0042aaf0,103,3,""
0042ab60,FUN_0042ab60,100,3,"_strcpy_s"
0042abd0,FUN_0042abd0,161,3,"FUN_0040faa0 FUN_00413160"
0042ac80,FUN_0042ac80,136,3,""
0042ad10,FUN_0042ad10,106,3,""
0042ad80,FUN_0042ad80,40,2,""
0042adb0,FUN_0042adb0,259,4,"FUN_0042aed0 FUN_0042c0d0"
0042aec0,Unwind@0042aec0,12,0,"thunk_FUN_00439997"
0042aed0,FUN_0042aed0,1111,3,"FID_conflict:_free FUN_0042d5a0"
0042b350,FUN_0042b350,259,4,"FUN_00420560 FUN_004209f0"
0042b460,Unwind@0042b460,12,0,"thunk_FUN_00439997"
0042b470,FUN_0042b470,71,2,"FID_conflict:_free FUN_00435861"
0042b4c0,FUN_0042b4c0,443,3,"FUN_00413160 FUN_0042b6a0 FUN_00432530 _memcmp"
0042b6a0,FUN_0042b6a0,1114,5,"FUN_0042bb30 FUN_0042bd60 _memcmp"
0042bb00,Catch_All@0042bb00,37,0,"FUN_00427380 __CxxThrowException@8"
0042bb30,FUN_0042bb30,532,6,"FUN_00427380 FUN_0042f81d"
0042bd60,FUN_0042bd60,635,5,"FID_conflict:_free FUN_0042bb30 FUN_0042d5a0 _memcmp"
0042bff0,Catch_All@0042bff0,37,0,"FUN_00427380 __CxxThrowException@8"
0042c020,FUN_0042c020,161,2,"FUN_00413160 FUN_0042b470 FUN_0042f7e3 FUN_00432ab0"
0042c0d0,FUN_0042c0d0,93,1,"FID_conflict:_free FUN_0042c0d0 FUN_0042d5a0"
0042c130,FUN_0042c130,454,3,"FUN_00413160 FUN_0042c310 FUN_00432530 _memcmp"
0042c310,FUN_0042c310,1114,5,"FUN_0042c7a0 FUN_0042ca00 _memcmp"
0042c770,Catch_All@0042c770,37,0,"FUN_0042c9d0 __CxxThrowException@8"
0042c7a0,FUN_0042c7a0,532,6,"FUN_0042c9d0 FUN_0042f81d"
0042c9d0,FUN_0042c9d0,41,1,"FID_conflict:_free FUN_0042d5a0"
0042ca00,FUN_0042ca00,651,5,"FID_conflict:_free FUN_0042c7a0 FUN_0042d5a0 _memcmp"
0042cca0,Catch_All@0042cca0,37,0,"FUN_0042c9d0 __CxxThrowException@8"
0042ccd0,FUN_0042ccd0,217,4,"FUN_0042c020"
0042cdb0,FUN_0042cdb0,111,0,"FUN_00413160 _atexit"
0042cf20,FUN_0042cf20,292,3,"_strcmp"
0042d120,guard_check_icall,1,0,""
0042d130,length,29,1,""
0042d150,FUN_0042d150,16,1,""
0042d160,FUN_0042d160,36,2,"FUN_0042eb3b"
0042d190,FUN_0042d190,84,1,"FID_conflict:_free FUN_0042d5a0"
0042d1f0,FUN_0042d1f0,82,3,""
0042d250,FUN_0042d250,24,1,""
0042d270,FUN_0042d270,44,1,""
0042d2a0,FUN_0042d2a0,286,2,"FUN_00413160 FUN_0042d5a0 FUN_0042d6d0 FUN_0042dc80 FUN_0042f81d __security_check_cookie"
0042d3c0,thunk_FUN_0042d5a0,5,1,""
0042d3d0,FUN_0042d3d0,6,0,""
0042d3e0,FUN_0042d3e0,81,2,""
0042d440,FUN_0042d440,92,3,"_strcpy_s"
0042d4a0,FUN_0042d4a0,68,1,"FUN_0042d4f0"
0042d4f0,FUN_0042d4f0,169,2,""
0042d5a0,FUN_0042d5a0,103,1,"FID_conflict:_free FUN_00435861"
0042d610,FUN_0042d610,42,2,"FUN_0042d7d0"
0042d640,FUN_0042d640,135,3,"FID_conflict:_free FUN_00432530 FUN_00435861"
0042d6d0,FUN_0042d6d0,245,3,"FUN_0042d7d0 FUN_0042da10 FUN_0042f81d FUN_00432530"
0042d7d0,FUN_0042d7d0,288,4,"FUN_0042d960 FUN_0042da10 FUN_0042f81d FUN_0042f83d FUN_00432530"
0042d900,FUN_0042d900,69,0,"FID_conflict:_free FUN_0042d5a0"
0042d950,FUN_0042d950,10,0,"FUN_0042f81d"
0042d960,FUN_0042d960,154,3,"FUN_0042f83d FUN_00432ab0"
0042da00,FUN_0042da00,11,0,"FUN_0042f83d"
0042da10,FUN_0042da10,190,3,"FUN_00413160 FUN_0042daf7 FUN_0042f7e3 FUN_00435861"
0042dace,Catch_All@0042dace,32,0,"FUN_0042dc00"
0042daf7,FUN_0042daf7,179,0,"FID_conflict:_free FUN_00432530 FUN_00435861"
0042dbaa,Catch_All@0042dbaa,21,0,"FUN_0042d640 __CxxThrowException@8"
0042dbc0,FUN_0042dbc0,53,2,"FUN_00413160 FUN_00435861"
0042dc00,FUN_0042dc00,86,1,"FUN_00413160 FUN_0042f7e3 FUN_00435861"
0042dc60,FUN_0042dc60,3,0,""
0042dc70,FUN_0042dc70,6,0,""
0042dc80,FUN_0042dc80,155,3,"FUN_0042d7d0 FUN_0042dbc0"
0042dd1b,Catch_All@0042dd1b,20,0,"FID_conflict:_free __CxxThrowException@8"
0042dd30,FUN_0042dd30,36,2,"FUN_0042eb3b"
0042dd60,FUN_0042dd60,82,3,""
0042ddc0,FUN_0042ddc0,72,1,"FUN_0042d190"
0042de10,FUN_0042de10,15,2,""
0042de20,FUN_0042de20,4,1,""
0042de24,__security_check_cookie,17,1,"___report_gsfailure"
0042def5,__crt_fast_encode_pointer<void*>,29,1,""
0042df12,FUN_0042df12,28,0,"CloseHandle DeleteCriticalSection"
0042df2e,__Init_thread_abort,25,1,"FUN_0042dfcc FUN_0042e019 __Init_thread_notify"
0042df47,FUN_0042df47,63,1,"FUN_0042dfcc FUN_0042e019 __Init_thread_notify"
0042df86,FUN_0042df86,70,1,"FUN_0042dfcc FUN_0042e019 __Init_thread_wait"
0042dfcc,FUN_0042dfcc,12,0,"EnterCriticalSection"
0042dfd8,__Init_thread_notify,65,0,"ResetEvent SetEvent guard_check_icall"
0042e019,FUN_0042e019,12,0,"LeaveCriticalSection"
0042e025,__Init_thread_wait,101,1,"FUN_0042dfcc FUN_0042e019 WaitForSingleObjectEx guard_check_icall"
0042e08a,find_pe_section,68,2,""
0042e0ce,___scrt_acquire_startup_lock,53,0,"___scrt_is_ucrt_dll_in_use"
0042e103,___scrt_initialize_crt,57,1,"___acrt_initialize ___isa_available_init ___vcrt_initialize ___vcrt_uninitialize"
0042e13c,___scrt_initialize_onexit_tables,150,1,"___scrt_fastfail ___scrt_is_ucrt_dll_in_use __initialize_onexit_table"
0042e1d3,___scrt_is_nonwritable_in_current_image,116,1,"__SEH_epilog4 __SEH_prolog4 find_pe_section"
0042e25d,___scrt_release_startup_lock,29,1,"___scrt_is_ucrt_dll_in_use"
0042e27a,___scrt_uninitialize_crt,40,2,"___acrt_uninitialize ___vcrt_uninitialize"
0042e2a2,__onexit,59,1,"__crt_atexit __register_onexit_function"
0042e2dd,_atexit,21,1,"__onexit"
0042e2f2,FUN_0042e2f2,35,2,"FUN_0042eb3b"
0042e3d3,__scrt_common_main_seh,299,0,"FUN_00412d80 FUN_0042ec47 FUN_0042ec4d __SEH_epilog4 __SEH_prolog4 ___scrt_acquire_startup_lock ___scrt_fastfail ___scrt_get_show_window_mode ___scrt_initialize_crt ___scrt_is_managed_app ___scrt_is_nonwritable_in_current_image ___scrt_release_startup_lock ___scrt_uninitialize_crt __cexit __get_narrow_winmain_command_line __initterm __initterm_e __register_thread_local_exe_atexit_callback _exit guard_check_icall"
0042e53b,entry,10,0,"___security_init_cookie __scrt_common_main_seh"
0042e545,___raise_securityfailure,40,1,"GetCurrentProcess SetUnhandledExceptionFilter TerminateProcess UnhandledExceptionFilter"
0042e56d,___report_gsfailure,251,0,"IsProcessorFeaturePresent ___raise_securityfailure"
0042e668,___report_rangecheckfailure,12,0,"___report_securityfailure"
0042e674,___report_securityfailure,208,1,"IsProcessorFeaturePresent ___raise_securityfailure"
0042e744,___scrt_fastfail,283,0,"IsDebuggerPresent IsProcessorFeaturePresent SetUnhandledExceptionFilter UnhandledExceptionFilter _memset"
0042e85f,___scrt_get_show_window_mode,51,0,"GetStartupInfoW _memset"
0042e892,___scrt_is_managed_app,68,0,"GetModuleHandleW"
0042e8d6,FUN_0042e8d6,12,0,"SetUnhandledExceptionFilter"
0042e8e2,FUN_0042e8e2,64,1,"FUN_00439997"
0042e923,FUN_0042e923,8,0,""
0042e92b,guard_check_icall,6,0,""
0042e931,___isa_available_init,410,0,"IsProcessorFeaturePresent"
0042eacb,FUN_0042eacb,4,0,""
0042eacf,___scrt_is_ucrt_dll_in_use,12,0,""
0042eae0,__SEH_prolog4,70,2,""
0042eb26,__SEH_epilog4,21,0,""
0042eb3b,FUN_0042eb3b,14,1,"FID_conflict:_free"
0042eb49,___security_init_cookie,156,0,"GetCurrentProcessId GetCurrentThreadId GetSystemTimeAsFileTime QueryPerformanceCounter"
0042ebe5,FUN_0042ebe5,6,0,""
0042ebeb,FUN_0042ebeb,12,0,"InitializeSListHead"
0042ebf7,FUN_0042ebf7,32,0,"___scrt_fastfail __controlfp_s"
0042ec18,FUN_0042ec18,6,0,""
0042ec1e,FUN_0042ec1e,29,0,"FUN_00404c40 FUN_0042ec18"
0042ec3b,FUN_0042ec3b,12,0,""
0042ec47,FUN_0042ec47,6,0,""
0042ec4d,FUN_0042ec4d,6,0,""
0042ec53,FUN_0042ec53,43,0,"guard_check_icall"
0042ec7e,FUN_0042ec7e,43,0,"guard_check_icall"
0042eca9,stl_critical_section_vista,32,1,"___crtInitializeCriticalSectionEx"
0042ecc9,FID_conflict:stl_condition_variable_vista,23,1,"FUN_00430d38"
0042eced,`vector_deleting_destructor',136,2,"FUN_0042eb3b FUN_00462e63 `eh_vector_destructor_iterator'"
0042ed75,`vector_constructor_iterator',42,4,"guard_check_icall"
0042ed9f,create_stl_critical_section,117,1,"FID_conflict:stl_condition_variable_vista __EH_epilog3 __EH_prolog3 critical_section stl_critical_section_vista"
0042ee14,FUN_0042ee14,8,0,"guard_check_icall"
0042ee1c,FUN_0042ee1c,11,1,"DeleteCriticalSection"
0042ee27,FUN_0042ee27,8,1,"lock"
0042ee2f,FUN_0042ee2f,11,1,"EnterCriticalSection"
0042ee3a,FUN_0042ee3a,11,1,"FUN_00430ae6"
0042ee45,mtx_do_lock,390,2,"GetCurrentThreadId __Xtime_diff_to_millis2 __security_check_cookie guard_check_icall xtime_get"
0042efcb,FUN_0042efcb,8,1,"try_lock"
0042efd3,FUN_0042efd3,17,1,"TryEnterCriticalSection"
0042efe4,try_lock,20,1,"___crtTryAcquireSRWLockExclusive"
0042eff8,FUN_0042eff8,12,2,"try_lock_for"
0042f004,FUN_0042f004,19,1,"TryEnterCriticalSection"
0042f017,FUN_0042f017,8,1,"try_lock"
0042f01f,FUN_0042f01f,8,1,"unlock"
0042f027,FUN_0042f027,11,1,"LeaveCriticalSection"
0042f032,FUN_0042f032,11,1,"FUN_00430d57"
0042f03d,__Mtx_clear_owner,15,1,""
0042f04c,__Mtx_destroy,26,1,"FID_conflict:_free __Mtx_destroy_in_situ"
0042f066,__Mtx_destroy_in_situ,30,1,"guard_check_icall"
0042f084,__Mtx_getconcrtcs,11,1,""
0042f08f,__Mtx_init,50,2,"__Mtx_init_in_situ __calloc_base"
0042f0c1,__Mtx_init_in_situ,33,2,"create_stl_critical_section"
0042f0e2,__Mtx_lock,17,1,"mtx_do_lock"
0042f0f3,__Mtx_reset_owner,20,1,"GetCurrentThreadId"
0042f107,__Mtx_trylock,56,1,"__security_check_cookie mtx_do_lock"
0042f13f,__Mtx_unlock,42,1,"guard_check_icall"
0042f169,FUN_0042f169,54,0,"_atexit"
0042f19f,basic_string<char,std::char_traits<char>,std::allocator<char>_>,47,2,"FUN_0042d6d0 length"
0042f1ce,_System_error,111,3,"FUN_0042d610 FUN_0042d640 _Makestr __security_check_cookie runtime_error"
0042f23d,FID_conflict:_System_error,42,2,"FUN_00405a40"
0042f267,exception,55,2,"___std_exception_copy"
0042f29e,runtime_error,42,2,"exception"
0042f2c8,FUN_0042f2c8,27,2,"FID_conflict:_System_error"
0042f2e3,system_error,78,4,"FUN_0042d640 FUN_00462e86 _System_error __EH_prolog3_GS basic_string<char,std::char_traits<char>,std::allocator<char>_>"
0042f331,operator==,40,2,""
0042f359,FUN_0042f359,35,2,"FUN_0042eb3b"
0042f37c,FUN_0042f37c,45,2,"FUN_0042eb3b ___std_exception_destroy"
0042f3a9,_Assign_rv,88,2,"FUN_00432ab0"
0042f401,_Makestr,131,2,"FUN_00405140 FUN_00405220 FUN_0042d640 FUN_00462e86 _Assign_rv __EH_prolog3_GS length message"
0042f484,_Throw_C_error,45,1,"FUN_0042f4b1"
0042f4b1,FUN_0042f4b1,52,1,"__CxxThrowException@8 system_error thunk_FUN_0042f169"
0042f4e6,FUN_0042f4e6,18,3,""
0042f4f8,equivalent,37,3,""
0042f51d,equivalent,51,3,"guard_check_icall operator=="
0042f550,thunk_FUN_0042f169,5,0,""
0042f555,message,35,2,"_Syserror_map basic_string<char,std::char_traits<char>,std::allocator<char>_>"
0042f578,message,45,1,"guard_check_icall"
0042f5a5,FUN_0042f5a5,6,0,""
0042f5ab,bad_alloc,24,1,""
0042f5c3,FUN_0042f5c3,27,2,"FUN_00405a40"
0042f5de,FUN_0042f5de,17,1,""
0042f5ef,FUN_0042f5ef,27,2,"FUN_00405a40"
0042f60a,FUN_0042f60a,33,2,"exception"
0042f62b,FUN_0042f62b,27,2,"FUN_00405a40"
0042f646,FUN_0042f646,33,2,"exception"
0042f667,FUN_0042f667,27,2,"FUN_00405a40"
0042f682,FUN_0042f682,27,2,"FUN_00405a40"
0042f69d,FUN_0042f69d,33,2,"exception"
0042f6be,FUN_0042f6be,36,2,"FUN_00405a40"
0042f6e2,regex_error,48,2,"_Stringify exception"
0042f712,FUN_0042f712,17,1,"___std_exception_destroy"
0042f723,_Stringify,130,1,""
0042f7e3,FUN_0042f7e3,28,0,"__CxxThrowException@8 bad_alloc"
0042f800,FUN_0042f800,28,0,"FUN_0042f5de __CxxThrowException@8"
0042f81d,FUN_0042f81d,31,1,"FUN_0042f646 __CxxThrowException@8"
0042f83d,FUN_0042f83d,31,1,"FUN_0042f69d __CxxThrowException@8"
0042f85d,FUN_0042f85d,31,1,"__CxxThrowException@8 regex_error"
0042f87d,FUN_0042f87d,6,0,""
0042f883,_Locimp,67,2,"operator="
0042f8c6,~_Fac_node,95,1,"guard_check_icall"
0042f925,FUN_0042f925,39,0,"FUN_0042eb3b ~_Fac_node"
0042f94c,~_Locimp,91,1,"FID_conflict:_free _Locimp_dtor"
0042f9a7,~locale,99,1,"guard_check_icall"
0042fa0a,operator=,84,2,"FID_conflict:_free FUN_00432530 FUN_004390f1"
0042fa5e,`scalar_deleting_destructor',34,2,"FUN_0042eb3b ~_Locimp"
0042fa80,_Facet_Register,46,1,"FUN_00413160"
0042faae,FUN_0042faae,6,0,""
0042fab4,_Init,142,1,"FUN_0042fd5b _Lockit _New_Locimp _Setgloballocale __EH_epilog3 __EH_prolog3 guard_check_icall operator="
0042fb42,_Locimp_dtor,117,1,"FID_conflict:_free FUN_0042fd5b _Lockit __EH_epilog3 __EH_prolog3 guard_check_icall"
0042fbb7,_Locinfo_ctor,75,2,"_setlocale operator="
0042fc02,_Locinfo_dtor,34,1,"_setlocale"
0042fc24,_New_Locimp,37,1,"FUN_00413160 _Locimp"
0042fc49,_Setgloballocale,40,1,"_Atexit"
0042fc71,__Deletegloballocale,57,1,"guard_check_icall"
0042fcaa,tidy_global,44,0,"FUN_0042fd5b _Lockit __Deletegloballocale"
0042fcd6,FUN_0042fcd6,45,1,"__Mtxinit"
0042fd03,_Lockit,49,2,"__Mtxlock __lock_locales"
0042fd34,FUN_0042fd34,39,0,"FUN_00430f4c"
0042fd5b,FUN_0042fd5b,40,1,"FUN_00430f7f ___acrt_unlock"
0042fd7a,FID_conflict:__Unlock_at_thread_exit_mutex,12,0,"__Mtxlock"
0042fd86,FID_conflict:__Unlock_at_thread_exit_mutex,12,0,"FUN_00430f7f"
0042fd92,__Getctype,107,1,"FUN_0043bf9f ____lc_codepage_func ____lc_locale_name_func ___pctype_func __calloc_base"
0042fdfd,__Tolower,250,2,"____lc_codepage_func ____lc_locale_name_func ___crtLCMapStringA ___pctype_func _isupper"
0042fef7,__Getcoll,33,0,"FUN_0043bf9f ____lc_collate_cp_func ____lc_locale_name_func"
0042ff18,__Strcoll,147,5,"____lc_collate_cp_func ____lc_locale_name_func ___crtCompareStringA __errno _memcmp"
0042ffab,__Strxfrm,172,5,"FUN_00432530 ____lc_collate_cp_func ____lc_locale_name_func ___crtLCMapStringA"
00430057,__Toupper,250,2,"____lc_codepage_func ____lc_locale_name_func ___crtLCMapStringA ___pctype_func _islower"
00430151,__Thrd_current,76,0,"CloseHandle DuplicateHandle GetCurrentProcess GetCurrentThread GetCurrentThreadId"
0043019d,FUN_0043019d,24,1,"CloseHandle"
004301b5,__Thrd_equal,16,4,""
004301c5,__Thrd_join,79,3,"CloseHandle GetExitCodeThread WaitForSingleObjectEx"
00430214,__Thrd_start,45,3,"__beginthreadex"
00430241,FID_conflict:stl_condition_variable_vista,23,1,"FUN_00430ce1"
00430258,FID_conflict:stl_condition_variable_vista,23,1,"FUN_00430ce1"
0043026f,create_stl_condition_variable,117,1,"FID_conflict:stl_condition_variable_vista FID_conflict:stl_condition_variable_vista _Condition_variable __EH_epilog3 __EH_prolog3"
004302e4,FUN_004302e4,8,1,"~_Condition_variable"
004302ec,do_wait,200,3,"__Mtx_clear_owner __Mtx_getconcrtcs __Mtx_reset_owner __Xtime_diff_to_millis2 __security_check_cookie guard_check_icall xtime_get"
004303b4,FUN_004303b4,8,1,"notify_all"
004303bc,FUN_004303bc,11,1,"FUN_00430e57"
004303c7,FUN_004303c7,8,1,"notify_one"
004303cf,FUN_004303cf,11,1,"FUN_00430e76"
004303da,wait,22,2,"wait"
004303f0,FUN_004303f0,26,2,"FUN_00439997 wait_for"
0043040b,FUN_0043040b,26,2,"FUN_00439997 wait_for"
00430426,wait_for,25,3,"wait_for"
0043043f,wait_for,35,3,"___crtSleepConditionVariableCS"
00430462,wait_for,37,3,"___crtSleepConditionVariableSRW"
00430487,__Cnd_broadcast,30,1,"guard_check_icall"
004304a5,__Cnd_destroy,26,1,"FID_conflict:_free __Cnd_destroy_in_situ"
004304bf,__Cnd_destroy_in_situ,28,1,"guard_check_icall"
004304db,__Cnd_init,46,1,"__calloc_base create_stl_condition_variable"
00430509,create_stl_condition_variable,5,1,""
0043050e,__Cnd_signal,30,1,"guard_check_icall"
0043052c,__Cnd_wait,21,2,"do_wait"
00430541,__Cnd_do_broadcast_at_thread_exit,172,0,"FID_conflict:__Unlock_at_thread_exit_mutex FID_conflict:__Unlock_at_thread_exit_mutex __Cnd_broadcast __Mtx_unlock __Thrd_current __Thrd_equal"
004305ed,__Xtime_diff_to_millis2,66,2,"xtime_diff"
0043062f,__Xtime_get_ticks,41,0,"___crtGetSystemTimePreciseAsFileTime"
00430658,xtime_diff,157,3,""
004306f5,xtime_get,71,2,"__Xtime_get_ticks __aulldvrm"
00430ae6,FUN_00430ae6,31,1,"guard_check_icall"
00430b05,___crtCloseThreadpoolTimer,33,1,"guard_check_icall"
00430b26,___crtCloseThreadpoolWait,33,1,"guard_check_icall"
00430b47,___crtCreateEventExW,69,4,"CreateEventW guard_check_icall"
00430b8c,___crtCreateSemaphoreExW,86,6,"guard_check_icall"
00430be2,___crtCreateThreadpoolTimer,43,3,"guard_check_icall"
00430c0d,___crtCreateThreadpoolWait,43,3,"guard_check_icall"
00430c38,___crtFlushProcessWriteBuffers,26,0,"guard_check_icall"
00430c52,___crtFreeLibraryWhenCallbackReturns,36,2,"guard_check_icall"
00430c76,FUN_00430c76,30,0,"guard_check_icall"
00430c94,___crtGetSystemTimePreciseAsFileTime,41,1,"GetSystemTimeAsFileTime guard_check_icall"
00430cbd,FUN_00430cbd,36,0,"GetTickCount guard_check_icall"
00430ce1,FUN_00430ce1,31,1,"guard_check_icall"
00430d00,___crtInitializeCriticalSectionEx,56,3,"InitializeCriticalSectionAndSpinCount guard_check_icall"
00430d38,FUN_00430d38,31,1,"guard_check_icall"
00430d57,FUN_00430d57,31,1,"guard_check_icall"
00430d76,___crtSetThreadpoolTimer,42,4,"guard_check_icall"
00430da0,___crtSetThreadpoolWait,39,3,"guard_check_icall"
00430dc7,___crtSleepConditionVariableCS,37,3,"guard_check_icall"
00430dec,___crtSleepConditionVariableSRW,40,4,"guard_check_icall"
00430e14,___crtTryAcquireSRWLockExclusive,31,1,"guard_check_icall"
00430e33,___crtWaitForThreadpoolTimerCallbacks,36,2,"guard_check_icall"
00430e57,FUN_00430e57,31,1,"guard_check_icall"
00430e76,FUN_00430e76,31,1,"guard_check_icall"
00430e95,_Syserror_map,37,1,""
00430eba,~_Init_atexit,100,1,"DecodePointer guard_check_icall"
00430f1e,_Atexit,46,1,"EncodePointer"
00430f4c,FUN_00430f4c,14,1,"DeleteCriticalSection"
00430f5a,__Mtxinit,23,1,"___crtInitializeCriticalSectionEx"
00430f71,__Mtxlock,14,1,"EnterCriticalSection"
00430f7f,FUN_00430f7f,14,1,"LeaveCriticalSection"
00430f8d,___crtLCMapStringA,515,9,"MultiByteToWideChar WideCharToMultiByte ___crtLCMapStringEx ___strncnt __alloca_probe_16 __freea_crt __malloc_base __security_check_cookie"
00431190,__freea_crt,30,1,"FID_conflict:_free"
004311ae,___crtCompareStringA,658,8,"GetCPInfo MultiByteToWideChar ___crtCompareStringEx ___strncnt __alloca_probe_16 __freea_crt __malloc_base __security_check_cookie"
00431440,_GetTableIndexFromLocaleName,78,1,"___wcsnicmp_ascii"
0043148e,___crtCompareStringEx,86,6,"CompareStringW ___crtDownlevelLocaleNameToLCID guard_check_icall"
004314e4,___crtDownlevelLocaleNameToLCID,42,1,"_GetTableIndexFromLocaleName"
0043150e,___crtLCMapStringEx,86,6,"LCMapStringW ___crtDownlevelLocaleNameToLCID guard_check_icall"
00431564,___wcsnicmp_ascii,115,3,""
004315e0,_memset,346,3,""
0043173a,___DestructExceptionObject,131,1,"_CallMemberFunction0 __SEH_epilog4 __SEH_prolog4 guard_check_icall"
004317ce,FUN_004317ce,27,2,"FUN_00405a40"
004317e9,FUN_004317e9,24,1,""
00431801,CallCatchBlock,165,7,"FUN_0043193c _CallCatchBlock2 __CreateFrameInfo __SEH_epilog4 __SEH_prolog4 ___vcrt_getptd"
0043193c,FUN_0043193c,129,0,"FUN_00434b6e __IsExceptionObjectToBeDestroyed ___DestructExceptionObject ___vcrt_getptd"
004319bd,FUN_004319bd,37,0,"FUN_004351e2 FUN_00439997 __EH_prolog3_catch ___vcrt_getptd"
004319dd,Catch_All@004319dd,20,0,"__CxxThrowException@8 ___vcrt_getptd"
004319f7,CatchIt,123,11,"CallCatchBlock _JumpToContinuation _UnwindNestedFrames ___BuildCatchObject ___FrameUnwindToState"
00431a72,ExFilterRethrow,74,1,"___vcrt_getptd"
00431abc,FUN_00431abc,871,8,"CatchIt FID_conflict:___TypeMatch FUN_004317e9 FUN_004319bd FUN_00431e24 FUN_00431f3f FUN_00434a1a FUN_00439997 Is_bad_exception_allowed _UnwindNestedFrames __CxxThrowException@8 ___DestructExceptionObject ___FrameUnwindToState ___vcrt_getptd"
00431e24,FUN_00431e24,282,8,"CatchIt EncodePointer FUN_00434a1a FUN_00439997 _CallSETranslator ___vcrt_getptd"
00431f3f,FUN_00431f3f,155,2,"FID_conflict:___TypeMatch FUN_00439997"
00431fdb,Is_bad_exception_allowed,63,1,"___std_type_info_compare"
0043201a,_CallMemberFunction0,7,2,""
00432021,___AdjustPointer,37,2,""
00432046,___BuildCatchObject,130,4,"_CallMemberFunction0 __SEH_epilog4 __SEH_prolog4 ___AdjustPointer ___BuildCatchObjectHelper"
004320d5,___BuildCatchObjectHelper,290,4,"FUN_00432ab0 FUN_00439997 __SEH_epilog4 __SEH_prolog4 ___AdjustPointer guard_check_icall"
00432203,___FrameUnwindFilter,69,1,"FUN_00439997 ___vcrt_getptd"
00432248,___FrameUnwindToState,164,4,"FUN_004322fc FUN_00439997 __CallSettingFrame@12 __SEH_epilog4 __SEH_prolog4 ___vcrt_getptd"
004322fc,FUN_004322fc,20,0,"___vcrt_getptd"
00432310,___InternalCxxFrameHandler,252,8,"FUN_00431abc ___FrameUnwindToState ___vcrt_getptd guard_check_icall guard_check_icall"
0043240c,FID_conflict:___TypeMatch,142,3,""
0043249a,FUN_0043249a,9,0,"___vcrt_getptd"
004324a3,FUN_004324a3,9,0,"___vcrt_getptd"
004324ac,thunk_FUN_00439997,5,0,""
004324b1,___uncaught_exception,13,0,"___vcrt_getptd"
004324be,__CxxThrowException@8,110,2,"RaiseException guard_check_icall"
00432530,FUN_00432530,1330,3,""
00432ab0,FUN_00432ab0,1330,3,""
00433024,___std_exception_copy,99,2,"FID_conflict:_free FUN_004390f1 _strcpy_s"
00433087,___std_exception_destroy,31,1,"FID_conflict:_free"
004330b0,_memchr,173,3,""
0043315d,_memcmp,5886,3,""
004348dd,_CallCatchBlock2,96,5,"__CallSettingFrame@12"
0043493d,_CallSETranslator,221,7,"___vcrt_getptd guard_check_icall"
00434a1a,FUN_00434a1a,119,5,"FUN_00439997"
00434a92,_JumpToContinuation,43,2,""
00434ac4,_UnwindNestedFrames,85,2,"RtlUnwind"
00434b19,__CatchGuardHandler,49,3,"___InternalCxxFrameHandler __security_check_cookie"
00434b4a,__CreateFrameInfo,36,2,"___vcrt_getptd"
00434b6e,FUN_00434b6e,73,1,"FUN_00439997 ___vcrt_getptd"
00434bb8,__IsExceptionObjectToBeDestroyed,38,1,"___vcrt_getptd"
00434bde,__TranslatorGuardHandler,154,3,"_CallSETranslator _UnwindNestedFrames ___InternalCxxFrameHandler __security_check_cookie"
00434c7d,FID_conflict:___CxxFrameHandler3,54,4,"___InternalCxxFrameHandler"
00434cb3,FUN_00434cb3,31,0,""
00434cd2,FUN_00434cd2,26,0,"FUN_00434cb3 _abort guard_check_icall"
00434ced,try_get_function,160,4,"GetProcAddress __crt_fast_encode_pointer<void*> try_get_module"
00434d8d,try_get_module,129,1,"FreeLibrary GetLastError LoadLibraryExW"
00434e0e,___vcrt_FlsAlloc,58,1,"guard_check_icall try_get_function"
00434e48,___vcrt_FlsFree,58,1,"TlsFree guard_check_icall try_get_function"
00434e82,___vcrt_FlsGetValue,58,1,"TlsGetValue guard_check_icall try_get_function"
00434ebc,___vcrt_FlsSetValue,61,2,"TlsSetValue guard_check_icall try_get_function"
00434ef9,___vcrt_InitializeCriticalSectionEx,70,3,"InitializeCriticalSectionAndSpinCount guard_check_icall try_get_function"
00434f3f,___vcrt_initialize_winapi_thunks,58,0,""
00434f79,___vcrt_uninitialize_winapi_thunks,50,1,"FreeLibrary"
00434fab,___vcrt_initialize,41,0,"___vcrt_initialize_locks ___vcrt_initialize_ptd ___vcrt_initialize_pure_virtual_call_handler ___vcrt_initialize_winapi_thunks ___vcrt_uninitialize_locks"
00434fd4,___vcrt_uninitialize,31,1,"___vcrt_uninitialize_locks ___vcrt_uninitialize_ptd ___vcrt_uninitialize_winapi_thunks"
00435000,_ValidateLocalCookies,50,2,"__security_check_cookie"
00435040,__except_handler4,358,3,"_EH4_CallFilterFunc _EH4_GlobalUnwind2 _EH4_LocalUnwind _EH4_TransferToHandler _ValidateLocalCookies __IsNonwritableInCurrentImage ___DestructExceptionObject guard_check_icall guard_check_icall"
004351a6,___std_type_info_compare,60,2,""
004351e2,FUN_004351e2,27,0,"FUN_00439997 ___vcrt_getptd guard_check_icall"
004351fe,FUN_004351fe,28,1,"FID_conflict:_free"
0043521a,___vcrt_getptd,14,0,"___vcrt_getptd_noexit"
00435228,___vcrt_getptd_noexit,146,0,"FID_conflict:_free GetLastError SetLastError ___vcrt_FlsGetValue ___vcrt_FlsSetValue __calloc_base"
004352ba,___vcrt_initialize_ptd,51,0,"___vcrt_FlsAlloc ___vcrt_FlsSetValue ___vcrt_uninitialize_ptd"
004352ed,___vcrt_uninitialize_ptd,27,0,"___vcrt_FlsFree"
00435310,__CallSettingFrame@12,76,3,"__NLG_Notify1"
0043535c,___vcrt_initialize_pure_virtual_call_handler,29,0,""
00435379,___vcrt_initialize_locks,60,0,"___vcrt_InitializeCriticalSectionEx ___vcrt_uninitialize_locks"
004353b5,___vcrt_uninitialize_locks,47,0,"DeleteCriticalSection"
004353f0,__local_unwind4,144,3,"FUN_00435684 __NLG_Notify"
004354ee,_EH4_CallFilterFunc,23,1,""
00435505,_EH4_TransferToHandler,25,1,"__NLG_Notify"
0043551e,_EH4_GlobalUnwind2,25,2,"RtlUnwind"
00435537,_EH4_LocalUnwind,23,4,"__local_unwind4"
00435550,__global_unwind2,32,1,"RtlUnwind"
004355b5,__local_unwind2,132,2,"FUN_00435684 __NLG_Notify"
0043565c,__NLG_Notify1,9,1,""
00435665,__NLG_Notify,31,1,""
00435684,FUN_00435684,3,0,""
00435687,___acrt_call_reportfault,315,3,"FUN_0042e923 IsDebuggerPresent SetUnhandledExceptionFilter UnhandledExceptionFilter __security_check_cookie _memset"
004357c2,FUN_004357c2,20,1,"initialize"
004357d6,FUN_004357d6,122,5,"___acrt_getptd_noexit __invoke_watson __security_check_cookie guard_check_icall"
00435851,FUN_00435851,16,0,"FUN_004357d6"
00435861,FUN_00435861,28,0,"FUN_004357d6 __invoke_watson"
0043587e,__invoke_watson,51,5,"GetCurrentProcess IsProcessorFeaturePresent TerminateProcess ___acrt_call_reportfault"
004358c0,_strlen,139,1,""
0043594b,__fclose_nolock,118,1,"FID_conflict:_free FUN_00435851 ___acrt_stdio_flush_nolock ___acrt_stdio_free_buffer_nolock __acrt_stdio_free_stream __close __errno __fileno"
004359c1,_fclose,115,1,"FUN_00435851 FUN_00435a37 __SEH_epilog4 __SEH_prolog4 __acrt_stdio_free_stream __errno __fclose_nolock __lock_file"
00435a37,FUN_00435a37,10,0,"__unlock_file"
00435a41,common_fsopen<char>,167,3,"FUN_00435851 FUN_00435aeb FUN_0043e5b9 __SEH_epilog4 __SEH_prolog4 __acrt_stdio_allocate_stream __errno"
00435aeb,FUN_00435aeb,23,0,"__acrt_stdio_free_stream __unlock_file"
00435b02,_fopen_s,71,3,"FUN_00435851 __errno common_fsopen<char>"
00435b49,LongLongSub,129,3,""
00435bca,common_fseek,122,3,"FUN_00435851 FUN_00435c47 __SEH_epilog4 __SEH_prolog4 __errno __lock_file common_fseek_nolock"
00435c47,FUN_00435c47,10,0,"__unlock_file"
00435c51,common_fseek_binary_mode_read_only_fast_track_nolock,217,3,"LongLongSub __lseeki64_nolock"
00435d2a,common_fseek_nolock,217,3,"FUN_0043636a ___acrt_stdio_flush_nolock __errno __lseeki64_nolock common_fseek_binary_mode_read_only_fast_track_nolock"
00435e03,_fseek,27,3,"common_fseek"
00435e1e,common_ftell<long>,96,1,"FUN_00435851 FUN_00435e81 __SEH_epilog4 __SEH_prolog4 __errno __lock_file common_ftell_nolock<long>"
00435e81,FUN_00435e81,10,0,"__unlock_file"
00435e8b,common_ftell_nolock<long>,43,1,"__errno common_ftell_nolock<__int64>"
00435eb6,common_ftell_nolock<__int64>,405,1,"FUN_00435851 __alldiv __errno __fileno __lseeki64 common_ftell_read_mode_nolock common_ftell_translated_utf8_nolock"
0043604b,common_ftell_read_mode_nolock,388,3,"__alldiv __fileno __lseeki64"
004361cf,common_ftell_translated_utf8_nolock,411,2,"ReadFile __alldiv __alloca_probe __fileno __lseeki64 __security_check_cookie"
0043636a,FUN_0043636a,11,0,"common_ftell_nolock<__int64>"
00436375,FUN_00436375,11,0,"common_ftell<long>"
00436380,operator()<<lambda_11b4f7b0d3157825a5656a18eba1ae27>,<lambda_b51c0495177f500e782686251704ae76>&,<lambda_cf89b47920b5017557bfe891e78aca36>_>,66,4,"FUN_004363c5 __SEH_epilog4 __SEH_prolog4 __lock_file operator()"
004363c5,FUN_004363c5,12,0,"__unlock_file"
004363d1,__acrt_lock_stream_and_call<<lambda_b51c0495177f500e782686251704ae76>_>,40,2,"operator()<<lambda_11b4f7b0d3157825a5656a18eba1ae27>,<lambda_b51c0495177f500e782686251704ae76>&,<lambda_cf89b47920b5017557bfe891e78aca36>_>"
004363f9,operator(),70,1,"___acrt_stdio_begin_temporary_buffering_nolock ___acrt_stdio_end_temporary_buffering_nolock __fwrite_nolock"
0043643f,__fwrite_nolock,377,4,"FUN_00432530 FUN_00435851 FUN_0043fc6c ___acrt_stdio_flush_nolock __errno __fileno __write"
004365b8,_fwrite,88,4,"FUN_00435851 __acrt_lock_stream_and_call<<lambda_b51c0495177f500e782686251704ae76>_> __errno"
00436610,__fputc_nolock,41,2,"FUN_0043fc6c"
00436639,_fputc,246,2,"FUN_00435851 FUN_00436735 __SEH_epilog4 __SEH_prolog4 __errno __fileno __fputc_nolock __local_unwind4 __lock_file"
00436735,FUN_00436735,8,0,"__unlock_file"
0043673d,___acrt_stdio_flush_nolock,102,1,"__fileno __write"
004367a3,__fflush_nolock,71,1,"___acrt_stdio_flush_nolock __commit __fileno common_flush_all"
004367ea,FUN_004367ea,9,0,"common_flush_all"
004367f3,common_flush_all,188,1,"FUN_00436898 FUN_004368c2 __SEH_epilog4 __SEH_prolog4 ___acrt_lock __fflush_nolock __lock_file"
00436898,FUN_00436898,10,0,"__unlock_file"
004368c2,FUN_004368c2,9,0,"___acrt_unlock"
004368cb,_fflush,75,1,"FUN_0043691c __SEH_epilog4 __SEH_prolog4 __fflush_nolock __lock_file common_flush_all"
0043691c,FUN_0043691c,8,0,"__unlock_file"
00436924,_strcpy_s,90,3,"FUN_00435851 __errno"
00436980,_strcmp,133,2,""
00436a0c,is_overflow_condition<unsigned_long>,51,2,""
00436a3f,parse_integer<unsigned_long,__crt_strtox::c_string_character_source<char>_>,552,4,"FUN_00435851 _LocaleUpdate __errno __ischartype_l is_overflow_condition<unsigned_long> unget validate"
00436c67,parse_integer<unsigned_long,__crt_strtox::c_string_character_source<wchar_t>_>,1765,4,"FUN_00435851 _LocaleUpdate __errno _iswctype is_overflow_condition<unsigned_long> unget validate"
0043734c,_LocaleUpdate,131,2,"FUN_0043dd3a ___acrt_update_locale_info ___acrt_update_multibyte_info"
004373cf,unget,40,2,"FUN_00435851 __errno"
004373f7,unget,44,2,"FUN_00435851 __errno"
00437423,__chvalidchk_l,42,3,"___pctype_func"
0043744d,__ischartype_l,51,3,"__chvalidchk_l __isctype_l"
00437480,__wtol,42,1,"make_c_string_character_source<> parse_integer<unsigned_long,__crt_strtox::c_string_character_source<wchar_t>_>"
004374aa,FID_conflict:_atoi,42,1,"make_c_string_character_source<> parse_integer<unsigned_long,__crt_strtox::c_string_character_source<char>_>"
004374d4,FUN_004374d4,33,0,"FUN_0043dd3a"
004374f5,FUN_004374f5,18,1,"FUN_0043dd3a"
00437507,operator()<>,66,2,"FUN_0043754c __SEH_epilog4 __SEH_prolog4 __lock_file operator()"
0043754c,FUN_0043754c,12,0,"__unlock_file"
00437558,__acrt_lock_stream_and_call<>,40,2,"operator()<>"
00437580,common_vsprintf<__crt_stdio_output::standard_base,char>,380,6,"FUN_00435851 _LocaleUpdate __errno __security_check_cookie output_processor<> process ~formatting_buffer"
004376fc,count<char>,24,1,""
00437714,ensure_buffer_is_big_enough<char>,134,2,"FID_conflict:_free __errno __malloc_base operator="
0043779a,is_wide_character_specifier<char>,64,3,""
004377da,scratch_data<char>,30,1,"count<char>"
004377f8,type_case_integer_parse_into_buffer<>,117,4,"count<char>"
0043786d,type_case_integer_parse_into_buffer<>,136,4,"__aulldvrm count<char>"
004378f5,write_multiple_characters<__crt_stdio_output::stream_output_adapter<char>,char>,44,4,"write_character"
00437921,write_multiple_characters<__crt_stdio_output::string_output_adapter<char>,char>,44,4,"write_character"
0043794d,common_data<char>,71,1,""
00437994,output_adapter_data<>,60,7,"common_data<char>"
004379d0,output_processor<>,53,7,"__errno output_adapter_data<>"
00437a05,~formatting_buffer,26,1,"FID_conflict:_free"
00437a1f,operator=,36,2,"FID_conflict:_free"
00437a43,operator(),189,1,"_LocaleUpdate ___acrt_stdio_begin_temporary_buffering_nolock ___acrt_stdio_end_temporary_buffering_nolock __security_check_cookie output_processor<> process ~formatting_buffer"
00437b00,crop_zeroes,87,2,""
00437b57,find_next_state,50,2,""
00437b89,force_decimal_point,92,2,"_isdigit _tolower"
00437be5,parse_int_from_format_string,92,2,"_strtol"
00437c41,process,249,1,"FUN_00435851 __errno find_next_state state_case_flag state_case_normal state_case_precision state_case_size state_case_type state_case_width validate"
00437d5d,process,249,1,"FUN_00435851 __errno find_next_state state_case_flag state_case_normal state_case_precision state_case_size state_case_type state_case_width validate"
00437e79,state_case_flag,61,1,""
00437eb6,state_case_normal,31,1,"FUN_00435851 __errno state_case_normal_common"
00437ed5,state_case_normal,31,1,"FUN_00435851 __errno state_case_normal_common"
00437ef4,state_case_normal_common,42,1,"state_case_normal_tchar write_character"
00437f1e,state_case_normal_common,42,1,"state_case_normal_tchar write_character"
00437f48,state_case_normal_tchar,97,1,"FUN_00435851 __errno write_character"
00437fa9,state_case_normal_tchar,97,1,"FUN_00435851 __errno write_character"
0043800a,state_case_precision,40,1,"parse_int_from_format_string"
00438032,state_case_size,361,1,"FUN_00435851 __errno state_case_type"
0043819b,state_case_size,361,1,"FUN_00435851 __errno state_case_type"
00438304,state_case_type,559,1,"type_case_Z type_case_a type_case_c_tchar type_case_integer type_case_n type_case_o type_case_p type_case_s write_multiple_characters<__crt_stdio_output::stream_output_adapter<char>,char> write_stored_string_tchar write_string"
00438533,state_case_type,559,1,"type_case_Z type_case_a type_case_c_tchar type_case_integer type_case_n type_case_o type_case_p type_case_s write_multiple_characters<__crt_stdio_output::string_output_adapter<char>,char> write_stored_string_tchar write_string"
00438762,state_case_width,43,1,"parse_int_from_format_string"
0043878d,to_integer_size,42,1,""
004387e9,type_case_Z,99,1,"is_wide_character_specifier<char>"
0043884c,type_case_a,346,1,"___acrt_fp_format count<char> crop_zeroes ensure_buffer_is_big_enough<char> force_decimal_point scratch_data<char>"
004389a6,type_case_c_tchar,144,1,"_wctomb_s count<char> is_wide_character_specifier<char>"
00438a36,type_case_integer,330,3,"FUN_00435851 __errno to_integer_size type_case_integer_parse_into_buffer<> type_case_integer_parse_into_buffer<>"
00438b80,type_case_n,116,1,"FUN_00435851 __errno __get_printf_count_output to_integer_size"
00438bf4,type_case_o,31,1,"type_case_integer"
00438c13,type_case_p,24,1,"type_case_integer"
00438c2b,type_case_s,115,1,"FUN_0043d36c FUN_0043d493 is_wide_character_specifier<char>"
00438c9e,validate,33,1,"FUN_00435851 __errno validate_stream_is_ansi_if_required"
00438cbf,validate,27,1,"FUN_00435851 __errno"
00438cda,validate_stream_is_ansi_if_required,130,1,"FUN_00435851 __errno __fileno"
00438d5c,write_character,61,3,"__fputc_nolock"
00438d99,write_character,66,3,""
00438ddb,write_stored_string_tchar,167,1,"__security_check_cookie _wctomb_s write_string"
00438e82,write_stored_string_tchar,167,1,"__security_check_cookie _wctomb_s write_string"
00438f29,write_string,138,5,"write_character"
00438fb3,write_string,147,5,"FUN_00432530"
00439046,FID_conflict:___stdio_common_vfprintf,119,6,"FUN_00435851 __acrt_lock_stream_and_call<> __errno"
004390bd,___stdio_common_vsprintf,36,7,"common_vsprintf<__crt_stdio_output::standard_base,char>"
004390e1,FID_conflict:_free,5,1,""
004390e6,FUN_004390e6,11,2,"__realloc_base"
004390f1,FUN_004390f1,11,1,"__malloc_base"
004390fc,common_splitpath_internal<char,<lambda_82581ac4411d2529ce4765e49c5913cb>,<lambda_34526c8027b87605ed7de08831b1b883>_>,469,4,"FUN_00435851 FUN_00440e51 __errno reset_buffers<>"
004392d1,reset_buffers<>,47,1,""
00439300,__splitpath_s,81,9,"common_splitpath_internal<char,<lambda_82581ac4411d2529ce4765e49c5913cb>,<lambda_34526c8027b87605ed7de08831b1b883>_>"
00439351,common_timespec_get<_timespec64>,127,2,"FUN_00435851 ___acrt_GetSystemTimePreciseAsFileTime@4 __alldvrm __errno"
004393d0,FID_conflict:__time64,66,1,"common_timespec_get<_timespec64>"
00439412,FUN_00439412,649,2,"FUN_00435851 FUN_0044181c FUN_00441848 FUN_00441874 FUN_00441acb ___tzset __alldiv __allrem __errno __invoke_watson __isindst"
0043969c,FUN_0043969c,11,2,"FUN_00439412"
004396a7,__crt_fast_encode_pointer<>,31,1,""
004396c6,atexit_exception_filter,19,1,""
004396d9,common_exit,261,3,"FUN_004397e3 FUN_004634d9 __SEH_prolog4_GS ___acrt_lock ___scrt_is_managed_app __execute_onexit_table __initterm atexit_exception_filter exit_or_terminate_process guard_check_icall try_cor_exit_process"
004397e3,FUN_004397e3,9,0,"___acrt_unlock"
004397f2,exit_or_terminate_process,64,1,"ExitProcess GetCurrentProcess TerminateProcess ___acrt_is_packaged_app try_cor_exit_process"
00439833,try_cor_exit_process,106,1,"FreeLibrary GetModuleHandleExW GetProcAddress __security_check_cookie guard_check_icall"
0043989d,FUN_0043989d,15,1,""
004398bb,__cexit,15,0,"common_exit"
004398ca,__exit,22,1,"common_exit"
004398e0,__register_thread_local_exe_atexit_callback,56,1,"__crt_fast_encode_pointer<>"
00439918,_exit,22,1,"common_exit"
0043992e,_strcat_s,105,3,"FUN_00435851 __errno"
00439997,FUN_00439997,52,0,"FUN_0043dd3a __SEH_prolog4_GS _abort guard_check_icall"
004399d3,__seh_filter_exe,371,2,"___acrt_getptd_noexit __security_check_cookie guard_check_icall"
00439b46,common_configure_argv<char>,292,1,"FID_conflict:_free FUN_00435851 FUN_0044275b GetModuleFileNameA ___acrt_allocate_buffer_for_argv ___acrt_initialize_multibyte __errno parse_command_line<char>"
00439c6a,parse_command_line<char>,373,5,"__ismbblead"
00439ddf,___acrt_allocate_buffer_for_argv,85,3,"FID_conflict:_free __calloc_base"
00439e34,FUN_00439e34,11,1,"common_configure_argv<char>"
00439e3f,common_get_or_create_environment_nolock<char>,47,0,"common_initialize_environment_nolock<char> initialize_environment_by_cloning_nolock<char>"
00439e6e,common_initialize_environment_nolock<char>,89,0,"FID_conflict:_free FUN_00439ec7 ___acrt_initialize_multibyte ___dcrt_get_narrow_environment_from_os initialize"
00439ec7,FUN_00439ec7,208,1,"FID_conflict:_free __calloc_base __invoke_watson _strcpy_s free_environment<>"
00439f98,free_environment<>,47,1,"FID_conflict:_free"
00439fc7,initialize_environment_by_cloning_nolock<char>,127,0,"FID_conflict:_free FUN_00443304 WideCharToMultiByte __calloc_base"
0043a046,uninitialize<>,64,2,"__security_check_cookie guard_check_icall"
0043a086,uninitialize_environment_internal<>,27,1,"free_environment<>"
0043a0a1,uninitialize_environment_internal<>,27,1,"free_environment<>"
0043a0bc,common_get_or_create_environment_nolock<char>,5,0,""
0043a0c1,FUN_0043a0c1,55,0,"free_environment<> uninitialize<>"
0043a0f8,common_initialize_environment_nolock<char>,5,0,""
0043a0fd,operator()<<lambda_800076c951b434888f4765a74a194fcc>,<lambda_4e60a939b0d047cfe11ddc22648dfba9>&,<lambda_6dbb1268764f43b569ce7b67e331d33a>_>,66,4,"FUN_0043a142 __SEH_epilog4 __SEH_prolog4 ___acrt_lock operator()"
0043a142,FUN_0043a142,12,0,"___acrt_unlock"
0043a14e,operator()<<lambda_995298e7d72eb4c2aab26c0585b3abe5>,<lambda_275893d493268fdec8709772e3fcec0e>&,<lambda_293819299cbf9a7022e18b56a874bb5c>_>,66,4,"FUN_0043a193 __SEH_epilog4 __SEH_prolog4 ___acrt_lock operator()"
0043a193,FUN_0043a193,12,0,"___acrt_unlock"
0043a19f,__acrt_lock_and_call<<lambda_275893d493268fdec8709772e3fcec0e>_>,40,2,"operator()<<lambda_995298e7d72eb4c2aab26c0585b3abe5>,<lambda_275893d493268fdec8709772e3fcec0e>&,<lambda_293819299cbf9a7022e18b56a874bb5c>_>"
0043a1c7,__acrt_lock_and_call<<lambda_4e60a939b0d047cfe11ddc22648dfba9>_>,40,2,"operator()<<lambda_800076c951b434888f4765a74a194fcc>,<lambda_4e60a939b0d047cfe11ddc22648dfba9>&,<lambda_6dbb1268764f43b569ce7b67e331d33a>_>"
0043a1ef,operator(),288,1,"FID_conflict:_free __security_check_cookie guard_check_icall"
0043a30f,operator(),321,1,"FID_conflict:_free FUN_0044330f __crt_fast_encode_pointer<> __crt_fast_encode_pointer<void*>"
0043a450,__crt_atexit,22,0,"__register_onexit_function"
0043a466,__execute_onexit_table,29,0,"__acrt_lock_and_call<<lambda_275893d493268fdec8709772e3fcec0e>_>"
0043a483,__initialize_onexit_table,61,1,""
0043a4c0,__register_onexit_function,36,0,"__acrt_lock_and_call<<lambda_4e60a939b0d047cfe11ddc22648dfba9>_>"
0043a5d5,initialize,49,2,""
0043a606,___acrt_initialize,18,0,"___acrt_execute_initializers"
0043a618,___acrt_uninitialize,18,0,"___acrt_execute_uninitializers"
0043a62a,FUN_0043a62a,6,0,""
0043a630,FUN_0043a630,15,1,""
0043a63f,___acrt_has_user_matherr,25,0,""
0043a658,FUN_0043a658,20,1,"initialize"
0043a66c,___acrt_invoke_user_matherr,73,1,"__security_check_cookie guard_check_icall"
0043a6b5,___setusermatherr,21,1,"__crt_fast_encode_pointer<>"
0043a6ca,__get_narrow_winmain_command_line,83,0,"___acrt_initialize_multibyte __ismbblead"
0043a71d,__initterm,92,2,"__security_check_cookie guard_check_icall"
0043a779,__initterm_e,69,2,"__security_check_cookie guard_check_icall"
0043a7be,FUN_0043a7be,44,1,"FUN_00435851 __errno"
0043a7ea,__set_fmode,61,1,"FUN_00435851 __errno"
0043a827,__setmode_nolock,209,2,""
0043a8f8,operator()<<lambda_70818de7b02deff9841e8b0962a60ed9>,<lambda_2af78c5f5901b1372d98f9ab3177dfa6>&,<lambda_f51fe5fd7c79a33db34fc9310f277369>&>,44,4,"FUN_0043a924 __SEH_epilog4 __SEH_prolog4 operator()"
0043a924,FUN_0043a924,15,0,""
0043a933,operator()<>,55,2,"FID_conflict:operator() FUN_0043a96a __SEH_epilog4 __SEH_prolog4 ___acrt_lock"
0043a96a,FUN_0043a96a,12,0,"___acrt_unlock"
0043a976,__acrt_lock_and_call<<lambda_e378711a6f6581bf7f0efd7cdf97f5d9>_>,40,2,"operator()<>"
0043a99e,operator(),92,1,"FID_conflict:_free __acrt_lock_and_call<<lambda_e378711a6f6581bf7f0efd7cdf97f5d9>_> __calloc_base"
0043a9fa,FID_conflict:operator(),254,1,"FUN_0043b3bc ___acrt_free_locale ___acrt_release_locale_ref __copytlocinfo_nolock __updatetlocinfoEx_nolock"
0043aaf8,FUN_0043aaf8,101,1,"FUN_0043d493 FUN_00440d95 __invoke_watson __malloc_base"
0043ab5e,___acrt_set_locale_changed,11,0,""
0043abb2,FUN_0043abb2,9,0,"___acrt_unlock"
0043abbb,FUN_0043abbb,111,3,"FUN_0043b162 __invoke_watson _wcscpy_s"
0043ac2b,FUN_0043ac2b,302,2,"FUN_00440d95 __invoke_watson _memset _wcscspn"
0043ad5a,__configthreadlocale,98,1,"FUN_00435851 FUN_0043dd3a __errno"
0043adbc,__copytlocinfo_nolock,47,2,"___acrt_add_locale_ref"
0043adeb,FUN_0043adeb,886,6,"FUN_0043abbb FUN_0043ac2b FUN_0043dd3a FUN_00440d95 FUN_004416de FUN_004454e4 GetACP ___acrt_GetLocaleInfoEx@16 ___acrt_IsValidLocaleName@4 ___acrt_get_qualified_locale_downlevel __invoke_watson __security_check_cookie _wcscpy_s"
0043b162,FUN_0043b162,64,3,"__invoke_watson _wcscat_s"
0043b1a3,__wsetlocale,128,2,"FUN_00435851 FUN_0043dd3a FUN_00444d1f __errno operator()<<lambda_70818de7b02deff9841e8b0962a60ed9>,<lambda_2af78c5f5901b1372d98f9ab3177dfa6>&,<lambda_f51fe5fd7c79a33db34fc9310f277369>&>"
0043b223,FUN_0043b223,408,1,"FID_conflict:_free FUN_0043b162 __invoke_watson __malloc_base _wcscat_s"
0043b3bc,FUN_0043b3bc,740,3,"FUN_0043adeb FUN_0043b223 FUN_0043b6a1 FUN_00440d95 ___report_rangecheckfailure __invoke_watson __security_check_cookie _wcscspn _wcsncmp _wcspbrk"
0043b6a1,FUN_0043b6a1,971,3,"FID_conflict:_free FUN_0043aaf8 FUN_0043adeb FUN_0043dd3a ___acrt_GetStringTypeA __invoke_watson __malloc_base __security_check_cookie _memcmp _wcscpy_s guard_check_icall"
0043ba6d,FUN_0043ba6d,6,0,""
0043ba73,__set_new_mode,47,1,"FUN_00435851 __errno"
0043baa2,FUN_0043baa2,6,0,""
0043baa8,__controlfp_s,95,3,"FUN_00435851 __control87 __errno"
0043bb07,__calloc_base,93,2,"FUN_0043ba6d HeapAlloc __callnewh __errno"
0043bb64,FID_conflict:_free,58,1,"FID_conflict:___acrt_errno_from_os_error GetLastError HeapFree __errno"
0043bb9e,FUN_0043bb9e,156,2,"FID_conflict:_free __calloc_base __invoke_watson __wsetlocale _mbstowcs_s"
0043bc3b,_setlocale,337,2,"FID_conflict:_free FUN_0043bb9e FUN_0043bd8f FUN_0043dd3a __SEH_epilog4 __SEH_prolog4 ___acrt_lock __invoke_watson __malloc_base __wcstombs_s_l"
0043bd8f,FUN_0043bd8f,9,0,"___acrt_unlock"
0043bdd9,___acrt_lock,23,1,"EnterCriticalSection"
0043bdf0,FUN_0043bdf0,49,0,"DeleteCriticalSection"
0043be21,___acrt_unlock,23,1,"LeaveCriticalSection"
0043be38,__lock_locales,9,0,"___acrt_lock"
0043be4a,___pctype_func,38,0,"FUN_0043dd3a ___acrt_update_locale_info"
0043be70,__isdigit_l,56,2,"_LocaleUpdate __ischartype_l"
0043bea8,__islower_l,56,2,"_LocaleUpdate __ischartype_l"
0043bee0,__isupper_l,56,2,"_LocaleUpdate __ischartype_l"
0043bf18,_isdigit,45,1,"__isdigit_l"
0043bf45,_islower,45,1,"__islower_l"
0043bf72,_isupper,45,1,"__isupper_l"
0043bf9f,FUN_0043bf9f,96,1,"FUN_004390f1 __invoke_watson _wcscpy_s"
0043c000,____lc_codepage_func,39,0,"FUN_0043dd3a ___acrt_update_locale_info"
0043c027,____lc_collate_cp_func,39,0,"FUN_0043dd3a ___acrt_update_locale_info"
0043c04e,____lc_locale_name_func,41,0,"FUN_0043dd3a ___acrt_update_locale_info"
0043c077,___acrt_locale_initialize_ctype,926,1,"FID_conflict:_free FUN_00446990 GetCPInfo ___acrt_GetStringTypeA ___acrt_LCMapStringA __calloc_base __security_check_cookie"
0043c415,FID_conflict:___acrt_errno_from_os_error,67,1,""
0043c458,___acrt_errno_map_os_error,35,1,"FID_conflict:___acrt_errno_from_os_error ___doserrno __errno"
0043c47b,___doserrno,19,0,"___acrt_getptd_noexit"
0043c48e,__errno,19,0,"___acrt_getptd_noexit"
0043c4a1,_abort,67,0,"IsProcessorFeaturePresent ___acrt_call_reportfault ___acrt_get_sigabrt_handler __exit _raise"
0043c5ac,___acrt_iob_func,16,1,""
0043c608,__lock_file,20,1,"EnterCriticalSection"
0043c61c,__unlock_file,20,1,"LeaveCriticalSection"
0043c6ad,operator(),55,2,"CloseHandle FID_conflict:_free FreeLibrary"
0043c6e4,common_end_thread,86,1,"CloseHandle ExitThread FreeLibraryAndExitThread ___acrt_RoUninitialize@0 ___acrt_getptd_noexit"
0043c73b,create_thread_parameter,73,2,"FID_conflict:_free GetModuleHandleExW __calloc_base operator()"
0043c784,__beginthreadex,133,6,"CreateThread FUN_00435851 GetLastError ___acrt_errno_map_os_error __errno create_thread_parameter operator()"
0043c809,__endthreadex,14,1,"common_end_thread"
0043c817,__malloc_base,78,1,"FUN_0043ba6d HeapAlloc __callnewh __errno"
0043c865,__realloc_base,105,2,"FID_conflict:_free FUN_0043ba6d HeapReAlloc __callnewh __errno __malloc_base"
0043c8ce,make_c_string_character_source<>,27,3,""
0043c8f0,divide,1192,2,"__allmul __allshl __aulldvrm _memcpy_s"
0043cda0,_strcspn,70,2,""
0043d089,___strncnt,28,2,""
0043d0a5,x_ismbbtype_l,89,4,"_LocaleUpdate"
0043d0fe,__ismbblead,24,1,"x_ismbbtype_l"
0043d116,__crt_time_is_leap_year<int>,65,1,""
0043d157,common_tox_l<&bool___cdecl_internal_isupper_l(int,struct___crt_locale_pointers*_const),&int___cdecl_internal_map_lower(int,struct___crt_locale_pointers*_const)>,330,3,"_LocaleUpdate ___acrt_LCMapStringA __errno __isleadbyte_l internal_isupper_l"
0043d2a1,internal_isupper_l,29,2,"__ischartype_l"
0043d2be,__tolower_l,26,2,"common_tox_l<&bool___cdecl_internal_isupper_l(int,struct___crt_locale_pointers*_const),&int___cdecl_internal_map_lower(int,struct___crt_locale_pointers*_const)>"
0043d2d8,_tolower,48,1,"__tolower_l"
0043d308,_wcscpy_s,100,3,"FUN_00435851 __errno"
0043d36c,FUN_0043d36c,295,2,""
0043d493,FUN_0043d493,439,2,""
0043d64a,_mbstowcs_l_helper,377,4,"FUN_00435851 GetLastError MultiByteToWideChar _LocaleUpdate __errno __isleadbyte_l"
0043d7c3,__mbstowcs_s_l,227,6,"FUN_00435851 _LocaleUpdate __errno _mbstowcs_l_helper"
0043d8a6,_mbstowcs_s,32,5,"__mbstowcs_s_l"
0043d8d0,_strcpy,138,2,""
0043d9c8,operator()<>,68,2,"FUN_0043da0c __SEH_epilog4 __SEH_prolog4 ___acrt_lock replace_current_thread_locale_nolock"
0043da0c,FUN_0043da0c,12,0,"___acrt_unlock"
0043da18,operator()<>,85,2,"FID_conflict:_free FUN_0043da6d __SEH_epilog4 __SEH_prolog4 ___acrt_lock"
0043da6d,FUN_0043da6d,12,0,"___acrt_unlock"
0043da79,operator()<>,63,2,"FUN_0043dab8 __SEH_epilog4 __SEH_prolog4 ___acrt_lock replace_current_thread_locale_nolock"
0043dab8,FUN_0043dab8,12,0,"___acrt_unlock"
0043dac4,operator()<>,60,2,"FUN_0043db00 __SEH_epilog4 __SEH_prolog4 ___acrt_lock"
0043db00,FUN_0043db00,12,0,"___acrt_unlock"
0043db0c,__acrt_lock_and_call<<lambda_6250bd4b2a391816dd638c3bf72b0bcb>_>,40,2,"operator()<>"
0043db34,__acrt_lock_and_call<<lambda_b2ea41f6bbb362cd97d94c6828d90b61>_>,40,2,"operator()<>"
0043db5c,__acrt_lock_and_call<<lambda_be2b3da3f62db62e9dad5dc70221a656>_>,40,2,"operator()<>"
0043db84,__acrt_lock_and_call<<lambda_e69574bed617af4e071282c136b37893>_>,40,2,"operator()<>"
0043dbac,construct_ptd,121,2,"__acrt_lock_and_call<<lambda_b2ea41f6bbb362cd97d94c6828d90b61>_> __acrt_lock_and_call<<lambda_e69574bed617af4e071282c136b37893>_>"
0043dc25,destroy_fls,33,1,"FID_conflict:_free destroy_ptd"
0043dc46,destroy_ptd,169,1,"FID_conflict:_free __acrt_lock_and_call<<lambda_6250bd4b2a391816dd638c3bf72b0bcb>_> __acrt_lock_and_call<<lambda_be2b3da3f62db62e9dad5dc70221a656>_>"
0043dcef,replace_current_thread_locale_nolock,75,2,"___acrt_add_locale_ref ___acrt_free_locale ___acrt_release_locale_ref"
0043dd3a,FUN_0043dd3a,131,0,"FID_conflict:_free GetLastError SetLastError ___acrt_FlsGetValue@4 ___acrt_FlsSetValue@8 __calloc_base _abort construct_ptd"
0043ddbe,___acrt_getptd_noexit,133,0,"FID_conflict:_free GetLastError SetLastError ___acrt_FlsGetValue@4 ___acrt_FlsSetValue@8 __calloc_base construct_ptd"
0043de6f,FUN_0043de6f,26,0,"___acrt_FlsFree@4"
0043de89,operator()<<lambda_123407a5e2ac06da108355a851863b7a>,<lambda_2fe9b910cf3cbf4a0ab98a02ba45b3ec>&,<lambda_ae55bdf541ad94d75914d381c370e64d>_>,115,4,"FUN_0043deff __SEH_epilog4 __SEH_prolog4 ___acrt_lowio_lock_fh __close_nolock __errno"
0043deff,FUN_0043deff,12,0,"___acrt_lowio_unlock_fh"
0043df0b,__acrt_lowio_lock_fh_and_call<<lambda_2fe9b910cf3cbf4a0ab98a02ba45b3ec>_>,40,2,"operator()<<lambda_123407a5e2ac06da108355a851863b7a>,<lambda_2fe9b910cf3cbf4a0ab98a02ba45b3ec>&,<lambda_ae55bdf541ad94d75914d381c370e64d>_>"
0043df33,__close,127,1,"FUN_00435851 ___doserrno __acrt_lowio_lock_fh_and_call<<lambda_2fe9b910cf3cbf4a0ab98a02ba45b3ec>_> __errno"
0043dfb2,__close_nolock,156,1,"CloseHandle GetLastError ___acrt_errno_map_os_error __free_osfhnd __get_osfhandle"
0043e04e,__fileno,38,1,"FUN_00435851 __errno"
0043e074,__acrt_stdio_allocate_stream,83,0,"FUN_0043e0ca __SEH_epilog4 __SEH_prolog4 ___acrt_lock find_or_allocate_unused_stream_nolock"
0043e0ca,FUN_0043e0ca,9,0,"___acrt_unlock"
0043e0d3,__acrt_stdio_free_stream,59,1,""
0043e10e,find_or_allocate_unused_stream_nolock,195,0,"FID_conflict:_free ___acrt_InitializeCriticalSectionEx@12 __calloc_base __lock_file __unlock_file"
0043e1d1,___acrt_stdio_free_buffer_nolock,62,1,"FID_conflict:_free"
0043e20f,__acrt_stdio_parse_mode<char>,562,1,"FID_conflict:__acrt_stdio_parse_mode_b FID_conflict:__acrt_stdio_parse_mode_b FUN_00435851 __acrt_stdio_parse_mode_D __acrt_stdio_parse_mode_T __acrt_stdio_parse_mode_c __acrt_stdio_parse_mode_n __acrt_stdio_parse_mode_plus __errno __strnicmp _strncmp"
0043e441,common_openfile<char>,133,4,"FID_conflict:__sopen_s __acrt_stdio_parse_mode<char>"
0043e4c6,__acrt_stdio_parse_mode_D,27,1,""
0043e4e1,__acrt_stdio_parse_mode_T,31,1,""
0043e500,FID_conflict:__acrt_stdio_parse_mode_b,32,1,""
0043e520,__acrt_stdio_parse_mode_c,34,2,""
0043e542,__acrt_stdio_parse_mode_n,34,2,""
0043e564,__acrt_stdio_parse_mode_plus,53,2,""
0043e599,FID_conflict:__acrt_stdio_parse_mode_b,32,1,""
0043e5b9,FUN_0043e5b9,11,0,"common_openfile<char>"
0043e5c4,common_lseek<__int64>,244,3,"FUN_00435851 FUN_0043e69c __SEH_epilog4 __SEH_prolog4 ___acrt_lowio_lock_fh ___doserrno __errno common_lseek_nolock<__int64>"
0043e69c,FUN_0043e69c,8,0,"___acrt_lowio_unlock_fh"
0043e6c9,common_lseek_nolock<__int64>,126,3,"GetLastError SetFilePointerEx ___acrt_errno_map_os_error __errno __get_osfhandle"
0043e747,__lseeki64,27,3,"common_lseek<__int64>"
0043e762,__lseeki64_nolock,27,3,"common_lseek_nolock<__int64>"
0043e77d,initialize_inherited_file_handles_nolock,182,0,"GetFileType GetStartupInfoW ___acrt_lowio_ensure_fh_exists"
0043e833,FUN_0043e833,182,0,"GetFileType GetStdHandle"
0043e936,FUN_0043e936,9,0,"___acrt_unlock"
0043e96b,translate_text_mode_nolock<char>,343,3,"ReadFile __lseeki64_nolock"
0043eac2,translate_text_mode_nolock<wchar_t>,448,3,"ReadFile __lseeki64_nolock"
0043ec82,translate_ansi_or_utf8_nolock,336,5,"GetLastError MultiByteToWideChar ___acrt_errno_map_os_error __errno __lseeki64_nolock translate_text_mode_nolock<char>"
0043edd2,translate_utf16_from_console_nolock,129,3,""
0043ee53,__read_nolock,949,3,"FID_conflict:_free FUN_00435851 GetConsoleMode GetLastError ReadConsoleW ReadFile ___acrt_errno_map_os_error ___doserrno __errno __isatty __lseeki64_nolock __malloc_base translate_ansi_or_utf8_nolock translate_text_mode_nolock<wchar_t> translate_utf16_from_console_nolock"
0043f208,write_double_translated_ansi_nolock,435,3,"GetConsoleCP GetLastError WideCharToMultiByte WriteFile ___pctype_func __security_check_cookie _mbtowc"
0043f3bb,write_double_translated_unicode_nolock,109,2,"GetLastError __putwch_nolock"
0043f428,write_requires_double_translation_nolock,118,1,"FUN_0043dd3a GetConsoleMode __isatty"
0043f49e,write_text_ansi_nolock,223,3,"GetLastError WriteFile __alloca_probe __security_check_cookie"
0043f57d,write_text_utf16le_nolock,238,3,"GetLastError WriteFile __alloca_probe __security_check_cookie"
0043f66b,write_text_utf8_nolock,301,3,"GetLastError WideCharToMultiByte WriteFile __alloca_probe __security_check_cookie"
0043f798,__write,221,3,"FUN_00435851 FUN_0043f85a __SEH_epilog4 __SEH_prolog4 ___acrt_lowio_lock_fh ___doserrno __errno __write_nolock"
0043f85a,FUN_0043f85a,8,0,"___acrt_lowio_unlock_fh"
0043f883,__write_nolock,524,3,"FUN_00435851 GetLastError WriteFile ___acrt_errno_map_os_error ___doserrno __errno __lseeki64_nolock __security_check_cookie write_double_translated_ansi_nolock write_double_translated_unicode_nolock write_requires_double_translation_nolock write_text_ansi_nolock write_text_utf16le_nolock write_text_utf8_nolock"
0043fa8f,common_flush_and_write_nolock<char>,273,2,"___acrt_iob_func ___acrt_stdio_allocate_buffer_nolock __errno __fileno __isatty write_buffer_nolock<char>"
0043fba0,write_buffer_nolock<char>,204,2,"__fileno __lseeki64 __write"
0043fc6c,FUN_0043fc6c,11,0,"common_flush_and_write_nolock<char>"
0043fc77,___acrt_stdio_begin_temporary_buffering_nolock,181,1,"FID_conflict:_free ___acrt_iob_func __fileno __isatty __malloc_base"
0043fd2c,___acrt_stdio_end_temporary_buffering_nolock,57,2,"___acrt_stdio_flush_nolock"
0043fd65,operator()<<lambda_61cee617f5178ae960314fd4d05640a0>,<lambda_6978c1fb23f02e42e1d9e99668cc68aa>&,<lambda_9cd88cf8ad10232537feb2133f08c833>_>,137,4,"FUN_0043fdf1 FlushFileBuffers GetLastError __SEH_epilog4 __SEH_prolog4 ___acrt_lowio_lock_fh ___doserrno __errno __get_osfhandle"
0043fdf1,FUN_0043fdf1,12,0,"___acrt_lowio_unlock_fh"
0043fdfd,__acrt_lowio_lock_fh_and_call<<lambda_6978c1fb23f02e42e1d9e99668cc68aa>_>,40,2,"operator()<<lambda_61cee617f5178ae960314fd4d05640a0>,<lambda_6978c1fb23f02e42e1d9e99668cc68aa>&,<lambda_9cd88cf8ad10232537feb2133f08c833>_>"
0043fe25,__commit,111,1,"FUN_00435851 __acrt_lowio_lock_fh_and_call<<lambda_6978c1fb23f02e42e1d9e99668cc68aa>_> __errno"
0043fe94,_iswctype,95,2,"GetStringTypeW"
0043fef3,__isctype_l,210,3,"_LocaleUpdate ___acrt_GetStringTypeA __isleadbyte_l __security_check_cookie"
0043ffc5,___acrt_update_locale_info,45,2,"FUN_00444d1f"
0043fff3,___acrt_update_multibyte_info,45,2,"___acrt_update_thread_multibyte_data"
00440020,_strtol,44,3,"make_c_string_character_source<> parse_integer<unsigned_long,__crt_strtox::c_string_character_source<char>_>"
0044004c,__mbtowc_l,250,4,"MultiByteToWideChar _LocaleUpdate __errno __isleadbyte_l"
00440146,_mbtowc,26,3,"__mbtowc_l"
00440160,__wctomb_s_l,289,5,"FUN_00435851 GetLastError WideCharToMultiByte _LocaleUpdate __errno _memset"
00440281,_wctomb_s,29,4,"__wctomb_s_l"
0044029e,__acrt_fp_classify,108,1,""
0044030a,__acrt_fp_is_negative,30,1,""
00440328,fp_format_a,771,9,"FUN_00435851 FUN_00463f70 _LocaleUpdate __alldvrm __aullshr __errno _memset fp_format_e"
0044062b,fp_format_e,155,9,"FUN_004406c6 FUN_00449b4f ___acrt_fp_strflt_to_string"
004406c6,FUN_004406c6,330,8,"FUN_00432ab0 FUN_00435851 _LocaleUpdate __errno __invoke_watson _strcpy_s shift_bytes"
00440811,fp_format_f,141,7,"FUN_00449b4f ___acrt_fp_strflt_to_string fp_format_f_internal"
0044089e,fp_format_f_internal,215,6,"_LocaleUpdate _memset shift_bytes"
00440975,fp_format_g,200,9,"FUN_004406c6 FUN_00449b4f ___acrt_fp_strflt_to_string fp_format_f_internal"
00440a3d,FUN_00440a3d,247,5,"__invoke_watson __security_check_cookie _strcpy_s"
00440b35,shift_bytes,52,4,"FUN_00432ab0"
00440b69,___acrt_fp_format,330,10,"FUN_00435851 FUN_00440a3d __acrt_fp_classify __acrt_fp_is_negative __errno fp_format_a fp_format_e fp_format_f fp_format_g"
00440cb3,__get_printf_count_output,21,0,""
00440cc8,common_tcsncpy_s<wchar_t>,205,4,"FUN_00435851 __errno"
00440d95,FUN_00440d95,11,4,"common_tcsncpy_s<wchar_t>"
00440da0,common_tcsncpy_s<char>,177,4,"FUN_00435851 __errno"
00440e51,FUN_00440e51,11,4,"common_tcsncpy_s<char>"
00440e5c,<helper_func_stdcall>,70,1,"__security_check_cookie guard_check_icall"
00440ea2,operator()<<lambda_9227be29367c048ad7fd93a717dcb1a1>,<lambda_a463b7b0560cfcaf9b17f27c6ef46564>&,<lambda_ccea11b5727ccf69be64f5f5d9a08d9f>_>,117,4,"EnumSystemLocalesW FUN_00440f1a __SEH_epilog4 __SEH_prolog4 ___acrt_lock __crt_fast_encode_pointer<>"
00440f1a,FUN_00440f1a,12,0,"___acrt_unlock"
00440f26,__acrt_lock_and_call<<lambda_a463b7b0560cfcaf9b17f27c6ef46564>_>,40,2,"operator()<<lambda_9227be29367c048ad7fd93a717dcb1a1>,<lambda_a463b7b0560cfcaf9b17f27c6ef46564>&,<lambda_ccea11b5727ccf69be64f5f5d9a08d9f>_>"
00440f4e,try_get_CompareStringEx,26,0,"try_get_function"
00440f68,try_get_function,156,4,"GetProcAddress __crt_fast_encode_pointer<void*> try_get_module"
00441004,try_get_module,123,1,"FreeLibrary GetLastError LoadLibraryExW"
0044107f,___acrt_AreFileApisANSI@0,78,0,"__security_check_cookie guard_check_icall try_get_function"
004410cd,___acrt_CompareStringEx@36,116,9,"CompareStringW ___acrt_LocaleNameToLCID@8 __security_check_cookie guard_check_icall try_get_CompareStringEx"
00441141,___acrt_EnumSystemLocalesEx@16,109,4,"__acrt_lock_and_call<<lambda_a463b7b0560cfcaf9b17f27c6ef46564>_> __security_check_cookie guard_check_icall try_get_function"
004411ae,___acrt_FlsAlloc@4,86,1,"TlsAlloc __security_check_cookie guard_check_icall try_get_function"
00441204,___acrt_FlsFree@4,86,1,"TlsFree __security_check_cookie guard_check_icall try_get_function"
0044125a,___acrt_FlsGetValue@4,86,1,"TlsGetValue __security_check_cookie guard_check_icall try_get_function"
004412b0,___acrt_FlsSetValue@8,89,2,"TlsSetValue __security_check_cookie guard_check_icall try_get_function"
00441309,___acrt_GetLocaleInfoEx@16,106,4,"GetLocaleInfoW ___acrt_LocaleNameToLCID@8 __security_check_cookie guard_check_icall try_get_function"
00441373,___acrt_GetSystemTimePreciseAsFileTime@4,86,1,"GetSystemTimeAsFileTime __security_check_cookie guard_check_icall try_get_function"
004413c9,___acrt_GetUserDefaultLocaleName@8,103,2,"GetUserDefaultLCID ___acrt_LCIDToLocaleName@16 __security_check_cookie guard_check_icall try_get_function"
00441430,___acrt_InitializeCriticalSectionEx@12,98,3,"InitializeCriticalSectionAndSpinCount __security_check_cookie guard_check_icall try_get_function"
00441492,___acrt_IsValidLocaleName@4,99,1,"IsValidLocale ___acrt_LocaleNameToLCID@8 __security_check_cookie guard_check_icall try_get_function"
004414f5,___acrt_LCIDToLocaleName@16,106,4,"FUN_0044b028 __security_check_cookie guard_check_icall try_get_function"
0044155f,___acrt_LCMapStringEx@36,136,9,"LCMapStringW ___acrt_LocaleNameToLCID@8 __security_check_cookie guard_check_icall try_get_function"
004415e7,___acrt_LocaleNameToLCID@8,92,2,"___acrt_DownlevelLocaleNameToLCID __security_check_cookie guard_check_icall try_get_function"
00441643,___acrt_RoInitialize@4,82,1,"__security_check_cookie guard_check_icall try_get_function"
00441695,___acrt_RoUninitialize@0,73,0,"__security_check_cookie guard_check_icall try_get_function"
004416de,FUN_004416de,12,0,"try_get_CompareStringEx"
00441710,___acrt_is_packaged_app,135,1,"__security_check_cookie guard_check_icall try_get_function"
00441797,___acrt_uninitialize_winapi_thunks,54,1,"FreeLibrary"
00441804,FUN_00441804,6,0,""
0044180a,FUN_0044180a,6,0,""
00441810,FUN_00441810,6,0,""
00441816,FUN_00441816,6,0,""
0044181c,FUN_0044181c,44,1,"FUN_00435851 __errno"
00441848,FUN_00441848,44,1,"FUN_00435851 __errno"
00441874,FUN_00441874,44,1,"FUN_00435851 __errno"
004418a0,__crt_time_elapsed_leap_years<int>,58,1,""
004418da,common_gmtime_s<__int64>,333,2,"FUN_00435851 __alldiv __errno compute_year"
00441a27,compute_year,164,2,"__alldiv __crt_time_elapsed_leap_years<int> __crt_time_is_leap_year<int>"
00441acb,FUN_00441acb,11,2,"common_gmtime_s<__int64>"
00441ad6,FUN_00441ad6,486,1,"FUN_0044181c FUN_00441cbd __invoke_watson"
00441cbd,FUN_00441cbd,335,11,"FUN_00441848 __crt_time_elapsed_leap_years<int> __crt_time_is_leap_year<int> __invoke_watson"
00441e0d,FUN_00441e0d,468,1,"FID_conflict:_atoi FID_conflict:_free FUN_00440e51 FUN_00441804 FUN_00441810 FUN_00441816 FUN_0044181c FUN_00441874 __invoke_watson __malloc_base _strcpy_s"
00441fe2,FUN_00441fe2,346,0,"FID_conflict:_free FUN_00441804 FUN_0044180a FUN_00441810 FUN_00441816 FUN_0044181c FUN_00441848 FUN_00441874 GetTimeZoneInformation WideCharToMultiByte ____lc_codepage_func __invoke_watson"
0044213d,tzset_nolock,224,0,"FID_conflict:_free FUN_00441e0d FUN_00441fe2 FUN_0044b26b __malloc_base __security_check_cookie"
0044221d,___tzset,72,0,"FUN_00442265 __SEH_epilog4 __SEH_prolog4 ___acrt_lock tzset_nolock"
00442265,FUN_00442265,9,0,"___acrt_unlock"
0044226e,__isindst,62,1,"FUN_00441ad6 FUN_004422af __SEH_epilog4 __SEH_prolog4 ___acrt_lock"
004422af,FUN_004422af,9,0,"___acrt_unlock"
004422b8,FUN_004422b8,24,2,""
004422d0,FUN_004422d0,399,2,"FID_conflict:_free FUN_00435851 FUN_00440e51 FUN_00442460 ___acrt_allocate_buffer_for_argv __errno __invoke_watson _strpbrk expand_argument_wildcards<> ~argument_list<>"
00442460,FUN_00442460,149,4,"FID_conflict:_free FUN_00440e51 __calloc_base __invoke_watson append"
004424f6,expand_argument_wildcards<>,388,3,"FUN_00442460 FindClose FindFirstFileExA FindNextFileA __mbsdec __security_check_cookie _memset _qsort"
0044267a,~argument_list<>,37,1,"FID_conflict:_free"
0044269f,append,53,2,"FID_conflict:_free expand_if_necessary"
004426d4,expand_if_necessary,135,1,"FID_conflict:_free FUN_0044330f __calloc_base"
0044275b,FUN_0044275b,11,2,"FUN_004422d0"
00442766,operator()<<lambda_978dc153c237d78434369da87b74ff60>,<lambda_ad1ced32f4ac17aa236e5ef05d6b3b7c>&,<lambda_4a8533e2866a575feecb8298ce776b0d>_>,55,4,"FUN_0044279d __SEH_epilog4 __SEH_prolog4 ___acrt_lock operator()"
0044279d,FUN_0044279d,12,0,"___acrt_unlock"
004427a9,__acrt_lock_and_call<<lambda_ad1ced32f4ac17aa236e5ef05d6b3b7c>_>,40,2,"operator()<<lambda_978dc153c237d78434369da87b74ff60>,<lambda_ad1ced32f4ac17aa236e5ef05d6b3b7c>&,<lambda_4a8533e2866a575feecb8298ce776b0d>_>"
004427d1,operator(),196,1,"FID_conflict:_free _memcpy_s"
00442895,CPtoLocaleName,62,1,""
004428d3,getSystemCP,115,1,"GetACP GetOEMCP _LocaleUpdate"
00442946,setSBCS,101,1,"_memset"
004429ab,setSBUpLow,404,1,"GetCPInfo ___acrt_GetStringTypeA ___acrt_LCMapStringA __security_check_cookie"
00442b3f,setmbcp_internal,257,2,"FID_conflict:_free FUN_0043dd3a ___acrt_set_locale_changed ___acrt_update_thread_multibyte_data __acrt_lock_and_call<<lambda_ad1ced32f4ac17aa236e5ef05d6b3b7c>_> __errno __malloc_base __setmbcp_nolock getSystemCP"
00442c40,___acrt_initialize_multibyte,30,0,"setmbcp_internal"
00442c5e,___acrt_update_thread_multibyte_data,150,0,"FID_conflict:_free FUN_0043dd3a FUN_00442cef __SEH_epilog4 __SEH_prolog4 ___acrt_lock _abort"
00442cef,FUN_00442cef,9,0,"___acrt_unlock"
00442d00,__setmbcp_nolock,497,2,"CPtoLocaleName GetCPInfo IsValidCodePage __security_check_cookie _memset getSystemCP setSBCS setSBUpLow"
00442f0a,find_end_of_double_null_terminated_sequence,55,1,""
00442f41,___dcrt_get_narrow_environment_from_os,131,0,"FID_conflict:_free FreeEnvironmentStringsW GetEnvironmentStringsW WideCharToMultiByte __malloc_base find_end_of_double_null_terminated_sequence"
00442fc4,FUN_00442fc4,570,2,"FID_conflict:_free FUN_004431ff FUN_0044330f FUN_004640b0 SetEnvironmentVariableA __calloc_base __errno __invoke_watson _strcpy_s common_get_or_create_environment_nolock<char> find_in_environment_nolock<char>"
004431ff,FUN_004431ff,176,1,"FID_conflict:_free __calloc_base __invoke_watson _abort _strcpy_s"
004432b0,find_in_environment_nolock<char>,84,2,"__strnicoll"
00443304,FUN_00443304,11,2,"FUN_00442fc4"
0044330f,FUN_0044330f,120,3,"FUN_0044b8e6 __errno __realloc_base _memset"
004433a2,___acrt_execute_initializers,131,2,"__security_check_cookie guard_check_icall"
00443425,___acrt_execute_uninitializers,77,2,"__security_check_cookie guard_check_icall"
00443472,FUN_00443472,20,1,"initialize"
00443486,__callnewh,68,1,"__query_new_handler __security_check_cookie guard_check_icall"
004434ca,__query_new_handler,70,0,"FUN_00443513 __SEH_epilog4 __SEH_prolog4 ___acrt_lock"
00443513,FUN_00443513,9,0,"___acrt_unlock"
0044351c,operator()<>,75,1,"FUN_0044356a __SEH_epilog4 __SEH_prolog4 ___acrt_lock"
0044356a,FUN_0044356a,12,0,"___acrt_unlock"
00443576,__acrt_lock_and_call<<lambda_ec61778202f4f5fc7e7711acc23c3bca>_>,40,2,"operator()<>"
0044359e,get_global_action_nolock,66,1,""
004435e0,siglookup,40,2,""
00443608,___acrt_get_sigabrt_handler,23,0,"__acrt_lock_and_call<<lambda_ec61778202f4f5fc7e7711acc23c3bca>_>"
0044361f,___acrt_initialize_signal_handlers,59,1,"initialize"
0044365a,FUN_0044365a,9,0,"FUN_0043dd3a"
00443663,_raise,490,1,"FUN_00435851 FUN_0043dd3a FUN_0044365a FUN_00443823 FUN_004634d9 __SEH_prolog4_GS ___acrt_getptd_noexit ___acrt_lock ___acrt_unlock __errno __exit get_global_action_nolock guard_check_icall siglookup"
00443823,FUN_00443823,15,0,"___acrt_unlock"
0044386b,_wcscat_s,117,3,"FUN_00435851 __errno"
004438e0,___acrt_lowio_create_handle_array,122,0,"FID_conflict:_free ___acrt_InitializeCriticalSectionEx@12 __calloc_base"
0044395a,___acrt_lowio_destroy_handle_array,53,1,"DeleteCriticalSection FID_conflict:_free"
0044398f,___acrt_lowio_ensure_fh_exists,140,1,"FUN_00435851 FUN_00443a1e __SEH_epilog4 __SEH_prolog4 ___acrt_lock ___acrt_lowio_create_handle_array __errno"
00443a1e,FUN_00443a1e,9,0,"___acrt_unlock"
00443a27,___acrt_lowio_lock_fh,35,1,"EnterCriticalSection"
00443a4a,___acrt_lowio_set_os_handle,148,2,"FUN_0043a62a SetStdHandle ___doserrno __errno"
00443ade,___acrt_lowio_unlock_fh,35,1,"LeaveCriticalSection"
00443b01,__alloc_osfhnd,262,0,"EnterCriticalSection FUN_00443c0a LeaveCriticalSection __SEH_epilog4 __SEH_prolog4 ___acrt_lock ___acrt_lowio_create_handle_array ___acrt_lowio_lock_fh"
00443c0a,FUN_00443c0a,9,0,"___acrt_unlock"
00443c13,__free_osfhnd,145,1,"FUN_0043a62a SetStdHandle ___doserrno __errno"
00443ca4,__get_osfhandle,106,1,"FUN_00435851 ___doserrno __errno"
00443d0e,___acrt_locale_free_monetary,254,1,"FID_conflict:_free"
00443e0c,___acrt_locale_initialize_monetary,956,1,"FID_conflict:_free FUN_00446990 ___acrt_locale_free_monetary __calloc_base"
004441c8,___acrt_locale_free_numeric,105,1,"FID_conflict:_free"
00444231,___acrt_locale_initialize_numeric,540,1,"FID_conflict:_free FUN_00446990 ___acrt_locale_free_numeric __calloc_base __malloc_base"
0044444d,free_crt_array_internal,60,2,"FID_conflict:_free"
00444489,initialize_lc_time,637,2,"FUN_0043aaf8 FUN_00446990"
00444706,___acrt_locale_free_time,228,1,"FID_conflict:_free free_crt_array_internal"
004447ea,___acrt_locale_initialize_time,127,1,"FID_conflict:_free ___acrt_locale_free_time ___acrt_locale_release_lc_time_reference __calloc_base initialize_lc_time"
00444869,_wcscspn,80,2,""
004448b9,_wcsncmp,58,3,""
004448f3,_wcspbrk,69,2,""
00444938,___acrt_GetStringTypeA,285,7,"GetStringTypeW MultiByteToWideChar _LocaleUpdate __alloca_probe_16 __freea_crt __malloc_base __security_check_cookie _memset"
00444a55,___acrt_add_locale_ref,125,1,"___acrt_locale_add_lc_time_reference"
00444ad2,___acrt_free_locale,330,1,"FID_conflict:_free ___acrt_locale_free_lc_time_if_unreferenced ___acrt_locale_free_monetary ___acrt_locale_free_numeric"
00444c1c,___acrt_locale_add_lc_time_reference,41,1,""
00444c45,___acrt_locale_free_lc_time_if_unreferenced,48,1,"FID_conflict:_free ___acrt_locale_free_time"
00444c75,___acrt_locale_release_lc_time_reference,41,1,""
00444c9e,___acrt_release_locale_ref,129,1,"___acrt_locale_release_lc_time_reference"
00444d1f,FUN_00444d1f,107,0,"FUN_0043dd3a FUN_00444d85 __SEH_epilog4 __SEH_prolog4 ___acrt_lock __updatetlocinfoEx_nolock _abort"
00444d85,FUN_00444d85,9,0,"___acrt_unlock"
00444d96,__updatetlocinfoEx_nolock,80,2,"___acrt_add_locale_ref ___acrt_free_locale ___acrt_release_locale_ref"
00444de6,FUN_00444de6,136,1,"FUN_00440d95 ___acrt_GetUserDefaultLocaleName@8 __invoke_watson __security_check_cookie"
00444e6f,_GetLocaleNameFromLangCountry,154,1,"_GetPrimaryLen ___acrt_EnumSystemLocalesEx@16"
00444f09,_GetLocaleNameFromLanguage,91,1,"_GetPrimaryLen ___acrt_EnumSystemLocalesEx@16"
00444f64,_GetPrimaryLen,52,1,""
00444f98,FUN_00444f98,745,1,"FUN_0043dd3a FUN_00440d95 _GetPrimaryLen _TestDefaultCountry ___acrt_GetLocaleInfoEx@16 __invoke_watson __security_check_cookie __wcsicmp __wcsnicmp"
00445282,FUN_00445282,192,1,"FUN_0043dd3a FUN_00440d95 ___acrt_GetLocaleInfoEx@16 __invoke_watson __security_check_cookie __wcsicmp"
00445343,_ProcessCodePage,231,2,"GetACP ___acrt_GetLocaleInfoEx@16 __wtol"
0044542a,_TestDefaultCountry,75,1,"___acrt_GetLocaleInfoEx@16 __security_check_cookie _wcsncmp"
00445475,_TranslateName,111,3,"__wcsicmp"
004454e4,FUN_004454e4,462,3,"FUN_0043dd3a FUN_00440d95 FUN_00444de6 FUN_004641db IsValidCodePage _GetLocaleNameFromLangCountry _GetLocaleNameFromLanguage _ProcessCodePage _TranslateName ___acrt_GetLocaleInfoEx@16 __invoke_watson __itow_s"
004456b3,_CountryEnumProc@4,169,1,"FUN_0043dd3a GetLocaleInfoW _LcidFromHexString _TestDefaultCountry __security_check_cookie __wcsicmp"
0044575c,_GetLcidFromCountry,75,1,"EnumSystemLocalesW FUN_0043dd3a"
004457a7,_GetLcidFromLangCountry,155,1,"EnumSystemLocalesW FUN_0043dd3a _GetPrimaryLen"
00445842,_GetLcidFromLanguage,97,1,"EnumSystemLocalesW FUN_0043dd3a _GetPrimaryLen"
004458a3,_GetPrimaryLen,44,1,""
004458cf,_LangCountryEnumProc@4,592,1,"FUN_0043dd3a GetLocaleInfoW _LcidFromHexString _TestDefaultCountry _TestDefaultLanguage __security_check_cookie __wcsicmp __wcsnicmp"
00445b1f,_LanguageEnumProc@4,216,1,"FUN_0043dd3a GetLocaleInfoW _LcidFromHexString _TestDefaultLanguage __security_check_cookie __wcsicmp"
00445bf7,_LcidFromHexString,81,1,""
00445c48,_ProcessCodePage,227,2,"GetACP GetLocaleInfoW __wtol"
00445d2b,_TestDefaultCountry,36,1,""
00445d4f,_TestDefaultLanguage,112,2,"FUN_0043dd3a GetLocaleInfoW _GetPrimaryLen"
00445dbf,_TranslateName,93,3,"__wcsicmp"
00445e1c,___acrt_get_qualified_locale_downlevel,519,3,"FUN_0043dd3a GetLocaleInfoW GetUserDefaultLCID IsValidCodePage IsValidLocale _GetLcidFromCountry _GetLcidFromLangCountry _GetLcidFromLanguage _ProcessCodePage _TranslateName ___acrt_LCIDToLocaleName@16 __itow_s __security_check_cookie"
00446023,___hw_cw_sse2,171,1,""
004460ce,__clearfp,222,0,""
004461ac,__control87,770,2,"___hw_cw_sse2 ___set_fpsr_sse2 __hw_cw"
004464ae,__hw_cw,153,1,""
00446547,_wcstombs_l_helper,641,4,"FUN_00435851 GetLastError WideCharToMultiByte _LocaleUpdate __errno __security_check_cookie"
004467c8,__wcstombs_s_l,205,6,"FUN_00435851 __errno _wcstombs_l_helper"
00446895,InternalGetLocaleInfoA,251,5,"WideCharToMultiByte _LocaleUpdate ___acrt_GetLocaleInfoEx@16 __alloca_probe_16 __freea_crt __malloc_base __security_check_cookie"
00446990,FUN_00446990,433,5,"FID_conflict:_free FUN_00440e51 GetLastError InternalGetLocaleInfoA ___acrt_GetLocaleInfoEx@16 __calloc_base __invoke_watson __security_check_cookie"
00446b42,__acrt_LCMapStringA_stat,541,9,"MultiByteToWideChar WideCharToMultiByte ___acrt_LCMapStringEx@36 ___strncnt __alloca_probe_16 __freea_crt __malloc_base __security_check_cookie"
00446d5f,___acrt_LCMapStringA,75,9,"_LocaleUpdate __acrt_LCMapStringA_stat"
00446daa,FUN_00446daa,151,0,"DeleteCriticalSection FID_conflict:_free FUN_00446e41 __SEH_epilog4 __SEH_prolog4 ___acrt_lock _fclose"
00446e41,FUN_00446e41,9,0,"___acrt_unlock"
00446e4a,__errcode,52,1,""
00446e7e,__except1,206,5,"___acrt_has_user_matherr __ctrlfp __errcode __handle_exc __raise_exc_ex __security_check_cookie __set_errno_from_matherr __umatherr"
00446f4c,__handle_exc,480,3,"FUN_00447511 FUN_00447727"
0044712c,__raise_exc,35,6,"__raise_exc_ex"
0044714f,__raise_exc_ex,753,7,"RaiseException __clrfp __statfp"
00447440,__set_errno_from_matherr,47,1,"__errno"
0044746f,__umatherr,162,8,"___acrt_invoke_user_matherr __ctrlfp __set_errno_from_matherr"
00447511,FUN_00447511,212,3,"__set_exp"
004475e5,__set_exp,47,2,""
00447614,__sptype,94,2,""
00447672,___set_fpsr_sse2,72,1,"__SEH_epilog4 __SEH_prolog4"
004476e8,__clrfp,19,0,""
004476fb,__ctrlfp,44,0,""
00447727,FUN_00447727,91,0,""
00447782,__statfp,18,0,""
00447794,__fpclass,164,1,"__sptype"
00447850,FUN_00447850,25,0,"FUN_00447869"
00447869,FUN_00447869,2822,3,"___libm_error_support"
00448570,__trandisp1,103,2,""
004485d7,__trandisp2,140,2,""
00448770,FUN_00448770,23,8,""
00448787,__startOneArgErrorHandling,60,6,"__87except"
004487e5,FUN_004487e5,23,0,""
004487fc,FUN_004487fc,25,0,""
00448858,FUN_00448858,22,2,""
0044887b,__math_exit,42,5,"__startOneArgErrorHandling"
0044895c,FUN_0044895c,106,1,"FUN_0044c1ee __fpclass"
004489c6,FUN_004489c6,299,5,"FUN_0044895c"
00448af1,__wcsicmp,149,2,"FUN_00435851 __errno __wcsicmp_l"
00448b86,__wcsicmp_l,224,3,"FUN_00435851 _LocaleUpdate __errno __towlower_l"
00448c66,__isleadbyte_l,57,2,"_LocaleUpdate"
00448c9f,__wcsnicmp,184,3,"FUN_00435851 __errno __wcsnicmp_l"
00448d57,__wcsnicmp_l,257,4,"FUN_00435851 _LocaleUpdate __errno __towlower_l"
00448e60,_strncmp,115,3,""
00448ed8,__strnicmp,108,3,"FUN_00435851 ___ascii_strnicmp __errno __strnicmp_l"
00448f44,__strnicmp_l,183,4,"FUN_00435851 _LocaleUpdate ___ascii_strnicmp __errno __tolower_l"
00448ffd,common_sopen_dispatch<char>,154,6,"FUN_00435851 FUN_0044909d __SEH_epilog4 __SEH_prolog4 __errno __sopen_nolock"
0044909d,FUN_0044909d,44,0,"___acrt_lowio_unlock_fh"
004490c9,FUN_004490c9,588,5,"FUN_0043a7be __errno __invoke_watson __lseeki64_nolock __read_nolock __write"
00449316,create_file,37,3,"CreateFileW"
0044933b,decode_open_create_flags,112,1,"FUN_00435851 __errno"
004493ab,FUN_004493ab,379,4,"FUN_00435851 FUN_0043a7be __errno __invoke_watson decode_open_create_flags"
00449527,truncate_ctrl_z_if_present,176,1,"___doserrno __chsize_nolock __errno __lseeki64_nolock __read_nolock"
004495d7,__sopen_nolock,81,7,"FID_conflict:_free ___acrt_copy_path_to_wide_string __wsopen_nolock"
00449628,FID_conflict:__sopen_s,32,5,"common_sopen_dispatch<char>"
00449648,__wsopen_nolock,809,7,"CloseHandle FUN_004490c9 FUN_004493ab GetFileType GetLastError ___acrt_errno_map_os_error ___acrt_lowio_set_os_handle ___doserrno __alloc_osfhnd __close_nolock __errno __free_osfhnd create_file truncate_ctrl_z_if_present"
00449971,__isatty,86,1,"FUN_00435851 __errno"
004499c7,__putwch_nolock,69,1,"WriteConsoleW ___dcrt_lowio_initialize_console_output"
00449a0c,___acrt_stdio_allocate_buffer_nolock,93,1,"FID_conflict:_free __malloc_base"
00449a69,___acrt_fp_strflt_to_string,188,4,"FUN_00432ab0 FUN_00435851 __errno"
00449b25,scoped_fp_state_reset,42,1,"fegetenv feholdexcept"
00449b4f,FUN_00449b4f,5019,6,"FUN_00432530 FUN_0044c6c0 FUN_0044c7d0 FUN_00463530 __acrt_fp_classify __allshl __invoke_watson __security_check_cookie _memcpy_s _memset _strcpy_s divide fesetenv scoped_fp_state_reset"
0044aeeb,_memcpy_s,129,4,"FUN_00432530 FUN_00435851 __errno _memset"
0044af6c,GetTableIndexFromLocaleName,188,1,""
0044b028,FUN_0044b028,169,3,"FUN_0043d493 __invoke_watson _wcscpy_s"
0044b0d2,___acrt_DownlevelLocaleNameToLCID,44,1,"GetTableIndexFromLocaleName"
0044b0fe,common_getenv_nolock<char>,112,1,"__strnicoll common_get_or_create_environment_nolock<char>"
0044b16e,common_getenv_s<>,73,4,"FUN_0044b1ba FUN_0044b1c3 __SEH_epilog4 __SEH_prolog4 ___acrt_lock"
0044b1ba,FUN_0044b1ba,9,0,"___acrt_unlock"
0044b1c3,FUN_0044b1c3,167,4,"FUN_00435851 __errno __invoke_watson _strcpy_s common_getenv_nolock<char>"
0044b26b,FUN_0044b26b,11,4,"common_getenv_s<>"
0044b280,shortsort,147,4,"__security_check_cookie guard_check_icall"
0044b320,swap,57,3,""
0044b360,_qsort,916,4,"FUN_00435851 __errno __security_check_cookie guard_check_icall shortsort swap"
0044b700,_strpbrk,64,2,""
0044b740,__mbsdec,23,2,"__mbsdec_l"
0044b757,__mbsdec_l,141,3,"FUN_00435851 _LocaleUpdate __errno"
0044b7f3,__strnicoll,41,3,"__strnicmp __strnicoll_l"
0044b81c,__strnicoll_l,202,4,"FUN_00435851 _LocaleUpdate ___acrt_CompareStringA __errno __strnicmp_l"
0044b8e6,FUN_0044b8e6,51,1,"FUN_00435851 HeapSize __errno"
0044b919,common_xtox<unsigned_long,wchar_t>,142,5,"FUN_00435851 __errno"
0044b9a7,common_xtox_s<unsigned_long,wchar_t>,95,5,"FUN_00435851 __errno common_xtox<unsigned_long,wchar_t>"
0044ba06,__itow_s,53,4,"common_xtox_s<unsigned_long,wchar_t>"
0044ba3b,___get_abstract_control_sse2,125,1,""
0044bab8,___get_abstract_control_x87,115,1,""
0044bb2b,___get_machine_control,113,1,""
0044bb9c,___get_machine_control_sse2,128,1,""
0044bc1c,___get_machine_status_sse2,97,1,""
0044bc7d,___get_machine_status_x87,97,1,""
0044bcde,__getfpcontrolword,67,0,"___get_abstract_control_sse2 ___get_abstract_control_x87"
0044bd21,__getfpstatusword,168,0,""
0044bdc9,__setfpcontrolword,128,1,"___get_machine_control ___get_machine_control_sse2"
0044be49,__setfpstatusword,128,1,"___get_machine_status_sse2 ___get_machine_status_x87"
0044becb,___libm_error_support,536,4,"DecodePointer __errno __security_check_cookie guard_check_icall"
0044c0e3,__87except,267,3,"___acrt_has_user_matherr ___acrt_invoke_user_matherr __ctrlfp __handle_exc __raise_exc __security_check_cookie __set_errno_from_matherr"
0044c1ee,FUN_0044c1ee,22,1,""
0044c204,__towlower_l,201,2,"_LocaleUpdate ___acrt_LCMapStringW _iswctype"
0044c2d0,___ascii_strnicmp,97,3,""
0044c331,___acrt_copy_path_to_wide_string,199,2,"FID_conflict:_free FUN_00435851 GetLastError MultiByteToWideChar ___acrt_AreFileApisANSI@0 ___acrt_errno_map_os_error __errno __malloc_base"
0044c3f8,__chsize_nolock,401,2,"FID_conflict:_free GetLastError SetEndOfFile ___doserrno __calloc_base __errno __get_osfhandle __lseeki64_nolock __setmode_nolock __write_nolock"
0044c589,___dcrt_lowio_initialize_console_output,31,0,"CreateFileW"
0044c5bf,fegetenv,29,1,"__getfpcontrolword __getfpstatusword"
0044c5dc,fesetenv,73,1,"__setfpcontrolword __setfpstatusword fegetenv"
0044c625,feholdexcept,79,1,"__clearfp fegetenv fesetenv"
0044c6c0,FUN_0044c6c0,79,0,"FUN_00448858 FUN_0044c718 FUN_0044cc20"
0044c718,FUN_0044c718,197,2,"FUN_004487fc __math_exit __startOneArgErrorHandling"
0044c7d0,FUN_0044c7d0,470,1,"FUN_0044c1ee ___libm_error_support __ctrlfp __except1 __sptype"
0044c8ed,InternalCompareStringA,680,8,"GetCPInfo MultiByteToWideChar ___acrt_CompareStringEx@36 ___strncnt __alloca_probe_16 __freea_crt __malloc_base __security_check_cookie"
0044cb95,___acrt_CompareStringA,72,8,"InternalCompareStringA _LocaleUpdate"
0044cbdd,___acrt_LCMapStringW,62,6,"FUN_0043d493 ___acrt_LCMapStringEx@36"
0044cc20,FUN_0044cc20,24,0,"FUN_0044cc3e"
0044cc3e,FUN_0044cc3e,614,1,"___libm_error_support"
0044cf69,FUN_0044cf69,165,2,"CurrentContext FUN_0044dbed RegisterAsyncTimerAndLoadLibrary Version __CreateTimerQueueTimer __CxxThrowException@8 bad_alloc"
0044d00f,_NonReentrantBlockingLock,21,1,"__InitializeCriticalSectionEx"
0044d024,_ReaderWriterLock,16,1,""
0044d034,critical_section,42,1,""
0044d05e,FUN_0044d05e,27,2,"FUN_00405a40"
0044d079,scoped_lock,69,2,"FUN_0044cf69 FUN_0044d3ab __EH_epilog3 __EH_prolog3"
0044d0be,FUN_0044d0be,8,1,"DeleteCriticalSection"
0044d0c6,~scoped_lock,56,1,"unlock"
0044d0fe,Block,136,2,"Block GetCoreCount _SetSpinCount _SpinOnce"
0044d186,CurrentContext,34,0,"CreateContextFromDefaultScheduler __TlsGetValue"
0044d1a8,DerefTimerNode,31,1,"FUN_0042eb3b"
0044d1c7,DispatchNodeTimeoutTimer,70,3,"DerefTimerNode UnRegisterAsyncTimerAndUnloadLibrary guard_check_icall"
0044d20d,DispatchNodeTimeoutTimerXP,76,2,"DerefTimerNode FUN_0044dbed __DeleteTimerQueueTimer guard_check_icall"
0044d259,TryCompensateTimer,37,1,"Block DerefTimerNode"
0044d27e,Unblock,49,1,"guard_check_icall"
0044d2af,UpdateQueuePosition,105,2,"guard_check_icall"
0044d318,WaitForNextNode,45,1,"_SpinOnce"
0044d345,FUN_0044d345,8,1,"EnterCriticalSection"
0044d34d,_AcquireRead,48,1,"_WaitEquals"
0044d37d,_AcquireWrite,46,1,"_WaitEquals"
0044d3ab,FUN_0044d3ab,160,3,"Block FUN_0044f24a TryCompensateTimer UpdateQueuePosition __CxxThrowException@8"
0044d44c,_FlushWriteOwners,22,1,"_WaitEquals"
0044d462,_Flush_current_owner,24,1,"lock unlock"
0044d47a,FUN_0044d47a,23,0,"GetCoreCount"
0044d491,FUN_0044d491,8,1,"LeaveCriticalSection"
0044d499,FUN_0044d499,4,1,""
0044d49d,FUN_0044d49d,11,1,""
0044d4a8,_SetSpinCount,34,2,""
0044d4ca,_SetSpinCount,36,2,""
0044d4ee,_SpinOnce,135,1,"_SetSpinCount guard_check_icall"
0044d575,_SpinOnce,119,1,"_SetSpinCount"
0044d5ec,_Switch_to_active,79,2,"WaitForNextNode"
0044d63b,_TryAcquireWrite,23,1,""
0044d652,_WaitEquals,57,3,"__Sleep"
0044d68b,lock,48,1,"FUN_0044cf69 FUN_0044d3ab _Switch_to_active"
0044d6bb,try_lock,77,1,"FUN_0044cf69 UpdateQueuePosition _Switch_to_active"
0044d708,try_lock_for,94,2,"DerefTimerNode FUN_00413160 FUN_0044cf69 FUN_0044d3ab _Switch_to_active __EH_epilog3 __EH_prolog3"
0044d766,unlock,113,1,"DerefTimerNode Unblock WaitForNextNode"
0044d7d7,MultiWaitBlock,64,4,"WaitBlock"
0044d817,MultiWaitBlockHolder,182,5,"FUN_00413230 MultiWaitBlock WaitAnyBlock __EH_epilog3 __EH_prolog3"
0044d8cd,TimedSingleWaitBlock,47,2,"WaitBlock"
0044d8fc,WaitAnyBlock,40,4,"MultiWaitBlock"
0044d924,WaitBlock,32,1,"CurrentContext"
0044d944,_Condition_variable,31,1,"critical_section"
0044d963,event,35,1,"critical_section"
0044d986,~_MallocaArrayHolder<>,16,1,"__freea"
0044d996,~MultiWaitBlockHolder,26,1,"NotifyCompletedNode"
0044d9b0,~_Condition_variable,78,1,"_Flush_current_owner guard_check_icall notify_all"
0044d9fe,~event,132,1,"Destroy Satisfy _Flush_current_owner guard_check_icall"
0044da82,FID_conflict:`scalar_deleting_destructor',44,2,"FUN_0042eb3b __freea"
0044daae,Destroy,24,1,"guard_check_icall"
0044dac6,FUN_0044dac6,25,1,"FUN_0042eb3b"
0044dadf,NotifyCompletedNode,5,1,""
0044dae4,DispatchEventTimer,95,3,"NotifyCompletedNode UnRegisterAsyncTimerAndUnloadLibrary guard_check_icall"
0044db43,DispatchEventTimer,50,3,"UnRegisterAsyncTimerAndUnloadLibrary guard_check_icall"
0044db75,DispatchEventTimerXP,87,2,"FUN_0044dbed NotifyCompletedNode __DeleteTimerQueueTimer guard_check_icall"
0044dbcc,DispatchEventTimerXP,33,2,"guard_check_icall"
0044dbed,FUN_0044dbed,149,0,"CreateTimerQueue Version _SpinOnce __CxxThrowException@8 bad_alloc"
0044dc83,NotifyCompletedNode,25,1,"FID_conflict:_free"
0044dc9c,__break,1,0,""
0044dc9d,Reset,57,1,"NotifyCompletedNode"
0044dcd6,Satisfy,33,2,"guard_check_icall"
0044dcf7,Satisfy,92,3,"guard_check_icall"
0044dd53,Satisfy,91,3,"destroyTimer guard_check_icall"
0044ddae,Satisfy,70,3,"NotifyCompletedNode guard_check_icall"
0044ddf4,Satisfy,66,3,"NotifyCompletedNode guard_check_icall"
0044de36,Set,71,1,"guard_check_icall"
0044de7d,SingleSatisfy,175,3,"DeleteAsyncTimerAndUnloadLibrary FUN_0044dbed NotifyCompletedNode Version __DeleteTimerQueueTimer guard_check_icall"
0044df2c,Sweep,58,2,"SweepResetNode SweepWaitNode"
0044df66,SweepResetNode,24,1,"guard_check_icall"
0044df7e,SweepResetNode,50,1,"guard_check_icall"
0044dfb0,SweepWaitNode,24,1,"guard_check_icall"
0044dfc8,SweepWaitNode,35,1,"guard_check_icall"
0044dfeb,SweepWaitNode,67,1,"guard_check_icall"
0044e02e,SweepWaitNode,55,1,"guard_check_icall"
0044e065,FUN_0044e065,48,2,"__CxxThrowException@8 bad_alloc"
0044e096,createTimer,99,2,"FUN_0044dbed RegisterAsyncTimerAndLoadLibrary Version __CreateTimerQueueTimer"
0044e0f9,destroyTimer,77,2,"DeleteAsyncTimerAndUnloadLibrary FUN_0044dbed Version __DeleteTimerQueueTimer"
0044e146,notify_all,108,1,"Destroy Satisfy guard_check_icall scoped_lock ~scoped_lock"
0044e1b2,notify_one,131,1,"Destroy Satisfy __EH_epilog3 __EH_prolog3 guard_check_icall scoped_lock ~scoped_lock"
0044e235,set,305,1,"FUN_004390f1 FUN_0044e065 FUN_00462e86 Satisfy __EH_prolog3_GS __alloca_probe_16 __freea guard_check_icall scoped_lock ~scoped_lock"
0044e366,wait,100,2,"Block Sweep TimedSingleWaitBlock __EH_epilog3 __EH_prolog3 lock scoped_lock unlock ~scoped_lock"
0044e3ca,wait,220,2,"Block Sweep WaitBlock _SpinOnce __EH_epilog3 __EH_prolog3 scoped_lock wait_for_multiple ~scoped_lock"
0044e4a6,wait_for,230,3,"Block FUN_00413160 Sweep TimedSingleWaitBlock __CxxThrowException@8 __EH_epilog3 __EH_prolog3 bad_alloc createTimer guard_check_icall lock scoped_lock unlock wait ~scoped_lock"
0044e58c,wait_for_multiple,702,4,"Block FUN_0042f60a FUN_0044dbed MultiWaitBlockHolder RegisterAsyncTimerAndLoadLibrary Satisfy Sweep Version __CreateTimerQueueTimer __CxxThrowException@8 __EH_epilog3 __EH_prolog3 bad_alloc scoped_lock wait ~MultiWaitBlockHolder ~scoped_lock"
0044e84a,__freea,30,1,"FID_conflict:_free"
0044e868,scheduler_resource_allocation_error,36,2,"FUN_00405a40"
0044e88c,FUN_0044e88c,37,0,"FUN_0042eb3b ~WaiterThreadPool"
0044e8b1,~WaiterThreadPool,34,1,"FUN_0044d0be notify"
0044e8d3,FUN_0044e8d3,45,2,"FUN_0042eb3b ___std_exception_destroy"
0044e900,FUN_0044e900,178,0,"DecodePointer GetLastError GetModuleHandleW GetProcAddress __CxxThrowException@8 scheduler_resource_allocation_error"
0044e9b3,__ChangeTimerQueueTimer,23,4,"ChangeTimerQueueTimer"
0044e9ca,__CloseThreadHandle,14,1,"CloseHandle"
0044e9d8,FUN_0044e9d8,86,1,"GetLastError __CxxThrowException@8 ___crtCreateEventExW scheduler_resource_allocation_error"
0044ea2f,__CreateThread,29,6,"CreateThread"
0044ea4c,__CreateTimerQueueTimer,32,7,"CreateTimerQueueTimer"
0044ea6c,__DeleteTimerQueueTimer,47,3,"DeleteTimerQueueTimer GetLastError"
0044ea9b,FUN_0044ea9b,33,1,"DecodePointer guard_check_icall"
0044eabc,FUN_0044eabc,138,1,"FUN_004390f1 GetLastError GetLogicalProcessorInformation __CxxThrowException@8 bad_alloc scheduler_resource_allocation_error"
0044eb47,FUN_0044eb47,181,2,"FUN_004390f1 GetLastError GetModuleHandleW GetProcAddress __CxxThrowException@8 bad_alloc guard_check_icall scheduler_resource_allocation_error"
0044ebfd,FUN_0044ebfd,70,0,"GetLastError GetNumaHighestNodeNumber __CxxThrowException@8 scheduler_resource_allocation_error"
0044ec44,__GetThreadGroupAffinity,90,2,"DecodePointer GetCurrentProcess GetProcessAffinityMask Version guard_check_icall"
0044ec9e,__GetThreadPriority,14,1,"GetThreadPriority"
0044ecac,thunk_FUN_00430cbd,5,0,""
0044ecb1,__InitializeCriticalSectionEx,21,2,"___crtInitializeCriticalSectionEx"
0044ecc6,FUN_0044ecc6,83,3,"GetLastError RegisterWaitForSingleObject __CxxThrowException@8 scheduler_resource_allocation_error"
0044ed1a,__SetThreadGroupAffinity,67,2,"DecodePointer SetThreadAffinityMask Version guard_check_icall"
0044ed5d,FUN_0044ed5d,69,2,"GetLastError SetThreadPriority __CxxThrowException@8 scheduler_resource_allocation_error"
0044eda3,FUN_0044eda3,23,4,"SignalObjectAndWait"
0044edba,__Sleep,14,1,"Sleep"
0044edc8,SwitchToThread,6,0,""
0044edce,FUN_0044edce,64,0,"GetLastError TlsAlloc __CxxThrowException@8 scheduler_resource_allocation_error"
0044ee0f,__TlsFree,14,1,"TlsFree"
0044ee1d,__TlsGetValue,14,1,"TlsGetValue"
0044ee2b,FUN_0044ee2b,69,2,"GetLastError TlsSetValue __CxxThrowException@8 scheduler_resource_allocation_error"
0044ee71,__UnregisterWait,14,1,"UnregisterWait"
0044ee7f,__WaitForThread,19,2,"WaitForSingleObjectEx"
0044ee92,notify,52,2,"SetEvent"
0044eed4,DeleteAsyncTimerAndUnloadLibrary,60,1,"CheckOneShotStaticDestruction FreeLibrary ___crtCloseThreadpoolTimer ___crtSetThreadpoolTimer ___crtWaitForThreadpoolTimerCallbacks"
0044ef10,DecodePointer,13,1,""
0044ef1d,FreeLibraryAndDestroyThread,42,1,"CheckOneShotStaticDestruction FreeLibraryAndExitThread"
0044ef47,InitializeCookie,78,0,"EncodePointer GetCurrentThread GetThreadTimes"
0044ef95,LoadLibraryAndCreateThread,70,6,"FUN_0044efdb __CreateThread"
0044efdb,FUN_0044efdb,149,0,"GetLastError GetModuleFileNameW GetModuleHandleA LoadLibraryExW __CxxThrowException@8 __security_check_cookie scheduler_resource_allocation_error"
0044f071,RegisterAsyncTimerAndLoadLibrary,97,4,"FUN_0044efdb ___crtCreateThreadpoolTimer ___crtSetThreadpoolTimer __allmul"
0044f0d2,RegisterAsyncWaitAndLoadLibrary,57,3,"FUN_0044efdb ___crtCreateThreadpoolWait ___crtSetThreadpoolWait"
0044f10b,UnRegisterAsyncTimerAndUnloadLibrary,54,2,"CheckOneShotStaticDestruction ___crtCloseThreadpoolTimer ___crtFreeLibraryWhenCallbackReturns ___crtSetThreadpoolTimer"
0044f141,UnRegisterAsyncWaitAndUnloadLibrary,53,2,"CheckOneShotStaticDestruction ___crtCloseThreadpoolWait ___crtFreeLibraryWhenCallbackReturns ___crtSetThreadpoolWait"
0044f176,_Acquire,16,1,"FastCurrentContext _Acquire"
0044f186,_Acquire,51,1,"_SpinOnce"
0044f1b9,FUN_0044f1b9,11,1,"FastCurrentContext"
0044f1cd,_TryAcquire,32,1,"FastCurrentContext _TryAcquire"
0044f1ed,_TryAcquire,21,1,""
0044f228,FUN_0044f228,17,1,""
0044f239,FUN_0044f239,17,1,""
0044f24a,FUN_0044f24a,27,2,"exception"
0044f265,FUN_0044f265,17,1,""
0044f276,FUN_0044f276,17,1,""
0044f287,FUN_0044f287,17,1,""
0044f298,FUN_0044f298,27,2,"exception"
0044f2b3,invalid_scheduler_policy_thread_specification,17,1,""
0044f2c4,FUN_0044f2c4,27,2,"exception"
0044f2df,missing_wait,17,1,""
0044f2f0,FUN_0044f2f0,17,1,""
0044f301,scheduler_resource_allocation_error,29,2,""
0044f31e,FUN_0044f31e,29,2,""
0044f33b,FUN_0044f33b,17,1,""
0044f34c,FUN_0044f34c,45,2,"FUN_0042eb3b ___std_exception_destroy"
0044f379,Block,28,0,"CurrentContext guard_check_icall"
0044f395,CurrentContext,5,0,""
0044f39a,HardwareAffinity,33,2,"__GetThreadGroupAffinity"
0044f3bb,ResourceManager,227,1,"DetermineTopology FUN_00413230 FUN_0044e9d8 InitializeSystemInformation ThreadProxyFactoryManager VirtualAlloc _NonReentrantBlockingLock __CxxThrowException@8 __EH_epilog3 __EH_prolog3 bad_alloc"
0044f4a9,FUN_0044f4a9,27,2,"FUN_00405a40"
0044f4c4,FUN_0044f4c4,17,1,""
0044f4d5,FUN_0044f4d5,27,2,"FUN_00405a40"
0044f4fd,~ResourceManager,213,1,"CloseHandle FID_conflict:_free FUN_0044d0be VirtualFree __CloseThreadHandle `vector_deleting_destructor' `vector_deleting_destructor' ~ThreadProxyFactoryManager"
0044f5d2,FUN_0044f5d2,56,1,"FUN_0044d491"
0044f60a,FUN_0044f60a,9,1,""
0044f613,`vector_deleting_destructor',136,2,"FUN_0042eb3b FUN_00462e63 `eh_vector_destructor_iterator'"
0044f69b,`scalar_deleting_destructor',41,2,"FUN_0042eb3b"
0044f6c4,AddTail,57,2,""
0044f6fd,FUN_0044f6fd,210,4,"FUN_00452c88"
0044f7cf,ApplyAffinityLimits,35,2,"FindGroupAffinity"
0044f7f2,ApplyAffinityRestrictions,49,1,"ApplyAffinityRestrictions"
0044f823,ApplyAffinityRestrictions,39,1,"ApplyAffinityLimits"
0044f84a,ApplyTo,18,2,"__SetThreadGroupAffinity"
0044f85c,CaptureProcessAffinity,288,0,"FUN_00413160 FUN_00462e86 GetCurrentProcess GetCurrentThread GetLastError GetProcessAffinityMask HardwareAffinity __CxxThrowException@8 __EH_prolog3_GS scheduler_resource_allocation_error"
0044f97c,CleanupTopologyInformation,27,0,"FID_conflict:_free"
0044f997,CommitStolenCores,271,2,"RemoveCore ToggleBorrowedState"
0044faa6,ComputeDesiredHWThreadsWithExternalThread,35,1,"DesiredHWThreads"
0044fac9,ComputeMinHWThreadsWithExternalThread,45,1,"MinVprocHWThreads"
0044faf6,CreateAllocatedNodeData,311,1,"FUN_00413230 __EH_epilog3 __EH_prolog3 _memset `vector_constructor_iterator'"
0044fc2d,FUN_0044fc2d,98,1,"FUN_0044ed5d GetLastError LoadLibraryAndCreateThread __CxxThrowException@8 scheduler_resource_allocation_error"
0044fc90,FUN_0044fc90,3,0,""
0044fc93,CreateSingleton,5,0,""
0044fc98,CreateSchedulerProxy,97,2,"FUN_00413160 SchedulerProxy __EH_epilog3 __EH_prolog3 guard_check_icall ~SchedulerPolicy"
0044fcf9,CreateSingleton,147,0,"DecodePointer FUN_00413160 ResourceManager SafeReference _Acquire __EH_epilog3 __EH_prolog3"
0044fd8c,CurrentSubscriptionLevel,106,3,"FUN_0044d345 FUN_0044d491 __EH_epilog3 __EH_prolog3"
0044fdf6,DesiredHWThreads,25,1,""
0044fe0f,DestroyAllocatedNodeData,60,2,"FID_conflict:_free"
0044fe4b,DetermineTopology,787,1,"CleanupTopologyInformation FUN_00413230 FindGroupAffinity Initialize _memset"
0045015e,DiscardExistingSchedulerStatistics,108,1,"guard_check_icall"
004501ca,DistributeCoresToSurvivingScheduler,421,1,"AddCore AdjustAllocationIncrease DesiredHWThreads SendResourceNotifications ToggleBorrowedState"
0045036f,DistributeExclusiveCores,322,6,"FindBestFitExclusiveAllocation FindCoreForPartiallyFilledNode"
004504b1,DistributeIdleCores,390,3,"DynamicAssignCores FindBestFitIdleAllocation"
00450637,DoCoreMigration,612,1,"DistributeExclusiveCores DistributeIdleCores FUN_0044f6fd IncreaseFullyLoadedSchedulerAllocations PopulateDynamicAllocationData PreProcessDynamicAllocationData PrepareReceiversForCoreTransfer ResetGlobalAllocationData"
0045089b,DynamicAssignCores,111,5,"AddCore"
0045090a,DynamicMigrateCores,363,5,"AddCore RemoveCore ToggleRMIdleState"
00450a75,DynamicRMThreadProc,25,1,"DynamicResourceManager FreeLibraryAndDestroyThread"
00450a8e,DynamicResourceManager,256,1,"DiscardExistingSchedulerStatistics DistributeCoresToSurvivingScheduler DoCoreMigration FUN_0044d345 FUN_0044d491 SendResourceNotifications WaitForSingleObjectEx __EH_epilog3 __EH_prolog3 thunk_FUN_00430cbd"
00450b8e,FindBestFitExclusiveAllocation,836,6,"DynamicAssignCores DynamicMigrateCores"
00450ed2,FindBestFitIdleAllocation,270,4,"DynamicAssignCores"
00450fe0,FindCoreForPartiallyFilledNode,267,5,"DynamicAssignCores DynamicMigrateCores"
004510eb,FindGroupAffinity,55,2,""
00451122,FlushStoreBuffers,50,1,"VirtualProtect ___crtFlushProcessWriteBuffers"
00451154,FUN_00451154,4,1,""
00451158,GetCoreCount,75,0,"InitializeSystemInformation _Acquire __EH_epilog3 __EH_prolog3"
004511a3,FUN_004511a3,271,2,"FUN_00430c76 FUN_0044ea9b FUN_0044f33b Version __CxxThrowException@8"
004512b3,FUN_004512b3,7,1,""
004512ba,FUN_004512ba,10,1,""
004512c4,FUN_004512c4,7,1,""
004512cb,FUN_004512cb,7,1,""
004512d2,GetNext,23,1,"GetNextGlobalCore"
004512e9,GetNext,23,1,"GetNextGlobalNode"
00451300,GetNextGlobalCore,37,2,""
00451325,GetNextGlobalNode,37,2,""
0045134a,GetCoreCount,75,0,"InitializeSystemInformation _Acquire __EH_epilog3 __EH_prolog3"
00451395,FUN_00451395,7,1,""
0045139c,Version,5,0,""
004513a1,GetCoreCount,5,0,""
004513a6,GetCoreCount,5,0,""
004513ab,GetSchedulerId,13,0,""
004513b8,GetTopologyInformation,41,1,"FUN_0044eabc FUN_0044eb47"
004513e1,HandleBorrowedCores,283,3,"RemoveCore ToggleBorrowedState ToggleRMIdleState"
004514fc,HandleSharedCores,343,3,"MinVprocHWThreads RemoveCore ToggleRMIdleState"
00451653,IncreaseFullyLoadedSchedulerAllocations,54,1,"AdjustAllocationIncrease DesiredHWThreads"
00451689,Initialize,63,4,"FUN_00413160"
004516c8,Initialize,285,7,"FUN_00413160 FUN_00413230 Initialize _memset"
004517e5,InitializeRMBuffers,194,1,"FID_conflict:_free FUN_00413230 _memset"
004518a7,InitializeSystemInformation,568,1,"ApplyAffinityRestrictions ApplyAffinityRestrictions CaptureProcessAffinity CleanupTopologyInformation FUN_00452b98 FindGroupAffinity GetTopologyInformation `scalar_deleting_destructor'"
00451adf,MinVprocHWThreads,25,1,""
00451af8,PerformAllocation,344,4,"CommitStolenCores ComputeDesiredHWThreadsWithExternalThread ComputeMinHWThreadsWithExternalThread CreateAllocatedNodeData DesiredHWThreads FUN_00452151 GrantAllocation MinVprocHWThreads PreProcessStaticAllocationData ReleaseCoresOnExistingSchedulers ReserveAtHigherUseCounts ReserveCores ResetGlobalAllocationData SetupStaticAllocationData"
00451c50,PopulateCommonAllocationData,200,4,"ToggleRMIdleState"
00451d18,PopulateDynamicAllocationData,296,1,"AdjustAllocationIncrease DesiredHWThreads FUN_00459a12 InitializeRMBuffers PopulateCommonAllocationData _memset guard_check_icall"
00451e40,PreProcessDynamicAllocationData,211,1,"HandleBorrowedCores HandleSharedCores MinVprocHWThreads"
00451f13,PreProcessStaticAllocationData,47,1,"HandleBorrowedCores"
00451f42,PrepareReceiversForCoreTransfer,527,2,""
00452151,FUN_00452151,982,5,"DesiredHWThreads FID_conflict:_free FUN_00413230 FUN_00452c88 MinVprocHWThreads ReleaseSchedulerResources ReserveCores"
00452527,Reference,10,1,""
00452531,FUN_00452531,69,3,"CreateSchedulerProxy FUN_0042f60a __CxxThrowException@8"
00452577,Release,171,1,"DecodePointer FUN_0042eb3b FUN_0044d345 FUN_0044d491 SetEvent _Acquire __EH_epilog3 __EH_prolog3 __WaitForThread ~ResourceManager"
00452622,ReleaseCoresOnExistingSchedulers,87,4,"ReleaseSchedulerResources ReserveCores"
00452679,ReleaseSchedulerResources,248,4,"MinVprocHWThreads"
00452771,Remove,54,2,""
004527a7,RemoveExecutionResource,119,2,"DecrementUseCounts DesiredHWThreads DistributeCoresToSurvivingScheduler FUN_0044d345 FUN_0044d491 SetEvent __EH_epilog3 __EH_prolog3"
0045281e,RequestInitialVirtualProcessors,277,3,"AddTail FUN_00413230 FUN_0044d345 FUN_0044d491 FUN_0044fc2d PerformAllocation ReferenceCurrentThreadExecutionResource SendResourceNotifications SetEvent __EH_epilog3 __EH_prolog3"
00452933,ReserveAtHigherUseCounts,54,3,"ReserveCores"
00452969,ReserveCores,470,4,"FUN_004511a3"
00452b3f,ResetGlobalAllocationData,89,1,""
00452b98,FUN_00452b98,239,0,"FUN_0044e900 FUN_0044f33b FUN_0045adb3 GetVersionExW __CxxThrowException@8 __security_check_cookie"
00452c88,FUN_00452c88,449,2,"FUN_00463570"
00452e49,SafeReference,31,1,""
00452e68,SendResourceNotifications,465,2,"SendCoreNotification"
00453039,SetupStaticAllocationData,209,3,"DesiredHWThreads InitializeRMBuffers PopulateCommonAllocationData _memset"
0045310a,Shutdown,211,2,"FUN_0044d345 FUN_0044d491 Remove SetEvent __EH_epilog3 __EH_prolog3 guard_check_icall"
004531dd,SubscribeCurrentThread,84,2,"FUN_0044d345 FUN_0044d491 PerformAllocation ReferenceCurrentThreadExecutionResource __EH_epilog3 __EH_prolog3"
00453231,ToggleRMIdleState,109,6,""
0045329e,Version,73,0,"FUN_00452b98 _Acquire __EH_epilog3 __EH_prolog3"
004532e7,_InternalDeleteHelper<Concurrency::details::ExternalContextBase>,34,1,"guard_check_icall"
00453309,_InternalDeleteHelper<Concurrency::details::InternalContextBase>,36,1,"guard_check_icall"
0045332d,_InternalDeleteHelper<Concurrency::details::ScheduleGroupBase>,34,1,"guard_check_icall"
0045334f,Hash<unsigned_int,unsigned_int>,62,2,"FUN_00413230 _memset"
0045338d,CacheLocalScheduleGroupSegment,58,4,"ScheduleGroupSegmentBase"
004533c7,FairScheduleGroupSegment,58,4,"ScheduleGroupSegmentBase"
00453401,NumaInformation,26,1,""
0045341b,QuickBitSet,70,2,"FUN_00413230 _memset"
00453461,SchedulerBase,796,2,"FUN_0044e9d8 FUN_0044edce FUN_00459086 GetCoreCount GetLastError Hash<unsigned_int,unsigned_int> InitializeSListHead ListArray<> RegisterAsyncTimerAndLoadLibrary RegisterWaitForSingleObject SchedulerPolicy Version _NonReentrantBlockingLock _ReaderWriterLock __CreateTimerQueueTimer __CxxThrowException@8 __EH_epilog3 __EH_prolog3 scheduler_resource_allocation_error"
0045377d,FUN_0045377d,27,2,"FUN_00405a40"
00453798,FUN_00453798,27,2,"FUN_00405a40"
004537b3,~Hash<>,19,1,"FID_conflict:_free Wipe"
004537c6,~ListArray<Concurrency::details::ExternalStatistics>,122,1,"DeleteElements FID_conflict:_free FUN_0042eb3b InterlockedFlushSList"
00453840,~ListArray<Concurrency::details::ScheduleGroupBase>,119,1,"DeleteElements FID_conflict:_free FUN_0042eb3b InterlockedFlushSList _InternalDeleteHelper<Concurrency::details::ScheduleGroupBase>"
004538b7,FUN_004538b7,23,1,"FID_conflict:_free"
004538ce,FUN_004538ce,10,1,"FID_conflict:_free"
004538d8,FUN_004538d8,23,1,"FID_conflict:_free"
004538ef,FUN_004538ef,7,1,""
004538f6,FUN_004538f6,7,1,""
004538fd,~SchedulerBase,187,1,"Cleanup FID_conflict:_free FUN_0044d0be FUN_004538d8 Wipe ~ListArray<Concurrency::details::ExternalStatistics> ~ListArray<Concurrency::details::ScheduleGroupBase> ~SchedulerPolicy"
004539b8,FUN_004539b8,56,1,"FUN_0044f1b9"
004539f0,operator[],72,2,""
00453a38,`vector_deleting_destructor',131,2,"FUN_0042eb3b FUN_004538b7 FUN_00462e63 `eh_vector_destructor_iterator'"
00453abb,FID_conflict:`scalar_deleting_destructor',37,2,"FUN_0042eb3b ~ScheduleGroupSegmentBase"
00453ae0,FUN_00453ae0,35,2,"FUN_0042eb3b"
00453b03,FUN_00453b03,35,2,"FUN_0042eb3b"
00453b26,FUN_00453b26,35,2,"FUN_0042eb3b"
00453b49,FUN_00453b49,35,2,"FUN_0042eb3b"
00453b6c,`scalar_deleting_destructor',37,2,"FUN_0042eb3b ~SchedulerBase"
00453b91,`scalar_deleting_destructor',98,2,"FUN_0042eb3b `eh_vector_destructor_iterator'"
00453bf3,FUN_00453bf3,35,2,"FUN_0042eb3b"
00453c16,Add,355,2,"FUN_00413160 FUN_00413230 _SpinOnce _memset"
00453d79,AddContext,51,2,"FUN_00413160 Push"
00453dac,AddHead,57,2,""
00453de5,AddTail,45,2,""
00453e12,AddTail,52,2,"AddTail FUN_0044d49d _AcquireWrite __EH_epilog3 __EH_prolog3"
00453e46,FUN_00453e46,184,3,"Activate AddVirtualProcessor FUN_0042f60a __CxxThrowException@8 guard_check_icall"
00453eff,AllocateSegment,59,3,"CacheLocalScheduleGroupSegment FUN_00413160 __EH_epilog3 __EH_prolog3"
00453f3a,AllocateSegment,76,3,"FUN_00413160 FairScheduleGroupSegment __EH_epilog3 __EH_prolog3"
00453f86,FUN_00453f86,71,1,"FUN_0044f265 FUN_00453fce FUN_0045463e TraceSchedulerEvent __CxxThrowException@8"
00453fce,FUN_00453fce,106,2,"FUN_0044f265 FUN_00455d51 FUN_0045744a FUN_0045790e FastCurrentContext GetExternalContext LeaveScheduler __CxxThrowException@8"
00454039,FUN_00454039,185,1,"FUN_0045bbff FastCurrentContext PhaseTwoShutdown ReleaseSuspendedVirtualProcessors guard_check_icall"
0045405c,CancelAllContexts,61,1,"FastCurrentContext ReleaseReservedContexts guard_check_icall"
00454099,ChangeThrottlingTimer,96,2,"Version __ChangeTimerQueueTimer ___crtSetThreadpoolTimer __allmul"
004540f9,CheckForDeletion,46,1,"DeleteElements"
00454127,CheckForDeletion,46,1,"DeleteElements"
00454155,CheckForDeletionBridge,12,1,"CheckForDeletion"
00454161,CheckForDeletionBridge,12,1,"CheckForDeletion"
0045416d,CheckOneShotStaticDestruction,38,0,"OneShotStaticDestruction"
00454193,CheckStaticConstruction,92,0,"FUN_00456621 OneShotStaticConstruction _Acquire __EH_epilog3 __EH_prolog3"
004541ef,Cleanup,175,1,"FID_conflict:_free FUN_0042eb3b StaticDestruction __TlsFree `vector_deleting_destructor' guard_check_icall ~SchedulingNode ~SchedulingRing"
0045429e,CommitSafePoints,67,1,"CommitToVersion FUN_0044f1b9 UpdateCommitVersion UpdatePendingVersion _Acquire"
004542e1,CommitToVersion,152,2,"Dequeue FUN_0044f1b9 _Acquire guard_check_icall"
00454379,ComputeSafePointCommitVersion,139,1,"operator[]"
00454404,CopyFrom,61,2,"Reallocate"
00454441,CreateContextFromDefaultScheduler,43,0,"FUN_00453fce GetDefaultScheduler guard_check_icall"
0045446c,FUN_0045446c,9,2,"InternalCreateScheduleGroup"
00454475,CreateScheduleGroup,33,1,"InternalCreateScheduleGroup"
00454496,CreateWithoutInitializing,38,1,"CheckStaticConstruction Create FUN_00459306"
004544bc,DecrementInternalContextCount,27,1,"Finalize"
004544d7,DeferredGetInternalContext,30,1,"SetEvent"
004544f5,DeleteElements,33,2,"FUN_0042eb3b"
00454516,DeleteElements,30,2,"_InternalDeleteHelper<Concurrency::details::ScheduleGroupBase>"
00454534,Dequeue,29,1,""
00454551,Dequeue,26,1,""
0045456b,Dequeue,52,1,"Dequeue FUN_0044f1b9 _Acquire __EH_epilog3 __EH_prolog3"
0045459f,DestroySchedulerEventHandlers,79,1,"CloseHandle DecrementInternalContextCount DeleteAsyncTimerAndUnloadLibrary UnregisterWaitEx Version __DeleteTimerQueueTimer"
004545ee,DetachExternalContext,67,3,"PopContextFromTls RejoinScheduler ReleaseExternalContext ReleaseForDetach"
00454631,FastCurrentContext,13,0,"__TlsGetValue"
0045463e,FUN_0045463e,19,0,"FUN_00455108 FastCurrentContext"
00454651,Fill,29,1,""
0045466e,Finalize,297,1,"CloseHandle FUN_0042eb3b InterlockedFlushSList RemoveHead SetEvent TraceSchedulerEvent _InternalDeleteHelper<Concurrency::details::ExternalContextBase> _InternalDeleteHelper<Concurrency::details::InternalContextBase> guard_check_icall"
00454797,FindCurrentNode,59,1,"FUN_0045bbff FastCurrentContext"
004547d2,FindNodeByLocation,91,2,"Find"
0045482d,FindScheduleGroupSegment,43,5,"operator[]"
00454858,FindVirtualProcessor,47,4,"operator[]"
00454887,FoundAvailableVirtualProcessor,250,4,"FindNodeByLocation FoundAvailableVirtualProcessor _Assign"
00454981,FoundBlockedContexts,42,1,""
004549ab,FoundUnstartedChores,201,1,"FUN_0045f2f8 HasUnrealizedChores operator[]"
00454a74,FUN_00454a74,9,1,"GetNextSchedulingRing"
00454a7d,GetBitSet,182,2,"CopyFrom Fill Find GetCoreCount QuickBitSet __EH_epilog3 __EH_prolog3"
00454b33,GetDefaultScheduler,156,0,"CreateWithoutInitializing Initialize SafeReference SchedulerPolicy _Acquire __EH_epilog3 __EH_prolog3 guard_check_icall operator= ~SchedulerPolicy"
00454bcf,GetExternalContext,96,2,"ExternalContextBase FUN_00413160 FUN_0046004b InterlockedPopEntrySList __EH_epilog3 __EH_prolog3"
00454c2f,FUN_00454c2f,240,2,"AddContext FUN_00454d39 FUN_00454f08 InterlockedPopEntrySList SpinUntilBlocked ThrottlingTime __EH_prolog3_catch guard_check_icall thunk_FUN_00430cbd"
00454d1f,Catch@00454d1f,23,0,"ReleaseInternalContext"
00454d39,FUN_00454d39,22,0,"__EH_epilog3"
00454d4f,GetNewContextId,13,1,""
00454d5c,GetNewScheduleGroupId,13,1,""
00454d69,GetNewWorkQueueId,13,0,""
00454d76,GetNextPriorityObject,53,1,"FUN_0044d49d RemoveHead _AcquireWrite"
00454dab,GetNextScheduleGroupSegment,60,4,"FindScheduleGroupSegment"
00454de7,GetNextSchedulingRing,45,3,"GetNextValidSchedulingRingIndex"
00454e14,GetNextSchedulingRing,33,1,"GetNextValidSchedulingRingIndex"
00454e35,GetNextValidSchedulingRingIndex,34,2,""
00454e57,GetNextVirtualProcessor,53,3,"FindVirtualProcessor"
00454e8c,GetPolicy,29,1,"SchedulerPolicy"
00454ea9,GetRealizedChore,95,3,"FUN_00413160 InterlockedPopEntrySList"
00454f08,FUN_00454f08,23,1,"InterlockedPopEntrySList"
00454f1f,GetRunnableContext,19,1,"Dequeue"
00454f32,GetSubAllocator,128,1,"FUN_00413160 InterlockedPopEntrySList __EH_epilog3 __EH_prolog3 `eh_vector_constructor_iterator'"
00454fb2,GetValidSchedulingRingIndex,35,2,"GetNextValidSchedulingRingIndex"
00454fd5,Grow,129,2,"FID_conflict:_free FUN_00413230 _memset"
00455056,Grow,115,2,"FID_conflict:_free FUN_00413230 Grow _memset"
004550c9,HasCompletedShutdown,19,1,""
004550dc,HashValue,44,2,""
00455108,FUN_00455108,4,1,""
0045510c,FUN_0045510c,7,1,""
00455113,Initialize,1187,1,"CreateSingleton FID_conflict:_free FUN_00413160 FUN_00413230 FUN_0044ebfd GetCoreCount GetCoreCount GetLastError GetSchedulerId GetValidSchedulingRingIndex Grow Grow Insert QuickBitSet SchedulingNode SchedulingRing TraceSchedulerEvent __CxxThrowException@8 __EH_epilog3 __EH_prolog3 ___crtCreateSemaphoreExW _memset `eh_vector_constructor_iterator' guard_check_icall scheduler_resource_allocation_error"
004555b6,FUN_004555b6,8,1,""
004555be,Insert,106,3,"FUN_00413160 HashValue Lookup"
00455628,InternalCreateScheduleGroup,198,2,"Add FUN_00413160 Initialize InterlockedPopEntrySList ScheduleGroupBase __EH_epilog3 __EH_prolog3"
004556ee,InternalRelease,57,1,"RemoveScheduleGroup guard_check_icall"
00455727,Intersects,62,2,""
00455765,InvokeAtNextSafePoint,59,4,"InvokeOnSafePoint guard_check_icall"
004557a0,InvokeOnSafePoint,68,2,"FUN_0044f1b9 PublishNewDataVersion _Acquire"
004557e4,IsActive,29,1,""
00455801,IsAvailableLocation,54,2,"FID_conflict:_free GetBitSet Intersects"
00455837,Lookup,42,3,""
00455861,FUN_00455861,17,1,""
00455872,MarkSafePoint,34,2,""
00455894,NotifyThrottledContext,138,2,"ExerciseClaim ExerciseWith FoundAvailableVirtualProcessor InterlockedPushEntrySList"
0045591e,OneShotStaticConstruction,20,0,"FUN_0044d47a FUN_0044edce FUN_004603e2"
00455932,OneShotStaticDestruction,25,0,"FUN_00460428 __TlsFree"
0045594b,PerformServiceScan,427,2,"AddHead FUN_0044d49d FindScheduleGroupSegment FindVirtualProcessor GetNextScheduleGroupSegment GetNextVirtualProcessor _AcquireWrite"
00455af6,PhaseOneShutdown,118,1,"DecrementInternalContextCount FUN_00454039 _Acquire"
00455b6c,PhaseTwoShutdown,149,1,"CommitToVersion DecrementInternalContextCount FUN_00455108 FastCurrentContext ReleaseSuspendedVirtualProcessors guard_check_icall"
00455c01,PublishNewDataVersion,24,1,""
00455c19,Push,30,2,""
00455c37,PushRunnableToInactive,104,3,"ExerciseWith FastCurrentContext FastCurrentContext FoundAvailableVirtualProcessor _Assign"
00455c9f,Reallocate,55,2,"FID_conflict:_free FUN_00413230"
00455cd6,FUN_00455cd6,16,1,""
00455ce6,FUN_00455ce6,106,1,"FUN_0044f276 FUN_00455108 FastCurrentContext Resurrect __CxxThrowException@8"
00455d51,FUN_00455d51,30,1,"guard_check_icall"
00455d6f,FUN_00455d6f,160,2,"AddTail DuplicateHandle FUN_00413160 FUN_0042f60a GetCurrentProcess GetLastError __CxxThrowException@8 scheduler_resource_allocation_error"
00455e10,InternalRelease,5,1,""
00455e15,Release,24,1,"PhaseOneShutdown"
00455e2d,ReleaseExternalContext,66,2,"InterlockedPushEntrySList QueryDepthSList RemoveFromUse _InternalDeleteHelper<Concurrency::details::ExternalContextBase>"
00455e6f,ReleaseForDetach,30,1,"guard_check_icall"
00455e8d,ReleaseInternalContext,73,3,"InterlockedPushEntrySList guard_check_icall"
00455ed6,ReleaseRealizedChore,79,2,"InterlockedPushEntrySList QueryDepthSList guard_check_icall"
00455f25,ReleaseReservedContexts,107,1,"InterlockedPopEntrySList ReleaseInternalContext guard_check_icall"
00455f90,ReleaseSuspendedVirtualProcessors,30,2,"ReleaseSemaphore"
00455fae,Remove,50,2,""
00455fe0,Remove,261,4,"InterlockedFlushSList InterlockedPushEntrySList InvokeAtNextSafePoint QueryDepthSList"
004560e5,Remove,261,4,"InterlockedFlushSList InterlockedPushEntrySList InvokeAtNextSafePoint QueryDepthSList"
004561ea,RemoveHead,40,1,""
00456212,RemoveHead,36,1,""
00456236,RemoveHead,52,1,"FUN_0044d49d RemoveHead _AcquireWrite __EH_epilog3 __EH_prolog3"
0045626a,RemovePrioritizedObject,60,2,"FUN_0044d49d Remove _AcquireWrite"
004562a6,RemoveScheduleGroup,24,2,"Remove"
004562be,RemoveSegments,14,1,"RemoveSegments"
004562cc,FUN_004562cc,251,3,"FUN_0042f60a FindMatchingVirtualProcessor GetAndResetOversubscribedVProc MarkForRetirement SwitchToThread _SpinOnce __CxxThrowException@8 guard_check_icall"
004563c8,Resurrect,71,1,"SpinUntilBitsSet"
0045640f,ReturnSubAllocator,66,1,"InterlockedPushEntrySList QueryDepthSList `scalar_deleting_destructor'"
00456451,FUN_00456451,28,0,"__TlsGetValue"
0045646d,SafeReference,34,1,""
0045648f,ScheduleTask,73,3,"FUN_00455108 FastCurrentContext GetScheduleGroup guard_check_icall"
004564d8,ScheduleTask,54,4,"FUN_00455108 FastCurrentContext GetScheduleGroup ScheduleTask"
0045650e,SetNextSchedulingRing,37,2,"GetNextValidSchedulingRingIndex"
00456533,SpinUntilBitsReset,51,2,"_SpinOnce"
00456566,SpinUntilBitsSet,60,2,"_SpinOnce"
004565a2,StartupNewVirtualProcessor,40,3,"StartupVirtualProcessor _Assign"
004565ca,StartupVirtualProcessor,87,4,"ExerciseClaim FastCurrentContext FoundAvailableVirtualProcessor _Assign"
00456621,FUN_00456621,125,0,"Etw FUN_00413160 RegisterGuids _Acquire __EH_epilog3 __EH_prolog3"
0045662f,StaticDestruction,86,0,"InterlockedPopEntrySList _Acquire _UnregisterConcRTEventTracing __EH_epilog3 __EH_prolog3 `scalar_deleting_destructor'"
00456685,Statistics,318,4,"FUN_0042eb3b IsActive Remove operator[]"
00456859,ThrottlerDispatch,279,1,"ChangeThrottlingTimer FUN_00454c2f GetNextSchedulingRing NotifyThrottledContext StartupVirtualProcessor ThrottlingTime _Assign thunk_FUN_00430cbd"
00456970,ThrottlerDispatchBridge,15,3,"ThrottlerDispatch"
0045697f,ThrottlerDispatchBridgeXP,15,2,"ThrottlerDispatch"
0045698e,ThrottlerTrampoline,61,2,"ChangeThrottlingTimer ThrottlerDispatch ThrottlingTime thunk_FUN_00430cbd"
004569cb,ThrottlingTime,151,2,""
00456a62,ThrowSchedulerEvent,109,3,"Trace _memset"
00456acf,TraceSchedulerEvent,42,4,"ThrowSchedulerEvent"
00456af9,TriggerCommitSafePoints,53,2,"FUN_0044f1b9 PublishNewDataVersion _Acquire"
00456b2e,TypeOfWorkPending,46,1,"FoundBlockedContexts FoundUnstartedChores"
00456b5c,UpdateCommitVersion,72,2,"ComputeSafePointCommitVersion"
00456ba4,UpdatePendingVersion,50,1,"ComputeSafePointCommitVersion"
00456bd6,VirtualProcessorActive,175,2,"FUN_00454039 SpinUntilBitsReset guard_check_icall"
00456c85,VirtualProcessorIdle,95,2,"FUN_00454039 FastCurrentContext WaitForSingleObjectEx"
00456ce4,Wipe,77,1,"FUN_0042eb3b _memset"
00456d31,_Assign,53,2,""
00456d66,CancellationBeaconStack,25,1,"FUN_00413230"
00456d7f,ContextBase,209,3,"CancellationBeaconStack GetNewContextId Hash<unsigned_int,unsigned_int> TraceContextEvent _ReaderWriterLock __EH_epilog3 __EH_prolog3 guard_check_icall"
00456e50,FUN_00456e50,23,1,"FID_conflict:_free"
00456e67,FUN_00456e67,23,1,"FID_conflict:_free"
00456e7e,~CancellationBeaconStack,60,1,"FID_conflict:_free FUN_0042eb3b"
00456eba,FUN_00456eba,7,1,""
00456ec1,~ContextBase,46,1,"FID_conflict:_free Wipe ~CancellationBeaconStack"
00456eef,FUN_00456eef,23,1,"FID_conflict:_free"
00456f06,FUN_00456f06,59,1,"FUN_0044d499"
00456f41,operator==,36,2,""
00456f65,operator[],54,2,""
00456f9b,FUN_00456f9b,35,2,"FUN_0042eb3b"
00456fbe,`scalar_deleting_destructor',37,2,"FUN_0042eb3b ~ContextBase"
00456fe3,`scalar_deleting_destructor',44,2,"FUN_0042eb3b FUN_00456e50 FUN_00456e67"
0045700f,Add,355,2,"FUN_00413160 FUN_00413230 _SpinOnce _memset"
00457172,AddStealer,42,3,"AddTail"
0045719c,AddTail,47,2,""
004571cb,AddTail,52,2,"AddTail FUN_0044d49d _AcquireWrite __EH_epilog3 __EH_prolog3"
004571ff,CancelCollection,103,2,"FlagCancellationBeacons"
00457266,CancelCollectionComplete,48,2,"RecomputeMaximumCancellationDepth"
00457296,CancelStealers,202,2,"CancelCollection CancelStealers FUN_0044d499 IsCanceledAtDepth _AcquireRead __EH_epilog3 __EH_prolog3"
00457360,CheckForDeletion,38,1,"DeleteElements HasCompletedShutdown"
00457386,CheckForDeletionBridge,12,1,"CheckForDeletion"
00457392,Claim,71,2,"Dereference"
004573d9,Cleanup,48,1,"ReleaseWorkQueue TraceContextEvent guard_check_icall"
00457409,ClearAliasTable,65,1,"NextList Wipe _ReleaseAlias"
0045744a,FUN_0045744a,16,0,"FUN_0044ee2b"
0045745a,CreateWorkQueue,127,1,"Add FUN_00413160 GetDetachedWorkQueue InterlockedPopEntrySList Reinitialize WorkQueue __EH_epilog3 __EH_prolog3"
004574d9,DeleteElements,34,2,"`scalar_deleting_destructor'"
004574fb,Dereference,27,1,"InvokeAtNextSafePoint"
00457516,DetachStealers,276,1,"AddTail ClearAliasTable FUN_0044d49d FUN_00457632 FUN_00457649 FUN_00458a6b Remove _AcquireWrite _FlushWriteOwners _SpinOnce _TryAcquireWrite __SEH_epilog4 __SEH_prolog4 __Sleep"
00457632,FUN_00457632,12,0,"FUN_0044d49d"
00457649,FUN_00457649,15,0,"FUN_0044d49d"
00457658,FUN_00457658,8,1,""
00457660,FUN_00457660,11,1,""
0045766b,FUN_0045766b,8,1,""
00457673,FUN_00457673,11,1,""
0045767e,FindAndDelete,66,3,"FUN_0042eb3b HashValue Remove"
004576c0,FlagCancellationBeacons,72,2,"operator[]"
00457708,FUN_00457708,20,1,""
0045771c,FUN_0045771c,4,1,""
00457720,GetScheduleGroup,17,1,""
00457731,GetScheduleGroupId,39,1,"guard_check_icall"
00457758,IsCanceledAtDepth,234,3,"_GetTokenState _IsMarkedForAbnormalExit _SafeGetParent"
00457842,LockedSetOwningContext,35,2,"FUN_0044f1b9 _Acquire"
00457865,NextList,49,2,""
00457896,Pop,90,1,"Claim SyncPop"
004578f0,PopContextFromTls,30,1,"FUN_0044ee2b"
0045790e,FUN_0045790e,27,2,"FUN_0044ee2b"
00457929,RecomputeMaximumCancellationDepth,137,1,"_IsMarkedForAbnormalExit _SafeGetParent"
004579b2,FUN_004579b2,5,1,""
004579b7,ReleaseWorkQueue,87,1,"DetachActiveWorkQueue DetachStealers LockedSetOwningContext Remove"
00457a0e,Remove,72,3,""
00457a56,Remove,46,2,""
00457a84,Remove,253,4,"HasCompletedShutdown InterlockedFlushSList InterlockedPushEntrySList InvokeAtNextSafePoint QueryDepthSList"
00457b81,Remove,52,2,"FUN_0044d49d Remove _AcquireWrite __EH_epilog3 __EH_prolog3"
00457bb5,RemoveStealer,22,2,"Remove"
00457bcb,FUN_00457bcb,15,1,"FUN_0044ee2b"
00457bda,FastCurrentContext,5,0,""
00457bdf,SweepAliasTable,132,1,"FUN_0042eb3b FUN_00458c8a FindAndDelete NextList _IsStaleAlias ~_TaskCollection"
00457c63,FUN_00457c63,190,4,"FUN_0044f1b9 FUN_0046087f _Acquire __EH_epilog3 __EH_prolog3 guard_check_icall"
00457c6f,SyncPop,153,1,"Claim FUN_0044f1b9 _Acquire __EH_epilog3 __EH_prolog3"
00457d08,ThrowContextEvent,115,4,"Trace _memset"
00457d7b,TraceContextEvent,45,5,"ThrowContextEvent"
00457da8,TryPop,99,2,"Claim Pop"
00457e0b,TryPopUnstructured,15,2,"TryPop"
00457e1a,_SafeGetParent,20,1,""
00457e2e,atomic_compare_exchange<long>,39,3,"_Atomic_compare_exchange_strong_4"
00457e55,wait<<lambda_cf8f1d893b3a87da856048d6f694e263>_>,44,3,"_Cnd_waitX"
00457e81,CancellationTokenRegistration_TaskProc,45,4,"_CancellationTokenRegistration"
00457eae,_CancellationTokenRegistration,75,2,"__Mtx_init_in_situ create_stl_condition_variable"
00457ef9,FUN_00457ef9,27,2,"FUN_00405a40"
00457f25,_TaskCollection,241,3,"CreateWorkQueue CurrentContext FastCurrentContext _Initialize _IsValid __EH_epilog3 __EH_prolog3 event set"
00458016,FUN_00458016,27,2,"FUN_00405a40"
00458031,~_MallocaArrayHolder<>,16,1,"__freea"
00458041,~lock_guard<std::mutex>,57,1,"_Mtx_unlockX"
0045807a,~unique_lock<std::mutex>,63,1,"_Mtx_unlockX"
004580b9,~TaskStack,16,1,"FID_conflict:_free"
004580c9,~_CancellationTokenRegistration,37,1,"__Cnd_destroy_in_situ __Mtx_destroy_in_situ"
004580ee,~_TaskCollection,222,1,"FUN_0042eb3b _IsDirectAlias _IsValid _Release _ReleaseAlias _TaskCleanup __CxxThrowException@8 __ExceptionPtrDestroy missing_wait ~TaskStack ~event"
004581cc,FUN_004581cc,8,1,"__ExceptionPtrDestroy"
004581d4,FID_conflict:`scalar_deleting_destructor',44,2,"FUN_0042eb3b __freea"
00458200,`scalar_deleting_destructor',34,2,"FUN_0042eb3b ~_CancellationTokenRegistration"
00458222,`scalar_deleting_destructor',34,2,"FUN_0042eb3b ~_CancellationTokenRegistration"
00458244,FUN_00458244,35,2,"FUN_0042eb3b"
00458267,AddArbitraryAlias,35,3,"Insert SweepAliasTable"
0045828a,Find,54,3,"HashValue Lookup"
004582c0,GetArbitraryAlias,100,2,"FUN_0042eb3b Find FindAndDelete ~_TaskCollection"
00458324,_Abort,303,2,"FastCurrentContext TryPopUnstructured _AbortiveSweep _Cancel _FullAliasWait _IsDirectAlias _IsIndirectAlias _NotifyCompletedChoreAndFree _Reset"
00458453,_AbortiveSweep,74,2,"FUN_00457c63 FastCurrentContext"
0045849d,_Alias,140,1,"AddArbitraryAlias CreateWorkQueue CurrentContext FUN_00413160 FUN_0045771c GetArbitraryAlias _TaskCollection __EH_epilog3 __EH_prolog3"
00458529,_Atomic_compare_exchange_strong_4,111,5,"FID_conflict:_Compare_exchange_relaxed_4 _Memory_order_upper_bound"
00458598,_Cancel,81,1,"CancelCollection CancelStealers CurrentContext _FinishCancelState _MarkCancellation"
004585e9,_Cancel,161,3,"CancelCollection _AbortiveSweep _Alias _CancelDirectAliases _CancelFromArbitraryThread _CancelStolenContexts _IsIndirectAlias _SetCancelState"
0045868a,_CancelDirectAliases,31,3,"_CancelFromArbitraryThread"
004586a9,_CancelFromArbitraryThread,165,2,"CancelCollection _AbortiveSweep _CancelStolenContexts"
0045874e,_CancelStolenContexts,139,3,"CancelCollection CancelStealers FUN_0044d499 _AcquireRead __EH_epilog3 __EH_prolog3"
004587d9,_Cnd_broadcastX,31,1,"_Throw_C_error __Cnd_broadcast"
004587f8,_Cnd_waitX,35,2,"_Throw_C_error __Cnd_wait"
0045881b,FUN_0045881b,19,2,""
0045882e,FID_conflict:_Compare_exchange_relaxed_4,39,3,""
00458855,_CountUp,48,1,"Set _Initialize"
00458885,_DeregisterCallback,201,2,"GetCurrentThreadId _Mtx_lockX _Mtx_unlockX _Release __EH_epilog3 __EH_prolog3 atomic_compare_exchange<long> remove wait<<lambda_cf8f1d893b3a87da856048d6f694e263>_>"
0045894e,FUN_0045894e,28,1,"guard_check_icall"
0045896a,FUN_0045896a,19,1,"guard_check_icall"
0045897d,_FullAliasWait,238,2,"FUN_004390f1 FUN_0044e065 FUN_00462e86 __EH_prolog3_GS __alloca_probe_16 __freea wait wait_for_multiple"
00458a6b,FUN_00458a6b,4,1,""
00458a6f,_Initialize,86,1,"_SpinOnce"
00458ac5,_Initialize,53,1,"_ReaderWriterLock __EH_epilog3 __EH_prolog3"
00458afa,_Invoke,135,1,"GetCurrentThreadId _Cnd_broadcastX _Mtx_lockX _Mtx_unlockX _Release __EH_epilog3 __EH_prolog3 atomic_compare_exchange<long> guard_check_icall"
00458b81,_IsDirectAlias,19,1,""
00458b94,_IsIndirectAlias,19,1,""
00458ba7,_IsMarkedForAbnormalExit,14,1,""
00458bb5,_IsStaleAlias,9,1,""
00458bbe,_IsValid,24,1,""
00458bd6,_Memory_order_upper_bound,37,2,""
00458bfb,_Mtx_lockX,31,1,"_Throw_C_error __Mtx_lock"
00458c1a,_Mtx_unlockX,31,1,"_Throw_C_error __Mtx_unlock"
00458c39,_NotifyCompletedChoreAndFree,81,2,"_InternalFree guard_check_icall set"
00458c8a,FUN_00458c8a,4,1,""
00458c8e,_RegisterCallback,63,4,"CancellationTokenRegistration_TaskProc FUN_00413160 _RegisterCallback"
00458ccd,_RegisterCallback,114,2,"_Invoke _Mtx_lockX _Mtx_unlockX __EH_epilog3 __EH_prolog3 push_back"
00458d3f,_Release,38,1,"guard_check_icall"
00458d65,_ReleaseAlias,58,1,"FUN_0042eb3b ~_TaskCollection"
00458d9f,_Reset,253,2,"CancelCollectionComplete FastCurrentContext _IsDirectAlias _Reset _RethrowException _SpinOnce"
00458e9c,_SetCancelState,58,2,""
00458ed6,_SweepAbortedChore,25,2,"_NotifyCompletedChoreAndFree"
00458eef,_TaskCleanup,84,2,"_Abort _IsDirectAlias ___uncaught_exception"
00458f43,push_back,62,2,"FUN_00413160"
00458f81,remove,68,2,"FUN_0042eb3b"
00458fc5,SchedulerPolicy,32,2,"_Initialize"
00458fe5,SchedulerPolicy,38,2,"FUN_00413160 FUN_00432530"
0045900b,FUN_0045900b,27,2,"FUN_00405a40"
00459026,FUN_00459026,27,2,"FUN_00405a40"
00459041,FUN_00459041,27,2,"FUN_00405a40"
0045905c,~SchedulerPolicy,12,1,"FUN_0042eb3b"
00459068,operator=,30,2,"FUN_00432530"
00459086,FUN_00459086,55,2,"FUN_0044f298 _StringFromPolicyKey __CxxThrowException@8"
004590be,_AreConcurrencyLimitsValid,30,2,""
004590dc,_Initialize,217,3,"FUN_00413160 FUN_00432530 FUN_0044f298 FUN_0044f2c4 _AreConcurrencyLimitsValid _ResolvePolicyValues _StringFromPolicyKey _ValidPolicyValue __CxxThrowException@8 __EH_epilog3 __EH_prolog3_catch invalid_scheduler_policy_thread_specification"
004591b5,Catch_All@004591b5,18,0,"FUN_0042eb3b"
004591c7,_ResolvePolicyValues,72,1,"GetCoreCount"
0045920f,_StringFromPolicyKey,23,1,""
00459226,_ValidPolicyValue,184,2,"FUN_00439997"
00459306,FUN_00459306,59,1,"FUN_0044f2c4 _StringFromPolicyKey __CxxThrowException@8"
00459342,ExecutionResource,98,4,""
004593a4,ExecutionResource,84,3,""
004593f8,CurrentSubscriptionLevel,18,1,"CurrentSubscriptionLevel"
0045940a,DecrementUseCounts,108,1,"ApplyTo DecrementCoreSubscription DecrementFixedCoreCount DecrementUseCounts DestroyExecutionResource GetCurrentThread RemoveThreadSubscription ResetCurrent"
00459476,FUN_00459476,4,1,""
0045947a,IncrementUseCounts,205,1,"AddExecutionResource AddThreadSubscription ApplyTo GetCurrentThread HardwareAffinity IncrementCoreSubscription IncrementFixedCoreCount SetAsCurrent __security_check_cookie"
00459547,FUN_00459547,96,2,"FUN_0042f60a FUN_0044f4c4 GetCurrentThreadExecutionResource RemoveExecutionResource __CxxThrowException@8"
004595a8,ResetCurrent,28,1,"FUN_0044ee2b"
004595c4,SetAsCurrent,35,1,"FUN_0044ee2b __TlsGetValue"
004595e7,sign<unsigned_int>,24,1,""
004595ff,FUN_004595ff,58,1,""
00459639,FUN_00459639,143,4,""
004596c8,FUN_004596c8,35,3,""
004596eb,CalculateThroughput,61,5,""
00459728,FUN_00459728,190,3,"FUN_00459bd4 FUN_0046482c GetHistory Mean __CIsqrt"
004597e6,CoefficientOfVariationMean,57,1,"FUN_00459bd4 Mean __CIsqrt"
0045981f,EstablishControlSetting,69,2,"FUN_00459864 GetHistory"
00459864,FUN_00459864,70,1,""
004598aa,GetHistory,43,2,""
004598d5,FUN_004598d5,25,1,""
004598ee,IsStableHistory,48,2,"CoefficientOfVariationMean"
0045991e,Mean,34,1,""
00459940,RecommendControlSetting,210,2,"DesiredHWThreads FUN_00459728 GetHistory MinVprocHWThreads sign<unsigned_int>"
00459a12,FUN_00459a12,450,5,"CalculateThroughput EstablishControlSetting FUN_004595ff FUN_004596c8 FUN_00459728 FUN_004598d5 FUN_00463570 GetHistory IsStableHistory MinVprocHWThreads RecommendControlSetting"
00459bd4,FUN_00459bd4,78,0,""
00459c22,SchedulerProxy,602,4,"FUN_00413160 FUN_00413230 FUN_00459086 FUN_00459639 GetCoreCount GetCoreCount GetCurrentThread Reference _NonReentrantBlockingLock __EH_epilog3 __EH_prolog3 __GetThreadPriority guard_check_icall"
00459e7c,~SchedulerProxy,95,1,"DestroyAllocatedNodeData FID_conflict:_free FUN_0044d0be Release"
00459edb,AddCore,210,4,"AddVirtualProcessorRoots FID_conflict:_free FUN_00413230 ToggleBorrowedState guard_check_icall"
00459fad,AddExecutionResource,73,2,"AddTail FUN_0044d345 FUN_0044d491 __EH_epilog3 __EH_prolog3"
00459ff6,AddTail,57,2,""
0045a02f,AddThreadSubscription,15,2,"AddTail"
0045a03e,AddVirtualProcessorRoots,172,3,"AddTail FUN_0044d345 FUN_0044d491 __EH_epilog3 __EH_prolog3 guard_check_icall"
0045a0ea,AdjustAllocationIncrease,112,2,"DesiredHWThreads"
0045a15a,FUN_0045a15a,91,2,"FUN_0042f60a __CxxThrowException@8 guard_check_icall"
0045a1b6,Cleanup,206,1,"FUN_0042eb3b ResetSubscriptionLevel guard_check_icall"
0045a284,CreateExternalThreadResource,71,3,"ExecutionResource FUN_00413160 IncrementUseCounts __EH_epilog3 __EH_prolog3"
0045a2cb,CreateOversubscriber,186,2,"AddTail FUN_0042f60a FUN_0044d345 FUN_0044d491 FUN_004646ff __CxxThrowException@8 __EH_epilog3 __EH_prolog3 guard_check_icall"
0045a385,CreateVirtualProcessorRoot,56,3,"FUN_00413160 FreeVirtualProcessorRoot __EH_epilog3 __EH_prolog3"
0045a3bd,DecrementCoreSubscription,74,2,"SetEvent"
0045a407,DecrementFixedCoreCount,123,4,"ToggleBorrowedState"
0045a482,DeleteThis,27,1,"FUN_0042eb3b ~SchedulerProxy"
0045a49d,DestroyExecutionResource,133,2,"FUN_0042eb3b FUN_0044d345 FUN_0044d491 Remove __EH_epilog3 __EH_prolog3"
0045a522,DestroyVirtualProcessorRoot,137,2,"FUN_0044d345 FUN_0044d491 Remove __EH_epilog3 __EH_prolog3 guard_check_icall"
0045a5ab,FinalShutdown,28,1,"Cleanup guard_check_icall"
0045a5c7,GetCurrentThreadExecutionResource,29,1,"__TlsGetValue"
0045a5e4,GetNewThreadProxy,77,2,"AssociateExecutionContext GetFreeThreadProxyFactory guard_check_icall"
0045a631,GetResourceForNewSubscription,78,2,"ExecutionResource FUN_00413160 IncrementUseCounts __EH_epilog3 __EH_prolog3"
0045a67f,GrantAllocation,735,4,"AddVirtualProcessorRoots CreateExternalThreadResource FID_conflict:_free FUN_00413230 FUN_004511a3 MinVprocHWThreads RemoveCore guard_check_icall"
0045a95e,IncrementCoreSubscription,78,2,"SetEvent"
0045a9ac,IncrementFixedCoreCount,136,4,"ToggleBorrowedState"
0045aa34,ReferenceCurrentThreadExecutionResource,171,1,"GetResourceForNewSubscription IncrementUseCounts __TlsGetValue guard_check_icall"
0045aadf,Remove,54,2,""
0045ab15,RemoveCore,234,3,"FUN_0044d345 FUN_0044d491 ToggleBorrowedState __EH_epilog3 __EH_prolog3 guard_check_icall"
0045abff,RemoveThreadSubscription,44,2,"FUN_0042eb3b Remove"
0045ac2b,RequestInitialVirtualProcessors,19,2,"RequestInitialVirtualProcessors"
0045ac3e,SendCoreNotification,228,3,"FID_conflict:_free FUN_00413230 FUN_0044d345 FUN_0044d491 FUN_00462e86 __EH_prolog3_GS guard_check_icall"
0045ad22,Shutdown,10,1,"Shutdown"
0045ad2c,SubscribeCurrentThread,10,1,"SubscribeCurrentThread"
0045ad36,ToggleBorrowedState,51,3,""
0045ad69,FUN_0045ad69,73,1,"FUN_0042f60a ReturnIdleProxy __CxxThrowException@8 guard_check_icall"
0045adb3,FUN_0045adb3,176,0,"DecodePointer GetLastError GetModuleHandleW GetProcAddress LoadLibraryExW __CxxThrowException@8 scheduler_resource_allocation_error"
0045ae64,FUN_0045ae64,33,1,"DecodePointer guard_check_icall"
0045ae85,FUN_0045ae85,26,0,"DecodePointer guard_check_icall"
0045ae9f,ThreadProxyFactory<Concurrency::details::FreeThreadProxy>,59,2,"InitializeSListHead"
0045aeda,FreeThreadProxy,55,3,"FUN_00461433"
0045af11,FreeThreadProxyFactory,44,2,"ThreadProxyFactory<Concurrency::details::FreeThreadProxy>"
0045af3d,ThreadProxyFactoryManager,52,1,"FUN_0044edce _NonReentrantBlockingLock __EH_epilog3 __EH_prolog3"
0045af71,~ThreadProxyFactoryManager,119,1,"FUN_0044d0be __TlsFree guard_check_icall"
0045afe8,FUN_0045afe8,35,2,"FUN_0042eb3b"
0045b00b,`scalar_deleting_destructor',40,2,"FUN_0042eb3b ~ThreadProxy"
0045b033,`scalar_deleting_destructor',35,2,"FUN_0042eb3b"
0045b056,FUN_0045b056,35,2,"FUN_0042eb3b"
0045b079,Create,53,2,"FUN_00413160 FreeThreadProxy __EH_epilog3 __EH_prolog3"
0045b0ae,CreateFactory,42,1,"FUN_00413160 FreeThreadProxyFactory StaticInitialize"
0045b0d8,FUN_0045b0d8,4,1,""
0045b0dc,GetFreeThreadProxyFactory,72,1,"CreateFactory FUN_0044d345 FUN_0044d491 __EH_epilog3 __EH_prolog3"
0045b124,Prepare,24,3,"SetPriority"
0045b13c,ReclaimProxy,98,2,"InterlockedPushEntrySList QueryDepthSList guard_check_icall"
0045b19e,ReclaimProxy,163,2,"InterlockedFlushSList InterlockedPushEntrySList QueryDepthSList guard_check_icall"
0045b241,FUN_0045b241,10,1,""
0045b24b,Release,44,1,"guard_check_icall"
0045b277,RequestProxy,130,3,"InterlockedPopEntrySList guard_check_icall"
0045b2f9,FUN_0045b2f9,15,1,"FUN_004615a7"
0045b308,RetireThreadProxies,109,1,"InterlockedFlushSList guard_check_icall"
0045b375,ShutdownFactory,32,1,"RetireThreadProxies guard_check_icall"
0045b395,StaticInitialize,23,0,"GetCoreCount"
0045b3ac,SwitchToThread,5,0,""
0045b3b1,Etw,204,1,"DecodePointer GetLastError GetProcAddress LoadLibraryExW LoadLibraryW"
0045b47d,ControlCallback,199,4,"GetEnableFlags GetEnableLevel GetLastError GetLoggerHandle SetLastError"
0045b544,GetEnableFlags,60,2,"DecodePointer EncodePointer SetLastError guard_check_icall"
0045b580,GetEnableLevel,60,2,"DecodePointer EncodePointer SetLastError guard_check_icall"
0045b5bc,GetLoggerHandle,60,2,"DecodePointer EncodePointer SetLastError guard_check_icall"
0045b5f8,RegisterGuids,67,6,"DecodePointer EncodePointer guard_check_icall"
0045b63b,Trace,56,3,"DecodePointer EncodePointer guard_check_icall"
0045b673,UnregisterGuids,53,2,"DecodePointer EncodePointer guard_check_icall"
0045b717,_UnregisterConcRTEventTracing,67,0,"FUN_0042eb3b UnregisterGuids"
0045b75a,_InternalDeleteHelper<>,33,1,"guard_check_icall"
0045b77b,StructuredWorkStealingQueue<Concurrency::details::InternalContextBase,Concurrency::details::_HyperNonReentrantLock>,112,2,"FUN_00413230 _memset"
0045b7f5,VirtualProcessor,98,1,"StructuredWorkStealingQueue<Concurrency::details::InternalContextBase,Concurrency::details::_HyperNonReentrantLock>"
0045b857,~VirtualProcessor,98,1,"FID_conflict:_free FUN_00456e50 ReturnSubAllocator"
0045b8b9,`scalar_deleting_destructor',37,2,"FUN_0042eb3b ~VirtualProcessor"
0045b8de,AcknowledgedAffinityMessage,55,2,""
0045b915,Affinitize,72,2,"SpinUntilBlocked guard_check_icall"
0045b95d,CheckAffinityNotification,30,1,"AcknowledgedAffinityMessage"
0045b97b,CheckForDeletion,38,1,"DeleteElements HasCompletedShutdown"
0045b9a1,CheckForDeletionBridge,12,1,"CheckForDeletion"
0045b9ad,Claim,71,2,"Dereference"
0045b9f4,ClaimExclusiveOwnership,149,4,""
0045ba89,ClearQuickCacheSlot,37,2,""
0045baae,Deactivate,33,2,"guard_check_icall"
0045bacf,DeleteElements,33,2,"_InternalDeleteHelper<>"
0045baf0,Dereference,27,1,"InvokeAtNextSafePoint"
0045bb0b,EnsureAllTasksVisible,33,2,"guard_check_icall"
0045bb2c,ExerciseClaim,143,4,"FUN_00454a74 MakeAvailable ReleaseInternalContext VirtualProcessorActive guard_check_icall"
0045bbbb,ExerciseWith,43,2,"ExerciseClaim"
0045bbe6,GetCurrentSubAllocator,25,1,"GetSubAllocator"
0045bbff,FUN_0045bbff,3,0,""
0045bc02,GetResourceMaskId,32,2,"Find"
0045bc22,Initialize,376,3,"ClearQuickCacheSlot GetCoreCount GetResourceMaskId Grow InterlockedSet Reset TraceVirtualProcessorEvent Wipe _Assign guard_check_icall location"
0045bd9a,InterlockedClear,64,2,"SpinUntilSet"
0045bdda,InterlockedSet,70,2,"SpinUntilClear"
0045be20,MakeAvailable,112,3,"VirtualProcessorActive"
0045be90,MarkForRetirement,96,1,"ClaimExclusiveOwnership ExerciseClaim guard_check_icall"
0045bef0,Oversubscribe,50,1,"AddVirtualProcessor guard_check_icall"
0045bf22,Pop,78,1,"Claim"
0045bf70,Remove,258,4,"HasCompletedShutdown InterlockedFlushSList InterlockedPushEntrySList InvokeAtNextSafePoint QueryDepthSList"
0045c072,Retire,352,1,"AddRunnableContext FUN_00451154 InterlockedClear Pop Remove RemovePrioritizedObject ReturnSubAllocator SaveRetiredVirtualProcessorStatistics TraceVirtualProcessorEvent _Assign guard_check_icall"
0045c1d2,SafePoint,20,1,"MarkSafePoint"
0045c1e6,SaveRetiredVirtualProcessorStatistics,58,2,""
0045c220,SpinUntilClear,74,2,"_SpinOnce"
0045c26a,SpinUntilSet,74,2,"_SpinOnce"
0045c2b4,StartupWorkerContext,159,3,"DeferredGetInternalContext GetInternalContext MakeAvailable PrepareForUse _SpinOnce guard_check_icall"
0045c353,StaticDelete,31,1,"FUN_0042eb3b FUN_00456eef"
0045c372,ThrowVirtualProcessorEvent,115,4,"Trace _memset"
0045c3e5,FUN_0045c3e5,10,1,""
0045c3ef,TraceVirtualProcessorEvent,45,5,"ThrowVirtualProcessorEvent"
0045c41c,UpdateWorkState,96,3,"ClearQuickCacheSlot InterlockedClear InterlockedSet"
0045c47c,Wipe,29,1,""
0045c499,ListArray<>,249,4,"FUN_00413160 FUN_00413230 InitializeSListHead _memset"
0045c592,SchedulingNode,125,4,"CopyFrom Hash<unsigned_int,unsigned_int> ListArray<> __EH_epilog3 __EH_prolog3"
0045c60f,~ListArray<Concurrency::details::VirtualProcessor>,119,1,"DeleteElements FID_conflict:_free FUN_0042eb3b InterlockedFlushSList _InternalDeleteHelper<>"
0045c686,~SchedulingNode,41,1,"FID_conflict:_free Wipe ~ListArray<Concurrency::details::VirtualProcessor>"
0045c6af,Add,355,2,"FUN_00413160 FUN_00413230 _SpinOnce _memset"
0045c812,AddVirtualProcessor,263,3,"Add FUN_00451154 FastCurrentContext InterlockedPopEntrySList InterlockedSet MakeAvailable VirtualProcessorActive guard_check_icall"
0045c919,FindMatchingVirtualProcessor,63,2,"operator[]"
0045c958,FindVirtualProcessorByLocation,93,2,"operator[]"
0045c9b5,FoundAvailableVirtualProcessor,112,4,"ClaimExclusiveOwnership FindVirtualProcessorByLocation operator[]"
0045ca25,GetLocation,51,1,"guard_check_icall location"
0045ca58,Steal,67,2,"FUN_0044f1b9 UnlockedSteal _Acquire __EH_epilog3 __EH_prolog3"
0045ca9b,UnlockedSteal,126,2,"Claim DeferToAffineSearchers"
0045cb19,AllocatorBucket,21,1,"DecodePointer"
0045cb2e,~AllocatorBucket,84,1,"DecodePointer FID_conflict:_free"
0045cb82,Alloc,25,1,"DecodePointer"
0045cb9b,Alloc,80,2,"Alloc DecodePointer FUN_00413230 GetBucketIndex"
0045cbeb,Free,42,2,"DecodePointer"
0045cc15,Free,55,2,"DecodePointer FID_conflict:_free Free"
0045cc4c,GetBucketIndex,85,1,""
0045cca1,StaticAlloc,57,1,"DecodePointer FUN_00413230 GetBucketIndex"
0045ccda,InternalContextBase,121,2,"ContextBase"
0045cd53,FUN_0045cd53,27,2,"FUN_00405a40"
0045cd6e,FUN_0045cd6e,27,2,"FUN_00405a40"
0045cd89,FUN_0045cd89,27,2,"FUN_00405a40"
0045cda4,FUN_0045cda4,27,2,"FUN_00405a40"
0045cdbf,~InternalContextBase,78,1,"Cleanup ~ContextBase"
0045ce0d,FUN_0045ce0d,56,0,"FUN_0045bbff"
0045ce45,FUN_0045ce45,8,2,"`scalar_deleting_destructor'"
0045ce4d,`scalar_deleting_destructor',37,2,"FUN_0042eb3b ~InternalContextBase"
0045ce72,AddToRunnables,397,2,"AddRunnableContext FUN_00455108 FUN_0045bbff FastCurrentContext GetScheduleGroup Push StartupVirtualProcessor _Assign guard_check_icall"
0045cfff,Alloc,84,2,"Alloc FUN_0045bbff GetCurrentSubAllocator __EH_epilog3 __EH_prolog3"
0045d053,Block,314,1,"FUN_00451154 FUN_0045bbff FindWorkForBlockingOrNesting PrepareForUse ReleaseInternalContext SwitchOut SwitchTo TraceContextEvent _Assign _PrepareSteal guard_check_icall"
0045d18d,Cancel,116,1,"ClaimExclusiveOwnership Cleanup DecrementInternalContextCount ExerciseClaim FastCurrentContext SpinUntilBlocked"
0045d201,Cleanup,24,1,"Cleanup SwapScheduleGroupSegment"
0045d219,CleanupDispatchedContextOnCancel,27,1,"Cleanup DecrementInternalContextCount FUN_0045bbff"
0045d234,FUN_0045d234,404,1,"CleanupDispatchedContextOnCancel CommitSafePoints ExecuteChoreInline ExecutedAssociatedChore FUN_0044f2f0 FUN_0045744a FUN_00457bcb FUN_00459086 FUN_0045ae64 FUN_0045ae85 FUN_0045bbff GetCurrentThreadId IsVirtualProcessorRetired SafePoint SwitchTo Version WaitForWork WorkWasFound __CxxThrowException@8 __EH_epilog3 __EH_prolog3 guard_check_icall ~SchedulerPolicy"
0045d3c9,ExecuteChoreInline,61,2,"FUN_0045bbff Invoke ReleaseWorkQueue TransferReferences"
0045d406,ExecutedAssociatedChore,115,1,"FUN_0045bbff Invoke ReleaseRealizedChore ReleaseWorkQueue guard_check_icall"
0045d479,FindWorkForBlockingOrNesting,303,3,"Bind BindTo FUN_00454c2f FUN_0045bbff ReleaseInternalContext ResolveToken guard_check_icall"
0045d5a8,Free,44,2,"FUN_0045bbff Free GetCurrentSubAllocator"
0045d5d4,GetAndResetOversubscribedVProc,46,2,""
0045d602,FUN_0045d602,4,1,""
0045d606,FUN_0045d606,8,1,"FUN_0045d602"
0045d60e,FUN_0045d60e,7,1,""
0045d615,FUN_0045d615,24,1,"guard_check_icall"
0045d62d,GetVirtualProcessorId,47,1,"FUN_0045bbff"
0045d65c,GrowAndPush,376,4,"FID_conflict:_free FUN_00413230 FUN_0044f1b9 _Acquire __EH_epilog3 __EH_prolog3 _memset `vector_constructor_iterator'"
0045d7d4,FUN_0045d7d4,12,1,""
0045d7e0,IsVirtualProcessorRetired,94,1,"CleanupDispatchedContextOnCancel InterlockedClear SwitchOut"
0045d83e,LeaveScheduler,260,1,"DeferredGetInternalContext FUN_0045bbff FindWorkForBlockingOrNesting MakeAvailable PrepareForUse guard_check_icall"
0045d942,FUN_0045d942,134,2,"FUN_0044f287 FUN_0045bbff GetAndResetOversubscribedVProc MarkForRetirement __CxxThrowException@8 guard_check_icall"
0045d9c9,PrepareForUse,89,4,""
0045da22,FUN_0045da22,23,2,""
0045da39,Push,65,2,"GrowAndPush"
0045da7a,ReclaimVirtualProcessor,106,1,"ClaimExclusiveOwnership Deactivate guard_check_icall"
0045dae4,RejoinScheduler,31,1,"FUN_0045bbff SwitchOut"
0045db03,RemoveFromUse,35,1,"ReleaseWorkQueue SwapScheduleGroupSegment"
0045db26,SearchForWork,39,4,"guard_check_icall"
0045db4d,FUN_0045db4d,52,2,"FUN_0042f60a __CxxThrowException@8"
0045db82,SpinUntilBlocked,45,1,"_SpinOnce"
0045dbaf,SpinUntilValueEquals,47,2,"_SpinOnce"
0045dbde,SpinYield,187,1,"FUN_0045bbff SwitchOut SwitchTo TraceContextEvent guard_check_icall"
0045dc99,SwapScheduleGroupSegment,75,3,"InternalRelease SpinUntilValueEquals"
0045dce4,SwitchOut,287,2,"AddRunnableContext FUN_0045bbff ReclaimVirtualProcessor ReleaseInternalContext TraceContextEvent TriggerCommitSafePoints VirtualProcessorActive _Assign guard_check_icall"
0045de03,SwitchTo,313,3,"AddRunnableContext DeferredGetInternalContext FUN_0045bbff MakeAvailable ReleaseInternalContext TraceContextEvent _Assign guard_check_icall"
0045df3c,FUN_0045df3c,190,1,"FUN_0044f228 FUN_0044f239 FastCurrentContext SpinUntilBlocked TraceContextEvent _Assign __CxxThrowException@8 guard_check_icall"
0045dffb,WaitForWork,252,1,"ClearQuickCacheSlot Deactivate EnsureAllTasksVisible InterlockedClear InterlockedSet MakeAvailable VirtualProcessorIdle guard_check_icall"
0045e0f7,WorkWasFound,92,2,"InterlockedClear ReclaimVirtualProcessor SearchForWork"
0045e153,Yield,388,1,"Bind BindTo FUN_00454c2f FUN_0045bbff ReleaseInternalContext ResolveToken SwitchOut SwitchTo TraceContextEvent guard_check_icall"
0045e2d7,SchedulingRing,137,3,"CreateSegment ListArray<> __EH_epilog3 __EH_prolog3"
0045e360,~ListArray<Concurrency::details::ScheduleGroupSegmentBase>,119,1,"DeleteElements FID_conflict:_free FUN_0042eb3b InterlockedFlushSList _InternalDeleteHelper<>"
0045e3d7,~SchedulingRing,24,1,"~ListArray<Concurrency::details::ScheduleGroupSegmentBase>"
0045e3ef,Activate,12,1,""
0045e3fb,CheckForDeletion,38,1,"DeleteElements HasCompletedShutdown"
0045e421,CheckForDeletionBridge,12,1,"CheckForDeletion"
0045e42d,DeleteElements,33,2,"_InternalDeleteHelper<>"
0045e44e,Remove,258,4,"HasCompletedShutdown InterlockedFlushSList InterlockedPushEntrySList InvokeAtNextSafePoint QueryDepthSList"
0045e550,RemoveScheduleGroupSegment,41,2,"Remove"
0045e579,Mailbox<Concurrency::details::_UnrealizedChore>,119,5,"FUN_00413160 Initialize Segment __EH_epilog3 __EH_prolog3"
0045e5f0,ScheduleGroupBase,89,3,"GetNewScheduleGroupId Initialize __EH_epilog3 __EH_prolog3"
0045e649,ScheduleGroupSegmentBase,192,4,"FID_conflict:_free GetBitSet Initialize ListArray<> Mailbox<Concurrency::details::_UnrealizedChore> __EH_epilog3 __EH_prolog3"
0045e709,Segment,108,5,"CopyFrom FUN_00413230 __EH_epilog3 __EH_prolog3 _memset"
0045e775,~ListArray<Concurrency::details::ListArrayInlineLink<Concurrency::details::WorkQueue>_>,122,1,"DeleteElements FID_conflict:_free FUN_0042eb3b InterlockedFlushSList"
0045e7ef,~ListArray<Concurrency::details::WorkQueue>,124,1,"DeleteElements FID_conflict:_free FUN_0042eb3b InterlockedFlushSList `scalar_deleting_destructor'"
0045e86b,~Mailbox<Concurrency::details::_UnrealizedChore>,102,1,"FID_conflict:_free SetDeletionReferences"
0045e8d1,~ScheduleGroupSegmentBase,78,1,"ClearQuickCacheSlotIf FID_conflict:_free ~ListArray<Concurrency::details::ListArrayInlineLink<Concurrency::details::WorkQueue>_> ~ListArray<Concurrency::details::WorkQueue> ~Mailbox<Concurrency::details::_UnrealizedChore>"
0045e91f,operator=,42,2,"FID_conflict:_free"
0045e949,FUN_0045e949,35,2,"FUN_0042eb3b"
0045e96c,`scalar_deleting_destructor',37,2,"FUN_0042eb3b ~ScheduleGroupSegmentBase"
0045e991,Add,354,2,"FUN_00413160 FUN_00413230 _SpinOnce _memset"
0045eaf3,Add,354,2,"FUN_00413160 FUN_00413230 _SpinOnce _memset"
0045ec55,Add,358,2,"FUN_00413160 FUN_00413230 _SpinOnce _memset"
0045edbb,AddRunnableContext,228,3,"FUN_00451154 FastCurrentContext StartupVirtualProcessor _Assign guard_check_icall operator=="
0045ee9f,CheckForDeletion,38,1,"DeleteElements HasCompletedShutdown"
0045eec5,CheckForDeletionBridge,12,1,"CheckForDeletion"
0045eed1,ClearQuickCacheSlotIf,37,3,""
0045eef6,CreateSegment,175,3,"Activate Add Initialize InterlockedPopEntrySList guard_check_icall"
0045efa5,DeleteElements,33,2,"FUN_0042eb3b"
0045efc6,DemandInitialize,118,1,"FUN_00413160 Segment _SpinOnce __EH_epilog3 __EH_prolog3"
0045f03c,Dequeue,196,2,"Claim LocateMailboxSegment SetDeletionReferences"
0045f100,Dequeue,52,1,"Dequeue FUN_0044f1b9 _Acquire __EH_epilog3 __EH_prolog3"
0045f134,DetachActiveWorkQueue,63,2,"Add MarkDetachment"
0045f173,Enqueue,59,2,"FUN_0044f1b9 _Acquire __EH_epilog3 __EH_prolog3"
0045f1ae,FindSegment,86,3,"GetLocation operator=="
0045f204,GetDetachedWorkQueue,103,1,"InternalRelease Remove operator[]"
0045f26b,GetInternalContext,51,3,"FUN_00454c2f PrepareForUse"
0045f29e,GetRealizedChore,16,1,"Dequeue"
0045f2ae,Grow,74,2,"FUN_00413160 Segment __EH_epilog3 __EH_prolog3"
0045f2f8,FUN_0045f2f8,8,1,""
0045f300,HasUnrealizedChores,12,1,"LocateUnrealizedChores"
0045f30c,Initialize,41,2,"CopyFrom"
0045f335,Initialize,19,2,"_Assign"
0045f348,Initialize,132,4,"FID_conflict:_free GetBitSet GetResourceMaskId Initialize _Assign operator="
0045f3cc,IsEmpty,22,1,""
0045f3e2,LocateMailboxSegment,74,3,"DemandInitialize Grow"
0045f42c,LocateSegment,227,3,"CreateSegment FindCurrentNode GetLocation GetNextSchedulingRing GetNextSchedulingRing _Acquire _Assign _FastNodeIntersects guard_check_icall"
0045f50f,LocateUnrealizedChores,89,1,"SafelyDeleteDetachedWorkQueue operator[]"
0045f568,MarkDetachment,51,1,"FUN_0044f1b9 _Acquire __EH_epilog3 __EH_prolog3"
0045f59b,RedetachQueue,25,2,"Add"
0045f5b4,ReleaseInternalContext,38,2,"ReleaseInternalContext RemoveFromUse"
0045f5da,Remove,253,4,"HasCompletedShutdown InterlockedFlushSList InterlockedPushEntrySList InvokeAtNextSafePoint QueryDepthSList"
0045f6d7,Remove,35,1,"RemovePrioritizedObject RemoveScheduleGroupSegment"
0045f6fa,RemoveSegments,63,1,"Remove"
0045f739,RetireDetachedQueue,39,2,"InternalRelease Remove"
0045f760,SafelyDeleteDetachedWorkQueue,66,2,"FID_conflict:RedetachFromScheduleGroupAtSafePoint FID_conflict:RedetachFromScheduleGroupAtSafePoint Remove"
0045f7a2,ScheduleTask,47,4,"FUN_0045f7f8 guard_check_icall"
0045f7d1,ScheduleTask,39,3,"FUN_0045f7f8 guard_check_icall"
0045f7f8,FUN_0045f7f8,307,3,"Add Enqueue FUN_00413160 FUN_0042f60a FUN_0044ee2b FUN_00455108 FastCurrentContext GetRealizedChore _Assign __CxxThrowException@8 __TlsGetValue guard_check_icall"
0045f92c,SetDeletionReferences,38,2,"InvokeAtNextSafePoint"
0045f952,StealUnrealizedChore,433,2,"Dequeue IsEmpty SafelyDeleteDetachedWorkQueue Steal TryToSteal _SetDetached __security_check_cookie operator[]"
0045fb03,operator&,82,2,"QuickBitSet"
0045fb55,AddToRunnablesCollection,15,2,"Enqueue"
0045fb64,Enqueue,81,2,"LocateMailboxSegment _Acquire"
0045fbb5,Enqueue,62,2,"FUN_0044f1b9 _Acquire __EH_epilog3 __EH_prolog3"
0045fbf3,InterlockedSet,56,2,""
0045fc2b,MailChore,55,4,"MailChore guard_check_icall"
0045fc62,MailChore,24,2,"Enqueue"
0045fc7a,NotifyAffinitizedWork,51,1,"PostAffinityMessage SetQuickCacheSlot"
0045fcad,PostAffinityMessage,64,2,"FID_conflict:_free InterlockedSet Intersects operator&"
0045fced,SetQuickCacheSlot,38,3,""
0045fd13,FindSegment,49,3,"FindSegment"
0045fd44,LocateSegment,107,3,"CreateSegment GetNextSchedulingRing LocateSegment _Acquire"
0045fdaf,ExternalContextBase,153,3,"Add ContextBase FUN_00413160 FUN_0044e9d8 FUN_00454a74 FUN_0046004b __EH_epilog3 __EH_prolog3"
0045fe48,~ExternalContextBase,71,1,"Cleanup ~ContextBase"
0045fe8f,`scalar_deleting_destructor',37,2,"FUN_0042eb3b ~ExternalContextBase"
0045feb4,Alloc,33,2,"Alloc GetCurrentSubAllocator StaticAlloc"
0045fed5,Block,73,1,"TraceContextEvent WaitForSingleObjectEx guard_check_icall"
0045ff1e,Cleanup,88,1,"Cleanup CloseHandle ReturnSubAllocator"
0045ff76,Free,37,2,"FID_conflict:_free Free GetCurrentSubAllocator"
0045ff9b,GetCurrentSubAllocator,34,1,"GetSubAllocator"
0045ffbd,FUN_0045ffbd,4,0,""
0045ffc1,ImplicitDetachHandler,34,4,"DetachExternalContext UnRegisterAsyncWaitAndUnloadLibrary"
0045ffe3,ImplicitDetachHandlerXP,35,2,"DetachExternalContext __UnregisterWait"
00460006,FUN_00460006,12,1,""
00460012,FUN_00460012,56,2,"FUN_0044f287 __CxxThrowException@8"
0046004b,FUN_0046004b,198,2,"DuplicateHandle FUN_0044ecc6 GetCurrentProcess GetCurrentThread GetCurrentThreadId GetLastError RegisterAsyncWaitAndLoadLibrary Version __CxxThrowException@8 scheduler_resource_allocation_error"
00460112,RemoveFromUse,34,1,"CloseHandle ReleaseWorkQueue"
00460134,FUN_00460134,23,1,"guard_check_icall"
0046014b,FUN_0046014b,129,1,"FUN_0044f228 FUN_0044f239 FastCurrentContext SetEvent TraceContextEvent __CxxThrowException@8 guard_check_icall"
004601cd,Yield,47,1,"SwitchToThread TraceContextEvent guard_check_icall"
004601fc,ThreadInternalContext,40,2,"InternalContextBase"
00460224,ThreadScheduler,51,2,"SchedulerBase"
00460257,FID_conflict:~ThreadScheduler,20,1,"~SchedulerBase"
0046026b,FUN_0046026b,8,2,"`scalar_deleting_destructor'"
00460273,FUN_00460273,8,2,"`scalar_deleting_destructor'"
0046027b,`scalar_deleting_destructor',50,2,"FUN_0042eb3b ~InternalContextBase"
004602ad,`scalar_deleting_destructor',37,2,"FID_conflict:~ThreadScheduler FUN_0042eb3b"
004602d2,FUN_004602d2,12,3,"FUN_00453e46"
004602de,Create,51,1,"FUN_00413160 ThreadScheduler __EH_epilog3 __EH_prolog3"
00460311,CreateInternalContext,62,1,"FUN_00413160 ThreadInternalContext __EH_epilog3 __EH_prolog3"
0046034f,CreateVirtualProcessor,56,3,"FUN_00413160 ThreadVirtualProcessor __EH_epilog3 __EH_prolog3"
00460387,FUN_00460387,4,1,""
0046038b,FUN_0046038b,24,1,"guard_check_icall"
004603a3,GetPolicy,28,2,"GetPolicy"
004603bf,FUN_004603bf,8,2,"GetPolicy"
004603c7,FUN_004603c7,3,0,""
004603ca,FUN_004603ca,12,3,"FUN_004562cc"
004603d6,FUN_004603d6,12,4,"Statistics"
004603e2,FUN_004603e2,69,0,"GetLastError TlsAlloc __CxxThrowException@8 scheduler_resource_allocation_error"
00460428,FUN_00460428,20,0,"TlsFree"
0046043c,exception_ptr,24,2,"__ExceptionPtrCopy"
00460454,_Current_exception,26,0,"__ExceptionPtrCreate __ExceptionPtrCurrentException"
0046046e,_FinishCancelState,38,2,""
00460494,_GetTokenState,40,2,""
004604bc,_MarkCancellation,40,1,""
004604e4,_RaisedException,94,1,"FUN_00413160 current_exception"
00460542,_RethrowException,106,1,"FUN_0042eb3b __EH_epilog3 __EH_prolog3 __ExceptionPtrCopy __ExceptionPtrDestroy ___uncaught_exception exception_ptr rethrow_exception"
004605ac,FUN_004605ac,7,1,"FUN_00463f1a"
004605b3,current_exception,17,0,"_Current_exception"
004605c4,rethrow_exception,25,1,"FUN_004605ac __EH_prolog3"
004605dd,WorkStealingQueue<Concurrency::details::_UnrealizedChore,Concurrency::details::_CriticalNonReentrantLock>,105,2,"FUN_00413230"
00460646,WorkQueue,74,1,"GetNewWorkQueueId StructuredWorkStealingQueue<Concurrency::details::InternalContextBase,Concurrency::details::_HyperNonReentrantLock> WorkStealingQueue<Concurrency::details::_UnrealizedChore,Concurrency::details::_CriticalNonReentrantLock> __EH_epilog3 __EH_prolog3"
00460690,DeferToAffineSearchers,86,1,"FastCurrentContext Intersects"
004606e6,FID_conflict:RedetachFromScheduleGroupAtSafePoint,36,2,"InvokeAtNextSafePoint"
0046070a,Reinitialize,58,1,"FUN_0044f1b9 GetNewWorkQueueId _Acquire"
00460744,FID_conflict:RedetachFromScheduleGroupAtSafePoint,36,2,"InvokeAtNextSafePoint"
00460768,StaticRedetachFromScheduleGroup,17,1,"RedetachQueue"
00460779,StaticRetire,17,1,"RetireDetachedQueue"
0046078a,Steal,67,2,"FUN_0044f1b9 UnlockedSteal _Acquire __EH_epilog3 __EH_prolog3"
0046087f,FUN_0046087f,12,4,""
0046088b,TryToSteal,87,3,"FUN_004608d9 UnlockedSteal _TryAcquire __SEH_epilog4 __SEH_prolog4"
004608d9,FUN_004608d9,9,0,"FUN_0044f1b9"
004608f1,UnlockedSteal,126,2,"Claim DeferToAffineSearchers"
0046096f,UnlockedSteal,142,3,"Claim DeferToAffineSearchers"
004609fd,UnlockedSteal,195,2,"FUN_004579b2 FastCurrentContext IsEmpty UnlockedSteal UnlockedSteal _SetDetached guard_check_icall"
00460ac0,_CancelViaToken,39,1,"CancelCollection CancelStealers"
00460ae7,_InternalFree,29,1,"guard_check_icall"
00460b04,_PrepareSteal,24,2,"_PrepareStealStructured _PrepareStealUnstructured"
00460b1c,_PrepareStealStructured,56,2,"AddStealer"
00460b54,_PrepareStealUnstructured,108,2,"AddStealer AddTail FUN_0044d49d _AcquireWrite"
00460bc0,_SetDetached,13,2,""
00460c77,Catch@00460c77,29,0,"_Cancel"
00460ca7,Catch_All@00460ca7,22,0,"_Cancel _RaisedException"
00460d17,VirtualProcessorRoot,76,4,"ExecutionResource"
00460d63,`scalar_deleting_destructor',42,2,"FUN_0042eb3b"
00460d8d,FUN_00460d8d,8,1,"CurrentSubscriptionLevel"
00460d95,FUN_00460d95,4,1,""
00460d99,FUN_00460d99,4,1,""
00460d9d,FUN_00460d9d,89,2,"DestroyVirtualProcessorRoot FUN_0042f60a FUN_0044f4c4 ResetSubscriptionLevel __CxxThrowException@8"
00460df7,ResetSubscriptionLevel,24,1,"Unsubscribe"
00460e0f,Subscribe,13,1,"IncrementCoreSubscription"
00460e1c,Unsubscribe,13,1,"DecrementCoreSubscription"
00460e29,FreeVirtualProcessorRoot,53,4,"VirtualProcessorRoot"
00460e5e,operator==,33,2,""
00460e7f,`scalar_deleting_destructor',42,2,"FUN_0042eb3b"
00460ea9,AcquireActivatedContext,49,1,"_SpinOnce"
00460eda,FUN_00460eda,193,2,"Affinitize FUN_0042f60a FUN_0044f4c4 FUN_004615bc SpinUntilIdle Subscribe __CxxThrowException@8 guard_check_icall"
00460f9c,Affinitize,104,2,"SetAffinity SpinUntilBlocked guard_check_icall"
00461004,FUN_00461004,163,2,"AcquireActivatedContext FUN_0042f60a FUN_0044f4c4 SuspendExecution Unsubscribe __CxxThrowException@8 guard_check_icall"
004610a8,DeleteThis,77,1,"SpinUntilIdle __TlsGetValue guard_check_icall"
004610f5,FUN_004610f5,128,2,"FUN_0042f60a FUN_0044f4c4 FlushStoreBuffers __CxxThrowException@8 guard_check_icall"
00461176,ResetOnIdle,107,2,"AcquireActivatedContext SuspendExecution Unsubscribe guard_check_icall"
004611e1,SetAffinity,54,2,"ApplyTo operator=="
00461217,SpinUntilIdle,48,1,"_SpinOnce"
00461247,AssociateExecutionContext,34,2,"guard_check_icall"
00461269,Dispatch,161,1,"FUN_0044ee2b ResetOnIdle ReturnIdleProxy SuspendExecution guard_check_icall"
0046130a,ReturnIdleProxy,29,1,"guard_check_icall"
00461327,FUN_00461327,86,2,"FUN_0042f60a ResetOnIdle SuspendExecution __CxxThrowException@8"
0046137e,FUN_0046137e,180,3,"Affinitize FUN_0042f60a FUN_0044eda3 FUN_004615bc __CxxThrowException@8 guard_check_icall"
00461433,FUN_00461433,212,3,"CloseHandle FUN_0044e9d8 FUN_0044f31e GetLastError LoadLibraryAndCreateThread __CxxThrowException@8 guard_check_icall"
00461508,scheduler_worker_creation_error,27,2,"scheduler_resource_allocation_error"
00461523,~ThreadProxy,98,1,"CloseHandle __CloseThreadHandle guard_check_icall"
00461585,`scalar_deleting_destructor',34,2,"FUN_0042eb3b ~ThreadProxy"
004615a7,FUN_004615a7,17,1,"SetEvent"
004615b8,FUN_004615b8,4,1,""
004615bc,FUN_004615bc,10,1,"SetEvent"
004615c6,SetPriority,24,2,"FUN_0044ed5d"
004615de,SpinUntilBlocked,45,1,"_SpinOnce"
0046160b,SuspendExecution,28,1,"WaitForSingleObjectEx"
00461627,ThreadProxyMain,78,1,"FreeLibraryAndDestroyThread WaitForSingleObjectEx guard_check_icall"
00461675,location,37,5,""
0046169a,ContainsResourceId,43,2,"HashValue Lookup"
004616c5,_FastNodeIntersects,75,2,"ContainsResourceId"
00461710,_FastVPIntersects,76,2,""
0046175c,WorkItem,38,2,"FUN_00451154"
00461782,AcquireQuickCacheSlot,30,2,"ActualGetQuickCacheSlot"
004617a0,ActualGetQuickCacheSlot,51,2,""
004617d3,Bind,77,1,"GetInternalContext ResolveToken"
00461820,BindTo,58,2,"PrepareForUse"
0046185a,CheckPriorityList,56,2,""
00461892,GetLocalRunnable,153,4,"Pop StealLocalRunnableContext WorkItem"
0046192b,GetNextSchedulingNode,79,3,""
0046197a,GetPseudoRRAffineScheduleGroupSegment,59,2,"FindScheduleGroupSegment"
004619b5,GetPseudoRRNonAffineScheduleGroupSegment,62,2,"FindScheduleGroupSegment"
004619f3,GetRealizedChore,82,4,"FUN_0045f2f8 GetRealizedChore"
00461a45,GetRealizedChoreWithinGroup,129,6,"GetRealizedChore SkipSegmentSearch"
00461ac6,GetRunnableContext,62,3,"WorkItem guard_check_icall"
00461b04,GetRunnableContextWithinGroup,123,5,"GetRunnableContext SkipSegmentSearch"
00461b7f,GetUnrealizedChore,85,5,"LocateUnrealizedChores StealUnrealizedChore"
00461bd4,GetUnrealizedChoreWithinGroup,144,6,"GetUnrealizedChore SkipSegmentSearch"
00461c64,Invoke,66,1,"Invoke ReleaseRealizedChore guard_check_icall"
00461ca6,PeriodicScan,59,2,"PerformServiceScan"
00461ce1,PreSearch,61,2,"WorkItem guard_check_icall"
00461d1e,QuickSearch,109,5,"GetRealizedChore GetRunnableContext GetUnrealizedChore"
00461d8b,QuickSearchYield,110,5,"GetRealizedChore GetRunnableContext GetUnrealizedChore"
00461df9,Reset,90,3,"thunk_FUN_00430cbd"
00461e53,ResolveToken,128,1,"Dequeue GetRealizedChore Steal _SetDetached"
00461ed3,SearchCacheLocal,716,5,"AcquireQuickCacheSlot CheckAffinityNotification CheckPriorityList GetLocalRunnable GetNextPriorityObject GetNextSchedulingRing PeriodicScan PreSearch QuickSearch SearchCacheLocal_Realized SearchCacheLocal_Runnables SearchCacheLocal_Unrealized ServiceMark StealLocalRunnable StealLocalRunnableContext UpdateWorkState WorkItem _Assign _FastVPIntersects __security_check_cookie thunk_FUN_00430cbd"
0046219f,SearchCacheLocalYield,643,5,"CheckAffinityNotification CheckPriorityList GetLocalRunnable GetNextPriorityObject GetNextSchedulingRing PeriodicScan PreSearch QuickSearchYield SearchCacheLocal_Realized SearchCacheLocal_Runnables SearchCacheLocal_Unrealized ServiceMark StealLocalRunnable StealLocalRunnableContext UpdateWorkState WorkItem __security_check_cookie thunk_FUN_00430cbd"
00462422,SearchCacheLocal_Realized,253,8,"AcquireQuickCacheSlot GetNextScheduleGroupSegment GetPseudoRRAffineScheduleGroupSegment GetPseudoRRNonAffineScheduleGroupSegment GetRealizedChore GetRealizedChoreWithinGroup QuickSearch SkipSegmentSearch"
0046251f,SearchCacheLocal_Runnables,267,8,"AcquireQuickCacheSlot GetNextScheduleGroupSegment GetPseudoRRAffineScheduleGroupSegment GetPseudoRRNonAffineScheduleGroupSegment GetRunnableContext GetRunnableContextWithinGroup QuickSearch SkipSegmentSearch StealLocalRunnable"
0046262a,SearchCacheLocal_Unrealized,256,8,"AcquireQuickCacheSlot GetNextScheduleGroupSegment GetPseudoRRAffineScheduleGroupSegment GetPseudoRRNonAffineScheduleGroupSegment GetUnrealizedChore GetUnrealizedChoreWithinGroup QuickSearch SkipSegmentSearch"
0046272a,SearchFair,277,5,"GetNextSchedulingRing GetNextSchedulingRing PreSearch SearchFair_Realized SearchFair_Runnables SearchFair_Unrealized SetNextSchedulingRing StealForeignLocalRunnable"
0046283f,SearchFairYield,272,5,"GetNextSchedulingRing GetNextSchedulingRing PreSearch SearchFair_Realized SearchFair_Runnables SearchFair_Unrealized SetNextSchedulingRing StealForeignLocalRunnable"
0046294f,SearchFair_Realized,150,4,"FUN_0045f2f8 GetNextScheduleGroupSegment GetPseudoRRNonAffineScheduleGroupSegment GetRealizedChore"
004629e5,SearchFair_Runnables,130,3,"GetNextScheduleGroupSegment GetPseudoRRNonAffineScheduleGroupSegment WorkItem guard_check_icall"
00462a67,SearchFair_Unrealized,154,4,"GetNextScheduleGroupSegment GetPseudoRRNonAffineScheduleGroupSegment LocateUnrealizedChores StealUnrealizedChore"
00462b01,ServiceMark,38,2,""
00462b27,ServiceMark,38,2,""
00462b4d,SkipSegmentSearch,140,5,"Intersects _FastVPIntersects"
00462bd9,StealForeignLocalRunnable,68,3,"GetNextSchedulingNode StealLocalRunnable"
00462c1d,StealLocalRunnable,113,4,"FindVirtualProcessor GetNextVirtualProcessor ServiceMark StealLocalRunnableContext WorkItem"
00462c8e,StealLocalRunnableContext,23,1,"Steal"
00462ca5,TransferReferences,85,2,"FUN_00451154 InternalRelease SwapScheduleGroupSegment"
00462cfa,Invoke,19,1,"guard_check_icall"
00462d0d,ThreadVirtualProcessor,55,3,"Initialize VirtualProcessor __EH_epilog3 __EH_prolog3"
00462d44,`scalar_deleting_destructor',43,2,"FUN_0042eb3b ~VirtualProcessor"
00462d70,IsProcessorFeaturePresent,6,1,""
00462d76,RtlUnwind,6,4,""
00462d7c,`eh_vector_destructor_iterator',94,4,"FUN_00462de6 __SEH_epilog4 __SEH_prolog4 guard_check_icall"
00462de6,FUN_00462de6,16,0,"__ArrayUnwind"
00462df6,__ArrayUnwind,65,4,"__SEH_epilog4 __SEH_prolog4 guard_check_icall"
00462e63,FUN_00462e63,14,1,"FID_conflict:_free"
00462e71,__EH_epilog3,21,0,""
00462e86,FUN_00462e86,17,0,"__EH_epilog3 __security_check_cookie"
00462e97,__EH_prolog3,52,1,""
00462ecb,__EH_prolog3_GS,55,1,""
00462f02,__EH_prolog3_catch,55,1,""
00462f40,__aulldvrm,149,4,""
00462fe0,__alloca_probe_16,22,0,"__alloca_probe"
00462ff6,__alloca_probe_8,22,0,"__alloca_probe"
00463010,__allmul,52,4,""
004630c0,__alloca_probe,45,0,""
004630f0,__alldiv,170,4,""
004631a0,__allrem,178,4,""
00463260,__FindPESection,67,2,""
004632b0,__IsNonwritableInCurrentImage,164,1,"__FindPESection __ValidateImageBase"
00463370,__ValidateImageBase,49,1,""
004633b0,__alldvrm,223,4,""
00463490,__SEH_prolog4_GS,73,2,""
004634d9,FUN_004634d9,17,0,"__SEH_epilog4 __security_check_cookie"
004634f0,__allshl,31,2,""
00463510,__aullshr,31,2,""
00463530,FUN_00463530,28,2,""
00463570,FUN_00463570,117,0,""
00463665,`eh_vector_constructor_iterator',79,5,"FUN_004636ba __SEH_epilog4 __SEH_prolog4 guard_check_icall"
004636ba,FUN_004636ba,20,0,"__ArrayUnwind"
004636ce,GetCurrentThreadId,6,0,""
004636d4,_Ref_count_obj<__ExceptionPtr><EHExceptionRecord*&,bool>,76,3,"FUN_0046384e __EH_epilog3 __EH_prolog3"
00463720,FUN_00463720,94,4,"FUN_0046384e __EH_epilog3 __EH_prolog3 _memset"
0046377e,_Reset<__ExceptionPtr>,30,2,"_Reset0"
0046379c,FUN_0046379c,88,4,"FUN_00463720 FUN_00463e71 _Reset0 __EH_epilog3 __EH_prolog3_catch"
004637f4,Catch_All@004637f4,9,0,"__CxxThrowException@8"
004637fe,make_shared<__ExceptionPtr,EHExceptionRecord*&,bool>,80,2,"FUN_00413160 _Ref_count_obj<__ExceptionPtr><EHExceptionRecord*&,bool> _Reset0 __EH_epilog3 __EH_prolog3"
0046384e,FUN_0046384e,281,3,"EncodePointer FUN_004390f1 FUN_00439997 FUN_00463e71 _CallCopyCtor __CxxThrowException@8 bad_alloc"
00463968,FUN_00463968,7,1,""
0046396f,~__ExceptionPtr,195,1,"DecodePointer FID_conflict:_free FUN_00439997 _CallMemberFunction0 guard_check_icall"
00463a32,FUN_00463a32,3,1,""
00463a35,FUN_00463a35,35,2,"FUN_0042eb3b"
00463a58,FUN_00463a58,41,2,"FUN_0042eb3b FUN_00463c88"
00463a81,_CallCopyCtor,142,5,"FUN_00432530 _CallMemberFunction0 __EH_epilog3 __EH_prolog3_catch ___AdjustPointer guard_check_icall"
00463adb,Catch_All@00463adb,5,0,"FUN_00439997"
00463b14,FUN_00463b14,163,4,"FUN_0046379c __EH_epilog3 __EH_prolog3_catch make_shared<__ExceptionPtr,EHExceptionRecord*&,bool>"
00463bb7,Catch@00463bb7,44,0,"_Reset0"
00463be3,Catch_All@00463be3,5,0,"FUN_00439997"
00463be9,_CurrentException,112,0,"FUN_0043249a FUN_004324a3 __EH_epilog3 __EH_prolog3_catch make_shared<__ExceptionPtr,EHExceptionRecord*&,bool>"
00463c4b,Catch@00463c4b,42,0,"_Reset0"
00463c75,Catch_All@00463c75,5,0,"FUN_00439997"
00463c88,FUN_00463c88,73,1,"guard_check_icall"
00463cd1,FUN_00463cd1,29,1,"guard_check_icall"
00463cee,FUN_00463cee,25,1,"guard_check_icall"
00463d07,FUN_00463d07,8,1,"~__ExceptionPtr"
00463d0f,FUN_00463d0f,83,1,"FUN_00463b14 __EH_epilog3 __EH_prolog3 ___std_exception_destroy"
00463d62,_Reset0,34,3,"FUN_00463c88"
00463d84,FUN_00463d84,236,1,"DecodePointer FUN_004317e9 FUN_00439997 RaiseException _CallCopyCtor __CxxThrowException@8 __alloca_probe_16 __security_check_cookie"
00463e71,FUN_00463e71,62,1,"FUN_00439997 align"
00463eb0,__ExceptionPtrCopy,27,2,"_Reset<__ExceptionPtr>"
00463ecb,__ExceptionPtrCreate,19,1,""
00463ede,__ExceptionPtrCurrentException,45,1,"FUN_00463c88 _CurrentException __ExceptionPtrCopy"
00463f0b,__ExceptionPtrDestroy,15,1,"FUN_00463a58"
00463f1a,FUN_00463f1a,18,1,"FUN_00463a32 FUN_00463d84"
00463f2c,align,59,4,""
00463f68,WinVerifyTrust,6,3,""
00463f70,FUN_00463f70,311,2,""
004640b0,FUN_004640b0,299,2,""
004641db,FUN_004641db,174,2,""
00464289,FUN_00464289,27,2,"FUN_00405a40"
004642a4,FUN_004642a4,27,2,"FUN_00405a40"
004642bf,FindCompleteObject,29,1,""
004642dc,FindMITargetTypeInstance,333,5,"PMDtoOffset"
00464429,FindSITargetTypeInstance,195,3,""
004644ec,FindVITargetTypeInstance,439,5,"PMDtoOffset"
004646a3,PMDtoOffset,36,2,""
004646c7,construct_from_string_literal,28,2,""
004646e3,construct_from_string_literal,28,2,""
004646ff,FUN_004646ff,177,5,"FindCompleteObject FindMITargetTypeInstance FindSITargetTypeInstance FindVITargetTypeInstance PMDtoOffset __CxxThrowException@8 __SEH_epilog4 __SEH_prolog4 construct_from_string_literal"
0046482c,FUN_0046482c,69,1,"FUN_00464940 __cintrindisp1"
00464880,__CIsqrt,20,0,"FUN_00448858 FUN_0046489d"
0046489d,FUN_0046489d,157,2,"FUN_004487e5 FUN_004487fc __math_exit __startOneArgErrorHandling"
00464940,FUN_00464940,24,0,"FUN_0046495e"
0046495e,FUN_0046495e,639,2,"___libm_error_support"
00464c44,__cintrindisp1,67,2,"FUN_00464ccf ___acrt_has_user_matherr __trandisp1"
00464c87,__ctrandisp2,65,4,"FUN_00464cc8 __fload __trandisp2"
00464cc8,FUN_00464cc8,7,0,""
00464ccf,FUN_00464ccf,327,0,"__87except"
00464e16,__ctrandisp1,51,2,"FUN_00464cc8 __fload __trandisp1"
00464e49,__fload,60,2,""
00464e90,Unwind@00464e90,8,0,"thunk_FUN_0042d5a0"
00464e98,Unwind@00464e98,15,0,"FUN_0042eb3b"
00464ef0,Unwind@00464ef0,17,0,"guard_check_icall"
00464f1c,Unwind@00464f1c,8,0,"FUN_0042d5a0"
00464f49,Unwind@00464f49,8,0,"FUN_0042d5a0"
00464f51,Unwind@00464f51,8,0,"FUN_0042d5a0"
00464f99,Unwind@00464f99,8,0,"FUN_0042fd5b"
00464fbc,Unwind@00464fbc,8,0,"FUN_0042fd5b"
00464fe0,Unwind@00464fe0,14,0,"guard_check_icall"
00465024,Unwind@00465024,14,0,"guard_check_icall"
00465068,Unwind@00465068,13,0,"FUN_0042eb3b"
00465090,Unwind@00465090,17,0,"guard_check_icall"
004650a1,Unwind@004650a1,17,0,"guard_check_icall"
004650cd,Unwind@004650cd,8,0,"~scoped_lock"
004650f0,Unwind@004650f0,8,0,"~_MallocaArrayHolder<>"
004650f8,Unwind@004650f8,8,0,"~scoped_lock"
00465125,Unwind@00465125,8,0,"~scoped_lock"
00465148,Unwind@00465148,8,0,"~scoped_lock"
0046516b,Unwind@0046516b,13,0,"FUN_0042eb3b"
00465178,Unwind@00465178,8,0,"~scoped_lock"
0046519b,Unwind@0046519b,8,0,"~MultiWaitBlockHolder"
004651a3,Unwind@004651a3,11,0,"~scoped_lock"
004651cc,Unwind@004651cc,11,0,"FUN_0044d0be"
004651d7,Unwind@004651d7,11,0,"~ThreadProxyFactoryManager"
00465218,Unwind@00465218,13,0,"FUN_0042eb3b"
0046524a,Unwind@0046524a,29,0,"FUN_00462e63"
00465282,Unwind@00465282,8,0,"~SchedulerPolicy"
0046528a,Unwind@0046528a,16,0,"FUN_0042eb3b"
004652b5,Unwind@004652b5,8,0,"FUN_0044f60a"
004652bd,Unwind@004652bd,16,0,"FUN_0042eb3b"
004652cd,Unwind@004652cd,16,0,"FUN_0042eb3b"
004652f8,Unwind@004652f8,8,0,"FUN_0044f5d2"
00465300,Unwind@00465300,5,0,"thunk_FUN_00439997"
00465321,Unwind@00465321,8,0,"FUN_0044f60a"
00465329,Unwind@00465329,5,0,"thunk_FUN_00439997"
0046534a,Unwind@0046534a,8,0,"FUN_0044f5d2"
00465352,Unwind@00465352,5,0,"thunk_FUN_00439997"
00465373,Unwind@00465373,8,0,"FUN_0044f5d2"
0046537b,Unwind@0046537b,5,0,"thunk_FUN_00439997"
00465381,Unwind@00465381,5,0,"thunk_FUN_00439997"
004653a2,Unwind@004653a2,5,0,"thunk_FUN_00439997"
004653c3,Unwind@004653c3,8,0,"FUN_0044f5d2"
004653cb,Unwind@004653cb,5,0,"thunk_FUN_00439997"
004653ec,Unwind@004653ec,8,0,"FUN_004538f6"
004653f4,Unwind@004653f4,11,0,"~SchedulerPolicy"
004653ff,Unwind@004653ff,11,0,"FUN_004538d8"
0046540a,Unwind@0046540a,11,0,"FUN_004538d8"
00465415,Unwind@00465415,11,0,"FUN_004538d8"
00465420,Unwind@00465420,11,0,"FUN_004538ce"
0046542b,Unwind@0046542b,11,0,"~ListArray<Concurrency::details::ScheduleGroupBase>"
00465436,Unwind@00465436,14,0,"~ListArray<Concurrency::details::ExternalStatistics>"
00465444,Unwind@00465444,14,0,"FUN_0044d0be"
00465452,Unwind@00465452,14,0,"~Hash<>"
00465460,Unwind@00465460,14,0,"~Hash<>"
00465489,Unwind@00465489,5,0,"thunk_FUN_00439997"
004654aa,Unwind@004654aa,16,0,"FUN_0042eb3b"
004654d5,Unwind@004654d5,16,0,"FUN_0042eb3b"
00465500,Unwind@00465500,25,0,"FUN_004538ce"
00465534,Unwind@00465534,8,0,"FUN_0044f60a"
0046553c,Unwind@0046553c,8,0,"~SchedulerPolicy"
0046555f,Unwind@0046555f,16,0,"FUN_0042eb3b"
004655a5,Unwind@004655a5,16,0,"FUN_0042eb3b"
004655d0,Unwind@004655d0,41,0,"FUN_00462e63"
004655f9,Unwind@004655f9,8,0,"FUN_004538ce"
00465601,Unwind@00465601,16,0,"FUN_0042eb3b"
00465611,Unwind@00465611,16,0,"FUN_0042eb3b"
0046563c,Unwind@0046563c,13,0,"FUN_0042eb3b"
00465649,Unwind@00465649,13,0,"FUN_0042eb3b"
00465671,Unwind@00465671,8,0,"FUN_00456eba"
00465679,Unwind@00465679,14,0,"~Hash<>"
00465687,Unwind@00465687,14,0,"~CancellationBeaconStack"
004656b0,Unwind@004656b0,8,0,"FUN_00456f06"
004656b8,Unwind@004656b8,5,0,"thunk_FUN_00439997"
004656d9,Unwind@004656d9,13,0,"FUN_0042eb3b"
00465701,Unwind@00465701,8,0,"FUN_004539b8"
00465709,Unwind@00465709,5,0,"thunk_FUN_00439997"
0046572a,Unwind@0046572a,11,0,"~event"
0046576b,Unwind@0046576b,16,0,"FUN_0042eb3b"
00465796,Unwind@00465796,8,0,"FUN_00456f06"
0046579e,Unwind@0046579e,5,0,"thunk_FUN_00439997"
004657bf,Unwind@004657bf,8,0,"~lock_guard<std::mutex>"
004657c7,Unwind@004657c7,5,0,"thunk_FUN_00439997"
004657cd,Unwind@004657cd,8,0,"~unique_lock<std::mutex>"
004657d5,Unwind@004657d5,5,0,"thunk_FUN_00439997"
004657f6,Unwind@004657f6,8,0,"~_MallocaArrayHolder<>"
00465823,Unwind@00465823,18,0,"guard_check_icall"
00465850,Unwind@00465850,5,0,"thunk_FUN_00439997"
00465856,Unwind@00465856,5,0,"thunk_FUN_00439997"
00465877,Unwind@00465877,8,0,"~lock_guard<std::mutex>"
0046587f,Unwind@0046587f,5,0,"thunk_FUN_00439997"
004658bb,Unwind@004658bb,11,0,"FUN_0044d0be"
004658c6,Unwind@004658c6,16,0,"FUN_0042eb3b"
004658f1,Unwind@004658f1,8,0,"FUN_0044f5d2"
004658f9,Unwind@004658f9,5,0,"thunk_FUN_00439997"
0046591a,Unwind@0046591a,13,0,"FUN_0042eb3b"
00465942,Unwind@00465942,8,0,"FUN_0044f5d2"
0046594a,Unwind@0046594a,5,0,"thunk_FUN_00439997"
0046596b,Unwind@0046596b,13,0,"FUN_0042eb3b"
00465993,Unwind@00465993,5,0,"thunk_FUN_00439997"
004659b4,Unwind@004659b4,8,0,"FUN_0044f5d2"
004659bc,Unwind@004659bc,5,0,"thunk_FUN_00439997"
004659dd,Unwind@004659dd,8,0,"FUN_0044f5d2"
004659e5,Unwind@004659e5,5,0,"thunk_FUN_00439997"
00465a10,Unwind@00465a10,11,0,"FUN_0044d0be"
00465a36,Unwind@00465a36,13,0,"FUN_0042eb3b"
00465a5e,Unwind@00465a5e,8,0,"FUN_0044f60a"
00465a81,Unwind@00465a81,11,0,"FUN_004538ce"
00465a8c,Unwind@00465a8c,11,0,"~Hash<>"
00465ab2,Unwind@00465ab2,8,0,"FUN_004539b8"
00465aba,Unwind@00465aba,5,0,"thunk_FUN_00439997"
00465adb,Unwind@00465adb,8,0,"FUN_0045ce0d"
00465ae3,Unwind@00465ae3,5,0,"thunk_FUN_00439997"
00465b04,Unwind@00465b04,25,0,"~SchedulerPolicy"
00465b38,Unwind@00465b38,29,0,"FUN_00462e63"
00465b55,Unwind@00465b55,5,0,"thunk_FUN_00439997"
00465b76,Unwind@00465b76,11,0,"~ListArray<Concurrency::details::ScheduleGroupSegmentBase>"
00465b81,Unwind@00465b81,11,0,"~ListArray<Concurrency::details::ScheduleGroupSegmentBase>"
00465ba7,Unwind@00465ba7,11,0,"FUN_004538ce"
00465bb2,Unwind@00465bb2,13,0,"FUN_0042eb3b"
00465bda,Unwind@00465bda,8,0,"FUN_004538ef"
00465bfd,Unwind@00465bfd,11,0,"FUN_004538ce"
00465c08,Unwind@00465c08,8,0,"FUN_004538ce"
00465c10,Unwind@00465c10,11,0,"~Mailbox<Concurrency::details::_UnrealizedChore>"
00465c1b,Unwind@00465c1b,11,0,"~ListArray<Concurrency::details::WorkQueue>"
00465c26,Unwind@00465c26,14,0,"~ListArray<Concurrency::details::ListArrayInlineLink<Concurrency::details::WorkQueue>_>"
00465c4f,Unwind@00465c4f,11,0,"FUN_004538ce"
00465c75,Unwind@00465c75,13,0,"FUN_0042eb3b"
00465c9d,Unwind@00465c9d,5,0,"thunk_FUN_00439997"
00465cbe,Unwind@00465cbe,13,0,"FUN_0042eb3b"
00465ce6,Unwind@00465ce6,8,0,"~ContextBase"
00465d24,Unwind@00465d24,16,0,"FUN_0042eb3b"
00465d4f,Unwind@00465d4f,16,0,"FUN_0042eb3b"
00465d7a,Unwind@00465d7a,16,0,"FUN_0042eb3b"
00465da5,Unwind@00465da5,8,0,"FUN_004581cc"
00465dc8,Unwind@00465dc8,8,0,"FUN_004581cc"
00465deb,Unwind@00465deb,8,0,"FUN_00456e50"
00465df3,Unwind@00465df3,11,0,"FUN_00456e67"
00465e19,Unwind@00465e19,8,0,"FUN_004539b8"
00465e21,Unwind@00465e21,5,0,"thunk_FUN_00439997"
00465e5d,Unwind@00465e5d,8,0,"~VirtualProcessor"
00465e80,Unwind@00465e80,8,0,"FUN_00463968"
00465e88,Unwind@00465e88,18,0,"guard_check_icall"
00465eb5,Unwind@00465eb5,8,0,"FUN_00463968"
00465ebd,Unwind@00465ebd,14,0,"guard_check_icall"
00465ee6,Unwind@00465ee6,14,0,"guard_check_icall"
00465f0f,Unwind@00465f0f,13,0,"FUN_0042eb3b"
00465f88,Unwind@00465f88,8,0,"FUN_0042f712"
00465fb0,FUN_00465fb0,30,0,"FID_conflict:_free FUN_0042d900 FUN_0042dc60"
00465fcf,FUN_00465fcf,10,0,"FUN_0042f925"
00465fd9,FUN_00465fd9,10,0,"~locale"
00465fe3,FUN_00465fe3,10,0,"FUN_0042fd34"
00465fed,FUN_00465fed,10,0,"~_Init_atexit"
00465ff7,FUN_00465ff7,10,0,"FUN_0042fd34"
00466001,FUN_00466001,10,0,"FUN_0044e88c"
0046600b,FUN_0046600b,15,0,""
