entry,name,size,params,callees
00401000,FUN_00401000,98,0,"FUN_00402270 _memset"
00401080,FUN_00401080,391,0,"FUN_00401fd0 FUN_0044ab40 FUN_00454360 FUN_00456b70 FUN_00456c10 FUN_00458a10 FUN_0045fce4"
00401210,FUN_00401210,475,2,"EnterCriticalSection FUN_004549e0 FUN_00457080 FUN_0045fd49 LeaveCriticalSection _free"
004014a0,FUN_004014a0,22,1,"FUN_00401d50"
004014e0,FUN_004014e0,182,1,""
004015a0,FUN_004015a0,83,1,"FUN_004014e0 __security_check_cookie _vsprintf"
00401600,FUN_00401600,106,2,"FUN_004014e0 __security_check_cookie _vsprintf"
00401670,FUN_00401670,1612,2,"FUN_00401e40 FUN_0042a970 FUN_0044f880 FUN_0044fd10 FUN_0044fe30"
00401ce0,FUN_00401ce0,101,1,"FUN_00401670 FUN_0042a970 FUN_0044fd10"
00401d50,FUN_00401d50,124,1,""
00401dd0,FUN_00401dd0,6,0,""
00401e40,FUN_00401e40,81,1,""
00401ea0,FUN_00401ea0,62,0,"FUN_0042a970"
00401fd0,FUN_00401fd0,303,0,"_memset"
00402170,FUN_00402170,34,1,"_free"
004021a0,FUN_004021a0,33,0,""
00402270,FUN_00402270,101,1,"_memset"
00402300,FUN_00402300,231,0,"_free"
004023f0,FUN_004023f0,180,1,"_memset `eh_vector_constructor_iterator'"
004024c0,FUN_004024c0,630,1,"FUN_00403fc0 FUN_00456b70 FUN_00456c10 FUN_00458af0 FUN_0045fce4"
00402740,FUN_00402740,603,1,"EnterCriticalSection FUN_00402300 FUN_004549e0 FUN_00457080 FUN_0045fd49 LeaveCriticalSection _free `eh_vector_destructor_iterator'"
004029a0,FUN_004029a0,21,0,"FUN_00402300 FUN_0045fd49"
004029c0,FUN_004029c0,159,0,"FUN_004023f0 FUN_004024c0 FUN_00402740 FUN_0045fce4 FUN_0045fd49"
00402aa0,FUN_00402aa0,1677,0,"D3DXVec3Normalize FUN_004040f0 FUN_00404470 FUN_0040e6c0 FUN_0044b4b0 FUN_00458c30 FUN_00458ed0 FUN_00486cf0"
00403130,FUN_00403130,1128,1,"FUN_00404190 FUN_00405e80 FUN_00406100 FUN_0042a300 FUN_0042a970 FUN_004489e0 FUN_0044fd10 FUN_00451ef0"
004035a0,FUN_004035a0,854,3,"FUN_00404190 FUN_0042a970 FUN_0044fd10 FUN_00455660 FUN_00459210"
00403950,FUN_00403950,1643,3,"D3DXMatrixTranslation D3DXVec3ProjectArray"
00403fc0,FUN_00403fc0,297,1,"FUN_00454360 FUN_00458400 FUN_00458a10 _malloc _memcpy"
004040f0,FUN_004040f0,153,0,"FUN_0044b4b0"
00404190,FUN_00404190,727,2,"FUN_00403950 FUN_0042a970 FUN_0044fd10 FUN_00451ef0"
00404470,FUN_00404470,2633,1,"FUN_00401fd0 FUN_00402300 FUN_00405240 FUN_004055d0 FUN_00405b70 FUN_00406100 FUN_0040e530 FUN_0044acd0 FUN_00458ed0 FUN_00459270 FUN_0045fce4 FUN_0045fd49 FUN_00486cf0"
00404f20,FUN_00404f20,113,2,""
00405030,FUN_00405030,245,0,"FUN_00401fd0 FUN_0044acd0"
00405130,FUN_00405130,159,0,"FUN_00448a90 FUN_0045fce4 _memset"
004051d0,FUN_004051d0,103,0,""
00405240,FUN_00405240,883,0,"FUN_00405960 FUN_00459270"
004055d0,FUN_004055d0,737,1,"FUN_00405990 FUN_004059d0 FUN_00405a10 FUN_00405a50 FUN_00405b70 FUN_00459270"
00405960,FUN_00405960,39,0,"FUN_00459730"
00405990,FUN_00405990,45,0,"FUN_00459730"
004059d0,FUN_004059d0,61,1,"FUN_00405b70"
00405a10,FUN_00405a10,64,1,"FUN_00405b70"
00405a50,FUN_00405a50,61,1,"FUN_00405b70"
00405b10,FUN_00405b10,30,0,"FUN_00401fd0 FUN_0044acd0"
00405b70,FUN_00405b70,171,1,""
00405c60,FUN_00405c60,52,0,""
00405d60,FUN_00405d60,21,3,"FUN_0044b4b0"
00405e80,FUN_00405e80,62,0,"FUN_0042a810"
00405fb0,FUN_00405fb0,31,1,"FUN_00486cf0"
00406100,FUN_00406100,59,1,""
004061b0,FUN_004061b0,173,1,"FUN_00456b70 FUN_00456c10 FUN_0045fce4"
00406260,FUN_00406260,477,1,"EnterCriticalSection FUN_00402300 FUN_00420a00 FUN_004562e0 FUN_00457080 FUN_0045fd49 LeaveCriticalSection _free"
00406440,FUN_00406440,105,0,"FUN_00402270 FUN_004061b0 FUN_00406260 FUN_0045fce4 FUN_0045fd49 _memset"
004064f0,FUN_004064f0,28,0,"FUN_00406260 FUN_0045fd49"
00406510,FUN_00406510,241,0,"FUN_00406920 FUN_00407130 FUN_00407680 FUN_00407a40 FUN_00407bb0 FUN_0044a260 FUN_0045dd70"
00406720,FUN_00406720,100,1,"FUN_00406e90 FUN_00407220 FUN_00407fc0"
00406860,FUN_00406860,93,1,""
004068c0,FUN_004068c0,91,0,""
00406920,FUN_00406920,998,0,"FUN_00402300 FUN_0040e530 FUN_0040e6c0 FUN_00455b10 FUN_00458c30 FUN_0045fce4 FUN_0045fd49 FUN_004864e0"
00406d10,FUN_00406d10,356,1,"FUN_00402300 FUN_00406f90 FUN_004070e0 FUN_004561e0 FUN_00458c30 FUN_0045fd49"
00406e90,FUN_00406e90,246,2,""
00406f90,FUN_00406f90,212,0,"FUN_0040af90 FUN_0040b0e0 FUN_00424f30 FUN_00424fe0"
004070a0,FUN_004070a0,56,1,"FUN_00458c30"
004070e0,FUN_004070e0,67,1,"FUN_004561e0"
00407130,FUN_00407130,103,0,"FUN_004068c0 FUN_00455b10"
004071a0,FUN_004071a0,107,1,"FUN_00406860 FUN_004073b0 FUN_0044a260 FUN_004561e0"
00407220,FUN_00407220,385,1,""
004073b0,FUN_004073b0,387,1,"FUN_0040af90 FUN_00424fe0"
00407560,FUN_00407560,115,1,""
00407680,FUN_00407680,159,0,"FUN_00455b10"
00407720,FUN_00407720,636,1,"FUN_00406860 FUN_004068c0 FUN_004070e0 FUN_004079c0 FUN_00420a00 FUN_00432cc0 FUN_00433a90 FUN_0044a1e0 FUN_0044a260 FUN_004561e0 FUN_004562e0 FUN_00456430 FUN_00459270"
004079c0,FUN_004079c0,84,0,"FUN_0040af90 FUN_00424fe0"
00407a40,FUN_00407a40,125,0,"FUN_004068c0 FUN_0044a1e0 FUN_00455b10"
00407ac0,FUN_00407ac0,109,1,"FUN_00406860 FUN_004070e0 FUN_00407b50 FUN_0044a1e0 FUN_0044a300 FUN_004561e0"
00407b50,FUN_00407b50,85,0,"FUN_0040b210 FUN_00424fe0"
00407bb0,FUN_00407bb0,342,0,"FUN_00402300 FUN_004068c0 FUN_0040e530 FUN_0040e6c0 FUN_0044a1e0 FUN_00455b10 FUN_004561e0 FUN_0045fce4 FUN_0045fd49"
00407d10,FUN_00407d10,665,1,"D3DXVec3Normalize FUN_00402300 FUN_00406860 FUN_00408010 FUN_0040e6c0 FUN_004561e0 FUN_00456430 FUN_0045fd49"
00407fc0,FUN_00407fc0,66,1,""
00408010,FUN_00408010,84,0,"FUN_0040af90 FUN_00424fe0"
00408070,FUN_00408070,398,1,"FUN_00458c30"
00408270,FUN_00408270,162,0,""
004083d0,FUN_004083d0,59,1,"FUN_00402270"
00408410,FUN_00408410,34,1,"_free"
00408450,FUN_00408450,248,0,"FUN_00454360 FUN_00456b70 FUN_00456c10 FUN_00458a10 FUN_0045fce4"
00408550,FUN_00408550,62,1,"FUN_004564c0 _memset"
004085f0,FUN_004085f0,287,2,"EnterCriticalSection FUN_004564c0 FUN_00457080 LeaveCriticalSection `eh_vector_destructor_iterator'"
00408710,FUN_00408710,199,0,"FUN_00408450 FUN_004085f0 FUN_0045fce4 FUN_0045fd49 _memset `eh_vector_constructor_iterator'"
00408800,FUN_00408800,28,1,"FUN_004085f0 FUN_0045fd49"
00408820,FUN_00408820,103,3,""
00408890,FUN_00408890,103,3,""
00408900,FUN_00408900,1019,2,"FUN_00408270 FUN_00408820 FUN_00409700 FUN_0040a280 FUN_0040a300 FUN_0040a420 FUN_0040a4c0 FUN_0040a5d0 FUN_0040a6d0 FUN_0040a930 FUN_0040aa50 FUN_0040aaf0 FUN_0040aba0 FUN_0040ac60 FUN_0040adc0 FUN_0040baa0 FUN_0040bb10 FUN_00431e00 FUN_00431f70 FUN_0044a260 FUN_0044b4b0 FUN_00455b10 FUN_00459210"
00408d00,FUN_00408d00,256,2,"FUN_00408900 FUN_004864e0"
00408e20,FUN_00408e20,150,1,"FUN_00451ef0 FUN_00458e30"
00408ede,FUN_00408ede,10,2,"FUN_00408d00"
00408f20,FUN_00408f20,1939,5,"FUN_00401fd0 FUN_00409700 FUN_0040b9d0 FUN_0044ada0 FUN_0044b4b0 FUN_00458c30 FUN_00458e30"
00409700,FUN_00409700,2670,2,"FUN_00401fd0 FUN_00405c60 FUN_00406100 FUN_0040a1f0 FUN_0040ae90 FUN_0040b9d0 FUN_00431d90 FUN_0044a1e0 FUN_0044a260 FUN_0044ada0 FUN_00458e30 _memset"
0040a1f0,FUN_0040a1f0,136,0,"FUN_00408f20 FUN_00431d90 FUN_0044a260"
0040a280,FUN_0040a280,120,2,"FUN_0040b9d0 FUN_00459270"
0040a300,FUN_0040a300,274,1,"FUN_00459270 FUN_00486c9a"
0040a420,FUN_0040a420,159,0,"FUN_0040b9d0 FUN_00458e30 FUN_00459270"
0040a4c0,FUN_0040a4c0,262,0,"FUN_0040b9d0 FUN_0044a1e0 FUN_00459270"
0040a5d0,FUN_0040a5d0,256,0,"FUN_0040b9d0 FUN_0044a1e0 FUN_00459270"
0040a6d0,FUN_0040a6d0,280,0,"FUN_0040b9d0 FUN_00431d90 FUN_0044a1e0 FUN_00458e30 FUN_00459270"
0040a7f0,FUN_0040a7f0,94,0,"FUN_00458e30"
0040a850,FUN_0040a850,94,0,"FUN_00458e30"
0040a8f0,FUN_0040a8f0,64,1,""
0040a930,FUN_0040a930,281,0,"FUN_0040a7f0 FUN_0040a850 FUN_0040a8f0 FUN_0040b8a0 FUN_0040b9d0 FUN_0044a1e0"
0040aa50,FUN_0040aa50,153,0,"FUN_00408890 FUN_0044a1e0 FUN_00459210"
0040aaf0,FUN_0040aaf0,175,0,"FUN_00408890 FUN_0044a1e0 FUN_00459210"
0040aba0,FUN_0040aba0,189,0,"FUN_0040b830 FUN_0040b9d0 FUN_00431d90 FUN_00458e30 FUN_00459270"
0040ac60,FUN_0040ac60,352,0,"FUN_00405240 FUN_0040b9d0 FUN_00459270 FUN_00486c9a"
0040adc0,FUN_0040adc0,198,0,""
0040ae90,FUN_0040ae90,242,0,"FUN_0040b8a0 FUN_00455b10"
0040af90,FUN_0040af90,334,3,"FUN_0040ae90 FUN_0040b8a0 FUN_00412990 FUN_00424230"
0040b0e0,FUN_0040b0e0,300,3,"FUN_0040ae90 FUN_0040b8a0 FUN_00412b10 FUN_00424230"
0040b210,FUN_0040b210,392,2,"FUN_0040ae90 FUN_0040b8a0 FUN_00412c50 FUN_00424230 FUN_00433f90 FUN_00458ed0"
0040b3a0,FUN_0040b3a0,537,1,"FUN_00424230 FUN_00455b10 FUN_004561e0"
0040b5c0,FUN_0040b5c0,99,0,"FUN_0040ae90"
0040b830,FUN_0040b830,101,2,""
0040b8a0,FUN_0040b8a0,93,3,""
0040b900,FUN_0040b900,34,1,"FUN_00486c9a"
0040b930,FUN_0040b930,28,1,""
0040b9d0,FUN_0040b9d0,30,3,""
0040b9f0,FUN_0040b9f0,50,1,"FUN_00458c30"
0040baa0,FUN_0040baa0,95,1,""
0040bb10,FUN_0040bb10,19,0,""
0040bb50,FUN_0040bb50,80,0,""
0040bc70,FUN_0040bc70,78,2,""
0040bd00,FUN_0040bd00,256,0,"FUN_00456b70 FUN_00456c10 FUN_0045fce4"
0040be20,FUN_0040be20,35,0,""
0040be50,FUN_0040be50,317,2,"EnterCriticalSection FUN_004562e0 FUN_00457080 LeaveCriticalSection `eh_vector_destructor_iterator'"
0040bf90,FUN_0040bf90,206,0,"FUN_0040bd00 FUN_0040be50 FUN_0045fce4 FUN_0045fd49 _memset `eh_vector_constructor_iterator'"
0040c0a0,FUN_0040c0a0,621,1,"FUN_0044b4b0 FUN_004561e0 FUN_004563a0 FUN_00459270"
0040c310,FUN_0040c310,368,0,"FUN_0040bb50 FUN_00446920 FUN_004864e0 FUN_00486590 FUN_004866ca"
0040c4a0,FUN_0040c4a0,370,0,"FUN_004015a0 FUN_00451ef0 FUN_004561e0"
0040c650,FUN_0040c650,1769,2,"FUN_00401fd0 FUN_00405b10 FUN_0044a1e0 FUN_0044acd0 FUN_00454d00 FUN_00455a00 FUN_004561e0 FUN_004563a0"
0040cd60,FUN_0040cd60,335,1,"FUN_004070e0 FUN_0041f010 FUN_0044a1e0 FUN_004562e0"
0040ceb0,FUN_0040ceb0,51,1,""
0040cfa0,FUN_0040cfa0,30,0,""
0040cfe0,FUN_0040cfe0,83,0,"_free"
0040d040,FUN_0040d040,25,0,"_memset"
0040d0c0,FUN_0040d0c0,201,1,""
0040d190,FUN_0040d190,31,0,"FUN_00432cc0"
0040d320,FUN_0040d320,462,1,"EnterCriticalSection FUN_00406260 FUN_004085f0 FUN_0040cfe0 FUN_00410e90 FUN_0041afc0 FUN_00423330 FUN_00430010 FUN_00437e40 FUN_00457080 FUN_00459430 FUN_0045fd49 LeaveCriticalSection _free"
0040d500,FUN_0040d500,111,0,"FUN_00406440 FUN_00408710 FUN_00411070 FUN_0041b2a0 FUN_00423440 FUN_004301b0 FUN_00437f60 FUN_00459160"
0040d600,FUN_0040d600,1209,1,"FUN_004064f0 FUN_00408550 FUN_00408800 FUN_0040cfa0 FUN_0040cfe0 FUN_0040d040 FUN_0040d0c0 FUN_0040d190 FUN_0040de10 FUN_0040dea0 FUN_004108f0 FUN_00410e60 FUN_00411100 FUN_0041a6d0 FUN_0041b360 FUN_00423530 FUN_0042fec0 FUN_00430270 FUN_00438000 FUN_00459160 FUN_004594a0 FindClose FindFirstFileA FindNextFileA __security_check_cookie _malloc _memset"
0040dac0,FUN_0040dac0,761,0,"FUN_00401600 FUN_004500b0 FUN_004864e0"
0040dde0,FUN_0040dde0,10,0,"FUN_0040dac0"
0040de10,FUN_0040de10,137,1,""
0040dea0,FUN_0040dea0,30,1,""
0040df10,FUN_0040df10,33,2,""
0040e0a0,FUN_0040e0a0,238,1,"FUN_00454360 FUN_00456b70 FUN_00456c10 FUN_00458a10 FUN_0045fce4"
0040e190,FUN_0040e190,176,0,"EnterCriticalSection FUN_00457080 LeaveCriticalSection"
0040e240,FUN_0040e240,95,0,"FUN_0040e0a0 FUN_0040e190 FUN_0045fce4 FUN_0045fd49"
0040e320,FUN_0040e320,288,3,"FUN_0040e530 FUN_0040ea30 FUN_00455a00 FUN_004561e0 FUN_0045fce4"
0040e450,FUN_0040e450,64,2,"FUN_0045fce4"
0040e530,FUN_0040e530,382,2,"FUN_0042b3d0 FUN_0042b480 FUN_004561e0 _malloc"
0040e6c0,FUN_0040e6c0,325,4,"FUN_0040e890"
0040e890,FUN_0040e890,120,0,""
0040e990,FUN_0040e990,96,0,"FUN_00458ed0 FUN_00459590 FUN_00459aa0"
0040ea10,FUN_0040ea10,23,1,""
0040ea30,FUN_0040ea30,50,2,""
0040ea90,FUN_0040ea90,178,0,"FUN_00459430"
0040eb70,FUN_0040eb70,105,0,"FUN_00458400 _free"
0040ec90,FUN_0040ec90,559,1,"FUN_0040f1d0 FUN_00455a70 FUN_00456b70 FUN_00456c10 FUN_00458400 FUN_00458a10 FUN_0045fce4"
0040eec0,FUN_0040eec0,405,1,"EnterCriticalSection FUN_0040ea90 FUN_004549e0 FUN_00457080 FUN_0045fd49 LeaveCriticalSection _free"
0040f080,FUN_0040f080,96,0,"FUN_0040ec90 FUN_0040eec0 FUN_0045fce4 FUN_0045fd49"
0040f100,FUN_0040f100,27,1,"FUN_0040eec0 FUN_0045fd49"
0040f120,FUN_0040f120,116,0,"FUN_0040f4a0 FUN_00459270"
0040f1d0,FUN_0040f1d0,678,2,"EnterCriticalSection FUN_004556e0 FUN_00456910 FUN_004569c0 LeaveCriticalSection _memset"
0040f4a0,FUN_0040f4a0,1576,1,"FUN_00406100 FUN_0040eb70 FUN_0040fbe0 FUN_0040fc30 FUN_0040fca0 FUN_0041eed0 FUN_0042a0d0 FUN_0042a150 FUN_0042a270 FUN_004489e0 FUN_0044a1e0 FUN_004549a0 FUN_00454c60 FUN_00455a00 FUN_004561e0 FUN_004562e0 FUN_00456520 FUN_00459210 FUN_004594a0 FUN_004864e0 _memset"
0040fb60,FUN_0040fb60,68,0,"FUN_004070e0 FUN_00454360"
0040fbc0,FUN_0040fbc0,27,1,"FUN_004070e0"
0040fbe0,FUN_0040fbe0,67,1,"FUN_004561e0"
0040fc30,FUN_0040fc30,67,1,"FUN_004561e0"
0040fca0,FUN_0040fca0,81,2,"FUN_00455a70"
0040fd40,FUN_0040fd40,3,0,""
0040fe30,FUN_0040fe30,5,0,""
0040fe40,FUN_0040fe40,5,0,""
0040fe50,FUN_0040fe50,5,0,""
0040fe60,FUN_0040fe60,5,0,""
0040fe80,FUN_0040fe80,45,0,"FUN_0045fd49"
0040fed0,FUN_0040fed0,64,0,""
0040ff10,FUN_0040ff10,47,1,"FUN_0045fd49"
0040ff40,FUN_0040ff40,71,2,"FUN_0045fd49"
0040ffa0,FUN_0040ffa0,5,0,""
004100e0,FUN_004100e0,61,1,""
00410190,FUN_00410190,58,0,"FUN_004101d0 FUN_00424230"
004101d0,FUN_004101d0,457,1,"FUN_00419bb0 FUN_00424230 FUN_00458c30 FUN_00458ed0 _memset"
00410420,FUN_00410420,31,2,"FUN_00411480 FUN_0045fd49"
00410440,FUN_00410440,126,0,"_memset"
004104d0,FUN_004104d0,95,2,"FUN_00458400 FUN_0045d900"
00410580,FUN_00410580,133,2,"FUN_004864e0"
00410610,FUN_00410610,54,0,""
00410660,FUN_00410660,21,1,""
00410690,FUN_00410690,32,0,""
00410720,FUN_00410720,18,0,""
00410780,FUN_00410780,28,0,""
004107b0,FUN_004107b0,38,1,"FUN_004562e0"
00410880,FUN_00410880,28,0,"_memset"
004108a0,FUN_004108a0,27,1,""
004108d0,FUN_004108d0,31,1,""
004108f0,FUN_004108f0,545,1,"FUN_004111c0 FUN_00411750 FUN_0045fce4"
00410b60,FUN_00410b60,82,2,""
00410be0,FUN_00410be0,318,1,"FUN_004104d0 FUN_00456b70 FUN_00456c10 FUN_0045fce4 _memset"
00410d50,FUN_00410d50,25,2,""
00410d69,FUN_00410d69,205,2,"FUN_00454360 FUN_00458a10"
00410e60,FUN_00410e60,35,0,""
00410e90,FUN_00410e90,374,0,"EnterCriticalSection FUN_0040d0c0 FUN_004549e0 FUN_00457080 FUN_0045fd49 LeaveCriticalSection _free"
00411070,FUN_00411070,97,1,"FUN_00410be0 FUN_00410e90 FUN_0045fce4 FUN_0045fd49 _memset"
00411100,FUN_00411100,29,0,"FUN_00410e90 FUN_0045fd49"
00411120,FUN_00411120,105,1,"FUN_00411750 FUN_00459270"
004111c0,FUN_004111c0,699,1,"FUN_00410440 FUN_0045db10 _memset"
00411480,FUN_00411480,384,2,"FUN_00402300 FUN_00410b60 FUN_0045fd49"
00411610,FUN_00411610,309,0,"FUN_00459590"
00411750,FUN_00411750,4221,1,"D3DXVec3Normalize FUN_00405240 FUN_00406100 FUN_004070e0 FUN_0040baa0 FUN_0040bb10 FUN_0040ceb0 FUN_0040e6c0 FUN_0040fe80 FUN_0040fed0 FUN_004100e0 FUN_00410660 FUN_00410690 FUN_00410780 FUN_00411610 FUN_004127e0 FUN_00417b40 FUN_004191f0 FUN_00419a20 FUN_00431f70 FUN_004347f0 FUN_0044a260 FUN_00455a00 FUN_00455b10 FUN_004561e0 FUN_004562e0 FUN_00456330 FUN_004563a0 FUN_00456430 FUN_00456520 FUN_00456770 FUN_00458ed0 FUN_00459210 FUN_00459540 FUN_00459590 FUN_0045d420 FUN_0045db10 FUN_004864e0 FUN_00486cf0"
004127e0,FUN_004127e0,156,2,"FUN_004101d0 FUN_00424230 FUN_0044a260 FUN_00455b10"
00412880,FUN_00412880,125,0,"FUN_00455b10 FUN_00459270"
00412900,FUN_00412900,135,2,"FUN_00455b10 FUN_00459270"
00412990,FUN_00412990,381,3,"FUN_00424230"
00412b10,FUN_00412b10,302,3,"FUN_00419920 FUN_00424230"
00412c50,FUN_00412c50,449,3,"FUN_00424230 FUN_00433f90 FUN_00458ed0"
00412e20,FUN_00412e20,11,1,"FUN_00412e30"
00412e30,FUN_00412e30,15776,1,"D3DXVec3Project FUN_00401ea0 FUN_004029a0 FUN_00404f20 FUN_00405c60 FUN_00406100 FUN_0040a1f0 FUN_0040af90 FUN_0040b3a0 FUN_0040b900 FUN_0040b930 FUN_0040c650 FUN_0040cd60 FUN_0040ceb0 FUN_0040e530 FUN_00410190 FUN_00410720 FUN_004107b0 FUN_00410880 FUN_004108a0 FUN_004108d0 FUN_004108f0 FUN_00411610 FUN_00412880 FUN_00412900 FUN_00417ad0 FUN_00417d80 FUN_00417d90 FUN_00417dd0 FUN_00417de0 FUN_00417df0 FUN_00417e30 FUN_00419520 FUN_00419790 FUN_004197b0 FUN_004198c0 FUN_00419bd0 FUN_0041d2a0 FUN_004208b0 FUN_00424df0 FUN_00424fb0 FUN_00424fe0 FUN_00425040 FUN_00438440 FUN_004489e0 FUN_0044a260 FUN_00455a70 FUN_00455b10 FUN_00455bc0 FUN_00455c30 FUN_00455cd0 FUN_00456230 FUN_004562e0 FUN_00456520 FUN_00456610 FUN_00456650 FUN_00458ed0 FUN_00459670 FUN_0045d4b0 FUN_0045d550 FUN_0045d740 FUN_0045fce4 __security_check_cookie _memset"
00416ee0,FUN_00416ee0,927,3,"FUN_00419700 FUN_00419770 FUN_00456520 FUN_00458c30 FUN_00458da0 FUN_00458dd0 FUN_004864e0"
004173a0,FUN_004173a0,173,2,""
004174b0,FUN_004174b0,993,2,"FUN_00419700 FUN_00419770 FUN_00431d90 FUN_00458c30 FUN_00458da0 FUN_00458dd0"
004179b0,FUN_004179b0,176,2,""
00417ad0,FUN_00417ad0,30,3,""
00417b40,FUN_00417b40,561,1,""
00417d80,FUN_00417d80,16,1,"FUN_0045d4b0"
00417d90,FUN_00417d90,61,0,""
00417dd0,FUN_00417dd0,14,1,"FUN_0045d550"
00417de0,FUN_00417de0,16,0,"FUN_0045d740"
00417df0,FUN_00417df0,49,2,"FUN_0045d600"
00417e30,FUN_00417e30,57,2,"FUN_0045d670"
00417e70,FUN_00417e70,123,1,""
00417ef0,FUN_00417ef0,348,1,"FUN_004197b0 FUN_004347f0 FUN_004561e0 FUN_00458ed0"
00418050,FUN_00418050,281,1,"FUN_004197b0 FUN_00432520 FUN_004561e0 FUN_00458ed0"
00418290,FUN_00418290,450,1,"D3DXVec3Normalize FUN_0040ae90 FUN_00410580 FUN_004197b0"
00418460,FUN_00418460,189,1,"FUN_004108f0 _memset"
00418520,FUN_00418520,914,1,"FUN_0040a1f0 FUN_0040ae90 FUN_004197b0 FUN_00486ba0 FUN_00486cf0"
004188c0,FUN_004188c0,227,1,"FUN_0040a1f0"
004189d0,FUN_004189d0,757,2,"FUN_00401fd0 FUN_0044a260 FUN_0044ada0 FUN_0044b4b0"
00418d20,FUN_00418d20,1139,2,"FUN_00401fd0 FUN_004195f0 FUN_0044a260 FUN_0044ada0 FUN_0044b4b0"
004191f0,FUN_004191f0,673,0,"FUN_00419580 FUN_00459270"
00419520,FUN_00419520,52,0,""
00419580,FUN_00419580,39,0,"FUN_00459730"
004195f0,FUN_004195f0,101,2,""
00419660,FUN_00419660,31,1,"FUN_00486ba0"
004196e0,FUN_004196e0,31,0,"FUN_00486aa0"
00419700,FUN_00419700,52,0,"FUN_00486aa0"
00419750,FUN_00419750,31,1,"FUN_00486c9a"
00419770,FUN_00419770,32,1,"FUN_00486c9a"
00419790,FUN_00419790,16,1,""
004197b0,FUN_004197b0,30,3,""
004198c0,FUN_004198c0,27,0,""
00419920,FUN_00419920,93,3,""
004199e0,FUN_004199e0,26,1,""
00419a20,FUN_00419a20,30,1,"FUN_004561e0"
00419bb0,FUN_00419bb0,30,4,""
00419bd0,FUN_00419bd0,63,0,"FUN_00458c30"
00419c30,FUN_00419c30,86,0,"FUN_00456c10 FUN_0045fce4"
00419c90,FUN_00419c90,95,0,"EnterCriticalSection FUN_00457080 LeaveCriticalSection"
00419cf0,FUN_00419cf0,90,0,"FUN_00419c30 FUN_00419c90 FUN_0045fce4 FUN_0045fd49 _memset"
00419d90,FUN_00419d90,257,0,"FUN_00446920"
00419ea0,FUN_00419ea0,168,0,"FUN_00401600"
00419f80,FUN_00419f80,101,1,"FUN_004562e0"
0041a060,FUN_0041a060,132,3,""
0041a0f0,FUN_0041a0f0,287,0,""
0041a250,FUN_0041a250,151,1,""
0041a2f0,FUN_0041a2f0,208,1,"FUN_00402270 _memset `eh_vector_constructor_iterator'"
0041a3c0,FUN_0041a3c0,339,1,"FUN_0041a520 FUN_00454360 FUN_00456b70 FUN_00456c10 FUN_00458a10 FUN_0045fce4"
0041a520,FUN_0041a520,336,1,"FUN_0041f6e0 FUN_00454360 FUN_00458400 FUN_00458a10"
0041a6d0,FUN_0041a6d0,1609,0,"EnterCriticalSection FUN_0041a060 FUN_0044acd0 FUN_004556e0 FUN_00455a00 FUN_00456910 FUN_004569c0 LeaveCriticalSection"
0041ad30,FUN_0041ad30,468,2,"FUN_00419f80 FUN_004549e0 FUN_004562e0 FUN_004564c0 FUN_0045fd49 _free"
0041af30,FUN_0041af30,129,1,"FUN_00419f80 FUN_004549e0 FUN_0045fd49 _free"
0041afc0,FUN_0041afc0,729,2,"EnterCriticalSection FUN_0041ad30 FUN_004562e0 FUN_00457080 LeaveCriticalSection _free `eh_vector_destructor_iterator'"
0041b2a0,FUN_0041b2a0,150,0,"FUN_0041a2f0 FUN_0041a3c0 FUN_0041afc0 FUN_0045fce4 FUN_0045fd49"
0041b360,FUN_0041b360,28,1,"FUN_0041afc0 FUN_0045fd49"
0041b380,FUN_0041b380,4647,3,"EnterCriticalSection FUN_0041d380 FUN_0042c760 FUN_00448a90 FUN_0044a1e0 FUN_0044ab40 FUN_0044b4b0 FUN_004556e0 FUN_004561e0 FUN_00456910 FUN_004569c0 FUN_00459270 FUN_0045fce4 FUN_0045fd49 FUN_004864e0 LeaveCriticalSection _memset"
0041c5f0,FUN_0041c5f0,105,0,"FUN_00451ef0"
0041c660,FUN_0041c660,2372,1,"FUN_004015a0 FUN_0041a250 FUN_00447f70 FUN_00451ef0 FUN_004561e0 FUN_004562e0 __security_check_cookie _sprintf"
0041cfc0,FUN_0041cfc0,10,0,"FUN_0041c5f0"
0041cfd0,FUN_0041cfd0,10,1,"FUN_0041c660"
0041cfe0,FUN_0041cfe0,697,1,"FUN_0040b5c0 FUN_00412880 FUN_00455a00 FUN_004561e0 _memset"
0041d2a0,FUN_0041d2a0,181,2,"FUN_00419f80 FUN_0041cfe0 FUN_0045fce4 FUN_0045fd49"
0041d380,FUN_0041d380,6780,1,"FUN_00406100 FUN_004070e0 FUN_0040ceb0 FUN_0040dea0 FUN_0040fbe0 FUN_0040fc30 FUN_0041a0f0 FUN_0041eed0 FUN_0041f2b0 FUN_0041f450 FUN_0041f510 FUN_0042a150 FUN_0042a270 FUN_0042c760 FUN_0042d6b0 FUN_0044a1e0 FUN_00454c60 FUN_00455a00 FUN_004561e0 FUN_00456230 FUN_00456330 FUN_004566d0 FUN_00456740 FUN_00456870 FUN_00459210 FUN_00459270 FUN_0046043d _strchr"
0041eed0,FUN_0041eed0,41,0,""
0041ef00,FUN_0041ef00,271,0,"FUN_0041f010 FUN_00420950"
0041f010,FUN_0041f010,11,0,""
0041f2b0,FUN_0041f2b0,200,0,"FUN_00455a00"
0041f380,FUN_0041f380,118,1,"FUN_004070e0"
0041f450,FUN_0041f450,30,0,""
0041f4e0,FUN_0041f4e0,36,0,""
0041f510,FUN_0041f510,37,0,""
0041f640,FUN_0041f640,41,0,""
0041f6e0,FUN_0041f6e0,1,0,""
0041f810,FUN_0041f810,68,0,"FUN_0045fd49"
0041f880,FUN_0041f880,65,0,""
0041f8f0,FUN_0041f8f0,1292,1,"FUN_004029c0 FUN_00406100 FUN_00406440 FUN_00408710 FUN_0040bf90 FUN_0040cfa0 FUN_0040e240 FUN_00411070 FUN_0041a520 FUN_0041b2a0 FUN_0041f880 FUN_00421270 FUN_00423440 FUN_00424b60 FUN_0042a0d0 FUN_0042a240 FUN_0042a640 FUN_0042a740 FUN_0042bea0 FUN_004301b0 FUN_00432cc0 FUN_00435e00 FUN_00436f30 FUN_00437f60 FUN_0044b4b0 FUN_00456b70 FUN_00456c10 FUN_0045fce4 Sleep"
0041fe10,FUN_0041fe10,1203,1,"EnterCriticalSection FUN_00402740 FUN_00406260 FUN_004085f0 FUN_0040be50 FUN_0040d0c0 FUN_0040e190 FUN_0040fca0 FUN_00410e90 FUN_0041af30 FUN_0041afc0 FUN_004210a0 FUN_00423330 FUN_00424a70 FUN_0042bdc0 FUN_00430010 FUN_00435c50 FUN_00437a70 FUN_00437e40 FUN_0044a9c0 FUN_00455a70 FUN_00457080 FUN_0045fd49 LeaveCriticalSection _memset"
004202d0,FUN_004202d0,99,0,"FUN_00420d80 FUN_0042a500 FUN_0045fce4 _memset"
00420340,FUN_00420340,38,0,"FUN_0041fe10 FUN_0045fd49"
00420390,FUN_00420390,1149,2,"FUN_00402740 FUN_00405030 FUN_00405130 FUN_004051d0 FUN_00406100 FUN_004070e0 FUN_00408550 FUN_0040be20 FUN_0040cfa0 FUN_0040d0c0 FUN_0040d190 FUN_0040dea0 FUN_0040fbc0 FUN_004108f0 FUN_00410e60 FUN_0041a6d0 FUN_0041ef00 FUN_0041f380 FUN_0041f810 FUN_00420a70 FUN_00420b80 FUN_00420ba0 FUN_00421070 FUN_0042a150 FUN_0042a240 FUN_0042bd90 FUN_0042fec0 FUN_00436da0 FUN_004489e0 FUN_00459270 FUN_00459430 FUN_0045fd49 _memset"
00420880,FUN_00420880,35,1,""
004208b0,FUN_004208b0,69,0,""
00420950,FUN_00420950,84,1,"FUN_0041a060 FUN_0041f010 FUN_0044a1e0"
004209b0,FUN_004209b0,77,1,"FUN_0041a060 FUN_00420950"
00420a00,FUN_00420a00,98,0,"FUN_0041f010"
00420a70,FUN_00420a70,212,0,"FUN_00459210"
00420b80,FUN_00420b80,22,0,"FUN_0044a9c0"
00420ba0,FUN_00420ba0,22,0,"FUN_0044a9c0"
00420d80,FUN_00420d80,137,0,"_memset"
00420e50,FUN_00420e50,60,0,"_memset"
00420e90,FUN_00420e90,241,0,"_memset"
00420f90,FUN_00420f90,223,0,"FUN_00421bd0 FUN_00456b70 FUN_00456c10 FUN_0045fce4"
00421070,FUN_00421070,35,0,""
004210a0,FUN_004210a0,362,1,"EnterCriticalSection FUN_00421210 FUN_00422650 FUN_00457080 LeaveCriticalSection"
00421210,FUN_00421210,81,0,"FUN_0045fd49"
00421270,FUN_00421270,73,0,"FUN_00420e90 FUN_00420f90 FUN_004210a0 FUN_0045fce4 FUN_0045fd49"
00421300,FUN_00421300,1365,1,"FUN_00423120 FUN_00454c60 FUN_00454d00 FUN_00454de0 FUN_00455b10 FUN_004561e0 FUN_0045fd49"
00421860,FUN_00421860,681,0,"FUN_00421300"
00421b40,FUN_00421b40,83,1,""
00421bd0,FUN_00421bd0,1997,3,"FUN_0040ea30 FUN_00420e50 FUN_00421210 FUN_00421b40 FUN_004223b0 FUN_00422490 FUN_004224e0 FUN_00458400 FUN_0045fce4 FUN_0046043d _atof _free _malloc _strchr _strncpy _strrchr"
004223b0,FUN_004223b0,210,1,"FUN_004224e0 _memcpy _memset _strchr"
00422490,FUN_00422490,75,0,"FUN_004224e0 _strchr"
004224e0,FUN_004224e0,113,0,""
00422560,FUN_00422560,226,1,"FUN_0045fce4 _memset _strncpy"
00422650,FUN_00422650,2460,1,"CloseHandle FUN_004587a0 FUN_00458920 FUN_00460885 FUN_004864e0 LeaveCriticalSection WriteFile __localtime64 __time64 _free _malloc _sprintf"
00423120,FUN_00423120,138,4,""
00423220,FUN_00423220,19,1,"FUN_00402270"
00423240,FUN_00423240,34,1,"_free"
00423270,FUN_00423270,189,1,"FUN_00456b70 FUN_00456c10 FUN_0045fce4"
00423330,FUN_00423330,270,1,"EnterCriticalSection FUN_00457080 LeaveCriticalSection `eh_vector_destructor_iterator'"
00423440,FUN_00423440,198,0,"FUN_00423270 FUN_00423330 FUN_0045fce4 FUN_0045fd49 _memset `eh_vector_constructor_iterator'"
00423530,FUN_00423530,28,0,"FUN_00423330 FUN_0045fd49"
00423550,FUN_00423550,2478,1,"FUN_00401fd0 FUN_0040ceb0 FUN_0041f4e0 FUN_0041f510 FUN_0041f640 FUN_00420950 FUN_004209b0 FUN_00420a00 FUN_004240f0 FUN_00424640 FUN_00424670 FUN_00431d90 FUN_00432cc0 FUN_00438440 FUN_0044a260 FUN_0044acd0 FUN_0044b4b0 FUN_00459270"
004240f0,FUN_004240f0,295,0,"FUN_00424230 FUN_00455b10"
00424230,FUN_00424230,829,5,"FUN_00401fd0 FUN_00424670 FUN_0044a1e0 FUN_0044acd0 FUN_00455b10"
00424590,FUN_00424590,67,0,"FUN_00401fd0 FUN_0044acd0"
004245e0,FUN_004245e0,63,0,""
00424640,FUN_00424640,33,1,""
00424670,FUN_00424670,30,3,""
004246e0,FUN_004246e0,1,0,""
004246f0,FUN_004246f0,5,0,""
00424700,FUN_00424700,3,0,""
00424710,FUN_00424710,3,0,""
00424720,FUN_00424720,25,1,""
00424740,FUN_00424740,5,0,""
00424750,FUN_00424750,5,0,""
00424760,FUN_00424760,5,0,""
00424770,FUN_00424770,5,0,""
00424780,FUN_00424780,5,0,""
00424790,FUN_00424790,1,0,""
004247a0,FUN_004247a0,1,0,""
004247b0,FUN_004247b0,1,0,""
004247c0,FUN_004247c0,1,0,""
004247d0,FUN_004247d0,1,0,""
004247e0,FUN_004247e0,1,0,""
004247f0,FUN_004247f0,1,0,""
00424800,FUN_00424800,1,0,""
00424810,FUN_00424810,1,0,""
00424820,FUN_00424820,1,0,""
00424830,FUN_00424830,123,0,"_memset"
00424970,FUN_00424970,250,1,"FUN_00454360 FUN_00456b70 FUN_00456c10 FUN_00458a10 FUN_0045fce4"
00424a70,FUN_00424a70,231,0,"EnterCriticalSection FUN_00457080 FUN_0045fd49 LeaveCriticalSection"
00424b60,FUN_00424b60,106,0,"FUN_00424830 FUN_00424970 FUN_00424a70 FUN_0045fce4 FUN_0045fd49 _memset"
00424bd0,FUN_00424bd0,21,0,"FUN_00424a70 FUN_0045fd49"
00424c10,FUN_00424c10,296,0,"FUN_0045fd49 FUN_004864e0"
00424df0,FUN_00424df0,171,1,"FUN_00424ea0 FUN_00424ee0 FUN_0045fce4"
00424ea0,FUN_00424ea0,62,0,"FUN_00402270 FUN_00424830 _memset"
00424ee0,FUN_00424ee0,73,0,"FUN_00402270 FUN_00424830 _memset"
00424f30,FUN_00424f30,114,0,""
00424fb0,FUN_00424fb0,43,0,""
00424fe0,FUN_00424fe0,95,0,""
00425040,FUN_00425040,47,0,""
004250b0,FUN_004250b0,636,2,"FUN_00401fd0 FUN_004288b0 FUN_0044a260 FUN_0044acd0 FUN_0044ada0 FUN_0044b4b0"
00425370,FUN_00425370,1197,1,"FUN_00401fd0 FUN_00406100 FUN_004288b0 FUN_00431d90 FUN_0044a1e0 FUN_0044a260 FUN_0044acd0"
00425850,FUN_00425850,639,1,"FUN_00424df0 FUN_004288b0 FUN_0044a1e0 FUN_00458ed0"
00425ad0,FUN_00425ad0,248,1,"FUN_004288b0 FUN_0044a1e0 FUN_00459270"
00425bd0,FUN_00425bd0,235,1,"FUN_00459270 FUN_00486c9a"
00425cc0,FUN_00425cc0,1175,1,"FUN_0040baa0 FUN_0040bb10 FUN_00428850 FUN_004288b0 FUN_00432070 FUN_0044a260 FUN_0044b4b0 FUN_00455b10 FUN_00459210 FUN_00459270"
00426160,FUN_00426160,181,1,"FUN_00451ef0 FUN_00458e30"
00426220,FUN_00426220,3,0,""
00426230,FUN_00426230,1443,5,"FUN_00424230 FUN_00424ea0 FUN_00428850 FUN_004288b0 FUN_00455b10 FUN_0045fce4 __security_check_cookie _memset"
004267e0,FUN_004267e0,1538,5,"FUN_00424230 FUN_00424ea0 FUN_004288b0 FUN_00433f90 FUN_00455b10 FUN_00458ed0 FUN_0045fce4 __security_check_cookie _memset"
00426df0,FUN_00426df0,463,3,"FUN_00424230 FUN_004288b0 FUN_00455b10"
00426fd0,FUN_00426fd0,278,3,"FUN_00486ba0 FUN_00486cf0"
004270f0,FUN_004270f0,455,2,"FUN_00401fd0 FUN_0044a260 FUN_0044acd0 FUN_0044ada0 FUN_0044b4b0"
004272c0,FUN_004272c0,903,1,"FUN_00406100 FUN_0040baa0 FUN_004288b0 FUN_00432070 FUN_0044a260 FUN_0044b4b0 FUN_00455b10 FUN_00458e30"
00427660,FUN_00427660,181,1,"FUN_00451ef0 FUN_00458e30"
00427720,FUN_00427720,3,0,""
00427730,FUN_00427730,1226,5,"FUN_00424230 FUN_00424ea0 FUN_00428850 FUN_004288b0 FUN_00455b10 FUN_0045fce4 __security_check_cookie _memset"
00427c00,FUN_00427c00,1644,5,"FUN_00424230 FUN_00424ea0 FUN_004288b0 FUN_00433f90 FUN_00455b10 FUN_00458ed0 FUN_0045fce4 __security_check_cookie _memset"
00428270,FUN_00428270,626,3,"FUN_00424230 FUN_004288b0 FUN_00455b10"
004284f0,FUN_004284f0,278,3,"FUN_00486ba0 FUN_00486cf0"
00428610,FUN_00428610,390,1,"FUN_004287a0 FUN_004288b0 FUN_004322f0 FUN_00458ed0"
004287a0,FUN_004287a0,101,2,""
00428850,FUN_00428850,93,3,""
004288b0,FUN_004288b0,30,3,""
00428920,FUN_00428920,89,0,"FUN_00454360 FUN_00458a10"
00428980,FUN_00428980,91,1,"FUN_004549e0 FUN_0045fd49"
00428b40,FUN_00428b40,238,1,"FUN_00456b70 FUN_00456c10 FUN_00459430 FUN_0045fce4 __beginthreadex"
00428c30,FUN_00428c30,465,1,"EnterCriticalSection FUN_00401210 FUN_00428980 FUN_00437a70 FUN_004549e0 FUN_00457080 FUN_00459430 FUN_0045fd49 LeaveCriticalSection _free"
00428e10,FUN_00428e10,117,0,"FUN_00402270 FUN_00428b40 FUN_00428c30 FUN_0045fce4 FUN_0045fd49 _memset"
00428ed0,FUN_00428ed0,83,0,"FUN_0042b530"
00428f30,FUN_00428f30,103,0,"FUN_0040fca0 FUN_00455a00"
00428fa0,FUN_00428fa0,10,0,"FUN_00428ed0"
00429030,FUN_00429030,169,2,"FUN_0042b0e0 FUN_0042b8e0 FUN_0044a340 FUN_004548d0 FUN_004576b0"
00429220,FUN_00429220,141,0,"FUN_0044fd10"
004292b0,FUN_004292b0,141,0,"FUN_0044fd10"
004294b0,FUN_004294b0,174,0,"FUN_004415c0 FUN_00458400 FUN_00458af0 __security_check_cookie _sprintf"
00429650,FUN_00429650,431,2,"DeleteObject FUN_00419c90 FUN_00429830 FUN_004416c0 FUN_00443560 FUN_0044a340 FUN_0044a9c0 FUN_00459430 FUN_0045fd49 _free"
00429830,FUN_00429830,141,1,"FUN_0040eec0 FUN_0041fe10 FUN_00428c30 FUN_00435c50 FUN_004396c0 FUN_0045fd49"
004298c0,FUN_004298c0,738,0,"FUN_00456b70 FUN_00456c10 FUN_0045fce4"
00429ca0,FUN_00429ca0,524,0,"FUN_0042b8d0 FUN_00458a10 Sleep __beginthread _malloc _memset"
00429eb0,FUN_00429eb0,542,1,"FUN_00420d80 FUN_00458400 FUN_00458670 FUN_00458a10 FUN_00458af0 _free"
0042a0d0,FUN_0042a0d0,123,2,"FUN_0044a9c0 __security_check_cookie _strrchr"
0042a150,FUN_0042a150,75,2,"FUN_0044a9c0"
0042a240,FUN_0042a240,44,0,"FUN_0044a9c0"
0042a270,FUN_0042a270,80,2,"FUN_0044a9c0 FUN_004864e0"
0042a300,FUN_0042a300,54,0,"FUN_0044fd10"
0042a500,FUN_0042a500,134,0,"EnterCriticalSection FUN_00459430 LeaveCriticalSection __beginthreadex"
0042a640,FUN_0042a640,93,1,"FUN_00456230"
0042a740,FUN_0042a740,92,1,"FUN_00456230"
0042a810,FUN_0042a810,344,0,"D3DXMatrixLookAtLH D3DXMatrixPerspectiveFovLH FUN_0042b6d0 FUN_0044fd10"
0042a970,FUN_0042a970,361,0,"D3DXMatrixLookAtLH D3DXMatrixPerspectiveFovLH D3DXVec3Normalize FUN_0044fd10"
0042aae0,FUN_0042aae0,807,1,""
0042ae10,FUN_0042ae10,705,0,""
0042b0e0,FUN_0042b0e0,636,0,"EnterCriticalSection FUN_0040f080 FUN_0040f100 FUN_004202d0 FUN_00420340 FUN_00428e10 FUN_00429830 FUN_0042b700 FUN_0042b8d0 FUN_00439900 FUN_00439970 LeaveCriticalSection"
0042b3d0,FUN_0042b3d0,168,0,"FUN_00455a00 FUN_004561e0 _malloc"
0042b480,FUN_0042b480,170,0,"FUN_00455a00 FUN_004561e0 _malloc"
0042b530,FUN_0042b530,206,1,"FUN_0044acd0"
0042b600,FUN_0042b600,80,0,""
0042b680,FUN_0042b680,75,2,""
0042b6d0,FUN_0042b6d0,31,1,"FUN_004869b0"
0042b700,FUN_0042b700,37,0,"LeaveCriticalSection"
0042b7f0,FUN_0042b7f0,23,0,""
0042b8d0,FUN_0042b8d0,1,0,""
0042b8e0,FUN_0042b8e0,255,0,"FUN_0045aaf0"
0042ba20,FUN_0042ba20,33,0,""
0042ba80,FUN_0042ba80,365,1,"__time64"
0042bbf0,FUN_0042bbf0,104,0,"_memset"
0042bc60,FUN_0042bc60,264,0,"FUN_00456b70 FUN_00456c10 FUN_0045fce4"
0042bd90,FUN_0042bd90,35,0,""
0042bdc0,FUN_0042bdc0,216,0,"EnterCriticalSection FUN_00435c50 FUN_00457080 FUN_0045fd49 LeaveCriticalSection"
0042bea0,FUN_0042bea0,70,0,"FUN_0042bbf0 FUN_0042bc60 FUN_0042bdc0 FUN_0045fce4 FUN_0045fd49"
0042bf30,FUN_0042bf30,130,1,"FUN_0042c620 FUN_0042c8d0 FUN_0042d9d0 FUN_0042e6b0 FUN_0042f540 FUN_00459270"
0042bfe0,FUN_0042bfe0,352,0,"FUN_004015a0"
0042c150,FUN_0042c150,1149,2,"FUN_004015a0 FUN_0042bfe0 FUN_004561e0 __localtime64"
0042c620,FUN_0042c620,308,0,"FUN_0040fc30 FUN_0042f480 FUN_0044a1e0 FUN_0044a9c0 FUN_00455d80"
0042c760,FUN_0042c760,275,0,"FUN_0040fc30 FUN_0042f480 FUN_0044a9c0 FUN_00455d80"
0042c880,FUN_0042c880,72,0,"FUN_0044a9c0"
0042c8d0,FUN_0042c8d0,3147,2,"FUN_00406100 FUN_004070e0 FUN_0040dea0 FUN_0040df10 FUN_0042c880 FUN_0042f380 FUN_00435ef0 FUN_00435fc0 FUN_00436420 FUN_0044a1e0 FUN_004561e0 FUN_00456230 FUN_00456650 FUN_00456870 FUN_004590f0 FUN_00459130 FUN_00459160 __security_check_cookie __time64 _sprintf"
0042d560,FUN_0042d560,336,0,"FUN_0042a0d0 FUN_0042f480 FUN_0044a9c0 FUN_00455d80"
0042d6b0,FUN_0042d6b0,320,0,"FUN_0042a0d0 FUN_0042f480 FUN_0044a9c0 FUN_00455d80"
0042d7f0,FUN_0042d7f0,92,0,"FUN_004070e0"
0042d850,FUN_0042d850,380,0,"FUN_0042ba80 FUN_00459160"
0042d9d0,FUN_0042d9d0,3122,1,"FUN_00406100 FUN_0040dea0 FUN_0040df10 FUN_0040fc30 FUN_0042ba20 FUN_0042d7f0 FUN_0042d850 FUN_0042f380 FUN_00435c50 FUN_00435ef0 FUN_00435fc0 FUN_00436420 FUN_0044a1e0 FUN_00455d80 FUN_004561e0 FUN_00456230 FUN_00456610 FUN_00456650 FUN_00456870 FUN_004590f0 FUN_00459130 FUN_00459160 FUN_0045fd49 __security_check_cookie __time64 _sprintf"
0042e6b0,FUN_0042e6b0,3163,1,"FUN_00406100 FUN_0040dea0 FUN_0040df10 FUN_0040fc30 FUN_0042ba20 FUN_0042d7f0 FUN_0042d850 FUN_0042f380 FUN_00435c50 FUN_00435ef0 FUN_00435fc0 FUN_00436420 FUN_0044a1e0 FUN_00455d80 FUN_004561e0 FUN_00456230 FUN_00456610 FUN_00456650 FUN_00456870 FUN_004590f0 FUN_00459130 FUN_00459160 FUN_0045fd49 __security_check_cookie __time64 _sprintf"
0042f380,FUN_0042f380,67,1,"FUN_004561e0"
0042f400,FUN_0042f400,103,8,""
0042f480,FUN_0042f480,101,2,"FUN_0042f400 FUN_004561e0 FUN_004864e0"
0042f540,FUN_0042f540,27,0,""
0042f580,FUN_0042f580,283,0,""
0042f6f0,FUN_0042f6f0,102,0,"FUN_00422560"
0042f760,FUN_0042f760,272,1,"FUN_004021a0 FUN_00402270 _memset"
0042f8a0,FUN_0042f8a0,1557,1,"FUN_00401fd0 FUN_00431c70 FUN_0044acd0 FUN_00454360 FUN_00456b70 FUN_00456c10 FUN_00458a10 FUN_0045fce4 FUN_004864e0"
0042fec0,FUN_0042fec0,304,0,"FUN_0041a060 FUN_0042f580 FUN_00432cc0 FUN_004562e0"
00430010,FUN_00430010,415,2,"EnterCriticalSection FUN_004549e0 FUN_004564c0 FUN_00457080 FUN_0045fd49 LeaveCriticalSection _free"
004301b0,FUN_004301b0,152,0,"FUN_0042f760 FUN_0042f8a0 FUN_00430010 FUN_0045fce4 FUN_0045fd49"
00430270,FUN_00430270,28,1,"FUN_00430010 FUN_0045fd49"
00430290,FUN_00430290,2811,1,"FUN_004245e0 FUN_00430e50 FUN_0044ab40 FUN_0044acd0 FUN_00455a00 FUN_004561e0 FUN_00456230 FUN_004562e0 FUN_00456330 FUN_004563a0 FUN_00456430 FUN_004864e0"
00430e50,FUN_00430e50,540,0,"FUN_00432cc0 FUN_0044a1e0"
00431070,FUN_00431070,2867,3,"FUN_00406100 FUN_00406510 FUN_0040af90 FUN_0040b5c0 FUN_00410610 FUN_00424230 FUN_00424fe0 FUN_00425040 FUN_0042c760 FUN_0042d560 FUN_00430290 FUN_00431d20 FUN_004327d0 FUN_00432cc0 FUN_00433a90 FUN_00434380 FUN_00434440 FUN_0044b4b0 FUN_00458ed0 FUN_00459590 FUN_00459aa0 FUN_004864e0"
00431bc0,FUN_00431bc0,130,0,"FUN_00451ef0"
00431c70,FUN_00431c70,148,0,"FUN_00458400"
00431d20,FUN_00431d20,101,1,"FUN_00486c9a"
00431d90,FUN_00431d90,106,1,"FUN_00486c9a"
00431e00,FUN_00431e00,366,2,"FUN_00432a90"
00431f70,FUN_00431f70,244,1,"FUN_00432a90"
00432070,FUN_00432070,639,4,"FUN_00432a90 FUN_00486ba0 FUN_00486cf0"
004322f0,FUN_004322f0,555,4,"FUN_00486ba0 FUN_00486cf0"
00432520,FUN_00432520,680,4,"FUN_00432a90 FUN_00486ba0 FUN_00486cf0"
004327d0,FUN_004327d0,696,0,"FUN_0041a060 FUN_0042f6f0 FUN_0044acd0"
00432a90,FUN_00432a90,546,0,"EnterCriticalSection FUN_0044a1e0 FUN_0044acd0 FUN_004556e0 FUN_00455a00 FUN_00456330 FUN_00456910 FUN_004569c0 LeaveCriticalSection"
00432cc0,FUN_00432cc0,2442,0,"FUN_00455a00 FUN_00455bc0 FUN_00458ed0 FUN_004864e0"
00433690,FUN_00433690,12,0,"FUN_004336a0"
004336a0,FUN_004336a0,255,0,"FUN_00433cd0 FUN_00458ed0 FUN_004864e0"
004337b0,FUN_004337b0,495,1,"FUN_00433be0 FUN_00433cd0 FUN_00458ed0 FUN_004864e0 FUN_00486c9a"
00433a90,FUN_00433a90,192,5,"_memset"
00433be0,FUN_00433be0,101,2,""
00433c80,FUN_00433c80,31,1,"FUN_00486c9a"
00433ca0,FUN_00433ca0,35,1,"FUN_00486c9a"
00433cd0,FUN_00433cd0,30,3,""
00433d60,FUN_00433d60,29,2,""
00433f90,FUN_00433f90,853,3,"FUN_0044a260 FUN_00455a00 FUN_00458c30 FUN_00458ed0 FUN_00459aa0"
004342f0,FUN_004342f0,142,0,"FUN_00433f90"
00434380,FUN_00434380,183,2,"FUN_00406100 FUN_004342f0 FUN_00459210 FUN_00459270"
00434440,FUN_00434440,896,1,"FUN_004070e0 FUN_0040fc30 FUN_00435560 FUN_004561e0 FUN_004562e0 FUN_00458ed0 FUN_00459590 FUN_00459aa0 FUN_004864e0"
004347f0,FUN_004347f0,1566,4,"FUN_00406720 FUN_0040fbe0 FUN_00420880 FUN_00433a90 FUN_00433d60 FUN_0044a260 FUN_00455a00 FUN_004562e0 FUN_00456520 FUN_00486ba0 FUN_00486cf0"
00434e30,FUN_00434e30,498,2,"FUN_0040b930 FUN_00417e70 FUN_00435480 FUN_00458ed0 FUN_00486c9a"
00435030,FUN_00435030,73,2,""
00435080,FUN_00435080,399,2,"FUN_0040b930 FUN_00435480 FUN_004562e0 FUN_00458ed0 FUN_00486c9a"
004352a0,FUN_004352a0,132,2,"FUN_00458ed0 FUN_00486aa0 FUN_00486c9a"
00435330,FUN_00435330,112,2,""
00435400,FUN_00435400,47,0,"FUN_00486aa0"
00435430,FUN_00435430,48,0,"FUN_00486aa0"
00435460,FUN_00435460,31,1,"FUN_00486c9a"
00435480,FUN_00435480,101,2,""
004354f0,FUN_004354f0,52,1,"FUN_00486c9a"
00435560,FUN_00435560,93,3,""
004355c0,FUN_004355c0,20,2,"FUN_00459210"
00435630,FUN_00435630,110,1,""
004356e0,FUN_004356e0,1380,2,"FUN_00420d80 FUN_00436b60 FUN_00437300 FUN_00437420 FUN_00456b70 FUN_00456c10 FUN_0045fce4 _memset"
00435c50,FUN_00435c50,429,1,"EnterCriticalSection FUN_00437420 FUN_00457080 FUN_0045fd49 LeaveCriticalSection `eh_vector_destructor_iterator'"
00435e00,FUN_00435e00,199,0,"FUN_004356e0 FUN_00435c50 FUN_0045fce4 FUN_0045fd49 _memset `eh_vector_constructor_iterator'"
00435ef0,FUN_00435ef0,198,1,"FUN_00435c50 FUN_00436b60 FUN_0045fce4 FUN_0045fd49 _memset `eh_vector_constructor_iterator'"
00435fc0,FUN_00435fc0,18,0,"FUN_00435c50 FUN_0045fd49"
00435fe0,FUN_00435fe0,417,0,"FUN_0040de10 FUN_00437300"
00436190,FUN_00436190,345,0,"FUN_0042c760"
00436330,FUN_00436330,185,2,"FUN_004015a0"
00436420,FUN_00436420,1850,3,"CloseHandle FUN_00437300 FUN_004423a0 FUN_004582e0 FUN_004587a0 FUN_00460885 LeaveCriticalSection WriteFile __localtime64 __security_check_cookie _free _malloc _memcpy _memset _sprintf"
00436b60,FUN_00436b60,441,2,"FUN_004426c0 FUN_004581c0 FUN_00458400 FUN_004585e0 FUN_00458860 FUN_00458980 FUN_004589d0 __security_check_cookie _free _malloc _sprintf"
00436d30,FUN_00436d30,10,0,"FUN_00436190"
00436da0,FUN_00436da0,388,0,"FUN_00432cc0 FUN_00435630 FUN_00437300 FUN_00437420"
00436f30,FUN_00436f30,297,0,"FUN_0045fce4 _memset"
00437300,FUN_00437300,150,0,"FUN_0045fce4 _memset"
00437420,FUN_00437420,93,1,"FUN_0045fd49"
00437500,FUN_00437500,79,2,""
00437550,FUN_00437550,257,0,"_memset"
00437660,FUN_00437660,215,0,"EnterCriticalSection LeaveCriticalSection _memset"
00437740,FUN_00437740,138,0,"FUN_00437550 FUN_00437660 FUN_004378f0 FUN_00458400 _memset"
00437800,FUN_00437800,96,0,"FUN_00437740 FUN_0045fce4"
004378f0,FUN_004378f0,381,1,"FUN_00437500 FUN_004426c0 FUN_004581c0 _free _malloc _memcpy"
00437a70,FUN_00437a70,636,0,"CloseHandle FUN_00437500 FUN_004423a0 FUN_004582e0 FUN_004587a0 FUN_00458af0 LeaveCriticalSection WriteFile _free _malloc _memcpy"
00437d50,FUN_00437d50,230,0,"FUN_00401fd0 FUN_0044ab40 FUN_00456b70 FUN_00456c10 FUN_0045fce4"
00437e40,FUN_00437e40,273,1,"EnterCriticalSection FUN_00457080 LeaveCriticalSection _free"
00437f60,FUN_00437f60,117,0,"FUN_00402270 FUN_00437d50 FUN_00437e40 FUN_0045fce4 FUN_0045fd49 _memset"
00438000,FUN_00438000,28,0,"FUN_00437e40 FUN_0045fd49"
004380d0,FUN_004380d0,843,3,"FUN_0044f880 FUN_0044fd10 FUN_0044fe30 FUN_004864e0"
00438440,FUN_00438440,225,2,""
00438570,FUN_00438570,83,0,"_free"
00438710,FUN_00438710,439,1,"EnterCriticalSection FUN_00438570 FUN_004549e0 FUN_00457080 FUN_00459430 FUN_0045fd49 LeaveCriticalSection _free"
00438910,FUN_00438910,277,0,"FUN_00458400 FUN_0045d900 FUN_0045fce4 __security_check_cookie _free _memset _sprintf"
00438ac0,FUN_00438ac0,934,2,"FUN_0040dea0 FUN_00438570 FUN_00459160 FUN_004594a0 FUN_0045d420 FUN_0045db90 FindClose FindFirstFileA FindNextFileA __security_check_cookie _malloc"
00438e70,FUN_00438e70,548,0,"FUN_00401600 FUN_004864e0"
004390b0,FUN_004390b0,10,0,"FUN_00438e70"
004390d0,FUN_004390d0,6,0,""
004390e0,FUN_004390e0,85,1,""
00439140,FUN_00439140,82,1,""
004391a0,FUN_004391a0,30,0,"FUN_00455a00"
004391c0,FUN_004391c0,80,1,"FUN_004561e0"
00439230,FUN_00439230,21,1,"FUN_00456280"
00439260,FUN_00439260,83,1,"FUN_004561e0"
00439350,FUN_00439350,64,0,""
004393b0,FUN_004393b0,92,0,""
00439420,FUN_00439420,201,0,"_memset"
004395a0,FUN_004395a0,275,0,"FUN_00454360 FUN_00456b70 FUN_00456c10 FUN_00458a10 FUN_0045fce4"
004396c0,FUN_004396c0,558,1,"EnterCriticalSection FUN_00435c50 FUN_004549e0 FUN_00457080 FUN_00459430 FUN_0045fd49 LeaveCriticalSection _free"
00439900,FUN_00439900,106,0,"FUN_00439420 FUN_00459430 FUN_0045fce4 __beginthreadex"
00439970,FUN_00439970,28,0,"FUN_004396c0 FUN_0045fd49"
004399b0,FUN_004399b0,1157,2,"FUN_004070e0 FUN_0042a0d0 FUN_0042a240 FUN_00435c50 FUN_00435ef0 FUN_004390e0 FUN_0043a0a0 FUN_0043a6f0 FUN_0043b9d0 FUN_0043c7c0 FUN_0043cbe0 FUN_0043d0b0 FUN_0043d6a0 FUN_0043dd90 FUN_0043e790 FUN_0043f6b0 FUN_0043ffa0 FUN_004408f0 FUN_0044a9c0 FUN_004564c0 FUN_004590f0 FUN_0045fd49 FUN_004864e0"
00439e80,FUN_00439e80,105,0,"FUN_0043daa0 FUN_0043e2f0 FUN_0043f410 FUN_0043fc50 FUN_00440520"
0043a0a0,FUN_0043a0a0,1521,1,"FUN_00406100 FUN_004070e0 FUN_0040df10 FUN_004390e0 FUN_00439140 FUN_004391a0 FUN_004391c0 FUN_00439260 FUN_00439350 FUN_0044a1e0 FUN_00455a00 FUN_004561e0 FUN_00456230 FUN_00456280 FUN_004590f0 FUN_00459160"
0043a6f0,FUN_0043a6f0,969,0,"FUN_00433d60 FUN_004390e0 FUN_00439140 FUN_0043aad0 FUN_0044a1e0 FUN_00455a00 FUN_004561e0 FUN_00456230 FUN_00456280 FUN_004590f0 FUN_00459130 FUN_00459160"
0043aad0,FUN_0043aad0,3777,0,"FUN_0044a9c0 FUN_0044ab40 FUN_004561e0 FUN_004864e0"
0043b9d0,FUN_0043b9d0,885,0,"FUN_004390e0 FUN_00439140 FUN_0043bd60 FUN_0043c6f0 FUN_0044a1e0 FUN_00455a00 FUN_004561e0 FUN_00456230 FUN_00456280 FUN_004575a0 FUN_00459130 FUN_00459160"
0043bd60,FUN_0043bd60,2439,1,"FUN_0044ab40 FUN_004561e0"
0043c6f0,FUN_0043c6f0,200,2,"FUN_0043bd60 FUN_0044a1e0"
0043c7c0,FUN_0043c7c0,1026,1,"FUN_004070e0 FUN_0040df10 FUN_004390e0 FUN_00439140 FUN_004391a0 FUN_004391c0 FUN_00439230 FUN_0044a1e0 FUN_00455a00 FUN_004561e0 FUN_00456230 FUN_00456280 FUN_00456870 FUN_004590f0 FUN_00459130 FUN_00459160"
0043cbe0,FUN_0043cbe0,1180,2,"FUN_0040df10 FUN_004390e0 FUN_00439140 FUN_004391c0 FUN_0044a1e0 FUN_00455a00 FUN_004561e0 FUN_00456230 FUN_00456280 FUN_00456870 FUN_004590f0 FUN_00459130 FUN_00459160"
0043d0b0,FUN_0043d0b0,1496,2,"FUN_0040fca0 FUN_0042a270 FUN_004390e0 FUN_00439140 FUN_004391c0 FUN_004489e0 FUN_0044a1e0 FUN_00455a00 FUN_004561e0 FUN_00456230 FUN_00456280 FUN_00456650 FUN_00456870 FUN_004590f0 FUN_00459130 FUN_00459160"
0043d6a0,FUN_0043d6a0,1003,1,"FUN_0040fca0 FUN_0042a270 FUN_004390e0 FUN_00439140 FUN_004391c0 FUN_004489e0 FUN_0044a1e0 FUN_00455a00 FUN_00458100 FUN_004590f0 FUN_00459130 FUN_00459160"
0043daa0,FUN_0043daa0,427,0,"FUN_004015a0"
0043dc50,FUN_0043dc50,301,0,"FUN_00435ef0 FUN_00460885 FindClose FindFirstFileA FindNextFileA __chdir __security_check_cookie _sprintf"
0043dd90,FUN_0043dd90,1339,0,"FUN_004070e0 FUN_0040df10 FUN_0040fca0 FUN_0042a270 FUN_00435c50 FUN_004390e0 FUN_00439140 FUN_004391a0 FUN_004391c0 FUN_004489e0 FUN_0044a1e0 FUN_00455a00 FUN_004561e0 FUN_004590f0 FUN_00459130 FUN_00459160 FUN_004594a0 FUN_0045fd49 _memset"
0043e2f0,FUN_0043e2f0,1183,0,"FUN_004015a0 __localtime64"
0043e790,FUN_0043e790,2422,1,"FUN_004070e0 FUN_0040bc70 FUN_004390e0 FUN_00439140 FUN_004391a0 FUN_004391c0 FUN_004393b0 FUN_0043f120 FUN_0044a1e0 FUN_00455a00 FUN_004561e0 FUN_00456280 FUN_00458100 FUN_00459130 FUN_00459160 _memset"
0043f120,FUN_0043f120,747,1,"FUN_00454de0 FUN_004561e0 __security_check_cookie _memset"
0043f410,FUN_0043f410,670,0,"FUN_004015a0 __localtime64"
0043f6b0,FUN_0043f6b0,1418,2,"FUN_00406100 FUN_0040df10 FUN_0042a0d0 FUN_0042a150 FUN_0042ba80 FUN_004390e0 FUN_00439140 FUN_004391a0 FUN_004391c0 FUN_0044a1e0 FUN_00455a00 FUN_004561e0 FUN_00459160"
0043fc50,FUN_0043fc50,826,1,"FUN_004015a0 __localtime64"
0043ffa0,FUN_0043ffa0,1388,1,"FUN_004070e0 FUN_0040df10 FUN_0042a0d0 FUN_0042a150 FUN_00435c50 FUN_00435ef0 FUN_00435fc0 FUN_00436420 FUN_004390e0 FUN_00439140 FUN_004391c0 FUN_0044a1e0 FUN_00455a00 FUN_00459130 FUN_00459160 FUN_0045fd49 __security_check_cookie __time64 _memset _sprintf"
00440520,FUN_00440520,949,1,"FUN_004015a0 __localtime64"
004408f0,FUN_004408f0,2641,1,"FUN_004070e0 FUN_0042a0d0 FUN_0042a150 FUN_004390e0 FUN_00439140 FUN_004391a0 FUN_004391c0 FUN_00441360 FUN_004413a0 FUN_00441400 FUN_0044a1e0 FUN_0044a9c0 FUN_00454c60 FUN_00455a00 FUN_004561e0 FUN_00456520 FUN_00458400 FUN_00459130 FUN_00459160 _free"
00441360,FUN_00441360,59,2,""
004413a0,FUN_004413a0,89,2,""
00441400,FUN_00441400,223,2,""
004415a0,FUN_004415a0,16,1,""
004415b0,FUN_004415b0,10,0,"FUN_004416c0"
004415c0,FUN_004415c0,134,1,"FUN_004416c0 FUN_00441910 FUN_00441bd0 FUN_00441c80 FUN_00441d50 FUN_0045fce4"
00441650,FUN_00441650,101,1,"FUN_004416c0 FUN_00441910 FUN_00441bd0 FUN_0045fce4"
004416c0,FUN_004416c0,109,0,"FUN_00441c80 FUN_0045fd49 _free `eh_vector_destructor_iterator'"
00441760,FUN_00441760,300,2,"FUN_004418d0 FUN_00441c80 FUN_004426c0 FUN_004581c0 _free _malloc"
00441890,FUN_00441890,51,0,"__stricmp"
004418d0,FUN_004418d0,53,0,"__stricmp"
00441910,FUN_00441910,336,2,"FUN_00441a60 FUN_004426c0 FUN_004581c0 _free _malloc"
00441a60,FUN_00441a60,363,3,"FUN_0045fce4 _malloc `eh_vector_constructor_iterator'"
00441bd0,FUN_00441bd0,47,0,"_malloc"
00441c00,FUN_00441c00,26,1,"_free"
00441c80,FUN_00441c80,1,0,""
00441cd0,FUN_00441cd0,66,2,"CloseHandle FUN_0045fd49"
00441d20,FUN_00441d20,46,1,"CloseHandle"
00441d50,FUN_00441d50,238,3,"CreateFileA DeleteFileA FUN_00442000 SetFilePointer __security_check_cookie"
00441e40,FUN_00441e40,34,1,"CloseHandle"
00441e70,FUN_00441e70,57,3,"ReadFile"
00441eb0,FUN_00441eb0,63,3,"WriteFile"
00441ef0,FUN_00441ef0,25,1,"SetFilePointer"
00441f10,FUN_00441f10,21,1,"GetFileSize"
00441f30,FUN_00441f30,37,3,"SetFilePointer"
00441f60,FUN_00441f60,145,2,"_free _malloc"
00442000,FUN_00442000,121,1,"GetModuleFileNameA _strchr _strrchr"
00442090,FUN_00442090,31,2,"FUN_0045fd49"
004420e0,FUN_004420e0,200,1,"__security_check_cookie _strchr"
004421e0,FUN_004421e0,218,1,"CloseHandle FUN_00441760 FUN_00441d50 FUN_00441f60 FUN_004420e0 GetFileSize _strchr"
004422c0,FUN_004422c0,202,1,"CloseHandle FUN_00441890 FUN_00441d50 FUN_004420e0 GetFileSize _strchr"
004423a0,FUN_004423a0,768,3,"FUN_004428d0 FUN_00442910 FUN_00442ab0 FUN_00442b50 _malloc"
004426c0,FUN_004426c0,464,3,"_malloc"
004428d0,FUN_004428d0,49,0,"_memset"
00442910,FUN_00442910,416,3,"FUN_00442b50"
00442ab0,FUN_00442ab0,79,1,"FUN_00442ab0 FUN_00442b00 FUN_00442b50 FUN_00442be0"
00442b00,FUN_00442b00,80,2,""
00442b50,FUN_00442b50,134,2,""
00442be0,FUN_00442be0,43,0,""
00442c20,FUN_00442c20,5,0,""
00442c50,FUN_00442c50,69,2,"FUN_0045fd49 _free"
00442ca0,FUN_00442ca0,49,1,"_free"
00442ce0,FUN_00442ce0,44,2,"FUN_004421e0 FUN_004422c0"
00442d10,FUN_00442d10,37,1,"_free"
00442d40,FUN_00442d40,88,3,"_memcpy"
00442da0,FUN_00442da0,7,1,""
00442db0,FUN_00442db0,4,1,""
00442dc0,FUN_00442dc0,109,3,""
00442e40,FUN_00442e40,212,3,"CreateProcessA GetExitCodeProcess"
00442f40,FUN_00442f40,69,2,"FUN_0045fd49 _free"
00442f90,FUN_00442f90,49,1,"_free"
00442fd0,FUN_00442fd0,169,2,"FindResourceA FreeResource LoadResource LockResource SizeofResource _malloc _memcpy"
004430c0,FUN_004430c0,36,2,"FUN_00459430 FUN_0045fd49"
00443140,FUN_00443140,173,0,"FUN_00446920 Sleep"
00443230,FUN_00443230,25,1,"exception"
00443260,FUN_00443260,36,2,"FUN_0045fd49 ~exception"
004432c0,FUN_004432c0,33,4,"_memcpy_s"
004432f0,FUN_004432f0,33,4,"_memmove_s"
004433d0,FUN_004433d0,111,1,"FUN_00444c30"
00443560,FUN_00443560,105,0,"DeleteDC DeleteObject SelectObject"
004435f0,FUN_004435f0,393,1,"CreateCompatibleDC CreateDIBSection FUN_00443560 SelectObject _memset"
00443860,FUN_00443860,872,1,""
00443bd0,FUN_00443bd0,162,1,""
00443d20,FUN_00443d20,222,5,"CreateFontA DeleteObject FUN_004433d0 FUN_00443e00 FUN_0045fd49 __security_check_cookie"
00443e00,FUN_00443e00,525,5,"DrawTextA SelectObject SetBkMode SetTextColor"
00444010,FUN_00444010,201,1,"_memcpy"
004440e0,FUN_004440e0,217,1,"_memcpy"
004441c0,FUN_004441c0,657,5,""
00444480,FUN_00444480,346,0,"CreateFontA EnterCriticalSection FUN_004435f0 LeaveCriticalSection"
00444610,FUN_00444610,631,8,"D3DXLoadSurfaceFromMemory FUN_00443860 FUN_00443bd0 SelectObject SetBkMode SetTextColor TextOutA _memset"
00444890,FUN_00444890,392,6,"D3DXLoadSurfaceFromMemory FUN_00443860 FUN_00443bd0 SelectObject SetBkMode SetTextColor TextOutA"
00444a30,FUN_00444a30,38,1,"FUN_0045fd49"
00444aa0,FUN_00444aa0,218,4,"FUN_00444d10 FUN_00444ec0 FUN_00484987 FUN_004849e6 _memcpy_s"
00444b80,FUN_00444b80,34,2,"FUN_00444c30"
00444bb0,FUN_00444bb0,74,3,"FUN_0045fd49 _memcpy_s"
00444c30,FUN_00444c30,214,3,"FUN_00444aa0 FUN_00444ec0 FUN_00484987 _memcpy_s"
00444d10,FUN_00444d10,131,3,"FUN_004849e6 _memmove_s"
00444da0,FUN_00444da0,31,2,""
00444ec0,FUN_00444ec0,129,2,"FUN_00444f6e FUN_00445050"
00444f41,Catch_All@00444f41,39,0,"FUN_00445050"
00444f6e,FUN_00444f6e,105,0,"FUN_0045fd49 _memcpy_s"
00444fd7,Catch_All@00444fd7,48,0,"FUN_0045fd49 __CxxThrowException@8"
00445050,FUN_00445050,85,1,"FUN_0045fce4 __CxxThrowException@8 exception"
00445130,FUN_00445130,25,2,"exception"
004451b0,FUN_004451b0,127,1,"FUN_00456cb0 FUN_00456f30 FUN_00459430"
00445270,FUN_00445270,98,0,"FUN_00458670 FUN_00458a10 MessageBoxA"
00445320,FUN_00445320,135,0,""
004453b0,FUN_004453b0,162,0,""
00445460,FUN_00445460,48,0,"FUN_00454ec0"
00445510,FUN_00445510,2193,1,"CreateMutexA DeleteCriticalSection DestroyWindow Direct3DCreate9 DispatchMessageA FUN_00429650 FUN_004298c0 FUN_00429eb0 FUN_0042b530 FUN_0042b600 FUN_004451b0 FUN_00445270 FUN_00445320 FUN_004453b0 FUN_00445fb0 FUN_00446080 FUN_00446420 FUN_00446650 FUN_00446920 FUN_00446ae0 FUN_00446d30 FUN_00447270 FUN_00447580 FUN_004476f0 FUN_00447ab0 FUN_00448ff0 FUN_00449050 FUN_00449520 FUN_004526f0 FUN_00453130 FUN_004571a0 FUN_00458170 FUN_00458670 FUN_00458a10 FUN_00458af0 FUN_00459430 FUN_0045fce4 FUN_0045fd49 GetKeyboardState GetLastError GetSystemMetrics GetWindowRect InitializeCriticalSection MoveWindow PeekMessageA SetCursor SetForegroundWindow SetWindowLongA SetWindowPos ShowCursor ShowWindow SystemParametersInfoA TranslateMessage WINNLSEnableIME __security_check_cookie timeBeginPeriod timeEndPeriod"
00445e00,FUN_00445e00,418,4,"DefWindowProcA LoadCursorA SetCursor SetForegroundWindow ShowCursor"
00445fb0,FUN_00445fb0,100,0,"QueryPerformanceCounter QueryPerformanceFrequency SystemParametersInfoA"
00446080,FUN_00446080,358,1,"FUN_0042a300 FUN_0042a810 FUN_004461f0 FUN_00446920 FUN_0044fd10 FUN_00456cb0 FUN_00456e10 FUN_00459430"
004461f0,FUN_004461f0,554,0,"FUN_0040c310 FUN_00419d90 FUN_0042b530 FUN_0042b600 FUN_00445320 FUN_004453b0 FUN_00446880 FUN_00446920 FUN_00447270 FUN_004864e0 Sleep"
00446420,FUN_00446420,418,1,"FUN_0042a300 FUN_0042a810 FUN_004465d0 FUN_00446920 FUN_0044fd10 FUN_00456cb0 FUN_00456e10 FUN_00459430 Sleep"
004465d0,FUN_004465d0,119,0,"FUN_0040c310 FUN_00419d90 FUN_0042b530 FUN_0042b600 FUN_00445320 FUN_004453b0 FUN_00446880 FUN_00447270"
00446650,FUN_00446650,307,1,"FUN_0042a300 FUN_0042a810 FUN_00446790 FUN_00446920 FUN_0044fd10 FUN_00456cb0 FUN_00456e10 FUN_00459430"
00446790,FUN_00446790,226,0,"FUN_0040c310 FUN_00419d90 FUN_0042b530 FUN_0042b600 FUN_00445320 FUN_004453b0 FUN_00446880 FUN_00446920 FUN_00447270 FUN_004864e0 Sleep"
00446880,FUN_00446880,156,0,"FUN_00429ca0 FUN_00445460 FUN_004585e0 FUN_00460885 __security_check_cookie _sprintf"
00446920,FUN_00446920,260,0,"EnterCriticalSection LeaveCriticalSection QueryPerformanceCounter timeGetTime"
00446ae0,FUN_00446ae0,577,0,"CreateWindowExA GetStockObject GetSystemMetrics GetWindowRect LoadCursorA RegisterClassA SendMessageA Sleep"
00446d30,FUN_00446d30,1335,0,"D3DXMatrixLookAtLH D3DXMatrixPerspectiveFovLH FUN_0042b6d0 FUN_00447270 FUN_00447ea0 FUN_00458a10 FUN_00458af0 _memset"
00447270,FUN_00447270,778,1,""
00447580,FUN_00447580,344,0,"FUN_004477f0 FUN_004585e0 GetConsoleTitleA GetModuleFileNameA GetStartupInfoA __security_check_cookie __stricmp _memset _strrchr"
004476f0,FUN_004476f0,246,0,"FUN_00458400 GetModuleFileNameA __security_check_cookie _free"
004477f0,FUN_004477f0,274,1,"CoCreateInstance CoInitialize CoUninitialize FUN_0045fce4 FUN_0045fd49 MultiByteToWideChar __security_check_cookie"
00447ab0,FUN_00447ab0,422,0,"DirectInput8Create FUN_0042b7f0 FUN_00458a10"
00447e00,FUN_00447e00,157,0,""
00447ea0,FUN_00447ea0,99,0,"FUN_00447e00 FUN_0044fd10"
00447f70,FUN_00447f70,499,0,"FUN_0044fd10"
00448180,FUN_00448180,517,0,"FUN_0044fd10"
00448390,FUN_00448390,132,0,"FUN_00447f70 FUN_0044fd10"
004484b0,FUN_004484b0,74,0,"FUN_00447f70"
00448580,FUN_00448580,64,0,"FUN_00447f70"
00448610,FUN_00448610,172,1,"FUN_00406100 FUN_00459270"
004486c0,FUN_004486c0,81,0,"FUN_00447f70"
00448720,FUN_00448720,265,1,"FUN_00458c30 FUN_00459270"
004489a0,FUN_004489a0,27,1,"FUN_00448f20 FUN_0045fd49"
004489e0,FUN_004489e0,80,4,"FUN_00448a90 FUN_0045fce4 _memset"
00448a90,FUN_00448a90,1129,5,"FUN_00456b70 FUN_00456c10 FUN_0045fce4"
00448f20,FUN_00448f20,166,0,"EnterCriticalSection FUN_00457080 LeaveCriticalSection"
00448ff0,FUN_00448ff0,66,1,"CreateThread _memset"
00449050,FUN_00449050,173,0,"CloseHandle Sleep WaitForSingleObject"
00449140,FUN_00449140,784,1,"DirectSoundCreate8 FUN_00449790 FUN_00458a10 FUN_00459da0 FUN_0045fce4 FUN_0045fd49 SetTimer __security_check_cookie _memset"
00449520,FUN_00449520,306,0,"FUN_00449fe0 FUN_0045fd49 KillTimer _free"
00449660,FUN_00449660,71,2,"_strncmp"
004496b0,FUN_004496b0,215,2,"__security_check_cookie _strrchr"
00449790,FUN_00449790,822,3,"FUN_00449660 FUN_0044ab00 FUN_00458a10 Sleep __security_check_cookie _free _memcpy _strncmp"
00449b30,FUN_00449b30,226,0,"CreateEventA CreateThread FUN_00449fe0 FUN_00459eb0"
00449c20,FUN_00449c20,65,1,"FUN_004496b0 FUN_0044ab00 FUN_0045b2d0"
00449c70,FUN_00449c70,515,2,"CloseHandle CreateFileA EnterCriticalSection FUN_0042b700 FUN_004496b0 FUN_0044ab00 LeaveCriticalSection ReadFile SetFilePointer _free _malloc"
00449e80,FUN_00449e80,291,1,"CreateEventA CreateThread FUN_00449c20 FUN_0044ab00 FUN_0045a1b0"
00449fe0,FUN_00449fe0,178,0,"CloseHandle FUN_0045ab70 PostThreadMessageA WaitForSingleObject"
0044a0a0,FUN_0044a0a0,308,0,"FUN_00449050 FUN_004864e0"
0044a1e0,FUN_0044a1e0,125,0,""
0044a260,FUN_0044a260,148,2,"FUN_004864e0"
0044a300,FUN_0044a300,58,0,""
0044a340,FUN_0044a340,1428,2,"CloseHandle EnterCriticalSection FUN_004496b0 FUN_00449c70 FUN_00449e80 FUN_00449fe0 FUN_0044ab00 FUN_0045a4f0 FUN_0045a6f0 FUN_0045aa00 FUN_0045aa60 FUN_0045aaf0 FUN_0045ab70 FUN_0045ac00 FUN_0045ac80 FUN_0045b100 FUN_0045b2d0 FUN_004864e0 LeaveCriticalSection PostThreadMessageA WaitForSingleObject"
0044a900,FUN_0044a900,177,0,"FUN_0045aee0 MsgWaitForMultipleObjects PeekMessageA"
0044a9c0,FUN_0044a9c0,151,2,"EnterCriticalSection LeaveCriticalSection"
0044ab00,FUN_0044ab00,1,0,""
0044ab40,FUN_0044ab40,389,2,""
0044acd0,FUN_0044acd0,204,0,"FUN_00401fd0 FUN_0044b4b0 _memset"
0044ada0,FUN_0044ada0,191,2,"FUN_00405d60 _memset"
0044ae60,FUN_0044ae60,289,2,"FUN_0044b4b0"
0044b080,FUN_0044b080,447,2,"FUN_004070a0 FUN_00458c30 FUN_00458da0 FUN_00458dd0 FUN_004864e0"
0044b2a0,FUN_0044b2a0,145,1,"FUN_00458c30 FUN_004864e0"
0044b380,FUN_0044b380,76,2,"FUN_004864e0"
0044b400,FUN_0044b400,62,2,""
0044b470,FUN_0044b470,52,1,""
0044b4b0,FUN_0044b4b0,11637,3,"FUN_00405240 FUN_00405c60 FUN_00405fb0 FUN_00406100 FUN_0040b9f0 FUN_0040ea10 FUN_00419660 FUN_00423120 FUN_0042b6d0 FUN_004355c0 FUN_0044ab40 FUN_0044b080 FUN_0044b2a0 FUN_0044b380 FUN_0044b400 FUN_0044b470 FUN_0044e4b0 FUN_0044e7c0 FUN_0044e910 FUN_0044ebd0 FUN_0044ed80 FUN_0044ef80 FUN_0044f000 FUN_0044f080 FUN_0044f270 FUN_0044f400 FUN_00452010 FUN_004520f0 FUN_00455a00 FUN_00455bc0 FUN_00455df0 FUN_00456020 FUN_00456520 FUN_00458c30 FUN_00458e30 FUN_00458ed0 FUN_00459210 FUN_004864e0 FUN_004866ca FUN_00486740 FUN_00486890 _malloc"
0044e4b0,FUN_0044e4b0,768,2,"FUN_0044edd0 FUN_00459270 FUN_004864e0"
0044e7c0,FUN_0044e7c0,332,2,"FUN_0044ee00 FUN_00459270 FUN_004864e0"
0044e910,FUN_0044e910,673,0,"FUN_0044ee30 FUN_00459270"
0044ebd0,FUN_0044ebd0,331,0,"FUN_0044ee60 FUN_00459270"
0044ed80,FUN_0044ed80,52,0,""
0044edd0,FUN_0044edd0,39,0,"FUN_00459730"
0044ee00,FUN_0044ee00,39,0,"FUN_00459730"
0044ee30,FUN_0044ee30,39,0,"FUN_00459730"
0044ee60,FUN_0044ee60,39,0,"FUN_00459730"
0044ef80,FUN_0044ef80,30,3,""
0044f000,FUN_0044f000,118,4,""
0044f080,FUN_0044f080,216,4,""
0044f270,FUN_0044f270,216,4,""
0044f400,FUN_0044f400,132,4,""
0044f490,FUN_0044f490,25,1,""
0044f4b0,FUN_0044f4b0,572,1,"FUN_0044fd10"
0044f710,FUN_0044f710,338,0,"FUN_0044fd10"
0044f880,FUN_0044f880,1112,2,"FUN_0044f490 FUN_0044f710 FUN_0044fd10 FUN_0044fda0"
0044fd10,FUN_0044fd10,143,0,""
0044fda0,FUN_0044fda0,142,2,""
0044fe30,FUN_0044fe30,632,2,"FUN_004520c0"
004500b0,FUN_004500b0,51,1,"FUN_0044f880 FUN_0044fe30"
004500f0,FUN_004500f0,537,3,""
00450310,FUN_00450310,54,3,"FUN_0044f880 FUN_004500f0"
004503d0,FUN_004503d0,571,1,""
00450610,FUN_00450610,115,2,"FUN_0044f880 FUN_0044fe30 FUN_004503d0"
00450690,FUN_00450690,111,3,"FUN_0044f880 FUN_004500f0 FUN_004503d0"
00450700,FUN_00450700,976,0,"D3DXVec3Project FUN_004196e0"
00450ad0,FUN_00450ad0,33,1,"FUN_0044f880 FUN_00450700"
00450b00,FUN_00450b00,794,0,"FUN_004196e0 FUN_0044f880 FUN_00450700 FUN_004864e0"
00450e20,FUN_00450e20,792,1,"D3DXMatrixMultiply D3DXMatrixRotationX D3DXMatrixRotationY D3DXMatrixRotationZ D3DXVec3Project"
00451140,FUN_00451140,46,0,"FUN_0044f880 FUN_00450e20"
00451170,FUN_00451170,546,2,"D3DXVec3Transform FUN_004196e0 FUN_0044f880 FUN_00450e20"
004513a0,FUN_004513a0,1036,1,"D3DXMatrixMultiply D3DXMatrixRotationX D3DXMatrixRotationY D3DXMatrixRotationZ FUN_0040b930 FUN_0044f4b0 FUN_0044fd10"
004517b0,FUN_004517b0,258,1,""
004518c0,FUN_004518c0,258,1,""
00451a00,FUN_00451a00,224,1,"FUN_0044f710 FUN_0044fd10"
00451e10,FUN_00451e10,224,1,"FUN_0044f710 FUN_0044fd10"
00451ef0,FUN_00451ef0,217,1,"FUN_004500b0 FUN_00450310 FUN_00450610 FUN_00450690 FUN_00450ad0 FUN_00450b00 FUN_00451140 FUN_00451170 FUN_004513a0 FUN_00451a00 FUN_00451e10"
00452010,FUN_00452010,89,1,"FUN_0044fe30 FUN_004500f0 FUN_004503d0"
004520c0,FUN_004520c0,40,1,"FUN_00486590"
004520f0,FUN_004520f0,805,0,"FUN_004526a0 FUN_00458c30 _free _malloc"
00452420,FUN_00452420,592,1,"FUN_004526a0"
004526a0,FUN_004526a0,30,3,""
004526f0,FUN_004526f0,2598,1,"FUN_00401fd0 FUN_00402270 FUN_00456b70 FUN_00456c10 FUN_0045fce4 _memset `eh_vector_constructor_iterator'"
00453130,FUN_00453130,219,1,"FUN_004558e0 _free `eh_vector_destructor_iterator'"
00453220,FUN_00453220,487,0,""
004534c0,FUN_004534c0,1381,0,""
00453b50,FUN_00453b50,252,0,"D3DXLoadSurfaceFromFileInMemory D3DXLoadSurfaceFromMemory FUN_004534c0"
00453c50,FUN_00453c50,319,1,"D3DXLoadSurfaceFromFileInMemory D3DXLoadSurfaceFromMemory FUN_004534c0"
00453d90,FUN_00453d90,484,2,"D3DXCreateTextureFromFileInMemoryEx D3DXLoadSurfaceFromSurface FUN_004534c0"
00453f80,FUN_00453f80,287,3,"D3DXCreateTexture D3DXLoadSurfaceFromMemory"
004540a0,FUN_004540a0,67,1,"D3DXCreateTexture"
004540f0,FUN_004540f0,69,0,""
00454190,FUN_00454190,451,3,"FUN_004543e0 FUN_00456ad0 FUN_00458400 FUN_00458af0 FUN_0045fce4 __security_check_cookie _malloc _memset _sprintf"
00454360,FUN_00454360,118,1,"FUN_00454190 FUN_00456ad0 Sleep"
004543e0,FUN_004543e0,221,2,"FUN_00458400 FUN_00458af0 __security_check_cookie _sprintf"
004544c0,FUN_004544c0,212,0,"FUN_004545a0 FUN_00456ad0"
004545a0,FUN_004545a0,802,5,"FUN_00453d90 FUN_00453f80 FUN_004540a0 FUN_004540f0 FUN_00454b10 FUN_00458af0"
004548d0,FUN_004548d0,135,1,"FUN_004544c0 FUN_004549e0 FUN_0045fd49"
004549a0,FUN_004549a0,51,1,"FUN_004549e0 FUN_0045fd49"
004549e0,FUN_004549e0,237,1,"FUN_004564c0 _free"
00454b10,FUN_00454b10,149,2,""
00454bb0,FUN_00454bb0,172,9,"FUN_00444610 FUN_00444890 FUN_004864e0"
00454c60,FUN_00454c60,156,5,"FUN_00454bb0 __security_check_cookie _vsprintf"
00454d00,FUN_00454d00,224,5,"FUN_00454bb0 FUN_004864e0 __security_check_cookie _vsprintf"
00454de0,FUN_00454de0,212,5,"FUN_00454bb0 FUN_004864e0 __security_check_cookie _vsprintf"
00454ec0,FUN_00454ec0,313,1,"D3DXLoadSurfaceFromSurface FUN_0044fd10"
00455480,FUN_00455480,221,0,"EnterCriticalSection FUN_0044b4b0 FUN_004558e0 LeaveCriticalSection"
00455560,FUN_00455560,249,0,"EnterCriticalSection FUN_0044b4b0 FUN_004558e0 LeaveCriticalSection"
00455660,FUN_00455660,127,0,"EnterCriticalSection FUN_00451ef0 LeaveCriticalSection"
004556e0,FUN_004556e0,123,0,""
00455760,FUN_00455760,118,0,""
004557e0,FUN_004557e0,123,0,""
00455860,FUN_00455860,118,0,""
004558e0,FUN_004558e0,273,0,"FUN_00401fd0 FUN_0045fd49 _free"
00455a00,FUN_00455a00,112,3,"EnterCriticalSection FUN_004556e0 FUN_00456910 FUN_004569c0 LeaveCriticalSection"
00455a70,FUN_00455a70,153,4,"EnterCriticalSection FUN_0044acd0 FUN_004556e0 FUN_004569c0 LeaveCriticalSection"
00455b10,FUN_00455b10,171,4,"EnterCriticalSection FUN_0044acd0 FUN_004556e0 FUN_004569c0 LeaveCriticalSection"
00455bc0,FUN_00455bc0,112,3,"EnterCriticalSection FUN_00455760 FUN_00456910 FUN_004569c0 LeaveCriticalSection"
00455c30,FUN_00455c30,151,2,"EnterCriticalSection FUN_0044acd0 FUN_00455760 FUN_004569c0 LeaveCriticalSection"
00455cd0,FUN_00455cd0,167,2,"EnterCriticalSection FUN_0044acd0 FUN_00455760 FUN_004569c0 LeaveCriticalSection"
00455d80,FUN_00455d80,105,2,"EnterCriticalSection FUN_004557e0 FUN_00456910 FUN_004569c0 LeaveCriticalSection"
00455df0,FUN_00455df0,112,3,"EnterCriticalSection FUN_004557e0 FUN_00456910 FUN_004569c0 LeaveCriticalSection"
00456020,FUN_00456020,112,3,"EnterCriticalSection FUN_00455860 FUN_00456910 FUN_004569c0 LeaveCriticalSection"
004561e0,FUN_004561e0,79,3,""
00456230,FUN_00456230,61,2,"FUN_004561e0"
00456280,FUN_00456280,88,2,"FUN_0044b4b0 FUN_004561e0"
004562e0,FUN_004562e0,66,2,"FUN_004561e0"
00456330,FUN_00456330,94,2,"FUN_004561e0"
004563a0,FUN_004563a0,132,2,"FUN_004561e0"
00456430,FUN_00456430,110,2,""
004564c0,FUN_004564c0,78,2,""
00456520,FUN_00456520,21,1,"FUN_004561e0"
00456610,FUN_00456610,64,0,"FUN_004561e0"
00456650,FUN_00456650,64,0,"FUN_004561e0"
004566d0,FUN_004566d0,36,1,"FUN_0044ab40 FUN_004561e0"
00456740,FUN_00456740,34,2,"FUN_0044ab40 FUN_004561e0"
00456770,FUN_00456770,36,1,"FUN_0044ae60 FUN_004561e0"
00456870,FUN_00456870,70,1,"FUN_004561e0"
00456910,FUN_00456910,171,2,"FUN_0044ada0"
004569c0,FUN_004569c0,177,0,"FUN_00401fd0 FUN_00402270 FUN_0045fce4"
00456ad0,FUN_00456ad0,1,0,""
00456b20,FUN_00456b20,12,0,""
00456b70,FUN_00456b70,147,0,"EnterCriticalSection LeaveCriticalSection"
00456c10,FUN_00456c10,147,0,"EnterCriticalSection LeaveCriticalSection"
00456cb0,FUN_00456cb0,304,0,"EnterCriticalSection FUN_00457080 LeaveCriticalSection"
00456e10,FUN_00456e10,259,0,"EnterCriticalSection FUN_00457080 LeaveCriticalSection"
00456f30,FUN_00456f30,106,1,"EnterCriticalSection FUN_00457080 LeaveCriticalSection"
00457080,FUN_00457080,114,2,"FUN_0045fd49"
004571a0,FUN_004571a0,105,0,"FUN_00458a10 joyGetDevCapsA joyGetPosEx"
00457270,FUN_00457270,812,0,"FUN_00459bc0 __security_check_cookie _memset joyGetPosEx"
004575a0,FUN_004575a0,267,0,"__security_check_cookie _memset joyGetPosEx"
004576b0,FUN_004576b0,888,0,"FUN_00457270 FUN_00459b50 GetKeyboardState __security_check_cookie"
00458100,FUN_00458100,101,0,"GetKeyboardState _memset"
00458170,FUN_00458170,75,0,"GetKeyboardState SetKeyboardState __security_check_cookie"
004581c0,FUN_004581c0,280,5,"_free _malloc _memcpy"
004582e0,FUN_004582e0,284,5,"_free _malloc _memcpy"
00458400,FUN_00458400,466,2,"CloseHandle CreateFileA EnterCriticalSection FUN_0042b700 FUN_00441760 FUN_00459bc0 GetFileSize LeaveCriticalSection ReadFile __stricmp _malloc _strrchr"
004585e0,FUN_004585e0,141,1,"CloseHandle CreateFileA EnterCriticalSection LeaveCriticalSection"
00458670,FUN_00458670,297,1,"CloseHandle CreateFileA EnterCriticalSection FUN_00459bc0 FormatMessageA GetLastError LeaveCriticalSection LocalFree WriteFile"
004587a0,FUN_004587a0,180,0,"CreateFileA EnterCriticalSection FUN_00459bc0 FormatMessageA GetLastError LeaveCriticalSection LocalFree"
00458860,FUN_00458860,180,0,"CreateFileA EnterCriticalSection FUN_00459bc0 FormatMessageA GetLastError LeaveCriticalSection LocalFree"
00458920,FUN_00458920,88,2,"CloseHandle LeaveCriticalSection WriteFile"
00458980,FUN_00458980,69,0,"CloseHandle ReadFile _malloc"
004589d0,FUN_004589d0,49,0,"CloseHandle LeaveCriticalSection"
00458a10,FUN_00458a10,211,2,"EnterCriticalSection LeaveCriticalSection __alloca_probe __security_check_cookie _vsprintf"
00458af0,FUN_00458af0,207,1,"EnterCriticalSection LeaveCriticalSection __security_check_cookie _vsprintf"
00458bc0,FUN_00458bc0,105,0,"EnterCriticalSection LeaveCriticalSection"
00458c30,FUN_00458c30,153,0,"EnterCriticalSection LeaveCriticalSection"
00458d70,FUN_00458d70,45,0,"FUN_00458bc0"
00458da0,FUN_00458da0,36,0,"FUN_00458c30"
00458dd0,FUN_00458dd0,42,0,"FUN_00458c30"
00458e30,FUN_00458e30,157,2,""
00458ed0,FUN_00458ed0,145,1,""
00458f70,FUN_00458f70,86,1,"FUN_00486ba0 FUN_00486cf0"
004590f0,FUN_004590f0,61,0,""
00459130,FUN_00459130,48,0,""
00459160,FUN_00459160,121,1,""
00459210,FUN_00459210,96,3,"FUN_004864e0"
00459270,FUN_00459270,83,0,"FUN_004864e0"
004593e0,FUN_004593e0,36,2,"FUN_00459430 FUN_0045fd49"
00459410,FUN_00459410,16,1,"FUN_00459430"
00459430,FUN_00459430,101,0,"CloseHandle Sleep WaitForSingleObject"
004594a0,FUN_004594a0,56,1,"FUN_00459430 __beginthreadex"
00459540,FUN_00459540,75,0,"FUN_00458ed0 FUN_00459aa0"
00459590,FUN_00459590,215,0,"FUN_00458ed0 FUN_00458f70 FUN_00459a30 FUN_00459aa0"
00459670,FUN_00459670,181,0,"FUN_00458ed0 FUN_00458f70 FUN_00459a30 FUN_00459aa0"
00459730,FUN_00459730,7,0,""
00459a30,FUN_00459a30,99,0,"FUN_00486590"
00459aa0,FUN_00459aa0,30,3,""
00459b50,FUN_00459b50,105,1,""
00459bc0,FUN_00459bc0,1,0,""
00459da0,FUN_00459da0,272,1,"__security_check_cookie"
00459eb0,FUN_00459eb0,703,8,"CloseHandle FUN_0045ad60 FUN_0045b220 FUN_0045fce4 FUN_0045fd49 __security_check_cookie"
0045a1b0,FUN_0045a1b0,657,11,"FUN_0045ad60 FUN_0045fce4 FUN_0045fd49 __security_check_cookie"
0045a450,FUN_0045a450,119,3,"FUN_0045a6f0 FUN_0045fce4"
0045a4d0,FUN_0045a4d0,30,2,"FUN_0045a660 FUN_0045fd49"
0045a4f0,FUN_0045a4f0,353,0,"FUN_0045fce4 FUN_0045fd49"
0045a660,FUN_0045a660,133,1,"CloseHandle FUN_0045fd49"
0045a6f0,FUN_0045a6f0,570,1,"FUN_0045b480 SetFilePointer Sleep _memset"
0045a930,FUN_0045a930,93,0,"Sleep"
0045a990,FUN_0045a990,100,1,"_rand"
0045aa00,FUN_0045aa00,19,1,""
0045aa60,FUN_0045aa60,133,1,"FUN_0045a6f0 FUN_0045a930 FUN_0045a990 FUN_0045aaf0 FUN_0045acd0"
0045aaf0,FUN_0045aaf0,125,2,"FUN_004864e0"
0045ab70,FUN_0045ab70,129,1,"CloseHandle"
0045ac00,FUN_0045ac00,117,0,"CloseHandle SetFilePointer"
0045ac80,FUN_0045ac80,77,0,"FUN_0045b2d0"
0045acd0,FUN_0045acd0,52,0,""
0045ad60,FUN_0045ad60,48,4,"FUN_0045a450"
0045ad90,FUN_0045ad90,36,2,"FUN_0045a660 FUN_0045fd49"
0045aee0,FUN_0045aee0,543,1,"FUN_0045a6f0 FUN_0045a930 FUN_0045b3a0 FUN_0045b480 _memset"
0045b100,FUN_0045b100,223,1,"FUN_0045a6f0 FUN_0045a930 SetFilePointer"
0045b220,FUN_0045b220,164,0,"CreateFileA FUN_0045b5a0 SetFilePointer"
0045b2d0,FUN_0045b2d0,130,1,"FUN_0045b220 FUN_0045b3a0 FUN_0045b5a0"
0045b3a0,FUN_0045b3a0,223,0,"SetFilePointer"
0045b480,FUN_0045b480,192,2,"ReadFile _memcpy"
0045b5a0,FUN_0045b5a0,1,0,""
0045b5b0,FUN_0045b5b0,1,0,""
0045b610,FUN_0045b610,583,1,"FUN_0045b5b0 FUN_0045d600 FUN_0045d670 FUN_0045db10 FUN_004864e0"
0045b860,FUN_0045b860,6759,3,"FUN_00405fb0 FUN_0040b900 FUN_00419660 FUN_004196e0 FUN_00458ed0 FUN_0045b5b0 FUN_0045b610 FUN_0045d4b0 FUN_0045d550 FUN_0045d600 FUN_0045d670 FUN_0045d710 FUN_0045d740 FUN_0045d7a0 FUN_0045d840 FUN_0045d870 FUN_0045d890 FUN_0045dc30 FUN_0045dce0 FUN_0045dd20 FUN_004864e0 _free _malloc _strchr"
0045d420,FUN_0045d420,142,3,"FUN_0045b860 FUN_0045fd49"
0045d4b0,FUN_0045d4b0,146,3,"FUN_004864e0"
0045d550,FUN_0045d550,175,1,"FUN_004864e0"
0045d600,FUN_0045d600,100,2,"FUN_004864e0"
0045d670,FUN_0045d670,145,3,"FUN_004864e0"
0045d710,FUN_0045d710,48,0,""
0045d740,FUN_0045d740,89,2,"FUN_004864e0"
0045d7a0,FUN_0045d7a0,147,2,"FUN_0045b610 FUN_0045fce4"
0045d840,FUN_0045d840,29,1,""
0045d870,FUN_0045d870,31,0,""
0045d890,FUN_0045d890,30,3,""
0045d900,FUN_0045d900,513,2,"_free _malloc _memcpy"
0045db10,FUN_0045db10,126,1,""
0045db90,FUN_0045db90,77,1,"FUN_0045db10 FUN_0045fce4"
0045dc30,FUN_0045dc30,71,3,""
0045dce0,FUN_0045dce0,64,1,""
0045dd20,FUN_0045dd20,41,0,""
0045dd70,FUN_0045dd70,188,0,"FUN_004068c0 FUN_0044a1e0 FUN_0044acd0 FUN_00455a00"
0045de30,FUN_0045de30,177,1,"FUN_00406860 FUN_00433a90 FUN_0044a1e0 FUN_0044a300 FUN_0044acd0 FUN_004561e0 FUN_0045df10"
0045df10,FUN_0045df10,84,0,"FUN_0040af90 FUN_00424fe0"
0045df64,DirectInput8Create,6,0,""
0045f9b0,DirectSoundCreate8,6,0,""
0045f9b6,Direct3DCreate9,6,0,""
0045f9bc,D3DXVec3Normalize,6,0,""
0045f9c2,D3DXMatrixTranslation,6,0,""
0045f9c8,D3DXVec3ProjectArray,6,0,""
0045f9ce,D3DXVec3Project,6,0,""
0045f9d4,D3DXMatrixLookAtLH,6,0,""
0045f9da,D3DXMatrixPerspectiveFovLH,6,0,""
0045f9e0,D3DXCreateTexture,6,0,""
0045f9e6,D3DXLoadSurfaceFromMemory,6,0,""
0045f9ec,D3DXMatrixRotationX,6,0,""
0045f9f2,D3DXMatrixMultiply,6,0,""
0045f9f8,D3DXMatrixRotationY,6,0,""
0045f9fe,D3DXMatrixRotationZ,6,0,""
0045fa04,D3DXVec3Transform,6,0,""
0045fa0a,D3DXCreateTextureFromFileInMemoryEx,6,0,""
0045fa10,D3DXLoadSurfaceFromFileInMemory,6,0,""
0045fa16,D3DXLoadSurfaceFromSurface,6,0,""
0045fb2a,WINNLSEnableIME,6,0,""
0045fc2c,__security_check_cookie,15,1,"___report_gsfailure"
0045fc3b,_free,133,1,"FUN_0045fc91 GetLastError HeapFree __SEH_epilog4 __SEH_prolog4 ___sbh_find_block ___sbh_free_block __errno __get_errno_from_oserr __lock"
0045fc91,FUN_0045fc91,9,0,"FUN_00461ea8"
0045fcc9,bad_alloc,27,1,"exception"
0045fce4,FUN_0045fce4,100,1,"FUN_00445130 __CxxThrowException@8 __callnewh _atexit _malloc bad_alloc"
0045fd49,FUN_0045fd49,11,1,"_free"
0045fd54,__vsprintf_l,126,4,"__errno __flsbuf __invalid_parameter __output_l"
0045fdd2,_vsprintf,26,3,"__vsprintf_l"
0045fdec,FID_conflict:__vscprintf_helper,87,4,"__errno __invalid_parameter"
0045fe43,FID_conflict:__vscprintf_p,28,2,"FID_conflict:__vscprintf_helper"
0045fe5f,FID_conflict:__vscprintf_p_l,29,3,"FID_conflict:__vscprintf_helper"
0045fe7c,FID_conflict:__vscprintf_p,28,2,"FID_conflict:__vscprintf_helper"
0045fe98,FID_conflict:__vscprintf_p_l,29,3,"FID_conflict:__vscprintf_helper"
0045feb5,name,20,2,"_Name_base"
0045fec9,~type_info,16,1,"_Type_info_dtor"
0045fed9,`scalar_deleting_destructor',33,2,"FUN_0045fd49 ~type_info"
0045fefa,_name_internal_method,20,2,"_Name_base_internal"
0045ff18,operator==,32,2,"_strcmp"
0045ff38,operator!=,33,2,"_strcmp"
0045ff59,before,36,2,"_strcmp"
0045ff7d,FUN_0045ff7d,4,1,""
0045ff91,`eh_vector_constructor_iterator',77,5,"FUN_0045ffde __SEH_epilog4 __SEH_prolog4"
0045ffde,FUN_0045ffde,24,0,"__ArrayUnwind"
00460008,__ArrayUnwind,50,4,"__SEH_epilog4 __SEH_prolog4"
00460066,`eh_vector_destructor_iterator',75,4,"FUN_004600b1 __SEH_epilog4 __SEH_prolog4"
004600b1,FUN_004600b1,24,0,"__ArrayUnwind"
004600c9,_V6_HeapAlloc,70,1,"FUN_0046010f __SEH_epilog4 __SEH_prolog4 ___sbh_alloc_block __lock"
0046010f,FUN_0046010f,9,0,"FUN_00461ea8"
00460118,__heap_alloc,122,1,"HeapAlloc _V6_HeapAlloc __FF_MSGBANNER __NMSG_WRITE ___crtExitProcess"
00460192,_malloc,202,1,"HeapAlloc _V6_HeapAlloc __FF_MSGBANNER __NMSG_WRITE ___crtExitProcess __callnewh __errno"
0046025c,_sprintf,125,2,"__errno __flsbuf __invalid_parameter __output_l"
004602d9,__sprintf_l,28,3,"__vsprintf_l"
004602f5,_sprintf_s,30,3,"__vsprintf_s_l"
00460313,__sprintf_s_l,31,4,"__vsprintf_s_l"
00460332,__snprintf_s,33,4,"__vsnprintf_s_l"
00460353,__snprintf_s_l,34,5,"__vsnprintf_s_l"
00460375,FUN_00460375,30,3,"__vsprintf_p_l"
00460393,FUN_00460393,31,4,"__vsprintf_p_l"
004603b2,FUN_004603b2,21,1,"FID_conflict:__vscprintf_p"
004603c7,FUN_004603c7,21,1,"FID_conflict:__vscprintf_p"
004603dc,FUN_004603dc,25,2,"FID_conflict:__vscprintf_p_l"
004603f5,FUN_004603f5,25,2,"FID_conflict:__vscprintf_p_l"
0046040e,_atol,22,1,"_strtol"
00460424,FUN_00460424,25,2,"__strtol_l"
0046043d,FUN_0046043d,11,1,"_atol"
00460448,FUN_00460448,11,2,"FUN_00460424"
00460453,FUN_00460453,22,1,"__strtoi64"
00460469,FUN_00460469,25,2,"__strtoi64_l"
004604a0,_strchr,195,2,""
00460560,_strrchr,45,2,""
00460590,_strncpy,292,3,""
004606b4,_LocaleUpdate,135,2,"___updatetlocinfo ___updatetmbcinfo __getptd"
0046074c,__atof_l,171,2,"_LocaleUpdate __errno __fltin2 __invalid_parameter __isctype_l _strlen"
004607f7,_atof,19,1,"__atof_l"
0046080a,___strgtold12,66,7,"_LocaleUpdate ___strgtold12_l"
0046084c,FID_conflict:___WSTRINGTOLD,57,4,"_LocaleUpdate ___STRINGTOLD_L"
00460885,FUN_00460885,50,1,"CreateDirectoryA GetLastError __dosmaperr"
004608b7,__time64,81,1,"GetSystemTimeAsFileTime __aulldiv"
00460908,__invoke_watson_if_error,33,6,"__invoke_watson"
0046092c,__localtime64_s,687,2,"___tzset __alldiv __allrem __errno __get_daylight __get_dstbias __get_timezone __gmtime64_s __invalid_parameter __invoke_watson __isindst _memset"
00460be4,__localtime64,39,1,"___getgmtimebuf __localtime64_s"
00460c0b,__onexit_nolock,186,1,"__decode_pointer __encode_pointer __msize __realloc_crt"
00460cf6,__onexit,54,1,"FUN_00460d2c FUN_00465c39 __SEH_epilog4 __SEH_prolog4 __onexit_nolock"
00460d2c,FUN_00460d2c,6,0,"FUN_00465c42"
00460d32,_atexit,23,1,"__onexit"
00460d49,__endthread,72,0,"CloseHandle ExitThread FUN_00468cd5 __IsNonwritableInCurrentImage __freeptd __getptd_noexit"
00460d92,__callthreadstart,53,0,"__SEH_prolog4 __XcptFilter __endthread __getptd"
00460dd3,__threadstart@4,119,1,"ExitThread FUN_00468571 FUN_00468cd5 GetLastError __IsNonwritableInCurrentImage ___fls_getvalue@4 ___fls_setvalue@8 ___set_flsgetvalue __callthreadstart __freefls@4"
00460e4a,__beginthread,185,3,"CreateThread GetLastError ResumeThread ___set_flsgetvalue __calloc_crt __dosmaperr __errno __getptd __initptd __invalid_parameter _free"
00460f03,_strncmp,192,3,""
00460fc3,vscan_fn,106,4,"__errno __invalid_parameter _strlen"
0046102d,FID_conflict:_sscanf,34,2,"vscan_fn"
0046104f,FID_conflict:__sscanf_s_l,35,3,"vscan_fn"
00461072,FID_conflict:_sscanf,34,2,"vscan_fn"
00461094,FID_conflict:__sscanf_s_l,35,3,"vscan_fn"
004610b7,__chdir,312,1,"GetCurrentDirectoryA GetLastError SetCurrentDirectoryA SetEnvironmentVariableA ___doserrno __calloc_crt __dosmaperr __errno __invalid_parameter __mbctoupper __security_check_cookie _free"
004611ef,__purecall,42,0,"__NMSG_WRITE __decode_pointer __set_abort_behavior _abort"
00461219,FID_conflict:__set_inconsistency,39,1,"__decode_pointer __encode_pointer"
0046124d,exception,17,1,""
0046125e,exception,83,2,"_malloc _strcpy_s _strlen"
004612b1,exception,29,3,""
004612ce,exception,93,2,"_malloc _strcpy_s _strlen"
0046132b,operator=,91,2,"_malloc _strcpy_s _strlen"
00461386,~exception,22,1,"_free"
0046139c,FUN_0046139c,13,1,""
004613a9,FUN_004613a9,30,1,"exception"
004613c7,FUN_004613c7,29,2,"exception"
004613ef,bad_typeid,30,2,"exception"
0046140d,FUN_0046140d,29,2,"exception"
00461435,__non_rtti_object,29,2,"bad_typeid"
00461452,FUN_00461452,29,2,"FUN_0046140d"
0046147a,FUN_0046147a,33,2,"FUN_0045fd49 ~exception"
0046149b,FUN_0046149b,39,2,"FUN_0045fd49 ~exception"
004614c2,FUN_004614c2,39,2,"FUN_0045fd49 ~exception"
004614e9,FUN_004614e9,39,2,"FUN_0045fd49 ~exception"
00461510,_memcpy_s,125,4,"__errno __invalid_parameter _memcpy _memset"
0046158d,_memmove_s,93,4,"__errno __invalid_parameter _memmove"
004615ea,___ascii_stricmp,57,2,""
00461623,__stricmp_l,213,3,"_LocaleUpdate ___ascii_stricmp __errno __invalid_parameter __tolower_l"
004616f8,__stricmp,82,2,"___ascii_stricmp __errno __invalid_parameter __stricmp_l"
0046174a,__endthreadex,60,1,"ExitThread FUN_00468cd5 __IsNonwritableInCurrentImage __freeptd __getptd_noexit"
00461787,__callthreadstartex,53,0,"__SEH_prolog4 __XcptFilter __endthreadex __getptd"
004617c8,__threadstartex@4,131,1,"ExitThread FUN_00468571 FUN_00468cd5 GetCurrentThreadId GetLastError __IsNonwritableInCurrentImage ___fls_getvalue@4 ___fls_setvalue@8 ___set_flsgetvalue __callthreadstartex __freefls@4"
0046184b,__beginthreadex,176,6,"CreateThread GetLastError ___set_flsgetvalue __calloc_crt __dosmaperr __errno __getptd __initptd __invalid_parameter _free"
004618fb,FUN_004618fb,18,1,"__getptd"
0046190d,_rand,34,0,"__getptd"
0046192f,fast_error_exit,41,1,"__FF_MSGBANNER __NMSG_WRITE ___crtExitProcess"
0046199f,___tmainCRTStartup,310,0,"FUN_00445510 GetCommandLineA GetStartupInfoA __RTC_Initialize __SEH_epilog4 __SEH_prolog4 ___crtGetEnvironmentStringsA __amsg_exit __cexit __cinit __heap_init __ioinit __mtinit __setargv __setenvp __wincmdln _exit fast_error_exit"
00461b1d,entry,10,0,"___security_init_cookie ___tmainCRTStartup"
00461b27,___report_gsfailure,262,0,"FUN_0046e6ff GetCurrentProcess IsDebuggerPresent SetUnhandledExceptionFilter TerminateProcess UnhandledExceptionFilter"
00461c2d,__get_errno_from_oserr,66,1,""
00461c6f,__errno,19,0,"__getptd_noexit"
00461c82,___doserrno,19,0,"__getptd_noexit"
00461c95,__dosmaperr,35,1,"___doserrno __errno __get_errno_from_oserr"
00461cb8,FID_conflict:__set_doserrno,33,1,"__errno __getptd_noexit"
00461cd9,FUN_00461cd9,47,1,"__errno __invalid_parameter"
00461d08,FID_conflict:__set_doserrno,33,1,"___doserrno __getptd_noexit"
00461d29,FUN_00461d29,47,1,"___doserrno __invalid_parameter"
00461d5c,__heap_init,48,0,"HeapCreate"
00461e06,__mtinitlocks,75,0,"___crtInitCritSecAndSpinCount"
00461e51,__mtdeletelocks,87,0,"DeleteCriticalSection _free"
00461ea8,FUN_00461ea8,23,1,"LeaveCriticalSection"
00461ed7,__mtinitlocknum,186,1,"FUN_00461f91 __FF_MSGBANNER __NMSG_WRITE __SEH_epilog4 __SEH_prolog4 ___crtExitProcess ___crtInitCritSecAndSpinCount __errno __lock __malloc_crt _free"
00461f91,FUN_00461f91,9,0,"FUN_00461ea8"
00461f9a,__lock,51,1,"EnterCriticalSection __amsg_exit __mtinitlocknum"
00461fee,__set_amblksiz,75,1,"__errno __invalid_parameter"
00462039,FUN_00462039,65,1,"__errno __invalid_parameter"
0046207a,___sbh_heap_init,78,1,"HeapAlloc"
004620c8,___sbh_find_block,48,1,""
004620f8,___sbh_free_block,790,2,"HeapFree VirtualFree _memmove"
0046240e,___sbh_alloc_new_region,176,0,"HeapAlloc HeapFree HeapReAlloc VirtualAlloc"
004624be,___sbh_alloc_new_group,264,1,"VirtualAlloc"
004625c6,___sbh_resize_block,737,3,""
00462974,___sbh_heap_check,740,0,""
00462c58,__set_sbh_threshold,175,1,"___sbh_heap_init __errno __invalid_parameter"
00462d07,___sbh_alloc_block,741,1,"___sbh_alloc_new_group ___sbh_alloc_new_region"
00462fec,__SEH_prolog4,69,2,""
00463031,__SEH_epilog4,20,0,""
00463080,__except_handler4,396,3,"_EH4_CallFilterFunc _EH4_GlobalUnwind _EH4_LocalUnwind _EH4_TransferToHandler __IsNonwritableInCurrentImage ___DestructExceptionObject __security_check_cookie"
0046320c,FUN_0046320c,15,1,""
0046321b,_set_new_handler,54,1,"FUN_00461ea8 __decode_pointer __encode_pointer __lock"
00463267,__callnewh,40,1,"__decode_pointer"
0046328f,__CxxThrowException@8,76,2,"RaiseException"
004632db,__flsbuf,356,2,"FUN_0046f325 __errno __fileno __getbuf __isatty __lseeki64 __write"
0046343f,write_char,51,0,"__flsbuf"
00463472,write_multi_char,38,2,"write_char"
00463498,write_string,77,1,"__errno write_char"
004634e5,FUN_004634e5,18,1,""
004634f7,FUN_004634f7,21,1,""
0046350c,FUN_0046350c,19,1,""
0046351f,__output_l,2935,4,"_LocaleUpdate __aulldvrm __decode_pointer __errno __fileno __get_printf_count_output __invalid_parameter __isleadbyte_l __malloc_crt __security_check_cookie _free _strlen _wctomb_s write_char write_multi_char write_string"
004640b7,FUN_004640b7,15,1,""
004640c6,__invoke_watson,296,5,"FUN_0046e6ff GetCurrentProcess IsDebuggerPresent SetUnhandledExceptionFilter TerminateProcess UnhandledExceptionFilter __security_check_cookie _memset"
004641ee,FID_conflict:__set_inconsistency,39,1,"__decode_pointer __encode_pointer"
00464222,FUN_00464222,11,5,"__invoke_watson"
0046422d,__invalid_parameter,38,5,"FUN_0046e6ff __decode_pointer __invoke_watson"
00464263,FUN_00464263,11,5,"__invalid_parameter"
0046426e,__validate_param_reuseA,299,4,""
00464399,write_char,51,0,"__flsbuf"
004643cc,write_multi_char,38,2,"write_char"
004643f2,write_string,77,1,"__errno write_char"
0046443f,FUN_0046443f,21,1,""
00464454,__output_p_l,916,4,"_LocaleUpdate __errno __fileno __invalid_parameter __security_check_cookie _memset _strtol"
00465714,_Type_info_dtor,103,1,"FUN_0046577b __SEH_epilog4 __SEH_prolog4 __lock _free"
0046577b,FUN_0046577b,9,0,"FUN_00461ea8"
00465784,_Name_base,230,2,"FUN_00465870 __SEH_epilog4 __SEH_prolog4 ___unDName __invoke_watson __lock _free _malloc _strcpy_s _strlen"
00465870,FUN_00465870,9,0,"FUN_00461ea8"
004658e9,___unDNameHelper,51,4,"___unDName"
0046591c,_Name_base_internal,256,2,"FUN_00465a22 __SEH_epilog4 __SEH_prolog4 ___unDNameHelper __invoke_watson __local_unwind4 __lock _free _malloc _strcpy_s _strlen"
00465a22,FUN_00465a22,9,0,"FUN_00461ea8"
00465a80,_strcmp,135,2,""
00465b08,terminate,44,0,"__SEH_prolog4 __getptd _abort"
00465b41,FUN_00465b41,19,0,"__getptd terminate"
00465b54,_inconsistency,49,0,"__SEH_prolog4 __decode_pointer terminate"
00465b8c,__initp_eh_hooks,17,0,"__encode_pointer"
00465b9d,__crt_waiting_on_module_handle,48,1,"GetModuleHandleW Sleep"
00465bcd,__amsg_exit,41,1,"__FF_MSGBANNER __NMSG_WRITE __decode_pointer"
00465bf6,___crtCorExitProcess,43,1,"GetModuleHandleW GetProcAddress"
00465c21,___crtExitProcess,23,1,"ExitProcess ___crtCorExitProcess"
00465c39,FUN_00465c39,9,0,"__lock"
00465c42,FUN_00465c42,9,0,"FUN_00461ea8"
00465c4b,__initterm,29,1,""
00465c68,__initterm_e,36,2,""
00465c8c,FUN_00465c8c,60,1,"__errno __invalid_parameter"
00465cc8,FUN_00465cc8,60,1,"__errno __invalid_parameter"
00465d04,__cinit,133,1,"__IsNonwritableInCurrentImage __fpmath __initp_misc_cfltcvt_tab __initterm __initterm_e _atexit"
00465d89,doexit,285,3,"FUN_00461ea8 FUN_00465ea0 __SEH_epilog4 __SEH_prolog4 ___crtExitProcess __decode_pointer __encoded_null __initterm __lock"
00465ea0,FUN_00465ea0,15,0,"FUN_00461ea8"
00465eb5,_exit,22,1,"doexit"
00465ecb,__exit,22,1,"doexit"
00465ee1,__cexit,15,0,"doexit"
00465eff,__init_pointers,78,0,"FUN_0046320c FUN_004640b7 FUN_0046adfd FUN_0046d5aa FUN_0046e707 FUN_00476109 __encode_pointer __encoded_null __initp_eh_hooks __initp_misc_winsig"
00465f4d,__NMSG_WRITE,410,1,"GetModuleFileNameA GetStdHandle WriteFile ___crtMessageBoxA __invoke_watson __set_error_mode _strcat_s _strcpy_s _strlen _strncpy_s"
004660f8,__GET_RTERRMSG,38,1,""
0046611e,__FF_MSGBANNER,57,0,"__NMSG_WRITE __set_error_mode"
00466157,__vsnprintf_helper,204,6,"__errno __flsbuf __invalid_parameter"
00466223,FID_conflict:__vsnprintf_c,41,4,"__vsnprintf_helper"
0046624c,__vsnprintf_c_l,42,5,"__vsnprintf_helper"
00466276,__vsprintf_s_l,136,5,"__errno __invalid_parameter __vsnprintf_helper"
004662fe,_vsprintf_s,29,4,"__vsprintf_s_l"
0046631b,__vsnprintf_s_l,263,6,"__errno __invalid_parameter __vsnprintf_helper"
00466422,__vsnprintf_s,32,5,"__vsnprintf_s_l"
00466442,FID_conflict:__vsnprintf_c,41,4,"__vsnprintf_helper"
0046646b,__vsprintf_p_l,42,5,"__vsnprintf_helper"
00466495,strtoxl,559,5,"_LocaleUpdate __errno __invalid_parameter __isctype_l"
004666c4,_strtol,43,3,"strtoxl"
004666ef,__strtol_l,29,4,"strtoxl"
0046670c,_strtoul,44,3,"strtoxl"
00466738,__strtoul_l,29,4,"strtoxl"
00466755,strtoxq,663,5,"_LocaleUpdate __allmul __aulldvrm __errno __invalid_parameter __isctype_l"
004669ec,__strtoi64,43,3,"strtoxq"
00466a17,__strtoi64_l,29,4,"strtoxq"
00466a34,__strtoui64,44,3,"strtoxq"
00466a60,__strtoui64_l,29,4,"strtoxq"
00466a7d,CPtoLCID,47,1,""
00466aac,setSBCS,100,1,"_memset"
00466b10,setSBUpLow,403,1,"GetCPInfo ___crtGetStringTypeA ___crtLCMapStringA __security_check_cookie _memset"
00466ca3,___updatetmbcinfo,152,0,"FUN_00466d3e InterlockedDecrement InterlockedIncrement __SEH_epilog4 __SEH_prolog4 __amsg_exit __getptd __lock _free"
00466d3e,FUN_00466d3e,9,0,"FUN_00461ea8"
00466d47,getSystemCP,124,1,"GetACP GetOEMCP _LocaleUpdate"
00466dc3,__setmbcp_nolock,485,2,"CPtoLCID GetCPInfo IsValidCodePage __security_check_cookie _memset getSystemCP setSBCS setSBUpLow"
00466fa8,__getmbcp,62,0,"_LocaleUpdate"
00466fe6,__setmbcp,399,1,"FUN_00467147 InterlockedDecrement InterlockedIncrement __SEH_epilog4 __SEH_prolog4 ___updatetmbcinfo __errno __getptd __lock __malloc_crt __setmbcp_nolock _free getSystemCP"
00467147,FUN_00467147,9,0,"FUN_00461ea8"
00467180,___initmbctable,30,0,"__setmbcp"
004671aa,___freetlocinfo,329,1,"___free_lc_time ___free_lconv_mon ___free_lconv_num _free"
004672f3,___addlocaleref,143,1,"InterlockedIncrement"
00467382,___removelocaleref,153,1,"InterlockedDecrement"
0046741b,__copytlocinfo_nolock,38,1,"___addlocaleref"
00467441,__updatetlocinfoEx_nolock,62,0,"___addlocaleref ___freetlocinfo ___removelocaleref"
0046747f,___updatetlocinfo,106,0,"FUN_004674e9 __SEH_epilog4 __SEH_prolog4 __amsg_exit __getptd __lock __updatetlocinfoEx_nolock"
004674e9,FUN_004674e9,12,0,"FUN_00461ea8"
004674f5,__configthreadlocale,106,1,"__errno __getptd __invalid_parameter"
004675b2,__free_locale,170,1,"FUN_0046765f FUN_0046766b InterlockedDecrement __SEH_epilog4 __SEH_prolog4 ___freetlocinfo ___removelocaleref __lock _free"
0046765f,FUN_0046765f,9,0,"FUN_00461ea8"
0046766b,FUN_0046766b,9,0,"FUN_00461ea8"
00467674,FUN_00467674,11,1,"__free_locale"
00467736,__strcats,61,3,"__invoke_watson _strcat_s"
00467776,___lc_strtolc,291,2,"__invoke_watson _memset _strcspn _strncpy_s"
0046789f,___lc_lctostr,106,3,"__invoke_watson __strcats _strcpy_s"
0046790c,__setlocale_get_all,378,0,"InterlockedDecrement __invoke_watson __malloc_crt __strcats _free _strcat_s _strcmp"
00467a89,__expandlocale,550,5,"___get_qualified_locale ___lc_lctostr ___lc_strtolc __getptd __invoke_watson __security_check_cookie _memcpy _strcmp _strcpy_s _strlen _strncpy_s"
00467cba,__setlocale_set_cat,767,2,"InterlockedDecrement ___crtGetStringTypeA __expandlocale __getptd __invoke_watson __malloc_crt __security_check_cookie _free _memcmp _memcpy _strcmp _strcpy_s _strlen"
00467fbc,__setlocale_nolock,536,3,"__expandlocale __invoke_watson __security_check_cookie __setlocale_get_all __setlocale_set_cat _strcmp _strcspn _strlen _strncmp _strncpy_s _strpbrk"
004681d7,__create_locale,245,2,"___freetlocinfo ___removelocaleref __calloc_crt __copytlocinfo_nolock __errno __setlocale_nolock __setmbcp_nolock _free"
004682cc,FUN_004682cc,11,2,"__create_locale"
00468447,__crt_wait_module_handle,26,1,"GetModuleHandleW __crt_waiting_on_module_handle"
00468461,__encode_pointer,114,1,"GetModuleHandleW GetProcAddress TlsGetValue __crt_waiting_on_module_handle"
004684d3,__encoded_null,9,0,"__encode_pointer"
004684dc,__decode_pointer,114,1,"GetModuleHandleW GetProcAddress TlsGetValue __crt_waiting_on_module_handle"
00468557,___fls_getvalue@4,26,1,"TlsGetValue"
00468571,FUN_00468571,6,0,""
00468577,___set_flsgetvalue,52,0,"TlsGetValue TlsSetValue __decode_pointer"
004685ab,___fls_setvalue@8,29,2,"__decode_pointer"
004685c8,__mtterm,61,0,"TlsFree __decode_pointer __mtdeletelocks"
00468605,__initptd,207,2,"FUN_004686da FUN_004686e3 GetModuleHandleW GetProcAddress InterlockedIncrement __SEH_epilog4 __SEH_prolog4 ___addlocaleref __crt_waiting_on_module_handle __lock"
004686da,FUN_004686da,9,0,"FUN_00461ea8"
004686e3,FUN_004686e3,9,0,"FUN_00461ea8"
004686ec,__getptd_noexit,121,0,"GetCurrentThreadId GetLastError SetLastError ___set_flsgetvalue __calloc_crt __decode_pointer __initptd _free"
00468765,__getptd,26,0,"__amsg_exit __getptd_noexit"
0046877f,__freefls@4,279,1,"FUN_00468899 FUN_004688a5 InterlockedDecrement __SEH_epilog4 __SEH_prolog4 ___freetlocinfo ___removelocaleref __lock _free"
00468899,FUN_00468899,9,0,"FUN_00461ea8"
004688a5,FUN_004688a5,9,0,"FUN_00461ea8"
004688ae,__freeptd,110,1,"TlsGetValue TlsSetValue __decode_pointer __freefls@4"
00468928,__mtinit,397,0,"GetCurrentThreadId GetModuleHandleW GetProcAddress TlsAlloc TlsSetValue __calloc_crt __crt_waiting_on_module_handle __decode_pointer __encode_pointer __init_pointers __initptd __mtinitlocks __mtterm"
00468ab5,__fltin2,167,3,"___strgtold12_l __ld12tod __security_check_cookie"
00468b60,_strlen,139,1,""
00468beb,__isctype_l,184,3,"_LocaleUpdate ___crtGetStringTypeA __isleadbyte_l"
00468ca3,__isctype,50,2,"__isctype_l"
00468cd5,FUN_00468cd5,1,0,""
00468cd6,__cfltcvt_init,96,0,""
00468d36,FUN_00468d36,21,1,""
00468d4b,__fpmath,35,1,"__cfltcvt_init __ms_p5_mp_test_fdiv __setdefaultprecision"
00468d6e,___addl,36,3,""
00468d92,___shl_12,51,1,""
00468dc5,___shr_12,50,1,""
00468df7,___ld12mul,635,2,"__security_check_cookie"
00469072,___multtenpow12,773,3,"__security_check_cookie"
00469377,___strgtold12_l,1735,8,"___mtold12 __errno __invalid_parameter __security_check_cookie"
00469a6f,___STRINGTOLD_L,91,5,"___strgtold12_l __ld12told __security_check_cookie"
00469ad0,__aulldiv,104,4,""
00469b38,FID_conflict:__set_dstbias,17,1,"FUN_0046a701"
00469b49,FID_conflict:__set_dstbias,17,1,"FUN_0046a707"
00469b5a,FID_conflict:__set_dstbias,17,1,"FUN_0046a70d"
00469b6b,__tzset_nolock,799,0,"FID_conflict:__set_dstbias FID_conflict:__set_dstbias FID_conflict:__set_dstbias FUN_00469e17 FUN_0046a701 FUN_0046a70d FUN_0046a713 GetTimeZoneInformation WideCharToMultiByte __SEH_epilog4 __SEH_prolog4 ____lc_codepage_func __get_daylight __get_dstbias __get_timezone __getenv_helper_nolock __invoke_watson __lock __malloc_crt _atol _free _strcmp _strcpy_s _strlen _strncpy_s"
00469e17,FUN_00469e17,9,0,"FUN_00461ea8"
00469eb1,cvtdate,500,9,"__get_dstbias __invoke_watson"
0046a0a8,__isindst_nolock,469,0,"__get_daylight __invoke_watson cvtdate"
0046a280,___tzset,70,0,"FUN_0046a2c6 __SEH_epilog4 __SEH_prolog4 __lock __tzset_nolock"
0046a2c6,FUN_0046a2c6,9,0,"FUN_00461ea8"
0046a307,__isindst,56,1,"FUN_0046a33f __SEH_epilog4 __SEH_prolog4 __isindst_nolock __lock"
0046a33f,FUN_0046a33f,9,0,"FUN_00461ea8"
0046a348,__gmtime64_s,579,2,"__alldiv __allmul __errno __invalid_parameter _memset"
0046a58b,__gmtime64,39,1,"___getgmtimebuf __gmtime64_s"
0046a5b2,__get_daylight,57,1,"__errno __invalid_parameter"
0046a5eb,__get_dstbias,57,1,"__errno __invalid_parameter"
0046a624,__get_timezone,57,1,"__errno __invalid_parameter"
0046a65d,__get_tzname,164,4,"__errno __invalid_parameter _strcpy_s _strlen"
0046a701,FUN_0046a701,6,0,""
0046a707,FUN_0046a707,6,0,""
0046a70d,FUN_0046a70d,6,0,""
0046a713,FUN_0046a713,6,0,""
0046a720,_memset,122,3,"__VEC_memzero"
0046a7a0,__alldiv,170,4,""
0046a850,__allrem,178,4,""
0046a902,__gmtime32_s,307,2,"__errno __invalid_parameter _memset"
0046aa35,___getgmtimebuf,55,0,"__errno __getptd_noexit __malloc_crt"
0046aa6c,__gmtime32,39,1,"___getgmtimebuf __gmtime32_s"
0046aa93,wait_a_bit,38,1,"Sleep"
0046aab9,FUN_0046aab9,21,1,""
0046aace,__malloc_crt,69,1,"Sleep _malloc"
0046ab13,__calloc_crt,76,2,"Sleep __calloc_impl"
0046ab5f,__realloc_crt,78,2,"Sleep _realloc"
0046abad,__recalloc_crt,82,3,"Sleep __recalloc"
0046abff,__msize,146,1,"FUN_0046ac99 HeapSize __SEH_epilog4 __SEH_prolog4 ___sbh_find_block __errno __invalid_parameter __lock"
0046ac99,FUN_0046ac99,9,0,"FUN_00461ea8"
0046acb0,__ValidateImageBase,53,1,""
0046acf0,__FindPESection,68,2,""
0046ad40,__IsNonwritableInCurrentImage,166,1,"__FindPESection __ValidateImageBase"
0046adfd,FUN_0046adfd,1,0,""
0046adfe,xcptlookup,53,1,""
0046ae33,__XcptFilter,352,2,"__getptd_noexit"
0046af93,___CppXcptFilter,32,2,"__XcptFilter"
0046afb3,___check_float_string,87,3,"__calloc_crt __recalloc_crt _memcpy"
0046b00a,FUN_0046b00a,18,1,""
0046b01c,__hextodec,32,1,"_isdigit"
0046b03c,__inc,22,2,"__filbuf"
0046b052,__un_inc,19,2,"__ungetc_nolock"
0046b065,__whiteout,42,2,"__inc _isspace"
0046b08f,__input_l,4029,4,"_LocaleUpdate ___check_float_string __allmul __decode_pointer __errno __fileno __hextodec __inc __invalid_parameter __mbtowc_l __security_check_cookie __un_inc __whiteout _free _isdigit _isleadbyte _isspace _isxdigit _memset"
0046c04c,___check_float_string,87,3,"__calloc_crt __recalloc_crt _memcpy"
0046c0a3,__hextodec,32,1,"_isdigit"
0046c0c3,__inc,22,2,"__filbuf"
0046c0d9,__un_inc,19,2,"__ungetc_nolock"
0046c0ec,__whiteout,42,2,"__inc _isspace"
0046c116,__input_s_l,4388,4,"_LocaleUpdate ___check_float_string __allmul __decode_pointer __errno __fileno __hextodec __inc __invalid_parameter __mbtowc_l __security_check_cookie __un_inc __whiteout _free _isdigit _isleadbyte _isspace _isxdigit _memset"
0046d23a,__mbctoupper_l,166,2,"_LocaleUpdate ___crtLCMapStringA"
0046d2e0,__mbctoupper,19,1,"__mbctoupper_l"
0046d2f3,_abort,279,0,"SetUnhandledExceptionFilter UnhandledExceptionFilter __NMSG_WRITE ___get_sigabrt __exit _memset _raise"
0046d40a,__set_abort_behavior,33,2,""
0046d42b,___getlocaleinfo,380,5,"GetLastError ___crtGetLocaleInfoA ___crtGetLocaleInfoW __calloc_crt __invoke_watson __security_check_cookie _free _isdigit _strncpy_s"
0046d5aa,FUN_0046d5aa,15,1,""
0046d5b9,_strcpy_s,104,3,"__errno __invalid_parameter"
0046d630,_memcpy,711,3,"__VEC_memcpy"
0046d9a0,_memmove,711,3,"__VEC_memcpy"
0046dd05,FUN_0046dd05,13,1,""
0046dd12,__tolower_l,277,2,"_LocaleUpdate ___crtLCMapStringA __errno __isctype_l __isleadbyte_l"
0046de27,_tolower,44,1,"__tolower_l"
0046de53,__CxxUnhandledExceptionFilter,66,1,"terminate"
0046dea3,__wincmdln,95,0,"___initmbctable __ismbblead"
0046df02,__setenvp,219,0,"___initmbctable __calloc_crt __invoke_watson _free _strcpy_s _strlen"
0046dfe0,FUN_0046dfe0,15,1,""
0046dfef,parse_cmdline,410,3,"__ismbblead"
0046e189,__setargv,187,0,"GetModuleFileNameA ___initmbctable __malloc_crt parse_cmdline"
0046e244,___crtGetEnvironmentStringsA,311,0,"FreeEnvironmentStringsA FreeEnvironmentStringsW GetEnvironmentStrings GetEnvironmentStringsW GetLastError WideCharToMultiByte __malloc_crt _free _memcpy"
0046e37b,__ioinit,582,0,"GetFileType GetStartupInfoA GetStdHandle SetHandleCount __SEH_epilog4 __SEH_prolog4 ___crtInitCritSecAndSpinCount __calloc_crt"
0046e61d,__RTC_Initialize,38,0,""
0046e669,___security_init_cookie,150,0,"GetCurrentProcessId GetCurrentThreadId GetSystemTimeAsFileTime GetTickCount QueryPerformanceCounter"
0046e6ff,FUN_0046e6ff,8,0,""
0046e707,FUN_0046e707,15,1,""
0046e716,___crtInitCritSecAndSpinCount,49,2,"InitializeCriticalSectionAndSpinCount __SEH_epilog4 __SEH_prolog4"
0046e778,__local_unwind4,144,3,"FUN_0047fcbc __NLG_Notify"
0046e84e,FUN_0046e84e,28,1,"__local_unwind4"
0046e86a,_EH4_CallFilterFunc,23,1,""
0046e881,_EH4_TransferToHandler,25,1,"__NLG_Notify"
0046e89a,_EH4_GlobalUnwind,26,1,"RtlUnwind"
0046e8b4,_EH4_LocalUnwind,23,4,"__local_unwind4"
0046e8cb,__lseeki64_nolock,133,3,"GetLastError SetFilePointer __dosmaperr __errno __get_osfhandle"
0046e950,__lseeki64,271,3,"FUN_0046ea5f __SEH_epilog4 __SEH_prolog4 ___doserrno ___lock_fhandle __errno __invalid_parameter __lseeki64_nolock"
0046ea5f,FUN_0046ea5f,10,0,"__unlock_fhandle"
0046ea69,__write_nolock,1843,3,"GetConsoleCP GetConsoleMode GetLastError WideCharToMultiByte WriteFile ___doserrno __alloca_probe __dosmaperr __errno __getptd __invalid_parameter __isatty __lseeki64_nolock __putwch_nolock __security_check_cookie _isleadbyte _mbtowc"
0046f19c,__write,210,3,"FUN_0046f26e __SEH_epilog4 __SEH_prolog4 ___doserrno ___lock_fhandle __errno __invalid_parameter __write_nolock"
0046f26e,FUN_0046f26e,10,0,"__unlock_fhandle"
0046f278,__getbuf,73,1,"__malloc_crt"
0046f2c1,__isatty,100,1,"__errno __invalid_parameter"
0046f325,FUN_0046f325,6,0,""
0046f3fc,__lock_file,65,1,"EnterCriticalSection __lock"
0046f43d,__lock_file2,50,2,"EnterCriticalSection __lock"
0046f46f,__unlock_file,60,1,"FUN_00461ea8 LeaveCriticalSection"
0046f4ab,__unlock_file2,47,2,"FUN_00461ea8 LeaveCriticalSection"
0046f4da,__fileno,50,1,"__errno __invalid_parameter"
0046f50c,__initp_misc_cfltcvt_tab,33,0,"__encode_pointer"
0046f5dc,FUN_0046f5dc,25,2,"FID_conflict:__vwprintf_s_l"
0046f5f5,FUN_0046f5f5,25,2,"FID_conflict:__vwprintf_s_l"
0046f60e,FUN_0046f60e,24,1,"FID_conflict:__vwprintf_s_l"
0046f626,FUN_0046f626,25,2,"FID_conflict:__vwprintf_s_l"
0046f63f,FUN_0046f63f,24,1,"FID_conflict:__vwprintf_s_l"
0046f657,__set_printf_count_output,42,1,""
0046f681,__get_printf_count_output,22,0,""
0046f697,__wctomb_s_l,364,5,"GetLastError WideCharToMultiByte _LocaleUpdate __errno __invalid_parameter _memset"
0046f803,_wctomb_s,29,4,"__wctomb_s_l"
0046f820,__wctomb_l,81,3,"_LocaleUpdate __wctomb_s_l"
0046f871,_wctomb,50,2,"____mb_cur_max_func __wctomb_s_l"
0046f8a3,__isleadbyte_l,56,2,"_LocaleUpdate"
0046f8db,_isleadbyte,19,1,"__isleadbyte_l"
0046f8ee,__iswalpha_l,26,2,"__iswctype_l"
0046f908,_iswalpha,22,1,"_iswctype"
0046f91e,__iswupper_l,23,2,"__iswctype_l"
0046f935,_iswupper,19,1,"_iswctype"
0046f948,__iswlower_l,23,2,"__iswctype_l"
0046f95f,_iswlower,19,1,"_iswctype"
0046f972,__iswdigit_l,23,2,"__iswctype_l"
0046f989,_iswdigit,19,1,"_iswctype"
0046f99c,__iswxdigit_l,26,2,"__iswctype_l"
0046f9b6,_iswxdigit,22,1,"_iswctype"
0046f9cc,__iswspace_l,23,2,"__iswctype_l"
0046f9e3,_iswspace,19,1,"_iswctype"
0046f9f6,__iswpunct_l,23,2,"__iswctype_l"
0046fa0d,_iswpunct,19,1,"_iswctype"
0046fa20,__iswalnum_l,26,2,"__iswctype_l"
0046fa3a,_iswalnum,22,1,"_iswctype"
0046fa50,__iswprint_l,26,2,"__iswctype_l"
0046fa6a,_iswprint,22,1,"_iswctype"
0046fa80,__iswgraph_l,26,2,"__iswctype_l"
0046fa9a,_iswgraph,22,1,"_iswctype"
0046fab0,__iswcntrl_l,23,2,"__iswctype_l"
0046fac7,_iswcntrl,19,1,"_iswctype"
0046fada,FUN_0046fada,20,1,""
0046faee,__iswcsym_l,42,2,"__iswctype_l"
0046fb18,___iswcsym,38,1,"_iswctype"
0046fb3e,__iswcsymf_l,42,2,"__iswctype_l"
0046fb68,___iswcsymf,38,1,"_iswctype"
0046fb90,__aulldvrm,149,4,""
0046fc25,write_char,51,0,"__flsbuf"
0046fc58,write_multi_char,38,2,"write_char"
0046fc7e,write_string,77,1,"__errno write_char"
0046fccb,__output_s_l,2990,4,"_LocaleUpdate __aulldvrm __decode_pointer __errno __fileno __get_printf_count_output __invalid_parameter __isleadbyte_l __malloc_crt __security_check_cookie _free _strlen _wctomb_s write_char write_multi_char write_string"
004708a1,Constructor,31,3,""
004708c0,Destructor,40,1,""
004708e8,getNumberOfDimensions,99,0,""
0047094b,getTypeEncoding,1223,0,"getTypeEncoding"
00470f0b,UScore,30,1,""
00470f29,getMemory,136,3,"getMemory"
00470fc2,FUN_00470fc2,24,2,""
004710a9,getString,24,3,""
004710c1,operator|=,31,2,""
004710e0,FUN_004710e0,24,2,""
00471110,FUN_00471110,23,2,""
0047112f,FUN_0047112f,23,3,""
00471146,pDNameNode,42,2,""
0047119d,getString,25,3,"getString"
004711b6,DNameStatusNode,37,2,""
004711eb,make,134,1,""
00471271,pairNode,33,3,""
004712d9,getString,44,3,""
00471329,und_strncmp,42,3,""
00471353,UnDecorator,111,6,""
004713c2,getDataIndirectType,53,0,"getDataIndirectType"
004713f7,getThisType,54,0,"getDataIndirectType"
0047142d,operator_new,23,3,"getMemory"
00471444,getStringHelper,55,4,""
0047147b,DName,83,2,"getMemory pDNameNode"
004714ce,DName,69,2,"make"
00471513,getString,88,3,"getMemory getString"
0047156b,append,63,2,"getMemory pairNode"
004715aa,operator=,77,2,"getMemory pDNameNode"
004715f7,operator=,55,2,"make"
0047162e,operator+=,74,2,"getMemory"
00471678,operator[],64,2,"DName"
004716b8,pcharNode,87,3,"getMemory"
00471725,getString,29,3,"getStringHelper"
00471742,getString,41,3,"getStringHelper"
0047176b,getReturnType,49,1,"DName getDataType"
0047179c,getStorageConvention,19,0,"getDataIndirectType"
004717af,operator+=,66,2,"append make operator="
004717f1,doPchar,124,3,"getMemory operator= pcharNode"
0047186d,DName,45,2,"doPchar"
0047189a,DName,57,2,"doPchar"
004718d3,DName,191,3,"doPchar"
00471992,DName,110,2,"__aulldvrm __security_check_cookie doPchar"
00471a00,DName,155,2,"__aulldvrm __security_check_cookie doPchar"
00471a9b,operator+,36,2,"operator+="
00471abf,operator+=,67,2,"FUN_004710e0 append operator+="
00471b02,operator+=,103,2,"append getMemory operator+= operator= pDNameNode"
00471b69,operator=,45,2,"doPchar"
00471b96,operator=,53,2,"doPchar"
00471bcb,getCallingConvention,170,0,"DName UScore operator="
00471c75,getVCallThunkType,57,0,"DName DName"
00471cae,operator+,36,2,"operator+="
00471cd2,operator+,36,2,"operator+="
00471cf6,operator+=,82,2,"append getMemory operator="
00471d48,operator+=,100,2,"append getMemory operator= pcharNode"
00471dac,getArgumentList,258,0,"getPrimaryDataType operator+= operator+= operator+= operator+= operator= operator[]"
00471eae,getVdispMapType,84,1,"getScope operator+= operator+= operator+="
00471f02,operator+,36,2,"DName operator+"
00471f26,operator+,36,2,"DName operator+"
00471f4a,operator+,36,2,"DName operator+"
00471f6e,operator+,36,2,"operator+="
00471f92,operator+,36,2,"operator+="
00471fb6,getDimension,338,1,"DName DName DName __allmul operator+"
00472108,getEnumType,180,0,"DName operator+ operator="
004721dc,getArgumentTypes,220,0,"DName DName getArgumentList operator+"
004722b8,getThrowTypes,127,0,"DName getArgumentTypes operator+ operator+ operator+"
00472337,getExtendedDataIndirectType,381,3,"DName DName operator+ operator+ operator+= operator="
004724b4,getArrayType,378,1,"DName getBasicDataType getDimension getNumberOfDimensions getPrimaryDataType operator+ operator+ operator+ operator+ operator+ operator+= operator+="
0047262e,getLexicalFrame,51,0,"getDimension operator+ operator+"
00472661,getDisplacement,22,0,"getDimension"
00472677,FID_conflict:getGuardNumber,22,1,"getDimension"
0047268d,FID_conflict:getGuardNumber,22,1,"getDimension"
004726a3,getVfTableType,311,1,"FUN_004710e0 getDataIndirectType getScope operator+ operator+ operator+ operator+ operator+= operator+= operator+= operator+="
004727da,getStringEncoding,164,2,"DName DName getDimension"
0047287e,getSignedDimension,82,0,"DName getDimension operator+"
004728d0,getTemplateConstant,717,0,"DName DName DName __security_check_cookie _atol getDecoratedName getSignedDimension getString getZName operator+ operator+ operator+ operator+ operator+= operator+="
00472b9d,getPtrRefDataType,222,2,"DName getArrayType getBasicDataType operator+ operator+"
00472c7b,getVbTableType,23,1,"getVfTableType"
00472c92,getTemplateArgumentList,452,0,"__security_check_cookie _atol getPrimaryDataType getSignedDimension getString getTemplateConstant operator+ operator+ operator+= operator+= operator+= operator= operator[]"
00472e56,getOperatorName,1437,2,"DName DName getDataType getDecoratedName getDimension getOperatorName getSignedDimension getStringEncoding getSymbolName getTemplateArgumentList getZName operator+ operator+ operator+ operator+ operator+ operator+= operator+= operator+= operator="
004733f3,getTemplateName,327,1,"DName getOperatorName getTemplateArgumentList getZName operator+ operator+= operator+="
0047353a,getZName,502,2,"DName __security_check_cookie _atol getSignedDimension getString getTemplateName operator+ operator+ operator+= operator+= operator= operator= operator[] und_strncmp"
00473730,getScopedName,209,0,"DName FUN_004710e0 getScope getZName operator+ operator+ operator="
00473801,getECSUName,19,0,"getScopedName"
00473814,getECSUDataType,263,0,"DName getEnumType getScopedName operator+ operator+= operator="
0047391b,getSymbolName,74,0,"getOperatorName getTemplateName getZName"
00473965,getBasedType,152,0,"DName DName UScore getScopedName operator+= operator+= operator+="
004739fd,composeDeclaration,2971,1,"DName FID_conflict:getGuardNumber FID_conflict:getGuardNumber getArgumentTypes getBasedType getCallingConvention getDisplacement getExternalDataType getMemory getReturnType getThisType getThrowTypes getTypeEncoding getVCallThunkType getVdispMapType getVfTableType operator+ operator+ operator+ operator+ operator+ operator+ operator+= operator+= operator|="
00474598,getDecoratedName,536,0,"DName composeDeclaration getDataType getDecoratedName getScope getSymbolName operator+ operator+"
004747b0,getScope,624,0,"DName DName FUN_004710e0 getDecoratedName getLexicalFrame getOperatorName getZName operator+ operator+ operator+ operator+ operator+ operator+= operator="
00474a20,getFunctionIndirectType,852,1,"DName getArgumentTypes getBasedType getCallingConvention getMemory getReturnType getScope getThisType getThrowTypes operator+ operator+ operator+ operator+ operator+ operator+= operator|="
00474d74,getDataIndirectType,1223,4,"DName DName UScore getBasedType getExtendedDataIndirectType getScope operator+ operator+ operator+ operator+ operator+ operator+ operator+= operator+= operator= operator|="
0047523b,operator_char*,305,1,"getDecoratedName getString getTemplateName operator+ operator="
0047536c,getPtrRefType,249,3,"DName DName getDataIndirectType getFunctionIndirectType getPtrRefDataType operator+= operator+="
00475465,getPointerType,29,2,"getPtrRefType"
00475482,getPointerTypeArray,29,2,"getPtrRefType"
0047549f,getReferenceType,29,2,"getPtrRefType"
004754bc,___unDName,145,6,"Destructor FUN_0047554d UnDecorator __SEH_epilog4 __SEH_prolog4 __lock __mtinitlocknum operator_char*"
0047554d,FUN_0047554d,9,0,"FUN_00461ea8"
004755f0,getBasicDataType,916,1,"getBasicDataType getECSUDataType getPointerType getPtrRefType operator+ operator+ operator+ operator+= operator+= operator= operator="
004759a7,getPrimaryDataType,312,1,"DName getBasicDataType getDataIndirectType getFunctionIndirectType getPtrRefDataType getReferenceType operator+ operator+= operator="
00475adf,getDataType,192,1,"DName DName getDataIndirectType getPrimaryDataType operator+ operator+"
00475b9f,getExternalDataType,110,1,"FUN_004710e0 getDataIndirectType getDataType getMemory operator+ operator+"
00475c0d,__initp_misc_winsig,30,1,""
00475cc6,siglookup,55,1,""
00475cfd,___get_sigabrt,13,0,"__decode_pointer"
00475f59,_raise,411,1,"FUN_004760cd __SEH_epilog4 __SEH_prolog4 __decode_pointer __encoded_null __errno __exit __getptd_noexit __invalid_parameter __lock siglookup"
004760cd,FUN_004760cd,15,0,"FUN_00461ea8"
00476109,FUN_00476109,15,1,""
00476118,rand_s,264,1,"FreeLibrary GetLastError GetProcAddress InterlockedExchange LoadLibraryA __decode_pointer __encode_pointer __encoded_null __errno __get_errno_from_oserr __invalid_parameter"
00476220,___crtMessageBoxA,361,3,"GetProcAddress LoadLibraryA __decode_pointer __encode_pointer __encoded_null"
00476389,_strcat_s,116,3,"__errno __invalid_parameter"
004763fd,_strncpy_s,181,4,"__errno __invalid_parameter"
004764b2,__set_error_mode,75,1,"__errno __invalid_parameter"
004764fd,FUN_004764fd,15,1,""
00476520,__allmul,52,4,""
00476554,FUN_00476554,22,2,""
0047656a,__freea,32,1,"_free"
0047658a,strncnt,30,2,""
004765a8,__crtLCMapStringA_stat,933,9,"GetLastError LCMapStringA LCMapStringW MultiByteToWideChar WideCharToMultiByte ___ansicp ___convertcp __alloca_probe_16 __freea __security_check_cookie _free _malloc _memset"
0047694d,___crtLCMapStringA,69,9,"_LocaleUpdate __crtLCMapStringA_stat"
00476992,__crtGetStringTypeA_stat,442,8,"GetLastError GetStringTypeA GetStringTypeW MultiByteToWideChar ___ansicp ___convertcp __alloca_probe_16 __freea __security_check_cookie _free _malloc _memset"
00476b4c,___crtGetStringTypeA,66,7,"_LocaleUpdate __crtGetStringTypeA_stat"
00476bbd,__get_lc_time,1051,0,"___getlocaleinfo"
00476fd8,___free_lc_time,405,1,"_free"
0047716d,___init_time,121,1,"InterlockedDecrement ___free_lc_time __calloc_crt __get_lc_time _free"
00477219,___free_lconv_num,69,1,"_free"
0047725e,___init_numeric,458,1,"InterlockedDecrement ___free_lconv_num ___getlocaleinfo __calloc_crt __malloc_crt _free"
0047745b,___free_lconv_mon,142,1,"_free"
004774e9,___init_monetary,710,1,"InterlockedDecrement ___free_lconv_mon ___getlocaleinfo __calloc_crt __malloc_crt _free"
004777af,___init_ctype,930,1,"GetCPInfo InterlockedDecrement ___crtGetStringTypeA ___crtLCMapStringA ___getlocaleinfo __calloc_crt __malloc_crt __security_check_cookie _free _memcpy"
00477b51,____mb_cur_max_func,41,0,"___updatetlocinfo __getptd"
00477b7a,____mb_cur_max_l_func,28,1,"____mb_cur_max_func"
00477b96,____lc_codepage_func,38,0,"___updatetlocinfo __getptd"
00477c0b,__Getdays_l,250,1,"_LocaleUpdate __invoke_watson __malloc_crt _strcpy_s _strlen"
00477d14,__Getmonths_l,250,1,"_LocaleUpdate __invoke_watson __malloc_crt _strcpy_s _strlen"
00477e1d,__Gettnames_l,828,1,"_LocaleUpdate __invoke_watson __malloc_crt _memcpy _strcpy_s _strlen"
0047817d,_store_str,32,3,""
004781d3,_store_num,123,5,""
0047824e,_expandtime,1000,7,"FUN_0046a713 ___tzset __errno __invalid_parameter _store_num _store_str _store_winword"
00478636,_store_winword,1121,6,"GetTimeFormatA ___ascii_stricmp __alloca_probe_16 __freea __isleadbyte_l __security_check_cookie _expandtime _malloc"
00478a97,__Strftime_l,420,6,"_LocaleUpdate __errno __invalid_parameter __isleadbyte_l _expandtime"
00478c3b,__strftime_l,32,5,"__Strftime_l"
00478c5b,_strftime,31,4,"__Strftime_l"
00478c7a,__Strftime,32,5,"__Strftime_l"
00478cc0,_strcspn,70,2,""
00478d06,_TranslateName,98,3,"__stricmp"
00478d7c,_ProcessCodePage,164,1,"GetACP GetLocaleInfoA __security_check_cookie _atol _strcmp"
00478e20,_TestDefaultCountry,36,1,""
00478e44,_LcidFromHexString,52,2,""
00478e78,_GetPrimaryLen,27,2,""
00478e93,_CountryEnumProc@4,152,1,"GetLocaleInfoA _LcidFromHexString _TestDefaultCountry __getptd __security_check_cookie __stricmp"
00478f2b,_TestDefaultLanguage,116,3,"GetLocaleInfoA _GetPrimaryLen _LcidFromHexString __security_check_cookie _strlen"
00478f9f,_LangCountryEnumProc@4,466,1,"GetLocaleInfoA _LcidFromHexString _TestDefaultCountry _TestDefaultLanguage __getptd __security_check_cookie __stricmp __strnicmp _strlen"
00479171,_LanguageEnumProc@4,193,1,"GetLocaleInfoA _LcidFromHexString _TestDefaultLanguage __getptd __security_check_cookie __stricmp"
0047925e,_GetLcidFromLangCountry,103,0,"EnumSystemLocalesA _GetPrimaryLen _strlen"
004792c5,_GetLcidFromLanguage,60,0,"EnumSystemLocalesA _GetPrimaryLen _strlen"
00479301,___get_qualified_locale,492,3,"EnumSystemLocalesA GetLocaleInfoA GetUserDefaultLCID IsValidCodePage IsValidLocale _GetLcidFromLangCountry _GetLcidFromLanguage _ProcessCodePage _TranslateName __getptd __invoke_watson __itoa_s _strcpy_s _strlen"
0047aa68,_memcmp,5632,3,""
0047c0f0,_strpbrk,64,2,""
0047c130,__ZeroTail,73,2,""
0047c179,__IncMan,109,2,""
0047c1e6,__RoundMan,240,2,""
0047c2d6,__CopyMan,31,2,""
0047c2f5,FUN_0047c2f5,17,1,""
0047c306,__IsZeroMan,31,1,""
0047c325,__ShrMan,154,2,""
0047c3bf,__ld12cvt,1323,3,""
0047c8ea,__ld12tod,1348,2,""
0047ce2e,__ld12tof,1348,2,""
0047d372,__ld12told,199,2,""
0047d439,__forcdecpt_l,115,2,"_LocaleUpdate _isdigit _tolower"
0047d4ac,__cropzeros_l,130,2,"_LocaleUpdate"
0047d52e,__positive,28,1,""
0047d54a,__fassign_l,66,4,"FID_conflict:__atoflt_l FID_conflict:__atoflt_l"
0047d58c,__fassign,26,3,"__fassign_l"
0047d5a6,__shift,31,0,"_memmove _strlen"
0047d5c5,__forcdecpt,19,1,"__forcdecpt_l"
0047d5d8,__cropzeros,19,1,"__cropzeros_l"
0047d5eb,__cftoe2_l,364,6,"_LocaleUpdate __errno __invalid_parameter __invoke_watson __shift _memmove _strcpy_s"
0047d75a,__cftoe_l,208,6,"__cftoe2_l __errno __fltout2 __fptostr __invalid_parameter __security_check_cookie"
0047d82a,__cftoe,32,5,"__cftoe_l"
0047d84a,__cftoa_l,883,6,"_LocaleUpdate __alldvrm __aullshr __cftoe __errno __invalid_parameter _memset _strrchr"
0047dbbd,__cftoa,32,5,"__cftoa_l"
0047dbdd,__cftof2_l,247,5,"_LocaleUpdate __errno __invalid_parameter __shift _memset"
0047dcd4,__cftof_l,187,5,"__cftof2_l __errno __fltout2 __fptostr __invalid_parameter __security_check_cookie"
0047dd8f,__cftof,29,4,"__cftof_l"
0047ddac,__cftog_l,250,6,"__cftoe2_l __cftof2_l __errno __fltout2 __fptostr __invalid_parameter __security_check_cookie"
0047dea6,__cftog,32,5,"__cftog_l"
0047dec6,__cfltcvt_l,136,7,"__cftoa_l __cftoe_l __cftof_l __cftog_l"
0047df4e,__cfltcvt,35,6,"__cfltcvt_l"
0047df71,__setdefaultprecision,40,0,"__controlfp_s __invoke_watson"
0047df9c,__ms_p5_test_fdiv,62,0,""
0047dfda,__ms_p5_mp_test_fdiv,41,0,"GetModuleHandleA GetProcAddress __ms_p5_test_fdiv"
0047e003,___add_12,113,2,""
0047e074,___mtold12,462,3,"__security_check_cookie"
0047e242,__getenv_helper_nolock,135,1,"___wtomb_environ __mbsnbicoll _strlen"
0047e2c9,__getenv_s_helper,146,3,"__errno __getenv_helper_nolock __invalid_parameter __invoke_watson _strcpy_s _strlen"
0047e35e,__dupenv_s_helper,161,2,"__errno __getenv_helper_nolock __invalid_parameter __invoke_watson _calloc _strcpy_s _strlen"
0047e643,fastzero_I,79,2,""
0047e69a,__VEC_memzero,143,3,"__VEC_memzero fastzero_I"
0047e729,FUN_0047e729,45,0,"__SEH_epilog4 __SEH_prolog4"
0047e779,__get_sse2_info,98,0,"FUN_0047e729"
0047e7e8,__calloc_impl,272,3,"FUN_0047e8e4 HeapAlloc __SEH_epilog4 __SEH_prolog4 ___sbh_alloc_block __callnewh __errno __invalid_parameter __lock _memset"
0047e8e4,FUN_0047e8e4,9,0,"FUN_00461ea8"
0047e906,_realloc,524,2,"FUN_0047ea4a GetLastError HeapAlloc HeapReAlloc __SEH_epilog4 __SEH_prolog4 ___sbh_alloc_block ___sbh_find_block ___sbh_free_block ___sbh_resize_block __callnewh __errno __get_errno_from_oserr __lock _free _malloc _memcpy"
0047ea4a,FUN_0047ea4a,9,0,"FUN_00461ea8"
0047eb21,__recalloc,123,3,"__errno __invalid_parameter __msize _memset _realloc"
0047eb9c,__isalpha_l,86,2,"_LocaleUpdate __isctype_l"
0047ebf2,_isalpha,48,1,"__isalpha_l"
0047ec22,__isupper_l,81,2,"_LocaleUpdate __isctype_l"
0047ec73,_isupper,46,1,"__isupper_l"
0047eca1,__islower_l,81,2,"_LocaleUpdate __isctype_l"
0047ecf2,_islower,46,1,"__islower_l"
0047ed20,__isdigit_l,81,2,"_LocaleUpdate __isctype_l"
0047ed71,_isdigit,46,1,"__isdigit_l"
0047ed9f,__isxdigit_l,86,2,"_LocaleUpdate __isctype_l"
0047edf5,_isxdigit,48,1,"__isxdigit_l"
0047ee25,__isspace_l,81,2,"_LocaleUpdate __isctype_l"
0047ee76,_isspace,46,1,"__isspace_l"
0047eea4,__ispunct_l,81,2,"_LocaleUpdate __isctype_l"
0047eef5,_ispunct,46,1,"__ispunct_l"
0047ef23,__isalnum_l,86,2,"_LocaleUpdate __isctype_l"
0047ef79,_isalnum,48,1,"__isalnum_l"
0047efa9,__isprint_l,86,2,"_LocaleUpdate __isctype_l"
0047efff,_isprint,48,1,"__isprint_l"
0047f02f,__isgraph_l,86,2,"_LocaleUpdate __isctype_l"
0047f085,_isgraph,48,1,"__isgraph_l"
0047f0b5,__iscntrl_l,81,2,"_LocaleUpdate __isctype_l"
0047f106,_iscntrl,46,1,"__iscntrl_l"
0047f134,FUN_0047f134,18,1,""
0047f146,FUN_0047f146,13,1,""
0047f153,FID_conflict:__iscsym_l,35,2,"__isalpha_l"
0047f176,___iscsymf,31,1,"_isalpha"
0047f195,FID_conflict:__iscsym_l,35,2,"__isalnum_l"
0047f1b8,___iscsym,33,1,"_isalnum"
0047f1d9,__filbuf,299,1,"__errno __fileno __getbuf __invalid_parameter __read"
0047f304,__ungetc_nolock,241,2,"__errno __fileno __getbuf __invalid_parameter"
0047f467,__mbtowc_l,279,4,"MultiByteToWideChar _LocaleUpdate __errno __isleadbyte_l"
0047f57e,_mbtowc,26,3,"__mbtowc_l"
0047f598,FUN_0047f598,25,4,"GetLocaleInfoW"
0047f5b1,___crtGetLocaleInfoW,52,5,"GetLocaleInfoW _LocaleUpdate"
0047f5e5,__crtGetLocaleInfoA_stat,319,6,"GetLastError GetLocaleInfoA GetLocaleInfoW WideCharToMultiByte __alloca_probe_16 __freea __security_check_cookie _malloc"
0047f724,___crtGetLocaleInfoA,61,5,"_LocaleUpdate __crtGetLocaleInfoA_stat"
0047f761,FUN_0047f761,129,3,""
0047f7e8,__VEC_memcpy,227,3,"FUN_0047f761 __VEC_memcpy"
0047f8cb,x_ismbbtype_l,83,4,"_LocaleUpdate"
0047f91e,__ismbbkalnum_l,25,2,"x_ismbbtype_l"
0047f937,__ismbbkalnum,24,1,"x_ismbbtype_l"
0047f94f,__ismbbkprint_l,25,2,"x_ismbbtype_l"
0047f968,__ismbbkprint,24,1,"x_ismbbtype_l"
0047f980,__ismbbkpunct_l,25,2,"x_ismbbtype_l"
0047f999,__ismbbkpunct,24,1,"x_ismbbtype_l"
0047f9b1,__ismbbalnum_l,28,2,"x_ismbbtype_l"
0047f9cd,__ismbbalnum,27,1,"x_ismbbtype_l"
0047f9e8,__ismbbalpha_l,28,2,"x_ismbbtype_l"
0047fa04,__ismbbalpha,27,1,"x_ismbbtype_l"
0047fa1f,__ismbbgraph_l,28,2,"x_ismbbtype_l"
0047fa3b,__ismbbgraph,27,1,"x_ismbbtype_l"
0047fa56,__ismbbprint_l,28,2,"x_ismbbtype_l"
0047fa72,__ismbbprint,27,1,"x_ismbbtype_l"
0047fa8d,__ismbbpunct_l,25,2,"x_ismbbtype_l"
0047faa6,__ismbbpunct,24,1,"x_ismbbtype_l"
0047fabe,__ismbblead_l,25,2,"x_ismbbtype_l"
0047fad7,__ismbblead,24,1,"x_ismbbtype_l"
0047faef,__ismbbtrail_l,25,2,"x_ismbbtype_l"
0047fb08,__ismbbtrail,24,1,"x_ismbbtype_l"
0047fb20,__ismbbkana_l,85,2,"_LocaleUpdate x_ismbbtype_l"
0047fb75,__ismbbkana,19,1,"__ismbbkana_l"
0047fb88,__global_unwind2,32,1,"RtlUnwind"
0047fbed,__local_unwind2,132,2,"FUN_0047fcbc __NLG_Notify"
0047fc94,__NLG_Notify1,9,1,""
0047fc9d,__NLG_Notify,31,1,""
0047fcbc,FUN_0047fcbc,3,0,""
0047fcbf,__set_osfhnd,129,2,"SetStdHandle ___doserrno __errno"
0047fd40,__free_osfhnd,134,1,"SetStdHandle ___doserrno __errno"
0047fdc6,__get_osfhandle,119,1,"___doserrno __errno __invalid_parameter"
0047fe3d,___lock_fhandle,146,1,"EnterCriticalSection FUN_0047fed4 __SEH_epilog4 __SEH_prolog4 ___crtInitCritSecAndSpinCount __lock"
0047fed4,FUN_0047fed4,9,0,"FUN_00461ea8"
0047fedd,__unlock_fhandle,39,1,"LeaveCriticalSection"
004801b4,__putwch_nolock,197,1,"GetConsoleOutputCP GetLastError WideCharToMultiByte WriteConsoleA WriteConsoleW ___initconout __security_check_cookie"
00480360,__alloca_probe,43,0,""
0048042a,__flush,104,1,"__fileno __write"
00480492,__fflush_nolock,72,1,"__commit __fileno __flush flsall"
004804da,flsall,187,1,"FUN_0048057c FUN_004805ab __SEH_epilog4 __SEH_prolog4 __fflush_nolock __lock __lock_file2"
0048057c,FUN_0048057c,17,0,"__unlock_file2"
004805ab,FUN_004805ab,9,0,"FUN_00461ea8"
00480619,__stbuf,156,1,"FUN_0046f325 __fileno __isatty __malloc_crt"
004806b5,__ftbuf,52,2,"__flush"
004806e9,FID_conflict:_vprintf_helper,133,4,"FUN_0046f325 FUN_00480771 __SEH_epilog4 __SEH_prolog4 __errno __ftbuf __invalid_parameter __lock_file __stbuf"
00480771,FUN_00480771,8,0,"__unlock_file"
00480779,FID_conflict:__vwprintf_s_l,29,3,"FID_conflict:_vprintf_helper"
00480796,FID_conflict:__vwprintf_s_l,29,3,"FID_conflict:_vprintf_helper"
004807b3,FID_conflict:__vwprintf_s_l,29,3,"FID_conflict:_vprintf_helper"
004807d0,FID_conflict:_vprintf_s,28,2,"FID_conflict:_vprintf_helper"
004807ec,FID_conflict:_vprintf_s,28,2,"FID_conflict:_vprintf_helper"
00480808,FID_conflict:_vprintf_s,28,2,"FID_conflict:_vprintf_helper"
00480824,__iswctype_l,138,3,"_LocaleUpdate ___crtGetStringTypeW"
004808ae,_iswctype,118,2,"___crtGetStringTypeW __iswctype_l"
00480924,FUN_00480924,11,2,"_iswctype"
0048092f,___ansicp,73,1,"GetLocaleInfoA __security_check_cookie _atol"
00480978,___convertcp,436,6,"GetCPInfo MultiByteToWideChar WideCharToMultiByte __alloca_probe_16 __calloc_crt __freea __security_check_cookie _free _malloc _memset _strlen"
00480b30,__alloca_probe_16,22,0,"__alloca_probe"
00480b46,__alloca_probe_8,22,0,"__alloca_probe"
00480b5c,__strnicmp_l,242,4,"_LocaleUpdate ___ascii_strnicmp __errno __invalid_parameter __tolower_l"
00480c4e,__strnicmp,94,3,"___ascii_strnicmp __errno __invalid_parameter __strnicmp_l"
00480cac,xtoa_s,221,3,"__errno __invalid_parameter"
00480d89,__itoa_s,42,4,"xtoa_s"
00480db3,__ltoa_s,39,4,"xtoa_s"
00480dda,__ultoa_s,26,4,"xtoa_s"
00480df4,x64toa_s,248,7,"__aulldvrm __errno __invalid_parameter"
00480eec,__i64toa_s,53,4,"x64toa_s"
00480f21,__ui64toa_s,31,4,"x64toa_s"
00480f40,FID_conflict:__atoflt_l,168,3,"_LocaleUpdate ___strgtold12_l __ld12tod __security_check_cookie"
00480fe8,FID_conflict:__atodbl,23,2,"FID_conflict:__atoflt_l"
00480fff,__atoldbl_l,169,3,"_LocaleUpdate ___strgtold12_l __ld12told __security_check_cookie"
004810a8,__atoldbl,23,2,"__atoldbl_l"
004810bf,FID_conflict:__atoflt_l,168,3,"_LocaleUpdate ___strgtold12_l __ld12tof __security_check_cookie"
00481167,FID_conflict:__atodbl,23,2,"FID_conflict:__atoflt_l"
0048117e,__set_output_format,60,1,"__errno __invalid_parameter"
004811c0,__fptostr,191,4,"__errno __invalid_parameter _memmove _strlen"
0048127f,___dtold,189,2,""
0048133c,__fltout2,141,4,"$I10_OUTPUT ___dtold __invoke_watson __security_check_cookie _strcpy_s"
004813d0,__alldvrm,223,4,""
004814b0,__aullshr,31,2,""
004814cf,__controlfp_s,108,3,"__control87 __errno __invalid_parameter"
0048153b,__mbsnbicoll_l,238,4,"_LocaleUpdate ___crtCompareStringA __errno __invalid_parameter __strnicoll_l"
00481629,__mbsnbicoll,26,3,"__mbsnbicoll_l"
00481643,___wtomb_environ,151,0,"WideCharToMultiByte ___crtsetenv __calloc_crt _free"
004816da,_calloc,64,2,"__calloc_impl __errno"
0048171a,_strnlen,29,2,""
00481737,__read_nolock,1474,3,"GetLastError MultiByteToWideChar ReadFile ___doserrno __dosmaperr __errno __invalid_parameter __lseeki64_nolock __malloc_crt _free"
00481cf9,__read,243,3,"FUN_00481dec __SEH_epilog4 __SEH_prolog4 ___doserrno ___lock_fhandle __errno __invalid_parameter __read_nolock"
00481dec,FUN_00481dec,10,0,"__unlock_fhandle"
00481e15,___initconout,31,0,"CreateFileA"
00481e61,FUN_00481e61,26,1,""
00481e7b,__fclose_nolock,119,1,"__close __errno __fileno __flush __freebuf __invalid_parameter _free"
00481f6e,__commit,215,1,"FUN_00482045 FlushFileBuffers GetLastError __SEH_epilog4 __SEH_prolog4 ___doserrno ___lock_fhandle __errno __get_osfhandle __invalid_parameter"
00482045,FUN_00482045,10,0,"__unlock_fhandle"
0048204f,__crtGetStringTypeW_stat,35,7,"GetStringTypeW"
00482072,___crtGetStringTypeW,62,5,"GetStringTypeW _LocaleUpdate"
004820b0,___ascii_strnicmp,97,3,""
00482111,$I10_OUTPUT,2334,6,"__invoke_watson __security_check_cookie _strcpy_s"
00482a35,__set_controlfp,114,2,"__controlfp_s __invoke_watson"
00482aaa,__abstract_cw,159,1,""
00482b49,__hw_cw,142,0,""
00482bd7,FID_conflict:__abstract_sw,67,1,""
00482cba,___hw_cw_sse2,160,2,""
00482d5a,FID_conflict:__abstract_sw,67,1,""
00482da9,__statusfp,146,0,""
00482e73,___statusfp_sse2,59,0,"___get_fpsr_sse2"
00482eae,___clearfp_sse2,80,0,""
00482efe,___control87_sse2,374,2,"___hw_cw_sse2 ___set_fpsr_sse2"
00483074,__statusfp2,90,2,"___statusfp_sse2"
004830ce,__clearfp,217,0,""
004831a7,___control87_2,788,4,"___hw_cw_sse2 ___set_fpsr_sse2 __hw_cw"
004834bb,__control87,783,2,"___hw_cw_sse2 ___set_fpsr_sse2 __hw_cw"
004837ca,__controlfp,786,2,"___hw_cw_sse2 ___set_fpsr_sse2 __hw_cw"
00483adc,strncnt,30,2,""
00483afa,__crtCompareStringA_stat,880,8,"CompareStringA CompareStringW GetCPInfo GetLastError MultiByteToWideChar ___ansicp ___convertcp __alloca_probe_16 __freea __security_check_cookie _free _malloc strncnt"
00483e6a,___crtCompareStringA,66,8,"_LocaleUpdate __crtCompareStringA_stat"
00483eac,__strnicoll_l,250,4,"_LocaleUpdate ___crtCompareStringA __errno __invalid_parameter __strnicmp_l"
00483fa6,__strnicoll,41,3,"__strnicmp __strnicoll_l"
00483fcf,findenv,82,1,"__mbsnbicoll"
00484021,copy_environ,90,0,"__amsg_exit __calloc_crt __strdup"
0048407b,___crtsetenv,584,2,"SetEnvironmentVariableA ___wtomb_environ __calloc_crt __errno __invalid_parameter __invoke_watson __malloc_crt __mbschr __recalloc_crt _free _strcpy_s _strlen copy_environ findenv"
004842c6,__close_nolock,156,1,"CloseHandle GetLastError __dosmaperr __free_osfhnd __get_osfhandle"
00484362,__close,195,1,"FUN_00484425 __SEH_epilog4 __SEH_prolog4 ___doserrno ___lock_fhandle __close_nolock __errno __invalid_parameter"
00484425,FUN_00484425,10,0,"__unlock_fhandle"
0048442f,__freebuf,49,1,"_free"
00484460,__statfp,16,0,""
00484470,__clrfp,17,0,""
00484481,__ctrlfp,41,0,""
004844aa,FUN_004844aa,88,0,""
00484502,___get_fpsr_sse2,30,0,""
00484520,___set_fpsr_sse2,68,1,"__SEH_epilog4 __SEH_prolog4"
00484592,FUN_00484592,29,0,""
004845da,___ctrlfp_sse2,55,2,"___get_fpsr_sse2 ___set_fpsr_sse2"
00484611,___set_statfp_sse2,27,1,"___get_fpsr_sse2 ___set_fpsr_sse2"
0048462c,__strdup,82,1,"__invoke_watson _malloc _strcpy_s _strlen"
00484681,__mbschr_l,188,3,"_LocaleUpdate __errno __invalid_parameter _strchr"
0048473d,__mbschr,23,2,"__mbschr_l"
00484754,FUN_00484754,62,1,"FUN_00443230 FUN_0045fce4 __CxxThrowException@8"
00484793,FUN_00484793,11,1,""
0048479e,FUN_0048479e,27,4,"FUN_004432c0"
004847b9,FUN_004847b9,27,4,"FUN_004432f0"
004847d9,FUN_004847d9,31,4,"FUN_0048479e"
004847f8,FUN_004847f8,31,4,"FUN_004847b9"
00484817,FID_conflict:runtime_error,53,2,"__EH_epilog3 __EH_prolog3 basic_string<char,std::char_traits<char>,std::allocator<char>_> exception"
0048484c,FUN_0048484c,14,1,""
0048485a,FID_conflict:~logic_error,31,1,"FUN_00444bb0 ~exception"
00484879,FUN_00484879,33,2,"FID_conflict:~logic_error FUN_0045fd49"
0048489a,FUN_0048489a,29,2,"FID_conflict:runtime_error"
004848c2,FUN_004848c2,39,2,"FID_conflict:~logic_error FUN_0045fd49"
004848e9,FUN_004848e9,29,2,"FID_conflict:runtime_error"
00484911,FUN_00484911,39,2,"FID_conflict:~logic_error FUN_0045fd49"
00484938,FUN_00484938,29,2,"FID_conflict:runtime_error"
00484960,FUN_00484960,39,2,"FID_conflict:~logic_error FUN_0045fd49"
00484987,FUN_00484987,55,0,"FUN_004848e9 __CxxThrowException@8 __EH_prolog3 basic_string<>"
004849bf,basic_string<>,39,2,"FUN_00444b80 FUN_00444da0"
004849e6,FUN_004849e6,55,0,"FUN_00484938 __CxxThrowException@8 __EH_prolog3 basic_string<>"
00484a56,basic_string<char,std::char_traits<char>,std::allocator<char>_>,43,2,"FUN_00444aa0 FUN_00444da0"
00484a81,FID_conflict:runtime_error,58,2,"__EH_epilog3 __EH_prolog3 basic_string<char,std::char_traits<char>,std::allocator<char>_> exception"
00484abb,FUN_00484abb,29,2,"FID_conflict:runtime_error"
00484ad8,FUN_00484ad8,29,2,"FID_conflict:runtime_error"
00484af5,FUN_00484af5,29,2,"FID_conflict:runtime_error"
00484c3e,RtlUnwind,6,4,""
00484cda,_JumpToContinuation,45,2,""
00484d0c,_CallMemberFunction0,7,2,""
00484d13,FID_conflict:_CallMemberFunction1,7,2,""
00484d1a,FID_conflict:_CallMemberFunction1,7,2,""
00484d21,_UnwindNestedFrames,84,2,"RtlUnwind"
00484d75,FID_conflict:___CxxFrameHandler3,54,4,"___InternalCxxFrameHandler"
00484dab,FID_conflict:___CxxFrameHandler3,54,4,"___InternalCxxFrameHandler"
00484de1,FID_conflict:___CxxFrameHandler3,54,4,"___InternalCxxFrameHandler"
00484e17,___CxxLongjmpUnwind@4,31,1,"___FrameUnwindToState"
00484e36,CatchGuardHandler,51,4,"___InternalCxxFrameHandler __security_check_cookie"
00484e69,_CallSETranslator,215,7,"__getptd"
00484f40,TranslatorGuardHandler,154,4,"_CallSETranslator _UnwindNestedFrames ___InternalCxxFrameHandler __security_check_cookie"
00484fdf,_GetRangeOfTrysToCheck,117,5,"_inconsistency"
00485054,__CreateFrameInfo,44,2,"__getptd"
00485080,__IsExceptionObjectToBeDestroyed,39,1,"__getptd"
004850a7,__FindAndUnlinkFrame,82,1,"__getptd _inconsistency"
004850f9,_CallCatchBlock2,96,5,"__CallSettingFrame@12"
00485159,__EH_prolog3,51,1,""
0048518c,__EH_prolog3_catch,54,1,""
00485231,__EH_epilog3,20,0,""
00485263,bad_exception,30,2,"exception"
0048528c,FUN_0048528c,39,2,"FUN_0045fd49 ~exception"
004852b3,___TypeMatch,95,3,"_strcmp"
00485312,___FrameUnwindFilter,73,1,"__getptd terminate"
0048535b,___FrameUnwindToState,166,4,"FUN_00485421 __CallSettingFrame@12 __SEH_epilog4 __SEH_prolog4 __getptd _inconsistency"
00485421,FUN_00485421,27,0,"__getptd"
00485481,___DestructExceptionObject,67,1,"_CallMemberFunction0 __SEH_epilog4 __SEH_prolog4"
004854d6,___AdjustPointer,41,2,""
00485512,___CxxRegisterExceptionObject,183,2,"__CreateFrameInfo __getptd"
004855c9,___CxxDetectRethrow,82,1,"__getptd"
0048561b,___CxxUnregisterExceptionObject,319,2,"__FindAndUnlinkFrame __IsExceptionObjectToBeDestroyed ___DestructExceptionObject __getptd"
00485830,IsInExceptionSpec,123,2,"___TypeMatch _inconsistency terminate"
004858ab,FUN_004858ab,49,1,"FUN_00465b41 __EH_prolog3_catch __getptd _inconsistency terminate"
004858dc,Catch_All@004858dc,23,0,"__CxxThrowException@8 __getptd"
00485926,_is_exception_typeof,134,2,"FUN_0045ff7d _inconsistency _strcmp"
004859ac,CallCatchBlock,172,7,"FUN_00485ad2 _CallCatchBlock2 __CreateFrameInfo __SEH_epilog4 __SEH_prolog4 __getptd"
00485ad2,FUN_00485ad2,118,0,"__FindAndUnlinkFrame __IsExceptionObjectToBeDestroyed ___DestructExceptionObject __getptd"
00485b48,___BuildCatchObjectHelper,371,4,"FID_conflict:_ValidateExecute FID_conflict:_ValidateExecute _ValidateRead __SEH_epilog4 __SEH_prolog4 ___AdjustPointer _inconsistency _memmove"
00485cc7,___BuildCatchObject,133,4,"FID_conflict:_CallMemberFunction1 FID_conflict:_CallMemberFunction1 __SEH_epilog4 __SEH_prolog4 ___AdjustPointer ___BuildCatchObjectHelper"
00485d59,___CxxExceptionFilter,325,4,"___BuildCatchObject ___TypeMatch __getptd"
00485e9e,CatchIt,110,11,"CallCatchBlock _JumpToContinuation _UnwindNestedFrames ___BuildCatchObject ___FrameUnwindToState"
00485f0c,FindHandlerForForeignException,244,8,"CatchIt _CallSETranslator _GetRangeOfTrysToCheck __encoded_null __getptd _inconsistency"
00486000,FindHandler,839,8,"CatchIt FUN_004858ab FindHandlerForForeignException IsInExceptionSpec _GetRangeOfTrysToCheck _UnwindNestedFrames _ValidateRead __CxxThrowException@8 ___DestructExceptionObject ___FrameUnwindToState ___TypeMatch __getptd _inconsistency bad_exception operator== terminate"
00486347,FUN_00486347,29,2,"exception"
00486364,___InternalCxxFrameHandler,230,8,"FindHandler ___FrameUnwindToState __getptd"
00486450,__CallSettingFrame@12,76,3,"__NLG_Notify1"
0048649c,_ValidateRead,18,2,""
004864ae,FID_conflict:_ValidateExecute,18,1,""
004864c0,FID_conflict:_ValidateExecute,18,1,""
004864e0,FUN_004864e0,145,2,""
00486590,FUN_00486590,502,2,"___libm_error_support __ctrlfp __except1 __frnd __handle_qnan1 __sptype"
004866ca,FUN_004866ca,10,1,"__cintrindisp2"
00486740,FUN_00486740,79,0,"FUN_00486798 FUN_004883a0 FUN_004889e8"
00486798,FUN_00486798,174,2,"FUN_00488975 FUN_0048898c __math_exit __startOneArgErrorHandling"
00486890,FUN_00486890,79,0,"FUN_004868e8 FUN_004889e8 FUN_00488af0"
004868e8,FUN_004868e8,125,2,"FUN_0048898c __math_exit __startOneArgErrorHandling"
004869b0,FUN_004869b0,79,1,"FUN_00486a08 FUN_004889e8 FUN_00488de0"
004869ff,FUN_004869ff,9,1,"__fload_withFB"
00486a08,FUN_00486a08,149,2,"FUN_0048898c __math_exit __startOneArgErrorHandling"
00486aa0,FUN_00486aa0,20,0,"FUN_00486abd FUN_004889e8"
00486abd,FUN_00486abd,157,2,"FUN_00488975 FUN_0048898c __math_exit __startOneArgErrorHandling"
00486ba0,FUN_00486ba0,79,1,"FUN_00486bf8 FUN_004889e8 FUN_00489040"
00486bef,FUN_00486bef,9,1,"__fload_withFB"
00486bf8,FUN_00486bf8,145,2,"FUN_0048898c __math_exit __startOneArgErrorHandling"
00486c9a,FUN_00486c9a,10,1,"__cintrindisp2"
00486cf0,FUN_00486cf0,79,1,"FUN_00486d48 FUN_004889e8 FUN_004892a0"
00486d3f,FUN_00486d3f,9,1,"__fload_withFB"
00486d48,FUN_00486d48,158,2,"FUN_0048898c __math_exit __startOneArgErrorHandling"
00486dd9,___libm_setusermatherr,46,1,"__encode_pointer"
00486e07,___libm_error_support,636,4,"__decode_pointer __errno"
004870cb,FUN_004870cb,25,1,""
004871c0,__cintrindisp2,62,2,"FUN_0048728a __trandisp2"
004871fe,__cintrindisp1,61,2,"FUN_0048728a __trandisp1"
0048723b,__ctrandisp2,72,4,"FUN_00487283 __fload __trandisp2"
00487283,FUN_00487283,7,0,""
0048728a,FUN_0048728a,327,0,"__87except"
004873d1,__ctrandisp1,51,2,"FUN_00487283 __fload __trandisp1"
00487404,__fload,60,2,""
00487440,__trandisp1,103,2,""
004874a7,__trandisp2,140,2,""
00487603,FUN_00487603,7,0,""
00487e16,FUN_00487e16,518,3,""
0048801c,FUN_0048801c,178,0,"FUN_00487e16"
004883a0,FUN_004883a0,24,0,"FUN_004883be"
004883be,FUN_004883be,1334,1,"___libm_error_support"
00488900,FUN_00488900,23,8,""
00488917,__startOneArgErrorHandling,60,6,"__87except"
00488975,FUN_00488975,23,0,""
0048898c,FUN_0048898c,25,0,""
004889a5,__fload_withFB,67,2,""
004889e8,FUN_004889e8,22,2,""
00488a0b,__math_exit,42,5,"__startOneArgErrorHandling"
00488af0,FUN_00488af0,24,0,"FUN_00488b0e"
00488b0e,FUN_00488b0e,717,1,"___libm_error_support"
00488de0,FUN_00488de0,24,1,"FUN_00488dfe"
00488dfe,FUN_00488dfe,564,1,"FUN_004869ff"
00489040,FUN_00489040,24,1,"FUN_0048905e"
0048905e,FUN_0048905e,395,1,"FUN_00486bef"
0048925c,FUN_0048925c,9,0,""
004892a0,FUN_004892a0,24,1,"FUN_004892be"
004892be,FUN_004892be,425,1,"FUN_00486d3f"
00489468,FUN_00489468,3,0,""
0048946b,__raise_exc_ex,732,7,"RaiseException __clrfp __statfp"
00489747,__raise_exc,35,6,"__raise_exc_ex"
0048976a,__raise_excf,35,6,"__raise_exc_ex"
0048978d,__handle_exc,482,3,"FUN_004844aa FUN_00489df9"
0048996f,__set_errno_from_matherr,45,1,"__errno"
0048999c,__get_fname,38,1,""
004899c2,__errcode,52,1,""
004899f6,__umatherr,160,2,"FUN_00489468 __ctrlfp __set_errno_from_matherr"
00489a96,__handle_qnan1,85,2,"__ctrlfp __errno __umatherr"
00489aeb,__handle_qnan2,97,3,"__ctrlfp __errno __umatherr"
00489b4c,__except1,201,5,"__ctrlfp __errcode __handle_exc __raise_exc __security_check_cookie __set_errno_from_matherr __umatherr"
00489ced,__frnd,20,1,""
00489d01,__set_exp,44,2,""
00489d2d,FUN_00489d2d,24,2,""
00489d45,__add_exp,45,2,"__set_exp"
00489d72,__set_bexp,39,2,""
00489d99,__sptype,96,2,""
00489df9,FUN_00489df9,185,3,"__set_exp"
00489eb2,__87except,319,3,"FUN_00489468 __ctrlfp __handle_exc __raise_exc __security_check_cookie __set_errno_from_matherr"
0048a000,Unwind@0048a000,8,0,"~exception"
0048a023,Unwind@0048a023,8,0,"FUN_00444a30"
0048a046,Unwind@0048a046,8,0,"FUN_00444a30"
0048a069,Unwind@0048a069,8,0,"FUN_00444a30"
0048a08c,Unwind@0048a08c,8,0,"~exception"
0048a0d0,Unwind@0048a0d0,11,0,"FUN_0045fd49"
0048a110,Unwind@0048a110,11,0,"FUN_0045fd49"
0048a150,Unwind@0048a150,8,0,"FUN_00456b20"
0048a158,Unwind@0048a158,11,0,"FUN_00456b20"
0048a1a0,Unwind@0048a1a0,11,0,"FUN_0045fd49"
0048a1d0,Unwind@0048a1d0,11,0,"FUN_00459410"
0048a200,Unwind@0048a200,11,0,"FUN_00402170"
0048a20b,Unwind@0048a20b,14,0,"FUN_00402170"
0048a240,Unwind@0048a240,11,0,"FUN_00444a30"
0048a270,Unwind@0048a270,8,0,"FUN_00441d20"
0048a2a0,Unwind@0048a2a0,8,0,"FUN_00441d20"
0048a2d0,Unwind@0048a2d0,11,0,"FUN_00402170"
0048a300,Unwind@0048a300,11,0,"FUN_0045fd49"
0048a330,Unwind@0048a330,24,0,"`eh_vector_destructor_iterator'"
0048a370,Unwind@0048a370,11,0,"FUN_00402170"
0048a37b,Unwind@0048a37b,14,0,"FUN_00402170"
0048a3b0,Unwind@0048a3b0,11,0,"FUN_00402170"
0048a3bb,Unwind@0048a3bb,14,0,"FUN_00402170"
0048a3f0,Unwind@0048a3f0,25,0,"`eh_vector_destructor_iterator'"
0048a409,Unwind@0048a409,27,0,"`eh_vector_destructor_iterator'"
0048a440,Unwind@0048a440,25,0,"`eh_vector_destructor_iterator'"
0048a480,Unwind@0048a480,27,0,"`eh_vector_destructor_iterator'"
0048a4c0,Unwind@0048a4c0,30,0,"`eh_vector_destructor_iterator'"
0048a4de,Unwind@0048a4de,14,0,"FUN_00402170"
0048a4ec,Unwind@0048a4ec,27,0,"`eh_vector_destructor_iterator'"
0048a530,Unwind@0048a530,28,0,"`eh_vector_destructor_iterator'"
0048a570,Unwind@0048a570,14,0,"FUN_00459410"
0048a5a0,Unwind@0048a5a0,11,0,"FUN_0045fd49"
0048a5d0,Unwind@0048a5d0,28,0,"`eh_vector_destructor_iterator'"
0048a610,Unwind@0048a610,27,0,"`eh_vector_destructor_iterator'"
0048a62b,Unwind@0048a62b,27,0,"`eh_vector_destructor_iterator'"
0048a670,Unwind@0048a670,11,0,"FUN_00459410"
0048a67b,Unwind@0048a67b,11,0,"FUN_00402170"
0048a6b0,Unwind@0048a6b0,25,0,"`eh_vector_destructor_iterator'"
0048a6c9,Unwind@0048a6c9,27,0,"`eh_vector_destructor_iterator'"
0048a6e4,Unwind@0048a6e4,27,0,"`eh_vector_destructor_iterator'"
0048a6ff,Unwind@0048a6ff,14,0,"FUN_00402170"
0048a730,Unwind@0048a730,8,0,"FUN_0040ff10"
0048a760,Unwind@0048a760,11,0,"FUN_00402170"
0048a790,Unwind@0048a790,30,0,"`eh_vector_destructor_iterator'"
0048a7ae,Unwind@0048a7ae,14,0,"FUN_00402170"
0048a7bc,Unwind@0048a7bc,27,0,"`eh_vector_destructor_iterator'"
0048a800,Unwind@0048a800,14,0,"FUN_00459410"
0048a830,Unwind@0048a830,14,0,"FUN_0045fd49"
0048a83e,Unwind@0048a83e,14,0,"FUN_0045fd49"
0048a870,Unwind@0048a870,11,0,"FUN_0045fd49"
0048a8a0,Unwind@0048a8a0,11,0,"FUN_0045fd49"
0048a8d0,Unwind@0048a8d0,11,0,"FUN_0045fd49"
0048a900,Unwind@0048a900,11,0,"FUN_0045fd49"
0048a930,Unwind@0048a930,11,0,"FUN_0045fd49"
0048a960,Unwind@0048a960,11,0,"FUN_0045fd49"
0048a990,Unwind@0048a990,11,0,"FUN_00459410"
0048a99b,Unwind@0048a99b,14,0,"FUN_00402170"
0048a9d0,Unwind@0048a9d0,11,0,"FUN_0045fd49"
0048aa00,Unwind@0048aa00,11,0,"FUN_0045fd49"
0048aa30,Unwind@0048aa30,11,0,"FUN_0045fd49"
0048aa60,Unwind@0048aa60,11,0,"FUN_0045fd49"
0048aa90,Unwind@0048aa90,14,0,"FUN_0045fd49"
0048aad0,Unwind@0048aad0,11,0,"FUN_0045fd49"
0048ab00,Unwind@0048ab00,11,0,"FUN_0045fd49"
0048ad40,FUN_0048ad40,23,0,"FUN_00459430"
0048ad60,FUN_0048ad60,20,0,"`eh_vector_destructor_iterator'"
0048ad80,FUN_0048ad80,23,0,"FUN_00459430"
0048ada0,thunk_FUN_00443560,5,0,"FUN_00443560"
0048adb0,FUN_0048adb0,23,0,"FUN_00459430"
0048add0,FUN_0048add0,10,0,"FUN_00448f20"
0048ade0,FUN_0048ade0,13,0,"FUN_004416c0"
0048adf0,FUN_0048adf0,1,0,""
0048ae00,FUN_0048ae00,1,0,""
