entry,name,size,params,callees
00401000,FUN_00401000,135,1,""
00401090,FUN_00401090,24,1,"FUN_00401700"
004010b0,FUN_004010b0,59,1,"FUN_00401920"
004010f0,FUN_004010f0,394,1,"FUN_00401c10 FUN_00439e30"
00401280,FUN_00401280,213,0,"FUN_00418a20 FUN_00418b30"
00401360,FUN_00401360,131,1,"FUN_004010f0 FUN_00423430 FUN_004432e0"
004013f0,FUN_004013f0,39,0,"FUN_00443980"
00401420,FUN_00401420,35,0,"FUN_00419160"
00401450,FUN_00401450,224,3,""
00401530,FUN_00401530,221,3,""
00401610,FUN_00401610,68,3,"FUN_00401450 _vsprintf"
00401660,FUN_00401660,146,3,"FUN_00401530 _vsprintf"
00401700,FUN_00401700,536,1,"FUN_00401b70 FUN_0043f2f0 FUN_0043f4a0"
00401920,FUN_00401920,577,1,"FUN_00401b70 FUN_0043f2f0 FUN_0043f4a0 FUN_0043f760"
00401b70,FUN_00401b70,108,2,"FUN_00425aa0"
00401be0,`vector_constructor_iterator',35,4,""
00401c10,FUN_00401c10,280,1,""
00401d30,FUN_00401d30,384,1,"FUN_00401eb0"
00401eb0,FUN_00401eb0,90,1,"FUN_00401f10"
00401f10,FUN_00401f10,243,1,""
00402010,FUN_00402010,168,1,"_free"
004020c0,FUN_004020c0,389,1,"FUN_00412180 `eh_vector_constructor_iterator'"
00402250,FUN_00402250,216,1,"FUN_00402c50 FUN_0041b280"
00402330,FUN_00402330,366,1,"FUN_00412180 FUN_00419160 FUN_00443980 FUN_00445270 _free `eh_vector_destructor_iterator'"
004024a0,FUN_004024a0,374,0,"FUN_004020c0 FUN_00402250 FUN_00402330 FUN_00418a20 FUN_00418b30 FUN_004190b0 _free operator_new"
00402620,FUN_00402620,95,1,"FUN_00402330 _free"
00402680,FUN_00402680,206,1,"FUN_00402e90 FUN_00403440 FUN_0043a600 thunk_FUN_00458646"
00402750,FUN_00402750,566,1,"FUN_00402f60 FUN_00404b10 FUN_004254d0 FUN_00425520 FUN_00425570 FUN_0043f2f0 FUN_004452d0"
00402990,FUN_00402990,490,1,"FUN_00425570 FUN_0043f2f0 FUN_004452d0 FUN_00485664"
00402b80,FUN_00402b80,107,1,"FUN_00402680"
00402bf0,FUN_00402bf0,45,1,"FUN_00402750"
00402c20,FUN_00402c20,45,1,"FUN_00402990"
00402c50,FUN_00402c50,36,2,"FUN_00402c80"
00402c80,FUN_00402c80,523,2,"FUN_00404b80 FUN_0041a960 FUN_0041b0f0 FUN_004432e0 _malloc"
00402e90,FUN_00402e90,208,1,"FUN_0043a600"
00402f60,FUN_00402f60,565,2,"FUN_00401b70 FUN_004031a0 FUN_004254d0 FUN_00425520 FUN_004415a0"
004031a0,FUN_004031a0,658,3,"FUN_004857a0"
00403440,FUN_00403440,5129,1,"FUN_004048b0 FUN_00404b80 FUN_0041b8a0 FUN_00485664 FUN_00485860 FUN_00485910"
004048b0,FUN_004048b0,152,5,""
00404950,FUN_00404950,209,3,"FUN_00404b80"
00404a30,FUN_00404a30,143,1,"FUN_00445060"
00404ac0,FUN_00404ac0,66,1,"FUN_004451b0"
00404b10,FUN_00404b10,108,2,"FUN_00425910"
00404b80,FUN_00404b80,222,3,"FUN_00401c10 FUN_0043a0c0"
00404c60,FUN_00404c60,21,1,""
00404c80,FUN_00404c80,127,1,"FUN_00412180 `eh_vector_constructor_iterator'"
00404d00,FUN_00404d00,185,1,"FUN_00401eb0"
00404dc0,FUN_00404dc0,52,1,"_free"
00404e00,FUN_00404e00,98,1,"FUN_0041b0f0 FUN_004432e0"
00404e70,FUN_00404e70,52,0,"FUN_0041b0f0 FUN_004432e0"
00404eb0,FUN_00404eb0,20,0,"FUN_00443980"
00404ed0,FUN_00404ed0,167,1,"FUN_00412180 FUN_00419160 FUN_00445270 `eh_vector_destructor_iterator'"
00404f80,FUN_00404f80,316,0,"FUN_00404c80 FUN_00404e00 FUN_00404ed0 FUN_00418a20 FUN_00418b30 FUN_004190b0 _free operator_new"
004050c0,FUN_004050c0,95,1,"FUN_00404ed0 _free"
00405120,FUN_00405120,1835,1,"FUN_00405850 FUN_004062b0 FUN_00406d80 FUN_00406e20 FUN_00406f90 FUN_00407050 FUN_004071a0 FUN_004072e0 FUN_00407440 FUN_00407620 FUN_004076e0 FUN_0041b830 FUN_0041b8a0 FUN_00430450 FUN_0043a600"
00405850,FUN_00405850,107,1,""
004058c0,FUN_004058c0,56,1,"FUN_00405900"
00405900,FUN_00405900,180,2,"FUN_004186d0 FUN_0041b500 FUN_004415a0"
004059c0,FUN_004059c0,62,1,"FUN_00405120"
00405a00,FUN_00405a00,45,1,"FUN_004058c0"
00405a30,FUN_00405a30,2133,5,"FUN_00404b80 FUN_004062b0 FUN_0041b4a0 FUN_0041b500 FUN_0043a600 FUN_00441da0"
004062b0,FUN_004062b0,2479,1,"FUN_00404b80 FUN_00406cc0 FUN_004077a0 FUN_00438f20 FUN_00439030 FUN_00441da0"
00406cc0,FUN_00406cc0,181,2,"FUN_00405a30 FUN_004303e0 FUN_00439030"
00406d80,FUN_00406d80,145,1,"FUN_0041b8a0 FUN_00441da0"
00406e20,FUN_00406e20,354,1,"FUN_0041b8a0 FUN_004859ca"
00406f90,FUN_00406f90,185,1,"FUN_0041b500 FUN_0041b8a0 FUN_00441da0"
00407050,FUN_00407050,326,1,"FUN_0041b8a0 FUN_00438f20 FUN_00441da0"
004071a0,FUN_004071a0,320,1,"FUN_0041b8a0 FUN_00438f20 FUN_00441da0"
004072e0,FUN_004072e0,351,1,"FUN_0041b500 FUN_0041b8a0 FUN_004303e0 FUN_00438f20 FUN_00441da0"
00407440,FUN_00407440,469,1,"FUN_0041b500 FUN_00438f20 FUN_00441da0"
00407620,FUN_00407620,182,1,"FUN_0041b830"
004076e0,FUN_004076e0,182,1,"FUN_0041b830"
004077a0,FUN_004077a0,116,1,""
00407820,FUN_00407820,1122,3,"FUN_00438f20"
00407c90,FUN_00407c90,1300,1,"FUN_00405850 FUN_0041d460 FUN_00445060 FUN_00445110"
004081b0,FUN_004081b0,102,1,"FUN_004077a0"
00408220,FUN_00408220,1006,3,"FUN_00412180"
00408610,FUN_00408610,90,1,"FUN_00412180"
00408670,FUN_00408670,226,2,"FUN_00443dd0 FUN_00445060 FUN_00445110"
00408760,FUN_00408760,104,1,"FUN_00412180 FUN_00419160 FUN_004451b0"
004087d0,FUN_004087d0,115,1,"FUN_00445170"
00408850,FUN_00408850,314,1,"FUN_00408610 FUN_00408670 FUN_00408760 FUN_00418a20 FUN_00418b30 FUN_004190b0 _free operator_new"
00408990,FUN_00408990,95,1,"FUN_00408760 _free"
004089f0,FUN_004089f0,594,1,"FUN_0041b8a0 FUN_00445110 FUN_00485664"
00408c50,FUN_00408c50,16,0,""
00408c60,FUN_00408c60,72,2,"FUN_004089f0"
00408cb0,FUN_00408cb0,45,0,"FUN_00408c50"
00408ce0,FUN_00408ce0,247,2,"FUN_0041a960 FUN_0041b0f0"
00408de0,FUN_00408de0,140,3,""
00408e70,FUN_00408e70,27091,2,"FUN_00404a30 FUN_00404ac0 FUN_00406cc0 FUN_004081b0 FUN_004087d0 FUN_00408850 FUN_00408990 FUN_00408de0 FUN_0040fae0 FUN_00410300 FUN_004105a0 FUN_00410db0 FUN_00411150 FUN_00411390 FUN_00411700 FUN_004117f0 FUN_00411a00 FUN_00411f70 FUN_00412060 FUN_00412190 FUN_00412200 FUN_00412670 FUN_00412970 FUN_00413030 FUN_00415820 FUN_00416320 FUN_00416dd0 FUN_0041b410 FUN_0041b470 FUN_0041b4a0 FUN_0041b500 FUN_0041b830 FUN_0041b8a0 FUN_0041dbd0 FUN_0041e010 FUN_004303e0 FUN_00438f20 FUN_00439030 FUN_0043a0c0 FUN_004411d0 FUN_00445060 FUN_00445110 FUN_004451b0 FUN_004857a0 FUN_00485860 FUN_00485910 FUN_004859ca FUN_004859ea _free _malloc"
0040fae0,FUN_0040fae0,1731,2,"FUN_0041b470 FUN_0041b4a0 FUN_0041b4d0 FUN_004303e0 FUN_00485664 FUN_004857a0"
00410300,FUN_00410300,487,4,""
004105a0,FUN_004105a0,1708,2,"FUN_0041b470 FUN_0041b4a0 FUN_0041b4d0 FUN_004303e0 FUN_00485664 FUN_004857a0"
00410db0,FUN_00410db0,686,4,"FUN_00485664"
00411150,FUN_00411150,564,2,"FUN_0040fae0 FUN_004105a0 FUN_0041b500 FUN_00485860 FUN_00485910"
00411390,FUN_00411390,519,2,"FUN_0040fae0 FUN_004105a0"
004115a0,FUN_004115a0,89,3,"FUN_004105a0 FUN_00410db0"
00411600,FUN_00411600,256,3,"FUN_004105a0 FUN_00410db0"
00411700,FUN_00411700,230,2,"FUN_004105a0 FUN_00410db0"
004117f0,FUN_004117f0,520,2,"FUN_0040fae0 FUN_004105a0"
00411a00,FUN_00411a00,1334,2,"FUN_0040fae0 FUN_004105a0"
00411f70,FUN_00411f70,228,3,"FUN_00408de0"
00412060,FUN_00412060,281,1,"FUN_00412180 _free"
00412180,FUN_00412180,5,0,""
00412190,FUN_00412190,112,7,""
00412200,FUN_00412200,645,2,"FUN_0040fae0 FUN_004105a0 FUN_00412490 FUN_0041b4a0 FUN_0041b500"
00412490,FUN_00412490,471,2,"FUN_0040fae0 FUN_004105a0 FUN_00485860 FUN_00485910"
00412670,FUN_00412670,756,2,"FUN_00406cc0 FUN_0040fae0 FUN_004105a0"
00412970,FUN_00412970,1695,1,"FUN_0041b500 FUN_0041b830 FUN_00441da0 FUN_004859ca"
00413030,FUN_00413030,837,1,"FUN_00412670 FUN_0041b8a0 FUN_0043a0c0"
00413380,FUN_00413380,136,1,"FUN_00438f20 FUN_00445060"
00413410,FUN_00413410,140,0,"FUN_004156c0"
004134a0,FUN_004134a0,378,1,"FUN_00404b80 FUN_00404c60 FUN_00441da0 FUN_00445110"
00413620,FUN_00413620,293,0,"FUN_00404b80 FUN_00404c60 FUN_00441da0 FUN_00445110"
00413750,FUN_00413750,575,1,"FUN_00404b80 FUN_00404c60 FUN_0043a600 FUN_00441da0 FUN_00445110"
00413990,FUN_00413990,264,1,""
00413aa0,FUN_00413aa0,237,1,"FUN_004186d0 FUN_00445110"
00413b90,FUN_00413b90,341,1,"FUN_004186d0 FUN_00441da0 FUN_00445110"
00413cf0,FUN_00413cf0,164,1,"FUN_00445060 FUN_004452f0 FUN_00445360"
00413da0,FUN_00413da0,79,1,"FUN_00436dd0"
00413df0,FUN_00413df0,404,1,"FUN_00404b80 FUN_0041dbd0"
00413f90,FUN_00413f90,34,1,""
00413fc0,FUN_00413fc0,92,0,"FUN_00445110"
00414020,FUN_00414020,102,0,"FUN_00445110"
00414090,FUN_00414090,404,1,"FUN_00404b80 FUN_0041dbd0"
00414230,FUN_00414230,45,0,""
00414260,FUN_00414260,45,0,""
00414290,FUN_00414290,404,1,"FUN_00404b80 FUN_0041dbd0"
00414430,FUN_00414430,161,0,"FUN_00438f20 FUN_0043a600 FUN_00445110"
004144e0,FUN_004144e0,151,0,"FUN_00438f20 FUN_0043a600 FUN_00445110"
00414580,FUN_00414580,938,1,"FUN_0041b4a0 FUN_004339f0 FUN_00438f20 FUN_0043a600 FUN_00445110"
00414930,FUN_00414930,183,1,"FUN_00441da0"
004149f0,FUN_004149f0,316,0,"FUN_00414b90 FUN_004153d0 FUN_004154e0 FUN_00418a20 FUN_00418b30 FUN_004190b0 _free operator_new"
00414b30,FUN_00414b30,95,1,"FUN_004154e0 _free"
00414b90,FUN_00414b90,1196,1,"FUN_00412180 FUN_00415040 `eh_vector_constructor_iterator'"
00415040,FUN_00415040,641,1,"FUN_00401eb0 FUN_00415310"
004152d0,FUN_004152d0,52,1,"_free"
00415310,FUN_00415310,181,1,""
004153d0,FUN_004153d0,260,1,"FUN_00408ce0 FUN_0041b0f0 FUN_004432e0 operator_new"
004154e0,FUN_004154e0,480,1,"FUN_00412180 FUN_00419160 FUN_00443980 FUN_00445270 _free _free `eh_vector_destructor_iterator'"
004156c0,FUN_004156c0,350,7,"FUN_00408de0 FUN_00408e70 FUN_00416e80"
00415820,FUN_00415820,336,7,"FUN_00408de0 FUN_00408e70 FUN_00416e80"
00415970,FUN_00415970,1853,1,"FUN_00408e70 FUN_004160b0 FUN_00416320 FUN_004163f0 FUN_00416770 FUN_00416e80 FUN_00416f30 FUN_004186d0 FUN_0041b830 FUN_0041b8a0 FUN_00430450 FUN_0043a600 FUN_00445060 FUN_00445110 FUN_004451b0 FUN_004451f0 FUN_00445230"
004160b0,FUN_004160b0,308,1,""
004161f0,FUN_004161f0,56,1,"FUN_00416230"
00416230,FUN_00416230,93,2,"FUN_004186d0 FUN_004415a0"
00416290,FUN_00416290,81,1,"FUN_00415970"
004162f0,FUN_004162f0,45,1,"FUN_004161f0"
00416320,FUN_00416320,208,1,""
004163f0,FUN_004163f0,818,1,"FUN_004156c0 FUN_0041b4a0 FUN_0041b830 FUN_0041b8a0"
00416770,FUN_00416770,101,1,"FUN_0041b830"
004167e0,FUN_004167e0,48,1,"FUN_00408de0"
00416810,FUN_00416810,188,1,"FUN_00408de0 FUN_00416e80"
004168d0,FUN_004168d0,1274,3,"FUN_00408de0 FUN_0041d460"
00416dd0,FUN_00416dd0,92,1,"FUN_00416e80"
00416e30,FUN_00416e30,73,1,"FUN_004167e0"
00416e80,FUN_00416e80,175,1,"FUN_004451b0 _free"
00416f30,FUN_00416f30,309,1,"FUN_00408de0 _free"
00417070,FUN_00417070,121,1,"FUN_00412180 `eh_vector_constructor_iterator'"
004170f0,FUN_004170f0,521,1,"FUN_00404b80 FUN_0041b0f0 FUN_004432e0 FUN_00444ef0 FUN_00445330"
00417300,FUN_00417300,52,0,"FUN_0041b0f0 FUN_004432e0"
00417340,FUN_00417340,20,0,"FUN_00443980"
00417360,FUN_00417360,161,1,"FUN_00412180 FUN_00419160 FUN_00445270 `eh_vector_destructor_iterator'"
00417410,FUN_00417410,316,0,"FUN_00417070 FUN_004170f0 FUN_00417360 FUN_00418a20 FUN_00418b30 FUN_004190b0 _free operator_new"
00417550,FUN_00417550,95,1,"FUN_00417360 _free"
004175b0,FUN_004175b0,873,1,"FUN_00439e30 FUN_0043a600 FUN_00485664"
00417920,FUN_00417920,80,1,"FUN_004452d0"
00417970,FUN_00417970,45,1,"FUN_004175b0"
004179a0,FUN_004179a0,45,1,"FUN_00417920"
004179d0,FUN_004179d0,148,1,"FUN_00412180 FUN_00418720"
00417a70,FUN_00417a70,682,1,"FUN_004024a0 FUN_00404f80 FUN_00412180 FUN_004149f0 FUN_00417410 FUN_0041aba0 FUN_0041ccc0 FUN_0041d790 FUN_004251f0 FUN_00426a50 FUN_0042abc0 FUN_0042efb0 FUN_004345b0 _sprintf"
00417d20,FUN_00417d20,335,0,"FUN_00417a70 FUN_004252f0 FUN_00425730 FUN_004257e0 Sleep"
00417e70,FUN_00417e70,271,1,"FUN_00402620 FUN_004050c0 FUN_00408990 FUN_00412180 FUN_00414b30 FUN_00417550 FUN_00419160 FUN_0041ce00 FUN_0041d8d0 FUN_00425390 FUN_00426b90 FUN_0042ad00 FUN_0042f130 FUN_004347d0"
00417f80,FUN_00417f80,284,1,"FUN_004179d0 FUN_00418a20 FUN_00418b30 FUN_004190b0 FUN_004255b0 operator_new"
004180a0,FUN_004180a0,95,1,"FUN_00417e70 _free"
00418100,FUN_00418100,790,1,"FUN_00416e30 FUN_0041b830 FUN_0041b8a0 FUN_00425640 FUN_00438f20 FUN_0043a600 FUN_004452f0"
00418420,FUN_00418420,617,1,"FUN_00401660 FUN_00485664"
00418690,FUN_00418690,19,1,"FUN_00418100"
004186b0,FUN_004186b0,19,1,"FUN_00418420"
004186d0,FUN_004186d0,71,2,""
00418720,FUN_00418720,471,1,""
00418900,FUN_00418900,99,1,""
00418970,FUN_00418970,82,1,""
004189d0,FUN_004189d0,78,1,"FUN_00418900"
00418a20,FUN_00418a20,260,3,"EnterCriticalSection LeaveCriticalSection"
00418b30,FUN_00418b30,263,3,"EnterCriticalSection LeaveCriticalSection"
00418c40,FUN_00418c40,315,1,"EnterCriticalSection FUN_004191d0 LeaveCriticalSection"
00418da0,FUN_00418da0,314,1,"EnterCriticalSection FUN_004191d0 LeaveCriticalSection"
00418f00,FUN_00418f00,381,2,"FUN_00418900 FUN_00418970 FUN_00419160 _free operator_new"
00419080,FUN_00419080,48,1,"FUN_00418f00 FUN_00425640"
004190b0,FUN_004190b0,161,1,"FUN_00418900 operator_new"
00419160,FUN_00419160,97,2,"EnterCriticalSection FUN_004191d0 LeaveCriticalSection"
004191d0,FUN_004191d0,458,2,"EnterCriticalSection FUN_00418970 LeaveCriticalSection _free"
004193a0,FUN_004193a0,101,0,"FUN_0041b0f0 joyGetDevCapsA joyGetPosEx"
00419410,FUN_00419410,1030,3,"FUN_00412180 FUN_00419820 FUN_004198a0 joyGetPosEx"
00419820,FUN_00419820,118,4,""
004198a0,FUN_004198a0,111,4,""
00419910,FUN_00419910,460,1,"FUN_00412180 joyGetPosEx"
00419ae0,FUN_00419ae0,2662,1,"FUN_00419410 GetKeyboardState"
0041a550,FUN_0041a550,110,0,"GetKeyboardState SetKeyboardState"
0041a5c0,FUN_0041a5c0,464,6,"_free _malloc"
0041a790,FUN_0041a790,464,6,"_free _malloc"
0041a960,FUN_0041a960,576,3,"CloseHandle CreateFileA EnterCriticalSection FUN_00412180 FUN_004550f0 FUN_004552c0 GetFileSize LeaveCriticalSection ReadFile _malloc _strrchr"
0041aba0,FUN_0041aba0,175,1,"CloseHandle CreateFileA EnterCriticalSection LeaveCriticalSection"
0041ac50,FUN_0041ac50,362,3,"CloseHandle CreateFileA EnterCriticalSection FUN_00412180 FormatMessageA GetLastError LeaveCriticalSection LocalFree WriteFile"
0041adc0,FUN_0041adc0,214,1,"CreateFileA EnterCriticalSection FUN_00412180 FormatMessageA GetLastError LeaveCriticalSection LocalFree"
0041aea0,FUN_0041aea0,214,1,"CreateFileA EnterCriticalSection FUN_00412180 FormatMessageA GetLastError LeaveCriticalSection LocalFree"
0041af80,FUN_0041af80,147,2,"CloseHandle FUN_00412180 LeaveCriticalSection WriteFile"
0041b020,FUN_0041b020,107,1,"CloseHandle FUN_00412180 ReadFile _malloc"
0041b090,FUN_0041b090,81,0,"CloseHandle FUN_00412180 LeaveCriticalSection"
0041b0f0,FUN_0041b0f0,385,2,"EnterCriticalSection LeaveCriticalSection __chkstk _vsprintf"
0041b280,FUN_0041b280,392,2,"EnterCriticalSection LeaveCriticalSection _vsprintf"
0041b410,FUN_0041b410,88,1,""
0041b470,FUN_0041b470,40,1,"FUN_0041b410"
0041b4a0,FUN_0041b4a0,40,1,"FUN_0041b470"
0041b4d0,FUN_0041b4d0,46,1,"FUN_0041b470"
0041b500,FUN_0041b500,127,2,""
0041b580,FUN_0041b580,118,1,""
0041b600,FUN_0041b600,95,2,"FUN_00485860 FUN_00485910"
0041b660,FUN_0041b660,113,1,""
0041b6e0,FUN_0041b6e0,113,1,""
0041b760,FUN_0041b760,200,2,""
0041b830,FUN_0041b830,98,2,"FUN_00485664"
0041b8a0,FUN_0041b8a0,117,1,"FUN_00485664"
0041b920,FUN_0041b920,264,3,""
0041ba30,FUN_0041ba30,71,2,""
0041ba80,FUN_0041ba80,83,2,""
0041bae0,FUN_0041bae0,19,1,"FUN_0041bb20"
0041bb00,FUN_0041bb00,21,1,""
0041bb20,FUN_0041bb20,124,1,"CloseHandle Sleep WaitForSingleObject"
0041bba0,FUN_0041bba0,87,3,"FUN_0041bb20 __beginthreadex"
0041bc00,FUN_0041bc00,278,1,""
0041bd20,FUN_0041bd20,75,1,"FUN_00418970"
0041bd70,FUN_0041bd70,84,1,"_free"
0041bdd0,FUN_0041bdd0,105,1,""
0041be40,FUN_0041be40,19,1,"FUN_0041be60"
0041be60,FUN_0041be60,182,1,"DeleteDC DeleteObject SelectObject"
0041bf20,FUN_0041bf20,104,4,"FUN_0041bf90"
0041bf90,FUN_0041bf90,490,4,"CreateCompatibleDC CreateDIBSection FUN_0041be60 FUN_0041c180 SelectObject"
0041c180,FUN_0041c180,88,1,""
0041c1e0,FUN_0041c1e0,911,2,"FUN_0041c570 FUN_00442a50"
0041c570,FUN_0041c570,133,3,""
0041c600,FUN_0041c600,373,2,""
0041c780,FUN_0041c780,278,0,"CreateFontA FUN_0041b410 FUN_0041bf20"
0041c8a0,FUN_0041c8a0,65,0,"DeleteObject FUN_0041be60"
0041c8f0,FUN_0041c8f0,560,10,"FUN_0041c1e0 FUN_0041c600 FUN_0045bcbf SelectObject SetBkMode SetTextColor TextOutA"
0041cb20,FUN_0041cb20,127,1,"FUN_00412180 `eh_vector_constructor_iterator'"
0041cba0,FUN_0041cba0,64,1,"FUN_00401eb0"
0041cbe0,~TaskStack,43,1,"_free"
0041cc10,FUN_0041cc10,13,0,""
0041cc20,FUN_0041cc20,146,1,"FUN_00412180 FUN_00419160 `eh_vector_destructor_iterator'"
0041ccc0,FUN_0041ccc0,316,0,"FUN_00418a20 FUN_00418b30 FUN_004190b0 FUN_0041cb20 FUN_0041cc10 FUN_0041cc20 _free operator_new"
0041ce00,FUN_0041ce00,95,1,"FUN_0041cc20 _free"
0041ce60,FUN_0041ce60,1235,1,"FUN_0041b8a0 FUN_00439030 FUN_0043a600 thunk_FUN_00458646"
0041d340,FUN_0041d340,134,1,"FUN_004186d0 FUN_004452d0"
0041d3d0,FUN_0041d3d0,89,1,"FUN_0041ce60"
0041d430,FUN_0041d430,45,1,"FUN_0041d340"
0041d460,FUN_0041d460,278,4,"FUN_00404b80 FUN_0041b4a0 FUN_0041b4d0"
0041d580,FUN_0041d580,59,1,"FUN_00412180 FUN_0041d5c0"
0041d5c0,FUN_0041d5c0,77,1,""
0041d610,FUN_0041d610,15,0,""
0041d620,FUN_0041d620,52,1,""
0041d660,FUN_0041d660,15,0,""
0041d670,FUN_0041d670,15,0,""
0041d680,FUN_0041d680,78,1,"FUN_0041b0f0 FUN_004432e0"
0041d6d0,FUN_0041d6d0,177,1,"FUN_00412180 FUN_00419160 _free"
0041d790,FUN_0041d790,310,0,"FUN_00418a20 FUN_00418b30 FUN_004190b0 FUN_0041d580 FUN_0041d680 FUN_0041d6d0 _free operator_new"
0041d8d0,FUN_0041d8d0,95,1,"FUN_0041d6d0 _free"
0041d930,FUN_0041d930,283,1,"FUN_0041b8a0 FUN_0041da50 _free"
0041da50,FUN_0041da50,90,2,""
0041dab0,FUN_0041dab0,70,1,""
0041db00,FUN_0041db00,152,1,"FUN_0041d930"
0041dba0,FUN_0041dba0,45,1,"FUN_0041dab0"
0041dbd0,FUN_0041dbd0,432,3,"FUN_0041dd80 FUN_0041de50 operator_new"
0041dd80,FUN_0041dd80,199,1,"FUN_00401eb0"
0041de50,FUN_0041de50,190,1,"FUN_00401eb0"
0041df10,FUN_0041df10,143,3,""
0041dfa0,FUN_0041dfa0,97,1,""
0041e010,FUN_0041e010,70,1,""
0041e060,FUN_0041e060,91,3,""
0041e0c0,FUN_0041e0c0,500,2,"FUN_00404b80 FUN_00404c60 FUN_0043a600 FUN_00441da0"
0041e2c0,FUN_0041e2c0,1029,1,"FUN_00430530 FUN_0043a600 FUN_00441da0"
0041e6d0,FUN_0041e6d0,125,1,"FUN_004186d0 FUN_0041b500 FUN_004452d0"
0041e750,FUN_0041e750,614,3,"FUN_00441da0"
0041e9c0,FUN_0041e9c0,1910,4,"FUN_0041d460 FUN_0041dbd0 FUN_00441da0 FUN_00445060 FUN_00445110"
0041f140,FUN_0041f140,309,1,"FUN_00441da0 FUN_00445060 FUN_00445110"
0041f280,FUN_0041f280,249,3,"FUN_0041b600"
0041f380,FUN_0041f380,450,2,"FUN_00404b80 FUN_00404c60 FUN_0043a600"
0041f550,FUN_0041f550,1062,1,"FUN_0041b500 FUN_00430530 FUN_0043a600 FUN_00441da0"
0041f990,FUN_0041f990,128,1,"FUN_004186d0 FUN_0041b500 FUN_004452d0"
0041fa10,FUN_0041fa10,1767,4,"FUN_0041d460 FUN_0041dbd0 FUN_00441da0 FUN_00445060 FUN_00445110"
00420100,FUN_00420100,312,1,"FUN_00441da0 FUN_00445060 FUN_00445110"
00420240,FUN_00420240,1326,1,"DestroyWindow DispatchMessageA FUN_00419080 FUN_004193a0 FUN_0041a550 FUN_0041ac50 FUN_0041b0f0 FUN_00420770 FUN_00420a10 FUN_00420b50 FUN_00420b90 FUN_00420e20 FUN_00421380 FUN_004217a0 FUN_00421c00 FUN_00421c90 FUN_00422110 FUN_00422660 FUN_00423d60 FUN_00424d30 FUN_00425890 FUN_004258d0 FUN_00437790 FUN_004377f0 FUN_00437810 FUN_00437d60 FUN_00439200 FUN_00441dc0 FUN_004421b0 MoveWindow PeekMessageA QueryPerformanceCounter QueryPerformanceFrequency SetCursor ShowCursor ShowWindow SystemParametersInfoA TranslateMessage WINNLSEnableIME _free operator_new"
00420770,FUN_00420770,420,1,"FUN_00404b10 FUN_00418c40 FUN_00418da0 FUN_00420920 FUN_00420a10 FUN_00425520 FUN_00425640 FUN_00439200 FUN_0043f2b0 FUN_0043f2f0 Sleep"
00420920,FUN_00420920,231,0,"FUN_0041aba0 FUN_00421380 FUN_00421c90 FUN_00421d00 FUN_00424a00 FUN_00485f6d _sprintf"
00420a10,FUN_00420a10,313,0,"EnterCriticalSection LeaveCriticalSection QueryPerformanceCounter timeBeginPeriod timeEndPeriod timeGetTime"
00420b50,FUN_00420b50,56,0,"Direct3DCreate8 FUN_0041b280"
00420b90,FUN_00420b90,342,1,"CreateWindowExA FUN_00421a20 GetStockObject GetSystemMetrics LoadCursorA RegisterClassA"
00420cf0,FUN_00420cf0,303,4,"DefWindowProcA FUN_004226e0 LoadCursorA SetCursor ShowCursor"
00420e20,FUN_00420e20,1375,0,"FUN_0041b0f0 FUN_0041b280 FUN_00421380 FUN_00436820 FUN_00459e49 FUN_00459f91 FUN_00485fa0"
00421380,FUN_00421380,1045,0,""
004217a0,FUN_004217a0,625,0,"CreateMutexA FUN_0041aba0 FUN_0041b280 FUN_00421ab0 GetConsoleTitleA GetLastError GetModuleFileNameA GetStartupInfoA __stricmp _strrchr"
00421a20,FUN_00421a20,143,1,"AttachThreadInput GetForegroundWindow GetWindowThreadProcessId SetActiveWindow SystemParametersInfoA"
00421ab0,FUN_00421ab0,322,3,"CoCreateInstance CoInitialize CoUninitialize MultiByteToWideChar _free operator_new"
00421c00,FUN_00421c00,133,1,"FUN_0041ac50 FUN_0041b0f0 MessageBoxA"
00421c90,FUN_00421c90,104,1,""
00421d00,FUN_00421d00,249,1,"FUN_00444620 FUN_00444760"
00421e00,FUN_00421e00,19,1,"FUN_00421e80"
00421e20,FUN_00421e20,89,2,"FUN_00421e80 midiOutOpen"
00421e80,FUN_00421e80,59,1,"midiOutClose midiOutReset"
00421ec0,FUN_00421ec0,78,2,"midiOutLongMsg midiOutPrepareHeader"
00421f10,FUN_00421f10,67,4,"midiOutShortMsg"
00421f60,FUN_00421f60,48,1,"timeGetDevCaps"
00421f90,FUN_00421f90,41,1,"FUN_00422040 timeEndPeriod"
00421fc0,FUN_00421fc0,115,4,"FUN_00422040 timeBeginPeriod timeSetEvent"
00422040,FUN_00422040,61,1,"timeEndPeriod timeKillEvent"
00422080,FUN_00422080,26,3,""
004220a0,FUN_004220a0,30,1,""
004220c0,FUN_004220c0,76,1,""
00422110,FUN_00422110,147,1,"FUN_00421e00 FUN_00421f90 FUN_00422230 FUN_00422270 FUN_00422660"
004221b0,FUN_004221b0,114,3,"FUN_0041a960 FUN_0041b0f0 FUN_00422230 FUN_00422660"
00422230,FUN_00422230,60,2,"_free"
00422270,FUN_00422270,131,1,"_free"
00422300,FUN_00422300,547,2,"FUN_00412180 FUN_004220a0 FUN_00422270 _malloc"
00422530,FUN_00422530,203,1,"FUN_004220c0"
00422600,FUN_00422600,81,1,"FUN_00412180 FUN_00421e20 FUN_00421fc0 FUN_00422530"
00422660,FUN_00422660,122,1,"FUN_00421e80 FUN_00422040 FUN_004226e0"
004226e0,FUN_004226e0,199,2,"FUN_00412180 _free midiOutUnprepareHeader"
004227b0,FUN_004227b0,79,2,""
00422800,FUN_00422800,615,1,"FUN_00422530 FUN_00422a70 FUN_00423310 FUN_00485664 __allmul __aulldiv"
00422a70,FUN_00422a70,1866,2,"FUN_00421ec0 FUN_00421f10 FUN_004220c0 FUN_004226e0 FUN_00485664 __allmul __aulldiv _free _malloc"
00423310,FUN_00423310,183,2,"FUN_00421f10 FUN_00485664"
004233d0,FUN_004233d0,22,0,"QueryPerformanceCounter"
004233f0,FUN_004233f0,25,1,"FUN_00421fc0"
00423410,FUN_00423410,19,1,"FUN_00422040"
00423430,FUN_00423430,11,0,""
00423440,FUN_00423440,400,1,"FUN_00419ae0 FUN_00425ef0 FUN_00426300 FUN_004438e0"
004235d0,FUN_004235d0,442,1,"FUN_00401610 FUN_00401700 FUN_00401b70 FUN_00444390 FUN_00444460"
00423790,FUN_00423790,170,0,"FUN_00401610 FUN_00424720"
00423840,FUN_00423840,147,1,"EnterCriticalSection FUN_0043f2f0 LeaveCriticalSection"
004238e0,FUN_004238e0,127,0,"FUN_00423960"
00423960,FUN_00423960,689,1,"DirectInput8Create FUN_0041b0f0 GetWindowLongA"
00423c20,FUN_00423c20,68,2,""
00423c70,FUN_00423c70,109,2,""
00423ce0,FUN_00423ce0,25,0,"FUN_0041bba0"
00423d00,FUN_00423d00,89,1,"FUN_004180a0 FUN_00445de0"
00423d60,FUN_00423d60,267,0,"FUN_00418a20 FUN_00418b30 FUN_004190b0"
00423e70,FUN_00423e70,320,1,"FUN_0041c780 FUN_00423ce0 FUN_00423fb0 FUN_00424050 FUN_004255b0 FUN_00425660 FUN_00425cc0 FUN_004355f0 FUN_00437ca0 FUN_00442260 FUN_00443010 FUN_004440f0 FUN_00444390 timeGetTime"
00423fb0,FUN_00423fb0,151,0,"FUN_0041a960 FUN_0041b280 FUN_00454eb0 _sprintf"
00424050,FUN_00424050,600,0,"FUN_0041b0f0 FUN_00420a10 FUN_00444460"
004242b0,FUN_004242b0,532,0,"FUN_00401280 FUN_0041b0f0 FUN_00421f60 FUN_004233f0 FUN_00425150 FUN_00438620 FUN_004432e0 FUN_00485664 operator_new"
004244d0,FUN_004244d0,550,1,"FUN_00401420 FUN_00404eb0 FUN_00412180 FUN_00417340 FUN_0041bb20 FUN_0041c8a0 FUN_00423410 FUN_00423d00 FUN_00424700 FUN_00425640 FUN_00426860 FUN_0042aad0 FUN_0042ee70 FUN_00435660 FUN_004377f0 FUN_00439cf0 FUN_00443980 FUN_00444390 FUN_00445ca0 FUN_00454fc0 _free _free"
00424700,FUN_00424700,19,1,"FUN_00421f90"
00424720,FUN_00424720,603,1,"FUN_00420a10"
00424980,FUN_00424980,126,0,"FUN_0041adc0 FUN_0041af80 FUN_0041b090 _free"
00424a00,FUN_00424a00,814,2,"FUN_00412180 FUN_0041b0f0 Sleep __beginthread _malloc"
00424d30,FUN_00424d30,1047,2,"CloseHandle CreateFileA FUN_00412180 FUN_00418720 FUN_0041a960 FUN_0041ac50 FUN_0041b0f0 FUN_0041b280 ReadFile _free"
00425150,FUN_00425150,155,1,"CloseHandle EnterCriticalSection LeaveCriticalSection"
004251f0,FUN_004251f0,253,2,"FUN_004221b0 FUN_00439cf0 _strrchr"
004252f0,FUN_004252f0,145,1,"FUN_00422300 FUN_00422600 FUN_00422660 FUN_00439cf0"
00425390,FUN_00425390,120,0,"FUN_00422660 FUN_00439cf0"
00425410,FUN_00425410,179,0,"FUN_004227b0 FUN_00439cf0 FUN_00485664"
004254d0,FUN_004254d0,76,1,"FUN_0043f2f0"
00425520,FUN_00425520,76,1,"FUN_0043f2f0"
00425570,FUN_00425570,53,3,"FUN_0043f2f0"
004255b0,FUN_004255b0,141,3,"EnterCriticalSection FUN_00412180 FUN_0041bba0 LeaveCriticalSection"
00425640,FUN_00425640,25,1,"FUN_0041bb20"
00425660,FUN_00425660,196,2,"FUN_00444ef0 FUN_004451f0"
00425730,FUN_00425730,163,1,"FUN_00445170"
004257e0,FUN_004257e0,163,1,"FUN_00445170"
00425890,FUN_00425890,62,1,"InitializeCriticalSection"
004258d0,FUN_004258d0,62,1,"DeleteCriticalSection"
00425910,FUN_00425910,396,1,"FUN_0043f2f0 FUN_00459e49 FUN_00459f91 FUN_00485fa0"
00425aa0,FUN_00425aa0,539,1,"FUN_0043f2f0 FUN_00459e49 FUN_00459f91 thunk_FUN_00458646"
00425cc0,FUN_00425cc0,549,0,""
00425ef0,FUN_00425ef0,938,1,"EnterCriticalSection FUN_00412180 FUN_00417f80 FUN_004180a0 FUN_00423d00 FUN_00445cc0 FUN_00445de0 LeaveCriticalSection"
00426300,FUN_00426300,79,1,"FUN_004542e0 FUN_00454370 FUN_004543e0 FUN_00454450"
00426350,FUN_00426350,255,1,"FUN_00418720 FUN_00454e50"
00426450,FUN_00426450,84,1,"FUN_0041bae0"
004264b0,FUN_004264b0,373,1,"FUN_00401eb0 FUN_00412180 `eh_vector_constructor_iterator'"
00426630,FUN_00426630,489,1,"FUN_0041a960 FUN_0041b0f0 FUN_0041b920 FUN_004432e0 _atol _strncmp"
00426820,FUN_00426820,52,0,"FUN_0041b0f0 FUN_004432e0"
00426860,FUN_00426860,20,0,"FUN_00443980"
00426880,FUN_00426880,452,1,"FUN_00412180 FUN_00419160 FUN_004344f0 FUN_00445270 _free _free `eh_vector_destructor_iterator'"
00426a50,FUN_00426a50,316,0,"FUN_00418a20 FUN_00418b30 FUN_004190b0 FUN_004264b0 FUN_00426630 FUN_00426880 _free operator_new"
00426b90,FUN_00426b90,95,1,"FUN_00426880 _free"
00426bf0,FUN_00426bf0,6471,2,"FUN_00404b80 FUN_0041b660 FUN_0041b6e0 FUN_0041b760 FUN_0041b8a0 FUN_00428590 FUN_004288b0 FUN_00428e90 FUN_004292d0 FUN_004294c0 FUN_00429ab0 FUN_0042a710 FUN_00434a90 FUN_00435910 FUN_00438f20 FUN_0043a600 _sprintf"
00428590,FUN_00428590,788,1,"FUN_00404b80 FUN_00438f20"
004288b0,FUN_004288b0,1489,1,"FID_conflict:__time32 FUN_00404b80 FUN_00443ce0"
00428e90,FUN_00428e90,1073,1,"FID_conflict:__time32 FUN_00404b80 FUN_004292d0"
004292d0,FUN_004292d0,380,1,"FUN_00404b80 FUN_00429450 FUN_004452f0 FUN_00445330"
00429450,FUN_00429450,108,1,""
004294c0,FUN_004294c0,1323,1,"FUN_00404b80 FUN_0041b760 FUN_004299f0 FUN_00435910 FUN_00438f20 FUN_00445330"
004299f0,FUN_004299f0,189,2,"_free"
00429ab0,FUN_00429ab0,455,2,"FUN_0041b760 FUN_00438f20"
00429c80,FUN_00429c80,2573,1,"FUN_00401450 FUN_00401610 FUN_00429450 FUN_004452d0 _localtime _sprintf"
0042a6b0,FUN_0042a6b0,45,2,"FUN_00426bf0"
0042a6e0,FUN_0042a6e0,45,1,"FUN_00429c80"
0042a710,FUN_0042a710,390,1,"FUN_004344f0 FUN_00434700 _free _sprintf"
0042a8a0,FUN_0042a8a0,160,1,"FUN_00412180 `eh_vector_constructor_iterator'"
0042a940,FUN_0042a940,117,1,"`eh_vector_constructor_iterator'"
0042a9c0,FUN_0042a9c0,103,1,"`eh_vector_destructor_iterator'"
0042aa30,FUN_0042aa30,88,1,"FUN_0041b0f0 FUN_004432e0"
0042aa90,FUN_0042aa90,52,0,"FUN_0041b0f0 FUN_004432e0"
0042aad0,FUN_0042aad0,20,0,"FUN_00443980"
0042aaf0,FUN_0042aaf0,194,1,"FUN_00412180 FUN_00419160 FUN_00445270 `eh_vector_destructor_iterator'"
0042abc0,FUN_0042abc0,316,0,"FUN_00418a20 FUN_00418b30 FUN_004190b0 FUN_0042a8a0 FUN_0042aa30 FUN_0042aaf0 _free operator_new"
0042ad00,FUN_0042ad00,95,1,"FUN_0042aaf0 _free"
0042ad60,FUN_0042ad60,5309,1,"FID_conflict:__time32 FUN_00407c90 FUN_004186d0 FUN_0041b600 FUN_0041dfa0 FUN_004299f0 FUN_0042e7b0 FUN_00436dd0 FUN_0043a600 FUN_00444ef0 FUN_00444fa0 FUN_00445110 FUN_00445170 FUN_004451b0 FUN_004451f0 FUN_00485664"
0042c220,FUN_0042c220,434,1,"FUN_004452d0"
0042c3e0,FUN_0042c3e0,45,2,"FUN_0042ad60"
0042c410,FUN_0042c410,57,1,"FUN_00404b10 FUN_0042c220"
0042c450,FUN_0042c450,356,7,"FUN_0042c5c0"
0042c5c0,FUN_0042c5c0,8560,5,"FUN_00404b80 FUN_0042e730 FUN_00439e30 FUN_00485664"
0042e730,FUN_0042e730,118,4,"FUN_00404b80 FUN_00439e30"
0042e7b0,FUN_0042e7b0,689,2,"_malloc"
0042ea70,FUN_0042ea70,331,1,"FUN_00401eb0 FUN_00412180 FUN_0042ebc0"
0042ebc0,FUN_0042ebc0,167,1,"`eh_vector_constructor_iterator'"
0042ec70,FUN_0042ec70,35,1,"`eh_vector_destructor_iterator'"
0042eca0,FUN_0042eca0,392,1,"FUN_00404b80 FUN_0041b0f0 FUN_00430260 FUN_004307d0 FUN_004432e0"
0042ee30,FUN_0042ee30,52,0,"FUN_0041b0f0 FUN_004432e0"
0042ee70,FUN_0042ee70,20,0,"FUN_00443980"
0042ee90,FUN_0042ee90,273,1,"FUN_00412180 FUN_00419160 FUN_00445270 _free `eh_vector_destructor_iterator'"
0042efb0,FUN_0042efb0,374,0,"FUN_00418a20 FUN_00418b30 FUN_004190b0 FUN_0042ea70 FUN_0042eca0 FUN_0042ee90 _free operator_new"
0042f130,FUN_0042f130,95,1,"FUN_0042ee90 _free"
0042f190,FUN_0042f190,3463,1,"FUN_004186d0 FUN_0043a0c0 FUN_00444ef0 FUN_00445170 FUN_004451f0 FUN_004865c0"
0042ff60,FUN_0042ff60,405,2,"FUN_004081b0 FUN_00416810 FUN_0041b8a0 FUN_0041e010 FUN_0042f190 FUN_00430ab0 FUN_0043a600"
00430110,FUN_00430110,72,1,"FUN_004186d0 FUN_004415a0"
00430160,FUN_00430160,30,1,"FUN_004340f0"
00430180,FUN_00430180,141,1,"FUN_0042ff60"
00430210,FUN_00430210,45,1,"FUN_00430110"
00430240,FUN_00430240,19,1,"FUN_00430160"
00430260,FUN_00430260,265,2,"FUN_0041a960 FUN_00485910"
00430370,FUN_00430370,108,2,"FUN_004859ca"
004303e0,FUN_004303e0,108,2,"FUN_004859ca"
00430450,FUN_00430450,212,3,"FUN_004306d0"
00430530,FUN_00430530,401,5,"FUN_0041b600 FUN_004306d0"
004306d0,FUN_004306d0,241,1,"FUN_004186d0 FUN_00438f20 FUN_00444ef0 FUN_004451f0"
004307d0,FUN_004307d0,733,1,"FUN_00404b80 FUN_00439e30 FUN_00444ef0"
00430ab0,FUN_00430ab0,7271,1,"FUN_00404950 FUN_00404b80 FUN_004186d0 FUN_0041b580 FUN_0041b8a0 FUN_00430370 FUN_00432730 FUN_004328c0 FUN_00432d10 FUN_00433000 FUN_004339f0 FUN_00433d10 FUN_00434220 FUN_00438f20 FUN_00439030 FUN_00439160 FUN_00439e30 FUN_0043a0c0 FUN_0043a600 FUN_00441da0 FUN_00444ef0 FUN_00445170 FUN_004451b0 FUN_004451f0 FUN_004452f0 FUN_00445330 FUN_00485664 FUN_004859ca thunk_FUN_00458646"
00432730,FUN_00432730,393,1,"FUN_00438f20 FUN_00444ef0 FUN_004451b0"
004328c0,FUN_004328c0,1059,1,"FUN_004186d0 FUN_00445110 FUN_004451f0"
00432d10,FUN_00432d10,738,1,"FUN_00407820 FUN_00408220 FUN_004168d0 FUN_0041df10 FUN_0041e060 FUN_0042c450 FUN_00433140 FUN_00438f20 FUN_00439160 FUN_004451b0 FUN_00485664"
00433000,FUN_00433000,318,1,"FUN_0042c450 FUN_00439160 FUN_004451b0"
00433140,FUN_00433140,2219,5,"FUN_004339f0 FUN_00485664"
004339f0,FUN_004339f0,793,3,"FUN_00434220"
00433d10,FUN_00433d10,982,1,"FUN_0041b8a0 FUN_00438f20 FUN_00439160 FUN_00445060"
004340f0,FUN_004340f0,296,1,"FUN_00445110 FUN_004452d0"
00434220,FUN_00434220,77,0,"FUN_004857a0"
00434270,FUN_00434270,41,1,"FUN_00412180"
004342a0,FUN_004342a0,582,3,"FUN_00435130 _malloc"
004344f0,FUN_004344f0,185,1,"FUN_00412180 FUN_00419160 _free"
004345b0,FUN_004345b0,330,2,"FUN_00418a20 FUN_00418b30 FUN_004190b0 FUN_00434270 FUN_004342a0 FUN_004344f0 _free operator_new"
00434700,FUN_00434700,207,1,"FUN_00434270 FUN_004342a0 FUN_004344f0 _free operator_new"
004347d0,FUN_004347d0,95,1,"FUN_004344f0 _free"
00434830,FUN_00434830,408,1,"FUN_00412180 FUN_004353b0 FUN_00485664"
004349d0,FUN_004349d0,182,1,"FUN_00401610"
00434a90,FUN_00434a90,1691,3,"FUN_0041a790 FUN_0041adc0 FUN_0041af80 FUN_0041b090 FUN_00455e10 FUN_00485f6d _free _localtime _malloc _sprintf"
00435130,FUN_00435130,540,2,"FUN_0041a5c0 FUN_0041a960 FUN_0041aba0 FUN_0041aea0 FUN_0041b020 FUN_0041b090 FUN_00456220 _free _malloc _sprintf"
00435350,FUN_00435350,45,1,"FUN_00434830"
00435380,FUN_00435380,45,1,"FUN_004349d0"
004353b0,FUN_004353b0,247,1,""
004354b0,FUN_004354b0,69,1,"FUN_0041a960 FUN_00435500 FUN_004356d0"
00435500,FUN_00435500,122,1,"FUN_0041b410"
00435580,FUN_00435580,109,1,"FUN_004299f0 _free"
004355f0,FUN_004355f0,112,0,"FUN_004354b0 operator_new"
00435660,FUN_00435660,104,0,"FUN_00435580 _free"
004356d0,FUN_004356d0,568,1,"FUN_00412180 FUN_0041a5c0 FUN_0041ba80 FUN_00456220 _free _malloc"
00435910,FUN_00435910,1407,1,"FUN_0041a790 FUN_0041adc0 FUN_0041af80 FUN_0041b090 FUN_0041ba80 FUN_004299f0 FUN_0042e7b0 FUN_00455e10 FUN_00485f6d _free _malloc _sprintf"
00435e90,FUN_00435e90,1034,3,"FUN_00412180 FUN_0041a960 FUN_0041aba0 FUN_0041ba80 FUN_004299f0 FUN_00456220 _malloc _sprintf"
004362a0,FUN_004362a0,578,4,"FUN_0045bcbf"
004364f0,FUN_004364f0,189,2,"FUN_004365f0 FUN_00436680 FUN_004366f0"
004365b0,FUN_004365b0,63,1,"FUN_004364f0"
004365f0,FUN_004365f0,130,1,""
00436680,FUN_00436680,106,2,""
004366f0,FUN_004366f0,98,2,""
00436760,FUN_00436760,190,1,""
00436820,FUN_00436820,124,1,"FUN_00436760 FUN_0043f2f0"
004368a0,FUN_004368a0,123,1,"FUN_0041b8a0 FUN_00485664"
00436920,FUN_00436920,887,2,"FUN_0043f2f0"
00436ca0,FUN_00436ca0,119,1,"FUN_00485664"
00436d20,FUN_00436d20,169,1,"FUN_0041b8a0 FUN_00485664"
00436dd0,FUN_00436dd0,598,6,"FUN_00418a20 FUN_00418b30 FUN_004190b0 operator_new"
00437050,FUN_00437050,145,1,"FUN_00436920 FUN_0043f2f0"
004370f0,FUN_004370f0,69,1,"FUN_00436920"
00437140,FUN_00437140,69,1,"FUN_00436920"
00437190,FUN_00437190,231,2,"FUN_0041b8a0 FUN_00485664"
00437280,FUN_00437280,76,1,"FUN_00436920"
004372d0,FUN_004372d0,473,1,"FUN_0041b470 FUN_0041b8a0"
004374b0,FUN_004374b0,592,1,"FUN_0041b470 FUN_0041b8a0"
00437700,FUN_00437700,53,1,""
00437740,FUN_00437740,80,1,"FUN_00419160 _free"
00437790,FUN_00437790,81,2,"CreateThread"
004377f0,FUN_004377f0,26,1,""
00437810,FUN_00437810,182,1,"CloseHandle Sleep WaitForSingleObject"
004378d0,FUN_004378d0,69,0,"FUN_00412180 FUN_00437920 Sleep"
00437920,FUN_00437920,881,2,"FUN_0041b0f0 FUN_00438210 FUN_00452e50 FUN_00452e70 FUN_00452ea0 SetTimer _free operator_new"
00437ca0,FUN_00437ca0,44,0,"CreateThread"
00437cd0,FUN_00437cd0,129,0,"FUN_0041b0f0 FUN_004385e0 Sleep"
00437d60,FUN_00437d60,669,1,"FUN_00438cf0 FUN_00452e70 KillTimer _free _free"
00438000,FUN_00438000,523,2,"_strrchr"
00438210,FUN_00438210,849,2,"FUN_00412180 FUN_0041b0f0 FUN_00438570 Sleep _free _strncmp"
00438570,FUN_00438570,100,4,"_strncmp"
004385e0,FUN_004385e0,61,3,"FUN_0041a960"
00438620,FUN_00438620,50,2,"FUN_0041a960"
00438660,FUN_00438660,386,2,"CreateEventA CreateThread FUN_00412180 FUN_00438cf0 FUN_00453050"
004387f0,FUN_004387f0,105,2,"FUN_00412180 FUN_00438000 FUN_00454a90"
00438860,FUN_00438860,675,3,"CloseHandle CreateFileA FUN_00412180 FUN_00438000 ReadFile SetFilePointer _free _malloc"
00438b10,FUN_00438b10,470,2,"CreateEventA CreateThread FUN_00412180 FUN_004387f0 FUN_004533b0"
00438cf0,FUN_00438cf0,287,1,"CloseHandle FUN_00412180 FUN_00454070 PostThreadMessageA WaitForSingleObject"
00438e10,FUN_00438e10,262,1,"FUN_00437810"
00438f20,FUN_00438f20,267,3,""
00439030,FUN_00439030,290,2,"FUN_00485664"
00439160,FUN_00439160,151,2,""
00439200,FUN_00439200,2525,1,"CloseHandle FUN_00412180 FUN_00438000 FUN_00438860 FUN_00438b10 FUN_00438cf0 FUN_004537f0 FUN_00453b40 FUN_00453ea0 FUN_00453ee0 FUN_00453fd0 FUN_00454070 FUN_00454120 FUN_00454170 FUN_004548b0 FUN_00454a90 FUN_00485664 PostThreadMessageA WaitForSingleObject"
00439c00,FUN_00439c00,226,0,"FUN_00412180 FUN_004544c0 MsgWaitForMultipleObjects PeekMessageA"
00439cf0,FUN_00439cf0,225,4,"FUN_00412180"
00439de0,FUN_00439de0,76,1,""
00439e30,FUN_00439e30,649,3,""
0043a0c0,FUN_0043a0c0,234,3,"FUN_00401c10 FUN_0043a600"
0043a1b0,FUN_0043a1b0,398,2,"FUN_0041b4a0 FUN_0041b4d0 FUN_00485664"
0043a380,FUN_0043a380,186,3,"FUN_00485664"
0043a470,FUN_0043a470,152,4,"FUN_00485664"
0043a540,FUN_0043a540,137,4,""
0043a600,FUN_0043a600,17018,2,"FUN_0041b470 FUN_0041b4a0 FUN_0041b500 FUN_0041b830 FUN_0041b8a0 FUN_00439e30 FUN_0043a1b0 FUN_0043a380 FUN_0043a470 FUN_0043a540 FUN_00441710 FUN_00441da0 FUN_00485664 FUN_00485860 FUN_00485910 FUN_004859ea FUN_00485fa0 FUN_00486730 FUN_00486810 _malloc"
0043ea20,FUN_0043ea20,498,2,"FUN_0043f2f0"
0043ec20,FUN_0043ec20,167,2,"FUN_0043f2f0"
0043ecd0,FUN_0043ecd0,1497,3,"FUN_0043ec20 FUN_0043f2f0 FUN_0043f3c0"
0043f2b0,FUN_0043f2b0,60,1,""
0043f2f0,FUN_0043f2f0,198,1,""
0043f3c0,FUN_0043f3c0,211,2,""
0043f4a0,FUN_0043f4a0,697,2,"FUN_0043ecd0 FUN_004865c0"
0043f760,FUN_0043f760,657,2,"FUN_0043ecd0"
0043fa00,FUN_0043fa00,58,7,""
0043fa40,FUN_0043fa40,542,2,"FUN_0043ecd0 FUN_0043f760 FUN_0043fa00"
0043fc60,FUN_0043fc60,1163,1,"FUN_0043fa00 FUN_004857a0 thunk_FUN_004589dc"
004400f0,FUN_004400f0,48,2,"FUN_0043ecd0 FUN_0043fc60"
00440120,FUN_00440120,798,2,"FUN_0043ecd0 FUN_0043fc60 FUN_00485664 FUN_004857a0"
00440440,FUN_00440440,1198,2,"thunk_FUN_004589dc thunk_FUN_00458f4f thunk_FUN_0045990f thunk_FUN_004599ab thunk_FUN_00459a48"
004408f0,FUN_004408f0,91,2,"FUN_0043ecd0 FUN_00440440"
00440950,FUN_00440950,691,2,"FUN_0043ecd0 FUN_00440440 FUN_00485664 FUN_004857a0 thunk_FUN_004588b8"
00440c10,FUN_00440c10,1458,2,"FUN_0043ea20 FUN_0043f2f0 thunk_FUN_00458f4f thunk_FUN_0045990f thunk_FUN_004599ab thunk_FUN_00459a48"
004411d0,FUN_004411d0,352,3,""
00441330,FUN_00441330,330,4,"FUN_0043ec20 FUN_0043f2f0"
00441480,FUN_00441480,275,4,"FUN_00425570 FUN_0043ec20 FUN_0043f2f0"
004415a0,FUN_004415a0,317,2,"FUN_0043f4a0 FUN_0043f760 FUN_0043fa40 FUN_004400f0 FUN_00440120 FUN_004408f0 FUN_00440950 FUN_00440c10 FUN_00441330"
00441710,FUN_00441710,754,1,"FUN_0041b4d0 FUN_00441da0 _free _malloc"
00441a10,FUN_00441a10,850,1,"FUN_00441da0"
00441d70,FUN_00441d70,45,1,"FUN_00441480"
00441da0,FUN_00441da0,32,3,""
00441dc0,FUN_00441dc0,1005,1,"FUN_00401eb0 FUN_00418a20 FUN_00418b30 FUN_004190b0 `eh_vector_constructor_iterator'"
004421b0,FUN_004421b0,176,1,"FUN_00444e00 _free `eh_vector_destructor_iterator'"
00442260,FUN_00442260,682,1,""
00442510,FUN_00442510,1292,1,"FUN_0041c570 FUN_00442a50 FUN_00442ab0"
00442a50,FUN_00442a50,96,3,""
00442ab0,FUN_00442ab0,133,3,""
00442b40,FUN_00442b40,79,1,""
00442b90,FUN_00442b90,270,6,"FUN_00442510 FUN_00442b40 FUN_0045bcbf FUN_0045c22c"
00442ca0,FUN_00442ca0,354,7,"FUN_00442510 FUN_00442b40 FUN_0045bcbf FUN_0045c22c"
00442e10,FUN_00442e10,126,2,"FUN_00442510 FUN_00442b40 FUN_0045ce67"
00442e90,FUN_00442e90,293,3,"FUN_00442b40 FUN_0045bcbf FUN_0045c1c6"
00442fc0,FUN_00442fc0,72,4,"FUN_0045c1c6"
00443010,FUN_00443010,96,3,"FUN_00412180 FUN_00443070 FUN_00443480"
00443070,FUN_00443070,612,3,"FUN_00412180 FUN_0041a960 FUN_0041b280 FUN_004433a0 Sleep _malloc"
004432e0,FUN_004432e0,180,3,"FUN_00412180 FUN_00443070 Sleep"
004433a0,FUN_004433a0,219,5,"FUN_0041a960 FUN_0041b280"
00443480,FUN_00443480,284,1,"FUN_00412180 FUN_004435a0"
004435a0,FUN_004435a0,829,5,"FUN_0041b280 FUN_00442e10 FUN_00442e90 FUN_00442fc0 FUN_00443b10"
004438e0,FUN_004438e0,147,1,"FUN_00443480 FUN_00443980"
00443980,FUN_00443980,305,2,"FUN_00443ac0 FUN_00445270 _free"
00443ac0,FUN_00443ac0,78,2,"_free"
00443b10,FUN_00443b10,341,3,""
00443c70,FUN_00443c70,104,10,"FUN_0041c8f0 FUN_00485664"
00443ce0,FUN_00443ce0,238,5,"FUN_00443c70 FUN_00485664 _vsprintf"
00443dd0,FUN_00443dd0,432,5,"FUN_00443c70 FUN_00485664 _vsprintf"
00443f80,FUN_00443f80,366,5,"FUN_00443c70 FUN_00485664 _vsprintf"
004440f0,FUN_004440f0,666,3,"FUN_0041a960 FUN_0041b280 FUN_00444390 FUN_0045c22c FUN_0045c2e4 _free"
00444390,FUN_00444390,206,2,"_free"
00444460,FUN_00444460,445,6,"FUN_0045c2e4"
00444620,FUN_00444620,319,11,"FUN_0043f2f0 FUN_0045c2e4"
00444760,FUN_00444760,537,10,"FUN_0043f2f0 FUN_00444390 FUN_0045c2e4"
00444980,FUN_00444980,19,1,"FUN_00444b10"
004449a0,FUN_004449a0,21,1,"FUN_00444c80"
004449c0,FUN_004449c0,21,1,"FUN_00444c80"
004449e0,FUN_004449e0,21,1,"FUN_00444c80"
00444a00,FUN_00444a00,21,1,"FUN_00444c80"
00444a20,FUN_00444a20,21,1,"FUN_00444c80"
00444a40,FUN_00444a40,21,1,"FUN_00444c80"
00444a60,FUN_00444a60,66,1,"FUN_00444c80"
00444ab0,FUN_00444ab0,33,1,"FUN_00404b10 FUN_00444c80"
00444ae0,FUN_00444ae0,33,1,"FUN_00404b10 FUN_00444c80"
00444b10,FUN_00444b10,358,1,"FUN_0043a600 FUN_00444e00"
00444c80,FUN_00444c80,136,2,"FUN_004415a0"
00444d10,FUN_00444d10,236,3,""
00444e00,FUN_00444e00,226,2,"_free _free"
00444ef0,FUN_00444ef0,161,4,"FUN_00401eb0 FUN_00404b80 FUN_00444d10 operator_new"
00444fa0,FUN_00444fa0,180,4,"FUN_00401eb0 FUN_00404b80 FUN_00444d10 operator_new"
00445060,FUN_00445060,169,4,"FUN_00401eb0 FUN_00404b80 FUN_004186d0 FUN_00444d10 operator_new"
00445110,FUN_00445110,90,2,""
00445170,FUN_00445170,50,3,"FUN_00445110"
004451b0,FUN_004451b0,60,2,"FUN_00445110"
004451f0,FUN_004451f0,64,3,"FUN_00445110"
00445230,FUN_00445230,60,2,"FUN_00445110"
00445270,FUN_00445270,87,2,""
004452d0,FUN_004452d0,26,1,"FUN_004415a0"
004452f0,FUN_004452f0,51,1,"FUN_00445110"
00445330,FUN_00445330,34,2,"FUN_00445170"
00445360,FUN_00445360,69,2,"FUN_00439e30 FUN_00445110"
004453b0,FUN_004453b0,136,1,""
00445440,FUN_00445440,674,1,"FUN_00412180"
004456f0,FUN_004456f0,646,1,"FUN_0041a960 FUN_0041b0f0 FUN_00438660 FUN_00438e10 FUN_004432e0 FUN_00445a50"
00445980,FUN_00445980,201,0,"FUN_00412180 FUN_00425730 FUN_004257e0 FUN_004456f0 Sleep"
00445a50,FUN_00445a50,70,0,"FUN_00404e70 FUN_00417300 FUN_00426820 FUN_0042aa90 FUN_0042ee30"
00445aa0,FUN_00445aa0,503,1,"FUN_00412180 FUN_00419160 FUN_004344f0 FUN_00435910 FUN_00450f60 _free _free"
00445ca0,FUN_00445ca0,31,0,"FUN_00443980"
00445cc0,FUN_00445cc0,277,1,"FUN_00418a20 FUN_00418b30 FUN_004190b0 FUN_004255b0 FUN_00445440 operator_new"
00445de0,FUN_00445de0,95,1,"FUN_00445aa0 _free"
00445e40,FUN_00445e40,19,1,"FUN_00445e80"
00445e60,FUN_00445e60,19,1,"FUN_00452630"
00445e80,FUN_00445e80,2969,1,"FUN_00417f80 FUN_0041b8a0 FUN_004251f0 FUN_004252f0 FUN_00425410 FUN_00425640 FUN_00444ef0 FUN_00445170 FUN_004452f0 FUN_00445330 FUN_00446a50 FUN_00447d00 FUN_0044dca0 FUN_0044e4b0 FUN_00450fc0 FUN_00451c80"
00446a50,FUN_00446a50,3299,1,"FUN_0041b760 FUN_00438f20 FUN_00444fa0 FUN_00447750 FUN_004479e0 FUN_00450f60 Sleep _free _sprintf"
00447750,FUN_00447750,648,1,"FUN_00445170"
004479e0,FUN_004479e0,787,1,"FUN_00445170"
00447d00,FUN_00447d00,16066,1,"EnterCriticalSection FUN_0041b660 FUN_0041b6e0 FUN_0041b760 FUN_0041bb00 FUN_004255b0 FUN_00425640 FUN_004362a0 FUN_004364f0 FUN_004365b0 FUN_00438f20 FUN_00439e30 FUN_00442b90 FUN_00442ca0 FUN_00443f80 FUN_00444ef0 FUN_00445110 FUN_00445170 FUN_004451b0 FUN_004452f0 FUN_00445330 FUN_004453b0 FUN_0044bbd0 FUN_0044bea0 FUN_0044c670 FUN_00450f60 FUN_00452d70 LeaveCriticalSection _free"
0044bbd0,FUN_0044bbd0,716,1,"EnterCriticalSection FUN_004364f0 FUN_00445170 FUN_00450dd0 LeaveCriticalSection"
0044bea0,FUN_0044bea0,1989,1,"FUN_004364f0 FUN_00443ce0 FUN_00444ef0 FUN_00445110 FUN_00445170 FUN_0044d020"
0044c670,FUN_0044c670,2278,1,"FUN_00439e30 FUN_00445110 FUN_0044cf60 FUN_0044cfa0 FUN_0044cfe0 _localtime"
0044cf60,FUN_0044cf60,53,3,"FUN_00439e30 FUN_00445110"
0044cfa0,FUN_0044cfa0,61,2,"FUN_00445110"
0044cfe0,FUN_0044cfe0,61,2,"FUN_00445110"
0044d020,FUN_0044d020,128,4,""
0044d0a0,FUN_0044d0a0,3070,0,"EnterCriticalSection FUN_0041a960 FUN_00435e90 FUN_00450f60 LeaveCriticalSection Sleep _sprintf"
0044dca0,FUN_0044dca0,2054,1,"EnterCriticalSection FUN_0041b660 FUN_0041b6e0 FUN_0041b760 FUN_0041bb00 FUN_004255b0 FUN_00425640 FUN_004344f0 FUN_00438f20 FUN_00444ef0 FUN_00445170 FUN_00445330 LeaveCriticalSection _free"
0044e4b0,FUN_0044e4b0,10103,1,"FUN_00419910 FUN_0041b660 FUN_0041b6e0 FUN_0041b760 FUN_00425640 FUN_00438f20 FUN_00439e30 FUN_00444ef0 FUN_00445110 FUN_00445170 FUN_00445330"
00450c30,FUN_00450c30,403,1,"FUN_00450e20 FUN_00485f6d FindClose FindFirstFileA FindNextFileA __chdir _sprintf"
00450dd0,FUN_00450dd0,78,2,""
00450e20,FUN_00450e20,306,3,"EnterCriticalSection FUN_004344f0 FUN_00434700 LeaveCriticalSection _free"
00450f60,FUN_00450f60,91,1,""
00450fc0,FUN_00450fc0,2872,1,"FUN_0041a960 FUN_0041b660 FUN_0041b6e0 FUN_0041b760 FUN_004251f0 FUN_004252f0 FUN_00438f20 FUN_00443ce0 FUN_00444ef0 FUN_00445170 FUN_004452f0 FUN_00445330 FUN_004453b0 FUN_00451b00 FUN_00451b90 _free"
00451b00,FUN_00451b00,141,2,""
00451b90,FUN_00451b90,233,3,""
00451c80,FUN_00451c80,2358,1,"FUN_0041b660 FUN_0041b6e0 FUN_0041b760 FUN_004255b0 FUN_00438f20 FUN_00442b90 FUN_00444ef0 FUN_00445170 FUN_00445330 FUN_004453b0 _free _sprintf"
004525d0,FUN_004525d0,88,0,"FUN_0041a960"
00452630,FUN_00452630,1851,1,"EnterCriticalSection FUN_00401610 FUN_004365f0 LeaveCriticalSection _localtime _sprintf"
00452d70,FUN_00452d70,222,5,""
00452e50,FUN_00452e50,23,1,""
00452e70,FUN_00452e70,44,1,""
00452ea0,FUN_00452ea0,142,6,"DirectSoundCreate8 FUN_00452f30"
00452f30,FUN_00452f30,278,4,""
00453050,FUN_00453050,862,12,"FUN_00454230 FUN_00454980 FUN_004549c0 FUN_004549e0 _free operator_new"
004533b0,FUN_004533b0,812,13,"FUN_00412180 FUN_00454230 FUN_00454980 FUN_00454af0 _free operator_new"
004536e0,FUN_004536e0,221,5,"FUN_00453b40 operator_new"
004537c0,FUN_004537c0,44,2,"FUN_00453a50 _free"
004537f0,FUN_004537f0,599,1,"_free operator_new"
00453a50,FUN_00453a50,239,1,"FUN_004549c0 _free"
00453b40,FUN_00453b40,484,3,"FUN_00453d30 FUN_00454b70 FUN_00454cc0"
00453d30,FUN_00453d30,161,3,"Sleep"
00453de0,FUN_00453de0,180,1,"_rand"
00453ea0,FUN_00453ea0,53,2,""
00453ee0,FUN_00453ee0,236,3,"FUN_00453b40 FUN_00453d30 FUN_00453de0 FUN_00453fd0 FUN_004541c0"
00453fd0,FUN_00453fd0,148,2,"FUN_00485664"
00454070,FUN_00454070,167,1,""
00454120,FUN_00454120,77,1,""
00454170,FUN_00454170,78,1,""
004541c0,FUN_004541c0,108,1,""
00454230,FUN_00454230,96,5,"FUN_004536e0"
00454290,FUN_00454290,44,2,"FUN_004542c0 _free"
004542c0,FUN_004542c0,28,1,"FUN_00453a50"
004542e0,FUN_004542e0,129,1,"FUN_00453fd0"
00454370,FUN_00454370,106,1,"FUN_00453fd0"
004543e0,FUN_004543e0,106,1,"FUN_00453fd0"
00454450,FUN_00454450,107,1,"FUN_00453fd0"
004544c0,FUN_004544c0,978,2,"FUN_00412180 FUN_00453b40 FUN_00453d30 FUN_00454b50 FUN_00454b70 FUN_00454cc0"
004548b0,FUN_004548b0,194,1,"FUN_00453b40 FUN_00453d30 FUN_00454b70"
00454980,FUN_00454980,56,1,""
004549c0,FUN_004549c0,19,1,"FUN_00454e10"
004549e0,FUN_004549e0,163,4,"CreateFileA FUN_00412180 FUN_00454b70"
00454a90,FUN_00454a90,84,2,"FUN_00454b70"
00454af0,FUN_00454af0,92,5,""
00454b50,FUN_00454b50,17,1,""
00454b70,FUN_00454b70,328,2,"SetFilePointer"
00454cc0,FUN_00454cc0,328,4,"ReadFile"
00454e10,FUN_00454e10,51,1,"CloseHandle"
00454e50,FUN_00454e50,53,1,""
00454e90,FUN_00454e90,19,1,"FUN_00454fc0"
00454eb0,FUN_00454eb0,259,2,"FUN_00412180 FUN_00454fc0 FUN_00455360 FUN_00455790 FUN_00455850 operator_new"
00454fc0,FUN_00454fc0,190,1,"FID_conflict:`vector_deleting_destructor' FUN_00412180 _free"
00455080,FID_conflict:`vector_deleting_destructor',106,2,"FUN_00455820 _free `eh_vector_destructor_iterator'"
004550f0,FUN_004550f0,464,3,"FUN_00412180 FUN_0041a5c0 FUN_0041ba30 FUN_004552f0 FUN_00456220 _free _malloc"
004552c0,FUN_004552c0,46,2,"FUN_004552f0"
004552f0,FUN_004552f0,101,2,"__stricmp"
00455360,FUN_00455360,539,2,"FUN_00412180 FUN_0041a5c0 FUN_00455580 FUN_00456220 _free _malloc"
00455580,FUN_00455580,524,3,"FID_conflict:`vector_deleting_destructor' FUN_00455790 `eh_vector_constructor_iterator' operator_new"
00455790,FUN_00455790,139,1,"_malloc"
00455820,FUN_00455820,41,1,"_free"
00455850,FUN_00455850,52,1,""
00455890,FUN_00455890,44,2,"FUN_004558c0 _free"
004558c0,FUN_004558c0,82,1,"FUN_00455a70"
00455920,FUN_00455920,330,3,"CreateFileA DeleteFileA FUN_00455cc0 SetFilePointer"
00455a70,FUN_00455a70,53,1,"CloseHandle"
00455ab0,FUN_00455ab0,68,3,"ReadFile"
00455b00,FUN_00455b00,74,3,"WriteFile"
00455b50,FUN_00455b50,43,1,"SetFilePointer"
00455b80,FUN_00455b80,39,1,"GetFileSize"
00455bb0,FUN_00455bb0,51,3,"SetFilePointer"
00455bf0,FUN_00455bf0,199,2,"_free _malloc"
00455cc0,FUN_00455cc0,253,2,"GetModuleFileNameA _strchr _strrchr"
00455dc0,FUN_00455dc0,20,1,""
00455de0,FUN_00455de0,45,2,"_free"
00455e10,FUN_00455e10,1035,3,"FUN_00456580 FUN_004565d0 FUN_00456650 FUN_00456770 _malloc"
00456220,FUN_00456220,852,4,"_malloc"
00456580,FUN_00456580,67,1,""
004565d0,FUN_004565d0,124,0,""
00456650,FUN_00456650,280,2,"FUN_00456890"
00456770,FUN_00456770,134,1,"FUN_00456770 FUN_00456800 FUN_00456890 FUN_00456950"
00456800,FUN_00456800,132,2,""
00456890,FUN_00456890,183,2,""
00456950,FUN_00456950,63,1,""
004583d0,DirectInput8Create,6,0,""
004583d6,DirectSoundCreate8,6,0,""
004583dc,Direct3DCreate8,6,0,""
004583e2,FUN_004583e2,45,2,""
0045841c,FUN_0045841c,42,6,"FUN_0045841c FUN_0045d152"
00458446,FUN_00458446,142,6,""
004584d4,FUN_004584d4,42,6,"FUN_004584d4 FUN_0045d152"
004584fe,FUN_004584fe,175,6,""
004585ad,FUN_004585ad,47,6,"FUN_004585ad FUN_0045d152"
004585dc,FUN_004585dc,67,6,""
00458646,FUN_00458646,13,0,"FUN_0045d152"
00458653,thunk_FUN_00458646,6,0,""
00458683,FUN_00458683,174,6,""
00458731,FUN_00458731,42,6,"FUN_00458731 FUN_0045d152"
0045875b,FUN_0045875b,209,6,""
0045882c,FUN_0045882c,47,6,"FUN_0045882c FUN_0045d152"
0045885b,FUN_0045885b,93,6,""
004588b8,FUN_004588b8,13,0,"FUN_0045d152"
004588c5,thunk_FUN_004588b8,6,0,""
00458956,FUN_00458956,13,0,"FUN_0045d152"
00458963,thunk_FUN_00458956,6,0,""
004589dc,FUN_004589dc,17,0,"FUN_0045d152"
004589ed,thunk_FUN_004589dc,6,0,""
00458b38,FUN_00458b38,209,6,""
00458c09,FUN_00458c09,42,6,"FUN_00458c09 FUN_0045d152"
00458c33,FUN_00458c33,243,6,""
00458d26,FUN_00458d26,47,6,"FUN_00458d26 FUN_0045d152"
00458d55,FUN_00458d55,119,6,""
00458f4f,FUN_00458f4f,13,0,"FUN_0045d152"
00458f5c,thunk_FUN_00458f4f,6,0,""
00459198,FUN_00459198,13,0,"FUN_0045d152"
004591a5,thunk_FUN_00459198,6,0,""
0045945b,FUN_0045945b,13,0,"FUN_0045d152"
00459468,thunk_FUN_0045945b,6,0,""
004597fb,FUN_004597fb,46,4,"FUN_004597fb FUN_0045d152"
00459885,FUN_00459885,46,4,"FUN_00459885 FUN_0045d152"
0045990f,FUN_0045990f,28,2,"FUN_0045990f FUN_0045d152"
0045992b,thunk_FUN_0045990f,6,2,""
004599ab,FUN_004599ab,28,2,"FUN_004599ab FUN_0045d152"
004599c7,thunk_FUN_004599ab,6,2,""
00459a48,FUN_00459a48,28,2,"FUN_00459a48 FUN_0045d152"
00459a64,thunk_FUN_00459a48,6,2,""
00459ae6,FUN_00459ae6,32,3,"FUN_00459ae6 FUN_0045d152"
00459b06,FUN_00459b06,258,3,"thunk_FUN_00458646"
00459c08,FUN_00459c08,13,0,"FUN_0045d152"
00459c15,thunk_FUN_00459c08,6,0,""
00459cfd,FUN_00459cfd,46,4,"FUN_00459cfd FUN_0045d152"
00459d2b,FUN_00459d2b,17,0,"FUN_0045d152"
00459d3c,FUN_00459d3c,39,5,"FUN_00459d3c FUN_0045d152"
00459d63,FUN_00459d63,230,5,"thunk_FUN_00458f4f thunk_FUN_00459c08"
00459e49,FUN_00459e49,328,4,"thunk_FUN_00458646"
00459f91,FUN_00459f91,148,5,""
0045a22a,FUN_0045a22a,32,3,"FUN_0045a22a FUN_0045d152"
0045a24a,FUN_0045a24a,92,3,"thunk_FUN_00458646"
0045a2a6,FUN_0045a2a6,46,4,"FUN_0045a2a6 FUN_0045d152"
0045a2d4,thunk_FUN_0045a2a6,6,4,""
0045a3b3,FUN_0045a3b3,13,0,"FUN_0045d152"
0045a3c0,thunk_FUN_0045a3b3,6,0,""
0045a469,FUN_0045a469,13,0,"FUN_0045d152"
0045a476,thunk_FUN_0045a469,6,0,""
0045a530,FUN_0045a530,6,0,""
0045a5b4,FUN_0045a5b4,6,0,""
0045a655,FUN_0045a655,36,4,"FUN_0045a655 FUN_0045d152"
0045a679,thunk_FUN_0045a655,6,4,""
0045a762,FUN_0045a762,42,6,"FUN_0045a762 FUN_0045d152"
0045a78c,FUN_0045a78c,87,6,"thunk_FUN_0045a655"
0045a7e3,FUN_0045a7e3,17,0,"FUN_0045d152"
0045a823,FUN_0045a823,139,6,"FUN_004583e2 thunk_FUN_0045a655"
0045a8ae,FUN_0045a8ae,13,0,"FUN_0045d152"
0045a8bb,thunk_FUN_0045a8ae,6,0,""
0045abb4,FUN_0045abb4,141,2,"FUN_004583e2"
0045ac41,FUN_0045ac41,107,3,""
0045acac,FUN_0045acac,128,3,"FUN_004583e2"
0045ad2c,FUN_0045ad2c,60,3,""
0045ad68,FUN_0045ad68,160,2,"FUN_004583e2"
0045ae08,FUN_0045ae08,191,3,"FUN_004583e2"
0045aec7,FUN_0045aec7,365,6,"thunk_FUN_00458956 thunk_FUN_00458f4f"
0045b054,FUN_0045b054,390,6,"thunk_FUN_00458956 thunk_FUN_00458f4f thunk_FUN_0045945b"
0045b1fa,FUN_0045b1fa,185,2,"FUN_004583e2"
0045b2b3,FUN_0045b2b3,57,4,"thunk_FUN_00459c08 thunk_FUN_0045a2a6"
0045b2ec,FUN_0045b2ec,692,7,"thunk_FUN_00458f4f thunk_FUN_00459198 thunk_FUN_00459c08"
0045b5a0,FUN_0045b5a0,218,2,"thunk_FUN_0045a8ae"
0045b67a,FUN_0045b67a,191,1,"thunk_FUN_0045a8ae"
0045bb13,FUN_0045bb13,36,1,""
0045bb37,FUN_0045bb37,117,2,""
0045bbac,FUN_0045bbac,226,4,"FUN_0045bb37 FUN_0045d22f"
0045bc8e,FUN_0045bc8e,49,1,""
0045bcbf,FUN_0045bcbf,223,10,"FUN_0045ef6d FUN_0045ef77 FUN_00462728 FUN_00462842 FUN_004628dc thunk_FUN_00462852"
0045bda1,FUN_0045bda1,211,11,"FUN_0045ef6d FUN_0045ef77 FUN_00462728 FUN_004628bb FUN_00462cf4 thunk_FUN_004628c1"
0045be74,FUN_0045be74,810,10,"FUN_0045bb13 FUN_0045bbac"
0045c19e,FUN_0045c19e,40,8,"FUN_0045be74"
0045c1c6,FUN_0045c1c6,102,9,"FUN_0045c19e"
0045c22c,FUN_0045c22c,184,9,"FUN_0045bcbf FUN_0045d2bf FUN_0045d2d8 FUN_0045ed98"
0045c2e4,FUN_0045c2e4,422,8,"FUN_0045bcbf FUN_0045d22f FUN_00462842 FUN_004628dc thunk_FUN_00462852"
0045c48a,FUN_0045c48a,134,8,"FUN_0045bda1 FUN_004628bb FUN_00462cf4 thunk_FUN_004628c1"
0045c510,FUN_0045c510,740,4,"FUN_0045c2e4 FUN_0045c48a"
0045c7f4,FUN_0045c7f4,1651,0,"FUN_0045bb13 FUN_0045bbac FUN_0045bc8e FUN_0045bcbf FUN_0045bda1 FUN_0045be74 FUN_0045c510 FUN_0045d2bf FUN_0045d2d8 FUN_0045ed98 FUN_00486d24"
0045ce67,FUN_0045ce67,64,0,"FUN_0045c7f4"
0045cea7,FUN_0045cea7,92,3,"RegCloseKey RegOpenKeyA RegQueryValueExA"
0045cf03,FUN_0045cf03,37,2,""
0045cf28,FUN_0045cf28,153,0,"FUN_0045cf03 RegCloseKey RegOpenKeyA RegQueryValueExA"
0045cfc1,FUN_0045cfc1,56,2,""
0045cff9,FUN_0045cff9,58,0,"FUN_0045d03f FUN_00486d24"
0045d033,Catch@0045d033,12,0,""
0045d03f,FUN_0045d03f,90,0,""
0045d09e,FUN_0045d09e,180,1,"FUN_0045cfc1 FUN_0045cff9 GetVersionExA IsProcessorFeaturePresent"
0045d152,FUN_0045d152,221,1,"FUN_0045cea7 FUN_0045d09e FUN_00468270 FUN_00468380 FUN_00468565 FUN_00468be7"
0045d22f,FUN_0045d22f,144,1,"GetModuleHandleA GetProcAddress LoadLibraryA"
0045d2bf,FUN_0045d2bf,25,1,""
0045d2d8,FUN_0045d2d8,89,1,"FUN_0045d2d8 _free"
0045d331,FUN_0045d331,28,2,"FUN_0045d2d8 _free"
0045d34d,FUN_0045d34d,1814,3,"operator_new"
0045da63,FUN_0045da63,27,1,"_longjmp"
0045daa5,FUN_0045daa5,624,2,"FUN_0045cf28 FUN_00468c23 FUN_00468ef5 FUN_00468f9c FUN_004690a8 FUN_0046912c FUN_0046a9e5 __setjmp3 operator_new thunk_FUN_0047861c"
0045dd15,FUN_0045dd15,1191,3,"operator_new"
0045e1bc,FUN_0045e1bc,646,3,"_isdigit _isspace operator_new"
0045e491,FUN_0045e491,1430,2,"FUN_0046ab4f FUN_0046ac52 FUN_0046adc5 FUN_0046b18c FUN_0046b2fc FUN_0046b37d FUN_0046b397 FUN_0046b3ad FUN_0046b3c3 FUN_0046b3ec FUN_0046b417 FUN_0046b4e8 FUN_0046b51b FUN_0046b582 FUN_0046b58b FUN_0046b59d FUN_0046b5cf FUN_0046b708 FUN_0046b73e FUN_0046cd9f FUN_0046ce62 FUN_0046cea1 FUN_0046cfa6 FUN_00486f20 __ftol __setjmp3 _free operator_new"
0045ea27,FUN_0045ea27,833,3,"FUN_0045bb13 FUN_0045d2bf operator_new"
0045ed68,FUN_0045ed68,48,3,"FUN_0045d34d"
0045ed98,FUN_0045ed98,469,5,"FUN_0045bc8e FUN_0045d331 FUN_0045d34d FUN_0045daa5 FUN_0045dd15 FUN_0045e1bc FUN_0045e491 FUN_0045ea27 FUN_0045ed68 _free"
0045ef6d,FUN_0045ef6d,10,1,""
0045ef77,FUN_0045ef77,30,1,""
0045efab,FUN_0045efab,701,3,"FUN_004865c0 __ftol operator_new"
0045f268,FUN_0045f268,76,2,"_free `eh_vector_destructor_iterator'"
0045f2b4,FUN_0045f2b4,1140,0,"FUN_0045efab FUN_0045f268 FUN_00486d24 _free `eh_vector_constructor_iterator' `vector_constructor_iterator' operator_new"
0045f728,FUN_0045f728,398,1,""
0045f8b6,FUN_0045f8b6,294,6,""
0045f9dc,FUN_0045f9dc,49,1,"FUN_0045fc0b"
0045fa0d,FUN_0045fa0d,232,6,""
0045faf5,FUN_0045faf5,278,6,"FUN_0045f8b6"
0045fc0b,FUN_0045fc0b,56,0,"FUN_0045cf28"
0045fc43,FUN_0045fc43,47,0,"FUN_0045cf28"
0045fc72,FUN_0045fc72,49,1,"FUN_0045fc43"
0045fca3,FUN_0045fca3,336,1,""
0045fdf3,FUN_0045fdf3,292,1,""
0045ff17,FUN_0045ff17,335,1,""
00460066,FUN_00460066,339,1,""
004601b9,FUN_004601b9,319,1,""
004602f8,FUN_004602f8,155,1,""
00460393,FUN_00460393,332,1,""
004604df,FUN_004604df,289,1,""
00460600,FUN_00460600,332,1,""
0046074c,FUN_0046074c,319,1,""
0046088b,FUN_0046088b,312,1,"FUN_0045f728"
004609c3,FUN_004609c3,241,0,"FUN_00486d24 _free `vector_constructor_iterator' operator_new"
00460ab4,FUN_00460ab4,514,0,"FUN_00486d24 _free `vector_constructor_iterator' operator_new"
00460cb6,FUN_00460cb6,516,0,"FUN_00486d24 _free `vector_constructor_iterator' operator_new"
00460eba,FUN_00460eba,1027,0,"FUN_0045f9dc FUN_0045fc72 FUN_0045fca3 FUN_0045fdf3 FUN_0045ff17 FUN_00460066 FUN_004601b9 FUN_004602f8 FUN_00460393 FUN_004604df FUN_00460600 FUN_0046074c FUN_00486d24 _free `vector_constructor_iterator' operator_new"
004612dd,FUN_004612dd,1170,0,"FUN_00486d24 _free `vector_constructor_iterator' operator_new"
0046176f,FUN_0046176f,256,1,"FUN_004865c0 operator_new"
0046186f,FUN_0046186f,998,0,"FUN_0046176f FUN_00486d24 _free `vector_constructor_iterator' operator_new"
00461c55,FUN_00461c55,1841,0,"FUN_0046176f FUN_00486d24 _free `vector_constructor_iterator' operator_new"
00462386,FUN_00462386,930,0,"FUN_0045efab FUN_0045f268 FUN_00486d24 _free `eh_vector_constructor_iterator' `vector_constructor_iterator' operator_new"
00462728,FUN_00462728,282,4,"FUN_0045f2b4 FUN_0046088b FUN_004609c3 FUN_00460ab4 FUN_00460cb6 FUN_00460eba FUN_004612dd FUN_0046186f FUN_00461c55 FUN_00462386 FUN_00463a81 FUN_00467ad1"
00462842,FUN_00462842,16,1,""
00462852,FUN_00462852,105,1,""
004628bb,FUN_004628bb,6,1,""
004628c1,FUN_004628c1,22,1,""
004628d7,thunk_FUN_00462852,5,1,""
004628dc,FUN_004628dc,1043,7,"FUN_0045d22f FUN_00462852"
00462cef,thunk_FUN_004628c1,5,1,""
00462cf4,FUN_00462cf4,859,7,"FUN_0045d22f FUN_004628c1"
0046304f,FUN_0046304f,19,1,"_free"
00463065,FUN_00463065,759,2,""
0046335c,FUN_0046335c,160,0,"FUN_0046304f FUN_00486d24 _free"
004633fc,FUN_004633fc,1018,0,"FUN_00463065 FUN_00486d24 _free `vector_constructor_iterator' operator_new"
004637f6,FUN_004637f6,35,1,""
00463819,FUN_00463819,588,4,"`vector_constructor_iterator'"
00463a65,FUN_00463a65,28,2,"FUN_0046304f _free"
00463a81,FUN_00463a81,123,0,"FUN_00486d24 `vector_constructor_iterator' operator_new"
00463afc,FUN_00463afc,204,1,"FUN_00463065"
00463bc8,FUN_00463bc8,112,2,""
00463c38,FUN_00463c38,236,4,"FUN_00463065 FUN_004637f6"
00463d24,FUN_00463d24,291,4,"FUN_00463065 FUN_004637f6"
00463e47,FUN_00463e47,257,4,"FUN_00463065 FUN_004637f6"
00463f48,FUN_00463f48,257,4,"FUN_00463065 FUN_004637f6"
00464049,FUN_00464049,257,4,"FUN_00463065 FUN_004637f6"
0046414a,FUN_0046414a,285,4,"FUN_00463065 FUN_004637f6"
00464267,FUN_00464267,291,4,"FUN_00463065 FUN_004637f6"
0046438a,FUN_0046438a,254,4,"FUN_00463065 FUN_004637f6"
00464488,FUN_00464488,169,4,"FUN_00463065 FUN_004637f6"
00464531,FUN_00464531,291,4,"FUN_00463065 FUN_004637f6"
00464654,FUN_00464654,257,4,"FUN_00463065 FUN_004637f6"
00464755,FUN_00464755,291,4,"FUN_00463065 FUN_004637f6"
00464878,FUN_00464878,208,4,"FUN_00463065 FUN_004637f6"
00464948,FUN_00464948,280,4,"FUN_00463065 FUN_004637f6"
00464a60,FUN_00464a60,197,4,"FUN_00463065"
00464b25,FUN_00464b25,197,4,"FUN_00463065 FUN_004637f6"
00464bea,FUN_00464bea,246,4,"FUN_00463065 FUN_004637f6"
00464ce0,FUN_00464ce0,235,4,"FUN_00463065 FUN_004637f6"
00464dcb,FUN_00464dcb,213,4,"FUN_00463065 FUN_004637f6"
00464ea0,FUN_00464ea0,261,4,"FUN_00463065 FUN_004637f6"
00464fa5,FUN_00464fa5,267,4,"FUN_00463065 FUN_004637f6"
004650b0,FUN_004650b0,314,4,"FUN_00463065 FUN_004637f6"
004651ea,FUN_004651ea,214,4,"FUN_00463065 FUN_004637f6"
004652c0,FUN_004652c0,266,4,"FUN_00463065 FUN_004637f6"
004653ca,FUN_004653ca,310,4,"FUN_00463065 FUN_004637f6"
00465500,FUN_00465500,199,4,"FUN_00463065 FUN_004637f6"
004655c7,FUN_004655c7,238,4,"FUN_00463065 FUN_004637f6"
004656b5,FUN_004656b5,239,4,"FUN_00463065 FUN_004637f6"
004657a4,FUN_004657a4,348,4,"FUN_00463065 FUN_004637f6"
00465900,FUN_00465900,140,4,"FUN_00463bc8"
0046598c,FUN_0046598c,166,4,"FUN_00463bc8"
00465a32,FUN_00465a32,156,4,"FUN_00463bc8"
00465ace,FUN_00465ace,165,4,"FUN_00463bc8"
00465b73,FUN_00465b73,162,4,"FUN_00463bc8"
00465c15,FUN_00465c15,176,4,"FUN_00463bc8"
00465cc5,FUN_00465cc5,175,4,"FUN_00463bc8"
00465d74,FUN_00465d74,214,4,"FUN_00463bc8"
00465e4a,FUN_00465e4a,146,4,"FUN_00463bc8"
00465edc,FUN_00465edc,162,4,"FUN_00463bc8"
00465f7e,FUN_00465f7e,114,4,"FUN_00463bc8"
00465ff0,FUN_00465ff0,178,4,"FUN_00463bc8"
004660a2,FUN_004660a2,159,4,"FUN_00463bc8"
00466141,FUN_00466141,135,4,"FUN_00463bc8"
0046622c,FUN_0046622c,110,4,"FUN_00463bc8"
0046629a,FUN_0046629a,137,4,"FUN_00463bc8"
00466323,FUN_00466323,137,4,"FUN_00463bc8"
004663ac,FUN_004663ac,130,4,"FUN_00463bc8"
0046642e,FUN_0046642e,177,4,"FUN_00463bc8"
004664df,FUN_004664df,145,4,"FUN_00463bc8"
00466570,FUN_00466570,151,4,"FUN_00463bc8"
00466607,FUN_00466607,131,4,"FUN_00463bc8"
0046668a,FUN_0046668a,186,4,"FUN_00463bc8"
00466744,FUN_00466744,211,4,"FUN_00463bc8"
00466817,FUN_00466817,112,4,"FUN_00463bc8"
00466887,FUN_00466887,142,4,"FUN_00463bc8"
00466915,FUN_00466915,140,4,"FUN_00463bc8"
004669a1,FUN_004669a1,224,4,"FUN_00463bc8 __aullshr"
00466a81,FUN_00466a81,28,2,"FUN_00463819"
00466a9d,FUN_00466a9d,248,0,"FUN_00463819 FUN_00486d24 `vector_constructor_iterator' operator_new"
00466b95,FUN_00466b95,28,2,"FUN_00463819"
00466bb1,FUN_00466bb1,28,2,"FUN_00463819"
00466bcd,FUN_00466bcd,28,2,"FUN_00463819"
00466be9,FUN_00466be9,492,1,""
00466dd5,thunk_FUN_0046304f,5,1,""
00466dda,FUN_00466dda,28,2,"FUN_00463819"
00466df6,FUN_00466df6,28,2,"FUN_00463819"
00466e12,FUN_00466e12,721,4,"FUN_00466be9"
004670e3,FUN_004670e3,28,2,"FUN_00463819"
004670ff,FUN_004670ff,28,2,"FUN_00463819"
0046711b,FUN_0046711b,28,2,"FUN_00463819"
00467137,FUN_00467137,28,2,"FUN_00463819"
00467153,FUN_00467153,28,2,"FUN_00463819"
0046716f,FUN_0046716f,141,4,"FUN_00463065 FUN_00466e12"
004671fc,FUN_004671fc,28,2,"FUN_00463819"
00467287,FUN_00467287,28,2,"FUN_00463819"
004672a3,FUN_004672a3,498,2,"FUN_00463819"
00467495,FUN_00467495,28,2,"FUN_00463819"
004674b1,FUN_004674b1,28,2,"FUN_00463819"
004674cd,FUN_004674cd,28,2,"FUN_00463819"
004674e9,FUN_004674e9,28,2,"FUN_00463819"
00467505,FUN_00467505,28,2,"FUN_0046335c _free"
00467521,FUN_00467521,28,2,"FUN_00463819"
0046753d,FUN_0046753d,257,1,""
0046763e,FUN_0046763e,28,2,"FUN_00463819"
0046765a,FUN_0046765a,28,2,"FUN_00463819"
00467676,FUN_00467676,28,2,"_free thunk_FUN_0046304f"
00467692,FUN_00467692,28,2,"FUN_00463819"
004676ae,FUN_004676ae,28,2,"FUN_00463819"
004676ca,FUN_004676ca,28,2,"FUN_00463819"
004676e6,FUN_004676e6,28,2,"FUN_00463819"
00467702,FUN_00467702,28,2,"FUN_00463819"
0046771e,FUN_0046771e,28,2,"FUN_00463819"
0046773a,FUN_0046773a,681,0,"FUN_004637f6 FUN_00486d24 `vector_constructor_iterator' operator_new"
004679e3,FUN_004679e3,28,2,"FUN_00463819"
004679ff,FUN_004679ff,28,2,"FUN_00463819"
00467a1b,FUN_00467a1b,28,2,"FUN_00463819"
00467a37,thunk_FUN_0046335c,5,0,""
00467a3c,FUN_00467a3c,24,2,"FUN_004672a3"
00467a54,FUN_00467a54,28,2,"_free thunk_FUN_0046335c"
00467a70,FUN_00467a70,73,0,"FUN_0046304f FUN_00466be9 FUN_00486d24 _free"
00467ab9,FUN_00467ab9,24,1,"FUN_00466a9d"
00467ad1,FUN_00467ad1,1824,0,"FUN_00466a81 FUN_00466b95 FUN_00466bb1 FUN_00466bcd FUN_00466dda FUN_00466df6 FUN_004670e3 FUN_004670ff FUN_0046711b FUN_00467137 FUN_00467153 FUN_004671fc FUN_00467287 FUN_00467495 FUN_004674b1 FUN_004674cd FUN_004674e9 FUN_00467521 FUN_0046763e FUN_0046765a FUN_00467692 FUN_004676ae FUN_004676ca FUN_004676e6 FUN_00467702 FUN_0046771e FUN_004679e3 FUN_004679ff FUN_00467a1b FUN_00467a3c FUN_00467ab9 FUN_00486d24 operator_new"
00468249,FUN_00468249,28,2,"_free thunk_FUN_00467a70"
00468265,thunk_FUN_00467a70,5,0,""
00468270,FUN_00468270,262,1,""
00468380,FUN_00468380,266,1,""
00468490,FUN_00468490,213,0,""
00468565,FUN_00468565,550,1,"FUN_00468490"
004689ac,FUN_004689ac,202,2,""
00468a76,FUN_00468a76,227,3,""
00468b59,FUN_00468b59,142,3,""
00468be7,FUN_00468be7,60,1,""
00468c23,FUN_00468c23,192,3,"FUN_0046a857 FUN_00477686 FUN_00477b90 FUN_00478546"
00468ce3,thunk_FUN_0047861c,5,1,""
00468ce8,FUN_00468ce8,371,0,""
00468e5b,FUN_00468e5b,154,1,"FUN_00468ce8"
00468ef5,FUN_00468ef5,167,1,"FUN_004785fa"
00468f9c,FUN_00468f9c,99,2,"FUN_00468e5b FUN_004785fa"
00468fff,FUN_00468fff,169,0,""
004690a8,FUN_004690a8,132,3,""
0046912c,FUN_0046912c,193,1,"FUN_00468fff FUN_00478c39"
004691ed,FUN_004691ed,142,0,""
0046927b,FUN_0046927b,763,2,""
00469576,FUN_00469576,690,0,""
00469828,FUN_00469828,572,1,""
00469a64,FUN_00469a64,378,1,""
00469bde,FUN_00469bde,343,0,""
00469d35,FUN_00469d35,660,0,"FUN_00478653"
00469fc9,FUN_00469fc9,553,0,"FUN_00478637"
0046a1f2,FUN_0046a1f2,215,1,""
0046a2c9,FUN_0046a2c9,156,1,""
0046a365,FUN_0046a365,215,1,""
0046a43c,FUN_0046a43c,151,1,""
0046a6c0,FUN_0046a6c0,126,1,"FUN_0046a365"
0046a82d,FUN_0046a82d,42,1,""
0046a857,FUN_0046a857,125,1,"FUN_0046a82d"
0046a8d4,FUN_0046a8d4,26,1,"FUN_0047861c _exit"
0046a9e5,FUN_0046a9e5,76,1,""
0046aa31,FUN_0046aa31,135,3,""
0046aab8,FUN_0046aab8,26,4,""
0046aad2,FUN_0046aad2,29,2,"_longjmp"
0046aaf0,FUN_0046aaf0,21,2,""
0046ab05,FUN_0046ab05,37,2,"FUN_0046aa31 FUN_0046aad2"
0046ab2a,FUN_0046ab2a,37,2,"FUN_0046aa31 FUN_0046aaf0"
0046ab4f,FUN_0046ab4f,259,4,"FUN_0046aab8 FUN_0046aad2 FUN_0046ce62 FUN_00478dcb FUN_00479149 FUN_0047918b FUN_00479198 FUN_004791ce __setjmp3"
0046ac52,FUN_0046ac52,371,2,"FUN_0046aad2 FUN_0046ce3a FUN_0046cea1 FUN_0046cf41 FUN_0047923b FUN_0047925e FUN_00479bba FUN_00479db0 FUN_00479eda FUN_00479f24 FUN_0047a02f FUN_0047a11e FUN_0047a2d5"
0046adc5,FUN_0046adc5,32,2,"FUN_0046b747 FUN_00479992"
0046ade5,FUN_0046ade5,935,4,"FUN_0046aad2 FUN_0046cb07 FUN_0046ce3a FUN_0046cf41 FUN_00478de2 FUN_004791e7 FUN_0047923b FUN_0047925e FUN_00479338 FUN_0047954e FUN_00479817 FUN_00479992 FUN_00479b2e FUN_0047a31f"
0046b18c,FUN_0046b18c,77,2,"FUN_0046ade5 FUN_0046b5b6"
0046b1d9,FUN_0046b1d9,291,3,"FUN_0046cf98 FUN_00478ca8 FUN_004791ce thunk_FUN_004791ce"
0046b2fc,FUN_0046b2fc,129,3,"FUN_0046b1d9 FUN_0047918b"
0046b37d,FUN_0046b37d,26,3,""
0046b397,FUN_0046b397,22,2,""
0046b3ad,FUN_0046b3ad,22,2,""
0046b3c3,FUN_0046b3c3,41,3,""
0046b3ec,FUN_0046b3ec,43,3,""
0046b417,FUN_0046b417,209,9,"FUN_0046aaf0"
0046b4e8,FUN_0046b4e8,51,4,""
0046b51b,FUN_0046b51b,103,5,""
0046b582,FUN_0046b582,9,1,""
0046b58b,FUN_0046b58b,18,1,""
0046b59d,FUN_0046b59d,25,1,""
0046b5b6,FUN_0046b5b6,25,1,""
0046b5cf,FUN_0046b5cf,77,3,""
0046b61c,FUN_0046b61c,45,2,""
0046b649,FUN_0046b649,191,2,""
0046b708,FUN_0046b708,54,3,""
0046b73e,FUN_0046b73e,9,1,""
0046b747,FUN_0046b747,235,2,""
0046b832,FUN_0046b832,272,2,""
0046b942,FUN_0046b942,375,3,""
0046bab9,FUN_0046bab9,68,2,""
0046bafd,FUN_0046bafd,568,4,""
0046bd35,FUN_0046bd35,846,5,""
0046c083,FUN_0046c083,520,5,""
0046c28b,FUN_0046c28b,850,3,""
0046c5dd,FUN_0046c5dd,270,4,""
0046c6eb,FUN_0046c6eb,777,1,"FUN_00479198 FUN_00486f20 __ftol"
0046c9f4,FUN_0046c9f4,275,1,"FUN_0046c6eb"
0046cb07,FUN_0046cb07,440,1,"FUN_0046aad2 FUN_0046b61c FUN_0046b649 FUN_0046b832 FUN_0046b942 FUN_0046bab9 FUN_0046bafd FUN_0046bd35 FUN_0046c083 FUN_0046c28b FUN_0046c5dd"
0046ccbf,FUN_0046ccbf,27,3,""
0046ccda,FUN_0046ccda,161,9,"FUN_0046aaf0"
0046cd7b,FUN_0046cd7b,36,4,""
0046cd9f,FUN_0046cd9f,27,3,""
0046cdba,FUN_0046cdba,57,3,"FUN_0046ccbf FUN_0046cd9f"
0046cdf3,FUN_0046cdf3,71,5,""
0046ce3a,FUN_0046ce3a,40,3,"FUN_0046aad2"
0046ce62,FUN_0046ce62,63,3,"FUN_0046aaf0"
0046cea1,FUN_0046cea1,72,3,""
0046cee9,FUN_0046cee9,83,3,"FUN_00479198"
0046cf3c,thunk_FUN_004791ce,5,2,""
0046cf41,FUN_0046cf41,24,1,"FUN_0047a543"
0046cf59,FUN_0046cf59,63,3,"FUN_0047a543"
0046cf98,FUN_0046cf98,14,2,""
0046cfa6,FUN_0046cfa6,38,1,"FUN_00479149"
0046cfcc,FUN_0046cfcc,76,1,""
0046d018,FUN_0046d018,126,1,""
0046d096,FUN_0046d096,48,1,""
0046d0c6,FUN_0046d0c6,35,1,""
0046d0e9,FUN_0046d0e9,250,1,"FUN_0046d0c6"
0046d1e3,FUN_0046d1e3,773,4,"FUN_0046d0c6"
0046d4e8,FUN_0046d4e8,1387,4,"FUN_0046d0c6"
0046da53,FUN_0046da53,2052,2,"FUN_0046cfcc FUN_0046d0c6 FUN_0046d0e9 FUN_0046d4e8"
0046e257,FUN_0046e257,318,2,"FUN_0046cfcc"
0046e395,FUN_0046e395,131,2,"FUN_0046e257"
0046e418,FUN_0046e418,316,2,"FUN_0046e257"
0046e56c,FUN_0046e56c,276,2,"FUN_0046d0c6 FUN_0046da53"
0046e680,FUN_0046e680,1106,2,"FUN_0046d0c6 FUN_0046d1e3 FUN_0046da53"
0046eb18,FUN_0046eb18,52,1,"FUN_0046d096 FUN_0046e56c"
0046eb4c,FUN_0046eb4c,52,1,"FUN_0046d096 FUN_0046e680"
0046eb80,FUN_0046eb80,64,3,""
0046ebc0,FUN_0046ebc0,89,3,""
00470f46,FUN_00470f46,179,3,"FUN_0047ac40"
004714ef,FUN_004714ef,108,3,"FUN_00476242 FUN_0047b220"
0047155b,FUN_0047155b,311,4,"FUN_0047ab40 FUN_0047b340"
00471692,FUN_00471692,141,6,"FUN_0047155b"
0047171f,FUN_0047171f,146,6,"FUN_0047155b"
00471815,FUN_00471815,167,2,"FUN_0047ac40 FUN_0047b340"
00471961,FUN_00471961,2649,7,"FUN_0047ac40 FUN_0047b220 FUN_0047b340"
00472aa2,FUN_00472aa2,57,1,""
00472c62,FUN_00472c62,4504,7,""
00473dfa,FUN_00473dfa,421,3,"FUN_0047b220"
004744d3,FUN_004744d3,281,2,"FUN_00476242 FUN_0047b220"
004745ec,FUN_004745ec,4436,7,""
00475740,FUN_00475740,738,3,""
00475e1a,FUN_00475e1a,820,3,""
00476242,FUN_00476242,95,2,""
004764d0,FUN_004764d0,139,3,""
0047655b,FUN_0047655b,455,3,""
00476727,FUN_00476727,360,6,"FUN_004764d0 FUN_0047655b"
004768af,FUN_004768af,518,6,"FUN_00475e1a FUN_004764d0 FUN_0047655b"
00476ad5,FUN_00476ad5,307,6,"FUN_00472aa2 FUN_00475740 FUN_004764d0 FUN_0047655b"
004774f8,FUN_004774f8,100,2,""
004775da,FUN_004775da,16,2,""
004775ea,FUN_004775ea,24,2,""
00477602,FUN_00477602,71,6,""
00477649,FUN_00477649,34,3,""
0047766b,FUN_0047766b,27,2,""
00477686,FUN_00477686,50,0,""
004776b8,FUN_004776b8,443,0,"FUN_004775da"
00477873,FUN_00477873,374,0,"FUN_004775da"
004779e9,FUN_004779e9,146,0,""
00477a7b,FUN_00477a7b,58,1,"FUN_00477873 FUN_004779e9"
00477b48,FUN_00477b48,55,1,""
00477b90,FUN_00477b90,65,1,""
00477bd1,FUN_00477bd1,21,2,""
00477be6,FUN_00477be6,252,4,"FUN_00477bd1 FUN_0047b743"
00477ce2,FUN_00477ce2,142,4,"FUN_00477bd1 FUN_0047b743"
00477d70,FUN_00477d70,146,4,"FUN_00477be6 FUN_00477ce2"
00477e02,FUN_00477e02,158,4,"FUN_00477be6 FUN_00477ce2"
00477ea0,FUN_00477ea0,97,7,"FUN_00477be6"
00477f01,FUN_00477f01,97,7,"FUN_00477be6"
00477f62,FUN_00477f62,383,1,"FUN_00477d70 FUN_00477e02 FUN_0047b74e FUN_0047b753"
004780e1,FUN_004780e1,136,2,""
00478169,FUN_00478169,139,2,""
004781f4,FUN_004781f4,286,5,"FUN_0047766b FUN_004780e1"
00478312,FUN_00478312,291,5,"FUN_0047766b FUN_00478169"
00478435,FUN_00478435,225,2,"FUN_0047b738"
00478516,FUN_00478516,48,1,"FUN_00478435 FUN_0047b738 FUN_004803b9"
00478546,FUN_00478546,180,1,"FUN_0047b743 FUN_004803b9 FUN_00490e61"
004785fa,FUN_004785fa,34,1,""
0047861c,FUN_0047861c,27,1,""
00478637,FUN_00478637,28,1,""
00478653,FUN_00478653,28,1,""
0047866f,FUN_0047866f,113,2,""
004786e0,FUN_004786e0,495,1,"FUN_004775da FUN_0047866f"
004788cf,FUN_004788cf,111,0,""
0047893e,FUN_0047893e,429,0,"FUN_0047866f FUN_004786e0 FUN_004788cf FUN_0047bca5 FUN_0047c8e1 FUN_0047d2b1 FUN_0047de5f FUN_0047e077 FUN_0047e312 FUN_0047e7d1 FUN_0047ef5c FUN_0047f555 FUN_004804cb FUN_00480f5d"
00478c39,FUN_00478c39,48,1,"FUN_0047893e"
00478c69,FUN_00478c69,63,1,"FUN_00480fe4"
00478ca8,FUN_00478ca8,62,1,"FUN_00481877"
00478ce6,FUN_00478ce6,229,4,"FUN_00478c69 FUN_00478ca8 FUN_0048104f FUN_004819c4"
00478dcb,FUN_00478dcb,23,3,"FUN_00478ce6"
00478de2,FUN_00478de2,815,2,"FUN_00480fe4 FUN_004810dc"
00479149,FUN_00479149,66,1,"_malloc"
0047918b,FUN_0047918b,13,1,"_free"
00479198,FUN_00479198,54,2,"FUN_0046aad2 _malloc"
004791ce,FUN_004791ce,25,2,"_free"
004791e7,FUN_004791e7,35,4,""
0047920a,FUN_0047920a,49,4,""
0047923b,FUN_0047923b,35,1,""
0047925e,FUN_0047925e,26,3,"FUN_0046ce3a FUN_0046cf59"
00479278,FUN_00479278,94,1,"FUN_0046ce3a FUN_0047923b"
004792d6,FUN_004792d6,98,2,"FUN_0046ab05"
00479338,FUN_00479338,534,3,""
0047954e,FUN_0047954e,713,3,""
00479817,FUN_00479817,379,5,"FUN_0046aaf0"
00479992,FUN_00479992,412,1,"FUN_0046c9f4 FUN_00479198 FUN_0047920a"
00479b2e,FUN_00479b2e,140,2,"FUN_0046ab05 FUN_0046ab2a FUN_0047925e FUN_00479278"
00479bba,FUN_00479bba,502,3,"FUN_0046aad2 FUN_0046ccda FUN_0047923b FUN_0047925e FUN_00479b2e"
00479db0,FUN_00479db0,298,4,"FUN_0046aad2 FUN_0046aaf0 FUN_0046cd7b FUN_0046cee9 FUN_0047925e FUN_00479b2e"
00479eda,FUN_00479eda,74,5,"FUN_0046aad2 FUN_0046aaf0 FUN_00479b2e"
00479f24,FUN_00479f24,267,3,"FUN_0046aad2 FUN_0046aaf0 FUN_0046ccbf FUN_0047923b FUN_0047925e FUN_00479b2e"
0047a02f,FUN_0047a02f,239,3,"FUN_0046aad2 FUN_0046aaf0 FUN_0046cdba FUN_0047925e FUN_00479b2e"
0047a11e,FUN_0047a11e,439,3,"FUN_0046aad2 FUN_0046aaf0 FUN_0046cdf3 FUN_00479198 FUN_0047925e FUN_00479b2e"
0047a2d5,FUN_0047a2d5,74,3,"FUN_0046ab05 FUN_004792d6 FUN_00479b2e"
0047a31f,FUN_0047a31f,548,2,"FUN_0046aad2 FUN_0046ce3a FUN_0046cf41 FUN_00478c69 FUN_00478de2 FUN_0047920a FUN_0047923b FUN_0047925e FUN_00479b2e"
0047a543,FUN_0047a543,265,3,""
0047a650,FUN_0047a650,492,3,""
0047a840,FUN_0047a840,232,0,""
0047a930,FUN_0047a930,329,3,""
0047ab40,FUN_0047ab40,245,0,""
0047ac40,FUN_0047ac40,247,0,""
0047b220,FUN_0047b220,275,0,""
0047b340,FUN_0047b340,277,0,""
0047b738,FUN_0047b738,11,2,"_free"
0047b743,FUN_0047b743,11,2,"_malloc"
0047b74e,FUN_0047b74e,5,3,""
0047b753,FUN_0047b753,20,1,""
0047b767,FUN_0047b767,168,0,""
0047b80f,FUN_0047b80f,305,0,""
0047b940,FUN_0047b940,212,0,""
0047ba14,FUN_0047ba14,150,0,""
0047baaa,FUN_0047baaa,104,4,""
0047bb12,FUN_0047bb12,264,4,"FUN_0047b940 FUN_0047ba14"
0047bca5,FUN_0047bca5,211,2,"FUN_0047b767"
0047bd78,FUN_0047bd78,63,1,""
0047bdc7,FUN_0047bdc7,474,2,"FUN_0047766b FUN_0047bd78"
0047bfa1,FUN_0047bfa1,415,1,"FUN_0047bd78"
0047c140,FUN_0047c140,358,2,""
0047c2a6,FUN_0047c2a6,227,0,""
0047c8a6,FUN_0047c8a6,59,1,"FUN_0047c2a6"
0047c8e1,FUN_0047c8e1,248,2,"FUN_004775ea"
0047c9d9,FUN_0047c9d9,426,3,""
0047cb83,FUN_0047cb83,234,4,""
0047cc6d,FUN_0047cc6d,234,5,"FUN_0047cb83"
0047cd57,FUN_0047cd57,94,1,""
0047cdb5,FUN_0047cdb5,973,2,"FUN_0047cb83 FUN_0047cc6d FUN_0047cd57"
0047d182,FUN_0047d182,303,1,"FUN_0047c9d9"
0047d2b1,FUN_0047d2b1,58,1,""
0047d2eb,FUN_0047d2eb,91,0,""
0047d346,FUN_0047d346,509,2,"FUN_0047cb83 FUN_0047cc6d FUN_0047d2eb"
0047d543,FUN_0047d543,553,2,"FUN_0047cb83 FUN_0047cc6d FUN_0047d2eb"
0047d76c,FUN_0047d76c,226,2,"FUN_0047cb83 FUN_0047d2eb"
0047d84e,FUN_0047d84e,878,2,"FUN_0047cb83 FUN_0047cc6d FUN_0047d2eb"
0047dbbc,FUN_0047dbbc,675,1,"FUN_0047c9d9"
0047de5f,FUN_0047de5f,97,1,""
0047dec0,FUN_0047dec0,439,1,""
0047e077,FUN_0047e077,116,1,""
0047e0eb,FUN_0047e0eb,101,7,""
0047e150,FUN_0047e150,144,6,""
0047e1e0,FUN_0047e1e0,140,1,""
0047e312,FUN_0047e312,131,2,"FUN_004775ea"
0047e3af,FUN_0047e3af,198,7,""
0047e488,FUN_0047e488,221,4,"FUN_00477602"
0047e565,FUN_0047e565,87,4,""
0047e5bc,FUN_0047e5bc,106,4,"FUN_00477602"
0047e626,FUN_0047e626,164,4,""
0047e6ca,FUN_0047e6ca,263,4,""
0047e7d1,FUN_0047e7d1,449,1,"FUN_004775ea"
0047e992,FUN_0047e992,176,0,""
0047ea42,FUN_0047ea42,107,5,""
0047eaad,FUN_0047eaad,35,5,"FUN_00477602"
0047ead0,FUN_0047ead0,306,5,""
0047ec02,FUN_0047ec02,316,5,""
0047ed3e,FUN_0047ed3e,542,5,"FUN_0047ec02"
0047ef5c,FUN_0047ef5c,289,1,"FUN_0047e992"
0047f07d,FUN_0047f07d,176,0,""
0047f142,FUN_0047f142,166,7,"FUN_00477602"
0047f1e8,FUN_0047f1e8,49,6,""
0047f219,FUN_0047f219,342,4,""
0047f36f,FUN_0047f36f,486,4,""
0047f555,FUN_0047f555,117,1,"FUN_0047f07d"
0047f5ca,FUN_0047f5ca,108,4,""
0047f636,FUN_0047f636,824,0,""
0047f96e,FUN_0047f96e,339,4,"FUN_0047f636"
0047fac1,FUN_0047fac1,312,1,""
0047fbf9,FUN_0047fbf9,141,1,"FUN_0047f636 FUN_0047f96e FUN_0047fac1"
0047fc86,FUN_0047fc86,384,3,""
0047fe06,FUN_0047fe06,282,7,""
0047ff20,FUN_0047ff20,208,3,"FUN_0047fc86 FUN_0047fe06"
0047fff0,FUN_0047fff0,169,4,"FUN_0047ff20"
00480099,FUN_00480099,622,4,"FUN_0047ff20"
00480307,FUN_00480307,144,0,""
004803b9,FUN_004803b9,1,0,""
004803ba,FUN_004803ba,258,2,"FUN_0047766b FUN_00480307"
004804cb,FUN_004804cb,275,1,"FUN_00480307"
004805de,FUN_004805de,203,2,""
004806a9,FUN_004806a9,301,0,"FUN_004805de"
004807d6,FUN_004807d6,299,1,""
00480901,FUN_00480901,197,0,""
004809c6,FUN_004809c6,136,4,""
00480a4e,FUN_00480a4e,141,4,""
00480adb,FUN_00480adb,235,4,"FUN_0047766b"
00480bc6,FUN_00480bc6,255,4,""
00480cc5,FUN_00480cc5,388,4,"FUN_0047766b"
00480e49,FUN_00480e49,54,0,""
00480e7f,FUN_00480e7f,202,1,"FUN_0047766b FUN_004807d6 FUN_00480901 FUN_00480e49"
00480f5d,FUN_00480f5d,135,1,"FUN_004806a9 FUN_004807d6 FUN_00480e49"
00480fe4,FUN_00480fe4,107,3,"FUN_004828f5"
0048104f,FUN_0048104f,141,3,"FUN_00480fe4"
004810dc,FUN_004810dc,1907,3,"FUN_0048235d FUN_00482391 FUN_004828f5 FUN_00482c8b FUN_00482d0a FUN_00482e0d FUN_00482e3c"
00481877,FUN_00481877,52,2,"FUN_00480fe4"
004818ab,FUN_004818ab,281,3,""
004819c4,FUN_004819c4,16,3,"_calloc"
004819d4,FUN_004819d4,789,5,""
00481ce9,FUN_00481ce9,446,5,""
00481ea7,FUN_00481ea7,61,5,""
00481ee4,FUN_00481ee4,76,5,"FUN_00482f51 FUN_004833b3"
00481f30,FUN_00481f30,76,5,"FUN_00483a6b FUN_00483dc6"
00481f7c,FUN_00481f7c,993,5,"__ftol"
0048235d,FUN_0048235d,52,5,""
00482391,FUN_00482391,1340,3,"FUN_00482e3c FUN_00484b99"
004828f5,FUN_004828f5,17,2,""
00482906,FUN_00482906,901,9,""
00482c8b,FUN_00482c8b,127,5,"FUN_00482906"
00482d0a,FUN_00482d0a,259,9,"FUN_00482906"
00482e0d,FUN_00482e0d,47,4,""
00482e3c,FUN_00482e3c,277,3,""
00482f51,FUN_00482f51,1122,6,""
004833b3,FUN_004833b3,1720,6,""
00483a6b,FUN_00483a6b,859,6,""
00483dc6,FUN_00483dc6,3539,6,""
00484b99,FUN_00484b99,693,6,""
00484e4e,WINNLSEnableIME,6,0,""
00484e54,FUN_00484e54,56,0,""
00484e8c,__fpmath,30,1,"FUN_00484e54 __ms_p5_mp_test_fdiv __setdefaultprecision"
00484eaa,_vsprintf,87,3,"__flsbuf __output"
00484f01,__onexit_lk,128,0,"__msize _realloc"
00484f81,___onexitinit,40,0,"_malloc"
00484fa9,__onexit,50,1,"FUN_00484fdb FUN_004871bf __SEH_epilog __SEH_prolog __onexit_lk"
00484fdb,FUN_00484fdb,6,0,"FUN_004871c8"
00484fe1,_atexit,18,1,"__onexit"
00484ff3,_JumpToContinuation,43,2,""
00485023,FID_conflict:_CallMemberFunction1,7,2,""
0048502a,_UnwindNestedFrames,82,2,"RtlUnwind"
0048507c,___CxxFrameHandler,54,4,"___InternalCxxFrameHandler"
004850ed,_CallSETranslator,199,7,"__getptd"
004851b4,TranslatorGuardHandler,175,4,"_CallSETranslator _UnwindNestedFrames ___InternalCxxFrameHandler"
00485266,_GetRangeOfTrysToCheck,122,5,"_inconsistency"
004852e0,_CreateFrameInfo,40,2,"__getptd"
00485308,IsExceptionObjectToBeDestroyed,33,1,"__getptd"
00485329,_FindAndUnlinkFrame,76,1,"__getptd _inconsistency"
00485375,_CallCatchBlock2,89,5,"__CallSettingFrame@12"
004853d0,__global_unwind2,32,1,"RtlUnwind"
00485412,__local_unwind2,104,2,"FUN_004854a6"
0048547a,__abnormal_termination,35,0,""
0048549d,__NLG_Notify1,9,1,""
004854a6,FUN_004854a6,24,0,""
004854be,_free,104,1,"FUN_00485511 HeapFree __SEH_epilog __SEH_prolog ___sbh_find_block ___sbh_free_block __lock"
00485511,FUN_00485511,9,0,"FUN_00489315"
0048552f,__ArrayUnwind,47,4,"__SEH_epilog __SEH_prolog"
0048558d,`eh_vector_destructor_iterator',72,4,"FUN_004855d5 __SEH_epilog __SEH_prolog"
004855d5,FUN_004855d5,24,0,"__ArrayUnwind"
004855ed,`eh_vector_constructor_iterator',74,5,"FUN_00485637 __SEH_epilog __SEH_prolog"
00485637,FUN_00485637,24,0,"__ArrayUnwind"
0048564f,_free,5,1,""
00485654,operator_new,14,1,"__nh_malloc"
00485664,FUN_00485664,117,0,""
004856d9,__heap_alloc,111,1,"FUN_0048574b HeapAlloc __SEH_epilog __SEH_prolog ___sbh_alloc_block __lock"
0048574b,FUN_0048574b,9,0,"FUN_00489315"
00485754,__nh_malloc,44,2,"__callnewh __heap_alloc"
00485780,_malloc,18,1,"__nh_malloc"
004857a0,FUN_004857a0,20,0,"FUN_004857bd FUN_0048a1f8"
004857bd,FUN_004857bd,157,2,"FUN_0048a185 FUN_0048a19c __math_exit __startOneArgErrorHandling"
00485860,FUN_00485860,20,0,"FUN_0048587d FUN_0048a1f8"
0048587d,FUN_0048587d,145,2,"FUN_0048a19c __math_exit __startOneArgErrorHandling"
00485910,FUN_00485910,20,0,"FUN_0048592d FUN_0048a1f8"
0048592d,FUN_0048592d,145,2,"FUN_0048a19c __math_exit __startOneArgErrorHandling"
004859ca,FUN_004859ca,10,1,"__cintrindisp2"
004859ea,FUN_004859ea,10,1,"__cintrindisp2"
00485a12,_sprintf,88,2,"__flsbuf __output"
00485a70,_strrchr,45,2,""
00485aa0,__chkstk,61,0,""
00485add,__endthreadex,48,1,"ExitThread FUN_004803b9 __amsg_exit __freeptd __getptd"
00485b0e,FUN_00485b0e,137,1,"FUN_004803b9 GetCurrentThreadId __SEH_prolog __XcptFilter __amsg_exit __endthreadex _free"
00485ba3,__beginthreadex,139,6,"CreateThread FUN_0048b51f GetLastError __dosmaperr __initptd _calloc _free"
00485c30,_memmove,672,3,""
00485f6d,FUN_00485f6d,44,1,"CreateDirectoryA GetLastError __dosmaperr"
00485fa0,FUN_00485fa0,20,0,"FUN_00485fbd FUN_0048a1f8"
00485fbd,FUN_00485fbd,149,2,"FUN_0048a19c __math_exit __startOneArgErrorHandling"
00486060,__aulldiv,104,4,""
004860d0,__allmul,52,4,""
00486104,__endthread,61,0,"CloseHandle ExitThread FUN_004803b9 __amsg_exit __freeptd __getptd"
00486142,FUN_00486142,134,1,"FUN_004803b9 __SEH_prolog __XcptFilter __amsg_exit __endthread _free"
004861d4,__beginthread,145,3,"CreateThread FUN_0048b51f GetLastError ResumeThread __dosmaperr __initptd _calloc _free"
00486280,_strchr,195,2,""
00486340,_strncmp,57,3,""
00486379,_atol,136,1,"___isctype_mt ___updatetlocinfo __getptd"
00486401,_atol,5,1,""
00486406,FID_conflict:__time32,57,1,"GetSystemTimeAsFileTime __aulldiv"
0048643f,_localtime,384,1,"___tzset __isindst _gmtime"
004865c0,FUN_004865c0,500,2,"___libm_error_support __ctrlfp __except1 __frnd __handle_qnan1 __sptype"
00486730,FUN_00486730,79,0,"FUN_00486788 FUN_0048a1f8 FUN_0048c4d0"
00486788,FUN_00486788,125,2,"FUN_0048a19c __math_exit __startOneArgErrorHandling"
00486810,FUN_00486810,20,0,"FUN_0048682d FUN_0048a1f8"
0048682d,FUN_0048682d,174,2,"FUN_0048a185 FUN_0048a19c __math_exit __startOneArgErrorHandling"
004868db,__chdir,273,1,"GetCurrentDirectoryA GetLastError SetCurrentDirectoryA SetEnvironmentVariableA __SEH_epilog __SEH_prolog __chkstk __dosmaperr __mbctoupper __security_check_cookie _free"
00486a1e,_rand,34,0,"__getptd"
00486a54,__amsg_exit,37,1,"__FF_MSGBANNER __NMSG_WRITE __exit"
00486a79,fast_error_exit,36,1,"__FF_MSGBANNER __NMSG_WRITE ___crtExitProcess"
00486a9d,entry,426,0,"FUN_00420240 GetCommandLineA GetModuleHandleA GetStartupInfoA GetVersionExA __RTC_Initialize __SEH_epilog __SEH_prolog ___crtGetEnvironmentStringsA __amsg_exit __cexit __chkstk __cinit __heap_init __ioinit __mtinit __setargv __setenvp __wincmdln _exit fast_error_exit"
00486c72,FUN_00486c72,21,2,""
00486c87,__fpclass,156,1,"__sptype"
00486d24,FUN_00486d24,31,0,""
00486d44,_longjmp,120,2,"FUN_004854a6 __global_unwind2 __local_unwind2 __rt_probe_read4@4"
00486dc0,__setjmp3,123,4,""
00486e3b,_isdigit,58,1,"___isctype_mt ___updatetlocinfo __getptd"
00486e75,_isspace,58,1,"___isctype_mt ___updatetlocinfo __getptd"
00486eb0,__ftol,39,0,""
00486f20,FUN_00486f20,84,0,"FUN_00486f7d FUN_0048dad0"
00486f7d,FUN_00486f7d,453,4,"FUN_00487142 FUN_0048a110 FUN_0048a170 FUN_0048a185 FUN_0048a20e FUN_0048a259 __fload_withFB __powhlp"
00487142,FUN_00487142,40,0,""
00487170,__aullshr,31,2,""
0048718f,___crtExitProcess,47,1,"ExitProcess GetModuleHandleA GetProcAddress"
004871bf,FUN_004871bf,9,0,"__lock"
004871c8,FUN_004871c8,9,0,"FUN_00489315"
004871d1,__initterm,24,1,""
004871e9,__cinit,106,1,"___onexitinit ___security_init_cookie __fpmath _atexit"
00487253,doexit,181,3,"FUN_00487302 GetCurrentProcess TerminateProcess __SEH_epilog __SEH_prolog ___crtExitProcess __initterm __lock"
00487302,FUN_00487302,14,0,"FUN_00489315"
00487316,_exit,17,1,"doexit"
00487327,__exit,17,1,"doexit"
00487338,__cexit,15,0,"doexit"
00487356,_calloc,175,2,"FUN_00487400 HeapAlloc __SEH_epilog __SEH_prolog ___sbh_alloc_block __callnewh __lock _memset"
00487400,FUN_00487400,9,0,"FUN_00489315"
00487411,__forcdecpt,60,1,"_isdigit _tolower"
004874b2,__fassign,62,3,"FID_conflict:__atodbl FID_conflict:__atodbl"
004874f0,__shift,29,0,"_memmove _strlen"
0048750d,__cftoe2,174,3,"FUN_0048eef0 __shift"
004875bb,__cftoe,108,5,"__cftoe2 __fltout2 __fptostr __security_check_cookie"
00487627,__cftof2,156,3,"__shift _memset"
004876c3,__cftof,98,4,"__cftof2 __fltout2 __fptostr __security_check_cookie"
00487725,__cftog,154,4,"__cftoe2 __cftof2 __fltout2 __fptostr __security_check_cookie"
004877bf,__cfltcvt,81,6,"__cftoe __cftof __cftog"
00487810,__setdefaultprecision,18,0,"__controlfp"
00487822,__ms_p5_test_fdiv,64,0,""
00487862,__ms_p5_mp_test_fdiv,41,0,"GetModuleHandleA GetProcAddress __ms_p5_test_fdiv"
0048788b,__flsbuf,281,2,"__getbuf __isatty __lseek __write"
004879a4,write_char,51,0,"__flsbuf"
004879d7,write_multi_char,36,2,"write_char"
004879fb,write_string,55,1,"write_char"
00487a32,__output,2010,3,"FUN_0048f185 __aulldvrm __security_check_cookie _free _malloc _strlen _wctomb write_char write_multi_char write_string"
0048822c,_realloc,412,2,"FUN_00488394 HeapAlloc HeapReAlloc __SEH_epilog __SEH_prolog ___sbh_alloc_block ___sbh_find_block ___sbh_free_block ___sbh_resize_block __callnewh __lock _free _malloc _memcpy"
00488394,FUN_00488394,9,0,"FUN_00489315"
004883d9,__msize,106,1,"FUN_00488446 HeapSize __SEH_epilog __SEH_prolog ___sbh_find_block __lock"
00488446,FUN_00488446,9,0,"FUN_00489315"
00488450,__SEH_prolog,59,2,""
0048848b,__SEH_epilog,17,0,""
0048858a,FUN_0048858a,27,1,"__local_unwind2"
004885a5,TypeMatch,79,3,"_strcmp"
00488612,___FrameUnwindToState,148,4,"FUN_004886c5 __CallSettingFrame@12 __SEH_epilog __SEH_prolog __getptd _inconsistency"
004886c5,FUN_004886c5,27,0,"__getptd"
004886e0,___DestructExceptionObject,52,1,"FID_conflict:_CallMemberFunction1 __SEH_epilog __SEH_prolog"
00488725,AdjustPointer,31,2,""
00488744,CallCatchBlock,157,7,"FUN_00488899 _CallCatchBlock2 _CreateFrameInfo __SEH_epilog __SEH_prolog __getptd"
00488899,FUN_00488899,111,0,"IsExceptionObjectToBeDestroyed _FindAndUnlinkFrame ___DestructExceptionObject __abnormal_termination __getptd"
00488908,BuildCatchObject,368,4,"AdjustPointer FID_conflict:_CallMemberFunction1 _ValidateExecute _ValidateRead _ValidateWrite __SEH_epilog __SEH_prolog _inconsistency _memmove"
00488a84,CatchIt,103,11,"BuildCatchObject CallCatchBlock _JumpToContinuation _UnwindNestedFrames ___FrameUnwindToState"
00488aeb,FindHandlerForForeignException,190,8,"CatchIt _CallSETranslator _GetRangeOfTrysToCheck __getptd"
00488ba9,FindHandler,516,8,"CatchIt FindHandlerForForeignException TypeMatch _GetRangeOfTrysToCheck _ValidateRead ___DestructExceptionObject __getptd _inconsistency terminate"
00488dad,___InternalCxxFrameHandler,162,8,"FindHandler ___FrameUnwindToState _inconsistency"
00488e4f,FUN_00488e4f,9,0,"TlsAlloc"
00488e58,__mtterm,29,0,"__mtdeletelocks"
00488e75,__initptd,19,2,""
00488e88,__getptd,113,0,"GetCurrentThreadId GetLastError SetLastError __amsg_exit _calloc"
00488ef9,__freefls@4,301,1,"FUN_0048902b FUN_00489037 __SEH_epilog __SEH_prolog ___freetlocinfo __lock _free"
0048902b,FUN_0048902b,9,0,"FUN_00489315"
00489037,FUN_00489037,9,0,"FUN_00489315"
00489040,__freeptd,47,1,"__freefls@4"
0048906f,__mtinit,239,0,"FUN_00488e4f GetCurrentThreadId GetModuleHandleA GetProcAddress TlsSetValue __mtinitlocks __mtterm _calloc"
0048915e,terminate,46,0,"__SEH_prolog __getptd _abort"
00489193,_inconsistency,38,0,"__SEH_prolog terminate"
004891c0,__CallSettingFrame@12,76,3,"__NLG_Notify1"
0048920c,___heap_select,26,0,""
00489226,__heap_init,81,0,"HeapCreate HeapDestroy ___heap_select ___sbh_heap_init"
00489277,__mtinitlocks,73,0,"___crtInitCritSecAndSpinCount"
004892c0,__mtdeletelocks,85,0,"DeleteCriticalSection _free"
00489315,FUN_00489315,21,1,"LeaveCriticalSection"
0048932a,__mtinitlocknum,151,1,"FUN_004893c1 FUN_0048b51f __SEH_epilog __SEH_prolog ___crtInitCritSecAndSpinCount __local_unwind2 __lock _free _malloc"
004893c1,FUN_004893c1,9,0,"FUN_00489315"
004893ca,__lock,49,1,"EnterCriticalSection __amsg_exit __mtinitlocknum"
004893fb,___sbh_heap_init,72,1,"HeapAlloc"
00489443,___sbh_find_block,43,1,""
0048946e,___sbh_free_block,792,2,"HeapFree VirtualFree _memmove"
00489786,___sbh_alloc_new_region,183,0,"HeapAlloc HeapFree HeapReAlloc VirtualAlloc"
0048983d,___sbh_alloc_new_group,262,1,"VirtualAlloc"
00489943,___sbh_resize_block,735,3,""
00489c22,___sbh_alloc_block,764,1,"___sbh_alloc_new_group ___sbh_alloc_new_region"
00489f1e,__callnewh,27,1,""
00489f40,__trandisp1,103,2,""
00489fa7,__trandisp2,140,2,""
0048a103,FUN_0048a103,7,0,""
0048a110,FUN_0048a110,23,8,""
0048a127,__startOneArgErrorHandling,60,6,"__87except"
0048a170,FUN_0048a170,21,0,""
0048a185,FUN_0048a185,23,0,""
0048a19c,FUN_0048a19c,25,0,""
0048a1b5,__fload_withFB,67,2,""
0048a1f8,FUN_0048a1f8,22,2,""
0048a20e,FUN_0048a20e,13,0,""
0048a21b,__math_exit,42,5,"__startOneArgErrorHandling"
0048a259,FUN_0048a259,163,7,"FUN_0048a110 __startOneArgErrorHandling"
0048a36c,FUN_0048a36c,9,0,""
0048a3b0,__cintrindisp2,62,2,"FUN_0048a47a __trandisp2"
0048a3ee,__cintrindisp1,61,2,"FUN_0048a47a __trandisp1"
0048a42b,__ctrandisp2,72,4,"FUN_0048a473 __fload __trandisp2"
0048a473,FUN_0048a473,7,0,""
0048a47a,FUN_0048a47a,327,0,"__87except"
0048a5c1,__ctrandisp1,51,2,"FUN_0048a473 __fload __trandisp1"
0048a5f4,__fload,60,2,""
0048ae36,FUN_0048ae36,518,3,""
0048b03c,FUN_0048b03c,178,0,"FUN_0048ae36"
0048b3bb,__XcptFilter,356,2,"UnhandledExceptionFilter __getptd"
0048b51f,FUN_0048b51f,9,0,"__getptd"
0048b528,FUN_0048b528,9,0,"__getptd"
0048b531,__dosmaperr,115,1,"__getptd"
0048b5a4,__CxxUnhandledExceptionFilter,78,1,"_ValidateExecute terminate"
0048b620,_strlen,139,1,""
0048b6ab,___isctype_mt,119,4,"___crtGetStringTypeA"
0048b722,___freetlocinfo,208,1,"___free_lc_time ___free_lconv_mon ___free_lconv_num _free"
0048b7f2,___updatetlocinfo_lk,193,0,"___freetlocinfo __getptd"
0048b8b3,___updatetlocinfo,50,0,"FUN_0048b8e5 __SEH_epilog __SEH_prolog ___updatetlocinfo_lk __lock"
0048b8e5,FUN_0048b8e5,9,0,"FUN_00489315"
0048b8ee,__tzset_lk,666,0,"FUN_0048bb09 FUN_0048eef0 GetTimeZoneInformation WideCharToMultiByte __SEH_epilog __SEH_prolog __getenv_lk __local_unwind2 __lock _atol _free _malloc _strcmp _strlen _strncpy"
0048bb09,FUN_0048bb09,9,0,"FUN_00489315"
0048bb96,cvtdate,440,9,""
0048bd4e,__isindst_lk,391,0,"cvtdate"
0048bed5,___tzset,67,0,"FUN_0048bf18 __SEH_epilog __SEH_prolog __lock __tzset_lk"
0048bf18,FUN_0048bf18,9,0,"FUN_00489315"
0048bf21,__isindst,53,1,"FUN_0048bf56 __SEH_epilog __SEH_prolog __isindst_lk __lock"
0048bf56,FUN_0048bf56,9,0,"FUN_00489315"
0048bf5f,_gmtime,263,1,"__getptd _malloc"
0048c066,___libm_error_support,654,4,"FUN_0048b51f FUN_00490e61 __security_check_cookie"
0048c2f4,FUN_0048c2f4,46,0,"__SEH_epilog __SEH_prolog"
0048c329,___sse2_available_init,206,0,"FUN_0048c2f4 __security_check_cookie _strncmp"
0048c4d0,FUN_0048c4d0,24,0,"FUN_0048c4ee"
0048c4ee,FUN_0048c4ee,717,1,"___libm_error_support"
0048c7bc,__mbctoupper,133,1,"___crtLCMapStringA ___updatetmbcinfo __getptd"
0048c841,__resetstkoflw,227,0,"GetSystemInfo VirtualAlloc VirtualProtect VirtualQuery __chkstk"
0048c924,report_failure,41,0,"ExitProcess __SEH_prolog ___security_error_handler"
0048c955,__security_check_cookie,14,1,"report_failure"
0048c963,__NMSG_WRITE,375,1,"FUN_0048eef0 FUN_0048ef00 GetModuleFileNameA GetStdHandle WriteFile ___crtMessageBoxA __chkstk __security_check_cookie _strlen _strncpy"
0048cada,__FF_MSGBANNER,57,0,"__NMSG_WRITE"
0048cb13,__wincmdln,93,0,"___initmbctable __ismbblead"
0048cb70,__setenvp,199,0,"FUN_0048eef0 ___initmbctable _free _malloc _strlen"
0048cc37,parse_cmdline,364,2,""
0048cda3,__setargv,162,0,"GetModuleFileNameA ___initmbctable _malloc parse_cmdline"
0048ce45,___crtGetEnvironmentStringsA,290,0,"FreeEnvironmentStringsA FreeEnvironmentStringsW GetEnvironmentStrings GetEnvironmentStringsW GetLastError WideCharToMultiByte _free _malloc _memcpy"
0048cf67,__ioinit,510,0,"GetFileType GetStartupInfoA GetStdHandle SetHandleCount ___crtInitCritSecAndSpinCount _malloc"
0048d165,__RTC_Initialize,61,0,"__SEH_epilog __SEH_prolog"
0048d1ed,__set_exp,42,2,""
0048d217,__sptype,91,2,""
0048d272,__decomp,188,3,"__set_exp"
0048d32e,__raise_exc,677,6,"RaiseException __clrfp __statfp"
0048d5d3,__handle_exc,548,3,"FUN_0048da30 __decomp"
0048d7f7,__set_errno,40,1,"FUN_0048b51f"
0048d81f,__errcode,45,1,""
0048d84c,__umatherr,158,2,"FUN_00490e61 __ctrlfp __set_errno"
0048d8ea,__handle_qnan1,83,2,"FUN_0048b51f __ctrlfp __umatherr"
0048d93d,__except1,184,5,"__ctrlfp __errcode __handle_exc __raise_exc __security_check_cookie __set_errno __umatherr"
0048d9f5,__statfp,11,0,""
0048da00,__clrfp,12,0,""
0048da0c,__ctrlfp,36,0,""
0048da30,FUN_0048da30,86,0,""
0048da86,__rt_probe_read4@4,41,0,"__SEH_epilog __SEH_prolog"
0048dad0,FUN_0048dad0,25,0,"FUN_0048dae9"
0048dae9,FUN_0048dae9,2861,3,"___libm_error_support"
0048e827,__d_inttype,110,1,"__fpclass __frnd"
0048e895,__powhlp,354,4,"__d_inttype"
0048ea00,_memset,96,3,""
0048ea60,___tolower_mt,200,3,"___crtLCMapStringA ___isctype_mt"
0048eb28,_tolower,34,1,"___tolower_mt ___updatetlocinfo __getptd"
0048eb4a,__ZeroTail,50,2,""
0048eb7c,__IncMan,77,2,"___addl"
0048ebc9,__RoundMan,114,2,"__IncMan __ZeroTail"
0048ec3b,__CopyMan,27,2,""
0048ec56,__IsZeroMan,25,1,""
0048ec6f,__ShrMan,123,2,""
0048ecea,__ld12cvt,344,3,"__CopyMan __IsZeroMan __RoundMan __ShrMan"
0048ee42,FID_conflict:__ld12tod,22,2,"__ld12cvt"
0048ee58,FID_conflict:__ld12tod,22,2,"__ld12cvt"
0048ee6e,FID_conflict:__atodbl,61,2,"FID_conflict:__ld12tod ___strgtold12 __security_check_cookie"
0048eeab,FID_conflict:__atodbl,61,2,"FID_conflict:__ld12tod ___strgtold12 __security_check_cookie"
0048eef0,FUN_0048eef0,7,2,""
0048ef00,FUN_0048ef00,232,2,""
0048efe8,__fptostr,119,4,"_memmove _strlen"
0048f05f,___dtold,186,2,""
0048f119,__fltout2,108,4,"$I10_OUTPUT FUN_0048eef0 ___dtold __security_check_cookie"
0048f185,FUN_0048f185,9,0,"__amsg_exit"
0048f18e,__abstract_cw,146,0,""
0048f220,__hw_cw,142,0,""
0048f2ae,__control87,50,2,"__abstract_cw __hw_cw"
0048f2e0,__controlfp,22,2,"__control87"
0048f2f6,__lseek_lk,116,3,"FUN_0048b51f GetLastError SetFilePointer __dosmaperr __get_osfhandle"
0048f36a,__lseek,160,3,"FUN_0048b51f FUN_0048b528 FUN_0048f3f1 __SEH_epilog __SEH_prolog __lock_fhandle __lseek_lk"
0048f3f1,FUN_0048f3f1,8,0,"FUN_0049209d"
0048f415,__write_lk,462,3,"FUN_0048b51f FUN_0048b528 GetLastError WriteFile __dosmaperr __lseeki64_lk __security_check_cookie"
0048f5e3,__write,160,3,"FUN_0048b51f FUN_0048b528 FUN_0048f66a __SEH_epilog __SEH_prolog __lock_fhandle __write_lk"
0048f66a,FUN_0048f66a,8,0,"FUN_0049209d"
0048f68e,__getbuf,68,1,"_malloc"
0048f6d2,__isatty,42,1,""
0048f85d,___wctomb_mt,96,3,"FUN_0048b51f WideCharToMultiByte"
0048f8bd,_wctomb,39,2,"___updatetlocinfo ___wctomb_mt __getptd"
0048f8f0,__aulldvrm,149,4,""
0048f990,_memcpy,672,3,""
0048fccd,__ValidateEH3RN,553,1,"InterlockedExchange VirtualQuery"
0048ff00,_strcmp,135,2,""
0048ff88,_ValidateRead,28,2,"IsBadReadPtr"
0048ffa4,_ValidateWrite,28,2,"IsBadWritePtr"
0048ffc0,_ValidateExecute,24,1,"IsBadCodePtr"
0048ffd8,_CPtoLCID,47,0,""
00490007,setSBCS,41,0,""
00490030,setSBUpLow,396,0,"GetCPInfo ___crtGetStringTypeA ___crtLCMapStringA __security_check_cookie"
004901bc,___updatetmbcinfo,99,0,"FUN_00490222 __SEH_epilog __SEH_prolog __getptd __lock _free"
00490222,FUN_00490222,9,0,"FUN_00489315"
0049022b,__setmbcp_lk,400,1,"GetCPInfo _CPtoLCID __security_check_cookie setSBCS setSBUpLow"
004903bb,__setmbcp,327,1,"FUN_00490502 GetACP GetOEMCP __SEH_epilog __SEH_prolog __lock __setmbcp_lk _free _malloc"
00490502,FUN_00490502,9,0,"FUN_00489315"
0049050b,___initmbctable,30,0,"__setmbcp"
00490529,_abort,24,0,"__NMSG_WRITE __exit _raise"
00490541,___crtInitCritSecNoSpinCount@8,16,1,"InitializeCriticalSection"
00490551,___crtInitCritSecAndSpinCount,103,2,"GetModuleHandleA GetProcAddress __SEH_epilog __SEH_prolog ___crtInitCritSecNoSpinCount@8"
004905dc,__87except,248,3,"FUN_00490e61 __ctrlfp __handle_exc __raise_exc __security_check_cookie __set_errno"
004906d4,___crtGetStringTypeA,421,7,"GetLastError GetStringTypeA GetStringTypeW MultiByteToWideChar __SEH_epilog __SEH_prolog ___ansicp ___convertcp __chkstk _calloc _free _memset"
0049088e,___free_lc_time,400,1,"_free"
00490a1e,___free_lconv_num,95,1,"_free"
00490a7d,___free_lconv_mon,217,1,"_free"
00490b60,_strcspn,70,2,""
00490bb0,_strncpy,292,3,""
00490da0,_strpbrk,64,2,""
00490de0,__getenv_lk,129,1,"___wtomb_environ __mbsnbicoll _strlen"
00490e61,FUN_00490e61,3,0,""
00490e64,__frnd,17,1,""
00490e75,___crtLCMapStringA,886,9,"GetLastError LCMapStringA LCMapStringW MultiByteToWideChar WideCharToMultiByte __SEH_epilog __SEH_prolog ___ansicp ___convertcp __chkstk _free _malloc _memset"
00491231,___security_init_cookie,102,0,"GetCurrentProcessId GetCurrentThreadId GetSystemTimeAsFileTime GetTickCount QueryPerformanceCounter"
00491297,___security_error_handler,319,1,"FUN_0048eef0 FUN_0048ef00 GetModuleFileNameA __SEH_prolog ___crtMessageBoxA __chkstk __exit _strlen _strncpy"
004913df,___crtMessageBoxA,249,3,"GetProcAddress LoadLibraryA"
004914d8,x_ismbbtype,51,3,""
0049150b,__ismbblead,17,1,"x_ismbbtype"
0049151c,___addl,33,3,""
0049153d,___add_12,94,2,"___addl"
0049159b,___shl_12,46,1,""
004915c9,___shr_12,45,1,""
004915f6,___mtold12,222,3,"___add_12 ___shl_12 __security_check_cookie"
004916d4,___strgtold12,1028,7,"___mtold12 ___multtenpow12 __security_check_cookie _isdigit"
00491b08,$I10_OUTPUT,654,6,"FUN_0048eef0 ___add_12 ___ld12mul ___multtenpow12 ___shl_12 ___shr_12 __security_check_cookie"
00491d96,siglookup,46,0,""
00491dc4,_raise,356,1,"FUN_00491eff __SEH_epilog __SEH_prolog __exit __getptd __lock siglookup"
00491eff,FUN_00491eff,13,1,"FUN_00489315"
00491f3d,FUN_00491f3d,127,1,"FUN_0048b51f FUN_0048b528 SetStdHandle"
00491fbc,__get_osfhandle,65,1,"FUN_0048b51f FUN_0048b528"
00491ffd,__lock_fhandle,148,1,"EnterCriticalSection FUN_00492094 __SEH_epilog __SEH_prolog ___crtInitCritSecAndSpinCount __local_unwind2 __lock"
00492094,FUN_00492094,9,0,"FUN_00489315"
0049209d,FUN_0049209d,34,1,"LeaveCriticalSection"
004920bf,__lseeki64_lk,131,4,"FUN_0048b51f GetLastError SetFilePointer __dosmaperr __get_osfhandle"
004921dd,FUN_004921dd,93,1,"__write"
00492346,___ansicp,67,1,"GetLocaleInfoA __security_check_cookie _atol"
00492389,___convertcp,434,6,"GetCPInfo MultiByteToWideChar WideCharToMultiByte __SEH_epilog __SEH_prolog __chkstk __security_check_cookie _calloc _free _memset _strlen"
00492560,___ascii_stricmp,78,2,""
004925ae,__stricmp,105,2,"___ascii_stricmp ___tolower_mt ___updatetlocinfo __getptd"
00492617,__mbsnbicoll,78,3,"___crtCompareStringA ___updatetmbcinfo __getptd"
00492665,___wtomb_environ,144,0,"WideCharToMultiByte ___crtsetenv _free _malloc"
004926f5,___ld12mul,562,2,"___addl ___shl_12 ___shr_12 __security_check_cookie"
00492927,___multtenpow12,134,3,"___ld12mul __security_check_cookie"
004929ad,FUN_004929ad,76,1,"FUN_004921dd FUN_00493217 FUN_004932b2 _free"
00492b10,___ascii_strnicmp,97,3,""
00492b71,_strncnt,28,2,""
00492b8d,___crtCompareStringA,848,8,"CompareStringA CompareStringW GetCPInfo GetLastError MultiByteToWideChar __SEH_epilog __SEH_prolog ___ansicp ___convertcp __chkstk __security_check_cookie _free _malloc _strncnt"
00492f11,findenv,77,1,"__mbsnbicoll"
00492f5e,copy_environ,97,0,"__amsg_exit __strdup _malloc"
00492fbf,___crtsetenv,469,2,"FUN_0048eef0 SetEnvironmentVariableA ___wtomb_environ __mbschr _free _malloc _realloc _strlen copy_environ findenv"
00493194,FUN_00493194,131,1,"CloseHandle FUN_00491f3d GetLastError __dosmaperr __get_osfhandle"
00493217,FUN_00493217,144,1,"FUN_0048b51f FUN_0048b528 FUN_00493194 FUN_0049328e __SEH_epilog __SEH_prolog __lock_fhandle"
0049328e,FUN_0049328e,8,0,"FUN_0049209d"
004932b2,FUN_004932b2,43,1,"_free"
004932dd,__strdup,43,1,"FUN_0048eef0 _malloc _strlen"
00493308,__mbschr,123,2,"___updatetmbcinfo __getptd _strchr"
00493384,RtlUnwind,6,4,""
00493390,Unwind@00493390,8,0,"~TaskStack"
00493398,Unwind@00493398,14,0,"~TaskStack"
004933a6,Unwind@004933a6,14,0,"~TaskStack"
004933c0,Unwind@004933c0,27,0,"`eh_vector_destructor_iterator'"
004933db,Unwind@004933db,27,0,"`eh_vector_destructor_iterator'"
00493400,Unwind@00493400,27,0,"`eh_vector_destructor_iterator'"
0049341b,Unwind@0049341b,27,0,"`eh_vector_destructor_iterator'"
00493440,Unwind@00493440,11,0,"_free"
00493460,Unwind@00493460,28,0,"`eh_vector_destructor_iterator'"
00493490,Unwind@00493490,11,0,"_free"
004934b0,Unwind@004934b0,11,0,"_free"
004934d0,Unwind@004934d0,11,0,"_free"
004934f0,Unwind@004934f0,8,0,"FUN_004152d0"
004934f8,Unwind@004934f8,30,0,"`eh_vector_destructor_iterator'"
00493520,Unwind@00493520,11,0,"~TaskStack"
00493540,Unwind@00493540,8,0,"FUN_004152d0"
00493548,Unwind@00493548,30,0,"`eh_vector_destructor_iterator'"
00493570,Unwind@00493570,22,0,"`eh_vector_destructor_iterator'"
00493590,Unwind@00493590,11,0,"_free"
004935b0,Unwind@004935b0,11,0,"_free"
004935d0,Unwind@004935d0,8,0,"FUN_00418970"
004935d8,Unwind@004935d8,11,0,"_free"
004935e3,Unwind@004935e3,11,0,"_free"
00493600,Unwind@00493600,11,0,"_free"
00493620,Unwind@00493620,8,0,"FUN_00418970"
00493640,Unwind@00493640,28,0,"`eh_vector_destructor_iterator'"
00493670,Unwind@00493670,11,0,"_free"
00493690,Unwind@00493690,11,0,"_free"
004936b0,Unwind@004936b0,11,0,"_free"
004936bb,Unwind@004936bb,11,0,"_free"
004936d0,Unwind@004936d0,11,0,"~TaskStack"
004936f0,Unwind@004936f0,14,0,"~TaskStack"
00493710,Unwind@00493710,8,0,"FUN_00421f90"
00493718,Unwind@00493718,14,0,"FUN_00421e00"
00493730,Unwind@00493730,11,0,"_free"
00493750,Unwind@00493750,14,0,"FUN_0041bae0"
00493770,Unwind@00493770,14,0,"FUN_0041bae0"
00493790,Unwind@00493790,25,0,"`eh_vector_destructor_iterator'"
004937a9,Unwind@004937a9,27,0,"`eh_vector_destructor_iterator'"
004937c4,Unwind@004937c4,14,0,"~TaskStack"
004937d2,Unwind@004937d2,14,0,"~TaskStack"
004937f0,Unwind@004937f0,25,0,"`eh_vector_destructor_iterator'"
00493809,Unwind@00493809,27,0,"`eh_vector_destructor_iterator'"
00493824,Unwind@00493824,14,0,"~TaskStack"
00493832,Unwind@00493832,14,0,"~TaskStack"
00493850,Unwind@00493850,11,0,"_free"
00493870,Unwind@00493870,25,0,"`eh_vector_destructor_iterator'"
00493889,Unwind@00493889,27,0,"`eh_vector_destructor_iterator'"
004938b0,Unwind@004938b0,22,0,"`eh_vector_destructor_iterator'"
004938d0,Unwind@004938d0,11,0,"_free"
004938f0,Unwind@004938f0,11,0,"~TaskStack"
004938fb,Unwind@004938fb,14,0,"FUN_0042ec70"
00493920,Unwind@00493920,11,0,"~TaskStack"
0049392b,Unwind@0049392b,14,0,"FUN_0042ec70"
00493950,Unwind@00493950,11,0,"_free"
00493970,Unwind@00493970,11,0,"_free"
00493990,Unwind@00493990,11,0,"_free"
004939b0,Unwind@004939b0,11,0,"_free"
004939d0,Unwind@004939d0,11,0,"_free"
004939f0,Unwind@004939f0,14,0,"~TaskStack"
004939fe,Unwind@004939fe,27,0,"`eh_vector_destructor_iterator'"
00493a30,Unwind@00493a30,14,0,"~TaskStack"
00493a3e,Unwind@00493a3e,27,0,"`eh_vector_destructor_iterator'"
00493a70,Unwind@00493a70,11,0,"_free"
00493a90,Unwind@00493a90,11,0,"_free"
00493ab0,Unwind@00493ab0,11,0,"_free"
00493abb,Unwind@00493abb,11,0,"_free"
00493ad0,Unwind@00493ad0,11,0,"_free"
00493adb,Unwind@00493adb,11,0,"_free"
00493af0,Unwind@00493af0,11,0,"_free"
00493b10,Unwind@00493b10,11,0,"_free"
00493b30,Unwind@00493b30,8,0,"FUN_00455dc0"
00493b42,Unwind@00493b42,11,0,"FUN_0045d2d8"
00493b61,Unwind@00493b61,10,0,"_free"
00493b6b,Unwind@00493b6b,10,0,"_free"
00493b75,Unwind@00493b75,10,0,"_free"
00493b89,Unwind@00493b89,10,0,"_free"
00493b9d,Unwind@00493b9d,10,0,"_free"
00493ba7,Unwind@00493ba7,10,0,"_free"
00493bbb,Unwind@00493bbb,10,0,"_free"
00493bc5,Unwind@00493bc5,10,0,"_free"
00493bd9,Unwind@00493bd9,10,0,"_free"
00493be3,Unwind@00493be3,10,0,"_free"
00493bed,Unwind@00493bed,10,0,"_free"
00493c01,Unwind@00493c01,10,0,"_free"
00493c0b,Unwind@00493c0b,10,0,"_free"
00493c15,Unwind@00493c15,10,0,"_free"
00493c29,Unwind@00493c29,10,0,"_free"
00493c33,Unwind@00493c33,10,0,"_free"
00493c47,Unwind@00493c47,10,0,"_free"
00493c51,Unwind@00493c51,10,0,"_free"
00493c65,Unwind@00493c65,10,0,"_free"
00493c6f,Unwind@00493c6f,10,0,"_free"
00493c79,Unwind@00493c79,10,0,"_free"
00493c8d,Unwind@00493c8d,8,0,"FUN_0046304f"
00493c9f,Unwind@00493c9f,10,0,"_free"
00493cb3,Unwind@00493cb3,10,0,"_free"
00493cc7,Unwind@00493cc7,8,0,"FUN_0046304f"
00493ccf,Unwind@00493ccf,10,0,"_free"
00493ce3,Unwind@00493ce3,10,0,"_free"
00493cf7,Unwind@00493cf7,8,0,"FUN_0046304f"
00493d09,Unwind@00493d09,10,0,"_free"
00493d13,Unwind@00493d13,10,0,"_free"
00493d1d,Unwind@00493d1d,10,0,"_free"
00493d27,Unwind@00493d27,10,0,"_free"
00493d31,Unwind@00493d31,10,0,"_free"
00493d3b,Unwind@00493d3b,10,0,"_free"
00493d45,Unwind@00493d45,10,0,"_free"
00493d4f,Unwind@00493d4f,10,0,"_free"
00493d59,Unwind@00493d59,10,0,"_free"
00493d63,Unwind@00493d63,10,0,"_free"
00493d6d,Unwind@00493d6d,10,0,"_free"
00493d77,Unwind@00493d77,10,0,"_free"
00493d81,Unwind@00493d81,10,0,"_free"
00493d8b,Unwind@00493d8b,10,0,"_free"
00493d95,Unwind@00493d95,10,0,"_free"
00493d9f,Unwind@00493d9f,10,0,"_free"
00493da9,Unwind@00493da9,10,0,"_free"
00493db3,Unwind@00493db3,10,0,"_free"
00493dbd,Unwind@00493dbd,10,0,"_free"
00493dc7,Unwind@00493dc7,10,0,"_free"
00493dd1,Unwind@00493dd1,10,0,"_free"
00493ddb,Unwind@00493ddb,10,0,"_free"
00493de5,Unwind@00493de5,10,0,"_free"
00493def,Unwind@00493def,10,0,"_free"
00493df9,Unwind@00493df9,10,0,"_free"
00493e03,Unwind@00493e03,10,0,"_free"
00493e0d,Unwind@00493e0d,10,0,"_free"
00493e17,Unwind@00493e17,10,0,"_free"
00493e21,Unwind@00493e21,10,0,"_free"
00493e2b,Unwind@00493e2b,10,0,"_free"
00493e35,Unwind@00493e35,10,0,"_free"
00493e3f,Unwind@00493e3f,10,0,"_free"
00493e49,Unwind@00493e49,10,0,"_free"
00493e53,Unwind@00493e53,10,0,"_free"
00493e5d,Unwind@00493e5d,10,0,"_free"
00493e67,Unwind@00493e67,10,0,"_free"
00493e71,Unwind@00493e71,10,0,"_free"
00493e90,FUN_00493e90,28,0,"FUN_00401d30 _atexit"
00493eb0,FUN_00493eb0,28,0,"FUN_00418900 _atexit"
00493ed0,FUN_00493ed0,28,0,"FUN_00418900 _atexit"
00493ef0,FUN_00493ef0,28,0,"FUN_00418900 _atexit"
00493f10,FUN_00493f10,28,0,"FUN_00418900 _atexit"
00493f30,FUN_00493f30,28,0,"FUN_004189d0 _atexit"
00493f50,FUN_00493f50,28,0,"_atexit"
00493f70,FUN_00493f70,61,0,"FUN_0041bc00"
00493fb0,FUN_00493fb0,28,0,"FUN_00454e50 _atexit"
00493fd0,FUN_00493fd0,43,0,"_atexit"
00494000,FUN_00494000,28,0,"FUN_0041bdd0 _atexit"
00494020,FUN_00494020,21,0,""
00494040,FUN_00494040,28,0,"FUN_00426350 _atexit"
00494060,FUN_00494060,28,0,"FUN_00454e50 _atexit"
00494080,FUN_00494080,44,0,""
004940b0,FUN_004940b0,18,0,"FUN_00439de0"
004940d0,FUN_004940d0,53,0,""
00494110,FUN_00494110,53,0,""
00494150,FUN_00494150,53,0,""
00494190,FUN_00494190,42,0,"_atexit `eh_vector_constructor_iterator'"
004941c0,FUN_004941c0,15,0,"FUN_00402010"
004941d0,FUN_004941d0,15,0,"FUN_00418970"
004941e0,FUN_004941e0,15,0,"FUN_00418970"
004941f0,FUN_004941f0,15,0,"FUN_00418970"
00494200,FUN_00494200,15,0,"FUN_00418970"
00494210,FUN_00494210,15,0,"FUN_0041bd20"
00494220,FUN_00494220,18,0,"FUN_0041bd70"
00494240,FUN_00494240,15,0,"FUN_00454e90"
00494250,FUN_00494250,5,0,""
00494260,FUN_00494260,15,0,"FUN_0041be40"
00494270,FUN_00494270,15,0,"FUN_00426450"
00494280,FUN_00494280,15,0,"FUN_0041bae0"
00494290,FUN_00494290,24,0,"`eh_vector_destructor_iterator'"
