entry,name,size,params,callees
00401000,FUN_00401000,115,0,"FUN_004027e0 _memset"
00401090,FUN_00401090,391,0,"FUN_00402520 FUN_00454b80 FUN_0045fe60 FUN_00462380 FUN_00462420 FUN_00464220 FUN_0046c9ea"
00401220,FUN_00401220,475,2,"EnterCriticalSection FUN_004604e0 FUN_00462890 FUN_0046ca4f LeaveCriticalSection _free"
004014b0,FUN_004014b0,22,1,"FUN_004022a0"
004014f0,FUN_004014f0,207,1,""
004015c0,FUN_004015c0,80,1,"FUN_004014f0 __security_check_cookie _vsprintf"
00401610,FUN_00401610,260,1,"FUN_004014f0 __security_check_cookie _sprintf"
00401720,FUN_00401720,103,1,"FUN_004014f0 __security_check_cookie _vsprintf"
00401790,FUN_00401790,340,2,"FUN_004018f0 FUN_00430a70 FUN_0045a3c0"
004018f0,FUN_004018f0,1787,2,"FUN_00402390 FUN_00459e50 FUN_0045a570"
00402030,FUN_00402030,101,1,"FUN_00401790 FUN_00430a70 FUN_0045a3c0"
004020a0,FUN_004020a0,254,1,"FUN_004018f0 __security_check_cookie _vsprintf"
004021a0,FUN_004021a0,245,1,"FUN_004020a0 __security_check_cookie _sprintf"
004022a0,FUN_004022a0,124,1,""
00402320,FUN_00402320,6,0,""
00402390,FUN_00402390,90,1,""
00402410,FUN_00402410,62,0,"FUN_00430a70"
00402520,FUN_00402520,315,0,"_memset"
004026e0,FUN_004026e0,34,1,"_free"
00402790,FUN_00402790,33,0,""
004027e0,FUN_004027e0,107,1,"_memset"
00402870,FUN_00402870,231,0,"_free"
00402970,FUN_00402970,186,1,"_memset `eh_vector_constructor_iterator'"
00402a40,FUN_00402a40,630,1,"FUN_004044f0 FUN_00462380 FUN_00462420 FUN_00464300 FUN_0046c9ea"
00402cc0,FUN_00402cc0,603,1,"EnterCriticalSection FUN_00402870 FUN_004604e0 FUN_00462890 FUN_0046ca4f LeaveCriticalSection _free `eh_vector_destructor_iterator'"
00402f20,FUN_00402f20,21,0,"FUN_00402870 FUN_0046ca4f"
00402f40,FUN_00402f40,159,0,"FUN_00402970 FUN_00402a40 FUN_00402cc0 FUN_0046c9ea FUN_0046ca4f"
00403020,FUN_00403020,1729,0,"D3DXVec3Normalize FUN_00404620 FUN_004049a0 FUN_00410020 FUN_00455630 FUN_00464440 FUN_004646e0 FUN_004938c0"
004036f0,FUN_004036f0,1133,1,"FUN_004046c0 FUN_00406550 FUN_004067e0 FUN_00430300 FUN_00430a70 FUN_004529a0 FUN_0045a3c0 FUN_0045c900"
00403b60,FUN_00403b60,854,3,"FUN_004046c0 FUN_00430a70 FUN_0045a3c0 FUN_004611d0 FUN_00464a20"
00403ec0,FUN_00403ec0,10,0,"FUN_00403020"
00403f10,FUN_00403f10,1503,3,"D3DXMatrixTranslation D3DXVec3ProjectArray"
004044f0,FUN_004044f0,297,1,"FUN_0045fe60 FUN_00463c10 FUN_00464220 _malloc _memcpy"
00404620,FUN_00404620,153,1,"FUN_00455630"
004046c0,FUN_004046c0,728,2,"FUN_00403f10 FUN_00430a70 FUN_0045a3c0 FUN_0045c900"
004049a0,FUN_004049a0,3016,1,"FUN_00402520 FUN_00402870 FUN_00405900 FUN_00405c90 FUN_00406250 FUN_004067e0 FUN_0040ff10 FUN_00454d10 FUN_004646e0 FUN_00464a80 FUN_0046c9ea FUN_0046ca4f FUN_004938c0 FUN_004939f0"
004055d0,FUN_004055d0,113,2,""
004056e0,FUN_004056e0,242,0,"FUN_00402520 FUN_00454d10"
004057e0,FUN_004057e0,161,0,"FUN_00452a60 FUN_0046c9ea _memset"
00405890,FUN_00405890,103,0,""
00405900,FUN_00405900,883,0,"FUN_00406020 FUN_00464a80"
00405c90,FUN_00405c90,737,1,"FUN_00406050 FUN_00406090 FUN_004060d0 FUN_00406110 FUN_00406250 FUN_00464a80"
00406020,FUN_00406020,39,0,"FUN_00464f80"
00406050,FUN_00406050,45,0,"FUN_00464f80"
00406090,FUN_00406090,61,1,"FUN_00406250"
004060d0,FUN_004060d0,64,1,"FUN_00406250"
00406110,FUN_00406110,61,1,"FUN_00406250"
00406170,FUN_00406170,31,1,"FUN_004939f0"
004061b0,FUN_004061b0,20,1,"FUN_004646e0"
004061e0,FUN_004061e0,41,2,"FUN_00402520 FUN_00454d10"
00406250,FUN_00406250,171,1,""
00406340,FUN_00406340,52,0,""
00406550,FUN_00406550,62,0,"FUN_00430910"
00406680,FUN_00406680,31,1,"FUN_004938c0"
004067e0,FUN_004067e0,59,1,""
00406880,FUN_00406880,173,1,"FUN_00462380 FUN_00462420 FUN_0046c9ea"
00406930,FUN_00406930,482,1,"EnterCriticalSection FUN_00402870 FUN_00422d70 FUN_00461a70 FUN_00462890 FUN_0046ca4f LeaveCriticalSection _free"
00406b20,FUN_00406b20,105,0,"FUN_004027e0 FUN_00406880 FUN_00406930 FUN_0046c9ea FUN_0046ca4f _memset"
00406bd0,FUN_00406bd0,28,0,"FUN_00406930 FUN_0046ca4f"
00406bf0,FUN_00406bf0,216,0,"FUN_00407010 FUN_00407780 FUN_00408120 FUN_004089c0 FUN_00408cb0 FUN_00453e20 FUN_0046a5f0"
00406de0,FUN_00406de0,90,0,"FUN_004073b0 FUN_004079d0 FUN_00408c10"
00406ed0,FUN_00406ed0,45,0,"FUN_00408580"
00406f60,FUN_00406f60,93,1,""
00407010,FUN_00407010,703,1,"EnterCriticalSection FUN_00406f60 FUN_00452a60 FUN_00453d90 FUN_00454d10 FUN_00461250 FUN_00461920 FUN_004621c0 FUN_0046c9ea LeaveCriticalSection _memset"
004072d0,FUN_004072d0,194,2,"FUN_00406f60 FUN_00407580 FUN_00461920 FUN_00461970 FUN_00461e30"
004073b0,FUN_004073b0,464,1,""
00407580,FUN_00407580,384,0,"FUN_0040cd00 FUN_004285f0"
00407700,FUN_00407700,29,2,""
00407780,FUN_00407780,457,1,"EnterCriticalSection FUN_00452a60 FUN_00453d90 FUN_00454d10 FUN_00461250 FUN_004615a0 FUN_004621c0 FUN_0046c9ea LeaveCriticalSection _memset"
00407950,FUN_00407950,106,1,"FUN_00406f60 FUN_00407a30 FUN_00461920 FUN_00461970"
004079d0,FUN_004079d0,94,3,""
00407a30,FUN_00407a30,167,1,"FUN_0040cd00 FUN_004285f0"
00407b60,FUN_00407b60,26,0,""
00407b80,FUN_00407b80,798,1,"FUN_00407b60 FUN_004086b0 FUN_004087b0 FUN_00408820 FUN_00408880 FUN_00408910 FUN_0041a9f0 FUN_00461920 FUN_004646e0 FUN_00464a80 FUN_00464d50 FUN_00464db0 FUN_004937aa"
00407ea0,FUN_00407ea0,392,1,"EnterCriticalSection FUN_004390f0 FUN_00454d10 FUN_00461250 FUN_004621c0 LeaveCriticalSection"
00408030,FUN_00408030,190,2,"FUN_0040caa0 FUN_004286f0 FUN_004390f0 FUN_00453e20 FUN_00461970"
00408120,FUN_00408120,433,0,"EnterCriticalSection FUN_00453d90 FUN_00454d10 FUN_00461250 FUN_004621c0 LeaveCriticalSection _free _malloc _memset"
004082e0,FUN_004082e0,518,1,"FUN_00406f60 FUN_00407b80 FUN_00407ea0 FUN_00408030 FUN_00408510 FUN_00452a60 FUN_00453e20 FUN_00461970 FUN_004646e0 FUN_0046c9ea _free _memset"
00408510,FUN_00408510,111,0,"FUN_0040caa0 FUN_004286f0"
00408580,FUN_00408580,138,3,"FUN_00408030 FUN_00452a60 FUN_00461970 FUN_0046c9ea _free _memset"
004086b0,FUN_004086b0,123,5,""
004087b0,FUN_004087b0,101,2,""
00408820,FUN_00408820,52,1,"FUN_004937aa"
00408860,FUN_00408860,31,0,"FUN_004937c0"
00408880,FUN_00408880,47,0,"FUN_004937c0"
004088c0,FUN_004088c0,34,1,"FUN_004937aa"
004088f0,FUN_004088f0,31,1,"FUN_004937aa"
00408910,FUN_00408910,32,2,"FUN_004646e0"
004089c0,FUN_004089c0,460,1,"EnterCriticalSection FUN_00452a60 FUN_00453d90 FUN_00454d10 FUN_00461250 FUN_004615a0 FUN_004621c0 FUN_0046c9ea LeaveCriticalSection _memset"
00408b90,FUN_00408b90,112,1,"FUN_00406f60 FUN_00408c30 FUN_00453d90 FUN_00461920 FUN_00461970"
00408c10,FUN_00408c10,20,0,""
00408c30,FUN_00408c30,117,0,"FUN_0040cd00 FUN_004285f0"
00408cb0,FUN_00408cb0,584,1,"EnterCriticalSection FUN_00453d90 FUN_00454d10 FUN_00461250 FUN_004621c0 LeaveCriticalSection"
00408f00,FUN_00408f00,765,1,"FUN_00406f60 FUN_00409220 FUN_004092f0 FUN_00409310 FUN_0040fbe0 FUN_004390f0 FUN_00452a60 FUN_00453d90 FUN_00461920 FUN_00461970 FUN_00464440 FUN_0046c9ea _memset"
00409220,FUN_00409220,157,2,"FUN_0040caa0 FUN_004286f0"
004092f0,FUN_004092f0,30,3,""
00409310,FUN_00409310,63,0,"FUN_00464440"
00409350,FUN_00409350,162,0,""
00409400,FUN_00409400,33,1,"_memset"
004094b0,FUN_004094b0,59,1,"FUN_004027e0"
004094f0,FUN_004094f0,34,1,"_free"
00409530,FUN_00409530,248,0,"FUN_0045fe60 FUN_00462380 FUN_00462420 FUN_00464220 FUN_0046c9ea"
00409630,FUN_00409630,62,1,"FUN_00461be0 _memset"
004096d0,FUN_004096d0,287,2,"EnterCriticalSection FUN_00461be0 FUN_00462890 LeaveCriticalSection `eh_vector_destructor_iterator'"
004097f0,FUN_004097f0,199,0,"FUN_00409530 FUN_004096d0 FUN_0046c9ea FUN_0046ca4f _memset `eh_vector_constructor_iterator'"
004098e0,FUN_004098e0,28,1,"FUN_004096d0 FUN_0046ca4f"
00409900,FUN_00409900,103,3,""
00409970,FUN_00409970,103,3,""
004099e0,FUN_004099e0,1586,2,"EnterCriticalSection FUN_00409350 FUN_00409900 FUN_0040aa60 FUN_0040b670 FUN_0040b6f0 FUN_0040b800 FUN_0040b920 FUN_0040b9c0 FUN_0040baf0 FUN_0040bc20 FUN_0040bef0 FUN_0040c000 FUN_0040c0b0 FUN_0040c170 FUN_0040c230 FUN_0040c3b0 FUN_0040c480 FUN_0040d6e0 FUN_00437810 FUN_00437980 FUN_004391c0 FUN_00454d10 FUN_00455630 FUN_00461250 FUN_004621c0 FUN_00464a20 LeaveCriticalSection"
0040a020,FUN_0040a020,265,0,"FUN_004099e0 FUN_004931e0"
0040a150,FUN_0040a150,151,1,"FUN_0045c900 FUN_00464640"
0040a20e,FUN_0040a20e,10,0,"FUN_0040a020"
0040a250,FUN_0040a250,1999,5,"FUN_00402520 FUN_0040aa60 FUN_0040d640 FUN_00454ee0 FUN_00455630 FUN_00464440 FUN_00464640"
0040aa60,FUN_0040aa60,2798,1,"FUN_00402520 FUN_00406340 FUN_004067e0 FUN_00409400 FUN_0040b5e0 FUN_0040c8b0 FUN_0040d640 FUN_004377a0 FUN_00453d90 FUN_00453e20 FUN_00454ee0 FUN_00464640"
0040b5e0,FUN_0040b5e0,136,0,"FUN_0040a250 FUN_004377a0 FUN_00453e20"
0040b670,FUN_0040b670,113,2,"FUN_0040d640 FUN_00464a80"
0040b6f0,FUN_0040b6f0,270,2,"FUN_00464a80 FUN_004937aa"
0040b800,FUN_0040b800,273,2,"FUN_00464a80 FUN_004937aa"
0040b920,FUN_0040b920,155,2,"FUN_0040d640 FUN_00464640 FUN_00464a80"
0040b9c0,FUN_0040b9c0,303,1,"FUN_0040d640 FUN_00453d90 FUN_00464a80"
0040baf0,FUN_0040baf0,297,1,"FUN_0040d640 FUN_00453d90 FUN_00464a80"
0040bc20,FUN_0040bc20,329,1,"FUN_0040d640 FUN_004377a0 FUN_00453d90 FUN_00464640 FUN_00464a80"
0040bd70,FUN_0040bd70,103,0,"FUN_00464640"
0040bde0,FUN_0040bde0,103,0,"FUN_00464640"
0040be50,FUN_0040be50,61,1,""
0040be90,FUN_0040be90,81,1,""
0040bef0,FUN_0040bef0,258,0,"FUN_0040bd70 FUN_0040bde0 FUN_0040be50 FUN_0040be90 FUN_0040d560 FUN_0040d640 FUN_00453d90"
0040c000,FUN_0040c000,161,0,"FUN_00409970 FUN_00453d90 FUN_00464a20"
0040c0b0,FUN_0040c0b0,183,0,"FUN_00409970 FUN_00453d90 FUN_00464a20"
0040c170,FUN_0040c170,191,2,"FUN_0040d4f0 FUN_0040d640 FUN_004377a0 FUN_00464640 FUN_00464a80"
0040c230,FUN_0040c230,369,0,"FUN_00405900 FUN_0040d640 FUN_00464a80 FUN_004937aa"
0040c3b0,FUN_0040c3b0,207,0,""
0040c480,FUN_0040c480,1062,2,"D3DXVec2Normalize FUN_00409970 FUN_0040d4d0 FUN_00464a20"
0040c8b0,FUN_0040c8b0,494,0,"EnterCriticalSection FUN_0040d560 FUN_00454d10 FUN_00461250 FUN_004621c0 LeaveCriticalSection"
0040caa0,FUN_0040caa0,312,5,"FUN_0040c8b0 FUN_0040d560 FUN_00414f40 FUN_004273f0"
0040cd00,FUN_0040cd00,270,2,"FUN_0040c8b0 FUN_0040d560 FUN_004151f0 FUN_004273f0"
0040ce20,FUN_0040ce20,310,5,"FUN_0040c8b0 FUN_0040d560 FUN_00415340 FUN_004273f0"
0040cf60,FUN_0040cf60,717,3,"EnterCriticalSection FUN_004273f0 FUN_00454d10 FUN_00461250 FUN_00461920 FUN_004621c0 LeaveCriticalSection"
0040d230,FUN_0040d230,96,0,"FUN_0040c8b0"
0040d4d0,FUN_0040d4d0,30,3,""
0040d4f0,FUN_0040d4f0,101,2,""
0040d560,FUN_0040d560,93,3,""
0040d5d0,FUN_0040d5d0,45,0,""
0040d640,FUN_0040d640,30,3,""
0040d660,FUN_0040d660,50,1,"FUN_00464440"
0040d6e0,FUN_0040d6e0,25,0,""
0040d710,FUN_0040d710,82,0,""
0040d770,FUN_0040d770,56,2,""
0040d840,FUN_0040d840,25,2,""
0040d880,FUN_0040d880,229,0,"FUN_00462380 FUN_00462420 FUN_0046c9ea"
0040d990,FUN_0040d990,35,0,""
0040d9c0,FUN_0040d9c0,215,1,"EnterCriticalSection FUN_00461a70 FUN_00462890 LeaveCriticalSection"
0040daa0,FUN_0040daa0,94,0,"FUN_0040d880 FUN_0040d9c0 FUN_0046c9ea FUN_0046ca4f _memset"
0040db40,FUN_0040db40,514,0,"FUN_00461920 FUN_00461970 FUN_00464a80"
0040dd50,FUN_0040dd50,381,0,"FUN_0040d710 FUN_0040d770 FUN_004508b0 FUN_004931e0 FUN_00493290 FUN_004933ca"
0040def0,FUN_0040def0,320,1,"FUN_004015c0 FUN_00461920"
0040e060,FUN_0040e060,1359,2,"FUN_00453d90 FUN_00460800 FUN_004615a0 FUN_00461920"
0040e5e0,FUN_0040e5e0,321,1,"FUN_00420f90 FUN_00453d90 FUN_00461970 FUN_00461a70"
0040e730,FUN_0040e730,41,2,""
0040e810,FUN_0040e810,30,0,""
0040e850,FUN_0040e850,83,0,"_free"
0040e8b0,FUN_0040e8b0,48,0,"_memset"
0040e940,FUN_0040e940,201,1,""
0040ea10,FUN_0040ea10,31,0,"FUN_004385b0"
0040eba0,FUN_0040eba0,462,1,"EnterCriticalSection FUN_00406930 FUN_004096d0 FUN_0040e850 FUN_00412f10 FUN_0041dc50 FUN_00425a00 FUN_00436270 FUN_0043dc30 FUN_00462890 FUN_00464c40 FUN_0046ca4f LeaveCriticalSection _free"
0040ed80,FUN_0040ed80,111,0,"FUN_00406b20 FUN_004097f0 FUN_004130e0 FUN_0041df40 FUN_00425b10 FUN_00436410 FUN_0043dd50 FUN_00464970"
0040ee80,FUN_0040ee80,1222,1,"FUN_00406bd0 FUN_00409630 FUN_004098e0 FUN_0040e810 FUN_0040e850 FUN_0040e8b0 FUN_0040e940 FUN_0040ea10 FUN_0040f690 FUN_0040f720 FUN_00412990 FUN_00412ee0 FUN_00413170 FUN_0041d560 FUN_0041e000 FUN_00425c00 FUN_00436100 FUN_004364d0 FUN_0043ddf0 FUN_00464970 FUN_00464cb0 FindClose FindFirstFileA FindNextFileA __security_check_cookie _malloc _memset"
0040f350,FUN_0040f350,749,0,"FUN_00401720 FUN_0045a9f0 FUN_004931e0"
0040f690,FUN_0040f690,137,1,""
0040f720,FUN_0040f720,30,1,""
0040f790,FUN_0040f790,33,2,""
0040f940,FUN_0040f940,238,1,"FUN_0045fe60 FUN_00462380 FUN_00462420 FUN_00464220 FUN_0046c9ea"
0040fa30,FUN_0040fa30,193,1,"EnterCriticalSection FUN_00461be0 FUN_00462890 LeaveCriticalSection"
0040fb00,FUN_0040fb00,95,0,"FUN_0040f940 FUN_0040fa30 FUN_0046c9ea FUN_0046ca4f"
0040fbe0,FUN_0040fbe0,324,2,"FUN_0040ff10 FUN_004109f0 FUN_004615a0 FUN_00461920 FUN_0046c9ea"
0040ff10,FUN_0040ff10,264,1,"FUN_004314d0 FUN_00461920 _malloc"
00410020,FUN_00410020,325,4,"FUN_004101f0"
004101f0,FUN_004101f0,120,0,""
004102b0,FUN_004102b0,310,2,"FUN_00464440 _malloc _memset"
004105e0,FUN_004105e0,308,2,"FUN_00464440 _malloc _memset"
00410720,FUN_00410720,187,2,"_malloc _memset"
004108e0,FUN_004108e0,30,3,""
00410920,FUN_00410920,56,1,"FUN_00464440"
004109f0,FUN_004109f0,50,2,""
00410a50,FUN_00410a50,178,0,"FUN_00464c40"
00410b30,FUN_00410b30,105,0,"FUN_00463c10 _free"
00410ba0,FUN_00410ba0,84,0,"FUN_0045fe60 FUN_00461970"
00410c60,FUN_00410c60,568,1,"FUN_004111b0 FUN_004615a0 FUN_00462380 FUN_00462420 FUN_00463c10 FUN_00464220 FUN_0046c9ea"
00410ea0,FUN_00410ea0,405,1,"EnterCriticalSection FUN_00410a50 FUN_004604e0 FUN_00462890 FUN_0046ca4f LeaveCriticalSection _free"
00411060,FUN_00411060,96,0,"FUN_00410c60 FUN_00410ea0 FUN_0046c9ea FUN_0046ca4f"
004110e0,FUN_004110e0,27,1,"FUN_00410ea0 FUN_0046ca4f"
00411100,FUN_00411100,116,2,"FUN_00411420 FUN_00464a80"
004111b0,FUN_004111b0,585,2,"FUN_004615a0 _memset"
00411420,FUN_00411420,1592,3,"FUN_004067e0 FUN_00410b30 FUN_00411b80 FUN_00420e40 FUN_004300d0 FUN_00430150 FUN_00430270 FUN_004529a0 FUN_00453d90 FUN_004604a0 FUN_00460760 FUN_004615a0 FUN_00461920 FUN_00461970 FUN_00461a70 FUN_00461c50 FUN_00464a20 FUN_00464cb0 FUN_004931e0 _memset"
00411ab0,FUN_00411ab0,78,0,"FUN_0045fe60 FUN_00461970"
00411b00,FUN_00411b00,38,1,"FUN_00461970"
00411b80,FUN_00411b80,88,2,"FUN_004615a0"
00411cb0,FUN_00411cb0,3,0,""
00411da0,FUN_00411da0,5,0,""
00411db0,FUN_00411db0,5,0,""
00411dc0,FUN_00411dc0,5,0,""
00411dd0,FUN_00411dd0,5,0,""
00411df0,FUN_00411df0,45,0,"FUN_0046ca4f"
00411e40,FUN_00411e40,64,0,""
00411e80,FUN_00411e80,47,1,"FUN_0046ca4f"
00411eb0,FUN_00411eb0,71,2,"FUN_0046ca4f"
00411f10,FUN_00411f10,5,0,""
00412050,FUN_00412050,61,1,""
00412100,FUN_00412100,52,2,"FUN_00412140 FUN_004273f0"
00412140,FUN_00412140,451,1,"FUN_0041c9d0 FUN_004273f0 FUN_00464440 FUN_004646e0 _memset"
004123a0,FUN_004123a0,31,2,"FUN_00413570 FUN_0046ca4f"
004123c0,FUN_004123c0,126,0,"_memset"
00412450,FUN_00412450,95,2,"FUN_00463c10 FUN_004692e0"
004124e0,FUN_004124e0,21,1,""
00412500,FUN_00412500,42,1,""
00412530,FUN_00412530,39,1,""
00412570,FUN_00412570,133,2,"FUN_004931e0"
00412610,FUN_00412610,54,0,""
00412660,FUN_00412660,21,1,""
00412690,FUN_00412690,32,0,""
004126f0,FUN_004126f0,26,3,""
00412720,FUN_00412720,18,0,""
00412780,FUN_00412780,25,0,""
004127b0,FUN_004127b0,29,1,"FUN_00461a70"
004128e0,FUN_004128e0,28,0,"_memset"
00412900,FUN_00412900,27,1,""
00412960,FUN_00412960,34,1,""
00412990,FUN_00412990,504,2,"FUN_00413230 FUN_00413840 FUN_0046c9ea"
00412be0,FUN_00412be0,82,2,""
00412c60,FUN_00412c60,318,1,"FUN_00412450 FUN_00462380 FUN_00462420 FUN_0046c9ea _memset"
00412dd0,FUN_00412dd0,25,2,""
00412de9,FUN_00412de9,205,2,"FUN_0045fe60 FUN_00464220"
00412ee0,FUN_00412ee0,35,0,""
00412f10,FUN_00412f10,362,0,"EnterCriticalSection FUN_0040e940 FUN_004604e0 FUN_00462890 FUN_0046ca4f LeaveCriticalSection _free"
004130e0,FUN_004130e0,97,1,"FUN_00412c60 FUN_00412f10 FUN_0046c9ea FUN_0046ca4f _memset"
00413170,FUN_00413170,29,0,"FUN_00412f10 FUN_0046ca4f"
00413190,FUN_00413190,102,1,"FUN_00413840 FUN_00464a80"
00413230,FUN_00413230,819,1,"FUN_004123c0 FUN_004694f0 _memset"
00413570,FUN_00413570,384,2,"FUN_00402870 FUN_00412be0 FUN_0046ca4f"
00413700,FUN_00413700,306,0,"FUN_00464db0"
00413840,FUN_00413840,4773,1,"D3DXVec3Normalize EnterCriticalSection FUN_00405900 FUN_004067e0 FUN_00410020 FUN_00411df0 FUN_00411e40 FUN_00412050 FUN_00412660 FUN_00412690 FUN_00412780 FUN_00413700 FUN_00414af0 FUN_0041a6f0 FUN_0041c020 FUN_0041c890 FUN_00437980 FUN_004391c0 FUN_00439ed0 FUN_00453e20 FUN_00454df0 FUN_00461250 FUN_004615a0 FUN_00461920 FUN_00461970 FUN_00461a70 FUN_00461c50 FUN_00461e30 FUN_00461f40 FUN_004621c0 FUN_004646e0 FUN_00464a20 FUN_00464d50 FUN_00464db0 FUN_00468d90 FUN_004694f0 FUN_004931e0 FUN_004938c0 LeaveCriticalSection"
00414af0,FUN_00414af0,362,2,"EnterCriticalSection FUN_00412140 FUN_004273f0 FUN_00453e20 FUN_00454d10 FUN_00461250 FUN_004621c0 LeaveCriticalSection"
00414c60,FUN_00414c60,350,0,"EnterCriticalSection FUN_00454d10 FUN_00461250 FUN_004621c0 FUN_00464a80 LeaveCriticalSection"
00414dc0,FUN_00414dc0,369,1,"EnterCriticalSection FUN_00454d10 FUN_00461250 FUN_004621c0 FUN_00464a80 LeaveCriticalSection"
00414f40,FUN_00414f40,369,5,"FUN_004273f0"
004151f0,FUN_004151f0,331,2,"FUN_0041c780 FUN_004273f0"
00415340,FUN_00415340,369,5,"FUN_004273f0"
004154c0,FUN_004154c0,11,2,"FUN_004154d0"
004154d0,FUN_004154d0,16758,2,"D3DXVec3Project EnterCriticalSection FUN_00402410 FUN_00402f20 FUN_004055d0 FUN_004061b0 FUN_00406340 FUN_004067e0 FUN_004088c0 FUN_00408910 FUN_00409310 FUN_0040b5e0 FUN_0040caa0 FUN_0040cf60 FUN_0040e060 FUN_0040e5e0 FUN_0040e730 FUN_0040ff10 FUN_00412100 FUN_004124e0 FUN_00412500 FUN_00412530 FUN_004126f0 FUN_00412720 FUN_004127b0 FUN_004128e0 FUN_00412900 FUN_00412960 FUN_00412990 FUN_00413700 FUN_00414c60 FUN_00414dc0 FUN_0041a680 FUN_0041a900 FUN_0041a910 FUN_0041a950 FUN_0041a960 FUN_0041a970 FUN_0041a9b0 FUN_0041c300 FUN_0041c320 FUN_0041c350 FUN_0041c550 FUN_0041c580 FUN_0041c5e0 FUN_0041c6a0 FUN_0041fbe0 FUN_00421740 FUN_00422c40 FUN_00428450 FUN_00428670 FUN_004286f0 FUN_00428750 FUN_0043e250 FUN_004529a0 FUN_00453e20 FUN_00454d10 FUN_00461250 FUN_004612d0 FUN_004615a0 FUN_00461970 FUN_00461a70 FUN_00461c50 FUN_00461d40 FUN_00461d80 FUN_004621c0 FUN_004643d0 FUN_004646e0 FUN_00464eb0 FUN_00468e20 FUN_00468ec0 FUN_004690b0 FUN_0046c9ea LeaveCriticalSection __security_check_cookie _memset"
00419a20,FUN_00419a20,946,3,"FUN_0041c4c0 FUN_0041c530 FUN_00461c50 FUN_00464440 FUN_004645b0 FUN_004645e0 FUN_004931e0"
00419ef0,FUN_00419ef0,173,2,""
0041a000,FUN_0041a000,1079,2,"FUN_0041c4c0 FUN_0041c530 FUN_004377a0 FUN_00464440 FUN_004645b0 FUN_004645e0"
0041a560,FUN_0041a560,176,2,""
0041a680,FUN_0041a680,32,2,""
0041a6f0,FUN_0041a6f0,525,1,""
0041a900,FUN_0041a900,16,1,"FUN_00468e20"
0041a910,FUN_0041a910,61,0,""
0041a950,FUN_0041a950,14,1,"FUN_00468ec0"
0041a960,FUN_0041a960,14,1,"FUN_004690b0"
0041a970,FUN_0041a970,49,2,"FUN_00468f70"
0041a9b0,FUN_0041a9b0,57,2,"FUN_00468fe0"
0041a9f0,FUN_0041a9f0,123,1,""
0041aa70,FUN_0041aa70,291,1,"D3DXVec2Normalize FUN_004937aa FUN_004937c0"
0041aba0,FUN_0041aba0,348,1,"FUN_0041c580 FUN_00439ed0 FUN_00461920 FUN_004646e0"
0041ae20,FUN_0041ae20,452,1,"D3DXVec3Normalize FUN_0040c8b0 FUN_00412570 FUN_0041c580"
0041aff0,FUN_0041aff0,186,1,"FUN_00412990 _memset"
0041b1c0,FUN_0041b1c0,680,3,"FUN_00402520 FUN_00453e20 FUN_00454ee0 FUN_00455630"
0041b5f0,FUN_0041b5f0,325,1,"FUN_004015c0"
0041b740,FUN_0041b740,1018,1,"FUN_0040b5e0 FUN_0041c580 FUN_004646e0 FUN_004938c0 FUN_004939f0 _memset"
0041bb40,FUN_0041bb40,476,0,"FUN_00428520 FUN_0046c9ea _memset"
0041bd20,FUN_0041bd20,550,1,"FUN_0040b5e0 FUN_0041c580 FUN_00464440 _memset"
0041bf50,FUN_0041bf50,193,1,"FUN_00461920 FUN_004937c0"
0041c020,FUN_0041c020,673,0,"FUN_0041c3b0 FUN_00464a80"
0041c300,FUN_0041c300,19,0,""
0041c320,FUN_0041c320,19,0,""
0041c350,FUN_0041c350,52,0,""
0041c3b0,FUN_0041c3b0,39,0,"FUN_00464f80"
0041c4c0,FUN_0041c4c0,52,0,"FUN_004937c0"
0041c510,FUN_0041c510,31,1,"FUN_004937aa"
0041c530,FUN_0041c530,32,1,"FUN_004937aa"
0041c550,FUN_0041c550,19,1,""
0041c580,FUN_0041c580,30,3,""
0041c5e0,FUN_0041c5e0,23,2,"FUN_004646e0"
0041c6a0,FUN_0041c6a0,181,2,"EnterCriticalSection FUN_00454d10 FUN_004612d0 FUN_004621c0 LeaveCriticalSection"
0041c780,FUN_0041c780,93,3,""
0041c890,FUN_0041c890,30,1,"FUN_00461920"
0041c9d0,FUN_0041c9d0,30,4,""
0041ca10,FUN_0041ca10,86,0,"FUN_00462420 FUN_0046c9ea"
0041ca70,FUN_0041ca70,95,0,"EnterCriticalSection FUN_00462890 LeaveCriticalSection"
0041cad0,FUN_0041cad0,90,0,"FUN_0041ca10 FUN_0041ca70 FUN_0046c9ea FUN_0046ca4f _memset"
0041cb70,FUN_0041cb70,257,0,"FUN_004508b0"
0041cc80,FUN_0041cc80,203,1,"FUN_00401720"
0041cd90,FUN_0041cd90,101,1,"FUN_00461a70"
0041ce60,FUN_0041ce60,210,3,""
0041cf40,FUN_0041cf40,213,3,""
0041d020,FUN_0041d020,73,1,"FUN_00461970"
0041d0b0,FUN_0041d0b0,158,1,""
0041d150,FUN_0041d150,242,1,"FUN_004027e0 _memset `eh_vector_constructor_iterator'"
0041d250,FUN_0041d250,339,1,"FUN_0041d3b0 FUN_0045fe60 FUN_00462380 FUN_00462420 FUN_00464220 FUN_0046c9ea"
0041d3b0,FUN_0041d3b0,331,1,"FUN_00421980 FUN_0045fe60 FUN_00463c10 FUN_00464220"
0041d560,FUN_0041d560,1092,0,"EnterCriticalSection FUN_0041ce60 FUN_0041cf40 FUN_00454d10 FUN_00455630 FUN_00461250 FUN_004615a0 FUN_00461970 FUN_004621c0 LeaveCriticalSection"
0041d9c0,FUN_0041d9c0,468,2,"FUN_0041cd90 FUN_004604e0 FUN_00461a70 FUN_00461be0 FUN_0046ca4f _free"
0041dbc0,FUN_0041dbc0,129,1,"FUN_0041cd90 FUN_004604e0 FUN_0046ca4f _free"
0041dc50,FUN_0041dc50,735,2,"EnterCriticalSection FUN_0041d9c0 FUN_00461a70 FUN_00462890 LeaveCriticalSection _free `eh_vector_destructor_iterator'"
0041df40,FUN_0041df40,150,0,"FUN_0041d150 FUN_0041d250 FUN_0041dc50 FUN_0046c9ea FUN_0046ca4f"
0041e000,FUN_0041e000,28,1,"FUN_0041dc50 FUN_0046ca4f"
0041e020,FUN_0041e020,3899,2,"FUN_0041fcc0 FUN_00432850 FUN_00452a60 FUN_00453d90 FUN_00454b80 FUN_00455630 FUN_004615a0 FUN_00461920 FUN_00461970 FUN_00464a80 FUN_0046c9ea FUN_0046ca4f FUN_004931e0 _memset"
0041efb0,FUN_0041efb0,142,1,"FUN_0045c900"
0041f040,FUN_0041f040,2191,2,"FUN_004015c0 FUN_00401610 FUN_0041d0b0 FUN_00451f30 FUN_0045c900 FUN_00461920 FUN_00461a70"
0041f8e0,FUN_0041f8e0,10,1,"FUN_0041efb0"
0041f900,FUN_0041f900,732,1,"FUN_0040d230 FUN_00414c60 FUN_004615a0 FUN_00461920 _memset"
0041fbe0,FUN_0041fbe0,180,1,"FUN_0041cd90 FUN_0041f900 FUN_0046c9ea FUN_0046ca4f"
0041fcc0,FUN_0041fcc0,4297,1,"FUN_004067e0 FUN_00406ed0 FUN_0040e730 FUN_0040f720 FUN_0041d020 FUN_00420e40 FUN_00421350 FUN_004217e0 FUN_00421880 FUN_00430150 FUN_00430270 FUN_00432850 FUN_00433870 FUN_00453d90 FUN_00454b80 FUN_00460760 FUN_004615a0 FUN_00461920 FUN_00461970 FUN_00461c50 FUN_00461dd0 FUN_00461ea0 FUN_00462060 FUN_00464a20 FUN_0046d143 FUN_004931e0 _strchr"
00420e40,FUN_00420e40,41,0,""
00420e70,FUN_00420e70,276,0,"FUN_00420f90 FUN_00422ce0"
00420f90,FUN_00420f90,13,0,""
00421350,FUN_00421350,210,0,"FUN_004615a0"
00421430,FUN_00421430,126,1,"FUN_00461970"
004214b0,FUN_004214b0,473,4,"FUN_00455630 FUN_004615a0 FUN_00461920"
00421690,FUN_00421690,174,1,"FUN_00454b80"
00421740,FUN_00421740,55,0,"FUN_004615a0"
004217e0,FUN_004217e0,30,0,""
00421820,FUN_00421820,16,0,"FUN_00461970"
00421880,FUN_00421880,37,0,""
00421980,FUN_00421980,1,0,""
004219e0,FUN_004219e0,45,0,""
00421a10,FUN_00421a10,33,0,""
00421a60,FUN_00421a60,219,2,"FUN_00455630"
00421bf0,FUN_00421bf0,68,0,"FUN_0046ca4f"
00421c60,FUN_00421c60,65,0,""
00421cd0,FUN_00421cd0,1449,1,"FUN_00402f40 FUN_004067e0 FUN_00406b20 FUN_004097f0 FUN_0040daa0 FUN_0040e810 FUN_0040fb00 FUN_004130e0 FUN_0041cf40 FUN_0041d3b0 FUN_0041df40 FUN_00421c60 FUN_00425b10 FUN_004281c0 FUN_004300d0 FUN_00430240 FUN_004306c0 FUN_00430840 FUN_00431fb0 FUN_00436410 FUN_004385b0 FUN_0043b600 FUN_0043c730 FUN_0043dd50 FUN_0044a230 FUN_00455630 FUN_00462380 FUN_00462420 FUN_0046c9ea FUN_004931e0 Sleep"
00422290,FUN_00422290,1135,1,"EnterCriticalSection FUN_00402cc0 FUN_00406930 FUN_004096d0 FUN_0040d9c0 FUN_0040e940 FUN_0040fa30 FUN_00411b80 FUN_00412f10 FUN_0041dbc0 FUN_0041dc50 FUN_00423020 FUN_004230a0 FUN_00425a00 FUN_004280d0 FUN_00431ed0 FUN_00436270 FUN_0043b450 FUN_0043d2e0 FUN_0043dc30 FUN_0044a120 FUN_00454960 FUN_00462890 FUN_0046ca4f LeaveCriticalSection _memset"
00422700,FUN_00422700,99,0,"FUN_00423250 FUN_00430500 FUN_0046c9ea _memset"
00422770,FUN_00422770,38,0,"FUN_00422290 FUN_0046ca4f"
004227c0,FUN_004227c0,989,1,"FUN_00402cc0 FUN_004056e0 FUN_004057e0 FUN_00405890 FUN_004067e0 FUN_00409630 FUN_0040d990 FUN_0040e810 FUN_0040e8b0 FUN_0040e940 FUN_0040ea10 FUN_0040f720 FUN_00411b00 FUN_00412990 FUN_00412ee0 FUN_0041d560 FUN_00420e70 FUN_00421430 FUN_00421bf0 FUN_00430150 FUN_00430240 FUN_00431ea0 FUN_00436100 FUN_0043c590 FUN_0044a0f0 FUN_004529a0 FUN_00461970 FUN_00464a80 FUN_00464c40 FUN_0046ca4f _memset"
00422c10,FUN_00422c10,35,1,""
00422c40,FUN_00422c40,69,0,""
00422ce0,FUN_00422ce0,76,0,"FUN_0041ce60 FUN_00420f90 FUN_00453d90"
00422d30,FUN_00422d30,64,1,"FUN_0041ce60 FUN_00422ce0"
00422d70,FUN_00422d70,90,0,"FUN_00420f90"
00422dd0,FUN_00422dd0,56,0,"FUN_0041cf40 FUN_00453d90"
00422e10,FUN_00422e10,112,0,"FUN_0041cf40 FUN_00453d90"
00422e80,FUN_00422e80,153,0,"FUN_00421a60"
00422f20,FUN_00422f20,59,0,"FUN_0041cf40"
00422f60,FUN_00422f60,37,0,"FUN_0041cf40"
00423020,FUN_00423020,77,0,""
004230a0,FUN_004230a0,26,0,""
00423250,FUN_00423250,137,0,"_memset"
00423340,FUN_00423340,60,0,"_memset"
004236f0,FUN_004236f0,81,0,"FUN_0046ca4f"
004237e0,FUN_004237e0,1768,1,"EnterCriticalSection FUN_00425790 FUN_00454d10 FUN_00460760 FUN_00460800 FUN_004608f0 FUN_00461250 FUN_00461920 FUN_004621c0 FUN_0046ca4f LeaveCriticalSection"
00423ed0,FUN_00423ed0,681,0,"FUN_004237e0"
004241b0,FUN_004241b0,83,1,""
00424240,FUN_00424240,1997,3,"FUN_004109f0 FUN_00423340 FUN_004236f0 FUN_004241b0 FUN_00424a20 FUN_00424b00 FUN_00424b50 FUN_00463c10 FUN_0046c9ea FUN_0046d143 _atof _free _malloc _strchr _strncpy _strrchr"
00424a20,FUN_00424a20,210,1,"FUN_00424b50 _memcpy _memset _strchr"
00424b00,FUN_00424b00,75,0,"FUN_00424b50 _strchr"
00424b50,FUN_00424b50,113,0,""
00424cc0,FUN_00424cc0,2460,1,"CloseHandle FUN_00463fb0 FUN_00464130 FUN_0046d585 FUN_004931e0 LeaveCriticalSection WriteFile __localtime64 __time64 _free _malloc _sprintf"
00425790,FUN_00425790,138,4,""
004258d0,FUN_004258d0,40,1,"FUN_004027e0"
00425900,FUN_00425900,63,1,"_free"
00425940,FUN_00425940,189,1,"FUN_00462380 FUN_00462420 FUN_0046c9ea"
00425a00,FUN_00425a00,270,1,"EnterCriticalSection FUN_00462890 LeaveCriticalSection `eh_vector_destructor_iterator'"
00425b10,FUN_00425b10,198,0,"FUN_00425940 FUN_00425a00 FUN_0046c9ea FUN_0046ca4f _memset `eh_vector_constructor_iterator'"
00425c00,FUN_00425c00,28,0,"FUN_00425a00 FUN_0046ca4f"
00425c20,FUN_00425c20,4955,3,"FUN_00402520 FUN_004061e0 FUN_004067e0 FUN_0040d5d0 FUN_0040e730 FUN_00421880 FUN_004219e0 FUN_00421a10 FUN_00422ce0 FUN_00422d30 FUN_00422d70 FUN_00422dd0 FUN_00422e10 FUN_00426ff0 FUN_004270b0 FUN_004271c0 FUN_00427ca0 FUN_00427d00 FUN_004377a0 FUN_004385b0 FUN_0043e250 FUN_0044ac00 FUN_0044aca0 FUN_00453e20 FUN_00454d10 FUN_00455630 FUN_004615a0 FUN_00461920 FUN_00461970 FUN_00461a70 FUN_00464a20 FUN_00464a80 FUN_004931e0"
00426ff0,FUN_00426ff0,189,0,"FUN_00422d70 FUN_004385b0 FUN_0043e250 FUN_00453e20"
004270b0,FUN_004270b0,262,1,"FUN_004214b0 FUN_00422e80 FUN_00427b90 FUN_0043e250 FUN_004615a0 FUN_00461920"
004271c0,FUN_004271c0,83,0,""
00427230,FUN_00427230,335,0,"FUN_0045c900"
004273f0,FUN_004273f0,1798,6,"EnterCriticalSection FUN_00402520 FUN_004067e0 FUN_00427d00 FUN_00453d90 FUN_00453e20 FUN_00454d10 FUN_00461250 FUN_004615a0 FUN_004621c0 LeaveCriticalSection"
00427b00,FUN_00427b00,72,0,"FUN_00402520 FUN_00454d10"
00427b90,FUN_00427b90,228,4,""
00427ca0,FUN_00427ca0,37,2,"FUN_004931e0"
00427d00,FUN_00427d00,30,3,""
00427d60,FUN_00427d60,1,0,""
00427d70,FUN_00427d70,5,0,""
00427d80,FUN_00427d80,3,0,""
00427d90,FUN_00427d90,3,0,""
00427da0,FUN_00427da0,25,1,""
00427dc0,FUN_00427dc0,5,0,""
00427dd0,FUN_00427dd0,5,0,""
00427de0,FUN_00427de0,5,0,""
00427df0,FUN_00427df0,5,0,""
00427e00,FUN_00427e00,5,0,""
00427e10,FUN_00427e10,3,0,""
00427e20,FUN_00427e20,3,0,""
00427e30,FUN_00427e30,3,0,""
00427e40,FUN_00427e40,3,0,""
00427e50,FUN_00427e50,3,0,""
00427e60,FUN_00427e60,3,0,""
00427e70,FUN_00427e70,3,0,""
00427e80,FUN_00427e80,3,0,""
00427e90,FUN_00427e90,3,0,""
00427ea0,FUN_00427ea0,3,0,""
00427eb0,FUN_00427eb0,3,0,""
00427ec0,FUN_00427ec0,123,0,"_memset"
00427fd0,FUN_00427fd0,250,1,"FUN_0045fe60 FUN_00462380 FUN_00462420 FUN_00464220 FUN_0046c9ea"
004280d0,FUN_004280d0,231,0,"EnterCriticalSection FUN_00462890 FUN_0046ca4f LeaveCriticalSection"
004281c0,FUN_004281c0,106,0,"FUN_00427ec0 FUN_00427fd0 FUN_004280d0 FUN_0046c9ea FUN_0046ca4f _memset"
00428230,FUN_00428230,21,0,"FUN_004280d0 FUN_0046ca4f"
00428270,FUN_00428270,296,0,"FUN_0046ca4f FUN_004931e0"
00428450,FUN_00428450,208,1,"FUN_00428520 FUN_00428560 FUN_004285b0 FUN_0046c9ea"
00428520,FUN_00428520,62,0,"FUN_004027e0 FUN_00427ec0 _memset"
00428560,FUN_00428560,73,0,"FUN_004027e0 FUN_00427ec0 _memset"
004285b0,FUN_004285b0,62,0,"FUN_004027e0 FUN_00427ec0 _memset"
004285f0,FUN_004285f0,114,0,""
00428670,FUN_00428670,121,0,""
004286f0,FUN_004286f0,95,0,""
00428750,FUN_00428750,47,0,""
004287c0,FUN_004287c0,758,2,"FUN_00402520 FUN_0042e880 FUN_00453e20 FUN_00454d10 FUN_00454ee0 FUN_00455630"
00428b00,FUN_00428b00,1568,1,"FUN_00402520 FUN_004067e0 FUN_0040b5e0 FUN_0042e880 FUN_004377a0 FUN_00453d90 FUN_00453e20 FUN_00454d10 _memset"
00429150,FUN_00429150,677,1,"FUN_00428450 FUN_0042e880 FUN_00453d90 FUN_004646e0"
00429400,FUN_00429400,279,1,"FUN_0042e880 FUN_00453d90 FUN_00464a80"
00429520,FUN_00429520,231,2,"FUN_00464a80 FUN_004937aa"
00429610,FUN_00429610,1233,1,"FUN_0042e820 FUN_0042e880 FUN_00437a80 FUN_004391c0 FUN_00455630 FUN_00464a20 FUN_00464a80 FUN_004931e0"
00429af0,FUN_00429af0,182,1,"FUN_0045c900 FUN_00464640"
00429bb0,FUN_00429bb0,3,0,""
00429bc0,FUN_00429bc0,1583,5,"EnterCriticalSection FUN_004273f0 FUN_00428520 FUN_0042e820 FUN_0042e880 FUN_00454d10 FUN_00461250 FUN_004621c0 FUN_0046c9ea LeaveCriticalSection __security_check_cookie _memset"
0042a1f0,FUN_0042a1f0,1531,5,"EnterCriticalSection FUN_004273f0 FUN_00428520 FUN_0042e880 FUN_00454d10 FUN_00461250 FUN_004621c0 FUN_0046c9ea LeaveCriticalSection __security_check_cookie _memset"
0042a800,FUN_0042a800,601,3,"EnterCriticalSection FUN_004273f0 FUN_0042e880 FUN_00454d10 FUN_00461250 FUN_004621c0 LeaveCriticalSection"
0042aa60,FUN_0042aa60,278,3,"FUN_004938c0 FUN_004939f0"
0042ab80,FUN_0042ab80,543,2,"FUN_00402520 FUN_0042e880 FUN_00453e20 FUN_00454d10 FUN_00454ee0 FUN_00455630"
0042ada0,FUN_0042ada0,836,1,"FUN_004067e0 FUN_00437a80 FUN_004391c0 FUN_00455630 FUN_00464640 FUN_00464a20"
0042b100,FUN_0042b100,182,1,"FUN_0045c900 FUN_00464640"
0042b1c0,FUN_0042b1c0,3,0,""
0042b1d0,FUN_0042b1d0,1392,5,"EnterCriticalSection FUN_004273f0 FUN_00428520 FUN_0042e820 FUN_0042e880 FUN_00454d10 FUN_00461250 FUN_004621c0 FUN_0046c9ea LeaveCriticalSection __security_check_cookie _memset"
0042b750,FUN_0042b750,1594,5,"EnterCriticalSection FUN_004273f0 FUN_00428520 FUN_0042e880 FUN_00454d10 FUN_00461250 FUN_004621c0 FUN_0046c9ea LeaveCriticalSection __security_check_cookie _memset"
0042bd90,FUN_0042bd90,741,3,"EnterCriticalSection FUN_004273f0 FUN_0042e880 FUN_00454d10 FUN_00461250 FUN_004621c0 LeaveCriticalSection"
0042c080,FUN_0042c080,278,3,"FUN_004938c0 FUN_004939f0"
0042c1a0,FUN_0042c1a0,179,1,""
0042c3f0,FUN_0042c3f0,815,2,"FUN_00402520 FUN_0042e880 FUN_00453e20 FUN_00454d10 FUN_00454ee0 FUN_00455630 _malloc"
0042c720,FUN_0042c720,65,1,"_free"
0042c770,FUN_0042c770,1327,1,"FUN_0042e880 FUN_00437a80 FUN_004391c0 FUN_00455630 FUN_004931e0"
0042cca0,FUN_0042cca0,911,1,"FUN_0042e880 FUN_0045c3a0 FUN_0045c900 FUN_004646e0"
0042d030,FUN_0042d030,1659,1,"FUN_00402520 FUN_004067e0 FUN_0040b5e0 FUN_0042e880 FUN_004377a0 FUN_00453d90 FUN_00453e20 FUN_00454d10 _memset"
0042d6e0,FUN_0042d6e0,279,1,"FUN_0042e880 FUN_00453d90 FUN_00464a80"
0042d800,FUN_0042d800,137,2,"FUN_0042e880 FUN_00464640 FUN_00464a80"
0042d890,FUN_0042d890,231,2,"FUN_00464a80 FUN_004937aa"
0042d980,FUN_0042d980,57,2,"FUN_00464a20"
0042d9c0,FUN_0042d9c0,1322,5,"EnterCriticalSection FUN_004273f0 FUN_0042e820 FUN_00454d10 FUN_00461250 FUN_004621c0 LeaveCriticalSection __security_check_cookie _memset"
0042df00,FUN_0042df00,1232,5,"EnterCriticalSection FUN_004273f0 FUN_0042e820 FUN_00454d10 FUN_00461250 FUN_004621c0 LeaveCriticalSection __security_check_cookie _memset"
0042e3e0,FUN_0042e3e0,460,3,"EnterCriticalSection FUN_004273f0 FUN_00454d10 FUN_00461250 FUN_004621c0 LeaveCriticalSection"
0042e5b0,FUN_0042e5b0,278,3,"FUN_004938c0 FUN_004939f0"
0042e770,FUN_0042e770,101,2,""
0042e820,FUN_0042e820,93,3,""
0042e880,FUN_0042e880,30,3,""
0042e8f0,FUN_0042e8f0,89,0,"FUN_0045fe60 FUN_00464220"
0042e950,FUN_0042e950,91,1,"FUN_004604e0 FUN_0046ca4f"
0042eb10,FUN_0042eb10,238,1,"FUN_00462380 FUN_00462420 FUN_00464c40 FUN_0046c9ea __beginthreadex"
0042ec00,FUN_0042ec00,465,1,"EnterCriticalSection FUN_00401220 FUN_0042e950 FUN_0043d2e0 FUN_004604e0 FUN_00462890 FUN_00464c40 FUN_0046ca4f LeaveCriticalSection _free"
0042ede0,FUN_0042ede0,117,0,"FUN_004027e0 FUN_0042eb10 FUN_0042ec00 FUN_0046c9ea FUN_0046ca4f _memset"
0042eea0,FUN_0042eea0,83,0,"FUN_00431630"
0042ef00,FUN_0042ef00,109,0,"FUN_00411b80 FUN_004615a0"
0042ef70,FUN_0042ef70,10,0,"FUN_0042eea0"
0042ef80,FUN_0042ef80,10,0,"FUN_0042ef00"
0042f000,FUN_0042f000,169,2,"FUN_004311e0 FUN_004319f0 FUN_00453fa0 FUN_004603d0 FUN_00462ec0"
0042f200,FUN_0042f200,141,0,"FUN_0045a3c0"
0042f290,FUN_0042f290,141,0,"FUN_0045a3c0"
0042f4b0,FUN_0042f4b0,174,0,"FUN_0044b610 FUN_00463c10 FUN_00464300 __security_check_cookie _sprintf"
0042f650,FUN_0042f650,431,2,"DeleteObject FUN_0041ca70 FUN_0042f830 FUN_0044b710 FUN_0044d5b0 FUN_00453fa0 FUN_00454960 FUN_00464c40 FUN_0046ca4f _free"
0042f830,FUN_0042f830,141,1,"FUN_00410ea0 FUN_00422290 FUN_0042ec00 FUN_0043b450 FUN_0043f4f0 FUN_0046ca4f"
0042f8c0,FUN_0042f8c0,738,0,"FUN_00462380 FUN_00462420 FUN_0046c9ea"
0042fca0,FUN_0042fca0,524,0,"FUN_004319e0 FUN_00464220 Sleep __beginthread _malloc _memset"
0042feb0,FUN_0042feb0,542,1,"FUN_00423250 FUN_00463c10 FUN_00463e80 FUN_00464220 FUN_00464300 _free"
004300d0,FUN_004300d0,123,2,"FUN_00454960 __security_check_cookie _strrchr"
00430150,FUN_00430150,75,2,"FUN_00454960"
00430240,FUN_00430240,44,0,"FUN_00454960"
00430270,FUN_00430270,80,2,"FUN_00454960 FUN_004931e0"
004302c0,FUN_004302c0,54,0,"FUN_0045a3c0"
00430300,FUN_00430300,54,0,"FUN_0045a3c0"
00430500,FUN_00430500,134,0,"EnterCriticalSection FUN_00464c40 LeaveCriticalSection __beginthreadex"
004306c0,FUN_004306c0,93,1,"FUN_00461970"
00430840,FUN_00430840,92,1,"FUN_00461970"
00430910,FUN_00430910,344,0,"D3DXMatrixLookAtLH D3DXMatrixPerspectiveFovLH FUN_004317d0 FUN_0045a3c0"
00430a70,FUN_00430a70,361,0,"D3DXMatrixLookAtLH D3DXMatrixPerspectiveFovLH D3DXVec3Normalize FUN_0045a3c0"
00430be0,FUN_00430be0,807,1,""
00430f10,FUN_00430f10,705,0,""
004311e0,FUN_004311e0,636,0,"EnterCriticalSection FUN_00411060 FUN_004110e0 FUN_00422700 FUN_00422770 FUN_0042ede0 FUN_0042f830 FUN_00431800 FUN_004319e0 FUN_0043f6b0 FUN_0043f720 LeaveCriticalSection"
004314d0,FUN_004314d0,171,0,"FUN_004615a0 FUN_00461920 _malloc"
00431630,FUN_00431630,194,0,"FUN_00454d10"
00431700,FUN_00431700,80,0,""
00431780,FUN_00431780,75,2,""
004317d0,FUN_004317d0,31,1,"FUN_004936b0"
00431800,FUN_00431800,37,0,"LeaveCriticalSection"
004318f0,FUN_004318f0,23,0,""
004319e0,FUN_004319e0,1,0,""
004319f0,FUN_004319f0,255,0,"FUN_004663e0"
00431b30,FUN_00431b30,33,0,""
00431b90,FUN_00431b90,365,1,"__time64"
00431d00,FUN_00431d00,104,0,"_memset"
00431d70,FUN_00431d70,264,0,"FUN_00462380 FUN_00462420 FUN_0046c9ea"
00431ea0,FUN_00431ea0,35,0,""
00431ed0,FUN_00431ed0,216,0,"EnterCriticalSection FUN_0043b450 FUN_00462890 FUN_0046ca4f LeaveCriticalSection"
00431fb0,FUN_00431fb0,70,0,"FUN_00431d00 FUN_00431d70 FUN_00431ed0 FUN_0046c9ea FUN_0046ca4f"
00432040,FUN_00432040,128,1,"FUN_00432720 FUN_004329a0 FUN_00433bb0 FUN_00434900 FUN_004358c0 FUN_00464a80"
004320f0,FUN_004320f0,360,1,"FUN_004015c0"
00432260,FUN_00432260,1136,2,"FUN_004015c0 FUN_004320f0 FUN_00461920 __localtime64"
00432720,FUN_00432720,299,0,"FUN_00423020 FUN_00435750 FUN_004357c0 FUN_00453d90 FUN_00454960 FUN_00461970"
00432850,FUN_00432850,259,0,"FUN_00423020 FUN_00435750 FUN_004357c0 FUN_00454960 FUN_00461970"
00432960,FUN_00432960,59,0,"FUN_00435670 FUN_00454960"
004329a0,FUN_004329a0,3365,2,"FUN_004067e0 FUN_0040f720 FUN_0040f790 FUN_00432960 FUN_0043b6f0 FUN_0043b7c0 FUN_0043bc10 FUN_00453d90 FUN_00461970 FUN_00461d80 FUN_00462060 FUN_00464900 FUN_00464940 FUN_00464970 __security_check_cookie __time64 _sprintf"
00433710,FUN_00433710,351,0,"FUN_00423020 FUN_004300d0 FUN_00435750 FUN_004357c0 FUN_00454960"
00433870,FUN_00433870,329,0,"FUN_004300d0 FUN_00435750 FUN_004357c0 FUN_00454960"
004339c0,FUN_004339c0,101,0,"FUN_00461970"
00433a30,FUN_00433a30,377,0,"FUN_00431b90 FUN_00464970"
00433bb0,FUN_00433bb0,3219,2,"FUN_004067e0 FUN_0040f720 FUN_0040f790 FUN_00431b30 FUN_004339c0 FUN_00433a30 FUN_004357c0 FUN_0043b450 FUN_0043b6f0 FUN_0043b7c0 FUN_0043bc10 FUN_00453d90 FUN_00461970 FUN_00461d40 FUN_00461d80 FUN_00462060 FUN_00464900 FUN_00464940 FUN_00464970 FUN_0046ca4f __security_check_cookie __time64 _sprintf"
00434900,FUN_00434900,3205,2,"FUN_004067e0 FUN_0040f720 FUN_0040f790 FUN_00431b30 FUN_004339c0 FUN_00433a30 FUN_004357c0 FUN_0043b450 FUN_0043b6f0 FUN_0043b7c0 FUN_0043bc10 FUN_00453d90 FUN_00461970 FUN_00461d40 FUN_00461d80 FUN_00462060 FUN_00464900 FUN_00464940 FUN_00464970 FUN_0046ca4f __security_check_cookie __time64 _sprintf"
00435670,FUN_00435670,50,0,""
004356d0,FUN_004356d0,103,8,""
00435750,FUN_00435750,101,2,"FUN_004356d0 FUN_00461920 FUN_004931e0"
004357c0,FUN_004357c0,176,2,"EnterCriticalSection FUN_00454d10 FUN_00461350 FUN_004621c0 LeaveCriticalSection"
004358c0,FUN_004358c0,27,0,""
00435900,FUN_00435900,78,2,"FUN_00461970"
004359a0,FUN_004359a0,266,1,"FUN_00402790 FUN_004027e0 _memset"
00435ae0,FUN_00435ae0,1557,0,"FUN_00402520 FUN_00437680 FUN_00454d10 FUN_0045fe60 FUN_00462380 FUN_00462420 FUN_00464220 FUN_0046c9ea FUN_004931e0"
00436100,FUN_00436100,324,0,"FUN_0041ce60 FUN_00435900 FUN_004385b0 FUN_00461a70"
00436270,FUN_00436270,415,2,"EnterCriticalSection FUN_004604e0 FUN_00461be0 FUN_00462890 FUN_0046ca4f LeaveCriticalSection _free"
00436410,FUN_00436410,151,0,"FUN_004359a0 FUN_00435ae0 FUN_00436270 FUN_0046c9ea FUN_0046ca4f"
004364d0,FUN_004364d0,28,1,"FUN_00436270 FUN_0046ca4f"
004364f0,FUN_004364f0,1606,2,"FUN_00454d10 FUN_004615a0 FUN_00461920 FUN_00461970 FUN_004931e0"
00436ba0,FUN_00436ba0,2632,3,"FUN_004067e0 FUN_00406bf0 FUN_0040caa0 FUN_0040d230 FUN_00412610 FUN_00422f20 FUN_00422f60 FUN_004273f0 FUN_004286f0 FUN_00428750 FUN_00432850 FUN_00433710 FUN_004364f0 FUN_00437730 FUN_004381e0 FUN_004385b0 FUN_004390f0 FUN_00439440 FUN_00439a40 FUN_00439b10 FUN_00455630 FUN_004646e0 FUN_00464db0 FUN_00465390 FUN_004931e0"
00437600,FUN_00437600,84,0,"FUN_0045c900"
00437680,FUN_00437680,148,0,"FUN_00463c10"
00437730,FUN_00437730,101,1,"FUN_004937aa"
004377a0,FUN_004377a0,106,1,"FUN_004937aa"
00437810,FUN_00437810,366,1,"FUN_00438370"
00437980,FUN_00437980,244,1,"FUN_00438370"
00437a80,FUN_00437a80,637,4,"FUN_00438370 FUN_004938c0 FUN_004939f0"
00437d00,FUN_00437d00,555,4,"FUN_004938c0 FUN_004939f0"
00437f30,FUN_00437f30,674,4,"FUN_00438370 FUN_004938c0 FUN_004939f0"
004381e0,FUN_004381e0,384,0,"FUN_0041ce60 FUN_00454d10 FUN_00461970"
00438370,FUN_00438370,561,0,"FUN_00453d90 FUN_00454d10 FUN_004615a0 FUN_00461920"
004385b0,FUN_004385b0,1912,1,"FUN_0041c6a0 FUN_004615a0 FUN_00461970 FUN_004646e0 FUN_004931e0"
00438e80,FUN_00438e80,495,1,"FUN_0042e770 FUN_004393d0 FUN_004646e0 FUN_004931e0 FUN_004937aa"
004390f0,FUN_004390f0,194,5,"_memset"
004391c0,FUN_004391c0,304,1,"EnterCriticalSection FUN_00453e20 FUN_00454d10 FUN_00461250 FUN_004621c0 LeaveCriticalSection"
00439380,FUN_00439380,31,1,"FUN_004937aa"
004393a0,FUN_004393a0,35,1,"FUN_004937aa"
004393d0,FUN_004393d0,30,3,""
00439440,FUN_00439440,35,1,""
00439630,FUN_00439630,928,3,"FUN_00453e20 FUN_004615a0 FUN_00464440 FUN_004646e0 FUN_00465390"
004399d0,FUN_004399d0,109,0,"FUN_00439630"
00439a40,FUN_00439a40,202,3,"FUN_004067e0 FUN_004399d0 FUN_00464a20 FUN_00464a80"
00439b10,FUN_00439b10,903,1,"FUN_0045cdf0 FUN_00461920 FUN_00461a70 FUN_004646e0 FUN_00464a80 FUN_00464db0 FUN_00465390"
00439ed0,FUN_00439ed0,1435,2,"FUN_00406de0 FUN_00407700 FUN_00422c10 FUN_004615a0 FUN_00461970 FUN_00461a70 FUN_00461c50 FUN_004938c0 FUN_004939f0"
0043a480,FUN_0043a480,500,2,"FUN_00408910 FUN_0041a9f0 FUN_0043ace0 FUN_0043ad50 FUN_004646e0"
0043a6b0,FUN_0043a6b0,331,2,"FUN_00453f10 FUN_00461970 FUN_004931e0"
0043a950,FUN_0043a950,237,2,"FUN_00439630 FUN_0043acc0 FUN_00464440 FUN_004646e0"
0043aa50,FUN_0043aa50,100,2,"FUN_004390f0 FUN_00461970"
0043ab60,FUN_0043ab60,141,2,"FUN_004646e0 FUN_004937aa FUN_004937c0"
0043ac30,FUN_0043ac30,47,0,"FUN_004937c0"
0043ac60,FUN_0043ac60,48,0,"FUN_004937c0"
0043ac90,FUN_0043ac90,31,1,"FUN_004937aa"
0043acc0,FUN_0043acc0,30,3,""
0043ace0,FUN_0043ace0,101,2,""
0043ad50,FUN_0043ad50,52,1,"FUN_004937aa"
0043adb0,FUN_0043adb0,20,2,"FUN_00464a20"
0043add0,FUN_0043add0,110,1,""
0043ae80,FUN_0043ae80,1487,2,"FUN_00422e80 FUN_00423250 FUN_0043c350 FUN_0043cbb0 FUN_0043ccd0 FUN_00462380 FUN_00462420 FUN_0046c9ea _memset"
0043b450,FUN_0043b450,429,1,"EnterCriticalSection FUN_0043ccd0 FUN_00462890 FUN_0046ca4f LeaveCriticalSection `eh_vector_destructor_iterator'"
0043b600,FUN_0043b600,199,0,"FUN_0043ae80 FUN_0043b450 FUN_0046c9ea FUN_0046ca4f _memset `eh_vector_constructor_iterator'"
0043b6f0,FUN_0043b6f0,198,1,"FUN_0043b450 FUN_0043c350 FUN_0046c9ea FUN_0046ca4f _memset `eh_vector_constructor_iterator'"
0043b7c0,FUN_0043b7c0,18,0,"FUN_0043b450 FUN_0046ca4f"
0043b7e0,FUN_0043b7e0,368,0,"FUN_0040f690 FUN_0043c9b0 FUN_0043cbb0"
0043b950,FUN_0043b950,395,1,"FUN_00432850"
0043bb20,FUN_0043bb20,188,1,"FUN_004015c0"
0043bc10,FUN_0043bc10,1850,3,"CloseHandle FUN_0043cbb0 FUN_0044c3f0 FUN_00463af0 FUN_00463fb0 FUN_0046d585 LeaveCriticalSection WriteFile __localtime64 __security_check_cookie _free _malloc _memcpy _memset _sprintf"
0043c350,FUN_0043c350,441,2,"FUN_0044c710 FUN_004639d0 FUN_00463c10 FUN_00463df0 FUN_00464070 FUN_00464190 FUN_004641e0 __security_check_cookie _free _malloc _sprintf"
0043c590,FUN_0043c590,415,0,"FUN_0043add0 FUN_0043cbb0 FUN_0043ccd0"
0043c730,FUN_0043c730,396,0,"FUN_00422e80 FUN_0046c9ea _memset"
0043c9b0,FUN_0043c9b0,83,4,""
0043cbb0,FUN_0043cbb0,150,0,"FUN_0046c9ea _memset"
0043ccd0,FUN_0043ccd0,93,1,"FUN_0046ca4f"
0043cdb0,FUN_0043cdb0,79,2,""
0043ce00,FUN_0043ce00,153,0,"_memset"
0043ceb0,FUN_0043ceb0,215,0,"EnterCriticalSection LeaveCriticalSection _memset"
0043cf90,FUN_0043cf90,132,0,"FUN_0043ce00 FUN_0043ceb0 FUN_0043d140 FUN_00463c10 _memset"
0043d050,FUN_0043d050,96,0,"FUN_0043cf90 FUN_0046c9ea"
0043d140,FUN_0043d140,395,1,"FUN_0043cdb0 FUN_0044c710 FUN_004639d0 _free _malloc _memcpy"
0043d2e0,FUN_0043d2e0,636,0,"CloseHandle FUN_0043cdb0 FUN_0044c3f0 FUN_00463af0 FUN_00463fb0 FUN_00464300 LeaveCriticalSection WriteFile _free _malloc _memcpy"
0043d6d0,FUN_0043d6d0,260,1,"EnterCriticalSection FUN_00453f10 FUN_00462890 FUN_00464c40 LeaveCriticalSection"
0043d9f0,FUN_0043d9f0,208,0,"FUN_00401720"
0043db40,FUN_0043db40,230,0,"FUN_00402520 FUN_00454b80 FUN_00462380 FUN_00462420 FUN_0046c9ea"
0043dc30,FUN_0043dc30,273,1,"EnterCriticalSection FUN_00462890 LeaveCriticalSection _free"
0043dd50,FUN_0043dd50,117,0,"FUN_004027e0 FUN_0043db40 FUN_0043dc30 FUN_0046c9ea FUN_0046ca4f _memset"
0043ddf0,FUN_0043ddf0,28,0,"FUN_0043dc30 FUN_0046ca4f"
0043dec0,FUN_0043dec0,870,3,"FUN_00459e50 FUN_0045a3c0 FUN_0045a570 FUN_004931e0"
0043e250,FUN_0043e250,225,2,""
0043e380,FUN_0043e380,83,0,"_free"
0043e520,FUN_0043e520,439,1,"EnterCriticalSection FUN_0043e380 FUN_004604e0 FUN_00462890 FUN_00464c40 FUN_0046ca4f LeaveCriticalSection _free"
0043e720,FUN_0043e720,277,0,"FUN_00463c10 FUN_004692e0 FUN_0046c9ea __security_check_cookie _free _memset _sprintf"
0043e8d0,FUN_0043e8d0,934,2,"FUN_0040f720 FUN_0043e380 FUN_00464970 FUN_00464cb0 FUN_00468d90 FUN_00469570 FindClose FindFirstFileA FindNextFileA __security_check_cookie _malloc"
0043ec80,FUN_0043ec80,538,0,"FUN_00401720 FUN_004931e0"
0043eed0,FUN_0043eed0,6,0,""
0043eee0,FUN_0043eee0,91,2,""
0043ef40,FUN_0043ef40,82,1,""
0043efa0,FUN_0043efa0,37,0,"FUN_004615a0"
0043efd0,FUN_0043efd0,32,1,"FUN_00461970"
0043f010,FUN_0043f010,21,1,"FUN_004619e0"
0043f040,FUN_0043f040,90,2,"FUN_00461920 FUN_00462020"
0043f0a0,FUN_0043f0a0,80,2,"FUN_00455630 FUN_00461920 FUN_00462020"
0043f0f0,FUN_0043f0f0,21,2,"FUN_00462060"
0043f180,FUN_0043f180,64,0,""
0043f1e0,FUN_0043f1e0,92,0,""
0043f250,FUN_0043f250,201,0,"_memset"
0043f3d0,FUN_0043f3d0,275,0,"FUN_0045fe60 FUN_00462380 FUN_00462420 FUN_00464220 FUN_0046c9ea"
0043f4f0,FUN_0043f4f0,440,1,"EnterCriticalSection FUN_0043b450 FUN_004604e0 FUN_00461970 FUN_00462890 FUN_00464c40 FUN_0046ca4f LeaveCriticalSection _free"
0043f6b0,FUN_0043f6b0,106,0,"FUN_0043f250 FUN_00464c40 FUN_0046c9ea __beginthreadex"
0043f720,FUN_0043f720,28,0,"FUN_0043f4f0 FUN_0046ca4f"
0043f760,FUN_0043f760,1118,2,"FUN_00411b00 FUN_004300d0 FUN_00430240 FUN_0043b450 FUN_0043b6f0 FUN_0043eee0 FUN_0043fde0 FUN_004411d0 FUN_004435b0 FUN_00444c80 FUN_004452d0 FUN_00445a40 FUN_00445fc0 FUN_004466a0 FUN_004470c0 FUN_004480c0 FUN_004489e0 FUN_00449360 FUN_00454960 FUN_00461be0 FUN_00464900 FUN_0046ca4f FUN_004931e0"
0043fde0,FUN_0043fde0,4959,2,"FUN_004067e0 FUN_0040f790 FUN_0043eee0 FUN_0043ef40 FUN_0043efa0 FUN_0043f040 FUN_0043f0a0 FUN_0043f180 FUN_00453d90 FUN_00455630 FUN_004615a0 FUN_00461920 FUN_00461970 FUN_004619e0 FUN_00462020 FUN_00464900 FUN_00464970"
004411d0,FUN_004411d0,839,1,"FUN_00407700 FUN_0043eee0 FUN_0043ef40 FUN_00441530 FUN_004426b0 FUN_00453d90 FUN_004615a0 FUN_00461970 FUN_004619e0 FUN_00464900 FUN_00464940 FUN_00464970"
00441530,FUN_00441530,4417,3,"FUN_00455630 FUN_00461920"
004426b0,FUN_004426b0,3777,0,"FUN_00454960 FUN_00454b80 FUN_00461920 FUN_004931e0"
004435b0,FUN_004435b0,849,1,"FUN_0043eee0 FUN_0043ef40 FUN_00443920 FUN_004442b0 FUN_00444380 FUN_00453d90 FUN_004615a0 FUN_00461970 FUN_004619e0 FUN_00462db0 FUN_00464940 FUN_00464970"
00443920,FUN_00443920,2439,1,"FUN_00454b80 FUN_00461920"
004442b0,FUN_004442b0,199,2,"FUN_00443920 FUN_00453d90"
00444380,FUN_00444380,2297,3,"FUN_00455630"
00444c80,FUN_00444c80,1555,1,"FUN_0040f790 FUN_0043eee0 FUN_0043ef40 FUN_0043efa0 FUN_0043efd0 FUN_0043f010 FUN_00453d90 FUN_004615a0 FUN_00461920 FUN_00461970 FUN_004619e0 FUN_00461d80 FUN_00462060 FUN_00464900 FUN_00464940 FUN_00464970"
004452d0,FUN_004452d0,1863,2,"FUN_0040f790 FUN_0043eee0 FUN_0043ef40 FUN_0043efd0 FUN_00453d90 FUN_004615a0 FUN_00461920 FUN_00461970 FUN_004619e0 FUN_00461d80 FUN_00462060 FUN_00464900 FUN_00464940 FUN_00464970"
00445a40,FUN_00445a40,1360,2,"FUN_00411b80 FUN_00430270 FUN_0043eee0 FUN_0043ef40 FUN_0043efa0 FUN_0043efd0 FUN_004529a0 FUN_00453d90 FUN_004615a0 FUN_00461920 FUN_00461970 FUN_004619e0 FUN_00461d80 FUN_00462060 FUN_00464900 FUN_00464940 FUN_00464970"
00445fc0,FUN_00445fc0,995,1,"FUN_00411b80 FUN_00430270 FUN_0043eee0 FUN_0043ef40 FUN_0043efd0 FUN_004529a0 FUN_00453d90 FUN_004615a0 FUN_00463910 FUN_00464900 FUN_00464940 FUN_00464970"
004463c0,FUN_004463c0,404,1,"FUN_004015c0"
00446560,FUN_00446560,304,0,"FUN_0043b6f0 FUN_0046d585 FindClose FindFirstFileA FindNextFileA __chdir __security_check_cookie _sprintf"
004466a0,FUN_004466a0,1383,2,"FUN_0040f790 FUN_00411b80 FUN_00430270 FUN_0043b450 FUN_0043eee0 FUN_0043ef40 FUN_0043efa0 FUN_004529a0 FUN_00453d90 FUN_004615a0 FUN_00461920 FUN_00461970 FUN_004619e0 FUN_00464900 FUN_00464940 FUN_00464970 FUN_00464cb0 FUN_0046ca4f _memset"
00446c20,FUN_00446c20,1179,0,"FUN_004015c0 __localtime64"
004470c0,FUN_004470c0,2621,2,"FUN_0040d840 FUN_0043eee0 FUN_0043ef40 FUN_0043efa0 FUN_0043efd0 FUN_0043f1e0 FUN_00447b20 FUN_00453d90 FUN_004615a0 FUN_00461970 FUN_004619e0 FUN_00463910 FUN_00464940 FUN_00464970 _memset"
00447b20,FUN_00447b20,741,1,"FUN_004608f0 FUN_00461920 __security_check_cookie _memset"
00447e10,FUN_00447e10,673,1,"FUN_004015c0 __localtime64"
004480c0,FUN_004480c0,1468,1,"FUN_004067e0 FUN_0040f790 FUN_004300d0 FUN_00430150 FUN_00431b90 FUN_0043eee0 FUN_0043ef40 FUN_0043efa0 FUN_0043efd0 FUN_00453d90 FUN_004615a0 FUN_00461920 FUN_004619e0 FUN_00464970"
00448690,FUN_00448690,830,1,"FUN_004015c0 __localtime64"
004489e0,FUN_004489e0,1460,1,"FUN_0040f790 FUN_004300d0 FUN_00430150 FUN_0043b450 FUN_0043b6f0 FUN_0043b7c0 FUN_0043bc10 FUN_0043eee0 FUN_0043ef40 FUN_0043efd0 FUN_00453d90 FUN_004615a0 FUN_00461920 FUN_00461970 FUN_004619e0 FUN_00464940 FUN_00464970 FUN_0046ca4f __security_check_cookie __time64 _memset _sprintf"
00448fb0,FUN_00448fb0,925,1,"FUN_004015c0 __localtime64"
00449360,FUN_00449360,2570,2,"FUN_0040d6e0 FUN_00427b90 FUN_004300d0 FUN_00430150 FUN_0043eee0 FUN_0043ef40 FUN_0043efa0 FUN_0043efd0 FUN_00449d80 FUN_00449dc0 FUN_00453d90 FUN_00454960 FUN_00460760 FUN_004615a0 FUN_00461920 FUN_00461970 FUN_00461c50 FUN_00463c10 FUN_00464940 FUN_00464970 _free"
00449d80,FUN_00449d80,59,2,""
00449dc0,FUN_00449dc0,89,2,""
00449f20,FUN_00449f20,36,0,""
00449fa0,FUN_00449fa0,314,0,"FUN_00462380 FUN_00462420 FUN_0046c9ea"
0044a0f0,FUN_0044a0f0,47,0,""
0044a120,FUN_0044a120,267,1,"EnterCriticalSection FUN_00461a70 FUN_00462890 LeaveCriticalSection"
0044a230,FUN_0044a230,90,0,"FUN_00449fa0 FUN_0044a120 FUN_0046c9ea FUN_0046ca4f _memset"
0044a290,FUN_0044a290,21,1,"FUN_0044a120 FUN_0046ca4f"
0044a2d0,FUN_0044a2d0,537,0,"FUN_004214b0 FUN_00421690 FUN_00449f20 FUN_0044a8a0 FUN_00453f10 FUN_00461920 FUN_00461970 FUN_00461a70 FUN_00464a80 FUN_004931e0"
0044a4f0,FUN_0044a4f0,210,0,"FUN_004020a0 FUN_004931e0"
0044a5d0,FUN_0044a5d0,649,0,"FUN_004020a0 FUN_004021a0 FUN_00412530 FUN_00461920 FUN_00461e30 FUN_004931e0"
0044a870,FUN_0044a870,10,0,"FUN_0044a4f0"
0044a880,FUN_0044a880,10,0,"FUN_0044a5d0"
0044a8a0,FUN_0044a8a0,703,0,"EnterCriticalSection FUN_0040fbe0 FUN_00412990 FUN_004214b0 FUN_00453d90 FUN_00453e20 FUN_00454d10 FUN_00461250 FUN_004615a0 FUN_00461920 FUN_004621c0 LeaveCriticalSection _memset"
0044ab60,FUN_0044ab60,155,2,"FUN_004937aa"
0044ac00,FUN_0044ac00,158,0,"FUN_004937aa"
0044aca0,FUN_0044aca0,510,2,"FUN_004273f0 FUN_00453e20 FUN_00461970"
0044af00,FUN_0044af00,1678,0,"EnterCriticalSection FUN_0040fbe0 FUN_00412990 FUN_004273f0 FUN_00453e20 FUN_00454d10 FUN_00461250 FUN_004621c0 FUN_004931e0 LeaveCriticalSection _memset"
0044b5f0,FUN_0044b5f0,16,1,""
0044b600,FUN_0044b600,10,0,"FUN_0044b710"
0044b610,FUN_0044b610,134,1,"FUN_0044b710 FUN_0044b960 FUN_0044bc20 FUN_0044bcd0 FUN_0044bda0 FUN_0046c9ea"
0044b6a0,FUN_0044b6a0,101,1,"FUN_0044b710 FUN_0044b960 FUN_0044bc20 FUN_0046c9ea"
0044b710,FUN_0044b710,109,0,"FUN_0044bcd0 FUN_0046ca4f _free `eh_vector_destructor_iterator'"
0044b7b0,FUN_0044b7b0,300,2,"FUN_0044b920 FUN_0044bcd0 FUN_0044c710 FUN_004639d0 _free _malloc"
0044b8e0,FUN_0044b8e0,51,0,"__stricmp"
0044b920,FUN_0044b920,53,0,"__stricmp"
0044b960,FUN_0044b960,336,2,"FUN_0044bab0 FUN_0044c710 FUN_004639d0 _free _malloc"
0044bab0,FUN_0044bab0,363,3,"FUN_0046c9ea _malloc `eh_vector_constructor_iterator'"
0044bc20,FUN_0044bc20,47,0,"_malloc"
0044bc50,FUN_0044bc50,26,1,"_free"
0044bcd0,FUN_0044bcd0,1,0,""
0044bd20,FUN_0044bd20,66,2,"CloseHandle FUN_0046ca4f"
0044bd70,FUN_0044bd70,46,1,"CloseHandle"
0044bda0,FUN_0044bda0,238,3,"CreateFileA DeleteFileA FUN_0044c050 SetFilePointer __security_check_cookie"
0044be90,FUN_0044be90,34,1,"CloseHandle"
0044bec0,FUN_0044bec0,57,3,"ReadFile"
0044bf00,FUN_0044bf00,63,3,"WriteFile"
0044bf40,FUN_0044bf40,25,1,"SetFilePointer"
0044bf60,FUN_0044bf60,21,1,"GetFileSize"
0044bf80,FUN_0044bf80,37,3,"SetFilePointer"
0044bfb0,FUN_0044bfb0,145,2,"_free _malloc"
0044c050,FUN_0044c050,121,1,"GetModuleFileNameA _strchr _strrchr"
0044c0e0,FUN_0044c0e0,31,2,"FUN_0046ca4f"
0044c130,FUN_0044c130,200,1,"__security_check_cookie _strchr"
0044c230,FUN_0044c230,218,1,"CloseHandle FUN_0044b7b0 FUN_0044bda0 FUN_0044bfb0 FUN_0044c130 GetFileSize _strchr"
0044c310,FUN_0044c310,202,1,"CloseHandle FUN_0044b8e0 FUN_0044bda0 FUN_0044c130 GetFileSize _strchr"
0044c3f0,FUN_0044c3f0,768,3,"FUN_0044c920 FUN_0044c960 FUN_0044cb00 FUN_0044cba0 _malloc"
0044c710,FUN_0044c710,464,3,"_malloc"
0044c920,FUN_0044c920,49,0,"_memset"
0044c960,FUN_0044c960,416,3,"FUN_0044cba0"
0044cb00,FUN_0044cb00,79,1,"FUN_0044cb00 FUN_0044cb50 FUN_0044cba0 FUN_0044cc30"
0044cb50,FUN_0044cb50,80,2,""
0044cba0,FUN_0044cba0,134,2,""
0044cc30,FUN_0044cc30,43,0,""
0044cc70,FUN_0044cc70,5,0,""
0044cca0,FUN_0044cca0,69,2,"FUN_0046ca4f _free"
0044ccf0,FUN_0044ccf0,49,1,"_free"
0044cd30,FUN_0044cd30,44,2,"FUN_0044c230 FUN_0044c310"
0044cd60,FUN_0044cd60,37,1,"_free"
0044cd90,FUN_0044cd90,88,3,"_memcpy"
0044cdf0,FUN_0044cdf0,7,1,""
0044ce00,FUN_0044ce00,4,1,""
0044ce10,FUN_0044ce10,109,3,""
0044ce90,FUN_0044ce90,212,3,"CreateProcessA GetExitCodeProcess"
0044cf90,FUN_0044cf90,69,2,"FUN_0046ca4f _free"
0044cfe0,FUN_0044cfe0,49,1,"_free"
0044d020,FUN_0044d020,169,2,"FindResourceA FreeResource LoadResource LockResource SizeofResource _malloc _memcpy"
0044d110,FUN_0044d110,36,2,"FUN_00464c40 FUN_0046ca4f"
0044d190,FUN_0044d190,173,0,"FUN_004508b0 Sleep"
0044d280,FUN_0044d280,25,1,"exception"
0044d2b0,FUN_0044d2b0,36,2,"FUN_0046ca4f ~exception"
0044d310,FUN_0044d310,33,4,"_memcpy_s"
0044d340,FUN_0044d340,33,4,"_memmove_s"
0044d420,FUN_0044d420,111,1,"FUN_0044ec80"
0044d5b0,FUN_0044d5b0,105,0,"DeleteDC DeleteObject SelectObject"
0044d640,FUN_0044d640,393,1,"CreateCompatibleDC CreateDIBSection FUN_0044d5b0 SelectObject _memset"
0044d8b0,FUN_0044d8b0,872,1,""
0044dc20,FUN_0044dc20,162,1,""
0044dd70,FUN_0044dd70,222,5,"CreateFontA DeleteObject FUN_0044d420 FUN_0044de50 FUN_0046ca4f __security_check_cookie"
0044de50,FUN_0044de50,525,5,"DrawTextA SelectObject SetBkMode SetTextColor"
0044e060,FUN_0044e060,201,1,"_memcpy"
0044e130,FUN_0044e130,217,1,"_memcpy"
0044e210,FUN_0044e210,657,5,""
0044e4d0,FUN_0044e4d0,346,0,"CreateFontA EnterCriticalSection FUN_0044d640 LeaveCriticalSection"
0044e660,FUN_0044e660,631,8,"D3DXLoadSurfaceFromMemory FUN_0044d8b0 FUN_0044dc20 SelectObject SetBkMode SetTextColor TextOutA _memset"
0044e8e0,FUN_0044e8e0,392,6,"D3DXLoadSurfaceFromMemory FUN_0044d8b0 FUN_0044dc20 SelectObject SetBkMode SetTextColor TextOutA"
0044ea80,FUN_0044ea80,38,1,"FUN_0046ca4f"
0044eaf0,FUN_0044eaf0,218,4,"FUN_0044ed60 FUN_0044ef10 FUN_00491687 FUN_004916e6 _memcpy_s"
0044ebd0,FUN_0044ebd0,34,1,"FUN_0044ec80"
0044ec00,FUN_0044ec00,74,3,"FUN_0046ca4f _memcpy_s"
0044ec80,FUN_0044ec80,214,3,"FUN_0044eaf0 FUN_0044ef10 FUN_00491687 _memcpy_s"
0044ed60,FUN_0044ed60,131,3,"FUN_004916e6 _memmove_s"
0044edf0,FUN_0044edf0,31,2,""
0044ef10,FUN_0044ef10,129,2,"FUN_0044efbe FUN_0044f0a0"
0044ef91,Catch_All@0044ef91,39,0,"FUN_0044f0a0"
0044efbe,FUN_0044efbe,105,0,"FUN_0046ca4f _memcpy_s"
0044f027,Catch_All@0044f027,48,0,"FUN_0046ca4f __CxxThrowException@8"
0044f0a0,FUN_0044f0a0,85,1,"FUN_0046c9ea __CxxThrowException@8 exception"
0044f180,FUN_0044f180,25,2,"exception"
0044f200,FUN_0044f200,127,1,"FUN_004624c0 FUN_00462740 FUN_00464c40"
0044f2c0,FUN_0044f2c0,98,0,"FUN_00463e80 FUN_00464220 MessageBoxA"
0044f370,FUN_0044f370,135,0,""
0044f400,FUN_0044f400,162,0,""
0044f4b0,FUN_0044f4b0,48,0,"FUN_004609d0"
0044f560,FUN_0044f560,2117,1,"CreateMutexA DeleteCriticalSection DestroyWindow Direct3DCreate9 DispatchMessageA FUN_0042f650 FUN_0042f8c0 FUN_0042feb0 FUN_00431630 FUN_00431700 FUN_0044f200 FUN_0044f2c0 FUN_0044f370 FUN_0044f400 FUN_0044ffb0 FUN_00450080 FUN_004503f0 FUN_00450600 FUN_004508b0 FUN_00450a70 FUN_00450cc0 FUN_00451200 FUN_00451530 FUN_004516a0 FUN_00451d20 FUN_00452fd0 FUN_00453030 FUN_00453500 FUN_0045dfa0 FUN_0045ea40 FUN_004629b0 FUN_00463980 FUN_00463e80 FUN_00464220 FUN_00464300 FUN_00464c40 FUN_0046c9ea FUN_0046ca4f GetKeyboardState GetLastError GetSystemMetrics GetWindowRect InitializeCriticalSection MoveWindow PeekMessageA SetCursor SetForegroundWindow SetWindowLongA SetWindowPos ShowCursor ShowWindow SystemParametersInfoA TranslateMessage WINNLSEnableIME __security_check_cookie timeBeginPeriod timeEndPeriod"
0044fe00,FUN_0044fe00,418,4,"DefWindowProcA LoadCursorA SetCursor SetForegroundWindow ShowCursor"
0044ffb0,FUN_0044ffb0,100,0,"QueryPerformanceCounter QueryPerformanceFrequency SystemParametersInfoA"
00450080,FUN_00450080,337,1,"FUN_00430300 FUN_00430910 FUN_004501e0 FUN_004508b0 FUN_0045a380 FUN_0045a3c0 FUN_004624c0 FUN_00462620 FUN_00464c40"
004501e0,FUN_004501e0,525,0,"FUN_0040dd50 FUN_0041cb70 FUN_00431630 FUN_00431700 FUN_0044f370 FUN_0044f400 FUN_00450810 FUN_004508b0 FUN_00451200 FUN_004931e0 Sleep"
004503f0,FUN_004503f0,397,1,"FUN_00430300 FUN_00430910 FUN_00450580 FUN_004508b0 FUN_0045a380 FUN_0045a3c0 FUN_004624c0 FUN_00462620 FUN_00464c40 Sleep"
00450580,FUN_00450580,119,0,"FUN_0040dd50 FUN_0041cb70 FUN_00431630 FUN_00431700 FUN_0044f370 FUN_0044f400 FUN_00450810 FUN_00451200"
00450600,FUN_00450600,286,1,"FUN_00430300 FUN_00430910 FUN_00450720 FUN_004508b0 FUN_0045a380 FUN_0045a3c0 FUN_004624c0 FUN_00462620 FUN_00464c40"
00450720,FUN_00450720,226,0,"FUN_0040dd50 FUN_0041cb70 FUN_00431630 FUN_00431700 FUN_0044f370 FUN_0044f400 FUN_00450810 FUN_004508b0 FUN_00451200 FUN_004931e0 Sleep"
00450810,FUN_00450810,156,0,"FUN_0042fca0 FUN_0044f4b0 FUN_00463df0 FUN_0046d585 __security_check_cookie _sprintf"
004508b0,FUN_004508b0,260,0,"EnterCriticalSection LeaveCriticalSection QueryPerformanceCounter timeGetTime"
00450a70,FUN_00450a70,577,0,"CreateWindowExA GetStockObject GetSystemMetrics GetWindowRect LoadCursorA RegisterClassA SendMessageA Sleep"
00450cc0,FUN_00450cc0,1335,0,"D3DXMatrixLookAtLH D3DXMatrixPerspectiveFovLH FUN_004317d0 FUN_00451200 FUN_00451e60 FUN_00464220 FUN_00464300 _memset"
00451200,FUN_00451200,801,1,""
00451530,FUN_00451530,344,0,"FUN_004517a0 FUN_00463df0 GetConsoleTitleA GetModuleFileNameA GetStartupInfoA __security_check_cookie __stricmp _memset _strrchr"
004516a0,FUN_004516a0,246,0,"FUN_00463c10 GetModuleFileNameA __security_check_cookie _free"
004517a0,FUN_004517a0,274,1,"CoCreateInstance CoInitialize CoUninitialize FUN_0046c9ea FUN_0046ca4f MultiByteToWideChar __security_check_cookie"
00451a60,FUN_00451a60,440,0,"DirectInput8Create FUN_004318f0 FUN_00464220"
00451d20,FUN_00451d20,79,0,"FUN_00451a60"
00451dc0,FUN_00451dc0,157,0,""
00451e60,FUN_00451e60,99,0,"FUN_00451dc0 FUN_0045a3c0"
00451f30,FUN_00451f30,499,0,"FUN_0045a3c0"
00452140,FUN_00452140,517,0,"FUN_0045a3c0"
00452350,FUN_00452350,132,0,"FUN_00451f30 FUN_0045a3c0"
00452470,FUN_00452470,74,0,"FUN_00451f30"
00452540,FUN_00452540,64,0,"FUN_00451f30"
004525d0,FUN_004525d0,172,1,"FUN_004067e0 FUN_00464a80"
00452680,FUN_00452680,81,0,"FUN_00451f30"
004526e0,FUN_004526e0,265,1,"FUN_00464440 FUN_00464a80"
00452960,FUN_00452960,27,1,"FUN_00452f00 FUN_0046ca4f"
004529a0,FUN_004529a0,85,5,"FUN_00452a60 FUN_0046c9ea _memset"
00452a60,FUN_00452a60,1133,6,"FUN_00462380 FUN_00462420 FUN_0046c9ea"
00452f00,FUN_00452f00,166,0,"EnterCriticalSection FUN_00462890 LeaveCriticalSection"
00452fd0,FUN_00452fd0,66,1,"CreateThread _memset"
00453030,FUN_00453030,173,0,"CloseHandle Sleep WaitForSingleObject"
00453120,FUN_00453120,791,2,"DirectSoundCreate8 FUN_00454580 FUN_00464220 FUN_00465690 FUN_0046c9ea FUN_0046ca4f SetTimer __security_check_cookie _memset"
00453500,FUN_00453500,275,0,"FUN_00453c30 FUN_0046ca4f KillTimer _free"
00453620,FUN_00453620,71,2,"_strncmp"
00453670,FUN_00453670,215,2,"__security_check_cookie _strrchr"
004537b0,FUN_004537b0,214,0,"CreateEventA CreateThread FUN_00453c30 FUN_004657a0"
00453890,FUN_00453890,69,1,"FUN_00453670 FUN_00454b00 FUN_00466bc0"
004538e0,FUN_004538e0,505,1,"CloseHandle CreateFileA EnterCriticalSection FUN_00431800 FUN_00453670 FUN_00454b00 LeaveCriticalSection ReadFile SetFilePointer _free _malloc"
00453ae0,FUN_00453ae0,277,0,"CreateEventA CreateThread FUN_00453890 FUN_00454b00 FUN_00465aa0"
00453c30,FUN_00453c30,154,0,"CloseHandle FUN_00466460 PostThreadMessageA WaitForSingleObject"
00453cd0,FUN_00453cd0,187,0,"FUN_00453030 FUN_004931e0"
00453d90,FUN_00453d90,135,2,""
00453e20,FUN_00453e20,164,2,"FUN_004931e0"
00453f10,FUN_00453f10,133,0,""
00453fa0,FUN_00453fa0,1257,2,"CloseHandle EnterCriticalSection FUN_00453670 FUN_004538e0 FUN_00453ae0 FUN_00453c30 FUN_004544b0 FUN_00454b00 FUN_00465de0 FUN_00465fe0 FUN_004662f0 FUN_00466350 FUN_004663e0 FUN_00466460 FUN_004664f0 FUN_00466570 FUN_004669f0 FUN_00466bc0 FUN_004931e0 LeaveCriticalSection PostThreadMessageA WaitForSingleObject"
004544b0,FUN_004544b0,200,0,"FUN_004931e0"
00454580,FUN_00454580,793,1,"FUN_00453620 FUN_00454b00 FUN_00464220 Sleep __security_check_cookie _free _memcpy _strncmp"
004548a0,FUN_004548a0,177,0,"FUN_004667d0 MsgWaitForMultipleObjects PeekMessageA"
00454960,FUN_00454960,151,2,"EnterCriticalSection LeaveCriticalSection"
00454b00,FUN_00454b00,1,0,""
00454b30,FUN_00454b30,77,0,"_memset"
00454b80,FUN_00454b80,392,2,""
00454d10,FUN_00454d10,223,3,"FUN_00402520 FUN_00455630 _memset"
00454df0,FUN_00454df0,228,1,"FUN_00402520 FUN_00455630 _memset"
00454ee0,FUN_00454ee0,185,2,"FUN_00455630 _memset"
00454fa0,FUN_00454fa0,285,2,"FUN_00455630"
004551b0,FUN_004551b0,462,2,"FUN_00410920 FUN_00464440 FUN_004645b0 FUN_004645e0 FUN_004931e0"
004553f0,FUN_004553f0,138,1,"FUN_00464440 FUN_004931e0"
004554d0,FUN_004554d0,95,2,"FUN_004931e0"
00455580,FUN_00455580,62,2,""
004555f0,FUN_004555f0,52,1,""
00455630,FUN_00455630,12538,3,"FUN_00405900 FUN_00406170 FUN_00406340 FUN_00406680 FUN_004067e0 FUN_0040d660 FUN_00425790 FUN_004317d0 FUN_0043adb0 FUN_00454b80 FUN_004551b0 FUN_004553f0 FUN_004554d0 FUN_00455580 FUN_004555f0 FUN_004589e0 FUN_00458cf0 FUN_00458e40 FUN_00459100 FUN_004592b0 FUN_004594b0 FUN_00459530 FUN_004595c0 FUN_00459640 FUN_00459830 FUN_004599b0 FUN_0045cdf0 FUN_0045d9a0 FUN_00461720 FUN_00461840 FUN_00461c50 FUN_00464440 FUN_00464640 FUN_004646e0 FUN_00464a20 FUN_004931e0 FUN_004933ca FUN_00493440 FUN_00493590 _malloc"
004589e0,FUN_004589e0,768,2,"FUN_00459300 FUN_00464a80 FUN_004931e0"
00458cf0,FUN_00458cf0,332,2,"FUN_00459330 FUN_00464a80 FUN_004931e0"
00458e40,FUN_00458e40,673,0,"FUN_00459360 FUN_00464a80"
00459100,FUN_00459100,331,0,"FUN_00459390 FUN_00464a80"
004592b0,FUN_004592b0,52,0,""
00459300,FUN_00459300,39,0,"FUN_00464f80"
00459330,FUN_00459330,39,0,"FUN_00464f80"
00459360,FUN_00459360,39,0,"FUN_00464f80"
00459390,FUN_00459390,39,0,"FUN_00464f80"
004594b0,FUN_004594b0,30,3,""
00459530,FUN_00459530,138,4,""
004595c0,FUN_004595c0,118,4,""
00459640,FUN_00459640,216,4,""
00459830,FUN_00459830,216,4,""
004599b0,FUN_004599b0,132,4,""
00459a40,FUN_00459a40,25,1,""
00459a60,FUN_00459a60,617,1,"FUN_0045a3c0"
00459cf0,FUN_00459cf0,315,0,"FUN_0045a3c0"
00459e50,FUN_00459e50,1320,2,"FUN_00459a40 FUN_00459cf0 FUN_0045a3c0 FUN_0045a4a0"
0045a380,FUN_0045a380,56,0,""
0045a3c0,FUN_0045a3c0,213,0,""
0045a4a0,FUN_0045a4a0,142,2,""
0045a570,FUN_0045a570,1141,2,"FUN_00493290"
0045a9f0,FUN_0045a9f0,51,1,"FUN_00459e50 FUN_0045a570"
0045aa30,FUN_0045aa30,1041,3,""
0045ae50,FUN_0045ae50,54,3,"FUN_00459e50 FUN_0045aa30"
0045af10,FUN_0045af10,672,1,""
0045b1b0,FUN_0045b1b0,45,1,"FUN_00459e50 FUN_0045af10"
0045b1e0,FUN_0045b1e0,45,1,"FUN_00459e50 FUN_0045af10"
0045b210,FUN_0045b210,976,0,"D3DXVec3Project FUN_00408860"
0045b5e0,FUN_0045b5e0,33,1,"FUN_00459e50 FUN_0045b210"
0045b610,FUN_0045b610,791,0,"FUN_00408860 FUN_00459e50 FUN_0045b210 FUN_004931e0"
0045b930,FUN_0045b930,338,1,"D3DXMatrixMultiply D3DXMatrixRotationX D3DXMatrixRotationY D3DXMatrixRotationZ"
0045ba90,FUN_0045ba90,48,0,"FUN_00459e50 FUN_0045b930"
0045bac0,FUN_0045bac0,534,2,"D3DXVec3Transform FUN_00408860 FUN_00459e50 FUN_0045b930"
0045bce0,FUN_0045bce0,1123,2,"D3DXMatrixMultiply D3DXMatrixRotationX D3DXMatrixRotationY D3DXMatrixRotationZ FUN_00459a60 FUN_0045a3c0"
0045c150,FUN_0045c150,264,1,""
0045c260,FUN_0045c260,264,1,""
0045c3a0,FUN_0045c3a0,294,3,"FUN_00459cf0 FUN_0045a3c0"
0045c800,FUN_0045c800,246,1,"FUN_00459cf0 FUN_0045a3c0"
0045c900,FUN_0045c900,1151,2,"FUN_004302c0 FUN_00430300 FUN_00459a60 FUN_0045a9f0 FUN_0045ae50 FUN_0045b1b0 FUN_0045b1e0 FUN_0045b5e0 FUN_0045b610 FUN_0045ba90 FUN_0045bac0 FUN_0045bce0 FUN_0045c3a0 FUN_0045c800 FUN_0045ce60 FUN_0045d0a0 FUN_0045d2e0 FUN_0045d380 FUN_0045d430 FUN_0045d710 FUN_0045d8c0"
0045cdf0,FUN_0045cdf0,89,1,"FUN_0045a570 FUN_0045aa30 FUN_0045af10"
0045ce60,FUN_0045ce60,562,7,"FUN_0045a3c0"
0045d0a0,FUN_0045d0a0,566,7,"FUN_0045a3c0"
0045d2e0,FUN_0045d2e0,148,6,"FUN_0045ce60"
0045d380,FUN_0045d380,169,5,"FUN_0045d0a0"
0045d430,FUN_0045d430,413,6,"FUN_0045a3c0 FUN_0045d890 FUN_00464640"
0045d5d0,FUN_0045d5d0,313,3,""
0045d710,FUN_0045d710,372,7,"FUN_0045d890 FUN_00464640"
0045d890,FUN_0045d890,30,3,""
0045d8c0,FUN_0045d8c0,115,1,""
0045d970,FUN_0045d970,40,1,"FUN_00493290"
0045d9a0,FUN_0045d9a0,805,0,"FUN_0045df50 FUN_00464440 _free _malloc"
0045dcd0,FUN_0045dcd0,592,1,"FUN_0045df50"
0045df50,FUN_0045df50,30,3,""
0045dfa0,FUN_0045dfa0,2673,1,"FUN_00402520 FUN_004027e0 FUN_00462380 FUN_00462420 FUN_0046c9ea _memset `eh_vector_constructor_iterator'"
0045ea40,FUN_0045ea40,229,1,"FUN_00461450 _free `eh_vector_destructor_iterator'"
0045eb30,FUN_0045eb30,487,0,""
0045ee00,FUN_0045ee00,1813,0,""
0045f640,FUN_0045f640,252,0,"D3DXLoadSurfaceFromFileInMemory D3DXLoadSurfaceFromMemory FUN_0045ee00"
0045f740,FUN_0045f740,319,1,"D3DXLoadSurfaceFromFileInMemory D3DXLoadSurfaceFromMemory FUN_0045ee00"
0045f880,FUN_0045f880,503,2,"D3DXCreateTexture D3DXCreateTextureFromFileInMemoryEx D3DXLoadSurfaceFromSurface FUN_0045ee00 FUN_004622e0"
0045fa80,FUN_0045fa80,287,3,"D3DXCreateTexture D3DXLoadSurfaceFromMemory"
0045fba0,FUN_0045fba0,67,1,"D3DXCreateTexture"
0045fbf0,FUN_0045fbf0,69,0,""
0045fc90,FUN_0045fc90,451,3,"FUN_0045fee0 FUN_004622e0 FUN_00463c10 FUN_00464300 FUN_0046c9ea __security_check_cookie _malloc _memset _sprintf"
0045fe60,FUN_0045fe60,118,1,"FUN_0045fc90 FUN_004622e0 Sleep"
0045fee0,FUN_0045fee0,221,2,"FUN_00463c10 FUN_00464300 __security_check_cookie _sprintf"
0045ffc0,FUN_0045ffc0,212,0,"FUN_004600a0 FUN_004622e0"
004600a0,FUN_004600a0,802,5,"FUN_0045f880 FUN_0045fa80 FUN_0045fba0 FUN_0045fbf0 FUN_00460610 FUN_00464300"
004603d0,FUN_004603d0,135,1,"FUN_0045ffc0 FUN_004604e0 FUN_0046ca4f"
004604a0,FUN_004604a0,51,1,"FUN_004604e0 FUN_0046ca4f"
004604e0,FUN_004604e0,237,1,"FUN_00461be0 _free"
00460610,FUN_00460610,149,2,""
004606b0,FUN_004606b0,172,9,"FUN_0044e660 FUN_0044e8e0 FUN_004931e0"
00460760,FUN_00460760,157,5,"FUN_004606b0 __security_check_cookie _vsprintf"
00460800,FUN_00460800,225,5,"FUN_004606b0 FUN_004931e0 __security_check_cookie _vsprintf"
004608f0,FUN_004608f0,213,5,"FUN_004606b0 FUN_004931e0 __security_check_cookie _vsprintf"
004609d0,FUN_004609d0,313,1,"D3DXLoadSurfaceFromSurface FUN_0045a3c0"
00460e70,FUN_00460e70,138,0,"FUN_00430910 FUN_0045a3c0 FUN_004611d0"
00460fe0,FUN_00460fe0,227,0,"EnterCriticalSection FUN_00455630 FUN_00461450 LeaveCriticalSection"
004610d0,FUN_004610d0,243,0,"EnterCriticalSection FUN_00455630 FUN_00461450 LeaveCriticalSection"
004611d0,FUN_004611d0,126,1,"EnterCriticalSection FUN_0045c900 LeaveCriticalSection"
00461250,FUN_00461250,123,0,""
004612d0,FUN_004612d0,118,0,""
00461350,FUN_00461350,123,0,""
004613d0,FUN_004613d0,118,0,""
00461450,FUN_00461450,325,1,"FUN_0046ca4f _free"
004615a0,FUN_004615a0,369,5,"EnterCriticalSection FUN_00454d10 FUN_00454df0 FUN_00461250 FUN_004612d0 FUN_00461350 FUN_004613d0 FUN_004621c0 LeaveCriticalSection"
00461720,FUN_00461720,282,3,"EnterCriticalSection FUN_00454d10 FUN_00461250 FUN_004612d0 FUN_00461350 FUN_004613d0 FUN_004621c0 LeaveCriticalSection"
00461840,FUN_00461840,216,2,"EnterCriticalSection FUN_00454d10 FUN_00461250 FUN_004621c0 LeaveCriticalSection"
00461920,FUN_00461920,79,3,""
00461970,FUN_00461970,102,2,"FUN_00461920"
004619e0,FUN_004619e0,123,2,"FUN_00455630 FUN_00461920"
00461a70,FUN_00461a70,66,2,"FUN_00461920"
00461be0,FUN_00461be0,78,2,""
00461c50,FUN_00461c50,21,1,"FUN_00461920"
00461d40,FUN_00461d40,64,0,"FUN_00461920"
00461d80,FUN_00461d80,64,0,"FUN_00461920"
00461dd0,FUN_00461dd0,45,1,"FUN_00461920"
00461e30,FUN_00461e30,63,1,"FUN_00461920"
00461ea0,FUN_00461ea0,36,1,"FUN_00454b80 FUN_00461920"
00461f40,FUN_00461f40,36,1,"FUN_00454fa0 FUN_00461920"
00462020,FUN_00462020,47,2,""
00462060,FUN_00462060,75,1,"FUN_00461920"
004621c0,FUN_004621c0,200,0,"FUN_00402520 FUN_004027e0 FUN_0046c9ea"
004622e0,FUN_004622e0,1,0,""
00462330,FUN_00462330,12,0,""
00462380,FUN_00462380,147,0,"EnterCriticalSection LeaveCriticalSection"
00462420,FUN_00462420,147,0,"EnterCriticalSection LeaveCriticalSection"
004624c0,FUN_004624c0,304,0,"EnterCriticalSection FUN_00462890 LeaveCriticalSection"
00462620,FUN_00462620,259,0,"EnterCriticalSection FUN_00462890 LeaveCriticalSection"
00462740,FUN_00462740,106,1,"EnterCriticalSection FUN_00462890 LeaveCriticalSection"
00462890,FUN_00462890,114,2,"FUN_0046ca4f"
004629b0,FUN_004629b0,105,0,"FUN_00464220 joyGetDevCapsA joyGetPosEx"
00462a80,FUN_00462a80,812,0,"FUN_004654b0 __security_check_cookie _memset joyGetPosEx"
00462db0,FUN_00462db0,267,0,"__security_check_cookie _memset joyGetPosEx"
00462ec0,FUN_00462ec0,888,0,"FUN_00462a80 FUN_00465440 GetKeyboardState __security_check_cookie"
00463910,FUN_00463910,101,0,"GetKeyboardState _memset"
00463980,FUN_00463980,75,0,"GetKeyboardState SetKeyboardState __security_check_cookie"
004639d0,FUN_004639d0,280,5,"_free _malloc _memcpy"
00463af0,FUN_00463af0,284,5,"_free _malloc _memcpy"
00463c10,FUN_00463c10,466,2,"CloseHandle CreateFileA EnterCriticalSection FUN_00431800 FUN_0044b7b0 FUN_004654b0 GetFileSize LeaveCriticalSection ReadFile __stricmp _malloc _strrchr"
00463df0,FUN_00463df0,141,1,"CloseHandle CreateFileA EnterCriticalSection LeaveCriticalSection"
00463e80,FUN_00463e80,297,1,"CloseHandle CreateFileA EnterCriticalSection FUN_004654b0 FormatMessageA GetLastError LeaveCriticalSection LocalFree WriteFile"
00463fb0,FUN_00463fb0,180,0,"CreateFileA EnterCriticalSection FUN_004654b0 FormatMessageA GetLastError LeaveCriticalSection LocalFree"
00464070,FUN_00464070,180,0,"CreateFileA EnterCriticalSection FUN_004654b0 FormatMessageA GetLastError LeaveCriticalSection LocalFree"
00464130,FUN_00464130,88,2,"CloseHandle LeaveCriticalSection WriteFile"
00464190,FUN_00464190,69,0,"CloseHandle ReadFile _malloc"
004641e0,FUN_004641e0,49,0,"CloseHandle LeaveCriticalSection"
00464220,FUN_00464220,211,2,"EnterCriticalSection LeaveCriticalSection __alloca_probe __security_check_cookie _vsprintf"
00464300,FUN_00464300,207,1,"EnterCriticalSection LeaveCriticalSection __security_check_cookie _vsprintf"
004643d0,FUN_004643d0,105,0,"EnterCriticalSection LeaveCriticalSection"
00464440,FUN_00464440,153,0,"EnterCriticalSection LeaveCriticalSection"
00464580,FUN_00464580,45,0,"FUN_004643d0"
004645b0,FUN_004645b0,36,0,"FUN_00464440"
004645e0,FUN_004645e0,42,0,"FUN_00464440"
00464640,FUN_00464640,157,2,""
004646e0,FUN_004646e0,145,1,""
00464780,FUN_00464780,86,1,"FUN_004938c0 FUN_004939f0"
00464900,FUN_00464900,61,0,""
00464940,FUN_00464940,48,0,""
00464970,FUN_00464970,121,1,""
00464a20,FUN_00464a20,96,3,"FUN_004931e0"
00464a80,FUN_00464a80,83,0,"FUN_004931e0"
00464bf0,FUN_00464bf0,36,2,"FUN_00464c40 FUN_0046ca4f"
00464c20,FUN_00464c20,16,1,"FUN_00464c40"
00464c40,FUN_00464c40,101,0,"CloseHandle Sleep WaitForSingleObject"
00464cb0,FUN_00464cb0,56,1,"FUN_00464c40 __beginthreadex"
00464d50,FUN_00464d50,84,0,"FUN_004646e0 FUN_00465390"
00464db0,FUN_00464db0,243,0,"FUN_004646e0 FUN_00464780 FUN_00465280 FUN_00465320 FUN_00465390"
00464eb0,FUN_00464eb0,202,0,"FUN_004646e0 FUN_00464780 FUN_00465280 FUN_00465320 FUN_00465390"
00464f80,FUN_00464f80,7,0,""
00465280,FUN_00465280,101,2,""
00465320,FUN_00465320,99,0,"FUN_00493290"
00465390,FUN_00465390,30,3,""
00465440,FUN_00465440,105,1,""
004654b0,FUN_004654b0,1,0,""
00465690,FUN_00465690,272,1,"__security_check_cookie"
004657a0,FUN_004657a0,703,8,"CloseHandle FUN_00466650 FUN_00466b10 FUN_0046c9ea FUN_0046ca4f __security_check_cookie"
00465aa0,FUN_00465aa0,657,11,"FUN_00466650 FUN_0046c9ea FUN_0046ca4f __security_check_cookie"
00465d40,FUN_00465d40,119,3,"FUN_00465fe0 FUN_0046c9ea"
00465dc0,FUN_00465dc0,30,2,"FUN_00465f50 FUN_0046ca4f"
00465de0,FUN_00465de0,353,0,"FUN_0046c9ea FUN_0046ca4f"
00465f50,FUN_00465f50,133,1,"CloseHandle FUN_0046ca4f"
00465fe0,FUN_00465fe0,570,1,"FUN_00466d70 SetFilePointer Sleep _memset"
00466220,FUN_00466220,93,0,"Sleep"
00466280,FUN_00466280,100,1,"_rand"
004662f0,FUN_004662f0,19,1,""
00466350,FUN_00466350,133,1,"FUN_00465fe0 FUN_00466220 FUN_00466280 FUN_004663e0 FUN_004665c0"
004663e0,FUN_004663e0,125,2,"FUN_004931e0"
00466460,FUN_00466460,129,1,"CloseHandle"
004664f0,FUN_004664f0,117,0,"CloseHandle SetFilePointer"
00466570,FUN_00466570,77,0,"FUN_00466bc0"
004665c0,FUN_004665c0,52,0,""
00466650,FUN_00466650,48,4,"FUN_00465d40"
00466680,FUN_00466680,36,2,"FUN_00465f50 FUN_0046ca4f"
004667d0,FUN_004667d0,543,1,"FUN_00465fe0 FUN_00466220 FUN_00466c90 FUN_00466d70 _memset"
004669f0,FUN_004669f0,223,1,"FUN_00465fe0 FUN_00466220 SetFilePointer"
00466b10,FUN_00466b10,164,0,"CreateFileA FUN_00466e90 SetFilePointer"
00466bc0,FUN_00466bc0,130,1,"FUN_00466b10 FUN_00466c90 FUN_00466e90"
00466c90,FUN_00466c90,223,0,"SetFilePointer"
00466d70,FUN_00466d70,192,2,"ReadFile _memcpy"
00466e90,FUN_00466e90,1,0,""
00466ea0,FUN_00466ea0,1,0,""
00466f00,FUN_00466f00,613,1,"FUN_00466ea0 FUN_00468f70 FUN_00468fe0 FUN_004694f0 FUN_004931e0"
00467170,FUN_00467170,6855,3,"FUN_00406170 FUN_00406680 FUN_00408860 FUN_004088c0 FUN_004646e0 FUN_00466ea0 FUN_00466f00 FUN_00468e20 FUN_00468ec0 FUN_00468f70 FUN_00468fe0 FUN_00469080 FUN_004690b0 FUN_00469110 FUN_004691b0 FUN_004691e0 FUN_00469200 FUN_00469270 FUN_00469610 FUN_004696c0 FUN_00469700 FUN_004931e0 _free _malloc _strchr"
00468d90,FUN_00468d90,142,3,"FUN_00467170 FUN_0046ca4f"
00468e20,FUN_00468e20,146,3,"FUN_004931e0"
00468ec0,FUN_00468ec0,175,1,"FUN_004931e0"
00468f70,FUN_00468f70,100,2,"FUN_004931e0"
00468fe0,FUN_00468fe0,145,3,"FUN_004931e0"
00469080,FUN_00469080,48,0,""
004690b0,FUN_004690b0,89,2,"FUN_004931e0"
00469110,FUN_00469110,147,2,"FUN_00466f00 FUN_0046c9ea"
004691b0,FUN_004691b0,29,1,""
004691e0,FUN_004691e0,31,0,""
00469200,FUN_00469200,101,2,""
00469270,FUN_00469270,30,3,""
004692e0,FUN_004692e0,513,2,"_free _malloc _memcpy"
004694f0,FUN_004694f0,126,1,""
00469570,FUN_00469570,77,1,"FUN_004694f0 FUN_0046c9ea"
00469610,FUN_00469610,71,3,""
004696c0,FUN_004696c0,64,1,""
00469700,FUN_00469700,41,0,""
00469750,FUN_00469750,1511,2,"FUN_004390f0 FUN_004646e0 _malloc _memset"
00469d40,FUN_00469d40,1236,1,"FUN_0042e770 FUN_004646e0 FUN_00464db0 FUN_00465280 FUN_00465390 FUN_0046a4a0 FUN_0046a520 FUN_004931e0 FUN_004937aa"
0046a250,FUN_0046a250,170,2,"_malloc _memset"
0046a300,FUN_0046a300,368,2,"FUN_0040fbe0 FUN_00453e20 FUN_00464a80"
0046a4a0,FUN_0046a4a0,30,3,""
0046a4e0,FUN_0046a4e0,52,1,"FUN_004937aa"
0046a520,FUN_0046a520,101,2,""
0046a5f0,FUN_0046a5f0,891,1,"EnterCriticalSection FUN_00402870 FUN_0040fbe0 FUN_0040ff10 FUN_00410020 FUN_00452a60 FUN_00453e20 FUN_00454d10 FUN_00461250 FUN_004621c0 FUN_0046c9ea FUN_0046ca4f LeaveCriticalSection _memset"
0046a970,FUN_0046a970,581,1,"FUN_00402870 FUN_00406f60 FUN_00410020 FUN_00461920 FUN_00461970 FUN_00464440 FUN_0046abe0 FUN_0046ca4f"
0046abe0,FUN_0046abe0,119,0,"FUN_0040cd00 FUN_004285f0"
0046ac64,DirectInput8Create,6,0,""
0046c6b0,DirectSoundCreate8,6,0,""
0046c6b6,Direct3DCreate9,6,0,""
0046c6bc,D3DXVec3Normalize,6,0,""
0046c6c2,D3DXMatrixTranslation,6,0,""
0046c6c8,D3DXVec3ProjectArray,6,0,""
0046c6ce,D3DXVec2Normalize,6,0,""
0046c6d4,D3DXVec3Project,6,0,""
0046c6da,D3DXMatrixLookAtLH,6,0,""
0046c6e0,D3DXMatrixPerspectiveFovLH,6,0,""
0046c6e6,D3DXCreateTexture,6,0,""
0046c6ec,D3DXLoadSurfaceFromMemory,6,0,""
0046c6f2,D3DXMatrixRotationX,6,0,""
0046c6f8,D3DXMatrixMultiply,6,0,""
0046c6fe,D3DXMatrixRotationY,6,0,""
0046c704,D3DXMatrixRotationZ,6,0,""
0046c70a,D3DXVec3Transform,6,0,""
0046c710,D3DXCreateTextureFromFileInMemoryEx,6,0,""
0046c716,D3DXLoadSurfaceFromFileInMemory,6,0,""
0046c71c,D3DXLoadSurfaceFromSurface,6,0,""
0046c830,WINNLSEnableIME,6,0,""
0046c932,__security_check_cookie,15,1,"___report_gsfailure"
0046c941,_free,133,1,"FUN_0046c997 GetLastError HeapFree __SEH_epilog4 __SEH_prolog4 ___sbh_find_block ___sbh_free_block __errno __get_errno_from_oserr __lock"
0046c997,FUN_0046c997,9,0,"FUN_0046eba8"
0046c9cf,bad_alloc,27,1,"exception"
0046c9ea,FUN_0046c9ea,100,1,"FUN_0044f180 __CxxThrowException@8 __callnewh _atexit _malloc bad_alloc"
0046ca4f,FUN_0046ca4f,11,1,"_free"
0046ca5a,__vsprintf_l,126,4,"__errno __flsbuf __invalid_parameter __output_l"
0046cad8,_vsprintf,26,3,"__vsprintf_l"
0046caf2,FID_conflict:__vscprintf_helper,87,4,"__errno __invalid_parameter"
0046cb49,FID_conflict:__vscprintf_p,28,2,"FID_conflict:__vscprintf_helper"
0046cb65,FID_conflict:__vscprintf_p_l,29,3,"FID_conflict:__vscprintf_helper"
0046cb82,FID_conflict:__vscprintf_p,28,2,"FID_conflict:__vscprintf_helper"
0046cb9e,FID_conflict:__vscprintf_p_l,29,3,"FID_conflict:__vscprintf_helper"
0046cbbb,_sprintf,125,2,"__errno __flsbuf __invalid_parameter __output_l"
0046cc38,__sprintf_l,28,3,"__vsprintf_l"
0046cc54,_sprintf_s,30,3,"__vsprintf_s_l"
0046cc72,__sprintf_s_l,31,4,"__vsprintf_s_l"
0046cc91,__snprintf_s,33,4,"__vsnprintf_s_l"
0046ccb2,__snprintf_s_l,34,5,"__vsnprintf_s_l"
0046ccd4,FUN_0046ccd4,30,3,"__vsprintf_p_l"
0046ccf2,FUN_0046ccf2,31,4,"__vsprintf_p_l"
0046cd11,FUN_0046cd11,21,1,"FID_conflict:__vscprintf_p"
0046cd26,FUN_0046cd26,21,1,"FID_conflict:__vscprintf_p"
0046cd3b,FUN_0046cd3b,25,2,"FID_conflict:__vscprintf_p_l"
0046cd54,FUN_0046cd54,25,2,"FID_conflict:__vscprintf_p_l"
0046cd6d,name,20,2,"_Name_base"
0046cd81,~type_info,16,1,"_Type_info_dtor"
0046cd91,`scalar_deleting_destructor',33,2,"FUN_0046ca4f ~type_info"
0046cdb2,_name_internal_method,20,2,"_Name_base_internal"
0046cdd0,operator==,32,2,"_strcmp"
0046cdf0,operator!=,33,2,"_strcmp"
0046ce11,before,36,2,"_strcmp"
0046ce35,FUN_0046ce35,4,1,""
0046ce49,`eh_vector_constructor_iterator',77,5,"FUN_0046ce96 __SEH_epilog4 __SEH_prolog4"
0046ce96,FUN_0046ce96,24,0,"__ArrayUnwind"
0046cec0,__ArrayUnwind,50,4,"__SEH_epilog4 __SEH_prolog4"
0046cf1e,`eh_vector_destructor_iterator',75,4,"FUN_0046cf69 __SEH_epilog4 __SEH_prolog4"
0046cf69,FUN_0046cf69,24,0,"__ArrayUnwind"
0046cf81,_V6_HeapAlloc,70,1,"FUN_0046cfc7 __SEH_epilog4 __SEH_prolog4 ___sbh_alloc_block __lock"
0046cfc7,FUN_0046cfc7,9,0,"FUN_0046eba8"
0046cfd0,__heap_alloc,122,1,"HeapAlloc _V6_HeapAlloc __FF_MSGBANNER __NMSG_WRITE ___crtExitProcess"
0046d04a,_malloc,202,1,"HeapAlloc _V6_HeapAlloc __FF_MSGBANNER __NMSG_WRITE ___crtExitProcess __callnewh __errno"
0046d114,_atol,22,1,"_strtol"
0046d12a,FUN_0046d12a,25,2,"__strtol_l"
0046d143,FUN_0046d143,11,1,"_atol"
0046d14e,FUN_0046d14e,11,2,"FUN_0046d12a"
0046d159,FUN_0046d159,22,1,"__strtoi64"
0046d16f,FUN_0046d16f,25,2,"__strtoi64_l"
0046d1a0,_strchr,195,2,""
0046d260,_strrchr,45,2,""
0046d290,_strncpy,292,3,""
0046d3b4,_LocaleUpdate,135,2,"___updatetlocinfo ___updatetmbcinfo __getptd"
0046d44c,__atof_l,171,2,"_LocaleUpdate __errno __fltin2 __invalid_parameter __isctype_l _strlen"
0046d4f7,_atof,19,1,"__atof_l"
0046d50a,___strgtold12,66,7,"_LocaleUpdate ___strgtold12_l"
0046d54c,FID_conflict:___WSTRINGTOLD,57,4,"_LocaleUpdate ___STRINGTOLD_L"
0046d585,FUN_0046d585,50,1,"CreateDirectoryA GetLastError __dosmaperr"
0046d5b7,__time64,81,1,"GetSystemTimeAsFileTime __aulldiv"
0046d608,__invoke_watson_if_error,33,6,"__invoke_watson"
0046d62c,__localtime64_s,687,2,"___tzset __alldiv __allrem __errno __get_daylight __get_dstbias __get_timezone __gmtime64_s __invalid_parameter __invoke_watson __isindst _memset"
0046d8e4,__localtime64,39,1,"___getgmtimebuf __localtime64_s"
0046d90b,__onexit_nolock,186,1,"__decode_pointer __encode_pointer __msize __realloc_crt"
0046d9f6,__onexit,54,1,"FUN_0046da2c FUN_00472c79 __SEH_epilog4 __SEH_prolog4 __onexit_nolock"
0046da2c,FUN_0046da2c,6,0,"FUN_00472c82"
0046da32,_atexit,23,1,"__onexit"
0046da49,__endthread,72,0,"CloseHandle ExitThread FUN_004759d5 __IsNonwritableInCurrentImage __freeptd __getptd_noexit"
0046da92,__callthreadstart,53,0,"__SEH_prolog4 __XcptFilter __endthread __getptd"
0046dad3,__threadstart@4,119,1,"ExitThread FUN_00475273 FUN_004759d5 GetLastError __IsNonwritableInCurrentImage ___fls_getvalue@4 ___fls_setvalue@8 ___set_flsgetvalue __callthreadstart __freefls@4"
0046db4a,__beginthread,185,3,"CreateThread GetLastError ResumeThread ___set_flsgetvalue __calloc_crt __dosmaperr __errno __getptd __initptd __invalid_parameter _free"
0046dc03,_strncmp,192,3,""
0046dcc3,vscan_fn,106,4,"__errno __invalid_parameter _strlen"
0046dd2d,FID_conflict:_sscanf,34,2,"vscan_fn"
0046dd4f,FID_conflict:__sscanf_s_l,35,3,"vscan_fn"
0046dd72,FID_conflict:_sscanf,34,2,"vscan_fn"
0046dd94,FID_conflict:__sscanf_s_l,35,3,"vscan_fn"
0046ddb7,__chdir,312,1,"GetCurrentDirectoryA GetLastError SetCurrentDirectoryA SetEnvironmentVariableA ___doserrno __calloc_crt __dosmaperr __errno __invalid_parameter __mbctoupper __security_check_cookie _free"
0046deef,__purecall,42,0,"__NMSG_WRITE __decode_pointer __set_abort_behavior _abort"
0046df19,FID_conflict:__set_inconsistency,39,1,"__decode_pointer __encode_pointer"
0046df4d,exception,17,1,""
0046df5e,exception,83,2,"_malloc _strcpy_s _strlen"
0046dfb1,exception,29,3,""
0046dfce,exception,93,2,"_malloc _strcpy_s _strlen"
0046e02b,operator=,91,2,"_malloc _strcpy_s _strlen"
0046e086,~exception,22,1,"_free"
0046e09c,FUN_0046e09c,13,1,""
0046e0a9,FUN_0046e0a9,30,1,"exception"
0046e0c7,FUN_0046e0c7,29,2,"exception"
0046e0ef,bad_typeid,30,2,"exception"
0046e10d,FUN_0046e10d,29,2,"exception"
0046e135,__non_rtti_object,29,2,"bad_typeid"
0046e152,FUN_0046e152,29,2,"FUN_0046e10d"
0046e17a,FUN_0046e17a,33,2,"FUN_0046ca4f ~exception"
0046e19b,FUN_0046e19b,39,2,"FUN_0046ca4f ~exception"
0046e1c2,FUN_0046e1c2,39,2,"FUN_0046ca4f ~exception"
0046e1e9,FUN_0046e1e9,39,2,"FUN_0046ca4f ~exception"
0046e210,_memcpy_s,125,4,"__errno __invalid_parameter _memcpy _memset"
0046e28d,_memmove_s,93,4,"__errno __invalid_parameter _memmove"
0046e2ea,___ascii_stricmp,57,2,""
0046e323,__stricmp_l,213,3,"_LocaleUpdate ___ascii_stricmp __errno __invalid_parameter __tolower_l"
0046e3f8,__stricmp,82,2,"___ascii_stricmp __errno __invalid_parameter __stricmp_l"
0046e44a,__endthreadex,60,1,"ExitThread FUN_004759d5 __IsNonwritableInCurrentImage __freeptd __getptd_noexit"
0046e487,__callthreadstartex,53,0,"__SEH_prolog4 __XcptFilter __endthreadex __getptd"
0046e4c8,__threadstartex@4,131,1,"ExitThread FUN_00475273 FUN_004759d5 GetCurrentThreadId GetLastError __IsNonwritableInCurrentImage ___fls_getvalue@4 ___fls_setvalue@8 ___set_flsgetvalue __callthreadstartex __freefls@4"
0046e54b,__beginthreadex,176,6,"CreateThread GetLastError ___set_flsgetvalue __calloc_crt __dosmaperr __errno __getptd __initptd __invalid_parameter _free"
0046e5fb,FUN_0046e5fb,18,1,"__getptd"
0046e60d,_rand,34,0,"__getptd"
0046e62f,fast_error_exit,41,1,"__FF_MSGBANNER __NMSG_WRITE ___crtExitProcess"
0046e69f,___tmainCRTStartup,310,0,"FUN_0044f560 GetCommandLineA GetStartupInfoA __RTC_Initialize __SEH_epilog4 __SEH_prolog4 ___crtGetEnvironmentStringsA __amsg_exit __cexit __cinit __heap_init __ioinit __mtinit __setargv __setenvp __wincmdln _exit fast_error_exit"
0046e81d,entry,10,0,"___security_init_cookie ___tmainCRTStartup"
0046e827,___report_gsfailure,262,0,"FUN_0047b3ff GetCurrentProcess IsDebuggerPresent SetUnhandledExceptionFilter TerminateProcess UnhandledExceptionFilter"
0046e92d,__get_errno_from_oserr,66,1,""
0046e96f,__errno,19,0,"__getptd_noexit"
0046e982,___doserrno,19,0,"__getptd_noexit"
0046e995,__dosmaperr,35,1,"___doserrno __errno __get_errno_from_oserr"
0046e9b8,FID_conflict:__set_doserrno,33,1,"__errno __getptd_noexit"
0046e9d9,FUN_0046e9d9,47,1,"__errno __invalid_parameter"
0046ea08,FID_conflict:__set_doserrno,33,1,"___doserrno __getptd_noexit"
0046ea29,FUN_0046ea29,47,1,"___doserrno __invalid_parameter"
0046ea5c,__heap_init,48,0,"HeapCreate"
0046eb06,__mtinitlocks,75,0,"___crtInitCritSecAndSpinCount"
0046eb51,__mtdeletelocks,87,0,"DeleteCriticalSection _free"
0046eba8,FUN_0046eba8,23,1,"LeaveCriticalSection"
0046ebd7,__mtinitlocknum,186,1,"FUN_0046ec91 __FF_MSGBANNER __NMSG_WRITE __SEH_epilog4 __SEH_prolog4 ___crtExitProcess ___crtInitCritSecAndSpinCount __errno __lock __malloc_crt _free"
0046ec91,FUN_0046ec91,9,0,"FUN_0046eba8"
0046ec9a,__lock,51,1,"EnterCriticalSection __amsg_exit __mtinitlocknum"
0046ecee,__set_amblksiz,75,1,"__errno __invalid_parameter"
0046ed39,FUN_0046ed39,65,1,"__errno __invalid_parameter"
0046ed7a,___sbh_heap_init,78,1,"HeapAlloc"
0046edc8,___sbh_find_block,48,1,""
0046edf8,___sbh_free_block,790,2,"HeapFree VirtualFree _memmove"
0046f10e,___sbh_alloc_new_region,176,0,"HeapAlloc HeapFree HeapReAlloc VirtualAlloc"
0046f1be,___sbh_alloc_new_group,264,1,"VirtualAlloc"
0046f2c6,___sbh_resize_block,737,3,""
0046f674,___sbh_heap_check,740,0,""
0046f958,__set_sbh_threshold,175,1,"___sbh_heap_init __errno __invalid_parameter"
0046fa07,___sbh_alloc_block,741,1,"___sbh_alloc_new_group ___sbh_alloc_new_region"
0046fcec,__SEH_prolog4,69,2,""
0046fd31,__SEH_epilog4,20,0,""
0046fd80,__except_handler4,396,3,"_EH4_CallFilterFunc _EH4_GlobalUnwind _EH4_LocalUnwind _EH4_TransferToHandler __IsNonwritableInCurrentImage ___DestructExceptionObject __security_check_cookie"
0046ff0c,FUN_0046ff0c,15,1,""
0046ff1b,_set_new_handler,54,1,"FUN_0046eba8 __decode_pointer __encode_pointer __lock"
0046ff67,__callnewh,40,1,"__decode_pointer"
0046ff8f,__CxxThrowException@8,76,2,"RaiseException"
0046ffdb,__flsbuf,356,2,"FUN_0047c025 __errno __fileno __getbuf __isatty __lseeki64 __write"
0047013f,write_char,51,0,"__flsbuf"
00470172,write_multi_char,38,2,"write_char"
00470198,write_string,77,1,"__errno write_char"
004701e5,FUN_004701e5,18,1,""
004701f7,FUN_004701f7,21,1,""
0047020c,FUN_0047020c,19,1,""
0047021f,__output_l,2935,4,"_LocaleUpdate __aulldvrm __decode_pointer __errno __fileno __get_printf_count_output __invalid_parameter __isleadbyte_l __malloc_crt __security_check_cookie _free _strlen _wctomb_s write_char write_multi_char write_string"
00470db7,FUN_00470db7,15,1,""
00470dc6,__invoke_watson,296,5,"FUN_0047b3ff GetCurrentProcess IsDebuggerPresent SetUnhandledExceptionFilter TerminateProcess UnhandledExceptionFilter __security_check_cookie _memset"
00470eee,FID_conflict:__set_inconsistency,39,1,"__decode_pointer __encode_pointer"
00470f22,FUN_00470f22,11,5,"__invoke_watson"
00470f2d,__invalid_parameter,38,5,"FUN_0047b3ff __decode_pointer __invoke_watson"
00470f63,FUN_00470f63,11,5,"__invalid_parameter"
00470f6e,__validate_param_reuseA,299,4,""
00471099,write_char,51,0,"__flsbuf"
004710cc,write_multi_char,38,2,"write_char"
004710f2,write_string,77,1,"__errno write_char"
0047113f,FUN_0047113f,21,1,""
00471154,__output_p_l,916,4,"_LocaleUpdate __errno __fileno __invalid_parameter __security_check_cookie _memset _strtol"
00472414,__vsnprintf_helper,204,6,"__errno __flsbuf __invalid_parameter"
004724e0,FID_conflict:__vsnprintf_c,41,4,"__vsnprintf_helper"
00472509,__vsnprintf_c_l,42,5,"__vsnprintf_helper"
00472533,__vsprintf_s_l,136,5,"__errno __invalid_parameter __vsnprintf_helper"
004725bb,_vsprintf_s,29,4,"__vsprintf_s_l"
004725d8,__vsnprintf_s_l,263,6,"__errno __invalid_parameter __vsnprintf_helper"
004726df,__vsnprintf_s,32,5,"__vsnprintf_s_l"
004726ff,FID_conflict:__vsnprintf_c,41,4,"__vsnprintf_helper"
00472728,__vsprintf_p_l,42,5,"__vsnprintf_helper"
00472752,_Type_info_dtor,103,1,"FUN_004727b9 __SEH_epilog4 __SEH_prolog4 __lock _free"
004727b9,FUN_004727b9,9,0,"FUN_0046eba8"
004727c2,_Name_base,230,2,"FUN_004728ae __SEH_epilog4 __SEH_prolog4 ___unDName __invoke_watson __lock _free _malloc _strcpy_s _strlen"
004728ae,FUN_004728ae,9,0,"FUN_0046eba8"
00472927,___unDNameHelper,51,4,"___unDName"
0047295a,_Name_base_internal,256,2,"FUN_00472a60 __SEH_epilog4 __SEH_prolog4 ___unDNameHelper __invoke_watson __local_unwind4 __lock _free _malloc _strcpy_s _strlen"
00472a60,FUN_00472a60,9,0,"FUN_0046eba8"
00472ac0,_strcmp,135,2,""
00472b48,terminate,44,0,"__SEH_prolog4 __getptd _abort"
00472b81,FUN_00472b81,19,0,"__getptd terminate"
00472b94,_inconsistency,49,0,"__SEH_prolog4 __decode_pointer terminate"
00472bcc,__initp_eh_hooks,17,0,"__encode_pointer"
00472bdd,__crt_waiting_on_module_handle,48,1,"GetModuleHandleW Sleep"
00472c0d,__amsg_exit,41,1,"__FF_MSGBANNER __NMSG_WRITE __decode_pointer"
00472c36,___crtCorExitProcess,43,1,"GetModuleHandleW GetProcAddress"
00472c61,___crtExitProcess,23,1,"ExitProcess ___crtCorExitProcess"
00472c79,FUN_00472c79,9,0,"__lock"
00472c82,FUN_00472c82,9,0,"FUN_0046eba8"
00472c8b,__initterm,29,1,""
00472ca8,__initterm_e,36,2,""
00472ccc,FUN_00472ccc,60,1,"__errno __invalid_parameter"
00472d08,FUN_00472d08,60,1,"__errno __invalid_parameter"
00472d44,__cinit,133,1,"__IsNonwritableInCurrentImage __fpmath __initp_misc_cfltcvt_tab __initterm __initterm_e _atexit"
00472dc9,doexit,285,3,"FUN_0046eba8 FUN_00472ee0 __SEH_epilog4 __SEH_prolog4 ___crtExitProcess __decode_pointer __encoded_null __initterm __lock"
00472ee0,FUN_00472ee0,15,0,"FUN_0046eba8"
00472ef5,_exit,22,1,"doexit"
00472f0b,__exit,22,1,"doexit"
00472f21,__cexit,15,0,"doexit"
00472f3f,__init_pointers,78,0,"FUN_0046ff0c FUN_00470db7 FUN_00477afd FUN_0047a2aa FUN_0047b407 FUN_00482e09 __encode_pointer __encoded_null __initp_eh_hooks __initp_misc_winsig"
00472f8d,__NMSG_WRITE,410,1,"GetModuleFileNameA GetStdHandle WriteFile ___crtMessageBoxA __invoke_watson __set_error_mode _strcat_s _strcpy_s _strlen _strncpy_s"
00473138,__GET_RTERRMSG,38,1,""
0047315e,__FF_MSGBANNER,57,0,"__NMSG_WRITE __set_error_mode"
00473197,strtoxl,559,5,"_LocaleUpdate __errno __invalid_parameter __isctype_l"
004733c6,_strtol,43,3,"strtoxl"
004733f1,__strtol_l,29,4,"strtoxl"
0047340e,_strtoul,44,3,"strtoxl"
0047343a,__strtoul_l,29,4,"strtoxl"
00473457,strtoxq,663,5,"_LocaleUpdate __allmul __aulldvrm __errno __invalid_parameter __isctype_l"
004736ee,__strtoi64,43,3,"strtoxq"
00473719,__strtoi64_l,29,4,"strtoxq"
00473736,__strtoui64,44,3,"strtoxq"
00473762,__strtoui64_l,29,4,"strtoxq"
0047377f,CPtoLCID,47,1,""
004737ae,setSBCS,100,1,"_memset"
00473812,setSBUpLow,403,1,"GetCPInfo ___crtGetStringTypeA ___crtLCMapStringA __security_check_cookie _memset"
004739a5,___updatetmbcinfo,152,0,"FUN_00473a40 InterlockedDecrement InterlockedIncrement __SEH_epilog4 __SEH_prolog4 __amsg_exit __getptd __lock _free"
00473a40,FUN_00473a40,9,0,"FUN_0046eba8"
00473a49,getSystemCP,124,1,"GetACP GetOEMCP _LocaleUpdate"
00473ac5,__setmbcp_nolock,485,2,"CPtoLCID GetCPInfo IsValidCodePage __security_check_cookie _memset getSystemCP setSBCS setSBUpLow"
00473caa,__getmbcp,62,0,"_LocaleUpdate"
00473ce8,__setmbcp,399,1,"FUN_00473e49 InterlockedDecrement InterlockedIncrement __SEH_epilog4 __SEH_prolog4 ___updatetmbcinfo __errno __getptd __lock __malloc_crt __setmbcp_nolock _free getSystemCP"
00473e49,FUN_00473e49,9,0,"FUN_0046eba8"
00473e82,___initmbctable,30,0,"__setmbcp"
00473eac,___freetlocinfo,329,1,"___free_lc_time ___free_lconv_mon ___free_lconv_num _free"
00473ff5,___addlocaleref,143,1,"InterlockedIncrement"
00474084,___removelocaleref,153,1,"InterlockedDecrement"
0047411d,__copytlocinfo_nolock,38,1,"___addlocaleref"
00474143,__updatetlocinfoEx_nolock,62,0,"___addlocaleref ___freetlocinfo ___removelocaleref"
00474181,___updatetlocinfo,106,0,"FUN_004741eb __SEH_epilog4 __SEH_prolog4 __amsg_exit __getptd __lock __updatetlocinfoEx_nolock"
004741eb,FUN_004741eb,12,0,"FUN_0046eba8"
004741f7,__configthreadlocale,106,1,"__errno __getptd __invalid_parameter"
004742b4,__free_locale,170,1,"FUN_00474361 FUN_0047436d InterlockedDecrement __SEH_epilog4 __SEH_prolog4 ___freetlocinfo ___removelocaleref __lock _free"
00474361,FUN_00474361,9,0,"FUN_0046eba8"
0047436d,FUN_0047436d,9,0,"FUN_0046eba8"
00474376,FUN_00474376,11,1,"__free_locale"
00474438,__strcats,61,3,"__invoke_watson _strcat_s"
00474478,___lc_strtolc,291,2,"__invoke_watson _memset _strcspn _strncpy_s"
004745a1,___lc_lctostr,106,3,"__invoke_watson __strcats _strcpy_s"
0047460e,__setlocale_get_all,378,0,"InterlockedDecrement __invoke_watson __malloc_crt __strcats _free _strcat_s _strcmp"
0047478b,__expandlocale,550,5,"___get_qualified_locale ___lc_lctostr ___lc_strtolc __getptd __invoke_watson __security_check_cookie _memcpy _strcmp _strcpy_s _strlen _strncpy_s"
004749bc,__setlocale_set_cat,767,2,"InterlockedDecrement ___crtGetStringTypeA __expandlocale __getptd __invoke_watson __malloc_crt __security_check_cookie _free _memcmp _memcpy _strcmp _strcpy_s _strlen"
00474cbe,__setlocale_nolock,536,3,"__expandlocale __invoke_watson __security_check_cookie __setlocale_get_all __setlocale_set_cat _strcmp _strcspn _strlen _strncmp _strncpy_s _strpbrk"
00474ed9,__create_locale,245,2,"___freetlocinfo ___removelocaleref __calloc_crt __copytlocinfo_nolock __errno __setlocale_nolock __setmbcp_nolock _free"
00474fce,FUN_00474fce,11,2,"__create_locale"
00475149,__crt_wait_module_handle,26,1,"GetModuleHandleW __crt_waiting_on_module_handle"
00475163,__encode_pointer,114,1,"GetModuleHandleW GetProcAddress TlsGetValue __crt_waiting_on_module_handle"
004751d5,__encoded_null,9,0,"__encode_pointer"
004751de,__decode_pointer,114,1,"GetModuleHandleW GetProcAddress TlsGetValue __crt_waiting_on_module_handle"
00475259,___fls_getvalue@4,26,1,"TlsGetValue"
00475273,FUN_00475273,6,0,""
00475279,___set_flsgetvalue,52,0,"TlsGetValue TlsSetValue __decode_pointer"
004752ad,___fls_setvalue@8,29,2,"__decode_pointer"
004752ca,__mtterm,61,0,"TlsFree __decode_pointer __mtdeletelocks"
00475307,__initptd,207,2,"FUN_004753dc FUN_004753e5 GetModuleHandleW GetProcAddress InterlockedIncrement __SEH_epilog4 __SEH_prolog4 ___addlocaleref __crt_waiting_on_module_handle __lock"
004753dc,FUN_004753dc,9,0,"FUN_0046eba8"
004753e5,FUN_004753e5,9,0,"FUN_0046eba8"
004753ee,__getptd_noexit,121,0,"GetCurrentThreadId GetLastError SetLastError ___set_flsgetvalue __calloc_crt __decode_pointer __initptd _free"
00475467,__getptd,26,0,"__amsg_exit __getptd_noexit"
00475481,__freefls@4,279,1,"FUN_0047559b FUN_004755a7 InterlockedDecrement __SEH_epilog4 __SEH_prolog4 ___freetlocinfo ___removelocaleref __lock _free"
0047559b,FUN_0047559b,9,0,"FUN_0046eba8"
004755a7,FUN_004755a7,9,0,"FUN_0046eba8"
004755b0,__freeptd,110,1,"TlsGetValue TlsSetValue __decode_pointer __freefls@4"
0047562a,__mtinit,397,0,"GetCurrentThreadId GetModuleHandleW GetProcAddress TlsAlloc TlsSetValue __calloc_crt __crt_waiting_on_module_handle __decode_pointer __encode_pointer __init_pointers __initptd __mtinitlocks __mtterm"
004757b7,__fltin2,167,3,"___strgtold12_l __ld12tod __security_check_cookie"
00475860,_strlen,139,1,""
004758eb,__isctype_l,184,3,"_LocaleUpdate ___crtGetStringTypeA __isleadbyte_l"
004759a3,__isctype,50,2,"__isctype_l"
004759d5,FUN_004759d5,1,0,""
004759d6,__cfltcvt_init,96,0,""
00475a36,FUN_00475a36,21,1,""
00475a4b,__fpmath,35,1,"__cfltcvt_init __ms_p5_mp_test_fdiv __setdefaultprecision"
00475a6e,___addl,36,3,""
00475a92,___shl_12,51,1,""
00475ac5,___shr_12,50,1,""
00475af7,___ld12mul,635,2,"__security_check_cookie"
00475d72,___multtenpow12,773,3,"__security_check_cookie"
00476077,___strgtold12_l,1735,8,"___mtold12 __errno __invalid_parameter __security_check_cookie"
0047676f,___STRINGTOLD_L,91,5,"___strgtold12_l __ld12told __security_check_cookie"
004767d0,__aulldiv,104,4,""
00476838,FID_conflict:__set_dstbias,17,1,"FUN_00477401"
00476849,FID_conflict:__set_dstbias,17,1,"FUN_00477407"
0047685a,FID_conflict:__set_dstbias,17,1,"FUN_0047740d"
0047686b,__tzset_nolock,799,0,"FID_conflict:__set_dstbias FID_conflict:__set_dstbias FID_conflict:__set_dstbias FUN_00476b17 FUN_00477401 FUN_0047740d FUN_00477413 GetTimeZoneInformation WideCharToMultiByte __SEH_epilog4 __SEH_prolog4 ____lc_codepage_func __get_daylight __get_dstbias __get_timezone __getenv_helper_nolock __invoke_watson __lock __malloc_crt _atol _free _strcmp _strcpy_s _strlen _strncpy_s"
00476b17,FUN_00476b17,9,0,"FUN_0046eba8"
00476bb1,cvtdate,500,9,"__get_dstbias __invoke_watson"
00476da8,__isindst_nolock,469,0,"__get_daylight __invoke_watson cvtdate"
00476f80,___tzset,70,0,"FUN_00476fc6 __SEH_epilog4 __SEH_prolog4 __lock __tzset_nolock"
00476fc6,FUN_00476fc6,9,0,"FUN_0046eba8"
00477007,__isindst,56,1,"FUN_0047703f __SEH_epilog4 __SEH_prolog4 __isindst_nolock __lock"
0047703f,FUN_0047703f,9,0,"FUN_0046eba8"
00477048,__gmtime64_s,579,2,"__alldiv __allmul __errno __invalid_parameter _memset"
0047728b,__gmtime64,39,1,"___getgmtimebuf __gmtime64_s"
004772b2,__get_daylight,57,1,"__errno __invalid_parameter"
004772eb,__get_dstbias,57,1,"__errno __invalid_parameter"
00477324,__get_timezone,57,1,"__errno __invalid_parameter"
0047735d,__get_tzname,164,4,"__errno __invalid_parameter _strcpy_s _strlen"
00477401,FUN_00477401,6,0,""
00477407,FUN_00477407,6,0,""
0047740d,FUN_0047740d,6,0,""
00477413,FUN_00477413,6,0,""
00477420,_memset,122,3,"__VEC_memzero"
004774a0,__alldiv,170,4,""
00477550,__allrem,178,4,""
00477602,__gmtime32_s,307,2,"__errno __invalid_parameter _memset"
00477735,___getgmtimebuf,55,0,"__errno __getptd_noexit __malloc_crt"
0047776c,__gmtime32,39,1,"___getgmtimebuf __gmtime32_s"
00477793,wait_a_bit,38,1,"Sleep"
004777b9,FUN_004777b9,21,1,""
004777ce,__malloc_crt,69,1,"Sleep _malloc"
00477813,__calloc_crt,76,2,"Sleep __calloc_impl"
0047785f,__realloc_crt,78,2,"Sleep _realloc"
004778ad,__recalloc_crt,82,3,"Sleep __recalloc"
004778ff,__msize,146,1,"FUN_00477999 HeapSize __SEH_epilog4 __SEH_prolog4 ___sbh_find_block __errno __invalid_parameter __lock"
00477999,FUN_00477999,9,0,"FUN_0046eba8"
004779b0,__ValidateImageBase,53,1,""
004779f0,__FindPESection,68,2,""
00477a40,__IsNonwritableInCurrentImage,166,1,"__FindPESection __ValidateImageBase"
00477afd,FUN_00477afd,1,0,""
00477afe,xcptlookup,53,1,""
00477b33,__XcptFilter,352,2,"__getptd_noexit"
00477c93,___CppXcptFilter,32,2,"__XcptFilter"
00477cb3,___check_float_string,87,3,"__calloc_crt __recalloc_crt _memcpy"
00477d0a,FUN_00477d0a,18,1,""
00477d1c,__hextodec,32,1,"_isdigit"
00477d3c,__inc,22,2,"__filbuf"
00477d52,__un_inc,19,2,"__ungetc_nolock"
00477d65,__whiteout,42,2,"__inc _isspace"
00477d8f,__input_l,4029,4,"_LocaleUpdate ___check_float_string __allmul __decode_pointer __errno __fileno __hextodec __inc __invalid_parameter __mbtowc_l __security_check_cookie __un_inc __whiteout _free _isdigit _isleadbyte _isspace _isxdigit _memset"
00478d4c,___check_float_string,87,3,"__calloc_crt __recalloc_crt _memcpy"
00478da3,__hextodec,32,1,"_isdigit"
00478dc3,__inc,22,2,"__filbuf"
00478dd9,__un_inc,19,2,"__ungetc_nolock"
00478dec,__whiteout,42,2,"__inc _isspace"
00478e16,__input_s_l,4388,4,"_LocaleUpdate ___check_float_string __allmul __decode_pointer __errno __fileno __hextodec __inc __invalid_parameter __mbtowc_l __security_check_cookie __un_inc __whiteout _free _isdigit _isleadbyte _isspace _isxdigit _memset"
00479f3a,__mbctoupper_l,166,2,"_LocaleUpdate ___crtLCMapStringA"
00479fe0,__mbctoupper,19,1,"__mbctoupper_l"
00479ff3,_abort,279,0,"SetUnhandledExceptionFilter UnhandledExceptionFilter __NMSG_WRITE ___get_sigabrt __exit _memset _raise"
0047a10a,__set_abort_behavior,33,2,""
0047a12b,___getlocaleinfo,380,5,"GetLastError ___crtGetLocaleInfoA ___crtGetLocaleInfoW __calloc_crt __invoke_watson __security_check_cookie _free _isdigit _strncpy_s"
0047a2aa,FUN_0047a2aa,15,1,""
0047a2b9,_strcpy_s,104,3,"__errno __invalid_parameter"
0047a330,_memcpy,711,3,"__VEC_memcpy"
0047a6a0,_memmove,711,3,"__VEC_memcpy"
0047aa05,FUN_0047aa05,13,1,""
0047aa12,__tolower_l,277,2,"_LocaleUpdate ___crtLCMapStringA __errno __isctype_l __isleadbyte_l"
0047ab27,_tolower,44,1,"__tolower_l"
0047ab53,__CxxUnhandledExceptionFilter,66,1,"terminate"
0047aba3,__wincmdln,95,0,"___initmbctable __ismbblead"
0047ac02,__setenvp,219,0,"___initmbctable __calloc_crt __invoke_watson _free _strcpy_s _strlen"
0047ace0,FUN_0047ace0,15,1,""
0047acef,parse_cmdline,410,3,"__ismbblead"
0047ae89,__setargv,187,0,"GetModuleFileNameA ___initmbctable __malloc_crt parse_cmdline"
0047af44,___crtGetEnvironmentStringsA,311,0,"FreeEnvironmentStringsA FreeEnvironmentStringsW GetEnvironmentStrings GetEnvironmentStringsW GetLastError WideCharToMultiByte __malloc_crt _free _memcpy"
0047b07b,__ioinit,582,0,"GetFileType GetStartupInfoA GetStdHandle SetHandleCount __SEH_epilog4 __SEH_prolog4 ___crtInitCritSecAndSpinCount __calloc_crt"
0047b31d,__RTC_Initialize,38,0,""
0047b369,___security_init_cookie,150,0,"GetCurrentProcessId GetCurrentThreadId GetSystemTimeAsFileTime GetTickCount QueryPerformanceCounter"
0047b3ff,FUN_0047b3ff,8,0,""
0047b407,FUN_0047b407,15,1,""
0047b416,___crtInitCritSecAndSpinCount,49,2,"InitializeCriticalSectionAndSpinCount __SEH_epilog4 __SEH_prolog4"
0047b478,__local_unwind4,144,3,"FUN_0048c9bc __NLG_Notify"
0047b54e,FUN_0047b54e,28,1,"__local_unwind4"
0047b56a,_EH4_CallFilterFunc,23,1,""
0047b581,_EH4_TransferToHandler,25,1,"__NLG_Notify"
0047b59a,_EH4_GlobalUnwind,26,1,"RtlUnwind"
0047b5b4,_EH4_LocalUnwind,23,4,"__local_unwind4"
0047b5cb,__lseeki64_nolock,133,3,"GetLastError SetFilePointer __dosmaperr __errno __get_osfhandle"
0047b650,__lseeki64,271,3,"FUN_0047b75f __SEH_epilog4 __SEH_prolog4 ___doserrno ___lock_fhandle __errno __invalid_parameter __lseeki64_nolock"
0047b75f,FUN_0047b75f,10,0,"__unlock_fhandle"
0047b769,__write_nolock,1843,3,"GetConsoleCP GetConsoleMode GetLastError WideCharToMultiByte WriteFile ___doserrno __alloca_probe __dosmaperr __errno __getptd __invalid_parameter __isatty __lseeki64_nolock __putwch_nolock __security_check_cookie _isleadbyte _mbtowc"
0047be9c,__write,210,3,"FUN_0047bf6e __SEH_epilog4 __SEH_prolog4 ___doserrno ___lock_fhandle __errno __invalid_parameter __write_nolock"
0047bf6e,FUN_0047bf6e,10,0,"__unlock_fhandle"
0047bf78,__getbuf,73,1,"__malloc_crt"
0047bfc1,__isatty,100,1,"__errno __invalid_parameter"
0047c025,FUN_0047c025,6,0,""
0047c0fc,__lock_file,65,1,"EnterCriticalSection __lock"
0047c13d,__lock_file2,50,2,"EnterCriticalSection __lock"
0047c16f,__unlock_file,60,1,"FUN_0046eba8 LeaveCriticalSection"
0047c1ab,__unlock_file2,47,2,"FUN_0046eba8 LeaveCriticalSection"
0047c1da,__fileno,50,1,"__errno __invalid_parameter"
0047c20c,__initp_misc_cfltcvt_tab,33,0,"__encode_pointer"
0047c2dc,FUN_0047c2dc,25,2,"FID_conflict:__vwprintf_s_l"
0047c2f5,FUN_0047c2f5,25,2,"FID_conflict:__vwprintf_s_l"
0047c30e,FUN_0047c30e,24,1,"FID_conflict:__vwprintf_s_l"
0047c326,FUN_0047c326,25,2,"FID_conflict:__vwprintf_s_l"
0047c33f,FUN_0047c33f,24,1,"FID_conflict:__vwprintf_s_l"
0047c357,__set_printf_count_output,42,1,""
0047c381,__get_printf_count_output,22,0,""
0047c397,__wctomb_s_l,364,5,"GetLastError WideCharToMultiByte _LocaleUpdate __errno __invalid_parameter _memset"
0047c503,_wctomb_s,29,4,"__wctomb_s_l"
0047c520,__wctomb_l,81,3,"_LocaleUpdate __wctomb_s_l"
0047c571,_wctomb,50,2,"____mb_cur_max_func __wctomb_s_l"
0047c5a3,__isleadbyte_l,56,2,"_LocaleUpdate"
0047c5db,_isleadbyte,19,1,"__isleadbyte_l"
0047c5ee,__iswalpha_l,26,2,"__iswctype_l"
0047c608,_iswalpha,22,1,"_iswctype"
0047c61e,__iswupper_l,23,2,"__iswctype_l"
0047c635,_iswupper,19,1,"_iswctype"
0047c648,__iswlower_l,23,2,"__iswctype_l"
0047c65f,_iswlower,19,1,"_iswctype"
0047c672,__iswdigit_l,23,2,"__iswctype_l"
0047c689,_iswdigit,19,1,"_iswctype"
0047c69c,__iswxdigit_l,26,2,"__iswctype_l"
0047c6b6,_iswxdigit,22,1,"_iswctype"
0047c6cc,__iswspace_l,23,2,"__iswctype_l"
0047c6e3,_iswspace,19,1,"_iswctype"
0047c6f6,__iswpunct_l,23,2,"__iswctype_l"
0047c70d,_iswpunct,19,1,"_iswctype"
0047c720,__iswalnum_l,26,2,"__iswctype_l"
0047c73a,_iswalnum,22,1,"_iswctype"
0047c750,__iswprint_l,26,2,"__iswctype_l"
0047c76a,_iswprint,22,1,"_iswctype"
0047c780,__iswgraph_l,26,2,"__iswctype_l"
0047c79a,_iswgraph,22,1,"_iswctype"
0047c7b0,__iswcntrl_l,23,2,"__iswctype_l"
0047c7c7,_iswcntrl,19,1,"_iswctype"
0047c7da,FUN_0047c7da,20,1,""
0047c7ee,__iswcsym_l,42,2,"__iswctype_l"
0047c818,___iswcsym,38,1,"_iswctype"
0047c83e,__iswcsymf_l,42,2,"__iswctype_l"
0047c868,___iswcsymf,38,1,"_iswctype"
0047c890,__aulldvrm,149,4,""
0047c925,write_char,51,0,"__flsbuf"
0047c958,write_multi_char,38,2,"write_char"
0047c97e,write_string,77,1,"__errno write_char"
0047c9cb,__output_s_l,2990,4,"_LocaleUpdate __aulldvrm __decode_pointer __errno __fileno __get_printf_count_output __invalid_parameter __isleadbyte_l __malloc_crt __security_check_cookie _free _strlen _wctomb_s write_char write_multi_char write_string"
0047d5a1,Constructor,31,3,""
0047d5c0,Destructor,40,1,""
0047d5e8,getNumberOfDimensions,99,0,""
0047d64b,getTypeEncoding,1223,0,"getTypeEncoding"
0047dc0b,UScore,30,1,""
0047dc29,getMemory,136,3,"getMemory"
0047dcc2,FUN_0047dcc2,24,2,""
0047dda9,getString,24,3,""
0047ddc1,operator|=,31,2,""
0047dde0,FUN_0047dde0,24,2,""
0047de10,FUN_0047de10,23,2,""
0047de2f,FUN_0047de2f,23,3,""
0047de46,pDNameNode,42,2,""
0047de9d,getString,25,3,"getString"
0047deb6,DNameStatusNode,37,2,""
0047deeb,make,134,1,""
0047df71,pairNode,33,3,""
0047dfd9,getString,44,3,""
0047e029,und_strncmp,42,3,""
0047e053,UnDecorator,111,6,""
0047e0c2,getDataIndirectType,53,0,"getDataIndirectType"
0047e0f7,getThisType,54,0,"getDataIndirectType"
0047e12d,operator_new,23,3,"getMemory"
0047e144,getStringHelper,55,4,""
0047e17b,DName,83,2,"getMemory pDNameNode"
0047e1ce,DName,69,2,"make"
0047e213,getString,88,3,"getMemory getString"
0047e26b,append,63,2,"getMemory pairNode"
0047e2aa,operator=,77,2,"getMemory pDNameNode"
0047e2f7,operator=,55,2,"make"
0047e32e,operator+=,74,2,"getMemory"
0047e378,operator[],64,2,"DName"
0047e3b8,pcharNode,87,3,"getMemory"
0047e425,getString,29,3,"getStringHelper"
0047e442,getString,41,3,"getStringHelper"
0047e46b,getReturnType,49,1,"DName getDataType"
0047e49c,getStorageConvention,19,0,"getDataIndirectType"
0047e4af,operator+=,66,2,"append make operator="
0047e4f1,doPchar,124,3,"getMemory operator= pcharNode"
0047e56d,DName,45,2,"doPchar"
0047e59a,DName,57,2,"doPchar"
0047e5d3,DName,191,3,"doPchar"
0047e692,DName,110,2,"__aulldvrm __security_check_cookie doPchar"
0047e700,DName,155,2,"__aulldvrm __security_check_cookie doPchar"
0047e79b,operator+,36,2,"operator+="
0047e7bf,operator+=,67,2,"FUN_0047dde0 append operator+="
0047e802,operator+=,103,2,"append getMemory operator+= operator= pDNameNode"
0047e869,operator=,45,2,"doPchar"
0047e896,operator=,53,2,"doPchar"
0047e8cb,getCallingConvention,170,0,"DName UScore operator="
0047e975,getVCallThunkType,57,0,"DName DName"
0047e9ae,operator+,36,2,"operator+="
0047e9d2,operator+,36,2,"operator+="
0047e9f6,operator+=,82,2,"append getMemory operator="
0047ea48,operator+=,100,2,"append getMemory operator= pcharNode"
0047eaac,getArgumentList,258,0,"getPrimaryDataType operator+= operator+= operator+= operator+= operator= operator[]"
0047ebae,getVdispMapType,84,1,"getScope operator+= operator+= operator+="
0047ec02,operator+,36,2,"DName operator+"
0047ec26,operator+,36,2,"DName operator+"
0047ec4a,operator+,36,2,"DName operator+"
0047ec6e,operator+,36,2,"operator+="
0047ec92,operator+,36,2,"operator+="
0047ecb6,getDimension,338,1,"DName DName DName __allmul operator+"
0047ee08,getEnumType,180,0,"DName operator+ operator="
0047eedc,getArgumentTypes,220,0,"DName DName getArgumentList operator+"
0047efb8,getThrowTypes,127,0,"DName getArgumentTypes operator+ operator+ operator+"
0047f037,getExtendedDataIndirectType,381,3,"DName DName operator+ operator+ operator+= operator="
0047f1b4,getArrayType,378,1,"DName getBasicDataType getDimension getNumberOfDimensions getPrimaryDataType operator+ operator+ operator+ operator+ operator+ operator+= operator+="
0047f32e,getLexicalFrame,51,0,"getDimension operator+ operator+"
0047f361,getDisplacement,22,0,"getDimension"
0047f377,FID_conflict:getGuardNumber,22,1,"getDimension"
0047f38d,FID_conflict:getGuardNumber,22,1,"getDimension"
0047f3a3,getVfTableType,311,1,"FUN_0047dde0 getDataIndirectType getScope operator+ operator+ operator+ operator+ operator+= operator+= operator+= operator+="
0047f4da,getStringEncoding,164,2,"DName DName getDimension"
0047f57e,getSignedDimension,82,0,"DName getDimension operator+"
0047f5d0,getTemplateConstant,717,0,"DName DName DName __security_check_cookie _atol getDecoratedName getSignedDimension getString getZName operator+ operator+ operator+ operator+ operator+= operator+="
0047f89d,getPtrRefDataType,222,2,"DName getArrayType getBasicDataType operator+ operator+"
0047f97b,getVbTableType,23,1,"getVfTableType"
0047f992,getTemplateArgumentList,452,0,"__security_check_cookie _atol getPrimaryDataType getSignedDimension getString getTemplateConstant operator+ operator+ operator+= operator+= operator+= operator= operator[]"
0047fb56,getOperatorName,1437,2,"DName DName getDataType getDecoratedName getDimension getOperatorName getSignedDimension getStringEncoding getSymbolName getTemplateArgumentList getZName operator+ operator+ operator+ operator+ operator+ operator+= operator+= operator+= operator="
004800f3,getTemplateName,327,1,"DName getOperatorName getTemplateArgumentList getZName operator+ operator+= operator+="
0048023a,getZName,502,2,"DName __security_check_cookie _atol getSignedDimension getString getTemplateName operator+ operator+ operator+= operator+= operator= operator= operator[] und_strncmp"
00480430,getScopedName,209,0,"DName FUN_0047dde0 getScope getZName operator+ operator+ operator="
00480501,getECSUName,19,0,"getScopedName"
00480514,getECSUDataType,263,0,"DName getEnumType getScopedName operator+ operator+= operator="
0048061b,getSymbolName,74,0,"getOperatorName getTemplateName getZName"
00480665,getBasedType,152,0,"DName DName UScore getScopedName operator+= operator+= operator+="
004806fd,composeDeclaration,2971,1,"DName FID_conflict:getGuardNumber FID_conflict:getGuardNumber getArgumentTypes getBasedType getCallingConvention getDisplacement getExternalDataType getMemory getReturnType getThisType getThrowTypes getTypeEncoding getVCallThunkType getVdispMapType getVfTableType operator+ operator+ operator+ operator+ operator+ operator+ operator+= operator+= operator|="
00481298,getDecoratedName,536,0,"DName composeDeclaration getDataType getDecoratedName getScope getSymbolName operator+ operator+"
004814b0,getScope,624,0,"DName DName FUN_0047dde0 getDecoratedName getLexicalFrame getOperatorName getZName operator+ operator+ operator+ operator+ operator+ operator+= operator="
00481720,getFunctionIndirectType,852,1,"DName getArgumentTypes getBasedType getCallingConvention getMemory getReturnType getScope getThisType getThrowTypes operator+ operator+ operator+ operator+ operator+ operator+= operator|="
00481a74,getDataIndirectType,1223,4,"DName DName UScore getBasedType getExtendedDataIndirectType getScope operator+ operator+ operator+ operator+ operator+ operator+ operator+= operator+= operator= operator|="
00481f3b,operator_char*,305,1,"getDecoratedName getString getTemplateName operator+ operator="
0048206c,getPtrRefType,249,3,"DName DName getDataIndirectType getFunctionIndirectType getPtrRefDataType operator+= operator+="
00482165,getPointerType,29,2,"getPtrRefType"
00482182,getPointerTypeArray,29,2,"getPtrRefType"
0048219f,getReferenceType,29,2,"getPtrRefType"
004821bc,___unDName,145,6,"Destructor FUN_0048224d UnDecorator __SEH_epilog4 __SEH_prolog4 __lock __mtinitlocknum operator_char*"
0048224d,FUN_0048224d,9,0,"FUN_0046eba8"
004822f0,getBasicDataType,916,1,"getBasicDataType getECSUDataType getPointerType getPtrRefType operator+ operator+ operator+ operator+= operator+= operator= operator="
004826a7,getPrimaryDataType,312,1,"DName getBasicDataType getDataIndirectType getFunctionIndirectType getPtrRefDataType getReferenceType operator+ operator+= operator="
004827df,getDataType,192,1,"DName DName getDataIndirectType getPrimaryDataType operator+ operator+"
0048289f,getExternalDataType,110,1,"FUN_0047dde0 getDataIndirectType getDataType getMemory operator+ operator+"
0048290d,__initp_misc_winsig,30,1,""
004829c6,siglookup,55,1,""
004829fd,___get_sigabrt,13,0,"__decode_pointer"
00482c59,_raise,411,1,"FUN_00482dcd __SEH_epilog4 __SEH_prolog4 __decode_pointer __encoded_null __errno __exit __getptd_noexit __invalid_parameter __lock siglookup"
00482dcd,FUN_00482dcd,15,0,"FUN_0046eba8"
00482e09,FUN_00482e09,15,1,""
00482e18,rand_s,264,1,"FreeLibrary GetLastError GetProcAddress InterlockedExchange LoadLibraryA __decode_pointer __encode_pointer __encoded_null __errno __get_errno_from_oserr __invalid_parameter"
00482f20,___crtMessageBoxA,361,3,"GetProcAddress LoadLibraryA __decode_pointer __encode_pointer __encoded_null"
00483089,_strcat_s,116,3,"__errno __invalid_parameter"
004830fd,_strncpy_s,181,4,"__errno __invalid_parameter"
004831b2,__set_error_mode,75,1,"__errno __invalid_parameter"
004831fd,FUN_004831fd,15,1,""
00483220,__allmul,52,4,""
00483254,FUN_00483254,22,2,""
0048326a,__freea,32,1,"_free"
0048328a,strncnt,30,2,""
004832a8,__crtLCMapStringA_stat,933,9,"GetLastError LCMapStringA LCMapStringW MultiByteToWideChar WideCharToMultiByte ___ansicp ___convertcp __alloca_probe_16 __freea __security_check_cookie _free _malloc _memset"
0048364d,___crtLCMapStringA,69,9,"_LocaleUpdate __crtLCMapStringA_stat"
00483692,__crtGetStringTypeA_stat,442,8,"GetLastError GetStringTypeA GetStringTypeW MultiByteToWideChar ___ansicp ___convertcp __alloca_probe_16 __freea __security_check_cookie _free _malloc _memset"
0048384c,___crtGetStringTypeA,66,7,"_LocaleUpdate __crtGetStringTypeA_stat"
004838bd,__get_lc_time,1051,0,"___getlocaleinfo"
00483cd8,___free_lc_time,405,1,"_free"
00483e6d,___init_time,121,1,"InterlockedDecrement ___free_lc_time __calloc_crt __get_lc_time _free"
00483f19,___free_lconv_num,69,1,"_free"
00483f5e,___init_numeric,458,1,"InterlockedDecrement ___free_lconv_num ___getlocaleinfo __calloc_crt __malloc_crt _free"
0048415b,___free_lconv_mon,142,1,"_free"
004841e9,___init_monetary,710,1,"InterlockedDecrement ___free_lconv_mon ___getlocaleinfo __calloc_crt __malloc_crt _free"
004844af,___init_ctype,930,1,"GetCPInfo InterlockedDecrement ___crtGetStringTypeA ___crtLCMapStringA ___getlocaleinfo __calloc_crt __malloc_crt __security_check_cookie _free _memcpy"
00484851,____mb_cur_max_func,41,0,"___updatetlocinfo __getptd"
0048487a,____mb_cur_max_l_func,28,1,"____mb_cur_max_func"
00484896,____lc_codepage_func,38,0,"___updatetlocinfo __getptd"
0048490b,__Getdays_l,250,1,"_LocaleUpdate __invoke_watson __malloc_crt _strcpy_s _strlen"
00484a14,__Getmonths_l,250,1,"_LocaleUpdate __invoke_watson __malloc_crt _strcpy_s _strlen"
00484b1d,__Gettnames_l,828,1,"_LocaleUpdate __invoke_watson __malloc_crt _memcpy _strcpy_s _strlen"
00484e7d,_store_str,32,3,""
00484ed3,_store_num,123,5,""
00484f4e,_expandtime,1000,7,"FUN_00477413 ___tzset __errno __invalid_parameter _store_num _store_str _store_winword"
00485336,_store_winword,1121,6,"GetTimeFormatA ___ascii_stricmp __alloca_probe_16 __freea __isleadbyte_l __security_check_cookie _expandtime _malloc"
00485797,__Strftime_l,420,6,"_LocaleUpdate __errno __invalid_parameter __isleadbyte_l _expandtime"
0048593b,__strftime_l,32,5,"__Strftime_l"
0048595b,_strftime,31,4,"__Strftime_l"
0048597a,__Strftime,32,5,"__Strftime_l"
004859c0,_strcspn,70,2,""
00485a06,_TranslateName,98,3,"__stricmp"
00485a7c,_ProcessCodePage,164,1,"GetACP GetLocaleInfoA __security_check_cookie _atol _strcmp"
00485b20,_TestDefaultCountry,36,1,""
00485b44,_LcidFromHexString,52,2,""
00485b78,_GetPrimaryLen,27,2,""
00485b93,_CountryEnumProc@4,152,1,"GetLocaleInfoA _LcidFromHexString _TestDefaultCountry __getptd __security_check_cookie __stricmp"
00485c2b,_TestDefaultLanguage,116,3,"GetLocaleInfoA _GetPrimaryLen _LcidFromHexString __security_check_cookie _strlen"
00485c9f,_LangCountryEnumProc@4,466,1,"GetLocaleInfoA _LcidFromHexString _TestDefaultCountry _TestDefaultLanguage __getptd __security_check_cookie __stricmp __strnicmp _strlen"
00485e71,_LanguageEnumProc@4,193,1,"GetLocaleInfoA _LcidFromHexString _TestDefaultLanguage __getptd __security_check_cookie __stricmp"
00485f5e,_GetLcidFromLangCountry,103,0,"EnumSystemLocalesA _GetPrimaryLen _strlen"
00485fc5,_GetLcidFromLanguage,60,0,"EnumSystemLocalesA _GetPrimaryLen _strlen"
00486001,___get_qualified_locale,492,3,"EnumSystemLocalesA GetLocaleInfoA GetUserDefaultLCID IsValidCodePage IsValidLocale _GetLcidFromLangCountry _GetLcidFromLanguage _ProcessCodePage _TranslateName __getptd __invoke_watson __itoa_s _strcpy_s _strlen"
00487768,_memcmp,5632,3,""
00488df0,_strpbrk,64,2,""
00488e30,__ZeroTail,73,2,""
00488e79,__IncMan,109,2,""
00488ee6,__RoundMan,240,2,""
00488fd6,__CopyMan,31,2,""
00488ff5,FUN_00488ff5,17,1,""
00489006,__IsZeroMan,31,1,""
00489025,__ShrMan,154,2,""
004890bf,__ld12cvt,1323,3,""
004895ea,__ld12tod,1348,2,""
00489b2e,__ld12tof,1348,2,""
0048a072,__ld12told,199,2,""
0048a139,__forcdecpt_l,115,2,"_LocaleUpdate _isdigit _tolower"
0048a1ac,__cropzeros_l,130,2,"_LocaleUpdate"
0048a22e,__positive,28,1,""
0048a24a,__fassign_l,66,4,"FID_conflict:__atoflt_l FID_conflict:__atoflt_l"
0048a28c,__fassign,26,3,"__fassign_l"
0048a2a6,__shift,31,0,"_memmove _strlen"
0048a2c5,__forcdecpt,19,1,"__forcdecpt_l"
0048a2d8,__cropzeros,19,1,"__cropzeros_l"
0048a2eb,__cftoe2_l,364,6,"_LocaleUpdate __errno __invalid_parameter __invoke_watson __shift _memmove _strcpy_s"
0048a45a,__cftoe_l,208,6,"__cftoe2_l __errno __fltout2 __fptostr __invalid_parameter __security_check_cookie"
0048a52a,__cftoe,32,5,"__cftoe_l"
0048a54a,__cftoa_l,883,6,"_LocaleUpdate __alldvrm __aullshr __cftoe __errno __invalid_parameter _memset _strrchr"
0048a8bd,__cftoa,32,5,"__cftoa_l"
0048a8dd,__cftof2_l,247,5,"_LocaleUpdate __errno __invalid_parameter __shift _memset"
0048a9d4,__cftof_l,187,5,"__cftof2_l __errno __fltout2 __fptostr __invalid_parameter __security_check_cookie"
0048aa8f,__cftof,29,4,"__cftof_l"
0048aaac,__cftog_l,250,6,"__cftoe2_l __cftof2_l __errno __fltout2 __fptostr __invalid_parameter __security_check_cookie"
0048aba6,__cftog,32,5,"__cftog_l"
0048abc6,__cfltcvt_l,136,7,"__cftoa_l __cftoe_l __cftof_l __cftog_l"
0048ac4e,__cfltcvt,35,6,"__cfltcvt_l"
0048ac71,__setdefaultprecision,40,0,"__controlfp_s __invoke_watson"
0048ac9c,__ms_p5_test_fdiv,62,0,""
0048acda,__ms_p5_mp_test_fdiv,41,0,"GetModuleHandleA GetProcAddress __ms_p5_test_fdiv"
0048ad03,___add_12,113,2,""
0048ad74,___mtold12,462,3,"__security_check_cookie"
0048af42,__getenv_helper_nolock,135,1,"___wtomb_environ __mbsnbicoll _strlen"
0048afc9,__getenv_s_helper,146,3,"__errno __getenv_helper_nolock __invalid_parameter __invoke_watson _strcpy_s _strlen"
0048b05e,__dupenv_s_helper,161,2,"__errno __getenv_helper_nolock __invalid_parameter __invoke_watson _calloc _strcpy_s _strlen"
0048b343,fastzero_I,79,2,""
0048b39a,__VEC_memzero,143,3,"__VEC_memzero fastzero_I"
0048b429,FUN_0048b429,45,0,"__SEH_epilog4 __SEH_prolog4"
0048b479,__get_sse2_info,98,0,"FUN_0048b429"
0048b4e8,__calloc_impl,272,3,"FUN_0048b5e4 HeapAlloc __SEH_epilog4 __SEH_prolog4 ___sbh_alloc_block __callnewh __errno __invalid_parameter __lock _memset"
0048b5e4,FUN_0048b5e4,9,0,"FUN_0046eba8"
0048b606,_realloc,524,2,"FUN_0048b74a GetLastError HeapAlloc HeapReAlloc __SEH_epilog4 __SEH_prolog4 ___sbh_alloc_block ___sbh_find_block ___sbh_free_block ___sbh_resize_block __callnewh __errno __get_errno_from_oserr __lock _free _malloc _memcpy"
0048b74a,FUN_0048b74a,9,0,"FUN_0046eba8"
0048b821,__recalloc,123,3,"__errno __invalid_parameter __msize _memset _realloc"
0048b89c,__isalpha_l,86,2,"_LocaleUpdate __isctype_l"
0048b8f2,_isalpha,48,1,"__isalpha_l"
0048b922,__isupper_l,81,2,"_LocaleUpdate __isctype_l"
0048b973,_isupper,46,1,"__isupper_l"
0048b9a1,__islower_l,81,2,"_LocaleUpdate __isctype_l"
0048b9f2,_islower,46,1,"__islower_l"
0048ba20,__isdigit_l,81,2,"_LocaleUpdate __isctype_l"
0048ba71,_isdigit,46,1,"__isdigit_l"
0048ba9f,__isxdigit_l,86,2,"_LocaleUpdate __isctype_l"
0048baf5,_isxdigit,48,1,"__isxdigit_l"
0048bb25,__isspace_l,81,2,"_LocaleUpdate __isctype_l"
0048bb76,_isspace,46,1,"__isspace_l"
0048bba4,__ispunct_l,81,2,"_LocaleUpdate __isctype_l"
0048bbf5,_ispunct,46,1,"__ispunct_l"
0048bc23,__isalnum_l,86,2,"_LocaleUpdate __isctype_l"
0048bc79,_isalnum,48,1,"__isalnum_l"
0048bca9,__isprint_l,86,2,"_LocaleUpdate __isctype_l"
0048bcff,_isprint,48,1,"__isprint_l"
0048bd2f,__isgraph_l,86,2,"_LocaleUpdate __isctype_l"
0048bd85,_isgraph,48,1,"__isgraph_l"
0048bdb5,__iscntrl_l,81,2,"_LocaleUpdate __isctype_l"
0048be06,_iscntrl,46,1,"__iscntrl_l"
0048be34,FUN_0048be34,18,1,""
0048be46,FUN_0048be46,13,1,""
0048be53,FID_conflict:__iscsym_l,35,2,"__isalpha_l"
0048be76,___iscsymf,31,1,"_isalpha"
0048be95,FID_conflict:__iscsym_l,35,2,"__isalnum_l"
0048beb8,___iscsym,33,1,"_isalnum"
0048bed9,__filbuf,299,1,"__errno __fileno __getbuf __invalid_parameter __read"
0048c004,__ungetc_nolock,241,2,"__errno __fileno __getbuf __invalid_parameter"
0048c167,__mbtowc_l,279,4,"MultiByteToWideChar _LocaleUpdate __errno __isleadbyte_l"
0048c27e,_mbtowc,26,3,"__mbtowc_l"
0048c298,FUN_0048c298,25,4,"GetLocaleInfoW"
0048c2b1,___crtGetLocaleInfoW,52,5,"GetLocaleInfoW _LocaleUpdate"
0048c2e5,__crtGetLocaleInfoA_stat,319,6,"GetLastError GetLocaleInfoA GetLocaleInfoW WideCharToMultiByte __alloca_probe_16 __freea __security_check_cookie _malloc"
0048c424,___crtGetLocaleInfoA,61,5,"_LocaleUpdate __crtGetLocaleInfoA_stat"
0048c461,FUN_0048c461,129,3,""
0048c4e8,__VEC_memcpy,227,3,"FUN_0048c461 __VEC_memcpy"
0048c5cb,x_ismbbtype_l,83,4,"_LocaleUpdate"
0048c61e,__ismbbkalnum_l,25,2,"x_ismbbtype_l"
0048c637,__ismbbkalnum,24,1,"x_ismbbtype_l"
0048c64f,__ismbbkprint_l,25,2,"x_ismbbtype_l"
0048c668,__ismbbkprint,24,1,"x_ismbbtype_l"
0048c680,__ismbbkpunct_l,25,2,"x_ismbbtype_l"
0048c699,__ismbbkpunct,24,1,"x_ismbbtype_l"
0048c6b1,__ismbbalnum_l,28,2,"x_ismbbtype_l"
0048c6cd,__ismbbalnum,27,1,"x_ismbbtype_l"
0048c6e8,__ismbbalpha_l,28,2,"x_ismbbtype_l"
0048c704,__ismbbalpha,27,1,"x_ismbbtype_l"
0048c71f,__ismbbgraph_l,28,2,"x_ismbbtype_l"
0048c73b,__ismbbgraph,27,1,"x_ismbbtype_l"
0048c756,__ismbbprint_l,28,2,"x_ismbbtype_l"
0048c772,__ismbbprint,27,1,"x_ismbbtype_l"
0048c78d,__ismbbpunct_l,25,2,"x_ismbbtype_l"
0048c7a6,__ismbbpunct,24,1,"x_ismbbtype_l"
0048c7be,__ismbblead_l,25,2,"x_ismbbtype_l"
0048c7d7,__ismbblead,24,1,"x_ismbbtype_l"
0048c7ef,__ismbbtrail_l,25,2,"x_ismbbtype_l"
0048c808,__ismbbtrail,24,1,"x_ismbbtype_l"
0048c820,__ismbbkana_l,85,2,"_LocaleUpdate x_ismbbtype_l"
0048c875,__ismbbkana,19,1,"__ismbbkana_l"
0048c888,__global_unwind2,32,1,"RtlUnwind"
0048c8ed,__local_unwind2,132,2,"FUN_0048c9bc __NLG_Notify"
0048c994,__NLG_Notify1,9,1,""
0048c99d,__NLG_Notify,31,1,""
0048c9bc,FUN_0048c9bc,3,0,""
0048c9bf,__set_osfhnd,129,2,"SetStdHandle ___doserrno __errno"
0048ca40,__free_osfhnd,134,1,"SetStdHandle ___doserrno __errno"
0048cac6,__get_osfhandle,119,1,"___doserrno __errno __invalid_parameter"
0048cb3d,___lock_fhandle,146,1,"EnterCriticalSection FUN_0048cbd4 __SEH_epilog4 __SEH_prolog4 ___crtInitCritSecAndSpinCount __lock"
0048cbd4,FUN_0048cbd4,9,0,"FUN_0046eba8"
0048cbdd,__unlock_fhandle,39,1,"LeaveCriticalSection"
0048ceb4,__putwch_nolock,197,1,"GetConsoleOutputCP GetLastError WideCharToMultiByte WriteConsoleA WriteConsoleW ___initconout __security_check_cookie"
0048d060,__alloca_probe,43,0,""
0048d12a,__flush,104,1,"__fileno __write"
0048d192,__fflush_nolock,72,1,"__commit __fileno __flush flsall"
0048d1da,flsall,187,1,"FUN_0048d27c FUN_0048d2ab __SEH_epilog4 __SEH_prolog4 __fflush_nolock __lock __lock_file2"
0048d27c,FUN_0048d27c,17,0,"__unlock_file2"
0048d2ab,FUN_0048d2ab,9,0,"FUN_0046eba8"
0048d319,__stbuf,156,1,"FUN_0047c025 __fileno __isatty __malloc_crt"
0048d3b5,__ftbuf,52,2,"__flush"
0048d3e9,FID_conflict:_vprintf_helper,133,4,"FUN_0047c025 FUN_0048d471 __SEH_epilog4 __SEH_prolog4 __errno __ftbuf __invalid_parameter __lock_file __stbuf"
0048d471,FUN_0048d471,8,0,"__unlock_file"
0048d479,FID_conflict:__vwprintf_s_l,29,3,"FID_conflict:_vprintf_helper"
0048d496,FID_conflict:__vwprintf_s_l,29,3,"FID_conflict:_vprintf_helper"
0048d4b3,FID_conflict:__vwprintf_s_l,29,3,"FID_conflict:_vprintf_helper"
0048d4d0,FID_conflict:_vprintf_s,28,2,"FID_conflict:_vprintf_helper"
0048d4ec,FID_conflict:_vprintf_s,28,2,"FID_conflict:_vprintf_helper"
0048d508,FID_conflict:_vprintf_s,28,2,"FID_conflict:_vprintf_helper"
0048d524,__iswctype_l,138,3,"_LocaleUpdate ___crtGetStringTypeW"
0048d5ae,_iswctype,118,2,"___crtGetStringTypeW __iswctype_l"
0048d624,FUN_0048d624,11,2,"_iswctype"
0048d62f,___ansicp,73,1,"GetLocaleInfoA __security_check_cookie _atol"
0048d678,___convertcp,436,6,"GetCPInfo MultiByteToWideChar WideCharToMultiByte __alloca_probe_16 __calloc_crt __freea __security_check_cookie _free _malloc _memset _strlen"
0048d830,__alloca_probe_16,22,0,"__alloca_probe"
0048d846,__alloca_probe_8,22,0,"__alloca_probe"
0048d85c,__strnicmp_l,242,4,"_LocaleUpdate ___ascii_strnicmp __errno __invalid_parameter __tolower_l"
0048d94e,__strnicmp,94,3,"___ascii_strnicmp __errno __invalid_parameter __strnicmp_l"
0048d9ac,xtoa_s,221,3,"__errno __invalid_parameter"
0048da89,__itoa_s,42,4,"xtoa_s"
0048dab3,__ltoa_s,39,4,"xtoa_s"
0048dada,__ultoa_s,26,4,"xtoa_s"
0048daf4,x64toa_s,248,7,"__aulldvrm __errno __invalid_parameter"
0048dbec,__i64toa_s,53,4,"x64toa_s"
0048dc21,__ui64toa_s,31,4,"x64toa_s"
0048dc40,FID_conflict:__atoflt_l,168,3,"_LocaleUpdate ___strgtold12_l __ld12tod __security_check_cookie"
0048dce8,FID_conflict:__atodbl,23,2,"FID_conflict:__atoflt_l"
0048dcff,__atoldbl_l,169,3,"_LocaleUpdate ___strgtold12_l __ld12told __security_check_cookie"
0048dda8,__atoldbl,23,2,"__atoldbl_l"
0048ddbf,FID_conflict:__atoflt_l,168,3,"_LocaleUpdate ___strgtold12_l __ld12tof __security_check_cookie"
0048de67,FID_conflict:__atodbl,23,2,"FID_conflict:__atoflt_l"
0048de7e,__set_output_format,60,1,"__errno __invalid_parameter"
0048dec0,__fptostr,191,4,"__errno __invalid_parameter _memmove _strlen"
0048df7f,___dtold,189,2,""
0048e03c,__fltout2,141,4,"$I10_OUTPUT ___dtold __invoke_watson __security_check_cookie _strcpy_s"
0048e0d0,__alldvrm,223,4,""
0048e1b0,__aullshr,31,2,""
0048e1cf,__controlfp_s,108,3,"__control87 __errno __invalid_parameter"
0048e23b,__mbsnbicoll_l,238,4,"_LocaleUpdate ___crtCompareStringA __errno __invalid_parameter __strnicoll_l"
0048e329,__mbsnbicoll,26,3,"__mbsnbicoll_l"
0048e343,___wtomb_environ,151,0,"WideCharToMultiByte ___crtsetenv __calloc_crt _free"
0048e3da,_calloc,64,2,"__calloc_impl __errno"
0048e41a,_strnlen,29,2,""
0048e437,__read_nolock,1474,3,"GetLastError MultiByteToWideChar ReadFile ___doserrno __dosmaperr __errno __invalid_parameter __lseeki64_nolock __malloc_crt _free"
0048e9f9,__read,243,3,"FUN_0048eaec __SEH_epilog4 __SEH_prolog4 ___doserrno ___lock_fhandle __errno __invalid_parameter __read_nolock"
0048eaec,FUN_0048eaec,10,0,"__unlock_fhandle"
0048eb15,___initconout,31,0,"CreateFileA"
0048eb61,FUN_0048eb61,26,1,""
0048eb7b,__fclose_nolock,119,1,"__close __errno __fileno __flush __freebuf __invalid_parameter _free"
0048ec6e,__commit,215,1,"FUN_0048ed45 FlushFileBuffers GetLastError __SEH_epilog4 __SEH_prolog4 ___doserrno ___lock_fhandle __errno __get_osfhandle __invalid_parameter"
0048ed45,FUN_0048ed45,10,0,"__unlock_fhandle"
0048ed4f,__crtGetStringTypeW_stat,35,7,"GetStringTypeW"
0048ed72,___crtGetStringTypeW,62,5,"GetStringTypeW _LocaleUpdate"
0048edb0,___ascii_strnicmp,97,3,""
0048ee11,$I10_OUTPUT,2334,6,"__invoke_watson __security_check_cookie _strcpy_s"
0048f735,__set_controlfp,114,2,"__controlfp_s __invoke_watson"
0048f7aa,__abstract_cw,159,1,""
0048f849,__hw_cw,142,0,""
0048f8d7,FID_conflict:__abstract_sw,67,1,""
0048f9ba,___hw_cw_sse2,160,2,""
0048fa5a,FID_conflict:__abstract_sw,67,1,""
0048faa9,__statusfp,146,0,""
0048fb73,___statusfp_sse2,59,0,"___get_fpsr_sse2"
0048fbae,___clearfp_sse2,80,0,""
0048fbfe,___control87_sse2,374,2,"___hw_cw_sse2 ___set_fpsr_sse2"
0048fd74,__statusfp2,90,2,"___statusfp_sse2"
0048fdce,__clearfp,217,0,""
0048fea7,___control87_2,788,4,"___hw_cw_sse2 ___set_fpsr_sse2 __hw_cw"
004901bb,__control87,783,2,"___hw_cw_sse2 ___set_fpsr_sse2 __hw_cw"
004904ca,__controlfp,786,2,"___hw_cw_sse2 ___set_fpsr_sse2 __hw_cw"
004907dc,strncnt,30,2,""
004907fa,__crtCompareStringA_stat,880,8,"CompareStringA CompareStringW GetCPInfo GetLastError MultiByteToWideChar ___ansicp ___convertcp __alloca_probe_16 __freea __security_check_cookie _free _malloc strncnt"
00490b6a,___crtCompareStringA,66,8,"_LocaleUpdate __crtCompareStringA_stat"
00490bac,__strnicoll_l,250,4,"_LocaleUpdate ___crtCompareStringA __errno __invalid_parameter __strnicmp_l"
00490ca6,__strnicoll,41,3,"__strnicmp __strnicoll_l"
00490ccf,findenv,82,1,"__mbsnbicoll"
00490d21,copy_environ,90,0,"__amsg_exit __calloc_crt __strdup"
00490d7b,___crtsetenv,584,2,"SetEnvironmentVariableA ___wtomb_environ __calloc_crt __errno __invalid_parameter __invoke_watson __malloc_crt __mbschr __recalloc_crt _free _strcpy_s _strlen copy_environ findenv"
00490fc6,__close_nolock,156,1,"CloseHandle GetLastError __dosmaperr __free_osfhnd __get_osfhandle"
00491062,__close,195,1,"FUN_00491125 __SEH_epilog4 __SEH_prolog4 ___doserrno ___lock_fhandle __close_nolock __errno __invalid_parameter"
00491125,FUN_00491125,10,0,"__unlock_fhandle"
0049112f,__freebuf,49,1,"_free"
00491160,__statfp,16,0,""
00491170,__clrfp,17,0,""
00491181,__ctrlfp,41,0,""
004911aa,FUN_004911aa,88,0,""
00491202,___get_fpsr_sse2,30,0,""
00491220,___set_fpsr_sse2,68,1,"__SEH_epilog4 __SEH_prolog4"
00491292,FUN_00491292,29,0,""
004912da,___ctrlfp_sse2,55,2,"___get_fpsr_sse2 ___set_fpsr_sse2"
00491311,___set_statfp_sse2,27,1,"___get_fpsr_sse2 ___set_fpsr_sse2"
0049132c,__strdup,82,1,"__invoke_watson _malloc _strcpy_s _strlen"
00491381,__mbschr_l,188,3,"_LocaleUpdate __errno __invalid_parameter _strchr"
0049143d,__mbschr,23,2,"__mbschr_l"
00491454,FUN_00491454,62,1,"FUN_0044d280 FUN_0046c9ea __CxxThrowException@8"
00491493,FUN_00491493,11,1,""
0049149e,FUN_0049149e,27,4,"FUN_0044d310"
004914b9,FUN_004914b9,27,4,"FUN_0044d340"
004914d9,FUN_004914d9,31,4,"FUN_0049149e"
004914f8,FUN_004914f8,31,4,"FUN_004914b9"
00491517,FID_conflict:runtime_error,53,2,"__EH_epilog3 __EH_prolog3 basic_string<char,std::char_traits<char>,std::allocator<char>_> exception"
0049154c,FUN_0049154c,14,1,""
0049155a,FID_conflict:~logic_error,31,1,"FUN_0044ec00 ~exception"
00491579,FUN_00491579,33,2,"FID_conflict:~logic_error FUN_0046ca4f"
0049159a,FUN_0049159a,29,2,"FID_conflict:runtime_error"
004915c2,FUN_004915c2,39,2,"FID_conflict:~logic_error FUN_0046ca4f"
004915e9,FUN_004915e9,29,2,"FID_conflict:runtime_error"
00491611,FUN_00491611,39,2,"FID_conflict:~logic_error FUN_0046ca4f"
00491638,FUN_00491638,29,2,"FID_conflict:runtime_error"
00491660,FUN_00491660,39,2,"FID_conflict:~logic_error FUN_0046ca4f"
00491687,FUN_00491687,55,0,"FUN_004915e9 __CxxThrowException@8 __EH_prolog3 basic_string<>"
004916bf,basic_string<>,39,2,"FUN_0044ebd0 FUN_0044edf0"
004916e6,FUN_004916e6,55,0,"FUN_00491638 __CxxThrowException@8 __EH_prolog3 basic_string<>"
00491756,basic_string<char,std::char_traits<char>,std::allocator<char>_>,43,2,"FUN_0044eaf0 FUN_0044edf0"
00491781,FID_conflict:runtime_error,58,2,"__EH_epilog3 __EH_prolog3 basic_string<char,std::char_traits<char>,std::allocator<char>_> exception"
004917bb,FUN_004917bb,29,2,"FID_conflict:runtime_error"
004917d8,FUN_004917d8,29,2,"FID_conflict:runtime_error"
004917f5,FUN_004917f5,29,2,"FID_conflict:runtime_error"
0049193e,RtlUnwind,6,4,""
004919da,_JumpToContinuation,45,2,""
00491a0c,_CallMemberFunction0,7,2,""
00491a13,FID_conflict:_CallMemberFunction1,7,2,""
00491a1a,FID_conflict:_CallMemberFunction1,7,2,""
00491a21,_UnwindNestedFrames,84,2,"RtlUnwind"
00491a75,FID_conflict:___CxxFrameHandler3,54,4,"___InternalCxxFrameHandler"
00491aab,FID_conflict:___CxxFrameHandler3,54,4,"___InternalCxxFrameHandler"
00491ae1,FID_conflict:___CxxFrameHandler3,54,4,"___InternalCxxFrameHandler"
00491b17,___CxxLongjmpUnwind@4,31,1,"___FrameUnwindToState"
00491b36,CatchGuardHandler,51,4,"___InternalCxxFrameHandler __security_check_cookie"
00491b69,_CallSETranslator,215,7,"__getptd"
00491c40,TranslatorGuardHandler,154,4,"_CallSETranslator _UnwindNestedFrames ___InternalCxxFrameHandler __security_check_cookie"
00491cdf,_GetRangeOfTrysToCheck,117,5,"_inconsistency"
00491d54,__CreateFrameInfo,44,2,"__getptd"
00491d80,__IsExceptionObjectToBeDestroyed,39,1,"__getptd"
00491da7,__FindAndUnlinkFrame,82,1,"__getptd _inconsistency"
00491df9,_CallCatchBlock2,96,5,"__CallSettingFrame@12"
00491e59,__EH_prolog3,51,1,""
00491e8c,__EH_prolog3_catch,54,1,""
00491f31,__EH_epilog3,20,0,""
00491f63,bad_exception,30,2,"exception"
00491f8c,FUN_00491f8c,39,2,"FUN_0046ca4f ~exception"
00491fb3,___TypeMatch,95,3,"_strcmp"
00492012,___FrameUnwindFilter,73,1,"__getptd terminate"
0049205b,___FrameUnwindToState,166,4,"FUN_00492121 __CallSettingFrame@12 __SEH_epilog4 __SEH_prolog4 __getptd _inconsistency"
00492121,FUN_00492121,27,0,"__getptd"
00492181,___DestructExceptionObject,67,1,"_CallMemberFunction0 __SEH_epilog4 __SEH_prolog4"
004921d6,___AdjustPointer,41,2,""
00492212,___CxxRegisterExceptionObject,183,2,"__CreateFrameInfo __getptd"
004922c9,___CxxDetectRethrow,82,1,"__getptd"
0049231b,___CxxUnregisterExceptionObject,319,2,"__FindAndUnlinkFrame __IsExceptionObjectToBeDestroyed ___DestructExceptionObject __getptd"
00492530,IsInExceptionSpec,123,2,"___TypeMatch _inconsistency terminate"
004925ab,FUN_004925ab,49,1,"FUN_00472b81 __EH_prolog3_catch __getptd _inconsistency terminate"
004925dc,Catch_All@004925dc,23,0,"__CxxThrowException@8 __getptd"
00492626,_is_exception_typeof,134,2,"FUN_0046ce35 _inconsistency _strcmp"
004926ac,CallCatchBlock,172,7,"FUN_004927d2 _CallCatchBlock2 __CreateFrameInfo __SEH_epilog4 __SEH_prolog4 __getptd"
004927d2,FUN_004927d2,118,0,"__FindAndUnlinkFrame __IsExceptionObjectToBeDestroyed ___DestructExceptionObject __getptd"
00492848,___BuildCatchObjectHelper,371,4,"FID_conflict:_ValidateExecute FID_conflict:_ValidateExecute _ValidateRead __SEH_epilog4 __SEH_prolog4 ___AdjustPointer _inconsistency _memmove"
004929c7,___BuildCatchObject,133,4,"FID_conflict:_CallMemberFunction1 FID_conflict:_CallMemberFunction1 __SEH_epilog4 __SEH_prolog4 ___AdjustPointer ___BuildCatchObjectHelper"
00492a59,___CxxExceptionFilter,325,4,"___BuildCatchObject ___TypeMatch __getptd"
00492b9e,CatchIt,110,11,"CallCatchBlock _JumpToContinuation _UnwindNestedFrames ___BuildCatchObject ___FrameUnwindToState"
00492c0c,FindHandlerForForeignException,244,8,"CatchIt _CallSETranslator _GetRangeOfTrysToCheck __encoded_null __getptd _inconsistency"
00492d00,FindHandler,839,8,"CatchIt FUN_004925ab FindHandlerForForeignException IsInExceptionSpec _GetRangeOfTrysToCheck _UnwindNestedFrames _ValidateRead __CxxThrowException@8 ___DestructExceptionObject ___FrameUnwindToState ___TypeMatch __getptd _inconsistency bad_exception operator== terminate"
00493047,FUN_00493047,29,2,"exception"
00493064,___InternalCxxFrameHandler,230,8,"FindHandler ___FrameUnwindToState __getptd"
00493150,__CallSettingFrame@12,76,3,"__NLG_Notify1"
0049319c,_ValidateRead,18,2,""
004931ae,FID_conflict:_ValidateExecute,18,1,""
004931c0,FID_conflict:_ValidateExecute,18,1,""
004931e0,FUN_004931e0,145,2,""
00493290,FUN_00493290,502,2,"___libm_error_support __ctrlfp __except1 __frnd __handle_qnan1 __sptype"
004933ca,FUN_004933ca,10,1,"__cintrindisp2"
00493440,FUN_00493440,79,0,"FUN_00493498 FUN_004950a0 FUN_004956e8"
00493498,FUN_00493498,174,2,"FUN_00495675 FUN_0049568c __math_exit __startOneArgErrorHandling"
00493590,FUN_00493590,79,0,"FUN_004935e8 FUN_004956e8 FUN_004957f0"
004935e8,FUN_004935e8,125,2,"FUN_0049568c __math_exit __startOneArgErrorHandling"
004936b0,FUN_004936b0,79,1,"FUN_00493708 FUN_004956e8 FUN_00495ae0"
004936ff,FUN_004936ff,9,1,"__fload_withFB"
00493708,FUN_00493708,149,2,"FUN_0049568c __math_exit __startOneArgErrorHandling"
004937aa,FUN_004937aa,10,1,"__cintrindisp2"
004937c0,FUN_004937c0,20,0,"FUN_004937dd FUN_004956e8"
004937dd,FUN_004937dd,157,2,"FUN_00495675 FUN_0049568c __math_exit __startOneArgErrorHandling"
004938c0,FUN_004938c0,79,1,"FUN_00493918 FUN_004956e8 FUN_00495df0"
0049390f,FUN_0049390f,9,1,"__fload_withFB"
00493918,FUN_00493918,145,2,"FUN_0049568c __math_exit __startOneArgErrorHandling"
004939f0,FUN_004939f0,79,1,"FUN_00493a48 FUN_004956e8 FUN_00495fc0"
00493a3f,FUN_00493a3f,9,1,"__fload_withFB"
00493a48,FUN_00493a48,158,2,"FUN_0049568c __math_exit __startOneArgErrorHandling"
00493ad9,___libm_setusermatherr,46,1,"__encode_pointer"
00493b07,___libm_error_support,636,4,"__decode_pointer __errno"
00493dcb,FUN_00493dcb,25,1,""
00493ec0,__cintrindisp2,62,2,"FUN_00493f8a __trandisp2"
00493efe,__cintrindisp1,61,2,"FUN_00493f8a __trandisp1"
00493f3b,__ctrandisp2,72,4,"FUN_00493f83 __fload __trandisp2"
00493f83,FUN_00493f83,7,0,""
00493f8a,FUN_00493f8a,327,0,"__87except"
004940d1,__ctrandisp1,51,2,"FUN_00493f83 __fload __trandisp1"
00494104,__fload,60,2,""
00494140,__trandisp1,103,2,""
004941a7,__trandisp2,140,2,""
00494303,FUN_00494303,7,0,""
00494b16,FUN_00494b16,518,3,""
00494d1c,FUN_00494d1c,178,0,"FUN_00494b16"
004950a0,FUN_004950a0,24,0,"FUN_004950be"
004950be,FUN_004950be,1334,1,"___libm_error_support"
00495600,FUN_00495600,23,8,""
00495617,__startOneArgErrorHandling,60,6,"__87except"
00495675,FUN_00495675,23,0,""
0049568c,FUN_0049568c,25,0,""
004956a5,__fload_withFB,67,2,""
004956e8,FUN_004956e8,22,2,""
0049570b,__math_exit,42,5,"__startOneArgErrorHandling"
004957f0,FUN_004957f0,24,0,"FUN_0049580e"
0049580e,FUN_0049580e,717,1,"___libm_error_support"
00495ae0,FUN_00495ae0,24,1,"FUN_00495afe"
00495afe,FUN_00495afe,564,1,"FUN_004936ff"
00495dac,FUN_00495dac,9,0,""
00495df0,FUN_00495df0,24,1,"FUN_00495e0e"
00495e0e,FUN_00495e0e,425,1,"FUN_0049390f"
00495fc0,FUN_00495fc0,24,1,"FUN_00495fde"
00495fde,FUN_00495fde,395,1,"FUN_00493a3f"
0049616c,FUN_0049616c,3,0,""
0049616f,__raise_exc_ex,732,7,"RaiseException __clrfp __statfp"
0049644b,__raise_exc,35,6,"__raise_exc_ex"
0049646e,__raise_excf,35,6,"__raise_exc_ex"
00496491,__handle_exc,482,3,"FUN_004911aa FUN_00496afd"
00496673,__set_errno_from_matherr,45,1,"__errno"
004966a0,__get_fname,38,1,""
004966c6,__errcode,52,1,""
004966fa,__umatherr,160,2,"FUN_0049616c __ctrlfp __set_errno_from_matherr"
0049679a,__handle_qnan1,85,2,"__ctrlfp __errno __umatherr"
004967ef,__handle_qnan2,97,3,"__ctrlfp __errno __umatherr"
00496850,__except1,201,5,"__ctrlfp __errcode __handle_exc __raise_exc __security_check_cookie __set_errno_from_matherr __umatherr"
004969f1,__frnd,20,1,""
00496a05,__set_exp,44,2,""
00496a31,FUN_00496a31,24,2,""
00496a49,__add_exp,45,2,"__set_exp"
00496a76,__set_bexp,39,2,""
00496a9d,__sptype,96,2,""
00496afd,FUN_00496afd,185,3,"__set_exp"
00496bb6,__87except,319,3,"FUN_0049616c __ctrlfp __handle_exc __raise_exc __security_check_cookie __set_errno_from_matherr"
00496d00,Unwind@00496d00,8,0,"~exception"
00496d23,Unwind@00496d23,8,0,"FUN_0044ea80"
00496d46,Unwind@00496d46,8,0,"FUN_0044ea80"
00496d69,Unwind@00496d69,8,0,"FUN_0044ea80"
00496d8c,Unwind@00496d8c,8,0,"~exception"
00496dd0,Unwind@00496dd0,11,0,"FUN_00464c20"
00496e00,Unwind@00496e00,11,0,"FUN_0046ca4f"
00496e40,Unwind@00496e40,11,0,"FUN_0046ca4f"
00496e80,Unwind@00496e80,8,0,"FUN_00462330"
00496e88,Unwind@00496e88,11,0,"FUN_00462330"
00496ed0,Unwind@00496ed0,11,0,"FUN_0046ca4f"
00496f00,Unwind@00496f00,11,0,"FUN_00464c20"
00496f30,Unwind@00496f30,11,0,"FUN_004026e0"
00496f3b,Unwind@00496f3b,14,0,"FUN_004026e0"
00496f70,Unwind@00496f70,11,0,"FUN_0044ea80"
00496fa0,Unwind@00496fa0,8,0,"FUN_0044bd70"
00496fd0,Unwind@00496fd0,8,0,"FUN_0044bd70"
00497000,Unwind@00497000,11,0,"FUN_004026e0"
00497030,Unwind@00497030,11,0,"FUN_0046ca4f"
00497060,Unwind@00497060,24,0,"`eh_vector_destructor_iterator'"
004970a0,Unwind@004970a0,11,0,"FUN_004026e0"
004970ab,Unwind@004970ab,14,0,"FUN_004026e0"
004970e0,Unwind@004970e0,11,0,"FUN_004026e0"
004970eb,Unwind@004970eb,14,0,"FUN_004026e0"
00497120,Unwind@00497120,25,0,"`eh_vector_destructor_iterator'"
00497139,Unwind@00497139,27,0,"`eh_vector_destructor_iterator'"
00497154,Unwind@00497154,27,0,"`eh_vector_destructor_iterator'"
00497190,Unwind@00497190,27,0,"`eh_vector_destructor_iterator'"
004971d0,Unwind@004971d0,30,0,"`eh_vector_destructor_iterator'"
004971ee,Unwind@004971ee,14,0,"FUN_004026e0"
004971fc,Unwind@004971fc,27,0,"`eh_vector_destructor_iterator'"
00497240,Unwind@00497240,28,0,"`eh_vector_destructor_iterator'"
00497280,Unwind@00497280,28,0,"`eh_vector_destructor_iterator'"
004972c0,Unwind@004972c0,27,0,"`eh_vector_destructor_iterator'"
004972db,Unwind@004972db,27,0,"`eh_vector_destructor_iterator'"
00497320,Unwind@00497320,11,0,"FUN_00464c20"
0049732b,Unwind@0049732b,11,0,"FUN_004026e0"
00497360,Unwind@00497360,25,0,"`eh_vector_destructor_iterator'"
00497379,Unwind@00497379,27,0,"`eh_vector_destructor_iterator'"
00497394,Unwind@00497394,27,0,"`eh_vector_destructor_iterator'"
004973af,Unwind@004973af,27,0,"`eh_vector_destructor_iterator'"
004973ca,Unwind@004973ca,14,0,"FUN_004026e0"
00497400,Unwind@00497400,8,0,"FUN_00411e80"
00497430,Unwind@00497430,30,0,"`eh_vector_destructor_iterator'"
0049744e,Unwind@0049744e,14,0,"FUN_004026e0"
0049745c,Unwind@0049745c,27,0,"`eh_vector_destructor_iterator'"
004974a0,Unwind@004974a0,14,0,"FUN_00464c20"
004974d0,Unwind@004974d0,14,0,"FUN_00464c20"
00497500,Unwind@00497500,11,0,"FUN_0046ca4f"
00497530,Unwind@00497530,14,0,"FUN_0046ca4f"
0049753e,Unwind@0049753e,14,0,"FUN_0046ca4f"
00497570,Unwind@00497570,11,0,"FUN_0046ca4f"
004975a0,Unwind@004975a0,11,0,"FUN_0046ca4f"
004975d0,Unwind@004975d0,11,0,"FUN_004026e0"
00497600,Unwind@00497600,11,0,"FUN_0046ca4f"
00497630,Unwind@00497630,11,0,"FUN_0046ca4f"
00497660,Unwind@00497660,11,0,"FUN_0046ca4f"
00497690,Unwind@00497690,11,0,"FUN_0046ca4f"
004976c0,Unwind@004976c0,14,0,"FUN_0046ca4f"
00497700,Unwind@00497700,11,0,"FUN_0046ca4f"
00497730,Unwind@00497730,11,0,"FUN_0046ca4f"
00497760,Unwind@00497760,11,0,"FUN_00464c20"
0049776b,Unwind@0049776b,14,0,"FUN_004026e0"
004977a0,Unwind@004977a0,11,0,"FUN_0046ca4f"
004977d0,Unwind@004977d0,11,0,"FUN_0046ca4f"
00497a00,FUN_00497a00,23,0,"FUN_00464c40"
00497a20,FUN_00497a20,20,0,"`eh_vector_destructor_iterator'"
00497a40,FUN_00497a40,23,0,"FUN_00464c40"
00497a60,thunk_FUN_0044d5b0,5,0,"FUN_0044d5b0"
00497a70,FUN_00497a70,23,0,"FUN_00464c40"
00497a90,FUN_00497a90,10,0,"FUN_00452f00"
00497aa0,FUN_00497aa0,13,0,"FUN_0044b710"
00497ab0,FUN_00497ab0,1,0,""
00497ac0,FUN_00497ac0,1,0,""
