entry,name,size,params,callees
00401280,FUN_00401280,123,1,""
00401300,FUN_00401300,172,2,"EnterCriticalSection LeaveCriticalSection"
004013b0,FUN_004013b0,172,2,"EnterCriticalSection LeaveCriticalSection"
00401460,FUN_00401460,272,1,"EnterCriticalSection FUN_004017a0 LeaveCriticalSection"
004015a0,FUN_004015a0,235,0,"EnterCriticalSection FUN_004017a0 LeaveCriticalSection"
004016b0,FUN_004016b0,113,2,"EnterCriticalSection FUN_004017a0 LeaveCriticalSection"
00401730,FUN_00401730,106,1,"operator_new"
004017a0,FUN_004017a0,169,2,"FUN_004749df"
00401850,FUN_00401850,133,0,"FUN_004029d0 __security_check_cookie joyGetDevCapsA joyGetPosEx"
004018e0,FUN_004018e0,839,1,"__security_check_cookie _memset joyGetPosEx"
00401c30,FUN_00401c30,279,0,"__security_check_cookie _memset joyGetPosEx"
00401d50,FUN_00401d50,990,0,"FUN_004018e0 FUN_00405580 GetKeyboardState __security_check_cookie"
00402130,FUN_00402130,103,1,"GetKeyboardState _memset"
004021a0,FUN_004021a0,125,0,"GetKeyboardState SetKeyboardState __security_check_cookie"
00402220,FUN_00402220,264,6,"FID_conflict:_free FUN_00477fa7 FUN_00487130"
00402330,FUN_00402330,262,6,"FID_conflict:_free FUN_00477fa7 FUN_00487130"
00402440,FUN_00402440,444,3,"CloseHandle CreateFileA EnterCriticalSection FUN_00405600 FUN_00405640 FUN_00457120 FUN_00476b20 FUN_00477fa7 GetFileSize LeaveCriticalSection ReadFile __stricmp"
00402600,FUN_00402600,128,1,"CloseHandle CreateFileA EnterCriticalSection LeaveCriticalSection"
00402680,FUN_00402680,310,3,"CloseHandle CreateFileA EnterCriticalSection FUN_00405600 FormatMessageA GetLastError LeaveCriticalSection LocalFree WriteFile"
004027c0,FUN_004027c0,182,1,"CreateFileA EnterCriticalSection FUN_00405600 FormatMessageA GetLastError LeaveCriticalSection LocalFree"
00402880,FUN_00402880,182,1,"CreateFileA EnterCriticalSection FUN_00405600 FormatMessageA GetLastError LeaveCriticalSection LocalFree"
00402940,FUN_00402940,87,1,"CloseHandle FUN_00477fa7 ReadFile"
004029a0,FUN_004029a0,46,0,"CloseHandle LeaveCriticalSection"
004029d0,FUN_004029d0,193,3,"EnterCriticalSection FUN_00405540 LeaveCriticalSection __alloca_probe __security_check_cookie"
00402aa0,FUN_00402aa0,196,3,"EnterCriticalSection FUN_00405540 LeaveCriticalSection __security_check_cookie"
00402b70,FUN_00402b70,103,1,"EnterCriticalSection LeaveCriticalSection"
00402be0,FUN_00402be0,139,1,"EnterCriticalSection LeaveCriticalSection"
00402c70,FUN_00402c70,56,1,"FUN_00402be0"
00402cb0,FUN_00402cb0,64,1,"FUN_00402be0"
00402cf0,FUN_00402cf0,64,1,"FUN_00402be0"
00402d30,FUN_00402d30,82,0,""
00402d90,FUN_00402d90,71,0,""
00402de0,FUN_00402de0,61,1,""
00402e20,FUN_00402e20,66,1,""
00402e70,FUN_00402e70,121,2,""
00402ef0,FUN_00402ef0,41,2,"FUN_00402f30 FUN_004749df"
00402f20,FUN_00402f20,11,1,"FUN_00402f30"
00402f30,FUN_00402f30,126,1,"CloseHandle Sleep WaitForSingleObject"
00402fb0,FUN_00402fb0,61,3,"FUN_00402f30 __beginthreadex"
00402ff0,FUN_00402ff0,255,1,"FUN_00405420 FUN_004054d0"
00403110,FUN_00403110,679,1,"FUN_00402d90 FUN_00405260 FUN_004052a0 FUN_00405390 FUN_00405480 FUN_004054d0 FUN_004054f0 FUN_00405510"
004033d0,FUN_004033d0,29,1,"FUN_00403110"
004033f0,FUN_004033f0,1566,1,"FUN_004884c0"
00403a90,FUN_00403a90,661,2,"FUN_00488300 FUN_004884c0 __security_check_cookie"
00403d30,FUN_00403d30,400,5,"FUN_004054f0 FUN_00405510"
00403ec0,FUN_00403ec0,860,8,""
00404220,FUN_00404220,982,6,"FUN_004054d0"
00404600,FUN_00404600,947,8,"FUN_00403ec0 FUN_00488300 FUN_004884c0 __security_check_cookie"
004049c0,FUN_004049c0,2168,7,"FUN_00403a90 FUN_00488300 FUN_004884c0 __libm_sse2_sqrt_precise __security_check_cookie"
00405240,FUN_00405240,25,0,""
00405260,FUN_00405260,55,0,"FUN_00488a00"
004052a0,FUN_004052a0,57,1,"FUN_00487aaa"
004052e0,FUN_004052e0,92,2,""
00405340,FUN_00405340,77,1,""
00405390,FUN_00405390,142,3,""
00405420,FUN_00405420,88,1,""
00405480,FUN_00405480,77,1,""
004054d0,FUN_004054d0,32,3,""
004054f0,FUN_004054f0,23,1,"FUN_00488300"
00405510,FUN_00405510,23,1,"FUN_004884c0"
00405530,FUN_00405530,6,0,""
00405540,FUN_00405540,51,3,"FUN_00405530 ___stdio_common_vsprintf"
00405580,FUN_00405580,123,1,""
00405600,FUN_00405600,1,0,""
00405610,FUN_00405610,41,1,""
00405640,FUN_00405640,44,1,"LeaveCriticalSection"
00405670,FUN_00405670,142,1,"FUN_00477fa7 _memset"
00405700,FUN_00405700,1973,1,"D3DXVec3Normalize FUN_00402c70 FUN_00402cb0 FUN_00406240 FUN_00406340 FUN_00406380 FUN_00406470 FUN_0046efa0 __security_check_cookie"
00405fa0,FUN_00405fa0,146,3,"FUN_0046efa0 FUN_0046f810 FUN_0046f8f0"
00406040,FUN_00406040,328,4,"FUN_0046fac0 FUN_0046fc30"
00406190,FUN_00406190,107,1,""
00406200,FUN_00406200,63,1,""
00406240,FUN_00406240,211,6,""
00406320,FUN_00406320,27,1,"FUN_00402cb0"
00406340,FUN_00406340,49,1,""
00406380,FUN_00406380,236,5,"EnterCriticalSection FUN_00407b20 FUN_0045f980 FUN_0046e7d0 FUN_0046f600 LeaveCriticalSection"
00406470,FUN_00406470,32,3,""
00406490,FUN_00406490,68,2,""
004064e0,FUN_004064e0,35,2,"FUN_00477fa7"
00406510,FUN_00406510,370,2,"FUN_00402cb0 FUN_00406ce0 FUN_00477fa7 _memset"
00406690,FUN_00406690,455,1,"FUN_00402c70 FUN_00402cb0 FUN_00406cc0"
00406860,FUN_00406860,173,1,"FUN_00406a70 FUN_00464f10 FUN_00469890"
00406930,FUN_00406930,309,2,"FUN_00402cb0 FUN_00477fa7 _memset"
00406a70,FUN_00406a70,461,2,"FUN_004054f0 FUN_00405510 FUN_00406c40 __security_check_cookie"
00406c40,FUN_00406c40,123,2,"FUN_00406a70"
00406cc0,FUN_00406cc0,32,3,""
00406ce0,FUN_00406ce0,154,5,""
00406d80,FUN_00406d80,133,2,""
00406e10,FUN_00406e10,906,2,"FUN_004033f0"
004071a0,FUN_004071a0,396,1,"FUN_00407b20 FUN_0045f980 FUN_00477fa7 _memset"
00407330,FUN_00407330,100,1,"FUN_0045f980"
004073a0,FUN_004073a0,1348,1,"FUN_00465a80 FUN_00468490 __security_check_cookie"
00407900,FUN_00407900,296,2,"FUN_00407b20 FUN_0045f980"
00407a50,FUN_00407a50,208,1,"_memset"
00407b20,FUN_00407b20,225,3,"FUN_00407a50"
00407c10,FUN_00407c10,158,1,"FUN_004093f0 _memset"
00407cb0,FUN_00407cb0,326,1,"FUN_00401300 FUN_004013b0 FUN_00401730 FUN_004029d0 FUN_004090f0 FUN_0045edb0 FUN_0046d020 __security_check_cookie"
00407e00,FUN_00407e00,609,1,"EnterCriticalSection FID_conflict:_free FUN_004017a0 FUN_0046d770 FUN_004749df LeaveCriticalSection"
00408070,FUN_00408070,21,1,"FUN_00408fb0"
00408140,FUN_00408140,286,3,""
00408260,FUN_00408260,77,4,"FUN_00405540 FUN_00408140 __security_check_cookie"
004082b0,FUN_004082b0,255,3,"FUN_00408140 FUN_004090d0 __security_check_cookie"
004083b0,FUN_004083b0,316,3,"FUN_00408140 FUN_004090d0 __security_check_cookie"
004084f0,FUN_004084f0,98,4,"FUN_00405540 FUN_00408140 __security_check_cookie"
00408560,FUN_00408560,237,2,"FUN_00408650 FUN_00465a80"
00408650,FUN_00408650,2128,2,"FUN_00409040 FUN_00465280 FUN_00465c40"
00408fb0,FUN_00408fb0,120,1,""
00409030,FUN_00409030,6,0,""
00409040,FUN_00409040,131,2,""
004090d0,FUN_004090d0,24,3,"FUN_00405540"
004090f0,FUN_004090f0,704,1,"_memset"
004093b0,FUN_004093b0,61,1,"FID_conflict:_free"
004093f0,FUN_004093f0,149,1,"_memset"
00409490,FUN_00409490,191,4,""
00409550,FUN_00409550,273,1,"FID_conflict:_free FUN_0046efa0 FUN_0046f1c0 FUN_0046f220"
00409670,FUN_00409670,249,1,"_memset `eh_vector_constructor_iterator'"
00409770,FUN_00409770,73,1,"`eh_vector_destructor_iterator'"
004097c0,FUN_004097c0,473,2,"FUN_00401300 FUN_004013b0 FUN_00401730 FUN_00402aa0 FUN_0040ac30"
004099a0,FUN_004099a0,994,1,"EnterCriticalSection FID_conflict:_free FUN_004017a0 FUN_00409550 FUN_0046d770 FUN_004749df LeaveCriticalSection `eh_vector_destructor_iterator'"
00409d90,FUN_00409d90,25,1,"FUN_00409550 FUN_004749df"
00409db0,FUN_00409db0,156,1,"FUN_00409670 FUN_004097c0 FUN_004099a0 FUN_004749df operator_new"
00409e50,FUN_00409e50,319,1,"D3DXVec3Normalize FUN_0040aed0 FUN_0040b3b0 FUN_0040c4a0 FUN_0045f980 __security_check_cookie"
00409f90,FUN_00409f90,1144,1,"FUN_00401300 FUN_004013b0 FUN_00401730 FUN_00406490 FUN_0040af70 FUN_0043c940 FUN_00465a80 __security_check_cookie _memset operator_new"
0040a410,FUN_0040a410,907,1,"FUN_0040af70 FUN_0040d490 FUN_0043c940 FUN_00465a80 FUN_0046e750"
0040a7d0,FUN_0040a7d0,1111,3,"D3DXMatrixTranslation D3DXVec3ProjectArray __security_check_cookie"
0040ac30,FUN_0040ac30,414,2,"FUN_00402440 FUN_004029d0 FUN_0046d020 FUN_00477fa7 FUN_00487130 _memset"
0040add0,FUN_0040add0,246,0,"FUN_00407b20 FUN_0045f980"
0040aed0,FUN_0040aed0,154,1,"FUN_0045f980"
0040af70,FUN_0040af70,883,2,"FUN_0040a7d0 FUN_0040c280 FUN_0043c940 FUN_00465a80 FUN_00468490"
0040b2f0,FUN_0040b2f0,179,2,"FUN_0045f980"
0040b3b0,FUN_0040b3b0,3083,1,"FUN_00402d90 FUN_004054f0 FUN_00405510 FUN_00406190 FUN_00406200 FUN_00406490 FUN_00406e10 FUN_00407b20 FUN_00409490 FUN_00409550 FUN_0040b2f0 FUN_0040cd10 FUN_00418c70 FUN_0045f980 FUN_004749df operator_new"
0040c040,FUN_0040c040,141,1,""
0040c0d0,FUN_0040c0d0,315,0,"FUN_00401300 FUN_004013b0 FUN_00401730 _memset operator_new"
0040c210,FUN_0040c210,110,0,""
0040c280,FUN_0040c280,541,2,"FUN_0043c940 FUN_00465a80 FUN_00468490"
0040c4a0,FUN_0040c4a0,2156,1,"D3DXVec3Normalize FUN_00402c70 FUN_00418df0 FUN_004884c0 __security_check_cookie"
0040cd10,FUN_0040cd10,1623,2,"FUN_004033f0 FUN_0040d370"
0040d370,FUN_0040d370,137,3,""
0040d400,FUN_0040d400,88,4,""
0040d460,FUN_0040d460,48,3,"FUN_00407b20 FUN_0045f980"
0040d490,FUN_0040d490,118,1,""
0040d520,FUN_0040d520,3,0,""
0040d530,FUN_0040d530,3,0,""
0040d540,FUN_0040d540,3,0,""
0040d550,FUN_0040d550,5,0,""
0040d560,FUN_0040d560,3,0,""
0040d570,FUN_0040d570,1,0,""
0040d580,FUN_0040d580,113,1,"_memset"
0040d600,FUN_0040d600,261,2,"FUN_00401300 FUN_004013b0 FUN_00401730"
0040d710,FUN_0040d710,377,1,"EnterCriticalSection FID_conflict:_free FUN_004017a0 FUN_0046f1c0 LeaveCriticalSection"
0040d890,FUN_0040d890,443,0,"FUN_0040d580 FUN_0040d600 FUN_0040d710 FUN_004749df operator_new"
0040da70,FUN_0040da70,22,1,"FUN_0040de30"
0040da90,FUN_0040da90,127,0,"FUN_0040d710 FUN_004749df"
0040db20,FUN_0040db20,471,1,"FUN_00406490 FUN_0042c390 FUN_0042c600 FUN_004440e0 FUN_0045e1f0"
0040dd00,FUN_0040dd00,152,1,"FUN_00406190"
0040dda0,FUN_0040dda0,136,1,""
0040de30,FUN_0040de30,516,1,"FUN_00408260 __security_check_cookie"
0040e040,FUN_0040e040,174,1,""
0040e0f0,FUN_0040e0f0,575,1,"FUN_0040e5c0 FUN_0045e150 FUN_0046efa0"
0040e330,FUN_0040e330,102,1,"FUN_0040e040 FUN_0040e490 FUN_004449b0 FUN_0046efa0"
0040e3a0,FUN_0040e3a0,6,0,""
0040e3b0,FUN_0040e3b0,5,0,""
0040e3c0,FUN_0040e3c0,190,1,"FUN_0040e490 FUN_00416d20 FUN_0046efa0 __security_check_cookie"
0040e480,FUN_0040e480,1,0,""
0040e490,FUN_0040e490,297,2,"FUN_004054f0 FUN_00405510 FUN_0040e490"
0040e5c0,FUN_0040e5c0,241,6,"EnterCriticalSection FUN_00407b20 FUN_0045f980 FUN_0046e7d0 FUN_0046f600 LeaveCriticalSection"
0040e6c0,FUN_0040e6c0,110,1,"FUN_0046efa0"
0040e730,FUN_0040e730,77,2,"FUN_0040e6c0 FUN_00418af0"
0040e780,FUN_0040e780,578,1,"FUN_00401300 FUN_00401730 FUN_0040e5c0 FUN_0045e150 FUN_0046efa0 _memset operator_new"
0040e9d0,FUN_0040e9d0,524,1,"FUN_00402c70 FUN_00402cb0 FUN_0040e6c0 FUN_00416e20 FUN_00418af0 FUN_00431950 FUN_00444b20 FUN_0046efa0 FUN_0046f0b0 __security_check_cookie"
0040ebe0,FUN_0040ebe0,6,0,""
0040ebf0,FUN_0040ebf0,5,0,""
0040ec00,FUN_0040ec00,1,0,""
0040ec10,FUN_0040ec10,90,1,"FUN_00416e20 FUN_00431950 __security_check_cookie"
0040ec70,FUN_0040ec70,575,1,"FUN_0040e5c0 FUN_0045e150 FUN_0046efa0"
0040eeb0,FUN_0040eeb0,195,1,"FUN_0040e040 FUN_0040e490 FUN_004449b0 FUN_0046efa0"
0040ef80,FUN_0040ef80,6,0,""
0040ef90,FUN_0040ef90,5,0,""
0040efa0,FUN_0040efa0,190,1,"FUN_0040e490 FUN_00416d20 FUN_0046efa0 __security_check_cookie"
0040f060,FUN_0040f060,1,0,""
0040f070,FUN_0040f070,450,1,"FUN_00401300 FUN_00401730 FUN_0040e5c0 FUN_0045e150 _memset operator_new"
0040f240,FUN_0040f240,585,1,"FUN_00402c70 FUN_00402cb0 FUN_0040e730 FUN_0040f570 FUN_004449b0 FUN_0046efa0 FUN_0046f0b0 __security_check_cookie"
0040f490,FUN_0040f490,6,0,""
0040f4a0,FUN_0040f4a0,5,0,""
0040f4b0,FUN_0040f4b0,1,0,""
0040f4c0,FUN_0040f4c0,174,1,"FUN_00416d20"
0040f570,FUN_0040f570,32,3,""
0040f590,FUN_0040f590,575,1,"FUN_0040e5c0 FUN_0045e150 FUN_0046efa0"
0040f7d0,FUN_0040f7d0,102,1,"FUN_0040e040 FUN_0040e490 FUN_004449b0 FUN_0046efa0"
0040f840,FUN_0040f840,6,0,""
0040f850,FUN_0040f850,5,0,""
0040f860,FUN_0040f860,190,1,"FUN_0040e490 FUN_00416d20 FUN_0046efa0 __security_check_cookie"
0040f920,FUN_0040f920,1,0,""
0040f930,FUN_0040f930,463,1,"FUN_00401300 FUN_00401730 FUN_0040e5c0 FUN_0045e150 _memset operator_new"
0040fb00,FUN_0040fb00,857,1,"FUN_00410130 FUN_00444b20 FUN_0046efa0 FUN_0046f0b0"
0040fe60,FUN_0040fe60,6,0,""
0040fe70,FUN_0040fe70,5,0,""
0040fe80,FUN_0040fe80,621,1,"FUN_004054f0 FUN_00405510 FUN_0040e490 FUN_00416e20 FUN_0046efa0 FUN_0046f510 __security_check_cookie"
004100f0,FUN_004100f0,1,0,""
00410100,FUN_00410100,33,2,""
00410130,FUN_00410130,32,3,""
00410150,FUN_00410150,651,1,"FUN_0040e5c0 FUN_0045e150 FUN_0046efa0"
004103e0,FUN_004103e0,121,1,"FUN_0040e040 FUN_0040e490 FUN_004449b0 FUN_0046efa0"
00410460,FUN_00410460,6,0,""
00410470,FUN_00410470,5,0,""
00410480,FUN_00410480,190,1,"FUN_0040e490 FUN_00416d20 FUN_0046efa0 __security_check_cookie"
00410540,FUN_00410540,1,0,""
00410550,FUN_00410550,1148,1,"FUN_00402ff0 FUN_00403110 FUN_004052e0 FUN_00411410 FUN_0041b540 FUN_00425240 FUN_0046efa0 FUN_00487aaa __libm_sse2_sqrt_precise"
004109d0,FUN_004109d0,263,3,"FUN_0040e5c0 FUN_004449b0"
00410ae0,FUN_00410ae0,205,1,"FUN_00416d20 FUN_00431a70 FUN_004449b0 FUN_0045e1f0 FUN_0046f0b0 FUN_0046f1c0"
00410bb0,FUN_00410bb0,351,1,"FUN_00416d20 FUN_004449b0 FUN_0045e1f0 FUN_0046efa0 FUN_0046f0b0 FUN_0046f220"
00410d10,FUN_00410d10,197,1,"FID_conflict:_free FUN_0040e5c0 FUN_0045e150 FUN_00477fa7 _memset"
00410de0,FUN_00410de0,1145,1,"FID_conflict:_free FUN_00401300 FUN_00401730 FUN_00410550 FUN_004109d0 FUN_00410ae0 FUN_00410bb0 FUN_0045e1f0 FUN_0046efa0 FUN_0046f0b0 _memset operator_new"
00411260,FUN_00411260,6,0,""
00411270,FUN_00411270,5,0,""
00411280,FUN_00411280,155,1,"FUN_00416d20"
00411320,FUN_00411320,230,1,"FID_conflict:_free FUN_00401300 FUN_00401730 FUN_00410bb0 FUN_0046f0b0 _memset operator_new"
00411410,FUN_00411410,76,1,""
00411460,FUN_00411460,575,1,"FUN_0040e5c0 FUN_0045e150 FUN_0046efa0"
004116a0,FUN_004116a0,206,1,"FUN_0040e040 FUN_0040e490 FUN_004449b0 FUN_0046efa0"
00411770,FUN_00411770,6,0,""
00411780,FUN_00411780,5,0,""
00411790,FUN_00411790,190,1,"FUN_0040e490 FUN_00416d20 FUN_0046efa0 __security_check_cookie"
00411850,FUN_00411850,1,0,""
00411860,FUN_00411860,30,1,"_memset"
00411880,FUN_00411880,181,1,"_memset `eh_vector_constructor_iterator'"
00411940,FUN_00411940,108,1,"FUN_004093f0"
004119b0,FUN_004119b0,120,1,"FID_conflict:_free"
00411a30,FUN_00411a30,315,1,"FUN_00401300 FUN_004013b0 FUN_00401730 FUN_004029d0 FUN_0046d020"
00411b70,FUN_00411b70,300,0,"FUN_0046f270 _memset"
00411ca0,FUN_00411ca0,292,1,"EnterCriticalSection FUN_004017a0 FUN_0046f270 LeaveCriticalSection `eh_vector_destructor_iterator'"
00411dd0,FUN_00411dd0,147,0,"FUN_00411880 FUN_00411a30 FUN_00411ca0 FUN_004749df operator_new"
00411e70,FUN_00411e70,1570,1,"FUN_0040d490 FUN_0040e5c0 FUN_004124b0 FUN_00412670 FUN_00413860 FUN_00414ec0 FUN_00414fb0 FUN_004151e0 FUN_004153e0 FUN_00415570 FUN_00415bb0 FUN_00415d80 FUN_00415f90 FUN_004161f0 FUN_004162d0 FUN_004171c0 FUN_004173f0 FUN_004174d0 FUN_0045f980 FUN_0046f2e0"
004124b0,FUN_004124b0,448,2,"FUN_0040e5c0 FUN_004173f0 FUN_004174d0 FUN_004438c0 FUN_004439e0 FUN_00444cf0 FUN_0046f2e0"
00412670,FUN_00412670,487,1,""
00412860,FUN_00412860,502,1,"FUN_00411e70 FUN_004124b0"
00412a60,FUN_00412a60,490,1,"FUN_00468490"
00412cb0,FUN_00412cb0,2887,5,"FUN_00402c70 FUN_00402cb0 FUN_004090f0 FUN_00412670 FUN_00413860 FUN_004174d0 FUN_00417510 FUN_0045f160 FUN_0045f980 FUN_004884c0"
00413860,FUN_00413860,5197,1,"FUN_00402cb0 FUN_00402d30 FUN_00402d90 FUN_00405340 FUN_00405480 FUN_00406200 FUN_00406490 FUN_004090f0 FUN_00414da0 FUN_00416840 FUN_00417180 FUN_004173c0 FUN_004174d0 FUN_00417510 FUN_0041aa70 FUN_00431130 FUN_00431860 FUN_00443840 FUN_0045e150 FUN_0045e1f0 FUN_0045f160 __security_check_cookie _memset operator_new"
00414da0,FUN_00414da0,279,1,"FUN_00412cb0 FUN_0045e1f0 FUN_00487aaa"
00414ec0,FUN_00414ec0,227,1,"FUN_00417510"
00414fb0,FUN_00414fb0,555,1,"FUN_00487aaa __libm_sse2_sqrt_precise"
004151e0,FUN_004151e0,507,1,"FUN_00487aaa"
004153e0,FUN_004153e0,387,1,"FUN_00417510"
00415570,FUN_00415570,504,1,"FUN_00405420 FUN_00405480 FUN_00417510 FUN_00443840 FUN_0045e150"
00415790,FUN_00415790,309,1,""
004158d0,FUN_004158d0,306,1,""
00415a10,FUN_00415a10,207,1,""
00415ae0,FUN_00415ae0,202,1,""
00415bb0,FUN_00415bb0,454,1,"FUN_00415790 FUN_004158d0 FUN_00415a10 FUN_00415ae0 FUN_00417510 FUN_0045e150"
00415d80,FUN_00415d80,519,1,"FUN_0045e150"
00415f90,FUN_00415f90,597,1,"FUN_00406e10 FUN_00417510 FUN_00487aaa"
004161f0,FUN_004161f0,223,1,""
004162d0,FUN_004162d0,1390,1,"D3DXVec2Normalize FUN_004173a0"
00416840,FUN_00416840,444,2,"FUN_0040e5c0 FUN_00416a00 FUN_0045e1f0 FUN_0045f980"
00416a00,FUN_00416a00,539,2,"FUN_00402cb0 FUN_00430960"
00416c20,FUN_00416c20,250,2,"FUN_00416840"
00416d20,FUN_00416d20,256,2,"FUN_00416840"
00416e20,FUN_00416e20,283,4,"FUN_00403d30 FUN_00416840"
00416f40,FUN_00416f40,500,1,"FUN_0040e5c0 FUN_00416a00 FUN_0045e1f0 FUN_0045f980"
00417180,FUN_00417180,63,1,""
004171c0,FUN_004171c0,473,1,"FUN_004033f0"
004173a0,FUN_004173a0,32,3,""
004173c0,FUN_004173c0,39,1,""
004173f0,FUN_004173f0,216,5,""
004174d0,FUN_004174d0,57,2,""
00417510,FUN_00417510,32,3,""
00417530,FUN_00417530,79,1,""
00417580,FUN_00417580,72,1,""
004175d0,FUN_004175d0,116,0,"FUN_0045f980"
00417650,FUN_00417650,116,0,"FUN_0045f980"
004176d0,FUN_004176d0,46,1,""
00417700,FUN_00417700,131,1,"FUN_00401300 FUN_004013b0 FUN_00401730"
00417790,FUN_00417790,272,1,"EnterCriticalSection FUN_004017a0 FUN_0046f1c0 LeaveCriticalSection"
004178a0,FUN_004178a0,130,0,"FUN_00417700 FUN_00417790 FUN_004749df _memset operator_new"
00417930,FUN_00417930,650,1,"FUN_0046efa0 FUN_0046f0b0"
00417bc0,FUN_00417bc0,418,0,"FUN_00417530 FUN_0045b130 FUN_00487aca FUN_00488a00"
00417d70,FUN_00417d70,368,1,"FUN_00408260 FUN_0046efa0"
00417f00,FUN_00417f00,1007,5,"FUN_00406380 FUN_004175d0 FUN_0045e150 FUN_0046dab0 FUN_0046efa0 FUN_0046f510 __security_check_cookie"
004182f0,FUN_004182f0,304,0,"FUN_00417650 FUN_0042bcf0 FUN_0043e080 FUN_0045e150 FUN_0046f0b0 FUN_0046f1c0"
00418420,FUN_00418420,23,1,""
00418440,FUN_00418440,45,1,"FUN_0045f980"
00418470,FUN_00418470,45,1,"FUN_0045f980"
004184a0,FUN_004184a0,259,1,"_memset"
004185b0,FUN_004185b0,147,1,"FUN_0046f270"
00418650,FUN_00418650,160,0,""
004186f0,FUN_004186f0,37,1,""
00418720,FUN_00418720,105,2,""
00418790,FUN_00418790,57,0,"FUN_004029d0 FUN_0046d020"
004187d0,FUN_004187d0,241,1,"FUN_00401300 FUN_004013b0 FUN_00401730 FUN_004029d0 FUN_0046d020 operator_new"
004188d0,FUN_004188d0,345,1,"EnterCriticalSection FUN_004017a0 FUN_0046d770 FUN_0046f270 FUN_004749df LeaveCriticalSection"
00418a30,FUN_00418a30,118,0,"FUN_004187d0 FUN_004188d0 FUN_004749df _memset operator_new"
00418af0,FUN_00418af0,171,5,"FUN_00406380 FUN_0046efa0"
00418ba0,FUN_00418ba0,180,1,"FUN_004071a0 FUN_00418fe0 FUN_0046efa0"
00418c70,FUN_00418c70,382,3,"FUN_00406380 FUN_0043d8b0 FUN_0046efa0 FUN_00477fa7"
00418df0,FUN_00418df0,326,2,"FUN_00418f40"
00418f40,FUN_00418f40,149,1,""
00418fe0,FUN_00418fe0,193,3,"EnterCriticalSection FUN_00407b20 FUN_0045f980 FUN_0046e940 FUN_0046f600 LeaveCriticalSection"
004190b0,FUN_004190b0,181,1,"FUN_00402f30 FUN_0046efa0 FUN_0046f220"
00419170,FUN_00419170,115,1,"FID_conflict:_free FUN_00402440"
004191f0,FUN_004191f0,593,1,"FUN_00401300 FUN_004013b0 FUN_00401730 FUN_00402440 FUN_004029d0 FUN_0040e5c0 FUN_004197c0 operator_new"
00419450,FUN_00419450,496,1,"EnterCriticalSection FID_conflict:_free FUN_004017a0 FUN_004190b0 FUN_0046d770 FUN_004749df LeaveCriticalSection"
00419640,FUN_00419640,89,0,"FUN_004191f0 FUN_00419450 FUN_004749df operator_new"
004196a0,FUN_004196a0,31,0,"FUN_00419450 FUN_004749df"
004196c0,FUN_004196c0,219,1,"FUN_004199f0"
004197c0,FUN_004197c0,551,2,"FUN_00406380 FUN_0046efa0 _memset"
004199f0,FUN_004199f0,2254,1,"FUN_00401300 FUN_004013b0 FUN_00401730 FUN_00402fb0 FUN_00406380 FUN_00406490 FUN_0040d490 FUN_00419170 FUN_0041a390 FUN_0042bbe0 FUN_0043c370 FUN_0043c3f0 FUN_0045e150 FUN_0045ed00 FUN_0046d720 FUN_0046d990 FUN_0046efa0 FUN_0046f0b0 FUN_0046f1c0 _memset operator_new"
0041a360,FUN_0041a360,39,0,"FUN_0046f0b0"
0041a390,FUN_0041a390,92,0,"FUN_0040e5c0"
0041a3f0,FUN_0041a3f0,5,0,""
0041a400,FUN_0041a400,159,1,""
0041a4a0,FUN_0041a4a0,3,0,""
0041a4b0,FUN_0041a4b0,5,0,""
0041a4c0,FUN_0041a4c0,5,0,""
0041a4d0,FUN_0041a4d0,5,0,""
0041a4e0,FUN_0041a4e0,5,0,""
0041a4f0,FUN_0041a4f0,51,1,"FUN_004749df"
0041a530,FUN_0041a530,99,1,"FUN_0041a400"
0041a5a0,FUN_0041a5a0,196,1,""
0041a670,FUN_0041a670,93,2,"FUN_004749df"
0041a6d0,FUN_0041a6d0,79,2,""
0041a720,FUN_0041a720,63,2,"FUN_0041d700 FUN_00430960"
0041a760,FUN_0041a760,38,2,"FUN_0041ba10 FUN_004749df"
0041a790,FUN_0041a790,202,1,"_memset"
0041a860,FUN_0041a860,96,2,"FUN_00402440 FUN_00474530"
0041a8c0,FUN_0041a8c0,72,0,""
0041a910,FUN_0041a910,50,2,""
0041a950,FUN_0041a950,34,1,""
0041a980,FUN_0041a980,64,1,""
0041a9c0,FUN_0041a9c0,56,1,""
0041aa00,FUN_0041aa00,56,1,"FUN_0040e6c0"
0041aa40,FUN_0041aa40,43,1,""
0041aa70,FUN_0041aa70,749,3,"FUN_0041b580 FUN_0041d1e0 operator_new"
0041ade0,FUN_0041ade0,144,1,""
0041ae70,FUN_0041ae70,459,2,"FUN_00401300 FUN_004013b0 FUN_00401730 FUN_00402440 FUN_0041a860 FUN_00474530 _memset operator_new"
0041b040,FUN_0041b040,351,2,"FUN_00402440 FUN_004029d0 FUN_0046d020 FUN_00474530"
0041b1a0,FUN_0041b1a0,414,1,"EnterCriticalSection FID_conflict:_free FUN_004017a0 FUN_004185b0 FUN_0046d770 FUN_004749df LeaveCriticalSection"
0041b340,FUN_0041b340,141,1,"FUN_0041ae70 FUN_0041b1a0 FUN_004749df _memset operator_new"
0041b3d0,FUN_0041b3d0,283,1,"FUN_0041d1e0"
0041b540,FUN_0041b540,52,1,""
0041b580,FUN_0041b580,1161,2,"FUN_0041a530 FUN_0041a5a0 FUN_0041a790 FUN_00474740 _memset"
0041ba10,FUN_0041ba10,306,1,"FUN_00409550 FUN_0041ade0 FUN_0046efa0 FUN_0046f220 FUN_004749df"
0041bb50,FUN_0041bb50,1692,1,"EnterCriticalSection FUN_00402ff0 FUN_00403110 FUN_00407b20 FUN_004171c0 FUN_0041c1f0 FUN_00425570 FUN_004258b0 FUN_0045f980 FUN_0046e7d0 FUN_0046efa0 FUN_0046f1c0 FUN_0046f600 LeaveCriticalSection"
0041c1f0,FUN_0041c1f0,313,1,"FUN_00403110"
0041c330,FUN_0041c330,2207,1,"FUN_00402c70 FUN_00402cf0 FUN_00402d90 FUN_004054f0 FUN_00405510 FUN_00406490 FUN_0040d490 FUN_0041a4f0 FUN_0041a5a0 FUN_0041a6d0 FUN_0041d520 FUN_00424f00 FUN_00425010 FUN_00430960 FUN_004439e0 FUN_00443af0 FUN_00444cf0 FUN_00445a30 FUN_0045e1f0 FUN_0046efa0 FUN_0046f2e0 FUN_0046f440 FUN_00473bc0 FUN_00474740 FUN_00474890"
0041cbd0,FUN_0041cbd0,1547,1,"D3DXVec3Normalize FUN_00418df0 FUN_004884c0 __security_check_cookie"
0041d1e0,FUN_0041d1e0,242,1,"FUN_0041d2e0 FUN_0046efa0"
0041d2e0,FUN_0041d2e0,561,1,"FUN_004052a0 FUN_00406190 FUN_0040d490 FUN_0041bb50 FUN_0041c330 FUN_0041cbd0 FUN_0046efa0 FUN_0046f2e0 FUN_00473bc0"
0041d520,FUN_0041d520,467,1,"FUN_004052a0 FUN_0040e5c0 FUN_0040e6c0 FUN_0041a4f0 FUN_0041a5a0 FUN_0041d700 FUN_00430960 FUN_0045e1f0 FUN_00473bc0 FUN_00474740"
0041d700,FUN_0041d700,500,2,"FUN_00402c70 FUN_00402cb0 FUN_00402cf0 FUN_00426240 FUN_00430960 _memset"
0041d900,FUN_0041d900,298,0,"FUN_0041d520 _memset"
0041da30,FUN_0041da30,305,1,"FUN_0041d520 _memset"
0041db70,FUN_0041db70,301,0,"FUN_0041d520 _memset"
0041dca0,FUN_0041dca0,11,1,"FUN_0041dcb0"
0041dcb0,FUN_0041dcb0,19976,1,"EnterCriticalSection FUN_00402b70 FUN_00402d90 FUN_004033d0 FUN_00405240 FUN_004052a0 FUN_00405480 FUN_00406320 FUN_00406490 FUN_00407b20 FUN_00409490 FUN_00409d90 FUN_0040c040 FUN_0040d400 FUN_0040e5c0 FUN_0040e730 FUN_00411410 FUN_00411860 FUN_00414da0 FUN_00416c20 FUN_00416d20 FUN_00416e20 FUN_00416f40 FUN_00417180 FUN_00417580 FUN_00417f00 FUN_004182f0 FUN_00418c70 FUN_0041a4f0 FUN_0041a5a0 FUN_0041a720 FUN_0041a910 FUN_0041a950 FUN_0041a980 FUN_0041a9c0 FUN_0041aa00 FUN_0041aa40 FUN_0041c1f0 FUN_0041d520 FUN_0041d900 FUN_0041da30 FUN_0041db70 FUN_00423050 FUN_00423260 FUN_004233a0 FUN_00424e40 FUN_00424eb0 FUN_004251d0 FUN_004251f0 FUN_00425200 FUN_00425220 FUN_00425530 FUN_00425870 FUN_004260d0 FUN_00426160 FUN_00426260 FUN_00429ff0 FUN_0042c240 FUN_00431760 FUN_004319e0 FUN_00431a70 FUN_00431af0 FUN_0043e080 FUN_0044a460 FUN_0045d150 FUN_0045e1f0 FUN_0045f980 FUN_0046e890 FUN_0046f0b0 FUN_0046f1c0 FUN_0046f2e0 FUN_0046f300 FUN_0046f340 FUN_0046f600 FUN_00473c90 FUN_00473d40 FUN_00474890 LeaveCriticalSection __security_check_cookie _memset operator_new"
00423050,FUN_00423050,518,1,"FUN_0041aa70 FUN_00473e40 FUN_00473ef0 __security_check_cookie _memset"
00423260,FUN_00423260,317,1,"FUN_00426160 FUN_0046efa0 FUN_0046f1c0 FUN_0046f3b0 FUN_00473c90"
004233a0,FUN_004233a0,1047,1,"FUN_00406d80 FUN_004173f0 FUN_00425dd0 FUN_00425e70 FUN_00425f10 FUN_00426020 FUN_0046efa0 FUN_0046f2e0 FUN_00473c90 FUN_00473d40"
00423810,FUN_00423810,1507,2,"FUN_00402be0 FUN_00402c70 FUN_00402cb0 FUN_004052a0 FUN_00417580 FUN_0041a8c0 FUN_0046f2e0 __libm_sse2_sqrt_precise"
00423f80,FUN_00423f80,263,2,"FUN_00417580"
00424110,FUN_00424110,2413,2,"FUN_00402be0 FUN_00402c70 FUN_00402cb0 FUN_004052a0 FUN_00417580 FUN_0041a8c0 FUN_00443840 __libm_sse2_sqrt_precise"
00424c10,FUN_00424c10,368,2,"FUN_00417580"
00424e40,FUN_00424e40,107,4,""
00424eb0,FUN_00424eb0,68,3,""
00424f00,FUN_00424f00,269,1,""
00425010,FUN_00425010,446,1,""
004251d0,FUN_004251d0,18,2,"FUN_00473c90"
004251f0,FUN_004251f0,14,1,"FUN_00474330"
00425200,FUN_00425200,18,2,"FUN_00473d40"
00425220,FUN_00425220,18,2,"FUN_004743a0"
00425240,FUN_00425240,135,2,""
00425410,FUN_00425410,285,2,"FUN_00445a30 FUN_0046efa0 __security_check_cookie"
00425530,FUN_00425530,63,1,""
00425570,FUN_00425570,757,2,"FUN_004033f0"
00425870,FUN_00425870,63,1,""
004258b0,FUN_004258b0,1232,2,"FUN_004033f0"
00425d80,FUN_00425d80,65,2,""
00425dd0,FUN_00425dd0,159,4,""
00425e70,FUN_00425e70,157,4,""
00425f10,FUN_00425f10,259,4,""
00426020,FUN_00426020,170,4,""
004260d0,FUN_004260d0,136,1,""
00426160,FUN_00426160,224,4,"EnterCriticalSection FUN_00407b20 FUN_0045f980 FUN_0046e890 FUN_0046f600 LeaveCriticalSection"
00426240,FUN_00426240,32,4,""
00426260,FUN_00426260,32,3,""
00426280,FUN_00426280,110,1,"EnterCriticalSection FUN_004017a0 FUN_004749df LeaveCriticalSection"
004262f0,FUN_004262f0,235,0,"FUN_0045b130"
004263e0,FUN_004263e0,174,1,"FUN_004084f0"
004264a0,FUN_004264a0,729,1,"FUN_0046efa0 FUN_0046f1c0 FUN_0046f220"
00426780,FUN_00426780,191,0,"EnterCriticalSection FUN_00407b20 FUN_0045f980 FUN_0046e7d0 FUN_0046f600 LeaveCriticalSection"
00426840,FUN_00426840,127,2,""
004268c0,FUN_004268c0,569,1,"_memset"
00426b00,FUN_00426b00,258,1,"FUN_00401300 FUN_004013b0 FUN_00401730 FUN_004029d0 FUN_00426c10 FUN_0046d020 operator_new"
00426c10,FUN_00426c10,337,1,"FUN_00402440 FUN_004029d0 FUN_0042c9f0 FUN_0046d020"
00426d70,FUN_00426d70,2491,0,"EnterCriticalSection FUN_00407b20 FUN_00418fe0 FUN_0042c280 FUN_0042c390 FUN_0042c600 FUN_0042c920 FUN_0045edb0 FUN_0045f980 FUN_0046e7d0 FUN_0046efa0 FUN_0046f0b0 FUN_0046f3b0 FUN_0046f510 FUN_0046f600 LeaveCriticalSection"
00427730,FUN_00427730,539,1,"FID_conflict:_free FUN_004264a0 FUN_0046d770 FUN_0046efa0 FUN_0046f1c0 FUN_0046f220 FUN_0046f270 FUN_004749df"
00427950,FUN_00427950,28,1,"FUN_004264a0 FUN_004749df"
00427970,FUN_00427970,167,0,"FID_conflict:_free FUN_004264a0 FUN_0046d770 FUN_004749df"
00427a20,FUN_00427a20,640,1,"EnterCriticalSection FUN_004017a0 FUN_00427730 FUN_0046efa0 FUN_0046f1c0 FUN_0046f220 FUN_0046f270 LeaveCriticalSection"
00427ca0,FUN_00427ca0,80,0,"FUN_004268c0 FUN_00426b00 FUN_00427a20 FUN_004749df operator_new"
00427cf0,FUN_00427cf0,4469,1,"FUN_00402d90 FUN_00405240 FUN_004054f0 FUN_00405510 FUN_00406380 FUN_0040dda0 FUN_004174d0 FUN_00417580 FUN_00418440 FUN_00418470 FUN_004264a0 FUN_0042a1d0 FUN_0042c480 FUN_0042c4f0 FUN_0042c890 FUN_0042c8c0 FUN_0042c8f0 FUN_0045e150 FUN_0046efa0 FUN_0046f0b0 FUN_0046f130 FUN_0046f1c0 FUN_0046f220 FUN_0046f380 FUN_0046f3b0 FUN_0046f410 FUN_0046f510 FUN_004749df"
00428e70,FUN_00428e70,3187,1,"FUN_00408260 FUN_004082b0 FUN_004083b0 FUN_00417580 FUN_00426840 FUN_0046efa0 FUN_0046f1c0 __security_check_cookie"
00429b20,FUN_00429b20,1223,2,"FUN_00406380 FUN_00416f40 FUN_0041d900 FUN_0046efa0 FUN_0046f130 _memset"
00429ff0,FUN_00429ff0,470,2,"FUN_00406380 FUN_00427950 FUN_00429b20 FUN_0042e150 FUN_0043f350 FUN_0045ed00 __security_check_cookie operator_new"
0042a1d0,FUN_0042a1d0,4633,1,"FID_conflict:_atoi FUN_00406380 FUN_00406490 FUN_00406a70 FUN_0040d490 FUN_00426780 FUN_0042ba30 FUN_0042bb30 FUN_0042bbe0 FUN_0042c480 FUN_0042c830 FUN_0042e150 FUN_0043c3f0 FUN_0043c470 FUN_0045e150 FUN_0046d990 FUN_0046efa0 FUN_0046f0b0 FUN_0046f130 FUN_0046f1c0 FUN_0046f2e0 FUN_0046f3e0 FUN_0046f510 FUN_00476c60"
0042b480,FUN_0042b480,356,2,"FUN_00406a70 FUN_0046efa0 FUN_0046f510"
0042b610,FUN_0042b610,514,1,"FUN_0046efa0 FUN_0046f3b0"
0042b820,FUN_0042b820,514,1,"FUN_0046efa0 FUN_0046f380"
0042ba30,FUN_0042ba30,242,2,"FUN_0040e5c0 FUN_0046efa0 FUN_0046f1c0 FUN_0046f510"
0042bb30,FUN_0042bb30,171,2,"FUN_0046efa0 FUN_0046f510"
0042bbe0,FUN_0042bbe0,44,1,""
0042bc10,FUN_0042bc10,224,0,"FUN_0042bcf0"
0042bcf0,FUN_0042bcf0,24,2,""
0042c070,FUN_0042c070,312,0,"EnterCriticalSection FUN_00407b20 FUN_0043e080 FUN_0045f980 FUN_0046e7d0 FUN_0046f600 LeaveCriticalSection"
0042c1b0,FUN_0042c1b0,141,0,"FUN_0046f0b0"
0042c240,FUN_0042c240,53,0,"FUN_00406380"
0042c280,FUN_0042c280,266,3,""
0042c390,FUN_0042c390,231,3,""
0042c480,FUN_0042c480,105,1,"FUN_00406380 FUN_0046efa0"
0042c4f0,FUN_0042c4f0,129,1,"FUN_0046f0b0"
0042c580,FUN_0042c580,63,0,"FUN_0046efa0 FUN_0046f3b0"
0042c5c0,FUN_0042c5c0,63,0,"FUN_0046efa0 FUN_0046f380"
0042c600,FUN_0042c600,551,0,"FUN_0043df20 FUN_0045f980 FUN_0046efa0 FUN_0046f380 FUN_0046f3b0 FUN_0046f510"
0042c830,FUN_0042c830,38,1,""
0042c860,FUN_0042c860,38,0,""
0042c890,FUN_0042c890,45,1,"FUN_0045f980"
0042c8c0,FUN_0042c8c0,39,1,""
0042c8f0,FUN_0042c8f0,39,1,""
0042c920,FUN_0042c920,202,5,"EnterCriticalSection FUN_00407b20 FUN_0045f980 FUN_0046e940 FUN_0046f600 LeaveCriticalSection"
0042c9f0,FUN_0042c9f0,1,0,""
0042ca00,FUN_0042ca00,127,0,""
0042ca80,FUN_0042ca80,123,0,"FUN_0046f0b0"
0042cb00,FUN_0042cb00,91,1,"FUN_004749df"
0042cb60,FUN_0042cb60,1677,0,"FUN_00401300 FUN_004013b0 FUN_00401730 FUN_00406490 FUN_00409db0 FUN_0040d890 FUN_00411dd0 FUN_004173c0 FUN_004178a0 FUN_00418420 FUN_0041b340 FUN_00426c10 FUN_00427ca0 FUN_0042c390 FUN_0042ca00 FUN_0042e590 FUN_0042f440 FUN_004314a0 FUN_0043c370 FUN_0043c440 FUN_0043c630 FUN_0043c6a0 FUN_0043e5a0 FUN_00441c60 FUN_004440e0 FUN_00447e20 FUN_00449030 FUN_00449e50 FUN_0045b130 FUN_0045f980 Sleep"
0042d200,FUN_0042d200,1274,1,"EnterCriticalSection FUN_004017a0 FUN_004099a0 FUN_0040da90 FUN_0040e5c0 FUN_00411ca0 FUN_00417790 FUN_004184a0 FUN_004185b0 FUN_0041a390 FUN_0041b1a0 FUN_00427970 FUN_00427a20 FUN_0042e4d0 FUN_0042f2d0 FUN_004313b0 FUN_0043e4c0 FUN_00441a50 FUN_00447c80 FUN_00449a00 FUN_00449d60 FUN_0045ed00 FUN_0046f270 FUN_004749df LeaveCriticalSection"
0042d700,FUN_0042d700,123,1,"FUN_0042e630 FUN_0043c5b0 _memset operator_new"
0042d780,FUN_0042d780,44,0,"FUN_0042d200 FUN_004749df"
0042d7b0,FUN_0042d7b0,945,1,"FUN_00401300 FUN_004013b0 FUN_00401730 FUN_00406190 FUN_004099a0 FUN_0042bc10 FUN_0042dc50 FUN_0042dee0 FUN_0043c3f0 FUN_0043c440 FUN_0043f240 FUN_0045d150 FUN_0045e330 FUN_0045f980 FUN_0046f0b0 FUN_00471c90 FUN_004749df _memset operator_new"
0042dbc0,FUN_0042dbc0,142,0,"FUN_0045b130 FUN_00487910"
0042dc50,FUN_0042dc50,649,1,"FUN_00402f30 FUN_0040add0 FUN_0040c0d0 FUN_0040c210 FUN_00411b70 FUN_004184a0 FUN_004185b0 FUN_0041aa70 FUN_00426d70 FUN_0042c1b0 FUN_0042cb00 FUN_0043c3f0 FUN_00441740 FUN_004440e0 FUN_00448eb0 FUN_0046f0b0 _memset"
0042dee0,FUN_0042dee0,623,1,"FUN_00411b70 FUN_004184a0 FUN_004185b0 FUN_0041aa70 FUN_00426d70 FUN_0042cb00 FUN_00441740 FUN_004440e0 FUN_00448eb0 FUN_0045ed00 FUN_0046f0b0 _memset"
0042e150,FUN_0042e150,880,0,"FUN_0042c070 FUN_0042ca80 FUN_0042dbc0 FUN_0043e080 FUN_0043f240 FUN_0043f500"
0042e4d0,FUN_0042e4d0,76,1,""
0042e520,FUN_0042e520,101,1,""
0042e590,FUN_0042e590,145,1,"FUN_0042c390 FUN_0042e520"
0042e630,FUN_0042e630,106,1,"_memset"
0042e6a0,FUN_0042e6a0,180,1,"_memset"
0042e810,FUN_0042e810,243,1,"FUN_00401300 FUN_004013b0 FUN_00401730 FUN_0043c5b0 operator_new"
0042e910,FUN_0042e910,278,1,"EnterCriticalSection FUN_004017a0 FUN_0046d770 FUN_004749df LeaveCriticalSection"
0042ea30,FUN_0042ea30,80,0,"FUN_0042e6a0 FUN_0042e810 FUN_0042e910 FUN_004749df operator_new"
0042ea80,FUN_0042ea80,34,0,"FUN_0042e910 FUN_004749df"
0042eab0,FUN_0042eab0,1213,1,"FID_conflict:_free FUN_00402e70 FUN_00406490 FUN_004090d0 FUN_00418720 FUN_0042efb0 FUN_0043c5b0 FUN_0045e150 FUN_0046c8b0 FUN_0046f0b0 FUN_0046f130 FUN_0046f490"
0042efb0,FUN_0042efb0,217,4,"EnterCriticalSection FUN_00407b20 FUN_0045f980 FUN_0046e940 FUN_0046f600 LeaveCriticalSection"
0042f090,FUN_0042f090,32,2,""
0042f0b0,FUN_0042f0b0,160,1,"_memset `eh_vector_constructor_iterator'"
0042f150,FUN_0042f150,70,1,"`eh_vector_destructor_iterator'"
0042f1a0,FUN_0042f1a0,50,1,"FUN_004093f0"
0042f1e0,FUN_0042f1e0,120,1,"FID_conflict:_free"
0042f260,FUN_0042f260,106,1,"FUN_00401300 FUN_004013b0 FUN_00401730 FUN_004184a0"
0042f2d0,FUN_0042f2d0,360,1,"EnterCriticalSection FUN_004017a0 LeaveCriticalSection `eh_vector_destructor_iterator'"
0042f440,FUN_0042f440,147,0,"FUN_0042f0b0 FUN_0042f260 FUN_0042f2d0 FUN_004749df operator_new"
0042f4e0,FUN_0042f4e0,3033,1,"FUN_00402cb0 FUN_0042bcf0 FUN_0042c600 FUN_0042c860 FUN_0042f090 FUN_00430100 FUN_004303a0 FUN_004304a0 FUN_00430620 FUN_00430c90 FUN_00430d10 FUN_00430d90 FUN_00430dc0 FUN_00430df0 FUN_0043de50 FUN_0043df70 FUN_0043dfb0 FUN_0043dff0 FUN_0043e080 FUN_00443840 FUN_004440e0 FUN_0044a460 FUN_0045e150 FUN_0045e1f0 FUN_0045f980 FUN_00487aaa"
00430100,FUN_00430100,665,1,"FUN_0042bcf0 FUN_0043e080 FUN_004440e0 FUN_0044a460 FUN_0045e1f0"
004303a0,FUN_004303a0,254,1,"FUN_0042bcf0 FUN_004440e0 FUN_0044a460 FUN_0045e1f0"
004304a0,FUN_004304a0,373,1,"FUN_0042bcf0 FUN_0043e080 FUN_004440e0 FUN_0044a460 FUN_0045e1f0"
00430620,FUN_00430620,384,1,"FUN_0043e080 FUN_0044a460"
004307a0,FUN_004307a0,329,2,"FUN_00468490"
00430960,FUN_00430960,812,7,"FUN_00405610 FUN_00406490 FUN_0040d460 FUN_00430d10 FUN_00430df0"
00430c90,FUN_00430c90,125,1,"FUN_00407b20 FUN_0045f980"
00430d10,FUN_00430d10,122,1,"FUN_0040e5c0 FUN_0045e150"
00430d90,FUN_00430d90,44,1,""
00430dc0,FUN_00430dc0,40,0,""
00430df0,FUN_00430df0,32,3,""
00430e10,FUN_00430e10,3,0,""
00430e20,FUN_00430e20,1,0,""
00430e30,FUN_00430e30,3,0,""
00430e40,FUN_00430e40,5,0,""
00430e50,FUN_00430e50,3,0,""
00430e60,FUN_00430e60,3,0,""
00430e70,FUN_00430e70,25,1,""
00430e90,FUN_00430e90,5,0,""
00430ea0,FUN_00430ea0,5,0,""
00430eb0,FUN_00430eb0,5,0,""
00430ec0,FUN_00430ec0,5,0,""
00430ed0,FUN_00430ed0,5,0,""
00430ee0,FUN_00430ee0,5,0,""
00430ef0,FUN_00430ef0,5,0,""
00430f00,FUN_00430f00,3,0,""
00430f10,FUN_00430f10,3,0,""
00430f20,FUN_00430f20,3,0,""
00430f30,FUN_00430f30,3,0,""
00430f40,FUN_00430f40,3,0,""
00430f50,FUN_00430f50,3,0,""
00430f60,FUN_00430f60,3,0,""
00430f70,FUN_00430f70,3,0,""
00430f80,FUN_00430f80,3,0,""
00430f90,FUN_00430f90,3,0,""
00430fa0,FUN_00430fa0,3,0,""
00430fb0,FUN_00430fb0,3,0,""
00430fc0,FUN_00430fc0,138,1,"_memset"
00431050,FUN_00431050,84,3,"FUN_0043ad00"
004310b0,FUN_004310b0,117,1,"FUN_004093f0 FUN_00430fc0 FUN_00487130 _memset operator_new"
00431130,FUN_00431130,83,1,"FUN_004093f0 FUN_00430fc0 _memset"
00431190,FUN_00431190,89,1,"operator_new"
004311f0,FUN_004311f0,84,3,"FUN_0043ad00"
00431250,FUN_00431250,84,3,"FUN_0043ad00"
004312b0,FUN_004312b0,84,3,"FUN_0043ad00"
00431310,FUN_00431310,25,2,""
00431330,FUN_00431330,127,1,"FUN_00401300 FUN_004013b0 FUN_00401730 FUN_004029d0 FUN_0046d020"
004313b0,FUN_004313b0,228,1,"EnterCriticalSection FUN_004017a0 FUN_0042cb00 LeaveCriticalSection"
004314a0,FUN_004314a0,109,0,"FUN_00430fc0 FUN_00431330 FUN_004313b0 FUN_004749df _memset operator_new"
00431510,FUN_00431510,404,1,"FUN_004749df"
004316b0,FUN_004316b0,102,1,"FUN_00431510"
00431760,FUN_00431760,236,2,"FUN_00431130 FUN_00431860 FUN_004318c0 FUN_00431900 operator_new"
00431860,FUN_00431860,81,1,"FUN_004093f0 FUN_00430fc0 _memset"
004318c0,FUN_004318c0,61,1,"FUN_004093f0 FUN_00430fc0 _memset"
00431900,FUN_00431900,72,1,"FUN_004093f0 FUN_00430fc0 _memset"
00431950,FUN_00431950,142,2,""
004319e0,FUN_004319e0,137,0,""
00431a70,FUN_00431a70,119,3,""
00431af0,FUN_00431af0,55,1,""
00431b30,FUN_00431b30,1132,2,"FUN_00407b20 FUN_004090f0 FUN_0043ad00 FUN_0045e1f0 FUN_0045f160 FUN_0045f980"
00431fe0,FUN_00431fe0,1550,1,"FUN_00406490 FUN_00407b20 FUN_00414da0 FUN_0043ad00 FUN_00443840 FUN_0045e150 FUN_0045e1f0 FUN_0045f980 __security_check_cookie _memset"
00432620,FUN_00432620,1534,1,"FUN_00402d90 FUN_00403ec0 FUN_00431130 FUN_0043ad00 FUN_0045e150 operator_new"
00432c20,FUN_00432c20,412,1,"FUN_0043ad00 FUN_0045e150"
00432dc0,FUN_00432dc0,380,1,"FUN_00487aaa"
00432f40,FUN_00432f40,1473,1,"FUN_0043ad00 FUN_0045f980"
00433510,FUN_00433510,514,2,"FUN_00402d90 FUN_00404220 FUN_00406190 FUN_0043ad00 FUN_00443af0 FUN_00444cf0 __security_check_cookie"
00433720,FUN_00433720,292,1,"FUN_0043ad00 FUN_00468490"
00433850,FUN_00433850,3,0,""
00433860,FUN_00433860,1968,6,"FUN_004054f0 FUN_00405510 FUN_0040e5c0 FUN_0040e6c0 FUN_00416a00 FUN_0041aa00 FUN_00431130 FUN_0043ad00 __security_check_cookie _memset operator_new"
00434010,FUN_00434010,1815,7,"FUN_004054f0 FUN_00405510 FUN_0043ad00 FUN_0046efa0 __security_check_cookie"
00434730,FUN_00434730,1425,5,"FUN_0040e5c0 FUN_00416a00 FUN_00431130 FUN_0043ad00 __security_check_cookie _memset operator_new"
00434cd0,FUN_00434cd0,657,3,"EnterCriticalSection FUN_00407b20 FUN_0040e5c0 FUN_00416a00 FUN_0043ad00 FUN_0045f980 FUN_0046e7d0 FUN_0046f600 LeaveCriticalSection"
00434f70,FUN_00434f70,219,3,"FUN_004054f0 FUN_00405510"
00435050,FUN_00435050,671,2,"FUN_00407b20 FUN_004090f0 FUN_0043ad00 FUN_0045e1f0 FUN_0045f160 FUN_0045f980"
004352f0,FUN_004352f0,784,1,"FUN_00406490 FUN_0040d490 FUN_00417580 FUN_0045f980"
00435610,FUN_00435610,400,2,"FUN_00402d90 FUN_00404220 FUN_00406190 FUN_00443af0 FUN_00444cf0 __security_check_cookie"
004357a0,FUN_004357a0,205,1,"FUN_00468490"
00435870,FUN_00435870,3,0,""
00435880,FUN_00435880,1922,6,"FUN_004054f0 FUN_00405510 FUN_0040e5c0 FUN_0040e6c0 FUN_00416a00 FUN_0041aa00 FUN_00431130 FUN_0043ad00 __security_check_cookie _memset operator_new"
00436010,FUN_00436010,1623,7,"FUN_004054f0 FUN_00405510 FUN_0043ad00 FUN_0046efa0 __security_check_cookie"
00436670,FUN_00436670,1531,5,"FUN_0040e5c0 FUN_00416a00 FUN_00431130 FUN_0043ad00 __security_check_cookie _memset operator_new"
00436c70,FUN_00436c70,633,3,"FUN_0040e5c0 FUN_00416a00 FUN_0043ad00"
00436ef0,FUN_00436ef0,219,3,"FUN_004054f0 FUN_00405510"
00436fd0,FUN_00436fd0,195,1,""
004370a0,FUN_004370a0,1726,2,"FUN_00407b20 FUN_004090f0 FUN_00437ee0 FUN_00438370 FUN_0043ad00 FUN_0045e1f0 FUN_0045f160 FUN_0045f980 FUN_00477fa7 operator_new"
00437760,FUN_00437760,98,1,"FID_conflict:_free FUN_004749df"
004377d0,FUN_004377d0,1305,1,"FUN_00437ee0 FUN_00438370 FUN_0043ad00 FUN_0045f980"
00437cf0,FUN_00437cf0,494,2,"FUN_0043ad00 FUN_00443af0 FUN_00444cf0 __security_check_cookie"
00437ee0,FUN_00437ee0,1164,5,"FUN_0043ad00 FUN_00487aaa FUN_00488a00 __libm_sse2_sqrt_precise"
00438370,FUN_00438370,986,8,"FUN_0043ad00 FUN_00487aaa FUN_00488a00 __libm_sse2_sqrt_precise"
00438750,FUN_00438750,1371,1,"FUN_0043ad00 FUN_004681f0 FUN_00468490"
00438cb0,FUN_00438cb0,1512,1,"FUN_00406490 FUN_00407b20 FUN_00414da0 FUN_00431190 FUN_00437ee0 FUN_0043ad00 FUN_0045e1f0 FUN_0045f980 __security_check_cookie _memset"
004392c0,FUN_004392c0,412,1,"FUN_0043ad00 FUN_0045e150"
00439460,FUN_00439460,323,1,"FUN_0043ad00"
004395b0,FUN_004395b0,380,1,"FUN_00487aaa"
00439730,FUN_00439730,153,1,""
004397d0,FUN_004397d0,1411,6,"FID_conflict:_free FUN_004054f0 FUN_00405510 FUN_004093f0 FUN_0040e5c0 FUN_0040e6c0 FUN_00416a00 FUN_00430fc0 FUN_004370a0 FUN_00477fa7 __security_check_cookie _memset operator_new"
00439d60,FUN_00439d60,1410,7,"FUN_004054f0 FUN_00405510 FUN_0046efa0"
0043a2f0,FUN_0043a2f0,812,5,"FUN_0040e5c0 FUN_00416a00 __security_check_cookie _memset"
0043a620,FUN_0043a620,307,3,"EnterCriticalSection FUN_00407b20 FUN_0045f980 FUN_0046e7d0 FUN_0046f600 LeaveCriticalSection"
0043a760,FUN_0043a760,219,3,"FUN_004054f0 FUN_00405510"
0043a860,FUN_0043a860,916,2,"_memset"
0043ac00,FUN_0043ac00,3,0,""
0043ac10,FUN_0043ac10,3,0,""
0043ac20,FUN_0043ac20,3,0,""
0043ac30,FUN_0043ac30,5,0,""
0043ac40,FUN_0043ac40,27,3,""
0043ac60,FUN_0043ac60,5,0,""
0043ac70,FUN_0043ac70,1,0,""
0043ac80,FUN_0043ac80,123,2,""
0043ad00,FUN_0043ad00,32,3,""
0043ad20,FUN_0043ad20,60,0,"FUN_004029d0 FUN_00418790 FUN_00418a30 FUN_0046d020"
0043ad60,FUN_0043ad60,91,0,"FUN_004188d0 FUN_0046d770 FUN_004749df"
0043adc0,FUN_0043adc0,415,0,"FUN_00402440 FUN_00402600 FUN_004029d0 FUN_00407c10 FUN_00407cb0 FUN_00407e00 FUN_0043ad20 FUN_004497e0 FUN_0045db10 FUN_0045e000 FUN_0046d020 FUN_004749df operator_new"
0043af60,FUN_0043af60,125,1,"FUN_00401300 FUN_004013b0 FUN_00401730 FUN_00402f30 __beginthreadex"
0043afe0,FUN_0043afe0,518,1,"EnterCriticalSection FID_conflict:_free FUN_004017a0 FUN_00402f30 FUN_00407e00 FUN_0043ad60 FUN_00449a00 FUN_0046d770 FUN_004749df LeaveCriticalSection"
0043b1f0,FUN_0043b1f0,147,0,"FUN_004093f0 FUN_0043af60 FUN_0043afe0 FUN_004749df _memset operator_new"
0043b290,FUN_0043b290,98,1,"FUN_0043d970"
0043b300,FUN_0043b300,162,1,"FUN_00406380 FUN_0040e5c0"
0043b3d0,FUN_0043b3d0,174,1,"FUN_00401d50 FUN_0043ce10 FUN_0043dcf0 FUN_0045e330 FUN_0046d690"
0043b480,FUN_0043b480,154,0,"FUN_00402440 FUN_00402aa0 FUN_004090d0 FUN_00456fe0 __security_check_cookie"
0043b520,FUN_0043b520,315,0,"CreateThread FUN_004013b0 FUN_00401730 FUN_004093f0 FUN_0043b480 FUN_0043cb10 FUN_00458db0 FUN_0046b900 _memset operator_new timeGetTime"
0043b660,FUN_0043b660,672,1,"DeleteObject FID_conflict:_free FUN_00402f30 FUN_00426280 FUN_0043b950 FUN_00457060 FUN_00458520 FUN_0045e330 FUN_0045ed00 FUN_004749df"
0043b900,FUN_0043b900,79,1,"FID_conflict:_free FUN_004749df"
0043b950,FUN_0043b950,237,0,"FUN_004188d0 FUN_00419450 FUN_0042d200 FUN_0042e910 FUN_0043afe0 FUN_00447c80 FUN_0044ad20 FUN_004749df"
0043ba40,FUN_0043ba40,389,0,"FUN_00401300 FUN_004013b0 FUN_00401730"
0043bbd0,FUN_0043bbd0,618,1,"FUN_004029d0 FUN_0043dce0 FUN_00477fa7 FUN_00487130 Sleep __beginthread _memset"
0043be40,FUN_0043be40,528,0,"CloseHandle FID_conflict:_free FUN_004027c0 LeaveCriticalSection WriteFile"
0043c050,FUN_0043c050,799,1,"FID_conflict:_free FUN_00402440 FUN_00402680 FUN_004029d0 FUN_00402aa0 FUN_00479a65 _memset"
0043c370,FUN_0043c370,124,2,"FUN_0045ed00 __security_check_cookie"
0043c3f0,FUN_0043c3f0,73,2,"FUN_0045ed00"
0043c440,FUN_0043c440,41,0,"FUN_0045ed00"
0043c470,FUN_0043c470,59,0,"FUN_0045ed00"
0043c4b0,FUN_0043c4b0,55,1,"FUN_00465a80"
0043c4f0,FUN_0043c4f0,55,1,"FUN_00465a80"
0043c530,FUN_0043c530,55,1,"FUN_00465a80"
0043c570,FUN_0043c570,55,1,"FUN_00465a80"
0043c5b0,FUN_0043c5b0,126,1,"EnterCriticalSection FUN_00402f30 LeaveCriticalSection __beginthreadex"
0043c630,FUN_0043c630,103,1,"FUN_0046f0b0"
0043c6a0,FUN_0043c6a0,103,1,"FUN_0046f0b0"
0043c710,FUN_0043c710,106,1,"FUN_00465a80"
0043c780,FUN_0043c780,437,1,"D3DXMatrixLookAtLH D3DXMatrixPerspectiveFovLH FUN_0043dc90 __security_check_cookie"
0043c940,FUN_0043c940,463,1,"D3DXMatrixLookAtLH D3DXMatrixPerspectiveFovLH D3DXVec3Normalize FUN_00465a80 __security_check_cookie"
0043cb10,FUN_0043cb10,761,1,"FUN_0043c780"
0043ce10,FUN_0043ce10,702,1,"EnterCriticalSection FUN_00405640 FUN_00419640 FUN_004196a0 FUN_0042d700 FUN_0042d780 FUN_0043b1f0 FUN_0043b950 FUN_0044aee0 FUN_0044af50 LeaveCriticalSection"
0043d140,FUN_0043d140,432,1,"FUN_0043c710 __security_check_cookie"
0043d400,FUN_0043d400,153,0,"FUN_00465a80 __security_check_cookie"
0043d5a0,FUN_0043d5a0,153,0,"FUN_00465a80 __security_check_cookie"
0043d6f0,FUN_0043d6f0,202,0,"FUN_00465a80 __security_check_cookie"
0043d8b0,FUN_0043d8b0,186,2,"FUN_00406380 FUN_0046efa0 FUN_00477fa7"
0043d970,FUN_0043d970,693,1,"FUN_00407b20 FUN_0045f980"
0043dc30,FUN_0043dc30,89,0,""
0043dc90,FUN_0043dc90,23,1,"FUN_00488790"
0043dcb0,FUN_0043dcb0,6,0,""
0043dcc0,FUN_0043dcc0,25,1,""
0043dce0,FUN_0043dce0,1,0,""
0043dcf0,FUN_0043dcf0,217,0,"FUN_004711f0"
0043ddd0,FUN_0043ddd0,30,0,""
0043ddf0,FUN_0043ddf0,93,2,"FUN_0042bcf0"
0043de50,FUN_0043de50,92,0,""
0043deb0,FUN_0043deb0,99,2,""
0043df20,FUN_0043df20,76,0,""
0043df70,FUN_0043df70,57,0,"FUN_0042c280"
0043dfb0,FUN_0043dfb0,62,0,"FUN_0042c390 FUN_0045e150"
0043dff0,FUN_0043dff0,131,0,"FUN_0042c390 FUN_0045e150"
0043e080,FUN_0043e080,194,1,"FUN_0042bcf0 FUN_0042c280 FUN_0043ddd0 FUN_0045e150"
0043e150,FUN_0043e150,172,2,""
0043e200,FUN_0043e200,78,2,""
0043e250,FUN_0043e250,246,1,"FID_conflict:__time64"
0043e350,FUN_0043e350,154,1,"_memset"
0043e3f0,FUN_0043e3f0,193,1,"FUN_00401300 FUN_004013b0 FUN_00401730"
0043e4c0,FUN_0043e4c0,224,1,"EnterCriticalSection FUN_004017a0 FUN_00447c80 FUN_004749df LeaveCriticalSection"
0043e5a0,FUN_0043e5a0,80,0,"FUN_0043e350 FUN_0043e3f0 FUN_0043e4c0 FUN_004749df operator_new"
0043e5f0,FUN_0043e5f0,299,1,"FUN_0043f0f0 FUN_0043f980"
0043e730,FUN_0043e730,394,2,"FUN_00408260"
0043e8c0,FUN_0043e8c0,231,3,"FID_conflict:common_gmtime<long> FUN_00408260"
0043e9b0,FUN_0043e9b0,402,1,"FID_conflict:common_gmtime<long> FUN_00408260"
0043eb50,FUN_0043eb50,187,1,"FUN_0043e730 FUN_0043e8c0"
0043ec10,FUN_0043ec10,426,1,"FID_conflict:common_gmtime<long> FUN_00408260 FUN_0043e730"
0043edc0,FUN_0043edc0,324,1,"FUN_00408260 FUN_0043e9b0 FUN_0043eb50 FUN_0043ec10 FUN_0046efa0 FUN_0046f510"
0043ef20,FUN_0043ef20,464,1,"D3DXLoadSurfaceFromSurface FUN_00418fe0 FUN_00465a80 FUN_0046efa0 FUN_0046f1c0 __security_check_cookie"
0043f0f0,FUN_0043f0f0,331,1,"FUN_00418fe0 FUN_0042b610 FUN_0042dbc0 FUN_0042e4d0 FUN_0043e150 FUN_0043ef20 FUN_0045e150 FUN_0045e330 FUN_0045ed00 FUN_0046efa0 FUN_0046f0b0 FUN_0046f1c0 FUN_0046f3b0"
0043f240,FUN_0043f240,267,0,"FUN_00418fe0 FUN_0042e4d0 FUN_0043e150 FUN_0043ef20 FUN_0045ed00 FUN_0046f0b0 FUN_0046f1c0"
0043f350,FUN_0043f350,428,0,"FUN_0042dbc0 FUN_0042e4d0 FUN_0043c370 FUN_0043e150 FUN_0043ef20 FUN_0045e150 FUN_0045e330 FUN_0045ed00 FUN_00471bd0"
0043f500,FUN_0043f500,415,0,"FUN_00418fe0 FUN_0042b610 FUN_0042c580 FUN_0042dbc0 FUN_0043e150 FUN_0043e200 FUN_00440cd0"
0043f6a0,FUN_0043f6a0,148,1,"FUN_0042b820 FUN_0045b130 FUN_0046efa0 FUN_0046f380"
0043f740,FUN_0043f740,74,1,"FUN_0045b130 FUN_0046f0b0"
0043f790,FUN_0043f790,74,1,"FUN_0045b130 FUN_0046f0b0"
0043f7e0,FUN_0043f7e0,401,1,"FUN_00402e70 FUN_00418720 FUN_0043e250"
0043f980,FUN_0043f980,4586,1,"FID_conflict:__time64 FUN_00402de0 FUN_00402e20 FUN_00402e70 FUN_00406490 FUN_004090d0 FUN_004186f0 FUN_00418720 FUN_00418fe0 FUN_0042b820 FUN_0042c280 FUN_0042c390 FUN_0042c5c0 FUN_0042ea30 FUN_0042ea80 FUN_0043ddf0 FUN_0043e150 FUN_0043e200 FUN_0043f6a0 FUN_0043f740 FUN_0043f790 FUN_0043f7e0 FUN_00440bd0 FUN_00440c00 FUN_004440e0 FUN_00447ef0 FUN_00447fb0 FUN_004483b0 FUN_00448400 FUN_0045e150 FUN_0045e330 FUN_0045ed00 FUN_0046f0b0 FUN_0046f130 FUN_0046f1c0 FUN_0046f300 FUN_0046f340 FUN_0046f5a0 FUN_00471c90 __security_check_cookie"
00440bd0,FUN_00440bd0,47,0,""
00440c00,FUN_00440c00,88,2,""
00440c60,FUN_00440c60,100,11,""
00440cd0,FUN_00440cd0,119,5,"FUN_00440c60 FUN_0046efa0"
00440d50,FUN_00440d50,97,2,""
00440dc0,FUN_00440dc0,120,1,"FUN_0046f0b0"
00440e40,FUN_00440e40,123,1,""
00440ec0,FUN_00440ec0,235,1,""
00440fb0,FUN_00440fb0,1923,1,"FUN_00401300 FUN_004013b0 FUN_00401730 FUN_004029d0 FUN_00407b20 FUN_0043deb0 FUN_00440e40 FUN_00443790 FUN_0045f980 FUN_0046d020 __security_check_cookie"
00441740,FUN_00441740,770,0,"FUN_0042c280 FUN_00440dc0 FUN_004440e0 FUN_0046f1c0"
00441a50,FUN_00441a50,519,1,"EnterCriticalSection FID_conflict:_free FUN_004017a0 FUN_0046d770 FUN_0046f270 FUN_004749df LeaveCriticalSection"
00441c60,FUN_00441c60,132,0,"FUN_004093f0 FUN_00440ec0 FUN_00440fb0 FUN_00441a50 FUN_004749df _memset operator_new"
00441cf0,FUN_00441cf0,1676,1,"FUN_00406380 FUN_00407b20 FUN_00442380 FUN_0045f980 FUN_0046efa0 FUN_0046f0b0"
00442380,FUN_00442380,480,3,"FUN_0046efa0 FUN_0046f0b0"
00442560,FUN_00442560,4519,1,"FUN_00402ff0 FUN_00403110 FUN_004052a0 FUN_00406190 FUN_00406490 FUN_0040db20 FUN_0040dda0 FUN_0040e5c0 FUN_00416d20 FUN_004171c0 FUN_0042c390 FUN_00430960 FUN_00431a70 FUN_00431af0 FUN_0043f350 FUN_00440e40 FUN_00441cf0 FUN_00443cd0 FUN_00444070 FUN_004440e0 FUN_004449b0 FUN_004455d0 FUN_004456d0 FUN_0045edb0 FUN_0045f980 FUN_0046efa0 __security_check_cookie"
00443790,FUN_00443790,162,2,"FUN_00402440"
00443840,FUN_00443840,123,1,"FUN_00487aaa"
004438c0,FUN_004438c0,283,3,"FUN_00443f10"
004439e0,FUN_004439e0,258,2,"FUN_00443f10"
00443af0,FUN_00443af0,469,4,"FUN_004054f0 FUN_00405510 FUN_00443f10"
00443cd0,FUN_00443cd0,576,1,"FUN_00407b20 FUN_0040e5c0 FUN_0040e6c0 FUN_0042c280 FUN_0042c390 FUN_0045f980 FUN_0046f0b0"
00443f10,FUN_00443f10,349,1,"FUN_00407b20 FUN_0040e5c0 FUN_0045e150 FUN_0045f980"
00444070,FUN_00444070,100,1,""
004440e0,FUN_004440e0,2244,1,"EnterCriticalSection FUN_00407b20 FUN_00426160 FUN_0045f980 FUN_0046e7d0 FUN_0046efa0 FUN_0046f0b0 FUN_0046f220 FUN_0046f600 LeaveCriticalSection"
004449b0,FUN_004449b0,362,4,"_memset"
00444b20,FUN_00444b20,461,4,"_memset"
00444cf0,FUN_00444cf0,288,1,"FUN_0040e5c0 FUN_00430960 FUN_0044a460 FUN_0045e1f0 FUN_00487aaa"
00444e10,FUN_00444e10,1357,4,"FUN_00402cb0 FUN_00402ff0 FUN_00406380 FUN_00444b20 FUN_0045e1f0 FUN_0046efa0 FUN_0046f1c0 _memset"
00445360,FUN_00445360,264,4,"FUN_00444e10"
00445470,FUN_00445470,352,3,"FUN_00445360"
004455d0,FUN_004455d0,246,1,"FUN_00406190 FUN_00406490 FUN_0043ac80 FUN_00440d50 FUN_00445470"
004456d0,FUN_004456d0,861,1,"FUN_00402ff0 FUN_00403110 FUN_00468c00 FUN_0046efa0 FUN_0046f1c0 __security_check_cookie"
00445a30,FUN_00445a30,774,7,"FUN_00403d30 FUN_004049c0 FUN_0043e080"
00445d40,FUN_00445d40,211,4,"FUN_00445e20"
00445e20,FUN_00445e20,170,1,"FUN_0046efa0"
00445ee0,FUN_00445ee0,467,1,"FUN_004052e0 FUN_00411410 FUN_0041a980 FUN_0041b540 FUN_00425240 FUN_00487aaa"
004460c0,FUN_004460c0,314,1,"FUN_00402be0 FUN_00402cb0 FUN_0040e5c0 FUN_00445e20 FUN_0046efa0"
00446260,FUN_00446260,1543,1,"FUN_004476b0 FUN_0045e2a0 FUN_0046efa0 FUN_0046f0b0"
00446870,FUN_00446870,1409,5,"FUN_00404600 FUN_004054f0 FUN_00405510 FUN_0040e5c0 FUN_0040e6c0 FUN_004173f0 FUN_004476b0 FUN_0046efa0 FUN_0046f0b0 FUN_00487aaa __libm_sse2_sqrt_precise __security_check_cookie"
00446e20,FUN_00446e20,349,1,"FUN_004449b0 FUN_0045e1f0 FUN_0046f0b0"
00446f80,FUN_00446f80,339,1,"FUN_004449b0 FUN_0045e1f0 FUN_0046f0b0"
004470f0,FUN_004470f0,375,1,"FUN_00406190 FUN_00406490 FUN_00411410 FUN_0046f0b0"
00447270,FUN_00447270,163,1,"FUN_00402cb0 FUN_0040e5c0 FUN_00445e20"
00447320,FUN_00447320,296,1,"FUN_00402be0 FUN_00402cb0 FUN_0040e5c0 FUN_00445e20 FUN_00447550 FUN_0046efa0"
004474d0,FUN_004474d0,125,1,"FUN_00402cb0"
00447550,FUN_00447550,158,5,""
004475f0,FUN_004475f0,92,2,""
00447650,FUN_00447650,95,3,""
004476b0,FUN_004476b0,32,3,""
004476d0,FUN_004476d0,130,1,""
00447760,FUN_00447760,1309,3,"FUN_00401300 FUN_004013b0 FUN_00401730 FUN_0042e630 FUN_00448c10 FUN_00449190 FUN_004491c0 FUN_00449270 _memset operator_new"
00447c80,FUN_00447c80,416,1,"EnterCriticalSection FUN_004017a0 FUN_00449270 FUN_004749df LeaveCriticalSection `eh_vector_destructor_iterator'"
00447e20,FUN_00447e20,193,1,"FUN_00447760 FUN_00447c80 FUN_004749df _memset `eh_vector_constructor_iterator' operator_new"
00447ef0,FUN_00447ef0,191,1,"FUN_00447c80 FUN_00448c10 FUN_004749df _memset `eh_vector_constructor_iterator' operator_new"
00447fb0,FUN_00447fb0,28,1,"FUN_00447c80 FUN_004749df"
004482f0,FUN_004482f0,180,1,"FUN_00408260"
004483b0,FUN_004483b0,78,1,"FID_conflict:__time64"
00448400,FUN_00448400,2061,4,"CloseHandle FID_conflict:_free FID_conflict:common_gmtime<long> FUN_00402330 FUN_004027c0 FUN_004090d0 FUN_004491c0 FUN_00457b20 FUN_00477fa7 FUN_00479a65 FUN_00487130 LeaveCriticalSection WriteFile __security_check_cookie _memset"
00448c10,FUN_00448c10,524,2,"FID_conflict:_free FUN_00402220 FUN_00402440 FUN_00402600 FUN_00402880 FUN_00402940 FUN_004029a0 FUN_004090d0 FUN_00457f00 FUN_00477fa7 FUN_00479a65 __alloca_probe __security_check_cookie"
00448eb0,FUN_00448eb0,383,0,"FUN_004440e0 FUN_004476d0 FUN_00449120 FUN_004491c0 FUN_00449270"
00449030,FUN_00449030,227,0,"_memset operator_new"
00449120,FUN_00449120,108,0,"_memset"
00449190,FUN_00449190,47,2,""
004491c0,FUN_004491c0,170,2,"_memset operator_new"
00449270,FUN_00449270,111,2,"FUN_004749df"
00449350,FUN_00449350,98,2,""
004493c0,FUN_004493c0,850,1,"_memset"
00449720,FUN_00449720,183,1,"EnterCriticalSection LeaveCriticalSection _memset"
004497e0,FUN_004497e0,145,1,"FUN_00402440 FUN_004493c0 FUN_00449720 FUN_00449880 FUN_00479a65 _memset"
00449880,FUN_00449880,374,1,"FID_conflict:_free FUN_00402220 FUN_00449350 FUN_00457f00 FUN_00477fa7 FUN_00487130"
00449a00,FUN_00449a00,624,0,"CloseHandle FID_conflict:_free FUN_00402330 FUN_004027c0 FUN_00402aa0 FUN_00449350 FUN_00457b20 FUN_00477fa7 FUN_00479a65 FUN_00487130 LeaveCriticalSection WriteFile"
00449c70,FUN_00449c70,96,1,"FUN_004093f0 _memset"
00449cd0,FUN_00449cd0,138,1,"FUN_00401300 FUN_004013b0 FUN_00401730 FUN_004090f0 FUN_0045edb0"
00449d60,FUN_00449d60,235,1,"EnterCriticalSection FID_conflict:_free FUN_004017a0 LeaveCriticalSection"
00449e50,FUN_00449e50,80,0,"FUN_00449c70 FUN_00449cd0 FUN_00449d60 FUN_004749df operator_new"
00449ea0,FUN_00449ea0,342,1,""
0044a000,FUN_0044a000,1086,1,"FUN_00408260 FUN_00465280 FUN_00465a80 FUN_00465c40"
0044a460,FUN_0044a460,240,3,""
0044a550,FUN_0044a550,6,0,""
0044a560,FUN_0044a560,115,2,""
0044a5e0,FUN_0044a5e0,102,2,""
0044a650,FUN_0044a650,41,2,"FUN_0046f0b0"
0044a680,FUN_0044a680,119,3,"FUN_0046efa0 FUN_0046f510"
0044a700,FUN_0044a700,129,4,"FUN_0045f980 FUN_0046efa0 FUN_0046f510"
0044a790,FUN_0044a790,100,4,"FUN_0046efa0 FUN_0046f510"
0044a800,FUN_0044a800,65,2,""
0044a850,FUN_0044a850,142,0,"FUN_0044a800"
0044a8e0,FUN_0044a8e0,71,1,""
0044a930,FUN_0044a930,178,0,""
0044a9f0,FUN_0044a9f0,452,1,"_memset"
0044ac70,FUN_0044ac70,165,0,"FUN_00401300 FUN_004013b0 FUN_00401730 FUN_004029d0 FUN_0046d020"
0044ad20,FUN_0044ad20,447,1,"EnterCriticalSection FID_conflict:_free FUN_004017a0 FUN_00402f30 FUN_00447c80 FUN_0046d770 FUN_0046f0b0 FUN_004749df LeaveCriticalSection"
0044aee0,FUN_0044aee0,110,0,"FUN_00402f30 FUN_0044a9f0 __beginthreadex operator_new"
0044af50,FUN_0044af50,34,0,"FUN_0044ad20 FUN_004749df"
0044af80,FUN_0044af80,1368,1,"FUN_00402de0 FUN_00406380 FUN_00418720 FUN_0041a360 FUN_0043c370 FUN_0043c3f0 FUN_0043c440 FUN_00447c80 FUN_00447ef0 FUN_00449190 FUN_0044a560 FUN_0044b5f0 FUN_0044c570 FUN_0044e930 FUN_0044fe20 FUN_004502c0 FUN_00450af0 FUN_00450ef0 FUN_00451750 FUN_00452330 FUN_004532f0 FUN_00453c10 FUN_004545a0 FUN_004546f0 FUN_004553d0 FUN_00455900 FUN_00455d50 FUN_00456a20 FUN_0045d150 FUN_0045ed00 FUN_0046f130 FUN_0046f270 FUN_004749df"
0044b530,FUN_0044b530,108,1,"FUN_004513c0 FUN_00451d50 FUN_00453030 FUN_004538b0 FUN_004541b0 FUN_00456d50"
0044b5f0,FUN_0044b5f0,3864,1,"FUN_00402de0 FUN_00402e70 FUN_00406380 FUN_00406490 FUN_00418720 FUN_00440c00 FUN_00449190 FUN_0044a560 FUN_0044a5e0 FUN_0044a680 FUN_0044a700 FUN_0044a850 FUN_0045e150 FUN_0045f980 FUN_0046efa0 FUN_0046f0b0 FUN_0046f130 FUN_0046f510"
0044c570,FUN_0044c570,815,1,"FUN_00402de0 FUN_00402e20 FUN_00402e70 FUN_00406380 FUN_00410100 FUN_004186f0 FUN_00418720 FUN_0044a560 FUN_0044a5e0 FUN_0044c8c0 FUN_0044dc70 FUN_0045e150 FUN_0046f0b0 FUN_0046f130"
0044c8c0,FUN_0044c8c0,5034,1,"FUN_0045f980 FUN_0046efa0 FUN_0046f510"
0044dc70,FUN_0044dc70,3255,1,"FUN_0044a790 FUN_0045ed00 FUN_0045edb0 FUN_0046efa0 FUN_0046f510"
0044e930,FUN_0044e930,789,1,"FUN_00401c30 FUN_00402e20 FUN_00402e70 FUN_00406380 FUN_00418720 FUN_0044a560 FUN_0044a5e0 FUN_0044ec60 FUN_0044f710 FUN_0044f810 FUN_0045e150 FUN_0046f0b0 FUN_0046f130"
0044ec60,FUN_0044ec60,2725,1,"FUN_0045edb0 FUN_0046efa0 FUN_0046f510"
0044f710,FUN_0044f710,241,3,"FUN_0044ec60 FUN_0045e150"
0044f810,FUN_0044f810,1540,1,"FUN_0045f980 FUN_0046efa0 FUN_0046f510"
0044fe20,FUN_0044fe20,1159,1,"FUN_00402de0 FUN_00402e20 FUN_00402e70 FUN_00406380 FUN_004186f0 FUN_00418720 FUN_0044a560 FUN_0044a5e0 FUN_0044a650 FUN_0044a790 FUN_0044a8e0 FUN_0045e150 FUN_0046f0b0 FUN_0046f130 FUN_0046f340"
004502c0,FUN_004502c0,2073,1,"FUN_00402e20 FUN_00402e70 FUN_00406380 FUN_00418720 FUN_00440c00 FUN_0044a560 FUN_0044a5e0 FUN_0044a650 FUN_0044a790 FUN_0044a800 FUN_0045e150 FUN_0046efa0 FUN_0046f0b0 FUN_0046f130 FUN_0046f3b0 FUN_0046f510"
00450af0,FUN_00450af0,1000,1,"FUN_00402de0 FUN_00402e20 FUN_00402e70 FUN_00406380 FUN_004186f0 FUN_00418720 FUN_00418ba0 FUN_0041a390 FUN_0043c470 FUN_0044a560 FUN_0044a5e0 FUN_0044a650 FUN_0045e150 FUN_0046f0b0 FUN_0046f130"
00450ef0,FUN_00450ef0,1211,1,"FUN_00402130 FUN_00402de0 FUN_00402e20 FUN_00402e70 FUN_00406380 FUN_00418720 FUN_00418ba0 FUN_0041a390 FUN_0043c470 FUN_0044a560 FUN_0044a5e0 FUN_0045e150 FUN_0046f0b0"
004513c0,FUN_004513c0,405,1,"FUN_00408260"
00451560,FUN_00451560,475,1,"FUN_004090d0 FUN_00447c80 FUN_00447ef0 FUN_00448c10 FUN_004749df FUN_00479a65 FindClose FindFirstFileA FindNextFileA __security_check_cookie _memset `eh_vector_constructor_iterator' operator_new"
00451750,FUN_00451750,1507,1,"FUN_00402de0 FUN_00402e20 FUN_00402e70 FUN_00402fb0 FUN_00406380 FUN_004186f0 FUN_00418720 FUN_00418ba0 FUN_0041a390 FUN_0043c470 FUN_00440c00 FUN_00447c80 FUN_00449190 FUN_0044a560 FUN_0044a5e0 FUN_0045e150 FUN_0046efa0 FUN_0046f0b0 FUN_0046f130 FUN_004749df _memset"
00451d50,FUN_00451d50,1500,1,"FID_conflict:common_gmtime<long> FUN_00408260"
00452330,FUN_00452330,2287,1,"FUN_00402130 FUN_00402e20 FUN_00402e70 FUN_00406380 FUN_004176d0 FUN_00418720 FUN_0044a560 FUN_0044a5e0 FUN_0044a930 FUN_00452c30 FUN_0045e150 FUN_0046f0b0 FUN_0046f130 _memset"
00452c30,FUN_00452c30,1011,1,"FUN_0046dc20 FUN_0046efa0 ___report_rangecheckfailure __security_check_cookie"
00453030,FUN_00453030,698,1,"FID_conflict:common_gmtime<long> FUN_00408260 __aulldiv"
004532f0,FUN_004532f0,1443,1,"FUN_00402e20 FUN_00402e70 FUN_00406380 FUN_00406490 FUN_004186f0 FUN_00418720 FUN_0043c370 FUN_0043c3f0 FUN_0043e250 FUN_00447fb0 FUN_0044a560 FUN_0044a5e0 FUN_0045e150 FUN_0046efa0 FUN_0046f0b0 FUN_0046f130"
004538b0,FUN_004538b0,861,1,"FID_conflict:common_gmtime<long> FUN_00408260"
00453c10,FUN_00453c10,1412,1,"FUN_00402e20 FUN_00402e70 FUN_00406380 FUN_004090d0 FUN_00418720 FUN_0043c370 FUN_0043c3f0 FUN_00447c80 FUN_00447ef0 FUN_00447fb0 FUN_004483b0 FUN_00448400 FUN_0044a560 FUN_0044a5e0 FUN_0045e150 FUN_0046efa0 FUN_0046f0b0 FUN_0046f130 FUN_004749df __security_check_cookie _memset"
004541b0,FUN_004541b0,997,1,"FID_conflict:common_gmtime<long> FUN_00408260"
004545a0,FUN_004545a0,331,1,"FUN_00406380 FUN_0042e910 FUN_0042ea30 FUN_0044a560 FUN_0046f0b0 FUN_004749df"
004546f0,FUN_004546f0,3118,1,"EnterCriticalSection FID_conflict:_free FUN_00402440 FUN_00402e20 FUN_00402e70 FUN_00406380 FUN_00407b20 FUN_004173f0 FUN_004174d0 FUN_00418720 FUN_0043c370 FUN_0043c3f0 FUN_0044a560 FUN_0044a5e0 FUN_00455330 FUN_00455370 FUN_0045e150 FUN_0045ed00 FUN_0045f980 FUN_0046d990 FUN_0046e7d0 FUN_0046efa0 FUN_0046f0b0 FUN_0046f2e0 FUN_0046f380 FUN_0046f3b0 FUN_0046f600 LeaveCriticalSection"
00455330,FUN_00455330,57,2,""
00455370,FUN_00455370,92,3,""
004553d0,FUN_004553d0,933,1,"FUN_00402de0 FUN_00402e20 FUN_00402e70 FUN_00406380 FUN_00418720 FUN_0044a560 FUN_0044a5e0 FUN_00455790 FUN_0045e150 FUN_0046efa0 FUN_0046f0b0 FUN_0046f130"
00455790,FUN_00455790,354,1,"FUN_00402e70 FUN_004560b0 FUN_004569a0 FUN_0045e150 FUN_0046f130"
00455900,FUN_00455900,1074,1,"FUN_00402e70 FUN_00406380 FUN_00418720 FUN_0044a560 FUN_0044a5e0 FUN_00455790 FUN_00456060 FUN_004560b0 FUN_0045e150 FUN_0046efa0 FUN_0046f0b0 FUN_0046f130 FUN_0046f1c0 __security_check_cookie"
00455d50,FUN_00455d50,753,1,"FUN_00402de0 FUN_00402e20 FUN_00402e70 FUN_00406380 FUN_00418720 FUN_00418ba0 FUN_0041a390 FUN_0043c470 FUN_0044a560 FUN_0044a5e0 FUN_00455790 FUN_0045e150 FUN_0046efa0 FUN_0046f0b0 FUN_0046f130"
00456060,FUN_00456060,80,2,""
004560b0,FUN_004560b0,2277,4,"EnterCriticalSection FUN_00406380 FUN_00407b20 FUN_0045f980 FUN_0046d990 FUN_0046e7d0 FUN_0046efa0 FUN_0046f130 FUN_0046f220 FUN_0046f600 LeaveCriticalSection ___report_rangecheckfailure __security_check_cookie"
004569a0,FUN_004569a0,119,2,"FUN_0046efa0 FUN_0046f0b0 FUN_0046f130"
00456a20,FUN_00456a20,789,1,"FUN_00402de0 FUN_00402e20 FUN_00402e70 FUN_00418720 FUN_00418ba0 FUN_0041a390 FUN_0043c470 FUN_00440c00 FUN_0044a560 FUN_0044a5e0 FUN_0044a650 FUN_00455790 FUN_004569a0 FUN_0045e150 FUN_0046f0b0"
00456d50,FUN_00456d50,595,1,"FUN_00408260"
00456fb0,FUN_00456fb0,30,1,""
00456fd0,thunk_FUN_00457060,5,1,"FUN_00457060"
00456fe0,FUN_00456fe0,119,0,"FUN_00457060 FUN_004572e0 FUN_00457620 FUN_00457700 operator_new"
00457060,FUN_00457060,189,1,"FID_conflict:_free FUN_004576a0 FUN_00475134 `eh_vector_destructor_iterator'"
00457120,FUN_00457120,367,3,"FID_conflict:_free FUN_00402220 FUN_00457290 FUN_004576a0 FUN_00457f00 FUN_00477fa7 SetFilePointer"
00457290,FUN_00457290,73,2,"__stricmp"
004572e0,FUN_004572e0,462,0,"FID_conflict:_free FUN_00402220 FUN_004574b0 FUN_00457f00 FUN_00477fa7 ReadFile __security_check_cookie"
004574b0,FUN_004574b0,362,3,"FUN_00475142 FUN_00477fa7 `eh_vector_constructor_iterator'"
00457620,FUN_00457620,68,1,"FUN_00477fa7"
00457670,FUN_00457670,26,1,"FID_conflict:_free"
004576a0,FUN_004576a0,1,0,""
004576b0,FUN_004576b0,71,2,"CloseHandle FUN_004749df"
00457700,FUN_00457700,328,3,"CloseHandle CreateFileA DeleteFileA FUN_00457a70 SetFilePointer __security_check_cookie"
00457850,FUN_00457850,34,1,"CloseHandle"
00457880,FUN_00457880,58,3,"ReadFile"
004578c0,FUN_004578c0,64,3,"WriteFile"
00457900,FUN_00457900,25,1,"SetFilePointer"
00457920,FUN_00457920,21,1,"GetFileSize"
00457940,FUN_00457940,38,3,"SetFilePointer"
00457970,FUN_00457970,246,2,"FID_conflict:_free FUN_00477fa7 GetFileSize SetFilePointer"
00457a70,FUN_00457a70,122,2,"FUN_00476b20 FUN_00476c60 GetModuleFileNameA"
00457af0,`scalar_deleting_destructor',36,2,"FUN_004749df"
00457b20,FUN_00457b20,986,3,"FUN_004580e0 FUN_00458130 FUN_00458370 FUN_00477fa7"
00457f00,FUN_00457f00,469,4,"FUN_00477fa7"
004580e0,FUN_004580e0,68,0,"___report_rangecheckfailure"
00458130,FUN_00458130,561,2,""
00458370,FUN_00458370,288,1,"FUN_00458370 FUN_004584b0"
004584b0,FUN_004584b0,52,1,""
004584f0,FUN_004584f0,41,2,"FUN_00402f30 FUN_004749df"
00458520,FUN_00458520,122,0,"DeleteDC DeleteObject SelectObject"
004585a0,FUN_004585a0,388,3,"CreateCompatibleDC CreateDIBSection FUN_00458520 SelectObject __security_check_cookie _memset"
00458730,FUN_00458730,954,1,""
00458af0,FUN_00458af0,388,1,"FID_conflict:_free FUN_00477fa7 FUN_00487130"
00458c80,FUN_00458c80,210,1,""
00458d60,FUN_00458d60,80,1,""
00458db0,FUN_00458db0,1155,0,"CreateFontA EnterCriticalSection EnumFontFamiliesExA FUN_004585a0 GetDC LeaveCriticalSection ReleaseDC __security_check_cookie"
00459240,FUN_00459240,831,10,"D3DXLoadSurfaceFromMemory FUN_00458730 FUN_00458af0 FUN_00458c80 SelectObject SetBkMode SetTextColor TextOutA __security_check_cookie _memset"
004595b0,FUN_004595b0,1,0,""
004595c0,FUN_004595c0,126,0,""
00459640,FUN_00459640,190,0,""
00459700,FUN_00459700,293,0,"D3DXLoadSurfaceFromSurface FUN_00465a80 __security_check_cookie"
00459830,FUN_00459830,2919,1,"CreateMutexA CreateThread DeleteCriticalSection DestroyWindow Direct3DCreate9 DispatchMessageA FUN_00401280 FUN_00401850 FUN_004018e0 FUN_004021a0 FUN_00402680 FUN_004029d0 FUN_00402aa0 FUN_00402f30 FUN_00405580 FUN_0043b660 FUN_0043ba40 FUN_0043c050 FUN_0043d970 FUN_0043dc30 FUN_004595c0 FUN_00459640 FUN_0045a3a0 FUN_0045a700 FUN_0045a8a0 FUN_0045ac50 FUN_0045ae70 FUN_0045b130 FUN_0045b280 FUN_0045b330 FUN_0045b530 FUN_0045b7d0 FUN_0045ba80 FUN_0045bd70 FUN_0045bef0 FUN_0045c2a0 FUN_0045c5e0 FUN_0045d420 FUN_0045d850 FUN_0046a3a0 FUN_0046b7d0 FUN_004749df GetDlgItem GetKeyboardState GetLastError GetSystemMetrics GetWindowRect InitializeCriticalSection IsDialogMessageA IsDlgButtonChecked MessageBoxA MoveWindow PeekMessageA SendMessageA SetCursor SetForegroundWindow SetWindowLongA SetWindowPos ShowCursor ShowWindow Sleep SystemParametersInfoA TranslateMessage WINNLSEnableIME __alloca_probe __security_check_cookie _memset operator_new timeBeginPeriod timeEndPeriod"
0045a3a0,FUN_0045a3a0,162,1,"FUN_00401460 FUN_004016b0 FUN_00402f30 FUN_004749df"
0045a450,FUN_0045a450,609,4,"DefWindowProcA LoadCursorA SetCursor SetForegroundWindow ShowCursor"
0045a700,FUN_0045a700,409,1,"FUN_004595b0 FUN_00476b20 FUN_00479a65 GetEnvironmentVariableA GetModuleFileNameA GetProcAddress LoadLibraryA QueryPerformanceCounter QueryPerformanceFrequency SystemParametersInfoA __mkdir"
0045a8a0,FUN_0045a8a0,336,1,"FUN_00401460 FUN_004015a0 FUN_00402f30 FUN_0043c4f0 FUN_0043c710 FUN_0045a9f0 FUN_0045b130 FUN_00465a30 FUN_00465a80"
0045a9f0,FUN_0045a9f0,597,1,"FUN_00417bc0 FUN_004262f0 FUN_0043d970 FUN_0043dc30 FUN_004595c0 FUN_00459640 FUN_0045b080 FUN_0045b130 FUN_0045ba80 Sleep"
0045ac50,FUN_0045ac50,416,1,"FUN_00401460 FUN_004015a0 FUN_00402f30 FUN_0043c4f0 FUN_0043c710 FUN_0045adf0 FUN_0045b130 FUN_00465a30 FUN_00465a80 Sleep"
0045adf0,FUN_0045adf0,115,0,"FUN_00417bc0 FUN_004262f0 FUN_0043d970 FUN_0043dc30 FUN_004595c0 FUN_00459640 FUN_0045b080 FUN_0045ba80"
0045ae70,FUN_0045ae70,269,1,"FUN_00401460 FUN_004015a0 FUN_00402f30 FUN_0043c4f0 FUN_0043c710 FUN_0045af80 FUN_0045b130 FUN_00465a30 FUN_00465a80"
0045af80,FUN_0045af80,246,1,"FUN_00417bc0 FUN_004262f0 FUN_0043d970 FUN_0043dc30 FUN_004595c0 FUN_00459640 FUN_0045b080 FUN_0045b130 FUN_0045ba80 Sleep"
0045b080,FUN_0045b080,168,0,"FUN_00402600 FUN_004090d0 FUN_0043bbd0 FUN_00459700 FUN_00479a65 __mkdir __security_check_cookie"
0045b130,FUN_0045b130,332,0,"EnterCriticalSection FUN_00487a70 LeaveCriticalSection QueryPerformanceCounter timeGetTime"
0045b280,FUN_0045b280,174,1,""
0045b330,FUN_0045b330,505,1,"CreateWindowExA FUN_0045b280 GetStockObject GetSystemMetrics GetWindowRect LoadCursorA RegisterClassA SendMessageA Sleep"
0045b530,FUN_0045b530,663,1,"FUN_004029d0 FUN_00402aa0 GetDC GetDeviceCaps ReleaseDC"
0045b7d0,FUN_0045b7d0,673,0,"FUN_004029d0 FUN_0045b530 FUN_0045ba80 __security_check_cookie _memset"
0045ba80,FUN_0045ba80,750,1,""
0045bd70,FUN_0045bd70,374,0,"FUN_00402600 FUN_0045bff0 FUN_00476b20 GetConsoleTitleA GetModuleFileNameA GetStartupInfoA __security_check_cookie __stricmp _memset"
0045bef0,FUN_0045bef0,242,0,"FID_conflict:_free FUN_00402440 GetModuleFileNameA __security_check_cookie"
0045bff0,FUN_0045bff0,278,2,"CoCreateInstance CoInitialize CoUninitialize FUN_004749df FUN_00475142 MultiByteToWideChar __security_check_cookie"
0045c110,FUN_0045c110,371,3,"DestroyWindow FUN_0045c2a0 GetDlgItem SendMessageA"
0045c2a0,FUN_0045c2a0,191,0,"IsDlgButtonChecked"
0045c360,FUN_0045c360,416,1,"DirectInput8Create FUN_004029d0 FUN_0043dcc0"
0045c500,FUN_0045c500,65,1,""
0045c550,FUN_0045c550,131,1,"__security_check_cookie"
0045c5e0,FUN_0045c5e0,74,0,"FUN_0045c360"
0045c690,FUN_0045c690,464,2,"FUN_00465a80 __security_check_cookie"
0045c860,FUN_0045c860,152,1,"FUN_0045c690 FUN_00465a80"
0045c990,FUN_0045c990,78,1,"FUN_0045c690"
0045cb50,FUN_0045cb50,78,1,"FUN_0045c690"
0045cba0,FUN_0045cba0,43,1,"FUN_0045c690"
0045ccc0,FUN_0045ccc0,112,1,"FUN_0045c690"
0045cd30,FUN_0045cd30,476,1,"FUN_00402be0"
0045cf10,FUN_0045cf10,537,1,"FUN_00402be0 FUN_00406190"
0045d130,FUN_0045d130,27,1,"FUN_0045d360 FUN_004749df"
0045d150,FUN_0045d150,75,6,"FUN_0045d1a0 _memset operator_new"
0045d1a0,FUN_0045d1a0,406,7,"FUN_00401300 FUN_004013b0 FUN_00401730"
0045d360,FUN_0045d360,176,1,"EnterCriticalSection FUN_004017a0 LeaveCriticalSection"
0045d410,FUN_0045d410,1,0,""
0045d420,FUN_0045d420,170,0,"CloseHandle Sleep WaitForSingleObject"
0045d510,FUN_0045d510,708,2,"DirectSoundCreate8 FUN_004029d0 FUN_0045e990 FUN_00470250 FUN_004749df SetTimer __security_check_cookie _memset operator_new"
0045d850,FUN_0045d850,370,0,"FID_conflict:_free FUN_0045df60 FUN_004749df KillTimer"
0045d9d0,FUN_0045d9d0,88,4,"_strncmp"
0045da30,FUN_0045da30,217,2,"FUN_00476b20 __security_check_cookie"
0045db10,FUN_0045db10,219,1,"CreateEventA CreateThread FUN_0045df60 FUN_00470320"
0045dbf0,FUN_0045dbf0,87,1,"FUN_0045da30 FUN_004718a0"
0045dc50,FUN_0045dc50,472,2,"CloseHandle CreateFileA EnterCriticalSection FID_conflict:_free FUN_00405640 FUN_0045da30 FUN_0045eda0 FUN_00477fa7 LeaveCriticalSection ReadFile SetFilePointer"
0045de30,FUN_0045de30,291,1,"CreateEventA CreateThread FUN_0045dbf0 FUN_00470680"
0045df60,FUN_0045df60,150,1,"CloseHandle FUN_00471270 PostThreadMessageA WaitForSingleObject"
0045e000,FUN_0045e000,331,1,"CloseHandle Sleep WaitForSingleObject"
0045e150,FUN_0045e150,145,1,""
0045e1f0,FUN_0045e1f0,168,1,""
0045e2a0,FUN_0045e2a0,132,1,""
0045e330,FUN_0045e330,1390,0,"CloseHandle EnterCriticalSection FUN_0045da30 FUN_0045dc50 FUN_0045de30 FUN_0045df60 FUN_0045e8d0 FUN_00470bb0 FUN_00470ed0 FUN_00471120 FUN_004711f0 FUN_00471270 FUN_004712f0 FUN_00471380 FUN_00471720 FUN_004718a0 FUN_00471b00 LeaveCriticalSection PostThreadMessageA WaitForSingleObject"
0045e8d0,FUN_0045e8d0,182,2,""
0045e990,FUN_0045e990,702,1,"FID_conflict:_free FUN_004029d0 FUN_0045d9d0 FUN_0045eda0 FUN_00487130 Sleep __security_check_cookie _strncmp"
0045ec50,FUN_0045ec50,172,0,"FUN_004714c0 MsgWaitForMultipleObjects PeekMessageA"
0045ed00,FUN_0045ed00,150,4,"EnterCriticalSection LeaveCriticalSection"
0045eda0,FUN_0045eda0,1,0,""
0045edb0,FUN_0045edb0,619,3,""
0045f020,FUN_0045f020,308,3,"FUN_004090f0 _memset"
0045f160,FUN_0045f160,365,3,"FUN_0045f980 _memset"
0045f2d0,FUN_0045f2d0,679,1,"FUN_00402be0 FUN_00402c70 FUN_00402cb0 FUN_00464dd0"
0045f610,FUN_0045f610,254,2,"FUN_00402be0"
0045f780,FUN_0045f780,176,2,""
0045f890,FUN_0045f890,108,2,""
0045f940,FUN_0045f940,62,2,""
0045f980,FUN_0045f980,13109,1,"FUN_00402be0 FUN_00402c70 FUN_00402cb0 FUN_00402d30 FUN_00405340 FUN_00406190 FUN_00406200 FUN_00406340 FUN_00406490 FUN_004064e0 FUN_00406ce0 FUN_00406d80 FUN_0040d490 FUN_00417180 FUN_00418af0 FUN_00447550 FUN_0045edb0 FUN_0045f2d0 FUN_0045f610 FUN_0045f780 FUN_0045f890 FUN_0045f940 FUN_004630f0 FUN_004632f0 FUN_00463b30 FUN_00464040 FUN_00464930 FUN_00464960 FUN_00464a00 FUN_00464aa0 FUN_00464b40 FUN_00464c60 FUN_00464d60 FUN_00464d80 FUN_00468c00 FUN_00469e20 FUN_0046ed60 FUN_0046eea0 FUN_0046f2e0 FUN_00487aca FUN_00487af0 FUN_00488010 FUN_00488300 FUN_004884c0 FUN_00488790 __security_check_cookie"
004630f0,FUN_004630f0,502,1,""
004632f0,FUN_004632f0,2068,1,"FUN_00402d90 FUN_00406c40 FUN_00464d60"
00463b30,FUN_00463b30,517,1,"FUN_00406e10 FUN_004171c0 FUN_00463d40 FUN_00464080 FUN_004643b0 FUN_00464590"
00463d40,FUN_00463d40,757,2,"FUN_004033f0"
00464040,FUN_00464040,63,1,""
00464080,FUN_00464080,813,2,"FUN_004033f0 FUN_00405390 FUN_004475f0 FUN_00447650"
004643b0,FUN_004643b0,480,1,"FUN_004033f0"
00464590,FUN_00464590,926,2,"FUN_004033f0"
00464930,FUN_00464930,39,4,""
00464960,FUN_00464960,158,5,""
00464a00,FUN_00464a00,158,5,""
00464aa0,FUN_00464aa0,156,5,""
00464b40,FUN_00464b40,274,5,""
00464c60,FUN_00464c60,252,5,""
00464d60,FUN_00464d60,32,3,""
00464d80,FUN_00464d80,68,3,""
00464dd0,FUN_00464dd0,305,1,"FUN_00464dd0"
00464f10,FUN_00464f10,836,2,"FUN_00465a80"
00465280,FUN_00465280,1937,3,"FUN_00464f10 FUN_00465a80 FUN_00465b50"
00465a30,FUN_00465a30,70,0,""
00465a80,FUN_00465a80,205,1,""
00465b50,FUN_00465b50,229,2,""
00465c40,FUN_00465c40,1122,5,"FUN_00406c40"
004660b0,FUN_004660b0,727,5,"FUN_00406c40 FUN_00464dd0 __security_check_cookie"
00466390,FUN_00466390,1160,1,"D3DXVec3Project FUN_00464dd0 __libm_sse2_sqrt_precise __security_check_cookie"
00466820,FUN_00466820,1735,2,"FUN_00465280 FUN_00466390 __libm_sse2_sqrt_precise"
00466f00,FUN_00466f00,676,2,"D3DXMatrixMultiply D3DXMatrixRotationX D3DXMatrixRotationY D3DXMatrixRotationZ FUN_00464dd0 __security_check_cookie"
004671b0,FUN_004671b0,71,2,"FUN_00465280 FUN_00466f00"
00467200,FUN_00467200,522,2,"D3DXVec3Transform FUN_00465280 FUN_00466f00 __libm_sse2_sqrt_precise __security_check_cookie"
00467410,FUN_00467410,2256,2,"D3DXMatrixMultiply D3DXMatrixRotationX D3DXMatrixRotationY D3DXMatrixRotationZ FUN_00406a70 FUN_0043c530 FUN_0043c570 FUN_00464dd0 FUN_00464f10 FUN_00465a80 __security_check_cookie"
00467d00,FUN_00467d00,1255,4,"D3DXMatrixMultiply D3DXMatrixRotationX D3DXMatrixRotationY D3DXMatrixRotationZ FUN_0043c530 FUN_0043c570 FUN_00464f10 FUN_00465a80 __security_check_cookie"
004681f0,FUN_004681f0,339,4,"FUN_00464f10 FUN_00465a80"
00468350,FUN_00468350,313,4,"FUN_00464f10 FUN_00465a80"
00468490,FUN_00468490,1757,2,"FUN_00406c40 FUN_0043c4b0 FUN_0043c4f0 FUN_0043c570 FUN_00464f10 FUN_00465280 FUN_00465c40 FUN_004660b0 FUN_00466390 FUN_00466820 FUN_004671b0 FUN_00467200 FUN_00467410 FUN_00467d00 FUN_004681f0 FUN_00468350 FUN_00468c70 FUN_00468fc0 FUN_00469330 FUN_00469570 FUN_00469640 FUN_00469a00 FUN_00469bd0"
00468c00,FUN_00468c00,84,2,"FUN_00465c40 FUN_004660b0"
00468c70,FUN_00468c70,843,7,"FUN_00465a80"
00468fc0,FUN_00468fc0,869,7,"FUN_00465a80"
00469330,FUN_00469330,569,5,"FUN_00465a80"
00469570,FUN_00469570,194,7,"FUN_00468c70"
00469640,FUN_00469640,588,5,"FUN_00465a80 FUN_00469e00"
00469890,FUN_00469890,355,4,"FUN_00465a80"
00469a00,FUN_00469a00,460,4,"FUN_00465a80 FUN_00469e00"
00469bd0,FUN_00469bd0,558,5,"FUN_00465a80 FUN_00469e00"
00469e00,FUN_00469e00,32,3,""
00469e20,FUN_00469e20,641,1,"FID_conflict:_free FUN_00402cb0 FUN_0046a350 FUN_00477fa7"
0046a0b0,FUN_0046a0b0,639,1,"FUN_0046a350"
0046a350,FUN_0046a350,32,3,""
0046a370,FUN_0046a370,3,1,""
0046a380,FUN_0046a380,3,1,""
0046a390,FUN_0046a390,3,1,""
0046a3a0,FUN_0046a3a0,5071,1,"FUN_00401300 FUN_004013b0 FUN_004090f0 FUN_004093f0 _memset `eh_vector_constructor_iterator' operator_new"
0046b770,FUN_0046b770,22,1,"FUN_004093f0"
0046b790,FUN_0046b790,61,1,"FID_conflict:_free"
0046b7d0,FUN_0046b7d0,297,1,"FID_conflict:_free FUN_00402f30 FUN_0046eab0 FUN_0046ec90 `eh_vector_destructor_iterator'"
0046b900,FUN_0046b900,1985,0,""
0046c0d0,FUN_0046c0d0,1964,1,"__security_check_cookie"
0046c8b0,FUN_0046c8b0,101,3,"D3DXLoadSurfaceFromFileInMemory FUN_0046c0d0"
0046c920,FUN_0046c920,572,7,"D3DXCreateTexture D3DXCreateTextureFromFileInMemoryEx D3DXLoadSurfaceFromSurface FUN_0046c0d0 __security_check_cookie"
0046cb60,FUN_0046cb60,459,5,"D3DXCreateTexture D3DXLoadSurfaceFromMemory __security_check_cookie"
0046cd30,FUN_0046cd30,72,4,"D3DXCreateTexture"
0046cd80,FUN_0046cd80,68,3,""
0046cdd0,FUN_0046cdd0,430,2,"FUN_00402440 FUN_00402aa0 FUN_004090d0 FUN_0046d0c0 FUN_00477fa7 __security_check_cookie _memset"
0046cf80,FUN_0046cf80,157,3,"FUN_00402aa0 FUN_0046cdd0 FUN_00470240 FUN_004749df _memset operator_new"
0046d020,FUN_0046d020,147,2,"FUN_0046cf80 FUN_00470240 Sleep"
0046d0c0,FUN_0046d0c0,247,3,"FUN_00402440 FUN_00402aa0 FUN_004090d0 __security_check_cookie"
0046d1c0,FUN_0046d1c0,485,1,"FUN_004090f0 FUN_0045f020 FUN_0045f980 FUN_0046d3b0"
0046d3b0,FUN_0046d3b0,734,5,"FUN_00402aa0 FUN_0046c920 FUN_0046cb60 FUN_0046cd30 FUN_0046cd80 FUN_0046d8a0 __security_check_cookie"
0046d690,FUN_0046d690,140,0,"FUN_0046d1c0 FUN_0046d770 FUN_004749df"
0046d720,FUN_0046d720,68,2,"FUN_0046d770 FUN_004749df"
0046d770,FUN_0046d770,300,1,"FID_conflict:_free FUN_0046f270"
0046d8a0,FUN_0046d8a0,226,3,""
0046d990,FUN_0046d990,281,9,"FUN_00405540 FUN_00459240 __security_check_cookie"
0046dab0,FUN_0046dab0,362,8,"FUN_00405540 FUN_00459240 __security_check_cookie"
0046dc20,FUN_0046dc20,353,8,"FUN_00405540 FUN_00459240 __security_check_cookie"
0046e340,FUN_0046e340,326,1,"EnterCriticalSection FUN_0045f980 FUN_0046e660 FUN_0046eab0 LeaveCriticalSection __security_check_cookie"
0046e490,FUN_0046e490,451,1,"EnterCriticalSection FUN_0045f980 FUN_0046e660 FUN_0046eab0 LeaveCriticalSection __security_check_cookie"
0046e660,FUN_0046e660,173,2,"FUN_0046e660"
0046e750,FUN_0046e750,115,2,"EnterCriticalSection FUN_00468490 LeaveCriticalSection"
0046e7d0,FUN_0046e7d0,177,2,""
0046e890,FUN_0046e890,172,2,""
0046e940,FUN_0046e940,177,2,""
0046ea00,FUN_0046ea00,172,2,""
0046eab0,FUN_0046eab0,480,2,"FID_conflict:_free FUN_0043b900"
0046ec90,FUN_0046ec90,207,2,"FID_conflict:_free FUN_0043b900"
0046ed60,FUN_0046ed60,317,5,"EnterCriticalSection FUN_00407b20 FUN_0045f980 FUN_0046e7d0 FUN_0046e890 FUN_0046e940 FUN_0046ea00 FUN_0046f600 LeaveCriticalSection"
0046eea0,FUN_0046eea0,246,4,"EnterCriticalSection FUN_00407b20 FUN_0045f980 FUN_0046e7d0 FUN_0046f600 LeaveCriticalSection"
0046efa0,FUN_0046efa0,149,2,""
0046f040,FUN_0046f040,102,2,""
0046f0b0,FUN_0046f0b0,113,2,"FUN_0046efa0"
0046f130,FUN_0046f130,134,2,"FUN_0045f980 FUN_0046efa0"
0046f1c0,FUN_0046f1c0,87,1,"FUN_0046efa0 FUN_0046f220"
0046f220,FUN_0046f220,71,1,"FUN_0046f220"
0046f270,FUN_0046f270,112,2,""
0046f2e0,FUN_0046f2e0,24,1,"FUN_0046efa0"
0046f300,FUN_0046f300,49,1,"FUN_0046efa0 FUN_0046f380"
0046f340,FUN_0046f340,49,1,"FUN_0046efa0 FUN_0046f3b0"
0046f380,FUN_0046f380,34,1,"FUN_0046f380"
0046f3b0,FUN_0046f3b0,34,1,"FUN_0046f3b0"
0046f3e0,FUN_0046f3e0,48,2,"FUN_0046efa0"
0046f410,FUN_0046f410,37,2,"FUN_0045edb0"
0046f440,FUN_0046f440,76,2,"FUN_00406380 FUN_0046efa0"
0046f490,FUN_0046f490,117,1,"__security_check_cookie _memset"
0046f510,FUN_0046f510,142,3,"FUN_0046f510"
0046f5a0,FUN_0046f5a0,87,3,"FUN_0046efa0 FUN_0046f510"
0046f600,FUN_0046f600,288,0,"FUN_004090f0 FUN_004093f0 operator_new"
0046f720,FUN_0046f720,235,2,"FUN_004090f0 FUN_004093f0 operator_new"
0046f810,FUN_0046f810,216,4,"FUN_00425d80 FUN_0046f720 FUN_0046f810 FUN_0046fd50"
0046f8f0,FUN_0046f8f0,128,2,"EnterCriticalSection FUN_0046f040 FUN_0046f970 LeaveCriticalSection"
0046f970,FUN_0046f970,331,3,"EnterCriticalSection FUN_0046e7d0 FUN_0046e890 FUN_0046e940 FUN_0046ea00 FUN_0046f600 FUN_0046f970 FUN_0046fd50 LeaveCriticalSection"
0046fac0,FUN_0046fac0,361,3,"FUN_0046fac0 FUN_00487130"
0046fc30,FUN_0046fc30,286,5,"FUN_00425d80 FUN_0046f720 FUN_0046fc30 FUN_0046ffb0"
0046fd50,FUN_0046fd50,603,3,"FUN_00477fa7 FUN_00487130"
0046ffb0,FUN_0046ffb0,650,3,"FUN_00477fa7 FUN_00487130"
00470240,FUN_00470240,1,0,""
00470250,FUN_00470250,208,1,"__security_check_cookie"
00470320,FUN_00470320,856,12,"CloseHandle FUN_00471430 FUN_004717e0 FUN_004749df FUN_00475142 __security_check_cookie operator_new"
00470680,FUN_00470680,809,13,"FUN_00471430 FUN_004749df FUN_00475142 __security_check_cookie operator_new"
004709b0,FUN_004709b0,463,5,"FUN_00471a30 FUN_00475142 SetFilePointer Sleep _memset"
00470b80,FUN_00470b80,38,2,"FUN_00470e10 FUN_004749df"
00470bb0,FUN_00470bb0,605,2,"FID_conflict:_free FUN_00475142 __security_check_cookie"
00470e10,FUN_00470e10,179,1,"CloseHandle FID_conflict:_free FUN_004749df"
00470ed0,FUN_00470ed0,366,4,"FUN_00471930 FUN_00471a30 Sleep _memset"
00471040,FUN_00471040,105,2,"Sleep"
004710b0,FUN_004710b0,110,1,"FUN_0047a739"
00471120,FUN_00471120,204,4,"FUN_0045b130 FUN_00470ed0 FUN_00471040 FUN_004710b0 FUN_004711f0 FUN_004713f0"
004711f0,FUN_004711f0,114,2,""
00471270,FUN_00471270,128,2,"CloseHandle"
004712f0,FUN_004712f0,144,1,"CloseHandle FUN_0045b130 SetFilePointer"
00471380,FUN_00471380,103,1,"FUN_0045b130 FUN_004718a0"
004713f0,FUN_004713f0,60,1,""
00471430,FUN_00471430,90,5,"FUN_004709b0"
00471490,FUN_00471490,44,2,"FUN_00470e10 FUN_004749df"
004714c0,FUN_004714c0,597,1,"EnterCriticalSection FUN_00470ed0 FUN_00471040 FUN_00471930 FUN_00471a30 LeaveCriticalSection _memset"
00471720,FUN_00471720,182,2,"FUN_00470ed0 FUN_00471040 FUN_00471930"
004717e0,FUN_004717e0,185,3,"CreateFileA FUN_00471930 FUN_00471d90 FormatMessageA GetLastError LocalFree"
004718a0,FUN_004718a0,143,3,"FUN_004717e0 FUN_00471930 FUN_00471d90"
00471930,FUN_00471930,244,3,"SetFilePointer"
00471a30,FUN_00471a30,200,4,"FUN_00487130 ReadFile"
00471b00,FUN_00471b00,199,2,"FUN_0045b130 FUN_00471c90"
00471bd0,FUN_00471bd0,178,1,"FUN_0045b130"
00471c90,FUN_00471c90,241,1,"EnterCriticalSection FUN_00470bb0 FUN_00470ed0 FUN_00471120 FUN_00471720 LeaveCriticalSection"
00471d90,FUN_00471d90,1,0,""
00471da0,FUN_00471da0,1,0,""
00471db0,FUN_00471db0,632,3,"FUN_00471da0 FUN_00474180 FUN_00474240 FUN_00474740"
00472030,FUN_00472030,6683,1,"FUN_00402cb0 FUN_00402d90 FUN_004054f0 FUN_00405510 FUN_00417180 FUN_004171c0 FUN_00471db0 FUN_00473c90 FUN_00473d40 FUN_00473fe0 FUN_00474090 FUN_00474180 FUN_00474330 FUN_004743a0 FUN_00474430 FUN_004744e0 FUN_00474510 FUN_004747d0 FUN_00474810 FUN_00474860 FUN_00487aaa FUN_00488300 FUN_004884c0 __libm_sse2_sqrt_precise"
00473bc0,FUN_00473bc0,197,1,"FUN_00472030 FUN_004749df"
00473c90,FUN_00473c90,172,2,""
00473d40,FUN_00473d40,244,2,""
00473e40,FUN_00473e40,175,3,""
00473ef0,FUN_00473ef0,229,2,""
00473fe0,FUN_00473fe0,171,1,""
00474090,FUN_00474090,229,1,""
00474180,FUN_00474180,179,3,""
00474240,FUN_00474240,229,2,""
00474330,FUN_00474330,98,1,""
004743a0,FUN_004743a0,139,2,""
00474430,FUN_00474430,176,3,"FUN_0041a400 FUN_00471db0 operator_new"
004744e0,FUN_004744e0,39,2,""
00474510,FUN_00474510,32,3,""
00474530,FUN_00474530,523,2,"FID_conflict:_free FUN_00477fa7 FUN_00487130"
00474740,FUN_00474740,132,2,""
004747d0,FUN_004747d0,50,1,""
00474810,FUN_00474810,66,2,""
00474860,FUN_00474860,37,1,""
00474890,FUN_00474890,52,2,"FUN_00474740"
004748c4,FUN_004748c4,27,2,"exception"
004748df,FUN_004748df,24,1,""
004748f7,exception,44,2,"___std_exception_copy"
00474934,FUN_00474934,45,2,"FUN_004749df ___std_exception_destroy"
00474961,FUN_00474961,45,2,"FUN_004749df ___std_exception_destroy"
0047498e,FUN_0047498e,13,1,""
0047499b,__security_check_cookie,17,1,"___report_gsfailure"
004749ac,operator_new,51,1,"FID_conflict:__scrt_throw_std_bad_alloc FID_conflict:__scrt_throw_std_bad_alloc FUN_00477fa7 __callnewh"
004749df,FUN_004749df,14,1,"FID_conflict:_free"
004749ed,__crt_fast_encode_pointer<>,29,1,""
00474a0a,find_pe_section,68,2,""
00474a4e,___scrt_acquire_startup_lock,53,0,"___scrt_is_ucrt_dll_in_use"
00474a83,___scrt_initialize_crt,57,1,"FUN_00475430 ___acrt_initialize ___vcrt_initialize ___vcrt_uninitialize"
00474abc,FUN_00474abc,169,1,"___scrt_fastfail ___scrt_is_ucrt_dll_in_use __initialize_onexit_table"
00474b66,___scrt_is_nonwritable_in_current_image,116,1,"__SEH_epilog4 __SEH_prolog4 find_pe_section"
00474bf0,___scrt_release_startup_lock,29,1,"___scrt_is_ucrt_dll_in_use"
00474c0d,___scrt_uninitialize_crt,40,2,"___acrt_uninitialize ___vcrt_uninitialize"
00474c35,__onexit,59,1,"__crt_atexit __register_onexit_function"
00474c70,_atexit,21,1,"__onexit"
00474c85,FUN_00474c85,35,2,"FUN_004749df"
00474ca8,`eh_vector_constructor_iterator',79,5,"FUN_00474cfd __SEH_epilog4 __SEH_prolog4 guard_check_icall"
00474cfd,FUN_00474cfd,20,0,"__ArrayUnwind"
00474d11,`eh_vector_destructor_iterator',94,4,"FUN_00474d7b __SEH_epilog4 __SEH_prolog4 guard_check_icall"
00474d7b,FUN_00474d7b,16,0,"__ArrayUnwind"
00474d8b,__ArrayUnwind,65,4,"__SEH_epilog4 __SEH_prolog4 guard_check_icall"
00474e1f,FUN_00474e1f,29,1,""
00474e3c,FUN_00474e3c,29,1,""
00474e59,FUN_00474e59,191,0,"CreateEventW FUN_00474e1f FUN_00474e3c GetModuleHandleW GetProcAddress ___scrt_fastfail ___vcrt_InitializeCriticalSectionEx guard_check_icall"
00474f19,FUN_00474f19,28,0,"CloseHandle DeleteCriticalSection"
00474f35,___raise_securityfailure,40,1,"GetCurrentProcess SetUnhandledExceptionFilter TerminateProcess UnhandledExceptionFilter"
00474f5d,___report_gsfailure,251,0,"IsProcessorFeaturePresent ___raise_securityfailure"
00475058,___report_rangecheckfailure,12,0,"___report_securityfailure"
00475064,___report_securityfailure,208,1,"IsProcessorFeaturePresent ___raise_securityfailure"
00475134,FUN_00475134,14,1,"FID_conflict:_free"
00475142,FUN_00475142,9,1,"operator_new"
0047514b,FID_conflict:_free,5,1,""
00475150,FID_conflict:_free,5,1,""
00475213,__scrt_common_main_seh,299,0,"FUN_00459830 FUN_00475934 FUN_0047593a __SEH_epilog4 __SEH_prolog4 ___scrt_acquire_startup_lock ___scrt_fastfail ___scrt_get_show_window_mode ___scrt_initialize_crt ___scrt_is_managed_app ___scrt_is_nonwritable_in_current_image ___scrt_release_startup_lock ___scrt_uninitialize_crt __cexit __get_narrow_winmain_command_line __initterm __initterm_e __register_thread_local_exe_atexit_callback _exit guard_check_icall"
0047537b,entry,10,0,"___security_init_cookie __scrt_common_main_seh"
00475385,FUN_00475385,27,2,"exception"
004753a0,FUN_004753a0,24,1,""
004753c9,FUN_004753c9,45,2,"FUN_004749df ___std_exception_destroy"
004753f6,FID_conflict:__scrt_throw_std_bad_alloc,29,0,"FUN_004748df __CxxThrowException@8"
00475413,FID_conflict:__scrt_throw_std_bad_alloc,29,0,"FUN_004753a0 __CxxThrowException@8"
00475430,FUN_00475430,415,0,"IsProcessorFeaturePresent"
004755cf,FUN_004755cf,4,0,""
004755d3,___scrt_is_ucrt_dll_in_use,12,0,""
004755df,___scrt_fastfail,283,0,"IsDebuggerPresent IsProcessorFeaturePresent SetUnhandledExceptionFilter UnhandledExceptionFilter _memset"
004756fa,___scrt_get_show_window_mode,51,0,"GetStartupInfoW _memset"
0047572d,FUN_0047572d,3,0,""
00475730,___scrt_is_managed_app,68,0,"GetModuleHandleW"
00475774,FUN_00475774,12,0,"SetUnhandledExceptionFilter"
00475780,FUN_00475780,64,1,"FUN_0047b825"
004757c1,FUN_004757c1,8,0,""
004757c9,guard_check_icall,6,0,""
004757d0,__SEH_prolog4,70,2,""
00475816,__SEH_epilog4,21,0,""
0047582b,___security_init_cookie,156,0,"GetCurrentProcessId GetCurrentThreadId GetSystemTimeAsFileTime QueryPerformanceCounter"
004758ca,FUN_004758ca,3,0,""
004758cd,FUN_004758cd,6,0,""
004758d3,FUN_004758d3,3,0,""
004758d6,FUN_004758d6,3,0,""
004758d9,FUN_004758d9,12,0,"InitializeSListHead"
004758e5,FUN_004758e5,3,0,""
004758e8,FUN_004758e8,32,0,"___scrt_fastfail __controlfp_s"
00475909,FUN_00475909,1,0,""
0047590a,FUN_0047590a,1,0,""
0047590b,FUN_0047590b,29,0,"FUN_00405530 FUN_0043dcb0"
00475928,FUN_00475928,12,0,""
00475934,FUN_00475934,6,0,""
0047593a,FUN_0047593a,6,0,""
00475940,FUN_00475940,43,0,"guard_check_icall"
0047596b,FUN_0047596b,43,0,"guard_check_icall"
00475996,guard_check_icall,1,0,""
00475997,_CallCatchBlock2,96,5,"__CallSettingFrame@12"
004759f7,_CallSETranslator,221,7,"___vcrt_getptd guard_check_icall"
00475ad4,FUN_00475ad4,119,5,"FUN_0047b825"
00475b4c,_JumpToContinuation,43,2,""
00475b7e,_UnwindNestedFrames,85,2,"RtlUnwind"
00475bd3,__CatchGuardHandler,49,3,"___InternalCxxFrameHandler __security_check_cookie"
00475c04,__CreateFrameInfo,36,2,"___vcrt_getptd"
00475c28,FUN_00475c28,73,1,"FUN_0047b825 ___vcrt_getptd"
00475c72,__IsExceptionObjectToBeDestroyed,38,1,"___vcrt_getptd"
00475c98,__TranslatorGuardHandler,154,3,"_CallSETranslator _UnwindNestedFrames ___InternalCxxFrameHandler __security_check_cookie"
00475d37,FID_conflict:___CxxFrameHandler3,54,4,"___InternalCxxFrameHandler"
00475d6d,___DestructExceptionObject,131,1,"_CallMemberFunction0 __SEH_epilog4 __SEH_prolog4 guard_check_icall"
00475e01,FUN_00475e01,27,2,"exception"
00475e1c,bad_exception,24,1,""
00475e45,FUN_00475e45,45,2,"FUN_004749df ___std_exception_destroy"
00475e72,CallCatchBlock,165,7,"FUN_00475fad _CallCatchBlock2 __CreateFrameInfo __SEH_epilog4 __SEH_prolog4 ___vcrt_getptd"
00475fad,FUN_00475fad,129,0,"FUN_00475c28 __IsExceptionObjectToBeDestroyed ___DestructExceptionObject ___vcrt_getptd"
0047602e,FUN_0047602e,32,1,"FUN_00477c69 __EH_prolog3_catch ___vcrt_getptd"
0047604e,Catch_All@0047604e,25,0,"FUN_0047b825 __CxxThrowException@8 ___vcrt_getptd"
00476068,CatchIt,123,11,"CallCatchBlock _JumpToContinuation _UnwindNestedFrames ___BuildCatchObject ___FrameUnwindToState"
004760e3,ExFilterRethrow,74,1,"___vcrt_getptd"
0047612d,FindHandler,872,8,"CatchIt FUN_00475ad4 FUN_0047602e FUN_00476495 FUN_004765b0 FUN_0047b825 Is_bad_exception_allowed _UnwindNestedFrames __CxxThrowException@8 ___DestructExceptionObject ___FrameUnwindToState ___TypeMatch ___vcrt_getptd bad_exception"
00476495,FUN_00476495,282,8,"CatchIt EncodePointer FUN_00475ad4 FUN_0047b825 _CallSETranslator ___vcrt_getptd"
004765b0,FUN_004765b0,155,2,"FUN_0047b825 ___TypeMatch"
0047664c,Is_bad_exception_allowed,63,1,"___std_type_info_compare"
0047668b,_CallMemberFunction0,7,2,""
00476692,FID_conflict:_CallMemberFunction2,7,2,""
00476699,FID_conflict:_CallMemberFunction2,7,2,""
004766a0,___AdjustPointer,37,2,""
004766c5,___BuildCatchObject,130,4,"FID_conflict:_CallMemberFunction2 FID_conflict:_CallMemberFunction2 __SEH_epilog4 __SEH_prolog4 ___AdjustPointer ___BuildCatchObjectHelper"
00476754,___BuildCatchObjectHelper,290,4,"FUN_00476dc0 FUN_0047b825 __SEH_epilog4 __SEH_prolog4 ___AdjustPointer guard_check_icall"
00476882,___FrameUnwindFilter,69,1,"FUN_0047b825 ___vcrt_getptd"
004768c7,___FrameUnwindToState,164,4,"FUN_0047697b FUN_0047b825 __CallSettingFrame@12 __SEH_epilog4 __SEH_prolog4 ___vcrt_getptd"
0047697b,FUN_0047697b,20,0,"___vcrt_getptd"
0047698f,___InternalCxxFrameHandler,252,8,"FindHandler ___FrameUnwindToState ___except_validate_context_record ___vcrt_getptd guard_check_icall"
00476a8b,___TypeMatch,142,3,""
00476b19,Unwind@00476b19,5,0,""
00476b20,FUN_00476b20,311,2,""
00476c60,FUN_00476c60,299,2,""
00476d8b,FUN_00476d8b,21,0,""
00476da0,FUN_00476da0,26,0,"FUN_00476d8b _abort guard_check_icall"
00476dc0,FUN_00476dc0,1330,3,""
00477334,___std_exception_copy,99,2,"FID_conflict:_free FUN_00477fa7 _strcpy_s"
00477397,___std_exception_destroy,31,1,"FID_conflict:_free"
004773b6,__CxxThrowException@8,110,2,"RaiseException guard_check_icall"
00477424,___vcrt_initialize,41,0,"___vcrt_initialize_locks ___vcrt_initialize_ptd ___vcrt_initialize_pure_virtual_call_handler ___vcrt_initialize_winapi_thunks ___vcrt_uninitialize_locks"
0047744d,___vcrt_uninitialize,31,1,"___vcrt_uninitialize_locks ___vcrt_uninitialize_ptd ___vcrt_uninitialize_winapi_thunks"
00477470,_ValidateLocalCookies,50,2,"__security_check_cookie"
004774b0,__except_handler4,358,3,"_EH4_CallFilterFunc _EH4_GlobalUnwind2 _EH4_LocalUnwind _EH4_TransferToHandler _ValidateLocalCookies __IsNonwritableInCurrentImage ___DestructExceptionObject ___except_validate_context_record guard_check_icall"
00477616,__crt_fast_encode_pointer<void*>,29,1,""
00477633,try_get_first_available_module,198,2,"FreeLibrary GetLastError LoadLibraryExW _wcsncmp"
004776f9,try_get_function,128,4,"GetProcAddress __crt_fast_encode_pointer<void*> try_get_first_available_module"
00477779,___vcrt_FlsAlloc,58,1,"guard_check_icall try_get_function"
004777b3,___vcrt_FlsFree,58,1,"TlsFree guard_check_icall try_get_function"
004777ed,___vcrt_FlsGetValue,58,1,"TlsGetValue guard_check_icall try_get_function"
00477827,___vcrt_FlsSetValue,61,2,"TlsSetValue guard_check_icall try_get_function"
00477864,___vcrt_InitializeCriticalSectionEx,70,3,"InitializeCriticalSectionAndSpinCount guard_check_icall try_get_function"
004778aa,___vcrt_initialize_winapi_thunks,58,0,""
004778e4,___vcrt_uninitialize_winapi_thunks,50,1,"FreeLibrary"
00477920,_memset,346,3,""
00477a7a,___std_type_info_compare,60,2,""
00477ab6,FUN_00477ab6,28,1,"FID_conflict:_free"
00477ad2,___vcrt_getptd,14,0,"___vcrt_getptd_noexit"
00477ae0,___vcrt_getptd_noexit,146,0,"FID_conflict:_free GetLastError SetLastError ___vcrt_FlsGetValue ___vcrt_FlsSetValue __calloc_base"
00477b72,___vcrt_initialize_ptd,51,0,"___vcrt_FlsAlloc ___vcrt_FlsSetValue ___vcrt_uninitialize_ptd"
00477ba5,___vcrt_uninitialize_ptd,27,0,"___vcrt_FlsFree"
00477bc0,__CallSettingFrame@12,76,3,"__NLG_Notify1"
00477c0c,___except_validate_context_record,48,1,""
00477c3c,___except_validate_jump_buffer,45,1,""
00477c69,FUN_00477c69,27,0,"FUN_0047b825 ___vcrt_getptd guard_check_icall"
00477c85,___vcrt_initialize_pure_virtual_call_handler,29,0,""
00477ca2,___vcrt_initialize_locks,60,0,"___vcrt_InitializeCriticalSectionEx ___vcrt_uninitialize_locks"
00477cde,___vcrt_uninitialize_locks,47,0,"DeleteCriticalSection"
00477d10,__local_unwind4,144,3,"FUN_00477fa4 __NLG_Notify"
00477e0e,_EH4_CallFilterFunc,23,1,""
00477e25,_EH4_TransferToHandler,25,1,"__NLG_Notify"
00477e3e,_EH4_GlobalUnwind2,25,2,"RtlUnwind"
00477e57,_EH4_LocalUnwind,23,4,"__local_unwind4"
00477e70,__global_unwind2,32,1,"RtlUnwind"
00477ed5,__local_unwind2,132,2,"FUN_00477fa4 __NLG_Notify"
00477f7c,__NLG_Notify1,9,1,""
00477f85,__NLG_Notify,31,1,""
00477fa4,FUN_00477fa4,3,0,""
00477fa7,FUN_00477fa7,11,1,"__malloc_base"
00477fb2,FID_conflict:_free,5,1,""
00477fb7,common_vsprintf<__crt_stdio_output::standard_base,char>,380,6,"FUN_0047a58c _LocaleUpdate __errno __security_check_cookie output_processor<> process ~formatting_buffer"
00478133,count<char>,24,1,""
0047814b,ensure_buffer_is_big_enough<char>,134,2,"FID_conflict:_free __errno __malloc_base operator="
004781d1,is_wide_character_specifier<char>,64,3,""
00478211,scratch_data<char>,30,1,"count<char>"
0047822f,type_case_integer_parse_into_buffer<>,117,4,"count<char>"
004782a4,type_case_integer_parse_into_buffer<>,136,4,"__aulldvrm count<char>"
0047832c,write_multiple_characters<__crt_stdio_output::string_output_adapter<char>,char>,44,4,"write_character"
00478358,common_data<char>,71,1,""
0047839f,output_adapter_data<>,60,7,"common_data<char>"
004783db,output_processor<>,53,7,"__errno output_adapter_data<>"
00478410,_LocaleUpdate,131,2,"FUN_0047cad3 ___acrt_update_locale_info ___acrt_update_multibyte_info"
00478493,~formatting_buffer,26,1,"FID_conflict:_free"
004784ad,operator=,36,2,"FID_conflict:_free"
004784d1,crop_zeroes,87,2,""
00478528,find_next_state,50,2,""
0047855a,force_decimal_point,92,2,"_isdigit _tolower"
004785b6,parse_int_from_format_string,92,2,"_strtol"
00478612,process,249,1,"FUN_0047a58c __errno find_next_state state_case_flag state_case_normal state_case_precision state_case_size state_case_type state_case_width validate"
0047872e,state_case_flag,61,1,""
0047876b,state_case_normal,31,1,"FUN_0047a58c __errno state_case_normal_common"
0047878a,state_case_normal_common,42,1,"state_case_normal_tchar write_character"
004787b4,state_case_normal_tchar,97,1,"FUN_0047a58c __errno write_character"
00478815,state_case_precision,40,1,"parse_int_from_format_string"
0047883d,state_case_size,361,1,"FUN_0047a58c __errno state_case_type"
004789a6,state_case_type,559,1,"type_case_Z type_case_a type_case_c_tchar type_case_integer type_case_n type_case_o type_case_p type_case_s write_multiple_characters<__crt_stdio_output::string_output_adapter<char>,char> write_stored_string_tchar write_string"
00478bd5,state_case_width,43,1,"parse_int_from_format_string"
00478c00,to_integer_size,42,1,""
00478c5c,type_case_Z,99,1,"is_wide_character_specifier<char>"
00478cbf,type_case_a,346,1,"___acrt_fp_format count<char> crop_zeroes ensure_buffer_is_big_enough<char> force_decimal_point scratch_data<char>"
00478e19,type_case_c_tchar,144,1,"_wctomb_s count<char> is_wide_character_specifier<char>"
00478ea9,type_case_integer,330,3,"FUN_0047a58c __errno to_integer_size type_case_integer_parse_into_buffer<> type_case_integer_parse_into_buffer<>"
00478ff3,type_case_n,116,1,"FUN_0047a58c __errno __get_printf_count_output to_integer_size"
00479067,type_case_o,31,1,"type_case_integer"
00479086,type_case_p,24,1,"type_case_integer"
0047909e,type_case_s,115,1,"FUN_0047c483 FUN_0047c5aa is_wide_character_specifier<char>"
00479111,validate,27,1,"FUN_0047a58c __errno"
0047912c,write_character,66,3,""
0047916e,write_stored_string_tchar,167,1,"__security_check_cookie _wctomb_s write_string"
00479215,write_string,147,5,"FUN_00487130"
004792a8,___stdio_common_vsprintf,36,7,"common_vsprintf<__crt_stdio_output::standard_base,char>"
004793c8,operator(),55,2,"CloseHandle FID_conflict:_free FreeLibrary"
004793ff,common_end_thread,86,1,"CloseHandle ExitThread FreeLibraryAndExitThread ___acrt_RoUninitialize@0 ___acrt_getptd_noexit"
00479456,create_thread_parameter,73,2,"FID_conflict:_free GetModuleHandleExW __calloc_base operator()"
0047949f,__beginthread,140,3,"CreateThread FUN_0047a58c GetLastError ResumeThread ___acrt_errno_map_os_error __errno create_thread_parameter operator()"
0047952b,__beginthreadex,133,6,"CreateThread FUN_0047a58c GetLastError ___acrt_errno_map_os_error __errno create_thread_parameter operator()"
004795b0,__endthreadex,14,1,"common_end_thread"
004795be,is_overflow_condition<unsigned_long>,51,2,""
004795f1,make_c_string_character_source<>,27,3,""
0047960c,parse_integer<unsigned_long,__crt_strtox::c_string_character_source<char>_>,552,4,"FUN_0047a58c _LocaleUpdate __errno __ischartype_l is_overflow_condition<unsigned_long> unget validate"
00479834,unget,40,2,"FUN_0047a58c __errno"
0047985c,validate,27,1,"FUN_0047a58c __errno"
00479877,__chvalidchk_l,42,3,"___pctype_func"
004798a1,__ischartype_l,51,3,"__chvalidchk_l __isctype_l"
004798d4,FID_conflict:_atoi,42,1,"make_c_string_character_source<> parse_integer<unsigned_long,__crt_strtox::c_string_character_source<char>_>"
004798fe,FID_conflict:_atoi,42,1,"make_c_string_character_source<> parse_integer<unsigned_long,__crt_strtox::c_string_character_source<char>_>"
00479928,common_chdir<char>,229,1,"FID_conflict:_free FUN_0047a58c GetCurrentDirectoryA GetLastError SetCurrentDirectoryA ___acrt_errno_map_os_error ___doserrno __calloc_base __errno __security_check_cookie set_cwd_environment_variable<char>"
00479a0d,set_cwd_environment_variable<char>,88,1,"GetLastError SetEnvironmentVariableA ___acrt_errno_map_os_error _toupper"
00479a65,FUN_00479a65,11,1,"common_chdir<char>"
00479a70,_strncmp,115,3,""
00479af0,divide,1192,2,"__allmul __allshl __aulldvrm _memcpy_s"
00479f9e,_memcpy_s,129,4,"FUN_0047a58c FUN_00487130 __errno _memset"
0047a01f,common_timespec_get<_timespec64>,127,2,"FUN_0047a58c ___acrt_GetSystemTimePreciseAsFileTime@4 __alldvrm __errno"
0047a09e,FID_conflict:__time64,66,1,"common_timespec_get<_timespec64>"
0047a0e0,FUN_0047a0e0,649,2,"FUN_0047a58c FUN_0047e207 FUN_0047e233 FUN_0047e25f FUN_0047e535 ___tzset __alldiv __allrem __errno __invoke_watson __isindst"
0047a36a,FID_conflict:common_gmtime<long>,39,1,"FUN_0047a0e0 ___getgmtimebuf"
0047a391,initialize,49,2,""
0047a3c2,___acrt_call_reportfault,315,3,"FUN_004757c1 IsDebuggerPresent SetUnhandledExceptionFilter UnhandledExceptionFilter __security_check_cookie _memset"
0047a4fd,FUN_0047a4fd,20,1,"initialize"
0047a511,FUN_0047a511,122,5,"___acrt_getptd_noexit __invoke_watson __security_check_cookie guard_check_icall"
0047a58c,FUN_0047a58c,16,0,"FUN_0047a511"
0047a59c,__invoke_watson,51,5,"GetCurrentProcess IsProcessorFeaturePresent TerminateProcess ___acrt_call_reportfault"
0047a5cf,___ascii_stricmp,59,2,""
0047a60a,__stricmp,72,2,"FUN_0047a58c ___ascii_stricmp __errno __stricmp_l"
0047a652,__stricmp_l,154,3,"FUN_0047a58c _LocaleUpdate ___ascii_stricmp __errno __tolower_l"
0047a6ec,__mkdir,77,1,"FID_conflict:_free ___acrt_copy_path_to_wide_string __wmkdir"
0047a739,FUN_0047a739,33,0,"FUN_0047cad3"
0047a75a,initialize,49,2,""
0047a78b,FUN_0047a78b,20,1,"initialize"
0047a79f,__callnewh,68,1,"__query_new_handler __security_check_cookie guard_check_icall"
0047a7e3,__query_new_handler,70,0,"FUN_0047a82c __SEH_epilog4 __SEH_prolog4 ___acrt_lock"
0047a82c,FUN_0047a82c,9,0,"___acrt_unlock"
0047a835,__seh_filter_exe,371,2,"___acrt_getptd_noexit __security_check_cookie guard_check_icall"
0047a9a8,__crt_fast_encode_pointer<void_(__stdcall*)(void*,unsigned_long,void*)>,31,1,""
0047a9c7,atexit_exception_filter,19,1,""
0047a9da,common_exit,261,3,"FUN_0047aae4 FUN_00486d29 __SEH_prolog4_GS ___acrt_lock __execute_onexit_table __initterm atexit_exception_filter exit_or_terminate_process guard_check_icall is_managed_app try_cor_exit_process"
0047aae4,FUN_0047aae4,9,0,"___acrt_unlock"
0047aaf3,exit_or_terminate_process,64,1,"ExitProcess GetCurrentProcess TerminateProcess ___acrt_is_packaged_app try_cor_exit_process"
0047ab34,is_managed_app,68,0,"GetModuleHandleW"
0047ab78,try_cor_exit_process,106,1,"FreeLibrary GetModuleHandleExW GetProcAddress __security_check_cookie guard_check_icall"
0047abe2,FUN_0047abe2,15,1,""
0047ac00,__cexit,15,0,"common_exit"
0047ac0f,__exit,22,1,"common_exit"
0047ac25,__register_thread_local_exe_atexit_callback,56,1,"__crt_fast_encode_pointer<void_(__stdcall*)(void*,unsigned_long,void*)>"
0047ac5d,_exit,22,1,"common_exit"
0047ac73,common_configure_argv<char>,292,1,"FID_conflict:_free FUN_0047a58c FUN_0047f356 GetModuleFileNameA ___acrt_allocate_buffer_for_argv ___acrt_initialize_multibyte __errno parse_command_line<char>"
0047ad97,parse_command_line<char>,373,5,"__ismbblead"
0047af0c,___acrt_allocate_buffer_for_argv,85,3,"FID_conflict:_free __calloc_base"
0047af61,FUN_0047af61,11,1,"common_configure_argv<char>"
0047af6c,common_get_or_create_environment_nolock<char>,47,0,"common_initialize_environment_nolock<char> initialize_environment_by_cloning_nolock<char>"
0047af9b,common_initialize_environment_nolock<char>,89,0,"FID_conflict:_free FUN_0047aff4 ___acrt_initialize_multibyte ___dcrt_get_narrow_environment_from_os initialize"
0047aff4,FUN_0047aff4,208,1,"FID_conflict:_free __calloc_base __invoke_watson _strcpy_s free_environment<>"
0047b0c5,free_environment<>,47,1,"FID_conflict:_free"
0047b0f4,free_environment<>,47,1,"FID_conflict:_free"
0047b123,initialize_environment_by_cloning_nolock<char>,127,0,"FID_conflict:_free FUN_0047fff4 WideCharToMultiByte __calloc_base"
0047b1a2,uninitialize<>,64,2,"__security_check_cookie guard_check_icall"
0047b1e2,uninitialize<>,64,2,"__security_check_cookie guard_check_icall"
0047b222,uninitialize_environment_internal<>,27,1,"free_environment<>"
0047b23d,uninitialize_environment_internal<>,27,1,"free_environment<>"
0047b258,initialize,49,2,""
0047b289,common_get_or_create_environment_nolock<char>,5,0,""
0047b28e,FUN_0047b28e,55,0,"free_environment<> free_environment<> uninitialize<> uninitialize<>"
0047b2c5,common_initialize_environment_nolock<char>,5,0,""
0047b2ca,operator()<<lambda_800076c951b434888f4765a74a194fcc>,<lambda_4e60a939b0d047cfe11ddc22648dfba9>&,<lambda_6dbb1268764f43b569ce7b67e331d33a>_>,66,4,"FUN_0047b30f __SEH_epilog4 __SEH_prolog4 ___acrt_lock operator()"
0047b30f,FUN_0047b30f,12,0,"___acrt_unlock"
0047b31b,operator()<<lambda_995298e7d72eb4c2aab26c0585b3abe5>,<lambda_275893d493268fdec8709772e3fcec0e>&,<lambda_293819299cbf9a7022e18b56a874bb5c>_>,66,4,"FUN_0047b360 __SEH_epilog4 __SEH_prolog4 ___acrt_lock operator()"
0047b360,FUN_0047b360,12,0,"___acrt_unlock"
0047b36c,__acrt_lock_and_call<<lambda_275893d493268fdec8709772e3fcec0e>_>,40,2,"operator()<<lambda_995298e7d72eb4c2aab26c0585b3abe5>,<lambda_275893d493268fdec8709772e3fcec0e>&,<lambda_293819299cbf9a7022e18b56a874bb5c>_>"
0047b394,__acrt_lock_and_call<<lambda_4e60a939b0d047cfe11ddc22648dfba9>_>,40,2,"operator()<<lambda_800076c951b434888f4765a74a194fcc>,<lambda_4e60a939b0d047cfe11ddc22648dfba9>&,<lambda_6dbb1268764f43b569ce7b67e331d33a>_>"
0047b3bc,__crt_fast_encode_pointer<>,31,1,""
0047b3db,operator(),288,1,"FID_conflict:_free __security_check_cookie guard_check_icall"
0047b4fb,operator(),321,1,"FID_conflict:_free FUN_0047ffff __crt_fast_encode_pointer<> __crt_fast_encode_pointer<>"
0047b63c,__crt_atexit,22,0,"__register_onexit_function"
0047b652,__execute_onexit_table,29,0,"__acrt_lock_and_call<<lambda_275893d493268fdec8709772e3fcec0e>_>"
0047b66f,__initialize_onexit_table,61,1,""
0047b6ac,__register_onexit_function,36,0,"__acrt_lock_and_call<<lambda_4e60a939b0d047cfe11ddc22648dfba9>_>"
0047b7d0,initialize,49,2,""
0047b801,___acrt_initialize,18,0,"___acrt_execute_initializers"
0047b813,___acrt_uninitialize,18,0,"___acrt_execute_uninitializers"
0047b825,FUN_0047b825,52,0,"FUN_0047cad3 __SEH_prolog4_GS _abort guard_check_icall"
0047b861,FUN_0047b861,6,0,""
0047b867,FUN_0047b867,15,1,""
0047b876,__crt_fast_encode_pointer<int_(__cdecl*)(_exception*)>,31,1,""
0047b895,initialize,49,2,""
0047b8c6,___acrt_has_user_matherr,25,0,""
0047b8df,FUN_0047b8df,20,1,"initialize"
0047b8f3,___acrt_invoke_user_matherr,73,1,"__security_check_cookie guard_check_icall"
0047b93c,___setusermatherr,21,1,"__crt_fast_encode_pointer<int_(__cdecl*)(_exception*)>"
0047b951,__get_narrow_winmain_command_line,83,0,"___acrt_initialize_multibyte __ismbblead"
0047b9a4,__initterm,92,2,"__security_check_cookie guard_check_icall"
0047ba00,__initterm_e,69,2,"__security_check_cookie guard_check_icall"
0047ba45,__set_fmode,61,1,"FUN_0047a58c __errno"
0047ba82,___acrt_set_locale_changed,11,0,""
0047bad6,FUN_0047bad6,9,0,"___acrt_unlock"
0047badf,__configthreadlocale,98,1,"FUN_0047a58c FUN_0047cad3 __errno"
0047bb41,FUN_0047bb41,6,0,""
0047bb47,__set_new_mode,47,1,"FUN_0047a58c __errno"
0047bb76,FUN_0047bb76,6,0,""
0047bb7c,__controlfp_s,95,3,"FUN_0047a58c __control87 __errno"
0047bbdb,_abort,67,0,"IsProcessorFeaturePresent ___acrt_call_reportfault ___acrt_get_sigabrt_handler __exit _raise"
0047bc1e,_strcpy_s,90,3,"FUN_0047a58c __errno"
0047bc78,_wcsncmp,58,3,""
0047bcb2,FID_conflict:_free,58,1,"FID_conflict:___acrt_errno_from_os_error GetLastError HeapFree __errno"
0047bcec,__malloc_base,78,1,"FUN_0047bb41 HeapAlloc __callnewh __errno"
0047bd3a,__calloc_base,93,2,"FUN_0047bb41 HeapAlloc __callnewh __errno"
0047bd97,__isdigit_l,56,2,"_LocaleUpdate __ischartype_l"
0047bdcf,_isdigit,45,1,"__isdigit_l"
0047bdfc,common_tox_l<&bool___cdecl_internal_islower_l(int,struct___crt_locale_pointers*_const),&int___cdecl_internal_map_upper(int,struct___crt_locale_pointers*_const)>,330,3,"_LocaleUpdate ___acrt_LCMapStringA __errno __isleadbyte_l internal_islower_l"
0047bf46,common_tox_l<&bool___cdecl_internal_isupper_l(int,struct___crt_locale_pointers*_const),&int___cdecl_internal_map_lower(int,struct___crt_locale_pointers*_const)>,330,3,"_LocaleUpdate ___acrt_LCMapStringA __errno __isleadbyte_l internal_isupper_l"
0047c090,internal_islower_l,29,2,"__ischartype_l"
0047c0ad,internal_isupper_l,29,2,"__ischartype_l"
0047c0ca,__tolower_l,26,2,"common_tox_l<&bool___cdecl_internal_isupper_l(int,struct___crt_locale_pointers*_const),&int___cdecl_internal_map_lower(int,struct___crt_locale_pointers*_const)>"
0047c0e4,__toupper_l,26,2,"common_tox_l<&bool___cdecl_internal_islower_l(int,struct___crt_locale_pointers*_const),&int___cdecl_internal_map_upper(int,struct___crt_locale_pointers*_const)>"
0047c0fe,_tolower,48,1,"__tolower_l"
0047c12e,_toupper,48,1,"__toupper_l"
0047c15e,FID_conflict:___acrt_errno_from_os_error,67,1,""
0047c1a1,___acrt_errno_map_os_error,35,1,"FID_conflict:___acrt_errno_from_os_error ___doserrno __errno"
0047c1c4,___doserrno,19,0,"___acrt_getptd_noexit"
0047c1d7,__errno,19,0,"___acrt_getptd_noexit"
0047c1ea,make_c_string_character_source<>,27,3,""
0047c205,_strtol,44,3,"make_c_string_character_source<> parse_integer<unsigned_long,__crt_strtox::c_string_character_source<char>_>"
0047c231,__mbtowc_l,250,4,"MultiByteToWideChar _LocaleUpdate __errno __isleadbyte_l"
0047c32b,_mbtowc,26,3,"__mbtowc_l"
0047c345,__wctomb_s_l,289,5,"FUN_0047a58c GetLastError WideCharToMultiByte _LocaleUpdate __errno _memset"
0047c466,_wctomb_s,29,4,"__wctomb_s_l"
0047c483,FUN_0047c483,295,2,""
0047c5aa,FUN_0047c5aa,439,2,""
0047c761,operator()<>,68,2,"FUN_0047c7a5 __SEH_epilog4 __SEH_prolog4 ___acrt_lock replace_current_thread_locale_nolock"
0047c7a5,FUN_0047c7a5,12,0,"___acrt_unlock"
0047c7b1,operator()<>,85,2,"FID_conflict:_free FUN_0047c806 __SEH_epilog4 __SEH_prolog4 ___acrt_lock"
0047c806,FUN_0047c806,12,0,"___acrt_unlock"
0047c812,operator()<>,63,2,"FUN_0047c851 __SEH_epilog4 __SEH_prolog4 ___acrt_lock replace_current_thread_locale_nolock"
0047c851,FUN_0047c851,12,0,"___acrt_unlock"
0047c85d,operator()<>,60,2,"FUN_0047c899 __SEH_epilog4 __SEH_prolog4 ___acrt_lock"
0047c899,FUN_0047c899,12,0,"___acrt_unlock"
0047c8a5,__acrt_lock_and_call<<lambda_6250bd4b2a391816dd638c3bf72b0bcb>_>,40,2,"operator()<>"
0047c8cd,__acrt_lock_and_call<<lambda_b2ea41f6bbb362cd97d94c6828d90b61>_>,40,2,"operator()<>"
0047c8f5,__acrt_lock_and_call<<lambda_be2b3da3f62db62e9dad5dc70221a656>_>,40,2,"operator()<>"
0047c91d,__acrt_lock_and_call<<lambda_e69574bed617af4e071282c136b37893>_>,40,2,"operator()<>"
0047c945,construct_ptd,121,2,"__acrt_lock_and_call<<lambda_b2ea41f6bbb362cd97d94c6828d90b61>_> __acrt_lock_and_call<<lambda_e69574bed617af4e071282c136b37893>_>"
0047c9be,destroy_fls,33,1,"FID_conflict:_free destroy_ptd"
0047c9df,destroy_ptd,169,1,"FID_conflict:_free __acrt_lock_and_call<<lambda_6250bd4b2a391816dd638c3bf72b0bcb>_> __acrt_lock_and_call<<lambda_be2b3da3f62db62e9dad5dc70221a656>_>"
0047ca88,replace_current_thread_locale_nolock,75,2,"___acrt_add_locale_ref ___acrt_free_locale ___acrt_release_locale_ref"
0047cad3,FUN_0047cad3,131,0,"FID_conflict:_free GetLastError SetLastError ___acrt_FlsGetValue@4 ___acrt_FlsSetValue@8 __calloc_base _abort construct_ptd"
0047cb57,___acrt_getptd_noexit,133,0,"FID_conflict:_free GetLastError SetLastError ___acrt_FlsGetValue@4 ___acrt_FlsSetValue@8 __calloc_base construct_ptd"
0047cc08,FUN_0047cc08,26,0,"___acrt_FlsFree@4"
0047cc22,___acrt_update_locale_info,45,2,"FUN_00480e1f"
0047cc4f,___acrt_update_multibyte_info,45,2,"___acrt_update_thread_multibyte_data"
0047cc7c,__acrt_fp_classify,108,1,""
0047cce8,__acrt_fp_is_negative,30,1,""
0047cd06,fp_format_a,771,9,"FUN_00476b20 FUN_0047a58c _LocaleUpdate __alldvrm __aullshr __errno _memset fp_format_e"
0047d009,fp_format_e,155,9,"FUN_0047d0a4 FUN_00481791 ___acrt_fp_strflt_to_string"
0047d0a4,FUN_0047d0a4,330,8,"FUN_00476dc0 FUN_0047a58c _LocaleUpdate __errno __invoke_watson _strcpy_s shift_bytes"
0047d1ef,fp_format_f,141,7,"FUN_00481791 ___acrt_fp_strflt_to_string fp_format_f_internal"
0047d27c,fp_format_f_internal,215,6,"_LocaleUpdate _memset shift_bytes"
0047d353,fp_format_g,200,9,"FUN_0047d0a4 FUN_00481791 ___acrt_fp_strflt_to_string fp_format_f_internal"
0047d41b,FUN_0047d41b,247,5,"__invoke_watson __security_check_cookie _strcpy_s"
0047d513,shift_bytes,52,4,"FUN_00476dc0"
0047d547,___acrt_fp_format,330,10,"FUN_0047a58c FUN_0047d41b __acrt_fp_classify __acrt_fp_is_negative __errno fp_format_a fp_format_e fp_format_f fp_format_g"
0047d691,__fileno,38,1,"FUN_0047a58c __errno"
0047d7cb,__lock_file,20,1,"EnterCriticalSection"
0047d7df,FUN_0047d7df,20,1,"LeaveCriticalSection"
0047d7f3,__get_printf_count_output,21,0,""
0047d808,initialize_inherited_file_handles_nolock,182,0,"GetFileType GetStartupInfoW ___acrt_lowio_ensure_fh_exists"
0047d8be,FUN_0047d8be,182,0,"GetFileType GetStdHandle"
0047d9c1,FUN_0047d9c1,9,0,"___acrt_unlock"
0047d9f6,try_get_CompareStringEx,26,0,"try_get_function"
0047da10,try_get_function,156,4,"GetProcAddress __crt_fast_encode_pointer<void*> try_get_module"
0047daac,try_get_module,123,1,"FreeLibrary GetLastError LoadLibraryExW"
0047db27,___acrt_AreFileApisANSI@0,78,0,"__security_check_cookie guard_check_icall try_get_function"
0047db75,___acrt_CompareStringEx@36,116,9,"CompareStringW ___acrt_LocaleNameToLCID@8 __security_check_cookie guard_check_icall try_get_CompareStringEx"
0047dbe9,___acrt_FlsAlloc@4,86,1,"TlsAlloc __security_check_cookie guard_check_icall try_get_function"
0047dc3f,___acrt_FlsFree@4,86,1,"TlsFree __security_check_cookie guard_check_icall try_get_function"
0047dc95,___acrt_FlsGetValue@4,86,1,"TlsGetValue __security_check_cookie guard_check_icall try_get_function"
0047dceb,___acrt_FlsSetValue@8,89,2,"TlsSetValue __security_check_cookie guard_check_icall try_get_function"
0047dd44,___acrt_GetSystemTimePreciseAsFileTime@4,86,1,"GetSystemTimeAsFileTime __security_check_cookie guard_check_icall try_get_function"
0047dd9a,___acrt_InitializeCriticalSectionEx@12,98,3,"InitializeCriticalSectionAndSpinCount __security_check_cookie guard_check_icall try_get_function"
0047ddfc,___acrt_LCMapStringEx@36,136,9,"LCMapStringW ___acrt_LocaleNameToLCID@8 __security_check_cookie guard_check_icall try_get_function"
0047de84,___acrt_LocaleNameToLCID@8,92,2,"___acrt_DownlevelLocaleNameToLCID __security_check_cookie guard_check_icall try_get_function"
0047dee0,___acrt_RoInitialize@4,82,1,"__security_check_cookie guard_check_icall try_get_function"
0047df32,___acrt_RoUninitialize@0,73,0,"__security_check_cookie guard_check_icall try_get_function"
0047dfa1,___acrt_is_packaged_app,135,1,"__security_check_cookie guard_check_icall try_get_function"
0047e028,___acrt_uninitialize_winapi_thunks,54,1,"FreeLibrary"
0047e05e,___pctype_func,38,0,"FUN_0047cad3 ___acrt_update_locale_info"
0047e084,__isctype_l,210,3,"_LocaleUpdate ___acrt_GetStringTypeA __isleadbyte_l __security_check_cookie"
0047e156,initialize,49,2,""
0047e187,initialize,49,2,""
0047e1ef,FUN_0047e1ef,6,0,""
0047e1f5,FUN_0047e1f5,6,0,""
0047e1fb,FUN_0047e1fb,6,0,""
0047e201,FUN_0047e201,6,0,""
0047e207,FUN_0047e207,44,1,"FUN_0047a58c __errno"
0047e233,FUN_0047e233,44,1,"FUN_0047a58c __errno"
0047e25f,FUN_0047e25f,44,1,"FUN_0047a58c __errno"
0047e28b,__crt_time_elapsed_leap_years<int>,58,1,""
0047e2c5,__crt_time_is_leap_year<int>,65,1,""
0047e306,common_gmtime_s<__int64>,333,2,"FUN_0047a58c __alldiv __errno compute_year"
0047e453,compute_year,164,2,"__alldiv __crt_time_elapsed_leap_years<int> __crt_time_is_leap_year<int>"
0047e4f7,___getgmtimebuf,62,0,"FID_conflict:_free ___acrt_getptd_noexit __errno __malloc_base"
0047e535,FUN_0047e535,11,2,"common_gmtime_s<__int64>"
0047e540,FUN_0047e540,486,1,"FUN_0047e207 FUN_0047e727 __invoke_watson"
0047e727,FUN_0047e727,335,11,"FUN_0047e233 __crt_time_elapsed_leap_years<int> __crt_time_is_leap_year<int> __invoke_watson"
0047e877,FUN_0047e877,468,1,"FID_conflict:_atoi FID_conflict:_free FUN_0047e1ef FUN_0047e1fb FUN_0047e201 FUN_0047e207 FUN_0047e25f FUN_0048360f __invoke_watson __malloc_base _strcpy_s"
0047ea4c,FUN_0047ea4c,346,0,"FID_conflict:_free FUN_0047e1ef FUN_0047e1f5 FUN_0047e1fb FUN_0047e201 FUN_0047e207 FUN_0047e233 FUN_0047e25f GetTimeZoneInformation WideCharToMultiByte ____lc_codepage_func __invoke_watson"
0047eba7,tzset_nolock,224,0,"FID_conflict:_free FUN_0047e877 FUN_0047ea4c FUN_00483553 __malloc_base __security_check_cookie"
0047ec87,___tzset,72,0,"FUN_0047eccf __SEH_epilog4 __SEH_prolog4 ___acrt_lock tzset_nolock"
0047eccf,FUN_0047eccf,9,0,"___acrt_unlock"
0047ecd8,__isindst,62,1,"FUN_0047e540 FUN_0047ed19 __SEH_epilog4 __SEH_prolog4 ___acrt_lock"
0047ed19,FUN_0047ed19,9,0,"___acrt_unlock"
0047ed22,___acrt_copy_path_to_wide_string,199,2,"FID_conflict:_free FUN_0047a58c GetLastError MultiByteToWideChar ___acrt_AreFileApisANSI@0 ___acrt_errno_map_os_error __errno __malloc_base"
0047ede9,__wmkdir,42,1,"CreateDirectoryW GetLastError ___acrt_errno_map_os_error"
0047ee54,___acrt_lock,23,1,"EnterCriticalSection"
0047ee6b,FUN_0047ee6b,49,0,"DeleteCriticalSection"
0047ee9c,___acrt_unlock,23,1,"LeaveCriticalSection"
0047eeb3,FUN_0047eeb3,24,2,""
0047eecb,FUN_0047eecb,399,2,"FID_conflict:_free FUN_0047a58c FUN_0047f05b FUN_0048360f ___acrt_allocate_buffer_for_argv __errno __invoke_watson _strpbrk expand_argument_wildcards<> ~argument_list<>"
0047f05b,FUN_0047f05b,149,4,"FID_conflict:_free FUN_0048360f __calloc_base __invoke_watson append"
0047f0f1,expand_argument_wildcards<>,388,3,"FUN_0047f05b FindClose FindFirstFileExA FindNextFileA __mbsdec __security_check_cookie _memset _qsort"
0047f275,~argument_list<>,37,1,"FID_conflict:_free"
0047f29a,append,53,2,"FID_conflict:_free expand_if_necessary"
0047f2cf,expand_if_necessary,135,1,"FID_conflict:_free FUN_0047ffff __calloc_base"
0047f356,FUN_0047f356,11,2,"FUN_0047eecb"
0047f361,operator()<<lambda_978dc153c237d78434369da87b74ff60>,<lambda_ad1ced32f4ac17aa236e5ef05d6b3b7c>&,<lambda_4a8533e2866a575feecb8298ce776b0d>_>,55,4,"FUN_0047f398 __SEH_epilog4 __SEH_prolog4 ___acrt_lock operator()"
0047f398,FUN_0047f398,12,0,"___acrt_unlock"
0047f3a4,__acrt_lock_and_call<<lambda_ad1ced32f4ac17aa236e5ef05d6b3b7c>_>,40,2,"operator()<<lambda_978dc153c237d78434369da87b74ff60>,<lambda_ad1ced32f4ac17aa236e5ef05d6b3b7c>&,<lambda_4a8533e2866a575feecb8298ce776b0d>_>"
0047f3cc,operator(),196,1,"FID_conflict:_free _memcpy_s"
0047f490,CPtoLocaleName,62,1,""
0047f4ce,getSystemCP,115,1,"GetACP GetOEMCP _LocaleUpdate"
0047f541,setSBCS,101,1,"_memset"
0047f5a6,setSBUpLow,404,1,"GetCPInfo ___acrt_GetStringTypeA ___acrt_LCMapStringA __security_check_cookie"
0047f73a,setmbcp_internal,257,2,"FID_conflict:_free FUN_0047cad3 ___acrt_set_locale_changed ___acrt_update_thread_multibyte_data __acrt_lock_and_call<<lambda_ad1ced32f4ac17aa236e5ef05d6b3b7c>_> __errno __malloc_base __setmbcp_nolock getSystemCP"
0047f83b,___acrt_initialize_multibyte,30,0,"setmbcp_internal"
0047f859,___acrt_update_thread_multibyte_data,150,0,"FID_conflict:_free FUN_0047cad3 FUN_0047f8ea __SEH_epilog4 __SEH_prolog4 ___acrt_lock _abort"
0047f8ea,FUN_0047f8ea,9,0,"___acrt_unlock"
0047f8fb,__setmbcp_nolock,497,2,"CPtoLocaleName GetCPInfo IsValidCodePage __security_check_cookie _memset getSystemCP setSBCS setSBUpLow"
0047faec,_memcpy_s,129,4,"FUN_0047a58c FUN_00487130 __errno _memset"
0047fb6d,x_ismbbtype_l,89,4,"_LocaleUpdate"
0047fbc6,__ismbblead,24,1,"x_ismbbtype_l"
0047fbfa,find_end_of_double_null_terminated_sequence,55,1,""
0047fc31,___dcrt_get_narrow_environment_from_os,131,0,"FID_conflict:_free FreeEnvironmentStringsW GetEnvironmentStringsW WideCharToMultiByte __malloc_base find_end_of_double_null_terminated_sequence"
0047fcb4,FUN_0047fcb4,570,2,"FID_conflict:_free FUN_00476c60 FUN_0047feef FUN_0047ffff SetEnvironmentVariableA __calloc_base __errno __invoke_watson _strcpy_s common_get_or_create_environment_nolock<char> find_in_environment_nolock<char>"
0047feef,FUN_0047feef,176,1,"FID_conflict:_free __calloc_base __invoke_watson _abort _strcpy_s"
0047ffa0,find_in_environment_nolock<char>,84,2,"__strnicoll"
0047fff4,FUN_0047fff4,11,2,"FUN_0047fcb4"
0047ffff,FUN_0047ffff,11,3,"__recalloc_base"
0048000a,__recalloc_base,109,3,"FID_conflict:__msize_base __errno __realloc_base _memset"
00480092,___acrt_execute_initializers,131,2,"__security_check_cookie guard_check_icall"
00480115,___acrt_execute_uninitializers,77,2,"__security_check_cookie guard_check_icall"
00480162,operator()<>,75,1,"FUN_004801b0 __SEH_epilog4 __SEH_prolog4 ___acrt_lock"
004801b0,FUN_004801b0,12,0,"___acrt_unlock"
004801bc,__acrt_lock_and_call<<lambda_ec61778202f4f5fc7e7711acc23c3bca>_>,40,2,"operator()<>"
004801e4,get_global_action_nolock,66,1,""
00480226,initialize,49,2,""
00480257,siglookup,40,2,""
0048027f,___acrt_get_sigabrt_handler,23,0,"__acrt_lock_and_call<<lambda_ec61778202f4f5fc7e7711acc23c3bca>_>"
00480296,___acrt_initialize_signal_handlers,59,1,"initialize"
004802d1,FUN_004802d1,9,0,"FUN_0047cad3"
004802da,_raise,490,1,"FUN_0047a58c FUN_0047cad3 FUN_004802d1 FUN_0048049a FUN_00486d29 __SEH_prolog4_GS ___acrt_getptd_noexit ___acrt_lock ___acrt_unlock __errno __exit get_global_action_nolock guard_check_icall siglookup"
0048049a,FUN_0048049a,15,0,"___acrt_unlock"
004804e2,___acrt_lowio_create_handle_array,122,0,"FID_conflict:_free ___acrt_InitializeCriticalSectionEx@12 __calloc_base"
0048055c,___acrt_lowio_destroy_handle_array,53,1,"DeleteCriticalSection FID_conflict:_free"
00480591,___acrt_lowio_ensure_fh_exists,140,1,"FUN_0047a58c FUN_00480620 __SEH_epilog4 __SEH_prolog4 ___acrt_lock ___acrt_lowio_create_handle_array __errno"
00480620,FUN_00480620,9,0,"___acrt_unlock"
00480629,___acrt_lowio_lock_fh,35,1,"EnterCriticalSection"
0048064c,___acrt_lowio_unlock_fh,35,1,"LeaveCriticalSection"
0048066f,__free_osfhnd,145,1,"FUN_0047b861 SetStdHandle ___doserrno __errno"
00480700,__get_osfhandle,106,1,"FUN_0047a58c ___doserrno __errno"
0048076a,____lc_codepage_func,39,0,"FUN_0047cad3 ___acrt_update_locale_info"
00480791,___acrt_locale_free_monetary,254,1,"FID_conflict:_free"
0048088f,___acrt_locale_free_numeric,105,1,"FID_conflict:_free"
004808f8,free_crt_array_internal,60,2,"FID_conflict:_free"
00480934,___acrt_locale_free_time,228,1,"FID_conflict:_free free_crt_array_internal"
00480a18,___acrt_GetStringTypeA,285,7,"GetStringTypeW MultiByteToWideChar _LocaleUpdate __alloca_probe_16 __freea_crt __malloc_base __security_check_cookie _memset"
00480b35,__freea_crt,32,1,"FID_conflict:_free"
00480b55,___acrt_add_locale_ref,125,1,"___acrt_locale_add_lc_time_reference"
00480bd2,___acrt_free_locale,330,1,"FID_conflict:_free ___acrt_locale_free_lc_time_if_unreferenced ___acrt_locale_free_monetary ___acrt_locale_free_numeric"
00480d1c,___acrt_locale_add_lc_time_reference,41,1,""
00480d45,___acrt_locale_free_lc_time_if_unreferenced,48,1,"FID_conflict:_free ___acrt_locale_free_time"
00480d75,___acrt_locale_release_lc_time_reference,41,1,""
00480d9e,___acrt_release_locale_ref,129,1,"___acrt_locale_release_lc_time_reference"
00480e1f,FUN_00480e1f,107,0,"FUN_0047cad3 FUN_00480e85 __SEH_epilog4 __SEH_prolog4 ___acrt_lock __updatetlocinfoEx_nolock _abort"
00480e85,FUN_00480e85,9,0,"___acrt_unlock"
00480e96,__updatetlocinfoEx_nolock,80,2,"___acrt_add_locale_ref ___acrt_free_locale ___acrt_release_locale_ref"
00480ee6,___hw_cw_sse2,171,1,""
00480f91,__clearfp,222,0,""
0048106f,__control87,770,2,"___hw_cw_sse2 ___set_fpsr_sse2 __hw_cw"
00481371,__hw_cw,153,1,""
0048140a,__isleadbyte_l,57,2,"_LocaleUpdate"
00481443,__acrt_LCMapStringA_stat,541,9,"MultiByteToWideChar WideCharToMultiByte ___acrt_LCMapStringEx@36 ___strncnt __alloca_probe_16 __freea_crt __malloc_base __security_check_cookie"
00481660,___acrt_LCMapStringA,75,9,"_LocaleUpdate __acrt_LCMapStringA_stat"
004816ab,___acrt_fp_strflt_to_string,188,4,"FUN_00476dc0 FUN_0047a58c __errno"
00481767,scoped_fp_state_reset,42,1,"fegetenv feholdexcept"
00481791,FUN_00481791,5019,6,"FUN_00483f60 FUN_00484070 FUN_00487040 FUN_00487130 __acrt_fp_classify __allshl __invoke_watson __security_check_cookie _memcpy_s _memset _strcpy_s divide fesetenv scoped_fp_state_reset"
00482b2d,_memcpy_s,129,4,"FUN_0047a58c FUN_00487130 __errno _memset"
00482bae,FUN_00482bae,151,0,"DeleteCriticalSection FID_conflict:_free FUN_00482c45 FUN_00484b23 __SEH_epilog4 __SEH_prolog4 ___acrt_lock"
00482c45,FUN_00482c45,9,0,"___acrt_unlock"
00482c4e,___acrt_stdio_flush_nolock,102,1,"__fileno __write"
00482cb4,__fflush_nolock,71,1,"___acrt_stdio_flush_nolock __commit __fileno common_flush_all"
00482cfb,FUN_00482cfb,9,0,"common_flush_all"
00482d04,common_flush_all,188,1,"FUN_00482da9 FUN_00482dd3 __SEH_epilog4 __SEH_prolog4 ___acrt_lock __fflush_nolock __lock_file"
00482da9,FUN_00482da9,10,0,"FUN_0047d7df"
00482dd3,FUN_00482dd3,9,0,"___acrt_unlock"
00482ddc,___acrt_stdio_free_buffer_nolock,62,1,"FID_conflict:_free"
00482e1a,__isatty,86,1,"FUN_0047a58c __errno"
00482e70,GetTableIndexFromLocaleName,188,1,""
00482f2c,___acrt_DownlevelLocaleNameToLCID,44,1,"GetTableIndexFromLocaleName"
00482f58,___get_abstract_control_sse2,125,1,""
00482fd5,___get_abstract_control_x87,115,1,""
00483048,___get_machine_control,113,1,""
004830b9,___get_machine_control_sse2,128,1,""
00483139,___get_machine_status_sse2,97,1,""
0048319a,___get_machine_status_x87,97,1,""
004831fb,__getfpcontrolword,67,0,"___get_abstract_control_sse2 ___get_abstract_control_x87"
0048323e,__getfpstatusword,168,0,""
004832e6,__setfpcontrolword,128,1,"___get_machine_control ___get_machine_control_sse2"
00483366,__setfpstatusword,128,1,"___get_machine_status_sse2 ___get_machine_status_x87"
004833e6,common_getenv_nolock<char>,112,1,"__strnicoll common_get_or_create_environment_nolock<char>"
00483456,common_getenv_s<>,73,4,"FUN_004834a2 FUN_004834ab __SEH_epilog4 __SEH_prolog4 ___acrt_lock"
004834a2,FUN_004834a2,9,0,"___acrt_unlock"
004834ab,FUN_004834ab,167,4,"FUN_0047a58c __errno __invoke_watson _strcpy_s common_getenv_nolock<char>"
00483553,FUN_00483553,11,4,"common_getenv_s<>"
0048355e,common_tcsncpy_s<char>,177,4,"FUN_0047a58c __errno"
0048360f,FUN_0048360f,11,4,"common_tcsncpy_s<char>"
00483620,shortsort,147,4,"__security_check_cookie guard_check_icall"
004836c0,swap,57,3,""
00483700,_qsort,916,4,"FUN_0047a58c __errno __security_check_cookie guard_check_icall shortsort swap"
00483aa0,_strpbrk,64,2,""
00483ae0,__mbsdec,23,2,"__mbsdec_l"
00483af7,__mbsdec_l,141,3,"FUN_0047a58c _LocaleUpdate __errno"
00483b93,__strnicoll,41,3,"__strnicmp __strnicoll_l"
00483bbc,__strnicoll_l,202,4,"FUN_0047a58c _LocaleUpdate ___acrt_CompareStringA __errno __strnicmp_l"
00483c86,FID_conflict:__msize_base,51,1,"FUN_0047a58c HeapSize __errno"
00483cb9,__realloc_base,105,2,"FID_conflict:_free FUN_0047bb41 HeapReAlloc __callnewh __errno __malloc_base"
00483d22,___set_fpsr_sse2,72,1,"__SEH_epilog4 __SEH_prolog4"
00483d98,__clrfp,19,0,""
00483dab,__ctrlfp,44,0,""
00483dd7,FUN_00483dd7,91,0,""
00483e32,__statfp,18,0,""
00483e44,___strncnt,28,2,""
00483e60,fegetenv,29,1,"__getfpcontrolword __getfpstatusword"
00483e7d,fesetenv,73,1,"__setfpcontrolword __setfpstatusword fegetenv"
00483ec6,feholdexcept,79,1,"__clearfp fegetenv fesetenv"
00483f60,FUN_00483f60,79,0,"FUN_00483fb8 FUN_00485100 FUN_00485818"
00483fb8,FUN_00483fb8,197,2,"FUN_004857bc __math_exit __startOneArgErrorHandling"
00484070,FUN_00484070,470,1,"FUN_00486191 ___libm_error_support __ctrlfp __except1 __sptype"
0048418d,write_double_translated_ansi_nolock,435,3,"GetConsoleCP GetLastError WideCharToMultiByte WriteFile ___pctype_func __security_check_cookie _mbtowc"
00484340,write_double_translated_unicode_nolock,109,2,"GetLastError __putwch_nolock"
004843ad,write_requires_double_translation_nolock,118,1,"FUN_0047cad3 GetConsoleMode __isatty"
00484423,write_text_ansi_nolock,223,3,"GetLastError WriteFile __alloca_probe __security_check_cookie"
00484502,write_text_utf16le_nolock,238,3,"GetLastError WriteFile __alloca_probe __security_check_cookie"
004845f0,write_text_utf8_nolock,301,3,"GetLastError WideCharToMultiByte WriteFile __alloca_probe __security_check_cookie"
0048471d,__write,221,3,"FUN_0047a58c FUN_004847df __SEH_epilog4 __SEH_prolog4 ___acrt_lowio_lock_fh ___doserrno __errno __write_nolock"
004847df,FUN_004847df,8,0,"___acrt_lowio_unlock_fh"
00484808,__write_nolock,524,3,"FUN_0047a58c GetLastError WriteFile ___acrt_errno_map_os_error ___doserrno __errno __lseeki64_nolock __security_check_cookie write_double_translated_ansi_nolock write_double_translated_unicode_nolock write_requires_double_translation_nolock write_text_ansi_nolock write_text_utf16le_nolock write_text_utf8_nolock"
00484a14,common_lseek_nolock<__int64>,126,3,"GetLastError SetFilePointerEx ___acrt_errno_map_os_error __errno __get_osfhandle"
00484a92,__lseeki64_nolock,27,3,"common_lseek_nolock<__int64>"
00484aad,__fclose_nolock,118,1,"FID_conflict:_free FUN_0047a58c ___acrt_stdio_flush_nolock ___acrt_stdio_free_buffer_nolock __acrt_stdio_free_stream __close __errno __fileno"
00484b23,FUN_00484b23,115,1,"FUN_0047a58c FUN_00484b99 __SEH_epilog4 __SEH_prolog4 __acrt_stdio_free_stream __errno __fclose_nolock __lock_file"
00484b99,FUN_00484b99,10,0,"FUN_0047d7df"
00484ba3,operator()<>,137,2,"FUN_00484c2f FlushFileBuffers GetLastError __SEH_epilog4 __SEH_prolog4 ___acrt_lowio_lock_fh ___doserrno __errno __get_osfhandle"
00484c2f,FUN_00484c2f,12,0,"___acrt_lowio_unlock_fh"
00484c3b,__acrt_lowio_lock_fh_and_call<<lambda_6978c1fb23f02e42e1d9e99668cc68aa>_>,40,2,"operator()<>"
00484c63,__commit,111,1,"FUN_0047a58c __acrt_lowio_lock_fh_and_call<<lambda_6978c1fb23f02e42e1d9e99668cc68aa>_> __errno"
00484cd2,__strnicmp,108,3,"FUN_0047a58c ___ascii_strnicmp __errno __strnicmp_l"
00484d3e,__strnicmp_l,183,4,"FUN_0047a58c _LocaleUpdate ___ascii_strnicmp __errno __tolower_l"
00484df5,InternalCompareStringA,680,8,"GetCPInfo MultiByteToWideChar ___acrt_CompareStringEx@36 ___strncnt __alloca_probe_16 __freea_crt __malloc_base __security_check_cookie"
0048509d,___acrt_CompareStringA,72,8,"InternalCompareStringA _LocaleUpdate"
00485100,FUN_00485100,24,0,"FUN_0048511e"
0048511e,FUN_0048511e,614,1,"___libm_error_support"
00485590,__trandisp1,103,2,""
004855f7,__trandisp2,140,2,""
0048577d,FUN_0048577d,7,0,""
004857a5,FUN_004857a5,23,0,""
004857bc,FUN_004857bc,25,0,""
004857d5,__fload_withFB,67,2,""
00485818,FUN_00485818,22,2,""
0048583b,__math_exit,42,5,"__startOneArgErrorHandling"
00485920,FUN_00485920,23,8,""
00485937,__startOneArgErrorHandling,60,6,"__87except"
00485973,___libm_error_support,536,4,"DecodePointer __errno __security_check_cookie guard_check_icall"
00485c44,__putwch_nolock,69,1,"WriteConsoleW ___dcrt_lowio_initialize_console_output"
00485c89,operator()<>,115,2,"FUN_00485cff __SEH_epilog4 __SEH_prolog4 ___acrt_lowio_lock_fh __close_nolock __errno"
00485cff,FUN_00485cff,12,0,"___acrt_lowio_unlock_fh"
00485d0b,__acrt_lowio_lock_fh_and_call<<lambda_2fe9b910cf3cbf4a0ab98a02ba45b3ec>_>,40,2,"operator()<>"
00485d33,__close,127,1,"FUN_0047a58c ___doserrno __acrt_lowio_lock_fh_and_call<<lambda_2fe9b910cf3cbf4a0ab98a02ba45b3ec>_> __errno"
00485db2,__close_nolock,156,1,"CloseHandle GetLastError ___acrt_errno_map_os_error __free_osfhnd __get_osfhandle"
00485e4e,__acrt_stdio_free_stream,59,1,""
00485e90,___ascii_strnicmp,97,3,""
00485ef1,FUN_00485ef1,106,1,"FUN_00486191 __fpclass"
00485f5b,FUN_00485f5b,299,5,"FUN_00485ef1"
00486086,__87except,267,3,"___acrt_has_user_matherr ___acrt_invoke_user_matherr __ctrlfp __handle_exc __raise_exc __security_check_cookie __set_errno_from_matherr"
00486191,FUN_00486191,22,1,""
004861a7,__errcode,52,1,""
004861db,__except1,206,5,"___acrt_has_user_matherr __ctrlfp __errcode __handle_exc __raise_exc_ex __security_check_cookie __set_errno_from_matherr __umatherr"
004862a9,__handle_exc,480,3,"FUN_00483dd7 FUN_0048686e"
00486489,__raise_exc,35,6,"__raise_exc_ex"
004864ac,__raise_exc_ex,753,7,"RaiseException __clrfp __statfp"
0048679d,__set_errno_from_matherr,47,1,"__errno"
004867cc,__umatherr,162,8,"___acrt_invoke_user_matherr __ctrlfp __set_errno_from_matherr"
0048686e,FUN_0048686e,212,3,"__set_exp"
00486942,__set_exp,47,2,""
00486971,__sptype,94,2,""
004869cf,___dcrt_lowio_initialize_console_output,31,0,"CreateFileW"
00486a05,__fpclass,164,1,"__sptype"
00486aaa,IsProcessorFeaturePresent,6,1,""
00486ab0,RtlUnwind,6,4,""
00486ab6,__EH_prolog3_catch,55,1,""
00486af0,__FindPESection,67,2,""
00486b40,__IsNonwritableInCurrentImage,164,1,"__FindPESection __ValidateImageBase"
00486c00,__ValidateImageBase,49,1,""
00486c40,__aulldvrm,149,4,""
00486ce0,__SEH_prolog4_GS,73,2,""
00486d29,FUN_00486d29,17,0,"__SEH_epilog4 __security_check_cookie"
00486d40,__allmul,52,4,""
00486d80,__allshl,31,2,""
00486da0,__aullshr,31,2,""
00486dc0,__alldvrm,223,4,""
00486ea0,__alldiv,170,4,""
00486f50,__allrem,178,4,""
00487010,__alloca_probe_16,22,0,"__alloca_probe"
00487026,__alloca_probe_8,22,0,"__alloca_probe"
00487040,FUN_00487040,145,2,""
00487100,__alloca_probe,45,0,""
00487130,FUN_00487130,1330,3,""
004876b0,__aulldiv,104,4,""
004878bd,FUN_004878bd,68,2,"__except1"
00487910,FUN_00487910,619,0,"FUN_004878bd"
00487a70,FUN_00487a70,39,0,""
00487aaa,FUN_00487aaa,10,1,"__cintrindisp2"
00487aca,FUN_00487aca,10,1,"__cintrindisp2"
00487af0,FUN_00487af0,1311,1,"FUN_00488ecf ___libm_error_support"
00488010,FUN_00488010,747,1,"FUN_0048901f"
00488300,FUN_00488300,440,1,"FUN_0048913f"
004884c0,FUN_004884c0,453,1,"FUN_0048926f"
00488690,__libm_sse2_sqrt_precise,254,1,"FUN_00489324 ___libm_error_support"
00488790,FUN_00488790,605,1,"FUN_0048945f"
00488a00,FUN_00488a00,438,1,"FUN_00486191 __ctrlfp __except1 __sptype"
00488b6c,FUN_00488b6c,9,0,""
00488bb0,__cintrindisp2,68,2,"FUN_00488c7f ___acrt_has_user_matherr __trandisp2"
00488bf4,__cintrindisp1,67,2,"FUN_00488c7f ___acrt_has_user_matherr __trandisp1"
00488c37,__ctrandisp2,65,4,"FUN_00488c78 __fload __trandisp2"
00488c78,FUN_00488c78,7,0,""
00488c7f,FUN_00488c7f,327,0,"__87except"
00488dc6,__ctrandisp1,51,2,"FUN_00488c78 __fload __trandisp1"
00488df9,__fload,60,2,""
00488ecf,FUN_00488ecf,183,3,"FUN_004857a5 FUN_004857bc __fload_withFB __math_exit __startOneArgErrorHandling"
0048901f,FUN_0048901f,134,3,"FUN_004857bc __fload_withFB __math_exit __startOneArgErrorHandling"
0048913f,FUN_0048913f,147,3,"__fload_withFB __math_exit __startOneArgErrorHandling"
0048926f,FUN_0048926f,147,3,"__fload_withFB __math_exit __startOneArgErrorHandling"
00489310,FUN_00489310,20,0,"FUN_00485818 FUN_0048932d"
00489324,FUN_00489324,9,3,"__fload_withFB"
0048932d,FUN_0048932d,157,2,"FUN_004857a5 FUN_004857bc __math_exit __startOneArgErrorHandling"
0048945f,FUN_0048945f,151,3,"__fload_withFB __math_exit __startOneArgErrorHandling"
004895b0,FUN_004895b0,24,0,"FUN_004895ce"
004895ce,FUN_004895ce,1334,1,"___libm_error_support"
00489b10,FUN_00489b10,24,0,"FUN_00489b2e"
00489b2e,FUN_00489b2e,681,1,""
00489de0,FUN_00489de0,24,1,"FUN_00489dfe"
00489dfe,FUN_00489dfe,395,3,"FUN_0048913f"
00489f90,FUN_00489f90,24,1,"FUN_00489fae"
00489fae,FUN_00489fae,425,3,"FUN_0048926f"
0048a160,FUN_0048a160,24,1,"FUN_0048a17e"
0048a17e,FUN_0048a17e,564,3,"FUN_0048945f"
0048a400,Unwind@0048a400,11,0,"FUN_00409770"
0048a470,Unwind@0048a470,18,0,"FUN_004749df"
0048a4a0,Unwind@0048a4a0,15,0,"FUN_004749df"
0048a4af,Unwind@0048a4af,15,0,"FUN_004749df"
0048a500,Unwind@0048a500,30,0,"`eh_vector_destructor_iterator'"
0048a560,Unwind@0048a560,18,0,"FUN_004749df"
0048a5f0,Unwind@0048a5f0,18,0,"FUN_004749df"
0048a640,Unwind@0048a640,14,0,"FUN_00402f20"
0048a6b0,Unwind@0048a6b0,18,0,"FUN_004749df"
0048a730,Unwind@0048a730,21,0,"FUN_004749df"
0048a7b0,Unwind@0048a7b0,11,0,"FUN_0042f150"
0048a820,Unwind@0048a820,18,0,"FUN_004749df"
0048a870,Unwind@0048a870,18,0,"FUN_004749df"
0048a900,Unwind@0048a900,18,0,"FUN_004749df"
0048a930,Unwind@0048a930,18,0,"FUN_004749df"
0048a980,Unwind@0048a980,21,0,"FUN_004749df"
0048a9e0,Unwind@0048a9e0,45,0,"FUN_00475134"
0048aaa0,Unwind@0048aaa0,8,0,"FUN_00402f20"
0048aaa8,Unwind@0048aaa8,30,0,"`eh_vector_destructor_iterator'"
0048aac6,Unwind@0048aac6,30,0,"`eh_vector_destructor_iterator'"
0048aae4,Unwind@0048aae4,14,0,"FUN_004093b0"
0048aaf2,Unwind@0048aaf2,27,0,"`eh_vector_destructor_iterator'"
0048ab50,Unwind@0048ab50,18,0,"FUN_004749df"
0048ab90,Unwind@0048ab90,18,0,"FUN_004749df"
0048ac20,FUN_0048ac20,1,0,""
0048ac30,FUN_0048ac30,1,0,""
0048ac60,FUN_0048ac60,20,0,"`eh_vector_destructor_iterator'"
0048ac80,FUN_0048ac80,20,0,"FUN_00402f30"
0048aca0,thunk_FUN_00458520,5,0,"FUN_00458520"
0048acb0,FUN_0048acb0,20,0,"FUN_00402f30"
0048acd0,FUN_0048acd0,10,0,"FUN_0045d360"
