entry,name,size,params,callees
00401270,FUN_00401270,125,0,""
004013d0,FUN_004013d0,973,0,"FUN_004165c0 _atexit"
004017f0,FUN_004017f0,26,0,"FUN_004622f0 _atexit"
00401810,FUN_00401810,48,0,"FUN_0046230c FUN_004627e2"
00401850,FUN_00401850,61,0,"FUN_0046230c FUN_004627e2"
00401890,FUN_00401890,18,0,""
004018b0,FUN_004018b0,9,0,"FUN_0046231d"
004018c0,FUN_004018c0,151,0,""
00401960,FUN_00401960,231,0,"FUN_0046230c FUN_0046231d FUN_004627e2"
00401a50,FUN_00401a50,3,0,""
00401a60,FUN_00401a60,31,0,""
00401a80,FUN_00401a80,51,0,"FUN_00401f50 FUN_00472bf7"
00401ac0,FUN_00401ac0,30,0,"FUN_00401a80"
00401ae0,FUN_00401ae0,182,0,"FUN_00535a50 FUN_00535ac0"
00401ba0,FUN_00401ba0,104,0,"FUN_0046d433 FUN_0046d4de FUN_004d6df0 __alloca_probe __security_check_cookie"
00401c10,FUN_00401c10,198,0,""
00401ce0,FUN_00401ce0,120,0,""
00401d60,FUN_00401d60,9,0,""
00401d70,`scalar_deleting_destructor',36,2,"FUN_0046338c"
00401da0,FUN_00401da0,5,0,""
00401db0,FUN_00401db0,7,0,""
00401dc0,FUN_00401dc0,9,0,""
00401dd0,FUN_00401dd0,24,0,""
00401e10,FUN_00401e10,48,0,"FUN_0046338c ___std_exception_destroy"
00401e40,FUN_00401e40,51,0,"___std_exception_copy"
00401e80,FUN_00401e80,51,0,"___std_exception_copy"
00401ec0,FUN_00401ec0,14,0,""
00401ed0,FUN_00401ed0,45,0,"___std_exception_copy"
00401f00,FUN_00401f00,28,0,"FUN_00401dd0 __CxxThrowException@8"
00401f20,FUN_00401f20,3,0,""
00401f30,FUN_00401f30,8,0,""
00401f40,FUN_00401f40,9,0,""
00401f50,FUN_00401f50,6,0,""
00401f60,FUN_00401f60,475,0,"FUN_00402310 _memset"
00402140,FUN_00402140,204,0,"FUN_0046230c FUN_0046231d FUN_004627e2 FUN_0046338c FUN_004b8a40 FUN_004d5990"
00402220,FUN_00402220,6,0,""
00402230,FUN_00402230,46,0,"FUN_00402220 ___stdio_common_vswscanf"
00402260,FUN_00402260,172,0,""
00402310,FUN_00402310,243,0,"_memset"
00402410,FUN_00402410,36,0,"FUN_0046338c"
00402440,FUN_00402440,23,0,""
00402460,FUN_00402460,23,0,""
00402480,FUN_00402480,132,0,""
00402510,FUN_00402510,35,0,"FUN_0046338c FUN_004b9c50"
00402540,FUN_00402540,239,0,"FUN_0046230c FUN_0046231d FUN_004627e2"
00402630,FUN_00402630,31,0,"FUN_00402540"
00402650,FUN_00402650,64,0,""
00402690,FUN_00402690,16,0,""
004026a0,FUN_004026a0,17,0,""
004026c0,FUN_004026c0,146,0,""
00402760,FUN_00402760,16,0,""
00402770,FUN_00402770,6,0,""
00402780,FUN_00402780,23,0,""
004027a0,FUN_004027a0,10,0,"FUN_00462a12"
004027b0,FUN_004027b0,164,0,"FUN_0046230c FUN_0046231d FUN_004627e2 thunk_FUN_0047a4db"
00402860,FUN_00402860,96,0,"FUN_0046230c FUN_0046231d FUN_004627e2 thunk_FUN_0047a4db"
004028d0,FUN_004028d0,109,0,"FUN_0046230c FUN_0046231d FUN_004627e2 FUN_0047a4db"
00402940,FUN_00402940,583,0,"_memset"
00402b90,FUN_00402b90,13,0,""
00402ba0,FUN_00402ba0,61,0,""
00402be0,FUN_00402be0,15,0,""
00402bf0,FUN_00402bf0,15,0,""
00402c00,FUN_00402c00,15,0,""
00402c10,FUN_00402c10,14,0,""
00402c20,FUN_00402c20,13,0,""
00402c30,FUN_00402c30,413,0,"FUN_004026c0 FUN_004d5e10"
00402dd0,FUN_00402dd0,560,0,"FUN_004026c0 FUN_004d5e10"
00403000,FUN_00403000,580,0,"FUN_004026c0 FUN_00403bc0 FUN_00403c80 FUN_00403d00 FUN_004d5e10"
00403250,FUN_00403250,437,0,"FUN_004026c0 FUN_004d5e10"
00403410,FUN_00403410,971,0,"FUN_004026c0 FUN_004d5e10"
004037e0,FUN_004037e0,768,0,"FUN_004026c0 FUN_004d5e10"
00403ae0,swprintf_s<260>,30,2,"FUN_00401a80"
00403b00,FUN_00403b00,55,0,""
00403b40,FUN_00403b40,44,0,""
00403b70,FUN_00403b70,75,0,""
00403bc0,FUN_00403bc0,191,0,""
00403c80,FUN_00403c80,115,0,""
00403d00,FUN_00403d00,127,0,""
00403d80,FUN_00403d80,8,0,""
00403d90,FUN_00403d90,468,0,""
00403f70,FUN_00403f70,46,0,"FUN_00403d90 FUN_004bd660"
00403fa0,FUN_00403fa0,60,0,""
00403fe0,FUN_00403fe0,26,0,""
00404000,FUN_00404000,5,0,""
00404010,FUN_00404010,55,0,""
00404050,FUN_00404050,469,0,"FUN_00404230 FUN_00404420 FUN_00404450"
00404230,FUN_00404230,115,0,"FUN_00404050"
004042b0,FUN_004042b0,100,0,"FUN_00402540"
00404320,FUN_00404320,104,0,""
00404390,FUN_00404390,36,0,"FUN_0047a1b0"
004043c0,FUN_004043c0,36,0,"FUN_0047a160"
004043f0,FUN_004043f0,43,0,"FUN_0047a110"
00404420,FUN_00404420,43,0,"FUN_0047a0c0"
00404450,FUN_00404450,43,0,"FUN_0047a070"
00404480,FUN_00404480,46,0,"FUN_0047a060"
004044b0,FUN_004044b0,119,0,""
00404530,FUN_00404530,108,0,""
004045a0,FUN_004045a0,230,0,""
00404690,FUN_00404690,218,0,""
00404770,FUN_00404770,42,0,""
004047a0,FUN_004047a0,24,0,""
004047c0,FUN_004047c0,74,0,""
00404810,FUN_00404810,119,0,""
00404890,FUN_00404890,95,0,""
004048f0,FUN_004048f0,133,0,""
00404980,FUN_00404980,7,0,""
00404990,FUN_00404990,6,0,""
004049a0,FUN_004049a0,17,0,""
004049c0,FUN_004049c0,16,0,""
004049d0,FUN_004049d0,49,0,""
00404a10,FUN_00404a10,9,0,""
00404a20,FUN_00404a20,69,0,""
00404a70,FUN_00404a70,104,0,""
00404ae0,FUN_00404ae0,144,0,"FUN_00404a70 FUN_00404ae0"
00404b70,FUN_00404b70,89,0,"FUN_00402540"
00404bd0,FUN_00404bd0,109,0,"FUN_00402540"
00404c40,FUN_00404c40,73,0,"FUN_00402540"
00404c90,FUN_00404c90,90,0,"FUN_00402540"
00404cf0,FUN_00404cf0,533,0,""
00404f10,FUN_00404f10,45,0,"FUN_00404f10"
00404f40,FUN_00404f40,45,0,"FUN_00404f40"
00404f70,FUN_00404f70,48,0,"FUN_00404f40"
00404fa0,FUN_00404fa0,45,0,"FUN_00404fa0"
00404fd0,FUN_00404fd0,48,0,"FUN_00404fa0"
00405000,FUN_00405000,43,0,"FUN_0047a200"
00405030,FUN_00405030,47,0,"FUN_004027a0"
00405060,FUN_00405060,69,0,"FUN_00406f30"
004050b0,FUN_004050b0,61,0,"FUN_004068d0"
00405100,FUN_00405100,156,0,""
004051a0,FUN_004051a0,153,0,"FUN_004068d0 FUN_0046230c FUN_0046231d FUN_004627e2 thunk_FUN_0047a4db"
00405240,FUN_00405240,60,0,"FUN_004053c0 ___std_fs_code_page@0"
00405280,FUN_00405280,316,0,"FUN_00405880 FUN_00405ff0 FUN_0046338c FUN_00464df0 FUN_0047a47f"
004053c0,FUN_004053c0,366,0,"FUN_00405280 FUN_00405be0 FUN_004064b0 ___std_fs_convert_narrow_to_wide@20 __security_check_cookie"
00405530,FUN_00405530,44,0,"FUN_004cb960"
00405560,FUN_00405560,294,0,"FUN_00404420 FUN_00404450 FUN_00405560"
00405690,FUN_00405690,259,0,"FUN_00535a50 FUN_00535ac0"
004057a0,FUN_004057a0,68,0,""
004057f0,FUN_004057f0,141,0,"FUN_004058e0 FUN_00405b30 FUN_00462c70"
00405880,FUN_00405880,87,0,"FUN_00401f00 FUN_0047a47f operator_new"
004058e0,FUN_004058e0,270,0,"FUN_00405880 FUN_00405ff0 FUN_00464df0"
004059f0,FUN_004059f0,273,0,"FUN_00405b10"
00405b10,FUN_00405b10,31,0,""
00405b30,FUN_00405b30,76,0,"FUN_004059f0"
00405b80,FUN_00405b80,73,0,"FUN_004058e0 FUN_00405b30"
00405bd0,FUN_00405bd0,16,0,""
00405be0,FUN_00405be0,41,0,"FUN_00405bd0 FUN_00405e20 __CxxThrowException@8"
00405c10,FUN_00405c10,340,0,"FUN_00405ff0 FUN_00406090 FUN_0046338c FUN_00464df0 FUN_0047a47f _memset"
00405d70,FUN_00405d70,57,0,"___std_exception_copy"
00405db0,FUN_00405db0,71,0,"___std_exception_copy"
00405e00,FUN_00405e00,28,0,""
00405e20,FUN_00405e20,184,0,"FUN_0046338c FUN_0047a47f ___std_exception_copy __security_check_cookie"
00405ee0,FUN_00405ee0,30,0,"FUN_0046338c"
00405f00,FUN_00405f00,6,0,""
00405f10,FUN_00405f10,8,0,"LocalFree"
00405f20,FUN_00405f20,186,0,"FUN_004060f0 FUN_00462c0e LocalFree"
00405fe0,FUN_00405fe0,6,0,""
00405ff0,FUN_00405ff0,10,0,"FUN_004629f2"
00406000,FUN_00406000,53,0,""
00406040,FUN_00406040,70,0,"FUN_0047a47f operator_new"
00406090,FUN_00406090,88,0,"FUN_00401f00 FUN_0047a47f operator_new"
004060f0,FUN_004060f0,141,0,"FUN_00405ff0 FUN_00406090 FUN_00464df0"
00406180,FUN_00406180,119,0,"FUN_004060f0"
00406200,FUN_00406200,124,0,"FUN_004060f0 _Syserror_map"
00406280,FUN_00406280,6,0,""
00406290,FUN_00406290,104,0,"_Winerror_map"
00406300,equivalent,39,3,""
00406330,FUN_00406330,18,0,""
00406350,equivalent,60,3,""
00406390,FUN_00406390,12,0,""
004063a0,FUN_004063a0,48,0,"FUN_0046338c ___std_exception_destroy"
004063d0,FUN_004063d0,71,0,"___std_exception_copy"
00406420,FUN_00406420,65,0,"___std_exception_copy"
00406470,FUN_00406470,51,0,"___std_exception_copy"
004064b0,FUN_004064b0,43,0,"FUN_00405e20 FUN_00406390 __CxxThrowException@8"
004064e0,FUN_004064e0,65,0,""
00406530,guard_check_icall,3,0,""
00406540,FUN_00406540,74,0,"FUN_0046338c FUN_0047a47f"
00406590,FUN_00406590,313,0,"FUN_00405be0 FUN_00405c10 FUN_004064b0 ___std_fs_code_page@0 ___std_fs_convert_wide_to_narrow@20 __security_check_cookie"
004066d0,_Deallocate<8,0>,53,2,"FUN_0046338c FUN_0047a47f"
00406710,FUN_00406710,82,0,"FUN_0046338c FUN_0047a47f"
00406770,thunk_FUN_00406710,5,0,""
00406780,FUN_00406780,9,0,""
00406790,FUN_00406790,76,0,"FUN_004627e2 FUN_00462a50 GetCurrentThreadId"
004067e0,FUN_004067e0,149,0,"FUN_00406790 FUN_0046230c FUN_0046231d FUN_004627e2"
00406880,FUN_00406880,70,0,"FUN_004067e0 FUN_0047a20e"
004068d0,FUN_004068d0,141,0,"FUN_0046230c FUN_0046231d FUN_004627e2 FUN_0047a4db"
00406960,FUN_00406960,54,0,"FUN_004068d0"
004069a0,FUN_004069a0,121,0,""
00406a20,FUN_00406a20,16,0,""
00406a30,FUN_00406a30,1273,0,"FUN_00405100 FUN_004069a0 _memset"
00406f30,FUN_00406f30,660,0,"FUN_00406a30 _memset"
004071d0,FUN_004071d0,372,0,"FUN_00405ff0 FUN_00464df0"
00407350,FUN_00407350,50,0,""
00407390,FUN_00407390,31,0,""
004073b0,FUN_004073b0,22,0,""
004073d0,FUN_004073d0,179,0,""
00407490,FUN_00407490,53,0,"FUN_0047a500"
004074d0,FUN_004074d0,17,0,"FUN_00407490"
004074f0,FUN_004074f0,115,0,""
00407570,FUN_00407570,107,0,""
004075e0,FUN_004075e0,100,0,""
00407650,FUN_00407650,30,0,""
00407670,FUN_00407670,38,0,"FUN_0046338c FUN_004d7ff0"
004076a0,FUN_004076a0,44,0,"FUN_0046338c FUN_004d7ff0"
004076d0,FUN_004076d0,224,0,"FUN_004d6b50"
004077b0,FUN_004077b0,116,0,"CloseHandle FUN_0046230c FUN_0046231d FUN_004627e2 thunk_FUN_0047a4db"
00407830,FUN_00407830,141,0,"FUN_0046230c FUN_0046231d FUN_004627e2 FUN_004633f2"
004078c0,FUN_004078c0,87,0,"FUN_0046230c FUN_0046231d FUN_004627e2 thunk_FUN_0047a4db"
00407920,FUN_00407920,279,0,"FUN_00407a40 FUN_004d6b50 FUN_004d8c00"
00407a40,FUN_00407a40,158,0,"FUN_0046230c FUN_0046231d FUN_004627e2 FUN_004633f2"
00407ae0,FUN_00407ae0,72,0,""
00407b30,FUN_00407b30,5,0,""
00407b40,FUN_00407b40,95,0,""
00407ba0,FUN_00407ba0,164,0,""
00407c50,FUN_00407c50,8,0,""
00407c60,FUN_00407c60,31,0,""
00407c80,FUN_00407c80,12,0,""
00407c90,FUN_00407c90,58,0,""
00407cd0,FUN_00407cd0,474,0,"_memset"
00407eb0,FUN_00407eb0,455,0,"FUN_004067e0 FUN_0046230c FUN_0046231d FUN_004627e2 FUN_0046338c FUN_0047a20e FUN_004cdc10 FUN_004d5990 FUN_004de2f0 thunk_FUN_0047a4db"
00408080,FUN_00408080,75,0,"FUN_00402540 FUN_00408130"
004080d0,FUN_004080d0,12,0,""
004080e0,FUN_004080e0,10,0,"FUN_004cb830"
004080f0,FUN_004080f0,16,0,""
00408100,FUN_00408100,7,0,""
00408110,FUN_00408110,27,0,""
00408130,FUN_00408130,225,0,""
00408220,FUN_00408220,5,0,""
00408230,FUN_00408230,33,0,""
00408260,FUN_00408260,115,0,"FUN_0046338c"
004082e0,FUN_004082e0,17,0,""
00408300,FUN_00408300,5,0,""
00408310,FUN_00408310,23,0,"FUN_004dea70"
00408330,FUN_00408330,25,0,"FUN_004de910"
00408350,FUN_00408350,180,0,"FUN_0046338c FUN_004cb3d0"
00408410,FUN_00408410,5,0,""
00408420,FUN_00408420,29,0,""
00408440,FUN_00408440,23,0,"FUN_004dea70"
00408460,FUN_00408460,25,0,"FUN_004de910"
00408480,FUN_00408480,180,0,"FUN_0046338c FUN_004cb3d0"
00408540,FUN_00408540,5,0,""
00408550,FUN_00408550,67,0,""
004085a0,FUN_004085a0,29,0,""
004085c0,FUN_004085c0,29,0,""
004085e0,FUN_004085e0,32,0,"FUN_00537c30"
00408600,FUN_00408600,29,0,""
00408620,FUN_00408620,29,0,"FUN_004dea70"
00408640,FUN_00408640,25,0,"FUN_004de910"
00408660,FUN_00408660,180,0,"FUN_0046338c FUN_004cb3d0"
00408720,FUN_00408720,37,0,"FUN_004de910"
00408750,FUN_00408750,180,0,"FUN_0046338c FUN_004cb3d0"
00408810,FUN_00408810,23,0,"FUN_004dea70"
00408830,FUN_00408830,25,0,"FUN_004de910"
00408850,FUN_00408850,180,0,"FUN_0046338c FUN_004cb3d0"
00408910,FUN_00408910,23,0,"FUN_004dea70"
00408930,FUN_00408930,25,0,"FUN_004de910"
00408950,FUN_00408950,180,0,"FUN_0046338c FUN_004cb3d0"
00408a10,FUN_00408a10,59,0,"FUN_004dea70"
00408a50,FUN_00408a50,25,0,"FUN_004de910"
00408a70,FUN_00408a70,180,0,"FUN_0046338c FUN_004cb3d0"
00408b30,FUN_00408b30,59,0,"FUN_004dea70"
00408b70,FUN_00408b70,25,0,"FUN_004de910"
00408b90,FUN_00408b90,180,0,"FUN_0046338c FUN_004cb3d0"
00408c50,FUN_00408c50,23,0,"FUN_004dea70"
00408c70,FUN_00408c70,25,0,"FUN_004de910"
00408c90,FUN_00408c90,180,0,"FUN_0046338c FUN_004cb3d0"
00408d50,FUN_00408d50,16,0,""
00408d60,FUN_00408d60,23,0,"FUN_004dea70"
00408d80,FUN_00408d80,25,0,"FUN_004de910"
00408da0,FUN_00408da0,180,0,"FUN_0046338c FUN_004cb3d0"
00408e60,FUN_00408e60,23,0,"FUN_004dea70"
00408e80,FUN_00408e80,25,0,"FUN_004de910"
00408ea0,FUN_00408ea0,180,0,"FUN_0046338c FUN_004cb3d0"
00408f60,FUN_00408f60,23,0,"FUN_004dea70"
00408f80,FUN_00408f80,25,0,"FUN_004de910"
00408fa0,FUN_00408fa0,180,0,"FUN_0046338c FUN_004cb3d0"
00409060,FUN_00409060,16,0,""
00409070,FUN_00409070,16,0,""
00409080,FUN_00409080,16,0,""
00409090,FUN_00409090,16,0,""
004090a0,FUN_004090a0,16,0,""
004090b0,FUN_004090b0,16,0,""
004090c0,FUN_004090c0,16,0,""
004090d0,FUN_004090d0,46,0,"FUN_004dea70"
00409100,FUN_00409100,25,0,"FUN_004de910"
00409120,FUN_00409120,180,0,"FUN_0046338c FUN_004cb3d0"
004091e0,FUN_004091e0,19,0,""
00409200,FUN_00409200,23,0,"FUN_004dea70"
00409220,FUN_00409220,25,0,"FUN_004de910"
00409240,FUN_00409240,180,0,"FUN_0046338c FUN_004cb3d0"
00409300,FUN_00409300,16,0,""
00409310,FUN_00409310,23,0,"FUN_004dea70"
00409330,FUN_00409330,25,0,"FUN_004de910"
00409350,FUN_00409350,180,0,"FUN_0046338c FUN_004cb3d0"
00409410,FUN_00409410,16,0,""
00409420,FUN_00409420,23,0,"FUN_004dea70"
00409440,FUN_00409440,25,0,"FUN_004de910"
00409460,FUN_00409460,180,0,"FUN_0046338c FUN_004cb3d0"
00409520,FUN_00409520,16,0,""
00409530,FUN_00409530,46,0,"FUN_004dea70"
00409560,FUN_00409560,25,0,"FUN_004de910"
00409580,FUN_00409580,180,0,"FUN_0046338c FUN_004cb3d0"
00409640,FUN_00409640,16,0,""
00409650,FUN_00409650,23,0,"FUN_004dea70"
00409670,FUN_00409670,25,0,"FUN_004de910"
00409690,FUN_00409690,180,0,"FUN_0046338c FUN_004cb3d0"
00409750,FUN_00409750,16,0,""
00409760,FUN_00409760,114,0,"FUN_004099a0 FUN_004d6b50"
004097e0,FUN_004097e0,114,0,"FUN_004099a0 FUN_004d6b50"
00409860,FUN_00409860,69,0,""
004098b0,FUN_004098b0,67,0,""
00409900,FUN_00409900,3,0,""
00409910,FUN_00409910,5,0,""
00409920,FUN_00409920,10,0,""
00409930,FUN_00409930,69,0,""
00409980,FUN_00409980,4,0,""
00409990,FUN_00409990,10,0,""
004099a0,FUN_004099a0,166,0,""
00409a50,FUN_00409a50,110,0,""
00409ac0,FUN_00409ac0,640,0,"FUN_0040a700 _memset"
00409d50,FUN_00409d50,15,0,""
00409d60,FUN_00409d60,59,0,"FUN_004cb830"
00409da0,FUN_00409da0,409,0,"FUN_0040a580 FUN_0046230c FUN_0046231d FUN_004627e2 FUN_0046338c FUN_004cb550 FUN_004cb710 FUN_004cb8b0 FUN_004d5990"
00409f40,FUN_00409f40,177,0,"FUN_004cb710 FUN_004cb8b0"
0040a000,FUN_0040a000,262,0,"FUN_004cb420 FUN_004cb450 FUN_004cb8b0"
0040a110,FUN_0040a110,308,0,"FUN_004cb420 FUN_004cb450 FUN_004cb8b0"
0040a250,FUN_0040a250,197,0,"FUN_004cb420 FUN_004cb8b0"
0040a320,FUN_0040a320,143,0,""
0040a3b0,FUN_0040a3b0,103,0,"FUN_00402540 FUN_00408130"
0040a420,FUN_0040a420,59,0,"FUN_00408130"
0040a460,FUN_0040a460,10,0,"FUN_004cb830"
0040a470,FUN_0040a470,31,0,""
0040a490,FUN_0040a490,46,0,"FUN_004cb960"
0040a4c0,FUN_0040a4c0,59,0,"FUN_00408130"
0040a500,FUN_0040a500,59,0,"FUN_00408130"
0040a540,FUN_0040a540,55,0,""
0040a580,FUN_0040a580,97,0,"FUN_00464df0 FUN_00552360"
0040a5f0,FUN_0040a5f0,58,0,""
0040a630,FUN_0040a630,61,0,""
0040a670,FUN_0040a670,101,0,""
0040a6e0,FUN_0040a6e0,21,0,""
0040a700,FUN_0040a700,102,0,"_memset"
0040a770,FUN_0040a770,84,0,""
0040a7d0,FUN_0040a7d0,263,0,"FUN_0040ab50 FUN_0046230c FUN_0046231d FUN_004627e2 FUN_0046338c FUN_004d5990"
0040a8e0,FUN_0040a8e0,128,0,"FUN_0040a960"
0040a960,FUN_0040a960,484,0,""
0040ab50,FUN_0040ab50,206,0,""
0040ac30,FUN_0040ac30,10,0,"FUN_004629f2"
0040ac40,FUN_0040ac40,35,0,"FUN_00464df0"
0040ac70,FUN_0040ac70,387,0,"FUN_00401f00 FUN_0040ac30 FUN_0040ac40 _memset"
0040ae00,FUN_0040ae00,143,0,"FUN_0040ac70"
0040ae90,FUN_0040ae90,30,0,"FUN_00401a80"
0040aeb0,FUN_0040aeb0,38,0,"FUN_0046338c FUN_004e71d0"
0040aee0,FUN_0040aee0,55,0,""
0040af20,FUN_0040af20,491,0,""
0040b110,FUN_0040b110,416,0,"FUN_0046230c FUN_0046231d FUN_004627e2 FUN_0046338c FUN_004cdc10 FUN_004d5990 thunk_FUN_0047a4db"
0040b2c0,FUN_0040b2c0,56,0,""
0040b300,FUN_0040b300,149,0,""
0040b3a0,FUN_0040b3a0,58,0,""
0040b3e0,FUN_0040b3e0,59,0,""
0040b420,FUN_0040b420,137,0,""
0040b4b0,FUN_0040b4b0,67,0,"FUN_004027a0 FUN_0040fb70"
0040b500,FUN_0040b500,136,0,"FUN_0040fb70"
0040b590,FUN_0040b590,52,0,""
0040b5d0,FUN_0040b5d0,52,0,""
0040b610,FUN_0040b610,4,0,""
0040b620,FUN_0040b620,52,0,""
0040b660,FUN_0040b660,52,0,""
0040b6a0,FUN_0040b6a0,55,0,""
0040b6e0,FUN_0040b6e0,55,0,""
0040b720,FUN_0040b720,55,0,""
0040b760,FUN_0040b760,55,0,""
0040b7a0,FUN_0040b7a0,55,0,""
0040b7e0,FUN_0040b7e0,40,0,""
0040b810,FUN_0040b810,40,0,""
0040b840,FUN_0040b840,40,0,""
0040b870,FUN_0040b870,52,0,""
0040b8b0,FUN_0040b8b0,1555,0,"D3DXMatrixTranslation D3DXVec3ProjectArray __security_check_cookie"
0040bed0,FUN_0040bed0,1085,0,"FUN_004026c0 FUN_0040cb10 FUN_0040cb90 FUN_004d5e10 __security_check_cookie"
0040c310,FUN_0040c310,96,0,"FUN_0040c910 FUN_0046230c FUN_0046231d FUN_004627e2 thunk_FUN_0047a4db"
0040c380,FUN_0040c380,121,0,"FUN_0040c450 FUN_004d6b50"
0040c400,FUN_0040c400,69,0,""
0040c450,FUN_0040c450,40,0,"FUN_00506510"
0040c480,FUN_0040c480,358,0,""
0040c5f0,FUN_0040c5f0,785,0,"FUN_00405100 FUN_0040c480 `eh_vector_constructor_iterator'"
0040c910,FUN_0040c910,455,0,"FUN_0046230c FUN_0046231d FUN_004627e2 FUN_0047a4db FUN_004cb3d0 FUN_004cb710 FUN_004cb8b0"
0040cae0,FUN_0040cae0,38,0,"FUN_0046338c FUN_004ecd80"
0040cb10,FUN_0040cb10,118,0,""
0040cb90,FUN_0040cb90,137,0,""
0040cc20,FUN_0040cc20,110,0,""
0040cc90,FUN_0040cc90,184,0,""
0040cd50,FUN_0040cd50,88,0,""
0040cdb0,FUN_0040cdb0,53,0,"FUN_004bd660"
0040cdf0,FUN_0040cdf0,171,0,"FUN_00534a30 FUN_00535ac0"
0040cea0,FUN_0040cea0,344,0,"FUN_0046230c FUN_0046231d FUN_004627e2 FUN_0046338c FUN_004d5990 thunk_FUN_0047a4db"
0040d000,FUN_0040d000,38,0,"FUN_0046338c FUN_004ed640"
0040d030,FUN_0040d030,107,0,"FUN_0046230c FUN_0046231d FUN_004627e2 FUN_004cb3d0 thunk_FUN_0047a4db"
0040d0a0,FUN_0040d0a0,21,0,"FUN_0040d250"
0040d0c0,thunk_FUN_0040d1a0,5,0,""
0040d0d0,FUN_0040d0d0,16,0,""
0040d0e0,operator_union_tagCY,32,1,""
0040d100,FUN_0040d100,37,0,""
0040d130,FUN_0040d130,53,0,""
0040d170,FUN_0040d170,33,0,""
0040d1a0,FUN_0040d1a0,24,0,""
0040d1c0,FUN_0040d1c0,95,0,"FUN_00401f20"
0040d220,FUN_0040d220,23,0,""
0040d240,FUN_0040d240,16,0,""
0040d250,FUN_0040d250,32,0,""
0040d270,FUN_0040d270,20,0,""
0040d290,FUN_0040d290,14,0,""
0040d2a0,FUN_0040d2a0,16,0,""
0040d2b0,FUN_0040d2b0,30,0,""
0040d2d0,FUN_0040d2d0,112,0,"FUN_00401d60 FUN_00401db0 FUN_0040d3a0"
0040d340,FUN_0040d340,84,0,"FUN_00401850 FUN_00401890 FUN_004018b0 thunk_FUN_0047a4db"
0040d3a0,FUN_0040d3a0,211,0,"FUN_00401a50 FUN_00401f40 FUN_0040d4f0 FUN_0040d550"
0040d480,FUN_0040d480,94,0,"FUN_00401f40"
0040d4f0,FUN_0040d4f0,84,0,"FUN_00401dc0 FUN_00401f00"
0040d550,FUN_0040d550,69,0,"FUN_00401f30 FUN_0040da20"
0040d5a0,FUN_0040d5a0,1143,0,"FUN_00405100 FUN_00406f30 FUN_0040df60"
0040da20,FUN_0040da20,383,0,"FUN_0040e330 `eh_vector_constructor_iterator'"
0040dbb0,FUN_0040dbb0,327,0,"FUN_0046230c FUN_0046231d FUN_004627e2 FUN_0046338c FUN_004cb550 FUN_004d5990 `eh_vector_destructor_iterator'"
0040dd00,FUN_0040dd00,22,0,""
0040dd20,FUN_0040dd20,20,0,""
0040dd40,FUN_0040dd40,23,0,""
0040dd60,FUN_0040dd60,23,0,""
0040dd80,FUN_0040dd80,100,0,"FUN_00405000"
0040ddf0,FUN_0040ddf0,29,0,"FUN_00405000"
0040de10,FUN_0040de10,192,0,"FUN_0040df60"
0040ded0,FUN_0040ded0,142,0,"FUN_0040df60"
0040df60,FUN_0040df60,150,0,""
0040e000,FUN_0040e000,7,0,""
0040e010,FUN_0040e010,26,0,"FUN_00407490"
0040e030,FUN_0040e030,13,0,""
0040e040,FUN_0040e040,43,0,"_fabs"
0040e070,FUN_0040e070,35,0,""
0040e0a0,FUN_0040e0a0,34,0,""
0040e0d0,FUN_0040e0d0,81,0,""
0040e130,FUN_0040e130,33,0,""
0040e160,FUN_0040e160,176,0,""
0040e210,FUN_0040e210,7,0,""
0040e220,FUN_0040e220,33,0,"FUN_004cb8b0"
0040e250,FUN_0040e250,12,0,""
0040e260,FUN_0040e260,56,0,""
0040e2a0,FUN_0040e2a0,64,0,"FUN_004068d0"
0040e2f0,FUN_0040e2f0,11,0,""
0040e300,FUN_0040e300,43,0,""
0040e330,FUN_0040e330,115,0,""
0040e3b0,FUN_0040e3b0,282,0,"FUN_0046230c FUN_0046231d FUN_004627e2 FUN_0046338c FUN_004cb3d0 FUN_004d5990"
0040e4d0,FUN_0040e4d0,58,0,""
0040e510,FUN_0040e510,58,0,""
0040e550,FUN_0040e550,67,0,""
0040e5a0,FUN_0040e5a0,39,0,"FUN_0046338c"
0040e5d0,FUN_0040e5d0,107,0,""
0040e640,FUN_0040e640,178,0,""
0040e700,FUN_0040e700,212,0,"FUN_0040e640"
0040e7e0,FUN_0040e7e0,454,0,"FUN_0046230c FUN_0046231d FUN_004627e2 FUN_0046338c FUN_004d5990 thunk_FUN_0047a4db"
0040e9b0,`scalar_deleting_destructor',36,2,"FUN_0046338c"
0040e9e0,FUN_0040e9e0,61,0,""
0040ea20,FUN_0040ea20,55,0,""
0040ea60,FUN_0040ea60,35,0,""
0040ea90,FUN_0040ea90,3,0,""
0040eaa0,FUN_0040eaa0,13,0,""
0040eab0,FUN_0040eab0,81,0,""
0040eb10,FUN_0040eb10,96,0,""
0040eb70,FUN_0040eb70,58,0,""
0040ebb0,FUN_0040ebb0,16,0,""
0040ebc0,FUN_0040ebc0,16,0,""
0040ebd0,FUN_0040ebd0,28,0,"FUN_004027a0"
0040ebf0,FUN_0040ebf0,8,0,""
0040ec00,FUN_0040ec00,13,0,""
0040ec10,FUN_0040ec10,61,0,""
0040ec50,FUN_0040ec50,20,0,""
0040ec70,FUN_0040ec70,20,0,""
0040ec90,FUN_0040ec90,21,0,""
0040ecb0,FUN_0040ecb0,20,0,""
0040ecd0,FUN_0040ecd0,13,0,""
0040ece0,FUN_0040ece0,8,0,""
0040ecf0,FUN_0040ecf0,61,0,""
0040ed30,FUN_0040ed30,13,0,""
0040ed40,FUN_0040ed40,25,0,""
0040ed60,FUN_0040ed60,25,0,""
0040ed80,FUN_0040ed80,25,0,""
0040eda0,FUN_0040eda0,25,0,""
0040edc0,FUN_0040edc0,21,0,""
0040ede0,FUN_0040ede0,17,0,""
0040ee00,FUN_0040ee00,16,0,""
0040ee10,FUN_0040ee10,26,0,"FUN_004027a0"
0040ee30,FUN_0040ee30,23,0,"FUN_004027a0"
0040ee50,FUN_0040ee50,25,0,"FUN_004027a0"
0040ee70,FUN_0040ee70,97,0,""
0040eee0,FUN_0040eee0,95,0,"FUN_0040c910 FUN_0046230c FUN_0046231d FUN_004627e2 thunk_FUN_0047a4db"
0040ef40,FUN_0040ef40,58,0,""
0040ef80,FUN_0040ef80,61,0,""
0040efc0,FUN_0040efc0,55,0,""
0040f000,FUN_0040f000,130,0,""
0040f090,FUN_0040f090,12,0,""
0040f0a0,FUN_0040f0a0,56,0,""
0040f0e0,FUN_0040f0e0,26,0,""
0040f100,FUN_0040f100,7,0,""
0040f110,FUN_0040f110,31,0,""
0040f130,FUN_0040f130,11,0,""
0040f140,FUN_0040f140,16,0,""
0040f150,FUN_0040f150,67,0,""
0040f1a0,FUN_0040f1a0,61,0,""
0040f1e0,FUN_0040f1e0,16,0,""
0040f1f0,FUN_0040f1f0,23,0,""
0040f210,FUN_0040f210,11,0,""
0040f220,FUN_0040f220,196,0,""
0040f2f0,FUN_0040f2f0,155,0,"FUN_0046230c FUN_0046231d FUN_004627e2 thunk_FUN_0047a4db"
0040f390,FUN_0040f390,7,0,""
0040f3a0,FUN_0040f3a0,203,0,""
0040f470,FUN_0040f470,18,0,"FUN_0040cc90"
0040f490,FUN_0040f490,16,0,""
0040f4a0,FUN_0040f4a0,16,0,""
0040f4b0,FUN_0040f4b0,21,0,""
0040f4d0,FUN_0040f4d0,73,0,""
0040f520,FUN_0040f520,9,0,""
0040f530,FUN_0040f530,6,0,""
0040f540,FUN_0040f540,9,0,""
0040f550,FUN_0040f550,9,0,""
0040f560,FUN_0040f560,31,0,""
0040f580,FUN_0040f580,151,0,""
0040f620,FUN_0040f620,171,0,"FUN_0040df60"
0040f6d0,FUN_0040f6d0,129,0,"FUN_0040df60"
0040f760,FUN_0040f760,25,0,""
0040f780,FUN_0040f780,12,0,"FUN_004cb3d0"
0040f790,FUN_0040f790,5,0,""
0040f7a0,FUN_0040f7a0,19,0,""
0040f7c0,FUN_0040f7c0,18,0,""
0040f7e0,FUN_0040f7e0,6,0,""
0040f7f0,FUN_0040f7f0,18,0,""
0040f810,FUN_0040f810,43,0,"FUN_004027a0"
0040f840,FUN_0040f840,22,0,""
0040f860,FUN_0040f860,13,0,""
0040f870,FUN_0040f870,13,0,""
0040f880,FUN_0040f880,98,0,"FUN_0050c6d0 FUN_00521d60"
0040f8f0,FUN_0040f8f0,15,0,""
0040f900,FUN_0040f900,17,0,""
0040f920,FUN_0040f920,98,0,""
0040f990,FUN_0040f990,17,0,""
0040f9b0,FUN_0040f9b0,17,0,""
0040f9d0,FUN_0040f9d0,177,0,"_memset"
0040fa90,FUN_0040fa90,59,0,""
0040fad0,FUN_0040fad0,59,0,""
0040fb10,FUN_0040fb10,7,0,""
0040fb20,FUN_0040fb20,4,0,""
0040fb30,FUN_0040fb30,50,0,""
0040fb70,FUN_0040fb70,209,0,""
0040fc50,FUN_0040fc50,6,0,""
0040fc60,FUN_0040fc60,6,0,""
0040fc70,FUN_0040fc70,13,0,""
0040fc80,FUN_0040fc80,6,0,""
0040fc90,FUN_0040fc90,192,0,""
0040fd50,FUN_0040fd50,6,0,""
0040fd60,FUN_0040fd60,6,0,""
0040fd70,FUN_0040fd70,6,0,""
0040fd80,FUN_0040fd80,6,0,""
0040fd90,FUN_0040fd90,13,0,""
0040fda0,FUN_0040fda0,6,0,""
0040fdb0,FUN_0040fdb0,6,0,""
0040fdc0,FUN_0040fdc0,15,0,""
0040fdd0,FUN_0040fdd0,6,0,""
0040fde0,FUN_0040fde0,4,0,""
0040fdf0,FUN_0040fdf0,106,0,""
0040fe60,FUN_0040fe60,6,0,""
0040fe70,FUN_0040fe70,12,0,""
0040fe80,FUN_0040fe80,6,0,""
0040fe90,FUN_0040fe90,5,0,""
0040fea0,FUN_0040fea0,5,0,""
0040feb0,FUN_0040feb0,25,0,""
0040fed0,FUN_0040fed0,6,0,""
0040fee0,FUN_0040fee0,74,0,"FUN_0040ff90 FUN_00506940"
0040ff30,FUN_0040ff30,41,0,"FUN_004cb960"
0040ff60,FUN_0040ff60,44,0,"FUN_004cb960"
0040ff90,FUN_0040ff90,99,0,"FUN_004cb8b0"
00410000,FUN_00410000,47,0,"FUN_0040ff90"
00410030,FUN_00410030,4,0,""
00410040,FUN_00410040,152,0,""
004100e0,FUN_004100e0,29,0,""
00410100,FUN_00410100,352,0,"FUN_004067e0 FUN_00410270 FUN_0046230c FUN_0046231d FUN_004627e2 FUN_0046338c FUN_0047a20e FUN_004cdc10 FUN_004d5990"
00410270,FUN_00410270,128,0,"FUN_004cb550"
004102f0,FUN_004102f0,801,0,"FUN_00405530 FUN_004cb8b0"
00410620,FUN_00410620,35,0,"FUN_0046338c FUN_00507d70"
00410650,FUN_00410650,72,0,""
004106a0,FUN_004106a0,18,0,"FUN_0046338c"
004106c0,FUN_004106c0,88,0,"FUN_00462d59 FUN_0046338c"
00410720,FUN_00410720,50,0,"FUN_004627e2 FUN_00462a32"
00410760,FUN_00410760,142,0,"FUN_00410720 FUN_0046230c FUN_0046231d FUN_004627e2"
004107f0,FUN_004107f0,39,0,"FUN_004cb830"
00410820,FUN_00410820,36,0,""
00410850,FUN_00410850,105,0,"FUN_004cb960"
004108c0,FUN_004108c0,1094,0,"FUN_004026c0 FUN_004d5e10"
00410d10,FUN_00410d10,743,0,"FUN_0040e330 _memset"
00411000,FUN_00411000,38,0,"FUN_00411c20 FUN_0046338c"
00411030,FUN_00411030,318,0,"_memset"
00411180,FUN_00411180,92,0,"FUN_00411030"
004111e0,FUN_004111e0,128,0,""
00411260,FUN_00411260,178,0,""
00411320,FUN_00411320,2195,0,"FUN_004069a0 FUN_0040df60 FUN_004111e0 FUN_00411260 _memset"
00411bc0,FUN_00411bc0,38,0,"FUN_0046338c FUN_0050b560"
00411bf0,FUN_00411bf0,38,0,"FUN_00411c20 FUN_0046338c"
00411c20,FUN_00411c20,153,0,"FUN_0046230c FUN_0046231d FUN_004627e2 FUN_0047a4db"
00411cc0,FUN_00411cc0,95,0,"FUN_0040f2f0 FUN_0046338c"
00411d30,FUN_00411d30,5,0,""
00411d40,FUN_00411d40,38,0,"FUN_0046338c FUN_0050a9c0"
00411d70,FUN_00411d70,121,0,"_memset"
00411df0,FUN_00411df0,424,0,"FUN_0046230c FUN_0046231d FUN_004627e2 FUN_004cb550 thunk_FUN_0047a4db"
00411fa0,FUN_00411fa0,465,0,"FUN_0046230c FUN_0046231d FUN_004627e2 FUN_0046338c FUN_004d5990 thunk_FUN_0047a4db"
00412180,FUN_00412180,22,0,""
004121a0,FUN_004121a0,153,0,""
00412240,FUN_00412240,197,0,"FUN_0046230c FUN_0046231d FUN_004627e2 FUN_0046338c FUN_004d5990"
00412310,FUN_00412310,24,0,""
00412330,FUN_00412330,85,0,"FUN_00462d59 FUN_0046338c"
00412390,FUN_00412390,444,0,"FUN_0040a700"
00412560,FUN_00412560,819,0,"_memset"
004128a0,FUN_004128a0,529,0,"FUN_004cb710 FUN_004cb8b0"
00412ac0,FUN_00412ac0,38,0,"FUN_0046338c FUN_00513a90"
00412af0,FUN_00412af0,59,0,""
00412b30,FUN_00412b30,104,0,"FUN_004cb830"
00412ba0,FUN_00412ba0,47,0,"FUN_00412b30 FUN_004cb420"
00412bd0,FUN_00412bd0,52,0,""
00412c10,FUN_00412c10,58,0,""
00412c50,FUN_00412c50,58,0,""
00412c90,FUN_00412c90,52,0,""
00412cd0,FUN_00412cd0,55,0,""
00412d10,FUN_00412d10,52,0,""
00412d50,FUN_00412d50,55,0,""
00412d90,FUN_00412d90,51,0,""
00412dd0,FUN_00412dd0,28,0,"FUN_00448e70"
00412df0,FUN_00412df0,49,0,"FUN_00448e70 FUN_004493b0"
00412e30,FUN_00412e30,50,0,"FUN_00448e70 FUN_004493b0"
00412e70,FUN_00412e70,345,0,"FUN_00410760 FUN_0046230c FUN_0046231d FUN_004627e2 FUN_0047a20e __beginthreadex operator_new"
00412fd0,FUN_00412fd0,415,0,"_memset"
00413170,FUN_00413170,271,0,"FUN_00412fd0"
00413290,FUN_00413290,38,0,"FUN_0046338c FUN_00516f00"
004132c0,FUN_004132c0,92,0,"FUN_00402540 FUN_00408130"
00413320,FUN_00413320,101,0,"FUN_00402540 FUN_00408130"
00413390,FUN_00413390,61,0,"FUN_00408080"
004133d0,FUN_004133d0,310,0,"FUN_0046230c FUN_0046231d FUN_004627e2 thunk_FUN_0047a4db"
00413510,FUN_00413510,322,0,"FUN_0040e330 _memset"
00413660,FUN_00413660,21,0,"FUN_004d7510"
00413680,FUN_00413680,76,0,""
004136d0,FUN_004136d0,815,0,"_memset"
00413a10,FUN_00413a10,144,0,"FUN_00410760 FUN_0046230c FUN_0046231d FUN_004627e2"
00413ab0,FUN_00413ab0,98,0,""
00413b20,FUN_00413b20,439,0,"FUN_0046230c FUN_0046231d FUN_004627e2 FUN_0046338c FUN_0046dbd9 FUN_004cb710 FUN_004cb8b0 FUN_004d5990 FUN_004d6ce0 FUN_004d6df0"
00413ce0,`scalar_deleting_destructor',38,2,"FUN_0046338c FUN_0051ce40"
00413d10,FUN_00413d10,224,0,"FUN_00402540"
00413df0,FUN_00413df0,65,0,""
00413e40,FUN_00413e40,281,0,"FUN_0046230c FUN_0046231d FUN_004627e2 FUN_0046338c FUN_004cdc10 FUN_004d5990"
00413f60,FUN_00413f60,30,0,"FUN_00401a80"
00413f80,FUN_00413f80,461,0,"FUN_0040e330 FUN_004111e0"
00414160,FUN_00414160,290,0,"FUN_004111e0"
00414290,FUN_00414290,357,0,"FUN_0046230c FUN_0046231d FUN_004627e2 FUN_0046338c FUN_004d5990 FUN_00520320"
00414400,FUN_00414400,350,0,"FUN_00406f30"
00414560,FUN_00414560,353,0,"FUN_0046230c FUN_0046231d FUN_004627e2 FUN_0046338c FUN_004d5990 `eh_vector_destructor_iterator'"
004146d0,FUN_004146d0,34,0,""
00414700,FUN_00414700,86,0,"FUN_004068d0"
00414760,FUN_00414760,98,0,""
004147d0,FUN_004147d0,108,0,""
00414840,FUN_00414840,273,0,"FUN_0046230c FUN_0046231d FUN_004627e2 FUN_0046338c FUN_004d5990 FUN_00534650"
00414960,FUN_00414960,55,0,""
004149a0,FUN_004149a0,340,0,"FUN_004068d0 FUN_00414d30 FUN_00416260 FUN_0046230c FUN_0046231d FUN_004627e2 FUN_0046338c FUN_0047a4db"
00414b00,FUN_00414b00,112,0,"FUN_00401d60 FUN_00401db0 FUN_00414d80"
00414b70,FUN_00414b70,112,0,"FUN_00401d60 FUN_00401db0 FUN_00414e50"
00414be0,FUN_00414be0,112,0,"FUN_00401d60 FUN_00401db0 FUN_00414f00"
00414c50,FUN_00414c50,112,0,"FUN_00401d60 FUN_00401db0 FUN_00414fb0"
00414cc0,FUN_00414cc0,112,0,"FUN_00401d60 FUN_00401db0 FUN_00415060"
00414d30,FUN_00414d30,65,0,"FUN_00401850 FUN_00401890 FUN_004018b0 thunk_FUN_0047a4db"
00414d80,FUN_00414d80,208,0,"FUN_00401a50 FUN_00401f40 FUN_00415370 FUN_004153d0"
00414e50,FUN_00414e50,163,0,"FUN_00401f40 FUN_00415420 FUN_00415480"
00414f00,FUN_00414f00,163,0,"FUN_00401f40 FUN_00415580 FUN_004155e0"
00414fb0,FUN_00414fb0,163,0,"FUN_00401f40 FUN_00415700 FUN_00415760"
00415060,FUN_00415060,251,0,"FUN_00401a50 FUN_00401dc0 FUN_00401f40 FUN_004158a0 FUN_00415d00"
00415160,FUN_00415160,91,0,"FUN_00401f40"
004151c0,FUN_004151c0,94,0,"FUN_00401f40"
00415230,FUN_00415230,94,0,"FUN_00401f40"
004152a0,FUN_004152a0,94,0,"FUN_00401f40"
00415310,FUN_00415310,91,0,"FUN_00401f40"
00415370,FUN_00415370,81,0,"FUN_00401dc0 FUN_00401f00"
004153d0,FUN_004153d0,66,0,"FUN_00401f30 FUN_00415a40"
00415420,FUN_00415420,84,0,"FUN_00401dc0 FUN_00401f00"
00415480,FUN_00415480,82,0,"FUN_00401a50 FUN_004154e0"
004154e0,FUN_004154e0,62,0,"FUN_00401f30 FUN_00415520 _memset"
00415520,FUN_00415520,87,0,"FUN_00406f30 FUN_0040de10 FUN_00415e40"
00415580,FUN_00415580,84,0,"FUN_00401dc0 FUN_00401f00"
004155e0,FUN_004155e0,82,0,"FUN_00401a50 FUN_00415640"
00415640,FUN_00415640,62,0,"FUN_00401f30 FUN_00415680 _memset"
00415680,FUN_00415680,122,0,"FUN_00406f30 FUN_0040f6d0 FUN_00415e40 _memset"
00415700,FUN_00415700,84,0,"FUN_00401dc0 FUN_00401f00"
00415760,FUN_00415760,82,0,"FUN_00401a50 FUN_004157c0"
004157c0,FUN_004157c0,62,0,"FUN_00401f30 FUN_00415800 _memset"
00415800,FUN_00415800,159,0,"FUN_00406f30 FUN_0040f620 FUN_00415d20 FUN_00415e40"
004158a0,FUN_004158a0,66,0,"FUN_00401f30 FUN_0040e5d0"
004158f0,FUN_004158f0,78,0,"FUN_00406960 FUN_00416260 FUN_0046338c"
00415940,FUN_00415940,64,0,"FUN_00406960 FUN_00416260 FUN_0046338c"
00415980,FUN_00415980,29,0,""
004159a0,FUN_004159a0,85,0,""
00415a00,FUN_00415a00,44,0,""
00415a30,FUN_00415a30,5,0,""
00415a40,FUN_00415a40,159,0,"FUN_0040e330"
00415ae0,FUN_00415ae0,262,0,"FUN_004133d0 FUN_0046230c FUN_0046231d FUN_004627e2 FUN_0046338c FUN_004d5990"
00415bf0,FUN_00415bf0,99,0,""
00415c60,FUN_00415c60,146,0,"FUN_00415d20 FUN_004d6b50"
00415d00,FUN_00415d00,23,0,""
00415d20,FUN_00415d20,107,0,""
00415d90,FUN_00415d90,43,0,"FUN_004cb8b0"
00415dc0,FUN_00415dc0,36,0,""
00415df0,FUN_00415df0,80,0,""
00415e40,FUN_00415e40,450,0,"_memset"
00416010,FUN_00416010,32,0,"FUN_004160c0 FUN_00464df0"
00416030,FUN_00416030,138,0,"FUN_004068d0 FUN_00416260 FUN_0046338c"
004160c0,FUN_004160c0,160,0,"FUN_00406f30 FUN_0040ded0 FUN_00415e40 FUN_004d6b50 _memset"
00416160,FUN_00416160,25,0,""
00416180,FUN_00416180,3,0,""
00416190,FUN_00416190,3,0,""
004161a0,FUN_004161a0,82,0,""
00416200,FUN_00416200,5,0,""
00416210,FUN_00416210,5,0,""
00416220,FUN_00416220,5,0,""
00416230,FUN_00416230,38,0,"FUN_00416260 FUN_0046338c"
00416260,FUN_00416260,153,0,"FUN_0046230c FUN_0046231d FUN_004627e2 thunk_FUN_0047a4db"
00416300,FUN_00416300,38,0,"FUN_0046338c FUN_005313f0"
00416330,FUN_00416330,41,0,"FUN_00402220 ___stdio_common_vsscanf"
00416360,FUN_00416360,49,0,"FUN_00401f50 FUN_00472bb6"
004163a0,FUN_004163a0,529,0,"FUN_0040c480 FUN_00413170 _memset"
004165c0,FUN_004165c0,243,0,"FUN_00405ff0 FUN_004628f6 FUN_00464df0"
004166c0,FUN_004166c0,294,0,"FUN_0046230c FUN_0046231d FUN_004627e2 FUN_0046338c FUN_004cdc10 FUN_004d5990"
004167f0,FUN_004167f0,61,0,"FUN_004cb960"
00416830,FUN_00416830,98,0,""
004168a0,FUN_004168a0,273,0,"FUN_0046230c FUN_0046231d FUN_004627e2 FUN_0046338c FUN_004d5990 FUN_00534650"
004169c0,FUN_004169c0,381,0,"FUN_0046230c FUN_0046231d FUN_004627e2 FUN_0046338c FUN_004d5990 thunk_FUN_0047a4db"
00416b50,FUN_00416b50,113,0,""
00416bd0,FUN_00416bd0,74,0,""
00416c20,FUN_00416c20,119,0,"FUN_004cb420 FUN_004cb8b0"
00416ca0,FUN_00416ca0,162,0,""
00416d50,FUN_00416d50,293,0,"FUN_004cb3d0 FUN_004cb960"
00416e80,FUN_00416e80,131,0,"FUN_004026c0 FUN_00402c30 FUN_004cb8b0"
00416f10,FUN_00416f10,74,0,""
00416f60,FUN_00416f60,89,0,"FUN_004d44e0"
00416fc0,FUN_00416fc0,11,0,"FUN_004cb3d0"
00416fd0,FUN_00416fd0,41,0,"FUN_00417650"
00417000,FUN_00417000,93,0,""
00417060,FUN_00417060,38,0,"FUN_0046338c FUN_004ed640"
00417090,FUN_00417090,39,0,"FUN_0046338c"
004170c0,FUN_004170c0,101,0,"FUN_004068d0 FUN_0046338c"
00417130,FUN_00417130,101,0,"FUN_004068d0 FUN_0046338c"
004171a0,FUN_004171a0,101,0,"FUN_0046338c FUN_004cb3d0"
00417210,FUN_00417210,12,0,""
00417220,FUN_00417220,90,0,""
00417280,FUN_00417280,90,0,""
004172e0,FUN_004172e0,281,0,"FUN_0040e330 FUN_004111e0"
00417400,FUN_00417400,233,0,"FUN_00405100 FUN_00406f30 FUN_0040b300 FUN_004111e0"
004174f0,FUN_004174f0,36,0,"FUN_0046338c"
00417520,FUN_00417520,290,0,"FUN_004111e0"
00417650,FUN_00417650,189,0,""
00417710,FUN_00417710,182,0,""
004177d0,FUN_004177d0,99,0,""
00417840,FUN_00417840,310,0,"FUN_004cb3d0 FUN_004cb960"
00417980,FUN_00417980,140,0,"FUN_004026c0 FUN_00402c30 FUN_004cb8b0"
00417a10,FUN_00417a10,72,0,"_fabs"
00417a60,FUN_00417a60,110,0,"FUN_004d2c30"
00417ad0,FUN_00417ad0,51,0,"FUN_00417650"
00417b10,FUN_00417b10,115,0,""
00417b90,FUN_00417b90,736,0,"FUN_0040b300 FUN_00417400 FUN_004bb8d0 FUN_004d6b50 FUN_0053d280 _memset"
00417e70,FUN_00417e70,38,0,"FUN_0046338c FUN_004ed640"
00417ea0,FUN_00417ea0,101,0,"FUN_0046338c FUN_004cb3d0"
00417f10,FUN_00417f10,626,0,"FUN_004bb8d0 FUN_004cb3d0 FUN_004cb960 FUN_004ed3d0 FUN_004ed4a0"
00418190,FUN_00418190,648,0,"FUN_004026c0 FUN_00402c30 FUN_00403250 FUN_004b9f00 FUN_004bb7d0 FUN_004bb8d0 FUN_004cb830 FUN_004cb8b0 FUN_004ee770 FUN_005200f0 FUN_00520240 FUN_00530c60"
00418420,FUN_00418420,107,0,"FUN_0046230c FUN_0046231d FUN_004627e2 FUN_004cb830 thunk_FUN_0047a4db"
00418490,FUN_00418490,5,0,""
004184a0,FUN_004184a0,349,0,"FUN_004cb3d0 FUN_004cb960"
00418600,FUN_00418600,130,0,"FUN_004026c0 FUN_00402c30 FUN_004cb8b0"
00418690,FUN_00418690,66,0,""
004186e0,FUN_004186e0,916,0,"FUN_00401960 FUN_00402540 FUN_00404cf0 FUN_00417710 FUN_004c19c0"
00418a80,FUN_00418a80,300,0,"FUN_004026c0 FUN_004037e0 FUN_0040b300 FUN_004bd660 FUN_0050d410"
00418bb0,FUN_00418bb0,21,0,"FUN_004c50f0"
00418bd0,FUN_00418bd0,182,0,"FUN_0046230c FUN_0046231d FUN_004627e2 thunk_FUN_0047a4db"
00418c90,FUN_00418c90,134,0,""
00418d20,FUN_00418d20,198,0,""
00418df0,FUN_00418df0,101,0,"FUN_0046338c FUN_004cb3d0"
00418e60,FUN_00418e60,412,0,"FUN_004bb8d0 FUN_004cb3d0 FUN_004cb960 FUN_004ed3d0 FUN_004ed4a0"
00419000,FUN_00419000,852,0,"FUN_004026c0 FUN_00402c30 FUN_00403250 FUN_004b9f00 FUN_004bb7d0 FUN_004bb8d0 FUN_004cb830 FUN_004cb8b0 FUN_004ee0d0 FUN_0051f320 FUN_00520240 FUN_005303f0"
00419360,FUN_00419360,356,0,"FUN_004cb3d0 FUN_004cb960"
004194d0,FUN_004194d0,128,0,"FUN_004026c0 FUN_00402c30 FUN_004cb8b0"
00419550,FUN_00419550,205,0,"FUN_004d44e0"
00419620,FUN_00419620,251,0,"FUN_004d2c30"
00419720,FUN_00419720,778,0,"FUN_00401960 FUN_00402540 FUN_00404cf0 FUN_00407ba0 FUN_00417710 FUN_004c19c0"
00419a30,FUN_00419a30,152,0,"FUN_004121a0 FUN_00417650 __security_check_cookie"
00419ad0,FUN_00419ad0,11,0,""
00419ae0,FUN_00419ae0,286,0,"FUN_004bb8d0 FUN_005483d0"
00419c00,FUN_00419c00,1066,0,"FUN_00402540 FUN_004026c0 FUN_0050d640 FUN_005483d0 FUN_0054f990"
0041a050,FUN_0041a050,238,0,"FUN_00417400 FUN_00419720 FUN_004d6b50 _memset"
0041a140,FUN_0041a140,90,0,""
0041a1a0,FUN_0041a1a0,101,0,"FUN_0046338c FUN_004cb3d0"
0041a210,FUN_0041a210,101,0,"FUN_004068d0 FUN_0046338c"
0041a280,FUN_0041a280,546,0,"FUN_004cb3d0 FUN_004cb960"
0041a4b0,FUN_0041a4b0,891,0,"FUN_004026c0 FUN_00402ba0 FUN_00402c30 FUN_004cb8b0"
0041a830,FUN_0041a830,103,0,"FUN_004d4020"
0041a8a0,FUN_0041a8a0,125,0,"FUN_004d3c50"
0041a920,FUN_0041a920,134,0,""
0041a9b0,FUN_0041a9b0,174,0,""
0041aa60,FUN_0041aa60,38,0,"FUN_0046338c FUN_004ed640"
0041aa90,FUN_0041aa90,39,0,"FUN_0046338c"
0041aac0,FUN_0041aac0,101,0,"FUN_0046338c FUN_004cb3d0"
0041ab30,FUN_0041ab30,107,0,"FUN_0046230c FUN_0046231d FUN_004627e2 FUN_004cb3d0 thunk_FUN_0047a4db"
0041aba0,FUN_0041aba0,349,0,"FUN_004cb3d0 FUN_004cb960"
0041ad00,FUN_0041ad00,570,0,"FUN_004026c0 FUN_00402c30 FUN_00405000 FUN_0040fb70 FUN_004cb8b0 FUN_00508420"
0041af40,FUN_0041af40,922,0,"FUN_00401960 FUN_00402540 FUN_00404cf0 FUN_00417710 FUN_004c19c0"
0041b2e0,FUN_0041b2e0,307,0,"FUN_004026c0 FUN_004037e0 FUN_0040b300 FUN_004bb8d0 FUN_004bd660 FUN_0050d410"
0041b420,FUN_0041b420,300,0,"FUN_004bb8d0 FUN_004cb960 FUN_005200f0 FUN_00520240"
0041b550,FUN_0041b550,101,0,"FUN_0046338c FUN_004cb3d0"
0041b5c0,FUN_0041b5c0,850,0,"FUN_004bb8d0 FUN_004cb3d0 FUN_004cb960 FUN_004ed3d0"
0041b920,FUN_0041b920,349,0,"FUN_004cb3d0 FUN_004cb960"
0041ba80,FUN_0041ba80,148,0,"FUN_004026c0 FUN_00402c30 FUN_004cb8b0"
0041bb20,FUN_0041bb20,922,0,"FUN_00401960 FUN_00402540 FUN_00404cf0 FUN_00417710 FUN_004c19c0"
0041bec0,FUN_0041bec0,165,0,"FUN_004bb8d0"
0041bf70,FUN_0041bf70,641,0,"FUN_004bb8d0 FUN_004cb3d0 FUN_004cb960 FUN_004ed3d0 FUN_004ed4a0"
0041c200,FUN_0041c200,807,0,"FUN_004026c0 FUN_00402c30 FUN_00403250 FUN_004b9f00 FUN_004bb7d0 FUN_004bb8d0 FUN_004cb830 FUN_004cb8b0 FUN_004d4a00 FUN_004d4dc0 FUN_004ee0d0 FUN_0051f320 FUN_00520240 FUN_005303f0"
0041c530,FUN_0041c530,576,0,"FUN_004cb3d0 FUN_004cb960"
0041c770,FUN_0041c770,579,0,"FUN_004026c0 FUN_00402c30 FUN_004cb8b0 FUN_004d4a00 FUN_004d4dc0"
0041c9c0,FUN_0041c9c0,123,0,"FUN_00402c30 FUN_004cb8b0"
0041ca40,FUN_0041ca40,181,0,"FUN_004d44e0"
0041cb00,FUN_0041cb00,114,0,"FUN_004d2c30"
0041cb80,FUN_0041cb80,26,0,"FUN_004cb3d0"
0041cba0,FUN_0041cba0,11,0,""
0041cbb0,FUN_0041cbb0,852,0,"FUN_00401960 FUN_00402540 FUN_00404cf0 FUN_00407ba0 FUN_00417710 FUN_004cb8b0 FUN_004cb960"
0041cf10,FUN_0041cf10,265,0,"FUN_004026c0 FUN_004037e0 FUN_0040b300 FUN_004cb3d0 FUN_004cb8b0 FUN_0050d410"
0041d020,FUN_0041d020,398,0,"FUN_004bb8d0 FUN_004cb960"
0041d1b0,FUN_0041d1b0,891,0,"FUN_00402540 FUN_004026c0 FUN_0050d640 FUN_0054f990"
0041d530,FUN_0041d530,238,0,"FUN_00417400 FUN_0041cbb0 FUN_004d6b50 _memset"
0041d620,FUN_0041d620,39,0,"FUN_0046338c"
0041d650,FUN_0041d650,544,0,"FUN_004bb8d0 FUN_004cb3d0 FUN_004cb960 FUN_004ed3d0 FUN_004ed4a0"
0041d870,FUN_0041d870,802,0,"FUN_004026c0 FUN_00402c30 FUN_00403250 FUN_004b9f00 FUN_004bb7d0 FUN_004bb8d0 FUN_004cb830 FUN_004cb8b0 FUN_004d4a00 FUN_004d4dc0 FUN_004ee0d0 FUN_0051f320 FUN_00520240 FUN_005303f0"
0041dba0,FUN_0041dba0,640,0,"FUN_004cb3d0 FUN_004cb960"
0041de20,FUN_0041de20,750,0,"FUN_004026c0 FUN_00402c30 FUN_004cb8b0 FUN_004d4a00 FUN_004d4dc0"
0041e110,FUN_0041e110,100,0,"FUN_004d44e0"
0041e180,FUN_0041e180,117,0,"FUN_004d2c30"
0041e200,FUN_0041e200,823,0,"FUN_00401960 FUN_00402540 FUN_00404cf0 FUN_00407ba0 FUN_00417710 FUN_004cb960"
0041e540,FUN_0041e540,11,0,""
0041e550,FUN_0041e550,134,0,""
0041e5e0,FUN_0041e5e0,362,0,"FUN_004cb3d0 FUN_004cb960"
0041e750,FUN_0041e750,1042,0,"FUN_00402540 FUN_004026c0 FUN_00402c30 FUN_004cb3d0 FUN_004cb8b0 FUN_0050d640 FUN_0051d4e0 FUN_0054f990"
0041eb70,FUN_0041eb70,238,0,"FUN_00417400 FUN_0041e200 FUN_004d6b50 _memset"
0041ec60,FUN_0041ec60,101,0,"FUN_0046338c FUN_004cb3d0"
0041ecd0,FUN_0041ecd0,39,0,"FUN_0046338c"
0041ed00,FUN_0041ed00,660,0,"FUN_004bb8d0 FUN_004cb3d0 FUN_004cb960 FUN_004ed3d0 FUN_004ed4a0"
0041efa0,FUN_0041efa0,1074,0,"FUN_004026c0 FUN_00402c30 FUN_00403250 FUN_004b9f00 FUN_004bb7d0 FUN_004bb8d0 FUN_004cb830 FUN_004cb8b0 FUN_004d4a00 FUN_004d4dc0 FUN_004ee770 FUN_005200f0 FUN_00520240 FUN_00530c60"
0041f3e0,FUN_0041f3e0,133,0,"FUN_0046230c FUN_0046231d FUN_004627e2 FUN_004cb830 thunk_FUN_0047a4db"
0041f470,FUN_0041f470,768,0,"FUN_004cb3d0 FUN_004cb960"
0041f770,FUN_0041f770,1392,0,"FUN_004026c0 FUN_00402c30 FUN_0047a070 FUN_0047a0c0 FUN_004cb8b0 FUN_004d4a00 FUN_004d4dc0"
0041fce0,FUN_0041fce0,219,0,""
0041fdc0,FUN_0041fdc0,37,0,"FUN_004cb3d0"
0041fe00,FUN_0041fe00,832,0,"FUN_00401960 FUN_00402540 FUN_00404cf0 FUN_00407ba0 FUN_00417710 FUN_004cb960"
00420140,FUN_00420140,277,0,"FUN_004026c0 FUN_004037e0 FUN_0040b300 FUN_004cb3d0 FUN_004cb8b0 FUN_0050d410"
00420260,FUN_00420260,152,0,"FUN_004121a0 FUN_00417650 __security_check_cookie"
00420300,FUN_00420300,125,0,""
00420380,FUN_00420380,356,0,"FUN_004cb960 FUN_004ee770 FUN_005200f0 FUN_00520240 FUN_00530c60 FUN_00537b90"
004204f0,FUN_004204f0,1516,0,"FUN_00402540 FUN_004026c0 FUN_0046230c FUN_0046231d FUN_004627e2 FUN_0050d640 FUN_0054f990"
00420ae0,FUN_00420ae0,248,0,"FUN_00417400 FUN_0041fe00 FUN_004d6b50 _memset"
00420be0,FUN_00420be0,38,0,"FUN_0046338c FUN_004ed640"
00420c10,FUN_00420c10,101,0,"FUN_004068d0 FUN_0046338c"
00420c80,FUN_00420c80,614,0,"FUN_004bb8d0 FUN_004cb3d0 FUN_004cb960 FUN_004ed3d0 FUN_004ed4a0"
00420ef0,FUN_00420ef0,793,0,"FUN_004026c0 FUN_00402c30 FUN_00403250 FUN_004b9f00 FUN_004bb7d0 FUN_004bb8d0 FUN_004cb830 FUN_004cb8b0 FUN_004d4a00 FUN_004d4dc0 FUN_004ee640 FUN_0051f860 FUN_00520240 FUN_00530320"
00421210,FUN_00421210,640,0,"FUN_004cb3d0 FUN_004cb960"
00421490,FUN_00421490,844,0,"FUN_004026c0 FUN_00402c30 FUN_004cb8b0 FUN_004d4a00 FUN_004d4dc0"
004217e0,FUN_004217e0,462,0,"FUN_00405000 FUN_004d2a10"
004219b0,FUN_004219b0,213,0,"FUN_004d22d0"
00421a90,FUN_00421a90,832,0,"FUN_00401960 FUN_00402540 FUN_00404cf0 FUN_00407ba0 FUN_00417710 FUN_004cb960"
00421dd0,FUN_00421dd0,265,0,"FUN_004026c0 FUN_004037e0 FUN_0040b300 FUN_004cb3d0 FUN_004cb8b0 FUN_0050d410"
00421ee0,FUN_00421ee0,152,0,"FUN_004121a0 FUN_00417650 __security_check_cookie"
00421f80,FUN_00421f80,454,0,"FUN_004bb8d0 FUN_004cb960"
00422150,FUN_00422150,378,0,"FUN_004bb8d0 FUN_004cb960"
004222d0,FUN_004222d0,1075,0,"FUN_00402540 FUN_004026c0 FUN_00402c30 FUN_004ee640 FUN_0050d640 FUN_0051f860 FUN_00520240 FUN_00530320"
00422710,FUN_00422710,248,0,"FUN_00417400 FUN_00421a90 FUN_004d6b50 _memset"
00422810,FUN_00422810,101,0,"FUN_0046338c FUN_004cb3d0"
00422880,FUN_00422880,38,0,"FUN_0046338c FUN_004ed640"
004228b0,FUN_004228b0,922,0,"FUN_004bb8d0 FUN_004cb3d0 FUN_004cb960 FUN_004ed3d0 FUN_004ed4a0"
00422c60,FUN_00422c60,1412,0,"FUN_004026c0 FUN_00402c30 FUN_00403250 FUN_00407570 FUN_0047a070 FUN_0047a0c0 FUN_004b9f00 FUN_004bb7d0 FUN_004bb8d0 FUN_004cb830 FUN_004cb8b0 FUN_004d4a00 FUN_004d4dc0 FUN_004ee500 FUN_0051f4e0 FUN_00520240 FUN_00530180"
004231f0,FUN_004231f0,848,0,"FUN_004cb3d0 FUN_004cb960"
00423540,FUN_00423540,971,0,"FUN_004026c0 FUN_00402c30 FUN_0047a070 FUN_0047a0c0 FUN_004cb8b0 FUN_004d4a00 FUN_004d4dc0"
00423910,FUN_00423910,95,0,"FUN_004d4020"
00423970,FUN_00423970,117,0,"FUN_004d3c50"
004239f0,FUN_004239f0,832,0,"FUN_00401960 FUN_00402540 FUN_00404cf0 FUN_00407ba0 FUN_00417710 FUN_004cb960"
00423d30,FUN_00423d30,265,0,"FUN_004026c0 FUN_004037e0 FUN_0040b300 FUN_004cb3d0 FUN_004cb8b0 FUN_0050d410"
00423e40,FUN_00423e40,152,0,"FUN_004121a0 FUN_00417650 __security_check_cookie"
00423ee0,FUN_00423ee0,11,0,""
00423ef0,FUN_00423ef0,143,0,""
00423f80,FUN_00423f80,118,0,""
00424000,FUN_00424000,787,0,"FUN_00402540 FUN_004026c0 FUN_0050d640 FUN_0054f990"
00424320,FUN_00424320,248,0,"FUN_00417400 FUN_004239f0 FUN_004d6b50 _memset"
00424420,FUN_00424420,101,0,"FUN_0046338c FUN_004cb3d0"
00424490,FUN_00424490,39,0,"FUN_0046338c"
004244c0,FUN_004244c0,38,0,"FUN_0046338c FUN_004ed640"
004244f0,FUN_004244f0,412,0,"FUN_004bb8d0 FUN_004cb3d0 FUN_004cb960 FUN_004ed3d0 FUN_004ed4a0"
00424690,FUN_00424690,665,0,"FUN_004026c0 FUN_00402c30 FUN_00403250 FUN_004b9f00 FUN_004bb7d0 FUN_004bb8d0 FUN_004cb830 FUN_004cb8b0 FUN_004d4a00 FUN_004d4dc0 FUN_004ee770 FUN_005200f0 FUN_00520240 FUN_00530c60"
00424930,FUN_00424930,640,0,"FUN_004cb3d0 FUN_004cb960"
00424bb0,FUN_00424bb0,751,0,"FUN_004026c0 FUN_00402c30 FUN_004cb8b0 FUN_004d4a00 FUN_004d4dc0"
00424ea0,FUN_00424ea0,832,0,"FUN_00401960 FUN_00402540 FUN_00404cf0 FUN_00407ba0 FUN_00417710 FUN_004cb960"
004251e0,FUN_004251e0,11,0,""
004251f0,FUN_004251f0,405,0,"FUN_004bb8d0 FUN_004cb3d0 FUN_004cb960"
00425390,FUN_00425390,385,0,"FUN_004bb8d0 FUN_004cb3d0 FUN_004cb960"
00425520,FUN_00425520,843,0,"FUN_00402540 FUN_004026c0 FUN_00402c30 FUN_004cb8b0 FUN_004ee770 FUN_0050d640 FUN_005200f0 FUN_00520240 FUN_00530c60"
00425870,FUN_00425870,248,0,"FUN_00417400 FUN_00424ea0 FUN_004d6b50 _memset"
00425970,FUN_00425970,101,0,"FUN_0046338c FUN_004cb3d0"
004259e0,FUN_004259e0,658,0,"FUN_004bb8d0 FUN_004cb3d0 FUN_004cb710 FUN_004cb8b0 FUN_004cb960 FUN_004ed3d0 FUN_004ed4a0"
00425c80,FUN_00425c80,1065,0,"FUN_004026c0 FUN_00402c30 FUN_00403250 FUN_004b9f00 FUN_004bb7d0 FUN_004bb8d0 FUN_004cb830 FUN_004cb8b0 FUN_004d4a00 FUN_004d4dc0 FUN_004ee770 FUN_005200f0 FUN_00520240 FUN_00530c60"
004260b0,FUN_004260b0,133,0,"FUN_0046230c FUN_0046231d FUN_004627e2 FUN_004cb830 thunk_FUN_0047a4db"
00426140,FUN_00426140,535,0,"FUN_004cb3d0 FUN_004cb710 FUN_004cb8b0 FUN_004cb960"
00426360,FUN_00426360,359,0,"FUN_004026c0 FUN_00402c30 FUN_004cb8b0"
004264d0,FUN_004264d0,213,0,""
004265b0,FUN_004265b0,285,0,"FUN_004d44e0"
004266d0,FUN_004266d0,37,0,"FUN_004cb3d0"
00426700,FUN_00426700,832,0,"FUN_00401960 FUN_00402540 FUN_00404cf0 FUN_00407ba0 FUN_00417710 FUN_004cb960"
00426a40,FUN_00426a40,187,0,"FUN_004bb8d0"
00426b00,FUN_00426b00,158,0,"FUN_004bb8d0"
00426ba0,FUN_00426ba0,792,0,"FUN_00402540 FUN_004026c0 FUN_0050d640 FUN_0054f990"
00426ec0,FUN_00426ec0,248,0,"FUN_00417400 FUN_00426700 FUN_004d6b50 _memset"
00426fc0,FUN_00426fc0,38,0,"FUN_0046338c FUN_004ed640"
00426ff0,FUN_00426ff0,39,0,"FUN_0046338c"
00427020,FUN_00427020,714,0,"FUN_004bb8d0 FUN_004cb3d0 FUN_004cb960 FUN_004ed3d0 FUN_004ed4a0"
004272f0,FUN_004272f0,963,0,"FUN_004026c0 FUN_00402c30 FUN_00403250 FUN_004b9f00 FUN_004bb7d0 FUN_004bb8d0 FUN_004cb830 FUN_004cb8b0 FUN_004d4a00 FUN_004d4dc0 FUN_004ee640 FUN_0051f860 FUN_00520240 FUN_00530320"
004276c0,FUN_004276c0,640,0,"FUN_004cb3d0 FUN_004cb960"
00427940,FUN_00427940,1060,0,"FUN_004026c0 FUN_00402c30 FUN_0047a070 FUN_0047a0c0 FUN_004cb8b0 FUN_004d4a00 FUN_004d4dc0"
00427d70,FUN_00427d70,1005,0,"FUN_00405000 FUN_004d2a10"
00428160,FUN_00428160,486,0,"FUN_004d22d0"
00428350,FUN_00428350,832,0,"FUN_00401960 FUN_00402540 FUN_00404cf0 FUN_00407ba0 FUN_00417710 FUN_004cb960"
00428690,FUN_00428690,152,0,"FUN_004121a0 FUN_00417650 __security_check_cookie"
00428730,FUN_00428730,1227,0,"FUN_00402540 FUN_004026c0 FUN_0047a070 FUN_0047a0c0 FUN_004bb8d0 FUN_0050d640 FUN_0054f990"
00428c00,FUN_00428c00,248,0,"FUN_00417400 FUN_00428350 FUN_004d6b50 _memset"
00428d00,FUN_00428d00,39,0,"FUN_0046338c"
00428d30,FUN_00428d30,38,0,"FUN_0046338c FUN_004ed640"
00428d60,FUN_00428d60,835,0,"FUN_004bb8d0 FUN_004cb3d0 FUN_004cb960 FUN_004ed3d0 FUN_004ed4a0"
004290b0,FUN_004290b0,2060,0,"FUN_004026c0 FUN_00402c30 FUN_00403250 FUN_00407570 FUN_0047a070 FUN_0047a0c0 FUN_004b9f00 FUN_004bb7d0 FUN_004bb8d0 FUN_004cb830 FUN_004cb8b0 FUN_004d4a00 FUN_004d4dc0 FUN_004ee770 FUN_005200f0 FUN_00520240 FUN_00530c60"
004298c0,FUN_004298c0,133,0,"FUN_0046230c FUN_0046231d FUN_004627e2 FUN_004cb830 thunk_FUN_0047a4db"
00429950,FUN_00429950,768,0,"FUN_004cb3d0 FUN_004cb960"
00429c50,FUN_00429c50,1370,0,"FUN_004026c0 FUN_00402c30 FUN_0047a070 FUN_0047a0c0 FUN_004cb8b0 FUN_004d4a00 FUN_004d4dc0"
0042a1b0,FUN_0042a1b0,213,0,""
0042a290,FUN_0042a290,285,0,"FUN_004d44e0"
0042a3b0,FUN_0042a3b0,1024,0,"FUN_00402540 FUN_004026c0 FUN_0050d640 FUN_0054f990"
0042a7b0,FUN_0042a7b0,248,0,"FUN_00417400 FUN_004239f0 FUN_004d6b50 _memset"
0042a8b0,FUN_0042a8b0,39,0,"FUN_0046338c"
0042a8e0,FUN_0042a8e0,38,0,"FUN_0046338c FUN_004ed640"
0042a910,FUN_0042a910,714,0,"FUN_004bb8d0 FUN_004cb3d0 FUN_004cb960 FUN_004ed3d0 FUN_004ed4a0"
0042abe0,FUN_0042abe0,1285,0,"FUN_004026c0 FUN_00402c30 FUN_00403250 FUN_00407570 FUN_0047a070 FUN_0047a0c0 FUN_004b9f00 FUN_004bb7d0 FUN_004bb8d0 FUN_004cb830 FUN_004cb8b0 FUN_004d4a00 FUN_004d4dc0 FUN_004ee770 FUN_005200f0 FUN_00520240 FUN_00530c60"
0042b0f0,FUN_0042b0f0,363,0,"FUN_004cb3d0 FUN_004cb960"
0042b260,FUN_0042b260,206,0,"FUN_004026c0 FUN_00402c30 FUN_004cb8b0 FUN_004d4a00 FUN_004d4dc0 FUN_005200f0"
0042b330,FUN_0042b330,832,0,"FUN_00401960 FUN_00402540 FUN_00404cf0 FUN_00407ba0 FUN_00417710 FUN_004cb960"
0042b670,FUN_0042b670,51,0,"FUN_00417650"
0042b6b0,FUN_0042b6b0,283,0,"FUN_0040b300 FUN_004cb960 FUN_0050d410"
0042b7d0,FUN_0042b7d0,1138,0,"FUN_00402540 FUN_004026c0 FUN_004cb8b0 FUN_0050d640 FUN_0054f990"
0042bc50,FUN_0042bc50,248,0,"FUN_00417400 FUN_0042b330 FUN_004d6b50 _memset"
0042bd50,FUN_0042bd50,714,0,"FUN_004bb8d0 FUN_004cb3d0 FUN_004cb960 FUN_004ed3d0 FUN_004ed4a0"
0042c020,FUN_0042c020,1291,0,"FUN_004026c0 FUN_00402c30 FUN_00403250 FUN_00407570 FUN_0047a070 FUN_0047a0c0 FUN_004b9f00 FUN_004bb7d0 FUN_004bb8d0 FUN_004cb830 FUN_004cb8b0 FUN_004d4a00 FUN_004d4dc0 FUN_004ee770 FUN_005200f0 FUN_00520240 FUN_00530c60"
0042c530,FUN_0042c530,640,0,"FUN_004cb3d0 FUN_004cb960"
0042c7b0,FUN_0042c7b0,915,0,"FUN_004026c0 FUN_00402c30 FUN_0047a070 FUN_0047a0c0 FUN_004cb8b0 FUN_004d4a00 FUN_004d4dc0"
0042cb50,FUN_0042cb50,792,0,"FUN_00402540 FUN_004026c0 FUN_0050d640 FUN_0054f990"
0042ce70,FUN_0042ce70,248,0,"FUN_00417400 FUN_00426700 FUN_004d6b50 _memset"
0042cf70,FUN_0042cf70,922,0,"FUN_004bb8d0 FUN_004cb3d0 FUN_004cb960 FUN_004ed3d0 FUN_004ed4a0"
0042d310,FUN_0042d310,2402,0,"FUN_004026c0 FUN_00402c30 FUN_00403250 FUN_00407570 FUN_004b9f00 FUN_004bb7d0 FUN_004bb8d0 FUN_004cb830 FUN_004cb8b0 FUN_004d4a00 FUN_004d4dc0 FUN_004ee3c0 FUN_0051eac0 _memset"
0042dc80,FUN_0042dc80,848,0,"FUN_004cb3d0 FUN_004cb960"
0042dfd0,FUN_0042dfd0,821,0,"FUN_004026c0 FUN_00402c30 FUN_004cb8b0 FUN_004d4a00 FUN_004d4dc0"
0042e310,FUN_0042e310,489,0,"FUN_00405000 FUN_004d2070"
0042e500,FUN_0042e500,122,0,"FUN_004d18b0"
0042e580,FUN_0042e580,152,0,"FUN_004121a0 FUN_00417650 __security_check_cookie"
0042e620,FUN_0042e620,11,0,""
0042e630,FUN_0042e630,143,0,""
0042e6c0,FUN_0042e6c0,399,0,"FUN_004cb8b0 FUN_004cb960"
0042e850,FUN_0042e850,1631,0,"FUN_00402540 FUN_004026c0 FUN_00402c30 FUN_0040b300 FUN_0040eab0 FUN_004cb3d0 FUN_004cb8b0 FUN_004ee770 FUN_0050d410 FUN_0050d640 FUN_00530c60 FUN_0054f990"
0042eeb0,FUN_0042eeb0,248,0,"FUN_00417400 FUN_00426700 FUN_004d6b50 _memset"
0042efb0,FUN_0042efb0,101,0,"FUN_0046338c FUN_004cb3d0"
0042f020,FUN_0042f020,377,0,"FUN_004111e0"
0042f1a0,FUN_0042f1a0,654,0,"FUN_0040e330 FUN_004111e0 _memset"
0042f440,FUN_0042f440,1801,0,"FUN_00406f30 FUN_0042f1a0"
0042fb50,FUN_0042fb50,38,0,"FUN_0046338c FUN_005476d0"
0042fb80,FUN_0042fb80,195,0,""
0042fc50,FUN_0042fc50,30,0,""
0042fc70,FUN_0042fc70,103,0,""
0042fce0,FUN_0042fce0,332,0,""
0042fe30,FUN_0042fe30,36,0,""
0042fe60,FUN_0042fe60,21,0,"FUN_005483d0"
0042fe80,FUN_0042fe80,104,0,"FUN_004cb830"
0042fef0,FUN_0042fef0,132,0,""
0042ff80,FUN_0042ff80,81,0,"FUN_0042fef0"
0042ffe0,FUN_0042ffe0,106,0,""
00430050,FUN_00430050,91,0,""
004300b0,FUN_004300b0,332,0,"FUN_004d6b50 _memset `eh_vector_constructor_iterator'"
00430230,FUN_00430230,38,0,"FUN_0046338c FUN_00550a60"
00430260,FUN_00430260,26,0,""
004302d0,FUN_004302d0,44,0,""
00430300,FUN_00430300,61,0,""
00430340,FUN_00430340,153,0,""
004303e0,FUN_004303e0,461,0,"FUN_0046230c FUN_0046231d FUN_004627e2 FUN_0047a4db thunk_FUN_0047a4db"
004305c0,FUN_004305c0,76,0,"FUN_00551fd0"
00430620,FUN_00430620,238,0,""
00430710,FUN_00430710,948,0,"FUN_00401ac0 FUN_00402540 FUN_00408130 FUN_0046230c FUN_0046231d FUN_004627e2 FUN_0046d433 _memset"
00430ad0,FUN_00430ad0,288,0,"FUN_004067e0 FUN_0046230c FUN_0046231d FUN_004627e2 FUN_0046338c FUN_0047a20e FUN_004bb7d0 FUN_004d5990"
00430c00,FUN_00430c00,51,0,""
00430c40,FUN_00430c40,270,0,"FUN_004068d0 FUN_0046230c FUN_0046231d FUN_004627e2 FUN_0046338c FUN_004d5990"
00430d60,FUN_00430d60,290,0,"FUN_00409f40 FUN_0046230c FUN_0046231d FUN_004627e2 FUN_0046338c FUN_004cb3d0 FUN_004d5990"
00430e90,FUN_00430e90,48,0,"FUN_0040ae00"
00430ec0,FUN_00430ec0,28,0,"FUN_0046d433"
00430ee0,FUN_00430ee0,93,0,"FUN_0046230c FUN_0046231d FUN_004627e2"
00430f40,FUN_00430f40,98,0,"FUN_004cb8b0"
00430fb0,FUN_00430fb0,74,0,"FUN_004cb8b0"
00431000,FUN_00431000,43,0,""
00431030,FUN_00431030,1227,0,"FUN_0040a700 _memset"
00431500,FUN_00431500,38,0,"FUN_0046338c FUN_0055b700"
00431530,FUN_00431530,64,0,"FUN_00408130"
00431570,FUN_00431570,58,0,""
004315b0,FUN_004315b0,45,0,"FUN_004cb830"
004315e0,FUN_004315e0,53,0,"FUN_00408130"
00431620,FUN_00431620,95,0,""
00431680,FUN_00431680,34,0,"FUN_004cb8b0"
004316b0,FUN_004316b0,108,0,""
00431720,FUN_00431720,25,0,""
00431740,FUN_00431740,6,0,""
00431750,FUN_00431750,745,0,"FUN_0046230c FUN_0046231d FUN_004627e2"
00431a40,FUN_00431a40,273,0,"FUN_0040ab50 FUN_0046230c FUN_0046231d FUN_004627e2 FUN_0046338c FUN_004d5990"
00431b60,FUN_00431b60,84,0,""
00431bc0,`scalar_deleting_destructor',36,2,"FUN_0046338c"
00431bf0,FUN_00431bf0,71,0,"CloseHandle FUN_0046338c"
00431c40,FUN_00431c40,117,0,"FUN_00431c40 FUN_00431cc0 FUN_00431d20"
00431cc0,FUN_00431cc0,83,0,""
00431d20,FUN_00431d20,121,0,""
00431da0,FUN_00431da0,5,0,""
00431db0,FUN_00431db0,35,0,"FUN_0046338c FUN_0055db90"
00431de0,FUN_00431de0,41,0,"FUN_0046338c FUN_0055db90"
00431e10,FUN_00431e10,7,0,""
00431e20,`scalar_deleting_destructor',36,2,"FUN_0046338c"
00431e50,FUN_00431e50,134,0,"FUN_0040fb20 FUN_00433130 FUN_00436f50 OutputDebugStringW ___acrt_iob_func _fprintf"
00431ee0,FUN_00431ee0,69,0,"FUN_0046338c"
00431f30,FUN_00431f30,19,0,"FUN_004383d0 FUN_00438b00"
00431f50,FUN_00431f50,35,0,"FUN_004383d0 FUN_0046338c"
00431f80,FUN_00431f80,108,0,"FUN_0046338c"
00431ff0,FUN_00431ff0,214,0,"FUN_00433670 FUN_004383d0 FUN_00438b00 FUN_00439e30 FUN_00439e50 FUN_00439e70"
004320d0,FUN_004320d0,399,0,"FUN_00433670 FUN_004383d0 FUN_00438880 FUN_00438950 FUN_00438b00"
00432260,FUN_00432260,365,0,""
004323d0,FUN_004323d0,44,0,""
00432400,FUN_00432400,45,0,""
00432430,FUN_00432430,1365,0,"FUN_00402310 FUN_0040a700 FUN_004628f6 _memset"
00432990,FUN_00432990,353,0,"FUN_00432260 _memset"
00432b00,FUN_00432b00,47,0,"FUN_00432990 FUN_00432ee0"
00432b30,FUN_00432b30,420,0,"FUN_00433be0 FUN_00435470 FUN_0043b070 FUN_0043d730 FUN_00458f90 FUN_004590e0 FUN_00459150 FUN_0046230c FUN_0046231d FUN_004627e2 FUN_004635c2 FUN_00463613"
00432ce0,FUN_00432ce0,124,0,"FUN_00402260 _memset"
00432d60,FUN_00432d60,105,0,"FUN_0040fb20 FUN_00434440 FUN_004493e0 WideCharToMultiByte _memset"
00432dd0,FUN_00432dd0,160,0,"FUN_0040fb20 FUN_00434440 FUN_00448e70 FUN_00456290 FUN_0055ed20 WideCharToMultiByte _memset"
00432e70,FUN_00432e70,105,0,"FUN_0040fb20 FUN_00448e70 FUN_00454ce0 WideCharToMultiByte _memset"
00432ee0,FUN_00432ee0,217,0,"FUN_0040a960 FUN_0046230c FUN_0046231d FUN_004627e2 thunk_FUN_0047a4db"
00432fc0,FUN_00432fc0,38,0,"FUN_0046338c FUN_00562940"
00432ff0,FUN_00432ff0,164,0,"FUN_004383d0 FUN_0043b040 thunk_FUN_0043d710"
004330a0,FUN_004330a0,132,0,"FUN_0040a960"
00433130,FUN_00433130,144,0,"FUN_00436b80 FUN_00436c50 FUN_00436f50 FUN_004374e0 FUN_00437840"
004331c0,FUN_004331c0,227,0,"FUN_004335a0"
004332b0,FUN_004332b0,8,0,""
004332c0,FUN_004332c0,305,0,"FUN_00436c50 FUN_00436e70 FUN_00436f50 FUN_004374e0 FUN_00437840 FUN_004383e0"
00433400,FUN_00433400,21,0,"FUN_004335a0"
00433420,FUN_00433420,105,0,"FUN_004d6b50"
00433490,FUN_00433490,98,0,"FUN_004d6b50"
00433500,FUN_00433500,38,0,"FUN_00432ff0 FUN_0046338c"
00433530,FUN_00433530,109,0,"FUN_00436c50 FUN_00436f50 FUN_004374e0 FUN_00437840"
004335a0,FUN_004335a0,121,0,"FUN_0043b070 thunk_FUN_0043d710"
00433620,FUN_00433620,72,0,""
00433670,FUN_00433670,217,0,"FUN_004383d0 FUN_00438880 FUN_00438950 FUN_00438b00"
00433750,FUN_00433750,35,0,"FUN_00438e40 FUN_00439e70"
00433780,FUN_00433780,52,0,"FUN_004383d0 FUN_00438b00"
004337c0,FUN_004337c0,52,0,"FUN_004383d0 FUN_00438b00"
00433800,FUN_00433800,83,0,"FUN_004383d0 FUN_00438b00 FUN_0046338c"
00433860,FUN_00433860,83,0,"FUN_004383d0 FUN_00438b00 FUN_0046338c"
004338b3,FUN_004338b3,8,0,"FUN_0043a760"
004338bb,FUN_004338bb,8,0,"FUN_00431ee0"
004338c3,FUN_004338c3,8,0,"FUN_00433800"
004338cb,FUN_004338cb,8,0,"FUN_00431f80"
004338d3,FUN_004338d3,8,0,"FUN_00433500"
004338db,FUN_004338db,8,0,"FUN_004332c0"
004338e3,FUN_004338e3,8,0,"FUN_00433860"
004338eb,FUN_004338eb,8,0,"FUN_00431e50"
00433900,_fprintf,35,2,"FUN_00401f50 FUN_00472ace"
00433930,FUN_00433930,53,0,"FUN_00436f50 FUN_004383d0 FUN_00438b00"
00433970,FUN_00433970,22,0,""
00433990,FUN_00433990,3,0,""
004339a0,FUN_004339a0,3,0,""
004339b0,FUN_004339b0,51,0,"FUN_0046338c"
004339f0,FUN_004339f0,52,0,"FUN_00434da0 FUN_004383d0"
00433a30,FUN_00433a30,229,0,"FUN_00436070"
00433b20,FUN_00433b20,71,0,"FUN_00435d40 FUN_004383d0 FUN_0043b040"
00433b70,FUN_00433b70,102,0,"FUN_00435d40 FUN_004383d0 FUN_0043b040 FUN_0046338c"
00433be0,FUN_00433be0,164,0,"FUN_004383d0 FUN_0043b040 thunk_FUN_0043d710"
00433c90,FUN_00433c90,334,0,"FUN_00433e00 FUN_00436f50 FUN_004383d0 FUN_0043b0e0 FUN_0043bbb0 FUN_0043c4e0 FUN_00446250 FUN_0046338c"
00433de0,FUN_00433de0,22,0,"FUN_00446250"
00433e00,FUN_00433e00,164,0,"FUN_004383d0 FUN_0043b040 thunk_FUN_0043d710"
00433eb0,FUN_00433eb0,8,0,"FUN_00433e00"
00433ec0,FUN_00433ec0,19,0,"FUN_004383d0 FUN_0043bbb0"
00433ee0,FUN_00433ee0,52,0,"FUN_004383d0 FUN_0043c4e0"
00433f20,FUN_00433f20,52,0,"FUN_004383d0 FUN_00438b00"
00433f70,FUN_00433f70,536,0,"FUN_0040fb20 FUN_00436c50 FUN_00436f50 FUN_004374e0 FUN_00437840 FUN_0043b140"
00434190,FUN_00434190,295,0,"FUN_0040fb20 FUN_00438d80 FUN_0043b140"
004342c0,FUN_004342c0,21,0,""
004342e0,FUN_004342e0,88,0,"FUN_0040fb20 FUN_0043b140"
00434340,FUN_00434340,248,0,"FUN_0040fb20 FUN_0043b140"
00434440,FUN_00434440,4,0,""
00434450,FUN_00434450,43,0,"FUN_00436340"
00434480,FUN_00434480,20,0,"FUN_004362f0"
004344a0,FUN_004344a0,125,0,"FUN_00436220 FUN_00436400 FUN_00438b70"
00434520,FUN_00434520,73,0,"FUN_004361c0 FUN_00438b70"
00434570,FUN_00434570,80,0,"FUN_00436340 FUN_00438b70"
004345c0,FUN_004345c0,61,0,"FUN_00438b70"
00434600,FUN_00434600,308,0,"FUN_00436c50 FUN_00436e70 FUN_00436f50 FUN_004374e0 FUN_00437840 FUN_004383e0"
00434740,FUN_00434740,135,0,"FUN_004362f0 FUN_00438950 FUN_0043b070 thunk_FUN_0043d710"
004347d0,FUN_004347d0,33,0,""
00434800,FUN_00434800,13,0,""
00434810,FUN_00434810,9,0,""
00434820,FUN_00434820,9,0,""
00434830,FUN_00434830,314,0,"FUN_0043b070 FUN_0043d730 FUN_004635c2 FUN_00463613"
00434970,FUN_00434970,314,0,"FUN_0043b070 FUN_0043d730 FUN_004635c2 FUN_00463613"
00434ab0,FUN_00434ab0,315,0,"FUN_00436c50 FUN_00436e70 FUN_00436f50 FUN_004371b0 FUN_004374e0 FUN_00437840"
00434bf0,FUN_00434bf0,123,0,"FUN_0043b070 thunk_FUN_0043d710"
00434c70,FUN_00434c70,299,0,"FUN_00436c50 FUN_00436e70 FUN_00436f50 FUN_004374e0 FUN_00437840 FUN_004383e0"
00434da0,FUN_00434da0,168,0,"FUN_0043b040 thunk_FUN_0043d710"
00434e50,FUN_00434e50,185,0,"FUN_00436b80 FUN_0043b070 thunk_FUN_0043d710"
00434f10,FUN_00434f10,305,0,"FUN_00436c50 FUN_00436e70 FUN_00436f50 FUN_004374e0 FUN_00437840 FUN_004383e0"
00435050,FUN_00435050,30,0,"FUN_00438450"
00435070,FUN_00435070,471,0,"FUN_0040fb20 FUN_00436c50 FUN_00436f50 FUN_004374e0 FUN_00437840 FUN_0043a780 FUN_0043b140"
00435250,FUN_00435250,177,0,"FUN_0043c2a0"
00435310,FUN_00435310,9,0,""
00435320,FUN_00435320,11,0,""
00435330,FUN_00435330,22,0,""
00435350,FUN_00435350,6,0,""
00435360,FUN_00435360,6,0,""
00435370,FUN_00435370,6,0,""
00435380,FUN_00435380,21,0,"FUN_0043c740"
004353a0,FUN_004353a0,21,0,"FUN_00435310"
004353c0,FUN_004353c0,35,0,""
004353f0,FUN_004353f0,115,0,"FUN_00435250 FUN_0043b070"
00435470,FUN_00435470,793,0,"FUN_0040fb20 FUN_00435250 FUN_00435f60 FUN_004383d0 FUN_0043b070 FUN_0043b140 FUN_0043c340 FUN_0043c4e0 FUN_0043d4a0 FUN_0043d560 FUN_0043d6a0 FUN_0043d6b0 FUN_0043d730 FUN_0043dac0 FUN_0043e560 FUN_0043e9b0 FUN_0043fe70 FUN_00440f30 FUN_00452710 FUN_004635c2 FUN_00463613"
00435790,FUN_00435790,317,0,"FUN_00436c50 FUN_00436e70 FUN_00436f50 FUN_00436ff0 FUN_004374e0 FUN_00437840"
004358d0,FUN_004358d0,123,0,"FUN_0043b070 thunk_FUN_0043d710"
00435950,FUN_00435950,224,0,"FUN_004383d0 FUN_00438a40 FUN_00438b00 FUN_00438e40 FUN_00439e50 FUN_00439e70"
00435a30,FUN_00435a30,91,0,"FUN_00435250 FUN_004366f0 FUN_00439e10 FUN_00439e50 FUN_00439e60 FUN_00439e70"
00435a90,FUN_00435a90,35,0,"FUN_00438e40 FUN_00439e70"
00435ac0,FUN_00435ac0,146,0,"FUN_00436b80 FUN_00436c50 FUN_00436f50 FUN_004371b0 FUN_00437840"
00435b60,FUN_00435b60,153,0,"FUN_00436b80 FUN_00436c50 FUN_00436f50 FUN_004374e0 FUN_00437840"
00435c00,FUN_00435c00,147,0,"FUN_00436b80 FUN_00436c50 FUN_00436f50 FUN_00437410 FUN_00437840"
00435ca0,FUN_00435ca0,160,0,"FUN_00436b80 FUN_00436c50 FUN_00436f50 FUN_004374e0 FUN_00437840"
00435d40,FUN_00435d40,162,0,"FUN_004362f0 FUN_004383d0 FUN_0043b040 thunk_FUN_0043d710"
00435df0,FUN_00435df0,38,0,"FUN_00435d40 FUN_0046338c"
00435e20,FUN_00435e20,38,0,"FUN_00433be0 FUN_0046338c"
00435e50,FUN_00435e50,83,0,"FUN_00434da0 FUN_004383d0 FUN_0046338c"
00435eb0,FUN_00435eb0,38,0,"FUN_00433e00 FUN_0046338c"
00435ee0,FUN_00435ee0,83,0,"FUN_004383d0 FUN_0043c4e0 FUN_0046338c"
00435f40,FUN_00435f40,19,0,"FUN_004383d0 FUN_0043d560"
00435f60,FUN_00435f60,164,0,"FUN_004383d0 FUN_0043b040 thunk_FUN_0043d710"
00436010,FUN_00436010,83,0,"FUN_004383d0 FUN_00438b00 FUN_0046338c"
00436070,FUN_00436070,323,0,"FUN_0043b070 FUN_0043d730 FUN_004635c2 FUN_00463613"
004361c0,FUN_004361c0,88,0,"FUN_0040fb20 FUN_0043b140"
00436220,FUN_00436220,196,0,"FUN_00438950 FUN_0043b070 thunk_FUN_0043d710"
004362f0,FUN_004362f0,65,0,""
00436340,FUN_00436340,191,0,"FUN_0040fb20 FUN_00438950 FUN_0043b140"
00436400,FUN_00436400,95,0,"FUN_0040fb20 FUN_0043b140"
00436460,FUN_00436460,339,0,"FUN_0043b070 FUN_0043d730 FUN_004635c2 FUN_00463613"
004365c0,FUN_004365c0,53,0,""
00436600,FUN_00436600,183,0,"FUN_00436b80 FUN_0043b070 thunk_FUN_0043d710"
004366c0,FUN_004366c0,38,0,"FUN_00435f60 FUN_0046338c"
004366f0,FUN_004366f0,140,0,"FUN_0043c340"
0043677c,FUN_0043677c,8,0,"FUN_00435e20"
00436784,FUN_00436784,8,0,"FUN_00433b70"
0043678c,FUN_0043678c,8,0,"FUN_00435e50"
00436794,FUN_00436794,8,0,"FUN_00436010"
0043679c,FUN_0043679c,8,0,"FUN_00435ee0"
004367a4,FUN_004367a4,8,0,"FUN_00565790"
004367ac,FUN_004367ac,8,0,"FUN_00434c70"
004367b4,FUN_004367b4,8,0,"FUN_00435df0"
004367bc,FUN_004367bc,8,0,"FUN_00435070"
004367c4,FUN_004367c4,8,0,"FUN_00435790"
004367cc,FUN_004367cc,8,0,"FUN_00434ab0"
004367d4,FUN_004367d4,8,0,"FUN_00434600"
004367dc,FUN_004367dc,8,0,"FUN_00435050"
004367e4,FUN_004367e4,8,0,"FUN_00433f70"
004367ec,FUN_004367ec,8,0,"FUN_00434f10"
004367f4,FUN_004367f4,8,0,"FUN_00435eb0"
004367fc,FUN_004367fc,8,0,"FUN_004366c0"
00436804,FUN_00436804,8,0,"FUN_00433c90"
00436810,thunk_FUN_004383d0,5,0,""
00436820,FUN_00436820,250,0,"FUN_00410760 FUN_0046230c FUN_0046231d FUN_004627e2 FUN_0047a20e __beginthreadex operator_new"
00436920,FUN_00436920,276,0,"FUN_0046230c FUN_0046231d FUN_004627e2 FUN_0046338c FUN_004cdc10 FUN_004d5990 FUN_00563580"
00436a40,FUN_00436a40,166,0,""
00436af0,FUN_00436af0,142,0,"FUN_00433530 FUN_00436b80 FUN_00436c50 FUN_00437840 FUN_004383d0 thunk_FUN_0043d710"
00436b80,FUN_00436b80,195,0,"FUN_0043b070 FUN_00464df0 _memset"
00436c50,FUN_00436c50,158,0,"FUN_0043b070 _memset"
00436cf0,FUN_00436cf0,379,0,"FUN_004383d0 FUN_0043b070 FUN_004417f0 FUN_00441950 FUN_00464df0 _memset thunk_FUN_0043d710"
00436e70,FUN_00436e70,224,0,"FUN_0043b070 FUN_00464df0 _memset"
00436f50,FUN_00436f50,85,0,"FUN_004383d0 thunk_FUN_0043d710"
00436fb0,FUN_00436fb0,59,0,"FUN_00437a00 FUN_00464df0"
00436ff0,FUN_00436ff0,135,0,"FUN_00437a00 FUN_00438390 FUN_0043b070 FUN_00464df0 thunk_FUN_0043d710"
00437080,FUN_00437080,151,0,"FUN_00437a00 FUN_00438390 FUN_0043b070 FUN_00464df0 thunk_FUN_0043d710"
00437120,FUN_00437120,138,0,"FUN_00437a00 FUN_00438390 FUN_0043b070 FUN_00464df0 thunk_FUN_0043d710"
004371b0,FUN_004371b0,135,0,"FUN_00437a00 FUN_00438390 FUN_0043b070 FUN_00464df0 thunk_FUN_0043d710"
00437240,FUN_00437240,142,0,"FUN_00437a00 FUN_00438390 FUN_0043b070 FUN_00464df0 thunk_FUN_0043d710"
004372d0,FUN_004372d0,151,0,"FUN_00437a00 FUN_00438390 FUN_0043b070 FUN_00464df0 _memset thunk_FUN_0043d710"
00437370,FUN_00437370,151,0,"FUN_00437a00 FUN_00438390 FUN_0043b070 FUN_00464df0 _memset thunk_FUN_0043d710"
00437410,FUN_00437410,196,0,"FUN_00437a00 FUN_004383d0 FUN_004417f0 FUN_00441950 FUN_00464df0 thunk_FUN_0043d710"
004374e0,FUN_004374e0,230,0,"FUN_00436c50 FUN_00437a00 FUN_004383d0 FUN_00464df0 thunk_FUN_0043d710"
004375d0,FUN_004375d0,135,0,"FUN_00437a00 FUN_00438390 FUN_0043b070 FUN_00464df0 _memset thunk_FUN_0043d710"
00437660,FUN_00437660,175,0,"FUN_00437a00 FUN_00438390 FUN_0043b070 FUN_00464df0 _memset thunk_FUN_0043d710"
00437710,FUN_00437710,79,0,""
00437760,FUN_00437760,79,0,""
004377b0,FUN_004377b0,133,0,"FUN_00436b80 FUN_00437840 FUN_004383d0 thunk_FUN_0043d710"
00437840,FUN_00437840,185,0,"FUN_00436b80 FUN_00437a00 FUN_0043b070 FUN_00464df0 thunk_FUN_0043d710"
00437900,FUN_00437900,19,0,"FUN_004383d0 FUN_00442490"
00437920,FUN_00437920,19,0,"FUN_004383d0 FUN_00441950"
00437940,FUN_00437940,113,0,"FUN_004383d0 FUN_0046338c thunk_FUN_0043d710"
004379c0,FUN_004379c0,24,0,"FUN_00441e00"
004379e0,FUN_004379e0,24,0,"FUN_00442270"
00437a00,FUN_00437a00,170,0,"FUN_0043b070 FUN_00464df0 _memset thunk_FUN_0043d710"
00437ab0,FUN_00437ab0,24,0,"FUN_00441740"
00437ad0,FUN_00437ad0,283,0,"FUN_00436c50 FUN_00437840 FUN_00438180 FUN_004383d0 thunk_FUN_0043d710"
00437bf0,FUN_00437bf0,51,0,"FUN_00464851"
00437c30,FUN_00437c30,174,0,"FUN_004383d0 FUN_004416c0 FUN_004417f0 FUN_00441950 FUN_00464d4e"
00437ce0,FUN_00437ce0,48,0,"FUN_00464d4e"
00437d10,FUN_00437d10,54,0,"FUN_00464d4e"
00437d50,FUN_00437d50,204,0,"FUN_00436cf0 FUN_004383d0 FUN_004647ae thunk_FUN_0043d710"
00437e30,FUN_00437e30,84,0,"FUN_004647ae"
00437e90,FUN_00437e90,4,0,""
00437ea0,FUN_00437ea0,546,0,"FUN_00436c50 FUN_00437840 FUN_00437a00 FUN_00438180 FUN_004383d0 FUN_0043b070 FUN_00464851 FUN_00464df0 _memset thunk_FUN_0043d710"
004380d0,FUN_004380d0,92,0,"FUN_00437a00 FUN_00441d10 FUN_004429d0"
00438130,FUN_00438130,45,0,"_wcsncmp"
00438160,FUN_00438160,27,0,"FUN_00438180"
00438180,FUN_00438180,220,0,"FUN_00436b80 FUN_00436e70 FUN_004383d0 thunk_FUN_0043d710"
00438260,FUN_00438260,110,0,"FUN_004383d0 FUN_004416c0 FUN_004423d0 FUN_00442490 FUN_0047ba13"
004382d0,FUN_004382d0,192,0,"FUN_00433130 FUN_00436af0 FUN_00437840 FUN_004383d0 thunk_FUN_0043d710"
00438390,FUN_00438390,50,0,"FUN_00401f50 FUN_00472c38"
004383d0,FUN_004383d0,7,0,""
004383e0,FUN_004383e0,109,0,"FUN_00436b80 FUN_00436c50 FUN_00436f50"
00438450,FUN_00438450,247,0,"FUN_00436b80 FUN_00436c50 FUN_00436e70 FUN_00436f50 FUN_004374e0 FUN_004377b0 FUN_00437840 FUN_00442a50 FUN_00465538 ___std_type_info_name"
00438550,FUN_00438550,146,0,"FUN_00436b80 FUN_00436c50 FUN_00436f50 FUN_004374e0 FUN_00437840"
004385f0,FUN_004385f0,40,0,"FUN_0043b070 _memset"
00438620,FUN_00438620,49,0,"FUN_0043b070 _memset"
00438660,FUN_00438660,291,0,"FUN_00436070 FUN_0043b070 _memset"
00438790,FUN_00438790,24,0,"thunk_FUN_0043d710"
004387b0,FUN_004387b0,196,0,"FUN_0043a670"
00438880,FUN_00438880,197,0,"FUN_0043a670"
00438950,FUN_00438950,238,0,"FUN_0043a670"
00438a40,FUN_00438a40,184,0,"FUN_0043a670"
00438b00,FUN_00438b00,106,0,"FUN_00438ec0 FUN_0043b040"
00438b70,FUN_00438b70,459,0,"FUN_00439160 FUN_00439c40 FUN_00439e10"
00438d80,FUN_00438d80,20,0,"FUN_00438b70"
00438d94,FUN_00438d94,8,0,"FUN_00438da0"
00438da0,FUN_00438da0,145,0,"FUN_004383d0 FUN_00438ec0 FUN_0043b040 FUN_0046338c"
00438e40,FUN_00438e40,118,0,"FUN_00438ec0 FUN_0043a670"
00438ec0,FUN_00438ec0,588,0,"FUN_00438ec0 FUN_00442fa0 thunk_FUN_0043d710"
00439160,FUN_00439160,426,0,"FUN_0040fb20 FUN_00439160 FUN_0043b140"
00439350,FUN_00439350,2172,0,"FUN_00401dc0 FUN_00436070 FUN_00436c50 FUN_00436fb0 FUN_00438620 FUN_00439350 FUN_0043a670 FUN_0043b070 FUN_00442e80 FUN_00442f40 FUN_00443000 _memset"
00439c40,FUN_00439c40,365,0,"FUN_00437760 FUN_00438b70 FUN_00439c40"
00439e00,FUN_00439e00,13,0,""
00439e10,FUN_00439e10,22,0,""
00439e30,FUN_00439e30,25,0,""
00439e50,FUN_00439e50,4,0,""
00439e60,FUN_00439e60,11,0,""
00439e70,FUN_00439e70,4,0,""
00439e90,FUN_00439e90,1214,0,"FUN_0040fb20 FUN_00431f30 FUN_00433130 FUN_00433a30 FUN_00433b20 FUN_00436b80 FUN_00436c50 FUN_00436e70 FUN_00436f50 FUN_00436fb0 FUN_004374e0 FUN_00437840 FUN_00438550 FUN_00438a40 FUN_00439e10 FUN_0043b140 FUN_00442e80 FUN_00442fa0 _memset"
0043a3e0,FUN_0043a3e0,45,0,"FUN_00438ec0 FUN_0043a670"
0043a410,FUN_0043a410,45,0,"FUN_00438ec0 FUN_0043a670"
0043a440,FUN_0043a440,55,0,"FUN_00438ec0 FUN_0043a670"
0043a480,FUN_0043a480,209,0,""
0043a5b0,FUN_0043a5b0,131,0,"FUN_0043b070 _memset"
0043a640,FUN_0043a640,18,0,"FUN_0043a670"
0043a660,FUN_0043a660,13,0,""
0043a670,FUN_0043a670,165,0,"FUN_00439350 FUN_0043a480 FUN_0043a5b0"
0043a760,FUN_0043a760,30,0,"FUN_0043a780"
0043a780,FUN_0043a780,2118,0,"FUN_0040fb20 FUN_00436c50 FUN_00436f50 FUN_00436ff0 FUN_00437080 FUN_004371b0 FUN_004372d0 FUN_00437370 FUN_004374e0 FUN_004375d0 FUN_00437660 FUN_00437840 FUN_004383d0 FUN_004383e0 FUN_00438ec0 FUN_00439e00 FUN_00439e10 FUN_00439e60 FUN_00439e90 FUN_0043a670 FUN_0043a780 FUN_0043b040 FUN_0043b140 FUN_00443000"
0043b040,FUN_0043b040,29,0,""
0043b060,thunk_FUN_0043d710,5,0,""
0043b070,FUN_0043b070,9,0,"FUN_0043d810"
0043b080,FUN_0043b080,95,0,"FUN_00443160"
0043b0e0,FUN_0043b0e0,25,0,"FUN_004383d0 FUN_00443190"
0043b100,FUN_0043b100,51,0,"FUN_004383d0 FUN_00443190 FUN_0046338c"
0043b140,FUN_0043b140,35,0,"FUN_0043b460"
0043b170,FUN_0043b170,226,0,"FUN_0040b610 FUN_00436cf0 FUN_00436f50 FUN_00437ab0 FUN_004383d0 FUN_0043b070 FUN_0043bb10 FUN_004416c0 FUN_00441950 _memset thunk_FUN_0043d710"
0043b260,FUN_0043b260,26,0,""
0043b280,FUN_0043b280,469,0,"FUN_00436b80 FUN_00436c50 FUN_00436e70 FUN_00436f50 FUN_004371b0 FUN_004374e0 FUN_004377b0 FUN_00437840 FUN_004383e0"
0043b460,FUN_0043b460,1684,0,"FID_conflict:common_gmtime<long> FUN_00401f50 FUN_00433130 FUN_00436b80 FUN_00436c50 FUN_00436cf0 FUN_00436e70 FUN_00436f50 FUN_00436fb0 FUN_00437240 FUN_004374e0 FUN_00437840 FUN_00437ce0 FUN_00437d50 FUN_00437e90 FUN_00437ea0 FUN_00438160 FUN_0043b070 FUN_0043b170 FUN_0043bb10 FUN_004416c0 FUN_004431d0 FUN_004431e0 FUN_004431f0 FUN_00443200 FUN_00443210 FUN_00472b72 FUN_00472c38 FUN_0047bd13 FUN_0047c17a GetLocalTime __security_check_cookie _memset thunk_FUN_0043d710"
0043bb10,FUN_0043bb10,50,0,"FUN_00401f50 FUN_00472bb6"
0043bb50,FUN_0043bb50,90,0,""
0043bbb0,FUN_0043bbb0,35,0,"FUN_0043b040"
0043bbe0,FUN_0043bbe0,15,0,""
0043bbf0,FUN_0043bbf0,163,0,"FUN_004383d0 FUN_0043b040"
0043bca0,FUN_0043bca0,73,0,"FUN_004383d0 FUN_0043b040"
0043bce9,FUN_0043bce9,8,0,"FUN_0043bd00"
0043bd00,FUN_0043bd00,76,0,"FUN_004383d0 FUN_0043b040 FUN_0046338c"
0043bd4c,FUN_0043bd4c,8,0,"FUN_0043bd60"
0043bd60,FUN_0043bd60,110,0,"FUN_00436c50 FUN_00436f50 FUN_004371b0 FUN_00437840"
0043bdd0,FUN_0043bdd0,243,0,"FUN_0040fb20 FUN_0043b140"
0043bed0,FUN_0043bed0,135,0,"FUN_00436220 FUN_00436400 FUN_00438b70 FUN_00439e70"
0043bf60,FUN_0043bf60,144,0,"FUN_00436b80 FUN_00436c50 FUN_00436f50 FUN_004374e0 FUN_00437840"
0043bff0,FUN_0043bff0,178,0,"FUN_0043b070 FUN_0043c930"
0043c0b0,FUN_0043c0b0,223,0,"FUN_00433a30 FUN_0043d730 FUN_004635c2 FUN_00463613"
0043c190,FUN_0043c190,262,0,"FUN_0043b070 FUN_0043c0b0 FUN_0043c930"
0043c2a0,FUN_0043c2a0,152,0,"FUN_0043c0b0"
0043c340,FUN_0043c340,277,0,"FUN_00433a30 FUN_0043bff0"
0043c460,FUN_0043c460,116,0,"FUN_00435d40 FUN_004383d0 FUN_0043b040"
0043c4e0,FUN_0043c4e0,127,0,"FUN_0043c460 thunk_FUN_0043d710"
0043c564,FUN_0043c564,8,0,"FUN_0043c580"
0043c56c,FUN_0043c56c,8,0,"FUN_0043c630"
0043c580,FUN_0043c580,166,0,"FUN_004383d0 FUN_0043c460 FUN_0046338c thunk_FUN_0043d710"
0043c630,FUN_0043c630,206,0,"FUN_004383d0 FUN_0043b040 FUN_0046338c thunk_FUN_0043d710"
0043c710,FUN_0043c710,44,0,""
0043c740,FUN_0043c740,111,0,"FUN_0043bff0 thunk_FUN_0043d710"
0043c7b0,FUN_0043c7b0,35,0,""
0043c7e0,FUN_0043c7e0,272,0,"FUN_00435310 FUN_0043b070 FUN_0043c0b0"
0043c8f0,FUN_0043c8f0,7,0,""
0043c900,FUN_0043c900,7,0,""
0043c910,FUN_0043c910,7,0,""
0043c920,FUN_0043c920,7,0,""
0043c930,FUN_0043c930,202,0,"FUN_0043b070 _memset"
0043c9fa,FUN_0043c9fa,8,0,"FUN_0043ca10"
0043ca10,FUN_0043ca10,491,0,"FUN_0040fb20 FUN_00436c50 FUN_00436f50 FUN_004374e0 FUN_00437840 FUN_0043b140"
0043cbfb,FUN_0043cbfb,8,0,"FUN_0043cc10"
0043cc10,FUN_0043cc10,531,0,"FUN_0040fb20 FUN_00436c50 FUN_00436f50 FUN_004374e0 FUN_00437840 FUN_0043a780 FUN_0043b140"
0043ce23,FUN_0043ce23,8,0,"FUN_0043ce30"
0043ce30,FUN_0043ce30,101,0,"FUN_00436f50 FUN_00437840 FUN_0043cea0"
0043cea0,FUN_0043cea0,658,0,"FUN_00436b80 FUN_00436c50 FUN_00436f50 FUN_004374e0 FUN_004377b0 FUN_00437840 FUN_0043cea0 FUN_0043d2c0"
0043d132,FUN_0043d132,8,0,"FUN_0043d140"
0043d140,FUN_0043d140,373,0,"FUN_00436b80 FUN_00436c50 FUN_00436e70 FUN_00436f50 FUN_00437410 FUN_004374e0 FUN_004377b0 FUN_00437840 FUN_004383e0 FUN_0043bf60"
0043d2c0,FUN_0043d2c0,290,0,"FUN_00436c50 FUN_00436cf0 FUN_00436e70 FUN_00436f50"
0043d470,FUN_0043d470,40,0,"thunk_FUN_0043d710"
0043d4a0,FUN_0043d4a0,190,0,"FUN_0043b070 FUN_0043dc80 FUN_0043f580"
0043d560,FUN_0043d560,122,0,"FUN_0043b040 thunk_FUN_0043d710"
0043d5df,FUN_0043d5df,8,0,"FUN_0043d5f0"
0043d5f0,FUN_0043d5f0,165,0,"FUN_004383d0 FUN_0043b040 FUN_0046338c thunk_FUN_0043d710"
0043d6a0,FUN_0043d6a0,8,0,"FUN_0040b610"
0043d6b0,FUN_0043d6b0,8,0,"FUN_00437e90"
0043d6b8,FUN_0043d6b8,8,0,"FUN_0043d6c0"
0043d6c0,FUN_0043d6c0,24,0,""
0043d6e0,FUN_0043d6e0,35,0,"FUN_004435f0 FUN_0046338c"
0043d710,FUN_0043d710,24,0,""
0043d730,FUN_0043d730,222,0,"FUN_00443560 FUN_004635c2 FUN_00463613 _atexit"
0043d810,FUN_0043d810,62,0,"FUN_0043d730"
0043d850,FUN_0043d850,98,0,""
0043d8c0,FUN_0043d8c0,114,0,"FUN_0043b040 thunk_FUN_0043d710"
0043d940,FUN_0043d940,52,0,"FUN_004383d0 FUN_00438b00"
0043d974,FUN_0043d974,8,0,"FUN_0043d990"
0043d97c,FUN_0043d97c,8,0,"FUN_0043d9f0"
0043d990,FUN_0043d990,83,0,"FUN_004383d0 FUN_00438b00 FUN_0046338c"
0043d9f0,FUN_0043d9f0,146,0,"FUN_0043b040 FUN_0046338c thunk_FUN_0043d710"
0043da90,FUN_0043da90,35,0,"FUN_00438e40 FUN_00439e70"
0043dac0,FUN_0043dac0,183,0,"FUN_0043b070 FUN_00443b00 FUN_00464df0 _memset thunk_FUN_0043d710"
0043db77,FUN_0043db77,8,0,"FUN_0043db80"
0043db80,FUN_0043db80,250,0,"FUN_00436f50 FUN_00437840 FUN_004383d0 FUN_004383e0 FUN_004387b0 FUN_00438b00"
0043dc80,FUN_0043dc80,149,0,"FUN_0043d850"
0043dd15,FUN_0043dd15,8,0,"FUN_0043dd20"
0043dd20,FUN_0043dd20,47,0,"FUN_004383d0 FUN_0043d8c0 FUN_0046338c"
0043dd50,FUN_0043dd50,726,0,"FUN_0040fb20 FUN_0043b140 FUN_0043dd50 FUN_0043e090 FUN_0043e2c0 FUN_0043e400 FUN_00441dd0 FUN_00443060 FUN_00443b90"
0043e090,FUN_0043e090,466,0,"FUN_0040fb20 FUN_00439e00 FUN_00439e10 FUN_00439e50 FUN_00439e60 FUN_00439e70 FUN_0043b140 FUN_0043dd50 FUN_0043e2c0 FUN_0043e400 FUN_00441dd0 FUN_00443060"
0043e2c0,FUN_0043e2c0,311,0,"FUN_0040fb20 FUN_0043b140 FUN_0043e090"
0043e400,FUN_0043e400,282,0,"FUN_0040fb20 FUN_0043b140 FUN_0043e090"
0043e520,FUN_0043e520,49,0,"FUN_0043dac0 FUN_0043e090 FUN_0043e800"
0043e560,FUN_0043e560,661,0,"FUN_0040fb20 FUN_0043b140 FUN_0043e800"
0043e800,FUN_0043e800,426,0,"FUN_00439e00 FUN_00439e10 FUN_00439e50 FUN_00439e60 FUN_00439e70 FUN_0043e9d0 FUN_0043ec20"
0043e9b0,FUN_0043e9b0,26,0,""
0043e9d0,FUN_0043e9d0,494,0,"FUN_0040fb20 FUN_0043b140 FUN_0043e800 FUN_0043e9d0 FUN_0043ec20 FUN_00464df0"
0043ec20,FUN_0043ec20,1402,0,"FUN_0040b610 FUN_0040fb20 FUN_004383d0 FUN_0043b070 FUN_0043b140 FUN_0043e560 FUN_0043e800 FUN_004416c0 FUN_00441740 FUN_00441950 FUN_00443000 FUN_00443060 _memset thunk_FUN_0043d710"
0043f200,FUN_0043f200,56,0,""
0043f240,FUN_0043f240,49,0,"FUN_0043f240"
0043f280,FUN_0043f280,39,0,""
0043f2b0,FUN_0043f2b0,129,0,""
0043f340,FUN_0043f340,50,0,""
0043f380,FUN_0043f380,51,0,""
0043f3c0,FUN_0043f3c0,176,0,""
0043f470,FUN_0043f470,113,0,"FUN_00464df0 __security_check_cookie"
0043f4f0,FUN_0043f4f0,141,0,"FUN_00464df0 __security_check_cookie"
0043f580,FUN_0043f580,149,0,"FUN_0043d850"
0043f620,FUN_0043f620,889,0,"FUN_0040fb20 FUN_0043b140 FUN_0043f3c0 FUN_0043f620 FUN_0043fa10 FUN_0043fe70 FUN_00440080 FUN_004401c0 FUN_00443060 FUN_00443b90"
0043fa10,FUN_0043fa10,540,0,"FUN_0040fb20 FUN_00439e00 FUN_00439e10 FUN_00439e50 FUN_00439e60 FUN_00439e70 FUN_0043b140 FUN_0043f240 FUN_0043f280 FUN_0043f2b0 FUN_0043f340 FUN_0043f380 FUN_0043f3c0 FUN_0043f620 FUN_0043fe70 FUN_00440080 FUN_004401c0 FUN_00443060"
0043fc90,FUN_0043fc90,333,0,"FUN_0040fb20 FUN_0043b140"
0043fe70,FUN_0043fe70,519,0,"FUN_0040fb20 FUN_0043b140 FUN_0043f240 FUN_0043fa10"
00440080,FUN_00440080,310,0,"FUN_0040fb20 FUN_0043b140 FUN_0043fa10"
004401c0,FUN_004401c0,154,0,"FUN_0040fb20 FUN_0043b140 FUN_00441dd0"
00440260,FUN_00440260,49,0,"FUN_0043dac0 FUN_0043fa10 FUN_004408f0"
004402a0,FUN_004402a0,291,0,"FUN_0043b070 _memset thunk_FUN_0043d710"
004403d0,FUN_004403d0,268,0,"FUN_0043b070 FUN_00443060 FUN_00464df0 __security_check_cookie _memset thunk_FUN_0043d710"
004404e0,FUN_004404e0,617,0,"FUN_0040fb20 FUN_00439e10 FUN_0043b140 FUN_004408f0 FUN_00440c90 FUN_00464df0 __security_check_cookie"
00440750,FUN_00440750,407,0,"FUN_0040fb20 FUN_0043b140 FUN_004408f0 FUN_00464df0 __security_check_cookie"
004408f0,FUN_004408f0,194,0,"FUN_00439e00 FUN_00439e10 FUN_00439e50 FUN_00439e60 FUN_00439e70 FUN_00440a10 FUN_00440f30"
004409c0,FUN_004409c0,71,0,"FUN_004409c0"
00440a10,FUN_00440a10,638,0,"FUN_0043fc90 FUN_004402a0 FUN_004408f0 FUN_00440a10 FUN_00440c90 FUN_00440f30 FUN_00464df0 __security_check_cookie"
00440c90,FUN_00440c90,523,0,"FUN_0040fb20 FUN_0043b140 FUN_0043fc90"
00440f30,FUN_00440f30,1597,0,"FUN_0040b610 FUN_0040fb20 FUN_004383d0 FUN_0043b140 FUN_0043f470 FUN_0043f4f0 FUN_004403d0 FUN_004404e0 FUN_00440750 FUN_004409c0 FUN_004416c0 FUN_00441740 FUN_00441950 FUN_00443000"
004415d0,FUN_004415d0,90,0,""
00441630,FUN_00441630,42,0,"FUN_0043b040"
0044165a,FUN_0044165a,8,0,"FUN_00441670"
00441670,FUN_00441670,72,0,"FUN_0043b040 FUN_0046338c"
004416c0,FUN_004416c0,4,0,""
004416c4,FUN_004416c4,8,0,"FUN_004416d0"
004416d0,FUN_004416d0,97,0,"FUN_00436f50 FUN_00437840"
00441740,FUN_00441740,164,0,"FUN_004415d0 FUN_004419d0"
004417f0,FUN_004417f0,164,0,"FUN_004415d0 FUN_00441a70"
004418a0,FUN_004418a0,166,0,"FUN_004415d0 FUN_00441a70"
00441950,FUN_00441950,114,0,"FUN_00441630 thunk_FUN_0043d710"
004419d0,FUN_004419d0,149,0,"FUN_0040fb20 FUN_00437e90 FUN_0043b070 FUN_00441d70 FUN_004429b0 FUN_00442a10 _memset thunk_FUN_0043d710"
00441a70,FUN_00441a70,193,0,"FUN_0043b070 FUN_00441d70 FUN_00464df0 _memset thunk_FUN_0043d710"
00441b40,FUN_00441b40,21,0,""
00441b55,FUN_00441b55,8,0,"FUN_00441b60"
00441b60,FUN_00441b60,153,0,"FUN_004383d0 FUN_00441630 FUN_0046338c thunk_FUN_0043d710"
00441c00,FUN_00441c00,269,0,"FUN_00436e70 FUN_0043b070 FUN_004429d0 _memset thunk_FUN_0043d710"
00441d10,FUN_00441d10,93,0,""
00441d70,FUN_00441d70,90,0,""
00441dd0,FUN_00441dd0,31,0,"FUN_0040fb20 FUN_00437e90 FUN_004429b0"
00441def,FUN_00441def,11,0,"FUN_004416d0"
00441e00,FUN_00441e00,164,0,"FUN_004415d0 FUN_00441f30"
00441eb0,FUN_00441eb0,113,0,"FUN_00441630 thunk_FUN_0043d710"
00441f30,FUN_00441f30,121,0,"FUN_0040fb20 FUN_00437e90 FUN_0043b070 FUN_00442870 _memset thunk_FUN_0043d710"
00441fb0,FUN_00441fb0,127,0,"FUN_004383d0 FUN_00441630 thunk_FUN_0043d710"
00442034,FUN_00442034,8,0,"FUN_00442040"
00442040,FUN_00442040,152,0,"FUN_004383d0 FUN_00441630 FUN_0046338c thunk_FUN_0043d710"
004420e0,FUN_004420e0,203,0,"FUN_00436e70 FUN_00437e90 FUN_0043b070 FUN_004416c0 FUN_00442830 _memset thunk_FUN_0043d710"
004421b0,thunk_FUN_00437e90,5,0,""
004421c0,FUN_004421c0,167,0,"FUN_004415d0 FUN_00442580"
00442270,FUN_00442270,164,0,"FUN_004415d0 FUN_00442510"
00442320,FUN_00442320,164,0,"FUN_004415d0 FUN_00442580"
004423d0,FUN_004423d0,187,0,"FUN_00436e70 FUN_00436f50 FUN_004415d0 FUN_00442510"
00442490,FUN_00442490,113,0,"FUN_00441630 thunk_FUN_0043d710"
00442510,FUN_00442510,109,0,"FUN_0040fb20 FUN_00437e90 FUN_0043b070 FUN_00442980 _memset thunk_FUN_0043d710"
00442580,FUN_00442580,307,0,"FUN_00437900 FUN_0043b070 FUN_004415d0 FUN_00442580 _memset thunk_FUN_0043d710"
004426b3,FUN_004426b3,8,0,"FUN_004426c0"
004426c0,FUN_004426c0,152,0,"FUN_004383d0 FUN_00441630 FUN_0046338c thunk_FUN_0043d710"
00442760,FUN_00442760,196,0,"FUN_00436e70 FUN_00437e90 FUN_0043b070 FUN_004416c0 FUN_004428b0 _memset thunk_FUN_0043d710"
00442830,FUN_00442830,50,0,"MultiByteToWideChar"
00442870,FUN_00442870,52,0,"WideCharToMultiByte"
004428b0,FUN_004428b0,186,0,""
00442980,FUN_00442980,35,0,""
004429b0,FUN_004429b0,32,0,"WideCharToMultiByte"
004429d0,FUN_004429d0,50,0,"MultiByteToWideChar"
00442a10,FUN_00442a10,52,0,"WideCharToMultiByte"
00442a50,FUN_00442a50,1060,0,"FUN_00436cf0 FUN_00436e70 FUN_00436f50 FUN_00436fb0 FUN_004377b0 FUN_00437e30 FUN_00437ea0 FUN_00438160 FUN_00438180"
00442e80,FUN_00442e80,91,0,"FUN_0040fb20 FUN_0043b140 FUN_00443b50"
00442ee0,FUN_00442ee0,92,0,"FUN_0040fb20 FUN_0043b140"
00442f40,FUN_00442f40,89,0,"FUN_0040fb20 FUN_0043b140"
00442fa0,FUN_00442fa0,89,0,"FUN_0040fb20 FUN_0043b140 FUN_00443b70"
00443000,FUN_00443000,88,0,"FUN_0040fb20 FUN_0043b140 FUN_00443b90"
00443060,FUN_00443060,91,0,"FUN_0040fb20 FUN_0043b140"
004430c0,FUN_004430c0,148,0,"FUN_00436b80 FUN_00436c50 FUN_00436f50 FUN_00437660 FUN_00437840"
00443160,FUN_00443160,37,0,""
00443190,FUN_00443190,11,0,"FUN_004383d0"
004431a0,FUN_004431a0,41,0,"FUN_004383d0 FUN_0046338c"
004431d0,FUN_004431d0,4,0,""
004431e0,FUN_004431e0,4,0,""
004431f0,FUN_004431f0,4,0,""
00443200,FUN_00443200,4,0,""
00443210,FUN_00443210,4,0,""
00443220,FUN_00443220,822,0,"FUN_00436b80 FUN_00436c50 FUN_00436e70 FUN_00436f50 FUN_004374e0 FUN_00437840 FUN_004430c0"
00443560,FUN_00443560,136,0,"FUN_00443840 FUN_004635c2 FUN_00463613"
004435f0,FUN_004435f0,7,0,""
00443600,`scalar_deleting_destructor',36,2,"FUN_0046338c"
00443630,FUN_00443630,18,0,"FUN_004633f2"
00443650,FUN_00443650,18,0,"thunk_FUN_0047a4db"
00443670,FUN_00443670,53,0,"FUN_004633f2 FUN_00464df0 thunk_FUN_0047a4db"
004436b0,FUN_004436b0,108,0,"FUN_0046338c `eh_vector_destructor_iterator'"
00443730,FUN_00443730,150,0,"FUN_00443b00 FUN_00443cc0 FUN_00443dd0 FUN_00443df0"
004437d0,FUN_004437d0,99,0,"FUN_00443d80 FUN_00443dd0 FUN_00443df0"
00443840,FUN_00443840,409,0,"FUN_00443bb0 FUN_00443da0 FUN_004635c2 FUN_00463613 _atexit `eh_vector_constructor_iterator'"
004439e0,FUN_004439e0,183,0,"FUN_0040fb20 FUN_00443dd0 FUN_00443df0 FUN_00464df0"
00443aa0,FUN_00443aa0,81,0,"FUN_0040fb20 FUN_00443dc0"
00443b00,FUN_00443b00,78,0,""
00443b50,FUN_00443b50,21,0,""
00443b70,FUN_00443b70,21,0,""
00443b90,FUN_00443b90,18,0,""
00443bb0,FUN_00443bb0,30,0,"FUN_00406780"
00443bd0,FUN_00443bd0,101,0,"FUN_00406780 FUN_00443e30 FUN_00443e90"
00443c40,FUN_00443c40,30,0,"FUN_00406780"
00443cc0,FUN_00443cc0,78,0,"FUN_00443d10"
00443d10,FUN_00443d10,97,0,"FUN_004633f2"
00443d80,FUN_00443d80,19,0,""
00443da0,FUN_00443da0,25,0,""
00443dc0,FUN_00443dc0,13,0,""
00443dd0,FUN_00443dd0,23,0,"FUN_00443bd0"
00443df0,FUN_00443df0,56,0,"FUN_00443c40"
00443e30,FUN_00443e30,17,0,""
00443e50,FUN_00443e50,59,0,"CloseHandle CreateThread FUN_0043b070"
00443e90,FUN_00443e90,18,0,"GetCurrentThreadId"
00443eb0,FUN_00443eb0,40,0,"guard_check_icall thunk_FUN_0043d710"
00443ee0,FUN_00443ee0,148,0,"FUN_00436b80 FUN_00436c50 FUN_00436f50 FUN_00437120 FUN_00437840"
00443f80,FUN_00443f80,24,0,"FUN_0043b070 FUN_004953b0"
00443fa0,FUN_00443fa0,24,0,"FUN_0043b070 FUN_004953d0"
00443fc0,FUN_00443fc0,95,0,"thunk_FUN_0043d710"
00444020,FUN_00444020,31,0,"thunk_FUN_0043d710"
00444040,FUN_00444040,214,0,"FUN_004383d0 FUN_00438880 FUN_00438950 FUN_00438b00"
00444120,FUN_00444120,214,0,"FUN_004383d0 FUN_00438880 FUN_00438950 FUN_00438b00"
00444200,FUN_00444200,104,0,"FUN_0043b070 thunk_FUN_0043d710"
00444270,FUN_00444270,299,0,"FUN_004383d0 FUN_00438880 FUN_00438950 FUN_00438b00 FUN_00444040"
004443a0,FUN_004443a0,169,0,"FUN_00436c50 FUN_00436f50 FUN_004383d0 FUN_00438b00 FUN_00444040 FUN_00444120"
00444450,FUN_00444450,299,0,"FUN_004383d0 FUN_00438880 FUN_00438950 FUN_00438b00 FUN_00444040"
00444580,FUN_00444580,185,0,"FUN_0043c2a0"
00444640,FUN_00444640,185,0,"FUN_0043c2a0"
00444700,FUN_00444700,311,0,"FUN_0043b070 thunk_FUN_0043d710"
00444840,FUN_00444840,321,0,"FUN_0043b070 FUN_0043d730 FUN_004635c2 FUN_00463613"
00444990,FUN_00444990,234,0,"FUN_00436600"
00444a80,FUN_00444a80,367,0,"FUN_00436b80 FUN_0043b070 FUN_0043d730 FUN_004635c2 FUN_00463613"
00444bf0,FUN_00444bf0,321,0,"FUN_0043b070 FUN_0043d730 FUN_004635c2 FUN_00463613"
00444d40,FUN_00444d40,268,0,"FUN_004383d0 FUN_00438950 FUN_00438a40 FUN_00438b00 FUN_00438e40 FUN_00439e70"
00444e50,FUN_00444e50,155,0,"FUN_00438880"
00444ef0,FUN_00444ef0,232,0,"FUN_004383d0 FUN_00438a40 FUN_00438b00 FUN_00438e40 FUN_00439e50 FUN_00439e70"
00444fe0,FUN_00444fe0,232,0,"FUN_004383d0 FUN_00438a40 FUN_00438b00 FUN_00438e40 FUN_00439e50 FUN_00439e70"
004450d0,FUN_004450d0,233,0,"FUN_004383d0 FUN_00438a40 FUN_00438b00 FUN_00438e40 FUN_00439e50 FUN_00439e70"
004451c0,FUN_004451c0,233,0,"FUN_004383d0 FUN_00438a40 FUN_00438b00 FUN_00438e40 FUN_00439e50 FUN_00439e70"
004452b0,FUN_004452b0,233,0,"FUN_004383d0 FUN_00438a40 FUN_00438b00 FUN_00438e40 FUN_00439e50 FUN_00439e70"
004453a0,FUN_004453a0,155,0,"FUN_00438880"
00445440,FUN_00445440,232,0,"FUN_004383d0 FUN_00438a40 FUN_00438b00 FUN_00438e40 FUN_00439e50 FUN_00439e70"
00445530,FUN_00445530,155,0,"FUN_00438880"
004455d0,FUN_004455d0,232,0,"FUN_004383d0 FUN_00438a40 FUN_00438b00 FUN_00438e40 FUN_00439e50 FUN_00439e70"
004456c0,FUN_004456c0,1873,0,"FUN_0040f860 FUN_00434970 FUN_00436b80 FUN_00436c50 FUN_00436f50 FUN_00436fb0 FUN_00437ad0 FUN_00437c30 FUN_0043b070 FUN_0043b080 FUN_0043d730 FUN_004431d0 FUN_004431e0 FUN_004431f0 FUN_00443200 FUN_00456d00 FUN_00457070 FUN_0045a790 FUN_00461030 FUN_004635c2 FUN_00463613"
00445e20,FUN_00445e20,269,0,"FUN_00436070"
00445f30,FUN_00445f30,149,0,"FUN_0043b040 thunk_FUN_0043d710"
00445fd0,FUN_00445fd0,149,0,"FUN_0043b040 thunk_FUN_0043d710"
00446070,FUN_00446070,149,0,"FUN_0043b040 thunk_FUN_0043d710"
00446110,FUN_00446110,149,0,"FUN_0043b040 thunk_FUN_0043d710"
004461b0,FUN_004461b0,124,0,"FUN_0048c930 thunk_FUN_0043d710"
00446240,FUN_00446240,11,0,"FUN_0048c930"
00446250,FUN_00446250,856,0,"FUN_0040fb20 FUN_00434da0 FUN_00436f50 FUN_004383d0 FUN_00438b00 FUN_0043b0e0 FUN_0043b140 FUN_00444020 FUN_00445fd0 FUN_00446070 FUN_004467d0 FUN_00446880 thunk_FUN_0043d710"
004465b0,FUN_004465b0,27,0,"FUN_00436f50 FUN_004383d0"
004465d0,FUN_004465d0,19,0,"FUN_00436f50 FUN_004383d0"
004465f0,FUN_004465f0,22,0,""
00446610,FUN_00446610,44,0,""
00446640,FUN_00446640,81,0,"FUN_0040fb20 FUN_0043b140"
004466a0,FUN_004466a0,52,0,"FUN_004383d0 FUN_0043c4e0"
004466e0,FUN_004466e0,52,0,"FUN_004383d0 FUN_0043c4e0"
00446720,FUN_00446720,164,0,"FUN_004383d0 FUN_0043b040 thunk_FUN_0043d710"
004467d0,FUN_004467d0,164,0,"FUN_004383d0 FUN_0043b040 thunk_FUN_0043d710"
00446880,FUN_00446880,162,0,"FUN_004383d0 FUN_0043b040 FUN_004525f0 thunk_FUN_0043d710"
00446930,FUN_00446930,52,0,"FUN_004383d0 FUN_00445f30"
00446970,FUN_00446970,52,0,"FUN_004383d0 FUN_00445fd0"
004469b0,FUN_004469b0,52,0,"FUN_004383d0 FUN_00446070"
004469f0,FUN_004469f0,52,0,"FUN_004383d0 FUN_00446110"
00446a30,FUN_00446a30,52,0,"FUN_004383d0 FUN_00438b00"
00446a70,FUN_00446a70,52,0,"FUN_004383d0 FUN_00438b00"
00446ab0,FUN_00446ab0,52,0,"FUN_004383d0 FUN_00438b00"
00446af0,FUN_00446af0,52,0,"FUN_004383d0 FUN_00438b00"
00446b30,FUN_00446b30,52,0,"FUN_004383d0 FUN_00438b00"
00446b70,FUN_00446b70,52,0,"FUN_004383d0 FUN_00438b00"
00446bb0,FUN_00446bb0,52,0,"FUN_004383d0 FUN_00438b00"
00446bf0,FUN_00446bf0,52,0,"FUN_004383d0 FUN_00438b00"
00446c30,FUN_00446c30,52,0,"FUN_004383d0 FUN_00438b00"
00446c70,FUN_00446c70,52,0,"FUN_004383d0 FUN_00438b00"
00446cb0,FUN_00446cb0,52,0,"FUN_004383d0 FUN_00438b00"
00446cf0,FUN_00446cf0,52,0,"FUN_004383d0 FUN_00438b00"
00446d30,FUN_00446d30,52,0,"FUN_004383d0 FUN_00438b00"
00446d64,FUN_00446d64,8,0,"FUN_00446e20"
00446d6c,FUN_00446d6c,8,0,"FUN_00446e80"
00446d74,FUN_00446d74,8,0,"FUN_00446ee0"
00446d7c,FUN_00446d7c,8,0,"FUN_00446f10"
00446d84,FUN_00446d84,8,0,"FUN_00446f40"
00446d8c,FUN_00446d8c,8,0,"FUN_00446f70"
00446d94,FUN_00446d94,8,0,"FUN_00446fd0"
00446d9c,FUN_00446d9c,8,0,"FUN_00447030"
00446da4,FUN_00446da4,8,0,"FUN_00447090"
00446dac,FUN_00446dac,8,0,"FUN_004470f0"
00446db4,FUN_00446db4,8,0,"FUN_00447150"
00446dbc,FUN_00446dbc,8,0,"FUN_00447250"
00446dc4,FUN_00446dc4,8,0,"FUN_004472b0"
00446dcc,FUN_00446dcc,8,0,"FUN_00447310"
00446dd4,FUN_00446dd4,8,0,"FUN_00447370"
00446ddc,FUN_00446ddc,8,0,"FUN_004473d0"
00446de4,FUN_00446de4,8,0,"FUN_00447430"
00446dec,FUN_00446dec,8,0,"FUN_00447490"
00446df4,FUN_00446df4,8,0,"FUN_004474f0"
00446dfc,FUN_00446dfc,8,0,"FUN_00447550"
00446e04,FUN_00446e04,8,0,"FUN_004475b0"
00446e0c,FUN_00446e0c,8,0,"FUN_00447610"
00446e14,FUN_00446e14,8,0,"FUN_00447670"
00446e20,FUN_00446e20,83,0,"FUN_004383d0 FUN_0043c4e0 FUN_0046338c"
00446e80,FUN_00446e80,83,0,"FUN_004383d0 FUN_0043c4e0 FUN_0046338c"
00446ee0,FUN_00446ee0,38,0,"FUN_00446720 FUN_0046338c"
00446f10,FUN_00446f10,38,0,"FUN_004467d0 FUN_0046338c"
00446f40,FUN_00446f40,38,0,"FUN_00446880 FUN_0046338c"
00446f70,FUN_00446f70,83,0,"FUN_004383d0 FUN_00445f30 FUN_0046338c"
00446fd0,FUN_00446fd0,83,0,"FUN_004383d0 FUN_00445fd0 FUN_0046338c"
00447030,FUN_00447030,83,0,"FUN_004383d0 FUN_00446070 FUN_0046338c"
00447090,FUN_00447090,83,0,"FUN_004383d0 FUN_00446110 FUN_0046338c"
004470f0,FUN_004470f0,83,0,"FUN_004383d0 FUN_00438b00 FUN_0046338c"
00447150,FUN_00447150,83,0,"FUN_004383d0 FUN_00438b00 FUN_0046338c"
004471b0,FUN_004471b0,145,0,"FUN_0046338c FUN_0048c930 thunk_FUN_0043d710"
00447250,FUN_00447250,83,0,"FUN_004383d0 FUN_00438b00 FUN_0046338c"
004472b0,FUN_004472b0,83,0,"FUN_004383d0 FUN_00438b00 FUN_0046338c"
00447310,FUN_00447310,83,0,"FUN_004383d0 FUN_00438b00 FUN_0046338c"
00447370,FUN_00447370,83,0,"FUN_004383d0 FUN_00438b00 FUN_0046338c"
004473d0,FUN_004473d0,83,0,"FUN_004383d0 FUN_00438b00 FUN_0046338c"
00447430,FUN_00447430,83,0,"FUN_004383d0 FUN_00438b00 FUN_0046338c"
00447490,FUN_00447490,83,0,"FUN_004383d0 FUN_00438b00 FUN_0046338c"
004474f0,FUN_004474f0,83,0,"FUN_004383d0 FUN_00438b00 FUN_0046338c"
00447550,FUN_00447550,83,0,"FUN_004383d0 FUN_00438b00 FUN_0046338c"
004475b0,FUN_004475b0,83,0,"FUN_004383d0 FUN_00438b00 FUN_0046338c"
00447610,FUN_00447610,83,0,"FUN_004383d0 FUN_00438b00 FUN_0046338c"
00447670,FUN_00447670,52,0,"FUN_00446250 FUN_0046338c"
004476b0,FUN_004476b0,53,0,"FUN_00436f50 FUN_004383d0 FUN_0046338c"
004476f0,FUN_004476f0,45,0,"FUN_00436f50 FUN_004383d0 FUN_0046338c"
00447720,FUN_00447720,45,0,"FUN_00436f50 FUN_004383d0 FUN_0046338c"
00447750,FUN_00447750,35,0,"FUN_0045a3f0 FUN_0046338c"
00447780,FUN_00447780,35,0,"FUN_00460d90 FUN_0046338c"
004477b0,FUN_004477b0,51,0,"FUN_0046338c"
004477f0,FUN_004477f0,35,0,"FUN_004383d0 FUN_0046338c"
00447820,FUN_00447820,100,0,"FUN_0043b070 thunk_FUN_0043d710"
00447890,FUN_00447890,137,0,"FUN_00436b80 FUN_0043b070 thunk_FUN_0043d710"
00447920,FUN_00447920,313,0,"FUN_00436b80 FUN_0043b070 thunk_FUN_0043d710"
00447a60,FUN_00447a60,773,0,"FUN_00436b80 FUN_00436c50 FUN_00436e70 FUN_00436f50 FUN_004377b0 FUN_00437bf0 FUN_00437c30 FUN_00437ce0 FUN_00438160 FUN_00443ee0 FUN_004492b0"
00447d70,FUN_00447d70,35,0,"FUN_00438e40 FUN_00439e70"
00447da0,FUN_00447da0,21,0,"FUN_00444200"
00447dc0,FUN_00447dc0,106,0,"FUN_0043b070 thunk_FUN_0043d710"
00447e30,FUN_00447e30,124,0,"FUN_0043b070 FUN_00444700 FUN_004525f0 thunk_FUN_0043d710"
00447eb0,FUN_00447eb0,261,0,"FUN_0043b070 FUN_00443fc0 thunk_FUN_0043d710"
00447fc0,FUN_00447fc0,274,0,"FUN_00436b80 FUN_0043b070 thunk_FUN_0043d710"
004480e0,FUN_004480e0,258,0,"FUN_00436b80 FUN_0043b070 thunk_FUN_0043d710"
004481f0,FUN_004481f0,269,0,"FUN_00436b80 FUN_0043b070 thunk_FUN_0043d710"
00448300,FUN_00448300,35,0,"FUN_00438e40 FUN_00439e70"
00448330,FUN_00448330,35,0,"FUN_00438e40 FUN_00439e70"
00448360,FUN_00448360,178,0,"FUN_00437e90 FUN_00457150"
00448420,FUN_00448420,176,0,"FUN_004383d0 FUN_00438b00 FUN_00444120 FUN_00457150"
004484d0,FUN_004484d0,791,0,"FUN_00434440 FUN_00436b80 FUN_00436c50 FUN_00436cf0 FUN_00436e70 FUN_00436f50 FUN_00436fb0 FUN_00437bf0 FUN_00437e90 FUN_00438160 FUN_004383d0 FUN_00447a60 FUN_004493e0 FUN_00457160 FUN_00457190 FUN_00457770 FUN_00457780 FUN_00457790 FUN_004577a0 FUN_004594c0 FUN_004597e0 FUN_00494d70 FUN_00496400"
004487f0,FUN_004487f0,117,0,"FUN_004383d0 FUN_00438b00 FUN_00444040"
00448870,FUN_00448870,287,0,"FUN_0043b070 FUN_0043c2a0"
00448990,FUN_00448990,287,0,"FUN_0043b070 FUN_0043c2a0"
00448ab0,FUN_00448ab0,45,0,""
00448ae0,FUN_00448ae0,21,0,"FUN_00460d60"
00448af5,FUN_00448af5,8,0,"FUN_00448b00"
00448b00,FUN_00448b00,27,0,""
00448b20,FUN_00448b20,18,0,"FUN_00444020"
00448b40,FUN_00448b40,268,0,"FUN_0043b070 FUN_00448b40 _memset"
00448c50,FUN_00448c50,18,0,""
00448c70,FUN_00448c70,10,0,""
00448c80,FUN_00448c80,444,0,"FUN_0043b070 thunk_FUN_0043d710"
00448e40,FUN_00448e40,8,0,""
00448e50,FUN_00448e50,8,0,"FUN_004962d0"
00448e60,FUN_00448e60,8,0,"FUN_004962e0"
00448e70,FUN_00448e70,462,0,"FUN_00433a30 FUN_00434970 FUN_00434da0 FUN_00435d40 FUN_00436e70 FUN_00436f50 FUN_004383d0 FUN_0043b040 _memset"
00449040,FUN_00449040,36,0,"FUN_00439e30 FUN_00439e50 FUN_00439e70"
00449070,FUN_00449070,36,0,"FUN_00439e30 FUN_00439e50 FUN_00439e70"
004490a0,FUN_004490a0,36,0,"FUN_00439e30 FUN_00439e50 FUN_00439e70"
004490d0,FUN_004490d0,35,0,"FUN_00439e30 FUN_00439e50 FUN_00439e70"
00449100,FUN_00449100,56,0,"FUN_00439e10 FUN_00439e50 FUN_00439e60 FUN_00439e70"
00449140,FUN_00449140,88,0,"FUN_00439e10 FUN_00439e50 FUN_00439e60 FUN_00439e70 FUN_00448b40"
004491a0,FUN_004491a0,107,0,"FUN_00433a30 FUN_00439e10 FUN_00439e50 FUN_00439e60 FUN_00439e70 FUN_00445e20 _memset"
00449210,FUN_00449210,91,0,"FUN_00436b80 FUN_00436c50 FUN_00439e10 FUN_00439e50 FUN_00439e60 FUN_00439e70"
00449270,FUN_00449270,56,0,"FUN_00439e10 FUN_00439e50 FUN_00439e60 FUN_00439e70"
004492b0,FUN_004492b0,221,0,"FUN_0043b070 FUN_00443f80 FUN_00443fa0 FUN_00495390 FUN_004953b0 FUN_004953d0 FUN_004953f0 FUN_00495410 FUN_004962f0 thunk_FUN_0043d710"
004493b0,FUN_004493b0,11,0,""
004493c0,FUN_004493c0,6,0,""
004493d0,FUN_004493d0,6,0,""
004493e0,FUN_004493e0,225,0,"FUN_00433a30 FUN_00435d40 FUN_004383d0 FUN_0043b040 FUN_004443a0 FUN_00457160"
004494d0,FUN_004494d0,81,0,"FUN_004635c2 FUN_00463613 _atexit"
00449530,FUN_00449530,81,0,"FUN_004635c2 FUN_00463613 _atexit"
00449590,FUN_00449590,11,0,"FUN_00457160"
004495a0,FUN_004495a0,109,0,"FUN_004383d0 FUN_00438b00 FUN_00444040"
00449610,FUN_00449610,6,0,""
00449620,FUN_00449620,6,0,""
00449630,FUN_00449630,6,0,""
00449640,FUN_00449640,6,0,""
00449650,FUN_00449650,232,0,"FUN_00436e70 FUN_00436f50 FUN_00436fb0"
00449740,FUN_00449740,1108,0,"FUN_00436c50 FUN_00436f50 FUN_004374e0 FUN_00449ba0 FUN_00454000 FUN_00454cb0 FUN_00454cc0 FUN_00454cd0 FUN_00456220 FUN_00456230 FUN_00456250 FUN_00456350 FUN_00456360 FUN_00456370 FUN_00456380 FUN_00456390 FUN_00457fb0 FUN_00458170"
00449ba0,FUN_00449ba0,975,0,"FUN_0040fb20 FUN_00433a30 FUN_00433b20 FUN_00436b80 FUN_00436e70 FUN_00436f50 FUN_004374e0 FUN_00437ce0 FUN_00438180 _memset"
00449fa0,FUN_00449fa0,6772,0,"FUN_0040fb20 FUN_004337c0 FUN_00433a30 FUN_00433b20 FUN_00433be0 FUN_00434830 FUN_00435d40 FUN_00435f60 FUN_00436460 FUN_004365c0 FUN_00436b80 FUN_00436c50 FUN_00436f50 FUN_00436fb0 FUN_00437710 FUN_004383d0 FUN_00438a40 FUN_00438b00 FUN_00438e40 FUN_00439e10 FUN_00439e50 FUN_00439e60 FUN_00439e70 FUN_0043b040 FUN_0043b140 FUN_00444040 FUN_00444bf0 FUN_00444d40 FUN_00444fe0 FUN_004450d0 FUN_004451c0 FUN_004452b0 FUN_00445440 FUN_004455d0 FUN_00446110 FUN_00446610 FUN_00446af0 FUN_00446b30 FUN_00446cb0 FUN_00446cf0 FUN_00446d30 FUN_00447820 FUN_00447890 FUN_00447920 FUN_004487f0 FUN_00448e70 FUN_00449040 FUN_00449070 FUN_004490a0 FUN_00449100 FUN_00449140 FUN_004491a0 FUN_00449210 FUN_00449270 FUN_004493e0 FUN_00451bd0 FUN_00453fe0 FUN_00454cb0 FUN_00454ce0 FUN_00456290 FUN_00457150 FUN_0045a050 FUN_00460d80 FUN_00460eb0 FUN_00460f90 FUN_00460fb0 FUN_00461000 FUN_00461010 FUN_00461320 FUN_00461560 FUN_00494ed0 FUN_00495700 FUN_004958a0 FUN_00496300 thunk_FUN_0043d710"
0044ba80,FUN_0044ba80,88,0,"FUN_0040fb20 FUN_004493e0 FUN_00454cb0 FUN_00461560"
0044bb00,FUN_0044bb00,13656,0,"FUN_0040fb20 FUN_004337c0 FUN_004339f0 FUN_00433a30 FUN_00433b20 FUN_00434440 FUN_00434970 FUN_00435d40 FUN_00435f60 FUN_00436460 FUN_00436b80 FUN_00436c50 FUN_00436e70 FUN_00436f50 FUN_00436fb0 FUN_004374e0 FUN_00437840 FUN_00437e90 FUN_00437ea0 FUN_004383d0 FUN_004383e0 FUN_00438a40 FUN_00438b00 FUN_00438e40 FUN_00439e10 FUN_00439e30 FUN_00439e50 FUN_00439e60 FUN_00439e70 FUN_0043b040 FUN_0043b070 FUN_0043b140 FUN_0043c340 FUN_0043d730 FUN_00443ee0 FUN_00443fc0 FUN_00444020 FUN_00444040 FUN_004443a0 FUN_00444580 FUN_00444640 FUN_00444a80 FUN_00444bf0 FUN_00444d40 FUN_00444fe0 FUN_004450d0 FUN_004451c0 FUN_004452b0 FUN_00445440 FUN_004455d0 FUN_00445e20 FUN_00446640 FUN_004466a0 FUN_004466e0 FUN_00446930 FUN_004469f0 FUN_00446ab0 FUN_00446af0 FUN_00446b30 FUN_00446b70 FUN_00446bf0 FUN_00446c30 FUN_00446c70 FUN_00446cb0 FUN_00446cf0 FUN_00447890 FUN_00447920 FUN_00448360 FUN_004487f0 FUN_00448ab0 FUN_00449040 FUN_00449070 FUN_004490a0 FUN_00449100 FUN_00449140 FUN_004491a0 FUN_00449210 FUN_004493e0 FUN_004495a0 FUN_00449650 FUN_00449740 FUN_00449ba0 FUN_00451bd0 FUN_00452640 FUN_00453fd0 FUN_00454000 FUN_00454cb0 FUN_00454ce0 FUN_00457150 FUN_00457160 FUN_00457190 FUN_004594c0 FUN_004597e0 FUN_00459c40 FUN_0045a050 FUN_0045a450 FUN_00460f90 FUN_00460fa0 FUN_00460fb0 FUN_00460ff0 FUN_004611a0 FUN_004635c2 FUN_00463613 FUN_0048c930 FUN_00494ed0 FUN_00494ee0 FUN_00494ff0 FUN_00495000 FUN_00495020 FUN_00496300 _memset thunk_FUN_0043d710 timeGetTime"
0044f0d0,FUN_0044f0d0,1260,0,"FUN_0040fb20 FUN_00436b80 FUN_00436c50 FUN_00436f50 FUN_00436fb0 FUN_004374e0 FUN_00437710 FUN_00437840 FUN_00437ce0 FUN_00438180 FUN_0043b070 FUN_0043b140 FUN_00448360 thunk_FUN_0043d710"
0044f5c0,FUN_0044f5c0,1081,0,"FUN_0040fb20 FUN_00436e70 FUN_00436f50 FUN_00437e90 FUN_00448360 FUN_00448420 FUN_00449650 FUN_00457150 FUN_004962f0 FUN_00496310 FUN_00496400"
0044fa70,FUN_0044fa70,29,0,""
0044fa90,FUN_0044fa90,1545,0,"FUN_0040fb20 FUN_00433a30 FUN_00433b20 FUN_00434440 FUN_00434970 FUN_00434da0 FUN_00436fb0 FUN_00437e90 FUN_004383d0 FUN_00438b00 FUN_00439e30 FUN_00439e50 FUN_00439e70 FUN_0043c4e0 FUN_004431d0 FUN_004431e0 FUN_00443200 FUN_00444040 FUN_00444270 FUN_004443a0 FUN_00444450 FUN_00444990 FUN_004453a0 FUN_00445e20 FUN_00446cb0 FUN_004493e0 FUN_004495a0 FUN_00451b20 FUN_00453fd0 FUN_00456260 FUN_004577a0 FUN_00457c70 FUN_00458170 FUN_00458390 FUN_004583a0 FUN_004583b0 FUN_004583c0 FUN_004583d0 FUN_004583e0 FUN_004583f0 FUN_00458400 FUN_00458490 FUN_0045d400 FUN_004618e0 FUN_00495430 FUN_004954a0 _memset"
004500a0,FUN_004500a0,38,0,""
004500d0,FUN_004500d0,121,0,"FUN_00436fb0 FUN_00448360"
00450150,FUN_00450150,131,0,"FUN_004365c0 FUN_00447890"
004501e0,FUN_004501e0,87,0,"FUN_0040fb20"
00450240,FUN_00450240,93,0,"FUN_0040fb20"
004502a0,FUN_004502a0,1621,0,"FUN_0040fb20 FUN_00433a30 FUN_00433b20 FUN_00434440 FUN_00434970 FUN_00434da0 FUN_00436fb0 FUN_00437e90 FUN_004383d0 FUN_00438b00 FUN_00439e30 FUN_00439e50 FUN_00439e70 FUN_0043c4e0 FUN_004431d0 FUN_004431e0 FUN_00443200 FUN_00444040 FUN_00444270 FUN_004443a0 FUN_00444450 FUN_00444990 FUN_004453a0 FUN_00445e20 FUN_00446cb0 FUN_004493e0 FUN_004495a0 FUN_00451b20 FUN_00453fd0 FUN_00456260 FUN_004577a0 FUN_00457c70 FUN_00458170 FUN_00458390 FUN_004583a0 FUN_004583b0 FUN_004583c0 FUN_004583d0 FUN_004583e0 FUN_004583f0 FUN_00458400 FUN_00458490 FUN_0045e9a0 FUN_004618e0 FUN_00495430 FUN_004954a0 _memset"
00450900,FUN_00450900,1139,0,"FUN_0040fb20 FUN_00433a30 FUN_00433b20 FUN_00434440 FUN_00434970 FUN_00434da0 FUN_00436fb0 FUN_00437e90 FUN_004383d0 FUN_0043c4e0 FUN_004431d0 FUN_004431e0 FUN_00443200 FUN_00444270 FUN_004443a0 FUN_00444450 FUN_004453a0 FUN_00446cb0 FUN_004490d0 FUN_004493e0 FUN_004495a0 FUN_00451b20 FUN_00456260 FUN_004577a0 FUN_00457c70 FUN_00458170 FUN_00458390 FUN_004583a0 FUN_004583b0 FUN_004583c0 FUN_004583d0 FUN_004583e0 FUN_004583f0 FUN_00458400 FUN_00458490 FUN_0045e0e0 FUN_004618e0 FUN_00495430 FUN_004954a0 _memset"
00450d80,FUN_00450d80,819,0,"FUN_0040fb20 FUN_00433a30 FUN_00433b20 FUN_00434970 FUN_00434da0 FUN_00435d40 FUN_00436c50 FUN_00436e70 FUN_00436f50 FUN_00437e90 FUN_004383d0 FUN_0043b040 FUN_00457fb0 FUN_00458170 FUN_004618e0 _memset"
004510c0,FUN_004510c0,1358,0,"FUN_0040fb20 FUN_00433a30 FUN_00433b20 FUN_00434440 FUN_00434970 FUN_00434da0 FUN_00435d40 FUN_00436c50 FUN_00436f50 FUN_00436fb0 FUN_00437e90 FUN_004383d0 FUN_00438b00 FUN_00439e30 FUN_00439e50 FUN_00439e70 FUN_0043b040 FUN_0043c4e0 FUN_00444040 FUN_004443a0 FUN_004453a0 FUN_00445e20 FUN_00446cb0 FUN_004493e0 FUN_004495a0 FUN_00451b20 FUN_00453fd0 FUN_00457fb0 FUN_00458170 FUN_0045e9a0 FUN_00495430 FUN_004954a0 _memset"
00451610,FUN_00451610,258,0,"FUN_0040fb20 FUN_004383d0 FUN_0043c4e0 FUN_00444580 FUN_00495430 FUN_004954a0"
00451720,FUN_00451720,114,0,"FUN_0040fb20"
004517a0,FUN_004517a0,110,0,"FUN_0040fb20"
00451810,FUN_00451810,79,0,"FUN_0040fb20"
00451860,FUN_00451860,127,0,"FUN_004383d0"
004518e0,FUN_004518e0,124,0,"FUN_004383d0"
00451960,FUN_00451960,14,0,""
00451970,FUN_00451970,425,0,"FUN_0040fb20 FUN_004383d0 FUN_0043b040 FUN_0043b140 FUN_00444700 FUN_00444840 FUN_00448c80 thunk_FUN_0043d710"
00451b20,FUN_00451b20,138,0,"FUN_004383d0 FUN_00438a40 FUN_00438b00 FUN_00444040"
00451bb0,FUN_00451bb0,30,0,""
00451bd0,FUN_00451bd0,2415,0,"FUN_0040fb20 FUN_00433a30 FUN_00435d40 FUN_00436070 FUN_004383d0 FUN_00438880 FUN_00438a40 FUN_00438b00 FUN_00438e40 FUN_00439e10 FUN_00439e50 FUN_00439e60 FUN_00439e70 FUN_0043b040 FUN_0043b140 FUN_00444fe0 FUN_00445440 FUN_00445e20 FUN_004491a0 FUN_00460d80 FUN_00460dc0 FUN_00461720 FUN_004618e0 _memset"
00452540,FUN_00452540,164,0,"FUN_0040fb20 FUN_00437e90 FUN_00448420"
004525f0,FUN_004525f0,65,0,""
00452640,FUN_00452640,53,0,""
00452680,FUN_00452680,8,0,""
00452690,FUN_00452690,8,0,""
004526a0,FUN_004526a0,96,0,"FUN_0040fb20 FUN_00436fb0 FUN_00448360"
00452700,FUN_00452700,10,0,""
00452710,FUN_00452710,852,0,"FUN_0040fb20 FUN_00433be0 FUN_00434830 FUN_00439e70 FUN_0043b070 FUN_0043b140 FUN_00447820 FUN_00448e70 FUN_004493e0 FUN_00454ce0 FUN_00456260 FUN_00456270 FUN_00459140 FUN_00461340 thunk_FUN_0043d710"
00452a70,FUN_00452a70,10,0,""
00452a80,FUN_00452a80,33,0,"FUN_00461550"
00452ab0,FUN_00452ab0,23,0,"FUN_00461550"
00452ad0,FUN_00452ad0,50,0,"FUN_0043b260 FUN_00496410"
00452b10,FUN_00452b10,12,0,"FUN_00496420"
00452b1c,FUN_00452b1c,8,0,"FUN_00452b30"
00452b30,FUN_00452b30,471,0,"FUN_0040fb20 FUN_00436c50 FUN_00436f50 FUN_004374e0 FUN_00437840 FUN_0043a780 FUN_0043b140"
00452d07,FUN_00452d07,8,0,"FUN_00452d10"
00452d10,FUN_00452d10,471,0,"FUN_0040fb20 FUN_00436c50 FUN_00436f50 FUN_004374e0 FUN_00437840 FUN_0043a780 FUN_0043b140"
00452ee7,FUN_00452ee7,8,0,"FUN_00452ef0"
00452ef0,FUN_00452ef0,315,0,"FUN_00436c50 FUN_00436e70 FUN_00436f50 FUN_00437240 FUN_004374e0 FUN_00437840"
0045302b,FUN_0045302b,8,0,"FUN_00453040"
00453040,FUN_00453040,305,0,"FUN_00436c50 FUN_00436e70 FUN_00436f50 FUN_004374e0 FUN_00437840 FUN_004383e0"
00453171,FUN_00453171,8,0,"FUN_00453180"
00453180,FUN_00453180,308,0,"FUN_00436c50 FUN_00436e70 FUN_00436f50 FUN_004374e0 FUN_00437840 FUN_004383e0"
004532b4,FUN_004532b4,8,0,"FUN_004532c0"
004532c0,FUN_004532c0,306,0,"FUN_00436c50 FUN_00436e70 FUN_00436f50 FUN_004374e0 FUN_00437840 FUN_004383e0"
004533f2,FUN_004533f2,8,0,"FUN_00453400"
00453400,FUN_00453400,299,0,"FUN_00436c50 FUN_00436e70 FUN_00436f50 FUN_004374e0 FUN_00437840 FUN_004383e0"
0045352b,FUN_0045352b,8,0,"FUN_00453540"
00453540,FUN_00453540,299,0,"FUN_00436c50 FUN_00436e70 FUN_00436f50 FUN_004374e0 FUN_00437840 FUN_004383e0"
0045366b,FUN_0045366b,8,0,"FUN_00453680"
00453680,FUN_00453680,299,0,"FUN_00436c50 FUN_00436e70 FUN_00436f50 FUN_004374e0 FUN_00437840 FUN_004383e0"
004537b0,FUN_004537b0,27,0,""
004537d0,FUN_004537d0,142,0,"FUN_00433a30 FUN_00436c50 FUN_00453a60"
00453860,FUN_00453860,158,0,"FUN_00433a30 FUN_00436c50 FUN_00453970 FUN_00453a10"
00453900,FUN_00453900,103,0,"FUN_00435d40 FUN_00436f50 FUN_004383d0 FUN_0043b040"
00453970,FUN_00453970,9,0,""
00453980,FUN_00453980,132,0,"FUN_00435d40 FUN_00436f50 FUN_004383d0 FUN_0043b040 FUN_0046338c"
00453a10,FUN_00453a10,80,0,"FUN_00436fb0"
00453a60,FUN_00453a60,1378,0,"FUN_00435d40 FUN_00436b80 FUN_00436c50 FUN_00436f50 FUN_00436fb0 FUN_004383d0 FUN_00438a40 FUN_00438b00 FUN_00438e40 FUN_00439e10 FUN_00439e50 FUN_00439e60 FUN_00439e70 FUN_0043b040 FUN_00444040 FUN_004455d0 FUN_00461720 FUN_004618e0"
00453fd0,FUN_00453fd0,4,0,""
00453fe0,FUN_00453fe0,29,0,"FUN_00456260"
00454000,FUN_00454000,4,0,""
00454010,FUN_00454010,605,0,"FUN_00435ac0 FUN_00436b80 FUN_00436c50 FUN_00436e70 FUN_00436f50 FUN_004374e0 FUN_004377b0 FUN_00437840 FUN_004383e0"
00454270,FUN_00454270,13,0,""
00454280,FUN_00454280,13,0,""
00454290,FUN_00454290,287,0,"FUN_00433130 FUN_00435ac0 FUN_00436b80 FUN_00436c50 FUN_00436f50 FUN_004374e0 FUN_004377b0 FUN_00437840"
004543b0,FUN_004543b0,98,0,"FUN_00436f50 FUN_00437840"
00454420,FUN_00454420,148,0,"FUN_00436b80 FUN_00436c50 FUN_00436f50 FUN_00436ff0 FUN_00437840"
004544c0,FUN_004544c0,120,0,"FUN_00433a30 FUN_00436b80 FUN_00454690"
00454540,FUN_00454540,95,0,"FUN_00435d40 FUN_00436f50 FUN_004383d0 FUN_0043b040"
004545a0,FUN_004545a0,9,0,""
004545b0,FUN_004545b0,121,0,"FUN_00435d40 FUN_00436f50 FUN_004383d0 FUN_0043b040 FUN_0046338c"
00454630,FUN_00454630,83,0,"FUN_00436fb0"
00454690,FUN_00454690,1560,0,"FUN_00435d40 FUN_004383d0 FUN_00438a40 FUN_00438b00 FUN_00438e40 FUN_00439e10 FUN_00439e50 FUN_00439e60 FUN_00439e70 FUN_0043b040 FUN_00444040 FUN_00444ef0 FUN_00461720 FUN_004618e0"
00454cb0,FUN_00454cb0,4,0,""
00454cc0,FUN_00454cc0,4,0,""
00454cd0,FUN_00454cd0,4,0,""
00454ce0,FUN_00454ce0,4,0,""
00454cf0,FUN_00454cf0,5,0,""
00454d00,FUN_00454d00,926,0,"FUN_00436b80 FUN_00436c50 FUN_00436f50 FUN_004374e0 FUN_00437660 FUN_00437840 FUN_004383e0 FUN_00454420"
004550a0,FUN_004550a0,239,0,"FUN_00433130 FUN_00436b80 FUN_00436c50 FUN_00436f50 FUN_004374e0 FUN_004377b0 FUN_00437840"
00455190,FUN_00455190,321,0,"FUN_0043b070 FUN_0043d730 FUN_004635c2 FUN_00463613"
004552e0,FUN_004552e0,285,0,"FUN_0043b070 FUN_00444990 FUN_004544c0 FUN_00455190 FUN_00455a00"
00455400,FUN_00455400,90,0,"FUN_0048c930"
00455460,FUN_00455460,41,0,""
00455490,FUN_00455490,52,0,"FUN_004383d0 FUN_00438b00"
004554c4,FUN_004554c4,8,0,"FUN_00455550"
004554d0,FUN_004554d0,111,0,"FUN_0046338c FUN_0048c930"
00455550,FUN_00455550,83,0,"FUN_004383d0 FUN_00438b00 FUN_0046338c"
004555b0,FUN_004555b0,278,0,"FUN_00432ff0 FUN_00434da0 FUN_004383d0 FUN_00454540 FUN_00456160 FUN_0046338c FUN_0048c930"
004556d0,FUN_004556d0,44,0,"FUN_0040fb20 FUN_00447820"
00455700,FUN_00455700,37,0,"FUN_00447820"
00455730,FUN_00455730,718,0,"FUN_0040fb20 FUN_0043b070 FUN_0043b140 FUN_00444990 FUN_00453860 FUN_00454630 FUN_00461ae0 thunk_FUN_0043d710"
00455a00,FUN_00455a00,1844,0,"FUN_00434970 FUN_00434da0 FUN_004383d0 FUN_00438a40 FUN_00438b00 FUN_00438e40 FUN_00439e10 FUN_00439e30 FUN_00439e50 FUN_00439e60 FUN_00439e70 FUN_00444040 FUN_00444a80 FUN_004452b0 FUN_0044ba80 FUN_00454690"
00456140,FUN_00456140,22,0,"FUN_00461ab0"
00456160,FUN_00456160,188,0,"FUN_0040fb20 FUN_0043b140"
00456220,FUN_00456220,7,0,""
00456230,FUN_00456230,7,0,""
00456240,FUN_00456240,3,0,""
00456250,FUN_00456250,4,0,""
00456260,FUN_00456260,7,0,""
00456270,FUN_00456270,4,0,""
00456280,FUN_00456280,4,0,""
00456290,FUN_00456290,189,0,"FUN_0040fb20 FUN_0043b140"
00456350,FUN_00456350,7,0,""
00456360,FUN_00456360,15,0,""
00456370,FUN_00456370,7,0,""
00456380,FUN_00456380,7,0,""
00456390,FUN_00456390,7,0,""
004563a0,FUN_004563a0,1605,0,"FUN_0040fb20 FUN_00436b80 FUN_00436c50 FUN_00436e70 FUN_00436f50 FUN_004371b0 FUN_004374e0 FUN_00437660 FUN_004377b0 FUN_00437840 FUN_004383e0 FUN_0043b140 FUN_00454d00"
004569f0,FUN_004569f0,17,0,"FUN_00456160"
00456a10,FUN_00456a10,317,0,"FUN_0040fb20 FUN_0043b140"
00456b50,FUN_00456b50,44,0,"FUN_0044ba80"
00456b80,FUN_00456b80,242,0,"FUN_00433130 FUN_00436b80 FUN_00436c50 FUN_00436f50 FUN_004374e0 FUN_004377b0 FUN_00437840"
00456c80,FUN_00456c80,51,0,""
00456cc0,FUN_00456cc0,11,0,"FUN_004383d0"
00456cd0,FUN_00456cd0,41,0,"FUN_004383d0 FUN_0046338c"
00456d00,FUN_00456d00,4,0,""
00456d10,FUN_00456d10,15,0,""
00456d20,FUN_00456d20,15,0,""
00456d30,FUN_00456d30,822,0,"FUN_00436b80 FUN_00436c50 FUN_00436e70 FUN_00436f50 FUN_004374e0 FUN_00437840 FUN_004430c0 FUN_00454420"
00457070,FUN_00457070,128,0,"FUN_00436c50 FUN_00438a40"
004570f0,FUN_004570f0,79,0,"FUN_00436f50 FUN_004383d0 FUN_00438b00 FUN_0046338c"
00457140,FUN_00457140,13,0,""
00457150,FUN_00457150,4,0,""
00457160,FUN_00457160,4,0,""
00457170,FUN_00457170,24,0,"FUN_00436fb0"
00457190,FUN_00457190,24,0,"FUN_00436fb0"
004571b0,FUN_004571b0,1014,0,"FUN_00436b80 FUN_00436c50 FUN_00436e70 FUN_00436f50 FUN_004371b0 FUN_004374e0 FUN_004377b0 FUN_00437840 FUN_004383e0"
004575b0,FUN_004575b0,219,0,"FUN_00436b80 FUN_00438950"
00457690,FUN_00457690,88,0,"FUN_00436f50 FUN_004383d0 FUN_00438b00"
004576f0,FUN_004576f0,117,0,"FUN_00436f50 FUN_004383d0 FUN_00438b00 FUN_0046338c"
00457770,FUN_00457770,7,0,""
00457780,FUN_00457780,7,0,""
00457790,FUN_00457790,7,0,""
004577a0,FUN_004577a0,4,0,""
004577b0,FUN_004577b0,72,0,"FUN_00436fb0"
00457800,FUN_00457800,18,0,""
00457820,FUN_00457820,24,0,"FUN_00436fb0"
00457840,FUN_00457840,1063,0,"FUN_00436b80 FUN_00436c50 FUN_00436e70 FUN_00436f50 FUN_00436ff0 FUN_004374e0 FUN_00437660 FUN_004377b0 FUN_00437840 FUN_004383e0"
00457c70,FUN_00457c70,811,0,"FUN_004332b0 FUN_00434e50 FUN_00436070 FUN_00436c50 FUN_00436fb0 FUN_0043b070 FUN_0043d730 FUN_00444990 FUN_00455460 FUN_004635c2 FUN_00463613"
00457fb0,FUN_00457fb0,444,0,"FUN_00436070 FUN_00436b80 FUN_0043b070 FUN_00444990"
00458170,FUN_00458170,249,0,"FUN_00434da0 FUN_00435d40 FUN_00436f50 FUN_004383d0 FUN_0043b040 FUN_0048c930"
00458270,FUN_00458270,273,0,"FUN_00434da0 FUN_00435d40 FUN_00436f50 FUN_004383d0 FUN_0043b040 FUN_0046338c FUN_0048c930"
00458390,FUN_00458390,7,0,""
004583a0,FUN_004583a0,7,0,""
004583b0,FUN_004583b0,7,0,""
004583c0,FUN_004583c0,15,0,""
004583d0,FUN_004583d0,4,0,""
004583e0,FUN_004583e0,7,0,""
004583f0,FUN_004583f0,7,0,""
00458400,FUN_00458400,44,0,""
00458430,FUN_00458430,18,0,""
00458450,FUN_00458450,18,0,""
00458470,FUN_00458470,18,0,""
00458490,FUN_00458490,25,0,""
004584b0,FUN_004584b0,2423,0,"FUN_00435ac0 FUN_00436b80 FUN_00436c50 FUN_00436e70 FUN_00436f50 FUN_004374e0 FUN_004377b0 FUN_00437840 FUN_004383e0 FUN_004430c0 FUN_00454420"
00458e30,FUN_00458e30,352,0,"FUN_0043b070 FUN_0043d730 FUN_004635c2 FUN_00463613"
00458f90,FUN_00458f90,325,0,"FUN_0043b070 thunk_FUN_0043d710"
004590e0,FUN_004590e0,25,0,"FUN_00433be0 FUN_004383d0"
00459100,FUN_00459100,51,0,"FUN_00433be0 FUN_004383d0 FUN_0046338c"
00459140,FUN_00459140,4,0,""
00459150,FUN_00459150,15,0,""
00459160,FUN_00459160,703,0,"FUN_00436b80 FUN_00436c50 FUN_00436e70 FUN_00436f50 FUN_00436ff0 FUN_004374e0 FUN_00437660 FUN_004377b0 FUN_00437840 FUN_004383e0"
00459420,FUN_00459420,48,0,"FUN_004537d0"
00459450,FUN_00459450,44,0,"FUN_00453900 FUN_0046338c"
00459480,FUN_00459480,49,0,"FUN_00453a10"
004594c0,FUN_004594c0,793,0,"FUN_00433a30 FUN_00435d40 FUN_00436c50 FUN_00436f50 FUN_00436fb0 FUN_00437710 FUN_004383d0 FUN_00438880 FUN_00438950 FUN_00438b00 FUN_0043b040 _memset"
004597e0,FUN_004597e0,27,0,""
00459800,FUN_00459800,6,0,""
00459810,FUN_00459810,35,0,""
00459840,FUN_00459840,1014,0,"FUN_00436b80 FUN_00436c50 FUN_00436f50 FUN_00436ff0 FUN_004374e0 FUN_00437840 FUN_004430c0"
00459c40,FUN_00459c40,106,0,"FUN_00436b80"
00459cb0,FUN_00459cb0,916,0,"FUN_00436af0 FUN_00436b80 FUN_00436c50 FUN_00436e70 FUN_00436f50 FUN_004374e0 FUN_004377b0 FUN_00437840 FUN_00437e90"
0045a050,FUN_0045a050,103,0,"FUN_00436b80"
0045a0c0,FUN_0045a0c0,806,0,"FUN_00435ac0 FUN_00436b80 FUN_00436c50 FUN_00436f50 FUN_00436ff0 FUN_004374e0 FUN_00437840 FUN_004383e0"
0045a3f0,FUN_0045a3f0,7,0,""
0045a400,FUN_0045a400,24,0,"FUN_0043b070 FUN_00459420"
0045a420,FUN_0045a420,33,0,"thunk_FUN_0043d710"
0045a450,FUN_0045a450,4,0,""
0045a460,FUN_0045a460,487,0,"FUN_00436b80 FUN_00436c50 FUN_00436f50 FUN_00436ff0 FUN_004374e0 FUN_00437840"
0045a650,FUN_0045a650,317,0,"FUN_0043b070 FUN_0043d730 FUN_004635c2 FUN_00463613"
0045a790,FUN_0045a790,39,0,"FUN_00495a40"
0045a7c0,FUN_0045a7c0,52,0,"FUN_004383d0 FUN_00438b00"
0045a7f4,FUN_0045a7f4,8,0,"FUN_0045a800"
0045a800,FUN_0045a800,83,0,"FUN_004383d0 FUN_00438b00 FUN_0046338c"
0045a860,FUN_0045a860,41,0,"FUN_0046338c FUN_00495bc0"
0045a8a0,FUN_0045a8a0,4593,0,"FUN_0040fb20 FUN_00434440 FUN_00435d40 FUN_00436c50 FUN_00436fb0 FUN_00437e90 FUN_004383d0 FUN_004387b0 FUN_00438880 FUN_00438950 FUN_00438a40 FUN_00438b00 FUN_0043b040 FUN_0043b070 FUN_0043b140 FUN_0043c2a0 FUN_0043c340 FUN_0043c4e0 FUN_004431d0 FUN_004431e0 FUN_00443200 FUN_00444040 FUN_00444270 FUN_00444450 FUN_00451b20 FUN_00456260 FUN_004577a0 FUN_00458390 FUN_004583a0 FUN_004583b0 FUN_004583c0 FUN_004583d0 FUN_004583e0 FUN_004583f0 FUN_004618e0 thunk_FUN_0043d710"
0045baa0,FUN_0045baa0,2048,0,"FUN_0040fb20 FUN_00434440 FUN_00436f50 FUN_00437e90 FUN_004383d0 FUN_00438880 FUN_00438b00 FUN_00439e70 FUN_0043c2a0 FUN_0043c4e0 FUN_004431d0 FUN_00445530 FUN_00446cf0 FUN_00451b20 FUN_00454000 FUN_00457150 FUN_00457160 FUN_00495430 FUN_004954a0 FUN_004954e0 FUN_00496300"
0045c2a0,FUN_0045c2a0,3063,0,"FUN_0040fb20 FUN_00434440 FUN_00436f50 FUN_00437e90 FUN_004383d0 FUN_00438880 FUN_00438a40 FUN_00438b00 FUN_00439e70 FUN_0043c2a0 FUN_0043c4e0 FUN_004431d0 FUN_00444040 FUN_00451b20 FUN_00454000 FUN_00457160 FUN_00495430 FUN_004954a0 FUN_004954e0 FUN_00496300"
0045cea0,FUN_0045cea0,694,0,"FUN_004383d0 FUN_004387b0 FUN_00438b00 FUN_0043c2a0 FUN_0043c4e0 FUN_00451b20 FUN_00495430 FUN_004954a0"
0045d160,FUN_0045d160,670,0,"FUN_0040fb20 FUN_00437e90 FUN_004383d0 FUN_00438880 FUN_00438b00 FUN_0043c340 FUN_0043c4e0 FUN_00451b20 FUN_004577a0 FUN_004583a0 FUN_0045a8a0 FUN_00495430 FUN_004954a0"
0045d400,FUN_0045d400,405,0,"FUN_00437e90 FUN_004383d0 FUN_00438880 FUN_00438b00 FUN_0043c340 FUN_0043c4e0 FUN_00451b20 FUN_0045a8a0"
0045d5a0,FUN_0045d5a0,416,0,"FUN_004383d0 FUN_004387b0 FUN_00438b00 FUN_0043c4e0 FUN_00444580 FUN_00451b20 FUN_00495430 FUN_004954a0"
0045d740,FUN_0045d740,580,0,"FUN_004383d0 FUN_00438880 FUN_00438a40 FUN_00438b00 FUN_0043c2a0 FUN_0043c4e0 FUN_00444040 FUN_00495430 FUN_004954a0"
0045d990,FUN_0045d990,800,0,"FUN_0040fb20 FUN_00437e90 FUN_004383d0 FUN_00438880 FUN_00438b00 FUN_0043c4e0 FUN_00444580 FUN_00451b20 FUN_00495430 FUN_004954a0"
0045dcb0,FUN_0045dcb0,736,0,"FUN_0040fb20 FUN_00437e90 FUN_004383d0 FUN_00438880 FUN_00438b00 FUN_0043c2a0 FUN_0043c4e0 FUN_00451b20 FUN_00495430 FUN_004954a0"
0045df90,FUN_0045df90,331,0,"FUN_0040fb20 FUN_00437e90 FUN_004383d0 FUN_0043c4e0 FUN_004577a0 FUN_004583a0 FUN_0045e0e0 FUN_00495430 FUN_004954a0"
0045e0e0,FUN_0045e0e0,1860,0,"FUN_00435d40 FUN_00436070 FUN_00437e90 FUN_004383d0 FUN_00438880 FUN_00438b00 FUN_0043b040 FUN_0043c340 FUN_0043c4e0 FUN_00444270 FUN_00451b20 FUN_0045a8a0 FUN_004618e0 _memset"
0045e830,FUN_0045e830,360,0,"FUN_0040fb20 FUN_00437e90 FUN_004383d0 FUN_0043c4e0 FUN_004577a0 FUN_004583a0 FUN_0045e9a0 FUN_00495430 FUN_004954a0"
0045e9a0,FUN_0045e9a0,976,0,"FUN_004383d0 FUN_00438880 FUN_00438a40 FUN_00438b00 FUN_0043c340 FUN_0043c4e0 FUN_00444040 FUN_00451b20 FUN_0045a8a0"
0045ed70,FUN_0045ed70,294,0,"FUN_004383d0 FUN_0043c2a0 FUN_0043c4e0 FUN_00495430 FUN_004954a0"
0045eea0,FUN_0045eea0,718,0,"FUN_004383d0 FUN_00438880 FUN_00438b00 FUN_0043c2a0 FUN_0043c4e0 FUN_004431d0 FUN_00451b20 FUN_004597e0 FUN_00459810 FUN_00495430 FUN_004954a0"
0045f170,FUN_0045f170,2025,0,"FUN_0040fb20 FUN_00434da0 FUN_00435f60 FUN_00436b80 FUN_00437e90 FUN_004383d0 FUN_004387b0 FUN_00438a40 FUN_00438b00 FUN_0043b070 FUN_0043b140 FUN_0043c4e0 FUN_0043d730 FUN_00444040 FUN_00444580 FUN_00454ce0 FUN_0045a450 FUN_004635c2 FUN_00463613 FUN_00495430 FUN_004954a0 thunk_FUN_0043d710"
0045f960,FUN_0045f960,1420,0,"FUN_0040b610 FUN_004383d0 FUN_004387b0 FUN_00438880 FUN_00438a40 FUN_00438b00 FUN_0043c2a0 FUN_0043c4e0 FUN_004431d0 FUN_00443200 FUN_00444040 FUN_00444e50 FUN_00446ab0 FUN_00451b20 FUN_00459800 FUN_0045a7c0 FUN_00461c00 FUN_00461c10 FUN_00461c20 FUN_00461c30 FUN_00461c40 FUN_00461c50 FUN_00495430 FUN_004954a0"
0045fef0,FUN_0045fef0,1442,0,"FUN_004383d0 FUN_00438880 FUN_00438a40 FUN_00438b00 FUN_0043c2a0 FUN_0043c4e0 FUN_004431d0 FUN_00444040 FUN_00451b20 FUN_00459800 FUN_00495430 FUN_004954a0"
004604a0,FUN_004604a0,1201,0,"FUN_004383d0 FUN_00438880 FUN_00438a40 FUN_00438b00 FUN_0043c2a0 FUN_0043c4e0 FUN_004431d0 FUN_00444040 FUN_00451b20 FUN_00459800 FUN_00495430 FUN_004954a0"
00460960,FUN_00460960,898,0,"FUN_004383d0 FUN_00438880 FUN_00438a40 FUN_00438b00 FUN_0043c2a0 FUN_0043c4e0 FUN_004431d0 FUN_00444040 FUN_00451b20 FUN_004597e0 FUN_00459810 FUN_00495430 FUN_004954a0"
00460cf0,FUN_00460cf0,112,0,"FUN_004383d0 FUN_00438a40 FUN_00438b00"
00460d60,FUN_00460d60,28,0,"FUN_0043b070 FUN_004544c0"
00460d80,FUN_00460d80,16,0,""
00460d90,FUN_00460d90,7,0,""
00460da0,FUN_00460da0,24,0,"FUN_0043b070 FUN_004552e0"
00460dc0,FUN_00460dc0,226,0,"FUN_0040fb20 FUN_0043b140 FUN_00456270 FUN_004622e0"
00460eb0,FUN_00460eb0,220,0,"FUN_0040fb20 FUN_0043b140 FUN_00456270 FUN_00460d80"
00460f90,FUN_00460f90,16,0,"FUN_00457170"
00460fa0,FUN_00460fa0,16,0,"FUN_004556d0"
00460fb0,FUN_00460fb0,64,0,"FUN_00455700 FUN_00456290 FUN_00460dc0 FUN_00460eb0"
00460ff0,FUN_00460ff0,15,0,"FUN_004569f0"
00461000,FUN_00461000,16,0,"FUN_00456a10"
00461010,FUN_00461010,18,0,"FUN_00456b50"
00461030,FUN_00461030,66,0,""
00461080,FUN_00461080,19,0,"FUN_004383d0 FUN_0048ca10"
00461093,FUN_00461093,8,0,"FUN_004610d0"
004610a0,`scalar_deleting_destructor',36,2,"FUN_0046338c"
004610d0,FUN_004610d0,133,0,"FUN_0046338c thunk_FUN_0043d710"
00461160,`scalar_deleting_destructor',36,2,"FUN_0046338c"
00461190,FUN_00461190,15,0,"FUN_0040fb20 FUN_004493e0"
004611a0,FUN_004611a0,153,0,"FUN_0040fb20 FUN_0043b070 FUN_004969c0 FUN_00497ae0"
00461240,FUN_00461240,12,0,""
00461250,FUN_00461250,12,0,""
00461260,FUN_00461260,180,0,"FUN_004383d0 FUN_00438a40 FUN_00438b00 FUN_0048c940 FUN_0048ca10 FUN_0048cb50"
00461320,FUN_00461320,22,0,"FUN_00498690"
00461340,FUN_00461340,73,0,"FUN_0040fb20 FUN_004987f0"
00461390,FUN_00461390,440,0,"FUN_004383d0 FUN_004387b0 FUN_00438950 FUN_00438b00 FUN_00451810 FUN_004597e0 FUN_00461af0 FUN_00461b90 FUN_00461c60"
00461550,FUN_00461550,12,0,""
00461560,FUN_00461560,168,0,"FUN_0040fb20 FUN_00499260"
00461610,FUN_00461610,268,0,"FUN_00436070"
00461720,FUN_00461720,446,0,"FUN_0040fb20 FUN_00433a30 FUN_00435d40 FUN_004383d0 FUN_00438a40 FUN_00438b00 FUN_00438d80 FUN_0043b040 FUN_0043b140 FUN_00461610"
004618e0,FUN_004618e0,450,0,"FUN_0040fb20 FUN_00433a30 FUN_00435d40 FUN_004383d0 FUN_00438a40 FUN_00438b00 FUN_00439e70 FUN_0043b040 FUN_0043b140 FUN_00461610"
00461ab0,FUN_00461ab0,34,0,"FUN_0043b070 FUN_004537d0"
00461ae0,FUN_00461ae0,16,0,""
00461af0,FUN_00461af0,149,0,"FUN_00458e30"
00461b90,FUN_00461b90,33,0,"FUN_00433be0 FUN_004383d0"
00461bc0,FUN_00461bc0,59,0,"FUN_00433be0 FUN_004383d0 FUN_0046338c"
00461c00,FUN_00461c00,4,0,""
00461c10,FUN_00461c10,4,0,""
00461c20,FUN_00461c20,4,0,""
00461c30,FUN_00461c30,4,0,""
00461c40,FUN_00461c40,13,0,""
00461c50,FUN_00461c50,4,0,""
00461c60,FUN_00461c60,105,0,"FUN_00433be0 FUN_00458e30"
00461cd0,FUN_00461cd0,1548,0,"FUN_00433be0 FUN_00436b80 FUN_00436c50 FUN_00436e70 FUN_00436f50 FUN_004371b0 FUN_004374e0 FUN_004377b0 FUN_00437840 FUN_004383e0 FUN_00454420 FUN_00458e30"
004622e0,FUN_004622e0,16,0,""
004622f0,FUN_004622f0,28,0,""
0046230c,FUN_0046230c,17,0,"FUN_0046233b"
0046231d,FUN_0046231d,30,0,"ReleaseSRWLockExclusive"
0046233b,FUN_0046233b,300,0,"AcquireSRWLockExclusive FUN_00462e1a GetCurrentThreadId TryAcquireSRWLockExclusive __security_check_cookie"
00462467,FUN_00462467,113,0,"FUN_00405ff0 FUN_00406000 FUN_00406040 FUN_004626e7 FUN_00464df0"
004624d9,FUN_004624d9,207,0,"FUN_00405ff0 FUN_00406000 FUN_00406040 FUN_004626e7 FUN_0046279b FUN_00464df0 _Deallocate<8,0>"
004625a9,FUN_004625a9,54,0,"FUN_00462467"
004625df,FUN_004625df,108,0,"FUN_00405db0 FUN_00406540 FUN_004625a9 FUN_00462701 __security_check_cookie"
0046264b,FUN_0046264b,77,0,"FUN_00406180 FUN_00406540 FUN_004625df FUN_004638e2 __EH_prolog3_GS"
00462698,FUN_00462698,79,0,"guard_check_icall"
004626e7,FUN_004626e7,26,0,"FUN_00462698"
00462701,FUN_00462701,115,0,"FUN_00405e00 FUN_004064e0 FUN_00406540 FUN_00462817 FUN_004638e2 __EH_prolog3_GS"
00462774,FUN_00462774,39,0,"FUN_00462698"
0046279b,FUN_0046279b,26,0,"FUN_00462698"
004627b5,FUN_004627b5,45,0,"FUN_004627e2"
004627e2,FUN_004627e2,52,0,"FUN_00406280 FUN_0046264b __CxxThrowException@8"
00462817,FUN_00462817,100,0,"FUN_004624d9 FUN_00462774 FUN_00464df0"
0046287b,FUN_0046287b,29,0,"FUN_0046338c"
00462898,do_allocate,36,3,"operator_new operator_new"
004628bc,do_deallocate,45,4,"FUN_0046338c operator_delete"
004628e9,FUN_004628e9,13,0,""
004628f6,FUN_004628f6,16,0,""
00462906,FUN_00462906,24,0,""
0046291e,FUN_0046291e,24,0,""
00462936,FUN_00462936,27,0,"FUN_00401ed0"
00462951,FUN_00462951,31,0,"FUN_00405d70"
00462970,FUN_00462970,27,0,"FUN_00401ed0"
0046298b,FUN_0046298b,27,0,"FUN_00401ed0"
004629a6,FUN_004629a6,31,0,"FUN_00405d70"
004629c5,FUN_004629c5,45,0,"FUN_0046338c ___std_exception_destroy"
004629f2,FUN_004629f2,31,0,"FUN_00462951 __CxxThrowException@8"
00462a12,FUN_00462a12,31,0,"FUN_004629a6 __CxxThrowException@8"
00462a32,FUN_00462a32,24,0,"CloseHandle"
00462a4a,GetCurrentThreadId,6,0,""
00462a50,FUN_00462a50,79,0,"CloseHandle GetExitCodeThread WaitForSingleObjectEx"
00462a9f,___std_fs_code_page@0,29,0,"AreFileApisANSI ____lc_codepage_func"
00462abc,___std_fs_convert_narrow_to_wide@20,52,0,"GetLastError MultiByteToWideChar"
00462af0,___std_fs_convert_wide_to_narrow@20,179,0,"GetLastError WideCharToMultiByte"
00462ba3,_Syserror_map,37,1,""
00462bc8,_Winerror_map,34,1,""
00462bea,___std_get_string_size_without_trailing_whitespace@8,36,0,""
00462c0e,FUN_00462c0e,78,0,"FormatMessageA GetLocaleInfoEx ___std_get_string_size_without_trailing_whitespace@8"
00462c5c,LocalFree,6,1,""
00462c70,FUN_00462c70,210,0,""
00462d42,FUN_00462d42,23,0,"FUN_00401810"
00462d59,FUN_00462d59,188,0,"FUN_00401810 FUN_0046231d FUN_00462e7f GetCurrentThreadId"
00462e1a,FUN_00462e1a,62,0,"__Xtime_get_ticks __aulldiv __aullrem"
00462e58,__Xtime_get_ticks,39,0,"FUN_00462ed8"
00462e7f,FUN_00462e7f,20,0,"WakeAllConditionVariable"
00462ed8,FUN_00462ed8,80,0,"GetSystemTimeAsFileTime guard_check_icall"
00462f2d,__security_check_cookie,14,1,"FUN_004631b4"
00462f3b,find_pe_section,68,2,""
00462f7f,___scrt_acquire_startup_lock,50,0,"___scrt_is_ucrt_dll_in_use"
00462fb1,___scrt_initialize_crt,57,0,"FUN_004639d6 ___acrt_initialize ___vcrt_initialize ___vcrt_uninitialize"
00462fea,___scrt_initialize_onexit_tables,134,0,"FUN_00463e05 ___scrt_is_ucrt_dll_in_use __initialize_onexit_table"
00463071,___scrt_is_nonwritable_in_current_image,126,0,"__SEH_prolog4 find_pe_section"
00463105,___scrt_release_startup_lock,29,0,"___scrt_is_ucrt_dll_in_use"
00463122,___scrt_uninitialize_crt,40,0,"___acrt_uninitialize ___vcrt_uninitialize"
0046314a,__onexit,45,1,"__crt_atexit __register_onexit_function"
00463177,_atexit,21,1,"__onexit"
0046318c,FUN_0046318c,40,0,"GetCurrentProcess SetUnhandledExceptionFilter TerminateProcess UnhandledExceptionFilter"
004631b4,FUN_004631b4,251,0,"FUN_0046318c IsProcessorFeaturePresent"
004632af,FUN_004632af,13,0,"FUN_004632bc"
004632bc,FUN_004632bc,208,0,"FUN_0046318c IsProcessorFeaturePresent"
0046338c,FUN_0046338c,14,0,"thunk_FUN_0047a4db"
0046339a,FUN_0046339a,35,0,"FUN_0046338c"
004633bd,operator_new,48,1,"FUN_00464045 FUN_0047a4d0 __callnewh"
004633ed,thunk_FUN_0047a4db,5,0,""
004633f2,FUN_004633f2,9,0,"operator_new"
004633fb,thunk_FUN_0047a4db,5,0,""
00463400,`eh_vector_constructor_iterator',90,5,"FUN_00463460 __SEH_prolog4 guard_check_icall"
00463460,FUN_00463460,20,0,"__ArrayUnwind"
00463474,`eh_vector_destructor_iterator',105,4,"FUN_004634e9 __SEH_prolog4 guard_check_icall"
004634e9,FUN_004634e9,16,0,"__ArrayUnwind"
004634f9,__ArrayUnwind,76,4,"__SEH_prolog4 guard_check_icall"
00463589,FUN_00463589,14,0,"thunk_FUN_0047a4db"
00463597,FUN_00463597,43,0,"AcquireSRWLockExclusive ReleaseSRWLockExclusive WakeAllConditionVariable"
004635c2,FUN_004635c2,81,0,"AcquireSRWLockExclusive ReleaseSRWLockExclusive WakeAllConditionVariable"
00463613,FUN_00463613,79,0,"AcquireSRWLockExclusive FUN_00463662 ReleaseSRWLockExclusive"
00463662,FUN_00463662,21,0,"SleepConditionVariableSRW"
0046373c,FUN_0046373c,326,0,"FUN_00463e05 FUN_00463f50 FUN_0046414a FUN_00464150 FUN_0047c6a4 FUN_0047c6b3 FUN_0047c6ef FUN_0047d52b FUN_004b6e50 __SEH_prolog4 ___scrt_acquire_startup_lock ___scrt_get_show_window_mode ___scrt_initialize_crt ___scrt_is_nonwritable_in_current_image ___scrt_release_startup_lock ___scrt_uninitialize_crt __get_narrow_winmain_command_line __initterm_e __register_thread_local_exe_atexit_callback guard_check_icall"
004638b8,entry,10,0,"FUN_0046373c ___security_init_cookie"
004638c2,FUN_004638c2,12,0,"InitializeSListHead"
004638ce,__EH_epilog3,20,0,""
004638e2,FUN_004638e2,15,0,"__EH_epilog3 __security_check_cookie"
004638f1,__EH_prolog3,51,0,""
00463924,__EH_prolog3_GS,54,0,""
0046395a,__EH_prolog3_catch,54,0,""
00463990,operator_new,52,2,"FUN_00464045 __aligned_malloc __callnewh"
004639c4,operator_delete,18,3,"operator_delete"
004639d6,FUN_004639d6,813,0,"IsProcessorFeaturePresent"
00463d10,__aulldiv,104,0,""
00463d80,__aullrem,117,0,""
00463df5,FUN_00463df5,4,0,""
00463df9,___scrt_is_ucrt_dll_in_use,12,0,""
00463e05,FUN_00463e05,277,0,"FUN_00463ff4 IsDebuggerPresent IsProcessorFeaturePresent SetUnhandledExceptionFilter UnhandledExceptionFilter _memset"
00463f1a,___scrt_get_show_window_mode,49,0,"GetStartupInfoW _memset"
00463f4b,thunk_FUN_00409900,5,0,""
00463f50,FUN_00463f50,66,0,"GetModuleHandleW"
00463f92,FUN_00463f92,12,0,"SetUnhandledExceptionFilter"
00463f9e,FUN_00463f9e,85,0,"FUN_00464715 FUN_0046471e FUN_0047a20e"
00463ff4,FUN_00463ff4,8,0,""
00464000,__SEH_prolog4,69,0,""
00464045,FUN_00464045,28,0,"FUN_0046291e __CxxThrowException@8"
00464062,___get_entropy,77,0,"GetCurrentProcessId GetCurrentThreadId GetSystemTimeAsFileTime QueryPerformanceCounter"
004640af,___security_init_cookie,75,0,"___get_entropy"
004640fa,FUN_004640fa,6,0,""
00464100,FUN_00464100,32,0,"FUN_00463e05 __controlfp_s"
00464121,FUN_00464121,29,0,"FUN_00401f50 FUN_00402220"
0046413e,FUN_0046413e,12,0,""
0046414a,FUN_0046414a,6,0,""
00464150,FUN_00464150,6,0,""
00464156,FUN_00464156,44,0,"guard_check_icall"
00464182,FUN_00464182,44,0,"guard_check_icall"
004641ae,operator_delete,14,2,"__aligned_free"
004641bc,FUN_004641bc,110,0,"FUN_0047c1d1"
0046422b,FUN_0046422b,93,0,"__CallSettingFrame@12"
00464288,FUN_00464288,240,0,"___vcrt_getptd __filter_x86_sse2_floating_point_exception_default guard_check_icall"
00464378,_JumpToContinuation,43,2,""
004643a8,_UnwindNestedFrames,84,2,"RtlUnwind"
004643fc,FUN_004643fc,49,0,"FUN_004662ea __security_check_cookie"
0046442d,__CreateFrameInfo,36,0,"___vcrt_getptd"
00464451,FUN_00464451,71,0,"FUN_0047c1d1 ___vcrt_getptd"
00464499,FID_conflict:TranslatorGuardHandler,154,0,"FUN_00464288 FUN_004662ea _UnwindNestedFrames __security_check_cookie"
00464538,FID_conflict:___CxxFrameHandler3,54,0,"FUN_004662ea"
0046456e,___DestructExceptionObject,142,0,"_CallMemberFunction0 __SEH_prolog4 guard_check_icall"
0046460f,_CallMemberFunction0,13,2,""
0046461c,FUN_0046461c,87,0,"FUN_0047a20e ___vcrt_getptd"
00464674,__IsExceptionObjectToBeDestroyed,38,0,"___vcrt_getptd"
0046469a,___AdjustPointer,37,0,""
004646bf,FUN_004646bf,85,0,"FUN_0047a20e ___vcrt_getptd"
00464715,FUN_00464715,9,0,"___vcrt_getptd"
0046471e,FUN_0046471e,9,0,"___vcrt_getptd"
00464727,Unwind@00464727,5,0,""
0046472c,___std_exception_copy,99,0,"FUN_0046d433 FUN_0047a4d0 FUN_0047a4db"
0046478f,___std_exception_destroy,31,0,"FUN_0047a4db"
004647ae,FUN_004647ae,163,0,""
00464851,FUN_00464851,608,0,""
00464ac0,FUN_00464ac0,311,0,""
00464c00,FUN_00464c00,299,0,""
00464d2b,FUN_00464d2b,7,0,""
00464d32,FUN_00464d32,27,0,"FUN_00464d2b FUN_0047c1d1 guard_check_icall"
00464d4e,FUN_00464d4e,161,0,""
00464df0,FUN_00464df0,1330,0,""
00465370,_memset,346,3,""
004654ca,FUN_004654ca,27,0,"FUN_00401ed0"
004654e5,FUN_004654e5,27,0,"FUN_00401ed0"
00465500,construct_from_string_literal,28,0,""
0046551c,construct_from_string_literal,28,0,""
00465538,FUN_00465538,111,0,"__CxxThrowException@8 __SEH_prolog4 construct_from_string_literal construct_from_string_literal"
004655c5,FUN_004655c5,9,0,"FUN_0047a4d0"
004655ce,___std_type_info_compare,60,0,""
0046560a,___std_type_info_name,198,0,"FUN_0046d433 FUN_0047a4d0 FUN_0047a4db InterlockedPushEntrySList ___unDName"
004656d0,__CxxThrowException@8,108,0,"RaiseException guard_check_icall"
00465740,___vcrt_initialize,31,0,"___vcrt_initialize_locks ___vcrt_initialize_ptd ___vcrt_uninitialize_locks"
0046575f,___vcrt_uninitialize,23,0,"___vcrt_uninitialize_locks ___vcrt_uninitialize_ptd"
00465780,_ValidateLocalCookies,50,0,"__security_check_cookie"
004657c0,__except_handler4,350,0,"_EH4_CallFilterFunc _EH4_GlobalUnwind2 _EH4_LocalUnwind _EH4_TransferToHandler _ValidateLocalCookies __IsNonwritableInCurrentImage ___DestructExceptionObject ___except_validate_context_record __filter_x86_sse2_floating_point_exception_default guard_check_icall"
0046591e,FUN_0046591e,28,0,"FUN_0047a4db"
0046593a,___vcrt_getptd,14,0,"___vcrt_getptd_noexit"
00465948,___vcrt_getptd_noexit,146,0,"FUN_0047a4db FUN_0047c1c6 GetLastError SetLastError ___vcrt_FlsGetValue ___vcrt_FlsSetValue"
004659da,___vcrt_initialize_ptd,51,0,"___vcrt_FlsAlloc ___vcrt_FlsSetValue ___vcrt_uninitialize_ptd"
00465a0d,___vcrt_uninitialize_ptd,27,0,"___vcrt_FlsFree"
00465a28,FUN_00465a28,308,0,"FUN_00464df0 FUN_0047c1d1 __SEH_prolog4 ___AdjustPointer guard_check_icall"
00465b66,BuildCatchObjectInternal<__FrameHandler3>,140,4,"FUN_00465a28 _CallMemberFunction1 _CallMemberFunction2 __SEH_prolog4 ___AdjustPointer"
00465bff,CatchIt<__FrameHandler3>,128,12,"BuildCatchObjectInternal<__FrameHandler3> FUN_00466345 FUN_004665b5 SetState _JumpToContinuation _UnwindNestedFrames"
00465c7f,FUN_00465c7f,932,0,"CatchIt<__FrameHandler3> FID_conflict:___TypeMatch FUN_004641bc FUN_00466024 FUN_0046630e FUN_00466514 FUN_0046669d FUN_0046675a FUN_0047a20e FUN_0047c1d1 FrameUnwindToEmptyState GetCurrentState _UnwindNestedFrames __CxxThrowException@8 ___DestructExceptionObject ___vcrt_getptd operator=="
00466024,FUN_00466024,309,0,"CatchIt<__FrameHandler3> EncodePointer FUN_004641bc FUN_00464288 FUN_0047c1d1 ___vcrt_getptd"
0046615a,FID_conflict:___TypeMatch,142,0,""
004661e8,__InternalCxxFrameHandler<__FrameHandler3>,258,8,"FUN_00465c7f FrameUnwindToEmptyState ___except_validate_context_record ___vcrt_getptd guard_check_icall"
004662ea,FUN_004662ea,9,0,"__InternalCxxFrameHandler<__FrameHandler3>"
004662f3,FUN_004662f3,27,0,"FUN_00401ed0"
0046630e,FUN_0046630e,24,0,""
00466326,operator==,31,2,"___std_type_info_compare"
00466345,FUN_00466345,176,0,"FUN_0046422b FUN_00466499 __CreateFrameInfo __SEH_prolog4 ___vcrt_getptd"
00466499,FUN_00466499,123,0,"FUN_00464451 __IsExceptionObjectToBeDestroyed ___DestructExceptionObject ___vcrt_getptd"
00466514,FUN_00466514,37,0,"FUN_0046d3b8 FUN_0047c1d1 __EH_prolog3_catch ___vcrt_getptd"
00466534,Catch_All@00466534,20,0,"__CxxThrowException@8 ___vcrt_getptd"
00466553,ExFilterRethrow,74,1,"___vcrt_getptd"
0046659d,FrameUnwindToEmptyState,24,3,"FUN_004665b5"
004665b5,FUN_004665b5,195,0,"FUN_00466683 FUN_0047c1d1 GetCurrentState SetState __CallSettingFrame@12 __SEH_prolog4 ___vcrt_getptd"
00466683,FUN_00466683,20,0,"___vcrt_getptd"
0046669d,FUN_0046669d,153,0,"FID_conflict:___TypeMatch FUN_0047c1d1"
00466737,_CallMemberFunction1,16,3,""
00466747,_CallMemberFunction2,19,4,""
0046675a,FUN_0046675a,11,0,""
00466770,__CallSettingFrame@12,76,0,"FUN_0046d400"
004667bc,___except_validate_context_record,48,0,""
004667ec,DName<>,51,0,"FUN_004668d3"
0046681f,DName<>,51,0,"FUN_0046693f"
00466852,pcharNode<>,64,0,"getMemoryWithBuffer und_memcpy"
00466892,append<DNameStatusNode>,65,2,"getMemoryWithBuffer"
004668d3,FUN_004668d3,108,0,"getMemoryWithBuffer"
0046693f,FUN_0046693f,113,0,"getMemoryWithBuffer pcharNode<>"
004669b0,FUN_004669b0,96,0,"DName<> FUN_00401ac0 _snprintf getMemoryWithBuffer"
00466a10,FUN_00466a10,92,0,"DName<> FUN_00401ac0 _snprintf getMemoryWithBuffer"
00466a6c,FUN_00466a6c,137,0,"FUN_004668d3"
00466af5,DName,39,2,"FUN_004668d3"
00466b1c,DName,71,2,"getMemoryWithBuffer pDNameNode"
00466b63,DName,64,2,"make"
00466ba3,FUN_00466ba3,138,0,"FUN_0046693f __aulldvrm __security_check_cookie"
00466c2d,FUN_00466c2d,100,0,"FUN_0046693f __aulldvrm __security_check_cookie"
00466c91,FUN_00466c91,9,0,""
00466c9a,FUN_00466c9a,100,0,""
00466cfe,pDNameNode,40,2,""
00466d26,pairNode,31,0,""
00466d45,FUN_00466d45,7,0,""
00466d4c,operator_new,31,3,"getMemoryWithBuffer getMemoryWithoutBuffer"
00466d6b,operator=,33,2,"FUN_004668d3"
00466d8c,operator=,50,2,"make"
00466dbe,operator[],60,2,"DName"
00466dfa,operator+,34,2,"DName operator+"
00466e1c,operator+,43,2,"doPchar operator+"
00466e47,operator+,34,0,"DName operator+"
00466e69,operator+,34,2,"operator+="
00466e8b,operator+,34,2,"operator+="
00466ead,operator+,34,2,"operator+="
00466ecf,operator+,34,2,"operator+="
00466ef1,operator+=,88,2,"append<DNameStatusNode> getMemoryWithBuffer operator="
00466f49,operator+=,87,2,"append<DNameStatusNode> operator+= operator="
00466fa0,operator+=,85,2,"append<DNameStatusNode> doPchar getMemoryWithBuffer"
00466ff5,operator+=,64,2,"append<DNameStatusNode> make operator="
00467035,FUN_00467035,64,0,"getMemoryWithBuffer"
00467075,FUN_00467075,31,0,""
00467094,FUN_00467094,53,0,"guard_check_icall"
004670c9,UScore,39,1,""
004670f0,FUN_004670f0,3462,0,"DName DName FUN_00467075 FUN_00468023 FUN_004683da FUN_004689e5 FUN_004694c7 FUN_004695ce FUN_0046a161 FUN_0046b051 FUN_0046c19a FUN_0046c1b9 FUN_0046c6bd FUN_0046c8e4 getExternalDataType getMemoryWithBuffer getReturnType getThisType getVdispMapType operator+ operator+ operator+ operator+ operator+ operator+= operator+= operator+="
00467e76,doPchar,56,2,"getMemoryWithBuffer"
00467eae,FUN_00467eae,104,0,"DName FUN_0046bc92 doPchar operator+="
00467f16,getArgumentList,269,0,"FUN_00467035 FUN_0046ab85 append<DNameStatusNode> operator+= operator+= operator= operator[]"
00468023,FUN_00468023,264,0,"DName DName getArgumentList operator+"
0046812b,FUN_0046812b,116,0,"DName FUN_0046bc92 operator+= operator+="
0046819f,FUN_0046819f,158,0,"DName FUN_0046bc92 FUN_0046c05a operator+ operator+= operator+="
0046823d,FUN_0046823d,413,0,"FUN_00468489 FUN_004694c7 FUN_0046a1a9 FUN_0046ab85 doPchar operator+ operator+ operator+ operator+ operator+ operator+= operator+="
004683da,FUN_004683da,175,0,"DName DName FUN_0046b557 FUN_0046cc51 UScore operator+= operator+= operator+="
00468489,FUN_00468489,1271,0,"DName FUN_00468489 FUN_0046961f FUN_0046ab85 FUN_0046af40 FUN_0046cc51 operator+ operator+ operator+ operator+ operator+= operator+= operator= operator="
004689e5,FUN_004689e5,202,0,"DName UScore operator="
00468aaf,FUN_00468aaf,1727,0,"DName DName FUN_00467075 FUN_004683da FUN_004698dd FUN_0046b199 FUN_0046cc51 UScore append<DNameStatusNode> doPchar operator+ operator+ operator+ operator+ operator+ operator+= operator+= operator+= operator= operator="
0046916e,getDataIndirectType,46,0,"FUN_00468aaf"
0046919c,getDataType,215,1,"DName DName DName FUN_00468aaf FUN_0046ab85 operator+"
00469273,FUN_00469273,596,0,"DName FUN_004670f0 FUN_00469273 FUN_0046b199 __EH_epilog3 __EH_prolog3 getDataType getSymbolName operator+ operator+= operator+="
004694c7,FUN_004694c7,263,0,"DName DName FUN_00466ba3 FUN_00466c2d FUN_0046c707 operator+"
004695ce,FUN_004695ce,81,0,"DName"
0046961f,FUN_0046961f,426,0,"DName DName FUN_004697c9 FUN_0046b557 FUN_0046cc51 operator+ operator+ operator+= operator="
004697c9,FUN_004697c9,243,0,"DName DName operator+ operator="
004698dd,FUN_004698dd,515,0,"DName FUN_00466c2d UScore append<DNameStatusNode> doPchar operator+ operator+ operator+= operator="
00469ae0,getExternalDataType,101,1,"getDataIndirectType getDataType getMemoryWithBuffer operator+ operator+"
00469b45,FUN_00469b45,195,0,"DName FUN_004669b0 FUN_00466a10 FUN_00466c2d FUN_0046c707"
00469c08,FUN_00469c08,938,0,"DName DName FUN_00467075 FUN_00468023 FUN_004683da FUN_004689e5 FUN_0046a161 FUN_0046b051 FUN_0046b199 FUN_0046c19a getMemoryWithBuffer getReturnType getThisType operator+ operator+ operator+ operator+ operator+="
00469fd2,FUN_00469fd2,12,0,""
00469fde,FUN_00469fde,46,0,"guard_check_icall"
00469fef,getLastChar,53,1,"guard_check_icall"
0046a024,FUN_0046a024,18,0,""
0046a036,getLexicalFrame,49,0,"FUN_004694c7 operator+ operator+"
0046a067,FUN_0046a067,112,0,"DName FUN_0046bc92 FUN_0046ca38 operator+= operator+="
0046a0d7,getMemoryWithBuffer,106,2,"operator_new"
0046a141,getMemoryWithoutBuffer,32,2,"guard_check_icall"
0046a161,FUN_0046a161,72,0,"DName"
0046a1a9,FUN_0046a1a9,90,0,""
0046a203,FUN_0046a203,2128,0,"DName DName FUN_00466c91 FUN_00469273 FUN_004694c7 FUN_0046a203 FUN_0046b7f3 FUN_0046b964 FUN_0046c757 FUN_0046ca38 FUN_0046cc51 FUN_0046cc8d FUN_0046cc95 append<DNameStatusNode> getDataType getMemoryWithBuffer getSignedDimension getSymbolName guard_check_icall make operator+ operator+ operator+ operator+ operator+= operator+= operator+= operator= operator= operator_new pairNode"
0046aac9,FUN_0046aac9,188,0,"DName FUN_0046b199 FUN_0046ca38 doPchar operator+= operator+="
0046ab85,FUN_0046ab85,590,0,"DName DName FUN_00468489 FUN_00468aaf FUN_00469c08 FUN_0046af40 FUN_0046b557 getPtrRefDataType operator+ operator+ operator="
0046add3,getPtrRefDataType,365,2,"DName FUN_0046823d FUN_00468489 operator+ operator+ operator+"
0046af40,FUN_0046af40,273,0,"DName DName FUN_00468aaf FUN_00469c08 getPtrRefDataType operator+= operator+= operator+="
0046b051,FUN_0046b051,281,0,"DName UScore operator+= operator+="
0046b16a,getReturnType,47,1,"DName getDataType"
0046b199,FUN_0046b199,958,0,"DName DName FUN_00466a6c FUN_00467035 FUN_00469273 FUN_0046a203 FUN_0046ca38 getLexicalFrame operator+ operator+ operator+ operator+ operator+= operator="
0046b557,FUN_0046b557,245,0,"DName FUN_0046b199 FUN_0046ca38 operator+ operator+ operator="
0046b64c,getSignedDimension,81,0,"DName FUN_004694c7 operator+"
0046b69d,getString,45,3,"guard_check_icall"
0046b6ca,getString,85,3,"getMemoryWithBuffer getString length"
0046b71f,FUN_0046b71f,71,0,""
0046b766,FUN_0046b766,21,0,""
0046b77b,getString,23,3,"getString"
0046b792,getString,70,3,"guard_check_icall"
0046b7d8,getString,27,3,"getStringHelper"
0046b7f3,FUN_0046b7f3,147,0,"DName DName FUN_004694c7 FUN_0046cc51 FUN_0046cc65"
0046b886,getStringHelper,42,4,"und_memcpy"
0046b8b0,FUN_0046b8b0,108,0,"DName FUN_0046b7f3 _strncmp"
0046b91c,getSymbolName,72,0,"FUN_0046a203 FUN_0046bb14 FUN_0046ca38"
0046b964,FUN_0046b964,432,0,"DName FUN_0046bc92 FUN_0046c05a getMemoryWithBuffer operator+= operator+= operator+= operator[]"
0046bb14,FUN_0046bb14,379,0,"DName FUN_0046a203 FUN_0046b964 FUN_0046ca38 guard_check_icall operator+= operator+="
0046bc92,FUN_0046bc92,920,0,"DName DName DName<> FUN_00401ac0 FUN_00467eae FUN_0046812b FUN_00469273 FUN_004694c7 FUN_00469b45 FUN_0046a067 FUN_0046aac9 FUN_0046b8b0 FUN_0046bc92 FUN_0046c05a FUN_0046c616 FUN_0046c757 FUN_0046cc51 FUN_0047ba13 __security_check_cookie doPchar getSignedDimension getString guard_check_icall operator+ operator+ operator+= operator+="
0046c05a,FUN_0046c05a,273,0,"DName DName<> FUN_0046ab85 FUN_0047ba13 __security_check_cookie getSignedDimension getString guard_check_icall operator+ operator+"
0046c16b,getThisType,47,0,"FUN_00468aaf"
0046c19a,FUN_0046c19a,31,0,""
0046c1b9,FUN_0046c1b9,792,0,"FUN_0046c1b9 FUN_0046cc65"
0046c4f5,FUN_0046c4f5,289,0,"DName<> FUN_0046cd31 getMemoryWithBuffer getMemoryWithoutBuffer guard_check_icall"
0046c616,FUN_0046c616,167,0,"DName FUN_0046bc92 FUN_0046c05a FUN_0046ca38 operator+ operator+= operator+="
0046c6bd,FUN_0046c6bd,74,0,"DName DName"
0046c707,FUN_0046c707,80,0,""
0046c757,FUN_0046c757,300,0,"DName FUN_0046819f FUN_0046b8b0 FUN_0046bc92 FUN_0046c05a FUN_0046c616 FUN_0046c757 operator+= operator+="
0046c883,getVdispMapType,97,1,"FUN_0046b199 operator+= operator+= operator+="
0046c8e4,FUN_0046c8e4,340,0,"DName FUN_0046b199 getDataIndirectType operator+ operator+ operator+ operator+= operator+= operator+= operator+="
0046ca38,FUN_0046ca38,537,0,"DName DName<> FUN_00466a6c FUN_0046bb14 FUN_0047ba13 __security_check_cookie getMemoryWithBuffer getSignedDimension getString guard_check_icall operator+ operator+ operator= operator[] und_strncmp"
0046cc51,FUN_0046cc51,20,0,""
0046cc65,FUN_0046cc65,40,0,""
0046cc8d,FUN_0046cc8d,8,0,""
0046cc95,FUN_0046cc95,10,0,""
0046cc9f,length,31,1,"guard_check_icall"
0046ccbe,FUN_0046ccbe,14,0,""
0046cccc,length,73,1,"guard_check_icall"
0046cd15,make,28,1,""
0046cd31,FUN_0046cd31,251,0,"DName FUN_00469273 FUN_0046bb14 operator+"
0046ce2c,FUN_0046ce2c,4,0,""
0046ce30,und_memcpy,33,3,""
0046ce51,und_strncmp,49,3,""
0046ce82,___unDName,35,0,"___unDNameEx"
0046cea5,___unDNameEx,146,0,"FUN_00466c9a FUN_00467094 FUN_0046c4f5 FUN_0046cf3c __SEH_prolog4 ___vcrt_lock"
0046cf3c,FUN_0046cf3c,8,0,"FUN_0046d011"
0046cf44,_snprintf,26,3,"_vsnprintf"
0046cf5e,_vsnprintf,48,4,"FUN_00401f50 FUN_00472bb6"
0046cf8e,___vcrt_initialize_locks,60,0,"___vcrt_InitializeCriticalSectionEx ___vcrt_uninitialize_locks"
0046cfca,___vcrt_lock,21,0,"EnterCriticalSection"
0046cfe2,___vcrt_uninitialize_locks,47,0,"DeleteCriticalSection"
0046d011,FUN_0046d011,21,0,"LeaveCriticalSection"
0046d030,FUN_0046d030,159,0,"FUN_0046d430 __NLG_Notify"
0046d120,_EH4_CallFilterFunc,23,0,""
0046d140,_EH4_TransferToHandler,25,0,"__NLG_Notify"
0046d160,_EH4_GlobalUnwind2,26,0,"RtlUnwind"
0046d180,_EH4_LocalUnwind,23,0,"FUN_0046d030"
0046d197,FUN_0046d197,160,0,"FreeLibrary GetProcAddress try_load_library_from_system_directory"
0046d237,try_load_library_from_system_directory,75,1,"GetLastError LoadLibraryExW _wcsncmp"
0046d282,___vcrt_FlsAlloc,59,0,"FUN_0046d197 guard_check_icall"
0046d2bd,___vcrt_FlsFree,59,0,"FUN_0046d197 TlsFree guard_check_icall"
0046d2f8,___vcrt_FlsGetValue,59,0,"FUN_0046d197 TlsGetValue guard_check_icall"
0046d333,___vcrt_FlsSetValue,62,0,"FUN_0046d197 TlsSetValue guard_check_icall"
0046d371,___vcrt_InitializeCriticalSectionEx,71,0,"FUN_0046d197 InitializeCriticalSectionAndSpinCount guard_check_icall"
0046d3b8,FUN_0046d3b8,28,0,"FUN_0047a20e ___vcrt_getptd guard_check_icall"
0046d3d5,GetCurrentState,29,3,""
0046d3f2,SetState,14,3,""
0046d400,FUN_0046d400,12,0,""
0046d410,__NLG_Notify,31,1,""
0046d430,FUN_0046d430,3,0,""
0046d433,FUN_0046d433,90,0,"FUN_0047a46f FUN_0047d87a"
0046d48d,FUN_0046d48d,81,0,"FUN_0047dce5 ___acrt_fenv_expand_round_control ___acrt_fenv_get_control fegetround"
0046d4de,FUN_0046d4de,107,0,"FUN_0047a46f FUN_0047d87a"
0046d549,FUN_0046d549,120,0,"FUN_0047a46f FUN_0047d87a"
0046d5c1,FUN_0046d5c1,11,0,"FUN_0046d549"
0046d5cc,FUN_0046d5cc,198,0,"FID_conflict:operator() FUN_0047d87a GetLastError ___acrt_WideCharToMultiByte ___acrt_errno_map_os_error _deallocate allocate"
0046d692,FUN_0046d692,159,0,"FUN_0046d731 FUN_0046d74e FUN_0047df88 __acrt_get_utf8_acp_compatibility_codepage __security_check_cookie"
0046d731,FUN_0046d731,29,0,"FUN_0046d5cc"
0046d74e,FUN_0046d74e,86,0,"FUN_0047d87a GetCurrentDirectoryW GetLastError ___acrt_errno_map_os_error allocate"
0046d7a4,FUN_0046d7a4,225,0,"FUN_0046d692 FUN_0047a46f FUN_0047d867 FUN_0047d87a FUN_0047df88 GetLastError ___acrt_SetCurrentDirectoryA ___acrt_errno_map_os_error __security_check_cookie set_cwd_environment_variable<char>"
0046d885,FUN_0046d885,230,0,"FUN_0046d74e FUN_0047a46f FUN_0047d867 FUN_0047d87a FUN_0047df88 GetLastError SetCurrentDirectoryW ___acrt_errno_map_os_error __security_check_cookie set_cwd_environment_variable<wchar_t>"
0046d96b,set_cwd_environment_variable<char>,87,1,"GetLastError ___acrt_SetEnvironmentVariableA ___acrt_errno_map_os_error _toupper"
0046d9c2,set_cwd_environment_variable<wchar_t>,126,1,"GetLastError SetEnvironmentVariableW ___acrt_errno_map_os_error __security_check_cookie _toupper"
0046da40,FUN_0046da40,130,0,"FUN_0047e4ef FUN_0047ee85 ___acrt_update_locale_info"
0046dac2,FID_conflict:operator(),36,0,"___acrt_WideCharToMultiByte"
0046dae6,__acrt_get_utf8_acp_compatibility_codepage,63,0,"FUN_0046da40 ___acrt_AreFileApisANSI@0"
0046db25,_deallocate,26,1,"FUN_0047df88"
0046db3f,allocate,60,0,"_deallocate allocate"
0046db7b,allocate,63,2,"_deallocate allocate"
0046dbba,allocate,31,3,"__malloc_base"
0046dbd9,FUN_0046dbd9,11,0,"FUN_0046d7a4"
0046dbe4,FUN_0046dbe4,11,0,"FUN_0046d885"
0046dbef,__wmkdir,42,1,"CreateDirectoryW GetLastError ___acrt_errno_map_os_error"
0046dc19,__acrt_convert_wcs_mbs_cp<char,wchar_t,<lambda_62f6974d9771e494a5ea317cc32e971c>,__crt_win32_buffer_internal_dynamic_resizing>,178,4,"FUN_0047d87a GetLastError ___acrt_MultiByteToWideChar ___acrt_errno_map_os_error _deallocate allocate"
0046dccb,__acrt_mbs_to_wcs_cp<__crt_win32_buffer_internal_dynamic_resizing>,29,3,"__acrt_convert_wcs_mbs_cp<char,wchar_t,<lambda_62f6974d9771e494a5ea317cc32e971c>,__crt_win32_buffer_internal_dynamic_resizing>"
0046dce8,__mkdir,106,1,"FUN_0047df88 __acrt_get_utf8_acp_compatibility_codepage __acrt_mbs_to_wcs_cp<__crt_win32_buffer_internal_dynamic_resizing> __wmkdir"
0046dd52,operator()<>,76,0,"FUN_0046dda1 FUN_0047006a __SEH_prolog4 __lock_file"
0046dda1,FUN_0046dda1,12,0,"__unlock_file"
0046ddad,FUN_0046ddad,274,0,"FUN_0046e033 FUN_0047a3f2"
0046debf,FUN_0046debf,372,0,"FUN_0046feb2 FUN_0047002c FUN_0047044e FUN_0047a3f2 __security_check_cookie"
0046e033,FUN_0046e033,387,0,"FUN_0046ff19 FUN_0047002c FUN_00470c12 FUN_0047a3f2 __security_check_cookie"
0046e1b6,FUN_0046e1b6,372,0,"FUN_0046feb2 FUN_0047002c FUN_0047072e FUN_0047a3f2 __security_check_cookie"
0046e32a,FUN_0046e32a,387,0,"FUN_0046ff19 FUN_0047002c FUN_00470e62 FUN_0047a3f2 __security_check_cookie"
0046e4ad,FUN_0046e4ad,159,0,"FUN_0046debf FUN_0047a3f2"
0046e54c,count<char>,24,1,""
0046e564,FUN_0046e564,25,0,""
0046e57d,FUN_0046e57d,129,0,"FUN_0047df88 __malloc_base operator="
0046e5fe,FUN_0046e5fe,130,0,"FUN_0047df88 __malloc_base operator="
0046e680,is_overflow_condition<unsigned_long>,49,2,""
0046e6b1,is_wide_character_specifier<char>,49,3,""
0046e6e2,is_wide_character_specifier<wchar_t>,78,3,""
0046e730,make_c_string_character_source<>,27,0,""
0046e74b,FUN_0046e74b,527,0,"FUN_0047287b FUN_0047a3f2 is_overflow_condition<unsigned_long> unget"
0046e95a,FUN_0046e95a,1487,0,"FUN_0047287b FUN_0047a3f2 is_overflow_condition<unsigned_long> unget"
0046ef29,scratch_data<char>,30,1,"count<char>"
0046ef47,FUN_0046ef47,381,0,"FUN_0046e57d FUN_0046f844 FUN_0046fb39 FUN_0047a3f2 to_integer_size"
0046f0c4,FUN_0046f0c4,386,0,"FUN_0046e5fe FUN_0046f8ae FUN_0046fbb1 FUN_0047a3f2 to_integer_size"
0046f246,FUN_0046f246,381,0,"FUN_0046e57d FUN_0046f91b FUN_0046fc3a FUN_0047a3f2 to_integer_size"
0046f3c3,FUN_0046f3c3,386,0,"FUN_0046e5fe FUN_0046f995 FUN_0046fcd6 FUN_0047a3f2 to_integer_size"
0046f545,FUN_0046f545,381,0,"FUN_0046e57d FUN_0046fa24 FUN_0046fd85 FUN_0047a3f2 to_integer_size"
0046f6c2,FUN_0046f6c2,386,0,"FUN_0046e5fe FUN_0046faac FUN_0046fe17 FUN_0047a3f2 to_integer_size"
0046f844,FUN_0046f844,106,0,"count<char>"
0046f8ae,FUN_0046f8ae,109,0,"FUN_0046e564"
0046f91b,FUN_0046f91b,122,0,"count<char>"
0046f995,FUN_0046f995,143,0,"FUN_0046e564"
0046fa24,FUN_0046fa24,136,0,"count<char>"
0046faac,FUN_0046faac,141,0,"FUN_0046e564"
0046fb39,FUN_0046fb39,120,0,"count<char>"
0046fbb1,FUN_0046fbb1,137,0,"FUN_0046e564"
0046fc3a,FUN_0046fc3a,156,0,"__aulldvrm count<char>"
0046fcd6,FUN_0046fcd6,175,0,"FUN_0046e564 __aulldvrm"
0046fd85,FUN_0046fd85,146,0,"count<char>"
0046fe17,FUN_0046fe17,155,0,"FUN_0046e564"
0046feb2,FUN_0046feb2,103,0,""
0046ff19,FUN_0046ff19,108,0,""
0046ff90,FUN_0046ff90,93,0,""
0046fff0,FUN_0046fff0,60,0,"FUN_00470300"
0047002c,FUN_0047002c,26,0,"FUN_0047df88"
00470046,operator=,36,2,"FUN_0047df88"
0047006a,FUN_0047006a,156,0,"FUN_0046ff19 FUN_0047002c FUN_00470a02 FUN_00480319 ___acrt_stdio_begin_temporary_buffering_nolock __security_check_cookie"
00470106,FUN_00470106,96,0,""
00470166,FUN_00470166,61,0,""
004701a3,FUN_004701a3,59,0,""
004701de,FUN_004701de,58,0,""
00470218,FUN_00470218,60,0,""
00470254,force_decimal_point,92,2,""
004702b0,FUN_004702b0,77,0,"FUN_0047e6f1 GetLastError SetLastError"
00470300,FUN_00470300,91,0,"FUN_0047c1d1 FUN_0047e6f1 GetLastError SetLastError"
0047035c,FUN_0047035c,120,0,"FUN_0046e74b"
004703d4,FUN_004703d4,122,0,"FUN_0046e95a"
0047044e,FUN_0047044e,704,0,"FUN_00470166 FUN_0047035c FUN_004710a2 FUN_0047151c FUN_00472820 FUN_00472896 FUN_0047a3f2 ___acrt_locale_get_ctype_array_value"
0047072e,FUN_0047072e,689,0,"FUN_004701a3 FUN_0047035c FUN_004710a2 FUN_0047151c FUN_00472820 FUN_00472896 FUN_0047a3f2 ___acrt_locale_get_ctype_array_value"
00470a02,FUN_00470a02,493,0,"FUN_004701de FUN_004703d4 FUN_00471200 FUN_004718aa FUN_00472896 FUN_004728c7 FUN_0047a3f2"
00470c12,FUN_00470c12,557,0,"FUN_00470218 FUN_004703d4 FUN_0047138e FUN_00471c0f FUN_00472896 FUN_0047a3f2"
00470e62,FUN_00470e62,542,0,"FUN_004701de FUN_004703d4 FUN_0047138e FUN_00471c0f FUN_00472896 FUN_0047a3f2"
004710a2,FUN_004710a2,350,0,"FUN_0047151c FUN_0047a3f2"
00471200,FUN_00471200,398,0,"FUN_004718aa FUN_0047a3f2"
0047138e,FUN_0047138e,398,0,"FUN_00471c0f FUN_0047a3f2"
0047151c,FUN_0047151c,910,0,"FUN_0046f246 FUN_0046f545 FUN_00472138 FUN_00472462 FUN_0047259e FUN_00472622 FUN_0047265c FUN_0047fd7b __security_check_cookie type_case_Z type_case_s write_string"
004718aa,FUN_004718aa,869,0,"FUN_0046f3c3 FUN_0046f6c2 FUN_004722c2 FUN_004724f7 FUN_0047259e FUN_0047263f FUN_00472672 FUN_00472820 FUN_004728c7 FUN_0047ff1f __security_check_cookie type_case_Z type_case_s write_string"
00471c0f,FUN_00471c0f,1057,0,"FUN_0046f3c3 FUN_0046f6c2 FUN_004722c2 FUN_004724f7 FUN_0047259e FUN_0047263f FUN_00472672 FUN_00472820 FUN_0047ff1f __security_check_cookie type_case_Z type_case_s write_string"
00472030,to_integer_size,49,1,""
00472084,type_case_Z,90,0,"is_wide_character_specifier<char>"
004720de,type_case_Z,90,0,"is_wide_character_specifier<wchar_t>"
00472138,FUN_00472138,394,0,"FUN_0046e57d FUN_00470106 FUN_00472820 FUN_0047fbfa count<char> force_decimal_point scratch_data<char>"
004722c2,FUN_004722c2,416,0,"FUN_0046e57d FUN_00470106 FUN_00472820 FUN_0047fbfa count<char> force_decimal_point scratch_data<char>"
00472462,FUN_00472462,149,0,"FUN_0047fd7b count<char> is_wide_character_specifier<char>"
004724f7,FUN_004724f7,167,0,"FUN_00472820 FUN_0047ff1f is_wide_character_specifier<wchar_t>"
0047259e,FUN_0047259e,132,0,"FUN_0047a3f2 FUN_004800b1 to_integer_size"
00472622,FUN_00472622,29,0,"FUN_0046ef47"
0047263f,FUN_0047263f,29,0,"FUN_0046f0c4"
0047265c,FUN_0047265c,22,0,"FUN_0046f545"
00472672,FUN_00472672,22,0,"FUN_0046f6c2"
00472688,type_case_s,113,0,"FUN_0047ef5f FUN_0047f081 is_wide_character_specifier<char>"
004726f9,type_case_s,115,0,"FUN_0047276c FUN_0047f081 is_wide_character_specifier<wchar_t>"
0047276c,FUN_0047276c,85,0,"FUN_00472820 ___acrt_locale_get_ctype_array_value"
004727c1,unget,41,2,"FUN_0047a46f FUN_0047d87a"
004727ea,unget,46,2,"FUN_0047a46f FUN_0047d87a"
00472820,FUN_00472820,91,0,"FUN_00470300 FUN_0047ee54 FUN_0047eeb2"
0047287b,FUN_0047287b,27,0,"FUN_0047a46f FUN_0047d87a"
00472896,FUN_00472896,49,0,"FUN_0047a3f2"
004728c7,FUN_004728c7,34,0,"FUN_004728e9"
004728e9,FUN_004728e9,61,0,"FUN_004800fa"
00472926,write_string,44,0,"FUN_00472a2a"
00472952,write_string,103,5,"FUN_00464df0"
004729b9,write_string,113,5,"FUN_00464df0"
00472a2a,FUN_00472a2a,130,0,"FUN_004728e9"
00472aac,___acrt_locale_get_ctype_array_value,34,0,""
00472ace,FUN_00472ace,164,0,"FUN_0046ff90 FUN_0046fff0 FUN_0047a3f2 operator()<>"
00472b72,FUN_00472b72,68,0,"FUN_0046ddad FUN_0046ff90 FUN_0046fff0"
00472bb6,FUN_00472bb6,65,0,"FUN_0046e1b6 FUN_0046ff90 FUN_0046fff0"
00472bf7,FUN_00472bf7,65,0,"FUN_0046e4ad FUN_0046ff90 FUN_0046fff0"
00472c38,FUN_00472c38,65,0,"FUN_0046e32a FUN_0046ff90 FUN_0046fff0"
00472c79,assemble_floating_point_snan<double>,33,2,""
00472c9a,assemble_floating_point_value_t<float>,48,4,""
00472cca,assemble_floating_point_value_t<double>,66,4,""
00472d0c,common_vsscanf<char>,180,6,"FUN_0046da40 FUN_0047a46f FUN_0047d87a FUN_0047ef5f __security_check_cookie input_processor<char,__crt_stdio_input::string_input_adapter<char>_> process"
00472dc0,common_vsscanf<wchar_t>,153,6,"FUN_0046da40 FUN_0047a46f FUN_0047d87a FUN_0047df88 FUN_0047f081 input_processor<wchar_t,__crt_stdio_input::string_input_adapter<wchar_t>_> process"
00472e59,FID_conflict:convert_hexadecimal_string_to_floating_type<float>,33,0,"FUN_0047652b"
00472e7a,FID_conflict:convert_hexadecimal_string_to_floating_type<double>,33,0,"FUN_0047652b"
00472e9b,FID_conflict:convert_hexadecimal_string_to_floating_type<float>,33,0,"FUN_0047824a"
00472ebc,FID_conflict:convert_hexadecimal_string_to_floating_type<double>,33,0,"FUN_0047824a"
00472edd,is_overflow_condition<unsigned___int64>,65,2,""
00472f1e,FUN_00472f1e,30,0,"FUN_00475c5c"
00472f3c,FUN_00472f3c,138,0,"FUN_00473164 FUN_0047a46f FUN_0047d87a __security_check_cookie parse_floating_point_write_result<float>"
00472fc6,FUN_00472fc6,138,0,"FUN_00473164 FUN_0047a46f FUN_0047d87a __security_check_cookie parse_floating_point_write_result<double>"
00473050,FUN_00473050,138,0,"FUN_004735af FUN_0047a46f FUN_0047d87a __security_check_cookie parse_floating_point_write_result<float>"
004730da,FUN_004730da,138,0,"FUN_004735af FUN_0047a46f FUN_0047d87a __security_check_cookie parse_floating_point_write_result<double>"
00473164,FUN_00473164,1099,0,"FID_conflict:operator() FUN_00474149 FUN_004742d5 FUN_00479ca0 FUN_00479efa get unget"
004735af,FUN_004735af,2970,0,"FID_conflict:operator() FUN_00474208 FUN_004743dd FUN_00479ca0 _iswctype get unget"
00474149,FUN_00474149,191,0,"FID_conflict:operator() get unget"
00474208,FUN_00474208,205,0,"FID_conflict:operator() get unget"
004742d5,FUN_004742d5,264,0,"FID_conflict:operator() get parse_floating_point_possible_nan_is_ind<char,__crt_strtox::input_adapter_character_source<__crt_stdio_input::string_input_adapter<char>_>_> parse_floating_point_possible_nan_is_snan<char,__crt_strtox::input_adapter_character_source<__crt_stdio_input::string_input_adapter<char>_>_> unget"
004743dd,FUN_004743dd,289,0,"FID_conflict:operator() get parse_floating_point_possible_nan_is_ind<> parse_floating_point_possible_nan_is_snan<> unget"
004744fe,parse_floating_point_possible_nan_is_ind<char,__crt_strtox::input_adapter_character_source<__crt_stdio_input::string_input_adapter<char>_>_>,58,2,"get"
00474538,parse_floating_point_possible_nan_is_ind<>,64,0,"get"
00474578,parse_floating_point_possible_nan_is_snan<char,__crt_strtox::input_adapter_character_source<__crt_stdio_input::string_input_adapter<char>_>_>,58,2,"get"
004745b2,parse_floating_point_possible_nan_is_snan<>,64,0,"get"
004745f2,parse_floating_point_write_result<float>,323,3,"FID_conflict:convert_hexadecimal_string_to_floating_type<float> FID_conflict:convert_hexadecimal_string_to_floating_type<float>"
0047475e,parse_floating_point_write_result<double>,249,3,"FID_conflict:convert_hexadecimal_string_to_floating_type<double> FID_conflict:convert_hexadecimal_string_to_floating_type<double> assemble_floating_point_snan<double>"
00474882,FUN_00474882,772,0,"FUN_00472820 FUN_00479ca0 FUN_00479efa FUN_0047a3f2 __allmul __aulldiv get is_overflow_condition<unsigned___int64> restore_state unget"
00474b86,FUN_00474b86,92,0,"FUN_0046ff90 FUN_0046fff0 FUN_00474882 FUN_00475c1f"
00474be2,FUN_00474be2,1744,0,"FUN_00472820 FUN_00479ca0 FUN_0047a3f2 __allmul __aulldiv _iswctype get is_overflow_condition<unsigned___int64> restore_state unget"
004752b2,FUN_004752b2,92,0,"FUN_0046ff90 FUN_0046fff0 FUN_00474be2 FUN_00475c1f"
0047530e,FUN_0047530e,105,0,"FUN_00472f1e FUN_00472f3c write_floating_point<float>"
00475377,FUN_00475377,105,0,"FUN_00472f1e FUN_00473050 write_floating_point<float>"
004753e0,FUN_004753e0,105,0,"FUN_00472f1e FUN_00472fc6 FUN_00475b23"
00475449,FUN_00475449,105,0,"FUN_00472f1e FUN_004730da FUN_00475b5d"
004754b2,FUN_004754b2,354,0,"FUN_0047a46f FUN_0047d87a get is_character_allowed_in_string unget"
00475614,FUN_00475614,363,0,"FUN_00479d50 FUN_0047a46f FUN_0047d87a get is_character_allowed_in_string unget"
0047577f,FUN_0047577f,367,0,"FUN_0047a46f FUN_0047d87a get is_character_allowed_in_string unget write_character"
004758ee,FUN_004758ee,367,0,"FUN_0047a46f FUN_0047d87a get is_character_allowed_in_string unget"
00475a5d,skip_whitespace<__crt_stdio_input::string_input_adapter,char>,47,2,"FUN_00479efa get"
00475a8c,skip_whitespace<__crt_stdio_input::string_input_adapter,wchar_t>,47,2,"_iswctype get"
00475abb,write_floating_point<float>,52,2,"FUN_0047a46f FUN_0047d87a"
00475aef,write_floating_point<float>,52,2,"FUN_0047a46f FUN_0047d87a"
00475b23,FUN_00475b23,58,0,"FUN_0047a46f FUN_0047d87a"
00475b5d,FUN_00475b5d,58,0,"FUN_0047a46f FUN_0047d87a"
00475b97,FUN_00475b97,74,0,""
00475be1,FUN_00475be1,62,0,""
00475c1f,FUN_00475c1f,61,0,""
00475c5c,FUN_00475c5c,49,0,""
00475c8d,input_processor<char,__crt_stdio_input::string_input_adapter<char>_>,68,6,"FUN_00475b97"
00475cd1,input_processor<wchar_t,__crt_stdio_input::string_input_adapter<wchar_t>_>,68,6,"FUN_00475be1"
00475d15,FID_conflict:operator(),44,0,"restore_state unget"
00475d41,FID_conflict:operator(),42,0,"restore_state unget"
00475d6b,advance,280,1,"FUN_0047924a FUN_004794d9 _isspace scan_conversion_specifier scan_optional_literal_character_trail_bytes_tchar scan_optional_wide_modifier"
00475e83,advance,260,1,"FUN_004792de FUN_004795ec _iswctype reset_token_state_for_error scan_conversion_specifier scan_optional_assignment_suppressor scan_optional_wide_modifier"
00475f87,FUN_00475f87,36,0,"__invoke_watson"
00475fac,FUN_00475fac,36,0,"__invoke_watson"
00475fd1,assemble_floating_point_infinity,64,2,"FUN_00475f87 FUN_00475fac"
00476011,FUN_00476011,851,0,"FUN_00475f87 FUN_00475fac FUN_00478329 FUN_0047899f __allshl __aullshr assemble_floating_point_infinity assemble_floating_point_value_t<double> assemble_floating_point_value_t<float> assemble_floating_point_zero fegetround"
00476364,FUN_00476364,402,0,"FUN_00476011 __allshl __aullshr"
004764f6,assemble_floating_point_zero,53,2,"FUN_00475f87 FUN_00475fac"
0047652b,FUN_0047652b,7455,0,"FUN_00464df0 FUN_00476011 FUN_00476364 FUN_00478340 __allshl __aullshr __security_check_cookie _memcpy_s _memset assemble_floating_point_infinity assemble_floating_point_zero"
0047824a,FUN_0047824a,166,0,"FUN_00476011 FUN_0047899f"
004782f0,data,57,1,"FUN_0047df88 __calloc_base operator="
00478329,FUN_00478329,23,0,""
00478340,FUN_00478340,1160,0,"__allmul __allshl __aulldvrm _memcpy_s"
004787c8,get,55,1,"get"
004787ff,get,63,1,"get"
0047883e,get,22,1,""
00478854,get,26,1,""
0047886e,FUN_0047886e,21,0,"data"
00478883,is_character_allowed_in_string,80,3,""
004788d3,is_character_allowed_in_string,74,3,"test"
0047891d,length,65,1,"to_floating_point_length to_integer_length"
0047895e,length,65,1,"to_floating_point_length to_integer_length"
0047899f,FUN_0047899f,23,0,""
004789b6,process,132,1,"FUN_0047a46f FUN_0047d87a advance get process_state unget validate validate"
00478a3a,process,141,1,"FUN_0047a46f FUN_0047d87a advance get process_state unget validate validate"
00478ac7,process_character_count_specifier,24,1,"FUN_00479dd6"
00478af9,process_conversion_specifier,76,1,"FUN_00478c41 process_character_count_specifier process_floating_point_specifier process_string_specifier"
00478b6d,process_conversion_specifier,76,1,"FUN_00478ca6 process_floating_point_specifier process_string_specifier"
00478be1,process_floating_point_specifier,48,1,"FUN_0047530e FUN_004753e0 length process_whitespace"
00478c11,process_floating_point_specifier,48,1,"FUN_00475377 FUN_00475449 length process_whitespace"
00478c41,FUN_00478c41,101,0,"FUN_00472f1e FUN_00474b86 FUN_00479dd6 process_whitespace"
00478ca6,FUN_00478ca6,101,0,"FUN_00472f1e FUN_004752b2 FUN_00479e44 process_whitespace"
00478d0b,process_literal_character,54,1,"get process_literal_character_tchar unget"
00478d41,process_literal_character,53,1,"get unget"
00478d76,process_literal_character_tchar,78,2,"___pctype_func get unget"
00478dc4,process_state,66,1,"process_conversion_specifier process_literal_character process_whitespace"
00478e06,process_state,66,1,"process_conversion_specifier process_literal_character process_whitespace"
00478e48,process_string_specifier,72,2,"FUN_004754b2 FUN_0047577f length process_whitespace"
00478e90,process_string_specifier,72,2,"FUN_00475614 FUN_004758ee length process_whitespace"
00478ed8,process_whitespace,29,1,"skip_whitespace<__crt_stdio_input::string_input_adapter,char> unget"
00478ef5,process_whitespace,32,1,"skip_whitespace<__crt_stdio_input::string_input_adapter,wchar_t> unget"
00478f15,reset,26,1,"_memset data"
00478f2f,reset_token_state_for_error,43,2,""
00478f5a,restore_state,37,0,""
00478f7f,scan_conversion_specifier,363,1,"FUN_004797c8 FUN_00479a96"
004790ea,scan_conversion_specifier,332,1,"FUN_00479ab7 reset_token_state_for_error scan_scanset_range"
00479236,scan_optional_assignment_suppressor,20,1,""
0047924a,FUN_0047924a,148,0,"FUN_00480791"
004792de,FUN_004792de,507,0,"FUN_00480823 reset_token_state_for_error"
004794d9,FUN_004794d9,275,0,""
004795ec,FUN_004795ec,322,0,""
0047972e,scan_optional_literal_character_trail_bytes_tchar,82,2,"___pctype_func"
00479780,scan_optional_wide_modifier,30,1,""
0047979e,scan_optional_wide_modifier,42,1,"should_default_to_wide"
004797c8,FUN_004797c8,321,0,""
00479909,scan_scanset_range,359,1,"FUN_0047886e data reset reset_token_state_for_error set"
00479a70,set,38,2,"data"
00479a96,FUN_00479a96,33,0,""
00479ab7,FUN_00479ab7,33,0,""
00479ad8,should_default_to_wide,52,2,""
00479b0c,test,43,2,"data"
00479b37,to_floating_point_length,35,1,""
00479b5a,to_integer_length,49,1,""
00479bad,unget,71,2,"unget"
00479bf4,unget,75,2,"unget"
00479c3f,unget,31,2,""
00479c5e,unget,38,2,""
00479c84,validate,28,1,"FUN_0047a46f FUN_0047d87a"
00479ca0,FUN_00479ca0,33,0,"FUN_0047a46f FUN_0047d87a"
00479cc1,validate,34,1,"FUN_0047a46f FUN_0047d87a"
00479ce3,write_character,109,6,"FUN_00480052 ___pctype_func get"
00479d50,FUN_00479d50,133,0,"FUN_0047fee5 __invoke_watson"
00479dd6,FUN_00479dd6,110,0,"FUN_0047a46f FUN_0047d87a length"
00479e44,FUN_00479e44,110,0,"FUN_0047a46f FUN_0047d87a length"
00479eb2,___stdio_common_vsscanf,36,0,"common_vsscanf<char>"
00479ed6,___stdio_common_vswscanf,36,0,"common_vsscanf<wchar_t>"
00479efa,FUN_00479efa,87,0,"___acrt_locale_get_ctype_array_value ___pctype_func __isctype_l"
00479f51,_memcpy_s,129,4,"FUN_00464df0 FUN_0047a46f FUN_0047d87a _memset"
00479fe0,_strncmp,115,3,""
0047a060,FUN_0047a060,10,0,"__ctrandisp2"
0047a070,FUN_0047a070,67,0,"FUN_00480c48"
0047a0c0,FUN_0047a0c0,214,0,"FUN_00480f18 __fload_withFB __math_exit __startOneArgErrorHandling"
0047a110,FUN_0047a110,67,0,"FUN_004811b8"
0047a160,FUN_0047a160,250,0,"FUN_00481528 FUN_00481e35 FUN_00481e4c __fload_withFB __math_exit __startOneArgErrorHandling"
0047a1b0,FUN_0047a1b0,201,0,"FUN_00481b68 FUN_00481e4c __fload_withFB __math_exit __startOneArgErrorHandling"
0047a200,FUN_0047a200,14,0,"FUN_00481fc4 __fload_withFB"
0047a20e,FUN_0047a20e,52,0,"FUN_0047c1d1 FUN_0047e4ef __SEH_prolog4 guard_check_icall"
0047a24a,FUN_0047a24a,41,0,"GetLastError SetLastError"
0047a273,___acrt_call_reportfault,313,0,"FUN_00463ff4 IsDebuggerPresent SetUnhandledExceptionFilter UnhandledExceptionFilter __security_check_cookie _memset"
0047a3ac,FUN_0047a3ac,15,0,""
0047a3bb,FUN_0047a3bb,55,0,"FUN_0046ff90 FUN_0046fff0 FUN_0047a3f2"
0047a3f2,FUN_0047a3f2,124,0,"FUN_004702b0 FUN_0047a24a __invoke_watson guard_check_icall"
0047a46f,FUN_0047a46f,16,0,"FUN_0047a3bb"
0047a47f,FUN_0047a47f,28,0,"FUN_0047a3bb __invoke_watson"
0047a49c,__invoke_watson,52,5,"GetCurrentProcess IsProcessorFeaturePresent TerminateProcess ___acrt_call_reportfault"
0047a4d0,FUN_0047a4d0,11,0,"__malloc_base"
0047a4db,FUN_0047a4db,27,0,"FUN_0047df88"
0047a500,FUN_0047a500,10,0,"__ctrandisp2"
0047a510,FUN_0047a510,434,0,"__ctrlfp __except1 __frnd __sptype"
0047a60d,FUN_0047a60d,33,0,"FUN_0047e4ef"
0047a62e,FUN_0047a62e,18,0,"FUN_0047e4ef"
0047a640,_fabs,71,1,""
0047a705,~__crt_unique_heap_ptr<__acrt_thread_parameter,_anon_4E93FCDD::thread_parameter_free_policy>,55,1,"CloseHandle FUN_0047df88 FreeLibrary"
0047a73c,common_end_thread,86,1,"CloseHandle ExitThread FUN_0047e640 FreeLibraryAndExitThread ___acrt_RoUninitialize@0"
0047a793,create_thread_parameter,80,2,"FUN_0047df88 GetModuleHandleExW __calloc_base ~__crt_unique_heap_ptr<__acrt_thread_parameter,_anon_4E93FCDD::thread_parameter_free_policy>"
0047a7e3,__beginthreadex,131,6,"CreateThread FUN_0047a46f FUN_0047d87a GetLastError ___acrt_errno_map_os_error create_thread_parameter ~__crt_unique_heap_ptr<__acrt_thread_parameter,_anon_4E93FCDD::thread_parameter_free_policy>"
0047a866,__endthreadex,14,1,"common_end_thread"
0047a874,FUN_0047a874,583,0,"FUN_00472820 FUN_0047287b FUN_00479efa FUN_0047a3f2 is_overflow_condition<unsigned_long> unget"
0047aabb,FUN_0047aabb,1546,0,"FUN_00472820 FUN_0047287b FUN_0047a3f2 _iswctype is_overflow_condition<unsigned_long> unget"
0047b0c5,FUN_0047b0c5,712,0,"FUN_00472820 FUN_0047287b FUN_00479efa FUN_0047a3f2 __allmul __aulldiv is_overflow_condition<unsigned___int64> unget"
0047b38d,FUN_0047b38d,1670,0,"FUN_00472820 FUN_0047287b FUN_0047a3f2 __allmul __aulldiv _iswctype is_overflow_condition<unsigned___int64> unget"
0047ba13,FUN_0047ba13,63,0,"FUN_0046ff90 FUN_0046fff0 FUN_0047a874"
0047ba52,FUN_0047ba52,654,0,"FUN_0047a46f FUN_0047d87a FUN_004824a1 FUN_004824cd FUN_004824f9 FUN_004827e2 ___tzset __alldiv __allrem __invoke_watson __isindst"
0047bce1,FID_conflict:common_gmtime<long>,39,1,"FUN_0047ba52 ___getgmtimebuf"
0047bd08,FUN_0047bd08,11,0,"FUN_0047ba52"
0047bd13,FUN_0047bd13,104,0,"GetSystemTimeAsFileTime __alldiv"
0047bd7b,FUN_0047bd7b,100,0,"FUN_0047a46f FUN_0047d87a"
0047bea7,___acrt_iob_func,16,0,""
0047bf03,__lock_file,20,1,"EnterCriticalSection"
0047bf17,__unlock_file,20,1,"LeaveCriticalSection"
0047bf2b,_wcsncmp,58,3,""
0047bf65,FUN_0047bf65,194,0,"FID_conflict:operator() FUN_0047c06b FUN_0047d87a GetLastError ___acrt_WideCharToMultiByte ___acrt_errno_map_os_error allocate"
0047c027,FUN_0047c027,29,0,"FUN_0047bf65"
0047c044,allocate,39,0,"FUN_0047d87a"
0047c06b,FUN_0047c06b,20,0,""
0047c07f,FUN_0047c07f,251,0,"FUN_0046da40 FUN_0047a46f FUN_0047c027 FUN_0047d87a FUN_0047df88 FUN_00484529 __acrt_mbs_to_wcs_cp<__crt_win32_buffer_internal_dynamic_resizing> __malloc_base"
0047c17a,FUN_0047c17a,31,0,"FUN_0047c07f"
0047c199,FUN_0047c199,45,0,"FUN_00484ac4"
0047c1c6,FUN_0047c1c6,11,0,"__calloc_base"
0047c1d1,FUN_0047c1d1,67,0,"FUN_0047c6b3 FUN_00484bed IsProcessorFeaturePresent ___acrt_call_reportfault ___acrt_get_sigabrt_handler"
0047c215,____lc_codepage_func,37,0,"FUN_0047e4ef ___acrt_update_locale_info"
0047c23a,FUN_0047c23a,326,0,"FUN_0047e640 guard_check_icall"
0047c380,operator()<>,65,0,"FUN_0047c3c1 FUN_0047c3ec __SEH_prolog4 ___acrt_lock"
0047c3c1,FUN_0047c3c1,12,0,"___acrt_unlock"
0047c3cd,__crt_fast_encode_pointer<void*>,31,1,""
0047c3ec,FUN_0047c3ec,199,0,"FUN_0047d0d4 FUN_0047d52b __SEH_prolog4 guard_check_icall"
0047c4d7,FUN_0047c4d7,146,0,"FUN_0047c56e FUN_0047c59f FUN_0047c604 operator()<>"
0047c56e,FUN_0047c56e,48,0,"ExitProcess FUN_0047c5e2 FUN_0047c604 GetCurrentProcess TerminateProcess"
0047c59f,FUN_0047c59f,67,0,"GetModuleHandleW"
0047c5e2,FUN_0047c5e2,34,0,"___acrt_get_process_end_policy"
0047c604,FUN_0047c604,125,0,"FreeLibrary GetModuleHandleExW GetProcAddress guard_check_icall"
0047c686,FUN_0047c686,15,0,""
0047c6a4,FUN_0047c6a4,15,0,"FUN_0047c4d7"
0047c6b3,FUN_0047c6b3,22,0,"FUN_0047c4d7"
0047c6c9,__register_thread_local_exe_atexit_callback,38,0,"__crt_fast_encode_pointer<void*>"
0047c6ef,FUN_0047c6ef,22,0,"FUN_0047c4d7"
0047c705,FUN_0047c705,317,0,"FUN_0047a46f FUN_0047d87a FUN_0047df88 FUN_0048573b ___acrt_GetModuleFileNameA ___acrt_allocate_buffer_for_argv ___acrt_initialize_multibyte parse_command_line<char>"
0047c842,parse_command_line<char>,372,5,"__ismbblead"
0047c9b6,___acrt_allocate_buffer_for_argv,79,0,"FUN_0047df88 __calloc_base"
0047ca05,FUN_0047ca05,11,0,"FUN_0047c705"
0047ca10,FUN_0047ca10,44,0,"FUN_0047ca96 FUN_0047cd1a"
0047ca3c,FUN_0047ca3c,90,0,"FUN_0047caeb FUN_0047df88 FUN_00486085 ___acrt_initialize_multibyte"
0047ca96,FUN_0047ca96,85,0,"FUN_0047cbcd FUN_0047df88 FUN_00486125"
0047caeb,FUN_0047caeb,225,0,"FUN_0046d433 FUN_0047df88 __calloc_base __invoke_watson free_environment<>"
0047cbcd,FUN_0047cbcd,285,0,"FUN_0047bd7b FUN_0047df88 __calloc_base __invoke_watson free_environment<>"
0047cceb,free_environment<>,47,0,"FUN_0047df88"
0047cd1a,FUN_0047cd1a,129,0,"FUN_0047df88 FUN_00486522 ___acrt_MultiByteToWideChar __calloc_base"
0047cd9b,uninitialize_environment_internal<>,27,0,"free_environment<>"
0047cdb6,uninitialize_environment_internal<>,27,0,"free_environment<>"
0047cdd1,thunk_FUN_0047ca10,5,0,""
0047cdd6,FUN_0047cdd6,76,0,"__EH_epilog3 __EH_prolog3 free_environment<> uninitialize_environment_internal<> uninitialize_environment_internal<>"
0047ce27,thunk_FUN_0047ca3c,5,0,""
0047ce2c,operator()<<lambda_69a2805e680e0e292e8ba93315fe43a8>,<lambda_f03950bc5685219e0bcd2087efbe011e>&,<lambda_03fcd07e894ec930e3f35da366ca99d6>_>,76,4,"FUN_0047ce7b __SEH_prolog4 ___acrt_lock operator()"
0047ce7b,FUN_0047ce7b,12,0,"___acrt_unlock"
0047ce87,operator()<<lambda_8e746cf0007f6ed984d6f78af1fec997>,<lambda_22ebabd17bc4fa466a2aca6d8deb888d>&,<lambda_18ed0c0b38a6dc0daf1e7ac6d6adf05e>_>,76,4,"FUN_0047ced6 FUN_0047cee2 __SEH_prolog4 ___acrt_lock"
0047ced6,FUN_0047ced6,12,0,"___acrt_unlock"
0047cee2,FUN_0047cee2,258,0,"FUN_0047df88 __crt_fast_encode_pointer<void*> __recalloc_base"
0047cfe4,operator(),218,1,"FUN_0047df88 guard_check_icall"
0047d0be,__crt_atexit,22,0,"__register_onexit_function"
0047d0d4,FUN_0047d0d4,57,0,"__EH_epilog3 __EH_prolog3 operator()<<lambda_69a2805e680e0e292e8ba93315fe43a8>,<lambda_f03950bc5685219e0bcd2087efbe011e>&,<lambda_03fcd07e894ec930e3f35da366ca99d6>_>"
0047d112,__initialize_onexit_table,41,0,""
0047d13b,__register_onexit_function,51,0,"operator()<<lambda_8e746cf0007f6ed984d6f78af1fec997>,<lambda_22ebabd17bc4fa466a2aca6d8deb888d>&,<lambda_18ed0c0b38a6dc0daf1e7ac6d6adf05e>_>"
0047d224,uninitialize_allocated_memory,23,0,"operator()"
0047d23b,operator(),46,2,"FUN_0047df88"
0047d269,___acrt_initialize,18,0,"___acrt_execute_initializers"
0047d27b,___acrt_uninitialize,48,0,"___acrt_execute_uninitializers __flushall"
0047d2ab,FUN_0047d2ab,15,0,""
0047d2ba,__callnewh,45,1,"__query_new_handler guard_check_icall"
0047d2e7,__query_new_handler,80,0,"FUN_0047d33a __SEH_prolog4 ___acrt_lock"
0047d33a,FUN_0047d33a,9,0,"___acrt_unlock"
0047d343,FUN_0047d343,57,0,""
0047d37c,FUN_0047d37c,73,0,"FUN_0047a46f FUN_0047d343 FUN_0047d3c5 FUN_0047d87a"
0047d3c5,FUN_0047d3c5,144,0,"FUN_0046da40 FUN_0047a46f FUN_0047d87a"
0047d455,FUN_0047d455,6,0,""
0047d45b,FUN_0047d45b,15,0,""
0047d46a,___acrt_has_user_matherr,24,0,""
0047d482,FUN_0047d482,15,0,""
0047d491,___acrt_invoke_user_matherr,50,0,"guard_check_icall"
0047d4c3,___setusermatherr,21,0,"__crt_fast_encode_pointer<void*>"
0047d4d8,__get_narrow_winmain_command_line,83,0,"___acrt_initialize_multibyte __ismbblead"
0047d52b,FUN_0047d52b,43,0,"guard_check_icall"
0047d556,__initterm_e,46,0,"guard_check_icall"
0047d584,__set_fmode,61,1,"FUN_0047a46f FUN_0047d87a"
0047d5c1,operator()<<lambda_e5124f882df8998aaf41531e079ba474>,<lambda_3e16ef9562a7dcce91392c22ab16ea36>&,<lambda_e25ca0880e6ef98be67edffd8c599615>_>,98,4,"FUN_0047d623 __SEH_prolog4 ___acrt_lock __updatetlocinfoEx_nolock"
0047d623,FUN_0047d623,12,0,"___acrt_unlock"
0047d62f,FUN_0047d62f,11,0,""
0047d63a,___acrt_uninitialize_locale,39,0,"operator()<<lambda_e5124f882df8998aaf41531e079ba474>,<lambda_3e16ef9562a7dcce91392c22ab16ea36>&,<lambda_e25ca0880e6ef98be67edffd8c599615>_>"
0047d661,__configthreadlocale,98,1,"FUN_0047a46f FUN_0047d87a FUN_0047e4ef"
0047d6c3,FUN_0047d6c3,7,0,""
0047d6ca,__set_new_mode,47,0,"FUN_0047a46f FUN_0047d87a"
0047d6f9,FUN_0047d6f9,6,0,""
0047d6ff,__aligned_free,26,1,"FUN_0047a4db"
0047d719,__aligned_malloc,101,2,"FUN_0047a46f FUN_0047a4d0 FUN_0047d87a"
0047d77e,__controlfp_s,95,3,"FUN_0047a46f FUN_0047d87a __control87"
0047d7dd,FID_conflict:___acrt_errno_from_os_error,67,1,""
0047d820,___acrt_errno_map_os_error,35,0,"FID_conflict:___acrt_errno_from_os_error FUN_0047d867 FUN_0047d87a"
0047d843,FUN_0047d843,36,0,"FID_conflict:___acrt_errno_from_os_error"
0047d867,FUN_0047d867,19,0,"FUN_0047e640"
0047d87a,FUN_0047d87a,19,0,"FUN_0047e640"
0047d88d,fegetround,13,0,"___acrt_fenv_get_common_round_control ___acrt_fenv_get_control"
0047d89a,FUN_0047d89a,176,0,""
0047d94a,FUN_0047d94a,173,0,""
0047d9f7,FUN_0047d9f7,182,0,""
0047daad,FUN_0047daad,182,0,""
0047db63,___acrt_fenv_expand_round_control,54,0,""
0047db99,___acrt_fenv_get_common_round_control,34,0,""
0047dbbb,___acrt_fenv_get_control,128,0,"FUN_0047d89a FUN_0047d94a"
0047dc3b,FUN_0047dc3b,170,0,""
0047dce5,FUN_0047dce5,123,0,"FUN_0047d9f7 FUN_0047daad"
0047dd60,FUN_0047dd60,250,0,""
0047de5a,FUN_0047de5a,254,0,"FUN_0046da40 FUN_0047d87a ___acrt_LCMapStringA"
0047df58,_toupper,48,1,"FUN_0047de5a"
0047df88,FUN_0047df88,58,0,"FID_conflict:___acrt_errno_from_os_error FUN_0047d87a GetLastError HeapFree"
0047dfc2,__malloc_base,78,0,"FUN_0047d6c3 FUN_0047d87a HeapAlloc __callnewh"
0047e010,___acrt_SetEnvironmentVariableA,149,0,"FUN_0047df88 SetEnvironmentVariableW __acrt_get_utf8_acp_compatibility_codepage __acrt_mbs_to_wcs_cp<__crt_win32_buffer_internal_dynamic_resizing>"
0047e0a5,___acrt_SetCurrentDirectoryA,85,0,"FUN_0047df88 SetCurrentDirectoryW __acrt_get_utf8_acp_compatibility_codepage __acrt_mbs_to_wcs_cp<__crt_win32_buffer_internal_dynamic_resizing>"
0047e0fa,___acrt_WideCharToMultiByte,183,0,"WideCharToMultiByte"
0047e1b1,operator()<<lambda_15ade71b0218206bbe3333a0c9b79046>,<lambda_da44e0f8b0f19ba52fefafb335991732>&,<lambda_207f2d024fc103971653565357d6cd41>_>,70,4,"FUN_0047e1f7 __SEH_prolog4 ___acrt_lock"
0047e1f7,FUN_0047e1f7,12,0,"___acrt_unlock"
0047e203,operator()<<lambda_38edbb1296d33220d7e4dd0ed76b244a>,<lambda_5ce1d447e08cb34b2473517608e21441>&,<lambda_fb385d3da700c9147fc39e65dd577a8c>_>,95,4,"FUN_0047df88 FUN_0047e262 __SEH_prolog4 ___acrt_lock"
0047e262,FUN_0047e262,12,0,"___acrt_unlock"
0047e26e,operator()<<lambda_6affb1475c98b40b75cdec977db92e3c>,<lambda_b8d4b9c228a6ecc3f80208dbb4b4a104>&,<lambda_608742c3c92a14382c1684fc64f96c88>_>,73,4,"FUN_0047e2b7 __SEH_prolog4 ___acrt_lock replace_current_thread_locale_nolock"
0047e2b7,FUN_0047e2b7,12,0,"___acrt_unlock"
0047e2c3,operator()<<lambda_a7e850c220f1c8d1e6efeecdedd162c6>,<lambda_46720907175c18b6c9d2717bc0d2d362>&,<lambda_9048902d66e8d99359bc9897bbb930a8>_>,78,4,"FUN_0047e311 __SEH_prolog4 ___acrt_lock replace_current_thread_locale_nolock"
0047e311,FUN_0047e311,12,0,"___acrt_unlock"
0047e31d,construct_ptd,153,2,"operator()<<lambda_15ade71b0218206bbe3333a0c9b79046>,<lambda_da44e0f8b0f19ba52fefafb335991732>&,<lambda_207f2d024fc103971653565357d6cd41>_> operator()<<lambda_a7e850c220f1c8d1e6efeecdedd162c6>,<lambda_46720907175c18b6c9d2717bc0d2d362>&,<lambda_9048902d66e8d99359bc9897bbb930a8>_>"
0047e3b6,destroy_fls,33,1,"FUN_0047df88 destroy_ptd"
0047e3d7,destroy_ptd,205,1,"FUN_0047df88 operator()<<lambda_38edbb1296d33220d7e4dd0ed76b244a>,<lambda_5ce1d447e08cb34b2473517608e21441>&,<lambda_fb385d3da700c9147fc39e65dd577a8c>_> operator()<<lambda_6affb1475c98b40b75cdec977db92e3c>,<lambda_b8d4b9c228a6ecc3f80208dbb4b4a104>&,<lambda_608742c3c92a14382c1684fc64f96c88>_>"
0047e4a4,replace_current_thread_locale_nolock,75,2,"___acrt_add_locale_ref ___acrt_free_locale ___acrt_release_locale_ref"
0047e4ef,FUN_0047e4ef,186,0,"FID_conflict:___acrt_FlsGetValue@4 FUN_0047c1d1 FUN_0047df88 GetLastError SetLastError ___acrt_FlsSetValue@8 __calloc_base construct_ptd"
0047e5aa,FUN_0047e5aa,149,0,"FID_conflict:___acrt_FlsGetValue@4 FUN_0047c1d1 FUN_0047df88 ___acrt_FlsSetValue@8 __calloc_base construct_ptd"
0047e640,FUN_0047e640,177,0,"FID_conflict:___acrt_FlsGetValue@4 FUN_0047df88 GetLastError SetLastError ___acrt_FlsSetValue@8 __calloc_base construct_ptd"
0047e6f1,FUN_0047e6f1,163,0,"FID_conflict:___acrt_FlsGetValue@4 FUN_0047df88 ___acrt_FlsSetValue@8 __calloc_base construct_ptd"
0047e7c0,FUN_0047e7c0,26,0,"FID_conflict:___acrt_FlsGetValue@4"
0047e7da,try_get_AreFileApisANSI,26,0,"try_get_function"
0047e7f4,try_get_CompareStringEx,26,0,"try_get_function"
0047e80e,try_get_GetDateFormatEx,26,0,"try_get_function"
0047e828,try_get_GetTimeFormatEx,26,0,"try_get_function"
0047e842,try_get_LCMapStringEx,26,0,"try_get_function"
0047e85c,try_get_LocaleNameToLCID,26,0,"try_get_function"
0047e876,FUN_0047e876,203,0,"FreeLibrary GetLastError LoadLibraryExW _wcsncmp"
0047e941,try_get_function,131,4,"FUN_0047e876 GetProcAddress __crt_fast_encode_pointer<void*>"
0047e9c4,___acrt_AppPolicyGetProcessTerminationMethodInternal@4,64,0,"guard_check_icall try_get_function"
0047ea04,___acrt_AppPolicyGetThreadInitializationTypeInternal@4,64,0,"guard_check_icall try_get_function"
0047ea44,___acrt_AreFileApisANSI@0,31,0,"guard_check_icall try_get_AreFileApisANSI"
0047ea63,___acrt_CompareStringEx@36,93,0,"CompareStringW ___acrt_LocaleNameToLCID@8 guard_check_icall try_get_CompareStringEx"
0047eac0,___acrt_FlsAlloc@4,63,0,"TlsAlloc guard_check_icall try_get_function"
0047eaff,FID_conflict:___acrt_FlsGetValue@4,63,0,"guard_check_icall try_get_function"
0047eb3e,FID_conflict:___acrt_FlsGetValue@4,63,0,"guard_check_icall try_get_function"
0047eb7d,___acrt_FlsSetValue@8,66,0,"guard_check_icall try_get_function"
0047ebbf,___acrt_GetDateFormatEx@28,87,0,"GetDateFormatW ___acrt_LocaleNameToLCID@8 guard_check_icall try_get_GetDateFormatEx"
0047ec16,___acrt_GetTimeFormatEx@24,69,0,"GetTimeFormatW ___acrt_LocaleNameToLCID@8 guard_check_icall try_get_GetTimeFormatEx"
0047ec5b,___acrt_InitializeCriticalSectionEx@12,75,0,"InitializeCriticalSectionAndSpinCount guard_check_icall try_get_function"
0047eca6,___acrt_LCMapStringEx@36,93,0,"LCMapStringW ___acrt_LocaleNameToLCID@8 guard_check_icall try_get_LCMapStringEx"
0047ed03,___acrt_LocaleNameToLCID@8,49,0,"___acrt_DownlevelLocaleNameToLCID guard_check_icall try_get_LocaleNameToLCID"
0047ed34,FID_conflict:___acrt_SetThreadStackGuarantee@4,59,0,"guard_check_icall try_get_function"
0047ed6f,___acrt_RoUninitialize@0,46,0,"guard_check_icall try_get_function"
0047ed9d,FUN_0047ed9d,63,0,"FUN_0047c1d1 guard_check_icall try_get_function"
0047edf1,___acrt_uninitialize_winapi_thunks,54,0,"FreeLibrary"
0047ee27,___acrt_update_locale_info,45,0,"FUN_00486f05"
0047ee54,FUN_0047ee54,49,0,"FUN_00486f05"
0047ee85,FUN_0047ee85,45,0,"FUN_00485db2"
0047eeb2,FUN_0047eeb2,49,0,"FUN_00485db2"
0047eee3,___acrt_MultiByteToWideChar,124,0,"MultiByteToWideChar"
0047ef5f,FUN_0047ef5f,290,0,""
0047f081,FUN_0047f081,432,0,""
0047f231,__acrt_fp_classify,98,1,""
0047f293,fe_to_nearest,163,3,"__allshl __aullshr"
0047f336,FUN_0047f336,812,0,"FUN_00464ac0 FUN_00472820 FUN_0047a3f2 FUN_0047f662 __alldvrm __aullshr _memset should_round_up"
0047f662,FUN_0047f662,164,0,"FUN_0047f706 FUN_0048762a FUN_00487724"
0047f706,FUN_0047f706,324,0,"FUN_00464df0 FUN_0046d433 FUN_00472820 FUN_0047a3f2 __invoke_watson shift_bytes"
0047f84b,FUN_0047f84b,150,0,"FUN_0047f8e1 FUN_0048762a FUN_00487724"
0047f8e1,FUN_0047f8e1,238,0,"FUN_00472820 _memset shift_bytes"
0047f9cf,FUN_0047f9cf,207,0,"FUN_0047f706 FUN_0047f8e1 FUN_0048762a FUN_00487724"
0047fa9e,FUN_0047fa9e,148,0,"FUN_0046d433 __invoke_watson"
0047fb33,shift_bytes,52,4,"FUN_00464df0"
0047fb67,should_round_up,147,4,"__aullshr fe_to_nearest fegetround"
0047fbfa,FUN_0047fbfa,385,0,"FUN_0047a3f2 FUN_0047f336 FUN_0047f662 FUN_0047f84b FUN_0047f9cf FUN_0047fa9e __acrt_fp_classify"
0047fd7b,FUN_0047fd7b,362,0,"FUN_00472820 FUN_0047a3f2 FUN_00488c5d GetLastError ___acrt_WideCharToMultiByte _memset"
0047fee5,FUN_0047fee5,58,0,"FUN_0046ff90 FUN_0046fff0 FUN_0047fd7b"
0047ff1f,FUN_0047ff1f,307,0,"FUN_00472820 FUN_00488d39 ___acrt_MultiByteToWideChar"
00480052,FUN_00480052,56,0,"FUN_0046ff90 FUN_0046fff0 FUN_0047ff1f"
0048008a,__fileno,39,1,"FUN_0047a46f FUN_0047d87a"
004800b1,FUN_004800b1,21,0,""
004800c6,FUN_004800c6,52,0,"FUN_00484acf"
004800fa,FUN_004800fa,312,0,"FUN_0047c199 FUN_0047fd7b FUN_004800c6 __fileno __security_check_cookie"
00480232,___acrt_should_use_temporary_buffer,59,0,"FUN_00488e84 ___acrt_iob_func __fileno"
0048026d,___acrt_stdio_begin_temporary_buffering_nolock,172,0,"FUN_0047df88 ___acrt_iob_func ___acrt_should_use_temporary_buffer __malloc_base"
00480319,FUN_00480319,62,0,"FUN_004833e5"
00480357,initialize_inherited_file_handles_nolock,182,0,"GetFileType GetStartupInfoW ___acrt_lowio_ensure_fh_exists"
0048040d,FUN_0048040d,176,0,"GetFileType GetStdHandle"
00480514,FUN_00480514,9,0,"___acrt_unlock"
00480549,___pctype_func,36,0,"FUN_0047e4ef ___acrt_update_locale_info"
0048056d,_iswctype,105,2,"___acrt_GetStringTypeW"
004805d6,__isctype_l,203,3,"FUN_0046da40 FUN_00484de0 __security_check_cookie"
004806b0,_isspace,132,1,"FUN_0047e4ef ___acrt_update_locale_info __isctype_l"
00480734,__calloc_base,93,0,"FUN_0047d6c3 FUN_0047d87a HeapAlloc __callnewh"
00480791,FUN_00480791,76,0,"FUN_0046ff90 FUN_0046fff0 FUN_0047b0c5 make_c_string_character_source<>"
004807dd,FUN_004807dd,70,0,"FUN_0046ff90 FUN_0046fff0 FUN_0047aabb make_c_string_character_source<>"
00480823,FUN_00480823,76,0,"FUN_0046ff90 FUN_0046fff0 FUN_0047b38d make_c_string_character_source<>"
00480890,__cintrindisp2,80,0,"FUN_00480971 ___acrt_has_user_matherr __trandisp2"
004808e0,__cintrindisp1,73,0,"FUN_00480971 ___acrt_has_user_matherr __trandisp1"
00480929,__ctrandisp2,65,0,"FUN_0048096a __fload __trandisp2"
0048096a,FUN_0048096a,7,0,""
00480971,FUN_00480971,327,0,"__87except"
00480ab8,__ctrandisp1,51,0,"FUN_0048096a __fload __trandisp1"
00480aeb,__fload,60,0,""
00480b8f,FUN_00480b8f,147,0,"__fload_withFB __math_exit __startOneArgErrorHandling"
00480c30,FUN_00480c30,24,0,"FUN_00480c4e"
00480c48,FUN_00480c48,6,0,""
00480c4e,FUN_00480c4e,425,0,"FUN_00480b8f"
00480f00,FUN_00480f00,24,0,"FUN_00480f1e"
00480f18,FUN_00480f18,6,0,""
00480f1e,FUN_00480f1e,395,0,""
004810ff,FUN_004810ff,151,0,"__fload_withFB __math_exit __startOneArgErrorHandling"
004811a0,FUN_004811a0,24,0,"FUN_004811be"
004811b8,FUN_004811b8,19,0,""
004811be,FUN_004811be,564,0,"FUN_004810ff"
00481510,FUN_00481510,24,0,"FUN_0048152e"
00481528,FUN_00481528,6,0,""
0048152e,FUN_0048152e,1334,0,"___libm_error_support"
00481b50,FUN_00481b50,24,0,"FUN_00481b6e"
00481b68,FUN_00481b68,6,0,""
00481b6e,FUN_00481b6e,681,0,""
00481e35,FUN_00481e35,23,0,""
00481e4c,FUN_00481e4c,25,0,""
00481e65,__fload_withFB,67,0,""
00481ea8,FUN_00481ea8,22,0,""
00481ecb,__math_exit,42,0,"__startOneArgErrorHandling"
00481fb0,FUN_00481fb0,20,0,"FUN_00481ea8 FUN_00481fc4"
00481fc4,FUN_00481fc4,157,0,"FUN_00481e35 FUN_00481e4c __math_exit __startOneArgErrorHandling"
004820e0,FUN_004820e0,9,0,""
00482130,___libm_error_support,500,0,"DecodePointer FUN_0047d87a guard_check_icall"
004823d9,___acrt_get_begin_thread_init_policy,68,0,"___acrt_AppPolicyGetThreadInitializationTypeInternal@4"
0048241d,___acrt_get_process_end_policy,49,0,"___acrt_AppPolicyGetProcessTerminationMethodInternal@4"
00482483,FUN_00482483,6,0,""
00482489,FUN_00482489,6,0,""
0048248f,FUN_0048248f,6,0,""
00482495,FUN_00482495,6,0,""
0048249b,FUN_0048249b,6,0,""
004824a1,FUN_004824a1,44,0,"FUN_0047a46f FUN_0047d87a"
004824cd,FUN_004824cd,44,0,"FUN_0047a46f FUN_0047d87a"
004824f9,FUN_004824f9,44,0,"FUN_0047a46f FUN_0047d87a"
00482525,__crt_time_elapsed_leap_years<int>,58,1,""
0048255f,__crt_time_is_leap_year<int>,66,1,""
004825a1,common_gmtime_s<__int64>,330,2,"FUN_0047a46f FUN_0047d87a __alldiv compute_year"
004826eb,compute_year,185,2,"__alldiv __crt_time_elapsed_leap_years<int> __crt_time_is_leap_year<int>"
004827a4,___getgmtimebuf,62,0,"FUN_0047d87a FUN_0047df88 FUN_0047e640 __malloc_base"
004827e2,FUN_004827e2,11,0,"common_gmtime_s<__int64>"
004827ed,FUN_004827ed,537,0,"FUN_004824a1 FUN_00482a07 __invoke_watson"
00482a07,FUN_00482a07,319,0,"FUN_004824cd __crt_time_elapsed_leap_years<int> __crt_time_is_leap_year<int> __invoke_watson"
00482b47,FUN_00482b47,119,0,"FUN_0047df88 FUN_00489e97 __malloc_base"
00482bbe,FUN_00482bbe,70,0,"FUN_0048671c ___acrt_WideCharToMultiByte __acrt_get_utf8_acp_compatibility_codepage __invoke_watson"
00482c05,FUN_00482c05,657,0,"FUN_0047bd7b FUN_0047df88 FUN_004807dd FUN_00482483 FUN_0048248f FUN_00482495 FUN_0048249b FUN_004824a1 FUN_004824f9 FUN_00482bbe __invoke_watson __malloc_base _memset"
00482e97,FUN_00482e97,345,0,"FUN_0047df88 FUN_00482483 FUN_00482489 FUN_0048248f FUN_00482495 FUN_0048249b FUN_004824a1 FUN_004824cd FUN_004824f9 FUN_0048306a GetTimeZoneInformation ____lc_codepage_func __invoke_watson _memset"
00482ff4,FUN_00482ff4,118,0,"FUN_0047df88 FUN_00482b47 FUN_00482c05 FUN_00482e97 __security_check_cookie"
0048306a,FUN_0048306a,65,0,"FUN_0048671c ___acrt_WideCharToMultiByte __invoke_watson"
004830ac,___tzset,84,0,"FUN_00482ff4 FUN_00483100 __SEH_prolog4 ___acrt_lock"
00483100,FUN_00483100,9,0,"___acrt_unlock"
00483109,__isindst,72,1,"FUN_004827ed FUN_00483154 __SEH_prolog4 ___acrt_lock"
00483154,FUN_00483154,9,0,"___acrt_unlock"
0048315d,FUN_0048315d,162,0,"DeleteCriticalSection FUN_0047df88 FUN_004831ff FUN_00489fc7 __SEH_prolog4 ___acrt_lock"
004831ff,FUN_004831ff,9,0,"___acrt_unlock"
00483208,FUN_00483208,128,0,"FUN_00483288 FUN_0048344e __SEH_prolog4 __lock_file common_flush_all_should_try_to_flush_stream"
00483288,FUN_00483288,12,0,"__unlock_file"
00483294,operator()<<lambda_2cc53f568c5a2bb6f192f930a45d44ea>,<lambda_ab61a845afdef5b7c387490eaf3616ee>&,<lambda_c2ffc0b7726aa6be21d5f0026187e748>_>,160,4,"FUN_00483208 FUN_00483334 __SEH_prolog4 ___acrt_lock common_flush_all_should_try_to_flush_stream"
00483334,FUN_00483334,12,0,"___acrt_unlock"
00483340,common_flush_all,77,1,"operator()<<lambda_2cc53f568c5a2bb6f192f930a45d44ea>,<lambda_ab61a845afdef5b7c387490eaf3616ee>&,<lambda_c2ffc0b7726aa6be21d5f0026187e748>_>"
0048338d,common_flush_all_should_try_to_flush_stream,51,2,"is_stream_flushable_or_commitable"
004833c0,is_stream_flushable_or_commitable,37,1,""
004833e5,FUN_004833e5,105,0,"FUN_0048a8c4 __fileno"
0048344e,FUN_0048344e,101,0,"FUN_0046ff90 FUN_0046fff0 FUN_004833e5 __commit __fileno common_flush_all"
004834b3,__flushall,9,0,"common_flush_all"
004834bc,___acrt_stdio_free_buffer_nolock,64,0,"FUN_0047df88"
004834fc,compute_iso_week,73,3,"__crt_time_is_leap_year<int> compute_iso_week_internal"
00483545,compute_iso_week_internal,149,3,"__crt_time_is_leap_year<int>"
004835da,compute_iso_year,43,3,"compute_iso_week_internal"
00483605,FUN_00483605,2455,0,"FUN_0047a46f FUN_0047d87a FUN_0048249b FUN_004824cd FUN_004824f9 FUN_00483605 FUN_004840bd FUN_004840f0 ___tzset compute_iso_week compute_iso_year store_number"
00483fbd,store_number,148,5,"store_number_without_lead_zeroes"
00484051,store_number_without_lead_zeroes,108,3,""
004840bd,FUN_004840bd,51,0,""
004840f0,FUN_004840f0,1081,0,"FUN_0047d87a FUN_00483605 FUN_00484689 FUN_0048ac48 ___acrt_GetDateFormatEx@28 ___acrt_GetTimeFormatEx@24 __alloca_probe_16 __malloc_base __security_check_cookie"
00484529,FUN_00484529,352,0,"FUN_0046da40 FUN_0047a46f FUN_0047d87a FUN_00483605"
00484689,FUN_00484689,32,0,"FUN_0047df88"
004846a9,FUN_004846a9,246,0,"FUN_00484899 FUN_00488ef3 ___acrt_should_use_temporary_buffer __fileno stream_is_at_end_of_file_nolock"
0048479f,FUN_0048479f,250,0,"FUN_0048496b FUN_00488ef3 ___acrt_should_use_temporary_buffer __fileno stream_is_at_end_of_file_nolock"
00484899,FUN_00484899,210,0,"FUN_0048a8c4 FUN_0048aef2 __fileno"
0048496b,FUN_0048496b,212,0,"FUN_0048a8c4 FUN_0048aef2 __fileno"
00484a3f,stream_is_at_end_of_file_nolock,133,1,"FUN_0048694c GetFileSizeEx SetFilePointerEx"
00484ac4,FUN_00484ac4,11,0,"FUN_004846a9"
00484acf,FUN_00484acf,11,0,"FUN_0048479f"
00484ada,operator()<<lambda_cbab9ec6f41b0180b23cc171c22676b0>,<lambda_44731a7d0e6d81c3e6aa82d741081786>&,<lambda_4b292cb8dd18144e164572427af410ab>_>,85,4,"FUN_00484b32 __SEH_prolog4 ___acrt_lock"
00484b32,FUN_00484b32,12,0,"___acrt_unlock"
00484b3e,get_global_action_nolock,66,1,""
00484b80,siglookup,40,2,""
00484ba8,___acrt_get_sigabrt_handler,39,0,"operator()<<lambda_cbab9ec6f41b0180b23cc171c22676b0>,<lambda_44731a7d0e6d81c3e6aa82d741081786>&,<lambda_4b292cb8dd18144e164572427af410ab>_>"
00484bcf,FUN_00484bcf,30,0,""
00484bed,FUN_00484bed,474,0,"FUN_0047a46f FUN_0047c6b3 FUN_0047d87a FUN_0047e4ef FUN_0047e640 FUN_00484d79 __SEH_prolog4 ___acrt_lock ___acrt_unlock get_global_action_nolock guard_check_icall siglookup"
00484d79,FUN_00484d79,15,0,"___acrt_unlock"
00484de0,FUN_00484de0,265,0,"FUN_0046da40 FUN_00484689 GetStringTypeW ___acrt_MultiByteToWideChar __alloca_probe_16 __malloc_base __security_check_cookie _memset"
00484ee9,FUN_00484ee9,494,0,"FUN_00484689 ___acrt_LCMapStringEx@36 ___acrt_MultiByteToWideChar ___acrt_WideCharToMultiByte ___strncnt __alloca_probe_16 __malloc_base __security_check_cookie"
004850d7,___acrt_LCMapStringA,73,0,"FUN_0046da40 FUN_00484ee9"
00485161,___acrt_lock,23,0,"EnterCriticalSection"
00485178,FUN_00485178,49,0,"DeleteCriticalSection"
004851a9,___acrt_unlock,23,0,"LeaveCriticalSection"
004851c0,FUN_004851c0,24,0,""
004851d8,FUN_004851d8,380,0,"FUN_0047a46f FUN_0047d87a FUN_0047df88 FUN_00485355 FUN_00485406 FUN_0048568b FUN_0048b007 ___acrt_allocate_buffer_for_argv __invoke_watson _strpbrk"
00485355,FUN_00485355,176,0,"FUN_0047df88 FUN_0048b007 __calloc_base __invoke_watson expand_if_necessary"
00485406,FUN_00485406,645,0,"FUN_0046d5cc FUN_0047df88 FUN_00485355 FindClose FindFirstFileExW FindNextFileW __acrt_get_utf8_acp_compatibility_codepage __acrt_mbs_to_wcs_cp<__crt_win32_buffer_internal_dynamic_resizing> __mbsdec __security_check_cookie _qsort"
0048568b,FUN_0048568b,41,0,"FUN_0047df88"
004856b4,expand_if_necessary,135,0,"FUN_0047df88 __calloc_base __recalloc_base"
0048573b,FUN_0048573b,11,0,"FUN_004851d8"
00485746,___acrt_GetModuleFileNameA,161,0,"FUN_0047bf65 GetLastError GetModuleFileNameW ___acrt_errno_map_os_error __acrt_get_utf8_acp_compatibility_codepage __security_check_cookie"
004857e7,operator()<<lambda_ceb1ee4838e85a9d631eb091e2fbe199>,<lambda_ae742caa10f662c28703da3d2ea5e57e>&,<lambda_cd08b5d6af4937fe54fc07d0c9bf6b37>_>,65,4,"FUN_00485828 __SEH_prolog4 ___acrt_lock operator()"
00485828,FUN_00485828,12,0,"___acrt_unlock"
00485834,operator(),131,1,"FUN_0047df88 _memcpy_s"
004858b7,CPtoLocaleName,62,1,""
004858f5,getSystemCP,113,1,"FUN_0046da40 GetACP GetOEMCP"
00485966,FUN_00485966,99,0,"_memset"
004859c9,FUN_004859c9,428,0,"FUN_00484de0 GetCPInfo ___acrt_LCMapStringA __security_check_cookie"
00485b75,FUN_00485b75,341,0,"FUN_0047d62f FUN_0047d87a FUN_0047df88 FUN_00485cca FUN_00485dc5 __malloc_base getSystemCP operator()<<lambda_ceb1ee4838e85a9d631eb091e2fbe199>,<lambda_ae742caa10f662c28703da3d2ea5e57e>&,<lambda_cd08b5d6af4937fe54fc07d0c9bf6b37>_>"
00485cca,FUN_00485cca,129,0,"FUN_0047c1d1 FUN_0047df88 FUN_00485d49 FUN_00485d52 __SEH_prolog4 ___acrt_lock"
00485d49,FUN_00485d49,9,0,"___acrt_unlock"
00485d52,FUN_00485d52,18,0,""
00485d6a,___acrt_initialize_multibyte,72,0,"FUN_0047e5aa FUN_00485b75"
00485db2,FUN_00485db2,19,0,"FUN_0047e4ef FUN_00485cca"
00485dc5,FUN_00485dc5,520,0,"CPtoLocaleName FUN_00485966 FUN_004859c9 GetCPInfo IsValidCodePage __security_check_cookie _memset getSystemCP"
00485fcd,FUN_00485fcd,80,0,"FUN_0046da40"
0048601d,__ismbblead,24,1,"FUN_00485fcd"
0048604e,find_end_of_double_null_terminated_sequence,55,1,""
00486085,FUN_00486085,160,0,"FUN_0047df88 FreeEnvironmentStringsW GetEnvironmentStringsW ___acrt_WideCharToMultiByte __malloc_base find_end_of_double_null_terminated_sequence"
00486125,FUN_00486125,78,0,"FUN_00464df0 FUN_0047df88 FreeEnvironmentStringsW GetEnvironmentStringsW __malloc_base find_end_of_double_null_terminated_sequence"
00486173,FUN_00486173,638,0,"FUN_00464d4e FUN_0047bd7b FUN_0047d87a FUN_0047df88 FUN_004864b0 SetEnvironmentVariableW __calloc_base __invoke_watson __recalloc_base find_in_environment_nolock<wchar_t> thunk_FUN_0047ca10"
004863f2,FUN_004863f2,189,0,"FUN_0047bd7b FUN_0047c1d1 FUN_0047df88 __calloc_base __invoke_watson"
004864b0,FUN_004864b0,26,0,"FUN_004863f2"
004864ca,find_in_environment_nolock<wchar_t>,88,2,"__wcsnicoll"
00486522,FUN_00486522,11,0,"FUN_00486173"
0048652d,__recalloc_base,109,0,"FID_conflict:__msize_base FUN_0047d87a __realloc_base _memset"
004865b5,___acrt_execute_initializers,104,0,"guard_check_icall"
0048661d,___acrt_execute_uninitializers,49,0,"guard_check_icall"
0048664e,FUN_0048664e,206,0,"FUN_0047a46f FUN_0047d87a"
0048671c,FUN_0048671c,11,0,"FUN_0048664e"
00486727,___acrt_lowio_create_handle_array,123,0,"FUN_0047df88 ___acrt_InitializeCriticalSectionEx@12 __calloc_base"
004867a2,___acrt_lowio_destroy_handle_array,53,0,"DeleteCriticalSection FUN_0047df88"
004867d7,___acrt_lowio_ensure_fh_exists,146,0,"FUN_0047a46f FUN_0047d87a FUN_0048686c __SEH_prolog4 ___acrt_lock ___acrt_lowio_create_handle_array"
0048686c,FUN_0048686c,9,0,"___acrt_unlock"
00486875,FUN_00486875,35,0,"EnterCriticalSection"
00486898,___acrt_lowio_unlock_fh,35,0,"LeaveCriticalSection"
004868bb,FUN_004868bb,145,0,"FUN_0047d455 FUN_0047d867 FUN_0047d87a SetStdHandle"
0048694c,FUN_0048694c,106,0,"FUN_0047a46f FUN_0047d867 FUN_0047d87a"
004869cc,___acrt_locale_free_monetary,254,0,"FUN_0047df88"
00486aca,___acrt_locale_free_numeric,105,0,"FUN_0047df88"
00486b33,FUN_00486b33,37,0,"FUN_0047df88"
00486b58,___acrt_locale_free_time,228,0,"FUN_0047df88 FUN_00486b33"
00486c3c,___acrt_add_locale_ref,125,0,"___acrt_locale_add_lc_time_reference"
00486cb9,___acrt_free_locale,328,0,"FUN_0047df88 ___acrt_locale_free_lc_time_if_unreferenced ___acrt_locale_free_monetary ___acrt_locale_free_numeric"
00486e01,___acrt_locale_add_lc_time_reference,41,0,""
00486e2a,___acrt_locale_free_lc_time_if_unreferenced,49,0,"FUN_0047df88 ___acrt_locale_free_time"
00486e5b,___acrt_locale_release_lc_time_reference,41,0,""
00486e84,___acrt_release_locale_ref,129,0,"___acrt_locale_release_lc_time_reference"
00486f05,FUN_00486f05,98,0,"FUN_0047c1d1 FUN_0047e4ef FUN_00486f65 FUN_00486f6e __SEH_prolog4 ___acrt_lock __updatetlocinfoEx_nolock"
00486f65,FUN_00486f65,9,0,"___acrt_unlock"
00486f6e,FUN_00486f6e,18,0,""
00486f86,__updatetlocinfoEx_nolock,80,0,"___acrt_add_locale_ref ___acrt_free_locale ___acrt_release_locale_ref"
00486fd9,FID_conflict:__msize_base,51,1,"FUN_0047a46f FUN_0047d87a HeapSize"
0048700c,___hw_cw_sse2,167,0,""
004870b3,__clearfp,222,0,""
00487191,__control87,769,2,"___hw_cw_sse2 ___set_fpsr_sse2 __hw_cw"
00487492,__hw_cw,158,0,""
00487530,FID_conflict:GetTableIndexFromLocaleName,80,0,"FUN_0048b7a9"
00487580,___acrt_DownlevelLocaleNameToLCID,44,0,"FID_conflict:GetTableIndexFromLocaleName"
004875ac,FUN_004875ac,126,0,"fegetround"
0048762a,FUN_0048762a,250,0,"FUN_00464df0 FUN_0047a3f2 FUN_004875ac"
00487724,FUN_00487724,5432,0,"FUN_00464df0 FUN_0046d433 FUN_00478340 FUN_0048b860 FUN_0048b8b0 FUN_0048b9c0 __acrt_fp_classify __allshl __controlfp_s __invoke_watson __security_check_cookie _memcpy_s _memset fegetenv fesetenv thunk_FUN_004b2780"
00488c5d,FUN_00488c5d,176,0,"FUN_0048badd FUN_0048baf1"
00488d0d,FUN_00488d0d,44,0,""
00488d39,FUN_00488d39,67,0,"FUN_0048bb13"
00488d7c,FUN_00488d7c,264,0,"FUN_00488d0d FUN_0048bb13"
00488e84,FUN_00488e84,86,0,"FUN_0047a46f FUN_0047d87a"
00488eda,___acrt_GetStringTypeW,25,0,"GetStringTypeW"
00488ef3,FUN_00488ef3,92,0,"FUN_0047df88 __calloc_base"
00488f50,__trandisp1,117,0,"guard_check_icall"
00488fc5,__trandisp2,154,0,"guard_check_icall"
0048919d,FUN_0048919d,7,0,""
004891a4,__87except,266,0,"FUN_00489419 ___acrt_has_user_matherr ___acrt_invoke_user_matherr __ctrlfp __raise_exc __security_check_cookie __set_errno_from_matherr"
004892b0,FUN_004892b0,23,0,""
004892c7,__startOneArgErrorHandling,60,0,"__87except"
00489303,__frnd,20,0,""
00489317,__errcode,52,0,""
0048934b,__except1,206,0,"FUN_00489419 FUN_004899da ___acrt_has_user_matherr __ctrlfp __errcode __raise_exc_ex __security_check_cookie __set_errno_from_matherr"
00489419,FUN_00489419,633,0,"FUN_00489a7a FUN_00489c92 fegetround"
00489692,__raise_exc,35,0,"__raise_exc_ex"
004896b5,__raise_exc_ex,758,0,"RaiseException __clrfp __statfp"
004899ab,__set_errno_from_matherr,47,0,"FUN_0047d87a"
004899da,FUN_004899da,160,0,"___acrt_invoke_user_matherr __ctrlfp __set_errno_from_matherr"
00489a7a,FUN_00489a7a,210,0,"__set_exp"
00489b4c,__set_exp,45,0,""
00489b79,__sptype,94,0,""
00489bd7,___set_fpsr_sse2,80,0,"__SEH_prolog4"
00489c57,__clrfp,17,0,""
00489c68,__ctrlfp,42,0,""
00489c92,FUN_00489c92,89,0,""
00489ceb,__statfp,16,0,""
00489cfb,common_getenv_nolock<wchar_t>,132,1,"__wcsnicoll thunk_FUN_0047ca10"
00489d7f,common_getenv_s<>,83,0,"FUN_00489dd5 FUN_00489dde __SEH_prolog4 ___acrt_lock"
00489dd5,FUN_00489dd5,9,0,"___acrt_unlock"
00489dde,FUN_00489dde,184,0,"FUN_0047a46f FUN_0047bd7b FUN_0047d87a __invoke_watson common_getenv_nolock<wchar_t>"
00489e97,FUN_00489e97,11,0,"common_getenv_s<>"
00489ea2,FUN_00489ea2,137,0,"FUN_0047a3f2 FUN_00489f31 FUN_00489f39 __SEH_prolog4 __acrt_stdio_free_stream __lock_file"
00489f31,FUN_00489f31,8,0,"__unlock_file"
00489f39,FUN_00489f39,142,0,"FUN_0047a3f2 FUN_0047df88 FUN_004833e5 FUN_0048bd62 ___acrt_stdio_free_buffer_nolock __acrt_stdio_free_stream __fileno"
00489fc7,FUN_00489fc7,48,0,"FUN_0046ff90 FUN_0046fff0 FUN_00489ea2"
00489ff7,FUN_00489ff7,147,0,"FUN_0047d867 FUN_0047d87a FUN_00486875 FUN_0048694c FUN_0048a08d FlushFileBuffers GetLastError __SEH_prolog4"
0048a08d,FUN_0048a08d,12,0,"___acrt_lowio_unlock_fh"
0048a099,__commit,125,1,"FUN_0047a46f FUN_0047d87a FUN_00489ff7"
0048a116,FUN_0048a116,973,0,"FUN_00464df0 FUN_00472820 FUN_0047ff1f FUN_00488d7c GetConsoleOutputCP GetLastError WriteFile ___acrt_WideCharToMultiByte __security_check_cookie"
0048a4e8,write_double_translated_unicode_nolock,104,2,"GetLastError __putwch_nolock"
0048a550,FUN_0048a550,126,0,"FUN_00472820 FUN_00488e84 GetConsoleMode"
0048a5ce,write_text_ansi_nolock,219,3,"GetLastError WriteFile __alloca_probe __security_check_cookie"
0048a6a9,write_text_utf16le_nolock,233,3,"GetLastError WriteFile __alloca_probe __security_check_cookie"
0048a792,write_text_utf8_nolock,306,3,"GetLastError WriteFile ___acrt_WideCharToMultiByte __alloca_probe __security_check_cookie"
0048a8c4,FUN_0048a8c4,250,0,"FUN_0047a3f2 FUN_00486875 FUN_0048a98c FUN_0048a9cc __SEH_prolog4"
0048a98c,FUN_0048a98c,8,0,"___acrt_lowio_unlock_fh"
0048a9cc,FUN_0048a9cc,512,0,"FUN_0047a3f2 FUN_0047d843 FUN_0048a116 FUN_0048a550 FUN_0048af32 GetLastError WriteFile write_double_translated_unicode_nolock write_text_ansi_nolock write_text_utf16le_nolock write_text_utf8_nolock"
0048abcc,FUN_0048abcc,61,0,""
0048ac09,__towlower_internal,63,0,"FUN_0048bf12"
0048ac48,FUN_0048ac48,73,0,"FUN_0047a46f FUN_0047d87a FUN_0048abcc FUN_0048ac91"
0048ac91,FUN_0048ac91,184,0,"FUN_0046da40 FUN_0047a46f FUN_0047d87a FUN_0048abcc __towlower_internal"
0048ad49,FUN_0048ad49,277,0,"FUN_0047a3f2 FUN_00486875 FUN_0048ae2b FUN_0048ae6f __SEH_prolog4"
0048ae2b,FUN_0048ae2b,8,0,"___acrt_lowio_unlock_fh"
0048ae6f,FUN_0048ae6f,131,0,"FUN_0047d843 FUN_0048694c GetLastError SetFilePointerEx"
0048aef2,FUN_0048aef2,64,0,"FUN_0046ff90 FUN_0046fff0 FUN_0048ad49"
0048af32,FUN_0048af32,30,0,"FUN_0048ae6f"
0048af50,FUN_0048af50,183,0,"FUN_0047a46f FUN_0047d87a"
0048b007,FUN_0048b007,11,0,"FUN_0048af50"
0048b012,___strncnt,28,0,""
0048b030,_qsort,1229,4,"FUN_0047a46f FUN_0047d87a __security_check_cookie guard_check_icall"
0048b520,_strpbrk,64,2,""
0048b560,__mbsdec,23,2,"__mbsdec_l"
0048b577,__mbsdec_l,141,3,"FUN_0046da40 FUN_0047a46f FUN_0047d87a"
0048b613,__wcsnicoll,109,3,"FUN_0047a46f FUN_0047d87a FUN_0048b7a9 __wcsnicoll_l"
0048b680,__wcsnicoll_l,192,4,"FUN_0046da40 FUN_0047a46f FUN_0047d87a FUN_0048b7a9 ___acrt_CompareStringW"
0048b740,__realloc_base,105,0,"FUN_0047d6c3 FUN_0047d87a FUN_0047df88 HeapReAlloc __callnewh __malloc_base"
0048b7a9,FUN_0048b7a9,79,0,""
0048b7f8,fegetenv,29,0,"FUN_0047dc3b ___acrt_fenv_get_control"
0048b815,fesetenv,75,0,"FUN_0047dce5 FUN_0047dd60 fegetenv"
0048b860,FUN_0048b860,77,0,"__clearfp fegetenv fesetenv"
0048b8b0,FUN_0048b8b0,79,0,"FUN_00481ea8 FUN_0048b908 FUN_0048c050"
0048b908,FUN_0048b908,184,0,"FUN_00481e4c __math_exit __startOneArgErrorHandling"
0048b9c0,FUN_0048b9c0,466,0,"___libm_error_support __ctrlfp __except1 __frnd __sptype"
0048badd,FUN_0048badd,20,0,""
0048baf1,FUN_0048baf1,34,0,""
0048bb13,FUN_0048bb13,446,0,"FUN_0048badd FUN_0048baf1 __security_check_cookie"
0048bcd1,FUN_0048bcd1,130,0,"FUN_00486875 FUN_0048bd56 FUN_0048be05 __SEH_prolog4"
0048bd56,FUN_0048bd56,12,0,"___acrt_lowio_unlock_fh"
0048bd62,FUN_0048bd62,163,0,"FUN_0047a3f2 FUN_0048bcd1"
0048be05,FUN_0048be05,160,0,"CloseHandle FUN_0047d843 FUN_004868bb FUN_0048694c GetLastError"
0048bea5,__acrt_stdio_free_stream,59,1,""
0048bee0,__putwch_nolock,50,1,"___dcrt_lowio_ensure_console_output_initialized ___dcrt_write_console"
0048bf12,FUN_0048bf12,217,0,"FUN_0046da40 ___acrt_LCMapStringW"
0048bfeb,___acrt_CompareStringW,101,0,"FUN_0047f081 ___acrt_CompareStringEx@36"
0048c050,FUN_0048c050,24,0,"FUN_0048c06e"
0048c06e,FUN_0048c06e,614,0,"___libm_error_support"
0048c59b,__dcrt_lowio_initialize_console_output,31,0,"CreateFileW"
0048c5ba,___dcrt_lowio_ensure_console_output_initialized,31,0,"__dcrt_lowio_initialize_console_output"
0048c5d9,FID_conflict:___dcrt_terminate_console_output,23,0,"CloseHandle"
0048c5f0,___dcrt_write_console,85,0,"FID_conflict:___dcrt_terminate_console_output GetLastError WriteConsoleW __dcrt_lowio_initialize_console_output"
0048c645,___acrt_LCMapStringW,62,0,"FUN_0047f081 ___acrt_LCMapStringEx@36"
0048c690,___ascii_strnicmp,97,3,""
0048c6f1,FUN_0048c6f1,104,0,"__fpclass __frnd"
0048c759,FUN_0048c759,299,0,"FUN_0048c6f1"
0048c884,__fpclass,164,1,"__sptype"
0048c930,FUN_0048c930,7,0,""
0048c940,FUN_0048c940,196,0,"FUN_0043b070 FUN_0048dd60 FUN_00490b70"
0048ca10,FUN_0048ca10,122,0,"FUN_0043b040 thunk_FUN_0043d710"
0048ca8f,FUN_0048ca8f,8,0,"FUN_0048caa0"
0048caa0,FUN_0048caa0,165,0,"FUN_004383d0 FUN_0043b040 FUN_0046338c thunk_FUN_0043d710"
0048cb50,FUN_0048cb50,13,0,""
0048cb60,FUN_0048cb60,39,0,"FUN_0048e1a0"
0048cb90,FUN_0048cb90,48,0,"FUN_0043a440"
0048cbc0,FUN_0048cbc0,138,0,"FUN_0043a440 FUN_00442e80 FUN_00442ee0"
0048cc50,FUN_0048cc50,81,0,"FUN_0048d9c0"
0048ccb0,FUN_0048ccb0,2126,0,"FUN_0040fb20 FUN_004383d0 FUN_00438660 FUN_00438a40 FUN_00438b00 FUN_00439e00 FUN_00439e10 FUN_00439e50 FUN_00439e60 FUN_00439e70 FUN_0043a3e0 FUN_0043a410 FUN_0043a480 FUN_0043a660 FUN_0043b070 FUN_0043b140 FUN_00442e80 FUN_00442ee0 FUN_00443000 FUN_0048ccb0 FUN_0048d900 FUN_0048d9c0 FUN_0048da20 FUN_0048db80 FUN_0048dc20 FUN_0048de70 _memset thunk_FUN_0043d710"
0048d900,FUN_0048d900,182,0,"FUN_00438a40 FUN_0043a3e0 FUN_0043b070 FUN_0048e1a0"
0048d9c0,FUN_0048d9c0,93,0,"FUN_0043a3e0 FUN_0043b070 _memset"
0048da20,FUN_0048da20,338,0,"FUN_00436c50 FUN_004380d0 FUN_0043a3e0 FUN_0043b070"
0048db80,FUN_0048db80,159,0,""
0048dc20,FUN_0048dc20,308,0,"FUN_004383d0 FUN_00438a40 FUN_00438b00"
0048dd60,FUN_0048dd60,151,0,"FUN_00494ae0"
0048ddf7,FUN_0048ddf7,8,0,"FUN_0048de00"
0048de00,FUN_0048de00,47,0,"FUN_004383d0 FUN_0046338c FUN_00494b40"
0048de30,FUN_0048de30,52,0,"FUN_0048e1a0"
0048de70,FUN_0048de70,294,0,"FUN_0043a410 FUN_0043b070 FUN_0043c2a0 FUN_0048dfe0 FUN_00490240 thunk_FUN_0043d710"
0048dfa0,FUN_0048dfa0,61,0,"FUN_0043a440"
0048dfe0,FUN_0048dfe0,447,0,"FUN_004383d0 FUN_00438a40 FUN_00438b00 FUN_0043b070 FUN_0043c190 FUN_0048cbc0 FUN_0048ccb0 FUN_0048d900 FUN_0048e1a0"
0048e1a0,FUN_0048e1a0,7290,0,"FUN_0040fb20 FUN_00436c50 FUN_004380d0 FUN_00438660 FUN_0043a440 FUN_0043a640 FUN_0043b070 FUN_0043b140 FUN_0048cb60 FUN_0048cb90 FUN_0048cbc0 FUN_0048cc50 FUN_0048ccb0 FUN_0048d900 FUN_0048db80 FUN_0048dc20 FUN_0048de70"
00490220,FUN_00490220,24,0,""
00490240,FUN_00490240,574,0,"FUN_0043b070 FUN_00464df0 _memset thunk_FUN_0043d710"
00490480,FUN_00490480,58,0,""
004904ba,FUN_004904ba,8,0,"FUN_00494bd0"
004904d0,FUN_004904d0,39,0,"FUN_00491220"
00490500,FUN_00490500,135,0,"FUN_0043a440 FUN_00442e80 FUN_00442ee0 FUN_00490b30"
00490590,FUN_00490590,411,0,"FUN_004383d0 FUN_00438a40 FUN_00438b00 FUN_00439e00 FUN_00439e10 FUN_00439e50 FUN_00439e60 FUN_00439e70 FUN_0043a410 FUN_0043a480 FUN_0043a660 FUN_0043b070 FUN_00490b30 _memset thunk_FUN_0043d710"
00490730,FUN_00490730,266,0,"FUN_0043a3e0 FUN_0043b070 FUN_00490b30 _memset"
00490840,FUN_00490840,328,0,"FUN_00436c50 FUN_004380d0 FUN_0043a3e0 FUN_0043b070 FUN_00490b30"
00490990,FUN_00490990,133,0,"__allshl"
00490a20,FUN_00490a20,271,0,"FUN_004383d0 FUN_00438a40 FUN_00438b00 FUN_00490b30"
00490b30,FUN_00490b30,59,0,""
00490b70,FUN_00490b70,151,0,"FUN_00494ae0"
00490c10,FUN_00490c10,105,0,""
00490dc0,FUN_00490dc0,52,0,"FUN_00491220"
00490e00,FUN_00490e00,311,0,"FUN_0043a410 FUN_0043b070 FUN_0043c2a0 FUN_00490b30 FUN_00490f40 FUN_00494880 thunk_FUN_0043d710"
00490f40,FUN_00490f40,728,0,"FUN_004383d0 FUN_00438a40 FUN_00438b00 FUN_0043a440 FUN_0043b070 FUN_0043c190 FUN_00442e80 FUN_00442ee0 FUN_00490b30 FUN_00490c10 FUN_00491220 _memset thunk_FUN_0043d710"
00491220,FUN_00491220,12885,0,"FUN_0040fb20 FUN_00436c50 FUN_004380d0 FUN_00438660 FUN_00438a40 FUN_0043a3e0 FUN_0043a440 FUN_0043a640 FUN_0043b070 FUN_0043b140 FUN_00442e80 FUN_00442ee0 FUN_00443000 FUN_0048cb90 FUN_004904d0 FUN_00490500 FUN_00490590 FUN_00490730 FUN_00490840 FUN_00490990 FUN_00490a20 FUN_00490b30 FUN_00490e00 _memset"
00494880,FUN_00494880,569,0,"FUN_0043b070 FUN_00464df0 _memset thunk_FUN_0043d710"
00494ac0,FUN_00494ac0,30,0,""
00494ae0,FUN_00494ae0,96,0,""
00494b40,FUN_00494b40,42,0,"FUN_0043b040"
00494b6a,FUN_00494b6a,8,0,"FUN_00494b80"
00494b80,FUN_00494b80,72,0,"FUN_0043b040 FUN_0046338c"
00494bd0,FUN_00494bd0,379,0,"FUN_00436b80 FUN_00436c50 FUN_00436f50 FUN_004374e0 FUN_00437840 FUN_004383d0 FUN_004383e0 FUN_00438a40 FUN_00438b00"
00494d50,FUN_00494d50,12,0,""
00494d60,FUN_00494d60,12,0,""
00494d70,FUN_00494d70,22,0,""
00494d90,FUN_00494d90,101,0,"FUN_00436c50 FUN_00444580"
00494e00,FUN_00494e00,64,0,"FUN_00436f50 FUN_004383d0 FUN_0043c4e0"
00494e40,FUN_00494e40,139,0,"FUN_004383d0 FUN_00438a40 FUN_00438b00 FUN_00444040"
00494ed0,FUN_00494ed0,3,0,""
00494ee0,FUN_00494ee0,258,0,"FUN_004383d0 FUN_00438950 FUN_00438a40 FUN_00438b00 FUN_00444040"
00494ff0,FUN_00494ff0,4,0,""
00495000,FUN_00495000,5,0,""
00495010,FUN_00495010,12,0,"FUN_004374e0"
00495020,FUN_00495020,878,0,"FUN_00433130 FUN_00436af0 FUN_00436b80 FUN_00436c50 FUN_00436e70 FUN_00436f50 FUN_00436ff0 FUN_00437080 FUN_004374e0 FUN_004377b0 FUN_00437840 FUN_00437e90 FUN_004383e0"
00495390,FUN_00495390,18,0,""
004953b0,FUN_004953b0,18,0,""
004953d0,FUN_004953d0,18,0,""
004953f0,FUN_004953f0,18,0,""
00495410,FUN_00495410,18,0,""
00495430,FUN_00495430,97,0,"FUN_00444580"
004954a0,FUN_004954a0,53,0,"FUN_004383d0 FUN_0043c4e0"
004954e0,FUN_004954e0,380,0,"FUN_00436af0 FUN_00436b80 FUN_00436c50 FUN_00436e70 FUN_00436f50 FUN_00436ff0 FUN_004377b0 FUN_00437840 FUN_004383e0"
00495660,FUN_00495660,153,0,"FUN_0043c340"
00495700,FUN_00495700,414,0,"FUN_004383d0 FUN_00438880 FUN_00438950 FUN_00438a40 FUN_00438b00"
004958a0,FUN_004958a0,380,0,"FUN_00436af0 FUN_00436b80 FUN_00436c50 FUN_00436e70 FUN_00436f50 FUN_00436ff0 FUN_004377b0 FUN_00437840 FUN_004383e0"
00495a20,FUN_00495a20,30,0,"FUN_004996e0 thunk_FUN_0043d710"
00495a40,FUN_00495a40,217,0,"FUN_0040f860 FUN_0043b070 FUN_0043b080 FUN_00496090 FUN_004994a0"
00495b20,FUN_00495b20,124,0,"FUN_0048c930 thunk_FUN_0043d710"
00495bb0,FUN_00495bb0,11,0,"FUN_0048c930"
00495bc0,FUN_00495bc0,151,0,"FUN_0043b0e0 FUN_0048c930 thunk_FUN_0043d710"
00495c60,FUN_00495c60,145,0,"FUN_0046338c FUN_0048c930 thunk_FUN_0043d710"
00495d00,FUN_00495d00,176,0,"FUN_0043b0e0 FUN_0046338c FUN_0048c930 thunk_FUN_0043d710"
00495dc0,FUN_00495dc0,589,0,"FUN_0040fb20 FUN_00436b80 FUN_00436c50 FUN_00436cf0 FUN_00436e70 FUN_00436f50 FUN_004374e0 FUN_00437840 FUN_00437bf0 FUN_00437e90 FUN_00438160 FUN_00494d70 FUN_00496090 FUN_0049be70"
00496010,FUN_00496010,113,0,"FUN_004383d0 FUN_00438a40 FUN_00438b00"
00496090,FUN_00496090,405,0,"FUN_0040fb20 FUN_0043b070 FUN_00443fc0 FUN_00494d70 FUN_0049be60 FUN_0049d5e0 FUN_004a1a40"
00496240,FUN_00496240,62,0,"FUN_0040fb20"
00496280,FUN_00496280,40,0,""
004962b0,FUN_004962b0,10,0,""
004962c0,FUN_004962c0,8,0,""
004962d0,FUN_004962d0,8,0,"FUN_0049be40"
004962e0,FUN_004962e0,8,0,"FUN_0049be50"
004962f0,FUN_004962f0,4,0,""
00496300,FUN_00496300,8,0,"FUN_0040fb20"
00496310,FUN_00496310,8,0,"FUN_0049be70"
00496320,FUN_00496320,12,0,"FUN_0049bf60"
00496330,FUN_00496330,12,0,"FUN_0049bfe0"
00496340,FUN_00496340,31,0,""
00496360,FUN_00496360,12,0,""
00496370,FUN_00496370,31,0,"FUN_00499790 FUN_0049cb70"
00496390,FUN_00496390,8,0,"FUN_0049cc50"
004963a0,FUN_004963a0,10,0,""
004963b0,FUN_004963b0,10,0,""
004963c0,FUN_004963c0,36,0,""
004963f0,FUN_004963f0,8,0,""
00496400,FUN_00496400,13,0,""
00496410,FUN_00496410,12,0,"FUN_0043b260"
00496420,FUN_00496420,26,0,"FUN_0040f860"
00496440,FUN_00496440,1365,0,"FUN_00435ac0 FUN_00436b80 FUN_00436c50 FUN_00436f50 FUN_00436fb0 FUN_004374e0 FUN_004377b0 FUN_00437840 FUN_004383e0 FUN_00456280 FUN_00499770 FUN_0049beb0 FUN_0049bec0 FUN_0049bed0 FUN_0049bee0 FUN_0049bef0 timeGetTime"
004969a0,FUN_004969a0,21,0,"thunk_FUN_0043d710"
004969c0,FUN_004969c0,412,0,"FUN_0043b070 FUN_0043d730 FUN_004635c2 FUN_00463613"
00496b60,FUN_00496b60,149,0,"FUN_0043b040 thunk_FUN_0043d710"
00496c00,FUN_00496c00,90,0,"FUN_0048c930"
00496c60,FUN_00496c60,78,0,"FUN_0040fb20 FUN_0043b140"
00496cae,FUN_00496cae,8,0,"FUN_00496cc0"
00496cc0,FUN_00496cc0,83,0,"FUN_004383d0 FUN_0046338c FUN_00496b60"
00496d20,FUN_00496d20,111,0,"FUN_0046338c FUN_0048c930"
00496da0,FUN_00496da0,111,0,"FUN_0046338c FUN_0048c930"
00496e20,FUN_00496e20,187,0,"FUN_0046338c FUN_0048c930 thunk_FUN_0043d710"
00496ee0,FUN_00496ee0,437,0,"FUN_0040fb20 FUN_00435f60 FUN_004635c2 FUN_00463613 FUN_004971c0 FUN_004a3df0 FUN_004a4850 FUN_004a4b00 timeGetTime"
004970a0,FUN_004970a0,123,0,"FUN_0043b070 thunk_FUN_0043d710"
00497120,FUN_00497120,153,0,"FUN_0043b070 FUN_004a42e0 thunk_FUN_0043d710"
004971c0,FUN_004971c0,209,0,"FUN_0040ea90 FUN_00436460 FUN_004a3e00 FUN_004a3f90 FUN_004a4150 FUN_004a41a0 __security_check_cookie"
004972a0,FUN_004972a0,142,0,"FUN_0040fb20 FUN_0043b140"
00497330,FUN_00497330,486,0,"FUN_0040fb20 FUN_00436cf0 FUN_00436f50 FUN_004972a0 FUN_004991f0 FUN_004a3df0 FUN_004a4790 __security_check_cookie inet_ntop ntohs"
00497520,FUN_00497520,608,0,"FUN_0040fb20 FUN_00436cf0 FUN_00436f50 FUN_004972a0 FUN_00497b70 FUN_004991f0 FUN_004a3df0 FUN_004a44a0 FUN_004a4540 FUN_004a4790 FUN_004a4810 __security_check_cookie inet_ntop ntohs"
00497780,FUN_00497780,407,0,"FUN_0040fb20 FUN_00435f60 FUN_00436cf0 FUN_00436f50 FUN_004971c0 FUN_004972a0 FUN_004a3df0 FUN_004a47e0 __security_check_cookie inet_ntop ntohs"
00497920,FUN_00497920,439,0,"FUN_0040fb20 FUN_00436cf0 FUN_00436f50 FUN_004972a0 FUN_004991f0 FUN_004a3df0 FUN_004a4750 FUN_004a47e0 __security_check_cookie inet_ntop ntohs timeGetTime"
00497ae0,FUN_00497ae0,141,0,"FUN_0040fb20 FUN_0043b070 FUN_004a4c60 thunk_FUN_0043d710"
00497b70,FUN_00497b70,176,0,"FUN_0043b070 FUN_004972a0 FUN_004986d0 FUN_004a42e0 thunk_FUN_0043d710"
00497c20,FUN_00497c20,1418,0,"FUN_0040fb20 FUN_00435f60 FUN_00436460 FUN_00436cf0 FUN_00436f50 FUN_004383e0 FUN_0043b140 FUN_00496c60 FUN_004981b0 FUN_004991f0 FUN_004a3df0 FUN_004a4220 FUN_004a4750 __security_check_cookie inet_ntop ntohs"
004981b0,FUN_004981b0,1248,0,"FUN_0040fb20 FUN_00436cf0 FUN_00436f50 FUN_0043b070 FUN_004972a0 FUN_00497330 FUN_00497520 FUN_00497780 FUN_00497920 FUN_004a3f00 FUN_004a3f70 FUN_004a4010 FUN_004a4030 FUN_004a41c0 FUN_004a4220 __security_check_cookie inet_ntop ntohs"
00498690,FUN_00498690,57,0,"FUN_00497c20 __security_check_cookie"
004986d0,FUN_004986d0,286,0,"FUN_0040fb20 FUN_0043b140 FUN_004a42e0"
004987f0,FUN_004987f0,1147,0,"FUN_0040fb20 FUN_00433be0 FUN_00435f60 FUN_0043b070 FUN_0043b140 FUN_0043d730 FUN_004635c2 FUN_00463613 FUN_004972a0 FUN_004a39b0 FUN_004a4750 thunk_FUN_0043d710"
00498c70,FUN_00498c70,213,0,"FUN_0040fb20 FUN_00433be0 FUN_00435f60 FUN_00458e30 FUN_004971c0"
00498d50,FUN_00498d50,1180,0,"FUN_0040fb20 FUN_00435f60 FUN_00436cf0 FUN_00436f50 FUN_004383d0 FUN_0043b040 FUN_0043b140 FUN_00496ee0 FUN_004971c0 FUN_00497c20 FUN_00498c70 FUN_004991f0 FUN_004a3df0 FUN_004a46f0 FUN_004a4700 FUN_004a4720 FUN_004a4750 FUN_004a4810 __security_check_cookie inet_ntop ntohs thunk_FUN_0043d710 timeGetTime"
004991f0,FUN_004991f0,97,0,"FUN_0040ea90 FUN_0040fb20"
00499260,FUN_00499260,258,0,"FUN_0040fb20 FUN_004972a0 FUN_00497b70 FUN_004a44a0 FUN_004a4540 __security_check_cookie"
00499362,FUN_00499362,8,0,"FUN_00499370"
00499370,FUN_00499370,299,0,"FUN_00436c50 FUN_00436e70 FUN_00436f50 FUN_004374e0 FUN_00437840 FUN_004383e0"
004994a0,FUN_004994a0,564,0,"FUN_0043b070 FUN_0043d730 FUN_004635c2 FUN_00463613 FUN_0047a62e FUN_004a6220 timeGetTime"
004996e0,FUN_004996e0,120,0,"FUN_00435f60 FUN_00436f50 FUN_004a56d0 FUN_004a5c50 thunk_FUN_0043d710"
00499760,FUN_00499760,7,0,""
00499770,FUN_00499770,30,0,"timeGetTime"
00499790,FUN_00499790,44,0,"timeGetTime"
004997c0,FUN_004997c0,56,0,"FUN_00436f50 FUN_004383d0 FUN_00438b00 thunk_FUN_0043d710"
00499800,FUN_00499800,1081,0,"FUN_00436c50 FUN_0043b070 FUN_0043d730 FUN_00443fc0 FUN_0045a650 FUN_004635c2 FUN_00463613 FUN_0048c930 FUN_004a65e0 FUN_004a7280 _memset thunk_FUN_0043d710"
00499c40,FUN_00499c40,7,0,""
00499c50,FUN_00499c50,124,0,"FUN_0048c930 thunk_FUN_0043d710"
00499ce0,FUN_00499ce0,124,0,"FUN_0048c930 thunk_FUN_0043d710"
00499d70,FUN_00499d70,11,0,"FUN_0048c930"
00499d80,FUN_00499d80,11,0,"FUN_0048c930"
00499d90,FUN_00499d90,396,0,"FUN_00433be0 FUN_00434da0 FUN_00435f60 FUN_00436f50 FUN_004383d0 FUN_0048c930 FUN_0049a1e0 thunk_FUN_0043d710"
00499f30,FUN_00499f30,21,0,""
00499f50,FUN_00499f50,36,0,"FUN_0046338c"
00499f80,FUN_00499f80,145,0,"FUN_0046338c FUN_0048c930 thunk_FUN_0043d710"
0049a020,FUN_0049a020,145,0,"FUN_0046338c FUN_0048c930 thunk_FUN_0043d710"
0049a0c0,FUN_0049a0c0,111,0,"FUN_0046338c FUN_0048c930"
0049a140,FUN_0049a140,38,0,"FUN_0046338c FUN_00499d90"
0049a170,`scalar_deleting_destructor',36,2,"FUN_0046338c"
0049a1a0,`scalar_deleting_destructor',35,2,"FUN_0046338c FUN_004a7360"
0049a1d0,thunk_FUN_0049a1e0,5,0,"FUN_0049a1e0"
0049a1e0,FUN_0049a1e0,195,0,"FUN_004a56d0 thunk_FUN_0043d710"
0049a2b0,FUN_0049a2b0,683,0,"FUN_0040fb20 FUN_00436b80 FUN_00436fb0 FUN_004379e0 FUN_00437e90 FUN_004383d0 FUN_00438950 FUN_00438a40 FUN_00438b00 FUN_00438b70 FUN_0043b070 FUN_004416c0 FUN_004421c0 FUN_00442320 FUN_00442490 FUN_00464df0 FUN_004a7200"
0049a560,FUN_0049a560,211,0,"FUN_0043b070 FUN_0048dd60 FUN_00490b70"
0049a640,FUN_0049a640,871,0,"FUN_0040ea90 FUN_0040fb20 FUN_00436f50 FUN_004379c0 FUN_004383d0 FUN_00438a40 FUN_00438b00 FUN_00438e40 FUN_00439e30 FUN_00439e50 FUN_00439e60 FUN_00439e70 FUN_0043b070 FUN_004416c0 FUN_00441eb0 FUN_00494ee0 FUN_00495000 FUN_00495020 FUN_004a56d0 FUN_004a6da0 thunk_FUN_0043d710"
0049a9b0,FUN_0049a9b0,1150,0,"FUN_0040ea90 FUN_004383d0 FUN_00438a40 FUN_00438b00 FUN_00438e40 FUN_00439e10 FUN_00439e50 FUN_00439e60 FUN_00439e70 FUN_0043c2a0 FUN_0043c4e0 FUN_00451b20 FUN_0048c930 FUN_00494ed0 FUN_004954a0 FUN_00495660 FUN_0049a560 FUN_004a58d0 FUN_004a7370 FUN_004a7400 thunk_FUN_0043d710 timeGetTime"
0049ae30,FUN_0049ae30,294,0,"FUN_0040ea90 FUN_004383d0 FUN_00438a40 FUN_00438b00 FUN_0048c930 FUN_0049a560 FUN_004a58d0 thunk_FUN_0043d710"
0049af60,FUN_0049af60,524,0,"FUN_0040fb20"
0049b190,FUN_0049b190,1235,0,"FUN_0040ea90 FUN_0040fb20 FUN_00436b80 FUN_00436e70 FUN_00436f50 FUN_004383d0 FUN_00438a40 FUN_00438b00 FUN_00438e40 FUN_00439e30 FUN_00439e50 FUN_00439e70 FUN_0048c930 FUN_00494d90 FUN_00494e00 FUN_00494e40 FUN_00494ed0 FUN_00495010 FUN_0049a560 FUN_004a58d0 FUN_004a7390 FUN_004a7420 thunk_FUN_0043d710 timeGetTime"
0049b670,FUN_0049b670,40,0,"FUN_0040ea90"
0049b6a0,FUN_0049b6a0,10,0,""
0049b6b0,FUN_0049b6b0,1931,0,"FUN_0040b610 FUN_00435f60 FUN_00436460 FUN_00436b80 FUN_00436c50 FUN_00436e70 FUN_00436f50 FUN_00436ff0 FUN_004371b0 FUN_004374e0 FUN_004377b0 FUN_00437840 FUN_004383d0 FUN_00438550 FUN_00438a40 FUN_00438b00 FUN_00439e70 FUN_0043b070 FUN_0043bf60 FUN_0043d4a0 FUN_0043d560 FUN_0043d6a0 FUN_0043d6b0 FUN_004416c0 FUN_00441740 FUN_00441950 FUN_00464df0 _memset thunk_FUN_0043d710"
0049be40,FUN_0049be40,15,0,""
0049be50,FUN_0049be50,15,0,""
0049be60,FUN_0049be60,7,0,""
0049be70,FUN_0049be70,33,0,""
0049bea0,FUN_0049bea0,5,0,""
0049beb0,FUN_0049beb0,4,0,""
0049bec0,FUN_0049bec0,4,0,""
0049bed0,FUN_0049bed0,4,0,""
0049bee0,FUN_0049bee0,7,0,""
0049bef0,FUN_0049bef0,4,0,""
0049bf00,FUN_0049bf00,93,0,"FUN_0040ea90 FUN_0040fb20"
0049bf60,FUN_0049bf60,121,0,"FUN_0043b070 FUN_004a39b0 FUN_004a5a80 FUN_004a5c50 thunk_FUN_0043d710"
0049bfe0,FUN_0049bfe0,104,0,"FUN_0043b070 FUN_004a56d0 FUN_004a6f20 thunk_FUN_0043d710"
0049c050,FUN_0049c050,239,0,"FUN_0040ea90 FUN_0040fb20 FUN_0049b6b0"
0049c140,FUN_0049c140,89,0,"FUN_0040ea90 FUN_0040fb20"
0049c1a0,FUN_0049c1a0,392,0,"FUN_00436b80 FUN_0043b070 FUN_0046230c FUN_0046231d FUN_004627b5 thunk_FUN_0043d710"
0049c330,FUN_0049c330,157,0,"FUN_0040ea90"
0049c3d0,FUN_0049c3d0,365,0,"FUN_0040fb20 thunk_FUN_0043d710"
0049c540,FUN_0049c540,579,0,"FUN_0040ea90 FUN_0040fb20 FUN_004383d0 FUN_004387b0 FUN_00438b00 FUN_0043c4e0 FUN_00444580 FUN_00451b20 FUN_00495430 FUN_004954a0 FUN_004a56d0 FUN_004a6f90 thunk_FUN_0043d710"
0049c790,FUN_0049c790,782,0,"FUN_0040b610 FUN_0040ea90 FUN_00435f60 FUN_00436b80 FUN_00436f50 FUN_00437e30 FUN_00437e90 FUN_00438180 FUN_0043b070 FUN_004416c0 FUN_00443fc0 FUN_00454ce0 FUN_00457140 FUN_00494d70 FUN_0049c1a0 FUN_0049d5e0 FUN_004a7090 FUN_004a7160 FUN_004a7200 Sleep thunk_FUN_0043d710 timeGetTime"
0049caa0,FUN_0049caa0,58,0,"FUN_0043b070 FUN_00443e50 FUN_004a7130"
0049cae0,FUN_0049cae0,39,0,"thunk_FUN_0043d710"
0049cb10,FUN_0049cb10,95,0,"FUN_0040fb20 timeGetTime"
0049cb70,FUN_0049cb70,213,0,"FUN_0040fb20 FUN_0043b070 FUN_004a65e0 FUN_004a7280 _memset thunk_FUN_0043d710"
0049cc50,FUN_0049cc50,11,0,"FUN_004a66a0"
0049cc60,FUN_0049cc60,12,0,""
0049cc70,FUN_0049cc70,1355,0,"FUN_0040b610 FUN_0040fb20 FUN_00437e90 FUN_0043b070 FUN_0043b140 FUN_0043d470 FUN_0043dac0 FUN_0043dc80 FUN_0043e9b0 FUN_0043f200 FUN_0043f580 FUN_00440f30 FUN_00454ce0 FUN_00464df0 FUN_0048c930 FUN_00494ed0 FUN_004a5950 _memset thunk_FUN_0043d710"
0049d1c0,FUN_0049d1c0,115,0,"FUN_0040fb20"
0049d240,FUN_0049d240,393,0,"FUN_0040ea90 FUN_0040fb20 FUN_0043b140 FUN_0046230c FUN_0046231d FUN_004627b5"
0049d3d0,FUN_0049d3d0,36,0,"timeGetTime"
0049d400,FUN_0049d400,147,0,"FUN_0040fb20"
0049d4a0,FUN_0049d4a0,319,0,"FUN_0043b070 FUN_0043d730 FUN_004635c2 FUN_00463613"
0049d5e0,FUN_0049d5e0,472,0,"FUN_0043b070 FUN_0043bb50 FUN_004416c0 FUN_00443fc0 FUN_0048c930 FUN_00499800 FUN_0049d4a0 thunk_FUN_0043d710 timeGetTime"
0049d7c0,FUN_0049d7c0,148,0,"FUN_0043b040 FUN_004a3800 thunk_FUN_0043d710"
0049d860,FUN_0049d860,52,0,"FUN_004383d0 FUN_0049d7c0"
0049d894,FUN_0049d894,8,0,"FUN_0049d8a0"
0049d8a0,FUN_0049d8a0,83,0,"FUN_004383d0 FUN_0046338c FUN_0049d7c0"
0049d900,FUN_0049d900,269,0,"FUN_004383d0 FUN_0043bbb0 FUN_0046338c FUN_00499d90 FUN_0049d7c0 FUN_0049dcd0 FUN_0049dde0 thunk_FUN_0043d710"
0049da20,FUN_0049da20,134,0,"FUN_0043b070 FUN_004a3400 FUN_004a3800 thunk_FUN_0043d710"
0049dab0,FUN_0049dab0,54,0,"FUN_0043b070 FUN_004a79f0"
0049daf0,FUN_0049daf0,152,0,"FUN_0043b070 FUN_004a3400 FUN_004a3800 thunk_FUN_0043d710"
0049db90,FUN_0049db90,290,0,"FUN_004635c2 FUN_00463613"
0049dcc0,FUN_0049dcc0,16,0,"FUN_0049dcd0 thunk_FUN_0049a1e0"
0049dcd0,FUN_0049dcd0,257,0,"FUN_004a3800 FUN_004a74f0 thunk_FUN_0043d710"
0049dde0,FUN_0049dde0,405,0,"FUN_004a3800"
0049df80,FUN_0049df80,45,0,"FUN_0049a2b0"
0049dfb0,FUN_0049dfb0,223,0,"FUN_0040ea90 FUN_0049fc40 FUN_0049fd70 FUN_004a34e0 FUN_004a3800 FUN_004a72e0"
0049e090,FUN_0049e090,1274,0,"FUN_0040fb20 FUN_0043b070 FUN_0043b140 FUN_00464df0 FUN_0049feb0 FUN_004a73a0 FUN_004a75d0 FUN_004a7750 _memset thunk_FUN_0043d710"
0049e590,FUN_0049e590,2011,0,"FUN_0040ea90 FUN_0040fb20 FUN_0043b140 FUN_0049f900 FUN_0049fc40 FUN_0049ff40 FUN_004a33f0 FUN_004a34e0 FUN_004a3800 FUN_004a72e0 FUN_004a72f0 FUN_004a7300 FUN_004a7320 FUN_004a7340 FUN_004a75d0 timeGetTime"
0049eda0,FUN_0049eda0,125,0,"FUN_0040ea90 FUN_0040fb20"
0049ee20,FUN_0049ee20,34,0,"FUN_00436460"
0049ee50,FUN_0049ee50,92,0,""
0049eeb0,FUN_0049eeb0,7,0,""
0049eec0,FUN_0049eec0,97,0,""
0049ef30,FUN_0049ef30,97,0,""
0049efa0,FUN_0049efa0,145,0,"FUN_0049c050 FUN_0049fc40 FUN_004a34e0 FUN_004a3800 FUN_004a72e0"
0049f040,FUN_0049f040,2233,0,"FUN_0040ea90 FUN_0040fb20 FUN_004332b0 FUN_00435f60 FUN_00436460 FUN_00436e70 FUN_00436f50 FUN_004383d0 FUN_0043b070 FUN_0043b140 FUN_0043bb50 FUN_0043bbb0 FUN_0043bbe0 FUN_0043bbf0 FUN_0043bca0 FUN_0043d730 FUN_004416c0 FUN_004635c2 FUN_00463613 FUN_0049d4a0 FUN_0049d7c0 FUN_0049da20 FUN_0049db90 FUN_0049e590 FUN_004a3500 FUN_004a3800 FUN_004a3940 FUN_004a5cd0 FUN_004a7200 FUN_004a72e0 FUN_004a7310 FUN_004a7330 FUN_004a7350 timeGetTime"
0049f900,FUN_0049f900,827,0,"FUN_0040ea90 FUN_0040fb20 FUN_0049da20 FUN_004a1580 FUN_004a75d0 FUN_004a7690"
0049fc40,FUN_0049fc40,299,0,"FUN_0040ea90 FUN_0040fb20 FUN_0049da20"
0049fd70,FUN_0049fd70,305,0,"FUN_0040ea90 FUN_0040fb20 FUN_0049da20"
0049feb0,FUN_0049feb0,144,0,"FUN_0040fb20 FUN_0043b140 FUN_004a3400 FUN_004a3800"
0049ff40,FUN_0049ff40,573,0,"FUN_0040fb20 FUN_0043b140 FUN_0049feb0 FUN_004a3400 FUN_004a3800 FUN_004a3850"
004a0180,FUN_004a0180,226,0,"FUN_0043b070 FUN_0049cb10 FUN_004a7440 _memset"
004a0270,FUN_004a0270,283,0,"FUN_0040fb20 FUN_0049fc40 FUN_0049fd70 FUN_004a07e0 FUN_004a34e0 FUN_004a3800 FUN_004a7300 FUN_004a7320 FUN_004a7380"
004a0390,FUN_004a0390,1102,0,"FUN_0040fb20 FUN_00435f60 FUN_00436460 FUN_0043b070 FUN_0043b140 FUN_00464df0 FUN_0049db90 FUN_004a1260 FUN_004a3400 FUN_004a3800 FUN_004a39b0 FUN_004a5fc0 FUN_004a7310 FUN_004a7330 FUN_004a73d0 _memset htonl htons timeGetTime"
004a07e0,FUN_004a07e0,557,0,"FUN_0040fb20 FUN_0043b070 FUN_00461c00 FUN_00464df0 FUN_0049fc40 FUN_004a34e0 FUN_004a3800 FUN_004a39b0 FUN_004a6200 FUN_004a72f0 FUN_004a7380 _memset thunk_FUN_0043d710"
004a0a10,FUN_004a0a10,2125,0,"FUN_0040ea90 FUN_0040fb20 FUN_00435f60 FUN_00436460 FUN_0043b070 FUN_0043b140 FUN_00464df0 FUN_0049db90 FUN_0049fc40 FUN_0049ff40 FUN_004a1260 FUN_004a3400 FUN_004a34e0 FUN_004a3800 FUN_004a39b0 FUN_004a5cc0 FUN_004a5fc0 FUN_004a72e0 FUN_004a7310 FUN_004a7330 FUN_004a73d0 _memset htonl htons timeGetTime"
004a1260,FUN_004a1260,791,0,"FUN_0040ea90 FUN_0040fb20 FUN_0043b140 FUN_00464df0 FUN_00499760 FUN_0049da20 FUN_0049feb0 FUN_004a3400 FUN_004a3800 FUN_004a39b0 FUN_004a3c10 FUN_004a5cc0 thunk_FUN_0043d710"
004a1580,FUN_004a1580,564,0,"FUN_0040fb20 FUN_0043b140 FUN_004a33f0 FUN_004a3400 FUN_004a3800 FUN_004a3850"
004a17b4,FUN_004a17b4,8,0,"FUN_004a17c0"
004a17c0,FUN_004a17c0,299,0,"FUN_00436c50 FUN_00436e70 FUN_00436f50 FUN_004374e0 FUN_00437840 FUN_004a3dd0"
004a18f0,FUN_004a18f0,324,0,"FUN_0043b070 FUN_0043d730 FUN_004635c2 FUN_00463613"
004a1a40,FUN_004a1a40,298,0,"FUN_00443fc0 FUN_0048c930 FUN_00494d60 FUN_00499800 FUN_0049be60 FUN_004a18f0 thunk_FUN_0043d710 timeGetTime"
004a1b70,FUN_004a1b70,149,0,"FUN_0043b040 thunk_FUN_0043d710"
004a1c10,FUN_004a1c10,11,0,"FUN_0048c930"
004a1c20,FUN_004a1c20,90,0,"FUN_0048c930"
004a1c80,FUN_004a1c80,82,0,"FUN_0040fb20 FUN_0043b140"
004a1ce0,FUN_004a1ce0,52,0,"FUN_004383d0 FUN_004a1b70"
004a1d14,FUN_004a1d14,8,0,"FUN_004a1d20"
004a1d20,FUN_004a1d20,83,0,"FUN_004383d0 FUN_0046338c FUN_004a1b70"
004a1d80,FUN_004a1d80,111,0,"FUN_0046338c FUN_0048c930"
004a1e00,FUN_004a1e00,263,0,"FUN_004383d0 FUN_0046338c FUN_00499d90 FUN_004a1b70"
004a1f10,FUN_004a1f10,149,0,"FUN_0043b070 FUN_004a80a0 thunk_FUN_0043d710"
004a1fb0,FUN_004a1fb0,126,0,"FUN_0043b070 FUN_00494d60 FUN_0049be60 FUN_004a8480 FUN_004a8eb0"
004a2030,FUN_004a2030,156,0,"FUN_0043b070 FUN_004a80a0 thunk_FUN_0043d710"
004a20d0,thunk_FUN_0049a1e0,5,0,""
004a20e0,FUN_004a20e0,115,0,""
004a2160,FUN_004a2160,60,0,"FUN_0040ea90"
004a21a0,FUN_004a21a0,287,0,"FUN_0040fb20 FUN_0043b140 FUN_004a1c80 FUN_004a2c00 FUN_004a73a0"
004a22c0,FUN_004a22c0,100,0,"FUN_0040ea90 FUN_0040fb20 FUN_004a2fd0"
004a2330,FUN_004a2330,823,0,"FUN_00436460 FUN_004383d0 FUN_00438790 FUN_00438880 FUN_00438950 FUN_00438a40 FUN_00438b00 FUN_0043c4e0 FUN_00444580 FUN_0048c930 FUN_00495430 FUN_004954a0 thunk_FUN_0043d710 timeGetTime"
004a2670,FUN_004a2670,7,0,""
004a2680,FUN_004a2680,18,0,"FUN_00494d50 FUN_0049be60"
004a26a0,FUN_004a26a0,7,0,""
004a26b0,FUN_004a26b0,18,0,"FUN_0049bf00"
004a26d0,FUN_004a26d0,214,0,"FUN_0043b070 FUN_00464df0 FUN_0049c050 FUN_004a72e0 _memset thunk_FUN_0043d710"
004a27b0,FUN_004a27b0,627,0,"FUN_0040ea90 FUN_0040fb20 FUN_004a1c80 FUN_004a1f10 FUN_004a72e0 FUN_004a7300 FUN_004a7310 FUN_004a7330 FUN_004a8150 FUN_004a8180 FUN_004a8270 timeGetTime"
004a2a30,FUN_004a2a30,450,0,"FUN_004383d0 FUN_00438b00 FUN_00439e10 FUN_00439e50 FUN_00439e60 FUN_00439e70 FUN_00444fe0 FUN_00494ee0 timeGetTime"
004a2c00,FUN_004a2c00,149,0,"FUN_0040fb20 FUN_0043b140 FUN_004a80a0"
004a2ca0,thunk_FUN_0049cb10,5,0,""
004a2cb0,FUN_004a2cb0,306,0,"FUN_0040ea90 FUN_0040fb20 FUN_004a1c80 FUN_004a1f10 FUN_004a8150 FUN_004a8180 FUN_004a8270"
004a2df0,FUN_004a2df0,95,0,"FUN_0040fb20 FUN_004a2fd0 FUN_004a73d0"
004a2e50,FUN_004a2e50,370,0,"FUN_0040fb20 FUN_0043b140 FUN_004a2c00 FUN_004a2fd0 FUN_004a7310 FUN_004a7330 FUN_004a73d0"
004a2fd0,FUN_004a2fd0,332,0,"FUN_0040fb20 FUN_00435f60 FUN_004a72e0 __security_check_cookie timeGetTime"
004a3120,FUN_004a3120,226,0,"FUN_0043b070 FUN_00464df0 FUN_0049cc70 FUN_004a7300 FUN_004a7380 _memset thunk_FUN_0043d710"
004a3210,FUN_004a3210,150,0,"FUN_0040ea90 FUN_0040fb20 FUN_0049d240 timeGetTime"
004a32a6,FUN_004a32a6,8,0,"FUN_004a32b0"
004a32b0,FUN_004a32b0,299,0,"FUN_00436c50 FUN_00436e70 FUN_00436f50 FUN_004374e0 FUN_00437840 FUN_004383e0"
004a33db,inet_ntop,6,0,""
004a33f0,FUN_004a33f0,12,0,"FUN_004a3b80"
004a3400,FUN_004a3400,214,0,"FUN_0043b070 FUN_00464df0 _memset"
004a34e0,FUN_004a34e0,30,0,"FUN_004a39c0"
004a3500,FUN_004a3500,727,0,"FUN_004385f0 FUN_00464df0 FUN_004a3b80"
004a3800,FUN_004a3800,68,0,"thunk_FUN_0043d710"
004a3850,FUN_004a3850,240,0,"FUN_0043b070 FUN_00464df0 _memset thunk_FUN_0043d710"
004a3940,FUN_004a3940,106,0,"FUN_004a39c0"
004a39b0,FUN_004a39b0,6,0,""
004a39c0,FUN_004a39c0,404,0,"FUN_0043b070 FUN_004431d0 FUN_00464df0 FUN_004a3b80 _memset"
004a3b80,FUN_004a3b80,137,0,""
004a3c10,FUN_004a3c10,441,0,"FUN_0043b070 FUN_00464df0 _memset"
004a3dd0,FUN_004a3dd0,28,0,"FUN_00436e70"
004a3df0,FUN_004a3df0,14,0,""
004a3e00,FUN_004a3e00,103,0,"FUN_004a3e70 htons ntohs"
004a3e70,FUN_004a3e70,136,0,"htons"
004a3f00,FUN_004a3f00,110,0,""
004a3f70,FUN_004a3f70,18,0,"ntohs"
004a3f90,FUN_004a3f90,116,0,"htonl htons ntohs"
004a4010,FUN_004a4010,17,0,"ntohl"
004a4030,FUN_004a4030,282,0,"htonl htons"
004a4150,FUN_004a4150,67,0,"htonl htons"
004a41a0,FUN_004a41a0,25,0,"ntohs"
004a41c0,FUN_004a41c0,88,0,"ntohs"
004a4220,FUN_004a4220,185,0,"FUN_004ab2e0 ntohl ntohs"
004a42e0,FUN_004a42e0,434,0,"FUN_0043b070 FUN_00455460"
004a44a0,FUN_004a44a0,148,0,"timeGetTime"
004a4540,FUN_004a4540,188,0,"FUN_004383d0 FUN_0048c930"
004a4610,FUN_004a4610,209,0,"FUN_004383d0 FUN_0046338c FUN_0048c930"
004a46f0,FUN_004a46f0,7,0,""
004a4700,FUN_004a4700,29,0,"timeGetTime"
004a4720,FUN_004a4720,47,0,"timeGetTime"
004a4750,FUN_004a4750,54,0,""
004a4790,FUN_004a4790,67,0,"FUN_0043b070"
004a47e0,FUN_004a47e0,38,0,"FUN_0043b070"
004a4810,FUN_004a4810,62,0,""
004a4850,FUN_004a4850,103,0,"__security_check_cookie htons inet_pton"
004a48c0,FUN_004a48c0,566,0,"freeaddrinfo getaddrinfo htons"
004a4b00,FUN_004a4b00,26,0,"FUN_00443e50"
004a4b20,FUN_004a4b20,311,0,"FUN_0043b070 thunk_FUN_0043d710"
004a4c60,FUN_004a4c60,79,0,"FUN_0043b070 FUN_004a39b0 _memset"
004a4cb0,FUN_004a4cb0,137,0,"FUN_0046338c closesocket thunk_FUN_0043d710"
004a4d40,FUN_004a4d40,71,0,"FUN_00436cf0 __security_check_cookie inet_ntop"
004a4d90,FUN_004a4d90,903,0,"FUN_0040fb20 FUN_00436f50 FUN_0043b070 FUN_004a4850 FUN_004a4d40 WSACleanup WSAGetLastError WSAStartup __security_check_cookie bind closesocket connect getsockname ioctlsocket ntohs socket"
004a5120,FUN_004a5120,8,0,""
004a5130,FUN_004a5130,1073,0,"FUN_0040fb20 FUN_00435f60 FUN_00436cf0 FUN_00436f50 FUN_0043b070 FUN_0043d730 FUN_004635c2 FUN_00463613 FUN_004a39b0 __security_check_cookie inet_ntop ntohs recvfrom thunk_FUN_0043d710"
004a5570,FUN_004a5570,351,0,"FUN_0040fb20 FUN_00436cf0 FUN_00436f50 WSAGetLastError __security_check_cookie inet_ntop ntohs sendto"
004a56d0,FUN_004a56d0,110,0,"BCryptCloseAlgorithmProvider BCryptDestroyKey FUN_0048c930"
004a5750,FUN_004a5750,373,0,"BCryptCloseAlgorithmProvider BCryptCreateHash BCryptDestroyHash BCryptFinishHash BCryptGetProperty BCryptHashData BCryptOpenAlgorithmProvider FUN_0040fb20 FUN_00438790 FUN_0043b070 FUN_00455460 FUN_0048c930 _memset thunk_FUN_0043d710"
004a58d0,FUN_004a58d0,126,0,"BCryptDecrypt FUN_0043b070 _memset"
004a5950,FUN_004a5950,118,0,"BCryptEncrypt FUN_0043b070 _memset"
004a59d0,FUN_004a59d0,164,0,"BCryptGenerateSymmetricKey BCryptGetProperty BCryptOpenAlgorithmProvider BCryptSetProperty FUN_0043b070 _memset"
004a5a80,FUN_004a5a80,460,0,"BCryptGenRandom BCryptGenerateSymmetricKey BCryptGetProperty BCryptOpenAlgorithmProvider BCryptSetProperty FUN_0040fb20 FUN_00435f60 FUN_00436460 FUN_0043b070 FUN_0045a650 __security_check_cookie _memset"
004a5c50,FUN_004a5c50,98,0,"BCryptCloseAlgorithmProvider BCryptDestroyKey FUN_00435f60 thunk_FUN_0043d710"
004a5cc0,FUN_004a5cc0,13,0,""
004a5cd0,FUN_004a5cd0,743,0,"BCryptDecrypt FUN_0040fb20 FUN_00435f60 FUN_00436460 FUN_00436b80 FUN_00436c50 FUN_00436e70 FUN_00436f50 FUN_004374e0 FUN_00437840 FUN_0043b070 FUN_0045a650 FUN_004970a0 FUN_004a4b20 _memset thunk_FUN_0043d710"
004a5fc0,FUN_004a5fc0,570,0,"BCryptEncrypt FUN_00435f60 FUN_00436460 FUN_0043b070 FUN_004970a0 FUN_004a4b20 __security_check_cookie _memset thunk_FUN_0043d710"
004a6200,FUN_004a6200,23,0,""
004a6220,FUN_004a6220,76,0,"FUN_00436e70"
004a6270,FUN_004a6270,111,0,""
004a62e0,FUN_004a62e0,11,0,"FUN_004383d0"
004a62f0,FUN_004a62f0,41,0,"FUN_004383d0 FUN_0046338c"
004a6320,FUN_004a6320,693,0,"FUN_00435ac0 FUN_00436b80 FUN_00436c50 FUN_00436f50 FUN_004374e0 FUN_00437840"
004a65e0,FUN_004a65e0,125,0,""
004a6660,FUN_004a6660,11,0,"FUN_004383d0"
004a6670,FUN_004a6670,41,0,"FUN_004383d0 FUN_0046338c"
004a66a0,FUN_004a66a0,51,0,""
004a66e0,FUN_004a66e0,497,0,"FUN_00435ac0 FUN_00436b80 FUN_00436c50 FUN_00436f50 FUN_004374e0 FUN_00437840"
004a68e0,FUN_004a68e0,1210,0,"FUN_00433130 FUN_00435ac0 FUN_00436b80 FUN_00436c50 FUN_00436f50 FUN_004374e0 FUN_00437840 FUN_00454420"
004a6da0,FUN_004a6da0,370,0,"FUN_0043b070 FUN_004a5750 FUN_004a59d0 FUN_004ab3b0 FUN_004ab430 FUN_004ab630 FUN_004ab730 FUN_004ab8d0 FUN_004ab970 FUN_004ab9b0 FUN_004abd90 __security_check_cookie _memset thunk_FUN_0043d710"
004a6f20,FUN_004a6f20,97,0,"FUN_004a59d0"
004a6f90,FUN_004a6f90,241,0,"FUN_0043b070 FUN_004ab3b0 FUN_004ab430 FUN_004ab4a0 FUN_004ab630 FUN_004ab730 FUN_004ab970 FUN_004ab9b0 FUN_004abb10 FUN_004abd90 _memset"
004a7090,FUN_004a7090,58,0,""
004a70d0,FUN_004a70d0,36,0,"FUN_0046338c"
004a7100,FUN_004a7100,6,0,""
004a7110,FUN_004a7110,6,0,""
004a7120,FUN_004a7120,6,0,""
004a7130,FUN_004a7130,41,0,"FUN_00436b80"
004a7160,FUN_004a7160,4,0,""
004a7170,FUN_004a7170,32,0,""
004a7190,FUN_004a7190,7,0,""
004a71a0,FUN_004a71a0,36,0,"FUN_0046338c"
004a71d0,FUN_004a71d0,27,0,"thunk_FUN_0043d710"
004a71f0,FUN_004a71f0,6,0,""
004a7200,FUN_004a7200,113,0,"FUN_00436e70 FUN_00436f50"
004a7280,FUN_004a7280,33,0,"FUN_004a6270"
004a72b0,FUN_004a72b0,41,0,"FUN_0046338c FUN_004a62e0"
004a72e0,FUN_004a72e0,16,0,""
004a72f0,FUN_004a72f0,16,0,""
004a7300,FUN_004a7300,16,0,""
004a7310,FUN_004a7310,13,0,""
004a7320,FUN_004a7320,16,0,""
004a7330,FUN_004a7330,4,0,""
004a7340,FUN_004a7340,13,0,""
004a7350,FUN_004a7350,13,0,""
004a7360,FUN_004a7360,11,0,"FUN_004a6660"
004a7370,FUN_004a7370,16,0,""
004a7380,FUN_004a7380,16,0,""
004a7390,FUN_004a7390,16,0,""
004a73a0,FUN_004a73a0,40,0,"timeGetTime"
004a73d0,FUN_004a73d0,40,0,"timeGetTime"
004a7400,FUN_004a7400,24,0,""
004a7420,FUN_004a7420,24,0,""
004a7440,FUN_004a7440,171,0,"FUN_0049d4a0"
004a74f0,FUN_004a74f0,210,0,"FUN_004383d0 FUN_0049d7c0"
004a75d0,FUN_004a75d0,180,0,"FUN_0040fb20 FUN_0043b140"
004a7690,FUN_004a7690,180,0,"FUN_0040fb20 FUN_0043b140"
004a7750,FUN_004a7750,139,0,"FUN_0040fb20 FUN_0043b140 FUN_0049feb0"
004a77e0,FUN_004a77e0,412,0,"FUN_0043b070 FUN_004525f0 thunk_FUN_0043d710"
004a7980,FUN_004a7980,111,0,"FUN_0043b070"
004a79f0,FUN_004a79f0,490,0,"FUN_0043b070 FUN_0043d730 FUN_004635c2 FUN_00463613 FUN_004aca90"
004a7be0,FUN_004a7be0,124,0,"FUN_0048c930 thunk_FUN_0043d710"
004a7c70,FUN_004a7c70,11,0,"FUN_0048c930"
004a7c80,FUN_004a7c80,162,0,"FUN_004383d0 FUN_0043b040 FUN_004525f0 thunk_FUN_0043d710"
004a7d27,FUN_004a7d27,8,0,"FUN_004a7d30"
004a7d30,FUN_004a7d30,38,0,"FUN_0046338c FUN_004a7c80"
004a7d60,FUN_004a7d60,145,0,"FUN_0046338c FUN_0048c930 thunk_FUN_0043d710"
004a7e00,FUN_004a7e00,145,0,"FUN_0046338c FUN_0048c930 thunk_FUN_0043d710"
004a7ea0,FUN_004a7ea0,44,0,"FUN_0046338c FUN_004acd60"
004a7ed0,FUN_004a7ed0,35,0,"FUN_0046338c FUN_004ad890"
004a7f00,FUN_004a7f00,35,0,"FUN_0046338c FUN_004ad880"
004a7f30,FUN_004a7f30,21,0,"FUN_004a77e0"
004a7f50,FUN_004a7f50,7,0,""
004a7f60,FUN_004a7f60,32,0,"socket"
004a7f80,FUN_004a7f80,287,0,"FUN_00438790 FUN_0043b070 FUN_0048c930 FUN_004a39b0 FUN_004ad190 _memset thunk_FUN_0043d710"
004a80a0,FUN_004a80a0,161,0,"FUN_0043b070 FUN_00464df0 _memset"
004a8150,FUN_004a8150,33,0,""
004a8180,FUN_004a8180,92,0,"FUN_004383d0 thunk_FUN_0043d710"
004a81f0,FUN_004a81f0,120,0,"FUN_004383d0 FUN_0046338c thunk_FUN_0043d710"
004a8270,FUN_004a8270,60,0,"FUN_0043b070 FUN_00464df0 _memset"
004a82b0,FUN_004a82b0,455,0,"FUN_00436af0 FUN_00436b80 FUN_00436c50 FUN_00436f50 FUN_00437240 FUN_004374e0 FUN_00437840 FUN_00442a50 FUN_00465538 ___std_type_info_name"
004a8480,FUN_004a8480,546,0,"FUN_0043b070 FUN_0043d730 FUN_004635c2 FUN_00463613 FUN_004aca90"
004a86b0,FUN_004a86b0,169,0,"FUN_0046338c FUN_0048c930 FUN_004acd60 thunk_FUN_0043d710"
004a8760,FUN_004a8760,35,0,"FUN_0046338c FUN_004addd0"
004a8790,FUN_004a8790,171,0,"__WSAFDIsSet __security_check_cookie select"
004a8840,FUN_004a8840,7,0,""
004a8850,FUN_004a8850,32,0,"socket"
004a8870,FUN_004a8870,1432,0,"FUN_004385f0 FUN_00438790 FUN_0043b070 FUN_00464df0 FUN_0048c930 FUN_004a7980 FUN_004a7be0 FUN_004ad190 thunk_FUN_0043d710"
004a8e10,FUN_004a8e10,35,0,"FUN_0043b070"
004a8e40,FUN_004a8e40,111,0,"FUN_0043b070"
004a8eb0,FUN_004a8eb0,764,0,"FUN_00436c50 FUN_0043b070 FUN_0043d730 FUN_004622f0 FUN_004635c2 FUN_00463613 FUN_004a7170"
004a91b0,FUN_004a91b0,149,0,"FUN_0043b040 thunk_FUN_0043d710"
004a9250,FUN_004a9250,124,0,"FUN_0048c930 thunk_FUN_0043d710"
004a92e0,FUN_004a92e0,11,0,"FUN_0048c930"
004a92f0,FUN_004a92f0,11,0,"FUN_004383d0"
004a9300,FUN_004a9300,8,0,"guard_check_icall"
004a9310,FUN_004a9310,14,0,""
004a9320,FUN_004a9320,48,0,""
004a9350,FUN_004a9350,14,0,""
004a9360,FUN_004a9360,164,0,"FUN_004383d0 FUN_0043b040 thunk_FUN_0043d710"
004a9409,FUN_004a9409,8,0,"FUN_004a9420"
004a9411,FUN_004a9411,8,0,"FUN_004a9450"
004a9420,FUN_004a9420,38,0,"FUN_0046338c FUN_004a9360"
004a9450,FUN_004a9450,83,0,"FUN_004383d0 FUN_0046338c FUN_004a91b0"
004a94b0,FUN_004a94b0,145,0,"FUN_0046338c FUN_0048c930 thunk_FUN_0043d710"
004a9550,FUN_004a9550,41,0,"FUN_004383d0 FUN_0046338c"
004a9580,FUN_004a9580,41,0,"FUN_004383d0 FUN_0046338c"
004a95b0,FUN_004a95b0,57,0,"FUN_00435f60 FUN_004383d0 FUN_0046338c"
004a95f0,FUN_004a95f0,173,0,"FUN_00436f50 FUN_004383d0 FUN_0046338c FUN_004a7190 FUN_004a91b0 FUN_004a9360 FUN_004a9840 guard_check_icall"
004a96a0,FUN_004a96a0,137,0,"FUN_00443fc0 FUN_004aa060"
004a9730,FUN_004a9730,261,0,"FUN_0043b070 FUN_00443fc0 thunk_FUN_0043d710"
004a9840,FUN_004a9840,105,0,"WinHttpCloseHandle"
004a98b0,FUN_004a98b0,357,0,"FUN_0040fb20 FUN_0043b070 FUN_00444020 FUN_0046230c FUN_0046231d FUN_004627b5 FUN_0048c930 FUN_004a9580 FUN_004aa160 thunk_FUN_0043d710"
004a9a20,FUN_004a9a20,1560,0,"FUN_0040fb20 FUN_00436460 FUN_00436b80 FUN_00436c50 FUN_00436f50 FUN_004374e0 FUN_00437840 FUN_004385f0 FUN_0043b070 FUN_00443e50 FUN_00443fc0 FUN_00444020 FUN_0046230c FUN_0046231d FUN_004627b5 FUN_00462d42 FUN_00464df0 FUN_0048c930 FUN_004a8e10 FUN_004a8e40 FUN_004a9250 FUN_004a95b0 FUN_004a96a0 FUN_004a98b0 FUN_004aa060 FUN_004aa160 GetLastError Sleep WinHttpConnect WinHttpOpen WinHttpOpenRequest WinHttpReceiveResponse WinHttpSendRequest WinHttpSetOption WinHttpWebSocketCompleteUpgrade WinHttpWebSocketReceive _memset thunk_FUN_0043d710"
004aa040,FUN_004aa040,30,0,"FUN_004a9a20"
004aa060,FUN_004aa060,218,0,"FUN_0043b070 FUN_00443fc0 thunk_FUN_0043d710"
004aa140,FUN_004aa140,7,0,""
004aa150,FUN_004aa150,7,0,""
004aa160,FUN_004aa160,784,0,"FUN_0040fb20 FUN_0043b140 FUN_00444020 FUN_0048c930 FUN_004a96a0 FUN_004aa060 thunk_FUN_0043d710"
004aa470,FUN_004aa470,294,0,"FUN_00436460 FUN_0043b070 FUN_0046230c FUN_0046231d FUN_004627b5 thunk_FUN_0043d710"
004aa5a0,FUN_004aa5a0,1173,0,"FUN_0040fb20 FUN_0043b070 FUN_0043b140 FUN_00443fc0 FUN_00444020 FUN_0046230c FUN_0046231d FUN_004627b5 FUN_0048c930 FUN_004a9580 FUN_004aa060 Sleep WinHttpWebSocketSend thunk_FUN_0043d710"
004aaa40,FUN_004aaa40,30,0,"FUN_004aa5a0"
004aaa60,FUN_004aaa60,270,0,"FUN_0040fb20 FUN_0043b140 FUN_0046230c FUN_0046231d FUN_004627b5"
004aab70,FUN_004aab70,1307,0,"FUN_0040fb20 FUN_00436b80 FUN_00436c50 FUN_00436e70 FUN_00436f50 FUN_00436fb0 FUN_00436ff0 FUN_004374e0 FUN_004377b0 FUN_00437840 FUN_00437ce0 FUN_00437e90 FUN_00438130 FUN_00438160 FUN_00438180 FUN_00438260 FUN_0043bf60 FUN_00443e50 FUN_0046230c FUN_0046231d FUN_004627b5"
004ab090,FUN_004ab090,261,0,"FUN_0040fb20 FUN_0046230c FUN_0046231d FUN_004627b5 FUN_004a9840 WinHttpWebSocketClose"
004ab196,FUN_004ab196,8,0,"FUN_004ab1a0"
004ab1a0,FUN_004ab1a0,316,0,"FUN_00436c50 FUN_00436e70 FUN_00436f50 FUN_004374e0 FUN_00437840 FUN_004383e0"
004ab2e0,FUN_004ab2e0,50,0,""
004ab312,BCryptOpenAlgorithmProvider,6,4,""
004ab318,BCryptGetProperty,6,6,""
004ab31e,BCryptSetProperty,6,5,""
004ab324,BCryptCloseAlgorithmProvider,6,2,""
004ab32a,BCryptGenerateSymmetricKey,6,7,""
004ab330,BCryptEncrypt,6,10,""
004ab336,BCryptDecrypt,6,10,""
004ab33c,BCryptDestroyKey,6,1,""
004ab342,BCryptCreateHash,6,7,""
004ab348,BCryptHashData,6,4,""
004ab34e,BCryptFinishHash,6,4,""
004ab354,BCryptDestroyHash,6,1,""
004ab35a,BCryptGenRandom,6,4,""
004ab360,FUN_004ab360,71,0,""
004ab3b0,FUN_004ab3b0,61,0,"FUN_0047a4db FUN_004ab7a0"
004ab3f0,FUN_004ab3f0,64,0,""
004ab430,FUN_004ab430,52,0,"FUN_0047a4d0 _memset"
004ab470,FUN_004ab470,34,0,""
004ab4a0,FUN_004ab4a0,27,0,"FUN_004ab4f0"
004ab4c0,FUN_004ab4c0,38,0,"FUN_0047a60d"
004ab4f0,FUN_004ab4f0,320,0,"FUN_0047a4d0 FUN_0047a4db FUN_0047a60d FUN_004ab4c0 FUN_004ab630 FUN_004abb10 _memset thunk_FUN_004b224f"
004ab630,FUN_004ab630,254,0,"FUN_0047a4d0 FUN_004abd40"
004ab730,FUN_004ab730,103,0,"FUN_004ab9b0"
004ab7a0,FUN_004ab7a0,83,0,"FUN_0047a4db _memset"
004ab800,FUN_004ab800,199,0,"FUN_004abd40"
004ab8d0,FUN_004ab8d0,57,0,"FUN_0047a4db"
004ab910,FUN_004ab910,21,0,""
004ab930,FUN_004ab930,53,0,""
004ab970,FUN_004ab970,50,0,"FUN_0047a4d0"
004ab9b0,FUN_004ab9b0,121,0,""
004aba30,FUN_004aba30,81,0,""
004aba90,FUN_004aba90,125,0,"FUN_004abd40"
004abb10,FUN_004abb10,117,0,"FUN_0047a4db FUN_004abbf0"
004abb90,FUN_004abb90,68,0,""
004abbe0,FUN_004abbe0,6,0,""
004abbf0,FUN_004abbf0,256,0,"FUN_0047a4d0"
004abcf0,FUN_004abcf0,73,0,""
004abd40,FUN_004abd40,73,0,"FUN_0047a4db FUN_004abbf0"
004abd90,FUN_004abd90,92,0,"FUN_004abdf0 FUN_004ac300 FUN_004ac640"
004abdf0,FUN_004abdf0,1292,0,"FUN_004ab360 FUN_004ab3f0 FUN_004ab470 FUN_004ab7a0 FUN_004ab910 FUN_004ab930 FUN_004ab9b0 FUN_004abb10 FUN_004abb90 FUN_004abbe0 FUN_004af2f0 FUN_004af590 FUN_004af5d0 FUN_004af620 FUN_004af7a0 FUN_004afa00 __security_check_cookie"
004ac300,FUN_004ac300,829,0,"FUN_004ab360 FUN_004ab3f0 FUN_004ab470 FUN_004ab930 FUN_004ab9b0 FUN_004abb10 FUN_004aeef0 FUN_004af470 FUN_004af590 FUN_004af5d0 FUN_004af620 FUN_004af7a0 FUN_004afa00"
004ac640,FUN_004ac640,1095,0,"FUN_004ab360 FUN_004ab3f0 FUN_004ab470 FUN_004ab7a0 FUN_004ab800 FUN_004ab910 FUN_004ab930 FUN_004ab9b0 FUN_004abb10 FUN_004af2f0 FUN_004afa70 FUN_004afaa0 FUN_004afad0 FUN_004afdb0 __security_check_cookie"
004aca90,FUN_004aca90,405,0,"FUN_004418a0 FUN_00443fc0 FUN_004622f0 FUN_0048c930 FUN_004a7170 WSACleanup WSAStartup __security_check_cookie thunk_FUN_0043d710"
004acc30,FUN_004acc30,142,0,"FUN_0048c930 guard_check_icall thunk_FUN_0043d710"
004accd0,FUN_004accd0,124,0,"FUN_0048c930 thunk_FUN_0043d710"
004acd60,FUN_004acd60,117,0,"FUN_004383d0 FUN_00441950 FUN_004a7190 FUN_004acc30 WSACleanup closesocket"
004acde0,FUN_004acde0,35,0,"FUN_0046338c FUN_004acc30"
004ace10,FUN_004ace10,146,0,"FUN_004383d0 FUN_00441950 FUN_0046338c FUN_004a7190 FUN_004acc30 WSACleanup closesocket"
004aceb0,FUN_004aceb0,485,0,"FUN_00436e70 FUN_00436f50 FUN_00437bf0 FUN_00437ce0 FUN_00437d10 FUN_00438160 FUN_00438180 FUN_00438260 FUN_004419d0"
004ad0a0,FUN_004ad0a0,183,0,"FUN_004416c0 freeaddrinfo getaddrinfo htons"
004ad160,FUN_004ad160,4,0,""
004ad170,FUN_004ad170,4,0,""
004ad180,FUN_004ad180,7,0,""
004ad190,FUN_004ad190,162,0,"WSAGetLastError recv"
004ad240,FUN_004ad240,159,0,"WSAGetLastError send"
004ad310,FUN_004ad310,315,0,""
004ad450,FUN_004ad450,898,0,"FUN_0040fb20 FUN_00438790 FUN_0048c930 WSAGetLastError connect ioctlsocket setsockopt thunk_FUN_0043d710"
004ad7f0,FUN_004ad7f0,84,0,"FUN_00437e90 FUN_00443e50 FUN_004aceb0"
004ad850,FUN_004ad850,42,0,"closesocket"
004ad880,FUN_004ad880,7,0,""
004ad890,FUN_004ad890,25,0,"FUN_004a7c80 FUN_004ad880"
004ad8b0,FUN_004ad8b0,370,0,"FUN_00435f60 FUN_0043b070 FUN_0043d730 FUN_004635c2 FUN_00463613 FUN_004a4b20 FUN_004adb30"
004ada30,FUN_004ada30,254,0,"FUN_0043b070 FUN_004a77e0"
004adb30,FUN_004adb30,431,0,"FUN_0043b070 thunk_FUN_0043d710"
004adce0,FUN_004adce0,28,0,""
004add00,FUN_004add00,22,0,""
004add20,FUN_004add20,165,0,"FUN_0040fb20 FUN_0043b140 FUN_004a4b20"
004addc5,__WSAFDIsSet,6,2,""
004addd0,FUN_004addd0,25,0,"FUN_00435f60 FUN_004ad880"
004addf0,FUN_004addf0,118,0,"FUN_0043b070 thunk_FUN_0043d710"
004ade70,FUN_004ade70,317,0,"FUN_0043b070 thunk_FUN_0043d710"
004adfb0,FUN_004adfb0,13,0,""
004adfc0,FUN_004adfc0,357,0,"FUN_00435f60 FUN_0043b070 FUN_0043d730 FUN_004635c2 FUN_00463613"
004ae130,FUN_004ae130,153,0,"FUN_004abb90 FUN_004ae2a0 FUN_004ae380"
004ae1d0,FUN_004ae1d0,198,0,"FUN_004abb90 FUN_004abd40 FUN_004ae2a0 FUN_004ae380"
004ae2a0,FUN_004ae2a0,213,0,"FUN_004abd40 FUN_004afe30"
004ae380,FUN_004ae380,328,0,"FUN_004abd40"
004ae4d0,thunk_FUN_004b224f,5,0,""
004ae4e0,FUN_004ae4e0,597,0,"FUN_004ab360 FUN_004ab3f0 FUN_004ab470 FUN_004ab800 FUN_004aba30 FUN_004abb10 FUN_004abd40 FUN_004ae740 FUN_004ae840 FUN_004b02a0"
004ae740,FUN_004ae740,242,0,"FUN_004aff30 FUN_004b0c50"
004ae840,FUN_004ae840,673,0,"FUN_004abcf0 FUN_004ae740 FUN_004ae840 FUN_004afe30 FUN_004b0030 FUN_004b02a0 FUN_004b1800 _memset"
004aeb10,FUN_004aeb10,451,0,"FUN_004ab360 FUN_004ab3f0 FUN_004ab470 FUN_004ab800 FUN_004aba30 FUN_004abd40 FUN_004aece0 FUN_004aed90 FUN_004b0d30 FUN_004b0f40 __security_check_cookie"
004aece0,FUN_004aece0,168,0,"FUN_004afe30 FUN_004aff30 FUN_004b0c50 FUN_004b1770"
004aed90,FUN_004aed90,341,0,"FUN_004abcf0 FUN_004aece0 FUN_004aed90 FUN_004afe30 FUN_004b0d30 FUN_004b0f40 FUN_004b1800 _memset"
004aeef0,FUN_004aeef0,1016,0,"FUN_004ab360 FUN_004ab3f0 FUN_004ab470 FUN_004ab800 FUN_004ab910 FUN_004ab9b0 FUN_004abb10 FUN_004abb90 FUN_004abd40 FUN_004ae130 FUN_004ae1d0 FUN_004ae380 FUN_004b0c50 FUN_004b1900 FUN_004b1af0 __aulldiv"
004af2f0,FUN_004af2f0,81,0,"FUN_004ae130 FUN_004ae1d0 FUN_004aeef0"
004af350,FUN_004af350,274,0,"FUN_004abd40 FUN_004af350"
004af470,FUN_004af470,108,0,"FUN_004abb10 FUN_004abd40 FUN_004b0c50"
004af4e0,FUN_004af4e0,163,0,"FUN_004af350"
004af590,FUN_004af590,59,0,"FUN_0047a4db FUN_004ab8d0"
004af5d0,FUN_004af5d0,66,0,"FUN_0047a4d0 FUN_004ab910"
004af620,FUN_004af620,369,0,"FUN_004ab800 FUN_004ab8d0 FUN_004ab910 FUN_004ab9b0 FUN_004aba90 FUN_004abb10 FUN_004aeef0 FUN_004af4e0 FUN_004b1900 FUN_004b1d10"
004af7a0,FUN_004af7a0,606,0,"FUN_004ab360 FUN_004ab3f0 FUN_004ab470 FUN_004ab800 FUN_004abb90 FUN_004abd40 FUN_004ae380 FUN_004aff30"
004afa00,FUN_004afa00,112,0,"FUN_004ab360 FUN_004ab3f0 FUN_004ab470 FUN_004ae4e0 FUN_004aeb10 FUN_004af7a0"
004afa70,FUN_004afa70,47,0,"FUN_0047a4db FUN_004ab8d0"
004afaa0,FUN_004afaa0,42,0,"FUN_004ab910"
004afad0,FUN_004afad0,75,0,"FUN_004ab800 FUN_004ab9b0 FUN_004abb10"
004afb20,FUN_004afb20,641,0,"FUN_004ab360 FUN_004ab3f0 FUN_004ab470 FUN_004ab800 FUN_004ab8d0 FUN_004ab910 FUN_004ab9b0 FUN_004aba90 FUN_004abb10 FUN_004abb90 FUN_004ae380 FUN_004ae4e0 FUN_004aeef0 FUN_004af350 FUN_004b1af0"
004afdb0,FUN_004afdb0,119,0,"FUN_004ab360 FUN_004ab3f0 FUN_004ab470 FUN_004ae4e0 FUN_004aeb10 FUN_004afb20"
004afe30,FUN_004afe30,253,0,""
004aff30,FUN_004aff30,249,0,""
004b0030,FUN_004b0030,618,0,""
004b02a0,FUN_004b02a0,2478,0,""
004b0c50,FUN_004b0c50,223,0,""
004b0d30,FUN_004b0d30,520,0,""
004b0f40,FUN_004b0f40,2095,0,""
004b1770,FUN_004b1770,144,0,""
004b1800,FUN_004b1800,241,0,""
004b1900,FUN_004b1900,307,0,"FUN_004abd40 _memset"
004b1a40,FUN_004b1a40,168,0,"FUN_004abd40"
004b1af0,FUN_004b1af0,325,0,"FUN_004abb10 FUN_004abd40"
004b1c40,FUN_004b1c40,206,0,"FUN_004abb10 FUN_004abd40"
004b1d10,FUN_004b1d10,1343,0,"FUN_004ab360 FUN_004ab3f0 FUN_004ab470 FUN_004ab800 FUN_004ab8d0 FUN_004ab930 FUN_004ab970 FUN_004ab9b0 FUN_004abb10 FUN_004abb90 FUN_004ae130 FUN_004ae1d0 FUN_004ae2a0 FUN_004ae380 FUN_004ae4e0 FUN_004aeef0 FUN_004af2f0 FUN_004af470 FUN_004b1900 FUN_004b1a40 FUN_004b1af0 FUN_004b1c40"
004b224f,FUN_004b224f,33,0,"FUN_00462a12 rand_s"
004b2271,guard_check_icall,6,0,""
004b2280,__FindPESection,67,2,""
004b22d0,__IsNonwritableInCurrentImage,164,1,"FUN_004b2390 __FindPESection"
004b2390,FUN_004b2390,49,0,""
004b23d0,__aulldvrm,149,0,""
004b2470,__allmul,52,0,""
004b24b0,__allshl,31,0,""
004b24d0,__aullshr,31,0,""
004b24f0,__alldiv,170,0,""
004b25a0,__allrem,178,0,""
004b2660,__alldvrm,223,0,""
004b2740,__alloca_probe_16,22,0,"__alloca_probe"
004b2756,__alloca_probe_8,22,0,"__alloca_probe"
004b2770,thunk_FUN_004b2780,5,0,""
004b2780,FUN_004b2780,124,0,""
004b2800,__alloca_probe,43,0,""
004b282b,rand_s,72,0,"FUN_0047a46f FUN_0047d87a FUN_0047ed9d"
004b2880,FUN_004b2880,327,0,"FUN_00436b80 FUN_00436c50 FUN_00436f50 FUN_004374e0 FUN_00437840 FUN_00442a50 FUN_00465538 ___std_type_info_name"
004b29c7,__filter_x86_sse2_floating_point_exception_default,120,0,""
004b2a50,FUN_004b2a50,1100,0,"D3DXLoadSurfaceFromMemory FUN_004b3690 FUN_004b3760 FUN_004b3930 MultiByteToWideChar SelectObject SetBkMode SetTextColor TextOutW __security_check_cookie _memset"
004b2f40,FUN_004b2f40,1763,0,"CreateFontW EnumFontFamiliesExW FUN_0046230c FUN_0046231d FUN_004627e2 FUN_004b3d70 GetDC ReleaseDC __security_check_cookie _memset"
004b3630,FUN_004b3630,86,0,""
004b3690,FUN_004b3690,196,0,""
004b3760,FUN_004b3760,451,0,"FUN_0046230c FUN_0046231d FUN_004627e2 FUN_00464df0 FUN_0047a4db FUN_004d7440"
004b3930,FUN_004b3930,909,0,""
004b3cc0,FUN_004b3cc0,50,0,""
004b3d00,FUN_004b3d00,35,0,""
004b3d30,FUN_004b3d30,63,0,""
004b3d70,FUN_004b3d70,403,0,"CreateCompatibleDC CreateDIBSection FUN_004b3f30 SelectObject __security_check_cookie _memset"
004b3f30,FUN_004b3f30,128,0,"DeleteDC DeleteObject SelectObject"
004b4030,FUN_004b4030,24,0,"DeleteObject"
004b4050,FUN_004b4050,24,0,"DeleteObject"
004b4070,FUN_004b4070,3,0,""
004b4080,FUN_004b4080,1176,0,"CheckRadioButton CreateDialogParamW DestroyWindow DispatchMessageW EnableWindow EnumDisplaySettingsW FUN_00402260 FUN_004b4540 FUN_004b7d10 GetDlgItem GetKeyState GetUserDefaultLCID IsDialogMessageW IsDlgButtonChecked PeekMessageW ShowWindow Sleep TranslateMessage XInputGetState __security_check_cookie _memset"
004b4540,FUN_004b4540,114,0,"IsDlgButtonChecked"
004b45c0,FUN_004b45c0,260,0,"DestroyWindow FUN_004b4540 GetDlgItem SendMessageW"
004b46f0,FUN_004b46f0,193,0,"CreateMutexW FUN_004d6ce0 GetConsoleTitleW GetLastError GetModuleFileNameW GetStartupInfoW __security_check_cookie _memset"
004b47c0,FUN_004b47c0,813,0,""
004b4af0,FUN_004b4af0,701,0,"FUN_004b47c0 FUN_004b4db0 FUN_004d6be0 __security_check_cookie"
004b4db0,FUN_004b4db0,698,0,"FUN_004d6be0 FUN_004d6ce0 GetDC GetDeviceCaps ReleaseDC"
004b5100,FUN_004b5100,663,0,"AdjustWindowRectEx CreateWindowExW FUN_004b53a0 GetStockObject GetUserDefaultLCID GetWindowRect LoadCursorW RegisterClassW SetWindowLongW ShowWindow __security_check_cookie"
004b53a0,FUN_004b53a0,1238,0,""
004b5880,FUN_004b5880,156,0,"Direct3DCreate9 EnumDisplaySettingsW FUN_004d6ce0 __security_check_cookie _memset"
004b5920,FUN_004b5920,283,0,"FUN_0046230c FUN_0046231d FUN_004627e2 FUN_0056c010 QueryPerformanceCounter timeGetTime"
004b5a40,FUN_004b5a40,545,0,"D3DXLoadSurfaceFromSurface FUN_00401ac0 FUN_0046dbd9 FUN_004ca360 FUN_004d7300 FUN_00535d50 __mkdir __security_check_cookie"
004b5c70,FUN_004b5c70,255,0,"FUN_00401c10 FUN_00401ce0 FUN_004b47c0 FUN_004b5920 FUN_004b5a40 FUN_004b6650 FUN_00535150 FUN_005352f0 Sleep"
004b5d70,FUN_004b5d70,522,0,"FUN_00401ae0 FUN_00401c10 FUN_00401ce0 FUN_004067e0 FUN_00413a10 FUN_004b47c0 FUN_004b5920 FUN_004b5a40 FUN_004b6650 FUN_004ca360 FUN_004ca3c0 FUN_004d7000 FUN_004d71a0 FUN_00535150 FUN_005352f0 Sleep"
004b5fe0,FUN_004b5fe0,597,0,"FUN_00401ae0 FUN_00401c10 FUN_00401ce0 FUN_004067e0 FUN_00413a10 FUN_004b47c0 FUN_004b5920 FUN_004b5a40 FUN_004b6650 FUN_004ca360 FUN_004ca3c0 FUN_004d7000 FUN_004d71a0 FUN_00535150 FUN_005352f0 Sleep"
004b6240,FUN_004b6240,661,0,"FUN_00401c10 FUN_00401ce0 FUN_004b47c0 FUN_004b5920 FUN_004b5a40 FUN_004b6650 FUN_00535150 FUN_005352f0 Sleep timeBeginPeriod timeEndPeriod"
004b6650,FUN_004b6650,256,0,"FUN_004b5920 FUN_004f6c60"
004b67a0,FUN_004b67a0,653,0,"FUN_004647ae FUN_0046d5c1 FUN_0046dbd9 FUN_0046dbe4 FUN_004b4070 GetEnvironmentVariableW GetModuleFileNameW QueryPerformanceCounter QueryPerformanceFrequency SystemParametersInfoW WideCharToMultiByte __alloca_probe __mkdir __security_check_cookie __wmkdir"
004b6a30,FUN_004b6a30,932,0,"DefWindowProcW LoadCursorW SetCursor SetWindowPos ShowCursor Sleep"
004b6e50,FUN_004b6e50,3590,0,"CreateMutexW DestroyWindow Direct3DCreate9 DispatchMessageW EnumDisplaySettingsW FUN_00401ae0 FUN_00401c10 FUN_00401ce0 FUN_004067e0 FUN_004068d0 FUN_00413a10 FUN_0046230c FUN_0046231d FUN_004627e2 FUN_00462906 FUN_0046338c FUN_0046d433 FUN_0046d48d FUN_0046d4de FUN_0047a20e FUN_004b4080 FUN_004b47c0 FUN_004b4af0 FUN_004b4db0 FUN_004b5100 FUN_004b53a0 FUN_004b5920 FUN_004b5d70 FUN_004b5fe0 FUN_004b6240 FUN_004b67a0 FUN_004bc800 FUN_004ca360 FUN_004ca3c0 FUN_004d05a0 FUN_004d0da0 FUN_004d5b00 FUN_004d6b50 FUN_004d6be0 FUN_004d6ce0 FUN_004d6df0 FUN_004d6f70 FUN_004d7000 FUN_004d71a0 FUN_00534d60 FUN_00534fc0 FUN_00535150 FUN_005351b0 FUN_005352f0 FUN_005357d0 GetConsoleTitleW GetKeyboardState GetLastError GetModuleFileNameW GetStartupInfoW GetSystemMetrics GetWindowRect MoveWindow PeekMessageW SetCursor SetForegroundWindow SetKeyboardState SetWindowLongW SetWindowPos ShowCursor ShowWindow SystemParametersInfoW TranslateMessage WINNLSEnableIME __alloca_probe __security_check_cookie _memset `eh_vector_destructor_iterator' joyGetDevCapsW joyGetPosEx operator_new thunk_FUN_0047a4db timeBeginPeriod timeEndPeriod"
004b7c80,FUN_004b7c80,90,0,""
004b7d10,FUN_004b7d10,301,0,"FUN_00402260 __security_check_cookie joyGetPosEx"
004b7e40,FUN_004b7e40,29,0,""
004b7e60,FUN_004b7e60,1998,0,"FUN_00402260 FUN_0046230c FUN_0046231d FUN_004627e2 GetKeyboardState XInputGetState __security_check_cookie _memset"
004b8650,FUN_004b8650,38,0,""
004b8680,FUN_004b8680,182,0,"FUN_00401ac0 FUN_0046230c FUN_0046231d FUN_004627e2"
004b8760,FUN_004b8760,724,0,"FUN_0046230c FUN_0046231d FUN_004627e2 FUN_004b7e60"
004b8a40,FUN_004b8a40,310,0,"FUN_0046230c FUN_0046231d FUN_004627e2"
004b8b80,FUN_004b8b80,392,0,"FUN_0046230c FUN_0046231d FUN_004627e2 FUN_004b8a40 FUN_004b9280 FUN_004b9460"
004b8d70,FUN_004b8d70,591,0,"FUN_00401f60 FUN_004b8b80 FUN_004d5c70 FUN_004d6b50"
004b8fc0,FUN_004b8fc0,173,0,"FUN_0046230c FUN_0046231d FUN_004627e2 FUN_004b8a40 FUN_004d5990"
004b9080,FUN_004b9080,510,0,"FUN_004b8b80 FUN_004d5c70 FUN_004d6b50"
004b9280,FUN_004b9280,124,0,"XInputGetState __security_check_cookie"
004b9300,FUN_004b9300,128,0,"__security_check_cookie"
004b9380,FUN_004b9380,80,0,"FUN_004b9670"
004b93d0,FUN_004b93d0,133,0,"FUN_004d6be0"
004b9460,FUN_004b9460,518,0,"DirectInput8Create FUN_004d6be0"
004b9670,FUN_004b9670,836,0,"CoCreateInstance CoInitialize CoSetProxyBlanket CoUninitialize FUN_00402230 FUN_00464851 SysAllocString SysFreeString VariantInit __security_check_cookie _memset"
004b99c0,FUN_004b99c0,187,0,"__security_check_cookie joyGetDevCapsW joyGetPosEx"
004b9a80,FUN_004b9a80,161,0,"GetKeyboardState SetKeyboardState __security_check_cookie"
004b9b30,FUN_004b9b30,269,0,"FUN_00402260 FUN_004b7d10 XInputGetState __security_check_cookie"
004b9c40,FUN_004b9c40,3,0,""
004b9c50,FUN_004b9c50,219,0,"FUN_0046230c FUN_0046231d FUN_004627e2 FUN_004d5990"
004b9d40,FUN_004b9d40,401,0,"FUN_004d5a60 FUN_004d5bb0 FUN_004d5c70"
004b9f00,FUN_004b9f00,160,0,"FUN_00402480 FUN_004b9d40 FUN_004d6b50"
004b9fa0,FUN_004b9fa0,96,0,"FUN_0046230c FUN_0046231d FUN_004627e2 thunk_FUN_0047a4db"
004ba010,FUN_004ba010,563,0,"FUN_00402540 FUN_004026c0"
004ba250,FUN_004ba250,576,0,"FUN_00402540 FUN_004026c0"
004ba490,FUN_004ba490,132,0,"FUN_004ba8f0"
004ba520,FUN_004ba520,207,0,"FUN_004026c0"
004ba5f0,FUN_004ba5f0,124,0,"FUN_004ba8f0"
004ba670,FUN_004ba670,81,0,"FUN_004ba8f0"
004ba6d0,FUN_004ba6d0,44,0,"FUN_004026c0"
004ba700,FUN_004ba700,135,0,"FUN_004026c0"
004ba790,FUN_004ba790,81,0,"FUN_004ba8f0"
004ba7f0,FUN_004ba7f0,136,0,"FUN_004026c0"
004ba880,FUN_004ba880,104,0,"FUN_00401ae0 FUN_004ba8f0 FUN_004ca360"
004ba8f0,FUN_004ba8f0,624,0,"FUN_004ca360 __security_check_cookie"
004bab60,FUN_004bab60,100,0,"FUN_004026c0"
004babd0,FUN_004babd0,3,0,""
004babe0,FUN_004babe0,188,0,"FUN_0046230c FUN_0046231d FUN_004627e2 FUN_0046d433"
004baca0,FUN_004baca0,172,0,"FUN_004d93f0 MsgWaitForMultipleObjects PeekMessageW"
004badc0,FUN_004badc0,174,0,""
004bae70,FUN_004bae70,2357,0,"CloseHandle CreateEventW CreateThread FUN_00402860 FUN_0046230c FUN_0046231d FUN_004627e2 FUN_0046d433 FUN_004b5920 FUN_004bbc80 FUN_004bc270 FUN_004d8640 FUN_004d86d0 FUN_004d8990 FUN_004d8ae0 FUN_004d8c00 FUN_004d8ea0 FUN_004d9290 FUN_004d9300 PostThreadMessageW SetFilePointer WaitForSingleObject thunk_FUN_0047a4db"
004bb7d0,FUN_004bb7d0,147,0,""
004bb8a0,FUN_004bb8a0,36,0,"FUN_004bb8d0"
004bb8d0,FUN_004bb8d0,144,0,"FUN_004027a0"
004bb970,FUN_004bb970,175,0,""
004bba20,FUN_004bba20,224,0,"CloseHandle FUN_0046230c FUN_0046231d FUN_004627e2 FUN_004d8ae0 PostThreadMessageW WaitForSingleObject thunk_FUN_0047a4db"
004bbb10,FUN_004bbb10,361,0,"CreateEventW CreateThread FUN_0046d433 FUN_004bc270 FUN_004d8640 FUN_004d86d0"
004bbc80,FUN_004bbc80,595,0,"CloseHandle CreateFileW FUN_004028d0 FUN_0046230c FUN_0046231d FUN_004627e2 FUN_0046d433 FUN_004babd0 FUN_004bc270 FUN_004d7440 MultiByteToWideChar ReadFile SetFilePointer __security_check_cookie _memset"
004bbee0,FUN_004bbee0,82,0,"FUN_0046d433 FUN_004bc270 FUN_004d8640"
004bbf40,FUN_004bbf40,223,0,"CreateEventW CreateThread FUN_0046d433 FUN_004bba20 FUN_004d8380"
004bc020,FUN_004bc020,37,0,"FUN_004d6760"
004bc050,FUN_004bc050,531,0,"FUN_0046230c FUN_0046231d FUN_004627e2 FUN_00464df0 FUN_0047a4db FUN_004babd0 FUN_004bc330 FUN_004d6760 FUN_004d74a0 __security_check_cookie _strncmp"
004bc270,FUN_004bc270,184,0,"FUN_00464ac0 FUN_0046d433 __security_check_cookie"
004bc330,FUN_004bc330,84,0,"_strncmp"
004bc390,FUN_004bc390,1131,0,"DirectSoundCreate8 FUN_0046230c FUN_0046231d FUN_004627e2 FUN_004bc050 FUN_004d6b50 FUN_004d6be0 SetTimer __security_check_cookie _memset thunk_FUN_0047a4db"
004bc800,FUN_004bc800,410,0,"FUN_004027b0 FUN_0046230c FUN_0046231d FUN_004627e2 FUN_0047a4db FUN_004bba20 KillTimer thunk_FUN_0047a4db"
004bc9a0,FUN_004bc9a0,536,0,"FUN_00402c30 FUN_00402dd0 FUN_00403000 FUN_00403250 FUN_00403410 FUN_004037e0"
004bcbc0,FUN_004bcbc0,2241,0,"FUN_00404230 FUN_00404a70"
004bd4b0,FUN_004bd4b0,432,0,"FUN_00404320"
004bd660,FUN_004bd660,14519,0,"FUN_00402540 FUN_00402630 FUN_00402650 FUN_004026a0 FUN_00402780 FUN_00402b90 FUN_004042b0 FUN_00404320 FUN_00404390 FUN_004043c0 FUN_004043f0 FUN_00404420 FUN_00404450 FUN_00404480 FUN_00404530 FUN_004045a0 FUN_00404690 FUN_004047a0 FUN_004047c0 FUN_00404810 FUN_00404890 FUN_00404980 FUN_00404990 FUN_004049a0 FUN_004049c0 FUN_004049d0 FUN_00404b70 FUN_00404c90 FUN_004bc9a0 FUN_004bcbc0 FUN_004bd4b0 FUN_004c1400 FUN_004c14c0 FUN_004c1600 FUN_004c1760 FUN_004c1c20 FUN_004ca2e0 FUN_004ca6f0 FUN_004cb8b0 FUN_004d0770 FUN_004d0990 FUN_004d09b0 FUN_004d0b30 FUN_004d5d30 FUN_004d5d50 FUN_004d6970 FUN_004d7440 FUN_00506940 __security_check_cookie"
004c1400,FUN_004c1400,114,0,""
004c14c0,FUN_004c14c0,217,0,""
004c1600,FUN_004c1600,239,0,"FUN_00402630"
004c1760,FUN_004c1760,462,0,"FUN_00402540 FUN_00404ae0 FUN_00404bd0 FUN_00404c90"
004c19c0,FUN_004c19c0,324,0,"FUN_004bd660 _memset"
004c1b10,FUN_004c1b10,272,0,"FUN_00404cf0 _memset"
004c1c20,FUN_004c1c20,363,0,""
004c1d90,FUN_004c1d90,637,0,"FUN_004ca0e0 FUN_004ca360"
004c2010,FUN_004c2010,453,0,"FUN_004ca0e0 FUN_004ca360"
004c21e0,FUN_004c21e0,628,0,"FUN_004ca0e0 FUN_004ca360"
004c2460,FUN_004c2460,1262,0,"FUN_00404420 FUN_00404450 FUN_004ca0e0 FUN_004ca360"
004c2950,FUN_004c2950,876,0,"FUN_00404420 FUN_00404450 FUN_004ca0e0 FUN_004ca360"
004c2cc0,FUN_004c2cc0,950,0,"FUN_00404420 FUN_00404450 FUN_004ca0e0 FUN_004ca360"
004c3080,FUN_004c3080,234,0,"FUN_004ca0e0 FUN_004ca360"
004c3170,FUN_004c3170,1023,0,"FUN_00404420 FUN_00404450 FUN_0047a070 FUN_0047a0c0 FUN_004ca0e0 FUN_004ca360"
004c3570,FUN_004c3570,727,0,"FUN_00404420 FUN_00404450 FUN_0047a070 FUN_0047a0c0 FUN_004ca0e0 FUN_004ca360"
004c3850,FUN_004c3850,775,0,"FUN_00404420 FUN_00404450 FUN_0047a070 FUN_0047a0c0 FUN_004ca0e0 FUN_004ca360"
004c3b60,FUN_004c3b60,555,0,"FUN_004ca0e0 FUN_004ca360"
004c3d90,FUN_004c3d90,417,0,"FUN_004ca0e0 FUN_004ca360"
004c3f40,FUN_004c3f40,288,0,"FUN_004ca0e0 FUN_004ca360"
004c4060,FUN_004c4060,583,0,"FUN_004ca0e0 FUN_004ca360"
004c42b0,FUN_004c42b0,194,0,"FUN_004c4d20"
004c4380,FUN_004c4380,811,0,"FUN_0047a070 FUN_0047a0c0 FUN_004ca0e0 FUN_004ca360"
004c46b0,FUN_004c46b0,596,0,"FUN_0047a070 FUN_0047a0c0 FUN_004ca0e0 FUN_004ca360"
004c4910,FUN_004c4910,1025,0,"FUN_0047a070 FUN_0047a0c0 FUN_004ca0e0 FUN_004ca360"
004c4d20,FUN_004c4d20,965,0,"FUN_0047a070 FUN_0047a0c0 FUN_004ca0e0 FUN_004ca360"
004c50f0,FUN_004c50f0,3530,0,"FUN_00404230 FUN_00404f10 FUN_00404f70 FUN_00404fd0 FUN_004c1d90 FUN_004c2010 FUN_004c21e0 FUN_004c2460 FUN_004c2950 FUN_004c2cc0 FUN_004c3170 FUN_004c3570 FUN_004c3850 FUN_004c3b60 FUN_004c4060 FUN_004c42b0 FUN_004c4380 FUN_004c46b0 FUN_004c4910 FUN_004c4d20 FUN_004c5fa0 FUN_004c6210 FUN_004c6480 FUN_004c6910 FUN_004c71d0 FUN_004c7460 FUN_004c7800 FUN_004c8210 FUN_004c8780 FUN_004c8d30 FUN_004c9380 FUN_004c9dc0 FUN_004ca0e0 FUN_004ca360 FUN_00534c70 FUN_00534cf0 FUN_00535d10"
004c5fa0,FUN_004c5fa0,623,0,"FUN_004027a0 FUN_004c9dc0 FUN_004ca360"
004c6210,FUN_004c6210,610,0,"FUN_004027a0 FUN_004c9dc0 FUN_004ca0e0 FUN_004ca360"
004c6480,FUN_004c6480,1163,0,"D3DXMatrixMultiply D3DXMatrixRotationX D3DXMatrixRotationY D3DXMatrixRotationZ FUN_00405030 FUN_004c9dc0 FUN_004ca0e0 FUN_004ca360 FUN_00534c70 FUN_00534cb0 __security_check_cookie"
004c6910,FUN_004c6910,2206,0,"D3DXMatrixMultiply D3DXMatrixRotationX D3DXMatrixRotationY D3DXMatrixRotationZ FUN_00404050 FUN_00404ae0 FUN_00405030 FUN_004c9dc0 FUN_004ca0e0 FUN_004ca360 FUN_00534c70 FUN_00534cb0 __security_check_cookie"
004c71d0,FUN_004c71d0,573,0,"D3DXVec3Transform FUN_0047a200 FUN_004c7460 FUN_004c9380 __security_check_cookie"
004c7410,FUN_004c7410,71,0,"FUN_004c7460 FUN_004c9380"
004c7460,FUN_004c7460,917,0,"D3DXMatrixMultiply D3DXMatrixRotationX D3DXMatrixRotationY D3DXMatrixRotationZ FUN_00404a70 FUN_00404ae0 __security_check_cookie"
004c7800,FUN_004c7800,2499,0,"FUN_0047a200 FUN_004c8210 FUN_004c9380"
004c81e0,FUN_004c81e0,43,0,"FUN_004c8210 FUN_004c9380"
004c8210,FUN_004c8210,1251,0,"D3DXVec3Project FUN_00404a70 FUN_00404ae0 FUN_0047a070 FUN_0047a0c0 FUN_0047a200 __security_check_cookie"
004c8700,FUN_004c8700,51,0,"FUN_004c8780 FUN_004c9380"
004c8740,FUN_004c8740,51,0,"FUN_004c8780 FUN_004c9380"
004c8780,FUN_004c8780,1199,0,"FUN_00404050 FUN_00404a70 FUN_00404ae0 FUN_0047a070 FUN_0047a0c0"
004c8c30,FUN_004c8c30,56,0,""
004c8c70,FUN_004c8c70,63,0,""
004c8cb0,FUN_004c8cb0,51,0,"FUN_004c8d30 FUN_004c9380"
004c8cf0,FUN_004c8cf0,51,0,"FUN_004c8d30 FUN_004c9380"
004c8d30,FUN_004c8d30,1433,0,"FUN_00404050"
004c92d0,FUN_004c92d0,163,0,""
004c9380,FUN_004c9380,2578,0,"FUN_00405030 FUN_004c92d0 FUN_004c9dc0 FUN_004ca0e0 FUN_004ca360"
004c9db0,FUN_004c9db0,9,0,"FUN_004c9dc0"
004c9dc0,FUN_004c9dc0,755,0,"FUN_004ca360"
004ca0e0,FUN_004ca0e0,428,0,"FUN_004ca360"
004ca2e0,FUN_004ca2e0,106,0,"FUN_004c8780 FUN_004c8d30"
004ca360,FUN_004ca360,95,0,""
004ca3c0,FUN_004ca3c0,70,0,""
004ca410,FUN_004ca410,30,0,"FUN_004c5fa0"
004ca430,FUN_004ca430,692,0,""
004ca6f0,FUN_004ca6f0,1335,0,"FUN_00402540 FUN_0046230c FUN_0046231d FUN_004627e2 FUN_0047a4d0 FUN_0047a4db"
004cac30,FUN_004cac30,3,0,""
004cac40,FUN_004cac40,34,0,"FUN_004cb8b0"
004cac70,FUN_004cac70,40,0,"FUN_004bd660 FUN_004cb8b0"
004caca0,FUN_004caca0,44,0,"FUN_00404230 FUN_004cb8b0"
004cacd0,FUN_004cacd0,399,0,"FUN_00404cf0 FUN_00406f30 FUN_004d6b50"
004cae60,FUN_004cae60,34,0,"FUN_004cb8b0"
004cae90,FUN_004cae90,46,0,"FUN_004cb8b0"
004caec0,FUN_004caec0,13,0,""
004caed0,FUN_004caed0,203,0,"FUN_004cb0a0 FUN_004cb8b0"
004cafa0,FUN_004cafa0,256,0,"FUN_004cb0a0 FUN_004cb8b0"
004cb0a0,FUN_004cb0a0,142,0,"FUN_004cb0a0"
004cb130,FUN_004cb130,45,0,"FUN_004cb0a0"
004cb160,FUN_004cb160,121,0,"__security_check_cookie _memset"
004cb1e0,FUN_004cb1e0,114,0,"FUN_004cb8b0 FUN_004cb960"
004cb260,FUN_004cb260,32,0,"FUN_004c1c20"
004cb280,FUN_004cb280,37,0,"FUN_004c1c20"
004cb2b0,FUN_004cb2b0,47,0,"FUN_004c1c20 FUN_004cb8b0"
004cb320,FUN_004cb320,48,0,"FUN_004cb8b0"
004cb350,FUN_004cb350,42,0,"FUN_004cb8b0"
004cb3a0,FUN_004cb3a0,48,0,"FUN_004cb8b0"
004cb3d0,FUN_004cb3d0,73,0,"FUN_004cb710 FUN_004cb8b0"
004cb420,FUN_004cb420,34,0,"FUN_004cb420"
004cb450,FUN_004cb450,34,0,"FUN_004cb450"
004cb480,FUN_004cb480,49,0,"FUN_004cb420 FUN_004cb8b0"
004cb4c0,FUN_004cb4c0,49,0,"FUN_004cb450 FUN_004cb8b0"
004cb500,FUN_004cb500,17,0,"FUN_004cb7a0"
004cb520,FUN_004cb520,17,0,"FUN_004cb830"
004cb550,FUN_004cb550,119,0,""
004cb5d0,FUN_004cb5d0,35,0,"FUN_004cb8b0"
004cb600,FUN_004cb600,35,0,"FUN_004cb8b0"
004cb630,FUN_004cb630,49,0,"FUN_004cb8b0"
004cb670,FUN_004cb670,43,0,"FUN_004cb8b0"
004cb6a0,FUN_004cb6a0,37,0,"FUN_004cb8b0"
004cb6d0,FUN_004cb6d0,49,0,"FUN_004cb8b0"
004cb710,FUN_004cb710,56,0,"FUN_004cb710"
004cb750,FUN_004cb750,71,0,"FUN_004cb710 FUN_004cb8b0"
004cb7a0,FUN_004cb7a0,135,0,"FUN_004bd660 FUN_004cb8b0"
004cb830,FUN_004cb830,115,0,"FUN_004cb8b0"
004cb8b0,FUN_004cb8b0,170,0,""
004cb960,FUN_004cb960,615,0,"FUN_00403d90 FUN_00404230 FUN_0046230c FUN_0046231d FUN_004627e2 FUN_004bd660 FUN_004cacd0 FUN_004cbd70 FUN_004cbe00 FUN_004cbea0 FUN_004cbf30"
004cbbd0,FUN_004cbbd0,407,0,"FUN_004051a0 FUN_004068d0"
004cbd70,FUN_004cbd70,137,0,""
004cbe00,FUN_004cbe00,159,0,""
004cbea0,FUN_004cbea0,135,0,""
004cbf30,FUN_004cbf30,155,0,""
004cbfd0,FUN_004cbfd0,81,0,""
004cc030,FUN_004cc030,1387,0,"FUN_00401ae0 FUN_00405690 FUN_004ca360 FUN_00534c70 FUN_00534d30 FUN_00535a50 FUN_00535ac0"
004cc5a0,FUN_004cc5a0,615,0,"FUN_0046230c FUN_0046231d FUN_004627e2 FUN_004c50f0 FUN_004cc030"
004cc840,FUN_004cc840,151,0,""
004cc8e0,FUN_004cc8e0,147,0,""
004cc980,FUN_004cc980,164,0,"FUN_0046230c FUN_0046231d FUN_004627e2 FUN_004cccc0"
004cca30,FUN_004cca30,190,0,"FUN_0046230c FUN_0046231d FUN_004627e2 FUN_004cce00"
004ccaf0,FUN_004ccaf0,273,0,"FUN_004ccaf0"
004ccc10,FUN_004ccc10,163,0,"FUN_0046230c FUN_0046231d FUN_004627e2 FUN_004cccc0"
004cccc0,FUN_004cccc0,152,0,"FUN_004bd660 FUN_004cbbd0 FUN_004ccaf0"
004ccd60,FUN_004ccd60,157,0,"FUN_0046230c FUN_0046231d FUN_004627e2 FUN_004cce00"
004cce00,FUN_004cce00,152,0,"FUN_004bd660 FUN_004cbbd0 FUN_004ccaf0"
004ccea0,FUN_004ccea0,15,0,"FUN_004cc5a0"
004cceb0,FUN_004cceb0,15,0,"FUN_004cc5a0"
004ccec0,FUN_004ccec0,15,0,"FUN_004cc5a0"
004cced0,FUN_004cced0,15,0,"FUN_004cc5a0"
004ccee0,FUN_004ccee0,15,0,"FUN_004cc5a0"
004ccef0,FUN_004ccef0,15,0,"FUN_004cc5a0"
004ccf00,FUN_004ccf00,15,0,"FUN_004cc5a0"
004ccf10,FUN_004ccf10,15,0,"FUN_004cc5a0"
004ccf20,FUN_004ccf20,30,0,"FUN_004cc5a0"
004ccf40,FUN_004ccf40,15,0,"FUN_004cc5a0"
004ccf50,FUN_004ccf50,15,0,"FUN_004cc5a0"
004ccf60,FUN_004ccf60,15,0,"FUN_004cc5a0"
004ccf70,FUN_004ccf70,15,0,"FUN_004cc5a0"
004ccf80,FUN_004ccf80,15,0,"FUN_004cc5a0"
004ccf90,FUN_004ccf90,15,0,"FUN_004cc5a0"
004ccfa0,FUN_004ccfa0,15,0,"FUN_004cc5a0"
004ccfb0,FUN_004ccfb0,15,0,"FUN_004cc5a0"
004ccfc0,FUN_004ccfc0,30,0,"FUN_004cc5a0"
004ccfe0,FUN_004ccfe0,15,0,"FUN_004cc5a0"
004ccff0,FUN_004ccff0,15,0,"FUN_004cc5a0"
004cd000,FUN_004cd000,15,0,"FUN_004cc5a0"
004cd010,FUN_004cd010,30,0,"FUN_004cc5a0"
004cd030,FUN_004cd030,15,0,"FUN_004cc5a0"
004cd040,FUN_004cd040,30,0,"FUN_004cc5a0"
004cd060,FUN_004cd060,15,0,"FUN_004cc5a0"
004cd070,FUN_004cd070,30,0,"FUN_004cc5a0"
004cd090,FUN_004cd090,15,0,"FUN_004cc5a0"
004cd0a0,FUN_004cd0a0,15,0,"FUN_004cc5a0"
004cd0b0,FUN_004cd0b0,15,0,"FUN_004cc5a0"
004cd0c0,FUN_004cd0c0,15,0,"FUN_004cc5a0"
004cd0d0,FUN_004cd0d0,15,0,"FUN_004cc5a0"
004cd0e0,FUN_004cd0e0,15,0,"FUN_004cc5a0"
004cd0f0,FUN_004cd0f0,15,0,"FUN_004cc5a0"
004cd100,FUN_004cd100,30,0,"FUN_004cc5a0"
004cd120,FUN_004cd120,15,0,"FUN_004cc5a0"
004cd130,FUN_004cd130,15,0,"FUN_004cc5a0"
004cd140,FUN_004cd140,15,0,"FUN_004cc5a0"
004cd150,FUN_004cd150,15,0,"FUN_004cc5a0"
004cd160,FUN_004cd160,15,0,"FUN_004cc5a0"
004cd170,FUN_004cd170,30,0,"FUN_004cc5a0"
004cd190,FUN_004cd190,15,0,"FUN_004cc5a0"
004cd1a0,FUN_004cd1a0,15,0,"FUN_004cc5a0"
004cd1b0,FUN_004cd1b0,15,0,"FUN_004cc5a0"
004cd1c0,FUN_004cd1c0,30,0,"FUN_004cc5a0"
004cd1e0,FUN_004cd1e0,15,0,"FUN_004cc5a0"
004cd1f0,FUN_004cd1f0,15,0,"FUN_004cc5a0"
004cd200,FUN_004cd200,214,0,"D3DXLoadSurfaceFromSurface FUN_004ca360"
004cd2e0,FUN_004cd2e0,407,0,"FUN_00401a80 FUN_004027a0 FUN_004b2a50 __security_check_cookie"
004cd480,FUN_004cd480,399,0,"FUN_00401a80 FUN_004027a0 FUN_004b2a50 __security_check_cookie"
004cd610,FUN_004cd610,302,0,"FUN_00401a80 FUN_004027a0 FUN_004b2a50 __security_check_cookie"
004cd740,FUN_004cd740,104,0,"FUN_004b2a50"
004cd7b0,FUN_004cd7b0,226,0,""
004cd8a0,FUN_004cd8a0,118,0,"FUN_0046230c FUN_0046231d FUN_004627e2 FUN_0047a4db"
004cd920,FUN_004cd920,736,0,"FUN_0046230c FUN_0046231d FUN_004627e2 FUN_00463589 FUN_0047a4db FUN_004cb550 `eh_vector_destructor_iterator' thunk_FUN_0047a4db"
004cdc10,FUN_004cdc10,204,0,"FUN_0046230c FUN_0046231d FUN_004627e2 FUN_004cd920 thunk_FUN_0047a4db"
004cdcf0,FUN_004cdcf0,107,0,"FUN_004cdc10 FUN_004ce490"
004cdd60,FUN_004cdd60,1835,0,"D3DXCreateTexture D3DXLoadSurfaceFromFileInMemory FUN_00405100 FUN_004cf4e0 FUN_004d0b90 FUN_004d6ce0 __security_check_cookie"
004ce490,FUN_004ce490,729,0,"FUN_00404cf0 FUN_004bd660 FUN_004cdd60 _memset"
004ce770,FUN_004ce770,256,0,"FUN_004d6760 FUN_004d6ce0 __security_check_cookie swprintf_s<260>"
004ce870,FUN_004ce870,144,0,"FUN_004cac30 FUN_004ce900 Sleep"
004ce900,FUN_004ce900,505,0,"FUN_004027a0 FUN_0046230c FUN_0046231d FUN_004627e2 FUN_004cac30 FUN_004cd920 FUN_004ceb00 FUN_004d6b50 FUN_004d6ce0 _memset thunk_FUN_0047a4db"
004ceb00,FUN_004ceb00,1432,0,"FUN_00405240 FUN_004057f0 FUN_00405b80 FUN_00406540 FUN_00406590 FUN_00406710 FUN_0046230c FUN_0046231d FUN_004627e2 FUN_004633f2 FUN_0046d433 FUN_004d6760 FUN_004d6ce0 __security_check_cookie `eh_vector_constructor_iterator' swprintf_s<260>"
004cf0a0,FUN_004cf0a0,63,0,"FUN_004ce490 FUN_004ce900"
004cf0e0,FUN_004cf0e0,72,0,"D3DXCreateTexture"
004cf130,FUN_004cf130,415,0,"D3DXCreateTexture D3DXLoadSurfaceFromFileInMemory __security_check_cookie"
004cf2d0,FUN_004cf2d0,403,0,"D3DXCreateTexture D3DXLoadSurfaceFromFileInMemory FUN_004cf4e0 __security_check_cookie"
004cf470,FUN_004cf470,108,0,"D3DXLoadSurfaceFromFileInMemory FUN_004cf4e0"
004cf4e0,FUN_004cf4e0,1969,0,"__security_check_cookie"
004cfcd0,FUN_004cfcd0,50,0,""
004cfd10,FUN_004cfd10,58,0,""
004cfd50,FUN_004cfd50,49,0,""
004cfd90,FUN_004cfd90,39,0,""
004cfdd0,FUN_004cfdd0,2000,0,""
004d05a0,FUN_004d05a0,456,0,"FUN_004051a0 FUN_004068d0 FUN_004cbbd0"
004d0770,FUN_004d0770,542,0,"FUN_00403d90 FUN_0046230c FUN_0046231d FUN_004627e2 FUN_004bd660 FUN_004cacd0 FUN_004cbd70 FUN_004cbe00 FUN_004cbea0 FUN_004cbf30"
004d0990,FUN_004d0990,24,0,"FUN_004cb8b0"
004d09b0,FUN_004d09b0,380,0,"FUN_00403d90 FUN_00405560 FUN_0046230c FUN_0046231d FUN_004627e2 FUN_004bd660 FUN_004cacd0 FUN_004cbf30"
004d0b30,FUN_004d0b30,91,0,""
004d0b90,FUN_004d0b90,68,0,""
004d0be0,FUN_004d0be0,255,0,"D3DXLoadSurfaceFromSurface FUN_004ca360 __security_check_cookie"
004d0ce0,FUN_004d0ce0,173,0,"FUN_004067e0 FUN_004068d0 FUN_0047a20e FUN_004d05a0 `eh_vector_destructor_iterator'"
004d0da0,FUN_004d0da0,2808,0,"FUN_00404cf0 FUN_00406f30 FUN_004d5a60 FUN_004d5bb0 FUN_004d5c70 _memset `eh_vector_constructor_iterator'"
004d18a0,FUN_004d18a0,3,0,""
004d18b0,FUN_004d18b0,1027,0,"FUN_004d1e00 FUN_004d2070 FUN_004d50d0 __security_check_cookie"
004d1cc0,FUN_004d1cc0,320,0,"FUN_00405000 FUN_004d2070"
004d1e00,FUN_004d1e00,610,0,"FUN_00404420 FUN_00404450 FUN_004d3ae0"
004d2070,FUN_004d2070,603,0,"FUN_00404420 FUN_00404450 FUN_004d3ae0"
004d22d0,FUN_004d22d0,969,0,"FUN_004d27e0 FUN_004d2a10 FUN_004d50d0 __security_check_cookie"
004d26a0,FUN_004d26a0,306,0,"FUN_00405000 FUN_004d2a10"
004d27e0,FUN_004d27e0,545,0,"FUN_00404420 FUN_00404450 FUN_004d3ae0"
004d2a10,FUN_004d2a10,541,0,"FUN_00404420 FUN_00404450 FUN_004d3ae0"
004d2c30,FUN_004d2c30,1282,0,"FUN_0047a200 FUN_004d3ae0 FUN_004d46d0 FUN_004d5290 __security_check_cookie"
004d3140,FUN_004d3140,1081,0,"FUN_0047a070 FUN_0047a0c0 FUN_004d38f0 FUN_004d5290 __security_check_cookie"
004d3580,FUN_004d3580,415,0,"FUN_00404420 FUN_00404450 FUN_0047a200"
004d3720,FUN_004d3720,342,0,"FUN_00404420 FUN_00404450 FUN_0047a200"
004d3880,FUN_004d3880,110,0,""
004d38f0,FUN_004d38f0,494,0,"FUN_004d3ae0"
004d3ae0,FUN_004d3ae0,367,0,""
004d3c50,FUN_004d3c50,976,0,"FUN_00404420 FUN_00404450"
004d4020,FUN_004d4020,1011,0,"FUN_00404420 FUN_00404450"
004d4420,FUN_004d4420,181,0,"FUN_00404420 FUN_00404450"
004d44e0,FUN_004d44e0,493,0,"FUN_00404420 FUN_00404450"
004d46d0,FUN_004d46d0,563,0,"FUN_004d5290 __security_check_cookie"
004d4910,FUN_004d4910,201,0,"FUN_00404420 FUN_00404450"
004d49e0,FUN_004d49e0,32,0,"FUN_004d4a00"
004d4a00,FUN_004d4a00,940,0,"FUN_00403bc0 FUN_00404420 FUN_00404450 FUN_00404530 FUN_00404a70 FUN_00407490 FUN_004074f0 FUN_0047a070 FUN_0047a510"
004d4dc0,FUN_004d4dc0,397,0,"FUN_00404530 FUN_00407570"
004d4fa0,FUN_004d4fa0,151,0,""
004d5040,FUN_004d5040,70,0,""
004d5090,FUN_004d5090,61,0,""
004d50d0,FUN_004d50d0,159,0,"FUN_0047a070 FUN_0047a0c0"
004d5170,FUN_004d5170,130,0,"FUN_0047a070 FUN_0047a0c0"
004d5200,FUN_004d5200,130,0,"FUN_0047a070 FUN_0047a0c0"
004d5290,FUN_004d5290,159,0,"FUN_0047a070 FUN_0047a0c0"
004d5330,FUN_004d5330,86,0,"CloseHandle FUN_0046230c FUN_0046231d FUN_004627e2"
004d5390,FUN_004d5390,194,0,"CloseHandle FUN_0046230c FUN_0046231d FUN_004627e2 FUN_004d7440 ReadFile"
004d5460,FUN_004d5460,139,0,"CloseHandle FUN_0046230c FUN_0046231d FUN_004627e2 WriteFile"
004d54f0,FUN_004d54f0,302,0,"CreateFileW FUN_0046230c FUN_0046231d FUN_004627e2 FUN_004d18a0 FormatMessageW GetLastError LocalFree MultiByteToWideChar __security_check_cookie _memset"
004d5620,FUN_004d5620,302,0,"CreateFileW FUN_0046230c FUN_0046231d FUN_004627e2 FUN_004d18a0 FormatMessageW GetLastError LocalFree MultiByteToWideChar __security_check_cookie _memset"
004d5750,FUN_004d5750,239,0,"FUN_00464df0"
004d5840,FUN_004d5840,240,0,"FUN_00464df0"
004d5930,FUN_004d5930,38,0,"FUN_004d5a60 FUN_004d5bb0"
004d5960,FUN_004d5960,38,0,"FUN_004d5a60 FUN_004d5c70"
004d5990,FUN_004d5990,194,0,"FUN_004057a0 FUN_0046230c FUN_0046231d FUN_004627e2 thunk_FUN_0047a4db"
004d5a60,FUN_004d5a60,157,0,"FUN_004d6b50"
004d5b00,FUN_004d5b00,175,0,"FUN_0046230c FUN_0046231d FUN_004627e2 FUN_004d5990"
004d5bb0,FUN_004d5bb0,185,0,"FUN_0046230c FUN_0046231d FUN_004627e2"
004d5c70,FUN_004d5c70,185,0,"FUN_0046230c FUN_0046231d FUN_004627e2"
004d5d30,FUN_004d5d30,23,0,""
004d5d50,FUN_004d5d50,81,0,""
004d5db0,FUN_004d5db0,92,0,"FUN_00404420 FUN_00404450"
004d5e10,FUN_004d5e10,2253,0,"FUN_0047a070"
004d6760,FUN_004d6760,521,0,"CloseHandle CreateFileW FUN_0046230c FUN_0046231d FUN_004627e2 FUN_00464ac0 FUN_004d18a0 FUN_004d7440 FUN_0055e690 FUN_0055e6e0 GetFileSize MultiByteToWideChar ReadFile __security_check_cookie _memset"
004d6970,FUN_004d6970,117,0,""
004d69f0,FUN_004d69f0,38,0,"FUN_004d5a60 FUN_004d5bb0"
004d6a20,FUN_004d6a20,38,0,"FUN_004d5a60 FUN_004d5c70"
004d6a50,FUN_004d6a50,148,0,"FUN_0046230c FUN_0046231d FUN_004627e2 FUN_004d5990"
004d6af0,FUN_004d6af0,81,0,"FUN_0046230c FUN_0046231d FUN_004627e2 thunk_FUN_0047a4db"
004d6b50,FUN_004d6b50,142,0,"FUN_0046230c FUN_0046231d FUN_004627e2 operator_new"
004d6be0,FUN_004d6be0,252,0,"FUN_00401a80 FUN_004071d0 FUN_0046230c FUN_0046231d FUN_004627e2 __security_check_cookie _memset"
004d6ce0,FUN_004d6ce0,256,0,"FUN_00401a80 FUN_004071d0 FUN_0046230c FUN_0046231d FUN_004627e2 __security_check_cookie _memset"
004d6df0,FUN_004d6df0,370,0,"CloseHandle CreateFileW FUN_0046230c FUN_0046231d FUN_004627e2 FUN_004d18a0 FormatMessageW GetLastError LocalFree MultiByteToWideChar WriteFile __security_check_cookie _memset"
004d6f70,FUN_004d6f70,142,0,"FUN_004d6be0 MessageBoxW MultiByteToWideChar __alloca_probe __security_check_cookie"
004d7000,FUN_004d7000,376,0,"FUN_0046230c FUN_0046231d FUN_004627e2 FUN_004d5990"
004d71a0,FUN_004d71a0,313,0,"FUN_0046230c FUN_0046231d FUN_004627e2 FUN_004d5990"
004d7300,FUN_004d7300,214,0,"CloseHandle CreateFileW FUN_0046230c FUN_0046231d FUN_004627e2 MultiByteToWideChar __security_check_cookie _memset"
004d73e0,FUN_004d73e0,58,0,"FUN_004067e0 FUN_00413a10 FUN_004d5b00 FUN_004d7000"
004d7440,FUN_004d7440,87,0,"FUN_0046230c FUN_0046231d FUN_004627e2 FUN_0047a4d0"
004d74a0,FUN_004d74a0,87,0,"FUN_0046230c FUN_0046231d FUN_004627e2 FUN_0047a4db"
004d7500,FUN_004d7500,3,0,""
004d7510,FUN_004d7510,317,0,"FUN_0046230c FUN_0046231d FUN_004627e2 FUN_004d8990 FUN_004d8c00 FUN_004d8ea0"
004d7650,FUN_004d7650,208,0,"FUN_004b5920"
004d7720,FUN_004d7720,35,0,"CloseHandle"
004d7750,FUN_004d7750,205,0,"FUN_00464df0 ReadFile"
004d7820,FUN_004d7820,244,0,"SetFilePointer"
004d7920,FUN_004d7920,52,0,""
004d7960,FUN_004d7960,120,0,"FUN_004d7500 FUN_004d7820 FUN_004d79e0"
004d79e0,FUN_004d79e0,333,0,"CreateFileW FUN_004d7500 MultiByteToWideChar SetFilePointer __security_check_cookie _memset"
004d7b30,FUN_004d7b30,33,0,"CloseHandle"
004d7c00,FUN_004d7c00,224,0,"FUN_004d7820 FUN_004d8c00 Sleep"
004d7e00,FUN_004d7e00,188,0,"FUN_00407a40 FUN_004d8c00"
004d7f00,FUN_004d7f00,110,0,"FUN_0047a60d"
004d7f70,FUN_004d7f70,121,0,"Sleep"
004d7ff0,FUN_004d7ff0,286,0,"CloseHandle FUN_0046230c FUN_0046231d FUN_004627e2 thunk_FUN_0047a4db thunk_FUN_0047a4db"
004d8120,FUN_004d8120,99,0,"FUN_00407a40 FUN_004d8c00"
004d8190,FUN_004d8190,228,0,"__security_check_cookie"
004d8280,FUN_004d8280,255,0,"DirectSoundCreate8 __security_check_cookie"
004d8380,FUN_004d8380,689,0,"FUN_004076d0 FUN_004077b0 FUN_00407830 FUN_004078c0 FUN_00407920 FUN_004d79e0 __security_check_cookie"
004d8640,FUN_004d8640,133,0,"FUN_004d7500 FUN_004d7820 FUN_004d79e0"
004d86d0,FUN_004d86d0,694,0,"FUN_004076d0 FUN_00407830 FUN_004078c0 FUN_00407920 __security_check_cookie"
004d8990,FUN_004d8990,336,0,"FUN_0047a60d FUN_004b5920 FUN_004d8b60 FUN_004d8c00 Sleep"
004d8ae0,FUN_004d8ae0,128,0,"CloseHandle"
004d8b60,FUN_004d8b60,113,0,""
004d8c00,FUN_004d8c00,659,0,"FUN_00464df0 FUN_004d7820 ReadFile Sleep _memset"
004d8ea0,FUN_004d8ea0,848,0,"FUN_00407a40 FUN_0046230c FUN_0046231d FUN_004627e2 FUN_004633f2 __security_check_cookie thunk_FUN_0047a4db"
004d9200,FUN_004d9200,141,0,"CloseHandle FUN_004b5920 SetFilePointer"
004d9290,FUN_004d9290,112,0,"FUN_004b5920 FUN_004d8640"
004d9300,FUN_004d9300,240,0,"FUN_004b5920 FUN_004d7510"
004d93f0,FUN_004d93f0,1072,0,"FUN_0046230c FUN_0046231d FUN_004627e2 FUN_00464df0 FUN_004d7820 FUN_004d8c00 ReadFile Sleep _memset"
004d9830,FUN_004d9830,71,0,""
004d9880,FUN_004d9880,209,0,"FUN_0046230c FUN_0046231d FUN_004627e2 FUN_0047a4d0 _memset"
004d9960,FUN_004d9960,3780,0,"FUN_00402540 FUN_004026c0 FUN_004049d0 FUN_00405000 FUN_00407ba0 FUN_0047a200 FUN_004cb8b0 FUN_004cb960"
004da840,FUN_004da840,78,0,"FUN_004cb8b0"
004da890,FUN_004da890,149,0,""
004da930,FUN_004da930,443,0,"FUN_00402540 FUN_0046230c FUN_0046231d FUN_004627e2 FUN_0047a4d0 _memset"
004daaf0,FUN_004daaf0,526,0,"FUN_00402540 FUN_004048f0 FUN_0046230c FUN_0046231d FUN_004627e2 FUN_0047a4d0 _memset"
004dad00,FUN_004dad00,510,0,"FUN_00402540 FUN_004026c0"
004daf00,FUN_004daf00,162,0,"FUN_00404050 FUN_004c3f40 FUN_004c9dc0"
004dafd0,FUN_004dafd0,400,0,"FUN_00402540 FUN_0046230c FUN_0046231d FUN_004627e2 FUN_0047a4d0 _memset"
004db170,FUN_004db170,733,0,"FUN_00402540 FUN_004026c0"
004db450,FUN_004db450,197,0,"FUN_004c6480 FUN_004ca360"
004db540,FUN_004db540,518,0,"FUN_00403d90 FUN_0046230c FUN_0046231d FUN_004627e2 FUN_0047a4d0 FUN_004bd660 _memset"
004db750,FUN_004db750,128,0,"FUN_004bd660"
004db7d0,FUN_004db7d0,1702,0,"FUN_004c50f0 __security_check_cookie"
004dbe90,FUN_004dbe90,343,0,"FUN_00403d90 FUN_004bd660"
004dc010,FUN_004dc010,568,0,"FUN_00402540 FUN_0046230c FUN_0046231d FUN_004627e2 FUN_0047a4d0 _memset"
004dc250,FUN_004dc250,495,0,"FUN_00402540 FUN_004026c0"
004dc440,FUN_004dc440,162,0,"FUN_00404050 FUN_004c3f40 FUN_004c9dc0"
004dc510,FUN_004dc510,437,0,"FUN_00402540 FUN_0046230c FUN_0046231d FUN_004627e2 FUN_0047a4d0 _memset"
004dc6d0,FUN_004dc6d0,822,0,"FUN_00402540 FUN_004026c0"
004dca10,FUN_004dca10,197,0,"FUN_004c6480 FUN_004ca360"
004dcbd0,FUN_004dcbd0,443,0,"FUN_004bd660 FUN_004c1c20 FUN_004cb960"
004dcd90,FUN_004dcd90,449,0,"FUN_004bd660 FUN_004c1c20 FUN_004cb960"
004dcf60,FUN_004dcf60,450,0,"FUN_004bd660 FUN_004c1c20 FUN_004caed0 FUN_004cb710 FUN_004cb830 FUN_004cb8b0 FUN_004cb960"
004dd130,FUN_004dd130,692,0,"FUN_004c1c20 FUN_004caed0 FUN_004cb420 FUN_004cb450 FUN_004cb8b0"
004dd3f0,FUN_004dd3f0,110,0,""
004dd460,FUN_004dd460,47,0,"FUN_004dd130 FUN_004dd3f0"
004dd490,FUN_004dd490,57,0,""
004dd4d0,FUN_004dd4d0,44,0,""
004dd500,FUN_004dd500,47,0,""
004dd590,FUN_004dd590,47,0,""
004dd680,FUN_004dd680,38,0,""
004dd6b0,FUN_004dd6b0,385,0,"FUN_004026c0 FUN_004cb7a0 FUN_004cb8b0"
004dd9e0,FUN_004dd9e0,114,0,"FUN_0046230c FUN_0046231d FUN_004627e2 thunk_FUN_0047a4db"
004dda60,FUN_004dda60,437,0,"FUN_00407cd0 FUN_004ce870 FUN_004d5a60 FUN_004d5bb0 FUN_004d5c70 FUN_004d6b50 FUN_004d6be0 FUN_004e3e60 _memset"
004ddc20,FUN_004ddc20,427,0,"FUN_004067e0 FUN_0046230c FUN_0046231d FUN_004627e2 FUN_0047a20e FUN_004cdc10 FUN_004d5990 FUN_004de2f0 thunk_FUN_0047a4db"
004ddde0,FUN_004ddde0,418,0,"FUN_0046230c FUN_0046231d FUN_004627e2 FUN_004cb550 FUN_004dd130 FUN_004dd3f0 thunk_FUN_0047a4db"
004ddf90,FUN_004ddf90,237,0,"FUN_004cb3d0 FUN_004cb550 FUN_004cb710 FUN_004cb8b0"
004de0e0,FUN_004de0e0,518,0,"FUN_0046230c FUN_0046231d FUN_004627e2 FUN_004cb710 FUN_004cb8b0 FUN_004cb960 FUN_004dcf60 FUN_004dd130 thunk_FUN_0047a4db"
004de2f0,FUN_004de2f0,586,0,"FUN_00408130 FUN_0046230c FUN_0046231d FUN_004627e2 FUN_004cb3d0 FUN_004cb550 FUN_004cb710 FUN_004cb8b0 FUN_004deba0 thunk_FUN_0047a4db"
004de540,FUN_004de540,266,0,"FUN_004ce870 FUN_004d6b50 FUN_004d6be0 FUN_004e3e60 _memset"
004de650,FUN_004de650,358,0,"FUN_004ce870 FUN_004d5a60 FUN_004d5bb0 FUN_004d5c70 FUN_004d6b50 FUN_004d6be0 FUN_004e3e60 _memset"
004de7c0,FUN_004de7c0,97,0,""
004de830,FUN_004de830,40,0,""
004de860,FUN_004de860,136,0,""
004de910,FUN_004de910,337,0,"FUN_0054e960 FUN_0054f150"
004dea70,FUN_004dea70,298,0,"FUN_004cb3d0 FUN_004cb8b0 FUN_004cb960"
004deba0,FUN_004deba0,3290,0,"FUN_00409760 FUN_004097e0 FUN_00409860 FUN_004098b0 FUN_004099a0 FUN_004d6b50 FUN_004dd130 FUN_004de830"
004df950,FUN_004df950,906,0,"FUN_00408130 FUN_0040a5f0 FUN_0040a670 FUN_004cb7a0 FUN_004e0b20 FUN_004e41a0 FUN_004e5090"
004dfce0,FUN_004dfce0,877,0,"FUN_00408130 FUN_0040a5f0 FUN_004cb7a0 FUN_004e0b20 FUN_004e41a0 FUN_004e5090"
004e0050,FUN_004e0050,574,0,"FUN_00402540 FUN_00408130 FUN_004cb7a0 FUN_004d4fa0 FUN_004e41a0"
004e0290,FUN_004e0290,616,0,"FUN_00402540 FUN_00408130 FUN_004cb7a0 FUN_004d4fa0 FUN_004e41a0"
004e0500,FUN_004e0500,12,0,"FUN_004e0520"
004e0510,FUN_004e0510,12,0,"FUN_004e0f60"
004e0520,FUN_004e0520,1125,0,"FUN_00404230 FUN_0040a320 FUN_0040a420 FUN_0040a4c0 FUN_0040a500 FUN_0040a540 FUN_004b8680 FUN_004cb8b0 FUN_004e75a0 FUN_004e7610"
004e09b0,FUN_004e09b0,51,0,""
004e09f0,FUN_004e09f0,298,0,"FUN_004cb3d0 FUN_004cb710 FUN_004cb7a0 FUN_004cb8b0 FUN_004dcbd0"
004e0b20,FUN_004e0b20,316,0,"FUN_004cb3d0 FUN_004cb710 FUN_004cb7a0 FUN_004cb8b0 FUN_004dcbd0 FUN_004e09f0"
004e0c60,FUN_004e0c60,332,0,"FUN_004cb710 FUN_004cb7a0 FUN_004cb8b0 FUN_004dcd90"
004e0db0,FUN_004e0db0,302,0,"FUN_004cb7a0"
004e0ee0,FUN_004e0ee0,121,0,""
004e0f60,FUN_004e0f60,10119,0,"FUN_00401a60 FUN_00402540 FUN_00402650 FUN_004026c0 FUN_00403fa0 FUN_00405530 FUN_00408130 FUN_00409a50 FUN_00409d60 FUN_00409f40 FUN_0040a000 FUN_0040a110 FUN_0040a250 FUN_0040a470 FUN_0040a4c0 FUN_0040a500 FUN_0040a540 FUN_0040a5f0 FUN_0040a630 FUN_0040a670 FUN_004bb8d0 FUN_004bd660 FUN_004caed0 FUN_004cb0a0 FUN_004cb280 FUN_004cb3d0 FUN_004cb420 FUN_004cb450 FUN_004cb7a0 FUN_004cb830 FUN_004cb8b0 FUN_004cb960 FUN_004d4fa0 FUN_004dcbd0 FUN_004dcd90 FUN_004de2f0 FUN_004e0050 FUN_004e0290 FUN_004e09f0 FUN_004e0b20 FUN_004e0c60 FUN_004e0ee0 FUN_004e3740 FUN_004e4160 FUN_004e41a0 FUN_004e42f0 FUN_004e44e0"
004e3740,FUN_004e3740,87,0,"FUN_0046230c FUN_0046231d FUN_004627e2 thunk_FUN_0047a4db"
004e37a0,FUN_004e37a0,192,0,"FUN_00402860 FUN_00409ac0 FUN_004d6b50 FUN_004e39e0"
004e3860,FUN_004e3860,370,0,"FUN_0040a580 FUN_0046230c FUN_0046231d FUN_004627e2 FUN_004cb550 FUN_004cb710 FUN_004cb8b0 FUN_004d5990"
004e39e0,FUN_004e39e0,1022,0,"FUN_00408130 FUN_0040a670 FUN_004d5a60 FUN_004d5bb0 FUN_004d5c70"
004e3df0,FUN_004e3df0,104,0,"FUN_004cb960"
004e3e60,FUN_004e3e60,568,0,"FUN_0046230c FUN_0046231d FUN_004627e2 FUN_0046d433 FUN_0047a4db FUN_004d6760 FUN_004e40a0 FUN_004e4110 __security_check_cookie"
004e40a0,FUN_004e40a0,102,0,"FUN_0046d433"
004e4110,FUN_004e4110,76,0,""
004e4160,FUN_004e4160,55,0,"FUN_004cb420 FUN_004cb8b0"
004e41a0,FUN_004e41a0,336,0,"FUN_004cb450 FUN_004cb8b0 FUN_004cd2e0"
004e42f0,FUN_004e42f0,491,0,"FUN_004cb8b0 FUN_004cb960 FUN_004cd2e0"
004e44e0,FUN_004e44e0,2983,0,"FUN_00408130 FUN_004cb420 FUN_004cb450 FUN_004cb8b0 FUN_004cd2e0"
004e5090,FUN_004e5090,322,0,"FUN_004cb450 FUN_004cb8b0 FUN_004cd2e0"
004e51e0,FUN_004e51e0,84,0,"FUN_004e3e60 _memset"
004e5260,FUN_004e5260,12,0,"FUN_004e5280"
004e5280,FUN_004e5280,587,0,"FUN_004026c0 FUN_0040a770 FUN_0040a8e0 FUN_0046230c FUN_0046231d FUN_004627e2 FUN_004bb8d0 FUN_004c1c20 FUN_004caed0 FUN_004cb3d0 FUN_004cb960 FUN_004cd2e0 FUN_004d0990 FUN_004de830 thunk_FUN_0047a4db"
004e54d0,FUN_004e54d0,87,0,"FUN_0046230c FUN_0046231d FUN_004627e2 thunk_FUN_0047a4db"
004e5530,FUN_004e5530,231,0,"FUN_0040ab50 FUN_0046230c FUN_0046231d FUN_004627e2 FUN_004d5990"
004e5640,FUN_004e5640,258,0,""
004e5750,FUN_004e5750,174,0,""
004e5800,FUN_004e5800,79,0,"FUN_00401ae0 FUN_004ca360 FUN_004e6b60"
004e5850,FUN_004e5850,4699,0,"FUN_00404420 FUN_00404450 FUN_004c8780 FUN_004c8d30 FUN_004c9380"
004e6b60,FUN_004e6b60,201,0,"FUN_00401ae0 FUN_004e5850"
004e6c30,FUN_004e6c30,289,0,"FUN_0046d433"
004e6d60,FUN_004e6d60,27,0,"FUN_00401ae0 FUN_004e6b60"
004e6d80,FUN_004e6d80,27,0,"FUN_00401ae0 FUN_004e6b60"
004e6da0,FUN_004e6da0,229,0,"FUN_00401ae0 FUN_004e6b60 FUN_00535a50 FUN_00535ac0"
004e6e90,FUN_004e6e90,84,0,"FUN_00401ae0 FUN_004ca360 FUN_004e6b60"
004e6ef0,FUN_004e6ef0,15,0,"FUN_004e6b60"
004e6f00,FUN_004e6f00,28,0,"FUN_004e5750"
004e6f20,FUN_004e6f20,21,0,"FUN_004e5750"
004e6fa0,FUN_004e6fa0,558,0,"FUN_00402860 FUN_00406f30 FUN_004d6b50 FUN_004e7430 _memset"
004e71d0,FUN_004e71d0,592,0,"FUN_004068d0 FUN_0046230c FUN_0046231d FUN_004627e2 FUN_004cdc10 FUN_004d5990"
004e7430,FUN_004e7430,355,0,"FUN_00404cf0 FUN_004c1c20 FUN_004ce870 FUN_004d5a60 FUN_004d5bb0 FUN_004d5c70 FUN_004d6be0"
004e75a0,FUN_004e75a0,105,0,"FUN_00401a80 FUN_004e6c30 __security_check_cookie"
004e7610,FUN_004e7610,341,0,"FUN_00401a80 FUN_004e6c30 __security_check_cookie"
004e7860,FUN_004e7860,15,0,"FUN_004e79e0"
004e7870,FUN_004e7870,107,0,""
004e78e0,FUN_004e78e0,79,0,""
004e79e0,FUN_004e79e0,3363,0,"FUN_00402650 FUN_004026c0 FUN_00407b40 FUN_0040a540 FUN_0040b300 FUN_0040b3a0 FUN_0040b3e0 FUN_0040b420 FUN_0040b500 FUN_0040b590 FUN_0040b5d0 FUN_0040b6a0 FUN_0040b6e0 FUN_0040b720 FUN_0040b760 FUN_0040b7a0 FUN_004bb7d0 FUN_004bb8d0 FUN_004cb3a0 FUN_004cb3d0 FUN_004cb830 FUN_004cb960 FUN_004e8a20 FUN_0050d410 FUN_0050e7d0 FUN_0050e820 FUN_00537b90"
004e8780,FUN_004e8780,272,0,"FUN_00402860 FUN_0040af20 FUN_004ce870 FUN_004d5a60 FUN_004d5bb0 FUN_004d5c70 FUN_004d6b50 FUN_004d6be0"
004e8890,FUN_004e8890,385,0,"FUN_0046230c FUN_0046231d FUN_004627e2 FUN_004cdc10 FUN_004d5990 thunk_FUN_0047a4db"
004e8a20,FUN_004e8a20,2971,0,"FUN_00404050 FUN_0040b720 FUN_0040b840 FUN_004caed0 FUN_004cb3d0 FUN_004cb8b0 FUN_004cb960 FUN_004e75a0 FUN_004e95c0"
004e95c0,FUN_004e95c0,382,0,"FUN_0040b7e0 FUN_004caed0"
004e9740,FUN_004e9740,529,0,"FUN_004cb7a0 FUN_004cb960 FUN_004d6be0 FUN_004e8a20"
004e9960,FUN_004e9960,160,0,"FUN_004ce870 FUN_004d5a60 FUN_004d5bb0 FUN_004d5c70 FUN_004d6be0"
004e9a20,FUN_004e9a20,2122,0,"FUN_0047a070 FUN_005063b0"
004ea270,FUN_004ea270,635,0,"FUN_004c50f0 FUN_004ca360 FUN_00534a30 FUN_00535a50 FUN_00535ac0"
004ea4f0,FUN_004ea4f0,102,0,""
004ea560,FUN_004ea560,374,0,"FUN_00402480 FUN_004d5a60 FUN_004d5bb0 FUN_004d5c70 FUN_004d6b50"
004ea6e0,FUN_004ea6e0,140,0,""
004ea770,FUN_004ea770,4721,0,"FUN_00402650 FUN_004026c0 FUN_00402c30 FUN_004037e0 FUN_00403d90 FUN_00404a70 FUN_004068d0 FUN_0040bed0 FUN_0040c310 FUN_0040c450 FUN_0040cc90 FUN_0047a070 FUN_0047a0c0 FUN_004bd660 FUN_004d6b50"
004eba70,FUN_004eba70,185,0,"FUN_004bd660"
004ebb30,FUN_004ebb30,820,0,"FUN_0040b8b0 FUN_0040cdf0 FUN_004c50f0 FUN_004ca360 FUN_004ea270"
004ebe70,FUN_004ebe70,154,0,"FUN_004bd660"
004ebf10,FUN_004ebf10,240,0,"FUN_00403d90 FUN_004bd660"
004ec000,FUN_004ec000,399,0,"FUN_0046230c FUN_0046231d FUN_004627e2 FUN_00464df0 FUN_0046d433 FUN_0046d4de FUN_0047a4d0 FUN_004ce870 FUN_004d6760 FUN_004d6be0 FUN_004d7440 _memset"
004ec190,FUN_004ec190,21,0,"FUN_004ec000"
004ec1b0,FUN_004ec1b0,15,0,"FUN_004ec1e0"
004ec1c0,FUN_004ec1c0,12,0,"FUN_004ec550"
004ec1d0,FUN_004ec1d0,12,0,"FUN_004ec920"
004ec1e0,FUN_004ec1e0,869,0,"FUN_00404810 FUN_0040cdf0 FUN_004ca360 FUN_004cc5a0 FUN_004ebb30"
004ec550,FUN_004ec550,967,0,"FUN_0040cdf0 FUN_004b9f00 FUN_004ca360 FUN_004ebb30 __security_check_cookie"
004ec920,FUN_004ec920,639,0,"FUN_0047a200 FUN_004bd660 FUN_004e9a20 FUN_004ea770"
004ecba0,FUN_004ecba0,87,0,"FUN_0046230c FUN_0046231d FUN_004627e2 thunk_FUN_0047a4db"
004ecc00,FUN_004ecc00,383,0,"FUN_00402860 FUN_0040c5f0 FUN_004d6b50 FUN_004ed1b0"
004ecd80,FUN_004ecd80,1055,0,"FUN_0040c310 FUN_0046230c FUN_0046231d FUN_004627e2 FUN_0047a4db FUN_004cdc10 FUN_004d5990 `eh_vector_destructor_iterator'"
004ed1b0,FUN_004ed1b0,524,0,"FUN_004d5a60 FUN_004d5bb0 FUN_004d5c70 FUN_004d6ce0 FUN_004ec000"
004ed3d0,FUN_004ed3d0,195,0,""
004ed4a0,FUN_004ed4a0,216,0,""
004ed580,FUN_004ed580,185,0,""
004ed640,FUN_004ed640,134,0,"FUN_004cb3d0 FUN_00515200"
004ed6d0,FUN_004ed6d0,119,0,""
004ed750,FUN_004ed750,27,0,""
004ed7d0,FUN_004ed7d0,570,0,"FUN_0046230c FUN_0046231d FUN_004627e2 FUN_00515200 thunk_FUN_0047a4db"
004eda10,FUN_004eda10,114,0,"FUN_0046230c FUN_0046231d FUN_004627e2 thunk_FUN_0047a4db"
004eda90,FUN_004eda90,25,0,""
004edab0,FUN_004edab0,62,0,"FUN_004026c0"
004edaf0,FUN_004edaf0,30,0,""
004edb10,FUN_004edb10,374,0,"FUN_004d5a60 FUN_004d5bb0 FUN_004d5c70 FUN_004d6b50"
004edc90,FUN_004edc90,308,0,"FUN_0046230c FUN_0046231d FUN_004627e2 FUN_004d5990 thunk_FUN_0047a4db"
004eddd0,FUN_004eddd0,161,0,"FUN_004d5a60 FUN_004d5bb0 FUN_004d5c70"
004edea0,FUN_004edea0,127,0,""
004edf20,FUN_004edf20,103,0,""
004edf90,FUN_004edf90,312,0,"FUN_0040d0a0 FUN_004eeb30 thunk_FUN_0040d1a0"
004ee0d0,FUN_004ee0d0,738,0,"FUN_00402780 FUN_00403b00 FUN_00404010 FUN_00407350 FUN_0040d0a0 FUN_004d44e0 FUN_004eeb30 thunk_FUN_0040d1a0"
004ee3c0,FUN_004ee3c0,315,0,"FUN_0040e070 FUN_0040e0a0 FUN_0040e0d0 FUN_004d1cc0 FUN_004eeb30"
004ee500,FUN_004ee500,320,0,"FUN_0040e070 FUN_0040e0a0 FUN_0040e0d0 FUN_004d4020 FUN_004eeb30"
004ee640,FUN_004ee640,304,0,"FUN_0040e070 FUN_0040e0a0 FUN_0040e0d0 FUN_004d26a0 FUN_004eeb30"
004ee770,FUN_004ee770,266,0,"FUN_0040e070 FUN_0040e0a0 FUN_0040e0d0 FUN_004ee950 FUN_004eeb30"
004ee880,FUN_004ee880,200,0,"FUN_0040e070 FUN_0040e0a0 FUN_0040e0d0 FUN_004ee950 FUN_004eeb30"
004ee950,FUN_004ee950,94,0,"FUN_00402780 FUN_00403b00 FUN_004073b0"
004ee9b0,FUN_004ee9b0,382,0,"FUN_00402540 FUN_004edf20 FUN_00521c60 FUN_00521d60"
004eeb30,FUN_004eeb30,617,0,"FUN_00402650 FUN_00403b40 FUN_00404000 FUN_00404a20 FUN_00407350 FUN_00407650 FUN_004080e0 FUN_0040a460 FUN_0040a490 FUN_0040a6e0 FUN_0040cdb0 FUN_0040dd00 FUN_0040dd20 FUN_0040e210 FUN_0040e260 FUN_004bb8a0 FUN_004ee9b0 FUN_00506940"
004eeda0,FUN_004eeda0,1420,0,"FUN_00402690 FUN_00403fe0 FUN_00404000 FUN_00404770 FUN_00404810 FUN_00406a20 FUN_0040dd40 FUN_0040dd60 FUN_0040dd80 FUN_004f6000 __security_check_cookie"
004ef330,FUN_004ef330,261,0,"FUN_00402650 FUN_00402760 FUN_00403b40 FUN_00404000 FUN_00404a20"
004ef440,FUN_004ef440,641,0,"FUN_004026c0 FUN_00402760 FUN_004037e0 FUN_00403b00 FUN_00404000 FUN_00404530 FUN_00404770 FUN_004047a0 FUN_00407490 FUN_004080f0 FUN_0040e040"
004ef6d0,FUN_004ef6d0,514,0,"FUN_004026c0 FUN_00402760 FUN_00402780 FUN_00403b00 FUN_00403b40 FUN_00404320 FUN_00404530 FUN_00404770 FUN_00404a20 FUN_004074d0 FUN_0040ddf0 FUN_0054a0c0"
004ef8e0,FUN_004ef8e0,652,0,"FUN_0040d270 FUN_004bb8d0"
004efb70,FUN_004efb70,2001,0,"FUN_00404320 FUN_0040d270 FUN_004bb8d0"
004f0350,FUN_004f0350,300,0,"FUN_0040d270"
004f0480,FUN_004f0480,284,0,"FUN_0040d270"
004f05a0,FUN_004f05a0,378,0,"FUN_00404320 FUN_0040d270"
004f0720,FUN_004f0720,381,0,"FUN_00404320 FUN_0040d270"
004f08a0,FUN_004f08a0,467,0,"FUN_004026c0 FUN_0040d270 FUN_004bb8d0"
004f0b00,FUN_004f0b00,375,0,"FUN_004026c0 FUN_00404320 FUN_0040d270"
004f0c80,FUN_004f0c80,547,0,"FUN_004026c0 FUN_00405000 FUN_0040d270 FUN_0047a500 _fabs"
004f0eb0,FUN_004f0eb0,547,0,"FUN_004026c0 FUN_00405000 FUN_0040d270 FUN_0047a500 _fabs"
004f10e0,FUN_004f10e0,179,0,"FUN_004026c0 FUN_0040d270"
004f11a0,FUN_004f11a0,384,0,"FUN_00404cf0 FUN_004c19c0 FUN_004cb960"
004f1340,FUN_004f1340,273,0,"FUN_00407490 FUN_004bb8d0 FUN_004f3910"
004f1460,FUN_004f1460,8859,0,"FUN_00402540 FUN_00404cf0 FUN_00407490 FUN_0040d270 FUN_0040d290 FUN_0040d2a0 FUN_0040de10 FUN_0040ded0 FUN_0040df60 FUN_00414b70 FUN_00415df0 FUN_004160c0 FUN_00464df0 FUN_004bb8d0 FUN_004c19c0 FUN_004cb3d0 FUN_004cb960 FUN_004eeb30 FUN_004f1340 FUN_004f3750 FUN_0050d380 FUN_0050d410 __security_check_cookie _memset"
004f3750,FUN_004f3750,444,0,"FUN_00404b70 FUN_00407490 FUN_0040fb70 FUN_0054a0c0"
004f3910,FUN_004f3910,3619,0,"FUN_00403fa0 FUN_00404bd0 FUN_00404c90 FUN_00404cf0 FUN_00407490 FUN_0040d290 FUN_0040d2a0 FUN_00464df0 FUN_0047a070 FUN_0047a0c0 FUN_0047a200 FUN_004bd660 FUN_004c19c0 FUN_004cb960 FUN_004f1460 FUN_004f4ee0 _fabs"
004f4950,FUN_004f4950,52,0,"FUN_004f4c30"
004f4990,FUN_004f4990,257,0,"FUN_004c50f0"
004f4c30,FUN_004f4c30,676,0,"FUN_0040e0d0 FUN_004cb8b0 FUN_004f5130 FUN_004f5680"
004f4ee0,FUN_004f4ee0,579,0,"FUN_004cb3d0"
004f5130,FUN_004f5130,1156,0,"FUN_00402650 FUN_004026c0 FUN_00403fa0 FUN_00404bd0 FUN_0040b810 FUN_0040e130 FUN_0040e160 FUN_0040e220 FUN_0040e260 FUN_004cb830 FUN_004cb960 FUN_004d0990 FUN_004e78e0 FUN_00506940 FUN_00549bd0 FUN_00549e00 FUN_00549fb0"
004f55c0,FUN_004f55c0,180,0,"FUN_004cb8b0 FUN_004f5130 FUN_004f5680"
004f5680,FUN_004f5680,2402,0,"FUN_004026c0 FUN_00402c30 FUN_00404320 FUN_0040d270 FUN_0040e260 FUN_004bd660 FUN_004eeda0 FUN_004ef330 FUN_004ef440 FUN_004ef6d0 FUN_004ef8e0 FUN_004efb70 FUN_004f08a0 FUN_004f0c80 FUN_004f0eb0 FUN_004f1460 FUN_004f4ee0"
004f6000,FUN_004f6000,119,0,""
004f6100,FUN_004f6100,44,0,"FUN_0040d340"
004f6170,FUN_004f6170,299,0,"FUN_0046230c FUN_0046231d FUN_004627e2 FUN_004cb550 FUN_004d5990 `eh_vector_destructor_iterator'"
004f62b0,FUN_004f62b0,447,0,"FUN_0040d0d0 FUN_0040d100 FUN_0040d130 FUN_0040d170 FUN_0040d1a0 FUN_0040d1c0 FUN_0040d220 FUN_0040d240 FUN_0040d250 FUN_0040d2b0 FUN_0040e330 FUN_004cb550 _memset operator_union_tagCY"
004f6470,FUN_004f6470,503,0,"FUN_0040d0d0 FUN_0040d100 FUN_0040d130 FUN_0040d170 FUN_0040d1a0 FUN_0040d220 FUN_0040d240 FUN_0040d250 FUN_0040d2b0 FUN_0040e330 FUN_004ce870 FUN_004d5a60 FUN_004d5bb0 FUN_004d5c70 FUN_004d6be0 operator_union_tagCY"
004f66a0,FUN_004f66a0,112,0,""
004f6730,FUN_004f6730,134,0,"FUN_004bb8d0 FUN_004cb3d0 FUN_004cb7a0 FUN_004cb830"
004f67c0,FUN_004f67c0,1127,0,"FUN_0040fb70 FUN_0046d433 FUN_004bb8d0 FUN_004caed0 FUN_004cb7a0 FUN_004cb8b0 FUN_004cb960 FUN_004cd480"
004f6c40,FUN_004f6c40,12,0,"FUN_004f6e90"
004f6c60,FUN_004f6c60,552,0,"FUN_0040e550 FUN_0047a060 FUN_0047a510 FUN_004b5920"
004f6e90,FUN_004f6e90,720,0,"FUN_004026c0 FUN_0040fb70 FUN_004cb830 FUN_004cb8b0"
004f7160,FUN_004f7160,114,0,"FUN_0046230c FUN_0046231d FUN_004627e2 thunk_FUN_0047a4db"
004f71e0,FUN_004f71e0,623,0,"FUN_004d5a60 FUN_004d5bb0 FUN_004d5c70 FUN_004d6b50 _memset"
004f7450,FUN_004f7450,243,0,"FUN_0046230c FUN_0046231d FUN_004627e2 FUN_004cb3d0 FUN_004d5990"
004f7550,FUN_004f7550,23,0,""
004f7570,FUN_004f7570,307,0,"FUN_004d5a60 FUN_004d5bb0 FUN_004d5c70 FUN_004d6b50"
004f76e0,FUN_004f76e0,176,0,""
004f77a0,FUN_004f77a0,747,0,"FUN_0040b2c0 FUN_0040e4d0 FUN_0040e9e0 FUN_0040ea20 FUN_0050e6e0 FUN_0050e740 FUN_0050e820"
004f7ad0,FUN_004f7ad0,176,0,""
004f7b90,FUN_004f7b90,508,0,"FUN_0040b2c0 FUN_0040e4d0 FUN_0040e9e0 FUN_0040ea20 FUN_0050e6e0 FUN_0050e740 FUN_0050e820"
004f7dc0,FUN_004f7dc0,176,0,""
004f7e80,FUN_004f7e80,497,0,"FUN_0040b2c0 FUN_0040e4d0 FUN_0040e9e0 FUN_0040ea20 FUN_0050e6e0 FUN_0050e740 FUN_0050e820"
004f80a0,FUN_004f80a0,176,0,""
004f8160,FUN_004f8160,408,0,"FUN_0040b2c0 FUN_0040e4d0 FUN_0040e9e0 FUN_0040ea20 FUN_0050e6e0 FUN_0050e740 FUN_0050e820"
004f8320,FUN_004f8320,176,0,""
004f83e0,FUN_004f83e0,598,0,"FUN_0040e4d0 FUN_0040e9e0 FUN_0050e6e0 FUN_0050e740 FUN_0050e820"
004f8660,FUN_004f8660,176,0,""
004f8720,FUN_004f8720,482,0,"FUN_0040e4d0 FUN_0040e9e0 FUN_0050e6e0 FUN_0050e740 FUN_0050e820"
004f8930,FUN_004f8930,790,0,"_fabs"
004f8c50,FUN_004f8c50,186,0,"FUN_004f8dd0"
004f8d10,FUN_004f8d10,186,0,"FUN_004f8dd0"
004f8dd0,FUN_004f8dd0,208,0,""
004f8ea0,FUN_004f8ea0,186,0,"FUN_004f8dd0"
004f8f60,FUN_004f8f60,1487,0,"FUN_00404420 FUN_00404450 __security_check_cookie"
004f9530,FUN_004f9530,726,0,"FUN_00407490 FUN_004d3580 FUN_004d3720 _fabs"
004f9810,FUN_004f9810,678,0,"_fabs"
004f9ac0,FUN_004f9ac0,1979,0,"FUN_00404420 FUN_00404450 FUN_00405000 FUN_00407490 FUN_0040e0d0 FUN_0040eab0 FUN_0046230c FUN_0046231d FUN_004627e2 FUN_004cb8b0 FUN_004f5680 FUN_00509030 thunk_FUN_0047a4db"
004fa280,FUN_004fa280,27,0,""
004fa2a0,FUN_004fa2a0,271,0,"FUN_004f9ac0"
004fa3e0,FUN_004fa3e0,3729,0,"FUN_00402540 FUN_00407490 FUN_00407570 FUN_0040cc20 FUN_004f8f60 FUN_004f9530 _fabs"
004fb2b0,FUN_004fb2b0,270,0,"FUN_004f9ac0"
004fb430,FUN_004fb430,270,0,"FUN_00402860 FUN_004d6b50 FUN_004fb6f0"
004fb540,FUN_004fb540,426,0,"FUN_0046230c FUN_0046231d FUN_004627e2 FUN_004d5990 thunk_FUN_0047a4db"
004fb6f0,FUN_004fb6f0,1779,0,"FUN_0040e4d0 FUN_0040e700 FUN_004d5a60 FUN_004d5bb0 FUN_004d5c70 FUN_004d6b50 _memset"
004fbe70,FUN_004fbe70,3,0,""
004fbea0,FUN_004fbea0,328,0,"FUN_00407490"
004fc270,FUN_004fc270,18,0,"FUN_0050d380"
004fc290,FUN_004fc290,475,0,"FUN_0040b4b0"
004fc530,FUN_004fc530,3518,0,"FUN_00402540 FUN_00404b70 FUN_00404c40 FUN_00407490 FUN_00407c90 FUN_0040b4b0 FUN_0040b870 FUN_0040e510 FUN_0040ef40 FUN_0040ef80 FUN_0040efc0 FUN_0040f000 FUN_0047a200 FUN_0054a0c0"
004fd4d0,FUN_004fd4d0,410,0,"FUN_0040b4b0"
004fd720,FUN_004fd720,2637,0,"FUN_00402540 FUN_00404b70 FUN_00404c40 FUN_00407490 FUN_00407c90 FUN_0040b4b0 FUN_0040b870 FUN_0040e510 FUN_0040ef80 FUN_0040efc0 FUN_0040f000 FUN_0047a200 FUN_004d0990"
004fe350,FUN_004fe350,1495,0,"FUN_004044b0 FUN_0040e160 FUN_004cb8b0 FUN_004d0990 FUN_004d0b30 FUN_0056b650 FUN_0056b770"
004fe980,FUN_004fe980,378,0,"FUN_004027a0 FUN_00404f40 FUN_00404fa0 FUN_004cb3d0 FUN_004cb480 FUN_004cb8b0 FUN_004cb960 FUN_0050d380 FUN_0056b650"
004feb00,FUN_004feb00,444,0,"FUN_0040b300 FUN_0050d140 FUN_0050d230 FUN_0050d410"
004fecc0,FUN_004fecc0,25994,0,"FUN_00401960 FUN_00401a50 FUN_00402650 FUN_004026a0 FUN_00402780 FUN_00402b90 FUN_00402ba0 FUN_00402be0 FUN_00402bf0 FUN_00402c00 FUN_00402c10 FUN_00402c20 FUN_00403b70 FUN_00403d80 FUN_00404000 FUN_00404010 FUN_004042b0 FUN_00404530 FUN_004047a0 FUN_00404990 FUN_00404a10 FUN_00404a20 FUN_00404a70 FUN_00404f70 FUN_00404fd0 FUN_00406780 FUN_00406a20 FUN_00407390 FUN_00407490 FUN_00407c60 FUN_00407c80 FUN_00407c90 FUN_004080d0 FUN_00408100 FUN_0040a490 FUN_0040a6e0 FUN_0040b300 FUN_0040b4b0 FUN_0040b610 FUN_0040b620 FUN_0040b660 FUN_0040c380 FUN_0040cc20 FUN_0040cd50 FUN_0040d290 FUN_0040d2a0 FUN_0040de10 FUN_0040ded0 FUN_0040e000 FUN_0040e010 FUN_0040e030 FUN_0040e040 FUN_0040e250 FUN_0040e2f0 FUN_0040e4d0 FUN_0040e510 FUN_0040ea90 FUN_0040eaa0 FUN_0040ebb0 FUN_0040ebc0 FUN_0040ebd0 FUN_0040ebf0 FUN_0040ec00 FUN_0040ec10 FUN_0040ec50 FUN_0040ec70 FUN_0040ec90 FUN_0040ecb0 FUN_0040ecd0 FUN_0040ece0 FUN_0040ecf0 FUN_0040ed30 FUN_0040ed40 FUN_0040ed60 FUN_0040ed80 FUN_0040eda0 FUN_0040edc0 FUN_0040ede0 FUN_0040ee00 FUN_0040ee10 FUN_0040ee30 FUN_0040ee50 FUN_0040ee70 FUN_0040eee0 FUN_0040f090 FUN_0040f0a0 FUN_0040f0e0 FUN_0040f100 FUN_0040f110 FUN_0040f130 FUN_0040f140 FUN_0040f150 FUN_0040f1a0 FUN_0040f1e0 FUN_0040f1f0 FUN_0040f210 FUN_0040f220 FUN_0040f2f0 FUN_0040f390 FUN_0040f3a0 FUN_0040f470 FUN_0040f490 FUN_0040f4a0 FUN_0040f4b0 FUN_0040f4d0 FUN_0040f520 FUN_0040f530 FUN_0040f540 FUN_0040f550 FUN_0040f560 FUN_0040f580 FUN_0040f620 FUN_0040f6d0 FUN_0040f760 FUN_0040f780 FUN_0040f790 FUN_0040f7a0 FUN_0040f7c0 FUN_0040f7e0 FUN_0040f7f0 FUN_0040f810 FUN_0040f840 FUN_0040f860 FUN_0040f870 FUN_0040f880 FUN_0040f8f0 FUN_0040f900 FUN_0040f920 FUN_0040f990 FUN_0040f9b0 FUN_0040f9d0 FUN_0040fa90 FUN_0040fad0 FUN_0040fb10 FUN_0040fb20 FUN_0040fb30 FUN_0040fb70 FUN_0040fc50 FUN_0040fc60 FUN_0040fc70 FUN_0040fc80 FUN_0040fc90 FUN_0040fd50 FUN_0040fd60 FUN_0040fd70 FUN_0040fd80 FUN_0040fd90 FUN_0040fda0 FUN_0040fdb0 FUN_0040fdc0 FUN_0040fdd0 FUN_0040fde0 FUN_0040fdf0 FUN_0040fe60 FUN_0040fe70 FUN_0040fe80 FUN_0040fe90 FUN_0040fea0 FUN_0040feb0 FUN_0040fed0 FUN_0040fee0 FUN_0040ff30 FUN_0040ff60 FUN_00410000 FUN_00410030 FUN_00410040 FUN_004100e0 FUN_00464df0 FUN_0046d433 FUN_004b9f00 FUN_004bb8a0 FUN_004bd660 FUN_004caec0 FUN_004cb3d0 FUN_004cb480 FUN_004cb4c0 FUN_004cb520 FUN_004d0990 FUN_004d3140 FUN_004d49e0 FUN_004ea6e0 FUN_004edf90 FUN_004ee0d0 FUN_004ee770 FUN_004ee880 FUN_004f1340 FUN_004f6730 FUN_004f67c0 FUN_004fbe70 FUN_004fe350 FUN_004fe980 FUN_004feb00 FUN_0050c1b0 FUN_0050c1d0 FUN_0050c1f0 FUN_0050c540 FUN_0050ca70 FUN_0050cc60 FUN_0050ce60 FUN_0050d050 FUN_0050d060 FUN_0050d080 FUN_0050d0f0 FUN_0050d380 FUN_0050d410 FUN_00515050 FUN_00518e80 FUN_00530bd0 FUN_00530c60 FUN_00530d20 FUN_00530df0 FUN_005349e0 FUN_00537aa0 FUN_0053aa10 FUN_00549830 FUN_00553660 FUN_0056b650 FUN_0056bef0 FUN_0056bf30 __security_check_cookie _memset"
005058b0,FUN_005058b0,11,0,"FUN_004fecc0"
005058f0,FUN_005058f0,80,0,""
00505940,FUN_00505940,149,0,""
005059e0,FUN_005059e0,336,0,"FUN_00505940"
00505b30,FUN_00505b30,349,0,"FUN_004cb960 FUN_004db540"
00505c90,FUN_00505c90,73,0,""
00505cf0,FUN_00505cf0,147,0,"FUN_004cb8b0 FUN_00506940"
00505da0,FUN_00505da0,147,0,"FUN_004cb8b0 FUN_00506940"
00505e40,FUN_00505e40,114,0,"FUN_0046230c FUN_0046231d FUN_004627e2 thunk_FUN_0047a4db"
00505ec0,FUN_00505ec0,332,0,"FUN_00402860 FUN_004d6b50 FUN_00506160"
00506010,FUN_00506010,316,0,"FUN_004067e0 FUN_00410270 FUN_0046230c FUN_0046231d FUN_004627e2 FUN_0047a20e FUN_004cdc10 FUN_004d5990"
00506160,FUN_00506160,435,0,"FUN_004ce870 FUN_004d5a60 FUN_004d5bb0 FUN_004d5c70 FUN_004d6b50 FUN_004d6be0"
005063b0,FUN_005063b0,340,0,"FUN_00505940"
00506510,FUN_00506510,1040,0,"FUN_004cb420 FUN_004cb8b0 FUN_004d7440 FUN_00534860 FUN_00534920"
00506920,FUN_00506920,21,0,"FUN_00505940"
00506940,FUN_00506940,361,0,"FUN_00405530"
00506ad0,FUN_00506ad0,71,0,"FUN_004cb830 FUN_004ce870"
00506b70,FUN_00506b70,3752,0,"FUN_00402480 FUN_004026c0 FUN_00410760 FUN_00410850 FUN_0046230c FUN_0046231d FUN_004627e2 FUN_0046d433 FUN_0046d4de FUN_0047a20e FUN_0047a4db FUN_004babe0 FUN_004bb8d0 FUN_004cb3d0 FUN_004cb830 FUN_004cb8b0 FUN_004cb960 FUN_004cd610 FUN_004cdc10 FUN_004d5a60 FUN_004d5bb0 FUN_004d5c70 FUN_004d6760 FUN_004d6b50 FUN_00514fe0 __beginthreadex __security_check_cookie _memset operator_new"
00507c40,FUN_00507c40,93,0,"FUN_0046230c FUN_0046231d FUN_004627e2 thunk_FUN_0047a4db"
00507ca0,FUN_00507ca0,208,0,"FUN_00402860 FUN_004d6b50 FUN_00507ff0"
00507d70,FUN_00507d70,625,0,"FUN_004067e0 FUN_0046230c FUN_0046231d FUN_004627e2 FUN_0047a20e FUN_0047a4db FUN_004cb710 FUN_004cb8b0 FUN_004cdc10 FUN_004d5990 thunk_FUN_0047a4db"
00507ff0,FUN_00507ff0,947,0,"FUN_00408130 FUN_004102f0 FUN_0046d433 FUN_0046d4de FUN_004cb960 FUN_004d5a60 FUN_004d5bb0 FUN_004d5c70 FUN_004d6760 FUN_004d6b50 FUN_004d6be0"
005083c0,FUN_005083c0,3,0,""
005083d0,FUN_005083d0,80,0,""
00508420,FUN_00508420,258,0,""
00508530,FUN_00508530,248,0,""
00508630,FUN_00508630,532,0,""
00508850,FUN_00508850,384,0,""
005089d0,FUN_005089d0,1328,0,"FUN_004026c0 FUN_00404810 FUN_00407490 FUN_004cb8b0 FUN_00509030 FUN_005092a0 FUN_00509980 _fabs"
00508f20,FUN_00508f20,260,0,"FUN_004cb8b0 FUN_005089d0"
00509030,FUN_00509030,612,0,"FUN_00402650 FUN_0040f220 FUN_0040f2f0 FUN_0050a470 FUN_0056b4e0 FUN_0056bf30"
005092a0,FUN_005092a0,1749,0,"FUN_00405000 FUN_0047a070 FUN_005063b0"
00509980,FUN_00509980,2798,0,"FUN_00402650 FUN_00404420 FUN_00404450 FUN_00404810 FUN_00404a70 FUN_0040f220 FUN_0040f2f0 FUN_00436a40 FUN_004bb8d0 FUN_004cb1e0 FUN_004cb8b0 FUN_004d0990 FUN_00508630 FUN_0050c1f0 FUN_00520450 FUN_00549570 FUN_00549e00 FUN_00549fb0 FUN_0056b4e0 FUN_0056bf30"
0050a470,FUN_0050a470,1346,0,"FUN_00402c30 FUN_00402dd0 FUN_00404a70 FUN_00404f40 FUN_00404fa0 FUN_0040fdf0 FUN_004108c0 FUN_004cb3d0 FUN_004cb8b0 FUN_004cb960 FUN_004d4a00 FUN_004d4dc0 FUN_0050c540 FUN_0050d380 _fabs"
0050a9c0,FUN_0050a9c0,479,0,"FUN_004027a0 FUN_0040c910 FUN_0040f2f0 FUN_0046230c FUN_0046231d FUN_004627e2 FUN_004cb710 FUN_004cb8b0 thunk_FUN_0047a4db"
0050abb0,FUN_0050abb0,1022,0,"FUN_00411d70 _memset"
0050afb0,FUN_0050afb0,247,0,"FUN_0040f220 FUN_00436a40 FUN_0050abb0"
0050b0b0,FUN_0050b0b0,102,0,"FUN_00405690 FUN_004ca360"
0050b120,FUN_0050b120,76,0,"FUN_0050b1d0"
0050b1d0,FUN_0050b1d0,608,0,"FUN_004026c0 FUN_00404810 FUN_0046230c FUN_0046231d FUN_004627e2 FUN_00508f20 thunk_FUN_0047a4db"
0050b440,FUN_0050b440,114,0,"FUN_0046230c FUN_0046231d FUN_004627e2 thunk_FUN_0047a4db"
0050b4c0,FUN_0050b4c0,157,0,"FUN_00402860 FUN_00410d10 FUN_004d6b50 FUN_0050bbd0"
0050b560,FUN_0050b560,495,0,"FUN_00411df0 FUN_0046230c FUN_0046231d FUN_004627e2 FUN_0047a4db FUN_004cdc10 FUN_004d5990 thunk_FUN_0047a4db"
0050b760,FUN_0050b760,23,0,""
0050b7a0,FUN_0050b7a0,405,0,"FUN_0046d433 FUN_0046d4de FUN_004d6760 FUN_005083c0 FUN_0056bcb0"
0050b940,FUN_0050b940,535,0,"FUN_004027a0 FUN_004ce870 FUN_004d6be0 FUN_005083c0"
0050bbd0,FUN_0050bbd0,475,0,"FUN_004d5a60 FUN_004d5bb0 FUN_004d5c70 FUN_004d6b50 FUN_0050b7a0 _memset"
0050bdb0,FUN_0050bdb0,127,0,""
0050be30,FUN_0050be30,745,0,"FUN_00508f20"
0050c1b0,FUN_0050c1b0,18,0,"FUN_0056b650"
0050c1d0,FUN_0050c1d0,18,0,"FUN_0056b770"
0050c1f0,FUN_0050c1f0,847,0,"FUN_00407490 FUN_0040f220 FUN_0040f2f0 FUN_0040ff90 FUN_00436a40 FUN_004bb8d0 FUN_004cb960 FUN_0050c6d0 FUN_0050d380 FUN_0051d4e0 FUN_00521c60 FUN_00521d60 FUN_00549780 FUN_0056b4e0"
0050c540,FUN_0050c540,385,0,"FUN_004d4a00"
0050c6d0,FUN_0050c6d0,918,0,"FUN_00402540 FUN_00521d60 _memset"
0050ca70,FUN_0050ca70,485,0,"FUN_004026c0 FUN_004cb710 FUN_004cb8b0 FUN_0050c1f0 _memset"
0050cc60,FUN_0050cc60,503,0,"FUN_004026c0 FUN_004cb710 FUN_004cb8b0 FUN_0050c1f0 _memset"
0050ce60,FUN_0050ce60,488,0,"FUN_004026c0 FUN_004cb710 FUN_004cb8b0 FUN_0050c1f0 _memset"
0050d050,FUN_0050d050,14,0,"FUN_0056b700"
0050d060,FUN_0050d060,18,0,"FUN_0056b870"
0050d080,FUN_0050d080,106,0,"FUN_004027a0 FUN_0046d433"
0050d0f0,FUN_0050d0f0,72,0,"FUN_004027a0 FUN_0046d433"
0050d140,FUN_0050d140,236,0,""
0050d230,FUN_0050d230,172,0,""
0050d2e0,FUN_0050d2e0,146,0,"FUN_00509030"
0050d380,FUN_0050d380,90,0,"FUN_004027a0"
0050d3e0,FUN_0050d3e0,45,0,"FUN_0040fb70"
0050d410,FUN_0050d410,517,0,"FUN_0040b300 FUN_0040f220 FUN_00411180 FUN_00411320 FUN_00436a40 FUN_004d6b50 FUN_0050abb0 FUN_0050be30"
0050d640,FUN_0050d640,172,0,""
0050d6f0,FUN_0050d6f0,70,0,""
0050d740,FUN_0050d740,191,0,"FUN_0040b300 FUN_0050d410"
0050d800,FUN_0050d800,155,0,"FUN_0040b300 FUN_0050d410"
0050d8a0,FUN_0050d8a0,155,0,"FUN_0040b300 FUN_0050d410"
0050d940,FUN_0050d940,56,0,""
0050d980,FUN_0050d980,486,0,"FUN_004e7610"
0050db70,FUN_0050db70,387,0,"FUN_004bb8d0 FUN_004cb960"
0050dd00,FUN_0050dd00,37,0,""
0050dd30,FUN_0050dd30,109,0,"FUN_00401ae0 FUN_00534c70 FUN_00534d30"
0050de30,FUN_0050de30,12,0,"FUN_0050df40"
0050df40,FUN_0050df40,403,0,"FUN_004026c0 FUN_0050e7d0 FUN_0050e820"
0050e150,FUN_0050e150,642,0,"FUN_004121a0 FUN_004d5a60 FUN_004d5bb0 FUN_004d5c70 FUN_004d6b50 __security_check_cookie _memset"
0050e3e0,FUN_0050e3e0,434,0,"FUN_0046230c FUN_0046231d FUN_004627e2 FUN_004d5990 thunk_FUN_0047a4db"
0050e5a0,FUN_0050e5a0,315,0,"FUN_004121a0 FUN_004d5a60 FUN_004d5bb0 FUN_004d5c70 __security_check_cookie"
0050e6e0,FUN_0050e6e0,84,0,""
0050e740,FUN_0050e740,135,0,""
0050e7d0,FUN_0050e7d0,79,0,""
0050e820,FUN_0050e820,79,0,""
0050e870,FUN_0050e870,63,0,""
0050e8d0,FUN_0050e8d0,195,0,"FUN_004e75a0"
0050e9a0,FUN_0050e9a0,192,0,"FUN_004e75a0"
0050eac0,FUN_0050eac0,562,0,"FUN_004d5a60 FUN_004d5bb0 FUN_004d6b50 __Xtime_get_ticks"
0050ed00,FUN_0050ed00,166,0,"FUN_0046230c FUN_0046231d FUN_004627e2 FUN_004d5990"
0050ede0,FUN_0050ede0,244,0,"FUN_004b5920"
0050ef10,FUN_0050ef10,139,0,""
0050efc0,FUN_0050efc0,505,0,"FUN_004cb830 FUN_004cb960"
0050f1d0,FUN_0050f1d0,327,0,"FUN_00402540"
0050f320,FUN_0050f320,579,0,"FUN_00402540"
0050f570,FUN_0050f570,81,0,"FUN_004cb3d0 FUN_004cb960"
0050f5d0,FUN_0050f5d0,387,0,""
0050f780,FUN_0050f780,285,0,"FUN_004cb0a0 FUN_004cb8b0"
0050f8a0,FUN_0050f8a0,535,0,"FUN_004cb0a0 FUN_004cb3d0 FUN_004cb960"
0050fac0,FUN_0050fac0,453,0,"FUN_004cb450 FUN_004cb8b0"
0050fc90,FUN_0050fc90,453,0,"FUN_004cb420 FUN_004cb8b0"
0050fe60,FUN_0050fe60,391,0,"FUN_00404050 FUN_004caed0"
0050fff0,FUN_0050fff0,9613,0,"FUN_00402650 FUN_004026c0 FUN_00404050 FUN_00404810 FUN_0040b300 FUN_00410820 FUN_00412ba0 FUN_00464c00 FUN_0047ba13 FUN_004babe0 FUN_004bb8d0 FUN_004cb0a0 FUN_004cb3d0 FUN_004cb450 FUN_004cb7a0 FUN_004cb830 FUN_004cb8b0 FUN_004cb960 FUN_004cd2e0 FUN_004cd610 FUN_0050d410 FUN_0050efc0 FUN_0050f780 FUN_0050f8a0 FUN_00514fe0 FUN_00518e80 FUN_005347a0 FUN_005349e0"
00512670,FUN_00512670,32,0,"FUN_004026c0 FUN_0050fff0"
00512690,FUN_00512690,847,0,"FUN_004cb7a0 FUN_004cb8b0 FUN_004cb960"
005129f0,FUN_005129f0,12,0,"FUN_00512d20"
00512a00,FUN_00512a00,333,0,"FUN_004026c0 FUN_004128a0 FUN_0046230c FUN_0046231d FUN_004627e2 FUN_0050fff0 FUN_00512fd0 FUN_00518e80 FUN_0053aa10 thunk_FUN_0047a4db"
00512b60,FUN_00512b60,435,0,"FUN_004d0990 FUN_004e7610"
00512d20,FUN_00512d20,677,0,"FUN_004d0990 FUN_004e7610"
00512fd0,FUN_00512fd0,2147,0,"FUN_0040a540 FUN_00412cd0 FUN_004bb8d0 FUN_004cb2b0 FUN_004cb420 FUN_004cb4c0 FUN_004cb7a0 FUN_004cb830 FUN_004cb8b0 FUN_004cb960 FUN_0050f1d0 FUN_0050f320 FUN_00515050"
00513840,FUN_00513840,333,0,"FUN_004026c0 FUN_004128a0 FUN_0046230c FUN_0046231d FUN_004627e2 FUN_0050fff0 FUN_00512fd0 FUN_00518e80 FUN_0053aa10 thunk_FUN_0047a4db"
005139f0,FUN_005139f0,145,0,"FUN_00402860 FUN_00412560 FUN_004d6b50 FUN_00514bd0"
00513a90,FUN_00513a90,882,0,"FUN_004128a0 FUN_0046230c FUN_0046231d FUN_004627e2 FUN_0047a4db FUN_004cb3d0 FUN_004cb550 FUN_004cb710 FUN_004cb8b0 FUN_004d5990 FUN_00513e10 thunk_FUN_0047a4db"
00513e10,FUN_00513e10,342,0,"FUN_004cb710 FUN_004cb8b0"
00513f70,FUN_00513f70,318,0,"FUN_004128a0 FUN_0046230c FUN_0046231d FUN_004627e2 FUN_0047a4db FUN_004cb710 FUN_004cb8b0 FUN_00513e10 thunk_FUN_0047a4db"
005140b0,FUN_005140b0,264,0,"FUN_004cb830 FUN_004cb960 FUN_0050efc0 FUN_0050f1d0 FUN_005142f0 FUN_00515050"
005141c0,FUN_005141c0,297,0,"FUN_004cb7a0"
005142f0,FUN_005142f0,757,0,"FUN_004cb420 FUN_004cb7a0 FUN_004cb8b0 FUN_004cb960 FUN_005141c0 FUN_00515200"
005145f0,FUN_005145f0,712,0,"FUN_004cb8b0 FUN_004cb960"
005148e0,FUN_005148e0,260,0,"FUN_00410760 FUN_0046230c FUN_0046231d FUN_004627e2 FUN_0047a20e __beginthreadex operator_new"
00514a30,FUN_00514a30,297,0,"FUN_0046d433 FUN_0046d4de FUN_004d6760 FUN_004d6be0"
00514bd0,FUN_00514bd0,1033,0,"FUN_00402540 FUN_0040eb70 FUN_00412d90 FUN_004ce870 FUN_004d5a60 FUN_004d5bb0 FUN_004d5c70 FUN_004d6b50 FUN_004d6be0 FUN_005145f0 FUN_00514a30 Sleep __security_check_cookie _memset"
00514fe0,FUN_00514fe0,92,0,""
00515050,FUN_00515050,427,0,"FUN_00412390 FUN_004128a0 FUN_0046230c FUN_0046231d FUN_004627e2 FUN_004d6b50 FUN_00512690 FUN_00518e80 FUN_0053aa10 thunk_FUN_0047a4db"
00515200,FUN_00515200,344,0,"FUN_004cb7a0"
00515360,FUN_00515360,400,0,"FUN_00404050 FUN_004caed0"
00515540,FUN_00515540,1230,0,"FUN_0040b7a0 FUN_004edf90 FUN_0050ca70 FUN_00530bd0"
00515a10,FUN_00515a10,869,0,"FUN_0040b300 FUN_00411df0 FUN_00413510 FUN_0046230c FUN_0046231d FUN_004627e2 FUN_004babe0 FUN_004cb550 FUN_004cb830 FUN_004de0e0 FUN_004f62b0 FUN_0050d410 FUN_00549250 thunk_FUN_0047a4db"
00515d80,FUN_00515d80,1228,0,"FUN_004067e0 FUN_0040b300 FUN_00411df0 FUN_00413510 FUN_00413a10 FUN_0046230c FUN_0046231d FUN_004627e2 FUN_004babe0 FUN_004cb550 FUN_004cb830 FUN_004de0e0 FUN_004ea560 FUN_004f62b0 FUN_0050d410 FUN_00549250 thunk_FUN_0047a4db"
00516270,FUN_00516270,335,0,"FUN_0040b870 FUN_004b5920 FUN_0056bf60"
00516400,FUN_00516400,15,0,"FUN_00516450"
00516450,FUN_00516450,2195,0,"FUN_00401850 FUN_004026c0 FUN_00407c90 FUN_0040e510 FUN_004107f0 FUN_00412c10 FUN_00412c50 FUN_00413660 FUN_00448e70 FUN_004493b0 FUN_0046230c FUN_0046231d FUN_004627e2 FUN_004b9f00 FUN_004bae70 FUN_004bd660 FUN_004cb420 FUN_004cb830 FUN_004cb8b0 FUN_004de2f0 FUN_004ecba0 FUN_0050f5d0 FUN_00515540 FUN_00515a10 FUN_00515d80 FUN_005346b0 FUN_005349e0 FUN_0053a8c0 FUN_00563600 FUN_00563750"
00516cf0,FUN_00516cf0,103,0,"FUN_0046230c FUN_0046231d FUN_004627e2 thunk_FUN_0047a4db"
00516d60,FUN_00516d60,407,0,"FUN_00412e70 FUN_00413170 FUN_004d6b50"
00516f00,FUN_00516f00,2172,0,"FUN_0040a580 FUN_0040d340 FUN_0040eb70 FUN_00410270 FUN_00410850 FUN_00411df0 FUN_00413680 FUN_0046230c FUN_0046231d FUN_004627e2 FUN_004babe0 FUN_004cb960 FUN_004d5990 FUN_004ddde0 FUN_004ddf90 FUN_0050b440 FUN_005490a0 thunk_FUN_0047a4db"
00518e80,FUN_00518e80,2059,0,"FUN_00402540 FUN_00408080 FUN_00408130 FUN_0040b870 FUN_00412b30 FUN_00412d10 FUN_004132c0 FUN_00413320 FUN_00413390 FUN_004de2f0 FUN_00553ec0 FUN_0055c820"
00519760,FUN_00519760,12,0,"FUN_00519a60"
00519770,FUN_00519770,506,0,"FUN_004cb8b0 FUN_004cd2e0"
00519970,FUN_00519970,76,0,"FUN_004cb8b0 FUN_004cd2e0"
005199c0,FUN_005199c0,135,0,"FUN_004cb3d0 FUN_004cb8b0 FUN_004cb960 FUN_004cd2e0"
00519a60,FUN_00519a60,3063,0,"FUN_00401ba0 FUN_00402650 FUN_004026c0 FUN_0040a670 FUN_00413ab0 FUN_004bb8d0 FUN_004cb3d0 FUN_004cb830 FUN_004cb8b0 FUN_004cb960 FUN_004cd2e0 FUN_004d4fa0 FUN_00519770 FUN_00519970 FUN_0051a6e0 FUN_0051acf0 FUN_0051ad40"
0051a6e0,FUN_0051a6e0,87,0,"FUN_0046230c FUN_0046231d FUN_004627e2 thunk_FUN_0047a4db"
0051a740,FUN_0051a740,509,0,"FUN_00402860 FUN_0040a700 FUN_004d6b50 FUN_0051aaf0"
0051a940,FUN_0051a940,418,0,"FUN_0046230c FUN_0046231d FUN_004627e2 FUN_0046dbd9 FUN_004cb710 FUN_004cb8b0 FUN_004d5990 FUN_004d6ce0 FUN_004d6df0"
0051aaf0,FUN_0051aaf0,499,0,"FUN_0040a670 FUN_004d5a60 FUN_004d5bb0 FUN_004d5c70 FUN_004d6b50"
0051acf0,FUN_0051acf0,78,0,""
0051ad40,FUN_0051ad40,103,0,""
0051ae00,FUN_0051ae00,225,0,"FUN_00401ae0 FUN_004026c0 FUN_004c50f0 FUN_00534c70 FUN_00534d30"
0051aef0,FUN_0051aef0,12,0,"FUN_0051afe0"
0051afe0,FUN_0051afe0,1005,0,"FUN_004026c0 FUN_0040b500 FUN_0040e4d0 FUN_0051b3d0 FUN_0051b480 FUN_0051bd50 FUN_0051c150 FUN_0051c7f0 FUN_0051c8c0"
0051b3d0,FUN_0051b3d0,168,0,"FUN_0046230c FUN_0046231d FUN_004627e2 FUN_004cb3d0 thunk_FUN_0047a4db"
0051b480,FUN_0051b480,553,0,"FUN_004026c0 FUN_0040b300 FUN_0050d410"
0051b6c0,FUN_0051b6c0,1061,0,"FUN_00401960 FUN_00402540 FUN_00404b70 FUN_00405530 FUN_00407ba0 FUN_004cb8b0 _memset"
0051bb00,FUN_0051bb00,409,0,"FUN_004111e0 FUN_004d6b50 FUN_0051b6c0 FUN_00548bc0"
0051bca0,FUN_0051bca0,139,0,""
0051bd50,FUN_0051bd50,1009,0,"FUN_00402540 FUN_004026c0 FUN_004037e0 FUN_00404c90 FUN_0040df60 FUN_004bd660 FUN_004f1340 __security_check_cookie _fabs _memset"
0051c150,FUN_0051c150,245,0,"FUN_004068d0 FUN_0046230c FUN_0046231d FUN_004627e2 thunk_FUN_0047a4db"
0051c250,FUN_0051c250,944,0,"FUN_00401960 FUN_00402540 FUN_00404cf0 FUN_004c19c0"
0051c600,FUN_0051c600,74,0,""
0051c650,FUN_0051c650,416,0,"FUN_00405100 FUN_00406f30 FUN_004d6b50 FUN_0051c250"
0051c7f0,FUN_0051c7f0,207,0,"FUN_0046230c FUN_0046231d FUN_004627e2 FUN_004cb3d0 FUN_00520240 FUN_00520320 thunk_FUN_0047a4db"
0051c8c0,FUN_0051c8c0,931,0,"FUN_00402540 FUN_004026c0 FUN_00402c30 FUN_0040e0d0 FUN_004cb830 FUN_004eeb30 FUN_0051c650 FUN_00520240 FUN_00548bc0 FUN_00548d00 FUN_00549780"
0051cc70,FUN_0051cc70,388,0,"FUN_004044b0 FUN_004cb8b0 FUN_004cb960 FUN_005200f0 FUN_00520240"
0051ce00,FUN_0051ce00,56,0,""
0051ce40,FUN_0051ce40,544,0,"FUN_0046230c FUN_0046231d FUN_004627e2 FUN_004cb550 FUN_004d5990 FUN_0051b3d0 FUN_0051c150 FUN_0051c7f0"
0051d070,FUN_0051d070,81,0,""
0051d200,FUN_0051d200,624,0,"FUN_00402860 FUN_0040e330 FUN_004ce870 FUN_004d5a60 FUN_004d5bb0 FUN_004d5c70 FUN_004d6b50 FUN_004d6be0"
0051d4e0,FUN_0051d4e0,1518,0,"FUN_00413d10 FUN_00413df0 FUN_004d6b50 FUN_0051bb00 FUN_0051cc70 FUN_00548bc0 FUN_00548c60 FUN_00548d00"
0051daf0,FUN_0051daf0,69,0,""
0051db60,FUN_0051db60,12,0,"FUN_0051db80"
0051db80,FUN_0051db80,1265,0,"FUN_00401a60 FUN_00402650 FUN_004026c0 FUN_0040a670 FUN_00412e70 FUN_00413f60 FUN_004bb8d0 FUN_004cb160 FUN_004cb7a0 FUN_004cb830 FUN_004cb960 FUN_004cf470 FUN_004d4fa0 FUN_004d74a0"
0051e090,FUN_0051e090,93,0,"FUN_0046230c FUN_0046231d FUN_004627e2 thunk_FUN_0047a4db"
0051e0f0,FUN_0051e0f0,568,0,"FUN_0040a700 FUN_00412e70 FUN_004d5a60 FUN_004d5bb0 FUN_004d5c70 FUN_004d6b50 _memset"
0051e330,FUN_0051e330,250,0,"FUN_0046230c FUN_0046231d FUN_004627e2 FUN_004cdc10 FUN_004d5990"
0051e430,FUN_0051e430,290,0,"FUN_00412e70 FUN_004d5a60 FUN_004d5bb0 FUN_004d5c70 FUN_004d6b50"
0051e5f0,FUN_0051e5f0,31,0,"FUN_0051e9f0"
0051e610,FUN_0051e610,60,0,"FUN_0051e9f0 FUN_0054fba0"
0051e670,FUN_0051e670,824,0,"FUN_004d18b0 FUN_004d22d0 FUN_004d26a0 FUN_004d2c30 FUN_004d3c50 FUN_004d4020 FUN_004d44e0"
0051e9a8,FUN_0051e9a8,58,0,"FUN_004d1cc0"
0051e9f0,FUN_0051e9f0,201,0,""
0051eac0,FUN_0051eac0,406,0,"FUN_00414160 FUN_004d6b50"
0051ec60,FUN_0051ec60,362,0,"_memset"
0051edd0,FUN_0051edd0,363,0,"_memset"
0051ef40,FUN_0051ef40,366,0,"_memset"
0051f0b0,FUN_0051f0b0,364,0,"_memset"
0051f220,FUN_0051f220,255,0,"_memset"
0051f320,FUN_0051f320,434,0,"FUN_0051eac0 _memset"
0051f4e0,FUN_0051f4e0,435,0,"FUN_0051eac0 _memset"
0051f6a0,FUN_0051f6a0,438,0,"FUN_0051eac0 _memset"
0051f860,FUN_0051f860,434,0,"FUN_0051eac0 _memset"
0051fa20,FUN_0051fa20,12,0,"FUN_0051fa30"
0051fa30,FUN_0051fa30,463,0,"FUN_004026c0 FUN_004d4a00 FUN_004d4dc0 FUN_00520320"
0051fc00,FUN_0051fc00,295,0,"FUN_004d4a00 FUN_004d4dc0 FUN_00520320"
0051fd30,FUN_0051fd30,114,0,"FUN_0046230c FUN_0046231d FUN_004627e2 thunk_FUN_0047a4db"
0051fdb0,FUN_0051fdb0,145,0,"FUN_00402860 FUN_00413f80 FUN_0051ffa0"
0051fe50,FUN_0051fe50,326,0,"FUN_0046230c FUN_0046231d FUN_004627e2 FUN_004d5990 FUN_00520320"
0051ffa0,FUN_0051ffa0,324,0,"FUN_0040e330 FUN_004d5a60 FUN_004d5c70"
005200f0,FUN_005200f0,329,0,"FUN_0051eac0 _memset"
00520240,FUN_00520240,209,0,""
00520320,FUN_00520320,300,0,"FUN_0046230c FUN_0046231d FUN_004627e2 thunk_FUN_0047a4db"
00520450,FUN_00520450,1123,0,"FUN_0040fb70 FUN_00410040 FUN_0051e670 FUN_00520320 __security_check_cookie"
005208e0,FUN_005208e0,127,0,"FUN_004cb3d0"
00520960,FUN_00520960,254,0,"FUN_004bb8d0 FUN_004cb960"
00520a60,FUN_00520a60,97,0,"FUN_00403d90 FUN_004bd660"
00520ad0,FUN_00520ad0,40,0,"FUN_00520b70"
00520b00,FUN_00520b00,40,0,"FUN_00520b70"
00520b30,FUN_00520b30,53,0,"FUN_00520d40"
00520b70,FUN_00520b70,448,0,"FUN_004c50f0 FUN_004cc030"
00520d40,FUN_00520d40,2365,0,"FUN_00403d90 FUN_00407490 FUN_004bb8d0 FUN_004bd660 FUN_004cb8b0 FUN_005208e0 FUN_00520960 _fabs"
005216a0,FUN_005216a0,322,0,"FUN_0046230c FUN_0046231d FUN_004627e2 FUN_004d5990 `eh_vector_destructor_iterator'"
005217f0,FUN_005217f0,148,0,"FUN_00413510 FUN_004d5a60 FUN_004d5bb0 FUN_004d5c70"
00521890,FUN_00521890,594,0,"FUN_0040e330 FUN_00413510 FUN_004d5a60 FUN_004d5bb0 FUN_004d5c70 FUN_004d6b50 `eh_vector_constructor_iterator'"
00521af0,FUN_00521af0,114,0,"FUN_0046230c FUN_0046231d FUN_004627e2 thunk_FUN_0047a4db"
00521b70,FUN_00521b70,230,0,""
00521c60,FUN_00521c60,248,0,"FUN_00402540 FUN_00521d60"
00521d60,FUN_00521d60,1018,0,"FUN_00402650 FUN_00403f70 FUN_004057a0 FUN_0040e300 FUN_0040e4d0 FUN_00520960"
00522180,FUN_00522180,359,0,""
005222f0,FUN_005222f0,66,0,"FUN_00522590 FUN_005231b0"
00522340,FUN_00522340,244,0,"FUN_004026c0 FUN_004147d0 FUN_00522950 FUN_005234b0 FUN_00523840"
00522490,FUN_00522490,230,0,"FUN_004026c0 FUN_004147d0 FUN_00522950 FUN_005234b0 FUN_00523840"
00522590,FUN_00522590,945,0,"FUN_004b8680 FUN_004e5640 FUN_004e7610"
00522950,FUN_00522950,1691,0,"FUN_00401a60 FUN_00402650 FUN_004026c0 FUN_0040a670 FUN_00414760 FUN_004147d0 FUN_004bb8d0 FUN_004d4fa0 FUN_004d5040 FUN_00523050 FUN_005230a0"
00523050,FUN_00523050,71,0,""
005230a0,FUN_005230a0,265,0,"FUN_004bb8d0"
005231b0,FUN_005231b0,762,0,"FUN_004e5640 FUN_004e7610"
005234b0,FUN_005234b0,861,0,"FUN_00401a60 FUN_00402650 FUN_004026c0 FUN_0040a670 FUN_00414760 FUN_004147d0 FUN_004b8b80 FUN_004bb8d0 FUN_004d4fa0 FUN_004d5090"
00523840,FUN_00523840,87,0,"FUN_0046230c FUN_0046231d FUN_004627e2 thunk_FUN_0047a4db"
005238a0,FUN_005238a0,681,0,"FUN_00409d50 FUN_0040a670 FUN_0040a700 FUN_004147d0 FUN_004d5a60 FUN_004d5bb0 FUN_004d5c70 FUN_004d6b50"
00523b50,FUN_00523b50,242,0,"FUN_0046230c FUN_0046231d FUN_004627e2 FUN_004d5990 FUN_00534650"
00523c50,FUN_00523c50,235,0,"FUN_0040a670 FUN_004147d0 FUN_004d5a60 FUN_004d5bb0 FUN_004d5c70"
00523dc0,FUN_00523dc0,11,0,""
00523dd0,FUN_00523dd0,15,0,""
00523de0,FUN_00523de0,39,0,""
00523e10,FUN_00523e10,15,0,""
00523e20,FUN_00523e20,13,0,""
00523e30,FUN_00523e30,13,0,""
00523e40,FUN_00523e40,13,0,""
00523e50,FUN_00523e50,284,0,"FUN_00404cf0 FUN_00407c50 FUN_00415dc0"
00523f70,FUN_00523f70,247,0,"FUN_00402780 FUN_00403b00 FUN_004d5db0"
00524070,FUN_00524070,237,0,"FUN_00402780 FUN_0040a490 FUN_0040e210"
00524160,FUN_00524160,657,0,"FUN_00402780 FUN_0040a490 FUN_0040e210 FUN_004d4420 __security_check_cookie _memset"
00524400,FUN_00524400,660,0,"FUN_00402780 FUN_0040a490 FUN_0040e210 FUN_004d2070 __security_check_cookie _memset"
005246a0,FUN_005246a0,649,0,"FUN_00402780 FUN_0040a490 FUN_0040e210 FUN_004d2a10 __security_check_cookie _memset"
00524930,FUN_00524930,614,0,"FUN_00402780 FUN_00407390 FUN_0040a490 FUN_0040e210 __security_check_cookie _memset"
00524ba0,FUN_00524ba0,1053,0,"FUN_00402780 FUN_00403b00 FUN_00403fe0 FUN_00404010 FUN_00407350 FUN_0040b4b0 FUN_0040e000 FUN_00415d90 FUN_004d44e0 FUN_004d4910"
00524fc0,FUN_00524fc0,679,0,"FUN_00402780 FUN_00403b00 FUN_00404010 FUN_00407350 FUN_0040a490 FUN_0040e210 FUN_004d4910 FUN_004d7440 FUN_004d74a0 _memset"
00525270,FUN_00525270,972,0,"FUN_00402770 FUN_00415bf0 FUN_00530df0 __security_check_cookie"
00525640,FUN_00525640,152,0,"FUN_00402690 FUN_00404810"
005256e0,FUN_005256e0,526,0,"FUN_004026c0 FUN_00402760 FUN_00402780 FUN_00403b00 FUN_00403b40 FUN_00404320 FUN_00404770 FUN_00404a20 FUN_004074d0 FUN_0040ddf0 FUN_0054a0c0"
00525900,FUN_00525900,379,0,"FUN_004026c0 FUN_0040d270 FUN_0047a500 _fabs"
00525a80,FUN_00525a80,262,0,"FUN_004026c0 FUN_00404320 FUN_0040d270"
00525b90,FUN_00525b90,439,0,"FUN_004026c0 FUN_0040d270 FUN_004bb8d0"
00525d50,FUN_00525d50,3129,0,"FUN_00403d90 FUN_00407490 FUN_0040d270 FUN_0040d290 FUN_0040df60 FUN_00415c60 FUN_004bb8d0 FUN_004bd660 FUN_004f1340 FUN_005274f0 __security_check_cookie _memset"
00526990,FUN_00526990,1808,0,"FUN_004c50f0 FUN_004c6210"
005270a0,FUN_005270a0,123,0,"FUN_00527120 FUN_005274f0"
00527120,FUN_00527120,962,0,"FUN_00404a70 FUN_00405000 FUN_00407490 FUN_0047a510"
005274f0,FUN_005274f0,1236,0,"FUN_00405000 FUN_00407490 FUN_0047a510"
005279d0,FUN_005279d0,478,0,"FUN_00464df0"
00527bb0,FUN_00527bb0,653,0,"FUN_004026c0 FUN_004d3580 FUN_00549570 FUN_00549fb0"
00527e40,FUN_00527e40,166,0,"FUN_004bd660"
00527ef0,FUN_00527ef0,1450,0,"FUN_0040d270 FUN_00527120 FUN_005274f0"
005284a0,FUN_005284a0,211,0,"FUN_00414d30 FUN_0046230c FUN_0046231d FUN_004627e2 FUN_0047a4db"
00528580,FUN_00528580,312,0,"FUN_004068d0 FUN_00414d30 FUN_00416260 FUN_0046230c FUN_0046231d FUN_004627e2 FUN_0047a4db"
005286c0,FUN_005286c0,2244,0,"FUN_00403d90 FUN_00404cf0 FUN_00415d20 FUN_0046230c FUN_0046231d FUN_004627e2 FUN_0047a4d0 FUN_004bb8d0 FUN_004bd660 FUN_004c19c0 FUN_004d6b50 FUN_004d7440 FUN_00527120 FUN_005274f0 _memset"
00528f90,FUN_00528f90,220,0,""
00529070,FUN_00529070,234,0,"FUN_00404420 FUN_00404450"
00529160,FUN_00529160,665,0,"FUN_004cb960"
00529400,FUN_00529400,1054,0,"FUN_004cb960 FUN_004d18b0 __security_check_cookie _memset"
00529820,FUN_00529820,1035,0,"FUN_004cb960 FUN_004d3c50 __security_check_cookie _memset"
00529c30,FUN_00529c30,1027,0,"FUN_004cb960 FUN_004d22d0 __security_check_cookie _memset"
0052a040,FUN_0052a040,951,0,"FUN_004cb960 __security_check_cookie _memset"
0052a400,FUN_0052a400,1380,0,"FUN_00404420 FUN_00404450 FUN_0040fb70 FUN_004cb8b0 FUN_004d44e0"
0052a970,FUN_0052a970,798,0,"FUN_004cb960 FUN_004d2c30 __security_check_cookie _memset"
0052ac90,FUN_0052ac90,846,0,"FUN_0040df60 FUN_00415df0 FUN_004160c0 __security_check_cookie"
0052afe0,FUN_0052afe0,3,0,""
0052aff0,FUN_0052aff0,23,0,""
0052b007,FUN_0052b007,207,0,"FUN_004c50f0"
0052b0e0,FUN_0052b0e0,357,0,""
0052b250,FUN_0052b250,563,0,"FUN_004026c0 FUN_004d3580 FUN_004e7870 FUN_00549570 FUN_00549fb0"
0052b490,FUN_0052b490,187,0,"FUN_004bd660"
0052b550,FUN_0052b550,885,0,"FUN_00402650 FUN_00404320 FUN_00404810 FUN_0040d270 FUN_0040fb70"
0052b8e0,FUN_0052b8e0,776,0,"FUN_00403d90 FUN_00404cf0 FUN_00414cc0 FUN_004bb8d0 FUN_004bd660 FUN_004c19c0"
0052bbf0,FUN_0052bbf0,234,0,"FUN_00404420 FUN_00404450"
0052bce0,FUN_0052bce0,546,0,"FUN_004cb960"
0052bf10,FUN_0052bf10,936,0,"FUN_004cb960 FUN_004d18b0 __security_check_cookie _memset"
0052c2c0,FUN_0052c2c0,917,0,"FUN_004cb960 FUN_004d3c50 __security_check_cookie _memset"
0052c660,FUN_0052c660,909,0,"FUN_004cb960 FUN_004d22d0 __security_check_cookie _memset"
0052c9f0,FUN_0052c9f0,838,0,"FUN_004cb960 __security_check_cookie _memset"
0052cd40,FUN_0052cd40,1547,0,"FUN_00404420 FUN_00404450 FUN_0040fb70 FUN_004cb8b0 FUN_004d44e0"
0052d350,FUN_0052d350,812,0,"FUN_004cb960 FUN_004d2c30 __security_check_cookie _memset"
0052d680,FUN_0052d680,933,0,"FUN_00415df0 FUN_004160c0 __security_check_cookie"
0052da30,FUN_0052da30,3,0,""
0052da40,FUN_0052da40,29,0,""
0052da5d,FUN_0052da5d,305,0,"FUN_004c50f0"
0052db90,FUN_0052db90,401,0,""
0052dd30,FUN_0052dd30,696,0,"FUN_004026c0 FUN_004d3580 FUN_00549570 FUN_00549fb0"
0052dff0,FUN_0052dff0,207,0,"FUN_004026c0 FUN_004bd660"
0052e0c0,FUN_0052e0c0,1148,0,"FUN_00404810 FUN_0040d270"
0052e540,FUN_0052e540,382,0,"FUN_004026c0 FUN_0040d270 FUN_0047a500 _fabs"
0052e6c0,FUN_0052e6c0,379,0,"FUN_004026c0 FUN_0040d270 FUN_0047a500 _fabs"
0052e840,FUN_0052e840,439,0,"FUN_004026c0 FUN_0040d270 FUN_004bb8d0"
0052ea00,FUN_0052ea00,1654,0,"FUN_00404a70 FUN_0040d270 FUN_00415df0 FUN_004160c0 FUN_004bb8d0 FUN_004d38f0"
0052f080,FUN_0052f080,3101,0,"FUN_00403d90 FUN_00407490 FUN_0040d270 FUN_0040d290 FUN_0040d2a0 FUN_0040df60 FUN_00464df0 FUN_004bb8d0 FUN_004bd660 FUN_004f1340 FUN_004f3750 __security_check_cookie _memset"
0052fca0,FUN_0052fca0,1236,0,"FUN_00403d90 FUN_00404cf0 FUN_00414cc0 FUN_004bb8d0 FUN_004bd660 FUN_004c19c0"
00530180,FUN_00530180,205,0,""
00530250,FUN_00530250,207,0,""
00530320,FUN_00530320,197,0,""
005303f0,FUN_005303f0,206,0,""
005305e0,FUN_005305e0,105,0,"FUN_00530760"
00530760,FUN_00530760,477,0,"FUN_004026c0 FUN_0040eb10 FUN_0046230c FUN_0046231d FUN_004627e2 thunk_FUN_0047a4db"
00530940,FUN_00530940,226,0,"FUN_004133d0 FUN_0046230c FUN_0046231d FUN_004627e2 FUN_004d5990"
00530a30,FUN_00530a30,163,0,"FUN_0040e330 FUN_004ce870 FUN_004d5a60 FUN_004d5bb0 FUN_004d5c70 FUN_004d6be0"
00530ae0,FUN_00530ae0,184,0,"FUN_0040d340 FUN_0040e330 FUN_00414b00 FUN_004ce870 FUN_004d5a60 FUN_004d5bb0 FUN_004d5c70 FUN_004d6be0"
00530ba0,FUN_00530ba0,44,0,"FUN_0040d340"
00530bd0,FUN_00530bd0,130,0,""
00530c60,FUN_00530c60,181,0,""
00530d20,FUN_00530d20,198,0,""
00530df0,FUN_00530df0,172,0,"FUN_00414b70 FUN_00414be0 FUN_00414c50 FUN_00415df0 FUN_004160c0"
00530eb0,FUN_00530eb0,69,0,""
00530f00,FUN_00530f00,40,0,""
00530f60,FUN_00530f60,196,0,"FUN_00405530 FUN_004cb960"
00531030,FUN_00531030,76,0,"FUN_005352f0"
00531080,FUN_00531080,195,0,"FUN_00405530 FUN_004cb960"
00531150,FUN_00531150,71,0,"FUN_005352f0"
00531200,FUN_00531200,495,0,"FUN_00406f30 FUN_00410760 FUN_0046230c FUN_0046231d FUN_004627e2 FUN_0047a20e FUN_004d5a60 FUN_004d5bb0 FUN_004d5c70 FUN_004d6b50 __beginthreadex operator_new"
005313f0,FUN_005313f0,603,0,"FUN_004067e0 FUN_004068d0 FUN_0040a580 FUN_004303e0 FUN_0046230c FUN_0046231d FUN_004627e2 FUN_0047a20e FUN_004cdc10 FUN_004d5990 FUN_004dd9e0 FUN_00505e40 thunk_FUN_0047a4db"
00531660,FUN_00531660,329,0,"FUN_00410760 FUN_0046230c FUN_0046231d FUN_004627e2 FUN_0047a20e FUN_004d5a60 FUN_004d5bb0 FUN_004d5c70 __beginthreadex operator_new"
005317b0,FUN_005317b0,1621,0,"CreateEventW CreateThread FUN_00402860 FUN_00406f30 FUN_00410760 FUN_004305c0 FUN_0046230c FUN_0046231d FUN_004627e2 FUN_0046d433 FUN_0047a20e FUN_004bba20 FUN_004bc390 FUN_004ce870 FUN_004d6760 FUN_004d6b50 FUN_004d6be0 FUN_004d7300 FUN_004d8380 FUN_004dda60 FUN_004e7430 FUN_00505ec0 FUN_0055c4c0 __Xtime_get_ticks __beginthreadex _memset operator_new"
00531ed0,FUN_00531ed0,405,0,"FUN_00410760 FUN_0046230c FUN_0046231d FUN_004627e2 FUN_0047a20e FUN_004ce870 FUN_004d6be0 FUN_004dda60 FUN_00505ec0 FUN_0055c4c0 __beginthreadex operator_new"
00532070,FUN_00532070,3,0,""
00532440,FUN_00532440,153,0,"FUN_004ca360 __security_check_cookie"
005325b0,FUN_005325b0,153,0,"FUN_004ca360 __security_check_cookie"
00532760,FUN_00532760,1120,0,"FUN_00401ae0 FUN_004ca360 __security_check_cookie"
00532bc0,FUN_00532bc0,302,0,"FUN_00401ae0 __security_check_cookie"
00532cf0,FUN_00532cf0,948,0,"FUN_0046230c FUN_0046231d FUN_004627e2 FUN_004de2f0 FUN_00507c40 FUN_00507ca0 FUN_00516cf0 FUN_00516d60 FUN_00531200 FUN_00533990 FUN_0055bc40 FUN_0055bca0"
00533120,FUN_00533120,1336,0,"FUN_00535ac0"
00533660,FUN_00533660,266,0,""
00533770,FUN_00533770,534,0,"CloseHandle FUN_0046230c FUN_0046231d FUN_004627e2 FUN_0047a4db FUN_004d5460 FUN_004d5620"
00533990,FUN_00533990,667,0,"FUN_0046230c FUN_0046231d FUN_004627e2 FUN_00505e40 FUN_00507c40 FUN_00516cf0 FUN_0051e090 FUN_005369b0 FUN_0055bc40 FUN_00563580 thunk_FUN_0047a4db"
00533c30,FUN_00533c30,1979,0,"FUN_00401f60 FUN_00406f30 FUN_00416360 FUN_004b2f40 FUN_004b8b80 FUN_004cfdd0 FUN_004d5a60 FUN_004d5bb0 FUN_004d5c70 FUN_004d6760 FUN_004d6b50 FUN_004d6ce0 FUN_00533120 FUN_005351b0 FUN_0055e3d0 __Xtime_get_ticks __security_check_cookie timeGetTime"
005343f0,FUN_005343f0,154,0,"FUN_00416360 FUN_004d6760 FUN_004d6ce0 FUN_0055e3d0 __security_check_cookie"
00534490,FUN_00534490,439,0,"FUN_004b8760 FUN_004bae70 FUN_004cdc10 FUN_004ce490 FUN_004d8b60 FUN_00532cf0"
00534650,FUN_00534650,85,0,"FUN_0046dbd9 FUN_004d6ce0 FUN_004d6df0"
005346b0,FUN_005346b0,45,0,"FUN_004babe0"
005346e0,FUN_005346e0,93,0,"FUN_004cb830"
00534740,FUN_00534740,93,0,"FUN_004cb830"
005347a0,FUN_005347a0,121,0,"FUN_0046d433 FUN_004babe0 __security_check_cookie"
00534820,FUN_00534820,59,0,"FUN_004babe0"
00534860,FUN_00534860,192,0,"FUN_004cb8b0 FUN_004cb960 FUN_004d7440"
00534920,FUN_00534920,186,0,"FUN_004cb8b0 FUN_004cb960 FUN_004d7440"
005349e0,FUN_005349e0,73,0,"FUN_004babe0"
00534a30,FUN_00534a30,561,0,"D3DXMatrixLookAtLH D3DXMatrixPerspectiveFovLH FUN_0047a200 FUN_004ca360"
00534c70,FUN_00534c70,55,0,"FUN_004ca360"
00534cb0,FUN_00534cb0,55,0,"FUN_004ca360"
00534cf0,FUN_00534cf0,55,0,"FUN_004ca360"
00534d30,FUN_00534d30,40,0,"FUN_004ca360"
00534d60,FUN_00534d60,594,0,"FUN_00412fd0 FUN_0046230c FUN_0046231d FUN_004627e2 FUN_0046dbd9 FUN_0047a4db FUN_004d6760 FUN_004d6be0 FUN_004d6ce0 FUN_004d6df0"
00534fc0,FUN_00534fc0,389,0,"FUN_004d5a60 FUN_004d5bb0 FUN_004d5c70"
00535150,FUN_00535150,89,0,""
005351b0,FUN_005351b0,305,0,""
005352f0,FUN_005352f0,1237,0,"FUN_00403d90 FUN_004bd660"
005357d0,FUN_005357d0,628,0,"DeleteObject FUN_004051a0 FUN_004067e0 FUN_00413a10 FUN_0046230c FUN_0046231d FUN_004627e2 FUN_0047a4db FUN_004b3f30 FUN_004babe0 FUN_004bae70 FUN_00533990 FUN_0055e4e0 thunk_FUN_0047a4db"
00535a50,FUN_00535a50,106,0,"FUN_004ca360"
00535ac0,FUN_00535ac0,551,0,"D3DXMatrixLookAtLH D3DXMatrixPerspectiveFovLH FUN_004043f0 __security_check_cookie"
00535d10,FUN_00535d10,55,0,"FUN_004ca360"
00535d50,FUN_00535d50,884,0,"FUN_00401850 FUN_004067e0 FUN_00410760 FUN_0046230c FUN_0046231d FUN_004627e2 FUN_00464df0 FUN_0046d433 FUN_0047a20e FUN_004d6be0 FUN_004d7440 FUN_00532070 __beginthreadex _memset operator_new"
005360f0,FUN_005360f0,12,0,"FUN_00536110"
00536110,FUN_00536110,919,0,"FUN_00402650 FUN_004026c0 FUN_0040a670 FUN_00413f60 FUN_004167f0 FUN_004bb8d0 FUN_004cb160 FUN_004cb830 FUN_004cb960 FUN_004cd2e0 FUN_004cf470 FUN_004d0990 FUN_004d4fa0 FUN_004d74a0"
005364e0,FUN_005364e0,580,0,"FUN_0040a700 FUN_00412e70 FUN_004d5a60 FUN_004d5bb0 FUN_004d5c70 FUN_004d6b50 _memset"
00536730,FUN_00536730,263,0,"FUN_0046230c FUN_0046231d FUN_004627e2 FUN_004cdc10 FUN_004d5990"
00536840,FUN_00536840,288,0,"FUN_00412e70 FUN_004d5a60 FUN_004d5bb0 FUN_004d5c70 FUN_004d6b50"
005369b0,FUN_005369b0,93,0,"FUN_0046230c FUN_0046231d FUN_004627e2 thunk_FUN_0047a4db"
00536a20,FUN_00536a20,12,0,"FUN_00536a40"
00536a30,FUN_00536a30,12,0,"FUN_00536d60"
00536a40,FUN_00536a40,621,0,"FUN_004e5640 FUN_004e7610"
00536cd0,FUN_00536cd0,130,0,"FUN_004babe0"
00536d60,FUN_00536d60,1239,0,"FUN_00401a60 FUN_00401ba0 FUN_00402650 FUN_004026c0 FUN_00404810 FUN_0040a670 FUN_0040e130 FUN_00416830 FUN_004b9f00 FUN_004bb8d0 FUN_004d4fa0 FUN_005238a0 FUN_00536cd0 FUN_005376f0"
005372f0,FUN_005372f0,396,0,"FUN_00402860 FUN_0040a700 FUN_004d6b50 FUN_00537580"
00537480,FUN_00537480,242,0,"FUN_0046230c FUN_0046231d FUN_004627e2 FUN_004d5990 FUN_00534650"
00537580,FUN_00537580,366,0,"FUN_0040a670 FUN_004d5a60 FUN_004d5bb0 FUN_004d5c70"
005376f0,FUN_005376f0,87,0,"FUN_0046230c FUN_0046231d FUN_004627e2 thunk_FUN_0047a4db"
00537750,FUN_00537750,203,0,"FUN_005141c0"
00537820,FUN_00537820,149,0,"FUN_00515200"
005378c0,FUN_005378c0,311,0,"FUN_0046230c FUN_0046231d FUN_004627e2"
00537a10,FUN_00537a10,136,0,""
00537aa0,FUN_00537aa0,78,0,""
00537af0,FUN_00537af0,148,0,"FUN_00515200"
00537b90,FUN_00537b90,153,0,"FUN_004bb8d0 FUN_00515200 FUN_00537c30"
00537c30,FUN_00537c30,206,0,"FUN_004bb8d0 FUN_00515200"
00537d40,FUN_00537d40,5323,0,"FUN_00401a60 FUN_00401ac0 FUN_00402650 FUN_0040a670 FUN_0040b870 FUN_0040e510 FUN_00412310 FUN_00412af0 FUN_00416b50 FUN_00416bd0 FUN_00416ca0 FUN_0046230c FUN_0046231d FUN_004627e2 FUN_0046d433 FUN_004b5920 FUN_004babe0 FUN_004bb8d0 FUN_004cafa0 FUN_004cb450 FUN_004cb480 FUN_004cb4c0 FUN_004cb7a0 FUN_004cb830 FUN_004cb8b0 FUN_004d4fa0 FUN_004d5040 FUN_004d5090 FUN_004e37a0 FUN_0050fac0 FUN_0051e090 FUN_0051e0f0 FUN_005372f0 FUN_005510b0 FUN_00551130 FUN_00551aa0 FUN_00551b70 __security_check_cookie thunk_FUN_0047a4db"
00539340,FUN_00539340,298,0,"FUN_004b5920 FUN_004cb450 FUN_004cb8b0 FUN_0050fac0"
00539470,FUN_00539470,394,0,"FUN_00413680 FUN_00416c20 FUN_00416ca0 FUN_004babe0 FUN_004bae70 FUN_004bb8d0 FUN_004cb3d0 FUN_004cb830 FUN_004cb8b0 FUN_004cb960 FUN_0050fc90 FUN_00516270 FUN_00539600"
00539600,FUN_00539600,691,0,"FUN_004cb3d0 FUN_004cb8b0 FUN_004cb960 FUN_004cd200 __security_check_cookie"
005398c0,FUN_005398c0,12,0,"FUN_005398d0"
005398d0,FUN_005398d0,956,0,"FUN_0046d433 FUN_004cb0a0 FUN_004cb8b0 FUN_004e7610 FUN_00539f20 FUN_0053a030"
00539c90,FUN_00539c90,223,0,"FUN_0046d433 FUN_00539f20 FUN_0053a030"
00539d70,FUN_00539d70,430,0,"FUN_0047bd08 FUN_004e7610 __security_check_cookie"
00539f20,FUN_00539f20,268,0,"FUN_0047bd08 FUN_004e7610 __security_check_cookie"
0053a030,FUN_0053a030,400,0,"FUN_004e7610"
0053a1c0,FUN_0053a1c0,12,0,"FUN_0053a1d0"
0053a1d0,FUN_0053a1d0,395,0,"FUN_004026c0 FUN_00408110 FUN_00412310 FUN_00412bd0 FUN_00537d40 FUN_00539470"
0053a370,FUN_0053a370,348,0,"FUN_0046230c FUN_0046231d FUN_004627e2 FUN_004d5990 thunk_FUN_0047a4db"
0053a4e0,FUN_0053a4e0,23,0,""
0053a5e0,FUN_0053a5e0,629,0,"FUN_0040a700 FUN_004d5a60 FUN_004d5bb0 FUN_004d5c70 FUN_004d6b50 _memset"
0053a8c0,FUN_0053a8c0,323,0,"FUN_00413680 FUN_00416c20 FUN_00416ca0 FUN_004babe0 FUN_004cb3d0 FUN_004cb830 FUN_004cb960 FUN_0050fc90 FUN_00539600"
0053aa10,FUN_0053aa10,442,0,"FUN_00416c20 FUN_00416ca0 FUN_004bae70 FUN_004cb3d0 FUN_004cb830 FUN_004cb8b0 FUN_004cb960 FUN_0050fc90 FUN_00516270 FUN_00539600"
0053abe0,FUN_0053abe0,145,0,"FUN_00416fd0 FUN_004172e0 FUN_004d6b50 _memset"
0053ac80,FUN_0053ac80,638,0,"FUN_00402540 FUN_004026c0 FUN_0050d640 FUN_0054f990"
0053af00,FUN_0053af00,90,0,""
0053af60,FUN_0053af60,420,0,"FUN_0040b300 FUN_00417400 FUN_004d6b50 FUN_0053b920 _memset"
0053b110,FUN_0053b110,115,0,""
0053b190,FUN_0053b190,228,0,"FUN_00417400 FUN_004d6b50 FUN_0053bd80 _memset"
0053b280,FUN_0053b280,278,0,"FUN_0046230c FUN_0046231d FUN_004627e2 FUN_004cb710 FUN_004cb8b0 thunk_FUN_0047a4db"
0053b3a0,FUN_0053b3a0,1405,0,"FUN_004026c0 FUN_00402c30 FUN_004bb7d0 FUN_004bb8d0 FUN_004cb830 FUN_004cb8b0 FUN_004ee770 FUN_005200f0 FUN_00530c60 __security_check_cookie"
0053b920,FUN_0053b920,568,0,"FUN_00402540 FUN_00417710 FUN_004bb8d0 FUN_004cb960"
0053bb60,FUN_0053bb60,182,0,"FUN_0046230c FUN_0046231d FUN_004627e2 thunk_FUN_0047a4db"
0053bc20,FUN_0053bc20,21,0,"FUN_004c50f0"
0053bc40,FUN_0053bc40,3,0,""
0053bc50,FUN_0053bc50,300,0,"FUN_004026c0 FUN_004037e0 FUN_0040b300 FUN_004bd660 FUN_0050d410"
0053bd80,FUN_0053bd80,955,0,"FUN_00401960 FUN_00402540 FUN_00404cf0 FUN_00417710 FUN_004c19c0"
0053c140,FUN_0053c140,307,0,"FUN_004111e0 FUN_004177d0 FUN_004d6b50 _memset"
0053c280,FUN_0053c280,392,0,"FUN_00417520 FUN_004d6b50 FUN_0053c7d0 _memset"
0053c410,FUN_0053c410,107,0,"FUN_0046230c FUN_0046231d FUN_004627e2 FUN_004cb3d0 thunk_FUN_0047a4db"
0053c480,FUN_0053c480,107,0,"FUN_0046230c FUN_0046231d FUN_004627e2 FUN_004cb830 thunk_FUN_0047a4db"
0053c4f0,FUN_0053c4f0,5,0,""
0053c500,FUN_0053c500,6,0,""
0053c510,FUN_0053c510,691,0,"FUN_004026c0 FUN_00402c30 FUN_00403250 FUN_004b9f00 FUN_004bb7d0 FUN_004bb8d0 FUN_004cb830 FUN_004cb8b0 FUN_004ee770 FUN_005200f0 FUN_00520240 FUN_00530c60"
0053c7d0,FUN_0053c7d0,878,0,"FUN_004bb8d0 FUN_004cb3d0 FUN_004cb960 FUN_004ed3d0"
0053cb40,FUN_0053cb40,155,0,"FUN_004172e0 FUN_00417ad0 FUN_004d6b50 _memset"
0053cbe0,FUN_0053cbe0,690,0,"FUN_00402540 FUN_004026c0 FUN_0050d640 FUN_0054f990"
0053cea0,FUN_0053cea0,90,0,""
0053cf00,FUN_0053cf00,340,0,"FUN_00402540 FUN_00417400 FUN_004d6b50 FUN_0053d280 _memset"
0053d060,FUN_0053d060,182,0,"FUN_0046230c FUN_0046231d FUN_004627e2 thunk_FUN_0047a4db"
0053d120,FUN_0053d120,21,0,"FUN_004c50f0"
0053d140,FUN_0053d140,3,0,""
0053d150,FUN_0053d150,300,0,"FUN_004026c0 FUN_004037e0 FUN_0040b300 FUN_004bd660 FUN_0050d410"
0053d280,FUN_0053d280,990,0,"FUN_00401960 FUN_00402540 FUN_00404cf0 FUN_00417710 FUN_004c19c0"
0053d660,FUN_0053d660,307,0,"FUN_004111e0 FUN_004177d0 FUN_004d6b50 _memset"
0053d7a0,FUN_0053d7a0,272,0,"FUN_00417520 FUN_004d6b50 FUN_0053dc50 _memset"
0053d8b0,FUN_0053d8b0,107,0,"FUN_0046230c FUN_0046231d FUN_004627e2 FUN_004cb3d0 thunk_FUN_0047a4db"
0053d920,FUN_0053d920,107,0,"FUN_0046230c FUN_0046231d FUN_004627e2 FUN_004cb830 thunk_FUN_0047a4db"
0053d990,FUN_0053d990,5,0,""
0053d9a0,FUN_0053d9a0,6,0,""
0053d9b0,FUN_0053d9b0,666,0,"FUN_004026c0 FUN_00402c30 FUN_00403250 FUN_004b9f00 FUN_004bb7d0 FUN_004bb8d0 FUN_004cb830 FUN_004cb8b0 FUN_004ee0d0 FUN_0051f320 FUN_00520240 FUN_005303f0"
0053dc50,FUN_0053dc50,634,0,"FUN_004bb8d0 FUN_004cb3d0 FUN_004cb960 FUN_004ed3d0"
0053ded0,FUN_0053ded0,176,0,"FUN_00416fd0 FUN_004172e0 FUN_004d6b50"
0053df80,FUN_0053df80,944,0,"FUN_00402540 FUN_004026c0 FUN_0050d640 FUN_0054f990"
0053e330,FUN_0053e330,90,0,""
0053e390,FUN_0053e390,228,0,"FUN_00417400 FUN_004186e0 FUN_004d6b50 _memset"
0053e480,FUN_0053e480,307,0,"FUN_004111e0 FUN_004177d0 FUN_004d6b50 _memset"
0053e5c0,FUN_0053e5c0,392,0,"FUN_00417520 FUN_00417f10 FUN_004d6b50 _memset"
0053e760,FUN_0053e760,236,0,"FUN_004172e0 FUN_00419a30 FUN_004d6b50"
0053e850,FUN_0053e850,307,0,"FUN_004111e0 FUN_004177d0 FUN_004d6b50 _memset"
0053e990,FUN_0053e990,272,0,"FUN_00417520 FUN_00418e60 FUN_004d6b50 _memset"
0053eab0,FUN_0053eab0,165,0,"FUN_004172e0 FUN_00419a30 FUN_004d6b50 _memset"
0053eb60,FUN_0053eb60,751,0,"FUN_00402540 FUN_004026c0 FUN_0050d640 FUN_0054f990"
0053ee50,FUN_0053ee50,90,0,""
0053eeb0,FUN_0053eeb0,432,0,"FUN_00402540 FUN_00417400 FUN_004d6b50 FUN_0053f2c0 _memset"
0053f060,FUN_0053f060,182,0,"FUN_0046230c FUN_0046231d FUN_004627e2 thunk_FUN_0047a4db"
0053f120,FUN_0053f120,21,0,"FUN_004c50f0"
0053f140,FUN_0053f140,3,0,""
0053f150,FUN_0053f150,364,0,"FUN_004026c0 FUN_004037e0 FUN_0040b300 FUN_004bb8d0 FUN_004bd660 FUN_0050d410"
0053f2c0,FUN_0053f2c0,922,0,"FUN_00401960 FUN_00402540 FUN_00404cf0 FUN_00417710 FUN_004c19c0"
0053f660,FUN_0053f660,437,0,"FUN_004111e0 FUN_004177d0 FUN_004d6b50 _memset"
0053f820,FUN_0053f820,412,0,"FUN_00417520 FUN_004d6b50 FUN_0053fe30 _memset"
0053f9c0,FUN_0053f9c0,107,0,"FUN_0046230c FUN_0046231d FUN_004627e2 FUN_004cb3d0 thunk_FUN_0047a4db"
0053fa30,FUN_0053fa30,107,0,"FUN_0046230c FUN_0046231d FUN_004627e2 FUN_004cb830 thunk_FUN_0047a4db"
0053faa0,FUN_0053faa0,5,0,""
0053fab0,FUN_0053fab0,6,0,""
0053fac0,FUN_0053fac0,868,0,"FUN_004026c0 FUN_00402c30 FUN_00403250 FUN_004b9f00 FUN_004bb7d0 FUN_004bb8d0 FUN_004cb830 FUN_004cb8b0 FUN_004ee500 FUN_0051f4e0 FUN_00520240 FUN_00530180"
0053fe30,FUN_0053fe30,994,0,"FUN_004bb8d0 FUN_004cb3d0 FUN_004cb960 FUN_004ed3d0"
00540220,FUN_00540220,185,0,"FUN_00416fd0 FUN_004172e0 FUN_004d6b50 _memset"
005402e0,FUN_005402e0,726,0,"FUN_00402540 FUN_004026c0 FUN_004cb8b0 FUN_0050d640 FUN_00520240 FUN_00520320 FUN_0054f990"
005405c0,FUN_005405c0,90,0,""
00540620,FUN_00540620,432,0,"FUN_00402540 FUN_00417400 FUN_0041af40 FUN_004d6b50 _memset"
005407d0,FUN_005407d0,307,0,"FUN_004111e0 FUN_004177d0 FUN_004d6b50 _memset"
00540910,FUN_00540910,392,0,"FUN_00417520 FUN_004d6b50 FUN_00540f00 _memset"
00540aa0,FUN_00540aa0,1116,0,"FUN_004026c0 FUN_00402c30 FUN_00403250 FUN_00405000 FUN_0040fb70 FUN_004b9f00 FUN_004bb7d0 FUN_004bb8d0 FUN_004cb830 FUN_004cb8b0 FUN_004ee770 FUN_00508420 FUN_005200f0 FUN_00520240 FUN_00530c60"
00540f00,FUN_00540f00,881,0,"FUN_004bb8d0 FUN_004cb3d0 FUN_004cb960 FUN_004ed3d0"
00541280,FUN_00541280,166,0,"FUN_00416fd0 FUN_004172e0 FUN_004d6b50"
00541330,FUN_00541330,756,0,"FUN_00402540 FUN_004026c0 FUN_0050d640 FUN_0054f990"
00541630,FUN_00541630,90,0,""
00541690,FUN_00541690,432,0,"FUN_00402540 FUN_00417400 FUN_0041bb20 FUN_004d6b50 _memset"
00541840,FUN_00541840,307,0,"FUN_004111e0 FUN_004177d0 FUN_004d6b50 _memset"
00541980,FUN_00541980,392,0,"FUN_00417520 FUN_0041b5c0 FUN_004d6b50 _memset"
00541b10,FUN_00541b10,660,0,"FUN_004026c0 FUN_00402c30 FUN_00403250 FUN_004b9f00 FUN_004bb7d0 FUN_004bb8d0 FUN_004cb830 FUN_004cb8b0 FUN_004ee770 FUN_005200f0 FUN_00520240 FUN_00530c60"
00541db0,FUN_00541db0,236,0,"FUN_00416fd0 FUN_004172e0 FUN_004d6b50"
00541ea0,FUN_00541ea0,468,0,"FUN_004111e0 FUN_004177d0 FUN_004d6b50 _memset"
00542080,FUN_00542080,272,0,"FUN_00417520 FUN_0041bf70 FUN_004d6b50 _memset"
00542190,FUN_00542190,366,0,"FUN_00416fd0 FUN_004172e0 FUN_004d6b50"
00542300,FUN_00542300,327,0,"FUN_004111e0 FUN_004177d0 FUN_004d6b50 _memset"
00542450,FUN_00542450,272,0,"FUN_00417520 FUN_0041d650 FUN_004d6b50 _memset"
00542570,FUN_00542570,366,0,"FUN_004172e0 FUN_00420260 FUN_004d6b50"
005426e0,FUN_005426e0,379,0,"FUN_004111e0 FUN_004177d0 FUN_004d6b50 _memset"
00542860,FUN_00542860,331,0,"FUN_00417520 FUN_0041ed00 FUN_004d6b50 _memset"
005429c0,FUN_005429c0,376,0,"FUN_004172e0 FUN_00421ee0 FUN_004d6b50"
00542b40,FUN_00542b40,327,0,"FUN_004111e0 FUN_004177d0 FUN_004d6b50 _memset"
00542c90,FUN_00542c90,282,0,"FUN_00417520 FUN_00420c80 FUN_004d6b50 _memset"
00542dc0,FUN_00542dc0,186,0,"FUN_004172e0 FUN_00423e40 FUN_004d6b50"
00542e80,FUN_00542e80,457,0,"FUN_004111e0 FUN_004177d0 FUN_004d6b50 _memset"
00543050,FUN_00543050,422,0,"FUN_00417520 FUN_004228b0 FUN_004d6b50 _memset"
00543200,FUN_00543200,316,0,"FUN_00416fd0 FUN_004172e0 FUN_004d6b50"
00543340,FUN_00543340,327,0,"FUN_004111e0 FUN_004177d0 FUN_004d6b50 _memset"
00543490,FUN_00543490,282,0,"FUN_00417520 FUN_004244f0 FUN_004d6b50 _memset"
005435b0,FUN_005435b0,186,0,"FUN_00416fd0 FUN_004172e0 FUN_004d6b50"
00543670,FUN_00543670,368,0,"FUN_004111e0 FUN_004177d0 FUN_004d6b50 _memset"
005437e0,FUN_005437e0,333,0,"FUN_00417520 FUN_004259e0 FUN_004d6b50 _memset"
00543940,FUN_00543940,186,0,"FUN_004172e0 FUN_00428690 FUN_004d6b50"
00543a00,FUN_00543a00,337,0,"FUN_004111e0 FUN_004177d0 FUN_004d6b50 _memset"
00543b60,FUN_00543b60,292,0,"FUN_00417520 FUN_00427020 FUN_004d6b50 _memset"
00543c90,FUN_00543c90,186,0,"FUN_00416fd0 FUN_004172e0 FUN_004d6b50"
00543d50,FUN_00543d50,379,0,"FUN_004111e0 FUN_004177d0 FUN_004d6b50 _memset"
00543ed0,FUN_00543ed0,347,0,"FUN_00417520 FUN_00428d60 FUN_004d6b50 _memset"
00544030,FUN_00544030,186,0,"FUN_004172e0 FUN_0042b670 FUN_004d6b50"
005440f0,FUN_005440f0,307,0,"FUN_004111e0 FUN_004177d0 FUN_004d6b50 _memset"
00544230,FUN_00544230,292,0,"FUN_00417520 FUN_0042a910 FUN_004d6b50 _memset"
00544360,FUN_00544360,186,0,"FUN_00416fd0 FUN_004172e0 FUN_004d6b50"
00544420,FUN_00544420,327,0,"FUN_004111e0 FUN_004177d0 FUN_004d6b50 _memset"
00544570,FUN_00544570,292,0,"FUN_00417520 FUN_0042bd50 FUN_004d6b50 _memset"
005446b0,FUN_005446b0,356,0,"FUN_004172e0 FUN_0042e580 FUN_004d6b50"
00544820,FUN_00544820,457,0,"FUN_004111e0 FUN_004177d0 FUN_004d6b50 _memset"
005449f0,FUN_005449f0,422,0,"FUN_00417520 FUN_0042cf70 FUN_004d6b50 _memset"
00544be0,FUN_00544be0,163,0,""
00544c90,FUN_00544c90,319,0,"FUN_004bb8d0 FUN_004cb830 FUN_004ee770"
00544dd0,FUN_00544dd0,347,0,"FUN_004026c0 FUN_004bb8d0 FUN_004cb8b0 FUN_004cb960"
00544f30,FUN_00544f30,422,0,"FUN_004e7610"
005450e0,FUN_005450e0,2473,0,"FUN_00402540 FUN_0046230c FUN_0046231d FUN_004627e2 FUN_0051bb00 FUN_0051c650"
00545a90,FUN_00545a90,215,0,""
00545b70,FUN_00545b70,576,0,""
00545e10,FUN_00545e10,354,0,"FUN_00403d90 FUN_004bb8d0 FUN_004bd660 FUN_004cb960"
00545f80,FUN_00545f80,124,0,"FUN_0047a500"
00546000,FUN_00546000,93,0,"FUN_004d6760"
00546060,FUN_00546060,15,0,"FUN_00546080"
00546070,FUN_00546070,12,0,"FUN_00546320"
00546080,FUN_00546080,659,0,"FUN_00405690 FUN_004c50f0 FUN_004ca360 FUN_004e7610"
00546320,FUN_00546320,2502,0,"FUN_00402650 FUN_004026c0 FUN_00402c30 FUN_00403d90 FUN_00403f70 FUN_00405000 FUN_00412c90 FUN_0042fce0 FUN_0042fe80 FUN_0042fef0 FUN_0042ff80 FUN_004bd660 FUN_004ed6d0 FUN_004ed7d0 FUN_004ee770 FUN_00515540 FUN_005200f0 FUN_00520240 FUN_00530bd0 FUN_00530c60 FUN_00544dd0 FUN_005450e0 FUN_00546ed0 FUN_005483d0 FUN_00549830 FUN_0054f7c0"
00546d10,FUN_00546d10,433,0,"FUN_004cb830 FUN_004cb8b0"
00546ed0,FUN_00546ed0,2035,0,"FUN_004026c0 FUN_00403d90 FUN_00412b30 FUN_0042fce0 FUN_0042fe30 FUN_0042fe80 FUN_0042fef0 FUN_004bb8d0 FUN_004bd660 FUN_004cb830 FUN_004cb8b0 FUN_004cb960 FUN_00546d10"
005476d0,FUN_005476d0,525,0,"FUN_004068d0 FUN_0046230c FUN_0046231d FUN_004627e2 FUN_0047a4db FUN_004cb3d0 FUN_004cb550 FUN_004cdc10 FUN_004d5990 FUN_004d74a0 FUN_0054f5e0"
005478f0,FUN_005478f0,2745,0,"FUN_00403d90 FUN_0040ae90 FUN_0042fef0 FUN_004bd660 FUN_004ce870 FUN_004d5a60 FUN_004d5bb0 FUN_004d5c70 FUN_004d6760 FUN_004d6be0 FUN_00544be0 FUN_0054f340 __security_check_cookie"
005483d0,FUN_005483d0,1990,0,"FUN_0042fc70 FUN_0042fef0 FUN_004cb710 FUN_004cb830 FUN_004cb8b0 FUN_004cb960"
00548bc0,FUN_00548bc0,148,0,"FUN_0040b500 FUN_0042fb80"
00548c60,FUN_00548c60,148,0,"FUN_0040b500 FUN_0042fb80"
00548d00,FUN_00548d00,226,0,"FUN_0040b500 FUN_0042fb80"
00548df0,FUN_00548df0,687,0,"FUN_00402860 FUN_0040af20 FUN_00413f80 FUN_0042f440 FUN_004ce870 FUN_004d5a60 FUN_004d5bb0 FUN_004d5c70 FUN_004d6b50 FUN_004d6be0 FUN_004fb6f0 FUN_0050e150 FUN_0051ffa0 FUN_005478f0"
005490a0,FUN_005490a0,417,0,"FUN_0046230c FUN_0046231d FUN_004627e2 thunk_FUN_0047a4db"
00549250,FUN_00549250,793,0,"FUN_00412b30 FUN_0042fe80 FUN_004cb3d0 FUN_004cb420 FUN_005141c0 FUN_005483d0 FUN_0054f5e0"
00549570,FUN_00549570,519,0,"FUN_00402650 FUN_00407490 FUN_004d44e0 FUN_00544c90 FUN_00545e10"
00549780,FUN_00549780,164,0,""
00549830,FUN_00549830,925,0,"FUN_00403d90 FUN_0040ff90 FUN_004bd660 FUN_004cb830 FUN_004cb960 FUN_00537750 FUN_00544be0"
00549bd0,FUN_00549bd0,550,0,"FUN_00402650 FUN_00407490 FUN_00544c90 FUN_00545e10"
00549e00,FUN_00549e00,421,0,"FUN_00402650 FUN_00407490 FUN_00544c90 FUN_00545e10"
00549fb0,FUN_00549fb0,259,0,"FUN_00402540 FUN_004bb8d0 FUN_00521c60"
0054a0c0,FUN_0054a0c0,84,0,"FUN_00407490"
0054a120,FUN_0054a120,108,0,""
0054a190,FUN_0054a190,200,0,""
0054a260,FUN_0054a260,1336,0,"FUN_00407490 FUN_0040f3a0 FUN_0047a200 FUN_00508530"
0054a7b0,FUN_0054a7b0,432,0,"FUN_004bb8d0 FUN_004cb830 FUN_005200f0 FUN_00520240 FUN_00520320"
0054aa00,FUN_0054aa00,214,0,"FUN_00402540"
0054aae0,FUN_0054aae0,437,0,"FUN_0047a070 FUN_0047a0c0 FUN_004bb8d0 FUN_004cb830 FUN_004ee0d0 FUN_005303f0"
0054acb0,FUN_0054acb0,223,0,"FUN_00402540"
0054adc0,FUN_0054adc0,505,0,"FUN_00405000 FUN_004caed0 FUN_00520240"
0054b0c0,FUN_0054b0c0,432,0,"FUN_00402540"
0054b270,FUN_0054b270,249,0,"FUN_00402540"
0054b3f0,FUN_0054b3f0,449,0,"FUN_00404b70 FUN_00407490 FUN_0040fdf0 FUN_00508530 FUN_0050d3e0"
0054b5c0,FUN_0054b5c0,397,0,"FUN_00407490 FUN_0040fdf0 FUN_00508530 FUN_0050d3e0"
0054b7a0,FUN_0054b7a0,125,0,"FUN_00402540"
0054b830,FUN_0054b830,364,0,"FUN_00402540 FUN_0047a500"
0054b9a0,FUN_0054b9a0,150,0,"FUN_00402540 FUN_004cb8b0"
0054ba40,FUN_0054ba40,214,0,"FUN_00402540"
0054bb20,FUN_0054bb20,214,0,"FUN_00402540"
0054bc00,FUN_0054bc00,395,0,"FUN_00407490 FUN_0040fb70 FUN_00508530"
0054bd90,FUN_0054bd90,433,0,"FUN_00402540 FUN_004044b0 FUN_004cb8b0 FUN_004cb960 FUN_0054fba0"
0054bf50,FUN_0054bf50,294,0,"FUN_00402540 FUN_004cb960 FUN_0054fba0"
0054c080,FUN_0054c080,582,0,"FUN_0040ea60 FUN_0040eab0 FUN_0040fdf0 FUN_004cb830"
0054c2f0,FUN_0054c2f0,312,0,"FUN_004bb8d0 FUN_004cb830 FUN_005200f0 FUN_00520240 FUN_00520320"
0054c430,FUN_0054c430,268,0,""
0054c5f0,FUN_0054c5f0,432,0,"FUN_004bb8d0 FUN_004cb830 FUN_005200f0 FUN_00520240 FUN_00520320"
0054c7c0,FUN_0054c7c0,103,0,"FUN_004cb830 FUN_00520240"
0054c830,FUN_0054c830,1216,0,"FUN_00403bc0 FUN_00403d00 FUN_004bb7d0 FUN_004cb830 FUN_004cb8b0 FUN_00520240 FUN_00520320 _fabs"
0054ccf0,FUN_0054ccf0,127,0,"FUN_004bb8d0 FUN_00520240"
0054cd70,FUN_0054cd70,1524,0,"FUN_00405000 FUN_00407490 FUN_0040e160 FUN_0040ff90 FUN_004cb830 FUN_004cb8b0 FUN_004cb960 FUN_004d3140 FUN_004d3720 FUN_00520240 _fabs"
0054d370,FUN_0054d370,1519,0,"FUN_00403bc0 FUN_00403d00 FUN_004bb7d0 FUN_004cb830 FUN_004cb8b0 FUN_00520240 FUN_00520320 _fabs"
0054d960,FUN_0054d960,127,0,"FUN_004bb8d0 FUN_00520240"
0054d9e0,FUN_0054d9e0,127,0,"FUN_004bb8d0 FUN_00520240"
0054da60,FUN_0054da60,468,0,"FUN_00402540 FUN_004cb8b0 FUN_004cb960 FUN_0054fba0"
0054dc40,FUN_0054dc40,684,0,"FUN_00403b70 FUN_00407490 FUN_004074f0 FUN_0040fdf0 FUN_0042fc50 FUN_00508530 FUN_0050d3e0 _fabs"
0054df10,FUN_0054df10,1385,0,"FUN_004026c0 FUN_00404a70 FUN_004073d0 FUN_004074f0 FUN_0042ffe0 FUN_004ca2e0 FUN_004cb830 FUN_004cb8b0 FUN_004d4a00 FUN_004d4dc0 FUN_00520240 FUN_0054f020 __security_check_cookie _fabs"
0054e490,FUN_0054e490,1175,0,"FUN_00402650 FUN_004026c0 FUN_00407570 FUN_00415bf0 FUN_0042fc70 FUN_00430050 FUN_0054f990"
0054e960,FUN_0054e960,1708,0,"FUN_00402540 FUN_00404530 FUN_00404a70 FUN_004074f0 FUN_0040fdf0 FUN_004bb8d0 FUN_004cb8b0 FUN_004cb960 FUN_004d4dc0 FUN_0051f320 FUN_00520240 FUN_0054f020 _fabs _memset"
0054f020,FUN_0054f020,288,0,"FUN_0046230c FUN_0046231d FUN_004627e2 FUN_004cb3d0 FUN_00520240 FUN_00520320 thunk_FUN_0047a4db"
0054f150,FUN_0054f150,363,0,"FUN_0042f020 FUN_004d6b50 _memset"
0054f2c0,FUN_0054f2c0,50,0,""
0054f300,FUN_0054f300,50,0,""
0054f340,FUN_0054f340,665,0,"FUN_0040e330"
0054f5e0,FUN_0054f5e0,473,0,"FUN_0054f020 _memset"
0054f7c0,FUN_0054f7c0,461,0,"FUN_004026c0 FUN_004bb7d0 FUN_0054df10 FUN_0054e490"
0054f990,FUN_0054f990,313,0,"FUN_0054e960 FUN_0054f150"
0054fad0,FUN_0054fad0,206,0,""
0054fba0,FUN_0054fba0,191,0,"FUN_004cb8b0 FUN_00520240 FUN_00520320"
0054fc60,FUN_0054fc60,123,0,"FUN_0054e960 FUN_0054f150"
0054fd10,FUN_0054fd10,582,0,"FUN_0042fef0 FUN_005483d0 _memset"
0054ff60,FUN_0054ff60,201,0,"FUN_004e7610"
00550030,FUN_00550030,228,0,"FUN_004d7510"
00550120,FUN_00550120,12,0,"FUN_00550750"
00550130,FUN_00550130,285,0,"FUN_00430340"
00550250,FUN_00550250,862,0,"CreateFileW FUN_00401ac0 FUN_0046230c FUN_0046231d FUN_004627e2 FUN_0046d433 FUN_0046dbd9 FUN_0047a4db FUN_004d18a0 FUN_004d5330 FUN_004d5390 FUN_004d5840 FUN_004d6760 FUN_004d7300 FUN_004d7440 FUN_0055d770 FormatMessageW GetLastError LocalFree MultiByteToWideChar __alloca_probe __security_check_cookie _memset"
005505b0,FUN_005505b0,187,0,"FUN_004e7610"
00550670,FUN_00550670,213,0,"FUN_004d7510"
00550750,FUN_00550750,484,0,"FUN_00430340 FUN_0053a8c0"
00550a60,FUN_00550a60,869,0,"FUN_0046230c FUN_0046231d FUN_004627e2 FUN_004d5990 `eh_vector_destructor_iterator' thunk_FUN_0047a4db"
00550dd0,FUN_00550dd0,722,0,"FUN_004302d0 FUN_004d5a60 FUN_004d5bb0 FUN_004d5c70 FUN_00550250"
005510b0,FUN_005510b0,121,0,"FUN_004300b0 FUN_0046230c FUN_0046231d FUN_004627e2 FUN_00550250 thunk_FUN_0047a4db"
00551130,FUN_00551130,2400,0,"CloseHandle FUN_00401ac0 FUN_0046230c FUN_0046231d FUN_004627e2 FUN_00464df0 FUN_0046d433 FUN_0046dbd9 FUN_0047a4d0 FUN_0047a4db FUN_0047bd08 FUN_004d5460 FUN_004d5620 FUN_004d5750 FUN_004d6b50 FUN_0055d2d0 __security_check_cookie _memset"
00551aa0,FUN_00551aa0,125,0,"FUN_0047bd13"
00551b70,FUN_00551b70,87,0,"FUN_0046230c FUN_0046231d FUN_004627e2 thunk_FUN_0047a4db"
00551c00,FUN_00551c00,465,0,"FUN_00408130 FUN_00430620 FUN_0046230c FUN_0046231d FUN_004627e2 FUN_00464df0 FUN_0047a4db FUN_004d5840 FUN_004d7440 FUN_0055d770"
00551de0,FUN_00551de0,121,0,"FUN_00464df0 FUN_00551c00"
00551e60,FUN_00551e60,353,0,"FUN_0046230c FUN_0046231d FUN_004627e2 FUN_0047a4db"
00551fd0,FUN_00551fd0,712,0,"FUN_00430710 FUN_00464df0 FUN_0046d433 FUN_0046dbd9 FUN_004d6760 FUN_00551c00 _memset"
005522a0,FUN_005522a0,85,0,"FUN_004305c0"
00552320,FUN_00552320,52,0,"FUN_00464df0"
00552360,FUN_00552360,433,0,"FUN_00430620 FUN_00464df0 FUN_0046dbd9 FUN_004d5330 FUN_004d5460 FUN_004d5620 FUN_004d5750 FUN_004d6ce0 FUN_004d7440 FUN_004d74a0 FUN_0055d2d0"
00552530,FUN_00552530,248,0,"FUN_004e75a0"
00552630,FUN_00552630,12,0,"FUN_00552740"
00552640,FUN_00552640,247,0,"FUN_004e75a0"
00552740,FUN_00552740,418,0,"FUN_0040a670 FUN_004bb7d0 FUN_004bb8d0 FUN_004d4fa0"
005528f0,FUN_005528f0,260,0,"FUN_004067e0 FUN_0046230c FUN_0046231d FUN_004627e2 FUN_0047a20e FUN_004bb7d0 FUN_004d5990"
00552a10,FUN_00552a10,12,0,"FUN_00552a30"
00552a20,FUN_00552a20,12,0,"FUN_00553000"
00552a30,FUN_00552a30,1480,0,"FUN_004c8d30 FUN_004c9380 FUN_004ca360 FUN_004e7610 FUN_00534c70 FUN_00534d30 FUN_00535a50 FUN_00535ac0"
00553000,FUN_00553000,393,0,""
00553190,FUN_00553190,242,0,"FUN_004068d0 FUN_0046230c FUN_0046231d FUN_004627e2 FUN_004d5990"
00553290,FUN_00553290,163,0,"FUN_00404cf0 FUN_004c1c20 FUN_004d5a60 FUN_004d5bb0 FUN_004d5c70"
00553340,FUN_00553340,663,0,"FUN_00404cf0 FUN_00406f30 FUN_004c1c20 FUN_004d5a60 FUN_004d5bb0 FUN_004d5c70 FUN_004d6b50"
005535e0,FUN_005535e0,114,0,"FUN_0046230c FUN_0046231d FUN_004627e2 thunk_FUN_0047a4db"
00553660,FUN_00553660,236,0,""
00553780,FUN_00553780,12,0,"FUN_005537a0"
00553790,FUN_00553790,12,0,"FUN_005539c0"
005537a0,FUN_005537a0,541,0,"FUN_0040a250 FUN_004cb420 FUN_004cb450 FUN_004cb4c0 FUN_004cb8b0 FUN_004e7610"
005539c0,FUN_005539c0,728,0,"FUN_00402540 FUN_00402650 FUN_004026c0 FUN_0040a110 FUN_0040a250 FUN_00410270 FUN_00410850 FUN_004c1c20 FUN_004cb480 FUN_004cb830 FUN_004cb8b0 FUN_004cb960 FUN_004de830 FUN_004deba0 FUN_004e42f0 FUN_004e44e0 FUN_00505b30 FUN_00534820 FUN_00553e60"
00553cb0,FUN_00553cb0,259,0,"FUN_00409f40 FUN_0046230c FUN_0046231d FUN_004627e2 FUN_004cb3d0 FUN_004d5990"
00553e60,FUN_00553e60,87,0,"FUN_0046230c FUN_0046231d FUN_004627e2 thunk_FUN_0047a4db"
00553ec0,FUN_00553ec0,547,0,"FUN_0040a700 FUN_0046230c FUN_0046231d FUN_004627e2 FUN_004d5a60 FUN_004d5bb0 FUN_004d5c70 FUN_004d6b50 _memset thunk_FUN_0047a4db"
00554130,FUN_00554130,1038,0,"FUN_0046230c FUN_0046231d FUN_004627e2 FUN_0047a070 FUN_0047a0c0 FUN_0047a200 FUN_005059e0"
00554540,FUN_00554540,441,0,"FUN_0040c450 FUN_0040c910 FUN_0046230c FUN_0046231d FUN_004627e2 FUN_004d6b50 FUN_005059e0 thunk_FUN_0047a4db"
00554700,FUN_00554700,336,0,"FUN_00408130 FUN_004e7610"
00554850,FUN_00554850,2241,0,"FUN_00401a60 FUN_00402540 FUN_00404810 FUN_00405530 FUN_00408130 FUN_0040a670 FUN_00410850 FUN_00431530 FUN_00431620 FUN_004316b0 FUN_004bb8d0 FUN_004cb7a0 FUN_004cb830 FUN_004cb8b0 FUN_004cd2e0 FUN_004d0990 FUN_004d4fa0 FUN_004d5040 FUN_00505b30 FUN_00507ca0 FUN_00534820 FUN_0055c420 FUN_0055c460 _memset"
00555150,FUN_00555150,92,0,"FUN_0046d433"
005551b0,FUN_005551b0,74,0,""
00555200,FUN_00555200,2869,0,"FUN_00401a60 FUN_00403fa0 FUN_00405530 FUN_0040a670 FUN_0040e160 FUN_00431620 FUN_004316b0 FUN_004babe0 FUN_004bb8d0 FUN_004cb420 FUN_004cb450 FUN_004cb830 FUN_004cb8b0 FUN_004cb960 FUN_004cd610 FUN_004d0990 FUN_004d4fa0 FUN_004d5040 FUN_004d6760 FUN_004d74a0 FUN_005347a0 FUN_005349e0 FUN_00555150 FUN_005551b0 _fabs"
00555d50,FUN_00555d50,252,0,"FUN_00405530 FUN_004316b0 FUN_004cb830 FUN_0051e090 FUN_0051e0f0"
00555e50,FUN_00555e50,1098,0,"FUN_0047bd08 FUN_004e7610 __security_check_cookie"
00556340,FUN_00556340,8961,0,"FUN_00402540 FUN_00404230 FUN_00405530 FUN_00408130 FUN_00409f40 FUN_0040a4c0 FUN_0040a500 FUN_0040a540 FUN_0040a670 FUN_0040e160 FUN_00412d50 FUN_004132c0 FUN_00414960 FUN_004315b0 FUN_00431620 FUN_004316b0 FUN_00448e70 FUN_004493b0 FUN_0046230c FUN_0046231d FUN_004627e2 FUN_004bb8d0 FUN_004bd660 FUN_004caed0 FUN_004cafa0 FUN_004cb7a0 FUN_004cb830 FUN_004cb8b0 FUN_004cb960 FUN_004d5040 FUN_004d5090 FUN_004de2f0 FUN_004deba0 FUN_004df950 FUN_004dfce0 FUN_004e3740 FUN_004e37a0 FUN_00505b30 FUN_00522180 FUN_00534820 FUN_0055a7c0 FUN_0055bb60 FUN_00563750 _memset"
00558680,FUN_00558680,3309,0,"FUN_00401a60 FUN_00405530 FUN_0040a3b0 FUN_0040a670 FUN_00412df0 FUN_00412e30 FUN_00414960 FUN_00430e90 FUN_00430ec0 FUN_00430ee0 FUN_00430f40 FUN_00430fb0 FUN_00431000 FUN_00431620 FUN_004316b0 FUN_0046230c FUN_0046231d FUN_004627e2 FUN_004bb8d0 FUN_004cb7a0 FUN_004cb830 FUN_004d4fa0 FUN_004d5090 FUN_0051a6e0 FUN_0051a740 FUN_00534650 FUN_0055bb60 FUN_00563160 FUN_00563190 FUN_00563230 FUN_005632f0 FUN_005633c0 FUN_00563460 FUN_00563580 FUN_00567500 FUN_00567540"
005593b0,FUN_005593b0,731,0,"FUN_00401a60 FUN_00405530 FUN_0040a670 FUN_00414960 FUN_00431570 FUN_00431620 FUN_004316b0 FUN_004bb8d0 FUN_004cb7a0 FUN_004cb830 FUN_004d4fa0 FUN_004d5090 FUN_0055bb60"
005596a0,FUN_005596a0,1140,0,"FUN_00405530 FUN_0040a540 FUN_0040a670 FUN_0040e510 FUN_00414960 FUN_00430300 FUN_00431620 FUN_004316b0 FUN_00448e70 FUN_004493b0 FUN_0046230c FUN_0046231d FUN_004627e2 FUN_004bb8d0 FUN_004cafa0 FUN_004cb7a0 FUN_004cb830 FUN_004d4fa0 FUN_004d5040 FUN_004d5090 FUN_00559b30 FUN_00559b80 FUN_0055bb60 FUN_00563600 FUN_00563750"
00559b30,FUN_00559b30,78,0,""
00559b80,FUN_00559b80,103,0,""
00559bf0,FUN_00559bf0,167,0,"FUN_004316b0 FUN_005238a0"
00559ca0,FUN_00559ca0,189,0,"FUN_004316b0 FUN_0051a740"
00559d60,FUN_00559d60,189,0,"FUN_004316b0 FUN_0051a740"
00559e20,FUN_00559e20,189,0,"FUN_004316b0 FUN_0051a740"
00559ee0,FUN_00559ee0,184,0,"FUN_004316b0 FUN_004cb7a0 FUN_005372f0"
00559fa0,FUN_00559fa0,367,0,"FUN_00408130 FUN_004e5640 FUN_004e7610"
0055a110,FUN_0055a110,1623,0,"FUN_00401a60 FUN_00402650 FUN_00404810 FUN_00405530 FUN_0040a3b0 FUN_0040a670 FUN_00410850 FUN_00416b50 FUN_00430c00 FUN_004315e0 FUN_00431620 FUN_00431680 FUN_004316b0 FUN_004b8b80 FUN_004bb8d0 FUN_004cb7a0 FUN_004cb830 FUN_004cb8b0 FUN_004cb960 FUN_004d4fa0 FUN_004d5090 FUN_00505b30 FUN_00534820 FUN_0055a7c0 FUN_0055bb60"
0055a7c0,FUN_0055a7c0,176,0,"FUN_00402540 FUN_00408130 FUN_005364e0 FUN_005369b0"
0055a870,FUN_0055a870,446,0,"FUN_00408130 FUN_004e5640 FUN_004e7610 FUN_00554700 FUN_00555e50"
0055aa60,FUN_0055aa60,12,0,"FUN_0055ac60"
0055aa70,FUN_0055aa70,446,0,"FUN_00408130 FUN_004e5640 FUN_004e7610 FUN_00554700 FUN_00555e50"
0055ac60,FUN_0055ac60,2626,0,"FUN_004026c0 FUN_00404810 FUN_00405530 FUN_0040a670 FUN_0040c450 FUN_0040c910 FUN_0040e510 FUN_0040eee0 FUN_004107f0 FUN_004302d0 FUN_00430300 FUN_004316b0 FUN_0046230c FUN_0046231d FUN_004627e2 FUN_004b9f00 FUN_004cb550 FUN_004cb7a0 FUN_004cb830 FUN_004cb960 FUN_004d5090 FUN_004d6b50 FUN_004de2f0 FUN_005059e0 FUN_00507c40 FUN_0051a740 FUN_0051e090 FUN_0051e0f0 FUN_005238a0 FUN_005346b0 FUN_005347a0 FUN_005349e0 FUN_005372f0 FUN_00554130 FUN_00554850 FUN_00555200 FUN_00556340 FUN_00558680 FUN_005593b0 FUN_005596a0 FUN_0055a110 thunk_FUN_0047a4db"
0055b700,FUN_0055b700,605,0,"FUN_004067e0 FUN_0040c910 FUN_0046230c FUN_0046231d FUN_004627e2 FUN_0047a20e FUN_0047a4db FUN_004b8b80 FUN_004cb830 FUN_004cdc10 FUN_004d5990 thunk_FUN_0047a4db"
0055b970,FUN_0055b970,182,0,"FUN_004ce870 FUN_004d5a60 FUN_004d5bb0 FUN_004d5c70 FUN_004d6be0"
0055bb60,FUN_0055bb60,217,0,"FUN_00404690 FUN_004cafa0 FUN_004cb8b0"
0055bc40,FUN_0055bc40,93,0,"FUN_0046230c FUN_0046231d FUN_004627e2 thunk_FUN_0047a4db"
0055bca0,FUN_0055bca0,324,0,"FUN_00410760 FUN_00431030 FUN_0046230c FUN_0046231d FUN_004627e2 FUN_0047a20e FUN_004d6b50 __beginthreadex operator_new"
0055be50,FUN_0055be50,44,0,""
0055be80,FUN_0055be80,92,0,"FUN_0046d433"
0055bee0,FUN_0055bee0,74,0,""
0055bf40,FUN_0055bf40,12,0,"FUN_0055bf60"
0055bf60,FUN_0055bf60,493,0,"FUN_004026c0 FUN_0040a8e0 FUN_00431b60 FUN_0046230c FUN_0046231d FUN_004627e2 FUN_004bb8d0 FUN_004cb3d0 FUN_004cb8b0 FUN_004cb960 FUN_004cd2e0 FUN_0055be50 thunk_FUN_0047a4db"
0055c150,FUN_0055c150,87,0,"FUN_0046230c FUN_0046231d FUN_004627e2 thunk_FUN_0047a4db"
0055c1b0,FUN_0055c1b0,245,0,"FUN_0040ab50 FUN_0046230c FUN_0046231d FUN_004627e2 FUN_004d5990"
0055c2b0,FUN_0055c2b0,354,0,"FUN_0040ae00 FUN_004ce870 FUN_004d5a60 FUN_004d5bb0 FUN_004d5c70 FUN_004d6b50 FUN_004d6be0"
0055c420,FUN_0055c420,64,0,""
0055c460,FUN_0055c460,83,0,""
0055c4c0,FUN_0055c4c0,741,0,"FUN_00416330 FUN_00431750 FUN_0046230c FUN_0046231d FUN_004627e2 FUN_0046d433 FUN_0047a4db FUN_004ce870 FUN_004d6760 FUN_004d6be0 FUN_0055be80 FUN_0055bee0 __security_check_cookie"
0055c820,FUN_0055c820,511,0,"FUN_00402540 FUN_00402860 FUN_00408130 FUN_0040ae00 FUN_004628f6 FUN_004d6b50 FUN_0055c2b0"
0055ca20,FUN_0055ca20,226,0,"FUN_004647ae FUN_00464d4e FUN_0046d5c1 FUN_0047bd7b GetModuleFileNameW MultiByteToWideChar __security_check_cookie _memset"
0055cb10,FUN_0055cb10,117,0,"FUN_004d7440 FUN_004d74a0"
0055cb90,FUN_0055cb90,38,0,"SetFilePointer"
0055cbc0,FUN_0055cbc0,21,0,"GetFileSize"
0055cbe0,FUN_0055cbe0,25,0,"SetFilePointer"
0055cc00,FUN_0055cc00,64,0,"WriteFile"
0055cc40,FUN_0055cc40,58,0,"ReadFile"
0055cc80,FUN_0055cc80,34,0,"CloseHandle"
0055ccb0,FUN_0055ccb0,406,0,"CreateFileW FUN_004647ae FUN_00464d4e FUN_0046d5c1 FUN_0047bd7b GetModuleFileNameW MultiByteToWideChar SetFilePointer __security_check_cookie _memset"
0055ce50,FUN_0055ce50,46,0,"CloseHandle"
0055ce80,FUN_0055ce80,218,0,"CloseHandle FUN_00464c00 FUN_0055ccb0 FUN_0055d170 FUN_0055e690 GetFileSize"
0055cf60,FUN_0055cf60,514,0,"CloseHandle FUN_00464c00 FUN_004d7440 FUN_004d74a0 FUN_0055cb90 FUN_0055cbc0 FUN_0055cbe0 FUN_0055cc40 FUN_0055ccb0 FUN_0055d170 FUN_0055e6e0 GetFileSize ReadFile SetFilePointer"
0055d170,FUN_0055d170,215,0,"FUN_00464c00 FUN_0046d433 __security_check_cookie"
0055d250,FUN_0055d250,26,0,"FUN_00464c00"
0055d2d0,FUN_0055d2d0,1184,0,"FUN_00431c40 FUN_00431cc0 FUN_00431d20 FUN_004d7440 _memset"
0055d770,FUN_0055d770,467,0,"FUN_004d7440"
0055d950,FUN_0055d950,109,0,""
0055d9c0,FUN_0055d9c0,4,0,""
0055d9d0,FUN_0055d9d0,7,0,""
0055d9e0,FUN_0055d9e0,89,0,"FUN_00464df0"
0055da40,FUN_0055da40,107,0,"FUN_0046230c FUN_0046231d FUN_004627e2 FUN_0047a4db"
0055dab0,FUN_0055dab0,219,0,"CloseHandle FUN_00464c00 FUN_0055ccb0 FUN_0055cf60 FUN_0055d170 FUN_0055e690 GetFileSize"
0055db90,FUN_0055db90,167,0,"FUN_0046230c FUN_0046231d FUN_004627e2 FUN_0047a4db"
0055dc40,FUN_0055dc40,224,0,"FUN_00464df0 FUN_004d7440 FindResourceW FreeResource LoadResource LockResource MultiByteToWideChar SizeofResource __security_check_cookie _memset"
0055dd30,FUN_0055dd30,3,0,""
0055dd40,FUN_0055dd40,139,0,"FUN_0046230c FUN_0046231d FUN_004627e2 FUN_0047a4db"
0055dde0,FUN_0055dde0,79,0,"FUN_0046d433 FUN_004d7440"
0055de30,FUN_0055de30,426,0,"FUN_0046230c FUN_0046231d FUN_004627e2 FUN_004633f2 FUN_0046d433 FUN_004d7440 `eh_vector_constructor_iterator'"
0055dfe0,FUN_0055dfe0,935,0,"FUN_0046230c FUN_0046231d FUN_004627e2 FUN_004633f2 FUN_0046d433 FUN_0047a4db FUN_004d5840 FUN_004d7440 FUN_004d74a0 FUN_0055d770 __security_check_cookie `eh_vector_constructor_iterator' thunk_FUN_0047a4db"
0055e390,FUN_0055e390,63,0,"FUN_0047d37c"
0055e3d0,FUN_0055e3d0,257,0,"FUN_004d6b50 FUN_0055ccb0 FUN_0055dd30 FUN_0055dde0 FUN_0055dfe0 FUN_0055e4e0 GetCurrentDirectoryW __security_check_cookie"
0055e4e0,FUN_0055e4e0,355,0,"FUN_0046230c FUN_0046231d FUN_004627e2 FUN_00463589 FUN_0047a4db FUN_0055dd30 `eh_vector_destructor_iterator' thunk_FUN_0047a4db"
0055e650,FUN_0055e650,54,0,"FUN_0055e4e0"
0055e690,FUN_0055e690,68,0,"FUN_0047d37c"
0055e6e0,FUN_0055e6e0,334,0,"FUN_004d5840 FUN_004d7440 FUN_004d74a0 FUN_0055d770 FUN_0055dd30 FUN_0055e390"
0055e870,FUN_0055e870,431,0,"FUN_0046230c FUN_0046231d FUN_004627e2 FUN_00566920 Sleep"
0055ea20,FUN_0055ea20,169,0,""
0055ead0,FUN_0055ead0,278,0,""
0055ebf0,FUN_0055ebf0,165,0,"FUN_00401a80 FUN_0046d433 __security_check_cookie"
0055eca0,FUN_0055eca0,30,0,"FUN_0046d433"
0055ecc0,FUN_0055ecc0,81,0,"FUN_004635c2 FUN_00463613 _atexit"
0055ed20,FUN_0055ed20,338,0,"FUN_0040fb20 FUN_00432ff0 FUN_004331c0 FUN_0043b140 FUN_00448e70 FUN_004493e0 FUN_00456270"
0055eee0,FUN_0055eee0,191,0,"FUN_0040ae00 FUN_004493b0 FUN_0046230c FUN_0046231d FUN_004627e2"
0055efa0,FUN_0055efa0,201,0,"FUN_0040ae00 FUN_004493b0 FUN_0046230c FUN_0046231d FUN_004627e2"
0055f070,FUN_0055f070,149,0,"FUN_0040ae00 FUN_0046230c FUN_0046231d FUN_004627e2"
0055f110,FUN_0055f110,219,0,"FUN_0046230c FUN_0046231d FUN_004627e2 FUN_0055f6c0"
0055f1f0,FUN_0055f1f0,372,0,"FUN_00448e70 FUN_004493b0 FUN_0046230c FUN_0046231d FUN_004627e2 FUN_00560f00"
0055f370,FUN_0055f370,219,0,"FUN_0046230c FUN_0046231d FUN_004627e2 FUN_00561c30"
0055f450,FUN_0055f450,384,0,"FUN_00402260 FUN_00448e70 FUN_004493b0 FUN_0046230c FUN_0046231d FUN_004627e2 FUN_00560f00 FUN_00561130 FUN_005623b0"
0055f5e0,FUN_0055f5e0,219,0,"FUN_0046230c FUN_0046231d FUN_004627e2 FUN_005624d0"
0055f6c0,FUN_0055f6c0,4297,0,"FUN_0040fb20 FUN_00412dd0 FUN_00412df0 FUN_00432d60 FUN_00432dd0 FUN_00432e70 FUN_00432ff0 FUN_004331c0 FUN_0043b140 FUN_00448e50 FUN_00448e60 FUN_00448e70 FUN_004493b0 FUN_004493e0 FUN_00456270 FUN_004e75a0 FUN_004e7610 FUN_0055ebf0 FUN_0055ed20 FUN_00560f00"
005607d0,FUN_005607d0,923,0,"FUN_004078c0 FUN_0040ae00 FUN_00431ff0 FUN_004320d0 FUN_004323d0 FUN_00432400 FUN_00432990 FUN_00432b30 FUN_00433420 FUN_00433490 FUN_0046230c FUN_0046231d FUN_004627e2 FUN_004d6b50 FUN_0055ead0 FUN_00560f00"
00560b90,FUN_00560b90,285,0,"FUN_0040fb20 FUN_004320d0 FUN_00432b30 FUN_004493e0 FUN_0046230c FUN_0046231d FUN_004627e2 FUN_00563600"
00560cb0,FUN_00560cb0,238,0,"FUN_004320d0 FUN_00432b30 FUN_0046230c FUN_0046231d FUN_004627e2"
00560da0,FUN_00560da0,170,0,"FUN_004320d0 FUN_00432b30 FUN_0046230c FUN_0046231d FUN_004627e2"
00560e50,FUN_00560e50,170,0,"FUN_004320d0 FUN_00432b30 FUN_0046230c FUN_0046231d FUN_004627e2"
00560f00,FUN_00560f00,548,0,"FUN_0040ae00 FUN_004320d0 FUN_00432b30 FUN_00433420 FUN_0046230c FUN_0046231d FUN_004627e2 FUN_0055ea20"
00561130,FUN_00561130,430,0,"FUN_004320d0 FUN_00432400 FUN_00432b30 FUN_0046230c FUN_0046231d FUN_004627e2"
005612e0,FUN_005612e0,156,0,"FUN_00448e70 FUN_004493b0 FUN_00560f00"
00561380,FUN_00561380,158,0,"FUN_00402260 FUN_00448e70 FUN_004493b0 FUN_00560f00 FUN_00561130 FUN_005623b0"
00561440,FUN_00561440,2018,0,"FUN_0040fb20 FUN_004320d0 FUN_00432260 FUN_00432990 FUN_00432b30 FUN_00432ce0 FUN_00432ee0 FUN_004330a0 FUN_00436e70 FUN_00436f50 FUN_00448e70 FUN_004493e0 FUN_0046230c FUN_0046231d FUN_004627e2 FUN_00560f00 FUN_00561130 FUN_00563600 FUN_00566920 Sleep thunk_FUN_0047a4db"
00561c30,FUN_00561c30,1840,0,"FUN_0040a8e0 FUN_0040ae00 FUN_00412dd0 FUN_00430ec0 FUN_00432b00 FUN_00432ee0 FUN_00436cf0 FUN_00436f50 FUN_004493b0 FUN_00452b10 FUN_0046230c FUN_0046231d FUN_004627e2 FUN_004632af FUN_004b7c80 FUN_004cb8b0 FUN_004cd2e0 FUN_0055eee0 FUN_00563580 FUN_00565b90 FUN_00565da0 FUN_00566050 FUN_00566220 FUN_005664d0 FUN_00566870 FUN_005668f0 FUN_00566920 _memset"
005623b0,FUN_005623b0,285,0,"FUN_0046230c FUN_0046231d FUN_004627e2 FUN_004b7c80 FUN_00561440"
005624d0,FUN_005624d0,1128,0,"FUN_004320d0 FUN_004323d0 FUN_00432400 FUN_00432b30 FUN_00448e70 FUN_0046230c FUN_0046231d FUN_004627e2 FUN_0055ead0 FUN_00560f00 FUN_005623b0 FUN_005633c0"
00562940,FUN_00562940,948,0,"FUN_004067e0 FUN_0040ab50 FUN_0040ae00 FUN_00413a10 FUN_00432ee0 FUN_0046230c FUN_0046231d FUN_004627e2 FUN_0047a20e FUN_0047a4db FUN_004cdc10 FUN_004d5990 FUN_00561c30 FUN_00566920 Sleep"
00562d00,FUN_00562d00,1065,0,"FUN_0040ae00 FUN_00410760 FUN_0046230c FUN_0046231d FUN_004627e2 FUN_004635c2 FUN_00463613 FUN_0046d433 FUN_0047a20e FUN_004cb8b0 FUN_004cb960 FUN_004cd610 FUN_004ce490 FUN_004ce900 FUN_004d5a60 FUN_004d5bb0 FUN_004d5c70 FUN_004d6b50 FUN_004d6be0 FUN_00566990 __beginthreadex _atexit operator_new"
00563130,FUN_00563130,36,0,""
00563160,FUN_00563160,43,0,""
00563190,FUN_00563190,151,0,"FUN_00402860 FUN_00432430 FUN_004d6b50 FUN_00562d00"
00563230,FUN_00563230,191,0,"FUN_0040ae00 FUN_004493b0 FUN_0046230c FUN_0046231d FUN_004627e2"
005632f0,FUN_005632f0,201,0,"FUN_0040ae00 FUN_004493b0 FUN_0046230c FUN_0046231d FUN_004627e2"
005633c0,FUN_005633c0,156,0,"FUN_0040ae00 FUN_0046230c FUN_0046231d FUN_004627e2"
00563460,FUN_00563460,277,0,"FUN_0040ae00 FUN_004320d0 FUN_00432b30 FUN_0046230c FUN_0046231d FUN_004627e2 FUN_004d6b50"
00563580,FUN_00563580,93,0,"FUN_0046230c FUN_0046231d FUN_004627e2 thunk_FUN_0047a4db"
00563600,FUN_00563600,330,0,""
00563750,FUN_00563750,246,0,"FUN_00448e70 FUN_004493b0 FUN_0046230c FUN_0046231d FUN_004627e2"
00563850,FUN_00563850,996,0,"FUN_0040fb20 FUN_00436b80 FUN_00436c50 FUN_00436e70 FUN_00436f50 FUN_004374e0 FUN_00437710 FUN_004377b0 FUN_00437840 FUN_004383e0 FUN_0043b140"
00563c40,FUN_00563c40,276,0,"FUN_0040fb20 FUN_00435ca0 FUN_00436f50 FUN_004383e0"
00563d60,FUN_00563d60,276,0,"FUN_0040fb20 FUN_00435ca0 FUN_00436f50 FUN_004383e0"
00563e80,FUN_00563e80,155,0,"FUN_0040fb20 FUN_00436e70 FUN_00436f50"
00563f20,FUN_00563f20,155,0,"FUN_0040fb20 FUN_00436e70 FUN_00436f50"
00563fc0,FUN_00563fc0,429,0,"FUN_0040fb20 FUN_00436b80 FUN_00436c50 FUN_00436e70 FUN_00436f50 FUN_004374e0 FUN_00437840 FUN_00566920"
00564170,FUN_00564170,605,0,"FUN_0040fb20 FUN_00435b60 FUN_00435c00 FUN_00436b80 FUN_00436c50 FUN_00436e70 FUN_00436f50 FUN_00436fb0 FUN_004374e0 FUN_00437840 FUN_00448e70 FUN_00454ce0 FUN_00566920"
005643d0,FUN_005643d0,535,0,"FUN_0040fb20 FUN_00435b60 FUN_00435c00 FUN_00436e70 FUN_00436f50 FUN_00436fb0 FUN_004374e0 FUN_00448e70 FUN_00454ce0 FUN_00566920"
005645f0,FUN_005645f0,605,0,"FUN_0040fb20 FUN_00435b60 FUN_00435c00 FUN_00436b80 FUN_00436c50 FUN_00436e70 FUN_00436f50 FUN_00436fb0 FUN_004374e0 FUN_00437840 FUN_00448e70 FUN_00454ce0 FUN_00566920"
00564850,FUN_00564850,605,0,"FUN_0040fb20 FUN_00435b60 FUN_00435c00 FUN_00436b80 FUN_00436c50 FUN_00436e70 FUN_00436f50 FUN_00436fb0 FUN_004374e0 FUN_00437840 FUN_00448e70 FUN_00454ce0 FUN_00566920"
00564ab0,FUN_00564ab0,605,0,"FUN_0040fb20 FUN_00435b60 FUN_00435c00 FUN_00436b80 FUN_00436c50 FUN_00436e70 FUN_00436f50 FUN_00436fb0 FUN_004374e0 FUN_00437840 FUN_00448e70 FUN_00454ce0 FUN_00566920"
00564d10,FUN_00564d10,184,0,"FUN_0040fb20 FUN_00436e70 FUN_00436f50 FUN_00566920"
00564dd0,FUN_00564dd0,723,0,"FUN_0040fb20 FUN_00433130 FUN_00435b60 FUN_00436f50 FUN_00436fb0 FUN_004377b0 FUN_00449590 FUN_00566220 FUN_00566920"
005650b0,FUN_005650b0,337,0,"FUN_0040fb20 FUN_00435ac0 FUN_00436b80 FUN_00436c50 FUN_00436e70 FUN_00436f50 FUN_004374e0 FUN_00437840"
00565210,FUN_00565210,424,0,"FUN_0040fb20 FUN_00433130 FUN_00434440 FUN_00435ac0 FUN_00436b80 FUN_00436c50 FUN_00436e70 FUN_00436f50 FUN_004374e0 FUN_004377b0 FUN_00437840"
005653c0,FUN_005653c0,287,0,"FUN_0040fb20 FUN_00435ac0 FUN_00436b80 FUN_00436c50 FUN_00436e70 FUN_00436f50 FUN_00437410 FUN_00437840"
005654e0,FUN_005654e0,213,0,"FUN_0040fb20 FUN_00433130 FUN_00435ac0 FUN_00436e70 FUN_00436f50"
005655c0,FUN_005655c0,213,0,"FUN_0040fb20 FUN_00433130 FUN_00435ac0 FUN_00436e70 FUN_00436f50"
005656a0,FUN_005656a0,227,0,"FUN_0040fb20 FUN_00435ac0 FUN_00436e70 FUN_00436f50 FUN_00566920"
00565790,FUN_00565790,27,0,""
005657b0,FUN_005657b0,250,0,"FUN_00435950 FUN_00435a30 FUN_004383d0 FUN_00438b00 FUN_0043c4e0 FUN_005607d0"
005658b0,FUN_005658b0,307,0,"FUN_00435250 FUN_00435950 FUN_004366f0 FUN_004383d0 FUN_00438b00 FUN_00439e10 FUN_00439e50 FUN_00439e60 FUN_00439e70 FUN_0043c4e0 FUN_005607d0"
005659f0,FUN_005659f0,344,0,"FUN_00433be0 FUN_00435470 FUN_0043b070 FUN_0043d730 FUN_00458f90 FUN_004590e0 FUN_00459150 FUN_004635c2 FUN_00463613"
00565b50,FUN_00565b50,49,0,"FUN_00566920"
00565b90,FUN_00565b90,500,0,"FUN_00436cf0 FUN_00436e70 FUN_00436f50 FUN_00437e90 FUN_004383d0 FUN_00438b00 FUN_00457070 FUN_00457190 FUN_004575b0 FUN_00457690 FUN_004577b0 FUN_00457800 FUN_00457820 FUN_00566920"
00565da0,FUN_00565da0,683,0,"FUN_00433a30 FUN_00434970 FUN_00434da0 FUN_00435d40 FUN_00436b80 FUN_00436c50 FUN_00436cf0 FUN_00436e70 FUN_00436f50 FUN_004374e0 FUN_00437840 FUN_004383d0 FUN_0043b040 FUN_00456d20 FUN_00457fb0 FUN_00458170 FUN_00458430 FUN_00458450 FUN_00458470 FUN_00566920 _memset"
00566050,FUN_00566050,454,0,"FUN_00434970 FUN_00434da0 FUN_00436b80 FUN_00436c50 FUN_00436e70 FUN_00436f50 FUN_00437410 FUN_004374e0 FUN_004377b0 FUN_00437840 FUN_004383d0 FUN_00566920"
00566220,FUN_00566220,679,0,"FUN_00433a30 FUN_00434970 FUN_00434da0 FUN_00435d40 FUN_00436b80 FUN_00436c50 FUN_00436cf0 FUN_00436e70 FUN_00436f50 FUN_004374e0 FUN_00437840 FUN_004383d0 FUN_0043b040 FUN_00456d20 FUN_00457fb0 FUN_00458170 FUN_00458430 FUN_00458450 FUN_00458470 FUN_00566920 _memset"
005664d0,FUN_005664d0,923,0,"FUN_00433a30 FUN_00434970 FUN_00434da0 FUN_00435d40 FUN_00436b80 FUN_00436c50 FUN_00436cf0 FUN_00436e70 FUN_00436f50 FUN_004374e0 FUN_00437840 FUN_004383d0 FUN_0043b040 FUN_00456d20 FUN_00457820 FUN_00457fb0 FUN_00458170 FUN_00458430 FUN_00458450 FUN_00458470 FUN_00566920 _memset"
00566870,FUN_00566870,118,0,"FUN_00436e70 FUN_00436f50"
005668f0,FUN_005668f0,38,0,"FUN_00566920"
00566920,FUN_00566920,105,0,"FUN_0040fb20 FUN_0043b140"
00566990,FUN_00566990,809,0,"FUN_0040f860 FUN_00435250 FUN_00436c50 FUN_00436e70 FUN_00436f50 FUN_0043b070 FUN_0043b080 FUN_0043b260 FUN_0043bb50 FUN_0043d730 FUN_004456c0 FUN_00452ad0 FUN_00456c80 FUN_00456cc0 FUN_00456d10 FUN_00456d20 FUN_004635c2 FUN_00463613 FUN_00566920 timeGetTime"
00566cc0,FUN_00566cc0,1715,0,"FUN_0040a670 FUN_0040a700 FUN_00413a10 FUN_00430ee0 FUN_00436cf0 FUN_00436f50 FUN_004383d0 FUN_004493e0 FUN_004594c0 FUN_004597e0 FUN_0046230c FUN_0046231d FUN_004627e2 FUN_0046d433 FUN_004d4fa0 Sleep __security_check_cookie _memset"
00567400,FUN_00567400,255,0,"FUN_0046230c FUN_0046231d FUN_004627e2 FUN_004632af _memset"
00567500,FUN_00567500,50,0,"FUN_00436820"
00567540,FUN_00567540,50,0,"FUN_00436820"
00567590,FUN_00567590,12,0,"FUN_005675b0"
005675a0,FUN_005675a0,12,0,"FUN_005679b0"
005675b0,FUN_005675b0,1011,0,"FUN_00408130 FUN_004e75a0"
005679b0,FUN_005679b0,1889,0,"FUN_00401a60 FUN_0040a670 FUN_0040ae00 FUN_00430e90 FUN_00430ec0 FUN_004320d0 FUN_00432990 FUN_00432b30 FUN_00448e70 FUN_004493b0 FUN_0046230c FUN_0046231d FUN_004627e2 FUN_004bb8d0 FUN_004d4fa0 FUN_0055eee0 FUN_00563190 FUN_00563230 FUN_005632f0 FUN_005633c0 FUN_00563460 FUN_00563750 FUN_00567500 FUN_00567540"
00568160,FUN_00568160,245,0,"FUN_0046230c FUN_0046231d FUN_004627e2 FUN_004cdc10 FUN_004d5990 FUN_00563580"
00568260,FUN_00568260,3,0,""
005682a0,FUN_005682a0,39,0,""
005682d0,FUN_005682d0,288,0,"FUN_00411030 FUN_004d6b50 FUN_0056b140"
005683f0,FUN_005683f0,70,0,""
00568440,FUN_00568440,250,0,""
00568540,FUN_00568540,191,0,""
00568600,FUN_00568600,262,0,""
00568710,FUN_00568710,192,0,""
005687d0,FUN_005687d0,10219,0,"FUN_00402540 FUN_004027a0 FUN_00402c30 FUN_00404420 FUN_00404450 FUN_0047a070 FUN_0047a0c0 FUN_0047a200 FUN_0047a500 FUN_005682d0 FUN_00568540 FUN_0056b140 FUN_0056b650 FUN_0056b700 FUN_0056b770 FUN_0056b870 FUN_0056bef0"
0056b140,FUN_0056b140,923,0,"FUN_00436a40 FUN_00568260 FUN_00568540"
0056b4e0,FUN_0056b4e0,358,0,"FUN_0046230c FUN_0046231d FUN_004627e2 FUN_005687d0 thunk_FUN_0047a4db"
0056b650,FUN_0056b650,167,0,""
0056b700,FUN_0056b700,109,0,""
0056b770,FUN_0056b770,243,0,""
0056b870,FUN_0056b870,141,0,""
0056b900,FUN_0056b900,165,0,""
0056b9b0,FUN_0056b9b0,239,0,""
0056bab0,FUN_0056bab0,136,0,""
0056bb40,FUN_0056bb40,113,0,"FUN_00436a40"
0056bc00,FUN_0056bc00,79,0,""
0056bc50,FUN_0056bc50,92,0,""
0056bcb0,FUN_0056bcb0,508,0,"FUN_00464df0 FUN_004d7440 FUN_004d74a0"
0056beb0,FUN_0056beb0,49,0,"FUN_00436a40"
0056bef0,FUN_0056bef0,50,0,""
0056bf30,FUN_0056bf30,43,0,"FUN_00436a40"
0056bf60,FUN_0056bf60,121,0,"dtol3_getbits"
0056bfa8,dtol3_getbits,54,0,""
0056c010,FUN_0056c010,66,0,""
0056c100,Unwind@0056c100,25,0,"FUN_00406710"
0056c150,Unwind@0056c150,8,0,"guard_check_icall"
0056c180,Unwind@0056c180,8,0,"FUN_00405f10"
0056c188,Unwind@0056c188,8,0,"guard_check_icall"
0056c190,Unwind@0056c190,8,0,"guard_check_icall"
0056c1c0,Unwind@0056c1c0,8,0,"guard_check_icall"
0056c1f0,Unwind@0056c1f0,8,0,"guard_check_icall"
0056c240,Unwind@0056c240,25,0,"FUN_00406540"
0056c290,Unwind@0056c290,8,0,"FUN_004018b0"
0056c360,Unwind@0056c360,8,0,"FUN_00401db0"
0056c390,Unwind@0056c390,8,0,"FUN_00401db0"
0056c398,Unwind@0056c398,8,0,"FUN_00407ae0"
0056c470,Unwind@0056c470,8,0,"FUN_00401db0"
0056c478,Unwind@0056c478,8,0,"FUN_0040c400"
0056c4b0,Unwind@0056c4b0,8,0,"FUN_00401db0"
0056c4e0,Unwind@0056c4e0,8,0,"FUN_0040d480"
0056c530,Unwind@0056c530,14,0,"FUN_00406880"
0056c5a0,Unwind@0056c5a0,8,0,"FUN_004018b0"
0056c5a8,Unwind@0056c5a8,8,0,"FUN_004018b0"
0056c5b0,Unwind@0056c5b0,8,0,"FUN_004106a0"
0056c660,Unwind@0056c660,8,0,"FUN_00415310"
0056c690,Unwind@0056c690,8,0,"FUN_004152a0"
0056c6c0,Unwind@0056c6c0,8,0,"FUN_00415230"
0056c6f0,Unwind@0056c6f0,8,0,"FUN_004151c0"
0056c720,Unwind@0056c720,8,0,"FUN_00415160"
0056c750,Unwind@0056c750,8,0,"FUN_00401db0"
0056c7a0,Unwind@0056c7a0,8,0,"FUN_00401db0"
0056c7f0,Unwind@0056c7f0,8,0,"guard_check_icall"
0056c820,Unwind@0056c820,10,0,"FUN_004075e0"
0056c82a,Unwind@0056c82a,10,0,"FUN_004075e0"
0056c834,Unwind@0056c834,10,0,"FUN_004075e0"
0056c83e,Unwind@0056c83e,10,0,"FUN_004075e0"
0056c848,Unwind@0056c848,10,0,"FUN_004075e0"
0056c852,Unwind@0056c852,10,0,"FUN_004075e0"
0056c85c,Unwind@0056c85c,10,0,"FUN_004075e0"
0056c866,Unwind@0056c866,10,0,"FUN_004075e0"
0056c870,Unwind@0056c870,10,0,"FUN_004075e0"
0056c87a,Unwind@0056c87a,10,0,"FUN_004075e0"
0056c884,Unwind@0056c884,10,0,"FUN_004075e0"
0056c88e,Unwind@0056c88e,10,0,"FUN_004075e0"
0056c898,Unwind@0056c898,10,0,"FUN_004075e0"
0056c8a2,Unwind@0056c8a2,10,0,"FUN_004075e0"
0056c8ac,Unwind@0056c8ac,10,0,"FUN_004075e0"
0056c8b6,Unwind@0056c8b6,10,0,"FUN_004075e0"
0056c8c0,Unwind@0056c8c0,10,0,"FUN_004075e0"
0056c8ca,Unwind@0056c8ca,10,0,"FUN_004075e0"
0056c8d4,Unwind@0056c8d4,10,0,"FUN_004075e0"
0056c8de,Unwind@0056c8de,10,0,"FUN_004075e0"
0056c8e8,Unwind@0056c8e8,10,0,"FUN_004075e0"
0056c8f2,Unwind@0056c8f2,10,0,"FUN_004075e0"
0056c8fc,Unwind@0056c8fc,10,0,"FUN_004075e0"
0056c906,Unwind@0056c906,10,0,"FUN_004075e0"
0056c910,Unwind@0056c910,10,0,"FUN_004075e0"
0056c91a,Unwind@0056c91a,10,0,"FUN_004075e0"
0056c924,Unwind@0056c924,10,0,"FUN_004075e0"
0056c92e,Unwind@0056c92e,10,0,"FUN_004075e0"
0056c938,Unwind@0056c938,10,0,"FUN_004075e0"
0056c942,Unwind@0056c942,10,0,"FUN_004075e0"
0056c94c,Unwind@0056c94c,10,0,"FUN_004075e0"
0056c956,Unwind@0056c956,10,0,"FUN_004075e0"
0056c960,Unwind@0056c960,10,0,"FUN_004075e0"
0056c96a,Unwind@0056c96a,10,0,"FUN_004075e0"
0056c974,Unwind@0056c974,10,0,"FUN_004075e0"
0056c97e,Unwind@0056c97e,10,0,"FUN_004075e0"
0056c988,Unwind@0056c988,10,0,"FUN_004075e0"
0056c992,Unwind@0056c992,10,0,"FUN_004075e0"
0056c99c,Unwind@0056c99c,10,0,"FUN_004075e0"
0056c9a6,Unwind@0056c9a6,10,0,"FUN_004075e0"
0056c9b0,Unwind@0056c9b0,10,0,"FUN_004075e0"
0056c9ba,Unwind@0056c9ba,10,0,"FUN_004075e0"
0056c9c4,Unwind@0056c9c4,10,0,"FUN_004075e0"
0056c9ce,Unwind@0056c9ce,10,0,"FUN_004075e0"
0056c9d8,Unwind@0056c9d8,10,0,"FUN_004075e0"
0056c9e2,Unwind@0056c9e2,10,0,"FUN_004075e0"
0056c9ec,Unwind@0056c9ec,10,0,"FUN_004075e0"
0056ca20,Unwind@0056ca20,8,0,"FUN_00401db0"
0056ca70,Unwind@0056ca70,8,0,"FUN_00401db0"
0056cac0,Unwind@0056cac0,8,0,"FUN_00436f50"
0056caf0,Unwind@0056caf0,8,0,"FUN_00431f30"
0056cb20,Unwind@0056cb20,25,0,"FUN_004383d0"
0056cb39,Unwind@0056cb39,8,0,"FUN_004337c0"
0056cb41,Unwind@0056cb41,11,0,"FUN_00431f30"
0056cb4c,Unwind@0056cb4c,11,0,"FUN_00431f30"
0056cb80,Unwind@0056cb80,8,0,"FUN_004018b0"
0056cb88,Unwind@0056cb88,25,0,"FUN_004383d0"
0056cba1,Unwind@0056cba1,8,0,"FUN_0043b040"
0056cba9,Unwind@0056cba9,8,0,"FUN_00433be0"
0056cbb1,Unwind@0056cbb1,8,0,"FUN_004590e0"
0056cbb9,Unwind@0056cbb9,12,0,"FUN_00463597"
0056cbf0,Unwind@0056cbf0,8,0,"FUN_00436f50"
0056cbf8,Unwind@0056cbf8,8,0,"FUN_00436f50"
0056cc30,Unwind@0056cc30,28,0,"FUN_004383d0"
0056cc4c,Unwind@0056cc4c,11,0,"FUN_0043b040"
0056cc80,Unwind@0056cc80,25,0,"FUN_00436f50"
0056cc99,Unwind@0056cc99,8,0,"FUN_00436f50"
0056cca1,Unwind@0056cca1,8,0,"FUN_00436f50"
0056cca9,Unwind@0056cca9,8,0,"FUN_00436f50"
0056ccb1,Unwind@0056ccb1,8,0,"FUN_00436f50"
0056cce0,Unwind@0056cce0,8,0,"FUN_00436f50"
0056cd10,Unwind@0056cd10,25,0,"FUN_004383d0"
0056cd29,Unwind@0056cd29,8,0,"FUN_00433780"
0056cd60,Unwind@0056cd60,28,0,"FUN_004383d0"
0056cd7c,Unwind@0056cd7c,11,0,"FUN_0043b040"
0056cd87,Unwind@0056cd87,11,0,"FUN_00435d40"
0056cdc0,Unwind@0056cdc0,8,0,"FUN_00436f50"
0056cdc8,Unwind@0056cdc8,8,0,"FUN_00436f50"
0056cdd0,Unwind@0056cdd0,8,0,"FUN_00436f50"
0056cdd8,Unwind@0056cdd8,8,0,"FUN_00436f50"
0056ce10,Unwind@0056ce10,25,0,"FUN_00436f50"
0056ce29,Unwind@0056ce29,8,0,"FUN_00436f50"
0056ce31,Unwind@0056ce31,8,0,"FUN_00436f50"
0056ce39,Unwind@0056ce39,8,0,"FUN_00436f50"
0056ce41,Unwind@0056ce41,8,0,"FUN_00436f50"
0056ce70,Unwind@0056ce70,28,0,"FUN_004383d0"
0056ce8c,Unwind@0056ce8c,11,0,"FUN_0043b040"
0056ce97,Unwind@0056ce97,12,0,"FUN_00463597"
0056ced0,Unwind@0056ced0,28,0,"FUN_004383d0"
0056ceec,Unwind@0056ceec,11,0,"FUN_0043b040"
0056cef7,Unwind@0056cef7,12,0,"FUN_00463597"
0056cf30,Unwind@0056cf30,25,0,"FUN_00436f50"
0056cf49,Unwind@0056cf49,8,0,"FUN_00436f50"
0056cf51,Unwind@0056cf51,8,0,"FUN_00436f50"
0056cf59,Unwind@0056cf59,8,0,"FUN_00436f50"
0056cf61,Unwind@0056cf61,8,0,"FUN_00436f50"
0056cf90,Unwind@0056cf90,8,0,"FUN_00436f50"
0056cf98,Unwind@0056cf98,8,0,"FUN_00436f50"
0056cfa0,Unwind@0056cfa0,8,0,"FUN_00436f50"
0056cfa8,Unwind@0056cfa8,8,0,"FUN_00436f50"
0056cfe0,Unwind@0056cfe0,28,0,"FUN_004383d0"
0056d020,Unwind@0056d020,8,0,"FUN_00435f40"
0056d028,Unwind@0056d028,11,0,"FUN_00433ee0"
0056d033,Unwind@0056d033,28,0,"FUN_004383d0"
0056d04f,Unwind@0056d04f,25,0,"FUN_004383d0"
0056d068,Unwind@0056d068,8,0,"FUN_0043b040"
0056d070,Unwind@0056d070,8,0,"FUN_00435f60"
0056d078,Unwind@0056d078,12,0,"FUN_00463597"
0056d0b0,Unwind@0056d0b0,28,0,"FUN_004383d0"
0056d0cc,Unwind@0056d0cc,11,0,"FUN_00438b00"
0056d0d7,Unwind@0056d0d7,8,0,"FUN_00431f30"
0056d110,Unwind@0056d110,8,0,"FUN_00436f50"
0056d118,Unwind@0056d118,8,0,"FUN_00436f50"
0056d150,Unwind@0056d150,8,0,"FUN_00436f50"
0056d158,Unwind@0056d158,8,0,"FUN_00436f50"
0056d190,Unwind@0056d190,28,0,"FUN_004383d0"
0056d1ac,Unwind@0056d1ac,11,0,"FUN_0043b040"
0056d1b7,Unwind@0056d1b7,12,0,"FUN_00463597"
0056d1f0,Unwind@0056d1f0,28,0,"FUN_004383d0"
0056d20c,Unwind@0056d20c,11,0,"FUN_0043b040"
0056d217,Unwind@0056d217,12,0,"FUN_00463597"
0056d250,Unwind@0056d250,8,0,"FUN_004018b0"
0056d258,Unwind@0056d258,8,0,"FUN_004106a0"
0056d290,Unwind@0056d290,8,0,"FUN_00436f50"
0056d2c0,Unwind@0056d2c0,8,0,"FUN_004383d0"
0056d2f0,Unwind@0056d2f0,8,0,"FUN_004383d0"
0056d2f8,Unwind@0056d2f8,8,0,"FUN_00437920"
0056d300,Unwind@0056d300,8,0,"FUN_00436f50"
0056d330,Unwind@0056d330,8,0,"FUN_00437920"
0056d338,Unwind@0056d338,8,0,"FUN_00436f50"
0056d370,Unwind@0056d370,8,0,"FUN_00436f50"
0056d3c0,Unwind@0056d3c0,25,0,"FUN_00436f50"
0056d3d9,Unwind@0056d3d9,8,0,"FUN_00436f50"
0056d3e1,Unwind@0056d3e1,8,0,"FUN_00436f50"
0056d410,Unwind@0056d410,8,0,"FUN_00437920"
0056d460,Unwind@0056d460,8,0,"FUN_004383d0"
0056d468,Unwind@0056d468,8,0,"FUN_00436f50"
0056d470,Unwind@0056d470,25,0,"FUN_00436f50"
0056d489,Unwind@0056d489,8,0,"FUN_00436f50"
0056d491,Unwind@0056d491,8,0,"FUN_00436f50"
0056d4c0,Unwind@0056d4c0,8,0,"FUN_00436f50"
0056d4f0,Unwind@0056d4f0,8,0,"FUN_00437900"
0056d520,Unwind@0056d520,8,0,"FUN_00436f50"
0056d528,Unwind@0056d528,8,0,"FUN_00436f50"
0056d560,Unwind@0056d560,8,0,"FUN_00436f50"
0056d590,Unwind@0056d590,8,0,"FUN_00436f50"
0056d598,Unwind@0056d598,8,0,"FUN_00436f50"
0056d5a0,Unwind@0056d5a0,8,0,"FUN_00436f50"
0056d5a8,Unwind@0056d5a8,8,0,"FUN_00436f50"
0056d5b0,Unwind@0056d5b0,8,0,"FUN_00436f50"
0056d5e0,Unwind@0056d5e0,8,0,"FUN_00436f50"
0056d5e8,Unwind@0056d5e8,8,0,"FUN_00436f50"
0056d620,Unwind@0056d620,28,0,"FUN_004383d0"
0056d63c,Unwind@0056d63c,11,0,"FUN_0043b040"
0056d647,Unwind@0056d647,11,0,"FUN_00435d40"
0056d680,Unwind@0056d680,28,0,"FUN_004383d0"
0056d69c,Unwind@0056d69c,11,0,"FUN_0043b040"
0056d6d0,Unwind@0056d6d0,28,0,"FUN_004383d0"
0056d6ec,Unwind@0056d6ec,11,0,"FUN_0043b040"
0056d740,Unwind@0056d740,28,0,"FUN_004383d0"
0056d75c,Unwind@0056d75c,11,0,"FUN_0043b040"
0056d767,Unwind@0056d767,11,0,"FUN_00435d40"
0056d772,Unwind@0056d772,28,0,"FUN_004383d0"
0056d78e,Unwind@0056d78e,11,0,"FUN_0043b040"
0056d7c0,Unwind@0056d7c0,8,0,"FUN_00436f50"
0056d7c8,Unwind@0056d7c8,8,0,"FUN_00436f50"
0056d7d0,Unwind@0056d7d0,8,0,"FUN_00436f50"
0056d7d8,Unwind@0056d7d8,8,0,"FUN_00436f50"
0056d7e0,Unwind@0056d7e0,8,0,"FUN_00436f50"
0056d7e8,Unwind@0056d7e8,8,0,"FUN_00436f50"
0056d7f0,Unwind@0056d7f0,8,0,"FUN_00436f50"
0056d7f8,Unwind@0056d7f8,8,0,"FUN_00436f50"
0056d800,Unwind@0056d800,8,0,"FUN_00436f50"
0056d808,Unwind@0056d808,8,0,"FUN_00436f50"
0056d810,Unwind@0056d810,8,0,"FUN_00436f50"
0056d818,Unwind@0056d818,8,0,"FUN_00436f50"
0056d820,Unwind@0056d820,8,0,"FUN_00436f50"
0056d828,Unwind@0056d828,8,0,"FUN_00436f50"
0056d830,Unwind@0056d830,8,0,"FUN_00436f50"
0056d838,Unwind@0056d838,8,0,"FUN_00436f50"
0056d840,Unwind@0056d840,8,0,"FUN_00436f50"
0056d848,Unwind@0056d848,8,0,"FUN_00436f50"
0056d850,Unwind@0056d850,8,0,"FUN_00436f50"
0056d858,Unwind@0056d858,8,0,"FUN_00436f50"
0056d860,Unwind@0056d860,8,0,"FUN_00436f50"
0056d868,Unwind@0056d868,8,0,"FUN_00436f50"
0056d870,Unwind@0056d870,8,0,"FUN_00436f50"
0056d878,Unwind@0056d878,8,0,"FUN_00436f50"
0056d880,Unwind@0056d880,11,0,"FUN_00433b20"
0056d88b,Unwind@0056d88b,8,0,"FUN_00436f50"
0056d893,Unwind@0056d893,8,0,"FUN_00436f50"
0056d89b,Unwind@0056d89b,11,0,"FUN_00431f30"
0056d8a6,Unwind@0056d8a6,8,0,"FUN_00436f50"
0056d8ae,Unwind@0056d8ae,8,0,"FUN_00436f50"
0056d8b6,Unwind@0056d8b6,8,0,"FUN_00436f50"
0056d8f0,Unwind@0056d8f0,8,0,"FUN_00436f50"
0056d8f8,Unwind@0056d8f8,8,0,"FUN_00436f50"
0056d900,Unwind@0056d900,28,0,"FUN_004383d0"
0056d91c,Unwind@0056d91c,11,0,"FUN_0043b040"
0056d927,Unwind@0056d927,11,0,"FUN_00431f30"
0056d932,Unwind@0056d932,8,0,"FUN_00436f50"
0056d93a,Unwind@0056d93a,8,0,"FUN_00436f50"
0056d942,Unwind@0056d942,8,0,"FUN_00436f50"
0056d94a,Unwind@0056d94a,8,0,"FUN_00436f50"
0056d952,Unwind@0056d952,8,0,"FUN_00436f50"
0056d95a,Unwind@0056d95a,8,0,"FUN_00436f50"
0056d962,Unwind@0056d962,8,0,"FUN_00436f50"
0056d96a,Unwind@0056d96a,8,0,"FUN_00436f50"
0056d972,Unwind@0056d972,11,0,"FUN_00436f50"
0056d97d,Unwind@0056d97d,11,0,"FUN_00436f50"
0056d988,Unwind@0056d988,11,0,"FUN_00436f50"
0056d993,Unwind@0056d993,11,0,"FUN_00436f50"
0056d99e,Unwind@0056d99e,11,0,"FUN_00436f50"
0056d9a9,Unwind@0056d9a9,11,0,"FUN_00436f50"
0056d9b4,Unwind@0056d9b4,11,0,"FUN_00436f50"
0056d9bf,Unwind@0056d9bf,11,0,"FUN_00436f50"
0056d9ca,Unwind@0056d9ca,8,0,"FUN_00436f50"
0056d9d2,Unwind@0056d9d2,8,0,"FUN_00436f50"
0056d9da,Unwind@0056d9da,11,0,"FUN_00436f50"
0056da10,Unwind@0056da10,8,0,"FUN_004383d0"
0056da40,Unwind@0056da40,8,0,"FUN_00436f50"
0056da48,Unwind@0056da48,8,0,"FUN_00437920"
0056da50,Unwind@0056da50,25,0,"FUN_00436f50"
0056da90,Unwind@0056da90,11,0,"FUN_00436f50"
0056da9b,Unwind@0056da9b,11,0,"FUN_00436f50"
0056daa6,Unwind@0056daa6,8,0,"FUN_00436f50"
0056daae,Unwind@0056daae,8,0,"FUN_00436f50"
0056dab6,Unwind@0056dab6,8,0,"FUN_00436f50"
0056dabe,Unwind@0056dabe,8,0,"FUN_00436f50"
0056dac6,Unwind@0056dac6,8,0,"FUN_00436f50"
0056dace,Unwind@0056dace,8,0,"FUN_00436f50"
0056dad6,Unwind@0056dad6,8,0,"FUN_00436f50"
0056dade,Unwind@0056dade,8,0,"FUN_00436f50"
0056dae6,Unwind@0056dae6,8,0,"FUN_00436f50"
0056daee,Unwind@0056daee,8,0,"FUN_00436f50"
0056db20,Unwind@0056db20,11,0,"FUN_00436f50"
0056db2b,Unwind@0056db2b,11,0,"FUN_00436f50"
0056db36,Unwind@0056db36,8,0,"FUN_00436f50"
0056db3e,Unwind@0056db3e,8,0,"FUN_00436f50"
0056db46,Unwind@0056db46,8,0,"FUN_00436f50"
0056db4e,Unwind@0056db4e,11,0,"FUN_00436f50"
0056db59,Unwind@0056db59,8,0,"FUN_00436f50"
0056db61,Unwind@0056db61,8,0,"FUN_00436f50"
0056db69,Unwind@0056db69,8,0,"FUN_00436f50"
0056db71,Unwind@0056db71,11,0,"FUN_00436f50"
0056db7c,Unwind@0056db7c,8,0,"FUN_00436f50"
0056db84,Unwind@0056db84,8,0,"FUN_00436f50"
0056db8c,Unwind@0056db8c,8,0,"FUN_00436f50"
0056db94,Unwind@0056db94,11,0,"FUN_00436f50"
0056db9f,Unwind@0056db9f,11,0,"FUN_00436f50"
0056dbaa,Unwind@0056dbaa,8,0,"FUN_00436f50"
0056dbb2,Unwind@0056dbb2,8,0,"FUN_00436f50"
0056dbba,Unwind@0056dbba,11,0,"FUN_00436f50"
0056dbc5,Unwind@0056dbc5,11,0,"FUN_00436f50"
0056dbd0,Unwind@0056dbd0,11,0,"FUN_00436f50"
0056dbdb,Unwind@0056dbdb,8,0,"FUN_00436f50"
0056dbe3,Unwind@0056dbe3,8,0,"FUN_00436f50"
0056dbeb,Unwind@0056dbeb,8,0,"FUN_00436f50"
0056dbf3,Unwind@0056dbf3,8,0,"FUN_00436f50"
0056dc30,Unwind@0056dc30,8,0,"FUN_00436f50"
0056dc60,Unwind@0056dc60,28,0,"FUN_004383d0"
0056dc7c,Unwind@0056dc7c,11,0,"FUN_0043b040"
0056dcb0,Unwind@0056dcb0,11,0,"FUN_0043b040"
0056dcbb,Unwind@0056dcbb,11,0,"FUN_00433b20"
0056dcc6,Unwind@0056dcc6,12,0,"FUN_00463597"
0056dd00,Unwind@0056dd00,28,0,"FUN_004383d0"
0056dd1c,Unwind@0056dd1c,11,0,"FUN_0043c460"
0056dd27,Unwind@0056dd27,28,0,"FUN_004383d0"
0056dd43,Unwind@0056dd43,11,0,"FUN_0043b040"
0056dd70,Unwind@0056dd70,28,0,"FUN_004383d0"
0056ddb0,Unwind@0056ddb0,28,0,"FUN_004383d0"
0056ddcc,Unwind@0056ddcc,11,0,"FUN_0043b040"
0056ddd7,Unwind@0056ddd7,11,0,"FUN_00433b20"
0056dde2,Unwind@0056dde2,11,0,"FUN_0043c460"
0056de30,Unwind@0056de30,28,0,"FUN_004383d0"
0056de70,Unwind@0056de70,8,0,"FUN_00436f50"
0056de78,Unwind@0056de78,8,0,"FUN_00436f50"
0056de80,Unwind@0056de80,8,0,"FUN_00436f50"
0056de88,Unwind@0056de88,8,0,"FUN_00436f50"
0056dec0,Unwind@0056dec0,8,0,"FUN_00436f50"
0056dec8,Unwind@0056dec8,8,0,"FUN_00436f50"
0056ded0,Unwind@0056ded0,8,0,"FUN_00436f50"
0056ded8,Unwind@0056ded8,8,0,"FUN_00436f50"
0056df10,Unwind@0056df10,8,0,"FUN_00436f50"
0056df18,Unwind@0056df18,8,0,"FUN_00436f50"
0056df20,Unwind@0056df20,8,0,"FUN_00436f50"
0056df28,Unwind@0056df28,8,0,"FUN_00436f50"
0056df30,Unwind@0056df30,8,0,"FUN_00436f50"
0056df38,Unwind@0056df38,25,0,"FUN_00436f50"
0056df51,Unwind@0056df51,8,0,"FUN_00436f50"
0056df59,Unwind@0056df59,8,0,"FUN_00436f50"
0056df61,Unwind@0056df61,8,0,"FUN_00436f50"
0056df69,Unwind@0056df69,8,0,"FUN_00436f50"
0056df71,Unwind@0056df71,8,0,"FUN_00436f50"
0056df79,Unwind@0056df79,8,0,"FUN_00436f50"
0056df81,Unwind@0056df81,8,0,"FUN_00436f50"
0056df89,Unwind@0056df89,8,0,"FUN_00436f50"
0056dfc0,Unwind@0056dfc0,11,0,"FUN_00436f50"
0056dfcb,Unwind@0056dfcb,8,0,"FUN_00436f50"
0056dfd3,Unwind@0056dfd3,8,0,"FUN_00436f50"
0056dfdb,Unwind@0056dfdb,8,0,"FUN_00436f50"
0056dfe3,Unwind@0056dfe3,8,0,"FUN_00436f50"
0056dfeb,Unwind@0056dfeb,8,0,"FUN_00436f50"
0056dff3,Unwind@0056dff3,8,0,"FUN_00436f50"
0056dffb,Unwind@0056dffb,8,0,"FUN_00436f50"
0056e003,Unwind@0056e003,8,0,"FUN_00436f50"
0056e030,Unwind@0056e030,28,0,"FUN_004383d0"
0056e04c,Unwind@0056e04c,11,0,"FUN_0043b040"
0056e080,Unwind@0056e080,12,0,"FUN_00463597"
0056e0b0,Unwind@0056e0b0,25,0,"FUN_004383d0"
0056e0c9,Unwind@0056e0c9,8,0,"FUN_0043d940"
0056e0d1,Unwind@0056e0d1,8,0,"FUN_00436f50"
0056e100,Unwind@0056e100,28,0,"FUN_004383d0"
0056e140,Unwind@0056e140,8,0,"FUN_00437920"
0056e170,Unwind@0056e170,28,0,"FUN_004383d0"
0056e18c,Unwind@0056e18c,11,0,"FUN_00441630"
0056e1c0,Unwind@0056e1c0,25,0,"FUN_00436f50"
0056e200,Unwind@0056e200,28,0,"FUN_004383d0"
0056e21c,Unwind@0056e21c,11,0,"FUN_00441630"
0056e250,Unwind@0056e250,25,0,"FUN_00436f50"
0056e290,Unwind@0056e290,28,0,"FUN_004383d0"
0056e2ac,Unwind@0056e2ac,11,0,"FUN_00441630"
0056e2b7,Unwind@0056e2b7,8,0,"FUN_00436f50"
0056e2f0,Unwind@0056e2f0,25,0,"FUN_004383d0"
0056e309,Unwind@0056e309,8,0,"FUN_00441630"
0056e311,Unwind@0056e311,8,0,"FUN_00437900"
0056e340,Unwind@0056e340,25,0,"FUN_00436f50"
0056e359,Unwind@0056e359,11,0,"FUN_00436f50"
0056e364,Unwind@0056e364,11,0,"FUN_00436f50"
0056e36f,Unwind@0056e36f,11,0,"FUN_00436f50"
0056e37a,Unwind@0056e37a,11,0,"FUN_00436f50"
0056e385,Unwind@0056e385,11,0,"FUN_00436f50"
0056e390,Unwind@0056e390,11,0,"FUN_00436f50"
0056e39b,Unwind@0056e39b,11,0,"FUN_00436f50"
0056e3a6,Unwind@0056e3a6,11,0,"FUN_00436f50"
0056e3b1,Unwind@0056e3b1,11,0,"FUN_00436f50"
0056e3bc,Unwind@0056e3bc,11,0,"FUN_00436f50"
0056e3c7,Unwind@0056e3c7,8,0,"FUN_00436f50"
0056e3cf,Unwind@0056e3cf,8,0,"FUN_00436f50"
0056e3d7,Unwind@0056e3d7,8,0,"FUN_00436f50"
0056e3df,Unwind@0056e3df,8,0,"FUN_00436f50"
0056e3e7,Unwind@0056e3e7,8,0,"FUN_00436f50"
0056e3ef,Unwind@0056e3ef,8,0,"FUN_00436f50"
0056e3f7,Unwind@0056e3f7,8,0,"FUN_00436f50"
0056e3ff,Unwind@0056e3ff,11,0,"FUN_00436f50"
0056e40a,Unwind@0056e40a,11,0,"FUN_00436f50"
0056e415,Unwind@0056e415,11,0,"FUN_00436f50"
0056e420,Unwind@0056e420,11,0,"FUN_00436f50"
0056e42b,Unwind@0056e42b,8,0,"FUN_00436f50"
0056e433,Unwind@0056e433,8,0,"FUN_00436f50"
0056e43b,Unwind@0056e43b,8,0,"FUN_00436f50"
0056e443,Unwind@0056e443,8,0,"FUN_00436f50"
0056e470,Unwind@0056e470,11,0,"FUN_00436f50"
0056e47b,Unwind@0056e47b,11,0,"FUN_00436f50"
0056e486,Unwind@0056e486,8,0,"FUN_00436f50"
0056e48e,Unwind@0056e48e,8,0,"FUN_00436f50"
0056e496,Unwind@0056e496,11,0,"FUN_00436f50"
0056e4a1,Unwind@0056e4a1,11,0,"FUN_00436f50"
0056e4ac,Unwind@0056e4ac,8,0,"FUN_00436f50"
0056e4b4,Unwind@0056e4b4,8,0,"FUN_00436f50"
0056e4bc,Unwind@0056e4bc,8,0,"FUN_00436f50"
0056e4c4,Unwind@0056e4c4,11,0,"FUN_00436f50"
0056e4cf,Unwind@0056e4cf,8,0,"FUN_00436f50"
0056e4d7,Unwind@0056e4d7,8,0,"FUN_00436f50"
0056e4df,Unwind@0056e4df,8,0,"FUN_00436f50"
0056e4e7,Unwind@0056e4e7,11,0,"FUN_00436f50"
0056e4f2,Unwind@0056e4f2,8,0,"FUN_00436f50"
0056e4fa,Unwind@0056e4fa,8,0,"FUN_00436f50"
0056e502,Unwind@0056e502,8,0,"FUN_00436f50"
0056e50a,Unwind@0056e50a,11,0,"FUN_00436f50"
0056e515,Unwind@0056e515,8,0,"FUN_00436f50"
0056e51d,Unwind@0056e51d,8,0,"FUN_00436f50"
0056e525,Unwind@0056e525,8,0,"FUN_00436f50"
0056e560,Unwind@0056e560,12,0,"FUN_00463597"
0056e5b0,Unwind@0056e5b0,8,0,"FUN_00443df0"
0056e5e0,Unwind@0056e5e0,8,0,"FUN_00443df0"
0056e610,Unwind@0056e610,12,0,"FUN_00463597"
0056e61c,Unwind@0056e61c,10,0,"FUN_004435f0"
0056e626,Unwind@0056e626,20,0,"`eh_vector_destructor_iterator'"
0056e660,Unwind@0056e660,8,0,"FUN_00443df0"
0056e690,Unwind@0056e690,25,0,"FUN_004383d0"
0056e6a9,Unwind@0056e6a9,8,0,"FUN_00446a30"
0056e6e0,Unwind@0056e6e0,25,0,"FUN_004383d0"
0056e6f9,Unwind@0056e6f9,8,0,"FUN_00446cf0"
0056e730,Unwind@0056e730,25,0,"FUN_004383d0"
0056e749,Unwind@0056e749,8,0,"FUN_00446ab0"
0056e751,Unwind@0056e751,8,0,"FUN_00431f30"
0056e759,Unwind@0056e759,11,0,"FUN_00431f30"
0056e790,Unwind@0056e790,8,0,"FUN_00436f50"
0056e798,Unwind@0056e798,11,0,"FUN_00431f30"
0056e7a3,Unwind@0056e7a3,8,0,"FUN_00431f30"
0056e7d0,Unwind@0056e7d0,25,0,"FUN_004383d0"
0056e7e9,Unwind@0056e7e9,8,0,"FUN_00446d30"
0056e7f1,Unwind@0056e7f1,8,0,"FUN_00431f30"
0056e7f9,Unwind@0056e7f9,11,0,"FUN_00431f30"
0056e830,Unwind@0056e830,28,0,"FUN_004383d0"
0056e84c,Unwind@0056e84c,11,0,"FUN_0043b040"
0056e880,Unwind@0056e880,28,0,"FUN_004383d0"
0056e89c,Unwind@0056e89c,11,0,"FUN_0043b040"
0056e8a7,Unwind@0056e8a7,12,0,"FUN_00463597"
0056e8e0,Unwind@0056e8e0,28,0,"FUN_004383d0"
0056e8fc,Unwind@0056e8fc,11,0,"FUN_0043b040"
0056e930,Unwind@0056e930,28,0,"FUN_004383d0"
0056e94c,Unwind@0056e94c,11,0,"FUN_0043b040"
0056e957,Unwind@0056e957,12,0,"FUN_00463597"
0056e990,Unwind@0056e990,28,0,"FUN_004383d0"
0056e9ac,Unwind@0056e9ac,11,0,"FUN_0043b040"
0056e9b7,Unwind@0056e9b7,12,0,"FUN_00463597"
0056e9f0,Unwind@0056e9f0,28,0,"FUN_004383d0"
0056ea0c,Unwind@0056ea0c,11,0,"FUN_00438b00"
0056ea17,Unwind@0056ea17,28,0,"FUN_00431f30"
0056ea33,Unwind@0056ea33,25,0,"FUN_00431f30"
0056ea80,Unwind@0056ea80,28,0,"FUN_004383d0"
0056eac0,Unwind@0056eac0,28,0,"FUN_004383d0"
0056eadc,Unwind@0056eadc,11,0,"FUN_00438b00"
0056eae7,Unwind@0056eae7,8,0,"FUN_00431f30"
0056eb20,Unwind@0056eb20,31,0,"FUN_00431e10"
0056eb3f,Unwind@0056eb3f,11,0,"FUN_004465f0"
0056eb4a,Unwind@0056eb4a,11,0,"FUN_0043b0e0"
0056eb55,Unwind@0056eb55,11,0,"FUN_00436f50"
0056eb60,Unwind@0056eb60,11,0,"FUN_00436f50"
0056eb6b,Unwind@0056eb6b,11,0,"FUN_00436f50"
0056eb76,Unwind@0056eb76,11,0,"FUN_00436f50"
0056eb81,Unwind@0056eb81,11,0,"FUN_00436f50"
0056eb8c,Unwind@0056eb8c,28,0,"FUN_004383d0"
0056eba8,Unwind@0056eba8,11,0,"FUN_0043b040"
0056ebb3,Unwind@0056ebb3,14,0,"FUN_004467d0"
0056ebc1,Unwind@0056ebc1,14,0,"FUN_004339f0"
0056ebcf,Unwind@0056ebcf,14,0,"FUN_00436f50"
0056ebdd,Unwind@0056ebdd,28,0,"FUN_004383d0"
0056ebf9,Unwind@0056ebf9,11,0,"FUN_0043b040"
0056ec04,Unwind@0056ec04,14,0,"FUN_00446970"
0056ec12,Unwind@0056ec12,14,0,"FUN_004339f0"
0056ec20,Unwind@0056ec20,28,0,"FUN_004383d0"
0056ec3c,Unwind@0056ec3c,11,0,"FUN_0043b040"
0056ec47,Unwind@0056ec47,14,0,"FUN_004469b0"
0056ec55,Unwind@0056ec55,14,0,"FUN_00433930"
0056ec63,Unwind@0056ec63,14,0,"FUN_004339f0"
0056ec71,Unwind@0056ec71,14,0,"FUN_004339f0"
0056ec7f,Unwind@0056ec7f,14,0,"FUN_00436f50"
0056ec8d,Unwind@0056ec8d,14,0,"FUN_00436f50"
0056ec9b,Unwind@0056ec9b,28,0,"FUN_004383d0"
0056ecb7,Unwind@0056ecb7,11,0,"FUN_0043b040"
0056ecc2,Unwind@0056ecc2,14,0,"FUN_00446880"
0056ecd0,Unwind@0056ecd0,14,0,"FUN_00436f50"
0056ecde,Unwind@0056ecde,14,0,"FUN_00436f50"
0056ecec,Unwind@0056ecec,8,0,"FUN_00436f50"
0056ecf4,Unwind@0056ecf4,12,0,"FUN_00463597"
0056ed00,Unwind@0056ed00,12,0,"FUN_00463597"
0056ed0c,Unwind@0056ed0c,12,0,"FUN_00463597"
0056ed18,Unwind@0056ed18,12,0,"FUN_00463597"
0056ed50,Unwind@0056ed50,28,0,"FUN_004383d0"
0056ed6c,Unwind@0056ed6c,11,0,"FUN_0043b040"
0056ed77,Unwind@0056ed77,11,0,"FUN_00435d40"
0056ed82,Unwind@0056ed82,11,0,"FUN_00435d40"
0056edb0,Unwind@0056edb0,8,0,"FUN_004383d0"
0056edb8,Unwind@0056edb8,8,0,"FUN_004383d0"
0056edf0,Unwind@0056edf0,25,0,"FUN_00436f50"
0056ee09,Unwind@0056ee09,25,0,"FUN_00436f50"
0056ee22,Unwind@0056ee22,25,0,"FUN_00436f50"
0056ee3b,Unwind@0056ee3b,25,0,"FUN_00436f50"
0056ee54,Unwind@0056ee54,8,0,"FUN_00436f50"
0056ee5c,Unwind@0056ee5c,28,0,"FUN_00436f50"
0056ee78,Unwind@0056ee78,28,0,"FUN_00436f50"
0056ee94,Unwind@0056ee94,33,0,"FUN_00436f50"
0056eeb5,Unwind@0056eeb5,30,0,"FUN_00436f50"
0056eed3,Unwind@0056eed3,30,0,"FUN_00436f50"
0056eef1,Unwind@0056eef1,30,0,"FUN_00436f50"
0056ef40,Unwind@0056ef40,8,0,"FUN_00446240"
0056ef70,Unwind@0056ef70,8,0,"FUN_004383d0"
0056ef78,Unwind@0056ef78,11,0,"FUN_00436f50"
0056efb0,Unwind@0056efb0,8,0,"FUN_004383d0"
0056efe0,Unwind@0056efe0,8,0,"FUN_00431f30"
0056f010,Unwind@0056f010,8,0,"FUN_00436f50"
0056f018,Unwind@0056f018,25,0,"FUN_00436f50"
0056f031,Unwind@0056f031,25,0,"FUN_00436f50"
0056f04a,Unwind@0056f04a,25,0,"FUN_00436f50"
0056f063,Unwind@0056f063,8,0,"FUN_00436f50"
0056f06b,Unwind@0056f06b,8,0,"FUN_00436f50"
0056f073,Unwind@0056f073,8,0,"FUN_00436f50"
0056f07b,Unwind@0056f07b,8,0,"thunk_FUN_004383d0"
0056f0b0,Unwind@0056f0b0,8,0,"FUN_00431f30"
0056f0e0,Unwind@0056f0e0,28,0,"FUN_004383d0"
0056f120,Unwind@0056f120,28,0,"FUN_004383d0"
0056f13c,Unwind@0056f13c,11,0,"FUN_0043b040"
0056f170,Unwind@0056f170,8,0,"FUN_00436f50"
0056f178,Unwind@0056f178,8,0,"FUN_004339f0"
0056f180,Unwind@0056f180,8,0,"FUN_004339f0"
0056f188,Unwind@0056f188,11,0,"FUN_00433b20"
0056f1c0,Unwind@0056f1c0,8,0,"FUN_00433b20"
0056f1f0,Unwind@0056f1f0,8,0,"FUN_00431f30"
0056f220,Unwind@0056f220,8,0,"FUN_00436f50"
0056f228,Unwind@0056f228,8,0,"FUN_00436f50"
0056f260,Unwind@0056f260,8,0,"FUN_00436f50"
0056f268,Unwind@0056f268,11,0,"FUN_00458170"
0056f273,Unwind@0056f273,8,0,"FUN_00436f50"
0056f27b,Unwind@0056f27b,11,0,"FUN_00458170"
0056f286,Unwind@0056f286,8,0,"FUN_00436f50"
0056f28e,Unwind@0056f28e,11,0,"FUN_00458170"
0056f299,Unwind@0056f299,8,0,"FUN_00436f50"
0056f2d0,Unwind@0056f2d0,11,0,"FUN_00433b20"
0056f2db,Unwind@0056f2db,8,0,"FUN_00433b20"
0056f2e3,Unwind@0056f2e3,8,0,"FUN_00433b20"
0056f2eb,Unwind@0056f2eb,11,0,"FUN_00433b20"
0056f2f6,Unwind@0056f2f6,8,0,"FUN_00433b20"
0056f2fe,Unwind@0056f2fe,11,0,"FUN_00433b20"
0056f309,Unwind@0056f309,8,0,"FUN_00433b20"
0056f311,Unwind@0056f311,11,0,"FUN_00433b20"
0056f31c,Unwind@0056f31c,8,0,"FUN_00433b20"
0056f324,Unwind@0056f324,11,0,"FUN_00433b20"
0056f32f,Unwind@0056f32f,8,0,"FUN_00436f50"
0056f337,Unwind@0056f337,28,0,"FUN_00436f50"
0056f353,Unwind@0056f353,28,0,"FUN_00436f50"
0056f36f,Unwind@0056f36f,8,0,"FUN_00436f50"
0056f3a0,Unwind@0056f3a0,28,0,"FUN_00436f50"
0056f3bc,Unwind@0056f3bc,11,0,"FUN_00431f30"
0056f3c7,Unwind@0056f3c7,8,0,"FUN_00446cb0"
0056f3cf,Unwind@0056f3cf,11,0,"FUN_00433b20"
0056f3da,Unwind@0056f3da,11,0,"FUN_00436f50"
0056f3e5,Unwind@0056f3e5,8,0,"FUN_00446a70"
0056f3ed,Unwind@0056f3ed,11,0,"FUN_00436f50"
0056f3f8,Unwind@0056f3f8,8,0,"FUN_00446cb0"
0056f400,Unwind@0056f400,11,0,"FUN_00433b20"
0056f40b,Unwind@0056f40b,11,0,"FUN_00431f30"
0056f416,Unwind@0056f416,11,0,"FUN_00446cb0"
0056f421,Unwind@0056f421,11,0,"FUN_00433b20"
0056f42c,Unwind@0056f42c,8,0,"FUN_00446cb0"
0056f434,Unwind@0056f434,11,0,"FUN_00433b20"
0056f43f,Unwind@0056f43f,11,0,"FUN_00431f30"
0056f44a,Unwind@0056f44a,28,0,"FUN_004383d0"
0056f466,Unwind@0056f466,11,0,"FUN_00438b00"
0056f471,Unwind@0056f471,11,0,"FUN_00431f30"
0056f47c,Unwind@0056f47c,11,0,"FUN_00446d30"
0056f487,Unwind@0056f487,11,0,"FUN_00446a70"
0056f492,Unwind@0056f492,11,0,"FUN_00436f50"
0056f49d,Unwind@0056f49d,11,0,"FUN_00446a70"
0056f4a8,Unwind@0056f4a8,11,0,"FUN_00436f50"
0056f4b3,Unwind@0056f4b3,11,0,"FUN_00431f30"
0056f4be,Unwind@0056f4be,11,0,"FUN_004337c0"
0056f4c9,Unwind@0056f4c9,11,0,"FUN_00431f30"
0056f4d4,Unwind@0056f4d4,11,0,"FUN_004337c0"
0056f4df,Unwind@0056f4df,11,0,"FUN_00431f30"
0056f4ea,Unwind@0056f4ea,11,0,"FUN_004337c0"
0056f4f5,Unwind@0056f4f5,11,0,"FUN_00431f30"
0056f500,Unwind@0056f500,11,0,"FUN_00446b70"
0056f50b,Unwind@0056f50b,11,0,"FUN_00431f30"
0056f516,Unwind@0056f516,8,0,"FUN_00446af0"
0056f51e,Unwind@0056f51e,11,0,"FUN_00431f30"
0056f529,Unwind@0056f529,11,0,"FUN_00446b30"
0056f534,Unwind@0056f534,11,0,"FUN_00431f30"
0056f53f,Unwind@0056f53f,11,0,"FUN_00446b30"
0056f54a,Unwind@0056f54a,11,0,"FUN_004469f0"
0056f555,Unwind@0056f555,11,0,"FUN_004465d0"
0056f560,Unwind@0056f560,11,0,"FUN_00431f30"
0056f56b,Unwind@0056f56b,11,0,"FUN_004337c0"
0056f576,Unwind@0056f576,11,0,"FUN_00431f30"
0056f581,Unwind@0056f581,11,0,"FUN_00446cb0"
0056f58c,Unwind@0056f58c,11,0,"FUN_00433b20"
0056f597,Unwind@0056f597,8,0,"FUN_00431f30"
0056f59f,Unwind@0056f59f,11,0,"FUN_00446b30"
0056f5aa,Unwind@0056f5aa,11,0,"FUN_00433be0"
0056f5b5,Unwind@0056f5b5,11,0,"FUN_00431f30"
0056f5c0,Unwind@0056f5c0,8,0,"FUN_004337c0"
0056f5c8,Unwind@0056f5c8,11,0,"FUN_00431f30"
0056f5d3,Unwind@0056f5d3,28,0,"FUN_004383d0"
0056f5ef,Unwind@0056f5ef,11,0,"FUN_00438b00"
0056f5fa,Unwind@0056f5fa,11,0,"FUN_00431f30"
0056f605,Unwind@0056f605,11,0,"FUN_00446d30"
0056f610,Unwind@0056f610,11,0,"FUN_00431f30"
0056f61b,Unwind@0056f61b,11,0,"FUN_004337c0"
0056f626,Unwind@0056f626,11,0,"FUN_00431f30"
0056f631,Unwind@0056f631,8,0,"FUN_004337c0"
0056f639,Unwind@0056f639,11,0,"FUN_00433b20"
0056f644,Unwind@0056f644,11,0,"FUN_00433b20"
0056f64f,Unwind@0056f64f,11,0,"FUN_00431f30"
0056f65a,Unwind@0056f65a,11,0,"FUN_00446cb0"
0056f665,Unwind@0056f665,11,0,"FUN_00433b20"
0056f670,Unwind@0056f670,11,0,"FUN_00431f30"
0056f67b,Unwind@0056f67b,11,0,"FUN_00446cb0"
0056f686,Unwind@0056f686,11,0,"FUN_00433b20"
0056f691,Unwind@0056f691,11,0,"FUN_00431f30"
0056f69c,Unwind@0056f69c,11,0,"FUN_004337c0"
0056f6a7,Unwind@0056f6a7,11,0,"FUN_00431f30"
0056f6b2,Unwind@0056f6b2,11,0,"FUN_00446cf0"
0056f6bd,Unwind@0056f6bd,11,0,"FUN_00436f50"
0056f6c8,Unwind@0056f6c8,11,0,"FUN_00431f30"
0056f6d3,Unwind@0056f6d3,11,0,"FUN_004337c0"
0056f6de,Unwind@0056f6de,11,0,"FUN_00431f30"
0056f6e9,Unwind@0056f6e9,8,0,"FUN_00446af0"
0056f6f1,Unwind@0056f6f1,11,0,"FUN_00435f60"
0056f6fc,Unwind@0056f6fc,11,0,"FUN_00431f30"
0056f707,Unwind@0056f707,11,0,"FUN_004337c0"
0056f712,Unwind@0056f712,11,0,"FUN_00431f30"
0056f750,Unwind@0056f750,25,0,"FUN_00436f50"
0056f769,Unwind@0056f769,11,0,"FUN_00431f30"
0056f774,Unwind@0056f774,11,0,"FUN_00431f30"
0056f77f,Unwind@0056f77f,11,0,"FUN_00446cf0"
0056f78a,Unwind@0056f78a,8,0,"FUN_00436f50"
0056f792,Unwind@0056f792,11,0,"FUN_00431f30"
0056f79d,Unwind@0056f79d,11,0,"FUN_00446cf0"
0056f7a8,Unwind@0056f7a8,8,0,"FUN_00436f50"
0056f7b0,Unwind@0056f7b0,11,0,"FUN_00433b20"
0056f7bb,Unwind@0056f7bb,25,0,"FUN_00436f50"
0056f7d4,Unwind@0056f7d4,8,0,"FUN_00436f50"
0056f7dc,Unwind@0056f7dc,11,0,"FUN_00436f50"
0056f7e7,Unwind@0056f7e7,25,0,"FUN_00436f50"
0056f800,Unwind@0056f800,8,0,"thunk_FUN_004383d0"
0056f808,Unwind@0056f808,11,0,"FUN_00431f30"
0056f813,Unwind@0056f813,11,0,"FUN_00446cf0"
0056f81e,Unwind@0056f81e,8,0,"FUN_00436f50"
0056f826,Unwind@0056f826,25,0,"FUN_00436f50"
0056f83f,Unwind@0056f83f,8,0,"FUN_00436f50"
0056f847,Unwind@0056f847,11,0,"FUN_00436f50"
0056f852,Unwind@0056f852,25,0,"FUN_00436f50"
0056f86b,Unwind@0056f86b,11,0,"FUN_00431f30"
0056f876,Unwind@0056f876,30,0,"FUN_004383d0"
0056f894,Unwind@0056f894,8,0,"FUN_00438b00"
0056f89c,Unwind@0056f89c,11,0,"FUN_00431f30"
0056f8a7,Unwind@0056f8a7,11,0,"FUN_00446bf0"
0056f8b2,Unwind@0056f8b2,33,0,"FUN_004383d0"
0056f8d3,Unwind@0056f8d3,11,0,"FUN_004466a0"
0056f8de,Unwind@0056f8de,33,0,"FUN_004383d0"
0056f8ff,Unwind@0056f8ff,11,0,"FUN_00438b00"
0056f90a,Unwind@0056f90a,11,0,"FUN_00431f30"
0056f915,Unwind@0056f915,11,0,"FUN_00446ab0"
0056f920,Unwind@0056f920,11,0,"FUN_00446af0"
0056f92b,Unwind@0056f92b,11,0,"FUN_00435f60"
0056f936,Unwind@0056f936,11,0,"FUN_00446af0"
0056f941,Unwind@0056f941,11,0,"FUN_00435f60"
0056f94c,Unwind@0056f94c,11,0,"FUN_00431f30"
0056f957,Unwind@0056f957,11,0,"FUN_00446cf0"
0056f962,Unwind@0056f962,8,0,"FUN_00436f50"
0056f96a,Unwind@0056f96a,11,0,"FUN_00431f30"
0056f975,Unwind@0056f975,30,0,"FUN_004383d0"
0056f993,Unwind@0056f993,8,0,"FUN_00438b00"
0056f99b,Unwind@0056f99b,11,0,"FUN_00431f30"
0056f9a6,Unwind@0056f9a6,11,0,"FUN_00446c30"
0056f9b1,Unwind@0056f9b1,11,0,"FUN_00431f30"
0056f9bc,Unwind@0056f9bc,11,0,"FUN_00446cf0"
0056f9c7,Unwind@0056f9c7,8,0,"FUN_00436f50"
0056f9cf,Unwind@0056f9cf,8,0,"FUN_00436f50"
0056f9d7,Unwind@0056f9d7,11,0,"FUN_00436f50"
0056f9e2,Unwind@0056f9e2,11,0,"FUN_00436f50"
0056f9ed,Unwind@0056f9ed,8,0,"FUN_00436f50"
0056f9f5,Unwind@0056f9f5,8,0,"FUN_00436f50"
0056f9fd,Unwind@0056f9fd,11,0,"FUN_00431f30"
0056fa08,Unwind@0056fa08,11,0,"FUN_004337c0"
0056fa13,Unwind@0056fa13,11,0,"FUN_00433b20"
0056fa1e,Unwind@0056fa1e,11,0,"FUN_00431f30"
0056fa29,Unwind@0056fa29,11,0,"FUN_00446cb0"
0056fa34,Unwind@0056fa34,11,0,"FUN_00433b20"
0056fa3f,Unwind@0056fa3f,11,0,"FUN_00431f30"
0056fa4a,Unwind@0056fa4a,11,0,"FUN_00446cb0"
0056fa55,Unwind@0056fa55,11,0,"FUN_00433b20"
0056fa60,Unwind@0056fa60,11,0,"FUN_00431f30"
0056fa6b,Unwind@0056fa6b,11,0,"FUN_00446b30"
0056fa76,Unwind@0056fa76,11,0,"FUN_00431f30"
0056fa81,Unwind@0056fa81,11,0,"FUN_00446b30"
0056fa8c,Unwind@0056fa8c,11,0,"FUN_00433b20"
0056fa97,Unwind@0056fa97,11,0,"FUN_00433b20"
0056faa2,Unwind@0056faa2,11,0,"FUN_00433b20"
0056faad,Unwind@0056faad,11,0,"FUN_00431f30"
0056fab8,Unwind@0056fab8,11,0,"FUN_00446cf0"
0056fac3,Unwind@0056fac3,8,0,"FUN_00436f50"
0056facb,Unwind@0056facb,11,0,"FUN_00431f30"
0056fad6,Unwind@0056fad6,11,0,"FUN_00446cf0"
0056fae1,Unwind@0056fae1,8,0,"FUN_00436f50"
0056fae9,Unwind@0056fae9,11,0,"FUN_00436f50"
0056faf4,Unwind@0056faf4,8,0,"FUN_00436f50"
0056fafc,Unwind@0056fafc,11,0,"FUN_00436f50"
0056fb07,Unwind@0056fb07,11,0,"FUN_00436f50"
0056fb12,Unwind@0056fb12,8,0,"FUN_00436f50"
0056fb1a,Unwind@0056fb1a,11,0,"FUN_00433b20"
0056fb25,Unwind@0056fb25,11,0,"FUN_00433b20"
0056fb30,Unwind@0056fb30,11,0,"FUN_00433b20"
0056fb3b,Unwind@0056fb3b,11,0,"FUN_00433b20"
0056fb46,Unwind@0056fb46,11,0,"FUN_00431f30"
0056fb51,Unwind@0056fb51,11,0,"FUN_00446cf0"
0056fb5c,Unwind@0056fb5c,8,0,"FUN_00436f50"
0056fb64,Unwind@0056fb64,8,0,"FUN_00436f50"
0056fb6c,Unwind@0056fb6c,8,0,"FUN_00436f50"
0056fb74,Unwind@0056fb74,11,0,"FUN_00436f50"
0056fb7f,Unwind@0056fb7f,11,0,"FUN_00436f50"
0056fb8a,Unwind@0056fb8a,8,0,"FUN_00436f50"
0056fb92,Unwind@0056fb92,11,0,"FUN_00433b20"
0056fb9d,Unwind@0056fb9d,11,0,"FUN_00433b20"
0056fba8,Unwind@0056fba8,11,0,"FUN_00433b20"
0056fbb3,Unwind@0056fbb3,11,0,"FUN_00433b20"
0056fbbe,Unwind@0056fbbe,11,0,"FUN_00431f30"
0056fbc9,Unwind@0056fbc9,11,0,"FUN_00446cf0"
0056fbd4,Unwind@0056fbd4,8,0,"FUN_00436f50"
0056fbdc,Unwind@0056fbdc,11,0,"FUN_00431f30"
0056fbe7,Unwind@0056fbe7,11,0,"FUN_00446cf0"
0056fbf2,Unwind@0056fbf2,8,0,"FUN_00436f50"
0056fbfa,Unwind@0056fbfa,8,0,"FUN_00436f50"
0056fc02,Unwind@0056fc02,8,0,"FUN_00436f50"
0056fc0a,Unwind@0056fc0a,11,0,"FUN_00436f50"
0056fc15,Unwind@0056fc15,11,0,"FUN_00436f50"
0056fc20,Unwind@0056fc20,8,0,"FUN_00436f50"
0056fc28,Unwind@0056fc28,11,0,"FUN_00433b20"
0056fc33,Unwind@0056fc33,11,0,"FUN_00431f30"
0056fc3e,Unwind@0056fc3e,30,0,"FUN_004383d0"
0056fc5c,Unwind@0056fc5c,8,0,"FUN_00438b00"
0056fc64,Unwind@0056fc64,11,0,"FUN_00431f30"
0056fc6f,Unwind@0056fc6f,11,0,"FUN_00446bb0"
0056fc7a,Unwind@0056fc7a,11,0,"FUN_00431f30"
0056fc85,Unwind@0056fc85,11,0,"FUN_00446b70"
0056fc90,Unwind@0056fc90,11,0,"FUN_004465b0"
0056fc9b,Unwind@0056fc9b,8,0,"FUN_004383d0"
0056fca3,Unwind@0056fca3,11,0,"FUN_00436f50"
0056fcae,Unwind@0056fcae,8,0,"FUN_004383d0"
0056fcb6,Unwind@0056fcb6,11,0,"FUN_00436f50"
0056fcc1,Unwind@0056fcc1,11,0,"FUN_00431f30"
0056fccc,Unwind@0056fccc,11,0,"FUN_00446b70"
0056fcd7,Unwind@0056fcd7,11,0,"FUN_00431f30"
0056fce2,Unwind@0056fce2,11,0,"FUN_00446af0"
0056fced,Unwind@0056fced,11,0,"FUN_00431f30"
0056fcf8,Unwind@0056fcf8,11,0,"FUN_00446b30"
0056fd03,Unwind@0056fd03,11,0,"FUN_00431f30"
0056fd0e,Unwind@0056fd0e,11,0,"FUN_00446b30"
0056fd19,Unwind@0056fd19,8,0,"FUN_004469f0"
0056fd21,Unwind@0056fd21,11,0,"FUN_004465d0"
0056fd2c,Unwind@0056fd2c,11,0,"FUN_004465d0"
0056fd37,Unwind@0056fd37,11,0,"FUN_00431f30"
0056fd42,Unwind@0056fd42,11,0,"FUN_00446b70"
0056fd4d,Unwind@0056fd4d,11,0,"FUN_00431f30"
0056fd58,Unwind@0056fd58,11,0,"FUN_00446b70"
0056fd63,Unwind@0056fd63,8,0,"FUN_004339f0"
0056fd6b,Unwind@0056fd6b,11,0,"FUN_00431f30"
0056fd76,Unwind@0056fd76,11,0,"FUN_00446b70"
0056fd81,Unwind@0056fd81,11,0,"FUN_00431f30"
0056fd8c,Unwind@0056fd8c,11,0,"FUN_00446b70"
0056fd97,Unwind@0056fd97,8,0,"FUN_004339f0"
0056fd9f,Unwind@0056fd9f,11,0,"FUN_00431f30"
0056fdaa,Unwind@0056fdaa,11,0,"FUN_004337c0"
0056fdb5,Unwind@0056fdb5,11,0,"FUN_00431f30"
0056fdc0,Unwind@0056fdc0,11,0,"FUN_00446cf0"
0056fdcb,Unwind@0056fdcb,11,0,"FUN_00431f30"
0056fdd6,Unwind@0056fdd6,33,0,"FUN_004383d0"
0056fdf7,Unwind@0056fdf7,11,0,"FUN_00438b00"
0056fe02,Unwind@0056fe02,11,0,"FUN_00431f30"
0056fe0d,Unwind@0056fe0d,11,0,"FUN_00446c70"
0056fe18,Unwind@0056fe18,33,0,"FUN_004383d0"
0056fe39,Unwind@0056fe39,28,0,"FUN_004466e0"
0056fe55,Unwind@0056fe55,28,0,"FUN_004466e0"
0056fe71,Unwind@0056fe71,33,0,"FUN_00436f50"
0056fe92,Unwind@0056fe92,30,0,"FUN_00436f50"
0056feb0,Unwind@0056feb0,11,0,"FUN_00431f30"
0056febb,Unwind@0056febb,11,0,"FUN_00446cb0"
0056fec6,Unwind@0056fec6,11,0,"FUN_00433b20"
0056fed1,Unwind@0056fed1,33,0,"FUN_004383d0"
0056fef2,Unwind@0056fef2,11,0,"FUN_0043b040"
0056fefd,Unwind@0056fefd,11,0,"FUN_00446930"
0056ff08,Unwind@0056ff08,11,0,"FUN_004339f0"
0056ff13,Unwind@0056ff13,11,0,"FUN_00436f50"
0056ff1e,Unwind@0056ff1e,11,0,"FUN_00446a70"
0056ff29,Unwind@0056ff29,8,0,"FUN_00436f50"
0056ff31,Unwind@0056ff31,11,0,"FUN_00446cb0"
0056ff3c,Unwind@0056ff3c,11,0,"FUN_00433b20"
0056ff47,Unwind@0056ff47,8,0,"FUN_00446240"
0056ff4f,Unwind@0056ff4f,8,0,"FUN_004461b0"
0056ff57,Unwind@0056ff57,8,0,"FUN_00446240"
0056ff5f,Unwind@0056ff5f,8,0,"FUN_00446240"
0056ff67,Unwind@0056ff67,12,0,"FUN_00463597"
0056ffa0,Unwind@0056ffa0,25,0,"FUN_00436f50"
0056ffb9,Unwind@0056ffb9,25,0,"FUN_00436f50"
0056ffd2,Unwind@0056ffd2,8,0,"FUN_00436f50"
0056ffda,Unwind@0056ffda,8,0,"FUN_00436f50"
0056ffe2,Unwind@0056ffe2,8,0,"FUN_00436f50"
00570010,Unwind@00570010,8,0,"FUN_00436f50"
00570040,Unwind@00570040,28,0,"FUN_00433b20"
0057005c,Unwind@0057005c,28,0,"FUN_00433b20"
00570078,Unwind@00570078,25,0,"FUN_004339f0"
00570091,Unwind@00570091,25,0,"FUN_004339f0"
005700aa,Unwind@005700aa,28,0,"FUN_00433b20"
005700c6,Unwind@005700c6,28,0,"FUN_00433b20"
005700e2,Unwind@005700e2,11,0,"FUN_00458170"
005700ed,Unwind@005700ed,11,0,"FUN_004466a0"
005700f8,Unwind@005700f8,11,0,"FUN_00431f30"
00570103,Unwind@00570103,11,0,"FUN_00433b20"
0057010e,Unwind@0057010e,11,0,"FUN_00446cb0"
00570119,Unwind@00570119,11,0,"FUN_004954a0"
00570124,Unwind@00570124,11,0,"FUN_00433b20"
00570160,Unwind@00570160,28,0,"FUN_00433b20"
0057017c,Unwind@0057017c,28,0,"FUN_00433b20"
00570198,Unwind@00570198,25,0,"FUN_004339f0"
005701b1,Unwind@005701b1,25,0,"FUN_004339f0"
005701ca,Unwind@005701ca,28,0,"FUN_00433b20"
005701e6,Unwind@005701e6,28,0,"FUN_00433b20"
00570202,Unwind@00570202,11,0,"FUN_00458170"
0057020d,Unwind@0057020d,11,0,"FUN_004466a0"
00570218,Unwind@00570218,11,0,"FUN_00431f30"
00570223,Unwind@00570223,11,0,"FUN_00433b20"
0057022e,Unwind@0057022e,11,0,"FUN_00446cb0"
00570239,Unwind@00570239,28,0,"FUN_004954a0"
00570255,Unwind@00570255,11,0,"FUN_00433b20"
00570290,Unwind@00570290,8,0,"FUN_004339f0"
00570298,Unwind@00570298,11,0,"FUN_00433b20"
005702a3,Unwind@005702a3,11,0,"FUN_00458170"
005702ae,Unwind@005702ae,11,0,"FUN_004466a0"
005702b9,Unwind@005702b9,11,0,"FUN_00433b20"
005702c4,Unwind@005702c4,11,0,"FUN_00446cb0"
005702cf,Unwind@005702cf,11,0,"FUN_004954a0"
005702da,Unwind@005702da,11,0,"FUN_00433b20"
00570310,Unwind@00570310,11,0,"FUN_00436f50"
0057031b,Unwind@0057031b,8,0,"FUN_004339f0"
00570323,Unwind@00570323,11,0,"FUN_00433b20"
0057032e,Unwind@0057032e,11,0,"FUN_00458170"
00570339,Unwind@00570339,11,0,"FUN_00436f50"
00570344,Unwind@00570344,8,0,"FUN_00436f50"
0057034c,Unwind@0057034c,8,0,"FUN_004339f0"
00570354,Unwind@00570354,11,0,"FUN_00433b20"
00570390,Unwind@00570390,28,0,"FUN_00433b20"
005703ac,Unwind@005703ac,28,0,"FUN_00433b20"
005703c8,Unwind@005703c8,11,0,"FUN_00436f50"
005703d3,Unwind@005703d3,8,0,"FUN_004339f0"
005703db,Unwind@005703db,11,0,"FUN_00433b20"
005703e6,Unwind@005703e6,11,0,"FUN_00458170"
005703f1,Unwind@005703f1,11,0,"FUN_004466a0"
005703fc,Unwind@005703fc,8,0,"FUN_00431f30"
00570404,Unwind@00570404,11,0,"FUN_00433b20"
0057040f,Unwind@0057040f,8,0,"FUN_00446cb0"
00570417,Unwind@00570417,28,0,"FUN_004954a0"
00570433,Unwind@00570433,8,0,"FUN_004339f0"
0057043b,Unwind@0057043b,11,0,"FUN_00433b20"
00570470,Unwind@00570470,8,0,"FUN_004466a0"
00570478,Unwind@00570478,11,0,"FUN_004954a0"
005704b0,Unwind@005704b0,8,0,"thunk_FUN_004383d0"
005704e0,Unwind@005704e0,8,0,"thunk_FUN_004383d0"
00570510,Unwind@00570510,8,0,"FUN_00446720"
00570540,Unwind@00570540,8,0,"FUN_00431f30"
00570548,Unwind@00570548,8,0,"FUN_00431f30"
00570580,Unwind@00570580,11,0,"FUN_00433b20"
0057058b,Unwind@0057058b,11,0,"FUN_00433b20"
00570596,Unwind@00570596,25,0,"FUN_00446cb0"
005705af,Unwind@005705af,28,0,"FUN_00433b20"
005705cb,Unwind@005705cb,28,0,"FUN_004337c0"
005705e7,Unwind@005705e7,30,0,"FUN_004383d0"
00570605,Unwind@00570605,11,0,"FUN_0043b040"
00570610,Unwind@00570610,11,0,"FUN_00435d40"
0057061b,Unwind@0057061b,8,0,"FUN_00435d40"
00570623,Unwind@00570623,28,0,"FUN_00433b20"
0057063f,Unwind@0057063f,25,0,"FUN_004383d0"
00570658,Unwind@00570658,8,0,"FUN_00438b00"
00570660,Unwind@00570660,11,0,"FUN_00431f30"
0057066b,Unwind@0057066b,8,0,"FUN_00446cb0"
00570673,Unwind@00570673,11,0,"FUN_00433b20"
0057067e,Unwind@0057067e,11,0,"FUN_00433b20"
00570689,Unwind@00570689,11,0,"FUN_00433b20"
00570694,Unwind@00570694,33,0,"FUN_004383d0"
005706b5,Unwind@005706b5,11,0,"FUN_00446cb0"
005706c0,Unwind@005706c0,11,0,"FUN_00433b20"
005706cb,Unwind@005706cb,11,0,"FUN_00433b20"
00570700,Unwind@00570700,8,0,"FUN_00433be0"
00570730,Unwind@00570730,25,0,"FUN_00436f50"
00570749,Unwind@00570749,8,0,"FUN_00436f50"
00570751,Unwind@00570751,8,0,"FUN_00436f50"
00570759,Unwind@00570759,8,0,"FUN_00436f50"
00570761,Unwind@00570761,8,0,"FUN_00436f50"
00570790,Unwind@00570790,25,0,"FUN_00436f50"
005707a9,Unwind@005707a9,8,0,"FUN_00436f50"
005707b1,Unwind@005707b1,8,0,"FUN_00436f50"
005707b9,Unwind@005707b9,8,0,"FUN_00436f50"
005707c1,Unwind@005707c1,8,0,"FUN_00436f50"
005707f0,Unwind@005707f0,25,0,"FUN_00436f50"
00570809,Unwind@00570809,8,0,"FUN_00436f50"
00570811,Unwind@00570811,8,0,"FUN_00436f50"
00570819,Unwind@00570819,8,0,"FUN_00436f50"
00570821,Unwind@00570821,8,0,"FUN_00436f50"
00570850,Unwind@00570850,8,0,"FUN_004383d0"
00570858,Unwind@00570858,11,0,"FUN_00436f50"
00570863,Unwind@00570863,11,0,"FUN_00436f50"
0057086e,Unwind@0057086e,11,0,"FUN_00433b20"
005708a0,Unwind@005708a0,8,0,"FUN_00431f30"
005708a8,Unwind@005708a8,11,0,"FUN_00431f30"
005708b3,Unwind@005708b3,8,0,"FUN_00446cf0"
005708bb,Unwind@005708bb,8,0,"FUN_00436f50"
005708c3,Unwind@005708c3,11,0,"FUN_00431f30"
005708ce,Unwind@005708ce,11,0,"FUN_00431f30"
005708d9,Unwind@005708d9,25,0,"FUN_004383d0"
005708f2,Unwind@005708f2,8,0,"FUN_00438b00"
005708fa,Unwind@005708fa,11,0,"FUN_00431f30"
00570905,Unwind@00570905,8,0,"FUN_00446d30"
0057090d,Unwind@0057090d,11,0,"FUN_00431f30"
00570918,Unwind@00570918,11,0,"FUN_00431f30"
00570923,Unwind@00570923,8,0,"FUN_00446cf0"
0057092b,Unwind@0057092b,8,0,"FUN_00436f50"
00570933,Unwind@00570933,11,0,"FUN_00433b20"
0057093e,Unwind@0057093e,11,0,"FUN_00433b20"
00570970,Unwind@00570970,8,0,"FUN_00436f50"
00570978,Unwind@00570978,8,0,"FUN_00436f50"
00570980,Unwind@00570980,8,0,"FUN_00436f50"
00570988,Unwind@00570988,8,0,"FUN_00436f50"
00570990,Unwind@00570990,8,0,"FUN_00436f50"
00570998,Unwind@00570998,8,0,"FUN_00436f50"
005709a0,Unwind@005709a0,8,0,"FUN_00436f50"
005709a8,Unwind@005709a8,8,0,"FUN_00436f50"
005709b0,Unwind@005709b0,8,0,"FUN_00436f50"
005709b8,Unwind@005709b8,25,0,"FUN_00436f50"
005709d1,Unwind@005709d1,11,0,"FUN_00436f50"
005709dc,Unwind@005709dc,8,0,"FUN_00436f50"
005709e4,Unwind@005709e4,8,0,"FUN_00436f50"
005709ec,Unwind@005709ec,8,0,"FUN_00436f50"
00570a20,Unwind@00570a20,8,0,"FUN_00436f50"
00570a28,Unwind@00570a28,8,0,"FUN_00436f50"
00570a30,Unwind@00570a30,8,0,"FUN_00436f50"
00570a38,Unwind@00570a38,8,0,"FUN_00436f50"
00570a40,Unwind@00570a40,8,0,"FUN_00436f50"
00570a48,Unwind@00570a48,8,0,"FUN_00436f50"
00570a50,Unwind@00570a50,8,0,"FUN_00436f50"
00570a80,Unwind@00570a80,8,0,"FUN_004383d0"
00570a88,Unwind@00570a88,11,0,"FUN_00436f50"
00570a93,Unwind@00570a93,11,0,"FUN_00433b20"
00570ac0,Unwind@00570ac0,8,0,"FUN_00431f30"
00570ac8,Unwind@00570ac8,11,0,"FUN_00431f30"
00570ad3,Unwind@00570ad3,8,0,"FUN_00446ab0"
00570adb,Unwind@00570adb,11,0,"FUN_00431f30"
00570ae6,Unwind@00570ae6,11,0,"FUN_00431f30"
00570af1,Unwind@00570af1,25,0,"FUN_004383d0"
00570b0a,Unwind@00570b0a,8,0,"FUN_00438b00"
00570b12,Unwind@00570b12,11,0,"FUN_00431f30"
00570b1d,Unwind@00570b1d,8,0,"FUN_00446d30"
00570b25,Unwind@00570b25,11,0,"FUN_00431f30"
00570b30,Unwind@00570b30,11,0,"FUN_00431f30"
00570b3b,Unwind@00570b3b,8,0,"FUN_00446ab0"
00570b43,Unwind@00570b43,11,0,"FUN_00431f30"
00570b4e,Unwind@00570b4e,11,0,"FUN_00431f30"
00570b59,Unwind@00570b59,8,0,"FUN_00446ab0"
00570b61,Unwind@00570b61,11,0,"FUN_00433b20"
00570b6c,Unwind@00570b6c,11,0,"FUN_00433b20"
00570ba0,Unwind@00570ba0,11,0,"FUN_00436f50"
00570bab,Unwind@00570bab,8,0,"FUN_00436f50"
00570bb3,Unwind@00570bb3,11,0,"FUN_00436f50"
00570bbe,Unwind@00570bbe,8,0,"FUN_00436f50"
00570bc6,Unwind@00570bc6,8,0,"FUN_00436f50"
00570bce,Unwind@00570bce,8,0,"FUN_00436f50"
00570bd6,Unwind@00570bd6,11,0,"FUN_00436f50"
00570be1,Unwind@00570be1,11,0,"FUN_00436f50"
00570bec,Unwind@00570bec,8,0,"FUN_00436f50"
00570bf4,Unwind@00570bf4,8,0,"FUN_00436f50"
00570bfc,Unwind@00570bfc,8,0,"FUN_00436f50"
00570c04,Unwind@00570c04,8,0,"FUN_00436f50"
00570c0c,Unwind@00570c0c,8,0,"FUN_00436f50"
00570c14,Unwind@00570c14,8,0,"FUN_00436f50"
00570c1c,Unwind@00570c1c,8,0,"FUN_00436f50"
00570c24,Unwind@00570c24,8,0,"FUN_00436f50"
00570c2c,Unwind@00570c2c,8,0,"FUN_00436f50"
00570c34,Unwind@00570c34,25,0,"FUN_00436f50"
00570c4d,Unwind@00570c4d,8,0,"FUN_00436f50"
00570c55,Unwind@00570c55,8,0,"FUN_00436f50"
00570c5d,Unwind@00570c5d,8,0,"FUN_00436f50"
00570c65,Unwind@00570c65,8,0,"FUN_00436f50"
00570ca0,Unwind@00570ca0,8,0,"FUN_00436f50"
00570ca8,Unwind@00570ca8,8,0,"FUN_00436f50"
00570cb0,Unwind@00570cb0,8,0,"FUN_00436f50"
00570cb8,Unwind@00570cb8,8,0,"FUN_00436f50"
00570cc0,Unwind@00570cc0,8,0,"FUN_00436f50"
00570cf0,Unwind@00570cf0,28,0,"FUN_004383d0"
00570d0c,Unwind@00570d0c,11,0,"FUN_0043b040"
00570d17,Unwind@00570d17,12,0,"FUN_00463597"
00570d50,Unwind@00570d50,8,0,"FUN_00454540"
00570d58,Unwind@00570d58,11,0,"FUN_00432ff0"
00570d63,Unwind@00570d63,14,0,"FUN_004339f0"
00570d71,Unwind@00570d71,14,0,"FUN_00455400"
00570d7f,Unwind@00570d7f,14,0,"FUN_004339f0"
00570dd0,Unwind@00570dd0,11,0,"FUN_00431f30"
00570ddb,Unwind@00570ddb,11,0,"FUN_00431f30"
00570de6,Unwind@00570de6,25,0,"FUN_004383d0"
00570dff,Unwind@00570dff,8,0,"FUN_00438b00"
00570e07,Unwind@00570e07,11,0,"FUN_00431f30"
00570e12,Unwind@00570e12,8,0,"FUN_00446d30"
00570e1a,Unwind@00570e1a,11,0,"FUN_00431f30"
00570e25,Unwind@00570e25,11,0,"FUN_00431f30"
00570e30,Unwind@00570e30,11,0,"FUN_00446b70"
00570e3b,Unwind@00570e3b,25,0,"FUN_004339f0"
00570e54,Unwind@00570e54,25,0,"FUN_004339f0"
00570e6d,Unwind@00570e6d,11,0,"FUN_00431f30"
00570e78,Unwind@00570e78,11,0,"FUN_00431f30"
00570e83,Unwind@00570e83,25,0,"FUN_004383d0"
00570e9c,Unwind@00570e9c,8,0,"FUN_00438b00"
00570ea4,Unwind@00570ea4,11,0,"FUN_00431f30"
00570eaf,Unwind@00570eaf,8,0,"FUN_004337c0"
00570eb7,Unwind@00570eb7,11,0,"FUN_00431f30"
00570ec2,Unwind@00570ec2,11,0,"FUN_00431f30"
00570ecd,Unwind@00570ecd,11,0,"FUN_00446b70"
00570ed8,Unwind@00570ed8,8,0,"FUN_004339f0"
00570f10,Unwind@00570f10,11,0,"FUN_00436f50"
00570f1b,Unwind@00570f1b,11,0,"FUN_00436f50"
00570f26,Unwind@00570f26,11,0,"FUN_00436f50"
00570f31,Unwind@00570f31,8,0,"FUN_00436f50"
00570f39,Unwind@00570f39,8,0,"FUN_00436f50"
00570f41,Unwind@00570f41,11,0,"FUN_00436f50"
00570f4c,Unwind@00570f4c,8,0,"FUN_00436f50"
00570f54,Unwind@00570f54,8,0,"FUN_00436f50"
00570f5c,Unwind@00570f5c,11,0,"FUN_00436f50"
00570f67,Unwind@00570f67,11,0,"FUN_00436f50"
00570f72,Unwind@00570f72,8,0,"FUN_00436f50"
00570f7a,Unwind@00570f7a,8,0,"FUN_00436f50"
00570f82,Unwind@00570f82,11,0,"FUN_00436f50"
00570f8d,Unwind@00570f8d,8,0,"FUN_00436f50"
00570f95,Unwind@00570f95,8,0,"FUN_00436f50"
00570f9d,Unwind@00570f9d,8,0,"FUN_00436f50"
00570fa5,Unwind@00570fa5,8,0,"FUN_00436f50"
00570fad,Unwind@00570fad,8,0,"FUN_00436f50"
00570fb5,Unwind@00570fb5,8,0,"FUN_00436f50"
00570fbd,Unwind@00570fbd,25,0,"FUN_00436f50"
00570fd6,Unwind@00570fd6,8,0,"FUN_00436f50"
00570fde,Unwind@00570fde,8,0,"FUN_00436f50"
00570fe6,Unwind@00570fe6,8,0,"FUN_00436f50"
00570fee,Unwind@00570fee,8,0,"FUN_00436f50"
00570ff6,Unwind@00570ff6,8,0,"FUN_00436f50"
00570ffe,Unwind@00570ffe,8,0,"FUN_00436f50"
00571006,Unwind@00571006,8,0,"FUN_00436f50"
0057100e,Unwind@0057100e,8,0,"FUN_00436f50"
00571016,Unwind@00571016,8,0,"FUN_00436f50"
0057101e,Unwind@0057101e,8,0,"FUN_00436f50"
00571026,Unwind@00571026,8,0,"FUN_00436f50"
0057102e,Unwind@0057102e,8,0,"FUN_00436f50"
00571036,Unwind@00571036,8,0,"FUN_00436f50"
00571070,Unwind@00571070,8,0,"FUN_004383d0"
00571078,Unwind@00571078,11,0,"FUN_00436f50"
00571083,Unwind@00571083,11,0,"FUN_00431f30"
0057108e,Unwind@0057108e,11,0,"FUN_00436f50"
005710c0,Unwind@005710c0,11,0,"FUN_00436f50"
005710cb,Unwind@005710cb,11,0,"FUN_00436f50"
005710d6,Unwind@005710d6,11,0,"FUN_00436f50"
005710e1,Unwind@005710e1,11,0,"FUN_00436f50"
005710ec,Unwind@005710ec,11,0,"FUN_00436f50"
005710f7,Unwind@005710f7,11,0,"FUN_00436f50"
00571102,Unwind@00571102,8,0,"FUN_00436f50"
0057110a,Unwind@0057110a,11,0,"FUN_00436f50"
00571115,Unwind@00571115,8,0,"FUN_00436f50"
0057111d,Unwind@0057111d,8,0,"FUN_00436f50"
00571125,Unwind@00571125,11,0,"FUN_00436f50"
00571130,Unwind@00571130,11,0,"FUN_00436f50"
0057113b,Unwind@0057113b,8,0,"FUN_00436f50"
00571143,Unwind@00571143,8,0,"FUN_00436f50"
0057114b,Unwind@0057114b,8,0,"FUN_00436f50"
00571153,Unwind@00571153,11,0,"FUN_00436f50"
0057115e,Unwind@0057115e,8,0,"FUN_00436f50"
00571166,Unwind@00571166,8,0,"FUN_00436f50"
0057116e,Unwind@0057116e,8,0,"FUN_00436f50"
00571176,Unwind@00571176,11,0,"FUN_00436f50"
00571181,Unwind@00571181,8,0,"FUN_00436f50"
00571189,Unwind@00571189,8,0,"FUN_00436f50"
00571191,Unwind@00571191,8,0,"FUN_00436f50"
00571199,Unwind@00571199,11,0,"FUN_00436f50"
005711a4,Unwind@005711a4,8,0,"FUN_00436f50"
005711ac,Unwind@005711ac,8,0,"FUN_00436f50"
005711b4,Unwind@005711b4,8,0,"FUN_00436f50"
005711f0,Unwind@005711f0,8,0,"FUN_004383d0"
005711f8,Unwind@005711f8,8,0,"FUN_004383d0"
00571200,Unwind@00571200,11,0,"FUN_00436f50"
0057120b,Unwind@0057120b,11,0,"FUN_00431f30"
00571216,Unwind@00571216,11,0,"FUN_00436f50"
00571221,Unwind@00571221,11,0,"FUN_00433930"
0057122c,Unwind@0057122c,11,0,"FUN_00436f50"
00571260,Unwind@00571260,11,0,"FUN_00436f50"
0057126b,Unwind@0057126b,11,0,"FUN_00436f50"
00571276,Unwind@00571276,11,0,"FUN_00436f50"
00571281,Unwind@00571281,11,0,"FUN_00436f50"
0057128c,Unwind@0057128c,11,0,"FUN_00436f50"
00571297,Unwind@00571297,8,0,"FUN_00436f50"
0057129f,Unwind@0057129f,8,0,"FUN_00436f50"
005712a7,Unwind@005712a7,11,0,"FUN_00436f50"
005712b2,Unwind@005712b2,11,0,"FUN_00436f50"
005712bd,Unwind@005712bd,8,0,"FUN_00436f50"
005712c5,Unwind@005712c5,8,0,"FUN_00436f50"
005712cd,Unwind@005712cd,11,0,"FUN_00436f50"
005712d8,Unwind@005712d8,11,0,"FUN_00436f50"
005712e3,Unwind@005712e3,8,0,"FUN_00436f50"
005712eb,Unwind@005712eb,8,0,"FUN_00436f50"
005712f3,Unwind@005712f3,11,0,"FUN_00436f50"
005712fe,Unwind@005712fe,8,0,"FUN_00436f50"
00571306,Unwind@00571306,8,0,"FUN_00436f50"
0057130e,Unwind@0057130e,11,0,"FUN_00436f50"
00571319,Unwind@00571319,8,0,"FUN_00436f50"
00571321,Unwind@00571321,8,0,"FUN_00436f50"
00571329,Unwind@00571329,8,0,"FUN_00436f50"
00571331,Unwind@00571331,8,0,"FUN_00436f50"
00571339,Unwind@00571339,8,0,"FUN_00436f50"
00571341,Unwind@00571341,8,0,"FUN_00436f50"
00571349,Unwind@00571349,8,0,"FUN_00436f50"
00571351,Unwind@00571351,8,0,"FUN_00436f50"
00571359,Unwind@00571359,8,0,"FUN_00436f50"
00571390,Unwind@00571390,8,0,"FUN_004383d0"
00571398,Unwind@00571398,28,0,"FUN_004383d0"
005713b4,Unwind@005713b4,11,0,"FUN_0043b040"
005713bf,Unwind@005713bf,11,0,"FUN_00435d40"
005713ca,Unwind@005713ca,11,0,"FUN_00433b20"
005713d5,Unwind@005713d5,28,0,"FUN_004383d0"
005713f1,Unwind@005713f1,11,0,"FUN_0043b040"
005713fc,Unwind@005713fc,11,0,"FUN_004339f0"
00571407,Unwind@00571407,11,0,"FUN_00436f50"
00571412,Unwind@00571412,14,0,"FUN_00455400"
00571420,Unwind@00571420,12,0,"FUN_00463597"
00571450,Unwind@00571450,8,0,"FUN_004383d0"
00571458,Unwind@00571458,28,0,"FUN_004383d0"
00571474,Unwind@00571474,11,0,"FUN_0043b040"
0057147f,Unwind@0057147f,11,0,"FUN_00435d40"
0057148a,Unwind@0057148a,11,0,"FUN_00435d40"
00571495,Unwind@00571495,11,0,"FUN_00433b20"
005714a0,Unwind@005714a0,11,0,"FUN_004339f0"
005714ab,Unwind@005714ab,11,0,"FUN_00436f50"
005714e0,Unwind@005714e0,28,0,"FUN_00436f50"
005714fc,Unwind@005714fc,28,0,"FUN_00436f50"
00571518,Unwind@00571518,11,0,"FUN_00436f50"
00571523,Unwind@00571523,11,0,"FUN_00436f50"
0057152e,Unwind@0057152e,11,0,"FUN_00436f50"
00571539,Unwind@00571539,11,0,"FUN_00436f50"
00571544,Unwind@00571544,11,0,"FUN_00436f50"
0057154f,Unwind@0057154f,8,0,"FUN_00436f50"
00571557,Unwind@00571557,8,0,"FUN_00436f50"
0057155f,Unwind@0057155f,11,0,"FUN_00436f50"
0057156a,Unwind@0057156a,11,0,"FUN_00436f50"
00571575,Unwind@00571575,8,0,"FUN_00436f50"
0057157d,Unwind@0057157d,8,0,"FUN_00436f50"
00571585,Unwind@00571585,11,0,"FUN_00436f50"
00571590,Unwind@00571590,11,0,"FUN_00436f50"
0057159b,Unwind@0057159b,8,0,"FUN_00436f50"
005715a3,Unwind@005715a3,8,0,"FUN_00436f50"
005715ab,Unwind@005715ab,11,0,"FUN_00436f50"
005715b6,Unwind@005715b6,11,0,"FUN_00436f50"
005715c1,Unwind@005715c1,8,0,"FUN_00436f50"
005715c9,Unwind@005715c9,8,0,"FUN_00436f50"
005715d1,Unwind@005715d1,11,0,"FUN_00436f50"
005715dc,Unwind@005715dc,11,0,"FUN_00436f50"
005715e7,Unwind@005715e7,8,0,"FUN_00436f50"
005715ef,Unwind@005715ef,8,0,"FUN_00436f50"
005715f7,Unwind@005715f7,11,0,"FUN_00436f50"
00571602,Unwind@00571602,11,0,"FUN_00436f50"
0057160d,Unwind@0057160d,8,0,"FUN_00436f50"
00571615,Unwind@00571615,8,0,"FUN_00436f50"
0057161d,Unwind@0057161d,11,0,"FUN_00436f50"
00571628,Unwind@00571628,11,0,"FUN_00436f50"
00571633,Unwind@00571633,8,0,"FUN_00436f50"
0057163b,Unwind@0057163b,8,0,"FUN_00436f50"
00571643,Unwind@00571643,11,0,"FUN_00436f50"
0057164e,Unwind@0057164e,11,0,"FUN_00436f50"
00571659,Unwind@00571659,8,0,"FUN_00436f50"
00571661,Unwind@00571661,8,0,"FUN_00436f50"
00571669,Unwind@00571669,11,0,"FUN_00436f50"
00571674,Unwind@00571674,11,0,"FUN_00436f50"
0057167f,Unwind@0057167f,8,0,"FUN_00436f50"
00571687,Unwind@00571687,8,0,"FUN_00436f50"
0057168f,Unwind@0057168f,11,0,"FUN_00436f50"
0057169a,Unwind@0057169a,11,0,"FUN_00436f50"
005716a5,Unwind@005716a5,8,0,"FUN_00436f50"
005716ad,Unwind@005716ad,8,0,"FUN_00436f50"
005716b5,Unwind@005716b5,8,0,"FUN_00436f50"
005716bd,Unwind@005716bd,11,0,"FUN_00436f50"
005716c8,Unwind@005716c8,8,0,"FUN_00436f50"
005716d0,Unwind@005716d0,8,0,"FUN_00436f50"
005716d8,Unwind@005716d8,8,0,"FUN_00436f50"
005716e0,Unwind@005716e0,11,0,"FUN_00436f50"
005716eb,Unwind@005716eb,8,0,"FUN_00436f50"
005716f3,Unwind@005716f3,8,0,"FUN_00436f50"
005716fb,Unwind@005716fb,8,0,"FUN_00436f50"
00571703,Unwind@00571703,11,0,"FUN_00436f50"
0057170e,Unwind@0057170e,8,0,"FUN_00436f50"
00571716,Unwind@00571716,8,0,"FUN_00436f50"
0057171e,Unwind@0057171e,11,0,"FUN_00436f50"
00571750,Unwind@00571750,28,0,"FUN_004383d0"
0057176c,Unwind@0057176c,11,0,"FUN_0043b040"
00571777,Unwind@00571777,12,0,"FUN_00463597"
005717b0,Unwind@005717b0,8,0,"FUN_004383d0"
005717b8,Unwind@005717b8,28,0,"FUN_004383d0"
005717d4,Unwind@005717d4,11,0,"FUN_0043b040"
00571810,Unwind@00571810,11,0,"FUN_00436f50"
0057181b,Unwind@0057181b,11,0,"FUN_00436f50"
00571826,Unwind@00571826,11,0,"FUN_00436f50"
00571831,Unwind@00571831,8,0,"FUN_00436f50"
00571839,Unwind@00571839,8,0,"FUN_00436f50"
00571841,Unwind@00571841,11,0,"FUN_00436f50"
0057184c,Unwind@0057184c,8,0,"FUN_00436f50"
00571854,Unwind@00571854,8,0,"FUN_00436f50"
0057185c,Unwind@0057185c,11,0,"FUN_00436f50"
00571867,Unwind@00571867,8,0,"FUN_00436f50"
0057186f,Unwind@0057186f,8,0,"FUN_00436f50"
00571877,Unwind@00571877,8,0,"FUN_00436f50"
0057187f,Unwind@0057187f,8,0,"FUN_00436f50"
00571887,Unwind@00571887,8,0,"FUN_00436f50"
0057188f,Unwind@0057188f,8,0,"FUN_00436f50"
00571897,Unwind@00571897,8,0,"FUN_00436f50"
0057189f,Unwind@0057189f,8,0,"FUN_00436f50"
005718a7,Unwind@005718a7,8,0,"FUN_00436f50"
005718e0,Unwind@005718e0,11,0,"FUN_00433b20"
005718eb,Unwind@005718eb,11,0,"FUN_00436f50"
005718f6,Unwind@005718f6,25,0,"FUN_004383d0"
0057190f,Unwind@0057190f,8,0,"FUN_00446cf0"
00571917,Unwind@00571917,11,0,"FUN_00431f30"
00571922,Unwind@00571922,25,0,"FUN_004383d0"
0057193b,Unwind@0057193b,8,0,"FUN_00446a30"
00571943,Unwind@00571943,11,0,"FUN_00431f30"
0057194e,Unwind@0057194e,8,0,"thunk_FUN_004383d0"
00571956,Unwind@00571956,11,0,"FUN_00433b20"
00571990,Unwind@00571990,11,0,"FUN_00436f50"
0057199b,Unwind@0057199b,8,0,"FUN_00436f50"
005719a3,Unwind@005719a3,8,0,"FUN_00436f50"
005719ab,Unwind@005719ab,11,0,"FUN_00436f50"
005719b6,Unwind@005719b6,8,0,"FUN_00436f50"
005719be,Unwind@005719be,8,0,"FUN_00436f50"
005719c6,Unwind@005719c6,11,0,"FUN_00436f50"
005719d1,Unwind@005719d1,8,0,"FUN_00436f50"
005719d9,Unwind@005719d9,8,0,"FUN_00436f50"
005719e1,Unwind@005719e1,11,0,"FUN_00436f50"
005719ec,Unwind@005719ec,11,0,"FUN_00436f50"
005719f7,Unwind@005719f7,8,0,"FUN_00436f50"
005719ff,Unwind@005719ff,8,0,"FUN_00436f50"
00571a07,Unwind@00571a07,11,0,"FUN_00436f50"
00571a12,Unwind@00571a12,11,0,"FUN_00436f50"
00571a1d,Unwind@00571a1d,8,0,"FUN_00436f50"
00571a25,Unwind@00571a25,8,0,"FUN_00436f50"
00571a2d,Unwind@00571a2d,8,0,"FUN_00436f50"
00571a35,Unwind@00571a35,11,0,"FUN_00436f50"
00571a40,Unwind@00571a40,8,0,"FUN_00436f50"
00571a48,Unwind@00571a48,8,0,"FUN_00436f50"
00571a50,Unwind@00571a50,8,0,"FUN_00436f50"
00571a58,Unwind@00571a58,11,0,"FUN_00436f50"
00571a63,Unwind@00571a63,8,0,"FUN_00436f50"
00571a6b,Unwind@00571a6b,8,0,"FUN_00436f50"
00571a73,Unwind@00571a73,8,0,"FUN_00436f50"
00571aa0,Unwind@00571aa0,8,0,"FUN_004383d0"
00571aa8,Unwind@00571aa8,11,0,"FUN_00436f50"
00571ae0,Unwind@00571ae0,8,0,"FUN_00436f50"
00571ae8,Unwind@00571ae8,28,0,"FUN_00436f50"
00571b04,Unwind@00571b04,8,0,"FUN_00436f50"
00571b0c,Unwind@00571b0c,8,0,"FUN_00436f50"
00571b14,Unwind@00571b14,28,0,"FUN_00436f50"
00571b30,Unwind@00571b30,28,0,"FUN_00436f50"
00571b4c,Unwind@00571b4c,8,0,"FUN_00436f50"
00571b54,Unwind@00571b54,8,0,"FUN_00436f50"
00571b5c,Unwind@00571b5c,25,0,"FUN_00436f50"
00571b75,Unwind@00571b75,28,0,"FUN_00436f50"
00571b91,Unwind@00571b91,8,0,"FUN_00436f50"
00571b99,Unwind@00571b99,11,0,"FUN_00436f50"
00571ba4,Unwind@00571ba4,8,0,"FUN_00436f50"
00571bac,Unwind@00571bac,8,0,"FUN_00436f50"
00571bb4,Unwind@00571bb4,8,0,"FUN_00436f50"
00571bbc,Unwind@00571bbc,11,0,"FUN_00436f50"
00571bc7,Unwind@00571bc7,11,0,"FUN_00436f50"
00571bd2,Unwind@00571bd2,8,0,"FUN_00436f50"
00571bda,Unwind@00571bda,8,0,"FUN_00436f50"
00571c10,Unwind@00571c10,11,0,"FUN_00436f50"
00571c1b,Unwind@00571c1b,8,0,"FUN_00436f50"
00571c23,Unwind@00571c23,8,0,"FUN_00436f50"
00571c2b,Unwind@00571c2b,11,0,"FUN_00436f50"
00571c36,Unwind@00571c36,8,0,"FUN_00436f50"
00571c3e,Unwind@00571c3e,8,0,"FUN_00436f50"
00571c46,Unwind@00571c46,11,0,"FUN_00436f50"
00571c51,Unwind@00571c51,8,0,"FUN_00436f50"
00571c59,Unwind@00571c59,8,0,"FUN_00436f50"
00571c61,Unwind@00571c61,8,0,"FUN_00436f50"
00571c69,Unwind@00571c69,8,0,"FUN_00436f50"
00571c71,Unwind@00571c71,8,0,"FUN_00436f50"
00571c79,Unwind@00571c79,8,0,"FUN_00436f50"
00571c81,Unwind@00571c81,11,0,"FUN_00436f50"
00571c8c,Unwind@00571c8c,8,0,"FUN_00436f50"
00571c94,Unwind@00571c94,8,0,"FUN_00436f50"
00571c9c,Unwind@00571c9c,8,0,"FUN_00436f50"
00571ca4,Unwind@00571ca4,11,0,"FUN_00436f50"
00571caf,Unwind@00571caf,8,0,"FUN_00436f50"
00571cb7,Unwind@00571cb7,8,0,"FUN_00436f50"
00571cbf,Unwind@00571cbf,8,0,"FUN_00436f50"
00571cf0,Unwind@00571cf0,8,0,"FUN_00436f50"
00571cf8,Unwind@00571cf8,8,0,"FUN_00436f50"
00571d00,Unwind@00571d00,8,0,"FUN_00436f50"
00571d08,Unwind@00571d08,8,0,"FUN_00436f50"
00571d10,Unwind@00571d10,8,0,"FUN_00436f50"
00571d18,Unwind@00571d18,8,0,"FUN_00436f50"
00571d20,Unwind@00571d20,8,0,"FUN_00436f50"
00571d28,Unwind@00571d28,8,0,"FUN_00436f50"
00571d30,Unwind@00571d30,8,0,"FUN_00436f50"
00571d38,Unwind@00571d38,8,0,"FUN_00436f50"
00571d40,Unwind@00571d40,8,0,"FUN_00436f50"
00571d48,Unwind@00571d48,8,0,"FUN_00436f50"
00571d80,Unwind@00571d80,28,0,"FUN_004383d0"
00571d9c,Unwind@00571d9c,11,0,"FUN_0043b040"
00571da7,Unwind@00571da7,12,0,"FUN_00463597"
00571de0,Unwind@00571de0,33,0,"FUN_004383d0"
00571e01,Unwind@00571e01,11,0,"FUN_004466a0"
00571e0c,Unwind@00571e0c,11,0,"FUN_00433b20"
00571e17,Unwind@00571e17,30,0,"FUN_004383d0"
00571e35,Unwind@00571e35,8,0,"FUN_00446cb0"
00571e3d,Unwind@00571e3d,30,0,"FUN_004383d0"
00571e5b,Unwind@00571e5b,8,0,"FUN_00446d30"
00571e63,Unwind@00571e63,11,0,"FUN_00431f30"
00571e6e,Unwind@00571e6e,11,0,"FUN_00431f30"
00571e79,Unwind@00571e79,11,0,"FUN_00433b20"
00571e84,Unwind@00571e84,25,0,"FUN_004383d0"
00571e9d,Unwind@00571e9d,8,0,"FUN_00446b70"
00571ea5,Unwind@00571ea5,11,0,"FUN_00431f30"
00571eb0,Unwind@00571eb0,11,0,"FUN_00431f30"
00571ebb,Unwind@00571ebb,30,0,"FUN_004383d0"
00571ed9,Unwind@00571ed9,8,0,"FUN_00446cb0"
00571ee1,Unwind@00571ee1,11,0,"FUN_00431f30"
00571eec,Unwind@00571eec,11,0,"FUN_00431f30"
00571ef7,Unwind@00571ef7,25,0,"FUN_004383d0"
00571f10,Unwind@00571f10,8,0,"FUN_00446d30"
00571f18,Unwind@00571f18,11,0,"FUN_00431f30"
00571f23,Unwind@00571f23,11,0,"FUN_00431f30"
00571f2e,Unwind@00571f2e,30,0,"FUN_004383d0"
00571f4c,Unwind@00571f4c,8,0,"FUN_00446cf0"
00571f54,Unwind@00571f54,11,0,"FUN_00431f30"
00571f5f,Unwind@00571f5f,11,0,"FUN_00431f30"
00571f6a,Unwind@00571f6a,30,0,"FUN_004383d0"
00571f88,Unwind@00571f88,8,0,"FUN_00446ab0"
00571f90,Unwind@00571f90,11,0,"FUN_00431f30"
00571f9b,Unwind@00571f9b,11,0,"FUN_00431f30"
00571fa6,Unwind@00571fa6,25,0,"FUN_004383d0"
00571fbf,Unwind@00571fbf,8,0,"FUN_004337c0"
00571fc7,Unwind@00571fc7,11,0,"FUN_00431f30"
00571fd2,Unwind@00571fd2,11,0,"FUN_00431f30"
00571fdd,Unwind@00571fdd,30,0,"FUN_004383d0"
00571ffb,Unwind@00571ffb,8,0,"FUN_004337c0"
00572003,Unwind@00572003,11,0,"FUN_00431f30"
0057200e,Unwind@0057200e,11,0,"FUN_00431f30"
00572019,Unwind@00572019,25,0,"FUN_004383d0"
00572032,Unwind@00572032,8,0,"FUN_00446d30"
0057203a,Unwind@0057203a,11,0,"FUN_00431f30"
00572045,Unwind@00572045,11,0,"FUN_00431f30"
00572050,Unwind@00572050,30,0,"FUN_004383d0"
0057206e,Unwind@0057206e,8,0,"FUN_00446d30"
00572076,Unwind@00572076,11,0,"FUN_00431f30"
00572081,Unwind@00572081,11,0,"FUN_00431f30"
0057208c,Unwind@0057208c,30,0,"FUN_004383d0"
005720aa,Unwind@005720aa,8,0,"FUN_00455490"
005720b2,Unwind@005720b2,11,0,"FUN_00431f30"
005720bd,Unwind@005720bd,11,0,"FUN_00431f30"
005720c8,Unwind@005720c8,30,0,"FUN_004383d0"
005720e6,Unwind@005720e6,8,0,"FUN_00446d30"
005720ee,Unwind@005720ee,11,0,"FUN_00431f30"
005720f9,Unwind@005720f9,11,0,"FUN_00431f30"
00572104,Unwind@00572104,30,0,"FUN_004383d0"
00572122,Unwind@00572122,8,0,"FUN_00455490"
0057212a,Unwind@0057212a,11,0,"FUN_00431f30"
00572135,Unwind@00572135,11,0,"FUN_00431f30"
00572140,Unwind@00572140,28,0,"FUN_004383d0"
00572190,Unwind@00572190,25,0,"FUN_004383d0"
005721a9,Unwind@005721a9,11,0,"FUN_004466a0"
005721b4,Unwind@005721b4,25,0,"FUN_004383d0"
005721cd,Unwind@005721cd,8,0,"FUN_00446d30"
005721d5,Unwind@005721d5,25,0,"FUN_004383d0"
005721ee,Unwind@005721ee,8,0,"FUN_00446cf0"
005721f6,Unwind@005721f6,25,0,"FUN_004954a0"
0057220f,Unwind@0057220f,28,0,"FUN_00436f50"
0057222b,Unwind@0057222b,8,0,"FUN_004954a0"
00572233,Unwind@00572233,30,0,"FUN_004383d0"
00572251,Unwind@00572251,8,0,"FUN_00446cf0"
00572259,Unwind@00572259,30,0,"FUN_004383d0"
00572277,Unwind@00572277,8,0,"FUN_00446cf0"
0057227f,Unwind@0057227f,30,0,"FUN_004383d0"
0057229d,Unwind@0057229d,8,0,"FUN_00446cf0"
005722a5,Unwind@005722a5,30,0,"FUN_004383d0"
005722c3,Unwind@005722c3,8,0,"FUN_00446cf0"
005722cb,Unwind@005722cb,30,0,"FUN_004383d0"
005722e9,Unwind@005722e9,8,0,"FUN_00446ab0"
005722f1,Unwind@005722f1,8,0,"FUN_00446cf0"
005722f9,Unwind@005722f9,25,0,"FUN_004954a0"
00572312,Unwind@00572312,28,0,"FUN_00436f50"
0057232e,Unwind@0057232e,8,0,"FUN_004954a0"
00572360,Unwind@00572360,28,0,"FUN_004383d0"
0057237c,Unwind@0057237c,11,0,"FUN_004466a0"
00572387,Unwind@00572387,25,0,"FUN_004383d0"
005723a0,Unwind@005723a0,8,0,"FUN_00446cf0"
005723a8,Unwind@005723a8,11,0,"FUN_00431f30"
005723b3,Unwind@005723b3,8,0,"FUN_00431f30"
005723bb,Unwind@005723bb,25,0,"FUN_004383d0"
005723d4,Unwind@005723d4,8,0,"FUN_00446cf0"
005723dc,Unwind@005723dc,8,0,"FUN_00431f30"
005723e4,Unwind@005723e4,11,0,"FUN_00431f30"
005723ef,Unwind@005723ef,30,0,"FUN_004383d0"
0057240d,Unwind@0057240d,8,0,"FUN_00446cf0"
00572415,Unwind@00572415,30,0,"FUN_004383d0"
00572433,Unwind@00572433,8,0,"FUN_00446cf0"
0057243b,Unwind@0057243b,30,0,"FUN_004383d0"
00572459,Unwind@00572459,8,0,"FUN_00446ab0"
00572461,Unwind@00572461,30,0,"FUN_004383d0"
0057247f,Unwind@0057247f,8,0,"FUN_00446cf0"
00572487,Unwind@00572487,28,0,"FUN_004383d0"
005724a3,Unwind@005724a3,11,0,"FUN_004466e0"
005724ae,Unwind@005724ae,30,0,"FUN_004383d0"
005724cc,Unwind@005724cc,8,0,"FUN_00446d30"
005724d4,Unwind@005724d4,30,0,"FUN_004383d0"
005724f2,Unwind@005724f2,8,0,"FUN_00446ab0"
005724fa,Unwind@005724fa,11,0,"FUN_00431f30"
00572505,Unwind@00572505,11,0,"FUN_00431f30"
00572510,Unwind@00572510,30,0,"FUN_004383d0"
0057252e,Unwind@0057252e,8,0,"FUN_00446c70"
00572536,Unwind@00572536,25,0,"FUN_004383d0"
0057254f,Unwind@0057254f,8,0,"FUN_00446ab0"
00572557,Unwind@00572557,11,0,"FUN_00431f30"
00572562,Unwind@00572562,11,0,"FUN_00431f30"
0057256d,Unwind@0057256d,30,0,"FUN_004383d0"
0057258b,Unwind@0057258b,8,0,"FUN_00446ab0"
00572593,Unwind@00572593,11,0,"FUN_00431f30"
0057259e,Unwind@0057259e,11,0,"FUN_00431f30"
005725a9,Unwind@005725a9,28,0,"FUN_004954a0"
005725c5,Unwind@005725c5,28,0,"FUN_00436f50"
005725e1,Unwind@005725e1,11,0,"FUN_004954a0"
00572620,Unwind@00572620,25,0,"FUN_004383d0"
00572639,Unwind@00572639,11,0,"FUN_004466a0"
00572644,Unwind@00572644,25,0,"FUN_004383d0"
0057265d,Unwind@0057265d,8,0,"FUN_0043d940"
00572665,Unwind@00572665,25,0,"FUN_004383d0"
0057267e,Unwind@0057267e,8,0,"FUN_0043d940"
00572686,Unwind@00572686,8,0,"FUN_004954a0"
005726c0,Unwind@005726c0,11,0,"FUN_004466a0"
005726cb,Unwind@005726cb,25,0,"FUN_004383d0"
005726e4,Unwind@005726e4,8,0,"FUN_00446cf0"
005726ec,Unwind@005726ec,25,0,"FUN_004383d0"
00572705,Unwind@00572705,11,0,"FUN_004466a0"
00572710,Unwind@00572710,11,0,"FUN_004954a0"
00572740,Unwind@00572740,11,0,"FUN_004466a0"
0057274b,Unwind@0057274b,25,0,"FUN_004383d0"
00572764,Unwind@00572764,8,0,"FUN_00446cf0"
0057276c,Unwind@0057276c,28,0,"FUN_004383d0"
005727b0,Unwind@005727b0,11,0,"FUN_004466a0"
005727bb,Unwind@005727bb,25,0,"FUN_004383d0"
005727d4,Unwind@005727d4,8,0,"FUN_00455490"
005727dc,Unwind@005727dc,8,0,"FUN_004954a0"
00572810,Unwind@00572810,25,0,"FUN_004383d0"
00572829,Unwind@00572829,11,0,"FUN_004466a0"
00572834,Unwind@00572834,25,0,"FUN_004383d0"
0057284d,Unwind@0057284d,8,0,"FUN_00446cf0"
00572855,Unwind@00572855,11,0,"FUN_00431f30"
00572860,Unwind@00572860,11,0,"FUN_00431f30"
0057286b,Unwind@0057286b,11,0,"FUN_004954a0"
005728a0,Unwind@005728a0,11,0,"FUN_004466a0"
005728ab,Unwind@005728ab,25,0,"FUN_004383d0"
005728c4,Unwind@005728c4,8,0,"FUN_00446cf0"
005728cc,Unwind@005728cc,25,0,"FUN_004383d0"
005728e5,Unwind@005728e5,8,0,"FUN_00446ab0"
005728ed,Unwind@005728ed,25,0,"FUN_004383d0"
00572906,Unwind@00572906,8,0,"FUN_00446cf0"
0057290e,Unwind@0057290e,8,0,"FUN_004954a0"
00572940,Unwind@00572940,25,0,"FUN_004383d0"
00572959,Unwind@00572959,11,0,"FUN_004466a0"
00572964,Unwind@00572964,25,0,"FUN_004383d0"
0057297d,Unwind@0057297d,8,0,"FUN_00446cf0"
00572985,Unwind@00572985,25,0,"FUN_004383d0"
0057299e,Unwind@0057299e,8,0,"FUN_00446ab0"
005729a6,Unwind@005729a6,8,0,"FUN_004954a0"
005729e0,Unwind@005729e0,8,0,"FUN_004466a0"
005729e8,Unwind@005729e8,11,0,"FUN_004954a0"
00572a20,Unwind@00572a20,25,0,"FUN_004383d0"
00572a39,Unwind@00572a39,11,0,"FUN_0043b040"
00572a44,Unwind@00572a44,11,0,"FUN_00435d40"
00572a4f,Unwind@00572a4f,11,0,"FUN_00433b20"
00572a5a,Unwind@00572a5a,11,0,"FUN_004466a0"
00572a65,Unwind@00572a65,25,0,"FUN_004383d0"
00572a7e,Unwind@00572a7e,8,0,"FUN_00446cf0"
00572a86,Unwind@00572a86,25,0,"FUN_004383d0"
00572a9f,Unwind@00572a9f,8,0,"FUN_00446ab0"
00572aa7,Unwind@00572aa7,11,0,"FUN_00433b20"
00572ab2,Unwind@00572ab2,25,0,"FUN_004383d0"
00572acb,Unwind@00572acb,8,0,"FUN_00446cb0"
00572ad3,Unwind@00572ad3,25,0,"FUN_004383d0"
00572aec,Unwind@00572aec,8,0,"FUN_00446ab0"
00572af4,Unwind@00572af4,30,0,"FUN_004383d0"
00572b12,Unwind@00572b12,8,0,"FUN_00446cf0"
00572b1a,Unwind@00572b1a,30,0,"FUN_004383d0"
00572b38,Unwind@00572b38,8,0,"FUN_00446ab0"
00572b40,Unwind@00572b40,30,0,"FUN_004383d0"
00572b5e,Unwind@00572b5e,8,0,"FUN_00446cf0"
00572b66,Unwind@00572b66,28,0,"FUN_004383d0"
00572bb0,Unwind@00572bb0,25,0,"FUN_004466a0"
00572bc9,Unwind@00572bc9,28,0,"FUN_004954a0"
00572c10,Unwind@00572c10,11,0,"FUN_004466a0"
00572c1b,Unwind@00572c1b,25,0,"FUN_004383d0"
00572c34,Unwind@00572c34,8,0,"FUN_00446cf0"
00572c3c,Unwind@00572c3c,11,0,"FUN_00431f30"
00572c47,Unwind@00572c47,11,0,"FUN_00431f30"
00572c52,Unwind@00572c52,25,0,"FUN_004383d0"
00572c6b,Unwind@00572c6b,8,0,"FUN_00446ab0"
00572c73,Unwind@00572c73,25,0,"FUN_004383d0"
00572c8c,Unwind@00572c8c,8,0,"FUN_00446ab0"
00572c94,Unwind@00572c94,25,0,"FUN_004383d0"
00572cad,Unwind@00572cad,8,0,"FUN_004337c0"
00572cb5,Unwind@00572cb5,28,0,"FUN_004383d0"
00572d00,Unwind@00572d00,25,0,"FUN_004383d0"
00572d19,Unwind@00572d19,8,0,"FUN_004466a0"
00572d21,Unwind@00572d21,11,0,"FUN_004954a0"
00572d60,Unwind@00572d60,28,0,"FUN_004383d0"
00572d7c,Unwind@00572d7c,11,0,"FUN_004466a0"
00572d87,Unwind@00572d87,25,0,"FUN_004383d0"
00572da0,Unwind@00572da0,8,0,"FUN_00446d30"
00572da8,Unwind@00572da8,8,0,"thunk_FUN_004383d0"
00572db0,Unwind@00572db0,25,0,"FUN_004383d0"
00572dc9,Unwind@00572dc9,8,0,"FUN_00446ab0"
00572dd1,Unwind@00572dd1,8,0,"FUN_004954a0"
00572e00,Unwind@00572e00,11,0,"FUN_004466a0"
00572e0b,Unwind@00572e0b,11,0,"FUN_004954a0"
00572e16,Unwind@00572e16,11,0,"FUN_004466a0"
00572e21,Unwind@00572e21,25,0,"FUN_004383d0"
00572e3a,Unwind@00572e3a,8,0,"FUN_0043b040"
00572e42,Unwind@00572e42,8,0,"FUN_004339f0"
00572e4a,Unwind@00572e4a,25,0,"FUN_004383d0"
00572e63,Unwind@00572e63,8,0,"FUN_0043b040"
00572e6b,Unwind@00572e6b,8,0,"FUN_00435f60"
00572e73,Unwind@00572e73,25,0,"FUN_004383d0"
00572e8c,Unwind@00572e8c,11,0,"FUN_00455490"
00572e97,Unwind@00572e97,11,0,"FUN_00431f30"
00572ea2,Unwind@00572ea2,11,0,"FUN_00431f30"
00572ead,Unwind@00572ead,25,0,"FUN_004383d0"
00572ec6,Unwind@00572ec6,11,0,"FUN_0043d940"
00572ed1,Unwind@00572ed1,11,0,"FUN_00431f30"
00572edc,Unwind@00572edc,11,0,"FUN_00431f30"
00572ee7,Unwind@00572ee7,11,0,"FUN_004954a0"
00572ef2,Unwind@00572ef2,12,0,"FUN_00463597"
00572efe,Unwind@00572efe,12,0,"FUN_00463597"
00572f30,Unwind@00572f30,25,0,"FUN_004383d0"
00572f49,Unwind@00572f49,11,0,"FUN_004466a0"
00572f54,Unwind@00572f54,11,0,"FUN_00446ab0"
00572f5f,Unwind@00572f5f,11,0,"FUN_00446ab0"
00572f6a,Unwind@00572f6a,25,0,"FUN_004383d0"
00572f83,Unwind@00572f83,8,0,"FUN_0045a7c0"
00572f8b,Unwind@00572f8b,11,0,"FUN_00446ab0"
00572f96,Unwind@00572f96,11,0,"FUN_00446ab0"
00572fa1,Unwind@00572fa1,11,0,"FUN_00446ab0"
00572fac,Unwind@00572fac,11,0,"FUN_004954a0"
00572fb7,Unwind@00572fb7,25,0,"FUN_004383d0"
00572fd0,Unwind@00572fd0,8,0,"FUN_00446ab0"
00572fd8,Unwind@00572fd8,11,0,"FUN_00431f30"
00572fe3,Unwind@00572fe3,11,0,"FUN_00431f30"
00572fee,Unwind@00572fee,25,0,"FUN_004383d0"
00573007,Unwind@00573007,8,0,"FUN_004337c0"
0057300f,Unwind@0057300f,11,0,"FUN_004954a0"
00573040,Unwind@00573040,8,0,"thunk_FUN_004383d0"
00573048,Unwind@00573048,25,0,"FUN_004383d0"
00573061,Unwind@00573061,11,0,"FUN_004466a0"
0057306c,Unwind@0057306c,25,0,"FUN_004383d0"
00573085,Unwind@00573085,8,0,"FUN_00446cb0"
0057308d,Unwind@0057308d,11,0,"FUN_00431f30"
00573098,Unwind@00573098,11,0,"FUN_00431f30"
005730a3,Unwind@005730a3,25,0,"FUN_004383d0"
005730bc,Unwind@005730bc,8,0,"FUN_004337c0"
005730c4,Unwind@005730c4,11,0,"FUN_00431f30"
005730cf,Unwind@005730cf,11,0,"FUN_00431f30"
005730da,Unwind@005730da,25,0,"FUN_004383d0"
005730f3,Unwind@005730f3,8,0,"FUN_00446d30"
005730fb,Unwind@005730fb,11,0,"FUN_00431f30"
00573106,Unwind@00573106,11,0,"FUN_00431f30"
00573111,Unwind@00573111,25,0,"FUN_004383d0"
0057312a,Unwind@0057312a,8,0,"FUN_00446cb0"
00573132,Unwind@00573132,25,0,"FUN_004383d0"
0057314b,Unwind@0057314b,8,0,"FUN_00446ab0"
00573153,Unwind@00573153,11,0,"FUN_004954a0"
00573190,Unwind@00573190,8,0,"thunk_FUN_004383d0"
00573198,Unwind@00573198,25,0,"FUN_004383d0"
005731b1,Unwind@005731b1,11,0,"FUN_004466a0"
005731bc,Unwind@005731bc,25,0,"FUN_004383d0"
005731d5,Unwind@005731d5,8,0,"FUN_00446cb0"
005731dd,Unwind@005731dd,11,0,"FUN_00431f30"
005731e8,Unwind@005731e8,11,0,"FUN_00431f30"
005731f3,Unwind@005731f3,25,0,"FUN_004383d0"
0057320c,Unwind@0057320c,8,0,"FUN_00446d30"
00573214,Unwind@00573214,11,0,"FUN_00431f30"
0057321f,Unwind@0057321f,11,0,"FUN_00431f30"
0057322a,Unwind@0057322a,25,0,"FUN_004383d0"
00573243,Unwind@00573243,8,0,"FUN_00446cb0"
0057324b,Unwind@0057324b,25,0,"FUN_004383d0"
00573264,Unwind@00573264,8,0,"FUN_00446ab0"
0057326c,Unwind@0057326c,11,0,"FUN_004954a0"
005732a0,Unwind@005732a0,25,0,"FUN_004383d0"
005732b9,Unwind@005732b9,11,0,"FUN_004466a0"
005732c4,Unwind@005732c4,25,0,"FUN_004383d0"
005732dd,Unwind@005732dd,8,0,"FUN_00446cf0"
005732e5,Unwind@005732e5,11,0,"FUN_00431f30"
005732f0,Unwind@005732f0,11,0,"FUN_00431f30"
005732fb,Unwind@005732fb,11,0,"FUN_00431f30"
00573306,Unwind@00573306,11,0,"FUN_00431f30"
00573311,Unwind@00573311,8,0,"thunk_FUN_004383d0"
00573319,Unwind@00573319,25,0,"FUN_004383d0"
00573332,Unwind@00573332,8,0,"FUN_00446ab0"
0057333a,Unwind@0057333a,11,0,"FUN_004954a0"
00573370,Unwind@00573370,8,0,"FUN_00461080"
00573378,Unwind@00573378,8,0,"FUN_00431f30"
005733b0,Unwind@005733b0,25,0,"thunk_FUN_004383d0"
005733c9,Unwind@005733c9,28,0,"FUN_00461b90"
005733e5,Unwind@005733e5,25,0,"FUN_004383d0"
005733fe,Unwind@005733fe,8,0,"FUN_0043d940"
00573406,Unwind@00573406,11,0,"FUN_00431f30"
00573440,Unwind@00573440,8,0,"FUN_00433b20"
00573448,Unwind@00573448,11,0,"FUN_00431f30"
00573453,Unwind@00573453,11,0,"FUN_00431f30"
0057345e,Unwind@0057345e,11,0,"FUN_00431f30"
00573490,Unwind@00573490,8,0,"FUN_00433b20"
00573498,Unwind@00573498,11,0,"FUN_00431f30"
005734a3,Unwind@005734a3,11,0,"FUN_00431f30"
005734e0,Unwind@005734e0,8,0,"FUN_00433be0"
00573510,Unwind@00573510,11,0,"FUN_00433be0"
0057351b,Unwind@0057351b,11,0,"FUN_00436f50"
00573526,Unwind@00573526,11,0,"FUN_00436f50"
00573531,Unwind@00573531,11,0,"FUN_00436f50"
0057353c,Unwind@0057353c,11,0,"FUN_00436f50"
00573547,Unwind@00573547,8,0,"FUN_00436f50"
0057354f,Unwind@0057354f,8,0,"FUN_00436f50"
00573557,Unwind@00573557,11,0,"FUN_00436f50"
00573562,Unwind@00573562,11,0,"FUN_00436f50"
0057356d,Unwind@0057356d,8,0,"FUN_00436f50"
00573575,Unwind@00573575,8,0,"FUN_00436f50"
0057357d,Unwind@0057357d,11,0,"FUN_00436f50"
00573588,Unwind@00573588,11,0,"FUN_00436f50"
00573593,Unwind@00573593,8,0,"FUN_00436f50"
0057359b,Unwind@0057359b,8,0,"FUN_00436f50"
005735a3,Unwind@005735a3,11,0,"FUN_00436f50"
005735ae,Unwind@005735ae,11,0,"FUN_00436f50"
005735b9,Unwind@005735b9,8,0,"FUN_00436f50"
005735c1,Unwind@005735c1,8,0,"FUN_00436f50"
005735c9,Unwind@005735c9,11,0,"FUN_00436f50"
005735d4,Unwind@005735d4,11,0,"FUN_00436f50"
005735df,Unwind@005735df,8,0,"FUN_00436f50"
005735e7,Unwind@005735e7,8,0,"FUN_00436f50"
005735ef,Unwind@005735ef,11,0,"FUN_00436f50"
005735fa,Unwind@005735fa,11,0,"FUN_00436f50"
00573605,Unwind@00573605,8,0,"FUN_00436f50"
0057360d,Unwind@0057360d,8,0,"FUN_00436f50"
00573615,Unwind@00573615,11,0,"FUN_00436f50"
00573620,Unwind@00573620,8,0,"FUN_00436f50"
00573628,Unwind@00573628,8,0,"FUN_00436f50"
00573630,Unwind@00573630,11,0,"FUN_00436f50"
0057363b,Unwind@0057363b,8,0,"FUN_00436f50"
00573643,Unwind@00573643,8,0,"FUN_00436f50"
0057364b,Unwind@0057364b,8,0,"FUN_00436f50"
00573653,Unwind@00573653,8,0,"FUN_00436f50"
0057365b,Unwind@0057365b,8,0,"FUN_00436f50"
00573663,Unwind@00573663,8,0,"FUN_00436f50"
0057366b,Unwind@0057366b,8,0,"FUN_00436f50"
00573673,Unwind@00573673,8,0,"FUN_00436f50"
0057367b,Unwind@0057367b,8,0,"FUN_00436f50"
005736a8,Unwind@005736a8,8,0,"FUN_00406540"
005736dc,Unwind@005736dc,8,0,"FUN_00406540"
005736e4,Unwind@005736e4,8,0,"FUN_00406540"
00573735,Unwind@00573735,8,0,"FUN_00466d45"
005737e0,Unwind@005737e0,8,0,"FUN_00431f30"
005737e8,Unwind@005737e8,11,0,"FUN_00431f30"
005737f3,Unwind@005737f3,8,0,"FUN_00431f30"
00573820,Unwind@00573820,8,0,"FUN_00431f30"
00573828,Unwind@00573828,8,0,"FUN_00431f30"
00573830,Unwind@00573830,11,0,"FUN_00431f30"
0057383b,Unwind@0057383b,11,0,"FUN_00431f30"
00573870,Unwind@00573870,28,0,"FUN_004383d0"
005738b0,Unwind@005738b0,8,0,"FUN_00431f30"
005738e0,Unwind@005738e0,8,0,"FUN_00431f30"
005738e8,Unwind@005738e8,8,0,"FUN_00431f30"
005738f0,Unwind@005738f0,11,0,"FUN_00431f30"
005738fb,Unwind@005738fb,11,0,"FUN_00431f30"
00573930,Unwind@00573930,11,0,"FUN_00431f30"
0057393b,Unwind@0057393b,8,0,"FUN_00431f30"
00573943,Unwind@00573943,11,0,"FUN_00431f30"
0057394e,Unwind@0057394e,11,0,"FUN_00431f30"
00573980,Unwind@00573980,11,0,"FUN_00431f30"
0057398b,Unwind@0057398b,8,0,"FUN_00436f50"
00573993,Unwind@00573993,8,0,"FUN_00436f50"
0057399b,Unwind@0057399b,8,0,"FUN_00436f50"
005739a3,Unwind@005739a3,8,0,"FUN_00436f50"
005739d0,Unwind@005739d0,11,0,"FUN_00436f50"
00573a00,Unwind@00573a00,8,0,"FUN_00431f30"
00573a08,Unwind@00573a08,28,0,"FUN_00431f30"
00573a24,Unwind@00573a24,25,0,"FUN_00431f30"
00573a70,Unwind@00573a70,28,0,"FUN_00436f50"
00573a8c,Unwind@00573a8c,28,0,"FUN_00436f50"
00573aa8,Unwind@00573aa8,28,0,"FUN_00436f50"
00573ac4,Unwind@00573ac4,28,0,"FUN_00436f50"
00573ae0,Unwind@00573ae0,28,0,"FUN_00436f50"
00573afc,Unwind@00573afc,28,0,"FUN_00436f50"
00573b18,Unwind@00573b18,28,0,"FUN_00436f50"
00573b34,Unwind@00573b34,11,0,"FUN_00436f50"
00573b3f,Unwind@00573b3f,8,0,"FUN_00436f50"
00573b47,Unwind@00573b47,8,0,"FUN_00436f50"
00573b4f,Unwind@00573b4f,8,0,"FUN_00436f50"
00573b57,Unwind@00573b57,8,0,"FUN_00436f50"
00573b5f,Unwind@00573b5f,8,0,"FUN_00436f50"
00573b67,Unwind@00573b67,8,0,"FUN_00436f50"
00573b6f,Unwind@00573b6f,8,0,"FUN_00436f50"
00573b77,Unwind@00573b77,8,0,"FUN_00436f50"
00573b7f,Unwind@00573b7f,8,0,"FUN_00436f50"
00573b87,Unwind@00573b87,8,0,"FUN_00436f50"
00573bc0,Unwind@00573bc0,11,0,"FUN_004466a0"
00573bf0,Unwind@00573bf0,25,0,"FUN_00436f50"
00573c09,Unwind@00573c09,25,0,"FUN_00436f50"
00573c22,Unwind@00573c22,25,0,"FUN_00436f50"
00573c3b,Unwind@00573c3b,8,0,"FUN_00436f50"
00573c43,Unwind@00573c43,8,0,"FUN_00436f50"
00573c4b,Unwind@00573c4b,8,0,"FUN_00436f50"
00573c53,Unwind@00573c53,8,0,"FUN_00436f50"
00573c80,Unwind@00573c80,28,0,"FUN_004383d0"
00573cc0,Unwind@00573cc0,25,0,"FUN_004383d0"
00573cd9,Unwind@00573cd9,8,0,"FUN_00446a30"
00573ce1,Unwind@00573ce1,8,0,"FUN_00431f30"
00573ce9,Unwind@00573ce9,28,0,"FUN_00431f30"
00573d05,Unwind@00573d05,28,0,"FUN_00431f30"
00573d50,Unwind@00573d50,11,0,"FUN_0043b0e0"
00573d5b,Unwind@00573d5b,8,0,"FUN_00495bb0"
00573d63,Unwind@00573d63,11,0,"FUN_00495b20"
00573db0,Unwind@00573db0,8,0,"FUN_00436f50"
00573db8,Unwind@00573db8,25,0,"FUN_00436f50"
00573dd1,Unwind@00573dd1,25,0,"FUN_00436f50"
00573dea,Unwind@00573dea,25,0,"FUN_00436f50"
00573e03,Unwind@00573e03,8,0,"FUN_00436f50"
00573e0b,Unwind@00573e0b,11,0,"FUN_00436f50"
00573e16,Unwind@00573e16,8,0,"FUN_00436f50"
00573e1e,Unwind@00573e1e,8,0,"FUN_00436f50"
00573e50,Unwind@00573e50,8,0,"FUN_00495bb0"
00573e58,Unwind@00573e58,8,0,"FUN_00495bb0"
00573e90,Unwind@00573e90,8,0,"FUN_00436f50"
00573e98,Unwind@00573e98,11,0,"FUN_00436f50"
00573ea3,Unwind@00573ea3,8,0,"FUN_00436f50"
00573eab,Unwind@00573eab,8,0,"FUN_00436f50"
00573eb3,Unwind@00573eb3,11,0,"FUN_00436f50"
00573ebe,Unwind@00573ebe,11,0,"FUN_00436f50"
00573ec9,Unwind@00573ec9,8,0,"FUN_00436f50"
00573ed1,Unwind@00573ed1,8,0,"FUN_00436f50"
00573ed9,Unwind@00573ed9,11,0,"FUN_00436f50"
00573ee4,Unwind@00573ee4,11,0,"FUN_00436f50"
00573eef,Unwind@00573eef,8,0,"FUN_00436f50"
00573ef7,Unwind@00573ef7,8,0,"FUN_00436f50"
00573eff,Unwind@00573eff,11,0,"FUN_00436f50"
00573f0a,Unwind@00573f0a,11,0,"FUN_00436f50"
00573f15,Unwind@00573f15,8,0,"FUN_00436f50"
00573f1d,Unwind@00573f1d,8,0,"FUN_00436f50"
00573f25,Unwind@00573f25,8,0,"FUN_00436f50"
00573f2d,Unwind@00573f2d,11,0,"FUN_00436f50"
00573f38,Unwind@00573f38,8,0,"FUN_00436f50"
00573f40,Unwind@00573f40,8,0,"FUN_00436f50"
00573f48,Unwind@00573f48,8,0,"FUN_00436f50"
00573f50,Unwind@00573f50,25,0,"FUN_00436f50"
00573f69,Unwind@00573f69,11,0,"FUN_00436f50"
00573f74,Unwind@00573f74,11,0,"FUN_00436f50"
00573f7f,Unwind@00573f7f,8,0,"FUN_00436f50"
00573f87,Unwind@00573f87,8,0,"FUN_00436f50"
00573f8f,Unwind@00573f8f,8,0,"FUN_00436f50"
00573f97,Unwind@00573f97,11,0,"FUN_00436f50"
00573fa2,Unwind@00573fa2,8,0,"FUN_00436f50"
00573faa,Unwind@00573faa,8,0,"FUN_00436f50"
00573fb2,Unwind@00573fb2,11,0,"FUN_00436f50"
00573fbd,Unwind@00573fbd,11,0,"FUN_00436f50"
00573ff0,Unwind@00573ff0,11,0,"FUN_00496c00"
00573ffb,Unwind@00573ffb,28,0,"FUN_004383d0"
00574017,Unwind@00574017,11,0,"FUN_0043b040"
00574022,Unwind@00574022,12,0,"FUN_00463597"
00574070,Unwind@00574070,8,0,"FUN_00435f60"
005740a0,Unwind@005740a0,8,0,"FUN_00436f50"
005740a8,Unwind@005740a8,8,0,"FUN_00436f50"
005740e0,Unwind@005740e0,11,0,"FUN_00436f50"
005740eb,Unwind@005740eb,11,0,"FUN_00436f50"
005740f6,Unwind@005740f6,11,0,"FUN_004a4540"
00574130,Unwind@00574130,25,0,"FUN_00436f50"
00574149,Unwind@00574149,8,0,"FUN_00435f60"
00574180,Unwind@00574180,25,0,"FUN_00436f50"
005741d0,Unwind@005741d0,25,0,"FUN_00436f50"
005741e9,Unwind@005741e9,25,0,"FUN_00436f50"
00574202,Unwind@00574202,8,0,"FUN_00435f60"
0057420a,Unwind@0057420a,28,0,"FUN_00436f50"
00574226,Unwind@00574226,28,0,"FUN_00436f50"
00574242,Unwind@00574242,25,0,"FUN_00436f50"
0057425b,Unwind@0057425b,25,0,"FUN_00436f50"
005742b0,Unwind@005742b0,25,0,"FUN_00436f50"
00574300,Unwind@00574300,25,0,"FUN_004383d0"
00574319,Unwind@00574319,8,0,"FUN_0043b040"
00574321,Unwind@00574321,8,0,"FUN_00433be0"
00574329,Unwind@00574329,25,0,"FUN_004383d0"
00574342,Unwind@00574342,8,0,"FUN_0043b040"
0057434a,Unwind@0057434a,8,0,"FUN_00435f60"
00574352,Unwind@00574352,12,0,"FUN_00463597"
0057435e,Unwind@0057435e,12,0,"FUN_00463597"
00574390,Unwind@00574390,8,0,"FUN_00435f60"
00574398,Unwind@00574398,8,0,"FUN_00433be0"
005743d0,Unwind@005743d0,8,0,"FUN_00435f60"
005743d8,Unwind@005743d8,25,0,"FUN_00436f50"
005743f1,Unwind@005743f1,8,0,"FUN_00435f60"
00574430,Unwind@00574430,8,0,"FUN_004a4540"
00574470,Unwind@00574470,28,0,"FUN_004383d0"
0057448c,Unwind@0057448c,11,0,"FUN_0043b040"
00574497,Unwind@00574497,11,0,"FUN_00435f60"
005744a2,Unwind@005744a2,12,0,"FUN_00463597"
005744d0,Unwind@005744d0,8,0,"FUN_00495b20"
005744d8,Unwind@005744d8,8,0,"FUN_00499c40"
005744e0,Unwind@005744e0,8,0,"FUN_00495bb0"
005744e8,Unwind@005744e8,11,0,"FUN_00495b20"
005744f3,Unwind@005744f3,11,0,"FUN_00436f50"
005744fe,Unwind@005744fe,28,0,"FUN_004383d0"
0057451a,Unwind@0057451a,11,0,"FUN_0043b040"
00574525,Unwind@00574525,14,0,"FUN_004339f0"
00574533,Unwind@00574533,28,0,"FUN_004383d0"
0057454f,Unwind@0057454f,11,0,"FUN_0043b040"
0057455a,Unwind@0057455a,14,0,"FUN_00433be0"
00574568,Unwind@00574568,14,0,"FUN_00435f60"
00574576,Unwind@00574576,12,0,"FUN_00463597"
00574582,Unwind@00574582,12,0,"FUN_00463597"
005745d0,Unwind@005745d0,25,0,"FUN_00437900"
005745e9,Unwind@005745e9,25,0,"FUN_00437900"
00574602,Unwind@00574602,8,0,"FUN_00437900"
0057460a,Unwind@0057460a,8,0,"FUN_00436f50"
00574612,Unwind@00574612,11,0,"FUN_00436f50"
0057461d,Unwind@0057461d,11,0,"FUN_00431f30"
00574650,Unwind@00574650,8,0,"FUN_00499d70"
00574658,Unwind@00574658,8,0,"FUN_00499d70"
00574690,Unwind@00574690,25,0,"FUN_00436f50"
005746a9,Unwind@005746a9,25,0,"FUN_00441fb0"
005746c2,Unwind@005746c2,11,0,"FUN_00431f30"
005746cd,Unwind@005746cd,25,0,"FUN_004383d0"
005746e6,Unwind@005746e6,8,0,"FUN_00438b00"
005746ee,Unwind@005746ee,11,0,"FUN_00431f30"
005746f9,Unwind@005746f9,8,0,"FUN_00446af0"
00574730,Unwind@00574730,8,0,"FUN_00499c50"
00574738,Unwind@00574738,25,0,"FUN_004383d0"
00574751,Unwind@00574751,11,0,"FUN_004466a0"
0057475c,Unwind@0057475c,11,0,"FUN_00431f30"
00574767,Unwind@00574767,11,0,"FUN_00431f30"
00574772,Unwind@00574772,25,0,"FUN_004383d0"
0057478b,Unwind@0057478b,8,0,"FUN_00438b00"
00574793,Unwind@00574793,11,0,"FUN_00431f30"
0057479e,Unwind@0057479e,8,0,"FUN_00446ab0"
005747a6,Unwind@005747a6,11,0,"FUN_004954a0"
005747e0,Unwind@005747e0,8,0,"FUN_00499c50"
005747e8,Unwind@005747e8,8,0,"FUN_00431f30"
00574820,Unwind@00574820,8,0,"FUN_00499c50"
00574828,Unwind@00574828,11,0,"FUN_00494e00"
00574833,Unwind@00574833,11,0,"FUN_00431f30"
0057483e,Unwind@0057483e,25,0,"FUN_004383d0"
00574857,Unwind@00574857,8,0,"FUN_00438b00"
0057485f,Unwind@0057485f,11,0,"FUN_00431f30"
0057486a,Unwind@0057486a,25,0,"FUN_00446cf0"
00574883,Unwind@00574883,28,0,"FUN_00436f50"
0057489f,Unwind@0057489f,28,0,"FUN_00436f50"
005748bb,Unwind@005748bb,8,0,"FUN_00431f30"
005748f0,Unwind@005748f0,11,0,"FUN_00435f60"
005748fb,Unwind@005748fb,8,0,"FUN_00436f50"
00574903,Unwind@00574903,8,0,"FUN_00436f50"
0057490b,Unwind@0057490b,11,0,"FUN_00436f50"
00574916,Unwind@00574916,8,0,"FUN_00436f50"
0057491e,Unwind@0057491e,8,0,"FUN_00436f50"
00574926,Unwind@00574926,11,0,"FUN_00436f50"
00574931,Unwind@00574931,11,0,"FUN_00436f50"
0057493c,Unwind@0057493c,8,0,"FUN_00436f50"
00574944,Unwind@00574944,8,0,"FUN_00436f50"
0057494c,Unwind@0057494c,11,0,"FUN_00436f50"
00574957,Unwind@00574957,11,0,"FUN_00436f50"
00574962,Unwind@00574962,11,0,"FUN_00436f50"
0057496d,Unwind@0057496d,8,0,"FUN_00436f50"
00574975,Unwind@00574975,8,0,"FUN_00436f50"
0057497d,Unwind@0057497d,11,0,"FUN_00436f50"
00574988,Unwind@00574988,11,0,"FUN_00436f50"
00574993,Unwind@00574993,8,0,"FUN_00435f40"
0057499b,Unwind@0057499b,11,0,"FUN_00431f30"
005749a6,Unwind@005749a6,11,0,"FUN_00436f50"
005749b1,Unwind@005749b1,11,0,"FUN_00436f50"
005749bc,Unwind@005749bc,8,0,"FUN_00436f50"
005749c4,Unwind@005749c4,8,0,"FUN_00436f50"
005749cc,Unwind@005749cc,8,0,"FUN_00436f50"
005749d4,Unwind@005749d4,8,0,"FUN_00436f50"
005749dc,Unwind@005749dc,8,0,"FUN_00436f50"
005749e4,Unwind@005749e4,11,0,"FUN_00436f50"
005749ef,Unwind@005749ef,11,0,"FUN_00436f50"
005749fa,Unwind@005749fa,8,0,"FUN_00436f50"
00574a02,Unwind@00574a02,8,0,"FUN_00436f50"
00574a0a,Unwind@00574a0a,11,0,"FUN_00436f50"
00574a15,Unwind@00574a15,8,0,"FUN_00436f50"
00574a1d,Unwind@00574a1d,8,0,"FUN_00436f50"
00574a25,Unwind@00574a25,11,0,"FUN_00436f50"
00574a30,Unwind@00574a30,8,0,"FUN_00436f50"
00574a38,Unwind@00574a38,8,0,"FUN_00436f50"
00574a40,Unwind@00574a40,11,0,"FUN_00436f50"
00574a4b,Unwind@00574a4b,8,0,"FUN_00436f50"
00574a53,Unwind@00574a53,8,0,"FUN_00436f50"
00574a5b,Unwind@00574a5b,11,0,"FUN_00436f50"
00574a66,Unwind@00574a66,11,0,"FUN_00437920"
00574a71,Unwind@00574a71,8,0,"FUN_00435f60"
00574aa0,Unwind@00574aa0,8,0,"FUN_004018b0"
00574ad0,Unwind@00574ad0,11,0,"FUN_004466a0"
00574adb,Unwind@00574adb,25,0,"FUN_004383d0"
00574af4,Unwind@00574af4,8,0,"FUN_00446af0"
00574afc,Unwind@00574afc,11,0,"FUN_004954a0"
00574b30,Unwind@00574b30,8,0,"FUN_00495bb0"
00574b38,Unwind@00574b38,8,0,"FUN_00435f60"
00574b40,Unwind@00574b40,25,0,"FUN_00436f50"
00574b59,Unwind@00574b59,25,0,"FUN_00436f50"
00574ba0,Unwind@00574ba0,8,0,"FUN_00499d80"
00574ba8,Unwind@00574ba8,8,0,"FUN_00499d80"
00574bb0,Unwind@00574bb0,8,0,"FUN_00499ce0"
00574be0,Unwind@00574be0,8,0,"FUN_004018b0"
00574c10,Unwind@00574c10,28,0,"FUN_004383d0"
00574c2c,Unwind@00574c2c,11,0,"FUN_0043b040"
00574c37,Unwind@00574c37,12,0,"FUN_00463597"
00574c70,Unwind@00574c70,8,0,"FUN_00495b20"
00574c78,Unwind@00574c78,8,0,"FUN_00495bb0"
00574c80,Unwind@00574c80,8,0,"FUN_00499d90"
00574c88,Unwind@00574c88,14,0,"FUN_0049d860"
00574c96,Unwind@00574c96,14,0,"FUN_0049d860"
00574ca4,Unwind@00574ca4,14,0,"FUN_00433ec0"
00574ce0,Unwind@00574ce0,8,0,"FUN_004a3800"
00574d10,Unwind@00574d10,8,0,"FUN_004a3800"
00574d18,Unwind@00574d18,11,0,"FUN_004a3800"
00574d50,Unwind@00574d50,8,0,"FUN_004a3800"
00574d80,Unwind@00574d80,8,0,"FUN_0049d860"
00574d88,Unwind@00574d88,25,0,"FUN_004383d0"
00574da1,Unwind@00574da1,8,0,"FUN_0043b040"
00574da9,Unwind@00574da9,8,0,"FUN_00435f60"
00574db1,Unwind@00574db1,8,0,"FUN_00433ec0"
00574db9,Unwind@00574db9,11,0,"FUN_00433ec0"
00574dc4,Unwind@00574dc4,8,0,"FUN_00436f50"
00574dcc,Unwind@00574dcc,11,0,"FUN_00435f60"
00574dd7,Unwind@00574dd7,11,0,"FUN_00435f60"
00574de2,Unwind@00574de2,11,0,"FUN_00435f60"
00574ded,Unwind@00574ded,11,0,"FUN_004a3800"
00574df8,Unwind@00574df8,11,0,"FUN_004a3800"
00574e03,Unwind@00574e03,12,0,"FUN_00463597"
00574e40,Unwind@00574e40,8,0,"FUN_004a3800"
00574e70,Unwind@00574e70,11,0,"FUN_00435f60"
00574e7b,Unwind@00574e7b,11,0,"FUN_00435f60"
00574e86,Unwind@00574e86,8,0,"FUN_00435f60"
00574ec0,Unwind@00574ec0,8,0,"FUN_004a3800"
00574ef0,Unwind@00574ef0,8,0,"FUN_004a3800"
00574ef8,Unwind@00574ef8,8,0,"FUN_004a3800"
00574f00,Unwind@00574f00,11,0,"FUN_00435f60"
00574f0b,Unwind@00574f0b,11,0,"FUN_00435f60"
00574f16,Unwind@00574f16,11,0,"FUN_00435f60"
00574f50,Unwind@00574f50,8,0,"FUN_004a3800"
00574f80,Unwind@00574f80,8,0,"FUN_004a3800"
00574f88,Unwind@00574f88,11,0,"FUN_004a3800"
00574fc0,Unwind@00574fc0,28,0,"FUN_004383d0"
00574fdc,Unwind@00574fdc,11,0,"FUN_0043b040"
00574fe7,Unwind@00574fe7,12,0,"FUN_00463597"
00575020,Unwind@00575020,8,0,"FUN_00495b20"
00575028,Unwind@00575028,8,0,"FUN_00495bb0"
00575030,Unwind@00575030,8,0,"FUN_00499d90"
00575038,Unwind@00575038,14,0,"FUN_004a1ce0"
00575046,Unwind@00575046,14,0,"FUN_004a1ce0"
00575080,Unwind@00575080,25,0,"FUN_00435f60"
00575099,Unwind@00575099,11,0,"FUN_004466a0"
005750a4,Unwind@005750a4,25,0,"FUN_004383d0"
005750bd,Unwind@005750bd,11,0,"FUN_004337c0"
005750c8,Unwind@005750c8,11,0,"FUN_00431f30"
005750d3,Unwind@005750d3,25,0,"FUN_004383d0"
005750ec,Unwind@005750ec,8,0,"FUN_00446a30"
005750f4,Unwind@005750f4,11,0,"FUN_00431f30"
005750ff,Unwind@005750ff,11,0,"FUN_004954a0"
0057510a,Unwind@0057510a,8,0,"FUN_004a1c20"
00575140,Unwind@00575140,8,0,"FUN_004a8180"
00575170,Unwind@00575170,11,0,"FUN_00431f30"
0057517b,Unwind@0057517b,8,0,"FUN_004337c0"
00575183,Unwind@00575183,11,0,"FUN_00431f30"
0057518e,Unwind@0057518e,8,0,"FUN_004337c0"
005751c0,Unwind@005751c0,8,0,"FUN_004a8180"
005751f0,Unwind@005751f0,8,0,"FUN_00435f60"
00575230,Unwind@00575230,8,0,"thunk_FUN_004383d0"
00575238,Unwind@00575238,11,0,"FUN_00496c00"
00575243,Unwind@00575243,11,0,"FUN_00496c00"
0057524e,Unwind@0057524e,11,0,"FUN_00496c00"
005752a0,Unwind@005752a0,34,0,"FUN_00436f50"
00575300,Unwind@00575300,28,0,"FUN_00436f50"
0057531c,Unwind@0057531c,25,0,"FUN_004383d0"
00575335,Unwind@00575335,8,0,"FUN_0043b040"
0057533d,Unwind@0057533d,25,0,"FUN_00435f60"
00575356,Unwind@00575356,25,0,"FUN_004383d0"
0057536f,Unwind@0057536f,8,0,"FUN_0043b040"
00575377,Unwind@00575377,25,0,"FUN_00435f60"
00575390,Unwind@00575390,28,0,"FUN_004383d0"
005753ac,Unwind@005753ac,11,0,"FUN_0043b040"
005753b7,Unwind@005753b7,12,0,"FUN_00463597"
005753c3,Unwind@005753c3,12,0,"FUN_00463597"
00575400,Unwind@00575400,25,0,"FUN_00436f50"
00575450,Unwind@00575450,8,0,"FUN_004a1c20"
00575480,Unwind@00575480,11,0,"FUN_00435f60"
0057548b,Unwind@0057548b,8,0,"FUN_00435f60"
005754c0,Unwind@005754c0,11,0,"FUN_00435f60"
005754cb,Unwind@005754cb,28,0,"FUN_00436f50"
005754e7,Unwind@005754e7,11,0,"FUN_00436f50"
005754f2,Unwind@005754f2,8,0,"FUN_00436f50"
005754fa,Unwind@005754fa,25,0,"FUN_00436f50"
00575513,Unwind@00575513,11,0,"FUN_00435f60"
00575550,Unwind@00575550,11,0,"FUN_00435f60"
0057555b,Unwind@0057555b,11,0,"FUN_00435f60"
005755a0,Unwind@005755a0,11,0,"FUN_00436f50"
005755ab,Unwind@005755ab,8,0,"FUN_00436f50"
005755b3,Unwind@005755b3,8,0,"FUN_00436f50"
005755bb,Unwind@005755bb,8,0,"FUN_00436f50"
005755c3,Unwind@005755c3,11,0,"FUN_00436f50"
005755ce,Unwind@005755ce,8,0,"FUN_00436f50"
005755d6,Unwind@005755d6,8,0,"FUN_00436f50"
005755de,Unwind@005755de,8,0,"FUN_00436f50"
005755e6,Unwind@005755e6,11,0,"FUN_00436f50"
005755f1,Unwind@005755f1,8,0,"FUN_00436f50"
005755f9,Unwind@005755f9,8,0,"FUN_00436f50"
00575601,Unwind@00575601,8,0,"FUN_00436f50"
00575609,Unwind@00575609,11,0,"FUN_00436f50"
00575614,Unwind@00575614,8,0,"FUN_00436f50"
0057561c,Unwind@0057561c,8,0,"FUN_00436f50"
00575624,Unwind@00575624,8,0,"FUN_00436f50"
0057562c,Unwind@0057562c,11,0,"FUN_00436f50"
00575660,Unwind@00575660,11,0,"FUN_00436f50"
0057566b,Unwind@0057566b,8,0,"FUN_00436f50"
00575673,Unwind@00575673,8,0,"FUN_00436f50"
0057567b,Unwind@0057567b,8,0,"FUN_00436f50"
00575683,Unwind@00575683,11,0,"FUN_00436f50"
0057568e,Unwind@0057568e,8,0,"FUN_00436f50"
00575696,Unwind@00575696,8,0,"FUN_00436f50"
0057569e,Unwind@0057569e,8,0,"FUN_00436f50"
005756a6,Unwind@005756a6,8,0,"FUN_00436f50"
005756ae,Unwind@005756ae,8,0,"FUN_00436f50"
005756b6,Unwind@005756b6,8,0,"FUN_00436f50"
005756be,Unwind@005756be,8,0,"FUN_00436f50"
005756c6,Unwind@005756c6,8,0,"FUN_00436f50"
00575700,Unwind@00575700,11,0,"FUN_00436f50"
0057570b,Unwind@0057570b,8,0,"FUN_00436f50"
00575713,Unwind@00575713,8,0,"FUN_00436f50"
0057571b,Unwind@0057571b,11,0,"FUN_00436f50"
00575726,Unwind@00575726,11,0,"FUN_00436f50"
00575731,Unwind@00575731,8,0,"FUN_00436f50"
00575739,Unwind@00575739,8,0,"FUN_00436f50"
00575741,Unwind@00575741,11,0,"FUN_00436f50"
0057574c,Unwind@0057574c,11,0,"FUN_00436f50"
00575757,Unwind@00575757,8,0,"FUN_00436f50"
0057575f,Unwind@0057575f,8,0,"FUN_00436f50"
00575767,Unwind@00575767,11,0,"FUN_00436f50"
00575772,Unwind@00575772,11,0,"FUN_00436f50"
0057577d,Unwind@0057577d,8,0,"FUN_00436f50"
00575785,Unwind@00575785,8,0,"FUN_00436f50"
0057578d,Unwind@0057578d,8,0,"FUN_00436f50"
00575795,Unwind@00575795,11,0,"FUN_00436f50"
005757a0,Unwind@005757a0,8,0,"FUN_00436f50"
005757a8,Unwind@005757a8,8,0,"FUN_00436f50"
005757b0,Unwind@005757b0,8,0,"FUN_00436f50"
005757b8,Unwind@005757b8,11,0,"FUN_00436f50"
005757c3,Unwind@005757c3,8,0,"FUN_00436f50"
005757cb,Unwind@005757cb,8,0,"FUN_00436f50"
005757d3,Unwind@005757d3,8,0,"FUN_00436f50"
005757db,Unwind@005757db,11,0,"FUN_00436f50"
005757e6,Unwind@005757e6,8,0,"FUN_00436f50"
005757ee,Unwind@005757ee,8,0,"FUN_00436f50"
005757f6,Unwind@005757f6,8,0,"FUN_00436f50"
005757fe,Unwind@005757fe,11,0,"FUN_00436f50"
00575809,Unwind@00575809,8,0,"FUN_00436f50"
00575811,Unwind@00575811,8,0,"FUN_00436f50"
00575819,Unwind@00575819,8,0,"FUN_00436f50"
00575821,Unwind@00575821,11,0,"FUN_00436f50"
00575860,Unwind@00575860,11,0,"FUN_004a1c20"
005758a0,Unwind@005758a0,11,0,"FUN_004a1c20"
005758d0,Unwind@005758d0,8,0,"FUN_00436f50"
00575900,Unwind@00575900,11,0,"FUN_0049d860"
0057590b,Unwind@0057590b,11,0,"FUN_0049d860"
00575916,Unwind@00575916,11,0,"FUN_0049d860"
00575950,Unwind@00575950,28,0,"FUN_004383d0"
0057596c,Unwind@0057596c,11,0,"FUN_0043b040"
005759a0,Unwind@005759a0,8,0,"FUN_004a1c10"
005759d0,Unwind@005759d0,8,0,"FUN_004ad880"
005759d8,Unwind@005759d8,28,0,"FUN_004383d0"
005759f4,Unwind@005759f4,11,0,"FUN_0043b040"
005759ff,Unwind@005759ff,8,0,"FUN_004a7c70"
00575a07,Unwind@00575a07,12,0,"FUN_00463597"
00575a40,Unwind@00575a40,8,0,"FUN_004a1c10"
00575a48,Unwind@00575a48,8,0,"FUN_004a7be0"
00575a80,Unwind@00575a80,8,0,"FUN_00436f50"
00575a88,Unwind@00575a88,11,0,"FUN_00436f50"
00575a93,Unwind@00575a93,8,0,"FUN_00436f50"
00575a9b,Unwind@00575a9b,8,0,"FUN_00436f50"
00575aa3,Unwind@00575aa3,8,0,"FUN_00436f50"
00575aab,Unwind@00575aab,8,0,"FUN_00436f50"
00575ab3,Unwind@00575ab3,8,0,"FUN_00436f50"
00575abb,Unwind@00575abb,8,0,"FUN_00436f50"
00575ac3,Unwind@00575ac3,8,0,"FUN_00436f50"
00575acb,Unwind@00575acb,8,0,"FUN_00436f50"
00575ad3,Unwind@00575ad3,8,0,"FUN_00436f50"
00575b00,Unwind@00575b00,8,0,"FUN_004ad880"
00575b08,Unwind@00575b08,28,0,"FUN_004383d0"
00575b24,Unwind@00575b24,11,0,"FUN_0043b040"
00575b2f,Unwind@00575b2f,8,0,"FUN_004a7c70"
00575b37,Unwind@00575b37,12,0,"FUN_00463597"
00575b70,Unwind@00575b70,8,0,"FUN_004a1c10"
00575b78,Unwind@00575b78,8,0,"FUN_004a7be0"
00575b80,Unwind@00575b80,8,0,"FUN_004a1c10"
00575b88,Unwind@00575b88,8,0,"FUN_004a7be0"
00575b90,Unwind@00575b90,8,0,"FUN_004a1c10"
00575b98,Unwind@00575b98,8,0,"FUN_004a7be0"
00575ba0,Unwind@00575ba0,8,0,"FUN_004a7be0"
00575ba8,Unwind@00575ba8,8,0,"FUN_004a7be0"
00575bb0,Unwind@00575bb0,8,0,"FUN_004a7be0"
00575bb8,Unwind@00575bb8,8,0,"FUN_004a7be0"
00575bc0,Unwind@00575bc0,8,0,"FUN_004a1c10"
00575bc8,Unwind@00575bc8,8,0,"FUN_004a7be0"
00575bd0,Unwind@00575bd0,8,0,"FUN_004a1c10"
00575bd8,Unwind@00575bd8,8,0,"FUN_004a7be0"
00575c10,Unwind@00575c10,8,0,"FUN_004a92e0"
00575c40,Unwind@00575c40,8,0,"FUN_004a7190"
00575c48,Unwind@00575c48,11,0,"FUN_004a9300"
00575c53,Unwind@00575c53,11,0,"FUN_004a9300"
00575c5e,Unwind@00575c5e,11,0,"FUN_004a9300"
00575c69,Unwind@00575c69,28,0,"FUN_004383d0"
00575c85,Unwind@00575c85,11,0,"FUN_0043b040"
00575c90,Unwind@00575c90,14,0,"FUN_004a9360"
00575c9e,Unwind@00575c9e,14,0,"FUN_00436f50"
00575cac,Unwind@00575cac,14,0,"FUN_00436f50"
00575cba,Unwind@00575cba,28,0,"FUN_004383d0"
00575cd6,Unwind@00575cd6,11,0,"FUN_0043b040"
00575ce1,Unwind@00575ce1,12,0,"FUN_00463597"
00575ced,Unwind@00575ced,12,0,"FUN_00463597"
00575d20,Unwind@00575d20,8,0,"FUN_004a92e0"
00575d50,Unwind@00575d50,8,0,"FUN_004a92e0"
00575d80,Unwind@00575d80,8,0,"FUN_004018b0"
00575d88,Unwind@00575d88,8,0,"FUN_004a92e0"
00575d90,Unwind@00575d90,8,0,"FUN_004a9250"
00575dc0,Unwind@00575dc0,8,0,"FUN_00436f50"
00575dc8,Unwind@00575dc8,8,0,"FUN_00436f50"
00575dd0,Unwind@00575dd0,8,0,"FUN_00436f50"
00575dd8,Unwind@00575dd8,8,0,"FUN_004018b0"
00575de0,Unwind@00575de0,8,0,"FUN_004a9250"
00575de8,Unwind@00575de8,8,0,"FUN_004018b0"
00575df0,Unwind@00575df0,8,0,"FUN_004a92f0"
00575df8,Unwind@00575df8,8,0,"FUN_004a92e0"
00575e00,Unwind@00575e00,8,0,"FUN_004a9250"
00575e08,Unwind@00575e08,8,0,"FUN_004a92e0"
00575e10,Unwind@00575e10,8,0,"FUN_004018b0"
00575e18,Unwind@00575e18,8,0,"FUN_004a92f0"
00575e20,Unwind@00575e20,8,0,"FUN_004a9250"
00575e50,Unwind@00575e50,8,0,"FUN_004a92e0"
00575e58,Unwind@00575e58,8,0,"FUN_004a9250"
00575e60,Unwind@00575e60,8,0,"FUN_004a9250"
00575e68,Unwind@00575e68,8,0,"FUN_004a92e0"
00575ea0,Unwind@00575ea0,8,0,"FUN_004018b0"
00575ea8,Unwind@00575ea8,8,0,"FUN_004018b0"
00575eb0,Unwind@00575eb0,8,0,"FUN_004a92e0"
00575eb8,Unwind@00575eb8,8,0,"FUN_004a9250"
00575ec0,Unwind@00575ec0,8,0,"FUN_004a92e0"
00575ec8,Unwind@00575ec8,8,0,"FUN_004018b0"
00575ed0,Unwind@00575ed0,8,0,"FUN_004a92e0"
00575ed8,Unwind@00575ed8,8,0,"FUN_004a9250"
00575ee0,Unwind@00575ee0,8,0,"FUN_004a92e0"
00575f10,Unwind@00575f10,8,0,"FUN_004018b0"
00575f40,Unwind@00575f40,8,0,"FUN_004018b0"
00575f48,Unwind@00575f48,8,0,"FUN_00436f50"
00575f50,Unwind@00575f50,8,0,"FUN_00436f50"
00575f58,Unwind@00575f58,8,0,"FUN_00436f50"
00575f60,Unwind@00575f60,8,0,"FUN_00436f50"
00575f68,Unwind@00575f68,25,0,"FUN_00436f50"
00575f81,Unwind@00575f81,25,0,"FUN_00436f50"
00575f9a,Unwind@00575f9a,8,0,"FUN_00436f50"
00575fa2,Unwind@00575fa2,8,0,"FUN_00436f50"
00575faa,Unwind@00575faa,28,0,"FUN_00436f50"
00575fc6,Unwind@00575fc6,28,0,"FUN_00436f50"
00575fe2,Unwind@00575fe2,8,0,"FUN_00436f50"
00575fea,Unwind@00575fea,8,0,"FUN_00436f50"
00575ff2,Unwind@00575ff2,25,0,"FUN_00436f50"
0057600b,Unwind@0057600b,28,0,"FUN_00436f50"
00576027,Unwind@00576027,8,0,"FUN_00436f50"
0057602f,Unwind@0057602f,8,0,"FUN_00436f50"
00576037,Unwind@00576037,25,0,"FUN_00436f50"
00576050,Unwind@00576050,30,0,"FUN_00436f50"
0057606e,Unwind@0057606e,30,0,"FUN_00436f50"
005760c0,Unwind@005760c0,8,0,"FUN_004accd0"
005760c8,Unwind@005760c8,11,0,"FUN_004a7190"
005760d3,Unwind@005760d3,11,0,"FUN_004a7c70"
005760de,Unwind@005760de,14,0,"FUN_004acc30"
00576120,Unwind@00576120,25,0,"FUN_00436f50"
00576139,Unwind@00576139,8,0,"FUN_00436f50"
00576141,Unwind@00576141,8,0,"FUN_00436f50"
00576149,Unwind@00576149,8,0,"FUN_00436f50"
00576151,Unwind@00576151,8,0,"FUN_00436f50"
00576159,Unwind@00576159,8,0,"FUN_00436f50"
00576190,Unwind@00576190,8,0,"FUN_004a7be0"
005761c0,Unwind@005761c0,25,0,"FUN_004383d0"
005761d9,Unwind@005761d9,8,0,"FUN_0043b040"
005761e1,Unwind@005761e1,8,0,"FUN_00435f60"
005761e9,Unwind@005761e9,12,0,"FUN_00463597"
00576220,Unwind@00576220,8,0,"FUN_004ad880"
00576228,Unwind@00576228,28,0,"FUN_004383d0"
00576244,Unwind@00576244,11,0,"FUN_0043b040"
00576280,Unwind@00576280,28,0,"FUN_004383d0"
0057629c,Unwind@0057629c,11,0,"FUN_0043b040"
005762d0,Unwind@005762d0,25,0,"FUN_004383d0"
005762e9,Unwind@005762e9,8,0,"FUN_0043b040"
005762f1,Unwind@005762f1,8,0,"FUN_00435f60"
005762f9,Unwind@005762f9,12,0,"FUN_00463597"
00576330,Unwind@00576330,8,0,"FUN_00436f50"
00576338,Unwind@00576338,8,0,"FUN_00436f50"
00576340,Unwind@00576340,8,0,"FUN_00436f50"
00576348,Unwind@00576348,8,0,"FUN_00436f50"
00576350,Unwind@00576350,8,0,"FUN_00436f50"
00576358,Unwind@00576358,8,0,"FUN_00436f50"
00576360,Unwind@00576360,8,0,"FUN_00436f50"
005763c0,Unwind@005763c0,11,0,"FUN_004018b0"
005763fa,Unwind@005763fa,8,0,"FUN_004018b0"
00576424,Unwind@00576424,8,0,"FUN_004018b0"
0057644e,Unwind@0057644e,8,0,"FUN_004018b0"
00576478,Unwind@00576478,8,0,"FUN_00401db0"
00576480,Unwind@00576480,8,0,"FUN_00401db0"
005764c7,Unwind@005764c7,8,0,"FUN_00401db0"
0057651d,Unwind@0057651d,8,0,"FUN_00401db0"
00576550,Unwind@00576550,8,0,"FUN_004018b0"
0057657a,Unwind@0057657a,11,0,"FUN_004018b0"
005765b4,Unwind@005765b4,11,0,"FUN_00401db0"
005765f0,Unwind@005765f0,8,0,"FUN_00401db0"
0057661a,Unwind@0057661a,8,0,"FUN_004018b0"
00576644,Unwind@00576644,8,0,"FUN_004018b0"
0057666e,Unwind@0057666e,8,0,"FUN_004018b0"
00576698,Unwind@00576698,8,0,"FUN_004018b0"
005766c2,Unwind@005766c2,8,0,"FUN_004018b0"
005766ec,Unwind@005766ec,8,0,"FUN_004018b0"
00576750,Unwind@00576750,8,0,"FUN_00401db0"
0057677a,Unwind@0057677a,11,0,"thunk_FUN_00406710"
00576785,Unwind@00576785,11,0,"thunk_FUN_00406710"
00576790,Unwind@00576790,11,0,"thunk_FUN_00406710"
0057679b,Unwind@0057679b,11,0,"FUN_004018b0"
005767a6,Unwind@005767a6,11,0,"FUN_004018b0"
005767b1,Unwind@005767b1,11,0,"FUN_004018b0"
005767bc,Unwind@005767bc,11,0,"FUN_004018b0"
005767f6,Unwind@005767f6,8,0,"FUN_004018b0"
00576820,Unwind@00576820,8,0,"FUN_004018b0"
00576890,Unwind@00576890,8,0,"FUN_004018b0"
005768ba,Unwind@005768ba,8,0,"FUN_00401db0"
005768e4,Unwind@005768e4,8,0,"FUN_004018b0"
0057690e,Unwind@0057690e,11,0,"FUN_004018b0"
00576948,Unwind@00576948,8,0,"FUN_004018b0"
00576972,Unwind@00576972,8,0,"FUN_004018b0"
0057699c,Unwind@0057699c,11,0,"FUN_004018b0"
005769d6,Unwind@005769d6,11,0,"FUN_004018b0"
00576a10,Unwind@00576a10,8,0,"FUN_004018b0"
00576a57,Unwind@00576a57,8,0,"FUN_004018b0"
00576a8b,Unwind@00576a8b,8,0,"FUN_004018b0"
00576ae0,Unwind@00576ae0,8,0,"FUN_00401db0"
00576ae8,Unwind@00576ae8,8,0,"FUN_00401db0"
00576b2f,Unwind@00576b2f,8,0,"FUN_00401db0"
00576b59,Unwind@00576b59,8,0,"FUN_00401db0"
00576b90,Unwind@00576b90,8,0,"FUN_00401db0"
00576b98,Unwind@00576b98,8,0,"FUN_00401db0"
00576ba0,Unwind@00576ba0,8,0,"FUN_00401db0"
00576ba8,Unwind@00576ba8,8,0,"FUN_00401db0"
00576bb0,Unwind@00576bb0,8,0,"FUN_00401db0"
00576bb8,Unwind@00576bb8,8,0,"FUN_00401db0"
00576bc0,Unwind@00576bc0,8,0,"FUN_00401db0"
00576bc8,Unwind@00576bc8,8,0,"FUN_00401db0"
00576bd0,Unwind@00576bd0,8,0,"FUN_00401db0"
00576bd8,Unwind@00576bd8,8,0,"FUN_00401db0"
00576be0,Unwind@00576be0,8,0,"FUN_00401db0"
00576be8,Unwind@00576be8,8,0,"FUN_00401db0"
00576bf0,Unwind@00576bf0,8,0,"FUN_00401db0"
00576bf8,Unwind@00576bf8,8,0,"FUN_00401db0"
00576c00,Unwind@00576c00,8,0,"FUN_00401db0"
00576c08,Unwind@00576c08,8,0,"FUN_00401db0"
00576c10,Unwind@00576c10,8,0,"FUN_00401db0"
00576c18,Unwind@00576c18,8,0,"FUN_00401db0"
00576c20,Unwind@00576c20,8,0,"FUN_00401db0"
00576c28,Unwind@00576c28,8,0,"FUN_00401db0"
00576c30,Unwind@00576c30,8,0,"FUN_00401db0"
00576c38,Unwind@00576c38,8,0,"FUN_00401db0"
00576c40,Unwind@00576c40,8,0,"FUN_00401db0"
00576c48,Unwind@00576c48,8,0,"FUN_00401db0"
00576c50,Unwind@00576c50,8,0,"FUN_00401db0"
00576c58,Unwind@00576c58,8,0,"FUN_00401db0"
00576c60,Unwind@00576c60,8,0,"FUN_00401db0"
00576c68,Unwind@00576c68,8,0,"FUN_00401db0"
00576c70,Unwind@00576c70,8,0,"FUN_00401db0"
00576c78,Unwind@00576c78,8,0,"FUN_00401db0"
00576c80,Unwind@00576c80,11,0,"FUN_00401db0"
00576c8b,Unwind@00576c8b,11,0,"FUN_00401db0"
00576c96,Unwind@00576c96,11,0,"FUN_00401db0"
00576ca1,Unwind@00576ca1,11,0,"FUN_00401db0"
00576cac,Unwind@00576cac,11,0,"FUN_00401db0"
00576cb7,Unwind@00576cb7,11,0,"FUN_00401db0"
00576cc2,Unwind@00576cc2,11,0,"FUN_00401db0"
00576ccd,Unwind@00576ccd,11,0,"FUN_00401db0"
00576d00,Unwind@00576d00,8,0,"FUN_00401db0"
00576d90,Unwind@00576d90,8,0,"FUN_00401db0"
00576de0,Unwind@00576de0,8,0,"FUN_00401db0"
00576e30,Unwind@00576e30,8,0,"FUN_00401db0"
00576e5a,Unwind@00576e5a,8,0,"FUN_00401db0"
00576e62,Unwind@00576e62,8,0,"FUN_0040c400"
00576e6a,Unwind@00576e6a,8,0,"FUN_00401db0"
00576e72,Unwind@00576e72,8,0,"FUN_0040c400"
00576e9c,Unwind@00576e9c,8,0,"FUN_00401db0"
00576f0d,Unwind@00576f0d,8,0,"FUN_00401db0"
00576f80,Unwind@00576f80,8,0,"FUN_00401db0"
00576f88,Unwind@00576f88,8,0,"FUN_00401db0"
00576fcf,Unwind@00576fcf,8,0,"FUN_00401db0"
00577000,Unwind@00577000,8,0,"FUN_00401db0"
00577047,Unwind@00577047,8,0,"FUN_00401db0"
0057704f,Unwind@0057704f,8,0,"FUN_00401db0"
00577057,Unwind@00577057,8,0,"FUN_00401db0"
0057705f,Unwind@0057705f,8,0,"FUN_00401db0"
00577067,Unwind@00577067,8,0,"FUN_00401db0"
0057706f,Unwind@0057706f,8,0,"FUN_00401db0"
00577077,Unwind@00577077,8,0,"FUN_00401db0"
0057707f,Unwind@0057707f,8,0,"FUN_00401db0"
005770b0,Unwind@005770b0,8,0,"FUN_00401db0"
005770f7,Unwind@005770f7,8,0,"FUN_00401db0"
00577130,Unwind@00577130,11,0,"FUN_00401db0"
0057713b,Unwind@0057713b,11,0,"FUN_00401db0"
00577146,Unwind@00577146,11,0,"FUN_004018b0"
00577151,Unwind@00577151,11,0,"FUN_004106a0"
0057718b,Unwind@0057718b,8,0,"FUN_00401db0"
005771d2,Unwind@005771d2,8,0,"FUN_00401db0"
005771da,Unwind@005771da,8,0,"FUN_00401db0"
005771e2,Unwind@005771e2,8,0,"FUN_00410650"
0057722d,Unwind@0057722d,8,0,"FUN_00401db0"
00577274,Unwind@00577274,8,0,"FUN_00401db0"
0057729e,Unwind@0057729e,8,0,"FUN_00401db0"
005772d0,Unwind@005772d0,8,0,"FUN_00401db0"
00577330,Unwind@00577330,8,0,"FUN_00401db0"
0057739d,Unwind@0057739d,8,0,"FUN_00401db0"
005773e4,Unwind@005773e4,8,0,"FUN_004018b0"
005773ec,Unwind@005773ec,8,0,"FUN_004106a0"
00577416,Unwind@00577416,8,0,"FUN_00401db0"
0057744d,Unwind@0057744d,8,0,"FUN_00401db0"
00577480,Unwind@00577480,8,0,"FUN_004018b0"
005774aa,Unwind@005774aa,8,0,"FUN_00401db0"
005774f1,Unwind@005774f1,8,0,"FUN_00401db0"
005774f9,Unwind@005774f9,8,0,"FUN_00401db0"
00577501,Unwind@00577501,8,0,"FUN_00401db0"
00577530,Unwind@00577530,8,0,"FUN_00401db0"
00577577,Unwind@00577577,8,0,"FUN_00401db0"
005775b0,Unwind@005775b0,8,0,"FUN_00401db0"
005775f7,Unwind@005775f7,8,0,"FUN_00401db0"
0057763e,Unwind@0057763e,8,0,"FUN_00401db0"
00577668,Unwind@00577668,8,0,"FUN_00401db0"
005776a0,Unwind@005776a0,8,0,"FUN_00401db0"
005776a8,Unwind@005776a8,8,0,"FUN_00401db0"
005776ef,Unwind@005776ef,8,0,"FUN_00401db0"
00577720,Unwind@00577720,8,0,"FUN_00401db0"
0057774a,Unwind@0057774a,8,0,"FUN_00401db0"
005777bd,Unwind@005777bd,8,0,"FUN_00401db0"
005777f0,Unwind@005777f0,8,0,"FUN_00401db0"
0057785d,Unwind@0057785d,8,0,"FUN_00401db0"
005778b0,Unwind@005778b0,8,0,"FUN_00401db0"
005778b8,Unwind@005778b8,8,0,"FUN_004018b0"
005778c0,Unwind@005778c0,8,0,"FUN_004106a0"
00577907,Unwind@00577907,8,0,"FUN_004018b0"
0057790f,Unwind@0057790f,8,0,"FUN_004106a0"
00577939,Unwind@00577939,8,0,"FUN_00401db0"
00577941,Unwind@00577941,8,0,"FUN_00401db0"
00577949,Unwind@00577949,8,0,"FUN_004018b0"
00577951,Unwind@00577951,8,0,"FUN_004106a0"
0057797b,Unwind@0057797b,8,0,"FUN_004018b0"
00577983,Unwind@00577983,8,0,"FUN_004106a0"
005779b0,Unwind@005779b0,8,0,"FUN_004018b0"
005779da,Unwind@005779da,11,0,"FUN_00401db0"
005779e5,Unwind@005779e5,11,0,"FUN_00401db0"
005779f0,Unwind@005779f0,11,0,"FUN_00401db0"
005779fb,Unwind@005779fb,11,0,"FUN_00401db0"
00577a06,Unwind@00577a06,11,0,"FUN_00401db0"
00577a11,Unwind@00577a11,11,0,"FUN_00401db0"
00577a1c,Unwind@00577a1c,11,0,"FUN_00401db0"
00577a27,Unwind@00577a27,11,0,"FUN_00401db0"
00577a32,Unwind@00577a32,11,0,"FUN_00401db0"
00577a3d,Unwind@00577a3d,11,0,"FUN_00401db0"
00577a48,Unwind@00577a48,11,0,"FUN_00401db0"
00577a82,Unwind@00577a82,8,0,"FUN_004018b0"
00577a8a,Unwind@00577a8a,8,0,"FUN_004018b0"
00577a92,Unwind@00577a92,8,0,"FUN_004106a0"
00577ac0,Unwind@00577ac0,8,0,"FUN_00401db0"
00577ac8,Unwind@00577ac8,8,0,"FUN_00401db0"
00577b0f,Unwind@00577b0f,8,0,"FUN_00401db0"
00577b40,Unwind@00577b40,8,0,"FUN_00401db0"
00577bad,Unwind@00577bad,8,0,"FUN_00401db0"
00577be0,Unwind@00577be0,8,0,"FUN_00401db0"
00577c0a,Unwind@00577c0a,8,0,"FUN_00401db0"
00577c34,Unwind@00577c34,8,0,"FUN_00401db0"
00577c5e,Unwind@00577c5e,8,0,"FUN_00401db0"
00577c88,Unwind@00577c88,8,0,"FUN_00401db0"
00577cc0,Unwind@00577cc0,8,0,"FUN_00401db0"
00577cea,Unwind@00577cea,8,0,"FUN_00401db0"
00577d14,Unwind@00577d14,8,0,"FUN_00401db0"
00577d3e,Unwind@00577d3e,8,0,"FUN_00401db0"
00577d70,Unwind@00577d70,8,0,"FUN_00401db0"
00577d9a,Unwind@00577d9a,8,0,"FUN_00401db0"
00577dc4,Unwind@00577dc4,8,0,"FUN_00401db0"
00577dee,Unwind@00577dee,8,0,"FUN_00401db0"
00577e20,Unwind@00577e20,8,0,"FUN_00401db0"
00577e4a,Unwind@00577e4a,8,0,"FUN_00401db0"
00577e74,Unwind@00577e74,8,0,"FUN_00401db0"
00577ea0,Unwind@00577ea0,8,0,"FUN_00401db0"
00577eca,Unwind@00577eca,8,0,"FUN_00401db0"
00577ef4,Unwind@00577ef4,8,0,"FUN_00401db0"
00577f1e,Unwind@00577f1e,8,0,"FUN_00401db0"
00577f50,Unwind@00577f50,8,0,"FUN_00401db0"
00577f7a,Unwind@00577f7a,8,0,"FUN_00401db0"
00577fa4,Unwind@00577fa4,8,0,"FUN_00401db0"
00577fce,Unwind@00577fce,8,0,"FUN_00401db0"
00578000,Unwind@00578000,8,0,"FUN_00401db0"
0057802a,Unwind@0057802a,8,0,"FUN_00401db0"
00578054,Unwind@00578054,8,0,"FUN_00401db0"
0057807e,Unwind@0057807e,8,0,"FUN_00401db0"
005780b0,Unwind@005780b0,8,0,"FUN_00401db0"
005780da,Unwind@005780da,8,0,"FUN_00401db0"
00578104,Unwind@00578104,8,0,"FUN_00401db0"
00578130,Unwind@00578130,8,0,"FUN_00401db0"
0057815a,Unwind@0057815a,8,0,"FUN_00401db0"
00578184,Unwind@00578184,8,0,"FUN_00401db0"
005781b0,Unwind@005781b0,8,0,"FUN_00401db0"
005781da,Unwind@005781da,8,0,"FUN_00401db0"
00578204,Unwind@00578204,8,0,"FUN_00401db0"
00578230,Unwind@00578230,8,0,"FUN_00401db0"
0057825a,Unwind@0057825a,8,0,"FUN_00401db0"
00578284,Unwind@00578284,8,0,"FUN_00401db0"
005782b0,Unwind@005782b0,8,0,"FUN_00401db0"
005782da,Unwind@005782da,8,0,"FUN_00401db0"
00578304,Unwind@00578304,8,0,"FUN_00401db0"
00578330,Unwind@00578330,8,0,"FUN_00401db0"
0057835a,Unwind@0057835a,8,0,"FUN_00401db0"
00578384,Unwind@00578384,8,0,"FUN_00401db0"
005783b0,Unwind@005783b0,8,0,"FUN_00401db0"
005783da,Unwind@005783da,8,0,"FUN_00401db0"
00578404,Unwind@00578404,8,0,"FUN_00401db0"
00578430,Unwind@00578430,8,0,"FUN_00401db0"
0057845a,Unwind@0057845a,8,0,"FUN_00401db0"
00578484,Unwind@00578484,8,0,"FUN_00401db0"
005784b0,Unwind@005784b0,8,0,"FUN_00401db0"
005784da,Unwind@005784da,8,0,"FUN_00401db0"
00578504,Unwind@00578504,8,0,"FUN_00401db0"
00578530,Unwind@00578530,8,0,"FUN_00401db0"
0057855a,Unwind@0057855a,8,0,"FUN_00401db0"
00578584,Unwind@00578584,8,0,"FUN_00401db0"
005785b0,Unwind@005785b0,8,0,"FUN_00401db0"
005785da,Unwind@005785da,8,0,"FUN_00401db0"
00578604,Unwind@00578604,8,0,"FUN_00401db0"
00578630,Unwind@00578630,8,0,"FUN_00401db0"
0057865a,Unwind@0057865a,8,0,"FUN_00401db0"
00578684,Unwind@00578684,8,0,"FUN_00401db0"
005786cd,Unwind@005786cd,8,0,"FUN_00401db0"
005786d5,Unwind@005786d5,8,0,"FUN_00401db0"
005786dd,Unwind@005786dd,8,0,"FUN_00401db0"
005786e5,Unwind@005786e5,8,0,"FUN_00401db0"
00578710,Unwind@00578710,8,0,"FUN_00401db0"
0057875d,Unwind@0057875d,11,0,"FUN_00401db0"
005787da,Unwind@005787da,8,0,"FUN_00401db0"
0057884d,Unwind@0057884d,8,0,"FUN_00401db0"
0057889d,Unwind@0057889d,8,0,"FUN_00401db0"
005788d0,Unwind@005788d0,8,0,"FUN_004018b0"
005788d8,Unwind@005788d8,8,0,"FUN_00401db0"
005788e0,Unwind@005788e0,8,0,"FUN_0040c400"
0057890a,Unwind@0057890a,11,0,"FUN_004018b0"
0057893a,Unwind@0057893a,8,0,"FUN_004018b0"
00578964,Unwind@00578964,8,0,"FUN_004018b0"
0057898e,Unwind@0057898e,8,0,"FUN_004018b0"
00578996,Unwind@00578996,8,0,"FUN_00401db0"
0057899e,Unwind@0057899e,8,0,"FUN_0040c400"
005789e5,Unwind@005789e5,8,0,"FUN_00401db0"
005789ed,Unwind@005789ed,8,0,"FUN_004018b0"
005789f5,Unwind@005789f5,8,0,"FUN_004106a0"
00578a3d,Unwind@00578a3d,8,0,"FUN_00401db0"
00578a67,Unwind@00578a67,8,0,"FUN_00401db0"
00578aa0,Unwind@00578aa0,8,0,"FUN_0055ce50"
00578aca,Unwind@00578aca,8,0,"FUN_0055ce50"
00578b00,Unwind@00578b00,8,0,"FUN_0055ce50"
00578b6d,Unwind@00578b6d,8,0,"FUN_004018b0"
00578b97,Unwind@00578b97,8,0,"FUN_004018b0"
00578bcb,Unwind@00578bcb,11,0,"FUN_00401db0"
00578c40,Unwind@00578c40,8,0,"FUN_004018b0"
00578c48,Unwind@00578c48,8,0,"FUN_004018b0"
00578c50,Unwind@00578c50,8,0,"FUN_004018b0"
00578c7a,Unwind@00578c7a,8,0,"FUN_00432ff0"
00578ca4,Unwind@00578ca4,8,0,"FUN_004018b0"
00578cce,Unwind@00578cce,8,0,"FUN_004018b0"
00578cf8,Unwind@00578cf8,8,0,"FUN_004018b0"
00578d22,Unwind@00578d22,8,0,"FUN_004018b0"
00578d2a,Unwind@00578d2a,8,0,"FUN_004018b0"
00578d54,Unwind@00578d54,8,0,"FUN_004018b0"
00578d5c,Unwind@00578d5c,8,0,"FUN_004018b0"
00578d86,Unwind@00578d86,8,0,"FUN_004018b0"
00578d8e,Unwind@00578d8e,8,0,"FUN_004018b0"
00578db8,Unwind@00578db8,8,0,"FUN_004018b0"
00578dc0,Unwind@00578dc0,8,0,"FUN_004018b0"
00578dea,Unwind@00578dea,8,0,"FUN_004018b0"
00578df2,Unwind@00578df2,8,0,"FUN_004018b0"
00578e1c,Unwind@00578e1c,8,0,"FUN_00432ff0"
00578e46,Unwind@00578e46,8,0,"FUN_00401db0"
00578e4e,Unwind@00578e4e,8,0,"FUN_004018b0"
00578e78,Unwind@00578e78,8,0,"FUN_004018b0"
00578ea2,Unwind@00578ea2,8,0,"FUN_004018b0"
00578ecc,Unwind@00578ecc,8,0,"FUN_004018b0"
00578ef6,Unwind@00578ef6,8,0,"FUN_004018b0"
00578f20,Unwind@00578f20,8,0,"FUN_004018b0"
00578f4a,Unwind@00578f4a,8,0,"FUN_004018b0"
00578f74,Unwind@00578f74,8,0,"FUN_004018b0"
00578f7c,Unwind@00578f7c,8,0,"FUN_004018b0"
00578f84,Unwind@00578f84,8,0,"FUN_00436f50"
00578fae,Unwind@00578fae,8,0,"FUN_00436f50"
00578fd8,Unwind@00578fd8,8,0,"FUN_004018b0"
00579002,Unwind@00579002,8,0,"FUN_004018b0"
00579049,Unwind@00579049,8,0,"FUN_00401db0"
00579051,Unwind@00579051,8,0,"FUN_00433620"
00579059,Unwind@00579059,8,0,"FUN_004018b0"
00579061,Unwind@00579061,8,0,"FUN_004018b0"
00579069,Unwind@00579069,8,0,"FUN_004106a0"
00579093,Unwind@00579093,8,0,"FUN_00401db0"
005790bd,Unwind@005790bd,8,0,"FUN_004018b0"
005790e7,Unwind@005790e7,8,0,"FUN_004018b0"
00579111,Unwind@00579111,8,0,"FUN_004018b0"
0057913b,Unwind@0057913b,8,0,"FUN_004018b0"
00579143,Unwind@00579143,8,0,"FUN_00401db0"
0057916d,Unwind@0057916d,8,0,"FUN_004018b0"
005791a0,Unwind@005791a0,25,0,"FUN_00436f50"
005791b9,Unwind@005791b9,25,0,"FUN_00436f50"
005791d2,Unwind@005791d2,11,0,"FUN_00436f50"
005791dd,Unwind@005791dd,11,0,"FUN_00436f50"
005791e8,Unwind@005791e8,8,0,"FUN_00436f50"
005791f0,Unwind@005791f0,8,0,"FUN_00436f50"
005791f8,Unwind@005791f8,8,0,"FUN_00436f50"
00579200,Unwind@00579200,8,0,"FUN_00436f50"
00579208,Unwind@00579208,8,0,"FUN_00436f50"
00579210,Unwind@00579210,8,0,"FUN_00436f50"
00579218,Unwind@00579218,11,0,"FUN_00436f50"
00579223,Unwind@00579223,8,0,"FUN_00436f50"
0057922b,Unwind@0057922b,8,0,"FUN_00436f50"
00579233,Unwind@00579233,11,0,"FUN_00436f50"
0057923e,Unwind@0057923e,8,0,"FUN_00436f50"
00579246,Unwind@00579246,11,0,"FUN_00436f50"
00579276,Unwind@00579276,25,0,"FUN_00436f50"
0057928f,Unwind@0057928f,8,0,"FUN_00436f50"
00579297,Unwind@00579297,8,0,"FUN_00436f50"
005792c1,Unwind@005792c1,25,0,"FUN_00436f50"
005792da,Unwind@005792da,8,0,"FUN_00436f50"
005792e2,Unwind@005792e2,8,0,"FUN_00436f50"
0057930c,Unwind@0057930c,8,0,"FUN_00436f50"
00579336,Unwind@00579336,8,0,"FUN_00436f50"
00579360,Unwind@00579360,8,0,"FUN_00436f50"
00579368,Unwind@00579368,8,0,"FUN_00436f50"
00579370,Unwind@00579370,8,0,"FUN_00436f50"
00579378,Unwind@00579378,8,0,"FUN_00436f50"
005793a2,Unwind@005793a2,8,0,"FUN_00436f50"
005793aa,Unwind@005793aa,8,0,"FUN_00436f50"
005793b2,Unwind@005793b2,8,0,"FUN_00436f50"
005793ba,Unwind@005793ba,8,0,"FUN_00436f50"
005793c2,Unwind@005793c2,8,0,"FUN_00436f50"
005793ca,Unwind@005793ca,8,0,"FUN_00436f50"
005793f4,Unwind@005793f4,8,0,"FUN_00436f50"
005793fc,Unwind@005793fc,8,0,"FUN_00436f50"
00579404,Unwind@00579404,8,0,"FUN_00436f50"
0057940c,Unwind@0057940c,8,0,"FUN_00436f50"
00579436,Unwind@00579436,8,0,"FUN_00436f50"
0057943e,Unwind@0057943e,8,0,"FUN_00436f50"
00579446,Unwind@00579446,8,0,"FUN_00436f50"
0057944e,Unwind@0057944e,8,0,"FUN_00436f50"
00579456,Unwind@00579456,8,0,"FUN_00436f50"
0057945e,Unwind@0057945e,8,0,"FUN_00436f50"
00579488,Unwind@00579488,8,0,"FUN_00436f50"
00579490,Unwind@00579490,8,0,"FUN_00436f50"
00579498,Unwind@00579498,8,0,"FUN_00436f50"
005794a0,Unwind@005794a0,8,0,"FUN_00436f50"
005794a8,Unwind@005794a8,8,0,"FUN_00436f50"
005794b0,Unwind@005794b0,8,0,"FUN_00436f50"
005794da,Unwind@005794da,8,0,"FUN_00436f50"
005794e2,Unwind@005794e2,8,0,"FUN_00436f50"
005794ea,Unwind@005794ea,8,0,"FUN_00436f50"
005794f2,Unwind@005794f2,8,0,"FUN_00436f50"
005794fa,Unwind@005794fa,8,0,"FUN_00436f50"
00579502,Unwind@00579502,8,0,"FUN_00436f50"
0057952c,Unwind@0057952c,8,0,"FUN_00436f50"
00579556,Unwind@00579556,25,0,"FUN_00436f50"
0057956f,Unwind@0057956f,25,0,"FUN_00436f50"
00579588,Unwind@00579588,25,0,"FUN_00436f50"
005795a1,Unwind@005795a1,25,0,"FUN_00436f50"
005795ba,Unwind@005795ba,25,0,"FUN_00436f50"
005795d3,Unwind@005795d3,11,0,"FUN_00436f50"
005795de,Unwind@005795de,11,0,"FUN_00436f50"
005795e9,Unwind@005795e9,11,0,"FUN_00436f50"
005795f4,Unwind@005795f4,11,0,"FUN_00436f50"
005795ff,Unwind@005795ff,8,0,"FUN_00436f50"
0057962c,Unwind@0057962c,8,0,"FUN_00436f50"
00579634,Unwind@00579634,8,0,"FUN_00436f50"
0057963c,Unwind@0057963c,8,0,"FUN_00436f50"
00579644,Unwind@00579644,8,0,"FUN_00436f50"
0057964c,Unwind@0057964c,8,0,"FUN_00436f50"
00579654,Unwind@00579654,8,0,"FUN_00436f50"
0057967e,Unwind@0057967e,8,0,"FUN_00436f50"
00579686,Unwind@00579686,11,0,"FUN_00436f50"
00579691,Unwind@00579691,8,0,"FUN_00436f50"
00579699,Unwind@00579699,8,0,"FUN_00436f50"
005796a1,Unwind@005796a1,8,0,"FUN_00436f50"
005796a9,Unwind@005796a9,8,0,"FUN_00436f50"
005796b1,Unwind@005796b1,8,0,"FUN_00436f50"
005796b9,Unwind@005796b9,8,0,"FUN_00436f50"
005796e6,Unwind@005796e6,8,0,"FUN_00436f50"
005796ee,Unwind@005796ee,8,0,"FUN_00436f50"
005796f6,Unwind@005796f6,8,0,"FUN_00436f50"
005796fe,Unwind@005796fe,8,0,"FUN_00436f50"
00579706,Unwind@00579706,8,0,"FUN_00436f50"
00579730,Unwind@00579730,8,0,"FUN_00436f50"
00579738,Unwind@00579738,8,0,"FUN_00436f50"
00579740,Unwind@00579740,8,0,"FUN_00436f50"
0057976a,Unwind@0057976a,8,0,"FUN_00436f50"
00579772,Unwind@00579772,8,0,"FUN_00436f50"
0057977a,Unwind@0057977a,8,0,"FUN_00436f50"
005797a4,Unwind@005797a4,8,0,"FUN_00436f50"
005797ac,Unwind@005797ac,8,0,"FUN_00436f50"
005797d6,Unwind@005797d6,8,0,"FUN_00433f20"
005797de,Unwind@005797de,11,0,"FUN_00433ee0"
0057980e,Unwind@0057980e,8,0,"FUN_00433f20"
00579816,Unwind@00579816,11,0,"FUN_00433ee0"
00579846,Unwind@00579846,25,0,"FUN_004383d0"
0057985f,Unwind@0057985f,8,0,"FUN_0043b040"
00579867,Unwind@00579867,8,0,"FUN_00433be0"
0057986f,Unwind@0057986f,8,0,"FUN_004590e0"
00579877,Unwind@00579877,12,0,"FUN_00463597"
005798a5,Unwind@005798a5,8,0,"FUN_00436f50"
005798ad,Unwind@005798ad,11,0,"FUN_00433930"
005798b8,Unwind@005798b8,8,0,"FUN_00436f50"
005798c0,Unwind@005798c0,8,0,"FUN_00436f50"
005798c8,Unwind@005798c8,11,0,"FUN_00433930"
005798d3,Unwind@005798d3,11,0,"FUN_00457690"
005798de,Unwind@005798de,8,0,"FUN_00436f50"
0057990b,Unwind@0057990b,11,0,"FUN_00436f50"
00579916,Unwind@00579916,8,0,"FUN_004339f0"
0057991e,Unwind@0057991e,11,0,"FUN_00433b20"
00579929,Unwind@00579929,11,0,"FUN_00458170"
00579934,Unwind@00579934,8,0,"FUN_00436f50"
0057993c,Unwind@0057993c,8,0,"FUN_004339f0"
00579944,Unwind@00579944,11,0,"FUN_00436f50"
0057994f,Unwind@0057994f,11,0,"FUN_00436f50"
0057995a,Unwind@0057995a,8,0,"FUN_00436f50"
00579962,Unwind@00579962,8,0,"FUN_00436f50"
0057998f,Unwind@0057998f,8,0,"FUN_004339f0"
00579997,Unwind@00579997,11,0,"FUN_00436f50"
005799a2,Unwind@005799a2,8,0,"FUN_00436f50"
005799aa,Unwind@005799aa,8,0,"FUN_00436f50"
005799b2,Unwind@005799b2,8,0,"FUN_00436f50"
005799ba,Unwind@005799ba,8,0,"FUN_00436f50"
005799c2,Unwind@005799c2,8,0,"FUN_00436f50"
005799ca,Unwind@005799ca,8,0,"FUN_00436f50"
005799d2,Unwind@005799d2,8,0,"FUN_00436f50"
005799ff,Unwind@005799ff,11,0,"FUN_00436f50"
00579a0a,Unwind@00579a0a,8,0,"FUN_004339f0"
00579a12,Unwind@00579a12,11,0,"FUN_00433b20"
00579a1d,Unwind@00579a1d,11,0,"FUN_00458170"
00579a28,Unwind@00579a28,8,0,"FUN_00436f50"
00579a30,Unwind@00579a30,8,0,"FUN_004339f0"
00579a38,Unwind@00579a38,11,0,"FUN_00436f50"
00579a43,Unwind@00579a43,11,0,"FUN_00436f50"
00579a4e,Unwind@00579a4e,8,0,"FUN_00436f50"
00579a56,Unwind@00579a56,8,0,"FUN_00436f50"
00579a83,Unwind@00579a83,11,0,"FUN_00436f50"
00579a8e,Unwind@00579a8e,11,0,"FUN_004339f0"
00579a99,Unwind@00579a99,11,0,"FUN_00433b20"
00579aa4,Unwind@00579aa4,11,0,"FUN_00458170"
00579aaf,Unwind@00579aaf,8,0,"FUN_00436f50"
00579ab7,Unwind@00579ab7,8,0,"FUN_004339f0"
00579abf,Unwind@00579abf,8,0,"FUN_00436f50"
00579ac7,Unwind@00579ac7,8,0,"FUN_00436f50"
00579acf,Unwind@00579acf,11,0,"FUN_00433b20"
00579ada,Unwind@00579ada,8,0,"FUN_00436f50"
00579ae2,Unwind@00579ae2,8,0,"FUN_00436f50"
00579aea,Unwind@00579aea,8,0,"FUN_00436f50"
00579af2,Unwind@00579af2,8,0,"FUN_00436f50"
00579afa,Unwind@00579afa,8,0,"FUN_00436f50"
00579b27,Unwind@00579b27,8,0,"FUN_00436f50"
00579b51,Unwind@00579b51,31,0,"FUN_00431e10"
00579b70,Unwind@00579b70,11,0,"FUN_00433970"
00579b7b,Unwind@00579b7b,8,0,"FUN_00456cc0"
00579b83,Unwind@00579b83,8,0,"FUN_00436f50"
00579b8b,Unwind@00579b8b,8,0,"FUN_00436f50"
00579b93,Unwind@00579b93,11,0,"FUN_00433de0"
00579b9e,Unwind@00579b9e,14,0,"FUN_00436f50"
00579bac,Unwind@00579bac,14,0,"FUN_00436f50"
00579bba,Unwind@00579bba,14,0,"FUN_0043b0e0"
00579bc8,Unwind@00579bc8,28,0,"FUN_004383d0"
00579be4,Unwind@00579be4,11,0,"FUN_0043b040"
00579bef,Unwind@00579bef,14,0,"FUN_00433eb0"
00579bfd,Unwind@00579bfd,14,0,"FUN_00433ec0"
00579c0b,Unwind@00579c0b,14,0,"FUN_00433ee0"
00579c19,Unwind@00579c19,14,0,"FUN_00433ee0"
00579c27,Unwind@00579c27,14,0,"FUN_00433ee0"
00579c35,Unwind@00579c35,12,0,"FUN_00463597"
00579c70,Unwind@00579c70,11,0,"FUN_004018b0"
00579c7b,Unwind@00579c7b,11,0,"thunk_FUN_004383d0"
00579c86,Unwind@00579c86,11,0,"FUN_00436f50"
00579cc0,Unwind@00579cc0,8,0,"FUN_004018b0"
00579cc8,Unwind@00579cc8,8,0,"FUN_004018b0"
00579d10,Unwind@00579d10,8,0,"FUN_00401db0"
00579d18,Unwind@00579d18,8,0,"FUN_00401db0"
00579d60,FUN_00579d60,10,0,"FUN_004b9c50"
00579d70,FUN_00579d70,66,0,"FUN_0055e4e0"
00579dc0,FUN_00579dc0,114,0,""
00579e40,FUN_00579e40,3,0,""
00579e50,FUN_00579e50,80,0,"FUN_004067e0 FUN_0047a20e"
00579eb0,FUN_00579eb0,106,0,"FUN_004067e0 FUN_0047a20e"
00579f40,FUN_00579f40,20,0,"`eh_vector_destructor_iterator'"
00579fd0,FUN_00579fd0,10,0,"FUN_0043b0e0"
00579ff0,FUN_00579ff0,85,0,"`eh_vector_destructor_iterator'"
