entry,name,size,params,callees
00402000,FUN_00402000,296,0,"FUN_00402150 FUN_00402190 FUN_00406720 FUN_00406850"
00402130,FUN_00402130,25,0,"FUN_0040b460"
00402150,FUN_00402150,52,0,"FUN_00406720 FUN_00406850"
00402190,FUN_00402190,52,0,"FUN_00406720 FUN_00406850"
004021d0,FUN_004021d0,36,0,"FUN_004065a0 FUN_0040b460"
00402200,FUN_00402200,460,0,"FUN_004037b0 FUN_00404890 FUN_00406640 FUN_004066c0 FUN_004069f0 FUN_00406cb0 FUN_00406fd0 FUN_0045ea00"
004023d0,FUN_004023d0,95,0,"FUN_00402b20 FUN_00404750 FUN_004052b0 FUN_00407160 FUN_00462ff0"
00402430,FUN_00402430,24,0,"FUN_00405420"
00402450,FUN_00402450,426,0,"FUN_004068a0 FUN_00407180"
00402600,FUN_00402600,372,0,"FUN_004069f0 FUN_004070b0 FUN_00407140"
00402780,FUN_00402780,168,0,"FUN_00406520 FUN_0043c880 FUN_0043c960"
00402830,FUN_00402830,131,0,"FUN_00402450 FUN_00402600 FUN_00465a40"
004028c0,FUN_004028c0,39,0,"FUN_00466060"
004028f0,FUN_004028f0,35,0,"FUN_0043cf10"
00402920,FUN_00402920,265,0,"FUN_00406550"
00402a30,FUN_00402a30,68,0,"FUN_00402920 FUN_004a3e17"
00402a80,FUN_00402a80,146,0,"FUN_00402920 FUN_004a3e17"
00402b20,FUN_00402b20,1698,0,"FUN_004031e0 FUN_00406880 FUN_0040b460 FUN_00462e40 FUN_00462ff0 FUN_004a3e70"
004031e0,FUN_004031e0,18,0,""
00403200,FUN_00403200,295,0,"FUN_004065f0"
00403330,FUN_00403330,297,0,"FUN_004065f0"
00403460,FUN_00403460,411,0,"FUN_004065f0"
00403600,FUN_00403600,420,0,"FUN_004065f0"
004037b0,FUN_004037b0,3898,0,"FUN_00404720 FUN_004066e0 FUN_00406700 FUN_004069f0 FUN_00406a30 FUN_00406ac0 FUN_00406c50 FUN_00406c70 FUN_00406c90 FUN_00406cd0 FUN_00438f58 FUN_00439916 FUN_00448081 FUN_004582a0 FUN_0045d550 FUN_0045e430 FUN_0045ea00 FUN_004a3e70 timeGetTime"
00404720,FUN_00404720,42,0,""
00404750,FUN_00404750,309,0,"FUN_004066e0 FUN_00462e40 FUN_00462ff0 FUN_004a3e70"
00404890,FUN_00404890,2482,0,"FUN_00404720 FUN_00405260 FUN_00405280 FUN_00406700 FUN_004069f0 FUN_00406a30 FUN_00406b40 FUN_00406bb0 FUN_00406c30 FUN_00406c50 FUN_00406c70 FUN_00406c90 FUN_00406cd0 FUN_00406dd0 FUN_00406df0 FUN_00406e20 FUN_00406f30 FUN_00406fa0 FUN_00438f58 FUN_00439916 FUN_00448081 FUN_00448418 FUN_0045d550 FUN_0045e430 FUN_0045ea00 FUN_004a3e70 timeGetTime"
00405260,FUN_00405260,22,0,""
00405280,FUN_00405280,39,0,""
004052b0,FUN_004052b0,364,0,"FUN_004066e0 FUN_00406c70 FUN_00462e40 FUN_00462ff0 FUN_004a3e70"
00405420,FUN_00405420,2538,0,"FUN_00405e10 FUN_00406580 FUN_004066a0 FUN_004066e0 FUN_00406880 FUN_004069f0 FUN_00406cf0 FUN_00406d10 FUN_00406d40 FUN_00406d70 FUN_00406da0 FUN_0040b460 FUN_00448229 FUN_00448270 FUN_0045b1e0 FUN_0045e430 FUN_00462ff0 FUN_00463470 FUN_004a3e70"
00405e10,FUN_00405e10,1803,0,"FUN_0045e430 FUN_00462ff0"
00406520,FUN_00406520,42,0,""
00406550,FUN_00406550,40,0,""
00406580,FUN_00406580,26,0,""
004065a0,FUN_004065a0,22,0,"FUN_004065c0"
004065c0,FUN_004065c0,40,0,""
004065f0,FUN_004065f0,25,0,"FUN_00406610"
00406610,FUN_00406610,41,0,""
00406640,FUN_00406640,21,0,"FUN_00406660"
00406660,FUN_00406660,52,0,"FUN_00447421"
004066a0,FUN_004066a0,27,0,""
004066c0,FUN_004066c0,27,0,""
004066e0,FUN_004066e0,23,0,""
00406700,FUN_00406700,32,0,""
00406720,FUN_00406720,146,0,"FUN_004065a0 FUN_004067c0 FUN_0040b460"
004067c0,FUN_004067c0,142,0,"FUN_004065a0 FUN_00406850 FUN_0040b460"
00406850,FUN_00406850,39,0,""
00406880,FUN_00406880,25,0,""
004068a0,FUN_004068a0,49,0,"FUN_004068e0 FUN_0045e430"
004068e0,FUN_004068e0,95,0,"FUN_004065c0 FUN_00406940"
00406940,FUN_00406940,173,0,""
004069f0,FUN_004069f0,64,0,"FUN_0045e580"
00406a30,FUN_00406a30,140,0,""
00406ac0,FUN_00406ac0,43,0,"FUN_00406af0"
00406af0,FUN_00406af0,68,0,"FUN_00472840 FUN_004a3e70"
00406b40,FUN_00406b40,43,0,"FUN_00406b70"
00406b70,FUN_00406b70,55,0,"FUN_004a3e70"
00406bb0,FUN_00406bb0,43,0,"FUN_00406be0"
00406be0,FUN_00406be0,68,0,"FUN_00472840 FUN_004a3e70"
00406c30,FUN_00406c30,28,0,"FUN_0045e1e0"
00406c50,FUN_00406c50,28,0,"FUN_0045e1e0"
00406c70,FUN_00406c70,26,0,""
00406c90,FUN_00406c90,26,0,""
00406cb0,FUN_00406cb0,25,0,""
00406cd0,FUN_00406cd0,23,0,""
00406cf0,FUN_00406cf0,21,0,""
00406d10,FUN_00406d10,38,0,""
00406d40,FUN_00406d40,38,0,""
00406d70,FUN_00406d70,38,0,""
00406da0,FUN_00406da0,38,0,""
00406dd0,FUN_00406dd0,20,0,""
00406df0,FUN_00406df0,38,0,""
00406e20,FUN_00406e20,33,0,"FUN_00406e50"
00406e50,FUN_00406e50,154,0,"FUN_00406ef0 FUN_00439a2e"
00406ef0,FUN_00406ef0,49,0,"FUN_0043ed20"
00406f30,FUN_00406f30,110,0,"FUN_00439a2e"
00406fa0,FUN_00406fa0,36,0,"FUN_00406e50"
00406fd0,FUN_00406fd0,217,0,"FUN_0045ea00"
004070b0,FUN_004070b0,101,0,"FUN_00407120"
00407120,FUN_00407120,27,0,""
00407140,FUN_00407140,20,0,""
00407160,FUN_00407160,24,0,""
00407180,FUN_00407180,25,0,""
004071a0,FUN_004071a0,513,0,"FUN_00404720 FUN_004065a0 FUN_00406720 FUN_00406850 FUN_004073b0 FUN_0040b460"
004073b0,FUN_004073b0,77,0,"FUN_0040b460"
00407400,FUN_00407400,6291,0,"FUN_00404720 FUN_004065f0 FUN_00406640 FUN_004066a0 FUN_004069f0 FUN_00406c70 FUN_00407120 FUN_00408d40 FUN_00408d60 FUN_00409060 FUN_004090d0 FUN_00409f40 FUN_0040b460 FUN_0040b8c0 FUN_0040b8e0 FUN_0040b910 FUN_0040bb80 FUN_00425430 FUN_00425870 FUN_00426d10 FUN_0045ea00 FUN_004a3e70 thunk_FUN_0047a33d"
00408d40,FUN_00408d40,21,0,"FUN_004a3ef0"
00408d60,FUN_00408d60,577,0,"FUN_004065f0 FUN_00406640 FUN_004066a0 FUN_00408fc0 FUN_00409080 FUN_004090d0 FUN_00409120 FUN_0040b8c0"
00408fc0,FUN_00408fc0,152,0,""
00409060,FUN_00409060,21,0,"FUN_004a3fa0"
00409080,FUN_00409080,70,0,"FUN_00404720"
004090d0,FUN_004090d0,70,0,"FUN_00404720"
00409120,FUN_00409120,62,0,"FUN_00404720"
00409160,FUN_00409160,157,0,""
00409200,FUN_00409200,1087,0,"ClearCancel FUN_00404720 FUN_00406580 FUN_0040a1b0 FUN_0040b9b0 FUN_0040b9d0 FUN_0040b9f0 FUN_0040ba10 FUN_0040ba30 FUN_0040ba50 FUN_0040ba70 FUN_0040bad0 FUN_0040baf0 FUN_00437d87 FUN_004481df FUN_00448229 FUN_00448270 FUN_0045b1e0 FUN_00462750 FUN_00462e00 FUN_00462e40"
00409640,FUN_00409640,528,0,"FUN_00406580 FUN_0040a1b0 FUN_0040b5a0 FUN_0040ba90 FUN_0040bab0 FUN_0040baf0 FUN_004281e0 FUN_00437d87 FUN_00448229 FUN_00448270 FUN_0045b1e0 FUN_00462e40"
00409850,FUN_00409850,706,0,"FUN_00404720 FUN_004065f0 FUN_00406c70 FUN_00409ce0 FUN_0040b900 FUN_0040bb60 FUN_00465a40"
00409b20,FUN_00409b20,254,0,"FUN_00406520 FUN_0040b900 FUN_0043c880 FUN_0043c960"
00409c20,FUN_00409c20,122,0,"FUN_0040b8a0 FUN_0040b900 FUN_00466060"
00409ca0,FUN_00409ca0,50,0,"FUN_0043cf10"
00409ce0,FUN_00409ce0,598,0,"FUN_004065f0 FUN_004069f0 FUN_00407120 FUN_0040b880 FUN_0040b900 FUN_0040b910 FUN_0043e660 FUN_0043ea00"
00409f40,FUN_00409f40,610,0,"FUN_004065f0 FUN_00406640 FUN_00407120 FUN_0040bc20 FUN_0040bc40 FUN_0045ea00"
0040a1b0,FUN_0040a1b0,4746,0,"FUN_00404720 FUN_00406580 FUN_00406850 FUN_00406940 FUN_00409080 FUN_004090d0 FUN_0040b440 FUN_0040b460 FUN_0040b470 FUN_0040b4c0 FUN_0040b500 FUN_0040b540 FUN_0040b6d0 FUN_0040ba90 FUN_004481df FUN_00448229 FUN_00463800 FUN_00464470 FUN_00464dd0 FUN_004a3e70 thunk_FUN_0047a33d thunk_FUN_0047a355"
0040b440,FUN_0040b440,21,0,"FUN_004a4050"
0040b460,FUN_0040b460,14,0,""
0040b470,FUN_0040b470,73,0,""
0040b4c0,FUN_0040b4c0,58,0,"FUN_0040b440"
0040b500,FUN_0040b500,49,0,""
0040b540,FUN_0040b540,54,0,""
0040b580,FUN_0040b580,22,0,"FUN_0040b460"
0040b5a0,FUN_0040b5a0,292,0,"FUN_00404720 FUN_00478395 FUN_004784dd FUN_004a4110"
0040b6d0,FUN_0040b6d0,283,0,"FUN_00409080 FUN_0040b7f0 FUN_00478395 FUN_004784dd thunk_FUN_0047a33d"
0040b7f0,FUN_0040b7f0,132,0,"FUN_0040b460"
0040b880,FUN_0040b880,25,0,"_malloc"
0040b8a0,FUN_0040b8a0,25,0,"_free"
0040b8c0,FUN_0040b8c0,23,0,""
0040b8e0,FUN_0040b8e0,27,0,""
0040b900,FUN_0040b900,10,0,""
0040b910,FUN_0040b910,152,0,"FUN_00404720 FUN_0045e580"
0040b9b0,FUN_0040b9b0,21,0,""
0040b9d0,FUN_0040b9d0,21,0,""
0040b9f0,FUN_0040b9f0,21,0,""
0040ba10,FUN_0040ba10,24,0,""
0040ba30,FUN_0040ba30,21,0,""
0040ba50,FUN_0040ba50,24,0,""
0040ba70,FUN_0040ba70,21,0,""
0040ba90,FUN_0040ba90,25,0,""
0040bab0,FUN_0040bab0,30,0,""
0040bad0,FUN_0040bad0,31,0,""
0040baf0,FUN_0040baf0,33,0,"FUN_00462e40 FUN_00463210"
0040bb20,ClearCancel,51,1,""
0040bb60,FUN_0040bb60,26,0,""
0040bb80,FUN_0040bb80,145,0,"FUN_004a3e70"
0040bc20,FUN_0040bc20,23,0,""
0040bc40,FUN_0040bc40,18,0,""
0040bc60,FUN_0040bc60,450,0,"FUN_004066a0 FUN_00409160 FUN_0040b8e0 FUN_0040bab0 FUN_0040d3b0"
0040be30,FUN_0040be30,194,0,"FUN_004065f0 FUN_0040bf00 FUN_00415d60 FUN_004413e0"
0040bf00,FUN_0040bf00,264,0,"FUN_004065f0 FUN_0040d3b0 FUN_00425870"
0040c010,FUN_0040c010,1941,0,"FUN_004066a0 FUN_004069f0 FUN_00408d40 FUN_00409060 FUN_004090d0 FUN_0040b440 FUN_0040b460 FUN_0040b8e0 FUN_0040be30 FUN_0040c7b0 FUN_0040c7d0 FUN_0040d3d0 FUN_0040d3f0 FUN_00425430 FUN_0043edb0 FUN_0044df00 FUN_0044e040 FUN_0045b8b0 FUN_0045d550 FUN_0045d660 FUN_0045ea00"
0040c7b0,FUN_0040c7b0,24,0,"FUN_004a42fa"
0040c7d0,FUN_0040c7d0,76,0,"FUN_00404720"
0040c820,FUN_0040c820,230,0,"FUN_00409080 FUN_0040bc60 FUN_00462ff0"
0040c910,FUN_0040c910,1790,0,"FUN_004066a0 FUN_004069f0 FUN_00408d40 FUN_00409060 FUN_004090d0 FUN_0040b460 FUN_0040b8e0 FUN_0040be30 FUN_0040c7d0 FUN_0040d390 FUN_0040d3b0 FUN_0040d3d0 FUN_0040d3f0 FUN_0040d410 FUN_00425430 FUN_0043edb0 FUN_0044df00 FUN_0044e040 FUN_0045b8b0 FUN_0045d550 FUN_0045d660 FUN_0045ea00"
0040d010,FUN_0040d010,233,0,"FUN_00409080 FUN_0040bc60 FUN_00462ff0"
0040d100,FUN_0040d100,521,0,"FUN_004065f0 FUN_00406c70 FUN_0040be30 FUN_0040d3d0 FUN_0040d3f0 FUN_00425430 FUN_00425870 FUN_0045d550"
0040d310,FUN_0040d310,121,0,"FUN_004066a0 FUN_0040bc60 FUN_0040d3b0"
0040d390,FUN_0040d390,24,0,"FUN_0043ed50"
0040d3b0,FUN_0040d3b0,17,0,""
0040d3d0,FUN_0040d3d0,27,0,""
0040d3f0,FUN_0040d3f0,27,0,""
0040d410,FUN_0040d410,25,0,""
0040d430,FUN_0040d430,1303,0,"FUN_00404720 FUN_004065f0 FUN_004066a0 FUN_00409080 FUN_004090d0 FUN_00409120 FUN_0040b8c0 FUN_0040b8e0 FUN_0040be30 FUN_0040d3d0 FUN_0040d3f0 FUN_0040e350 FUN_00425430 FUN_0044df00 FUN_0044e040 FUN_0045b8b0 FUN_0045d550"
0040d950,FUN_0040d950,24,0,"FUN_0040bc60"
0040d970,FUN_0040d970,1390,0,"FUN_00404720 FUN_004065f0 FUN_004066a0 FUN_00409080 FUN_004090d0 FUN_00409120 FUN_0040b8c0 FUN_0040b8e0 FUN_0040be30 FUN_0040d3d0 FUN_0040d3f0 FUN_0040e350 FUN_00425430 FUN_0044df00 FUN_0044e040 FUN_0045b8b0 FUN_0045d550"
0040dee0,FUN_0040dee0,349,0,"FUN_004066a0 FUN_0040bc60 FUN_0040d3b0 FUN_0040e390 FUN_0045b1e0"
0040e040,FUN_0040e040,209,0,"FUN_004066a0 FUN_0040b8c0"
0040e120,FUN_0040e120,209,0,"FUN_004066a0 FUN_0040b8c0"
0040e200,FUN_0040e200,196,0,"FUN_004066a0 FUN_0040b8c0"
0040e2d0,FUN_0040e2d0,119,0,"FUN_0040b8c0"
0040e350,FUN_0040e350,58,0,""
0040e390,FUN_0040e390,27,0,""
0040e3b0,FUN_0040e3b0,600,0,"FUN_004069f0 FUN_0040b460 FUN_0040be30 FUN_0040d3b0 FUN_0040d3d0 FUN_0040d3f0 FUN_0044de60 FUN_0044dfa0 FUN_0045b8b0 FUN_0045d550 FUN_00462310"
0040e610,FUN_0040e610,362,0,"FUN_00408d40 FUN_00409060 FUN_0040bc60 FUN_0040ec00 FUN_00463210"
0040e780,FUN_0040e780,968,0,"FUN_004069f0 FUN_0040b460 FUN_0040be30 FUN_0040d3b0 FUN_0040d3d0 FUN_0040d3f0 FUN_0040ebc0 FUN_0040ec30 FUN_0040eca0 FUN_0040ed50 FUN_0040eda0 FUN_00425870 FUN_0044de60 FUN_0044dfa0 FUN_0045b8b0 FUN_0045d550 FUN_0045d660 FUN_0045ea00 FUN_00462310"
0040eb50,FUN_0040eb50,112,0,"FUN_0040d3b0"
0040ebc0,FUN_0040ebc0,61,0,""
0040ec00,FUN_0040ec00,43,0,""
0040ec30,FUN_0040ec30,112,0,"FUN_004065f0"
0040eca0,FUN_0040eca0,174,0,"FUN_004065f0"
0040ed50,FUN_0040ed50,80,0,"FUN_004065f0"
0040eda0,FUN_0040eda0,105,0,"FUN_004065f0"
0040ee10,FUN_0040ee10,1853,0,"FUN_004065f0 FUN_004066a0 FUN_00407120 FUN_00409080 FUN_004090d0 FUN_00409120 FUN_0040b460 FUN_0040b8c0 FUN_0040b8e0 FUN_0040be30 FUN_0040d390 FUN_0040d3d0 FUN_0040d3f0 FUN_0040e350 FUN_0040ebc0 FUN_0040ec30 FUN_0040eca0 FUN_0040ed50 FUN_0040eda0 FUN_00425870 FUN_0044de60 FUN_0044df00 FUN_0045d550 FUN_0045d660 FUN_0045ea00"
0040f550,FUN_0040f550,24,0,"FUN_0040bc60"
0040f570,FUN_0040f570,1853,0,"FUN_004065f0 FUN_004066a0 FUN_00407120 FUN_00409080 FUN_004090d0 FUN_00409120 FUN_0040b460 FUN_0040b8c0 FUN_0040b8e0 FUN_0040be30 FUN_0040d390 FUN_0040d3d0 FUN_0040d3f0 FUN_0040e350 FUN_0040ebc0 FUN_0040ec30 FUN_0040eca0 FUN_0040ed50 FUN_0040eda0 FUN_00425870 FUN_0044de60 FUN_0044df00 FUN_0045d550 FUN_0045d660 FUN_0045ea00"
0040fcb0,FUN_0040fcb0,24,0,"FUN_0040bc60"
0040fcd0,FUN_0040fcd0,1573,0,"FUN_004065f0 FUN_00406640 FUN_004066a0 FUN_00408d40 FUN_00409060 FUN_00409080 FUN_0040b8e0 FUN_0040b910 FUN_0040be30 FUN_0040c7b0 FUN_0040d390 FUN_0040d3b0 FUN_0040d3d0 FUN_0040d3f0 FUN_0040e350 FUN_0040e390 FUN_00410a70 FUN_00410c00 FUN_00425430 FUN_0043edb0 FUN_0044df00 FUN_0044e040 FUN_0045b8b0 FUN_0045d550 FUN_0045d660 FUN_0045ea00"
00410300,FUN_00410300,225,0,"FUN_0040bc60 FUN_0040ec00 FUN_00463210"
004103f0,FUN_004103f0,1655,0,"FUN_004065f0 FUN_00406640 FUN_004066a0 FUN_00408d40 FUN_00409060 FUN_00409080 FUN_0040b8e0 FUN_0040b910 FUN_0040be30 FUN_0040c7b0 FUN_0040d390 FUN_0040d3b0 FUN_0040d3d0 FUN_0040d3f0 FUN_0040e350 FUN_0040e390 FUN_00410a70 FUN_00410c00 FUN_00425430 FUN_0043edb0 FUN_0044df00 FUN_0044e040 FUN_0045b8b0 FUN_0045d550 FUN_0045d660 FUN_0045ea00"
00410a70,FUN_00410a70,67,0,""
00410ac0,FUN_00410ac0,225,0,"FUN_0040bc60 FUN_0040ec00 FUN_00463210"
00410bb0,FUN_00410bb0,76,0,""
00410c00,FUN_00410c00,57,0,"FUN_0043ecc0"
00410c40,FUN_00410c40,922,0,"FUN_00404720 FUN_004069f0 FUN_0040be30 FUN_0040d3d0 FUN_0040d3f0 FUN_0040e350 FUN_004259e0 FUN_0044df00 FUN_0044e040 FUN_0045d550 FUN_00462310"
00410fe0,FUN_00410fe0,959,0,"FUN_00404720 FUN_004069f0 FUN_0040be30 FUN_0040d3d0 FUN_0040d3f0 FUN_0040e350 FUN_004259e0 FUN_0044df00 FUN_0044e040 FUN_0045d550 FUN_00462310"
004113a0,FUN_004113a0,313,0,"FUN_00409080 FUN_0040bc60 FUN_00463210"
004114e0,FUN_004114e0,567,0,"FUN_004066a0 FUN_0040b460 FUN_0040b8c0 FUN_0040d3f0 FUN_00410a70 FUN_004286e0 FUN_0043edb0 FUN_0044de60 FUN_0044dfa0 FUN_0045b8b0 FUN_00464b00"
00411720,FUN_00411720,139,0,"FUN_004259e0"
004117b0,FUN_004117b0,708,0,"FUN_004066a0 FUN_0040b460 FUN_0040b8c0 FUN_0040d3f0 FUN_00410a70 FUN_004286e0 FUN_0043edb0 FUN_0044de60 FUN_0044dfa0 FUN_0045b8b0 FUN_00464b00"
00411a80,FUN_00411a80,139,0,"FUN_004259e0"
00411b10,FUN_00411b10,2032,0,"FUN_004066a0 FUN_004069f0 FUN_00409080 FUN_004090d0 FUN_00409120 FUN_0040b8c0 FUN_0040b8e0 FUN_0040be30 FUN_0040d3d0 FUN_0040d3f0 FUN_0040e350 FUN_00425430 FUN_0044de60 FUN_0044dfa0 FUN_0045b8b0 FUN_0045d550"
00412300,FUN_00412300,207,0,"FUN_004066a0 FUN_0040b8e0 FUN_0040bc60 FUN_0040d3b0 FUN_0045b1e0"
004123d0,FUN_004123d0,3016,0,"FUN_004066a0 FUN_004069f0 FUN_00409080 FUN_004090d0 FUN_00409120 FUN_0040b8c0 FUN_0040b8e0 FUN_0040be30 FUN_0040d3d0 FUN_0040d3f0 FUN_0040e350 FUN_00425430 FUN_0044de60 FUN_0044dfa0 FUN_0045b8b0 FUN_0045d550"
00412fa0,FUN_00412fa0,207,0,"FUN_004066a0 FUN_0040b8e0 FUN_0040bc60 FUN_0040d3b0 FUN_0045b1e0"
00413070,FUN_00413070,204,0,"FUN_004066a0 FUN_0040b8c0"
00413140,FUN_00413140,1859,0,"FUN_004069f0 FUN_004090d0 FUN_0040be30 FUN_0040d3d0 FUN_0040d3f0 FUN_00410a70 FUN_00425430 FUN_004286e0 FUN_0043edb0 FUN_0044df00 FUN_0044e040 FUN_0045b8b0 FUN_0045d550 FUN_0045ea00"
00413890,FUN_00413890,241,0,"FUN_0040bc60 FUN_0040c7b0 FUN_0040ec00 FUN_00463210"
00413990,FUN_00413990,2344,0,"FUN_004066a0 FUN_004069f0 FUN_004090d0 FUN_0040b8e0 FUN_0040be30 FUN_0040d3d0 FUN_0040d3f0 FUN_0040ebc0 FUN_00410a70 FUN_004143c0 FUN_00425430 FUN_004286e0 FUN_0043edb0 FUN_0044df00 FUN_0044e040 FUN_0045b8b0 FUN_0045d550 FUN_0045d660 FUN_0045ea00"
004142c0,FUN_004142c0,244,0,"FUN_0040bc60 FUN_0040c7b0 FUN_0040ec00 FUN_00463210"
004143c0,FUN_004143c0,24,0,"FUN_0043ed80"
004143e0,FUN_004143e0,238,0,"FUN_004065a0 FUN_00406720"
004144d0,FUN_004144d0,105,0,""
00414540,FUN_00414540,68,0,""
00414590,FUN_00414590,3237,0,"FUN_004069f0 FUN_00406c70 FUN_0040b900 FUN_0040bb60 FUN_00418130 FUN_00418180 FUN_004338b0 FUN_00465a40"
004152a0,FUN_004152a0,2483,0,"FUN_004065f0 FUN_004069f0 FUN_00406c90 FUN_00415c60 FUN_00415c80 FUN_00415ce0 FUN_00415f00 FUN_004181f0 FUN_00418220 FUN_00425870 FUN_00437edc"
00415c60,FUN_00415c60,21,0,"FUN_00430830"
00415c80,FUN_00415c80,85,0,""
00415ce0,FUN_00415ce0,37,0,""
00415d10,FUN_00415d10,71,0,"FUN_00415f00"
00415d60,FUN_00415d60,415,0,"FUN_004069f0 FUN_00407120 FUN_0045d550 FUN_0045e430 FUN_004663b0"
00415f00,FUN_00415f00,558,0,"FUN_004069f0 FUN_00407120 FUN_00418180 FUN_0045d550 FUN_0045e430 FUN_004664a0"
00416130,FUN_00416130,39,0,"FUN_00407120"
00416160,FUN_00416160,70,0,"FUN_00407120"
004161b0,FUN_004161b0,2331,0,"FUN_004065f0 FUN_00406c70 FUN_00406c90 FUN_00406e50 FUN_0040d3b0 FUN_00416160 FUN_00416ad0 FUN_004181f0 FUN_0042efb0 FUN_00430aa0 FUN_00437ddd FUN_00437e5d FUN_0045d550"
00416ad0,FUN_00416ad0,24,0,""
00416af0,FUN_00416af0,32,0,"FUN_00416160"
00416b10,FUN_00416b10,118,0,""
00416b90,FUN_00416b90,3269,0,"FUN_004065f0 FUN_004066c0 FUN_00409080 FUN_004090d0 FUN_0040b460 FUN_0040b8c0 FUN_0040c7d0 FUN_0040d3b0 FUN_0040d3f0 FUN_0040e390 FUN_00410a70 FUN_00416af0 FUN_00417860 FUN_00418110 FUN_004181f0 FUN_00418220 FUN_004286e0 FUN_00437edc FUN_0043edb0 FUN_004400a0 FUN_0045e430 FUN_0045ea00 FUN_004a3e70"
00417860,FUN_00417860,59,0,"FUN_004178a0"
004178a0,FUN_004178a0,19,0,""
004178c0,FUN_004178c0,1685,0,"FUN_004066e0 FUN_00406880 FUN_00406c70 FUN_0040bab0 FUN_0040bad0 FUN_00410a70 FUN_00462ff0 FUN_00463210"
00417f60,FUN_00417f60,175,0,"FUN_00414590 FUN_0043c880 FUN_0043c960 FUN_0043ce60"
00418010,FUN_00418010,19,0,"FUN_00416b90"
00418030,FUN_00418030,19,0,"FUN_004178c0"
00418050,FUN_00418050,157,0,"FUN_0040b900 FUN_004338c0 FUN_0043cf10 FUN_00466060"
004180f0,FUN_004180f0,30,0,"FUN_0043cf10"
00418110,FUN_00418110,23,0,"FUN_0044735b"
00418130,FUN_00418130,67,0,""
00418180,FUN_00418180,98,0,""
004181f0,FUN_004181f0,44,0,""
00418220,FUN_00418220,180,0,"FUN_00406e50"
004182e0,FUN_004182e0,25,0,"FUN_00418300"
00418300,FUN_00418300,37,0,"FUN_00406850"
00418330,FUN_00418330,239,0,"FUN_0043e660 FUN_0043ea00"
00418420,FUN_00418420,44,0,"FUN_0040b8a0"
00418450,FUN_00418450,88,0,"FUN_004065f0"
004184b0,FUN_004184b0,26638,0,"FUN_00404720 FUN_004065f0 FUN_00406640 FUN_004069f0 FUN_00406dd0 FUN_00406df0 FUN_00406ef0 FUN_00407120 FUN_00408d40 FUN_00409060 FUN_00409080 FUN_0040b440 FUN_0040b460 FUN_0040b880 FUN_0040b8a0 FUN_0040b8c0 FUN_0040b8e0 FUN_0040bc40 FUN_0040c7b0 FUN_0040d390 FUN_0040d3b0 FUN_0040d3f0 FUN_00410a70 FUN_00415c60 FUN_00418110 FUN_00418450 FUN_0041efc0 FUN_0041f040 FUN_0041f090 FUN_0041f0b0 FUN_0041f0e0 FUN_0041f110 FUN_0041f280 FUN_0041f400 FUN_0041f420 FUN_0041fdf0 FUN_0041fe10 FUN_00420120 FUN_00420950 FUN_00420d10 FUN_00420f40 FUN_00421280 FUN_004212e0 FUN_00421300 FUN_004213f0 FUN_004215f0 FUN_00421ba0 FUN_00421bd0 FUN_00421cb0 FUN_00421de0 FUN_00421e50 FUN_00422020 FUN_00422480 FUN_004224a0 FUN_00422720 FUN_00422bb0 FUN_00422be0 FUN_00422c20 FUN_00422c40 FUN_004230c0 FUN_004230e0 FUN_00423110 FUN_00423130 FUN_00423150 FUN_00425430 FUN_00425650 FUN_00425b70 FUN_0042a680 FUN_0042a820 FUN_0042c180 FUN_0042efb0 FUN_00430830 FUN_00430d30 FUN_00430e10 FUN_00430f20 FUN_00439007 FUN_00439050 FUN_00439093 FUN_004390d6 FUN_0043ecc0 FUN_0043ed50 FUN_0043edb0 FUN_004400a0 FUN_0044c1b0 FUN_0045d550 FUN_0045d660 FUN_004649a0"
0041efc0,FUN_0041efc0,54,0,"FUN_0041f000"
0041f000,FUN_0041f000,53,0,""
0041f040,FUN_0041f040,67,0,""
0041f090,FUN_0041f090,24,0,"FUN_004a431a"
0041f0b0,FUN_0041f0b0,37,0,""
0041f0e0,FUN_0041f0e0,40,0,""
0041f110,FUN_0041f110,365,0,"FUN_0040b460 FUN_0041f420 FUN_00420120 FUN_0042a680"
0041f280,FUN_0041f280,383,0,"FUN_0040b460 FUN_00410a70 FUN_0041f420 FUN_00420120 FUN_0042a680"
0041f400,FUN_0041f400,25,0,"FUN_0040b460"
0041f420,FUN_0041f420,1899,0,"FUN_00405260 FUN_004090d0 FUN_0040b4c0 FUN_0040bc40 FUN_004178a0 FUN_0041f000 FUN_0041fd20 FUN_0041fd40 FUN_0041fd90 FUN_0041fdd0 FUN_00421b60 FUN_00421b80 FUN_0043ed20 FUN_0043ed50 FUN_0043ed80 FUN_004417e0 FUN_0044c1b0 FUN_00453cc0 FUN_004a3e70"
0041fd20,FUN_0041fd20,28,0,""
0041fd40,FUN_0041fd40,70,0,"FUN_0041f000"
0041fd90,FUN_0041fd90,59,0,"FUN_004178a0"
0041fdd0,FUN_0041fdd0,25,0,"FUN_0040d3b0"
0041fdf0,FUN_0041fdf0,25,0,"FUN_00447295"
0041fe10,FUN_0041fe10,548,0,""
00420120,FUN_00420120,1687,0,"FUN_00405260 FUN_004090d0 FUN_0040b4c0 FUN_0040bc40 FUN_0040d390 FUN_004178a0 FUN_0041f000 FUN_0041fd20 FUN_0041fd40 FUN_0041fd90 FUN_0043ed20 FUN_0043ed50 FUN_0043ed80 FUN_0044c1b0 FUN_004a3e70"
00420950,FUN_00420950,696,0,"FUN_004a3e70"
00420d10,FUN_00420d10,556,0,"FUN_004065f0 FUN_00408d40 FUN_00409060 FUN_0041f420 FUN_00420120 FUN_0043edb0"
00420f40,FUN_00420f40,467,0,"FUN_00404720 FUN_004065f0 FUN_004090d0 FUN_0040b460 FUN_0041f420 FUN_00420120"
00421120,FUN_00421120,89,0,"FUN_00420120 FUN_00420950"
00421180,FUN_00421180,256,0,"FUN_00420120 FUN_00420950"
00421280,FUN_00421280,83,0,"FUN_004152a0"
004212e0,FUN_004212e0,26,0,"FUN_004161b0"
00421300,FUN_00421300,238,0,"FUN_00420120 FUN_00420950"
004213f0,FUN_004213f0,506,0,"FUN_004065f0 FUN_0041f420 FUN_00420120"
004215f0,FUN_004215f0,1343,0,"FUN_0041f420 FUN_00420120"
00421b60,FUN_00421b60,20,0,""
00421b80,FUN_00421b80,20,0,""
00421ba0,FUN_00421ba0,43,0,""
00421bd0,FUN_00421bd0,214,0,"FUN_00418450"
00421cb0,FUN_00421cb0,280,0,"FUN_0040b8a0 FUN_00421dd0"
00421dd0,FUN_00421dd0,5,0,""
00421de0,FUN_00421de0,112,0,""
00421e50,FUN_00421e50,454,0,"FUN_004069f0 FUN_0041f420 FUN_00421dd0"
00422020,FUN_00422020,650,0,"FUN_004065f0 FUN_0040b460 FUN_0040d390 FUN_0041f420 FUN_00420120 FUN_004222b0 FUN_0043edb0"
004222b0,FUN_004222b0,461,0,"FUN_004065f0 FUN_00408d40 FUN_00409060 FUN_0041f420 FUN_00420120"
00422480,FUN_00422480,28,0,"FUN_004a3e70"
004224a0,FUN_004224a0,630,0,"FUN_004065f0 FUN_00406ef0 FUN_0040b460 FUN_0040d390 FUN_004143c0 FUN_0041f420 FUN_00420120 FUN_004222b0 FUN_0043edb0"
00422720,FUN_00422720,1110,0,"FUN_00409080 FUN_004178a0 FUN_0041f420 FUN_00420120 FUN_00421ba0 FUN_00422b80 FUN_00430e10"
00422b80,FUN_00422b80,39,0,""
00422bb0,FUN_00422bb0,42,0,"FUN_00407120"
00422be0,FUN_00422be0,51,0,""
00422c20,FUN_00422c20,25,0,""
00422c40,FUN_00422c40,1122,0,"FUN_00404720 FUN_00409080 FUN_004090d0 FUN_00409120 FUN_0040b460 FUN_0040b8c0 FUN_0040c7b0 FUN_0040e390 FUN_00418110 FUN_004286e0 FUN_0043edb0"
004230c0,FUN_004230c0,22,0,""
004230e0,FUN_004230e0,39,0,""
00423110,FUN_00423110,26,0,""
00423130,FUN_00423130,22,0,""
00423150,FUN_00423150,567,0,"FUN_004065f0 FUN_00406640 FUN_004069f0 FUN_0040b8e0 FUN_00422720"
00423390,FUN_00423390,52,0,""
004233d0,FUN_004233d0,39,0,"FUN_0045b8b0"
00423400,FUN_00423400,296,0,"FUN_0040c7b0"
00423530,FUN_00423530,104,0,"FUN_004069f0 FUN_00425870"
004235a0,FUN_004235a0,1203,0,"FUN_00406850 FUN_0040b9b0 FUN_0040b9d0 FUN_0040b9f0 FUN_0040ba30 FUN_0040baf0 FUN_004253e0 FUN_00448270 FUN_00463210"
00423a60,FUN_00423a60,784,0,"FUN_004090d0 FUN_0040b460 FUN_00423d70 FUN_0043edb0"
00423d70,FUN_00423d70,59,0,""
00423db0,FUN_00423db0,104,0,"FUN_004069f0 FUN_00425870"
00423e20,FUN_00423e20,784,0,"FUN_004090d0 FUN_0040b460 FUN_00423d70 FUN_0043edb0"
00424130,FUN_00424130,64,0,"FUN_004253e0"
00424170,FUN_00424170,104,0,"FUN_004069f0 FUN_00425870"
004241e0,FUN_004241e0,784,0,"FUN_004090d0 FUN_0040b460 FUN_00423d70 FUN_0043edb0"
004244f0,FUN_004244f0,494,0,"FUN_004031e0 FUN_0043edb0"
004246e0,FUN_004246e0,68,0,"FUN_0045b8b0"
00424730,FUN_00424730,228,0,"FUN_00404720 FUN_0040ebc0 FUN_0044a6a0"
00424820,FUN_00424820,228,0,"FUN_00404720 FUN_0040ebc0 FUN_0044a6a0"
00424910,FUN_00424910,228,0,"FUN_00404720 FUN_0040ebc0 FUN_0044a6a0"
00424a00,FUN_00424a00,28,0,""
00424a20,FUN_00424a20,536,0,"FUN_00407120 FUN_004286e0 FUN_0045e430"
00424c40,FUN_00424c40,443,0,"FUN_0040ed50 FUN_004286e0 FUN_0045e430"
00424e00,FUN_00424e00,31,0,"FUN_00409160"
00424e20,FUN_00424e20,39,0,"FUN_0045b8b0"
00424e50,FUN_00424e50,272,0,"FUN_004090d0 FUN_0040b460 FUN_0040b500"
00424f60,FUN_00424f60,39,0,"FUN_0045b8b0"
00424f90,FUN_00424f90,46,0,""
00424fc0,FUN_00424fc0,35,0,""
00424ff0,FUN_00424ff0,35,0,"FUN_00415d10"
00425020,FUN_00425020,26,0,"FUN_00416160"
00425040,FUN_00425040,37,0,""
00425070,FUN_00425070,89,0,"FUN_00407120"
004250d0,FUN_004250d0,213,0,"FUN_0040b460 FUN_0042a680"
004251b0,FUN_004251b0,213,0,"FUN_00407120 FUN_00423d70 FUN_0045e430"
00425290,FUN_00425290,255,0,"FUN_00407120 FUN_00423d70 FUN_0045e430"
00425390,FUN_00425390,74,0,"FUN_004400a0"
004253e0,FUN_004253e0,34,0,""
00425410,FUN_00425410,25,0,""
00425430,FUN_00425430,529,0,"FUN_004069f0 FUN_0040b8a0"
00425650,FUN_00425650,533,0,"FUN_004069f0 FUN_0040b8a0"
00425870,FUN_00425870,365,0,"FUN_004069f0 FUN_0040b8a0"
004259e0,FUN_004259e0,394,0,"FUN_004069f0 FUN_0040b8a0"
00425b70,FUN_00425b70,509,0,"FUN_00404720 FUN_004065f0 FUN_004069f0 FUN_0040b8a0"
00425d70,FUN_00425d70,236,0,"FUN_0040b460 FUN_0040c7d0 FUN_0040d390 FUN_00423d70 FUN_00425fa0"
00425e60,FUN_00425e60,63,0,"FUN_00410a70"
00425ea0,FUN_00425ea0,248,0,"FUN_0040b460 FUN_0040c7d0 FUN_0040d390 FUN_00423d70 FUN_00425fa0"
00425fa0,FUN_00425fa0,59,0,"FUN_00404720"
00425fe0,FUN_00425fe0,75,0,""
00426030,FUN_00426030,588,0,"FUN_00404720 FUN_00408d40 FUN_00409060 FUN_00409080 FUN_0040b460 FUN_0040b500 FUN_00423d70 FUN_004a3e70 thunk_FUN_0047993d thunk_FUN_0047a33d thunk_FUN_0047a349"
00426280,FUN_00426280,624,0,"FUN_00409080 FUN_00409120 FUN_0040b460 FUN_0040d390 FUN_004143c0 FUN_00425fa0"
004264f0,FUN_004264f0,545,0,"FUN_00409080 FUN_004090d0 FUN_00409120 FUN_0040b460 FUN_0040b540 FUN_00410a70 FUN_0042f1f0 thunk_FUN_0047a33d"
00426720,FUN_00426720,620,0,"FUN_00409080 FUN_00409120 FUN_0040b460 FUN_0040d390 FUN_004143c0 FUN_00425fa0"
00426990,FUN_00426990,388,0,"FUN_00409080 FUN_004090d0 FUN_00409120 FUN_0040b460 FUN_0040b540 FUN_00410a70 thunk_FUN_0047a33d"
00426b20,FUN_00426b20,134,0,"FUN_00408d40 FUN_00409060 FUN_0040d390"
00426bb0,FUN_00426bb0,133,0,"FUN_00409080 FUN_00409120 FUN_0040b8c0"
00426c40,FUN_00426c40,66,0,"FUN_00428720"
00426c90,FUN_00426c90,120,0,"FUN_00409080 FUN_00409120 FUN_0040b8c0"
00426d10,FUN_00426d10,94,0,"FUN_00410a70"
00426d70,FUN_00426d70,251,0,"FUN_004090d0 FUN_0040b460 FUN_0040b540 FUN_0040ec00 FUN_00410a70 FUN_0043edb0 thunk_FUN_0047a33d"
00426e70,FUN_00426e70,587,0,"FUN_00409080 FUN_00409120 FUN_0040b460 FUN_0040d390 FUN_00425fa0"
004270c0,FUN_004270c0,217,0,"FUN_00408d40 FUN_00409060 FUN_0040d390 FUN_00423d70 FUN_0043edb0"
004271a0,FUN_004271a0,166,0,"FUN_00409080 FUN_00409120 FUN_0040b8c0"
00427250,FUN_00427250,16,0,""
00427260,FUN_00427260,114,0,"FUN_0040b460 FUN_004286e0 FUN_0043edb0"
004272e0,FUN_004272e0,353,0,"FUN_0040b880 FUN_004649a0"
00427450,FUN_00427450,1303,0,"FUN_00408d40 FUN_00409060 FUN_0040b460 FUN_00410a70 FUN_004286e0 FUN_00428700 FUN_0043ee30 FUN_00464b00 FUN_00464c60"
00427970,FUN_00427970,31,0,"FUN_004272e0"
00427990,FUN_00427990,59,0,""
004279d0,FUN_004279d0,143,0,""
00427a60,FUN_00427a60,114,0,"FUN_0040b8e0"
00427ae0,FUN_00427ae0,110,0,""
00427b50,FUN_00427b50,158,0,""
00427bf0,FUN_00427bf0,778,0,"FUN_00406640 FUN_0040b8a0 FUN_0040bb80 FUN_0045ea00"
00427f00,FUN_00427f00,501,0,"FUN_00410a70 FUN_00463210 FUN_00463cf0"
00428100,FUN_00428100,219,0,"FUN_00410a70 FUN_00463210"
004281e0,FUN_004281e0,290,0,"FUN_00463210 FUN_00463cf0 FUN_00464070 FUN_00464400"
00428310,FUN_00428310,411,0,"FUN_00409080 FUN_004090d0 FUN_00409120 FUN_0040b460 FUN_0040b500 FUN_00410a70"
004284b0,FUN_004284b0,216,0,"FUN_00406c70 FUN_0040b900 FUN_0040bb60 FUN_00425410 FUN_00465a40"
00428590,FUN_00428590,132,0,"FUN_0040b8a0 FUN_0040b900 FUN_00466060"
00428620,FUN_00428620,135,0,"FUN_00406520 FUN_00425410 FUN_0043c880 FUN_0043c960"
004286b0,FUN_004286b0,35,0,"FUN_0043cf10"
004286e0,FUN_004286e0,32,0,""
00428700,FUN_00428700,32,0,""
00428720,FUN_00428720,28,0,""
00428740,FUN_00428740,159,0,"FUN_00406850 FUN_00425410 FUN_004287e0"
004287e0,FUN_004287e0,162,0,"FUN_004065a0 FUN_00406720 FUN_0040b460"
00428890,FUN_00428890,115,0,"_atol"
00428910,FUN_00428910,591,0,"FUN_0045b1e0"
00428b80,FUN_00428b80,2428,0,"FUN_004065f0 FUN_00406640 FUN_004066c0 FUN_00407120 FUN_0040b910 FUN_0040e390 FUN_00418110 FUN_00428890 FUN_004295e0 FUN_00447d56 FUN_00447e47 FUN_004480f8 FUN_0045e430 FUN_004663b0 FUN_004667c0"
004295e0,FUN_004295e0,180,0,"FUN_004065f0 FUN_0040b8a0 FUN_0043e660 FUN_0043ea00"
004296a0,FUN_004296a0,266,0,"FUN_004297b0 FUN_00429de0 FUN_0043c880 FUN_0043c960 FUN_0043ce60 operator_new"
004297b0,FUN_004297b0,169,0,"FUN_004065a0 FUN_004065f0 FUN_00406850"
00429860,FUN_00429860,141,0,"FUN_00428b80 FUN_0045ea00"
004298f0,FUN_004298f0,131,0,"FUN_00428910 FUN_00463210 FUN_00466d70 FUN_004a3e70"
00429980,FUN_00429980,951,0,"FUN_00404720 FUN_0040b910 FUN_0040b9b0 FUN_0040b9f0 FUN_0040ba10 FUN_0040ba50 FUN_004295e0 FUN_0043c1e9 FUN_0043c2c5 FUN_0045b020 FUN_00465800"
00429d40,FUN_00429d40,147,0,"FUN_0040b8a0 FUN_00429df0 FUN_0043cf10 FUN_00466060 FUN_00466ae0 _free"
00429de0,FUN_00429de0,16,0,""
00429df0,FUN_00429df0,13,0,""
00429e00,FUN_00429e00,1029,0,"FUN_00404720 FUN_004065f0"
0042a210,FUN_0042a210,97,0,"FUN_004065a0 FUN_00406850 FUN_00429e00 FUN_0042a280"
0042a280,FUN_0042a280,394,0,"FUN_004065a0 FUN_00406720 FUN_00406850 FUN_0040b460 FUN_0042a410 FUN_0042a450"
0042a410,FUN_0042a410,52,0,"FUN_0040b460"
0042a450,FUN_0042a450,62,0,"FUN_004065a0 FUN_00406850"
0042a490,FUN_0042a490,33,0,"FUN_0040b460"
0042a4c0,FUN_0042a4c0,25,0,"FUN_004065a0"
0042a4e0,FUN_0042a4e0,409,0,"FUN_00418450 FUN_004184b0"
0042a680,FUN_0042a680,413,0,"FUN_00418450 FUN_004184b0"
0042a820,FUN_0042a820,115,0,""
0042a8a0,FUN_0042a8a0,1216,0,"FUN_00406640 FUN_004066a0 FUN_00406fa0 FUN_0040b460 FUN_0040d390 FUN_0040d3f0 FUN_00418110 FUN_0042a4e0 FUN_0042f320 FUN_0043587e FUN_00439810"
0042adb0,FUN_0042adb0,1336,0,"FUN_00403460 FUN_004065f0 FUN_00406cf0 FUN_00409080 FUN_0040b460 FUN_0040d390 FUN_00410a70 FUN_004143c0 FUN_004178a0 FUN_0041fd20 FUN_0041fd40 FUN_004286e0 FUN_0042b2f0 FUN_0042bea0 FUN_0042f1f0 FUN_0042f230 FUN_0042f270 FUN_0042f2f0 FUN_0043c0bb FUN_004400a0 FUN_0044df00 FUN_0045d660"
0042b2f0,FUN_0042b2f0,117,0,"FUN_0041fd20"
0042b370,FUN_0042b370,288,0,"FUN_004066c0 FUN_0041fd20"
0042b490,FUN_0042b490,1180,0,"FUN_004065f0 FUN_0040b8a0 FUN_0040d3b0 FUN_00415c80 FUN_004178a0 FUN_00418450 FUN_0042adb0"
0042b930,FUN_0042b930,796,0,"FUN_004065f0 FUN_0040b8a0 FUN_0040b8e0 FUN_0040d3b0 FUN_00415c80 FUN_00418450 FUN_0042adb0 FUN_0042bc50 FUN_0042f340 FUN_00430830"
0042bc50,FUN_0042bc50,50,0,""
0042bc90,FUN_0042bc90,96,0,"FUN_0040b8a0"
0042bcf0,FUN_0042bcf0,432,0,"FUN_00404720 FUN_00407120 FUN_00422bb0 FUN_00422be0 FUN_00422c20 FUN_0042a820 FUN_0042adb0 FUN_0042bc90"
0042bea0,FUN_0042bea0,734,0,"FUN_0040b460 FUN_00422480 FUN_00425430 FUN_0043ed50 FUN_004400a0"
0042c180,FUN_0042c180,270,0,"FUN_0040b460"
0042c290,FUN_0042c290,284,0,"FUN_0040b460 FUN_0040c7d0 FUN_0040d3d0 FUN_0040d410 FUN_0041fd20 FUN_0044a360 FUN_0044a470"
0042c3b0,FUN_0042c3b0,110,0,"FUN_0040d3b0 FUN_0040d3d0 FUN_0042f2b0 FUN_004358bb FUN_0043bfc3"
0042c420,FUN_0042c420,367,0,"FUN_00407120 FUN_0040bc40 FUN_0040ebc0 FUN_00425430 FUN_0045d550"
0042c590,FUN_0042c590,203,0,"FUN_00406520 FUN_00429e00 FUN_0043c880 FUN_0043c960"
0042c660,FUN_0042c660,6198,0,"FUN_004031e0 FUN_00404720 FUN_004065f0 FUN_00406640 FUN_004066c0 FUN_00406d10 FUN_00406d70 FUN_00407120 FUN_00409080 FUN_004090d0 FUN_00409120 FUN_0040b460 FUN_0040b8a0 FUN_0040bb80 FUN_0040c7d0 FUN_0040d3b0 FUN_0040d410 FUN_00415c80 FUN_004178a0 FUN_00418110 FUN_004181f0 FUN_00418450 FUN_004184b0 FUN_0041fd20 FUN_00422be0 FUN_00422c20 FUN_004230c0 FUN_00425430 FUN_0042a820 FUN_0042a8a0 FUN_0042adb0 FUN_0042b370 FUN_0042b490 FUN_0042b930 FUN_0042bc90 FUN_0042bcf0 FUN_0042bea0 FUN_0042c180 FUN_0042c290 FUN_0042c3b0 FUN_0042c420 FUN_0042deb0 FUN_0042dfb0 FUN_0042dfd0 FUN_0042dff0 FUN_0042e010 FUN_0042efb0 FUN_0042f2d0 FUN_00430aa0 FUN_004358bb FUN_00437ddd FUN_004399ac FUN_0043c0bb FUN_004400a0 FUN_00451670 FUN_0045d660 FUN_0045ea00 FUN_004a3e70"
0042deb0,FUN_0042deb0,252,0,"FUN_004090d0"
0042dfb0,FUN_0042dfb0,20,0,""
0042dfd0,FUN_0042dfd0,25,0,""
0042dff0,FUN_0042dff0,22,0,""
0042e010,FUN_0042e010,257,0,"FUN_0043edb0"
0042e120,FUN_0042e120,23,0,"FUN_0042e140"
0042e140,FUN_0042e140,2504,0,"FUN_004031e0 FUN_00408d40 FUN_00409060 FUN_00409080 FUN_0040ec00 FUN_0042eb10 FUN_00463210 FUN_00464c60"
0042eb10,FUN_0042eb10,114,0,""
0042eb90,FUN_0042eb90,92,0,"FUN_0040bab0 FUN_0040bad0 FUN_0042e140"
0042ebf0,FUN_0042ebf0,642,0,"FUN_00404720 FUN_0040b900 FUN_0040bb60 FUN_00410c00 FUN_00418330 FUN_00422be0 FUN_004338b0 FUN_00465a40"
0042ee80,FUN_0042ee80,225,0,"FUN_00404720 FUN_0040b900 FUN_00418420 FUN_00422be0 FUN_0042bc90 FUN_004338c0 FUN_00466060"
0042ef70,FUN_0042ef70,50,0,"FUN_0043cf10"
0042efb0,FUN_0042efb0,575,0,"FUN_00403200 FUN_00409080 FUN_00418450 FUN_0042b2f0 FUN_004400a0"
0042f1f0,FUN_0042f1f0,64,0,""
0042f230,FUN_0042f230,64,0,""
0042f270,FUN_0042f270,64,0,""
0042f2b0,FUN_0042f2b0,25,0,"FUN_004a3e70"
0042f2d0,FUN_0042f2d0,29,0,""
0042f2f0,FUN_0042f2f0,37,0,""
0042f320,FUN_0042f320,17,0,""
0042f340,FUN_0042f340,22,0,""
0042f360,FUN_0042f360,177,0,""
0042f420,FUN_0042f420,117,0,"FUN_004065a0 FUN_00406850 FUN_0042f360"
0042f4a0,FUN_0042f4a0,92,0,"FUN_00406720 FUN_0040b460"
0042f500,FUN_0042f500,115,0,"FUN_004065a0 FUN_00406850 FUN_0040b460 FUN_0042f4a0"
0042f580,FUN_0042f580,64,0,"FUN_004065a0 FUN_00406720 FUN_0040b460"
0042f5c0,SafeSQueue<>,33,0,"FUN_004065a0 FUN_0040b460"
0042f5f0,FUN_0042f5f0,2138,0,"FUN_004065f0 FUN_00409120 FUN_0040b460 FUN_0040d390 FUN_004286e0 FUN_0042fe70 FUN_0042fea0 FUN_0042ff70 FUN_0042ffc0 FUN_0043edb0 FUN_0045e430"
0042fe70,FUN_0042fe70,33,0,""
0042fea0,FUN_0042fea0,204,0,"FUN_0045e430"
0042ff70,FUN_0042ff70,67,0,""
0042ffc0,FUN_0042ffc0,2075,0,"FUN_004065f0 FUN_004286e0 FUN_0042a410 FUN_00430e10 FUN_0045d550 FUN_0045d660 FUN_0045e430"
00430830,FUN_00430830,620,0,"FUN_004065f0 FUN_0040b460 FUN_00433880 FUN_004400a0 FUN_00449ff0"
00430aa0,FUN_00430aa0,651,0,"FUN_00403200 FUN_004065f0 FUN_0040b460 FUN_00433880 FUN_004400a0 FUN_00449ff0"
00430d30,FUN_00430d30,214,0,"FUN_004090d0 FUN_0040b460 FUN_0040b500 FUN_004400a0"
00430e10,FUN_00430e10,259,0,"FUN_0042f5f0 FUN_0044c1b0 FUN_0045d660"
00430f20,FUN_00430f20,639,0,"FUN_004065f0 FUN_004068a0 FUN_004069f0 FUN_0044c1b0 FUN_0045e430"
004311a0,FUN_004311a0,152,0,"FUN_00406520 FUN_0042f360 FUN_0043c880 FUN_0043c960"
00431240,FUN_00431240,3862,0,"FUN_004065f0 FUN_00406640 FUN_004066a0 FUN_0040b460 FUN_0040b8c0 FUN_0040b8e0 FUN_0040c7d0 FUN_0040d3b0 FUN_0040e390 FUN_0040ec00 FUN_00410a70 FUN_00418110 FUN_0042ffc0 FUN_00432170 FUN_004321b0 FUN_00432210 FUN_004322b0 FUN_00432390 FUN_00432460 FUN_004325a0 FUN_004326e0 FUN_00432830 FUN_004329f0 FUN_00432aa0 FUN_004399ac FUN_0043edb0 FUN_004400a0 FUN_00440500 FUN_00449ff0 FUN_0044a230 FUN_0044a470 FUN_0044a6a0 FUN_0045ea00 FUN_004a3e70"
00432170,FUN_00432170,55,0,"FUN_004065f0"
004321b0,FUN_004321b0,89,0,""
00432210,FUN_00432210,153,0,"FUN_00406640 FUN_0040b8c0 FUN_0040e390 FUN_004286e0"
004322b0,FUN_004322b0,213,0,"FUN_004031e0 FUN_00406640 FUN_00409120 FUN_0040b8e0 FUN_0040c7b0 FUN_00410a70"
00432390,FUN_00432390,197,0,"FUN_00406640 FUN_0040b8e0 FUN_004286e0 FUN_0043edb0"
00432460,FUN_00432460,313,0,"FUN_004065f0 FUN_00406640 FUN_0040b8c0 FUN_0040b8e0 FUN_004286e0 FUN_0045d550"
004325a0,FUN_004325a0,306,0,"FUN_004065f0 FUN_00406640 FUN_0040b8c0 FUN_0040b8e0 FUN_004286e0 FUN_0045d550"
004326e0,FUN_004326e0,336,0,"FUN_004065f0 FUN_00406640 FUN_0040b8c0 FUN_0040b8e0 FUN_004286e0 FUN_0043edb0 FUN_0044c1b0 FUN_0045d550"
00432830,FUN_00432830,436,0,"FUN_0040b460 FUN_004286e0 FUN_004399ac FUN_0043edb0 FUN_0045d550"
004329f0,FUN_004329f0,167,0,"FUN_0040e390 FUN_00418110"
00432aa0,FUN_00432aa0,167,0,"FUN_0040e390 FUN_00418110"
00432b50,FUN_00432b50,969,0,"FUN_0040b460 FUN_0040bab0 FUN_0040bad0 FUN_00428100 FUN_00432f20 FUN_00433880 FUN_004415a0 FUN_00463210"
00432f20,FUN_00432f20,320,0,"FUN_0040b460 FUN_0040ec00 FUN_0043edb0 FUN_00463210"
00433070,FUN_00433070,1662,0,"FUN_004069f0 FUN_0040bb60 FUN_004337f0 FUN_004338b0 FUN_00465a40 FUN_004a3e70"
004337f0,FUN_004337f0,42,0,""
00433820,FUN_00433820,35,0,"FUN_004338c0 FUN_00466060"
00433850,FUN_00433850,35,0,"FUN_0043cf10"
00433880,FUN_00433880,33,0,""
004338b0,FUN_004338b0,10,0,""
004338c0,FUN_004338c0,10,0,""
004338ca,FUN_004338ca,93,0,"FUN_00433db3 FUN_00435900"
00433927,FUN_00433927,70,0,"FUN_0043542b FUN_0043625d FUN_0043741d FUN_0043826b FUN_00438a89"
0043396d,FUN_0043396d,1094,0,"FUN_00406c90 FUN_00406dd0 FUN_00415c60 FUN_0042efb0 FUN_00437cdd FUN_00437f5c FUN_00439829 FUN_00439856 FUN_004413e0"
00433db3,FUN_00433db3,5597,0,"FUN_004065f0 FUN_00406640 FUN_004066a0 FUN_004069f0 FUN_00406a30 FUN_00406dd0 FUN_00406df0 FUN_00407120 FUN_0040b8e0 FUN_00421b60 FUN_00422480 FUN_004353ec FUN_00439810 FUN_00439883 FUN_004398ce FUN_0043c35f FUN_004413e0 FUN_00447e47 FUN_00447f21 FUN_00448081 FUN_004480f8 FUN_0045b8b0 FUN_0045d550 FUN_0045e430 FUN_0045ea00 FUN_004663b0 FUN_004a3e70"
004353ec,FUN_004353ec,63,0,""
0043542b,FUN_0043542b,1107,0,"FUN_00404720 FUN_004066a0 FUN_00406850 FUN_0040b8c0 FUN_0040b9b0 FUN_0040b9d0 FUN_0040b9f0 FUN_0040ba30 FUN_00438a41 FUN_00438a59 FUN_00448270 FUN_00462e40 FUN_00462ff0"
0043587e,FUN_0043587e,61,0,""
004358bb,FUN_004358bb,69,0,""
00435900,FUN_00435900,2397,0,"FUN_00406640 FUN_004066a0 FUN_00406cd0 FUN_00406dd0 FUN_00407120 FUN_0040b8c0 FUN_0040b8e0 FUN_004181f0 FUN_0042f2b0 FUN_004396f8 FUN_004398ce FUN_0045ea00 FUN_00462310"
0043625d,FUN_0043625d,4544,0,"FUN_00402a30 FUN_00402a80 FUN_00404720 FUN_00406850 FUN_0040b9b0 FUN_0040b9d0 FUN_0040b9f0 FUN_0040ba30 FUN_004178a0 FUN_00421b60 FUN_00421b80 FUN_00422480 FUN_0042f2b0 FUN_0042f2f0 FUN_00438a29 FUN_00438a41 FUN_00438a59 FUN_00438a71 FUN_004398ce FUN_004398e8 FUN_00448270 FUN_00462e40 FUN_00462ff0 FUN_00463210"
0043741d,FUN_0043741d,1554,0,"FUN_00402a30 FUN_00403600 FUN_00404720 FUN_0040ba50 FUN_0041fd40 FUN_0042f2f0 FUN_004398e8 FUN_0045b490 FUN_0045d550 FUN_00462ff0 FUN_00463210 FUN_00464070"
00437a2f,FUN_00437a2f,17,0,"FUN_004390ee"
00437a40,FUN_00437a40,144,0,"FUN_00429df0 FUN_00438ff3 FUN_00438ffd FUN_004397d5 FUN_00466060 _free"
00437ad0,FUN_00437ad0,244,0,"FUN_00406520 FUN_00429de0 FUN_00437bc4 FUN_00438fe9 FUN_0043c880 FUN_0043c960 FUN_004a4838 operator_new"
00437bc4,FUN_00437bc4,281,0,"FUN_00406720 FUN_00406850 FUN_00437ce2 FUN_00437d45"
00437cdd,FUN_00437cdd,5,0,""
00437ce2,FUN_00437ce2,99,0,"FUN_004065a0 FUN_00406850"
00437d45,FUN_00437d45,31,0,"FUN_004065a0 FUN_0040b460"
00437d64,FUN_00437d64,35,0,"FUN_0043cf10"
00437d87,FUN_00437d87,64,0,"FUN_004396f8"
00437dc7,FUN_00437dc7,22,0,""
00437ddd,FUN_00437ddd,128,0,"FUN_00404720 FUN_004065f0"
00437e5d,FUN_00437e5d,127,0,"FUN_00404720 FUN_004065f0"
00437edc,FUN_00437edc,128,0,"FUN_00404720 FUN_004065f0"
00437f5c,FUN_00437f5c,234,0,"FUN_00406880 FUN_00467040 FUN_004a3e70"
00438046,FUN_00438046,517,0,"FUN_00406c70 FUN_00418130 FUN_00418180 FUN_00437f5c"
0043826b,FUN_0043826b,1982,0,"FUN_00402a30 FUN_00404720 FUN_00406cd0 FUN_00406dd0 FUN_0042f2b0 FUN_004398ce FUN_004398e8 FUN_0043c322"
00438a29,FUN_00438a29,24,0,""
00438a41,FUN_00438a41,24,0,""
00438a59,FUN_00438a59,24,0,""
00438a71,FUN_00438a71,24,0,""
00438a89,FUN_00438a89,1231,0,"FUN_00402920 FUN_00402a30 FUN_00407180 FUN_0042f2f0 FUN_004398e8 FUN_004398ff FUN_004a4857"
00438f58,FUN_00438f58,145,0,"FUN_004069f0 FUN_00406a30 FUN_004a3e70"
00438fe9,FUN_00438fe9,10,0,""
00438ff3,FUN_00438ff3,10,0,""
00438ffd,FUN_00438ffd,10,0,""
00439007,FUN_00439007,73,0,"FUN_00406dd0 FUN_0040b910 FUN_0045e430"
00439050,FUN_00439050,67,0,"FUN_00406dd0 FUN_00407120 FUN_0045e430"
00439093,FUN_00439093,67,0,"FUN_00406dd0 FUN_00407120 FUN_0045e430"
004390d6,FUN_004390d6,24,0,""
004390ee,FUN_004390ee,1482,0,"FUN_004069f0 FUN_00406c70 FUN_00406dd0 FUN_0040b910 FUN_00438fe9 FUN_00438ffd FUN_004390d6 FUN_004396b8 FUN_00439710 FUN_00439916 FUN_00439961 FUN_0045e430 FUN_00462360 FUN_00465a40"
004396b8,FUN_004396b8,64,0,""
004396f8,FUN_004396f8,24,0,""
00439710,FUN_00439710,197,0,"FUN_004397d5 FUN_0043e660 FUN_0043ea00"
004397d5,FUN_004397d5,59,0,"FUN_0040b8a0"
00439810,FUN_00439810,25,0,"FUN_0043396d"
00439829,FUN_00439829,45,0,""
00439856,FUN_00439856,45,0,""
00439883,FUN_00439883,75,0,"FUN_00406e50 FUN_0040bb80"
004398ce,FUN_004398ce,26,0,"FUN_004a3e70"
004398e8,FUN_004398e8,23,0,""
004398ff,FUN_004398ff,23,0,""
00439916,FUN_00439916,75,0,""
00439961,FUN_00439961,75,0,""
004399ac,FUN_004399ac,130,0,""
00439a2e,FUN_00439a2e,151,0,"FUN_00439ac5"
00439ac5,FUN_00439ac5,100,0,""
00439b29,FUN_00439b29,158,0,"FUN_00439883 FUN_0043bfc3 FUN_0043c641 FUN_0045d550 FUN_004a3e70"
00439bc7,FUN_00439bc7,3644,0,"FUN_00406e50 FUN_0040bb80 FUN_004358bb FUN_00438046 FUN_00438f58 FUN_00439a2e FUN_0043c4b3 FUN_00447e47 FUN_004480f8 FUN_00448418 FUN_0045b8b0 FUN_0045d550 FUN_0045e1e0 FUN_00466ae0 FUN_004a3e70"
0043aa03,FUN_0043aa03,89,0,""
0043aa5c,FUN_0043aa5c,152,0,"FUN_0043c880 FUN_0043c960"
0043aaf4,FUN_0043aaf4,227,0,"FUN_004486ba FUN_0044886f FUN_004489ca"
0043abd7,FUN_0043abd7,3423,0,"FUN_00402450 FUN_00402600 FUN_00406e50 FUN_00406f30 FUN_00409b20 FUN_00417f60 FUN_00428620 FUN_0042c590 FUN_004311a0 FUN_00437ad0 FUN_00439916 FUN_0043b936 FUN_0043b984 FUN_0043bbe1 FUN_0043be09 FUN_0043c686 FUN_0043ea00 FUN_0043ed20 FUN_00440470 FUN_00446f53 FUN_00447d56 FUN_00448972 FUN_0044c230 FUN_00451f90 FUN_004a3e70 Sleep _free _free _malloc operator_new timeGetTime"
0043b936,FUN_0043b936,78,0,""
0043b984,FUN_0043b984,605,0,"FUN_00439a2e FUN_0043ed20 FUN_0043ed50"
0043bbe1,FUN_0043bbe1,552,0,"FUN_0043ea00 FUN_004582a0 FUN_0045a5e0 FUN_0045a950 FUN_0045aac0 FUN_0045ac90 FUN_0045ae00 FUN_0045afc0"
0043be09,FUN_0043be09,35,0,""
0043be2c,FUN_0043be2c,322,0,"FUN_00402450 FUN_00409ca0 FUN_004180f0 FUN_004286b0 FUN_0042ef70 FUN_00433850 FUN_00437d64 FUN_004442e0 FUN_00444620 FUN_00444680 FUN_00448081 FUN_004482a1 FUN_00448418 FUN_0044dd10 FUN_004531a0 FUN_0045d790"
0043bf6e,FUN_0043bf6e,85,0,"FUN_0043cf10"
0043bfc3,FUN_0043bfc3,124,0,""
0043c03f,FUN_0043c03f,124,0,""
0043c0bb,FUN_0043c0bb,164,0,""
0043c15f,FUN_0043c15f,138,0,""
0043c1e9,FUN_0043c1e9,82,0,"FUN_0043c15f"
0043c23b,FUN_0043c23b,138,0,""
0043c2c5,FUN_0043c2c5,82,0,"FUN_0043c23b"
0043c317,FUN_0043c317,11,0,""
0043c322,FUN_0043c322,61,0,""
0043c35f,FUN_0043c35f,308,0,""
0043c4b3,FUN_0043c4b3,274,0,""
0043c5e1,FUN_0043c5e1,96,0,""
0043c641,FUN_0043c641,69,0,"FUN_00406e50 FUN_0040bb80"
0043c686,FUN_0043c686,129,0,""
0043c710,FUN_0043c710,75,0,"FUN_0043c7d0"
0043c760,FUN_0043c760,99,0,""
0043c7d0,FUN_0043c7d0,82,0,""
0043c830,FUN_0043c830,78,0,"FUN_0043c760"
0043c880,FUN_0043c880,224,0,"FUN_0043ef70 FUN_0043efb0"
0043c960,FUN_0043c960,227,0,"FUN_0043ef70 FUN_0043efb0"
0043ca50,FUN_0043ca50,232,0,"FUN_0043cf50 FUN_0043ef70 FUN_0043efb0"
0043cb60,FUN_0043cb60,230,0,"FUN_0043cf50 FUN_0043ef70 FUN_0043efb0"
0043cc60,FUN_0043cc60,408,0,"FUN_00429de0 FUN_00429df0 FUN_0043c760 FUN_0043c7d0 FUN_0043ce00 FUN_0043cf10 operator_new"
0043ce00,FUN_0043ce00,46,0,"FUN_0043c7d0 _free"
0043ce30,FUN_0043ce30,48,0,"FUN_0043cc60 FUN_0044871b"
0043ce60,FUN_0043ce60,162,0,"FUN_00406520 FUN_00429de0 FUN_0043c760 operator_new"
0043cf10,FUN_0043cf10,49,0,"FUN_0043cf50 FUN_0043ef70 FUN_0043efb0"
0043cf50,FUN_0043cf50,362,0,"FUN_00429df0 FUN_0043ce00 FUN_0043ef70 FUN_0043efb0"
0043d0c0,FUN_0043d0c0,85,0,"FUN_0043ea00 joyGetDevCapsA joyGetPosEx"
0043d120,FUN_0043d120,1457,0,"FUN_00421dd0 FUN_0043d6e0 FUN_0043d760 FUN_0043ef50 joyGetPosEx"
0043d6e0,FUN_0043d6e0,122,0,""
0043d760,FUN_0043d760,115,0,""
0043d7e0,FUN_0043d7e0,392,0,"FUN_00421dd0 joyGetPosEx"
0043d970,FUN_0043d970,2029,0,"FUN_0043d120 GetKeyboardState"
0043e160,FUN_0043e160,110,0,"GetKeyboardState SetKeyboardState"
0043e1d0,FUN_0043e1d0,448,0,"FUN_0040b880"
0043e390,FUN_0043e390,262,0,"FUN_0040b8a0 FUN_0043e1d0"
0043e4a0,FUN_0043e4a0,448,0,"FUN_0040b880"
0043e660,FUN_0043e660,531,0,"CloseHandle CreateFileA FUN_0040b880 FUN_00421dd0 FUN_0043e390 FUN_0043eb60 FUN_0043ef70 FUN_0043efb0 FUN_00474af0 FUN_00474c40 GetFileSize ReadFile _strrchr"
0043e880,FUN_0043e880,105,0,"CloseHandle CreateFileA FUN_0043ef70 FUN_0043efb0"
0043e8f0,FUN_0043e8f0,267,0,"CloseHandle CreateFileA FUN_00421dd0 FUN_0043ef70 FUN_0043efb0 FormatMessageA GetLastError LocalFree WriteFile"
0043ea00,FUN_0043ea00,337,0,"FUN_0043ef70 FUN_0043efb0 FUN_004a3e17 __chkstk"
0043eb60,FUN_0043eb60,343,0,"FUN_0043ef70 FUN_0043efb0 FUN_004a3e17"
0043ecc0,FUN_0043ecc0,88,0,""
0043ed20,FUN_0043ed20,40,0,"FUN_0043ecc0"
0043ed50,FUN_0043ed50,40,0,"FUN_0043ed20"
0043ed80,FUN_0043ed80,46,0,"FUN_0043ed20"
0043edb0,FUN_0043edb0,127,0,""
0043ee30,FUN_0043ee30,91,0,"FUN_00408d40 FUN_00409060"
0043ee90,FUN_0043ee90,27,0,""
0043eeb0,FUN_0043eeb0,84,0,"_free"
0043ef10,FUN_0043ef10,48,0,""
0043ef40,FUN_0043ef40,11,0,""
0043ef50,FUN_0043ef50,21,0,""
0043ef70,FUN_0043ef70,63,0,"EnterCriticalSection"
0043efb0,FUN_0043efb0,63,0,"LeaveCriticalSection"
0043efef,FUN_0043efef,60,0,""
0043f02b,FUN_0043f02b,17,0,"FUN_0043f03c"
0043f03c,FUN_0043f03c,114,0,"DeleteDC DeleteObject SelectObject"
0043f0ae,FUN_0043f0ae,95,0,"FUN_0043f10d"
0043f10d,FUN_0043f10d,447,0,"CreateCompatibleDC CreateDIBSection FUN_0043f03c FUN_0043f2cc SelectObject _memset"
0043f2cc,FUN_0043f2cc,80,0,""
0043f31c,FUN_0043f31c,1292,0,"FUN_0043f828"
0043f828,FUN_0043f828,15,0,""
0043f837,FUN_0043f837,15,0,""
0043f846,FUN_0043f846,15,0,""
0043f855,FUN_0043f855,15,0,""
0043f864,FUN_0043f864,15,0,""
0043f873,FUN_0043f873,14,0,""
0043f881,FUN_0043f881,23,0,""
0043f898,FUN_0043f898,232,0,"FUN_0043f828 FUN_0043f837 FUN_0043f846 FUN_0043f864 FUN_0043f873 FUN_0043f881 _memcpy"
0043f980,FUN_0043f980,35,0,""
0043f9a3,FUN_0043f9a3,37,0,""
0043f9c8,FUN_0043f9c8,801,0,"CreateFontA DeleteObject FUN_0043efef FUN_0043f02b FUN_0043f0ae FUN_0043f31c FUN_0043f855 FUN_0043f898 FUN_0047abab FUN_004a4838 SelectObject SetBkMode SetTextColor TextOutA _strlen"
0043fce9,FUN_0043fce9,793,0,"CreateFontA DeleteObject FUN_0043efef FUN_0043f02b FUN_0043f0ae FUN_0043f31c FUN_0043f855 FUN_0043f898 FUN_0047abab FUN_004a4838 SelectObject SetBkMode SetTextColor TextOutA _strlen"
00440010,FUN_00440010,52,0,"FUN_00406850 FUN_00440050"
00440050,FUN_00440050,78,0,"FUN_004065a0 FUN_00406720 FUN_0040b460"
004400a0,FUN_004400a0,970,0,"FUN_004065f0 FUN_004069f0 FUN_0040d390 FUN_004143c0 FUN_00422480"
00440470,FUN_00440470,137,0,""
00440500,FUN_00440500,1989,0,"FUN_00403200 FUN_00403330 FUN_00404720 FUN_004065f0 FUN_00406640 FUN_004066a0 FUN_00406fa0 FUN_00409080 FUN_00409120 FUN_0040b460 FUN_0040b8c0 FUN_0040d3f0 FUN_0040e390 FUN_00410a70 FUN_00415c60 FUN_00418110 FUN_004181f0 FUN_00422480 FUN_004286e0 FUN_00437e5d FUN_00439883 FUN_004398ce FUN_00439b29 FUN_0043bfc3 FUN_0043c03f FUN_00440cf0 FUN_00440e40 FUN_00441020 FUN_00441170 FUN_004412b0 FUN_00441450 FUN_00441770 FUN_00441830 FUN_0044a5a0 FUN_0044c1b0 FUN_0045d550 FUN_0045ea00"
00440cf0,FUN_00440cf0,334,0,"FUN_00403200 FUN_00406fa0 FUN_00415c60 FUN_004178a0 FUN_004181f0 FUN_00422480 FUN_00437e5d FUN_0043bfc3 FUN_00441450 FUN_00441850 FUN_0045d550"
00440e40,FUN_00440e40,472,0,"FUN_00403200 FUN_00406d10 FUN_00406e50 FUN_004181f0 FUN_00439b29 FUN_0043bfc3 FUN_00440470 FUN_004a3e70"
00441020,FUN_00441020,334,0,"FUN_00403200 FUN_00406d10 FUN_004181f0 FUN_004a3e70"
00441170,FUN_00441170,315,0,"FUN_00403200 FUN_00406fa0 FUN_00415c60 FUN_004178a0 FUN_004181f0 FUN_00422480 FUN_00437e5d FUN_00441450 FUN_00441850 FUN_0045d550"
004412b0,FUN_004412b0,293,0,"FUN_00403330 FUN_0040d3f0 FUN_00416b10 FUN_004181f0 FUN_00418220 FUN_00421b60 FUN_00421b80 FUN_0043c0bb"
004413e0,FUN_004413e0,97,0,"FUN_00404720"
00441450,FUN_00441450,209,0,"FUN_004069f0 FUN_00425430"
00441530,FUN_00441530,109,0,""
004415a0,FUN_004415a0,451,0,"FUN_0040b460 FUN_0045e430 FUN_00463210 FUN_004a3e70"
00441770,FUN_00441770,106,0,""
004417e0,FUN_004417e0,79,0,""
00441830,FUN_00441830,27,0,""
00441850,FUN_00441850,77,0,"FUN_00406e50 FUN_0040bb80"
004418a0,FUN_004418a0,28,0,""
004418c0,FUN_004418c0,1354,0,"DestroyWindow DispatchMessageA FUN_00429de0 FUN_00429df0 FUN_0043ce30 FUN_0043d0c0 FUN_0043e160 FUN_0043e8f0 FUN_0043ea00 FUN_00441e10 FUN_00441e40 FUN_00441e70 FUN_00442200 FUN_00442240 FUN_004424c0 FUN_00442f60 FUN_00443420 FUN_00443730 FUN_00443990 FUN_004439c0 FUN_00443ad0 FUN_00443af0 FUN_00444680 FUN_00445ea7 FUN_004477b1 FUN_004489f9 FUN_00448a2f FUN_004582a0 FUN_0045c190 FUN_0045c4b0 FUN_0045d790 FUN_00465070 MoveWindow PeekMessageA QueryPerformanceFrequency SetCursor ShowCursor ShowWindow Sleep SystemParametersInfoA TranslateMessage WINNLSEnableIME operator_new"
00441e10,FUN_00441e10,46,0,"FUN_0043ef40 _free"
00441e40,FUN_00441e40,46,0,"FUN_00444100 _free"
00441e70,FUN_00441e70,482,0,"FUN_0043ca50 FUN_0043cb60 FUN_00442060 FUN_00442190 FUN_00448229 FUN_0044871b FUN_0045d790 FUN_00462e00 FUN_00462e40 Sleep"
00442060,FUN_00442060,295,0,"FUN_0043e880 FUN_00442f60 FUN_00443af0 FUN_00443b60 FUN_0044748f FUN_004a4857 FUN_004a508d"
00442190,FUN_00442190,112,0,"QueryPerformanceCounter timeBeginPeriod timeEndPeriod timeGetTime"
00442200,FUN_00442200,56,0,"Direct3DCreate8 FUN_0043eb60"
00442240,FUN_00442240,329,0,"CreateWindowExA FUN_004436a0 FUN_00443ad0 GetStockObject GetSystemMetrics LoadCursorA RegisterClassA"
00442390,FUN_00442390,303,0,"DefWindowProcA FUN_00443ad0 FUN_00444700 LoadCursorA SetCursor ShowCursor"
004424c0,FUN_004424c0,1472,0,"FUN_00404720 FUN_0043ea00 FUN_0043eb60 FUN_00442a80 FUN_00442f60 FUN_00443a50 FUN_00443a90 FUN_00443ab0 FUN_0045b0e0 FUN_00478395 FUN_004784dd FUN_004a4110 __chkstk"
00442a80,FUN_00442a80,1130,0,"FUN_00442ef0 FUN_004a4857"
00442ef0,FUN_00442ef0,107,0,"FUN_004a4857"
00442f60,FUN_00442f60,1201,0,"FUN_00406580 FUN_0040b9b0 FUN_0040b9d0 FUN_0040b9f0 FUN_0040ba10 FUN_0040ba70 FUN_00438a41 FUN_00438a59 FUN_00443a70"
00443420,FUN_00443420,625,0,"CreateMutexA FUN_0043e880 FUN_0043eb60 FUN_00443840 GetConsoleTitleA GetLastError GetModuleFileNameA GetStartupInfoA __stricmp _strrchr"
004436a0,FUN_004436a0,143,0,"AttachThreadInput GetForegroundWindow GetWindowThreadProcessId SetActiveWindow SystemParametersInfoA"
00443730,FUN_00443730,266,0,"FUN_0040b8a0 FUN_00421dd0 FUN_0043e660 GetModuleFileNameA"
00443840,FUN_00443840,322,0,"CoCreateInstance CoInitialize CoUninitialize MultiByteToWideChar _free operator_new"
00443990,FUN_00443990,35,0,""
004439c0,FUN_004439c0,133,0,"FUN_0043e8f0 FUN_0043ea00 MessageBoxA"
00443a50,FUN_00443a50,23,0,""
00443a70,FUN_00443a70,25,0,""
00443a90,FUN_00443a90,26,0,""
00443ab0,FUN_00443ab0,26,0,""
00443ad0,FUN_00443ad0,21,0,""
00443af0,FUN_00443af0,104,0,""
00443b60,FUN_00443b60,248,0,"FUN_00466f20 FUN_00467180"
00443c60,FUN_00443c60,33,0,""
00443c90,FUN_00443c90,19,0,"FUN_00443d10"
00443cb0,FUN_00443cb0,89,0,"FUN_00443d10 midiOutOpen"
00443d10,FUN_00443d10,59,0,"midiOutClose midiOutReset"
00443d50,FUN_00443d50,78,0,"midiOutLongMsg midiOutPrepareHeader"
00443da0,FUN_00443da0,67,0,"midiOutShortMsg"
00443df0,FUN_00443df0,48,0,"timeGetDevCaps"
00443e20,FUN_00443e20,41,0,"FUN_00443ed0 timeEndPeriod"
00443e50,FUN_00443e50,115,0,"FUN_00443ed0 timeBeginPeriod timeSetEvent"
00443ed0,FUN_00443ed0,61,0,"timeEndPeriod timeKillEvent"
00443f10,FUN_00443f10,26,0,""
00443f30,FUN_00443f30,30,0,""
00443f50,FUN_00443f50,78,0,""
00443fa0,FUN_00443fa0,351,0,"FUN_00443c60 FUN_00443df0"
00444100,FUN_00444100,147,0,"FUN_00443c90 FUN_00443e20 FUN_00444220 FUN_00444260 FUN_00444680"
004441a0,FUN_004441a0,114,0,"FUN_0043e660 FUN_0043ea00 FUN_00444220 FUN_00444680"
00444220,FUN_00444220,54,0,"FUN_0040b8a0"
00444260,FUN_00444260,123,0,"FUN_0040b8a0"
004442e0,FUN_004442e0,511,0,"FUN_0040b880 FUN_00421dd0 FUN_00443f30 FUN_00444260 FUN_004444e0"
004444e0,FUN_004444e0,40,0,""
00444510,FUN_00444510,58,0,"FUN_004441a0 FUN_00444220 FUN_004442e0"
00444550,FUN_00444550,203,0,"FUN_00443f50"
00444620,FUN_00444620,81,0,"FUN_00421dd0 FUN_00443cb0 FUN_00443e50 FUN_00444550"
00444680,FUN_00444680,122,0,"FUN_00443d10 FUN_00443ed0 FUN_00444700"
00444700,FUN_00444700,197,0,"FUN_0040b8a0 FUN_00421dd0 midiOutUnprepareHeader"
004447d0,FUN_004447d0,79,0,""
00444820,FUN_00444820,619,0,"FUN_00444550 FUN_00444a90 FUN_00445340 FUN_004a3e70 __allmul __aulldiv"
00444a90,FUN_00444a90,1871,0,"FUN_0040b880 FUN_0040b8a0 FUN_00443d50 FUN_00443da0 FUN_00443f50 FUN_00444700 FUN_004a3e70 __allmul __aulldiv"
00445340,FUN_00445340,187,0,"FUN_00443da0 FUN_004a3e70"
00445400,FUN_00445400,22,0,"QueryPerformanceCounter"
00445420,FUN_00445420,25,0,"FUN_00443e50"
00445440,FUN_00445440,19,0,"FUN_00443ed0"
00445453,FUN_00445453,1831,0,"FUN_004296a0 FUN_00437cdd FUN_0043aa5c FUN_0043bf6e FUN_0043c4b3 FUN_0043d970 FUN_00447764 FUN_0044858d FUN_00449254 FUN_004531f0 FUN_004582a0 FUN_00462310 FUN_00466000 FUN_0047146d"
00445b7a,FUN_00445b7a,70,0,""
00445bc0,FUN_00445bc0,20,0,"FUN_00446f53"
00445bd4,FUN_00445bd4,362,0,"FUN_00402a30 FUN_00402b20 FUN_00466ae0 FUN_00466bb0"
00445d3e,FUN_00445d3e,255,0,"FUN_00463210"
00445e3d,FUN_00445e3d,106,0,""
00445ea7,FUN_00445ea7,252,0,"FUN_0043c880 FUN_0043c960 FUN_0043ce60"
00445fa3,FUN_00445fa3,509,0,"FUN_0043c1e9 FUN_0043c2c5 FUN_0043f980 FUN_004461a0 FUN_00446232 FUN_00447d04 FUN_004486ba FUN_00448790 FUN_0045a5e0 FUN_0045aac0 FUN_0045ac00 FUN_0045ac90 FUN_0045ae00 FUN_0045af30 FUN_0045afc0 FUN_00465250 FUN_00465800 FUN_004667c0 FUN_00466ae0"
004461a0,FUN_004461a0,146,0,"FUN_0043e660 FUN_0043eb60 FUN_004748c0 FUN_004a4857"
00446232,FUN_00446232,662,0,"FUN_0043ea00 FUN_00466bb0 timeBeginPeriod timeEndPeriod timeGetTime"
004464c8,FUN_004464c8,1391,0,"DeleteFileA FID_conflict:__time32 FUN_00402780 FUN_0043e660 FUN_0043e8f0 FUN_0043ea00 FUN_00443df0 FUN_00443fa0 FUN_004441a0 FUN_00445420 FUN_00446a37 FUN_0045cc30 FUN_0045cc70 FUN_0045d3f0 FUN_00465a40 FUN_004a3e70 FUN_004a4838 FUN_004a508d FUN_004a5af9 FUN_004a5b27 FindClose FindFirstFileA FindNextFileA _free _localtime _strftime operator_new timeGetTime"
00446a37,FUN_00446a37,656,0,"DirectInput8Create FUN_0043ea00 GetWindowLongA"
00446cc7,FUN_00446cc7,63,0,""
00446d06,FUN_00446d06,517,0,"FUN_004028f0 FUN_0043f9a3 FUN_004442e0 FUN_00444620 FUN_00444680 FUN_00445440 FUN_00446f0b FUN_00446f42 FUN_0044871b FUN_004531f0 FUN_0045e1e0 FUN_00466060 FUN_00466ae0 FUN_004749b0 _free _free"
00446f0b,FUN_00446f0b,55,0,""
00446f42,FUN_00446f42,17,0,"FUN_00443e20"
00446f53,FUN_00446f53,834,0,"FUN_00402920 FUN_004a3e70 FUN_004a4857 QueryPerformanceCounter timeGetTime"
00447295,FUN_00447295,198,0,"FUN_0044735b"
0044735b,FUN_0044735b,198,0,"FUN_00447295"
00447421,FUN_00447421,110,0,""
0044748f,FUN_0044748f,725,0,"CloseHandle CreateFileA FUN_00437cdd FUN_0043ea00 WriteFile _free _malloc"
00447764,FUN_00447764,77,0,"FUN_00472b50 FUN_00472be0 FUN_00472c50 FUN_00472cc0"
004477b1,FUN_004477b1,1363,0,"CloseHandle CreateFileA FUN_00437cdd FUN_0043e660 FUN_0043e8f0 FUN_0043ea00 FUN_0043eb60 ReadFile _free"
00447d04,FUN_00447d04,82,0,"FUN_0043c15f"
00447d56,FUN_00447d56,241,0,"FUN_004441a0 FUN_0045e1e0 _strrchr"
00447e47,FUN_00447e47,218,0,"FUN_004442e0 FUN_00444620 FUN_00444680 FUN_0045e1e0"
00447f21,FUN_00447f21,352,0,"FUN_00444510 FUN_00444620 FUN_00444680 FUN_0045e1e0 _strrchr"
00448081,FUN_00448081,119,0,"FUN_00444680 FUN_0045e1e0"
004480f8,FUN_004480f8,183,0,"FUN_004447d0 FUN_0045e1e0 FUN_004a3e70"
004481af,FUN_004481af,48,0,""
004481df,FUN_004481df,74,0,"FUN_00462e40"
00448229,FUN_00448229,71,0,"FUN_00462e40"
00448270,FUN_00448270,49,0,"FUN_00462e40"
004482a1,FUN_004482a1,375,0,"timeGetTime"
00448418,FUN_00448418,373,0,"timeGetTime"
0044858d,FUN_0044858d,301,0,"_sscanf _strchr _strncmp"
004486ba,FUN_004486ba,97,0,"CreateThread FUN_00437cdd FUN_0044871b"
0044871b,FUN_0044871b,117,0,"CloseHandle FUN_00437cdd Sleep WaitForSingleObject"
00448790,FUN_00448790,138,0,"FUN_0040b910"
0044881a,FUN_0044881a,85,0,"FUN_0045c160"
0044886f,FUN_0044886f,259,0,"FUN_0040b910"
00448972,FUN_00448972,88,0,"FUN_0045c160"
004489ca,FUN_004489ca,47,0,"FUN_0045b8b0"
004489f9,FUN_004489f9,54,0,"InitializeCriticalSection"
00448a2f,FUN_00448a2f,54,0,"DeleteCriticalSection"
00448a65,FUN_00448a65,177,0,"FUN_00407120"
00448b16,FUN_00448b16,1854,0,"FUN_00404720 FUN_004069f0 FUN_00407120 FUN_00447f21 FUN_004480f8 FUN_0044886f FUN_00449c79 FUN_0045cc70 FUN_004663b0"
00449254,FUN_00449254,221,0,"FUN_0043c880 FUN_0043c960 FUN_0043ce60 FUN_00449331 FUN_004a4838"
00449331,FUN_00449331,104,0,"FUN_00406850"
00449399,FUN_00449399,238,0,"FUN_00448a65 FUN_00448b16 FUN_0045ea00"
00449487,FUN_00449487,648,0,"FUN_00402920 FUN_00402a30 FUN_0040b460 FUN_0040ba10 FUN_004398e8 FUN_00462ff0 FUN_00466bb0"
0044970f,FUN_0044970f,1247,0,"FUN_00406850 FUN_004069f0 FUN_0040b8a0 FUN_00429de0 FUN_0043e660 FUN_00465800 FUN_004663b0 FUN_004667c0 FUN_004a4838 operator_new"
00449bee,FUN_00449bee,28,0,""
00449c0a,FUN_00449c0a,111,0,"FUN_00429df0 FUN_0043cf10 FUN_00466060 FUN_00466ae0 _free"
00449c79,FUN_00449c79,24,0,""
00449ca0,FUN_00449ca0,422,0,"FUN_004065a0 FUN_00406720 FUN_00406850 FUN_0040b460 FUN_00449ea0"
00449e50,FUN_00449e50,78,0,"FUN_004065a0 FUN_00406720 FUN_0040b460"
00449ea0,FUN_00449ea0,66,0,"FUN_004065a0 FUN_00406850 FUN_0040b460"
00449ef0,FUN_00449ef0,87,0,"FUN_004065a0 FUN_00406720 FUN_00406850 FUN_0040b460"
00449f50,FUN_00449f50,22,0,"FUN_004065a0"
00449f70,FUN_00449f70,115,0,"FUN_004065a0 FUN_00406850 FUN_0040b460"
00449ff0,FUN_00449ff0,563,0,"FUN_0040b460 FUN_0043ee30"
0044a230,FUN_0044a230,302,0,"FUN_0040b460 FUN_00449ff0 FUN_0044ab40 FUN_0044e160"
0044a360,FUN_0044a360,272,0,"FUN_0040b460 FUN_0044ab40 FUN_0044e160"
0044a470,FUN_0044a470,303,0,"FUN_0040b460 FUN_00449ff0 FUN_0044a930"
0044a5a0,FUN_0044a5a0,249,0,"FUN_00409080 FUN_004090d0 FUN_0040b460 FUN_0040c7d0"
0044a6a0,FUN_0044a6a0,651,0,"FUN_00409080 FUN_004090d0 FUN_0040b460 FUN_0040c7d0 FUN_0043ee30 FUN_0044a930 FUN_0044ab40 FUN_0044e160"
0044a930,FUN_0044a930,521,0,"FUN_00406d10 FUN_00406d40 FUN_00406d70 FUN_00406da0 FUN_00409080 FUN_0040b460 FUN_0040bc40 FUN_0040c7d0 FUN_004178a0 FUN_004181f0 FUN_00425430 FUN_0042f1f0 FUN_0042f230 FUN_0042f270 FUN_0043bfc3 FUN_0043c0bb FUN_004400a0 FUN_0045d660"
0044ab40,FUN_0044ab40,888,0,"FUN_004065f0 FUN_00406e50 FUN_004178a0 FUN_00421b60 FUN_00421b80 FUN_00421dd0 FUN_00425430 FUN_00425870 FUN_004398ce FUN_00441530 FUN_0044e140 FUN_0045d660"
0044aec0,FUN_0044aec0,4769,0,"FUN_004065f0 FUN_00406640 FUN_004066c0 FUN_004069f0 FUN_00406cf0 FUN_00406d10 FUN_00406d40 FUN_00406d70 FUN_00406da0 FUN_00407120 FUN_00409080 FUN_004090d0 FUN_0040b460 FUN_0040b8c0 FUN_0040b8e0 FUN_0040bb80 FUN_00418110 FUN_00425430 FUN_00425870 FUN_004358bb FUN_0043c0bb FUN_0044e140 FUN_00451640 FUN_0045ea00 FUN_004a3e70"
0044c1b0,FUN_0044c1b0,118,0,"FUN_0040b460 FUN_0040c7b0"
0044c230,FUN_0044c230,351,0,"FUN_004065f0 FUN_0043c880 FUN_0043c960 FUN_0043ce60 FUN_0044e0e0"
0044c390,FUN_0044c390,529,0,"FUN_00406d10 FUN_00406d70 FUN_004181f0 FUN_004358bb FUN_0044aec0 FUN_0044c5b0 FUN_0044c650 FUN_0044cbf0 FUN_0044d180 FUN_0044d2c0 FUN_0044d420 FUN_00451150 FUN_00451500 FUN_0045ea00"
0044c5b0,FUN_0044c5b0,159,0,"FUN_0044e350"
0044c650,FUN_0044c650,1352,0,"FUN_004065f0 FUN_00406640 FUN_00406f30 FUN_0040b8e0 FUN_0040bab0 FUN_0040bb80 FUN_0040d3d0 FUN_00416130 FUN_0042adb0 FUN_004358bb FUN_00439883 FUN_004398ce FUN_0043c03f FUN_0043c0bb FUN_0044cba0 FUN_0044e2e0 FUN_0045b8b0 FUN_0045d550"
0044cba0,FUN_0044cba0,69,0,""
0044cbf0,FUN_0044cbf0,1373,0,"FUN_004065f0 FUN_004069f0 FUN_00406f30 FUN_00406fa0 FUN_0040b460 FUN_0040b8c0 FUN_0040bab0 FUN_0040d3b0 FUN_00418220 FUN_00422480 FUN_00425430 FUN_00425870 FUN_0042f2b0 FUN_004398ce FUN_0043c03f FUN_0043c641 FUN_004400a0 FUN_00441530 FUN_00441850 FUN_0044d150 FUN_0044e0f0 FUN_0044e260 FUN_0045d660 FUN_004a3e70"
0044d150,FUN_0044d150,37,0,""
0044d180,FUN_0044d180,314,0,"FUN_004065f0 FUN_0040b8c0 FUN_0040d3b0 FUN_0044e0f0 FUN_0044e120"
0044d2c0,FUN_0044d2c0,338,0,"FUN_004065f0 FUN_00406640 FUN_0040d3b0 FUN_00418110 FUN_0044de60"
0044d420,FUN_0044d420,267,0,"FUN_00404720 FUN_004070b0 FUN_00407140"
0044d530,FUN_0044d530,241,0,"FUN_004512f0 FUN_00462ff0"
0044d630,FUN_0044d630,24,0,"FUN_00451400"
0044d650,FUN_0044d650,1537,0,"FUN_004065f0 FUN_004069f0 FUN_00406c70 FUN_004070b0 FUN_0040b460 FUN_0040bb60 FUN_00422bb0 FUN_0042f230 FUN_0042f270 FUN_004338b0 FUN_0044dd70 FUN_0044e370 FUN_00465a40"
0044dc60,FUN_0044dc60,164,0,"FUN_004070b0 FUN_0040b8a0 FUN_00422bb0 FUN_004338c0 FUN_00466060"
0044dd10,FUN_0044dd10,85,0,"FUN_0043cf10"
0044dd70,FUN_0044dd70,233,0,"FUN_0043e660"
0044de60,FUN_0044de60,153,0,"FUN_0044e370"
0044df00,FUN_0044df00,153,0,"FUN_0044e370"
0044dfa0,FUN_0044dfa0,153,0,"FUN_0044e370"
0044e040,FUN_0044e040,153,0,"FUN_0044e370"
0044e0e0,FUN_0044e0e0,15,0,"FUN_004338b0"
0044e0f0,FUN_0044e0f0,35,0,""
0044e120,FUN_0044e120,32,0,""
0044e140,FUN_0044e140,27,0,""
0044e160,FUN_0044e160,255,0,"FUN_00406ef0 FUN_0040d390"
0044e260,FUN_0044e260,113,0,"FUN_00406e50 FUN_0040bb80"
0044e2e0,FUN_0044e2e0,104,0,"FUN_00406e50 FUN_0040bb80"
0044e350,FUN_0044e350,18,0,""
0044e370,FUN_0044e370,35,0,""
0044e3a0,FUN_0044e3a0,949,0,"FUN_004066a0 FUN_004066c0 FUN_004069f0 FUN_00407120 FUN_0040d3f0 FUN_0044e770 FUN_0044e8d0"
0044e770,FUN_0044e770,352,0,"FUN_004031e0 FUN_00407120 FUN_004090d0 FUN_00409120 FUN_0040b460 FUN_0040b470 FUN_0040b8e0 FUN_00410a70"
0044e8d0,FUN_0044e8d0,269,0,"FUN_004031e0 FUN_004090d0 FUN_00409120 FUN_0040b460 FUN_0040b470 FUN_00410a70"
0044e9e0,FUN_0044e9e0,94,0,"FUN_00463210"
0044ea40,FUN_0044ea40,303,0,"FUN_004066c0 FUN_004069f0 FUN_00407120 FUN_0040d3f0"
0044eb70,FUN_0044eb70,731,0,"FUN_004066c0 FUN_004069f0 FUN_00407120 FUN_0040d3f0 FUN_00410a70 FUN_004286e0 FUN_0043edb0"
0044ee70,FUN_0044ee70,1059,0,"FUN_004066c0 FUN_004069f0 FUN_00407120 FUN_00409080 FUN_004090d0 FUN_00409120 FUN_0040b460 FUN_0040d3f0 FUN_00410a70 FUN_00425430 FUN_004286e0 FUN_0043edb0"
0044f2d0,FUN_0044f2d0,737,0,"FUN_004031e0 FUN_004066c0 FUN_004069f0 FUN_00407120 FUN_00409080 FUN_004090d0 FUN_00409120 FUN_0040d3f0 FUN_00410a70 FUN_00425430 FUN_004286e0 FUN_0043edb0"
0044f5e0,FUN_0044f5e0,810,0,"FUN_004031e0 FUN_004066c0 FUN_004069f0 FUN_00407120 FUN_00409080 FUN_004090d0 FUN_00409120 FUN_0040d3f0 FUN_00410a70 FUN_00425430 FUN_004286e0 FUN_0043edb0"
0044f930,FUN_0044f930,570,0,"FUN_004066c0 FUN_004069f0 FUN_00407120 FUN_00409080 FUN_004090d0 FUN_00409120 FUN_0040d3f0 FUN_00410a70 FUN_00425430 FUN_004286e0 FUN_0043edb0"
0044fb70,FUN_0044fb70,524,0,"FUN_004065f0 FUN_004069f0 FUN_00406d70 FUN_00408d40 FUN_00409060 FUN_0040b460 FUN_0045d660"
0044fd80,FUN_0044fd80,65,0,"FUN_0044fb70"
0044fdd0,FUN_0044fdd0,77,0,"FUN_0044fb70"
0044fe20,FUN_0044fe20,375,0,"FUN_004065f0 FUN_0044fb70"
0044ffa0,FUN_0044ffa0,217,0,"FUN_0040c7b0 FUN_004286e0 FUN_0043edb0 FUN_0044fb70"
00450080,FUN_00450080,142,0,"FUN_004286e0 FUN_0043edb0 FUN_0044fb70"
00450110,FUN_00450110,145,0,"FUN_004286e0 FUN_0043edb0 FUN_0044fb70"
004501b0,FUN_004501b0,133,0,"FUN_004286e0 FUN_0043ed80 FUN_0044fb70"
00450240,FUN_00450240,223,0,"FUN_0040c7b0 FUN_004286e0 FUN_0043edb0 FUN_0044fb70"
00450320,FUN_00450320,599,0,"FUN_0040b440 FUN_0040b460 FUN_0040c7b0 FUN_0040d3b0 FUN_0040d3d0"
00450580,FUN_00450580,72,0,"FUN_0040d390"
004505d0,FUN_004505d0,609,0,"FUN_004065f0 FUN_004066a0 FUN_00406d70 FUN_0040d3b0 FUN_0040e390 FUN_00418110 FUN_004358bb FUN_004396f8"
00450840,FUN_00450840,643,0,"FUN_00406d70 FUN_0040d3b0 FUN_004358bb FUN_0044dfa0"
00450ad0,FUN_00450ad0,372,0,"FUN_00406d70 FUN_00463210"
00450c50,FUN_00450c50,611,0,"FUN_0040d390 FUN_0040d3b0 FUN_004178a0 FUN_00425430 FUN_004286e0"
00450ee0,FUN_00450ee0,128,0,"FUN_0040b460 FUN_00425430"
00450f60,FUN_00450f60,487,0,"FUN_0040b8e0 FUN_00422480 FUN_0044fd80"
00451150,FUN_00451150,404,0,"FUN_00406640 FUN_0040b460 FUN_004399ac FUN_0045ea00"
004512f0,FUN_004512f0,268,0,"FUN_0040ec00 FUN_00463210"
00451400,FUN_00451400,241,0,"FUN_0040ec00 FUN_0045e960"
00451500,FUN_00451500,311,0,"FUN_004065f0 FUN_00406640 FUN_0040d3b0 FUN_0040d3d0 FUN_004358bb FUN_00450f60 FUN_00451d50"
00451640,FUN_00451640,45,0,"FUN_004065f0 FUN_0040d3b0"
00451670,FUN_00451670,1646,0,"FUN_004069f0 FUN_00406d10 FUN_00406d70 FUN_0040b460 FUN_0040d3d0 FUN_0040d410 FUN_00425430 FUN_0043ee30 FUN_004400a0 FUN_00451ce0"
00451ce0,FUN_00451ce0,108,0,""
00451d50,FUN_00451d50,56,0,""
00451d90,FUN_00451d90,511,0,"FUN_0040b880 FUN_0040b8a0 FUN_0044858d FUN_004740e0"
00451f90,FUN_00451f90,777,0,"FUN_00429de0 FUN_0043c880 FUN_0043ce60 FUN_004522a0 FUN_00452830 FUN_00452d60 FUN_00453160 operator_new"
004522a0,FUN_004522a0,102,0,"FUN_00453c00 FUN_00453c20"
00452310,FUN_00452310,372,0,"FUN_00453c40"
00452490,FUN_00452490,184,0,"FUN_0042f1f0 FUN_004358bb FUN_00437dc7"
00452550,FUN_00452550,362,0,""
004526c0,FUN_004526c0,361,0,""
00452830,FUN_00452830,1315,0,"FUN_00406cd0 FUN_00406dd0 FUN_0040b880 FUN_0040b8a0 FUN_00422480 FUN_00429de0 FUN_0042f2b0 FUN_00439829 FUN_004398ce FUN_00453c20 operator_new"
00452d60,FUN_00452d60,787,0,"FUN_00406e20 FUN_00406f30 FUN_00406fa0 FUN_0043e660 FUN_00451d90 FUN_00453be0 FUN_00453c60"
00453080,FUN_00453080,209,0,"FUN_0040b8a0 FUN_00429df0 FUN_0043cf10 _free"
00453160,FUN_00453160,58,0,"FUN_0040b460"
004531a0,FUN_004531a0,77,0,""
004531f0,FUN_004531f0,2445,0,"CloseHandle CreateFileA FID_conflict:__time32 FUN_00406cd0 FUN_0040b880 FUN_0040b8a0 FUN_00410c00 FUN_00421dd0 FUN_0043cf10 FUN_004531a0 FUN_00453b80 FUN_00453c80 FUN_00453ca0 FUN_00453cc0 FUN_00453cd1 FUN_00453cfa FUN_00456938 FUN_00473cb0 FUN_004a3e70 GlobalFree WriteFile _localtime _strftime"
00453b80,FUN_00453b80,88,0,"FUN_004a3e17"
00453be0,FUN_00453be0,23,0,""
00453c00,FUN_00453c00,21,0,""
00453c20,FUN_00453c20,17,0,""
00453c40,FUN_00453c40,26,0,""
00453c60,FUN_00453c60,25,0,""
00453c80,FUN_00453c80,25,0,"FUN_004a3e70"
00453ca0,FUN_00453ca0,28,0,"FUN_004a3e70"
00453cc0,FUN_00453cc0,17,0,""
00453cd1,FUN_00453cd1,41,0,""
00453cfa,FUN_00453cfa,19,0,""
00453d0d,FUN_00453d0d,1372,0,"FUN_0040b880 FUN_0040b8a0 FUN_00410c00 FUN_0043e4a0 FUN_0043e8f0 FUN_004482a1 FUN_00473cb0 FUN_004a5d20 GlobalFree _memcpy"
00454269,FUN_00454269,47,0,"FUN_004a3e17 _strlen"
00454298,FUN_00454298,2497,0,"FID_conflict:__time32 FUN_0040b880 FUN_0040b8a0 FUN_0043e8f0 FUN_004482a1 FUN_00454269 FUN_0045a4a0 _localtime _memcpy _memset _strftime _strlen"
00454c59,FUN_00454c59,46,0,"FUN_0045a500"
00454c87,FUN_00454c87,43,0,"FUN_0045a5a0"
00454cb2,FUN_00454cb2,1029,0,"FUN_00454298 FUN_004550b7 FUN_0045a0f4 FUN_0045d550 FUN_0045ea00"
004550b7,FUN_004550b7,69,0,""
004550fc,FUN_004550fc,1409,0,"FUN_004550b7 FUN_0045a0f4 FUN_0045d550 FUN_0045ea00"
0045567d,FUN_0045567d,680,0,"FUN_004550b7 FUN_0045a0f4 FUN_0045d550 FUN_0045ea00"
00455925,FUN_00455925,270,0,"FUN_004550b7 FUN_0045a2f2 FUN_0045d550"
00455a33,FUN_00455a33,637,0,"FUN_004550b7 FUN_0045a0f4 FUN_0045d550 FUN_0045ea00"
00455cb0,FUN_00455cb0,699,0,"FUN_004550b7 FUN_0045a0f4 FUN_0045d550 FUN_0045ea00"
00455f6b,FUN_00455f6b,691,0,"FUN_004550b7 FUN_0045a1f3 FUN_0045a2f2 FUN_0045d550 FUN_004663b0"
0045621e,FUN_0045621e,1818,0,"FUN_004481af FUN_00453c40 FUN_00454c59 FUN_00456938 FUN_0045d550 FUN_00466650 FUN_004a3e70 FUN_004a5d20 _memcpy"
00456938,FUN_00456938,55,0,"FID_conflict:__time32 _localtime _strftime"
0045696f,FUN_0045696f,3699,0,"FUN_0040b8a0 FUN_0043e660 FUN_004481af FUN_00451d90 FUN_004531f0 FUN_00453c40 FUN_00456938 FUN_0045a0f4 FUN_0045a2f2 FUN_0045d550 FUN_0045d790 FUN_004a4857 FUN_004a508d FUN_004a5d20"
004577e2,FUN_004577e2,200,0,""
004578aa,FUN_004578aa,1366,0,"FUN_0040b460 FUN_004482a1 FUN_004663b0"
00457e00,FUN_00457e00,1184,0,"FUN_00402920 FUN_00402a30 FUN_0040b460 FUN_004398e8 FUN_00453c80 FUN_00453ca0"
004582a0,FUN_004582a0,395,0,"FUN_00406cd0 FUN_00429de0 FUN_00437cdd FUN_0043c880 FUN_0043c960 FUN_0043ce60 FUN_0045842b FUN_0045964d FUN_004a4838 operator_new"
0045842b,FUN_0045842b,133,0,"FUN_00406720 FUN_00406850 _memset"
004584b0,FUN_004584b0,424,0,"FUN_00404720 FUN_00448790 FUN_00454cb2 FUN_004550b7 FUN_004550fc FUN_0045567d FUN_00455925 FUN_00455a33 FUN_00455cb0 FUN_00455f6b FUN_0045621e FUN_0045696f FUN_004577e2 FUN_004578aa FUN_0045ea00"
004586b4,FUN_004586b4,3993,0,"FUN_00402920 FUN_00402a30 FUN_00404720 FUN_0040b460 FUN_00410a70 FUN_0042f2f0 FUN_004398e8 FUN_00457e00 FUN_00462e40 FUN_00462ff0 FUN_00466bb0"
0045964d,FUN_0045964d,2437,0,"FUN_00404720 FUN_004068a0 FUN_004069f0 FUN_0043c317 FUN_004481af FUN_00453c40 FUN_00454c59 FUN_00459fd2 FUN_0045a5e0 FUN_0045a950 FUN_0045aac0 FUN_0045ab70 FUN_0045ac90 FUN_0045ae00 FUN_00465800 FUN_004667c0 FUN_004a5d20 _memcpy"
00459fd2,FUN_00459fd2,225,0,"FUN_00429df0 FUN_0043cf10 FUN_00453d0d FUN_00454c87 FUN_0045a0b3 FUN_0045a3fd FUN_0045afc0 FUN_00466060"
0045a0b3,FUN_0045a0b3,41,0,"FUN_0045a0dc _free"
0045a0dc,FUN_0045a0dc,24,0,"FUN_0040b8a0"
0045a0f4,FUN_0045a0f4,255,0,"FUN_0045d550"
0045a1f3,FUN_0045a1f3,255,0,"FUN_0045d550"
0045a2f2,FUN_0045a2f2,267,0,"FUN_0045d550"
0045a3fd,FUN_0045a3fd,163,0,"FUN_00466ae0"
0045a4a0,FUN_0045a4a0,60,0,""
0045a4dc,FUN_0045a4dc,32,0,""
0045a500,FUN_0045a500,159,0,"FUN_0040b880"
0045a5a0,FUN_0045a5a0,59,0,"FUN_0040b8a0"
0045a5e0,FUN_0045a5e0,865,0,"FUN_0040b880 FUN_0040b8a0 FUN_00421dd0 FUN_0043e1d0 FUN_0043e660 FUN_0044858d FUN_004740e0"
0045a950,FUN_0045a950,362,0,"FUN_0045a500 FUN_0045a5a0"
0045aac0,FUN_0045aac0,175,0,""
0045ab70,FUN_0045ab70,136,0,""
0045ac00,FUN_0045ac00,136,0,""
0045ac90,FUN_0045ac90,368,0,""
0045ae00,FUN_0045ae00,295,0,""
0045af30,FUN_0045af30,129,0,""
0045afc0,FUN_0045afc0,53,0,"FUN_0040b8a0 FUN_0045a5a0"
0045b000,FUN_0045b000,25,0,"FUN_004065a0"
0045b020,FUN_0045b020,190,0,""
0045b0e0,FUN_0045b0e0,124,0,"FUN_0045b020 FUN_00462e40"
0045b160,FUN_0045b160,123,0,"FUN_00406640 FUN_0040b8c0 FUN_0040b8e0 FUN_004a3e70"
0045b1e0,FUN_0045b1e0,687,0,"FUN_00404720 FUN_00406850 FUN_0040b9b0 FUN_0040b9d0 FUN_0040b9f0 FUN_0040ba10 FUN_0040ba30 FUN_0040ba50 FUN_00438a41 FUN_00462e40"
0045b490,FUN_0045b490,717,0,"FUN_00404720 FUN_00406850 FUN_0040b9b0 FUN_0040b9d0 FUN_0040b9f0 FUN_0040ba10 FUN_0040ba30 FUN_0040ba50 FUN_00438a41 FUN_00438a59 FUN_00462e40"
0045b760,FUN_0045b760,155,0,"FUN_00406640 FUN_0040b8c0 FUN_0040b8e0 FUN_004a3e70"
0045b800,FUN_0045b800,169,0,"FUN_00406640 FUN_0040b8c0 FUN_0040e390 FUN_004a3e70"
0045b8b0,FUN_0045b8b0,628,0,"FUN_00429de0 FUN_0043c880 FUN_0043c960 FUN_0043ce60 FUN_0045b000 operator_new"
0045bb50,FUN_0045bb50,145,0,"FUN_0045b1e0 FUN_00462e40"
0045bbf0,FUN_0045bbf0,69,0,"FUN_0045b1e0"
0045bc40,FUN_0045bc40,69,0,"FUN_0045b1e0"
0045bc90,FUN_0045bc90,210,0,"FUN_004065f0 FUN_00406640 FUN_004066a0 FUN_0040b8c0 FUN_004a3e70"
0045bd70,FUN_0045bd70,76,0,"FUN_0045b1e0"
0045bdc0,FUN_0045bdc0,332,0,"FUN_00406640 FUN_00406ef0 FUN_0040b8c0 FUN_0040b8e0"
0045bf10,FUN_0045bf10,459,0,"FUN_00406640 FUN_004066a0 FUN_00406ef0 FUN_0040b8c0"
0045c0e0,FUN_0045c0e0,26,0,"FUN_004065f0"
0045c100,FUN_0045c100,94,0,"FUN_00429df0 FUN_0043cf10 _free"
0045c160,FUN_0045c160,34,0,"FUN_004065f0"
0045c190,FUN_0045c190,746,0,"FUN_0043ea00 FUN_0045c480 FUN_0045e2f0 FUN_004716e0 FUN_00471730 SetTimer operator_new"
0045c480,FUN_0045c480,46,0,"FUN_00471700 _free"
0045c4b0,FUN_0045c4b0,506,0,"FUN_0040b8a0 FUN_0045c480 FUN_0045d2d0 FUN_0045e370 KillTimer"
0045c6b0,FUN_0045c6b0,523,0,"_strrchr"
0045c8c0,FUN_0045c8c0,766,0,"FUN_0040b8a0 FUN_0043e660 FUN_0043ea00 FUN_0045cbc0 _strncmp"
0045cbc0,FUN_0045cbc0,100,0,"_strncmp"
0045cc30,FUN_0045cc30,50,0,"FUN_0043e660"
0045cc70,FUN_0045cc70,386,0,"CreateEventA CreateThread FUN_00421dd0 FUN_0045d2d0 FUN_004718d0"
0045ce00,FUN_0045ce00,103,0,"FUN_00421dd0 FUN_0045c6b0 FUN_0045e300 FUN_00473300"
0045ce70,FUN_0045ce70,626,0,"CloseHandle CreateFileA FUN_0040b880 FUN_00421dd0 FUN_00449c79 FUN_0045c6b0 FUN_0045e370 ReadFile SetFilePointer"
0045d0f0,FUN_0045d0f0,470,0,"CreateEventA CreateThread FUN_00421dd0 FUN_00449c79 FUN_0045ce00 FUN_00471c40"
0045d2d0,FUN_0045d2d0,287,0,"CloseHandle FUN_00421dd0 FUN_004728e0 PostThreadMessageA WaitForSingleObject"
0045d3f0,FUN_0045d3f0,342,0,"FUN_0043ea00 FUN_0045c8c0"
0045d550,FUN_0045d550,267,0,""
0045d660,FUN_0045d660,296,0,"FUN_004a3e70"
0045d790,FUN_0045d790,2358,0,"CloseHandle FUN_00421dd0 FUN_00449c79 FUN_0045c6b0 FUN_0045ce70 FUN_0045d0f0 FUN_0045d2d0 FUN_0045e2d0 FUN_0045e300 FUN_0045e3c0 FUN_00472070 FUN_004723b0 FUN_00472710 FUN_00472750 FUN_00472840 FUN_004728e0 FUN_00472990 FUN_004729e0 FUN_00473120 FUN_00473300 FUN_004a3e70 PostThreadMessageA WaitForSingleObject"
0045e0f0,FUN_0045e0f0,226,0,"FUN_00421dd0 FUN_00472d30 MsgWaitForMultipleObjects PeekMessageA"
0045e1e0,FUN_0045e1e0,225,0,"FUN_00421dd0"
0045e2d0,FUN_0045e2d0,20,0,""
0045e2f0,FUN_0045e2f0,16,0,""
0045e300,FUN_0045e300,17,0,""
0045e320,FUN_0045e320,76,0,""
0045e370,FUN_0045e370,70,0,"FUN_0040b8a0"
0045e3c0,FUN_0045e3c0,43,0,"FUN_0045e3f0"
0045e3f0,FUN_0045e3f0,55,0,"FUN_004a3e70"
0045e430,FUN_0045e430,333,0,"FUN_00406940"
0045e580,FUN_0045e580,206,0,"FUN_004065f0 FUN_004068e0 FUN_0045ea00"
0045e650,FUN_0045e650,166,0,"FUN_004a3e70"
0045e720,FUN_0045e720,186,0,"FUN_004a3e70"
0045e810,FUN_0045e810,124,0,"FUN_004a3e70"
0045e8a0,FUN_0045e8a0,139,0,""
0045e960,FUN_0045e960,125,0,"FUN_00462ff0 FUN_00463210 FUN_00463470 FUN_00463800 FUN_00463cf0 FUN_00464070"
0045ea00,FUN_0045ea00,13933,0,"FUN_00404720 FUN_004065f0 FUN_00406640 FUN_004066c0 FUN_00406ef0 FUN_00408d40 FUN_00409060 FUN_0040b8c0 FUN_0040b8e0 FUN_0040d390 FUN_0040d3b0 FUN_0040d3f0 FUN_0040e390 FUN_00418110 FUN_0041f090 FUN_0043edb0 FUN_0045e430 FUN_0045e650 FUN_0045e720 FUN_0045e810 FUN_0045e8a0 FUN_00462210 FUN_00462230 FUN_00462250 FUN_004a3e70"
00462210,FUN_00462210,21,0,"FUN_004a5e20"
00462230,FUN_00462230,21,0,"FUN_004a5f30"
00462250,FUN_00462250,21,0,"FUN_004a4110"
00462270,FUN_00462270,74,0,"FUN_00407120 FUN_004622c0"
004622c0,FUN_004622c0,76,0,""
00462310,FUN_00462310,70,0,"FUN_0045ea00"
00462360,FUN_00462360,86,0,"FUN_0040b910"
004623c0,FUN_004623c0,912,0,"FUN_0040b5a0 FUN_0040b6d0 FUN_00438a41 FUN_00443a70 FUN_00462750 FUN_00462e40"
00462750,FUN_00462750,52,0,""
00462790,FUN_00462790,278,0,"FUN_00438a41 FUN_00448270 FUN_00462e40"
004628b0,FUN_004628b0,1359,0,"FUN_00462750 FUN_00462790 FUN_00462e40 FUN_00462f10"
00462e00,FUN_00462e00,60,0,""
00462e40,FUN_00462e40,198,0,""
00462f10,FUN_00462f10,211,0,""
00462ff0,FUN_00462ff0,469,0,"FUN_004066e0 FUN_004628b0"
004631d0,FUN_004631d0,58,0,""
00463210,FUN_00463210,600,0,"FUN_004066e0 FUN_004628b0 FUN_00462ff0 FUN_004631d0"
00463470,FUN_00463470,912,0,"FUN_004066e0 FUN_004628b0 FUN_004631d0"
00463800,FUN_00463800,469,0,"FUN_004066e0 FUN_004628b0"
004639e0,FUN_004639e0,771,0,"FUN_00404720 FUN_00406940 FUN_004090d0 FUN_0040b460 FUN_0040b4c0 FUN_004631d0 thunk_FUN_0047a355"
00463cf0,FUN_00463cf0,107,0,"FUN_004066e0 FUN_004628b0 FUN_004639e0"
00463d60,FUN_00463d60,779,0,"FUN_004031e0 FUN_0040b460 thunk_FUN_00479843 thunk_FUN_004798cd thunk_FUN_004798e8 thunk_FUN_00479903 thunk_FUN_0047a355"
00464070,FUN_00464070,98,0,"FUN_004066e0 FUN_004628b0 FUN_00463d60"
004640e0,FUN_004640e0,786,0,"FUN_00404720 FUN_00406940 FUN_004090d0 FUN_0040b460 FUN_0040b4c0 FUN_004631d0 thunk_FUN_0047a355"
00464400,FUN_00464400,111,0,"FUN_004066e0 FUN_004628b0 FUN_004640e0"
00464470,FUN_00464470,1318,0,"FUN_004031e0 FUN_004066e0 FUN_0040b460 FUN_00443a70 FUN_004623c0 FUN_00462e40 thunk_FUN_00479843 thunk_FUN_004798cd thunk_FUN_004798e8 thunk_FUN_00479903"
004649a0,FUN_004649a0,352,0,""
00464b00,FUN_00464b00,352,0,""
00464c60,FUN_00464c60,367,0,"FUN_004066e0 FUN_00443a70 FUN_00462790 FUN_00462e40"
00464dd0,FUN_00464dd0,225,0,"FUN_004066e0 FUN_00462790 FUN_00462e40 FUN_00462f10"
00464ec0,FUN_00464ec0,427,0,"FUN_0040b9b0 FUN_0040b9d0 FUN_0040b9f0 FUN_0040ba30 FUN_00438a59 FUN_00448270 FUN_00462790 FUN_00462e40"
00465070,FUN_00465070,466,0,"FUN_00406720 FUN_00406850 FUN_0040b460"
00465250,FUN_00465250,700,0,"FUN_00443a70"
00465510,FUN_00465510,83,0,"FUN_00443a90"
00465570,FUN_00465570,98,0,"FUN_00465510 FUN_0047b72e"
004655e0,FUN_004655e0,476,0,"FUN_00465510 FUN_0047aa8d FUN_0047abab"
004657c0,FUN_004657c0,56,0,"FUN_0047aa8d"
00465800,FUN_00465800,96,0,"FUN_00421dd0 FUN_00465860 FUN_00465ba0"
00465860,FUN_00465860,473,0,"FUN_0040b880 FUN_00421dd0 FUN_0043e660 FUN_0043eb60 FUN_00465ac0 FUN_00466060"
00465a40,FUN_00465a40,115,0,"FUN_00421dd0 FUN_00465860 Sleep"
00465ac0,FUN_00465ac0,219,0,"FUN_0043e660 FUN_0043eb60"
00465ba0,FUN_00465ba0,284,0,"FUN_00421dd0 FUN_00465cc0"
00465cc0,FUN_00465cc0,829,0,"FUN_0043eb60 FUN_00465570 FUN_004655e0 FUN_004657c0 FUN_004661b0"
00466000,FUN_00466000,91,0,"FUN_00465ba0"
00466060,FUN_00466060,243,0,"FUN_0040b8a0 FUN_00466160"
00466160,FUN_00466160,72,0,"FUN_0040b8a0"
004661b0,FUN_004661b0,341,0,""
00466310,FUN_00466310,145,0,"FUN_0043f9c8 FUN_0043fce9 FUN_004a3e70"
004663b0,FUN_004663b0,238,0,"FUN_00466310 FUN_004a3e17 FUN_004a3e70"
004664a0,FUN_004664a0,432,0,"FUN_00466310 FUN_004a3e17 FUN_004a3e70"
00466650,FUN_00466650,366,0,"FUN_00466310 FUN_004a3e17 FUN_004a3e70"
004667c0,FUN_004667c0,670,0,"FUN_0040b8a0 FUN_0043e660 FUN_0043eb60 FUN_00466ae0 FUN_0047aaf3 FUN_0047abab"
00466a60,FUN_00466a60,126,0,"FUN_0043e660 FUN_0043eb60 FUN_00466ae0"
00466ae0,FUN_00466ae0,200,0,"FUN_0040b8a0"
00466bb0,FUN_00466bb0,445,0,"FUN_0047abab"
00466d70,FUN_00466d70,424,0,"FUN_0047abab"
00466f20,FUN_00466f20,286,0,"FUN_00462e40 FUN_0047abab"
00467040,FUN_00467040,307,0,"FUN_00462e40 FUN_0047abab"
00467180,FUN_00467180,537,0,"FUN_00462e40 FUN_00466ae0 FUN_0047abab"
00467399,FUN_00467399,269,0,"FUN_0045ea00 FUN_00462310 FUN_004674e0 FUN_0046837b FUN_00469636 FUN_0046a071 FUN_0046a625 FUN_0046adb0 FUN_0046b174 FUN_0046bbc0 FUN_0046e136"
004674e0,FUN_004674e0,3703,0,"FUN_00406720 FUN_00437cdd FUN_0043c1e9 FUN_0043c2c5 FUN_0043e660 FUN_004442e0 FUN_00444620 FUN_00444680 FUN_00447e47 FUN_00451d90 FUN_0045d550 FUN_0045d790 FUN_0045e430 FUN_00462270 FUN_00462360 FUN_00466650 FUN_004667c0 FUN_0046837b FUN_0047030b FUN_004a4838 FUN_004a5d20 _free _free operator_new"
0046837b,FUN_0046837b,4424,0,"FUN_004442e0 FUN_00444620 FUN_00444680 FUN_00447d56 FUN_00447e47 FUN_00448081 FUN_0045d550 FUN_0045d790 FUN_0045e1e0 FUN_0045e430 FUN_00462270 FUN_00466650 FUN_004694c3 FUN_0047030b"
004694c3,FUN_004694c3,72,0,""
0046950b,FUN_0046950b,299,0,""
00469636,FUN_00469636,2383,0,"FUN_0043d7e0 FUN_0045d550 FUN_0045d790 FUN_0045e430 FUN_00462270 FUN_00466650 FUN_004694c3 FUN_0046950b FUN_00469fa9 FUN_0047030b"
00469fa9,FUN_00469fa9,200,0,"FUN_0045e430"
0046a071,FUN_0046a071,1460,0,"FUN_0043c317 FUN_0045d550 FUN_0045d790 FUN_0045e430 FUN_00462270 FUN_004667c0 FUN_004694c3 FUN_0047030b"
0046a625,FUN_0046a625,1931,0,"FUN_0043c15f FUN_0043c23b FUN_00447d04 FUN_00448081 FUN_0045d550 FUN_0045d790 FUN_00462270 FUN_004667c0 FUN_004694c3 FUN_00470424"
0046adb0,FUN_0046adb0,964,0,"FUN_00448081 FUN_0045d550 FUN_00462270 FUN_004694c3 FUN_0047030b"
0046b174,FUN_0046b174,2636,0,"FUN_004068e0 FUN_0043c23b FUN_00447d04 FUN_0045d550 FUN_0045d790 FUN_0045e430 FUN_00462270 FUN_004663b0 FUN_004667c0 FUN_004694c3 FUN_0047030b FUN_00470424"
0046bbc0,FUN_0046bbc0,4047,0,"FUN_004068e0 FUN_004144d0 FUN_00448081 FUN_0045d550 FUN_0045d790 FUN_0045e430 FUN_00462270 FUN_004663b0 FUN_004694c3 FUN_0046cbbb FUN_0046d7f9 FUN_0046fd5f FUN_0047030b"
0046cbbb,FUN_0046cbbb,2984,0,""
0046d763,FUN_0046d763,150,0,"FUN_004a5d20 _memset"
0046d7f9,FUN_0046d7f9,2365,0,"FUN_004144d0 FUN_00414540 FUN_00453cfa FUN_004663b0 FUN_0046d763 FUN_0046fd5f _memcpy _memset"
0046e136,FUN_0046e136,3671,0,"FUN_004068e0 FUN_0043e660 FUN_0043eb60 FUN_00448081 FUN_00451d90 FUN_0045d550 FUN_0045e430 FUN_00462270 FUN_004663b0 FUN_004667c0 FUN_004694c3 FUN_0047030b FUN_004a4857 FUN_004a508d FUN_004a5b27 FUN_004a5d20 FindClose FindFirstFileA FindNextFileA _free"
0046ef8d,FUN_0046ef8d,1180,0,"FUN_00402a30 FUN_00462ff0"
0046f429,FUN_0046f429,418,0,"FUN_00402a30"
0046f5cb,FUN_0046f5cb,1940,0,"FUN_00402a30 FUN_00405e10 FUN_00462ff0 FUN_0046fd5f FUN_0046fdc2 FUN_004a3e70"
0046fd5f,FUN_0046fd5f,99,0,""
0046fdc2,FUN_0046fdc2,510,0,"FUN_00406720 FUN_0043edb0 FUN_0043ee30 FUN_00464ec0"
0046ffc0,FUN_0046ffc0,843,0,"FUN_00402a30 FUN_00462ff0"
0047030b,FUN_0047030b,281,0,"FUN_0045d550"
00470424,FUN_00470424,265,0,"FUN_0045d550"
0047052d,FUN_0047052d,850,0,"FUN_004068e0 FUN_0045e430 FUN_00462ff0"
0047087f,FUN_0047087f,493,0,"FUN_00462ff0 FUN_00463210 FUN_00466bb0 FUN_0046ef8d FUN_0046f429 FUN_0046f5cb FUN_0046ffc0 FUN_0047052d"
00470a6c,FUN_00470a6c,873,0,"FUN_00402450 FUN_00402600 FUN_0043c1e9 FUN_0043c2c5 FUN_00447d04 FUN_004486ba FUN_00448790 FUN_0044886f FUN_004489ca FUN_0045a5e0 FUN_0045aac0 FUN_0045ac00 FUN_0045ac90 FUN_0045ae00 FUN_0045afc0 FUN_0046cbbb FUN_00470dd5 FUN_00471181 _free operator_new"
00470dd5,FUN_00470dd5,59,0,""
00470e10,FUN_00470e10,881,0,"FUN_00447d56 FUN_0044881a FUN_0045b8b0 FUN_0045e430 FUN_0045e580 FUN_00465a40 FUN_00466a60 Sleep"
00471181,FUN_00471181,639,0,"FUN_0043d970 FUN_0045b1e0 FUN_0045d550 FUN_0045d790 FUN_004667c0 FUN_00466ae0 FUN_00466bb0"
00471400,FUN_00471400,109,0,"_free _free"
0047146d,FUN_0047146d,281,0,"FUN_0043c880 FUN_0043c960 FUN_0043ce60 FUN_00471586 FUN_004a4838 _memset operator_new"
00471586,FUN_00471586,203,0,"FUN_00406720 _memset"
00471651,FUN_00471651,17,0,"FUN_00470a6c"
00471662,FUN_00471662,125,0,"FUN_0043cf10 FUN_00466060 FUN_00466ae0 FUN_00471400 _free"
004716e0,FUN_004716e0,23,0,""
00471700,FUN_00471700,44,0,""
00471730,FUN_00471730,142,0,"DirectSoundCreate8 FUN_004717c0"
004717c0,FUN_004717c0,265,0,""
004718d0,FUN_004718d0,819,0,"FUN_00471c10 FUN_00472aa0 FUN_004731f0 FUN_00473250 _free operator_new"
00471c10,FUN_00471c10,46,0,"FUN_00473230 _free"
00471c40,FUN_00471c40,795,0,"FUN_00421dd0 FUN_00472aa0 FUN_004731f0 FUN_00473360 _free operator_new"
00471f60,FUN_00471f60,221,0,"FUN_004723b0 operator_new"
00472040,FUN_00472040,46,0,"FUN_004722d0 _free"
00472070,FUN_00472070,599,0,"_free operator_new"
004722d0,FUN_004722d0,216,0,"FUN_00471c10 _free"
004723b0,FUN_004723b0,484,0,"FUN_004725a0 FUN_004733e0 FUN_00473530"
004725a0,FUN_004725a0,163,0,"Sleep"
00472650,FUN_00472650,182,0,"_rand"
00472710,FUN_00472710,53,0,""
00472750,FUN_00472750,236,0,"FUN_004723b0 FUN_004725a0 FUN_00472650 FUN_00472840 FUN_00472a30"
00472840,FUN_00472840,148,0,"FUN_004a3e70"
004728e0,FUN_004728e0,171,0,""
00472990,FUN_00472990,79,0,""
004729e0,FUN_004729e0,78,0,""
00472a30,FUN_00472a30,110,0,""
00472aa0,FUN_00472aa0,96,0,"FUN_00471f60"
00472b00,FUN_00472b00,46,0,"FUN_00472b30 _free"
00472b30,FUN_00472b30,28,0,"FUN_004722d0"
00472b50,FUN_00472b50,129,0,"FUN_00472840"
00472be0,FUN_00472be0,106,0,"FUN_00472840"
00472c50,FUN_00472c50,106,0,"FUN_00472840"
00472cc0,FUN_00472cc0,107,0,"FUN_00472840"
00472d30,FUN_00472d30,1000,0,"FUN_00421dd0 FUN_004723b0 FUN_004725a0 FUN_004733c0 FUN_004733e0 FUN_00473530"
00473120,FUN_00473120,194,0,"FUN_004723b0 FUN_004725a0 FUN_004733e0"
004731f0,FUN_004731f0,56,0,""
00473230,FUN_00473230,19,0,"FUN_00473680"
00473250,FUN_00473250,163,0,"CreateFileA FUN_00421dd0 FUN_004733e0"
00473300,FUN_00473300,84,0,"FUN_004733e0"
00473360,FUN_00473360,92,0,""
004733c0,FUN_004733c0,17,0,""
004733e0,FUN_004733e0,328,0,"SetFilePointer"
00473530,FUN_00473530,328,0,"ReadFile"
00473680,FUN_00473680,51,0,"CloseHandle"
004736c0,CAsyncSocket,51,1,"FUN_00473c40"
00473700,FUN_00473700,46,0,"FUN_00473730 _free"
00473730,FUN_00473730,81,0,"FUN_004738e0 FUN_00473c60"
00473790,FUN_00473790,330,0,"CreateFileA DeleteFileA FUN_00473b40 SetFilePointer"
004738e0,FUN_004738e0,53,0,"CloseHandle"
00473920,FUN_00473920,68,0,"ReadFile"
00473970,FUN_00473970,74,0,"WriteFile"
004739c0,FUN_004739c0,43,0,"SetFilePointer"
004739f0,FUN_004739f0,39,0,"GetFileSize"
00473a20,FUN_00473a20,51,0,"SetFilePointer"
00473a60,FUN_00473a60,210,0,"GlobalAlloc GlobalFree"
00473b40,FUN_00473b40,253,0,"GetModuleFileNameA _strchr _strrchr"
00473c40,FUN_00473c40,23,0,""
00473c60,FUN_00473c60,20,0,""
00473c80,FUN_00473c80,46,0,"FUN_00473c60 _free"
00473cb0,FUN_00473cb0,1065,0,"FUN_00474450 FUN_004744a0 FUN_00474520 FUN_00474640 GlobalAlloc"
004740e0,FUN_004740e0,868,0,"GlobalAlloc"
00474450,FUN_00474450,67,0,""
004744a0,FUN_004744a0,124,0,""
00474520,FUN_00474520,284,0,"FUN_00474760"
00474640,FUN_00474640,134,0,"FUN_00474640 FUN_004746d0 FUN_00474760 FUN_00474820"
004746d0,FUN_004746d0,132,0,""
00474760,FUN_00474760,183,0,""
00474820,FUN_00474820,63,0,""
00474860,FUN_00474860,53,0,""
004748a0,FUN_004748a0,19,0,"FUN_004749b0"
004748c0,FUN_004748c0,229,0,"CAsyncSocket FUN_00421dd0 FUN_004749b0 FUN_00474ce0 FUN_00475150 operator_new"
004749b0,FUN_004749b0,208,0,"FUN_00421dd0 FUN_00474a80 GlobalFree"
00474a80,FUN_00474a80,112,0,"FUN_00475270 _free `eh_vector_destructor_iterator'"
00474af0,FUN_00474af0,321,0,"FUN_00421dd0 FUN_004740e0 FUN_00474c70 GlobalAlloc GlobalFree"
00474c40,FUN_00474c40,46,0,"FUN_00474c70"
00474c70,FUN_00474c70,101,0,"__stricmp"
00474ce0,FUN_00474ce0,701,0,"FUN_0040b8a0 FUN_00421dd0 FUN_0043e1d0 FUN_004740e0 FUN_00474fa0 FUN_004751e0 GlobalAlloc GlobalFree"
00474fa0,FUN_00474fa0,420,0,"FUN_00474a80 FUN_00475150 FUN_00475200 FUN_00475220 `eh_vector_constructor_iterator' operator_new"
00475150,FUN_00475150,139,0,"GlobalAlloc"
004751e0,FUN_004751e0,30,0,""
00475200,FUN_00475200,31,0,""
00475220,FUN_00475220,76,0,""
00475270,FUN_00475270,40,0,"GlobalFree"
00476ce0,DirectInput8Create,6,0,""
00476ce6,DirectSoundCreate8,6,0,""
00476cec,Direct3DCreate8,6,0,""
00476cf2,FUN_00476cf2,45,0,""
00476d1f,FUN_00476d1f,142,0,""
00476dad,FUN_00476dad,175,0,""
00476e5c,FUN_00476e5c,67,0,""
00476e9f,thunk_FUN_0047a33d,6,0,""
00476ea5,FUN_00476ea5,174,0,""
00476f53,FUN_00476f53,209,0,""
00477024,FUN_00477024,93,0,""
00477081,FUN_00477081,139,0,""
0047710c,thunk_FUN_0047a349,6,0,""
00477178,thunk_FUN_0047a355,6,0,""
0047726e,FUN_0047726e,209,0,""
0047733f,FUN_0047733f,243,0,""
00477432,FUN_00477432,119,0,""
004774a9,FUN_004774a9,159,0,""
00477548,FUN_00477548,202,0,""
00477612,thunk_FUN_00479843,6,0,""
00477618,FUN_00477618,566,0,""
0047784e,thunk_FUN_0047984f,6,0,""
00477854,FUN_00477854,109,0,""
004778c1,FUN_004778c1,566,0,""
00477af7,thunk_FUN_00479867,6,0,""
00477afd,FUN_00477afd,909,0,"FUN_004a6370"
00477ee6,FUN_00477ee6,92,0,""
00477f42,thunk_FUN_004798cd,6,0,""
00477f48,FUN_00477f48,122,0,""
00477fc2,thunk_FUN_004798e8,6,0,""
00477fc8,FUN_00477fc8,123,0,""
00478043,thunk_FUN_00479903,6,0,""
00478049,FUN_00478049,124,0,""
004780c5,FUN_004780c5,258,0,"thunk_FUN_0047a33d"
004781c7,thunk_FUN_0047993d,6,0,""
004781cd,FUN_004781cd,226,0,""
004782af,FUN_004782af,230,0,"thunk_FUN_00479843 thunk_FUN_0047993d"
00478395,FUN_00478395,328,0,"thunk_FUN_0047a33d"
004784dd,FUN_004784dd,148,0,""
00478571,FUN_00478571,157,0,"FUN_004a5e20"
0047860e,FUN_0047860e,308,0,""
00478742,FUN_00478742,92,0,"thunk_FUN_0047a33d"
0047879e,thunk_FUN_00479e2c,6,0,""
004787a4,FUN_004787a4,217,0,""
0047887d,thunk_FUN_00479e59,6,0,""
00478883,FUN_00478883,150,0,""
00478919,thunk_FUN_00479e71,6,0,""
0047891f,FUN_0047891f,180,0,"FUN_00476cf2"
004789d3,FUN_004789d3,6,0,""
00478a57,FUN_00478a57,6,0,""
00478af8,thunk_FUN_00479e7d,6,0,""
00478afe,FUN_00478afe,227,0,""
00478be1,FUN_00478be1,87,0,"thunk_FUN_00479e7d"
00478c38,FUN_00478c38,139,0,"FUN_00476cf2 thunk_FUN_00479e7d"
00478cc3,thunk_FUN_0047a2d1,6,0,""
00478cc9,FUN_00478cc9,164,0,"FUN_00476cf2"
00478d6d,FUN_00478d6d,162,0,"FUN_004a6370"
00478e47,FUN_00478e47,162,0,"thunk_FUN_0047a33d"
00478ee9,FUN_00478ee9,159,0,""
00478f88,FUN_00478f88,141,0,"FUN_00476cf2"
00479015,FUN_00479015,41,0,"FUN_00476d1f FUN_0047b944"
0047903e,FUN_0047903e,41,0,"FUN_00476dad FUN_0047b944"
00479067,FUN_00479067,46,0,"FUN_00476e5c FUN_0047b944"
00479095,FUN_00479095,107,0,""
00479100,FUN_00479100,128,0,"FUN_00476cf2"
00479180,FUN_00479180,60,0,""
004791bc,FUN_004791bc,160,0,"FUN_00476cf2"
0047925c,FUN_0047925c,41,0,"FUN_00476ea5 FUN_0047b944"
00479285,FUN_00479285,41,0,"FUN_00476f53 FUN_0047b944"
004792ae,FUN_004792ae,46,0,"FUN_00477024 FUN_0047b944"
004792e8,FUN_004792e8,191,0,"FUN_00476cf2"
004793b3,FUN_004793b3,365,0,"thunk_FUN_00479843 thunk_FUN_0047a349"
00479540,FUN_00479540,390,0,"thunk_FUN_00479843 thunk_FUN_00479867 thunk_FUN_0047a349"
004796f2,FUN_004796f2,185,0,"FUN_00476cf2"
004797ab,FUN_004797ab,41,0,"FUN_0047726e FUN_0047b944"
004797d4,FUN_004797d4,41,0,"FUN_0047733f FUN_0047b944"
004797fd,FUN_004797fd,46,0,"FUN_00477432 FUN_0047b944"
00479843,FUN_00479843,12,0,"FUN_00477618 FUN_0047b944"
0047984f,FUN_0047984f,12,0,"FUN_00477854 FUN_0047b944"
00479867,FUN_00479867,12,0,"FUN_00477afd FUN_0047b944"
004798cd,FUN_004798cd,27,0,"FUN_00477f48 FUN_0047b944"
004798e8,FUN_004798e8,27,0,"FUN_00477fc8 FUN_0047b944"
00479903,FUN_00479903,27,0,"FUN_00478049 FUN_0047b944"
0047993d,FUN_0047993d,12,0,"FUN_004781cd FUN_0047b944"
00479949,FUN_00479949,57,0,"thunk_FUN_0047993d thunk_FUN_00479e2c"
00479982,FUN_00479982,692,0,"thunk_FUN_00479843 thunk_FUN_0047984f thunk_FUN_0047993d"
00479c36,FUN_00479c36,38,0,"FUN_004782af FUN_0047b944"
00479c5c,FUN_00479c5c,218,0,"thunk_FUN_0047a2d1"
00479d36,FUN_00479d36,191,0,"thunk_FUN_0047a2d1"
00479e2c,FUN_00479e2c,45,0,"FUN_004787a4 FUN_0047b944"
00479e59,FUN_00479e59,12,0,"FUN_00478883 FUN_0047b944"
00479e71,FUN_00479e71,12,0,"FUN_0047891f FUN_0047b944"
00479e7d,FUN_00479e7d,35,0,"FUN_00478afe FUN_0047b944"
00479ea0,FUN_00479ea0,41,0,"FUN_00478be1 FUN_0047b944"
00479ec9,FUN_00479ec9,986,0,"FUN_004789d3 FUN_00478a57 thunk_FUN_00479e59 thunk_FUN_00479e71"
0047a2a3,FUN_0047a2a3,46,0,"FUN_00478c38 FUN_0047b944"
0047a2d1,FUN_0047a2d1,12,0,"FUN_00478cc9 FUN_0047b944"
0047a33d,FUN_0047a33d,12,0,"FUN_004791bc FUN_0047b944"
0047a349,FUN_0047a349,12,0,"FUN_004792e8 FUN_0047b944"
0047a355,FUN_0047a355,16,0,"FUN_004793b3 FUN_0047b944"
0047a365,FUN_0047a365,16,0,"FUN_00479540 FUN_0047b944"
0047a3a2,FUN_0047a3a2,16,0,"FUN_00479982 FUN_0047b944"
0047a3ca,FUN_0047a3ca,16,0,"FUN_00479ec9 FUN_0047b944"
0047a3da,FUN_0047a3da,36,0,""
0047a3fe,FUN_0047a3fe,117,0,""
0047a473,FUN_0047a473,226,0,"FUN_0047a3fe FUN_0047ba21"
0047a555,FUN_0047a555,49,0,""
0047a586,FUN_0047a586,223,0,"FUN_0047d77b FUN_0047d785 FUN_00480f33 FUN_0048104d FUN_004810e7 thunk_FUN_0048105d"
0047a668,FUN_0047a668,211,0,"FUN_0047d77b FUN_0047d785 FUN_00480f33 FUN_004810c6 FUN_0048141b thunk_FUN_004810cc"
0047a73b,FUN_0047a73b,810,0,"FUN_0047a3da FUN_0047a473"
0047aa65,FUN_0047aa65,40,0,"FUN_0047a73b"
0047aa8d,FUN_0047aa8d,102,0,"FUN_0047aa65"
0047aaf3,FUN_0047aaf3,184,0,"FUN_0047a586 FUN_0047badd FUN_0047baf6 FUN_0047d5a6"
0047abab,FUN_0047abab,422,0,"FUN_0047a586 FUN_0047ba21 FUN_0048104d FUN_004810e7 thunk_FUN_0048105d"
0047ad51,FUN_0047ad51,134,0,"FUN_0047a668 FUN_004810c6 FUN_0048141b thunk_FUN_004810cc"
0047add7,FUN_0047add7,740,0,"FUN_0047abab FUN_0047ad51"
0047b0bb,FUN_0047b0bb,1651,0,"FUN_0047a3da FUN_0047a473 FUN_0047a555 FUN_0047a586 FUN_0047a668 FUN_0047a73b FUN_0047add7 FUN_0047badd FUN_0047baf6 FUN_0047d5a6 FUN_004a4838"
0047b72e,FUN_0047b72e,64,0,"FUN_0047b0bb"
0047b76e,FUN_0047b76e,92,0,"RegCloseKey RegOpenKeyA RegQueryValueExA"
0047b7ca,FUN_0047b7ca,37,0,""
0047b7ef,FUN_0047b7ef,176,0,"FUN_0047b7ca GetSystemInfo RegCloseKey RegOpenKeyA RegQueryValueExA"
0047b89f,FUN_0047b89f,58,0,"FUN_0047b8e5 FUN_004a4838"
0047b8d9,Catch@0047b8d9,12,0,""
0047b8e5,FUN_0047b8e5,90,0,""
0047b944,FUN_0047b944,221,0,"FUN_0047b76e FUN_0047b89f FUN_004867b0 FUN_004868d0 FUN_00486ac5 FUN_00487147 IsProcessorFeaturePresent"
0047ba21,FUN_0047ba21,188,0,"GetModuleHandleA GetProcAddress LoadLibraryA RegCloseKey RegOpenKeyA RegQueryValueExA"
0047badd,FUN_0047badd,25,0,""
0047baf6,FUN_0047baf6,89,0,"FUN_0047baf6 _free"
0047bb4f,FUN_0047bb4f,28,0,"FUN_0047baf6 _free"
0047bb6b,FUN_0047bb6b,1814,0,"operator_new"
0047c281,FUN_0047c281,27,0,"_longjmp"
0047c2c3,FUN_0047c2c3,608,0,"FUN_00487183 FUN_00487455 FUN_004874fc FUN_00487608 FUN_0048768c FUN_00488f45 __setjmp3 operator_new thunk_FUN_00496c71"
0047c523,FUN_0047c523,1191,0,"operator_new"
0047c9ca,FUN_0047c9ca,646,0,"_isdigit _isspace operator_new"
0047cc9f,FUN_0047cc9f,1430,0,"FUN_004890af FUN_004891b2 FUN_00489325 FUN_004896ec FUN_0048985c FUN_004898dd FUN_004898f7 FUN_0048990d FUN_00489923 FUN_0048994c FUN_00489977 FUN_00489a48 FUN_00489a7b FUN_00489ae2 FUN_00489aeb FUN_00489afd FUN_00489b2f FUN_00489c68 FUN_00489c9e FUN_0048b2ff FUN_0048b3c2 FUN_0048b401 FUN_0048b506 FUN_004a6640 __ftol __setjmp3 _free operator_new"
0047d235,FUN_0047d235,833,0,"FUN_0047a3da FUN_0047badd operator_new"
0047d576,FUN_0047d576,48,0,"FUN_0047bb6b"
0047d5a6,FUN_0047d5a6,469,0,"FUN_0047a555 FUN_0047bb4f FUN_0047bb6b FUN_0047c2c3 FUN_0047c523 FUN_0047c9ca FUN_0047cc9f FUN_0047d235 FUN_0047d576 _free"
0047d77b,FUN_0047d77b,10,0,""
0047d785,FUN_0047d785,30,0,""
0047d7b9,FUN_0047d7b9,701,0,"FUN_004a6890 __ftol operator_new"
0047da76,FUN_0047da76,76,0,"_free `eh_vector_destructor_iterator'"
0047dac2,FUN_0047dac2,1140,0,"FUN_00406850 FUN_0047d7b9 FUN_0047da76 FUN_004a4838 _free `eh_vector_constructor_iterator' operator_new"
0047df36,FUN_0047df36,395,0,""
0047e0c1,FUN_0047e0c1,294,0,""
0047e1e7,FUN_0047e1e7,49,0,"FUN_0047e416"
0047e218,FUN_0047e218,232,0,""
0047e300,FUN_0047e300,278,0,"FUN_0047e0c1"
0047e416,FUN_0047e416,56,0,"FUN_0047b7ef"
0047e44e,FUN_0047e44e,47,0,"FUN_0047b7ef"
0047e47d,FUN_0047e47d,49,0,"FUN_0047e44e"
0047e4ae,FUN_0047e4ae,336,0,""
0047e5fe,FUN_0047e5fe,292,0,""
0047e722,FUN_0047e722,335,0,""
0047e871,FUN_0047e871,339,0,""
0047e9c4,FUN_0047e9c4,319,0,""
0047eb03,FUN_0047eb03,155,0,""
0047eb9e,FUN_0047eb9e,332,0,""
0047ecea,FUN_0047ecea,289,0,""
0047ee0b,FUN_0047ee0b,332,0,""
0047ef57,FUN_0047ef57,319,0,""
0047f096,FUN_0047f096,312,0,"FUN_0047df36"
0047f1ce,FUN_0047f1ce,241,0,"FUN_00406850 FUN_004a4838 _free operator_new"
0047f2bf,FUN_0047f2bf,514,0,"FUN_00406850 FUN_004a4838 _free operator_new"
0047f4c1,FUN_0047f4c1,516,0,"FUN_00406850 FUN_004a4838 _free operator_new"
0047f6c5,FUN_0047f6c5,1027,0,"FUN_00406850 FUN_0047e1e7 FUN_0047e47d FUN_0047e4ae FUN_0047e5fe FUN_0047e722 FUN_0047e871 FUN_0047e9c4 FUN_0047eb03 FUN_0047eb9e FUN_0047ecea FUN_0047ee0b FUN_0047ef57 FUN_004a4838 _free operator_new"
0047fae8,FUN_0047fae8,1170,0,"FUN_00406850 FUN_004a4838 _free operator_new"
0047ff7a,FUN_0047ff7a,256,0,"FUN_004a6890 operator_new"
0048007a,FUN_0048007a,998,0,"FUN_00406850 FUN_0047ff7a FUN_004a4838 _free operator_new"
00480460,FUN_00480460,1841,0,"FUN_00406850 FUN_0047ff7a FUN_004a4838 _free operator_new"
00480b91,FUN_00480b91,930,0,"FUN_00406850 FUN_0047d7b9 FUN_0047da76 FUN_004a4838 _free `eh_vector_constructor_iterator' operator_new"
00480f33,FUN_00480f33,282,0,"FUN_0047dac2 FUN_0047f096 FUN_0047f1ce FUN_0047f2bf FUN_0047f4c1 FUN_0047f6c5 FUN_0047fae8 FUN_0048007a FUN_00480460 FUN_00480b91 FUN_00481fc6 FUN_00486016"
0048104d,FUN_0048104d,16,0,""
0048105d,FUN_0048105d,105,0,""
004810c6,FUN_004810c6,6,0,""
004810cc,FUN_004810cc,22,0,""
004810e2,thunk_FUN_0048105d,5,0,""
004810e7,FUN_004810e7,815,0,"FUN_0047ba21 FUN_0048105d"
00481416,thunk_FUN_004810cc,5,0,""
0048141b,FUN_0048141b,376,0,"FUN_004810cc"
00481593,FUN_00481593,19,0,"_free"
004815a9,FUN_004815a9,759,0,""
004818a0,FUN_004818a0,1,0,""
004818a1,FUN_004818a1,160,0,"FUN_00481593 FUN_004a4838 _free"
00481941,FUN_00481941,1018,0,"FUN_00406850 FUN_004815a9 FUN_004a4838 _free operator_new"
00481d3b,FUN_00481d3b,35,0,""
00481d5e,FUN_00481d5e,588,0,"FUN_00406850"
00481faa,FUN_00481faa,28,0,"FUN_00481593 _free"
00481fc6,FUN_00481fc6,123,0,"FUN_00406850 FUN_004a4838 operator_new"
00482041,FUN_00482041,204,0,"FUN_004815a9"
0048210d,FUN_0048210d,112,0,""
0048217d,FUN_0048217d,236,0,"FUN_004815a9 FUN_00481d3b"
00482269,FUN_00482269,291,0,"FUN_004815a9 FUN_00481d3b"
0048238c,FUN_0048238c,257,0,"FUN_004815a9 FUN_00481d3b"
0048248d,FUN_0048248d,257,0,"FUN_004815a9 FUN_00481d3b"
0048258e,FUN_0048258e,257,0,"FUN_004815a9 FUN_00481d3b"
0048268f,FUN_0048268f,285,0,"FUN_004815a9 FUN_00481d3b"
004827ac,FUN_004827ac,291,0,"FUN_004815a9 FUN_00481d3b"
004828cf,FUN_004828cf,254,0,"FUN_004815a9 FUN_00481d3b"
004829cd,FUN_004829cd,169,0,"FUN_004815a9 FUN_00481d3b"
00482a76,FUN_00482a76,291,0,"FUN_004815a9 FUN_00481d3b"
00482b99,FUN_00482b99,257,0,"FUN_004815a9 FUN_00481d3b"
00482c9a,FUN_00482c9a,291,0,"FUN_004815a9 FUN_00481d3b"
00482dbd,FUN_00482dbd,208,0,"FUN_004815a9 FUN_00481d3b"
00482e8d,FUN_00482e8d,280,0,"FUN_004815a9 FUN_00481d3b"
00482fa5,FUN_00482fa5,197,0,"FUN_004815a9"
0048306a,FUN_0048306a,197,0,"FUN_004815a9 FUN_00481d3b"
0048312f,FUN_0048312f,246,0,"FUN_004815a9 FUN_00481d3b"
00483225,FUN_00483225,235,0,"FUN_004815a9 FUN_00481d3b"
00483310,FUN_00483310,213,0,"FUN_004815a9 FUN_00481d3b"
004833e5,FUN_004833e5,261,0,"FUN_004815a9 FUN_00481d3b"
004834ea,FUN_004834ea,267,0,"FUN_004815a9 FUN_00481d3b"
004835f5,FUN_004835f5,314,0,"FUN_004815a9 FUN_00481d3b"
0048372f,FUN_0048372f,214,0,"FUN_004815a9 FUN_00481d3b"
00483805,FUN_00483805,266,0,"FUN_004815a9 FUN_00481d3b"
0048390f,FUN_0048390f,310,0,"FUN_004815a9 FUN_00481d3b"
00483a45,FUN_00483a45,199,0,"FUN_004815a9 FUN_00481d3b"
00483b0c,FUN_00483b0c,238,0,"FUN_004815a9 FUN_00481d3b"
00483bfa,FUN_00483bfa,239,0,"FUN_004815a9 FUN_00481d3b"
00483ce9,FUN_00483ce9,348,0,"FUN_004815a9 FUN_00481d3b"
00483e45,FUN_00483e45,140,0,"FUN_0048210d"
00483ed1,FUN_00483ed1,166,0,"FUN_0048210d"
00483f77,FUN_00483f77,156,0,"FUN_0048210d"
00484013,FUN_00484013,165,0,"FUN_0048210d"
004840b8,FUN_004840b8,162,0,"FUN_0048210d"
0048415a,FUN_0048415a,176,0,"FUN_0048210d"
0048420a,FUN_0048420a,175,0,"FUN_0048210d"
004842b9,FUN_004842b9,214,0,"FUN_0048210d"
0048438f,FUN_0048438f,146,0,"FUN_0048210d"
00484421,FUN_00484421,162,0,"FUN_0048210d"
004844c3,FUN_004844c3,114,0,"FUN_0048210d"
00484535,FUN_00484535,178,0,"FUN_0048210d"
004845e7,FUN_004845e7,159,0,"FUN_0048210d"
00484686,FUN_00484686,135,0,"FUN_0048210d"
00484771,FUN_00484771,110,0,"FUN_0048210d"
004847df,FUN_004847df,137,0,"FUN_0048210d"
00484868,FUN_00484868,137,0,"FUN_0048210d"
004848f1,FUN_004848f1,130,0,"FUN_0048210d"
00484973,FUN_00484973,177,0,"FUN_0048210d"
00484a24,FUN_00484a24,145,0,"FUN_0048210d"
00484ab5,FUN_00484ab5,151,0,"FUN_0048210d"
00484b4c,FUN_00484b4c,131,0,"FUN_0048210d"
00484bcf,FUN_00484bcf,186,0,"FUN_0048210d"
00484c89,FUN_00484c89,211,0,"FUN_0048210d"
00484d5c,FUN_00484d5c,112,0,"FUN_0048210d"
00484dcc,FUN_00484dcc,142,0,"FUN_0048210d"
00484e5a,FUN_00484e5a,140,0,"FUN_0048210d"
00484ee6,FUN_00484ee6,224,0,"FUN_0048210d __aullshr"
00484fc6,FUN_00484fc6,28,0,"FUN_00481d5e"
00484fe2,FUN_00484fe2,248,0,"FUN_00406850 FUN_00481d5e FUN_004a4838 operator_new"
004850da,FUN_004850da,28,0,"FUN_00481d5e"
004850f6,FUN_004850f6,28,0,"FUN_00481d5e"
00485112,FUN_00485112,28,0,"FUN_00481d5e"
0048512e,FUN_0048512e,492,0,""
0048531a,FUN_0048531a,28,0,"FUN_00481d5e"
00485336,FUN_00485336,28,0,"FUN_00481d5e"
00485352,FUN_00485352,721,0,"FUN_0048512e"
00485623,FUN_00485623,28,0,"FUN_00481d5e"
0048563f,FUN_0048563f,28,0,"FUN_00481d5e"
0048565b,FUN_0048565b,28,0,"FUN_00481d5e"
00485677,FUN_00485677,28,0,"FUN_00481d5e"
00485693,thunk_FUN_00481593,5,0,""
00485698,FUN_00485698,28,0,"FUN_00481d5e"
004856b4,FUN_004856b4,141,0,"FUN_004815a9 FUN_00485352"
00485741,FUN_00485741,28,0,"FUN_00481d5e"
0048575d,FUN_0048575d,28,0,"_free thunk_FUN_00481593"
004857e8,FUN_004857e8,28,0,"FUN_00481d5e"
00485804,FUN_00485804,498,0,"FUN_00481d5e"
004859f6,FUN_004859f6,28,0,"FUN_00481d5e"
00485a12,FUN_00485a12,28,0,"FUN_00481d5e"
00485a2e,FUN_00485a2e,28,0,"FUN_00481d5e"
00485a4a,FUN_00485a4a,28,0,"FUN_00481d5e"
00485a66,FUN_00485a66,28,0,"FUN_004818a1 _free"
00485a82,FUN_00485a82,28,0,"FUN_00481d5e"
00485a9e,FUN_00485a9e,257,0,""
00485b9f,FUN_00485b9f,28,0,"FUN_00481d5e"
00485bbb,FUN_00485bbb,28,0,"FUN_00481d5e"
00485bd7,FUN_00485bd7,28,0,"FUN_00481d5e"
00485bf3,FUN_00485bf3,28,0,"FUN_00481d5e"
00485c0f,FUN_00485c0f,28,0,"FUN_00481d5e"
00485c2b,FUN_00485c2b,28,0,"FUN_00481d5e"
00485c47,FUN_00485c47,28,0,"FUN_00481d5e"
00485c63,FUN_00485c63,28,0,"FUN_00481d5e"
00485c7f,FUN_00485c7f,681,0,"FUN_00406850 FUN_00481d3b FUN_004a4838 operator_new"
00485f28,FUN_00485f28,28,0,"FUN_00481d5e"
00485f44,FUN_00485f44,28,0,"FUN_00481d5e"
00485f60,FUN_00485f60,28,0,"FUN_00481d5e"
00485f7c,FUN_00485f7c,28,0,"_free thunk_FUN_004818a1"
00485f98,FUN_00485f98,24,0,"FUN_00485804"
00485fb0,thunk_FUN_004818a1,5,0,""
00485fb5,FUN_00485fb5,73,0,"FUN_00481593 FUN_0048512e FUN_004a4838 _free"
00485ffe,FUN_00485ffe,24,0,"FUN_00484fe2"
00486016,FUN_00486016,1824,0,"FUN_00484fc6 FUN_004850da FUN_004850f6 FUN_00485112 FUN_0048531a FUN_00485336 FUN_00485623 FUN_0048563f FUN_0048565b FUN_00485677 FUN_00485698 FUN_00485741 FUN_004857e8 FUN_004859f6 FUN_00485a12 FUN_00485a2e FUN_00485a4a FUN_00485a82 FUN_00485b9f FUN_00485bbb FUN_00485bd7 FUN_00485bf3 FUN_00485c0f FUN_00485c2b FUN_00485c47 FUN_00485c63 FUN_00485f28 FUN_00485f44 FUN_00485f60 FUN_00485f98 FUN_00485ffe FUN_004a4838 operator_new"
0048678e,thunk_FUN_00485fb5,5,0,""
00486793,FUN_00486793,28,0,"_free thunk_FUN_00485fb5"
004867b0,FUN_004867b0,276,0,""
004868d0,FUN_004868d0,286,0,""
004869f0,FUN_004869f0,213,0,""
00486ac5,FUN_00486ac5,550,0,"FUN_004869f0"
00486f0c,FUN_00486f0c,202,0,""
00486fd6,FUN_00486fd6,227,0,""
004870b9,FUN_004870b9,142,0,""
00487147,FUN_00487147,60,0,""
00487183,FUN_00487183,192,0,"FUN_00488db7 FUN_00495cdb FUN_004961e5 FUN_00496b9b"
00487243,thunk_FUN_00496c71,5,0,""
00487248,FUN_00487248,371,0,""
004873bb,FUN_004873bb,154,0,"FUN_00487248"
00487455,FUN_00487455,167,0,"FUN_00496c4f"
004874fc,FUN_004874fc,99,0,"FUN_004873bb FUN_00496c4f"
0048755f,FUN_0048755f,169,0,""
00487608,FUN_00487608,132,0,""
0048768c,FUN_0048768c,193,0,"FUN_0048755f FUN_0049728e"
0048774d,FUN_0048774d,142,0,""
004877db,FUN_004877db,763,0,""
00487ad6,FUN_00487ad6,690,0,""
00487d88,FUN_00487d88,572,0,""
00487fc4,FUN_00487fc4,378,0,""
0048813e,FUN_0048813e,343,0,""
00488295,FUN_00488295,660,0,"FUN_00496ca8"
00488529,FUN_00488529,553,0,"FUN_00496c8c"
00488752,FUN_00488752,215,0,""
00488829,FUN_00488829,156,0,""
004888c5,FUN_004888c5,215,0,""
0048899c,FUN_0048899c,151,0,""
00488c20,FUN_00488c20,126,0,"FUN_004888c5"
00488d8d,FUN_00488d8d,42,0,""
00488db7,FUN_00488db7,125,0,"FUN_00488d8d"
00488e34,FUN_00488e34,56,0,"FUN_00496c71 FUN_004a6b59"
00488f45,FUN_00488f45,76,0,""
00488f91,FUN_00488f91,135,0,""
00489018,FUN_00489018,26,0,""
00489032,FUN_00489032,29,0,"_longjmp"
00489050,FUN_00489050,21,0,""
00489065,FUN_00489065,37,0,"FUN_00488f91 FUN_00489032"
0048908a,FUN_0048908a,37,0,"FUN_00488f91 FUN_00489050"
004890af,FUN_004890af,259,0,"FUN_00489018 FUN_00489032 FUN_0048b3c2 FUN_00497420 FUN_0049779e FUN_004977e0 FUN_004977ed FUN_00497823 __setjmp3"
004891b2,FUN_004891b2,371,0,"FUN_00489032 FUN_0048b39a FUN_0048b401 FUN_0048b4a1 FUN_00497890 FUN_004978b3 FUN_0049820f FUN_00498405 FUN_0049852f FUN_00498579 FUN_00498684 FUN_00498773 FUN_0049892a"
00489325,FUN_00489325,32,0,"FUN_00489ca7 FUN_00497fe7"
00489345,FUN_00489345,935,0,"FUN_00489032 FUN_0048b067 FUN_0048b39a FUN_0048b4a1 FUN_00497437 FUN_0049783c FUN_00497890 FUN_004978b3 FUN_0049798d FUN_00497ba3 FUN_00497e6c FUN_00497fe7 FUN_00498183 FUN_00498974"
004896ec,FUN_004896ec,77,0,"FUN_00489345 FUN_00489b16"
00489739,FUN_00489739,291,0,"FUN_0048b4f8 FUN_004972fd FUN_00497823 thunk_FUN_00497823"
0048985c,FUN_0048985c,129,0,"FUN_00489739 FUN_004977e0"
004898dd,FUN_004898dd,26,0,""
004898f7,FUN_004898f7,22,0,""
0048990d,FUN_0048990d,22,0,""
00489923,FUN_00489923,41,0,""
0048994c,FUN_0048994c,43,0,""
00489977,FUN_00489977,209,0,"FUN_00489050"
00489a48,FUN_00489a48,51,0,""
00489a7b,FUN_00489a7b,103,0,""
00489ae2,FUN_00489ae2,9,0,""
00489aeb,FUN_00489aeb,18,0,""
00489afd,FUN_00489afd,25,0,""
00489b16,FUN_00489b16,25,0,""
00489b2f,FUN_00489b2f,77,0,""
00489b7c,FUN_00489b7c,45,0,""
00489ba9,FUN_00489ba9,191,0,""
00489c68,FUN_00489c68,54,0,""
00489c9e,FUN_00489c9e,9,0,""
00489ca7,FUN_00489ca7,235,0,""
00489d92,FUN_00489d92,272,0,""
00489ea2,FUN_00489ea2,375,0,""
0048a019,FUN_0048a019,68,0,""
0048a05d,FUN_0048a05d,568,0,""
0048a295,FUN_0048a295,846,0,""
0048a5e3,FUN_0048a5e3,520,0,""
0048a7eb,FUN_0048a7eb,850,0,""
0048ab3d,FUN_0048ab3d,270,0,""
0048ac4b,FUN_0048ac4b,777,0,"FUN_004977ed FUN_004a6640 __ftol"
0048af54,FUN_0048af54,275,0,"FUN_0048ac4b"
0048b067,FUN_0048b067,440,0,"FUN_00489032 FUN_00489b7c FUN_00489ba9 FUN_00489d92 FUN_00489ea2 FUN_0048a019 FUN_0048a05d FUN_0048a295 FUN_0048a5e3 FUN_0048a7eb FUN_0048ab3d"
0048b21f,FUN_0048b21f,27,0,""
0048b23a,FUN_0048b23a,161,0,"FUN_00489050"
0048b2db,FUN_0048b2db,36,0,""
0048b2ff,FUN_0048b2ff,27,0,""
0048b31a,FUN_0048b31a,57,0,"FUN_0048b21f FUN_0048b2ff"
0048b353,FUN_0048b353,71,0,""
0048b39a,FUN_0048b39a,40,0,"FUN_00489032"
0048b3c2,FUN_0048b3c2,63,0,"FUN_00489050"
0048b401,FUN_0048b401,72,0,""
0048b449,FUN_0048b449,83,0,"FUN_004977ed"
0048b49c,thunk_FUN_00497823,5,0,""
0048b4a1,FUN_0048b4a1,24,0,"FUN_00498b98"
0048b4b9,FUN_0048b4b9,63,0,"FUN_00498b98"
0048b4f8,FUN_0048b4f8,14,0,""
0048b506,FUN_0048b506,38,0,"FUN_0049779e"
0048b52c,FUN_0048b52c,76,0,""
0048b578,FUN_0048b578,126,0,""
0048b5f6,FUN_0048b5f6,48,0,""
0048b626,FUN_0048b626,35,0,""
0048b649,FUN_0048b649,241,0,"FUN_0048b626"
0048b73a,FUN_0048b73a,773,0,"FUN_0048b626"
0048ba3f,FUN_0048ba3f,1412,0,"FUN_0048b626"
0048bfc3,FUN_0048bfc3,1958,0,"FUN_0048b52c FUN_0048b626 FUN_0048b649 FUN_0048ba3f"
0048c769,FUN_0048c769,318,0,"FUN_0048b52c"
0048c8a7,FUN_0048c8a7,131,0,"FUN_0048c769"
0048c92a,FUN_0048c92a,328,0,"FUN_0048c769"
0048ca8a,FUN_0048ca8a,301,0,"FUN_0048b626 FUN_0048bfc3"
0048cbb7,FUN_0048cbb7,1132,0,"FUN_0048b626 FUN_0048b73a FUN_0048bfc3"
0048d069,FUN_0048d069,52,0,"FUN_0048b5f6 FUN_0048ca8a"
0048d09d,FUN_0048d09d,52,0,"FUN_0048b5f6 FUN_0048cbb7"
0048d0e0,FUN_0048d0e0,64,0,""
0048d120,FUN_0048d120,89,0,""
0048f776,FUN_0048f776,182,0,"FUN_00499ac0"
0048fd22,FUN_0048fd22,108,0,"FUN_00494897 FUN_0049a0a0"
0048fd8e,FUN_0048fd8e,311,0,"FUN_004999c0 FUN_0049a1c0"
0048fec5,FUN_0048fec5,141,0,"FUN_0048fd8e"
0048ff52,FUN_0048ff52,146,0,"FUN_0048fd8e"
00490048,FUN_00490048,167,0,"FUN_00499ac0 FUN_0049a1c0"
00490194,FUN_00490194,2649,0,"FUN_00499ac0 FUN_0049a0a0 FUN_0049a1c0"
004912d5,FUN_004912d5,57,0,""
00491495,FUN_00491495,4504,0,""
0049262d,FUN_0049262d,421,0,"FUN_0049a0a0"
00492d06,FUN_00492d06,281,0,"FUN_00494897 FUN_0049a0a0"
00492e1f,FUN_00492e1f,4436,0,""
00493f73,FUN_00493f73,738,0,""
0049446f,FUN_0049446f,820,0,""
00494897,FUN_00494897,95,0,""
00494b25,FUN_00494b25,139,0,""
00494bb0,FUN_00494bb0,455,0,""
00494d7c,FUN_00494d7c,360,0,"FUN_00494b25 FUN_00494bb0"
00494f04,FUN_00494f04,518,0,"FUN_0049446f FUN_00494b25 FUN_00494bb0"
0049512a,FUN_0049512a,307,0,"FUN_004912d5 FUN_00493f73 FUN_00494b25 FUN_00494bb0"
00495b4d,FUN_00495b4d,100,0,""
00495c2f,FUN_00495c2f,16,0,""
00495c3f,FUN_00495c3f,24,0,""
00495c57,FUN_00495c57,71,0,""
00495c9e,FUN_00495c9e,34,0,""
00495cc0,FUN_00495cc0,27,0,""
00495cdb,FUN_00495cdb,50,0,""
00495d0d,FUN_00495d0d,443,0,"FUN_00495c2f"
00495ec8,FUN_00495ec8,374,0,"FUN_00495c2f"
0049603e,FUN_0049603e,146,0,""
004960d0,FUN_004960d0,58,0,"FUN_00495ec8 FUN_0049603e"
0049619d,FUN_0049619d,55,0,""
004961e5,FUN_004961e5,65,0,""
00496226,FUN_00496226,21,0,""
0049623b,FUN_0049623b,252,0,"FUN_00496226 FUN_0049a5b8"
00496337,FUN_00496337,142,0,"FUN_00496226 FUN_0049a5b8"
004963c5,FUN_004963c5,146,0,"FUN_0049623b FUN_00496337"
00496457,FUN_00496457,158,0,"FUN_0049623b FUN_00496337"
004964f5,FUN_004964f5,97,0,"FUN_0049623b"
00496556,FUN_00496556,97,0,"FUN_0049623b"
004965b7,FUN_004965b7,383,0,"FUN_004963c5 FUN_00496457 FUN_0049a5c3 FUN_0049a5c8"
00496736,FUN_00496736,136,0,""
004967be,FUN_004967be,139,0,""
00496849,FUN_00496849,286,0,"FUN_00495cc0 FUN_00496736"
00496967,FUN_00496967,291,0,"FUN_00495cc0 FUN_004967be"
00496a8a,FUN_00496a8a,225,0,"FUN_004a084b"
00496b6b,FUN_00496b6b,48,0,"FUN_004818a0 FUN_00496a8a FUN_004a084b"
00496b9b,FUN_00496b9b,180,0,"FUN_004818a0 FUN_0049a5b8 FUN_0049ae16"
00496c4f,FUN_00496c4f,34,0,""
00496c71,FUN_00496c71,27,0,""
00496c8c,FUN_00496c8c,28,0,""
00496ca8,FUN_00496ca8,28,0,""
00496cc4,FUN_00496cc4,113,0,""
00496d35,FUN_00496d35,495,0,"FUN_00495c2f FUN_00496cc4"
00496f24,FUN_00496f24,111,0,""
00496f93,FUN_00496f93,429,0,"FUN_00496cc4 FUN_00496d35 FUN_00496f24 FUN_0049ab1a FUN_0049b759 FUN_0049c129 FUN_0049ccd7 FUN_0049ceef FUN_0049d18a FUN_0049d649 FUN_0049ddd4 FUN_0049e3cd FUN_0049f342 FUN_0049fdd4"
0049728e,FUN_0049728e,48,0,"FUN_00496f93"
004972be,FUN_004972be,63,0,"FUN_0049fe5b"
004972fd,FUN_004972fd,62,0,"FUN_004a06ee"
0049733b,FUN_0049733b,229,0,"FUN_004972be FUN_004972fd FUN_0049fec6 FUN_004a083b"
00497420,FUN_00497420,23,0,"FUN_0049733b"
00497437,FUN_00497437,815,0,"FUN_0049fe5b FUN_0049ff53"
0049779e,FUN_0049779e,66,0,"_malloc"
004977e0,FUN_004977e0,13,0,"_free"
004977ed,FUN_004977ed,54,0,"FUN_00489032 _malloc"
00497823,FUN_00497823,25,0,"_free"
0049783c,FUN_0049783c,35,0,""
0049785f,FUN_0049785f,49,0,""
00497890,FUN_00497890,35,0,""
004978b3,FUN_004978b3,26,0,"FUN_0048b39a FUN_0048b4b9"
004978cd,FUN_004978cd,94,0,"FUN_0048b39a FUN_00497890"
0049792b,FUN_0049792b,98,0,"FUN_00489065"
0049798d,FUN_0049798d,534,0,""
00497ba3,FUN_00497ba3,713,0,""
00497e6c,FUN_00497e6c,379,0,"FUN_00489050"
00497fe7,FUN_00497fe7,412,0,"FUN_0048af54 FUN_004977ed FUN_0049785f"
00498183,FUN_00498183,140,0,"FUN_00489065 FUN_0048908a FUN_004978b3 FUN_004978cd"
0049820f,FUN_0049820f,502,0,"FUN_00489032 FUN_0048b23a FUN_00497890 FUN_004978b3 FUN_00498183"
00498405,FUN_00498405,298,0,"FUN_00489032 FUN_00489050 FUN_0048b2db FUN_0048b449 FUN_004978b3 FUN_00498183"
0049852f,FUN_0049852f,74,0,"FUN_00489032 FUN_00489050 FUN_00498183"
00498579,FUN_00498579,267,0,"FUN_00489032 FUN_00489050 FUN_0048b21f FUN_00497890 FUN_004978b3 FUN_00498183"
00498684,FUN_00498684,239,0,"FUN_00489032 FUN_00489050 FUN_0048b31a FUN_004978b3 FUN_00498183"
00498773,FUN_00498773,439,0,"FUN_00489032 FUN_00489050 FUN_0048b353 FUN_004977ed FUN_004978b3 FUN_00498183"
0049892a,FUN_0049892a,74,0,"FUN_00489065 FUN_0049792b FUN_00498183"
00498974,FUN_00498974,548,0,"FUN_00489032 FUN_0048b39a FUN_0048b4a1 FUN_004972be FUN_00497437 FUN_0049785f FUN_00497890 FUN_004978b3 FUN_00498183"
00498b98,FUN_00498b98,265,0,""
00498cb0,FUN_00498cb0,365,0,""
00498e30,FUN_00498e30,398,0,""
00498fc0,FUN_00498fc0,492,0,""
004991b0,FUN_004991b0,1254,0,""
004996a0,FUN_004996a0,232,0,""
00499790,FUN_00499790,329,0,""
004999c0,FUN_004999c0,245,0,""
00499ac0,FUN_00499ac0,247,0,""
0049a0a0,FUN_0049a0a0,275,0,""
0049a1c0,FUN_0049a1c0,277,0,""
0049a5b8,FUN_0049a5b8,11,0,"_malloc"
0049a5c3,FUN_0049a5c3,5,0,""
0049a5c8,FUN_0049a5c8,20,0,""
0049a5dc,FUN_0049a5dc,168,0,""
0049a684,FUN_0049a684,305,0,""
0049a7b5,FUN_0049a7b5,212,0,""
0049a889,FUN_0049a889,150,0,""
0049a91f,FUN_0049a91f,104,0,""
0049a987,FUN_0049a987,264,0,"FUN_0049a7b5 FUN_0049a889"
0049ab1a,FUN_0049ab1a,211,0,"FUN_0049a5dc"
0049abed,FUN_0049abed,63,0,""
0049ac3c,FUN_0049ac3c,474,0,"FUN_00495cc0 FUN_0049abed"
0049ae16,FUN_0049ae16,3,0,""
0049ae19,FUN_0049ae19,415,0,"FUN_0049abed"
0049afb8,FUN_0049afb8,358,0,""
0049b11e,FUN_0049b11e,227,0,""
0049b71e,FUN_0049b71e,59,0,"FUN_0049b11e"
0049b759,FUN_0049b759,248,0,"FUN_00495c3f"
0049b851,FUN_0049b851,426,0,""
0049b9fb,FUN_0049b9fb,234,0,""
0049bae5,FUN_0049bae5,234,0,"FUN_0049b9fb"
0049bbcf,FUN_0049bbcf,94,0,""
0049bc2d,FUN_0049bc2d,973,0,"FUN_0049b9fb FUN_0049bae5 FUN_0049bbcf"
0049bffa,FUN_0049bffa,303,0,"FUN_0049b851"
0049c129,FUN_0049c129,58,0,""
0049c163,FUN_0049c163,91,0,""
0049c1be,FUN_0049c1be,509,0,"FUN_0049b9fb FUN_0049bae5 FUN_0049c163"
0049c3bb,FUN_0049c3bb,553,0,"FUN_0049b9fb FUN_0049bae5 FUN_0049c163"
0049c5e4,FUN_0049c5e4,226,0,"FUN_0049b9fb FUN_0049c163"
0049c6c6,FUN_0049c6c6,878,0,"FUN_0049b9fb FUN_0049bae5 FUN_0049c163"
0049ca34,FUN_0049ca34,675,0,"FUN_0049b851"
0049ccd7,FUN_0049ccd7,97,0,""
0049cd38,FUN_0049cd38,439,0,""
0049ceef,FUN_0049ceef,116,0,""
0049cf63,FUN_0049cf63,101,0,""
0049cfc8,FUN_0049cfc8,144,0,""
0049d058,FUN_0049d058,140,0,""
0049d18a,FUN_0049d18a,131,0,"FUN_00495c3f"
0049d227,FUN_0049d227,198,0,""
0049d300,FUN_0049d300,221,0,"FUN_00495c57"
0049d3dd,FUN_0049d3dd,87,0,""
0049d434,FUN_0049d434,106,0,"FUN_00495c57"
0049d49e,FUN_0049d49e,164,0,""
0049d542,FUN_0049d542,263,0,""
0049d649,FUN_0049d649,449,0,"FUN_00495c3f"
0049d80a,FUN_0049d80a,176,0,""
0049d8ba,FUN_0049d8ba,107,0,""
0049d925,FUN_0049d925,35,0,"FUN_00495c57"
0049d948,FUN_0049d948,306,0,""
0049da7a,FUN_0049da7a,316,0,""
0049dbb6,FUN_0049dbb6,542,0,"FUN_0049da7a"
0049ddd4,FUN_0049ddd4,289,0,"FUN_0049d80a"
0049dfba,FUN_0049dfba,166,0,"FUN_00495c57"
0049e060,FUN_0049e060,49,0,""
0049e091,FUN_0049e091,342,0,""
0049e1e7,FUN_0049e1e7,486,0,""
0049e3cd,FUN_0049e3cd,293,0,""
0049e442,FUN_0049e442,108,0,""
0049e4ae,FUN_0049e4ae,824,0,""
0049e7e6,FUN_0049e7e6,339,0,"FUN_0049e4ae"
0049e939,FUN_0049e939,312,0,""
0049ea71,FUN_0049ea71,141,0,"FUN_0049e4ae FUN_0049e7e6 FUN_0049e939"
0049eafe,FUN_0049eafe,384,0,""
0049ec7e,FUN_0049ec7e,282,0,""
0049ed98,FUN_0049ed98,208,0,"FUN_0049eafe FUN_0049ec7e"
0049ee68,FUN_0049ee68,169,0,"FUN_0049ed98"
0049ef11,FUN_0049ef11,622,0,"FUN_0049ed98"
0049f17f,FUN_0049f17f,144,0,""
0049f231,FUN_0049f231,258,0,"FUN_00495cc0 FUN_0049f17f"
0049f342,FUN_0049f342,275,0,"FUN_0049f17f"
0049f455,FUN_0049f455,203,0,""
0049f520,FUN_0049f520,301,0,"FUN_0049f455"
0049f64d,FUN_0049f64d,299,0,""
0049f778,FUN_0049f778,197,0,""
0049f83d,FUN_0049f83d,136,0,""
0049f8c5,FUN_0049f8c5,141,0,""
0049f952,FUN_0049f952,235,0,"FUN_00495cc0"
0049fa3d,FUN_0049fa3d,255,0,""
0049fb3c,FUN_0049fb3c,388,0,"FUN_00495cc0"
0049fcc0,FUN_0049fcc0,54,0,""
0049fcf6,FUN_0049fcf6,202,0,"FUN_00495cc0 FUN_0049f64d FUN_0049f778 FUN_0049fcc0"
0049fdd4,FUN_0049fdd4,135,0,"FUN_0049f520 FUN_0049f64d FUN_0049fcc0"
0049fe5b,FUN_0049fe5b,107,0,"FUN_004a1777"
0049fec6,FUN_0049fec6,141,0,"FUN_0049fe5b"
0049ff53,FUN_0049ff53,1907,0,"FUN_004a11df FUN_004a1213 FUN_004a1777 FUN_004a1b0d FUN_004a1b8c FUN_004a1c8f FUN_004a1cbe"
004a06ee,FUN_004a06ee,52,0,"FUN_0049fe5b"
004a0722,FUN_004a0722,281,0,""
004a083b,FUN_004a083b,16,0,"_calloc"
004a084b,FUN_004a084b,11,0,"_free"
004a0856,FUN_004a0856,789,0,""
004a0b6b,FUN_004a0b6b,446,0,""
004a0d29,FUN_004a0d29,61,0,""
004a0d66,FUN_004a0d66,76,0,"FUN_004a1dd3 FUN_004a2235"
004a0db2,FUN_004a0db2,76,0,"FUN_004a28ed FUN_004a2c48"
004a0dfe,FUN_004a0dfe,993,0,"__ftol"
004a11df,FUN_004a11df,52,0,""
004a1213,FUN_004a1213,1340,0,"FUN_004a1cbe FUN_004a3a1b"
004a1777,FUN_004a1777,17,0,""
004a1788,FUN_004a1788,901,0,""
004a1b0d,FUN_004a1b0d,127,0,"FUN_004a1788"
004a1b8c,FUN_004a1b8c,259,0,"FUN_004a1788"
004a1c8f,FUN_004a1c8f,47,0,""
004a1cbe,FUN_004a1cbe,277,0,""
004a1dd3,FUN_004a1dd3,1122,0,""
004a2235,FUN_004a2235,1720,0,""
004a28ed,FUN_004a28ed,859,0,""
004a2c48,FUN_004a2c48,3539,0,""
004a3a1b,FUN_004a3a1b,693,0,""
004a3cd0,WINNLSEnableIME,6,0,""
004a3cd6,__onexit_lk,128,0,"__msize _realloc"
004a3d56,___onexitinit,40,0,"_malloc"
004a3d7e,__onexit,50,1,"FUN_004a3db0 FUN_004a6a0f __SEH_epilog __SEH_prolog __onexit_lk"
004a3db0,FUN_004a3db0,6,0,"FUN_004a6a18"
004a3db6,_atexit,18,1,"__onexit"
004a3dc8,FUN_004a3dc8,56,0,""
004a3e00,FUN_004a3e00,23,0,"FUN_004a3dc8 FUN_004a72d7 __ms_p5_mp_test_fdiv"
004a3e17,FUN_004a3e17,87,0,"FUN_004a74f9 __flsbuf"
004a3e70,FUN_004a3e70,117,0,""
004a3ef0,FUN_004a3ef0,20,0,"FUN_004a3f0d FUN_004a7ee8"
004a3f0d,FUN_004a3f0d,145,0,"FUN_004a7e8c __math_exit __startOneArgErrorHandling"
004a3fa0,FUN_004a3fa0,20,0,"FUN_004a3fbd FUN_004a7ee8"
004a3fbd,FUN_004a3fbd,145,0,"FUN_004a7e8c __math_exit __startOneArgErrorHandling"
004a4050,FUN_004a4050,20,0,"FUN_004a406d FUN_004a7ee8"
004a406d,FUN_004a406d,157,0,"FUN_004a7e75 FUN_004a7e8c __math_exit __startOneArgErrorHandling"
004a4110,FUN_004a4110,20,0,"FUN_004a412d FUN_004a7ee8"
004a412d,FUN_004a412d,149,0,"FUN_004a7e8c __math_exit __startOneArgErrorHandling"
004a41c2,__heap_alloc,111,1,"FUN_004a4234 HeapAlloc __SEH_epilog __SEH_prolog ___sbh_alloc_block __lock"
004a4234,FUN_004a4234,9,0,"FUN_004a80e1"
004a423d,__nh_malloc,44,2,"__callnewh __heap_alloc"
004a4269,_malloc,18,1,"__nh_malloc"
004a427b,_free,104,1,"FUN_004a42ce HeapFree __SEH_epilog __SEH_prolog ___sbh_find_block ___sbh_free_block __lock"
004a42ce,FUN_004a42ce,9,0,"FUN_004a80e1"
004a42fa,FUN_004a42fa,10,0,"__cintrindisp2"
004a431a,FUN_004a431a,10,0,"__cintrindisp2"
004a4342,_atol,136,1,"FUN_004a9e0b ___updatetlocinfo __getptd"
004a43ca,_atol,5,1,""
004a43cf,_free,5,1,""
004a43d4,operator_new,14,1,"__nh_malloc"
004a43e2,_JumpToContinuation,43,2,""
004a4412,FID_conflict:_CallMemberFunction1,7,0,""
004a4419,_UnwindNestedFrames,82,2,"RtlUnwind"
004a446b,___CxxFrameHandler,54,0,"___InternalCxxFrameHandler"
004a44c5,FUN_004a44c5,110,0,"_UnwindNestedFrames ___InternalCxxFrameHandler"
004a4536,_GetRangeOfTrysToCheck,122,5,"_inconsistency"
004a45b0,FUN_004a45b0,40,0,"__getptd"
004a45d8,FUN_004a45d8,33,0,"__getptd"
004a45f9,_FindAndUnlinkFrame,76,1,"__getptd _inconsistency"
004a4645,FUN_004a4645,81,0,"__CallSettingFrame@12"
004a4696,FUN_004a4696,175,0,"__getptd"
004a4748,__global_unwind2,32,0,"RtlUnwind"
004a478a,__local_unwind2,104,0,"FUN_004a481e"
004a47f2,__abnormal_termination,35,0,""
004a4815,__NLG_Notify1,9,0,""
004a481e,FUN_004a481e,24,0,""
004a4838,FUN_004a4838,31,0,""
004a4857,FUN_004a4857,88,0,"FUN_004a74f9 __flsbuf"
004a48b0,_strrchr,45,2,""
004a48e0,__chkstk,61,0,""
004a4920,_memset,96,3,""
004a4980,_memcpy,672,3,""
004a4cc0,_strlen,139,1,""
004a4d50,_memmove,672,3,""
004a508d,FUN_004a508d,44,0,"CreateDirectoryA GetLastError __dosmaperr"
004a50c0,__aulldiv,104,0,""
004a5130,__allmul,52,0,""
004a5184,FID_conflict:__store_num,121,0,""
004a51fd,FUN_004a51fd,608,0,"FID_conflict:__store_num FUN_004a543d FUN_004ab10b"
004a543d,FUN_004a543d,1019,0,"FUN_004a51fd GetTimeFormatA __SEH_epilog __SEH_prolog ___ascii_stricmp __chkstk _free _malloc"
004a584f,FUN_004a584f,164,0,"FUN_004a51fd"
004a58f3,__Strftime,50,5,"FUN_004a584f ___updatetlocinfo __getptd"
004a5925,_strftime,27,4,"__Strftime"
004a5940,_localtime,384,1,"FUN_004ab10b FUN_004ab139 _gmtime"
004a5ac0,FID_conflict:__time32,57,1,"GetSystemTimeAsFileTime __aulldiv"
004a5af9,FUN_004a5af9,46,0,"GetLastError MoveFileA __dosmaperr"
004a5b27,FUN_004a5b27,156,0,"GetCurrentDirectoryA GetLastError SetCurrentDirectoryA SetEnvironmentVariableA __dosmaperr __mbctoupper __security_check_cookie"
004a5be0,_strchr,195,2,""
004a5c9e,_sscanf,52,2,"FUN_004ab460 _strlen"
004a5ce0,_strncmp,57,3,""
004a5d20,FUN_004a5d20,7,0,""
004a5d30,FUN_004a5d30,232,0,""
004a5e20,FUN_004a5e20,20,0,"FUN_004a5e3d FUN_004a7ee8"
004a5e3d,FUN_004a5e3d,174,0,"FUN_004a7e75 FUN_004a7e8c __math_exit __startOneArgErrorHandling"
004a5f30,FUN_004a5f30,79,0,"FUN_004a5f88 FUN_004a7ee8 FUN_004abfa0"
004a5f88,FUN_004a5f88,125,0,"FUN_004a7e8c __math_exit __startOneArgErrorHandling"
004a600a,_rand,34,0,"__getptd"
004a6035,`eh_vector_constructor_iterator',74,5,"FUN_004a607f __SEH_epilog __SEH_prolog"
004a607f,FUN_004a607f,24,0,"__ArrayUnwind"
004a6097,__ArrayUnwind,47,4,"__SEH_epilog __SEH_prolog"
004a60f5,`eh_vector_destructor_iterator',72,4,"FUN_004a613d __SEH_epilog __SEH_prolog"
004a613d,FUN_004a613d,24,0,"__ArrayUnwind"
004a6155,__amsg_exit,34,1,"FUN_004ac28c __FF_MSGBANNER __exit"
004a617a,fast_error_exit,36,0,"FUN_004ac28c __FF_MSGBANNER ___crtExitProcess"
004a619e,entry,423,0,"FUN_004418c0 FUN_004a6a21 FUN_004a6b59 FUN_004a6b7b FUN_004aa0d8 FUN_004ac5a0 FUN_004ac83c FUN_004aca00 FUN_004acbfe GetCommandLineA GetModuleHandleA GetStartupInfoA GetVersionExA __SEH_epilog __SEH_prolog ___crtGetEnvironmentStringsA __amsg_exit __chkstk __heap_init __setenvp fast_error_exit"
004a6370,FUN_004a6370,21,0,""
004a6385,FUN_004a6385,154,0,"__sptype"
004a6420,_longjmp,120,2,"FUN_004a481e __global_unwind2 __local_unwind2 __rt_probe_read4@4"
004a649c,__setjmp3,123,0,""
004a6517,_isdigit,58,1,"FUN_004a9e0b ___updatetlocinfo __getptd"
004a6551,_isxdigit,63,1,"FUN_004a9e0b ___updatetlocinfo __getptd"
004a6590,_isspace,58,1,"FUN_004a9e0b ___updatetlocinfo __getptd"
004a65cc,__ftol,39,0,""
004a6640,FUN_004a6640,84,0,"FUN_004a669d FUN_004ad570"
004a669d,FUN_004a669d,453,0,"FUN_004a6862 FUN_004a7e60 FUN_004a7e75 FUN_004a7efe FUN_004a7f49 FUN_004a7ff0 __fload_withFB __powhlp"
004a6862,FUN_004a6862,40,0,""
004a6890,FUN_004a6890,498,0,"FUN_004ad3d2 FUN_004ae493 FUN_004b0f25 __ctrlfp __handle_qnan1 __sptype"
004a69c0,__aullshr,31,0,""
004a69df,___crtExitProcess,47,1,"ExitProcess GetModuleHandleA GetProcAddress"
004a6a0f,FUN_004a6a0f,9,0,"__lock"
004a6a18,FUN_004a6a18,9,0,"FUN_004a80e1"
004a6a21,FUN_004a6a21,101,0,"FUN_004a3e00 FUN_004b0a12 ___onexitinit _atexit"
004a6a86,FUN_004a6a86,211,0,"FUN_004a80e1 FUN_004aaac5 GetCurrentProcess TerminateProcess ___crtExitProcess ___endstdio __lock"
004a6b59,FUN_004a6b59,17,0,"FUN_004a6a86"
004a6b6a,__exit,17,1,"FUN_004a6a86"
004a6b7b,FUN_004a6b7b,15,0,"FUN_004a6a86"
004a6b99,_calloc,175,2,"FUN_004a6c43 HeapAlloc __SEH_epilog __SEH_prolog ___sbh_alloc_block __callnewh __lock _memset"
004a6c43,FUN_004a6c43,9,0,"FUN_004a80e1"
004a6c54,_realloc,412,2,"FUN_004a6dbc HeapAlloc HeapReAlloc __SEH_epilog __SEH_prolog ___sbh_alloc_block ___sbh_find_block ___sbh_free_block ___sbh_resize_block __callnewh __lock _free _malloc _memcpy"
004a6dbc,FUN_004a6dbc,9,0,"FUN_004a80e1"
004a6e01,__msize,106,1,"FUN_004a6e6e HeapSize __SEH_epilog __SEH_prolog ___sbh_find_block __lock"
004a6e6e,FUN_004a6e6e,9,0,"FUN_004a80e1"
004a6e78,__SEH_prolog,59,0,""
004a6eb3,__SEH_epilog,17,0,""
004a6ec4,__forcdecpt,60,1,"_isdigit _tolower"
004a6f65,__fassign,62,3,"FUN_004aece6 FUN_004aed29"
004a6fa3,__shift,29,0,"_memmove _strlen"
004a6fc0,__cftoe2,174,0,"FUN_004a5d20 __shift"
004a706e,FUN_004a706e,116,0,"FUN_004aed6c FUN_004aee9d __cftoe2 __security_check_cookie"
004a70e2,FUN_004a70e2,156,0,"__shift _memset"
004a717e,FUN_004a717e,104,0,"FUN_004a70e2 FUN_004aed6c FUN_004aee9d __security_check_cookie"
004a71e6,FUN_004a71e6,160,0,"FUN_004a70e2 FUN_004aed6c FUN_004aee9d __cftoe2 __security_check_cookie"
004a7286,__cfltcvt,81,6,"FUN_004a706e FUN_004a717e FUN_004a71e6"
004a72d7,FUN_004a72d7,18,0,"__controlfp"
004a72e9,__ms_p5_test_fdiv,64,0,""
004a7329,__ms_p5_mp_test_fdiv,41,0,"GetModuleHandleA GetProcAddress __ms_p5_test_fdiv"
004a7352,__flsbuf,281,2,"__getbuf __isatty __lseek __write"
004a746b,write_char,51,0,"__flsbuf"
004a749e,write_multi_char,36,0,"write_char"
004a74c2,write_string,55,0,"write_char"
004a74f9,FUN_004a74f9,1909,0,"FUN_004aef0f __aulldvrm __security_check_cookie _free _malloc _strlen _wctomb write_char write_multi_char write_string"
004a7c90,__trandisp1,103,0,""
004a7cf7,__trandisp2,140,0,""
004a7e53,FUN_004a7e53,7,0,""
004a7e60,FUN_004a7e60,21,0,""
004a7e75,FUN_004a7e75,23,0,""
004a7e8c,FUN_004a7e8c,25,0,""
004a7ea5,__fload_withFB,67,0,""
004a7ee8,FUN_004a7ee8,22,0,""
004a7efe,FUN_004a7efe,13,0,""
004a7f0b,__math_exit,42,0,"__startOneArgErrorHandling"
004a7f49,FUN_004a7f49,163,0,"FUN_004a7ff0 __startOneArgErrorHandling"
004a7ff0,FUN_004a7ff0,23,0,""
004a8007,__startOneArgErrorHandling,60,0,"FUN_004af6e5"
004a8043,__mtinitlocks,73,0,"___crtInitCritSecAndSpinCount"
004a808c,__mtdeletelocks,85,0,"DeleteCriticalSection _free"
004a80e1,FUN_004a80e1,21,0,"LeaveCriticalSection"
004a80f6,FUN_004a80f6,127,0,"FUN_004a80e1 FUN_004aaad2 ___crtInitCritSecAndSpinCount __lock _free _malloc"
004a8175,__lock,49,1,"EnterCriticalSection FUN_004a80f6 __amsg_exit"
004a81a6,___heap_select,26,0,""
004a81c0,__heap_init,81,0,"HeapCreate HeapDestroy ___heap_select ___sbh_heap_init"
004a8211,___sbh_heap_init,72,0,"HeapAlloc"
004a8259,___sbh_find_block,43,0,""
004a8284,___sbh_free_block,792,0,"HeapFree VirtualFree _memmove"
004a859c,___sbh_alloc_new_region,183,0,"HeapAlloc HeapFree HeapReAlloc VirtualAlloc"
004a8653,___sbh_alloc_new_group,262,0,"VirtualAlloc"
004a8759,___sbh_resize_block,735,0,""
004a8a38,___sbh_alloc_block,764,0,"___sbh_alloc_new_group ___sbh_alloc_new_region"
004a8d34,__callnewh,27,1,""
004a8dbc,FUN_004a8dbc,9,0,""
004a8e00,__cintrindisp2,62,0,"FUN_004a8eca __trandisp2"
004a8e3e,__cintrindisp1,61,0,"FUN_004a8eca __trandisp1"
004a8e7b,__ctrandisp2,72,0,"FUN_004a8ec3 __fload __trandisp2"
004a8ec3,FUN_004a8ec3,7,0,""
004a8eca,FUN_004a8eca,327,0,"FUN_004af6e5"
004a9011,__ctrandisp1,51,0,"FUN_004a8ec3 __fload __trandisp1"
004a9044,__fload,60,0,""
004a9886,FUN_004a9886,518,0,""
004a9a8c,FUN_004a9a8c,178,0,"FUN_004a9886"
004a9e0b,FUN_004a9e0b,119,0,"___crtGetStringTypeA"
004a9e82,FUN_004a9e82,202,0,"___free_lc_time ___free_lconv_mon ___free_lconv_num _free"
004a9f4c,FUN_004a9f4c,194,0,"FUN_004a9e82 __getptd"
004aa00e,___updatetlocinfo,50,0,"FUN_004a9f4c FUN_004aa040 __SEH_epilog __SEH_prolog __lock"
004aa040,FUN_004aa040,9,0,"FUN_004a80e1"
004aa049,FUN_004aa049,30,0,"TlsFree __mtdeletelocks"
004aa067,__getptd,113,0,"GetCurrentThreadId GetLastError SetLastError TlsGetValue TlsSetValue __amsg_exit _calloc"
004aa0d8,FUN_004aa0d8,111,0,"FUN_004aa049 GetCurrentThreadId TlsAlloc TlsSetValue __mtinitlocks _calloc"
004aa147,TypeMatch,79,3,"_strcmp"
004aa1b4,___FrameUnwindToState,148,0,"FUN_004aa267 __CallSettingFrame@12 __SEH_epilog __SEH_prolog __getptd _inconsistency"
004aa267,FUN_004aa267,27,0,"__getptd"
004aa282,___DestructExceptionObject,52,0,"FID_conflict:_CallMemberFunction1 __SEH_epilog __SEH_prolog"
004aa2c7,FUN_004aa2c7,29,0,""
004aa2e4,FUN_004aa2e4,151,0,"FUN_004a45b0 FUN_004a4645 FUN_004aa427 __SEH_epilog __SEH_prolog __getptd"
004aa427,FUN_004aa427,100,0,"FUN_004a45d8 _FindAndUnlinkFrame ___DestructExceptionObject __abnormal_termination __getptd"
004aa48b,BuildCatchObject,368,4,"FID_conflict:_CallMemberFunction1 FID_conflict:_ValidateRead FID_conflict:_ValidateRead FUN_004aa2c7 _ValidateExecute __SEH_epilog __SEH_prolog _inconsistency _memmove"
004aa607,CatchIt,103,11,"BuildCatchObject FUN_004aa2e4 _JumpToContinuation _UnwindNestedFrames ___FrameUnwindToState"
004aa66e,FUN_004aa66e,192,0,"CatchIt FUN_004a4696 _GetRangeOfTrysToCheck __getptd"
004aa72e,FUN_004aa72e,482,0,"CatchIt FID_conflict:_ValidateRead FUN_004aa66e TypeMatch _GetRangeOfTrysToCheck ___DestructExceptionObject __getptd _inconsistency terminate"
004aa910,___InternalCxxFrameHandler,162,0,"FUN_004aa72e ___FrameUnwindToState _inconsistency"
004aa9b2,terminate,46,0,"__SEH_prolog __getptd _abort"
004aa9e7,_inconsistency,38,0,"__SEH_prolog terminate"
004aaa20,__CallSettingFrame@12,76,0,"__NLG_Notify1"
004aaa6c,FUN_004aaa6c,70,0,"_ValidateExecute terminate"
004aaac5,FUN_004aaac5,13,0,"SetUnhandledExceptionFilter"
004aaad2,FUN_004aaad2,9,0,"__getptd"
004aaadb,FUN_004aaadb,9,0,"__getptd"
004aaae4,__dosmaperr,115,1,"__getptd"
004aab57,FUN_004aab57,625,0,"FID_conflict:__getenv_lk FUN_004a5d20 FUN_004a80e1 GetTimeZoneInformation WideCharToMultiByte __lock _atol _free _malloc _strcmp _strlen _strncpy"
004aadc8,cvtdate,440,0,""
004aaf80,FUN_004aaf80,395,0,"cvtdate"
004ab10b,FUN_004ab10b,46,0,"FUN_004a80e1 FUN_004aab57 __lock"
004ab139,FUN_004ab139,32,0,"FUN_004a80e1 FUN_004aaf80 __lock"
004ab160,___ascii_stricmp,78,2,""
004ab1ae,FUN_004ab1ae,209,0,"GetSystemInfo VirtualAlloc VirtualProtect VirtualQuery __chkstk"
004ab27f,_gmtime,263,1,"__getptd _malloc"
004ab386,__mbctoupper,133,1,"___crtLCMapStringA ___updatetmbcinfo __getptd"
004ab40b,report_failure,41,0,"ExitProcess FUN_004b0a68 __SEH_prolog"
004ab43c,__security_check_cookie,14,1,"report_failure"
004ab44a,__inc,22,0,"__filbuf"
004ab460,FUN_004ab460,2672,0,"FID_conflict:_ungetc FUN_004aef0f __SEH_epilog __SEH_prolog __allmul __chkstk __inc __security_check_cookie _free _isdigit _isspace _isxdigit _mbtowc _memset"
004abf08,FUN_004abf08,46,0,"__SEH_epilog __SEH_prolog"
004abf3d,FUN_004abf3d,87,0,"FUN_004abf08"
004abfa0,FUN_004abfa0,24,0,"FUN_004abfbe"
004abfbe,FUN_004abfbe,717,0,"FUN_004ae493"
004ac28c,FUN_004ac28c,375,0,"FUN_004a5d20 FUN_004a5d30 GetModuleFileNameA GetStdHandle WriteFile ___crtMessageBoxA __chkstk __security_check_cookie _strlen _strncpy"
004ac403,__FF_MSGBANNER,57,0,"FUN_004ac28c"
004ac43c,__XcptFilter,356,2,"UnhandledExceptionFilter __getptd"
004ac5a0,FUN_004ac5a0,105,0,"FUN_004b0f14 ___initmbctable"
004ac609,__setenvp,199,0,"FUN_004a5d20 ___initmbctable _free _malloc _strlen"
004ac6d0,FUN_004ac6d0,364,0,""
004ac83c,FUN_004ac83c,162,0,"FUN_004ac6d0 GetModuleFileNameA ___initmbctable _malloc"
004ac8de,___crtGetEnvironmentStringsA,290,0,"FreeEnvironmentStringsA FreeEnvironmentStringsW GetEnvironmentStrings GetEnvironmentStringsW GetLastError WideCharToMultiByte _free _malloc _memcpy"
004aca00,FUN_004aca00,510,0,"GetFileType GetStartupInfoA GetStdHandle SetHandleCount ___crtInitCritSecAndSpinCount _malloc"
004acbfe,FUN_004acbfe,61,0,"__SEH_epilog __SEH_prolog"
004acc86,__set_exp,42,0,""
004accb0,__sptype,91,0,""
004acd0b,FUN_004acd0b,186,0,"__set_exp"
004acdc5,__raise_exc,677,0,"FUN_004ad490 FUN_004ad49d RaiseException"
004ad06a,FUN_004ad06a,546,0,"FUN_004acd0b FUN_004ad4cf"
004ad28c,FID_conflict:__set_errno_from_matherr,40,1,"FUN_004aaad2"
004ad2b4,__errcode,45,0,""
004ad2e1,__umatherr,158,0,"FID_conflict:__set_errno_from_matherr FUN_0049ae16 __ctrlfp"
004ad37f,__handle_qnan1,83,0,"FUN_004aaad2 __ctrlfp __umatherr"
004ad3d2,FUN_004ad3d2,190,0,"FID_conflict:__set_errno_from_matherr FUN_004ad06a __ctrlfp __errcode __raise_exc __security_check_cookie __umatherr"
004ad490,FUN_004ad490,13,0,""
004ad49d,FUN_004ad49d,14,0,""
004ad4ab,__ctrlfp,36,0,""
004ad4cf,FUN_004ad4cf,89,0,""
004ad528,__rt_probe_read4@4,41,0,"__SEH_epilog __SEH_prolog"
004ad570,FUN_004ad570,25,0,"FUN_004ad589"
004ad589,FUN_004ad589,2861,0,"FUN_004ae493"
004ae2c7,FUN_004ae2c7,106,0,"FUN_004a6385 FUN_004b0f25"
004ae331,__powhlp,354,0,"FUN_004ae2c7"
004ae493,FUN_004ae493,660,0,"FUN_0049ae16 FUN_004aaad2 __security_check_cookie"
004ae8bd,FUN_004ae8bd,27,0,"__local_unwind2"
004ae8d8,FUN_004ae8d8,200,0,"FUN_004a9e0b ___crtLCMapStringA"
004ae9a0,_tolower,34,1,"FUN_004ae8d8 ___updatetlocinfo __getptd"
004ae9c2,__ZeroTail,50,0,""
004ae9f4,__IncMan,77,0,"___addl"
004aea41,__RoundMan,114,0,"__IncMan __ZeroTail"
004aeab3,__CopyMan,27,0,""
004aeace,__IsZeroMan,25,0,""
004aeae7,__ShrMan,123,0,""
004aeb62,__ld12cvt,344,0,"__CopyMan __IsZeroMan __RoundMan __ShrMan"
004aecba,FID_conflict:__ld12tod,22,2,"__ld12cvt"
004aecd0,FID_conflict:__ld12tod,22,2,"__ld12cvt"
004aece6,FUN_004aece6,67,0,"FID_conflict:__ld12tod FUN_004b10f6 __security_check_cookie"
004aed29,FUN_004aed29,67,0,"FID_conflict:__ld12tod FUN_004b10f6 __security_check_cookie"
004aed6c,FUN_004aed6c,119,0,"_memmove _strlen"
004aede3,___dtold,186,0,""
004aee9d,FUN_004aee9d,114,0,"FUN_004a5d20 FUN_004b1530 ___dtold __security_check_cookie"
004aef0f,FUN_004aef0f,9,0,"__amsg_exit"
004aef18,__abstract_cw,146,0,""
004aefaa,__hw_cw,142,0,""
004af038,__control87,50,2,"__abstract_cw __hw_cw"
004af06a,__controlfp,22,2,"__control87"
004af080,__lseek_lk,116,0,"FUN_004aaad2 GetLastError SetFilePointer __dosmaperr __get_osfhandle"
004af0f4,__lseek,160,3,"FUN_004aaad2 FUN_004aaadb FUN_004af17b FUN_004b1a2b __SEH_epilog __SEH_prolog __lseek_lk"
004af17b,FUN_004af17b,8,0,"FUN_004b1a9e"
004af19f,FUN_004af19f,421,0,"FUN_004aaad2 FUN_004aaadb GetLastError WriteFile __dosmaperr __lseeki64_lk __security_check_cookie"
004af344,__write,160,3,"FUN_004aaad2 FUN_004aaadb FUN_004af19f FUN_004af3cb FUN_004b1a2b __SEH_epilog __SEH_prolog"
004af3cb,FUN_004af3cb,8,0,"FUN_004b1a9e"
004af3ef,__getbuf,68,1,"_malloc"
004af433,__isatty,42,1,""
004af506,___endstdio,20,0,"__fcloseall __flushall"
004af51a,__lock_file,47,1,"EnterCriticalSection __lock"
004af549,__lock_file2,35,2,"EnterCriticalSection __lock"
004af56c,__unlock_file,47,1,"FUN_004a80e1 LeaveCriticalSection"
004af59b,__unlock_file2,35,2,"FUN_004a80e1 LeaveCriticalSection"
004af5be,___wctomb_mt,96,0,"FUN_004aaad2 WideCharToMultiByte"
004af61e,_wctomb,39,2,"___updatetlocinfo ___wctomb_mt __getptd"
004af650,__aulldvrm,149,0,""
004af6e5,FUN_004af6e5,254,0,"FID_conflict:__set_errno_from_matherr FUN_0049ae16 FUN_004ad06a __ctrlfp __raise_exc __security_check_cookie"
004af7e3,___crtInitCritSecNoSpinCount@8,16,0,"InitializeCriticalSection"
004af7f3,___crtInitCritSecAndSpinCount,103,0,"GetModuleHandleA GetProcAddress __SEH_epilog __SEH_prolog ___crtInitCritSecNoSpinCount@8"
004af87e,___crtGetStringTypeA,421,7,"FUN_004b1d47 FUN_004b1d90 GetLastError GetStringTypeA GetStringTypeW MultiByteToWideChar __SEH_epilog __SEH_prolog __chkstk _calloc _free _memset"
004afa38,___free_lc_time,400,0,"_free"
004afbc8,___free_lconv_num,95,0,"_free"
004afc27,___free_lconv_mon,217,0,"_free"
004afd00,_strcspn,70,2,""
004afd50,_strncpy,292,3,""
004afe80,_strcmp,135,2,""
004affd0,_strpbrk,64,2,""
004b0010,FUN_004b0010,47,0,""
004b003f,setSBCS,41,0,""
004b0068,FUN_004b0068,402,0,"GetCPInfo ___crtGetStringTypeA ___crtLCMapStringA __security_check_cookie"
004b01fa,___updatetmbcinfo,99,0,"FUN_004b0260 __SEH_epilog __SEH_prolog __getptd __lock _free"
004b0260,FUN_004b0260,9,0,"FUN_004a80e1"
004b0269,FUN_004b0269,406,0,"FUN_004b0010 FUN_004b0068 GetCPInfo __security_check_cookie setSBCS"
004b03ff,__setmbcp,327,1,"FUN_004b0269 FUN_004b0546 GetACP GetOEMCP __SEH_epilog __SEH_prolog __lock _free _malloc"
004b0546,FUN_004b0546,9,0,"FUN_004a80e1"
004b054f,___initmbctable,30,0,"__setmbcp"
004b056d,FID_conflict:_ValidateRead,28,0,"IsBadReadPtr"
004b0589,FID_conflict:_ValidateRead,28,0,"IsBadWritePtr"
004b05a5,_ValidateExecute,24,1,"IsBadCodePtr"
004b05bd,_abort,23,0,"FUN_004ac28c __exit _raise"
004b05d5,FID_conflict:__getenv_lk,129,1,"FUN_004b2016 __mbsnbicoll _strlen"
004b0656,___crtLCMapStringA,886,9,"FUN_004b1d47 FUN_004b1d90 GetLastError LCMapStringA LCMapStringW MultiByteToWideChar WideCharToMultiByte __SEH_epilog __SEH_prolog __chkstk _free _malloc _memset"
004b0a12,FUN_004b0a12,86,0,"GetCurrentProcessId GetCurrentThreadId GetSystemTimeAsFileTime GetTickCount QueryPerformanceCounter"
004b0a68,FUN_004b0a68,320,0,"FUN_004a5d20 FUN_004a5d30 GetModuleFileNameA __SEH_prolog ___crtMessageBoxA __chkstk __exit _strlen _strncpy"
004b0bb2,__filbuf,225,1,"__getbuf __read"
004b0c93,FID_conflict:_ungetc,108,2,"__getbuf"
004b0cff,___mbtowc_mt,192,0,"FUN_004aaad2 MultiByteToWideChar"
004b0dbf,_mbtowc,43,3,"___mbtowc_mt ___updatetlocinfo __getptd"
004b0dea,___crtMessageBoxA,249,3,"GetProcAddress LoadLibraryA"
004b0ee3,FUN_004b0ee3,49,0,""
004b0f14,FUN_004b0f14,17,0,"FUN_004b0ee3"
004b0f25,FUN_004b0f25,19,0,""
004b0f38,___addl,33,0,""
004b0f59,___add_12,94,0,"___addl"
004b0fb7,___shl_12,46,0,""
004b0fe5,___shr_12,45,0,""
004b1012,FUN_004b1012,228,0,"___add_12 ___shl_12 __security_check_cookie"
004b10f6,FUN_004b10f6,1034,0,"FUN_004b1012 FUN_004b2531 __security_check_cookie _isdigit"
004b1530,FUN_004b1530,660,0,"FUN_004a5d20 FUN_004b22f9 FUN_004b2531 ___add_12 ___shl_12 ___shr_12 __security_check_cookie"
004b17c4,siglookup,46,0,""
004b17f2,_raise,356,1,"FUN_004b192d __SEH_epilog __SEH_prolog __exit __getptd __lock siglookup"
004b192d,FUN_004b192d,13,0,"FUN_004a80e1"
004b196b,__free_osfhnd,127,1,"FUN_004aaad2 FUN_004aaadb SetStdHandle"
004b19ea,__get_osfhandle,65,1,"FUN_004aaad2 FUN_004aaadb"
004b1a2b,FUN_004b1a2b,115,0,"EnterCriticalSection FUN_004a80e1 ___crtInitCritSecAndSpinCount __lock"
004b1a9e,FUN_004b1a9e,34,0,"LeaveCriticalSection"
004b1ac0,__lseeki64_lk,131,0,"FUN_004aaad2 GetLastError SetFilePointer __dosmaperr __get_osfhandle"
004b1b43,__fcloseall,146,0,"DeleteCriticalSection FUN_004b1bd5 __SEH_epilog __SEH_prolog __lock _fclose _free"
004b1bd5,FUN_004b1bd5,9,0,"FUN_004a80e1"
004b1bde,__flush,93,1,"__write"
004b1c3b,__fflush_lk,46,0,"__commit __flush"
004b1c69,flsall,182,0,"FUN_004b1d09 FUN_004b1d35 __SEH_epilog __SEH_prolog __fflush_lk __lock __lock_file2"
004b1d09,FUN_004b1d09,17,0,"__unlock_file2"
004b1d35,FUN_004b1d35,9,0,"FUN_004a80e1"
004b1d3e,__flushall,9,0,"flsall"
004b1d47,FUN_004b1d47,73,0,"GetLocaleInfoA __security_check_cookie _atol"
004b1d90,FUN_004b1d90,440,0,"GetCPInfo MultiByteToWideChar WideCharToMultiByte __SEH_epilog __SEH_prolog __chkstk __security_check_cookie _calloc _free _memset _strlen"
004b1f5f,__stricmp,105,2,"FUN_004ae8d8 ___ascii_stricmp ___updatetlocinfo __getptd"
004b1fc8,__mbsnbicoll,78,3,"FUN_004b279d ___updatetmbcinfo __getptd"
004b2016,FUN_004b2016,107,0,"FUN_004b2bd5 WideCharToMultiByte _malloc"
004b2081,FUN_004b2081,461,0,"FUN_004aaad2 FUN_004aaadb GetLastError ReadFile __dosmaperr __lseek_lk"
004b224e,__read,160,3,"FUN_004aaad2 FUN_004aaadb FUN_004b1a2b FUN_004b2081 FUN_004b22d5 __SEH_epilog __SEH_prolog"
004b22d5,FUN_004b22d5,8,0,"FUN_004b1a9e"
004b22f9,FUN_004b22f9,568,0,"___addl ___shl_12 ___shr_12 __security_check_cookie"
004b2531,FUN_004b2531,140,0,"FUN_004b22f9 __security_check_cookie"
004b25bd,__fclose_lk,76,0,"__close __flush __freebuf _free"
004b2609,_fclose,70,1,"FUN_004b2652 __SEH_epilog __SEH_prolog __fclose_lk __lock_file"
004b2652,FUN_004b2652,8,0,"__unlock_file"
004b265a,__commit,177,1,"FUN_004aaad2 FUN_004aaadb FUN_004b1a2b FUN_004b26fa FlushFileBuffers GetLastError __SEH_epilog __SEH_prolog __get_osfhandle"
004b26fa,FUN_004b26fa,8,0,"FUN_004b1a9e"
004b2720,___ascii_strnicmp,97,3,""
004b2781,_strncnt,28,2,""
004b279d,FUN_004b279d,854,0,"CompareStringA CompareStringW FUN_004b1d47 FUN_004b1d90 GetCPInfo GetLastError MultiByteToWideChar __SEH_epilog __SEH_prolog __chkstk __security_check_cookie _free _malloc _strncnt"
004b2b27,findenv,77,0,"__mbsnbicoll"
004b2b74,copy_environ,97,0,"__amsg_exit __strdup _malloc"
004b2bd5,FUN_004b2bd5,437,0,"FUN_004a5d20 FUN_004b2016 SetEnvironmentVariableA __mbschr _free _malloc _realloc _strlen copy_environ findenv"
004b2d8a,FUN_004b2d8a,131,0,"CloseHandle GetLastError __dosmaperr __free_osfhnd __get_osfhandle"
004b2e0d,__close,144,1,"FUN_004aaad2 FUN_004aaadb FUN_004b1a2b FUN_004b2d8a FUN_004b2e84 __SEH_epilog __SEH_prolog"
004b2e84,FUN_004b2e84,8,0,"FUN_004b1a9e"
004b2ea8,__freebuf,43,1,"_free"
004b2ed3,__strdup,43,1,"FUN_004a5d20 _malloc _strlen"
004b2efe,__mbschr,123,2,"___updatetmbcinfo __getptd _strchr"
004b2f80,RtlUnwind,6,4,""
004b2f90,Unwind@004b2f90,11,0,"_free"
004b2fa5,Unwind@004b2fa5,10,0,"_free"
004b2fc0,Unwind@004b2fc0,8,0,"FUN_0043c7d0"
004b2fe0,Unwind@004b2fe0,8,0,"FUN_0043c7d0"
004b2fe8,Unwind@004b2fe8,11,0,"_free"
004b2ff3,Unwind@004b2ff3,11,0,"_free"
004b3010,Unwind@004b3010,11,0,"_free"
004b3025,Unwind@004b3025,8,0,"FUN_0043f02b"
004b3040,Unwind@004b3040,8,0,"FUN_00443e20"
004b3060,Unwind@004b3060,8,0,"FUN_00443e20"
004b3068,Unwind@004b3068,14,0,"FUN_00443c90"
004b3080,Unwind@004b3080,13,0,"_free"
004b308d,Unwind@004b308d,13,0,"_free"
004b30a4,Unwind@004b30a4,14,0,""
004b30bc,Unwind@004b30bc,10,0,"_free"
004b30d0,Unwind@004b30d0,11,0,"_free"
004b30e5,Unwind@004b30e5,10,0,"_free"
004b3100,Unwind@004b3100,11,0,"_free"
004b3120,Unwind@004b3120,11,0,"_free"
004b3135,Unwind@004b3135,10,0,"_free"
004b3149,Unwind@004b3149,10,0,"_free"
004b3160,Unwind@004b3160,11,0,"_free"
004b316b,Unwind@004b316b,11,0,"_free"
004b3180,Unwind@004b3180,11,0,"_free"
004b318b,Unwind@004b318b,11,0,"_free"
004b31a0,Unwind@004b31a0,8,0,"FUN_00473c60"
004b31c0,Unwind@004b31c0,11,0,"_free"
004b31e0,Unwind@004b31e0,11,0,"_free"
004b31f5,Unwind@004b31f5,11,0,"FUN_0047baf6"
004b3214,Unwind@004b3214,10,0,"_free"
004b321e,Unwind@004b321e,10,0,"_free"
004b3228,Unwind@004b3228,10,0,"_free"
004b323c,Unwind@004b323c,10,0,"_free"
004b3250,Unwind@004b3250,10,0,"_free"
004b325a,Unwind@004b325a,10,0,"_free"
004b326e,Unwind@004b326e,10,0,"_free"
004b3278,Unwind@004b3278,10,0,"_free"
004b328c,Unwind@004b328c,10,0,"_free"
004b3296,Unwind@004b3296,10,0,"_free"
004b32a0,Unwind@004b32a0,10,0,"_free"
004b32b4,Unwind@004b32b4,10,0,"_free"
004b32be,Unwind@004b32be,10,0,"_free"
004b32c8,Unwind@004b32c8,10,0,"_free"
004b32dc,Unwind@004b32dc,10,0,"_free"
004b32e6,Unwind@004b32e6,10,0,"_free"
004b32fa,Unwind@004b32fa,10,0,"_free"
004b3304,Unwind@004b3304,10,0,"_free"
004b3318,Unwind@004b3318,10,0,"_free"
004b3322,Unwind@004b3322,10,0,"_free"
004b332c,Unwind@004b332c,10,0,"_free"
004b3340,Unwind@004b3340,8,0,"FUN_00481593"
004b3352,Unwind@004b3352,10,0,"_free"
004b3366,Unwind@004b3366,10,0,"_free"
004b337a,Unwind@004b337a,8,0,"FUN_00481593"
004b3382,Unwind@004b3382,10,0,"_free"
004b3396,Unwind@004b3396,10,0,"_free"
004b33aa,Unwind@004b33aa,8,0,"FUN_00481593"
004b33bc,Unwind@004b33bc,10,0,"_free"
004b33c6,Unwind@004b33c6,10,0,"_free"
004b33d0,Unwind@004b33d0,10,0,"_free"
004b33da,Unwind@004b33da,10,0,"_free"
004b33e4,Unwind@004b33e4,10,0,"_free"
004b33ee,Unwind@004b33ee,10,0,"_free"
004b33f8,Unwind@004b33f8,10,0,"_free"
004b3402,Unwind@004b3402,10,0,"_free"
004b340c,Unwind@004b340c,10,0,"_free"
004b3416,Unwind@004b3416,10,0,"_free"
004b3420,Unwind@004b3420,10,0,"_free"
004b342a,Unwind@004b342a,10,0,"_free"
004b3434,Unwind@004b3434,10,0,"_free"
004b343e,Unwind@004b343e,10,0,"_free"
004b3448,Unwind@004b3448,10,0,"_free"
004b3452,Unwind@004b3452,10,0,"_free"
004b345c,Unwind@004b345c,10,0,"_free"
004b3466,Unwind@004b3466,10,0,"_free"
004b3470,Unwind@004b3470,10,0,"_free"
004b347a,Unwind@004b347a,10,0,"_free"
004b3484,Unwind@004b3484,10,0,"_free"
004b348e,Unwind@004b348e,10,0,"_free"
004b3498,Unwind@004b3498,10,0,"_free"
004b34a2,Unwind@004b34a2,10,0,"_free"
004b34ac,Unwind@004b34ac,10,0,"_free"
004b34b6,Unwind@004b34b6,10,0,"_free"
004b34c0,Unwind@004b34c0,10,0,"_free"
004b34ca,Unwind@004b34ca,10,0,"_free"
004b34d4,Unwind@004b34d4,10,0,"_free"
004b34de,Unwind@004b34de,10,0,"_free"
004b34e8,Unwind@004b34e8,10,0,"_free"
004b34f2,Unwind@004b34f2,10,0,"_free"
004b34fc,Unwind@004b34fc,10,0,"_free"
004b3506,Unwind@004b3506,10,0,"_free"
004b3510,Unwind@004b3510,10,0,"_free"
004b351a,Unwind@004b351a,10,0,"_free"
004b3524,Unwind@004b3524,10,0,"_free"
004b3540,FUN_004b3540,15,0,"FUN_00402000"
004b3550,FUN_004b3550,28,0,"FUN_0043c760 _atexit"
004b3570,FUN_004b3570,28,0,"FUN_0043c760 _atexit"
004b3590,FUN_004b3590,28,0,"FUN_0043c760 _atexit"
004b35b0,FUN_004b35b0,15,0,"FUN_004071a0"
004b35c0,FUN_004b35c0,28,0,"FUN_0043c760 _atexit"
004b35e0,FUN_004b35e0,28,0,"FUN_0043c760 _atexit"
004b3600,FUN_004b3600,28,0,"FUN_0043c760 _atexit"
004b3620,FUN_004b3620,15,0,"FUN_004143e0"
004b3630,FUN_004b3630,28,0,"FUN_0043c760 _atexit"
004b3650,FUN_004b3650,15,0,"FUN_004182e0"
004b3660,FUN_004b3660,15,0,"FUN_00428740"
004b3670,FUN_004b3670,28,0,"FUN_0043c760 _atexit"
004b3690,FUN_004b3690,28,0,"FUN_0043c760 _atexit"
004b36b0,FUN_004b36b0,28,0,"FUN_0043c760 _atexit"
004b36d0,FUN_004b36d0,28,0,"FUN_0043c760 _atexit"
004b36f0,FUN_004b36f0,28,0,"FUN_0043c760 _atexit"
004b3710,FUN_004b3710,15,0,"FUN_0042a210"
004b3720,FUN_004b3720,28,0,"FUN_0043c760 _atexit"
004b3740,FUN_004b3740,28,0,"FUN_0043c760 _atexit"
004b3760,FUN_004b3760,15,0,"FUN_0042f420"
004b376f,FUN_004b376f,26,0,"FUN_0043c760 _atexit"
004b3789,FUN_004b3789,26,0,"FUN_0043c760 _atexit"
004b37a3,FUN_004b37a3,15,0,"FUN_0043c5e1"
004b37b2,FUN_004b37b2,26,0,"FUN_0043c760 _atexit"
004b37cc,FUN_004b37cc,26,0,"FUN_0043c760 _atexit"
004b37f0,FUN_004b37f0,28,0,"FUN_0043c830 _atexit"
004b3810,FUN_004b3810,28,0,"FUN_0043ee90 _atexit"
004b3830,FUN_004b3830,28,0,"FUN_00474860 _atexit"
004b3850,FUN_004b3850,28,0,"FUN_0043ef10 _atexit"
004b3870,FUN_004b3870,15,0,"FUN_00440010"
004b3880,FUN_004b3880,28,0,"FUN_0043c760 _atexit"
004b38a0,FUN_004b38a0,28,0,"FUN_0043c760 _atexit"
004b38c0,FUN_004b38c0,15,0,"FUN_004418a0"
004b38cf,FUN_004b38cf,15,0,"FUN_00445b7a"
004b38de,FUN_004b38de,61,0,"FUN_00406720"
004b3920,FUN_004b3920,15,0,"FUN_00449ca0"
004b3930,FUN_004b3930,15,0,"FUN_0045b000"
004b3940,FUN_004b3940,15,0,"FUN_0045e320"
004b3950,FUN_004b3950,24,0,"FUN_00406850"
004b3970,FUN_004b3970,24,0,"FUN_00406850"
004b3990,FUN_004b3990,24,0,"FUN_00406850"
004b39b0,FUN_004b39b0,42,0,"_atexit `eh_vector_constructor_iterator'"
004b39e0,FUN_004b39e0,15,0,"FUN_0043c7d0"
004b39f0,FUN_004b39f0,15,0,"FUN_0043c7d0"
004b3a00,FUN_004b3a00,15,0,"FUN_0043c7d0"
004b3a10,FUN_004b3a10,15,0,"FUN_0043c7d0"
004b3a20,FUN_004b3a20,15,0,"FUN_0043c7d0"
004b3a30,FUN_004b3a30,15,0,"FUN_0043c7d0"
004b3a40,FUN_004b3a40,15,0,"FUN_0043c7d0"
004b3a50,FUN_004b3a50,15,0,"FUN_0043c7d0"
004b3a60,FUN_004b3a60,15,0,"FUN_0043c7d0"
004b3a70,FUN_004b3a70,15,0,"FUN_0043c7d0"
004b3a80,FUN_004b3a80,15,0,"FUN_0043c7d0"
004b3a90,FUN_004b3a90,15,0,"FUN_0043c7d0"
004b3aa0,FUN_004b3aa0,15,0,"FUN_0043c7d0"
004b3ab0,FUN_004b3ab0,15,0,"FUN_0043c7d0"
004b3abf,FUN_004b3abf,15,0,"FUN_0043c7d0"
004b3ace,FUN_004b3ace,15,0,"FUN_0043c7d0"
004b3add,FUN_004b3add,15,0,"FUN_0043c7d0"
004b3aec,FUN_004b3aec,15,0,"FUN_0043c7d0"
004b3b00,FUN_004b3b00,15,0,"FUN_0043c710"
004b3b10,FUN_004b3b10,15,0,"FUN_0043eeb0"
004b3b20,FUN_004b3b20,15,0,"FUN_004748a0"
004b3b30,FUN_004b3b30,15,0,"FUN_0043ef40"
004b3b40,FUN_004b3b40,15,0,"FUN_0043c7d0"
004b3b50,FUN_004b3b50,15,0,"FUN_0043c7d0"
004b3b60,FUN_004b3b60,24,0,"`eh_vector_destructor_iterator'"
