entry,name,size,params,callees
00401150,FUN_00401150,171,2,"EnterCriticalSection LeaveCriticalSection"
00401200,FUN_00401200,171,2,"EnterCriticalSection LeaveCriticalSection"
004012b0,FUN_004012b0,302,1,"EnterCriticalSection FUN_00401610 LeaveCriticalSection"
00401410,FUN_00401410,235,0,"EnterCriticalSection FUN_00401610 LeaveCriticalSection"
00401520,FUN_00401520,113,2,"EnterCriticalSection FUN_00401610 LeaveCriticalSection"
004015a0,FUN_004015a0,106,1,"FUN_0048f6e1"
00401610,FUN_00401610,164,2,"FUN_0048f711"
004016c0,FUN_004016c0,513,1,"__security_check_cookie _memset"
004018d0,FUN_004018d0,363,0,"XInputGetState __security_check_cookie"
00401a40,FUN_00401a40,599,0,"GetKeyboardState XInputGetState __security_check_cookie _memset"
00401ca0,FUN_00401ca0,491,0,"FUN_004016c0 FUN_004018d0 FUN_00404c30 GetKeyboardState __security_check_cookie"
00401e90,FUN_00401e90,272,6,"FUN_00492e00 FUN_00493374 FUN_0049337f"
00401fa0,FUN_00401fa0,271,6,"FUN_00492e00 FUN_00493374 FUN_0049337f"
004020b0,FUN_004020b0,444,3,"CloseHandle CreateFileA EnterCriticalSection FUN_00404c20 FUN_00404d20 FUN_00471310 FUN_00490ba0 FUN_00493374 GetFileSize LeaveCriticalSection ReadFile __stricmp"
00402270,FUN_00402270,128,1,"CloseHandle CreateFileA EnterCriticalSection LeaveCriticalSection"
004022f0,FUN_004022f0,310,3,"CloseHandle CreateFileA EnterCriticalSection FUN_00404c20 FormatMessageA GetLastError LeaveCriticalSection LocalFree WriteFile"
00402430,FUN_00402430,182,1,"CreateFileA EnterCriticalSection FUN_00404c20 FormatMessageA GetLastError LeaveCriticalSection LocalFree"
004024f0,FUN_004024f0,99,2,"CloseHandle LeaveCriticalSection WriteFile"
00402560,FUN_00402560,87,1,"CloseHandle FUN_00493374 ReadFile"
004025c0,FUN_004025c0,46,0,"CloseHandle LeaveCriticalSection"
004025f0,FUN_004025f0,193,3,"EnterCriticalSection FUN_00404be0 LeaveCriticalSection __alloca_probe __security_check_cookie"
004026c0,FUN_004026c0,196,3,"EnterCriticalSection FUN_00404be0 LeaveCriticalSection __security_check_cookie"
00402790,FUN_00402790,103,1,"EnterCriticalSection LeaveCriticalSection"
00402800,FUN_00402800,139,1,"EnterCriticalSection LeaveCriticalSection"
00402890,FUN_00402890,56,1,"FUN_00402800"
004028d0,FUN_004028d0,64,1,"FUN_00402800"
00402910,FUN_00402910,64,1,"FUN_00402800"
00402950,FUN_00402950,82,0,""
004029b0,FUN_004029b0,71,0,""
00402a00,FUN_00402a00,65,1,""
00402a50,FUN_00402a50,68,1,""
00402aa0,FUN_00402aa0,125,2,""
00402b20,FUN_00402b20,81,1,""
00402b80,FUN_00402b80,100,1,""
00402bf0,FUN_00402bf0,41,2,"FUN_00402c30 FUN_0048f711"
00402c20,FUN_00402c20,11,1,"FUN_00402c30"
00402c30,FUN_00402c30,126,1,"CloseHandle Sleep WaitForSingleObject"
00402cb0,FUN_00402cb0,61,3,"FUN_00402c30 __beginthreadex"
00402cf0,FUN_00402cf0,255,1,"FUN_00404ab0 FUN_00404b70"
00402e10,FUN_00402e10,606,1,"FUN_004029b0 FUN_00404930 FUN_00404970 FUN_004049b0 FUN_00404a10 FUN_00404b10 FUN_00404b70 FUN_00404b90 FUN_00404bb0"
00403090,FUN_00403090,29,1,"FUN_00402e10"
004030b0,FUN_004030b0,1572,1,"FUN_004abed0"
00403760,FUN_00403760,568,2,"FUN_004abd10 FUN_004abed0 __security_check_cookie"
004039a0,FUN_004039a0,353,4,""
00403b10,FUN_00403b10,454,7,"FUN_004039a0"
00403ce0,FUN_00403ce0,350,5,"FUN_00404b90 FUN_00404bb0 __libm_sse2_sqrt_precise"
00403e40,FUN_00403e40,959,8,"FUN_00403b10 FUN_004abd10 FUN_004abed0 __security_check_cookie"
00404200,FUN_00404200,1763,7,"FUN_00403760 FUN_004abd10 FUN_004abed0 __libm_sse2_sqrt_precise __security_check_cookie"
004048f0,FUN_004048f0,43,1,"__libm_sse2_sqrt_precise"
00404920,FUN_00404920,8,0,""
00404930,FUN_00404930,55,0,"FUN_004ac410"
00404970,FUN_00404970,57,1,"FUN_004ab4d0"
004049b0,FUN_004049b0,92,2,""
00404a10,FUN_00404a10,142,3,""
00404aa0,FUN_00404aa0,3,1,""
00404ab0,FUN_00404ab0,88,1,""
00404b10,FUN_00404b10,77,1,""
00404b60,FUN_00404b60,5,0,""
00404b70,FUN_00404b70,32,3,""
00404b90,FUN_00404b90,23,1,"FUN_004abd10"
00404bb0,FUN_00404bb0,23,1,"FUN_004abed0"
00404bd0,FUN_00404bd0,6,0,""
00404be0,FUN_00404be0,51,3,"FUN_00404bd0 ___stdio_common_vsprintf"
00404c20,FUN_00404c20,3,0,""
00404c30,FUN_00404c30,172,1,""
00404ce0,FUN_00404ce0,43,1,""
00404d10,FUN_00404d10,10,1,""
00404d20,FUN_00404d20,44,1,"LeaveCriticalSection"
00404d50,FUN_00404d50,123,1,"FUN_00493374 _memset"
004057c0,FUN_004057c0,104,1,""
00405830,FUN_00405830,24,2,""
00405850,FUN_00405850,192,6,""
00405910,FUN_00405910,27,1,"FUN_004028d0"
00405930,FUN_00405930,49,1,""
00405970,FUN_00405970,236,5,"EnterCriticalSection FUN_00407080 FUN_0047ac70 FUN_00489e30 FUN_0048ac50 LeaveCriticalSection"
00405a60,FUN_00405a60,6,0,""
00405a70,FUN_00405a70,32,3,""
00405a90,FUN_00405a90,64,2,""
00405ad0,FUN_00405ad0,64,2,""
00405b10,FUN_00405b10,356,2,"FUN_004028d0 FUN_004062b0 FUN_00493374 _memset"
00405c80,FUN_00405c80,468,1,"FUN_00402890 FUN_004028d0 FUN_00406290"
00405e60,FUN_00405e60,156,1,"FUN_00406050 FUN_00480000 FUN_00485530"
00405f20,FUN_00405f20,295,2,"FUN_004028d0 FUN_00493374 _memset"
00406050,FUN_00406050,458,2,"FUN_00404b90 FUN_00404bb0 FUN_00406220 __security_check_cookie"
00406220,FUN_00406220,103,2,"FUN_00406050"
00406290,FUN_00406290,32,3,""
004062b0,FUN_004062b0,135,5,""
00406340,FUN_00406340,127,2,""
004063c0,FUN_004063c0,31,2,""
004063e0,FUN_004063e0,821,2,"FUN_004030b0"
00406720,FUN_00406720,12,2,""
00406730,FUN_00406730,4,1,""
00406740,FUN_00406740,419,1,"FUN_00407080 FUN_0047ac70 FUN_00493374 _memset"
004068f0,FUN_004068f0,123,1,"FUN_0047ac70"
00406970,FUN_00406970,1412,1,"FUN_00480e10 FUN_00483890 __security_check_cookie"
00406f10,FUN_00406f10,325,2,"FUN_00407080 FUN_0047ac70"
00407080,FUN_00407080,377,3,"_memset"
00407200,FUN_00407200,845,1,"FUN_00402890 FUN_004028d0 FUN_004062b0 FUN_0048aed0 FUN_00493374 _memset"
00407550,FUN_00407550,938,1,"D3DXVec3Normalize FUN_004063e0 __security_check_cookie"
004079c0,FUN_004079c0,417,2,"FUN_004028d0 FUN_00493374 _memset"
00407b70,FUN_00407b70,472,1,"FUN_00402890 FUN_004028d0 FUN_00407e10"
00407d50,FUN_00407d50,156,1,"FUN_00406050 FUN_00480000 FUN_00485530"
00407e10,FUN_00407e10,32,3,""
00407e30,FUN_00407e30,7,1,""
00407e40,FUN_00407e40,12,1,""
00407e50,FUN_00407e50,222,1,""
00407f30,FUN_00407f30,67,1,"FUN_00407e50"
00407f80,FUN_00407f80,43,1,""
00407fb0,FUN_00407fb0,535,3,"FUN_00407e50 FUN_00414f20 FUN_0048a650 FUN_0048a700"
004081d0,FUN_004081d0,632,0,"EnterCriticalSection FUN_00407080 FUN_00409180 FUN_00409440 FUN_0047ac70 FUN_00489e30 FUN_0048a4a0 FUN_0048a650 FUN_0048ac50 LeaveCriticalSection"
00408450,FUN_00408450,35,0,"FUN_0048a700"
00408480,FUN_00408480,153,0,"FUN_0048a650 FUN_0048a700"
00408520,FUN_00408520,357,0,"FUN_00409180 FUN_0048a700"
00408690,FUN_00408690,556,0,"FUN_00401150 FUN_00401200 FUN_004015a0 FUN_004025f0 FUN_0041b400 FUN_00488360 FUN_0048f6e1 _memset"
004088c0,FUN_004088c0,368,1,"EnterCriticalSection FUN_00401610 FUN_00402c30 FUN_00407fb0 FUN_00488ac0 FUN_0048f711 LeaveCriticalSection"
00408a40,FUN_00408a40,855,1,"FUN_00408da0 FUN_0048a4a0 FUN_0048a5c0 FUN_0048aa10 __security_check_cookie"
00408da0,FUN_00408da0,505,6,"FUN_00404b90 FUN_00404bb0 FUN_00409e00 FUN_0048a540 FUN_0048ab90"
00408fe0,FUN_00408fe0,38,0,""
00409010,FUN_00409010,48,2,"FUN_00409040 FUN_00409180"
00409040,FUN_00409040,163,3,""
004090f0,FUN_004090f0,70,1,""
00409140,FUN_00409140,54,1,"FUN_00409d80"
00409180,FUN_00409180,704,1,"FUN_0047a220 FUN_0048a4a0 FUN_0048a850 FUN_0048a880 FUN_0048ab90"
00409440,FUN_00409440,416,2,"FUN_004095e0 FUN_0048a650"
004095e0,FUN_004095e0,448,5,"FUN_00409f70 FUN_0047a220 FUN_0047ac70 FUN_0048a4a0 FUN_0048a540 FUN_0048ab90"
004097a0,FUN_004097a0,383,4,"FUN_00409ca0 FUN_0047a220 FUN_0047ac70"
00409920,FUN_00409920,365,4,"FUN_00409ca0 FUN_0047a220 FUN_0047ac70"
00409a90,FUN_00409a90,423,2,"FUN_00405970 FUN_0047a220 FUN_0048aa10"
00409c40,FUN_00409c40,94,1,""
00409ca0,FUN_00409ca0,217,4,"EnterCriticalSection FUN_00407080 FUN_0047ac70 FUN_0048a020 FUN_0048ac50 LeaveCriticalSection"
00409d80,FUN_00409d80,119,1,""
00409e00,FUN_00409e00,305,1,"FUN_00409e00"
00409f40,FUN_00409f40,27,0,""
00409f60,FUN_00409f60,13,2,""
00409f70,FUN_00409f70,217,4,"EnterCriticalSection FUN_00407080 FUN_0047ac70 FUN_00489f70 FUN_0048ac50 LeaveCriticalSection"
0040a050,FUN_0040a050,9,1,""
0040a060,FUN_0040a060,45,1,""
0040a090,FUN_0040a090,7,1,""
0040a0a0,FUN_0040a0a0,64,1,""
0040a0e0,FUN_0040a0e0,7,1,""
0040a0f0,FUN_0040a0f0,93,1,""
0040a150,FUN_0040a150,48,1,""
0040a180,FUN_0040a180,112,2,""
0040a1f0,FUN_0040a1f0,62,0,""
0040a230,FUN_0040a230,76,2,"FUN_0048f711"
0040a280,FUN_0040a280,76,2,"FUN_0048f711"
0040a2d0,FUN_0040a2d0,76,2,"FUN_0048f711"
0040a320,FUN_0040a320,5,1,""
0040a330,FUN_0040a330,98,1,""
0040a3a0,FUN_0040a3a0,76,2,"FUN_0048f711"
0040a3f0,FUN_0040a3f0,5,1,""
0040a400,FUN_0040a400,5,1,""
0040a410,FUN_0040a410,5,1,""
0040a420,FUN_0040a420,147,1,""
0040a4c0,FUN_0040a4c0,76,2,"FUN_0048f711"
0040a510,FUN_0040a510,3,0,""
0040a520,FUN_0040a520,5,1,""
0040a530,FUN_0040a530,5,1,""
0040a540,FUN_0040a540,5,1,""
0040a550,FUN_0040a550,20,1,""
0040a570,FUN_0040a570,76,2,"FUN_0048f711"
0040a5c0,FUN_0040a5c0,3,0,""
0040a5d0,FUN_0040a5d0,5,1,""
0040a5e0,FUN_0040a5e0,5,1,""
0040a5f0,FUN_0040a5f0,5,1,""
0040a600,FUN_0040a600,130,1,""
0040a690,FUN_0040a690,76,2,"FUN_0048f711"
0040a6e0,FUN_0040a6e0,5,1,""
0040a6f0,FUN_0040a6f0,5,1,""
0040a700,FUN_0040a700,5,1,""
0040a710,FUN_0040a710,130,1,""
0040a7a0,FUN_0040a7a0,76,2,"FUN_0048f711"
0040a7f0,FUN_0040a7f0,5,1,""
0040a800,FUN_0040a800,5,1,""
0040a810,FUN_0040a810,5,1,""
0040a820,FUN_0040a820,127,1,""
0040a8a0,FUN_0040a8a0,76,2,"FUN_0048f711"
0040a8f0,FUN_0040a8f0,5,1,""
0040a900,FUN_0040a900,65,1,"FUN_00402800 FUN_0045dec0"
0040a950,FUN_0040a950,76,2,"FUN_0048f711"
0040a9a0,FUN_0040a9a0,5,1,""
0040a9b0,FUN_0040a9b0,122,1,"FUN_00402800"
0040aa30,FUN_0040aa30,76,2,"FUN_0048f711"
0040aa80,FUN_0040aa80,5,1,""
0040aa90,FUN_0040aa90,5,1,""
0040aaa0,FUN_0040aaa0,5,1,""
0040aab0,FUN_0040aab0,41,1,""
0040aae0,FUN_0040aae0,76,2,"FUN_0048f711"
0040ab30,FUN_0040ab30,5,1,""
0040ab40,FUN_0040ab40,43,1,""
0040ab70,FUN_0040ab70,90,0,"FUN_0040a180"
0040abd0,FUN_0040abd0,76,2,"FUN_0048f711"
0040ac20,FUN_0040ac20,5,1,""
0040ac30,FUN_0040ac30,38,1,"FUN_0048a650"
0040ac60,FUN_0040ac60,88,0,""
0040acc0,FUN_0040acc0,424,1,"EnterCriticalSection FUN_00407080 FUN_00463920 FUN_00479220 FUN_0047ac70 FUN_00489e30 FUN_0048ac50 LeaveCriticalSection"
0040ae70,FUN_0040ae70,106,2,"FUN_0040acc0 FUN_00417790 FUN_00463650"
0040aee0,FUN_0040aee0,364,1,"FUN_0042fd90 FUN_0044e6a0"
0040b050,FUN_0040b050,76,2,"FUN_0048f711"
0040b0a0,FUN_0040b0a0,3,0,""
0040b0b0,FUN_0040b0b0,5,1,""
0040b0c0,FUN_0040b0c0,5,1,""
0040b0d0,FUN_0040b0d0,5,1,""
0040b0e0,FUN_0040b0e0,187,1,"FUN_00417940 FUN_0048a4a0 FUN_0048a540"
0040b1a0,FUN_0040b1a0,76,2,"FUN_0048f711"
0040b1f0,FUN_0040b1f0,568,6,"EnterCriticalSection FUN_00407080 FUN_0047ac70 FUN_00489e30 FUN_0048a650 FUN_0048ac50 LeaveCriticalSection"
0040b430,FUN_0040b430,228,4,"FUN_00464430"
0040b520,FUN_0040b520,17,1,""
0040b540,FUN_0040b540,5,1,""
0040b550,FUN_0040b550,25,1,"FUN_0040b1f0"
0040b570,FUN_0040b570,25,3,"FUN_0040b430"
0040b590,FUN_0040b590,148,2,"FUN_0048a650 FUN_0048f711"
0040b630,FUN_0040b630,17,1,""
0040b650,FUN_0040b650,5,1,""
0040b660,FUN_0040b660,25,1,"FUN_0040b1f0"
0040b680,FUN_0040b680,25,3,"FUN_0040b430"
0040b6a0,FUN_0040b6a0,148,2,"FUN_0048a650 FUN_0048f711"
0040b740,FUN_0040b740,17,1,""
0040b760,FUN_0040b760,5,1,""
0040b770,FUN_0040b770,25,1,"FUN_0040b1f0"
0040b790,FUN_0040b790,25,3,"FUN_0040b430"
0040b7b0,FUN_0040b7b0,148,2,"FUN_0048a650 FUN_0048f711"
0040b850,FUN_0040b850,17,1,""
0040b870,FUN_0040b870,5,1,""
0040b880,FUN_0040b880,25,1,"FUN_0040b1f0"
0040b8a0,FUN_0040b8a0,25,3,"FUN_0040b430"
0040b8c0,FUN_0040b8c0,148,2,"FUN_0048a650 FUN_0048f711"
0040b960,FUN_0040b960,17,1,""
0040b980,FUN_0040b980,5,1,""
0040b990,FUN_0040b990,25,1,"FUN_0040b1f0"
0040b9b0,FUN_0040b9b0,25,3,"FUN_0040b430"
0040b9d0,FUN_0040b9d0,148,2,"FUN_0048a650 FUN_0048f711"
0040ba70,FUN_0040ba70,17,1,""
0040ba90,FUN_0040ba90,5,1,""
0040baa0,FUN_0040baa0,25,1,"FUN_0040b1f0"
0040bac0,FUN_0040bac0,25,3,"FUN_0040b430"
0040bae0,FUN_0040bae0,148,2,"FUN_0048a650 FUN_0048f711"
0040bb80,FUN_0040bb80,17,1,""
0040bba0,FUN_0040bba0,5,1,""
0040bbb0,FUN_0040bbb0,61,1,"FUN_0040b1f0"
0040bbf0,FUN_0040bbf0,43,3,"FUN_0040b430"
0040bc20,FUN_0040bc20,148,2,"FUN_0048a650 FUN_0048f711"
0040bcc0,FUN_0040bcc0,17,1,""
0040bce0,FUN_0040bce0,5,1,""
0040bcf0,FUN_0040bcf0,25,1,"FUN_0040b1f0"
0040bd10,FUN_0040bd10,25,3,"FUN_0040b430"
0040bd30,FUN_0040bd30,148,2,"FUN_0048a650 FUN_0048f711"
0040bdd0,FUN_0040bdd0,17,1,""
0040bdf0,FUN_0040bdf0,5,1,""
0040be00,FUN_0040be00,25,1,"FUN_0040b1f0"
0040be20,FUN_0040be20,25,3,"FUN_0040b430"
0040be40,FUN_0040be40,148,2,"FUN_0048a650 FUN_0048f711"
0040bee0,FUN_0040bee0,17,1,""
0040bf00,FUN_0040bf00,5,1,""
0040bf10,FUN_0040bf10,25,1,"FUN_0040b1f0"
0040bf30,FUN_0040bf30,25,3,"FUN_0040b430"
0040bf50,FUN_0040bf50,148,2,"FUN_0048a650 FUN_0048f711"
0040bff0,FUN_0040bff0,17,1,""
0040c010,FUN_0040c010,5,1,""
0040c020,FUN_0040c020,48,1,"FUN_0040b1f0"
0040c050,FUN_0040c050,25,3,"FUN_0040b430"
0040c070,FUN_0040c070,148,2,"FUN_0048a650 FUN_0048f711"
0040c110,FUN_0040c110,17,1,""
0040c130,FUN_0040c130,5,1,""
0040c140,FUN_0040c140,48,1,"FUN_0040b1f0"
0040c170,FUN_0040c170,25,3,"FUN_0040b430"
0040c190,FUN_0040c190,148,2,"FUN_0048a650 FUN_0048f711"
0040c230,FUN_0040c230,17,1,""
0040c250,FUN_0040c250,5,1,""
0040c260,FUN_0040c260,45,1,"FUN_0040b1f0"
0040c290,FUN_0040c290,325,3,"FUN_0040a0a0 FUN_0040b430 FUN_004ab4d0 __libm_sse2_sqrt_precise"
0040c3e0,FUN_0040c3e0,148,2,"FUN_0048a650 FUN_0048f711"
0040c490,FUN_0040c490,638,1,"FUN_00417b00 FUN_004402a0 FUN_004ab4d0 __libm_sse2_sqrt_precise"
0040c710,FUN_0040c710,17,1,""
0040c730,FUN_0040c730,5,1,""
0040c740,FUN_0040c740,25,1,"FUN_0040b1f0"
0040c760,FUN_0040c760,139,1,"FUN_0042fed0 FUN_00463a90"
0040c7f0,FUN_0040c7f0,148,2,"FUN_0048a650 FUN_0048f711"
0040c890,FUN_0040c890,17,1,""
0040c8b0,FUN_0040c8b0,5,1,""
0040c8c0,FUN_0040c8c0,25,1,"FUN_0040b1f0"
0040c8e0,FUN_0040c8e0,25,3,"FUN_0040b430"
0040c900,FUN_0040c900,148,2,"FUN_0048a650 FUN_0048f711"
0040c9a0,FUN_0040c9a0,17,1,""
0040c9c0,FUN_0040c9c0,5,1,""
0040c9d0,FUN_0040c9d0,25,1,"FUN_0040b1f0"
0040c9f0,FUN_0040c9f0,25,3,"FUN_0040b430"
0040ca10,FUN_0040ca10,148,2,"FUN_0048a650 FUN_0048f711"
0040cab0,FUN_0040cab0,24,1,""
0040cad0,FUN_0040cad0,5,1,""
0040cae0,FUN_0040cae0,55,1,"FUN_0040b1f0"
0040cb20,FUN_0040cb20,45,3,"FUN_0040b430"
0040cb50,FUN_0040cb50,148,2,"FUN_0048a650 FUN_0048f711"
0040cbf0,FUN_0040cbf0,24,1,""
0040cc10,FUN_0040cc10,5,1,""
0040cc20,FUN_0040cc20,55,1,"FUN_0040b1f0"
0040cc60,FUN_0040cc60,45,3,"FUN_0040b430"
0040cc90,FUN_0040cc90,148,2,"FUN_0048a650 FUN_0048f711"
0040cd30,FUN_0040cd30,17,1,""
0040cd50,FUN_0040cd50,5,1,""
0040cd60,FUN_0040cd60,25,1,"FUN_0040b1f0"
0040cd80,FUN_0040cd80,25,3,"FUN_0040b430"
0040cda0,FUN_0040cda0,148,2,"FUN_0048a650 FUN_0048f711"
0040ce40,FUN_0040ce40,17,1,""
0040ce60,FUN_0040ce60,5,1,""
0040ce70,FUN_0040ce70,25,1,"FUN_0040b1f0"
0040ce90,FUN_0040ce90,25,3,"FUN_0040b430"
0040ceb0,FUN_0040ceb0,148,2,"FUN_0048a650 FUN_0048f711"
0040cf50,FUN_0040cf50,17,1,""
0040cf70,FUN_0040cf70,5,1,""
0040cf80,FUN_0040cf80,25,1,"FUN_0040b1f0"
0040cfa0,FUN_0040cfa0,25,3,"FUN_0040b430"
0040cfc0,FUN_0040cfc0,148,2,"FUN_0048a650 FUN_0048f711"
0040d060,FUN_0040d060,17,1,""
0040d080,FUN_0040d080,5,1,""
0040d090,FUN_0040d090,31,1,"FUN_0040b1f0"
0040d0b0,FUN_0040d0b0,25,3,"FUN_0040b430"
0040d0d0,FUN_0040d0d0,148,2,"FUN_0048a650 FUN_0048f711"
0040d170,FUN_0040d170,17,1,""
0040d190,FUN_0040d190,5,1,""
0040d1a0,FUN_0040d1a0,45,1,"FUN_0040b1f0"
0040d1d0,FUN_0040d1d0,94,1,"FUN_0042fd90"
0040d230,FUN_0040d230,148,2,"FUN_0048a650 FUN_0048f711"
0040d2d0,FUN_0040d2d0,304,1,"FUN_00417b00"
0040d400,FUN_0040d400,24,1,""
0040d420,FUN_0040d420,5,1,""
0040d430,FUN_0040d430,121,1,"FUN_0040b1f0"
0040d4b0,FUN_0040d4b0,174,1,"FUN_0042fd90"
0040d560,FUN_0040d560,148,2,"FUN_0048a650 FUN_0048f711"
0040d600,FUN_0040d600,304,1,"FUN_00417b00"
0040d730,FUN_0040d730,5,1,""
0040d740,FUN_0040d740,5,1,""
0040d750,FUN_0040d750,48,0,""
0040d780,FUN_0040d780,76,2,"FUN_0048f711"
0040d7d0,FUN_0040d7d0,5,1,""
0040d7e0,FUN_0040d7e0,5,1,""
0040d7f0,FUN_0040d7f0,37,0,""
0040d820,FUN_0040d820,76,2,"FUN_0048f711"
0040d870,FUN_0040d870,5,1,""
0040d880,FUN_0040d880,5,1,""
0040d890,FUN_0040d890,178,1,"FUN_0048a4a0"
0040d950,FUN_0040d950,76,2,"FUN_0048f711"
0040d9a0,FUN_0040d9a0,5,1,""
0040d9b0,FUN_0040d9b0,5,1,""
0040d9c0,FUN_0040d9c0,82,1,"FUN_00402800"
0040da20,FUN_0040da20,76,2,"FUN_0048f711"
0040da70,FUN_0040da70,553,1,"EnterCriticalSection FUN_00407080 FUN_0040dca0 FUN_00463920 FUN_004792b0 FUN_0047ac70 FUN_00489e30 FUN_0048a540 FUN_0048a650 FUN_0048ac50 LeaveCriticalSection"
0040dca0,FUN_0040dca0,106,2,""
0040dd10,FUN_0040dd10,3,0,""
0040dd20,FUN_0040dd20,5,1,""
0040dd30,FUN_0040dd30,5,1,""
0040dd40,FUN_0040dd40,5,1,""
0040dd50,FUN_0040dd50,130,1,""
0040dde0,FUN_0040dde0,76,2,"FUN_0048f711"
0040de30,FUN_0040de30,5,1,""
0040de40,FUN_0040de40,5,1,""
0040de50,FUN_0040de50,5,1,""
0040de60,FUN_0040de60,5,1,""
0040de70,FUN_0040de70,130,1,""
0040df00,FUN_0040df00,76,2,"FUN_0048f711"
0040df50,FUN_0040df50,5,1,""
0040df60,FUN_0040df60,5,1,""
0040df70,FUN_0040df70,302,1,""
0040e0a0,FUN_0040e0a0,1517,1,"EnterCriticalSection FUN_00407080 FUN_0042fd90 FUN_0047ac70 FUN_00489e30 FUN_0048a4a0 FUN_0048a540 FUN_0048ac50"
0040e690,FUN_0040e690,79,2,"FUN_0048f711"
0040e6e0,FUN_0040e6e0,5,1,""
0040e6f0,FUN_0040e6f0,5,1,""
0040e700,FUN_0040e700,5,1,""
0040e710,FUN_0040e710,5,1,""
0040e720,FUN_0040e720,28,1,""
0040e740,FUN_0040e740,76,2,"FUN_0048f711"
0040e790,FUN_0040e790,5,1,""
0040e7a0,FUN_0040e7a0,5,1,""
0040e7b0,FUN_0040e7b0,5,1,""
0040e7c0,FUN_0040e7c0,43,1,""
0040e7f0,FUN_0040e7f0,76,2,"FUN_0048f711"
0040e840,FUN_0040e840,5,1,""
0040e850,FUN_0040e850,5,1,""
0040e860,FUN_0040e860,22,0,""
0040e880,FUN_0040e880,13,1,""
0040e890,FUN_0040e890,60,1,""
0040e8d0,FUN_0040e8d0,76,2,"FUN_0048f711"
0040e920,FUN_0040e920,5,1,""
0040e930,FUN_0040e930,5,1,""
0040e940,FUN_0040e940,22,0,""
0040e960,FUN_0040e960,76,2,"FUN_0048f711"
0040e9b0,FUN_0040e9b0,5,1,""
0040e9c0,FUN_0040e9c0,12,1,""
0040e9d0,FUN_0040e9d0,460,3,"FUN_00402890 FUN_004028d0 FUN_00417750 FUN_0044c860"
0040eba0,FUN_0040eba0,76,2,"FUN_0048f711"
0040ebf0,FUN_0040ebf0,5,1,""
0040ec00,FUN_0040ec00,38,1,"FUN_0048a650"
0040ec30,FUN_0040ec30,493,1,"EnterCriticalSection FUN_00407080 FUN_00463920 FUN_00479220 FUN_0047ac70 FUN_00489e30 FUN_0048ac50 LeaveCriticalSection"
0040ee20,FUN_0040ee20,41,1,"FUN_0040ec30 FUN_00463650"
0040ee50,FUN_0040ee50,301,1,"FUN_0042fd90 FUN_0044e6a0"
0040ef80,FUN_0040ef80,76,2,"FUN_0048f711"
0040efd0,FUN_0040efd0,80,1,"FUN_0048a650"
0040f020,FUN_0040f020,129,1,"FUN_0048a650"
0040f0b0,FUN_0040f0b0,928,1,"FUN_004063e0 FUN_00409d80 FUN_0042fd90 FUN_0044e6a0 FUN_0048a4a0 FUN_0048a540 FUN_0048a650"
0040f450,FUN_0040f450,656,1,"EnterCriticalSection FUN_00407080 FUN_00409c40 FUN_00463920 FUN_004792b0 FUN_0047ac70 FUN_00489e30 FUN_0048ac50 LeaveCriticalSection"
0040f6e0,FUN_0040f6e0,79,2,"FUN_0048f711"
0040f730,FUN_0040f730,80,1,"FUN_0048a650"
0040f780,FUN_0040f780,129,1,"FUN_0048a650"
0040f810,FUN_0040f810,512,1,"FUN_00402800 FUN_00409d80 FUN_0040a060 FUN_0042f860 FUN_0048a4a0 FUN_0048a650"
0040fa10,FUN_0040fa10,501,1,"EnterCriticalSection FUN_00407080 FUN_00409c40 FUN_00463920 FUN_004792b0 FUN_0047ac70 FUN_00489e30 FUN_0048ac50 LeaveCriticalSection"
0040fc10,FUN_0040fc10,76,2,"FUN_0048f711"
0040fc60,FUN_0040fc60,80,1,"FUN_0048a650"
0040fcb0,FUN_0040fcb0,129,1,"FUN_0048a650"
0040fd40,FUN_0040fd40,802,1,"FUN_004057c0 FUN_00409d80 FUN_0042fd90 FUN_0044e6a0 FUN_004792b0 FUN_0048a4a0 FUN_0048a540 FUN_0048a650"
00410070,FUN_00410070,467,1,"EnterCriticalSection FUN_00407080 FUN_00409c40 FUN_004792b0 FUN_0047ac70 FUN_00489e30 FUN_0048ac50 LeaveCriticalSection"
00410250,FUN_00410250,76,2,"FUN_0048f711"
004102a0,FUN_004102a0,80,1,"FUN_0048a650"
004102f0,FUN_004102f0,129,1,"FUN_0048a650"
00410380,FUN_00410380,485,1,"FUN_00405ad0 FUN_00409140 FUN_0042fd90 FUN_0044e6a0 FUN_004792b0 FUN_0048a4a0 FUN_0048a650"
00410580,FUN_00410580,31,1,"FUN_0048a650"
004105a0,FUN_004105a0,430,1,"EnterCriticalSection FUN_00407080 FUN_00409c40 FUN_004792b0 FUN_0047ac70 FUN_00489e30 FUN_0048ac50 LeaveCriticalSection"
00410750,FUN_00410750,76,2,"FUN_0048f711"
004107a0,FUN_004107a0,80,1,"FUN_0048a650"
004107f0,FUN_004107f0,129,1,"FUN_0048a650"
00410880,FUN_00410880,682,1,"FUN_00409d80 FUN_0042fed0 FUN_0044e590 FUN_00463a90 FUN_004792b0 FUN_0048a4a0 FUN_0048a650 __security_check_cookie"
00410b30,FUN_00410b30,31,1,"FUN_0048a650"
00410b50,FUN_00410b50,430,1,"EnterCriticalSection FUN_00407080 FUN_00409c40 FUN_004792b0 FUN_0047ac70 FUN_00489e30 FUN_0048ac50 LeaveCriticalSection"
00410d00,FUN_00410d00,76,2,"FUN_0048f711"
00410d50,FUN_00410d50,80,1,"FUN_0048a650"
00410da0,FUN_00410da0,129,1,"FUN_0048a650"
00410e30,FUN_00410e30,85,1,"FUN_0048a540"
00410e90,FUN_00410e90,574,1,"FUN_00409d80 FUN_0040a0f0 FUN_0040a1f0 FUN_0042fd90 FUN_0044e6a0 FUN_0045de30 FUN_004636b0 FUN_004792b0 FUN_0048a4a0 FUN_0048a540 FUN_0048a650"
004110d0,FUN_004110d0,31,1,"FUN_0048a650"
004110f0,FUN_004110f0,567,1,"EnterCriticalSection FUN_00407080 FUN_00409c40 FUN_0040a0f0 FUN_00463920 FUN_004792b0 FUN_0047ac70 FUN_00489e30 FUN_0048ac50 LeaveCriticalSection"
00411330,FUN_00411330,76,2,"FUN_0048f711"
00411380,FUN_00411380,5,1,""
00411390,FUN_00411390,61,1,""
004113d0,FUN_004113d0,73,1,"FUN_00409d80"
00411420,FUN_00411420,290,1,"FUN_00409c40 FUN_004343c0 _memset"
00411550,FUN_00411550,74,2,""
004115a0,FUN_004115a0,13,1,""
004115b0,FUN_004115b0,76,2,"FUN_0048f711"
00411600,FUN_00411600,80,1,"FUN_0048a650"
00411650,FUN_00411650,129,1,"FUN_0048a650"
004116e0,FUN_004116e0,327,1,"FUN_00409d80 FUN_0042fd90 FUN_0044e6a0 FUN_0048a650"
00411830,FUN_00411830,430,1,"EnterCriticalSection FUN_00407080 FUN_00409c40 FUN_004792b0 FUN_0047ac70 FUN_00489e30 FUN_0048ac50 LeaveCriticalSection"
004119e0,FUN_004119e0,76,2,"FUN_0048f711"
00411a30,FUN_00411a30,80,1,"FUN_0048a650"
00411a80,FUN_00411a80,129,1,"FUN_0048a650"
00411b10,FUN_00411b10,658,1,"FUN_00409d80 FUN_0042f860 FUN_00464430 FUN_0048a4a0 FUN_0048a650"
00411db0,FUN_00411db0,430,1,"EnterCriticalSection FUN_00407080 FUN_00409c40 FUN_004792b0 FUN_0047ac70 FUN_00489e30 FUN_0048ac50 LeaveCriticalSection"
00411f60,FUN_00411f60,76,2,"FUN_0048f711"
00411fb0,FUN_00411fb0,76,2,"FUN_0048f711"
00412000,FUN_00412000,76,2,"FUN_0048f711"
00412050,FUN_00412050,76,2,"FUN_0048f711"
004120a0,FUN_004120a0,5,1,""
004120b0,FUN_004120b0,54,1,""
004120f0,FUN_004120f0,310,1,"FUN_00409d80 FUN_0042fd90 FUN_0044e6a0 FUN_0048a4a0"
00412230,FUN_00412230,463,1,"EnterCriticalSection FUN_00407080 FUN_00409c40 FUN_004636b0 FUN_0046a0c0 FUN_00479220 FUN_004792b0 FUN_0047ac70 FUN_00489e30 FUN_0048ac50 LeaveCriticalSection"
00412400,FUN_00412400,76,2,"FUN_0048f711"
00412450,FUN_00412450,5,1,""
00412460,FUN_00412460,87,1,"FUN_0048a650"
004124c0,FUN_004124c0,530,1,"EnterCriticalSection FUN_00407080 FUN_00409c40 FUN_004636b0 FUN_00463920 FUN_00479220 FUN_0047ac70 FUN_00489e30 FUN_0048ac50 LeaveCriticalSection"
004126e0,FUN_004126e0,48,1,"FUN_004124c0 FUN_00463650 FUN_00479220"
00412710,FUN_00412710,352,1,"FUN_00409d80 FUN_0042fd90 FUN_0044e6a0"
00412870,FUN_00412870,76,2,"FUN_0048f711"
004128c0,FUN_004128c0,5,1,""
004128d0,FUN_004128d0,12,1,""
004128e0,FUN_004128e0,40,1,""
00412910,FUN_00412910,76,2,"FUN_0048f711"
00412960,FUN_00412960,5,1,""
00412970,FUN_00412970,5,1,""
00412980,FUN_00412980,5,1,""
00412990,FUN_00412990,5,1,""
004129a0,FUN_004129a0,127,1,""
00412a20,FUN_00412a20,76,2,"FUN_0048f711"
00412a70,FUN_00412a70,5,1,""
00412a80,FUN_00412a80,5,1,""
00412a90,FUN_00412a90,5,1,""
00412aa0,FUN_00412aa0,5,1,""
00412ab0,FUN_00412ab0,23,1,""
00412ad0,FUN_00412ad0,76,2,"FUN_0048f711"
00412b20,FUN_00412b20,5,1,""
00412b30,FUN_00412b30,5,1,""
00412b40,FUN_00412b40,5,1,""
00412b50,FUN_00412b50,5,1,""
00412b60,FUN_00412b60,23,1,""
00412b80,FUN_00412b80,76,2,"FUN_0048f711"
00412bd0,FUN_00412bd0,5,1,""
00412be0,FUN_00412be0,5,1,""
00412bf0,FUN_00412bf0,5,1,""
00412c00,FUN_00412c00,5,1,""
00412c10,FUN_00412c10,115,1,""
00412c90,FUN_00412c90,76,2,"FUN_0048f711"
00412ce0,FUN_00412ce0,5,1,""
00412cf0,FUN_00412cf0,5,1,""
00412d00,FUN_00412d00,81,0,"FUN_0041ca80 FUN_0046a1b0"
00412d60,FUN_00412d60,76,2,"FUN_0048f711"
00412db0,FUN_00412db0,76,2,"FUN_0048f711"
00412e00,FUN_00412e00,5,1,""
00412e10,FUN_00412e10,5,1,""
00412e20,FUN_00412e20,5,1,""
00412e30,FUN_00412e30,89,1,""
00412e90,FUN_00412e90,76,2,"FUN_0048f711"
00412ee0,FUN_00412ee0,5,1,""
00412ef0,FUN_00412ef0,61,1,""
00412f30,FUN_00412f30,593,1,"EnterCriticalSection FUN_00407080 FUN_00409d80 FUN_0047a220 FUN_0047ac70 FUN_00489e30 FUN_0048ac50 LeaveCriticalSection"
00413190,FUN_00413190,151,1,"FUN_00409c40 FUN_0040a0f0 FUN_004792b0"
00413230,FUN_00413230,76,2,"FUN_0048f711"
00413280,FUN_00413280,17,1,""
004132a0,FUN_004132a0,15,1,""
004132b0,FUN_004132b0,45,1,"FUN_0040b1f0"
004132e0,FUN_004132e0,148,2,"FUN_0048a650 FUN_0048f711"
00413390,FUN_00413390,729,1,"FUN_00417b00 FUN_0048a540 FUN_004ab4d0 __libm_sse2_sqrt_precise"
00413670,FUN_00413670,5,1,""
00413680,FUN_00413680,5,1,""
00413690,FUN_00413690,5,1,""
004136a0,FUN_004136a0,23,1,""
004136c0,FUN_004136c0,76,2,"FUN_0048f711"
00413710,FUN_00413710,5,1,""
00413720,FUN_00413720,61,1,""
00413760,FUN_00413760,152,1,"FUN_00409d80 FUN_0042fed0 FUN_004792b0 FUN_0048a540"
00413800,FUN_00413800,380,1,"EnterCriticalSection FUN_00407080 FUN_00409c40 FUN_004792b0 FUN_0047ac70 FUN_00489e30 FUN_0048ac50 LeaveCriticalSection"
00413980,FUN_00413980,148,2,"FUN_0048a650 FUN_0048f711"
00413a20,FUN_00413a20,5,1,""
00413a30,FUN_00413a30,61,1,""
00413a70,FUN_00413a70,152,1,"FUN_00409d80 FUN_0042fed0 FUN_004792b0 FUN_0048a540"
00413b10,FUN_00413b10,380,1,"EnterCriticalSection FUN_00407080 FUN_00409c40 FUN_004792b0 FUN_0047ac70 FUN_00489e30 FUN_0048ac50 LeaveCriticalSection"
00413c90,FUN_00413c90,148,2,"FUN_0048a650 FUN_0048f711"
00413d30,FUN_00413d30,17,1,""
00413d50,FUN_00413d50,5,1,""
00413d60,FUN_00413d60,97,1,"FUN_0040b1f0"
00413dd0,FUN_00413dd0,94,1,"FUN_0042fd90"
00413e30,FUN_00413e30,148,2,"FUN_0048a650 FUN_0048f711"
00413ee0,FUN_00413ee0,677,1,"FUN_00402800 FUN_004028d0 FUN_00417b00 __libm_sse2_sqrt_precise"
00414190,FUN_00414190,80,1,"FUN_0048a650"
004141e0,FUN_004141e0,129,1,"FUN_0048a650"
00414270,FUN_00414270,237,1,"FUN_00409d80"
00414360,FUN_00414360,440,1,"EnterCriticalSection FUN_00407080 FUN_00409c40 FUN_004792b0 FUN_0047ac70 FUN_00489e30 FUN_0048ac50 LeaveCriticalSection"
00414520,FUN_00414520,76,2,"FUN_0048f711"
00414570,FUN_00414570,87,1,"FUN_0048a650"
004145d0,FUN_004145d0,136,1,"FUN_0048a650"
00414660,FUN_00414660,776,1,"FUN_004057c0 FUN_00405ad0 FUN_00409d80 FUN_0042fd90 FUN_0044e6a0 FUN_004792b0 FUN_0048a4a0 FUN_0048a540 FUN_0048a8d0"
00414970,FUN_00414970,546,1,"EnterCriticalSection FUN_00407080 FUN_00409c40 FUN_00463920 FUN_004792b0 FUN_0047ac70 FUN_00489e30 FUN_0048a4a0 FUN_0048ac50 LeaveCriticalSection"
00414ba0,FUN_00414ba0,76,2,"FUN_0048f711"
00414bf0,FUN_00414bf0,5,1,""
00414c00,FUN_00414c00,5,1,""
00414c10,FUN_00414c10,5,1,""
00414c20,FUN_00414c20,127,1,""
00414ca0,FUN_00414ca0,76,2,"FUN_0048f711"
00414cf0,FUN_00414cf0,5,1,""
00414d00,FUN_00414d00,33,0,""
00414d30,FUN_00414d30,5,1,""
00414d40,FUN_00414d40,5,1,""
00414d50,FUN_00414d50,89,1,""
00414db0,FUN_00414db0,76,2,"FUN_0048f711"
00414e00,FUN_00414e00,5,1,""
00414e10,FUN_00414e10,12,1,""
00414e20,FUN_00414e20,5,1,""
00414e30,FUN_00414e30,5,1,""
00414e40,FUN_00414e40,54,1,""
00414e80,FUN_00414e80,76,2,"FUN_0048f711"
00414ed0,FUN_00414ed0,76,2,"FUN_0048f711"
00414f20,FUN_00414f20,9659,3,"FUN_00407f80 FUN_00409180 FUN_00409440 FUN_00414ed0 FUN_00417640 FUN_004177c0 FUN_004177d0 FUN_0048f6e1 _memset"
00417640,FUN_00417640,63,2,""
00417680,FUN_00417680,76,2,"FUN_0048f711"
004176d0,FUN_004176d0,4,1,""
004176e0,FUN_004176e0,13,2,""
004176f0,FUN_004176f0,52,1,""
00417730,FUN_00417730,24,2,""
00417750,FUN_00417750,32,4,""
00417770,FUN_00417770,4,1,""
00417780,FUN_00417780,6,1,""
00417790,FUN_00417790,47,1,""
004177c0,FUN_004177c0,3,0,""
004177d0,FUN_004177d0,3,0,""
004177e0,FUN_004177e0,3,0,""
004177f0,FUN_004177f0,5,0,""
00417800,FUN_00417800,3,0,""
00417810,FUN_00417810,3,0,""
00417820,FUN_00417820,3,0,""
00417830,FUN_00417830,5,0,""
00417840,FUN_00417840,3,0,""
00417850,FUN_00417850,3,0,""
00417860,FUN_00417860,5,0,""
00417870,FUN_00417870,3,0,""
00417880,FUN_00417880,5,0,""
00417890,FUN_00417890,3,0,""
004178a0,FUN_004178a0,58,2,""
004178e0,FUN_004178e0,4,1,""
004178f0,FUN_004178f0,10,1,""
00417900,FUN_00417900,5,0,""
00417910,FUN_00417910,3,0,""
00417920,FUN_00417920,3,0,""
00417930,FUN_00417930,3,0,""
00417940,FUN_00417940,97,1,""
004179b0,FUN_004179b0,57,2,""
004179f0,FUN_004179f0,250,7,"EnterCriticalSection FUN_00407080 FUN_0047ac70 FUN_00489e30 FUN_0048ac50 LeaveCriticalSection"
00417af0,FUN_00417af0,3,1,""
00417b00,FUN_00417b00,32,3,""
00417b20,FUN_00417b20,69,0,"FUN_0048a650"
00417b70,FUN_00417b70,53,1,"FUN_0048a4a0 FUN_0048a880"
00417bb0,FUN_00417bb0,163,1,"FUN_0041c520 FUN_0048a4a0 FUN_0048a850 FUN_0048a880"
00417c60,FUN_00417c60,245,0,"FUN_0048a4a0 FUN_0048a850 FUN_0048a880"
00417d60,FUN_00417d60,197,0,"FUN_0048a4a0 FUN_0048a880"
00417e30,FUN_00417e30,98,2,""
00417ea0,FUN_00417ea0,97,0,"FUN_004695d0 FUN_00492e00"
00417f10,FUN_00417f10,67,1,"FUN_00407e50"
00417f60,FUN_00417f60,61,0,"FUN_00407e50"
00417fa0,FUN_00417fa0,76,2,""
00417ff0,FUN_00417ff0,595,3,"FUN_00401150 FUN_00401200 FUN_004015a0 FUN_00407e50 FUN_0041c7e0"
00418250,FUN_00418250,323,2,"FUN_00417ff0 FUN_004183a0 FUN_0048f6e1 _memset"
004183a0,FUN_004183a0,316,1,"EnterCriticalSection FUN_00401610 FUN_00417ea0 FUN_0048a650 FUN_0048a700 FUN_0048f711 LeaveCriticalSection"
004184f0,FUN_004184f0,9158,1,"FUN_00402800 FUN_00402aa0 FUN_00405970 FUN_00405ad0 FUN_00407e50 FUN_00407f80 FUN_00407fb0 FUN_004097a0 FUN_00409920 FUN_004179b0 FUN_004179f0 FUN_00417b20 FUN_00417b70 FUN_00417bb0 FUN_00417c60 FUN_00417d60 FUN_00417e30 FUN_00417f60 FUN_004183a0 FUN_0041a900 FUN_0041a980 FUN_0041aab0 FUN_0041b340 FUN_0041b790 FUN_0041ba40 FUN_0041c480 FUN_0041c520 FUN_0041c7b0 FUN_0041c7e0 FUN_00479220 FUN_0047ac70 FUN_0048a4a0 FUN_0048a540 FUN_0048a5c0 FUN_0048a650 FUN_0048a850 FUN_0048a880 FUN_0048a900 FUN_0048aa10"
0041a900,FUN_0041a900,117,1,""
0041a980,FUN_0041a980,304,1,"FUN_0048a5c0"
0041aab0,FUN_0041aab0,255,3,"FUN_004097a0 FUN_0048a5c0 FUN_0048a650"
0041abb0,FUN_0041abb0,1926,1,"FUN_00406220 FUN_00407e50 FUN_00407f80 FUN_0041b340 FUN_0041c720 FUN_00422760 FUN_0048a4a0 FUN_0048ab90"
0041b340,FUN_0041b340,148,1,""
0041b400,FUN_0041b400,897,1,"FUN_004020b0 FUN_00417fa0 FUN_0049337f __security_check_cookie"
0041b790,FUN_0041b790,683,2,"EnterCriticalSection FUN_00407080 FUN_00409f70 FUN_0041c850 FUN_0047ac70 FUN_00488ef0 FUN_00489f70 FUN_0048a4a0 FUN_0048ac50 LeaveCriticalSection"
0041ba40,FUN_0041ba40,2621,4,"FUN_00407e50 FUN_00488ef0 FUN_0048a4a0 FUN_0048a850 FUN_0048a880"
0041c480,FUN_0041c480,148,1,"FUN_0047a220 FUN_0048a4a0 FUN_0048a540 FUN_0048a880"
0041c520,FUN_0041c520,245,3,"FUN_00407e50 FUN_0048a4a0 FUN_0048a850 FUN_0048a880"
0041c620,FUN_0041c620,141,0,"FUN_0048a4a0 FUN_0048a880"
0041c6b0,FUN_0041c6b0,39,1,""
0041c6e0,FUN_0041c6e0,39,1,""
0041c710,FUN_0041c710,11,0,""
0041c720,FUN_0041c720,133,0,""
0041c7b0,FUN_0041c7b0,37,1,""
0041c7e0,FUN_0041c7e0,101,2,""
0041c850,FUN_0041c850,193,3,"EnterCriticalSection FUN_00407080 FUN_0047ac70 FUN_00489f70 FUN_0048ac50 LeaveCriticalSection"
0041c920,FUN_0041c920,163,1,"FUN_0041c520 FUN_0048a4a0 FUN_0048a850 FUN_0048a880"
0041c9d0,FUN_0041c9d0,86,2,""
0041ca30,FUN_0041ca30,66,0,"FUN_00407e50"
0041ca80,FUN_0041ca80,120,1,"FUN_0048a540"
0041cb00,FUN_0041cb00,120,1,"FUN_0048a540"
0041cb80,FUN_0041cb80,344,1,"EnterCriticalSection FUN_00402800 LeaveCriticalSection"
0041cce0,FUN_0041cce0,161,1,"FUN_00402800 FUN_00417f10"
0041cdb0,FUN_0041cdb0,1109,4,"FUN_00402800 FUN_00407e50 FUN_0041cce0 __security_check_cookie _memset"
0041d210,FUN_0041d210,533,3,"FUN_00402800 FUN_00407e50 __security_check_cookie _memset"
0041d430,FUN_0041d430,1716,2,"FUN_00401150 FUN_00401200 FUN_004015a0 FUN_00407e50 FUN_0041c7e0 FUN_0041cb80 FUN_0041cce0 FUN_0041cdb0 FUN_0041d210 __security_check_cookie _memset"
0041daf0,FUN_0041daf0,321,1,"EnterCriticalSection FUN_00401610 FUN_0048a650 FUN_0048a700 FUN_0048f711 LeaveCriticalSection"
0041dc40,FUN_0041dc40,429,1,"FUN_00407fb0 FUN_00408fe0 FUN_00409040 FUN_004090f0 FUN_00409180 FUN_00414f20 FUN_0041cb00 FUN_0041daf0 FUN_0041ddf0 FUN_0041f930 FUN_0041f9a0 FUN_004636b0"
0041ddf0,FUN_0041ddf0,851,2,""
0041e150,FUN_0041e150,4877,1,"EnterCriticalSection FUN_00402aa0 FUN_00405ad0 FUN_00406220 FUN_00407080 FUN_00407e50 FUN_00409920 FUN_00414f20 FUN_00417790 FUN_004179b0 FUN_004179f0 FUN_00417b20 FUN_00417d60 FUN_0041b790 FUN_0041ba40 FUN_0041c480 FUN_0041c520 FUN_0041c7b0 FUN_0041c7e0 FUN_0041c920 FUN_0041c9d0 FUN_0041cb80 FUN_0041dc40 FUN_0041f860 FUN_0041f8a0 FUN_00479220 FUN_0047ac70 FUN_00489e30 FUN_0048a4a0 FUN_0048a540 FUN_0048a5c0 FUN_0048a650 FUN_0048a850 FUN_0048a880 FUN_0048ab90 FUN_0048ac50 LeaveCriticalSection __security_check_cookie"
0041f860,FUN_0041f860,54,1,"FUN_0041f8a0"
0041f8a0,FUN_0041f8a0,139,1,""
0041f930,FUN_0041f930,97,1,"_memset"
0041f9a0,FUN_0041f9a0,116,1,"_memset"
0041fa20,FUN_0041fa20,3,1,""
0041fa30,FUN_0041fa30,4,1,""
0041fa40,FUN_0041fa40,166,2,"FUN_00402800 FUN_00407e50"
0041faf0,FUN_0041faf0,86,2,""
0041fb50,FUN_0041fb50,767,2,"FUN_00401150 FUN_00401200 FUN_004015a0 FUN_00407e50 FUN_0041c7e0 __security_check_cookie"
0041fe50,FUN_0041fe50,321,1,"EnterCriticalSection FUN_00401610 FUN_0048a650 FUN_0048a700 FUN_0048f711 LeaveCriticalSection"
0041ffa0,FUN_0041ffa0,429,1,"FUN_00407fb0 FUN_00408fe0 FUN_00409040 FUN_004090f0 FUN_00409180 FUN_00414f20 FUN_0041cb00 FUN_0041ddf0 FUN_0041f930 FUN_0041f9a0 FUN_0041fe50 FUN_004636b0"
00420150,FUN_00420150,3994,1,"FUN_00402800 FUN_00402aa0 FUN_004057c0 FUN_00405ad0 FUN_00407e50 FUN_00407f30 FUN_00409920 FUN_00409d80 FUN_00414f20 FUN_004179b0 FUN_004179f0 FUN_00417b20 FUN_00417d60 FUN_00417f10 FUN_0041b790 FUN_0041ba40 FUN_0041c480 FUN_0041c520 FUN_0041c7b0 FUN_0041c7e0 FUN_0041c920 FUN_0041fa40 FUN_0041faf0 FUN_0041ffa0 FUN_00421580 FUN_004697f0 FUN_00479220 FUN_0048a540 FUN_0048a5c0 FUN_0048a650 FUN_0048a790 FUN_0048ab90 FUN_0048ae00 FUN_0048ae30 FUN_0048ae60 FUN_0048ae90"
00421130,FUN_00421130,936,1,"FUN_00417f10 FUN_00422760"
00421510,FUN_00421510,108,2,""
00421580,FUN_00421580,855,2,"FUN_00401150 FUN_00401200 FUN_004015a0 FUN_004025f0 FUN_00402800 FUN_00407e50 FUN_00421510 FUN_004218e0 FUN_00470940 FUN_00488360 FUN_0048f6e1 _memset"
004218e0,FUN_004218e0,197,1,"EnterCriticalSection FUN_00401610 FUN_0048f711 LeaveCriticalSection"
004219b0,FUN_004219b0,793,1,"FUN_004057c0 FUN_00407f80 FUN_0041c850 FUN_00421510 FUN_004218e0 FUN_00421cf0 FUN_00479220 FUN_0047a220 FUN_00488ef0 FUN_0048a650 FUN_0048a790 FUN_0048aa10"
00421cf0,FUN_00421cf0,40,1,""
00421d20,FUN_00421d20,361,1,"FUN_00401150 FUN_00401200 FUN_004015a0 FUN_004025f0 FUN_00424120 FUN_0047a220 FUN_00488360"
00421e90,FUN_00421e90,589,1,"EnterCriticalSection FUN_00401610 FUN_004243e0 FUN_00488ac0 LeaveCriticalSection"
004220f0,FUN_004220f0,484,0,"FUN_00421d20 FUN_00421e90 FUN_0048f6e1 FUN_0048f711 _memset"
004222e0,FUN_004222e0,131,1,""
00422640,FUN_00422640,280,3,""
00422760,FUN_00422760,334,4,"FUN_00404be0 FUN_00422640 __security_check_cookie"
004228d0,FUN_004228d0,524,2,"FUN_00422640 FUN_00424000 __security_check_cookie"
00422b00,FUN_00422b00,98,4,"FUN_00404be0 FUN_00422640 __security_check_cookie"
00422b70,FUN_00422b70,203,2,"FUN_00422c40 FUN_0045b000 FUN_00480e10"
00422c40,FUN_00422c40,4566,2,"FUN_004803d0 FUN_00480fd0"
00423ec0,FUN_00423ec0,256,5,""
00423fc0,FUN_00423fc0,61,2,""
00424000,FUN_00424000,24,3,"FUN_00404be0"
00424020,FUN_00424020,127,2,"FUN_0045b000"
004240a0,FUN_004240a0,113,0,"FUN_0045b000"
00424120,FUN_00424120,704,1,"_memset"
004243e0,FUN_004243e0,82,1,"FUN_0049337f"
00424440,FUN_00424440,5,1,""
00424480,FUN_00424480,8,1,""
00424490,FUN_00424490,172,4,""
00424540,FUN_00424540,756,2,"FUN_00401150 FUN_00401200 FUN_004015a0 FUN_004020b0 FUN_004025f0 FUN_004026c0 FUN_00488360 FUN_00492e00 FUN_00493374 _memset"
00424840,FUN_00424840,736,1,"EnterCriticalSection FUN_00401610 FUN_00424b40 FUN_00488ac0 FUN_0049337f LeaveCriticalSection `eh_vector_destructor_iterator'"
00424b40,FUN_00424b40,223,1,"FUN_0048a650 FUN_0048f711 FUN_0049337f"
00424c30,FUN_00424c30,478,1,"D3DXVec3Normalize FUN_00425e00 FUN_00427390 FUN_0047ac70 __security_check_cookie"
00424e10,FUN_00424e10,1156,1,"FUN_00401150 FUN_00401200 FUN_004015a0 FUN_00425a80 FUN_00428440 FUN_00480e10 FUN_0048f6e1 __security_check_cookie _memset"
004252a0,FUN_004252a0,849,1,"FUN_00409d80 FUN_00425a80 FUN_00428440 FUN_00480e10 FUN_00489d40"
00425630,FUN_00425630,1094,3,"D3DXMatrixTranslation D3DXVec3ProjectArray __security_check_cookie"
00425a80,FUN_00425a80,885,2,"FUN_00425630 FUN_00426f80 FUN_00428440 FUN_00480e10 FUN_00483890 __security_check_cookie"
00425e00,FUN_00425e00,4190,1,"FUN_004029b0 FUN_00404b90 FUN_00404bb0 FUN_004057c0 FUN_00405ad0 FUN_004063e0 FUN_00407080 FUN_004243e0 FUN_00424490 FUN_00424b40 FUN_00427bd0 FUN_004280d0 FUN_00431d80 FUN_0047ac70 FUN_0048f6e1"
00426ef0,FUN_00426ef0,133,1,""
00426f80,FUN_00426f80,1027,2,"D3DXMatrixLookAtLH D3DXMatrixPerspectiveFovLH D3DXVec3Normalize FUN_0045b000 FUN_00480e10 FUN_00483890 __security_check_cookie"
00427390,FUN_00427390,2103,1,"D3DXVec3Normalize FUN_00402890 FUN_00431f70 FUN_004abed0 __security_check_cookie"
00427bd0,FUN_00427bd0,1140,2,"FUN_004030b0 FUN_004282b0 FUN_00428320"
00428050,FUN_00428050,50,1,""
00428090,FUN_00428090,13,2,""
004280a0,FUN_004280a0,15,2,""
004280b0,FUN_004280b0,14,2,""
004280c0,FUN_004280c0,13,2,""
004280d0,FUN_004280d0,473,1,"FUN_004030b0"
004282b0,FUN_004282b0,106,2,""
00428320,FUN_00428320,137,3,""
004283b0,FUN_004283b0,88,4,""
00428410,FUN_00428410,48,3,"FUN_00407080 FUN_0047ac70"
00428440,FUN_00428440,552,1,"D3DXMatrixLookAtLH D3DXMatrixPerspectiveFovLH D3DXVec3Normalize FUN_00480e10 __security_check_cookie"
00428670,FUN_00428670,3,0,""
00428680,FUN_00428680,3,0,""
00428690,FUN_00428690,3,0,""
004286a0,FUN_004286a0,5,0,""
004286b0,FUN_004286b0,3,0,""
004286c0,FUN_004286c0,3,0,""
004286d0,FUN_004286d0,38,2,"FUN_00428700 FUN_0048f711"
00428700,FUN_00428700,285,1,"EnterCriticalSection FUN_00401610 FUN_0048a650 FUN_0049337f LeaveCriticalSection"
00428830,FUN_00428830,327,0,"FUN_00401150 FUN_00401200 FUN_004015a0 FUN_0048f6e1 _memset"
00428980,FUN_00428980,38,2,"FUN_00428700 FUN_0048f711"
00428ad0,FUN_00428ad0,27,0,""
00428af0,FUN_00428af0,506,1,"FUN_00422760 __security_check_cookie"
00428cf0,FUN_00428cf0,69,0,""
00428d40,FUN_00428d40,962,1,"EnterCriticalSection FUN_00401150 FUN_004015a0 FUN_00407080 FUN_00479220 FUN_0047ac70 FUN_00489e30 FUN_0048ac50 FUN_0048f6e1 LeaveCriticalSection _memset"
00429110,FUN_00429110,942,1,"FUN_004299d0 FUN_00463a90 FUN_0048a4a0 FUN_0048a540"
004294c0,FUN_004294c0,6,0,""
004294d0,FUN_004294d0,5,0,""
004294e0,FUN_004294e0,261,2,"EnterCriticalSection FUN_00407080 FUN_004299d0 FUN_0047ac70 FUN_00489e30 FUN_0048ac50 LeaveCriticalSection"
004295f0,FUN_004295f0,610,1,"FUN_00404b90 FUN_00404bb0 FUN_00429870 FUN_0042fed0 FUN_0048ab90 __security_check_cookie"
00429860,FUN_00429860,3,0,""
00429870,FUN_00429870,298,2,"FUN_00404b90 FUN_00404bb0 FUN_00429870"
004299a0,FUN_004299a0,33,2,""
004299d0,FUN_004299d0,32,3,""
004299f0,FUN_004299f0,6,1,""
00429a00,FUN_00429a00,6,1,""
00429a10,FUN_00429a10,13,1,""
00429a20,FUN_00429a20,25,2,""
00429a40,FUN_00429a40,6,0,""
00429a50,FUN_00429a50,4,1,""
00429a60,FUN_00429a60,76,1,""
00429ab0,FUN_00429ab0,5,1,""
00429ac0,FUN_00429ac0,99,1,"FUN_0048a4a0"
00429b30,FUN_00429b30,85,2,"FUN_00429ac0 FUN_00431b00"
00429b90,FUN_00429b90,11,1,""
00429ba0,FUN_00429ba0,72,1,""
00429bf0,FUN_00429bf0,23,1,"_memset"
00429c10,FUN_00429c10,30,1,"_memset"
00429c30,FUN_00429c30,259,1,"_memset"
00429d50,FUN_00429d50,364,0,"FUN_0048a700 _memset"
00429ec0,FUN_00429ec0,486,0,"FUN_00401150 FUN_00401200 FUN_004015a0 FUN_004025f0 FUN_0042a0b0 FUN_00488360 FUN_0048f6e1 _memset `eh_vector_constructor_iterator'"
0042a0b0,FUN_0042a0b0,290,1,"EnterCriticalSection FUN_00401610 FUN_0048a700 FUN_0048f711 LeaveCriticalSection `eh_vector_destructor_iterator'"
0042a1e0,FUN_0042a1e0,17,0,"FUN_0042a0b0"
0042a200,FUN_0042a200,2647,1,"FUN_004176f0 FUN_004280d0 FUN_0042ac70 FUN_0042b220 FUN_0042c590 FUN_0042e130 FUN_0042e360 FUN_0042e590 FUN_0042e710 FUN_0042e910 FUN_0042ee20 FUN_0042f0e0 FUN_0042f340 FUN_00430720 FUN_00479220 FUN_0047ac70"
0042ac70,FUN_0042ac70,1447,2,"FUN_004028d0 FUN_004057c0 FUN_00405ad0 FUN_004176f0 FUN_004179b0 FUN_004179f0 FUN_0041c6e0 FUN_004299a0 FUN_004305d0 FUN_004306a0 FUN_00431b00 FUN_00447e60 FUN_00462bd0 FUN_00462d70 FUN_00463c60 FUN_0048a4a0 FUN_0048a540 FUN_0048a790 __security_check_cookie"
0042b220,FUN_0042b220,396,1,""
0042b3b0,FUN_0042b3b0,525,1,"FUN_0042a200 FUN_0042ac70"
0042b720,FUN_0042b720,3268,5,"EnterCriticalSection FUN_00402890 FUN_004028d0 FUN_00407080 FUN_004179b0 FUN_00424120 FUN_0042b220 FUN_0042c590 FUN_00430720 FUN_0047a480 FUN_0047ac70 FUN_00489e30 FUN_0048ac50 FUN_004ab4d0 FUN_004abd10 FUN_004abed0 LeaveCriticalSection __libm_sse2_sqrt_precise"
0042c450,FUN_0042c450,308,1,"FUN_004028d0 FUN_00429ba0 FUN_00462b50 FUN_004ab4d0"
0042c590,FUN_0042c590,6534,1,"EnterCriticalSection FUN_004028d0 FUN_00407080 FUN_00424120 FUN_0042c450 FUN_0042e010 FUN_0042f860 FUN_00430720 FUN_004343c0 FUN_0044da90 FUN_0044e0f0 FUN_00479220 FUN_004792b0 FUN_0047a480 FUN_0047ac70 FUN_00489e30 FUN_0048a650 FUN_0048ac50 FUN_0048f6e1 FUN_004ab4d0 __security_check_cookie _memset"
0042e010,FUN_0042e010,279,1,"FUN_0042b720 FUN_004792b0 FUN_004ab4d0"
0042e130,FUN_0042e130,551,1,"FUN_004ab4d0 __libm_sse2_sqrt_precise"
0042e360,FUN_0042e360,551,1,"FUN_004ab4d0 __libm_sse2_sqrt_precise"
0042e590,FUN_0042e590,377,1,"FUN_00430720"
0042e710,FUN_0042e710,478,1,"FUN_00404ab0 FUN_00404b10 FUN_00430720 FUN_00462b50 FUN_00479220"
0042e910,FUN_0042e910,1295,1,"FUN_00430720 FUN_00479220"
0042ee20,FUN_0042ee20,696,1,"FUN_00430720 FUN_004ab4d0 __libm_sse2_sqrt_precise"
0042f0e0,FUN_0042f0e0,594,1,"FUN_004063e0 FUN_00430720 FUN_004ab4d0"
0042f340,FUN_0042f340,1306,1,"D3DXVec2Normalize FUN_004305b0"
0042f860,FUN_0042f860,1039,2,"EnterCriticalSection FUN_00402800 FUN_00407080 FUN_00431b00 FUN_0044c620 FUN_0044c860 FUN_004792b0 FUN_0047ac70 FUN_00489e30 FUN_0048a540 FUN_0048ac50 LeaveCriticalSection __security_check_cookie"
0042fc70,FUN_0042fc70,280,1,"FUN_0042f860"
0042fd90,FUN_0042fd90,320,4,"FUN_0042f860"
0042fed0,FUN_0042fed0,794,5,"FUN_00404b90 FUN_00404bb0 FUN_0042f860"
004301f0,FUN_004301f0,854,0,"EnterCriticalSection FUN_00407080 FUN_00431b00 FUN_004792b0 FUN_0047ac70 FUN_00489e30 FUN_0048a540 FUN_0048ac50 LeaveCriticalSection __security_check_cookie"
00430590,FUN_00430590,15,2,""
004305a0,FUN_004305a0,15,2,""
004305b0,FUN_004305b0,32,3,""
004305d0,FUN_004305d0,197,5,""
004306a0,FUN_004306a0,97,1,""
00430710,FUN_00430710,9,0,""
00430720,FUN_00430720,32,3,""
00430740,FUN_00430740,92,1,""
004307a0,FUN_004307a0,116,0,"FUN_0047ac70"
00430820,FUN_00430820,291,1,"EnterCriticalSection FUN_00401610 FUN_0048a650 FUN_0048f711 LeaveCriticalSection"
00430c00,FUN_00430c00,388,1,"FUN_00422760 FUN_0048a4a0"
00430d90,FUN_00430d90,1063,5,"FUN_00405970 FUN_00479220 FUN_0047ac70 FUN_00488d70 FUN_0048a4a0 FUN_0048ab90 __security_check_cookie"
004311c0,FUN_004311c0,121,0,"FUN_004307a0 FUN_00479220 FUN_0048a540 FUN_0048a650"
00431240,FUN_00431240,30,2,""
00431260,FUN_00431260,7,1,""
00431270,FUN_00431270,15,1,""
00431280,FUN_00431280,23,1,""
004312a0,FUN_004312a0,45,1,"FUN_0047ac70"
004312d0,FUN_004312d0,45,1,"FUN_0047ac70"
00431300,FUN_00431300,4,1,""
00431310,FUN_00431310,288,1,"_memset"
00431430,FUN_00431430,135,1,"FUN_0048a700"
004314c0,FUN_004314c0,162,0,""
00431570,FUN_00431570,37,1,""
004315a0,FUN_004315a0,68,1,""
004315f0,FUN_004315f0,64,1,"FUN_0048a700"
00431630,FUN_00431630,374,0,"FUN_00401150 FUN_00401200 FUN_004015a0 FUN_004025f0 FUN_00488360 FUN_0048f6e1 _memset"
004317b0,FUN_004317b0,367,1,"EnterCriticalSection FUN_00401610 FUN_00402c30 FUN_00488ac0 FUN_0048a700 FUN_0048f711 LeaveCriticalSection"
00431930,FUN_00431930,418,1,"FUN_00405970 FUN_0048a4a0"
00431b00,FUN_00431b00,300,5,"FUN_00405970"
00431c30,FUN_00431c30,318,1,"FUN_00406740 FUN_0041c850"
00431d80,FUN_00431d80,483,3,"FUN_0045c4d0 FUN_0048a4a0 FUN_0048a880 FUN_00493374"
00431f70,FUN_00431f70,342,2,"FUN_004320d0"
004320d0,FUN_004320d0,149,1,""
00432170,FUN_00432170,108,1,"FUN_004020b0 FUN_0049337f"
004321e0,FUN_004321e0,602,1,"FUN_00401150 FUN_00401200 FUN_004015a0 FUN_004020b0 FUN_004025f0 FUN_00407e50 FUN_00432740 FUN_00433710 FUN_0048f6e1"
00432440,FUN_00432440,429,1,"EnterCriticalSection FUN_00401610 FUN_00402c30 FUN_00488ac0 FUN_0048a650 FUN_0048f711 FUN_0049337f LeaveCriticalSection"
00432600,FUN_00432600,17,0,"FUN_00432440"
00432620,FUN_00432620,249,1,"FUN_00432960"
00432740,FUN_00432740,533,2,"FUN_00405970 FUN_0048a4a0 _memset"
00432960,FUN_00432960,3278,1,"EnterCriticalSection FUN_00401150 FUN_00401200 FUN_004015a0 FUN_00402cb0 FUN_00407080 FUN_00432170 FUN_00433710 FUN_00447cb0 FUN_0045ad40 FUN_00479220 FUN_0047a170 FUN_0047ac70 FUN_00488ac0 FUN_00488c40 FUN_00489e30 FUN_0048a4a0 FUN_0048a540 FUN_0048a650 FUN_0048ac50 FUN_0048f6e1 LeaveCriticalSection _memset"
004336e0,FUN_004336e0,39,0,"FUN_0048a540"
00433710,FUN_00433710,215,0,"EnterCriticalSection FUN_00407080 FUN_0047ac70 FUN_00489e30 FUN_0048ac50 LeaveCriticalSection"
004337f0,FUN_004337f0,44,0,""
00433820,FUN_00433820,11,0,""
00433830,FUN_00433830,21,1,""
00433850,FUN_00433850,12,0,""
00433860,FUN_00433860,5,0,""
00433870,FUN_00433870,162,1,"_memset"
00433920,FUN_00433920,3,0,""
00433930,FUN_00433930,5,0,""
00433940,FUN_00433940,5,0,""
00433950,FUN_00433950,5,0,""
00433960,FUN_00433960,5,0,""
00433970,FUN_00433970,16,1,""
00433980,FUN_00433980,51,1,"FUN_0048f711"
004339c0,FUN_004339c0,101,1,"FUN_00433870"
00433a30,FUN_00433a30,196,1,""
00433b00,FUN_00433b00,16,2,""
00433b10,FUN_00433b10,44,2,"FUN_00433980 FUN_0048f711"
00433b40,FUN_00433b40,3,1,""
00433b50,FUN_00433b50,22,2,""
00433b70,FUN_00433b70,19,2,""
00433b90,FUN_00433b90,4,1,""
00433ba0,FUN_00433ba0,13,2,""
00433bb0,FUN_00433bb0,13,2,""
00433bc0,FUN_00433bc0,12,2,""
00433bd0,FUN_00433bd0,16,3,""
00433be0,FUN_00433be0,17,3,""
00433c00,FUN_00433c00,86,2,""
00433c60,FUN_00433c60,17,1,""
00433c80,FUN_00433c80,12,2,""
00433c90,FUN_00433c90,72,2,"FUN_00437140 FUN_0044c860"
00433ce0,FUN_00433ce0,111,1,"_memset"
00433d50,FUN_00433d50,101,1,"_memset"
00433dc0,FUN_00433dc0,4,1,""
00433dd0,FUN_00433dd0,7,1,""
00433de0,FUN_00433de0,11,1,""
00433df0,FUN_00433df0,7,1,""
00433e00,FUN_00433e00,345,2,"FUN_00424b40 FUN_00433980 FUN_0048a650 FUN_0048f711"
00433f60,FUN_00433f60,70,0,""
00433fb0,FUN_00433fb0,50,2,""
00433ff0,FUN_00433ff0,34,1,""
00434020,FUN_00434020,56,1,""
00434060,FUN_00434060,21,1,""
00434080,FUN_00434080,27,0,""
004340a0,FUN_004340a0,16,2,""
004340b0,FUN_004340b0,50,3,""
004340f0,FUN_004340f0,18,0,""
00434110,FUN_00434110,58,1,"FUN_00429ac0"
00434150,FUN_00434150,33,1,""
00434180,FUN_00434180,17,0,""
004341a0,FUN_004341a0,35,0,"FUN_0048a650"
004341d0,FUN_004341d0,6,1,""
004341e0,FUN_004341e0,6,1,""
004341f0,FUN_004341f0,6,1,""
00434200,FUN_00434200,23,1,"_memset"
00434220,FUN_00434220,44,2,""
00434250,FUN_00434250,31,2,""
00434270,FUN_00434270,9,1,""
00434280,FUN_00434280,23,1,"_memset"
004342a0,FUN_004342a0,43,1,""
004342d0,FUN_004342d0,18,3,"FUN_00424490"
004342f0,FUN_004342f0,125,2,"FUN_00402800 FUN_00407e50"
00434370,FUN_00434370,71,2,"FUN_00407e50"
004343c0,FUN_004343c0,583,2,"FUN_00434e80 FUN_00436ab0 FUN_0048f6e1"
00434690,FUN_00434690,318,2,"FUN_004025f0 FUN_00488360"
004347d0,FUN_004347d0,266,2,"FUN_004020b0 FUN_00441640 FUN_0048f440"
004348e0,FUN_004348e0,438,1,"FUN_00401150 FUN_00401200 FUN_004015a0 FUN_004347d0 FUN_0048f6e1 _memset"
00434aa0,FUN_00434aa0,387,1,"EnterCriticalSection FUN_00401610 FUN_00431430 FUN_00488ac0 FUN_0048f711 FUN_0049337f LeaveCriticalSection"
00434c30,FUN_00434c30,17,0,"FUN_00434aa0"
00434c50,FUN_00434c50,473,1,"FUN_00409d80 FUN_00436ab0"
00434e80,FUN_00434e80,1323,2,"FUN_004339c0 FUN_00433a30 FUN_00433ce0 FUN_0048f390 _memset"
004353b0,FUN_004353b0,1606,1,"EnterCriticalSection FUN_004029b0 FUN_00402cf0 FUN_00402e10 FUN_00407080 FUN_0040dca0 FUN_004280d0 FUN_00435a00 FUN_00440330 FUN_004408e0 FUN_00440c60 FUN_0047ac70 FUN_00489e30 FUN_0048a4a0 FUN_0048a650 FUN_0048ac50 LeaveCriticalSection"
00435a00,FUN_00435a00,314,1,"FUN_00402e10"
00435b40,FUN_00435b40,2419,1,"FUN_004029b0 FUN_00404b90 FUN_00404bb0 FUN_00405ad0 FUN_00409d80 FUN_00433980 FUN_00433a30 FUN_00436e70 FUN_0043feb0 FUN_00462d70 FUN_00462eb0 FUN_00463c60 FUN_00464b90 FUN_004792b0 FUN_0048a4a0 FUN_0048a790 FUN_0048a930 FUN_0048ee90 FUN_0048f390 FUN_0048f690"
004364c0,FUN_004364c0,1515,1,"D3DXVec3Normalize FUN_00431f70 FUN_004abed0 __security_check_cookie"
00436ab0,FUN_00436ab0,242,1,"FUN_00436bb0 FUN_0048a4a0"
00436bb0,FUN_00436bb0,691,1,"FUN_00404970 FUN_004057c0 FUN_00409d80 FUN_004353b0 FUN_00435b40 FUN_004364c0 FUN_0048a4a0 FUN_0048ee90"
00436e70,FUN_00436e70,711,1,"EnterCriticalSection FUN_00404970 FUN_00407080 FUN_00429ac0 FUN_00433980 FUN_00433a30 FUN_00437140 FUN_0044c860 FUN_004792b0 FUN_0047ac70 FUN_00489e30 FUN_0048ac50 FUN_0048ee90 FUN_0048f390 LeaveCriticalSection"
00437140,FUN_00437140,509,1,"FUN_00402890 FUN_004028d0 FUN_00441580 FUN_0044c860 _memset"
00437340,FUN_00437340,431,0,"FUN_00436e70 FUN_0048a650 _memset"
004374f0,FUN_004374f0,450,1,"FUN_00436e70 FUN_0048a650 _memset"
004376c0,FUN_004376c0,443,0,"FUN_00436e70 FUN_0048a650 _memset"
00437880,FUN_00437880,23820,1,"FUN_00402790 FUN_00402800 FUN_004029b0 FUN_00403090 FUN_00404920 FUN_00404970 FUN_00404aa0 FUN_00404b10 FUN_00404b60 FUN_00404d10 FUN_00405910 FUN_00405a60 FUN_00405a90 FUN_00405ad0 FUN_004063c0 FUN_00406720 FUN_00406730 FUN_00407e30 FUN_00407e40 FUN_00409f60 FUN_0040a050 FUN_0040a090 FUN_0040a0a0 FUN_0040a0e0 FUN_004176d0 FUN_004176e0 FUN_00417730 FUN_00417770 FUN_00417780 FUN_00417790 FUN_004179f0 FUN_00417af0 FUN_0041c710 FUN_0041fa20 FUN_0041fa30 FUN_00424000 FUN_00424480 FUN_00424b40 FUN_00426ef0 FUN_00428050 FUN_00428090 FUN_004280a0 FUN_004280b0 FUN_004280c0 FUN_004283b0 FUN_004299f0 FUN_00429a00 FUN_00429a10 FUN_00429a20 FUN_00429a40 FUN_00429a50 FUN_00429a60 FUN_00429ab0 FUN_00429b30 FUN_00429b90 FUN_00429ba0 FUN_00429bf0 FUN_00429c10 FUN_0042e010 FUN_0042fc70 FUN_0042fd90 FUN_0042fed0 FUN_004301f0 FUN_00430590 FUN_004305a0 FUN_00430710 FUN_00430d90 FUN_004311c0 FUN_00431240 FUN_00431270 FUN_00431300 FUN_00431d80 FUN_00433820 FUN_00433830 FUN_00433850 FUN_00433970 FUN_00433980 FUN_00433a30 FUN_00433b00 FUN_00433b40 FUN_00433b50 FUN_00433b70 FUN_00433b90 FUN_00433ba0 FUN_00433bb0 FUN_00433bc0 FUN_00433bd0 FUN_00433be0 FUN_00433c00 FUN_00433c60 FUN_00433c80 FUN_00433c90 FUN_00433d50 FUN_00433dc0 FUN_00433dd0 FUN_00433de0 FUN_00433df0 FUN_00433fb0 FUN_00433ff0 FUN_00434020 FUN_00434060 FUN_00434080 FUN_004340a0 FUN_004340b0 FUN_004340f0 FUN_00434110 FUN_00434150 FUN_00434180 FUN_004341a0 FUN_004341d0 FUN_004341e0 FUN_004341f0 FUN_00434200 FUN_00434220 FUN_00434250 FUN_00434270 FUN_00434280 FUN_004342a0 FUN_004342d0 FUN_004342f0 FUN_00434370 FUN_004343c0 FUN_00435a00 FUN_00436e70 FUN_00437340 FUN_004374f0 FUN_004376c0 FUN_0043dbd0 FUN_0043ddb0 FUN_0043def0 FUN_0043fe00 FUN_0043fe70 FUN_00440090 FUN_004400b0 FUN_004400c0 FUN_004400e0 FUN_00440330 FUN_004407f0 FUN_00440800 FUN_00440840 FUN_00440850 FUN_00440870 FUN_00440890 FUN_004408b0 FUN_004408d0 FUN_00440b40 FUN_00440b50 FUN_00440b90 FUN_00440ba0 FUN_00440bc0 FUN_00440be0 FUN_00440c00 FUN_00440c20 FUN_00440c40 FUN_004410c0 FUN_004410d0 FUN_004410e0 FUN_004410f0 FUN_00441160 FUN_004411d0 FUN_004411f0 FUN_00441210 FUN_00441220 FUN_00441230 FUN_00441240 FUN_00441250 FUN_00441260 FUN_00441270 FUN_00441280 FUN_00441310 FUN_00441320 FUN_00441330 FUN_00441340 FUN_00441350 FUN_004413a0 FUN_00441480 FUN_00441550 FUN_004415a0 FUN_004415c0 FUN_004415e0 FUN_004415f0 FUN_00441600 FUN_00441610 FUN_00441620 FUN_00441630 FUN_00441640 FUN_00441650 FUN_00441670 FUN_004446a0 FUN_00447d10 FUN_0044a1b0 FUN_0044e0f0 FUN_0044e620 FUN_0044e6a0 FUN_0044e720 FUN_0045adc0 FUN_0045de80 FUN_0045f050 FUN_0046a0c0 FUN_00478480 FUN_00479220 FUN_004792b0 FUN_0047ac70 FUN_0048a790 FUN_0048a7b0 FUN_0048a7d0 FUN_0048a810 FUN_0048a8b0 FUN_0048ac40 FUN_0048ef60 FUN_0048f650 FUN_0048f690 FUN_0048f6e1 __security_check_cookie _memset"
0043dbd0,FUN_0043dbd0,472,1,"FUN_004343c0 FUN_00440100 FUN_004401b0 _memset"
0043ddb0,FUN_0043ddb0,315,1,"FUN_004413a0 FUN_0048a4a0 FUN_0048a650 FUN_0048a810 FUN_0048ef60"
0043def0,FUN_0043def0,1603,1,"FUN_00406340 FUN_004305d0 FUN_0048a4a0 FUN_0048a790 FUN_0048ef60 FUN_0048f010"
0043e580,FUN_0043e580,1906,2,"FUN_00402800 FUN_00402890 FUN_004028d0 FUN_00404970 FUN_00417790 FUN_00429ba0 FUN_004337f0 FUN_00433f60 FUN_00434370 FUN_0048a790 __libm_sse2_sqrt_precise"
0043eed0,FUN_0043eed0,278,2,"FUN_00429ba0"
0043f0a0,FUN_0043f0a0,2471,2,"FUN_00402800 FUN_00402890 FUN_004028d0 FUN_00404970 FUN_00429ba0 FUN_004337f0 FUN_00433f60 FUN_00462b50 __libm_sse2_sqrt_precise"
0043fbf0,FUN_0043fbf0,339,2,"FUN_00429ba0"
0043fe00,FUN_0043fe00,106,5,""
0043fe70,FUN_0043fe70,56,3,""
0043feb0,FUN_0043feb0,479,1,""
00440090,FUN_00440090,18,2,"FUN_0048ef60"
004400b0,FUN_004400b0,14,1,"FUN_0048f1c0"
004400c0,FUN_004400c0,18,2,"FUN_0048f010"
004400e0,FUN_004400e0,18,2,"FUN_0048f230"
00440100,FUN_00440100,172,3,""
004401b0,FUN_004401b0,226,2,""
004402a0,FUN_004402a0,135,2,""
00440330,FUN_00440330,78,1,""
00440380,FUN_00440380,443,1,"FUN_00417940 FUN_00463d90"
00440560,FUN_00440560,285,2,"FUN_00464b90 FUN_0048a4a0 __security_check_cookie"
004407a0,FUN_004407a0,66,0,""
004407f0,FUN_004407f0,8,1,""
00440800,FUN_00440800,50,1,""
00440840,FUN_00440840,13,2,""
00440850,FUN_00440850,20,1,""
00440870,FUN_00440870,20,1,""
00440890,FUN_00440890,21,2,""
004408b0,FUN_004408b0,20,2,""
004408d0,FUN_004408d0,13,2,""
004408e0,FUN_004408e0,603,2,"FUN_004030b0"
00440b40,FUN_00440b40,8,1,""
00440b50,FUN_00440b50,50,1,""
00440b90,FUN_00440b90,13,2,""
00440ba0,FUN_00440ba0,25,2,""
00440bc0,FUN_00440bc0,25,2,""
00440be0,FUN_00440be0,25,2,""
00440c00,FUN_00440c00,25,2,""
00440c20,FUN_00440c20,21,3,""
00440c40,FUN_00440c40,17,2,""
00440c60,FUN_00440c60,1115,2,"FUN_004030b0"
004410c0,FUN_004410c0,13,2,""
004410d0,FUN_004410d0,13,1,""
004410e0,FUN_004410e0,13,1,""
004410f0,FUN_004410f0,97,1,""
00441160,FUN_00441160,101,1,""
004411d0,FUN_004411d0,23,0,""
004411f0,FUN_004411f0,24,1,""
00441210,FUN_00441210,4,1,""
00441220,FUN_00441220,16,2,""
00441230,FUN_00441230,16,2,""
00441240,FUN_00441240,6,0,""
00441250,FUN_00441250,6,0,""
00441260,FUN_00441260,13,1,""
00441270,FUN_00441270,6,1,""
00441280,FUN_00441280,136,1,""
00441310,FUN_00441310,6,1,""
00441320,FUN_00441320,6,1,""
00441330,FUN_00441330,6,0,""
00441340,FUN_00441340,6,0,""
00441350,FUN_00441350,71,0,""
004413a0,FUN_004413a0,224,4,"EnterCriticalSection FUN_00407080 FUN_0047ac70 FUN_00489ee0 FUN_0048ac50 LeaveCriticalSection"
00441480,FUN_00441480,203,5,"EnterCriticalSection FUN_00407080 FUN_0047ac70 FUN_00489ee0 FUN_0048ac50 LeaveCriticalSection"
00441550,FUN_00441550,39,2,""
00441580,FUN_00441580,32,4,""
004415a0,FUN_004415a0,26,1,"FUN_00404970"
004415c0,FUN_004415c0,31,0,""
004415e0,FUN_004415e0,6,1,""
004415f0,FUN_004415f0,5,1,""
00441600,FUN_00441600,6,0,""
00441610,FUN_00441610,5,0,""
00441620,FUN_00441620,11,0,""
00441630,FUN_00441630,15,1,""
00441640,FUN_00441640,3,0,""
00441650,FUN_00441650,24,2,""
00441670,FUN_00441670,32,3,""
00441690,FUN_00441690,107,1,"EnterCriticalSection FUN_00401610 FUN_0048f711 LeaveCriticalSection"
00441700,FUN_00441700,174,1,"FUN_00422b00"
004417b0,FUN_004417b0,536,1,"FUN_00401150 FUN_00401200 FUN_004015a0 FUN_004020b0 FUN_004025f0 FUN_00448100 FUN_00488360 FUN_0048f6e1 Sleep"
00441a10,FUN_00441a10,1383,0,"EnterCriticalSection FUN_00407080 FUN_0041c850 FUN_0047ac70 FUN_00489e30 FUN_0048a540 FUN_0048a880 FUN_0048ab90 FUN_0048ac50 LeaveCriticalSection"
00441f80,FUN_00441f80,408,1,"FUN_00442120 FUN_00488ac0 FUN_0048a650 FUN_0048a700 FUN_0049337f"
00442120,FUN_00442120,218,1,"FUN_0048a650 FUN_0048f711"
00442200,FUN_00442200,606,0,"FUN_004417b0 FUN_00442460 FUN_0048f6e1 _memset"
00442460,FUN_00442460,456,1,"EnterCriticalSection FUN_00401610 FUN_00441f80 FUN_0048a650 FUN_0048a700 FUN_0048f711 LeaveCriticalSection"
00442630,FUN_00442630,17,0,"FUN_00442460"
00442650,FUN_00442650,3851,1,"FUN_00404b90 FUN_00404bb0 FUN_004057c0 FUN_00405970 FUN_004179b0 FUN_004312a0 FUN_004312d0 FUN_00442120 FUN_00444860 FUN_00448070 FUN_004480a0 FUN_004480d0 FUN_00479220 FUN_0048a4a0 FUN_0048a540 FUN_0048a650 FUN_0048a850 FUN_0048a880 FUN_0048a900"
00443560,FUN_00443560,3370,1,"FUN_00409c40 FUN_00417940 FUN_00422760 FUN_004228d0 FUN_00447d80 FUN_00447df0 FUN_00447e60 FUN_00447ec0 FUN_00447f20 FUN_00447f90 FUN_00448000 FUN_0048a4a0 FUN_0048a650 FUN_0048a7d0 FUN_0048a810 __security_check_cookie _memset"
004442c0,FUN_004442c0,983,2,"FUN_00405970 FUN_004301f0 FUN_00437340 FUN_0048a4a0 FUN_0048a5c0 _memset"
004446a0,FUN_004446a0,438,2,"FUN_00442120 FUN_004442c0 FUN_0044a1b0 FUN_0045f050 FUN_0047a170 FUN_0048f6e1 __security_check_cookie"
00444860,FUN_00444860,11232,1,"EnterCriticalSection FID_conflict:_atoi FUN_00405970 FUN_00406050 FUN_00407080 FUN_004407a0 FUN_00447a90 FUN_00447bb0 FUN_00447cb0 FUN_0044a1b0 FUN_00479220 FUN_0047a170 FUN_0047ac70 FUN_00488c40 FUN_00488ef0 FUN_00489e30 FUN_0048a4a0 FUN_0048a540 FUN_0048a5c0 FUN_0048a650 FUN_0048aa10 FUN_0048ac50 FUN_00490ce0"
004474f0,FUN_004474f0,409,1,"FUN_00406050 FUN_0048ab90"
00447690,FUN_00447690,501,1,"FUN_0048a4a0 FUN_0048a880"
00447890,FUN_00447890,501,1,"FUN_0048a4a0 FUN_0048a850"
00447a90,FUN_00447a90,287,2,"EnterCriticalSection FUN_00407080 FUN_0047ac70 FUN_00489e30 FUN_0048a650 FUN_0048ab90 FUN_0048ac50 LeaveCriticalSection"
00447bb0,FUN_00447bb0,253,1,"FUN_0048a4a0 FUN_0048aa10"
00447cb0,FUN_00447cb0,96,1,""
00447d10,FUN_00447d10,104,2,"FUN_00405970 FUN_0048a650"
00447d80,FUN_00447d80,97,1,""
00447df0,FUN_00447df0,97,1,""
00447e60,FUN_00447e60,94,1,""
00447ec0,FUN_00447ec0,94,1,""
00447f20,FUN_00447f20,97,1,""
00447f90,FUN_00447f90,97,1,""
00448000,FUN_00448000,97,1,""
00448070,FUN_00448070,45,1,"FUN_0047ac70"
004480a0,FUN_004480a0,39,1,""
004480d0,FUN_004480d0,39,1,""
00448100,FUN_00448100,3,0,""
00448110,FUN_00448110,99,1,"FUN_00402800 FUN_00407e50"
00448180,FUN_00448180,131,1,"FUN_00402800 FUN_00407e50 FUN_004482b0"
00448210,FUN_00448210,68,1,"FUN_00407e50"
00448260,FUN_00448260,67,1,"FUN_00407e50"
004482b0,FUN_004482b0,111,2,"FUN_00402800 FUN_00407e50"
00448320,FUN_00448320,104,2,"FUN_00402800 FUN_00407e50"
00448390,FUN_00448390,99,1,"FUN_00402800 FUN_00407e50"
00448400,FUN_00448400,86,1,""
00448460,FUN_00448460,2899,0,"FUN_00401150 FUN_00401200 FUN_004015a0 FUN_004025f0 FUN_00405ad0 FUN_00407e50 FUN_00407fb0 FUN_00409040 FUN_004090f0 FUN_00409180 FUN_00414f20 FUN_00417ea0 FUN_0041c6b0 FUN_0041f930 FUN_0041f9a0 FUN_00424540 FUN_00424840 FUN_00428830 FUN_00429ec0 FUN_00431280 FUN_004348e0 FUN_00442200 FUN_0044b7c0 FUN_0044d940 FUN_0044de20 FUN_0045ad40 FUN_0045ae10 FUN_0045e1c0 FUN_00461160 FUN_004636b0 FUN_00467170 FUN_00467550 FUN_00468a50 FUN_00468af0 FUN_00469890 FUN_00475840 FUN_0047ac70 FUN_00488360 FUN_0048a540 FUN_0048f6e1 FUN_0048f711 Sleep _memset `eh_vector_constructor_iterator'"
00448fd0,FUN_00448fd0,1003,0,"EnterCriticalSection FUN_00401610 FUN_00408480 FUN_00408520 FUN_00417ea0 FUN_0041c850 FUN_0041dc40 FUN_00424840 FUN_0042a0b0 FUN_00430820 FUN_00431430 FUN_00433710 FUN_00434aa0 FUN_00442460 FUN_0044acf0 FUN_0044b8c0 FUN_0044de20 FUN_00459220 FUN_0045e320 FUN_00461260 FUN_00467550 FUN_00469a20 FUN_0047a170 FUN_0048a700 FUN_0048f711 LeaveCriticalSection"
004493c0,FUN_004493c0,113,1,"FUN_0044ad40 FUN_0045af80 FUN_0048f6e1 _memset"
00449440,FUN_00449440,44,0,"FUN_00448fd0 FUN_0048f711"
00449470,FUN_00449470,1079,1,"FUN_004057c0 FUN_0041ca80 FUN_0041d430 FUN_0041daf0 FUN_00424840 FUN_004499f0 FUN_00449f10 FUN_0045adc0 FUN_0045ae10 FUN_00478480 FUN_00479390 FUN_0047ac70 FUN_0048a540 FUN_0048c810 FUN_0048f6e1 FUN_0048f711 _memset"
00449900,FUN_00449900,237,0,"FUN_00475840 FUN_004ab3d0"
004499f0,FUN_004499f0,1304,1,"FUN_00401150 FUN_00401200 FUN_004015a0 FUN_00402c30 FUN_00407080 FUN_004081d0 FUN_00429d50 FUN_00431310 FUN_00431430 FUN_004343c0 FUN_00441a10 FUN_00448400 FUN_0045adc0 FUN_00460da0 FUN_004636b0 FUN_00468870 FUN_0046a3b0 FUN_0047ac70 FUN_0048a540 FUN_0048a700 FUN_0048f6e1 _memset"
00449f10,FUN_00449f10,667,1,"FUN_004081d0 FUN_00429d50 FUN_00431310 FUN_00431430 FUN_004343c0 FUN_00441a10 FUN_00448400 FUN_00460da0 FUN_004636b0 FUN_00468870 FUN_0047a170 FUN_0048a540 FUN_0048a700 _memset"
0044a1b0,FUN_0044a1b0,2842,0,"FUN_00402800 FUN_00407e50 FUN_0041ca80 FUN_00434370 FUN_00448110 FUN_00448180 FUN_00448210 FUN_00448260 FUN_004482b0 FUN_00448320 FUN_00448390 FUN_0046a1b0 FUN_00470940"
0044acf0,FUN_0044acf0,76,1,""
0044ad40,FUN_0044ad40,145,1,"_memset"
0044ae90,FUN_0044ae90,431,0,"FUN_00401150 FUN_00401200 FUN_004015a0 FUN_0045af80 FUN_0048f6e1 _memset"
0044b040,FUN_0044b040,259,1,"EnterCriticalSection FUN_00401610 FUN_00488ac0 FUN_0048f711 LeaveCriticalSection"
0044b150,FUN_0044b150,1213,1,"FUN_00402aa0 FUN_00405ad0 FUN_00409f70 FUN_0041c7e0 FUN_00424000 FUN_0045af80 FUN_00479220 FUN_00487ba0 FUN_0048a540 FUN_0048a5c0 FUN_0048a990 FUN_0049337f"
0044b650,FUN_0044b650,333,1,"_memset"
0044b7a0,FUN_0044b7a0,23,1,"FUN_004243e0"
0044b7c0,FUN_0044b7c0,247,0,"FUN_00401150 FUN_00401200 FUN_004015a0 FUN_00431310 FUN_0048f6e1 _memset `eh_vector_constructor_iterator'"
0044b8c0,FUN_0044b8c0,344,1,"EnterCriticalSection FUN_00401610 FUN_0048f711 LeaveCriticalSection `eh_vector_destructor_iterator'"
0044ba20,FUN_0044ba20,17,0,"FUN_0044b8c0"
0044ba40,FUN_0044ba40,2514,1,"FUN_00407080 FUN_0044cc20 FUN_0044cda0 FUN_0045dec0 FUN_0046a0c0 FUN_004792b0 FUN_0047ac70 FUN_0048a4a0 FUN_0048a650 FUN_004ab4d0"
0044c450,FUN_0044c450,345,2,"FUN_00483890"
0044c620,FUN_0044c620,568,1,"FUN_004028d0 FUN_0044cda0"
0044c860,FUN_0044c860,945,7,"FUN_00404ce0 FUN_00405ad0 FUN_00409a90 FUN_00428410 FUN_0044cc20 FUN_0044cda0 FUN_0048a4a0 FUN_0048a8d0"
0044cc20,FUN_0044cc20,383,1,"EnterCriticalSection FUN_00407080 FUN_004179f0 FUN_00479220 FUN_0047ac70 FUN_00489e30 FUN_0048ac50 LeaveCriticalSection"
0044cda0,FUN_0044cda0,32,3,""
0044cdc0,FUN_0044cdc0,86,2,""
0044ce20,FUN_0044ce20,202,1,"EnterCriticalSection FUN_00401610 FUN_0045c930 FUN_0048f711 LeaveCriticalSection"
0044cef0,FUN_0044cef0,1159,1,"FUN_00401a40 FUN_00402aa0 FUN_00405ad0 FUN_0041c7e0 FUN_0044cdc0 FUN_0044ce20 FUN_0044d390 FUN_00479220"
0044d390,FUN_0044d390,275,3,"FUN_00479220"
0044d4b0,FUN_0044d4b0,677,1,"FUN_00422760 FUN_00423ec0 FUN_00424000"
0044d780,FUN_0044d780,3,0,""
0044d790,FUN_0044d790,3,0,""
0044d7a0,FUN_0044d7a0,3,0,""
0044d7b0,FUN_0044d7b0,5,0,""
0044d7c0,FUN_0044d7c0,3,0,""
0044d7d0,FUN_0044d7d0,3,0,""
0044d7e0,FUN_0044d7e0,25,1,""
0044d800,FUN_0044d800,5,0,""
0044d810,FUN_0044d810,5,0,""
0044d820,FUN_0044d820,5,0,""
0044d830,FUN_0044d830,5,0,""
0044d840,FUN_0044d840,5,0,""
0044d850,FUN_0044d850,5,0,""
0044d860,FUN_0044d860,5,0,""
0044d870,FUN_0044d870,3,0,""
0044d880,FUN_0044d880,3,0,""
0044d890,FUN_0044d890,3,0,""
0044d8a0,FUN_0044d8a0,3,0,""
0044d8b0,FUN_0044d8b0,3,0,""
0044d8c0,FUN_0044d8c0,3,0,""
0044d8d0,FUN_0044d8d0,3,0,""
0044d8e0,FUN_0044d8e0,3,0,""
0044d8f0,FUN_0044d8f0,3,0,""
0044d900,FUN_0044d900,3,0,""
0044d910,FUN_0044d910,3,0,""
0044d920,FUN_0044d920,3,0,""
0044d930,FUN_0044d930,3,0,""
0044d940,FUN_0044d940,111,1,"_memset"
0044d9b0,FUN_0044d9b0,39,2,"FUN_0048f711"
0044d9e0,FUN_0044d9e0,5,0,""
0044d9f0,FUN_0044d9f0,84,3,"FUN_004587b0"
0044da50,FUN_0044da50,56,1,"FUN_0044da90 FUN_0048f6e1 FUN_00492e00"
0044da90,FUN_0044da90,490,1,"FUN_0044d940 _memset"
0044dc80,FUN_0044dc80,72,2,"FUN_004243e0 FUN_0048f711"
0044dcd0,FUN_0044dcd0,84,3,"FUN_004587b0"
0044dd30,FUN_0044dd30,5,0,""
0044dd40,FUN_0044dd40,84,3,"FUN_004587b0"
0044dda0,FUN_0044dda0,84,3,"FUN_004587b0"
0044de00,FUN_0044de00,25,2,""
0044de20,FUN_0044de20,260,1,"EnterCriticalSection FUN_00401610 FUN_00448400 FUN_0048f711 LeaveCriticalSection"
0044df30,FUN_0044df30,259,1,""
0044e040,FUN_0044e040,111,1,"FUN_0044df30"
0044e0f0,FUN_0044e0f0,972,2,"FUN_0044d940 FUN_0044da90 FUN_00454720 FUN_00458320 FUN_0048f6e1 _memset"
0044e4d0,FUN_0044e4d0,61,2,"FUN_004243e0 FUN_0048f711"
0044e510,FUN_0044e510,50,2,"FUN_004243e0 FUN_0048f711"
0044e550,FUN_0044e550,61,2,"FUN_004243e0 FUN_0048f711"
0044e590,FUN_0044e590,143,4,""
0044e620,FUN_0044e620,118,0,""
0044e6a0,FUN_0044e6a0,119,3,""
0044e720,FUN_0044e720,55,1,""
0044e760,FUN_0044e760,1086,2,"FUN_00407080 FUN_00424120 FUN_004587b0 FUN_004792b0 FUN_0047a480 FUN_0047ac70"
0044ebe0,FUN_0044ebe0,2275,1,"FUN_00407080 FUN_0042c450 FUN_0042e010 FUN_004587b0 FUN_00479220 FUN_004792b0 FUN_0047ac70 FUN_004ab4d0 __security_check_cookie _memset"
0044f4f0,FUN_0044f4f0,1247,1,"FUN_004029b0 FUN_00403b10 FUN_0044da90 FUN_0044e0f0 FUN_004587b0 FUN_00479220 FUN_0048f6e1"
0044f9e0,FUN_0044f9e0,391,1,"FUN_004587b0 FUN_00479220"
0044fb70,FUN_0044fb70,365,1,"FUN_004ab4d0"
0044fce0,FUN_0044fce0,368,1,"FUN_004ab4d0"
0044fe50,FUN_0044fe50,1199,1,"FUN_00409d80 FUN_004587b0 FUN_0047ac70"
00450300,FUN_00450300,967,2,"FUN_00403ce0 FUN_004057c0 FUN_00417940 FUN_004306a0 FUN_004587b0 FUN_00459950 FUN_00462eb0 FUN_00463c60 __security_check_cookie"
004506d0,FUN_004506d0,295,1,"FUN_004587b0 FUN_00483890"
00450800,FUN_00450800,3,0,""
00450810,FUN_00450810,2306,6,"EnterCriticalSection FUN_00404b90 FUN_00404bb0 FUN_00407080 FUN_00429ac0 FUN_0044da90 FUN_004587b0 FUN_0047ac70 FUN_00489e30 FUN_0048ac50 FUN_0048f6e1 LeaveCriticalSection __security_check_cookie _memset"
00451120,FUN_00451120,1595,7,"FUN_00404b90 FUN_00404bb0 FUN_004587b0 FUN_0048a4a0"
00451760,FUN_00451760,1746,5,"EnterCriticalSection FUN_00407080 FUN_0044da90 FUN_004587b0 FUN_0047ac70 FUN_00489e30 FUN_0048ac50 FUN_0048f6e1 LeaveCriticalSection __security_check_cookie _memset"
00451e40,FUN_00451e40,830,3,"EnterCriticalSection FUN_00407080 FUN_004587b0 FUN_0047ac70 FUN_00489e30 FUN_0048ac50 LeaveCriticalSection"
00452180,FUN_00452180,226,3,"FUN_00404b90 FUN_00404bb0"
00452270,FUN_00452270,659,2,"FUN_00407080 FUN_00424120 FUN_004587b0 FUN_004792b0 FUN_0047a480 FUN_0047ac70"
00452510,FUN_00452510,857,1,"FUN_00405ad0 FUN_00409d80 FUN_00429ba0 FUN_004587b0 FUN_0047ac70"
00452880,FUN_00452880,752,2,"FUN_00403ce0 FUN_004057c0 FUN_00417940 FUN_004587b0 FUN_00459950 FUN_00462eb0 FUN_00463c60 __security_check_cookie"
00452b70,FUN_00452b70,208,1,"FUN_00483890"
00452c40,FUN_00452c40,3,0,""
00452c50,FUN_00452c50,2226,6,"EnterCriticalSection FUN_00404b90 FUN_00404bb0 FUN_00407080 FUN_00429ac0 FUN_0044da90 FUN_004587b0 FUN_0047ac70 FUN_00489e30 FUN_0048ac50 FUN_0048f6e1 LeaveCriticalSection __security_check_cookie _memset"
00453510,FUN_00453510,1413,7,"FUN_00404b90 FUN_00404bb0 FUN_004587b0 FUN_0048a4a0"
00453aa0,FUN_00453aa0,1855,5,"EnterCriticalSection FUN_00407080 FUN_0044da90 FUN_004587b0 FUN_0047ac70 FUN_00489e30 FUN_0048ac50 FUN_0048f6e1 LeaveCriticalSection __security_check_cookie _memset"
004541e0,FUN_004541e0,905,3,"EnterCriticalSection FUN_00407080 FUN_004587b0 FUN_0047ac70 FUN_00489e30 FUN_0048ac50 LeaveCriticalSection"
00454570,FUN_00454570,226,3,"FUN_00404b90 FUN_00404bb0"
00454660,FUN_00454660,180,1,""
00454720,FUN_00454720,1762,2,"FUN_00407080 FUN_00424120 FUN_00455650 FUN_00455ab0 FUN_004587b0 FUN_004792b0 FUN_0047a480 FUN_0047ac70 FUN_0048f6e1 FUN_00493374"
00454e10,FUN_00454e10,98,1,"FUN_0048f711 FUN_0049337f"
00454e80,FUN_00454e80,1205,1,"FUN_00455650 FUN_00455ab0 FUN_004587b0 FUN_0047ac70"
00455340,FUN_00455340,780,2,"FUN_00417940 FUN_004306a0 FUN_004587b0 FUN_00459950 FUN_00462eb0 FUN_00463c60 __security_check_cookie"
00455650,FUN_00455650,1119,5,"FUN_004587b0 FUN_004ab4d0 FUN_004ac410 __libm_sse2_sqrt_precise"
00455ab0,FUN_00455ab0,946,8,"FUN_004587b0 FUN_004ab4d0 FUN_004ac410 __libm_sse2_sqrt_precise"
00455e70,FUN_00455e70,1364,1,"FUN_004587b0 FUN_004835f0 FUN_00483890"
004563d0,FUN_004563d0,2551,1,"FUN_00407080 FUN_0042e010 FUN_00455650 FUN_004587b0 FUN_004792b0 FUN_0047ac70 FUN_0048f6e1 FUN_004ab4d0 __security_check_cookie _memset"
00456df0,FUN_00456df0,391,1,"FUN_004587b0 FUN_00479220"
00456f80,FUN_00456f80,317,1,"FUN_004587b0"
004570c0,FUN_004570c0,365,1,"FUN_004ab4d0"
00457230,FUN_00457230,151,1,""
004572d0,FUN_004572d0,1327,6,"EnterCriticalSection FUN_00404b90 FUN_00404bb0 FUN_00407080 FUN_00429ac0 FUN_0044e0f0 FUN_0047ac70 FUN_00489e30 FUN_0048ac50 FUN_00493374 FUN_0049337f LeaveCriticalSection __security_check_cookie _memset"
00457810,FUN_00457810,1259,7,"FUN_00404b90 FUN_00404bb0 FUN_0048a4a0"
00457d00,FUN_00457d00,969,5,"EnterCriticalSection FUN_00407080 FUN_0047ac70 FUN_00489e30 FUN_0048ac50 LeaveCriticalSection __security_check_cookie _memset"
004580d0,FUN_004580d0,307,3,"EnterCriticalSection FUN_00407080 FUN_0047ac70 FUN_00489e30 FUN_0048ac50 LeaveCriticalSection"
00458210,FUN_00458210,226,3,"FUN_00404b90 FUN_00404bb0"
00458320,FUN_00458320,916,2,"_memset"
004586c0,FUN_004586c0,3,0,""
004586d0,FUN_004586d0,3,0,""
004586e0,FUN_004586e0,3,0,""
004586f0,FUN_004586f0,5,0,""
00458700,FUN_00458700,27,3,""
00458720,FUN_00458720,5,0,""
00458730,FUN_00458730,3,0,""
00458740,FUN_00458740,99,2,""
004587b0,FUN_004587b0,32,3,""
004587d0,FUN_004587d0,830,0,"CreateEventA CreateThread FUN_004020b0 FUN_00402270 FUN_004025f0 FUN_00402c30 FUN_00408690 FUN_004220f0 FUN_00431630 FUN_00469260 FUN_00470540 FUN_00478750 FUN_00479180 FUN_00488360 FUN_0048afb0 __beginthreadex"
00458b10,FUN_00458b10,597,1,"EnterCriticalSection FUN_00401610 FUN_00402c30 FUN_004088c0 FUN_00417ea0 FUN_00421e90 FUN_004243e0 FUN_004317b0 FUN_00470b80 FUN_00488ac0 FUN_0048f711 FUN_0049337f LeaveCriticalSection"
00458d70,FUN_00458d70,380,0,"FUN_00401150 FUN_00401200 FUN_004015a0 FUN_00402c30 FUN_0048f6e1 __beginthreadex _memset"
00458ef0,FUN_00458ef0,118,1,"FUN_0045c610"
00458f70,FUN_00458f70,103,1,"FUN_00405970 FUN_00433710"
00458fe0,FUN_00458fe0,576,0,"EnterCriticalSection FUN_00401150 FUN_00401200 FUN_004015a0 FUN_00407080 FUN_0047ac70 FUN_00489e30 FUN_0048ac50 FUN_0048f6e1 LeaveCriticalSection _memset"
00459220,FUN_00459220,194,1,"EnterCriticalSection FUN_00401610 FUN_0048f711 LeaveCriticalSection"
004592f0,FUN_004592f0,1597,1,"FUN_004057c0 FUN_00409d80 FUN_00417940 FUN_004179f0 FUN_00447ec0 FUN_00447f20 FUN_00447f90 FUN_00448000 FUN_00463920 FUN_00479220 FUN_004792b0 FUN_00479360 FUN_0048a4a0 FUN_0048a540 FUN_0048a650 FUN_0048a790 FUN_0048a8d0 __security_check_cookie"
00459950,FUN_00459950,449,3,"FUN_00404b90 FUN_00404bb0"
00459b20,FUN_00459b20,492,1,"FUN_00401ca0 FUN_0045b760 FUN_00479390 FUN_00488400 FUN_00488ac0 FUN_0048bf60"
00459d10,FUN_00459d10,1067,0,"CreateThread FUN_00401150 FUN_00401200 FUN_004015a0 FUN_004020b0 FUN_004026c0 FUN_00424000 FUN_0045b240 FUN_0045b670 FUN_00471180 FUN_00472af0 FUN_00486bf0 FUN_0048f6e1 __security_check_cookie _memset timeGetTime"
0045a140,FUN_0045a140,512,1,"DeleteObject FUN_00402c30 FUN_004243e0 FUN_00441690 FUN_0045a340 FUN_00471250 FUN_00472430 FUN_004777b0 FUN_00479390 FUN_0047a170 FUN_0048f711 FUN_0049337f"
0045a340,FUN_0045a340,330,0,"FUN_004088c0 FUN_004183a0 FUN_0041dc40 FUN_0041ffa0 FUN_004218e0 FUN_004317b0 FUN_00432440 FUN_00448fd0 FUN_0044b040 FUN_0044ce20 FUN_00458b10 FUN_0045cc80 FUN_0045d350 FUN_00467550 FUN_0046a3b0 FUN_0046bf40 FUN_0048f711"
0045a490,FUN_0045a490,389,0,"FUN_00401150 FUN_00401200 FUN_004015a0"
0045a620,FUN_0045a620,672,1,"EnterCriticalSection FUN_004025f0 FUN_00402c30 FUN_0045ca20 FUN_00492e00 FUN_00493374 LeaveCriticalSection __beginthreadex _memset"
0045a8c0,FUN_0045a8c0,520,0,"CloseHandle FUN_00402430 FUN_0049337f LeaveCriticalSection WriteFile"
0045aad0,FUN_0045aad0,623,1,"FUN_004020b0 FUN_004022f0 FUN_004025f0 FUN_004026c0 FUN_0044ad40 FUN_0049337f FUN_00495fae"
0045ad40,FUN_0045ad40,124,2,"FUN_0047a170 __security_check_cookie"
0045adc0,FUN_0045adc0,73,2,"FUN_0047a170"
0045ae10,FUN_0045ae10,35,0,"FUN_0047a170"
0045ae40,FUN_0045ae40,59,0,"FUN_0047a170"
0045ae80,FUN_0045ae80,55,1,"FUN_00480e10"
0045aec0,FUN_0045aec0,55,1,"FUN_00480e10"
0045af00,FUN_0045af00,55,1,"FUN_00480e10"
0045af40,FUN_0045af40,55,1,"FUN_00480e10"
0045af80,FUN_0045af80,126,1,"EnterCriticalSection FUN_00402c30 LeaveCriticalSection __beginthreadex"
0045b000,FUN_0045b000,106,1,"FUN_00480e10"
0045b070,FUN_0045b070,457,1,"D3DXMatrixLookAtLH D3DXMatrixPerspectiveFovLH FUN_0045c9c0 __security_check_cookie"
0045b240,FUN_0045b240,1059,1,"FUN_0045b070"
0045b670,FUN_0045b670,235,0,""
0045b760,FUN_0045b760,813,1,"EnterCriticalSection FUN_00404d20 FUN_004321e0 FUN_00432440 FUN_00432600 FUN_004493c0 FUN_00449440 FUN_00458d70 FUN_0045a340 FUN_0045c990 FUN_0046bed0 FUN_0046bf40 FUN_0048f6e1 LeaveCriticalSection"
0045bb00,FUN_0045bb00,379,1,"FUN_00424020 __security_check_cookie"
0045bd60,FUN_0045bd60,904,0,"FUN_00480e10 __security_check_cookie"
0045c1c0,FUN_0045c1c0,153,0,"FUN_00480e10 __security_check_cookie"
0045c310,FUN_0045c310,202,0,"FUN_00480e10 __security_check_cookie"
0045c4d0,FUN_0045c4d0,314,2,"FUN_00405970 FUN_00493374"
0045c610,FUN_0045c610,701,1,"FUN_00407080 FUN_0047ac70"
0045c8d0,FUN_0045c8d0,89,0,""
0045c930,FUN_0045c930,90,0,"FUN_004022f0 FUN_004026c0 FUN_00495fae"
0045c990,FUN_0045c990,35,0,"FUN_00407fb0"
0045c9c0,FUN_0045c9c0,23,1,"FUN_004ac1a0"
0045c9e0,FUN_0045c9e0,6,0,""
0045c9f0,FUN_0045c9f0,37,2,"FUN_0045c9e0 ___stdio_common_vsscanf"
0045ca20,FUN_0045ca20,3,0,""
0045cae0,FUN_0045cae0,401,1,"FUN_00401150 FUN_00401200 FUN_004015a0 FUN_0045af80 FUN_0048f6e1 _memset"
0045cc80,FUN_0045cc80,272,1,"EnterCriticalSection FUN_00401610 FUN_00488ac0 FUN_0048f711 LeaveCriticalSection"
0045cda0,FUN_0045cda0,767,1,"FUN_00402aa0 FUN_00405970 FUN_00405ad0 FUN_0041c7e0 FUN_0041c850 FUN_00424000 FUN_0045af80 FUN_00479220 FUN_00487ba0 FUN_0048a540 FUN_0048a990 FUN_0049337f"
0045d0f0,FUN_0045d0f0,86,2,""
0045d150,FUN_0045d150,343,2,"FUN_00401150 FUN_00401200 FUN_004015a0 FUN_0041c7e0"
0045d2b0,FUN_0045d2b0,152,1,"FUN_0045d150 FUN_0045d350 FUN_0048f6e1 _memset"
0045d350,FUN_0045d350,202,1,"EnterCriticalSection FUN_00401610 FUN_0045c930 FUN_0048f711 LeaveCriticalSection"
0045d420,FUN_0045d420,1583,1,"FUN_00401150 FUN_00401200 FUN_004015a0 FUN_00402aa0 FUN_00405ad0 FUN_00409d80 FUN_0041c7e0 FUN_004299a0 FUN_00431570 FUN_0045d0f0 FUN_0045d350 FUN_0045db00 FUN_00478480 FUN_00479220 FUN_0048f6e1 _memset"
0045db00,FUN_0045db00,130,0,"FUN_0047a170"
0045db90,FUN_0045db90,612,1,"FUN_00422760 FUN_00423ec0"
0045de30,FUN_0045de30,65,2,""
0045de80,FUN_0045de80,62,1,""
0045dec0,FUN_0045dec0,150,2,""
0045df60,FUN_0045df60,74,2,""
0045dfb0,FUN_0045dfb0,146,2,""
0045e050,FUN_0045e050,65,2,""
0045e0a0,FUN_0045e0a0,88,0,"FUN_0048a880"
0045e100,FUN_0045e100,185,1,"FUN_00402800 FUN_00407e50 FUN_0041fa40"
0045e1c0,FUN_0045e1c0,351,0,"FUN_00401150 FUN_00401200 FUN_004015a0 FUN_0048f6e1 _memset"
0045e320,FUN_0045e320,247,1,"EnterCriticalSection FUN_00401610 FUN_00467550 FUN_0048f711 LeaveCriticalSection"
0045e420,FUN_0045e420,296,1,"FUN_00409f40 FUN_0045ee80 FUN_0045f420"
0045e570,FUN_0045e570,394,2,"FUN_00422760"
0045e700,FUN_0045e700,199,3,"FID_conflict:common_gmtime<long> FUN_00422760"
0045e7d0,FUN_0045e7d0,1183,1,"FUN_00422760 FUN_004228d0 FUN_0045e570 FUN_0045e700 FUN_0048a4a0 FUN_0048aa10"
0045ec80,FUN_0045ec80,502,1,"FUN_0041c850 FUN_00489080 FUN_0048a650 __security_check_cookie"
0045ee80,FUN_0045ee80,459,1,"FUN_0041c850 FUN_00447690 FUN_00449900 FUN_0044acf0 FUN_0045dfb0 FUN_0045e0a0 FUN_0045ec80 FUN_00479220 FUN_00479390 FUN_0047a170 FUN_0048a540 FUN_0048a650"
0045f050,FUN_0045f050,372,0,"FUN_00402800 FUN_00407e50 FUN_00449900 FUN_0044acf0 FUN_0045dfb0 FUN_0045ec80 FUN_00479390"
0045f1d0,FUN_0045f1d0,582,1,"FID_conflict:__time64 FUN_00402aa0 FUN_0041c7e0"
0045f420,FUN_0045f420,4579,1,"FID_conflict:__time64 FUN_00402a00 FUN_00402a50 FUN_00402aa0 FUN_00405ad0 FUN_00418250 FUN_0041c7e0 FUN_0041c850 FUN_00423fc0 FUN_00424000 FUN_00431570 FUN_00447890 FUN_0044ae90 FUN_0044b040 FUN_0045d2b0 FUN_0045dfb0 FUN_0045e050 FUN_0045e100 FUN_0045f1d0 FUN_00460670 FUN_00467550 FUN_00467780 FUN_00467bf0 FUN_00467c40 FUN_00475840 FUN_00479220 FUN_0047a170 FUN_0048a540 FUN_0048a5c0 FUN_0048a650 FUN_0048a7d0 FUN_0048a810 FUN_0048aaa0 FUN_0048f711 __security_check_cookie"
00460670,FUN_00460670,125,2,""
004606f0,FUN_004606f0,77,2,""
00460740,FUN_00460740,89,1,"FUN_004607a0"
004607a0,FUN_004607a0,84,1,""
00460800,FUN_00460800,36,1,""
00460830,FUN_00460830,262,1,""
00460940,FUN_00460940,1119,1,"FUN_00401150 FUN_00401200 FUN_004015a0 FUN_004020b0 FUN_004025f0 FUN_00407080 FUN_004607a0 FUN_0047ac70 FUN_00488360"
00460da0,FUN_00460da0,947,0,"FUN_0041cb00 FUN_004636b0 FUN_0048a650 _memset"
00461160,FUN_00461160,251,0,"FUN_00458fe0 FUN_00460830 FUN_00460940 FUN_00461260 FUN_0048f6e1 _memset"
00461260,FUN_00461260,251,1,"EnterCriticalSection FUN_00401610 FUN_004243e0 FUN_0048a700 FUN_0048f711 FUN_0049337f LeaveCriticalSection"
00461360,FUN_00461360,44,0,"FUN_00459220 FUN_00461260"
00461390,FUN_00461390,2313,1,"FUN_00405970 FUN_00407080 FUN_0040a180 FUN_0041ca80 FUN_0041cb00 FUN_00447d80 FUN_004607a0 FUN_00460800 FUN_00461ca0 FUN_00479220 FUN_0047ac70 FUN_0048a4a0 FUN_0048a540"
00461ca0,FUN_00461ca0,481,3,"FUN_0048a4a0 FUN_0048a540"
00461e90,FUN_00461e90,3090,1,"FUN_00402cf0 FUN_00402e10 FUN_004057c0 FUN_00405ad0 FUN_00407080 FUN_00409010 FUN_004280d0 FUN_00428410 FUN_00428cf0 FUN_0042fc70 FUN_0042fd90 FUN_0044e6a0 FUN_0044e720 FUN_0045f050 FUN_00460740 FUN_004607a0 FUN_00461390 FUN_00463170 FUN_00463650 FUN_004636b0 FUN_00463920 FUN_00463d90 FUN_00464510 FUN_00464830 FUN_00479220 FUN_004792b0 FUN_0047ac70"
00462b50,FUN_00462b50,123,1,"FUN_004ab4d0"
00462bd0,FUN_00462bd0,416,3,"FUN_00463450 FUN_00463d90"
00462d70,FUN_00462d70,311,2,"FUN_00417940 FUN_00463450 FUN_00463d90"
00462eb0,FUN_00462eb0,691,3,"FUN_00404b90 FUN_00404bb0 FUN_00417940 FUN_00463450 FUN_00463d90"
00463170,FUN_00463170,723,1,"EnterCriticalSection FUN_00407080 FUN_00429ac0 FUN_0047ac70 FUN_00489e30 FUN_0048a540 FUN_0048ac50 LeaveCriticalSection"
00463450,FUN_00463450,504,1,"EnterCriticalSection FUN_00407080 FUN_00479220 FUN_0047ac70 FUN_00489e30 FUN_0048ac50 LeaveCriticalSection"
00463650,FUN_00463650,81,1,""
004636b0,FUN_004636b0,218,1,""
00463790,FUN_00463790,199,1,"FUN_00463df0"
00463920,FUN_00463920,357,4,"_memset"
00463a90,FUN_00463a90,452,4,"_memset"
00463c60,FUN_00463c60,205,2,"FUN_00402800 FUN_0044c620 FUN_004792b0 __security_check_cookie"
00463d30,FUN_00463d30,95,3,""
00463d90,FUN_00463d90,94,1,""
00463df0,FUN_00463df0,32,3,""
00463e10,FUN_00463e10,1555,5,"EnterCriticalSection FUN_004028d0 FUN_00402cf0 FUN_00407080 FUN_00463a90 FUN_004792b0 FUN_0047ac70 FUN_00489e30 FUN_0048a4a0 FUN_0048a650 FUN_0048ac50 LeaveCriticalSection _memset"
00464430,FUN_00464430,215,5,"FUN_00463e10"
00464510,FUN_00464510,786,1,"FUN_00404ab0 FUN_004057c0 FUN_00405ad0 FUN_00458740 FUN_004606f0 FUN_00464430"
00464830,FUN_00464830,861,1,"FUN_00402cf0 FUN_00402e10 FUN_0040a150 FUN_004843b0 FUN_0048a4a0 FUN_0048a650 __security_check_cookie"
00464b90,FUN_00464b90,1457,7,"FUN_00404200 FUN_00404b90 FUN_00404bb0 __security_check_cookie"
00465150,FUN_00465150,77,4,"FUN_004651a0"
004651a0,FUN_004651a0,199,1,"FUN_0048a4a0"
00465290,FUN_00465290,516,1,"FUN_004049b0 FUN_00429a60 FUN_004402a0 FUN_004ab4d0"
004654a0,FUN_004654a0,583,1,"EnterCriticalSection FUN_00402800 FUN_004028d0 FUN_00407080 FUN_004651a0 FUN_0047ac70 FUN_00489e30 FUN_0048ac50 LeaveCriticalSection"
00465750,FUN_00465750,1620,1,"FUN_00467150 FUN_0048a4a0 FUN_0048a540"
00465db0,FUN_00465db0,1429,5,"EnterCriticalSection FUN_00403ce0 FUN_00403e40 FUN_00407080 FUN_00429ac0 FUN_004305d0 FUN_00467150 FUN_0047ac70 FUN_00489e30 FUN_0048a4a0 FUN_0048a540 FUN_0048ac50 FUN_004ab4d0 LeaveCriticalSection __libm_sse2_sqrt_precise __security_check_cookie"
00466510,FUN_00466510,325,1,""
00466760,FUN_00466760,378,1,"FUN_004057c0 FUN_00405ad0 FUN_00429a60 FUN_0048a540"
004668e0,FUN_004668e0,333,1,"EnterCriticalSection FUN_004028d0 FUN_00407080 FUN_004651a0 FUN_0047ac70 FUN_00489e30 FUN_0048ac50 LeaveCriticalSection"
00466a30,FUN_00466a30,585,1,"EnterCriticalSection FUN_00402800 FUN_004028d0 FUN_00407080 FUN_004651a0 FUN_00467040 FUN_0047ac70 FUN_00489e30 FUN_0048ac50 LeaveCriticalSection"
00466ce0,FUN_00466ce0,125,1,"FUN_00402910"
00466d60,FUN_00466d60,246,1,"FUN_004028d0 FUN_004ab4d0"
00466e60,FUN_00466e60,55,1,"FUN_004028d0"
00466ef0,FUN_00466ef0,335,1,"FUN_004402a0 FUN_004ab4d0"
00467040,FUN_00467040,139,5,""
004670d0,FUN_004670d0,92,2,""
00467130,FUN_00467130,31,2,"FUN_00402800"
00467150,FUN_00467150,32,3,""
00467170,FUN_00467170,990,3,"FUN_00401150 FUN_00401200 FUN_004015a0 FUN_0041ddf0 FUN_0044ad40 FUN_00468440 FUN_00468a50 FUN_00468af0 FUN_0048f6e1 _memset"
00467550,FUN_00467550,543,1,"EnterCriticalSection FUN_00401610 FUN_0048f711 LeaveCriticalSection `eh_vector_destructor_iterator'"
00467780,FUN_00467780,191,1,"FUN_00467550 FUN_00468440 FUN_0048f6e1 FUN_0048f711 _memset `eh_vector_constructor_iterator'"
00467840,FUN_00467840,789,1,"FUN_0041c850 FUN_004314c0 FUN_00447690 FUN_0044acf0 FUN_0045dfb0 FUN_0045e0a0 FUN_0045ec80 FUN_0047a170 FUN_0048a540 FUN_0048a650"
00467b60,FUN_00467b60,133,1,"FUN_0048c810"
00467bf0,FUN_00467bf0,78,1,"FID_conflict:__time64"
00467c40,FUN_00467c40,2041,2,"CloseHandle FID_conflict:common_gmtime<long> FUN_00401fa0 FUN_00402430 FUN_00424000 FUN_00468a50 FUN_00471bb0 FUN_00492e00 FUN_00493374 FUN_0049337f FUN_00495fae LeaveCriticalSection WriteFile __security_check_cookie _memset"
00468440,FUN_00468440,691,2,"CreateFileA EnterCriticalSection FUN_00401e90 FUN_004020b0 FUN_00402270 FUN_00402560 FUN_004025c0 FUN_00404c20 FUN_00424000 FUN_00471e70 FUN_00493374 FUN_0049337f FUN_00495fae FormatMessageA GetLastError LeaveCriticalSection LocalFree __alloca_probe __security_check_cookie"
004687a0,FUN_004687a0,193,1,"FUN_00422760"
00468870,FUN_00468870,423,0,"FUN_0041ddf0 FUN_0041f9a0 FUN_004607a0 FUN_004636b0 FUN_00468a50 FUN_00468af0"
00468a20,FUN_00468a20,41,2,""
00468a50,FUN_00468a50,160,2,"FUN_0048f6e1 _memset"
00468af0,FUN_00468af0,111,2,"FUN_0048f711"
00468bc0,FUN_00468bc0,254,2,""
00468cc0,FUN_00468cc0,800,1,"_memset"
00468fe0,FUN_00468fe0,638,1,"EnterCriticalSection FUN_00402800 FUN_00407e50 LeaveCriticalSection _memset"
00469260,FUN_00469260,477,0,"FUN_004020b0 FUN_00468cc0 FUN_00468fe0 FUN_00469440 FUN_0048f6e1 FUN_00492e00 FUN_00495fae _memset"
00469440,FUN_00469440,389,1,"FUN_00401e90 FUN_00407e50 FUN_00468bc0 FUN_00471e70 FUN_00492e00 FUN_00493374 FUN_0049337f"
004695d0,FUN_004695d0,536,2,"CloseHandle FUN_00401fa0 FUN_00402430 FUN_004024f0 FUN_004026c0 FUN_00468bc0 FUN_00471bb0 FUN_00492e00 FUN_00493374 FUN_0049337f FUN_00495fae LeaveCriticalSection WriteFile"
004697f0,FUN_004697f0,149,1,"FUN_00402800 FUN_00407e50"
00469890,FUN_00469890,389,0,"FUN_00401150 FUN_00401200 FUN_004015a0 FUN_00424120 FUN_0047a220 FUN_0048f6e1 _memset"
00469a20,FUN_00469a20,205,1,"EnterCriticalSection FUN_00401610 FUN_004243e0 FUN_0048f711 LeaveCriticalSection"
00469af0,FUN_00469af0,17,0,"FUN_00469a20"
00469b10,FUN_00469b10,333,1,""
00469c60,FUN_00469c60,1082,1,"FUN_00422760 FUN_004803d0 FUN_00480e10 FUN_00480fd0"
0046a0c0,FUN_0046a0c0,228,3,""
0046a1b0,FUN_0046a1b0,508,0,"FUN_00401150 FUN_00401200 FUN_004015a0 FUN_004025f0 FUN_00405970 FUN_0046a3b0 FUN_00470940 FUN_00479220 FUN_0047a170 FUN_00488360 FUN_0048f6e1 _memset"
0046a3b0,FUN_0046a3b0,338,1,"EnterCriticalSection FUN_00401610 FUN_0048a650 FUN_0048f711 LeaveCriticalSection"
0046a510,FUN_0046a510,2367,1,"FUN_00401150 FUN_00401200 FUN_004015a0 FUN_004028d0 FUN_00402aa0 FUN_004057c0 FUN_00405970 FUN_00405ad0 FUN_00407e50 FUN_00408450 FUN_00417b20 FUN_0041b790 FUN_0041c7e0 FUN_00424840 FUN_00428ad0 FUN_0042a1e0 FUN_004305d0 FUN_00430820 FUN_004315f0 FUN_00434c30 FUN_00442630 FUN_0044ba20 FUN_0044de20 FUN_0045ad40 FUN_0045adc0 FUN_0045ae40 FUN_0045dec0 FUN_0045df60 FUN_0045e100 FUN_0045e320 FUN_00461360 FUN_00469af0 FUN_0046a3b0 FUN_0046b050 FUN_0046b0f0 FUN_0046b2b0 FUN_0046b350 FUN_0046b560 FUN_00470940 FUN_00478480 FUN_00479220 FUN_0047a220 FUN_0048a4a0 FUN_0048a540 FUN_0048a650 FUN_0048a790 FUN_0048f6e1 FUN_0048f711 _memset"
0046ae80,FUN_0046ae80,462,1,"FUN_004228d0 FUN_0048a4a0"
0046b050,FUN_0046b050,151,1,"FUN_0048a4a0"
0046b0f0,FUN_0046b0f0,172,3,"FUN_00405970 FUN_00421580 FUN_0047a220 FUN_0048a4a0"
0046b1a0,FUN_0046b1a0,263,2,"FUN_00405970 FUN_00407e50 FUN_0047a220 FUN_0048a4a0"
0046b2b0,FUN_0046b2b0,151,1,"FUN_0048a4a0"
0046b350,FUN_0046b350,520,1,"FUN_00406220 FUN_0041ba40 FUN_0048a4a0 FUN_0048a540 FUN_0048a850 FUN_0048a880"
0046b560,FUN_0046b560,878,1,"FUN_00402800 FUN_00407e50 FUN_0046b1a0 FUN_0046b2b0 __security_check_cookie"
0046b8d0,FUN_0046b8d0,6,0,""
0046b8e0,FUN_0046b8e0,96,2,""
0046b940,FUN_0046b940,83,2,""
0046b9a0,FUN_0046b9a0,39,1,"FUN_004413a0"
0046b9d0,FUN_0046b9d0,699,1,"_memset"
0046bd20,FUN_0046bd20,432,0,"FUN_00401150 FUN_00401200 FUN_004015a0 FUN_004020b0 FUN_004025f0 FUN_0045c9f0 FUN_0046dea0 FUN_00477820 FUN_00488360 FUN_0049337f"
0046bed0,FUN_0046bed0,110,0,"FUN_00402c30 FUN_0046b9d0 FUN_0048f6e1 __beginthreadex"
0046bf40,FUN_0046bf40,450,0,"EnterCriticalSection FUN_00401610 FUN_00402c30 FUN_00467550 FUN_00477820 FUN_0048a540 FUN_0048a650 FUN_0048a700 FUN_0048f711 FUN_0049337f LeaveCriticalSection"
0046c110,FUN_0046c110,1742,1,"FUN_00402a00 FUN_004057c0 FUN_00405970 FUN_00409920 FUN_00409d80 FUN_00418250 FUN_0041c7e0 FUN_0041ca30 FUN_00432440 FUN_004336e0 FUN_0044ae90 FUN_0044b040 FUN_0045ad40 FUN_0045adc0 FUN_0045ae10 FUN_0045c990 FUN_0045d2b0 FUN_00468a20 FUN_0046b8e0 FUN_0046b9a0 FUN_0046cb80 FUN_0046d070 FUN_0046dc00 FUN_0046eef0 FUN_0046fb90 FUN_00478480 FUN_0047a170 FUN_0048a540 FUN_0048a5c0 FUN_0048a650 FUN_0048a700"
0046c840,FUN_0046c840,590,1,"FUN_00422760 FUN_004228d0 FUN_00423ec0 FUN_0046eaf0 FUN_00470360 FUN_0048a4a0"
0046cac0,FUN_0046cac0,190,0,"FUN_00402800 FUN_00407e50 FUN_0045cae0 FUN_0045cc80"
0046cb80,FUN_0046cb80,1118,1,"FUN_00402a00 FUN_00402aa0 FUN_00405970 FUN_00405ad0 FUN_00409d80 FUN_004183a0 FUN_0041c7e0 FUN_0041ca30 FUN_00431570 FUN_004315a0 FUN_00431c30 FUN_00433710 FUN_0045ae40 FUN_00468a20 FUN_0046b8e0 FUN_0046b940 FUN_0046b9a0 FUN_0046cac0 FUN_0046dc00 FUN_00479220 FUN_0048a4a0 FUN_0048a540 FUN_0048a5c0"
0046d070,FUN_0046d070,2395,1,"FUN_00402a00 FUN_00402a50 FUN_00402aa0 FUN_00405970 FUN_00407e50 FUN_00409d80 FUN_00417e30 FUN_00418250 FUN_004183a0 FUN_0041c620 FUN_0041c7e0 FUN_0041ca80 FUN_0041fb50 FUN_0041fe50 FUN_00431570 FUN_004315a0 FUN_00431c30 FUN_00433710 FUN_00441480 FUN_00448210 FUN_0045ae40 FUN_0046b8e0 FUN_0046b940 FUN_0046cac0 FUN_0046da00 FUN_0046db30 FUN_0046e3c0 FUN_0046ea10 FUN_00479220 FUN_0047a220 FUN_0048a4a0 FUN_0048a540 FUN_0048a5c0 FUN_0048a650 FUN_0048f6e1 _memset"
0046da00,FUN_0046da00,296,1,"FUN_0041c620 FUN_0046e3c0 FUN_0046ea10 FUN_0048a4a0 FUN_0048a5c0 FUN_0048a850"
0046db30,FUN_0046db30,197,1,"FUN_0046e3c0 FUN_0048a5c0"
0046dc00,FUN_0046dc00,667,2,"FUN_00402800 FUN_004028d0 FUN_004048f0 FUN_00407e50 FUN_0048a4a0 FUN_0048a5c0 __security_check_cookie"
0046dea0,FUN_0046dea0,1297,1,"FUN_004020b0 FUN_0045c9f0 FUN_0046fae0 FUN_0046fb30 FUN_0049337f __security_check_cookie"
0046e3c0,FUN_0046e3c0,1613,2,"FUN_00405970 FUN_00407e50 FUN_00488ef0 FUN_0048a4a0 FUN_0048a650"
0046ea10,FUN_0046ea10,211,2,"FUN_00405970 FUN_00488ef0 FUN_0048a4a0 FUN_0048a650"
0046eaf0,FUN_0046eaf0,1024,1,"FID_conflict:common_gmtime<long> FUN_00422760"
0046eef0,FUN_0046eef0,3038,1,"EnterCriticalSection FUN_004020b0 FUN_00402a50 FUN_00402aa0 FUN_00405970 FUN_00407080 FUN_004179b0 FUN_0041c7e0 FUN_004305d0 FUN_0045ad40 FUN_0045adc0 FUN_0046b8e0 FUN_0046b940 FUN_0046fae0 FUN_0046fb30 FUN_00479220 FUN_0047a170 FUN_0047ac70 FUN_00488c40 FUN_00489e30 FUN_0048a4a0 FUN_0048a540 FUN_0048a790 FUN_0048a850 FUN_0048a880 FUN_0048ac50 FUN_0049337f LeaveCriticalSection"
0046fae0,FUN_0046fae0,74,2,""
0046fb30,FUN_0046fb30,96,3,""
0046fb90,FUN_0046fb90,1940,1,"FUN_00402800 FUN_00402a50 FUN_00402aa0 FUN_00405970 FUN_00407e50 FUN_00409d80 FUN_0041c7e0 FUN_00431c30 FUN_00433710 FUN_0046b8e0 FUN_0046b940 FUN_0046dc00 FUN_004710b0 FUN_004710f0 FUN_00479220 FUN_00488ef0 FUN_0048a4a0 FUN_0048a540 FUN_0048a5c0 FUN_0048a790 _memset"
00470360,FUN_00470360,365,1,"FUN_00407e50 FUN_00422760"
004704d0,FUN_004704d0,108,2,""
00470540,FUN_00470540,1011,0,"EnterCriticalSection FUN_004020b0 FUN_004025f0 FUN_00402800 FUN_0045c9f0 FUN_00470fd0 FUN_00471020 FUN_00488360 FUN_0049337f LeaveCriticalSection __security_check_cookie"
00470940,FUN_00470940,566,1,"FUN_00401150 FUN_00401200 FUN_004015a0 FUN_004025f0 FUN_00402800 FUN_00407e50 FUN_004704d0 FUN_00470b80 FUN_00488360 FUN_0048f6e1 _memset"
00470b80,FUN_00470b80,197,1,"EnterCriticalSection FUN_00401610 FUN_0048f711 LeaveCriticalSection"
00470c50,FUN_00470c50,856,1,"FUN_0041c850 FUN_004704d0 FUN_00470b80 FUN_00471080 FUN_00479220 FUN_00488ef0 FUN_0048a650"
00470fd0,FUN_00470fd0,74,2,""
00471020,FUN_00471020,96,3,""
00471080,FUN_00471080,44,1,""
004710b0,FUN_004710b0,64,1,""
004710f0,FUN_004710f0,87,3,""
00471150,FUN_00471150,30,1,""
00471170,thunk_FUN_00471250,5,1,"FUN_00471250"
00471180,FUN_00471180,195,0,"FUN_00471250 FUN_00471490 FUN_00471750 FUN_004717d0 FUN_00471830 FUN_0048f6e1 GetCurrentDirectoryA __security_check_cookie"
00471250,FUN_00471250,182,1,"FUN_004717d0 FUN_0048fdde FUN_0049337f `eh_vector_destructor_iterator'"
00471310,FUN_00471310,370,3,"FUN_00401e90 FUN_004717d0 FUN_00471e70 FUN_00493374 FUN_0049337f __stricmp"
00471490,FUN_00471490,695,0,"FUN_00401e90 FUN_00471e70 FUN_0048fdec FUN_00493374 FUN_0049337f __security_check_cookie `eh_vector_constructor_iterator'"
00471750,FUN_00471750,68,1,"FUN_00493374"
004717a0,FUN_004717a0,26,1,"FUN_0049337f"
004717d0,FUN_004717d0,3,0,""
004717e0,FUN_004717e0,71,2,"CloseHandle FUN_0048f711"
00471830,FUN_00471830,420,3,"CreateFileA DeleteFileA FUN_00490ba0 FUN_00490ce0 GetModuleFileNameA SetFilePointer __security_check_cookie"
004719e0,FUN_004719e0,34,1,"CloseHandle"
00471a10,FUN_00471a10,58,3,"ReadFile"
00471a50,FUN_00471a50,64,3,"WriteFile"
00471a90,FUN_00471a90,25,1,"SetFilePointer"
00471ab0,FUN_00471ab0,21,1,"GetFileSize"
00471ad0,FUN_00471ad0,38,3,"SetFilePointer"
00471b00,FUN_00471b00,122,2,"FUN_00493374 FUN_0049337f"
00471b80,`scalar_deleting_destructor',36,2,"FUN_0048f711"
00471bb0,FUN_00471bb0,697,3,"FUN_00472060 FUN_004722a0 FUN_0048fd03 FUN_00493374"
00471e70,FUN_00471e70,486,4,"FUN_00493374"
00472060,FUN_00472060,567,2,""
004722a0,FUN_004722a0,321,1,"FUN_004722a0"
00472400,FUN_00472400,41,2,"FUN_00402c30 FUN_0048f711"
00472430,FUN_00472430,128,1,"DeleteDC DeleteObject SelectObject"
004724b0,FUN_004724b0,396,3,"CreateCompatibleDC CreateDIBSection FUN_00472430 SelectObject __security_check_cookie _memset"
00472640,FUN_00472640,908,1,""
004729d0,FUN_004729d0,199,1,""
00472aa0,FUN_00472aa0,80,1,""
00472af0,FUN_00472af0,1507,0,"CreateFontA EnterCriticalSection EnumFontFamiliesExA FUN_004724b0 GetDC LeaveCriticalSection ReleaseDC __security_check_cookie"
004730e0,FUN_004730e0,1339,10,"D3DXLoadSurfaceFromMemory FUN_00472640 FUN_004729d0 FUN_00492e00 FUN_00493374 FUN_0049337f SelectObject SetBkMode SetTextColor TextOutA __security_check_cookie _memset"
00473650,FUN_00473650,24,1,""
004736b0,FUN_004736b0,48,2,"FUN_0048f711 ___std_exception_destroy"
004736e0,FUN_004736e0,51,2,"___std_exception_copy"
00473720,FUN_00473720,48,2,"FUN_0048f711 ___std_exception_destroy"
00473750,FUN_00473750,51,2,"___std_exception_copy"
00473790,FUN_00473790,48,2,"FUN_0048f711 ___std_exception_destroy"
004737c0,FUN_004737c0,14,1,""
004737d0,FUN_004737d0,45,2,"___std_exception_copy"
00473800,FUN_00473800,3,0,""
00473810,FUN_00473810,126,0,""
00473890,FUN_00473890,188,0,""
00473950,FUN_00473950,3585,1,"CreateThread DeleteCriticalSection DestroyWindow Direct3DCreate9 DispatchMessageA EnumDisplaySettingsA FUN_004012b0 FUN_00401410 FUN_00401520 FUN_004020b0 FUN_004022f0 FUN_004025f0 FUN_004026c0 FUN_00402c30 FUN_0045a140 FUN_0045a490 FUN_0045aad0 FUN_0045b000 FUN_0045b670 FUN_0045c610 FUN_00473810 FUN_00473890 FUN_00474b80 FUN_00475010 FUN_00475290 FUN_00475480 FUN_00475840 FUN_00475990 FUN_00475d50 FUN_00475fe0 FUN_004762b0 FUN_00476590 FUN_004768c0 FUN_00476d10 FUN_004774e0 FUN_00478750 FUN_00478c60 FUN_00480dc0 FUN_00480e10 FUN_004860a0 FUN_00486990 FUN_0048f6e1 FUN_0048f711 FUN_0049337f GetKeyboardState GetModuleFileNameA GetSystemMetrics GetWindowRect InitializeCriticalSection MessageBoxA MoveWindow PeekMessageA SetCursor SetForegroundWindow SetKeyboardState SetWindowLongA SetWindowPos ShowCursor ShowWindow SystemParametersInfoA TranslateMessage WINNLSEnableIME __alloca_probe __security_check_cookie _memset joyGetDevCapsA joyGetPosEx timeBeginPeriod timeEndPeriod"
00474760,FUN_00474760,923,4,"DefWindowProcA LoadCursorA SetCursor SetWindowPos ShowCursor Sleep"
00474b80,FUN_00474b80,500,1,"FUN_00473800 FUN_00490ba0 FUN_00495fae GetEnvironmentVariableA GetModuleFileNameA QueryPerformanceCounter QueryPerformanceFrequency SystemParametersInfoA __mkdir"
00474d80,FUN_00474d80,646,0,"FUN_00430740 FUN_00475840 FUN_004ab4e0 FUN_004ac410"
00475010,FUN_00475010,626,1,"FUN_0045c610 FUN_0045c8d0 FUN_00473810 FUN_00473890 FUN_00474d80 FUN_00475660 FUN_00475840 FUN_00476590 Sleep timeBeginPeriod timeEndPeriod"
00475290,FUN_00475290,488,1,"FUN_004012b0 FUN_00401410 FUN_00402c30 FUN_00424020 FUN_0045c610 FUN_0045c8d0 FUN_00473810 FUN_00473890 FUN_00474d80 FUN_00475660 FUN_00475840 FUN_00476590 FUN_00480dc0 FUN_00480e10 Sleep"
00475480,FUN_00475480,468,1,"FUN_004012b0 FUN_00401410 FUN_00402c30 FUN_00424020 FUN_0045c610 FUN_0045c8d0 FUN_00473810 FUN_00473890 FUN_00474d80 FUN_00475660 FUN_00475840 FUN_00476590 FUN_00480dc0 FUN_00480e10 Sleep"
00475660,FUN_00475660,474,0,"D3DXLoadSurfaceFromSurface FUN_00402270 FUN_00424000 FUN_0045a620 FUN_00480e10 FUN_00495fae __mkdir __security_check_cookie"
00475840,FUN_00475840,332,0,"EnterCriticalSection FUN_004ab480 LeaveCriticalSection QueryPerformanceCounter timeGetTime"
00475990,FUN_00475990,957,2,""
00475d50,FUN_00475d50,649,2,"AdjustWindowRectEx CreateWindowExA FUN_00475990 GetStockObject GetUserDefaultLCID GetWindowRect LoadCursorA RegisterClassA SetWindowLongA ShowWindow __security_check_cookie"
00475fe0,FUN_00475fe0,712,1,"FUN_004025f0 FUN_004026c0 GetDC GetDeviceCaps ReleaseDC"
004762b0,FUN_004762b0,721,0,"FUN_004025f0 FUN_00475fe0 FUN_00476590 __security_check_cookie"
00476590,FUN_00476590,813,1,""
004768c0,FUN_004768c0,696,0,"CoCreateInstance CoInitialize CoUninitialize CreateMutexA FUN_00402270 FUN_004026c0 FUN_0048fdec FUN_00490ba0 GetConsoleTitleA GetLastError GetModuleFileNameA GetStartupInfoA MultiByteToWideChar __security_check_cookie __stricmp _memset thunk_FUN_0049337f"
00476b80,FUN_00476b80,260,3,"DestroyWindow FUN_00476c90 GetDlgItem SendMessageA"
00476c90,FUN_00476c90,114,0,"IsDlgButtonChecked"
00476d10,FUN_00476d10,1151,0,"CheckRadioButton CreateDialogParamA DestroyWindow DispatchMessageA EnableWindow EnumDisplaySettingsA FUN_00404c30 FUN_00476c90 GetDlgItem GetKeyboardState GetUserDefaultLCID IsDialogMessageA IsDlgButtonChecked PeekMessageA ShowWindow Sleep TranslateMessage __security_check_cookie joyGetPosEx"
00477190,FUN_00477190,838,1,"CoCreateInstance CoInitialize CoSetProxyBlanket CoUninitialize FUN_004778f0 FUN_00490eb0 SysAllocString SysFreeString __security_check_cookie _memset"
004774e0,FUN_004774e0,472,0,"DirectInput8Create FUN_004025f0"
004776c0,FUN_004776c0,93,1,"FUN_00477190"
00477720,FUN_00477720,134,1,"__security_check_cookie"
004777b0,FUN_004777b0,107,1,"EnterCriticalSection FUN_00401610 FUN_0048f711 LeaveCriticalSection"
00477820,FUN_00477820,191,0,""
004778f0,FUN_004778f0,42,2,"FUN_0045c9e0 ___stdio_common_vswscanf"
00477980,FUN_00477980,591,2,"FUN_00480e10 __security_check_cookie"
00477bd0,FUN_00477bd0,203,1,"FUN_0045b000 FUN_00477980 FUN_00480e10"
00477d30,FUN_00477d30,78,1,"FUN_00477980"
00477ef0,FUN_00477ef0,78,1,"FUN_00477980"
00477f40,FUN_00477f40,43,1,"FUN_00477980"
00478090,FUN_00478090,112,1,"FUN_00477980"
00478100,FUN_00478100,413,1,"FUN_00402800"
004782a0,FUN_004782a0,434,1,"FUN_00402800 FUN_004057c0"
00478460,FUN_00478460,27,1,"FUN_00478690 FUN_0048f711"
00478480,FUN_00478480,78,6,"FUN_004784d0 FUN_0048f6e1 _memset"
004784d0,FUN_004784d0,393,7,"FUN_00401150 FUN_00401200 FUN_004015a0"
00478690,FUN_00478690,176,1,"EnterCriticalSection FUN_00401610 LeaveCriticalSection"
00478740,FUN_00478740,3,0,""
00478750,FUN_00478750,170,0,"CloseHandle Sleep WaitForSingleObject"
00478840,FUN_00478840,908,2,"DirectSoundCreate8 FUN_004025f0 FUN_00479e10 FUN_0048f6e1 FUN_0048f711 SetTimer __security_check_cookie _memset"
00478c60,FUN_00478c60,515,0,"CloseHandle FUN_0048bfe0 FUN_0048f711 FUN_0049337f KillTimer PostThreadMessageA WaitForSingleObject"
00478e70,FUN_00478e70,88,4,"_strncmp"
00478ed0,FUN_00478ed0,216,2,"FUN_00490ba0 __security_check_cookie"
00478fb0,FUN_00478fb0,463,2,"CloseHandle CreateFileA EnterCriticalSection FUN_00404d20 FUN_00478ed0 FUN_0047a210 FUN_00493374 FUN_0049337f LeaveCriticalSection ReadFile SetFilePointer"
00479180,FUN_00479180,150,1,"CloseHandle FUN_0048bfe0 PostThreadMessageA WaitForSingleObject"
00479220,FUN_00479220,140,1,""
004792b0,FUN_004792b0,163,1,""
00479360,FUN_00479360,47,1,""
00479390,FUN_00479390,2646,0,"CloseHandle CreateEventA CreateThread EnterCriticalSection FUN_00475840 FUN_00478ed0 FUN_00478fb0 FUN_0048b300 FUN_0048b830 FUN_0048bb60 FUN_0048be00 FUN_0048bfe0 FUN_0048c480 FUN_0048c780 FUN_0048c810 LeaveCriticalSection PostThreadMessageA SetFilePointer WaitForSingleObject"
00479e10,FUN_00479e10,673,2,"FUN_004025f0 FUN_00478e70 FUN_0047a210 FUN_00492e00 FUN_0049337f Sleep __security_check_cookie _strncmp"
0047a0c0,FUN_0047a0c0,172,0,"FUN_0048c0f0 MsgWaitForMultipleObjects PeekMessageA"
0047a170,FUN_0047a170,153,4,"EnterCriticalSection LeaveCriticalSection"
0047a210,FUN_0047a210,3,0,""
0047a220,FUN_0047a220,606,3,""
0047a480,FUN_0047a480,332,3,"FUN_0047ac70 _memset"
0047a5d0,FUN_0047a5d0,679,1,"FUN_00402800 FUN_00402890 FUN_004028d0 FUN_00409e00"
0047a910,FUN_0047a910,239,2,"FUN_00467130"
0047aa70,FUN_0047aa70,217,4,""
0047abb0,FUN_0047abb0,114,3,""
0047ac70,FUN_0047ac70,13541,1,"FUN_00402800 FUN_00402890 FUN_004028d0 FUN_00402950 FUN_004029b0 FUN_00402b20 FUN_00402b80 FUN_00405830 FUN_00405930 FUN_00405a90 FUN_00405ad0 FUN_004062b0 FUN_00406340 FUN_00431260 FUN_00431b00 FUN_0047a220 FUN_0047a5d0 FUN_0047a910 FUN_0047aa70 FUN_0047abb0 FUN_0047e590 FUN_0047e7a0 FUN_0047f050 FUN_0047fd20 FUN_0047fd50 FUN_0047fde0 FUN_0047fef0 FUN_0047ffe0 FUN_004843b0 FUN_00485b40 FUN_0048a250 FUN_0048a3a0 FUN_0048a4a0 FUN_0048aec0 FUN_00493374 FUN_004ab4e0 FUN_004ab500 FUN_004aba20 FUN_004abd10 FUN_004abed0 FUN_004ac1a0 __security_check_cookie"
0047e590,FUN_0047e590,514,1,""
0047e7a0,FUN_0047e7a0,2184,1,"FUN_004029b0 FUN_00406050 FUN_0047ffe0"
0047f050,FUN_0047f050,517,1,"FUN_004063e0 FUN_004280d0 FUN_0047f260 FUN_0047f4c0 FUN_0047f7c0 FUN_0047f9b0"
0047f260,FUN_0047f260,603,2,"FUN_004030b0"
0047f4c0,FUN_0047f4c0,755,2,"FUN_004030b0 FUN_00404a10 FUN_00463d30 FUN_004670d0"
0047f7c0,FUN_0047f7c0,496,1,"FUN_004030b0"
0047f9b0,FUN_0047f9b0,867,2,"FUN_004030b0"
0047fd20,FUN_0047fd20,39,4,""
0047fd50,FUN_0047fd50,144,5,""
0047fde0,FUN_0047fde0,262,5,""
0047fef0,FUN_0047fef0,233,5,""
0047ffe0,FUN_0047ffe0,32,3,""
00480000,FUN_00480000,923,2,"FUN_00480e10"
004803d0,FUN_004803d0,2516,3,"FUN_00480000 FUN_00480e10 FUN_00480ee0"
00480dc0,FUN_00480dc0,70,0,""
00480e10,FUN_00480e10,205,1,""
00480ee0,FUN_00480ee0,229,2,""
00480fd0,FUN_00480fd0,1084,5,"FUN_00406220"
00481410,FUN_00481410,703,5,"FUN_00406220 FUN_00409e00"
004816d0,FUN_004816d0,1172,1,"D3DXVec3Project FUN_00409e00 __libm_sse2_sqrt_precise __security_check_cookie"
00481b70,FUN_00481b70,2513,2,"FUN_004803d0 FUN_004816d0 __libm_sse2_sqrt_precise"
00482560,FUN_00482560,666,2,"D3DXMatrixMultiply D3DXMatrixRotationX D3DXMatrixRotationY D3DXMatrixRotationZ FUN_00409e00 __security_check_cookie"
00482800,FUN_00482800,2236,2,"D3DXMatrixMultiply D3DXMatrixRotationX D3DXMatrixRotationY D3DXMatrixRotationZ FUN_00406050 FUN_00409e00 FUN_0045af00 FUN_0045af40 FUN_00480000 FUN_00480e10 __security_check_cookie"
004830e0,FUN_004830e0,1293,4,"D3DXMatrixMultiply D3DXMatrixRotationX D3DXMatrixRotationY D3DXMatrixRotationZ FUN_0045af00 FUN_0045af40 FUN_00480000 FUN_00480e10 __security_check_cookie"
004835f0,FUN_004835f0,351,4,"FUN_00480000 FUN_00480e10"
00483750,FUN_00483750,313,4,"FUN_00480000 FUN_00480e10"
00483890,FUN_00483890,2699,2,"D3DXVec3Transform FUN_00406050 FUN_0045ae80 FUN_0045aec0 FUN_0045af40 FUN_00480000 FUN_004803d0 FUN_00480fd0 FUN_00481410 FUN_004816d0 FUN_00481b70 FUN_00482560 FUN_00482800 FUN_004830e0 FUN_004835f0 FUN_00483750 FUN_00484420 FUN_00484800 FUN_00484c20 FUN_00484ea0 FUN_004851d0 FUN_004852a0 FUN_004856b0 FUN_004858b0 __libm_sse2_sqrt_precise __security_check_cookie"
004843b0,FUN_004843b0,84,2,"FUN_00480fd0 FUN_00481410"
00484420,FUN_00484420,981,7,"FUN_00480e10"
00484800,FUN_00484800,1046,7,"FUN_00480e10"
00484c20,FUN_00484c20,631,5,"FUN_00480e10"
00484ea0,FUN_00484ea0,814,7,"FUN_00480e10"
004851d0,FUN_004851d0,194,7,"FUN_00484420"
004852a0,FUN_004852a0,641,5,"FUN_00480e10 FUN_00485b20"
00485530,FUN_00485530,377,4,"FUN_00480e10"
004856b0,FUN_004856b0,497,4,"FUN_00480e10 FUN_00485b20"
004858b0,FUN_004858b0,612,5,"FUN_00480e10 FUN_00485b20"
00485b20,FUN_00485b20,32,3,""
00485b40,FUN_00485b40,636,1,"FUN_004028d0 FUN_00486080 FUN_00493374 FUN_0049337f"
00485dc0,FUN_00485dc0,670,1,"FUN_00486080"
00486080,FUN_00486080,32,3,""
004860a0,FUN_004860a0,2111,1,"FUN_00401150 FUN_00401200 FUN_004015a0 FUN_00424120 _memset `eh_vector_constructor_iterator'"
004868e0,FUN_004868e0,159,1,"_memset"
00486990,FUN_00486990,596,1,"FUN_00402c30 FUN_004243e0 FUN_0048a0b0 FUN_0048f711 `eh_vector_destructor_iterator'"
00486bf0,FUN_00486bf0,1985,0,""
004873c0,FUN_004873c0,1953,1,"__security_check_cookie"
00487ba0,FUN_00487ba0,117,3,"D3DXLoadSurfaceFromFileInMemory FUN_004873c0"
00487c20,FUN_00487c20,579,7,"D3DXCreateTexture D3DXCreateTextureFromFileInMemoryEx D3DXLoadSurfaceFromSurface FUN_004873c0 __security_check_cookie"
00487e70,FUN_00487e70,459,5,"D3DXCreateTexture D3DXLoadSurfaceFromMemory __security_check_cookie"
00488040,FUN_00488040,68,3,""
00488090,FUN_00488090,546,2,"FUN_004020b0 FUN_004026c0 FUN_00424000 FUN_00493374 __security_check_cookie _memset"
004882c0,FUN_004882c0,157,3,"FUN_004026c0 FUN_00488090 FUN_0048afa0 FUN_0048f6e1 FUN_0048f711 _memset"
00488360,FUN_00488360,147,2,"FUN_004882c0 FUN_0048afa0 Sleep"
00488400,FUN_00488400,728,2,"FUN_00424120 FUN_0047ac70 FUN_004886e0 _memset"
004886e0,FUN_004886e0,991,6,"D3DXCreateTexture FUN_004026c0 FUN_00487c20 FUN_00487e70 FUN_00488040 __security_check_cookie"
00488ac0,FUN_00488ac0,373,2,"FUN_0048a700 FUN_0048f711 FUN_0049337f"
00488c40,FUN_00488c40,299,9,"FUN_00404be0 FUN_004730e0 __security_check_cookie"
00488d70,FUN_00488d70,384,8,"FUN_00404be0 FUN_004730e0 __security_check_cookie"
00488ef0,FUN_00488ef0,396,8,"FUN_00404be0 FUN_004730e0 __security_check_cookie"
00489080,FUN_00489080,239,5,"D3DXLoadSurfaceFromSurface FUN_00480e10"
004899d0,FUN_004899d0,237,1,"EnterCriticalSection FUN_0047ac70 FUN_00489bf0 FUN_0048a0b0 LeaveCriticalSection"
00489ac0,FUN_00489ac0,301,1,"EnterCriticalSection FUN_0047ac70 FUN_00489bf0 FUN_0048a0b0 LeaveCriticalSection"
00489bf0,FUN_00489bf0,261,2,"FUN_00489bf0"
00489d40,FUN_00489d40,238,2,"EnterCriticalSection FUN_00483890 LeaveCriticalSection"
00489e30,FUN_00489e30,167,2,""
00489ee0,FUN_00489ee0,135,2,""
00489f70,FUN_00489f70,167,2,""
0048a020,FUN_0048a020,135,2,""
0048a0b0,FUN_0048a0b0,406,2,"FUN_004243e0 FUN_0048f711"
0048a250,FUN_0048a250,329,5,"EnterCriticalSection FUN_00407080 FUN_0047ac70 FUN_00489e30 FUN_00489ee0 FUN_00489f70 FUN_0048a020 FUN_0048ac50 LeaveCriticalSection"
0048a3a0,FUN_0048a3a0,247,4,"EnterCriticalSection FUN_00407080 FUN_0047ac70 FUN_00489e30 FUN_0048ac50 LeaveCriticalSection"
0048a4a0,FUN_0048a4a0,149,2,""
0048a540,FUN_0048a540,113,2,"FUN_0048a4a0"
0048a5c0,FUN_0048a5c0,134,2,"FUN_0047ac70 FUN_0048a4a0"
0048a650,FUN_0048a650,90,1,"FUN_0048a4a0 FUN_0048a6b0"
0048a6b0,FUN_0048a6b0,75,1,"FUN_0048a6b0"
0048a700,FUN_0048a700,131,2,""
0048a790,FUN_0048a790,24,1,"FUN_0048a4a0"
0048a7b0,FUN_0048a7b0,17,2,"FUN_0048a540"
0048a7d0,FUN_0048a7d0,49,1,"FUN_0048a4a0 FUN_0048a850"
0048a810,FUN_0048a810,49,1,"FUN_0048a4a0 FUN_0048a880"
0048a850,FUN_0048a850,34,1,"FUN_0048a850"
0048a880,FUN_0048a880,34,1,"FUN_0048a880"
0048a8b0,FUN_0048a8b0,18,1,"FUN_0048a650"
0048a8d0,FUN_0048a8d0,48,2,"FUN_0048a4a0"
0048a900,FUN_0048a900,37,2,"FUN_0047a220"
0048a930,FUN_0048a930,92,2,"FUN_00405970 FUN_0048a4a0"
0048a990,FUN_0048a990,117,1,"__security_check_cookie _memset"
0048aa10,FUN_0048aa10,133,3,"FUN_0048aa10"
0048aaa0,FUN_0048aaa0,226,3,"FUN_0048a4a0 FUN_0048aa10"
0048ab90,FUN_0048ab90,170,3,"FUN_0048a4a0 FUN_0048aa10"
0048ac40,FUN_0048ac40,13,1,""
0048ac50,FUN_0048ac50,422,0,"FUN_00424120 FUN_0048f6e1 _memset"
0048ae00,FUN_0048ae00,44,1,"FUN_0048a4a0"
0048ae30,FUN_0048ae30,44,1,"FUN_0048a4a0"
0048ae60,FUN_0048ae60,44,1,"FUN_0048a4a0"
0048ae90,FUN_0048ae90,44,2,"FUN_00406220 FUN_0048a4a0"
0048aec0,FUN_0048aec0,16,1,""
0048aed0,FUN_0048aed0,193,2,"FUN_00407080"
0048afa0,FUN_0048afa0,3,0,""
0048afb0,FUN_0048afb0,769,12,"FUN_0048b2c0 FUN_0048c060 FUN_0048c560 FUN_0048f6e1 FUN_0048f711 FUN_0048fdec __security_check_cookie"
0048b2c0,FUN_0048b2c0,51,1,"CloseHandle FUN_0048f711"
0048b300,FUN_0048b300,782,13,"FUN_0048c060 FUN_0048f6e1 FUN_0048f711 FUN_0048fdec __security_check_cookie"
0048b610,FUN_0048b610,485,5,"FUN_0048c680 FUN_0048fdec FUN_00492e00 ReadFile Sleep _memset"
0048b800,FUN_0048b800,38,2,"FUN_0048baa0 FUN_0048f711"
0048b830,FUN_0048b830,610,2,"FUN_0048fdec __security_check_cookie thunk_FUN_0049337f"
0048baa0,FUN_0048baa0,179,1,"CloseHandle FUN_0048f711 thunk_FUN_0049337f"
0048bb60,FUN_0048bb60,668,4,"FUN_0048c680 FUN_00492e00 ReadFile Sleep _memset"
0048be00,FUN_0048be00,344,4,"FUN_00475840 FUN_0048bb60 FUN_0048bf60 FUN_0049da2a Sleep"
0048bf60,FUN_0048bf60,114,2,""
0048bfe0,FUN_0048bfe0,128,2,"CloseHandle"
0048c060,FUN_0048c060,90,5,"FUN_0048b610"
0048c0c0,FUN_0048c0c0,44,2,"FUN_0048baa0 FUN_0048f711"
0048c0f0,FUN_0048c0f0,900,1,"EnterCriticalSection FUN_0048bb60 FUN_0048c680 FUN_00492e00 LeaveCriticalSection ReadFile Sleep _memset"
0048c480,FUN_0048c480,224,2,"FUN_0048bb60 FUN_0048c680 Sleep"
0048c560,FUN_0048c560,281,3,"CreateFileA FUN_0048c910 FormatMessageA GetLastError LocalFree SetFilePointer"
0048c680,FUN_0048c680,244,3,"SetFilePointer"
0048c780,FUN_0048c780,133,3,"FUN_0048c560 FUN_0048c680 FUN_0048c910"
0048c810,FUN_0048c810,241,1,"EnterCriticalSection FUN_0048b830 FUN_0048bb60 FUN_0048be00 FUN_0048c480 LeaveCriticalSection"
0048c910,FUN_0048c910,3,0,""
0048c920,FUN_0048c920,3,0,""
0048c930,FUN_0048c930,861,3,"FUN_0048c920 FUN_0048f100 FUN_0048f390"
0048cc90,FUN_0048cc90,8334,1,"FUN_004028d0 FUN_00404b90 FUN_00404bb0 FUN_004280d0 FUN_0048c930 FUN_0048ef60 FUN_0048f010 FUN_0048f100 FUN_0048f1c0 FUN_0048f230 FUN_0048f2c0 FUN_0048f370 FUN_0048f650 FUN_004ab4d0 FUN_004abd10 FUN_004abed0 __libm_sse2_sqrt_precise"
0048ee90,FUN_0048ee90,201,1,"FUN_0048cc90 FUN_0048f711"
0048ef60,FUN_0048ef60,170,2,""
0048f010,FUN_0048f010,233,2,""
0048f100,FUN_0048f100,183,3,""
0048f1c0,FUN_0048f1c0,109,1,""
0048f230,FUN_0048f230,135,2,""
0048f2c0,FUN_0048f2c0,176,3,"FUN_00433870 FUN_0048c930 FUN_0048f6e1"
0048f370,FUN_0048f370,32,3,""
0048f390,FUN_0048f390,166,2,""
0048f440,FUN_0048f440,523,2,"FUN_00492e00 FUN_00493374 FUN_0049337f"
0048f650,FUN_0048f650,50,1,""
0048f690,FUN_0048f690,43,2,"FUN_0048f390"
0048f6bb,FUN_0048f6bb,24,1,""
0048f6d3,__security_check_cookie,14,1,"FUN_0048fc09"
0048f6e1,FUN_0048f6e1,77,1,"FUN_00473650 FUN_00490045 FUN_00493374 __CxxThrowException@8 __callnewh"
0048f711,FUN_0048f711,14,1,"thunk_FUN_0049337f"
0048f71f,find_pe_section,68,2,""
0048f763,___scrt_acquire_startup_lock,50,0,"___scrt_is_ucrt_dll_in_use"
0048f795,___scrt_initialize_crt,57,1,"FUN_00490084 ___acrt_initialize ___vcrt_initialize ___vcrt_uninitialize"
0048f7ce,___scrt_initialize_onexit_tables,134,1,"FUN_00490268 ___scrt_is_ucrt_dll_in_use __initialize_onexit_table"
0048f855,___scrt_is_nonwritable_in_current_image,126,1,"__SEH_prolog4 find_pe_section"
0048f8e9,___scrt_release_startup_lock,29,1,"___scrt_is_ucrt_dll_in_use"
0048f906,___scrt_uninitialize_crt,40,2,"___acrt_uninitialize ___vcrt_uninitialize"
0048f92e,__onexit,45,1,"__crt_atexit __register_onexit_function"
0048f95b,_atexit,21,1,"__onexit"
0048f970,FUN_0048f970,35,2,"FUN_0048f711"
0048f993,`eh_vector_constructor_iterator',90,5,"FUN_0048f9f3 __SEH_prolog4 guard_check_icall"
0048f9f3,FUN_0048f9f3,20,0,"__ArrayUnwind"
0048fa07,`eh_vector_destructor_iterator',105,4,"FUN_0048fa7c __SEH_prolog4 guard_check_icall"
0048fa7c,FUN_0048fa7c,16,0,"__ArrayUnwind"
0048fa8c,__ArrayUnwind,76,4,"__SEH_prolog4 guard_check_icall"
0048fb43,FUN_0048fb43,129,0,"CreateEventW FUN_00490268 GetModuleHandleW GetProcAddress InitializeCriticalSectionAndSpinCount"
0048fbc5,FUN_0048fbc5,28,0,"CloseHandle DeleteCriticalSection"
0048fbe1,FUN_0048fbe1,40,1,"GetCurrentProcess SetUnhandledExceptionFilter TerminateProcess UnhandledExceptionFilter"
0048fc09,FUN_0048fc09,250,0,"FUN_0048fbe1 IsProcessorFeaturePresent"
0048fd03,FUN_0048fd03,12,0,"FUN_0048fd0f"
0048fd0f,FUN_0048fd0f,207,1,"FUN_0048fbe1 IsProcessorFeaturePresent"
0048fdde,FUN_0048fdde,14,1,"thunk_FUN_0049337f"
0048fdec,FUN_0048fdec,9,1,"FUN_0048f6e1"
0048fdf5,thunk_FUN_0049337f,5,1,""
0048febf,FUN_0048febf,318,0,"FUN_00473950 FUN_00490268 FUN_004903bc FUN_004905c1 FUN_004905c7 __SEH_prolog4 ___scrt_acquire_startup_lock ___scrt_get_show_window_mode ___scrt_initialize_crt ___scrt_is_nonwritable_in_current_image ___scrt_release_startup_lock ___scrt_uninitialize_crt __cexit __get_narrow_winmain_command_line __initterm __initterm_e __register_thread_local_exe_atexit_callback _exit guard_check_icall"
0049003b,entry,10,0,"FUN_0048febf ___security_init_cookie"
00490045,FUN_00490045,29,0,"FUN_0048f6bb __CxxThrowException@8"
0049007f,thunk_FUN_0049337f,5,1,""
00490084,FUN_00490084,468,0,"IsProcessorFeaturePresent"
00490258,FUN_00490258,4,0,""
0049025c,___scrt_is_ucrt_dll_in_use,12,0,""
00490268,FUN_00490268,283,0,"FUN_00490463 IsDebuggerPresent IsProcessorFeaturePresent SetUnhandledExceptionFilter UnhandledExceptionFilter _memset"
00490383,___scrt_get_show_window_mode,49,0,"GetStartupInfoW _memset"
004903b4,thunk_FUN_0049040a,5,0,""
004903b9,FUN_004903b9,3,0,""
004903bc,FUN_004903bc,66,0,"GetModuleHandleW"
004903fe,FUN_004903fe,12,0,"SetUnhandledExceptionFilter"
0049040a,FUN_0049040a,3,0,""
0049040d,FUN_0049040d,85,1,"FUN_00490b82 FUN_00490b8b FUN_0049eba2"
00490463,FUN_00490463,8,0,""
00490470,__SEH_prolog4,69,2,""
004904b5,guard_check_icall,3,0,""
004904b8,___get_entropy,77,0,"GetCurrentProcessId GetCurrentThreadId GetSystemTimeAsFileTime QueryPerformanceCounter"
00490505,___security_init_cookie,75,0,"___get_entropy"
00490553,FUN_00490553,3,0,""
00490556,FUN_00490556,6,0,""
0049055c,FUN_0049055c,3,0,""
0049055f,FUN_0049055f,3,0,""
00490562,FUN_00490562,12,0,"InitializeSListHead"
0049056e,FUN_0049056e,3,0,""
00490571,FUN_00490571,32,0,"FUN_00490268 __controlfp_s"
00490592,FUN_00490592,3,0,""
00490595,FUN_00490595,3,0,""
00490598,FUN_00490598,29,0,"FUN_00404bd0 FUN_0045c9e0"
004905b5,FUN_004905b5,12,0,""
004905c1,FUN_004905c1,6,0,""
004905c7,FUN_004905c7,6,0,""
004905cd,FUN_004905cd,44,0,"guard_check_icall"
004905f9,FUN_004905f9,44,0,"guard_check_icall"
00490625,FUN_00490625,111,6,"FUN_0049ef20"
00490695,FUN_00490695,93,5,"__CallSettingFrame@12"
004906f2,FUN_004906f2,246,7,"___vcrt_getptd __filter_x86_sse2_floating_point_exception_default guard_check_icall"
004907e8,_JumpToContinuation,43,2,""
00490818,_UnwindNestedFrames,83,2,"RtlUnwind"
0049086b,__CatchGuardHandler,49,3,"__InternalCxxFrameHandler<__FrameHandler3> __security_check_cookie"
0049089c,__CreateFrameInfo,36,2,"___vcrt_getptd"
004908c0,FUN_004908c0,71,1,"FUN_0049ef20 ___vcrt_getptd"
00490908,__TranslatorGuardHandler,152,3,"FUN_004906f2 _UnwindNestedFrames __InternalCxxFrameHandler<__FrameHandler3> __security_check_cookie"
004909a5,FID_conflict:___CxxFrameHandler3,54,4,"__InternalCxxFrameHandler<__FrameHandler3>"
004909db,___DestructExceptionObject,142,1,"_CallMemberFunction0 __SEH_prolog4 guard_check_icall"
00490a7c,_CallMemberFunction0,13,2,""
00490a89,FUN_00490a89,87,2,"FUN_0049eba2 ___vcrt_getptd"
00490ae1,__IsExceptionObjectToBeDestroyed,38,1,"___vcrt_getptd"
00490b07,___AdjustPointer,37,2,""
00490b2c,FUN_00490b2c,85,1,"FUN_0049eba2 ___vcrt_getptd"
00490b82,FUN_00490b82,9,0,"___vcrt_getptd"
00490b8b,FUN_00490b8b,9,0,"___vcrt_getptd"
00490b94,Unwind@00490b94,5,0,""
00490ba0,FUN_00490ba0,311,2,""
00490ce0,FUN_00490ce0,299,2,""
00490e0b,FUN_00490e0b,7,0,""
00490e12,FUN_00490e12,27,0,"FUN_00490e0b FUN_0049ef20 guard_check_icall"
00490e2e,___std_exception_copy,99,2,"FUN_00493374 FUN_0049337f _strcpy_s"
00490e91,___std_exception_destroy,31,1,"FUN_0049337f"
00490eb0,FUN_00490eb0,610,2,""
00491112,__CxxThrowException@8,108,2,"RaiseException guard_check_icall"
0049117e,___vcrt_initialize,31,0,"___vcrt_initialize_locks ___vcrt_initialize_ptd ___vcrt_uninitialize_locks"
0049119d,___vcrt_uninitialize,23,1,"___vcrt_uninitialize_locks ___vcrt_uninitialize_ptd"
004911c0,_ValidateLocalCookies,50,0,"__security_check_cookie"
00491200,__except_handler4,350,3,"_EH4_CallFilterFunc _EH4_GlobalUnwind2 _EH4_LocalUnwind _EH4_TransferToHandler _ValidateLocalCookies __IsNonwritableInCurrentImage ___DestructExceptionObject ___except_validate_context_record __filter_x86_sse2_floating_point_exception_default guard_check_icall"
00491360,_memset,346,3,""
004914ba,___std_type_info_compare,60,2,""
004914f6,FUN_004914f6,28,1,"FUN_0049337f"
00491512,___vcrt_getptd,14,0,"___vcrt_getptd_noexit"
00491520,___vcrt_getptd_noexit,146,0,"FUN_0049337f FUN_0049efbe GetLastError SetLastError ___vcrt_FlsGetValue ___vcrt_FlsSetValue"
004915b2,___vcrt_initialize_ptd,51,0,"___vcrt_FlsAlloc ___vcrt_FlsSetValue ___vcrt_uninitialize_ptd"
004915e5,___vcrt_uninitialize_ptd,27,0,"___vcrt_FlsFree"
00491600,FUN_00491600,308,4,"FUN_00492840 FUN_0049ef20 __SEH_prolog4 ___AdjustPointer guard_check_icall"
0049173e,BuildCatchObjectInternal<__FrameHandler3>,140,4,"FUN_00491600 _CallMemberFunction1 _CallMemberFunction2 __SEH_prolog4 ___AdjustPointer"
004917d7,CatchIt<__FrameHandler3>,128,12,"BuildCatchObjectInternal<__FrameHandler3> FUN_00491f52 FUN_004921c2 SetState _JumpToContinuation _UnwindNestedFrames"
00491857,FUN_00491857,932,8,"CatchIt<__FrameHandler3> FID_conflict:___TypeMatch FUN_00490625 FUN_00491bfc FUN_00491edd FUN_00492121 FUN_004922aa FUN_00492367 FUN_0049eba2 FUN_0049ef20 FrameUnwindToEmptyState GetCurrentState _UnwindNestedFrames __CxxThrowException@8 ___DestructExceptionObject ___vcrt_getptd operator=="
00491bfc,FUN_00491bfc,309,8,"CatchIt<__FrameHandler3> EncodePointer FUN_00490625 FUN_004906f2 FUN_0049ef20 ___vcrt_getptd"
00491d32,FID_conflict:___TypeMatch,142,3,""
00491dc0,__InternalCxxFrameHandler<__FrameHandler3>,258,8,"FUN_00491857 FrameUnwindToEmptyState ___except_validate_context_record ___vcrt_getptd guard_check_icall"
00491ec2,FUN_00491ec2,27,2,"FUN_004737d0"
00491edd,FUN_00491edd,24,1,""
00491f06,operator==,31,2,"___std_type_info_compare"
00491f25,FUN_00491f25,45,2,"FUN_0048f711 ___std_exception_destroy"
00491f52,FUN_00491f52,177,7,"FUN_00490695 FUN_004920a5 __CreateFrameInfo __SEH_prolog4 ___vcrt_getptd"
004920a5,FUN_004920a5,124,0,"FUN_004908c0 __IsExceptionObjectToBeDestroyed ___DestructExceptionObject ___vcrt_getptd"
00492121,FUN_00492121,32,1,"FUN_004927f8 __EH_prolog3_catch ___vcrt_getptd"
00492141,Catch_All@00492141,25,0,"FUN_0049ef20 __CxxThrowException@8 ___vcrt_getptd"
00492160,ExFilterRethrow,74,1,"___vcrt_getptd"
004921aa,FrameUnwindToEmptyState,24,3,"FUN_004921c2"
004921c2,FUN_004921c2,195,4,"FUN_00492290 FUN_0049ef20 GetCurrentState SetState __CallSettingFrame@12 __SEH_prolog4 ___vcrt_getptd"
00492290,FUN_00492290,20,0,"___vcrt_getptd"
004922aa,FUN_004922aa,153,2,"FID_conflict:___TypeMatch FUN_0049ef20"
00492344,_CallMemberFunction1,16,3,""
00492354,_CallMemberFunction2,19,4,""
00492367,FUN_00492367,11,1,""
00492380,__CallSettingFrame@12,76,3,"FUN_00492dc0"
004923cc,___except_validate_context_record,48,1,""
004923fc,___vcrt_initialize_locks,60,0,"___vcrt_InitializeCriticalSectionEx ___vcrt_uninitialize_locks"
00492438,___vcrt_uninitialize_locks,47,0,"DeleteCriticalSection"
00492470,FUN_00492470,159,3,"FUN_00492df0 __NLG_Notify"
00492560,_EH4_CallFilterFunc,23,1,""
00492580,_EH4_TransferToHandler,25,1,"__NLG_Notify"
004925a0,_EH4_GlobalUnwind2,26,2,"RtlUnwind"
004925c0,_EH4_LocalUnwind,23,4,"FUN_00492470"
004925d7,FUN_004925d7,160,4,"FreeLibrary GetProcAddress try_load_library_from_system_directory"
00492677,try_load_library_from_system_directory,75,1,"GetLastError LoadLibraryExW _wcsncmp"
004926c2,___vcrt_FlsAlloc,59,1,"FUN_004925d7 guard_check_icall"
004926fd,___vcrt_FlsFree,59,1,"FUN_004925d7 TlsFree guard_check_icall"
00492738,___vcrt_FlsGetValue,59,1,"FUN_004925d7 TlsGetValue guard_check_icall"
00492773,___vcrt_FlsSetValue,62,2,"FUN_004925d7 TlsSetValue guard_check_icall"
004927b1,___vcrt_InitializeCriticalSectionEx,71,3,"FUN_004925d7 InitializeCriticalSectionAndSpinCount guard_check_icall"
004927f8,FUN_004927f8,28,0,"FUN_0049eba2 ___vcrt_getptd guard_check_icall"
00492815,GetCurrentState,29,3,""
00492832,SetState,14,3,""
00492840,FUN_00492840,1330,3,""
00492dc0,FUN_00492dc0,12,1,""
00492dd0,__NLG_Notify,31,1,""
00492df0,FUN_00492df0,3,0,""
00492e00,FUN_00492e00,1330,3,""
00493374,FUN_00493374,11,1,"__malloc_base"
0049337f,FUN_0049337f,27,1,"FID_conflict:_free"
0049339a,common_vsprintf<__crt_stdio_output::standard_base,char>,382,6,"FUN_0049d79d _LocaleUpdate __errno __security_check_cookie output_adapter_data<char,__crt_stdio_output::string_output_adapter<char>_> process ~formatting_buffer"
00493518,count<char>,24,1,""
00493530,ensure_buffer_is_big_enough<char>,125,2,"FID_conflict:_free __errno __malloc_base operator="
004935ad,is_wide_character_specifier<char>,49,3,""
004935de,scratch_data<char>,30,1,"count<char>"
004935fc,type_case_integer_parse_into_buffer<>,115,4,"count<char>"
0049366f,type_case_integer_parse_into_buffer<>,142,5,"__aulldvrm count<char>"
004936fd,write_multiple_characters<__crt_stdio_output::string_output_adapter<char>,char>,44,4,"write_character"
00493729,common_data<char>,69,1,""
0049376e,output_adapter_data<char,__crt_stdio_output::string_output_adapter<char>_>,60,6,"common_data<char>"
004937aa,_LocaleUpdate,131,2,"FUN_0049fad9 ___acrt_update_locale_info ___acrt_update_multibyte_info"
0049382d,~formatting_buffer,26,1,"FID_conflict:_free"
00493847,operator=,36,2,"FID_conflict:_free"
00493870,crop_zeroes,126,2,""
004938f1,find_next_state,55,2,""
00493930,force_decimal_point,101,2,""
00493995,parse_int_from_format_string,116,2,"__errno _strtol"
00493a09,process,244,1,"FUN_0049d79d __errno find_next_state state_case_flag state_case_normal state_case_precision state_case_size state_case_type state_case_width validate"
00493b1d,state_case_flag,61,1,""
00493b5a,state_case_normal,31,1,"FUN_0049d79d __errno state_case_normal_common"
00493b79,state_case_normal_common,42,1,"state_case_normal_tchar write_character"
00493ba3,state_case_normal_tchar,100,1,"FUN_0049d79d ___acrt_locale_get_ctype_array_value __errno write_character"
00493c07,state_case_precision,38,1,"parse_int_from_format_string"
00493c2d,state_case_size,334,1,"FUN_0049d79d __errno state_case_type"
00493d7b,state_case_type,562,1,"type_case_Z type_case_a type_case_c_tchar type_case_integer type_case_n type_case_o type_case_p type_case_s write_multiple_characters<__crt_stdio_output::string_output_adapter<char>,char> write_stored_string_tchar write_string"
00493fad,state_case_width,43,1,"parse_int_from_format_string"
00493fe0,to_integer_size,59,1,""
0049403c,type_case_Z,90,1,"is_wide_character_specifier<char>"
00494096,type_case_a,337,1,"FUN_004a0738 count<char> crop_zeroes ensure_buffer_is_big_enough<char> force_decimal_point scratch_data<char>"
004941e7,type_case_c_tchar,147,1,"__wctomb_s_l count<char> is_wide_character_specifier<char>"
0049427a,type_case_integer,337,3,"FUN_0049d79d __errno ensure_buffer_is_big_enough<char> to_integer_size type_case_integer_parse_into_buffer<> type_case_integer_parse_into_buffer<>"
004943cb,type_case_n,116,1,"FUN_0049d79d __errno __get_printf_count_output to_integer_size"
0049443f,type_case_o,31,1,"type_case_integer"
0049445e,type_case_p,24,1,"type_case_integer"
00494476,type_case_s,113,1,"FUN_0049f4c9 FUN_0049f5eb is_wide_character_specifier<char>"
004944e7,validate,27,1,"FUN_0049d79d __errno"
00494502,write_character,66,3,""
00494544,write_stored_string_tchar,165,1,"__security_check_cookie __wctomb_s_l write_string"
004945e9,write_string,103,5,"FUN_00492e00"
00494650,___acrt_locale_get_ctype_array_value,34,3,""
00494672,___stdio_common_vsprintf,36,7,"common_vsprintf<__crt_stdio_output::standard_base,char>"
00494714,~__crt_unique_heap_ptr<__acrt_thread_parameter,_anon_4E93FCDD::thread_parameter_free_policy>,55,1,"CloseHandle FID_conflict:_free FreeLibrary"
0049474b,common_end_thread,86,1,"CloseHandle ExitThread FreeLibraryAndExitThread ___acrt_RoUninitialize@0 ___acrt_getptd_noexit"
004947a2,create_thread_parameter,80,2,"FID_conflict:_free GetModuleHandleExW __calloc_base ~__crt_unique_heap_ptr<__acrt_thread_parameter,_anon_4E93FCDD::thread_parameter_free_policy>"
004947f2,__beginthreadex,131,6,"CreateThread FUN_0049d79d GetLastError ___acrt_errno_map_os_error __errno create_thread_parameter ~__crt_unique_heap_ptr<__acrt_thread_parameter,_anon_4E93FCDD::thread_parameter_free_policy>"
00494875,__endthreadex,14,1,"common_end_thread"
00494883,is_overflow_condition<unsigned_long>,49,2,""
004948b4,is_overflow_condition<unsigned___int64>,65,2,""
004948f5,parse_integer<unsigned_long,__crt_strtox::c_string_character_source<char>_>,547,4,"FUN_0049d79d _LocaleUpdate __errno __ischartype_l is_overflow_condition<unsigned_long> unget validate"
00494b18,parse_integer<unsigned_long,__crt_strtox::c_string_character_source<wchar_t>_>,1544,4,"FUN_0049d79d _LocaleUpdate __errno _iswctype is_overflow_condition<unsigned_long> unget validate"
00495120,parse_integer<unsigned___int64,__crt_strtox::c_string_character_source<char>_>,678,4,"FUN_0049d79d _LocaleUpdate __allmul __aulldvrm __errno __ischartype_l is_overflow_condition<unsigned___int64> unget validate"
004953c6,parse_integer<unsigned___int64,__crt_strtox::c_string_character_source<wchar_t>_>,1745,4,"FUN_0049d79d _LocaleUpdate __allmul __aulldvrm __errno _iswctype is_overflow_condition<unsigned___int64> unget validate"
00495a97,unget,41,2,"FUN_0049d79d __errno"
00495ac0,unget,46,2,"FUN_0049d79d __errno"
00495aee,validate,27,1,"FUN_0049d79d __errno"
00495b09,validate,27,1,"FUN_0049d79d __errno"
00495b24,__ischartype_l,84,3,"___acrt_locale_get_ctype_array_value ___pctype_func __isctype_l"
00495b78,FID_conflict:_atoi,35,1,"parse_integer<unsigned_long,__crt_strtox::c_string_character_source<char>_>"
00495b9b,__acrt_convert_wcs_mbs_cp<>,207,4,"GetLastError ___acrt_WideCharToMultiByte ___acrt_errno_map_os_error __errno allocate deallocate"
00495c6a,__acrt_get_current_directory_narrow_acp_or_utf8<__crt_win32_buffer_internal_dynamic_resizing>,154,1,"FID_conflict:_free __acrt_get_current_directory_wide<__crt_win32_buffer_internal_dynamic_resizing> __acrt_get_utf8_acp_compatibility_codepage __acrt_wcs_to_mbs_cp<__crt_win32_buffer_internal_dynamic_resizing> __security_check_cookie"
00495d04,__acrt_get_current_directory_wide<__crt_win32_buffer_internal_dynamic_resizing>,89,1,"GetCurrentDirectoryW GetLastError ___acrt_errno_map_os_error __errno allocate"
00495d5d,__acrt_wcs_to_mbs_cp<__crt_win32_buffer_internal_dynamic_resizing>,29,3,"__acrt_convert_wcs_mbs_cp<>"
00495d7a,common_chdir<char>,208,1,"FID_conflict:_free FUN_0049d79d GetLastError ___acrt_SetCurrentDirectoryA ___acrt_errno_map_os_error ___doserrno __acrt_get_current_directory_narrow_acp_or_utf8<__crt_win32_buffer_internal_dynamic_resizing> __errno __security_check_cookie set_cwd_environment_variable<char>"
00495e4a,set_cwd_environment_variable<char>,87,1,"GetLastError ___acrt_SetEnvironmentVariableA ___acrt_errno_map_os_error _toupper"
00495ea1,__acrt_get_utf8_acp_compatibility_codepage,63,0,"_LocaleUpdate ___acrt_AreFileApisANSI@0"
00495ee0,deallocate,26,1,"FID_conflict:_free"
00495efa,_deallocate,26,1,"FID_conflict:_free"
00495f14,allocate,60,2,"allocate deallocate"
00495f50,allocate,63,2,"_deallocate allocate"
00495f8f,allocate,31,3,"__malloc_base"
00495fae,FUN_00495fae,11,1,"common_chdir<char>"
00495fc0,_strncmp,115,3,""
00496038,assemble_floating_point_snan<double>,33,2,""
00496059,assemble_floating_point_value_t<float>,48,4,""
00496089,assemble_floating_point_value_t<double>,66,4,""
004960cb,common_vsscanf<char>,180,6,"FUN_0049d79d FUN_0049f4c9 _LocaleUpdate __errno __security_check_cookie input_processor<char,__crt_stdio_input::string_input_adapter<char>_> process"
0049617f,common_vsscanf<wchar_t>,153,6,"FID_conflict:_free FUN_0049d79d FUN_0049f5eb _LocaleUpdate __errno input_processor<wchar_t,__crt_stdio_input::string_input_adapter<wchar_t>_> process"
00496218,convert_decimal_string_to_floating_type<float>,33,2,"convert_decimal_string_to_floating_type_common"
00496239,convert_decimal_string_to_floating_type<double>,33,2,"convert_decimal_string_to_floating_type_common"
0049625a,convert_hexadecimal_string_to_floating_type<float>,33,2,"convert_hexadecimal_string_to_floating_type_common"
0049627b,convert_hexadecimal_string_to_floating_type<double>,33,2,"convert_hexadecimal_string_to_floating_type_common"
0049629c,make_input_adapter_character_source<>,30,5,"input_adapter_character_source<>"
004962ba,make_input_adapter_character_source<>,30,5,"input_adapter_character_source<>"
004962d8,parse_floating_point<>,121,1,"FUN_0049d79d __errno __security_check_cookie parse_floating_point_from_source<__crt_strtox::input_adapter_character_source<__crt_stdio_input::string_input_adapter<char>_>_> parse_floating_point_write_result<float>"
00496351,parse_floating_point<>,121,1,"FUN_0049d79d __errno __security_check_cookie parse_floating_point_from_source<__crt_strtox::input_adapter_character_source<__crt_stdio_input::string_input_adapter<char>_>_> parse_floating_point_write_result<double>"
004963ca,parse_floating_point<>,121,1,"FUN_0049d79d __errno __security_check_cookie parse_floating_point_from_source<> parse_floating_point_write_result<float>"
00496443,parse_floating_point<>,121,1,"FUN_0049d79d __errno __security_check_cookie parse_floating_point_from_source<> parse_floating_point_write_result<double>"
004964bc,parse_floating_point_from_source<__crt_strtox::input_adapter_character_source<__crt_stdio_input::string_input_adapter<char>_>_>,1117,3,"FID_conflict:operator() __ischartype_l get parse_floating_point_possible_infinity<char,__crt_strtox::input_adapter_character_source<__crt_stdio_input::string_input_adapter<char>_>,unsigned___int64> parse_floating_point_possible_nan<char,__crt_strtox::input_adapter_character_source<__crt_stdio_input::string_input_adapter<char>_>,unsigned___int64> unget validate"
00496919,parse_floating_point_from_source<>,3074,3,"FID_conflict:operator() _iswctype get parse_floating_point_possible_infinity<> parse_floating_point_possible_nan<> unget validate"
0049751b,parse_floating_point_possible_infinity<char,__crt_strtox::input_adapter_character_source<__crt_stdio_input::string_input_adapter<char>_>,unsigned___int64>,191,3,"FID_conflict:operator() get unget"
004975da,parse_floating_point_possible_infinity<>,205,4,"FID_conflict:operator() get unget"
004976a7,parse_floating_point_possible_nan<char,__crt_strtox::input_adapter_character_source<__crt_stdio_input::string_input_adapter<char>_>,unsigned___int64>,283,3,"FID_conflict:operator() get parse_floating_point_possible_nan_is_ind<char,__crt_strtox::input_adapter_character_source<__crt_stdio_input::string_input_adapter<char>_>_> parse_floating_point_possible_nan_is_snan<char,__crt_strtox::input_adapter_character_source<__crt_stdio_input::string_input_adapter<char>_>_> unget"
004977c2,parse_floating_point_possible_nan<>,305,4,"FID_conflict:operator() get parse_floating_point_possible_nan_is_ind<> parse_floating_point_possible_nan_is_snan<> unget"
004978f3,parse_floating_point_possible_nan_is_ind<char,__crt_strtox::input_adapter_character_source<__crt_stdio_input::string_input_adapter<char>_>_>,58,2,"get"
0049792d,parse_floating_point_possible_nan_is_ind<>,64,2,"get"
0049796d,parse_floating_point_possible_nan_is_snan<char,__crt_strtox::input_adapter_character_source<__crt_stdio_input::string_input_adapter<char>_>_>,58,2,"get"
004979a7,parse_floating_point_possible_nan_is_snan<>,64,2,"get"
004979e7,parse_floating_point_write_result<float>,323,3,"convert_decimal_string_to_floating_type<float> convert_hexadecimal_string_to_floating_type<float>"
00497b53,parse_floating_point_write_result<double>,249,3,"assemble_floating_point_snan<double> convert_decimal_string_to_floating_type<double> convert_hexadecimal_string_to_floating_type<double>"
00497c77,parse_integer<unsigned___int64,__crt_strtox::input_adapter_character_source<__crt_stdio_input::string_input_adapter<char>_>_>,702,4,"FUN_0049d79d _LocaleUpdate __allmul __aulldvrm __errno __ischartype_l get is_overflow_condition<unsigned___int64> restore_state unget validate"
00497f35,parse_integer<>,1526,1,"FUN_0049d79d _LocaleUpdate __allmul __aulldvrm __errno _iswctype get is_overflow_condition<unsigned___int64> restore_state unget validate"
0049852b,process_floating_point_specifier_t<float>,102,1,"make_input_adapter_character_source<> parse_floating_point<> write_floating_point<float>"
00498591,process_floating_point_specifier_t<float>,102,1,"make_input_adapter_character_source<> parse_floating_point<> write_floating_point<float>"
004985f7,process_floating_point_specifier_t<double>,102,1,"make_input_adapter_character_source<> parse_floating_point<> write_floating_point<double>"
0049865d,process_floating_point_specifier_t<double>,102,1,"make_input_adapter_character_source<> parse_floating_point<> write_floating_point<double>"
004986c3,process_string_specifier_tchar<char>,349,3,"FUN_0049d79d __errno get is_character_allowed_in_string unget"
00498820,process_string_specifier_tchar<char>,358,3,"FUN_0049d0b2 FUN_0049d79d __errno get is_character_allowed_in_string unget"
00498986,process_string_specifier_tchar<wchar_t>,359,3,"FUN_0049d79d __errno get is_character_allowed_in_string unget write_character"
00498aed,process_string_specifier_tchar<wchar_t>,359,3,"FUN_0049d79d __errno get is_character_allowed_in_string unget"
00498c54,skip_whitespace<__crt_stdio_input::string_input_adapter,char>,47,2,"__ischartype_l get"
00498c83,skip_whitespace<__crt_stdio_input::string_input_adapter,wchar_t>,47,2,"_iswctype get"
00498cb2,write_floating_point<float>,52,2,"FUN_0049d79d __errno"
00498ce6,write_floating_point<float>,52,2,"FUN_0049d79d __errno"
00498d1a,write_floating_point<double>,58,2,"FUN_0049d79d __errno"
00498d54,write_floating_point<double>,58,2,"FUN_0049d79d __errno"
00498d8e,format_string_parser<char>,74,3,""
00498dd8,format_string_parser<wchar_t>,62,3,""
00498e16,input_adapter_character_source<>,49,5,""
00498e47,input_adapter_character_source<>,49,5,""
00498e78,input_processor<char,__crt_stdio_input::string_input_adapter<char>_>,68,6,"format_string_parser<char>"
00498ebc,input_processor<wchar_t,__crt_stdio_input::string_input_adapter<wchar_t>_>,68,6,"format_string_parser<wchar_t>"
00498f00,operator=,36,2,"FID_conflict:_free"
00498f24,FID_conflict:operator(),44,1,"restore_state unget"
00498f50,FID_conflict:operator(),42,1,"restore_state unget"
00498f7a,FID_conflict:operator(),44,1,"restore_state unget"
00498fa6,FID_conflict:operator(),42,1,"restore_state unget"
00498fd0,FID_conflict:operator(),42,1,"restore_state unget"
00498ffa,FID_conflict:operator(),44,1,"restore_state unget"
00499026,advance,280,1,"_isspace scan_conversion_specifier scan_optional_field_width scan_optional_length_modifier scan_optional_literal_character_trail_bytes_tchar scan_optional_wide_modifier"
0049913e,advance,260,1,"_iswctype reset_token_state_for_error scan_conversion_specifier scan_optional_assignment_suppressor scan_optional_field_width scan_optional_length_modifier scan_optional_wide_modifier"
00499242,FUN_00499242,36,1,"__invoke_watson"
00499267,FUN_00499267,36,1,"__invoke_watson"
0049928c,assemble_floating_point_infinity,64,2,"FUN_00499242 FUN_00499267"
004992cc,assemble_floating_point_value,853,5,"FUN_00499242 FUN_00499267 __allshl __aullshr assemble_floating_point_infinity assemble_floating_point_value_t<double> assemble_floating_point_value_t<float> assemble_floating_point_zero denormal_mantissa_mask fegetround normal_mantissa_mask"
00499621,assemble_floating_point_value_from_big_integer,404,5,"__allshl __aullshr assemble_floating_point_value"
004997b5,assemble_floating_point_zero,53,2,"FUN_00499242 FUN_00499267"
004997ea,convert_decimal_string_to_floating_type_common,7380,2,"FUN_00492e00 __allshl __aullshr __security_check_cookie _memcpy_s _memset assemble_floating_point_infinity assemble_floating_point_value assemble_floating_point_value_from_big_integer assemble_floating_point_zero divide"
0049b4be,convert_hexadecimal_string_to_floating_type_common,166,2,"assemble_floating_point_value normal_mantissa_mask"
0049b564,data,57,1,"FID_conflict:_free __calloc_base operator="
0049b59d,denormal_mantissa_mask,23,1,""
0049b5c0,divide,1170,2,"__allmul __allshl __aulldvrm _memcpy_s"
0049ba58,get,55,1,"get"
0049ba8f,get,63,1,"get"
0049bace,get,22,1,""
0049bae4,get,26,1,""
0049bafe,invert,30,1,""
0049bb1c,invert,46,1,"data"
0049bb4a,is_character_allowed_in_string,80,3,""
0049bb9a,is_character_allowed_in_string,74,3,"test"
0049bbe4,length,65,1,"to_floating_point_length to_integer_length"
0049bc25,length,65,1,"to_floating_point_length to_integer_length"
0049bc66,normal_mantissa_mask,23,1,""
0049bc7d,process,132,1,"FUN_0049d79d __errno advance get process_state unget validate validate"
0049bd01,process,141,1,"FUN_0049d79d __errno advance get process_state unget validate validate"
0049bd8e,process_character_count_specifier,24,1,"write_integer"
0049bdc0,process_conversion_specifier,76,1,"process_character_count_specifier process_floating_point_specifier process_integer_specifier process_string_specifier"
0049be34,process_conversion_specifier,76,1,"process_floating_point_specifier process_integer_specifier process_string_specifier"
0049bea8,process_floating_point_specifier,48,1,"length process_floating_point_specifier_t<double> process_floating_point_specifier_t<float> process_whitespace"
0049bed8,process_floating_point_specifier,48,1,"length process_floating_point_specifier_t<double> process_floating_point_specifier_t<float> process_whitespace"
0049bf08,process_integer_specifier,98,3,"make_input_adapter_character_source<> parse_integer<unsigned___int64,__crt_strtox::input_adapter_character_source<__crt_stdio_input::string_input_adapter<char>_>_> process_whitespace write_integer"
0049bf6a,process_integer_specifier,98,3,"make_input_adapter_character_source<> parse_integer<> process_whitespace write_integer"
0049bfcc,process_literal_character,54,1,"get process_literal_character_tchar unget"
0049c002,process_literal_character,53,1,"get unget"
0049c037,process_literal_character_tchar,78,2,"___pctype_func get unget"
0049c085,process_state,66,1,"process_conversion_specifier process_literal_character process_whitespace"
0049c0c7,process_state,66,1,"process_conversion_specifier process_literal_character process_whitespace"
0049c109,process_string_specifier,72,2,"length process_string_specifier_tchar<char> process_string_specifier_tchar<wchar_t> process_whitespace"
0049c151,process_string_specifier,72,2,"length process_string_specifier_tchar<char> process_string_specifier_tchar<wchar_t> process_whitespace"
0049c199,process_whitespace,29,1,"skip_whitespace<__crt_stdio_input::string_input_adapter,char> unget"
0049c1b6,process_whitespace,32,1,"skip_whitespace<__crt_stdio_input::string_input_adapter,wchar_t> unget"
0049c1d6,reset,26,1,"_memset data"
0049c1f0,reset_token_state_for_error,43,2,""
0049c21b,restore_state,37,3,""
0049c240,restore_state,37,3,""
0049c265,scan_conversion_specifier,363,1,"scan_scanset_range set_wide_for_c_s_or_scanset"
0049c3d0,scan_conversion_specifier,332,1,"reset_token_state_for_error scan_scanset_range set_wide_for_c_s_or_scanset"
0049c51c,scan_optional_assignment_suppressor,20,1,""
0049c530,scan_optional_field_width,157,1,"strtoull"
0049c5cd,scan_optional_field_width,550,1,"reset_token_state_for_error wcstoull"
0049c7f3,scan_optional_length_modifier,271,1,""
0049c902,scan_optional_length_modifier,314,1,""
0049ca3c,scan_optional_literal_character_trail_bytes_tchar,82,2,"___pctype_func"
0049ca8e,scan_optional_wide_modifier,30,1,""
0049caac,scan_optional_wide_modifier,42,1,"should_default_to_wide"
0049cad6,scan_scanset_range,312,1,"invert"
0049cc0e,scan_scanset_range,359,1,"data invert reset reset_token_state_for_error set"
0049cd75,set,38,2,"data"
0049cd9b,set_wide_for_c_s_or_scanset,32,1,""
0049cdbb,set_wide_for_c_s_or_scanset,32,1,""
0049cddb,should_default_to_wide,52,2,""
0049ce0f,test,43,2,"data"
0049ce3a,to_floating_point_length,35,1,""
0049ce5d,to_integer_length,49,1,""
0049ceb0,unget,71,2,"unget"
0049cef7,unget,75,2,"unget"
0049cf42,unget,31,2,""
0049cf61,unget,38,2,""
0049cf87,validate,28,1,"FUN_0049d79d __errno"
0049cfa3,validate,28,1,"FUN_0049d79d __errno"
0049cfbf,validate,33,1,"FUN_0049d79d __errno"
0049cfe0,validate,33,1,"FUN_0049d79d __errno"
0049d001,validate,34,1,"FUN_0049d79d __errno"
0049d023,validate,34,1,"FUN_0049d79d __errno"
0049d045,write_character,109,6,"___pctype_func __mbtowc_l get"
0049d0b2,FUN_0049d0b2,133,5,"__invoke_watson _wctomb_s"
0049d138,write_integer,110,2,"FUN_0049d79d __errno length"
0049d1a6,write_integer,110,2,"FUN_0049d79d __errno length"
0049d214,___stdio_common_vsscanf,36,7,"common_vsscanf<char>"
0049d238,___stdio_common_vswscanf,36,7,"common_vsscanf<wchar_t>"
0049d25c,_memcpy_s,129,4,"FUN_00492e00 FUN_0049d79d __errno _memset"
0049d2dd,FID_conflict:__time64,94,1,"GetSystemTimeAsFileTime __alldiv"
0049d33b,FUN_0049d33b,654,2,"FUN_0049d79d FUN_004a1744 FUN_004a1770 FUN_004a179c FUN_004a1a85 ___tzset __alldiv __allrem __errno __invoke_watson __isindst"
0049d5ca,FID_conflict:common_gmtime<long>,39,1,"FUN_0049d33b ___getgmtimebuf"
0049d5f1,___acrt_call_reportfault,313,3,"FUN_00490463 IsDebuggerPresent SetUnhandledExceptionFilter UnhandledExceptionFilter __security_check_cookie _memset"
0049d72a,FUN_0049d72a,15,1,""
0049d739,FUN_0049d739,99,5,"___acrt_getptd_noexit __invoke_watson guard_check_icall"
0049d79d,FUN_0049d79d,16,0,"FUN_0049d739"
0049d7ad,__invoke_watson,52,5,"GetCurrentProcess IsProcessorFeaturePresent TerminateProcess ___acrt_call_reportfault"
0049d7e1,___ascii_stricmp,57,2,""
0049d81a,__stricmp,73,2,"FUN_0049d79d ___ascii_stricmp __errno __stricmp_l"
0049d863,__stricmp_l,142,3,"FUN_0049d79d _LocaleUpdate __errno"
0049d8f1,__acrt_convert_wcs_mbs_cp<char,wchar_t,<lambda_62f6974d9771e494a5ea317cc32e971c>,__crt_win32_buffer_internal_dynamic_resizing>,178,4,"GetLastError ___acrt_MultiByteToWideChar ___acrt_errno_map_os_error __errno _deallocate allocate"
0049d9a3,__acrt_mbs_to_wcs_cp<__crt_win32_buffer_internal_dynamic_resizing>,29,3,"__acrt_convert_wcs_mbs_cp<char,wchar_t,<lambda_62f6974d9771e494a5ea317cc32e971c>,__crt_win32_buffer_internal_dynamic_resizing>"
0049d9c0,__mkdir,106,1,"FID_conflict:_free __acrt_get_utf8_acp_compatibility_codepage __acrt_mbs_to_wcs_cp<__crt_win32_buffer_internal_dynamic_resizing> __wmkdir"
0049da2a,FUN_0049da2a,33,0,"FUN_0049fad9"
0049da4b,FUN_0049da4b,15,1,""
0049da5a,__callnewh,45,1,"__query_new_handler guard_check_icall"
0049da87,__query_new_handler,80,0,"FUN_0049dada __SEH_prolog4 ___acrt_lock"
0049dada,FUN_0049dada,9,0,"___acrt_unlock"
0049dae3,__seh_filter_exe,344,2,"___acrt_getptd_noexit guard_check_icall"
0049dc3b,operator()<<lambda_03b1d95aef87969028cfba75ccab2455>,<lambda_6e4b09c48022b2350581041d5f6b0c4c>&,<lambda_22bdf7517842c4b3e53723af5aa32b9e>_>,65,4,"FUN_0049dc7c __SEH_prolog4 ___acrt_lock operator()"
0049dc7c,FUN_0049dc7c,12,0,"___acrt_unlock"
0049dc88,__crt_fast_encode_pointer<void_(__stdcall*)(void*,unsigned_long,void*)>,31,1,""
0049dca7,operator(),193,1,"__SEH_prolog4 __execute_onexit_table __initterm guard_check_icall"
0049dd81,FUN_0049dd81,19,1,""
0049dd94,common_exit,100,3,"exit_or_terminate_process is_managed_app operator()<<lambda_03b1d95aef87969028cfba75ccab2455>,<lambda_6e4b09c48022b2350581041d5f6b0c4c>&,<lambda_22bdf7517842c4b3e53723af5aa32b9e>_> try_cor_exit_process"
0049ddf8,exit_or_terminate_process,65,1,"ExitProcess GetCurrentProcess TerminateProcess ___acrt_get_process_end_policy try_cor_exit_process"
0049de3a,is_managed_app,67,0,"GetModuleHandleW"
0049de7d,try_cor_exit_process,83,1,"FreeLibrary GetModuleHandleExW GetProcAddress guard_check_icall"
0049ded0,FUN_0049ded0,15,1,""
0049deee,__cexit,15,0,"common_exit"
0049defd,FID_conflict:__Exit,22,1,"common_exit"
0049df13,__register_thread_local_exe_atexit_callback,38,1,"__crt_fast_encode_pointer<void_(__stdcall*)(void*,unsigned_long,void*)>"
0049df39,_exit,22,1,"common_exit"
0049df4f,common_configure_argv<char>,310,1,"FID_conflict:_free FUN_0049d79d FUN_004a2baf ___acrt_GetModuleFileNameA ___acrt_allocate_buffer_for_argv ___acrt_initialize_multibyte __errno parse_command_line<char>"
0049e085,parse_command_line<char>,372,5,"__ismbblead"
0049e1f9,___acrt_allocate_buffer_for_argv,79,3,"FID_conflict:_free __calloc_base"
0049e248,FUN_0049e248,11,1,"common_configure_argv<char>"
0049e253,common_get_or_create_environment_nolock<wchar_t>,44,0,"common_initialize_environment_nolock<wchar_t> initialize_environment_by_cloning_nolock<wchar_t>"
0049e27f,FUN_0049e27f,83,0,"FID_conflict:_free FUN_0049e320 ___acrt_initialize_multibyte ___dcrt_get_narrow_environment_from_os"
0049e2d2,common_initialize_environment_nolock<wchar_t>,78,0,"FID_conflict:_free FUN_0049e3f0 ___dcrt_get_wide_environment_from_os"
0049e320,FUN_0049e320,207,1,"FID_conflict:_free __calloc_base __invoke_watson _strcpy_s free_environment<>"
0049e3f0,FUN_0049e3f0,268,1,"FID_conflict:_free __calloc_base __invoke_watson _wcscpy_s free_environment<>"
0049e4fd,free_environment<>,47,1,"FID_conflict:_free"
0049e52c,free_environment<>,47,1,"FID_conflict:_free"
0049e55b,initialize_environment_by_cloning_nolock<wchar_t>,125,0,"FID_conflict:_free FUN_004a3ac1 ___acrt_MultiByteToWideChar __calloc_base"
0049e5d8,uninitialize<>,41,2,"guard_check_icall"
0049e601,uninitialize<>,41,2,"guard_check_icall"
0049e62a,uninitialize_environment_internal<>,27,1,"free_environment<>"
0049e645,uninitialize_environment_internal<>,27,1,"free_environment<>"
0049e660,common_get_or_create_environment_nolock<wchar_t>,5,0,""
0049e665,FUN_0049e665,55,0,"free_environment<> free_environment<> uninitialize<> uninitialize<>"
0049e69c,thunk_FUN_0049e27f,5,0,""
0049e6a1,operator()<<lambda_69a2805e680e0e292e8ba93315fe43a8>,<lambda_f03950bc5685219e0bcd2087efbe011e>&,<lambda_03fcd07e894ec930e3f35da366ca99d6>_>,76,4,"FUN_0049e6f0 __SEH_prolog4 ___acrt_lock operator()"
0049e6f0,FUN_0049e6f0,12,0,"___acrt_unlock"
0049e6fc,operator()<<lambda_8e746cf0007f6ed984d6f78af1fec997>,<lambda_22ebabd17bc4fa466a2aca6d8deb888d>&,<lambda_18ed0c0b38a6dc0daf1e7ac6d6adf05e>_>,76,4,"FUN_0049e74b __SEH_prolog4 ___acrt_lock operator()"
0049e74b,FUN_0049e74b,12,0,"___acrt_unlock"
0049e757,__crt_fast_encode_pointer<>,31,1,""
0049e776,__crt_fast_encode_pointer<>,31,1,""
0049e795,operator(),297,1,"FID_conflict:_free __crt_fast_encode_pointer<> __crt_fast_encode_pointer<> __recalloc_base"
0049e8be,operator(),218,1,"FID_conflict:_free guard_check_icall"
0049e998,__crt_atexit,22,0,"__register_onexit_function"
0049e9ae,__execute_onexit_table,45,0,"operator()<<lambda_69a2805e680e0e292e8ba93315fe43a8>,<lambda_f03950bc5685219e0bcd2087efbe011e>&,<lambda_03fcd07e894ec930e3f35da366ca99d6>_>"
0049e9db,__initialize_onexit_table,41,1,""
0049ea04,__register_onexit_function,51,0,"operator()<<lambda_8e746cf0007f6ed984d6f78af1fec997>,<lambda_22ebabd17bc4fa466a2aca6d8deb888d>&,<lambda_18ed0c0b38a6dc0daf1e7ac6d6adf05e>_>"
0049eaa9,uninitialize_allocated_memory,23,0,"operator()"
0049eb13,__crt_fast_encode_pointer<void*>,31,1,""
0049eb32,operator(),46,2,"FID_conflict:_free"
0049eb60,___acrt_initialize,18,0,"___acrt_execute_initializers"
0049eb72,___acrt_uninitialize,48,1,"___acrt_execute_uninitializers __flushall"
0049eba2,FUN_0049eba2,52,0,"FUN_0049ef20 FUN_0049fad9 __SEH_prolog4 guard_check_icall"
0049ebde,FUN_0049ebde,6,0,""
0049ebe4,FUN_0049ebe4,15,1,""
0049ebf3,__crt_fast_encode_pointer<int_(__cdecl*)(_exception*)>,31,1,""
0049ec12,___acrt_has_user_matherr,24,0,""
0049ec2a,FUN_0049ec2a,15,1,""
0049ec39,___acrt_invoke_user_matherr,50,1,"guard_check_icall"
0049ec6b,___setusermatherr,21,1,"__crt_fast_encode_pointer<int_(__cdecl*)(_exception*)>"
0049ec80,__get_narrow_winmain_command_line,83,0,"___acrt_initialize_multibyte __ismbblead"
0049ecd3,__initterm,69,2,"guard_check_icall"
0049ed18,__initterm_e,46,2,"guard_check_icall"
0049ed46,__set_fmode,61,1,"FUN_0049d79d __errno"
0049ed83,operator()<<lambda_e5124f882df8998aaf41531e079ba474>,<lambda_3e16ef9562a7dcce91392c22ab16ea36>&,<lambda_e25ca0880e6ef98be67edffd8c599615>_>,98,4,"FUN_0049ede5 __SEH_prolog4 ___acrt_lock __updatetlocinfoEx_nolock"
0049ede5,FUN_0049ede5,12,0,"___acrt_unlock"
0049edf1,___acrt_set_locale_changed,11,0,""
0049edfc,___acrt_uninitialize_locale,39,0,"operator()<<lambda_e5124f882df8998aaf41531e079ba474>,<lambda_3e16ef9562a7dcce91392c22ab16ea36>&,<lambda_e25ca0880e6ef98be67edffd8c599615>_>"
0049ee23,__configthreadlocale,98,1,"FUN_0049d79d FUN_0049fad9 __errno"
0049ee85,FUN_0049ee85,7,0,""
0049ee8c,__set_new_mode,47,1,"FUN_0049d79d __errno"
0049eebb,FUN_0049eebb,6,0,""
0049eec1,__controlfp_s,95,3,"FUN_0049d79d __control87 __errno"
0049ef20,FUN_0049ef20,67,0,"FID_conflict:__Exit FUN_004a3d00 IsProcessorFeaturePresent ___acrt_call_reportfault ___acrt_get_sigabrt_handler"
0049ef64,_strcpy_s,90,3,"FUN_0049d79d __errno"
0049efbe,FUN_0049efbe,11,2,"__calloc_base"
0049efc9,_wcsncmp,58,3,""
0049f003,__malloc_base,78,1,"FUN_0049ee85 HeapAlloc __callnewh __errno"
0049f051,FID_conflict:_free,58,1,"FID_conflict:___acrt_errno_from_os_error GetLastError HeapFree __errno"
0049f08b,FID_conflict:___acrt_errno_from_os_error,67,1,""
0049f0ce,___acrt_errno_map_os_error,35,1,"FID_conflict:___acrt_errno_from_os_error ___doserrno __errno"
0049f0f1,___doserrno,19,0,"___acrt_getptd_noexit"
0049f104,__errno,19,0,"___acrt_getptd_noexit"
0049f117,make_c_string_character_source<>,27,3,""
0049f132,make_c_string_character_source<>,27,3,""
0049f14d,_strtol,42,3,"make_c_string_character_source<> parse_integer<unsigned_long,__crt_strtox::c_string_character_source<char>_>"
0049f177,strtoull,42,3,"make_c_string_character_source<> parse_integer<unsigned___int64,__crt_strtox::c_string_character_source<char>_>"
0049f1a1,_wcstol,42,3,"make_c_string_character_source<> parse_integer<unsigned_long,__crt_strtox::c_string_character_source<wchar_t>_>"
0049f1cb,wcstoull,42,3,"make_c_string_character_source<> parse_integer<unsigned___int64,__crt_strtox::c_string_character_source<wchar_t>_>"
0049f1f5,__mbtowc_l,322,4,"_LocaleUpdate ___acrt_MultiByteToWideChar __errno __isleadbyte_l __mbrtowc_utf8"
0049f337,_mbtowc,26,3,"__mbtowc_l"
0049f351,__wctomb_s_l,347,5,"FUN_0049d79d GetLastError _LocaleUpdate ___acrt_WideCharToMultiByte __c32rtomb_utf8 __errno _memset"
0049f4ac,_wctomb_s,29,4,"__wctomb_s_l"
0049f4c9,FUN_0049f4c9,290,2,""
0049f5eb,FUN_0049f5eb,432,2,""
0049f79b,operator()<<lambda_15ade71b0218206bbe3333a0c9b79046>,<lambda_da44e0f8b0f19ba52fefafb335991732>&,<lambda_207f2d024fc103971653565357d6cd41>_>,70,4,"FUN_0049f7e1 __SEH_prolog4 ___acrt_lock"
0049f7e1,FUN_0049f7e1,12,0,"___acrt_unlock"
0049f7ed,operator()<<lambda_38edbb1296d33220d7e4dd0ed76b244a>,<lambda_5ce1d447e08cb34b2473517608e21441>&,<lambda_fb385d3da700c9147fc39e65dd577a8c>_>,95,4,"FID_conflict:_free FUN_0049f84c __SEH_prolog4 ___acrt_lock"
0049f84c,FUN_0049f84c,12,0,"___acrt_unlock"
0049f858,operator()<<lambda_6affb1475c98b40b75cdec977db92e3c>,<lambda_b8d4b9c228a6ecc3f80208dbb4b4a104>&,<lambda_608742c3c92a14382c1684fc64f96c88>_>,73,4,"FUN_0049f8a1 __SEH_prolog4 ___acrt_lock replace_current_thread_locale_nolock"
0049f8a1,FUN_0049f8a1,12,0,"___acrt_unlock"
0049f8ad,operator()<<lambda_a7e850c220f1c8d1e6efeecdedd162c6>,<lambda_46720907175c18b6c9d2717bc0d2d362>&,<lambda_9048902d66e8d99359bc9897bbb930a8>_>,78,4,"FUN_0049f8fb __SEH_prolog4 ___acrt_lock replace_current_thread_locale_nolock"
0049f8fb,FUN_0049f8fb,12,0,"___acrt_unlock"
0049f907,construct_ptd,153,2,"operator()<<lambda_15ade71b0218206bbe3333a0c9b79046>,<lambda_da44e0f8b0f19ba52fefafb335991732>&,<lambda_207f2d024fc103971653565357d6cd41>_> operator()<<lambda_a7e850c220f1c8d1e6efeecdedd162c6>,<lambda_46720907175c18b6c9d2717bc0d2d362>&,<lambda_9048902d66e8d99359bc9897bbb930a8>_>"
0049f9a0,destroy_fls,33,1,"FID_conflict:_free destroy_ptd"
0049f9c1,destroy_ptd,205,1,"FID_conflict:_free operator()<<lambda_38edbb1296d33220d7e4dd0ed76b244a>,<lambda_5ce1d447e08cb34b2473517608e21441>&,<lambda_fb385d3da700c9147fc39e65dd577a8c>_> operator()<<lambda_6affb1475c98b40b75cdec977db92e3c>,<lambda_b8d4b9c228a6ecc3f80208dbb4b4a104>&,<lambda_608742c3c92a14382c1684fc64f96c88>_>"
0049fa8e,replace_current_thread_locale_nolock,75,2,"___acrt_add_locale_ref ___acrt_free_locale ___acrt_release_locale_ref"
0049fad9,FUN_0049fad9,188,0,"FID_conflict:_free FUN_0049ef20 GetLastError SetLastError ___acrt_FlsGetValue@4 ___acrt_FlsSetValue@8 __calloc_base construct_ptd"
0049fb96,FUN_0049fb96,153,0,"FID_conflict:_free FUN_0049ef20 ___acrt_FlsGetValue@4 ___acrt_FlsSetValue@8 __calloc_base construct_ptd"
0049fc30,___acrt_getptd_noexit,181,0,"FID_conflict:_free GetLastError SetLastError ___acrt_FlsGetValue@4 ___acrt_FlsSetValue@8 __calloc_base construct_ptd"
0049fd11,FUN_0049fd11,26,0,"___acrt_FlsFree@4"
0049fd2b,___acrt_update_locale_info,45,2,"FUN_004a4b95"
0049fd58,___acrt_update_multibyte_info,45,2,"___acrt_update_thread_multibyte_data"
0049fd85,__acrt_fp_classify,98,1,""
0049fde7,fe_to_nearest,163,3,"__allshl __aullshr"
0049fe8a,fp_format_a,783,10,"FUN_00490ba0 FUN_0049d79d _LocaleUpdate __alldvrm __aullshr __errno _memset fp_format_e should_round_up"
004a0199,fp_format_e,168,10,"FUN_004a0241 FUN_004a554b ___acrt_fp_strflt_to_string"
004a0241,FUN_004a0241,327,8,"FUN_00492840 FUN_0049d79d _LocaleUpdate __errno __invoke_watson _strcpy_s shift_bytes"
004a0389,fp_format_f,145,8,"FUN_004a554b ___acrt_fp_strflt_to_string fp_format_f_internal"
004a041a,fp_format_f_internal,248,6,"_LocaleUpdate _memset shift_bytes"
004a0512,FUN_004a0512,202,10,"FUN_004a0241 FUN_004a554b ___acrt_fp_strflt_to_string fp_format_f_internal"
004a05dc,FUN_004a05dc,148,5,"__invoke_watson _strcpy_s"
004a0671,shift_bytes,52,4,"FUN_00492840"
004a06a5,should_round_up,147,4,"__aullshr fe_to_nearest fegetround"
004a0738,FUN_004a0738,348,11,"FUN_0049d79d FUN_004a0512 FUN_004a05dc __acrt_fp_classify __errno fp_format_a fp_format_e fp_format_f"
004a0894,__fileno,39,1,"FUN_0049d79d __errno"
004a09cf,__lock_file,20,1,"EnterCriticalSection"
004a09e3,FUN_004a09e3,20,1,"LeaveCriticalSection"
004a09f7,__get_printf_count_output,21,0,""
004a0a0c,initialize_inherited_file_handles_nolock,182,0,"GetFileType GetStartupInfoW ___acrt_lowio_ensure_fh_exists"
004a0ac2,FUN_004a0ac2,180,0,"GetFileType GetStdHandle"
004a0bcd,FUN_004a0bcd,9,0,"___acrt_unlock"
004a0c02,__calloc_base,93,2,"FUN_0049ee85 HeapAlloc __callnewh __errno"
004a0c5f,try_get_AreFileApisANSI,26,0,"try_get_function"
004a0c79,try_get_CompareStringEx,26,0,"try_get_function"
004a0c93,try_get_LCMapStringEx,26,0,"try_get_function"
004a0cad,try_get_LocaleNameToLCID,26,0,"try_get_function"
004a0cc7,try_get_first_available_module,199,2,"FreeLibrary GetLastError LoadLibraryExW _wcsncmp"
004a0d8e,try_get_function,131,4,"GetProcAddress __crt_fast_encode_pointer<void*> try_get_first_available_module"
004a0e11,___acrt_AppPolicyGetProcessTerminationMethodInternal@4,64,1,"guard_check_icall try_get_function"
004a0e51,___acrt_AppPolicyGetThreadInitializationTypeInternal@4,64,1,"guard_check_icall try_get_function"
004a0e91,___acrt_AreFileApisANSI@0,31,0,"guard_check_icall try_get_AreFileApisANSI"
004a0eb0,___acrt_CompareStringEx@36,93,9,"CompareStringW ___acrt_LocaleNameToLCID@8 guard_check_icall try_get_CompareStringEx"
004a0f0d,___acrt_FlsAlloc@4,63,1,"TlsAlloc guard_check_icall try_get_function"
004a0f4c,___acrt_FlsFree@4,63,1,"guard_check_icall try_get_function"
004a0f8b,___acrt_FlsGetValue@4,63,1,"guard_check_icall try_get_function"
004a0fca,___acrt_FlsSetValue@8,66,2,"guard_check_icall try_get_function"
004a100c,___acrt_InitializeCriticalSectionEx@12,75,3,"InitializeCriticalSectionAndSpinCount guard_check_icall try_get_function"
004a1057,___acrt_LCMapStringEx@36,93,9,"LCMapStringW ___acrt_LocaleNameToLCID@8 guard_check_icall try_get_LCMapStringEx"
004a10b4,___acrt_LocaleNameToLCID@8,49,2,"___acrt_DownlevelLocaleNameToLCID guard_check_icall try_get_LocaleNameToLCID"
004a10e5,___acrt_RoInitialize@4,59,1,"guard_check_icall try_get_function"
004a1120,___acrt_RoUninitialize@0,46,0,"guard_check_icall try_get_function"
004a1179,___acrt_uninitialize_winapi_thunks,54,1,"FreeLibrary"
004a11af,___acrt_get_begin_thread_init_policy,68,0,"___acrt_AppPolicyGetThreadInitializationTypeInternal@4"
004a11f3,___acrt_get_process_end_policy,49,0,"___acrt_AppPolicyGetProcessTerminationMethodInternal@4"
004a1224,___pctype_func,36,0,"FUN_0049fad9 ___acrt_update_locale_info"
004a1248,_iswctype,105,2,"___acrt_GetStringTypeW"
004a12b1,__isctype_l,203,3,"_LocaleUpdate ___acrt_GetStringTypeA __security_check_cookie"
004a137c,__toupper_l,261,2,"_LocaleUpdate ___acrt_LCMapStringA __errno __isleadbyte_l"
004a1481,_toupper,48,1,"__toupper_l"
004a14b1,___acrt_SetEnvironmentVariableA,149,2,"FID_conflict:_free SetEnvironmentVariableW __acrt_get_utf8_acp_compatibility_codepage __acrt_mbs_to_wcs_cp<__crt_win32_buffer_internal_dynamic_resizing>"
004a1546,___acrt_SetCurrentDirectoryA,85,1,"FID_conflict:_free SetCurrentDirectoryW __acrt_get_utf8_acp_compatibility_codepage __acrt_mbs_to_wcs_cp<__crt_win32_buffer_internal_dynamic_resizing>"
004a159b,___acrt_WideCharToMultiByte,183,8,"WideCharToMultiByte"
004a1660,_isspace,132,1,"FUN_0049fad9 ___acrt_update_locale_info __isctype_l"
004a16e4,fegetround,13,0,"___acrt_fenv_get_common_round_control ___acrt_fenv_get_control"
004a1726,FUN_004a1726,6,0,""
004a172c,FUN_004a172c,6,0,""
004a1732,FUN_004a1732,6,0,""
004a1738,FUN_004a1738,6,0,""
004a173e,FUN_004a173e,6,0,""
004a1744,FUN_004a1744,44,1,"FUN_0049d79d __errno"
004a1770,FUN_004a1770,44,1,"FUN_0049d79d __errno"
004a179c,FUN_004a179c,44,1,"FUN_0049d79d __errno"
004a17c8,__crt_time_elapsed_leap_years<int>,58,1,""
004a1802,__crt_time_is_leap_year<int>,66,1,""
004a1844,common_gmtime_s<__int64>,330,2,"FUN_0049d79d __alldiv __errno compute_year"
004a198e,compute_year,185,2,"__alldiv __crt_time_elapsed_leap_years<int> __crt_time_is_leap_year<int>"
004a1a47,___getgmtimebuf,62,0,"FID_conflict:_free ___acrt_getptd_noexit __errno __malloc_base"
004a1a85,FUN_004a1a85,11,2,"common_gmtime_s<__int64>"
004a1a90,FUN_004a1a90,537,1,"FUN_004a1744 FUN_004a1caa __invoke_watson"
004a1caa,FUN_004a1caa,319,11,"FUN_004a1770 __crt_time_elapsed_leap_years<int> __crt_time_is_leap_year<int> __invoke_watson"
004a1dea,FUN_004a1dea,70,4,"FUN_004a4251 ___acrt_WideCharToMultiByte __acrt_get_utf8_acp_compatibility_codepage __invoke_watson"
004a1e31,FUN_004a1e31,672,1,"FID_conflict:_free FUN_004a1726 FUN_004a1732 FUN_004a1738 FUN_004a173e FUN_004a1744 FUN_004a179c FUN_004a1dea __invoke_watson __malloc_base _memset _wcscpy_s _wcstol"
004a20d2,FUN_004a20d2,345,0,"FID_conflict:_free FUN_004a1726 FUN_004a172c FUN_004a1732 FUN_004a1738 FUN_004a173e FUN_004a1744 FUN_004a1770 FUN_004a179c FUN_004a2311 GetTimeZoneInformation ____lc_codepage_func __invoke_watson _memset"
004a222c,tzset_nolock,229,0,"FID_conflict:_free FUN_004a1e31 FUN_004a20d2 FUN_004a764c __malloc_base __security_check_cookie"
004a2311,FUN_004a2311,65,4,"FUN_004a4251 ___acrt_WideCharToMultiByte __invoke_watson"
004a2353,___tzset,84,0,"FUN_004a23a7 __SEH_prolog4 ___acrt_lock tzset_nolock"
004a23a7,FUN_004a23a7,9,0,"___acrt_unlock"
004a23b0,__isindst,72,1,"FUN_004a1a90 FUN_004a23fb __SEH_prolog4 ___acrt_lock"
004a23fb,FUN_004a23fb,9,0,"___acrt_unlock"
004a2404,___acrt_MultiByteToWideChar,124,6,"MultiByteToWideChar"
004a2480,__wmkdir,42,1,"CreateDirectoryW GetLastError ___acrt_errno_map_os_error"
004a24eb,___acrt_lock,23,1,"EnterCriticalSection"
004a2502,FUN_004a2502,49,0,"DeleteCriticalSection"
004a2533,___acrt_unlock,23,1,"LeaveCriticalSection"
004a254a,FUN_004a254a,24,2,""
004a2562,__acrt_convert_wcs_mbs_cp<wchar_t,char,<lambda_28bda7af82a03b66c1cb3803a755f95d>,__crt_win32_buffer_internal_dynamic_resizing>,207,4,"GetLastError ___acrt_WideCharToMultiByte ___acrt_errno_map_os_error __errno allocate deallocate"
004a2631,FUN_004a2631,494,2,"FID_conflict:_free FUN_0049d79d FUN_004a2820 FUN_004a7c01 ___acrt_allocate_buffer_for_argv __errno __invoke_watson _strpbrk expand_argument_wildcards<char>"
004a2820,FUN_004a2820,176,4,"FID_conflict:_free FUN_004a7c01 __calloc_base __invoke_watson expand_if_necessary"
004a28d1,expand_argument_wildcards<char>,599,3,"FID_conflict:_free FUN_004a2820 FindClose FindFirstFileExW FindNextFileW __acrt_convert_wcs_mbs_cp<wchar_t,char,<lambda_28bda7af82a03b66c1cb3803a755f95d>,__crt_win32_buffer_internal_dynamic_resizing> __acrt_get_utf8_acp_compatibility_codepage __acrt_mbs_to_wcs_cp<__crt_win32_buffer_internal_dynamic_resizing> __mbsdec __security_check_cookie _qsort"
004a2b28,expand_if_necessary,135,1,"FID_conflict:_free __calloc_base __recalloc_base"
004a2baf,FUN_004a2baf,11,2,"FUN_004a2631"
004a2bba,__acrt_convert_wcs_mbs_cp<wchar_t,char,<lambda_0fec1a7b3f42a53036604e18c2d5e07e>,__crt_win32_buffer_no_resizing>,199,4,"GetLastError ___acrt_WideCharToMultiByte ___acrt_errno_map_os_error __errno allocate set_to_nullptr"
004a2c81,allocate,39,2,"__errno"
004a2ca8,set_to_nullptr,20,1,""
004a2cbc,___acrt_GetModuleFileNameA,161,3,"GetLastError GetModuleFileNameW ___acrt_errno_map_os_error __acrt_convert_wcs_mbs_cp<wchar_t,char,<lambda_0fec1a7b3f42a53036604e18c2d5e07e>,__crt_win32_buffer_no_resizing> __acrt_get_utf8_acp_compatibility_codepage __security_check_cookie"
004a2d5d,operator()<<lambda_ceb1ee4838e85a9d631eb091e2fbe199>,<lambda_ae742caa10f662c28703da3d2ea5e57e>&,<lambda_cd08b5d6af4937fe54fc07d0c9bf6b37>_>,65,4,"FUN_004a2d9e __SEH_prolog4 ___acrt_lock operator()"
004a2d9e,FUN_004a2d9e,12,0,"___acrt_unlock"
004a2daa,operator(),131,1,"FID_conflict:_free _memcpy_s"
004a2e2d,CPtoLocaleName,62,1,""
004a2e6b,getSystemCP,113,1,"GetACP GetOEMCP _LocaleUpdate"
004a2edc,setSBCS,101,1,"_memset"
004a2f41,setSBUpLow,384,1,"GetCPInfo ___acrt_GetStringTypeA ___acrt_LCMapStringA __security_check_cookie"
004a30c1,setmbcp_internal,276,4,"FID_conflict:_free FUN_004a31d5 ___acrt_set_locale_changed __errno __malloc_base __setmbcp_nolock getSystemCP operator()<<lambda_ceb1ee4838e85a9d631eb091e2fbe199>,<lambda_ae742caa10f662c28703da3d2ea5e57e>&,<lambda_cd08b5d6af4937fe54fc07d0c9bf6b37>_>"
004a31d5,FUN_004a31d5,129,2,"FID_conflict:_free FUN_0049ef20 FUN_004a3254 FUN_004a325d __SEH_prolog4 ___acrt_lock"
004a3254,FUN_004a3254,9,0,"___acrt_unlock"
004a325d,FUN_004a325d,18,0,""
004a3275,___acrt_initialize_multibyte,72,0,"FUN_0049fb96 setmbcp_internal"
004a32bd,___acrt_update_thread_multibyte_data,19,0,"FUN_0049fad9 FUN_004a31d5"
004a32d0,__setmbcp_nolock,499,2,"CPtoLocaleName GetCPInfo IsValidCodePage __security_check_cookie _memset getSystemCP setSBCS setSBUpLow"
004a34c3,_memcpy_s,129,4,"FUN_00492e00 FUN_0049d79d __errno _memset"
004a3544,x_ismbbtype_l,87,4,"_LocaleUpdate"
004a359b,__ismbblead,24,1,"x_ismbbtype_l"
004a35cf,_wcscpy_s,100,3,"FUN_0049d79d __errno"
004a3633,find_end_of_double_null_terminated_sequence,55,1,""
004a366a,___dcrt_get_narrow_environment_from_os,132,0,"FID_conflict:_free FreeEnvironmentStringsW GetEnvironmentStringsW ___acrt_WideCharToMultiByte __malloc_base find_end_of_double_null_terminated_sequence"
004a36ee,___dcrt_get_wide_environment_from_os,80,0,"FID_conflict:_free FUN_00492e00 FreeEnvironmentStringsW GetEnvironmentStringsW __malloc_base find_end_of_double_null_terminated_sequence"
004a373e,FUN_004a373e,594,2,"FID_conflict:_free FUN_004a3a4f FUN_004ab29b SetEnvironmentVariableW __calloc_base __errno __invoke_watson __recalloc_base _wcscpy_s common_get_or_create_environment_nolock<wchar_t> find_in_environment_nolock<wchar_t>"
004a3991,FUN_004a3991,189,1,"FID_conflict:_free FUN_0049ef20 __calloc_base __invoke_watson _wcscpy_s"
004a3a4f,FUN_004a3a4f,26,0,"FUN_004a3991"
004a3a69,find_in_environment_nolock<wchar_t>,88,2,"__wcsnicoll"
004a3ac1,FUN_004a3ac1,11,2,"FUN_004a373e"
004a3acc,__recalloc_base,109,3,"FID_conflict:__msize_base __errno __realloc_base _memset"
004a3b54,___acrt_execute_initializers,104,2,"guard_check_icall"
004a3bbc,___acrt_execute_uninitializers,49,2,"guard_check_icall"
004a3bed,operator()<<lambda_cbab9ec6f41b0180b23cc171c22676b0>,<lambda_44731a7d0e6d81c3e6aa82d741081786>&,<lambda_4b292cb8dd18144e164572427af410ab>_>,85,4,"FUN_004a3c45 __SEH_prolog4 ___acrt_lock"
004a3c45,FUN_004a3c45,12,0,"___acrt_unlock"
004a3c51,get_global_action_nolock,66,1,""
004a3c93,siglookup,40,2,""
004a3cbb,___acrt_get_sigabrt_handler,39,0,"operator()<<lambda_cbab9ec6f41b0180b23cc171c22676b0>,<lambda_44731a7d0e6d81c3e6aa82d741081786>&,<lambda_4b292cb8dd18144e164572427af410ab>_>"
004a3ce2,FUN_004a3ce2,30,1,""
004a3d00,FUN_004a3d00,474,1,"FID_conflict:__Exit FUN_0049d79d FUN_0049fad9 FUN_004a3e8c __SEH_prolog4 ___acrt_getptd_noexit ___acrt_lock ___acrt_unlock __errno get_global_action_nolock guard_check_icall siglookup"
004a3e8c,FUN_004a3e8c,15,0,"___acrt_unlock"
004a3ef3,operator()<<lambda_2866be3712abc81a800a822484c830d8>,<lambda_39ca0ed439415581b5b15c265174cece>&,<lambda_2b24c74d71094a6cd0cb82e44167d71b>_>,128,4,"FUN_004a3f73 __SEH_prolog4 __fflush_nolock __lock_file common_flush_all_should_try_to_flush_stream"
004a3f73,FUN_004a3f73,12,0,"FUN_004a09e3"
004a3f7f,operator()<<lambda_2cc53f568c5a2bb6f192f930a45d44ea>,<lambda_ab61a845afdef5b7c387490eaf3616ee>&,<lambda_c2ffc0b7726aa6be21d5f0026187e748>_>,160,4,"FUN_004a401f __SEH_prolog4 ___acrt_lock common_flush_all_should_try_to_flush_stream operator()<<lambda_2866be3712abc81a800a822484c830d8>,<lambda_39ca0ed439415581b5b15c265174cece>&,<lambda_2b24c74d71094a6cd0cb82e44167d71b>_>"
004a401f,FUN_004a401f,12,0,"___acrt_unlock"
004a402b,common_flush_all,77,1,"operator()<<lambda_2cc53f568c5a2bb6f192f930a45d44ea>,<lambda_ab61a845afdef5b7c387490eaf3616ee>&,<lambda_c2ffc0b7726aa6be21d5f0026187e748>_>"
004a4078,common_flush_all_should_try_to_flush_stream,51,2,"is_stream_flushable_or_commitable"
004a40ab,is_stream_flushable_or_commitable,37,1,""
004a40d0,___acrt_stdio_flush_nolock,101,1,"__fileno __write"
004a4135,__fflush_nolock,72,1,"___acrt_stdio_flush_nolock __commit __fileno common_flush_all"
004a417d,__flushall,9,0,"common_flush_all"
004a4186,common_tcsncpy_s<wchar_t>,203,4,"FUN_0049d79d __errno"
004a4251,FUN_004a4251,11,4,"common_tcsncpy_s<wchar_t>"
004a425c,___acrt_lowio_create_handle_array,123,0,"FID_conflict:_free ___acrt_InitializeCriticalSectionEx@12 __calloc_base"
004a42d7,___acrt_lowio_destroy_handle_array,53,1,"DeleteCriticalSection FID_conflict:_free"
004a430c,___acrt_lowio_ensure_fh_exists,146,1,"FUN_0049d79d FUN_004a43a1 __SEH_prolog4 ___acrt_lock ___acrt_lowio_create_handle_array __errno"
004a43a1,FUN_004a43a1,9,0,"___acrt_unlock"
004a43aa,___acrt_lowio_lock_fh,35,1,"EnterCriticalSection"
004a43cd,___acrt_lowio_unlock_fh,35,1,"LeaveCriticalSection"
004a43f0,__free_osfhnd,145,1,"FUN_0049ebde SetStdHandle ___doserrno __errno"
004a4481,__get_osfhandle,106,1,"FUN_0049d79d ___doserrno __errno"
004a4501,____lc_codepage_func,37,0,"FUN_0049fad9 ___acrt_update_locale_info"
004a4526,___acrt_locale_free_monetary,254,1,"FID_conflict:_free"
004a4624,___acrt_locale_free_numeric,105,1,"FID_conflict:_free"
004a468d,free_crt_array_internal,56,2,"FID_conflict:_free"
004a46c5,___acrt_locale_free_time,228,1,"FID_conflict:_free free_crt_array_internal"
004a47a9,___acrt_GetStringTypeA,259,7,"GetStringTypeW _LocaleUpdate ___acrt_MultiByteToWideChar __alloca_probe_16 __freea_crt __malloc_base __security_check_cookie _memset"
004a48ac,__freea_crt,32,1,"FID_conflict:_free"
004a48cc,___acrt_add_locale_ref,125,1,"___acrt_locale_add_lc_time_reference"
004a4949,___acrt_free_locale,328,1,"FID_conflict:_free ___acrt_locale_free_lc_time_if_unreferenced ___acrt_locale_free_monetary ___acrt_locale_free_numeric"
004a4a91,___acrt_locale_add_lc_time_reference,41,1,""
004a4aba,___acrt_locale_free_lc_time_if_unreferenced,49,1,"FID_conflict:_free ___acrt_locale_free_time"
004a4aeb,___acrt_locale_release_lc_time_reference,41,1,""
004a4b14,___acrt_release_locale_ref,129,1,"___acrt_locale_release_lc_time_reference"
004a4b95,FUN_004a4b95,98,0,"FUN_0049ef20 FUN_0049fad9 FUN_004a4bf5 FUN_004a4bfe __SEH_prolog4 ___acrt_lock __updatetlocinfoEx_nolock"
004a4bf5,FUN_004a4bf5,9,0,"___acrt_unlock"
004a4bfe,FUN_004a4bfe,18,0,""
004a4c16,__updatetlocinfoEx_nolock,80,2,"___acrt_add_locale_ref ___acrt_free_locale ___acrt_release_locale_ref"
004a4c66,___hw_cw_sse2,167,1,""
004a4d0d,__clearfp,222,0,""
004a4deb,__control87,769,2,"___hw_cw_sse2 ___set_fpsr_sse2 __hw_cw"
004a50ec,__hw_cw,158,1,""
004a518a,__isleadbyte_l,58,2,"_LocaleUpdate ___acrt_locale_get_ctype_array_value"
004a51c4,operator(),44,2,""
004a51f0,__mbrtowc_utf8,64,4,"__mbrtoc32_utf8"
004a5230,__mbsrtowcs_utf8,251,4,"__errno __mbrtoc32_utf8 operator()"
004a532b,__c32rtomb_utf8,171,3,"return_illegal_sequence"
004a53d6,return_illegal_sequence,31,1,"__errno"
004a53f5,FUN_004a53f5,122,4,"fegetround"
004a546f,___acrt_fp_strflt_to_string,220,6,"FUN_00492840 FUN_0049d79d FUN_004a53f5 __errno"
004a554b,FUN_004a554b,5382,6,"FUN_00492e00 FUN_004a8e10 FUN_004a8f20 __acrt_fp_classify __allshl __controlfp_s __invoke_watson __security_check_cookie _memcpy_s _memset _strcpy_s divide fegetenv feholdexcept fesetenv thunk_FUN_004ab1f0"
004a6a52,_memcpy_s,129,4,"FUN_00492e00 FUN_0049d79d __errno _memset"
004a6ad3,FUN_004a6ad3,162,0,"DeleteCriticalSection FID_conflict:_free FUN_004a6b75 FUN_004a914b __SEH_prolog4 ___acrt_lock"
004a6b75,FUN_004a6b75,9,0,"___acrt_unlock"
004a6b7e,___acrt_stdio_free_buffer_nolock,64,1,"FID_conflict:_free"
004a6bbe,__isatty,86,1,"FUN_0049d79d __errno"
004a6c14,GetTableIndexFromLocaleName,80,1,"___ascii_wcsnicmp"
004a6c64,___acrt_DownlevelLocaleNameToLCID,44,1,"GetTableIndexFromLocaleName"
004a6c90,___acrt_GetStringTypeW,25,4,"GetStringTypeW"
004a6ca9,__acrt_LCMapStringA_stat,490,9,"___acrt_LCMapStringEx@36 ___acrt_MultiByteToWideChar ___acrt_WideCharToMultiByte ___strncnt __alloca_probe_16 __freea_crt __malloc_base __security_check_cookie"
004a6e93,___acrt_LCMapStringA,73,9,"_LocaleUpdate __acrt_LCMapStringA_stat"
004a6edc,to_abstract_control,188,1,""
004a6f98,to_abstract_control,185,1,""
004a7051,to_machine_sse_control,205,1,""
004a711e,to_machine_x87_control,219,1,""
004a71f9,___acrt_fenv_get_common_round_control,34,1,""
004a721b,___acrt_fenv_get_control,128,0,"to_abstract_control to_abstract_control"
004a729b,___acrt_fenv_get_status,184,0,""
004a7353,___acrt_fenv_set_control,104,1,"to_machine_sse_control to_machine_x87_control"
004a73bb,___acrt_fenv_set_status,247,1,""
004a74b2,common_getenv_nolock<wchar_t>,132,1,"__wcsnicoll common_get_or_create_environment_nolock<wchar_t>"
004a7536,common_getenv_s<>,83,4,"FUN_004a758c FUN_004a7595 __SEH_prolog4 ___acrt_lock"
004a758c,FUN_004a758c,9,0,"___acrt_unlock"
004a7595,FUN_004a7595,182,4,"FUN_0049d79d __errno __invoke_watson _wcscpy_s common_getenv_nolock<wchar_t>"
004a764c,FUN_004a764c,11,4,"common_getenv_s<>"
004a7660,_qsort,1229,4,"FUN_0049d79d __errno __security_check_cookie guard_check_icall"
004a7b4e,common_tcsncpy_s<char>,179,4,"FUN_0049d79d __errno"
004a7c01,FUN_004a7c01,11,4,"common_tcsncpy_s<char>"
004a7c10,_strpbrk,64,2,""
004a7c50,__mbsdec,23,2,"__mbsdec_l"
004a7c67,__mbsdec_l,141,3,"FUN_0049d79d _LocaleUpdate __errno"
004a7d03,__wcsnicoll,109,3,"FUN_0049d79d ___ascii_wcsnicmp __errno __wcsnicoll_l"
004a7d70,__wcsnicoll_l,192,4,"FUN_0049d79d _LocaleUpdate ___acrt_CompareStringW ___ascii_wcsnicmp __errno"
004a7e30,FID_conflict:__msize_base,51,1,"FUN_0049d79d HeapSize __errno"
004a7e63,__realloc_base,105,2,"FID_conflict:_free FUN_0049ee85 HeapReAlloc __callnewh __errno __malloc_base"
004a7ecc,operator()<<lambda_9e9de3de5fa147e2223d7db92bc10aa6>,<lambda_38ce7e780aa69e748d6df282ebc68efe>&,<lambda_8ca6da459f0f6780f1cff60fdc3d00e5>_>,147,4,"FUN_004a7f62 FlushFileBuffers GetLastError __SEH_prolog4 ___acrt_lowio_lock_fh ___doserrno __errno __get_osfhandle"
004a7f62,FUN_004a7f62,12,0,"___acrt_lowio_unlock_fh"
004a7f6e,__commit,125,1,"FUN_0049d79d __errno operator()<<lambda_9e9de3de5fa147e2223d7db92bc10aa6>,<lambda_38ce7e780aa69e748d6df282ebc68efe>&,<lambda_8ca6da459f0f6780f1cff60fdc3d00e5>_>"
004a7feb,write_double_translated_ansi_nolock,940,3,"FUN_00492e00 GetConsoleOutputCP GetLastError WriteFile _LocaleUpdate ___acrt_WideCharToMultiByte ___pctype_func __mbsrtowcs_utf8 __security_check_cookie _mbtowc"
004a8397,write_double_translated_unicode_nolock,104,2,"GetLastError __putwch_nolock"
004a83ff,write_requires_double_translation_nolock,113,1,"FUN_0049fad9 GetConsoleMode __isatty"
004a8470,write_text_ansi_nolock,219,3,"GetLastError WriteFile __alloca_probe __security_check_cookie"
004a854b,write_text_utf16le_nolock,233,3,"GetLastError WriteFile __alloca_probe __security_check_cookie"
004a8634,write_text_utf8_nolock,306,3,"GetLastError WriteFile ___acrt_WideCharToMultiByte __alloca_probe __security_check_cookie"
004a8766,__write,228,3,"FUN_0049d79d FUN_004a8825 __SEH_prolog4 ___acrt_lowio_lock_fh ___doserrno __errno __write_nolock"
004a8825,FUN_004a8825,8,0,"___acrt_lowio_unlock_fh"
004a8858,__write_nolock,474,3,"FUN_0049d79d GetLastError WriteFile ___acrt_errno_map_os_error ___doserrno __errno __lseeki64_nolock write_double_translated_ansi_nolock write_double_translated_unicode_nolock write_requires_double_translation_nolock write_text_ansi_nolock write_text_utf16le_nolock write_text_utf8_nolock"
004a8a32,___ascii_wcsnicmp,79,3,""
004a8a81,___set_fpsr_sse2,80,1,"__SEH_prolog4"
004a8b01,__clrfp,17,0,""
004a8b12,__ctrlfp,42,0,""
004a8b3c,FUN_004a8b3c,89,0,""
004a8b95,__statfp,16,0,""
004a8ba5,__mbrtoc32_utf8,423,4,"__security_check_cookie return_illegal_sequence"
004a8d4c,fegetenv,29,1,"___acrt_fenv_get_control ___acrt_fenv_get_status"
004a8d69,fesetenv,75,1,"___acrt_fenv_set_control ___acrt_fenv_set_status fegetenv"
004a8db4,feholdexcept,77,1,"__clearfp fegetenv fesetenv"
004a8e10,FUN_004a8e10,79,0,"FUN_004a8e68 FUN_004a92a0 FUN_004a9a28"
004a8e68,FUN_004a8e68,197,2,"FUN_004a99cc __math_exit __startOneArgErrorHandling"
004a8f20,FUN_004a8f20,466,1,"___libm_error_support __ctrlfp __except1 __frnd __sptype"
004a903d,common_lseek_nolock<__int64>,124,3,"GetLastError SetFilePointerEx ___acrt_errno_map_os_error __errno __get_osfhandle"
004a90b9,__lseeki64_nolock,27,3,"common_lseek_nolock<__int64>"
004a90d4,__fclose_nolock,119,1,"FID_conflict:_free FUN_0049d79d ___acrt_stdio_flush_nolock ___acrt_stdio_free_buffer_nolock __acrt_stdio_free_stream __close __errno __fileno"
004a914b,FUN_004a914b,119,1,"FUN_0049d79d FUN_004a91c5 __SEH_prolog4 __acrt_stdio_free_stream __errno __fclose_nolock __lock_file"
004a91c5,FUN_004a91c5,10,0,"FUN_004a09e3"
004a91cf,___strncnt,28,2,""
004a91eb,___acrt_CompareStringW,101,6,"FUN_0049f5eb ___acrt_CompareStringEx@36"
004a9250,__putwch_nolock,50,1,"___dcrt_lowio_ensure_console_output_initialized ___dcrt_write_console"
004a92a0,FUN_004a92a0,24,0,"FUN_004a92be"
004a92be,FUN_004a92be,614,1,"___libm_error_support"
004a9740,__trandisp1,117,2,"guard_check_icall"
004a97b5,__trandisp2,154,2,"guard_check_icall"
004a998d,FUN_004a998d,7,0,""
004a99b5,FUN_004a99b5,23,0,""
004a99cc,FUN_004a99cc,25,0,""
004a99e5,__fload_withFB,67,2,""
004a9a28,FUN_004a9a28,22,2,""
004a9a4b,__math_exit,42,5,"__startOneArgErrorHandling"
004a9b30,FUN_004a9b30,23,8,""
004a9b47,__startOneArgErrorHandling,60,6,"__87except"
004a9b83,___libm_error_support,500,4,"DecodePointer __errno guard_check_icall"
004a9e2c,operator()<<lambda_218ce3db14220d0be481dae8ef3383b6>,<lambda_628dfdc04ba53c8bfc02c9951375f3f5>&,<lambda_57dc472bd5c9d5f3b2cbca59b8a843ae>_>,125,4,"FUN_004a9eac __SEH_prolog4 ___acrt_lowio_lock_fh __close_nolock __errno"
004a9eac,FUN_004a9eac,12,0,"___acrt_lowio_unlock_fh"
004a9eb8,__close,141,1,"FUN_0049d79d ___doserrno __errno operator()<<lambda_218ce3db14220d0be481dae8ef3383b6>,<lambda_628dfdc04ba53c8bfc02c9951375f3f5>&,<lambda_57dc472bd5c9d5f3b2cbca59b8a843ae>_>"
004a9f45,__close_nolock,156,1,"CloseHandle GetLastError ___acrt_errno_map_os_error __free_osfhnd __get_osfhandle"
004a9fe1,__acrt_stdio_free_stream,59,1,""
004aa020,___ascii_strnicmp,97,3,""
004aa081,__dcrt_lowio_initialize_console_output,31,0,"CreateFileW"
004aa0a0,___dcrt_lowio_ensure_console_output_initialized,31,0,"__dcrt_lowio_initialize_console_output"
004aa0bf,FID_conflict:___dcrt_terminate_console_output,23,0,"CloseHandle"
004aa0d6,___dcrt_write_console,85,3,"FID_conflict:___dcrt_terminate_console_output GetLastError WriteConsoleW __dcrt_lowio_initialize_console_output"
004aa12b,FUN_004aa12b,104,1,"__fpclass __frnd"
004aa193,FUN_004aa193,299,5,"FUN_004aa12b"
004aa2be,__87except,266,3,"FUN_004aa4de ___acrt_has_user_matherr ___acrt_invoke_user_matherr __ctrlfp __raise_exc __security_check_cookie __set_errno_from_matherr"
004aa3c8,__frnd,20,1,""
004aa3dc,__errcode,52,1,""
004aa410,__except1,206,5,"FUN_004aa4de ___acrt_has_user_matherr __ctrlfp __errcode __raise_exc_ex __security_check_cookie __set_errno_from_matherr __umatherr"
004aa4de,FUN_004aa4de,491,3,"FUN_004a8b3c FUN_004aaab1"
004aa6c9,__raise_exc,35,6,"__raise_exc_ex"
004aa6ec,__raise_exc_ex,758,7,"RaiseException __clrfp __statfp"
004aa9e2,__set_errno_from_matherr,47,1,"__errno"
004aaa11,__umatherr,160,8,"___acrt_invoke_user_matherr __ctrlfp __set_errno_from_matherr"
004aaab1,FUN_004aaab1,210,3,"__set_exp"
004aab83,__set_exp,45,2,""
004aabb0,__sptype,94,2,""
004aac0e,__fpclass,164,1,"__sptype"
004aacc0,__FindPESection,67,2,""
004aad10,__IsNonwritableInCurrentImage,164,1,"FUN_004aadd0 __FindPESection"
004aadd0,FUN_004aadd0,49,1,""
004aae01,__EH_prolog3_catch,54,1,""
004aae40,__aulldvrm,149,4,""
004aaee0,__allmul,52,4,""
004aaf20,__allshl,31,2,""
004aaf40,__aullshr,31,2,""
004aaf60,__alldiv,170,4,""
004ab010,__alldvrm,223,4,""
004ab0f0,__allrem,178,4,""
004ab1b0,__alloca_probe_16,22,0,"__alloca_probe"
004ab1c6,__alloca_probe_8,22,0,"__alloca_probe"
004ab1e0,thunk_FUN_004ab1f0,5,0,""
004ab1f0,FUN_004ab1f0,124,0,""
004ab270,__alloca_probe,43,0,""
004ab29b,FUN_004ab29b,176,2,""
004ab34b,__filter_x86_sse2_floating_point_exception_default,120,1,""
004ab3d0,FUN_004ab3d0,121,0,"dtol3_getbits"
004ab418,dtol3_getbits,54,0,""
004ab480,FUN_004ab480,65,1,""
004ab4d0,FUN_004ab4d0,10,1,"__cintrindisp2"
004ab4e0,FUN_004ab4e0,10,1,"__cintrindisp2"
004ab500,FUN_004ab500,1311,1,"FUN_004ac8bf ___libm_error_support"
004aba20,FUN_004aba20,747,1,"FUN_004ac9cf"
004abd10,FUN_004abd10,440,1,"FUN_004acaaf"
004abed0,FUN_004abed0,453,1,"FUN_004acb9f"
004ac0a0,__libm_sse2_sqrt_precise,254,1,"FUN_004acc40 ___libm_error_support"
004ac1a0,FUN_004ac1a0,605,1,"FUN_004acc9f"
004ac410,FUN_004ac410,434,1,"__ctrlfp __except1 __frnd __sptype"
004ac580,FUN_004ac580,9,0,""
004ac5d0,__cintrindisp2,80,2,"FUN_004ac6b1 ___acrt_has_user_matherr __trandisp2"
004ac620,__cintrindisp1,73,2,"FUN_004ac6b1 ___acrt_has_user_matherr __trandisp1"
004ac669,__ctrandisp2,65,4,"FUN_004ac6aa __fload __trandisp2"
004ac6aa,FUN_004ac6aa,7,0,""
004ac6b1,FUN_004ac6b1,327,0,"__87except"
004ac7f8,__ctrandisp1,51,2,"FUN_004ac6aa __fload __trandisp1"
004ac82b,__fload,60,2,""
004ac8bf,FUN_004ac8bf,183,3,"FUN_004a99b5 FUN_004a99cc __fload_withFB __math_exit __startOneArgErrorHandling"
004ac9cf,FUN_004ac9cf,134,3,"FUN_004a99cc __fload_withFB __math_exit __startOneArgErrorHandling"
004acaaf,FUN_004acaaf,147,3,"__fload_withFB __math_exit __startOneArgErrorHandling"
004acb9f,FUN_004acb9f,147,3,"__fload_withFB __math_exit __startOneArgErrorHandling"
004acc40,FUN_004acc40,14,3,"FUN_004ad9b4 __fload_withFB"
004acc9f,FUN_004acc9f,151,3,"__fload_withFB __math_exit __startOneArgErrorHandling"
004acdf0,FUN_004acdf0,24,0,"FUN_004ace0e"
004ace0e,FUN_004ace0e,1334,1,"___libm_error_support"
004ad350,FUN_004ad350,24,0,"FUN_004ad36e"
004ad36e,FUN_004ad36e,681,1,""
004ad620,FUN_004ad620,24,1,"FUN_004ad63e"
004ad63e,FUN_004ad63e,395,3,"FUN_004acaaf"
004ad7d0,FUN_004ad7d0,24,1,"FUN_004ad7ee"
004ad7ee,FUN_004ad7ee,425,3,"FUN_004acb9f"
004ad9a0,FUN_004ad9a0,20,0,"FUN_004a9a28 FUN_004ad9b4"
004ad9b4,FUN_004ad9b4,157,2,"FUN_004a99b5 FUN_004a99cc __math_exit __startOneArgErrorHandling"
004ada60,FUN_004ada60,24,1,"FUN_004ada7e"
004ada7e,FUN_004ada7e,564,3,"FUN_004acc9f"
004adcc0,Unwind@004adcc0,18,0,"FUN_0048f711"
004ae160,Unwind@004ae160,15,0,"FUN_0048f711"
004ae16f,Unwind@004ae16f,15,0,"FUN_0048f711"
004ae1d0,Unwind@004ae1d0,18,0,"FUN_0048f711"
004ae270,Unwind@004ae270,18,0,"FUN_0048f711"
004ae2d0,Unwind@004ae2d0,14,0,"FUN_00402c20"
004ae340,Unwind@004ae340,18,0,"FUN_0048f711"
004ae3d0,Unwind@004ae3d0,21,0,"FUN_0048f711"
004ae420,Unwind@004ae420,18,0,"FUN_0048f711"
004ae432,Unwind@004ae432,18,0,"FUN_0048f711"
004ae4b0,Unwind@004ae4b0,18,0,"FUN_0048f711"
004ae590,Unwind@004ae590,18,0,"FUN_0048f711"
004ae5d0,Unwind@004ae5d0,18,0,"FUN_0048f711"
004ae670,Unwind@004ae670,45,0,"FUN_0048fdde"
004ae750,Unwind@004ae750,8,0,"FUN_00402c20"
004ae758,Unwind@004ae758,14,0,"FUN_00424440"
004ae766,Unwind@004ae766,30,0,"`eh_vector_destructor_iterator'"
004ae784,Unwind@004ae784,14,0,"FUN_00424440"
004ae792,Unwind@004ae792,27,0,"`eh_vector_destructor_iterator'"
004ae7f0,Unwind@004ae7f0,18,0,"FUN_0048f711"
004ae840,Unwind@004ae840,18,0,"FUN_0048f711"
004ae8e0,FUN_004ae8e0,3,0,""
004ae8f0,FUN_004ae8f0,3,0,""
004ae900,FUN_004ae900,20,0,"FUN_00402c30"
004ae920,FUN_004ae920,40,0,"FUN_00402c30"
004ae950,FUN_004ae950,20,0,"`eh_vector_destructor_iterator'"
004ae970,FUN_004ae970,20,0,"FUN_00402c30"
004ae990,FUN_004ae990,10,0,"FUN_00472430"
004ae9a0,FUN_004ae9a0,20,0,"FUN_00402c30"
004ae9c0,FUN_004ae9c0,10,0,"FUN_00478690"
