entry,name,size,params,callees
00401010,FUN_00401010,142,0,"FUN_00403240 _memset"
004010b0,FUN_004010b0,391,0,"FUN_00402f50 FUN_004538c0 FUN_0045efb0 FUN_00461730 FUN_004617d0 FUN_00463660 FUN_0046b53c"
00401240,FUN_00401240,475,2,"EnterCriticalSection FUN_0045f630 FUN_00461c40 FUN_0046b5a1 LeaveCriticalSection _free"
004014d0,FUN_004014d0,29,1,"FUN_00402950 FUN_00402e00"
00401510,FUN_00401510,410,4,""
004016b0,FUN_004016b0,100,2,"FUN_00401510 __security_check_cookie _vsprintf"
00401830,FUN_00401830,123,2,"FUN_00401510 __security_check_cookie _vsprintf"
004018b0,FUN_004018b0,340,2,"FUN_00401a10 FUN_0042a6e0 FUN_00458ed0"
00401a10,FUN_00401a10,2983,2,"FUN_00402bc0 FUN_00458850 FUN_00459080"
00402650,FUN_00402650,101,1,"FUN_004018b0 FUN_0042a6e0 FUN_00458ed0"
00402950,FUN_00402950,356,1,"FUN_0048ca30"
00402ad0,FUN_00402ad0,6,0,""
00402bc0,FUN_00402bc0,93,1,""
00402c70,FUN_00402c70,62,0,"FUN_0042a6e0"
00402cf0,FUN_00402cf0,59,1,""
00402e00,FUN_00402e00,107,0,""
00402f50,FUN_00402f50,342,0,"_memset"
00403140,FUN_00403140,34,1,"_free"
00403240,FUN_00403240,110,1,"_memset"
004032b0,FUN_004032b0,231,0,"_free"
004033b0,FUN_004033b0,186,1,"_memset `eh_vector_constructor_iterator'"
00403480,FUN_00403480,630,1,"FUN_00404f90 FUN_00461730 FUN_004617d0 FUN_00463740 FUN_0046b53c"
00403700,FUN_00403700,603,1,"EnterCriticalSection FUN_004032b0 FUN_0045f630 FUN_00461c40 FUN_0046b5a1 LeaveCriticalSection _free `eh_vector_destructor_iterator'"
00403960,FUN_00403960,21,0,"FUN_004032b0 FUN_0046b5a1"
00403980,FUN_00403980,159,0,"FUN_004033b0 FUN_00403480 FUN_00403700 FUN_0046b53c FUN_0046b5a1"
00403a60,FUN_00403a60,1789,0,"D3DXVec3Normalize FUN_004050c0 FUN_00405440 FUN_0040eb10 FUN_0040ed60 FUN_00454430 FUN_00463880 FUN_00463b20 FUN_0048d110"
00404170,FUN_00404170,1131,1,"FUN_00402cf0 FUN_00405160 FUN_00406ff0 FUN_00429fa0 FUN_0042a6e0 FUN_00451720 FUN_00458ed0 FUN_0045b920"
004045e0,FUN_004045e0,854,3,"FUN_00405160 FUN_0042a6e0 FUN_00458ed0 FUN_004603d0 FUN_00463e60"
004049b0,FUN_004049b0,1503,3,"D3DXMatrixTranslation D3DXVec3ProjectArray"
00404f90,FUN_00404f90,297,1,"FUN_0045efb0 FUN_00463050 FUN_00463660 _malloc _memcpy"
004050c0,FUN_004050c0,154,0,"FUN_00454430"
00405160,FUN_00405160,722,2,"FUN_004049b0 FUN_0042a6e0 FUN_00458ed0 FUN_0045b920"
00405440,FUN_00405440,3017,1,"FUN_00402cf0 FUN_00402f50 FUN_004032b0 FUN_004063a0 FUN_00406730 FUN_00406cc0 FUN_0040ea00 FUN_00453a50 FUN_00463b20 FUN_00463ec0 FUN_0046b53c FUN_0046b5a1 FUN_0048d110 FUN_0048d240"
00406080,FUN_00406080,113,2,""
00406190,FUN_00406190,242,0,"FUN_00402f50 FUN_00453a50"
00406290,FUN_00406290,159,0,"FUN_004517d0 FUN_0046b53c _memset"
00406330,FUN_00406330,103,0,""
004063a0,FUN_004063a0,883,0,"FUN_00406ac0 FUN_00463ec0"
00406730,FUN_00406730,737,1,"FUN_00406af0 FUN_00406b30 FUN_00406b70 FUN_00406bb0 FUN_00406cc0 FUN_00463ec0"
00406ac0,FUN_00406ac0,39,0,"FUN_00464440"
00406af0,FUN_00406af0,45,0,"FUN_00464440"
00406b30,FUN_00406b30,61,1,"FUN_00406cc0"
00406b70,FUN_00406b70,64,1,"FUN_00406cc0"
00406bb0,FUN_00406bb0,61,1,"FUN_00406cc0"
00406c10,FUN_00406c10,31,1,"FUN_0048d240"
00406c30,FUN_00406c30,20,1,"FUN_00463b20"
00406c60,FUN_00406c60,30,0,"FUN_00402f50 FUN_00453a50"
00406cc0,FUN_00406cc0,171,1,""
00406db0,FUN_00406db0,52,0,""
00406eb0,FUN_00406eb0,15,2,"FUN_00454430"
00406ff0,FUN_00406ff0,62,0,"FUN_0042a580"
00407120,FUN_00407120,31,1,"FUN_0048d110"
00407260,FUN_00407260,162,0,""
00407310,FUN_00407310,33,1,"_memset"
004073c0,FUN_004073c0,67,1,"FUN_00403240"
00407410,FUN_00407410,34,1,"_free"
00407450,FUN_00407450,248,0,"FUN_0045efb0 FUN_00461730 FUN_004617d0 FUN_00463660 FUN_0046b53c"
00407550,FUN_00407550,62,1,"FUN_00460e30 _memset"
004075f0,FUN_004075f0,287,2,"EnterCriticalSection FUN_00460e30 FUN_00461c40 LeaveCriticalSection `eh_vector_destructor_iterator'"
00407710,FUN_00407710,199,0,"FUN_00407450 FUN_004075f0 FUN_0046b53c FUN_0046b5a1 _memset `eh_vector_constructor_iterator'"
00407800,FUN_00407800,28,1,"FUN_004075f0 FUN_0046b5a1"
00407820,FUN_00407820,103,3,""
00407890,FUN_00407890,103,3,""
00407900,FUN_00407900,3585,1,"EnterCriticalSection FUN_00402f50 FUN_00407260 FUN_00407820 FUN_00409200 FUN_00409f70 FUN_00409ff0 FUN_0040a100 FUN_0040a220 FUN_0040a2c0 FUN_0040a400 FUN_0040a530 FUN_0040a800 FUN_0040a910 FUN_0040a9c0 FUN_0040aa90 FUN_0040ac30 FUN_0040ad00 FUN_0040c170 FUN_0040c540 FUN_0040c660 FUN_0040c6a0 FUN_0040c6c0 FUN_0040c770 FUN_0041fa20 FUN_0043a270 FUN_0043a3c0 FUN_00453a50 FUN_00453c90 FUN_00454430 FUN_00460450 FUN_00460ea0 FUN_00461570 FUN_004639f0 FUN_00463e60 FUN_00463ec0 FUN_0048ca30 LeaveCriticalSection"
00408740,FUN_00408740,274,0,"FUN_00407900 FUN_0048ca30"
00408880,FUN_00408880,194,1,"FUN_0045b920 FUN_00463a80"
0040896e,FUN_0040896e,10,0,"FUN_00408740"
004089b0,FUN_004089b0,2053,5,"FUN_00402f50 FUN_00409200 FUN_0040c6a0 FUN_00453c90 FUN_00454430 FUN_00463880 FUN_00463a80"
00409200,FUN_00409200,3142,1,"FUN_00402cf0 FUN_00402f50 FUN_00407310 FUN_00409ee0 FUN_0040b130 FUN_0040c320 FUN_0040c480 FUN_0040c6a0 FUN_00436bb0 FUN_00452ae0 FUN_00452b60 FUN_00453c90 FUN_00463a80"
00409ee0,FUN_00409ee0,136,0,"FUN_004089b0 FUN_00436bb0 FUN_00452b60"
00409f70,FUN_00409f70,113,2,"FUN_0040c6a0 FUN_00463ec0"
00409ff0,FUN_00409ff0,270,2,"FUN_00463ec0 FUN_0048d0ba"
0040a100,FUN_0040a100,273,2,"FUN_00463ec0 FUN_0048d0ba"
0040a220,FUN_0040a220,155,2,"FUN_0040c6a0 FUN_00463a80 FUN_00463ec0"
0040a2c0,FUN_0040a2c0,308,0,"FUN_0040c6a0 FUN_00452ae0 FUN_00463ec0"
0040a400,FUN_0040a400,302,0,"FUN_0040c6a0 FUN_00452ae0 FUN_00463ec0"
0040a530,FUN_0040a530,334,0,"FUN_0040c6a0 FUN_00436bb0 FUN_00452ae0 FUN_00463a80 FUN_00463ec0"
0040a680,FUN_0040a680,103,0,"FUN_00463a80"
0040a6f0,FUN_0040a6f0,103,0,"FUN_00463a80"
0040a760,FUN_0040a760,61,1,""
0040a7a0,FUN_0040a7a0,81,1,""
0040a800,FUN_0040a800,263,0,"FUN_0040a680 FUN_0040a6f0 FUN_0040a760 FUN_0040a7a0 FUN_0040c6a0 FUN_0040c6c0 FUN_00452ae0"
0040a910,FUN_0040a910,166,0,"FUN_00407890 FUN_00452ae0 FUN_00463e60"
0040a9c0,FUN_0040a9c0,188,0,"FUN_00407890 FUN_00452ae0 FUN_00463e60"
0040aa90,FUN_0040aa90,409,0,"FUN_004063a0 FUN_0040c6a0 FUN_00463ec0 FUN_0048d0ba"
0040ac30,FUN_0040ac30,207,0,""
0040ad00,FUN_0040ad00,1062,2,"D3DXVec2Normalize FUN_00407890 FUN_0040c410 FUN_00463e60"
0040b130,FUN_0040b130,522,0,"EnterCriticalSection FUN_0040c540 FUN_00453a50 FUN_00460450 FUN_00460b50 FUN_00461570 LeaveCriticalSection"
0040b340,FUN_0040b340,118,0,""
0040b3c0,FUN_0040b3c0,334,1,"FUN_00464920"
0040b510,FUN_0040b510,638,2,"EnterCriticalSection FUN_00453a50 FUN_00460450 FUN_00461570 LeaveCriticalSection"
0040b790,FUN_0040b790,651,2,"EnterCriticalSection FUN_00453a50 FUN_00460450 FUN_00461570 LeaveCriticalSection"
0040ba20,FUN_0040ba20,757,3,"EnterCriticalSection FUN_00453a50 FUN_00460450 FUN_00461570 FUN_00464920 LeaveCriticalSection"
0040bd20,FUN_0040bd20,687,1,"EnterCriticalSection FUN_00407260 FUN_0041fa20 FUN_00453a50 FUN_00460450 FUN_00460b50 FUN_00461570 LeaveCriticalSection"
0040bfd0,FUN_0040bfd0,55,0,"FUN_0040b130"
0040c010,FUN_0040c010,287,1,""
0040c170,FUN_0040c170,331,0,"FUN_0040c370 FUN_00463ec0"
0040c320,FUN_0040c320,52,0,""
0040c370,FUN_0040c370,39,0,"FUN_00464440"
0040c410,FUN_0040c410,30,3,""
0040c430,FUN_0040c430,28,1,""
0040c480,FUN_0040c480,45,0,""
0040c4f0,FUN_0040c4f0,50,1,"FUN_00463880"
0040c540,FUN_0040c540,228,4,""
0040c660,FUN_0040c660,25,0,""
0040c680,FUN_0040c680,25,2,"FUN_004607a0"
0040c6a0,FUN_0040c6a0,30,3,""
0040c6c0,FUN_0040c6c0,93,3,""
0040c740,FUN_0040c740,34,1,"FUN_0048d0ba"
0040c770,FUN_0040c770,63,0,"FUN_00463880"
0040c7b0,FUN_0040c7b0,79,0,""
0040c800,FUN_0040c800,53,2,""
0040c8d0,FUN_0040c8d0,229,0,"FUN_00461730 FUN_004617d0 FUN_0046b53c"
0040ca10,FUN_0040ca10,215,1,"EnterCriticalSection FUN_00460c90 FUN_00461c40 LeaveCriticalSection"
0040caf0,FUN_0040caf0,94,0,"FUN_0040c8d0 FUN_0040ca10 FUN_0046b53c FUN_0046b5a1 _memset"
0040cb90,FUN_0040cb90,437,0,"FUN_00460b50 FUN_00460ba0 FUN_00463ec0"
0040cd50,FUN_0040cd50,336,0,"FUN_0040c7b0 FUN_0040c800 FUN_0044f5f0 FUN_0048ca30 FUN_0048caea FUN_0048cec0"
0040cf00,FUN_0040cf00,630,1,"FUN_00452ae0 FUN_0045f950 FUN_004607a0 FUN_00460b50"
0040d180,FUN_0040d180,99,1,"FUN_00460ba0 FUN_00460c90"
0040d2b0,FUN_0040d2b0,30,0,""
0040d2f0,FUN_0040d2f0,83,0,"_free"
0040d350,FUN_0040d350,29,0,""
0040d370,FUN_0040d370,56,0,"_memset"
0040d410,FUN_0040d410,207,1,""
0040d4e0,FUN_0040d4e0,45,0,"FUN_00436e50"
0040d680,FUN_0040d680,437,1,"EnterCriticalSection FUN_004075f0 FUN_0040d2f0 FUN_00410850 FUN_0041b540 FUN_0041f1b0 FUN_00435e30 FUN_0043ed00 FUN_00461c40 FUN_004640f0 FUN_0046b5a1 LeaveCriticalSection _free"
0040d850,FUN_0040d850,109,0,"FUN_00407710 FUN_00410a20 FUN_0041b780 FUN_0041f2d0 FUN_00436010 FUN_0043ee20 FUN_00463db0"
0040d950,FUN_0040d950,1196,1,"FUN_00407550 FUN_00407800 FUN_0040d2b0 FUN_0040d2f0 FUN_0040d350 FUN_0040d370 FUN_0040d410 FUN_0040d4e0 FUN_0040e170 FUN_0040e210 FUN_00410240 FUN_00410820 FUN_00410ab0 FUN_0041b2e0 FUN_0041b840 FUN_0041f3c0 FUN_004360d0 FUN_0043aba0 FUN_0043eec0 FUN_00463db0 FUN_00464160 FindClose FindFirstFileA FindNextFileA __security_check_cookie _malloc _memset"
0040de00,FUN_0040de00,809,0,"FUN_00401830 FUN_00459520 FUN_0048ca30"
0040e150,FUN_0040e150,10,0,"FUN_0040de00"
0040e170,FUN_0040e170,143,1,""
0040e210,FUN_0040e210,30,1,""
0040e280,FUN_0040e280,33,2,""
0040e300,FUN_0040e300,39,2,""
0040e440,FUN_0040e440,238,1,"FUN_0045efb0 FUN_00461730 FUN_004617d0 FUN_00463660 FUN_0046b53c"
0040e530,FUN_0040e530,193,1,"EnterCriticalSection FUN_00460e30 FUN_00461c40 LeaveCriticalSection"
0040e600,FUN_0040e600,95,0,"FUN_0040e440 FUN_0040e530 FUN_0046b53c FUN_0046b5a1"
0040e6e0,FUN_0040e6e0,320,2,"FUN_0040ea00 FUN_0040f580 FUN_004607a0 FUN_00460b50 FUN_0046b53c"
0040ea00,FUN_0040ea00,264,1,"FUN_0042b0b0 FUN_00460b50 _malloc"
0040eb10,FUN_0040eb10,325,4,"FUN_0040ece0"
0040ece0,FUN_0040ece0,120,0,""
0040ed60,FUN_0040ed60,38,2,""
0040ee00,FUN_0040ee00,310,2,"FUN_00463880 _malloc _memset"
0040f130,FUN_0040f130,308,2,"FUN_00463880 _malloc _memset"
0040f270,FUN_0040f270,187,2,"_malloc _memset"
0040f430,FUN_0040f430,30,3,""
0040f470,FUN_0040f470,56,1,"FUN_00463880"
0040f510,FUN_0040f510,19,0,"FUN_00464200 FUN_00464270"
0040f580,FUN_0040f580,50,2,""
0040f640,FUN_0040f640,18,1,""
0040f670,FUN_0040f670,116,0,""
0040f6f0,FUN_0040f6f0,3,0,""
0040f7e0,FUN_0040f7e0,5,0,""
0040f7f0,FUN_0040f7f0,5,0,""
0040f800,FUN_0040f800,5,0,""
0040f810,FUN_0040f810,5,0,""
0040f830,FUN_0040f830,45,0,"FUN_0046b5a1"
0040f8b0,FUN_0040f8b0,112,0,""
0040f920,FUN_0040f920,47,1,"FUN_0046b5a1"
0040f950,FUN_0040f950,71,2,"FUN_0046b5a1"
0040f9a0,FUN_0040f9a0,5,0,""
0040fb70,FUN_0040fb70,34,1,"FUN_0040fba0 FUN_0041fa20"
0040fba0,FUN_0040fba0,365,0,"FUN_0041abd0 FUN_0041fa20 FUN_00463880 FUN_00463b20"
0040fdb0,FUN_0040fdb0,31,2,"FUN_00410f60 FUN_0046b5a1"
0040fdd0,FUN_0040fdd0,141,0,"_memset"
0040fe70,FUN_0040fe70,95,2,"FUN_00463050 FUN_00469300"
0040fef0,FUN_0040fef0,21,1,""
0040ff10,FUN_0040ff10,45,1,""
0040ff40,FUN_0040ff40,42,1,""
00410050,FUN_00410050,18,0,""
00410080,FUN_00410080,29,1,"FUN_00460c90"
00410190,FUN_00410190,28,0,"_memset"
004101b0,FUN_004101b0,27,1,""
00410210,FUN_00410210,38,1,""
00410240,FUN_00410240,581,1,"FUN_00410ba0 FUN_00411210 FUN_0046b53c"
004104e0,FUN_004104e0,97,2,""
00410580,FUN_00410580,348,1,"FUN_0040fe70 FUN_00461730 FUN_004617d0 FUN_0046b53c _memset"
00410710,FUN_00410710,25,2,""
00410729,FUN_00410729,205,2,"FUN_0045efb0 FUN_00463660"
00410820,FUN_00410820,35,0,""
00410850,FUN_00410850,365,0,"EnterCriticalSection FUN_0040d410 FUN_0045f630 FUN_00461c40 FUN_0046b5a1 LeaveCriticalSection _free"
00410a20,FUN_00410a20,106,1,"FUN_00410580 FUN_00410850 FUN_0046b53c FUN_0046b5a1 _memset"
00410ab0,FUN_00410ab0,29,0,"FUN_00410850 FUN_0046b5a1"
00410ad0,FUN_00410ad0,108,1,"FUN_00411210 FUN_00463ec0"
00410ba0,FUN_00410ba0,946,1,"FUN_0040f670 FUN_0040f8b0 FUN_0040fdd0 FUN_00469510 _memset"
00410f60,FUN_00410f60,348,2,"FUN_004032b0 FUN_004104e0 FUN_0046b5a1"
004110d0,FUN_004110d0,309,0,"FUN_00464270"
00411210,FUN_00411210,4094,1,"D3DXVec3Normalize EnterCriticalSection FUN_00402cf0 FUN_004063a0 FUN_0040eb10 FUN_0040f830 FUN_0040f8b0 FUN_004110d0 FUN_00412210 FUN_004189f0 FUN_00419f00 FUN_0041ab90 FUN_0043a3c0 FUN_0043a490 FUN_00453b60 FUN_00460450 FUN_00460b50 FUN_00460c90 FUN_00460ea0 FUN_00461570 FUN_00463b20 FUN_00463bc0 FUN_00463e60 FUN_00464200 FUN_00464270 FUN_00468d60 FUN_00469510 FUN_0048ca30 FUN_0048d110 LeaveCriticalSection"
00412210,FUN_00412210,347,3,"EnterCriticalSection FUN_0040fba0 FUN_0041fa20 FUN_00452b60 FUN_00453a50 FUN_00460450 FUN_00461570 LeaveCriticalSection"
00412370,FUN_00412370,356,0,"EnterCriticalSection FUN_00453a50 FUN_00460450 FUN_00461570 FUN_00463ec0 LeaveCriticalSection"
004124e0,FUN_004124e0,374,1,"EnterCriticalSection FUN_00453a50 FUN_00460450 FUN_00461570 FUN_00463ec0 LeaveCriticalSection"
00412660,FUN_00412660,852,3,"EnterCriticalSection FUN_00402cf0 FUN_0040f830 FUN_0040f8b0 FUN_0041a8b0 FUN_0041fa20 FUN_00453a50 FUN_00460450 FUN_00461570 FUN_00463880 FUN_00464920 FUN_00469510 FUN_0048ca30 LeaveCriticalSection"
004129c0,FUN_004129c0,633,4,"FUN_0041a810 FUN_00460b50 FUN_00464920"
00413100,FUN_00413100,11,1,"FUN_00413110"
00413110,FUN_00413110,16788,1,"D3DXVec3Project EnterCriticalSection FUN_00402c70 FUN_00402cf0 FUN_00403960 FUN_00406080 FUN_00406c30 FUN_00406db0 FUN_00409ee0 FUN_0040b510 FUN_0040b790 FUN_0040ba20 FUN_0040bfd0 FUN_0040c430 FUN_0040c680 FUN_0040c740 FUN_0040c770 FUN_0040cf00 FUN_0040d180 FUN_0040ea00 FUN_0040f640 FUN_0040fb70 FUN_0040fef0 FUN_0040ff10 FUN_0040ff40 FUN_00410050 FUN_00410080 FUN_00410190 FUN_004101b0 FUN_00410210 FUN_00410240 FUN_004110d0 FUN_00412370 FUN_004124e0 FUN_00418980 FUN_00418c00 FUN_00418c10 FUN_00418c50 FUN_00418c60 FUN_00418c70 FUN_00418cb0 FUN_0041a1e0 FUN_0041a200 FUN_0041a230 FUN_0041a480 FUN_0041a540 FUN_0041a5a0 FUN_0041a640 FUN_0041a6a0 FUN_0041a760 FUN_0041a8b0 FUN_0041aa40 FUN_0041c1e0 FUN_0041dfa0 FUN_00420400 FUN_004206b0 FUN_00420730 FUN_00420790 FUN_0042c6a0 FUN_0042d5e0 FUN_0043f330 FUN_00451720 FUN_00452ae0 FUN_00452b60 FUN_00453a50 FUN_00460450 FUN_004604d0 FUN_004607a0 FUN_00460ba0 FUN_00460c90 FUN_00460ea0 FUN_00460f90 FUN_00460fd0 FUN_00461570 FUN_00463810 FUN_00463b20 FUN_00464370 FUN_00468df0 FUN_00468e90 FUN_00469080 FUN_0046b53c LeaveCriticalSection __security_check_cookie _memset"
004176a0,FUN_004176a0,1451,3,"FUN_0041a420 FUN_0041abb0 FUN_00439b70 FUN_00460ea0 FUN_00463880 FUN_004639f0 FUN_00463a20 FUN_0048ca30"
00417dc0,FUN_00417dc0,232,2,""
00417f30,FUN_00417f30,1755,2,"FUN_0041a420 FUN_0041abb0 FUN_00436bb0 FUN_00439b70 FUN_00463880 FUN_004639f0 FUN_00463a20"
00418780,FUN_00418780,315,2,""
00418980,FUN_00418980,32,2,""
004189f0,FUN_004189f0,528,0,""
00418c00,FUN_00418c00,16,1,"FUN_00468df0"
00418c10,FUN_00418c10,61,0,""
00418c50,FUN_00418c50,14,1,"FUN_00468e90"
00418c60,FUN_00418c60,14,1,"FUN_00469080"
00418c70,FUN_00418c70,49,2,"FUN_00468f40"
00418cb0,FUN_00418cb0,57,2,"FUN_00468fb0"
00418d80,FUN_00418d80,214,0,"FUN_0040f8b0 FUN_00469510 FUN_0046b5a1"
00418f30,FUN_00418f30,372,2,"FUN_0041fa20"
00419330,FUN_00419330,442,1,""
004194f0,FUN_004194f0,240,1,"FUN_00463b20 FUN_0048d0ba"
004195f0,FUN_004195f0,1431,2,"FUN_00402f50 FUN_0040c480 FUN_0041a300 FUN_00452b60 FUN_00453c90 FUN_00454430"
00419d30,FUN_00419d30,193,1,"FUN_00460b50 FUN_0048cff0"
00419e00,FUN_00419e00,122,1,"FUN_0040e6e0 FUN_00460b50"
00419f00,FUN_00419f00,673,0,"FUN_0041a290 FUN_00463ec0"
0041a1e0,FUN_0041a1e0,19,0,""
0041a200,FUN_0041a200,19,0,""
0041a230,FUN_0041a230,52,0,""
0041a290,FUN_0041a290,39,0,"FUN_00464440"
0041a300,FUN_0041a300,101,2,""
0041a370,FUN_0041a370,52,1,"FUN_0048d0ba"
0041a400,FUN_0041a400,31,0,"FUN_0048cff0"
0041a420,FUN_0041a420,52,0,"FUN_0048cff0"
0041a480,FUN_0041a480,180,1,""
0041a540,FUN_0041a540,16,1,""
0041a5a0,FUN_0041a5a0,23,2,"FUN_00463b20"
0041a640,FUN_0041a640,27,0,""
0041a6a0,FUN_0041a6a0,183,2,"EnterCriticalSection FUN_00453a50 FUN_004604d0 FUN_00461570 LeaveCriticalSection"
0041a760,FUN_0041a760,34,1,""
0041a810,FUN_0041a810,152,8,""
0041a8b0,FUN_0041a8b0,30,3,""
0041a960,FUN_0041a960,30,1,"FUN_00460b50"
0041aa40,FUN_0041aa40,32,2,"FUN_00463b20"
0041ab90,FUN_0041ab90,31,1,"FUN_0048d0ba"
0041abb0,FUN_0041abb0,32,1,"FUN_0048d0ba"
0041abd0,FUN_0041abd0,30,4,""
0041ac10,FUN_0041ac10,86,0,"FUN_004617d0 FUN_0046b53c"
0041ac70,FUN_0041ac70,95,0,"EnterCriticalSection FUN_00461c40 LeaveCriticalSection"
0041acd0,FUN_0041acd0,90,0,"FUN_0041ac10 FUN_0041ac70 FUN_0046b53c FUN_0046b5a1 _memset"
0041ad70,FUN_0041ad70,257,0,"FUN_0044f5f0"
0041ae80,FUN_0041ae80,220,1,"FUN_00401830"
0041af90,FUN_0041af90,101,1,"FUN_00460c90"
0041b020,FUN_0041b020,150,1,"_memset `eh_vector_constructor_iterator'"
0041b0c0,FUN_0041b0c0,341,0,"FUN_0041b220 FUN_0045efb0 FUN_00461730 FUN_004617d0 FUN_00463660 FUN_0046b53c"
0041b220,FUN_0041b220,188,0,"FUN_0045efb0 FUN_00463050 FUN_00463660"
0041b2e0,FUN_0041b2e0,498,0,"FUN_00402f50 FUN_00453a50 FUN_004607a0 FUN_00460ba0"
0041b540,FUN_0041b540,481,2,"EnterCriticalSection FUN_0041af90 FUN_0045f630 FUN_00460e30 FUN_00461c40 FUN_0046b5a1 LeaveCriticalSection _free `eh_vector_destructor_iterator'"
0041b780,FUN_0041b780,149,0,"FUN_0041b020 FUN_0041b0c0 FUN_0041b540 FUN_0046b53c FUN_0046b5a1"
0041b840,FUN_0041b840,28,1,"FUN_0041b540 FUN_0046b5a1"
0041b860,FUN_0041b860,1274,0,"FUN_0041af90 FUN_0041c2a0 FUN_004538c0 FUN_00454430 FUN_00463ec0 FUN_0046b5a1 FUN_0048ca30"
0041bd60,FUN_0041bd60,363,0,"FUN_004016b0 FUN_0045b920"
0041bf10,FUN_0041bf10,717,1,"FUN_0040bfd0 FUN_00412370 FUN_004607a0 FUN_00460b50 _memset"
0041c1e0,FUN_0041c1e0,154,1,"FUN_0041af90 FUN_0041bf10 FUN_0046b53c FUN_0046b5a1"
0041c2a0,FUN_0041c2a0,2936,1,"FUN_00402cf0 FUN_0041ce90 FUN_00429df0 FUN_00429f10 FUN_0042fd00 FUN_00452ae0 FUN_004538c0 FUN_0045f8b0 FUN_004607a0 FUN_00460b50 FUN_00460ba0 FUN_00460ea0 FUN_00461020 FUN_00461410 FUN_00463e60 FUN_0046bc95 FUN_0048ca30 _strchr"
0041ce90,FUN_0041ce90,41,0,""
0041ced0,FUN_0041ced0,16,0,"FUN_00460ba0"
0041d000,FUN_0041d000,34,0,""
0041d050,FUN_0041d050,68,0,"FUN_0046b5a1"
0041d100,FUN_0041d100,98,0,""
0041d190,FUN_0041d190,977,1,"FUN_00402cf0 FUN_00403980 FUN_00407710 FUN_0040caf0 FUN_0040d2b0 FUN_0040e600 FUN_00410a20 FUN_0041a480 FUN_0041b780 FUN_0041d100 FUN_0041f2d0 FUN_00420170 FUN_00429d70 FUN_00429ee0 FUN_0042a340 FUN_0042a4b0 FUN_0042be50 FUN_00436010 FUN_0043b9f0 FUN_0043ee20 FUN_00440a90 FUN_00454430 FUN_00461730 FUN_004617d0 FUN_0046b53c Sleep"
0041d580,FUN_0041d580,955,1,"EnterCriticalSection FUN_00403700 FUN_004075f0 FUN_0040ca10 FUN_0040d410 FUN_0040e530 FUN_00410850 FUN_0041af90 FUN_0041b540 FUN_0041e170 FUN_0041e380 FUN_0041e3e0 FUN_0041f1b0 FUN_00420080 FUN_0042bd00 FUN_00430610 FUN_004307a0 FUN_00430990 FUN_00435e30 FUN_0043b830 FUN_0043d550 FUN_0043ed00 FUN_00440b10 FUN_004536a0 FUN_00461c40 FUN_004640f0 FUN_0046b5a1 LeaveCriticalSection _memset"
0041d940,FUN_0041d940,111,0,"FUN_0041e540 FUN_0042a1a0 FUN_0046b53c _memset"
0041d9b0,FUN_0041d9b0,38,0,"FUN_0041d580 FUN_0046b5a1"
0041da00,FUN_0041da00,1276,3,"FUN_00402cf0 FUN_00403700 FUN_00406190 FUN_00406290 FUN_00406330 FUN_00407550 FUN_0040d370 FUN_0040d410 FUN_0040d4e0 FUN_0040e210 FUN_00410240 FUN_0041b2e0 FUN_0041d050 FUN_0041e230 FUN_0041e2d0 FUN_00429df0 FUN_00429ee0 FUN_00430880 FUN_0043aba0 FUN_0043c8b0 FUN_00440b10 FUN_0044f5f0 FUN_00451720 FUN_00460ba0 FUN_00463ec0 FUN_004640f0 FUN_0046b5a1 _memset"
0041df70,FUN_0041df70,35,1,""
0041dfa0,FUN_0041dfa0,69,0,""
0041e170,FUN_0041e170,113,0,"FUN_0044f5f0 FUN_0048ca66"
0041e1f0,FUN_0041e1f0,29,1,"FUN_0044f5f0"
0041e230,FUN_0041e230,86,2,"FUN_00463e60"
0041e2a0,FUN_0041e2a0,38,1,"FUN_00460ba0"
0041e2d0,FUN_0041e2d0,56,0,""
0041e380,FUN_0041e380,77,0,""
0041e3e0,FUN_0041e3e0,84,2,"FUN_004607a0"
0041e540,FUN_0041e540,137,0,"_memset"
0041e640,FUN_0041e640,29,0,"FUN_0041ef20"
0041e660,FUN_0041e660,21,1,"FUN_00460ba0"
0041e680,FUN_0041e680,21,1,"FUN_00460c10"
0041e6a0,FUN_0041e6a0,21,1,"FUN_00460c10"
0041e7c0,FUN_0041e7c0,261,1,"FUN_0042a1a0 FUN_00461730 FUN_004617d0 FUN_0046b53c"
0041e8d0,FUN_0041e8d0,220,1,"EnterCriticalSection FUN_0045f630 FUN_00461c40 FUN_0046b5a1 LeaveCriticalSection"
0041e9b0,FUN_0041e9b0,135,0,"FUN_0041e7c0 FUN_0041e8d0 FUN_0046b53c FUN_0046b5a1 _memset"
0041ea60,FUN_0041ea60,29,1,"FUN_0041e8d0 FUN_0046b5a1"
0041ea80,FUN_0041ea80,1040,1,"FUN_00402cf0 FUN_0041e640 FUN_0041e660 FUN_0041e680 FUN_0041e6a0 FUN_0041ef20 FUN_0042a1a0 FUN_00452ae0 FUN_0045e890 FUN_00460ba0 FUN_00460c10 FUN_004611f0 FUN_00463db0 FUN_0048ca30 _free _sprintf"
0041ef20,FUN_0041ef20,189,1,"EnterCriticalSection FUN_00453a50 FUN_00460550 FUN_00461570 LeaveCriticalSection"
0041eff0,FUN_0041eff0,57,1,""
0041f080,FUN_0041f080,19,1,"FUN_00403240"
0041f0a0,FUN_0041f0a0,34,1,"_free"
0041f0d0,FUN_0041f0d0,209,1,"FUN_00461730 FUN_004617d0 FUN_0046b53c"
0041f1b0,FUN_0041f1b0,276,1,"EnterCriticalSection FUN_00461c40 LeaveCriticalSection `eh_vector_destructor_iterator'"
0041f2d0,FUN_0041f2d0,198,0,"FUN_0041f0d0 FUN_0041f1b0 FUN_0046b53c FUN_0046b5a1 _memset `eh_vector_constructor_iterator'"
0041f3c0,FUN_0041f3c0,28,0,"FUN_0041f1b0 FUN_0046b5a1"
0041f3e0,FUN_0041f3e0,1134,3,"D3DXVec3Normalize EnterCriticalSection FUN_0041eff0 FUN_00452b60 FUN_00453a50 FUN_00454430 FUN_00460450 FUN_00461570 FUN_0048ca30 LeaveCriticalSection"
0041f850,FUN_0041f850,380,0,"FUN_0045b920"
0041fa20,FUN_0041fa20,464,3,"FUN_00402f50 FUN_0041fbf0 FUN_00453a50 FUN_00463880"
0041fbf0,FUN_0041fbf0,30,3,""
0041fca0,FUN_0041fca0,1,0,""
0041fcb0,FUN_0041fcb0,5,0,""
0041fcc0,FUN_0041fcc0,3,0,""
0041fcd0,FUN_0041fcd0,3,0,""
0041fce0,FUN_0041fce0,25,1,""
0041fd00,FUN_0041fd00,5,0,""
0041fd10,FUN_0041fd10,5,0,""
0041fd20,FUN_0041fd20,5,0,""
0041fd30,FUN_0041fd30,5,0,""
0041fd40,FUN_0041fd40,5,0,""
0041fd50,FUN_0041fd50,5,0,""
0041fd60,FUN_0041fd60,3,0,""
0041fd70,FUN_0041fd70,3,0,""
0041fd80,FUN_0041fd80,3,0,""
0041fd90,FUN_0041fd90,3,0,""
0041fda0,FUN_0041fda0,3,0,""
0041fdb0,FUN_0041fdb0,3,0,""
0041fdc0,FUN_0041fdc0,3,0,""
0041fdd0,FUN_0041fdd0,3,0,""
0041fde0,FUN_0041fde0,3,0,""
0041fdf0,FUN_0041fdf0,3,0,""
0041fe00,FUN_0041fe00,3,0,""
0041fe10,FUN_0041fe10,123,0,"_memset"
0041feb0,FUN_0041feb0,64,1,"FUN_0046b53c"
0041ff80,FUN_0041ff80,250,1,"FUN_0045efb0 FUN_00461730 FUN_004617d0 FUN_00463660 FUN_0046b53c"
00420080,FUN_00420080,231,0,"EnterCriticalSection FUN_00461c40 FUN_0046b5a1 LeaveCriticalSection"
00420170,FUN_00420170,106,0,"FUN_0041fe10 FUN_0041ff80 FUN_00420080 FUN_0046b53c FUN_0046b5a1 _memset"
004201e0,FUN_004201e0,21,0,"FUN_00420080 FUN_0046b5a1"
00420220,FUN_00420220,296,0,"FUN_0046b5a1 FUN_0048ca30"
00420400,FUN_00420400,208,1,"FUN_004204d0 FUN_00420510 FUN_00420560 FUN_0046b53c"
004204d0,FUN_004204d0,62,0,"FUN_00403240 FUN_0041fe10 _memset"
00420510,FUN_00420510,73,0,"FUN_00403240 FUN_0041fe10 _memset"
00420560,FUN_00420560,62,0,"FUN_00403240 FUN_0041fe10 _memset"
004205a0,FUN_004205a0,119,0,""
00420620,FUN_00420620,136,0,""
004206b0,FUN_004206b0,121,0,""
00420730,FUN_00420730,92,0,""
00420790,FUN_00420790,48,0,""
004207c0,FUN_004207c0,56,0,""
00420800,FUN_00420800,772,2,"FUN_00402f50 FUN_00428400 FUN_00452b60 FUN_00453a50 FUN_00453c90 FUN_00454430"
00420b50,FUN_00420b50,1512,1,"FUN_00402cf0 FUN_00402f50 FUN_00409ee0 FUN_00428400 FUN_00436bb0 FUN_00452ae0 FUN_00452b60 FUN_00453a50 _memset"
00421160,FUN_00421160,974,1,"FUN_00420400 FUN_00428400 FUN_00452ae0 FUN_00463b20 FUN_00464fd0"
00421530,FUN_00421530,284,1,"FUN_00428400 FUN_00452ae0 FUN_00463ec0"
00421650,FUN_00421650,231,2,"FUN_00463ec0 FUN_0048d0ba"
00421740,FUN_00421740,1179,1,"FUN_004283a0 FUN_00428400 FUN_0043a490 FUN_00454430 FUN_00463e60 FUN_00463ec0 FUN_0048ca30"
00421be0,FUN_00421be0,182,1,"FUN_0045b920 FUN_00463a80"
00421ca0,FUN_00421ca0,3,0,""
00421cb0,FUN_00421cb0,2148,6,"EnterCriticalSection FUN_0041fa20 FUN_004204d0 FUN_004283a0 FUN_00428400 FUN_00453a50 FUN_00460450 FUN_00461570 FUN_00463b20 FUN_0046b53c FUN_0048d110 FUN_0048d240 LeaveCriticalSection __security_check_cookie _memset"
00422520,FUN_00422520,1194,7,"FUN_00428400 FUN_00460b50 FUN_00463b20 FUN_00464920 FUN_0048ca30 FUN_0048d110 FUN_0048d240 __security_check_cookie"
004229d0,FUN_004229d0,1515,5,"EnterCriticalSection FUN_0041fa20 FUN_004204d0 FUN_00428400 FUN_00453a50 FUN_00460450 FUN_00461570 FUN_0046b53c LeaveCriticalSection __security_check_cookie _memset"
00422fc0,FUN_00422fc0,576,3,"EnterCriticalSection FUN_0041fa20 FUN_00428400 FUN_00453a50 FUN_00460450 FUN_00461570 LeaveCriticalSection"
00423210,FUN_00423210,278,3,"FUN_0048d110 FUN_0048d240"
00423330,FUN_00423330,551,2,"FUN_00402f50 FUN_00428400 FUN_00452b60 FUN_00453a50 FUN_00453c90 FUN_00454430"
00423560,FUN_00423560,798,1,"FUN_00402cf0 FUN_0043a490 FUN_00454430 FUN_00463a80 FUN_00463e60"
00423890,FUN_00423890,182,1,"FUN_0045b920 FUN_00463a80"
00423950,FUN_00423950,3,0,""
00423960,FUN_00423960,2002,6,"EnterCriticalSection FUN_0041fa20 FUN_004204d0 FUN_004283a0 FUN_00428400 FUN_00453a50 FUN_00460450 FUN_00461570 FUN_00463b20 FUN_0046b53c FUN_0048d110 FUN_0048d240 LeaveCriticalSection __security_check_cookie _memset"
00424140,FUN_00424140,1139,7,"FUN_00428400 FUN_00463b20 FUN_00464920 FUN_0048ca30 FUN_0048d110 FUN_0048d240 __security_check_cookie"
004245c0,FUN_004245c0,1576,5,"EnterCriticalSection FUN_0041fa20 FUN_004204d0 FUN_00428400 FUN_00453a50 FUN_00460450 FUN_00461570 FUN_0046b53c LeaveCriticalSection __security_check_cookie _memset"
00424bf0,FUN_00424bf0,718,3,"EnterCriticalSection FUN_0041fa20 FUN_00428400 FUN_00453a50 FUN_00460450 FUN_00461570 LeaveCriticalSection"
00424ec0,FUN_00424ec0,278,3,"FUN_0048d110 FUN_0048d240"
00424fe0,FUN_00424fe0,179,1,""
004250a0,FUN_004250a0,409,1,"FUN_00428300 FUN_00428400 FUN_0043a6f0 FUN_00463b20"
00425240,FUN_00425240,1490,2,"FUN_00402f50 FUN_00426610 FUN_00428400 FUN_00452b60 FUN_00453a50 FUN_00453c90 FUN_00454430 FUN_00463b20 FUN_0046b53c FUN_0048ca30 _malloc"
00425880,FUN_00425880,96,1,"FUN_0046b5a1 _free"
004258e0,FUN_004258e0,1450,1,"FUN_00426610 FUN_00428400 FUN_0043a490 FUN_00454430 FUN_0048ca30"
00425e90,FUN_00425e90,1059,3,"FUN_00428400 FUN_00463b20 FUN_0048ca30 FUN_0048cec0 FUN_0048cff0 FUN_0048d0ba"
004262c0,FUN_004262c0,846,5,"FUN_00428400 FUN_00463b20 FUN_0048cec0 FUN_0048cff0 FUN_0048d0ba"
00426610,FUN_00426610,122,8,"FUN_00425e90 FUN_004262c0"
00426690,FUN_00426690,911,1,"FUN_00428400 FUN_0045b3c0 FUN_0045b920 FUN_00463b20"
00426a20,FUN_00426a20,1571,1,"FUN_00402cf0 FUN_00402f50 FUN_00409ee0 FUN_0041feb0 FUN_00425e90 FUN_00428400 FUN_00452b60 FUN_00453a50 _memset"
00427070,FUN_00427070,284,1,"FUN_00428400 FUN_00452ae0 FUN_00463ec0"
00427190,FUN_00427190,137,2,"FUN_00428400 FUN_00463a80 FUN_00463ec0"
00427220,FUN_00427220,231,2,"FUN_00463ec0 FUN_0048d0ba"
00427310,FUN_00427310,57,2,"FUN_00463e60"
00427350,FUN_00427350,1189,6,"EnterCriticalSection FUN_00403240 FUN_0041fa20 FUN_0041fe10 FUN_00425240 FUN_004283a0 FUN_00453a50 FUN_00460450 FUN_00461570 FUN_00464740 FUN_0046b53c FUN_0048ca30 LeaveCriticalSection _free _malloc _memset"
00427800,FUN_00427800,774,7,"FUN_00464740 FUN_00464920 FUN_0048ca30"
00427b10,FUN_00427b10,68,5,"__security_check_cookie"
00427b54,FUN_00427b54,748,7,"EnterCriticalSection FUN_0041fa20 FUN_004283a0 FUN_00453a50 FUN_00460450 FUN_00461570 LeaveCriticalSection __security_check_cookie _memset"
00427e50,FUN_00427e50,435,3,"EnterCriticalSection FUN_0041fa20 FUN_00453a50 FUN_00460450 FUN_00461570 LeaveCriticalSection"
00428010,FUN_00428010,278,3,"FUN_0048d110 FUN_0048d240"
00428150,FUN_00428150,20,2,"FUN_00463e60"
00428220,FUN_00428220,40,1,"FUN_0048cec0"
00428250,FUN_00428250,47,0,"FUN_0048cff0"
00428300,FUN_00428300,101,2,""
004283a0,FUN_004283a0,93,3,""
00428400,FUN_00428400,30,3,""
00428430,FUN_00428430,31,1,"FUN_0048d0ba"
00428490,FUN_00428490,94,0,"FUN_004307a0 FUN_0045efb0 FUN_00463660"
004284f0,FUN_004284f0,160,1,"FUN_00430610 FUN_0045f630 FUN_0046b5a1"
004286f0,FUN_004286f0,238,1,"FUN_00461730 FUN_004617d0 FUN_004640f0 FUN_0046b53c __beginthreadex"
004287e0,FUN_004287e0,440,1,"EnterCriticalSection FUN_00401240 FUN_004284f0 FUN_0043d2b0 FUN_0043d550 FUN_0045f630 FUN_00461c40 FUN_004640f0 FUN_0046b5a1 LeaveCriticalSection _free"
004289a0,FUN_004289a0,117,0,"FUN_00403240 FUN_004286f0 FUN_004287e0 FUN_0046b53c FUN_0046b5a1 _memset"
00428a60,FUN_00428a60,83,0,"FUN_0042b210"
00428ac0,FUN_00428ac0,107,0,"FUN_0041e3e0 FUN_004607a0"
00428b30,FUN_00428b30,10,0,"FUN_00428a60"
00428b40,FUN_00428b40,10,0,"FUN_00428ac0"
00428bc0,FUN_00428bc0,169,2,"FUN_0042ae50 FUN_0042b620 FUN_00452ce0 FUN_0045f520 FUN_00462270"
00428dc0,FUN_00428dc0,141,0,"FUN_00458ed0"
00428e50,FUN_00428e50,141,0,"FUN_00458ed0"
00429070,FUN_00429070,174,0,"FUN_00449ff0 FUN_00463050 FUN_00463740 __security_check_cookie _sprintf"
00429210,FUN_00429210,441,2,"DeleteObject FUN_0041ac70 FUN_00429400 FUN_00440f00 FUN_0044a0f0 FUN_0044bf90 FUN_00452ce0 FUN_004536a0 FUN_004640f0 FUN_0046b5a1 _free"
00429400,FUN_00429400,163,0,"FUN_0041d580 FUN_0041e8d0 FUN_004287e0 FUN_0043b830 FUN_00440b10 FUN_004640f0 FUN_0046b5a1"
004294b0,FUN_004294b0,738,0,"FUN_00461730 FUN_004617d0 FUN_0046b53c"
004297a0,FUN_004297a0,293,0,"CloseHandle FUN_004633f0 FUN_00463570 LeaveCriticalSection WriteFile __alloca_probe __security_check_cookie _free"
004298d0,FUN_004298d0,524,0,"FUN_0042b610 FUN_00463660 Sleep __beginthread _malloc _memset"
00429ae0,FUN_00429ae0,643,1,"FUN_0041e540 FUN_00463050 FUN_004632c0 FUN_00463660 FUN_00463740 __alloca_probe __security_check_cookie _free"
00429d70,FUN_00429d70,123,2,"FUN_004536a0 __security_check_cookie _strrchr"
00429df0,FUN_00429df0,72,2,"FUN_004536a0"
00429ee0,FUN_00429ee0,44,0,"FUN_004536a0"
00429f10,FUN_00429f10,80,2,"FUN_004536a0 FUN_0048ca30"
00429f60,FUN_00429f60,54,0,"FUN_00458ed0"
00429fa0,FUN_00429fa0,54,0,"FUN_00458ed0"
0042a1a0,FUN_0042a1a0,127,1,"EnterCriticalSection FUN_004640f0 LeaveCriticalSection __beginthreadex"
0042a340,FUN_0042a340,93,1,"FUN_00460ba0"
0042a4b0,FUN_0042a4b0,92,1,"FUN_00460ba0"
0042a580,FUN_0042a580,344,0,"D3DXMatrixLookAtLH D3DXMatrixPerspectiveFovLH FUN_0042b3f0 FUN_00458ed0"
0042a6e0,FUN_0042a6e0,361,0,"D3DXMatrixLookAtLH D3DXMatrixPerspectiveFovLH D3DXVec3Normalize FUN_00458ed0"
0042a850,FUN_0042a850,807,1,""
0042ab80,FUN_0042ab80,705,0,""
0042ae50,FUN_0042ae50,521,0,"EnterCriticalSection FUN_0041d940 FUN_0041d9b0 FUN_004289a0 FUN_00429400 FUN_0042b330 FUN_0042b360 FUN_0042b420 FUN_0042b610 FUN_00440f90 LeaveCriticalSection"
0042b0b0,FUN_0042b0b0,168,0,"FUN_004607a0 FUN_00460b50 _malloc"
0042b210,FUN_0042b210,206,1,"FUN_00453a50"
0042b2e0,FUN_0042b2e0,80,0,""
0042b330,FUN_0042b330,39,0,""
0042b360,FUN_0042b360,52,0,""
0042b3a0,FUN_0042b3a0,75,2,""
0042b3f0,FUN_0042b3f0,31,1,"FUN_0048cdd0"
0042b420,FUN_0042b420,37,0,"LeaveCriticalSection"
0042b450,FUN_0042b450,37,0,"EnterCriticalSection"
0042b520,FUN_0042b520,23,0,""
0042b610,FUN_0042b610,1,0,""
0042b620,FUN_0042b620,255,0,"FUN_004662e0"
0042b7a0,FUN_0042b7a0,37,0,""
0042b7d0,FUN_0042b7d0,90,2,"_free"
0042b850,FUN_0042b850,308,0,"_memset"
0042b9b0,FUN_0042b9b0,165,0,"_memset `eh_vector_constructor_iterator'"
0042ba60,FUN_0042ba60,577,0,"FUN_00461730 FUN_004617d0 FUN_00463050 FUN_00463660 FUN_00463f30 FUN_0046b53c FUN_0046bc95 __security_check_cookie _strncmp"
0042bd00,FUN_0042bd00,336,1,"EnterCriticalSection FUN_0043b830 FUN_00461c40 FUN_0046b5a1 LeaveCriticalSection _free `eh_vector_destructor_iterator'"
0042be50,FUN_0042be50,153,0,"FUN_0042b9b0 FUN_0042ba60 FUN_0042bd00 FUN_0046b53c FUN_0046b5a1"
0042bf30,FUN_0042bf30,243,1,"FUN_0042c590 FUN_0042c6a0 FUN_0042c7d0 FUN_0042d5e0 FUN_0042d8b0 FUN_0042e7d0 FUN_0042eb20 FUN_0042fe30 FUN_00430270 FUN_00454430 FUN_00463ec0"
0042c060,FUN_0042c060,390,2,"FUN_004016b0"
0042c1f0,FUN_0042c1f0,852,2,"FUN_004016b0 FUN_0042c060 FUN_0045b920 FUN_00460b50 __localtime64"
0042c590,FUN_0042c590,271,0,"FUN_0041e170 FUN_0041e380 FUN_0041ef20 FUN_004301b0 FUN_00452ae0 FUN_00460ba0"
0042c6a0,FUN_0042c6a0,230,0,"FUN_0041e380 FUN_0041ef20 FUN_004301b0 FUN_00460ba0"
0042c790,FUN_0042c790,63,0,"FUN_004300f0 FUN_0044f5f0"
0042c7d0,FUN_0042c7d0,3508,2,"FUN_00402cf0 FUN_0040e210 FUN_0040e280 FUN_0041e1f0 FUN_0041e9b0 FUN_0041ea60 FUN_0042c790 FUN_0043bae0 FUN_0043bbb0 FUN_0043bf80 FUN_0043bfc0 FUN_00452ae0 FUN_00460ba0 FUN_00460f90 FUN_00460fd0 FUN_00461410 FUN_00463d40 FUN_00463d80 FUN_00463db0 __security_check_cookie _sprintf"
0042d5e0,FUN_0042d5e0,551,1,"FUN_00402f50 FUN_0041e170 FUN_0041ef20 FUN_004301b0 FUN_00453a50 FUN_0045f8b0"
0042d810,FUN_0042d810,130,1,"FUN_0044f5f0 FUN_00460ba0"
0042d8b0,FUN_0042d8b0,3657,2,"FUN_00402cf0 FUN_0040e210 FUN_0040e280 FUN_0041d000 FUN_0041e9b0 FUN_0041ea60 FUN_0041ef20 FUN_0042b7a0 FUN_0042b7d0 FUN_0042b850 FUN_0042d810 FUN_0042fa10 FUN_00433c20 FUN_004355a0 FUN_0043b830 FUN_0043bae0 FUN_0043bbb0 FUN_0043bf80 FUN_0043bfc0 FUN_0043d550 FUN_00452ae0 FUN_00460ba0 FUN_00460f90 FUN_00460fd0 FUN_00461410 FUN_00461460 FUN_00463d40 FUN_00463d80 FUN_00463db0 FUN_0046b5a1 __security_check_cookie _sprintf"
0042e7d0,FUN_0042e7d0,843,0,"FUN_0041e170 FUN_0041ef20 FUN_004301b0"
0042eb20,FUN_0042eb20,3685,2,"FUN_00402cf0 FUN_0040e210 FUN_0040e280 FUN_0041d000 FUN_0041ef20 FUN_0042b7a0 FUN_0042b7d0 FUN_0042b850 FUN_0042d810 FUN_0042fa10 FUN_004302b0 FUN_00433c20 FUN_004355a0 FUN_0043b830 FUN_0043bae0 FUN_0043bbb0 FUN_0043bf80 FUN_0043bfc0 FUN_0043d550 FUN_0043e250 FUN_00452ae0 FUN_00460ba0 FUN_00460f90 FUN_00460fd0 FUN_00461410 FUN_00461460 FUN_00463d40 FUN_00463d80 FUN_00463db0 FUN_0046b5a1 __security_check_cookie _sprintf"
0042fa10,FUN_0042fa10,752,2,"FUN_0041ef20 FUN_0042fef0 FUN_0043e2c0 FUN_00460b50 FUN_00460ba0"
0042fd00,FUN_0042fd00,291,1,"FUN_0041e170 FUN_0041e380 FUN_0041ef20 FUN_00452ae0"
0042fe30,FUN_0042fe30,186,0,"FUN_00402cf0 FUN_004300f0 FUN_0044f5f0 FUN_00452ae0 FUN_00460ba0"
0042fef0,FUN_0042fef0,352,1,""
004300f0,FUN_004300f0,50,0,""
00430130,FUN_00430130,103,12,""
004301b0,FUN_004301b0,118,2,"FUN_00430130 FUN_00460b50 FUN_0048ca30"
00430270,FUN_00430270,27,0,""
004302b0,FUN_004302b0,31,2,"FUN_00454430"
00430340,FUN_00430340,36,0,""
00430370,FUN_00430370,143,1,"_memset `eh_vector_constructor_iterator'"
00430400,FUN_00430400,420,1,"FUN_00402f50 FUN_00453a50 FUN_0045efb0 FUN_00461730 FUN_004617d0 FUN_00463660 FUN_0046b53c"
00430610,FUN_00430610,392,2,"EnterCriticalSection FUN_00460e30 FUN_00461c40 LeaveCriticalSection `eh_vector_destructor_iterator'"
004307a0,FUN_004307a0,150,0,"FUN_00430370 FUN_00430400 FUN_00430610 FUN_0046b53c FUN_0046b5a1"
00430880,FUN_00430880,255,0,"FUN_00435990 FUN_004611f0"
00430990,FUN_00430990,297,0,""
00430ad0,FUN_00430ad0,8007,3,"FUN_00410ad0 FUN_00412660 FUN_0041a760 FUN_0041d000 FUN_004205a0 FUN_0042b7a0 FUN_0042b7d0 FUN_0042fef0 FUN_00430340 FUN_00432ab0 FUN_00433a50 FUN_004357f0 FUN_004358a0 FUN_00435990 FUN_00451720 FUN_00454430 FUN_004607a0 FUN_00460b50 FUN_00460ba0 FUN_00460c90 FUN_00460ce0 FUN_00460f90 FUN_00463bc0 FUN_00464820 FUN_00464fd0 FUN_0048ca30 __time64 _memset"
00432a50,FUN_00432a50,92,0,""
00432ab0,FUN_00432ab0,467,6,"FUN_0048ca30 _memset"
00432e70,FUN_00432e70,347,1,"FUN_004016b0"
00433000,FUN_00433000,490,0,"FUN_00458ed0 FUN_0045b920 FUN_0045c140"
004332d0,FUN_004332d0,1716,7,"FUN_00433c20 FUN_0048ca30 FUN_0048d110 FUN_0048d240"
004339c0,FUN_004339c0,129,3,"FUN_00402f50 FUN_004538c0 FUN_00453a50"
00433a50,FUN_00433a50,350,1,"_malloc _memcpy"
00433bb0,FUN_00433bb0,98,2,"FUN_00454430 _memset"
00433c20,FUN_00433c20,6340,2,"FUN_004016b0 FUN_004339c0 FUN_004354f0 _memset"
004354f0,FUN_004354f0,164,2,"FUN_0041ef20 FUN_004538c0 FUN_00460b50"
004355a0,FUN_004355a0,63,0,""
00435740,FUN_00435740,132,4,""
004357f0,FUN_004357f0,115,1,""
004358a0,FUN_004358a0,196,1,"EnterCriticalSection FUN_00453a50 FUN_00460550 FUN_00461570 LeaveCriticalSection"
00435990,FUN_00435990,212,2,"EnterCriticalSection FUN_00453a50 FUN_00460550 FUN_00461570 LeaveCriticalSection"
00435b20,FUN_00435b20,40,0,""
00435b70,FUN_00435b70,189,1,"FUN_00403240 _memset `eh_vector_constructor_iterator'"
00435c80,FUN_00435c80,22,0,"`eh_vector_destructor_iterator'"
00435ca0,FUN_00435ca0,357,1,"FUN_00436a90 FUN_0043aba0 FUN_0045efb0 FUN_00461730 FUN_004617d0 FUN_00463660 FUN_0046b53c"
00435e30,FUN_00435e30,465,2,"EnterCriticalSection FUN_0045f630 FUN_00460e30 FUN_00461c40 FUN_0046b5a1 LeaveCriticalSection _free `eh_vector_destructor_iterator'"
00436010,FUN_00436010,152,0,"FUN_00435b70 FUN_00435ca0 FUN_00435e30 FUN_0046b53c FUN_0046b5a1"
004360d0,FUN_004360d0,28,1,"FUN_00435e30 FUN_0046b5a1"
004360f0,FUN_004360f0,1672,2,"FUN_00453a50 FUN_004607a0 FUN_00460b50 FUN_00460ba0 FUN_0048ca30"
00436780,FUN_00436780,495,2,"FUN_00402cf0 FUN_00418d80 FUN_0042fd00 FUN_00433bb0 FUN_004360f0 FUN_00437260 FUN_00454430 FUN_00463ec0"
00436980,FUN_00436980,81,0,"FUN_0045b920"
00436a90,FUN_00436a90,161,0,"FUN_00463050 FUN_0048d110"
00436b40,FUN_00436b40,106,1,"FUN_0048d0ba"
00436bb0,FUN_00436bb0,106,1,"FUN_0048d0ba"
00436c20,FUN_00436c20,539,0,"FUN_00452ae0 FUN_004607a0 FUN_00460b50"
00436e50,FUN_00436e50,1031,1,"FUN_00402f50 FUN_004538c0 FUN_00453a50 FUN_004607a0 FUN_00463b20 _memset"
00437260,FUN_00437260,3635,1,"FUN_00402cf0 FUN_00406c60 FUN_0040c430 FUN_0040c660 FUN_0041a960 FUN_0041df70 FUN_00436b40 FUN_004380b0 FUN_004383d0 FUN_00438550 FUN_00438c00 FUN_00438ff0 FUN_00439b70 FUN_00439dc0 FUN_0043b0f0 FUN_0043b130 FUN_0043b170 FUN_0043b1a0 FUN_0043b240 FUN_00452ae0 FUN_00452b60 FUN_00452c50 FUN_004538c0 FUN_00453a50 FUN_004607a0 FUN_00460b50 FUN_00460ba0 FUN_00460c90 FUN_00460ce0 FUN_00460ea0 FUN_00463b20 FUN_00463ec0 FUN_0048ca30"
004380b0,FUN_004380b0,628,1,"FUN_004538c0 FUN_00454430 FUN_00460b50 FUN_00460ba0 FUN_0048ca30"
00438330,FUN_00438330,146,2,""
004383d0,FUN_004383d0,380,0,"FUN_00432a50 FUN_00452ae0 FUN_004607a0 FUN_00460b50 FUN_00460c90"
00438550,FUN_00438550,1698,0,"FUN_00460b50 FUN_0048d110 FUN_0048d240"
00438c00,FUN_00438c00,1005,2,"FUN_0040b3c0 FUN_0040c010 FUN_004129c0 FUN_00420620 FUN_004207c0 FUN_004332d0 FUN_00439120 FUN_0043b010 FUN_00452ae0 FUN_00452c50 FUN_00460c90 FUN_00463b20 FUN_0048ca30"
00438ff0,FUN_00438ff0,298,1,"FUN_004332d0 FUN_00452c50 FUN_00460c90 _memset"
00439120,FUN_00439120,2616,3,"FUN_0040b340 FUN_00428300 FUN_00436bb0 FUN_00439b70 FUN_0043b010 FUN_00463b20 FUN_00464920 FUN_00464b40 FUN_0048ca30 FUN_0048cec0 FUN_0048cff0 _memset"
00439b70,FUN_00439b70,589,4,"FUN_00435b20 FUN_0043af70 FUN_00460b50 FUN_00464b40 FUN_0048cff0"
00439dc0,FUN_00439dc0,867,2,"EnterCriticalSection FUN_00402cf0 FUN_00452ae0 FUN_00452c50 FUN_00453a50 FUN_00460450 FUN_00461570 FUN_00463ec0 LeaveCriticalSection"
0043a130,FUN_0043a130,314,0,"FUN_0045b920"
0043a270,FUN_0043a270,324,1,"FUN_00436c20"
0043a3c0,FUN_0043a3c0,207,1,"FUN_00436c20"
0043a490,FUN_0043a490,593,4,"FUN_00436c20 FUN_0048d110 FUN_0048d240"
0043a6f0,FUN_0043a6f0,557,4,"FUN_0048d110 FUN_0048d240"
0043a920,FUN_0043a920,626,4,"FUN_00436c20 FUN_0048d110 FUN_0048d240"
0043aba0,FUN_0043aba0,940,1,"FUN_00402f50 FUN_00453a50 FUN_00460c90 FUN_0048ca30"
0043af70,FUN_0043af70,93,3,""
0043b010,FUN_0043b010,101,2,""
0043b0f0,FUN_0043b0f0,20,0,""
0043b130,FUN_0043b130,30,3,""
0043b170,FUN_0043b170,38,0,"D3DXVec3Normalize"
0043b1a0,FUN_0043b1a0,52,0,"FUN_0048cff0"
0043b240,FUN_0043b240,31,1,"FUN_0048d0ba"
0043b2f0,FUN_0043b2f0,1329,2,"FUN_0041e540 FUN_0043c680 FUN_0043cf40 FUN_0043d060 FUN_00461730 FUN_004617d0 FUN_0046b53c _memset"
0043b830,FUN_0043b830,442,1,"EnterCriticalSection FUN_0043d060 FUN_00461c40 FUN_0046b5a1 LeaveCriticalSection `eh_vector_destructor_iterator'"
0043b9f0,FUN_0043b9f0,202,0,"FUN_0043b2f0 FUN_0043b830 FUN_0046b53c FUN_0046b5a1 _memset `eh_vector_constructor_iterator'"
0043bae0,FUN_0043bae0,200,1,"FUN_0043b830 FUN_0043c680 FUN_0046b53c FUN_0046b5a1 _memset `eh_vector_constructor_iterator'"
0043bbb0,FUN_0043bbb0,18,0,"FUN_0043b830 FUN_0046b5a1"
0043bbd0,FUN_0043bbd0,252,0,"FUN_0040e170 FUN_0043ccc0 FUN_0043cf40"
0043bcd0,FUN_0043bcd0,425,0,"FUN_0040e170 FUN_0042c6a0"
0043bec0,FUN_0043bec0,192,1,"FUN_004016b0"
0043bf80,FUN_0043bf80,50,0,"__time64"
0043bfc0,FUN_0043bfc0,1727,3,"CloseHandle FUN_0043cf40 FUN_0044add0 FUN_00462f30 FUN_004633f0 FUN_0046c71d LeaveCriticalSection WriteFile __chdir __localtime64 __security_check_cookie _free _malloc _memcpy _memset _sprintf"
0043c680,FUN_0043c680,425,2,"FUN_0044b0f0 FUN_00462e10 FUN_00463050 FUN_00463230 FUN_004634b0 FUN_004635d0 FUN_00463620 __chdir __security_check_cookie _free _malloc _sprintf"
0043c8b0,FUN_0043c8b0,437,0,"FUN_0043cf40 FUN_0043d060"
0043ccc0,FUN_0043ccc0,82,3,""
0043cf40,FUN_0043cf40,150,0,"FUN_0046b53c _memset"
0043d060,FUN_0043d060,95,1,"FUN_0046b5a1"
0043d1a0,FUN_0043d1a0,32,1,""
0043d1c0,FUN_0043d1c0,240,0,"FUN_0043d3e0 FUN_00463050 __alloca_probe __security_check_cookie _memset"
0043d2b0,FUN_0043d2b0,118,0,"_free"
0043d330,FUN_0043d330,96,0,"FUN_0043d1c0 FUN_0046b53c"
0043d3e0,FUN_0043d3e0,367,1,"FUN_0044b0f0 FUN_00462e10 FUN_00464030 _free _malloc"
0043d550,FUN_0043d550,1440,0,"CloseHandle FUN_0042b7d0 FUN_00433a50 FUN_0043e2c0 FUN_0044add0 FUN_00462f30 FUN_004633f0 FUN_00463570 FUN_00463620 FUN_00464030 FUN_0046c71d LeaveCriticalSection WriteFile __chdir __security_check_cookie _free _malloc _sprintf"
0043daf0,FUN_0043daf0,720,3,"FUN_0042b7d0 FUN_0044b0f0 FUN_00463050 FUN_00463230 FUN_00464030 __chdir __security_check_cookie _malloc _sprintf"
0043ddc0,FUN_0043ddc0,207,1,"D3DXLoadSurfaceFromMemory"
0043de90,FUN_0043de90,316,1,"FUN_0043e000 FUN_0043e080"
0043dfd0,FUN_0043dfd0,39,1,"FUN_0043de90"
0043e000,FUN_0043e000,118,1,""
0043e080,FUN_0043e080,51,2,""
0043e0c0,FUN_0043e0c0,197,1,""
0043e250,FUN_0043e250,71,1,""
0043e2c0,FUN_0043e2c0,803,2,"_free _malloc _memcpy"
0043e780,FUN_0043e780,260,1,"EnterCriticalSection FUN_00452c50 FUN_00461c40 FUN_004640f0 LeaveCriticalSection"
0043eaa0,FUN_0043eaa0,236,0,"FUN_00401830"
0043eba0,FUN_0043eba0,10,0,"FUN_0043eaa0"
0043ec10,FUN_0043ec10,230,0,"FUN_00402f50 FUN_004538c0 FUN_00461730 FUN_004617d0 FUN_0046b53c"
0043ed00,FUN_0043ed00,273,1,"EnterCriticalSection FUN_00461c40 LeaveCriticalSection _free"
0043ee20,FUN_0043ee20,117,0,"FUN_00403240 FUN_0043ec10 FUN_0043ed00 FUN_0046b53c FUN_0046b5a1 _memset"
0043eec0,FUN_0043eec0,28,0,"FUN_0043ed00 FUN_0046b5a1"
0043ef90,FUN_0043ef90,879,3,"FUN_00458850 FUN_00458ed0 FUN_00459080 FUN_0048ca30"
0043f330,FUN_0043f330,220,1,""
0043f450,FUN_0043f450,83,0,"_free"
0043f5f0,FUN_0043f5f0,439,1,"EnterCriticalSection FUN_0043f450 FUN_0045f630 FUN_00461c40 FUN_004640f0 FUN_0046b5a1 LeaveCriticalSection _free"
0043f7f0,FUN_0043f7f0,277,0,"FUN_00463050 FUN_00469300 FUN_0046b53c __security_check_cookie _free _memset _sprintf"
0043f9a0,FUN_0043f9a0,934,1,"FUN_0040e210 FUN_0043f450 FUN_00463db0 FUN_00464160 FUN_00468d60 FUN_00469590 FindClose FindFirstFileA FindNextFileA __security_check_cookie _malloc"
0043fd50,FUN_0043fd50,549,0,"FUN_00401830 FUN_0048ca30"
0043ff90,FUN_0043ff90,10,0,"FUN_0043fd50"
0043ffc0,FUN_0043ffc0,124,0,""
00440050,FUN_00440050,76,2,""
004400a0,FUN_004400a0,58,1,""
004400e0,FUN_004400e0,33,0,"FUN_004607a0"
00440270,FUN_00440270,83,2,"FUN_00454430 FUN_00460b50 FUN_004613d0"
00440330,FUN_00440330,60,3,"FUN_004538c0 FUN_00460b50 FUN_004613d0"
00440370,FUN_00440370,60,2,"FUN_00460b50 FUN_004613d0"
004403b0,FUN_004403b0,60,2,"FUN_00460b50 FUN_004613d0"
004403f0,FUN_004403f0,45,1,"FUN_00460b50 FUN_004613d0"
00440420,FUN_00440420,31,1,"FUN_00460b50"
00440480,FUN_00440480,407,0,"_memset"
004406e0,FUN_004406e0,924,0,"FUN_00452500 FUN_00452a20 FUN_0045efb0 FUN_00461730 FUN_004617d0 FUN_00463050 FUN_00463660 FUN_0046b53c"
00440a90,FUN_00440a90,105,1,"FUN_00460c10"
00440b10,FUN_00440b10,995,1,"EnterCriticalSection FUN_0043b830 FUN_0043d550 FUN_00440f00 FUN_00461c40 FUN_004640f0 FUN_0046b5a1 LeaveCriticalSection _free"
00440f00,FUN_00440f00,133,1,"FUN_0045f630 FUN_0046b5a1"
00440f90,FUN_00440f90,118,1,"FUN_00440480 FUN_004640f0 FUN_0046b53c __beginthreadex"
00441070,FUN_00441070,10,0,"FUN_004491a0"
00441080,FUN_00441080,1873,3,"FUN_00402cf0 FUN_0040e210 FUN_0041e2a0 FUN_00429d70 FUN_00429df0 FUN_00429ee0 FUN_00429f10 FUN_0043e000 FUN_00440050 FUN_004400e0 FUN_00440420 FUN_00441830 FUN_00441ce0 FUN_00446630 FUN_00446b20 FUN_00448680 FUN_00449080 FUN_00449df0 FUN_0045ed90 FUN_0045f630 FUN_004607a0 FUN_00460b50 FUN_00460ba0 FUN_00460e30 FUN_00463ec0 FUN_004640f0 FUN_0046b5a1"
00441830,FUN_00441830,1146,1,"FUN_00402cf0 FUN_0040e300 FUN_00440050 FUN_004400a0 FUN_00440270 FUN_004485c0 FUN_00449f10 FUN_00452ae0 FUN_004607a0 FUN_00460ba0 FUN_00460c10 FUN_00463db0 Sleep _free _sprintf"
00441ce0,FUN_00441ce0,5530,1,"FUN_00402cf0 FUN_0040e300 FUN_0042a1a0 FUN_0042b850 FUN_0042fef0 FUN_00433c20 FUN_0043de90 FUN_0043dfd0 FUN_00440050 FUN_004400a0 FUN_00440370 FUN_004403b0 FUN_00443290 FUN_004437b0 FUN_00444ba0 FUN_004455d0 FUN_00445940 FUN_00449bb0 FUN_00452ae0 FUN_00454430 FUN_004607a0 FUN_00460b50 FUN_00460ba0 FUN_00460c10 FUN_00460c90 FUN_004611f0 FUN_00463d40 FUN_00463d80 FUN_00463db0 FUN_004640f0"
00443290,FUN_00443290,1306,1,"EnterCriticalSection FUN_0042b420 FUN_0042b850 FUN_00433c20 FUN_0043d1a0 FUN_0043ddc0 FUN_004400e0 FUN_00449b00 FUN_0045e890 FUN_0045e930 FUN_0045f950 FUN_00460b50 FUN_00460ba0 FUN_00460c10 LeaveCriticalSection _free"
004437b0,FUN_004437b0,5028,2,"FUN_0043de90 FUN_00440330 FUN_004403b0 FUN_00449bb0 FUN_004538c0 FUN_00454430 FUN_00460b50 FUN_004613d0"
00444ba0,FUN_00444ba0,2550,3,"FUN_00454430 FUN_00460c10"
004455d0,FUN_004455d0,868,1,"EnterCriticalSection FUN_0043de90 FUN_00460ba0 FUN_00460c10 FUN_004611f0 LeaveCriticalSection"
00445940,FUN_00445940,163,1,"FUN_004459f0 FUN_00460ba0"
004459f0,FUN_004459f0,1401,2,"FUN_0043de90 FUN_00445f80 FUN_0045f8b0 FUN_004607a0 FUN_00460b50"
00445f80,FUN_00445f80,104,4,""
00446630,FUN_00446630,1250,1,"EnterCriticalSection FUN_0042a1a0 FUN_0043b830 FUN_00452ae0 FUN_004607a0 FUN_00460ba0 FUN_00463db0 FUN_004640f0 FUN_0046b5a1 LeaveCriticalSection"
00446b20,FUN_00446b20,3235,2,"FUN_00440050 FUN_004477f0 FUN_004482b0 FUN_00452ae0 FUN_004536a0 FUN_004538c0 FUN_004607a0 FUN_00460b50 FUN_00460ba0 FUN_00462160 FUN_00463db0 FUN_004640f0"
004477f0,FUN_004477f0,2688,1,"FUN_00454430 FUN_00460b50"
004482b0,FUN_004482b0,478,2,"FUN_004538c0 FUN_00460b50 FUN_004613d0"
00448490,FUN_00448490,294,0,"FUN_004485c0 FindClose FindFirstFileA FindNextFileA __chdir __security_check_cookie _sprintf"
004485c0,FUN_004485c0,184,1,"EnterCriticalSection FUN_0043b830 FUN_0043bae0 FUN_0046b5a1 LeaveCriticalSection"
00448680,FUN_00448680,2375,2,"FUN_0040c540 FUN_0040c660 FUN_00429d70 FUN_00429df0 FUN_00440050 FUN_004400a0 FUN_004400e0 FUN_00448fe0 FUN_00449020 FUN_00452ae0 FUN_004536a0 FUN_0045f8b0 FUN_004607a0 FUN_00460b50 FUN_00460ba0 FUN_00460ea0 FUN_004611f0 FUN_00463050 FUN_00463d80 FUN_00463db0 _free"
00448fe0,FUN_00448fe0,59,2,""
00449020,FUN_00449020,89,2,""
00449080,FUN_00449080,278,0,"FUN_00402cf0 FUN_0041e8d0 FUN_0041e9b0 FUN_004607a0 FUN_00460ba0 FUN_0046b5a1"
004491a0,FUN_004491a0,2216,0,"EnterCriticalSection FUN_004016b0 FUN_0043de90 FUN_0043e000 FUN_0043ffc0 FUN_004403f0 FUN_00460b50 LeaveCriticalSection __aulldiv __localtime64 __security_check_cookie"
00449a80,FUN_00449a80,22,2,""
00449ad0,FUN_00449ad0,22,2,""
00449b00,FUN_00449b00,106,1,""
00449bb0,FUN_00449bb0,219,1,""
00449df0,FUN_00449df0,220,0,""
00449f10,FUN_00449f10,106,1,""
00449fd0,FUN_00449fd0,16,1,""
00449fe0,FUN_00449fe0,10,0,"FUN_0044a0f0"
00449ff0,FUN_00449ff0,134,1,"FUN_0044a0f0 FUN_0044a340 FUN_0044a600 FUN_0044a6b0 FUN_0044a780 FUN_0046b53c"
0044a080,FUN_0044a080,101,1,"FUN_0044a0f0 FUN_0044a340 FUN_0044a600 FUN_0046b53c"
0044a0f0,FUN_0044a0f0,109,0,"FUN_0044a6b0 FUN_0046b5a1 _free `eh_vector_destructor_iterator'"
0044a190,FUN_0044a190,300,2,"FUN_0044a300 FUN_0044a6b0 FUN_0044b0f0 FUN_00462e10 _free _malloc"
0044a2c0,FUN_0044a2c0,51,0,"__stricmp"
0044a300,FUN_0044a300,53,0,"__stricmp"
0044a340,FUN_0044a340,336,2,"FUN_0044a490 FUN_0044b0f0 FUN_00462e10 _free _malloc"
0044a490,FUN_0044a490,363,3,"FUN_0046b53c _malloc `eh_vector_constructor_iterator'"
0044a600,FUN_0044a600,47,0,"_malloc"
0044a630,FUN_0044a630,26,1,"_free"
0044a6b0,FUN_0044a6b0,1,0,""
0044a700,FUN_0044a700,66,2,"CloseHandle FUN_0046b5a1"
0044a750,FUN_0044a750,46,1,"CloseHandle"
0044a780,FUN_0044a780,238,3,"CreateFileA DeleteFileA FUN_0044aa30 SetFilePointer __security_check_cookie"
0044a870,FUN_0044a870,34,1,"CloseHandle"
0044a8a0,FUN_0044a8a0,57,3,"ReadFile"
0044a8e0,FUN_0044a8e0,63,3,"WriteFile"
0044a920,FUN_0044a920,25,1,"SetFilePointer"
0044a940,FUN_0044a940,21,1,"GetFileSize"
0044a960,FUN_0044a960,37,3,"SetFilePointer"
0044a990,FUN_0044a990,145,2,"_free _malloc"
0044aa30,FUN_0044aa30,121,1,"GetModuleFileNameA _strchr _strrchr"
0044aac0,FUN_0044aac0,31,2,"FUN_0046b5a1"
0044ab10,FUN_0044ab10,200,1,"__security_check_cookie _strchr"
0044ac10,FUN_0044ac10,218,1,"CloseHandle FUN_0044a190 FUN_0044a780 FUN_0044a990 FUN_0044ab10 GetFileSize _strchr"
0044acf0,FUN_0044acf0,202,1,"CloseHandle FUN_0044a2c0 FUN_0044a780 FUN_0044ab10 GetFileSize _strchr"
0044add0,FUN_0044add0,768,3,"FUN_0044b300 FUN_0044b340 FUN_0044b4e0 FUN_0044b580 _malloc"
0044b0f0,FUN_0044b0f0,464,3,"_malloc"
0044b300,FUN_0044b300,49,0,"_memset"
0044b340,FUN_0044b340,416,3,"FUN_0044b580"
0044b4e0,FUN_0044b4e0,79,1,"FUN_0044b4e0 FUN_0044b530 FUN_0044b580 FUN_0044b610"
0044b530,FUN_0044b530,80,2,""
0044b580,FUN_0044b580,134,2,""
0044b610,FUN_0044b610,43,0,""
0044b650,FUN_0044b650,5,0,""
0044b680,FUN_0044b680,69,2,"FUN_0046b5a1 _free"
0044b6d0,FUN_0044b6d0,49,1,"_free"
0044b710,FUN_0044b710,44,2,"FUN_0044ac10 FUN_0044acf0"
0044b740,FUN_0044b740,37,1,"_free"
0044b770,FUN_0044b770,88,3,"_memcpy"
0044b7d0,FUN_0044b7d0,7,1,""
0044b7e0,FUN_0044b7e0,4,1,""
0044b7f0,FUN_0044b7f0,109,3,""
0044b870,FUN_0044b870,212,3,"CreateProcessA GetExitCodeProcess"
0044b970,FUN_0044b970,69,2,"FUN_0046b5a1 _free"
0044b9c0,FUN_0044b9c0,49,1,"_free"
0044ba00,FUN_0044ba00,169,2,"FindResourceA FreeResource LoadResource LockResource SizeofResource _malloc _memcpy"
0044baf0,FUN_0044baf0,36,2,"FUN_004640f0 FUN_0046b5a1"
0044bb70,FUN_0044bb70,173,0,"FUN_0044f5f0 Sleep"
0044bc60,FUN_0044bc60,25,1,"exception"
0044bc90,FUN_0044bc90,36,2,"FUN_0046b5a1 ~exception"
0044bcf0,FUN_0044bcf0,33,4,"_memcpy_s"
0044bd20,FUN_0044bd20,33,4,"_memmove_s"
0044be00,FUN_0044be00,111,1,"FUN_0044d6e0"
0044bf90,FUN_0044bf90,105,0,"DeleteDC DeleteObject SelectObject"
0044c020,FUN_0044c020,393,1,"CreateCompatibleDC CreateDIBSection FUN_0044bf90 SelectObject _memset"
0044c290,FUN_0044c290,872,1,""
0044c600,FUN_0044c600,162,1,""
0044c750,FUN_0044c750,222,5,"CreateFontA DeleteObject FUN_0044be00 FUN_0044c830 FUN_0046b5a1 __security_check_cookie"
0044c830,FUN_0044c830,525,5,"DrawTextA SelectObject SetBkMode SetTextColor"
0044ca40,FUN_0044ca40,201,1,"_memcpy"
0044cb10,FUN_0044cb10,217,1,"_memcpy"
0044cbf0,FUN_0044cbf0,657,5,""
0044ceb0,FUN_0044ceb0,346,0,"CreateFontA EnterCriticalSection FUN_0044c020 LeaveCriticalSection"
0044d040,FUN_0044d040,631,8,"D3DXLoadSurfaceFromMemory FUN_0044c290 FUN_0044c600 SelectObject SetBkMode SetTextColor TextOutA _memset"
0044d2c0,FUN_0044d2c0,520,7,"D3DXLoadSurfaceFromMemory FUN_0044c290 FUN_0044c600 SelectObject SetBkMode SetTextColor TextOutA"
0044d4e0,FUN_0044d4e0,38,1,"FUN_0046b5a1"
0044d550,FUN_0044d550,218,4,"FUN_0044d7c0 FUN_0044d970 FUN_0048ae56 FUN_0048aeb5 _memcpy_s"
0044d630,FUN_0044d630,34,2,"FUN_0044d6e0"
0044d660,FUN_0044d660,74,3,"FUN_0046b5a1 _memcpy_s"
0044d6e0,FUN_0044d6e0,214,3,"FUN_0044d550 FUN_0044d970 FUN_0048ae56 _memcpy_s"
0044d7c0,FUN_0044d7c0,131,3,"FUN_0048aeb5 _memmove_s"
0044d850,FUN_0044d850,31,2,""
0044d970,FUN_0044d970,129,2,"FUN_0044da1e FUN_0044db00"
0044d9f1,Catch_All@0044d9f1,39,0,"FUN_0044db00"
0044da1e,FUN_0044da1e,105,0,"FUN_0046b5a1 _memcpy_s"
0044da87,Catch_All@0044da87,48,0,"FUN_0046b5a1 __CxxThrowException@8"
0044db00,FUN_0044db00,85,1,"FUN_0046b53c __CxxThrowException@8 exception"
0044dbe0,FUN_0044dbe0,25,2,"exception"
0044dc50,FUN_0044dc50,1,0,""
0044dc60,FUN_0044dc60,128,1,"FUN_00461870 FUN_00461af0 FUN_004640f0"
0044dd20,FUN_0044dd20,99,0,"FUN_004632c0 FUN_00463660 MessageBoxA"
0044dde0,FUN_0044dde0,135,0,""
0044de70,FUN_0044de70,162,0,""
0044df20,FUN_0044df20,48,0,"FUN_0045fb20"
0044dfd0,FUN_0044dfd0,2349,1,"CreateMutexA DeleteCriticalSection DestroyWindow Direct3DCreate9 DispatchMessageA FUN_00429210 FUN_004294b0 FUN_00429ae0 FUN_0042b210 FUN_0042b2e0 FUN_0044dc50 FUN_0044dc60 FUN_0044dd20 FUN_0044dde0 FUN_0044de70 FUN_0044eb10 FUN_0044ed10 FUN_0044f0d0 FUN_0044f310 FUN_0044f5f0 FUN_0044f7b0 FUN_0044fa00 FUN_0044ff40 FUN_004502a0 FUN_00450410 FUN_00450aa0 FUN_00451d20 FUN_00451d80 FUN_00452250 FUN_0045d1b0 FUN_0045dc90 FUN_00461d60 FUN_00462dc0 FUN_004632c0 FUN_00463660 FUN_00463740 FUN_004640f0 FUN_0046b53c FUN_0046b5a1 GetKeyboardState GetLastError GetSystemMetrics GetWindowRect InitializeCriticalSection MoveWindow PeekMessageA SetCursor SetForegroundWindow SetWindowLongA SetWindowPos ShowCursor ShowWindow SystemParametersInfoA TranslateMessage WINNLSEnableIME __alloca_probe __security_check_cookie timeBeginPeriod timeEndPeriod"
0044e960,FUN_0044e960,418,4,"DefWindowProcA LoadCursorA SetCursor SetForegroundWindow ShowCursor"
0044eb10,FUN_0044eb10,410,0,"FUN_0044dc50 FUN_0046c71d GetEnvironmentVariableA GetModuleFileNameA GetProcAddress LoadLibraryA QueryPerformanceCounter QueryPerformanceFrequency SystemParametersInfoA __chdir _strrchr"
0044ed10,FUN_0044ed10,359,1,"FUN_00429fa0 FUN_0042a580 FUN_0044ee80 FUN_0044f5f0 FUN_00458e90 FUN_00458ed0 FUN_00461870 FUN_004619d0 FUN_004640f0"
0044ee80,FUN_0044ee80,579,0,"FUN_0040cd50 FUN_0041ad70 FUN_0042b210 FUN_0042b2e0 FUN_0044dde0 FUN_0044de70 FUN_0044f540 FUN_0044f5f0 FUN_0044ff40 FUN_0048ca30 Sleep"
0044f0d0,FUN_0044f0d0,442,1,"FUN_00429fa0 FUN_0042a580 FUN_0044f290 FUN_0044f5f0 FUN_00458e90 FUN_00458ed0 FUN_00461870 FUN_004619d0 FUN_004640f0 Sleep"
0044f290,FUN_0044f290,119,1,"FUN_0040cd50 FUN_0041ad70 FUN_0042b210 FUN_0042b2e0 FUN_0044dde0 FUN_0044de70 FUN_0044f540 FUN_0044ff40"
0044f310,FUN_0044f310,290,1,"FUN_00429fa0 FUN_0042a580 FUN_0044f440 FUN_0044f5f0 FUN_00458e90 FUN_00458ed0 FUN_00461870 FUN_004619d0 FUN_004640f0"
0044f440,FUN_0044f440,243,0,"FUN_0040cd50 FUN_0041ad70 FUN_0042b210 FUN_0042b2e0 FUN_0044dde0 FUN_0044de70 FUN_0044f540 FUN_0044f5f0 FUN_0044ff40 FUN_0048ca30 Sleep"
0044f540,FUN_0044f540,167,1,"FUN_004298d0 FUN_0044df20 FUN_00463230 FUN_0046c71d __security_check_cookie _sprintf"
0044f5f0,FUN_0044f5f0,260,0,"EnterCriticalSection LeaveCriticalSection QueryPerformanceCounter timeGetTime"
0044f7b0,FUN_0044f7b0,577,0,"CreateWindowExA GetStockObject GetSystemMetrics GetWindowRect LoadCursorA RegisterClassA SendMessageA Sleep"
0044fa00,FUN_0044fa00,1335,0,"D3DXMatrixLookAtLH D3DXMatrixPerspectiveFovLH FUN_0042b3f0 FUN_0044ff40 FUN_00450be0 FUN_00463660 FUN_00463740 _memset"
0044ff40,FUN_0044ff40,801,1,""
004502a0,FUN_004502a0,344,0,"FUN_00450520 FUN_00463230 GetConsoleTitleA GetModuleFileNameA GetStartupInfoA __security_check_cookie __stricmp _memset _strrchr"
00450410,FUN_00450410,257,0,"FUN_0044dc50 FUN_00463050 GetModuleFileNameA __security_check_cookie _free"
00450520,FUN_00450520,274,1,"CoCreateInstance CoInitialize CoUninitialize FUN_0046b53c FUN_0046b5a1 MultiByteToWideChar __security_check_cookie"
004507e0,FUN_004507e0,440,0,"DirectInput8Create FUN_0042b520 FUN_00463660"
00450aa0,FUN_00450aa0,79,0,"FUN_004507e0"
00450b40,FUN_00450b40,157,0,""
00450be0,FUN_00450be0,99,0,"FUN_00450b40 FUN_00458ed0"
00450cb0,FUN_00450cb0,499,0,"FUN_00458ed0"
00450ec0,FUN_00450ec0,517,0,"FUN_00458ed0"
004510d0,FUN_004510d0,132,0,"FUN_00450cb0 FUN_00458ed0"
004511f0,FUN_004511f0,74,0,"FUN_00450cb0"
004512c0,FUN_004512c0,64,0,"FUN_00450cb0"
00451350,FUN_00451350,175,1,"FUN_00402cf0 FUN_00463ec0"
00451460,FUN_00451460,265,1,"FUN_00463880 FUN_00463ec0"
004516e0,FUN_004516e0,27,1,"FUN_00451c60 FUN_0046b5a1"
00451720,FUN_00451720,80,4,"FUN_004517d0 FUN_0046b53c _memset"
004517d0,FUN_004517d0,1129,5,"FUN_00461730 FUN_004617d0 FUN_0046b53c"
00451c60,FUN_00451c60,166,0,"EnterCriticalSection FUN_00461c40 LeaveCriticalSection"
00451d20,FUN_00451d20,66,1,"CreateThread _memset"
00451d80,FUN_00451d80,173,0,"CloseHandle Sleep WaitForSingleObject"
00451e70,FUN_00451e70,791,2,"DirectSoundCreate8 FUN_004532c0 FUN_00463660 FUN_00465590 FUN_0046b53c FUN_0046b5a1 SetTimer __security_check_cookie _memset"
00452250,FUN_00452250,275,0,"FUN_00452980 FUN_0046b5a1 KillTimer _free"
00452370,FUN_00452370,71,2,"_strncmp"
004523c0,FUN_004523c0,215,2,"__security_check_cookie _strrchr"
00452500,FUN_00452500,221,1,"CreateEventA CreateThread FUN_00452980 FUN_004656a0"
004525e0,FUN_004525e0,69,1,"FUN_004523c0 FUN_00453840 FUN_00466b10"
00452630,FUN_00452630,505,1,"CloseHandle CreateFileA EnterCriticalSection FUN_0042b420 FUN_004523c0 FUN_00453840 LeaveCriticalSection ReadFile SetFilePointer _free _malloc"
00452830,FUN_00452830,277,0,"CreateEventA CreateThread FUN_004525e0 FUN_00453840 FUN_00465990"
00452980,FUN_00452980,154,0,"CloseHandle FUN_00466360 PostThreadMessageA WaitForSingleObject"
00452a20,FUN_00452a20,187,0,"FUN_00451d80 FUN_0048ca30"
00452ae0,FUN_00452ae0,123,2,""
00452b60,FUN_00452b60,164,2,"FUN_0048ca30"
00452c50,FUN_00452c50,133,0,""
00452ce0,FUN_00452ce0,1257,2,"CloseHandle EnterCriticalSection FUN_004523c0 FUN_00452630 FUN_00452830 FUN_00452980 FUN_004531f0 FUN_00453840 FUN_00465cd0 FUN_00465ed0 FUN_004661f0 FUN_00466250 FUN_004662e0 FUN_00466360 FUN_004663f0 FUN_00466470 FUN_004668f0 FUN_00466b10 FUN_0048ca30 LeaveCriticalSection PostThreadMessageA WaitForSingleObject"
004531f0,FUN_004531f0,200,0,"FUN_0048ca30"
004532c0,FUN_004532c0,793,1,"FUN_00452370 FUN_00453840 FUN_00463660 Sleep __security_check_cookie _free _memcpy _strncmp"
004535e0,FUN_004535e0,177,0,"FUN_004666d0 MsgWaitForMultipleObjects PeekMessageA"
004536a0,FUN_004536a0,151,2,"EnterCriticalSection LeaveCriticalSection"
00453840,FUN_00453840,1,0,""
00453870,FUN_00453870,77,0,"_memset"
004538c0,FUN_004538c0,395,2,""
00453a50,FUN_00453a50,270,0,"FUN_00402f50 FUN_00454430 _memset"
00453b60,FUN_00453b60,298,1,"FUN_00402f50 FUN_00454430 _memset"
00453c90,FUN_00453c90,246,1,"FUN_00454430 _memset"
00453d90,FUN_00453d90,300,2,"FUN_00454430"
00453fb0,FUN_00453fb0,462,2,"FUN_0040f470 FUN_00463880 FUN_004639f0 FUN_00463a20 FUN_0048ca30"
004541f0,FUN_004541f0,138,1,"FUN_00463880 FUN_0048ca30"
004542d0,FUN_004542d0,95,2,"FUN_0048ca30"
00454380,FUN_00454380,62,2,""
004543f0,FUN_004543f0,52,1,""
00454430,FUN_00454430,12832,2,"FUN_00402cf0 FUN_004063a0 FUN_00406c10 FUN_00406db0 FUN_00407120 FUN_0040c170 FUN_0040c320 FUN_0040c4f0 FUN_00428150 FUN_0042b3f0 FUN_00435740 FUN_004538c0 FUN_00453fb0 FUN_004541f0 FUN_004542d0 FUN_00454380 FUN_004543f0 FUN_00457910 FUN_00457c20 FUN_00457d70 FUN_004581b0 FUN_00458240 FUN_00458350 FUN_004583f0 FUN_00458470 FUN_00458550 FUN_00458640 FUN_0045be90 FUN_0045cbb0 FUN_00460930 FUN_00460a60 FUN_00460ea0 FUN_00463880 FUN_00463a80 FUN_00463b20 FUN_00463e60 FUN_0048ca30 FUN_0048caea FUN_0048cb60 FUN_0048ccb0 _malloc"
00457820,FUN_00457820,110,1,""
00457910,FUN_00457910,768,2,"FUN_00458030 FUN_00463ec0 FUN_0048ca30"
00457c20,FUN_00457c20,332,2,"FUN_00458060 FUN_00463ec0 FUN_0048ca30"
00457d70,FUN_00457d70,673,0,"FUN_00458090 FUN_00463ec0"
00458030,FUN_00458030,39,0,"FUN_00464440"
00458060,FUN_00458060,39,0,"FUN_00464440"
00458090,FUN_00458090,39,0,"FUN_00464440"
004581b0,FUN_004581b0,30,3,""
00458240,FUN_00458240,138,4,""
00458350,FUN_00458350,138,4,""
004583f0,FUN_004583f0,118,4,""
00458470,FUN_00458470,216,4,""
00458550,FUN_00458550,216,4,""
00458640,FUN_00458640,59,2,""
00458680,FUN_00458680,25,1,""
004586a0,FUN_004586a0,387,0,"FUN_00458ed0"
00458850,FUN_00458850,1573,2,"FUN_00458680 FUN_004586a0 FUN_00458ed0 FUN_00458fb0"
00458e90,FUN_00458e90,56,0,""
00458ed0,FUN_00458ed0,213,0,""
00458fb0,FUN_00458fb0,142,2,""
00459080,FUN_00459080,1181,2,"FUN_0048cec0"
00459520,FUN_00459520,51,1,"FUN_00458850 FUN_00459080"
00459560,FUN_00459560,1081,3,""
004599a0,FUN_004599a0,54,3,"FUN_00458850 FUN_00459560"
00459a60,FUN_00459a60,705,1,""
00459d30,FUN_00459d30,45,1,"FUN_00458850 FUN_00459a60"
00459d60,FUN_00459d60,45,1,"FUN_00458850 FUN_00459a60"
00459d90,FUN_00459d90,984,0,"D3DXVec3Project FUN_0041a400"
0045a170,FUN_0045a170,33,1,"FUN_00458850 FUN_00459d90"
0045a1a0,FUN_0045a1a0,1650,1,"FUN_0041a400 FUN_00458680 FUN_00458850 FUN_00459d90 FUN_0048ca30"
0045a830,FUN_0045a830,344,1,"D3DXMatrixMultiply D3DXMatrixRotationX D3DXMatrixRotationY D3DXMatrixRotationZ"
0045a990,FUN_0045a990,48,0,"FUN_00458850 FUN_0045a830"
0045a9c0,FUN_0045a9c0,534,2,"D3DXVec3Transform FUN_0041a400 FUN_00458850 FUN_0045a830"
0045abe0,FUN_0045abe0,1411,1,"D3DXMatrixMultiply D3DXMatrixRotationX D3DXMatrixRotationY D3DXMatrixRotationZ FUN_0040c430 FUN_004586a0 FUN_00458ed0"
0045b170,FUN_0045b170,267,1,""
0045b280,FUN_0045b280,267,1,""
0045b3c0,FUN_0045b3c0,294,3,"FUN_004586a0 FUN_00458ed0"
0045b820,FUN_0045b820,246,1,"FUN_004586a0 FUN_00458ed0"
0045b920,FUN_0045b920,1279,2,"FUN_00429f60 FUN_00429fa0 FUN_004357f0 FUN_004586a0 FUN_00459520 FUN_004599a0 FUN_00459d30 FUN_00459d60 FUN_0045a170 FUN_0045a1a0 FUN_0045a990 FUN_0045a9c0 FUN_0045abe0 FUN_0045b3c0 FUN_0045b820 FUN_0045bf00 FUN_0045c360 FUN_0045c5a0 FUN_0045c640 FUN_0045c6f0 FUN_0045c9d0"
0045be90,FUN_0045be90,87,1,"FUN_00459080 FUN_00459560 FUN_00459a60"
0045bf00,FUN_0045bf00,562,7,"FUN_00458ed0"
0045c140,FUN_0045c140,544,5,""
0045c360,FUN_0045c360,566,7,"FUN_00458ed0"
0045c5a0,FUN_0045c5a0,148,6,"FUN_0045bf00"
0045c640,FUN_0045c640,169,5,"FUN_0045c360"
0045c6f0,FUN_0045c6f0,413,6,"FUN_00458ed0 FUN_0045cb50 FUN_00463a80"
0045c890,FUN_0045c890,313,3,""
0045c9d0,FUN_0045c9d0,372,7,"FUN_0045cb50 FUN_00463a80"
0045cb50,FUN_0045cb50,30,3,""
0045cbb0,FUN_0045cbb0,805,0,"FUN_0045d160 FUN_00463880 _free _malloc"
0045cee0,FUN_0045cee0,592,1,"FUN_0045d160"
0045d160,FUN_0045d160,30,3,""
0045d1b0,FUN_0045d1b0,2749,1,"FUN_00402f50 FUN_00403240 FUN_00461730 FUN_004617d0 FUN_0046b53c _memset `eh_vector_constructor_iterator'"
0045dc90,FUN_0045dc90,229,1,"FUN_00460650 _free `eh_vector_destructor_iterator'"
0045dd80,FUN_0045dd80,487,0,""
0045e050,FUN_0045e050,1813,0,""
0045e890,FUN_0045e890,147,1,"D3DXLoadSurfaceFromFileInMemory FUN_0045e050"
0045e930,FUN_0045e930,149,0,"D3DXLoadSurfaceFromFileInMemory FUN_0045e050"
0045e9d0,FUN_0045e9d0,503,2,"D3DXCreateTexture D3DXCreateTextureFromFileInMemoryEx D3DXLoadSurfaceFromSurface FUN_0045e050 FUN_00461690"
0045ebd0,FUN_0045ebd0,287,3,"D3DXCreateTexture D3DXLoadSurfaceFromMemory"
0045ecf0,FUN_0045ecf0,67,1,"D3DXCreateTexture"
0045ed40,FUN_0045ed40,69,0,""
0045ed90,FUN_0045ed90,69,0,"FUN_0045ede0 FUN_0045f110 FUN_00461690"
0045ede0,FUN_0045ede0,451,3,"FUN_0045f030 FUN_00461690 FUN_00463050 FUN_00463740 FUN_0046b53c __security_check_cookie _malloc _memset _sprintf"
0045efb0,FUN_0045efb0,118,1,"FUN_0045ede0 FUN_00461690 Sleep"
0045f030,FUN_0045f030,221,2,"FUN_00463050 FUN_00463740 __security_check_cookie _sprintf"
0045f110,FUN_0045f110,212,0,"FUN_0045f1f0 FUN_00461690"
0045f1f0,FUN_0045f1f0,802,5,"FUN_0045e9d0 FUN_0045ebd0 FUN_0045ecf0 FUN_0045ed40 FUN_0045f760 FUN_00463740"
0045f520,FUN_0045f520,135,1,"FUN_0045f110 FUN_0045f630 FUN_0046b5a1"
0045f630,FUN_0045f630,237,1,"FUN_00460e30 _free"
0045f760,FUN_0045f760,149,2,""
0045f800,FUN_0045f800,173,9,"FUN_0044d040 FUN_0044d2c0 FUN_0048ca30"
0045f8b0,FUN_0045f8b0,148,4,"FUN_0045f800 __security_check_cookie _vsprintf"
0045f950,FUN_0045f950,225,5,"FUN_0045f800 FUN_0048ca30 __security_check_cookie _vsprintf"
0045fb20,FUN_0045fb20,313,1,"D3DXLoadSurfaceFromSurface FUN_00458ed0"
0045ffe0,FUN_0045ffe0,138,0,"FUN_0042a580 FUN_00458ed0 FUN_004603d0"
004601e0,FUN_004601e0,228,0,"EnterCriticalSection FUN_00454430 FUN_00460650 LeaveCriticalSection"
004602d0,FUN_004602d0,244,0,"EnterCriticalSection FUN_00454430 FUN_00460650 LeaveCriticalSection"
004603d0,FUN_004603d0,126,1,"EnterCriticalSection FUN_0045b920 LeaveCriticalSection"
00460450,FUN_00460450,123,0,""
004604d0,FUN_004604d0,118,0,""
00460550,FUN_00460550,123,0,""
004605d0,FUN_004605d0,118,0,""
00460650,FUN_00460650,325,1,"FUN_0046b5a1 _free"
004607a0,FUN_004607a0,386,5,"EnterCriticalSection FUN_00453a50 FUN_00453b60 FUN_00460450 FUN_004604d0 FUN_00460550 FUN_004605d0 FUN_00461570 LeaveCriticalSection"
00460930,FUN_00460930,289,4,"EnterCriticalSection FUN_00453a50 FUN_00460450 FUN_004604d0 FUN_00460550 FUN_004605d0 FUN_00461570 LeaveCriticalSection"
00460a60,FUN_00460a60,228,3,"EnterCriticalSection FUN_00453a50 FUN_00460450 FUN_00461570 LeaveCriticalSection"
00460b50,FUN_00460b50,79,3,""
00460ba0,FUN_00460ba0,102,2,"FUN_00460b50"
00460c10,FUN_00460c10,128,2,"FUN_00454430 FUN_00460b50"
00460c90,FUN_00460c90,66,2,"FUN_00460b50"
00460ce0,FUN_00460ce0,49,2,"FUN_00460b50"
00460e30,FUN_00460e30,78,2,""
00460ea0,FUN_00460ea0,21,1,"FUN_00460b50"
00460f90,FUN_00460f90,64,0,"FUN_00460b50"
00460fd0,FUN_00460fd0,64,0,"FUN_00460b50"
00461020,FUN_00461020,45,1,"FUN_00460b50"
004611f0,FUN_004611f0,115,0,"_memset"
004613d0,FUN_004613d0,47,2,""
00461410,FUN_00461410,75,1,"FUN_00460b50"
00461460,FUN_00461460,38,2,"FUN_00460b50 FUN_004613d0"
00461570,FUN_00461570,200,0,"FUN_00402f50 FUN_00403240 FUN_0046b53c"
00461690,FUN_00461690,1,0,""
004616e0,FUN_004616e0,12,0,""
00461730,FUN_00461730,147,0,"EnterCriticalSection LeaveCriticalSection"
004617d0,FUN_004617d0,147,0,"EnterCriticalSection LeaveCriticalSection"
00461870,FUN_00461870,303,1,"EnterCriticalSection FUN_00461c40 LeaveCriticalSection"
004619d0,FUN_004619d0,256,0,"EnterCriticalSection FUN_00461c40 LeaveCriticalSection"
00461af0,FUN_00461af0,106,1,"EnterCriticalSection FUN_00461c40 LeaveCriticalSection"
00461c40,FUN_00461c40,125,2,"FUN_0046b5a1"
00461d60,FUN_00461d60,105,0,"FUN_00463660 joyGetDevCapsA joyGetPosEx"
00461e30,FUN_00461e30,799,0,"FUN_004653c0 __security_check_cookie _memset joyGetPosEx"
00462160,FUN_00462160,267,0,"__security_check_cookie _memset joyGetPosEx"
00462270,FUN_00462270,938,0,"FUN_00461e30 FUN_00465340 GetKeyboardState __security_check_cookie"
00462dc0,FUN_00462dc0,75,0,"GetKeyboardState SetKeyboardState __security_check_cookie"
00462e10,FUN_00462e10,280,5,"_free _malloc _memcpy"
00462f30,FUN_00462f30,284,5,"_free _malloc _memcpy"
00463050,FUN_00463050,466,2,"CloseHandle CreateFileA EnterCriticalSection FUN_0042b420 FUN_0044a190 FUN_004653c0 GetFileSize LeaveCriticalSection ReadFile __stricmp _malloc _strrchr"
00463230,FUN_00463230,141,1,"CloseHandle CreateFileA EnterCriticalSection LeaveCriticalSection"
004632c0,FUN_004632c0,297,1,"CloseHandle CreateFileA EnterCriticalSection FUN_004653c0 FormatMessageA GetLastError LeaveCriticalSection LocalFree WriteFile"
004633f0,FUN_004633f0,180,0,"CreateFileA EnterCriticalSection FUN_004653c0 FormatMessageA GetLastError LeaveCriticalSection LocalFree"
004634b0,FUN_004634b0,180,0,"CreateFileA EnterCriticalSection FUN_004653c0 FormatMessageA GetLastError LeaveCriticalSection LocalFree"
00463570,FUN_00463570,88,2,"CloseHandle LeaveCriticalSection WriteFile"
004635d0,FUN_004635d0,69,0,"CloseHandle ReadFile _malloc"
00463620,FUN_00463620,49,0,"CloseHandle LeaveCriticalSection"
00463660,FUN_00463660,211,2,"EnterCriticalSection LeaveCriticalSection __alloca_probe __security_check_cookie _vsprintf"
00463740,FUN_00463740,207,1,"EnterCriticalSection LeaveCriticalSection __security_check_cookie _vsprintf"
00463810,FUN_00463810,105,0,"EnterCriticalSection LeaveCriticalSection"
00463880,FUN_00463880,153,0,"EnterCriticalSection LeaveCriticalSection"
004639c0,FUN_004639c0,45,0,"FUN_00463810"
004639f0,FUN_004639f0,36,0,"FUN_00463880"
00463a20,FUN_00463a20,42,0,"FUN_00463880"
00463a80,FUN_00463a80,157,2,""
00463b20,FUN_00463b20,145,1,""
00463bc0,FUN_00463bc0,94,1,"FUN_0048d110 FUN_0048d240"
00463d40,FUN_00463d40,61,0,""
00463d80,FUN_00463d80,48,0,""
00463db0,FUN_00463db0,121,1,""
00463e60,FUN_00463e60,96,3,"FUN_0048ca30"
00463ec0,FUN_00463ec0,83,0,"FUN_0048ca30"
00463f30,FUN_00463f30,98,0,"_memset"
00464030,FUN_00464030,77,1,""
004640a0,FUN_004640a0,36,2,"FUN_004640f0 FUN_0046b5a1"
004640d0,FUN_004640d0,16,1,"FUN_004640f0"
004640f0,FUN_004640f0,101,0,"CloseHandle Sleep WaitForSingleObject"
00464160,FUN_00464160,56,1,"FUN_004640f0 __beginthreadex"
00464200,FUN_00464200,110,0,"FUN_00463b20 FUN_00465290"
00464270,FUN_00464270,243,0,"FUN_0043b010 FUN_00463b20 FUN_00463bc0 FUN_00465220 FUN_00465290"
00464370,FUN_00464370,202,0,"FUN_0043b010 FUN_00463b20 FUN_00463bc0 FUN_00465220 FUN_00465290"
00464440,FUN_00464440,7,0,""
00464740,FUN_00464740,218,8,"FUN_0048d110 FUN_0048d240"
00464820,FUN_00464820,246,8,""
00464920,FUN_00464920,542,9,"FUN_0048d110 FUN_0048d240"
00464b40,FUN_00464b40,228,9,"FUN_0048d110 FUN_0048d240"
00464c30,FUN_00464c30,505,8,""
00464fd0,FUN_00464fd0,353,8,"FUN_00464c30 FUN_00465140"
00465140,FUN_00465140,105,6,""
00465220,FUN_00465220,99,0,"FUN_0048cec0"
00465290,FUN_00465290,30,3,""
00465340,FUN_00465340,115,1,""
004653c0,FUN_004653c0,1,0,""
00465590,FUN_00465590,272,1,"__security_check_cookie"
004656a0,FUN_004656a0,698,8,"CloseHandle FUN_00466550 FUN_00466a20 FUN_0046b53c FUN_0046b5a1 __security_check_cookie"
00465990,FUN_00465990,657,11,"FUN_00466550 FUN_0046b53c FUN_0046b5a1 __security_check_cookie"
00465c30,FUN_00465c30,119,3,"FUN_00465ed0 FUN_0046b53c"
00465cb0,FUN_00465cb0,30,2,"FUN_00465e40 FUN_0046b5a1"
00465cd0,FUN_00465cd0,353,0,"FUN_0046b53c FUN_0046b5a1"
00465e40,FUN_00465e40,133,1,"CloseHandle FUN_0046b5a1"
00465ed0,FUN_00465ed0,582,1,"FUN_00466cd0 SetFilePointer Sleep _memset"
00466120,FUN_00466120,93,0,"Sleep"
00466180,FUN_00466180,100,1,"_rand"
004661f0,FUN_004661f0,19,1,""
00466250,FUN_00466250,133,1,"FUN_00465ed0 FUN_00466120 FUN_00466180 FUN_004662e0 FUN_004664c0"
004662e0,FUN_004662e0,125,2,"FUN_0048ca30"
00466360,FUN_00466360,129,1,"CloseHandle"
004663f0,FUN_004663f0,117,0,"CloseHandle SetFilePointer"
00466470,FUN_00466470,77,0,"FUN_00466b10"
004664c0,FUN_004664c0,52,0,""
00466550,FUN_00466550,48,4,"FUN_00465c30"
00466580,FUN_00466580,36,2,"FUN_00465e40 FUN_0046b5a1"
004666d0,FUN_004666d0,543,1,"FUN_00465ed0 FUN_00466120 FUN_00466be0 FUN_00466cd0 _memset"
004668f0,FUN_004668f0,228,1,"FUN_00465ed0 FUN_00466120 SetFilePointer"
00466a20,FUN_00466a20,226,0,"CreateFileA FUN_00466df0 FormatMessageA GetLastError LocalFree SetFilePointer"
00466b10,FUN_00466b10,130,1,"FUN_00466a20 FUN_00466be0 FUN_00466df0"
00466be0,FUN_00466be0,236,0,"SetFilePointer"
00466cd0,FUN_00466cd0,192,2,"ReadFile _memcpy"
00466df0,FUN_00466df0,1,0,""
00466e00,FUN_00466e00,1,0,""
00466e60,FUN_00466e60,613,1,"FUN_00466e00 FUN_00468f40 FUN_00468fb0 FUN_00469510 FUN_0048ca30"
004670d0,FUN_004670d0,6952,3,"FUN_00406c10 FUN_00407120 FUN_0040c170 FUN_0040c320 FUN_0040c740 FUN_0041a400 FUN_00463b20 FUN_00463bc0 FUN_00466e60 FUN_00468df0 FUN_00468e90 FUN_00468f40 FUN_00469050 FUN_00469080 FUN_004690e0 FUN_00469130 FUN_004691d0 FUN_00469200 FUN_00469220 FUN_00469290 FUN_00469660 FUN_00469710 FUN_00469750 FUN_0048ca30"
00468d60,FUN_00468d60,143,2,"FUN_004670d0 FUN_0046b5a1"
00468df0,FUN_00468df0,146,3,"FUN_0048ca30"
00468e90,FUN_00468e90,175,1,"FUN_0048ca30"
00468f40,FUN_00468f40,100,2,"FUN_0048ca30"
00468fb0,FUN_00468fb0,145,3,"FUN_0048ca30"
00469050,FUN_00469050,48,0,""
00469080,FUN_00469080,89,2,"FUN_0048ca30"
004690e0,FUN_004690e0,73,2,"FUN_0048ca30"
00469130,FUN_00469130,148,2,"FUN_0040f670 FUN_00466e60 FUN_0046b53c"
004691d0,FUN_004691d0,29,1,""
00469200,FUN_00469200,31,0,""
00469220,FUN_00469220,101,2,""
00469290,FUN_00469290,30,3,""
00469300,FUN_00469300,513,2,"_free _malloc _memcpy"
00469510,FUN_00469510,126,1,""
00469590,FUN_00469590,127,1,"FUN_0040f670 FUN_00469510 FUN_0046b53c"
00469660,FUN_00469660,71,3,""
00469710,FUN_00469710,64,1,""
00469750,FUN_00469750,41,0,""
0046979c,DirectInput8Create,6,0,""
0046b1f0,DirectSoundCreate8,6,0,""
0046b1f6,Direct3DCreate9,6,0,""
0046b1fc,D3DXVec3Normalize,6,0,""
0046b202,D3DXMatrixTranslation,6,0,""
0046b208,D3DXVec3ProjectArray,6,0,""
0046b20e,D3DXVec2Normalize,6,0,""
0046b214,D3DXVec3Project,6,0,""
0046b21a,D3DXMatrixLookAtLH,6,0,""
0046b220,D3DXMatrixPerspectiveFovLH,6,0,""
0046b226,D3DXLoadSurfaceFromMemory,6,0,""
0046b22c,D3DXCreateTexture,6,0,""
0046b232,D3DXMatrixRotationX,6,0,""
0046b238,D3DXMatrixMultiply,6,0,""
0046b23e,D3DXMatrixRotationY,6,0,""
0046b244,D3DXMatrixRotationZ,6,0,""
0046b24a,D3DXVec3Transform,6,0,""
0046b250,D3DXCreateTextureFromFileInMemoryEx,6,0,""
0046b256,D3DXLoadSurfaceFromFileInMemory,6,0,""
0046b25c,D3DXLoadSurfaceFromSurface,6,0,""
0046b382,WINNLSEnableIME,6,0,""
0046b484,__security_check_cookie,15,1,"___report_gsfailure"
0046b493,_free,133,1,"FUN_0046b4e9 GetLastError HeapFree __SEH_epilog4 __SEH_prolog4 ___sbh_find_block ___sbh_free_block __errno __get_errno_from_oserr __lock"
0046b4e9,FUN_0046b4e9,9,0,"FUN_0046d4a0"
0046b521,bad_alloc,27,1,"exception"
0046b53c,FUN_0046b53c,100,1,"FUN_0044dbe0 __CxxThrowException@8 __callnewh _atexit _malloc bad_alloc"
0046b5a1,FUN_0046b5a1,11,1,"_free"
0046b5ac,__vsprintf_l,126,4,"__errno __flsbuf __invalid_parameter __output_l"
0046b62a,_vsprintf,26,3,"__vsprintf_l"
0046b644,FID_conflict:__vscprintf_helper,87,4,"__errno __invalid_parameter"
0046b69b,FID_conflict:__vscprintf_p,28,2,"FID_conflict:__vscprintf_helper"
0046b6b7,FID_conflict:__vscprintf_p_l,29,3,"FID_conflict:__vscprintf_helper"
0046b6d4,FID_conflict:__vscprintf_p,28,2,"FID_conflict:__vscprintf_helper"
0046b6f0,FID_conflict:__vscprintf_p_l,29,3,"FID_conflict:__vscprintf_helper"
0046b70d,_sprintf,125,2,"__errno __flsbuf __invalid_parameter __output_l"
0046b78a,__sprintf_l,28,3,"__vsprintf_l"
0046b7a6,_sprintf_s,30,3,"__vsprintf_s_l"
0046b7c4,__sprintf_s_l,31,4,"__vsprintf_s_l"
0046b7e3,__snprintf_s,33,4,"__vsnprintf_s_l"
0046b804,__snprintf_s_l,34,5,"__vsnprintf_s_l"
0046b826,FUN_0046b826,30,3,"__vsprintf_p_l"
0046b844,FUN_0046b844,31,4,"__vsprintf_p_l"
0046b863,FUN_0046b863,21,1,"FID_conflict:__vscprintf_p"
0046b878,FUN_0046b878,21,1,"FID_conflict:__vscprintf_p"
0046b88d,FUN_0046b88d,25,2,"FID_conflict:__vscprintf_p_l"
0046b8a6,FUN_0046b8a6,25,2,"FID_conflict:__vscprintf_p_l"
0046b8bf,name,20,2,"_Name_base"
0046b8d3,~type_info,16,1,"_Type_info_dtor"
0046b8e3,`scalar_deleting_destructor',33,2,"FUN_0046b5a1 ~type_info"
0046b904,_name_internal_method,20,2,"_Name_base_internal"
0046b922,operator==,32,2,"_strcmp"
0046b942,operator!=,33,2,"_strcmp"
0046b963,before,36,2,"_strcmp"
0046b987,FUN_0046b987,4,1,""
0046b99b,`eh_vector_constructor_iterator',77,5,"FUN_0046b9e8 __SEH_epilog4 __SEH_prolog4"
0046b9e8,FUN_0046b9e8,24,0,"__ArrayUnwind"
0046ba12,__ArrayUnwind,50,4,"__SEH_epilog4 __SEH_prolog4"
0046ba70,`eh_vector_destructor_iterator',75,4,"FUN_0046babb __SEH_epilog4 __SEH_prolog4"
0046babb,FUN_0046babb,24,0,"__ArrayUnwind"
0046bad3,_V6_HeapAlloc,70,1,"FUN_0046bb19 __SEH_epilog4 __SEH_prolog4 ___sbh_alloc_block __lock"
0046bb19,FUN_0046bb19,9,0,"FUN_0046d4a0"
0046bb22,__heap_alloc,122,1,"HeapAlloc _V6_HeapAlloc __FF_MSGBANNER __NMSG_WRITE ___crtExitProcess"
0046bb9c,_malloc,202,1,"HeapAlloc _V6_HeapAlloc __FF_MSGBANNER __NMSG_WRITE ___crtExitProcess __callnewh __errno"
0046bc66,_atol,22,1,"_strtol"
0046bc7c,FUN_0046bc7c,25,2,"__strtol_l"
0046bc95,FUN_0046bc95,11,1,"_atol"
0046bca0,FUN_0046bca0,11,2,"FUN_0046bc7c"
0046bcab,FUN_0046bcab,22,1,"__strtoi64"
0046bcc1,FUN_0046bcc1,25,2,"__strtoi64_l"
0046bcf0,_strchr,195,2,""
0046bdae,__onexit_nolock,186,1,"__decode_pointer __encode_pointer __msize __realloc_crt"
0046be99,__onexit,54,1,"FUN_0046becf FUN_00471569 __SEH_epilog4 __SEH_prolog4 __onexit_nolock"
0046becf,FUN_0046becf,6,0,"FUN_00471572"
0046bed5,_atexit,23,1,"__onexit"
0046beec,__endthread,72,0,"CloseHandle ExitThread FUN_0048c992 __IsNonwritableInCurrentImage __freeptd __getptd_noexit"
0046bf35,__callthreadstart,53,0,"__SEH_prolog4 __XcptFilter __endthread __getptd"
0046bf76,__threadstart@4,119,1,"ExitThread FUN_00472199 FUN_0048c992 GetLastError __IsNonwritableInCurrentImage ___fls_getvalue@4 ___fls_setvalue@8 ___set_flsgetvalue __callthreadstart __freefls@4"
0046bfed,__beginthread,185,3,"CreateThread GetLastError ResumeThread ___set_flsgetvalue __calloc_crt __dosmaperr __errno __getptd __initptd __invalid_parameter _free"
0046c0b0,_strrchr,45,2,""
0046c0dd,_strncmp,192,3,""
0046c19d,vscan_fn,106,4,"__errno __invalid_parameter _strlen"
0046c207,FID_conflict:_sscanf,34,2,"vscan_fn"
0046c229,FID_conflict:__sscanf_s_l,35,3,"vscan_fn"
0046c24c,FID_conflict:_sscanf,34,2,"vscan_fn"
0046c26e,FID_conflict:__sscanf_s_l,35,3,"vscan_fn"
0046c291,__invoke_watson_if_error,33,6,"__invoke_watson"
0046c2b5,__localtime64_s,687,2,"___tzset __alldiv __allrem __errno __get_daylight __get_dstbias __get_timezone __gmtime64_s __invalid_parameter __invoke_watson __isindst _memset"
0046c56d,__localtime64,39,1,"___getgmtimebuf __localtime64_s"
0046c594,__time64,81,1,"GetSystemTimeAsFileTime __aulldiv"
0046c5e5,__chdir,312,1,"GetCurrentDirectoryA GetLastError SetCurrentDirectoryA SetEnvironmentVariableA ___doserrno __calloc_crt __dosmaperr __errno __invalid_parameter __mbctoupper __security_check_cookie _free"
0046c71d,FUN_0046c71d,50,1,"CreateDirectoryA GetLastError __dosmaperr"
0046c74f,__purecall,42,0,"__NMSG_WRITE __decode_pointer __set_abort_behavior _abort"
0046c779,FID_conflict:__set_inconsistency,39,1,"__decode_pointer __encode_pointer"
0046c7ad,exception,17,1,""
0046c7be,exception,83,2,"_malloc _strcpy_s _strlen"
0046c811,exception,29,3,""
0046c82e,exception,93,2,"_malloc _strcpy_s _strlen"
0046c88b,operator=,91,2,"_malloc _strcpy_s _strlen"
0046c8e6,~exception,22,1,"_free"
0046c8fc,FUN_0046c8fc,13,1,""
0046c909,FUN_0046c909,30,1,"exception"
0046c927,FUN_0046c927,29,2,"exception"
0046c94f,bad_typeid,30,2,"exception"
0046c96d,FUN_0046c96d,29,2,"exception"
0046c995,__non_rtti_object,29,2,"bad_typeid"
0046c9b2,FUN_0046c9b2,29,2,"FUN_0046c96d"
0046c9da,FUN_0046c9da,33,2,"FUN_0046b5a1 ~exception"
0046c9fb,FUN_0046c9fb,39,2,"FUN_0046b5a1 ~exception"
0046ca22,FUN_0046ca22,39,2,"FUN_0046b5a1 ~exception"
0046ca49,FUN_0046ca49,39,2,"FUN_0046b5a1 ~exception"
0046ca70,_memcpy_s,125,4,"__errno __invalid_parameter _memcpy _memset"
0046caed,_memmove_s,93,4,"__errno __invalid_parameter _memmove"
0046cb4a,_LocaleUpdate,135,2,"___updatetlocinfo ___updatetmbcinfo __getptd"
0046cbe2,___ascii_stricmp,57,2,""
0046cc1b,__stricmp_l,213,3,"_LocaleUpdate ___ascii_stricmp __errno __invalid_parameter __tolower_l"
0046ccf0,__stricmp,82,2,"___ascii_stricmp __errno __invalid_parameter __stricmp_l"
0046cd42,__endthreadex,60,1,"ExitThread FUN_0048c992 __IsNonwritableInCurrentImage __freeptd __getptd_noexit"
0046cd7f,__callthreadstartex,53,0,"__SEH_prolog4 __XcptFilter __endthreadex __getptd"
0046cdc0,__threadstartex@4,131,1,"ExitThread FUN_00472199 FUN_0048c992 GetCurrentThreadId GetLastError __IsNonwritableInCurrentImage ___fls_getvalue@4 ___fls_setvalue@8 ___set_flsgetvalue __callthreadstartex __freefls@4"
0046ce43,__beginthreadex,176,6,"CreateThread GetLastError ___set_flsgetvalue __calloc_crt __dosmaperr __errno __getptd __initptd __invalid_parameter _free"
0046cef3,FUN_0046cef3,18,1,"__getptd"
0046cf05,_rand,34,0,"__getptd"
0046cf27,fast_error_exit,41,1,"__FF_MSGBANNER __NMSG_WRITE ___crtExitProcess"
0046cf97,___tmainCRTStartup,310,0,"FUN_0044dfd0 GetCommandLineA GetStartupInfoA __RTC_Initialize __SEH_epilog4 __SEH_prolog4 ___crtGetEnvironmentStringsA __amsg_exit __cexit __cinit __heap_init __ioinit __mtinit __setargv __setenvp __wincmdln _exit fast_error_exit"
0046d115,entry,10,0,"___security_init_cookie ___tmainCRTStartup"
0046d11f,___report_gsfailure,262,0,"FUN_00478d69 GetCurrentProcess IsDebuggerPresent SetUnhandledExceptionFilter TerminateProcess UnhandledExceptionFilter"
0046d225,__get_errno_from_oserr,66,1,""
0046d267,__errno,19,0,"__getptd_noexit"
0046d27a,___doserrno,19,0,"__getptd_noexit"
0046d28d,__dosmaperr,35,1,"___doserrno __errno __get_errno_from_oserr"
0046d2b0,FID_conflict:__set_doserrno,33,1,"__errno __getptd_noexit"
0046d2d1,FUN_0046d2d1,47,1,"__errno __invalid_parameter"
0046d300,FID_conflict:__set_doserrno,33,1,"___doserrno __getptd_noexit"
0046d321,FUN_0046d321,47,1,"___doserrno __invalid_parameter"
0046d354,__heap_init,48,0,"HeapCreate"
0046d3fe,__mtinitlocks,75,0,"___crtInitCritSecAndSpinCount"
0046d449,__mtdeletelocks,87,0,"DeleteCriticalSection _free"
0046d4a0,FUN_0046d4a0,23,1,"LeaveCriticalSection"
0046d4cf,__mtinitlocknum,186,1,"FUN_0046d589 __FF_MSGBANNER __NMSG_WRITE __SEH_epilog4 __SEH_prolog4 ___crtExitProcess ___crtInitCritSecAndSpinCount __errno __lock __malloc_crt _free"
0046d589,FUN_0046d589,9,0,"FUN_0046d4a0"
0046d592,__lock,51,1,"EnterCriticalSection __amsg_exit __mtinitlocknum"
0046d5e6,__set_amblksiz,75,1,"__errno __invalid_parameter"
0046d631,FUN_0046d631,65,1,"__errno __invalid_parameter"
0046d672,___sbh_heap_init,78,1,"HeapAlloc"
0046d6c0,___sbh_find_block,48,1,""
0046d6f0,___sbh_free_block,790,2,"HeapFree VirtualFree _memmove"
0046da06,___sbh_alloc_new_region,176,0,"HeapAlloc HeapFree HeapReAlloc VirtualAlloc"
0046dab6,___sbh_alloc_new_group,264,1,"VirtualAlloc"
0046dbbe,___sbh_resize_block,737,3,""
0046df6c,___sbh_heap_check,740,0,""
0046e250,__set_sbh_threshold,175,1,"___sbh_heap_init __errno __invalid_parameter"
0046e2ff,___sbh_alloc_block,741,1,"___sbh_alloc_new_group ___sbh_alloc_new_region"
0046e5e4,__SEH_prolog4,69,2,""
0046e629,__SEH_epilog4,20,0,""
0046e670,__except_handler4,396,3,"_EH4_CallFilterFunc _EH4_GlobalUnwind _EH4_LocalUnwind _EH4_TransferToHandler __IsNonwritableInCurrentImage ___DestructExceptionObject __security_check_cookie"
0046e7fc,FUN_0046e7fc,15,1,""
0046e80b,_set_new_handler,54,1,"FUN_0046d4a0 __decode_pointer __encode_pointer __lock"
0046e857,__callnewh,40,1,"__decode_pointer"
0046e87f,__CxxThrowException@8,76,2,"RaiseException"
0046e8cb,__flsbuf,356,2,"FUN_0047998d __errno __fileno __getbuf __isatty __lseeki64 __write"
0046ea2f,write_char,51,0,"__flsbuf"
0046ea62,write_multi_char,38,2,"write_char"
0046ea88,write_string,77,1,"__errno write_char"
0046ead5,FUN_0046ead5,18,1,""
0046eae7,FUN_0046eae7,21,1,""
0046eafc,FUN_0046eafc,19,1,""
0046eb0f,__output_l,2935,4,"_LocaleUpdate __aulldvrm __decode_pointer __errno __fileno __get_printf_count_output __invalid_parameter __isleadbyte_l __malloc_crt __security_check_cookie _free _strlen _wctomb_s write_char write_multi_char write_string"
0046f6a7,FUN_0046f6a7,15,1,""
0046f6b6,__invoke_watson,296,5,"FUN_00478d69 GetCurrentProcess IsDebuggerPresent SetUnhandledExceptionFilter TerminateProcess UnhandledExceptionFilter __security_check_cookie _memset"
0046f7de,FID_conflict:__set_inconsistency,39,1,"__decode_pointer __encode_pointer"
0046f812,FUN_0046f812,11,5,"__invoke_watson"
0046f81d,__invalid_parameter,38,5,"FUN_00478d69 __decode_pointer __invoke_watson"
0046f853,FUN_0046f853,11,5,"__invalid_parameter"
0046f85e,__validate_param_reuseA,299,4,""
0046f989,write_char,51,0,"__flsbuf"
0046f9bc,write_multi_char,38,2,"write_char"
0046f9e2,write_string,77,1,"__errno write_char"
0046fa2f,FUN_0046fa2f,21,1,""
0046fa44,__output_p_l,916,4,"_LocaleUpdate __errno __fileno __invalid_parameter __security_check_cookie _memset _strtol"
00470d04,__vsnprintf_helper,204,6,"__errno __flsbuf __invalid_parameter"
00470dd0,FID_conflict:__vsnprintf_c,41,4,"__vsnprintf_helper"
00470df9,__vsnprintf_c_l,42,5,"__vsnprintf_helper"
00470e23,__vsprintf_s_l,136,5,"__errno __invalid_parameter __vsnprintf_helper"
00470eab,_vsprintf_s,29,4,"__vsprintf_s_l"
00470ec8,__vsnprintf_s_l,263,6,"__errno __invalid_parameter __vsnprintf_helper"
00470fcf,__vsnprintf_s,32,5,"__vsnprintf_s_l"
00470fef,FID_conflict:__vsnprintf_c,41,4,"__vsnprintf_helper"
00471018,__vsprintf_p_l,42,5,"__vsnprintf_helper"
00471042,_Type_info_dtor,103,1,"FUN_004710a9 __SEH_epilog4 __SEH_prolog4 __lock _free"
004710a9,FUN_004710a9,9,0,"FUN_0046d4a0"
004710b2,_Name_base,230,2,"FUN_0047119e __SEH_epilog4 __SEH_prolog4 ___unDName __invoke_watson __lock _free _malloc _strcpy_s _strlen"
0047119e,FUN_0047119e,9,0,"FUN_0046d4a0"
00471217,___unDNameHelper,51,4,"___unDName"
0047124a,_Name_base_internal,256,2,"FUN_00471350 __SEH_epilog4 __SEH_prolog4 ___unDNameHelper __invoke_watson __local_unwind4 __lock _free _malloc _strcpy_s _strlen"
00471350,FUN_00471350,9,0,"FUN_0046d4a0"
004713b0,_strcmp,135,2,""
00471438,terminate,44,0,"__SEH_prolog4 __getptd _abort"
00471471,FUN_00471471,19,0,"__getptd terminate"
00471484,_inconsistency,49,0,"__SEH_prolog4 __decode_pointer terminate"
004714bc,__initp_eh_hooks,17,0,"__encode_pointer"
004714cd,__crt_waiting_on_module_handle,48,1,"GetModuleHandleW Sleep"
004714fd,__amsg_exit,41,1,"__FF_MSGBANNER __NMSG_WRITE __decode_pointer"
00471526,___crtCorExitProcess,43,1,"GetModuleHandleW GetProcAddress"
00471551,___crtExitProcess,23,1,"ExitProcess ___crtCorExitProcess"
00471569,FUN_00471569,9,0,"__lock"
00471572,FUN_00471572,9,0,"FUN_0046d4a0"
0047157b,__initterm,29,1,""
00471598,__initterm_e,36,2,""
004715bc,FUN_004715bc,60,1,"__errno __invalid_parameter"
004715f8,FUN_004715f8,60,1,"__errno __invalid_parameter"
00471634,__cinit,133,1,"__IsNonwritableInCurrentImage __fpmath __initp_misc_cfltcvt_tab __initterm __initterm_e _atexit"
004716b9,doexit,285,3,"FUN_0046d4a0 FUN_004717d0 __SEH_epilog4 __SEH_prolog4 ___crtExitProcess __decode_pointer __encoded_null __initterm __lock"
004717d0,FUN_004717d0,15,0,"FUN_0046d4a0"
004717e5,_exit,22,1,"doexit"
004717fb,__exit,22,1,"doexit"
00471811,__cexit,15,0,"doexit"
0047182f,__init_pointers,78,0,"FUN_0046e7fc FUN_0046f6a7 FUN_00472a3d FUN_00476258 FUN_00478d71 FUN_00480779 __encode_pointer __encoded_null __initp_eh_hooks __initp_misc_winsig"
0047187d,__NMSG_WRITE,410,1,"GetModuleFileNameA GetStdHandle WriteFile ___crtMessageBoxA __invoke_watson __set_error_mode _strcat_s _strcpy_s _strlen _strncpy_s"
00471a28,__GET_RTERRMSG,38,1,""
00471a4e,__FF_MSGBANNER,57,0,"__NMSG_WRITE __set_error_mode"
00471a87,strtoxl,559,5,"_LocaleUpdate __errno __invalid_parameter __isctype_l"
00471cb6,_strtol,43,3,"strtoxl"
00471ce1,__strtol_l,29,4,"strtoxl"
00471cfe,_strtoul,44,3,"strtoxl"
00471d2a,__strtoul_l,29,4,"strtoxl"
00471d47,strtoxq,663,5,"_LocaleUpdate __allmul __aulldvrm __errno __invalid_parameter __isctype_l"
00471fde,__strtoi64,43,3,"strtoxq"
00472009,__strtoi64_l,29,4,"strtoxq"
00472026,__strtoui64,44,3,"strtoxq"
00472052,__strtoui64_l,29,4,"strtoxq"
0047206f,__crt_wait_module_handle,26,1,"GetModuleHandleW __crt_waiting_on_module_handle"
00472089,__encode_pointer,114,1,"GetModuleHandleW GetProcAddress TlsGetValue __crt_waiting_on_module_handle"
004720fb,__encoded_null,9,0,"__encode_pointer"
00472104,__decode_pointer,114,1,"GetModuleHandleW GetProcAddress TlsGetValue __crt_waiting_on_module_handle"
0047217f,___fls_getvalue@4,26,1,"TlsGetValue"
00472199,FUN_00472199,6,0,""
0047219f,___set_flsgetvalue,52,0,"TlsGetValue TlsSetValue __decode_pointer"
004721d3,___fls_setvalue@8,29,2,"__decode_pointer"
004721f0,__mtterm,61,0,"TlsFree __decode_pointer __mtdeletelocks"
0047222d,__initptd,207,2,"FUN_00472302 FUN_0047230b GetModuleHandleW GetProcAddress InterlockedIncrement __SEH_epilog4 __SEH_prolog4 ___addlocaleref __crt_waiting_on_module_handle __lock"
00472302,FUN_00472302,9,0,"FUN_0046d4a0"
0047230b,FUN_0047230b,9,0,"FUN_0046d4a0"
00472314,__getptd_noexit,121,0,"GetCurrentThreadId GetLastError SetLastError ___set_flsgetvalue __calloc_crt __decode_pointer __initptd _free"
0047238d,__getptd,26,0,"__amsg_exit __getptd_noexit"
004723a7,__freefls@4,279,1,"FUN_004724c1 FUN_004724cd InterlockedDecrement __SEH_epilog4 __SEH_prolog4 ___freetlocinfo ___removelocaleref __lock _free"
004724c1,FUN_004724c1,9,0,"FUN_0046d4a0"
004724cd,FUN_004724cd,9,0,"FUN_0046d4a0"
004724d6,__freeptd,110,1,"TlsGetValue TlsSetValue __decode_pointer __freefls@4"
00472550,__mtinit,397,0,"GetCurrentThreadId GetModuleHandleW GetProcAddress TlsAlloc TlsSetValue __calloc_crt __crt_waiting_on_module_handle __decode_pointer __encode_pointer __init_pointers __initptd __mtinitlocks __mtterm"
004726dd,wait_a_bit,38,1,"Sleep"
00472703,FUN_00472703,21,1,""
00472718,__malloc_crt,69,1,"Sleep _malloc"
0047275d,__calloc_crt,76,2,"Sleep __calloc_impl"
004727a9,__realloc_crt,78,2,"Sleep _realloc"
004727f7,__recalloc_crt,82,3,"Sleep __recalloc"
00472849,__msize,146,1,"FUN_004728e3 HeapSize __SEH_epilog4 __SEH_prolog4 ___sbh_find_block __errno __invalid_parameter __lock"
004728e3,FUN_004728e3,9,0,"FUN_0046d4a0"
004728f0,__ValidateImageBase,53,1,""
00472930,__FindPESection,68,2,""
00472980,__IsNonwritableInCurrentImage,166,1,"__FindPESection __ValidateImageBase"
00472a3d,FUN_00472a3d,1,0,""
00472a3e,xcptlookup,53,1,""
00472a73,__XcptFilter,352,2,"__getptd_noexit"
00472bd3,___CppXcptFilter,32,2,"__XcptFilter"
00472c00,_strlen,139,1,""
00472c8b,___check_float_string,87,3,"__calloc_crt __recalloc_crt _memcpy"
00472ce2,FUN_00472ce2,18,1,""
00472cf4,__hextodec,32,1,"_isdigit"
00472d14,__inc,22,2,"__filbuf"
00472d2a,__un_inc,19,2,"__ungetc_nolock"
00472d3d,__whiteout,42,2,"__inc _isspace"
00472d67,__input_l,4029,4,"_LocaleUpdate ___check_float_string __allmul __decode_pointer __errno __fileno __hextodec __inc __invalid_parameter __mbtowc_l __security_check_cookie __un_inc __whiteout _free _isdigit _isleadbyte _isspace _isxdigit _memset"
00473d24,___check_float_string,87,3,"__calloc_crt __recalloc_crt _memcpy"
00473d7b,__hextodec,32,1,"_isdigit"
00473d9b,__inc,22,2,"__filbuf"
00473db1,__un_inc,19,2,"__ungetc_nolock"
00473dc4,__whiteout,42,2,"__inc _isspace"
00473dee,__input_s_l,4388,4,"_LocaleUpdate ___check_float_string __allmul __decode_pointer __errno __fileno __hextodec __inc __invalid_parameter __mbtowc_l __security_check_cookie __un_inc __whiteout _free _isdigit _isleadbyte _isspace _isxdigit _memset"
00474f12,FID_conflict:__set_dstbias,17,1,"FUN_00475adb"
00474f23,FID_conflict:__set_dstbias,17,1,"FUN_00475ae1"
00474f34,FID_conflict:__set_dstbias,17,1,"FUN_00475ae7"
00474f45,__tzset_nolock,799,0,"FID_conflict:__set_dstbias FID_conflict:__set_dstbias FID_conflict:__set_dstbias FUN_004751f1 FUN_00475adb FUN_00475ae7 FUN_00475aed GetTimeZoneInformation WideCharToMultiByte __SEH_epilog4 __SEH_prolog4 ____lc_codepage_func __get_daylight __get_dstbias __get_timezone __getenv_helper_nolock __invoke_watson __lock __malloc_crt _atol _free _strcmp _strcpy_s _strlen _strncpy_s"
004751f1,FUN_004751f1,9,0,"FUN_0046d4a0"
0047528b,cvtdate,500,9,"__get_dstbias __invoke_watson"
00475482,__isindst_nolock,469,0,"__get_daylight __invoke_watson cvtdate"
0047565a,___tzset,70,0,"FUN_004756a0 __SEH_epilog4 __SEH_prolog4 __lock __tzset_nolock"
004756a0,FUN_004756a0,9,0,"FUN_0046d4a0"
004756e1,__isindst,56,1,"FUN_00475719 __SEH_epilog4 __SEH_prolog4 __isindst_nolock __lock"
00475719,FUN_00475719,9,0,"FUN_0046d4a0"
00475722,__gmtime64_s,579,2,"__alldiv __allmul __errno __invalid_parameter _memset"
00475965,__gmtime64,39,1,"___getgmtimebuf __gmtime64_s"
0047598c,__get_daylight,57,1,"__errno __invalid_parameter"
004759c5,__get_dstbias,57,1,"__errno __invalid_parameter"
004759fe,__get_timezone,57,1,"__errno __invalid_parameter"
00475a37,__get_tzname,164,4,"__errno __invalid_parameter _strcpy_s _strlen"
00475adb,FUN_00475adb,6,0,""
00475ae1,FUN_00475ae1,6,0,""
00475ae7,FUN_00475ae7,6,0,""
00475aed,FUN_00475aed,6,0,""
00475b00,_memset,122,3,"__VEC_memzero"
00475b80,__alldiv,170,4,""
00475c30,__allrem,178,4,""
00475ce2,__gmtime32_s,307,2,"__errno __invalid_parameter _memset"
00475e15,___getgmtimebuf,55,0,"__errno __getptd_noexit __malloc_crt"
00475e4c,__gmtime32,39,1,"___getgmtimebuf __gmtime32_s"
00475e80,__aulldiv,104,4,""
00475ee8,__mbctoupper_l,166,2,"_LocaleUpdate ___crtLCMapStringA"
00475f8e,__mbctoupper,19,1,"__mbctoupper_l"
00475fa1,_abort,279,0,"SetUnhandledExceptionFilter UnhandledExceptionFilter __NMSG_WRITE ___get_sigabrt __exit _memset _raise"
004760b8,__set_abort_behavior,33,2,""
004760d9,___getlocaleinfo,380,5,"GetLastError ___crtGetLocaleInfoA ___crtGetLocaleInfoW __calloc_crt __invoke_watson __security_check_cookie _free _isdigit _strncpy_s"
00476258,FUN_00476258,15,1,""
00476267,_strcpy_s,104,3,"__errno __invalid_parameter"
004762d0,_memcpy,711,3,"__VEC_memcpy"
00476640,_memmove,711,3,"__VEC_memcpy"
004769a5,CPtoLCID,47,1,""
004769d4,setSBCS,100,1,"_memset"
00476a38,setSBUpLow,403,1,"GetCPInfo ___crtGetStringTypeA ___crtLCMapStringA __security_check_cookie _memset"
00476bcb,___updatetmbcinfo,152,0,"FUN_00476c66 InterlockedDecrement InterlockedIncrement __SEH_epilog4 __SEH_prolog4 __amsg_exit __getptd __lock _free"
00476c66,FUN_00476c66,9,0,"FUN_0046d4a0"
00476c6f,getSystemCP,124,1,"GetACP GetOEMCP _LocaleUpdate"
00476ceb,__setmbcp_nolock,485,2,"CPtoLCID GetCPInfo IsValidCodePage __security_check_cookie _memset getSystemCP setSBCS setSBUpLow"
00476ed0,__getmbcp,62,0,"_LocaleUpdate"
00476f0e,__setmbcp,399,1,"FUN_0047706f InterlockedDecrement InterlockedIncrement __SEH_epilog4 __SEH_prolog4 ___updatetmbcinfo __errno __getptd __lock __malloc_crt __setmbcp_nolock _free getSystemCP"
0047706f,FUN_0047706f,9,0,"FUN_0046d4a0"
004770a8,___initmbctable,30,0,"__setmbcp"
004770d2,___freetlocinfo,329,1,"___free_lc_time ___free_lconv_mon ___free_lconv_num _free"
0047721b,___addlocaleref,143,1,"InterlockedIncrement"
004772aa,___removelocaleref,153,1,"InterlockedDecrement"
00477343,__copytlocinfo_nolock,38,1,"___addlocaleref"
00477369,__updatetlocinfoEx_nolock,62,0,"___addlocaleref ___freetlocinfo ___removelocaleref"
004773a7,___updatetlocinfo,106,0,"FUN_00477411 __SEH_epilog4 __SEH_prolog4 __amsg_exit __getptd __lock __updatetlocinfoEx_nolock"
00477411,FUN_00477411,12,0,"FUN_0046d4a0"
0047741d,__configthreadlocale,106,1,"__errno __getptd __invalid_parameter"
004774da,__free_locale,170,1,"FUN_00477587 FUN_00477593 InterlockedDecrement __SEH_epilog4 __SEH_prolog4 ___freetlocinfo ___removelocaleref __lock _free"
00477587,FUN_00477587,9,0,"FUN_0046d4a0"
00477593,FUN_00477593,9,0,"FUN_0046d4a0"
0047759c,FUN_0047759c,11,1,"__free_locale"
0047765e,__strcats,61,3,"__invoke_watson _strcat_s"
0047769e,___lc_strtolc,291,2,"__invoke_watson _memset _strcspn _strncpy_s"
004777c7,___lc_lctostr,106,3,"__invoke_watson __strcats _strcpy_s"
00477834,__setlocale_get_all,378,0,"InterlockedDecrement __invoke_watson __malloc_crt __strcats _free _strcat_s _strcmp"
004779b1,__expandlocale,550,5,"___get_qualified_locale ___lc_lctostr ___lc_strtolc __getptd __invoke_watson __security_check_cookie _memcpy _strcmp _strcpy_s _strlen _strncpy_s"
00477be2,__setlocale_set_cat,767,2,"InterlockedDecrement ___crtGetStringTypeA __expandlocale __getptd __invoke_watson __malloc_crt __security_check_cookie _free _memcmp _memcpy _strcmp _strcpy_s _strlen"
00477ee4,__setlocale_nolock,536,3,"__expandlocale __invoke_watson __security_check_cookie __setlocale_get_all __setlocale_set_cat _strcmp _strcspn _strlen _strncmp _strncpy_s _strpbrk"
004780ff,__create_locale,245,2,"___freetlocinfo ___removelocaleref __calloc_crt __copytlocinfo_nolock __errno __setlocale_nolock __setmbcp_nolock _free"
004781f4,FUN_004781f4,11,2,"__create_locale"
0047836f,FUN_0047836f,13,1,""
0047837c,__tolower_l,277,2,"_LocaleUpdate ___crtLCMapStringA __errno __isctype_l __isleadbyte_l"
00478491,_tolower,44,1,"__tolower_l"
004784bd,__CxxUnhandledExceptionFilter,66,1,"terminate"
0047850d,__wincmdln,95,0,"___initmbctable __ismbblead"
0047856c,__setenvp,219,0,"___initmbctable __calloc_crt __invoke_watson _free _strcpy_s _strlen"
0047864a,FUN_0047864a,15,1,""
00478659,parse_cmdline,410,3,"__ismbblead"
004787f3,__setargv,187,0,"GetModuleFileNameA ___initmbctable __malloc_crt parse_cmdline"
004788ae,___crtGetEnvironmentStringsA,311,0,"FreeEnvironmentStringsA FreeEnvironmentStringsW GetEnvironmentStrings GetEnvironmentStringsW GetLastError WideCharToMultiByte __malloc_crt _free _memcpy"
004789e5,__ioinit,582,0,"GetFileType GetStartupInfoA GetStdHandle SetHandleCount __SEH_epilog4 __SEH_prolog4 ___crtInitCritSecAndSpinCount __calloc_crt"
00478c87,__RTC_Initialize,38,0,""
00478cd3,___security_init_cookie,150,0,"GetCurrentProcessId GetCurrentThreadId GetSystemTimeAsFileTime GetTickCount QueryPerformanceCounter"
00478d69,FUN_00478d69,8,0,""
00478d71,FUN_00478d71,15,1,""
00478d80,___crtInitCritSecAndSpinCount,49,2,"InitializeCriticalSectionAndSpinCount __SEH_epilog4 __SEH_prolog4"
00478de0,__local_unwind4,144,3,"FUN_00488304 __NLG_Notify"
00478eb6,FUN_00478eb6,28,1,"__local_unwind4"
00478ed2,_EH4_CallFilterFunc,23,1,""
00478ee9,_EH4_TransferToHandler,25,1,"__NLG_Notify"
00478f02,_EH4_GlobalUnwind,26,1,"RtlUnwind"
00478f1c,_EH4_LocalUnwind,23,4,"__local_unwind4"
00478f33,__lseeki64_nolock,133,3,"GetLastError SetFilePointer __dosmaperr __errno __get_osfhandle"
00478fb8,__lseeki64,271,3,"FUN_004790c7 __SEH_epilog4 __SEH_prolog4 ___doserrno ___lock_fhandle __errno __invalid_parameter __lseeki64_nolock"
004790c7,FUN_004790c7,10,0,"__unlock_fhandle"
004790d1,__write_nolock,1843,3,"GetConsoleCP GetConsoleMode GetLastError WideCharToMultiByte WriteFile ___doserrno __alloca_probe __dosmaperr __errno __getptd __invalid_parameter __isatty __lseeki64_nolock __putwch_nolock __security_check_cookie _isleadbyte _mbtowc"
00479804,__write,210,3,"FUN_004798d6 __SEH_epilog4 __SEH_prolog4 ___doserrno ___lock_fhandle __errno __invalid_parameter __write_nolock"
004798d6,FUN_004798d6,10,0,"__unlock_fhandle"
004798e0,__getbuf,73,1,"__malloc_crt"
00479929,__isatty,100,1,"__errno __invalid_parameter"
0047998d,FUN_0047998d,6,0,""
00479a64,__lock_file,65,1,"EnterCriticalSection __lock"
00479aa5,__lock_file2,50,2,"EnterCriticalSection __lock"
00479ad7,__unlock_file,60,1,"FUN_0046d4a0 LeaveCriticalSection"
00479b13,__unlock_file2,47,2,"FUN_0046d4a0 LeaveCriticalSection"
00479b42,__fileno,50,1,"__errno __invalid_parameter"
00479b74,__initp_misc_cfltcvt_tab,33,0,"__encode_pointer"
00479c44,FUN_00479c44,25,2,"FID_conflict:__vwprintf_s_l"
00479c5d,FUN_00479c5d,25,2,"FID_conflict:__vwprintf_s_l"
00479c76,FUN_00479c76,24,1,"FID_conflict:__vwprintf_s_l"
00479c8e,FUN_00479c8e,25,2,"FID_conflict:__vwprintf_s_l"
00479ca7,FUN_00479ca7,24,1,"FID_conflict:__vwprintf_s_l"
00479cbf,__set_printf_count_output,42,1,""
00479ce9,__get_printf_count_output,22,0,""
00479cff,__wctomb_s_l,364,5,"GetLastError WideCharToMultiByte _LocaleUpdate __errno __invalid_parameter _memset"
00479e6b,_wctomb_s,29,4,"__wctomb_s_l"
00479e88,__wctomb_l,81,3,"_LocaleUpdate __wctomb_s_l"
00479ed9,_wctomb,50,2,"____mb_cur_max_func __wctomb_s_l"
00479f0b,__isleadbyte_l,56,2,"_LocaleUpdate"
00479f43,_isleadbyte,19,1,"__isleadbyte_l"
00479f56,__iswalpha_l,26,2,"__iswctype_l"
00479f70,_iswalpha,22,1,"_iswctype"
00479f86,__iswupper_l,23,2,"__iswctype_l"
00479f9d,_iswupper,19,1,"_iswctype"
00479fb0,__iswlower_l,23,2,"__iswctype_l"
00479fc7,_iswlower,19,1,"_iswctype"
00479fda,__iswdigit_l,23,2,"__iswctype_l"
00479ff1,_iswdigit,19,1,"_iswctype"
0047a004,__iswxdigit_l,26,2,"__iswctype_l"
0047a01e,_iswxdigit,22,1,"_iswctype"
0047a034,__iswspace_l,23,2,"__iswctype_l"
0047a04b,_iswspace,19,1,"_iswctype"
0047a05e,__iswpunct_l,23,2,"__iswctype_l"
0047a075,_iswpunct,19,1,"_iswctype"
0047a088,__iswalnum_l,26,2,"__iswctype_l"
0047a0a2,_iswalnum,22,1,"_iswctype"
0047a0b8,__iswprint_l,26,2,"__iswctype_l"
0047a0d2,_iswprint,22,1,"_iswctype"
0047a0e8,__iswgraph_l,26,2,"__iswctype_l"
0047a102,_iswgraph,22,1,"_iswctype"
0047a118,__iswcntrl_l,23,2,"__iswctype_l"
0047a12f,_iswcntrl,19,1,"_iswctype"
0047a142,FUN_0047a142,20,1,""
0047a156,__iswcsym_l,42,2,"__iswctype_l"
0047a180,___iswcsym,38,1,"_iswctype"
0047a1a6,__iswcsymf_l,42,2,"__iswctype_l"
0047a1d0,___iswcsymf,38,1,"_iswctype"
0047a200,__aulldvrm,149,4,""
0047a295,write_char,51,0,"__flsbuf"
0047a2c8,write_multi_char,38,2,"write_char"
0047a2ee,write_string,77,1,"__errno write_char"
0047a33b,__output_s_l,2990,4,"_LocaleUpdate __aulldvrm __decode_pointer __errno __fileno __get_printf_count_output __invalid_parameter __isleadbyte_l __malloc_crt __security_check_cookie _free _strlen _wctomb_s write_char write_multi_char write_string"
0047af11,Constructor,31,3,""
0047af30,Destructor,40,1,""
0047af58,getNumberOfDimensions,99,0,""
0047afbb,getTypeEncoding,1223,0,"getTypeEncoding"
0047b57b,UScore,30,1,""
0047b599,getMemory,136,3,"getMemory"
0047b632,FUN_0047b632,24,2,""
0047b719,getString,24,3,""
0047b731,operator|=,31,2,""
0047b750,FUN_0047b750,24,2,""
0047b780,FUN_0047b780,23,2,""
0047b79f,FUN_0047b79f,23,3,""
0047b7b6,pDNameNode,42,2,""
0047b80d,getString,25,3,"getString"
0047b826,DNameStatusNode,37,2,""
0047b85b,make,134,1,""
0047b8e1,pairNode,33,3,""
0047b949,getString,44,3,""
0047b999,und_strncmp,42,3,""
0047b9c3,UnDecorator,111,6,""
0047ba32,getDataIndirectType,53,0,"getDataIndirectType"
0047ba67,getThisType,54,0,"getDataIndirectType"
0047ba9d,operator_new,23,3,"getMemory"
0047bab4,getStringHelper,55,4,""
0047baeb,DName,83,2,"getMemory pDNameNode"
0047bb3e,DName,69,2,"make"
0047bb83,getString,88,3,"getMemory getString"
0047bbdb,append,63,2,"getMemory pairNode"
0047bc1a,operator=,77,2,"getMemory pDNameNode"
0047bc67,operator=,55,2,"make"
0047bc9e,operator+=,74,2,"getMemory"
0047bce8,operator[],64,2,"DName"
0047bd28,pcharNode,87,3,"getMemory"
0047bd95,getString,29,3,"getStringHelper"
0047bdb2,getString,41,3,"getStringHelper"
0047bddb,getReturnType,49,1,"DName getDataType"
0047be0c,getStorageConvention,19,0,"getDataIndirectType"
0047be1f,operator+=,66,2,"append make operator="
0047be61,doPchar,124,3,"getMemory operator= pcharNode"
0047bedd,DName,45,2,"doPchar"
0047bf0a,DName,57,2,"doPchar"
0047bf43,DName,191,3,"doPchar"
0047c002,DName,110,2,"__aulldvrm __security_check_cookie doPchar"
0047c070,DName,155,2,"__aulldvrm __security_check_cookie doPchar"
0047c10b,operator+,36,2,"operator+="
0047c12f,operator+=,67,2,"FUN_0047b750 append operator+="
0047c172,operator+=,103,2,"append getMemory operator+= operator= pDNameNode"
0047c1d9,operator=,45,2,"doPchar"
0047c206,operator=,53,2,"doPchar"
0047c23b,getCallingConvention,170,0,"DName UScore operator="
0047c2e5,getVCallThunkType,57,0,"DName DName"
0047c31e,operator+,36,2,"operator+="
0047c342,operator+,36,2,"operator+="
0047c366,operator+=,82,2,"append getMemory operator="
0047c3b8,operator+=,100,2,"append getMemory operator= pcharNode"
0047c41c,getArgumentList,258,0,"getPrimaryDataType operator+= operator+= operator+= operator+= operator= operator[]"
0047c51e,getVdispMapType,84,1,"getScope operator+= operator+= operator+="
0047c572,operator+,36,2,"DName operator+"
0047c596,operator+,36,2,"DName operator+"
0047c5ba,operator+,36,2,"DName operator+"
0047c5de,operator+,36,2,"operator+="
0047c602,operator+,36,2,"operator+="
0047c626,getDimension,338,1,"DName DName DName __allmul operator+"
0047c778,getEnumType,180,0,"DName operator+ operator="
0047c84c,getArgumentTypes,220,0,"DName DName getArgumentList operator+"
0047c928,getThrowTypes,127,0,"DName getArgumentTypes operator+ operator+ operator+"
0047c9a7,getExtendedDataIndirectType,381,3,"DName DName operator+ operator+ operator+= operator="
0047cb24,getArrayType,378,1,"DName getBasicDataType getDimension getNumberOfDimensions getPrimaryDataType operator+ operator+ operator+ operator+ operator+ operator+= operator+="
0047cc9e,getLexicalFrame,51,0,"getDimension operator+ operator+"
0047ccd1,getDisplacement,22,0,"getDimension"
0047cce7,FID_conflict:getGuardNumber,22,1,"getDimension"
0047ccfd,FID_conflict:getGuardNumber,22,1,"getDimension"
0047cd13,getVfTableType,311,1,"FUN_0047b750 getDataIndirectType getScope operator+ operator+ operator+ operator+ operator+= operator+= operator+= operator+="
0047ce4a,getStringEncoding,164,2,"DName DName getDimension"
0047ceee,getSignedDimension,82,0,"DName getDimension operator+"
0047cf40,getTemplateConstant,717,0,"DName DName DName __security_check_cookie _atol getDecoratedName getSignedDimension getString getZName operator+ operator+ operator+ operator+ operator+= operator+="
0047d20d,getPtrRefDataType,222,2,"DName getArrayType getBasicDataType operator+ operator+"
0047d2eb,getVbTableType,23,1,"getVfTableType"
0047d302,getTemplateArgumentList,452,0,"__security_check_cookie _atol getPrimaryDataType getSignedDimension getString getTemplateConstant operator+ operator+ operator+= operator+= operator+= operator= operator[]"
0047d4c6,getOperatorName,1437,2,"DName DName getDataType getDecoratedName getDimension getOperatorName getSignedDimension getStringEncoding getSymbolName getTemplateArgumentList getZName operator+ operator+ operator+ operator+ operator+ operator+= operator+= operator+= operator="
0047da63,getTemplateName,327,1,"DName getOperatorName getTemplateArgumentList getZName operator+ operator+= operator+="
0047dbaa,getZName,502,2,"DName __security_check_cookie _atol getSignedDimension getString getTemplateName operator+ operator+ operator+= operator+= operator= operator= operator[] und_strncmp"
0047dda0,getScopedName,209,0,"DName FUN_0047b750 getScope getZName operator+ operator+ operator="
0047de71,getECSUName,19,0,"getScopedName"
0047de84,getECSUDataType,263,0,"DName getEnumType getScopedName operator+ operator+= operator="
0047df8b,getSymbolName,74,0,"getOperatorName getTemplateName getZName"
0047dfd5,getBasedType,152,0,"DName DName UScore getScopedName operator+= operator+= operator+="
0047e06d,composeDeclaration,2971,1,"DName FID_conflict:getGuardNumber FID_conflict:getGuardNumber getArgumentTypes getBasedType getCallingConvention getDisplacement getExternalDataType getMemory getReturnType getThisType getThrowTypes getTypeEncoding getVCallThunkType getVdispMapType getVfTableType operator+ operator+ operator+ operator+ operator+ operator+ operator+= operator+= operator|="
0047ec08,getDecoratedName,536,0,"DName composeDeclaration getDataType getDecoratedName getScope getSymbolName operator+ operator+"
0047ee20,getScope,624,0,"DName DName FUN_0047b750 getDecoratedName getLexicalFrame getOperatorName getZName operator+ operator+ operator+ operator+ operator+ operator+= operator="
0047f090,getFunctionIndirectType,852,1,"DName getArgumentTypes getBasedType getCallingConvention getMemory getReturnType getScope getThisType getThrowTypes operator+ operator+ operator+ operator+ operator+ operator+= operator|="
0047f3e4,getDataIndirectType,1223,4,"DName DName UScore getBasedType getExtendedDataIndirectType getScope operator+ operator+ operator+ operator+ operator+ operator+ operator+= operator+= operator= operator|="
0047f8ab,operator_char*,305,1,"getDecoratedName getString getTemplateName operator+ operator="
0047f9dc,getPtrRefType,249,3,"DName DName getDataIndirectType getFunctionIndirectType getPtrRefDataType operator+= operator+="
0047fad5,getPointerType,29,2,"getPtrRefType"
0047faf2,getPointerTypeArray,29,2,"getPtrRefType"
0047fb0f,getReferenceType,29,2,"getPtrRefType"
0047fb2c,___unDName,145,6,"Destructor FUN_0047fbbd UnDecorator __SEH_epilog4 __SEH_prolog4 __lock __mtinitlocknum operator_char*"
0047fbbd,FUN_0047fbbd,9,0,"FUN_0046d4a0"
0047fc60,getBasicDataType,916,1,"getBasicDataType getECSUDataType getPointerType getPtrRefType operator+ operator+ operator+ operator+= operator+= operator= operator="
00480017,getPrimaryDataType,312,1,"DName getBasicDataType getDataIndirectType getFunctionIndirectType getPtrRefDataType getReferenceType operator+ operator+= operator="
0048014f,getDataType,192,1,"DName DName getDataIndirectType getPrimaryDataType operator+ operator+"
0048020f,getExternalDataType,110,1,"FUN_0047b750 getDataIndirectType getDataType getMemory operator+ operator+"
0048027d,__initp_misc_winsig,30,1,""
00480336,siglookup,55,1,""
0048036d,___get_sigabrt,13,0,"__decode_pointer"
004805c9,_raise,411,1,"FUN_0048073d __SEH_epilog4 __SEH_prolog4 __decode_pointer __encoded_null __errno __exit __getptd_noexit __invalid_parameter __lock siglookup"
0048073d,FUN_0048073d,15,0,"FUN_0046d4a0"
00480779,FUN_00480779,15,1,""
00480788,rand_s,264,1,"FreeLibrary GetLastError GetProcAddress InterlockedExchange LoadLibraryA __decode_pointer __encode_pointer __encoded_null __errno __get_errno_from_oserr __invalid_parameter"
00480890,___crtMessageBoxA,361,3,"GetProcAddress LoadLibraryA __decode_pointer __encode_pointer __encoded_null"
004809f9,_strcat_s,116,3,"__errno __invalid_parameter"
00480a6d,_strncpy_s,181,4,"__errno __invalid_parameter"
00480b22,__set_error_mode,75,1,"__errno __invalid_parameter"
00480b6d,FUN_00480b6d,15,1,""
00480b82,__isctype_l,184,3,"_LocaleUpdate ___crtGetStringTypeA __isleadbyte_l"
00480c3a,__isctype,50,2,"__isctype_l"
00480c70,__allmul,52,4,""
00480ca4,__calloc_impl,272,3,"FUN_00480da0 HeapAlloc __SEH_epilog4 __SEH_prolog4 ___sbh_alloc_block __callnewh __errno __invalid_parameter __lock _memset"
00480da0,FUN_00480da0,9,0,"FUN_0046d4a0"
00480dc2,_realloc,524,2,"FUN_00480f06 GetLastError HeapAlloc HeapReAlloc __SEH_epilog4 __SEH_prolog4 ___sbh_alloc_block ___sbh_find_block ___sbh_free_block ___sbh_resize_block __callnewh __errno __get_errno_from_oserr __lock _free _malloc _memcpy"
00480f06,FUN_00480f06,9,0,"FUN_0046d4a0"
00480fdd,__recalloc,123,3,"__errno __invalid_parameter __msize _memset _realloc"
00481058,__isalpha_l,86,2,"_LocaleUpdate __isctype_l"
004810ae,_isalpha,48,1,"__isalpha_l"
004810de,__isupper_l,81,2,"_LocaleUpdate __isctype_l"
0048112f,_isupper,46,1,"__isupper_l"
0048115d,__islower_l,81,2,"_LocaleUpdate __isctype_l"
004811ae,_islower,46,1,"__islower_l"
004811dc,__isdigit_l,81,2,"_LocaleUpdate __isctype_l"
0048122d,_isdigit,46,1,"__isdigit_l"
0048125b,__isxdigit_l,86,2,"_LocaleUpdate __isctype_l"
004812b1,_isxdigit,48,1,"__isxdigit_l"
004812e1,__isspace_l,81,2,"_LocaleUpdate __isctype_l"
00481332,_isspace,46,1,"__isspace_l"
00481360,__ispunct_l,81,2,"_LocaleUpdate __isctype_l"
004813b1,_ispunct,46,1,"__ispunct_l"
004813df,__isalnum_l,86,2,"_LocaleUpdate __isctype_l"
00481435,_isalnum,48,1,"__isalnum_l"
00481465,__isprint_l,86,2,"_LocaleUpdate __isctype_l"
004814bb,_isprint,48,1,"__isprint_l"
004814eb,__isgraph_l,86,2,"_LocaleUpdate __isctype_l"
00481541,_isgraph,48,1,"__isgraph_l"
00481571,__iscntrl_l,81,2,"_LocaleUpdate __isctype_l"
004815c2,_iscntrl,46,1,"__iscntrl_l"
004815f0,FUN_004815f0,18,1,""
00481602,FUN_00481602,13,1,""
0048160f,FID_conflict:__iscsym_l,35,2,"__isalpha_l"
00481632,___iscsymf,31,1,"_isalpha"
00481651,FID_conflict:__iscsym_l,35,2,"__isalnum_l"
00481674,___iscsym,33,1,"_isalnum"
00481695,__filbuf,299,1,"__errno __fileno __getbuf __invalid_parameter __read"
004817c0,__ungetc_nolock,241,2,"__errno __fileno __getbuf __invalid_parameter"
00481923,__mbtowc_l,279,4,"MultiByteToWideChar _LocaleUpdate __errno __isleadbyte_l"
00481a3a,_mbtowc,26,3,"__mbtowc_l"
00481a54,__getenv_helper_nolock,135,1,"___wtomb_environ __mbsnbicoll _strlen"
00481adb,__getenv_s_helper,146,3,"__errno __getenv_helper_nolock __invalid_parameter __invoke_watson _strcpy_s _strlen"
00481b70,__dupenv_s_helper,161,2,"__errno __getenv_helper_nolock __invalid_parameter __invoke_watson _calloc _strcpy_s _strlen"
00481e55,___init_ctype,930,1,"GetCPInfo InterlockedDecrement ___crtGetStringTypeA ___crtLCMapStringA ___getlocaleinfo __calloc_crt __malloc_crt __security_check_cookie _free _memcpy"
004821f7,____mb_cur_max_func,41,0,"___updatetlocinfo __getptd"
00482220,____mb_cur_max_l_func,28,1,"____mb_cur_max_func"
0048223c,____lc_codepage_func,38,0,"___updatetlocinfo __getptd"
004822ae,fastzero_I,79,2,""
00482305,__VEC_memzero,143,3,"__VEC_memzero fastzero_I"
00482394,FUN_00482394,45,0,"__SEH_epilog4 __SEH_prolog4"
004823e4,__get_sse2_info,98,0,"FUN_00482394"
00482453,FUN_00482453,22,2,""
00482469,__freea,32,1,"_free"
00482489,strncnt,30,2,""
004824a7,__crtLCMapStringA_stat,933,9,"GetLastError LCMapStringA LCMapStringW MultiByteToWideChar WideCharToMultiByte ___ansicp ___convertcp __alloca_probe_16 __freea __security_check_cookie _free _malloc _memset"
0048284c,___crtLCMapStringA,69,9,"_LocaleUpdate __crtLCMapStringA_stat"
00482891,FUN_00482891,25,4,"GetLocaleInfoW"
004828aa,___crtGetLocaleInfoW,52,5,"GetLocaleInfoW _LocaleUpdate"
004828de,__crtGetLocaleInfoA_stat,319,6,"GetLastError GetLocaleInfoA GetLocaleInfoW WideCharToMultiByte __alloca_probe_16 __freea __security_check_cookie _malloc"
00482a1d,___crtGetLocaleInfoA,61,5,"_LocaleUpdate __crtGetLocaleInfoA_stat"
00482a5a,FUN_00482a5a,129,3,""
00482ae1,__VEC_memcpy,227,3,"FUN_00482a5a __VEC_memcpy"
00482bc4,__crtGetStringTypeA_stat,442,8,"GetLastError GetStringTypeA GetStringTypeW MultiByteToWideChar ___ansicp ___convertcp __alloca_probe_16 __freea __security_check_cookie _free _malloc _memset"
00482d7e,___crtGetStringTypeA,66,7,"_LocaleUpdate __crtGetStringTypeA_stat"
00482def,__get_lc_time,1051,0,"___getlocaleinfo"
0048320a,___free_lc_time,405,1,"_free"
0048339f,___init_time,121,1,"InterlockedDecrement ___free_lc_time __calloc_crt __get_lc_time _free"
0048344b,___free_lconv_num,69,1,"_free"
00483490,___init_numeric,458,1,"InterlockedDecrement ___free_lconv_num ___getlocaleinfo __calloc_crt __malloc_crt _free"
0048368d,___free_lconv_mon,142,1,"_free"
0048371b,___init_monetary,710,1,"InterlockedDecrement ___free_lconv_mon ___getlocaleinfo __calloc_crt __malloc_crt _free"
004839e4,__Getdays_l,250,1,"_LocaleUpdate __invoke_watson __malloc_crt _strcpy_s _strlen"
00483aed,__Getmonths_l,250,1,"_LocaleUpdate __invoke_watson __malloc_crt _strcpy_s _strlen"
00483bf6,__Gettnames_l,828,1,"_LocaleUpdate __invoke_watson __malloc_crt _memcpy _strcpy_s _strlen"
00483f56,_store_str,32,3,""
00483fac,_store_num,123,5,""
00484027,_expandtime,1000,7,"FUN_00475aed ___tzset __errno __invalid_parameter _store_num _store_str _store_winword"
0048440f,_store_winword,1121,6,"GetTimeFormatA ___ascii_stricmp __alloca_probe_16 __freea __isleadbyte_l __security_check_cookie _expandtime _malloc"
00484870,__Strftime_l,420,6,"_LocaleUpdate __errno __invalid_parameter __isleadbyte_l _expandtime"
00484a14,__strftime_l,32,5,"__Strftime_l"
00484a34,_strftime,31,4,"__Strftime_l"
00484a53,__Strftime,32,5,"__Strftime_l"
00484aa0,_strcspn,70,2,""
00484ae6,_TranslateName,98,3,"__stricmp"
00484b5c,_ProcessCodePage,164,1,"GetACP GetLocaleInfoA __security_check_cookie _atol _strcmp"
00484c00,_TestDefaultCountry,36,1,""
00484c24,_LcidFromHexString,52,2,""
00484c58,_GetPrimaryLen,27,2,""
00484c73,_CountryEnumProc@4,152,1,"GetLocaleInfoA _LcidFromHexString _TestDefaultCountry __getptd __security_check_cookie __stricmp"
00484d0b,_TestDefaultLanguage,116,3,"GetLocaleInfoA _GetPrimaryLen _LcidFromHexString __security_check_cookie _strlen"
00484d7f,_LangCountryEnumProc@4,466,1,"GetLocaleInfoA _LcidFromHexString _TestDefaultCountry _TestDefaultLanguage __getptd __security_check_cookie __stricmp __strnicmp _strlen"
00484f51,_LanguageEnumProc@4,193,1,"GetLocaleInfoA _LcidFromHexString _TestDefaultLanguage __getptd __security_check_cookie __stricmp"
0048503e,_GetLcidFromLangCountry,103,0,"EnumSystemLocalesA _GetPrimaryLen _strlen"
004850a5,_GetLcidFromLanguage,60,0,"EnumSystemLocalesA _GetPrimaryLen _strlen"
004850e1,___get_qualified_locale,492,3,"EnumSystemLocalesA GetLocaleInfoA GetUserDefaultLCID IsValidCodePage IsValidLocale _GetLcidFromLangCountry _GetLcidFromLanguage _ProcessCodePage _TranslateName __getptd __invoke_watson __itoa_s _strcpy_s _strlen"
00486848,_memcmp,5632,3,""
00487ed0,_strpbrk,64,2,""
00487f10,x_ismbbtype_l,83,4,"_LocaleUpdate"
00487f63,__ismbbkalnum_l,25,2,"x_ismbbtype_l"
00487f7c,__ismbbkalnum,24,1,"x_ismbbtype_l"
00487f94,__ismbbkprint_l,25,2,"x_ismbbtype_l"
00487fad,__ismbbkprint,24,1,"x_ismbbtype_l"
00487fc5,__ismbbkpunct_l,25,2,"x_ismbbtype_l"
00487fde,__ismbbkpunct,24,1,"x_ismbbtype_l"
00487ff6,__ismbbalnum_l,28,2,"x_ismbbtype_l"
00488012,__ismbbalnum,27,1,"x_ismbbtype_l"
0048802d,__ismbbalpha_l,28,2,"x_ismbbtype_l"
00488049,__ismbbalpha,27,1,"x_ismbbtype_l"
00488064,__ismbbgraph_l,28,2,"x_ismbbtype_l"
00488080,__ismbbgraph,27,1,"x_ismbbtype_l"
0048809b,__ismbbprint_l,28,2,"x_ismbbtype_l"
004880b7,__ismbbprint,27,1,"x_ismbbtype_l"
004880d2,__ismbbpunct_l,25,2,"x_ismbbtype_l"
004880eb,__ismbbpunct,24,1,"x_ismbbtype_l"
00488103,__ismbblead_l,25,2,"x_ismbbtype_l"
0048811c,__ismbblead,24,1,"x_ismbbtype_l"
00488134,__ismbbtrail_l,25,2,"x_ismbbtype_l"
0048814d,__ismbbtrail,24,1,"x_ismbbtype_l"
00488165,__ismbbkana_l,85,2,"_LocaleUpdate x_ismbbtype_l"
004881ba,__ismbbkana,19,1,"__ismbbkana_l"
004881d0,__global_unwind2,32,1,"RtlUnwind"
00488235,__local_unwind2,132,2,"FUN_00488304 __NLG_Notify"
004882dc,__NLG_Notify1,9,1,""
004882e5,__NLG_Notify,31,1,""
00488304,FUN_00488304,3,0,""
00488307,__set_osfhnd,129,2,"SetStdHandle ___doserrno __errno"
00488388,__free_osfhnd,134,1,"SetStdHandle ___doserrno __errno"
0048840e,__get_osfhandle,119,1,"___doserrno __errno __invalid_parameter"
00488485,___lock_fhandle,146,1,"EnterCriticalSection FUN_0048851c __SEH_epilog4 __SEH_prolog4 ___crtInitCritSecAndSpinCount __lock"
0048851c,FUN_0048851c,9,0,"FUN_0046d4a0"
00488525,__unlock_fhandle,39,1,"LeaveCriticalSection"
004887fc,__putwch_nolock,197,1,"GetConsoleOutputCP GetLastError WideCharToMultiByte WriteConsoleA WriteConsoleW ___initconout __security_check_cookie"
004889b0,__alloca_probe,43,0,""
00488a7a,__flush,104,1,"__fileno __write"
00488ae2,__fflush_nolock,72,1,"__commit __fileno __flush flsall"
00488b2a,flsall,187,1,"FUN_00488bcc FUN_00488bfb __SEH_epilog4 __SEH_prolog4 __fflush_nolock __lock __lock_file2"
00488bcc,FUN_00488bcc,17,0,"__unlock_file2"
00488bfb,FUN_00488bfb,9,0,"FUN_0046d4a0"
00488c69,__stbuf,156,1,"FUN_0047998d __fileno __isatty __malloc_crt"
00488d05,__ftbuf,52,2,"__flush"
00488d39,FID_conflict:_vprintf_helper,133,4,"FUN_0047998d FUN_00488dc1 __SEH_epilog4 __SEH_prolog4 __errno __ftbuf __invalid_parameter __lock_file __stbuf"
00488dc1,FUN_00488dc1,8,0,"__unlock_file"
00488dc9,FID_conflict:__vwprintf_s_l,29,3,"FID_conflict:_vprintf_helper"
00488de6,FID_conflict:__vwprintf_s_l,29,3,"FID_conflict:_vprintf_helper"
00488e03,FID_conflict:__vwprintf_s_l,29,3,"FID_conflict:_vprintf_helper"
00488e20,FID_conflict:_vprintf_s,28,2,"FID_conflict:_vprintf_helper"
00488e3c,FID_conflict:_vprintf_s,28,2,"FID_conflict:_vprintf_helper"
00488e58,FID_conflict:_vprintf_s,28,2,"FID_conflict:_vprintf_helper"
00488e74,__iswctype_l,138,3,"_LocaleUpdate ___crtGetStringTypeW"
00488efe,_iswctype,118,2,"___crtGetStringTypeW __iswctype_l"
00488f74,FUN_00488f74,11,2,"_iswctype"
00488f7f,__read_nolock,1474,3,"GetLastError MultiByteToWideChar ReadFile ___doserrno __dosmaperr __errno __invalid_parameter __lseeki64_nolock __malloc_crt _free"
00489541,__read,243,3,"FUN_00489634 __SEH_epilog4 __SEH_prolog4 ___doserrno ___lock_fhandle __errno __invalid_parameter __read_nolock"
00489634,FUN_00489634,10,0,"__unlock_fhandle"
0048963e,__mbsnbicoll_l,238,4,"_LocaleUpdate ___crtCompareStringA __errno __invalid_parameter __strnicoll_l"
0048972c,__mbsnbicoll,26,3,"__mbsnbicoll_l"
00489746,___wtomb_environ,151,0,"WideCharToMultiByte ___crtsetenv __calloc_crt _free"
004897dd,_calloc,64,2,"__calloc_impl __errno"
0048981d,_strnlen,29,2,""
0048983a,___ansicp,73,1,"GetLocaleInfoA __security_check_cookie _atol"
00489883,___convertcp,436,6,"GetCPInfo MultiByteToWideChar WideCharToMultiByte __alloca_probe_16 __calloc_crt __freea __security_check_cookie _free _malloc _memset _strlen"
00489a40,__alloca_probe_16,22,0,"__alloca_probe"
00489a56,__alloca_probe_8,22,0,"__alloca_probe"
00489a6c,__strnicmp_l,242,4,"_LocaleUpdate ___ascii_strnicmp __errno __invalid_parameter __tolower_l"
00489b5e,__strnicmp,94,3,"___ascii_strnicmp __errno __invalid_parameter __strnicmp_l"
00489bbc,xtoa_s,221,3,"__errno __invalid_parameter"
00489c99,__itoa_s,42,4,"xtoa_s"
00489cc3,__ltoa_s,39,4,"xtoa_s"
00489cea,__ultoa_s,26,4,"xtoa_s"
00489d04,x64toa_s,248,7,"__aulldvrm __errno __invalid_parameter"
00489dfc,__i64toa_s,53,4,"x64toa_s"
00489e31,__ui64toa_s,31,4,"x64toa_s"
00489e6f,___initconout,31,0,"CreateFileA"
00489ebb,FUN_00489ebb,26,1,""
00489ed5,__fclose_nolock,119,1,"__close __errno __fileno __flush __freebuf __invalid_parameter _free"
00489fc8,__commit,215,1,"FUN_0048a09f FlushFileBuffers GetLastError __SEH_epilog4 __SEH_prolog4 ___doserrno ___lock_fhandle __errno __get_osfhandle __invalid_parameter"
0048a09f,FUN_0048a09f,10,0,"__unlock_fhandle"
0048a0a9,__crtGetStringTypeW_stat,35,7,"GetStringTypeW"
0048a0cc,___crtGetStringTypeW,62,5,"GetStringTypeW _LocaleUpdate"
0048a10a,strncnt,30,2,""
0048a128,__crtCompareStringA_stat,880,8,"CompareStringA CompareStringW GetCPInfo GetLastError MultiByteToWideChar ___ansicp ___convertcp __alloca_probe_16 __freea __security_check_cookie _free _malloc strncnt"
0048a498,___crtCompareStringA,66,8,"_LocaleUpdate __crtCompareStringA_stat"
0048a4da,__strnicoll_l,250,4,"_LocaleUpdate ___crtCompareStringA __errno __invalid_parameter __strnicmp_l"
0048a5d4,__strnicoll,41,3,"__strnicmp __strnicoll_l"
0048a5fd,findenv,82,1,"__mbsnbicoll"
0048a64f,copy_environ,90,0,"__amsg_exit __calloc_crt __strdup"
0048a6a9,___crtsetenv,584,2,"SetEnvironmentVariableA ___wtomb_environ __calloc_crt __errno __invalid_parameter __invoke_watson __malloc_crt __mbschr __recalloc_crt _free _strcpy_s _strlen copy_environ findenv"
0048a900,___ascii_strnicmp,97,3,""
0048a961,__close_nolock,156,1,"CloseHandle GetLastError __dosmaperr __free_osfhnd __get_osfhandle"
0048a9fd,__close,195,1,"FUN_0048aac0 __SEH_epilog4 __SEH_prolog4 ___doserrno ___lock_fhandle __close_nolock __errno __invalid_parameter"
0048aac0,FUN_0048aac0,10,0,"__unlock_fhandle"
0048aaca,__freebuf,49,1,"_free"
0048aafb,__strdup,82,1,"__invoke_watson _malloc _strcpy_s _strlen"
0048ab50,__mbschr_l,188,3,"_LocaleUpdate __errno __invalid_parameter _strchr"
0048ac0c,__mbschr,23,2,"__mbschr_l"
0048ac23,FUN_0048ac23,62,1,"FUN_0044bc60 FUN_0046b53c __CxxThrowException@8"
0048ac62,FUN_0048ac62,11,1,""
0048ac6d,FUN_0048ac6d,27,4,"FUN_0044bcf0"
0048ac88,FUN_0048ac88,27,4,"FUN_0044bd20"
0048aca8,FUN_0048aca8,31,4,"FUN_0048ac6d"
0048acc7,FUN_0048acc7,31,4,"FUN_0048ac88"
0048ace6,FID_conflict:runtime_error,53,2,"__EH_epilog3 __EH_prolog3 basic_string<char,std::char_traits<char>,std::allocator<char>_> exception"
0048ad1b,FUN_0048ad1b,14,1,""
0048ad29,FID_conflict:~logic_error,31,1,"FUN_0044d660 ~exception"
0048ad48,FUN_0048ad48,33,2,"FID_conflict:~logic_error FUN_0046b5a1"
0048ad69,FUN_0048ad69,29,2,"FID_conflict:runtime_error"
0048ad91,FUN_0048ad91,39,2,"FID_conflict:~logic_error FUN_0046b5a1"
0048adb8,FUN_0048adb8,29,2,"FID_conflict:runtime_error"
0048ade0,FUN_0048ade0,39,2,"FID_conflict:~logic_error FUN_0046b5a1"
0048ae07,FUN_0048ae07,29,2,"FID_conflict:runtime_error"
0048ae2f,FUN_0048ae2f,39,2,"FID_conflict:~logic_error FUN_0046b5a1"
0048ae56,FUN_0048ae56,55,0,"FUN_0048adb8 __CxxThrowException@8 __EH_prolog3 basic_string<>"
0048ae8e,basic_string<>,39,2,"FUN_0044d630 FUN_0044d850"
0048aeb5,FUN_0048aeb5,55,0,"FUN_0048ae07 __CxxThrowException@8 __EH_prolog3 basic_string<>"
0048af25,basic_string<char,std::char_traits<char>,std::allocator<char>_>,43,2,"FUN_0044d550 FUN_0044d850"
0048af50,FID_conflict:runtime_error,58,2,"__EH_epilog3 __EH_prolog3 basic_string<char,std::char_traits<char>,std::allocator<char>_> exception"
0048af8a,FUN_0048af8a,29,2,"FID_conflict:runtime_error"
0048afa7,FUN_0048afa7,29,2,"FID_conflict:runtime_error"
0048afc4,FUN_0048afc4,29,2,"FID_conflict:runtime_error"
0048b108,RtlUnwind,6,4,""
0048b198,_JumpToContinuation,45,2,""
0048b1ca,_CallMemberFunction0,7,2,""
0048b1d1,FID_conflict:_CallMemberFunction1,7,2,""
0048b1d8,FID_conflict:_CallMemberFunction1,7,2,""
0048b1df,_UnwindNestedFrames,84,2,"RtlUnwind"
0048b233,FID_conflict:___CxxFrameHandler3,54,4,"___InternalCxxFrameHandler"
0048b269,FID_conflict:___CxxFrameHandler3,54,4,"___InternalCxxFrameHandler"
0048b29f,FID_conflict:___CxxFrameHandler3,54,4,"___InternalCxxFrameHandler"
0048b2d5,___CxxLongjmpUnwind@4,31,1,"___FrameUnwindToState"
0048b2f4,CatchGuardHandler,51,4,"___InternalCxxFrameHandler __security_check_cookie"
0048b327,_CallSETranslator,215,7,"__getptd"
0048b3fe,TranslatorGuardHandler,154,4,"_CallSETranslator _UnwindNestedFrames ___InternalCxxFrameHandler __security_check_cookie"
0048b49d,_GetRangeOfTrysToCheck,117,5,"_inconsistency"
0048b512,__CreateFrameInfo,44,2,"__getptd"
0048b53e,__IsExceptionObjectToBeDestroyed,39,1,"__getptd"
0048b565,__FindAndUnlinkFrame,82,1,"__getptd _inconsistency"
0048b5b7,_CallCatchBlock2,96,5,"__CallSettingFrame@12"
0048b617,__EH_prolog3,51,1,""
0048b64a,__EH_prolog3_catch,54,1,""
0048b6ef,__EH_epilog3,20,0,""
0048b721,bad_exception,30,2,"exception"
0048b74a,FUN_0048b74a,39,2,"FUN_0046b5a1 ~exception"
0048b771,___TypeMatch,95,3,"_strcmp"
0048b7d0,___FrameUnwindFilter,73,1,"__getptd terminate"
0048b819,___FrameUnwindToState,166,4,"FUN_0048b8df __CallSettingFrame@12 __SEH_epilog4 __SEH_prolog4 __getptd _inconsistency"
0048b8df,FUN_0048b8df,27,0,"__getptd"
0048b93f,___DestructExceptionObject,67,1,"_CallMemberFunction0 __SEH_epilog4 __SEH_prolog4"
0048b994,___AdjustPointer,41,2,""
0048b9d0,___CxxRegisterExceptionObject,183,2,"__CreateFrameInfo __getptd"
0048ba87,___CxxDetectRethrow,82,1,"__getptd"
0048bad9,___CxxUnregisterExceptionObject,319,2,"__FindAndUnlinkFrame __IsExceptionObjectToBeDestroyed ___DestructExceptionObject __getptd"
0048bcee,IsInExceptionSpec,123,2,"___TypeMatch _inconsistency terminate"
0048bd69,FUN_0048bd69,49,1,"FUN_00471471 __EH_prolog3_catch __getptd _inconsistency terminate"
0048bd9a,Catch_All@0048bd9a,23,0,"__CxxThrowException@8 __getptd"
0048bde4,_is_exception_typeof,134,2,"FUN_0046b987 _inconsistency _strcmp"
0048be6a,CallCatchBlock,172,7,"FUN_0048bf90 _CallCatchBlock2 __CreateFrameInfo __SEH_epilog4 __SEH_prolog4 __getptd"
0048bf90,FUN_0048bf90,118,0,"__FindAndUnlinkFrame __IsExceptionObjectToBeDestroyed ___DestructExceptionObject __getptd"
0048c006,___BuildCatchObjectHelper,371,4,"FID_conflict:_ValidateExecute FID_conflict:_ValidateExecute _ValidateRead __SEH_epilog4 __SEH_prolog4 ___AdjustPointer _inconsistency _memmove"
0048c185,___BuildCatchObject,133,4,"FID_conflict:_CallMemberFunction1 FID_conflict:_CallMemberFunction1 __SEH_epilog4 __SEH_prolog4 ___AdjustPointer ___BuildCatchObjectHelper"
0048c217,___CxxExceptionFilter,325,4,"___BuildCatchObject ___TypeMatch __getptd"
0048c35c,CatchIt,110,11,"CallCatchBlock _JumpToContinuation _UnwindNestedFrames ___BuildCatchObject ___FrameUnwindToState"
0048c3ca,FindHandlerForForeignException,244,8,"CatchIt _CallSETranslator _GetRangeOfTrysToCheck __encoded_null __getptd _inconsistency"
0048c4be,FindHandler,839,8,"CatchIt FUN_0048bd69 FindHandlerForForeignException IsInExceptionSpec _GetRangeOfTrysToCheck _UnwindNestedFrames _ValidateRead __CxxThrowException@8 ___DestructExceptionObject ___FrameUnwindToState ___TypeMatch __getptd _inconsistency bad_exception operator== terminate"
0048c805,FUN_0048c805,29,2,"exception"
0048c822,___InternalCxxFrameHandler,230,8,"FindHandler ___FrameUnwindToState __getptd"
0048c910,__CallSettingFrame@12,76,3,"__NLG_Notify1"
0048c95c,_ValidateRead,18,2,""
0048c96e,FID_conflict:_ValidateExecute,18,1,""
0048c980,FID_conflict:_ValidateExecute,18,1,""
0048c992,FUN_0048c992,1,0,""
0048c993,__cfltcvt_init,96,0,""
0048c9f3,FUN_0048c9f3,21,1,""
0048ca08,__fpmath,35,1,"__cfltcvt_init __ms_p5_mp_test_fdiv __setdefaultprecision"
0048ca30,FUN_0048ca30,28,2,""
0048ca66,FUN_0048ca66,117,0,""
0048caea,FUN_0048caea,10,1,"__cintrindisp2"
0048cb60,FUN_0048cb60,79,0,"FUN_0048cbb8 FUN_0048f110 FUN_0048f758"
0048cbb8,FUN_0048cbb8,174,2,"FUN_0048f6e5 FUN_0048f6fc __math_exit __startOneArgErrorHandling"
0048ccb0,FUN_0048ccb0,79,0,"FUN_0048cd08 FUN_0048f758 FUN_0048f860"
0048cd08,FUN_0048cd08,125,2,"FUN_0048f6fc __math_exit __startOneArgErrorHandling"
0048cdd0,FUN_0048cdd0,79,1,"FUN_0048ce28 FUN_0048f758 FUN_0048fb50"
0048ce1f,FUN_0048ce1f,9,1,"__fload_withFB"
0048ce28,FUN_0048ce28,149,2,"FUN_0048f6fc __math_exit __startOneArgErrorHandling"
0048cec0,FUN_0048cec0,502,2,"___libm_error_support __ctrlfp __except1 __frnd __handle_qnan1 __sptype"
0048cff0,FUN_0048cff0,20,0,"FUN_0048d00d FUN_0048f758"
0048d00d,FUN_0048d00d,157,2,"FUN_0048f6e5 FUN_0048f6fc __math_exit __startOneArgErrorHandling"
0048d0ba,FUN_0048d0ba,10,1,"__cintrindisp2"
0048d110,FUN_0048d110,79,1,"FUN_0048d168 FUN_0048f758 FUN_00490220"
0048d15f,FUN_0048d15f,9,1,"__fload_withFB"
0048d168,FUN_0048d168,145,2,"FUN_0048f6fc __math_exit __startOneArgErrorHandling"
0048d240,FUN_0048d240,79,1,"FUN_0048d298 FUN_0048f758 FUN_004903f0"
0048d28f,FUN_0048d28f,9,1,"__fload_withFB"
0048d298,FUN_0048d298,158,2,"FUN_0048f6fc __math_exit __startOneArgErrorHandling"
0048d329,__forcdecpt_l,115,2,"_LocaleUpdate _isdigit _tolower"
0048d39c,__cropzeros_l,130,2,"_LocaleUpdate"
0048d41e,__positive,28,1,""
0048d43a,__fassign_l,66,4,"FID_conflict:__atoflt_l FID_conflict:__atoflt_l"
0048d47c,__fassign,26,3,"__fassign_l"
0048d496,__shift,31,0,"_memmove _strlen"
0048d4b5,__forcdecpt,19,1,"__forcdecpt_l"
0048d4c8,__cropzeros,19,1,"__cropzeros_l"
0048d4db,__cftoe2_l,364,6,"_LocaleUpdate __errno __invalid_parameter __invoke_watson __shift _memmove _strcpy_s"
0048d64a,__cftoe_l,208,6,"__cftoe2_l __errno __fltout2 __fptostr __invalid_parameter __security_check_cookie"
0048d71a,__cftoe,32,5,"__cftoe_l"
0048d73a,__cftoa_l,883,6,"_LocaleUpdate __alldvrm __aullshr __cftoe __errno __invalid_parameter _memset _strrchr"
0048daad,__cftoa,32,5,"__cftoa_l"
0048dacd,__cftof2_l,247,5,"_LocaleUpdate __errno __invalid_parameter __shift _memset"
0048dbc4,__cftof_l,187,5,"__cftof2_l __errno __fltout2 __fptostr __invalid_parameter __security_check_cookie"
0048dc7f,__cftof,29,4,"__cftof_l"
0048dc9c,__cftog_l,250,6,"__cftoe2_l __cftof2_l __errno __fltout2 __fptostr __invalid_parameter __security_check_cookie"
0048dd96,__cftog,32,5,"__cftog_l"
0048ddb6,__cfltcvt_l,136,7,"__cftoa_l __cftoe_l __cftof_l __cftog_l"
0048de3e,__cfltcvt,35,6,"__cfltcvt_l"
0048de61,__setdefaultprecision,40,0,"__controlfp_s __invoke_watson"
0048de8c,__ms_p5_test_fdiv,62,0,""
0048deca,__ms_p5_mp_test_fdiv,41,0,"GetModuleHandleA GetProcAddress __ms_p5_test_fdiv"
0048df00,__cintrindisp2,62,2,"FUN_0048dfca __trandisp2"
0048df3e,__cintrindisp1,61,2,"FUN_0048dfca __trandisp1"
0048df7b,__ctrandisp2,72,4,"FUN_0048dfc3 __fload __trandisp2"
0048dfc3,FUN_0048dfc3,7,0,""
0048dfca,FUN_0048dfca,327,0,"__87except"
0048e111,__ctrandisp1,51,2,"FUN_0048dfc3 __fload __trandisp1"
0048e144,__fload,60,2,""
0048e180,__trandisp1,103,2,""
0048e1e7,__trandisp2,140,2,""
0048e343,FUN_0048e343,7,0,""
0048eb56,FUN_0048eb56,518,3,""
0048ed5c,FUN_0048ed5c,178,0,"FUN_0048eb56"
0048f0ef,FUN_0048f0ef,25,1,""
0048f110,FUN_0048f110,24,0,"FUN_0048f12e"
0048f12e,FUN_0048f12e,1334,1,"___libm_error_support"
0048f670,FUN_0048f670,23,8,""
0048f687,__startOneArgErrorHandling,60,6,"__87except"
0048f6e5,FUN_0048f6e5,23,0,""
0048f6fc,FUN_0048f6fc,25,0,""
0048f715,__fload_withFB,67,2,""
0048f758,FUN_0048f758,22,2,""
0048f77b,__math_exit,42,5,"__startOneArgErrorHandling"
0048f860,FUN_0048f860,24,0,"FUN_0048f87e"
0048f87e,FUN_0048f87e,717,1,"___libm_error_support"
0048fb50,FUN_0048fb50,24,1,"FUN_0048fb6e"
0048fb6e,FUN_0048fb6e,564,1,"FUN_0048ce1f"
0048fdde,___libm_error_support,636,4,"__decode_pointer __errno"
004901dc,FUN_004901dc,9,0,""
00490220,FUN_00490220,24,1,"FUN_0049023e"
0049023e,FUN_0049023e,425,1,"FUN_0048d15f"
004903f0,FUN_004903f0,24,1,"FUN_0049040e"
0049040e,FUN_0049040e,395,1,"FUN_0048d28f"
0049059c,FID_conflict:__atoflt_l,168,3,"FID_conflict:__ld12tod _LocaleUpdate ___strgtold12_l __security_check_cookie"
00490644,FID_conflict:__atodbl,23,2,"FID_conflict:__atoflt_l"
0049065b,__atoldbl_l,169,3,"_LocaleUpdate ___strgtold12_l __ld12told __security_check_cookie"
00490704,__atoldbl,23,2,"__atoldbl_l"
0049071b,FID_conflict:__atoflt_l,168,3,"FID_conflict:__ld12tod _LocaleUpdate ___strgtold12_l __security_check_cookie"
004907c3,FID_conflict:__atodbl,23,2,"FID_conflict:__atoflt_l"
004907da,__set_output_format,60,1,"__errno __invalid_parameter"
0049081c,__fptostr,191,4,"__errno __invalid_parameter _memmove _strlen"
004908db,___dtold,189,2,""
00490998,__fltout2,141,4,"$I10_OUTPUT ___dtold __invoke_watson __security_check_cookie _strcpy_s"
00490a30,__alldvrm,223,4,""
00490b10,__aullshr,31,2,""
00490b2f,__controlfp_s,108,3,"__control87 __errno __invalid_parameter"
00490b9b,__87except,319,3,"FUN_00490cda __ctrlfp __handle_exc __raise_exc __security_check_cookie __set_errno_from_matherr"
00490cda,FUN_00490cda,3,0,""
00490cdd,__raise_exc_ex,732,7,"RaiseException __clrfp __statfp"
00490fb9,__raise_exc,35,6,"__raise_exc_ex"
00490fdc,__raise_excf,35,6,"__raise_exc_ex"
00490fff,__handle_exc,482,3,"FUN_0049166b FUN_0049176e"
004911e1,__set_errno_from_matherr,45,1,"__errno"
0049120e,__get_fname,38,1,""
00491234,__errcode,52,1,""
00491268,__umatherr,160,2,"FUN_00490cda __ctrlfp __set_errno_from_matherr"
00491308,__handle_qnan1,85,2,"__ctrlfp __errno __umatherr"
0049135d,__handle_qnan2,97,3,"__ctrlfp __errno __umatherr"
004913be,__except1,201,5,"__ctrlfp __errcode __handle_exc __raise_exc __security_check_cookie __set_errno_from_matherr __umatherr"
0049155f,__frnd,20,1,""
00491573,__set_exp,44,2,""
0049159f,FUN_0049159f,24,2,""
004915b7,__add_exp,45,2,"__set_exp"
004915e4,__set_bexp,39,2,""
0049160b,__sptype,96,2,""
0049166b,FUN_0049166b,185,3,"__set_exp"
00491724,__statfp,16,0,""
00491734,__clrfp,17,0,""
00491745,__ctrlfp,41,0,""
0049176e,FUN_0049176e,88,0,""
004917c6,___get_fpsr_sse2,30,0,""
004917e4,___set_fpsr_sse2,68,1,"__SEH_epilog4 __SEH_prolog4"
00491856,FUN_00491856,29,0,""
0049189e,___ctrlfp_sse2,55,2,"___get_fpsr_sse2 ___set_fpsr_sse2"
004918d5,___set_statfp_sse2,27,1,"___get_fpsr_sse2 ___set_fpsr_sse2"
004918f0,___addl,36,3,""
00491914,__ZeroTail,73,2,""
0049195d,__IncMan,109,2,""
004919ca,__RoundMan,240,2,""
00491aba,__CopyMan,31,2,""
00491ad9,FUN_00491ad9,17,1,""
00491aea,__IsZeroMan,31,1,""
00491b09,__ShrMan,154,2,""
00491ba3,__ld12cvt,1323,3,""
004920ce,FID_conflict:__ld12tod,1348,2,""
00492612,FID_conflict:__ld12tod,1348,2,""
00492b56,__ld12told,199,2,""
00492c1d,___shl_12,51,1,""
00492c50,___shr_12,50,1,""
00492c82,___ld12mul,635,2,"__security_check_cookie"
00492efd,___multtenpow12,773,3,"__security_check_cookie"
00493202,___strgtold12_l,1735,8,"___mtold12 __errno __invalid_parameter __security_check_cookie"
004938fa,FUN_004938fa,91,5,"___strgtold12_l __ld12told __security_check_cookie"
00493955,___add_12,113,2,""
004939c6,$I10_OUTPUT,2334,6,"__invoke_watson __security_check_cookie _strcpy_s"
004942ea,__set_controlfp,114,2,"__controlfp_s __invoke_watson"
0049435f,__abstract_cw,159,1,""
004943fe,__hw_cw,142,0,""
0049448c,FID_conflict:__abstract_sw,67,1,""
0049456f,___hw_cw_sse2,160,2,""
0049460f,FID_conflict:__abstract_sw,67,1,""
0049465e,__statusfp,146,0,""
00494728,___statusfp_sse2,59,0,"___get_fpsr_sse2"
00494763,___clearfp_sse2,80,0,""
004947b3,___control87_sse2,374,2,"___hw_cw_sse2 ___set_fpsr_sse2"
00494929,__statusfp2,90,2,"___statusfp_sse2"
00494983,__clearfp,217,0,""
00494a5c,___control87_2,788,4,"___hw_cw_sse2 ___set_fpsr_sse2 __hw_cw"
00494d70,__control87,783,2,"___hw_cw_sse2 ___set_fpsr_sse2 __hw_cw"
0049507f,__controlfp,786,2,"___hw_cw_sse2 ___set_fpsr_sse2 __hw_cw"
00495391,___mtold12,462,3,"__security_check_cookie"
00495570,Unwind@00495570,8,0,"~exception"
00495593,Unwind@00495593,8,0,"FUN_0044d4e0"
004955b6,Unwind@004955b6,8,0,"FUN_0044d4e0"
004955d9,Unwind@004955d9,8,0,"FUN_0044d4e0"
004955fc,Unwind@004955fc,8,0,"~exception"
00495640,Unwind@00495640,11,0,"FUN_004640d0"
00495670,Unwind@00495670,11,0,"FUN_0046b5a1"
004956b0,Unwind@004956b0,11,0,"FUN_0046b5a1"
004956f0,Unwind@004956f0,8,0,"FUN_004616e0"
004956f8,Unwind@004956f8,11,0,"FUN_004616e0"
00495740,Unwind@00495740,11,0,"FUN_0046b5a1"
00495770,Unwind@00495770,11,0,"FUN_004640d0"
004957a0,Unwind@004957a0,11,0,"FUN_00403140"
004957ab,Unwind@004957ab,14,0,"FUN_00403140"
004957e0,Unwind@004957e0,11,0,"FUN_0044d4e0"
00495810,Unwind@00495810,8,0,"FUN_0044a750"
00495840,Unwind@00495840,8,0,"FUN_0044a750"
00495870,Unwind@00495870,11,0,"FUN_00403140"
004958a0,Unwind@004958a0,11,0,"FUN_0046b5a1"
004958d0,Unwind@004958d0,27,0,"`eh_vector_destructor_iterator'"
00495910,Unwind@00495910,11,0,"FUN_00403140"
00495940,Unwind@00495940,25,0,"`eh_vector_destructor_iterator'"
00495959,Unwind@00495959,27,0,"`eh_vector_destructor_iterator'"
00495990,Unwind@00495990,25,0,"`eh_vector_destructor_iterator'"
004959d0,Unwind@004959d0,25,0,"`eh_vector_destructor_iterator'"
00495a10,Unwind@00495a10,27,0,"`eh_vector_destructor_iterator'"
00495a50,Unwind@00495a50,30,0,"`eh_vector_destructor_iterator'"
00495a6e,Unwind@00495a6e,14,0,"FUN_00403140"
00495a7c,Unwind@00495a7c,27,0,"`eh_vector_destructor_iterator'"
00495ac0,Unwind@00495ac0,11,0,"FUN_00403140"
00495acb,Unwind@00495acb,13,0,"FUN_00435c80"
00495b00,Unwind@00495b00,28,0,"`eh_vector_destructor_iterator'"
00495b40,Unwind@00495b40,25,0,"`eh_vector_destructor_iterator'"
00495b59,Unwind@00495b59,27,0,"`eh_vector_destructor_iterator'"
00495b90,Unwind@00495b90,28,0,"`eh_vector_destructor_iterator'"
00495bd0,Unwind@00495bd0,27,0,"`eh_vector_destructor_iterator'"
00495beb,Unwind@00495beb,27,0,"`eh_vector_destructor_iterator'"
00495c30,Unwind@00495c30,14,0,"FUN_004640d0"
00495c60,Unwind@00495c60,27,0,"`eh_vector_destructor_iterator'"
00495ca0,Unwind@00495ca0,8,0,"FUN_0040f920"
00495cd0,Unwind@00495cd0,30,0,"`eh_vector_destructor_iterator'"
00495cee,Unwind@00495cee,14,0,"FUN_00403140"
00495cfc,Unwind@00495cfc,27,0,"`eh_vector_destructor_iterator'"
00495d40,Unwind@00495d40,11,0,"FUN_004640d0"
00495d4b,Unwind@00495d4b,11,0,"FUN_00403140"
00495d80,Unwind@00495d80,11,0,"FUN_0046b5a1"
00495db0,Unwind@00495db0,11,0,"FUN_004640d0"
00495dbb,Unwind@00495dbb,14,0,"FUN_00403140"
00495df0,Unwind@00495df0,14,0,"FUN_0046b5a1"
00495dfe,Unwind@00495dfe,14,0,"FUN_0046b5a1"
00495e30,Unwind@00495e30,11,0,"FUN_0046b5a1"
00495e60,Unwind@00495e60,11,0,"FUN_0046b5a1"
00495e90,Unwind@00495e90,11,0,"FUN_0046b5a1"
00495ec0,Unwind@00495ec0,14,0,"FUN_0046b5a1"
00495f00,Unwind@00495f00,11,0,"FUN_0046b5a1"
00495f30,Unwind@00495f30,11,0,"FUN_0046b5a1"
00495f60,Unwind@00495f60,11,0,"FUN_0046b5a1"
00495f90,Unwind@00495f90,11,0,"FUN_0046b5a1"
00495fc0,Unwind@00495fc0,11,0,"FUN_0046b5a1"
00495ff0,Unwind@00495ff0,11,0,"FUN_0046b5a1"
00496020,Unwind@00496020,11,0,"FUN_0046b5a1"
00496230,FUN_00496230,23,0,"FUN_004640f0"
00496250,FUN_00496250,20,0,"`eh_vector_destructor_iterator'"
00496270,FUN_00496270,23,0,"FUN_004640f0"
00496290,thunk_FUN_0044bf90,5,0,"FUN_0044bf90"
004962a0,FUN_004962a0,23,0,"FUN_004640f0"
004962c0,FUN_004962c0,10,0,"FUN_00451c60"
004962d0,FUN_004962d0,13,0,"FUN_0044a0f0"
004962e0,FUN_004962e0,1,0,""
004962f0,FUN_004962f0,1,0,""
