entry,name,size,params,callees
00401130,FUN_00401130,171,2,"EnterCriticalSection LeaveCriticalSection"
004011e0,FUN_004011e0,171,2,"EnterCriticalSection LeaveCriticalSection"
00401290,FUN_00401290,278,1,"EnterCriticalSection FUN_004015d0 LeaveCriticalSection"
004013d0,FUN_004013d0,241,0,"EnterCriticalSection FUN_004015d0 LeaveCriticalSection"
004014e0,FUN_004014e0,113,2,"EnterCriticalSection FUN_004015d0 LeaveCriticalSection"
00401560,FUN_00401560,106,1,"FUN_0047a78d"
004015d0,FUN_004015d0,169,2,"FUN_0047a7bd"
00401680,FUN_00401680,830,1,"__security_check_cookie _memset joyGetPosEx"
004019c0,FUN_004019c0,990,0,"FUN_00401680 FUN_004054c0 GetKeyboardState __security_check_cookie"
00401da0,FUN_00401da0,272,6,"FID_conflict:_free FUN_0047dde0 FUN_0047e354"
00401eb0,FUN_00401eb0,271,6,"FID_conflict:_free FUN_0047dde0 FUN_0047e354"
00401fc0,FUN_00401fc0,444,3,"CloseHandle CreateFileA EnterCriticalSection FUN_00405570 FUN_004055b0 FUN_0045cb70 FUN_0047bc90 FUN_0047e354 GetFileSize LeaveCriticalSection ReadFile __stricmp"
00402180,FUN_00402180,128,1,"CloseHandle CreateFileA EnterCriticalSection LeaveCriticalSection"
00402200,FUN_00402200,310,3,"CloseHandle CreateFileA EnterCriticalSection FUN_00405570 FormatMessageA GetLastError LeaveCriticalSection LocalFree WriteFile"
00402340,FUN_00402340,182,1,"CreateFileA EnterCriticalSection FUN_00405570 FormatMessageA GetLastError LeaveCriticalSection LocalFree"
00402400,FUN_00402400,87,1,"CloseHandle FUN_0047e354 ReadFile"
00402460,FUN_00402460,46,0,"CloseHandle LeaveCriticalSection"
00402490,FUN_00402490,193,3,"EnterCriticalSection FUN_00405480 LeaveCriticalSection __alloca_probe __security_check_cookie"
00402560,FUN_00402560,196,3,"EnterCriticalSection FUN_00405480 LeaveCriticalSection __security_check_cookie"
00402630,FUN_00402630,101,1,"EnterCriticalSection LeaveCriticalSection"
004026a0,FUN_004026a0,139,1,"EnterCriticalSection LeaveCriticalSection"
00402730,FUN_00402730,56,1,"FUN_004026a0"
00402770,FUN_00402770,64,1,"FUN_004026a0"
004027b0,FUN_004027b0,82,0,""
00402810,FUN_00402810,71,0,""
00402860,FUN_00402860,61,1,""
004028a0,FUN_004028a0,66,1,""
004028f0,FUN_004028f0,127,2,""
00402970,FUN_00402970,128,1,""
004029f0,FUN_004029f0,23,1,""
00402a10,FUN_00402a10,104,1,""
00402a80,FUN_00402a80,41,2,"FUN_00402ac0 FUN_0047a7bd"
00402ab0,FUN_00402ab0,11,1,"FUN_00402ac0"
00402ac0,FUN_00402ac0,126,1,"CloseHandle Sleep WaitForSingleObject"
00402b40,FUN_00402b40,61,3,"FUN_00402ac0 __beginthreadex"
00402b80,FUN_00402b80,326,1,"FUN_00405410"
00402ce0,FUN_00402ce0,776,1,"FUN_00402810 FUN_004052f0 FUN_00405330 FUN_00405370 FUN_00405410 FUN_00405430 FUN_00405450"
00403000,FUN_00403000,29,1,"FUN_00402ce0"
00403020,FUN_00403020,1461,1,"FUN_00405450"
00403660,FUN_00403660,635,2,"FUN_00492b70 FUN_00492d30 __security_check_cookie"
004038e0,FUN_004038e0,358,5,"FUN_00405430 FUN_00405450"
00403a50,FUN_00403a50,1267,6,"FUN_00405430 FUN_00405450 __security_check_cookie"
00403f50,FUN_00403f50,876,8,""
004042c0,FUN_004042c0,945,6,"FUN_00405410"
00404680,FUN_00404680,947,8,"FUN_00403f50 FUN_00492b70 FUN_00492d30 __security_check_cookie"
00404a40,FUN_00404a40,2180,7,"FUN_00403660 FUN_00492b70 FUN_00492d30 __libm_sse2_sqrt_precise __security_check_cookie"
004052d0,FUN_004052d0,25,0,""
004052f0,FUN_004052f0,55,0,"FUN_00493270"
00405330,FUN_00405330,57,1,"FUN_0049231a"
00405370,FUN_00405370,142,3,""
00405410,FUN_00405410,32,3,""
00405430,FUN_00405430,23,1,"FUN_00492b70"
00405450,FUN_00405450,23,1,"FUN_00492d30"
00405470,FUN_00405470,6,0,""
00405480,FUN_00405480,51,3,"FUN_00405470 ___stdio_common_vsprintf"
004054c0,FUN_004054c0,163,1,""
00405570,FUN_00405570,1,0,""
00405580,FUN_00405580,35,2,""
004055b0,FUN_004055b0,44,1,"LeaveCriticalSection"
004055e0,FUN_004055e0,142,1,"FUN_0047e354 _memset"
00405670,FUN_00405670,2177,1,"D3DXVec3Normalize FUN_00402730 FUN_00402770 FUN_00406180 FUN_00406260 FUN_004062a0 FUN_004063a0 FUN_004752f0 __security_check_cookie"
00405fe0,FUN_00405fe0,146,3,"FUN_004752f0 FUN_00475b50 FUN_00475c30"
00406080,FUN_00406080,256,4,"FUN_00475390 FUN_00475e00 FUN_00475f70"
00406180,FUN_00406180,211,6,""
00406260,FUN_00406260,49,1,""
004062a0,FUN_004062a0,236,5,"EnterCriticalSection FUN_00407700 FUN_004658c0 FUN_004749e0 FUN_00475930 LeaveCriticalSection"
00406390,FUN_00406390,6,0,""
004063a0,FUN_004063a0,32,3,""
004063c0,FUN_004063c0,68,2,""
00406410,FUN_00406410,35,2,"FUN_0047e354"
00406440,FUN_00406440,370,2,"FUN_00402770 FUN_00406d20 FUN_0047e354 _memset"
004065c0,FUN_004065c0,427,1,"FUN_00402730 FUN_00402770 FUN_00406d00"
00406770,FUN_00406770,477,1,"FUN_00406ab0 FUN_0046b350 FUN_0046beb0"
00406970,FUN_00406970,309,2,"FUN_00402770 FUN_0047e354 _memset"
00406ab0,FUN_00406ab0,463,2,"FUN_00405430 FUN_00405450 FUN_00406c80 __security_check_cookie"
00406c80,FUN_00406c80,115,2,"FUN_00406ab0"
00406d00,FUN_00406d00,32,3,""
00406d20,FUN_00406d20,154,5,""
00406dc0,FUN_00406dc0,127,2,""
00406e40,FUN_00406e40,396,1,"FUN_00407700 FUN_004658c0 FUN_0047e354 _memset"
00406fd0,FUN_00406fd0,100,1,"FUN_004658c0"
00407040,FUN_00407040,1348,1,"FUN_0046beb0 FUN_0046e630 __security_check_cookie"
004075a0,FUN_004075a0,301,2,"FUN_00407700 FUN_004658c0"
00407700,FUN_00407700,415,3,"_memset"
004078a0,FUN_004078a0,511,0,"FUN_00401130 FUN_004011e0 FUN_00401560 FUN_00402490 FUN_00407aa0 FUN_00408d80 FUN_00409080 FUN_00464e30 FUN_00473400 FUN_0047a78d __security_check_cookie _memset"
00407aa0,FUN_00407aa0,560,1,"EnterCriticalSection FID_conflict:_free FUN_004015d0 FUN_00473bb0 FUN_0047a7bd LeaveCriticalSection"
00407cd0,FUN_00407cd0,523,1,""
00407f00,FUN_00407f00,97,1,"FUN_00408390 FUN_00408c80 FUN_0046beb0"
00407f80,FUN_00407f80,499,4,""
00408180,FUN_00408180,95,5,"FUN_00405480 FUN_00407f80 __security_check_cookie"
004081e0,FUN_004081e0,291,3,"FUN_00407f80 FUN_00408d30 __security_check_cookie"
00408310,FUN_00408310,116,5,"FUN_00405480 FUN_00407f80 __security_check_cookie"
00408390,FUN_00408390,101,2,"FUN_00408400 FUN_00408c80 FUN_0046beb0"
00408400,FUN_00408400,1934,2,"FUN_00408bf0 FUN_0046b6c0 FUN_0046c070"
00408be0,FUN_00408be0,6,0,""
00408bf0,FUN_00408bf0,131,2,""
00408c80,FUN_00408c80,171,2,"FUN_0046beb0"
00408d30,FUN_00408d30,24,3,"FUN_00405480"
00408d50,FUN_00408d50,34,4,""
00408d80,FUN_00408d80,704,1,"_memset"
00409040,FUN_00409040,61,1,"FID_conflict:_free"
00409080,FUN_00409080,149,1,"_memset"
00409120,FUN_00409120,191,4,""
004091e0,FUN_004091e0,337,1,"FID_conflict:_free FUN_004752f0 FUN_00475570"
00409340,FUN_00409340,73,1,"FUN_0047aaed"
00409390,FUN_00409390,848,2,"FUN_00401130 FUN_004011e0 FUN_00401560 FUN_00401fc0 FUN_00402490 FUN_00402560 FUN_00473400 FUN_0047dde0 FUN_0047e354 _memset"
004096e0,FUN_004096e0,984,1,"EnterCriticalSection FID_conflict:_free FUN_004015d0 FUN_004091e0 FUN_00473bb0 FUN_0047a7bd FUN_0047aaed LeaveCriticalSection"
00409ac0,FUN_00409ac0,25,1,"FUN_004091e0 FUN_0047a7bd"
00409ae0,FUN_00409ae0,363,1,"FUN_00409390 FUN_004096e0 FUN_0047a78d FUN_0047a7bd FUN_0047aa83 _memset"
00409c50,FUN_00409c50,569,1,"D3DXVec3Normalize FUN_0040af10 FUN_0040c450 FUN_004658c0 __security_check_cookie"
00409e90,FUN_00409e90,1175,1,"FUN_00401130 FUN_004011e0 FUN_00401560 FUN_0040aba0 FUN_0040d720 FUN_0046beb0 FUN_0047a78d __security_check_cookie _memset"
0040a330,FUN_0040a330,975,1,"FUN_0040aba0 FUN_0040d720 FUN_0046beb0 FUN_00474960"
0040a730,FUN_0040a730,1125,3,"D3DXMatrixTranslation D3DXVec3ProjectArray __security_check_cookie"
0040aba0,FUN_0040aba0,874,2,"FUN_0040a730 FUN_0040c050 FUN_0040d720 FUN_0046beb0 FUN_0046e630"
0040af10,FUN_0040af10,4146,1,"FUN_00402810 FUN_00405430 FUN_00405450 FUN_00407700 FUN_00409120 FUN_004091e0 FUN_0040cc90 FUN_0040d2e0 FUN_00416110 FUN_004658c0 FUN_0047a78d FUN_0047a7bd"
0040bfc0,FUN_0040bfc0,144,1,""
0040c050,FUN_0040c050,1019,2,"D3DXMatrixLookAtLH D3DXMatrixPerspectiveFovLH D3DXVec3Normalize FUN_0046beb0 FUN_0046e630 __security_check_cookie"
0040c450,FUN_0040c450,2099,1,"D3DXVec3Normalize FUN_00402730 FUN_00416290 FUN_00492d30 __security_check_cookie"
0040cc90,FUN_0040cc90,1612,2,"FUN_00403020 FUN_0040d630"
0040d2e0,FUN_0040d2e0,845,2,"FUN_00403020"
0040d630,FUN_0040d630,137,3,""
0040d6c0,FUN_0040d6c0,88,4,""
0040d720,FUN_0040d720,502,1,"D3DXMatrixLookAtLH D3DXMatrixPerspectiveFovLH D3DXVec3Normalize FUN_0046beb0 __security_check_cookie"
0040d920,FUN_0040d920,239,1,"EnterCriticalSection FID_conflict:_free FUN_004015d0 FUN_0047a7bd LeaveCriticalSection"
0040da30,FUN_0040da30,446,2,"FID_conflict:_free FUN_00401fc0 FUN_00402180 FUN_00408d30 FUN_0040e2f0 FUN_0045d7e0 FUN_0047e354 FUN_0047faa8 __security_check_cookie"
0040dbf0,FUN_0040dbf0,625,2,"CloseHandle FID_conflict:__time64 FID_conflict:_free FUN_00402340 FUN_00408d30 FUN_0045d520 FUN_0047faa8 LeaveCriticalSection WriteFile __mkdir __security_check_cookie"
0040de70,FUN_0040de70,279,1,"FID_conflict:_free FUN_0047dde0 FUN_0047e354"
0040df90,FUN_0040df90,860,3,"FID_conflict:_free FUN_0047dde0 FUN_0047e354"
0040e2f0,FUN_0040e2f0,1,0,""
0040e300,FUN_0040e300,3,0,""
0040e310,FUN_0040e310,3,0,""
0040e320,FUN_0040e320,3,0,""
0040e330,FUN_0040e330,5,0,""
0040e340,FUN_0040e340,3,0,""
0040e350,FUN_0040e350,1,0,""
0040e360,FUN_0040e360,745,1,"EnterCriticalSection FID_conflict:_free FUN_004015d0 FUN_004752f0 FUN_00475570 LeaveCriticalSection"
0040e650,FUN_0040e650,461,0,"FUN_00401130 FUN_004011e0 FUN_00401560 FUN_0047a78d _memset"
0040e950,FUN_0040e950,11,1,""
0040e960,FUN_0040e960,23,1,"_memset"
0040e980,FUN_0040e980,30,1,"_memset"
0040e9a0,FUN_0040e9a0,99,1,"FUN_00409080"
0040ea10,FUN_0040ea10,61,1,"FID_conflict:_free"
0040ea50,FUN_0040ea50,300,0,"FUN_00475600 _memset"
0040eb80,FUN_0040eb80,521,0,"FUN_00401130 FUN_004011e0 FUN_00401560 FUN_00402490 FUN_0040ed90 FUN_00473400 FUN_0047a78d FUN_0047aa83 _memset"
0040ed90,FUN_0040ed90,317,1,"EnterCriticalSection FUN_004015d0 FUN_00475600 FUN_0047a7bd FUN_0047aaed LeaveCriticalSection"
0040eed0,FUN_0040eed0,3591,1,"FUN_00402730 FUN_00402770 FUN_0040fcf0 FUN_0040fed0 FUN_00410f70 FUN_00412bb0 FUN_00412de0 FUN_00412fe0 FUN_00413170 FUN_00413530 FUN_00413a50 FUN_00413cc0 FUN_00414bf0 FUN_00414e20 FUN_00414f00 FUN_00414f40 FUN_00415040 FUN_0042c1e0 FUN_00463e00 FUN_004658c0 FUN_00475670 FUN_00476590"
0040fcf0,FUN_0040fcf0,465,2,"FUN_00414e20 FUN_00414f00 FUN_00414f40 FUN_004465f0 FUN_00446710 FUN_00446e50 FUN_004752f0 FUN_00475400 FUN_00475670"
0040fed0,FUN_0040fed0,487,1,""
004100c0,FUN_004100c0,485,1,"FUN_0040eed0 FUN_0040fcf0"
00410410,FUN_00410410,2813,5,"FUN_00402730 FUN_00402770 FUN_00408d80 FUN_0040fed0 FUN_00410f70 FUN_00414f00 FUN_00414f40 FUN_00415040 FUN_004650a0 FUN_004658c0 FUN_00492d30"
00410f70,FUN_00410f70,6699,1,"FUN_00402770 FUN_004027b0 FUN_00402810 FUN_00408d80 FUN_00412a90 FUN_004141f0 FUN_00414f00 FUN_00414f40 FUN_00415040 FUN_00417010 FUN_0042cb50 FUN_00446570 FUN_00463e00 FUN_00463ea0 FUN_004650a0 FUN_004752f0 FUN_00475570 __security_check_cookie _memset"
00412a90,FUN_00412a90,279,1,"FUN_00410410 FUN_00463ea0 FUN_0049231a"
00412bb0,FUN_00412bb0,552,1,"FUN_0049231a __libm_sse2_sqrt_precise"
00412de0,FUN_00412de0,504,1,"FUN_0049231a"
00412fe0,FUN_00412fe0,392,1,"FUN_00415040"
00413170,FUN_00413170,928,1,"FUN_00415040 FUN_00446570 FUN_00463e00"
00413530,FUN_00413530,1304,1,"FUN_00415040 FUN_00463e00"
00413a50,FUN_00413a50,610,1,"FUN_0040d2e0 FUN_00415040 FUN_0049231a"
00413cc0,FUN_00413cc0,1314,1,"D3DXVec2Normalize FUN_00414e00"
004141f0,FUN_004141f0,378,1,"FUN_00414f40 FUN_00463ea0 FUN_004658c0 FUN_00475400"
00414370,FUN_00414370,238,1,"FUN_004141f0"
00414460,FUN_00414460,257,1,"FUN_004141f0"
00414570,FUN_00414570,855,3,"FUN_00405430 FUN_00405450"
004148d0,FUN_004148d0,280,1,"FUN_004038e0 FUN_004141f0"
004149f0,FUN_004149f0,445,1,"FUN_00414f40 FUN_00463ea0 FUN_004658c0 FUN_00475400"
00414bf0,FUN_00414bf0,516,1,"FUN_00403020"
00414e00,FUN_00414e00,32,3,""
00414e20,FUN_00414e20,216,5,""
00414f00,FUN_00414f00,57,2,""
00414f40,FUN_00414f40,241,6,"EnterCriticalSection FUN_00407700 FUN_004658c0 FUN_004749e0 FUN_00475930 LeaveCriticalSection"
00415040,FUN_00415040,32,3,""
00415060,FUN_00415060,465,1,"EnterCriticalSection FUN_004015d0 FUN_004752f0 FUN_00475570 LeaveCriticalSection"
004154d0,FUN_004154d0,447,0,"FUN_004614c0 FUN_0049233a FUN_00493270"
004156a0,FUN_004156a0,210,1,"FUN_00408180 FUN_004752f0"
00415780,FUN_00415780,678,4,"FUN_004062a0 FUN_00463e00 FUN_00473e40 FUN_004752f0 FUN_004757f0"
00415a30,FUN_00415a30,313,0,"FUN_00463e00 FUN_004752f0 FUN_00475400 FUN_00475570"
00415b70,FUN_00415b70,23,1,""
00415b90,FUN_00415b90,65,0,"_memset"
00415be0,FUN_00415be0,150,1,"FUN_00475600"
00415c80,FUN_00415c80,179,0,""
00415d40,FUN_00415d40,98,2,""
00415db0,FUN_00415db0,300,1,"EnterCriticalSection FUN_004015d0 FUN_00473bb0 FUN_00475600 FUN_0047a7bd LeaveCriticalSection"
00415f20,FUN_00415f20,171,5,"FUN_004062a0 FUN_004752f0"
00415fd0,FUN_00415fd0,180,1,"FUN_00406e40 FUN_00416480 FUN_004752f0"
00416090,FUN_00416090,106,2,""
00416110,FUN_00416110,369,3,"FUN_004062a0 FUN_0043a790 FUN_004752f0 FUN_0047e354"
00416290,FUN_00416290,326,2,"FUN_004163e0"
004163e0,FUN_004163e0,149,1,""
00416480,FUN_00416480,193,3,"EnterCriticalSection FUN_00407700 FUN_004658c0 FUN_00474b20 FUN_00475930 LeaveCriticalSection"
00416550,FUN_00416550,5,0,""
00416560,FUN_00416560,159,1,""
00416600,FUN_00416600,3,0,""
00416610,FUN_00416610,5,0,""
00416620,FUN_00416620,5,0,""
00416630,FUN_00416630,5,0,""
00416640,FUN_00416640,5,0,""
00416650,FUN_00416650,51,1,"FUN_0047a7bd"
00416690,FUN_00416690,99,1,"FUN_00416560"
00416700,FUN_00416700,196,1,""
004167d0,FUN_004167d0,44,2,"FUN_00416650 FUN_0047a7bd"
00416800,FUN_00416800,72,2,"FUN_0042c1e0"
00416850,FUN_00416850,434,2,"FUN_004091e0 FUN_00416650 FUN_004752f0 FUN_00475570 FUN_0047a7bd"
00416a10,FUN_00416a10,202,1,"_memset"
00416ae0,FUN_00416ae0,96,2,"FUN_00401fc0 FUN_0047a3f0"
00416b40,FUN_00416b40,70,0,""
00416b90,FUN_00416b90,50,2,""
00416bd0,FUN_00416bd0,34,1,""
00416c00,FUN_00416c00,64,1,""
00416c40,FUN_00416c40,56,1,""
00416c80,FUN_00416c80,17,1,""
00416ca0,FUN_00416ca0,46,2,""
00416cd0,FUN_00416cd0,50,3,""
00416d10,FUN_00416d10,102,1,"FUN_004752f0"
00416d80,FUN_00416d80,56,1,"FUN_00416d10"
00416dc0,FUN_00416dc0,77,2,"FUN_00415f20 FUN_00416d10"
00416e10,FUN_00416e10,109,0,"FUN_004752f0 FUN_00475570"
00416e80,FUN_00416e80,23,1,"_memset"
00416ea0,FUN_00416ea0,23,1,"_memset"
00416ec0,FUN_00416ec0,43,1,""
00416ef0,FUN_00416ef0,18,3,"FUN_00409120"
00416f10,FUN_00416f10,249,1,"FUN_004752f0 FUN_00475570 FUN_00475740 _memset"
00417010,FUN_00417010,767,2,"FUN_004179b0 FUN_00419640 FUN_0047a78d"
00417390,FUN_00417390,351,2,"FUN_00401fc0 FUN_00402490 FUN_00473400 FUN_0047a3f0"
004174f0,FUN_004174f0,450,1,"FUN_00401130 FUN_004011e0 FUN_00401560 FUN_00416ae0 FUN_0047a78d _memset"
004176c0,FUN_004176c0,384,1,"EnterCriticalSection FID_conflict:_free FUN_004015d0 FUN_00415be0 FUN_00473bb0 FUN_0047a7bd LeaveCriticalSection"
00417840,FUN_00417840,281,1,"FUN_00419640"
004179b0,FUN_004179b0,1172,2,"FUN_00416690 FUN_00416700 FUN_00416a10 FUN_0047a340 _memset"
00417e50,FUN_00417e50,1552,1,"EnterCriticalSection FUN_00402810 FUN_00402b80 FUN_00402ce0 FUN_00407700 FUN_00414bf0 FUN_00416090 FUN_00418460 FUN_00423750 FUN_00423a10 FUN_004658c0 FUN_004749e0 FUN_004752f0 FUN_00475570 FUN_00475930 LeaveCriticalSection"
00418460,FUN_00418460,313,1,"FUN_00402ce0"
004185a0,FUN_004185a0,2722,1,"FUN_00402810 FUN_00405430 FUN_00405450 FUN_00416650 FUN_00416700 FUN_00419b70 FUN_00446710 FUN_00446810 FUN_00446e50 FUN_0044d550 FUN_00463ea0 FUN_004752f0 FUN_00475670 FUN_00479e20 FUN_0047a340"
00419050,FUN_00419050,1515,1,"D3DXVec3Normalize FUN_00416290 FUN_00492d30 __security_check_cookie"
00419640,FUN_00419640,242,1,"FUN_00419740 FUN_004752f0"
00419740,FUN_00419740,1061,1,"FUN_00405330 FUN_00417e50 FUN_004185a0 FUN_00419050 FUN_004752f0 FUN_00475670 FUN_00479e20"
00419b70,FUN_00419b70,368,1,"FUN_00405330 FUN_00414f40 FUN_00416650 FUN_00416700 FUN_00416d10 FUN_0042c1e0 FUN_00463ea0 FUN_00479e20 FUN_0047a340"
00419ce0,FUN_00419ce0,302,0,"FUN_00419b70"
00419e10,FUN_00419e10,322,1,"FUN_00419b70"
00419f60,FUN_00419f60,317,0,"FUN_00419b70"
0041a0a0,FUN_0041a0a0,589,2,"FUN_00405430 FUN_00405450 FUN_00419b70"
0041a2f0,FUN_0041a2f0,1420,5,"FUN_00405430 FUN_00405450 FUN_004752f0"
0041a880,FUN_0041a880,11,1,"FUN_0041a890"
0041a890,FUN_0041a890,20149,1,"FUN_00402630 FUN_00402770 FUN_00402810 FUN_00403000 FUN_004052d0 FUN_00405330 FUN_00406390 FUN_004063c0 FUN_00409ac0 FUN_0040bfc0 FUN_0040d6c0 FUN_0040e950 FUN_0040e960 FUN_0040e980 FUN_00412a90 FUN_00414370 FUN_00414460 FUN_004148d0 FUN_004149f0 FUN_00415780 FUN_00415a30 FUN_00416110 FUN_00416650 FUN_00416700 FUN_00416800 FUN_00416b90 FUN_00416bd0 FUN_00416c00 FUN_00416c40 FUN_00416c80 FUN_00416ca0 FUN_00416cd0 FUN_00416d10 FUN_00416d80 FUN_00416dc0 FUN_00416e10 FUN_00416e80 FUN_00416ea0 FUN_00416ec0 FUN_00416ef0 FUN_00416f10 FUN_00418460 FUN_00419b70 FUN_00419ce0 FUN_00419e10 FUN_00419f60 FUN_0041fd10 FUN_0041ff00 FUN_00420090 FUN_00422c60 FUN_00422cd0 FUN_00422d10 FUN_00422d30 FUN_00422d40 FUN_00422d60 FUN_004239d0 FUN_004239f0 FUN_00423ee0 FUN_00423f70 FUN_00423f80 FUN_00423f90 FUN_00423fe0 FUN_004240c0 FUN_004240f0 FUN_00424100 FUN_00424110 FUN_00424120 FUN_00424130 FUN_00424140 FUN_004264f0 FUN_0042a410 FUN_0042cb50 FUN_0042cd60 FUN_0042cdf0 FUN_0042ce70 FUN_00439670 FUN_0043c1b0 FUN_00449660 FUN_00451a00 FUN_00463280 FUN_00463ea0 FUN_00463f50 FUN_004658c0 FUN_00474f20 FUN_004752f0 FUN_00475400 FUN_00475510 FUN_00475670 FUN_00475690 FUN_004756d0 FUN_004765c0 FUN_00479ee0 FUN_00479f90 FUN_0047a600 FUN_0047a640 FUN_0047a78d __security_check_cookie _memset"
0041fd10,FUN_0041fd10,495,1,"FUN_00417010 FUN_00422d80 FUN_00422e40 __security_check_cookie _memset"
0041ff00,FUN_0041ff00,391,1,"FUN_00423fe0 FUN_004752f0 FUN_00475570 FUN_00475740 FUN_00479ee0"
00420090,FUN_00420090,1670,1,"FUN_00406dc0 FUN_00414e20 FUN_004752f0 FUN_00475670 FUN_00479ee0 FUN_00479f90"
00420770,FUN_00420770,2756,2,"FUN_004026a0 FUN_00402730 FUN_00402770 FUN_00405330 FUN_00416b40 FUN_00475670 __libm_sse2_sqrt_precise"
004213f0,FUN_004213f0,681,2,""
00421750,FUN_00421750,4051,2,"FUN_004026a0 FUN_00402730 FUN_00402770 FUN_00405330 FUN_00416b40 FUN_00446570 __libm_sse2_sqrt_precise"
004228e0,FUN_004228e0,709,2,""
00422c60,FUN_00422c60,102,5,""
00422cd0,FUN_00422cd0,56,3,""
00422d10,FUN_00422d10,18,2,"FUN_00479ee0"
00422d30,FUN_00422d30,14,1,"FUN_0047a140"
00422d40,FUN_00422d40,18,2,"FUN_00479f90"
00422d60,FUN_00422d60,18,2,"FUN_0047a1b0"
00422d80,FUN_00422d80,177,3,""
00422e40,FUN_00422e40,226,2,""
004230d0,FUN_004230d0,281,2,"FUN_0044d550 FUN_004752f0 __security_check_cookie"
004231f0,FUN_004231f0,769,1,"FUN_00405430 FUN_00405450 FUN_00412a90 FUN_004141f0 FUN_00424140"
00423680,FUN_00423680,204,1,""
00423750,FUN_00423750,626,2,"FUN_00403020"
004239d0,FUN_004239d0,21,3,""
004239f0,FUN_004239f0,17,2,""
00423a10,FUN_00423a10,1162,2,"FUN_00403020"
00423ea0,FUN_00423ea0,63,2,""
00423ee0,FUN_00423ee0,136,1,""
00423f70,FUN_00423f70,6,1,""
00423f80,FUN_00423f80,6,1,""
00423f90,FUN_00423f90,71,0,""
00423fe0,FUN_00423fe0,224,4,"EnterCriticalSection FUN_00407700 FUN_004658c0 FUN_00474a90 FUN_00475930 LeaveCriticalSection"
004240c0,FUN_004240c0,41,5,"FUN_00474f20"
004240f0,FUN_004240f0,6,1,""
00424100,FUN_00424100,5,1,""
00424110,FUN_00424110,11,0,""
00424120,FUN_00424120,11,0,""
00424130,FUN_00424130,1,0,""
00424140,FUN_00424140,32,3,""
00424160,FUN_00424160,110,1,"EnterCriticalSection FUN_004015d0 FUN_0047a7bd LeaveCriticalSection"
004241d0,FUN_004241d0,178,1,"FUN_00408310"
00424290,FUN_00424290,777,1,"FUN_004752f0 FUN_00475570"
004245a0,FUN_004245a0,46,1,""
004245d0,FUN_004245d0,267,1,"FUN_00401fc0 FUN_00402490 FUN_004282e0"
004246e0,FUN_004246e0,446,0,"EnterCriticalSection FUN_004062a0 FUN_00407700 FUN_004658c0 FUN_004749e0 FUN_00475740 FUN_00475930 LeaveCriticalSection"
004248a0,FUN_004248a0,409,1,"FID_conflict:_free FUN_00424290 FUN_004752f0 FUN_00475570 FUN_0047a7bd"
00424a40,FUN_00424a40,28,1,"FUN_00424290 FUN_0047a7bd"
00424a60,FUN_00424a60,656,1,"EnterCriticalSection FUN_004015d0 FUN_004248a0 FUN_004752f0 FUN_00475570 FUN_00475600 LeaveCriticalSection"
00424cf0,FUN_00424cf0,464,0,"FUN_00401130 FUN_004011e0 FUN_00401560 FUN_00402490 FUN_004245d0 FUN_00424a60 FUN_00473400 FUN_0047a78d FUN_0047a7bd _memset"
00424ec0,FUN_00424ec0,3505,1,"FUN_00402810 FUN_00405430 FUN_00405450 FUN_004062a0 FUN_00414f00 FUN_00463e00 FUN_00464e30 FUN_004658c0 FUN_004752f0 FUN_00475400 FUN_00475570 FUN_00475710 FUN_00475740"
00425c80,FUN_00425c80,799,1,"FUN_0040dbf0 FUN_0040de70 FUN_004245a0 FUN_00424a40 FUN_004264f0 FUN_004266a0 FUN_0043c3d0 FUN_00443560 FUN_00451b20 FUN_0045c480"
00426020,FUN_00426020,1223,2,"FUN_004062a0 FUN_004149f0 FUN_00419ce0 FUN_004752f0 FUN_00475480 _memset"
004264f0,FUN_004264f0,421,2,"FUN_00424a40 FUN_00426020 FUN_0042a410 FUN_0043c1b0 FUN_00464d80 FUN_0047a78d __security_check_cookie"
004266a0,FUN_004266a0,4937,1,"FID_conflict:_atoi FUN_004062a0 FUN_00406ab0 FUN_00428010 FUN_004281d0 FUN_00428280 FUN_004282b0 FUN_0042a410 FUN_004395f0 FUN_00439670 FUN_0045c2b0 FUN_00463e00 FUN_00473d20 FUN_004752f0 FUN_00475400 FUN_00475480 FUN_00475570 FUN_00475670 FUN_004757f0 FUN_0047bdd0"
00427a80,FUN_00427a80,353,1,"FUN_00406ab0 FUN_004752f0 FUN_004757f0"
00427bf0,FUN_00427bf0,514,1,"FUN_004752f0 FUN_00475740"
00427e00,FUN_00427e00,514,1,"FUN_004752f0 FUN_00475710"
00428010,FUN_00428010,433,2,"EnterCriticalSection FUN_00407700 FUN_004658c0 FUN_004749e0 FUN_004752f0 FUN_00475570 FUN_004757f0 FUN_00475930 LeaveCriticalSection"
004281d0,FUN_004281d0,171,2,"FUN_004752f0 FUN_004757f0"
00428280,FUN_00428280,44,1,""
004282b0,FUN_004282b0,38,1,""
004282e0,FUN_004282e0,1,0,""
004282f0,FUN_004282f0,123,0,"FUN_00475400"
00428370,FUN_00428370,77,0,"FID_conflict:_free _memset"
004283c0,FUN_004283c0,92,0,""
00428420,FUN_00428420,70,0,""
00428470,FUN_00428470,91,1,"FUN_0047a7bd"
004284d0,FUN_004284d0,152,0,"FUN_00416f10 FUN_00475600 _memset"
00428570,FUN_00428570,3140,0,"FUN_00401130 FUN_004011e0 FUN_00401560 FUN_00402490 FUN_00409ae0 FUN_0040da30 FUN_0040e650 FUN_0040eb80 FUN_00415b70 FUN_004174f0 FUN_004245d0 FUN_00424cf0 FUN_00428370 FUN_004284d0 FUN_0042bb00 FUN_0042c520 FUN_0042c890 FUN_00439570 FUN_004436c0 FUN_00443890 FUN_004444e0 FUN_0044f270 FUN_0044f750 FUN_00451370 FUN_00451b20 FUN_004658c0 FUN_00473400 FUN_00475400 FUN_0047a78d Sleep _memset"
004291d0,FUN_004291d0,1246,0,"EnterCriticalSection FID_conflict:_free FUN_004015d0 FUN_004096e0 FUN_0040e360 FUN_0040ed90 FUN_00415060 FUN_00415be0 FUN_004176c0 FUN_00424a60 FUN_004284d0 FUN_0042ae60 FUN_0042aeb0 FUN_0042af80 FUN_0042bbf0 FUN_0042c890 FUN_0043b590 FUN_004444e0 FUN_0044f750 FUN_00450f90 FUN_00451460 FUN_00464d80 FUN_00475600 FUN_0047a7bd LeaveCriticalSection _memset"
004296b0,FUN_004296b0,118,1,"FUN_0042af10 FUN_004397b0 FUN_0047a78d _memset"
00429730,FUN_00429730,44,0,"FUN_004291d0 FUN_0047a7bd"
00429760,FUN_00429760,2851,1,"FUN_00401130 FUN_004011e0 FUN_00401560 FUN_00402ac0 FUN_00407700 FUN_004096e0 FUN_0040ea50 FUN_00415b90 FUN_00415be0 FUN_00417010 FUN_004246e0 FUN_00428470 FUN_004395f0 FUN_0043c070 FUN_0043eac0 FUN_00443fe0 FUN_00446f60 FUN_00450630 FUN_004614c0 FUN_00463280 FUN_00464d80 FUN_004658c0 FUN_00475400 FUN_0047a78d FUN_0047a7bd _memset"
0042a2e0,FUN_0042a2e0,304,0,"FUN_0045bba0 FUN_004614c0 FUN_00492180"
0042a410,FUN_0042a410,2639,0,"FUN_0040dbf0 FUN_0040de70 FUN_004264f0 FUN_004282f0 FUN_004283c0 FUN_00428420 FUN_0043c070 FUN_0043c3d0 FUN_00443560 FUN_0045bba0"
0042ae60,FUN_0042ae60,76,1,""
0042aeb0,FUN_0042aeb0,82,0,"FUN_0042af80"
0042af10,FUN_0042af10,106,1,"_memset"
0042af80,FUN_0042af80,217,4,"EnterCriticalSection FUN_00407700 FUN_004658c0 FUN_00474b20 FUN_00475930 LeaveCriticalSection"
0042b110,FUN_0042b110,434,0,"FUN_00401130 FUN_004011e0 FUN_00401560 FUN_004397b0 FUN_0047a78d _memset"
0042b2d0,FUN_0042b2d0,259,1,"EnterCriticalSection FUN_004015d0 FUN_00473bb0 FUN_0047a7bd LeaveCriticalSection"
0042b3e0,FUN_0042b3e0,27,0,"FUN_0042b2d0"
0042b400,FUN_0042b400,1575,1,"FID_conflict:_free FUN_004028f0 FUN_00408d30 FUN_00415d40 FUN_0042af80 FUN_004397b0 FUN_00463e00 FUN_00472c60 FUN_00475400 FUN_00475480 FUN_00475770"
0042ba60,FUN_0042ba60,48,0,""
0042ba90,FUN_0042ba90,39,1,"FUN_00409080"
0042bac0,FUN_0042bac0,61,1,"FID_conflict:_free"
0042bb00,FUN_0042bb00,228,0,"FUN_00401130 FUN_004011e0 FUN_00401560 FUN_0047a78d FUN_0047aa83 _memset"
0042bbf0,FUN_0042bbf0,276,1,"EnterCriticalSection FUN_004015d0 FUN_0047a7bd FUN_0047aaed LeaveCriticalSection"
0042bd10,FUN_0042bd10,950,1,"D3DXVec3Normalize FUN_00414f40 FUN_0042ba60 FUN_00463ea0 FUN_004658c0 __security_check_cookie"
0042c100,FUN_0042c100,219,1,"FUN_0046e630 FUN_004752f0"
0042c1e0,FUN_0042c1e0,358,3,"FUN_00402730 FUN_00402770 FUN_00407700 FUN_0042c350 FUN_004658c0"
0042c350,FUN_0042c350,32,3,""
0042c370,FUN_0042c370,3,0,""
0042c380,FUN_0042c380,1,0,""
0042c390,FUN_0042c390,3,0,""
0042c3a0,FUN_0042c3a0,5,0,""
0042c3b0,FUN_0042c3b0,3,0,""
0042c3c0,FUN_0042c3c0,3,0,""
0042c3d0,FUN_0042c3d0,25,1,""
0042c3f0,FUN_0042c3f0,5,0,""
0042c400,FUN_0042c400,5,0,""
0042c410,FUN_0042c410,5,0,""
0042c420,FUN_0042c420,5,0,""
0042c430,FUN_0042c430,5,0,""
0042c440,FUN_0042c440,5,0,""
0042c450,FUN_0042c450,5,0,""
0042c460,FUN_0042c460,3,0,""
0042c470,FUN_0042c470,3,0,""
0042c480,FUN_0042c480,3,0,""
0042c490,FUN_0042c490,3,0,""
0042c4a0,FUN_0042c4a0,3,0,""
0042c4b0,FUN_0042c4b0,3,0,""
0042c4c0,FUN_0042c4c0,3,0,""
0042c4d0,FUN_0042c4d0,3,0,""
0042c4e0,FUN_0042c4e0,3,0,""
0042c4f0,FUN_0042c4f0,3,0,""
0042c500,FUN_0042c500,3,0,""
0042c510,FUN_0042c510,3,0,""
0042c520,FUN_0042c520,138,1,"_memset"
0042c5b0,FUN_0042c5b0,84,3,"FUN_00437c30"
0042c610,FUN_0042c610,117,1,"FUN_00409080 FUN_0042c520 FUN_0047a78d FUN_0047dde0 _memset"
0042c690,FUN_0042c690,83,1,"FUN_00409080 FUN_0042c520 _memset"
0042c6f0,FUN_0042c6f0,90,1,"FUN_0047a78d"
0042c750,FUN_0042c750,84,3,"FUN_00437c30"
0042c7b0,FUN_0042c7b0,84,3,"FUN_00437c30"
0042c810,FUN_0042c810,84,3,"FUN_00437c30"
0042c870,FUN_0042c870,25,2,""
0042c890,FUN_0042c890,253,1,"EnterCriticalSection FUN_004015d0 FUN_00428470 FUN_0047a7bd LeaveCriticalSection"
0042c990,FUN_0042c990,267,1,"FUN_0047a7bd"
0042caa0,FUN_0042caa0,102,1,"FUN_0042c990"
0042cb50,FUN_0042cb50,503,2,"FUN_00409080 FUN_0042c520 FUN_0042c690 FUN_00430a50 FUN_00437810 FUN_0047a78d _memset"
0042cd60,FUN_0042cd60,137,0,""
0042cdf0,FUN_0042cdf0,118,3,""
0042ce70,FUN_0042ce70,55,1,""
0042ceb0,FUN_0042ceb0,1107,2,"FUN_00407700 FUN_00408d80 FUN_00437c30 FUN_00463ea0 FUN_004650a0 FUN_004658c0"
0042d350,FUN_0042d350,1903,1,"FUN_00407700 FUN_00412a90 FUN_00437c30 FUN_00446570 FUN_00463e00 FUN_00463ea0 FUN_004658c0 __security_check_cookie _memset"
0042daf0,FUN_0042daf0,994,1,"FUN_00402810 FUN_00403f50 FUN_0042cb50 FUN_00437c30 FUN_00463e00"
0042dee0,FUN_0042dee0,414,1,"FUN_00437c30 FUN_00463e00"
0042e080,FUN_0042e080,377,1,"FUN_0049231a"
0042e200,FUN_0042e200,2291,1,"FUN_00403a50 FUN_00437c30 FUN_00463e00 FUN_004658c0 FUN_0049231a"
0042eb00,FUN_0042eb00,607,2,"FUN_00402810 FUN_004042c0 FUN_00437c30 FUN_00446810 FUN_00446e50 __security_check_cookie"
0042ed60,FUN_0042ed60,295,1,"FUN_00437c30 FUN_0046e630"
0042ee90,FUN_0042ee90,3,0,""
0042eea0,FUN_0042eea0,2154,6,"EnterCriticalSection FUN_00405430 FUN_00405450 FUN_00407700 FUN_00414f40 FUN_00416d10 FUN_00416d80 FUN_0042c1e0 FUN_0042c690 FUN_00437c30 FUN_004658c0 FUN_004749e0 FUN_00475930 FUN_0047a78d LeaveCriticalSection __security_check_cookie _memset"
0042f710,FUN_0042f710,2090,8,"FUN_00405430 FUN_00405450 FUN_00437c30 FUN_004752f0 __security_check_cookie"
0042ff40,FUN_0042ff40,1763,5,"EnterCriticalSection FUN_00407700 FUN_00414f40 FUN_0042c1e0 FUN_0042c690 FUN_00437c30 FUN_004658c0 FUN_004749e0 FUN_00475930 FUN_0047a78d LeaveCriticalSection __security_check_cookie _memset"
00430630,FUN_00430630,825,3,"EnterCriticalSection FUN_00407700 FUN_00414f40 FUN_0042c1e0 FUN_00437c30 FUN_004658c0 FUN_004749e0 FUN_00475930 LeaveCriticalSection"
00430970,FUN_00430970,217,3,"FUN_00405430 FUN_00405450"
00430a50,FUN_00430a50,647,2,"FUN_00407700 FUN_00408d80 FUN_00437c30 FUN_00463ea0 FUN_004650a0 FUN_004658c0"
00430ce0,FUN_00430ce0,1288,1,"FUN_004658c0"
00431200,FUN_00431200,489,2,"FUN_00402810 FUN_004042c0 FUN_00446810 FUN_00446e50 __security_check_cookie"
004313f0,FUN_004313f0,208,1,"FUN_0046e630"
004314c0,FUN_004314c0,3,0,""
004314d0,FUN_004314d0,2265,6,"EnterCriticalSection FUN_00402730 FUN_00402770 FUN_00405430 FUN_00405450 FUN_00407700 FUN_00414f40 FUN_00416d10 FUN_00416d80 FUN_0042c1e0 FUN_0042c690 FUN_00437c30 FUN_004658c0 FUN_004749e0 FUN_00475930 FUN_0047a78d LeaveCriticalSection __security_check_cookie _memset"
00431db0,FUN_00431db0,3265,8,"FUN_00405430 FUN_00405450 FUN_00437c30 FUN_004752f0 __security_check_cookie"
00432a80,FUN_00432a80,1710,5,"EnterCriticalSection FUN_00407700 FUN_00414f40 FUN_0042c1e0 FUN_0042c690 FUN_00437c30 FUN_004658c0 FUN_004749e0 FUN_00475930 FUN_0047a78d LeaveCriticalSection __security_check_cookie _memset"
00433130,FUN_00433130,920,3,"EnterCriticalSection FUN_00407700 FUN_00414f40 FUN_0042c1e0 FUN_00437c30 FUN_004658c0 FUN_004749e0 FUN_00475930 LeaveCriticalSection"
004334d0,FUN_004334d0,217,3,"FUN_00405430 FUN_00405450"
004335b0,FUN_004335b0,159,1,""
00433650,FUN_00433650,1742,2,"FUN_00407700 FUN_00408d80 FUN_00434a00 FUN_00434e80 FUN_00437c30 FUN_00463ea0 FUN_004650a0 FUN_004658c0 FUN_0047a78d FUN_0047e354"
00433d20,FUN_00433d20,98,1,"FID_conflict:_free FUN_0047a7bd"
00433d90,FUN_00433d90,2635,1,"FUN_00434a00 FUN_00434e80 FUN_00437c30 FUN_00463e00 FUN_004658c0 FUN_0049231a"
004347e0,FUN_004347e0,543,2,"FUN_00437c30 FUN_00446810 FUN_00446e50 __security_check_cookie"
00434a00,FUN_00434a00,1140,5,"FUN_00437c30 FUN_0049231a FUN_00493270 __libm_sse2_sqrt_precise"
00434e80,FUN_00434e80,987,8,"FUN_00437c30 FUN_0049231a FUN_00493270 __libm_sse2_sqrt_precise"
00435260,FUN_00435260,1365,1,"FUN_00437c30 FUN_0046e390 FUN_0046e630"
004357c0,FUN_004357c0,2151,1,"EnterCriticalSection FUN_00407700 FUN_00412a90 FUN_0042c6f0 FUN_00434a00 FUN_00437c30 FUN_00463ea0 FUN_004658c0 FUN_004749e0 FUN_00475930 __security_check_cookie _memset"
00436050,FUN_00436050,414,1,"FUN_00437c30 FUN_00463e00"
004361f0,FUN_004361f0,324,1,"FUN_00437c30"
00436340,FUN_00436340,377,1,"FUN_0049231a"
004364c0,FUN_004364c0,151,1,""
00436560,FUN_00436560,1493,6,"EnterCriticalSection FID_conflict:_free FUN_00405430 FUN_00405450 FUN_00407700 FUN_00409080 FUN_00416d10 FUN_0042c1e0 FUN_0042c520 FUN_00433650 FUN_004658c0 FUN_004749e0 FUN_00475930 FUN_0047a78d FUN_0047e354 LeaveCriticalSection __security_check_cookie _memset"
00436b40,FUN_00436b40,1674,8,"FUN_00405430 FUN_00405450 FUN_004752f0"
004371d0,FUN_004371d0,1017,5,"EnterCriticalSection FUN_00407700 FUN_0042c1e0 FUN_004658c0 FUN_004749e0 FUN_00475930 LeaveCriticalSection __security_check_cookie _memset"
004375d0,FUN_004375d0,307,3,"EnterCriticalSection FUN_00407700 FUN_004658c0 FUN_004749e0 FUN_00475930 LeaveCriticalSection"
00437710,FUN_00437710,217,3,"FUN_00405430 FUN_00405450"
00437810,FUN_00437810,916,2,"_memset"
00437bb0,FUN_00437bb0,3,0,""
00437bc0,FUN_00437bc0,3,0,""
00437bd0,FUN_00437bd0,3,0,""
00437be0,FUN_00437be0,5,0,""
00437bf0,FUN_00437bf0,27,3,""
00437c10,FUN_00437c10,5,0,""
00437c20,FUN_00437c20,1,0,""
00437c30,FUN_00437c30,32,3,""
00437c50,FUN_00437c50,740,0,"FUN_00401130 FUN_004011e0 FUN_00401560 FUN_00402490 FUN_00415db0 FUN_0043e760 FUN_0045b940 FUN_00473400 FUN_0047a78d _memset"
00437f40,FUN_00437f40,640,0,"CreateEventA CreateThread FUN_00401fc0 FUN_00402180 FUN_00402490 FUN_004078a0 FUN_00437c50 FUN_00463550 FUN_00463d60 FUN_00473400 FUN_004765e0"
004381c0,FUN_004381c0,530,1,"EnterCriticalSection FID_conflict:_free FUN_004015d0 FUN_00402ac0 FUN_00407aa0 FUN_0040d920 FUN_00415db0 FUN_0043e940 FUN_00450f90 FUN_00473bb0 FUN_0047a7bd LeaveCriticalSection"
004383e0,FUN_004383e0,217,1,"FUN_0043a850 FUN_00450a70 FUN_0047a78d _memset"
004384c0,FUN_004384c0,164,1,"FUN_004062a0 FUN_0042af80"
00438570,FUN_00438570,476,1,"FUN_004019c0 FUN_00439cf0 FUN_00463fe0 FUN_004734a0 FUN_00473bb0 FUN_00477500"
00438750,FUN_00438750,455,0,"CreateThread FUN_004011e0 FUN_00401560 FUN_00401fc0 FUN_00402560 FUN_00408d30 FUN_00409080 FUN_004399f0 FUN_0045ca30 FUN_0045e4a0 FUN_00471cb0 FUN_0047a78d __security_check_cookie _memset timeGetTime"
00438920,FUN_00438920,712,1,"DeleteObject FID_conflict:_free FUN_00402ac0 FUN_00424160 FUN_00438c40 FUN_0045cab0 FUN_0045dde0 FUN_00463fe0 FUN_00464d80 FUN_0047a7bd"
00438bf0,FUN_00438bf0,79,1,"FID_conflict:_free FUN_0047a7bd"
00438c40,FUN_00438c40,228,0,"FUN_0040d920 FUN_00415db0 FUN_004291d0 FUN_0042b2d0 FUN_004381c0 FUN_0043aeb0 FUN_0043e940 FUN_0044f750 FUN_00452730 FUN_0045bd60 FUN_0045c480 FUN_0047a7bd"
00438d30,FUN_00438d30,389,0,"FUN_00401130 FUN_004011e0 FUN_00401560"
00438ec0,FUN_00438ec0,615,1,"FUN_00402490 FUN_0043abf0 FUN_0047dde0 FUN_0047e354 Sleep __beginthread _memset"
00439130,FUN_00439130,509,0,"CloseHandle FID_conflict:_free FUN_00402340 LeaveCriticalSection WriteFile"
00439330,FUN_00439330,563,1,"FID_conflict:_free FUN_00401fc0 FUN_00402200 FUN_00402490 FUN_00402560 FUN_0042af10 FUN_0047faa8"
00439570,FUN_00439570,123,2,"FUN_00464d80 __security_check_cookie"
004395f0,FUN_004395f0,73,2,"FUN_00464d80"
00439640,FUN_00439640,35,0,"FUN_00464d80"
00439670,FUN_00439670,59,0,"FUN_00464d80"
004396b0,FUN_004396b0,55,1,"FUN_0046beb0"
004396f0,FUN_004396f0,55,1,"FUN_0046beb0"
00439730,FUN_00439730,55,1,"FUN_0046beb0"
00439770,FUN_00439770,55,1,"FUN_0046beb0"
004397b0,FUN_004397b0,122,2,"EnterCriticalSection FUN_00402ac0 LeaveCriticalSection __beginthreadex"
00439830,FUN_00439830,437,1,"D3DXMatrixLookAtLH D3DXMatrixPerspectiveFovLH FUN_0043ab70 __security_check_cookie"
004399f0,FUN_004399f0,761,1,"FUN_00439830"
00439cf0,FUN_00439cf0,867,1,"EnterCriticalSection FUN_00401130 FUN_004011e0 FUN_00401560 FUN_00402ac0 FUN_004055b0 FUN_00409080 FUN_004296b0 FUN_00429730 FUN_00438c40 FUN_004526c0 FUN_00452730 FUN_0047a78d LeaveCriticalSection __beginthreadex _memset"
0043a0b0,FUN_0043a0b0,379,1,"FUN_00408c80 __security_check_cookie"
0043a310,FUN_0043a310,153,0,"FUN_0046beb0 __security_check_cookie"
0043a480,FUN_0043a480,153,0,"FUN_0046beb0 __security_check_cookie"
0043a5d0,FUN_0043a5d0,202,0,"FUN_0046beb0 __security_check_cookie"
0043a790,FUN_0043a790,187,2,"FUN_004062a0 FUN_004752f0 FUN_0047e354"
0043a850,FUN_0043a850,693,1,"FUN_00407700 FUN_004658c0"
0043ab10,FUN_0043ab10,89,0,""
0043ab70,FUN_0043ab70,23,1,"FUN_00493000"
0043ab90,FUN_0043ab90,6,0,""
0043aba0,FUN_0043aba0,37,2,"FUN_0043ab90 ___stdio_common_vsscanf"
0043abd0,FUN_0043abd0,25,1,""
0043abf0,FUN_0043abf0,1,0,""
0043ad10,FUN_0043ad10,404,1,"FUN_00401130 FUN_004011e0 FUN_00401560 FUN_004397b0 FUN_0047a78d _memset"
0043aeb0,FUN_0043aeb0,272,1,"EnterCriticalSection FUN_004015d0 FUN_00473bb0 FUN_0047a7bd LeaveCriticalSection"
0043afc0,FUN_0043afc0,17,0,"FUN_0043aeb0"
0043afe0,FUN_0043afe0,1114,1,"FID_conflict:_free FUN_004028f0 FUN_004062a0 FUN_00408d30 FUN_00415d40 FUN_00416480 FUN_004397b0 FUN_00463e00 FUN_00472c60 FUN_00475400 FUN_00475770"
0043b490,FUN_0043b490,172,2,""
0043b540,FUN_0043b540,70,0,""
0043b590,FUN_0043b590,227,1,"EnterCriticalSection FUN_004015d0 FUN_0044f750 FUN_0047a7bd LeaveCriticalSection"
0043b680,FUN_0043b680,294,1,"FUN_0043be90 FUN_0043c750"
0043b7c0,FUN_0043b7c0,269,1,"FID_conflict:common_gmtime<long> FUN_00408180"
0043b8d0,FUN_0043b8d0,670,1,"FID_conflict:common_gmtime<long> FUN_00408180 __security_check_cookie"
0043bc60,FUN_0043bc60,556,1,"D3DXLoadSurfaceFromSurface FUN_00416480 FUN_0046beb0 FUN_004752f0 FUN_00475570 __security_check_cookie"
0043be90,FUN_0043be90,469,1,"FUN_00416480 FUN_00427bf0 FUN_0042a2e0 FUN_0042ae60 FUN_0043b490 FUN_0043bc60 FUN_00463e00 FUN_00463fe0 FUN_004752f0 FUN_00475400 FUN_00475570 FUN_00475740 FUN_00475880"
0043c070,FUN_0043c070,310,1,"FUN_00416480 FUN_0042ae60 FUN_0043b490 FUN_0043bc60 FUN_004752f0 FUN_00475400 FUN_00475570"
0043c1b0,FUN_0043c1b0,539,0,"FUN_00416480 FUN_0042a2e0 FUN_0042ae60 FUN_0043b490 FUN_0043bc60 FUN_0043c070 FUN_00463fe0 FUN_004752f0 FUN_00475400 FUN_00475570 FUN_00475740 FUN_00475880"
0043c3d0,FUN_0043c3d0,343,0,"FUN_0042a2e0 FUN_0042ae60 FUN_0043b490 FUN_0043bc60 FUN_0043c070 FUN_00463fe0 FUN_004752f0 FUN_00475570"
0043c530,FUN_0043c530,533,0,"FUN_0045bba0"
0043c750,FUN_0043c750,6510,1,"FID_conflict:__time64 FUN_00402860 FUN_004028a0 FUN_004028f0 FUN_00408d30 FUN_00415d40 FUN_00416480 FUN_00416f10 FUN_00427e00 FUN_0042b110 FUN_0042b3e0 FUN_0043b490 FUN_0043c530 FUN_0043e120 FUN_0043e6c0 FUN_0043e700 FUN_00441540 FUN_00443560 FUN_0044f750 FUN_0044f8d0 FUN_0044f960 FUN_004614c0 FUN_00463e00 FUN_00464d80 FUN_004752f0 FUN_00475400 FUN_00475480 FUN_00475570 FUN_00475710 FUN_00475740 FUN_00475880 FUN_004758e0 __security_check_cookie"
0043e120,FUN_0043e120,815,2,"FUN_0040dbf0 FUN_0040de70 FUN_0040df90 FUN_00415d40 FUN_00416480 FUN_0043e450 FUN_00451b20 FUN_004752f0 FUN_00475400"
0043e450,FUN_0043e450,611,1,""
0043e6c0,FUN_0043e6c0,50,2,""
0043e700,FUN_0043e700,89,2,""
0043e760,FUN_0043e760,473,0,"FUN_00401130 FUN_004011e0 FUN_00401560 FUN_00402490 FUN_0043e940 FUN_00473400 FUN_0047a78d FUN_0047aa83 _memset"
0043e940,FUN_0043e940,381,1,"EnterCriticalSection FUN_004015d0 FUN_00473bb0 FUN_0047a7bd FUN_0047aaed LeaveCriticalSection"
0043eac0,FUN_0043eac0,326,0,"FUN_00407700 FUN_004658c0 __security_check_cookie _memset"
0043ec10,FUN_0043ec10,2135,1,"FID_conflict:__time64 FUN_00406c80 FUN_00406d20 FUN_00417840 FUN_0041a0a0 FUN_0043f4a0 FUN_0043fe60 FUN_00440180 FUN_00463280 FUN_004658c0 FUN_004752f0 FUN_00475400 FUN_00475740 __security_check_cookie _memset"
0043f4a0,FUN_0043f4a0,2495,1,"FUN_00403f50 __security_check_cookie"
0043fe60,FUN_0043fe60,800,1,"EnterCriticalSection FUN_00407700 FUN_0043e450 FUN_004658c0 FUN_00474b20 FUN_004752f0 FUN_00475570 FUN_00475710 FUN_00475930 LeaveCriticalSection __security_check_cookie"
00440180,FUN_00440180,1772,1,"FUN_00440870 __security_check_cookie _memset"
00440870,FUN_00440870,434,6,"_memset"
00440a50,FUN_00440a50,394,1,"FUN_00408180 FUN_00408c80"
00440be0,FUN_00440be0,636,1,"FUN_00408c80 FUN_0046beb0 FUN_0046e630 FUN_004700b0"
00440e60,FUN_00440e60,1748,8,"FUN_00405430 FUN_00405450 FUN_00441540 __security_check_cookie"
00441540,FUN_00441540,7831,3,"FUN_00408180 FUN_00408d50 FUN_00416f10 FUN_004433e0 FUN_00443480 __security_check_cookie _memset"
004433e0,FUN_004433e0,156,4,"FUN_00407700 FUN_00464e30 FUN_004658c0"
00443480,FUN_00443480,209,4,"FUN_00416480 FUN_00464e30 FUN_004752f0"
00443560,FUN_00443560,95,0,""
004435c0,FUN_004435c0,120,1,"FUN_00475400"
00443640,FUN_00443640,123,1,""
004436c0,FUN_004436c0,455,1,"FUN_00409080 _memset"
00443890,FUN_00443890,1862,1,"FUN_00401130 FUN_004011e0 FUN_00401560 FUN_00401fc0 FUN_00402490 FUN_00407700 FUN_004658c0 FUN_00473400"
00443fe0,FUN_00443fe0,1274,0,"FUN_004435c0 FUN_004752f0 FUN_00475570"
004444e0,FUN_004444e0,296,1,"EnterCriticalSection FID_conflict:_free FUN_004015d0 FUN_00475600 FUN_0047a7bd LeaveCriticalSection"
00444610,FUN_00444610,3055,1,"FUN_004062a0 FUN_00407700 FUN_00414f40 FUN_004282b0 FUN_00445360 FUN_0044c690 FUN_00463ea0 FUN_004658c0 FUN_004752f0 FUN_00475400 __security_check_cookie"
00445360,FUN_00445360,490,3,"FUN_004752f0 FUN_00475400"
00445550,FUN_00445550,3676,1,"FUN_00402b80 FUN_00402ce0 FUN_00407700 FUN_00414460 FUN_00414f40 FUN_00416d10 FUN_0042cdf0 FUN_0042ce70 FUN_0043c1b0 FUN_00443640 FUN_00444610 FUN_00446b10 FUN_004475a0 FUN_0044cc10 FUN_0044d1d0 FUN_0045c2b0 FUN_004658c0 FUN_00475400"
004463d0,FUN_004463d0,287,1,"FUN_0046e630 FUN_004752f0 FUN_00475710 FUN_00475740"
004464f0,FUN_004464f0,123,1,"FUN_0049231a"
00446570,FUN_00446570,123,1,"FUN_0049231a"
004465f0,FUN_004465f0,283,3,"FUN_004469e0"
00446710,FUN_00446710,241,2,"FUN_004469e0"
00446810,FUN_00446810,451,4,"FUN_00405430 FUN_00405450 FUN_004469e0"
004469e0,FUN_004469e0,300,1,"FUN_00407700 FUN_00414f40 FUN_00463e00 FUN_004658c0"
00446b10,FUN_00446b10,356,4,"_memset"
00446c80,FUN_00446c80,451,4,"_memset"
00446e50,FUN_00446e50,263,1,"EnterCriticalSection FUN_00407700 FUN_00463ea0 FUN_004658c0 FUN_004749e0 FUN_00475930 LeaveCriticalSection"
00446f60,FUN_00446f60,1598,1,"EnterCriticalSection FUN_00407700 FUN_00464e30 FUN_004658c0 FUN_004749e0 FUN_00475930 LeaveCriticalSection _memset"
004475a0,FUN_004475a0,4651,1,"D3DXVec3Normalize FUN_00402810 FUN_004062a0 FUN_00407700 FUN_00414f00 FUN_004464f0 FUN_004487e0 FUN_00448aa0 FUN_00449060 FUN_00449660 FUN_0044a330 FUN_0044bfb0 FUN_0044c280 FUN_0044c690 FUN_00463e00 FUN_00463ea0 FUN_00463f50 FUN_004658c0 FUN_004752f0 FUN_00475400 FUN_00475570 FUN_004755c0 FUN_00475670 FUN_00475740 FUN_0049231a __libm_sse2_sqrt_precise"
004487e0,FUN_004487e0,695,1,"FUN_00464e30 FUN_004752f0 FUN_00475400"
00448aa0,FUN_00448aa0,1465,1,"EnterCriticalSection FUN_00407700 FUN_00463e00 FUN_004658c0 FUN_004749e0 FUN_004752f0 FUN_00475570 FUN_00475930 LeaveCriticalSection"
00449060,FUN_00449060,1524,1,"FUN_00405430 FUN_00405450 FUN_004752f0 __security_check_cookie"
00449660,FUN_00449660,3268,1,"FUN_00414570 FUN_0041a2f0 FUN_00440e60 FUN_00446c80 FUN_0044a5f0 FUN_0044d550 FUN_00463e00 FUN_004752f0 FUN_00475570 __security_check_cookie _memset"
0044a330,FUN_0044a330,702,1,"FUN_00440e60 FUN_004752f0 FUN_00475570 _memset"
0044a5f0,FUN_0044a5f0,6539,6,"FUN_00405430 FUN_00405450 FUN_0044bfb0 FUN_004752f0 FUN_0049231a FUN_00493270 __libm_sse2_sqrt_precise"
0044bfb0,FUN_0044bfb0,708,4,"FUN_00405430 FUN_00405450 FUN_004752f0 __libm_sse2_sqrt_precise"
0044c280,FUN_0044c280,1028,1,"FUN_00414f40 FUN_00463e00 FUN_00463f50"
0044c690,FUN_0044c690,32,3,""
0044c6b0,FUN_0044c6b0,1375,4,"FUN_00402770 FUN_00402b80 FUN_004062a0 FUN_00446c80 FUN_00463ea0 FUN_004752f0 FUN_00475570 _memset"
0044cc10,FUN_0044cc10,1469,1,"FUN_0044c6b0"
0044d1d0,FUN_0044d1d0,893,1,"FUN_00402b80 FUN_00402ce0 FUN_0046f030 FUN_004752f0 FUN_00475570 __security_check_cookie"
0044d550,FUN_0044d550,786,7,"FUN_004038e0 FUN_00404a40"
0044d870,FUN_0044d870,122,4,"FUN_0044d8f0"
0044d8f0,FUN_0044d8f0,170,1,"FUN_004752f0"
0044d9b0,FUN_0044d9b0,696,1,"FUN_00416c00 FUN_0049231a"
0044dc70,FUN_0044dc70,314,1,"FUN_004026a0 FUN_00402770 FUN_00414f40 FUN_0044d8f0 FUN_004752f0"
0044de30,FUN_0044de30,1509,1,"FUN_0044f250 FUN_00463f50 FUN_004752f0 FUN_00475400"
0044e420,FUN_0044e420,1550,5,"EnterCriticalSection FUN_00404680 FUN_00405430 FUN_00405450 FUN_00407700 FUN_00414e20 FUN_00416d10 FUN_0044f250 FUN_004658c0 FUN_004749e0 FUN_004752f0 FUN_00475400 FUN_00475930 FUN_0049231a LeaveCriticalSection __libm_sse2_sqrt_precise __security_check_cookie"
0044ec40,FUN_0044ec40,535,1,"FUN_00475400"
0044ee60,FUN_0044ee60,163,1,"FUN_00402770 FUN_00414f40 FUN_0044d8f0"
0044ef10,FUN_0044ef10,296,1,"FUN_004026a0 FUN_00402770 FUN_00414f40 FUN_0044d8f0 FUN_0044f150 FUN_004752f0"
0044f0d0,FUN_0044f0d0,125,1,"FUN_00402770"
0044f150,FUN_0044f150,158,5,""
0044f1f0,FUN_0044f1f0,95,3,""
0044f250,FUN_0044f250,32,3,""
0044f270,FUN_0044f270,1240,3,"FUN_00401130 FUN_004011e0 FUN_00401560 FUN_0042af10 FUN_00450070 FUN_00450870 FUN_00450910 FUN_00451b20 FUN_0047a78d _memset"
0044f750,FUN_0044f750,383,1,"EnterCriticalSection FUN_004015d0 FUN_00450910 FUN_0047a7bd LeaveCriticalSection"
0044f8d0,FUN_0044f8d0,137,1,"FUN_0044f750 FUN_00450070 FUN_0047a78d _memset"
0044f960,FUN_0044f960,1804,2,"CloseHandle FID_conflict:_free FID_conflict:common_gmtime<long> FUN_00401eb0 FUN_00402340 FUN_00408d30 FUN_00450870 FUN_0045d520 FUN_0047dde0 FUN_0047e354 FUN_0047faa8 LeaveCriticalSection WriteFile __security_check_cookie _memset"
00450070,FUN_00450070,581,2,"CreateFileA EnterCriticalSection FID_conflict:_free FUN_00401da0 FUN_00401fc0 FUN_00402180 FUN_00402400 FUN_00402460 FUN_00405570 FUN_00408d30 FUN_0045d7e0 FUN_0047e354 FUN_0047faa8 FormatMessageA GetLastError LeaveCriticalSection LocalFree __alloca_probe __security_check_cookie"
00450570,FUN_00450570,191,1,"FUN_00408180"
00450630,FUN_00450630,496,0,"FUN_00450870 FUN_00450910 _memset"
00450820,FUN_00450820,78,4,""
00450870,FUN_00450870,147,1,"FUN_0047a78d _memset"
00450910,FUN_00450910,97,1,"FUN_0047a7bd"
00450980,FUN_00450980,240,2,""
00450a70,FUN_00450a70,1299,1,"CloseHandle CreateFileA EnterCriticalSection FID_conflict:__rmdir FID_conflict:_free FUN_00401da0 FUN_00401fc0 FUN_0045d7e0 FUN_0047e354 FUN_0047faa8 LeaveCriticalSection _memset _rename"
00450f90,FUN_00450f90,988,0,"CloseHandle FID_conflict:__rmdir FID_conflict:_free FUN_00401eb0 FUN_00402180 FUN_00402340 FUN_00402560 FUN_00450980 FUN_00450a70 FUN_0045d520 FUN_0047e354 FUN_0047faa8 LeaveCriticalSection WriteFile _rename"
00451370,FUN_00451370,238,0,"FUN_00401130 FUN_004011e0 FUN_00401560 FUN_00408d80 FUN_00409080 FUN_00464e30 FUN_0047a78d _memset"
00451460,FUN_00451460,253,1,"EnterCriticalSection FID_conflict:_free FUN_004015d0 FUN_0047a7bd LeaveCriticalSection"
00451560,FUN_00451560,342,1,""
004516c0,FUN_004516c0,793,1,"FUN_0046b6c0 FUN_0046beb0 FUN_0046c070"
00451a00,FUN_00451a00,241,2,""
00451b00,FUN_00451b00,24,2,""
00451b20,FUN_00451b20,58,1,""
00451b60,FUN_00451b60,6,0,""
00451b70,FUN_00451b70,115,2,""
00451bf0,FUN_00451bf0,172,4,"FUN_004658c0 FUN_004752f0 FUN_004757f0"
00451ca0,FUN_00451ca0,96,4,"FUN_004752f0 FUN_004757f0"
00451d00,FUN_00451d00,126,1,"FUN_004752f0 FUN_00475480 FUN_00475570"
00451d80,FUN_00451d80,746,1,"_memset"
00452100,FUN_00452100,1275,0,"FUN_00401130 FUN_004011e0 FUN_00401560 FUN_00401fc0 FUN_00402490 FUN_004245a0 FUN_004283c0 FUN_0043aba0 FUN_0045b5c0 FUN_0045b610 FUN_0045bba0 FUN_00473400 __security_check_cookie"
00452600,FUN_00452600,178,1,"FID_conflict:_free FUN_00402ac0"
004526c0,FUN_004526c0,110,0,"FUN_00402ac0 FUN_00451d80 FUN_0047a78d __beginthreadex"
00452730,FUN_00452730,426,0,"EnterCriticalSection FID_conflict:_free FUN_004015d0 FUN_00402ac0 FUN_0044f750 FUN_00452600 FUN_00473bb0 FUN_00475400 FUN_0047a7bd LeaveCriticalSection"
004528e0,FUN_004528e0,1361,1,"FUN_00402860 FUN_004062a0 FUN_00415d40 FUN_0042b110 FUN_0042b2d0 FUN_00439570 FUN_00439640 FUN_0043ad10 FUN_0043afc0 FUN_0043e6c0 FUN_00451b70 FUN_00452ec0 FUN_004536e0 FUN_00454900 FUN_00455780 FUN_00459540 FUN_00459ee0 FUN_0045ab10 FUN_00464d80 FUN_004752f0 FUN_00475400 FUN_00475600"
00452ec0,FUN_00452ec0,1986,1,"FUN_00402860 FUN_004028f0 FUN_004062a0 FUN_00415d40 FUN_00415fd0 FUN_0042aeb0 FUN_00439670 FUN_0043e6c0 FUN_00450f90 FUN_00451b70 FUN_00452600 FUN_00463e00 FUN_004752f0 FUN_00475400 FUN_00475480"
004536e0,FUN_004536e0,1348,1,"FUN_00402200 FUN_00402860 FUN_004028a0 FUN_004028f0 FUN_004062a0 FUN_00415d40 FUN_00451b70 FUN_00453c40 FUN_00463e00 FUN_00475400 FUN_00475480 __alloca_probe __security_check_cookie"
00453c40,FUN_00453c40,3255,1,"FUN_00451ca0 FUN_00464d80 FUN_00464e30 FUN_004752f0 FUN_004757f0"
00454900,FUN_00454900,1491,1,"FUN_004028a0 FUN_004028f0 FUN_004062a0 FUN_00415d40 FUN_00451b70 FUN_00454ef0 FUN_00463e00 FUN_00475400 FUN_00475480 __security_check_cookie _memset joyGetPosEx"
00454ef0,FUN_00454ef0,2183,1,"FUN_00464e30 FUN_004752f0 FUN_004757f0"
00455780,FUN_00455780,7743,1,"D3DXLoadSurfaceFromFileInMemory D3DXLoadSurfaceFromMemory EnterCriticalSection FID_conflict:_free FUN_004028a0 FUN_004028f0 FUN_00402ac0 FUN_004062a0 FUN_00407700 FUN_00415d40 FUN_00415fd0 FUN_00416f10 FUN_004283c0 FUN_004284d0 FUN_0042aeb0 FUN_00439670 FUN_0043ad10 FUN_0043afc0 FUN_0043e6c0 FUN_00441540 FUN_00450f90 FUN_00451b00 FUN_00451b70 FUN_00451bf0 FUN_00451d00 FUN_00452600 FUN_004575e0 FUN_00457750 FUN_00457d40 FUN_004581d0 FUN_00458500 FUN_0045b690 FUN_00463e00 FUN_004658c0 FUN_00472480 FUN_004749e0 FUN_004752f0 FUN_00475400 FUN_00475480 FUN_004757f0 FUN_00475930 __beginthreadex __security_check_cookie"
004575e0,FUN_004575e0,366,1,""
00457750,FUN_00457750,1505,1,"FUN_00464e30 FUN_004752f0 FUN_004757f0"
00457d40,FUN_00457d40,1165,1,"EnterCriticalSection FUN_004752f0 FUN_00475480 FUN_004757f0 LeaveCriticalSection"
004581d0,FUN_004581d0,801,4,"EnterCriticalSection FUN_00407700 FUN_00451d00 FUN_004658c0 FUN_00473d20 FUN_004749e0 FUN_004752f0 FUN_00475400 FUN_00475480 FUN_004757f0 FUN_00475930 LeaveCriticalSection"
00458500,FUN_00458500,413,3,"FUN_00473d20 FUN_004752f0 FUN_00475400 FUN_00475480"
004586a0,FUN_004586a0,2367,1,"FUN_00406ab0 FUN_00408180 FUN_004081e0 FUN_004283c0 FUN_00428420 FUN_0043b540 FUN_00451ca0 FUN_004752f0"
00458fe0,FUN_00458fe0,770,1,"EnterCriticalSection FUN_00401fc0 FUN_00408d30 FUN_0040da30 LeaveCriticalSection Sleep __security_check_cookie"
004592f0,FUN_004592f0,563,1,"FUN_00408d30 FUN_0044f750 FUN_00450070 FUN_0047a78d FUN_0047faa8 FindClose FindFirstFileA FindNextFileA __security_check_cookie _memset"
00459540,FUN_00459540,1868,1,"FUN_00402860 FUN_004028a0 FUN_004028f0 FUN_00402b40 FUN_004062a0 FUN_00415d40 FUN_00415fd0 FUN_0042aeb0 FUN_00439670 FUN_0043e6c0 FUN_0044f750 FUN_00451b70 FUN_00463e00 FUN_004752f0 FUN_00475400 FUN_00475480 _memset"
00459cb0,FUN_00459cb0,559,1,"FID_conflict:common_gmtime<long> FUN_00408180"
00459ee0,FUN_00459ee0,2729,1,"FUN_004028a0 FUN_004028f0 FUN_004062a0 FUN_00415d40 FUN_004245a0 FUN_00439570 FUN_004395f0 FUN_00439640 FUN_0043ad10 FUN_0043aeb0 FUN_00451b70 FUN_0045c160 FUN_0045c1a0 FUN_00463e00 FUN_00473fb0 FUN_004752f0 FUN_00475400 GetKeyboardState _memset"
0045a9b0,FUN_0045a9b0,337,1,"FUN_00408180"
0045ab10,FUN_0045ab10,2717,1,"EnterCriticalSection FID_conflict:_free FUN_00401fc0 FUN_004028a0 FUN_004028f0 FUN_004062a0 FUN_00407700 FUN_00414f00 FUN_00415d40 FUN_00439570 FUN_004395f0 FUN_00451b70 FUN_0045b5c0 FUN_0045b610 FUN_00463e00 FUN_00464d80 FUN_004658c0 FUN_00473d20 FUN_004749e0 FUN_004752f0 FUN_00475400 FUN_00475670 FUN_00475710 FUN_00475740 FUN_00475930 LeaveCriticalSection"
0045b5c0,FUN_0045b5c0,75,2,""
0045b610,FUN_0045b610,126,3,"FUN_0047dde0"
0045b690,FUN_0045b690,38,1,""
0045b6c0,FUN_0045b6c0,127,2,""
0045b740,FUN_0045b740,507,1,"EnterCriticalSection LeaveCriticalSection"
0045b940,FUN_0045b940,601,0,"FID_conflict:_free FUN_00401fc0 FUN_00402490 FUN_0043aba0 FUN_0045b740 FUN_0045c070 FUN_0045c0c0 FUN_00473400 __security_check_cookie"
0045bba0,FUN_0045bba0,447,1,"FUN_00401130 FUN_004011e0 FUN_00401560 FUN_00402490 FUN_0045b6c0 FUN_0045bd60 FUN_00473400 FUN_0047a78d _memset"
0045bd60,FUN_0045bd60,211,1,"EnterCriticalSection FUN_004015d0 FUN_00475600 FUN_0047a7bd LeaveCriticalSection"
0045be40,FUN_0045be40,526,1,"FUN_00416480 FUN_0045b6c0 FUN_0045bd60 FUN_0045c130 FUN_00463e00 FUN_00473fb0 FUN_004752f0"
0045c070,FUN_0045c070,75,2,""
0045c0c0,FUN_0045c0c0,109,3,""
0045c130,FUN_0045c130,44,1,""
0045c160,FUN_0045c160,64,1,""
0045c1a0,FUN_0045c1a0,87,3,""
0045c2b0,FUN_0045c2b0,456,0,"FUN_00401130 FUN_004011e0 FUN_00401560 FUN_004397b0 FUN_0047a78d _memset"
0045c480,FUN_0045c480,259,1,"EnterCriticalSection FUN_004015d0 FUN_00473bb0 FUN_0047a7bd LeaveCriticalSection"
0045c590,FUN_0045c590,1074,1,"FID_conflict:_free FUN_004028f0 FUN_00408d30 FUN_00415d40 FUN_00415f20 FUN_0042a2e0 FUN_0042aeb0 FUN_0042af80 FUN_00439570 FUN_004395f0 FUN_004397b0 FUN_004614c0 FUN_00463e00 FUN_00472c60 FUN_00475400 FUN_00475480 FUN_00475770"
0045ca30,FUN_0045ca30,119,0,"FUN_0045cab0 FUN_0045cd00 FUN_0045d020 FUN_0045d100 FUN_0047a78d"
0045cab0,FUN_0045cab0,189,1,"FID_conflict:_free FUN_0045d0a0 FUN_0047aaed FUN_0047af42"
0045cb70,FUN_0045cb70,392,3,"FID_conflict:_free FUN_00401da0 FUN_0045d0a0 FUN_0045d7e0 FUN_0047e354 SetFilePointer __stricmp"
0045cd00,FUN_0045cd00,799,0,"FID_conflict:_free FUN_00401da0 FUN_0045d7e0 FUN_0047aa83 FUN_0047af50 FUN_0047e354 GetFileSize ReadFile __security_check_cookie"
0045d020,FUN_0045d020,68,1,"FUN_0047e354"
0045d070,FUN_0045d070,26,1,"FID_conflict:_free"
0045d0a0,FUN_0045d0a0,1,0,""
0045d0b0,FUN_0045d0b0,71,2,"CloseHandle FUN_0047a7bd"
0045d100,FUN_0045d100,475,3,"CloseHandle CreateFileA DeleteFileA FUN_0047bc90 FUN_0047bdd0 GetModuleFileNameA SetFilePointer __security_check_cookie"
0045d2e0,FUN_0045d2e0,34,1,"CloseHandle"
0045d310,FUN_0045d310,58,3,"ReadFile"
0045d350,FUN_0045d350,64,3,"WriteFile"
0045d390,FUN_0045d390,25,1,"SetFilePointer"
0045d3b0,FUN_0045d3b0,21,1,"GetFileSize"
0045d3d0,FUN_0045d3d0,38,3,"SetFilePointer"
0045d400,FUN_0045d400,236,2,"FID_conflict:_free FUN_0047e354 GetFileSize SetFilePointer"
0045d4f0,`scalar_deleting_destructor',36,2,"FUN_0047a7bd"
0045d520,FUN_0045d520,700,3,"FUN_0045da10 FUN_0045dc50 FUN_0047e354 ___report_rangecheckfailure"
0045d7e0,FUN_0045d7e0,546,4,"FUN_0047e354"
0045da10,FUN_0045da10,561,2,""
0045dc50,FUN_0045dc50,321,1,"FUN_0045dc50"
0045ddb0,FUN_0045ddb0,41,2,"FUN_00402ac0 FUN_0047a7bd"
0045dde0,FUN_0045dde0,122,0,"DeleteDC DeleteObject SelectObject"
0045de60,FUN_0045de60,386,3,"CreateCompatibleDC CreateDIBSection FUN_0045dde0 SelectObject __security_check_cookie _memset"
0045dff0,FUN_0045dff0,902,1,""
0045e380,FUN_0045e380,193,1,""
0045e450,FUN_0045e450,80,1,""
0045e4a0,FUN_0045e4a0,1507,0,"CreateFontA EnterCriticalSection EnumFontFamiliesExA FUN_0045de60 GetDC LeaveCriticalSection ReleaseDC __security_check_cookie"
0045ea90,FUN_0045ea90,1183,10,"D3DXLoadSurfaceFromMemory FID_conflict:_free FUN_0045dff0 FUN_0045e380 FUN_0047dde0 FUN_0047e354 SelectObject SetBkMode SetTextColor TextOutA __security_check_cookie _memset"
0045ef60,FUN_0045ef60,1,0,""
0045ef70,FUN_0045ef70,130,0,""
0045f000,FUN_0045f000,202,0,""
0045f0d0,FUN_0045f0d0,564,0,"D3DXLoadSurfaceFromSurface FUN_0046beb0 __security_check_cookie"
0045f310,FUN_0045f310,5681,1,"CoCreateInstance CoInitialize CoUninitialize CreateMutexA CreateThread DeleteCriticalSection DestroyWindow Direct3DCreate9 DispatchMessageA FID_conflict:_free FUN_00401290 FUN_004013d0 FUN_004014e0 FUN_00401680 FUN_00401fc0 FUN_00402180 FUN_00402200 FUN_00402490 FUN_00402560 FUN_00402ac0 FUN_004054c0 FUN_00408c80 FUN_00438920 FUN_00438d30 FUN_00439330 FUN_004396f0 FUN_0043a850 FUN_0043ab10 FUN_0045ef60 FUN_0045ef70 FUN_0045f000 FUN_00460c00 FUN_00460f50 FUN_00461230 FUN_004614c0 FUN_00461610 FUN_004616c0 FUN_004618d0 FUN_00461b70 FUN_00461e10 FUN_00462290 FUN_00462350 FUN_00463550 FUN_00463d60 FUN_0046be60 FUN_0046beb0 FUN_00470880 FUN_00474c60 FUN_00474e50 FUN_0047a78d FUN_0047a7bd FUN_0047aaed FUN_0047af50 FUN_0047bc90 FUN_0047faa8 GetConsoleTitleA GetDlgItem GetEnvironmentVariableA GetKeyboardState GetLastError GetModuleFileNameA GetProcAddress GetStartupInfoA GetSystemMetrics GetWindowRect InitializeCriticalSection IsDialogMessageA IsDlgButtonChecked KillTimer LoadLibraryA MessageBoxA MoveWindow MultiByteToWideChar PeekMessageA QueryPerformanceCounter QueryPerformanceFrequency SendMessageA SetCursor SetForegroundWindow SetKeyboardState SetWindowLongA SetWindowPos ShowCursor ShowWindow Sleep SystemParametersInfoA TranslateMessage WINNLSEnableIME __alloca_probe __mkdir __security_check_cookie __stricmp _memset joyGetDevCapsA joyGetPosEx timeBeginPeriod timeEndPeriod"
00460950,FUN_00460950,605,4,"DefWindowProcA LoadCursorA SetCursor SetForegroundWindow ShowCursor"
00460c00,FUN_00460c00,838,1,"FUN_004154d0 FUN_0043a850 FUN_0043ab10 FUN_0045ef70 FUN_0045f000 FUN_00461410 FUN_004614c0 FUN_00461e10 Sleep"
00460f50,FUN_00460f50,729,1,"FUN_00401290 FUN_004013d0 FUN_00402ac0 FUN_00408c80 FUN_004154d0 FUN_004396f0 FUN_0043a850 FUN_0043ab10 FUN_0045ef70 FUN_0045f000 FUN_00461410 FUN_004614c0 FUN_00461e10 FUN_0046be60 FUN_0046beb0 Sleep"
00461230,FUN_00461230,475,1,"FUN_004154d0 FUN_0043a850 FUN_0043ab10 FUN_0045ef70 FUN_0045f000 FUN_00461410 FUN_004614c0 FUN_00461e10 Sleep"
00461410,FUN_00461410,168,0,"FUN_00402180 FUN_00408d30 FUN_00438ec0 FUN_0045f0d0 FUN_0047faa8 __mkdir __security_check_cookie"
004614c0,FUN_004614c0,332,0,"EnterCriticalSection FUN_004922e0 LeaveCriticalSection QueryPerformanceCounter timeGetTime"
00461610,FUN_00461610,174,1,""
004616c0,FUN_004616c0,513,1,"CreateWindowExA FUN_00461610 GetStockObject GetSystemMetrics GetWindowRect LoadCursorA RegisterClassA SendMessageA Sleep"
004618d0,FUN_004618d0,662,1,"FUN_00402490 FUN_00402560 GetDC GetDeviceCaps ReleaseDC"
00461b70,FUN_00461b70,664,0,"FUN_00402490 FUN_004618d0 FUN_00461e10 __security_check_cookie _memset"
00461e10,FUN_00461e10,750,1,""
00462100,FUN_00462100,371,3,"DestroyWindow FUN_00462290 GetDlgItem SendMessageA"
00462290,FUN_00462290,186,0,"IsDlgButtonChecked"
00462350,FUN_00462350,416,1,"DirectInput8Create FUN_00402490 FUN_0043abd0"
004624f0,FUN_004624f0,65,1,""
00462540,FUN_00462540,131,1,"__security_check_cookie"
004626a0,FUN_004626a0,464,2,"FUN_0046beb0 __security_check_cookie"
00462870,FUN_00462870,152,1,"FUN_004626a0 FUN_0046beb0"
00462a00,FUN_00462a00,117,1,"FUN_004626a0"
00462bf0,FUN_00462bf0,78,1,"FUN_004626a0"
00462c40,FUN_00462c40,43,1,"FUN_004626a0"
00462da0,FUN_00462da0,125,1,"FUN_004626a0"
00462e20,FUN_00462e20,475,1,"FUN_004026a0"
00463000,FUN_00463000,606,1,"FUN_004026a0"
00463260,FUN_00463260,27,1,"FUN_00463490 FUN_0047a7bd"
00463280,FUN_00463280,73,6,"FUN_004632d0 FUN_0047a78d _memset"
004632d0,FUN_004632d0,407,7,"FUN_00401130 FUN_004011e0 FUN_00401560"
00463490,FUN_00463490,176,1,"EnterCriticalSection FUN_004015d0 LeaveCriticalSection"
00463540,FUN_00463540,1,0,""
00463550,FUN_00463550,170,0,"CloseHandle Sleep WaitForSingleObject"
00463640,FUN_00463640,922,2,"DirectSoundCreate8 FUN_00402490 FUN_00464a30 FUN_0047a78d FUN_0047a7bd SetTimer __security_check_cookie _memset"
00463a50,FUN_00463a50,88,4,"_strncmp"
00463ab0,FUN_00463ab0,217,2,"FUN_0047bc90 __security_check_cookie"
00463b90,FUN_00463b90,463,2,"CloseHandle CreateFileA EnterCriticalSection FID_conflict:_free FUN_004055b0 FUN_00463ab0 FUN_00464e20 FUN_0047e354 LeaveCriticalSection ReadFile SetFilePointer"
00463d60,FUN_00463d60,150,1,"CloseHandle FUN_00477580 PostThreadMessageA WaitForSingleObject"
00463e00,FUN_00463e00,145,1,""
00463ea0,FUN_00463ea0,168,1,""
00463f50,FUN_00463f50,132,1,""
00463fe0,FUN_00463fe0,2599,0,"CloseHandle CreateEventA CreateThread EnterCriticalSection FUN_004614c0 FUN_00463ab0 FUN_00463b90 FUN_00463d60 FUN_00476950 FUN_00476f10 FUN_00477230 FUN_004773a0 FUN_00477500 FUN_00477580 FUN_00477910 FUN_00477c80 LeaveCriticalSection PostThreadMessageA SetFilePointer WaitForSingleObject"
00464a30,FUN_00464a30,667,1,"FID_conflict:_free FUN_00402490 FUN_00463a50 FUN_00464e20 FUN_0047dde0 Sleep __security_check_cookie _strncmp"
00464cd0,FUN_00464cd0,172,0,"FUN_00477690 MsgWaitForMultipleObjects PeekMessageA"
00464d80,FUN_00464d80,153,4,"EnterCriticalSection LeaveCriticalSection"
00464e20,FUN_00464e20,1,0,""
00464e30,FUN_00464e30,619,3,""
004650a0,FUN_004650a0,365,3,"FUN_004658c0 _memset"
00465210,FUN_00465210,679,1,"FUN_004026a0 FUN_00402730 FUN_00402770 FUN_0046b210"
00465550,FUN_00465550,254,2,"FUN_004026a0"
004656c0,FUN_004656c0,176,2,""
004657d0,FUN_004657d0,108,2,""
00465880,FUN_00465880,61,2,""
004658c0,FUN_004658c0,14425,1,"FUN_004026a0 FUN_00402730 FUN_00402770 FUN_004027b0 FUN_00402810 FUN_00402970 FUN_004029f0 FUN_00402a10 FUN_00405580 FUN_00406260 FUN_004063c0 FUN_00406410 FUN_00406d20 FUN_00406dc0 FUN_00415f20 FUN_0044f150 FUN_00464e30 FUN_00465210 FUN_00465550 FUN_004656c0 FUN_004657d0 FUN_00465880 FUN_00469590 FUN_00469790 FUN_00469f60 FUN_0046ad60 FUN_0046ad90 FUN_0046ae30 FUN_0046aed0 FUN_0046af70 FUN_0046b090 FUN_0046b190 FUN_0046b1b0 FUN_0046b1d0 FUN_0046b1f0 FUN_0046f030 FUN_00470340 FUN_004750a0 FUN_004751f0 FUN_004752f0 FUN_00476580 FUN_0049233a FUN_00492360 FUN_00492880 FUN_00492b70 FUN_00492d30 FUN_00493000 __security_check_cookie"
00469590,FUN_00469590,502,1,""
00469790,FUN_00469790,1956,1,"FUN_00402810 FUN_00406c80 FUN_0046b1b0"
00469f60,FUN_00469f60,517,1,"FUN_0040d2e0 FUN_00414bf0 FUN_0046a170 FUN_0046a3f0 FUN_0046a800 FUN_0046a9f0"
0046a170,FUN_0046a170,626,2,"FUN_00403020"
0046a3f0,FUN_0046a3f0,1036,2,"FUN_00403020 FUN_00405370 FUN_0044f1f0"
0046a800,FUN_0046a800,496,1,"FUN_00403020"
0046a9f0,FUN_0046a9f0,880,2,"FUN_00403020"
0046ad60,FUN_0046ad60,39,4,""
0046ad90,FUN_0046ad90,158,5,""
0046ae30,FUN_0046ae30,158,5,""
0046aed0,FUN_0046aed0,156,5,""
0046af70,FUN_0046af70,274,5,""
0046b090,FUN_0046b090,252,5,""
0046b190,FUN_0046b190,26,4,""
0046b1b0,FUN_0046b1b0,32,3,""
0046b1d0,FUN_0046b1d0,21,1,""
0046b1f0,FUN_0046b1f0,26,1,""
0046b210,FUN_0046b210,305,1,"FUN_0046b210"
0046b350,FUN_0046b350,834,2,"FUN_0046beb0"
0046b6c0,FUN_0046b6c0,1929,3,"FUN_0046b350 FUN_0046beb0 FUN_0046bf80"
0046be60,FUN_0046be60,70,0,""
0046beb0,FUN_0046beb0,205,1,""
0046bf80,FUN_0046bf80,229,2,""
0046c070,FUN_0046c070,1122,5,"FUN_00406c80"
0046c4e0,FUN_0046c4e0,727,5,"FUN_00406c80 FUN_0046b210 __security_check_cookie"
0046c7c0,FUN_0046c7c0,1161,1,"D3DXVec3Project FUN_0046b210 __libm_sse2_sqrt_precise __security_check_cookie"
0046cc50,FUN_0046cc50,1684,2,"FUN_0046b6c0 FUN_0046c7c0 __libm_sse2_sqrt_precise"
0046d300,FUN_0046d300,676,2,"D3DXMatrixMultiply D3DXMatrixRotationX D3DXMatrixRotationY D3DXMatrixRotationZ FUN_0046b210 __security_check_cookie"
0046d5b0,FUN_0046d5b0,2260,2,"D3DXMatrixMultiply D3DXMatrixRotationX D3DXMatrixRotationY D3DXMatrixRotationZ FUN_00406ab0 FUN_00439730 FUN_00439770 FUN_0046b210 FUN_0046b350 FUN_0046beb0 __security_check_cookie"
0046dea0,FUN_0046dea0,1255,4,"D3DXMatrixMultiply D3DXMatrixRotationX D3DXMatrixRotationY D3DXMatrixRotationZ FUN_00439730 FUN_00439770 FUN_0046b350 FUN_0046beb0 __security_check_cookie"
0046e390,FUN_0046e390,351,4,"FUN_0046b350 FUN_0046beb0"
0046e4f0,FUN_0046e4f0,313,4,"FUN_0046b350 FUN_0046beb0"
0046e630,FUN_0046e630,2410,2,"D3DXVec3Transform FUN_00406c80 FUN_004396b0 FUN_004396f0 FUN_00439770 FUN_0046b350 FUN_0046b6c0 FUN_0046c070 FUN_0046c4e0 FUN_0046c7c0 FUN_0046cc50 FUN_0046d300 FUN_0046d5b0 FUN_0046dea0 FUN_0046e390 FUN_0046e4f0 FUN_0046f0a0 FUN_0046f3f0 FUN_0046f750 FUN_0046f990 FUN_0046fa60 FUN_0046fcb0 FUN_0046fe80 __libm_sse2_sqrt_precise __security_check_cookie"
0046f030,FUN_0046f030,84,2,"FUN_0046c070 FUN_0046c4e0"
0046f0a0,FUN_0046f0a0,843,7,"FUN_0046beb0"
0046f3f0,FUN_0046f3f0,859,7,"FUN_0046beb0"
0046f750,FUN_0046f750,569,5,"FUN_0046beb0"
0046f990,FUN_0046f990,194,7,"FUN_0046f0a0"
0046fa60,FUN_0046fa60,585,5,"FUN_0046beb0 FUN_00470320"
0046fcb0,FUN_0046fcb0,460,4,"FUN_0046beb0 FUN_00470320"
0046fe80,FUN_0046fe80,558,5,"FUN_0046beb0 FUN_00470320"
004700b0,FUN_004700b0,622,3,""
00470320,FUN_00470320,32,3,""
00470340,FUN_00470340,637,1,"FID_conflict:_free FUN_00402770 FUN_00470860 FUN_0047e354"
004705c0,FUN_004705c0,631,1,"FUN_00470860"
00470860,FUN_00470860,32,3,""
00470880,FUN_00470880,5071,1,"FUN_00401130 FUN_004011e0 FUN_00408d80 FUN_00409080 FUN_0047a78d FUN_0047aa83 _memset"
00471c50,FUN_00471c50,22,1,"FUN_00409080"
00471c70,FUN_00471c70,61,1,"FID_conflict:_free"
00471cb0,FUN_00471cb0,1985,0,""
00472480,FUN_00472480,1953,1,"__security_check_cookie"
00472c60,FUN_00472c60,107,4,"D3DXLoadSurfaceFromFileInMemory FUN_00472480"
00472cd0,FUN_00472cd0,572,7,"D3DXCreateTexture D3DXCreateTextureFromFileInMemoryEx D3DXLoadSurfaceFromSurface FUN_00472480 __security_check_cookie"
00472f10,FUN_00472f10,454,5,"D3DXCreateTexture D3DXLoadSurfaceFromMemory __security_check_cookie"
004730e0,FUN_004730e0,65,3,""
00473130,FUN_00473130,546,2,"FUN_00401fc0 FUN_00402560 FUN_00408d30 FUN_0047e354 __security_check_cookie _memset"
00473360,FUN_00473360,157,3,"FUN_00402560 FUN_00473130 FUN_004765d0 FUN_0047a78d FUN_0047a7bd _memset"
00473400,FUN_00473400,147,2,"FUN_00473360 FUN_004765d0 Sleep"
004734a0,FUN_004734a0,773,1,"FUN_00408d80 FUN_004658c0 FUN_004737b0 _memset"
004737b0,FUN_004737b0,1016,6,"D3DXCreateTexture FUN_00402560 FUN_00472cd0 FUN_00472f10 FUN_004730e0 __security_check_cookie"
00473bb0,FUN_00473bb0,359,2,"FID_conflict:_free FUN_00475600 FUN_0047a7bd"
00473d20,FUN_00473d20,281,9,"FUN_00405480 FUN_0045ea90 __security_check_cookie"
00473e40,FUN_00473e40,362,8,"FUN_00405480 FUN_0045ea90 __security_check_cookie"
00473fb0,FUN_00473fb0,353,8,"FUN_00405480 FUN_0045ea90 __security_check_cookie"
00474390,FUN_00474390,103,1,"FUN_00408c80 FUN_0046beb0 FUN_00474960"
00474400,FUN_00474400,128,1,"FUN_00408c80 FUN_0046beb0 FUN_00474960"
00474480,FUN_00474480,42,1,"FUN_00408c80 FUN_00474960"
004744b0,FUN_004744b0,103,1,"FUN_00408c80 FUN_0046beb0 FUN_00474960"
00474520,FUN_00474520,42,1,"FUN_00408c80 FUN_00474960"
00474550,FUN_00474550,318,1,"EnterCriticalSection FUN_004658c0 FUN_00474870 FUN_00474c60 LeaveCriticalSection __security_check_cookie"
00474690,FUN_00474690,467,1,"EnterCriticalSection FUN_004658c0 FUN_00474870 FUN_00474c60 LeaveCriticalSection __security_check_cookie"
00474870,FUN_00474870,175,2,"FUN_00474870"
00474960,FUN_00474960,115,2,"EnterCriticalSection FUN_0046e630 LeaveCriticalSection"
004749e0,FUN_004749e0,172,2,""
00474a90,FUN_00474a90,140,2,""
00474b20,FUN_00474b20,172,2,""
00474bd0,FUN_00474bd0,140,2,""
00474c60,FUN_00474c60,495,2,"FID_conflict:_free FUN_00438bf0"
00474e50,FUN_00474e50,207,2,"FID_conflict:_free FUN_00438bf0"
00474f20,FUN_00474f20,375,8,"EnterCriticalSection FUN_00407700 FUN_004658c0 FUN_004749e0 FUN_00474a90 FUN_00474b20 FUN_00474bd0 FUN_00475930 LeaveCriticalSection"
004750a0,FUN_004750a0,329,5,"EnterCriticalSection FUN_00407700 FUN_004658c0 FUN_004749e0 FUN_00474a90 FUN_00474b20 FUN_00474bd0 FUN_00475930 LeaveCriticalSection"
004751f0,FUN_004751f0,246,4,"EnterCriticalSection FUN_00407700 FUN_004658c0 FUN_004749e0 FUN_00475930 LeaveCriticalSection"
004752f0,FUN_004752f0,149,2,""
00475390,FUN_00475390,102,2,""
00475400,FUN_00475400,113,2,"FUN_004752f0"
00475480,FUN_00475480,134,2,"FUN_004658c0 FUN_004752f0"
00475510,FUN_00475510,87,1,"FUN_004752f0 FUN_00475570"
00475570,FUN_00475570,71,1,"FUN_00475570"
004755c0,FUN_004755c0,49,2,"FUN_004752f0"
00475600,FUN_00475600,112,2,""
00475670,FUN_00475670,24,1,"FUN_004752f0"
00475690,FUN_00475690,49,1,"FUN_004752f0 FUN_00475710"
004756d0,FUN_004756d0,49,1,"FUN_004752f0 FUN_00475740"
00475710,FUN_00475710,34,1,"FUN_00475710"
00475740,FUN_00475740,34,1,"FUN_00475740"
00475770,FUN_00475770,117,1,"__security_check_cookie _memset"
004757f0,FUN_004757f0,142,3,"FUN_004757f0"
00475880,FUN_00475880,83,3,"FUN_004752f0 FUN_004757f0"
004758e0,FUN_004758e0,65,2,"FUN_004752f0 FUN_004757f0"
00475930,FUN_00475930,288,0,"FUN_00408d80 FUN_00409080 FUN_0047a78d"
00475a50,FUN_00475a50,246,2,"FUN_00408d80 FUN_00409080 FUN_0047a78d"
00475b50,FUN_00475b50,216,4,"FUN_00423ea0 FUN_00475a50 FUN_00475b50 FUN_00476090"
00475c30,FUN_00475c30,128,2,"EnterCriticalSection FUN_00475390 FUN_00475cb0 LeaveCriticalSection"
00475cb0,FUN_00475cb0,329,3,"EnterCriticalSection FUN_004749e0 FUN_00474a90 FUN_00474b20 FUN_00474bd0 FUN_00475930 FUN_00475cb0 FUN_00476090 LeaveCriticalSection"
00475e00,FUN_00475e00,359,3,"FUN_00475e00 FUN_0047dde0"
00475f70,FUN_00475f70,285,5,"FUN_00423ea0 FUN_00475a50 FUN_00475f70 FUN_004762f0"
00476090,FUN_00476090,603,3,"FUN_0047dde0 FUN_0047e354"
004762f0,FUN_004762f0,650,3,"FUN_0047dde0 FUN_0047e354"
00476580,FUN_00476580,16,1,""
00476590,FUN_00476590,35,1,""
004765c0,FUN_004765c0,13,1,""
004765d0,FUN_004765d0,1,0,""
004765e0,FUN_004765e0,814,12,"FUN_00476910 FUN_00477600 FUN_004779f0 FUN_0047a78d FUN_0047a7bd FUN_0047af50 __security_check_cookie"
00476910,FUN_00476910,51,1,"CloseHandle FUN_0047a7bd"
00476950,FUN_00476950,808,13,"FUN_00477600 FUN_0047a78d FUN_0047a7bd FUN_0047af50 __security_check_cookie"
00476c80,FUN_00476c80,597,5,"FUN_0047af50 FUN_0047dde0 ReadFile SetFilePointer Sleep _memset"
00476ee0,FUN_00476ee0,38,2,"FUN_00477170 FUN_0047a7bd"
00476f10,FUN_00476f10,605,2,"FID_conflict:_free FUN_0047af50 __security_check_cookie"
00477170,FUN_00477170,179,1,"CloseHandle FID_conflict:_free FUN_0047a7bd"
00477230,FUN_00477230,366,4,"FUN_00477ab0 FUN_00477bb0 Sleep _memset"
004773a0,FUN_004773a0,344,4,"FUN_004614c0 FUN_00477230 FUN_00477500 FUN_004854a5 Sleep"
00477500,FUN_00477500,114,2,""
00477580,FUN_00477580,128,2,"CloseHandle"
00477600,FUN_00477600,90,5,"FUN_00476c80"
00477660,FUN_00477660,44,2,"FUN_00477170 FUN_0047a7bd"
00477690,FUN_00477690,634,1,"EnterCriticalSection FUN_00477230 FUN_00477ab0 FUN_00477bb0 LeaveCriticalSection Sleep _memset"
00477910,FUN_00477910,224,2,"FUN_00477230 FUN_00477ab0 Sleep"
004779f0,FUN_004779f0,185,3,"CreateFileA FUN_00477ab0 FUN_00477d20 FormatMessageA GetLastError LocalFree"
00477ab0,FUN_00477ab0,244,3,"SetFilePointer"
00477bb0,FUN_00477bb0,200,4,"FUN_0047dde0 ReadFile"
00477c80,FUN_00477c80,150,3,"FUN_004779f0 FUN_00477ab0 FUN_00477d20"
00477d20,FUN_00477d20,1,0,""
00477d30,FUN_00477d30,1,0,""
00477d40,FUN_00477d40,819,3,"FUN_00477d30 FUN_0047a080 FUN_0047a340"
00478080,FUN_00478080,7209,1,"FUN_00402770 FUN_00402810 FUN_00405430 FUN_00405450 FUN_00414bf0 FUN_00477d40 FUN_00479ee0 FUN_00479f90 FUN_0047a080 FUN_0047a140 FUN_0047a1b0 FUN_0047a240 FUN_0047a2f0 FUN_0047a320 FUN_0047a600 FUN_0047a680 FUN_0049231a FUN_00492b70 FUN_00492d30 __libm_sse2_sqrt_precise"
00479e20,FUN_00479e20,191,1,"FUN_00478080 FUN_0047a7bd"
00479ee0,FUN_00479ee0,175,2,""
00479f90,FUN_00479f90,233,2,""
0047a080,FUN_0047a080,181,3,""
0047a140,FUN_0047a140,107,1,""
0047a1b0,FUN_0047a1b0,135,2,""
0047a240,FUN_0047a240,176,3,"FUN_00416560 FUN_00477d40 FUN_0047a78d"
0047a2f0,FUN_0047a2f0,39,2,""
0047a320,FUN_0047a320,32,3,""
0047a340,FUN_0047a340,166,2,""
0047a3f0,FUN_0047a3f0,521,2,"FID_conflict:_free FUN_0047dde0 FUN_0047e354"
0047a600,FUN_0047a600,50,1,""
0047a640,FUN_0047a640,49,3,"FUN_0047a340"
0047a680,FUN_0047a680,37,1,""
0047a6a5,FUN_0047a6a5,27,2,"exception"
0047a6c0,FUN_0047a6c0,24,1,""
0047a6d8,exception,44,2,"___std_exception_copy"
0047a715,FUN_0047a715,45,2,"FUN_0047a7bd ___std_exception_destroy"
0047a742,FUN_0047a742,45,2,"FUN_0047a7bd ___std_exception_destroy"
0047a76f,FUN_0047a76f,13,1,""
0047a77c,__security_check_cookie,17,1,"___report_gsfailure"
0047a78d,FUN_0047a78d,77,1,"FUN_0047b1b3 FUN_0047b209 FUN_0047bfa6 FUN_0047e354 __callnewh"
0047a7bd,FUN_0047a7bd,14,1,"FID_conflict:_free"
0047a7cb,__crt_fast_encode_pointer<>,29,1,""
0047a7e8,find_pe_section,68,2,""
0047a82c,___scrt_acquire_startup_lock,50,0,"___scrt_is_ucrt_dll_in_use"
0047a85e,___scrt_initialize_crt,57,1,"FUN_0047b248 ___acrt_initialize ___vcrt_initialize ___vcrt_uninitialize"
0047a897,FUN_0047a897,169,1,"FUN_0047b3f1 ___scrt_is_ucrt_dll_in_use __initialize_onexit_table"
0047a941,___scrt_is_nonwritable_in_current_image,116,1,"__SEH_epilog4 __SEH_prolog4 find_pe_section"
0047a9cb,___scrt_release_startup_lock,29,1,"___scrt_is_ucrt_dll_in_use"
0047a9e8,___scrt_uninitialize_crt,40,2,"___acrt_uninitialize ___vcrt_uninitialize"
0047aa10,__onexit,59,1,"__crt_atexit __register_onexit_function"
0047aa4b,_atexit,21,1,"__onexit"
0047aa60,FUN_0047aa60,35,2,"FUN_0047a7bd"
0047aa83,FUN_0047aa83,80,4,"FUN_0047aad9 __SEH_epilog4 __SEH_prolog4 guard_check_icall"
0047aad9,FUN_0047aad9,20,0,"FUN_0047ab68"
0047aaed,FUN_0047aaed,95,4,"FUN_0047ab58 __SEH_epilog4 __SEH_prolog4 guard_check_icall"
0047ab58,FUN_0047ab58,16,0,"FUN_0047ab68"
0047ab68,FUN_0047ab68,66,4,"__SEH_epilog4 __SEH_prolog4 guard_check_icall"
0047abfe,FUN_0047abfe,29,1,""
0047ac1b,FUN_0047ac1b,29,1,""
0047ac38,FUN_0047ac38,238,0,"CreateEventW FUN_0047abfe FUN_0047ac1b FUN_0047b3f1 GetModuleHandleW GetProcAddress InitializeCriticalSectionAndSpinCount guard_check_icall"
0047ad27,FUN_0047ad27,28,0,"CloseHandle DeleteCriticalSection"
0047ad43,___raise_securityfailure,40,1,"GetCurrentProcess SetUnhandledExceptionFilter TerminateProcess UnhandledExceptionFilter"
0047ad6b,___report_gsfailure,251,0,"IsProcessorFeaturePresent ___raise_securityfailure"
0047ae66,___report_rangecheckfailure,12,0,"___report_securityfailure"
0047ae72,___report_securityfailure,208,1,"IsProcessorFeaturePresent ___raise_securityfailure"
0047af42,FUN_0047af42,14,1,"FID_conflict:_free"
0047af50,FUN_0047af50,9,1,"FUN_0047a78d"
0047af59,FID_conflict:_free,5,1,""
0047b01c,FUN_0047b01c,308,0,"FUN_0045f310 FUN_0047b3f1 FUN_0047b543 FUN_0047b743 FUN_0047b749 __SEH_epilog4 __SEH_prolog4 ___scrt_acquire_startup_lock ___scrt_get_show_window_mode ___scrt_initialize_crt ___scrt_is_nonwritable_in_current_image ___scrt_release_startup_lock ___scrt_uninitialize_crt __cexit __get_narrow_winmain_command_line __initterm __initterm_e __register_thread_local_exe_atexit_callback _exit guard_check_icall"
0047b18e,entry,10,0,"FUN_0047b01c ___security_init_cookie"
0047b198,FUN_0047b198,27,2,"exception"
0047b1b3,FUN_0047b1b3,24,1,""
0047b1dc,FUN_0047b1dc,45,2,"FUN_0047a7bd ___std_exception_destroy"
0047b209,FUN_0047b209,29,0,"FUN_0047a6c0 FUN_0047bfa6"
0047b243,FID_conflict:_free,5,1,""
0047b248,FUN_0047b248,409,0,"IsProcessorFeaturePresent"
0047b3e1,FUN_0047b3e1,4,0,""
0047b3e5,___scrt_is_ucrt_dll_in_use,12,0,""
0047b3f1,FUN_0047b3f1,284,0,"FUN_0047b5d3 IsDebuggerPresent IsProcessorFeaturePresent SetUnhandledExceptionFilter UnhandledExceptionFilter _memset"
0047b50d,___scrt_get_show_window_mode,51,0,"GetStartupInfoW _memset"
0047b540,FUN_0047b540,3,0,""
0047b543,FUN_0047b543,67,0,"GetModuleHandleW"
0047b586,FUN_0047b586,12,0,"SetUnhandledExceptionFilter"
0047b592,FUN_0047b592,64,1,"FUN_00486591"
0047b5d3,FUN_0047b5d3,8,0,""
0047b5e0,__SEH_prolog4,70,2,""
0047b626,__SEH_epilog4,21,0,""
0047b63b,guard_check_icall,1,0,""
0047b63c,FUN_0047b63c,79,0,"GetCurrentProcessId GetCurrentThreadId GetSystemTimeAsFileTime QueryPerformanceCounter"
0047b68b,___security_init_cookie,75,0,"FUN_0047b63c"
0047b6d9,FUN_0047b6d9,3,0,""
0047b6dc,FUN_0047b6dc,6,0,""
0047b6e2,FUN_0047b6e2,3,0,""
0047b6e5,FUN_0047b6e5,3,0,""
0047b6e8,FUN_0047b6e8,12,0,"InitializeSListHead"
0047b6f4,FUN_0047b6f4,3,0,""
0047b6f7,FUN_0047b6f7,32,0,"FUN_0047b3f1 __controlfp_s"
0047b718,FUN_0047b718,1,0,""
0047b719,FUN_0047b719,1,0,""
0047b71a,FUN_0047b71a,29,0,"FUN_00405470 FUN_0043ab90"
0047b737,FUN_0047b737,12,0,""
0047b743,FUN_0047b743,6,0,""
0047b749,FUN_0047b749,6,0,""
0047b74f,FUN_0047b74f,44,0,"guard_check_icall"
0047b77b,FUN_0047b77b,44,0,"guard_check_icall"
0047b7a7,_CallCatchBlock2,96,5,"__CallSettingFrame@12"
0047b807,_CallSETranslator,221,7,"___vcrt_getptd guard_check_icall"
0047b8e4,FUN_0047b8e4,119,5,"FUN_00486591"
0047b95c,_JumpToContinuation,43,2,""
0047b98e,_UnwindNestedFrames,85,2,"RtlUnwind"
0047b9e3,FUN_0047b9e3,49,3,"FUN_0047d040 __security_check_cookie"
0047ba14,__CreateFrameInfo,36,2,"___vcrt_getptd"
0047ba38,FUN_0047ba38,68,1,"FUN_00486591 ___vcrt_getptd"
0047ba7d,__TranslatorGuardHandler,154,3,"FUN_0047d040 _CallSETranslator _UnwindNestedFrames __security_check_cookie"
0047bb1c,FID_conflict:___CxxFrameHandler3,54,4,"FUN_0047d040"
0047bb52,FUN_0047bb52,132,1,"FUN_0047bbe8 __SEH_epilog4 __SEH_prolog4 guard_check_icall"
0047bbe8,FUN_0047bbe8,13,2,""
0047bbf5,__IsExceptionObjectToBeDestroyed,38,1,"___vcrt_getptd"
0047bc1b,___AdjustPointer,37,2,""
0047bc40,___FrameUnwindFilter,69,1,"FUN_00486591 ___vcrt_getptd"
0047bc85,Unwind@0047bc85,5,0,""
0047bc90,FUN_0047bc90,311,2,""
0047bdd0,FUN_0047bdd0,299,2,""
0047befb,FUN_0047befb,40,0,"_abort guard_check_icall"
0047bf24,___std_exception_copy,99,2,"FID_conflict:_free FUN_0047e354 _strcpy_s"
0047bf87,___std_exception_destroy,31,1,"FID_conflict:_free"
0047bfa6,FUN_0047bfa6,111,2,"RaiseException guard_check_icall"
0047c015,___vcrt_initialize,41,0,"FUN_0047c452 FUN_0047d228 ___vcrt_initialize_locks ___vcrt_initialize_winapi_thunks ___vcrt_uninitialize_locks"
0047c03e,___vcrt_uninitialize,31,1,"___vcrt_uninitialize_locks ___vcrt_uninitialize_ptd ___vcrt_uninitialize_winapi_thunks"
0047c060,_ValidateLocalCookies,50,2,"__security_check_cookie"
0047c0a0,__except_handler4,340,3,"FUN_0047bb52 _EH4_CallFilterFunc _EH4_GlobalUnwind2 _EH4_LocalUnwind _EH4_TransferToHandler _ValidateLocalCookies __IsNonwritableInCurrentImage ___except_validate_context_record guard_check_icall"
0047c200,_memset,346,3,""
0047c35a,___std_type_info_compare,60,2,""
0047c396,FUN_0047c396,28,1,"FID_conflict:_free"
0047c3b2,___vcrt_getptd,14,0,"___vcrt_getptd_noexit"
0047c3c0,___vcrt_getptd_noexit,146,0,"FID_conflict:_free FUN_004869e4 GetLastError SetLastError ___vcrt_FlsGetValue ___vcrt_FlsSetValue"
0047c452,FUN_0047c452,68,0,"___vcrt_FlsAlloc ___vcrt_FlsFree ___vcrt_FlsSetValue"
0047c496,___vcrt_uninitialize_ptd,27,0,"___vcrt_FlsFree"
0047c4c0,__CallSettingFrame@12,76,3,"__NLG_Notify1"
0047c50c,FUN_0047c50c,27,2,"exception"
0047c527,FUN_0047c527,24,1,""
0047c550,operator==,31,2,"___std_type_info_compare"
0047c56f,FUN_0047c56f,45,2,"FUN_0047a7bd ___std_exception_destroy"
0047c59c,CallCatchBlock,165,7,"FUN_0047c6d7 _CallCatchBlock2 __CreateFrameInfo __SEH_epilog4 __SEH_prolog4 ___vcrt_getptd"
0047c6d7,FUN_0047c6d7,129,0,"FUN_0047ba38 FUN_0047bb52 __IsExceptionObjectToBeDestroyed ___vcrt_getptd"
0047c758,FUN_0047c758,32,1,"FUN_0047d83e __EH_prolog3_catch ___vcrt_getptd"
0047c778,Catch_All@0047c778,25,0,"FUN_0047bfa6 FUN_00486591 ___vcrt_getptd"
0047c792,FUN_0047c792,121,10,"CallCatchBlock FUN_0047cf73 _JumpToContinuation _UnwindNestedFrames ___BuildCatchObject"
0047c80b,ExFilterRethrow,74,1,"___vcrt_getptd"
0047c855,FUN_0047c855,897,8,"FID_conflict:___TypeMatch FUN_0047b8e4 FUN_0047bb52 FUN_0047bfa6 FUN_0047c527 FUN_0047c758 FUN_0047c792 FUN_0047cbd6 FUN_0047ccf1 FUN_0047cf73 FUN_00486591 _UnwindNestedFrames ___vcrt_getptd operator=="
0047cbd6,FUN_0047cbd6,282,8,"EncodePointer FUN_0047b8e4 FUN_0047c792 FUN_00486591 _CallSETranslator ___vcrt_getptd"
0047ccf1,FUN_0047ccf1,155,2,"FID_conflict:___TypeMatch FUN_00486591"
0047cd8d,FUN_0047cd8d,16,3,""
0047cd9d,FUN_0047cd9d,19,4,""
0047cdb0,___BuildCatchObject,130,4,"FUN_0047cd8d FUN_0047cd9d FUN_0047ce3f __SEH_epilog4 __SEH_prolog4 ___AdjustPointer"
0047ce3f,FUN_0047ce3f,298,4,"FUN_0047d860 FUN_00486591 __SEH_epilog4 __SEH_prolog4 ___AdjustPointer guard_check_icall"
0047cf73,FUN_0047cf73,168,4,"FUN_0047d026 FUN_00486591 __CallSettingFrame@12 __SEH_epilog4 __SEH_prolog4 ___vcrt_getptd"
0047d026,FUN_0047d026,20,0,"___vcrt_getptd"
0047d040,FUN_0047d040,253,8,"FUN_0047c855 FUN_0047cf73 ___except_validate_context_record ___vcrt_getptd guard_check_icall"
0047d13d,FID_conflict:___TypeMatch,142,3,""
0047d1cb,___except_validate_context_record,48,1,""
0047d1fb,___except_validate_jump_buffer,45,1,""
0047d228,FUN_0047d228,11,0,""
0047d233,___vcrt_initialize_locks,60,0,"___vcrt_InitializeCriticalSectionEx ___vcrt_uninitialize_locks"
0047d26f,___vcrt_uninitialize_locks,47,0,"DeleteCriticalSection"
0047d29e,__crt_fast_encode_pointer<void*>,29,1,""
0047d2bb,try_get_first_available_module,198,2,"FreeLibrary GetLastError LoadLibraryExW _wcsncmp"
0047d381,try_get_function,111,4,"GetProcAddress __crt_fast_encode_pointer<void*> try_get_first_available_module"
0047d3f0,___vcrt_FlsAlloc,59,1,"guard_check_icall try_get_function"
0047d42b,___vcrt_FlsFree,59,1,"TlsFree guard_check_icall try_get_function"
0047d466,___vcrt_FlsGetValue,59,1,"TlsGetValue guard_check_icall try_get_function"
0047d4a1,___vcrt_FlsSetValue,62,2,"TlsSetValue guard_check_icall try_get_function"
0047d4df,___vcrt_InitializeCriticalSectionEx,71,3,"InitializeCriticalSectionAndSpinCount guard_check_icall try_get_function"
0047d526,___vcrt_initialize_winapi_thunks,41,0,""
0047d54f,___vcrt_uninitialize_winapi_thunks,50,1,"FreeLibrary"
0047d590,__local_unwind4,144,3,"FUN_0047d83b __NLG_Notify"
0047d690,_EH4_CallFilterFunc,23,1,""
0047d6a8,_EH4_TransferToHandler,25,1,"__NLG_Notify"
0047d6c4,_EH4_GlobalUnwind2,26,2,"RtlUnwind"
0047d6e0,_EH4_LocalUnwind,23,4,"__local_unwind4"
0047d700,__global_unwind2,33,1,"RtlUnwind"
0047d766,__local_unwind2,132,2,"FUN_0047d83b __NLG_Notify"
0047d810,__NLG_Notify1,9,1,""
0047d81c,__NLG_Notify,31,1,""
0047d83b,FUN_0047d83b,3,0,""
0047d83e,FUN_0047d83e,28,0,"FUN_00486591 ___vcrt_getptd guard_check_icall"
0047d860,FUN_0047d860,1330,3,""
0047dde0,FUN_0047dde0,1330,3,""
0047e354,FUN_0047e354,11,1,"__malloc_base"
0047e35f,FID_conflict:_free,5,1,""
0047e364,common_vsprintf<__crt_stdio_output::standard_base,char>,380,6,"FUN_00485345 _LocaleUpdate __errno __security_check_cookie output_processor<> process ~formatting_buffer"
0047e4e0,count<char>,24,1,""
0047e4f8,ensure_buffer_is_big_enough<char>,134,2,"FID_conflict:_free __errno __malloc_base operator="
0047e57e,is_wide_character_specifier<char>,64,3,""
0047e5be,scratch_data<char>,30,1,"count<char>"
0047e5dc,type_case_integer_parse_into_buffer<>,117,4,"count<char>"
0047e651,type_case_integer_parse_into_buffer<>,136,4,"__aulldvrm count<char>"
0047e6d9,write_multiple_characters<__crt_stdio_output::string_output_adapter<char>,char>,44,4,"write_character"
0047e705,common_data<char>,71,1,""
0047e74c,output_adapter_data<>,60,7,"common_data<char>"
0047e788,output_processor<>,53,7,"__errno output_adapter_data<>"
0047e7bd,_LocaleUpdate,131,2,"FUN_0048787e ___acrt_update_locale_info ___acrt_update_multibyte_info"
0047e840,~formatting_buffer,26,1,"FID_conflict:_free"
0047e85a,operator=,36,2,"FID_conflict:_free"
0047e87e,crop_zeroes,87,2,""
0047e8d5,find_next_state,50,2,""
0047e907,force_decimal_point,92,2,"_isdigit _tolower"
0047e963,parse_int_from_format_string,92,2,"_strtol"
0047e9bf,process,249,1,"FUN_00485345 __errno find_next_state state_case_flag state_case_normal state_case_precision state_case_size state_case_type state_case_width validate"
0047eadb,state_case_flag,61,1,""
0047eb18,state_case_normal,31,1,"FUN_00485345 __errno state_case_normal_common"
0047eb37,state_case_normal_common,42,1,"state_case_normal_tchar write_character"
0047eb61,state_case_normal_tchar,97,1,"FUN_00485345 __errno write_character"
0047ebc2,state_case_precision,40,1,"parse_int_from_format_string"
0047ebea,state_case_size,361,1,"FUN_00485345 __errno state_case_type"
0047ed53,state_case_type,559,1,"type_case_Z type_case_a type_case_c_tchar type_case_integer type_case_n type_case_o type_case_p type_case_s write_multiple_characters<__crt_stdio_output::string_output_adapter<char>,char> write_stored_string_tchar write_string"
0047ef82,state_case_width,43,1,"parse_int_from_format_string"
0047efad,to_integer_size,42,1,""
0047f009,type_case_Z,99,1,"is_wide_character_specifier<char>"
0047f06c,type_case_a,346,1,"___acrt_fp_format count<char> crop_zeroes ensure_buffer_is_big_enough<char> force_decimal_point scratch_data<char>"
0047f1c6,type_case_c_tchar,144,1,"_wctomb_s count<char> is_wide_character_specifier<char>"
0047f256,type_case_integer,330,3,"FUN_00485345 __errno to_integer_size type_case_integer_parse_into_buffer<> type_case_integer_parse_into_buffer<>"
0047f3a0,type_case_n,116,1,"FUN_00485345 __errno __get_printf_count_output to_integer_size"
0047f414,type_case_o,31,1,"type_case_integer"
0047f433,type_case_p,24,1,"type_case_integer"
0047f44b,type_case_s,115,1,"FUN_0048722e FUN_00487355 is_wide_character_specifier<char>"
0047f4be,validate,27,1,"FUN_00485345 __errno"
0047f4d9,write_character,66,3,""
0047f51b,write_stored_string_tchar,167,1,"__security_check_cookie _wctomb_s write_string"
0047f5c2,write_string,147,5,"FUN_0047dde0"
0047f655,___stdio_common_vsprintf,36,7,"common_vsprintf<__crt_stdio_output::standard_base,char>"
0047f775,operator(),55,2,"CloseHandle FID_conflict:_free FreeLibrary"
0047f7ac,common_end_thread,86,1,"CloseHandle ExitThread FreeLibraryAndExitThread ___acrt_RoUninitialize@0 ___acrt_getptd_noexit"
0047f803,create_thread_parameter,73,2,"FID_conflict:_free GetModuleHandleExW __calloc_base operator()"
0047f84c,__beginthread,140,3,"CreateThread FUN_00485345 GetLastError ResumeThread ___acrt_errno_map_os_error __errno create_thread_parameter operator()"
0047f8d8,__beginthreadex,133,6,"CreateThread FUN_00485345 GetLastError ___acrt_errno_map_os_error __errno create_thread_parameter operator()"
0047f95d,__endthreadex,14,1,"common_end_thread"
0047f96b,common_chdir<char>,229,1,"FID_conflict:_free FUN_00485345 GetCurrentDirectoryA GetLastError SetCurrentDirectoryA ___acrt_errno_map_os_error ___doserrno __calloc_base __errno __security_check_cookie set_cwd_environment_variable<char>"
0047fa50,set_cwd_environment_variable<char>,88,1,"GetLastError SetEnvironmentVariableA ___acrt_errno_map_os_error _toupper"
0047faa8,FUN_0047faa8,11,1,"common_chdir<char>"
0047fab3,__mkdir,77,1,"FID_conflict:_free ___acrt_copy_path_to_wide_string __wmkdir"
0047fb00,common_timespec_get<_timespec64>,127,2,"FUN_00485345 ___acrt_GetSystemTimePreciseAsFileTime@4 __alldvrm __errno"
0047fb7f,FID_conflict:__time64,66,1,"common_timespec_get<_timespec64>"
0047fbc1,is_overflow_condition<unsigned_long>,51,2,""
0047fbf4,is_overflow_condition<unsigned___int64>,67,2,""
0047fc37,make_c_string_character_source<>,27,3,""
0047fc52,parse_integer<unsigned_long,__crt_strtox::c_string_character_source<char>_>,552,4,"FUN_00485345 _LocaleUpdate __errno __ischartype_l is_overflow_condition<unsigned_long> unget validate"
0047fe7a,parse_integer<unsigned___int64,__crt_strtox::c_string_character_source<char>_>,678,4,"FUN_00485345 _LocaleUpdate __allmul __aulldvrm __errno __ischartype_l is_overflow_condition<unsigned___int64> unget validate"
00480120,unget,40,2,"FUN_00485345 __errno"
00480148,validate,27,1,"FUN_00485345 __errno"
00480163,__chvalidchk_l,42,3,"___pctype_func"
0048018d,__ischartype_l,51,3,"__chvalidchk_l __isctype_l"
004801c0,FID_conflict:_atoi,42,1,"make_c_string_character_source<> parse_integer<unsigned_long,__crt_strtox::c_string_character_source<char>_>"
004801ea,FID_conflict:_atoi,42,1,"make_c_string_character_source<> parse_integer<unsigned_long,__crt_strtox::c_string_character_source<char>_>"
00480220,_strncmp,115,3,""
00480298,assemble_floating_point_ind<double>,47,1,""
004802c7,assemble_floating_point_infinity<double>,63,2,""
00480306,assemble_floating_point_qnan<double>,63,2,""
00480345,assemble_floating_point_snan<double>,68,2,""
00480389,assemble_floating_point_value_t<float>,48,4,""
004803b9,assemble_floating_point_value_t<double>,95,4,""
00480418,assemble_floating_point_zero<double>,63,2,""
00480457,common_vsscanf<char>,191,6,"FUN_00485345 _LocaleUpdate __errno __security_check_cookie input_processor<char,__crt_stdio_input::string_input_adapter<char>_> process"
00480516,convert_decimal_string_to_floating_type<float>,35,2,"convert_decimal_string_to_floating_type_common"
00480539,convert_decimal_string_to_floating_type<double>,35,2,"convert_decimal_string_to_floating_type_common"
0048055c,convert_hexadecimal_string_to_floating_type<float>,35,2,"convert_hexadecimal_string_to_floating_type_common"
0048057f,convert_hexadecimal_string_to_floating_type<double>,35,2,"convert_hexadecimal_string_to_floating_type_common"
004805a2,make_input_adapter_character_source<>,30,5,"input_adapter_character_source<>"
004805c0,parse_floating_point<>,123,1,"FUN_00485345 __errno __security_check_cookie parse_floating_point_from_source<__crt_strtox::input_adapter_character_source<__crt_stdio_input::string_input_adapter<char>_>_> parse_floating_point_write_result<float>"
0048063b,parse_floating_point<>,123,1,"FUN_00485345 __errno __security_check_cookie parse_floating_point_from_source<__crt_strtox::input_adapter_character_source<__crt_stdio_input::string_input_adapter<char>_>_> parse_floating_point_write_result<double>"
004806b6,parse_floating_point_from_source<__crt_strtox::input_adapter_character_source<__crt_stdio_input::string_input_adapter<char>_>_>,1127,3,"FID_conflict:operator() __ischartype_l get parse_floating_point_possible_infinity<char,__crt_strtox::input_adapter_character_source<__crt_stdio_input::string_input_adapter<char>_>,unsigned___int64> parse_floating_point_possible_nan<char,__crt_strtox::input_adapter_character_source<__crt_stdio_input::string_input_adapter<char>_>,unsigned___int64> unget validate"
00480b1d,parse_floating_point_possible_infinity<char,__crt_strtox::input_adapter_character_source<__crt_stdio_input::string_input_adapter<char>_>,unsigned___int64>,193,3,"FID_conflict:operator() get unget"
00480bde,parse_floating_point_possible_nan<char,__crt_strtox::input_adapter_character_source<__crt_stdio_input::string_input_adapter<char>_>,unsigned___int64>,274,3,"FID_conflict:operator() get parse_floating_point_possible_nan_is_ind<char,__crt_strtox::input_adapter_character_source<__crt_stdio_input::string_input_adapter<char>_>_> parse_floating_point_possible_nan_is_snan<char,__crt_strtox::input_adapter_character_source<__crt_stdio_input::string_input_adapter<char>_>_> unget"
00480cf0,parse_floating_point_possible_nan_is_ind<char,__crt_strtox::input_adapter_character_source<__crt_stdio_input::string_input_adapter<char>_>_>,58,2,"get"
00480d2a,parse_floating_point_possible_nan_is_snan<char,__crt_strtox::input_adapter_character_source<__crt_stdio_input::string_input_adapter<char>_>_>,58,2,"get"
00480d64,parse_floating_point_write_result<float>,229,3,"convert_decimal_string_to_floating_type<float> convert_hexadecimal_string_to_floating_type<float>"
00480e74,parse_floating_point_write_result<double>,218,3,"assemble_floating_point_ind<double> assemble_floating_point_infinity<double> assemble_floating_point_qnan<double> assemble_floating_point_snan<double> assemble_floating_point_zero<double> convert_decimal_string_to_floating_type<double> convert_hexadecimal_string_to_floating_type<double>"
00480f78,parse_integer<unsigned___int64,__crt_strtox::input_adapter_character_source<__crt_stdio_input::string_input_adapter<char>_>_>,689,4,"FUN_00485345 _LocaleUpdate __allmul __aulldvrm __errno __ischartype_l get is_overflow_condition<unsigned___int64> restore_state unget validate"
00481229,process_floating_point_specifier_t<float>,104,1,"make_input_adapter_character_source<> parse_floating_point<> write_floating_point<float>"
00481291,process_floating_point_specifier_t<double>,104,1,"make_input_adapter_character_source<> parse_floating_point<> write_floating_point<double>"
004812f9,process_string_specifier_tchar<char>,354,3,"FUN_00485345 __errno get is_character_allowed_in_string unget"
0048145b,process_string_specifier_tchar<wchar_t>,364,3,"FUN_00485345 __errno get is_character_allowed_in_string unget write_character"
004815c7,skip_whitespace<__crt_stdio_input::string_input_adapter,char>,47,2,"__ischartype_l get"
004815f6,write_floating_point<float>,55,2,"FUN_00485345 __errno"
0048162d,write_floating_point<double>,61,2,"FUN_00485345 __errno"
0048166a,format_string_parser<char>,74,3,""
004816b4,input_adapter_character_source<>,49,5,""
004816e5,input_processor<char,__crt_stdio_input::string_input_adapter<char>_>,72,6,"format_string_parser<char>"
0048172d,FID_conflict:operator(),42,1,"restore_state unget"
00481757,FID_conflict:operator(),42,1,"restore_state unget"
00481781,FID_conflict:operator(),42,1,"restore_state unget"
004817ab,advance,288,1,"_isspace scan_conversion_specifier scan_optional_field_width scan_optional_length_modifier scan_optional_literal_character_trail_bytes_tchar scan_optional_wide_modifier"
004818cb,FUN_004818cb,36,1,"__invoke_watson"
004818f0,FUN_004818f0,36,1,"__invoke_watson"
00481915,assemble_floating_point_infinity,58,2,"FUN_004818cb FUN_004818f0 assemble_floating_point_infinity<double>"
0048194f,assemble_floating_point_value,844,5,"FUN_004818cb FUN_004818f0 FUN_0048904f __allshl __aullshr assemble_floating_point_infinity assemble_floating_point_value_t<double> assemble_floating_point_value_t<float> assemble_floating_point_zero denormal_mantissa_mask normal_mantissa_mask"
00481c9b,assemble_floating_point_value_from_big_integer,398,5,"__allshl __aullshr assemble_floating_point_value"
00481e29,assemble_floating_point_zero,52,2,"FUN_004818cb FUN_004818f0 assemble_floating_point_zero<double>"
00481e5d,convert_decimal_string_to_floating_type_common,7619,2,"FUN_0047dde0 __allshl __aullshr __security_check_cookie _memcpy_s _memset assemble_floating_point_infinity assemble_floating_point_value assemble_floating_point_value_from_big_integer assemble_floating_point_zero divide"
00483c20,convert_hexadecimal_string_to_floating_type_common,172,2,"assemble_floating_point_value normal_mantissa_mask"
00483ccc,denormal_mantissa_mask,23,1,""
00483cf0,divide,1192,2,"__allmul __allshl __aulldvrm _memcpy_s"
0048419e,get,58,1,"get"
004841d8,get,22,1,""
004841ee,invert,30,1,""
0048420c,is_character_allowed_in_string,70,3,"test"
00484252,length,65,1,"to_floating_point_length to_integer_length"
00484293,normal_mantissa_mask,23,1,""
004842aa,process,133,1,"FUN_00485345 __errno advance get process_state unget validate validate"
00484349,FUN_00484349,124,1,"length process_floating_point_specifier_t<double> process_floating_point_specifier_t<float> process_integer_specifier process_string_specifier process_whitespace"
004843ed,process_integer_specifier,102,3,"make_input_adapter_character_source<> parse_integer<unsigned___int64,__crt_strtox::input_adapter_character_source<__crt_stdio_input::string_input_adapter<char>_>_> process_whitespace write_integer"
00484453,process_literal_character,54,1,"get process_literal_character_tchar unget"
00484489,process_literal_character_tchar,86,2,"___pctype_func get unget"
004844df,process_state,54,1,"FUN_00484349 process_literal_character process_whitespace"
00484515,process_string_specifier,72,2,"length process_string_specifier_tchar<char> process_string_specifier_tchar<wchar_t> process_whitespace"
0048455d,process_whitespace,29,1,"skip_whitespace<__crt_stdio_input::string_input_adapter,char> unget"
0048457a,restore_state,37,3,""
0048459f,scan_conversion_specifier,363,1,"scan_scanset_range set_wide_for_c_s_or_scanset"
0048470a,scan_optional_field_width,159,1,"strtoull"
004847a9,scan_optional_length_modifier,288,1,""
004848c9,scan_optional_literal_character_trail_bytes_tchar,85,2,"___pctype_func"
0048491e,scan_optional_wide_modifier,30,1,""
0048493c,scan_scanset_range,263,1,"invert set"
00484a43,set,43,2,""
00484a6e,set_wide_for_c_s_or_scanset,32,1,""
00484a8e,test,49,2,""
00484abf,to_floating_point_length,35,1,""
00484ae2,to_integer_length,42,1,""
00484b3a,unget,65,2,"unget"
00484b7b,unget,31,2,""
00484b9a,validate,28,1,"FUN_00485345 __errno"
00484bb6,validate,33,1,"FUN_00485345 __errno"
00484bd7,validate,34,1,"FUN_00485345 __errno"
00484bf9,write_character,113,6,"___pctype_func __mbtowc_l get"
00484c6a,write_integer,119,3,"FUN_00485345 __errno length"
00484ce1,___stdio_common_vsscanf,36,7,"common_vsscanf<char>"
00484d05,_memcpy_s,129,4,"FUN_0047dde0 FUN_00485345 __errno _memset"
00484d86,FUN_00484d86,649,2,"FUN_00485345 FUN_0048910b FUN_00489137 FUN_00489163 FUN_00489439 ___tzset __alldiv __allrem __errno __invoke_watson __isindst"
00485010,FID_conflict:common_gmtime<long>,39,1,"FUN_00484d86 ___getgmtimebuf"
00485037,FID_conflict:__rmdir,77,1,"FID_conflict:__wrmdir FID_conflict:_free ___acrt_copy_path_to_wide_string"
00485084,_rename,198,2,"FID_conflict:_free GetLastError MultiByteToWideChar ___acrt_AreFileApisANSI@0 ___acrt_errno_map_os_error __malloc_base __wrename"
0048514a,initialize,49,2,""
0048517b,___acrt_call_reportfault,315,3,"FUN_0047b5d3 IsDebuggerPresent SetUnhandledExceptionFilter UnhandledExceptionFilter __security_check_cookie _memset"
004852b6,FUN_004852b6,20,1,"initialize"
004852ca,FUN_004852ca,122,5,"___acrt_getptd_noexit __invoke_watson __security_check_cookie guard_check_icall"
00485345,FUN_00485345,16,0,"FUN_004852ca"
00485355,__invoke_watson,51,5,"GetCurrentProcess IsProcessorFeaturePresent TerminateProcess ___acrt_call_reportfault"
00485388,___ascii_stricmp,59,2,""
004853c3,__stricmp,72,2,"FUN_00485345 ___ascii_stricmp __errno __stricmp_l"
0048540b,__stricmp_l,154,3,"FUN_00485345 _LocaleUpdate ___ascii_stricmp __errno __tolower_l"
004854a5,FUN_004854a5,33,0,"FUN_0048787e"
004854c6,initialize,49,2,""
004854f7,FUN_004854f7,20,1,"initialize"
0048550b,__callnewh,68,1,"__query_new_handler __security_check_cookie guard_check_icall"
0048554f,__query_new_handler,70,0,"FUN_00485598 __SEH_epilog4 __SEH_prolog4 ___acrt_lock"
00485598,FUN_00485598,9,0,"___acrt_unlock"
004855a1,__seh_filter_exe,371,2,"___acrt_getptd_noexit __security_check_cookie guard_check_icall"
00485714,__crt_fast_encode_pointer<void_(__stdcall*)(void*,unsigned_long,void*)>,31,1,""
00485733,atexit_exception_filter,19,1,""
00485746,common_exit,261,3,"FUN_00485850 FUN_00491b89 __SEH_prolog4_GS ___acrt_lock __execute_onexit_table __initterm atexit_exception_filter exit_or_terminate_process guard_check_icall is_managed_app try_cor_exit_process"
00485850,FUN_00485850,9,0,"___acrt_unlock"
0048585f,exit_or_terminate_process,64,1,"ExitProcess GetCurrentProcess TerminateProcess ___acrt_is_packaged_app try_cor_exit_process"
004858a0,is_managed_app,68,0,"GetModuleHandleW"
004858e4,try_cor_exit_process,106,1,"FreeLibrary GetModuleHandleExW GetProcAddress __security_check_cookie guard_check_icall"
0048594e,FUN_0048594e,15,1,""
0048596c,__cexit,15,0,"common_exit"
0048597b,__exit,22,1,"common_exit"
00485991,__register_thread_local_exe_atexit_callback,56,1,"__crt_fast_encode_pointer<void_(__stdcall*)(void*,unsigned_long,void*)>"
004859c9,_exit,22,1,"common_exit"
004859df,common_configure_argv<char>,292,1,"FID_conflict:_free FUN_00485345 FUN_0048a1be GetModuleFileNameA ___acrt_allocate_buffer_for_argv ___acrt_initialize_multibyte __errno parse_command_line<char>"
00485b03,parse_command_line<char>,373,5,"__ismbblead"
00485c78,___acrt_allocate_buffer_for_argv,85,3,"FID_conflict:_free __calloc_base"
00485ccd,FUN_00485ccd,11,1,"common_configure_argv<char>"
00485cd8,common_get_or_create_environment_nolock<char>,47,0,"common_initialize_environment_nolock<char> initialize_environment_by_cloning_nolock<char>"
00485d07,common_initialize_environment_nolock<char>,89,0,"FID_conflict:_free FUN_00485d60 ___acrt_initialize_multibyte ___dcrt_get_narrow_environment_from_os initialize"
00485d60,FUN_00485d60,208,1,"FID_conflict:_free __calloc_base __invoke_watson _strcpy_s free_environment<>"
00485e31,free_environment<>,47,1,"FID_conflict:_free"
00485e60,free_environment<>,47,1,"FID_conflict:_free"
00485e8f,initialize_environment_by_cloning_nolock<char>,127,0,"FID_conflict:_free FUN_0048ae5c WideCharToMultiByte __calloc_base"
00485f0e,uninitialize<>,64,2,"__security_check_cookie guard_check_icall"
00485f4e,uninitialize<>,64,2,"__security_check_cookie guard_check_icall"
00485f8e,uninitialize_environment_internal<>,27,1,"free_environment<>"
00485fa9,uninitialize_environment_internal<>,27,1,"free_environment<>"
00485fc4,initialize,49,2,""
00485ff5,common_get_or_create_environment_nolock<char>,5,0,""
00485ffa,FUN_00485ffa,55,0,"free_environment<> free_environment<> uninitialize<> uninitialize<>"
00486031,common_initialize_environment_nolock<char>,5,0,""
00486036,operator()<<lambda_800076c951b434888f4765a74a194fcc>,<lambda_4e60a939b0d047cfe11ddc22648dfba9>&,<lambda_6dbb1268764f43b569ce7b67e331d33a>_>,66,4,"FUN_0048607b __SEH_epilog4 __SEH_prolog4 ___acrt_lock operator()"
0048607b,FUN_0048607b,12,0,"___acrt_unlock"
00486087,operator()<<lambda_995298e7d72eb4c2aab26c0585b3abe5>,<lambda_275893d493268fdec8709772e3fcec0e>&,<lambda_293819299cbf9a7022e18b56a874bb5c>_>,66,4,"FUN_004860cc __SEH_epilog4 __SEH_prolog4 ___acrt_lock operator()"
004860cc,FUN_004860cc,12,0,"___acrt_unlock"
004860d8,__acrt_lock_and_call<<lambda_275893d493268fdec8709772e3fcec0e>_>,40,2,"operator()<<lambda_995298e7d72eb4c2aab26c0585b3abe5>,<lambda_275893d493268fdec8709772e3fcec0e>&,<lambda_293819299cbf9a7022e18b56a874bb5c>_>"
00486100,__acrt_lock_and_call<<lambda_4e60a939b0d047cfe11ddc22648dfba9>_>,40,2,"operator()<<lambda_800076c951b434888f4765a74a194fcc>,<lambda_4e60a939b0d047cfe11ddc22648dfba9>&,<lambda_6dbb1268764f43b569ce7b67e331d33a>_>"
00486128,__crt_fast_encode_pointer<>,31,1,""
00486147,operator(),288,1,"FID_conflict:_free __security_check_cookie guard_check_icall"
00486267,operator(),321,1,"FID_conflict:_free FUN_0048ae67 __crt_fast_encode_pointer<> __crt_fast_encode_pointer<>"
004863a8,__crt_atexit,22,0,"__register_onexit_function"
004863be,__execute_onexit_table,29,0,"__acrt_lock_and_call<<lambda_275893d493268fdec8709772e3fcec0e>_>"
004863db,__initialize_onexit_table,61,1,""
00486418,__register_onexit_function,36,0,"__acrt_lock_and_call<<lambda_4e60a939b0d047cfe11ddc22648dfba9>_>"
0048653c,initialize,49,2,""
0048656d,___acrt_initialize,18,0,"___acrt_execute_initializers"
0048657f,___acrt_uninitialize,18,0,"___acrt_execute_uninitializers"
00486591,FUN_00486591,52,0,"FUN_0048787e __SEH_prolog4_GS _abort guard_check_icall"
004865cd,FUN_004865cd,6,0,""
004865d3,FUN_004865d3,15,1,""
004865e2,__crt_fast_encode_pointer<int_(__cdecl*)(_exception*)>,31,1,""
00486601,initialize,49,2,""
00486632,___acrt_has_user_matherr,25,0,""
0048664b,FUN_0048664b,20,1,"initialize"
0048665f,___acrt_invoke_user_matherr,73,1,"__security_check_cookie guard_check_icall"
004866a8,___setusermatherr,21,1,"__crt_fast_encode_pointer<int_(__cdecl*)(_exception*)>"
004866bd,__get_narrow_winmain_command_line,83,0,"___acrt_initialize_multibyte __ismbblead"
00486710,__initterm,92,2,"__security_check_cookie guard_check_icall"
0048676c,__initterm_e,69,2,"__security_check_cookie guard_check_icall"
004867b1,__set_fmode,61,1,"FUN_00485345 __errno"
004867ee,___acrt_set_locale_changed,11,0,""
00486842,FUN_00486842,9,0,"___acrt_unlock"
0048684b,__configthreadlocale,98,1,"FUN_00485345 FUN_0048787e __errno"
004868ad,FUN_004868ad,6,0,""
004868b3,__set_new_mode,47,1,"FUN_00485345 __errno"
004868e2,FUN_004868e2,6,0,""
004868e8,__controlfp_s,95,3,"FUN_00485345 __control87 __errno"
00486947,_abort,67,0,"IsProcessorFeaturePresent ___acrt_call_reportfault ___acrt_get_sigabrt_handler __exit _raise"
0048698a,_strcpy_s,90,3,"FUN_00485345 __errno"
004869e4,FUN_004869e4,11,2,"__calloc_base"
004869ef,_wcsncmp,58,3,""
00486a29,__malloc_base,78,1,"FUN_004868ad HeapAlloc __callnewh __errno"
00486a77,FID_conflict:_free,58,1,"FID_conflict:___acrt_errno_from_os_error GetLastError HeapFree __errno"
00486ab1,__isdigit_l,56,2,"_LocaleUpdate __ischartype_l"
00486ae9,__isspace_l,56,2,"_LocaleUpdate __ischartype_l"
00486b21,_isdigit,45,1,"__isdigit_l"
00486b4e,_isspace,45,1,"__isspace_l"
00486b7b,common_tox_l<&bool___cdecl_internal_islower_l(int,struct___crt_locale_pointers*_const),&int___cdecl_internal_map_upper(int,struct___crt_locale_pointers*_const)>,330,3,"_LocaleUpdate ___acrt_LCMapStringA __errno __isleadbyte_l internal_islower_l"
00486cc5,common_tox_l<&bool___cdecl_internal_isupper_l(int,struct___crt_locale_pointers*_const),&int___cdecl_internal_map_lower(int,struct___crt_locale_pointers*_const)>,330,3,"_LocaleUpdate ___acrt_LCMapStringA __errno __isleadbyte_l internal_isupper_l"
00486e0f,internal_islower_l,29,2,"__ischartype_l"
00486e2c,internal_isupper_l,29,2,"__ischartype_l"
00486e49,__tolower_l,26,2,"common_tox_l<&bool___cdecl_internal_isupper_l(int,struct___crt_locale_pointers*_const),&int___cdecl_internal_map_lower(int,struct___crt_locale_pointers*_const)>"
00486e63,__toupper_l,26,2,"common_tox_l<&bool___cdecl_internal_islower_l(int,struct___crt_locale_pointers*_const),&int___cdecl_internal_map_upper(int,struct___crt_locale_pointers*_const)>"
00486e7d,_tolower,48,1,"__tolower_l"
00486ead,_toupper,48,1,"__toupper_l"
00486edd,FID_conflict:___acrt_errno_from_os_error,67,1,""
00486f20,___acrt_errno_map_os_error,35,1,"FID_conflict:___acrt_errno_from_os_error ___doserrno __errno"
00486f43,___doserrno,19,0,"___acrt_getptd_noexit"
00486f56,__errno,19,0,"___acrt_getptd_noexit"
00486f69,make_c_string_character_source<>,27,3,""
00486f84,_strtol,44,3,"make_c_string_character_source<> parse_integer<unsigned_long,__crt_strtox::c_string_character_source<char>_>"
00486fb0,strtoull,44,3,"make_c_string_character_source<> parse_integer<unsigned___int64,__crt_strtox::c_string_character_source<char>_>"
00486fdc,__mbtowc_l,250,4,"MultiByteToWideChar _LocaleUpdate __errno __isleadbyte_l"
004870d6,_mbtowc,26,3,"__mbtowc_l"
004870f0,__wctomb_s_l,289,5,"FUN_00485345 GetLastError WideCharToMultiByte _LocaleUpdate __errno _memset"
00487211,_wctomb_s,29,4,"__wctomb_s_l"
0048722e,FUN_0048722e,295,2,""
00487355,FUN_00487355,439,2,""
0048750c,operator()<>,68,2,"FUN_00487550 __SEH_epilog4 __SEH_prolog4 ___acrt_lock replace_current_thread_locale_nolock"
00487550,FUN_00487550,12,0,"___acrt_unlock"
0048755c,operator()<>,85,2,"FID_conflict:_free FUN_004875b1 __SEH_epilog4 __SEH_prolog4 ___acrt_lock"
004875b1,FUN_004875b1,12,0,"___acrt_unlock"
004875bd,operator()<>,63,2,"FUN_004875fc __SEH_epilog4 __SEH_prolog4 ___acrt_lock replace_current_thread_locale_nolock"
004875fc,FUN_004875fc,12,0,"___acrt_unlock"
00487608,operator()<>,60,2,"FUN_00487644 __SEH_epilog4 __SEH_prolog4 ___acrt_lock"
00487644,FUN_00487644,12,0,"___acrt_unlock"
00487650,__acrt_lock_and_call<<lambda_6250bd4b2a391816dd638c3bf72b0bcb>_>,40,2,"operator()<>"
00487678,__acrt_lock_and_call<<lambda_b2ea41f6bbb362cd97d94c6828d90b61>_>,40,2,"operator()<>"
004876a0,__acrt_lock_and_call<<lambda_be2b3da3f62db62e9dad5dc70221a656>_>,40,2,"operator()<>"
004876c8,__acrt_lock_and_call<<lambda_e69574bed617af4e071282c136b37893>_>,40,2,"operator()<>"
004876f0,construct_ptd,121,2,"__acrt_lock_and_call<<lambda_b2ea41f6bbb362cd97d94c6828d90b61>_> __acrt_lock_and_call<<lambda_e69574bed617af4e071282c136b37893>_>"
00487769,destroy_fls,33,1,"FID_conflict:_free destroy_ptd"
0048778a,destroy_ptd,169,1,"FID_conflict:_free __acrt_lock_and_call<<lambda_6250bd4b2a391816dd638c3bf72b0bcb>_> __acrt_lock_and_call<<lambda_be2b3da3f62db62e9dad5dc70221a656>_>"
00487833,replace_current_thread_locale_nolock,75,2,"___acrt_add_locale_ref ___acrt_free_locale ___acrt_release_locale_ref"
0048787e,FUN_0048787e,131,0,"FID_conflict:_free GetLastError SetLastError ___acrt_FlsGetValue@4 ___acrt_FlsSetValue@8 __calloc_base _abort construct_ptd"
00487902,___acrt_getptd_noexit,133,0,"FID_conflict:_free GetLastError SetLastError ___acrt_FlsGetValue@4 ___acrt_FlsSetValue@8 __calloc_base construct_ptd"
004879b3,FUN_004879b3,26,0,"___acrt_FlsFree@4"
004879cd,___acrt_update_locale_info,45,2,"FUN_0048bc87"
004879fa,___acrt_update_multibyte_info,45,2,"___acrt_update_thread_multibyte_data"
00487a27,__acrt_fp_classify,108,1,""
00487a93,__acrt_fp_is_negative,30,1,""
00487ab1,fp_format_a,771,9,"FUN_0047bc90 FUN_00485345 _LocaleUpdate __alldvrm __aullshr __errno _memset fp_format_e"
00487db4,fp_format_e,155,9,"FUN_00487e4f FUN_0048c5f9 ___acrt_fp_strflt_to_string"
00487e4f,FUN_00487e4f,330,8,"FUN_0047d860 FUN_00485345 _LocaleUpdate __errno __invoke_watson _strcpy_s shift_bytes"
00487f9a,fp_format_f,141,7,"FUN_0048c5f9 ___acrt_fp_strflt_to_string fp_format_f_internal"
00488027,fp_format_f_internal,215,6,"_LocaleUpdate _memset shift_bytes"
004880fe,fp_format_g,200,9,"FUN_00487e4f FUN_0048c5f9 ___acrt_fp_strflt_to_string fp_format_f_internal"
004881c6,FUN_004881c6,247,5,"__invoke_watson __security_check_cookie _strcpy_s"
004882be,shift_bytes,52,4,"FUN_0047d860"
004882f2,___acrt_fp_format,330,10,"FUN_00485345 FUN_004881c6 __acrt_fp_classify __acrt_fp_is_negative __errno fp_format_a fp_format_e fp_format_f fp_format_g"
0048843c,__fileno,38,1,"FUN_00485345 __errno"
00488576,__lock_file,20,1,"EnterCriticalSection"
0048858a,FUN_0048858a,20,1,"LeaveCriticalSection"
0048859e,__get_printf_count_output,21,0,""
004885b3,initialize_inherited_file_handles_nolock,182,0,"GetFileType GetStartupInfoW ___acrt_lowio_ensure_fh_exists"
00488669,FUN_00488669,182,0,"GetFileType GetStdHandle"
0048876c,FUN_0048876c,9,0,"___acrt_unlock"
004887a1,__calloc_base,93,2,"FUN_004868ad HeapAlloc __callnewh __errno"
004887fe,try_get_CompareStringEx,26,0,"try_get_function"
00488818,try_get_function,156,4,"GetProcAddress __crt_fast_encode_pointer<void*> try_get_module"
004888b4,try_get_module,123,1,"FreeLibrary GetLastError LoadLibraryExW"
0048892f,___acrt_AreFileApisANSI@0,78,0,"__security_check_cookie guard_check_icall try_get_function"
0048897d,___acrt_CompareStringEx@36,116,9,"CompareStringW ___acrt_LocaleNameToLCID@8 __security_check_cookie guard_check_icall try_get_CompareStringEx"
004889f1,___acrt_FlsAlloc@4,86,1,"TlsAlloc __security_check_cookie guard_check_icall try_get_function"
00488a47,___acrt_FlsFree@4,86,1,"TlsFree __security_check_cookie guard_check_icall try_get_function"
00488a9d,___acrt_FlsGetValue@4,86,1,"TlsGetValue __security_check_cookie guard_check_icall try_get_function"
00488af3,___acrt_FlsSetValue@8,89,2,"TlsSetValue __security_check_cookie guard_check_icall try_get_function"
00488b4c,___acrt_GetSystemTimePreciseAsFileTime@4,86,1,"GetSystemTimeAsFileTime __security_check_cookie guard_check_icall try_get_function"
00488ba2,___acrt_InitializeCriticalSectionEx@12,98,3,"InitializeCriticalSectionAndSpinCount __security_check_cookie guard_check_icall try_get_function"
00488c04,___acrt_LCMapStringEx@36,136,9,"LCMapStringW ___acrt_LocaleNameToLCID@8 __security_check_cookie guard_check_icall try_get_function"
00488c8c,___acrt_LocaleNameToLCID@8,92,2,"___acrt_DownlevelLocaleNameToLCID __security_check_cookie guard_check_icall try_get_function"
00488ce8,___acrt_RoInitialize@4,82,1,"__security_check_cookie guard_check_icall try_get_function"
00488d3a,___acrt_RoUninitialize@0,73,0,"__security_check_cookie guard_check_icall try_get_function"
00488da9,___acrt_is_packaged_app,135,1,"__security_check_cookie guard_check_icall try_get_function"
00488e30,___acrt_uninitialize_winapi_thunks,54,1,"FreeLibrary"
00488e66,___acrt_copy_path_to_wide_string,199,2,"FID_conflict:_free FUN_00485345 GetLastError MultiByteToWideChar ___acrt_AreFileApisANSI@0 ___acrt_errno_map_os_error __errno __malloc_base"
00488f2d,__wmkdir,42,1,"CreateDirectoryW GetLastError ___acrt_errno_map_os_error"
00488f57,___pctype_func,38,0,"FUN_0048787e ___acrt_update_locale_info"
00488f7d,__isctype_l,210,3,"_LocaleUpdate ___acrt_GetStringTypeA __isleadbyte_l __security_check_cookie"
0048904f,FUN_0048904f,11,0,"__getfpcontrolword"
0048905a,initialize,49,2,""
0048908b,initialize,49,2,""
004890f3,FUN_004890f3,6,0,""
004890f9,FUN_004890f9,6,0,""
004890ff,FUN_004890ff,6,0,""
00489105,FUN_00489105,6,0,""
0048910b,FUN_0048910b,44,1,"FUN_00485345 __errno"
00489137,FUN_00489137,44,1,"FUN_00485345 __errno"
00489163,FUN_00489163,44,1,"FUN_00485345 __errno"
0048918f,__crt_time_elapsed_leap_years<int>,58,1,""
004891c9,__crt_time_is_leap_year<int>,65,1,""
0048920a,common_gmtime_s<__int64>,333,2,"FUN_00485345 __alldiv __errno compute_year"
00489357,compute_year,164,2,"__alldiv __crt_time_elapsed_leap_years<int> __crt_time_is_leap_year<int>"
004893fb,___getgmtimebuf,62,0,"FID_conflict:_free ___acrt_getptd_noexit __errno __malloc_base"
00489439,FUN_00489439,11,2,"common_gmtime_s<__int64>"
00489444,FUN_00489444,486,1,"FUN_0048910b FUN_0048962b __invoke_watson"
0048962b,FUN_0048962b,335,11,"FUN_00489137 __crt_time_elapsed_leap_years<int> __crt_time_is_leap_year<int> __invoke_watson"
0048977b,FUN_0048977b,468,1,"FID_conflict:_atoi FID_conflict:_free FUN_004890f3 FUN_004890ff FUN_00489105 FUN_0048910b FUN_00489163 FUN_0048e477 __invoke_watson __malloc_base _strcpy_s"
00489950,FUN_00489950,346,0,"FID_conflict:_free FUN_004890f3 FUN_004890f9 FUN_004890ff FUN_00489105 FUN_0048910b FUN_00489137 FUN_00489163 GetTimeZoneInformation WideCharToMultiByte ____lc_codepage_func __invoke_watson"
00489aab,tzset_nolock,224,0,"FID_conflict:_free FUN_0048977b FUN_00489950 FUN_0048e3bb __malloc_base __security_check_cookie"
00489b8b,___tzset,72,0,"FUN_00489bd3 __SEH_epilog4 __SEH_prolog4 ___acrt_lock tzset_nolock"
00489bd3,FUN_00489bd3,9,0,"___acrt_unlock"
00489bdc,__isindst,62,1,"FUN_00489444 FUN_00489c1d __SEH_epilog4 __SEH_prolog4 ___acrt_lock"
00489c1d,FUN_00489c1d,9,0,"___acrt_unlock"
00489c26,FID_conflict:__wrmdir,40,1,"DeleteFileW GetLastError ___acrt_errno_map_os_error"
00489c4e,__wrename,45,2,"GetLastError MoveFileExW ___acrt_errno_map_os_error"
00489cbc,___acrt_lock,23,1,"EnterCriticalSection"
00489cd3,FUN_00489cd3,49,0,"DeleteCriticalSection"
00489d04,___acrt_unlock,23,1,"LeaveCriticalSection"
00489d1b,FUN_00489d1b,24,2,""
00489d33,FUN_00489d33,399,2,"FID_conflict:_free FUN_00485345 FUN_00489ec3 FUN_0048e477 ___acrt_allocate_buffer_for_argv __errno __invoke_watson _strpbrk expand_argument_wildcards<> ~argument_list<>"
00489ec3,FUN_00489ec3,149,4,"FID_conflict:_free FUN_0048e477 __calloc_base __invoke_watson append"
00489f59,expand_argument_wildcards<>,388,3,"FUN_00489ec3 FindClose FindFirstFileExA FindNextFileA __mbsdec __security_check_cookie _memset _qsort"
0048a0dd,~argument_list<>,37,1,"FID_conflict:_free"
0048a102,append,53,2,"FID_conflict:_free expand_if_necessary"
0048a137,expand_if_necessary,135,1,"FID_conflict:_free FUN_0048ae67 __calloc_base"
0048a1be,FUN_0048a1be,11,2,"FUN_00489d33"
0048a1c9,operator()<<lambda_978dc153c237d78434369da87b74ff60>,<lambda_ad1ced32f4ac17aa236e5ef05d6b3b7c>&,<lambda_4a8533e2866a575feecb8298ce776b0d>_>,55,4,"FUN_0048a200 __SEH_epilog4 __SEH_prolog4 ___acrt_lock operator()"
0048a200,FUN_0048a200,12,0,"___acrt_unlock"
0048a20c,__acrt_lock_and_call<<lambda_ad1ced32f4ac17aa236e5ef05d6b3b7c>_>,40,2,"operator()<<lambda_978dc153c237d78434369da87b74ff60>,<lambda_ad1ced32f4ac17aa236e5ef05d6b3b7c>&,<lambda_4a8533e2866a575feecb8298ce776b0d>_>"
0048a234,operator(),196,1,"FID_conflict:_free _memcpy_s"
0048a2f8,CPtoLocaleName,62,1,""
0048a336,getSystemCP,115,1,"GetACP GetOEMCP _LocaleUpdate"
0048a3a9,setSBCS,101,1,"_memset"
0048a40e,setSBUpLow,404,1,"GetCPInfo ___acrt_GetStringTypeA ___acrt_LCMapStringA __security_check_cookie"
0048a5a2,setmbcp_internal,257,2,"FID_conflict:_free FUN_0048787e ___acrt_set_locale_changed ___acrt_update_thread_multibyte_data __acrt_lock_and_call<<lambda_ad1ced32f4ac17aa236e5ef05d6b3b7c>_> __errno __malloc_base __setmbcp_nolock getSystemCP"
0048a6a3,___acrt_initialize_multibyte,30,0,"setmbcp_internal"
0048a6c1,___acrt_update_thread_multibyte_data,150,0,"FID_conflict:_free FUN_0048787e FUN_0048a752 __SEH_epilog4 __SEH_prolog4 ___acrt_lock _abort"
0048a752,FUN_0048a752,9,0,"___acrt_unlock"
0048a763,__setmbcp_nolock,497,2,"CPtoLocaleName GetCPInfo IsValidCodePage __security_check_cookie _memset getSystemCP setSBCS setSBUpLow"
0048a954,_memcpy_s,129,4,"FUN_0047dde0 FUN_00485345 __errno _memset"
0048a9d5,x_ismbbtype_l,89,4,"_LocaleUpdate"
0048aa2e,__ismbblead,24,1,"x_ismbbtype_l"
0048aa62,find_end_of_double_null_terminated_sequence,55,1,""
0048aa99,___dcrt_get_narrow_environment_from_os,131,0,"FID_conflict:_free FreeEnvironmentStringsW GetEnvironmentStringsW WideCharToMultiByte __malloc_base find_end_of_double_null_terminated_sequence"
0048ab1c,FUN_0048ab1c,570,2,"FID_conflict:_free FUN_0047bdd0 FUN_0048ad57 FUN_0048ae67 SetEnvironmentVariableA __calloc_base __errno __invoke_watson _strcpy_s common_get_or_create_environment_nolock<char> find_in_environment_nolock<char>"
0048ad57,FUN_0048ad57,176,1,"FID_conflict:_free __calloc_base __invoke_watson _abort _strcpy_s"
0048ae08,find_in_environment_nolock<char>,84,2,"__strnicoll"
0048ae5c,FUN_0048ae5c,11,2,"FUN_0048ab1c"
0048ae67,FUN_0048ae67,11,3,"__recalloc_base"
0048ae72,__recalloc_base,109,3,"FID_conflict:__msize_base __errno __realloc_base _memset"
0048aefa,___acrt_execute_initializers,131,2,"__security_check_cookie guard_check_icall"
0048af7d,___acrt_execute_uninitializers,77,2,"__security_check_cookie guard_check_icall"
0048afca,operator()<>,75,1,"FUN_0048b018 __SEH_epilog4 __SEH_prolog4 ___acrt_lock"
0048b018,FUN_0048b018,12,0,"___acrt_unlock"
0048b024,__acrt_lock_and_call<<lambda_ec61778202f4f5fc7e7711acc23c3bca>_>,40,2,"operator()<>"
0048b04c,get_global_action_nolock,66,1,""
0048b08e,initialize,49,2,""
0048b0bf,siglookup,40,2,""
0048b0e7,___acrt_get_sigabrt_handler,23,0,"__acrt_lock_and_call<<lambda_ec61778202f4f5fc7e7711acc23c3bca>_>"
0048b0fe,___acrt_initialize_signal_handlers,59,1,"initialize"
0048b139,FUN_0048b139,9,0,"FUN_0048787e"
0048b142,_raise,490,1,"FUN_00485345 FUN_0048787e FUN_0048b139 FUN_0048b302 FUN_00491b89 __SEH_prolog4_GS ___acrt_getptd_noexit ___acrt_lock ___acrt_unlock __errno __exit get_global_action_nolock guard_check_icall siglookup"
0048b302,FUN_0048b302,15,0,"___acrt_unlock"
0048b34a,___acrt_lowio_create_handle_array,122,0,"FID_conflict:_free ___acrt_InitializeCriticalSectionEx@12 __calloc_base"
0048b3c4,___acrt_lowio_destroy_handle_array,53,1,"DeleteCriticalSection FID_conflict:_free"
0048b3f9,___acrt_lowio_ensure_fh_exists,140,1,"FUN_00485345 FUN_0048b488 __SEH_epilog4 __SEH_prolog4 ___acrt_lock ___acrt_lowio_create_handle_array __errno"
0048b488,FUN_0048b488,9,0,"___acrt_unlock"
0048b491,___acrt_lowio_lock_fh,35,1,"EnterCriticalSection"
0048b4b4,___acrt_lowio_unlock_fh,35,1,"LeaveCriticalSection"
0048b4d7,__free_osfhnd,145,1,"FUN_004865cd SetStdHandle ___doserrno __errno"
0048b568,__get_osfhandle,106,1,"FUN_00485345 ___doserrno __errno"
0048b5d2,____lc_codepage_func,39,0,"FUN_0048787e ___acrt_update_locale_info"
0048b5f9,___acrt_locale_free_monetary,254,1,"FID_conflict:_free"
0048b6f7,___acrt_locale_free_numeric,105,1,"FID_conflict:_free"
0048b760,free_crt_array_internal,60,2,"FID_conflict:_free"
0048b79c,___acrt_locale_free_time,228,1,"FID_conflict:_free free_crt_array_internal"
0048b880,___acrt_GetStringTypeA,285,7,"GetStringTypeW MultiByteToWideChar _LocaleUpdate __alloca_probe_16 __freea_crt __malloc_base __security_check_cookie _memset"
0048b99d,__freea_crt,32,1,"FID_conflict:_free"
0048b9bd,___acrt_add_locale_ref,125,1,"___acrt_locale_add_lc_time_reference"
0048ba3a,___acrt_free_locale,330,1,"FID_conflict:_free ___acrt_locale_free_lc_time_if_unreferenced ___acrt_locale_free_monetary ___acrt_locale_free_numeric"
0048bb84,___acrt_locale_add_lc_time_reference,41,1,""
0048bbad,___acrt_locale_free_lc_time_if_unreferenced,48,1,"FID_conflict:_free ___acrt_locale_free_time"
0048bbdd,___acrt_locale_release_lc_time_reference,41,1,""
0048bc06,___acrt_release_locale_ref,129,1,"___acrt_locale_release_lc_time_reference"
0048bc87,FUN_0048bc87,107,0,"FUN_0048787e FUN_0048bced __SEH_epilog4 __SEH_prolog4 ___acrt_lock __updatetlocinfoEx_nolock _abort"
0048bced,FUN_0048bced,9,0,"___acrt_unlock"
0048bcfe,__updatetlocinfoEx_nolock,80,2,"___acrt_add_locale_ref ___acrt_free_locale ___acrt_release_locale_ref"
0048bd4e,___hw_cw_sse2,171,1,""
0048bdf9,__clearfp,222,0,""
0048bed7,__control87,770,2,"___hw_cw_sse2 ___set_fpsr_sse2 __hw_cw"
0048c1d9,__hw_cw,153,1,""
0048c272,__isleadbyte_l,57,2,"_LocaleUpdate"
0048c2ab,__acrt_LCMapStringA_stat,541,9,"MultiByteToWideChar WideCharToMultiByte ___acrt_LCMapStringEx@36 ___strncnt __alloca_probe_16 __freea_crt __malloc_base __security_check_cookie"
0048c4c8,___acrt_LCMapStringA,75,9,"_LocaleUpdate __acrt_LCMapStringA_stat"
0048c513,___acrt_fp_strflt_to_string,188,4,"FUN_0047d860 FUN_00485345 __errno"
0048c5cf,scoped_fp_state_reset,42,1,"fegetenv feholdexcept"
0048c5f9,FUN_0048c5f9,5019,6,"FUN_0047dde0 FUN_0048edd0 FUN_0048eee0 FUN_00491ea0 __acrt_fp_classify __allshl __invoke_watson __security_check_cookie _memcpy_s _memset _strcpy_s divide fesetenv scoped_fp_state_reset"
0048d995,_memcpy_s,129,4,"FUN_0047dde0 FUN_00485345 __errno _memset"
0048da16,FUN_0048da16,151,0,"DeleteCriticalSection FID_conflict:_free FUN_0048daad FUN_0048f993 __SEH_epilog4 __SEH_prolog4 ___acrt_lock"
0048daad,FUN_0048daad,9,0,"___acrt_unlock"
0048dab6,___acrt_stdio_flush_nolock,102,1,"__fileno __write"
0048db1c,__fflush_nolock,71,1,"___acrt_stdio_flush_nolock __commit __fileno common_flush_all"
0048db63,FUN_0048db63,9,0,"common_flush_all"
0048db6c,common_flush_all,188,1,"FUN_0048dc11 FUN_0048dc3b __SEH_epilog4 __SEH_prolog4 ___acrt_lock __fflush_nolock __lock_file"
0048dc11,FUN_0048dc11,10,0,"FUN_0048858a"
0048dc3b,FUN_0048dc3b,9,0,"___acrt_unlock"
0048dc44,___acrt_stdio_free_buffer_nolock,62,1,"FID_conflict:_free"
0048dc82,__isatty,86,1,"FUN_00485345 __errno"
0048dcd8,GetTableIndexFromLocaleName,188,1,""
0048dd94,___acrt_DownlevelLocaleNameToLCID,44,1,"GetTableIndexFromLocaleName"
0048ddc0,___get_abstract_control_sse2,125,1,""
0048de3d,___get_abstract_control_x87,115,1,""
0048deb0,___get_machine_control,113,1,""
0048df21,___get_machine_control_sse2,128,1,""
0048dfa1,___get_machine_status_sse2,97,1,""
0048e002,___get_machine_status_x87,97,1,""
0048e063,__getfpcontrolword,67,0,"___get_abstract_control_sse2 ___get_abstract_control_x87"
0048e0a6,__getfpstatusword,168,0,""
0048e14e,__setfpcontrolword,128,1,"___get_machine_control ___get_machine_control_sse2"
0048e1ce,__setfpstatusword,128,1,"___get_machine_status_sse2 ___get_machine_status_x87"
0048e24e,common_getenv_nolock<char>,112,1,"__strnicoll common_get_or_create_environment_nolock<char>"
0048e2be,common_getenv_s<>,73,4,"FUN_0048e30a FUN_0048e313 __SEH_epilog4 __SEH_prolog4 ___acrt_lock"
0048e30a,FUN_0048e30a,9,0,"___acrt_unlock"
0048e313,FUN_0048e313,167,4,"FUN_00485345 __errno __invoke_watson _strcpy_s common_getenv_nolock<char>"
0048e3bb,FUN_0048e3bb,11,4,"common_getenv_s<>"
0048e3c6,common_tcsncpy_s<char>,177,4,"FUN_00485345 __errno"
0048e477,FUN_0048e477,11,4,"common_tcsncpy_s<char>"
0048e490,shortsort,147,4,"__security_check_cookie guard_check_icall"
0048e530,swap,57,3,""
0048e570,_qsort,916,4,"FUN_00485345 __errno __security_check_cookie guard_check_icall shortsort swap"
0048e910,_strpbrk,64,2,""
0048e950,__mbsdec,23,2,"__mbsdec_l"
0048e967,__mbsdec_l,141,3,"FUN_00485345 _LocaleUpdate __errno"
0048ea03,__strnicoll,41,3,"__strnicmp __strnicoll_l"
0048ea2c,__strnicoll_l,202,4,"FUN_00485345 _LocaleUpdate ___acrt_CompareStringA __errno __strnicmp_l"
0048eaf6,FID_conflict:__msize_base,51,1,"FUN_00485345 HeapSize __errno"
0048eb29,__realloc_base,105,2,"FID_conflict:_free FUN_004868ad HeapReAlloc __callnewh __errno __malloc_base"
0048eb92,___set_fpsr_sse2,72,1,"__SEH_epilog4 __SEH_prolog4"
0048ec08,__clrfp,19,0,""
0048ec1b,__ctrlfp,44,0,""
0048ec47,FUN_0048ec47,91,0,""
0048eca2,__statfp,18,0,""
0048ecb4,___strncnt,28,2,""
0048ecd0,fegetenv,29,1,"__getfpcontrolword __getfpstatusword"
0048eced,fesetenv,73,1,"__setfpcontrolword __setfpstatusword fegetenv"
0048ed36,feholdexcept,79,1,"__clearfp fegetenv fesetenv"
0048edd0,FUN_0048edd0,79,0,"FUN_0048ee28 FUN_0048ff70 FUN_00490688"
0048ee28,FUN_0048ee28,197,2,"FUN_0049062c __math_exit __startOneArgErrorHandling"
0048eee0,FUN_0048eee0,470,1,"FUN_00491001 ___libm_error_support __ctrlfp __except1 __sptype"
0048effd,write_double_translated_ansi_nolock,435,3,"GetConsoleCP GetLastError WideCharToMultiByte WriteFile ___pctype_func __security_check_cookie _mbtowc"
0048f1b0,write_double_translated_unicode_nolock,109,2,"GetLastError __putwch_nolock"
0048f21d,write_requires_double_translation_nolock,118,1,"FUN_0048787e GetConsoleMode __isatty"
0048f293,write_text_ansi_nolock,223,3,"GetLastError WriteFile __alloca_probe __security_check_cookie"
0048f372,write_text_utf16le_nolock,238,3,"GetLastError WriteFile __alloca_probe __security_check_cookie"
0048f460,write_text_utf8_nolock,301,3,"GetLastError WideCharToMultiByte WriteFile __alloca_probe __security_check_cookie"
0048f58d,__write,221,3,"FUN_00485345 FUN_0048f64f __SEH_epilog4 __SEH_prolog4 ___acrt_lowio_lock_fh ___doserrno __errno __write_nolock"
0048f64f,FUN_0048f64f,8,0,"___acrt_lowio_unlock_fh"
0048f678,__write_nolock,524,3,"FUN_00485345 GetLastError WriteFile ___acrt_errno_map_os_error ___doserrno __errno __lseeki64_nolock __security_check_cookie write_double_translated_ansi_nolock write_double_translated_unicode_nolock write_requires_double_translation_nolock write_text_ansi_nolock write_text_utf16le_nolock write_text_utf8_nolock"
0048f884,common_lseek_nolock<__int64>,126,3,"GetLastError SetFilePointerEx ___acrt_errno_map_os_error __errno __get_osfhandle"
0048f902,__lseeki64_nolock,27,3,"common_lseek_nolock<__int64>"
0048f91d,__fclose_nolock,118,1,"FID_conflict:_free FUN_00485345 ___acrt_stdio_flush_nolock ___acrt_stdio_free_buffer_nolock __acrt_stdio_free_stream __close __errno __fileno"
0048f993,FUN_0048f993,115,1,"FUN_00485345 FUN_0048fa09 __SEH_epilog4 __SEH_prolog4 __acrt_stdio_free_stream __errno __fclose_nolock __lock_file"
0048fa09,FUN_0048fa09,10,0,"FUN_0048858a"
0048fa13,operator()<>,137,2,"FUN_0048fa9f FlushFileBuffers GetLastError __SEH_epilog4 __SEH_prolog4 ___acrt_lowio_lock_fh ___doserrno __errno __get_osfhandle"
0048fa9f,FUN_0048fa9f,12,0,"___acrt_lowio_unlock_fh"
0048faab,__acrt_lowio_lock_fh_and_call<<lambda_6978c1fb23f02e42e1d9e99668cc68aa>_>,40,2,"operator()<>"
0048fad3,__commit,111,1,"FUN_00485345 __acrt_lowio_lock_fh_and_call<<lambda_6978c1fb23f02e42e1d9e99668cc68aa>_> __errno"
0048fb42,__strnicmp,108,3,"FUN_00485345 ___ascii_strnicmp __errno __strnicmp_l"
0048fbae,__strnicmp_l,183,4,"FUN_00485345 _LocaleUpdate ___ascii_strnicmp __errno __tolower_l"
0048fc65,InternalCompareStringA,680,8,"GetCPInfo MultiByteToWideChar ___acrt_CompareStringEx@36 ___strncnt __alloca_probe_16 __freea_crt __malloc_base __security_check_cookie"
0048ff0d,___acrt_CompareStringA,72,8,"InternalCompareStringA _LocaleUpdate"
0048ff70,FUN_0048ff70,24,0,"FUN_0048ff8e"
0048ff8e,FUN_0048ff8e,614,1,"___libm_error_support"
00490400,__trandisp1,103,2,""
00490467,__trandisp2,140,2,""
004905ed,FUN_004905ed,7,0,""
00490615,FUN_00490615,23,0,""
0049062c,FUN_0049062c,25,0,""
00490645,__fload_withFB,67,2,""
00490688,FUN_00490688,22,2,""
004906ab,__math_exit,42,5,"__startOneArgErrorHandling"
00490790,FUN_00490790,23,8,""
004907a7,__startOneArgErrorHandling,60,6,"__87except"
004907e3,___libm_error_support,536,4,"DecodePointer __errno __security_check_cookie guard_check_icall"
00490ab4,__putwch_nolock,69,1,"WriteConsoleW ___dcrt_lowio_initialize_console_output"
00490af9,operator()<>,115,2,"FUN_00490b6f __SEH_epilog4 __SEH_prolog4 ___acrt_lowio_lock_fh __close_nolock __errno"
00490b6f,FUN_00490b6f,12,0,"___acrt_lowio_unlock_fh"
00490b7b,__acrt_lowio_lock_fh_and_call<<lambda_2fe9b910cf3cbf4a0ab98a02ba45b3ec>_>,40,2,"operator()<>"
00490ba3,__close,127,1,"FUN_00485345 ___doserrno __acrt_lowio_lock_fh_and_call<<lambda_2fe9b910cf3cbf4a0ab98a02ba45b3ec>_> __errno"
00490c22,__close_nolock,156,1,"CloseHandle GetLastError ___acrt_errno_map_os_error __free_osfhnd __get_osfhandle"
00490cbe,__acrt_stdio_free_stream,59,1,""
00490d00,___ascii_strnicmp,97,3,""
00490d61,FUN_00490d61,106,1,"FUN_00491001 __fpclass"
00490dcb,FUN_00490dcb,299,5,"FUN_00490d61"
00490ef6,__87except,267,3,"___acrt_has_user_matherr ___acrt_invoke_user_matherr __ctrlfp __handle_exc __raise_exc __security_check_cookie __set_errno_from_matherr"
00491001,FUN_00491001,22,1,""
00491017,__errcode,52,1,""
0049104b,__except1,206,5,"___acrt_has_user_matherr __ctrlfp __errcode __handle_exc __raise_exc_ex __security_check_cookie __set_errno_from_matherr __umatherr"
00491119,__handle_exc,480,3,"FUN_0048ec47 FUN_004916de"
004912f9,__raise_exc,35,6,"__raise_exc_ex"
0049131c,__raise_exc_ex,753,7,"RaiseException __clrfp __statfp"
0049160d,__set_errno_from_matherr,47,1,"__errno"
0049163c,__umatherr,162,8,"___acrt_invoke_user_matherr __ctrlfp __set_errno_from_matherr"
004916de,FUN_004916de,212,3,"__set_exp"
004917b2,__set_exp,47,2,""
004917e1,__sptype,94,2,""
0049183f,___dcrt_lowio_initialize_console_output,31,0,"CreateFileW"
00491875,__fpclass,164,1,"__sptype"
00491919,IsProcessorFeaturePresent,6,1,""
00491920,__FindPESection,67,2,""
00491970,__IsNonwritableInCurrentImage,164,1,"__FindPESection __ValidateImageBase"
00491a30,__ValidateImageBase,51,1,""
00491a63,__EH_prolog3_catch,55,1,""
00491aa0,__aulldvrm,149,4,""
00491b40,__SEH_prolog4_GS,73,2,""
00491b89,FUN_00491b89,17,0,"__SEH_epilog4 __security_check_cookie"
00491ba0,__alldvrm,223,4,""
00491c80,__allmul,52,4,""
00491cc0,__allshl,31,2,""
00491ce0,__aullshr,31,2,""
00491d00,__alldiv,170,4,""
00491db0,__allrem,178,4,""
00491e70,__alloca_probe_16,22,0,"__alloca_probe"
00491e86,__alloca_probe_8,22,0,"__alloca_probe"
00491ea0,FUN_00491ea0,145,2,""
00491f60,__alloca_probe,45,0,""
0049212d,FUN_0049212d,68,2,"__except1"
00492180,FUN_00492180,619,0,"FUN_0049212d"
004922e0,FUN_004922e0,39,0,""
0049231a,FUN_0049231a,10,1,"__cintrindisp2"
0049233a,FUN_0049233a,10,1,"__cintrindisp2"
00492360,FUN_00492360,1311,1,"FUN_0049373f ___libm_error_support"
00492880,FUN_00492880,747,1,"FUN_0049388f"
00492b70,FUN_00492b70,440,1,"FUN_004939af"
00492d30,FUN_00492d30,453,1,"FUN_00493adf"
00492f00,__libm_sse2_sqrt_precise,254,1,"FUN_00493b94 ___libm_error_support"
00493000,FUN_00493000,605,1,"FUN_00493ccf"
00493270,FUN_00493270,438,1,"FUN_00491001 __ctrlfp __except1 __sptype"
004933dc,FUN_004933dc,9,0,""
00493420,__cintrindisp2,68,2,"FUN_004934ef ___acrt_has_user_matherr __trandisp2"
00493464,__cintrindisp1,67,2,"FUN_004934ef ___acrt_has_user_matherr __trandisp1"
004934a7,__ctrandisp2,65,4,"FUN_004934e8 __fload __trandisp2"
004934e8,FUN_004934e8,7,0,""
004934ef,FUN_004934ef,327,0,"__87except"
00493636,__ctrandisp1,51,2,"FUN_004934e8 __fload __trandisp1"
00493669,__fload,60,2,""
0049373f,FUN_0049373f,183,3,"FUN_00490615 FUN_0049062c __fload_withFB __math_exit __startOneArgErrorHandling"
0049388f,FUN_0049388f,134,3,"FUN_0049062c __fload_withFB __math_exit __startOneArgErrorHandling"
004939af,FUN_004939af,147,3,"__fload_withFB __math_exit __startOneArgErrorHandling"
00493adf,FUN_00493adf,147,3,"__fload_withFB __math_exit __startOneArgErrorHandling"
00493b80,FUN_00493b80,20,0,"FUN_00490688 FUN_00493b9d"
00493b94,FUN_00493b94,9,3,"__fload_withFB"
00493b9d,FUN_00493b9d,157,2,"FUN_00490615 FUN_0049062c __math_exit __startOneArgErrorHandling"
00493ccf,FUN_00493ccf,151,3,"__fload_withFB __math_exit __startOneArgErrorHandling"
00493e20,FUN_00493e20,24,0,"FUN_00493e3e"
00493e3e,FUN_00493e3e,1334,1,"___libm_error_support"
00494380,FUN_00494380,24,0,"FUN_0049439e"
0049439e,FUN_0049439e,681,1,""
00494650,FUN_00494650,24,1,"FUN_0049466e"
0049466e,FUN_0049466e,395,3,"FUN_004939af"
00494800,FUN_00494800,24,1,"FUN_0049481e"
0049481e,FUN_0049481e,425,3,"FUN_00493adf"
004949d0,FUN_004949d0,24,1,"FUN_004949ee"
004949ee,FUN_004949ee,564,3,"FUN_00493ccf"
00494cb0,Unwind@00494cb0,18,0,"FUN_0047a7bd"
00494cc2,Unwind@00494cc2,11,0,"FUN_00409340"
00494ccd,Unwind@00494ccd,14,0,"FUN_00409340"
00494d00,Unwind@00494d00,15,0,"FUN_0047a7bd"
00494d0f,Unwind@00494d0f,15,0,"FUN_0047a7bd"
00494d60,Unwind@00494d60,18,0,"FUN_0047a7bd"
00494d72,Unwind@00494d72,30,0,"FUN_0047aaed"
00494e50,Unwind@00494e50,18,0,"FUN_0047a7bd"
00494ed0,Unwind@00494ed0,21,0,"FUN_0047a7bd"
00494f50,Unwind@00494f50,18,0,"FUN_0047a7bd"
00494fe0,Unwind@00494fe0,18,0,"FUN_0047a7bd"
00495030,Unwind@00495030,18,0,"FUN_0047a7bd"
00495042,Unwind@00495042,25,0,"FUN_0047aaed"
00495100,Unwind@00495100,45,0,"FUN_0047af42"
004951c0,Unwind@004951c0,8,0,"FUN_00402ab0"
004951c8,Unwind@004951c8,30,0,"FUN_0047aaed"
004951e6,Unwind@004951e6,30,0,"FUN_0047aaed"
00495204,Unwind@00495204,14,0,"FUN_00409040"
00495212,Unwind@00495212,27,0,"FUN_0047aaed"
00495250,Unwind@00495250,18,0,"FUN_0047a7bd"
00495290,Unwind@00495290,18,0,"FUN_0047a7bd"
00495340,FUN_00495340,1,0,""
00495350,FUN_00495350,1,0,""
00495360,FUN_00495360,20,0,"FUN_00402ac0"
00495380,FUN_00495380,20,0,"FUN_0047aaed"
004953a0,FUN_004953a0,20,0,"FUN_00402ac0"
004953c0,thunk_FUN_0045dde0,5,0,"FUN_0045dde0"
004953d0,FUN_004953d0,20,0,"FUN_00402ac0"
004953f0,FUN_004953f0,10,0,"FUN_00463490"
