entry,name,size,params,callees
00401000,FUN_00401000,91,5,""
00401060,FUN_00401060,12,1,""
00401070,FUN_00401070,12,1,""
00401080,FUN_00401080,12,1,""
00401090,FUN_00401090,25,1,""
004010b0,FUN_004010b0,26,4,""
004010d0,FUN_004010d0,38,2,""
00401100,FUN_00401100,54,3,"FUN_004010b0"
00401140,FUN_00401140,54,3,"FUN_004010b0"
00401180,FUN_00401180,52,3,"FUN_004010b0"
004011c0,FUN_004011c0,11,1,""
004011d0,FUN_004011d0,181,1,"FUN_00436f30"
00401290,FUN_00401290,40,1,"FUN_00401080"
004012c0,FUN_004012c0,31,0,""
004012e0,FUN_004012e0,21,2,""
00401300,FUN_00401300,57,1,""
00401340,FUN_00401340,19,1,"_malloc"
00401360,FUN_00401360,19,1,"_free"
00401380,FUN_00401380,10,1,""
00401390,FUN_00401390,71,2,"FUN_004306b0"
004013e0,FUN_004013e0,42,1,"FUN_00430590"
00401410,FUN_00401410,42,1,"FUN_004306b0"
00401440,FUN_00401440,26,2,""
00401460,FUN_00401460,13,1,""
00401470,FUN_00401470,38,4,""
004014a0,FUN_004014a0,15,1,""
004014b0,FUN_004014b0,28,1,"FUN_0042f4f0"
004014d0,FUN_004014d0,25,2,""
004014f0,FUN_004014f0,4,1,""
00401500,FUN_00401500,9,2,"FUN_004014d0"
00401510,FUN_00401510,8,1,"FUN_004014b0"
00401520,FUN_00401520,20,2,""
00401540,FUN_00401540,20,2,""
00401560,FUN_00401560,134,3,"FUN_004010b0 FUN_004395a0"
004015f0,FUN_004015f0,11,1,""
00401600,FUN_00401600,16,2,""
00401610,FUN_00401610,14,1,""
00401620,FUN_00401620,19,2,""
00401640,FUN_00401640,27,2,"FUN_004396a0 FUN_0043ab50"
00401660,FUN_00401660,20,2,""
00401680,FUN_00401680,46,2,""
004016b0,FUN_004016b0,46,2,""
004016e0,FUN_004016e0,423,5,"FUN_00401000 FUN_00401100 FUN_00401140 FUN_00401180 FUN_004014f0 FUN_00401500 FUN_00401510 FUN_00401540"
004018a0,FUN_004018a0,79,1,"FUN_00401500"
004018f0,FUN_004018f0,2472,1,"FUN_00401060 FUN_00401070 FUN_004014f0 FUN_00401500 FUN_00401510 FUN_00401520 FUN_00401540 FUN_00401560 FUN_004016e0 FUN_0047b1d4 thunk_FUN_0044e816"
00402350,FUN_00402350,377,1,"FUN_004011d0 FUN_00401440 FUN_00401510 FUN_004018a0 FUN_004018f0 FUN_00436f30"
004024d0,FUN_004024d0,85,1,"FUN_00401360 FUN_00415cf0 FUN_0043ca30"
00402530,FUN_00402530,59,1,"FUN_0042c8c0 _free"
00402570,FUN_00402570,314,2,"FUN_00401340 FUN_00401560 FUN_0042c5c0 FUN_0042c970"
004026c0,FUN_004026c0,3274,2,"FUN_00401080 FUN_004010b0 FUN_004010d0 FUN_00401100 FUN_00401140 FUN_00401290 FUN_004012c0 FUN_004012e0 FUN_00401300 FUN_00401410 FUN_00401460 FUN_00401470 FUN_004015f0 FUN_00401600 FUN_0042fec0 FUN_0042ff00 FUN_004343d0 FUN_0043afe0 FUN_0043b1a0 FUN_0043b5c0 FUN_0047b1d4 thunk_FUN_0044e816 thunk_FUN_0044eba6"
00403390,FUN_00403390,12,1,"FUN_004014a0"
004033a0,FUN_004033a0,62,1,"FUN_00401470 FUN_00403390"
004033e0,FUN_004033e0,671,1,"FUN_00401090 FUN_00401390 FUN_00401460 FUN_004015f0 FUN_00401610 FUN_00401620 FUN_00401640 FUN_00401680 FUN_004026c0 FUN_00422960 FUN_0042fec0 FUN_0042ff00 FUN_0042ff40 FUN_004396a0"
00403680,FUN_00403680,421,1,"FUN_00401390 FUN_004013e0 FUN_00401460 FUN_00401600 FUN_00401610 FUN_00401620 FUN_00401640 FUN_00401680 FUN_004016b0 FUN_004026c0 FUN_0042ff00 FUN_0042ff40 FUN_004396a0"
00403830,FUN_00403830,475,1,"FUN_004011c0 FUN_00401500 FUN_00401660 FUN_00402570 FUN_0043c7a0"
00403a10,FUN_00403a10,45,1,"FUN_00403390 FUN_004033a0"
00403a40,FUN_00403a40,160,1,"FUN_00401470 FUN_00403390 FUN_00403a10"
00403ae0,FUN_00403ae0,307,1,"FUN_00401380 FUN_00403a40 FUN_0042b1e0 FUN_0042b270 FUN_0042b300 operator_new"
00403c20,FUN_00403c20,12,2,""
00403c30,FUN_00403c30,91,1,"FUN_00401500 FUN_00403c20 FUN_0040cc00 FUN_0041cfe0 FUN_0041d0d0"
00403c90,FUN_00403c90,91,1,"FUN_00401500 FUN_00403c20 FUN_0040cc00 FUN_0041cfe0 FUN_0041d0d0"
00403cf0,FUN_00403cf0,100,1,"FUN_00401500 FUN_00403c20 FUN_0040cc00 FUN_0041cfe0 FUN_0041d0d0"
00403d60,FUN_00403d60,31,0,""
00403d80,FUN_00403d80,12,1,""
00403d90,FUN_00403d90,71,2,"FUN_00430590"
00403de0,FUN_00403de0,20,2,""
00403e00,FUN_00403e00,41,3,"FUN_004395a0"
00403e30,FUN_00403e30,27,2,""
00403e50,FUN_00403e50,923,5,"FUN_00401500 FUN_00401560 FUN_00403e00 FUN_00403e30 FUN_0040f7d0 FUN_00436ac0 FUN_0043e2f0"
004041f0,FUN_004041f0,536,1,"FUN_004011c0 FUN_00401510 FUN_00403de0 FUN_00403e00 FUN_00436ac0 FUN_00436f30 FUN_0043be50 FUN_0043e2f0"
00404410,FUN_00404410,334,1,"FUN_00401680 FUN_004016b0 FUN_00403d90 FUN_0043a950"
00404570,FUN_00404570,51,1,"FUN_00403d60 FUN_0042c8c0 _free"
004045b0,FUN_004045b0,66,1,"FUN_00401470 FUN_00403390"
00404600,FUN_00404600,264,1,"FUN_00401380 FUN_004045b0 FUN_0042b1e0 FUN_0042b270 FUN_0042b300 operator_new"
00404710,FUN_00404710,346,5,""
004048b0,FUN_004048b0,41,2,"FUN_0042ae20"
004048e0,FUN_004048e0,34,2,"FUN_0042ae50"
00404910,FUN_00404910,15,2,"FUN_0042ae70"
00404920,FUN_00404920,33,2,""
00404950,FUN_00404950,20,2,""
00404970,FUN_00404970,15,1,""
00404980,FUN_00404980,24,1,""
004049a0,FUN_004049a0,3231,1,"FUN_00401470 FUN_00401500 FUN_00401510 FUN_00403c20 FUN_00404710 FUN_004048b0 FUN_004048e0 FUN_00404910 FUN_00404920 FUN_00404950 FUN_00404970 FUN_00404980 FUN_00418950 FUN_0041a3c0 FUN_0041d810 FUN_00435ec0 FUN_00435f00"
00405650,FUN_00405650,8,0,"FUN_00412590"
00405660,FUN_00405660,154,2,"FUN_0042c5c0 FUN_0042c970"
00405700,FUN_00405700,15,2,""
00405710,FUN_00405710,18,1,"FUN_0047b73a"
00405730,FUN_00405730,36,2,""
00405760,FUN_00405760,1572,2,"FUN_00401140 FUN_00401290 FUN_0041bb70 FUN_0042ae50 FUN_0042ae70 FUN_0042aea0 FUN_0047b1d4"
00405f20,FUN_00405f20,491,4,""
00406200,FUN_00406200,15,2,"FUN_0042aea0"
00406210,FUN_00406210,702,4,"FUN_0047b1d4"
004065e0,FUN_004065e0,21,2,"FUN_0042f490"
00406600,FUN_00406600,19,2,"FUN_0042f490"
00406620,FUN_00406620,18,2,"FUN_00406600"
00406640,FUN_00406640,9,2,"FUN_00406600"
00406650,FUN_00406650,9,2,"FUN_0042f490"
00406660,FUN_00406660,9,2,"FUN_004065e0"
00406670,FUN_00406670,10,1,"FUN_00406620"
00406680,FUN_00406680,147,0,"FUN_00401360"
00406720,FUN_00406720,20,2,""
00406740,FUN_00406740,80,6,""
00406790,FUN_00406790,18,2,""
004067b0,FUN_004067b0,21,1,""
004067d0,FUN_004067d0,32,3,"FUN_00406790"
004067f0,FUN_004067f0,42,3,""
00406820,FUN_00406820,16,1,""
00406830,FUN_00406830,28,1,"FUN_00401360"
00406850,FUN_00406850,73,3,"FUN_00401500"
004068a0,FUN_004068a0,1633,2,"FUN_00401140 FUN_00401290 FUN_00404910 FUN_0041bb70 FUN_0042ae50 FUN_0042ae70 FUN_0042aea0 FUN_0047b1d4"
004070a0,FUN_004070a0,346,0,"FUN_00401060 FUN_00401070 FUN_00401500 FUN_00405760 FUN_004068a0 FUN_0042aed0"
00407200,FUN_00407200,288,1,"FUN_00401060 FUN_00401070 FUN_00401500 FUN_00405760 FUN_004068a0"
00407320,FUN_00407320,296,1,"FUN_004010b0 FUN_00401140 FUN_00401500 FUN_00405760 FUN_004068a0"
00407450,FUN_00407450,74,3,"FUN_00406210 FUN_004068a0"
004074a0,FUN_004074a0,188,3,"FUN_00406210 FUN_004068a0"
00407560,FUN_00407560,157,0,"FUN_00406210 FUN_004068a0"
00407600,FUN_00407600,255,0,"FUN_00401500 FUN_00405760 FUN_004068a0"
00407700,FUN_00407700,842,0,"FUN_00405760 FUN_004068a0"
00407a80,FUN_00407a80,149,1,"FUN_00406850"
00407b20,FUN_00407b20,261,0,"FUN_00403e00 FUN_00405760"
00407c30,FUN_00407c30,510,1,"FUN_00401500 FUN_00404910 FUN_00405760 FUN_004068a0 FUN_00407200 FUN_0042aed0 FUN_004343d0"
00407e30,FUN_00407e30,516,1,"FUN_00401500 FUN_004048e0 FUN_00404910 FUN_00405760 FUN_00406200 FUN_004068a0 FUN_00407200 FUN_0042aed0 FUN_004343d0"
00408040,FUN_00408040,315,0,"FUN_00401100 FUN_00405760 FUN_004068a0 FUN_004131c0"
00408180,FUN_00408180,967,0,"FUN_004010b0 FUN_00401100 FUN_00401140 FUN_00401180 FUN_004014f0 FUN_00403e00 FUN_00405700 FUN_00406660 FUN_00406670 FUN_00406720 FUN_00406820 FUN_0042aed0 FUN_004343d0 FUN_0043e2f0 FUN_00441890"
00408560,FUN_00408560,349,0,"FUN_00401500 FUN_00401510 FUN_00401520 FUN_00403e00 FUN_00408040"
004086c0,FUN_004086c0,14777,1,"FUN_00401060 FUN_00401070 FUN_00401080 FUN_004010b0 FUN_00401100 FUN_00401340 FUN_00401360 FUN_004014f0 FUN_00401500 FUN_00401520 FUN_00403e00 FUN_004048e0 FUN_00404910 FUN_00404950 FUN_00405650 FUN_00405700 FUN_00405710 FUN_00405730 FUN_00405760 FUN_00405f20 FUN_00406210 FUN_00406640 FUN_00406650 FUN_00406670 FUN_00406680 FUN_00406740 FUN_004067b0 FUN_004067d0 FUN_004067f0 FUN_00406850 FUN_004068a0 FUN_004070a0 FUN_00407320 FUN_00407560 FUN_00407600 FUN_00407700 FUN_00407a80 FUN_00407b20 FUN_00407c30 FUN_00407e30 FUN_00408040 FUN_00408180 FUN_00408560 FUN_0040cc00 FUN_0040ccc0 FUN_0040f340 FUN_0040f560 FUN_0040f640 FUN_004101d0 FUN_00412590 FUN_004125a0 FUN_004131c0 FUN_00413290 FUN_0041bb70 FUN_0042ae20 FUN_0042aed0 FUN_00435f00 FUN_00439cf0 FUN_0043e380"
0040c390,FUN_0040c390,41,1,""
0040c530,FUN_0040c530,563,1,"FUN_00406200 FUN_0040c390 FUN_00412680 FUN_004126b0 FUN_004126d0 FUN_00436ac0 FUN_0043e2f0"
0040c770,FUN_0040c770,70,1,"FUN_004151f0"
0040c7c0,FUN_0040c7c0,69,1,"FUN_004151f0"
0040c810,FUN_0040c810,69,1,"FUN_004151f0"
0040c860,FUN_0040c860,226,1,"FUN_00405730 FUN_004151f0 FUN_00441890"
0040c950,FUN_0040c950,14,1,""
0040c990,FUN_0040c990,194,1,"FUN_00401340 FUN_00401360"
0040ca60,FUN_0040ca60,407,6,"FUN_00401340 FUN_00401360 FUN_00403e00"
0040cc00,FUN_0040cc00,184,5,"FUN_004010b0 FUN_0040ca60"
0040ccc0,FUN_0040ccc0,175,6,"FUN_0040ca60"
0040cd70,FUN_0040cd70,85,5,"FUN_004010b0 FUN_0040ca60"
0040cdd0,FUN_0040cdd0,475,1,"FUN_00401360 FUN_00401440 FUN_00401510 FUN_00436f30"
0040cfb0,FUN_0040cfb0,183,1,"FUN_00401390 FUN_00401680 FUN_004016b0 FUN_00405730 FUN_0043ab50"
0040d110,FUN_0040d110,169,1,"FUN_00401680 FUN_004016b0 FUN_00405730 FUN_0043ab50"
0040d200,FUN_0040d200,123,1,"FUN_00401360"
0040d280,FUN_0040d280,51,1,"FUN_0040d200 FUN_0042c8c0 _free"
0040d2c0,FUN_0040d2c0,18,1,"FUN_00403390"
0040d2e0,FUN_0040d2e0,61,1,"FUN_0040c950 FUN_0040d2c0"
0040d320,FUN_0040d320,327,3,"FUN_00401340 FUN_00401380 FUN_0040c950 FUN_0040d2e0 FUN_0042b1e0 FUN_0042b270 FUN_0042b300 operator_new"
0040d4d0,FUN_0040d4d0,32,4,""
0040d4f0,FUN_0040d4f0,7,1,""
0040d500,FUN_0040d500,28,1,""
0040d520,FUN_0040d520,210,1,"FUN_00401680 FUN_004016b0 FUN_00404910 FUN_00406200 FUN_00441890"
0040d600,FUN_0040d600,775,1,"FUN_004014f0 FUN_00401500 FUN_004048e0 FUN_00406200 FUN_0040d4f0 FUN_0040d500 FUN_004130f0 FUN_0043e2f0"
0040d910,FUN_0040d910,200,1,"FUN_00401680 FUN_004016b0 FUN_00404910 FUN_00406200 FUN_00441890"
0040d9e0,FUN_0040d9e0,464,1,"FUN_004014f0 FUN_004048e0 FUN_00406200 FUN_0040d4f0 FUN_0040f1d0 FUN_0041bb70"
0040dc70,FUN_0040dc70,1028,1,"FUN_00401060 FUN_00401070 FUN_00401680 FUN_004016b0 FUN_00405730 FUN_0040d4d0 FUN_0042af40 FUN_00439dc0 FUN_0043b4d0 FUN_00441890"
0040e080,FUN_0040e080,71,1,"FUN_0042aed0 FUN_00441890"
0040e0d0,FUN_0040e0d0,84,1,"_atol"
0040e130,FUN_0040e130,60,1,"FUN_00422960"
0040e170,FUN_0040e170,287,1,""
0040e2b0,FUN_0040e2b0,17,2,""
0040e2d0,FUN_0040e2d0,18,2,""
0040e2f0,FUN_0040e2f0,115,1,"FUN_00401360 FUN_0042c8c0 FUN_0043bf30 FUN_0043ca30 _free"
0040e370,FUN_0040e370,8,1,""
0040e380,FUN_0040e380,8,1,""
0040e390,FUN_0040e390,11,1,""
0040e3a0,FUN_0040e3a0,37,3,""
0040e3d0,FUN_0040e3d0,16,2,""
0040e3e0,FUN_0040e3e0,16,2,""
0040e3f0,FUN_0040e3f0,16,2,""
0040e400,FUN_0040e400,75,2,""
0040e450,FUN_0040e450,20,2,""
0040e470,FUN_0040e470,14,1,""
0040e480,FUN_0040e480,101,1,"FUN_0040e130 FUN_0043ab50 FUN_0043c0d0 FUN_0047b1d4"
0040e4f0,FUN_0040e4f0,133,2,"FUN_00401360 FUN_00401500 FUN_0042c5c0 FUN_0042c970"
0040e580,FUN_0040e580,773,1,"FUN_004010b0 FUN_00401560 FUN_004015f0 FUN_00404970 FUN_0040e370 FUN_0040e380 FUN_0040e390 FUN_0040e3a0 FUN_0040e3d0 FUN_0040e3e0 FUN_0040e3f0 FUN_0040e400 FUN_0040e450 FUN_0040e470 FUN_0040e4f0 FUN_00422200 FUN_00422930"
0040e8a0,FUN_0040e8a0,1483,1,"FUN_00401500 FUN_00401510 FUN_00401560 FUN_00403de0 FUN_00406670 FUN_00406720 FUN_00406790 FUN_0040e0d0 FUN_0040e170 FUN_0040e2b0 FUN_0040e2d0 FUN_0040e4f0 FUN_0042fc20 FUN_0042fd30 FUN_0042fe20 FUN_00431930 FUN_00436ac0 FUN_0043bdc0 FUN_0043ca30 FUN_0043cae0 FUN_0043cf90"
0040ef60,FUN_0040ef60,119,1,"FUN_00401470 FUN_00401500 FUN_00403390"
0040efe0,FUN_0040efe0,139,1,"FUN_0040e2b0 FUN_0040e8a0 FUN_00436f30"
0040f080,FUN_0040f080,223,0,"FUN_00401380 FUN_0040ef60 FUN_0042b1e0 FUN_0042b270 FUN_0042b300 operator_new"
0040f160,FUN_0040f160,7,1,""
0040f170,FUN_0040f170,16,2,""
0040f180,FUN_0040f180,51,1,""
0040f1c0,FUN_0040f1c0,12,1,""
0040f1d0,FUN_0040f1d0,364,8,"FUN_00406850 FUN_004086c0"
0040f340,FUN_0040f340,373,8,"FUN_00406850 FUN_004086c0"
0040f4c0,FUN_0040f4c0,151,0,"FUN_0042aed0"
0040f560,FUN_0040f560,64,1,""
0040f5a0,FUN_0040f5a0,56,3,"FUN_004010b0"
0040f5e0,FUN_0040f5e0,91,3,""
0040f640,FUN_0040f640,385,3,"FUN_00401100 FUN_00406850 FUN_004346a0"
0040f7d0,FUN_0040f7d0,62,2,""
0040f810,FUN_0040f810,17,1,""
0040f830,FUN_0040f830,16,2,""
0040f840,FUN_0040f840,20,2,""
0040f860,FUN_0040f860,33,2,""
0040f890,FUN_0040f890,20,3,""
0040f8b0,FUN_0040f8b0,12,6,"FUN_0041d150"
0040f8c0,FUN_0040f8c0,29,1,"FUN_00401500"
0040f8e0,FUN_0040f8e0,205,4,""
0040f9b0,FUN_0040f9b0,188,1,"FUN_00401140"
0040fa70,FUN_0040fa70,554,1,"FUN_004010b0 FUN_00401500"
0040fca0,FUN_0040fca0,28,1,"FUN_00401470"
0040fcc0,FUN_0040fcc0,974,1,"FUN_004014f0 FUN_00401500 FUN_00401540 FUN_00404910 FUN_00404950 FUN_00404980 FUN_00406650 FUN_00406670 FUN_0040f1d0"
004100e0,FUN_004100e0,48,1,"FUN_00401360"
00410110,FUN_00410110,184,1,"FUN_0040f560 FUN_004100e0"
004101d0,FUN_004101d0,127,1,"FUN_004343d0"
00410250,FUN_00410250,82,3,"FUN_0040f5a0 FUN_0040f8e0"
004102b0,FUN_004102b0,1142,2,"FUN_00401440 FUN_00401680 FUN_004016b0 FUN_004048b0 FUN_00404910 FUN_00406200 FUN_0040cc00 FUN_0040ccc0 FUN_0040f8b0 FUN_0040f8c0 FUN_0041bc90 FUN_0041d110 FUN_0041db90 FUN_0043e380"
00410730,FUN_00410730,3881,1,"FUN_004010b0 FUN_00401100 FUN_00401140 FUN_00401180 FUN_00401360 FUN_00401440 FUN_00401500 FUN_00401510 FUN_00403c20 FUN_00403de0 FUN_00404920 FUN_00406670 FUN_004067f0 FUN_00406850 FUN_004086c0 FUN_0040cc00 FUN_0040d500 FUN_0040f170 FUN_0040f180 FUN_0040f1c0 FUN_0040f4c0 FUN_0040f560 FUN_0040f5a0 FUN_0040f860 FUN_0040f890 FUN_0040f9b0 FUN_0040fcc0 FUN_004100e0 FUN_00410110 FUN_004101d0 FUN_00410250 FUN_004102b0 FUN_004130f0 FUN_00416080 FUN_0041a6eb FUN_0041fcd0 FUN_004343d0 FUN_00435ec0 FUN_00435f00 FUN_00436f30 FUN_0043e380 FUN_0044ab20"
00411670,FUN_00411670,1752,2,"FUN_00401060 FUN_00401070 FUN_00401100 FUN_00401680 FUN_004016b0 FUN_0040f1c0 FUN_0040f5e0 FUN_0040f840 FUN_0043ab50 FUN_0043b4d0"
00411d50,FUN_00411d50,35,1,"FUN_00403d90 FUN_00411670"
00411d80,FUN_00411d80,38,1,"FUN_00403d90 FUN_00411670"
00411f30,FUN_00411f30,68,0,"FUN_00406830 FUN_004100e0 FUN_0043ca30"
00411f80,FUN_00411f80,74,1,"FUN_00411f30 FUN_0042c8c0 _free"
00411fd0,FUN_00411fd0,177,1,"FUN_00401500 FUN_004048e0 FUN_0040f160 FUN_0040f170 FUN_004100e0"
00412090,FUN_00412090,15,1,"FUN_0040fca0"
004120a0,FUN_004120a0,20,1,"FUN_00403390"
004120c0,FUN_004120c0,15,1,"FUN_00403390"
004120d0,FUN_004120d0,47,1,"FUN_00401470 FUN_00403390"
00412100,FUN_00412100,207,1,"FUN_00401470 FUN_00403390 FUN_00403a10 FUN_0040d500 FUN_004120d0"
004121d0,FUN_004121d0,101,1,"FUN_00401470 FUN_00403390 FUN_0040fa70 FUN_00412090 FUN_004120a0 FUN_00412100"
00412240,FUN_00412240,328,1,"FUN_00401380 FUN_0040fa70 FUN_004121d0 FUN_0042b1e0 FUN_0042b270 FUN_0042b300 operator_new"
00412390,FUN_00412390,39,1,""
004123c0,FUN_004123c0,173,1,""
00412470,FUN_00412470,95,1,""
004124d0,FUN_004124d0,16,2,""
004124e0,FUN_004124e0,161,5,"FUN_00436ac0"
00412590,FUN_00412590,3,0,""
004125a0,FUN_004125a0,3,0,""
004125b0,FUN_004125b0,36,2,""
004125e0,FUN_004125e0,24,0,"FUN_0043c7a0"
00412600,FUN_00412600,14,0,"FUN_0043ca30"
00412610,FUN_00412610,54,4,""
00412650,FUN_00412650,37,4,""
00412680,FUN_00412680,39,6,"FUN_00412610"
004126b0,FUN_004126b0,31,4,"FUN_00412610"
004126d0,FUN_004126d0,37,5,"FUN_00412610"
00412700,FUN_00412700,39,6,"FUN_00412650"
00412730,FUN_00412730,39,6,"FUN_00412650"
00412760,FUN_00412760,31,4,"FUN_00412650"
00412780,FUN_00412780,33,3,""
004127b0,FUN_004127b0,66,1,"FUN_00401300 FUN_004014a0"
00412800,FUN_00412800,41,3,"FUN_004127b0 FUN_00436ac0"
00412830,FUN_00412830,245,6,""
00412930,FUN_00412930,40,1,"FUN_00401500"
00412960,FUN_00412960,1887,6,"FUN_00401180 FUN_00401500 FUN_00404910 FUN_004124d0 FUN_004124e0 FUN_004125b0 FUN_004141c0 FUN_0042aed0 FUN_004343d0 FUN_00436ac0 FUN_00441890"
004130f0,FUN_004130f0,200,2,"FUN_00412960 FUN_0041bb70 FUN_0043e380"
004131c0,FUN_004131c0,200,2,"FUN_00412960 FUN_0041bb70 FUN_0043e380"
00413290,FUN_00413290,450,2,"FUN_00401500 FUN_00403e00 FUN_00412800 FUN_0041bb70 FUN_00436ac0"
00413460,FUN_00413460,110,0,"FUN_004014f0 FUN_00401510 FUN_00406720 FUN_00441890"
004134d0,FUN_004134d0,179,0,"FUN_00401180 FUN_00401510 FUN_00401520 FUN_00405700 FUN_00405730 FUN_0040f1c0"
00413590,FUN_00413590,158,0,"FUN_00401510 FUN_00401520 FUN_0042aed0 FUN_00441890"
00413630,FUN_00413630,202,0,"FUN_004014f0 FUN_00401500 FUN_00401510 FUN_00401520 FUN_0043e2f0 FUN_00441890"
00413700,FUN_00413700,199,0,"FUN_004014f0 FUN_00401500 FUN_00401510 FUN_00401520 FUN_0043e2f0 FUN_00441890"
004137d0,FUN_004137d0,236,0,"FUN_004014f0 FUN_00401500 FUN_00401510 FUN_00401520 FUN_0041bb70 FUN_0042aed0 FUN_0043e2f0 FUN_00441890"
004138c0,FUN_004138c0,295,0,"FUN_0041a6eb FUN_0042aed0 FUN_004343d0 FUN_0043e2f0 FUN_00441890"
004139f0,FUN_004139f0,113,0,"FUN_00406670 FUN_00406720"
00413a70,FUN_00413a70,113,0,"FUN_00406670 FUN_00406720"
00413af0,FUN_00413af0,215,0,"FUN_00401680 FUN_004016b0 FUN_0040f840 FUN_0042aed0 FUN_004343d0 FUN_0043ab50"
00413be0,FUN_00413be0,591,1,"FUN_00401390 FUN_00401680 FUN_004016b0 FUN_0040d110 FUN_00412780 FUN_00413af0 FUN_004343d0 FUN_0043ab50"
00413e40,FUN_00413e40,598,1,"FUN_00401660 FUN_00403e00 FUN_0043c7a0 FUN_0047b1d4"
00414180,FUN_00414180,52,1,"FUN_0042c8c0 _free"
004141c0,FUN_004141c0,1233,1,"FUN_00401500 FUN_0040d500 FUN_004130f0 FUN_00436ac0 FUN_0043e2f0 FUN_0043e380 FUN_00441890"
004146f0,FUN_004146f0,2184,1,"FUN_00401440 FUN_004014f0 FUN_00401500 FUN_00401510 FUN_00401520 FUN_00401540 FUN_00405730 FUN_00406670 FUN_00406720 FUN_0040f5a0 FUN_0040f840 FUN_0040f8e0 FUN_00412390 FUN_00412830 FUN_00412930 FUN_00413460 FUN_004134d0 FUN_00413590 FUN_00413630 FUN_00413700 FUN_004137d0 FUN_004138c0 FUN_004139f0 FUN_00413a70 FUN_004141c0 FUN_0041a6eb FUN_0041dff0 FUN_0041e350 FUN_0042aed0 FUN_004343d0 FUN_00435f00 FUN_00436f30 FUN_0047b1d4"
00414fa0,FUN_00414fa0,56,1,"FUN_00403a10"
00414fe0,FUN_00414fe0,58,1,"FUN_00401470 FUN_00403390 FUN_00414fa0"
00415020,FUN_00415020,34,1,"FUN_00403390 FUN_00403a10"
00415050,FUN_00415050,121,1,"FUN_00401470 FUN_00403390 FUN_004123c0"
004150d0,FUN_004150d0,283,1,"FUN_00401380 FUN_004123c0 FUN_00415050 FUN_0042b1e0 FUN_0042b270 FUN_0042b300 operator_new"
004151f0,FUN_004151f0,321,5,"FUN_00401500 FUN_0043e2f0"
00415340,FUN_00415340,279,1,"FUN_00401360 FUN_00401510 FUN_00436f30"
00415460,FUN_00415460,272,1,"FUN_00401680 FUN_004016b0 FUN_00403d90 FUN_0040f840 FUN_0043ab50"
00415580,FUN_00415580,190,1,"FUN_00403d90 FUN_0040f840 FUN_0043ab50"
00415650,FUN_00415650,70,0,"FUN_00401360"
004156a0,FUN_004156a0,66,1,"FUN_00415650 FUN_0042c8c0 _free"
004156f0,FUN_004156f0,88,1,"FUN_00401360"
004157a0,FUN_004157a0,15,1,"FUN_00403390"
004157b0,FUN_004157b0,28,1,"FUN_00401470"
004157d0,FUN_004157d0,264,0,"FUN_00401380 FUN_004157b0 FUN_0042b1e0 FUN_0042b270 FUN_0042b300 operator_new"
004158e0,FUN_004158e0,33,2,""
00415910,FUN_00415910,799,1,"FUN_004048e0 FUN_00404970 FUN_0040e470 FUN_004158e0"
00415c30,FUN_00415c30,24,0,"FUN_0043c7a0"
00415c50,FUN_00415c50,14,0,"FUN_0043ca30"
00415c60,FUN_00415c60,39,1,""
00415c90,FUN_00415c90,23,1,""
00415cb0,FUN_00415cb0,18,2,""
00415cd0,FUN_00415cd0,18,2,""
00415cf0,FUN_00415cf0,6,0,""
00415d00,FUN_00415d00,8,1,""
00415d10,FUN_00415d10,8,1,""
00415d20,FUN_00415d20,13,1,""
00415d30,FUN_00415d30,15,1,""
00415d40,FUN_00415d40,14,1,""
00415d50,FUN_00415d50,24,1,"FUN_00401500"
00415d70,FUN_00415d70,222,2,"FUN_00401560 FUN_00436ac0"
00415e50,FUN_00415e50,553,1,"FUN_00401560 FUN_00404970 FUN_0040e3d0 FUN_0040e470 FUN_0040f860 FUN_0047b1d4"
00416080,FUN_00416080,213,3,"FUN_00401440 FUN_00401680 FUN_0047b1d4"
00416160,FUN_00416160,357,3,"FUN_00403e00 FUN_0043bdc0"
004162d0,FUN_004162d0,693,2,"FUN_00403e00 FUN_004048b0 FUN_0043bdc0"
00416590,FUN_00416590,2852,1,"FUN_00401500 FUN_00401510 FUN_00401520 FUN_00401540 FUN_00403c20 FUN_00403e00 FUN_00404970 FUN_0040e470 FUN_00415c60 FUN_00415cb0 FUN_00415cd0 FUN_00415d30 FUN_00415e50 FUN_0041a210 FUN_00422d20 FUN_0042fd30 FUN_0042fe20 FUN_00431930 FUN_00436ac0 FUN_00436f30 FUN_0043bdc0"
00417130,FUN_00417130,995,1,"FUN_004010b0 FUN_00401470 FUN_004014f0 FUN_00401540 FUN_0040e370 FUN_0040e380 FUN_00415d00 FUN_00415d10 FUN_0042ff40 FUN_004396a0 FUN_0043a950 FUN_0043aa50"
00417520,FUN_00417520,271,2,"FUN_00401360 FUN_00415c90 FUN_00415d30 FUN_0042fd90"
00417630,FUN_00417630,1485,1,"FUN_00401500 FUN_00401560 FUN_00404970 FUN_0040e470 FUN_00415d20 FUN_00415d30 FUN_00415d50 FUN_00416160 FUN_004162d0 FUN_00416590 FUN_0041b5c6 FUN_0041cfe0 FUN_0041d0d0 FUN_0041d7e0 FUN_00422d20 FUN_00436ac0 FUN_00436f30 FUN_0043e2f0"
00417c10,FUN_00417c10,1474,1,"FUN_004010b0 FUN_00401680 FUN_004016b0 FUN_00403d90 FUN_00415d30 FUN_00417130 FUN_00422330 FUN_00434330 FUN_0043a950"
004181e0,FUN_004181e0,133,1,"FUN_00404970 FUN_0040e470 FUN_00416160"
00418270,FUN_00418270,34,0,"FUN_00415cf0 FUN_00417520"
004182a0,FUN_004182a0,50,1,"FUN_00418270 FUN_0042c8c0 _free"
004182e0,FUN_004182e0,398,4,"FUN_00415c90 FUN_00415d30 FUN_00417520 FUN_0042c5c0 FUN_0042c970 FUN_0042fc20"
00418480,FUN_00418480,694,1,"FUN_00401560 FUN_00401660 FUN_00404970 FUN_0040e470 FUN_00415c90 FUN_004181e0 FUN_004182e0 FUN_00436ac0 FUN_0043c7a0"
00418750,FUN_00418750,85,1,"FUN_00401470 FUN_00403390 FUN_00403a10"
004187b0,FUN_004187b0,143,1,"FUN_00401470 FUN_00403a10 FUN_00418750"
00418840,FUN_00418840,220,0,"FUN_00401380 FUN_00415d40 FUN_004187b0 FUN_0042b1e0 FUN_0042b270 FUN_0042b300 operator_new"
00418920,FUN_00418920,14,1,""
00418930,FUN_00418930,26,0,"FUN_0043ca30"
00418950,FUN_00418950,319,2,"FUN_00436ac0"
00418a90,FUN_00418a90,2367,1,"FUN_00401440 FUN_004014f0 FUN_00401510 FUN_00401540 FUN_00403de0 FUN_00406670 FUN_00406720 FUN_0040f830 FUN_00415d30 FUN_00435f00 FUN_00436ac0 FUN_00436f30 FUN_00439560 FUN_0047b1d4"
004193e0,FUN_004193e0,3074,1,"FUN_004010b0 FUN_00401470 FUN_004014f0 FUN_00401680 FUN_004016b0 FUN_00403d90 FUN_0040e370 FUN_0040e380 FUN_00415d00 FUN_00415d10 FUN_0042ff40 FUN_004396a0 FUN_0043a950 FUN_0043ab50"
0041a000,FUN_0041a000,448,1,"FUN_00401500 FUN_00401560 FUN_00401660 FUN_00415d30 FUN_0043c7a0"
0041a1d0,FUN_0041a1d0,59,1,"FUN_00418930 FUN_0042c8c0 _free"
0041a210,FUN_0041a210,21,1,"FUN_00401560"
0041a230,FUN_0041a230,51,1,"FUN_00401500"
0041a270,FUN_0041a270,95,1,"FUN_00401560"
0041a2d0,FUN_0041a2d0,67,1,"FUN_00406790"
0041a320,FUN_0041a320,92,2,"FUN_00401560 FUN_00436ac0"
0041a380,FUN_0041a380,56,2,"FUN_00401560"
0041a3c0,FUN_0041a3c0,21,1,"FUN_00401560"
0041a3e0,FUN_0041a3e0,142,2,"FUN_00401560 FUN_00418950"
0041a470,FUN_0041a470,28,1,"FUN_00401470"
0041a490,FUN_0041a490,307,1,"FUN_00401470 FUN_00403390 FUN_00403a10 FUN_0041a470"
0041a5d0,FUN_0041a5d0,283,1,"FUN_00401380 FUN_00418920 FUN_0041a490 FUN_0042b1e0 FUN_0042b270 FUN_0042b300 operator_new"
0041a6eb,FUN_0041a6eb,116,4,""
0041a796,FUN_0041a796,45,1,"FID_conflict:__time32 _localtime _strftime"
0041a7c3,FUN_0041a7c3,100,1,""
0041a827,FUN_0041a827,98,0,"FUN_0042c8c0"
0041a889,FUN_0041a889,21,2,""
0041a89e,FUN_0041a89e,4,1,""
0041a8a2,FUN_0041a8a2,233,1,""
0041a98b,FUN_0041a98b,12,1,"FUN_0041a8a2"
0041a997,FUN_0041a997,21,1,""
0041a9ac,FUN_0041a9ac,12,1,""
0041a9b8,FUN_0041a9b8,79,1,""
0041aa07,FUN_0041aa07,88,0,"FUN_0043e2f0"
0041aa5f,FUN_0041aa5f,1230,1,"FUN_00404980 FUN_0040f1d0 FUN_0041a380 FUN_0041aa07 FUN_00422d20 FUN_0042ae20 FUN_0042fe20 FUN_00430060 FUN_00431930 FUN_0043bf30 FUN_0043e2f0 FUN_0043ee40"
0041af2d,FUN_0041af2d,1689,0,"FUN_00403ae0 FUN_00404600 FUN_0040d320 FUN_00412240 FUN_004150d0 FUN_004157d0 FUN_00415910 FUN_00418840 FUN_0041a5d0 FUN_0041a796 FUN_0041a7c3 FUN_0041a8a2 FUN_0041aa07 FUN_0041cde0 FUN_0041f170 FUN_00420ad0 FUN_00421670 FUN_004217e0 FUN_004304a0 FUN_004307c0 FUN_004316b0 Sleep _free operator_new timeGetTime"
0041b5c6,FUN_0041b5c6,425,0,"FUN_004011c0 FUN_00403d80 FUN_0040c990 FUN_00411fd0 FUN_00412470 FUN_004156f0 FUN_004181e0 FUN_0041a230 FUN_0041a7c3 FUN_0041ebc0 FUN_004343e0"
0041b76f,FUN_0041b76f,187,1,"FUN_0042ff70 FUN_00430060 FUN_004303c0 FUN_00430500 FUN_00431ae0"
0041b82a,FUN_0041b82a,422,1,"FUN_00402530 FUN_00404570 FUN_0040d280 FUN_00411f80 FUN_00414180 FUN_004156a0 FUN_004182a0 FUN_0041a1d0 FUN_0041ced0 FUN_00420c10 FUN_0043f1f0 _free"
0041b9d0,FUN_0041b9d0,127,0,"FUN_0042b1e0 FUN_0042b270"
0041ba4f,FUN_0041ba4f,47,1,"FUN_0041a9b8"
0041ba80,FUN_0041ba80,121,0,"FUN_004010b0"
0041bb00,FUN_0041bb00,101,2,"FUN_00405700 FUN_004343d0"
0041bb70,FUN_0041bb70,101,2,"FUN_00405700 FUN_004343d0"
0041bbe0,FUN_0041bbe0,163,1,"FUN_00401070 FUN_0042c970"
0041bc90,FUN_0041bc90,162,2,"FUN_0041a320 FUN_0047b1d4"
0041bd40,FUN_0041bd40,19,1,""
0041bd60,FUN_0041bd60,8,1,""
0041bd70,FUN_0041bd70,19,2,"FUN_00401660"
0041bd90,FUN_0041bd90,5,1,""
0041bda0,FUN_0041bda0,23,1,""
0041bdc0,FUN_0041bdc0,29,1,"FUN_00401500"
0041bde0,FUN_0041bde0,13,2,""
0041bdf0,FUN_0041bdf0,121,3,""
0041be70,FUN_0041be70,106,3,"FUN_00401140"
0041bee0,FUN_0041bee0,209,3,"FUN_00401100 FUN_00401140 FUN_0040f5a0"
0041bfc0,FUN_0041bfc0,422,6,"FUN_00401100 FUN_00401140 FUN_0042af40"
0041c170,FUN_0041c170,1832,1,"FUN_00401100 FUN_00401140 FUN_00401510 FUN_00403e00 FUN_00406790 FUN_0040cd70 FUN_00415cb0 FUN_004343d0 FUN_00436f30"
0041c8e0,FUN_0041c8e0,273,0,"FUN_0041bd90"
0041ca00,FUN_0041ca00,335,0,"FUN_00403c30 FUN_00403c90 FUN_00403cf0 FUN_00403e50 FUN_0040f7d0 FUN_00415cb0 FUN_00435ec0"
0041cb50,FUN_0041cb50,293,0,"FUN_004014f0 FUN_00403c20 FUN_0041bd40 FUN_0041bd60 FUN_00435f00"
0041cc80,FUN_0041cc80,320,0,"FUN_00401500 FUN_00401510 FUN_00403c20 FUN_00403de0 FUN_00406670 FUN_00406720 FUN_00435ec0 FUN_00435f00"
0041cdc0,FUN_0041cdc0,31,1,"FUN_00401390 FUN_0041f760"
0041cde0,FUN_0041cde0,114,0,"FUN_0041bd70 FUN_0043c7a0"
0041ce60,FUN_0041ce60,75,0,"FUN_00401360 FUN_00415cf0 FUN_0043ca30"
0041ceb0,FUN_0041ceb0,28,1,"FUN_00401470"
0041ced0,FUN_0041ced0,86,1,"FUN_0041ce60 FUN_0042c8c0 _free"
0041cf30,FUN_0041cf30,110,4,"FUN_0041bda0"
0041cfa0,FUN_0041cfa0,55,6,"FUN_0041cf30"
0041cfe0,FUN_0041cfe0,43,6,"FUN_0041cf30"
0041d010,FUN_0041d010,61,7,"FUN_0041cf30"
0041d050,FUN_0041d050,49,7,"FUN_0041cf30"
0041d090,FUN_0041d090,61,7,"FUN_0041cf30"
0041d0d0,FUN_0041d0d0,49,7,"FUN_0041cf30"
0041d110,FUN_0041d110,49,7,"FUN_0041cf30"
0041d150,FUN_0041d150,1516,6,"FUN_00401440 FUN_00401500 FUN_00401540 FUN_00401680 FUN_004016b0 FUN_00403e50 FUN_00404910 FUN_00406200 FUN_00406640 FUN_0040ccc0 FUN_0040d4f0 FUN_0040f7d0 FUN_0040f860 FUN_004346a0 FUN_00435f00"
0041d760,FUN_0041d760,126,1,"FUN_00401500 FUN_00403de0 FUN_00406670 FUN_00406720 FUN_0040f860"
0041d7e0,FUN_0041d7e0,41,1,"FUN_00401500 FUN_0040f860 FUN_0040f8c0"
0041d810,FUN_0041d810,602,4,"FUN_00401100 FUN_00401140 FUN_00403de0 FUN_0041bdf0 FUN_0041be70 FUN_0041bfc0 FUN_00435ec0"
0041da70,FUN_0041da70,279,1,"FUN_00401100 FUN_00401140 FUN_00403de0 FUN_0041bdf0 FUN_0041be70 FUN_0041bfc0 FUN_00435ec0"
0041db90,FUN_0041db90,138,3,"FUN_00401560"
0041dc20,FUN_0041dc20,814,1,"FUN_004010b0 FUN_00401440 FUN_00401680 FUN_004016b0 FUN_00404910 FUN_00405730 FUN_00406200 FUN_0040ccc0 FUN_0041bc90 FUN_0041bee0 FUN_0041d150 FUN_0043e2f0"
0041df80,FUN_0041df80,99,1,"FUN_00401680 FUN_004016b0 FUN_0043a950"
0041dff0,FUN_0041dff0,855,4,"FUN_00401440 FUN_00401680 FUN_004016b0 FUN_00404910 FUN_00406200 FUN_0040ccc0 FUN_0040f860 FUN_0041bc90 FUN_0041d150 FUN_0042af40 FUN_0043e2f0"
0041e350,FUN_0041e350,204,4,"FUN_0041dff0"
0041e420,FUN_0041e420,753,1,"FUN_00401500 FUN_00403c30 FUN_00403c90 FUN_00403cf0 FUN_00403e30 FUN_00403e50 FUN_00406200 FUN_00406790 FUN_0040cd70 FUN_0040d4f0 FUN_0040f7d0 FUN_00415d70 FUN_0041a380 FUN_0041bdc0 FUN_0041d7e0 FUN_0043e2f0 FUN_0043e380 FUN_00441890"
0041e720,FUN_0041e720,400,0,"FUN_00401180 FUN_004014f0 FUN_00401500 FUN_00403c20 FUN_00405730 FUN_0040f5a0 FUN_0041bc90 FUN_0041cfe0 FUN_0041d0d0 FUN_004343d0 FUN_00435f00"
0041e8b0,FUN_0041e8b0,74,0,"FUN_00403de0 FUN_0041da70 FUN_0041e420 FUN_00435ec0"
0041eb10,FUN_0041eb10,166,1,"FUN_00401680 FUN_004016b0 FUN_00403d90 FUN_0041df80 FUN_0041f680 FUN_00435ec0 FUN_0043a950"
0041ebc0,FUN_0041ebc0,552,1,"FUN_00401500 FUN_00403c20 FUN_00403e00 FUN_00404910 FUN_0041bda0 FUN_0041bdc0 FUN_0041d7e0 FUN_004343d0"
0041ee00,FUN_0041ee00,28,1,"FUN_00403390"
0041ee20,FUN_0041ee20,12,1,"FUN_00403390"
0041ee30,FUN_0041ee30,23,1,"FUN_00403390"
0041ee50,FUN_0041ee50,438,1,"FUN_00401360 FUN_00401660 FUN_0041bbe0 FUN_0041ebc0"
0041f010,FUN_0041f010,23,1,"FUN_00403390 FUN_00403a10"
0041f030,FUN_0041f030,44,1,"FUN_00401470 FUN_00403390 FUN_00403a10"
0041f060,FUN_0041f060,15,1,"FUN_00403a10"
0041f070,FUN_0041f070,243,1,"FUN_00401470 FUN_00403390 FUN_00403a10 FUN_0041ceb0 FUN_0041ee00 FUN_0041ee20 FUN_0041ee30"
0041f170,FUN_0041f170,328,3,"FUN_00401380 FUN_00401500 FUN_0041bde0 FUN_0041f070 FUN_0042b1e0 FUN_0042b270 FUN_0042b300 operator_new"
0041f2c0,FUN_0041f2c0,55,2,""
0041f300,FUN_0041f300,9,2,"FUN_00406620"
0041f310,FUN_0041f310,51,2,""
0041f350,FUN_0041f350,309,3,"FUN_00401060 FUN_00401070 FUN_00401500 FUN_00403e00 FUN_004343d0 FUN_0043e380"
0041f490,FUN_0041f490,37,4,"FUN_0041f350"
0041f4c0,FUN_0041f4c0,190,3,"FUN_0041f490"
0041f580,FUN_0041f580,242,1,"FUN_00401510 FUN_0041a6eb FUN_004343d0 FUN_00436f30"
0041f680,FUN_0041f680,205,1,"FUN_00401680 FUN_004016b0 FUN_0040f840 FUN_0043ab50"
0041f760,FUN_0041f760,164,1,"FUN_00401680 FUN_004016b0 FUN_0040f840 FUN_00436d70"
0041f810,FUN_0041f810,1210,1,"FUN_004014f0 FUN_00401500 FUN_00401510 FUN_00401520 FUN_00401540 FUN_00403c30 FUN_00403c90 FUN_00403cf0 FUN_00403de0 FUN_00403e50 FUN_00404950 FUN_00406670 FUN_0040f7d0 FUN_0040f810 FUN_00415cb0 FUN_00415cd0 FUN_0041a270 FUN_0041a2d0 FUN_0041f300 FUN_0041f310 FUN_0041f4c0 FUN_00435f00 FUN_0043e2f0 FUN_0047b1d4"
0041fcd0,FUN_0041fcd0,985,6,"FUN_00403e00 FUN_0040cd70 FUN_0040f810 FUN_0040f830 FUN_0041d050 FUN_0041f2c0 FUN_0042af40 FUN_004343d0 FUN_0043e2f0"
004200c0,FUN_004200c0,45,1,"_vsprintf"
004200f0,FUN_004200f0,111,1,""
00420160,FUN_00420160,14,2,""
00420170,FUN_00420170,8,1,""
00420180,FUN_00420180,13,1,""
00420190,FUN_00420190,257,1,"FUN_00415cb0 FUN_0041a89e FUN_004200f0 FUN_00420170"
004205e0,FUN_004205e0,591,2,"FUN_00401340 FUN_00401360 FUN_00430150 FUN_00433aa0"
00420830,FUN_00420830,15,1,"FUN_0041a98b"
00420840,FUN_00420840,540,1,"FUN_00404970 FUN_0040e470 FUN_00420160 FUN_004205e0 FUN_0042c970"
00420a60,FUN_00420a60,104,0,"FUN_00401360 FUN_0042c8c0"
00420ad0,FUN_00420ad0,318,1,"FUN_00401360 FUN_00415d20 FUN_00420a60 FUN_0042c8c0 _free"
00420c10,FUN_00420c10,42,1,"FUN_00420a60 FUN_0042c8c0 _free"
00420c40,FUN_00420c40,18,1,"FUN_00420830"
00420c60,FUN_00420c60,1227,3,"CloseHandle CreateFileA FUN_00401340 FUN_00401360 FUN_004048b0 FUN_00415d30 FUN_004200c0 FUN_00420c40 FUN_00434020 GlobalFree WriteFile"
00421140,FUN_00421140,1323,1,"FUN_00401340 FUN_00401360 FUN_00401380 FUN_00420c40 FUN_0047b1d4 operator_new"
00421670,FUN_00421670,361,2,"FUN_00401380 FUN_00420190 FUN_0042b1e0 FUN_0042b300 FUN_004343d0 operator_new"
004217e0,FUN_004217e0,21,2,"FUN_00420840 FUN_00421140"
00421800,FUN_00421800,208,1,""
004218e0,FUN_004218e0,432,1,""
00421aa0,FUN_00421aa0,215,1,""
00421b80,FUN_00421b80,178,1,""
00421c80,FUN_00421c80,523,1,"FUN_00401340 FUN_00401360 FUN_0042c180 FUN_0042c5c0 FUN_0042c970 FUN_00433aa0"
00421e90,FUN_00421e90,12,1,"FUN_00401360"
00421ea0,FUN_00421ea0,98,0,"FUN_004218e0 FUN_00421aa0 FUN_00421b80 FUN_00421c80 FUN_00421e90"
00421f10,FUN_00421f10,32,0,""
00421f30,FUN_00421f30,713,0,"FUN_00401340 FUN_00401360 FUN_004048b0 FUN_004048e0 FUN_0042c370 FUN_0042c4e0 FUN_0042ff70 FUN_00434020 GlobalFree"
00422200,FUN_00422200,139,1,""
00422290,FUN_00422290,38,1,"FUN_00401390 FUN_00422200 FUN_004396a0"
004222c0,FUN_004222c0,103,1,"FUN_004014f0 FUN_00401510 FUN_00401520 FUN_0047b1d4"
00422330,FUN_00422330,318,2,"FUN_004015f0 FUN_0040e370 FUN_0040e380 FUN_0040e390 FUN_00415d00 FUN_00415d10 FUN_004396a0"
00422470,FUN_00422470,123,1,"FUN_004014f0 FUN_00401510 FUN_00401520 FUN_0047b1d4"
004224f0,FUN_004224f0,186,1,"FUN_004014f0 FUN_00401510 FUN_00406720 FUN_0047b1d4"
004225b0,FUN_004225b0,163,1,"FUN_004014f0 FUN_00401500 FUN_00401510 FUN_00401540 FUN_0047b1d4"
00422660,FUN_00422660,316,1,"FUN_004014f0 FUN_00401510 FUN_00401520 FUN_004048e0"
004227a0,FUN_004227a0,336,1,"FUN_004014f0 FUN_00401510 FUN_00401540 FUN_004048e0"
00422900,FUN_00422900,47,1,"FUN_0042c8c0 _free"
00422930,FUN_00422930,18,1,"FUN_00401500"
00422950,FUN_00422950,15,1,"FUN_00403390"
00422960,FUN_00422960,527,2,"FUN_004010b0 FUN_00401470 FUN_004015f0 FUN_0040e370 FUN_0040e380 FUN_0040e390 FUN_00415d00 FUN_00415d10 FUN_004396a0"
00422b70,FUN_00422b70,89,1,"FUN_00401390 FUN_00422960 FUN_004396a0"
00422bd0,FUN_00422bd0,62,1,"FUN_00422960"
00422c10,FUN_00422c10,62,1,"FUN_00422960"
00422c50,FUN_00422c50,113,1,"FUN_00422960"
00422cd0,FUN_00422cd0,68,1,"FUN_00422960"
00422d20,FUN_00422d20,447,7,"FUN_00401380 FUN_00422950 FUN_0042b1e0 FUN_0042b270 FUN_0042b300 operator_new"
00422f17,FUN_00422f17,34,2,"FUN_0043e2f0 FUN_0043f1f0"
00422f39,FUN_00422f39,46,2,""
00422f67,FUN_00422f67,106,3,""
00422fd1,FUN_00422fd1,124,3,"FUN_00436ac0"
0042304d,FUN_0042304d,89,5,""
004230a6,FUN_004230a6,89,5,""
004230ff,FUN_004230ff,89,5,""
00423158,FUN_00423158,42,2,""
00423182,FUN_00423182,479,3,"FUN_00436ac0"
00423361,FUN_00423361,33,2,"FUN_0043d5e0 FUN_0043d750 FUN_0043de30"
00423382,FUN_00423382,33,1,""
004233a3,FUN_004233a3,81,5,""
004233f4,FUN_004233f4,117,5,""
00423469,FUN_00423469,47,2,""
00423498,FUN_00423498,15,1,"FUN_0043ee40"
004234a7,FUN_004234a7,54,3,""
004234dd,FUN_004234dd,25,3,""
004234f6,FUN_004234f6,1280,1,"FUN_00434330 _sprintf _strlen"
004239f6,FUN_004239f6,800,1,"FUN_004342a0 FUN_00434330"
00423d16,FUN_00423d16,1939,1,"FUN_004342a0 FUN_00434330"
004244a9,FUN_004244a9,209,1,"FUN_0043a950"
0042457a,FUN_0042457a,135,2,"FUN_00423158 FUN_0043e2f0"
00424601,FUN_00424601,112,2,"FUN_00423158 FUN_0043e2f0"
00424671,FUN_00424671,217,2,"FUN_00423158 FUN_0043e2f0"
0042474a,FUN_0042474a,167,3,"FUN_00423158 FUN_0043e2f0"
004247f1,FUN_004247f1,167,4,"FUN_00423158 FUN_0043e2f0"
00424898,FUN_00424898,329,1,"FUN_00401390 FUN_00405730 FUN_00423469 FUN_004234f6 FUN_004239f6 FUN_00423d16 FUN_004244a9 FUN_004396a0 FUN_0043a950 FUN_0043ab50 FUN_0043bfa0"
004249e1,FUN_004249e1,534,0,"FUN_00403e00 FUN_00422930 FUN_00422d20 FUN_0042fc20 FUN_00430360 FUN_00436ac0 FUN_0043c7a0 FUN_0043ccd0 Sleep"
00424bf7,FUN_00424bf7,335,1,"FUN_00422f39 FUN_00423382 FUN_004302b0 FUN_004303c0 FUN_00430500 FUN_00431ae0 FUN_004343e0 FUN_0043d2b0"
00424d4b,FUN_00424d4b,84,1,"_free _free"
00424dff,FUN_00424dff,150,4,"FUN_00436ac0"
00424e95,FUN_00424e95,72,3,"FUN_00436ac0"
00424edd,FUN_00424edd,211,5,"FUN_00436ac0 FUN_00436f30"
00424fb0,FUN_00424fb0,175,5,"FUN_00436ac0"
0042505f,FUN_0042505f,175,5,"FUN_00436ac0"
0042510e,FUN_0042510e,85,4,""
00425163,FUN_00425163,168,3,"FUN_00423182"
0042520b,FUN_0042520b,40,3,""
00425233,FUN_00425233,349,5,"FUN_004233a3 FUN_004233f4"
00425390,FUN_00425390,279,4,"FUN_004233a3 FUN_004233f4"
004254a7,FUN_004254a7,1572,1,"FUN_00422f17 FUN_00422f39 FUN_004230a6 FUN_004230ff FUN_00423158 FUN_004234a7 FUN_004247f1 FUN_00424edd FUN_00424fb0 FUN_00425163 FUN_0042520b FUN_00425233 FUN_0042fd30 FUN_00436ac0 FUN_00436de0 FUN_00439560"
00425acb,FUN_00425acb,2153,1,"FUN_00422f17 FUN_00422f39 FUN_0042304d FUN_00423158 FUN_004247f1 FUN_00424edd FUN_00424fb0 FUN_00425163 FUN_00425233 FUN_00426334 FUN_00436ac0 FUN_00436de0 FUN_00439560"
00426334,FUN_00426334,897,1,"FUN_00422f17 FUN_00422f39 FUN_00424671 FUN_00425390 FUN_00425acb FUN_004289db FUN_0042ae50 FUN_0042fd30 FUN_00436ac0 FUN_00436de0 FUN_00439560"
004266b5,FUN_004266b5,485,1,"FUN_00422f17 FUN_00422f39 FUN_00424601 FUN_0042505f FUN_00436de0 FUN_00439560 FUN_0043cae0 FUN_0043e2f0"
0042689a,FUN_0042689a,1387,1,"FUN_004205e0 FUN_00422f17 FUN_00422f39 FUN_00423158 FUN_0042457a FUN_0042c970 FUN_00436de0 FUN_0043cae0 FUN_0043e2f0 FUN_0047c4e0 FUN_0047c4f0 FUN_0047c71b FindClose FindFirstFileA FindNextFileA __chdir _free _memset _sprintf"
00426e05,FUN_00426e05,2258,1,"FUN_00403e00 FUN_00422f17 FUN_00422f39 FUN_0042457a FUN_0042510e FUN_0042c970 FUN_0042fe20 FUN_00431a30 FUN_00436de0 FUN_00436f30 FUN_00439560 FUN_0043bdc0 FUN_0043cae0 FUN_0043ee40 _free _memcpy _memset"
004276d7,FUN_004276d7,20,1,"FUN_00424dff"
004276eb,FUN_004276eb,2045,1,"FUN_00422f17 FUN_00422f39 FUN_00423158 FUN_0042457a FUN_00424dff FUN_004276d7 FUN_00429e23 FUN_0042fc20 FUN_0042fd30 FUN_00431930 FUN_00436ac0 FUN_00436de0 FUN_00439560 FUN_0043be50 FUN_0043e2f0 FUN_0043ee40"
00427ee8,FUN_00427ee8,2803,1,"FUN_00422f17 FUN_00422f39 FUN_00422f67 FUN_00422fd1 FUN_00423158 FUN_0042457a FUN_00424e95 FUN_004276d7 FUN_0042b740 FUN_00436de0 FUN_00439560 FUN_0043be50 FUN_0043e2f0 _memcpy"
004289db,FUN_004289db,2241,1,"FUN_00422f17 FUN_00422f39 FUN_0042304d FUN_00423158 FUN_0042474a FUN_00424edd FUN_00424fb0 FUN_00425163 FUN_00425233 FUN_00426334 FUN_0042ae50 FUN_00436ac0 FUN_00436de0 FUN_00439560"
0042929c,FUN_0042929c,966,0,"FUN_00401470 FUN_00421800 FUN_00421f10 FUN_00422f17 FUN_00422f39 FUN_00423158 FUN_0042505f FUN_0042fd30 FUN_00436de0 FUN_00439560 FUN_00439630 FUN_0043cae0 FUN_0043e2f0 FUN_0047c4e0 FUN_0047ca90 operator_new"
00429662,FUN_00429662,1825,1,"FUN_004205e0 FUN_00420c60 FUN_00422f17 FUN_00422f39 FUN_00423158 FUN_0042457a FUN_00424601 FUN_004276d7 FUN_0042c480 FUN_0042c970 FUN_00436de0 FUN_00439560 FUN_0043cae0 FUN_0043e2f0 FUN_0047c4e0 FUN_0047c71b _free _memset _sprintf"
00429d83,FUN_00429d83,160,1,"FUN_00401470 FUN_0041a8a2 _memset"
00429e23,FUN_00429e23,1560,0,"FUN_00401470 FUN_00420ad0 FUN_00422f17 FUN_00422f39 FUN_00423361 FUN_0042457a FUN_00424dff FUN_004276d7 FUN_004276eb FUN_00431930 FUN_00436ac0 FUN_00436de0 FUN_00439560 FUN_00439630 FUN_0043be50 FUN_0043cae0 FUN_0047c4e0 FUN_0047ca90 _free operator_new"
0042a45b,FUN_0042a45b,886,1,"FUN_00422f17 FUN_00422f39 FUN_0042457a FUN_004254a7 FUN_00425acb FUN_004276d7 FUN_004289db FUN_00436de0 FUN_00439560 FUN_0043cae0"
0042a7d1,FUN_0042a7d1,506,1,"FUN_00422f17 FUN_00422f39 FUN_0042457a FUN_004276d7 FUN_0042a45b FUN_0042ec30 FUN_004324c0 FUN_00436de0 FUN_00439560 FUN_0043cae0"
0042a9cb,FUN_0042a9cb,264,1,"FUN_004254a7 FUN_00425acb FUN_00426334 FUN_004266b5 FUN_0042689a FUN_00426e05 FUN_004276eb FUN_00427ee8 FUN_004289db FUN_0042929c FUN_00429662 FUN_00429e23 FUN_0042a45b FUN_0042a7d1 FUN_00436f30 FUN_00439560"
0042ab13,FUN_0042ab13,201,0,"FUN_00429d83 FUN_0042b1e0 FUN_0042b270 FUN_0042b300 FUN_0047ca90 _memset operator_new"
0042abe0,FUN_0042abe0,30,1,""
0042ac00,FUN_0042ac00,36,1,""
0042ac30,FUN_0042ac30,18,1,"FUN_0042abe0"
0042ac50,FUN_0042ac50,33,2,"FUN_0042ac00 _free"
0042ac80,FUN_0042ac80,37,2,""
0042acb0,FUN_0042acb0,47,3,""
0042ace0,FUN_0042ace0,131,2,""
0042ad70,FUN_0042ad70,59,0,"GetKeyboardState SetKeyboardState"
0042adc0,FUN_0042adc0,81,1,""
0042ae20,FUN_0042ae20,39,1,""
0042ae50,FUN_0042ae50,24,1,"FUN_0042ae20"
0042ae70,FUN_0042ae70,35,1,"FUN_0042ae50"
0042aea0,FUN_0042aea0,41,1,"FUN_0042ae50"
0042aed0,FUN_0042aed0,99,2,""
0042af40,FUN_0042af40,62,3,"FUN_00401060 FUN_00401070"
0042af80,FUN_0042af80,142,7,""
0042b0d0,FUN_0042b0d0,13,1,""
0042b110,FUN_0042b110,19,1,""
0042b130,FUN_0042b130,40,2,"EnterCriticalSection"
0042b160,FUN_0042b160,40,2,"LeaveCriticalSection"
0042b190,FUN_0042b190,75,1,"FUN_0042ac00"
0042b1e0,FUN_0042b1e0,140,3,"FUN_0042b130 FUN_0042b160"
0042b270,FUN_0042b270,143,3,"FUN_0042b130 FUN_0042b160"
0042b300,FUN_0042b300,71,1,"FUN_00401380 FUN_0041a889 FUN_0042abe0 operator_new"
0042b350,FUN_0042b350,188,2,"FUN_0042ac50 FUN_0042b130 FUN_0042b160"
0042b410,FUN_0042b410,808,3,"FUN_0042ac80 FUN_0042acb0 joyGetPosEx"
0042b740,FUN_0042b740,259,1,"joyGetPosEx"
0042b850,FUN_0042b850,1507,1,"FUN_0042b410 GetKeyboardState"
0042be40,FUN_0042be40,819,0,"FUN_0042b410 GetKeyboardState"
0042c180,FUN_0042c180,259,6,"FUN_00401340"
0042c290,FUN_0042c290,220,2,"FUN_00401360 FUN_0042c180"
0042c370,FUN_0042c370,267,6,"FUN_00401340"
0042c480,FUN_0042c480,92,1,"CloseHandle CreateFileA FUN_0042adc0 FUN_0042b130 FUN_0042b160"
0042c4e0,FUN_0042c4e0,210,3,"CloseHandle CreateFileA FUN_0042adc0 FUN_0042b130 FUN_0042b160 FormatMessageA GetLastError LocalFree WriteFile"
0042c5c0,FUN_0042c5c0,153,2,"FUN_0042b130 FUN_0042b160 __chkstk _vsprintf"
0042c660,FUN_0042c660,153,2,"FUN_0042b130 FUN_0042b160 _vsprintf"
0042c700,FUN_0042c700,179,1,"FUN_0042b130 FUN_0042b160 FUN_0042b350"
0042c7e0,FUN_0042c7e0,186,1,"FUN_0042b130 FUN_0042b160 FUN_0042b350"
0042c8c0,FUN_0042c8c0,46,2,"FUN_0042b130 FUN_0042b160 FUN_0042b350"
0042c8f0,FUN_0042c8f0,120,0,"FUN_0042c5c0 joyGetDevCapsA joyGetPosEx"
0042c970,FUN_0042c970,355,3,"CloseHandle CreateFileA FUN_00401340 FUN_0042adc0 FUN_0042b130 FUN_0042b160 FUN_0042c290 FUN_0042c660 FUN_004331c0 FUN_00433290 GetFileSize ReadFile _strrchr"
0042cae0,FUN_0042cae0,241,2,"FUN_00401380 FUN_0042abe0 FUN_0042ac00 FUN_0042ac50 FUN_0042c8c0 operator_new"
0042cbe0,FUN_0042cbe0,34,1,"FUN_0042cae0 FUN_00430230"
0042cc10,FUN_0042cc10,25,1,""
0042cc30,FUN_0042cc30,33,2,"FUN_0043d2b0 _free"
0042cc60,FUN_0042cc60,33,2,"FUN_0043e090 _free"
0042cc90,FUN_0042cc90,123,0,"QueryPerformanceCounter timeBeginPeriod timeEndPeriod timeGetTime"
0042cd10,FUN_0042cd10,46,0,"Direct3DCreate8 FUN_0042c660"
0042cd40,FUN_0042cd40,74,3,"_sprintf"
0042cd90,FUN_0042cd90,809,0,"FUN_0042cd40 _sprintf"
0042d0c0,FUN_0042d0c0,124,1,"AttachThreadInput GetForegroundWindow GetWindowThreadProcessId SetActiveWindow SystemParametersInfoA"
0042d140,FUN_0042d140,225,3,"CoCreateInstance CoInitialize CoUninitialize MultiByteToWideChar _free operator_new"
0042d230,FUN_0042d230,10,1,""
0042d240,FUN_0042d240,80,1,"FUN_0042c4e0 FUN_0042c5c0 MessageBoxA"
0042d2b0,FUN_0042d2b0,10,1,""
0042d2c0,FUN_0042d2c0,12,1,""
0042d2d0,FUN_0042d2d0,8,1,""
0042d2e0,FUN_0042d2e0,8,1,""
0042d2f0,FUN_0042d2f0,43,1,""
0042d320,FUN_0042d320,167,1,"FUN_0043c200 FUN_0043c2d0"
0042d3d0,FUN_0042d3d0,249,4,"DefWindowProcA FUN_0042d2d0 FUN_0043d790 LoadCursorA SetCursor ShowCursor"
0042d4d0,FUN_0042d4d0,285,0,"CreateWindowExA FUN_0042d0c0 FUN_0042d2d0 GetStockObject GetSystemMetrics LoadCursorA RegisterClassA"
0042d5f0,FUN_0042d5f0,783,1,"FUN_00401460 FUN_004015f0 FUN_0040e370 FUN_0040e380 FUN_00415d00 FUN_0042d2e0"
0042d900,FUN_0042d900,391,0,"CreateMutexA FUN_0042c480 FUN_0042c660 FUN_0042d140 GetConsoleTitleA GetLastError GetModuleFileNameA GetStartupInfoA __stricmp _strrchr"
0042da90,FUN_0042da90,192,0,"FUN_00401360 FUN_0042c970 GetModuleFileNameA _strrchr"
0042db50,FUN_0042db50,232,0,"FUN_0040e2d0 FUN_0042c480 FUN_0042d2f0 FUN_0042d320 FUN_0042d5f0 FUN_0042f540 FUN_0047c71b _sprintf"
0042dc40,FUN_0042dc40,326,1,"FUN_00403d90 FUN_0042c700 FUN_0042c7e0 FUN_0042cc90 FUN_0042db50 FUN_0042ff00 FUN_00430230 FUN_00439680 FUN_004396a0 FUN_0043f1f0 Sleep"
0042dd90,FUN_0042dd90,1561,0,"FUN_004010b0 FUN_00403d90 FUN_00422290 FUN_0042c5c0 FUN_0042c660 FUN_0042cd90 FUN_0042d2b0 FUN_0042d2c0 FUN_0042d5f0 __chkstk"
0042e3b0,FUN_0042e3b0,1348,1,"CoInitializeEx CoUninitialize DestroyWindow DispatchMessageA FUN_00401380 FUN_00420160 FUN_0042ad70 FUN_0042c4e0 FUN_0042c5c0 FUN_0042c660 FUN_0042c8f0 FUN_0042cbe0 FUN_0042cc10 FUN_0042cc30 FUN_0042cc60 FUN_0042cd10 FUN_0042d230 FUN_0042d240 FUN_0042d2d0 FUN_0042d2f0 FUN_0042d4d0 FUN_0042d5f0 FUN_0042d900 FUN_0042da90 FUN_0042dc40 FUN_0042dd90 FUN_0042f7c0 FUN_00430530 FUN_00430560 FUN_00432180 FUN_00432340 FUN_004324c0 FUN_00432eb0 FUN_00432f70 FUN_0043ce30 FUN_0043de30 FUN_0043e500 FUN_0043eeb0 FUN_0043f1f0 GetModuleFileNameA MoveWindow PeekMessageA QueryPerformanceFrequency SetCursor ShowCursor ShowWindow Sleep SystemParametersInfoA TranslateMessage WINNLSEnableIME _free operator_new timeGetTime"
0042e900,FUN_0042e900,14,1,""
0042e910,FUN_0042e910,14,1,"FUN_0042e900"
0042e920,FUN_0042e920,83,3,""
0042e980,FUN_0042e980,17,1,""
0042e9a0,FUN_0042e9a0,11,1,""
0042e9b0,FUN_0042e9b0,11,1,""
0042e9c0,FUN_0042e9c0,27,0,"FUN_0042b850"
0042e9e0,FUN_0042e9e0,213,5,""
0042eac0,FUN_0042eac0,188,4,""
0042eb80,FUN_0042eb80,119,4,""
0042ec00,FUN_0042ec00,34,2,"FUN_0043d750 FUN_0043de30 FUN_0043e130"
0042ec30,FUN_0042ec30,177,1,"FUN_0041a89e FUN_0042e9a0 FUN_0042e9e0 timeGetTime"
0042ecf0,FUN_0042ecf0,49,2,""
0042ed30,FUN_0042ed30,13,1,""
0042ed40,FUN_0042ed40,13,1,""
0042ed50,FUN_0042ed50,13,1,""
0042ed60,FUN_0042ed60,13,1,""
0042ed70,FUN_0042ed70,14,1,""
0042ed80,FUN_0042ed80,71,0,"FUN_00405730 FUN_004125b0 FUN_0043ab50"
0042edd0,FUN_0042edd0,93,1,""
0042ee30,FUN_0042ee30,94,1,""
0042ee90,FUN_0042ee90,94,1,""
0042eef0,FUN_0042eef0,517,0,"DirectInput8Create FUN_0042c5c0 FUN_0042ed30 GetWindowLongA"
0042f100,FUN_0042f100,145,0,"FUN_0042c660 FUN_0042c970 FUN_004335e0 _sprintf"
0042f1a0,FUN_0042f1a0,517,0,"FUN_0042c5c0 FUN_0042ed50 FUN_0043bfa0 timeBeginPeriod timeEndPeriod timeGetTime"
0042f3b0,FUN_0042f3b0,18,1,"FUN_0043d0a0"
0042f3d0,FUN_0042f3d0,31,1,""
0042f3f0,thunk_FUN_0043d320,5,1,""
0042f400,FUN_0042f400,17,2,""
0042f420,FUN_0042f420,101,10,""
0042f490,FUN_0042f490,93,2,"FUN_0047b1d4"
0042f4f0,FUN_0042f4f0,71,3,"FUN_0047b1d4"
0042f540,FUN_0042f540,543,2,"CloseHandle CreateFileA FUN_00401340 FUN_00401360 FUN_0042c5c0 WriteFile"
0042f760,FUN_0042f760,15,1,""
0042f770,FUN_0042f770,74,1,"FUN_004015f0 FUN_00401610 FUN_0040e370 FUN_0040e380 FUN_0040e390 FUN_00415d00 FUN_00415d10 FUN_0042d2e0 FUN_0042f760"
0042f7c0,FUN_0042f7c0,1054,2,"CloseHandle CreateFileA FUN_00401360 FUN_00401460 FUN_0041a8a2 FUN_0042c4e0 FUN_0042c5c0 FUN_0042c660 FUN_0042c970 FUN_0042d2b0 FUN_0042d2c0 FUN_0042d2d0 FUN_0042ed30 FUN_0042ed40 FUN_0042ed50 FUN_0042ed60 ReadFile"
0042fbe0,FUN_0042fbe0,54,1,"FUN_0043fc90 FUN_0043fce0 FUN_0043fd20 FUN_0043fd60"
0042fc20,FUN_0042fc20,207,1,"FUN_0043e0d0 FUN_0043ee40 _strrchr"
0042fcf0,FUN_0042fcf0,53,0,"FUN_0043d750 FUN_0043ee40"
0042fd30,FUN_0042fd30,81,0,"FUN_0042ed40 FUN_0043de30 FUN_0043ee40"
0042fd90,FUN_0042fd90,130,1,"FUN_0043d550 FUN_0043ee40"
0042fe20,FUN_0042fe20,148,0,"FUN_0043d1e0 FUN_0043ee40 FUN_0047b1d4"
0042fec0,FUN_0042fec0,56,1,"FUN_004396a0"
0042ff00,FUN_0042ff00,56,1,"FUN_004396a0"
0042ff40,FUN_0042ff40,42,3,"FUN_004396a0"
0042ff70,FUN_0042ff70,233,1,"timeGetTime"
00430060,FUN_00430060,237,1,"timeGetTime"
00430150,FUN_00430150,199,4,"_sscanf _strchr _strncmp"
00430220,FUN_00430220,11,1,""
00430230,FUN_00430230,108,1,"CloseHandle Sleep WaitForSingleObject"
004302a0,FUN_004302a0,16,2,""
004302b0,FUN_004302b0,173,2,"FUN_00401560"
00430360,FUN_00430360,85,1,"FUN_00406790 FUN_00422930"
004303c0,FUN_004303c0,214,2,"FUN_00401560 FUN_0042f420"
004304a0,FUN_004304a0,85,1,"FUN_00406790 FUN_00422930"
00430500,FUN_00430500,47,1,"FUN_00422d20"
00430530,FUN_00430530,33,1,"InitializeCriticalSection"
00430560,FUN_00430560,33,1,"DeleteCriticalSection"
00430590,FUN_00430590,285,1,"FUN_004010b0 FUN_0042e910 FUN_004396a0 FUN_00450013 FUN_0045015b"
004306b0,FUN_004306b0,257,1,"FUN_00401100 FUN_0042e920 FUN_004396a0 FUN_00450013 FUN_0045015b thunk_FUN_0044e816"
004307c0,FUN_004307c0,736,0,"FUN_004010b0"
00430aa0,FUN_00430aa0,1633,1,"FUN_004048e0 FUN_0041a89e FUN_0042ace0 FUN_0042b130 FUN_0042b160 FUN_0042be40 FUN_0042e980 FUN_0042e9e0 FUN_0042eac0 FUN_0042eb80 FUN_0042ecf0 FUN_0042ed70 FUN_004323b0 FUN_00432840 FUN_004328f0 FUN_00432a10 FUN_00432ac0 FUN_00432f70 FUN_0043be50 Sleep timeGetTime"
00431110,FUN_00431110,844,1,"FUN_0040f080 FUN_0041a827 FUN_0041b9d0 FUN_0042ab13 FUN_0042e9b0 FUN_0042e9c0 FUN_0042ed70 FUN_0042f770 FUN_0042fbe0 FUN_00430150 FUN_00430aa0 FUN_00432f70 FUN_00439560 FUN_0043cdd0"
00431540,FUN_00431540,312,1,"FUN_004010b0 FUN_004234dd FUN_0042f400 FUN_00430220 FUN_004302a0 FUN_00434330 FUN_00434540 FUN_00439680 FUN_0043bf30 FUN_0043bfa0"
00431680,FUN_00431680,33,2,"_free thunk_FUN_0043d320"
004316b0,FUN_004316b0,633,1,"FUN_004010b0 FUN_00415d20 FUN_004342a0 FUN_0047b1d4 QueryPerformanceCounter _sprintf timeGetTime"
00431930,FUN_00431930,254,1,"FUN_00415d20 FUN_0041a9ac FUN_00423361 FUN_0042ed40 FUN_0043ee40"
00431a30,FUN_00431a30,169,2,"FUN_00415d20 FUN_0041a9ac FUN_0042ec00 FUN_0043ee40 _strrchr"
00431ae0,FUN_00431ae0,69,3,"CreateThread FUN_00430230"
00431b30,FUN_00431b30,59,1,"FUN_00401390 FUN_004316b0 FUN_0043a950"
00431b70,FUN_00431b70,405,1,"FUN_00401360 FUN_00412600 FUN_00415c50 FUN_00420ad0 FUN_00421f10 FUN_00423361 FUN_0042f3d0 FUN_00430230 FUN_00431680 FUN_004333b0 FUN_00434280 FUN_004362e0 FUN_0043bf30 FUN_0043ca30 FUN_0043ee40 _free thunk_FUN_0043d0c0"
00431d10,FUN_00431d10,882,0,"FUN_00401380 FUN_00403a10 FUN_004125e0 FUN_00412800 FUN_00415c30 FUN_0041a997 FUN_00421ea0 FUN_0042c5c0 FUN_0042ed40 FUN_0042eef0 FUN_0042f3b0 FUN_00435ca0 FUN_0043c7a0 FUN_0043d3a0 FUN_0043de20 FUN_0043e0d0 FUN_0043e2c0 FUN_0043ec80 FUN_0043efa0 FUN_0047b1d4 operator_new timeGetTime"
00432090,FUN_00432090,238,1,"FUN_004010b0 FUN_0041ba4f FUN_0042f100 FUN_0042f1a0 FUN_004302b0 FUN_00431ae0 FUN_004362c0 FUN_0043b9c0 FUN_0043bf30 FUN_0043cae0 FUN_0043cf90"
00432180,FUN_00432180,182,0,"FUN_0042b1e0 FUN_0042b270 FUN_0042b300"
00432240,FUN_00432240,240,2,"_strncmp"
00432340,FUN_00432340,97,1,""
004323b0,FUN_004323b0,95,3,""
00432410,FUN_00432410,164,1,"FUN_0042c660 FUN_0048a853 FormatMessageA LocalFree"
004324c0,FUN_004324c0,679,1,"FUN_00401360 FUN_0042c480 FUN_0042c970 FUN_00432240 _atol"
00432770,FUN_00432770,199,1,"FUN_00401340 FUN_00401360 FUN_0042c660 _printf"
00432840,FUN_00432840,165,1,"CoCreateInstance FUN_0042c660"
004328f0,FUN_004328f0,276,1,"CoCreateInstance FUN_0042c660 FUN_0047cccf _mbstowcs"
00432a10,FUN_00432a10,167,1,"FUN_0042c660 FUN_00432410 _mbstowcs"
00432ac0,FUN_00432ac0,168,1,"FUN_00432410 _mbstowcs"
00432b70,FUN_00432b70,765,4,"FUN_0041a89e FUN_00420160 FUN_0042b130 FUN_0042b160 FUN_0042e9e0 _free operator_new"
00432ea0,FUN_00432ea0,15,3,"FUN_00432b70"
00432eb0,FUN_00432eb0,183,1,"CoCreateInstance FUN_0042c5c0 FUN_0042c660 FUN_00432410 FUN_00432770"
00432f70,FUN_00432f70,200,1,"FUN_0042c660 FUN_00432410 FUN_00432770 Sleep"
00433040,FUN_00433040,16,1,""
00433050,FUN_00433050,74,2,"__stricmp"
004330a0,FUN_004330a0,64,1,"GlobalAlloc"
004330e0,FUN_004330e0,18,2,""
00433100,FUN_00433100,12,1,""
00433110,FUN_00433110,26,1,""
00433130,FUN_00433130,9,1,""
00433140,FUN_00433140,24,1,"GlobalFree"
00433160,FUN_00433160,88,2,"FUN_00433140 _free `eh_vector_destructor_iterator'"
004331c0,FUN_004331c0,193,3,"FUN_00433050 FUN_00433aa0 GlobalAlloc GlobalFree"
00433290,FUN_00433290,29,2,"FUN_00433050"
004332b0,FUN_004332b0,254,3,"FUN_004330a0 FUN_00433100 FUN_00433110 `eh_vector_constructor_iterator' operator_new"
004333b0,FUN_004333b0,61,1,"FUN_00433160 GlobalFree"
004333f0,FUN_004333f0,467,2,"FUN_00401360 FUN_0042c180 FUN_004330e0 FUN_004332b0 FUN_00433aa0 FUN_0043d2b0 GlobalAlloc GlobalFree"
004335e0,FUN_004335e0,179,2,"FUN_004330a0 FUN_004333b0 FUN_004333f0 FUN_00433940 operator_new"
004336a0,FUN_004336a0,34,1,"CloseHandle"
004336d0,FUN_004336d0,61,3,"ReadFile"
00433710,FUN_00433710,66,3,"WriteFile"
004337a0,FUN_004337a0,40,3,"SetFilePointer"
004337d0,FUN_004337d0,146,2,"GlobalAlloc GlobalFree"
00433870,FUN_00433870,121,2,"GetModuleFileNameA _strchr _strrchr"
004338f0,FUN_004338f0,9,1,""
00433900,FUN_00433900,7,1,""
00433910,FUN_00433910,33,2,"FUN_00433900 _free"
00433940,FUN_00433940,32,1,"FUN_004338f0"
00433960,FUN_00433960,22,1,"FUN_004336a0 FUN_00433900"
00433980,FUN_00433980,226,3,"CreateFileA DeleteFileA FUN_00433870 SetFilePointer"
00433a70,FUN_00433a70,33,2,"FUN_00433960 _free"
00433aa0,FUN_00433aa0,464,4,"GlobalAlloc"
00433c80,FUN_00433c80,37,1,""
00433cb0,FUN_00433cb0,42,0,""
00433ce0,FUN_00433ce0,83,2,""
00433d40,FUN_00433d40,115,2,""
00433dc0,FUN_00433dc0,43,1,""
00433e00,FUN_00433e00,438,2,"FUN_00433d40"
00433fc0,FUN_00433fc0,83,1,"FUN_00433ce0 FUN_00433d40 FUN_00433dc0 FUN_00433fc0"
00434020,FUN_00434020,568,3,"FUN_00433c80 FUN_00433cb0 FUN_00433e00 FUN_00433fc0 GlobalAlloc"
00434280,FUN_00434280,31,0,"FUN_0042c8c0"
004342a0,FUN_004342a0,130,3,""
00434330,FUN_00434330,55,3,"FUN_004342a0 _vsprintf"
00434370,FUN_00434370,10,1,""
00434380,FUN_00434380,8,1,""
00434390,FUN_00434390,18,2,""
004343b0,FUN_004343b0,10,1,""
004343c0,FUN_004343c0,16,2,""
004343d0,FUN_004343d0,3,1,""
004343e0,FUN_004343e0,251,1,"FUN_00412800 FUN_004343c0"
004344e0,FUN_004344e0,89,1,"FUN_004343e0 FUN_0043c7a0"
00434540,FUN_00434540,341,1,"FUN_00401390 FUN_00434390 FUN_004396a0 FUN_0043a950"
004346a0,FUN_004346a0,154,5,"FUN_00401500"
00434740,FUN_00434740,1716,1,"FUN_004010b0 FUN_00403e00 FUN_0040e2d0 FUN_00415d20 FUN_00423498 FUN_0042fd30 FUN_00434370 FUN_00434380 FUN_004343b0 FUN_00436ac0 FUN_00436f30 FUN_0043e2f0 timeGetTime"
00434e30,FUN_00434e30,83,1,"FUN_00401390 FUN_00434370 FUN_004396a0 FUN_0043a950"
00434e90,FUN_00434e90,1198,1,"FUN_004010b0 FUN_00403e00 FUN_00404970 FUN_0040e2d0 FUN_00415d20 FUN_0041b5c6 FUN_0042fcf0 FUN_0042fd30 FUN_00434380 FUN_00436ac0 FUN_00436f30 FUN_0043e2f0 timeGetTime"
00435370,FUN_00435370,117,1,"FUN_00401390 FUN_00434370 FUN_004396a0 FUN_0043a950"
004353f0,FUN_004353f0,497,2,"FUN_00401460 FUN_00401540 FUN_00401680 FUN_004016b0 FUN_0042ff00 FUN_0042ff40 FUN_00434390 FUN_0043a950 FUN_0047b1d4"
004355f0,FUN_004355f0,1144,1,"FUN_004010b0 FUN_00403e00 FUN_0040e2d0 FUN_00415d20 FUN_00436f30 FUN_0043e2f0 timeGetTime"
00435a90,FUN_00435a90,83,1,"FUN_00401390 FUN_00434370 FUN_004396a0 FUN_0043a950"
00435af0,FUN_00435af0,15,1,"FUN_00403390"
00435b00,FUN_00435b00,253,1,"FUN_00401510 FUN_00403de0 FUN_00434740 FUN_00434e90 FUN_004355f0"
00435c00,FUN_00435c00,83,1,"FUN_00430220 FUN_00434540 FUN_00434e30 FUN_00435370 FUN_00435a90 FUN_0043a950"
00435c60,FUN_00435c60,52,1,"FUN_00401390 FUN_004353f0"
00435ca0,FUN_00435ca0,157,0,"FUN_0041a889 FUN_0042b1e0 FUN_0042b270"
00435d40,FUN_00435d40,39,1,"FUN_00401470 FUN_00403a10"
00435d70,FUN_00435d70,39,1,"FUN_00401470 FUN_00403a10"
00435da0,FUN_00435da0,28,1,"FUN_00401470"
00435dc0,FUN_00435dc0,227,1,"FUN_00401470 FUN_00403a10 FUN_00435d40 FUN_00435d70 FUN_00435da0"
00435eb0,FUN_00435eb0,4,1,""
00435ec0,FUN_00435ec0,3,1,""
00435ed0,FUN_00435ed0,4,1,""
00435ee0,FUN_00435ee0,4,1,""
00435ef0,FUN_00435ef0,4,1,""
00435f00,FUN_00435f00,4,1,""
00435f10,FUN_00435f10,11,1,""
00435f20,FUN_00435f20,29,1,""
00435f40,FUN_00435f40,78,1,"DeleteDC DeleteObject SelectObject"
00435f90,FUN_00435f90,66,1,""
00435fe0,FUN_00435fe0,469,6,"FUN_00435eb0"
004361c0,FUN_004361c0,242,2,"FUN_00435eb0 FUN_00435ec0 FUN_00435ee0 FUN_00435ef0 FUN_00435f00 FUN_00435f10"
004362c0,FUN_004362c0,26,0,""
004362e0,FUN_004362e0,26,0,""
00436300,FUN_00436300,5,1,""
00436310,FUN_00436310,315,4,"CreateCompatibleDC CreateDIBSection FUN_00435f40 FUN_00435f90 SelectObject"
00436450,FUN_00436450,101,4,"FUN_00436310"
004364c0,FUN_004364c0,751,10,"CreateFontA DeleteObject FUN_00435ed0 FUN_00435f20 FUN_00435fe0 FUN_004361c0 FUN_00436300 FUN_00436450 FUN_004524ae SelectObject SetBkMode SetTextColor TextOutA"
004367b0,FUN_004367b0,743,10,"CreateFontA DeleteObject FUN_00435ed0 FUN_00435f20 FUN_00435fe0 FUN_004361c0 FUN_00436300 FUN_00436450 FUN_004524ae SelectObject SetBkMode SetTextColor TextOutA"
00436aa0,FUN_00436aa0,15,0,"FUN_0047d280"
00436ab0,FUN_00436ab0,14,1,""
00436ac0,FUN_00436ac0,189,3,"FUN_00401300"
00436b80,FUN_00436b80,144,2,"FUN_0047b1d4"
00436c40,FUN_00436c40,116,4,"FUN_0047b1d4"
00436cd0,FUN_00436cd0,106,4,""
00436d70,FUN_00436d70,84,2,"FUN_0043a950 FUN_0043ab50 FUN_0043ad40 FUN_0043afe0 FUN_0043b0e0 FUN_0043b140"
00436de0,FUN_00436de0,63,3,"FUN_00406790 FUN_00423469"
00436e30,FUN_00436e30,203,2,"FUN_00406200 FUN_0042ae70 FUN_0042aea0 FUN_0047b1d4"
00436f30,FUN_00436f30,9352,2,"FUN_00401060 FUN_00401070 FUN_004010b0 FUN_004014f0 FUN_00401500 FUN_00401510 FUN_00401520 FUN_00403de0 FUN_004048e0 FUN_00404910 FUN_00404950 FUN_00405710 FUN_00406670 FUN_00406720 FUN_0042aed0 FUN_0042e900 FUN_00435f00 FUN_00436aa0 FUN_00436ab0 FUN_00436ac0 FUN_00436b80 FUN_00436c40 FUN_00436cd0 FUN_00436e30 FUN_0047b1d4"
00439560,FUN_00439560,53,2,"FUN_00436f30"
004395a0,FUN_004395a0,143,3,"FUN_00401500 FUN_004127b0 FUN_00436f30"
00439630,FUN_00439630,66,4,"FUN_00401560"
00439680,FUN_00439680,29,1,""
004396a0,FUN_004396a0,137,1,""
00439730,FUN_00439730,165,2,""
004397e0,FUN_004397e0,49,7,""
00439820,FUN_00439820,622,1,"FUN_004010b0 FUN_00401140 FUN_00401290 FUN_00401300 FUN_004343d0 FUN_004397e0 thunk_FUN_0044eba6"
00439a90,FUN_00439a90,595,1,"FUN_0040f1c0 thunk_FUN_0044eba6 thunk_FUN_0044f119 thunk_FUN_0044fad9 thunk_FUN_0044fb75 thunk_FUN_0044fc12"
00439cf0,FUN_00439cf0,199,3,""
00439dc0,FUN_00439dc0,199,3,""
00439e90,FUN_00439e90,411,2,"FUN_00401090 FUN_004013e0 FUN_00401410 FUN_004396a0"
0043a030,FUN_0043a030,188,2,"FUN_0042ff40 FUN_004396a0"
0043a0f0,FUN_0043a0f0,1067,3,"FUN_00401090 FUN_004396a0 FUN_00439730 FUN_0043a030"
0043a520,FUN_0043a520,1067,3,"FUN_00401090 FUN_004396a0 FUN_00439730 FUN_0043a030"
0043a950,FUN_0043a950,254,2,"FUN_00434370 FUN_0043a0f0"
0043aa50,FUN_0043aa50,254,2,"FUN_00434370 FUN_0043a520"
0043ab50,FUN_0043ab50,491,2,"FUN_00434370 FUN_004397e0 FUN_0043a0f0 FUN_0043a950"
0043ad40,FUN_0043ad40,658,2,"FUN_00434370 FUN_004397e0 FUN_0043a0f0"
0043afe0,FUN_0043afe0,254,2,"FUN_00434370 FUN_0043a0f0"
0043b0e0,FUN_0043b0e0,88,2,"FUN_00434370 FUN_00439820 FUN_0043a0f0"
0043b140,FUN_0043b140,84,2,"FUN_00434370 FUN_00439a90 FUN_0043a0f0"
0043b1a0,FUN_0043b1a0,811,2,"FUN_0040f1c0 FUN_00434370 FUN_004396a0 FUN_00439e90 thunk_FUN_0044f119 thunk_FUN_0044fad9 thunk_FUN_0044fb75 thunk_FUN_0044fc12"
0043b4d0,FUN_0043b4d0,238,4,"FUN_00434370 FUN_004396a0 FUN_0043a030"
0043b5c0,FUN_0043b5c0,163,3,"FUN_00434370 FUN_004396a0 FUN_00439730 FUN_0043a030"
0043b670,FUN_0043b670,318,4,"FUN_0040e370 FUN_0040e380 FUN_00415d00 FUN_00415d10 FUN_0042ff40 FUN_004396a0 FUN_0043a030"
0043b7b0,FUN_0043b7b0,318,4,"FUN_0040e370 FUN_0040e380 FUN_00415d00 FUN_00415d10 FUN_0042ff40 FUN_004396a0 FUN_0043a030"
0043b8f0,FUN_0043b8f0,200,4,"FUN_0042ff40 FUN_004396a0 FUN_0043a030"
0043b9c0,FUN_0043b9c0,472,1,""
0043bba0,FUN_0043bba0,50,4,"FUN_00452390"
0043bbe0,FUN_0043bbe0,150,5,"FUN_0042c660 FUN_0042c970"
0043bc80,FUN_0043bc80,48,1,"FUN_00401360"
0043bcb0,FUN_0043bcb0,138,3,""
0043bd40,FUN_0043bd40,127,10,"FUN_004364c0 FUN_004367b0 FUN_0047b1d4"
0043bdc0,FUN_0043bdc0,139,5,"FUN_0043bd40 FUN_0047b1d4 _vsprintf"
0043be50,FUN_0043be50,217,5,"FUN_0043bd40 FUN_0047b1d4 _vsprintf"
0043bf30,FUN_0043bf30,97,2,"FUN_00401360"
0043bfa0,FUN_0043bfa0,304,6,"FUN_004524ae"
0043c0d0,FUN_0043c0d0,294,8,"FUN_004524ae"
0043c200,FUN_0043c200,193,10,"FUN_004396a0 FUN_004524ae"
0043c2d0,FUN_0043c2d0,352,10,"FUN_004396a0 FUN_0043bf30 FUN_004524ae"
0043c430,FUN_0043c430,50,0,"FUN_0042d2b0"
0043c470,FUN_0043c470,75,0,"FUN_0043c430 FUN_00453031"
0043c4c0,FUN_0043c4c0,327,2,"FUN_0043c430 FUN_00452390 FUN_004524ae"
0043c610,FUN_0043c610,390,3,"FUN_00401340 FUN_0042c660 FUN_0042c970 FUN_0043bbe0 Sleep"
0043c7a0,FUN_0043c7a0,90,3,"FUN_0043c610 Sleep"
0043c800,FUN_0043c800,558,5,"FUN_0042c660 FUN_0043bba0 FUN_0043bcb0 FUN_0043c470 FUN_0043c4c0"
0043ca30,FUN_0043ca30,163,2,"FUN_00401360 FUN_0043bc80"
0043cae0,FUN_0043cae0,486,3,"FUN_00401360 FUN_0042c660 FUN_0042c970 FUN_0043bf30 FUN_004523f6 FUN_004524ae"
0043ccd0,FUN_0043ccd0,102,3,"FUN_0042c660 FUN_0042c970 FUN_0043bf30"
0043cd40,FUN_0043cd40,141,1,"FUN_0043c800"
0043cdd0,FUN_0043cdd0,87,1,"FUN_0043ca30 FUN_0043cd40"
0043ce30,FUN_0043ce30,341,1,"FUN_00401470 FUN_00403a10"
0043cf90,FUN_0043cf90,59,3,"FUN_0043c610 FUN_0043cd40"
0043cfd0,FUN_0043cfd0,16,1,""
0043cfe0,FUN_0043cfe0,40,1,"midiOutClose midiOutReset"
0043d010,FUN_0043d010,70,2,"midiOutLongMsg midiOutPrepareHeader"
0043d060,FUN_0043d060,52,4,"midiOutShortMsg"
0043d0a0,FUN_0043d0a0,32,1,"timeGetDevCaps"
0043d0c0,FUN_0043d0c0,41,1,"timeEndPeriod timeKillEvent"
0043d0f0,FUN_0043d0f0,14,3,""
0043d100,FUN_0043d100,18,1,""
0043d120,FUN_0043d120,38,1,""
0043d150,FUN_0043d150,32,1,""
0043d170,FUN_0043d170,110,1,"FUN_0043d150"
0043d1e0,FUN_0043d1e0,46,2,""
0043d210,FUN_0043d210,117,2,"FUN_0043d060 FUN_0047b1d4"
0043d2a0,thunk_FUN_0043d0c0,5,1,""
0043d2b0,FUN_0043d2b0,1,0,""
0043d2c0,thunk_FUN_0043cfe0,5,1,""
0043d2d0,FUN_0043d2d0,69,2,"FUN_0043cfe0 midiOutOpen"
0043d320,FUN_0043d320,26,1,"FUN_0043d0c0 timeEndPeriod"
0043d340,FUN_0043d340,85,4,"FUN_0043d0c0 timeBeginPeriod timeSetEvent"
0043d3a0,FUN_0043d3a0,423,1,"FUN_0043cfd0 FUN_0043d0a0"
0043d550,FUN_0043d550,45,2,"FUN_00401360"
0043d580,FUN_0043d580,89,1,"FUN_00401360"
0043d5e0,FUN_0043d5e0,358,2,"FUN_00401340 FUN_0043d100 FUN_0043d120 FUN_0043d580"
0043d750,FUN_0043d750,55,1,"FUN_0043d170 FUN_0043d2d0 FUN_0043d340"
0043d790,FUN_0043d790,92,2,"FUN_00401360 midiOutUnprepareHeader"
0043d7f0,FUN_0043d7f0,186,2,"FUN_0043d060 FUN_0043d150"
0043de20,FUN_0043de20,12,1,"FUN_0043d340"
0043de30,FUN_0043de30,83,1,"FUN_0043cfe0 FUN_0043d0c0 FUN_0043d790"
0043de90,FUN_0043de90,505,1,"FUN_0043d170 FUN_0043d210 FUN_0043d7f0 FUN_0047b1d4 __allmul __aulldiv"
0043e090,FUN_0043e090,58,1,"FUN_0043d320 FUN_0043d550 FUN_0043d580 FUN_0043de30 thunk_FUN_0043cfe0"
0043e0d0,FUN_0043e0d0,94,3,"FUN_0042c5c0 FUN_0042c970 FUN_0043d550 FUN_0043de30"
0043e130,FUN_0043e130,54,2,"FUN_0043d550 FUN_0043d5e0 FUN_0043e0d0"
0043e170,FUN_0043e170,33,2,"FUN_0043f7a0 _free"
0043e1a0,FUN_0043e1a0,74,2,"_strncmp"
0043e1f0,FUN_0043e1f0,208,2,"_strrchr"
0043e2c0,FUN_0043e2c0,39,2,"FUN_0042c970"
0043e2f0,FUN_0043e2f0,140,3,""
0043e380,FUN_0043e380,153,2,"FUN_0047b1d4"
0043e420,FUN_0043e420,7,1,""
0043e430,FUN_0043e430,4,1,""
0043e440,FUN_0043e440,38,1,"FUN_0047b1d4"
0043e4a0,FUN_0043e4a0,49,2,"FUN_00401360"
0043e4e0,FUN_0043e4e0,23,1,"FUN_0043e440"
0043e500,FUN_0043e500,613,2,"FUN_0042c5c0 FUN_00433130 FUN_00435ec0 FUN_0043e170 FUN_00440000 SetTimer operator_new"
0043e770,FUN_0043e770,614,3,"FUN_00401360 FUN_0042c5c0 FUN_0042c970 FUN_0043e1a0 _strncmp"
0043e9e0,FUN_0043e9e0,72,2,"FUN_0043e1f0 FUN_0043e430 FUN_004405e0"
0043ea30,FUN_0043ea30,388,3,"CloseHandle CreateFileA FUN_00401340 FUN_0042ed40 FUN_0043e1f0 FUN_0043e4a0 ReadFile SetFilePointer"
0043ebc0,FUN_0043ebc0,177,1,"CloseHandle FUN_0043fb80 PostThreadMessageA WaitForSingleObject"
0043ec80,FUN_0043ec80,245,1,"FUN_0042c5c0 FUN_0043e770"
0043ed80,FUN_0043ed80,181,0,"FUN_00440270 MsgWaitForMultipleObjects PeekMessageA"
0043ee40,FUN_0043ee40,105,4,""
0043eeb0,FUN_0043eeb0,232,1,"FUN_00401360 FUN_0043e170 FUN_0043e4a0 FUN_0043ebc0 KillTimer"
0043efa0,FUN_0043efa0,252,2,"CreateEventA CreateThread FUN_0043ebc0 FUN_004407a0"
0043f0a0,FUN_0043f0a0,327,2,"CreateEventA CreateThread FUN_0042ed40 FUN_0043e9e0 FUN_004409f0"
0043f1f0,FUN_0043f1f0,1414,1,"CloseHandle FUN_0042ed40 FUN_0043e1f0 FUN_0043e420 FUN_0043e430 FUN_0043e4a0 FUN_0043e4e0 FUN_0043ea30 FUN_0043ebc0 FUN_0043f0a0 FUN_0043f890 FUN_0043faf0 FUN_0043fb10 FUN_0043fb80 FUN_0043fbe0 FUN_0043fc10 FUN_00440060 FUN_004401d0 FUN_004404d0 FUN_004405e0 FUN_0047b1d4 PostThreadMessageA WaitForSingleObject"
0043f7a0,FUN_0043f7a0,23,1,""
0043f7c0,FUN_0043f7c0,200,4,""
0043f890,FUN_0043f890,342,1,"_free operator_new"
0043f9f0,FUN_0043f9f0,121,2,"Sleep"
0043fa70,FUN_0043fa70,116,1,"_rand"
0043faf0,FUN_0043faf0,31,2,""
0043fb10,FUN_0043fb10,107,1,"FUN_0047b1d4"
0043fb80,FUN_0043fb80,86,1,""
0043fbe0,FUN_0043fbe0,39,1,""
0043fc10,FUN_0043fc10,51,1,""
0043fc50,FUN_0043fc50,62,1,""
0043fc90,FUN_0043fc90,65,1,"FUN_0043fb10"
0043fce0,FUN_0043fce0,49,1,"FUN_0043fb10"
0043fd20,FUN_0043fd20,49,1,"FUN_0043fb10"
0043fd60,FUN_0043fd60,54,1,"FUN_0043fb10"
0043fda0,FUN_0043fda0,19,1,""
0043fdc0,FUN_0043fdc0,60,5,""
0043fe00,FUN_0043fe00,4,1,""
0043fe10,FUN_0043fe10,215,2,"SetFilePointer"
0043fef0,FUN_0043fef0,218,4,"ReadFile"
0043ffd0,FUN_0043ffd0,36,1,"CloseHandle"
00440000,FUN_00440000,84,6,"DirectSoundCreate8 FUN_0043f7c0"
00440060,FUN_00440060,365,3,"FUN_0043f9f0 FUN_0043fe10 FUN_0043fef0"
004401d0,FUN_004401d0,160,3,"FUN_0043f9f0 FUN_0043fa70 FUN_0043fb10 FUN_0043fc50 FUN_00440060"
00440270,FUN_00440270,600,2,"FUN_0043f9f0 FUN_0043fe00 FUN_0043fe10 FUN_0043fef0 FUN_00440060"
004404d0,FUN_004404d0,115,1,"FUN_0043f9f0 FUN_0043fe10 FUN_00440060"
00440550,thunk_FUN_0043ffd0,5,1,""
00440560,FUN_00440560,118,4,"CreateFileA FUN_0043fe10"
004405e0,FUN_004405e0,63,2,"FUN_0043fe10"
00440620,FUN_00440620,33,2,"_free thunk_FUN_0043ffd0"
00440650,FUN_00440650,135,5,"FUN_00440060 operator_new"
004406e0,FUN_004406e0,105,1,"FUN_00440620 _free"
00440750,FUN_00440750,60,5,"FUN_00440650"
00440790,FUN_00440790,11,1,"FUN_004406e0"
004407a0,FUN_004407a0,578,12,"FUN_0043fda0 FUN_00440560 FUN_00440620 FUN_00440750 _free operator_new"
004409f0,FUN_004409f0,546,13,"FUN_0043fda0 FUN_0043fdc0 FUN_00440750 _free operator_new"
00440c20,FUN_00440c20,33,2,"FUN_004406e0 _free"
00440c50,FUN_00440c50,33,2,"FUN_00440790 _free"
00440c80,FUN_00440c80,38,7,"FUN_0040f1d0"
00440cb0,FUN_00440cb0,12,1,""
00440d30,FUN_00440d30,95,4,""
00440d90,FUN_00440d90,81,3,"FUN_00401340"
00440df0,FUN_00440df0,79,2,"FUN_00401140"
00440e40,FUN_00440e40,355,1,"FUN_00401440 FUN_00401560 FUN_00401680 FUN_004016b0 FUN_00404910 FUN_00406200 FUN_00440cb0 FUN_00440d90 FUN_00441890"
00440fb0,FUN_00440fb0,326,1,"FUN_00401500 FUN_00401560 FUN_00401680 FUN_004016b0 FUN_00404910 FUN_00406200 FUN_00440cb0 FUN_00440d90 FUN_00441890"
00441100,FUN_00441100,475,1,"FUN_004010b0 FUN_004014f0 FUN_00401500 FUN_00401560 FUN_00403de0 FUN_00405730 FUN_00406790 FUN_0041dff0 FUN_0042af80 FUN_00440d30"
00441350,FUN_00441350,75,1,"FUN_00401340 FUN_00440c80"
004413a0,FUN_004413a0,38,1,"FUN_00401360"
004413d0,FUN_004413d0,75,1,"FUN_00401340 FUN_00440c80"
00441420,FUN_00441420,78,1,"FUN_00401340 FUN_00440c80"
00441470,FUN_00441470,38,1,"FUN_00401360"
004414a0,FUN_004414a0,314,1,"FUN_00401680 FUN_004016b0 FUN_00405730 FUN_0043b7b0 FUN_00441890"
004415e0,FUN_004415e0,471,2,"FUN_00401080 FUN_00405700 FUN_0040f810 FUN_004343d0 FUN_00435f00"
004417c0,FUN_004417c0,38,7,"FUN_0040f340"
004417f0,FUN_004417f0,129,2,""
00441890,FUN_00441890,32,3,""
00441910,FUN_00441910,344,1,"FUN_00401440 FUN_00401560 FUN_00401680 FUN_004016b0 FUN_00404910 FUN_00406200 FUN_00440cb0 FUN_00440d90 FUN_00441890"
00441a70,FUN_00441a70,137,1,"FUN_004014f0 FUN_00403de0 FUN_0042af80 FUN_004417c0"
00441b70,FUN_00441b70,75,1,"FUN_00401340 FUN_00440c80"
00441be0,FUN_00441be0,75,1,"FUN_00401340 FUN_00440c80"
00441c30,FUN_00441c30,78,1,"FUN_00401340 FUN_00440c80"
00441d30,FUN_00441d30,110,1,"FUN_00401520"
00441da0,FUN_00441da0,327,1,"FUN_00401680 FUN_004016b0 FUN_00405730 FUN_0043b7b0 FUN_00441890"
00441ef0,FUN_00441ef0,151,4,"FUN_00401500 FUN_0041f350"
00441f90,FUN_00441f90,636,2,"FUN_00401500 FUN_00406670 FUN_00406720 FUN_0041d090"
00442220,FUN_00442220,204,2,"FUN_00401680 FUN_004016b0 FUN_0043ab50"
004422f0,FUN_004422f0,218,1,"FUN_0042aed0"
004423d0,FUN_004423d0,68,4,"FUN_0041f350"
00442420,FUN_00442420,46,2,""
00442450,FUN_00442450,46,2,""
00442480,FUN_00442480,193,2,"FUN_00401140 FUN_0040f1c0 FUN_0041bb00"
00442580,FUN_00442580,454,1,"FUN_00401440 FUN_00401560 FUN_00401680 FUN_004016b0 FUN_00405700 FUN_004151f0 FUN_00440cb0 FUN_00440d90 FUN_00441890"
00442750,FUN_00442750,780,1,"FUN_00401140 FUN_00401440 FUN_00401500 FUN_00401520 FUN_00405730 FUN_00406790 FUN_0041dff0 FUN_004343d0 FUN_00442420 FUN_00442450"
00442a60,FUN_00442a60,368,1,"FUN_00401340 FUN_00401440 FUN_00401560 FUN_00442420 FUN_00442450"
00442bd0,FUN_00442bd0,739,1,"FUN_00401140 FUN_00401500 FUN_00401520 FUN_00405730 FUN_00406790 FUN_004343d0 FUN_00440d30"
00442ec0,FUN_00442ec0,32,1,"FUN_00401360"
00442ee0,FUN_00442ee0,97,2,"FUN_004151f0"
00443010,FUN_00443010,311,1,"FUN_00401680 FUN_004016b0 FUN_00405730 FUN_0042aed0 FUN_0043b7b0 FUN_00441890"
00443150,FUN_00443150,248,2,"FUN_00401060 FUN_00401070 FUN_00405700 FUN_0042aed0 FUN_00435f00"
004432a0,FUN_004432a0,86,4,"FUN_0041f350"
00443300,FUN_00443300,293,2,"FUN_0043ab50"
004435e0,FUN_004435e0,422,1,"FUN_004010b0 FUN_004014f0 FUN_00401500 FUN_00401560 FUN_00403de0 FUN_00404920 FUN_00406790 FUN_0040cc00 FUN_0041dff0 FUN_0042af80 FUN_00440d30"
004437f0,FUN_004437f0,314,1,"FUN_00401680 FUN_004016b0 FUN_00405730 FUN_0043b7b0 FUN_00441890"
00443930,FUN_00443930,249,2,"FUN_004014f0 FUN_00401520 FUN_0041cfa0 FUN_0041d010"
00443a30,FUN_00443a30,209,1,"FUN_0042aed0"
00443b10,FUN_00443b10,249,2,"FUN_00401100 FUN_00401140 FUN_0042aed0 FUN_00441890"
00443c70,FUN_00443c70,371,1,"FUN_00401440 FUN_00401560 FUN_00401680 FUN_004016b0 FUN_00404910 FUN_00406200 FUN_00440cb0 FUN_00440d90 FUN_00441890"
00443df0,FUN_00443df0,799,1,"FUN_004010b0 FUN_00401140 FUN_004014f0 FUN_00401500 FUN_00401520 FUN_00401560 FUN_00403de0 FUN_00405730 FUN_00406200 FUN_0041dff0 FUN_0042af80 FUN_0043e2f0 FUN_00440d30"
00444130,FUN_00444130,959,1,"FUN_004015f0 FUN_00401680 FUN_004016b0 FUN_00405730 FUN_0040e370 FUN_0040e380 FUN_0040e390 FUN_00415d00 FUN_00415d10 FUN_0042aed0 FUN_00435f00 FUN_004396a0 FUN_0043b7b0 FUN_00441890"
00444560,FUN_00444560,308,1,"FUN_00401440 FUN_00401560 FUN_00401680 FUN_004016b0 FUN_00404910 FUN_00406200 FUN_00440cb0 FUN_00440d90 FUN_00441890"
004446a0,FUN_004446a0,86,2,"FUN_00401520"
00444700,FUN_00444700,596,1,"FUN_00401100 FUN_00401140 FUN_00401680 FUN_004016b0 FUN_00405730 FUN_0042aed0 FUN_0043b7b0 FUN_00441890"
00444a20,FUN_00444a20,208,1,"FUN_004014f0 FUN_00401500 FUN_00401520 FUN_00406200"
00444af0,FUN_00444af0,943,1,"FUN_004015f0 FUN_00401680 FUN_004016b0 FUN_00405730 FUN_0040e370 FUN_0040e380 FUN_0040e390 FUN_00415d00 FUN_00415d10 FUN_0042aed0 FUN_00435f00 FUN_004396a0 FUN_0043b7b0 FUN_00441890"
00444f00,FUN_00444f00,322,1,"FUN_00401440 FUN_00401560 FUN_00401680 FUN_004016b0 FUN_00404910 FUN_00406200 FUN_00440cb0 FUN_00440d90 FUN_00441890"
00445050,FUN_00445050,316,1,"FUN_00401440 FUN_00401500 FUN_00401560 FUN_00401680 FUN_004016b0 FUN_00404910 FUN_00406200 FUN_00440cb0 FUN_00440d90 FUN_00441890"
00445190,FUN_00445190,407,1,"FUN_004010b0 FUN_004014f0 FUN_00401500 FUN_00401560 FUN_00403de0 FUN_00405730 FUN_00406790 FUN_0040f8e0 FUN_0041dff0 FUN_0042af80"
004453a0,FUN_004453a0,314,1,"FUN_00401680 FUN_004016b0 FUN_00405730 FUN_0043b7b0 FUN_00441890"
00445530,FUN_00445530,44,3,"FUN_0040cd70"
00445560,FUN_00445560,26,2,""
00445580,FUN_00445580,71,2,"FUN_00401140"
004455d0,FUN_004455d0,361,1,"FUN_00401440 FUN_00401560 FUN_00401680 FUN_004016b0 FUN_00404910 FUN_00406200 FUN_00440cb0 FUN_00440d90 FUN_00441890"
00445740,FUN_00445740,481,1,"FUN_004014f0 FUN_00401500 FUN_00401560 FUN_00403de0 FUN_00406200 FUN_0040d500 FUN_00412730 FUN_004130f0 FUN_0042af80"
00445a40,FUN_00445a40,491,1,"FUN_00401680 FUN_004016b0 FUN_0043b670"
00445c30,FUN_00445c30,72,1,"FUN_00403e00"
00445c80,FUN_00445c80,38,1,"FUN_0041f4c0 FUN_00435f00"
00445cb0,FUN_00445cb0,72,4,"FUN_0041f350 FUN_00445560"
00445d00,FUN_00445d00,119,4,"FUN_0041f350 FUN_00445560"
00445e60,FUN_00445e60,91,2,"FUN_00401140"
00445ec0,FUN_00445ec0,407,1,"FUN_00401440 FUN_00401560 FUN_00401680 FUN_004016b0 FUN_004048e0 FUN_00404910 FUN_00406200 FUN_0042aed0 FUN_00440cb0 FUN_00440d90 FUN_00441890"
00446060,FUN_00446060,698,1,"FUN_004010b0 FUN_004014f0 FUN_00401500 FUN_00401560 FUN_00403de0 FUN_00404920 FUN_00405730 FUN_00406790 FUN_0040d500 FUN_00412730 FUN_00412760 FUN_004130f0 FUN_0041dff0 FUN_0042aed0 FUN_0042af80 FUN_00441890"
00446320,FUN_00446320,379,1,"FUN_00401440 FUN_00401500 FUN_00401560 FUN_00401680 FUN_004016b0 FUN_004048e0 FUN_00404910 FUN_00406200 FUN_00440cb0 FUN_00440d90 FUN_00441890"
004464a0,FUN_004464a0,799,1,"FUN_004010b0 FUN_004014f0 FUN_00401500 FUN_00401560 FUN_00403de0 FUN_00404920 FUN_00405730 FUN_00406790 FUN_0040d500 FUN_00412730 FUN_00412760 FUN_004130f0 FUN_0041dff0 FUN_0042aed0 FUN_0042af80 FUN_00441890"
004467c0,FUN_004467c0,352,1,"FUN_00401440 FUN_00401500 FUN_00401560 FUN_00401680 FUN_004016b0 FUN_00404910 FUN_00406200 FUN_00440cb0 FUN_00440d90 FUN_00441890"
00446920,FUN_00446920,748,1,"FUN_004010b0 FUN_004014f0 FUN_00401500 FUN_00401560 FUN_00403de0 FUN_00404920 FUN_00405730 FUN_00406790 FUN_0040d500 FUN_00412730 FUN_00412760 FUN_004130f0 FUN_0041dff0 FUN_0042aed0 FUN_0042af80 FUN_00441890"
00446c10,FUN_00446c10,356,1,"FUN_00401440 FUN_00401500 FUN_00401560 FUN_00401680 FUN_004016b0 FUN_00404910 FUN_00406200 FUN_00440cb0 FUN_00440d90 FUN_00441890"
00446d80,FUN_00446d80,343,1,"FUN_00401440 FUN_00401500 FUN_00401560 FUN_00401680 FUN_004016b0 FUN_00404910 FUN_00406200 FUN_00440cb0 FUN_00440d90 FUN_00441890"
00446ee0,FUN_00446ee0,713,1,"FUN_004010b0 FUN_004014f0 FUN_00401500 FUN_00401560 FUN_00403de0 FUN_00404920 FUN_00405730 FUN_00406790 FUN_0040d500 FUN_00412730 FUN_00412760 FUN_004130f0 FUN_0041dff0 FUN_0042aed0 FUN_0042af80 FUN_00441890"
004471b0,FUN_004471b0,710,1,"FUN_004010b0 FUN_004014f0 FUN_00401500 FUN_00401560 FUN_00403de0 FUN_00404920 FUN_00405730 FUN_00406790 FUN_0040d500 FUN_00412730 FUN_00412760 FUN_004130f0 FUN_0041dff0 FUN_0042aed0 FUN_0042af80 FUN_00441890"
00447480,FUN_00447480,314,1,"FUN_00401680 FUN_004016b0 FUN_00405730 FUN_0043b7b0 FUN_00441890"
00447620,FUN_00447620,249,2,"FUN_00401100 FUN_00401140 FUN_0042aed0 FUN_00441890"
00447720,FUN_00447720,355,1,"FUN_00401440 FUN_00401560 FUN_00401680 FUN_004016b0 FUN_00404910 FUN_00406200 FUN_00440cb0 FUN_00440d90 FUN_00441890"
00447890,FUN_00447890,496,1,"FUN_004010b0 FUN_004014f0 FUN_00401500 FUN_00401560 FUN_00403de0 FUN_00405730 FUN_00406790 FUN_0041dff0 FUN_0042af80 FUN_00440d30"
00447af0,FUN_00447af0,324,1,"FUN_00401440 FUN_00401500 FUN_00401560 FUN_00401680 FUN_004016b0 FUN_00404910 FUN_00406200 FUN_00440cb0 FUN_00440d90 FUN_00441890"
00447ce0,FUN_00447ce0,596,1,"FUN_00401100 FUN_00401140 FUN_00401680 FUN_004016b0 FUN_00405730 FUN_0042aed0 FUN_0043b7b0 FUN_00441890"
00447f40,FUN_00447f40,106,1,"FUN_0042aed0"
00447fb0,FUN_00447fb0,867,2,"FUN_00401140 FUN_00405730 FUN_0042aed0 FUN_00441890"
00448320,FUN_00448320,357,1,"FUN_00401440 FUN_00401560 FUN_00401680 FUN_004016b0 FUN_00404910 FUN_00406200 FUN_00440cb0 FUN_00440d90 FUN_00441890"
00448490,FUN_00448490,420,1,"FUN_004010b0 FUN_004014f0 FUN_00401500 FUN_00401560 FUN_00403de0 FUN_004048b0 FUN_00405730 FUN_00406790 FUN_0041dff0 FUN_0042af80 FUN_00440d30"
00448640,FUN_00448640,97,2,"FUN_004151f0"
00448750,FUN_00448750,2208,1,"FUN_004010b0 FUN_00401680 FUN_004016b0 FUN_00405730 FUN_0042aed0 FUN_0043b7b0 FUN_00441890"
00449070,FUN_00449070,358,1,"FUN_00401440 FUN_00401560 FUN_00401680 FUN_004016b0 FUN_00404910 FUN_00406200 FUN_00440cb0 FUN_00440d90 FUN_00441890"
004491e0,FUN_004491e0,1433,1,"FUN_004010b0 FUN_00401140 FUN_004014f0 FUN_00401500 FUN_00401560 FUN_00403de0 FUN_00405730 FUN_00406790 FUN_0040f840 FUN_0041bb70 FUN_0041dff0 FUN_0042aed0 FUN_0042af80 FUN_00440d30 FUN_00441890"
00449780,FUN_00449780,101,2,"FUN_004151f0"
004497f0,FUN_004497f0,327,1,"FUN_00401440 FUN_00401500 FUN_00401560 FUN_00401680 FUN_004016b0 FUN_00404910 FUN_00406200 FUN_00440cb0 FUN_00440d90 FUN_00441890"
00449a10,FUN_00449a10,311,1,"FUN_00401680 FUN_004016b0 FUN_00405730 FUN_0042aed0 FUN_0043b7b0 FUN_00441890"
00449b50,FUN_00449b50,71,2,""
00449c70,FUN_00449c70,98,2,"FUN_00401060 FUN_00401070 FUN_0042aed0"
00449ce0,FUN_00449ce0,98,2,"FUN_00401060 FUN_00401070 FUN_0042aed0"
00449d50,FUN_00449d50,732,2,"FUN_00401100 FUN_00401140 FUN_00401470 FUN_0040f5a0 FUN_0042aed0 FUN_00441890 FUN_00449b50"
0044a030,FUN_0044a030,763,1,"FUN_00401440 FUN_00401560 FUN_00401680 FUN_004016b0 FUN_00404910 FUN_00405730 FUN_00406200 FUN_00440cb0 FUN_00440d90 FUN_00441890"
0044a330,FUN_0044a330,818,1,"FUN_00401140 FUN_004014f0 FUN_00401500 FUN_00401540 FUN_00401560 FUN_00403de0 FUN_00405730 FUN_0042af80 FUN_00441890"
0044a780,FUN_0044a780,921,1,"FUN_00401100 FUN_00401140 FUN_00401470 FUN_00401680 FUN_004016b0 FUN_0040f5a0 FUN_0042aed0 FUN_0043b7b0 FUN_00441890"
0044ab20,FUN_0044ab20,3,0,""
0044ab90,FUN_0044ab90,139,4,"FUN_00401060 FUN_00401070 FUN_0041bb00 FUN_0041f350"
0044ac20,FUN_0044ac20,436,1,"FUN_00401440 FUN_00401560 FUN_00401680 FUN_004016b0 FUN_004048b0 FUN_00404910 FUN_00406200 FUN_00440cb0 FUN_00440d90 FUN_00441890"
0044ade0,FUN_0044ade0,405,1,"FUN_004014f0 FUN_00401500 FUN_00401540 FUN_00403de0 FUN_00404920 FUN_0040d500 FUN_004131c0 FUN_0042af80"
0044af80,FUN_0044af80,101,2,"FUN_004151f0"
0044b090,FUN_0044b090,314,1,"FUN_00401680 FUN_004016b0 FUN_00405730 FUN_0043b7b0 FUN_00441890"
0044b220,FUN_0044b220,721,1,"FUN_00401440 FUN_00401560 FUN_00401680 FUN_004016b0 FUN_00404910 FUN_00405730 FUN_00406200 FUN_00440cb0 FUN_00440d90 FUN_00441890"
0044b500,FUN_0044b500,1054,1,"FUN_00401140 FUN_004014f0 FUN_00401500 FUN_00401560 FUN_00403de0 FUN_00405730 FUN_0040d500 FUN_004130f0 FUN_004131c0 FUN_0042aed0 FUN_0042af80 FUN_00441890"
0044b940,FUN_0044b940,310,1,"FUN_00401680 FUN_004016b0 FUN_0043b8f0"
0044baf0,FUN_0044baf0,314,1,"FUN_00401680 FUN_004016b0 FUN_00405730 FUN_0043b7b0 FUN_00441890"
0044bc80,FUN_0044bc80,71,2,"FUN_00401140"
0044bcd0,FUN_0044bcd0,361,1,"FUN_00401440 FUN_00401560 FUN_00401680 FUN_004016b0 FUN_00404910 FUN_00406200 FUN_00440cb0 FUN_00440d90 FUN_00441890"
0044be40,FUN_0044be40,475,1,"FUN_004014f0 FUN_00401500 FUN_00401560 FUN_00403de0 FUN_00404920 FUN_00406200 FUN_0040d500 FUN_00412700 FUN_004130f0 FUN_0042af80"
0044c090,FUN_0044c090,506,1,"FUN_00401680 FUN_004016b0 FUN_0043b670"
0044c2e0,FUN_0044c2e0,98,2,"FUN_00401140"
0044c350,FUN_0044c350,361,1,"FUN_00401440 FUN_00401560 FUN_00401680 FUN_004016b0 FUN_00404910 FUN_00406200 FUN_00440cb0 FUN_00440d90 FUN_00441890"
0044c4c0,FUN_0044c4c0,446,1,"FUN_004014f0 FUN_00401500 FUN_00401560 FUN_00403de0 FUN_00404920 FUN_0040d500 FUN_00412730 FUN_004130f0 FUN_0042af80"
0044c790,FUN_0044c790,972,1,"FUN_00401680 FUN_004016b0 FUN_0043b670"
0044e5a0,DirectInput8Create,6,0,""
0044e5a6,DirectSoundCreate8,6,0,""
0044e5ac,Direct3DCreate8,6,0,""
0044e5b2,FUN_0044e5b2,45,2,""
0044e5ec,FUN_0044e5ec,42,6,"FUN_0044e5ec FUN_0045331c"
0044e616,FUN_0044e616,142,6,""
0044e6a4,FUN_0044e6a4,42,6,"FUN_0044e6a4 FUN_0045331c"
0044e6ce,FUN_0044e6ce,175,6,""
0044e77d,FUN_0044e77d,47,6,"FUN_0044e77d FUN_0045331c"
0044e7ac,FUN_0044e7ac,67,6,""
0044e816,FUN_0044e816,13,0,"FUN_0045331c"
0044e823,thunk_FUN_0044e816,6,0,""
0044e853,FUN_0044e853,174,6,""
0044e901,FUN_0044e901,42,6,"FUN_0044e901 FUN_0045331c"
0044e92b,FUN_0044e92b,209,6,""
0044e9fc,FUN_0044e9fc,47,6,"FUN_0044e9fc FUN_0045331c"
0044ea2b,FUN_0044ea2b,93,6,""
0044eb20,FUN_0044eb20,13,0,"FUN_0045331c"
0044eb2d,thunk_FUN_0044eb20,6,0,""
0044eba6,FUN_0044eba6,17,0,"FUN_0045331c"
0044ebb7,thunk_FUN_0044eba6,6,0,""
0044ed02,FUN_0044ed02,209,6,""
0044edd3,FUN_0044edd3,42,6,"FUN_0044edd3 FUN_0045331c"
0044edfd,FUN_0044edfd,243,6,""
0044eef0,FUN_0044eef0,47,6,"FUN_0044eef0 FUN_0045331c"
0044ef1f,FUN_0044ef1f,119,6,""
0044f119,FUN_0044f119,13,0,"FUN_0045331c"
0044f126,thunk_FUN_0044f119,6,0,""
0044f362,FUN_0044f362,13,0,"FUN_0045331c"
0044f36f,thunk_FUN_0044f362,6,0,""
0044f625,FUN_0044f625,13,0,"FUN_0045331c"
0044f632,thunk_FUN_0044f625,6,0,""
0044f9c5,FUN_0044f9c5,46,4,"FUN_0044f9c5 FUN_0045331c"
0044fa4f,FUN_0044fa4f,46,4,"FUN_0044fa4f FUN_0045331c"
0044fad9,FUN_0044fad9,28,2,"FUN_0044fad9 FUN_0045331c"
0044faf5,thunk_FUN_0044fad9,6,2,""
0044fb75,FUN_0044fb75,28,2,"FUN_0044fb75 FUN_0045331c"
0044fb91,thunk_FUN_0044fb75,6,2,""
0044fc12,FUN_0044fc12,28,2,"FUN_0044fc12 FUN_0045331c"
0044fc2e,thunk_FUN_0044fc12,6,2,""
0044fcb0,FUN_0044fcb0,32,3,"FUN_0044fcb0 FUN_0045331c"
0044fcd0,FUN_0044fcd0,258,3,"thunk_FUN_0044e816"
0044fdd2,FUN_0044fdd2,13,0,"FUN_0045331c"
0044fddf,thunk_FUN_0044fdd2,6,0,""
0044fec7,FUN_0044fec7,46,4,"FUN_0044fec7 FUN_0045331c"
0044fef5,FUN_0044fef5,17,0,"FUN_0045331c"
0044ff06,FUN_0044ff06,39,5,"FUN_0044ff06 FUN_0045331c"
0044ff2d,FUN_0044ff2d,230,5,"thunk_FUN_0044f119 thunk_FUN_0044fdd2"
00450013,FUN_00450013,328,4,"thunk_FUN_0044e816"
0045015b,FUN_0045015b,148,5,""
004503f4,FUN_004503f4,32,3,"FUN_004503f4 FUN_0045331c"
00450414,FUN_00450414,92,3,"thunk_FUN_0044e816"
00450470,FUN_00450470,46,4,"FUN_00450470 FUN_0045331c"
0045049e,thunk_FUN_00450470,6,4,""
0045057d,FUN_0045057d,13,0,"FUN_0045331c"
0045058a,thunk_FUN_0045057d,6,0,""
00450633,FUN_00450633,13,0,"FUN_0045331c"
00450640,thunk_FUN_00450633,6,0,""
004506fa,FUN_004506fa,6,0,""
0045077e,FUN_0045077e,6,0,""
0045081f,FUN_0045081f,36,4,"FUN_0045081f FUN_0045331c"
00450843,thunk_FUN_0045081f,6,4,""
0045092c,FUN_0045092c,42,6,"FUN_0045092c FUN_0045331c"
00450956,FUN_00450956,87,6,"thunk_FUN_0045081f"
004509ad,FUN_004509ad,17,0,"FUN_0045331c"
004509ed,FUN_004509ed,139,6,"FUN_0044e5b2 thunk_FUN_0045081f"
00450a78,FUN_00450a78,13,0,"FUN_0045331c"
00450a85,thunk_FUN_00450a78,6,0,""
00450d7e,FUN_00450d7e,141,2,"FUN_0044e5b2"
00450e0b,FUN_00450e0b,107,3,""
00450e76,FUN_00450e76,128,3,"FUN_0044e5b2"
00450ef6,FUN_00450ef6,60,3,""
00450f32,FUN_00450f32,160,2,"FUN_0044e5b2"
00450fd2,FUN_00450fd2,191,3,"FUN_0044e5b2"
00451091,FUN_00451091,365,6,"thunk_FUN_0044eb20 thunk_FUN_0044f119"
0045121e,FUN_0045121e,390,6,"thunk_FUN_0044eb20 thunk_FUN_0044f119 thunk_FUN_0044f625"
004513c4,FUN_004513c4,185,2,"FUN_0044e5b2"
0045147d,FUN_0045147d,57,4,"thunk_FUN_0044fdd2 thunk_FUN_00450470"
004514b6,FUN_004514b6,692,7,"thunk_FUN_0044f119 thunk_FUN_0044f362 thunk_FUN_0044fdd2"
0045176a,FUN_0045176a,218,2,"thunk_FUN_00450a78"
00451844,FUN_00451844,191,1,"thunk_FUN_00450a78"
00451cdd,FUN_00451cdd,36,1,""
00451d01,FUN_00451d01,117,2,""
00451d76,FUN_00451d76,226,4,"FUN_00451d01 FUN_004533f9"
00451e58,FUN_00451e58,49,1,""
00451e89,FUN_00451e89,223,10,"FUN_00455138 FUN_00455142 FUN_004588f3 FUN_00458a0d FUN_00458aa7 thunk_FUN_00458a1d"
00451f6b,FUN_00451f6b,211,11,"FUN_00455138 FUN_00455142 FUN_004588f3 FUN_00458a86 FUN_00458ebf thunk_FUN_00458a8c"
0045203e,FUN_0045203e,810,10,"FUN_00451cdd FUN_00451d76"
00452368,FUN_00452368,40,8,"FUN_0045203e"
00452390,FUN_00452390,102,9,"FUN_00452368"
004523f6,FUN_004523f6,184,9,"FUN_00451e89 FUN_00453489 FUN_004534a2 FUN_00454f63"
004524ae,FUN_004524ae,422,8,"FUN_00451e89 FUN_004533f9 FUN_00458a0d FUN_00458aa7 thunk_FUN_00458a1d"
00452654,FUN_00452654,134,8,"FUN_00451f6b FUN_00458a86 FUN_00458ebf thunk_FUN_00458a8c"
004526da,FUN_004526da,740,4,"FUN_004524ae FUN_00452654"
004529be,FUN_004529be,1651,0,"FUN_00451cdd FUN_00451d76 FUN_00451e58 FUN_00451e89 FUN_00451f6b FUN_0045203e FUN_004526da FUN_00453489 FUN_004534a2 FUN_00454f63 FUN_0047ca90"
00453031,FUN_00453031,64,0,"FUN_004529be"
00453071,FUN_00453071,92,3,"RegCloseKey RegOpenKeyA RegQueryValueExA"
004530cd,FUN_004530cd,37,2,""
004530f2,FUN_004530f2,153,0,"FUN_004530cd RegCloseKey RegOpenKeyA RegQueryValueExA"
0045318b,FUN_0045318b,56,2,""
004531c3,FUN_004531c3,58,0,"FUN_00453209 FUN_0047ca90"
004531fd,Catch@004531fd,12,0,""
00453209,FUN_00453209,90,0,""
00453268,FUN_00453268,180,1,"FUN_0045318b FUN_004531c3 GetVersionExA IsProcessorFeaturePresent"
0045331c,FUN_0045331c,221,1,"FUN_00453071 FUN_00453268 FUN_0045e440 FUN_0045e550 FUN_0045e735 FUN_0045edb7"
004533f9,FUN_004533f9,144,1,"GetModuleHandleA GetProcAddress LoadLibraryA"
00453489,FUN_00453489,25,1,""
004534a2,FUN_004534a2,89,1,"FUN_004534a2 _free"
004534fb,FUN_004534fb,28,2,"FUN_004534a2 _free"
00453517,FUN_00453517,1814,3,"operator_new"
00453c2d,FUN_00453c2d,27,1,"_longjmp"
00453c49,FUN_00453c49,1,0,""
00453c70,FUN_00453c70,624,2,"FUN_004530f2 FUN_0045edf3 FUN_0045f0c5 FUN_0045f16c FUN_0045f278 FUN_0045f2fc FUN_00460bb5 __setjmp3 operator_new thunk_FUN_0046e7ec"
00453ee0,FUN_00453ee0,1191,3,"operator_new"
00454387,FUN_00454387,646,3,"_isdigit _isspace operator_new"
0045465c,FUN_0045465c,1430,2,"FUN_00460d1f FUN_00460e22 FUN_00460f95 FUN_0046135c FUN_004614cc FUN_0046154d FUN_00461567 FUN_0046157d FUN_00461593 FUN_004615bc FUN_004615e7 FUN_004616b8 FUN_004616eb FUN_00461752 FUN_0046175b FUN_0046176d FUN_0046179f FUN_004618d8 FUN_0046190e FUN_00462f6f FUN_00463032 FUN_00463071 FUN_00463176 FUN_0047d900 __ftol __setjmp3 _free operator_new"
00454bf2,FUN_00454bf2,833,3,"FUN_00451cdd FUN_00453489 operator_new"
00454f33,FUN_00454f33,48,3,"FUN_00453517"
00454f63,FUN_00454f63,469,5,"FUN_00451e58 FUN_004534fb FUN_00453517 FUN_00453c70 FUN_00453ee0 FUN_00454387 FUN_0045465c FUN_00454bf2 FUN_00454f33 _free"
00455138,FUN_00455138,10,1,""
00455142,FUN_00455142,30,1,""
00455176,FUN_00455176,701,3,"FUN_0047db50 __ftol operator_new"
00455433,FUN_00455433,76,2,"_free `eh_vector_destructor_iterator'"
0045547f,FUN_0045547f,1140,0,"FUN_00401470 FUN_00455176 FUN_00455433 FUN_0047ca90 _free `eh_vector_constructor_iterator' operator_new"
004558f3,FUN_004558f3,398,1,""
00455a81,FUN_00455a81,294,6,""
00455ba7,FUN_00455ba7,49,1,"FUN_00455dd6"
00455bd8,FUN_00455bd8,232,6,""
00455cc0,FUN_00455cc0,278,6,"FUN_00455a81"
00455dd6,FUN_00455dd6,56,0,"FUN_004530f2"
00455e0e,FUN_00455e0e,47,0,"FUN_004530f2"
00455e3d,FUN_00455e3d,49,1,"FUN_00455e0e"
00455e6e,FUN_00455e6e,336,1,""
00455fbe,FUN_00455fbe,292,1,""
004560e2,FUN_004560e2,335,1,""
00456231,FUN_00456231,339,1,""
00456384,FUN_00456384,319,1,""
004564c3,FUN_004564c3,155,1,""
0045655e,FUN_0045655e,332,1,""
004566aa,FUN_004566aa,289,1,""
004567cb,FUN_004567cb,332,1,""
00456917,FUN_00456917,319,1,""
00456a56,FUN_00456a56,312,1,"FUN_004558f3"
00456b8e,FUN_00456b8e,241,0,"FUN_00401470 FUN_0047ca90 _free operator_new"
00456c7f,FUN_00456c7f,514,0,"FUN_00401470 FUN_0047ca90 _free operator_new"
00456e81,FUN_00456e81,516,0,"FUN_00401470 FUN_0047ca90 _free operator_new"
00457085,FUN_00457085,1027,0,"FUN_00401470 FUN_00455ba7 FUN_00455e3d FUN_00455e6e FUN_00455fbe FUN_004560e2 FUN_00456231 FUN_00456384 FUN_004564c3 FUN_0045655e FUN_004566aa FUN_004567cb FUN_00456917 FUN_0047ca90 _free operator_new"
004574a8,FUN_004574a8,1170,0,"FUN_00401470 FUN_0047ca90 _free operator_new"
0045793a,FUN_0045793a,256,1,"FUN_0047db50 operator_new"
00457a3a,FUN_00457a3a,998,0,"FUN_00401470 FUN_0045793a FUN_0047ca90 _free operator_new"
00457e20,FUN_00457e20,1841,0,"FUN_00401470 FUN_0045793a FUN_0047ca90 _free operator_new"
00458551,FUN_00458551,930,0,"FUN_00401470 FUN_00455176 FUN_00455433 FUN_0047ca90 _free `eh_vector_constructor_iterator' operator_new"
004588f3,FUN_004588f3,282,4,"FUN_0045547f FUN_00456a56 FUN_00456b8e FUN_00456c7f FUN_00456e81 FUN_00457085 FUN_004574a8 FUN_00457a3a FUN_00457e20 FUN_00458551 FUN_00459c4c FUN_0045dc9c"
00458a0d,FUN_00458a0d,16,1,""
00458a1d,FUN_00458a1d,105,1,""
00458a86,FUN_00458a86,6,1,""
00458a8c,FUN_00458a8c,22,1,""
00458aa2,thunk_FUN_00458a1d,5,1,""
00458aa7,FUN_00458aa7,1043,7,"FUN_004533f9 FUN_00458a1d"
00458eba,thunk_FUN_00458a8c,5,1,""
00458ebf,FUN_00458ebf,859,7,"FUN_004533f9 FUN_00458a8c"
0045921a,FUN_0045921a,19,1,"_free"
00459230,FUN_00459230,759,2,""
00459527,FUN_00459527,160,0,"FUN_0045921a FUN_0047ca90 _free"
004595c7,FUN_004595c7,1018,0,"FUN_00401470 FUN_00459230 FUN_0047ca90 _free operator_new"
004599c1,FUN_004599c1,35,1,""
004599e4,FUN_004599e4,588,4,"FUN_00401470"
00459c30,FUN_00459c30,28,2,"FUN_0045921a _free"
00459c4c,FUN_00459c4c,123,0,"FUN_00401470 FUN_0047ca90 operator_new"
00459cc7,FUN_00459cc7,204,1,"FUN_00459230"
00459d93,FUN_00459d93,112,2,""
00459e03,FUN_00459e03,236,4,"FUN_00459230 FUN_004599c1"
00459eef,FUN_00459eef,291,4,"FUN_00459230 FUN_004599c1"
0045a012,FUN_0045a012,257,4,"FUN_00459230 FUN_004599c1"
0045a113,FUN_0045a113,257,4,"FUN_00459230 FUN_004599c1"
0045a214,FUN_0045a214,257,4,"FUN_00459230 FUN_004599c1"
0045a315,FUN_0045a315,285,4,"FUN_00459230 FUN_004599c1"
0045a432,FUN_0045a432,291,4,"FUN_00459230 FUN_004599c1"
0045a555,FUN_0045a555,254,4,"FUN_00459230 FUN_004599c1"
0045a653,FUN_0045a653,169,4,"FUN_00459230 FUN_004599c1"
0045a6fc,FUN_0045a6fc,291,4,"FUN_00459230 FUN_004599c1"
0045a81f,FUN_0045a81f,257,4,"FUN_00459230 FUN_004599c1"
0045a920,FUN_0045a920,291,4,"FUN_00459230 FUN_004599c1"
0045aa43,FUN_0045aa43,208,4,"FUN_00459230 FUN_004599c1"
0045ab13,FUN_0045ab13,280,4,"FUN_00459230 FUN_004599c1"
0045ac2b,FUN_0045ac2b,197,4,"FUN_00459230"
0045acf0,FUN_0045acf0,197,4,"FUN_00459230 FUN_004599c1"
0045adb5,FUN_0045adb5,246,4,"FUN_00459230 FUN_004599c1"
0045aeab,FUN_0045aeab,235,4,"FUN_00459230 FUN_004599c1"
0045af96,FUN_0045af96,213,4,"FUN_00459230 FUN_004599c1"
0045b06b,FUN_0045b06b,261,4,"FUN_00459230 FUN_004599c1"
0045b170,FUN_0045b170,267,4,"FUN_00459230 FUN_004599c1"
0045b27b,FUN_0045b27b,314,4,"FUN_00459230 FUN_004599c1"
0045b3b5,FUN_0045b3b5,214,4,"FUN_00459230 FUN_004599c1"
0045b48b,FUN_0045b48b,266,4,"FUN_00459230 FUN_004599c1"
0045b595,FUN_0045b595,310,4,"FUN_00459230 FUN_004599c1"
0045b6cb,FUN_0045b6cb,199,4,"FUN_00459230 FUN_004599c1"
0045b792,FUN_0045b792,238,4,"FUN_00459230 FUN_004599c1"
0045b880,FUN_0045b880,239,4,"FUN_00459230 FUN_004599c1"
0045b96f,FUN_0045b96f,348,4,"FUN_00459230 FUN_004599c1"
0045bacb,FUN_0045bacb,140,4,"FUN_00459d93"
0045bb57,FUN_0045bb57,166,4,"FUN_00459d93"
0045bbfd,FUN_0045bbfd,156,4,"FUN_00459d93"
0045bc99,FUN_0045bc99,165,4,"FUN_00459d93"
0045bd3e,FUN_0045bd3e,162,4,"FUN_00459d93"
0045bde0,FUN_0045bde0,176,4,"FUN_00459d93"
0045be90,FUN_0045be90,175,4,"FUN_00459d93"
0045bf3f,FUN_0045bf3f,214,4,"FUN_00459d93"
0045c015,FUN_0045c015,146,4,"FUN_00459d93"
0045c0a7,FUN_0045c0a7,162,4,"FUN_00459d93"
0045c149,FUN_0045c149,114,4,"FUN_00459d93"
0045c1bb,FUN_0045c1bb,178,4,"FUN_00459d93"
0045c26d,FUN_0045c26d,159,4,"FUN_00459d93"
0045c30c,FUN_0045c30c,135,4,"FUN_00459d93"
0045c3f7,FUN_0045c3f7,110,4,"FUN_00459d93"
0045c465,FUN_0045c465,137,4,"FUN_00459d93"
0045c4ee,FUN_0045c4ee,137,4,"FUN_00459d93"
0045c577,FUN_0045c577,130,4,"FUN_00459d93"
0045c5f9,FUN_0045c5f9,177,4,"FUN_00459d93"
0045c6aa,FUN_0045c6aa,145,4,"FUN_00459d93"
0045c73b,FUN_0045c73b,151,4,"FUN_00459d93"
0045c7d2,FUN_0045c7d2,131,4,"FUN_00459d93"
0045c855,FUN_0045c855,186,4,"FUN_00459d93"
0045c90f,FUN_0045c90f,211,4,"FUN_00459d93"
0045c9e2,FUN_0045c9e2,112,4,"FUN_00459d93"
0045ca52,FUN_0045ca52,142,4,"FUN_00459d93"
0045cae0,FUN_0045cae0,140,4,"FUN_00459d93"
0045cb6c,FUN_0045cb6c,224,4,"FUN_00459d93 __aullshr"
0045cc4c,FUN_0045cc4c,28,2,"FUN_004599e4"
0045cc68,FUN_0045cc68,248,0,"FUN_00401470 FUN_004599e4 FUN_0047ca90 operator_new"
0045cd60,FUN_0045cd60,28,2,"FUN_004599e4"
0045cd7c,FUN_0045cd7c,28,2,"FUN_004599e4"
0045cd98,FUN_0045cd98,28,2,"FUN_004599e4"
0045cdb4,FUN_0045cdb4,492,1,""
0045cfa0,FUN_0045cfa0,28,2,"FUN_004599e4"
0045cfbc,FUN_0045cfbc,28,2,"FUN_004599e4"
0045cfd8,FUN_0045cfd8,721,4,"FUN_0045cdb4"
0045d2a9,FUN_0045d2a9,28,2,"FUN_004599e4"
0045d2c5,FUN_0045d2c5,28,2,"FUN_004599e4"
0045d2e1,FUN_0045d2e1,28,2,"_free thunk_FUN_0045921a"
0045d2fd,FUN_0045d2fd,28,2,"FUN_004599e4"
0045d319,FUN_0045d319,28,2,"FUN_004599e4"
0045d335,FUN_0045d335,28,2,"FUN_004599e4"
0045d351,FUN_0045d351,141,4,"FUN_00459230 FUN_0045cfd8"
0045d3de,FUN_0045d3de,28,2,"FUN_004599e4"
0045d469,FUN_0045d469,28,2,"FUN_004599e4"
0045d485,FUN_0045d485,498,2,"FUN_004599e4"
0045d677,FUN_0045d677,28,2,"FUN_004599e4"
0045d693,FUN_0045d693,28,2,"FUN_004599e4"
0045d6af,FUN_0045d6af,28,2,"FUN_004599e4"
0045d6cb,FUN_0045d6cb,28,2,"FUN_004599e4"
0045d6e7,FUN_0045d6e7,28,2,"FUN_00459527 _free"
0045d703,FUN_0045d703,28,2,"FUN_004599e4"
0045d71f,FUN_0045d71f,257,1,""
0045d820,FUN_0045d820,28,2,"FUN_004599e4"
0045d83c,FUN_0045d83c,28,2,"FUN_004599e4"
0045d858,FUN_0045d858,28,2,"FUN_004599e4"
0045d874,FUN_0045d874,28,2,"FUN_004599e4"
0045d890,FUN_0045d890,28,2,"FUN_004599e4"
0045d8ac,FUN_0045d8ac,28,2,"FUN_004599e4"
0045d8c8,FUN_0045d8c8,28,2,"FUN_004599e4"
0045d8e4,FUN_0045d8e4,28,2,"FUN_004599e4"
0045d900,FUN_0045d900,681,0,"FUN_00401470 FUN_004599c1 FUN_0047ca90 operator_new"
0045dba9,FUN_0045dba9,28,2,"FUN_004599e4"
0045dbc5,FUN_0045dbc5,28,2,"FUN_004599e4"
0045dbe1,thunk_FUN_0045921a,5,1,""
0045dbe6,FUN_0045dbe6,28,2,"FUN_004599e4"
0045dc02,FUN_0045dc02,28,2,"_free thunk_FUN_00459527"
0045dc1e,FUN_0045dc1e,24,2,"FUN_0045d485"
0045dc36,thunk_FUN_00459527,5,0,""
0045dc3b,FUN_0045dc3b,73,0,"FUN_0045921a FUN_0045cdb4 FUN_0047ca90 _free"
0045dc84,FUN_0045dc84,24,1,"FUN_0045cc68"
0045dc9c,FUN_0045dc9c,1824,0,"FUN_0045cc4c FUN_0045cd60 FUN_0045cd7c FUN_0045cd98 FUN_0045cfa0 FUN_0045cfbc FUN_0045d2a9 FUN_0045d2c5 FUN_0045d2fd FUN_0045d319 FUN_0045d335 FUN_0045d3de FUN_0045d469 FUN_0045d677 FUN_0045d693 FUN_0045d6af FUN_0045d6cb FUN_0045d703 FUN_0045d820 FUN_0045d83c FUN_0045d858 FUN_0045d874 FUN_0045d890 FUN_0045d8ac FUN_0045d8c8 FUN_0045d8e4 FUN_0045dba9 FUN_0045dbc5 FUN_0045dbe6 FUN_0045dc1e FUN_0045dc84 FUN_0047ca90 operator_new"
0045e414,FUN_0045e414,28,2,"_free thunk_FUN_0045dc3b"
0045e430,thunk_FUN_0045dc3b,5,0,""
0045e440,FUN_0045e440,262,1,""
0045e550,FUN_0045e550,266,1,""
0045e660,FUN_0045e660,213,0,""
0045e735,FUN_0045e735,550,1,"FUN_0045e660"
0045eb7c,FUN_0045eb7c,202,2,""
0045ec46,FUN_0045ec46,227,3,""
0045ed29,FUN_0045ed29,142,3,""
0045edb7,FUN_0045edb7,60,1,""
0045edf3,FUN_0045edf3,192,3,"FUN_00460a27 FUN_0046d856 FUN_0046dd60 FUN_0046e716"
0045eeb3,thunk_FUN_0046e7ec,5,1,""
0045eeb8,FUN_0045eeb8,371,0,""
0045f02b,FUN_0045f02b,154,1,"FUN_0045eeb8"
0045f0c5,FUN_0045f0c5,167,1,"FUN_0046e7ca"
0045f16c,FUN_0045f16c,99,2,"FUN_0045f02b FUN_0046e7ca"
0045f1cf,FUN_0045f1cf,169,0,""
0045f278,FUN_0045f278,132,3,""
0045f2fc,FUN_0045f2fc,193,1,"FUN_0045f1cf FUN_0046ee09"
0045f3bd,FUN_0045f3bd,142,0,""
0045f44b,FUN_0045f44b,763,2,""
0045f746,FUN_0045f746,690,0,""
0045f9f8,FUN_0045f9f8,572,1,""
0045fc34,FUN_0045fc34,378,1,""
0045fdae,FUN_0045fdae,343,0,""
0045ff05,FUN_0045ff05,660,0,"FUN_0046e823"
00460199,FUN_00460199,553,0,"FUN_0046e807"
004603c2,FUN_004603c2,215,1,""
00460499,FUN_00460499,156,1,""
00460535,FUN_00460535,215,1,""
0046060c,FUN_0046060c,151,1,""
00460890,FUN_00460890,126,1,"FUN_00460535"
004609fd,FUN_004609fd,42,1,""
00460a27,FUN_00460a27,125,1,"FUN_004609fd"
00460aa4,FUN_00460aa4,26,1,"FUN_0046e7ec _exit"
00460bb5,FUN_00460bb5,76,1,""
00460c01,FUN_00460c01,135,3,""
00460c88,FUN_00460c88,26,4,""
00460ca2,FUN_00460ca2,29,2,"_longjmp"
00460cc0,FUN_00460cc0,21,2,""
00460cd5,FUN_00460cd5,37,2,"FUN_00460c01 FUN_00460ca2"
00460cfa,FUN_00460cfa,37,2,"FUN_00460c01 FUN_00460cc0"
00460d1f,FUN_00460d1f,259,4,"FUN_00460c88 FUN_00460ca2 FUN_00463032 FUN_0046ef9b FUN_0046f319 FUN_0046f35b FUN_0046f368 FUN_0046f39e __setjmp3"
00460e22,FUN_00460e22,371,2,"FUN_00460ca2 FUN_0046300a FUN_00463071 FUN_00463111 FUN_0046f40b FUN_0046f42e FUN_0046fd8a FUN_0046ff80 FUN_004700aa FUN_004700f4 FUN_004701ff FUN_004702ee FUN_004704a5"
00460f95,FUN_00460f95,32,2,"FUN_00461917 FUN_0046fb62"
00460fb5,FUN_00460fb5,935,4,"FUN_00460ca2 FUN_00462cd7 FUN_0046300a FUN_00463111 FUN_0046efb2 FUN_0046f3b7 FUN_0046f40b FUN_0046f42e FUN_0046f508 FUN_0046f71e FUN_0046f9e7 FUN_0046fb62 FUN_0046fcfe FUN_004704ef"
0046135c,FUN_0046135c,77,2,"FUN_00460fb5 FUN_00461786"
004613a9,FUN_004613a9,291,3,"FUN_00463168 FUN_0046ee78 FUN_0046f39e thunk_FUN_0046f39e"
004614cc,FUN_004614cc,129,3,"FUN_004613a9 FUN_0046f35b"
0046154d,FUN_0046154d,26,3,""
00461567,FUN_00461567,22,2,""
0046157d,FUN_0046157d,22,2,""
00461593,FUN_00461593,41,3,""
004615bc,FUN_004615bc,43,3,""
004615e7,FUN_004615e7,209,9,"FUN_00460cc0"
004616b8,FUN_004616b8,51,4,""
004616eb,FUN_004616eb,103,5,""
00461752,FUN_00461752,9,1,""
0046175b,FUN_0046175b,18,1,""
0046176d,FUN_0046176d,25,1,""
00461786,FUN_00461786,25,1,""
0046179f,FUN_0046179f,77,3,""
004617ec,FUN_004617ec,45,2,""
00461819,FUN_00461819,191,2,""
004618d8,FUN_004618d8,54,3,""
0046190e,FUN_0046190e,9,1,""
00461917,FUN_00461917,235,2,""
00461a02,FUN_00461a02,272,2,""
00461b12,FUN_00461b12,375,3,""
00461c89,FUN_00461c89,68,2,""
00461ccd,FUN_00461ccd,568,4,""
00461f05,FUN_00461f05,846,5,""
00462253,FUN_00462253,520,5,""
0046245b,FUN_0046245b,850,3,""
004627ad,FUN_004627ad,270,4,""
004628bb,FUN_004628bb,777,1,"FUN_0046f368 FUN_0047d900 __ftol"
00462bc4,FUN_00462bc4,275,1,"FUN_004628bb"
00462cd7,FUN_00462cd7,440,1,"FUN_00460ca2 FUN_004617ec FUN_00461819 FUN_00461a02 FUN_00461b12 FUN_00461c89 FUN_00461ccd FUN_00461f05 FUN_00462253 FUN_0046245b FUN_004627ad"
00462e8f,FUN_00462e8f,27,3,""
00462eaa,FUN_00462eaa,161,9,"FUN_00460cc0"
00462f4b,FUN_00462f4b,36,4,""
00462f6f,FUN_00462f6f,27,3,""
00462f8a,FUN_00462f8a,57,3,"FUN_00462e8f FUN_00462f6f"
00462fc3,FUN_00462fc3,71,5,""
0046300a,FUN_0046300a,40,3,"FUN_00460ca2"
00463032,FUN_00463032,63,3,"FUN_00460cc0"
00463071,FUN_00463071,72,3,""
004630b9,FUN_004630b9,83,3,"FUN_0046f368"
0046310c,thunk_FUN_0046f39e,5,2,""
00463111,FUN_00463111,24,1,"FUN_00470713"
00463129,FUN_00463129,63,3,"FUN_00470713"
00463168,FUN_00463168,14,2,""
00463176,FUN_00463176,38,1,"FUN_0046f319"
0046319c,FUN_0046319c,76,1,""
004631e8,FUN_004631e8,126,1,""
00463266,FUN_00463266,48,1,""
00463296,FUN_00463296,35,1,""
004632b9,FUN_004632b9,250,1,"FUN_00463296"
004633b3,FUN_004633b3,773,4,"FUN_00463296"
004636b8,FUN_004636b8,1387,4,"FUN_00463296"
00463c23,FUN_00463c23,2052,2,"FUN_0046319c FUN_00463296 FUN_004632b9 FUN_004636b8"
00464427,FUN_00464427,318,2,"FUN_0046319c"
00464565,FUN_00464565,131,2,"FUN_00464427"
004645e8,FUN_004645e8,316,2,"FUN_00464427"
0046473c,FUN_0046473c,276,2,"FUN_00463296 FUN_00463c23"
00464850,FUN_00464850,1106,2,"FUN_00463296 FUN_004633b3 FUN_00463c23"
00464ce8,FUN_00464ce8,52,1,"FUN_00463266 FUN_0046473c"
00464d1c,FUN_00464d1c,52,1,"FUN_00463266 FUN_00464850"
00464d50,FUN_00464d50,64,3,""
00464d90,FUN_00464d90,89,3,""
00467116,FUN_00467116,179,3,"FUN_00470e40"
004676bf,FUN_004676bf,108,3,"FUN_0046c412 FUN_00471420"
0046772b,FUN_0046772b,311,4,"FUN_00470d40 FUN_00471540"
00467862,FUN_00467862,141,6,"FUN_0046772b"
004678ef,FUN_004678ef,146,6,"FUN_0046772b"
004679e5,FUN_004679e5,167,2,"FUN_00470e40 FUN_00471540"
00467b31,FUN_00467b31,2649,7,"FUN_00470e40 FUN_00471420 FUN_00471540"
00468c72,FUN_00468c72,57,1,""
00468e32,FUN_00468e32,4504,7,""
00469fca,FUN_00469fca,421,3,"FUN_00471420"
0046a6a3,FUN_0046a6a3,281,2,"FUN_0046c412 FUN_00471420"
0046a7bc,FUN_0046a7bc,4436,7,""
0046b910,FUN_0046b910,738,3,""
0046bfea,FUN_0046bfea,820,3,""
0046c412,FUN_0046c412,95,2,""
0046c6a0,FUN_0046c6a0,139,3,""
0046c72b,FUN_0046c72b,455,3,""
0046c8f7,FUN_0046c8f7,360,6,"FUN_0046c6a0 FUN_0046c72b"
0046ca7f,FUN_0046ca7f,518,6,"FUN_0046bfea FUN_0046c6a0 FUN_0046c72b"
0046cca5,FUN_0046cca5,307,6,"FUN_00468c72 FUN_0046b910 FUN_0046c6a0 FUN_0046c72b"
0046d6c8,FUN_0046d6c8,100,2,""
0046d7aa,FUN_0046d7aa,16,2,""
0046d7ba,FUN_0046d7ba,24,2,""
0046d7d2,FUN_0046d7d2,71,6,""
0046d819,FUN_0046d819,34,3,""
0046d83b,FUN_0046d83b,27,2,""
0046d856,FUN_0046d856,50,0,""
0046d888,FUN_0046d888,443,0,"FUN_0046d7aa"
0046da43,FUN_0046da43,374,0,"FUN_0046d7aa"
0046dbb9,FUN_0046dbb9,146,0,""
0046dc4b,FUN_0046dc4b,58,1,"FUN_0046da43 FUN_0046dbb9"
0046dd18,FUN_0046dd18,55,1,""
0046dd60,FUN_0046dd60,65,1,""
0046dda1,FUN_0046dda1,21,2,""
0046ddb6,FUN_0046ddb6,252,4,"FUN_0046dda1 FUN_00471938"
0046deb2,FUN_0046deb2,142,4,"FUN_0046dda1 FUN_00471938"
0046df40,FUN_0046df40,146,4,"FUN_0046ddb6 FUN_0046deb2"
0046dfd2,FUN_0046dfd2,158,4,"FUN_0046ddb6 FUN_0046deb2"
0046e070,FUN_0046e070,97,7,"FUN_0046ddb6"
0046e0d1,FUN_0046e0d1,97,7,"FUN_0046ddb6"
0046e132,FUN_0046e132,383,1,"FUN_0046df40 FUN_0046dfd2 FUN_0047194e FUN_00471953"
0046e2b1,FUN_0046e2b1,136,2,""
0046e339,FUN_0046e339,139,2,""
0046e3c4,FUN_0046e3c4,286,5,"FUN_0046d83b FUN_0046e2b1"
0046e4e2,FUN_0046e4e2,291,5,"FUN_0046d83b FUN_0046e339"
0046e605,FUN_0046e605,225,2,"FUN_00471943"
0046e6e6,FUN_0046e6e6,48,1,"FUN_00453c49 FUN_0046e605 FUN_00471943"
0046e716,FUN_0046e716,180,1,"FUN_00453c49 FUN_00471938 FUN_004889b8"
0046e7ca,FUN_0046e7ca,34,1,""
0046e7ec,FUN_0046e7ec,27,1,""
0046e807,FUN_0046e807,28,1,""
0046e823,FUN_0046e823,28,1,""
0046e83f,FUN_0046e83f,113,2,""
0046e8b0,FUN_0046e8b0,495,1,"FUN_0046d7aa FUN_0046e83f"
0046ea9f,FUN_0046ea9f,111,0,""
0046eb0e,FUN_0046eb0e,429,0,"FUN_0046e83f FUN_0046e8b0 FUN_0046ea9f FUN_00471ea5 FUN_00472ae1 FUN_004734b1 FUN_0047405f FUN_00474277 FUN_00474512 FUN_004749d1 FUN_0047515c FUN_00475755 FUN_004766ca FUN_0047715c"
0046ee09,FUN_0046ee09,48,1,"FUN_0046eb0e"
0046ee39,FUN_0046ee39,63,1,"FUN_004771e3"
0046ee78,FUN_0046ee78,62,1,"FUN_00477a76"
0046eeb6,FUN_0046eeb6,229,4,"FUN_0046ee39 FUN_0046ee78 FUN_0047724e FUN_00477bc3"
0046ef9b,FUN_0046ef9b,23,3,"FUN_0046eeb6"
0046efb2,FUN_0046efb2,815,2,"FUN_004771e3 FUN_004772db"
0046f319,FUN_0046f319,66,1,"_malloc"
0046f35b,FUN_0046f35b,13,1,"_free"
0046f368,FUN_0046f368,54,2,"FUN_00460ca2 _malloc"
0046f39e,FUN_0046f39e,25,2,"_free"
0046f3b7,FUN_0046f3b7,35,4,""
0046f3da,FUN_0046f3da,49,4,""
0046f40b,FUN_0046f40b,35,1,""
0046f42e,FUN_0046f42e,26,3,"FUN_0046300a FUN_00463129"
0046f448,FUN_0046f448,94,1,"FUN_0046300a FUN_0046f40b"
0046f4a6,FUN_0046f4a6,98,2,"FUN_00460cd5"
0046f508,FUN_0046f508,534,3,""
0046f71e,FUN_0046f71e,713,3,""
0046f9e7,FUN_0046f9e7,379,5,"FUN_00460cc0"
0046fb62,FUN_0046fb62,412,1,"FUN_00462bc4 FUN_0046f368 FUN_0046f3da"
0046fcfe,FUN_0046fcfe,140,2,"FUN_00460cd5 FUN_00460cfa FUN_0046f42e FUN_0046f448"
0046fd8a,FUN_0046fd8a,502,3,"FUN_00460ca2 FUN_00462eaa FUN_0046f40b FUN_0046f42e FUN_0046fcfe"
0046ff80,FUN_0046ff80,298,4,"FUN_00460ca2 FUN_00460cc0 FUN_00462f4b FUN_004630b9 FUN_0046f42e FUN_0046fcfe"
004700aa,FUN_004700aa,74,5,"FUN_00460ca2 FUN_00460cc0 FUN_0046fcfe"
004700f4,FUN_004700f4,267,3,"FUN_00460ca2 FUN_00460cc0 FUN_00462e8f FUN_0046f40b FUN_0046f42e FUN_0046fcfe"
004701ff,FUN_004701ff,239,3,"FUN_00460ca2 FUN_00460cc0 FUN_00462f8a FUN_0046f42e FUN_0046fcfe"
004702ee,FUN_004702ee,439,3,"FUN_00460ca2 FUN_00460cc0 FUN_00462fc3 FUN_0046f368 FUN_0046f42e FUN_0046fcfe"
004704a5,FUN_004704a5,74,3,"FUN_00460cd5 FUN_0046f4a6 FUN_0046fcfe"
004704ef,FUN_004704ef,548,2,"FUN_00460ca2 FUN_0046300a FUN_00463111 FUN_0046ee39 FUN_0046efb2 FUN_0046f3da FUN_0046f40b FUN_0046f42e FUN_0046fcfe"
00470713,FUN_00470713,265,3,""
00470820,FUN_00470820,492,3,""
00470a10,FUN_00470a10,232,0,""
00470b00,FUN_00470b00,329,3,""
00470d40,FUN_00470d40,245,0,""
00470e40,FUN_00470e40,247,0,""
00471420,FUN_00471420,275,0,""
00471540,FUN_00471540,277,0,""
00471938,FUN_00471938,11,2,"_malloc"
00471943,FUN_00471943,11,2,"_free"
0047194e,FUN_0047194e,5,3,""
00471953,FUN_00471953,20,1,""
00471967,FUN_00471967,168,0,""
00471a0f,FUN_00471a0f,305,0,""
00471b40,FUN_00471b40,212,0,""
00471c14,FUN_00471c14,150,0,""
00471caa,FUN_00471caa,104,4,""
00471d12,FUN_00471d12,264,4,"FUN_00471b40 FUN_00471c14"
00471ea5,FUN_00471ea5,211,2,"FUN_00471967"
00471f78,FUN_00471f78,63,1,""
00471fc7,FUN_00471fc7,474,2,"FUN_0046d83b FUN_00471f78"
004721a1,FUN_004721a1,415,1,"FUN_00471f78"
00472340,FUN_00472340,358,2,""
004724a6,FUN_004724a6,227,0,""
00472aa6,FUN_00472aa6,59,1,"FUN_004724a6"
00472ae1,FUN_00472ae1,248,2,"FUN_0046d7ba"
00472bd9,FUN_00472bd9,426,3,""
00472d83,FUN_00472d83,234,4,""
00472e6d,FUN_00472e6d,234,5,"FUN_00472d83"
00472f57,FUN_00472f57,94,1,""
00472fb5,FUN_00472fb5,973,2,"FUN_00472d83 FUN_00472e6d FUN_00472f57"
00473382,FUN_00473382,303,1,"FUN_00472bd9"
004734b1,FUN_004734b1,58,1,""
004734eb,FUN_004734eb,91,0,""
00473546,FUN_00473546,509,2,"FUN_00472d83 FUN_00472e6d FUN_004734eb"
00473743,FUN_00473743,553,2,"FUN_00472d83 FUN_00472e6d FUN_004734eb"
0047396c,FUN_0047396c,226,2,"FUN_00472d83 FUN_004734eb"
00473a4e,FUN_00473a4e,878,2,"FUN_00472d83 FUN_00472e6d FUN_004734eb"
00473dbc,FUN_00473dbc,675,1,"FUN_00472bd9"
0047405f,FUN_0047405f,97,1,""
004740c0,FUN_004740c0,439,1,""
00474277,FUN_00474277,116,1,""
004742eb,FUN_004742eb,101,7,""
00474350,FUN_00474350,144,6,""
004743e0,FUN_004743e0,140,1,""
00474512,FUN_00474512,131,2,"FUN_0046d7ba"
004745af,FUN_004745af,198,7,""
00474688,FUN_00474688,221,4,"FUN_0046d7d2"
00474765,FUN_00474765,87,4,""
004747bc,FUN_004747bc,106,4,"FUN_0046d7d2"
00474826,FUN_00474826,164,4,""
004748ca,FUN_004748ca,263,4,""
004749d1,FUN_004749d1,449,1,"FUN_0046d7ba"
00474b92,FUN_00474b92,176,0,""
00474c42,FUN_00474c42,107,5,""
00474cad,FUN_00474cad,35,5,"FUN_0046d7d2"
00474cd0,FUN_00474cd0,306,5,""
00474e02,FUN_00474e02,316,5,""
00474f3e,FUN_00474f3e,542,5,"FUN_00474e02"
0047515c,FUN_0047515c,289,1,"FUN_00474b92"
0047527d,FUN_0047527d,176,0,""
00475342,FUN_00475342,166,7,"FUN_0046d7d2"
004753e8,FUN_004753e8,49,6,""
00475419,FUN_00475419,342,4,""
0047556f,FUN_0047556f,486,4,""
00475755,FUN_00475755,117,1,"FUN_0047527d"
004757ca,FUN_004757ca,108,4,""
00475836,FUN_00475836,824,0,""
00475b6e,FUN_00475b6e,339,4,"FUN_00475836"
00475cc1,FUN_00475cc1,312,1,""
00475df9,FUN_00475df9,141,1,"FUN_00475836 FUN_00475b6e FUN_00475cc1"
00475e86,FUN_00475e86,384,3,""
00476006,FUN_00476006,282,7,""
00476120,FUN_00476120,208,3,"FUN_00475e86 FUN_00476006"
004761f0,FUN_004761f0,169,4,"FUN_00476120"
00476299,FUN_00476299,622,4,"FUN_00476120"
00476507,FUN_00476507,144,0,""
004765b9,FUN_004765b9,258,2,"FUN_0046d83b FUN_00476507"
004766ca,FUN_004766ca,275,1,"FUN_00476507"
004767dd,FUN_004767dd,203,2,""
004768a8,FUN_004768a8,301,0,"FUN_004767dd"
004769d5,FUN_004769d5,299,1,""
00476b00,FUN_00476b00,197,0,""
00476bc5,FUN_00476bc5,136,4,""
00476c4d,FUN_00476c4d,141,4,""
00476cda,FUN_00476cda,235,4,"FUN_0046d83b"
00476dc5,FUN_00476dc5,255,4,""
00476ec4,FUN_00476ec4,388,4,"FUN_0046d83b"
00477048,FUN_00477048,54,0,""
0047707e,FUN_0047707e,202,1,"FUN_0046d83b FUN_004769d5 FUN_00476b00 FUN_00477048"
0047715c,FUN_0047715c,135,1,"FUN_004768a8 FUN_004769d5 FUN_00477048"
004771e3,FUN_004771e3,107,3,"FUN_00478af4"
0047724e,FUN_0047724e,141,3,"FUN_004771e3"
004772db,FUN_004772db,1907,3,"FUN_0047855c FUN_00478590 FUN_00478af4 FUN_00478e8a FUN_00478f09 FUN_0047900c FUN_0047903b"
00477a76,FUN_00477a76,52,2,"FUN_004771e3"
00477aaa,FUN_00477aaa,281,3,""
00477bc3,FUN_00477bc3,16,3,"_calloc"
00477bd3,FUN_00477bd3,789,5,""
00477ee8,FUN_00477ee8,446,5,""
004780a6,FUN_004780a6,61,5,""
004780e3,FUN_004780e3,76,5,"FUN_00479150 FUN_004795b2"
0047812f,FUN_0047812f,76,5,"FUN_00479c6a FUN_00479fc5"
0047817b,FUN_0047817b,993,5,"__ftol"
0047855c,FUN_0047855c,52,5,""
00478590,FUN_00478590,1340,3,"FUN_0047903b FUN_0047ad98"
00478af4,FUN_00478af4,17,2,""
00478b05,FUN_00478b05,901,9,""
00478e8a,FUN_00478e8a,127,5,"FUN_00478b05"
00478f09,FUN_00478f09,259,9,"FUN_00478b05"
0047900c,FUN_0047900c,47,4,""
0047903b,FUN_0047903b,277,3,""
00479150,FUN_00479150,1122,6,""
004795b2,FUN_004795b2,1720,6,""
00479c6a,FUN_00479c6a,859,6,""
00479fc5,FUN_00479fc5,3539,6,""
0047ad98,FUN_0047ad98,693,6,""
0047b04e,WINNLSEnableIME,6,0,""
0047b054,FUN_0047b054,56,0,""
0047b08c,__fpmath,30,1,"FUN_0047b054 __ms_p5_mp_test_fdiv __setdefaultprecision"
0047b0aa,__heap_alloc,111,1,"FUN_0047b11c HeapAlloc __SEH_epilog __SEH_prolog ___sbh_alloc_block __lock"
0047b11c,FUN_0047b11c,9,0,"FUN_0047e439"
0047b125,__nh_malloc,44,2,"__callnewh __heap_alloc"
0047b151,_malloc,18,1,"__nh_malloc"
0047b163,_free,104,1,"FUN_0047b1b6 HeapFree __SEH_epilog __SEH_prolog ___sbh_find_block ___sbh_free_block __lock"
0047b1b6,FUN_0047b1b6,9,0,"FUN_0047e439"
0047b1d4,FUN_0047b1d4,117,0,""
0047b249,_free,5,1,""
0047b24e,operator_new,14,1,"__nh_malloc"
0047b25c,_JumpToContinuation,43,2,""
0047b28c,FID_conflict:_CallMemberFunction1,7,2,""
0047b293,_UnwindNestedFrames,82,2,"RtlUnwind"
0047b2e5,___CxxFrameHandler,54,4,"___InternalCxxFrameHandler"
0047b356,_CallSETranslator,199,7,"__getptd"
0047b41d,TranslatorGuardHandler,175,4,"_CallSETranslator _UnwindNestedFrames ___InternalCxxFrameHandler"
0047b4cf,_GetRangeOfTrysToCheck,122,5,"_inconsistency"
0047b549,_CreateFrameInfo,40,2,"__getptd"
0047b571,IsExceptionObjectToBeDestroyed,33,1,"__getptd"
0047b592,_FindAndUnlinkFrame,76,1,"__getptd _inconsistency"
0047b5de,_CallCatchBlock2,89,5,"__CallSettingFrame@12"
0047b638,__global_unwind2,32,1,"RtlUnwind"
0047b67a,__local_unwind2,104,2,"FUN_0047b70e"
0047b6e2,__abnormal_termination,35,0,""
0047b705,__NLG_Notify1,9,1,""
0047b70e,FUN_0047b70e,24,0,""
0047b73a,FUN_0047b73a,10,1,"__cintrindisp2"
0047b762,_atol,136,1,"___isctype_mt ___updatetlocinfo __getptd"
0047b7ea,_atol,5,1,""
0047b7ef,__store_str,32,2,""
0047b80f,__store_num,121,3,""
0047b888,__expandtime,614,5,"___tzset __store_num __store_str __store_winword"
0047baee,__store_winword,1139,6,"GetTimeFormatA __SEH_epilog __SEH_prolog ___ascii_stricmp __chkstk __expandtime _free _malloc"
0047bf78,__Strftime_mt,197,6,"__expandtime"
0047c03d,__Strftime,50,5,"__Strftime_mt ___updatetlocinfo __getptd"
0047c06f,_strftime,27,4,"__Strftime"
0047c08a,_localtime,384,1,"___tzset __isindst _gmtime"
0047c20a,FID_conflict:__time32,57,1,"GetSystemTimeAsFileTime __aulldiv"
0047c243,__onexit_lk,128,0,"__msize _realloc"
0047c2c3,___onexitinit,40,0,"_malloc"
0047c2eb,__onexit,50,1,"FUN_0047c31d FUN_0047dccf __SEH_epilog __SEH_prolog __onexit_lk"
0047c31d,FUN_0047c31d,6,0,"FUN_0047dcd8"
0047c323,_atexit,18,1,"__onexit"
0047c335,_vsprintf,87,3,"__flsbuf __output"
0047c390,_memset,96,3,""
0047c3f0,_strlen,139,1,""
0047c47b,_sprintf,88,2,"__flsbuf __output"
0047c4e0,FUN_0047c4e0,7,2,""
0047c4f0,FUN_0047c4f0,232,2,""
0047c5d8,__chdir,273,1,"GetCurrentDirectoryA GetLastError SetCurrentDirectoryA SetEnvironmentVariableA __SEH_epilog __SEH_prolog __chkstk __dosmaperr __mbctoupper __security_check_cookie _free"
0047c71b,FUN_0047c71b,44,1,"CreateDirectoryA GetLastError __dosmaperr"
0047c750,_memcpy,672,3,""
0047ca90,FUN_0047ca90,31,0,""
0047cab0,__chkstk,61,0,""
0047caf0,_strrchr,45,2,""
0047cb30,_strchr,195,2,""
0047cbee,_sscanf,52,2,"__input _strlen"
0047cc30,_strncmp,57,3,""
0047cc69,_printf,86,1,"FUN_0047ccc4 __SEH_epilog __SEH_prolog __ftbuf __lock_file2 __output __stbuf"
0047ccc4,FUN_0047ccc4,11,0,"__unlock_file2"
0047cccf,FUN_0047cccf,22,1,""
0047cce5,___mbstowcs_mt,251,4,"FUN_004826dc GetLastError MultiByteToWideChar _strlen"
0047cde0,_mbstowcs,43,3,"___mbstowcs_mt ___updatetlocinfo __getptd"
0047ce0b,__ArrayUnwind,47,4,"__SEH_epilog __SEH_prolog"
0047ce69,`eh_vector_destructor_iterator',72,4,"FUN_0047ceb1 __SEH_epilog __SEH_prolog"
0047ceb1,FUN_0047ceb1,24,0,"__ArrayUnwind"
0047cec9,`eh_vector_constructor_iterator',74,5,"FUN_0047cf13 __SEH_epilog __SEH_prolog"
0047cf13,FUN_0047cf13,24,0,"__ArrayUnwind"
0047cf40,_memmove,672,3,""
0047d280,FUN_0047d280,20,0,"FUN_0047d29d FUN_00483928"
0047d29d,FUN_0047d29d,174,2,"FUN_004838b5 FUN_004838cc __math_exit __startOneArgErrorHandling"
0047d350,__aulldiv,104,4,""
0047d3c0,__allmul,52,4,""
0047d3f4,_rand,34,0,"__getptd"
0047d416,__amsg_exit,37,1,"__FF_MSGBANNER __NMSG_WRITE __exit"
0047d43b,fast_error_exit,36,1,"__FF_MSGBANNER __NMSG_WRITE ___crtExitProcess"
0047d45f,entry,426,0,"FUN_0042e3b0 GetCommandLineA GetModuleHandleA GetStartupInfoA GetVersionExA __RTC_Initialize __SEH_epilog __SEH_prolog ___crtGetEnvironmentStringsA __amsg_exit __cexit __chkstk __cinit __heap_init __ioinit __mtinit __setargv __setenvp __wincmdln _exit fast_error_exit"
0047d634,FUN_0047d634,21,2,""
0047d649,__fpclass,156,1,"__sptype"
0047d6e8,_longjmp,120,2,"FUN_0047b70e __global_unwind2 __local_unwind2 __rt_probe_read4@4"
0047d764,__setjmp3,123,4,""
0047d7df,_isdigit,58,1,"___isctype_mt ___updatetlocinfo __getptd"
0047d819,_isxdigit,63,1,"___isctype_mt ___updatetlocinfo __getptd"
0047d858,_isspace,58,1,"___isctype_mt ___updatetlocinfo __getptd"
0047d894,__ftol,39,0,""
0047d900,FUN_0047d900,84,0,"FUN_0047d95d FUN_00484e00"
0047d95d,FUN_0047d95d,453,4,"FUN_0047db22 FUN_00483840 FUN_004838a0 FUN_004838b5 FUN_0048393e FUN_00483989 __fload_withFB __powhlp"
0047db22,FUN_0047db22,40,0,""
0047db50,FUN_0047db50,500,2,"___libm_error_support __ctrlfp __except1 __frnd __handle_qnan1 __sptype"
0047dc80,__aullshr,31,2,""
0047dc9f,___crtExitProcess,47,1,"ExitProcess GetModuleHandleA GetProcAddress"
0047dccf,FUN_0047dccf,9,0,"__lock"
0047dcd8,FUN_0047dcd8,9,0,"FUN_0047e439"
0047dce1,__initterm,24,1,""
0047dcf9,__cinit,106,1,"___onexitinit ___security_init_cookie __fpmath _atexit"
0047dd63,doexit,181,3,"FUN_0047de12 GetCurrentProcess TerminateProcess __SEH_epilog __SEH_prolog ___crtExitProcess __initterm __lock"
0047de12,FUN_0047de12,14,0,"FUN_0047e439"
0047de26,_exit,17,1,"doexit"
0047de37,__exit,17,1,"doexit"
0047de48,__cexit,15,0,"doexit"
0047de66,_calloc,175,2,"FUN_0047df10 HeapAlloc __SEH_epilog __SEH_prolog ___sbh_alloc_block __callnewh __lock _memset"
0047df10,FUN_0047df10,9,0,"FUN_0047e439"
0047df21,__forcdecpt,60,1,"_isdigit _tolower"
0047dfc2,__fassign,62,3,"FID_conflict:__atodbl FID_conflict:__atodbl"
0047e000,__shift,29,0,"_memmove _strlen"
0047e01d,__cftoe2,174,3,"FUN_0047c4e0 __shift"
0047e0cb,__cftoe,108,5,"__cftoe2 __fltout2 __fptostr __security_check_cookie"
0047e137,__cftof2,156,3,"__shift _memset"
0047e1d3,__cftof,98,4,"__cftof2 __fltout2 __fptostr __security_check_cookie"
0047e235,__cftog,154,4,"__cftoe2 __cftof2 __fltout2 __fptostr __security_check_cookie"
0047e2cf,__cfltcvt,81,6,"__cftoe __cftof __cftog"
0047e320,__setdefaultprecision,18,0,"__controlfp"
0047e332,__ms_p5_test_fdiv,64,0,""
0047e372,__ms_p5_mp_test_fdiv,41,0,"GetModuleHandleA GetProcAddress __ms_p5_test_fdiv"
0047e39b,__mtinitlocks,73,0,"___crtInitCritSecAndSpinCount"
0047e3e4,__mtdeletelocks,85,0,"DeleteCriticalSection _free"
0047e439,FUN_0047e439,21,1,"LeaveCriticalSection"
0047e44e,__mtinitlocknum,151,1,"FUN_0047e4e5 FUN_004826dc __SEH_epilog __SEH_prolog ___crtInitCritSecAndSpinCount __local_unwind2 __lock _free _malloc"
0047e4e5,FUN_0047e4e5,9,0,"FUN_0047e439"
0047e4ee,__lock,49,1,"EnterCriticalSection __amsg_exit __mtinitlocknum"
0047e51f,___heap_select,26,0,""
0047e539,__heap_init,81,0,"HeapCreate HeapDestroy ___heap_select ___sbh_heap_init"
0047e58a,___sbh_heap_init,72,1,"HeapAlloc"
0047e5d2,___sbh_find_block,43,1,""
0047e5fd,___sbh_free_block,792,2,"HeapFree VirtualFree _memmove"
0047e915,___sbh_alloc_new_region,183,0,"HeapAlloc HeapFree HeapReAlloc VirtualAlloc"
0047e9cc,___sbh_alloc_new_group,262,1,"VirtualAlloc"
0047ead2,___sbh_resize_block,735,3,""
0047edb1,___sbh_alloc_block,764,1,"___sbh_alloc_new_group ___sbh_alloc_new_region"
0047f0b0,__SEH_prolog,59,2,""
0047f0eb,__SEH_epilog,17,0,""
0047f1ea,FUN_0047f1ea,27,1,"__local_unwind2"
0047f205,__callnewh,27,1,""
0047f220,TypeMatch,79,3,"_strcmp"
0047f28d,___FrameUnwindToState,148,4,"FUN_0047f340 __CallSettingFrame@12 __SEH_epilog __SEH_prolog __getptd _inconsistency"
0047f340,FUN_0047f340,27,0,"__getptd"
0047f35b,___DestructExceptionObject,52,1,"FID_conflict:_CallMemberFunction1 __SEH_epilog __SEH_prolog"
0047f3a0,AdjustPointer,31,2,""
0047f3bf,CallCatchBlock,157,7,"FUN_0047f514 _CallCatchBlock2 _CreateFrameInfo __SEH_epilog __SEH_prolog __getptd"
0047f514,FUN_0047f514,111,0,"IsExceptionObjectToBeDestroyed _FindAndUnlinkFrame ___DestructExceptionObject __abnormal_termination __getptd"
0047f583,BuildCatchObject,368,4,"AdjustPointer FID_conflict:_CallMemberFunction1 _ValidateExecute _ValidateRead _ValidateWrite __SEH_epilog __SEH_prolog _inconsistency _memmove"
0047f6ff,CatchIt,103,11,"BuildCatchObject CallCatchBlock _JumpToContinuation _UnwindNestedFrames ___FrameUnwindToState"
0047f766,FindHandlerForForeignException,190,8,"CatchIt _CallSETranslator _GetRangeOfTrysToCheck __getptd"
0047f824,FindHandler,516,8,"CatchIt FindHandlerForForeignException TypeMatch _GetRangeOfTrysToCheck _ValidateRead ___DestructExceptionObject __getptd _inconsistency terminate"
0047fa28,___InternalCxxFrameHandler,162,8,"FindHandler ___FrameUnwindToState _inconsistency"
0047faca,FUN_0047faca,9,0,"TlsAlloc"
0047fad3,__mtterm,29,0,"__mtdeletelocks"
0047faf0,__getptd,113,0,"GetCurrentThreadId GetLastError SetLastError __amsg_exit _calloc"
0047fc93,FUN_0047fc93,9,0,"FUN_0047e439"
0047fc9f,FUN_0047fc9f,9,0,"FUN_0047e439"
0047fca8,__mtinit,239,0,"FUN_0047faca GetCurrentThreadId GetModuleHandleA GetProcAddress TlsSetValue __mtinitlocks __mtterm _calloc"
0047fd97,terminate,46,0,"__SEH_prolog __getptd _abort"
0047fdcc,_inconsistency,38,0,"__SEH_prolog terminate"
0047fe00,__CallSettingFrame@12,76,3,"__NLG_Notify1"
0047fe50,__cintrindisp2,62,2,"FUN_0047ff1a __trandisp2"
0047fe8e,__cintrindisp1,61,2,"FUN_0047ff1a __trandisp1"
0047fecb,__ctrandisp2,72,4,"FUN_0047ff13 __fload __trandisp2"
0047ff13,FUN_0047ff13,7,0,""
0047ff1a,FUN_0047ff1a,327,0,"__87except"
00480061,__ctrandisp1,51,2,"FUN_0047ff13 __fload __trandisp1"
00480094,__fload,60,2,""
004800d0,__trandisp1,103,2,""
00480137,__trandisp2,140,2,""
00480aa6,FUN_00480aa6,518,3,""
00480cac,FUN_00480cac,178,0,"FUN_00480aa6"
0048102b,___isctype_mt,119,4,"___crtGetStringTypeA"
004810a2,___freetlocinfo,208,1,"___free_lc_time ___free_lconv_mon ___free_lconv_num _free"
00481172,___updatetlocinfo_lk,193,0,"___freetlocinfo __getptd"
00481233,___updatetlocinfo,50,0,"FUN_00481265 __SEH_epilog __SEH_prolog ___updatetlocinfo_lk __lock"
00481265,FUN_00481265,9,0,"FUN_0047e439"
0048126e,__tzset_lk,666,0,"FUN_0047c4e0 FUN_00481489 GetTimeZoneInformation WideCharToMultiByte __SEH_epilog __SEH_prolog __getenv_lk __local_unwind2 __lock _atol _free _malloc _strcmp _strlen _strncpy"
00481489,FUN_00481489,9,0,"FUN_0047e439"
00481516,cvtdate,440,9,""
004816ce,__isindst_lk,391,0,"cvtdate"
00481855,___tzset,67,0,"FUN_00481898 __SEH_epilog __SEH_prolog __lock __tzset_lk"
00481898,FUN_00481898,9,0,"FUN_0047e439"
004818a1,__isindst,53,1,"FUN_004818d6 __SEH_epilog __SEH_prolog __isindst_lk __lock"
004818d6,FUN_004818d6,9,0,"FUN_0047e439"
004818e0,___ascii_stricmp,78,2,""
0048192e,__resetstkoflw,227,0,"GetSystemInfo VirtualAlloc VirtualProtect VirtualQuery __chkstk"
00481a11,_gmtime,263,1,"__getptd _malloc"
00481b18,_realloc,412,2,"FUN_00481c80 HeapAlloc HeapReAlloc __SEH_epilog __SEH_prolog ___sbh_alloc_block ___sbh_find_block ___sbh_free_block ___sbh_resize_block __callnewh __lock _free _malloc _memcpy"
00481c80,FUN_00481c80,9,0,"FUN_0047e439"
00481cc5,__msize,106,1,"FUN_00481d32 HeapSize __SEH_epilog __SEH_prolog ___sbh_find_block __lock"
00481d32,FUN_00481d32,9,0,"FUN_0047e439"
00481d3b,__flsbuf,281,2,"__getbuf __isatty __lseek __write"
00481e54,write_char,51,0,"__flsbuf"
00481e87,write_multi_char,36,2,"write_char"
00481eab,write_string,55,1,"write_char"
00481ee2,__output,2010,3,"FUN_004866ad __aulldvrm __security_check_cookie _free _malloc _strlen _wctomb write_char write_multi_char write_string"
004826dc,FUN_004826dc,9,0,"__getptd"
004826e5,FUN_004826e5,9,0,"__getptd"
004826ee,__dosmaperr,115,1,"__getptd"
00482761,__mbctoupper,133,1,"___crtLCMapStringA ___updatetmbcinfo __getptd"
004827e6,report_failure,41,0,"ExitProcess __SEH_prolog ___security_error_handler"
00482817,__security_check_cookie,14,1,"report_failure"
00482825,__inc,22,2,"__filbuf"
0048283b,__input,3387,3,"FUN_004866ad __SEH_epilog __SEH_prolog __allmul __chkstk __inc __security_check_cookie __ungetc_lk _free _isdigit _isspace _isxdigit _mbtowc _memset"
004836a3,__lock_file2,35,2,"EnterCriticalSection __lock"
004836f5,__unlock_file2,35,2,"FUN_0047e439 LeaveCriticalSection"
00483718,__stbuf,136,1,"__isatty _malloc"
004837a0,__ftbuf,42,2,"__flush"
004837ca,__CxxUnhandledExceptionFilter,78,1,"_ValidateExecute terminate"
00483840,FUN_00483840,23,8,""
00483857,__startOneArgErrorHandling,60,6,"__87except"
004838a0,FUN_004838a0,21,0,""
004838b5,FUN_004838b5,23,0,""
004838cc,FUN_004838cc,25,0,""
004838e5,__fload_withFB,67,2,""
00483928,FUN_00483928,22,2,""
0048393e,FUN_0048393e,13,0,""
0048394b,__math_exit,42,5,"__startOneArgErrorHandling"
00483989,FUN_00483989,163,7,"FUN_00483840 __startOneArgErrorHandling"
00483a2c,__NMSG_WRITE,375,1,"FUN_0047c4e0 FUN_0047c4f0 GetModuleFileNameA GetStdHandle WriteFile ___crtMessageBoxA __chkstk __security_check_cookie _strlen _strncpy"
00483ba3,__FF_MSGBANNER,57,0,"__NMSG_WRITE"
00483bdc,__XcptFilter,356,2,"UnhandledExceptionFilter __getptd"
00483d40,__wincmdln,93,0,"___initmbctable __ismbblead"
00483d9d,__setenvp,199,0,"FUN_0047c4e0 ___initmbctable _free _malloc _strlen"
00483e64,parse_cmdline,364,2,""
00483fd0,__setargv,162,0,"GetModuleFileNameA ___initmbctable _malloc parse_cmdline"
00484072,___crtGetEnvironmentStringsA,290,0,"FreeEnvironmentStringsA FreeEnvironmentStringsW GetEnvironmentStrings GetEnvironmentStringsW GetLastError WideCharToMultiByte _free _malloc _memcpy"
00484194,__ioinit,510,0,"GetFileType GetStartupInfoA GetStdHandle SetHandleCount ___crtInitCritSecAndSpinCount _malloc"
00484392,__RTC_Initialize,61,0,"__SEH_epilog __SEH_prolog"
0048441a,__set_exp,42,2,""
00484444,__sptype,91,2,""
0048449f,__decomp,188,3,"__set_exp"
0048455b,__raise_exc,677,6,"RaiseException __clrfp __statfp"
00484800,__handle_exc,548,3,"FUN_00484c5d __decomp"
00484a24,__set_errno,40,1,"FUN_004826dc"
00484a4c,__errcode,45,1,""
00484a79,__umatherr,158,2,"FUN_004889b8 __ctrlfp __set_errno"
00484b17,__handle_qnan1,83,2,"FUN_004826dc __ctrlfp __umatherr"
00484b6a,__except1,184,5,"__ctrlfp __errcode __handle_exc __raise_exc __security_check_cookie __set_errno __umatherr"
00484c22,__statfp,11,0,""
00484c2d,__clrfp,12,0,""
00484c39,__ctrlfp,36,0,""
00484c5d,FUN_00484c5d,86,0,""
00484cb3,__rt_probe_read4@4,41,0,"__SEH_epilog __SEH_prolog"
00484cf5,FUN_00484cf5,46,0,"__SEH_epilog __SEH_prolog"
00484d2a,___sse2_available_init,206,0,"FUN_00484cf5 __security_check_cookie _strncmp"
00484e00,FUN_00484e00,25,0,"FUN_00484e19"
00484e19,FUN_00484e19,2861,3,"___libm_error_support"
00485b57,__d_inttype,110,1,"__fpclass __frnd"
00485bc5,__powhlp,354,4,"__d_inttype"
00485d27,___libm_error_support,654,4,"FUN_004826dc FUN_004889b8 __security_check_cookie"
00486088,___tolower_mt,200,3,"___crtLCMapStringA ___isctype_mt"
00486150,_tolower,34,1,"___tolower_mt ___updatetlocinfo __getptd"
00486172,__ZeroTail,50,2,""
004861a4,__IncMan,77,2,"___addl"
004861f1,__RoundMan,114,2,"__IncMan __ZeroTail"
00486263,__CopyMan,27,2,""
0048627e,__IsZeroMan,25,1,""
00486297,__ShrMan,123,2,""
00486312,__ld12cvt,344,3,"__CopyMan __IsZeroMan __RoundMan __ShrMan"
0048646a,FID_conflict:__ld12tod,22,2,"__ld12cvt"
00486480,FID_conflict:__ld12tod,22,2,"__ld12cvt"
00486496,FID_conflict:__atodbl,61,2,"FID_conflict:__ld12tod ___strgtold12 __security_check_cookie"
004864d3,FID_conflict:__atodbl,61,2,"FID_conflict:__ld12tod ___strgtold12 __security_check_cookie"
00486510,__fptostr,119,4,"_memmove _strlen"
00486587,___dtold,186,2,""
00486641,__fltout2,108,4,"$I10_OUTPUT FUN_0047c4e0 ___dtold __security_check_cookie"
004866ad,FUN_004866ad,9,0,"__amsg_exit"
004866b6,__abstract_cw,146,0,""
00486748,__hw_cw,142,0,""
004867d6,__control87,50,2,"__abstract_cw __hw_cw"
00486808,__controlfp,22,2,"__control87"
0048681e,___crtInitCritSecNoSpinCount@8,16,1,"InitializeCriticalSection"
0048682e,___crtInitCritSecAndSpinCount,103,2,"GetModuleHandleA GetProcAddress __SEH_epilog __SEH_prolog ___crtInitCritSecNoSpinCount@8"
004868b9,__ValidateEH3RN,553,1,"InterlockedExchange VirtualQuery"
00486af0,_strcmp,135,2,""
00486b78,_ValidateRead,28,2,"IsBadReadPtr"
00486b94,_ValidateWrite,28,2,"IsBadWritePtr"
00486bb0,_ValidateExecute,24,1,"IsBadCodePtr"
00486bc8,_CPtoLCID,47,0,""
00486bf7,setSBCS,41,0,""
00486c20,setSBUpLow,396,0,"GetCPInfo ___crtGetStringTypeA ___crtLCMapStringA __security_check_cookie"
00486dac,___updatetmbcinfo,99,0,"FUN_00486e12 __SEH_epilog __SEH_prolog __getptd __lock _free"
00486e12,FUN_00486e12,9,0,"FUN_0047e439"
00486e1b,__setmbcp_lk,400,1,"GetCPInfo _CPtoLCID __security_check_cookie setSBCS setSBUpLow"
00486fab,__setmbcp,327,1,"FUN_004870f2 GetACP GetOEMCP __SEH_epilog __SEH_prolog __lock __setmbcp_lk _free _malloc"
004870f2,FUN_004870f2,9,0,"FUN_0047e439"
004870fb,___initmbctable,30,0,"__setmbcp"
00487119,_abort,24,0,"__NMSG_WRITE __exit _raise"
00487131,__87except,248,3,"FUN_004889b8 __ctrlfp __handle_exc __raise_exc __security_check_cookie __set_errno"
00487229,___crtGetStringTypeA,421,7,"GetLastError GetStringTypeA GetStringTypeW MultiByteToWideChar __SEH_epilog __SEH_prolog ___ansicp ___convertcp __chkstk _calloc _free _memset"
004873e3,___free_lc_time,400,1,"_free"
00487573,___free_lconv_num,95,1,"_free"
004875d2,___free_lconv_mon,217,1,"_free"
004876b0,_strcspn,70,2,""
00487700,_strncpy,292,3,""
004878f0,_strpbrk,64,2,""
00487930,__getenv_lk,129,1,"___wtomb_environ __mbsnbicoll _strlen"
004879b1,__lseek_lk,116,3,"FUN_004826dc GetLastError SetFilePointer __dosmaperr __get_osfhandle"
00487a25,__lseek,160,3,"FUN_004826dc FUN_004826e5 FUN_00487aac __SEH_epilog __SEH_prolog __lock_fhandle __lseek_lk"
00487aac,FUN_00487aac,8,0,"FUN_004898a0"
00487ad0,__write_lk,462,3,"FUN_004826dc FUN_004826e5 GetLastError WriteFile __dosmaperr __lseeki64_lk __security_check_cookie"
00487c9e,__write,160,3,"FUN_004826dc FUN_004826e5 FUN_00487d25 __SEH_epilog __SEH_prolog __lock_fhandle __write_lk"
00487d25,FUN_00487d25,8,0,"FUN_004898a0"
00487d49,__getbuf,68,1,"_malloc"
00487d8d,__isatty,42,1,""
00487db7,___wctomb_mt,96,3,"FUN_004826dc WideCharToMultiByte"
00487e17,_wctomb,39,2,"___updatetlocinfo ___wctomb_mt __getptd"
00487e40,__aulldvrm,149,4,""
00487ed5,___crtLCMapStringA,886,9,"GetLastError LCMapStringA LCMapStringW MultiByteToWideChar WideCharToMultiByte __SEH_epilog __SEH_prolog ___ansicp ___convertcp __chkstk _free _malloc _memset"
00488291,___security_init_cookie,102,0,"GetCurrentProcessId GetCurrentThreadId GetSystemTimeAsFileTime GetTickCount QueryPerformanceCounter"
004882f7,___security_error_handler,319,1,"FUN_0047c4e0 FUN_0047c4f0 GetModuleFileNameA __SEH_prolog ___crtMessageBoxA __chkstk __exit _strlen _strncpy"
0048843f,__filbuf,225,1,"__getbuf __read"
00488520,__ungetc_lk,108,2,"__getbuf"
0048858c,___mbtowc_mt,192,4,"FUN_004826dc MultiByteToWideChar"
0048864c,_mbtowc,43,3,"___mbtowc_mt ___updatetlocinfo __getptd"
00488712,__flush,93,1,"__write"
0048876f,__fflush_lk,46,1,"__commit __flush"
0048887b,___crtMessageBoxA,249,3,"GetProcAddress LoadLibraryA"
00488974,x_ismbbtype,51,3,""
004889a7,__ismbblead,17,1,"x_ismbbtype"
004889b8,FUN_004889b8,3,0,""
004889bb,__frnd,17,1,""
004889cc,___addl,33,3,""
004889ed,___add_12,94,2,"___addl"
00488a4b,___shl_12,46,1,""
00488a79,___shr_12,45,1,""
00488aa6,___mtold12,222,3,"___add_12 ___shl_12 __security_check_cookie"
00488b84,___strgtold12,1028,7,"___mtold12 ___multtenpow12 __security_check_cookie _isdigit"
00488fb8,$I10_OUTPUT,654,6,"FUN_0047c4e0 ___add_12 ___ld12mul ___multtenpow12 ___shl_12 ___shr_12 __security_check_cookie"
00489246,siglookup,46,0,""
00489274,_raise,356,1,"FUN_004893af __SEH_epilog __SEH_prolog __exit __getptd __lock siglookup"
004893af,FUN_004893af,13,1,"FUN_0047e439"
004893ed,___ansicp,67,1,"GetLocaleInfoA __security_check_cookie _atol"
00489430,___convertcp,434,6,"GetCPInfo MultiByteToWideChar WideCharToMultiByte __SEH_epilog __SEH_prolog __chkstk __security_check_cookie _calloc _free _memset _strlen"
004895f9,__stricmp,105,2,"___ascii_stricmp ___tolower_mt ___updatetlocinfo __getptd"
00489662,__mbsnbicoll,78,3,"___crtCompareStringA ___updatetmbcinfo __getptd"
004896b0,___wtomb_environ,144,0,"WideCharToMultiByte ___crtsetenv _free _malloc"
00489740,FUN_00489740,127,1,"FUN_004826dc FUN_004826e5 SetStdHandle"
004897bf,__get_osfhandle,65,1,"FUN_004826dc FUN_004826e5"
00489800,__lock_fhandle,148,1,"EnterCriticalSection FUN_00489897 __SEH_epilog __SEH_prolog ___crtInitCritSecAndSpinCount __local_unwind2 __lock"
00489897,FUN_00489897,9,0,"FUN_0047e439"
004898a0,FUN_004898a0,34,1,"LeaveCriticalSection"
004898c2,__lseeki64_lk,131,4,"FUN_004826dc GetLastError SetFilePointer __dosmaperr __get_osfhandle"
00489945,__read_lk,475,3,"FUN_004826dc FUN_004826e5 GetLastError ReadFile __dosmaperr __lseek_lk"
00489b20,__read,160,3,"FUN_004826dc FUN_004826e5 FUN_00489ba7 __SEH_epilog __SEH_prolog __lock_fhandle __read_lk"
00489ba7,FUN_00489ba7,8,0,"FUN_004898a0"
00489bcb,FUN_00489bcb,76,1,"FUN_0048a6e7 FUN_0048a782 __flush _free"
00489c68,__commit,177,1,"FUN_004826dc FUN_004826e5 FUN_00489d08 FlushFileBuffers GetLastError __SEH_epilog __SEH_prolog __get_osfhandle __lock_fhandle"
00489d08,FUN_00489d08,8,0,"FUN_004898a0"
00489d24,___ld12mul,562,2,"___addl ___shl_12 ___shr_12 __security_check_cookie"
00489f56,___multtenpow12,134,3,"___ld12mul __security_check_cookie"
00489fe0,___ascii_strnicmp,97,3,""
0048a041,_strncnt,28,2,""
0048a05d,___crtCompareStringA,848,8,"CompareStringA CompareStringW GetCPInfo GetLastError MultiByteToWideChar __SEH_epilog __SEH_prolog ___ansicp ___convertcp __chkstk __security_check_cookie _free _malloc _strncnt"
0048a3e1,findenv,77,1,"__mbsnbicoll"
0048a42e,copy_environ,97,0,"__amsg_exit __strdup _malloc"
0048a48f,___crtsetenv,469,2,"FUN_0047c4e0 SetEnvironmentVariableA ___wtomb_environ __mbschr _free _malloc _realloc _strlen copy_environ findenv"
0048a664,FUN_0048a664,131,1,"CloseHandle FUN_00489740 GetLastError __dosmaperr __get_osfhandle"
0048a6e7,FUN_0048a6e7,144,1,"FUN_004826dc FUN_004826e5 FUN_0048a664 FUN_0048a75e __SEH_epilog __SEH_prolog __lock_fhandle"
0048a75e,FUN_0048a75e,8,0,"FUN_004898a0"
0048a782,FUN_0048a782,43,1,"_free"
0048a7ad,__strdup,43,1,"FUN_0047c4e0 _malloc _strlen"
0048a7d8,__mbschr,123,2,"___updatetmbcinfo __getptd _strchr"
0048a853,FUN_0048a853,8943,1,""
0048d204,RtlUnwind,6,4,""
0048d210,Unwind@0048d210,11,0,"_free"
0048d230,Unwind@0048d230,11,0,"_free"
0048d250,Unwind@0048d250,11,0,"_free"
0048d270,Unwind@0048d270,11,0,"_free"
0048d290,Unwind@0048d290,11,0,"_free"
0048d2b0,Unwind@0048d2b0,11,0,"_free"
0048d2d0,Unwind@0048d2d0,11,0,"_free"
0048d2f0,Unwind@0048d2f0,11,0,"_free"
0048d310,Unwind@0048d310,11,0,"_free"
0048d325,Unwind@0048d325,10,0,"_free"
0048d340,Unwind@0048d340,8,0,"FUN_0042ac00"
0048d360,Unwind@0048d360,8,0,"FUN_0042ac00"
0048d380,Unwind@0048d380,11,0,"_free"
0048d38b,Unwind@0048d38b,11,0,"_free"
0048d396,Unwind@0048d396,11,0,"_free"
0048d3b0,Unwind@0048d3b0,11,0,"_free"
0048d3d0,Unwind@0048d3d0,11,0,"_free"
0048d3f0,Unwind@0048d3f0,11,0,"FUN_00436300"
0048d410,Unwind@0048d410,11,0,"_free"
0048d430,Unwind@0048d430,11,0,"_free"
0048d450,Unwind@0048d450,11,0,"_free"
0048d465,Unwind@0048d465,11,0,"FUN_004534a2"
0048d484,Unwind@0048d484,10,0,"_free"
0048d48e,Unwind@0048d48e,10,0,"_free"
0048d498,Unwind@0048d498,10,0,"_free"
0048d4ac,Unwind@0048d4ac,10,0,"_free"
0048d4c0,Unwind@0048d4c0,10,0,"_free"
0048d4ca,Unwind@0048d4ca,10,0,"_free"
0048d4de,Unwind@0048d4de,10,0,"_free"
0048d4e8,Unwind@0048d4e8,10,0,"_free"
0048d4fc,Unwind@0048d4fc,10,0,"_free"
0048d506,Unwind@0048d506,10,0,"_free"
0048d510,Unwind@0048d510,10,0,"_free"
0048d524,Unwind@0048d524,10,0,"_free"
0048d52e,Unwind@0048d52e,10,0,"_free"
0048d538,Unwind@0048d538,10,0,"_free"
0048d54c,Unwind@0048d54c,10,0,"_free"
0048d556,Unwind@0048d556,10,0,"_free"
0048d56a,Unwind@0048d56a,10,0,"_free"
0048d574,Unwind@0048d574,10,0,"_free"
0048d588,Unwind@0048d588,10,0,"_free"
0048d592,Unwind@0048d592,10,0,"_free"
0048d59c,Unwind@0048d59c,10,0,"_free"
0048d5b0,Unwind@0048d5b0,8,0,"FUN_0045921a"
0048d5c2,Unwind@0048d5c2,10,0,"_free"
0048d5d6,Unwind@0048d5d6,10,0,"_free"
0048d5ea,Unwind@0048d5ea,8,0,"FUN_0045921a"
0048d5f2,Unwind@0048d5f2,10,0,"_free"
0048d606,Unwind@0048d606,10,0,"_free"
0048d61a,Unwind@0048d61a,8,0,"FUN_0045921a"
0048d62c,Unwind@0048d62c,10,0,"_free"
0048d636,Unwind@0048d636,10,0,"_free"
0048d640,Unwind@0048d640,10,0,"_free"
0048d64a,Unwind@0048d64a,10,0,"_free"
0048d654,Unwind@0048d654,10,0,"_free"
0048d65e,Unwind@0048d65e,10,0,"_free"
0048d668,Unwind@0048d668,10,0,"_free"
0048d672,Unwind@0048d672,10,0,"_free"
0048d67c,Unwind@0048d67c,10,0,"_free"
0048d686,Unwind@0048d686,10,0,"_free"
0048d690,Unwind@0048d690,10,0,"_free"
0048d69a,Unwind@0048d69a,10,0,"_free"
0048d6a4,Unwind@0048d6a4,10,0,"_free"
0048d6ae,Unwind@0048d6ae,10,0,"_free"
0048d6b8,Unwind@0048d6b8,10,0,"_free"
0048d6c2,Unwind@0048d6c2,10,0,"_free"
0048d6cc,Unwind@0048d6cc,10,0,"_free"
0048d6d6,Unwind@0048d6d6,10,0,"_free"
0048d6e0,Unwind@0048d6e0,10,0,"_free"
0048d6ea,Unwind@0048d6ea,10,0,"_free"
0048d6f4,Unwind@0048d6f4,10,0,"_free"
0048d6fe,Unwind@0048d6fe,10,0,"_free"
0048d708,Unwind@0048d708,10,0,"_free"
0048d712,Unwind@0048d712,10,0,"_free"
0048d71c,Unwind@0048d71c,10,0,"_free"
0048d726,Unwind@0048d726,10,0,"_free"
0048d730,Unwind@0048d730,10,0,"_free"
0048d73a,Unwind@0048d73a,10,0,"_free"
0048d744,Unwind@0048d744,10,0,"_free"
0048d74e,Unwind@0048d74e,10,0,"_free"
0048d758,Unwind@0048d758,10,0,"_free"
0048d762,Unwind@0048d762,10,0,"_free"
0048d76c,Unwind@0048d76c,10,0,"_free"
0048d776,Unwind@0048d776,10,0,"_free"
0048d780,Unwind@0048d780,10,0,"_free"
0048d78a,Unwind@0048d78a,10,0,"_free"
0048d794,Unwind@0048d794,10,0,"_free"
