entry,name,size,params,callees
00401000,FUN_00401000,52,0,"LeaveCriticalSection TryEnterCriticalSection"
00401040,FUN_00401040,26,0,"LeaveCriticalSection"
00401060,FUN_00401060,81,0,"LeaveCriticalSection TryEnterCriticalSection"
004010c0,FUN_004010c0,35,0,""
004010f0,FUN_004010f0,60,0,""
00401130,FUN_00401130,77,0,"FUN_00404df0"
00401180,FUN_00401180,148,0,"FUN_00404df0"
00401220,`vector_constructor_iterator',50,4,""
00401260,FUN_00401260,51,0,"FUN_004012a0"
004012a0,FUN_004012a0,395,0,"FUN_00401180 FUN_00404df0"
00401430,FUN_00401430,142,0,"FUN_00414cb0"
004014c0,FUN_004014c0,329,0,"FUN_00404750 FUN_004047e0 FUN_00404940"
00401610,FUN_00401610,22,0,"FUN_00404df0"
00401640,FUN_00401640,33,0,"FUN_00689fda _free"
00401670,FUN_00401670,107,0,"FUN_004020d0 FUN_00689f0b"
004016e0,FUN_004016e0,14,0,""
004016f0,FUN_004016f0,65,0,"FUN_00689fda _free"
00401740,FUN_00401740,47,0,"FUN_00689fda _free"
004017a0,FUN_004017a0,113,0,"FUN_004020d0 exception"
00401820,FUN_00401820,14,0,"_free"
00401830,FUN_00401830,19,0,""
00401850,FUN_00401850,25,0,"EnterCriticalSection"
00401870,FUN_00401870,13,0,"LeaveCriticalSection"
00401880,FUN_00401880,143,0,"FUN_00401e40 FUN_00401f80 `eh_vector_constructor_iterator'"
00401910,FUN_00401910,128,0,"FUN_00401f10 FUN_00402020 `eh_vector_destructor_iterator'"
00401990,FUN_00401990,234,0,"FUN_004183b0 __alloca_probe __security_check_cookie _memset"
00401a80,FUN_00401a80,97,0,""
00401af0,FUN_00401af0,224,0,"FUN_00405090 FUN_00405200 FUN_004182a0 FUN_004184b0 FUN_00418990 FUN_00689dcb"
00401bd0,FUN_00401bd0,76,0,"FUN_00405200 FUN_00417800"
00401c20,FUN_00401c20,192,0,"FUN_00418990"
00401ce0,FUN_00401ce0,109,0,"FUN_00417800 FUN_00418990"
00401d50,FUN_00401d50,106,0,"FUN_00417800"
00401dc0,FUN_00401dc0,59,0,"FUN_004021c0"
00401e00,FUN_00401e00,35,0,"_free"
00401e30,FUN_00401e30,14,0,""
00401e40,FUN_00401e40,193,0,"FUN_004040b0 InitializeCriticalSection"
00401f10,FUN_00401f10,92,0,"DeleteCriticalSection FUN_004023e0 FUN_00413e10 _free"
00401f80,FUN_00401f80,145,0,"FUN_004040b0 InitializeCriticalSection"
00402020,FUN_00402020,92,0,"DeleteCriticalSection FUN_004023e0 FUN_00413e10 _free"
00402090,FUN_00402090,27,0,"FUN_00401f10 _free"
004020b0,FUN_004020b0,27,0,"FUN_00402020 _free"
004020d0,FUN_004020d0,218,0,"FUN_00402290 FUN_00402430 FUN_00665af4 FUN_00665b33 _memcpy_s"
004021b0,thunk_FUN_004023e0,5,0,""
004021c0,FUN_004021c0,193,0,"FUN_004020d0 FUN_00402430 FUN_00665af4 _memcpy_s"
00402290,FUN_00402290,131,0,"FUN_00665b33 _memmove_s"
00402320,FUN_00402320,184,0,"FUN_00402430 FUN_00665af4 _free _memcpy_s"
004023e0,FUN_004023e0,49,0,"_free"
00402430,FUN_00402430,122,0,"FUN_004024d2 FUN_00402590"
004024aa,Catch_All@004024aa,34,0,"FUN_00402590"
004024d2,FUN_004024d2,102,0,"_free _memcpy_s"
0040253b,Catch_All@0040253b,45,0,"__CxxThrowException@8 _free"
00402590,FUN_00402590,85,0,"FUN_00689dcb __CxxThrowException@8 exception"
004025f0,FUN_004025f0,33,0,"_memmove_s"
00402620,FUN_00402620,83,0,"FUN_00689dcb __CxxThrowException@8 exception"
004026a0,FUN_004026a0,87,0,"FUN_0068a143 _free"
00402700,FUN_00402700,165,0,"FUN_00401670 FUN_004021c0 __CxxThrowException@8"
004027b0,FUN_004027b0,47,0,"_memmove_s"
004027e0,FUN_004027e0,40,0,"_memmove_s"
00402810,FUN_00402810,1,0,""
00402820,FUN_00402820,89,0,""
00402880,FUN_00402880,217,0,"FUN_0067a890 _free"
00402960,FUN_00402960,156,0,"FUN_004020d0 _free"
00402a00,FUN_00402a00,358,0,"FUN_00402c10 FUN_00402fc0 FUN_00418610 FUN_00418990 FUN_00418a10 timeGetTime"
00402b70,FUN_00402b70,153,0,"FUN_00418990 timeGetTime"
00402c10,FUN_00402c10,943,0,"FUN_00401830 FUN_004185e0 FUN_00418990 FUN_00418b70 __alloca_probe __security_check_cookie _memcpy timeGetTime"
00402fc0,FUN_00402fc0,806,0,"FUN_00418610 FUN_00418b70 FUN_0067c5c0 FUN_0067c6c0 __alloca_probe __security_check_cookie _memcpy"
004032f0,FUN_004032f0,199,0,"FUN_00403ed0 FUN_004040b0 InitializeCriticalSection"
004033c0,FUN_004033c0,148,0,"DeleteCriticalSection FUN_00403f60 FUN_00408a00 FUN_00414640"
00403460,FUN_00403460,133,0,"CreateEventA CreateThread FUN_00414640 SetThreadPriority"
004034f0,FUN_004034f0,417,0,"CloseHandle FUN_00404270 FUN_00414640 FUN_0068a143 SetEvent _free"
004036c0,FUN_004036c0,28,0,"FUN_004040d0"
004036e0,FUN_004036e0,351,0,"EnterCriticalSection FUN_004021c0 FUN_00402960 FUN_00402a00 FUN_00404330 FUN_0040c6d0 FUN_004129e0 LeaveCriticalSection SetEvent"
00403840,FUN_00403840,143,0,"EnterCriticalSection FUN_00404330 LeaveCriticalSection timeGetTime"
004038d0,FUN_004038d0,98,0,"EnterCriticalSection FUN_00404330 LeaveCriticalSection"
00403940,FUN_00403940,70,0,"EnterCriticalSection FUN_00402b70 FUN_00404330 LeaveCriticalSection"
00403990,FUN_00403990,69,0,"EnterCriticalSection FUN_00402b70 FUN_00404330 LeaveCriticalSection"
004039e0,FUN_004039e0,73,0,"EnterCriticalSection FUN_00402fc0 FUN_00404330 LeaveCriticalSection"
00403a30,FUN_00403a30,284,0,"EnterCriticalSection FUN_00404330 FUN_00418990 FUN_0068a143 LeaveCriticalSection"
00403b90,FUN_00403b90,316,0,"EnterCriticalSection FUN_00402c10 FUN_00404330 FUN_0040c6d0 FUN_004129e0 FUN_0068a143 LeaveCriticalSection SetEvent WaitForSingleObject _free"
00403ce0,FUN_00403ce0,442,0,"EnterCriticalSection FUN_00402a00 FUN_00404270 FUN_00404330 FUN_0040c6d0 FUN_004129e0 FUN_0068a143 LeaveCriticalSection WaitForSingleObject _free"
00403ed0,FUN_00403ed0,133,0,"FUN_004040b0 InitializeCriticalSection"
00403f60,FUN_00403f60,190,0,"DeleteCriticalSection FUN_00402880 FUN_0068a143 _free"
00404080,thunk_FUN_00408a00,5,0,""
00404090,FUN_00404090,27,0,"FUN_00403f60 _free"
004040b0,FUN_004040b0,26,0,"FUN_00689dcb"
004040d0,FUN_004040d0,401,0,"EnterCriticalSection FUN_004026a0 FUN_00402820 FUN_00404400 FUN_0040dcf0 FUN_00417a90 FUN_00689dcb FUN_0068a143 LeaveCriticalSection"
00404270,FUN_00404270,184,0,"EnterCriticalSection FUN_00402700 FUN_00402880 FUN_004129e0 FUN_00417a90 FUN_0068a143 LeaveCriticalSection"
00404330,FUN_00404330,196,0,"EnterCriticalSection FUN_00417a90 FUN_0068a143 LeaveCriticalSection"
00404400,FUN_00404400,100,0,"FUN_00404470 FUN_0068a143"
00404470,FUN_00404470,133,0,"FUN_00404530 FUN_0068a143"
00404500,FUN_00404500,35,0,""
00404530,FUN_00404530,490,0,"FUN_004027e0 FUN_00404500 FUN_0040aaf0 FUN_00410130 _free _memmove_s"
00404730,FUN_00404730,32,0,""
00404750,FUN_00404750,137,0,""
004047e0,FUN_004047e0,256,0,""
00404940,FUN_00404940,121,0,""
004049c0,FUN_004049c0,65,0,""
00404a10,FUN_00404a10,33,0,""
00404a40,FUN_00404a40,66,0,""
00404a90,FUN_00404a90,482,0,""
00404c90,FUN_00404c90,99,0,"FUN_00405090 FUN_00405200 FUN_00409080"
00404d00,FUN_00404d00,111,0,"FUN_00405090 FUN_00405200 FUN_004097a0"
00404d70,FUN_00404d70,115,0,"FUN_00405200 FUN_00417800"
00404df0,FUN_00404df0,107,0,"FUN_00417800"
00404e60,FUN_00404e60,148,0,"EnterCriticalSection FUN_00417800 LeaveCriticalSection"
00404f00,FUN_00404f00,193,0,"FUN_004040b0 InitializeCriticalSection"
00404fd0,FUN_00404fd0,92,0,"DeleteCriticalSection FUN_004023e0 FUN_00413e10 _free"
00405040,FUN_00405040,27,0,"FUN_00404fd0 _free"
00405060,FUN_00405060,35,0,"_free"
00405090,FUN_00405090,364,0,"EnterCriticalSection FUN_004026a0 FUN_00404400 FUN_004052b0 FUN_00405310 FUN_0040dcf0 FUN_00417a90 FUN_0068a143 LeaveCriticalSection"
00405200,FUN_00405200,167,0,"EnterCriticalSection FUN_00402700 FUN_004129e0 FUN_0068a143 LeaveCriticalSection"
004052b0,FUN_004052b0,91,0,"FUN_0068a143"
00405310,FUN_00405310,110,0,"FUN_00405380 FUN_00689dcb"
00405380,FUN_00405380,347,0,"FUN_004054e0 FUN_00410130 _free _memmove_s"
004054e0,FUN_004054e0,117,0,"FUN_00401670 FUN_004021c0 __CxxThrowException@8"
00405560,FUN_00405560,142,0,""
004055f0,FUN_004055f0,13,0,"_free"
00405600,FUN_00405600,65,0,"FUN_004061b0"
00405650,thunk_FUN_00405cd0,5,0,""
00405660,FUN_00405660,95,0,"FUN_004056c0 FUN_00405cd0 FUN_00413e10"
004056c0,FUN_004056c0,170,0,"FUN_00405770 FUN_00405c70 FUN_004061f0 FUN_0068a143"
00405770,FUN_00405770,147,0,"FUN_0068a143"
00405810,FUN_00405810,276,0,"FUN_00405770 FUN_00405930 FUN_00408db0 FUN_0068a143 _free _strtok_s"
00405930,FUN_00405930,307,0,"FUN_004021c0 FUN_00405310 FUN_00405b30 _free _free _strchr _strncpy_s thunk_FUN_00689dcb"
00405ac0,FUN_00405ac0,104,0,"FUN_00405bb0 FUN_0068a143"
00405b30,FUN_00405b30,126,0,"FUN_00405c00 FUN_00405e20 FUN_0068a143"
00405bb0,FUN_00405bb0,73,0,"FUN_0068a143"
00405c00,FUN_00405c00,110,0,"FUN_00405560 FUN_00665b33"
00405c70,FUN_00405c70,73,0,"FUN_00405c70 _free"
00405cd0,FUN_00405cd0,40,0,"FUN_00405d50 _free"
00405d10,FUN_00405d10,50,0,"FUN_00405c00"
00405d50,FUN_00405d50,194,0,"FUN_00405c70 FUN_00405eb0 FUN_004061f0 FUN_0068a143"
00405e20,FUN_00405e20,138,0,"FUN_00405560"
00405eb0,FUN_00405eb0,694,0,"FUN_00401670 FUN_004021c0 FUN_004061f0 FUN_00406260 FUN_004062b0 FUN_004062d0 __CxxThrowException@8 _free"
004061b0,FUN_004061b0,55,0,"FUN_00689dcb"
004061f0,FUN_004061f0,97,0,"FUN_0068a143"
00406260,FUN_00406260,78,0,""
004062b0,FUN_004062b0,28,0,""
004062d0,FUN_004062d0,82,0,""
00406330,FUN_00406330,46,0,"_fabs"
00406360,FUN_00406360,100,0,"FUN_0068a1a0 _fabs"
004063d0,FUN_004063d0,94,0,"FUN_0068a1a0 _fabs"
00406430,FUN_00406430,69,0,"FUN_00406360 FUN_004063d0"
00406480,FUN_00406480,34,0,""
004064b0,FUN_004064b0,30,0,""
004064d0,FUN_004064d0,107,0,""
00406540,FUN_00406540,63,0,"FUN_0068bb70"
00406580,FUN_00406580,27,0,""
004065a0,FUN_004065a0,8,0,""
004065b0,FUN_004065b0,177,0,"FUN_0068bb90"
00406670,FUN_00406670,61,0,""
004066b0,FUN_004066b0,271,0,"FUN_00406670"
004067d0,FUN_004067d0,27,0,"FUN_004066b0"
004067f0,FUN_004067f0,153,0,"FUN_00665c10 FUN_006663f0 FUN_00667590"
00406890,FUN_00406890,151,0,"FUN_006679c0 FUN_00667ad0 FUN_006690d0"
00406930,FUN_00406930,293,0,"FUN_006675c0"
00406a60,FUN_00406a60,39,0,""
00406a90,FUN_00406a90,334,0,"FUN_00404e60"
00406be0,FUN_00406be0,610,0,"FUN_00406360 FUN_004063d0 FUN_00417800"
00406e50,FUN_00406e50,610,0,"FUN_00406360 FUN_004063d0 FUN_00417800"
004070c0,FUN_004070c0,153,0,"FUN_00404df0"
00407160,FUN_00407160,193,0,"FUN_00404e60 FUN_00407230"
00407230,FUN_00407230,261,0,""
00407340,FUN_00407340,95,0,""
004073a0,FUN_004073a0,24,0,""
004073c0,FUN_004073c0,24,0,""
004073e0,FUN_004073e0,189,0,""
004074a0,FUN_004074a0,61,0,""
004074e0,FUN_004074e0,91,0,""
00407540,FUN_00407540,61,0,""
00407580,FUN_00407580,91,0,""
004075e0,FUN_004075e0,61,0,""
00407620,FUN_00407620,91,0,""
00407680,FUN_00407680,1095,0,"FUN_00406360 FUN_004063d0"
00407ad0,FUN_00407ad0,219,0,"FUN_00404df0"
00407bb0,FUN_00407bb0,54,0,""
00407bf0,FUN_00407bf0,21,0,"CloseHandle"
00407c10,FUN_00407c10,35,0,"WriteFile"
00407c40,FUN_00407c40,4,0,""
00407c50,FUN_00407c50,25,0,"SetFilePointer"
00407c70,FUN_00407c70,42,0,"CloseHandle _free"
00407ca0,FUN_00407ca0,255,0,"FUN_004040b0 InitializeCriticalSection"
00407da0,FUN_00407da0,472,0,"CoInitialize CreateThread FUN_00401430 FUN_00406670 FUN_0040d020 FUN_0040d360 FUN_0040d560 FUN_0040d620 FUN_0040d810 FUN_0040e780 FUN_00414640 FUN_004147e0 FUN_00418670 SetThreadPriority ShowCursor timeBeginPeriod timeGetTime"
00407f80,FUN_00407f80,233,0,"EnterCriticalSection FUN_0040d3f0 FUN_00414640 FUN_00414c50 FUN_00414d50 FUN_004188c0 ImmReleaseContext LeaveCriticalSection SetEvent _free"
00408080,FUN_00408080,148,0,"EnterCriticalSection FUN_004089c0 LeaveCriticalSection SetEvent"
00408120,FUN_00408120,177,0,"CloseHandle CreateEventA DispatchMessageA FUN_00414a10 GetMessageA PeekMessageA TranslateMessage WaitForSingleObject"
004081e0,FUN_004081e0,755,0,"CreateThread EnterCriticalSection FUN_00401060 FUN_00408080 FUN_0040d6d0 FUN_00414640 FUN_00419350 FUN_00419400 FUN_004194d0 LeaveCriticalSection SetEvent SetWindowTextA __controlfp_s __security_check_cookie _memset timeGetTime wsprintfA"
00408495,Catch@00408495,16,0,""
004084f0,FUN_004084f0,383,0,"CloseHandle CreateEventA FUN_00401060 LeaveCriticalSection TryEnterCriticalSection WaitForSingleObject"
00408649,Catch@00408649,13,0,""
00408690,FUN_00408690,240,0,"DefWindowProcA FUN_00408780 FUN_0040ede0 PostQuitMessage"
00408780,FUN_00408780,126,0,"EnterCriticalSection FUN_00414b30 LeaveCriticalSection ShowCursor"
00408870,FUN_00408870,267,0,"CloseHandle CoInitialize CoUninitialize CreateEventA FUN_0068a143 WaitForSingleObject _free"
00408990,FUN_00408990,36,0,"FUN_00408a50"
004089c0,FUN_004089c0,53,0,"FUN_0040c6d0 FUN_004129e0"
00408a00,FUN_00408a00,49,0,"_free"
00408a50,FUN_00408a50,237,0,"FUN_00402430 FUN_00408b40 FUN_00665af4 _memcpy_s"
00408b40,FUN_00408b40,251,0,"FUN_00402430 FUN_00665af4 FUN_00665b33 _memcpy_s"
00408c40,FUN_00408c40,183,0,"FUN_004020d0 FUN_00408a50 _free"
00408d00,FUN_00408d00,162,0,"FUN_004020d0 FUN_00408b40 _free"
00408db0,FUN_00408db0,140,0,"FUN_00419860 FUN_00419950 __security_check_cookie _strcpy_s"
00408e40,FUN_00408e40,140,0,"FUN_00419860 FUN_00419950 __security_check_cookie _strcpy_s"
00408ed0,FUN_00408ed0,151,0,"FUN_00419590 FUN_00419690 __security_check_cookie _strcpy_s"
00408f70,FUN_00408f70,163,0,"FUN_00419a60 FUN_00419e80 __security_check_cookie _strcpy_s"
00409020,FUN_00409020,88,0,"D3DXCreateTexture EnterCriticalSection LeaveCriticalSection"
00409080,FUN_00409080,1106,0,"D3DXCreateTexture EnterCriticalSection FUN_004094e0 FUN_0041ae60 LeaveCriticalSection __security_check_cookie _strcpy_s `eh_vector_constructor_iterator' `eh_vector_destructor_iterator' wsprintfA"
004094e0,FUN_004094e0,696,0,"FID_conflict:_wprintf FUN_00409020 FUN_0040cf40"
004097a0,FUN_004097a0,270,0,"D3DXCreateTexture EnterCriticalSection FUN_00412670 LeaveCriticalSection _memset"
004098b0,FUN_004098b0,37,0,"FUN_004098e0"
004098e0,FUN_004098e0,266,0,"FUN_00404e60"
004099f0,FUN_004099f0,756,0,"FUN_00406360 FUN_004063d0 FUN_00417800"
00409cf0,FUN_00409cf0,60,0,"_memset"
00409d30,FUN_00409d30,28,0,"_free"
00409d50,FUN_00409d50,7,0,""
00409d60,FUN_00409d60,52,0,"_memset"
00409da0,FUN_00409da0,404,0,"FUN_0040d990"
00409f40,FUN_00409f40,33,0,""
00409f70,FUN_00409f70,378,0,"FUN_00409da0"
0040a0f0,FUN_0040a0f0,1003,0,"FUN_0068a143"
0040a4e0,FUN_0040a4e0,4,0,""
0040a4f0,FUN_0040a4f0,23,0,""
0040a510,FUN_0040a510,54,0,"FUN_0040a790 _memset"
0040a550,FUN_0040a550,263,0,"FUN_0040a8a0 FUN_0068a143"
0040a660,FUN_0040a660,69,0,""
0040a6b0,FUN_0040a6b0,16,0,""
0040a6c0,FUN_0040a6c0,202,0,"FUN_0040a7f0 FUN_0040a8a0 FUN_0068a143"
0040a790,FUN_0040a790,87,0,"FUN_0068a143 _memmove_s"
0040a7f0,FUN_0040a7f0,126,0,"FUN_0040a920 FUN_0068a143"
0040a870,FUN_0040a870,37,0,""
0040a8a0,FUN_0040a8a0,117,0,"FUN_00401670 FUN_004021c0 __CxxThrowException@8"
0040a920,FUN_0040a920,459,0,"FUN_0040a870 FUN_0040aaf0 FUN_0040ab70 _free _memmove_s _memset"
0040aaf0,FUN_0040aaf0,123,0,"FUN_00401670 FUN_004021c0 __CxxThrowException@8"
0040ab70,FUN_0040ab70,78,0,"FUN_00689dcb __CxxThrowException@8 exception"
0040abc0,FUN_0040abc0,23,0,"InitializeCriticalSection"
0040abe0,FUN_0040abe0,38,0,"DeleteCriticalSection _free"
0040ac10,FUN_0040ac10,17,0,"DeleteCriticalSection"
0040ac30,FUN_0040ac30,11,0,"EnterCriticalSection"
0040ac40,FUN_0040ac40,11,0,"LeaveCriticalSection"
0040ac50,FUN_0040ac50,19,0,""
0040ac70,FUN_0040ac70,30,0,""
0040ac90,FUN_0040ac90,190,0,""
0040ad50,FUN_0040ad50,7,0,""
0040ad60,FUN_0040ad60,50,0,"_free"
0040adb0,FUN_0040adb0,37,0,"_free"
0040ade0,FUN_0040ade0,11,0,""
0040adf0,FUN_0040adf0,11,0,""
0040ae00,FUN_0040ae00,11,0,""
0040ae10,FUN_0040ae10,54,0,"_free"
0040ae50,FUN_0040ae50,3,0,""
0040ae60,FUN_0040ae60,3,0,""
0040ae70,FUN_0040ae70,3,0,""
0040ae80,FUN_0040ae80,28,0,"_free"
0040aea0,FUN_0040aea0,60,0,""
0040aee0,FUN_0040aee0,19,0,""
0040af00,FUN_0040af00,11,0,""
0040af10,FUN_0040af10,11,0,""
0040af20,FUN_0040af20,11,0,""
0040af30,FUN_0040af30,68,0,""
0040af80,FUN_0040af80,55,0,"FUN_00414eb0"
0040afc0,FUN_0040afc0,63,0,"FUN_00414eb0"
0040b000,FUN_0040b000,2663,0,"FUN_00405090 FUN_00405200 FUN_00406a90 FUN_00409080 FUN_004098e0 FUN_0040c160 FUN_0040c2e0 FUN_0040c350 FUN_0040c610 FUN_0040c6d0 FUN_0040cf40 FUN_004129e0 FUN_0041b280 FUN_00689dcb FUN_0068a143 FUN_0068be59 __security_check_cookie _free _memset wsprintfA"
0040ba90,FUN_0040ba90,35,0,"_free"
0040bac0,FUN_0040bac0,58,0,"_free"
0040bb00,FUN_0040bb00,55,0,"_free"
0040bb40,FUN_0040bb40,304,0,"FUN_00404d70 FUN_0040c350 FUN_0068a143 _free"
0040bc80,FUN_0040bc80,135,0,"FUN_0068a143"
0040bd10,FUN_0040bd10,258,0,"FUN_0040cc50 FUN_0068a143"
0040be20,FUN_0040be20,153,0,"FUN_0068a143"
0040bec0,FUN_0040bec0,274,0,"FUN_0040cc50 FUN_0068a143"
0040bfe0,FUN_0040bfe0,81,0,"FUN_0068a143"
0040c040,FUN_0040c040,81,0,"FUN_0068a143"
0040c0a0,FUN_0040c0a0,81,0,"FUN_0068a143"
0040c100,FUN_0040c100,95,0,"FUN_0040c350 FUN_0068a143"
0040c160,FUN_0040c160,224,0,"FUN_0040c3d0 FUN_0040cb70"
0040c240,FUN_0040c240,39,0,"_free"
0040c270,FUN_0040c270,99,0,"FUN_0068a143"
0040c2e0,FUN_0040c2e0,105,0,"FUN_0040c270 FUN_0040c8f0 FUN_0068a143"
0040c350,FUN_0040c350,123,0,"FUN_00401670 FUN_004021c0 __CxxThrowException@8"
0040c3d0,FUN_0040c3d0,562,0,"FUN_00401670 FUN_004021c0 FUN_0040c770 FUN_0040c7c0 FUN_0040c820 __CxxThrowException@8"
0040c610,FUN_0040c610,163,0,"FUN_0040aaf0 FUN_0040cd40 FUN_0040ce10"
0040c6b3,Catch_All@0040c6b3,17,0,"FUN_0040c240 __CxxThrowException@8"
0040c6d0,FUN_0040c6d0,154,0,"FUN_00401670 FUN_004021c0 __CxxThrowException@8"
0040c770,FUN_0040c770,78,0,""
0040c7c0,FUN_0040c7c0,82,0,""
0040c820,FUN_0040c820,56,0,"FUN_00689dcb"
0040c860,FUN_0040c860,74,0,"FUN_0040aaf0 FUN_0040cd40"
0040c8b0,FUN_0040c8b0,55,0,"FUN_0040ce10"
0040c8f0,FUN_0040c8f0,604,0,"FUN_0040aaf0 FUN_0040cbf0 FUN_0040ccd0 FUN_0040cd00 FUN_0040ce50 FUN_0040ce80 FUN_0040e590 FUN_0040e5b0 _free"
0040ca88,Catch_All@0040ca88,9,0,"_free"
0040cb70,FUN_0040cb70,119,0,"FUN_0068a143"
0040cbf0,FUN_0040cbf0,51,0,"FUN_0040ce50"
0040cc30,FUN_0040cc30,28,0,""
0040cc50,FUN_0040cc50,121,0,"FUN_0040cda0 FUN_0068a143"
0040ccd0,FUN_0040ccd0,41,0,"FUN_0040ce80"
0040cd00,FUN_0040cd00,53,0,""
0040cd40,FUN_0040cd40,86,0,"FUN_00689dcb __CxxThrowException@8 exception"
0040cda0,FUN_0040cda0,105,0,""
0040ce10,FUN_0040ce10,55,0,""
0040ce50,FUN_0040ce50,37,0,""
0040ce80,FUN_0040ce80,37,0,""
0040ceb0,FUN_0040ceb0,21,0,"CloseHandle"
0040ced0,FUN_0040ced0,35,0,"ReadFile"
0040cf00,FUN_0040cf00,13,0,"GetFileSize"
0040cf10,FUN_0040cf10,9,0,""
0040cf20,FUN_0040cf20,15,0,""
0040cf30,FUN_0040cf30,9,0,"FUN_0041ba70"
0040cf40,FUN_0040cf40,213,0,"CreateFileA FUN_0041b890 FUN_0041bfa0 FUN_00689dcb"
0040d020,FUN_0040d020,137,0,"GetModuleFileNameA __security_check_cookie _strcpy_s _strrchr"
0040d0b0,FUN_0040d0b0,168,0,"FUN_0068be59 __security_check_cookie _strcat_s"
0040d160,FUN_0040d160,97,0,"CloseClipboard GetClipboardData GlobalLock GlobalUnlock OpenClipboard _strncpy_s"
0040d1d0,FUN_0040d1d0,34,0,""
0040d200,FUN_0040d200,148,0,"FUN_0040dc40 FUN_0040dc80 FUN_0040dd60"
0040d2a0,FUN_0040d2a0,173,0,"FUN_0040d3f0 _free"
0040d360,FUN_0040d360,138,0,"CoCreateInstance MessageBoxA"
0040d3f0,FUN_0040d3f0,331,0,"FUN_0040dc40 FUN_0040dc80 FUN_0040dd60 FUN_0068a143"
0040d540,FUN_0040d540,22,0,"MessageBoxA"
0040d560,FUN_0040d560,188,0,"MessageBoxA"
0040d620,FUN_0040d620,176,0,"FUN_0040de50 MessageBoxA __security_check_cookie _memset"
0040d6d0,FUN_0040d6d0,312,0,"FUN_0068a143"
0040d810,FUN_0040d810,282,0,"FUN_0040d540 MessageBoxA"
0040d930,FUN_0040d930,16,0,""
0040d940,FUN_0040d940,71,0,"FUN_0068a143"
0040d990,FUN_0040d990,88,0,"FUN_0068a143"
0040d9f0,FUN_0040d9f0,182,0,"FUN_00404400 FUN_0068a143"
0040daa6,FUN_0040daa6,152,0,"FUN_0040dbf0 FUN_0040dcf0"
0040db40,FUN_0040db40,166,0,"FUN_0068a143"
0040dbf0,FUN_0040dbf0,67,0,"FUN_0068a143"
0040dc40,FUN_0040dc40,58,0,"FUN_0040ddc0 FUN_0068a143"
0040dc80,FUN_0040dc80,62,0,"FUN_0040e510 FUN_0068a143"
0040dcc0,FUN_0040dcc0,43,0,"FUN_0068a143"
0040dcf0,FUN_0040dcf0,110,0,"FUN_0040dee0 FUN_0068a143"
0040dd60,FUN_0040dd60,87,0,"FUN_0068a143 _memmove_s"
0040ddc0,FUN_0040ddc0,99,0,"FUN_0068a143 _memmove_s"
0040de30,FUN_0040de30,31,0,""
0040de50,FUN_0040de50,132,0,"FUN_0040e240 FUN_0040e510 FUN_0068a143 __security_check_cookie"
0040dee0,FUN_0040dee0,143,0,"FUN_0040e060 FUN_0068a143"
0040df70,FUN_0040df70,90,0,"FUN_0068a143 _memmove_s"
0040dfd0,FUN_0040dfd0,46,0,""
0040e000,FUN_0040e000,84,0,"FUN_00689dcb __CxxThrowException@8 exception"
0040e060,FUN_0040e060,472,0,"FUN_004027b0 FUN_0040aaf0 FUN_0040dfd0 FUN_0040e560 FUN_0040e590 FUN_0040e5b0 _free _memmove_s"
0040e240,FUN_0040e240,691,0,"FUN_0040aaf0 FUN_0040de30 FUN_0040e000 FUN_0040e610 FUN_0040e640 FUN_0040e670 FUN_0040e6a0 FUN_0040e6f0 __security_check_cookie _free"
0040e403,Catch_All@0040e403,9,0,"_free"
0040e510,FUN_0040e510,75,0,""
0040e560,FUN_0040e560,48,0,"_memmove_s"
0040e590,FUN_0040e590,30,0,""
0040e5b0,FUN_0040e5b0,90,0,"FUN_00689dcb __CxxThrowException@8 exception"
0040e610,FUN_0040e610,34,0,"FUN_0040e6f0"
0040e640,FUN_0040e640,35,0,""
0040e670,FUN_0040e670,42,0,""
0040e6a0,FUN_0040e6a0,79,0,""
0040e6f0,FUN_0040e6f0,42,0,""
0040e720,FUN_0040e720,91,0,"_memset"
0040e780,FUN_0040e780,111,0,"GetWindowRect ImmGetContext ImmSetCandidateWindow"
0040e7f0,FUN_0040e7f0,77,0,"_memset"
0040e840,FUN_0040e840,112,0,"FUN_0040e8b0 ImmGetCompositionStringA"
0040e8b0,FUN_0040e8b0,380,0,"ImmGetCompositionStringA __security_check_cookie _memset _strcpy_s _strncpy_s"
0040ea30,FUN_0040ea30,300,0,"__security_check_cookie _strcpy_s _strncpy_s"
0040eb60,FUN_0040eb60,11,0,""
0040eb70,FUN_0040eb70,26,0,""
0040eb90,FUN_0040eb90,39,0,"_strcpy_s"
0040ebc0,FUN_0040ebc0,157,0,""
0040ec60,FUN_0040ec60,293,0,"__security_check_cookie _strcpy_s _strncpy_s"
0040ed90,FUN_0040ed90,46,0,"_memset"
0040edc0,FUN_0040edc0,22,0,""
0040ede0,FUN_0040ede0,616,0,"DefWindowProcA FUN_0040e840 FUN_0040e8b0 FUN_0040ea30 FUN_0040ebc0 FUN_0040ec60 FUN_0040ed90 ToAscii __security_check_cookie"
0040f0b0,FUN_0040f0b0,77,0,"GetCurrentDirectoryA GetFileAttributesA _strcat_s"
0040f100,FUN_0040f100,22,0,"GetPrivateProfileIntA"
0040f120,FUN_0040f120,35,0,"GetPrivateProfileStringA"
0040f150,FUN_0040f150,164,0,"FUN_00408e40 FUN_0040f200 FUN_0040f730 _free"
0040f200,FUN_0040f200,570,0,"FUN_0040f7d0 FUN_0040f840 FUN_0040f8f0 FUN_0040f9e0 FUN_0040fbf0 FUN_0040fdb0 FUN_0040ff90 FUN_0068a143 __security_check_cookie _free"
0040f480,FUN_0040f480,249,0,"FUN_0040f990 FUN_0068a143 _atol"
0040f580,FUN_0040f580,245,0,"FUN_004020d0 FUN_004021c0 FUN_0040f990 FUN_0068a143"
0040f680,FUN_0040f680,167,0,"FUN_0040f950 FUN_0068a143"
0040f730,FUN_0040f730,151,0,"FUN_0068a143"
0040f7d0,FUN_0040f7d0,99,0,"FUN_0040fae0 FUN_0040fbf0 FUN_0068a143"
0040f840,FUN_0040f840,152,0,"FUN_0040fc50 FUN_004104a0 FUN_00689dcb"
0040f8e0,thunk_FUN_0040ff90,5,0,""
0040f8f0,FUN_0040f8f0,91,0,"FUN_0040fe30 FUN_00410430 FUN_00689dcb"
0040f950,FUN_0040f950,62,0,"FUN_0068a143"
0040f990,FUN_0040f990,67,0,"FUN_0068a143"
0040f9e0,FUN_0040f9e0,244,0,"FUN_00410030 FUN_00410360 FUN_0068a143"
0040fae0,FUN_0040fae0,257,0,"FUN_00402290 FUN_0068a143"
0040fbf0,FUN_0040fbf0,90,0,"FUN_0068a143"
0040fc50,FUN_0040fc50,344,0,"FUN_004054e0 FUN_00410130 _free _memmove_s"
0040fdb0,FUN_0040fdb0,119,0,"FUN_0040ff90 _free"
0040fe30,FUN_0040fe30,338,0,"FUN_0040e5b0 FUN_004101f0 _free _memmove_s"
0040ff90,FUN_0040ff90,143,0,"_free"
00410030,FUN_00410030,253,0,"FUN_00402430 FUN_00410270 FUN_00665af4 FUN_00665b33 _memmove_s"
00410130,FUN_00410130,85,0,"FUN_00689dcb __CxxThrowException@8 exception"
00410190,FUN_00410190,82,0,"_free"
004101f0,FUN_004101f0,123,0,"FUN_00401670 FUN_004021c0 __CxxThrowException@8"
00410270,FUN_00410270,88,0,"_memset"
004102d0,FUN_004102d0,39,0,"_free"
00410300,FUN_00410300,82,0,"FUN_0068a143"
00410360,FUN_00410360,89,0,"FUN_0068a143"
004103c0,FUN_004103c0,96,0,"FUN_00689dcb __CxxThrowException@8 exception"
00410430,FUN_00410430,97,0,"FUN_004020d0"
004104a0,FUN_004104a0,232,0,"FUN_004105a0 FUN_0068a143"
00410588,Catch_All@00410588,17,0,"FUN_0040ff90 __CxxThrowException@8"
004105a0,FUN_004105a0,95,0,"FUN_00410600"
00410600,FUN_00410600,2001,0,"FUN_004020d0 FUN_0040f8f0 FUN_0040fe30 FUN_00410e20 FUN_00410ed0 FUN_00410f40 FUN_00410fc0 FUN_00411040 FUN_00689dcb FUN_0068a143"
00410a4b,Catch_All@00410a4b,32,0,"FUN_00410e80 __CxxThrowException@8"
00410df7,Catch_All@00410df7,32,0,"FUN_00410190 __CxxThrowException@8"
00410e20,FUN_00410e20,92,0,"FUN_0040fe30 FUN_00410430 FUN_00689dcb"
00410e80,FUN_00410e80,77,0,"_free"
00410ed0,FUN_00410ed0,112,0,"FUN_00411040"
00410f40,FUN_00410f40,115,0,"FUN_00411100"
00410fc0,FUN_00410fc0,115,0,"FUN_004111c0"
00411040,FUN_00411040,188,0,"FUN_00411280 FUN_0068a143"
00411100,FUN_00411100,183,0,"FUN_00411280 FUN_0068a143"
004111c0,FUN_004111c0,187,0,"FUN_00411330 FUN_0068a143"
00411280,FUN_00411280,170,0,"FUN_004020d0 FUN_0068a143"
00411330,FUN_00411330,172,0,"FUN_004020d0 FUN_0068a143"
00411430,FUN_00411430,138,0,"FUN_004040b0"
004114c0,FUN_004114c0,126,0,"FUN_00408a00 FUN_0068a143 _free _free"
004115a0,FUN_004115a0,369,0,"FUN_0068a143 _free thunk_FUN_00689dcb"
00411790,FUN_00411790,352,0,"FUN_0040c6d0 FUN_004129e0 FUN_0068a143 thunk_FUN_00689dcb"
004119a0,FUN_004119a0,223,0,"CreateFontA FUN_0068a143 GetDC GetTextMetricsA SelectObject _free"
00411ad0,FUN_00411ad0,100,0,"DeleteObject FUN_0068a143 ReleaseDC SelectObject _free"
00411b80,FUN_00411b80,605,0,"FUN_00411df0 GetGlyphOutlineA _free thunk_FUN_00689dcb"
00411df0,FUN_00411df0,413,0,"GetGlyphOutlineA _free thunk_FUN_00689dcb"
00411fa0,FUN_00411fa0,557,0,"FUN_004020d0 FUN_004021c0 FUN_0040fe30 FUN_0040ff90 FUN_00689dcb __security_check_cookie _free _free _strchr _strncpy_s _strtok_s thunk_FUN_00689dcb"
00412670,FUN_00412670,323,0,"FUN_004119a0 FUN_00411ad0 FUN_00411b80 FUN_00411fa0 FUN_004127c0 _free _memset thunk_FUN_00689dcb"
004127c0,FUN_004127c0,286,0,""
00412950,FUN_00412950,42,0,"FUN_00405c00"
00412980,FUN_00412980,94,0,"FUN_0068a143"
004129e0,FUN_004129e0,51,0,"FUN_00689dcb"
00412a20,FUN_00412a20,53,0,"FUN_00405c00"
00412a60,FUN_00412a60,167,0,"FUN_004136e0 FUN_004143e0 FUN_0068a143"
00412b10,FUN_00412b10,357,0,"FUN_00413780 FUN_00413e80 InitializeCriticalSection"
00412c80,FUN_00412c80,27,0,"FUN_00412cc0 _free"
00412ca0,thunk_FUN_00413990,5,0,""
00412cb0,thunk_FUN_00413a50,5,0,""
00412cc0,FUN_00412cc0,321,0,"DeleteCriticalSection FUN_00413820 FUN_00413990 FUN_00413a50 FUN_00413a90 FUN_00414640 _free _free"
00412e10,FUN_00412e10,435,0,"CreateThread EnterCriticalSection FUN_00413080 FUN_004139d0 FUN_00413a90 FUN_00414640 FUN_0041ddc0 FUN_0041dec0 FUN_0041def0 LeaveCriticalSection SetThreadPriority WSACleanup __security_check_cookie _free socket"
00412fd0,FUN_00412fd0,165,0,"EnterCriticalSection FUN_004130d0 FUN_00414640 LeaveCriticalSection SetEvent WSACleanup _free closesocket shutdown"
00413080,FUN_00413080,68,0,"FUN_0041def0 bind htons"
004130d0,FUN_004130d0,149,0,"EnterCriticalSection FUN_00413170 LeaveCriticalSection __security_check_cookie sendto"
00413170,FUN_00413170,489,0,"EnterCriticalSection FUN_00412a60 FUN_00413420 FUN_0068a143 LeaveCriticalSection __security_check_cookie sendto"
00413360,FUN_00413360,39,0,"EnterCriticalSection LeaveCriticalSection"
00413390,FUN_00413390,143,0,"EnterCriticalSection FUN_0068a143 LeaveCriticalSection"
00413420,FUN_00413420,648,0,"FUN_00401670 FUN_004021c0 FUN_004138d0 FUN_00413920 FUN_00413940 FUN_004143e0 __CxxThrowException@8 _free"
004136e0,FUN_004136e0,90,0,""
00413740,FUN_00413740,33,0,"FUN_0068a143"
00413770,thunk_FUN_00413a90,5,0,""
00413780,FUN_00413780,145,0,"FUN_004040b0 InitializeCriticalSection"
00413820,FUN_00413820,92,0,"DeleteCriticalSection FUN_004023e0 FUN_00413e10 _free"
00413890,FUN_00413890,32,0,"FUN_0068a143"
004138b0,FUN_004138b0,27,0,"FUN_00413820 _free"
004138d0,FUN_004138d0,76,0,""
00413920,FUN_00413920,28,0,""
00413940,FUN_00413940,80,0,""
00413990,FUN_00413990,40,0,"FUN_00413b10 _free"
004139d0,FUN_004139d0,120,0,"FUN_00413be0 FUN_00413ec0 FUN_0068a143 __security_check_cookie"
00413a50,FUN_00413a50,40,0,"FUN_00413d20 _free"
00413a90,FUN_00413a90,95,0,"_free"
00413b00,thunk_FUN_00413e10,5,0,""
00413b10,FUN_00413b10,194,0,"FUN_00413420 FUN_004143e0 FUN_00414450 FUN_0068a143"
00413be0,FUN_00413be0,114,0,"FUN_0068a143"
00413c60,FUN_00413c60,81,0,"FUN_00689dcb __CxxThrowException@8 exception"
00413cc0,FUN_00413cc0,81,0,"FUN_00689dcb __CxxThrowException@8 exception"
00413d20,FUN_00413d20,194,0,"FUN_00414110 FUN_004143e0 FUN_00414450 FUN_0068a143"
00413df0,FUN_00413df0,23,0,""
00413e10,FUN_00413e10,96,0,"_free"
00413e80,FUN_00413e80,55,0,"FUN_00414530"
00413ec0,FUN_00413ec0,566,0,"FUN_0040aaf0 FUN_00413c60 FUN_00414490 FUN_004144c0 FUN_004144f0 FUN_00414590 FUN_004145c0 __security_check_cookie _free"
00414039,Catch_All@00414039,9,0,"_free"
00414110,FUN_00414110,659,0,"FUN_00401670 FUN_004021c0 FUN_004138d0 FUN_00413940 FUN_004143e0 __CxxThrowException@8 _free"
004143e0,FUN_004143e0,97,0,"FUN_0068a143"
00414450,FUN_00414450,42,0,"FUN_00414450 _free"
00414490,FUN_00414490,34,0,"FUN_004145c0"
004144c0,FUN_004144c0,35,0,""
004144f0,FUN_004144f0,58,0,""
00414530,FUN_00414530,81,0,"FUN_00689dcb __CxxThrowException@8 exception"
00414590,FUN_00414590,42,0,""
004145c0,FUN_004145c0,42,0,""
004145f0,thunk_FUN_00414640,5,0,""
00414600,FUN_00414600,49,0,"CreateThread FUN_00414640"
00414640,FUN_00414640,73,0,"CloseHandle GetExitCodeThread SetThreadPriority"
00414690,FUN_00414690,17,0,"SetThreadPriority"
004146b0,FUN_004146b0,36,0,"GetExitCodeThread"
004146e0,FUN_004146e0,131,0,"FUN_004040b0 InitializeCriticalSection"
00414770,FUN_00414770,103,0,"DeleteCriticalSection FUN_00408a00 FUN_00414c50"
004147e0,FUN_004147e0,547,0,"Direct3DCreate9 GetWindowInfo GetWindowLongA MessageBoxA _memset"
00414a10,FUN_00414a10,281,0,"EnterCriticalSection FUN_0068a143 LeaveCriticalSection"
00414b30,FUN_00414b30,286,0,"FUN_00414a10 GetSystemMetrics SetWindowPos"
00414c50,FUN_00414c50,82,0,""
00414cb0,FUN_00414cb0,157,0,"EnterCriticalSection FUN_0040c6d0 FUN_004129e0 FUN_0068a143 LeaveCriticalSection"
00414d50,FUN_00414d50,140,0,"EnterCriticalSection FUN_00414de0 FUN_0068a143 LeaveCriticalSection"
00414de0,FUN_00414de0,89,0,"FUN_0068a143 _free"
00414e40,FUN_00414e40,104,0,"FUN_004098e0"
00414eb0,FUN_00414eb0,95,0,"FUN_00414f10 FUN_00415050"
00414f10,FUN_00414f10,312,0,"FUN_004099f0"
00415050,FUN_00415050,581,0,"FUN_004099f0 FUN_0068a1a0 FUN_0068c060"
004152a0,FUN_004152a0,148,0,""
00415340,FUN_00415340,539,0,"EnterCriticalSection FUN_00414600 FUN_00416160 FUN_004161e0 GetExitCodeThread LeaveCriticalSection WaitForSingleObject _free _memcpy gethostbyname htons inet_addr thunk_FUN_00689dcb"
00415560,FUN_00415560,1355,0,"EnterCriticalSection FUN_00412a60 FUN_00413740 FUN_004152a0 FUN_00416220 FUN_0068a143 LeaveCriticalSection __security_check_cookie _memcpy sendto"
00415ab0,FUN_00415ab0,223,0,"EnterCriticalSection LeaveCriticalSection"
00415b90,FUN_00415b90,122,0,"EnterCriticalSection LeaveCriticalSection"
00415c10,FUN_00415c10,312,0,"EnterCriticalSection FUN_00416160 FUN_00416320 FUN_0068a143 LeaveCriticalSection"
00415d50,FUN_00415d50,7,0,""
00416160,FUN_00416160,127,0,"FUN_00416290 FUN_00416910 FUN_0068a143"
004161e0,FUN_004161e0,52,0,"FUN_00416320 FUN_0068a143"
00416220,FUN_00416220,106,0,"FUN_004163a0"
00416290,FUN_00416290,137,0,"FUN_004165f0 FUN_0068a143"
00416320,FUN_00416320,125,0,"FUN_0068a143"
004163a0,FUN_004163a0,580,0,"FUN_00401670 FUN_004021c0 FUN_00413940 FUN_00416830 __CxxThrowException@8"
004165f0,FUN_004165f0,543,0,"FUN_0040aaf0 FUN_00413cc0 FUN_00416870 FUN_004168a0 FUN_004168d0 FUN_00416910 FUN_00416950 __security_check_cookie _free"
00416771,Catch_All@00416771,9,0,"_free"
00416830,FUN_00416830,56,0,"FUN_00414530"
00416870,FUN_00416870,34,0,"FUN_00416950"
004168a0,FUN_004168a0,47,0,""
004168d0,FUN_004168d0,59,0,""
00416910,FUN_00416910,54,0,""
00416950,FUN_00416950,54,0,""
00416990,FUN_00416990,464,0,"EnterCriticalSection FUN_00405200 FUN_00417240 FUN_004172c0 FUN_00417660 FUN_0068a143 LeaveCriticalSection SetEvent _memcpy timeGetTime"
00416b60,FUN_00416b60,548,0,"EnterCriticalSection FUN_00405200 FUN_00417240 FUN_004172c0 FUN_00417660 FUN_0068a143 LeaveCriticalSection SetEvent _memcpy timeGetTime"
00416db0,FUN_00416db0,395,0,"CloseHandle CreateEventA EnterCriticalSection FUN_00405200 FUN_00417800 FUN_0068a143 LeaveCriticalSection WaitForSingleObject sendto timeGetTime"
00416f40,FUN_00416f40,682,0,"CloseHandle CreateEventA EnterCriticalSection FUN_00413170 FUN_0068a143 LeaveCriticalSection WaitForSingleObject __security_check_cookie sendto"
00417200,FUN_00417200,50,0,""
00417240,FUN_00417240,117,0,"FUN_00417500 FUN_00689dcb"
004172c0,FUN_004172c0,106,0,"FUN_00417330 FUN_0068a143"
00417330,FUN_00417330,456,0,"FUN_004178d0 FUN_00417950 FUN_0068a143"
00417500,FUN_00417500,341,0,"FUN_0040e5b0 FUN_004101f0 _free _memmove_s"
00417660,FUN_00417660,410,0,"EnterCriticalSection FUN_004026a0 FUN_00404400 FUN_0040dcf0 FUN_004179d0 FUN_00417a30 FUN_00417a90 FUN_0068a143 LeaveCriticalSection _memset"
00417800,FUN_00417800,196,0,"EnterCriticalSection FUN_00417a90 FUN_0068a143 LeaveCriticalSection"
004178d0,FUN_004178d0,115,0,"FUN_00417c50"
00417950,FUN_00417950,115,0,"FUN_00417d10"
004179d0,FUN_004179d0,82,0,"FUN_0068a143"
00417a30,FUN_00417a30,95,0,"FUN_00417af0 FUN_00417dd0"
00417a90,FUN_00417a90,95,0,"FUN_0040a8a0 FUN_0068a143"
00417af0,FUN_00417af0,344,0,"FUN_004054e0 FUN_00410130 _free _memmove_s"
00417c50,FUN_00417c50,187,0,"FUN_00417e20 FUN_0068a143"
00417d10,FUN_00417d10,183,0,"FUN_00417ef0 FUN_0068a143"
00417dd0,FUN_00417dd0,80,0,"FUN_00689dcb __CxxThrowException@8 exception"
00417e20,FUN_00417e20,201,0,"FUN_0068a143"
00417ef0,FUN_00417ef0,190,0,"FUN_0068a143"
00417fb0,FUN_00417fb0,16,0,""
00417fc0,FUN_00417fc0,33,0,""
00417ff0,FUN_00417ff0,71,0,"D3DXCreateEffect FUN_00414cb0"
00418040,FUN_00418040,33,0,"FUN_00414d50"
00418070,FUN_00418070,21,0,""
00418090,FUN_00418090,21,0,""
004180d0,FUN_004180d0,27,0,"FUN_004180f0 _free"
004180f0,FUN_004180f0,139,0,""
00418180,FUN_00418180,253,0,"FUN_00418920 MessageBoxA __security_check_cookie"
004182a0,FUN_004182a0,50,0,"_free"
004182e0,FUN_004182e0,33,0,""
00418310,FUN_00418310,160,0,"FUN_00418920 MessageBoxA __security_check_cookie"
004183b0,FUN_004183b0,247,0,"FUN_00418610 MessageBoxA _memcpy"
004184b0,FUN_004184b0,298,0,"FUN_00408ed0 MessageBoxA _free _memcpy"
004185e0,FUN_004185e0,45,0,""
00418610,FUN_00418610,85,0,"_memset"
00418670,FUN_00418670,583,0,"CoCreateInstance MessageBoxA __security_check_cookie _memset"
004188c0,FUN_004188c0,82,0,""
00418920,FUN_00418920,110,0,"MessageBoxA"
00418990,FUN_00418990,103,0,"FUN_0068a1a0 FUN_0068c0a0"
00418a00,FUN_00418a00,15,0,""
00418a10,FUN_00418a10,291,0,"FUN_0040cf40 FUN_00418d10 FUN_0067a890 FUN_0067a990 FUN_0067c7b0"
00418b70,FUN_00418b70,252,0,"FUN_0067c5c0 FUN_0067c6c0 FUN_0067c7f0 _memset"
00418cd0,FUN_00418cd0,25,0,""
00418cf0,FUN_00418cf0,23,0,""
00418d10,FUN_00418d10,481,0,"FUN_0040cf40 __security_check_cookie _free _strcpy_s thunk_FUN_00689dcb"
00418f00,FUN_00418f00,236,0,"CreateThread FUN_004040b0 FUN_00414640 InitializeCriticalSection SetThreadPriority _free timeBeginPeriod"
00419000,FUN_00419000,222,0,"CloseHandle DeleteCriticalSection EnterCriticalSection FUN_00408a00 FUN_00414640 FUN_0068a143 LeaveCriticalSection SetEvent _free"
00419100,FUN_00419100,591,0,"CloseHandle CreateEventA EnterCriticalSection FUN_0068a143 LeaveCriticalSection SetEvent WaitForSingleObject timeGetTime"
00419350,FUN_00419350,169,0,"CreateEventA EnterCriticalSection FUN_0040c6d0 FUN_004129e0 FUN_0068a143 LeaveCriticalSection"
00419400,FUN_00419400,193,0,"CloseHandle EnterCriticalSection FUN_00414de0 FUN_0068a143 LeaveCriticalSection SetEvent"
004194d0,FUN_004194d0,181,0,"FUN_0068a143 LeaveCriticalSection TryEnterCriticalSection WaitForSingleObject"
00419590,FUN_00419590,237,0,"FUN_0040cf40 _free thunk_FUN_00689dcb"
00419690,FUN_00419690,456,0,"FUN_0040cf40 _free thunk_FUN_00689dcb"
00419860,FUN_00419860,231,0,"FUN_0040cf40 _free thunk_FUN_00689dcb"
00419950,FUN_00419950,264,0,"FUN_0040cf40 _free thunk_FUN_00689dcb"
00419a60,FUN_00419a60,1025,0,"FUN_0040cf40 _free thunk_FUN_00689dcb"
00419e80,FUN_00419e80,240,0,"FUN_0040cf40 _free thunk_FUN_00689dcb"
00419fa0,FUN_00419fa0,41,0,"_free _free"
00419ff0,FUN_00419ff0,2178,0,"FUN_0040cf40 _free thunk_FUN_00689dcb"
0041a910,FUN_0041a910,703,0,"FUN_0040cf40 FUN_0066b840 FUN_0066b870 FUN_0066cc20 FUN_0066d130 FUN_0066e400 FUN_0066e940 FUN_0066fd60 FUN_0066fd90 FUN_0066fe60 FUN_00670280 thunk_FUN_00689dcb"
0041abd0,FUN_0041abd0,196,0,"_memcpy thunk_FUN_00689dcb"
0041aca0,FUN_0041aca0,418,0,"FUN_0040cf40 _free thunk_FUN_00689dcb"
0041ae60,FUN_0041ae60,946,0,""
0041b280,FUN_0041b280,360,0,"FUN_00404e60"
0041b3f0,FUN_0041b3f0,1010,0,"FUN_00404df0 FUN_00406360 FUN_004063d0"
0041b7f0,FUN_0041b7f0,81,0,"_strcpy_s thunk_FUN_00689dcb"
0041b850,FUN_0041b850,37,0,"FUN_0041b850 _free _free"
0041b880,FUN_0041b880,4,0,""
0041b890,FUN_0041b890,42,0,"CloseHandle _free"
0041b8c0,FUN_0041b8c0,163,0,"FUN_0041d160 InitializeCriticalSection"
0041b970,thunk_FUN_0041c8d0,5,0,""
0041b980,FUN_0041b980,225,0,"DeleteCriticalSection FUN_0041c320 FUN_0041c630 FUN_0041c8d0 FUN_0041d5a0 _free"
0041ba70,FUN_0041ba70,618,0,"CloseHandle CreateFileA FUN_004021c0 FUN_00406670 FUN_004066b0 FUN_0041bcf0 FUN_0041c270 ReadFile __security_check_cookie _free _free _memcpy thunk_FUN_00689dcb"
0041bcf0,FUN_0041bcf0,605,0,"FUN_00406930 FUN_0041b7f0 FUN_0041b850 FUN_0041c360 FUN_0041c450 FUN_0041d320 FUN_00689dcb FUN_0068a143 __stricmp _free _free _strcpy_s thunk_FUN_00689dcb"
0041bf70,FUN_0041bf70,38,0,"FUN_0041b850 _free _free"
0041bfa0,FUN_0041bfa0,356,0,"CreateFileA FUN_00406930 FUN_0041c450 FUN_0068a143 SetFilePointer __stricmp"
0041c110,FUN_0041c110,104,0,"ReadFile"
0041c180,FUN_0041c180,124,0,"SetFilePointer"
0041c200,FUN_0041c200,53,0,"FUN_0041d5a0 _free"
0041c240,FUN_0041c240,33,0,""
0041c270,FUN_0041c270,162,0,"FUN_0041c4d0 FUN_0041d4f0 FUN_0068a143"
0041c320,FUN_0041c320,58,0,"FUN_0041c590 FUN_0068a143"
0041c360,FUN_0041c360,230,0,"FUN_0041c690 FUN_0041d1a0"
0041c450,FUN_0041c450,117,0,""
0041c4d0,FUN_0041c4d0,177,0,"FUN_0041c910 FUN_0068a143"
0041c590,FUN_0041c590,109,0,"FUN_0041d4a0 FUN_0041d5a0 FUN_0068a143"
0041c600,FUN_0041c600,46,0,"FUN_0041d4f0"
0041c630,FUN_0041c630,76,0,"FUN_0041b850 FUN_0041c630 _free _free"
0041c690,FUN_0041c690,576,0,"FUN_00401670 FUN_004021c0 FUN_0041cd60 FUN_0041cdb0 __CxxThrowException@8"
0041c8d0,FUN_0041c8d0,40,0,"FUN_0041cc40 _free"
0041c910,FUN_0041c910,732,0,"FUN_004020d0 FUN_0040aaf0 FUN_004103c0 FUN_0041c240 FUN_0041c600 FUN_0041d380 FUN_0041d3b0 FUN_0041d3e0 FUN_0041d4f0 FUN_0041d5a0 FUN_0041d5e0 __security_check_cookie _free"
0041cb15,Catch_All@0041cb15,23,0,"FUN_0041d5a0 _free"
0041cbbd,Catch_All@0041cbbd,36,0,"FUN_0041d5a0 __CxxThrowException@8"
0041cc40,FUN_0041cc40,194,0,"FUN_0041c630 FUN_0041ce40 FUN_0041d2b0 FUN_0068a143"
0041cd10,FUN_0041cd10,76,0,""
0041cd60,FUN_0041cd60,80,0,""
0041cdb0,FUN_0041cdb0,119,0,"FUN_0041d220 FUN_0041d440"
0041ce27,Catch_All@0041ce27,9,0,"_free"
0041ce40,FUN_0041ce40,721,0,"FUN_00401670 FUN_004021c0 FUN_0041b850 FUN_0041cd10 FUN_0041cd60 FUN_0041d290 FUN_0041d2b0 __CxxThrowException@8 _free _free"
0041d160,FUN_0041d160,55,0,"FUN_0041d440"
0041d1a0,FUN_0041d1a0,119,0,"FUN_0068a143"
0041d220,FUN_0041d220,99,0,"_strcpy_s thunk_FUN_00689dcb"
0041d290,FUN_0041d290,28,0,""
0041d2b0,FUN_0041d2b0,97,0,"FUN_0068a143"
0041d320,FUN_0041d320,82,0,"_strcpy_s thunk_FUN_00689dcb"
0041d380,FUN_0041d380,39,0,"FUN_0041d5e0"
0041d3b0,FUN_0041d3b0,38,0,"FUN_004020d0"
0041d3e0,FUN_0041d3e0,81,0,"FUN_0041d720"
0041d440,FUN_0041d440,81,0,"FUN_00689dcb __CxxThrowException@8 exception"
0041d4a0,FUN_0041d4a0,76,0,"FUN_004020d0"
0041d4f0,FUN_0041d4f0,133,0,"FUN_004020d0"
0041d563,Catch_All@0041d563,37,0,"FUN_004102d0 __CxxThrowException@8"
0041d5a0,FUN_0041d5a0,54,0,"_free"
0041d5e0,FUN_0041d5e0,273,0,"FUN_004020d0 __security_check_cookie _free"
0041d6c4,Catch_All@0041d6c4,37,0,"FUN_004102d0 __CxxThrowException@8"
0041d720,FUN_0041d720,132,0,"__security_check_cookie"
0041d7c0,FUN_0041d7c0,1424,0,"EnterCriticalSection FUN_00401850 FUN_00412a60 FUN_00413170 FUN_00413890 FUN_00415340 FUN_00415560 FUN_00415ab0 FUN_00415b90 FUN_00415c10 FUN_0068a143 LeaveCriticalSection __security_check_cookie _memset htons ntohs recvfrom sendto"
0041dd90,FUN_0041dd90,28,0,"_free"
0041ddb0,FUN_0041ddb0,7,0,""
0041ddc0,FUN_0041ddc0,148,0,"EnterCriticalSection FUN_0041def0 LeaveCriticalSection WSAStartup"
0041dec0,FUN_0041dec0,47,0,"EnterCriticalSection LeaveCriticalSection WSACleanup"
0041def0,FUN_0041def0,84,0,"MessageBoxA WSAGetLastError __security_check_cookie wsprintfA"
0041df50,FUN_0041df50,7,0,""
0041df60,FUN_0041df60,9,0,""
0041df70,FUN_0041df70,87,0,"FUN_0043b840"
0041dfd0,FUN_0041dfd0,20,0,"FUN_0043b240 thunk_FUN_00440010"
0041dff0,FUN_0041dff0,72,0,"FUN_0043ac40 FUN_0043b070"
0041e040,FUN_0041e040,43,0,"FUN_00401000 FUN_00401040"
0041e070,FUN_0041e070,162,0,"FUN_00401990 FUN_00403460 FUN_00404730 FUN_00404750 FUN_004047e0 FUN_00404940 FUN_004049c0 FUN_00404a40 FUN_0043b840 FUN_0043e2e0"
0041e120,FUN_0041e120,25,0,"FUN_00401a80 FUN_004034f0 FUN_0043d670"
0041e140,thunk_FUN_0043b4a0,5,0,""
0041e150,thunk_FUN_0043aad0,5,0,""
0041e160,FUN_0041e160,18,0,"FUN_004231a0"
0041e180,FUN_0041e180,18,0,"FUN_0041f4f0"
0041e1a0,FUN_0041e1a0,18,0,"FUN_0041df60"
0041e1c0,FUN_0041e1c0,18,0,"FUN_004231a0"
0041e1e0,FUN_0041e1e0,18,0,"FUN_0041f4f0"
0041e200,FUN_0041e200,18,0,"FUN_0041df60"
0041e220,FUN_0041e220,18,0,"FUN_0041df60"
0041e240,FUN_0041e240,11,0,""
0041e250,FUN_0041e250,30,0,""
0041e270,FUN_0041e270,30,0,""
0041e290,FUN_0041e290,142,0,"FUN_00401000 FUN_00401040 FUN_004012a0"
0041e320,FUN_0041e320,980,0,"FUN_0041df60 FUN_0041e160 FUN_0041e180 FUN_0041e1a0 FUN_0041e1c0 FUN_0041e1e0 FUN_0041e200 FUN_0041e220 FUN_0041f360 FUN_0041f4f0 FUN_0041f780 FUN_0041f970 FUN_004231a0 FUN_00425350 FUN_00425df0 FUN_00426ab0 FUN_00689dcb"
0041e750,FUN_0041e750,27,0,"FUN_00424260 _free"
0041e770,FUN_0041e770,27,0,"FUN_0041df70 _free"
0041e790,FUN_0041e790,40,0,"FUN_00453bc0 FUN_004540f0 FUN_0045a3a0"
0041e7c0,FUN_0041e7c0,352,0,"FUN_0043abd0 FUN_0043b030 FUN_0043b140 FUN_0043b6e0 FUN_00445100 FUN_00451400 FUN_0045a290 FUN_00689dcb thunk_FUN_004406f0"
0041e920,FUN_0041e920,132,0,"FUN_00401000 FUN_00401040 FUN_004010c0 FUN_004012a0 FUN_00450fc0 FUN_0045a2a0"
0041e9b0,FUN_0041e9b0,28,0,""
0041e9d0,FUN_0041e9d0,78,0,""
0041ea20,FUN_0041ea20,28,0,""
0041ea40,FUN_0041ea40,27,0,""
0041ea60,FUN_0041ea60,82,0,""
0041eac0,FUN_0041eac0,99,0,"FUN_0068a143"
0041eb30,FUN_0041eb30,29,0,"FUN_00689dcb"
0041eb50,FUN_0041eb50,57,0,""
0041eb90,FUN_0041eb90,55,0,"FUN_00689dcb"
0041ebd0,FUN_0041ebd0,42,0,"FUN_0041ebd0 _free"
0041ec10,FUN_0041ec10,223,0,"FUN_00404d70 FUN_00413a90 FUN_00420af0 FUN_0068a143"
0041ecf0,FUN_0041ecf0,640,0,"FUN_00401670 FUN_004021c0 FUN_0041e9d0 FUN_0041ea20 FUN_0041ea40 FUN_0041ea60 FUN_0041eac0 __CxxThrowException@8 _free"
0041efb0,FUN_0041efb0,200,0,"FUN_0041eac0 FUN_0041ebd0 FUN_0041ecf0 FUN_0068a143"
0041f080,FUN_0041f080,51,0,"FUN_0041ec10 _free"
0041f0c0,FUN_0041f0c0,36,0,"FUN_0043d270 _free"
0041f100,FUN_0041f100,17,0,"FUN_0041f080 _free"
0041f120,FUN_0041f120,196,0,"FUN_00405600 FUN_0041eb30 FUN_0041eb90 FUN_00420a40"
0041f1f0,FUN_0041f1f0,124,0,"FUN_0041efb0 _free"
0041f2f0,FUN_0041f2f0,101,0,"FUN_0041f1f0 FUN_00452e60"
0041f360,FUN_0041f360,106,0,"FUN_0041f120"
0041f3d0,FUN_0041f3d0,27,0,"FUN_0041f2f0 _free"
0041f3f0,FUN_0041f3f0,23,0,"FUN_0043ab90"
0041f410,FUN_0041f410,217,0,"FUN_00401000 FUN_00401040 FUN_004010c0 FUN_004012a0 FUN_004063d0 FUN_0068a1a0"
0041f4f0,FUN_0041f4f0,177,0,"FUN_00404c90 FUN_00406a60 FUN_0043b840"
0041f5b0,FUN_0041f5b0,109,0,"FUN_00404d70 FUN_00420a80"
0041f620,FUN_0041f620,27,0,"FUN_0041f5b0 _free"
0041f640,FUN_0041f640,37,0,"FUN_00407160"
0041f670,FUN_0041f670,45,0,"FUN_0043ab90 FUN_0043b030"
0041f6a0,FUN_0041f6a0,62,0,"FUN_00401000 FUN_00401040 FUN_004010c0 FUN_004073a0 FUN_00407ad0"
0041f6f0,FUN_0041f6f0,28,0,"_free"
0041f710,FUN_0041f710,105,0,"FUN_00404d70"
0041f780,FUN_0041f780,168,0,"FUN_00404c90 FUN_00407160"
0041f830,FUN_0041f830,27,0,"FUN_0041f710 _free"
0041f850,FUN_0041f850,52,0,"FUN_0043b030 FUN_00451400"
0041f890,FUN_0041f890,1,0,""
0041f8a0,FUN_0041f8a0,53,0,"FUN_00401000 FUN_00401040 FUN_004010c0 FUN_00450fc0"
0041f8e0,FUN_0041f8e0,28,0,"_free"
0041f900,FUN_0041f900,101,0,"FUN_0041f1f0 FUN_00452e60"
0041f970,FUN_0041f970,130,0,"FUN_0041f120 FUN_00453bc0 FUN_004540f0"
0041fa00,FUN_0041fa00,27,0,"FUN_0041f900 _free"
0041fa20,FUN_0041fa20,117,0,""
0041faa0,FUN_0041faa0,7,0,""
0041fab0,FUN_0041fab0,28,0,"_free"
0041fad0,FUN_0041fad0,154,0,"FUN_004073a0 FUN_004073e0"
0041fb70,FUN_0041fb70,8,0,"thunk_FUN_00440010"
0041fb80,FUN_0041fb80,258,0,"FUN_00404c90 FUN_00404d70 FUN_0043bf80 __security_check_cookie wsprintfA"
0041fc90,FUN_0041fc90,613,0,"FUN_004067d0 FUN_0041fa20 FUN_0041fb80 FUN_0043ac40 FUN_0043ac60 FUN_0043ae90 FUN_0043b140 FUN_0043b1a0"
0041ff00,FUN_0041ff00,1489,0,"FUN_00401000 FUN_00401040 FUN_004012a0 FUN_00404750 FUN_004099f0 FUN_0043f4c0 FUN_0043f900"
004204e0,FUN_004204e0,63,0,""
004208e0,FUN_004208e0,1231,0,"FUN_004064b0 FUN_004067d0 FUN_00407340 FUN_0041fa20 FUN_0041fc90 FUN_0043ac60 FUN_0043b140 FUN_0043b1a0 FUN_0043f450 FUN_0068a143"
00420a40,FUN_00420a40,55,0,"FUN_00689dcb"
00420a80,FUN_00420a80,95,0,"_free"
00420af0,FUN_00420af0,123,0,"_free"
00420b80,FUN_00420b80,5,0,""
00420b90,FUN_00420b90,118,0,"FUN_0040cda0 FUN_0068a143"
00420c10,FUN_00420c10,19,0,"FUN_00409d50 FUN_00420a80"
00420c30,FUN_00420c30,37,0,"FUN_00409d50 FUN_00420a80 _free"
00420c60,FUN_00420c60,178,0,"FUN_0040ac10 FUN_0068a143 _free"
00420d70,FUN_00420d70,27,0,"FUN_00420c60 _free"
00420d90,FUN_00420d90,640,0,"FUN_00401670 FUN_004021c0 FUN_0040c770 FUN_0040c7c0 FUN_0040cc30 FUN_0042c9c0 FUN_0043b340 __CxxThrowException@8 _free"
00421050,FUN_00421050,200,0,"FUN_00420d90 FUN_0043b340 FUN_0043bc40 FUN_0068a143"
00421120,FUN_00421120,783,0,"FUN_0041fb80 FUN_0043ac40 FUN_0043ac50 FUN_0043af10 FUN_0043b010 FUN_0043cf80 FUN_006183f0 FUN_0068a143"
00421430,FUN_00421430,697,0,"FUN_00420a80 FUN_0043abd0 FUN_0043ac40 FUN_0043b010 FUN_0043b040 FUN_0043b1a0 FUN_0043b640 FUN_0043b6e0 FUN_004482e0 FUN_006183f0 FUN_00689dcb thunk_FUN_004406f0"
004216f0,FUN_004216f0,130,0,"FUN_004040b0 FUN_0040abc0"
00421780,FUN_00421780,103,0,"FUN_004216f0 FUN_00435e50"
004217f0,FUN_004217f0,153,0,"FUN_00420a40 FUN_00435e50"
00421890,FUN_00421890,85,0,"FUN_00421050 _free"
00421930,FUN_00421930,27,0,"FUN_00421890 _free"
00421950,FUN_00421950,100,0,"FUN_00420c60 FUN_00435eb0 FUN_0046eeb0"
004219c0,FUN_004219c0,169,0,"FUN_00420a40 FUN_00421780"
00421a70,FUN_00421a70,20,0,"_free"
00421a90,FUN_00421a90,41,0,"_free"
00421b00,FUN_00421b00,33,0,""
00421b30,FUN_00421b30,91,0,""
00421b90,FUN_00421b90,40,0,"FUN_0068a143"
00421bc0,FUN_00421bc0,96,0,"FUN_00689dcb __CxxThrowException@8 exception"
00421c30,FUN_00421c30,105,0,""
00421ca0,FUN_00421ca0,105,0,""
00421d10,FUN_00421d10,8,0,"FUN_00424240"
00421d30,FUN_00421d30,7,0,""
00421d40,FUN_00421d40,38,0,"FUN_0068a143"
00421d70,FUN_00421d70,94,0,"FUN_00421c30"
00421dd0,FUN_00421dd0,102,0,""
00421e40,FUN_00421e40,99,0,"FUN_00421ca0"
00421eb0,FUN_00421eb0,115,0,""
00421f30,FUN_00421f30,51,0,"FUN_00689dcb"
00421f70,FUN_00421f70,115,0,""
00421ff0,FUN_00421ff0,79,0,"FUN_00435110"
00422040,FUN_00422040,41,0,"FUN_00421ff0"
00422070,FUN_00422070,43,0,"FUN_00421e40"
004220a0,FUN_004220a0,38,0,""
004220d0,FUN_004220d0,42,0,"FUN_0043fc40 FUN_0068a143"
00422100,FUN_00422100,60,0,"FUN_00421f70"
00422140,FUN_00422140,59,0,"FUN_00421ff0"
00422180,thunk_FUN_004351c0,5,0,""
00422190,FUN_00422190,57,0,"_free"
004221e0,FUN_004221e0,126,0,"FUN_00421d70 FUN_0068a143"
00422260,FUN_00422260,69,0,"_free"
004222b0,FUN_004222b0,41,0,"FUN_00421eb0"
004222e0,FUN_004222e0,5,0,""
004222f0,FUN_004222f0,795,0,"FUN_00421b00 FUN_00421bc0 FUN_00421dd0 FUN_00421eb0 FUN_00422070 FUN_004220a0 FUN_00422100 FUN_004222b0 FUN_004298f0 _free"
00422524,Catch_All@00422524,22,0,"FUN_004220a0 _free"
004225d7,Catch_All@004225d7,45,0,"FUN_004220a0 __CxxThrowException@8"
00422660,FUN_00422660,135,0,"FUN_004221e0 FUN_00422260 FUN_0068a143"
004226f0,FUN_004226f0,27,0,"FUN_00422660 _free"
00422710,FUN_00422710,81,0,"FUN_00421bc0 FUN_004298f0"
00422770,FUN_00422770,338,0,"FUN_00439580 FUN_00449940 _free _memmove_s"
004228d0,FUN_004228d0,185,0,"FUN_00421eb0 FUN_00422710 FUN_0068a143"
00422989,Catch_All@00422989,17,0,"FUN_00422260 __CxxThrowException@8"
004229a0,FUN_004229a0,50,0,"FUN_00421f30 FUN_00440370"
004229e0,FUN_004229e0,253,0,"FUN_004221e0 FUN_004222f0 FUN_0068a143 _free"
00422ae0,FUN_00422ae0,131,0,"FUN_004221e0 FUN_0068a143"
00422b70,FUN_00422b70,434,0,"FUN_004026a0 FUN_0040ac30 FUN_0040ac40 FUN_0040dcf0 FUN_00422140 FUN_0056d450 FUN_0064af70 FUN_00689dcb FUN_0068a143"
00422d30,FUN_00422d30,200,0,"FUN_0056d8f0 FUN_0068a143 _free"
00422e00,FUN_00422e00,117,0,"FUN_004228d0"
00422e80,FUN_00422e80,18,0,"FUN_00422d30"
00422ea0,FUN_00422ea0,94,0,"FUN_00421f30 FUN_00422b70 FUN_00440370"
00422f00,FUN_00422f00,172,0,"FUN_00404d70 FUN_0040c270 FUN_0040c350 FUN_0046eeb0 FUN_0068a143"
00422fb0,FUN_00422fb0,115,0,"FUN_00422ea0"
00423030,FUN_00423030,117,0,"FUN_00421f30 FUN_00422b70 FUN_00440370 FUN_0046eeb0"
004230b0,FUN_004230b0,27,0,"FUN_00421950 _free"
004230d0,FUN_004230d0,108,0,"FUN_0043d270 _free"
004231a0,FUN_004231a0,4241,0,"FUN_00404c90 FUN_00406a60 FUN_00407160 FUN_004073a0 FUN_004073e0 FUN_00408f70 FUN_004098b0 FUN_00409cf0 FUN_0040cc50 FUN_0040cda0 FUN_0040dee0 FUN_00420b90 FUN_004217f0 FUN_0043ac40 FUN_0043af20 FUN_0043afe0 FUN_0043b090 FUN_0043bf80 FUN_0043f390 FUN_0068a143 __security_check_cookie `eh_vector_constructor_iterator' wsprintfA"
00424240,FUN_00424240,27,0,"FUN_004230d0 _free"
00424260,FUN_00424260,826,0,"FUN_00404d70 FUN_00409d50 FUN_00420a80 FUN_00421890 _free `eh_vector_destructor_iterator'"
004245b0,FUN_004245b0,30,0,"FUN_00423030 FUN_00437ec0"
004245d0,FUN_004245d0,186,0,"FUN_00404c90 FUN_00404d70 FUN_0043bf80 __security_check_cookie wsprintfA"
00424690,FUN_00424690,247,0,"FUN_0043abd0 FUN_0043b1a0 FUN_0043b6e0 FUN_004482e0 FUN_00689dcb thunk_FUN_004406f0"
00424790,FUN_00424790,271,0,"FUN_004245d0 FUN_0043ac50 FUN_0043af10 FUN_0043b010 FUN_0043cf80 FUN_0068a143"
004248a0,FUN_004248a0,414,0,"FUN_004064b0 FUN_0041fa20 FUN_004245d0 FUN_0043ae90 FUN_0043b140 FUN_0043b1a0 FUN_0043f450 FUN_0068a143"
00424a40,FUN_00424a40,756,0,"FUN_00401000 FUN_00401040 FUN_004010c0 FUN_00404750 FUN_004099f0 FUN_0043af20 FUN_0043f4c0 FUN_0068a143"
00424d40,FUN_00424d40,37,0,""
00424d70,FUN_00424d70,37,0,""
00424da0,FUN_00424da0,53,0,""
00424de0,FUN_00424de0,51,0,"FUN_00424d70"
00424e20,FUN_00424e20,99,0,"FUN_0068a143"
00424e90,FUN_00424e90,41,0,"FUN_00424d40"
00424ec0,FUN_00424ec0,568,0,"FUN_00424d40 FUN_00424da0 FUN_00424de0 FUN_00424e90 FUN_004298f0 FUN_004379b0 FUN_00439580 _free"
00425034,Catch_All@00425034,9,0,"_free"
00425110,FUN_00425110,137,0,"FUN_00424ec0 FUN_0068a143"
004251a0,FUN_004251a0,130,0,"FUN_00424d70 FUN_00425110 FUN_0068a143"
00425230,FUN_00425230,271,0,"FUN_00404d70 FUN_00421890 FUN_0043f330 _free"
00425350,FUN_00425350,862,0,"FUN_00404c90 FUN_00406a60 FUN_004098b0 FUN_0040cc50 FUN_0040cda0 FUN_00420b90 FUN_004217f0 FUN_00424e20 FUN_004251a0 FUN_0043af20 FUN_0043afe0 FUN_0043f390 FUN_0043f540 FUN_0068a143"
004256b0,FUN_004256b0,27,0,"FUN_00425230 _free"
004256d0,FUN_004256d0,68,0,"FUN_0043b0a0 FUN_0043cf80 thunk_FUN_0043ffb0"
00425720,FUN_00425720,20,0,"FUN_0043b6e0 thunk_FUN_0043ffb0"
00425740,FUN_00425740,417,0,"FUN_00401000 FUN_00401040 FUN_00404750 FUN_004064b0 FUN_004099f0"
004258f0,FUN_004258f0,137,0,"FUN_004064b0"
00425990,FUN_00425990,862,0,"FUN_0041fa20 FUN_004258f0 FUN_0043b030 FUN_0043b060 FUN_0043b140 FUN_0043b1a0 FUN_0043b6e0 FUN_0043b8f0 FUN_00441520 FUN_00444190 FUN_004456d0 FUN_00446de0 FUN_00447690 FUN_0044d4f0 FUN_00689dcb thunk_FUN_004406f0"
00425d40,FUN_00425d40,161,0,"FUN_00404d70 FUN_00421890"
00425df0,FUN_00425df0,577,0,"FUN_00404c90 FUN_00406a60 FUN_00406a90 FUN_004098e0 FUN_0040cc50 FUN_004217f0 FUN_0043ac40 FUN_0043b020 FUN_0043b070"
00426060,FUN_00426060,27,0,"FUN_00425d40 _free"
00426080,FUN_00426080,10,0,"CloseHandle"
00426090,FUN_00426090,193,0,"CloseHandle CreateEventA FUN_0043afe0 FUN_0043b090 WaitForSingleObject"
00426160,FUN_00426160,22,0,""
00426180,FUN_00426180,247,0,"FUN_00426160 FUN_0043b090 FUN_0043b6e0 FUN_0044d800"
00426280,FUN_00426280,26,0,"FUN_0041f3f0"
004262a0,FUN_004262a0,217,0,"FUN_0043abd0 FUN_0043b090"
00426380,FUN_00426380,267,0,"FUN_00409f40 FUN_00426160 FUN_0043b020 FUN_0043b090 FUN_0043b6e0 FUN_0044d800"
00426490,FUN_00426490,26,0,"FUN_0041f3f0"
004264b0,FUN_004264b0,205,0,"CloseHandle CreateEventA FUN_00421120 FUN_0043b090 WaitForSingleObject"
00426580,FUN_00426580,313,0,"FUN_0040d930 FUN_0043abd0 FUN_0043ac40 FUN_0043b090"
004266c0,FUN_004266c0,171,0,"FUN_0043abd0 FUN_0043b030 FUN_0043b090 FUN_0044d880 FUN_0044e2c0"
00426770,FUN_00426770,230,0,"CloseHandle CreateEventA FUN_0040ac30 FUN_0040ac40 FUN_0043b060 FUN_0043b090 FUN_0044d880 WaitForSingleObject"
00426860,FUN_00426860,21,0,"FUN_0043cf80"
00426880,FUN_00426880,98,0,"FUN_00404d70"
004268f0,FUN_004268f0,209,0,"FUN_0042bc40 FUN_0042c4d0 FUN_0043ab90 FUN_0043abd0 FUN_0043ac40 FUN_0043ac50 FUN_0043b030 FUN_0043b060 FUN_0043b090 FUN_0043b840 FUN_0044d880"
004269d0,FUN_004269d0,217,0,"FUN_00401000 FUN_00401040 FUN_004010c0 FUN_004012a0 FUN_004063d0 FUN_0068a1a0"
00426ab0,FUN_00426ab0,165,0,"FUN_00404c90 FUN_00406a60 FUN_0043b090"
00426b60,FUN_00426b60,27,0,"FUN_00426880 _free"
00426b90,FUN_00426b90,31,0,""
00426bb0,FUN_00426bb0,561,0,"FUN_0068a380"
00426df0,FUN_00426df0,948,0,"FUN_00406360 FUN_004063d0"
004271b0,FUN_004271b0,70,0,"FUN_004073e0 FUN_004074a0 FUN_00407540"
00427200,FUN_00427200,128,0,"FUN_004073e0 FUN_004074a0 FUN_00407540"
00427280,FUN_00427280,10,0,""
00427290,FUN_00427290,17,0,""
004272b0,FUN_004272b0,17,0,""
004272d0,FUN_004272d0,17,0,""
004272f0,FUN_004272f0,33,0,"FUN_00426bb0"
00427320,FUN_00427320,106,0,"FUN_00426bb0 FUN_00426df0"
00427390,FUN_00427390,877,0,"CloseHandle CreateFileA FUN_0043aa40 FUN_0068a143 WriteFile"
00427700,FUN_00427700,248,0,"FUN_004021c0 FUN_0040ff90 `eh_vector_constructor_iterator'"
00427800,FUN_00427800,947,0,"CloseHandle CreateFileA FUN_004020d0 FUN_004021c0 FUN_0040fe30 FUN_00689dcb ReadFile __security_check_cookie _free _memset"
00427bc0,FUN_00427bc0,15,0,""
00427bd0,FUN_00427bd0,108,0,""
00427c40,FUN_00427c40,32,0,"FUN_00404d70"
00427c60,FUN_00427c60,333,0,"FUN_00404d00 FUN_00404d70 FUN_004098b0 FUN_0040e7f0 FUN_0040eb60 FUN_0040eb70 FUN_0040edc0"
00427db0,FUN_00427db0,568,0,"FUN_00401260 FUN_004099f0 FUN_0068a1a0 SetRect"
00428000,FUN_00428000,33,0,""
00428030,FUN_00428030,55,0,""
00428070,FUN_00428070,474,0,"FUN_00432520 FUN_00435ce0 FUN_0043abd0 FUN_0043ac40 FUN_0043b090 FUN_0045d040 FUN_0045dc90 FUN_0045e0e0"
00428260,FUN_00428260,553,0,"FUN_004313b0 FUN_00435ce0 FUN_0043ac40 FUN_0043afe0 FUN_0043b010 FUN_0043b040 FUN_0043b640 FUN_0045e0d0 FUN_0045e0e0 FUN_0045e100"
004284a0,FUN_004284a0,31,0,""
004284c0,FUN_004284c0,60,0,"FUN_0068a143"
00428500,FUN_00428500,89,0,"FUN_00689dcb __CxxThrowException@8 exception"
00428560,FUN_00428560,8,0,""
00428570,FUN_00428570,73,0,"FUN_0068a143"
004285c0,FUN_004285c0,191,0,"FUN_00405560 _memchr"
00428680,FUN_00428680,23,0,""
004286a0,FUN_004286a0,46,0,"FUN_0068a143"
004286d0,FUN_004286d0,46,0,"FUN_0068a143"
00428700,FUN_00428700,52,0,""
00428740,FUN_00428740,96,0,"FUN_0068a143"
004287a0,FUN_004287a0,192,0,"FUN_0068a143"
00428860,FUN_00428860,203,0,"FUN_0068a143"
00428930,FUN_00428930,100,0,"FUN_004321b0"
004289a0,FUN_004289a0,240,0,"FUN_0040ac30 FUN_0040ac40 FUN_00428930 FUN_0043abf0"
00428ab0,FUN_00428ab0,187,0,"FUN_00428860 FUN_0068a143"
00428b70,FUN_00428b70,8,0,"FUN_00420a80"
00428b80,FUN_00428b80,526,0,"FUN_0068a143"
00428d90,FUN_00428d90,385,0,"CloseHandle CreateFileA FUN_00428b80 FUN_0043aa40 FUN_0068a143 FUN_0068a6bc WriteFile __time64"
00428f20,FUN_00428f20,99,0,"FUN_0068a143"
00428f90,FUN_00428f90,935,0,"FUN_00402430 FUN_004025f0 FUN_00665af4 FUN_00665b33 _memcpy_s _memmove_s"
00429340,FUN_00429340,115,0,"FUN_00428ab0"
004293c0,FUN_004293c0,183,0,"FUN_004287a0 FUN_0068a143"
00429480,FUN_00429480,31,0,"FUN_00420a80 `eh_vector_destructor_iterator'"
004294a0,FUN_004294a0,486,0,"FUN_00402430 FUN_00428f90 FUN_00665af4 FUN_00665b33 _memcpy_s _memmove_s"
00429690,FUN_00429690,472,0,"FUN_00429340 FUN_00429870 FUN_0068a143"
00429870,FUN_00429870,115,0,"FUN_004293c0"
004298f0,FUN_004298f0,117,0,"FUN_00401670 FUN_004021c0 __CxxThrowException@8"
00429970,FUN_00429970,176,0,"FUN_004020d0 FUN_004021c0 FUN_00408b40 _free"
00429a30,FUN_00429a30,307,0,"CloseHandle CreateFileA FUN_004021c0 FUN_00408a50 ReadFile __security_check_cookie _free"
00429b70,FUN_00429b70,1320,0,"FUN_004021c0 FUN_0040f120 FUN_004285c0 FUN_004294a0 FUN_0043bf80 FUN_0068a143 FUN_0068a6bc __mbschr __security_check_cookie __time64 wsprintfA"
0042a0a0,FUN_0042a0a0,159,0,"FUN_004020d0 FUN_004021c0 FUN_00439f40"
0042a140,thunk_FUN_00439fc0,5,0,""
0042a150,FUN_0042a150,498,0,"FUN_004020d0 FUN_00408a50 FUN_00408b40 FUN_00428f20 FUN_00429a30 FUN_00439910 FUN_0043aa40 FUN_0043b060 FUN_0068a143 __security_check_cookie _free wsprintfA"
0042a350,FUN_0042a350,341,0,"FUN_00439580 FUN_00449940 _free _memmove_s"
0042a4b0,FUN_0042a4b0,122,0,"FUN_0042a350 FUN_00689dcb"
0042a530,FUN_0042a530,35,0,"FUN_00420a80 `eh_vector_destructor_iterator'"
0042a560,FUN_0042a560,1293,0,"CloseHandle CreateDirectoryA CreateFileA FUN_004020d0 FUN_004021c0 FUN_00408c40 FUN_00408d00 FUN_0040f0b0 FUN_004284c0 FUN_00429970 FUN_00429b70 FUN_0043bf80 FUN_0068a6bc __security_check_cookie __time64 _free wsprintfA"
0042aa90,FUN_0042aa90,119,0,"FUN_0042a350 FUN_00689dcb"
0042ab10,FUN_0042ab10,1748,0,"FUN_00428740 FUN_00429340 FUN_00429870 FUN_0042a4b0 FUN_0042aa90 FUN_0068a143"
0042ad88,Catch_All@0042ad88,32,0,"FUN_00428700 __CxxThrowException@8"
0042b0cf,Catch_All@0042b0cf,38,0,"FUN_00428680 __CxxThrowException@8"
0042b230,FUN_0042b230,52,0,"FUN_00420a80 `eh_vector_destructor_iterator'"
0042b270,FUN_0042b270,125,0,"FUN_0040ac30 FUN_0040ac40 FUN_0042aa90"
0042b2f0,FUN_0042b2f0,365,0,"FUN_00420a80 FUN_0042aa90"
0042b460,FUN_0042b460,224,0,"FUN_0042b270 FUN_0043abd0 FUN_0043b090"
0042b540,FUN_0042b540,262,0,"FUN_0040ac30 FUN_0040ac40 FUN_0042aa90 FUN_0068a143"
0042b650,FUN_0042b650,88,0,"FUN_0042ab10"
0042b6b0,FUN_0042b6b0,297,0,"FUN_00420a80 FUN_004286a0 FUN_004286d0 FUN_00429690 FUN_00429870 FUN_0042b650 FUN_0042ffb0"
0042b7e0,FUN_0042b7e0,236,0,"FUN_0042b650 FUN_0068a143"
0042b8cc,Catch_All@0042b8cc,17,0,"FUN_00420a80 __CxxThrowException@8"
0042b8e0,FUN_0042b8e0,27,0,"FUN_0042b230"
0042b900,FUN_0042b900,162,0,"FUN_0042b6b0"
0042b9b0,FUN_0042b9b0,305,0,"FUN_004284c0 FUN_0042b6b0"
0042baf0,FUN_0042baf0,332,0,"FUN_004284c0 FUN_0042b6b0"
0042bc40,FUN_0042bc40,140,0,"FUN_0042b9b0"
0042bcd0,FUN_0042bcd0,116,0,"FUN_0042b7e0 `eh_vector_copy_constructor_iterator'"
0042bd50,FUN_0042bd50,74,0,"FUN_0042b900"
0042bda0,FUN_0042bda0,76,0,"FUN_0042b900"
0042bdf0,FUN_0042bdf0,38,0,"FUN_0042b900"
0042be20,FUN_0042be20,125,0,"FUN_0042bcd0"
0042be89,Catch_All@0042be89,37,0,"FUN_0042a530 __CxxThrowException@8"
0042bed0,FUN_0042bed0,108,0,"FUN_0042b230 FUN_0042bd50 FUN_0068a143"
0042bf40,FUN_0042bf40,43,0,"FUN_0042bda0"
0042bf70,FUN_0042bf70,125,0,"FUN_0042bcd0"
0042bfdb,Catch_All@0042bfdb,37,0,"FUN_0042a530 __CxxThrowException@8"
0042c020,FUN_0042c020,57,0,"FUN_0042bed0 FUN_0068a143"
0042c060,FUN_0042c060,56,0,"FUN_0042bf70"
0042c0a0,FUN_0042c0a0,41,0,"FUN_0042be20"
0042c0d0,FUN_0042c0d0,711,0,"FUN_00420a80 FUN_004284a0 FUN_00428500 FUN_004298f0 FUN_0042b230 FUN_0042bcd0 FUN_0042bdf0 FUN_0042be20 FUN_0042bf40 FUN_0042c060 FUN_0042c0a0 __security_check_cookie _free `eh_vector_destructor_iterator'"
0042c29b,Catch_All@0042c29b,22,0,"FUN_0042b8e0 _free"
0042c345,Catch_All@0042c345,38,0,"FUN_0042b8e0 __CxxThrowException@8"
0042c3f0,FUN_0042c3f0,218,0,"FUN_00420a80 FUN_0042bcd0 FUN_0042bed0 FUN_0042c0d0 FUN_0068a143 __security_check_cookie `eh_vector_destructor_iterator'"
0042c4d0,FUN_0042c4d0,238,0,"FUN_00420a80 FUN_0042bed0 FUN_0042c3f0 FUN_0068a143 `eh_vector_constructor_iterator' `eh_vector_destructor_iterator'"
0042c5c0,FUN_0042c5c0,825,0,"CloseHandle CreateFileA FUN_004021c0 FUN_00408a50 FUN_00420a80 FUN_0042b2f0 FUN_0042c020 FUN_0042c3f0 FUN_0043aa40 FUN_0068a143 ReadFile __security_check_cookie _free `eh_vector_constructor_iterator' `eh_vector_destructor_iterator'"
0042c910,FUN_0042c910,15,0,"_free"
0042c930,FUN_0042c930,27,0,"FUN_00409cf0"
0042c950,thunk_FUN_00409d50,5,0,""
0042c960,FUN_0042c960,31,0,""
0042c980,FUN_0042c980,28,0,""
0042c9a0,FUN_0042c9a0,27,0,""
0042c9c0,FUN_0042c9c0,27,0,""
0042c9e0,FUN_0042c9e0,78,0,""
0042ca30,FUN_0042ca30,28,0,""
0042ca50,FUN_0042ca50,27,0,""
0042ca70,FUN_0042ca70,82,0,""
0042cad0,FUN_0042cad0,92,0,"FUN_00689dcb __CxxThrowException@8 exception"
0042cb30,FUN_0042cb30,60,0,""
0042cb70,FUN_0042cb70,65,0,""
0042cbc0,FUN_0042cbc0,27,0,"FUN_00409d50 _free"
0042cbe0,FUN_0042cbe0,82,0,""
0042cc40,FUN_0042cc40,78,0,""
0042cc90,FUN_0042cc90,99,0,"FUN_0068a143"
0042cd00,FUN_0042cd00,99,0,"FUN_0068a143"
0042cd70,FUN_0042cd70,95,0,"FUN_0042cb70"
0042cdd0,FUN_0042cdd0,67,0,""
0042ce20,FUN_0042ce20,42,0,"FUN_0042ce20 _free"
0042ce60,FUN_0042ce60,55,0,"FUN_00689dcb"
0042cea0,FUN_0042cea0,67,0,""
0042cef0,FUN_0042cef0,43,0,"FUN_0042cd70"
0042cf20,FUN_0042cf20,65,0,"_free"
0042cf70,FUN_0042cf70,159,0,"FUN_0043ac40 FUN_0043b070 FUN_0068a143"
0042d010,FUN_0042d010,191,0,"FUN_0043ac40 FUN_0043b070 FUN_0068a143"
0042d0d0,FUN_0042d0d0,105,0,""
0042d140,FUN_0042d140,100,0,"FUN_0068a143"
0042d1b0,FUN_0042d1b0,100,0,"FUN_0068a143"
0042d220,FUN_0042d220,54,0,"FUN_0042cea0"
0042d260,FUN_0042d260,192,0,"FUN_00409cf0 `eh_vector_constructor_iterator'"
0042d320,FUN_0042d320,199,0,"FUN_00409d50 _free `eh_vector_destructor_iterator'"
0042d3f0,FUN_0042d3f0,1120,0,"CreateFileA FUN_004067f0 FUN_0042cd00 FUN_0043aa40 FUN_0043b340 FUN_0068a143 WriteFile _free thunk_FUN_00689dcb"
0042d880,FUN_0042d880,99,0,"FUN_00406930 FUN_0042d0d0 FUN_0068a143"
0042d8f0,FUN_0042d8f0,41,0,"FUN_0042cdd0"
0042d920,FUN_0042d920,509,0,"FUN_00401670 FUN_004021c0 FUN_0042cbe0 FUN_00448ad0 FUN_00448d30 __CxxThrowException@8"
0042db20,FUN_0042db20,185,0,"FUN_0042d920 FUN_00448a40"
0042dbe0,FUN_0042dbe0,689,0,"FUN_004298f0 FUN_0042c960 FUN_0042cad0 FUN_0042cb30 FUN_0042cdd0 FUN_0042cef0 FUN_0042d220 FUN_0042d8f0 _free"
0042ddb0,Catch_All@0042ddb0,9,0,"_free"
0042deb0,FUN_0042deb0,86,0,"FUN_00406930 FUN_0042db20 FUN_0043b070 FUN_0043b090"
0042df10,FUN_0042df10,170,0,"FUN_0042dbe0 FUN_0068a143"
0042dfc0,FUN_0042dfc0,160,0,"FUN_0042cea0 FUN_0042df10 FUN_0068a143"
0042e060,FUN_0042e060,705,0,"FUN_00401670 FUN_004021c0 FUN_0042c9e0 FUN_0042ca30 FUN_0042ca50 FUN_0042ca70 FUN_0042cc90 __CxxThrowException@8 _free"
0042e370,FUN_0042e370,108,0,"FUN_0042e370 _free"
0042e3f0,FUN_0042e3f0,854,0,"FUN_0040dee0 FUN_0068a143 _memmove_s"
0042e750,FUN_0042e750,95,0,"FUN_0042d3f0 FUN_0042e3f0 FUN_0043b070 FUN_0043b090"
0042e7b0,FUN_0042e7b0,200,0,"FUN_0042cc90 FUN_0042e060 FUN_0042e370 FUN_0068a143"
0042e880,FUN_0042e880,118,0,"FUN_0042ce60"
0042e900,FUN_0042e900,84,0,"FUN_0042e7b0 _free"
0042e980,thunk_FUN_0040fdb0,5,0,""
0042e990,FUN_0042e990,990,0,"FUN_004020d0 FUN_004067d0 FUN_00408a50 FUN_00420a80 FUN_0042cc90 FUN_0042d1b0 FUN_0042e880 FUN_0042e900 FUN_00432d20 FUN_00433a80 FUN_00434a10 FUN_0045c320 FUN_004606e0 FUN_006183f0 FUN_0068a143"
0042ed70,FUN_0042ed70,2390,0,"FUN_004020d0 FUN_004021c0 FUN_00408a50 FUN_0040df70 FUN_0040f150 FUN_0040f480 FUN_0040f580 FUN_0040f680 FUN_0040fdb0 FUN_00420a80 FUN_0042cc90 FUN_0042ce20 FUN_0042d260 FUN_0042d320 FUN_0042db20 FUN_0042dfc0 FUN_0042e3f0 FUN_0042e880 FUN_0042e900 FUN_00431e80 FUN_00432050 FUN_00433a80 FUN_00434a10 FUN_0043bc40 FUN_0043bf80 FUN_0043bfd0 FUN_0045c320 FUN_004606e0 FUN_0068a143 __security_check_cookie _free"
0042f6f0,FUN_0042f6f0,1507,0,"CloseHandle CreateFileA FUN_00406890 FUN_0042ce20 FUN_0042db20 FUN_0042dfc0 FUN_0042e3f0 FUN_0042ed70 FUN_0043bc40 FUN_004606e0 FUN_0068a143 GetFileSize ReadFile _free _free thunk_FUN_00689dcb"
0042fd80,FUN_0042fd80,45,0,""
0042fdc0,FUN_0042fdc0,70,0,"FUN_0068a143"
0042fe10,FUN_0042fe10,196,0,"FUN_0068a143"
0042fee0,FUN_0042fee0,193,0,"FUN_0068a143"
0042ffb0,FUN_0042ffb0,65,0,"FUN_0068a143"
00430000,FUN_00430000,69,0,"FUN_0068a143"
00430050,FUN_00430050,35,0,""
00430080,FUN_00430080,33,0,"FUN_00420a80 _free"
004300b0,FUN_004300b0,99,0,"FUN_0068a143"
00430120,FUN_00430120,187,0,"FUN_0042fe10 FUN_0068a143"
004301e0,FUN_004301e0,183,0,"FUN_0042fee0 FUN_0068a143"
004302a0,FUN_004302a0,328,0,"FUN_00401130 FUN_00404750 FUN_004047e0 FUN_004300b0"
004303f0,FUN_004303f0,115,0,"FUN_00430120"
00430470,FUN_00430470,115,0,"FUN_004301e0"
004304f0,FUN_004304f0,472,0,"FUN_004303f0 FUN_00430470 FUN_0068a143"
004306d0,FUN_004306d0,120,0,"FUN_00449a80 FUN_00689dcb"
00430750,FUN_00430750,665,0,"FUN_00404e60 FUN_0040c100 FUN_00420a80 FUN_004306d0 FUN_0068a143 thunk_FUN_00689dcb"
004309f0,FUN_004309f0,2431,0,"D3DXVec2Hermite D3DXVec2Normalize FUN_00420a80 FUN_004286a0 FUN_0042fdc0 FUN_0042ffb0 FUN_00430000 FUN_004300b0 FUN_004304f0 FUN_004306d0 FUN_0068a143"
00431390,FUN_00431390,29,0,"FUN_00404d70"
004313b0,FUN_004313b0,59,0,"FUN_00409d60"
004313f0,FUN_004313f0,29,0,"FUN_0043a150 FUN_0043c1a0"
00431410,FUN_00431410,44,0,"FUN_0068a143"
00431440,FUN_00431440,461,0,"FUN_00404d00 FUN_00404d70 FUN_00411430 FUN_004114c0 FUN_004115a0 __security_check_cookie _strcpy_s"
00431610,FUN_00431610,117,0,"FUN_00401670 FUN_004021c0 __CxxThrowException@8"
00431690,FUN_00431690,142,0,"FUN_004020d0 FUN_00402290 FUN_0040d1d0 FUN_0068a143"
00431730,FUN_00431730,103,0,"FUN_004021c0 FUN_00439f40"
004317a0,FUN_004317a0,765,0,"CloseHandle CreateFileA FUN_004020d0 FUN_004021c0 FUN_00405c00 FUN_00429970 FUN_00431610 FUN_00431690 FUN_0068a143 WriteFile __security_check_cookie _free"
00431ac0,FUN_00431ac0,716,0,"CloseHandle CreateFileA FUN_004020d0 FUN_004021c0 FUN_00420a80 FUN_00429970 FUN_0042aa90 FUN_00431690 FUN_0068a143 ReadFile __security_check_cookie _free"
00431da0,FUN_00431da0,164,0,"FUN_004020d0 FUN_00431ac0 __security_check_cookie _free"
00431e50,FUN_00431e50,47,0,"FUN_0042b6b0"
00431e80,FUN_00431e80,454,0,"FUN_004021c0 FUN_00408c40 FUN_0040f150 FUN_0040f480 FUN_0040fdb0 FUN_00420a80 FUN_00429970 FUN_0042aa90 FUN_0043bf80 __security_check_cookie _free"
00432050,FUN_00432050,334,0,"FUN_004021c0 FUN_00420a80 FUN_00431e80 _memset"
004321a0,thunk_FUN_00433a80,5,0,""
004321b0,FUN_004321b0,71,0,"FUN_0068a143"
00432200,FUN_00432200,257,0,"FUN_00432d20 FUN_0068a143"
00432310,FUN_00432310,78,0,"FUN_004321b0"
00432360,FUN_00432360,71,0,"FUN_00432200 FUN_00434300 FUN_00434a10"
004323b0,FUN_004323b0,108,0,"FUN_00429690 FUN_0068a143"
00432420,FUN_00432420,196,0,"FUN_004067d0 FUN_0042a4b0 FUN_004323b0 FUN_0068a143"
004324f0,FUN_004324f0,35,0,"FUN_0042b6b0"
00432520,FUN_00432520,33,0,"FUN_0042b6b0 FUN_00432420"
00432550,FUN_00432550,107,0,"FUN_00404e60"
004325c0,FUN_004325c0,323,0,"FUN_004047e0"
00432710,FUN_00432710,28,0,""
00432730,FUN_00432730,27,0,""
00432750,FUN_00432750,99,0,"FUN_0068a143"
004327c0,FUN_004327c0,310,0,""
00432900,FUN_00432900,78,0,""
00432950,FUN_00432950,82,0,""
004329b0,FUN_004329b0,137,0,"FUN_0068a143"
00432a40,FUN_00432a40,137,0,"FUN_0068a143"
00432ad0,FUN_00432ad0,59,0,"FUN_00689dcb"
00432b10,FUN_00432b10,55,0,"FUN_00689dcb"
00432b50,FUN_00432b50,42,0,"FUN_00432b50 _free"
00432b90,FUN_00432b90,65,0,"_free"
00432be0,FUN_00432be0,95,0,"FUN_0068a143"
00432c40,FUN_00432c40,105,0,""
00432cb0,FUN_00432cb0,109,0,""
00432d20,FUN_00432d20,179,0,"FUN_00432c40 FUN_0068a143"
00432de0,FUN_00432de0,234,0,"FUN_00432d20"
00432ed0,FUN_00432ed0,189,0,"FUN_004020d0"
00432f90,FUN_00432f90,509,0,"FUN_00401670 FUN_004021c0 FUN_00432900 FUN_00432950 FUN_00432ad0 __CxxThrowException@8"
00433190,FUN_00433190,640,0,"FUN_00401670 FUN_004021c0 FUN_00432710 FUN_00432730 FUN_00432750 FUN_00432900 FUN_00432950 __CxxThrowException@8 _free"
00433450,FUN_00433450,189,0,"FUN_00432a40 FUN_00432f90"
00433510,FUN_00433510,145,0,"FUN_00432ed0 FUN_00689dcb"
004335a1,Catch_All@004335a1,9,0,"_free"
004335c0,FUN_004335c0,200,0,"FUN_00432750 FUN_00432b50 FUN_00433190 FUN_0068a143"
00433690,FUN_00433690,509,0,"FUN_00401670 FUN_004021c0 FUN_0042c9e0 FUN_0042ca70 FUN_00433510 __CxxThrowException@8"
00433890,FUN_00433890,185,0,"FUN_004329b0 FUN_00433690"
00433950,FUN_00433950,36,0,"FUN_004335c0 _free"
00433990,FUN_00433990,235,0,"FUN_00404d70 FUN_00413a90 FUN_0042e370 FUN_0068a143"
00433a80,FUN_00433a80,171,0,"FUN_00404d70 FUN_00413a90 FUN_0042e370 FUN_0068a143"
00433b30,FUN_00433b30,1887,0,"FUN_004021c0 FUN_00404c90 FUN_00404d00 FUN_00408b40 FUN_00408c40 FUN_0040f150 FUN_0040f480 FUN_0040f580 FUN_0040f680 FUN_00417240 FUN_004329b0 FUN_00432b10 FUN_00432cb0 FUN_00432ed0 FUN_00433450 FUN_004335c0 FUN_00433890 FUN_0068a143 _free wsprintfA"
00434300,FUN_00434300,148,0,"FUN_00433a80 FUN_00433b30 FUN_0043bf80 __security_check_cookie wsprintfA"
004343a0,FUN_004343a0,1604,0,"FUN_004021c0 FUN_00404c90 FUN_00404d00 FUN_00408b40 FUN_00408c40 FUN_0040f150 FUN_0040f480 FUN_0040f580 FUN_0040f680 FUN_0040fdb0 FUN_00417240 FUN_004329b0 FUN_00432ed0 FUN_00433890 FUN_0068a143 __security_check_cookie _free wsprintfA"
00434a10,FUN_00434a10,161,0,"FUN_00433a80 FUN_004343a0 FUN_0043bf80 __security_check_cookie wsprintfA"
00434ac0,FUN_00434ac0,332,0,"FUN_00404c90 FUN_004115a0 FUN_004343a0 __security_check_cookie _strcpy_s"
00434c10,FUN_00434c10,80,0,"FUN_004074e0 FUN_00407580 FUN_00407620"
00434c60,FUN_00434c60,85,0,"FUN_00404d70"
00434cc0,FUN_00434cc0,19,0,""
00434ce0,FUN_00434ce0,45,0,"FUN_0043ac50 FUN_0045a7a0 FUN_00465130"
00434d10,FUN_00434d10,35,0,"FUN_00464f90 FUN_00466df0"
00434d40,FUN_00434d40,158,0,"FUN_0046b200 FUN_00471ff0 FUN_00689dcb"
00434de0,FUN_00434de0,40,0,"FUN_00467850 FUN_00469d50"
00434e10,FUN_00434e10,34,0,""
00434e40,FUN_00434e40,67,0,"FUN_0043c150 FUN_0046e9d0"
00434e90,FUN_00434e90,74,0,"FUN_0043c150 FUN_00469df0 FUN_0046e9d0"
00434ee0,FUN_00434ee0,69,0,"FUN_0068a1a0"
00434f30,FUN_00434f30,441,0,"FUN_00404a90 FUN_004073a0 FUN_004073e0 FUN_004074a0 FUN_004074e0 FUN_00407580 FUN_00407620 FUN_00407680 FUN_00407ad0 FUN_004271b0"
004350f0,FUN_004350f0,22,0,"FUN_00404a90"
00435110,FUN_00435110,67,0,""
00435160,FUN_00435160,57,0,"FUN_00406360 FUN_004063d0"
004351a0,FUN_004351a0,26,0,"FUN_004067d0"
004351c0,FUN_004351c0,62,0,""
00435200,FUN_00435200,22,0,""
00435220,FUN_00435220,27,0,""
00435240,FUN_00435240,52,0,""
00435280,FUN_00435280,213,0,"FUN_004047e0 FUN_00404a90 FUN_00434f30"
00435360,FUN_00435360,439,0,"FUN_004073a0 FUN_004073e0 FUN_004074a0 FUN_004074e0 FUN_00407580 FUN_00407680 FUN_004271b0"
00435520,FUN_00435520,29,0,"FUN_00407340"
00435540,FUN_00435540,479,0,"FUN_00407ad0 FUN_006654d0 FUN_006655a0 FUN_00665650 FUN_006656e0"
00435740,FUN_00435740,456,0,"FUN_004073a0 FUN_004073e0 FUN_004074a0 FUN_004074e0 FUN_00407580 FUN_00407680 FUN_00407ad0 FUN_004271b0 FUN_00466ab0"
00435910,FUN_00435910,59,0,""
00435950,FUN_00435950,120,0,"FUN_0068a1a0"
004359d0,FUN_004359d0,21,0,"FUN_00427280"
004359f0,FUN_004359f0,14,0,"FUN_0043b1a0"
00435a00,FUN_00435a00,78,0,""
00435a50,FUN_00435a50,28,0,""
00435a70,FUN_00435a70,27,0,""
00435a90,FUN_00435a90,82,0,""
00435af0,FUN_00435af0,31,0,""
00435b10,FUN_00435b10,30,0,""
00435b30,FUN_00435b30,85,0,""
00435b90,FUN_00435b90,99,0,"FUN_0068a143"
00435c00,FUN_00435c00,118,0,"FUN_0068a143"
00435c80,FUN_00435c80,91,0,"FUN_00689dcb __CxxThrowException@8 exception"
00435ce0,FUN_00435ce0,119,0,"FUN_004067d0 FUN_00434e90 FUN_0043b1a0 FUN_0043c150 FUN_0046e9d0"
00435d60,FUN_00435d60,89,0,"FUN_0068a1a0"
00435dc0,FUN_00435dc0,42,0,"FUN_00435d60"
00435df0,FUN_00435df0,81,0,""
00435e50,FUN_00435e50,26,0,"FUN_00689dcb"
00435e70,FUN_00435e70,55,0,"FUN_00689dcb"
00435eb0,FUN_00435eb0,49,0,"_free"
00435f00,FUN_00435f00,130,0,"FUN_00404d70 _free"
00435f90,FUN_00435f90,39,0,"_free"
00435fc0,FUN_00435fc0,41,0,""
00435ff0,FUN_00435ff0,135,0,"FUN_00404d70 _free"
00436090,FUN_00436090,178,0,"FUN_0040ac10 FUN_0068a143 _free"
004361a0,FUN_004361a0,178,0,"FUN_0040ac10 FUN_0068a143 _free"
004362b0,FUN_004362b0,178,0,"FUN_0040ac10 FUN_0068a143 _free"
004363c0,FUN_004363c0,27,0,"FUN_00436090 _free"
004363e0,FUN_004363e0,27,0,"FUN_004361a0 _free"
00436400,FUN_00436400,27,0,"FUN_004362b0 _free"
00436470,FUN_00436470,5,0,""
00436480,FUN_00436480,17,0,"FUN_00435ff0 _free"
004364a0,FUN_004364a0,509,0,"FUN_00401670 FUN_004021c0 FUN_0042cc40 FUN_0043b700 FUN_0045f950 __CxxThrowException@8"
004366a0,FUN_004366a0,185,0,"FUN_004364a0 FUN_0045f710"
00436760,FUN_00436760,335,0,"FUN_00407160 FUN_004073a0 FUN_004073c0 FUN_004074a0 FUN_00407540 FUN_00407680 FUN_0040c100 FUN_00434c10"
004368b0,FUN_004368b0,130,0,"FUN_004040b0 FUN_0040abc0"
00436940,FUN_00436940,130,0,"FUN_004040b0 FUN_0040abc0"
004369d0,FUN_004369d0,796,0,"FUN_00401670 FUN_004021c0 FUN_00435af0 FUN_00435b10 FUN_00435b30 FUN_00435c00 FUN_00435df0 FUN_00455420 __CxxThrowException@8 _free"
00436d30,FUN_00436d30,53,0,"FUN_00436d30 FUN_00455420 _free"
00436d80,FUN_00436d80,103,0,"FUN_00435e50 FUN_004368b0"
00436df0,FUN_00436df0,103,0,"FUN_00435e50 FUN_00436940"
00436e60,FUN_00436e60,109,0,"FUN_0056d8f0 FUN_0068a143 _free"
00436ee0,FUN_00436ee0,669,0,"FUN_00401670 FUN_004021c0 FUN_00435a00 FUN_00435a50 FUN_00435a70 FUN_00435a90 FUN_00435b90 __CxxThrowException@8 _free"
004371c0,FUN_004371c0,67,0,"FUN_004371c0 _free"
00437210,FUN_00437210,100,0,"FUN_00435eb0 FUN_00436090 FUN_0046eeb0"
00437280,FUN_00437280,100,0,"FUN_00435eb0 FUN_004361a0 FUN_00436e60"
004372f0,FUN_004372f0,100,0,"FUN_00435eb0 FUN_004362b0 FUN_0046eeb0"
00437360,FUN_00437360,200,0,"FUN_00435c00 FUN_004369d0 FUN_00436d30 FUN_0068a143"
00437430,FUN_00437430,169,0,"FUN_00420a40 FUN_00436d80"
004374e0,FUN_004374e0,8,0,"FUN_00438970"
004374f0,FUN_004374f0,48,0,"_memmove_s"
00437520,FUN_00437520,463,0,"FUN_004026a0 FUN_0040ac30 FUN_0040ac40 FUN_0040dcf0 FUN_00422040 FUN_0056d450 FUN_0064af70 FUN_00689dcb FUN_0068a143"
004376f0,FUN_004376f0,75,0,"FUN_0068a143"
00437740,FUN_00437740,27,0,"FUN_004376f0"
00437760,FUN_00437760,94,0,"FUN_00421f30 FUN_00437520 FUN_00440370"
004377c0,FUN_004377c0,115,0,"FUN_00437760"
00437840,FUN_00437840,117,0,"FUN_00421f30 FUN_00437520 FUN_00440370 FUN_0046eeb0"
004378c0,FUN_004378c0,27,0,"FUN_00437210 _free"
004378e0,FUN_004378e0,5,0,""
004378f0,FUN_004378f0,169,0,"FUN_00420a40 FUN_00436df0"
004379a0,FUN_004379a0,8,0,"FUN_00438990"
004379b0,FUN_004379b0,30,0,""
004379d0,FUN_004379d0,463,0,"FUN_004026a0 FUN_0040ac30 FUN_0040ac40 FUN_0040dcf0 FUN_00422040 FUN_0056d450 FUN_0064af70 FUN_00689dcb FUN_0068a143"
00437ba0,FUN_00437ba0,94,0,"FUN_00421f30 FUN_004379d0 FUN_00440370"
00437c00,FUN_00437c00,115,0,"FUN_00437ba0"
00437c80,FUN_00437c80,117,0,"FUN_00421f30 FUN_004379d0 FUN_00440370 FUN_0046eeb0"
00437d00,FUN_00437d00,27,0,"FUN_004372f0 _free"
00437d20,FUN_00437d20,108,0,"FUN_0043d270 _free"
00437df0,FUN_00437df0,108,0,"FUN_0043d270 _free"
00437ec0,FUN_00437ec0,2424,0,"FUN_00404c90 FUN_0040c2e0 FUN_0040c350 FUN_0040cf10 FUN_0040cf20 FUN_0040cf40 FUN_0040d0b0 FUN_00421f30 FUN_00422660 FUN_00422770 FUN_004229e0 FUN_00422ae0 FUN_00422e00 FUN_00435e50 FUN_0043c660 FUN_00440370 FUN_0045c320 FUN_004606e0 FUN_00689dcb FUN_0068a143 __security_check_cookie _free wsprintfA"
004388a0,FUN_004388a0,200,0,"FUN_00435b90 FUN_00436ee0 FUN_004371c0 FUN_0068a143"
00438970,FUN_00438970,27,0,"FUN_00437d20 _free"
00438990,FUN_00438990,27,0,"FUN_00437df0 _free"
004389b0,FUN_004389b0,30,0,"FUN_00437840 FUN_00437ec0"
004389d0,FUN_004389d0,30,0,"FUN_00437c80 FUN_00437ec0"
004389f0,FUN_004389f0,36,0,"FUN_00437360 _free"
00438a30,FUN_00438a30,36,0,"FUN_004388a0 _free"
00438a70,FUN_00438a70,230,0,"FUN_00405660 FUN_00435ff0 FUN_00454bf0 _free"
00438c10,FUN_00438c10,98,0,"FUN_00437d20 FUN_004388a0 _free"
00438cc0,FUN_00438cc0,89,0,"FUN_00459c90 FUN_0046b200"
00438d20,FUN_00438d20,91,0,"FUN_00438a70 FUN_0046b2a0"
00438d80,FUN_00438d80,103,0,"FUN_00435e50 FUN_00438cc0"
00438df0,FUN_00438df0,160,0,"FUN_00435e70 FUN_00437430"
00438e90,FUN_00438e90,179,0,"FUN_0040fdb0 FUN_00435eb0 FUN_00438a70 _free"
00438f50,FUN_00438f50,465,0,"FUN_00406930 FUN_004366a0 FUN_004378f0 FUN_00438df0 FUN_00464e90 FUN_004678f0 FUN_0046a260 FUN_00689dcb __security_check_cookie wsprintfA"
00439130,FUN_00439130,166,0,"FUN_00438cc0 FUN_0046f7a0 FUN_00689dcb"
004391e0,FUN_004391e0,27,0,"FUN_00438d20 _free"
00439200,FUN_00439200,183,0,"FUN_00435e50 FUN_00459c90"
004392c0,FUN_004392c0,166,0,"FUN_00438d80 FUN_0046f7a0 FUN_00689dcb"
00439370,FUN_00439370,40,0,"FUN_00435eb0 FUN_00438d20 _free"
004393a0,FUN_004393a0,211,0,"FUN_00439200 FUN_0046b200 FUN_00471ff0 FUN_00689dcb"
00439480,FUN_00439480,81,0,"FUN_00438e90 _free"
004394e0,FUN_004394e0,40,0,"FUN_00439480 FUN_00469ec0 _free"
00439570,FUN_00439570,7,0,""
00439580,FUN_00439580,90,0,"FUN_00689dcb __CxxThrowException@8 exception"
004395e0,FUN_004395e0,4,0,""
004395f0,FUN_004395f0,165,0,"FUN_00401e30 FUN_00405560"
004396a0,FUN_004396a0,164,0,""
00439750,FUN_00439750,189,0,"FUN_00401e30 FUN_0068a143 __stricmp"
00439810,FUN_00439810,160,0,"FUN_00401e30 FUN_0068a143 __stricmp"
004398b0,FUN_004398b0,91,0,"FUN_00402290 FUN_00405c00 FUN_004395f0"
00439910,FUN_00439910,140,0,"FUN_00402290 FUN_0040d1d0 FUN_0068a143"
004399a0,FUN_004399a0,26,0,"FUN_00412980"
004399c0,FUN_004399c0,94,0,"FUN_0068a143"
00439a20,FUN_00439a20,57,0,"FUN_004099f0 FUN_004399c0"
00439a60,FUN_00439a60,28,0,"FUN_00428f20"
00439a80,FUN_00439a80,153,0,"FUN_00408b40 FUN_00412980 FUN_00428f20 FUN_00429970 _free"
00439b20,FUN_00439b20,230,0,"FUN_004020d0 FUN_00408b40 FUN_00439910 FUN_0068a143 __security_check_cookie _free"
00439c10,FUN_00439c10,341,0,"FUN_00439580 FUN_00449940 _free _memmove_s"
00439d70,FUN_00439d70,338,0,"FUN_00439580 FUN_00449940 _free _memmove_s"
00439ed0,FUN_00439ed0,112,0,"FUN_00439c10 FUN_00689dcb"
00439f40,FUN_00439f40,128,0,""
00439fc0,FUN_00439fc0,215,0,"FUN_0040ff90 FUN_00413a90 FUN_00420a80 FUN_00420af0 _free"
0043a0a0,FUN_0043a0a0,166,0,"FUN_00404d70 FUN_0040ff90 FUN_00413a90 FUN_00420af0 FUN_0068a143"
0043a150,FUN_0043a150,1056,0,"FUN_004020d0 FUN_004021c0 FUN_00408c40 FUN_00408d00 FUN_0040f8f0 FUN_0040ff90 FUN_00420a80 FUN_00439ed0 FindClose FindFirstFileA FindNextFileA __security_check_cookie _free"
0043a590,FUN_0043a590,1103,0,"FUN_004021c0 FUN_00404d00 FUN_00404d70 FUN_00408a50 FUN_004098b0 FUN_00411430 FUN_004114c0 FUN_004115a0 FUN_00413a90 FUN_00417240 FUN_00420af0 FUN_004396a0 FUN_00439d70 FUN_00689dcb FUN_0068a143 __security_check_cookie _free _strcpy_s"
0043a9f0,FUN_0043a9f0,27,0,"FUN_00439fc0 _free"
0043aa10,FUN_0043aa10,3,0,""
0043aa20,FUN_0043aa20,3,0,""
0043aa30,FUN_0043aa30,8,0,""
0043aa40,FUN_0043aa40,6,0,""
0043aa50,FUN_0043aa50,116,0,"FUN_00401af0 FUN_00438f50 __security_check_cookie wsprintfA"
0043aad0,FUN_0043aad0,180,0,"FUN_00401000 FUN_00401040 FUN_004012a0 FUN_00440170"
0043ab90,FUN_0043ab90,6,0,""
0043aba0,FUN_0043aba0,40,0,""
0043abd0,FUN_0043abd0,31,0,"FUN_0040a660"
0043abf0,FUN_0043abf0,21,0,"FUN_0040a6b0"
0043ac10,FUN_0043ac10,45,0,"FUN_00434d40 FUN_00439130 FUN_004392c0 FUN_004393a0 FUN_00439480"
0043ac40,FUN_0043ac40,6,0,""
0043ac50,FUN_0043ac50,6,0,""
0043ac60,FUN_0043ac60,521,0,"FUN_004066b0 FUN_004313b0 FUN_00431e50 FUN_00431e80"
0043ae90,FUN_0043ae90,119,0,"FUN_004066b0 FUN_004313b0 FUN_00431e50"
0043af10,FUN_0043af10,6,0,""
0043af20,FUN_0043af20,6,0,""
0043af30,FUN_0043af30,167,0,"FUN_00431440 FUN_004317a0 FUN_00431ac0 FUN_00431da0 FUN_00432050"
0043afe0,FUN_0043afe0,16,0,""
0043aff0,FUN_0043aff0,23,0,""
0043b010,FUN_0043b010,12,0,""
0043b020,FUN_0043b020,6,0,""
0043b030,FUN_0043b030,6,0,""
0043b040,FUN_0043b040,11,0,""
0043b050,FUN_0043b050,10,0,"FUN_0040a4e0"
0043b060,FUN_0043b060,6,0,""
0043b070,FUN_0043b070,6,0,""
0043b080,FUN_0043b080,10,0,""
0043b090,FUN_0043b090,6,0,""
0043b0a0,FUN_0043b0a0,70,0,"FUN_00404d70 FUN_00412fd0"
0043b0f0,thunk_FUN_004406f0,5,0,""
0043b100,thunk_FUN_00440010,5,0,""
0043b110,thunk_FUN_0043ffb0,5,0,""
0043b120,FUN_0043b120,17,0,"FUN_004038d0"
0043b140,FUN_0043b140,40,0,"FUN_00403940"
0043b170,FUN_0043b170,47,0,"FUN_00403990"
0043b1a0,FUN_0043b1a0,28,0,"FUN_00401d50"
0043b1c0,FUN_0043b1c0,39,0,"FUN_00403a30"
0043b1f0,FUN_0043b1f0,80,0,"FUN_00401c20 FUN_00401ce0"
0043b240,FUN_0043b240,58,0,""
0043b280,FUN_0043b280,58,0,""
0043b2c0,FUN_0043b2c0,24,0,""
0043b2e0,FUN_0043b2e0,31,0,""
0043b300,FUN_0043b300,59,0,"FUN_0068a143"
0043b340,FUN_0043b340,99,0,"FUN_0068a143"
0043b3b0,FUN_0043b3b0,86,0,"FUN_00689dcb __CxxThrowException@8 exception"
0043b410,FUN_0043b410,136,0,"FUN_0044dcb0"
0043b4a0,FUN_0043b4a0,206,0,"FUN_00409f70 FUN_0040a0f0 FUN_0040a550 FUN_004400d0"
0043b640,FUN_0043b640,153,0,"FUN_0040a4e0 FUN_0043b300"
0043b6e0,FUN_0043b6e0,24,0,""
0043b700,FUN_0043b700,82,0,""
0043b760,FUN_0043b760,95,0,""
0043b7d0,FUN_0043b7d0,95,0,""
0043b840,FUN_0043b840,171,0,"CloseHandle CreateEventA FUN_00414600 FUN_004146b0 WaitForSingleObject"
0043b8f0,FUN_0043b8f0,286,0,"FUN_0040a4e0 FUN_0043b300 FUN_0043b410 FUN_0043b840"
0043ba10,FUN_0043ba10,217,0,"FUN_00427800 FUN_00431440 FUN_004317a0 FUN_00431ac0 FUN_00432050"
0043baf0,FUN_0043baf0,147,0,"FUN_00428d90 FUN_0042a560 __security_check_cookie"
0043bb90,FUN_0043bb90,36,0,"FUN_00406930"
0043bbc0,FUN_0043bbc0,55,0,"FUN_00689dcb"
0043bc00,FUN_0043bc00,55,0,"FUN_00689dcb"
0043bc40,FUN_0043bc40,42,0,"FUN_0043bc40 _free"
0043bc80,FUN_0043bc80,89,0,""
0043bce0,FUN_0043bce0,89,0,"FUN_0043b7d0"
0043bd40,FUN_0043bd40,118,0,""
0043bdc0,FUN_0043bdc0,85,0,"FUN_0043b760"
0043be20,FUN_0043be20,106,0,""
0043be90,FUN_0043be90,8,0,"FUN_00420a80"
0043bea0,FUN_0043bea0,19,0,"FUN_00409d50 FUN_00420a80"
0043bec0,FUN_0043bec0,35,0,"_free"
0043bef0,FUN_0043bef0,38,0,""
0043bf20,FUN_0043bf20,43,0,"FUN_0043bce0"
0043bf80,FUN_0043bf80,78,0,"FUN_0068a143 FUN_006a4d60"
0043bfd0,FUN_0043bfd0,203,0,"FUN_0068a143 FUN_006a1390 __stricmp _free"
0043c0b0,FUN_0043c0b0,72,0,"FUN_0045c320 FUN_0068a143"
0043c100,FUN_0043c100,72,0,"FUN_0045c320 FUN_0068a143"
0043c150,FUN_0043c150,72,0,"FUN_0045c320 FUN_0068a143"
0043c1a0,FUN_0043c1a0,213,0,"FUN_0042d260 FUN_0042d320 FUN_004317a0 FUN_00431ac0 FUN_00432050 __security_check_cookie"
0043c280,FUN_0043c280,69,0,"_free"
0043c2d0,FUN_0043c2d0,108,0,"FUN_0043bdc0 FUN_0068a143"
0043c340,FUN_0043c340,55,0,"FUN_0043be20"
0043c380,~SubAllocator,19,1,"`eh_vector_destructor_iterator'"
0043c3a0,FUN_0043c3a0,640,0,"FUN_00401670 FUN_004021c0 FUN_0042c980 FUN_0042c9a0 FUN_0042cbe0 FUN_0042cd00 FUN_00448ad0 __CxxThrowException@8 _free"
0043c660,FUN_0043c660,640,0,"FUN_00401670 FUN_004021c0 FUN_0041e9b0 FUN_0042c9c0 FUN_0042cc40 FUN_0043b340 FUN_0043b700 __CxxThrowException@8 _free"
0043c920,FUN_0043c920,41,0,"FUN_0043bd40"
0043c950,FUN_0043c950,259,0,"FUN_0040ac10 FUN_00412cc0 FUN_00420a80 `eh_vector_destructor_iterator'"
0043ca60,FUN_0043ca60,175,0,"FUN_00409f40 FUN_0040ac30 FUN_0040ac40 FUN_00420a80"
0043cb10,FUN_0043cb10,27,0,"FUN_0043c950 _free"
0043cb30,FUN_0043cb30,108,0,"FUN_00413360 FUN_0044db10"
0043cba0,FUN_0043cba0,10,0,""
0043cbb0,FUN_0043cbb0,5,0,""
0043cbc0,FUN_0043cbc0,7,0,""
0043cbd0,FUN_0043cbd0,57,0,"FUN_0040ac30 FUN_0040ac40 FUN_0043ca60"
0043cc10,FUN_0043cc10,109,0,"FUN_00413360 FUN_0043c950"
0043cc80,FUN_0043cc80,27,0,"FUN_0043cc10 _free"
0043cca0,FUN_0043cca0,108,0,"FUN_00413360 FUN_0044db10"
0043cd10,FUN_0043cd10,10,0,""
0043cd20,FUN_0043cd20,5,0,""
0043cd30,FUN_0043cd30,7,0,""
0043cd40,FUN_0043cd40,110,0,"FUN_00413360 FUN_0043c950"
0043cdb0,FUN_0043cdb0,27,0,"FUN_0043cd40 _free"
0043cdd0,FUN_0043cdd0,48,0,"FUN_004020d0 FUN_00427390"
0043ce00,FUN_0043ce00,113,0,"FUN_0043cb30 FUN_00689dcb"
0043ce80,FUN_0043ce80,113,0,"FUN_0043cca0 FUN_00689dcb"
0043cf00,FUN_0043cf00,123,0,"FUN_004021c0 FUN_004036c0 FUN_004036e0 FUN_00403940 FUN_0042deb0"
0043cf80,FUN_0043cf80,168,0,"FUN_004021c0 FUN_004036c0 FUN_004036e0 FUN_00403840 FUN_00403940 FUN_0042deb0"
0043d030,FUN_0043d030,208,0,"FUN_004021c0 FUN_004036c0 FUN_004036e0 FUN_00403840 FUN_00403940 FUN_00403990 FUN_004039e0 FUN_0042deb0"
0043d100,FUN_0043d100,200,0,"FUN_0042cd00 FUN_0042ce20 FUN_0043c3a0 FUN_0068a143"
0043d1d0,FUN_0043d1d0,125,0,"FUN_00689dcb FUN_006a6c60"
0043d24d,Catch_All@0043d24d,9,0,"_free"
0043d270,FUN_0043d270,200,0,"FUN_0043b340 FUN_0043bc40 FUN_0043c660 FUN_0068a143"
0043d340,FUN_0043d340,737,0,"FUN_00409d50 FUN_004298f0 FUN_0043b2e0 FUN_0043b3b0 FUN_0043bc80 FUN_0043bd40 FUN_0043bef0 FUN_0043bf20 FUN_0043c340 FUN_0043c920 _free"
0043d53d,Catch_All@0043d53d,22,0,"FUN_0043bef0 _free"
0043d5e7,Catch_All@0043d5e7,35,0,"FUN_0043bef0 __CxxThrowException@8"
0043d670,FUN_0043d670,264,0,"FUN_00401bd0 FUN_004020d0 FUN_00404d70 FUN_00412fd0 FUN_00414640 FUN_00414690 FUN_00427390 FUN_0042d3f0 FUN_00431390 FUN_00433990 FUN_004394e0 FUN_004402e0 FUN_006654c0 SendMessageA"
0043d780,FUN_0043d780,509,0,"FUN_00401670 FUN_004021c0 FUN_0043d1d0 FUN_006a2d40 FUN_006a2d90 __CxxThrowException@8"
0043d980,FUN_0043d980,678,0,"FUN_00401670 FUN_004021c0 FUN_006a1260 FUN_006a1280 FUN_006a1390 FUN_006a2d40 FUN_006a2d90 __CxxThrowException@8 _free"
0043dc70,FUN_0043dc70,148,0,"FUN_0040ff90 _free `eh_vector_destructor_iterator'"
0043dd10,FUN_0043dd10,185,0,"FUN_0043d780 FUN_00450510"
0043ddd0,FUN_0043ddd0,243,0,"FUN_00409d50 FUN_0043c2d0 FUN_0043d340 FUN_0068a143"
0043ded0,FUN_0043ded0,36,0,"FUN_0043d100 _free"
0043df10,FUN_0043df10,143,0,"FUN_0043d270 _free `eh_vector_destructor_iterator'"
0043e0a0,FUN_0043e0a0,43,0,"FUN_00420a40"
0043e0d0,FUN_0043e0d0,200,0,"FUN_0043d980 FUN_0068a143 FUN_006a1390 FUN_006a9000"
0043e1a0,FUN_0043e1a0,306,0,"FUN_00420a40 FUN_0043bbc0 `eh_vector_constructor_iterator'"
0043e2e0,FUN_0043e2e0,3703,0,"FUN_004020d0 FUN_004021c0 FUN_00403a30 FUN_00409cf0 FUN_00409d50 FUN_00409d60 FUN_0040a510 FUN_0040a6c0 FUN_0042f6f0 FUN_00434ac0 FUN_0043b1f0 FUN_0043ba10 FUN_0043dd10 FUN_0043ddd0 FUN_0043fca0 FUN_004606e0 FUN_006183f0 FUN_006654a0 FUN_0068a143 SendMessageA __security_check_cookie _free _memset"
0043f170,FUN_0043f170,60,0,"FUN_0042b230 _free"
0043f1b0,FUN_0043f1b0,161,0,"FUN_0040abc0 `eh_vector_constructor_iterator'"
0043f260,FUN_0043f260,202,0,"FUN_0040ac10 FUN_0042b230 _free `eh_vector_destructor_iterator'"
0043f330,FUN_0043f330,92,0,"FUN_00404d70"
0043f390,FUN_0043f390,179,0,"FUN_00404c90 __security_check_cookie wsprintfA"
0043f450,FUN_0043f450,112,0,""
0043f4c0,FUN_0043f4c0,124,0,"FUN_00404750"
0043f540,FUN_0043f540,20,0,""
0043f560,FUN_0043f560,111,0,""
0043f5d0,FUN_0043f5d0,103,0,""
0043f640,FUN_0043f640,160,0,"FUN_00404d00 FUN_00404d70 FUN_00406a60"
0043f6e0,FUN_0043f6e0,298,0,"FUN_0041fa20 FUN_0043abd0 FUN_0043b1a0"
0043f810,FUN_0043f810,93,0,"FUN_00404d00 FUN_00404d70 FUN_00406a60"
0043f870,FUN_0043f870,91,0,"FUN_0043abd0 FUN_0043b1a0"
0043f8d0,FUN_0043f8d0,48,0,""
0043f900,FUN_0043f900,97,0,"FUN_004012a0 FUN_0040bc80 FUN_0040bfe0"
0043f970,FUN_0043f970,83,0,"FUN_00406be0 FUN_0040bc80"
0043f9d0,FUN_0043f9d0,55,0,"FUN_00406be0"
0043fa10,FUN_0043fa10,215,0,"FUN_00406be0 FUN_00439a20"
0043faf0,FUN_0043faf0,103,0,"FUN_0040be20"
0043fb60,FUN_0043fb60,142,0,"FUN_004099f0"
0043fbf0,FUN_0043fbf0,77,0,"FUN_004313f0 FUN_004395e0"
0043fc40,FUN_0043fc40,87,0,"FUN_0068a143 _free"
0043fca0,FUN_0043fca0,666,0,"FUN_00404c90 FUN_00406a60 FUN_0040b000 FUN_004115a0 FUN_00420b90 __security_check_cookie _strcpy_s"
0043ff40,FUN_0043ff40,101,0,"FUN_0043fc40 FUN_0068a143"
0043ffb0,FUN_0043ffb0,88,0,"FUN_0068a143"
00440010,FUN_00440010,170,0,"FUN_0068a143 _free"
004400d0,FUN_004400d0,160,0,"FUN_0043abd0 FUN_0043ff40 FUN_004509a0"
00440170,FUN_00440170,58,0,"FUN_00401000"
004401aa,FUN_004401aa,301,0,"FUN_00401040 FUN_004047e0 FUN_0040bc80 FUN_0040bfe0 FUN_0043afe0 FUN_0043b090 FUN_0043f900 FUN_0068a143"
004402e0,FUN_004402e0,129,0,"FUN_00404d70 FUN_0040bb40 FUN_0043a0a0 FUN_00440010"
00440370,FUN_00440370,160,0,"FUN_00401670 FUN_004021c0 __CxxThrowException@8"
00440410,FUN_00440410,224,0,"FUN_004020d0 FUN_0041fa20 FUN_00439910 FUN_004399a0 FUN_0043abd0 FUN_0043b1a0 FUN_0043f560 FUN_0043f5d0"
004404f0,FUN_004404f0,477,0,"FUN_00404d00 FUN_00404d70 FUN_004067d0 FUN_00408b40 FUN_00408c40 FUN_004098b0 FUN_0042d3f0 FUN_0042e990 FUN_0043ac40 FUN_0043ac50 FUN_0043af20 __security_check_cookie _free"
004406f0,FUN_004406f0,54,0,"FUN_00421f30 FUN_00440370"
00440730,FUN_00440730,17,0,""
00440750,FUN_00440750,38,0,"_free"
00440780,FUN_00440780,82,0,"FUN_0043f970 FUN_0043f9d0"
004407e0,FUN_004407e0,797,0,"FUN_0040dcc0 FUN_0041fa20 FUN_0043abd0 FUN_0043af10 FUN_0043afe0 FUN_0043b070 FUN_0043b1a0 FUN_0043baf0 FUN_0043f640 FUN_0043f6e0 FUN_0043f810 FUN_0043f870 FUN_0044ba90 FUN_00689dcb thunk_FUN_004406f0"
00440b50,FUN_00440b50,797,0,"FUN_0040dcf0 FUN_0040df70 FUN_00420b90 FUN_004217f0 FUN_0043ac40 FUN_0068a143"
00440e70,FUN_00440e70,139,0,"FUN_00421890 _free"
00440f00,FUN_00440f00,27,0,"FUN_00440e70 _free"
00440f20,FUN_00440f20,197,0,"FUN_0043f4c0 FUN_0043f9d0"
00440ff0,FUN_00440ff0,413,0,"FUN_004204e0"
004411b0,FUN_004411b0,665,0,"FUN_0041fa20 FUN_0043abd0 FUN_0043b1a0 FUN_0043b1c0 FUN_0043b1f0 FUN_0043cdd0 FUN_0043f450 FUN_00440ff0 SendMessageA"
00441460,FUN_00441460,179,0,"FUN_00404d70 FUN_00421890 FUN_0043f330 `eh_vector_destructor_iterator'"
00441520,FUN_00441520,868,0,"FUN_00404c90 FUN_0040cda0 FUN_00420b90 FUN_004217f0 FUN_0043af10 FUN_0043f390 FUN_0043f540 FUN_0068a143 `eh_vector_constructor_iterator'"
00441890,FUN_00441890,27,0,"FUN_00441460 _free"
004418b0,FUN_004418b0,27,0,"FID_conflict:__vswprintf_p_l"
004418d0,FUN_004418d0,752,0,"FUN_004099f0 FUN_00414f10 FUN_0043f4c0 FUN_0043f970 FUN_0043f9d0 FUN_0043fa10"
00441bd0,FUN_00441bd0,570,0,"FUN_0041fa20 FUN_0043abd0 FUN_0043b030 FUN_0043b1a0"
00441e10,FUN_00441e10,891,0,"FUN_0041fa20 FUN_0043abd0 FUN_0043b030 FUN_0043b1a0"
00442190,FUN_00442190,25,0,""
004421b0,FUN_004421b0,31,0,""
004421d0,operator*,55,1,"FUN_0068a143"
00442210,FUN_00442210,58,0,"FUN_0068a143"
00442250,FUN_00442250,46,0,"FUN_0068a143"
00442280,FUN_00442280,90,0,"FUN_00689dcb __CxxThrowException@8 exception"
004422e0,FUN_004422e0,12,0,""
004422f0,FUN_004422f0,158,0,"FUN_0043b020 FUN_0043f810"
00442390,FUN_00442390,165,0,"FUN_0043b020 FUN_0043f810"
00442440,FUN_00442440,53,0,""
00442480,FUN_00442480,46,0,"FUN_0068a143"
004424b0,FUN_004424b0,6,0,""
004424c0,FUN_004424c0,6,0,""
004424d0,FUN_004424d0,84,0,"FUN_0043f6e0 FUN_004418b0"
00442530,FUN_00442530,150,0,"FUN_00412e10 FUN_0043aba0 FUN_0043afe0 FUN_0043b0a0 FUN_0043ce00 FUN_0044d7d0"
004425d0,FUN_004425d0,312,0,"FUN_0040f0b0 FUN_0040f100 FUN_00412e10 FUN_00415340 FUN_0043aba0 FUN_0043afe0 FUN_0043b0a0 FUN_0043ce80 __security_check_cookie _strcpy_s"
00442710,FUN_00442710,120,0,"FUN_006b4430"
00442790,FUN_00442790,322,0,"FUN_0043abd0 FUN_0043b0a0 FUN_0043b1a0 FUN_0043f640 FUN_0043f6e0 FUN_0043f810 FUN_0043f8d0 FUN_00441bd0 FUN_004422f0 FUN_00442530"
004428e0,FUN_004428e0,278,0,"FUN_00431440 FUN_00431ac0 FUN_0043afe0 FUN_0043cdd0 FUN_00440410 __security_check_cookie _free"
00442a00,FUN_00442a00,166,0,"FUN_00402430 FUN_00410270 FUN_00665af4"
00442ab0,FUN_00442ab0,326,0,"FUN_00402320 FUN_00442a00 FUN_0068a143"
00442c00,FUN_00442c00,207,0,"FUN_004020d0 FUN_00442ab0 FUN_006a0910 _free"
00442ce0,FUN_00442ce0,329,0,"FUN_004021c0 FUN_004418b0 FUN_00441e10 __security_check_cookie wsprintfA"
00442e30,FUN_00442e30,269,0,"FUN_004021c0 __security_check_cookie _atol _strncpy_s _strtok_s"
00442f40,FUN_00442f40,138,0,"_free"
00442fd0,FUN_00442fd0,75,0,"FUN_004298f0 FUN_00442280"
00443030,FUN_00443030,157,0,"FUN_00412980 FUN_0041fa20 FUN_0043abd0 FUN_0043b030 FUN_0043b1a0 FUN_00442e30"
004430d0,FUN_004430d0,85,0,"FUN_004418b0 FUN_00443030"
00443130,FUN_00443130,705,0,"CloseHandle CreateFileA FUN_00401dc0 FUN_004021c0 FUN_00404d70 FUN_00408a50 FUN_0040f8f0 FUN_0040ff90 GetFileSize ReadFile __security_check_cookie _free _free _strtok_s thunk_FUN_00689dcb"
004434b0,FUN_004434b0,708,0,"FUN_004020d0 FUN_00404d00 FUN_00404d70 FUN_00408b40 FUN_00408c40 FUN_004098b0 FUN_0040fe30 FUN_0040ff90 FUN_0043b020 FUN_00689dcb FUN_0068a143 __security_check_cookie _free"
00443780,FUN_00443780,46,0,""
004437b0,FUN_004437b0,542,0,"FUN_00410f40 FUN_00410fc0 FUN_0068a143 _free"
004439e0,FUN_004439e0,22,0,"FUN_00442f40 _free"
00443a30,FUN_00443a30,108,0,"FUN_004437b0 FUN_0068a143"
00443aa0,FUN_00443aa0,126,0,"FUN_00442f40 _free `eh_vector_destructor_iterator'"
00443b30,FUN_00443b30,243,0,"FUN_006ae420 `eh_vector_constructor_iterator'"
00443c30,FUN_00443c30,309,0,"FUN_00404d70 FUN_0040ff90 FUN_00421890 FUN_0043a0a0 _free `eh_vector_destructor_iterator'"
00443d70,FUN_00443d70,799,0,"FUN_004020d0 FUN_004021c0 FUN_00405560 FUN_0040fe30 FUN_00443a30 FUN_00689dcb FUN_0068a143 __security_check_cookie _free wsprintfA"
004440a0,FUN_004440a0,235,0,"FUN_00443aa0 FUN_00443b30 thunk_FUN_006b3420"
00444190,FUN_00444190,725,0,"FUN_00404d00 FUN_00406a60 FUN_00406a90 FUN_004098b0 FUN_00414e40 FUN_00420b90 FUN_004217f0 FUN_0043af10 FUN_0043b090 FUN_0043f390 FUN_0043f8d0 FUN_0043fbf0 FUN_00689dcb _free `eh_vector_constructor_iterator'"
00444470,FUN_00444470,27,0,"FUN_00443c30 _free"
00444490,FUN_00444490,699,0,"FUN_00415d50 FUN_0043abd0 FUN_0043b0a0 FUN_0043b1a0 FUN_0043f640 FUN_0043f6e0 FUN_0043f810 FUN_0043f870 FUN_0043f8d0 FUN_004424d0 FUN_004425d0 FUN_00442ce0 FUN_004430d0 FUN_00443d70"
00444790,FUN_00444790,160,0,"FUN_004440a0 FUN_0068a143"
00444830,FUN_00444830,827,0,"FUN_00401dc0 FUN_00401e00 FUN_004020d0 FUN_00408c40 FUN_0040d160 FUN_0041fa20 FUN_0043abd0 FUN_0043b1a0 FUN_0043f640 FUN_0043f810 FUN_004422f0 FUN_00442390 FUN_00442440 FUN_00442710 FUN_00442c00 FUN_00442e30 FUN_00442f40 FUN_00443130 FUN_004434b0 FUN_00443780 FUN_00444790 __security_check_cookie"
00444b90,FUN_00444b90,195,0,"FUN_0043f450 FUN_00442790 FUN_004428e0 FUN_00444490 FUN_00444830"
00444c70,FUN_00444c70,440,0,"FUN_0043b080 FUN_0043b240 FUN_0043b280 FUN_0043b2c0 FUN_0043baf0 FUN_0043f640 FUN_0043f6e0 FUN_0043f810 FUN_0043f870 FUN_00445100 FUN_00471180 FUN_00689dcb __security_check_cookie thunk_FUN_004406f0 wsprintfA"
00444e60,FUN_00444e60,22,0,"FUN_0043f970"
00444e80,FUN_00444e80,160,0,"FUN_004217f0 FUN_0043af10 FUN_0043baf0"
00444f20,FUN_00444f20,114,0,"FUN_00421890"
00444fa0,FUN_00444fa0,27,0,"FUN_00444f20 _free"
00444fc0,FUN_00444fc0,257,0,"FUN_0043abd0 FUN_0043af10 FUN_0043b030 FUN_0043b070 FUN_0043b1a0 FUN_0043baf0 FUN_0043f640 FUN_0043f6e0 FUN_0043f810 FUN_0043f870"
004450e0,FUN_004450e0,29,0,"FUN_0043f970 FUN_0043fb60"
00445100,FUN_00445100,157,0,"FUN_004217f0 FUN_0043b090 FUN_0043f8d0 FUN_004404f0"
004451a0,FUN_004451a0,120,0,"FUN_00421890"
00445220,FUN_00445220,27,0,"FUN_004451a0 _free"
00445240,FUN_00445240,281,0,"FUN_004395e0 FUN_00439a20 FUN_0043f4c0 FUN_0043f9d0"
00445360,FUN_00445360,442,0,"FUN_00412980 FUN_0041fa20 FUN_0042d880 FUN_0043abd0 FUN_0043af20 FUN_0043b1a0 FUN_0043cf80 FUN_0044d4f0 FUN_00689dcb thunk_FUN_004406f0"
00445520,FUN_00445520,38,0,"FUN_004395e0 FUN_0043f450 FUN_00445360"
00445550,FUN_00445550,80,0,"FUN_00439f40"
004455a0,FUN_004455a0,33,0,"FUN_0040ff90 FUN_00439fc0"
004455d0,FUN_004455d0,51,0,"FUN_0040ff90 FUN_00439fc0 _free"
00445610,FUN_00445610,185,0,"FUN_0040ff90 FUN_00421890 FUN_00439fc0 FUN_0043f330"
004456d0,FUN_004456d0,318,0,"FUN_00420b90 FUN_004217f0 FUN_004395e0 FUN_0043f390 FUN_0043f540 FUN_00445550"
00445810,FUN_00445810,27,0,"FUN_00445610 _free"
00445830,FUN_00445830,858,0,"FUN_004020d0 FUN_004021c0 FUN_0040f150 FUN_0040f580 FUN_0040f680 FUN_0040fdb0 FUN_0040fe30 FUN_0040ff90 FUN_0042d880 FUN_0043af20 FUN_00689dcb __security_check_cookie _free"
00445ba0,FUN_00445ba0,211,0,"FUN_004099f0 FUN_0043f4c0 FUN_0043f9d0 FUN_0068a143"
00445c80,FUN_00445c80,269,0,""
00445d90,FUN_00445d90,381,0,"FUN_0041fa20 FUN_0043abd0 FUN_0043b1a0 FUN_0043f450 FUN_00445c80 FUN_0068a143"
00445f10,FUN_00445f10,434,0,"FUN_004298f0 FUN_004374f0 FUN_004379b0 FUN_00439580 FUN_005d2230 FUN_0064ada0 _free"
004460e0,FUN_004460e0,137,0,"FUN_00445f10 FUN_0068a143"
00446170,FUN_00446170,826,0,"FUN_00404c90 FUN_004098b0 FUN_0040cda0 FUN_00420b90 FUN_004217f0 FUN_0043f390 FUN_0043f540 FUN_00445c80 FUN_004460e0 FUN_0068a143 `eh_vector_constructor_iterator'"
004464b0,FUN_004464b0,186,0,"FUN_00404d70 FUN_00421890 FUN_0043f330 `eh_vector_destructor_iterator'"
00446570,FUN_00446570,27,0,"FUN_004464b0 _free"
00446650,FUN_00446650,282,0,"FUN_004395e0 FUN_00439a20 FUN_0043f4c0 FUN_0043f970 FUN_0043f9d0"
00446770,FUN_00446770,229,0,"FUN_004395e0 FUN_00439750 FUN_0043b060"
00446c90,FUN_00446c90,1384,0,"DeleteFileA FUN_0041fa20 FUN_00421f30 FUN_004220d0 FUN_004229a0 FUN_0042c5c0 FUN_00439570 FUN_004395e0 FUN_004398b0 FUN_004399a0 FUN_00439a60 FUN_00439a80 FUN_0043abd0 FUN_0043b060 FUN_0043b1a0 FUN_0043f450 FUN_0043f560 FUN_0043f5d0 FUN_0043f640 FUN_0043f6e0 FUN_0043f810 FUN_0043f870 FUN_00440370 FUN_00446770 FUN_004509a0 FUN_0068a143 __security_check_cookie wsprintfA"
00446d20,FUN_00446d20,187,0,"FUN_00421890 FUN_00435eb0 FUN_00439fc0 `eh_vector_destructor_iterator'"
00446de0,FUN_00446de0,350,0,"FUN_00420b90 FUN_004217f0 FUN_0042a0a0 FUN_00435e50 FUN_0043f390 FUN_00446770 `eh_vector_constructor_iterator'"
00446f40,FUN_00446f40,27,0,"FUN_00446d20 _free"
00446f60,FUN_00446f60,11,0,""
00446f70,FUN_00446f70,267,0,"FUN_00439a20 FUN_0043f4c0 FUN_0043f9d0"
00447080,FUN_00447080,342,0,"FUN_00404c90 FUN_00404d70 FUN_004395e0 FUN_0043bf80 __security_check_cookie wsprintfA"
004471e0,FUN_004471e0,128,0,"FUN_00439f40"
00447260,FUN_00447260,55,0,"FUN_0040ff90 FUN_00420a80 FUN_00439fc0"
004472a0,FUN_004472a0,619,0,"FUN_0041fa20 FUN_00420a80 FUN_0042aa90 FUN_0042d140 FUN_0042d1b0 FUN_0043abd0 FUN_0043ac50 FUN_0043ae90 FUN_0043b1a0 FUN_0043b8f0 FUN_0043f450 FUN_00447080 FUN_0044d4f0 FUN_00689dcb FUN_0068a143 thunk_FUN_004406f0"
00447510,FUN_00447510,73,0,"FUN_0040ff90 FUN_00420a80 FUN_00439fc0 _free"
00447560,FUN_00447560,43,0,"FUN_004395e0 FUN_004472a0"
00447590,FUN_00447590,253,0,"FUN_00404d70 FUN_00421890 FUN_0043f330 _free `eh_vector_destructor_iterator'"
00447690,FUN_00447690,502,0,"FUN_00420b90 FUN_004217f0 FUN_00424e20 FUN_004251a0 FUN_0043af20 FUN_0043f390 FUN_0043f540 FUN_00447080 FUN_0068a143 `eh_vector_constructor_iterator'"
00447890,FUN_00447890,27,0,"FUN_00447590 _free"
004478b0,FUN_004478b0,1127,0,"FUN_004020d0 FUN_004021c0 FUN_0040fe30 FUN_0040ff90 FUN_00420a80 FUN_0042aa90 FUN_0042e880 FUN_0042e900 FUN_00432d20 FUN_00433a80 FUN_00434a10 FUN_0043af20 FUN_006183f0 FUN_00689dcb FUN_0068a143 __security_check_cookie _free _sprintf_s"
00447d20,FUN_00447d20,669,0,"FUN_0041fa20 FUN_0043abd0 FUN_0043ac40 FUN_0043afe0 FUN_0043b1a0 FUN_004487e0 FUN_0044ba90 FUN_00689dcb thunk_FUN_004406f0"
00447fe0,FUN_00447fe0,114,0,"FUN_0043f4c0 FUN_0043f9d0 FUN_0043fa10"
00448060,FUN_00448060,400,0,"FUN_00431440 FUN_00431ac0 FUN_0043afe0 FUN_0043aff0 FUN_0043b640 FUN_0043cdd0 FUN_00440410 __security_check_cookie _free"
00448200,FUN_00448200,76,0,"FUN_0043f450 FUN_00447d20 FUN_00448060"
00448250,FUN_00448250,140,0,"FUN_00421890 `eh_vector_destructor_iterator'"
004482e0,FUN_004482e0,275,0,"FUN_00420b90 FUN_004217f0 FUN_0043f390 FUN_0043fbf0 `eh_vector_constructor_iterator'"
00448400,FUN_00448400,27,0,"FUN_00448250 _free"
00448420,FUN_00448420,205,0,"FUN_0043f4c0 FUN_0043f9d0 FUN_0043faf0"
004484f0,FUN_004484f0,178,0,"FUN_00404c90 FUN_00404d70 FUN_0043bf80 __security_check_cookie wsprintfA"
004485b0,FUN_004485b0,372,0,"FUN_0041fa20 FUN_0043abd0 FUN_0043b1a0 FUN_0043f450 FUN_004484f0 FUN_0044aac0 FUN_00689dcb thunk_FUN_004406f0"
00448730,FUN_00448730,164,0,"FUN_00404d70 FUN_00421890 FUN_0043f330"
004487e0,FUN_004487e0,571,0,"FUN_00420b90 FUN_004217f0 FUN_0043af20 FUN_0043f390 FUN_0043f540 FUN_004484f0"
00448a20,FUN_00448a20,27,0,"FUN_00448730 _free"
00448a40,FUN_00448a40,137,0,"FUN_0068a143"
00448ad0,FUN_00448ad0,78,0,""
00448b20,FUN_00448b20,7,0,""
00448b30,FUN_00448b30,15,0,""
00448b40,FUN_00448b40,439,0,"FUN_00404d00 FUN_00404d70"
00448d00,FUN_00448d00,36,0,"FUN_0068a143"
00448d30,FUN_00448d30,57,0,"FUN_00689dcb"
00448d70,FUN_00448d70,109,0,""
00448de0,thunk_FUN_00420a80,5,0,"FUN_00420a80"
00448df0,FUN_00448df0,358,0,"FUN_004300b0 FUN_0043af20 FUN_0045c320 FUN_0068a143"
00448f60,FUN_00448f60,2521,0,"FUN_00406a60 FUN_00406be0 FUN_004099f0 FUN_0042cd00 FUN_004300b0 FUN_00432d20 FUN_0043f4c0 FUN_0043f970 FUN_0043f9d0 FUN_0043faf0 FUN_00448d70 FUN_00448df0 FUN_0068a143"
00449940,FUN_00449940,117,0,"FUN_00401670 FUN_004021c0 __CxxThrowException@8"
004499c0,FUN_004499c0,189,0,"FUN_0042d920 FUN_00448a40"
00449a80,FUN_00449a80,340,0,"FUN_00439580 FUN_00449940 _free _memmove_s"
00449be0,FUN_00449be0,395,0,"FUN_0042ce20 FUN_00448d70 FUN_004499c0 FUN_0068a143"
00449d70,FUN_00449d70,121,0,"FUN_00449a80 FUN_00689dcb"
00449df0,FUN_00449df0,159,0,"FUN_00420a80 FUN_0042aa90 FUN_0042cd00 FUN_0068a143"
00449e90,FUN_00449e90,1372,0,"FUN_00420a80 FUN_0042cc90 FUN_0042cd00 FUN_004300b0 FUN_0043c3a0 FUN_00448b40 FUN_00448d70 FUN_00448df0 FUN_00449d70 FUN_00449e90 FUN_0068a143"
0044a410,FUN_0044a410,1339,0,"FUN_0041fa20 FUN_0042cd00 FUN_004300b0 FUN_004317a0 FUN_00431e50 FUN_0043abd0 FUN_0043b1a0 FUN_0043f450 FUN_0043f640 FUN_0043f6e0 FUN_0043f810 FUN_0043f870 FUN_00448b40 FUN_00448d00 FUN_00448d70 FUN_00448df0 FUN_004499c0 FUN_00449df0 FUN_00449e90 FUN_0068a143"
0044a950,FUN_0044a950,247,0,"FUN_00404d70 FUN_00420a80 FUN_00433990 FUN_00433a80 FUN_00434ac0 FUN_0043d100 _free `eh_vector_destructor_iterator'"
0044aac0,FUN_0044aac0,2121,0,"FUN_00404c90 FUN_00404d00 FUN_00406a60 FUN_00408a50 FUN_004098b0 FUN_0040cda0 FUN_004115a0 FUN_00420b90 FUN_004217f0 FUN_0042e880 FUN_00431e50 FUN_00433990 FUN_00434a10 FUN_00434ac0 FUN_0043bbc0 FUN_0043bf80 FUN_0043f390 FUN_00448b40 FUN_00449be0 FUN_00449e90 FUN_00689dcb FUN_0068a143 __security_check_cookie _free _strcpy_s `eh_vector_constructor_iterator' wsprintfA"
0044b320,FUN_0044b320,27,0,"FUN_0044a950 _free"
0044b340,FUN_0044b340,498,0,"FUN_004099f0 FUN_0043f4c0 FUN_0043f9d0 FUN_0043faf0"
0044b540,FUN_0044b540,783,0,"FUN_0040d930 FUN_0040d940 FUN_0040d990 FUN_0043b1a0"
0044b860,FUN_0044b860,355,0,"FUN_004313b0 FUN_004317a0 FUN_0043abd0 FUN_0043aff0 FUN_0043b1a0 FUN_0043b640 FUN_0043f450 FUN_0044b540"
0044b9d0,FUN_0044b9d0,188,0,"FUN_00404d70 FUN_00421890 `eh_vector_destructor_iterator'"
0044ba90,FUN_0044ba90,567,0,"FUN_00404c90 FUN_004098b0 FUN_00420b90 FUN_004217f0 FUN_00431440 FUN_0043b050 FUN_0043f390 `eh_vector_constructor_iterator'"
0044bcd0,FUN_0044bcd0,27,0,"FUN_0044b9d0 _free"
0044bcf0,FUN_0044bcf0,256,0,"FUN_0040e7f0 FUN_0041fa20 FUN_0043abd0 FUN_0043b1a0"
0044be10,FUN_0044be10,223,0,"FUN_00427db0 FUN_0043f4c0 FUN_0043f970 FUN_0043f9d0 FUN_0043fa10"
0044bef0,FUN_0044bef0,236,0,"FUN_00431440 FUN_00431ac0 FUN_00440410 FUN_004487e0 FUN_00689dcb thunk_FUN_004406f0"
0044bfe0,FUN_0044bfe0,248,0,"FUN_00431440 FUN_00431ac0 FUN_0043b1a0 FUN_00440410 FUN_0044ba90 FUN_00689dcb thunk_FUN_004406f0"
0044c0e0,FUN_0044c0e0,42,0,"FUN_004021c0 FUN_0040eb60"
0044c110,FUN_0044c110,606,0,"FUN_004020d0 FUN_00408c40 FUN_0042d260 FUN_0042d320 FUN_004317a0 FUN_00432050 FUN_0043f810 FUN_0043fbf0 __mbschr __security_check_cookie _free"
0044c380,FUN_0044c380,870,0,"CopyFileA FUN_004020d0 FUN_004021c0 FUN_00408a50 FUN_00408c40 FUN_00429970 FUN_0043f810 FUN_0043fbf0 __security_check_cookie _free"
0044c710,FUN_0044c710,315,0,"DeleteFileA FUN_004020d0 FUN_004021c0 FUN_00429970 FUN_0043f810 FUN_0043fbf0 __security_check_cookie _free"
0044c860,FUN_0044c860,515,0,"DeleteFileA FUN_004021c0 FUN_00429970 FUN_0043f810 FUN_0043fbf0 MoveFileA __mbschr __security_check_cookie _free"
0044ca80,FUN_0044ca80,446,0,"FUN_00401e00 FUN_004020d0 FUN_00408c40 FUN_00412a20 FUN_00427c60 FUN_00439810 FUN_0043b1a0 FUN_0043f640 FUN_0043f6e0 FUN_0043f870 FUN_0044c0e0 FUN_0044c110"
0044cde0,FUN_0044cde0,371,0,"FUN_00401e00 FUN_004020d0 FUN_00408c40 FUN_0043f640 FUN_0043f6e0 FUN_0043f870 FUN_00440410 FUN_0044c710"
0044cf70,FUN_0044cf70,696,0,"FUN_00401e00 FUN_004020d0 FUN_00408c40 FUN_0040e7f0 FUN_0040eb90 FUN_00412a20 FUN_00427c60 FUN_00439810 FUN_0043b1a0 FUN_0043f640 FUN_0043f6e0 FUN_0043f870 FUN_00440410 FUN_0044c0e0 FUN_0044c860 __stricmp"
0044d240,FUN_0044d240,591,0,"FUN_00401e00 FUN_004020d0 FUN_00408c40 FUN_0043f450 FUN_0043f640 FUN_0043f6e0 FUN_0043f870 FUN_00440410 FUN_0044bcf0 FUN_0044bef0 FUN_0044bfe0 FUN_0044c380 FUN_0044ca80 FUN_0044cde0 FUN_0044cf70"
0044d340,FUN_0044d340,407,0,"FUN_00421890 FUN_00427bc0 FUN_00427c40 FUN_0042d320 FUN_00431390 FUN_0043af30 _free `eh_vector_destructor_iterator'"
0044d4f0,FUN_0044d4f0,496,0,"FUN_00420b90 FUN_004217f0 FUN_00427bd0 FUN_00428000 FUN_0042d260 FUN_0043f390 FUN_0043fbf0 `eh_vector_constructor_iterator'"
0044d6e0,FUN_0044d6e0,27,0,"FUN_0044d340 _free"
0044d700,FUN_0044d700,106,0,"FUN_0040ac30 FUN_0040ac40 FUN_00428b70"
0044d770,FUN_0044d770,46,0,"FUN_00416990"
0044d7a0,FUN_0044d7a0,21,0,""
0044d7c0,FUN_0044d7c0,13,0,""
0044d7d0,FUN_0044d7d0,36,0,"_strcpy_s"
0044d800,FUN_0044d800,55,0,"FUN_0040ac30 FUN_0040ac40 FUN_0042b540"
0044d840,FUN_0044d840,27,0,""
0044d860,FUN_0044d860,19,0,""
0044d880,FUN_0044d880,110,0,"FUN_00416990 FUN_0044d840"
0044d8f0,FUN_0044d8f0,48,0,"FUN_00409cf0 FUN_00420a80"
0044d920,FUN_0044d920,104,0,"FUN_0042d140"
0044d990,FUN_0044d990,285,0,"FUN_004067f0 FUN_0068a143 __security_check_cookie"
0044dab0,FUN_0044dab0,8,0,"FUN_00420a80"
0044dac0,FUN_0044dac0,41,0,"`eh_vector_constructor_iterator'"
0044daf0,~SubAllocator,19,1,"`eh_vector_destructor_iterator'"
0044db10,FUN_0044db10,411,0,"FUN_0040abc0 FUN_00412b10 FUN_0043af20 `eh_vector_constructor_iterator'"
0044dcb0,FUN_0044dcb0,620,0,"FUN_004021c0 FUN_00404d00 FUN_00408a50 FUN_00411430 FUN_004114c0 FUN_004115a0 __security_check_cookie _free _strcpy_s"
0044df20,FUN_0044df20,288,0,"FUN_00431610 FUN_0068a143"
0044e050,FUN_0044e050,78,0,"FUN_00420a80 FUN_0042aa90"
0044e0a0,FUN_0044e0a0,183,0,"FUN_00420a80 FUN_0042aa90"
0044e160,FUN_0044e160,171,0,"FUN_00406890 FUN_00420a80 FUN_0042aa90 __security_check_cookie"
0044e210,FUN_0044e210,163,0,"FUN_0040ac30 FUN_0040ac40 FUN_0042aa90 FUN_0042b270 FUN_0042d140"
0044e2c0,FUN_0044e2c0,407,0,"FUN_0040ac30 FUN_0040ac40 FUN_0040f0b0 FUN_0040f100 FUN_00428d90 FUN_0042a560 FUN_0042b270 FUN_0044d700 FUN_0068a143 __security_check_cookie"
0044e460,FUN_0044e460,566,0,"FUN_0040ac30 FUN_0040ac40 FUN_00416b60 FUN_00420a80 FUN_0042a4b0 FUN_0042b6b0 FUN_0042d140 FUN_0044d990 FUN_0044df20 __security_check_cookie `eh_vector_constructor_iterator' `eh_vector_destructor_iterator'"
0044e6a0,FUN_0044e6a0,48,0,"FUN_00416990"
0044e6d0,FUN_0044e6d0,78,0,"FUN_0040ac30 FUN_0040ac40"
0044e720,FUN_0044e720,15,0,""
0044e730,FUN_0044e730,30,0,"FUN_00415d50"
0044e750,FUN_0044e750,100,0,"FUN_0040ac30 FUN_0040ac40 FUN_00416990"
0044e7c0,FUN_0044e7c0,21,0,""
0044e7e0,FUN_0044e7e0,91,0,""
0044e840,FUN_0044e840,13,0,""
0044e850,FUN_0044e850,21,0,""
0044e870,FUN_0044e870,15,0,""
0044e880,FUN_0044e880,93,0,""
0044e8e0,FUN_0044e8e0,3,0,""
0044e8f0,FUN_0044e8f0,166,0,"FUN_0040ac30 FUN_0040ac40 FUN_00416990"
0044e9a0,FUN_0044e9a0,63,0,"FUN_00416990 FUN_0044e720"
0044e9e0,FUN_0044e9e0,79,0,"FUN_00416990 FUN_0044e7c0"
0044ea30,FUN_0044ea30,68,0,"FUN_0044e460"
0044ea80,FUN_0044ea80,79,0,"FUN_004321b0"
0044ead0,FUN_0044ead0,573,0,"FUN_0040ac30 FUN_0040ac40 FUN_0044ea80"
0044ed10,FUN_0044ed10,152,0,"FUN_0040ac30 FUN_0040ac40 FUN_00416990 FUN_0042aa90 FUN_0042d140"
0044edb0,FUN_0044edb0,199,0,"FUN_0040ac30 FUN_0040ac40 FUN_0042aa90 FUN_0042d140"
0044ee80,FUN_0044ee80,582,0,"FUN_0040ac30 FUN_0040ac40 FUN_00420a80 FUN_0044d770 FUN_0044dac0 FUN_0044e050 FUN_0044e0a0 FUN_0044e160 FUN_0044e210 FUN_0044e6a0 __security_check_cookie `eh_vector_destructor_iterator'"
0044f0f0,FUN_0044f0f0,269,0,"FUN_0040ac30 FUN_0040ac40 FUN_00416990 FUN_0042b6b0 FUN_0044df20 __security_check_cookie `eh_vector_constructor_iterator' `eh_vector_destructor_iterator'"
0044f200,FUN_0044f200,399,0,"FUN_0040ac30 FUN_0040ac40 FUN_0042b6b0 FUN_00431e50 FUN_0043afe0"
0044f390,FUN_0044f390,324,0,"FUN_0040ac30 FUN_0040ac40 FUN_00420a80 FUN_0042b6b0"
0044f4e0,FUN_0044f4e0,53,0,"FUN_00416b60"
0044f520,FUN_0044f520,37,0,"FUN_00413170 FUN_00413390"
0044f550,FUN_0044f550,162,0,""
0044f600,FUN_0044f600,289,0,"_strncpy_s"
0044f730,FUN_0044f730,175,0,"FUN_0040ac30 FUN_0040ac40 FUN_00416b60"
0044f7e0,FUN_0044f7e0,65,0,"FUN_00416b60 FUN_0044e720"
0044f830,FUN_0044f830,165,0,"FUN_0040ac30 FUN_0040ac40 FUN_00416b60 FUN_0044e870"
0044f8e0,FUN_0044f8e0,78,0,"FUN_0040ac30 FUN_0040ac40 FUN_0044ea80"
0044f930,FUN_0044f930,99,0,"FUN_0040ac30 FUN_0040ac40 FUN_0042d140"
0044f9a0,FUN_0044f9a0,409,0,"FUN_0040ac30 FUN_0040ac40 FUN_00416b60 FUN_0042a4b0 FUN_0042aa90"
0044fb40,FUN_0044fb40,532,0,"FUN_0040ac30 FUN_0040ac40 FUN_00420a80 FUN_0044dac0 FUN_0044e050 FUN_0044e0a0 FUN_0044e460 FUN_0044f4e0 __security_check_cookie `eh_vector_destructor_iterator'"
0044fd80,FUN_0044fd80,162,0,"FUN_0040ac30 FUN_0040ac40 FUN_0042b6b0"
0044fe30,FUN_0044fe30,341,0,"FUN_0040ac30 FUN_0040ac40 FUN_00416b60 FUN_0042b6b0 FUN_0044df20 __security_check_cookie `eh_vector_constructor_iterator' `eh_vector_destructor_iterator'"
0044ff90,FUN_0044ff90,69,0,"FUN_0040ac30 FUN_0040ac40 FUN_0042b6b0"
0044ffe0,FUN_0044ffe0,284,0,"FUN_0040ac30 FUN_0040ac40 FUN_00420a80 FUN_0042b6b0"
00450100,FUN_00450100,28,0,"_free"
00450120,FUN_00450120,131,0,"FUN_00406360 FUN_004063d0"
004501b0,FUN_004501b0,211,0,"FUN_00450120"
00450290,FUN_00450290,160,0,"FUN_00450120"
00450330,FUN_00450330,74,0,"_atol _strtok_s"
00450380,FUN_00450380,155,0,"_atof _atol _strtok_s"
00450420,FUN_00450420,155,0,"_atof _atol _strtok_s"
004504c0,FUN_004504c0,48,0,"_atol _strtok_s"
004504f0,FUN_004504f0,28,0,"_free"
00450510,FUN_00450510,137,0,"FUN_0068a143"
004505a0,FUN_004505a0,60,0,""
004505e0,FUN_004505e0,87,0,"FUN_00689dcb"
00450640,FUN_00450640,118,0,""
004506c0,FUN_004506c0,41,0,"FUN_00689dcb"
004506f0,FUN_004506f0,41,0,"FUN_00689dcb"
00450720,FUN_00450720,41,0,"FUN_00689dcb"
00450750,FUN_00450750,41,0,"FUN_00689dcb"
00450780,FUN_00450780,41,0,"FUN_00689dcb"
004507b0,FUN_004507b0,96,0,"FUN_0068a143"
00450810,FUN_00450810,395,0,""
004509a0,FUN_004509a0,35,0,"FUN_0068a143"
004509d0,FUN_004509d0,90,0,"FUN_0068a143"
00450a30,FUN_00450a30,163,0,"FUN_00450810 FUN_0068a143"
00450ae0,FUN_00450ae0,164,0,"FUN_00450810 FUN_0068a143"
00450b90,FUN_00450b90,87,0,"FUN_0068a143"
00450bf0,FUN_00450bf0,56,0,"FUN_00689dcb"
00450c30,FUN_00450c30,56,0,"FUN_00689dcb"
00450c70,FUN_00450c70,58,0,"_free"
00450cb0,FUN_00450cb0,183,0,"FUN_00450a30 FUN_0068a143"
00450d70,FUN_00450d70,187,0,"FUN_00450ae0 FUN_0068a143"
00450e30,FUN_00450e30,111,0,""
00450ea0,FUN_00450ea0,282,0,"FUN_00404730 FUN_004047e0 FUN_00407340 FUN_004073a0 FUN_004073e0 FUN_004074a0 FUN_00407540 FUN_004075e0 FUN_00407680 FUN_00407ad0 FUN_004399c0"
00450fc0,FUN_00450fc0,145,0,"FUN_00404730 FUN_00404750 FUN_004047e0 FUN_00450ea0 FUN_0068a143"
00451060,FUN_00451060,115,0,"FUN_00450cb0"
004510e0,FUN_004510e0,115,0,"FUN_00450d70"
00451160,FUN_00451160,160,0,"FUN_00401670 FUN_004021c0 __CxxThrowException@8"
00451200,FUN_00451200,509,0,"FUN_00401670 FUN_004021c0 FUN_0041e9d0 FUN_0041ea60 FUN_004505e0 __CxxThrowException@8"
00451400,FUN_00451400,801,0,"FUN_0041eac0 FUN_0041ecf0 FUN_0043cf00 FUN_0043cf80 FUN_004501b0 FUN_00450290 FUN_0045c320 FUN_0068a143 timeGetTime"
00451750,FUN_00451750,89,0,"FUN_004021c0 _strtok_s"
004517b0,FUN_004517b0,200,0,"FUN_004021c0 _atol _strtok_s"
00451880,FUN_00451880,338,0,"FUN_00439580 FUN_00449940 _free _memmove_s"
004519e0,FUN_004519e0,107,0,"FUN_00451200"
00451a50,FUN_00451a50,125,0,"FUN_00689dcb FUN_006a6cc0"
00451acd,Catch_All@00451acd,9,0,"_free"
00451af0,FUN_00451af0,118,0,"FUN_00417500 FUN_00689dcb"
00451b70,FUN_00451b70,95,0,"FUN_00450640 FUN_00451880 FUN_00689dcb"
00451bd0,FUN_00451bd0,94,0,"FUN_00450640 FUN_00451880 FUN_00689dcb"
00451c30,FUN_00451c30,509,0,"FUN_00401670 FUN_004021c0 FUN_00406260 FUN_004062d0 FUN_00451a50 __CxxThrowException@8"
00451e30,FUN_00451e30,1748,0,"FUN_00417240 FUN_004178d0 FUN_00417950 FUN_004507b0 FUN_00451af0 FUN_005ae3c0 FUN_0068a143"
004520a8,Catch_All@004520a8,32,0,"FUN_00417200 __CxxThrowException@8"
004523ef,Catch_All@004523ef,38,0,"FUN_00413df0 __CxxThrowException@8"
00452550,FUN_00452550,1745,0,"FUN_00450640 FUN_004509d0 FUN_00451060 FUN_004510e0 FUN_00451880 FUN_00451b70 FUN_00451bd0 FUN_00689dcb FUN_0068a143"
004527f1,Catch_All@004527f1,36,0,"FUN_004505a0 __CxxThrowException@8"
00452b17,Catch_All@00452b17,32,0,"FUN_0041eb50 __CxxThrowException@8"
00452c70,FUN_00452c70,303,0,"FUN_00405560 FUN_00405c00 FUN_00450510 FUN_00451c30"
00452da0,FUN_00452da0,88,0,"FUN_00451e30"
00452e00,FUN_00452e00,88,0,"FUN_00452550"
00452e60,FUN_00452e60,104,0,"FUN_004056c0 FUN_0041ebd0 FUN_0041f080 FUN_0043bc40"
00452ed0,FUN_00452ed0,376,0,"FUN_004020d0 FUN_00405c00 FUN_00452c70 FUN_00689dcb _free"
00453060,FUN_00453060,376,0,"FUN_004020d0 FUN_00405c00 FUN_00452c70 FUN_00689dcb _free"
004531f0,FUN_004531f0,376,0,"FUN_004020d0 FUN_00405c00 FUN_00452c70 FUN_00689dcb _free"
00453380,FUN_00453380,376,0,"FUN_004020d0 FUN_00405c00 FUN_00452c70 FUN_00689dcb _free"
00453510,FUN_00453510,376,0,"FUN_004020d0 FUN_00405c00 FUN_00452c70 FUN_00689dcb _free"
004536a0,FUN_004536a0,376,0,"FUN_004020d0 FUN_00405c00 FUN_00452c70 FUN_00689dcb _free"
00453830,FUN_00453830,376,0,"FUN_004020d0 FUN_00405c00 FUN_00452c70 FUN_00689dcb _free"
004539c0,FUN_004539c0,236,0,"FUN_00452da0 FUN_0068a143"
00453aac,Catch_All@00453aac,17,0,"FUN_00413a90 __CxxThrowException@8"
00453ac0,FUN_00453ac0,236,0,"FUN_00452e00 FUN_0068a143"
00453bac,Catch_All@00453bac,17,0,"FUN_00420af0 __CxxThrowException@8"
00453bc0,FUN_00453bc0,721,0,"FUN_004021c0 FUN_00452ed0 FUN_00453060 FUN_004531f0 FUN_00453380 FUN_00453510 FUN_004536a0 FUN_00453830"
00453ea0,FUN_00453ea0,263,0,"FUN_004539c0 FUN_00453ac0"
00453fb0,FUN_00453fb0,83,0,"FUN_00453ea0"
00454010,FUN_00454010,127,0,"FUN_00453fb0 FUN_00689dcb"
0045408f,Catch_All@0045408f,9,0,"_free"
004540b0,FUN_004540b0,50,0,"FUN_00451160 FUN_00454010"
004540f0,FUN_004540f0,1584,0,"FUN_004020d0 FUN_00404c90 FUN_00405810 FUN_00405ac0 FUN_00407160 FUN_00417240 FUN_0041ec10 FUN_0041f640 FUN_00432be0 FUN_00448d00 FUN_004509a0 FUN_00450b90 FUN_00450e30 FUN_004519e0 FUN_00451bd0 FUN_004540b0 FUN_0045c320 FUN_004606e0 FUN_0068a143"
00454780,FUN_00454780,76,0,""
004547d0,FUN_004547d0,4,0,""
004547e0,FUN_004547e0,93,0,""
00454840,FUN_00454840,67,0,"FUN_004067d0"
00454890,FUN_00454890,187,0,"FUN_004099f0 FUN_0043f900"
00454950,FUN_00454950,141,0,""
004549e0,FUN_004549e0,99,0,""
00454a50,FUN_00454a50,403,0,"FUN_00406480 FUN_004064b0 FUN_00454950 FUN_004549e0"
00454bf0,FUN_00454bf0,116,0,"FUN_00404d70 FUN_00421890"
00454c70,FUN_00454c70,295,0,"FUN_00404c90 FUN_004098e0 FUN_0040cc50 FUN_00420b90 FUN_004217f0"
00454da0,FUN_00454da0,171,0,"FUN_004064b0"
00454e50,FUN_00454e50,107,0,""
00454ec0,FUN_00454ec0,68,0,"FUN_004115a0"
00454f10,FUN_00454f10,18,0,""
00454f50,FUN_00454f50,107,0,"FUN_00404d70"
00454fc0,FUN_00454fc0,27,0,"FUN_00454f50 _free"
00454fe0,FUN_00454fe0,90,0,"FUN_004115a0 FUN_004549e0"
00455040,FUN_00455040,150,0,"FUN_0068a143"
004550e0,FUN_004550e0,126,0,"_atol _strtok_s"
00455160,FUN_00455160,116,0,""
004551e0,FUN_004551e0,29,0,"FUN_00689dcb"
00455200,FUN_00455200,64,0,"FUN_00689dcb"
00455240,FUN_00455240,41,0,"FUN_00689dcb"
00455270,FUN_00455270,153,0,"FUN_00405560"
00455310,FUN_00455310,71,0,"_free"
00455360,FUN_00455360,95,0,""
004553c0,FUN_004553c0,92,0,"FUN_0040ac30 FUN_0040ac40 FUN_004321b0"
00455420,FUN_00455420,106,0,"FUN_00435f00 _free"
00455490,FUN_00455490,270,0,"FUN_00405560 FUN_00405ac0 FUN_0068a143 _free"
004555b0,FUN_004555b0,95,0,"FUN_00434c60 FUN_0068a143 _free"
00455620,FUN_00455620,56,0,"FUN_00689dcb"
00455660,FUN_00455660,66,0,"FUN_00689dcb"
004556b0,FUN_004556b0,56,0,"FUN_00689dcb"
004556f0,FUN_004556f0,56,0,"FUN_00689dcb"
00455730,FUN_00455730,56,0,"FUN_00689dcb"
00455770,FUN_00455770,56,0,"FUN_00689dcb"
004557b0,FUN_004557b0,56,0,"FUN_00689dcb"
004557f0,FUN_004557f0,58,0,"_free"
00455830,FUN_00455830,27,0,"FUN_00455310 _free"
00455850,FUN_00455850,431,0,"FUN_004555b0 FUN_0068a143"
00455a00,FUN_00455a00,122,0,"FUN_00405c00 FUN_00455270 FUN_0068a143"
00455a80,FUN_00455a80,337,0,"FUN_004020d0 FUN_00455160"
00455be0,FUN_00455be0,100,0,"FUN_00455160 FUN_00689dcb"
00455c50,FUN_00455c50,115,0,"FUN_004020d0 FUN_00455a80"
00455cd0,FUN_00455cd0,233,0,"FUN_00404d70 FUN_0068a143 _free"
00455dd0,FUN_00455dd0,114,0,"FUN_004020d0 FUN_00455a80"
00455e50,FUN_00455e50,160,0,"FUN_00401670 FUN_004021c0 __CxxThrowException@8"
00455ef0,FUN_00455ef0,505,0,"FUN_004021c0 _atol _strtok_s"
004560f0,FUN_004560f0,155,0,"FUN_004021c0 _strtok_s"
00456190,FUN_00456190,116,0,"FUN_004021c0 _atol _strtok_s"
00456210,FUN_00456210,168,0,"FUN_004021c0 _atof _atol _strtok_s"
004562c0,FUN_004562c0,147,0,"FUN_004021c0 _atol _strtok_s"
00456360,FUN_00456360,142,0,"FUN_004021c0 _atol _strtok_s"
004563f0,FUN_004563f0,168,0,"FUN_004021c0 _atol _strtok_s"
004564a0,FUN_004564a0,146,0,"FUN_00455c50 FUN_00689dcb"
00456532,Catch_All@00456532,9,0,"_free"
00456550,FUN_00456550,523,0,"FUN_00401670 FUN_004021c0 FUN_00435b30 FUN_00435df0 FUN_004564a0 __CxxThrowException@8"
00456760,FUN_00456760,553,0,"FUN_00404d00 FUN_00404d70 FUN_00434c60 FUN_00455be0 FUN_00455e50 FUN_0068a143 _free"
004569a0,FUN_004569a0,130,0,"FUN_004040b0 FUN_0040abc0"
00456a30,FUN_00456a30,311,0,"FUN_00405560 FUN_00405c00 FUN_00455040 FUN_00456550"
00456b70,FUN_00456b70,499,0,"FUN_004026a0 FUN_0040ac30 FUN_0040ac40 FUN_0040dcf0 FUN_00421ff0 FUN_0056d450 FUN_0064af70 FUN_00689dcb FUN_0068a143"
00456d70,FUN_00456d70,194,0,"FUN_0056d8f0 FUN_0068a143 _free"
00456e40,FUN_00456e40,103,0,"FUN_00435e50 FUN_004569a0"
00456eb0,FUN_00456eb0,592,0,"FUN_004020d0 FUN_004115a0 FUN_00435f00 FUN_00455360 FUN_00455420 FUN_00455c50 FUN_00455dd0 FUN_00456a30 __security_check_cookie _free"
00457110,FUN_00457110,91,0,"FUN_00421f30 FUN_00440370 FUN_00456b70"
00457170,FUN_00457170,376,0,"FUN_004020d0 FUN_00405c00 FUN_00452c70 FUN_00689dcb _free"
00457300,FUN_00457300,376,0,"FUN_004020d0 FUN_00405c00 FUN_00452c70 FUN_00689dcb _free"
00457490,FUN_00457490,376,0,"FUN_004020d0 FUN_00405c00 FUN_00452c70 FUN_00689dcb _free"
00457620,FUN_00457620,376,0,"FUN_004020d0 FUN_00405c00 FUN_00452c70 FUN_00689dcb _free"
004577b0,FUN_004577b0,376,0,"FUN_004020d0 FUN_00405c00 FUN_00452c70 FUN_00689dcb _free"
00457940,FUN_00457940,376,0,"FUN_004020d0 FUN_00405c00 FUN_00452c70 FUN_00689dcb _free"
00457ad0,FUN_00457ad0,376,0,"FUN_004020d0 FUN_00405c00 FUN_00452c70 FUN_00689dcb _free"
00457c60,FUN_00457c60,376,0,"FUN_004020d0 FUN_00405c00 FUN_00452c70 FUN_00689dcb _free"
00457df0,FUN_00457df0,72,0,"FUN_004056c0 FUN_00436d30 FUN_00436e60"
00457e40,FUN_00457e40,334,0,"FUN_004021c0 FUN_00435c00 FUN_00435ff0 FUN_00436e60 FUN_0068a143"
00457f90,FUN_00457f90,930,0,"FUN_004012a0 FUN_004047e0 FUN_00435c00 FUN_00454890 FUN_00454da0 FUN_0058bee0 FUN_0068a143"
00458340,FUN_00458340,125,0,"FUN_00404c90 FUN_00407160 FUN_00457110"
004583c0,FUN_004583c0,27,0,"FUN_00437280 _free"
004583e0,FUN_004583e0,92,0,"FUN_00405810 FUN_00436d30 FUN_00454780 FUN_00457e40"
00458440,FUN_00458440,6107,0,"CloseHandle CreateEventA FUN_00401e00 FUN_004020d0 FUN_004021c0 FUN_00404c90 FUN_00404d70 FUN_00405ac0 FUN_00405c00 FUN_00408990 FUN_00408a50 FUN_00408b40 FUN_00408c40 FUN_00408d00 FUN_0040ac30 FUN_0040ac40 FUN_0040fae0 FUN_00410360 FUN_004115a0 FUN_00412950 FUN_00428930 FUN_00429970 FUN_0042b270 FUN_00434c60 FUN_00434de0 FUN_00435c00 FUN_0043b060 FUN_0043b070 FUN_0043b120 FUN_0043b170 FUN_0043b1a0 FUN_0043cf80 FUN_0043d030 FUN_00448d00 FUN_004547d0 FUN_00454840 FUN_00454a50 FUN_00454e50 FUN_00454ec0 FUN_004553c0 FUN_00455850 FUN_00455a00 FUN_00455be0 FUN_00455cd0 FUN_00455e50 FUN_00456760 FUN_00456d70 FUN_00456eb0 FUN_00457e40 FUN_00458340 FUN_0045c030 FUN_0045f640 FUN_00464290 FUN_004642a0 FUN_00465100 FUN_0068a143 WaitForSingleObject __mbsrchr __security_check_cookie _free _strcpy_s"
00459c90,FUN_00459c90,1527,0,"FUN_004021c0 FUN_00405600 FUN_00411430 FUN_004115a0 FUN_00452ed0 FUN_00453060 FUN_004536a0 FUN_00453830 FUN_00454c70 FUN_004551e0 FUN_00455200 FUN_00456e40 FUN_00457170 FUN_00457300 FUN_00457490 FUN_00457620 FUN_004577b0 FUN_00457940 FUN_00457ad0 FUN_00457c60 _strcpy_s"
0045a290,FUN_0045a290,11,0,""
0045a2a0,FUN_0045a2a0,11,0,""
0045a2b0,FUN_0045a2b0,41,0,"FUN_0068a143"
0045a2e0,FUN_0045a2e0,118,0,"FUN_00454f10 FUN_004583e0 __security_check_cookie wsprintfA"
0045a360,FUN_0045a360,58,0,"FUN_0043fc40 FUN_0068a143"
0045a3a0,FUN_0045a3a0,162,0,"FUN_004020d0 FUN_0042e750 FUN_0043af20 FUN_0043bfd0 FUN_00454f10 FUN_004583e0 __security_check_cookie wsprintfA"
0045a450,FUN_0045a450,127,0,"FUN_004020d0 FUN_00455490 _free"
0045a4e0,FUN_0045a4e0,306,0,"FUN_004021c0 FUN_00408c40 FUN_0040f150 FUN_0040f480 FUN_0040f680 FUN_00429970 FUN_0043bf80 __security_check_cookie _free"
0045a620,FUN_0045a620,190,0,"FUN_00421f30 FUN_00440370 FUN_0068a143"
0045a6ca,Catch_All@0045a6ca,90,0,"FUN_00421b90 FUN_00421d40 FUN_0043fc40 FUN_0045a2b0 __CxxThrowException@8"
0045a740,FUN_0045a740,83,0,"FUN_0045a620 _free"
0045a7a0,FUN_0045a7a0,516,0,"FUN_004020d0 FUN_0040f480 FUN_0040f580 FUN_0040f680 FUN_00420a80 FUN_00421f30 FUN_0042aa90 FUN_0043bfd0 FUN_00440370 FUN_0045a740 __security_check_cookie _free"
0045a9c0,FUN_0045a9c0,10,0,""
0045a9d0,FUN_0045a9d0,10,0,""
0045a9e0,FUN_0045a9e0,29,0,"FUN_00689dcb"
0045aa00,FUN_0045aa00,333,0,"FUN_004047e0 FUN_00407ad0 FUN_004271b0 FUN_00450810 FUN_0068a143"
0045ab50,FUN_0045ab50,49,0,"_free"
0045ab90,FUN_0045ab90,94,0,"FUN_0068a143 _free"
0045ac00,FUN_0045ac00,39,0,"FUN_0045a9e0 FUN_0045ab50"
0045ac30,FUN_0045ac30,30,0,"FUN_0045ab90"
0045ac50,FUN_0045ac50,80,0,"FUN_00450640 FUN_00689dcb"
0045aca0,FUN_0045aca0,160,0,"FUN_00401670 FUN_004021c0 __CxxThrowException@8"
0045ad40,FUN_0045ad40,240,0,"FUN_00450810 FUN_0045ab90 FUN_0045ac50 FUN_0045aca0 FUN_0068a143"
0045ae30,FUN_0045ae30,270,0,"FUN_00435910 FUN_00435950 FUN_00435d60 FUN_00435dc0"
0045af40,FUN_0045af40,27,0,""
0045af60,FUN_0045af60,399,0,"FUN_00435dc0 FUN_0045e070"
0045b0f0,FUN_0045b0f0,339,0,"FUN_004067d0 FUN_00435dc0 FUN_0045e070"
0045b250,FUN_0045b250,15,0,""
0045b260,FUN_0045b260,138,0,""
0045b300,FUN_0045b300,284,0,""
0045b420,FUN_0045b420,119,0,"FUN_0045b0f0 FUN_0045e0d0"
0045b4a0,FUN_0045b4a0,347,0,""
0045b600,FUN_0045b600,347,0,""
0045b760,FUN_0045b760,335,0,"FUN_0068a1a0 FUN_0068b510"
0045b8b0,FUN_0045b8b0,445,0,"FUN_0068a1a0 FUN_0068b510"
0045ba70,FUN_0045ba70,1386,0,"FUN_00406480 FUN_004064b0 FUN_0068a1a0"
0045bfe0,FUN_0045bfe0,26,0,"FUN_00435200"
0045c000,FUN_0045c000,33,0,"FUN_00435220"
0045c030,FUN_0045c030,35,0,"FUN_00401d50"
0045c060,FUN_0045c060,42,0,"FUN_0046c5b0"
0045c090,FUN_0045c090,31,0,""
0045c0b0,FUN_0045c0b0,37,0,"FUN_0045b600 FUN_0068a1a0"
0045c0e0,FUN_0045c0e0,37,0,"FUN_0045b600 FUN_0068a1a0"
0045c110,FUN_0045c110,111,0,"FUN_00436760 FUN_0068a143"
0045c180,FUN_0045c180,20,0,"FUN_0045c110"
0045c1a0,FUN_0045c1a0,67,0,"FUN_0045c110"
0045c1f0,FUN_0045c1f0,35,0,"FUN_0045c110"
0045c220,FUN_0045c220,138,0,""
0045c2b0,FUN_0045c2b0,112,0,""
0045c320,FUN_0045c320,105,0,""
0045c390,FUN_0045c390,202,0,"FUN_0045c320 FUN_0068a143"
0045c460,FUN_0045c460,154,0,"FUN_0045c320 FUN_0068a143"
0045c500,FUN_0045c500,2156,0,"FUN_0040c350 FUN_0045b760 FUN_0045b8b0 FUN_0045ba70 FUN_0068a143 FUN_0068a1a0"
0045cd70,FUN_0045cd70,341,0,"FUN_00407160 FUN_0040c100 FUN_0045c320 FUN_00689dcb FUN_0068a143 _free"
0045ced0,FUN_0045ced0,126,0,""
0045cf50,FUN_0045cf50,8,0,""
0045cf60,FUN_0045cf60,67,0,"FUN_0068a143"
0045cfb0,FUN_0045cfb0,143,0,""
0045d040,FUN_0045d040,198,0,"FUN_00432d20 FUN_004399c0 FUN_0068a143"
0045d110,FUN_0045d110,154,0,"FUN_0042cf70 FUN_00432de0 FUN_004399c0 FUN_0043af20 FUN_004652b0"
0045d1b0,FUN_0045d1b0,118,0,"FUN_004399c0"
0045d230,FUN_0045d230,346,0,"FUN_0042d010 FUN_00432d20 FUN_00432de0 FUN_004399c0 FUN_0043af20 FUN_0045d040"
0045d390,FUN_0045d390,186,0,"FUN_0045cfb0 FUN_0068a143"
0045d450,FUN_0045d450,186,0,"FUN_0045cfb0 FUN_0068a143"
0045d510,FUN_0045d510,150,0,"FUN_00435240 FUN_0045d040"
0045d5b0,FUN_0045d5b0,187,0,"FUN_0045d390 FUN_0068a143"
0045d670,FUN_0045d670,183,0,"FUN_0045d450 FUN_0068a143"
0045d730,FUN_0045d730,115,0,"FUN_0045d5b0"
0045d7b0,FUN_0045d7b0,115,0,"FUN_0045d670"
0045d830,FUN_0045d830,515,0,"FUN_0045d730 FUN_0045d7b0 FUN_0068a143"
0045da40,FUN_0045da40,338,0,"FUN_00439580 FUN_00449940 _free _memmove_s"
0045dba0,FUN_0045dba0,114,0,"FUN_00455160 FUN_0045da40 FUN_00689dcb"
0045dc20,FUN_0045dc20,108,0,"FUN_0045d830 FUN_0068a143"
0045dc90,FUN_0045dc90,259,0,"FUN_00406a60 FUN_00432310 FUN_00432d20 FUN_0045dba0"
0045dda0,FUN_0045dda0,265,0,"FUN_00455160 FUN_0045dba0 FUN_0068a143"
0045deb0,FUN_0045deb0,446,0,"FUN_00432de0 FUN_0045cf60 FUN_0045dc20 FUN_004652b0 FUN_0068a143"
0045e070,FUN_0045e070,93,0,""
0045e0d0,FUN_0045e0d0,14,0,""
0045e0e0,FUN_0045e0e0,28,0,""
0045e100,FUN_0045e100,28,0,""
0045e120,FUN_0045e120,620,0,"FUN_004067d0 FUN_00435dc0 FUN_0045e100"
0045e390,FUN_0045e390,53,0,""
0045e3d0,FUN_0045e3d0,301,0,"FUN_0045e0e0 FUN_004652f0"
0045e500,FUN_0045e500,470,0,"FUN_004359f0 FUN_0045b300 FUN_0045dc90 FUN_0045e0e0"
0045e6e0,FUN_0045e6e0,570,0,"FUN_004073a0 FUN_004073e0 FUN_004074a0 FUN_004074e0 FUN_00407580 FUN_00407680 FUN_004271b0 FUN_0045ac30 FUN_0045ad40 FUN_0045e0e0"
0045e920,FUN_0045e920,45,0,"FUN_0045a9c0 FUN_0045a9d0"
0045e950,FUN_0045e950,3080,0,"FUN_00401180 FUN_004012a0"
0045f560,FUN_0045f560,170,0,"FUN_0042d1b0"
0045f610,FUN_0045f610,43,0,""
0045f640,FUN_0045f640,58,0,""
0045f680,FUN_0045f680,132,0,"FUN_00401af0 FUN_0043bf80 __security_check_cookie wsprintfA"
0045f710,FUN_0045f710,137,0,"FUN_0068a143"
0045f7a0,FUN_0045f7a0,91,0,"FUN_00689dcb __CxxThrowException@8 exception"
0045f800,FUN_0045f800,68,0,""
0045f850,FUN_0045f850,55,0,""
0045f890,FUN_0045f890,73,0,""
0045f8e0,FUN_0045f8e0,62,0,"_free"
0045f930,FUN_0045f930,27,0,"FUN_0045f8e0 _free"
0045f950,FUN_0045f950,63,0,"FUN_00689dcb"
0045f990,FUN_0045f990,43,0,"FUN_0045f800"
0045f9c0,FUN_0045f9c0,50,0,"_memmove_s"
0045fa00,FUN_0045fa00,48,0,""
0045fa30,FUN_0045fa30,193,0,"FUN_00421ff0"
0045fb00,FUN_0045fb00,43,0,"FUN_0045f890"
0045fb30,FUN_0045fb30,57,0,"FUN_00464b40 FUN_0068a143"
0045fb70,FUN_0045fb70,41,0,""
0045fba0,FUN_0045fba0,41,0,"FUN_0045f850"
0045fbd0,FUN_0045fbd0,88,0,"FUN_0045f800 FUN_0068a143"
0045fc30,FUN_0045fc30,72,0,"_free"
0045fc80,FUN_0045fc80,126,0,"_free"
0045fd10,FUN_0045fd10,57,0,"FUN_0045fbd0 FUN_0068a143"
0045fd50,FUN_0045fd50,5,0,""
0045fd60,FUN_0045fd60,5,0,""
0045fd70,FUN_0045fd70,576,0,"FUN_0040aaf0 FUN_0040c8b0 FUN_0040cd40 FUN_0045f850 FUN_0045fa00 FUN_0045fb00 FUN_0045fba0 _free"
0045fef3,Catch_All@0045fef3,9,0,"_free"
0045ffd0,FUN_0045ffd0,497,0,"FUN_0068a143 _free _memmove_s"
004601e0,FUN_004601e0,27,0,"FUN_0045ffd0 _free"
00460200,FUN_00460200,1247,0,"FUN_00409f40 FUN_00432520 FUN_00432d20 FUN_00435110 FUN_004399c0 FUN_0045dc90 FUN_0045fc80 FUN_004633a0 FUN_00464200 FUN_0068a143"
004606e0,FUN_004606e0,185,0,"FUN_004364a0 FUN_0045f710"
004607a0,FUN_004607a0,72,0,"FUN_004298f0 FUN_00439580"
004607f0,FUN_004607f0,213,0,"FUN_0040aaf0 FUN_0040cd40 FUN_0045f850 FUN_0068a143"
004608c5,Catch_All@004608c5,17,0,"FUN_0040c240 __CxxThrowException@8"
004608e0,FUN_004608e0,149,0,"FUN_004298f0 FUN_00439580 FUN_0068a143 _memmove_s"
00460980,FUN_00460980,290,0,"FUN_004374f0 FUN_0045f9c0 FUN_0045fb30 FUN_004607a0 _free"
00460ab0,FUN_00460ab0,17,0,"FUN_0045ab50 _free"
00460ad0,FUN_00460ad0,314,0,"FUN_0040c860 FUN_0045f800 FUN_0045f990 FUN_0045fba0 FUN_0045fd10 _free"
00460c10,FUN_00460c10,122,0,"FUN_0045fbd0 FUN_0045fd70 FUN_0068a143"
00460c90,FUN_00460c90,311,0,"FUN_00421b30 FUN_004607f0 FUN_004608e0"
00460dd0,FUN_00460dd0,305,0,"FUN_00460980 FUN_00460ad0"
00460f10,FUN_00460f10,56,0,"FUN_00460dd0"
00460f50,FUN_00460f50,56,0,"FUN_00460dd0"
00460f90,FUN_00460f90,300,0,"FUN_0045fbd0 FUN_00464b40 FUN_0068a143 _memset"
004610c0,FUN_004610c0,88,0,"FUN_00460f10"
00461120,FUN_00461120,92,0,"FUN_00460f50"
00461180,FUN_00461180,131,0,"FUN_00460c90"
004611ef,Catch_All@004611ef,46,0,"__CxxThrowException@8"
00461240,FUN_00461240,41,0,"FUN_00460dd0"
00461270,FUN_00461270,127,0,"FUN_00460c90"
004612dd,Catch_All@004612dd,39,0,"__CxxThrowException@8"
00461320,FUN_00461320,129,0,"FUN_004610c0 FUN_0068a143"
004613b0,FUN_004613b0,43,0,"FUN_00461120"
004613e0,FUN_004613e0,58,0,"FUN_00461270"
00461420,FUN_00461420,232,0,"FUN_004298f0 FUN_0045f7a0 FUN_00461180 FUN_0068a143"
00461508,Catch_All@00461508,17,0,"FUN_0045fc30 __CxxThrowException@8"
00461520,FUN_00461520,106,0,"FUN_00461320"
00461590,FUN_00461590,128,0,"FUN_0045fc30 FUN_00461320 FUN_0068a143"
00461610,FUN_00461610,41,0,"FUN_00461180"
00461640,FUN_00461640,693,0,"FUN_004298f0 FUN_0045c090 FUN_0045f7a0 FUN_0045fb70 FUN_0045ffd0 FUN_00460c90 FUN_00461180 FUN_00461240 FUN_004613b0 FUN_004613e0 FUN_00461610 _free"
0046180e,Catch_All@0046180e,22,0,"FUN_0045fb70 _free"
004618c0,Catch_All@004618c0,38,0,"FUN_0045fb70 __CxxThrowException@8"
00461940,FUN_00461940,123,0,"FUN_00461420"
004619c0,FUN_004619c0,101,0,"FUN_00420a80 FUN_0042e900 thunk_FUN_00433a80"
00461a30,FUN_00461a30,187,0,"FUN_0045ffd0 FUN_00460c90 FUN_00461320 FUN_00461640 FUN_0068a143"
00461af0,FUN_00461af0,119,0,"FUN_00461590 _free"
00461b70,FUN_00461b70,3781,0,"FUN_00404c90 FUN_00408f70 FUN_0040c2e0 FUN_0040c350 FUN_0040cf10 FUN_0040cf20 FUN_0040cf40 FUN_00421f30 FUN_00422770 FUN_00435e50 FUN_0043bf80 FUN_0043c660 FUN_00440370 FUN_00445f10 FUN_0045c320 FUN_0045ffd0 FUN_004606e0 FUN_00460ad0 FUN_00460c10 FUN_00460f90 FUN_00461320 FUN_00461520 FUN_00461590 FUN_00461940 FUN_00461a30 FUN_00689dcb FUN_0068a143 __security_check_cookie _free _memmove_s wsprintfA"
00462aa0,FUN_00462aa0,5,0,""
00462ab0,FUN_00462ab0,557,0,"FUN_00420a40 FUN_0042e880 FUN_004324f0 FUN_0045ac00 FUN_0045fa30 FUN_00689dcb `vector_constructor_iterator' thunk_FUN_00689dcb"
00462ce0,FUN_00462ce0,481,0,"FUN_00401bd0 FUN_00404d70 FUN_0040c270 FUN_0040c350 FUN_00413a90 FUN_00431610 FUN_0068a143 _free"
00463070,FUN_00463070,333,0,"FUN_00404c90 FUN_00417240 FUN_00432360 FUN_0043bf80 FUN_0045f680 FUN_00461b70 FUN_004651e0 __security_check_cookie wsprintfA"
004631c0,FUN_004631c0,480,0,""
004633a0,FUN_004633a0,57,0,""
004633e0,FUN_004633e0,171,0,"FUN_00435910"
004634a0,FUN_004634a0,92,0,"FUN_0068a143"
00463500,FUN_00463500,955,0,"FUN_00428570 FUN_0068a143 __security_check_cookie"
004638c0,FUN_004638c0,1339,0,"FUN_00428740 FUN_00429340 FUN_00429870 FUN_0042a4b0 FUN_0042aa90 FUN_004634a0 FUN_0068a143"
00463a74,Catch_All@00463a74,33,0,"FUN_00428700 __CxxThrowException@8"
00463cf8,Catch_All@00463cf8,32,0,"FUN_00428680 __CxxThrowException@8"
00463e40,FUN_00463e40,753,0,"FUN_004067d0 FUN_0042aa90 FUN_004631c0 FUN_004633e0"
00464140,FUN_00464140,183,0,"FUN_00429690 FUN_004638c0 FUN_0068a143"
00464200,FUN_00464200,136,0,"FUN_00464140"
00464290,FUN_00464290,11,0,""
004642a0,FUN_004642a0,11,0,""
004642b0,FUN_004642b0,49,0,""
004642f0,FUN_004642f0,767,0,"FUN_00463070 FUN_00493a40 FUN_004b9f20 FUN_004df430 FUN_004fac40 FUN_0051eee0 FUN_0053b330 FUN_00555ff0 FUN_0056de30 FUN_0058c0f0 FUN_005aec80 FUN_005d2bf0 FUN_005f7a30 FUN_006185e0 FUN_006312b0 FUN_0064b6f0 FUN_00689dcb"
00464630,FUN_00464630,323,0,"FUN_0045b420 FUN_0068a143"
00464780,FUN_00464780,187,0,"FUN_0045ae30 FUN_0045e3d0 FUN_0045e500 FUN_0068a143"
00464840,FUN_00464840,334,0,"FUN_004049c0 FUN_00404a10 FUN_0068a143"
00464990,FUN_00464990,133,0,"FUN_0068a143"
00464a20,FUN_00464a20,84,0,"FUN_0068a143"
00464a80,FUN_00464a80,71,0,"FUN_0045aa00 FUN_0068a143"
00464ad0,FUN_00464ad0,71,0,"FUN_004653f0 FUN_0068a143"
00464b20,FUN_00464b20,26,0,"FUN_00689dcb"
00464b40,FUN_00464b40,90,0,"FUN_0068a143 _memmove_s"
00464ba0,FUN_00464ba0,267,0,"CloseHandle FUN_00414640 FUN_0068a143 SetEvent _free"
00464d40,FUN_00464d40,136,0,"FUN_004642f0 FUN_0068a143 WaitForSingleObject _free"
00464dd0,FUN_00464dd0,120,0,"FUN_0068a143 WaitForSingleObject _free"
00464e90,FUN_00464e90,241,0,"CreateEventA FUN_0040cf10 FUN_00414600 FUN_00414690 FUN_00435e50 FUN_00464b20"
00464f90,FUN_00464f90,170,0,"FUN_00421f30 FUN_00440370 FUN_0068a143 SetEvent _memmove_s"
00465040,FUN_00465040,100,0,"FUN_00464b40 FUN_0064af70 FUN_0068a143"
004650b0,FUN_004650b0,69,0,"FUN_004229a0 FUN_00465040"
00465100,FUN_00465100,38,0,"FUN_00465040"
00465130,FUN_00465130,88,0,"FUN_004642f0 FUN_004650b0 FUN_00466db0 SetEvent"
00465190,FUN_00465190,66,0,""
004651e0,FUN_004651e0,199,0,"FUN_00404c90 FUN_0043bf80 __security_check_cookie wsprintfA"
004652b0,FUN_004652b0,50,0,""
004652f0,FUN_004652f0,248,0,"FUN_00406480"
004653f0,FUN_004653f0,45,0,""
00465420,FUN_00465420,96,0,"FUN_00404d70"
00465480,FUN_00465480,33,0,""
004654b0,FUN_004654b0,64,0,"FUN_0068a143"
004654f0,FUN_004654f0,407,0,"FUN_0068a143"
004656a0,FUN_004656a0,825,0,"FUN_0068a143"
004659e0,FUN_004659e0,362,0,"FUN_00404730 FUN_00404750 FUN_004047e0 FUN_004073a0 FUN_004073e0 FUN_00427200 FUN_006654d0 FUN_0068a143"
00465b50,FUN_00465b50,56,0,"FUN_00450810"
00465b90,FUN_00465b90,56,0,"FUN_00450810"
00465bd0,FUN_00465bd0,90,0,"FUN_00465b50"
00465c30,FUN_00465c30,94,0,"FUN_00465b90"
00465c90,FUN_00465c90,66,0,"FUN_00450640"
00465ce0,FUN_00465ce0,41,0,"FUN_00450810"
00465d10,FUN_00465d10,54,0,"FUN_00450640"
00465d50,FUN_00465d50,129,0,"FUN_00465bd0 FUN_0068a143"
00465de0,FUN_00465de0,43,0,"FUN_00465c30"
00465e10,FUN_00465e10,365,0,"FUN_00404d70 FUN_0068a143 _free"
00465f90,FUN_00465f90,58,0,"FUN_00465d10"
00465fd0,FUN_00465fd0,27,0,"FUN_00465e10 _free"
00465ff0,FUN_00465ff0,41,0,"FUN_00465c90"
00466020,FUN_00466020,115,0,""
004660a0,FUN_004660a0,749,0,"FUN_004298f0 FUN_00435c80 FUN_00435fc0 FUN_00450640 FUN_00465480 FUN_00465c90 FUN_00465ce0 FUN_00465de0 FUN_00465f90 FUN_00465ff0 _free"
0046629d,Catch_All@0046629d,22,0,"FUN_00435fc0 _free"
00466363,Catch_All@00466363,38,0,"FUN_00435fc0 __CxxThrowException@8"
004663e0,FUN_004663e0,186,0,"FUN_00450640 FUN_00465d50 FUN_004660a0 FUN_0068a143"
004664a0,FUN_004664a0,509,0,"FUN_00404c90 FUN_00407160 FUN_0040c2e0 FUN_004663e0 FUN_0068a143 __security_check_cookie wsprintfA"
004666a0,FUN_004666a0,670,0,"FUN_004010f0 FUN_00404df0 FUN_00404e60"
00466940,FUN_00466940,59,0,"FUN_00689dcb"
00466980,FUN_00466980,99,0,"FUN_004666a0 FUN_004695f0 FUN_004696e0 FUN_0068a143"
004669f0,FUN_004669f0,80,0,"FUN_004695f0 FUN_0068a143"
00466a50,FUN_00466a50,80,0,"FUN_004695f0 FUN_0068a143"
00466ab0,FUN_00466ab0,51,0,"FUN_0068a143"
00466af0,FUN_00466af0,365,0,"CloseHandle FUN_00414640 FUN_00417fc0 FUN_00418040 FUN_00435eb0 FUN_0068a143 SetEvent _free thunk_FUN_00414640"
00466c70,FUN_00466c70,120,0,"FUN_0068a143 WaitForSingleObject _free"
00466d10,FUN_00466d10,160,0,"FUN_00401670 FUN_004021c0 __CxxThrowException@8"
00466db0,FUN_00466db0,50,0,"FUN_00466940 FUN_00466d10"
00466df0,FUN_00466df0,325,0,"FUN_00421f30 FUN_00440370 FUN_0068a143 SetEvent _free"
00466f40,FUN_00466f40,1074,0,"FUN_00421f30 FUN_0043fc40 FUN_00440370 FUN_004656a0 FUN_00469b70 FUN_00660b30 FUN_0068a143 SetEvent"
00467380,FUN_00467380,986,0,"FUN_00421f30 FUN_00440370 FUN_004654f0 FUN_00467f90 FUN_00468570 FUN_00469100 FUN_004694a0 FUN_00689dcb FUN_0068a143"
004677b0,FUN_004677b0,139,0,"FUN_00467380 FUN_0068a143 WaitForSingleObject _free"
00467850,FUN_00467850,120,0,"FUN_00466db0 FUN_00467380 SetEvent"
004678f0,FUN_004678f0,279,0,"CreateEventA FUN_0040cf10 FUN_00414600 FUN_00414690 FUN_00417fb0 FUN_00417ff0 FUN_00435e50 FUN_00464b20"
00467a10,FUN_00467a10,1403,0,"FUN_00404750 FUN_004047e0 FUN_004073a0 FUN_004073e0 FUN_004074a0 FUN_00407540 FUN_004075e0 FUN_00427200 FUN_004659e0 FUN_006654d0 FUN_0068a143"
00467f90,FUN_00467f90,918,0,"FUN_00404c90 FUN_00407160 FUN_0040c2e0 FUN_00466020 FUN_004663e0 FUN_004664a0 FUN_0068a143 __security_check_cookie wsprintfA"
00468330,FUN_00468330,33,0,"FUN_00465e10 _free"
00468360,FUN_00468360,515,0,"FUN_00404730 FUN_00404750 FUN_004047e0 FUN_00407340 FUN_004073a0 FUN_004073e0 FUN_004074a0 FUN_00407540 FUN_004075e0 FUN_00427200 FUN_006654d0 FUN_0068a143"
00468570,FUN_00468570,335,0,"FUN_00404c90 FUN_00407160 FUN_0040c2e0 FUN_00466020 FUN_004663e0 FUN_004664a0 FUN_0068a143"
004686c0,FUN_004686c0,33,0,"FUN_00465e10 _free"
004686f0,FUN_004686f0,5,0,""
00468700,thunk_FUN_004659e0,5,0,""
00468710,FUN_00468710,107,0,"FUN_004074a0 FUN_00407540 FUN_004075e0 FUN_00407680"
00468780,FUN_00468780,1536,0,"FUN_00404750 FUN_004047e0 FUN_00406480 FUN_004073a0 FUN_004073e0 FUN_004074a0 FUN_00407540 FUN_004075e0 FUN_00407680 FUN_00407ad0 FUN_00427200 FUN_0068a143"
00468d80,FUN_00468d80,889,0,"FUN_00404730 FUN_00404750 FUN_004047e0 FUN_004049c0 FUN_00404a10 FUN_00406480 FUN_004073a0 FUN_004073e0 FUN_004074a0 FUN_00407540 FUN_004075e0 FUN_00407ad0 FUN_00427200 FUN_0068a143"
00469100,FUN_00469100,868,0,"FUN_00404c90 FUN_00407160 FUN_0040c2e0 FUN_00466020 FUN_004663e0 FUN_004664a0 FUN_0068a143"
00469470,FUN_00469470,33,0,"FUN_00465e10 _free"
004694a0,FUN_004694a0,97,0,"FUN_00466020 FUN_004664a0"
00469510,FUN_00469510,33,0,"FUN_00465e10 _free"
00469540,FUN_00469540,107,0,"FUN_004074a0 FUN_00407540 FUN_004075e0 FUN_00407680"
004695b0,FUN_004695b0,49,0,""
004695f0,FUN_004695f0,11,0,""
00469600,FUN_00469600,137,0,"FUN_0068a143"
00469690,FUN_00469690,30,0,""
004696b0,FUN_004696b0,37,0,"_memmove_s"
004696e0,FUN_004696e0,511,0,"FUN_004012a0 FUN_00404730 FUN_00404750 FUN_004047e0 FUN_004073a0 FUN_004073e0 FUN_004074a0 FUN_00407540 FUN_004075e0 FUN_00407ad0 FUN_00427200 FUN_0068a143"
004698e0,FUN_004698e0,114,0,""
00469960,FUN_00469960,38,0,"_memmove_s"
00469990,FUN_00469990,46,0,""
004699c0,FUN_004699c0,418,0,"FUN_00402620 FUN_004298f0 FUN_00469690 FUN_004696b0 FUN_00469960 FUN_00469990 _free _memmove_s"
00469b70,FUN_00469b70,325,0,"FUN_004304f0 FUN_0068a143"
00469cc0,FUN_00469cc0,132,0,"FUN_00402620 FUN_004298f0 FUN_0068a143 _memmove_s"
00469d50,FUN_00469d50,153,0,"FUN_004306d0 FUN_004654b0 FUN_004698e0 FUN_0068a143"
00469df0,FUN_00469df0,29,0,"FUN_00469d50"
00469e10,FUN_00469e10,145,0,"FUN_00469cc0 FUN_00689dcb"
00469ea1,Catch_All@00469ea1,9,0,"_free"
00469ec0,FUN_00469ec0,123,0,"FUN_00404d70 FUN_004371c0 FUN_0068a143"
00469f40,FUN_00469f40,86,0,"FUN_00420a80 FUN_00469d50 FUN_0046eeb0"
00469fa0,FUN_00469fa0,509,0,"FUN_00401670 FUN_004021c0 FUN_00435a00 FUN_00435a90 FUN_00469e10 __CxxThrowException@8"
0046a1a0,FUN_0046a1a0,185,0,"FUN_00469600 FUN_00469fa0"
0046a260,FUN_0046a260,920,0,"FUN_00404c90 FUN_00407160 FUN_0040c2e0 FUN_0040f150 FUN_0040f480 FUN_0040f680 FUN_0040fdb0 FUN_00420a80 FUN_004663e0 FUN_004699c0 FUN_00469cc0 FUN_00469d50 FUN_0046a1a0 FUN_0046eeb0 FUN_0068a143 __security_check_cookie _free wsprintfA"
0046a610,FUN_0046a610,7,0,""
0046a620,FUN_0046a620,31,0,""
0046a640,FUN_0046a640,10,0,"FUN_0068a1a0"
0046a650,FUN_0046a650,6,0,""
0046a660,FUN_0046a660,413,0,"FUN_0068a143"
0046a800,FUN_0046a800,156,0,"FUN_004047e0 FUN_0046a660"
0046a8a0,FUN_0046a8a0,26,0,"FUN_00420a80"
0046a8c0,FUN_0046a8c0,401,0,"FUN_00420b90 FUN_00689dcb _free"
0046aa60,FUN_0046aa60,338,0,"FUN_00439580 FUN_00449940 _free _memmove_s"
0046abc0,FUN_0046abc0,101,0,"FUN_0046aa60 FUN_00689dcb"
0046ac30,FUN_0046ac30,572,0,"FUN_004064b0 FUN_0046abc0 FUN_0068a143"
0046ae70,FUN_0046ae70,279,0,"FUN_00427320 FUN_00428030 FUN_00435ce0 FUN_0045f640 FUN_00464290 FUN_00465100 FUN_00469f40 FUN_0046b6c0 _memset"
0046af90,FUN_0046af90,11,0,"FUN_00464630"
0046afa0,FUN_0046afa0,11,0,"FUN_00464780"
0046afb0,FUN_0046afb0,51,0,"FUN_00426bb0 FUN_00426df0"
0046aff0,FUN_0046aff0,127,0,""
0046b080,FUN_0046b080,219,0,""
0046b160,FUN_0046b160,105,0,"FUN_00428260 FUN_0043ac40 FUN_00466f40"
0046b1d0,FUN_0046b1d0,22,0,"FUN_00435e50"
0046b1f0,thunk_FUN_00435eb0,5,0,""
0046b200,FUN_0046b200,147,0,"`eh_vector_constructor_iterator'"
0046b2a0,FUN_0046b2a0,138,0,"`eh_vector_destructor_iterator'"
0046b330,FUN_0046b330,27,0,"FUN_0046b2a0 _free"
0046b350,FUN_0046b350,93,0,"FUN_0046a8a0"
0046b3b0,FUN_0046b3b0,139,0,""
0046b440,FUN_0046b440,333,0,"FUN_0068a1a0"
0046b590,FUN_0046b590,67,0,"FUN_0046b3b0"
0046b5e0,FUN_0046b5e0,110,0,"FUN_0046b3b0"
0046b650,FUN_0046b650,100,0,""
0046b6c0,FUN_0046b6c0,23,0,""
0046b6e0,FUN_0046b6e0,91,0,""
0046b740,FUN_0046b740,97,0,"FUN_0046b440"
0046b7b0,FUN_0046b7b0,248,0,"FUN_0046b590"
0046b8b0,FUN_0046b8b0,142,0,""
0046b940,FUN_0046b940,194,0,"FUN_0046b3b0 FUN_0046b7b0"
0046ba10,FUN_0046ba10,252,0,"FUN_0046b5e0 FUN_0046b8b0"
0046bb10,FUN_0046bb10,398,0,"FUN_0046b3b0 FUN_0046b7b0 FUN_0046ba10"
0046bca0,FUN_0046bca0,398,0,"FUN_0046b3b0 FUN_0046b7b0 FUN_0046ba10"
0046be30,FUN_0046be30,195,0,"FUN_00404750 FUN_004047e0 FUN_00464840 FUN_00464990 FUN_00464a20 FUN_00464a80 FUN_00464ad0 FUN_00466980 FUN_004669f0 FUN_00466a50"
0046bf00,FUN_0046bf00,34,0,"FUN_004010c0 FUN_0046be30"
0046bf30,FUN_0046bf30,74,0,""
0046bf80,FUN_0046bf80,1579,0,"FUN_00435110 FUN_00435dc0 FUN_0043ac40 FUN_0043b1a0 FUN_0045c0b0 FUN_0045ced0 FUN_0045e070 FUN_0045e0e0 FUN_0046b350 FUN_0046b650 FUN_0046b6c0 FUN_0068a1a0"
0046c5b0,FUN_0046c5b0,301,0,"FUN_0045b4a0 FUN_0045ced0 FUN_0045e0e0 FUN_0046b350 FUN_0068a1a0"
0046c6e0,FUN_0046c6e0,260,0,"FUN_0043b1a0 FUN_0045b260 FUN_0045ced0 FUN_0045e070 FUN_0046b350 FUN_0046b650 FUN_0046b6c0 FUN_0068a1a0"
0046c7f0,FUN_0046c7f0,169,0,"FUN_0046b650 FUN_0046b6c0 FUN_0046bf30"
0046c8a0,FUN_0046c8a0,143,0,"FUN_0046b6c0"
0046c930,FUN_0046c930,164,0,"FUN_0043b1a0 FUN_0046b650 FUN_0046b6c0 FUN_0046bb10"
0046c9e0,FUN_0046c9e0,147,0,"FUN_0046b6c0 FUN_0046bca0"
0046ca80,FUN_0046ca80,542,0,"FUN_0046b6c0 FUN_0046bca0"
0046cca0,FUN_0046cca0,1862,0,"FUN_00435910 FUN_00435950 FUN_0046b6c0 FUN_0046b6e0 FUN_0046b740"
0046d3f0,FUN_0046d3f0,530,0,"FUN_0043b1a0 FUN_0045c0e0 FUN_0045ced0 FUN_0045e070 FUN_0045e0e0 FUN_0045e120 FUN_0046b350 FUN_0046b650 FUN_0046b6c0 FUN_0046c6e0 FUN_0068a1a0"
0046d610,FUN_0046d610,542,0,"FUN_0043b1a0 FUN_0045c0e0 FUN_0045ced0 FUN_0045e070 FUN_0045e0e0 FUN_0046b350 FUN_0046b650 FUN_0046b6c0 FUN_0046c6e0 FUN_0068a1a0"
0046d830,FUN_0046d830,446,0,"FUN_00435110 FUN_00435dc0 FUN_0045e120 FUN_0046d3f0 FUN_0046d610"
0046da10,FUN_0046da10,285,0,"FUN_0045e390 FUN_0046b940 FUN_0046bb10 FUN_0046bf80 FUN_0046c7f0 FUN_0046c8a0 FUN_0046d830"
0046db30,FUN_0046db30,525,0,"FUN_0046c930 FUN_0046c9e0 FUN_0068a143"
0046dd40,FUN_0046dd40,686,0,"FUN_0046ca80 FUN_0068a143"
0046dff0,FUN_0046dff0,1405,0,"FUN_00421f30 FUN_00440370 FUN_0045c500 FUN_0045d510 FUN_0046da10 FUN_0046db30 FUN_0046dd40 FUN_0068a143 _free"
0046e5a0,FUN_0046e5a0,168,0,"FUN_004327c0 FUN_0046ac30 FUN_0046ff30"
0046e650,FUN_0046e650,753,0,"FUN_004047e0 FUN_00404a40 FUN_004064b0 FUN_004325c0 FUN_0043afe0 FUN_0043b070 FUN_0043b090 FUN_0046a800 FUN_00470710"
0046e960,FUN_0046e960,33,0,"FUN_0046a8c0"
0046e990,FUN_0046e990,60,0,"FUN_0046a610"
0046e9d0,FUN_0046e9d0,49,0,""
0046ea10,FUN_0046ea10,47,0,""
0046ea60,FUN_0046ea60,105,0,""
0046eb00,FUN_0046eb00,144,0,"FUN_0043bb90 FUN_0046ea60 FUN_0068a143"
0046eb90,FUN_0046eb90,225,0,"FUN_00420b90 FUN_0046a8c0 FUN_0046fd20 FUN_00689dcb _free"
0046ec80,FUN_0046ec80,178,0,"FUN_0040ac10 FUN_0068a143 _free"
0046ed90,FUN_0046ed90,27,0,"FUN_0046ec80 _free"
0046edb0,FUN_0046edb0,130,0,"FUN_004040b0 FUN_0040abc0"
0046ee40,FUN_0046ee40,103,0,"FUN_00435e50 FUN_0046edb0"
0046eeb0,FUN_0046eeb0,112,0,"FUN_0056d8f0 FUN_0068a143 _free"
0046ef30,thunk_FUN_00421890,5,0,""
0046ef40,FUN_0046ef40,204,0,"FUN_00432550 FUN_0046a620 FUN_0046eeb0 FUN_0046fa90"
0046f020,FUN_0046f020,100,0,"FUN_00435eb0 FUN_0046ec80 FUN_0046eeb0"
0046f090,FUN_0046f090,169,0,"FUN_00420a40 FUN_0046ee40"
0046f140,FUN_0046f140,8,0,"FUN_0046f780"
0046f150,FUN_0046f150,59,0,"FUN_00421ff0"
0046f190,FUN_0046f190,434,0,"FUN_004026a0 FUN_0040ac30 FUN_0040ac40 FUN_0040dcf0 FUN_0046f150 FUN_0056d450 FUN_0064af70 FUN_00689dcb FUN_0068a143"
0046f350,FUN_0046f350,27,0,"FUN_0064b510"
0046f370,FUN_0046f370,94,0,"FUN_00421f30 FUN_00440370 FUN_0046f190"
0046f3d0,FUN_0046f3d0,117,0,"FUN_00421f30 FUN_00440370 FUN_0046eeb0 FUN_0046f190"
0046f450,FUN_0046f450,8,0,"FUN_0046eeb0"
0046f460,FUN_0046f460,115,0,"FUN_0046f370"
0046f4e0,FUN_0046f4e0,27,0,"FUN_0046f020 _free"
0046f500,FUN_0046f500,108,0,"FUN_0043d270 _free"
0046f5d0,FUN_0046f5d0,195,0,"FUN_004217f0 FUN_0046f090 `eh_vector_constructor_iterator'"
0046f6a0,FUN_0046f6a0,185,0,"FUN_00421890 FUN_0046f500 `eh_vector_destructor_iterator'"
0046f760,FUN_0046f760,27,0,"FUN_0046f6a0 _free"
0046f780,FUN_0046f780,27,0,"FUN_0046f500 _free"
0046f7a0,FUN_0046f7a0,119,0,"FUN_0046eb90 FUN_0046f5d0 `eh_vector_constructor_iterator'"
0046f820,FUN_0046f820,35,0,"FUN_0046f9f0"
0046f850,FUN_0046f850,171,0,"FUN_0046a610 FUN_0046f6a0 `eh_vector_destructor_iterator'"
0046f900,FUN_0046f900,30,0,"FUN_00437ec0 FUN_0046f3d0"
0046f920,FUN_0046f920,27,0,"FUN_0046f850 _free"
0046f940,FUN_0046f940,35,0,""
0046f970,FUN_0046f970,118,0,""
0046f9f0,FUN_0046f9f0,85,0,""
0046fa50,FUN_0046fa50,20,0,""
0046fa70,FUN_0046fa70,27,0,""
0046fa90,FUN_0046fa90,633,0,"FUN_00689dcb _free"
0046fd20,FUN_0046fd20,518,0,"FUN_00420b90 FUN_0068a1a0"
0046ff30,FUN_0046ff30,2005,0,"FUN_0068a143"
00470710,FUN_00470710,353,0,"FUN_004047e0 FUN_004399c0 FUN_0068a143"
00470880,FUN_00470880,479,0,"FUN_00406670 FUN_00426df0 FUN_0042b9b0 FUN_0042baf0 FUN_0042c4d0 FUN_00434de0 FUN_0043ac40 FUN_0043b010 FUN_0043b060 FUN_0043b070 FUN_0043b080 FUN_0043c0b0 FUN_0043c100 FUN_0043cf80 FUN_0045a2e0 FUN_0045a4e0 FUN_0045a7a0 FUN_00465130 FUN_00466df0 FUN_0046ae70 __security_check_cookie wsprintfA"
00470a60,FUN_00470a60,337,0,"FUN_00426b90 FUN_0042b9b0 FUN_0042baf0 FUN_0043ac50 FUN_0043b060 FUN_0043b070 FUN_0045a2e0 FUN_0045f640 FUN_00464290 FUN_004642a0 FUN_004642b0 FUN_004650b0 FUN_00465100 FUN_00471ec0"
00470bc0,FUN_00470bc0,299,0,"FUN_00428070 FUN_004289a0 FUN_0042b460 FUN_0043b060 FUN_0043b070 FUN_0043b090 FUN_0043b1a0 FUN_00440b50 FUN_00463e40 FUN_0046aff0 FUN_0046b080 FUN_00689dcb thunk_FUN_004406f0"
00470d00,FUN_00470d00,90,0,"FUN_0046b650"
00470d60,FUN_00470d60,358,0,"FUN_004547e0 FUN_0045d110 FUN_0045d230 FUN_00471d00"
00470ed0,FUN_00470ed0,42,0,"FUN_0045a2a0 FUN_0046bf00"
00470f00,FUN_00470f00,602,0,"FUN_00401dc0 FUN_0043b840 FUN_00444e80 FUN_00445100 FUN_0045a360 FUN_0045a450 FUN_0045f610 FUN_0046ea10 FUN_0046eb00 FUN_00689dcb thunk_FUN_004406f0"
00471180,FUN_00471180,290,0,"FUN_004021c0 FUN_00426df0 FUN_004272f0 FUN_0043b080 FUN_00457e40 FUN_0045a290 FUN_0045a450 FUN_0045a740 FUN_0046b6c0 _memset"
004712b0,FUN_004712b0,129,0,"FUN_0040ac30 FUN_0040ac40 FUN_00428560"
00471340,FUN_00471340,529,0,"FUN_0043abd0 FUN_0043b060 FUN_0043b070 FUN_0043b1a0 FUN_0043b6e0 FUN_00440b50 FUN_004712b0 FUN_00689dcb thunk_FUN_004406f0"
00471580,FUN_00471580,14,0,"FUN_0046b160"
00471590,FUN_00471590,59,0,"FUN_0045a290 FUN_0046af90 FUN_0046afa0 FUN_0046afb0 FUN_0046b080"
004715d0,FUN_004715d0,88,0,"FUN_0046af90 FUN_0046afa0 FUN_0046afb0 FUN_0046aff0 FUN_0046cca0"
00471630,FUN_00471630,58,0,"FUN_0046af90 FUN_0046afa0 FUN_0046afb0 FUN_0046cca0 FUN_0046dff0"
00471670,FUN_00471670,203,0,"FUN_0046af90 FUN_0046afa0 FUN_0046afb0 FUN_0046b080 FUN_0046cca0 FUN_0046dff0"
00471740,FUN_00471740,157,0,"FUN_0043ac40 FUN_0043b070 FUN_0046af90 FUN_0046afa0 FUN_0046afb0 FUN_0046b080 FUN_0046cca0 FUN_0046dff0"
004717e0,FUN_004717e0,309,0,"CloseHandle CreateEventA FUN_0043ab90 FUN_0045a290 FUN_0046af90 FUN_0046afa0 FUN_0046afb0 FUN_0046b080 FUN_0046cca0 FUN_00470a60 WaitForSingleObject"
00471920,FUN_00471920,6,0,""
00471930,FUN_00471930,323,0,""
00471a80,FUN_00471a80,339,0,"FUN_00689dcb _free"
00471be0,FUN_00471be0,41,0,"FUN_00471a80"
00471c10,FUN_00471c10,115,0,"FUN_00420b90"
00471c90,FUN_00471c90,99,0,"FUN_004327c0 FUN_0046ac30 FUN_0046ff30 FUN_00471930"
00471d00,FUN_00471d00,11,0,"FUN_00471a80"
00471d10,FUN_00471d10,320,0,"FUN_004047e0 FUN_00404a40 FUN_004064b0 FUN_004325c0 FUN_0044e8e0 FUN_0046a800 FUN_00470710"
00471e50,FUN_00471e50,97,0,"FUN_0046e960 FUN_0046fd20 FUN_00471c10"
00471ec0,FUN_00471ec0,78,0,"FUN_00432550 FUN_0046a620 FUN_00471be0"
00471f10,FUN_00471f10,205,0,"FUN_00432550 FUN_0046a620 FUN_0046eeb0 FUN_0046fa90 FUN_00471be0"
00471ff0,FUN_00471ff0,101,0,"FUN_0046f5d0 FUN_0046f940 FUN_00471e50"
00472060,FUN_00472060,31,0,"FUN_0046f9f0"
00472080,FUN_00472080,107,0,"FUN_0046e990 FUN_0046f6a0 FUN_0046f970"
004720f0,FUN_004720f0,27,0,"FUN_00472080 _free"
00472110,FUN_00472110,276,0,"FUN_00406670 FUN_004067d0 FUN_0042b9b0 FUN_0042baf0 FUN_0042c4d0 FUN_00434de0 FUN_0043ac40 FUN_0043b060 FUN_0043b070 FUN_0043cf00 FUN_00465130 FUN_00466df0 FUN_0046ae70 __security_check_cookie wsprintfA"
00472230,FUN_00472230,314,0,"FUN_00428070 FUN_004289a0 FUN_0042b460 FUN_0043ac40 FUN_0043b060 FUN_0043b070 FUN_0043b090 FUN_0043b1a0 FUN_00440b50 FUN_00446170 FUN_00463e40 FUN_00689dcb thunk_FUN_004406f0"
00472370,FUN_00472370,277,0,""
00472490,FUN_00472490,23,0,""
004724b0,FUN_004724b0,44,0,"FUN_0046bf00"
004724e0,FUN_004724e0,985,0,"FUN_004021c0 FUN_004067d0 FUN_0043b020 FUN_0043bf80 FUN_00455490 FUN_00456eb0 FUN_004583e0 __security_check_cookie wsprintfA"
004728c0,FUN_004728c0,397,0,"FUN_00445100 FUN_0045f610 FUN_0046ea10 FUN_0046eb00 FUN_004724e0 FUN_00689dcb thunk_FUN_004406f0"
00472a70,FUN_00472a70,172,0,"FUN_004067d0 FUN_00434e40 FUN_00435ce0 FUN_0046b160"
00472b20,FUN_00472b20,572,0,"FUN_0043abd0 FUN_0043ac40 FUN_0043b060 FUN_0043b070 FUN_0043b090 FUN_0043b1a0 FUN_0043b6e0 FUN_00440b50 FUN_00446170 FUN_004712b0 FUN_00689dcb thunk_FUN_004406f0"
00472d80,FUN_00472d80,60,0,"FUN_0043cf80 FUN_0046af90 FUN_0046afa0 FUN_0046afb0 FUN_0046cca0"
00472dc0,FUN_00472dc0,66,0,"FUN_0046af90 FUN_0046afa0 FUN_0046afb0 FUN_0046aff0 FUN_0046cca0"
00472e10,FUN_00472e10,133,0,"FUN_0046af90 FUN_0046afa0 FUN_0046afb0 FUN_0046aff0 FUN_0046cca0 FUN_0046dff0"
00472ea0,FUN_00472ea0,111,0,"FUN_0043b070 FUN_0046af90 FUN_0046afa0 FUN_0046afb0 FUN_0046b080 FUN_0046cca0 FUN_0046dff0"
00472f10,FUN_00472f10,102,0,"FUN_0046af90 FUN_0046afa0 FUN_0046afb0 FUN_0046b080 FUN_0046cca0"
00472f80,FUN_00472f80,198,0,""
00473050,FUN_00473050,189,0,"FUN_00434de0 FUN_0043ac50 FUN_0043cf00 FUN_0043fc40 FUN_004642b0 FUN_004650b0 FUN_00466df0 FUN_0046ae70 __security_check_cookie wsprintfA"
00473110,FUN_00473110,270,0,"FUN_004067d0 FUN_00431e80 FUN_0043ac50 FUN_0043af20 FUN_0043afe0 FUN_0043b840 FUN_0043c0b0 FUN_0043c100 FUN_0068a143"
00473250,FUN_00473250,231,0,"FUN_00445100 FUN_0046ea10 FUN_004728c0 FUN_00473110 FUN_00689dcb thunk_FUN_004406f0"
00473340,FUN_00473340,469,0,"FUN_004fa380 FUN_005ae3c0 FUN_0068a143"
00473520,FUN_00473520,825,0,"FUN_004067d0 FUN_00420a80 FUN_00421f30 FUN_00431e80 FUN_0043af20 FUN_0043afe0 FUN_0043c0b0 FUN_0043c100 FUN_00440370 FUN_00472110 FUN_00473340 FUN_006183f0 FUN_0068a143 _free"
00473870,FUN_00473870,220,0,"FUN_0043ab90 FUN_0043b140 FUN_0043b240 FUN_0043b280 FUN_0043b2c0 FUN_0046af90 FUN_0046afa0 FUN_0046afb0 FUN_0046b080 FUN_00473050"
00473950,FUN_00473950,114,0,"FUN_00436760 FUN_0068a143"
004739d0,FUN_004739d0,20,0,"FUN_00473950"
004739f0,FUN_004739f0,67,0,"FUN_00473950"
00473a40,FUN_00473a40,35,0,"FUN_00473950"
00473a70,FUN_00473a70,143,0,""
00473b00,FUN_00473b00,116,0,""
00473b80,FUN_00473b80,199,0,"FUN_0045c320 FUN_0068a143"
00473c50,FUN_00473c50,156,0,"FUN_0045c320 FUN_0068a143"
00473cf0,FUN_00473cf0,222,0,"FUN_00404750 FUN_004073a0 FUN_004073e0 FUN_004074e0 FUN_00407580 FUN_00407680 FUN_00407ad0"
00473dd0,FUN_00473dd0,442,0,"FUN_00435d60 FUN_00435dc0"
00473f90,FUN_00473f90,244,0,"FUN_00434e40"
004740c0,FUN_004740c0,10219,0,"FUN_004067d0 FUN_00435110 FUN_004351c0 FUN_00435240 FUN_00435910 FUN_004359d0 FUN_004359f0 FUN_00435ce0 FUN_00435d60 FUN_004399c0 FUN_0045af40 FUN_0045b250 FUN_0045deb0 FUN_00473dd0 FUN_005f9310 FUN_0068a1a0"
00476ab0,FUN_00476ab0,26,0,"FUN_00427290"
00476ad0,FUN_00476ad0,26,0,"FUN_004272b0"
00476af0,FUN_00476af0,26,0,"FUN_004272d0"
00476b10,FUN_00476b10,497,0,"FUN_00463500"
00476d10,FUN_00476d10,1608,0,"FUN_004067d0 FUN_00435240 FUN_00435d60 FUN_0045d110 FUN_0045e0e0 FUN_0045f560 FUN_00465190"
004773a0,FUN_004773a0,613,0,"FUN_00427290 FUN_004272d0 FUN_00434de0 FUN_00434e10 FUN_00434e90 FUN_0043b240 FUN_0043b280 FUN_0043cf80 FUN_00476ad0"
004776c0,FUN_004776c0,15,0,""
004776d0,FUN_004776d0,346,0,"FUN_00460200"
00477830,FUN_00477830,4830,0,"FUN_00435240 FUN_004359d0 FUN_004359f0 FUN_004399c0 FUN_0045af40 FUN_0045deb0 FUN_00473f90"
00478dd0,FUN_00478dd0,18,0,"FUN_0068a380"
00478df0,FUN_00478df0,107,0,"FUN_0068a1a0"
00478e60,FUN_00478e60,116,0,""
00478ee0,FUN_00478ee0,184,0,""
00478fa0,FUN_00478fa0,81488,0,"FUN_00406360 FUN_004063d0 FUN_00406540 FUN_004066b0 FUN_004067d0 FUN_00435110 FUN_004351a0 FUN_004351c0 FUN_00435240 FUN_00435910 FUN_004359d0 FUN_004359f0 FUN_00435d60 FUN_00435dc0 FUN_0045af40 FUN_0045b250 FUN_0045c030 FUN_0045d110 FUN_0045deb0 FUN_0045f560 FUN_00465190 FUN_0046bf30 FUN_00473dd0 FUN_00473f90 FUN_004740c0 FUN_004776c0 FUN_00478dd0 FUN_00478df0 FUN_00478e60 FUN_00478ee0 FUN_005f9310 FUN_0068a1a0"
0048d390,FUN_0048d390,15999,0,"FUN_00406540 FUN_004066b0 FUN_004067d0 FUN_004399c0 FUN_0068a1a0"
00491450,FUN_00491450,1566,0,"FUN_004067d0 FUN_004399c0 FUN_00478e60"
00491b90,FUN_00491b90,7,0,""
00491ba0,FUN_00491ba0,28,0,"_free"
00491bc0,FUN_00491bc0,11,0,"FUN_00462ce0"
00491bd0,FUN_00491bd0,97,0,"FUN_004776d0"
00491c40,FUN_00491c40,3767,0,"FUN_00435240 FUN_004359d0 FUN_004359f0 FUN_0045af40 FUN_0045b250 FUN_0045d110 FUN_0045deb0 FUN_0045f560 FUN_00465190 FUN_00473f90 FUN_00477830"
00492ed0,FUN_00492ed0,119,0,"FUN_00430080 FUN_0045f8e0 _free _free"
00492f70,FUN_00492f70,27,0,"FUN_00492ed0 _free"
00492f90,FUN_00492f90,78,0,"FUN_0045fa30"
00492fe0,FUN_00492fe0,178,0,"FUN_0040ac10 FUN_0068a143 _free"
004930f0,FUN_004930f0,27,0,"FUN_00492fe0 _free"
00493110,FUN_00493110,406,0,"FUN_00420a80 FUN_00492ed0 FUN_00617b50 FUN_0068a143"
004932b0,FUN_004932b0,130,0,"FUN_004040b0 FUN_0040abc0"
00493340,FUN_00493340,519,0,"FUN_004026a0 FUN_0040ac30 FUN_0040ac40 FUN_0040dcf0 FUN_00492f90 FUN_0056d450 FUN_0064af70 FUN_00689dcb FUN_0068a143"
00493550,FUN_00493550,27,0,"FUN_00493110 _free"
00493570,FUN_00493570,103,0,"FUN_00435e50 FUN_004932b0"
004935e0,FUN_004935e0,94,0,"FUN_00421f30 FUN_00440370 FUN_00493340"
00493640,FUN_00493640,100,0,"FUN_00435eb0 FUN_00492fe0 FUN_0056da90"
004936b0,FUN_004936b0,27,0,"FUN_00493640 _free"
004936d0,FUN_004936d0,117,0,"FUN_00421f30 FUN_00440370 FUN_00493340 FUN_0056da90"
00493750,FUN_00493750,123,0,"FUN_00493570 FUN_004936d0"
004937d0,FUN_004937d0,76,0,"FUN_004309f0"
004938c0,FUN_004938c0,8,0,"FUN_00493a20"
004938d0,FUN_004938d0,237,0,"FUN_004935e0 FUN_006183f0 _memcpy thunk_FUN_00689dcb"
004939c0,FUN_004939c0,81,0,"FUN_00493640"
00493a20,FUN_00493a20,27,0,"FUN_004939c0 _free"
00493a40,FUN_00493a40,126,0,"FUN_00462ab0 FUN_00493750 FUN_00689dcb"
00493ac0,FUN_00493ac0,117,0,"FUN_00464200"
00493b40,FUN_00493b40,258,0,"FUN_0045b260 FUN_00464200"
00493c50,FUN_00493c50,164,0,"FUN_0045b260 FUN_00464200"
00493d00,FUN_00493d00,50,0,"FUN_00464200"
00493d40,FUN_00493d40,78,0,"FUN_0045c320 FUN_0068a143"
00493d90,FUN_00493d90,504,0,"FUN_00464200 FUN_00493d40"
00493f90,FUN_00493f90,333,0,"FUN_00464200 FUN_00493d40"
004940e0,FUN_004940e0,226,0,"FUN_00464200 FUN_00493d40"
004941d0,FUN_004941d0,226,0,"FUN_00464200 FUN_00493d40"
004942c0,FUN_004942c0,393,0,"FUN_00464200 FUN_00493d40"
00494450,FUN_00494450,950,0,"FUN_004399c0 FUN_0045c320 FUN_00464200 FUN_00493d40 FUN_0068a143"
00494810,FUN_00494810,6952,0,"FUN_00435dc0 FUN_004399c0 FUN_0045d1b0 FUN_0045dda0 FUN_004633a0 FUN_00464200 FUN_00493ac0 FUN_00493b40 FUN_00493c50 FUN_00493d00 FUN_00493d40 FUN_00493d90 FUN_00493f90 FUN_004940e0 FUN_004941d0 FUN_004942c0 FUN_00494450"
00496370,FUN_00496370,35,0,"FUN_0042fd80"
004963a0,FUN_004963a0,66,0,""
004963f0,FUN_004963f0,30,0,"FUN_00430080 _free"
00496420,FUN_00496420,271,0,"FUN_00430050 FUN_00430080 FUN_00430750 FUN_0045c320 FUN_00689dcb FUN_0068a143 _free"
00496540,FUN_00496540,46128,0,"FUN_00406360 FUN_004063d0 FUN_00406540 FUN_004066b0 FUN_004067d0 FUN_00435160 FUN_004351c0 FUN_004359d0 FUN_004359f0 FUN_00435d60 FUN_0045c030 FUN_00465190 FUN_00496370 FUN_004963a0 FUN_004963f0 FUN_00496420 FUN_004e0bf0 FUN_004fca60 FUN_0053cbc0 FUN_005575c0 FUN_005b0400 FUN_005f9310 FUN_0064ccb0 FUN_0064cd00 FUN_0068a1a0"
004a1ce0,FUN_004a1ce0,4892,0,"FUN_00406360 FUN_004063d0 FUN_00406540 FUN_004066b0 FUN_004067d0 FUN_00435160 FUN_00496420 FUN_004fca60 FUN_00596370 FUN_0064ccb0 FUN_0068a1a0"
004a3220,FUN_004a3220,1061,0,"FUN_00427290 FUN_004272b0 FUN_004272d0 FUN_004272f0 FUN_00434e90 FUN_0045af40 FUN_00465190 FUN_00476ad0"
004a3710,FUN_004a3710,66695,0,"FUN_00406360 FUN_004063d0 FUN_00406540 FUN_00406580 FUN_004066b0 FUN_004067d0 FUN_00435110 FUN_004351c0 FUN_00435240 FUN_00435910 FUN_004359f0 FUN_00435d60 FUN_00435dc0 FUN_0045af40 FUN_0045b250 FUN_0045c030 FUN_0045d110 FUN_0045deb0 FUN_0045f560 FUN_00465190 FUN_0046bf30 FUN_00473dd0 FUN_00473f90 FUN_004740c0 FUN_00478df0 FUN_00478e60 FUN_00478ee0 FUN_005f9310 FUN_0068a1a0"
004b4070,FUN_004b4070,16229,0,"FUN_00406540 FUN_004066b0 FUN_004067d0 FUN_004399c0 FUN_0068a1a0"
004b8280,FUN_004b8280,1771,0,"FUN_004067d0 FUN_004399c0 FUN_00478e60 FUN_0068a1a0"
004b8980,FUN_004b8980,54,0,"FUN_004776d0"
004b89c0,FUN_004b89c0,2446,0,"FUN_00435110 FUN_0045af40 FUN_0045c030 FUN_00465190 FUN_00477830 FUN_00478e60 FUN_005f9310"
004b95a0,FUN_004b95a0,178,0,"FUN_0040ac10 FUN_0068a143 _free"
004b96b0,FUN_004b96b0,27,0,"FUN_004b95a0 _free"
004b96d0,FUN_004b96d0,406,0,"FUN_00420a80 FUN_00492ed0 FUN_00617b50 FUN_0068a143"
004b9870,FUN_004b9870,27,0,"FUN_004b96d0 _free"
004b9890,FUN_004b9890,130,0,"FUN_004040b0 FUN_0040abc0"
004b9920,FUN_004b9920,519,0,"FUN_004026a0 FUN_0040ac30 FUN_0040ac40 FUN_0040dcf0 FUN_00492f90 FUN_0056d450 FUN_0064af70 FUN_00689dcb FUN_0068a143"
004b9b30,FUN_004b9b30,103,0,"FUN_00435e50 FUN_004b9890"
004b9ba0,FUN_004b9ba0,94,0,"FUN_00421f30 FUN_00440370 FUN_004b9920"
004b9c00,FUN_004b9c00,100,0,"FUN_00435eb0 FUN_004b95a0 FUN_0056da90"
004b9c70,FUN_004b9c70,27,0,"FUN_004b9c00 _free"
004b9c90,FUN_004b9c90,117,0,"FUN_00421f30 FUN_00440370 FUN_004b9920 FUN_0056da90"
004b9d10,FUN_004b9d10,123,0,"FUN_004b9b30 FUN_004b9c90"
004b9d90,FUN_004b9d90,8,0,"FUN_004b9f00"
004b9da0,FUN_004b9da0,4,0,""
004b9db0,FUN_004b9db0,237,0,"FUN_004b9ba0 FUN_006183f0 _memcpy thunk_FUN_00689dcb"
004b9ea0,FUN_004b9ea0,81,0,"FUN_004b9c00"
004b9f00,FUN_004b9f00,27,0,"FUN_004b9ea0 _free"
004b9f20,FUN_004b9f20,126,0,"FUN_00462ab0 FUN_004b9d10 FUN_00689dcb"
004b9fa0,FUN_004b9fa0,7664,0,"FUN_00435dc0 FUN_004399c0 FUN_0045d1b0 FUN_0045dda0 FUN_004633a0 FUN_00464200 FUN_00493ac0 FUN_00493b40 FUN_00493c50 FUN_00493d00 FUN_00493d40 FUN_00493d90 FUN_00493f90 FUN_004940e0 FUN_004941d0 FUN_004942c0 FUN_00494450"
004bbe00,FUN_004bbe00,48722,0,"FUN_00406360 FUN_004063d0 FUN_00406540 FUN_00406580 FUN_004066b0 FUN_004067d0 FUN_00435160 FUN_004351c0 FUN_00435240 FUN_00435d60 FUN_0045c030 FUN_00465190 FUN_00496370 FUN_004963a0 FUN_00496420 FUN_004e0bf0 FUN_004fca60 FUN_0053cbc0 FUN_005575c0 FUN_005b0400 FUN_0064ccb0 FUN_0064cd00"
004c8050,FUN_004c8050,10119,0,"FUN_00406360 FUN_004066b0 FUN_004067d0 FUN_00435160 FUN_0045cd70 FUN_00465190 FUN_00496420 FUN_004fca60 FUN_00596370 FUN_0064ccb0 FUN_0068a1a0"
004ca980,FUN_004ca980,865,0,"FUN_00427290 FUN_004272b0 FUN_004272d0 FUN_004272f0 FUN_00434e90 FUN_0045af40 FUN_00465190"
004cadb0,FUN_004cadb0,74937,0,"FUN_00406330 FUN_00406360 FUN_004063d0 FUN_00406540 FUN_004066b0 FUN_004067d0 FUN_00435110 FUN_00435160 FUN_004351c0 FUN_00435240 FUN_004359d0 FUN_004359f0 FUN_00435d60 FUN_00435dc0 FUN_0045af40 FUN_0045b250 FUN_0045c030 FUN_0045d110 FUN_0045deb0 FUN_0045e0e0 FUN_0045f560 FUN_00465190 FUN_0046bf30 FUN_00473dd0 FUN_00473f90 FUN_004740c0 FUN_00478df0 FUN_00478e60 FUN_00478ee0 FUN_005f9310 FUN_0068a1a0"
004dd7e0,FUN_004dd7e0,1796,0,"FUN_004067d0 FUN_004399c0 FUN_00478e60"
004de030,FUN_004de030,38,0,"FUN_004776d0"
004de060,FUN_004de060,2106,0,"FUN_0045af40 FUN_00477830"
004deac0,FUN_004deac0,178,0,"FUN_0040ac10 FUN_0068a143 _free"
004debd0,FUN_004debd0,27,0,"FUN_004deac0 _free"
004debf0,FUN_004debf0,406,0,"FUN_00420a80 FUN_00492ed0 FUN_00617b50 FUN_0068a143"
004ded90,FUN_004ded90,27,0,"FUN_004debf0 _free"
004dedb0,FUN_004dedb0,130,0,"FUN_004040b0 FUN_0040abc0"
004dee40,FUN_004dee40,519,0,"FUN_004026a0 FUN_0040ac30 FUN_0040ac40 FUN_0040dcf0 FUN_00492f90 FUN_0056d450 FUN_0064af70 FUN_00689dcb FUN_0068a143"
004df050,FUN_004df050,103,0,"FUN_00435e50 FUN_004dedb0"
004df0c0,FUN_004df0c0,94,0,"FUN_00421f30 FUN_00440370 FUN_004dee40"
004df120,FUN_004df120,100,0,"FUN_00435eb0 FUN_004deac0 FUN_0056da90"
004df190,FUN_004df190,27,0,"FUN_004df120 _free"
004df1b0,FUN_004df1b0,117,0,"FUN_00421f30 FUN_00440370 FUN_004dee40 FUN_0056da90"
004df230,FUN_004df230,123,0,"FUN_004df050 FUN_004df1b0"
004df2b0,FUN_004df2b0,8,0,"FUN_004df410"
004df2c0,FUN_004df2c0,237,0,"FUN_004df0c0 FUN_006183f0 _memcpy thunk_FUN_00689dcb"
004df3b0,FUN_004df3b0,81,0,"FUN_004df120"
004df410,FUN_004df410,27,0,"FUN_004df3b0 _free"
004df430,FUN_004df430,126,0,"FUN_00462ab0 FUN_004df230 FUN_00689dcb"
004df4b0,FUN_004df4b0,5897,0,"FUN_00435dc0 FUN_004399c0 FUN_0045d1b0 FUN_0045dda0 FUN_004633a0 FUN_00464200 FUN_00493ac0 FUN_00493b40 FUN_00493c50 FUN_00493d00 FUN_00493d40 FUN_00493d90 FUN_00493f90 FUN_004940e0 FUN_004941d0 FUN_004942c0 FUN_00494450"
004e0bf0,FUN_004e0bf0,314,0,"FUN_00406540 FUN_0068a1a0"
004e0d30,FUN_004e0d30,28985,0,"FUN_00406360 FUN_004063d0 FUN_00406540 FUN_00406580 FUN_004067d0 FUN_00435160 FUN_004351c0 FUN_00435d60 FUN_0045c030 FUN_00465190 FUN_00478dd0 FUN_00496370 FUN_004963a0 FUN_004963f0 FUN_00496420 FUN_004e0bf0 FUN_004fca60 FUN_0053cbc0 FUN_005575c0 FUN_0064ccb0"
004e8060,FUN_004e8060,6538,0,"FUN_00406540 FUN_004067d0 FUN_00435160 FUN_004fca60 FUN_00596370 FUN_0064ccb0 FUN_0068a1a0"
004e9b40,FUN_004e9b40,843,0,"FUN_00427290 FUN_004272b0 FUN_004272d0 FUN_004272f0 FUN_00434e90 FUN_0045af40 FUN_00465190"
004e9f50,FUN_004e9f50,42718,0,"FUN_00406360 FUN_004063d0 FUN_00406540 FUN_004066b0 FUN_004067d0 FUN_00435110 FUN_004351c0 FUN_00435240 FUN_004359f0 FUN_00435d60 FUN_00435dc0 FUN_0045af40 FUN_0045b250 FUN_0045c030 FUN_0045d110 FUN_0045deb0 FUN_0045f560 FUN_00465190 FUN_0046bf30 FUN_00473dd0 FUN_00473f90 FUN_004740c0 FUN_00478df0 FUN_00478e60 FUN_00478ee0 FUN_005f9310 FUN_0068a1a0"
004f4b80,FUN_004f4b80,16354,0,"FUN_00406540 FUN_004066b0 FUN_004067d0 FUN_004399c0 FUN_0068a1a0"
004f8e00,FUN_004f8e00,2284,0,"FUN_004067d0 FUN_004399c0 FUN_00478e60"
004f9800,FUN_004f9800,71,0,"FUN_004776d0"
004f9850,FUN_004f9850,1551,0,"FUN_00435110 FUN_004359f0 FUN_0045af40 FUN_00477830"
004fa0c0,FUN_004fa0c0,201,0,"FUN_0068a143"
004fa190,FUN_004fa190,187,0,"FUN_004fa0c0 FUN_0068a143"
004fa250,FUN_004fa250,178,0,"FUN_0040ac10 FUN_0068a143 _free"
004fa360,FUN_004fa360,27,0,"FUN_004fa250 _free"
004fa380,FUN_004fa380,115,0,"FUN_004fa190"
004fa400,FUN_004fa400,406,0,"FUN_00420a80 FUN_00492ed0 FUN_00617b50 FUN_0068a143"
004fa5a0,FUN_004fa5a0,130,0,"FUN_004040b0 FUN_0040abc0"
004fa630,FUN_004fa630,519,0,"FUN_004026a0 FUN_0040ac30 FUN_0040ac40 FUN_0040dcf0 FUN_00492f90 FUN_0056d450 FUN_0064af70 FUN_00689dcb FUN_0068a143"
004fa840,FUN_004fa840,27,0,"FUN_004fa400 _free"
004fa860,FUN_004fa860,103,0,"FUN_00435e50 FUN_004fa5a0"
004fa8d0,FUN_004fa8d0,94,0,"FUN_00421f30 FUN_00440370 FUN_004fa630"
004fa930,FUN_004fa930,100,0,"FUN_00435eb0 FUN_004fa250 FUN_0056da90"
004fa9a0,FUN_004fa9a0,27,0,"FUN_004fa930 _free"
004fa9c0,FUN_004fa9c0,117,0,"FUN_00421f30 FUN_00440370 FUN_004fa630 FUN_0056da90"
004faa40,FUN_004faa40,123,0,"FUN_004fa860 FUN_004fa9c0"
004faac0,FUN_004faac0,8,0,"FUN_004fac20"
004faad0,FUN_004faad0,237,0,"FUN_004fa8d0 FUN_006183f0 _memcpy thunk_FUN_00689dcb"
004fabc0,FUN_004fabc0,81,0,"FUN_004fa930"
004fac20,FUN_004fac20,27,0,"FUN_004fabc0 _free"
004fac40,FUN_004fac40,138,0,"FUN_00462ab0 FUN_004faa40 FUN_00689dcb"
004facd0,FUN_004facd0,6677,0,"FUN_00435dc0 FUN_004399c0 FUN_0045d1b0 FUN_0045dda0 FUN_004633a0 FUN_00464200 FUN_00493ac0 FUN_00493b40 FUN_00493c50 FUN_00493d00 FUN_00493d40 FUN_00493d90 FUN_00493f90 FUN_004940e0 FUN_004941d0 FUN_004942c0 FUN_00494450"
004fc710,FUN_004fc710,163,0,"FUN_00689dcb"
004fc7c0,FUN_004fc7c0,319,0,"FUN_00406540 FUN_0068a380"
004fc900,FUN_004fc900,343,0,"FUN_00406540 FUN_00435160"
004fca60,FUN_004fca60,77,0,""
004fcab0,FUN_004fcab0,62271,0,"FUN_00406330 FUN_00406360 FUN_004063d0 FUN_00406480 FUN_004064b0 FUN_00406540 FUN_00406580 FUN_004065a0 FUN_004067d0 FUN_00435160 FUN_004351c0 FUN_00435240 FUN_004359d0 FUN_004359f0 FUN_00435d60 FUN_0045c030 FUN_00478dd0 FUN_004963a0 FUN_004e0bf0 FUN_004fc710 FUN_004fc7c0 FUN_004fc900 FUN_004fca60 FUN_0053cbc0 FUN_005575c0 FUN_0064ccb0 FUN_0064cd00 FUN_0068a1a0"
0050c1c0,FUN_0050c1c0,10696,0,"FUN_00406540 FUN_004067d0 FUN_00435160 FUN_0045c030 FUN_004fca60 FUN_00596370 FUN_0064ccb0 FUN_0068a1a0 FUN_0068a380"
0050ed00,FUN_0050ed00,1075,0,"FUN_00427290 FUN_004272b0 FUN_004272d0 FUN_004272f0 FUN_00434e90 FUN_0045af40 FUN_00465190 FUN_00476ad0"
0050f200,FUN_0050f200,54445,0,"FUN_00406360 FUN_004063d0 FUN_00406540 FUN_00406580 FUN_004066b0 FUN_004067d0 FUN_00435110 FUN_004351c0 FUN_00435240 FUN_004359d0 FUN_004359f0 FUN_00435d60 FUN_00435dc0 FUN_0045af40 FUN_0045b250 FUN_0045c030 FUN_0045d110 FUN_0045deb0 FUN_0045f560 FUN_00465190 FUN_0046bf30 FUN_00473dd0 FUN_00473f90 FUN_004740c0 FUN_00478df0 FUN_00478e60 FUN_00478ee0 FUN_005f9310 FUN_0068a1a0"
0051cb40,FUN_0051cb40,2686,0,"FUN_00406360 FUN_004063d0 FUN_004067d0 FUN_004399c0 FUN_0045c030 FUN_00465190 FUN_00478e60"
0051d5f0,FUN_0051d5f0,89,0,"FUN_004776d0"
0051d650,FUN_0051d650,3132,0,"FUN_00435110 FUN_00435240 FUN_004359f0 FUN_00435d60 FUN_004399c0 FUN_0045af40 FUN_0045b250 FUN_0045d110 FUN_0045deb0 FUN_0045f560 FUN_00477830"
0051e570,FUN_0051e570,178,0,"FUN_0040ac10 FUN_0068a143 _free"
0051e680,FUN_0051e680,27,0,"FUN_0051e570 _free"
0051e6a0,FUN_0051e6a0,406,0,"FUN_00420a80 FUN_00492ed0 FUN_00617b50 FUN_0068a143"
0051e840,FUN_0051e840,27,0,"FUN_0051e6a0 _free"
0051e860,FUN_0051e860,130,0,"FUN_004040b0 FUN_0040abc0"
0051e8f0,FUN_0051e8f0,519,0,"FUN_004026a0 FUN_0040ac30 FUN_0040ac40 FUN_0040dcf0 FUN_00492f90 FUN_0056d450 FUN_0064af70 FUN_00689dcb FUN_0068a143"
0051eb00,FUN_0051eb00,103,0,"FUN_00435e50 FUN_0051e860"
0051eb70,FUN_0051eb70,94,0,"FUN_00421f30 FUN_00440370 FUN_0051e8f0"
0051ebd0,FUN_0051ebd0,100,0,"FUN_00435eb0 FUN_0051e570 FUN_0056da90"
0051ec40,FUN_0051ec40,27,0,"FUN_0051ebd0 _free"
0051ec60,FUN_0051ec60,117,0,"FUN_00421f30 FUN_00440370 FUN_0051e8f0 FUN_0056da90"
0051ece0,FUN_0051ece0,123,0,"FUN_0051eb00 FUN_0051ec60"
0051ed60,FUN_0051ed60,8,0,"FUN_0051eec0"
0051ed70,FUN_0051ed70,237,0,"FUN_0051eb70 FUN_006183f0 _memcpy thunk_FUN_00689dcb"
0051ee60,FUN_0051ee60,81,0,"FUN_0051ebd0"
0051eec0,FUN_0051eec0,27,0,"FUN_0051ee60 _free"
0051eee0,FUN_0051eee0,126,0,"FUN_00462ab0 FUN_0051ece0 FUN_00689dcb"
0051ef60,FUN_0051ef60,6351,0,"FUN_00435dc0 FUN_004399c0 FUN_0045d1b0 FUN_0045dda0 FUN_004633a0 FUN_00464200 FUN_00493ac0 FUN_00493b40 FUN_00493c50 FUN_00493d00 FUN_00493d40 FUN_00493d90 FUN_00493f90 FUN_004940e0 FUN_004941d0 FUN_004942c0 FUN_00494450"
00520860,FUN_00520860,27,0,"_free"
00520890,FUN_00520890,50606,0,"FUN_00406330 FUN_00406360 FUN_004063d0 FUN_00406480 FUN_004064b0 FUN_004064d0 FUN_00406540 FUN_004067d0 FUN_00435160 FUN_004351a0 FUN_004351c0 FUN_004359d0 FUN_00435d60 FUN_0045c030 FUN_004963a0 FUN_004963f0 FUN_00496420 FUN_004e0bf0 FUN_004fc710 FUN_004fca60 FUN_00520860 FUN_0053cbc0 FUN_005575c0 FUN_005b0400 FUN_005f9310 FUN_0064ccb0 FUN_0064cd00 FUN_0068a1a0"
0052d200,FUN_0052d200,10831,0,"FUN_00406360 FUN_004063d0 FUN_004067d0 FUN_00435160 FUN_00435d60 FUN_0045cd70 FUN_00496420 FUN_004fca60 FUN_00596370 FUN_0064ccb0 FUN_0068a1a0"
0052fdb0,FUN_0052fdb0,904,0,"FUN_00427290 FUN_004272b0 FUN_004272d0 FUN_004272f0 FUN_00434e90 FUN_0045af40 FUN_00465190"
00530200,FUN_00530200,37692,0,"FUN_00406360 FUN_004063d0 FUN_004066b0 FUN_004067d0 FUN_00435110 FUN_00435160 FUN_004351c0 FUN_00435240 FUN_004359d0 FUN_004359f0 FUN_00435d60 FUN_00435dc0 FUN_0045af40 FUN_0045b250 FUN_0045c030 FUN_0045d110 FUN_0045deb0 FUN_0045e920 FUN_0045f560 FUN_00465190 FUN_0046bf30 FUN_00473dd0 FUN_00473f90 FUN_004740c0 FUN_00478df0 FUN_00478e60 FUN_00478ee0 FUN_005f9310 FUN_0068a1a0"
005399a0,FUN_005399a0,338,0,"FUN_00439580 FUN_00449940 _free _memmove_s"
00539b00,FUN_00539b00,97,0,"FUN_005399a0 FUN_00689dcb"
00539b70,FUN_00539b70,198,0,"FUN_00476d10 FUN_00539b00"
00539c40,FUN_00539c40,1027,0,"FUN_004067d0 FUN_004399c0 FUN_00478e60"
0053a160,FUN_0053a160,97,0,"FUN_004776d0"
0053a1d0,FUN_0053a1d0,1424,0,"FUN_004359f0 FUN_0045af40 FUN_00465190 FUN_00477830"
0053a930,FUN_0053a930,178,0,"FUN_0040ac10 FUN_0068a143 _free"
0053aa40,FUN_0053aa40,27,0,"FUN_0053a930 _free"
0053aa60,FUN_0053aa60,406,0,"FUN_00420a80 FUN_00492ed0 FUN_00617b50 FUN_0068a143"
0053ac00,FUN_0053ac00,27,0,"FUN_0053aa60 _free"
0053ac20,FUN_0053ac20,130,0,"FUN_004040b0 FUN_0040abc0"
0053acb0,FUN_0053acb0,519,0,"FUN_004026a0 FUN_0040ac30 FUN_0040ac40 FUN_0040dcf0 FUN_00492f90 FUN_0056d450 FUN_0064af70 FUN_00689dcb FUN_0068a143"
0053aec0,FUN_0053aec0,103,0,"FUN_00435e50 FUN_0053ac20"
0053af30,FUN_0053af30,94,0,"FUN_00421f30 FUN_00440370 FUN_0053acb0"
0053af90,FUN_0053af90,100,0,"FUN_00435eb0 FUN_0053a930 FUN_0056da90"
0053b000,FUN_0053b000,27,0,"FUN_0053af90 _free"
0053b020,FUN_0053b020,117,0,"FUN_00421f30 FUN_00440370 FUN_0053acb0 FUN_0056da90"
0053b0a0,FUN_0053b0a0,123,0,"FUN_0053aec0 FUN_0053b020"
0053b120,FUN_0053b120,8,0,"FUN_0053b310"
0053b130,FUN_0053b130,80,0,"FUN_0068a143"
0053b180,FUN_0053b180,32,0,"FUN_0053b130"
0053b1a0,FUN_0053b1a0,18,0,"FUN_0058bee0"
0053b1c0,FUN_0053b1c0,237,0,"FUN_0053af30 FUN_006183f0 _memcpy thunk_FUN_00689dcb"
0053b2b0,FUN_0053b2b0,81,0,"FUN_0053af90"
0053b310,FUN_0053b310,27,0,"FUN_0053b2b0 _free"
0053b330,FUN_0053b330,159,0,"FUN_00462ab0 FUN_0053b0a0 FUN_00689dcb"
0053b3d0,FUN_0053b3d0,46,0,"FUN_00420a80 FUN_00462ce0 _free"
0053b410,FUN_0053b410,6017,0,"FUN_00435dc0 FUN_004399c0 FUN_0045d1b0 FUN_0045dda0 FUN_004633a0 FUN_00464200 FUN_00493ac0 FUN_00493b40 FUN_00493c50 FUN_00493d00 FUN_00493d40 FUN_00493d90 FUN_00493f90 FUN_004940e0 FUN_004941d0 FUN_004942c0 FUN_00494450"
0053cbc0,FUN_0053cbc0,450,0,"FUN_0064ccb0"
0053cd90,FUN_0053cd90,94,0,"FUN_00431610 FUN_0068a143"
0053cdf0,FUN_0053cdf0,175,0,"FUN_00436760 FUN_0053cd90"
0053cea0,FUN_0053cea0,25925,0,"FUN_00406360 FUN_004063d0 FUN_00406540 FUN_00406580 FUN_004067d0 FUN_00435160 FUN_004351c0 FUN_00435240 FUN_00435d60 FUN_0045c030 FUN_004963a0 FUN_004e0bf0 FUN_004fc710 FUN_0053cbc0 FUN_0053cdf0 FUN_005575c0 FUN_005b0400 FUN_0064ccb0 FUN_0064cd00 FUN_0068a1a0"
00543670,FUN_00543670,5159,0,"FUN_00406540 FUN_004066b0 FUN_004067d0 FUN_00435160 FUN_0045cd70 FUN_00596370 FUN_0064ccb0 FUN_0068a1a0"
00544bf0,FUN_00544bf0,969,0,"FUN_00427290 FUN_004272b0 FUN_004272d0 FUN_004272f0 FUN_00434e90 FUN_0045af40 FUN_00465190"
00545090,FUN_00545090,61959,0,"FUN_00406360 FUN_004063d0 FUN_00406540 FUN_004066b0 FUN_004067d0 FUN_00435110 FUN_00435160 FUN_004351c0 FUN_00435240 FUN_00435910 FUN_004359d0 FUN_004359f0 FUN_00435d60 FUN_00435dc0 FUN_0045af40 FUN_0045b250 FUN_0045c030 FUN_0045d110 FUN_0045deb0 FUN_0045f560 FUN_00464200 FUN_00465190 FUN_0046bf30 FUN_00473dd0 FUN_00473f90 FUN_004740c0 FUN_00478df0 FUN_00478e60 FUN_00478ee0 FUN_005f9310 FUN_0068a1a0"
005547f0,FUN_005547f0,1093,0,"FUN_004067d0 FUN_004399c0 FUN_00478e60"
00554d50,FUN_00554d50,1802,0,"FUN_0045af40 FUN_00477830"
00555680,FUN_00555680,178,0,"FUN_0040ac10 FUN_0068a143 _free"
00555790,FUN_00555790,27,0,"FUN_00555680 _free"
005557b0,FUN_005557b0,406,0,"FUN_00420a80 FUN_00492ed0 FUN_00617b50 FUN_0068a143"
00555950,FUN_00555950,27,0,"FUN_005557b0 _free"
00555970,FUN_00555970,130,0,"FUN_004040b0 FUN_0040abc0"
00555a00,FUN_00555a00,519,0,"FUN_004026a0 FUN_0040ac30 FUN_0040ac40 FUN_0040dcf0 FUN_00492f90 FUN_0056d450 FUN_0064af70 FUN_00689dcb FUN_0068a143"
00555c10,FUN_00555c10,103,0,"FUN_00435e50 FUN_00555970"
00555c80,FUN_00555c80,94,0,"FUN_00421f30 FUN_00440370 FUN_00555a00"
00555ce0,FUN_00555ce0,100,0,"FUN_00435eb0 FUN_00555680 FUN_0056da90"
00555d50,FUN_00555d50,27,0,"FUN_00555ce0 _free"
00555d70,FUN_00555d70,117,0,"FUN_00421f30 FUN_00440370 FUN_00555a00 FUN_0056da90"
00555df0,FUN_00555df0,123,0,"FUN_00555c10 FUN_00555d70"
00555e70,FUN_00555e70,8,0,"FUN_00555fd0"
00555e80,FUN_00555e80,237,0,"FUN_00555c80 FUN_006183f0 _memcpy thunk_FUN_00689dcb"
00555f70,FUN_00555f70,81,0,"FUN_00555ce0"
00555fd0,FUN_00555fd0,27,0,"FUN_00555f70 _free"
00555ff0,FUN_00555ff0,126,0,"FUN_00462ab0 FUN_00555df0 FUN_00689dcb"
00556070,FUN_00556070,5415,0,"FUN_00435dc0 FUN_004399c0 FUN_0045d1b0 FUN_0045dda0 FUN_004633a0 FUN_00464200 FUN_00493ac0 FUN_00493b40 FUN_00493c50 FUN_00493d00 FUN_00493d40 FUN_00493d90 FUN_00493f90 FUN_004940e0 FUN_004941d0 FUN_004942c0 FUN_00494450"
005575c0,FUN_005575c0,200,0,"FUN_00435240"
00557690,FUN_00557690,17790,0,"FUN_00406360 FUN_004063d0 FUN_00406540 FUN_004067d0 FUN_00435160 FUN_004351c0 FUN_00435d60 FUN_0045c030 FUN_00496420 FUN_004e0bf0 FUN_0053cbc0 FUN_005575c0 FUN_005b0400 FUN_0064ccb0 FUN_0064cd00 FUN_0068a1a0"
0055be70,FUN_0055be70,4997,0,"FUN_004067d0 FUN_00435160 FUN_0045cd70 FUN_00496420 FUN_004fca60 FUN_00596370 FUN_0068a1a0"
0055d380,FUN_0055d380,1043,0,"FUN_00427290 FUN_004272b0 FUN_004272d0 FUN_004272f0 FUN_00434e90 FUN_0045af40 FUN_00465190 FUN_00476ad0"
0055d850,FUN_0055d850,58619,0,"FUN_00406360 FUN_004063d0 FUN_00406540 FUN_004066b0 FUN_004067d0 FUN_00435110 FUN_004351c0 FUN_00435240 FUN_004359f0 FUN_00435d60 FUN_00435dc0 FUN_0045af40 FUN_0045b250 FUN_0045c030 FUN_0045d110 FUN_0045deb0 FUN_0045f560 FUN_00465190 FUN_0046bf30 FUN_00473dd0 FUN_00473f90 FUN_004740c0 FUN_00478df0 FUN_00478e60 FUN_00478ee0 FUN_005f9310 FUN_0068a1a0"
0056c170,FUN_0056c170,1653,0,"FUN_004067d0 FUN_004399c0 FUN_0045c030 FUN_00465190 FUN_00478e60"
0056c810,FUN_0056c810,43,0,"FUN_004776d0"
0056c840,FUN_0056c840,2083,0,"FUN_0045af40 FUN_0045c030 FUN_00477830"
0056d2a0,FUN_0056d2a0,178,0,"FUN_0040ac10 FUN_0068a143 _free"
0056d3b0,FUN_0056d3b0,27,0,"FUN_0056d2a0 _free"
0056d3d0,FUN_0056d3d0,117,0,"FUN_00401670 FUN_004021c0 __CxxThrowException@8"
0056d450,FUN_0056d450,90,0,"FUN_0056d3d0 FUN_0068a143"
0056d4b0,FUN_0056d4b0,406,0,"FUN_00420a80 FUN_00492ed0 FUN_00617b50 FUN_0068a143"
0056d650,FUN_0056d650,130,0,"FUN_004040b0 FUN_0040abc0"
0056d6e0,FUN_0056d6e0,519,0,"FUN_004026a0 FUN_0040ac30 FUN_0040ac40 FUN_0040dcf0 FUN_00492f90 FUN_0056d450 FUN_0064af70 FUN_00689dcb FUN_0068a143"
0056d8f0,FUN_0056d8f0,170,0,"FUN_00402700 FUN_0040ac30 FUN_0040ac40 FUN_004129e0 FUN_0056d450 FUN_0068a143"
0056d9a0,FUN_0056d9a0,27,0,"FUN_0056d4b0 _free"
0056d9c0,FUN_0056d9c0,103,0,"FUN_00435e50 FUN_0056d650"
0056da30,FUN_0056da30,94,0,"FUN_00421f30 FUN_00440370 FUN_0056d6e0"
0056da90,FUN_0056da90,112,0,"FUN_0056d8f0 FUN_0068a143 _free"
0056db10,FUN_0056db10,100,0,"FUN_00435eb0 FUN_0056d2a0 FUN_0056da90"
0056db80,FUN_0056db80,27,0,"FUN_0056db10 _free"
0056dba0,FUN_0056dba0,117,0,"FUN_00421f30 FUN_00440370 FUN_0056d6e0 FUN_0056da90"
0056dc20,FUN_0056dc20,123,0,"FUN_0056d9c0 FUN_0056dba0"
0056dca0,FUN_0056dca0,8,0,"FUN_0056de10"
0056dcb0,FUN_0056dcb0,237,0,"FUN_0056da30 FUN_006183f0 _memcpy thunk_FUN_00689dcb"
0056dda0,FUN_0056dda0,8,0,"FUN_0056da90"
0056ddb0,FUN_0056ddb0,81,0,"FUN_0056db10"
0056de10,FUN_0056de10,27,0,"FUN_0056ddb0 _free"
0056de30,FUN_0056de30,126,0,"FUN_00462ab0 FUN_0056dc20 FUN_00689dcb"
0056deb0,FUN_0056deb0,6180,0,"FUN_00435dc0 FUN_004399c0 FUN_0045d1b0 FUN_0045dda0 FUN_004633a0 FUN_00464200 FUN_00493ac0 FUN_00493b40 FUN_00493c50 FUN_00493d00 FUN_00493d40 FUN_00493d90 FUN_00493f90 FUN_004940e0 FUN_004941d0 FUN_004942c0 FUN_00494450"
0056f700,FUN_0056f700,34210,0,"FUN_00406360 FUN_004063d0 FUN_004064b0 FUN_00406540 FUN_00406580 FUN_004067d0 FUN_00435160 FUN_004351c0 FUN_00435240 FUN_00435d60 FUN_0045c030 FUN_00478dd0 FUN_00496370 FUN_004963a0 FUN_00496420 FUN_004e0bf0 FUN_004fc710 FUN_004fca60 FUN_0053cbc0 FUN_005575c0 FUN_005b0400 FUN_0064ccb0 FUN_0064cd00 FUN_0068a1a0"
00578000,FUN_00578000,10828,0,"FUN_00406360 FUN_004063d0 FUN_004067d0 FUN_00435160 FUN_00496420 FUN_004fca60 FUN_00596370 FUN_0064ccb0 FUN_0068a1a0"
0057ab90,FUN_0057ab90,986,0,"FUN_00427290 FUN_004272b0 FUN_004272d0 FUN_004272f0 FUN_00434e90 FUN_0045af40 FUN_00465190"
0057b030,FUN_0057b030,57042,0,"FUN_00406330 FUN_00406360 FUN_004063d0 FUN_00406540 FUN_004066b0 FUN_004067d0 FUN_00435110 FUN_004351c0 FUN_00435240 FUN_00435910 FUN_004359d0 FUN_004359f0 FUN_00435d60 FUN_00435dc0 FUN_004399c0 FUN_0045af40 FUN_0045b250 FUN_0045c030 FUN_0045d110 FUN_0045deb0 FUN_0045f560 FUN_00465190 FUN_0046bf30 FUN_00473dd0 FUN_00473f90 FUN_004740c0 FUN_00478dd0 FUN_00478df0 FUN_00478e60 FUN_00478ee0 FUN_005f9310 FUN_0068a1a0"
005893c0,FUN_005893c0,3934,0,"FUN_004067d0 FUN_004399c0 FUN_0045c030 FUN_00465190 FUN_00478e60"
0058a470,FUN_0058a470,125,0,"FUN_004776d0"
0058a4f0,FUN_0058a4f0,3441,0,"FUN_00435110 FUN_004351c0 FUN_00435240 FUN_004359d0 FUN_004359f0 FUN_0045af40 FUN_0045c030 FUN_00465190 FUN_00473f90 FUN_00477830"
0058b610,FUN_0058b610,178,0,"FUN_0040ac10 FUN_0068a143 _free"
0058b720,FUN_0058b720,27,0,"FUN_0058b610 _free"
0058b740,FUN_0058b740,406,0,"FUN_00420a80 FUN_00492ed0 FUN_00617b50 FUN_0068a143"
0058b8e0,FUN_0058b8e0,27,0,"FUN_0058b740 _free"
0058b900,FUN_0058b900,130,0,"FUN_004040b0 FUN_0040abc0"
0058b990,FUN_0058b990,519,0,"FUN_004026a0 FUN_0040ac30 FUN_0040ac40 FUN_0040dcf0 FUN_00492f90 FUN_0056d450 FUN_0064af70 FUN_00689dcb FUN_0068a143"
0058bba0,FUN_0058bba0,103,0,"FUN_00435e50 FUN_0058b900"
0058bc10,FUN_0058bc10,94,0,"FUN_00421f30 FUN_00440370 FUN_0058b990"
0058bc70,FUN_0058bc70,100,0,"FUN_00435eb0 FUN_0056da90 FUN_0058b610"
0058bce0,FUN_0058bce0,27,0,"FUN_0058bc70 _free"
0058bd00,FUN_0058bd00,117,0,"FUN_00421f30 FUN_00440370 FUN_0056da90 FUN_0058b990"
0058bd80,FUN_0058bd80,123,0,"FUN_0058bba0 FUN_0058bd00"
0058be00,FUN_0058be00,8,0,"FUN_0058c0d0"
0058be10,FUN_0058be10,200,0,"FUN_0056d8f0 FUN_0068a143 _free"
0058bee0,FUN_0058bee0,72,0,"FUN_0068a143"
0058bf30,FUN_0058bf30,37,0,"FUN_0058be10"
0058bf60,FUN_0058bf60,18,0,"FUN_0058bee0"
0058bf80,FUN_0058bf80,237,0,"FUN_0058bc10 FUN_006183f0 _memcpy thunk_FUN_00689dcb"
0058c070,FUN_0058c070,81,0,"FUN_0058bc70"
0058c0d0,FUN_0058c0d0,27,0,"FUN_0058c070 _free"
0058c0f0,FUN_0058c0f0,126,0,"FUN_00462ab0 FUN_0058bd80 FUN_00689dcb"
0058c170,FUN_0058c170,367,0,"FUN_00435910 FUN_00464200 FUN_00493d40"
0058c2e0,FUN_0058c2e0,6233,0,"FUN_00435dc0 FUN_004399c0 FUN_0045d1b0 FUN_0045dda0 FUN_004633a0 FUN_00464200 FUN_00493ac0 FUN_00493b40 FUN_00493c50 FUN_00493d00 FUN_00493d40 FUN_00493d90 FUN_004940e0 FUN_004941d0 FUN_004942c0 FUN_00494450 FUN_0058c170"
0058db80,FUN_0058db80,33972,0,"FUN_00406360 FUN_004063d0 FUN_00406480 FUN_00406540 FUN_00406580 FUN_004065a0 FUN_004067d0 FUN_00435160 FUN_004351c0 FUN_004359d0 FUN_00435d60 FUN_0045c030 FUN_00496370 FUN_004963a0 FUN_004963f0 FUN_00496420 FUN_004e0bf0 FUN_004fca60 FUN_00520860 FUN_0053cbc0 FUN_005575c0 FUN_005b0400 FUN_0064ccb0 FUN_0064cd00"
00596370,FUN_00596370,323,0,"FUN_004067d0 FUN_00435160 FUN_0068a1a0"
005964c0,FUN_005964c0,7588,0,"FUN_00406360 FUN_004063d0 FUN_004067d0 FUN_00435160 FUN_004351a0 FUN_00435d60 FUN_0045cd70 FUN_004fca60 FUN_00596370 FUN_0064ccb0 FUN_0068a1a0"
005983b0,FUN_005983b0,1247,0,"FUN_00427290 FUN_004272b0 FUN_004272d0 FUN_004272f0 FUN_00434e90 FUN_0045af40 FUN_00465190 FUN_00476ad0"
00598990,FUN_00598990,79426,0,"FUN_00406330 FUN_00406360 FUN_004063d0 FUN_00406480 FUN_00406540 FUN_004066b0 FUN_004067d0 FUN_00435110 FUN_00435160 FUN_004351c0 FUN_00435240 FUN_00435910 FUN_004359d0 FUN_004359f0 FUN_00435d60 FUN_00435dc0 FUN_0045af40 FUN_0045b250 FUN_0045b260 FUN_0045c030 FUN_0045c060 FUN_0045d110 FUN_0045deb0 FUN_0045f560 FUN_00465190 FUN_0046bf30 FUN_00473dd0 FUN_00473f90 FUN_004740c0 FUN_00476ab0 FUN_00476ad0 FUN_004776c0 FUN_00478df0 FUN_00478e60 FUN_00478ee0 FUN_005f9310 FUN_0068a1a0"
005ac680,FUN_005ac680,3292,0,"FUN_004067d0 FUN_004399c0 FUN_0045af40 FUN_00478e60"
005ad470,FUN_005ad470,38,0,"FUN_004776d0"
005ad4a0,FUN_005ad4a0,2577,0,"FUN_004067d0 FUN_0045af40 FUN_0045c030 FUN_00465190 FUN_00477830"
005ae110,FUN_005ae110,190,0,"FUN_0068a143"
005ae1d0,FUN_005ae1d0,183,0,"FUN_005ae110 FUN_0068a143"
005ae290,FUN_005ae290,178,0,"FUN_0040ac10 FUN_0068a143 _free"
005ae3a0,FUN_005ae3a0,27,0,"FUN_005ae290 _free"
005ae3c0,FUN_005ae3c0,115,0,"FUN_005ae1d0"
005ae440,FUN_005ae440,406,0,"FUN_00420a80 FUN_00492ed0 FUN_00617b50 FUN_0068a143"
005ae5e0,FUN_005ae5e0,130,0,"FUN_004040b0 FUN_0040abc0"
005ae670,FUN_005ae670,519,0,"FUN_004026a0 FUN_0040ac30 FUN_0040ac40 FUN_0040dcf0 FUN_00492f90 FUN_0056d450 FUN_0064af70 FUN_00689dcb FUN_0068a143"
005ae880,FUN_005ae880,27,0,"FUN_005ae440 _free"
005ae8a0,FUN_005ae8a0,103,0,"FUN_00435e50 FUN_005ae5e0"
005ae910,FUN_005ae910,94,0,"FUN_00421f30 FUN_00440370 FUN_005ae670"
005ae970,FUN_005ae970,100,0,"FUN_00435eb0 FUN_0056da90 FUN_005ae290"
005ae9e0,FUN_005ae9e0,27,0,"FUN_005ae970 _free"
005aea00,FUN_005aea00,117,0,"FUN_00421f30 FUN_00440370 FUN_0056da90 FUN_005ae670"
005aea80,FUN_005aea80,123,0,"FUN_005ae8a0 FUN_005aea00"
005aeb00,FUN_005aeb00,8,0,"FUN_005aec60"
005aeb10,FUN_005aeb10,237,0,"FUN_005ae910 FUN_006183f0 _memcpy thunk_FUN_00689dcb"
005aec00,FUN_005aec00,81,0,"FUN_005ae970"
005aec60,FUN_005aec60,27,0,"FUN_005aec00 _free"
005aec80,FUN_005aec80,126,0,"FUN_00462ab0 FUN_005aea80 FUN_00689dcb"
005aed00,FUN_005aed00,5849,0,"FUN_00435dc0 FUN_004399c0 FUN_0045d1b0 FUN_0045dda0 FUN_004633a0 FUN_00464200 FUN_00493ac0 FUN_00493b40 FUN_00493c50 FUN_00493d00 FUN_00493d40 FUN_00493d90 FUN_00493f90 FUN_004940e0 FUN_004941d0 FUN_004942c0 FUN_00494450"
005b0400,FUN_005b0400,82,0,""
005b0460,FUN_005b0460,52177,0,"FUN_00406360 FUN_004063d0 FUN_00406540 FUN_00406580 FUN_004067d0 FUN_00435160 FUN_004351c0 FUN_00435240 FUN_004359d0 FUN_00435d60 FUN_0045c030 FUN_0045c060 FUN_004963a0 FUN_00496420 FUN_004e0bf0 FUN_004fc710 FUN_004fca60 FUN_0053cbc0 FUN_005575c0 FUN_005b0400 FUN_0064ccb0 FUN_0064cd00 FUN_0068a1a0"
005bd380,FUN_005bd380,8953,0,"FUN_00406360 FUN_004063d0 FUN_004067d0 FUN_00435160 FUN_00596370 FUN_0064ccb0 FUN_0068a1a0"
005bf7d0,FUN_005bf7d0,1203,0,"FUN_00427290 FUN_004272b0 FUN_004272d0 FUN_004272f0 FUN_00434e90 FUN_0045af40 FUN_00465190 FUN_00476ad0"
005bfd50,FUN_005bfd50,66787,0,"FUN_00406360 FUN_004063d0 FUN_00406430 FUN_00406540 FUN_004066b0 FUN_004067d0 FUN_00435110 FUN_004351c0 FUN_00435240 FUN_004359d0 FUN_004359f0 FUN_00435d60 FUN_00435dc0 FUN_0045af40 FUN_0045b250 FUN_0045c030 FUN_0045d110 FUN_0045deb0 FUN_0045f560 FUN_00465190 FUN_0046bf30 FUN_00473dd0 FUN_00473f90 FUN_004740c0 FUN_00478df0 FUN_00478e60 FUN_00478ee0 FUN_005f9310 FUN_0068a1a0"
005d06d0,FUN_005d06d0,27,0,""
005d06f0,FUN_005d06f0,1797,0,"FUN_00406360 FUN_004063d0 FUN_004067d0 FUN_004399c0 FUN_0045c030 FUN_00465190 FUN_00478e60"
005d0e10,FUN_005d0e10,77,0,"FUN_004776d0"
005d0e60,FUN_005d0e60,4033,0,"FUN_00435240 FUN_004359d0 FUN_004359f0 FUN_0045af40 FUN_0045c030 FUN_00465190 FUN_00473f90 FUN_00477830 FUN_005d06d0"
005d2230,FUN_005d2230,47,0,"_memmove_s"
005d2260,FUN_005d2260,178,0,"FUN_0040ac10 FUN_0068a143 _free"
005d2370,FUN_005d2370,27,0,"FUN_005d2260 _free"
005d2390,FUN_005d2390,406,0,"FUN_00420a80 FUN_00492ed0 FUN_00617b50 FUN_0068a143"
005d2530,FUN_005d2530,130,0,"FUN_004040b0 FUN_0040abc0"
005d25c0,FUN_005d25c0,519,0,"FUN_004026a0 FUN_0040ac30 FUN_0040ac40 FUN_0040dcf0 FUN_00492f90 FUN_0056d450 FUN_0064af70 FUN_00689dcb FUN_0068a143"
005d27d0,FUN_005d27d0,27,0,"FUN_005d2390 _free"
005d27f0,FUN_005d27f0,103,0,"FUN_00435e50 FUN_005d2530"
005d2860,FUN_005d2860,94,0,"FUN_00421f30 FUN_00440370 FUN_005d25c0"
005d28c0,FUN_005d28c0,100,0,"FUN_00435eb0 FUN_0056da90 FUN_005d2260"
005d2930,FUN_005d2930,27,0,"FUN_005d28c0 _free"
005d2950,FUN_005d2950,117,0,"FUN_00421f30 FUN_00440370 FUN_0056da90 FUN_005d25c0"
005d29d0,FUN_005d29d0,123,0,"FUN_005d27f0 FUN_005d2950"
005d2a50,FUN_005d2a50,8,0,"FUN_005d2bd0"
005d2a60,FUN_005d2a60,18,0,"FUN_0058bee0"
005d2a80,FUN_005d2a80,237,0,"FUN_005d2860 FUN_006183f0 _memcpy thunk_FUN_00689dcb"
005d2b70,FUN_005d2b70,81,0,"FUN_005d28c0"
005d2bd0,FUN_005d2bd0,27,0,"FUN_005d2b70 _free"
005d2bf0,FUN_005d2bf0,126,0,"FUN_00462ab0 FUN_005d29d0 FUN_00689dcb"
005d2c70,FUN_005d2c70,6684,0,"FUN_00435dc0 FUN_004399c0 FUN_0045d1b0 FUN_0045dda0 FUN_004633a0 FUN_00464200 FUN_00465190 FUN_00493ac0 FUN_00493b40 FUN_00493c50 FUN_00493d00 FUN_00493d40 FUN_00493d90 FUN_00493f90 FUN_004940e0 FUN_004941d0 FUN_004942c0 FUN_00494450"
005d46c0,FUN_005d46c0,42671,0,"FUN_00406360 FUN_004063d0 FUN_00406540 FUN_00406580 FUN_004067d0 FUN_00435160 FUN_004351c0 FUN_00435240 FUN_00435d60 FUN_0045c030 FUN_0045d510 FUN_004963a0 FUN_00496420 FUN_004e0bf0 FUN_004fc710 FUN_004fca60 FUN_0053cbc0 FUN_005575c0 FUN_005b0400 FUN_0064ccb0 FUN_0064cd00 FUN_0068a1a0"
005df0e0,FUN_005df0e0,10697,0,"FUN_00406540 FUN_004067d0 FUN_00435160 FUN_0045c030 FUN_004fca60 FUN_00596370 FUN_0064ccb0 FUN_0068a1a0"
005e1c50,FUN_005e1c50,959,0,"FUN_00427290 FUN_004272b0 FUN_004272d0 FUN_004272f0 FUN_00434e90 FUN_0045af40 FUN_00465190"
005e20e0,FUN_005e20e0,63993,0,"FUN_00406360 FUN_004063d0 FUN_00406540 FUN_004066b0 FUN_004067d0 FUN_00435110 FUN_004351c0 FUN_00435240 FUN_004359d0 FUN_004359f0 FUN_00435d60 FUN_00435dc0 FUN_004399c0 FUN_0045af40 FUN_0045b250 FUN_0045c030 FUN_0045c060 FUN_0045d110 FUN_0045deb0 FUN_0045f560 FUN_00465190 FUN_0046bf30 FUN_00473dd0 FUN_00473f90 FUN_004740c0 FUN_00478df0 FUN_00478e60 FUN_00478ee0 FUN_005f9310 FUN_0068a1a0"
005f1f80,FUN_005f1f80,15910,0,"FUN_00406540 FUN_004066b0 FUN_004067d0 FUN_004399c0 FUN_0068a1a0"
005f6020,FUN_005f6020,1421,0,"FUN_004067d0 FUN_004399c0 FUN_00478e60"
005f66d0,FUN_005f66d0,37,0,"FUN_004776d0"
005f6700,FUN_005f6700,1971,0,"FUN_00435110 FUN_004359f0 FUN_0045af40 FUN_00477830"
005f70c0,FUN_005f70c0,178,0,"FUN_0040ac10 FUN_0068a143 _free"
005f71d0,FUN_005f71d0,27,0,"FUN_005f70c0 _free"
005f71f0,FUN_005f71f0,406,0,"FUN_00420a80 FUN_00492ed0 FUN_00617b50 FUN_0068a143"
005f7390,FUN_005f7390,27,0,"FUN_005f71f0 _free"
005f73b0,FUN_005f73b0,130,0,"FUN_004040b0 FUN_0040abc0"
005f7440,FUN_005f7440,519,0,"FUN_004026a0 FUN_0040ac30 FUN_0040ac40 FUN_0040dcf0 FUN_00492f90 FUN_0056d450 FUN_0064af70 FUN_00689dcb FUN_0068a143"
005f7650,FUN_005f7650,103,0,"FUN_00435e50 FUN_005f73b0"
005f76c0,FUN_005f76c0,94,0,"FUN_00421f30 FUN_00440370 FUN_005f7440"
005f7720,FUN_005f7720,100,0,"FUN_00435eb0 FUN_0056da90 FUN_005f70c0"
005f7790,FUN_005f7790,27,0,"FUN_005f7720 _free"
005f77b0,FUN_005f77b0,117,0,"FUN_00421f30 FUN_00440370 FUN_0056da90 FUN_005f7440"
005f7830,FUN_005f7830,123,0,"FUN_005f7650 FUN_005f77b0"
005f78b0,FUN_005f78b0,8,0,"FUN_005f7a10"
005f78c0,FUN_005f78c0,237,0,"FUN_005f76c0 FUN_006183f0 _memcpy thunk_FUN_00689dcb"
005f79b0,FUN_005f79b0,81,0,"FUN_005f7720"
005f7a10,FUN_005f7a10,27,0,"FUN_005f79b0 _free"
005f7a30,FUN_005f7a30,126,0,"FUN_00462ab0 FUN_005f7830 FUN_00689dcb"
005f7ab0,FUN_005f7ab0,6181,0,"FUN_00435dc0 FUN_004399c0 FUN_0045d1b0 FUN_0045dda0 FUN_004633a0 FUN_00464200 FUN_00493ac0 FUN_00493b40 FUN_00493c50 FUN_00493d00 FUN_00493d40 FUN_00493d90 FUN_00493f90 FUN_004940e0 FUN_004941d0 FUN_004942c0 FUN_00494450"
005f9310,FUN_005f9310,64,0,"FUN_00435d60"
005f9350,FUN_005f9350,205,0,""
005f9420,FUN_005f9420,27852,0,"FUN_00406360 FUN_004063d0 FUN_00406540 FUN_00406580 FUN_004067d0 FUN_00435160 FUN_004351c0 FUN_00435520 FUN_004359d0 FUN_00435d60 FUN_0045c030 FUN_004963a0 FUN_004e0bf0 FUN_0053cbc0 FUN_005575c0 FUN_005f9310 FUN_005f9350 FUN_0064ccb0 FUN_0064cd00"
00600390,FUN_00600390,6216,0,"FUN_004066b0 FUN_004067d0 FUN_00435160 FUN_00435d60 FUN_00496420 FUN_00596370 FUN_0064ccb0 FUN_0068a1a0"
00601d20,FUN_00601d20,1118,0,"FUN_00427290 FUN_004272b0 FUN_004272d0 FUN_004272f0 FUN_00434e90 FUN_0045af40 FUN_00465190 FUN_00476ad0"
00602250,FUN_00602250,65593,0,"FUN_00406330 FUN_00406360 FUN_004063d0 FUN_00406540 FUN_004066b0 FUN_004067d0 FUN_00435110 FUN_00435160 FUN_004351c0 FUN_00435240 FUN_00435910 FUN_004359d0 FUN_004359f0 FUN_00435d60 FUN_00435dc0 FUN_0045af40 FUN_0045b250 FUN_0045c030 FUN_0045d110 FUN_0045deb0 FUN_0045f560 FUN_00465190 FUN_0046bf30 FUN_00473dd0 FUN_00473f90 FUN_004740c0 FUN_00476ab0 FUN_00476ad0 FUN_00478df0 FUN_00478e60 FUN_00478ee0 FUN_005f9310 FUN_0068a1a0"
006126e0,FUN_006126e0,16032,0,"FUN_00406540 FUN_004066b0 FUN_004067d0 FUN_004399c0 FUN_0068a1a0"
00616800,FUN_00616800,1726,0,"FUN_004067d0 FUN_004399c0 FUN_00478e60"
00616fe0,FUN_00616fe0,17,0,"FUN_004776d0"
00617000,FUN_00617000,2049,0,"FUN_00435110 FUN_004351c0 FUN_0045af40 FUN_0045c030 FUN_00477830"
00617a20,FUN_00617a20,178,0,"FUN_0040ac10 FUN_0068a143 _free"
00617b30,FUN_00617b30,27,0,"FUN_00617a20 _free"
00617b50,FUN_00617b50,108,0,"FUN_00473340 FUN_0068a143"
00617bc0,FUN_00617bc0,406,0,"FUN_00420a80 FUN_00492ed0 FUN_00617b50 FUN_0068a143"
00617d60,FUN_00617d60,130,0,"FUN_004040b0 FUN_0040abc0"
00617df0,FUN_00617df0,519,0,"FUN_004026a0 FUN_0040ac30 FUN_0040ac40 FUN_0040dcf0 FUN_00492f90 FUN_0056d450 FUN_0064af70 FUN_00689dcb FUN_0068a143"
00618000,FUN_00618000,27,0,"FUN_00617bc0 _free"
00618020,FUN_00618020,103,0,"FUN_00435e50 FUN_00617d60"
00618090,FUN_00618090,94,0,"FUN_00421f30 FUN_00440370 FUN_00617df0"
006180f0,FUN_006180f0,100,0,"FUN_00435eb0 FUN_0056da90 FUN_00617a20"
00618160,FUN_00618160,27,0,"FUN_006180f0 _free"
00618180,FUN_00618180,117,0,"FUN_00421f30 FUN_00440370 FUN_0056da90 FUN_00617df0"
00618200,FUN_00618200,123,0,"FUN_00618020 FUN_00618180"
00618280,FUN_00618280,8,0,"FUN_006185c0"
00618290,FUN_00618290,341,0,"FUN_00439580 FUN_00449940 _free _memmove_s"
006183f0,FUN_006183f0,117,0,"FUN_00618290 FUN_00689dcb"
00618470,FUN_00618470,237,0,"FUN_00618090 FUN_006183f0 _memcpy thunk_FUN_00689dcb"
00618560,FUN_00618560,81,0,"FUN_006180f0"
006185c0,FUN_006185c0,27,0,"FUN_00618560 _free"
006185e0,FUN_006185e0,126,0,"FUN_00462ab0 FUN_00618200 FUN_00689dcb"
00618660,FUN_00618660,7161,0,"FUN_00435dc0 FUN_004399c0 FUN_0045d1b0 FUN_0045dda0 FUN_004633a0 FUN_00464200 FUN_00493ac0 FUN_00493b40 FUN_00493c50 FUN_00493d00 FUN_00493d40 FUN_00493d90 FUN_00493f90 FUN_004940e0 FUN_004941d0 FUN_004942c0 FUN_00494450"
0061a290,FUN_0061a290,19522,0,"FUN_00406360 FUN_004063d0 FUN_00406480 FUN_004066b0 FUN_004067d0 FUN_00435160 FUN_004351c0 FUN_00435240 FUN_00435d60 FUN_00435dc0 FUN_00465190 FUN_0053cbc0 FUN_005575c0 FUN_005f9310 FUN_0064ccb0 FUN_0064cd00"
0061f0b0,FUN_0061f0b0,4531,0,"FUN_00406540 FUN_004066b0 FUN_004067d0 FUN_00435160 FUN_004fca60 FUN_00596370 FUN_0064ccb0 FUN_0068a1a0"
006203b0,FUN_006203b0,1177,0,"FUN_00427290 FUN_004272b0 FUN_004272d0 FUN_004272f0 FUN_00434e90 FUN_0045af40 FUN_00465190 FUN_00476ad0"
00620920,FUN_00620920,59038,0,"FUN_00406330 FUN_00406360 FUN_004063d0 FUN_00406540 FUN_004066b0 FUN_004067d0 FUN_00434e10 FUN_00435110 FUN_004351c0 FUN_00435240 FUN_004359f0 FUN_00435d60 FUN_00435dc0 FUN_0045af40 FUN_0045b250 FUN_0045c030 FUN_0045d110 FUN_0045deb0 FUN_0045f560 FUN_00465190 FUN_0046bf30 FUN_00473dd0 FUN_00473f90 FUN_004740c0 FUN_00476ab0 FUN_00476ad0 FUN_00476af0 FUN_00478df0 FUN_00478e60 FUN_00478ee0 FUN_005f9310 FUN_0068a1a0"
0062f450,FUN_0062f450,2609,0,"FUN_004063d0 FUN_004067d0 FUN_004399c0 FUN_0045c030 FUN_00465190 FUN_00478e60"
0062ffc0,FUN_0062ffc0,47,0,"FUN_004776d0"
0062fff0,FUN_0062fff0,1842,0,"FUN_00435110 FUN_0045af40 FUN_00477830"
00630940,FUN_00630940,178,0,"FUN_0040ac10 FUN_0068a143 _free"
00630a50,FUN_00630a50,27,0,"FUN_00630940 _free"
00630a70,FUN_00630a70,406,0,"FUN_00420a80 FUN_00492ed0 FUN_00617b50 FUN_0068a143"
00630c10,FUN_00630c10,130,0,"FUN_004040b0 FUN_0040abc0"
00630ca0,FUN_00630ca0,519,0,"FUN_004026a0 FUN_0040ac30 FUN_0040ac40 FUN_0040dcf0 FUN_00492f90 FUN_0056d450 FUN_0064af70 FUN_00689dcb FUN_0068a143"
00630eb0,FUN_00630eb0,27,0,"FUN_00630a70 _free"
00630ed0,FUN_00630ed0,103,0,"FUN_00435e50 FUN_00630c10"
00630f40,FUN_00630f40,94,0,"FUN_00421f30 FUN_00440370 FUN_00630ca0"
00630fa0,FUN_00630fa0,100,0,"FUN_00435eb0 FUN_0056da90 FUN_00630940"
00631010,FUN_00631010,27,0,"FUN_00630fa0 _free"
00631030,FUN_00631030,117,0,"FUN_00421f30 FUN_00440370 FUN_0056da90 FUN_00630ca0"
006310b0,FUN_006310b0,123,0,"FUN_00630ed0 FUN_00631030"
00631130,FUN_00631130,8,0,"FUN_00631290"
00631140,FUN_00631140,237,0,"FUN_006183f0 FUN_00630f40 _memcpy thunk_FUN_00689dcb"
00631230,FUN_00631230,81,0,"FUN_00630fa0"
00631290,FUN_00631290,27,0,"FUN_00631230 _free"
006312b0,FUN_006312b0,138,0,"FUN_00462ab0 FUN_006310b0 FUN_00689dcb"
00631340,FUN_00631340,6302,0,"FUN_00435dc0 FUN_004399c0 FUN_0045d1b0 FUN_0045dda0 FUN_004633a0 FUN_00464200 FUN_00493ac0 FUN_00493b40 FUN_00493c50 FUN_00493d00 FUN_00493d40 FUN_00493d90 FUN_00493f90 FUN_004940e0 FUN_004941d0 FUN_004942c0 FUN_00494450"
00632c10,FUN_00632c10,27,0,""
00632c30,FUN_00632c30,33614,0,"FUN_00406360 FUN_004063d0 FUN_00406540 FUN_004067d0 FUN_00435160 FUN_004351c0 FUN_00435240 FUN_00435520 FUN_00435d60 FUN_0045c030 FUN_00478dd0 FUN_00496370 FUN_004963a0 FUN_004e0bf0 FUN_004fc710 FUN_004fca60 FUN_0053cbc0 FUN_005575c0 FUN_005b0400 FUN_00632c10 FUN_0064ccb0 FUN_0064cd00 FUN_0068a1a0"
0063b310,FUN_0063b310,6229,0,"FUN_004067d0 FUN_00435160 FUN_00435d60 FUN_00496420 FUN_004fca60 FUN_00596370 FUN_0064ccb0 FUN_0068a1a0"
0063ccb0,FUN_0063ccb0,1553,0,"FUN_00427290 FUN_004272b0 FUN_004272d0 FUN_004272f0 FUN_00434e10 FUN_00434e90 FUN_0045af40 FUN_00465190 FUN_00476ad0"
0063d3c0,FUN_0063d3c0,18,0,"FUN_0068b670"
0063d3e0,FUN_0063d3e0,47777,0,"FUN_00406360 FUN_004063d0 FUN_00406540 FUN_00406580 FUN_004066b0 FUN_004067d0 FUN_00434de0 FUN_00434e10 FUN_00434e90 FUN_00435110 FUN_004351c0 FUN_00435240 FUN_004359d0 FUN_004359f0 FUN_00435ce0 FUN_00435d60 FUN_00435dc0 FUN_004399c0 FUN_0043b170 FUN_0043b240 FUN_0043b280 FUN_0043cf80 FUN_0045af40 FUN_0045b250 FUN_0045c030 FUN_0045c060 FUN_0045d110 FUN_0045deb0 FUN_0045f560 FUN_00465190 FUN_0046bf30 FUN_0046eb00 FUN_00473dd0 FUN_00473f90 FUN_004740c0 FUN_00476ab0 FUN_00476ad0 FUN_00478df0 FUN_00478e60 FUN_00478ee0 FUN_005f9310 FUN_0063d3c0 FUN_0068a1a0"
00649330,FUN_00649330,2973,0,"FUN_004067d0 FUN_004399c0 FUN_00465190 FUN_00478e60"
0064a000,FUN_0064a000,156,0,"FUN_004776d0"
0064a0a0,FUN_0064a0a0,2453,0,"FUN_0045af40 FUN_00465190 FUN_00477830 FUN_00478e60"
0064ac70,FUN_0064ac70,178,0,"FUN_0040ac10 FUN_0068a143 _free"
0064ad80,FUN_0064ad80,27,0,"FUN_0064ac70 _free"
0064ada0,FUN_0064ada0,46,0,""
0064add0,FUN_0064add0,406,0,"FUN_00420a80 FUN_00492ed0 FUN_00617b50 FUN_0068a143"
0064af70,FUN_0064af70,105,0,"FUN_004460e0 FUN_0068a143"
0064afe0,FUN_0064afe0,130,0,"FUN_004040b0 FUN_0040abc0"
0064b070,FUN_0064b070,519,0,"FUN_004026a0 FUN_0040ac30 FUN_0040ac40 FUN_0040dcf0 FUN_00492f90 FUN_0056d450 FUN_0064af70 FUN_00689dcb FUN_0068a143"
0064b280,FUN_0064b280,27,0,"FUN_0064add0 _free"
0064b2a0,FUN_0064b2a0,103,0,"FUN_00435e50 FUN_0064afe0"
0064b310,FUN_0064b310,94,0,"FUN_00421f30 FUN_00440370 FUN_0064b070"
0064b370,FUN_0064b370,100,0,"FUN_00435eb0 FUN_0056da90 FUN_0064ac70"
0064b3e0,FUN_0064b3e0,27,0,"FUN_0064b370 _free"
0064b400,FUN_0064b400,117,0,"FUN_00421f30 FUN_00440370 FUN_0056da90 FUN_0064b070"
0064b480,FUN_0064b480,123,0,"FUN_0064b2a0 FUN_0064b400"
0064b500,FUN_0064b500,8,0,"FUN_0064b6d0"
0064b510,FUN_0064b510,77,0,"FUN_0068a143"
0064b560,FUN_0064b560,27,0,"FUN_0064b510"
0064b580,FUN_0064b580,237,0,"FUN_006183f0 FUN_0064b310 _memcpy thunk_FUN_00689dcb"
0064b670,FUN_0064b670,81,0,"FUN_0064b370"
0064b6d0,FUN_0064b6d0,27,0,"FUN_0064b670 _free"
0064b6f0,FUN_0064b6f0,126,0,"FUN_00462ab0 FUN_0064b480 FUN_00689dcb"
0064b770,FUN_0064b770,33,0,"FUN_00462ce0 _free"
0064b7a0,FUN_0064b7a0,5352,0,"FUN_00435dc0 FUN_004399c0 FUN_0045d1b0 FUN_0045dda0 FUN_004633a0 FUN_00464200 FUN_00493ac0 FUN_00493b40 FUN_00493c50 FUN_00493d00 FUN_00493d40 FUN_00493d90 FUN_00493f90 FUN_004940e0 FUN_004941d0 FUN_004942c0 FUN_00494450"
0064ccb0,FUN_0064ccb0,78,0,""
0064cd00,FUN_0064cd00,73,0,""
0064cd50,FUN_0064cd50,40993,0,"FUN_00406360 FUN_004063d0 FUN_00406540 FUN_00406580 FUN_004067d0 FUN_00434ee0 FUN_00435160 FUN_004351c0 FUN_004359d0 FUN_00435d60 FUN_004399c0 FUN_0045c030 FUN_004963a0 FUN_004e0bf0 FUN_004fca60 FUN_00520860 FUN_0053cbc0 FUN_005575c0 FUN_005b0400 FUN_0064ccb0 FUN_0064cd00 FUN_0068a1a0"
00657150,FUN_00657150,8590,0,"FUN_00406360 FUN_004063d0 FUN_004067d0 FUN_00435160 FUN_00435d60 FUN_0045c030 FUN_0045cd70 FUN_004fca60 FUN_00596370 FUN_0064ccb0 FUN_0068a1a0"
00659420,FUN_00659420,1412,0,"FUN_00427290 FUN_004272b0 FUN_004272d0 FUN_004272f0 FUN_00434e90 FUN_004359d0 FUN_0045af40 FUN_00465190 FUN_00476ad0"
00659aa0,FUN_00659aa0,8643,0,"FUN_00406480 FUN_004066b0 FUN_004067d0 FUN_00435160 FUN_004351c0 FUN_00435240 FUN_004359f0 FUN_0068a1a0"
0065bf90,FUN_0065bf90,2676,0,"FUN_00406360 FUN_004063d0 FUN_004066b0 FUN_004067d0 FUN_00435240 FUN_004359f0"
0065cb40,FUN_0065cb40,14783,0,"FUN_00406360 FUN_004063d0 FUN_004351c0 FUN_004359f0 FUN_0043ac40 FUN_006609c0 FUN_006609f0"
00660730,FUN_00660730,80,0,"FUN_004064b0 FUN_004073e0 FUN_00435360"
00660780,FUN_00660780,266,0,"FUN_004359f0"
006609c0,FUN_006609c0,47,0,"FUN_0046e9d0"
006609f0,FUN_006609f0,16,0,""
00660a00,FUN_00660a00,248,0,""
00660b00,FUN_00660b00,35,0,""
00660b30,FUN_00660b30,12198,0,"FUN_004067d0 FUN_0043b1a0 FUN_00665470"
00663b70,FUN_00663b70,4381,0,"FUN_00406360 FUN_004063d0 FUN_00406480 FUN_004064b0 FUN_004067d0 FUN_00435160 FUN_004351c0 FUN_00435520"
00664e10,FUN_00664e10,1383,0,"FUN_00406360 FUN_004063d0 FUN_004067d0"
00665470,FUN_00665470,45,0,"FUN_004695b0"
006654a0,FUN_006654a0,21,0,"FUN_00417ff0"
006654c0,FUN_006654c0,10,0,"FUN_00418040"
006654d0,FUN_006654d0,199,0,"FUN_00407ad0"
006655a0,FUN_006655a0,173,0,"FUN_00407ad0"
00665650,FUN_00665650,140,0,"FUN_00407ad0"
006656e0,FUN_006656e0,248,0,"FUN_00407ad0 FUN_00665650"
00665810,FUN_00665810,680,0,"CloseHandle CreateMutexA CreateWindowExA FUN_00407bb0 FUN_00407da0 FUN_00407f80 FUN_00408120 FUN_0040cf30 FUN_00689dcb GetLastError GetModuleFileNameA GetStockObject GetSystemMetrics LoadCursorA LoadIconA MessageBoxA RegisterClassExA SetCurrentDirectoryA ShowWindow UpdateWindow __security_check_cookie _free _strrchr wsprintfA"
00665ac7,FUN_00665ac7,11,0,"FUN_00401740"
00665ad2,FUN_00665ad2,33,0,"FUN_00401740 _free"
00665af4,FUN_00665af4,62,0,"FUN_00401670 FUN_00401dc0 __CxxThrowException@8 __EH_prolog3"
00665b33,FUN_00665b33,62,0,"FUN_00401670 FUN_00401dc0 __CxxThrowException@8 __EH_prolog3"
00665b8a,thunk_FUN_00689dcb,5,0,""
00665b90,FUN_00665b90,39,0,""
00665bc0,FUN_00665bc0,79,0,"_memcpy"
00665c10,FUN_00665c10,2014,0,"FUN_00665b90 FUN_00665bc0 FUN_00667870 FUN_00669120 FUN_0066a9a0 FUN_0066aa40 _memset"
006663f0,FUN_006663f0,210,0,""
006664d0,FUN_006664d0,134,0,"_memset"
00666560,FUN_00666560,380,0,""
006666e0,FUN_006666e0,194,0,""
006667b0,FUN_006667b0,334,0,"FUN_00667870 FUN_00669120 _memcpy"
00666ae0,FUN_00666ae0,877,0,"FUN_00665bc0 FUN_00666560 FUN_006666e0 FUN_006667b0 FUN_0066ac30 _memcpy"
006672e0,FUN_006672e0,143,0,"FUN_006664d0 FUN_00667870 FUN_00669120 FUN_0066a5d0"
00667370,FUN_00667370,541,0,"FUN_006663f0 FUN_006672e0 FUN_0066ae40"
00667590,FUN_00667590,37,0,"FUN_00667370"
006675c0,FUN_006675c0,6,0,""
006675d0,FUN_006675d0,657,0,""
00667870,FUN_00667870,24,0,"FUN_006675d0"
00667890,FUN_00667890,93,0,""
006678f0,FUN_006678f0,203,0,"FUN_00667890 FUN_0066ae40 FUN_0066ae60"
006679c0,FUN_006679c0,26,0,"FUN_006678f0"
006679e0,FUN_006679e0,231,0,"_memcpy"
00667ad0,FUN_00667ad0,5479,0,"FUN_00667870 FUN_006679e0 FUN_00669120 FUN_0066ae70 FUN_0066b330 _memcpy"
006690d0,FUN_006690d0,74,0,""
00669120,FUN_00669120,617,0,""
006693a0,FUN_006693a0,110,0,""
00669410,FUN_00669410,198,0,""
006694e0,FUN_006694e0,529,0,""
00669700,FUN_00669700,226,0,""
006697f0,FUN_006697f0,1285,0,""
00669d00,FUN_00669d00,603,0,"FUN_006697f0"
00669f60,FUN_00669f60,1035,0,""
0066a370,FUN_0066a370,203,0,""
0066a440,FUN_0066a440,117,0,""
0066a4c0,FUN_0066a4c0,115,0,""
0066a540,FUN_0066a540,130,0,"FUN_0066a4c0"
0066a5d0,FUN_0066a5d0,100,0,"FUN_006693a0"
0066a640,FUN_0066a640,144,0,"__security_check_cookie"
0066a6d0,FUN_0066a6d0,503,0,"FUN_00669410 FUN_006694e0 FUN_0066a640"
0066a8d0,FUN_0066a8d0,198,0,"FUN_00669700 FUN_0066a6d0"
0066a9a0,FUN_0066a9a0,159,0,"FUN_0066a540"
0066aa40,FUN_0066aa40,493,0,"FUN_0066a440"
0066ac30,FUN_0066ac30,526,0,"FUN_006693a0 FUN_00669d00 FUN_00669f60 FUN_0066a370 FUN_0066a4c0 FUN_0066a6d0 FUN_0066a8d0 FUN_0066a9a0"
0066ae40,FUN_0066ae40,19,0,"_malloc"
0066ae60,FUN_0066ae60,10,0,"_free"
0066ae70,FUN_0066ae70,1202,0,""
0066b330,FUN_0066b330,1256,0,"__security_check_cookie"
0066b81e,ImmSetCandidateWindow,6,2,""
0066b824,ImmGetContext,6,1,""
0066b82a,ImmReleaseContext,6,2,""
0066b830,ImmGetCompositionStringA,6,4,""
0066b840,FUN_0066b840,45,0,"FUN_00670500"
0066b870,FUN_0066b870,298,0,"__security_check_cookie"
0066b9a0,FUN_0066b9a0,79,0,"FUN_00670410 FUN_006707a0"
0066b9f0,thunk_FUN_006707f0,5,0,""
0066ba00,FUN_0066ba00,25,0,"FUN_00667870"
0066ba20,FUN_0066ba20,73,0,"FUN_00667870"
0066ba70,FUN_0066ba70,57,0,"FUN_00670760 FUN_00670780 _memset"
0066bab0,FUN_0066bab0,977,0,"FUN_0066bab0 FUN_006707f0 thunk_FUN_006707f0"
0066be90,FUN_0066be90,91,0,"FUN_0066ba70 FUN_0066bab0 FUN_006707f0"
0066bef0,FUN_0066bef0,13,0,""
0066bf00,FUN_0066bf00,6,0,""
0066bf10,FUN_0066bf10,236,0,""
0066c000,FUN_0066c000,532,0,"FUN_00670410 FUN_00670500"
0066c220,FUN_0066c220,155,0,""
0066c370,FUN_0066c370,86,0,"FUN_0066c220"
0066c3d0,FUN_0066c3d0,121,0,"FUN_0068a1a0 FUN_0068ca00"
0066c450,FUN_0066c450,70,0,"FUN_0068a1a0 FUN_0068ca00"
0066c4a0,FUN_0066c4a0,74,0,"FUN_0068a1a0 FUN_0068ca00"
0066c4f0,FUN_0066c4f0,74,0,"FUN_0068a1a0 FUN_0068ca00"
0066c540,FUN_0066c540,114,0,""
0066c5c0,FUN_0066c5c0,113,0,"FUN_0068c230 FUN_0068ca00"
0066c640,FUN_0066c640,114,0,"FUN_0068c230 FUN_0068ca00"
0066c6c0,FUN_0066c6c0,55,0,"FUN_0066c5c0 FUN_0066c640"
0066c700,FUN_0066c700,21,0,""
0066c720,FUN_0066c720,397,0,"FUN_0066c700 FUN_006707a0 FUN_00670850 FUN_0068c230 FUN_0068ca00"
0066c8b0,FUN_0066c8b0,317,0,"FUN_0066c640 FUN_006707a0 FUN_00670850"
0066ca00,FUN_0066ca00,80,0,"FUN_0066c5c0 FUN_0066c700 FUN_006707a0"
0066ca50,FUN_0066ca50,450,0,"FUN_0066c450 FUN_0066c4a0 FUN_0066c4f0 FUN_0066c720 FUN_0066c8b0 FUN_0066ca00"
0066cc20,FUN_0066cc20,64,0,"FUN_0066ba70 FUN_006705c0"
0066cc60,FUN_0066cc60,443,0,"FUN_0066c540 FUN_00670410"
0066ce20,FUN_0066ce20,756,0,"ExitProcess FUN_006679c0 FUN_0066bf00 FUN_00670280 FUN_00670370 FUN_006703f0 FUN_00670410 FUN_006705c0 FUN_00670670 FUN_00670730 FUN_006707f0 FUN_00670820 __security_check_cookie __setjmp3 __snprintf"
0066d130,FUN_0066d130,4810,0,"FUN_0066bf10 FUN_00670500 FUN_00670900 FUN_00671a60 FUN_00671b90 FUN_00671cf0 FUN_00671e90 FUN_00671ee0 FUN_00672020 FUN_00672190 FUN_006724b0 FUN_006726a0 FUN_00672920 FUN_00672c00 FUN_00672e90 FUN_006730e0 FUN_00673270 FUN_006733c0 FUN_00673530 FUN_00673860 FUN_00673a40 FUN_00673b60 FUN_00673d10 FUN_00673f20 FUN_006741e0 __security_check_cookie"
0066e400,FUN_0066e400,1308,0,"FUN_00667ad0 FUN_00670500 FUN_00670530 FUN_00670990 FUN_00670dd0 FUN_006710d0 FUN_00671540 FUN_00671720 FUN_00671a60 FUN_00671ae0 FUN_00674450 FUN_00677ff0 FUN_006780c0 __security_check_cookie _memcpy"
0066e940,FUN_0066e940,4435,0,"FUN_0066bf10 FUN_00670530 FUN_00671a60 FUN_00671ae0 FUN_00671b90 FUN_00671cf0 FUN_00671e90 FUN_00671ee0 FUN_00672020 FUN_00672190 FUN_006724b0 FUN_006726a0 FUN_00672920 FUN_00672c00 FUN_00672e90 FUN_006730e0 FUN_00673270 FUN_006733c0 FUN_00673530 FUN_00673860 FUN_00673a40 FUN_00673b60 FUN_00673d10 FUN_00673f20 FUN_006741e0 __security_check_cookie"
0066fac0,FUN_0066fac0,652,0,"FUN_006690d0 FUN_0066be90 FUN_006707f0 _memset thunk_FUN_006707f0"
0066fd60,FUN_0066fd60,35,0,"FUN_0066ce20"
0066fd90,FUN_0066fd90,195,0,"FUN_0066bab0 FUN_0066fac0 FUN_00670670"
0066fe60,FUN_0066fe60,13,0,""
0066fe70,FUN_0066fe70,139,0,""
0066ff00,FUN_0066ff00,52,0,""
0066ff40,FUN_0066ff40,81,0,""
0066ffa0,FUN_0066ffa0,392,0,""
00670130,FUN_00670130,227,0,""
00670220,FUN_00670220,28,0,"FUN_00670500"
00670240,FUN_00670240,52,0,"FUN_00670500 FUN_0068ceef"
00670280,FUN_00670280,75,0,"FUN_00670410"
006702d0,FUN_006702d0,153,0,""
00670370,FUN_00670370,26,0,""
00670390,FUN_00670390,34,0,"ExitProcess"
006703f0,FUN_006703f0,30,0,""
00670410,FUN_00670410,125,0,"FUN_0068cf0a FUN_0068d059"
00670470,FUN_00670470,72,0,"FUN_006702d0 FUN_00670410 __security_check_cookie"
006704c0,FUN_006704c0,58,0,"FUN_00670390 FUN_0068cf0a FUN_0068d059"
00670500,FUN_00670500,39,0,"FUN_006704c0"
00670530,FUN_00670530,33,0,"FUN_00670410 FUN_00670500"
00670560,FUN_00670560,45,0,"FUN_006702d0 FUN_00670500"
00670590,FUN_00670590,34,0,"FUN_00670470 FUN_00670560"
006705c0,FUN_006705c0,164,0,"__security_check_cookie _malloc _memset"
00670670,FUN_00670670,114,0,"__security_check_cookie _free"
006706f0,FUN_006706f0,28,0,"_malloc"
00670710,FUN_00670710,22,0,"_free"
00670730,FUN_00670730,39,0,""
00670760,FUN_00670760,18,0,"FUN_006705c0"
00670780,FUN_00670780,18,0,"FUN_00670670"
006707a0,FUN_006707a0,69,0,"FUN_00670500 FUN_006706f0"
006707f0,FUN_006707f0,42,0,"FUN_00670710"
00670820,FUN_00670820,47,0,"FUN_006707a0"
00670850,FUN_00670850,43,0,"FUN_006707a0 _memset"
00670880,FUN_00670880,57,0,"FUN_00670500"
006708c0,FUN_006708c0,61,0,"FUN_00670410"
00670900,FUN_00670900,141,0,"FUN_0066b870 FUN_00670220 FUN_00670500"
00670990,FUN_00670990,42,0,"FUN_0066ba20 FUN_00670220"
006709c0,FUN_006709c0,132,0,"FUN_00670220"
00670a50,FUN_00670a50,337,0,"FUN_00667890 FUN_00667ad0 FUN_00670410 __security_check_cookie __snprintf _memcpy"
00670bb0,FUN_00670bb0,439,0,"FUN_00670410 FUN_006707f0 FUN_00670820 FUN_00670a50 __security_check_cookie __snprintf _memcpy"
00670d70,FUN_00670d70,95,0,"FUN_00670560"
00670dd0,FUN_00670dd0,764,0,"_memcpy"
006710d0,FUN_006710d0,1123,0,"__security_check_cookie _memcpy"
00671540,FUN_00671540,450,0,"FUN_00670500"
00671720,FUN_00671720,819,0,"FUN_00670500 FUN_006707a0 FUN_006707f0 FUN_00670850 FUN_00674800 _memset"
00671a60,FUN_00671a60,124,0,"FUN_0066ba00 FUN_0066ba20 FUN_00670220 FUN_00670880 FUN_00670d70 __security_check_cookie"
00671ae0,FUN_00671ae0,161,0,"FUN_00670470 FUN_00670590 FUN_00670990 FUN_006709c0"
00671b90,FUN_00671b90,345,0,"FUN_00670500 FUN_00670880 FUN_00670990 FUN_00671ae0 FUN_00678770 __security_check_cookie"
00671cf0,FUN_00671cf0,407,0,"FUN_00670410 FUN_00670500 FUN_00670990 FUN_00671ae0 FUN_00678c10"
00671e90,FUN_00671e90,69,0,"FUN_00670410 FUN_00670500 FUN_00671ae0"
00671ee0,FUN_00671ee0,312,0,"FUN_00670410 FUN_00670500 FUN_006708c0 FUN_00670990 FUN_00671ae0 FUN_00678660 FUN_0068cf0a FUN_0068d059"
00672020,FUN_00672020,362,0,"FUN_00670410 FUN_00670500 FUN_00670990 FUN_00671ae0 FUN_00678cb0"
00672190,FUN_00672190,787,0,"FUN_00670410 FUN_00670500 FUN_006708c0 FUN_00670990 FUN_00671ae0 FUN_006785c0 FUN_0068cf0a FUN_0068d059 __security_check_cookie"
006724b0,FUN_006724b0,491,0,"FUN_00670410 FUN_00670500 FUN_00670990 FUN_00671ae0 FUN_00678d00 FUN_0068cf0a FUN_0068d059"
006726a0,FUN_006726a0,630,0,"FUN_00670410 FUN_00670500 FUN_006707a0 FUN_006707f0 FUN_00670990 FUN_00670bb0 FUN_00671ae0 FUN_00678d60 __security_check_cookie __snprintf"
00672920,FUN_00672920,725,0,"FUN_00670410 FUN_00670500 FUN_006707a0 FUN_006707f0 FUN_00670820 FUN_00670990 FUN_00671ae0 FUN_00679230"
00672c00,FUN_00672c00,641,0,"FUN_00670410 FUN_00670500 FUN_00670990 FUN_00671ae0 FUN_00679140 __security_check_cookie"
00672e90,FUN_00672e90,585,0,"FUN_00670410 FUN_00670500 FUN_00670990 FUN_00671ae0 FUN_00678590 __security_check_cookie"
006730e0,FUN_006730e0,389,0,"FUN_00670410 FUN_00670500 FUN_00670990 FUN_00671ae0 FUN_006786b0 __security_check_cookie"
00673270,FUN_00673270,323,0,"FUN_00670410 FUN_00670500 FUN_00670990 FUN_00671ae0 FUN_00678be0 __security_check_cookie"
006733c0,FUN_006733c0,365,0,"FUN_00670410 FUN_00670500 FUN_00670990 FUN_00671ae0 FUN_00678850 __security_check_cookie"
00673530,FUN_00673530,806,0,"FUN_00670410 FUN_00670500 FUN_006707f0 FUN_00670820 FUN_00670990 FUN_00671ae0 FUN_00678880"
00673860,FUN_00673860,465,0,"FUN_0066c220 FUN_00670410 FUN_00670500 FUN_006707f0 FUN_00670820 FUN_00670990 FUN_00671ae0 FUN_00678a70"
00673a40,FUN_00673a40,285,0,"FUN_00670410 FUN_00670500 FUN_00670990 FUN_00671ae0 FUN_00679110 __security_check_cookie"
00673b60,FUN_00673b60,420,0,"FUN_00670410 FUN_00670500 FUN_006707f0 FUN_00670820 FUN_00670990 FUN_00671ae0 FUN_00678e50 lstrlenA"
00673d10,FUN_00673d10,516,0,"FUN_00670410 FUN_00670500 FUN_006707f0 FUN_00670820 FUN_00670990 FUN_00670bb0 FUN_00671ae0 FUN_00678e50"
00673f20,FUN_00673f20,689,0,"FUN_00670410 FUN_00670500 FUN_006707f0 FUN_00670820 FUN_00670990 FUN_00670bb0 FUN_00671ae0 FUN_00678e50 lstrlenA"
006741e0,FUN_006741e0,618,0,"FUN_0066bf10 FUN_00670410 FUN_00670560 FUN_006707a0 FUN_006707f0 FUN_00670990 FUN_00671ae0 FUN_006793c0 __security_check_cookie"
00674450,FUN_00674450,867,0,"FUN_00667890 FUN_00667ad0 FUN_00670410 FUN_00670500 FUN_00670990 FUN_00671a60 FUN_00671ae0 __security_check_cookie _memset"
006747c0,FUN_006747c0,50,0,"FUN_0066c3d0 FUN_0066c700"
00674800,FUN_00674800,2536,0,"FUN_0066c450 FUN_0066c4f0 FUN_0066c5c0 FUN_0066c6c0 FUN_0066c700 FUN_0066ca50 FUN_00670500 FUN_006747c0"
006751f0,FUN_006751f0,318,0,""
00675330,FUN_00675330,431,0,""
00675510,FUN_00675510,77,0,""
00675560,FUN_00675560,374,0,""
006756e0,FUN_006756e0,206,0,""
006757c0,FUN_006757c0,790,0,""
00675ae0,FUN_00675ae0,437,0,""
00675ca0,FUN_00675ca0,1785,0,""
006763b0,FUN_006763b0,4001,0,""
006773b0,FUN_006773b0,913,0,""
00677770,FUN_00677770,576,0,""
006779c0,FUN_006779c0,1125,0,""
00677e30,FUN_00677e30,74,0,""
00677e80,FUN_00677e80,358,0,""
00677ff0,FUN_00677ff0,201,0,""
006780c0,FUN_006780c0,1224,0,"FUN_0066fe70 FUN_0066ff00 FUN_0066ff40 FUN_0066ffa0 FUN_00670130 FUN_00670410 FUN_00670500 FUN_006751f0 FUN_00675330 FUN_00675510 FUN_00675560 FUN_006756e0 FUN_006757c0 FUN_00675ae0 FUN_00675ca0 FUN_006763b0 FUN_006773b0 FUN_00677770 FUN_006779c0 FUN_00677e30 FUN_00677e80 __security_check_cookie __snprintf"
00678590,FUN_00678590,43,0,""
006785c0,FUN_006785c0,158,0,"FUN_0066cc60"
00678660,FUN_00678660,70,0,"FUN_00670410"
006786b0,FUN_006786b0,181,0,"FUN_0066bab0 FUN_00670410 FUN_00670820"
00678770,FUN_00678770,209,0,"FUN_0066c000"
00678850,FUN_00678850,44,0,""
00678880,FUN_00678880,494,0,"FUN_0066c370 FUN_00670410 FUN_00670500 FUN_00670820 _memcpy _memset lstrlenA"
00678a70,FUN_00678a70,357,0,"FUN_0066c370 FUN_00670410 FUN_00670500 FUN_006707f0 FUN_00670820 _memcpy lstrlenA"
00678be0,FUN_00678be0,44,0,""
00678c10,FUN_00678c10,151,0,"FUN_0066bab0 FUN_00670410 FUN_00670500 FUN_00670850 _memcpy"
00678cb0,FUN_00678cb0,35,0,""
00678ce0,FUN_00678ce0,30,0,""
00678d00,FUN_00678d00,95,0,"FUN_006785c0 FUN_00678660 FUN_00678ce0"
00678d60,FUN_00678d60,237,0,"FUN_0066bab0 FUN_00670410 FUN_006707f0 FUN_00670820 _memcpy lstrlenA"
00678e50,FUN_00678e50,694,0,"FUN_00670410 FUN_006707f0 FUN_00670820 _memcpy lstrlenA"
00679110,FUN_00679110,47,0,""
00679140,FUN_00679140,233,0,"FUN_0066bab0 FUN_00670410 FUN_006707a0 _memcpy"
00679230,FUN_00679230,380,0,"FUN_00670410 FUN_006707f0 FUN_00670820 _memcpy lstrlenA"
006793c0,FUN_006793c0,334,0,"FUN_00670410 FUN_006707f0 FUN_00670820 _memcpy"
0067a890,FUN_0067a890,221,0,"FUN_0067cb80 FUN_0067cc40 FUN_0067d450 FUN_0067d870 FUN_006b60c0 FUN_006b6260 _free"
0067a990,FUN_0067a990,76,0,"FUN_0067a9e0 FUN_0067ad80"
0067a9e0,FUN_0067a9e0,274,0,"FUN_0067a890 FUN_0067ab00 FUN_006b6050 FUN_006b6240 FUN_006b6290 FUN_006b6310 _calloc"
0067ab00,FUN_0067ab00,321,0,"FUN_0067ac50 FUN_0067cb60 FUN_0067cb80 FUN_0067cc10 FUN_0067cc40 FUN_0067cdb0 FUN_006b5ff0 FUN_006b6480 FUN_006b67e0 FUN_006b6800"
0067ac50,FUN_0067ac50,190,0,"FUN_0067ad10 FUN_006b6330"
0067ad10,FUN_0067ad10,100,0,"FUN_0068d392 FUN_006b6290 FUN_006b6310"
0067ad80,FUN_0067ad80,79,0,"FUN_0067a890 FUN_0067add0"
0067add0,FUN_0067add0,249,0,"FUN_0067aed0 FUN_0067b030 FUN_0067b250 FUN_0067b660 FUN_006b5ff0"
0067aed0,FUN_0067aed0,274,0,"FUN_0067ac50 FUN_0067aff0"
0067aff0,FUN_0067aff0,54,0,"FUN_006b6770"
0067b030,FUN_0067b030,540,0,"FUN_0067ac50 FUN_0067aff0 FUN_0067b030 FUN_006b5ff0 __alldiv _malloc"
0067b250,FUN_0067b250,733,0,"FUN_0067ab00 FUN_0067ac50 FUN_0067aed0 FUN_0067aff0 FUN_0067cb80 FUN_0067cc40 FUN_0067e450 FUN_0068d48a FUN_006b5f10 FUN_006b5ff0 FUN_006b6480 FUN_006b67e0 FUN_006b6800 _malloc"
0067b530,FUN_0067b530,41,0,"FUN_0067d450 FUN_0067d870"
0067b560,FUN_0067b560,103,0,"FUN_0067b560"
0067b5d0,FUN_0067b5d0,139,0,"FUN_0067b5d0"
0067b660,FUN_0067b660,787,0,"FUN_0067ac50 FUN_0067aff0 FUN_0067b530 FUN_0067b560 FUN_0067daa0 FUN_0067e450 FUN_006b5f00 FUN_006b5ff0 FUN_006b6050 FUN_006b60c0 FUN_006b6480 FUN_006b6790 FUN_006b67e0 FUN_006b6800"
0067b980,FUN_0067b980,1516,0,"FUN_0067ac50 FUN_0067aed0 FUN_0067aff0 FUN_0067b530 FUN_0067b560 FUN_0067b660 FUN_0067daa0 FUN_006b5ee0 FUN_006b5f10 FUN_006b5ff0 FUN_006b6480 FUN_006b67e0 FUN_006b6800 FUN_006b6950 __alldiv __allmul"
0067bf70,FUN_0067bf70,763,0,"FUN_0067ac50 FUN_0067b530 FUN_0067b560 FUN_0067b980 FUN_0067c270 FUN_0067c2f0 FUN_0067cbf0 FUN_0067db40 FUN_0067e190 FUN_0067e1f0 FUN_0067e370 FUN_0067e450 FUN_006b5ff0 FUN_006b6480 FUN_006b67e0 FUN_006b6800 FUN_006b6950"
0067c270,FUN_0067c270,122,0,"FUN_0067d320 FUN_0067db10"
0067c2f0,FUN_0067c2f0,708,0,"FUN_0067ab00 FUN_0067ac50 FUN_0067b530 FUN_0067c270 FUN_0067cb80 FUN_0067cc40 FUN_0067db40 FUN_0067e190 FUN_0067e220 FUN_006b5ff0 FUN_006b6480 FUN_006b67e0 FUN_006b6800"
0067c5c0,FUN_0067c5c0,247,0,"FUN_0067b560 FUN_0067b5d0 FUN_0067bf70 __ftol"
0067c6c0,FUN_0067c6c0,225,0,"FUN_0067b560 FUN_0067b5d0"
0067c7b0,FUN_0067c7b0,58,0,""
0067c7f0,FUN_0067c7f0,860,0,"FUN_0067c2f0 FUN_0067c7b0 FUN_0067cb50 FUN_0067e190 FUN_0067e1f0"
0067cb50,FUN_0067cb50,3,0,""
0067cb60,FUN_0067cb60,18,0,""
0067cb80,FUN_0067cb80,96,0,"_free"
0067cbf0,FUN_0067cbf0,23,0,""
0067cc10,FUN_0067cc10,38,0,"_calloc"
0067cc40,FUN_0067cc40,344,0,"FUN_0067e4f0 FUN_00681190 FUN_006811b0 _free"
0067cdb0,FUN_0067cdb0,256,0,"FUN_0067ceb0 FUN_0067cee0 FUN_0067cfc0 FUN_0067d0a0 FUN_006b6b00 FUN_006b6c10"
0067ceb0,FUN_0067ceb0,46,0,"FUN_006b6c10"
0067cee0,FUN_0067cee0,215,0,"FUN_0067cc40 FUN_006b6c10"
0067cfc0,FUN_0067cfc0,216,0,"FUN_0067cb80 FUN_0067ceb0 FUN_006b6c10 _calloc"
0067d0a0,FUN_0067d0a0,631,0,"FUN_0067cc40 FUN_006816c0 FUN_006b6c10 _calloc"
0067d320,FUN_0067d320,76,0,"FUN_006b6970 _calloc"
0067d370,FUN_0067d370,108,0,"_malloc"
0067d3e0,FUN_0067d3e0,80,0,"FUN_0068d48a _free"
0067d450,FUN_0067d450,75,0,"FUN_0067d3e0 FUN_006b6ad0 _free"
0067d4b0,FUN_0067d4b0,919,0,"FUN_0067d850 FUN_0067e510 FUN_00681190 FUN_00681210 FUN_00681270 FUN_00683860 FUN_00683a90 _calloc _malloc"
0067d850,FUN_0067d850,19,0,""
0067d870,FUN_0067d870,463,0,"FUN_0067e4d0 FUN_0067f260 FUN_00682340 FUN_00682440 FUN_00683a50 FUN_00683c70 _free"
0067daa0,FUN_0067daa0,108,0,""
0067db10,FUN_0067db10,45,0,"FUN_0067d4b0 FUN_0067daa0"
0067db40,FUN_0067db40,1615,0,"FUN_00684cf0 __allshr"
0067e190,FUN_0067e190,88,0,""
0067e1f0,FUN_0067e1f0,43,0,""
0067e220,FUN_0067e220,336,0,"FUN_0067d370 FUN_0067d3e0 FUN_006b6b00 FUN_006b6c10"
0067e370,FUN_0067e370,213,0,"FUN_0067d3e0 FUN_006b6b00 FUN_006b6c10"
0067e450,FUN_0067e450,122,0,"FUN_006b6b00 FUN_006b6c10"
0067e4d0,FUN_0067e4d0,27,0,"_free"
0067e4f0,FUN_0067e4f0,27,0,"_free"
0067e510,FUN_0067e510,1352,0,"FUN_0067ea60 FUN_0068ca00 __ftol _malloc"
0067ea60,FUN_0067ea60,1917,0,"FUN_0067f1e0 FUN_0067f210 FUN_0067f240 FUN_0068b510 FUN_0068ca00 __alloca_probe __ftol _malloc"
0067f1e0,FUN_0067f1e0,41,0,""
0067f210,FUN_0067f210,41,0,""
0067f240,FUN_0067f240,25,0,""
0067f260,FUN_0067f260,113,0,"_free"
0067f320,FUN_0067f320,96,0,""
0067f380,FUN_0067f380,237,0,"FUN_0067f470 __alloca_probe __ftol"
0067f470,FUN_0067f470,1479,0,"__alloca_probe"
0067fa40,FUN_0067fa40,159,0,"FUN_0067fae0 FUN_0067fc90 __alloca_probe"
0067fae0,FUN_0067fae0,224,0,"FUN_0067fbc0"
0067fbc0,FUN_0067fbc0,194,0,"__ftol"
0067fc90,FUN_0067fc90,306,0,"FUN_0067fdd0"
0067fdd0,FUN_0067fdd0,338,0,"__alloca_probe"
0067ff30,FUN_0067ff30,138,0,""
0067ffc0,FUN_0067ffc0,330,0,"FUN_0067d370 FUN_00680110 FUN_006801e0"
00680110,FUN_00680110,201,0,""
006801e0,FUN_006801e0,140,0,""
00680270,FUN_00680270,351,0,"FUN_0067d370 __alloca_probe _qsort"
00680420,FUN_00680420,195,0,"__alloca_probe _qsort"
006804f0,FUN_006804f0,591,0,"FUN_00680740 FUN_0068ca00"
00680740,FUN_00680740,23,0,""
00680760,FUN_00680760,995,0,"FUN_00680740 FUN_00680b50 FUN_00680c20 FUN_0068ca00"
00680b50,FUN_00680b50,206,0,""
00680c20,FUN_00680c20,101,0,""
00680c90,FUN_00680c90,79,0,"_ldexp"
00680ce0,FUN_00680ce0,367,0,"_free _malloc"
00680e60,FUN_00680e60,102,0,"FUN_0068c230 FUN_0068ca00 __ftol"
00680ed0,FUN_00680ed0,491,0,"FUN_00680c90 FUN_00680e60 _calloc"
006810c0,FUN_006810c0,87,0,"_free"
00681190,FUN_00681190,26,0,"FUN_006810c0 _free"
006811b0,FUN_006811b0,81,0,"_free"
00681210,FUN_00681210,83,0,"FUN_00680ce0 FUN_00680ed0"
00681270,FUN_00681270,345,0,"FUN_00680ce0 FUN_006811b0 FUN_00681640 __alloca_probe _free _malloc _qsort"
00681640,FUN_00681640,96,0,""
006816c0,FUN_006816c0,574,0,"FUN_00680e60 FUN_006810c0 FUN_00688c10 FUN_006b6c10 _malloc"
00681900,FUN_00681900,52,0,"FUN_006b69b0"
00681940,FUN_00681940,295,0,"FUN_00681640 FUN_006b6b30 FUN_006b6be0"
00681a70,FUN_00681a70,507,0,"FUN_00681640 FUN_006b6b30 FUN_006b6be0 __alloca_probe"
00682000,FUN_00682000,373,0,"FUN_00681640 FUN_006b6b30 FUN_006b6be0"
00682180,FUN_00682180,443,0,"FUN_00681640 FUN_006b6b30 FUN_006b6be0"
00682340,FUN_00682340,186,0,"FUN_006b6ad0 _free"
00682420,FUN_00682420,21,0,""
00682440,FUN_00682440,35,0,"FUN_00683c70 _free"
006824a0,FUN_006824a0,38,0,"FUN_006824d0"
006824d0,FUN_006824d0,423,0,"FUN_00682680 FUN_00682840 FUN_00682cb0"
00682680,FUN_00682680,448,0,""
00682840,FUN_00682840,1122,0,""
00682cb0,FUN_00682cb0,2992,0,""
00683860,FUN_00683860,55,0,"FUN_006838a0 _calloc"
006838a0,FUN_006838a0,32,0,"FUN_006838c0"
006838c0,FUN_006838c0,395,0,""
00683a50,FUN_00683a50,47,0,"_free"
00683a90,FUN_00683a90,469,0,"FUN_0068ca00 __ftol _malloc"
00683c70,FUN_00683c70,53,0,"_free"
00683cb0,FUN_00683cb0,1281,0,"FUN_006841c0 FUN_00684750"
006841c0,FUN_006841c0,1269,0,"FUN_006846c0"
006846c0,FUN_006846c0,140,0,""
00684750,FUN_00684750,279,0,""
00684870,FUN_00684870,1152,0,"FUN_006841c0 FUN_00684750 __alloca_probe"
00684cf0,FUN_00684cf0,12,0,""
00684d00,FUN_00684d00,290,0,""
00684e30,FUN_00684e30,27,0,"_free"
00684e50,FUN_00684e50,325,0,"FUN_0067d850 FUN_006b69b0"
00685170,FUN_00685170,2421,0,"FUN_0067d370 FUN_0067f320 FUN_0067f380 FUN_0067fa40 FUN_0067ff30 FUN_0067ffc0 FUN_00680270 FUN_00680420 FUN_006804f0 FUN_00680760 FUN_00682420 FUN_006824a0 FUN_00684870 FUN_00684d00 FUN_00685af0 FUN_006879d0 FUN_00688570 FUN_00688620 FUN_006b69b0 FUN_006b6ab0 FUN_006b6ce0 __alloca_probe"
00685af0,FUN_00685af0,33,0,""
00685b20,FUN_00685b20,873,0,"FUN_00683cb0 __alloca_probe"
00685e90,FUN_00685e90,27,0,"_free"
00685eb0,FUN_00685eb0,54,0,"_free"
00686020,FUN_00686020,22,0,""
006863c0,FUN_006863c0,534,0,"FUN_0067d370 FUN_00681940 __alloca_probe"
00686760,FUN_00686760,434,0,""
00686920,FUN_00686920,618,0,"FUN_00681900"
00686bf0,FUN_00686bf0,554,0,"FUN_0067d370 FUN_0068ca00 __ftol"
00686e80,FUN_00686e80,63,0,"FUN_00686ec0"
00686ec0,FUN_00686ec0,415,0,"FUN_0067d370"
00687360,FUN_00687360,27,0,"_free"
006879b0,FUN_006879b0,21,0,""
006879d0,FUN_006879d0,1209,0,"FUN_0067d370 FUN_00687e90 FUN_00687ee0 FUN_00688100 FUN_00688310 FUN_00688540 _exit"
00687e90,FUN_00687e90,72,0,""
00687ee0,FUN_00687ee0,496,0,"FUN_006880d0 __ftol"
006880d0,FUN_006880d0,47,0,"__ftol"
00688100,FUN_00688100,528,0,"FUN_0068ca00 __ftol"
00688310,FUN_00688310,556,0,"FUN_006880d0"
00688540,FUN_00688540,35,0,""
00688570,FUN_00688570,165,0,"FUN_0067d370"
00688620,FUN_00688620,1497,0,"FUN_00681900 FUN_00687e90 FUN_00688c10 FUN_00688c20 FUN_006b69b0"
00688c10,FUN_00688c10,16,0,""
00688c20,FUN_00688c20,140,0,""
006890b0,FUN_006890b0,188,0,""
00689170,FUN_00689170,27,0,"_free"
00689190,FUN_00689190,73,0,"_free"
00689420,FUN_00689420,128,0,"FUN_006894a0 FUN_00689600"
006894a0,FUN_006894a0,348,0,"FUN_0068ca00 __ftol _malloc"
00689600,FUN_00689600,369,0,"FUN_00689780 FUN_006897d0 FUN_00689820 FUN_00689830 _frexp"
00689780,FUN_00689780,71,0,""
006897d0,FUN_006897d0,77,0,""
00689820,FUN_00689820,12,0,""
00689830,FUN_00689830,90,0,""
00689890,D3DXVec2Hermite,6,0,""
00689896,D3DXVec2Normalize,6,0,""
0068989c,D3DXCreateTexture,6,0,""
006898a2,D3DXCreateEffect,6,0,""
006898a8,Direct3DCreate9,6,0,""
006898ae,inet_addr,6,1,""
006898b4,socket,6,3,""
006898ba,recvfrom,6,6,""
006898c0,bind,6,3,""
006898c6,closesocket,6,1,""
006898cc,sendto,6,6,""
006898d2,ntohs,6,1,""
006898d8,htons,6,1,""
006898de,htonl,6,1,""
006898e4,gethostbyname,6,1,""
006898ea,_free,5,1,""
006898ef,FUN_006898ef,14,0,"FUN_0068e5d6"
006898fd,FUN_006898fd,27,0,"FUN_006898ef _free"
00689919,operator==,27,2,"_strcmp"
00689934,__purecall,42,0,"FUN_0068e7e9 FUN_0068eaa5 __set_abort_behavior _abort"
0068995e,_JumpToContinuation,43,2,""
0068998e,FID_conflict:_CallMemberFunction1,7,0,""
00689995,_UnwindNestedFrames,82,2,"RtlUnwind"
006899e7,FID_conflict:___CxxFrameHandler3,54,0,"___InternalCxxFrameHandler"
00689a4d,_CallSETranslator,213,7,"__getptd"
00689b22,TranslatorGuardHandler,152,4,"_CallSETranslator _UnwindNestedFrames ___InternalCxxFrameHandler __security_check_cookie"
00689bbf,_GetRangeOfTrysToCheck,115,5,"_inconsistency"
00689c32,__CreateFrameInfo,40,0,"__getptd"
00689c5a,__IsExceptionObjectToBeDestroyed,33,0,"__getptd"
00689c7b,__FindAndUnlinkFrame,76,0,"__getptd _inconsistency"
00689cc7,_CallCatchBlock2,94,5,"__CallSettingFrame@12"
00689d25,__security_check_cookie,15,0,"___report_gsfailure"
00689d34,__cfltcvt_init,96,0,""
00689d94,__fpmath,30,1,"__cfltcvt_init __ms_p5_mp_test_fdiv __setdefaultprecision"
00689db2,bad_alloc,25,1,"exception"
00689dcb,FUN_00689dcb,105,0,"__CxxThrowException@8 __callnewh _atexit _malloc bad_alloc exception"
00689e35,_memcpy_s,123,4,"FUN_0068a11f FUN_0068d392 _memcpy _memset"
00689eb0,_memmove_s,91,4,"FUN_0068a11f FUN_0068d392 _memmove"
00689f0b,FUN_00689f0b,17,0,""
00689f1c,exception,78,2,"_malloc _strcpy_s _strlen"
00689f6a,exception,24,3,""
00689f82,exception,88,2,"_malloc _strcpy_s _strlen"
00689fda,FUN_00689fda,21,0,"_free"
00689ff0,FUN_00689ff0,13,0,""
00689ffd,FUN_00689ffd,27,0,"FUN_00689fda _free"
0068a019,FUN_0068a019,10,0,""
0068a023,__invoke_watson,252,5,"FUN_00690987 GetCurrentProcess IsDebuggerPresent SetUnhandledExceptionFilter TerminateProcess UnhandledExceptionFilter __security_check_cookie _memset"
0068a11f,FUN_0068a11f,36,0,"FUN_0068eaa5 FUN_00690987 __invoke_watson"
0068a143,FUN_0068a143,16,0,"FUN_0068a11f"
0068a153,__CxxThrowException@8,74,0,"RaiseException"
0068a1a0,FUN_0068a1a0,145,0,""
0068a24b,__ArrayUnwind,50,4,"__SEH_epilog4 __SEH_prolog4"
0068a2a9,`eh_vector_destructor_iterator',75,4,"FUN_0068a2f4 __SEH_epilog4 __SEH_prolog4"
0068a2f4,FUN_0068a2f4,24,0,"__ArrayUnwind"
0068a30c,`eh_vector_constructor_iterator',77,5,"FUN_0068a359 __SEH_epilog4 __SEH_prolog4"
0068a359,FUN_0068a359,24,0,"__ArrayUnwind"
0068a380,FUN_0068a380,20,0,"FUN_0068a39d FUN_00690e58"
0068a39d,FUN_0068a39d,157,0,"FUN_00690de5 FUN_00690dfc __math_exit __startOneArgErrorHandling"
0068a440,_memset,122,3,"__VEC_memzero"
0068a4c0,_memchr,173,3,""
0068a56d,_LocaleUpdate,130,2,"FUN_00691250 ___updatetlocinfo __getptd"
0068a5ef,__mbschr_l,186,3,"FUN_0068a11f FUN_0068d392 _LocaleUpdate _strchr"
0068a6a9,__mbschr,19,2,"__mbschr_l"
0068a6bc,FUN_0068a6bc,700,0,"FUN_0068a11f FUN_0068d392 FUN_006923e5 FUN_0069244d ___tzset __alldiv __allrem __get_dstbias __gmtime64_s __invoke_watson __isindst _memset"
0068a981,__time64,60,1,"GetSystemTimeAsFileTime __aulldiv"
0068a9bd,`eh_vector_copy_constructor_iterator',81,6,"FUN_0068aa0e __SEH_epilog4 __SEH_prolog4"
0068aa0e,FUN_0068aa0e,24,0,"__ArrayUnwind"
0068aa26,_free,5,1,""
0068aa30,_memcpy,711,3,"__VEC_memcpy"
0068ad95,_strcpy_s,101,3,"FUN_0068a11f FUN_0068d392"
0068adfa,FUN_0068adfa,185,0,"FUN_0068ea2e FUN_0068eaa5 __msize __realloc_crt"
0068aee2,__onexit,54,1,"FUN_0068adfa FUN_0068af18 FUN_0068e1c4 __SEH_epilog4 __SEH_prolog4"
0068af18,FUN_0068af18,6,0,"FUN_0068e1cd"
0068af1e,_atexit,18,1,"__onexit"
0068af30,___ascii_stricmp,53,2,""
0068af65,__stricmp_l,211,3,"FUN_0068a11f FUN_0068d392 _LocaleUpdate ___ascii_stricmp __tolower_l"
0068b038,__stricmp,80,2,"FUN_0068a11f FUN_0068d392 ___ascii_stricmp __stricmp_l"
0068b088,__vswprintf_helper,246,0,"FUN_0068a11f FUN_0068d392 FUN_00692a36"
0068b17e,FID_conflict:__vswprintf_p_l,40,5,"__vswprintf_helper"
0068b1a6,_atol,17,1,"_strtol"
0068b1b7,_atol,5,1,""
0068b1bc,_strtok_s,236,3,"FUN_0068a11f FUN_0068d392 __security_check_cookie"
0068b2a8,_strncpy_s,179,4,"FUN_0068a11f FUN_0068d392"
0068b35b,_sprintf_s,28,3,"__vsprintf_s_l"
0068b377,__atof_l,169,2,"FUN_0068a11f FUN_0068d392 _LocaleUpdate __fltin2 __isctype_l _strlen"
0068b420,_atof,14,1,"__atof_l"
0068b42e,__mbsrchr_l,192,3,"FUN_0068a11f FUN_0068d392 _LocaleUpdate _strrchr"
0068b4ee,__mbsrchr,19,2,"__mbsrchr_l"
0068b510,FUN_0068b510,494,0,"___libm_error_support __ctrlfp __except1 __frnd __handle_qnan1 __sptype"
0068b670,FUN_0068b670,79,0,"FUN_0068b6c8 FUN_00690e58 FUN_00694e20"
0068b6bf,FUN_0068b6bf,9,0,"__fload_withFB"
0068b6c8,FUN_0068b6c8,145,0,"FUN_00690dfc __math_exit __startOneArgErrorHandling"
0068b760,_strrchr,45,2,""
0068b78d,fast_error_exit,36,0,"FUN_0068e7e9 __FF_MSGBANNER ___crtExitProcess"
0068b7b1,check_managed_app,65,0,""
0068b7f2,___tmainCRTStartup,420,0,"FUN_00665810 FUN_006951ef FUN_0069551b GetCommandLineA GetProcessHeap GetStartupInfoA GetVersionExA HeapAlloc HeapFree __RTC_Initialize __SEH_epilog4 __SEH_prolog4 __amsg_exit __cexit __cinit __heap_init __ioinit __mtinit __setargv __wincmdln _exit check_managed_app fast_error_exit"
0068b9d2,entry,10,0,"___security_init_cookie ___tmainCRTStartup"
0068b9f0,_strchr,195,2,""
0068baae,_fabs,182,1,"__ctrlfp __except1 __handle_qnan1 __sptype"
0068bb70,FUN_0068bb70,10,0,"__ctrandisp2"
0068bb90,FUN_0068bb90,63,0,"FUN_006967c8"
0068bc1f,FUN_0068bc1f,154,0,"FUN_00690dfc __fload_withFB __math_exit __startOneArgErrorHandling"
0068bcb9,__controlfp_s,106,3,"FUN_0068a11f FUN_0068d392 __control87"
0068bd23,FID_conflict:_wprintf,156,1,"FUN_0068a11f FUN_0068bdbf FUN_0068d059 FUN_0068d16c FUN_0068d392 FUN_00693793 __SEH_epilog4 __SEH_prolog4 __ftbuf __stbuf"
0068bdbf,FUN_0068bdbf,19,0,"FUN_0068d059 FUN_0068d1d0"
0068bdd2,FUN_0068bdd2,22,0,""
0068bde8,_strcat_s,113,3,"FUN_0068a11f FUN_0068d392"
0068be59,FUN_0068be59,509,0,"FUN_0068a11f FUN_0068d392 __ismbblead _strncpy_s"
0068c060,FUN_0068c060,10,0,"__ctrandisp2"
0068c0a0,FUN_0068c0a0,256,0,"FUN_00690dfc FUN_00697c68 __fload_withFB __math_exit __startOneArgErrorHandling"
0068c230,FUN_0068c230,84,0,"FUN_0068c28d FUN_006980f0"
0068c28d,FUN_0068c28d,453,0,"FUN_0068c452 FUN_00690d70 FUN_00690dd0 FUN_00690de5 FUN_00690e6e FUN_00690eb9 FUN_00698cb4 __fload_withFB"
0068c452,FUN_0068c452,40,0,""
0068c480,_strlen,139,1,""
0068c50b,__EH_prolog3,51,0,""
0068c53e,__EH_prolog3_catch,54,0,""
0068c574,_V6_HeapAlloc,70,0,"FUN_0068c5ba __SEH_epilog4 __SEH_prolog4 ___sbh_alloc_block __lock"
0068c5ba,FUN_0068c5ba,9,0,"FUN_00698e90"
0068c5c3,_malloc,195,1,"FUN_0068d392 FUN_0068e7e9 HeapAlloc _V6_HeapAlloc __FF_MSGBANNER ___crtExitProcess __callnewh"
0068c686,_free,133,1,"FUN_0068c6dc FUN_0068d357 FUN_0068d392 GetLastError HeapFree __SEH_epilog4 __SEH_prolog4 ___sbh_free_block __lock thunk_FUN_00699005"
0068c6dc,FUN_0068c6dc,9,0,"FUN_00698e90"
0068c714,__snprintf,173,3,"FUN_0068a11f FUN_0068d392 FUN_00692a36 FUN_00693793"
0068c918,_frexp,218,2,"FUN_0068a11f FUN_0068d392 FUN_006962c1 __ctrlfp __except1 __handle_qnan1 __sptype"
0068ca00,FUN_0068ca00,289,0,"___libm_error_support"
0068cb24,FID_conflict:___longjmp_internal,173,2,"RtlUnwind __NLG_Notify __local_unwind2 __rt_probe_read4@4"
0068cbd8,__setjmp3,123,0,""
0068cc53,FUN_0068cc53,518,0,"FUN_0068a11f FUN_0068d392 FUN_00699df6 FUN_0069a4d7 __fileno _memcpy_s _memset"
0068ce59,_fread_s,140,5,"FUN_0068a11f FUN_0068cc53 FUN_0068cee5 FUN_0068d130 FUN_0068d392 __SEH_epilog4 __SEH_prolog4 _memset"
0068cee5,FUN_0068cee5,10,0,"FUN_0068d19a"
0068ceef,FUN_0068ceef,27,0,"_fread_s"
0068cf0a,FUN_0068cf0a,325,0,"FUN_0068a11f FUN_0068d04f FUN_0068d130 FUN_0068d392 FUN_00693793 __SEH_epilog4 __SEH_prolog4 __fileno __ftbuf __stbuf"
0068d04f,FUN_0068d04f,10,0,"FUN_0068d19a"
0068d059,FUN_0068d059,6,0,""
0068d130,FUN_0068d130,60,0,"EnterCriticalSection __lock"
0068d16c,FUN_0068d16c,46,0,"EnterCriticalSection __lock"
0068d19a,FUN_0068d19a,54,0,"FUN_00698e90 LeaveCriticalSection"
0068d1d0,FUN_0068d1d0,42,0,"FUN_00698e90 LeaveCriticalSection"
0068d1fa,__calloc_impl,272,0,"FUN_0068a11f FUN_0068d2f6 FUN_0068d392 HeapAlloc __SEH_epilog4 __SEH_prolog4 ___sbh_alloc_block __callnewh __lock _memset"
0068d2f6,FUN_0068d2f6,9,0,"FUN_00698e90"
0068d318,_calloc,63,2,"FUN_0068d392 __calloc_impl"
0068d357,FUN_0068d357,59,0,""
0068d392,FUN_0068d392,19,0,"FUN_0068ec4a"
0068d3a5,FUN_0068d3a5,19,0,"FUN_0068ec4a"
0068d3b8,FUN_0068d3b8,30,0,"FUN_0068d357 FUN_0068d392 FUN_0068d3a5"
0068d3e0,__alldiv,170,0,""
0068d48a,FUN_0068d48a,518,0,"FUN_0068d357 FUN_0068d392 FUN_0068d5ce GetLastError HeapAlloc HeapReAlloc __SEH_epilog4 __SEH_prolog4 ___sbh_alloc_block ___sbh_free_block ___sbh_resize_block __callnewh __lock _free _malloc _memcpy thunk_FUN_00699005"
0068d5ce,FUN_0068d5ce,9,0,"FUN_00698e90"
0068d6a5,FUN_0068d6a5,121,0,"FUN_0068a11f FUN_0068d392 FUN_0068d48a __msize _memset"
0068d810,__ftol,39,0,""
0068d840,__allmul,52,0,""
0068d880,__alloca_probe,43,0,""
0068d8b0,_memmove,711,3,"__VEC_memcpy"
0068dc20,__allshr,33,0,""
0068dc50,swap,40,0,""
0068dc80,shortsort,132,0,""
0068dd10,_qsort,676,4,"FUN_0068a11f FUN_0068d392 shortsort swap"
0068dfb7,_ldexp,430,2,"FUN_006962c1 __copysign __ctrlfp __except2 __handle_qnan2 __set_exp __sptype"
0068e165,__amsg_exit,36,1,"FUN_0068e7e9 FUN_0068eaa5 __FF_MSGBANNER"
0068e189,FUN_0068e189,38,0,"GetModuleHandleA GetProcAddress"
0068e1af,___crtExitProcess,20,1,"ExitProcess FUN_0068e189"
0068e1c4,FUN_0068e1c4,9,0,"__lock"
0068e1cd,FUN_0068e1cd,9,0,"FUN_00698e90"
0068e1d6,FUN_0068e1d6,24,0,""
0068e1ee,__initterm_e,32,0,""
0068e20e,__get_osplatform,55,0,"FUN_0068a11f FUN_0068d392"
0068e245,__get_winmajor,60,0,"FUN_0068a11f FUN_0068d392"
0068e281,__cinit,146,1,"FUN_006be8e0 __IsNonwritableInCurrentImage __fpmath __initp_misc_cfltcvt_tab __initterm_e _atexit"
0068e313,FUN_0068e313,211,0,"FUN_0068e1d6 FUN_0068e3e0 FUN_0068eaa5 FUN_00698e90 __SEH_epilog4 __SEH_prolog4 ___crtExitProcess __encoded_null __lock"
0068e3e0,FUN_0068e3e0,15,0,"FUN_00698e90"
0068e3f5,_exit,17,1,"FUN_0068e313"
0068e406,__exit,17,0,"FUN_0068e313"
0068e417,__cexit,15,0,"FUN_0068e313"
0068e435,__init_pointers,76,0,"FUN_0068a019 FUN_0068ea2e FUN_0068ef7e FUN_0069095b FUN_00695033 FUN_0069bc05 FUN_0069bc0f __encoded_null __initp_eh_hooks __initp_misc_winsig"
0068e5d6,FUN_0068e5d6,97,0,"FUN_0068e63d __SEH_epilog4 __SEH_prolog4 __lock _free"
0068e63d,FUN_0068e63d,9,0,"FUN_00698e90"
0068e650,_strcmp,135,2,""
0068e6d8,_abort,243,0,"FUN_0068e7e9 SetUnhandledExceptionFilter UnhandledExceptionFilter ___get_sigabrt __exit _memset _raise"
0068e7cb,__set_abort_behavior,30,2,""
0068e7e9,FUN_0068e7e9,399,0,"FUN_0069c244 GetModuleFileNameA GetStdHandle WriteFile __invoke_watson __set_error_mode _strcat_s _strcpy_s _strlen _strncpy_s"
0068e989,__FF_MSGBANNER,57,0,"FUN_0068e7e9 __set_error_mode"
0068e9c2,FUN_0068e9c2,108,0,"GetModuleHandleA __get_winmajor _strcmp"
0068ea2e,FUN_0068ea2e,110,0,"FUN_0068e9c2 GetModuleHandleA GetProcAddress TlsGetValue"
0068ea9c,__encoded_null,9,0,"FUN_0068ea2e"
0068eaa5,FUN_0068eaa5,110,0,"FUN_0068e9c2 GetModuleHandleA GetProcAddress TlsGetValue"
0068eb1c,FUN_0068eb1c,50,0,"FUN_0068eaa5 TlsGetValue TlsSetValue"
0068eb4e,__mtterm,61,0,"FUN_0068eaa5 FUN_00698e3b TlsFree"
0068eb8b,FUN_0068eb8b,182,0,"FUN_0068e9c2 FUN_0068ec41 GetModuleHandleA GetProcAddress InterlockedIncrement __SEH_epilog4 __SEH_prolog4 ___addlocaleref __lock"
0068ec41,FUN_0068ec41,9,0,"FUN_00698e90"
0068ec4a,FUN_0068ec4a,116,0,"FUN_0068eaa5 FUN_0068eb1c FUN_0068eb8b GetCurrentThreadId GetLastError SetLastError __calloc_crt _free"
0068ecc1,__getptd,24,0,"FUN_0068ec4a __amsg_exit"
0068ede5,FUN_0068ede5,9,0,"FUN_00698e90"
0068edf1,FUN_0068edf1,9,0,"FUN_00698e90"
0068edfa,__mtinit,388,0,"FUN_0068ea2e FUN_0068eaa5 FUN_0068eb8b GetCurrentThreadId GetModuleHandleA GetProcAddress TlsAlloc TlsSetValue __calloc_crt __init_pointers __mtinitlocks __mtterm"
0068ef7e,FUN_0068ef7e,10,0,""
0068ef93,FUN_0068ef93,33,0,"FUN_00689fda _free"
0068efb5,___TypeMatch,92,0,"_strcmp"
0068f055,___FrameUnwindToState,166,0,"FUN_0068f11b __CallSettingFrame@12 __SEH_epilog4 __SEH_prolog4 __getptd _inconsistency"
0068f11b,FUN_0068f11b,27,0,"__getptd"
0068f17b,___DestructExceptionObject,67,0,"FID_conflict:_CallMemberFunction1 __SEH_epilog4 __SEH_prolog4"
0068f1cf,___AdjustPointer,37,0,""
0068f1f4,IsInExceptionSpec,121,2,"___TypeMatch _inconsistency terminate"
0068f26d,CallUnexpected,49,1,"__EH_prolog3_catch __getptd _inconsistency terminate unexpected"
0068f29e,Catch_All@0068f29e,23,0,"__CxxThrowException@8 __getptd"
0068f2b6,CallCatchBlock,172,7,"FUN_0068f3dc _CallCatchBlock2 __CreateFrameInfo __SEH_epilog4 __SEH_prolog4 __getptd"
0068f3dc,FUN_0068f3dc,118,0,"__FindAndUnlinkFrame __IsExceptionObjectToBeDestroyed ___DestructExceptionObject __getptd"
0068f452,___BuildCatchObjectHelper,371,0,"_ValidateRead __SEH_epilog4 __SEH_prolog4 ___AdjustPointer _inconsistency _memmove"
0068f5d1,___BuildCatchObject,133,0,"FID_conflict:_CallMemberFunction1 __SEH_epilog4 __SEH_prolog4 ___AdjustPointer ___BuildCatchObjectHelper"
0068f662,CatchIt,108,11,"CallCatchBlock _JumpToContinuation _UnwindNestedFrames ___BuildCatchObject ___FrameUnwindToState"
0068f6ce,FindHandlerForForeignException,242,8,"CatchIt _CallSETranslator _GetRangeOfTrysToCheck __encoded_null __getptd _inconsistency"
0068f7c0,FindHandler,854,8,"CallUnexpected CatchIt FindHandlerForForeignException IsInExceptionSpec _GetRangeOfTrysToCheck _UnwindNestedFrames _ValidateRead __CxxThrowException@8 ___DestructExceptionObject ___FrameUnwindToState ___TypeMatch __getptd _inconsistency exception operator== terminate"
0068fb2e,___InternalCxxFrameHandler,228,0,"FindHandler ___FrameUnwindToState __getptd"
0068fc12,terminate,44,0,"__SEH_prolog4 __getptd _abort"
0068fc4b,unexpected,19,0,"__getptd terminate"
0068fc5e,_inconsistency,48,0,"FUN_0068eaa5 __SEH_prolog4 terminate"
0068fc95,__initp_eh_hooks,17,0,"FUN_0068ea2e"
0068fcb0,__CallSettingFrame@12,76,0,"__NLG_Notify1"
0068fcfc,___report_gsfailure,260,0,"FUN_00690987 GetCurrentProcess IsDebuggerPresent SetUnhandledExceptionFilter TerminateProcess UnhandledExceptionFilter"
0068fe00,__forcdecpt_l,113,2,"_LocaleUpdate _isdigit _tolower"
0068fe71,__cropzeros_l,128,2,"_LocaleUpdate"
0068ff07,__fassign_l,64,4,"FID_conflict:__atoflt_l FID_conflict:__atoflt_l"
0068ff5e,__shift,29,0,"_memmove _strlen"
0068ff97,__cftoe2_l,362,0,"FUN_0068a11f FUN_0068d392 _LocaleUpdate __invoke_watson __shift _memmove _strcpy_s"
00690104,__cftoe_l,206,0,"FUN_0068a11f FUN_0068d392 __cftoe2_l __fltout2 __fptostr __security_check_cookie"
006901d2,__cftoe,30,5,"__cftoe_l"
006901f0,__cftoa_l,881,0,"FUN_0068a11f FUN_0068d392 _LocaleUpdate __alldvrm __aullshr __cftoe _memset _strrchr"
00690561,__cftof2_l,245,0,"FUN_0068a11f FUN_0068d392 _LocaleUpdate __shift _memset"
00690656,__cftof_l,185,0,"FUN_0068a11f FUN_0068d392 __cftof2_l __fltout2 __fptostr __security_check_cookie"
0069070f,__cftog_l,248,0,"FUN_0068a11f FUN_0068d392 __cftoe2_l __cftof2_l __fltout2 __fptostr __security_check_cookie"
00690807,__cfltcvt_l,134,7,"__cftoa_l __cftoe_l __cftof_l __cftog_l"
0069088d,__cfltcvt,33,6,"__cfltcvt_l"
006908ae,__initp_misc_cfltcvt_tab,31,0,"FUN_0068ea2e"
006908cd,__setdefaultprecision,38,0,"__controlfp_s __invoke_watson"
006908f6,__ms_p5_test_fdiv,60,0,""
00690932,__ms_p5_mp_test_fdiv,41,0,"GetModuleHandleA GetProcAddress __ms_p5_test_fdiv"
0069095b,FUN_0069095b,10,0,""
00690965,__callnewh,34,1,"FUN_0068eaa5"
00690987,FUN_00690987,8,0,""
006909a4,__SEH_prolog4,69,0,""
006909e9,__SEH_epilog4,20,0,""
00690a00,__except_handler4,406,0,"_EH4_CallFilterFunc _EH4_GlobalUnwind _EH4_LocalUnwind _EH4_TransferToHandler __IsNonwritableInCurrentImage ___DestructExceptionObject __security_check_cookie"
00690ba0,__trandisp1,103,0,""
00690c07,__trandisp2,140,0,""
00690d63,FUN_00690d63,7,0,""
00690d70,FUN_00690d70,23,0,""
00690d87,__startOneArgErrorHandling,60,0,"__87except"
00690dd0,FUN_00690dd0,21,0,""
00690de5,FUN_00690de5,23,0,""
00690dfc,FUN_00690dfc,25,0,""
00690e15,__fload_withFB,67,0,""
00690e58,FUN_00690e58,22,0,""
00690e6e,FUN_00690e6e,13,0,""
00690e7b,__math_exit,42,0,"__startOneArgErrorHandling"
00690eb9,FUN_00690eb9,163,0,"FUN_00690d70 __startOneArgErrorHandling"
00690f5c,fastzero_I,79,0,""
00690fb3,__VEC_memzero,143,0,"__VEC_memzero fastzero_I"
00691042,FUN_00691042,47,0,""
00691071,setSBCS,85,1,"_memset"
006910c6,setSBUpLow,394,1,"GetCPInfo ___crtGetStringTypeA ___crtLCMapStringA __security_check_cookie _memset"
00691250,FUN_00691250,151,0,"FUN_006912eb InterlockedDecrement InterlockedIncrement __SEH_epilog4 __SEH_prolog4 __amsg_exit __getptd __lock _free"
006912eb,FUN_006912eb,9,0,"FUN_00698e90"
006912f4,getSystemCP,122,1,"GetACP GetOEMCP _LocaleUpdate"
0069136e,FUN_0069136e,473,0,"FUN_00691042 GetCPInfo IsValidCodePage __security_check_cookie _memset getSystemCP setSBCS setSBUpLow"
00691547,FUN_00691547,396,0,"FUN_0068d392 FUN_00691250 FUN_0069136e FUN_006916a8 InterlockedDecrement InterlockedIncrement __SEH_epilog4 __SEH_prolog4 __getptd __lock __malloc_crt _free getSystemCP"
006916a8,FUN_006916a8,9,0,"FUN_00698e90"
006916e1,___initmbctable,30,0,"FUN_00691547"
006916ff,FUN_006916ff,224,0,"FUN_0069ccd9 _free"
0069183f,___addlocaleref,134,0,"InterlockedIncrement"
006918c5,___removelocaleref,140,0,"InterlockedDecrement"
00691951,__updatetlocinfoEx_nolock,62,0,"FUN_006916ff ___addlocaleref ___removelocaleref"
0069198f,___updatetlocinfo,106,0,"FUN_006919f9 __SEH_epilog4 __SEH_prolog4 __amsg_exit __getptd __lock __updatetlocinfoEx_nolock"
006919f9,FUN_006919f9,12,0,"FUN_00698e90"
00691a05,FUN_00691a05,794,0,"FUN_00691cb4 FUN_006923e5 FUN_0069244d FUN_00692481 FUN_00692487 FUN_0069248d FUN_00692493 GetTimeZoneInformation WideCharToMultiByte __SEH_epilog4 __SEH_prolog4 ____lc_codepage_func __get_dstbias __getenv_helper_nolock __invoke_watson __lock __malloc_crt _atol _free _strcmp _strcpy_s _strlen _strncpy_s"
00691cb4,FUN_00691cb4,9,0,"FUN_00698e90"
00691d4e,cvtdate,498,0,"__get_dstbias __invoke_watson"
00691f43,FUN_00691f43,467,0,"FUN_006923e5 __invoke_watson cvtdate"
00692119,___tzset,70,0,"FUN_00691a05 FUN_0069215f __SEH_epilog4 __SEH_prolog4 __lock"
0069215f,FUN_0069215f,9,0,"FUN_00698e90"
00692168,__isindst,56,1,"FUN_00691f43 FUN_006921a0 __SEH_epilog4 __SEH_prolog4 __lock"
006921a0,FUN_006921a0,9,0,"FUN_00698e90"
006921a9,__gmtime64_s,572,2,"FUN_0068a11f FUN_0068d392 __alldiv __allmul _memset"
006923e5,FUN_006923e5,52,0,"FUN_0068a11f FUN_0068d392"
00692419,__get_dstbias,52,1,"FUN_0068a11f FUN_0068d392"
0069244d,FUN_0069244d,52,0,"FUN_0068a11f FUN_0068d392"
00692481,FUN_00692481,6,0,""
00692487,FUN_00692487,6,0,""
0069248d,FUN_0069248d,6,0,""
00692493,FUN_00692493,6,0,""
006924a0,__allrem,178,0,""
00692560,__aulldiv,104,0,""
006925c8,FUN_006925c8,129,0,""
0069264f,__VEC_memcpy,227,0,"FUN_006925c8 __VEC_memcpy"
00692732,__malloc_crt,64,1,"Sleep _malloc"
00692772,__calloc_crt,72,2,"Sleep __calloc_impl"
006927ba,__realloc_crt,75,2,"FUN_0068d48a Sleep"
00692805,__recalloc_crt,80,3,"FUN_0068d6a5 Sleep"
00692855,__msize,146,1,"FUN_0068a11f FUN_0068d392 FUN_006928ef HeapSize __SEH_epilog4 __SEH_prolog4 __lock thunk_FUN_00699005"
006928ef,FUN_006928ef,9,0,"FUN_00698e90"
006928f8,__tolower_l,279,2,"FUN_0068d392 _LocaleUpdate ___crtLCMapStringA __isctype_l __isleadbyte_l"
00692a0f,_tolower,39,1,"__tolower_l"
00692a36,FUN_00692a36,352,0,"FUN_0068d059 FUN_0068d392 FUN_0069b5d1 FUN_0069d0f4 FUN_0069d251 __fileno __getbuf"
00692b96,write_char,37,0,"FUN_0069d2af"
00692bbb,write_multi_char,37,0,"write_char"
00692be0,write_string,79,0,"FUN_0068d392 write_char"
0069353f,strtoxl,555,5,"FUN_0068a11f FUN_0068d392 _LocaleUpdate __isctype_l"
0069376a,_strtol,41,3,"strtoxl"
00693793,FUN_00693793,2415,0,"FUN_0068a11f FUN_0068bdd2 FUN_0068d392 FUN_0068eaa5 _LocaleUpdate __aulldvrm __fileno __isleadbyte_l __malloc_crt __security_check_cookie _free _strlen _wctomb_s write_char write_multi_char write_string"
00694127,__vsnprintf_helper,202,0,"FUN_0068a11f FUN_0068d392 FUN_00692a36"
006941f1,__vsprintf_s_l,134,5,"FUN_0068a11f FUN_0068d392 __vsnprintf_helper"
00694277,__fltin2,165,3,"FUN_006943d2 __ld12tod __security_check_cookie"
0069431c,__isctype_l,182,3,"_LocaleUpdate ___crtGetStringTypeA __isleadbyte_l"
006943d2,FUN_006943d2,1680,0,"FUN_0068a11f FUN_0068d392 ___mtold12 __security_check_cookie"
00694a92,___libm_error_support,634,0,"FUN_0068d392 FUN_0068eaa5"
00694e20,FUN_00694e20,24,0,"FUN_00694e3e"
00694e3e,FUN_00694e3e,425,0,"FUN_0068b6bf"
00694fe8,FUN_00694fe8,61,0,"terminate"
00695033,FUN_00695033,1,0,""
00695034,FUN_00695034,350,0,"FUN_0068ec4a"
00695192,__wincmdln,93,0,"___initmbctable __ismbblead"
006951ef,FUN_006951ef,183,0,"___initmbctable __calloc_crt __invoke_watson _free _strcpy_s _strlen"
006952ca,parse_cmdline,408,0,"__ismbblead"
00695462,__setargv,185,0,"GetModuleFileNameA ___initmbctable __malloc_crt parse_cmdline"
0069551b,FUN_0069551b,304,0,"FreeEnvironmentStringsA FreeEnvironmentStringsW GetEnvironmentStrings GetEnvironmentStringsW GetLastError WideCharToMultiByte __malloc_crt _free _memcpy"
00695650,__ioinit,582,0,"GetFileType GetStartupInfoA GetStdHandle SetHandleCount __SEH_epilog4 __SEH_prolog4 ___crtInitCritSecAndSpinCount __calloc_crt"
006958a4,__RTC_Initialize,36,0,""
006958ec,___heap_select,85,0,"__get_osplatform __get_winmajor __invoke_watson"
00695947,__heap_init,90,0,"HeapCreate HeapDestroy ___heap_select ___sbh_heap_init"
006959a1,___security_init_cookie,148,0,"GetCurrentProcessId GetCurrentThreadId GetSystemTimeAsFileTime GetTickCount QueryPerformanceCounter"
00695a35,__raise_exc_ex,730,0,"RaiseException __clrfp __statfp"
00695d0f,__raise_exc,33,0,"__raise_exc_ex"
00695d30,__handle_exc,481,0,"FUN_006962c1 FUN_006963ae"
00695f11,__set_errno_from_matherr,40,0,"FUN_0068d392"
00695f39,__errcode,45,0,""
00695f66,__umatherr,158,0,"FUN_0069ee70 __ctrlfp __set_errno_from_matherr"
00696004,__handle_qnan1,83,0,"FUN_0068d392 __ctrlfp __umatherr"
00696057,__handle_qnan2,95,0,"FUN_0068d392 __ctrlfp __umatherr"
006960b6,__except1,186,0,"__ctrlfp __errcode __handle_exc __raise_exc_ex __security_check_cookie __set_errno_from_matherr __umatherr"
00696170,__except2,204,0,"__ctrlfp __errcode __handle_exc __raise_exc_ex __security_check_cookie __set_errno_from_matherr __umatherr"
0069623c,__set_exp,42,0,""
00696266,__sptype,91,0,""
006962c1,FUN_006962c1,175,0,"__set_exp"
00696370,__statfp,11,0,""
0069637b,__clrfp,12,0,""
00696387,__ctrlfp,39,0,""
006963ae,FUN_006963ae,86,0,""
00696404,___set_fpsr_sse2,68,0,"__SEH_epilog4 __SEH_prolog4"
006964ec,FUN_006964ec,9,0,""
00696530,__cintrindisp2,62,0,"FUN_006965fa __trandisp2"
0069656e,__cintrindisp1,61,0,"FUN_006965fa __trandisp1"
006965ab,__ctrandisp2,72,0,"FUN_006965f3 __fload __trandisp2"
006965f3,FUN_006965f3,7,0,""
006965fa,FUN_006965fa,327,0,"__87except"
00696741,__ctrandisp1,51,0,"FUN_006965f3 __fload __trandisp1"
00696774,__fload,60,0,""
006967b0,FUN_006967b0,24,0,"FUN_006967ce"
006967c8,FUN_006967c8,6,0,""
006967ce,FUN_006967ce,395,0,"FUN_0068bc1f"
0069695c,__hw_cw,142,0,""
006969ea,___hw_cw_sse2,160,0,""
00696a8a,__control87,771,2,"___hw_cw_sse2 ___set_fpsr_sse2 __hw_cw"
00696d8d,__stbuf,150,1,"FUN_0068d059 FUN_0069d251 __fileno __malloc_crt"
00696e23,__ftbuf,47,2,"__flush"
00696e52,x_ismbbtype_l,81,4,"_LocaleUpdate"
00696ea3,__ismbblead,19,1,"x_ismbbtype_l"
006976c6,FUN_006976c6,518,0,""
006978cc,FUN_006978cc,178,0,"FUN_006976c6"
00697c50,FUN_00697c50,24,0,"FUN_00697c6e"
00697c68,FUN_00697c68,6,0,""
00697c6e,FUN_00697c6e,614,0,"___libm_error_support"
006980f0,FUN_006980f0,25,0,"FUN_00698109"
00698109,FUN_00698109,2872,0,"___libm_error_support"
00698c50,__d_inttype,100,0,"__fpclass __frnd"
00698cb4,FUN_00698cb4,318,0,"__d_inttype"
00698df2,__mtinitlocks,73,0,"___crtInitCritSecAndSpinCount"
00698e3b,FUN_00698e3b,81,0,"DeleteCriticalSection _free"
00698e90,FUN_00698e90,21,0,"LeaveCriticalSection"
00698ea5,FUN_00698ea5,168,0,"FUN_0068d392 FUN_0068e7e9 FUN_00698f5f __FF_MSGBANNER __SEH_epilog4 __SEH_prolog4 ___crtExitProcess ___crtInitCritSecAndSpinCount __lock __malloc_crt _free"
00698f5f,FUN_00698f5f,9,0,"FUN_00698e90"
00698f68,__lock,49,1,"EnterCriticalSection FUN_00698ea5 __amsg_exit"
00698f99,___sbh_heap_init,72,0,"HeapAlloc"
00698fe1,thunk_FUN_00699005,18,0,"FUN_00699005"
00699005,FUN_00699005,25,0,""
0069900c,___sbh_free_block,788,0,"HeapFree VirtualFree _memmove"
00699320,___sbh_alloc_new_region,176,0,"HeapAlloc HeapFree HeapReAlloc VirtualAlloc"
006993d0,___sbh_alloc_new_group,262,0,"VirtualAlloc"
006994d6,___sbh_resize_block,735,0,""
006997b5,___sbh_alloc_block,739,0,"___sbh_alloc_new_group ___sbh_alloc_new_region"
00699a98,__modf_default,266,0,"__copysign __ctrlfp __except1 __frnd __handle_qnan1 __sptype"
00699ba2,__floor_default,209,0,"__ctrlfp __except1 __frnd __handle_qnan1 __sptype"
00699c74,__global_unwind2,32,0,"RtlUnwind"
00699cd9,__local_unwind2,132,0,"FUN_00699da8 __NLG_Notify"
00699d80,__NLG_Notify1,9,0,""
00699d89,__NLG_Notify,31,1,""
00699da8,FUN_00699da8,3,0,""
00699dab,__rt_probe_read4@4,48,0,"__SEH_epilog4 __SEH_prolog4"
00699df6,FUN_00699df6,288,0,"FUN_0068a11f FUN_0068d392 FUN_0069a4d7 __fileno __getbuf"
00699f16,FUN_00699f16,1472,0,"FUN_0068a11f FUN_0068d392 FUN_0068d3a5 FUN_0068d3b8 FUN_0069d071 GetLastError MultiByteToWideChar ReadFile __malloc_crt _free"
0069a4d7,FUN_0069a4d7,243,0,"FUN_0068a11f FUN_0068d392 FUN_0068d3a5 FUN_00699f16 FUN_0069a5ca __SEH_epilog4 __SEH_prolog4 ___lock_fhandle"
0069a5ca,FUN_0069a5ca,10,0,"FUN_0069af8d"
0069a5d4,__fileno,45,1,"FUN_0068a11f FUN_0068d392"
0069a6a0,__flush,98,1,"FUN_0069b5d1 __fileno"
0069a702,FUN_0069a702,66,0,"FUN_0069a744 FUN_0069ee84 __fileno __flush"
0069a744,FUN_0069a744,187,0,"FUN_0068d16c FUN_0069a702 FUN_0069a7e6 FUN_0069a815 __SEH_epilog4 __SEH_prolog4 __lock"
0069a7e6,FUN_0069a7e6,17,0,"FUN_0068d1d0"
0069a815,FUN_0069a815,9,0,"FUN_00698e90"
0069a9b7,FUN_0069a9b7,26,0,"_free"
0069a9d2,FUN_0069a9d2,928,0,"FUN_0069a9b7 FUN_0069efac GetLastError LCMapStringA LCMapStringW MultiByteToWideChar WideCharToMultiByte ___ansicp __alloca_probe_16 __security_check_cookie _free _malloc _memset"
0069ad74,___crtLCMapStringA,67,9,"FUN_0069a9d2 _LocaleUpdate"
0069adb7,__isleadbyte_l,54,2,"_LocaleUpdate"
0069aded,_isleadbyte,14,1,"__isleadbyte_l"
0069ae7c,FUN_0069ae7c,113,0,"FUN_0068a11f FUN_0068d392 FUN_0068d3a5"
0069aeed,___lock_fhandle,146,1,"EnterCriticalSection FUN_0069af84 __SEH_epilog4 __SEH_prolog4 ___crtInitCritSecAndSpinCount __lock"
0069af84,FUN_0069af84,9,0,"FUN_00698e90"
0069af8d,FUN_0069af8d,34,0,"LeaveCriticalSection"
0069afaf,FUN_0069afaf,1570,0,"FUN_0068a11f FUN_0068d392 FUN_0068d3a5 FUN_0068d3b8 FUN_0069d071 FUN_0069d251 GetConsoleCP GetConsoleMode GetLastError WideCharToMultiByte WriteFile __getptd __putwch_nolock __security_check_cookie _isleadbyte _mbtowc"
0069b5d1,FUN_0069b5d1,210,0,"FUN_0068a11f FUN_0068d392 FUN_0068d3a5 FUN_0069afaf FUN_0069b6a3 __SEH_epilog4 __SEH_prolog4 ___lock_fhandle"
0069b6a3,FUN_0069b6a3,10,0,"FUN_0069af8d"
0069b6b0,__local_unwind4,144,0,"FUN_00699da8 __NLG_Notify"
0069b786,FUN_0069b786,28,0,"__local_unwind4"
0069b7a2,_EH4_CallFilterFunc,23,0,""
0069b7b9,_EH4_TransferToHandler,25,0,"__NLG_Notify"
0069b7d2,_EH4_GlobalUnwind,26,0,"RtlUnwind"
0069b7ec,_EH4_LocalUnwind,23,0,"__local_unwind4"
0069b803,__copysign,38,2,""
0069b829,__fpclass,148,1,"__sptype"
0069b8c0,__ValidateImageBase,41,1,""
0069b8f0,__FindPESection,66,2,""
0069b940,__IsNonwritableInCurrentImage,164,1,"__FindPESection __ValidateImageBase"
0069b9fb,__initp_misc_winsig,25,0,""
0069ba14,siglookup,52,0,""
0069ba48,___get_sigabrt,13,0,"FUN_0068eaa5"
0069ba55,_raise,411,1,"FUN_0068a11f FUN_0068d392 FUN_0068eaa5 FUN_0068ec4a FUN_0069bbc9 __SEH_epilog4 __SEH_prolog4 __encoded_null __exit __lock siglookup"
0069bbc9,FUN_0069bbc9,15,0,"FUN_00698e90"
0069bc05,FUN_0069bc05,10,0,""
0069bc0f,FUN_0069bc0f,10,0,""
0069bc19,___crtInitCritSecNoSpinCount@8,16,0,"InitializeCriticalSection"
0069bc29,___crtInitCritSecAndSpinCount,147,0,"FUN_0068ea2e FUN_0068eaa5 GetModuleHandleA GetProcAddress __SEH_epilog4 __SEH_prolog4 ___crtInitCritSecNoSpinCount@8 __get_osplatform __invoke_watson"
0069bcf0,FUN_0069bcf0,24,0,"FUN_0069bd0e"
0069bd0e,FUN_0069bd0e,1334,0,"___libm_error_support"
0069c244,FUN_0069c244,439,0,"FUN_0068ea2e FUN_0068eaa5 GetProcAddress LoadLibraryA __encoded_null __get_osplatform __get_winmajor __invoke_watson"
0069c401,__set_error_mode,70,1,"FUN_0068a11f FUN_0068d392"
0069c447,__isdigit_l,79,2,"_LocaleUpdate __isctype_l"
0069c496,_isdigit,41,1,"__isdigit_l"
0069c4bf,_ValidateRead,13,2,""
0069c4cc,FID_conflict:__atoflt_l,166,3,"FUN_006943d2 _LocaleUpdate __ld12tod __security_check_cookie"
0069c572,FID_conflict:__atoflt_l,166,3,"FUN_006943d2 _LocaleUpdate __ld12tof __security_check_cookie"
0069c618,__fptostr,189,4,"FUN_0068a11f FUN_0068d392 _memmove _strlen"
0069c6d5,___dtold,187,0,""
0069c790,__fltout2,139,4,"FUN_0069f24e ___dtold __invoke_watson __security_check_cookie _strcpy_s"
0069c820,__alldvrm,223,0,""
0069c900,__aullshr,31,0,""
0069c928,FUN_0069c928,45,0,"__SEH_epilog4 __SEH_prolog4"
0069c978,__get_sse2_info,96,0,"FUN_0069c928"
0069c9e5,__87except,252,0,"FUN_0069ee70 __ctrlfp __handle_exc __raise_exc __security_check_cookie __set_errno_from_matherr"
0069cae1,FUN_0069cae1,439,0,"FUN_0069a9b7 FUN_0069efac GetLastError GetStringTypeA GetStringTypeW MultiByteToWideChar ___ansicp __alloca_probe_16 __security_check_cookie _free _malloc _memset"
0069cc99,___crtGetStringTypeA,64,7,"FUN_0069cae1 _LocaleUpdate"
0069ccd9,FUN_0069ccd9,23,0,"_free"
0069ce69,FUN_0069ce69,61,0,"_free"
0069cea9,FUN_0069cea9,130,0,"_free"
0069cf32,____lc_codepage_func,38,0,"___updatetlocinfo __getptd"
0069cf60,_strcspn,70,2,""
0069cfb0,_strpbrk,64,2,""
0069cff0,__getenv_helper_nolock,129,1,"FUN_0069fd07 __mbsnbicoll _strlen"
0069d071,FUN_0069d071,131,0,"FUN_0068d392 FUN_0068d3b8 FUN_0069ae7c GetLastError SetFilePointer"
0069d0f4,FUN_0069d0f4,271,0,"FUN_0068a11f FUN_0068d392 FUN_0068d3a5 FUN_0069d071 FUN_0069d203 __SEH_epilog4 __SEH_prolog4 ___lock_fhandle"
0069d203,FUN_0069d203,10,0,"FUN_0069af8d"
0069d20d,__getbuf,68,1,"__malloc_crt"
0069d251,FUN_0069d251,94,0,"FUN_0068a11f FUN_0068d392"
0069d2af,FUN_0069d2af,478,0,"FUN_00692a36 FUN_0069fd9c __fileno __security_check_cookie _wctomb_s"
0069d48d,__mbtowc_l,275,4,"FUN_0068d392 MultiByteToWideChar _LocaleUpdate __isleadbyte_l"
0069d5a0,_mbtowc,23,3,"__mbtowc_l"
0069d5c0,__aulldvrm,149,0,""
0069d655,write_char,51,0,"FUN_00692a36"
0069d688,write_multi_char,36,0,"write_char"
0069d6ac,write_string,74,0,"FUN_0068d392 write_char"
0069e0a6,__wctomb_s_l,351,5,"FUN_0068a11f FUN_0068d392 GetLastError WideCharToMultiByte _LocaleUpdate _memset"
0069e205,_wctomb_s,27,4,"__wctomb_s_l"
0069e220,__ld12tod,1346,2,""
0069e762,__ld12tof,1346,2,""
0069eca4,___mtold12,460,0,"__security_check_cookie"
0069ee70,FUN_0069ee70,3,0,""
0069ee73,__frnd,17,0,""
0069ee84,FUN_0069ee84,215,0,"FUN_0068a11f FUN_0068d392 FUN_0068d3a5 FUN_0069ae7c FUN_0069ef5b FlushFileBuffers GetLastError __SEH_epilog4 __SEH_prolog4 ___lock_fhandle"
0069ef5b,FUN_0069ef5b,10,0,"FUN_0069af8d"
0069ef65,___ansicp,71,0,"GetLocaleInfoA __security_check_cookie _atol"
0069efac,FUN_0069efac,428,0,"FUN_0069a9b7 GetCPInfo MultiByteToWideChar WideCharToMultiByte __alloca_probe_16 __calloc_crt __security_check_cookie _free _malloc _memset _strlen"
0069f160,__alloca_probe_16,22,0,"__alloca_probe"
0069f176,__alloca_probe_8,22,0,"__alloca_probe"
0069f18c,__putwch_nolock,194,1,"GetConsoleOutputCP GetLastError WideCharToMultiByte WriteConsoleA WriteConsoleW ___initconout __security_check_cookie"
0069f24e,FUN_0069f24e,2240,0,"__invoke_watson __security_check_cookie _strcpy_s"
0069fb14,__strnicmp_l,240,4,"FUN_0068a11f FUN_0068d392 _LocaleUpdate ___ascii_strnicmp __tolower_l"
0069fc04,__mbsnbicoll_l,236,4,"FUN_0068a11f FUN_0068d392 _LocaleUpdate ___crtCompareStringA __strnicoll_l"
0069fcf0,__mbsnbicoll,23,3,"__mbsnbicoll_l"
0069fd07,FUN_0069fd07,142,0,"FUN_006a052c WideCharToMultiByte __calloc_crt _free"
0069fd9c,FUN_0069fd9c,368,0,"FUN_0068d059 FUN_0068d392 FUN_0069b5d1 FUN_0069d0f4 FUN_0069d251 __fileno __getbuf"
0069ff0c,___initconout,31,0,"CreateFileA"
0069ff60,___ascii_strnicmp,97,3,""
0069ffc1,FUN_0069ffc1,891,0,"CompareStringA CompareStringW FUN_0069a9b7 FUN_0069efac GetCPInfo GetLastError MultiByteToWideChar ___ansicp __alloca_probe_16 __security_check_cookie _free _malloc"
006a034a,___crtCompareStringA,64,8,"FUN_0069ffc1 _LocaleUpdate"
006a038a,__strnicoll_l,248,4,"FUN_0068a11f FUN_0068d392 _LocaleUpdate ___crtCompareStringA __strnicmp_l"
006a0482,findenv,77,0,"__mbsnbicoll"
006a04cf,copy_environ,93,0,"__amsg_exit __calloc_crt __strdup"
006a052c,FUN_006a052c,504,0,"FUN_0068a11f FUN_0068d392 FUN_0069fd07 SetEnvironmentVariableA __calloc_crt __invoke_watson __malloc_crt __mbschr __recalloc_crt _free _strcpy_s _strlen copy_environ findenv"
006a0778,__strdup,77,1,"__invoke_watson _malloc _strcpy_s _strlen"
006a07d0,FUN_006a07d0,162,0,""
006a0880,FUN_006a0880,7,0,""
006a0890,FUN_006a0890,28,0,"_free"
006a08b0,FUN_006a08b0,13,0,""
006a08c0,FUN_006a08c0,28,0,"_free"
006a08e0,FUN_006a08e0,9,0,"_free"
006a08f0,FUN_006a08f0,22,0,"FUN_006b4bd0"
006a0910,FUN_006a0910,60,0,"FUN_0068a143"
006a0950,FUN_006a0950,206,0,"FUN_00442210 FUN_0068a143"
006a0a20,FUN_006a0a20,56,0,"FUN_0068a143"
006a0a60,FUN_006a0a60,56,0,"FUN_0068a143"
006a0ab0,FUN_006a0ab0,50,0,"FUN_0068a143"
006a0b30,FUN_006a0b30,133,0,"FUN_006a0b30"
006a0bc0,FUN_006a0bc0,53,0,"FUN_0068a143"
006a0c00,FUN_006a0c00,90,0,""
006a0c60,FUN_006a0c60,90,0,"FUN_00689dcb __CxxThrowException@8 exception"
006a0cc0,FUN_006a0cc0,25,0,""
006a0ce0,FUN_006a0ce0,41,0,"FUN_0068a143"
006a0d10,FUN_006a0d10,57,0,""
006a0d50,FUN_006a0d50,26,0,""
006a0d70,FUN_006a0d70,5,0,""
006a0d80,FUN_006a0d80,58,0,""
006a0dc0,FUN_006a0dc0,118,0,"_memset"
006a0e60,FUN_006a0e60,73,0,""
006a0ee0,FUN_006a0ee0,84,0,""
006a0f60,FUN_006a0f60,28,0,""
006a0f80,FUN_006a0f80,27,0,""
006a0fa0,FUN_006a0fa0,137,0,"FUN_0068a143"
006a1030,FUN_006a1030,99,0,"FUN_0068a143"
006a10a0,FUN_006a10a0,68,0,"_memset"
006a10f0,FUN_006a10f0,69,0,"__allshl"
006a1140,FUN_006a1140,55,0,"__allshl"
006a1180,FUN_006a1180,89,0,""
006a1200,FUN_006a1200,86,0,"FUN_00689dcb __CxxThrowException@8 exception"
006a1260,FUN_006a1260,27,0,""
006a1280,FUN_006a1280,28,0,""
006a12a0,FUN_006a12a0,78,0,""
006a12f0,FUN_006a12f0,28,0,""
006a1310,FUN_006a1310,27,0,""
006a1330,FUN_006a1330,82,0,""
006a1390,FUN_006a1390,99,0,"FUN_0068a143"
006a1400,FUN_006a1400,99,0,"FUN_0068a143"
006a1470,FUN_006a1470,73,0,"FUN_0068a143"
006a14c0,FUN_006a14c0,84,0,""
006a1520,FUN_006a1520,62,0,"FUN_006a0910"
006a1560,FUN_006a1560,328,0,"FUN_0068a143"
006a16b0,FUN_006a16b0,254,0,"FUN_0068a143 FUN_006a0910"
006a17b0,FUN_006a17b0,477,0,"FUN_004421b0 FUN_0068a143"
006a1990,FUN_006a1990,325,0,"FUN_0068a143 FUN_006a17b0"
006a1ae0,FUN_006a1ae0,224,0,"FUN_0068a143"
006a1d20,FUN_006a1d20,194,0,"FUN_00442480 FUN_0068a143 FUN_006a0bc0 operator*"
006a1df0,FUN_006a1df0,370,0,"FUN_0068a143 FUN_006a0b30"
006a20e0,FUN_006a20e0,240,0,"FUN_0068a143 FUN_006a0b30 FUN_006a0bc0 operator*"
006a22d0,FUN_006a22d0,514,0,"FUN_0068a143 FUN_006a0910"
006a24e0,FUN_006a24e0,146,0,"FUN_00442210 FUN_0068a143"
006a2580,FUN_006a2580,186,0,"FUN_00442210 FUN_0068a143"
006a2730,FUN_006a2730,154,0,"FUN_006a1520"
006a2830,FUN_006a2830,19,0,""
006a2980,FUN_006a2980,56,0,""
006a29c0,FUN_006a29c0,37,0,"FUN_0068a143"
006a29f0,FUN_006a29f0,54,0,""
006a2a30,FUN_006a2a30,50,0,""
006a2a70,FUN_006a2a70,61,0,""
006a2ab0,FUN_006a2ab0,93,0,"FUN_006a0d80"
006a2b10,FUN_006a2b10,78,0,""
006a2b60,FUN_006a2b60,82,0,""
006a2bc0,FUN_006a2bc0,126,0,"FUN_006b4a60"
006a2c40,FUN_006a2c40,196,0,"FUN_006a1180"
006a2d40,FUN_006a2d40,78,0,""
006a2d90,FUN_006a2d90,82,0,""
006a2df0,FUN_006a2df0,43,0,""
006a2e20,FUN_006a2e20,45,0,""
006a2e50,FUN_006a2e50,42,0,""
006a2e80,FUN_006a2e80,41,0,""
006a2eb0,FUN_006a2eb0,90,0,""
006a3890,FUN_006a3890,86,0,"FUN_006a0d10"
006a38f0,FUN_006a38f0,56,0,"FUN_006a2a30"
006a3930,FUN_006a3930,61,0,""
006a3970,FUN_006a3970,152,0,""
006a3a10,FUN_006a3a10,155,0,"FUN_006b49f0"
006a3ab0,FUN_006a3ab0,67,0,"FUN_006a3a10"
006a3b00,FUN_006a3b00,194,0,"FUN_006a3a10 FUN_006b49f0"
006a3bd0,FUN_006a3bd0,26,0,"FUN_00689dcb"
006a3bf0,FUN_006a3bf0,69,0,"FUN_00689dcb"
006a3c40,FUN_006a3c40,42,0,"FUN_006a3c40 _free"
006a3c80,FUN_006a3c80,55,0,"FUN_00689dcb"
006a3cc0,FUN_006a3cc0,187,0,""
006a3d80,FUN_006a3d80,55,0,"FUN_00689dcb"
006a3dc0,FUN_006a3dc0,57,0,"FUN_0068a143 FUN_006a1030"
006a3e00,FUN_006a3e00,43,0,""
006a3e30,FUN_006a3e30,32,0,""
006a3e50,FUN_006a3e50,36,0,""
006a3e80,FUN_006a3e80,45,0,""
006a3eb0,FUN_006a3eb0,128,0,"FUN_0068a143"
006a3f30,FUN_006a3f30,131,0,"FUN_006a2eb0"
006a3fc0,FUN_006a3fc0,307,0,"FUN_0068a143 __allmul __aulldiv"
006a4100,FUN_006a4100,84,0,"FUN_00410360 FUN_0068a143"
006a4190,FUN_006a4190,43,0,"FUN_006a2ab0"
006a41c0,FUN_006a41c0,188,0,"FUN_006a3970"
006a4280,FUN_006a4280,143,0,"FUN_00402430 FUN_00410270 FUN_00665af4"
006a4310,FUN_006a4310,42,0,"FUN_006b57b0"
006a4340,FUN_006a4340,69,0,"FUN_006a0b30 FUN_006a3b00"
006a4390,FUN_006a4390,40,0,"FUN_006b57b0"
006a43c0,FUN_006a43c0,27,0,"FUN_006a3cc0"
006a43e0,FUN_006a43e0,94,0,""
006a4440,FUN_006a4440,140,0,"FUN_00405560"
006a44d0,FUN_006a44d0,73,0,"FUN_006a07d0"
006a4520,FUN_006a4520,35,0,"_free"
006a4550,FUN_006a4550,737,0,"FUN_00401e00 FUN_00405c00 FUN_0068a143 FUN_006a1470 FUN_006a4390 __security_check_cookie _free"
006a4840,FUN_006a4840,247,0,"FUN_0068a143"
006a4940,FUN_006a4940,52,0,""
006a4980,FUN_006a4980,62,0,""
006a49c0,FUN_006a49c0,113,0,"_free"
006a4a40,FUN_006a4a40,140,0,"FUN_00405560"
006a4ad0,FUN_006a4ad0,96,0,"FUN_006a14c0"
006a4b30,FUN_006a4b30,47,0,"FUN_00689fda _free"
006a4b70,FUN_006a4b70,14,0,""
006a4b80,FUN_006a4b80,65,0,"FUN_00689fda _free"
006a4bd0,FUN_006a4bd0,96,0,"FUN_0068a143 FUN_006a0910"
006a4c30,FUN_006a4c30,54,0,"FUN_006a3930"
006a4c70,FUN_006a4c70,41,0,"FUN_006a2a70"
006a4ca0,FUN_006a4ca0,84,0,"FUN_00689fda _free"
006a4d00,FUN_006a4d00,8,0,"FUN_006a5360"
006a4d40,FUN_006a4d40,8,0,"FUN_006a5320"
006a4d50,FUN_006a4d50,8,0,"FUN_006a5320"
006a4d60,FUN_006a4d60,105,0,""
006a4dd0,FUN_006a4dd0,67,0,"FUN_0068a143"
006a4e20,FUN_006a4e20,67,0,"_free"
006a4e70,FUN_006a4e70,105,0,""
006a4ee0,FUN_006a4ee0,84,0,"FUN_00689fda _free"
006a4f40,FUN_006a4f40,8,0,"FUN_006a5610"
006a4f70,FUN_006a4f70,8,0,"FUN_006a55d0"
006a4f80,FUN_006a4f80,8,0,"FUN_006a55d0"
006a4f90,FUN_006a4f90,51,0,"FUN_006a3e00"
006a4fd0,FUN_006a4fd0,92,0,"_free"
006a5040,FUN_006a5040,83,0,"FUN_00689dcb"
006a50a0,FUN_006a50a0,51,0,"FUN_006a3e80"
006a50e0,FUN_006a50e0,111,0,"_atexit"
006a5150,FUN_006a5150,290,0,"FUN_00402320 FUN_00442a00 FUN_0068a143"
006a525e,Catch_All@006a525e,45,0,"__CxxThrowException@8 _free"
006a52b0,FUN_006a52b0,56,0,"FUN_0068a143 FUN_006a3890"
006a52f0,FUN_006a52f0,39,0,"_free"
006a5320,FUN_006a5320,54,0,"FUN_006a4ca0 _free"
006a5360,FUN_006a5360,27,0,"FUN_006a4ca0 _free"
006a5380,FUN_006a5380,121,0,"FUN_00689dcb"
006a53f9,Catch_All@006a53f9,21,0,"FUN_006a4e20 __CxxThrowException@8"
006a5410,FUN_006a5410,66,0,"_free"
006a5460,FUN_006a5460,364,0,"FUN_00402290 FUN_004294a0 FUN_0068a143"
006a55d0,FUN_006a55d0,54,0,"FUN_006a4ee0 _free"
006a5610,FUN_006a5610,27,0,"FUN_006a4ee0 _free"
006a5630,FUN_006a5630,122,0,"FUN_00405c00 FUN_0068a143 FUN_006a4440"
006a56b0,FUN_006a56b0,143,0,"FUN_0068a143 _free"
006a5750,FUN_006a5750,94,0,"FUN_006a44d0 FUN_006a4ad0"
006a57b0,FUN_006a57b0,41,0,"FUN_006a2df0"
006a57e0,FUN_006a57e0,149,0,"FUN_004020d0 FUN_006a50e0 FUN_006b5e90 FUN_006b5eb0"
006a5880,FUN_006a5880,41,0,"FUN_006a2e20"
006a58b0,FUN_006a58b0,122,0,"FUN_00405c00 FUN_0068a143 FUN_006a4a40"
006a5930,FUN_006a5930,107,0,"FUN_004020d0 FUN_00689f0b"
006a59a0,FUN_006a59a0,113,0,"FUN_004020d0 exception"
006a5a20,FUN_006a5a20,117,0,"FUN_00401670 FUN_004021c0 __CxxThrowException@8"
006a5aa0,FUN_006a5aa0,117,0,"FUN_00401670 FUN_004021c0 __CxxThrowException@8"
006a5b20,FUN_006a5b20,343,0,"FUN_004020d0 FUN_004021c0 FUN_0068a143 FUN_006a4d60 FUN_006b4800 _free"
006a5c80,FUN_006a5c80,152,0,"FUN_0068a143 FUN_006a5460"
006a5d20,FUN_006a5d20,274,0,"FUN_004021c0 FUN_0068a143 FUN_006a5630 FUN_006a5750 _free"
006a5e40,FUN_006a5e40,147,0,"FUN_006a59a0"
006a5ee0,FUN_006a5ee0,90,0,"FUN_0068a143 FUN_006a5a20"
006a5f40,FUN_006a5f40,17,0,"FUN_006a4fd0 _free"
006a5f60,FUN_006a5f60,509,0,"FUN_00401670 FUN_004021c0 FUN_006a2b10 FUN_006a2b60 FUN_006a3bf0 __CxxThrowException@8"
006a6160,FUN_006a6160,536,0,"FUN_004374f0 FUN_004379b0 FUN_00439580 FUN_005d2230 FUN_0064ada0 FUN_006a5aa0 _free"
006a62bb,Catch_All@006a62bb,9,0,"_free"
006a6390,FUN_006a6390,160,0,"FUN_00401670 FUN_004021c0 __CxxThrowException@8"
006a6430,FUN_006a6430,640,0,"FUN_00401670 FUN_004021c0 FUN_006a0f60 FUN_006a0f80 FUN_006a1030 FUN_006a2b10 FUN_006a2b60 __CxxThrowException@8 _free"
006a66f0,FUN_006a66f0,177,0,"FUN_006a5e40"
006a67b0,FUN_006a67b0,558,0,"FUN_006a1200 FUN_006a2e20 FUN_006a3e30 FUN_006a4940 FUN_006a50a0 FUN_006a5880 FUN_006a5aa0 _free"
006a6924,Catch_All@006a6924,9,0,"_free"
006a6a00,FUN_006a6a00,574,0,"FUN_006a0c60 FUN_006a2df0 FUN_006a3e50 FUN_006a4980 FUN_006a4f90 FUN_006a57b0 FUN_006a5aa0 _free"
006a6b7a,Catch_All@006a6b7a,9,0,"_free"
006a6c60,FUN_006a6c60,83,0,"FUN_004020d0"
006a6cc0,FUN_006a6cc0,87,0,"FUN_004020d0"
006a6d20,FUN_006a6d20,749,0,"FUN_004020d0 FUN_004021c0 FUN_00402430 FUN_0068a143 FUN_006a5150 FUN_006a58b0 FUN_006b4820 __security_check_cookie _free"
006a7020,FUN_006a7020,679,0,"FUN_004298f0 FUN_004421b0 FUN_00442280 FUN_006a29f0 FUN_006a2a70 FUN_006a4190 FUN_006a4c30 FUN_006a4c70 _free"
006a71ea,Catch_All@006a71ea,9,0,"_free"
006a72e0,FUN_006a72e0,39,0,"_free"
006a7310,FUN_006a7310,153,0,"FUN_004017a0"
006a73b0,FUN_006a73b0,34,0,"FUN_006a5b20"
006a73e0,FUN_006a73e0,67,0,"FUN_004017a0"
006a7430,FUN_006a7430,197,0,"FUN_006a4b30 FUN_006a73b0 FUN_006b4e00 FUN_006b55b0 __security_check_cookie _free"
006a7500,FUN_006a7500,345,0,"FUN_0068a143 FUN_006a4dd0 FUN_006a7430"
006a7660,FUN_006a7660,823,0,"FUN_004020d0 FUN_00402290 FUN_0068a143 FUN_006a4390 FUN_006a5c80 _free"
006a79c0,FUN_006a79c0,177,0,"FUN_006a7310"
006a7a80,FUN_006a7a80,513,0,"FUN_004021c0 FUN_0068a143 FUN_006a5d20 __security_check_cookie _free"
006a7c90,FUN_006a7c90,546,0,"FUN_006a2bc0 FUN_006a3a10 FUN_006a7430"
006a7ee0,FUN_006a7ee0,497,0,"FUN_006a0b30 FUN_006a3cc0 FUN_006a43c0 FUN_006a7430 FUN_006a7c90"
006a80e0,FUN_006a80e0,551,0,"FUN_006a4b30 FUN_006a73b0 FUN_006b4e00 FUN_006b55b0 __security_check_cookie _free"
006a8310,FUN_006a8310,75,0,"_free"
006a83a0,FUN_006a83a0,185,0,"FUN_006a0fa0 FUN_006a5f60"
006a8460,FUN_006a8460,120,0,"FUN_00689dcb FUN_006a5e40"
006a84e0,FUN_006a84e0,55,0,"FUN_006a5e40 __CxxThrowException@8"
006a8520,FUN_006a8520,137,0,"FUN_0068a143 FUN_006a6160"
006a85b0,FUN_006a85b0,200,0,"FUN_0068a143 FUN_006a1030 FUN_006a3c40 FUN_006a6430"
006a8680,FUN_006a8680,151,0,"FUN_006a3b00 FUN_006a7430"
006a8720,FUN_006a8720,67,0,"FUN_006a59a0"
006a8770,FUN_006a8770,31,0,"FUN_006a66f0"
006a8790,FUN_006a8790,39,0,"FUN_006a6d20"
006a87c0,FUN_006a87c0,135,0,"FUN_0068a143 FUN_006a67b0"
006a8850,FUN_006a8850,137,0,"FUN_0068a143 FUN_006a6a00"
006a88e0,FUN_006a88e0,678,0,"FUN_00401670 FUN_004021c0 FUN_006a1260 FUN_006a1280 FUN_006a1390 FUN_006a2d40 FUN_006a2d90 __CxxThrowException@8 _free"
006a8bd0,FUN_006a8bd0,125,0,"FUN_00689dcb FUN_006a6c60"
006a8c4d,Catch_All@006a8c4d,9,0,"_free"
006a8c70,FUN_006a8c70,678,0,"FUN_00401670 FUN_004021c0 FUN_006a1260 FUN_006a1280 FUN_006a1390 FUN_006a2d40 FUN_006a2d90 __CxxThrowException@8 _free"
006a8f60,FUN_006a8f60,125,0,"FUN_00689dcb FUN_006a6cc0"
006a8fdd,Catch_All@006a8fdd,9,0,"_free"
006a9000,FUN_006a9000,73,0,"FUN_006a9000 _free"
006a9060,FUN_006a9060,73,0,"FUN_006a9060 _free"
006a90c0,FUN_006a90c0,194,0,"FUN_006a7430"
006a91d0,FUN_006a91d0,230,0,"FUN_004298f0 FUN_00442280 FUN_0068a143 FUN_006a2a70"
006a92b6,Catch_All@006a92b6,17,0,"FUN_00435f90 __CxxThrowException@8"
006a92d0,FUN_006a92d0,318,0,"FUN_004421b0 FUN_00442fd0 FUN_006a3890 FUN_006a4c70 FUN_006a52b0 _free"
006a9420,FUN_006a9420,94,0,"_free"
006a94f0,FUN_006a94f0,215,0,"FUN_00689fda FUN_006a5930 FUN_006a73b0 FUN_006b5460 __security_check_cookie _free"
006a9600,FUN_006a9600,39,0,"FUN_006a7660"
006a9630,FUN_006a9630,120,0,"FUN_00689dcb FUN_006a7310"
006a96b0,FUN_006a96b0,55,0,"FUN_006a7310 __CxxThrowException@8"
006a96f0,FUN_006a96f0,31,0,"FUN_006a79c0"
006a9710,FUN_006a9710,96,0,"FUN_006a8720 FUN_006a8770 __CxxThrowException@8"
006a9780,FUN_006a9780,105,0,"FUN_0068a143 FUN_006a8520"
006a97f0,FUN_006a97f0,106,0,"FUN_006a3dc0 FUN_006a43e0 FUN_006a85b0"
006a9860,FUN_006a9860,761,0,"FUN_00401e00 FUN_00431410 FUN_006a3cc0 FUN_006a43c0 FUN_006a7430 FUN_006a8790 __security_check_cookie"
006a9bc0,FUN_006a9bc0,1263,0,"FUN_004020d0 FUN_00405560 FUN_00405c00 FUN_006a0b30 FUN_006a4310 FUN_006a9600 __security_check_cookie _free"
006aa0e0,FUN_006aa0e0,63,0,"FUN_0068a143 FUN_006a87c0"
006aa120,FUN_006aa120,196,0,"FUN_0068a143 FUN_006a87c0"
006aa1f0,FUN_006aa1f0,110,0,"FUN_0068a143 FUN_006a87c0"
006aa260,FUN_006aa260,130,0,"FUN_0068a143 FUN_006a3e00 FUN_006a8850"
006aa2f0,FUN_006aa2f0,509,0,"FUN_00401670 FUN_004021c0 FUN_006a2d40 FUN_006a2d90 FUN_006a8bd0 __CxxThrowException@8"
006aa4f0,FUN_006aa4f0,509,0,"FUN_00401670 FUN_004021c0 FUN_006a2d40 FUN_006a2d90 FUN_006a8f60 __CxxThrowException@8"
006aa6f0,FUN_006aa6f0,652,0,"FUN_00401670 FUN_004021c0 FUN_006a12a0 FUN_006a12f0 FUN_006a1310 FUN_006a1330 FUN_006a1400 FUN_006a49c0 __CxxThrowException@8 _free"
006aa9c0,FUN_006aa9c0,50,0,"FUN_006a49c0 FUN_006aa9c0 _free"
006aaa00,FUN_006aaa00,615,0,"FUN_00401e00 FUN_00431410 FUN_006a7430 FUN_006a8790 FUN_006a9860 __security_check_cookie"
006aac70,FUN_006aac70,1882,0,"FUN_004020d0 FUN_00405560 FUN_0068a143 FUN_006a0b30 FUN_006a3a10 FUN_006a4310 FUN_006a9600 __security_check_cookie _free _memset"
006ab3f0,FUN_006ab3f0,3377,0,"FUN_004020d0 FUN_00405560 FUN_0040f9e0 FUN_00410300 FUN_0068a143 FUN_006a3a10 FUN_006a4310 FUN_006a9600 FUN_006b49f0 __security_check_cookie _free"
006ac160,FUN_006ac160,393,0,"FUN_0068a143 FUN_006a29f0 FUN_006a3890 FUN_006a7020"
006ac2f0,FUN_006ac2f0,1166,0,"FUN_0068a143 FUN_006a0910 FUN_006a29c0 FUN_006a2e80 FUN_006a3eb0 FUN_006a92d0"
006ac780,FUN_006ac780,93,0,"FUN_006a94f0 FUN_006b4bc0"
006ac870,FUN_006ac870,94,0,"FUN_006ac780"
006ac8d0,FUN_006ac8d0,82,0,"FUN_006ac780"
006ac930,FUN_006ac930,75,0,"FUN_006ac780"
006ac980,FUN_006ac980,82,0,"FUN_006a0c00 FUN_006ac780"
006ac9e0,FUN_006ac9e0,82,0,"FUN_006ac780"
006aca40,FUN_006aca40,75,0,"FUN_006ac780"
006aca90,FUN_006aca90,83,0,"FUN_006a91d0"
006acaf0,FUN_006acaf0,69,0,""
006acb40,FUN_006acb40,216,0,"FUN_0068a143 FUN_006a2a30 FUN_006acaf0"
006acc20,FUN_006acc20,163,0,"FUN_0068a143 FUN_006acaf0"
006accd0,FUN_006accd0,96,0,"FUN_006a73e0 FUN_006a96f0 __CxxThrowException@8"
006acd40,FUN_006acd40,1904,0,"FUN_004020d0 FUN_00405560 FUN_00405c00 FUN_00442210 FUN_0068a143 FUN_006a0b30 FUN_006a4310 FUN_006a9600 __security_check_cookie _free"
006ad4d0,FUN_006ad4d0,181,0,"FUN_006a7a80"
006ad590,FUN_006ad590,253,0,"FUN_006a2bc0 FUN_006a3a10 FUN_006a7430 FUN_006a9780"
006ad690,FUN_006ad690,901,0,"FUN_006a0b30 FUN_006a10a0 FUN_006a10f0 FUN_006a1140 FUN_006a9bc0 FUN_006ad690"
006ada90,FUN_006ada90,96,0,""
006adaf0,FUN_006adaf0,171,0,"FUN_006a3a10 FUN_006a3b00 FUN_006a3cc0 FUN_006a7430 FUN_006a9860"
006adba0,FUN_006adba0,300,0,"FUN_0068a143 FUN_006a7430 FUN_006a87c0 FUN_006aa120 FUN_006aaa00"
006adcd0,FUN_006adcd0,775,0,"FUN_00401e00 FUN_00431410 FUN_006a3a10 FUN_006a7430 FUN_006a7a80 FUN_006a8790 FUN_006aa1f0 FUN_006adba0 __security_check_cookie"
006adfe0,FUN_006adfe0,29,0,"FUN_006aac70 FUN_006ab3f0"
006ae000,FUN_006ae000,134,0,"FUN_0068a143 FUN_006a2a30 FUN_006a4840 FUN_006aa260"
006ae090,FUN_006ae090,185,0,"FUN_00450510 FUN_006aa2f0"
006ae150,FUN_006ae150,200,0,"FUN_0068a143 FUN_006a1390 FUN_006a88e0 FUN_006a9000"
006ae220,FUN_006ae220,303,0,"FUN_00405560 FUN_00405c00 FUN_00450510 FUN_006aa4f0"
006ae350,FUN_006ae350,200,0,"FUN_0068a143 FUN_006a1390 FUN_006a8c70 FUN_006a9060"
006ae420,FUN_006ae420,467,0,"FUN_00401670 FUN_004021c0 FUN_00442f40 FUN_00689dcb FUN_006a3fc0 FUN_006accd0 __security_check_cookie _free"
006ae600,FUN_006ae600,507,0,"FUN_0068a143 FUN_006a1520 FUN_006a17b0 FUN_006a1990 FUN_006a2730 FUN_006ac870 FUN_006ac8d0 FUN_006b25c0"
006ae820,FUN_006ae820,146,0,"FUN_0068a143 FUN_006acd40"
006ae8c0,FUN_006ae8c0,236,0,"FUN_0068a143 FUN_006ac930"
006ae9b0,FUN_006ae9b0,528,0,"FUN_0068a143 FUN_006ac930 FUN_006ac980 FUN_006aca40"
006aee10,FUN_006aee10,601,0,"FUN_00410360 FUN_0068a143 FUN_006ac9e0 operator*"
006af070,FUN_006af070,594,0,"FUN_00410360 FUN_0068a143 FUN_006ac9e0 operator*"
006af2d0,FUN_006af2d0,302,0,"FUN_0068a143 FUN_006a0950 FUN_006ac9e0 operator*"
006af400,FUN_006af400,176,0,"FUN_006a92d0 FUN_006ac780"
006af730,FUN_006af730,142,0,"FUN_006ac780 FUN_006aca90"
006af7c0,FUN_006af7c0,145,0,""
006af860,FUN_006af860,24,0,"FUN_006a9420 _free"
006af880,FUN_006af880,1407,0,"FUN_006a0d50 FUN_006a3a10 FUN_006a3ab0 FUN_006a3b00 FUN_006a3cc0 FUN_006a7430 FUN_006a7a80 FUN_006a8310 FUN_006a8680 FUN_006a9860 FUN_006ada90 FUN_006adaf0 FUN_006adfe0"
006afe80,FUN_006afe80,479,0,"FUN_006a7430 FUN_006a7a80 FUN_006a8310 FUN_006aac70 FUN_006ab3f0 FUN_006ada90 FUN_006adba0 FUN_006adcd0"
006b0090,FUN_006b0090,595,0,"FUN_0068a143 FUN_006a1180 FUN_006a2c40 FUN_006a4b30 FUN_006a73b0 FUN_006aa260 FUN_006ad690 FUN_006b4e00 FUN_006b55b0 __security_check_cookie _free"
006b0310,FUN_006b0310,125,0,"FUN_006a3bd0 FUN_006a3c80"
006b0390,FUN_006b0390,83,0,"FUN_006a85b0 _free"
006b0420,FUN_006b0420,184,0,"FUN_0068a143 FUN_006a6390"
006b04e0,FUN_006b04e0,2478,0,"FUN_006a0cc0 FUN_006a0d50 FUN_006a2bc0 FUN_006a38f0 FUN_006a3a10 FUN_006a43c0 FUN_006a5ee0 FUN_006a7430 FUN_006a7500 FUN_006a90c0 FUN_006aa260 FUN_006ae000"
006b0f00,FUN_006b0f00,761,0,"FUN_006a7430 FUN_006a7a80 FUN_006a8310 FUN_006aa0e0 FUN_006aac70 FUN_006ab3f0 FUN_006ada90"
006b1280,FUN_006b1280,444,0,"FUN_00450510 FUN_0068a143 FUN_006a0ce0 FUN_006a1390 FUN_006aa2f0 FUN_006ae090"
006b1440,FUN_006b1440,508,0,"FUN_00405d10 FUN_00450510 FUN_0068a143 FUN_006a0ce0 FUN_006a1390 FUN_006aa4f0 FUN_006ae220"
006b1640,FUN_006b1640,200,0,"FUN_0068a143 FUN_006a1400 FUN_006aa6f0 FUN_006aa9c0"
006b1710,FUN_006b1710,224,0,"FUN_006a16b0 FUN_006a92d0 FUN_006af730"
006b17f0,FUN_006b17f0,309,0,"FUN_00442250 FUN_0068a143 FUN_006a1520 FUN_006a1560 FUN_006a92d0 FUN_006ac2f0 FUN_006af730"
006b1930,FUN_006b1930,397,0,"FUN_00410360 FUN_00442250 FUN_0068a143 FUN_006ac9e0 FUN_006af2d0 operator*"
006b1ac0,FUN_006b1ac0,58,0,""
006b1b00,FUN_006b1b00,121,0,"FUN_00689dcb"
006b1b79,Catch_All@006b1b79,21,0,"FUN_006af860 __CxxThrowException@8"
006b1b90,FUN_006b1b90,293,0,"FUN_006a0dc0 FUN_006a0e60 FUN_006a0ee0 FUN_006a3a10 FUN_006a80e0 FUN_006ad690 FUN_006b0090 FUN_006b49f0 _memmove_s _memset"
006b1cc0,FUN_006b1cc0,23,0,"FUN_006a9420 _free"
006b1ce0,FUN_006b1ce0,526,0,"FUN_006a3a10 FUN_006a5ee0 FUN_006a7430 FUN_006a7500 FUN_006aa260 FUN_006b04e0"
006b1ef0,FUN_006b1ef0,997,0,"FUN_006a3a10 FUN_006a4340 FUN_006a7430 FUN_006a7c90 FUN_006a7ee0 FUN_006a8310 FUN_006ad590 FUN_006ada90 FUN_006adaf0 FUN_006adfe0 FUN_006b0f00 FUN_006b1ce0"
006b2380,FUN_006b2380,296,0,"FUN_004020d0 FUN_0068a143 FUN_006b1280 _free"
006b24b0,FUN_006b24b0,252,0,"FUN_004020d0 FUN_00405c00 FUN_0068a143 FUN_006a4440 FUN_006b1440 _free"
006b25c0,FUN_006b25c0,391,0,"FUN_0068a143 FUN_006a2830 FUN_006a94f0 FUN_006ac780"
006b2760,FUN_006b2760,328,0,"FUN_006a0b30 FUN_006a3a10 FUN_006a3ab0 FUN_006a3b00 FUN_006a4340 FUN_006a7c90 FUN_006ad590 FUN_006afe80 FUN_006b1ef0"
006b28f0,FUN_006b28f0,443,0,"FUN_006a0b30 FUN_006a3a10 FUN_006a3ab0 FUN_006a3b00 FUN_006a4340 FUN_006a7430 FUN_006a7c90 FUN_006a7ee0 FUN_006ad590 FUN_006af880 FUN_006afe80 FUN_006b1ce0"
006b2b10,FUN_006b2b10,36,0,"FUN_006ae150 _free"
006b2b50,FUN_006b2b50,36,0,"FUN_006ae350 _free"
006b2b90,FUN_006b2b90,137,0,"FUN_006a16b0 FUN_006a17b0 FUN_006b25c0"
006b2c20,FUN_006b2c20,308,0,"FUN_0068a143 FUN_006b2b90"
006b31a0,FUN_006b31a0,51,0,"FUN_0068a143 FUN_006b2b90"
006b31e0,FUN_006b31e0,272,0,"FUN_006a3a10 FUN_006a4340 FUN_006a7430 FUN_006a7500 FUN_006b1b90 FUN_006b2760 FUN_006b28f0"
006b32f0,FUN_006b32f0,36,0,"FUN_006b1640 _free"
006b3330,FUN_006b3330,91,0,"FUN_006b1640 _free"
006b3420,FUN_006b3420,662,0,"FUN_00442210 FUN_00442250 FUN_006a0910 FUN_006a2e50 FUN_006a3f30 FUN_006a41c0 FUN_006a4bd0 FUN_006ac160 FUN_006b2b90 FUN_006b4bc0 FUN_006b4bd0 FUN_006b5470"
006b36b6,Catch_All@006b36b6,32,0,"FUN_006b1ac0 __CxxThrowException@8"
006b36e0,FUN_006b36e0,170,0,"FUN_006ad4d0 FUN_006b31e0 _free"
006b3790,FUN_006b3790,1297,0,"FUN_004020d0 FUN_004021c0 FUN_00408d00 FUN_0043bc00 FUN_00442a00 FUN_00689fda FUN_0068a143 FUN_006a2eb0 FUN_006a3d80 FUN_006a4550 FUN_006a57e0 FUN_006a5930 FUN_006b2380 FUN_006b24b0 FUN_006b4800 FUN_006b5460 FUN_006b56c0 FUN_006b5710 FUN_006b59d0 __security_check_cookie _atexit _free"
006b3cc0,thunk_FUN_006b3420,5,0,""
006b3cd0,FUN_006b3cd0,24,0,"FUN_006b3330 _free"
006b3cf0,FUN_006b3cf0,121,0,"FUN_00689dcb"
006b3d69,Catch_All@006b3d69,21,0,"FUN_006b3cd0 __CxxThrowException@8"
006b3d80,FUN_006b3d80,23,0,"FUN_006b3330 _free"
006b3da0,FUN_006b3da0,1184,0,"FUN_0041f890 FUN_00689dcb FUN_0068a143 FUN_006a3bd0 FUN_006a4e70 FUN_006a4fd0 FUN_006a5040 FUN_006a56b0 FUN_006a6390 FUN_006a83a0 FUN_006a97f0 FUN_006b0310 FUN_006b0420 FUN_006b3790 FUN_006b3cf0 _atexit _free"
006b4250,FUN_006b4250,209,0,"FUN_004021c0 FUN_006a5930 FUN_006a9710 FUN_006b3da0 FUN_006b5e90 FUN_006b5eb0"
006b4330,FUN_006b4330,35,0,"FUN_006b4250"
006b4360,FUN_006b4360,204,0,"FUN_0041f890 FUN_00689dcb FUN_006a5380 FUN_006b4330 GetUserDefaultLCID"
006b4430,FUN_006b4430,412,0,"FUN_0041f890 FUN_00689dcb FUN_006a2eb0 FUN_006af7c0 FUN_006b1b00 FUN_006b36e0 FUN_006b4360"
006b45d0,FUN_006b45d0,548,0,""
006b4800,FUN_006b4800,18,0,""
006b4820,FUN_006b4820,455,0,"FUN_00401dc0 FUN_00402430 FUN_00405560"
006b49f0,FUN_006b49f0,77,0,"FUN_00689dcb _free _memcpy"
006b4a60,FUN_006b4a60,72,0,"FUN_006b49f0 _memmove"
006b4ab0,FUN_006b4ab0,163,0,"FUN_00689dcb FUN_006b5e90 FUN_006b5eb0"
006b4b60,FUN_006b4b60,67,0,"FUN_006b5e90 FUN_006b5eb0 _free"
006b4bc0,FUN_006b4bc0,10,0,"FUN_006b4ab0"
006b4bd0,FUN_006b4bd0,12,0,"FUN_006b4b60"
006b4be0,FUN_006b4be0,84,0,"FUN_00689fda _free"
006b4c40,FUN_006b4c40,8,0,"FUN_006b4d80"
006b4c70,FUN_006b4c70,8,0,"FUN_006b4d40"
006b4c80,FUN_006b4c80,8,0,"FUN_006b4d40"
006b4c90,FUN_006b4c90,84,0,"FUN_00689fda _free"
006b4cf0,FUN_006b4cf0,8,0,"FUN_006b4de0"
006b4d20,FUN_006b4d20,8,0,"FUN_006b4da0"
006b4d30,FUN_006b4d30,8,0,"FUN_006b4da0"
006b4d40,FUN_006b4d40,54,0,"FUN_006b4be0 _free"
006b4d80,FUN_006b4d80,27,0,"FUN_006b4be0 _free"
006b4da0,FUN_006b4da0,54,0,"FUN_006b4c90 _free"
006b4de0,FUN_006b4de0,27,0,"FUN_006b4c90 _free"
006b4e00,FUN_006b4e00,39,0,"FUN_006a5930"
006b4e60,FUN_006b4e60,147,0,"FUN_004017a0"
006b4f00,FUN_006b4f00,177,0,"FUN_006b4e60"
006b4fc0,FUN_006b4fc0,154,0,"FUN_006a59a0"
006b5090,FUN_006b5090,120,0,"FUN_00689dcb FUN_006b4e60"
006b5110,FUN_006b5110,55,0,"FUN_006b4e60 __CxxThrowException@8"
006b5150,FUN_006b5150,87,0,"FUN_006a59a0"
006b51b0,FUN_006b51b0,67,0,"FUN_004017a0"
006b5200,FUN_006b5200,31,0,"FUN_006b4f00"
006b5220,FUN_006b5220,177,0,"FUN_006b4fc0"
006b52e0,FUN_006b52e0,96,0,"FUN_006b51b0 FUN_006b5200 __CxxThrowException@8"
006b5380,FUN_006b5380,120,0,"FUN_00689dcb FUN_006b4fc0"
006b5400,FUN_006b5400,55,0,"FUN_006b4fc0 __CxxThrowException@8"
006b5440,FUN_006b5440,31,0,"FUN_006b5220"
006b5460,FUN_006b5460,6,0,"FUN_006a9710"
006b5470,FUN_006b5470,191,0,"FUN_00401670 FUN_004021c0 FUN_006b52e0 __security_check_cookie _free"
006b5540,FUN_006b5540,99,0,"FUN_006b5150 FUN_006b5440 __CxxThrowException@8"
006b55b0,FUN_006b55b0,6,0,"FUN_006b5540"
006b55c0,GetUserDefaultLCID,6,0,""
006b55e0,FUN_006b55e0,11,0,""
006b55f0,FUN_006b55f0,34,0,"operator=="
006b5620,FUN_006b5620,127,0,"FUN_00689dcb"
006b569f,Catch_All@006b569f,19,0,"__CxxThrowException@8"
006b56c0,FUN_006b56c0,69,0,"FUN_0041f890 FUN_006b5620 LoadLibraryA"
006b5710,FUN_006b5710,154,0,"FUN_004020d0 FUN_004021c0 LoadStringA __security_check_cookie"
006b57b0,FUN_006b57b0,536,0,"FUN_004020d0 FUN_004021c0 FUN_00402290 FUN_0068a143 FUN_006a4280 LCMapStringA __security_check_cookie _free"
006b59d0,FUN_006b59d0,1130,0,"FUN_004021c0 FUN_00408d00 FUN_00689fda FUN_0068a143 FUN_006a2eb0 FUN_006a57e0 FUN_006a5930 FUN_006b45d0 FUN_006b5460 FUN_006b56c0 FUN_006b5710 GetStringTypeExA LCMapStringA __security_check_cookie _free _memset"
006b5e50,FUN_006b5e50,61,0,"InterlockedCompareExchange Sleep"
006b5e90,FUN_006b5e90,31,0,"FUN_006b5e50"
006b5eb0,FUN_006b5eb0,26,0,"InterlockedExchange"
006b5eca,RtlUnwind,6,4,""
006b5ed0,FUN_006b5ed0,12,0,""
006b5ee0,FUN_006b5ee0,13,0,""
006b5ef0,FUN_006b5ef0,13,0,""
006b5f00,FUN_006b5f00,13,0,""
006b5f10,FUN_006b5f10,215,0,"__allshl"
006b5ff0,FUN_006b5ff0,37,0,""
006b6020,FUN_006b6020,37,0,""
006b6050,FUN_006b6050,98,0,"_malloc"
006b60c0,FUN_006b60c0,60,0,"_free"
006b6110,FUN_006b6110,161,0,""
006b61c0,FUN_006b61c0,47,0,"FUN_0068d48a"
006b61f0,FUN_006b61f0,68,0,"FUN_0068d48a"
006b6240,FUN_006b6240,22,0,""
006b6260,FUN_006b6260,34,0,"FUN_006b6240 _free"
006b6290,FUN_006b6290,122,0,"FUN_0068d48a _malloc _memmove"
006b6310,FUN_006b6310,30,0,""
006b6330,FUN_006b6330,327,0,"FUN_006b6110 _memchr"
006b6480,FUN_006b6480,739,0,"FUN_006b5ed0 FUN_006b5ee0 FUN_006b5ef0 FUN_006b5f00 FUN_006b5f10 FUN_006b5ff0 FUN_006b6020 FUN_006b61c0 FUN_006b61f0 _memmove"
006b6770,FUN_006b6770,24,0,""
006b6790,FUN_006b6790,76,0,""
006b67e0,FUN_006b67e0,28,0,"FUN_006b6790"
006b6800,FUN_006b6800,21,0,"FUN_006b6820"
006b6820,FUN_006b6820,302,0,""
006b6950,FUN_006b6950,21,0,"FUN_006b6820"
006b6970,FUN_006b6970,54,0,"_malloc"
006b69b0,FUN_006b69b0,244,0,"FUN_0068d48a"
006b6ab0,FUN_006b6ab0,30,0,"FUN_006b69b0"
006b6ad0,FUN_006b6ad0,14,0,"_free"
006b6b00,FUN_006b6b00,40,0,""
006b6b30,FUN_006b6b30,167,0,""
006b6be0,FUN_006b6be0,45,0,""
006b6c10,FUN_006b6c10,205,0,""
006b6ce0,FUN_006b6ce0,24,0,""
006b6d00,__allshl,31,0,""
006b6d20,Unwind@006b6d20,8,0,"FUN_0041df50"
006b6d50,Unwind@006b6d50,9,0,"_free"
006b6d5b,Unwind@006b6d5b,9,0,"_free"
006b6d66,Unwind@006b6d66,9,0,"_free"
006b6d71,Unwind@006b6d71,9,0,"_free"
006b6d7c,Unwind@006b6d7c,9,0,"_free"
006b6d87,Unwind@006b6d87,9,0,"_free"
006b6d92,Unwind@006b6d92,9,0,"_free"
006b6d9d,Unwind@006b6d9d,9,0,"_free"
006b6da8,Unwind@006b6da8,9,0,"_free"
006b6db3,Unwind@006b6db3,9,0,"_free"
006b6dbe,Unwind@006b6dbe,9,0,"_free"
006b6dc9,Unwind@006b6dc9,9,0,"_free"
006b6dd4,Unwind@006b6dd4,9,0,"_free"
006b6ddf,Unwind@006b6ddf,9,0,"_free"
006b6dea,Unwind@006b6dea,9,0,"_free"
006b6df5,Unwind@006b6df5,9,0,"_free"
006b6e20,Unwind@006b6e20,9,0,"_free"
006b6e50,Unwind@006b6e50,8,0,"thunk_FUN_00413a90"
006b6e58,Unwind@006b6e58,11,0,"FUN_00420b80"
006b6e80,Unwind@006b6e80,11,0,"FUN_00405660"
006b6e8b,Unwind@006b6e8b,11,0,"FUN_0041f0c0"
006b6e96,Unwind@006b6e96,11,0,"FUN_0041f100"
006b6ec0,Unwind@006b6ec0,11,0,"FUN_00405660"
006b6ecb,Unwind@006b6ecb,11,0,"FUN_0041f0c0"
006b6ed6,Unwind@006b6ed6,11,0,"FUN_0041f100"
006b6f00,Unwind@006b6f00,8,0,"FUN_0041df50"
006b6f08,Unwind@006b6f08,11,0,"FUN_0041f1f0"
006b6f30,Unwind@006b6f30,8,0,"FUN_0041df50"
006b6f60,Unwind@006b6f60,8,0,"FUN_0041df50"
006b6f68,Unwind@006b6f68,11,0,"FUN_0040ad50"
006b6f73,Unwind@006b6f73,14,0,"thunk_FUN_00420a80"
006b6fa0,Unwind@006b6fa0,8,0,"FUN_0041df50"
006b6fa8,Unwind@006b6fa8,11,0,"FUN_0040ad50"
006b6fb3,Unwind@006b6fb3,14,0,"thunk_FUN_00420a80"
006b6fe0,Unwind@006b6fe0,8,0,"FUN_0041df50"
006b6fe8,Unwind@006b6fe8,11,0,"FUN_00421d30"
006b6ff3,Unwind@006b6ff3,14,0,"FUN_0040ad50"
006b7020,Unwind@006b7020,8,0,"FUN_0041df50"
006b7028,Unwind@006b7028,11,0,"FUN_00421d30"
006b7033,Unwind@006b7033,14,0,"FUN_0040ad50"
006b7060,Unwind@006b7060,8,0,"FUN_0041df50"
006b7068,Unwind@006b7068,11,0,"FUN_0041f1f0"
006b7090,Unwind@006b7090,11,0,"FUN_00420c60"
006b70c0,Unwind@006b70c0,8,0,"FUN_0040ad50"
006b70c8,Unwind@006b70c8,11,0,"FUN_00435f90"
006b70d3,Unwind@006b70d3,11,0,"thunk_FUN_00435eb0"
006b7100,Unwind@006b7100,8,0,"FUN_0040ad50"
006b7108,Unwind@006b7108,11,0,"FUN_00435f90"
006b7113,Unwind@006b7113,11,0,"thunk_FUN_00435eb0"
006b7140,Unwind@006b7140,11,0,"FUN_00420c60"
006b714b,Unwind@006b714b,11,0,"thunk_FUN_00435eb0"
006b7180,Unwind@006b7180,8,0,"FUN_0041faa0"
006b7188,Unwind@006b7188,11,0,"FUN_00421950"
006b7193,Unwind@006b7193,11,0,"FUN_00435f90"
006b719e,Unwind@006b719e,11,0,"FUN_00420b80"
006b71d0,Unwind@006b71d0,8,0,"FUN_00421d30"
006b7200,Unwind@006b7200,8,0,"FUN_00421a70"
006b7230,Unwind@006b7230,11,0,"FUN_004222e0"
006b7280,Unwind@006b7280,8,0,"FUN_00421a70"
006b72b0,Unwind@006b72b0,11,0,"FUN_004222e0"
006b72e0,Unwind@006b72e0,8,0,"FUN_00401870"
006b72e8,Unwind@006b72e8,9,0,"_free"
006b72f3,Unwind@006b72f3,17,0,"FUN_00402810"
006b7320,Unwind@006b7320,8,0,"FUN_0041faa0"
006b7328,Unwind@006b7328,39,0,"FUN_00421950"
006b734f,Unwind@006b734f,11,0,"FUN_00435f90"
006b735a,Unwind@006b735a,11,0,"FUN_00420b80"
006b7380,Unwind@006b7380,11,0,"FUN_0041df50"
006b738b,Unwind@006b738b,14,0,"FUN_00420c10"
006b7399,Unwind@006b7399,17,0,"FUN_0040c240"
006b73aa,Unwind@006b73aa,17,0,"FUN_0040c240"
006b73bb,Unwind@006b73bb,17,0,"FUN_0040c240"
006b73cc,Unwind@006b73cc,27,0,"`eh_vector_destructor_iterator'"
006b73e7,Unwind@006b73e7,17,0,"FUN_00421890"
006b73f8,Unwind@006b73f8,30,0,"`eh_vector_destructor_iterator'"
006b7416,Unwind@006b7416,17,0,"FUN_0040ad50"
006b7427,Unwind@006b7427,17,0,"FUN_0040ad50"
006b7438,Unwind@006b7438,17,0,"FUN_0040ad50"
006b7449,Unwind@006b7449,30,0,"`eh_vector_destructor_iterator'"
006b7467,Unwind@006b7467,30,0,"`eh_vector_destructor_iterator'"
006b7485,Unwind@006b7485,30,0,"`eh_vector_destructor_iterator'"
006b74a3,Unwind@006b74a3,17,0,"FUN_00421890"
006b74b4,Unwind@006b74b4,30,0,"`eh_vector_destructor_iterator'"
006b74d2,Unwind@006b74d2,30,0,"`eh_vector_destructor_iterator'"
006b74f0,Unwind@006b74f0,17,0,"FUN_0040ad50"
006b7501,Unwind@006b7501,30,0,"`eh_vector_destructor_iterator'"
006b7550,Unwind@006b7550,8,0,"FUN_0041df50"
006b7558,Unwind@006b7558,11,0,"FUN_00420c10"
006b7563,Unwind@006b7563,14,0,"FUN_0040c240"
006b7571,Unwind@006b7571,14,0,"FUN_0040c240"
006b757f,Unwind@006b757f,14,0,"FUN_0040c240"
006b758d,Unwind@006b758d,24,0,"`eh_vector_destructor_iterator'"
006b75a5,Unwind@006b75a5,14,0,"FUN_00421890"
006b75b3,Unwind@006b75b3,27,0,"`eh_vector_destructor_iterator'"
006b75ce,Unwind@006b75ce,14,0,"FUN_0040ad50"
006b75dc,Unwind@006b75dc,14,0,"FUN_0040ad50"
006b75ea,Unwind@006b75ea,14,0,"FUN_0040ad50"
006b75f8,Unwind@006b75f8,27,0,"`eh_vector_destructor_iterator'"
006b7613,Unwind@006b7613,27,0,"`eh_vector_destructor_iterator'"
006b762e,Unwind@006b762e,27,0,"`eh_vector_destructor_iterator'"
006b7649,Unwind@006b7649,14,0,"FUN_00421890"
006b7657,Unwind@006b7657,27,0,"`eh_vector_destructor_iterator'"
006b7672,Unwind@006b7672,27,0,"`eh_vector_destructor_iterator'"
006b768d,Unwind@006b768d,14,0,"FUN_0040ad50"
006b769b,Unwind@006b769b,27,0,"`eh_vector_destructor_iterator'"
006b76e0,Unwind@006b76e0,9,0,"_free"
006b7730,Unwind@006b7730,8,0,"FUN_0041df50"
006b7738,Unwind@006b7738,11,0,"FUN_00401e00"
006b7743,Unwind@006b7743,11,0,"FUN_00435f90"
006b774e,Unwind@006b774e,11,0,"FUN_0040ad50"
006b7759,Unwind@006b7759,14,0,"FUN_0040ad50"
006b7767,Unwind@006b7767,14,0,"FUN_0040ad50"
006b7775,Unwind@006b7775,14,0,"FUN_0040ad50"
006b7783,Unwind@006b7783,14,0,"FUN_00421890"
006b7791,Unwind@006b7791,14,0,"FUN_0043f330"
006b77c0,Unwind@006b77c0,8,0,"FUN_0041df50"
006b77c8,Unwind@006b77c8,11,0,"FUN_00401e00"
006b77d3,Unwind@006b77d3,11,0,"FUN_00435f90"
006b77de,Unwind@006b77de,11,0,"FUN_0040ad50"
006b77e9,Unwind@006b77e9,14,0,"FUN_0040ad50"
006b77f7,Unwind@006b77f7,14,0,"FUN_0040ad50"
006b7805,Unwind@006b7805,14,0,"FUN_0040ad50"
006b7813,Unwind@006b7813,14,0,"FUN_00421890"
006b7821,Unwind@006b7821,14,0,"FUN_0043f330"
006b7850,Unwind@006b7850,9,0,"_free"
006b785b,Unwind@006b785b,9,0,"_free"
006b7866,Unwind@006b7866,9,0,"_free"
006b7871,Unwind@006b7871,9,0,"_free"
006b787c,Unwind@006b787c,9,0,"_free"
006b7887,Unwind@006b7887,9,0,"_free"
006b78b0,Unwind@006b78b0,8,0,"FUN_0041df50"
006b78b8,Unwind@006b78b8,11,0,"FUN_0040ad50"
006b78c3,Unwind@006b78c3,14,0,"FUN_0040ad50"
006b78d1,Unwind@006b78d1,14,0,"FUN_0040ad50"
006b78df,Unwind@006b78df,14,0,"FUN_00421890"
006b7910,Unwind@006b7910,8,0,"FUN_0041df50"
006b7918,Unwind@006b7918,11,0,"FUN_0040ad50"
006b7923,Unwind@006b7923,14,0,"FUN_0040ad50"
006b7931,Unwind@006b7931,14,0,"FUN_0040ad50"
006b793f,Unwind@006b793f,14,0,"FUN_00421890"
006b7970,Unwind@006b7970,8,0,"FUN_00426080"
006b79a0,Unwind@006b79a0,8,0,"FUN_00426080"
006b79d0,Unwind@006b79d0,8,0,"FUN_0041df50"
006b79d8,Unwind@006b79d8,11,0,"FUN_0040ad50"
006b7a00,Unwind@006b7a00,8,0,"FUN_0041df50"
006b7a08,Unwind@006b7a08,11,0,"FUN_0040ad50"
006b7a30,Unwind@006b7a30,8,0,"FUN_00407bf0"
006b7a60,Unwind@006b7a60,8,0,"FUN_00401e00"
006b7a68,Unwind@006b7a68,11,0,"FUN_00401e00"
006b7a73,Unwind@006b7a73,19,0,"`eh_vector_destructor_iterator'"
006b7a86,Unwind@006b7a86,11,0,"thunk_FUN_0040ff90"
006b7ab0,Unwind@006b7ab0,11,0,"FUN_0040ceb0"
006b7abb,Unwind@006b7abb,11,0,"FUN_00401e00"
006b7ac6,Unwind@006b7ac6,23,0,"FUN_00402810"
006b7b10,Unwind@006b7b10,8,0,"FUN_00407bf0"
006b7b40,Unwind@006b7b40,8,0,"FUN_00401e00"
006b7b70,Unwind@006b7b70,8,0,"FUN_00439fc0"
006b7ba0,Unwind@006b7ba0,11,0,"FUN_00401e00"
006b7be0,Unwind@006b7be0,11,0,"FUN_00401e00"
006b7beb,Unwind@006b7beb,11,0,"FUN_00401e00"
006b7bf6,Unwind@006b7bf6,11,0,"FUN_00401e00"
006b7c01,Unwind@006b7c01,11,0,"FUN_00401e00"
006b7c0c,Unwind@006b7c0c,11,0,"FUN_00401e00"
006b7c17,Unwind@006b7c17,11,0,"FUN_00401e00"
006b7c22,Unwind@006b7c22,11,0,"FUN_0040ceb0"
006b7c80,Unwind@006b7c80,8,0,"FUN_00401870"
006b7cb0,Unwind@006b7cb0,8,0,"FUN_00401870"
006b7d00,Unwind@006b7d00,17,0,"FUN_00402810"
006b7d30,Unwind@006b7d30,17,0,"FUN_00402810"
006b7d60,Unwind@006b7d60,8,0,"FUN_00429480"
006b7d90,Unwind@006b7d90,8,0,"FUN_00429480"
006b7dc0,Unwind@006b7dc0,8,0,"FUN_00429480"
006b7df0,Unwind@006b7df0,8,0,"FUN_00401e00"
006b7df8,Unwind@006b7df8,11,0,"FUN_0040ceb0"
006b7e03,Unwind@006b7e03,8,0,"FUN_00429480"
006b7e40,Unwind@006b7e40,11,0,"FUN_0040ad50"
006b7e4b,Unwind@006b7e4b,14,0,"FUN_00401e00"
006b7e59,Unwind@006b7e59,14,0,"FUN_00401e00"
006b7e67,Unwind@006b7e67,14,0,"thunk_FUN_00409d50"
006b7e90,Unwind@006b7e90,11,0,"FUN_0040ad50"
006b7e9b,Unwind@006b7e9b,14,0,"FUN_00401e00"
006b7ea9,Unwind@006b7ea9,14,0,"FUN_00401e00"
006b7eb7,Unwind@006b7eb7,14,0,"thunk_FUN_00409d50"
006b7ee0,Unwind@006b7ee0,8,0,"FUN_00407bf0"
006b7ee8,Unwind@006b7ee8,8,0,"FUN_0042c910"
006b7ef0,Unwind@006b7ef0,8,0,"FUN_0042c910"
006b7f40,Unwind@006b7f40,8,0,"thunk_FUN_00413a90"
006b7f70,Unwind@006b7f70,8,0,"thunk_FUN_00413a90"
006b7fa0,Unwind@006b7fa0,8,0,"thunk_FUN_00420a80"
006b7fa8,Unwind@006b7fa8,8,0,"FUN_0042e900"
006b7fd0,Unwind@006b7fd0,11,0,"FUN_0042d320"
006b7fdb,Unwind@006b7fdb,11,0,"FUN_0042e900"
006b7fe6,Unwind@006b7fe6,11,0,"thunk_FUN_00420a80"
006b7ff1,Unwind@006b7ff1,11,0,"thunk_FUN_0040fdb0"
006b7ffc,Unwind@006b7ffc,11,0,"FUN_00401e00"
006b8007,Unwind@006b8007,11,0,"FUN_00401e00"
006b8040,Unwind@006b8040,8,0,"FUN_0040ceb0"
006b8048,Unwind@006b8048,8,0,"FUN_0042c910"
006b8050,Unwind@006b8050,8,0,"FUN_0042c910"
006b8080,Unwind@006b8080,11,0,"FUN_004114c0"
006b80c0,Unwind@006b80c0,8,0,"FUN_00439fc0"
006b80f0,Unwind@006b80f0,8,0,"FUN_00401e00"
006b80f8,Unwind@006b80f8,8,0,"FUN_00401e00"
006b8100,Unwind@006b8100,8,0,"FUN_00407bf0"
006b8130,Unwind@006b8130,8,0,"FUN_00401e00"
006b8138,Unwind@006b8138,8,0,"FUN_00401e00"
006b8140,Unwind@006b8140,8,0,"FUN_0040ceb0"
006b8170,Unwind@006b8170,8,0,"FUN_00401e00"
006b81a0,Unwind@006b81a0,8,0,"FUN_00401e00"
006b81a8,Unwind@006b81a8,8,0,"FUN_00401e00"
006b81b0,Unwind@006b81b0,8,0,"FUN_00401e00"
006b81b8,Unwind@006b81b8,11,0,"thunk_FUN_0040fdb0"
006b8200,Unwind@006b8200,8,0,"FUN_00401e00"
006b8230,Unwind@006b8230,17,0,"FUN_00402810"
006b8260,Unwind@006b8260,11,0,"thunk_FUN_0040fdb0"
006b826b,Unwind@006b826b,11,0,"FUN_00433950"
006b8276,Unwind@006b8276,11,0,"FUN_00401e00"
006b8281,Unwind@006b8281,11,0,"FUN_0042cf20"
006b828c,Unwind@006b828c,11,0,"FUN_00401e00"
006b8297,Unwind@006b8297,11,0,"FUN_00432b90"
006b82a2,Unwind@006b82a2,11,0,"FUN_00432b90"
006b82ad,Unwind@006b82ad,11,0,"FUN_00432b90"
006b82b8,Unwind@006b82b8,11,0,"FUN_00432b90"
006b8300,Unwind@006b8300,11,0,"thunk_FUN_0040fdb0"
006b830b,Unwind@006b830b,11,0,"FUN_00401e00"
006b8316,Unwind@006b8316,11,0,"FUN_0042cf20"
006b8321,Unwind@006b8321,11,0,"FUN_00401e00"
006b832c,Unwind@006b832c,11,0,"FUN_00432b90"
006b8337,Unwind@006b8337,11,0,"FUN_00432b90"
006b8342,Unwind@006b8342,11,0,"FUN_00432b90"
006b834d,Unwind@006b834d,11,0,"FUN_00432b90"
006b8390,Unwind@006b8390,11,0,"FUN_0040ad50"
006b83c0,Unwind@006b83c0,11,0,"FUN_0040ad50"
006b83cb,Unwind@006b83cb,14,0,"FUN_00401e00"
006b8400,Unwind@006b8400,11,0,"FUN_0040ad50"
006b8430,Unwind@006b8430,11,0,"FUN_00436090"
006b8460,Unwind@006b8460,11,0,"FUN_004362b0"
006b8490,Unwind@006b8490,11,0,"FUN_00436090"
006b849b,Unwind@006b849b,11,0,"thunk_FUN_00435eb0"
006b84d0,Unwind@006b84d0,11,0,"FUN_004361a0"
006b84db,Unwind@006b84db,11,0,"thunk_FUN_00435eb0"
006b8510,Unwind@006b8510,11,0,"FUN_004362b0"
006b851b,Unwind@006b851b,11,0,"thunk_FUN_00435eb0"
006b8550,Unwind@006b8550,8,0,"FUN_0041faa0"
006b8558,Unwind@006b8558,11,0,"FUN_00437210"
006b8563,Unwind@006b8563,11,0,"FUN_00435f90"
006b856e,Unwind@006b856e,11,0,"FUN_00420b80"
006b85a0,Unwind@006b85a0,8,0,"FUN_0041faa0"
006b85a8,Unwind@006b85a8,11,0,"FUN_004372f0"
006b85b3,Unwind@006b85b3,11,0,"FUN_00435f90"
006b85be,Unwind@006b85be,11,0,"FUN_00420b80"
006b85f0,Unwind@006b85f0,8,0,"FUN_0041faa0"
006b85f8,Unwind@006b85f8,39,0,"FUN_00437210"
006b861f,Unwind@006b861f,11,0,"FUN_00435f90"
006b862a,Unwind@006b862a,11,0,"FUN_00420b80"
006b8650,Unwind@006b8650,8,0,"FUN_0041faa0"
006b8658,Unwind@006b8658,39,0,"FUN_004372f0"
006b867f,Unwind@006b867f,11,0,"FUN_00435f90"
006b868a,Unwind@006b868a,11,0,"FUN_00420b80"
006b86b0,Unwind@006b86b0,11,0,"FUN_0040cf20"
006b86bb,Unwind@006b86bb,11,0,"thunk_FUN_00435eb0"
006b86c6,Unwind@006b86c6,11,0,"thunk_FUN_00435eb0"
006b86d1,Unwind@006b86d1,11,0,"FUN_00422660"
006b86dc,Unwind@006b86dc,11,0,"FUN_00422660"
006b86e7,Unwind@006b86e7,11,0,"FUN_00421a70"
006b8720,Unwind@006b8720,11,0,"FUN_004378e0"
006b872b,Unwind@006b872b,11,0,"FUN_004114c0"
006b8736,Unwind@006b8736,14,0,"FUN_004389f0"
006b8744,Unwind@006b8744,14,0,"FUN_00436480"
006b8752,Unwind@006b8752,14,0,"FUN_00436480"
006b8760,Unwind@006b8760,14,0,"FUN_00436480"
006b876e,Unwind@006b876e,14,0,"FUN_00405660"
006b87a0,Unwind@006b87a0,11,0,"FUN_00435f90"
006b87ab,Unwind@006b87ab,83,0,"FUN_00436470 _free"
006b87b6,Unwind@006b87b6,11,0,"thunk_FUN_00420a80"
006b87c1,Unwind@006b87c1,11,0,"FUN_00438a30"
006b87f0,Unwind@006b87f0,8,0,"FUN_0046b2a0"
006b8820,Unwind@006b8820,8,0,"FUN_00438d20"
006b8850,Unwind@006b8850,11,0,"FUN_00435f90"
006b885b,Unwind@006b885b,11,0,"FUN_00436470"
006b8866,Unwind@006b8866,11,0,"thunk_FUN_00420a80"
006b8871,Unwind@006b8871,11,0,"FUN_00438a30"
006b88a0,Unwind@006b88a0,8,0,"FUN_00401e00"
006b88a8,Unwind@006b88a8,11,0,"FUN_00401e00"
006b88b3,Unwind@006b88b3,11,0,"thunk_FUN_0040fdb0"
006b88be,Unwind@006b88be,11,0,"FUN_00438a70"
006b88c9,Unwind@006b88c9,14,0,"thunk_FUN_00435eb0"
006b88d7,Unwind@006b88d7,14,0,"thunk_FUN_00435eb0"
006b8900,Unwind@006b8900,12,0,"_free"
006b890e,Unwind@006b890e,12,0,"_free"
006b891c,Unwind@006b891c,12,0,"_free"
006b892a,Unwind@006b892a,12,0,"_free"
006b8970,Unwind@006b8970,8,0,"FUN_00401e00"
006b8978,Unwind@006b8978,11,0,"FUN_00401e00"
006b8983,Unwind@006b8983,11,0,"thunk_FUN_0040fdb0"
006b898e,Unwind@006b898e,11,0,"FUN_00438a70"
006b8999,Unwind@006b8999,14,0,"thunk_FUN_00435eb0"
006b89d0,Unwind@006b89d0,9,0,"_free"
006b89db,Unwind@006b89db,9,0,"_free"
006b8a10,Unwind@006b8a10,9,0,"_free"
006b8a1b,Unwind@006b8a1b,9,0,"_free"
006b8a26,Unwind@006b8a26,9,0,"_free"
006b8a50,Unwind@006b8a50,8,0,"FUN_00401e00"
006b8a80,Unwind@006b8a80,8,0,"FUN_00401e00"
006b8ab0,Unwind@006b8ab0,11,0,"thunk_FUN_0040ff90"
006b8abb,Unwind@006b8abb,11,0,"thunk_FUN_00420a80"
006b8ac6,Unwind@006b8ac6,11,0,"thunk_FUN_00413a90"
006b8af0,Unwind@006b8af0,11,0,"FUN_00401e00"
006b8afb,Unwind@006b8afb,11,0,"FUN_00401e00"
006b8b06,Unwind@006b8b06,11,0,"FUN_00401e00"
006b8b11,Unwind@006b8b11,11,0,"FUN_00401e00"
006b8b1c,Unwind@006b8b1c,11,0,"FUN_00401e00"
006b8b27,Unwind@006b8b27,11,0,"FUN_00401e00"
006b8b32,Unwind@006b8b32,11,0,"FUN_00401e00"
006b8b70,Unwind@006b8b70,11,0,"FUN_004114c0"
006b8b7b,Unwind@006b8b7b,11,0,"FUN_00401e00"
006b8b86,Unwind@006b8b86,11,0,"FUN_0040ad50"
006b8bc0,Unwind@006b8bc0,8,0,"FUN_00426080"
006b8bf0,Unwind@006b8bf0,11,0,"FUN_0042d320"
006b8c30,Unwind@006b8c30,8,0,"FUN_00401e00"
006b8c60,Unwind@006b8c60,11,0,"FUN_0040ac10"
006b8c6b,Unwind@006b8c6b,14,0,"FUN_0043be90"
006b8c79,Unwind@006b8c79,24,0,"`eh_vector_destructor_iterator'"
006b8c91,Unwind@006b8c91,14,0,"FUN_0040ac10"
006b8c9f,Unwind@006b8c9f,24,0,"`eh_vector_destructor_iterator'"
006b8cb7,Unwind@006b8cb7,14,0,"~SubAllocator"
006b8cc5,Unwind@006b8cc5,14,0,"FUN_0040ac10"
006b8cd3,Unwind@006b8cd3,27,0,"`eh_vector_destructor_iterator'"
006b8d10,Unwind@006b8d10,8,0,"FUN_0043c950"
006b8d40,Unwind@006b8d40,9,0,"_free"
006b8d70,Unwind@006b8d70,17,0,"FUN_00402810"
006b8da0,Unwind@006b8da0,11,0,"thunk_FUN_00409d50"
006b8dd0,Unwind@006b8dd0,8,0,"FUN_00401e00"
006b8dd8,Unwind@006b8dd8,11,0,"FUN_00401e00"
006b8e00,Unwind@006b8e00,8,0,"thunk_FUN_00409d50"
006b8e30,Unwind@006b8e30,11,0,"FUN_0043ded0"
006b8e3b,Unwind@006b8e3b,11,0,"FUN_0043ded0"
006b8e46,Unwind@006b8e46,11,0,"FUN_0040c240"
006b8e51,Unwind@006b8e51,11,0,"FUN_0040c240"
006b8e5c,Unwind@006b8e5c,11,0,"FUN_0040c240"
006b8e67,Unwind@006b8e67,14,0,"FUN_0040c240"
006b8e75,Unwind@006b8e75,14,0,"FUN_0041f0c0"
006b8e83,Unwind@006b8e83,24,0,"`eh_vector_destructor_iterator'"
006b8ec0,Unwind@006b8ec0,11,0,"FUN_0043ded0"
006b8ecb,Unwind@006b8ecb,11,0,"FUN_0043ded0"
006b8ed6,Unwind@006b8ed6,11,0,"FUN_0040c240"
006b8ee1,Unwind@006b8ee1,11,0,"FUN_0040c240"
006b8eec,Unwind@006b8eec,11,0,"FUN_0040c240"
006b8ef7,Unwind@006b8ef7,14,0,"FUN_0040c240"
006b8f05,Unwind@006b8f05,14,0,"FUN_0041f0c0"
006b8f13,Unwind@006b8f13,24,0,"`eh_vector_destructor_iterator'"
006b8f50,Unwind@006b8f50,11,0,"FUN_00401e00"
006b8f5b,Unwind@006b8f5b,11,0,"FUN_0043bec0"
006b8f66,Unwind@006b8f66,11,0,"FUN_0043bec0"
006b8f71,Unwind@006b8f71,11,0,"thunk_FUN_00409d50"
006b8fb0,Unwind@006b8fb0,22,0,"`eh_vector_destructor_iterator'"
006b8fc6,Unwind@006b8fc6,14,0,"FUN_0043f170"
006b8fd4,Unwind@006b8fd4,14,0,"FUN_00401e00"
006b9000,Unwind@006b9000,22,0,"`eh_vector_destructor_iterator'"
006b9016,Unwind@006b9016,14,0,"FUN_0043f170"
006b9024,Unwind@006b9024,14,0,"FUN_00401e00"
006b9050,Unwind@006b9050,11,0,"FUN_0040ad50"
006b9080,Unwind@006b9080,8,0,"FUN_00401e00"
006b9088,Unwind@006b9088,8,0,"FUN_00401e00"
006b9090,Unwind@006b9090,8,0,"FUN_00401e00"
006b90c0,Unwind@006b90c0,8,0,"FUN_00440730"
006b90c8,Unwind@006b90c8,11,0,"FUN_00421890"
006b90d3,Unwind@006b90d3,11,0,"FUN_0040c240"
006b9100,Unwind@006b9100,8,0,"FUN_00440730"
006b9108,Unwind@006b9108,11,0,"FUN_00421890"
006b9113,Unwind@006b9113,11,0,"FUN_0040c240"
006b9140,Unwind@006b9140,8,0,"FUN_00440730"
006b9148,Unwind@006b9148,11,0,"FUN_0043f330"
006b9153,Unwind@006b9153,27,0,"`eh_vector_destructor_iterator'"
006b916e,Unwind@006b916e,14,0,"FUN_00421890"
006b91a0,Unwind@006b91a0,8,0,"FUN_00440730"
006b91a8,Unwind@006b91a8,11,0,"FUN_0043f330"
006b91b3,Unwind@006b91b3,27,0,"`eh_vector_destructor_iterator'"
006b91ce,Unwind@006b91ce,14,0,"FUN_00421890"
006b9200,Unwind@006b9200,8,0,"FUN_00442440"
006b9230,Unwind@006b9230,8,0,"FUN_00401e00"
006b9238,Unwind@006b9238,8,0,"FUN_00401e00"
006b9270,Unwind@006b9270,25,0,"FUN_00401e00"
006b92b0,Unwind@006b92b0,25,0,"FUN_00401e00"
006b92c9,Unwind@006b92c9,8,0,"FUN_00401e00"
006b92f0,Unwind@006b92f0,8,0,"FUN_00435f90"
006b9320,Unwind@006b9320,8,0,"FUN_0040ceb0"
006b9328,Unwind@006b9328,8,0,"FUN_00401e00"
006b9330,Unwind@006b9330,8,0,"FUN_00401e00"
006b9338,Unwind@006b9338,8,0,"FUN_00401e00"
006b9370,Unwind@006b9370,8,0,"FUN_00401e00"
006b9378,Unwind@006b9378,17,0,"FUN_00402810"
006b9389,Unwind@006b9389,8,0,"FUN_00401e00"
006b93c0,Unwind@006b93c0,11,0,"FUN_004439e0"
006b93cb,Unwind@006b93cb,11,0,"FUN_004422e0"
006b9400,Unwind@006b9400,11,0,"FUN_004439e0"
006b940b,Unwind@006b940b,11,0,"FUN_004422e0"
006b9416,Unwind@006b9416,24,0,"`eh_vector_destructor_iterator'"
006b9450,Unwind@006b9450,8,0,"FUN_00440730"
006b9458,Unwind@006b9458,11,0,"FUN_00421890"
006b9463,Unwind@006b9463,11,0,"FUN_0040ad50"
006b946e,Unwind@006b946e,14,0,"FUN_0040adb0"
006b947c,Unwind@006b947c,14,0,"FUN_0040ad50"
006b948a,Unwind@006b948a,14,0,"FUN_0040ad50"
006b9498,Unwind@006b9498,14,0,"FUN_0040ad50"
006b94a6,Unwind@006b94a6,14,0,"thunk_FUN_0040ff90"
006b94b4,Unwind@006b94b4,14,0,"FUN_00401e00"
006b94c2,Unwind@006b94c2,27,0,"`eh_vector_destructor_iterator'"
006b9500,Unwind@006b9500,11,0,"FUN_00401e00"
006b950b,Unwind@006b950b,11,0,"FUN_00401e00"
006b9516,Unwind@006b9516,23,0,"FUN_00402810"
006b9560,Unwind@006b9560,11,0,"FUN_00443aa0"
006b9590,Unwind@006b9590,8,0,"FUN_00440730"
006b9598,Unwind@006b9598,11,0,"FUN_00421890"
006b95a3,Unwind@006b95a3,11,0,"FUN_0040ad50"
006b95ae,Unwind@006b95ae,14,0,"FUN_0040adb0"
006b95bc,Unwind@006b95bc,14,0,"FUN_0040ad50"
006b95ca,Unwind@006b95ca,14,0,"FUN_0040ad50"
006b95d8,Unwind@006b95d8,14,0,"FUN_0040ad50"
006b95e6,Unwind@006b95e6,14,0,"thunk_FUN_0040ff90"
006b95f4,Unwind@006b95f4,14,0,"FUN_00401e00"
006b9602,Unwind@006b9602,27,0,"`eh_vector_destructor_iterator'"
006b9640,Unwind@006b9640,11,0,"FUN_00401e00"
006b964b,Unwind@006b964b,11,0,"FUN_00442440"
006b9656,Unwind@006b9656,11,0,"FUN_00442f40"
006b9661,Unwind@006b9661,11,0,"FUN_00401e00"
006b966c,Unwind@006b966c,11,0,"FUN_00401e00"
006b9677,Unwind@006b9677,11,0,"FUN_00401e00"
006b9682,Unwind@006b9682,11,0,"FUN_00401e00"
006b96c0,Unwind@006b96c0,12,0,"_free"
006b9700,Unwind@006b9700,8,0,"FUN_00440730"
006b9708,Unwind@006b9708,11,0,"FUN_00421890"
006b9730,Unwind@006b9730,8,0,"FUN_00440730"
006b9738,Unwind@006b9738,11,0,"FUN_00421890"
006b9760,Unwind@006b9760,9,0,"_free"
006b9790,Unwind@006b9790,8,0,"FUN_00440730"
006b9798,Unwind@006b9798,11,0,"FUN_004455a0"
006b97a3,Unwind@006b97a3,14,0,"FUN_00421890"
006b97b1,Unwind@006b97b1,14,0,"FUN_0043f330"
006b97e0,Unwind@006b97e0,8,0,"FUN_00440730"
006b97e8,Unwind@006b97e8,11,0,"FUN_004455a0"
006b97f3,Unwind@006b97f3,14,0,"FUN_00421890"
006b9801,Unwind@006b9801,14,0,"FUN_0043f330"
006b9830,Unwind@006b9830,11,0,"thunk_FUN_0040fdb0"
006b983b,Unwind@006b983b,8,0,"FUN_00401e00"
006b9843,Unwind@006b9843,8,0,"FUN_00401e00"
006b984b,Unwind@006b984b,23,0,"FUN_00402810"
006b9862,Unwind@006b9862,23,0,"FUN_00402810"
006b9879,Unwind@006b9879,8,0,"FUN_00401e00"
006b9881,Unwind@006b9881,23,0,"FUN_00402810"
006b98d0,Unwind@006b98d0,8,0,"FUN_00440730"
006b98d8,Unwind@006b98d8,11,0,"FUN_0043f330"
006b98e3,Unwind@006b98e3,14,0,"FUN_0040ad50"
006b98f1,Unwind@006b98f1,14,0,"FUN_00421890"
006b98ff,Unwind@006b98ff,24,0,"`eh_vector_destructor_iterator'"
006b9940,Unwind@006b9940,8,0,"FUN_00440730"
006b9948,Unwind@006b9948,11,0,"FUN_0043f330"
006b9953,Unwind@006b9953,14,0,"FUN_0040ad50"
006b9961,Unwind@006b9961,14,0,"FUN_00421890"
006b996f,Unwind@006b996f,24,0,"`eh_vector_destructor_iterator'"
006b99b0,Unwind@006b99b0,8,0,"FUN_00440730"
006b99b8,Unwind@006b99b8,11,0,"thunk_FUN_00439fc0"
006b99c3,Unwind@006b99c3,14,0,"FUN_00421890"
006b99d1,Unwind@006b99d1,27,0,"`eh_vector_destructor_iterator'"
006b99ec,Unwind@006b99ec,14,0,"thunk_FUN_00435eb0"
006b9a20,Unwind@006b9a20,8,0,"FUN_00440730"
006b9a28,Unwind@006b9a28,11,0,"thunk_FUN_00439fc0"
006b9a33,Unwind@006b9a33,14,0,"FUN_00421890"
006b9a41,Unwind@006b9a41,27,0,"`eh_vector_destructor_iterator'"
006b9a5c,Unwind@006b9a5c,14,0,"thunk_FUN_00435eb0"
006b9a90,Unwind@006b9a90,9,0,"_free"
006b9ac0,Unwind@006b9ac0,8,0,"FUN_00440730"
006b9ac8,Unwind@006b9ac8,11,0,"FUN_0040ad50"
006b9ad3,Unwind@006b9ad3,14,0,"FUN_00435f90"
006b9ae1,Unwind@006b9ae1,27,0,"`eh_vector_destructor_iterator'"
006b9afc,Unwind@006b9afc,14,0,"FUN_00421890"
006b9b0a,Unwind@006b9b0a,14,0,"FUN_0043f330"
006b9b40,Unwind@006b9b40,8,0,"FUN_00440730"
006b9b48,Unwind@006b9b48,11,0,"FUN_0040ad50"
006b9b53,Unwind@006b9b53,14,0,"FUN_00435f90"
006b9b61,Unwind@006b9b61,27,0,"`eh_vector_destructor_iterator'"
006b9b7c,Unwind@006b9b7c,14,0,"FUN_00421890"
006b9b8a,Unwind@006b9b8a,14,0,"FUN_0043f330"
006b9bc0,Unwind@006b9bc0,11,0,"FUN_0042e900"
006b9bcb,Unwind@006b9bcb,11,0,"FUN_00401e00"
006b9bd6,Unwind@006b9bd6,23,0,"FUN_00402810"
006b9bed,Unwind@006b9bed,11,0,"FUN_00401e00"
006b9bf8,Unwind@006b9bf8,23,0,"FUN_00402810"
006b9c40,Unwind@006b9c40,9,0,"_free"
006b9c4b,Unwind@006b9c4b,9,0,"_free"
006b9c56,Unwind@006b9c56,9,0,"_free"
006b9c61,Unwind@006b9c61,9,0,"_free"
006b9c6c,Unwind@006b9c6c,9,0,"_free"
006b9ca0,Unwind@006b9ca0,8,0,"FUN_00440730"
006b9ca8,Unwind@006b9ca8,11,0,"FUN_00421890"
006b9cb3,Unwind@006b9cb3,25,0,"`eh_vector_destructor_iterator'"
006b9cf0,Unwind@006b9cf0,8,0,"FUN_00440730"
006b9cf8,Unwind@006b9cf8,11,0,"FUN_00421890"
006b9d03,Unwind@006b9d03,25,0,"`eh_vector_destructor_iterator'"
006b9d40,Unwind@006b9d40,8,0,"FUN_00440730"
006b9d48,Unwind@006b9d48,11,0,"FUN_0040ad50"
006b9d53,Unwind@006b9d53,14,0,"FUN_0040ad50"
006b9d61,Unwind@006b9d61,14,0,"FUN_00421890"
006b9d6f,Unwind@006b9d6f,14,0,"FUN_0043f330"
006b9da0,Unwind@006b9da0,8,0,"FUN_00440730"
006b9da8,Unwind@006b9da8,11,0,"FUN_0040ad50"
006b9db3,Unwind@006b9db3,14,0,"FUN_0040ad50"
006b9dc1,Unwind@006b9dc1,14,0,"FUN_00421890"
006b9dcf,Unwind@006b9dcf,14,0,"FUN_0043f330"
006b9e00,Unwind@006b9e00,11,0,"FUN_0040ad50"
006b9e30,Unwind@006b9e30,8,0,"FUN_00440730"
006b9e38,Unwind@006b9e38,11,0,"FUN_00421890"
006b9e43,Unwind@006b9e43,14,0,"FUN_0040ad50"
006b9e51,Unwind@006b9e51,14,0,"FUN_0040ad50"
006b9e5f,Unwind@006b9e5f,14,0,"FUN_0040ad50"
006b9e6d,Unwind@006b9e6d,14,0,"FUN_0040ad50"
006b9e7b,Unwind@006b9e7b,14,0,"FUN_0040ad50"
006b9e89,Unwind@006b9e89,14,0,"FUN_0042e900"
006b9e97,Unwind@006b9e97,14,0,"FUN_0043ded0"
006b9ea5,Unwind@006b9ea5,14,0,"thunk_FUN_00420a80"
006b9eb3,Unwind@006b9eb3,27,0,"`eh_vector_destructor_iterator'"
006b9ef0,Unwind@006b9ef0,11,0,"FUN_00440730"
006b9efb,Unwind@006b9efb,14,0,"FUN_00421890"
006b9f09,Unwind@006b9f09,17,0,"FUN_0040ad50"
006b9f1a,Unwind@006b9f1a,17,0,"FUN_0040ad50"
006b9f2b,Unwind@006b9f2b,17,0,"FUN_0040ad50"
006b9f3c,Unwind@006b9f3c,17,0,"FUN_0040ad50"
006b9f4d,Unwind@006b9f4d,17,0,"FUN_0040ad50"
006b9f5e,Unwind@006b9f5e,17,0,"FUN_0042e900"
006b9f6f,Unwind@006b9f6f,17,0,"FUN_0043ded0"
006b9f80,Unwind@006b9f80,17,0,"thunk_FUN_00420a80"
006b9f91,Unwind@006b9f91,30,0,"`eh_vector_destructor_iterator'"
006b9faf,Unwind@006b9faf,11,0,"FUN_00401e00"
006b9ff0,Unwind@006b9ff0,8,0,"FUN_00440730"
006b9ff8,Unwind@006b9ff8,11,0,"FUN_00421890"
006ba003,Unwind@006ba003,11,0,"FUN_0040ad50"
006ba00e,Unwind@006ba00e,14,0,"FUN_0040ad50"
006ba01c,Unwind@006ba01c,27,0,"`eh_vector_destructor_iterator'"
006ba060,Unwind@006ba060,8,0,"FUN_00440730"
006ba068,Unwind@006ba068,11,0,"FUN_00421890"
006ba073,Unwind@006ba073,11,0,"FUN_0040ad50"
006ba07e,Unwind@006ba07e,14,0,"FUN_0040ad50"
006ba08c,Unwind@006ba08c,27,0,"`eh_vector_destructor_iterator'"
006ba0d0,Unwind@006ba0d0,11,0,"FUN_00401e00"
006ba0db,Unwind@006ba0db,11,0,"FUN_0042d320"
006ba0e6,Unwind@006ba0e6,11,0,"FUN_00401e00"
006ba0f1,Unwind@006ba0f1,11,0,"FUN_00401e00"
006ba0fc,Unwind@006ba0fc,11,0,"FUN_00401e00"
006ba140,Unwind@006ba140,8,0,"FUN_00401e00"
006ba148,Unwind@006ba148,8,0,"FUN_00401e00"
006ba150,Unwind@006ba150,8,0,"FUN_00401e00"
006ba158,Unwind@006ba158,8,0,"FUN_00401e00"
006ba160,Unwind@006ba160,11,0,"FUN_00401e00"
006ba16b,Unwind@006ba16b,8,0,"FUN_00401e00"
006ba173,Unwind@006ba173,11,0,"FUN_00401e00"
006ba17e,Unwind@006ba17e,11,0,"FUN_00401e00"
006ba1c0,Unwind@006ba1c0,8,0,"FUN_00401e00"
006ba1c8,Unwind@006ba1c8,8,0,"FUN_00401e00"
006ba200,Unwind@006ba200,8,0,"FUN_00401e00"
006ba208,Unwind@006ba208,8,0,"FUN_00401e00"
006ba240,Unwind@006ba240,8,0,"FUN_00401e00"
006ba248,Unwind@006ba248,8,0,"FUN_00401e00"
006ba270,Unwind@006ba270,8,0,"FUN_00401e00"
006ba278,Unwind@006ba278,8,0,"FUN_00401e00"
006ba2a0,Unwind@006ba2a0,8,0,"FUN_00440730"
006ba2a8,Unwind@006ba2a8,11,0,"FUN_0042d320"
006ba2b3,Unwind@006ba2b3,14,0,"FUN_00421890"
006ba2c1,Unwind@006ba2c1,14,0,"FUN_00427bc0"
006ba2cf,Unwind@006ba2cf,14,0,"FUN_00401e00"
006ba2dd,Unwind@006ba2dd,14,0,"FUN_00401e00"
006ba2eb,Unwind@006ba2eb,14,0,"FUN_00401e00"
006ba2f9,Unwind@006ba2f9,14,0,"FUN_00401e00"
006ba307,Unwind@006ba307,14,0,"FUN_00401e00"
006ba315,Unwind@006ba315,27,0,"`eh_vector_destructor_iterator'"
006ba350,Unwind@006ba350,8,0,"FUN_00440730"
006ba358,Unwind@006ba358,11,0,"FUN_0042d320"
006ba363,Unwind@006ba363,14,0,"FUN_00421890"
006ba371,Unwind@006ba371,14,0,"FUN_00427bc0"
006ba37f,Unwind@006ba37f,14,0,"FUN_00401e00"
006ba38d,Unwind@006ba38d,14,0,"FUN_00401e00"
006ba39b,Unwind@006ba39b,14,0,"FUN_00401e00"
006ba3a9,Unwind@006ba3a9,14,0,"FUN_00401e00"
006ba3b7,Unwind@006ba3b7,14,0,"FUN_00401e00"
006ba3c5,Unwind@006ba3c5,27,0,"`eh_vector_destructor_iterator'"
006ba400,Unwind@006ba400,11,0,"FUN_0040ac10"
006ba40b,Unwind@006ba40b,14,0,"FUN_0043be90"
006ba419,Unwind@006ba419,24,0,"`eh_vector_destructor_iterator'"
006ba431,Unwind@006ba431,14,0,"FUN_0040ac10"
006ba43f,Unwind@006ba43f,24,0,"`eh_vector_destructor_iterator'"
006ba457,Unwind@006ba457,14,0,"~SubAllocator"
006ba465,Unwind@006ba465,14,0,"FUN_0040ac10"
006ba473,Unwind@006ba473,27,0,"`eh_vector_destructor_iterator'"
006ba48e,Unwind@006ba48e,14,0,"FUN_00412cc0"
006ba49c,Unwind@006ba49c,14,0,"thunk_FUN_00420a80"
006ba4d0,Unwind@006ba4d0,11,0,"FUN_004114c0"
006ba4db,Unwind@006ba4db,11,0,"FUN_00401e00"
006ba520,Unwind@006ba520,11,0,"FUN_00401870"
006ba560,Unwind@006ba560,8,0,"~SubAllocator"
006ba568,Unwind@006ba568,8,0,"FUN_0044dab0"
006ba5a0,Unwind@006ba5a0,8,0,"FUN_0043be90"
006ba5a8,Unwind@006ba5a8,8,0,"~SubAllocator"
006ba5b0,Unwind@006ba5b0,8,0,"FUN_0044dab0"
006ba5f0,Unwind@006ba5f0,8,0,"FUN_00401870"
006ba620,Unwind@006ba620,8,0,"FUN_0043be90"
006ba628,Unwind@006ba628,8,0,"~SubAllocator"
006ba660,Unwind@006ba660,8,0,"~SubAllocator"
006ba690,Unwind@006ba690,17,0,"FUN_00402810"
006ba740,Unwind@006ba740,8,0,"thunk_FUN_00413a90"
006ba770,Unwind@006ba770,17,0,"FUN_00402810"
006ba7c0,Unwind@006ba7c0,11,0,"FUN_0041ec10"
006ba7cb,Unwind@006ba7cb,11,0,"FUN_00421d30"
006ba800,Unwind@006ba800,11,0,"FUN_00421890"
006ba80b,Unwind@006ba80b,11,0,"FUN_0040ad50"
006ba840,Unwind@006ba840,11,0,"FUN_00421890"
006ba84b,Unwind@006ba84b,11,0,"FUN_0040ad50"
006ba880,Unwind@006ba880,39,0,"FUN_00421d30"
006ba8d0,Unwind@006ba8d0,8,0,"FUN_00401e00"
006ba900,Unwind@006ba900,8,0,"FUN_00401e00"
006ba930,Unwind@006ba930,11,0,"FUN_0040ad50"
006ba960,Unwind@006ba960,11,0,"FUN_0040ad50"
006ba990,Unwind@006ba990,17,0,"FUN_00402810"
006ba9c0,Unwind@006ba9c0,14,0,"FUN_0040ad50"
006ba9ce,Unwind@006ba9ce,11,0,"FUN_00434c60"
006baa00,Unwind@006baa00,11,0,"FUN_004361a0"
006baa30,Unwind@006baa30,8,0,"FUN_00401e00"
006baa38,Unwind@006baa38,8,0,"FUN_00401e00"
006baa40,Unwind@006baa40,11,0,"FUN_00435f00"
006baa4b,Unwind@006baa4b,11,0,"FUN_00455420"
006baa56,Unwind@006baa56,11,0,"FUN_00455420"
006baa90,Unwind@006baa90,8,0,"FUN_00401e00"
006baa98,Unwind@006baa98,8,0,"FUN_006a4520"
006baaa0,Unwind@006baaa0,8,0,"FUN_00401e00"
006baad0,Unwind@006baad0,11,0,"FUN_00426080"
006baadb,Unwind@006baadb,11,0,"FUN_00401e00"
006baae6,Unwind@006baae6,8,0,"FUN_00401e00"
006baaee,Unwind@006baaee,11,0,"FUN_00401e00"
006baaf9,Unwind@006baaf9,11,0,"FUN_00401e00"
006bab04,Unwind@006bab04,11,0,"FUN_00401e00"
006bab0f,Unwind@006bab0f,11,0,"FUN_00401e00"
006bab1a,Unwind@006bab1a,11,0,"FUN_00434c60"
006bab25,Unwind@006bab25,11,0,"FUN_00434c60"
006bab60,Unwind@006bab60,11,0,"FUN_004378e0"
006bab6b,Unwind@006bab6b,11,0,"FUN_004114c0"
006bab76,Unwind@006bab76,14,0,"FUN_004389f0"
006bab84,Unwind@006bab84,14,0,"FUN_00436480"
006bab92,Unwind@006bab92,14,0,"FUN_00436480"
006baba0,Unwind@006baba0,14,0,"FUN_00436480"
006babae,Unwind@006babae,14,0,"FUN_00405660"
006babbc,Unwind@006babbc,14,0,"FUN_00454bf0"
006babca,Unwind@006babca,14,0,"FUN_00401e00"
006babd8,Unwind@006babd8,14,0,"FUN_00401e00"
006babe6,Unwind@006babe6,14,0,"FUN_00401e00"
006bac10,Unwind@006bac10,8,0,"FUN_00401e00"
006bac40,Unwind@006bac40,8,0,"FUN_00401e00"
006bac48,Unwind@006bac48,8,0,"FUN_00401e00"
006baca0,Unwind@006baca0,8,0,"FUN_00401e00"
006bacd0,Unwind@006bacd0,11,0,"FUN_00421d30"
006bad00,Unwind@006bad00,11,0,"FUN_00421d30"
006bad30,Unwind@006bad30,11,0,"FUN_0045cf50"
006bad60,Unwind@006bad60,11,0,"FUN_0045cf50"
006badd0,Unwind@006badd0,8,0,"FUN_00421a70"
006badd8,Unwind@006badd8,11,0,"FUN_0040c240"
006bade3,Unwind@006bade3,11,0,"FUN_0040c240"
006bae10,Unwind@006bae10,8,0,"FUN_00421a70"
006bae18,Unwind@006bae18,11,0,"FUN_0040c240"
006bae23,Unwind@006bae23,11,0,"FUN_0040c240"
006bae50,Unwind@006bae50,17,0,"FUN_00402810"
006bae80,Unwind@006bae80,17,0,"FUN_00402810"
006baed0,Unwind@006baed0,8,0,"FUN_0045fd50"
006baf00,Unwind@006baf00,8,0,"FUN_0045fd50"
006baf30,Unwind@006baf30,11,0,"FUN_0045ffd0"
006baf60,Unwind@006baf60,17,0,"FUN_00402810"
006baf90,Unwind@006baf90,8,0,"FUN_0042e900"
006baf98,Unwind@006baf98,11,0,"thunk_FUN_00420a80"
006bafa3,Unwind@006bafa3,11,0,"thunk_FUN_00420a80"
006bafd0,Unwind@006bafd0,11,0,"FUN_0045ffd0"
006bb000,Unwind@006bb000,11,0,"FUN_0040cf20"
006bb00b,Unwind@006bb00b,11,0,"thunk_FUN_00435eb0"
006bb016,Unwind@006bb016,11,0,"thunk_FUN_00435eb0"
006bb021,Unwind@006bb021,11,0,"FUN_00461590"
006bb02c,Unwind@006bb02c,11,0,"FUN_0045fd50"
006bb037,Unwind@006bb037,11,0,"FUN_00461590"
006bb042,Unwind@006bb042,11,0,"FUN_0045ffd0"
006bb080,Unwind@006bb080,8,0,"FUN_0045f8e0"
006bb088,Unwind@006bb088,14,0,"FUN_0040ad50"
006bb096,Unwind@006bb096,14,0,"FUN_00465420"
006bb0a4,Unwind@006bb0a4,14,0,"FUN_004619c0"
006bb0b2,Unwind@006bb0b2,14,0,"FUN_0045fd60"
006bb0c0,Unwind@006bb0c0,14,0,"FUN_0040ad50"
006bb0ce,Unwind@006bb0ce,14,0,"FUN_00462aa0"
006bb0dc,Unwind@006bb0dc,14,0,"FUN_00460ab0"
006bb0ea,Unwind@006bb0ea,14,0,"thunk_FUN_00413a90"
006bb0f8,Unwind@006bb0f8,14,0,"thunk_FUN_00420a80"
006bb106,Unwind@006bb106,9,0,"_free"
006bb111,Unwind@006bb111,9,0,"_free"
006bb11c,Unwind@006bb11c,9,0,"_free"
006bb150,Unwind@006bb150,8,0,"FUN_0045f8e0"
006bb158,Unwind@006bb158,14,0,"FUN_0040ad50"
006bb166,Unwind@006bb166,14,0,"FUN_00465420"
006bb174,Unwind@006bb174,14,0,"FUN_004619c0"
006bb182,Unwind@006bb182,14,0,"FUN_0045fd60"
006bb190,Unwind@006bb190,14,0,"FUN_0040ad50"
006bb19e,Unwind@006bb19e,14,0,"FUN_00462aa0"
006bb1ac,Unwind@006bb1ac,14,0,"FUN_00460ab0"
006bb1ba,Unwind@006bb1ba,14,0,"thunk_FUN_00413a90"
006bb1c8,Unwind@006bb1c8,14,0,"thunk_FUN_00420a80"
006bb1d6,Unwind@006bb1d6,8,0,"FUN_0042e900"
006bb1de,Unwind@006bb1de,11,0,"thunk_FUN_00420a80"
006bb1e9,Unwind@006bb1e9,11,0,"thunk_FUN_00420a80"
006bb230,Unwind@006bb230,9,0,"_free"
006bb23b,Unwind@006bb23b,9,0,"_free"
006bb246,Unwind@006bb246,9,0,"_free"
006bb251,Unwind@006bb251,9,0,"_free"
006bb25c,Unwind@006bb25c,9,0,"_free"
006bb267,Unwind@006bb267,9,0,"_free"
006bb272,Unwind@006bb272,9,0,"_free"
006bb27d,Unwind@006bb27d,9,0,"_free"
006bb288,Unwind@006bb288,9,0,"_free"
006bb293,Unwind@006bb293,9,0,"_free"
006bb29e,Unwind@006bb29e,9,0,"_free"
006bb2a9,Unwind@006bb2a9,9,0,"_free"
006bb2b4,Unwind@006bb2b4,9,0,"_free"
006bb2bf,Unwind@006bb2bf,9,0,"_free"
006bb2ca,Unwind@006bb2ca,9,0,"_free"
006bb2f0,Unwind@006bb2f0,8,0,"thunk_FUN_00435eb0"
006bb2f8,Unwind@006bb2f8,11,0,"thunk_FUN_00414640"
006bb303,Unwind@006bb303,11,0,"thunk_FUN_00414640"
006bb30e,Unwind@006bb30e,11,0,"FUN_00435f90"
006bb319,Unwind@006bb319,11,0,"thunk_FUN_00435eb0"
006bb340,Unwind@006bb340,11,0,"FUN_00435f90"
006bb34b,Unwind@006bb34b,11,0,"FUN_00436470"
006bb356,Unwind@006bb356,11,0,"FUN_00435f90"
006bb361,Unwind@006bb361,11,0,"FUN_00436470"
006bb390,Unwind@006bb390,11,0,"FUN_00435f90"
006bb39b,Unwind@006bb39b,11,0,"FUN_00436470"
006bb3a6,Unwind@006bb3a6,11,0,"FUN_00435f90"
006bb3d0,Unwind@006bb3d0,11,0,"FUN_00421d30"
006bb400,Unwind@006bb400,11,0,"FUN_00421d30"
006bb440,Unwind@006bb440,8,0,"thunk_FUN_00435eb0"
006bb448,Unwind@006bb448,11,0,"thunk_FUN_00414640"
006bb453,Unwind@006bb453,11,0,"thunk_FUN_00414640"
006bb45e,Unwind@006bb45e,11,0,"thunk_FUN_00435eb0"
006bb469,Unwind@006bb469,11,0,"thunk_FUN_00435eb0"
006bb474,Unwind@006bb474,11,0,"FUN_00417fc0"
006bb4a0,Unwind@006bb4a0,9,0,"_free"
006bb4ab,Unwind@006bb4ab,9,0,"_free"
006bb4b6,Unwind@006bb4b6,9,0,"_free"
006bb4c1,Unwind@006bb4c1,9,0,"_free"
006bb4cc,Unwind@006bb4cc,9,0,"_free"
006bb4d7,Unwind@006bb4d7,9,0,"_free"
006bb4e2,Unwind@006bb4e2,9,0,"_free"
006bb4ed,Unwind@006bb4ed,9,0,"_free"
006bb4f8,Unwind@006bb4f8,9,0,"_free"
006bb503,Unwind@006bb503,9,0,"_free"
006bb50e,Unwind@006bb50e,9,0,"_free"
006bb519,Unwind@006bb519,9,0,"_free"
006bb524,Unwind@006bb524,9,0,"_free"
006bb52f,Unwind@006bb52f,9,0,"_free"
006bb53a,Unwind@006bb53a,9,0,"_free"
006bb545,Unwind@006bb545,9,0,"_free"
006bb550,Unwind@006bb550,9,0,"_free"
006bb580,Unwind@006bb580,11,0,"FUN_00465e10"
006bb58b,Unwind@006bb58b,11,0,"FUN_00421d30"
006bb5d0,Unwind@006bb5d0,11,0,"FUN_00465e10"
006bb5db,Unwind@006bb5db,11,0,"FUN_00421d30"
006bb610,Unwind@006bb610,8,0,"FUN_00465e10"
006bb640,Unwind@006bb640,17,0,"FUN_00402810"
006bb670,Unwind@006bb670,8,0,"FUN_00401e00"
006bb6a0,Unwind@006bb6a0,11,0,"FUN_00421d30"
006bb6ab,Unwind@006bb6ab,11,0,"thunk_FUN_0040fdb0"
006bb6b6,Unwind@006bb6b6,11,0,"FUN_00435f90"
006bb6c1,Unwind@006bb6c1,11,0,"FUN_006a72e0"
006bb6cc,Unwind@006bb6cc,11,0,"FUN_006a72e0"
006bb710,Unwind@006bb710,22,0,"`eh_vector_destructor_iterator'"
006bb726,Unwind@006bb726,22,0,"`eh_vector_destructor_iterator'"
006bb760,Unwind@006bb760,11,0,"FUN_0046ec80"
006bb790,Unwind@006bb790,11,0,"FUN_0046ec80"
006bb79b,Unwind@006bb79b,11,0,"thunk_FUN_00435eb0"
006bb7d0,Unwind@006bb7d0,8,0,"FUN_0041faa0"
006bb7d8,Unwind@006bb7d8,11,0,"FUN_0046f020"
006bb7e3,Unwind@006bb7e3,11,0,"FUN_00435f90"
006bb7ee,Unwind@006bb7ee,11,0,"FUN_00420b80"
006bb820,Unwind@006bb820,8,0,"FUN_0041faa0"
006bb828,Unwind@006bb828,39,0,"FUN_0046f020"
006bb84f,Unwind@006bb84f,11,0,"FUN_00435f90"
006bb85a,Unwind@006bb85a,11,0,"FUN_00420b80"
006bb880,Unwind@006bb880,11,0,"FUN_0046f500"
006bb88b,Unwind@006bb88b,14,0,"FUN_00421890"
006bb899,Unwind@006bb899,14,0,"FUN_00421890"
006bb8a7,Unwind@006bb8a7,14,0,"thunk_FUN_00421890"
006bb8b5,Unwind@006bb8b5,24,0,"`eh_vector_destructor_iterator'"
006bb8f0,Unwind@006bb8f0,8,0,"FUN_0046f6a0"
006bb8f8,Unwind@006bb8f8,27,0,"`eh_vector_destructor_iterator'"
006bb930,Unwind@006bb930,9,0,"_free"
006bb93b,Unwind@006bb93b,9,0,"_free"
006bb970,Unwind@006bb970,8,0,"FUN_0046f6a0"
006bb978,Unwind@006bb978,14,0,"FUN_0046f970"
006bb9b0,Unwind@006bb9b0,9,0,"_free"
006bb9bb,Unwind@006bb9bb,9,0,"_free"
006bb9f0,Unwind@006bb9f0,11,0,"FUN_00401e00"
006bb9fb,Unwind@006bb9fb,11,0,"FUN_00401e00"
006bba40,Unwind@006bba40,9,0,"_free"
006bba4b,Unwind@006bba4b,9,0,"_free"
006bba80,Unwind@006bba80,9,0,"_free"
006bbab0,Unwind@006bbab0,8,0,"thunk_FUN_00420a80"
006bbae0,Unwind@006bbae0,8,0,"FUN_0045f8e0"
006bbb10,Unwind@006bbb10,11,0,"FUN_00435f90"
006bbb1b,Unwind@006bbb1b,11,0,"FUN_0040c240"
006bbb26,Unwind@006bbb26,11,0,"thunk_FUN_004023e0"
006bbb31,Unwind@006bbb31,11,0,"FUN_0040ac10"
006bbb60,Unwind@006bbb60,11,0,"FUN_00492fe0"
006bbb90,Unwind@006bbb90,11,0,"FUN_00492fe0"
006bbb9b,Unwind@006bbb9b,11,0,"thunk_FUN_00435eb0"
006bbbd0,Unwind@006bbbd0,8,0,"FUN_00491b90"
006bbbd8,Unwind@006bbbd8,11,0,"FUN_00493640"
006bbc00,Unwind@006bbc00,9,0,"_free"
006bbc30,Unwind@006bbc30,11,0,"FUN_004b95a0"
006bbc60,Unwind@006bbc60,11,0,"FUN_004b95a0"
006bbc6b,Unwind@006bbc6b,11,0,"thunk_FUN_00435eb0"
006bbca0,Unwind@006bbca0,8,0,"FUN_00491b90"
006bbca8,Unwind@006bbca8,11,0,"FUN_004b9c00"
006bbcd0,Unwind@006bbcd0,8,0,"FUN_00491bc0"
006bbcd8,Unwind@006bbcd8,9,0,"_free"
006bbd00,Unwind@006bbd00,11,0,"FUN_004deac0"
006bbd30,Unwind@006bbd30,11,0,"FUN_004deac0"
006bbd3b,Unwind@006bbd3b,11,0,"thunk_FUN_00435eb0"
006bbd70,Unwind@006bbd70,8,0,"FUN_00491b90"
006bbd78,Unwind@006bbd78,11,0,"FUN_004df120"
006bbda0,Unwind@006bbda0,11,0,"FUN_004fa250"
006bbdd0,Unwind@006bbdd0,11,0,"FUN_004fa250"
006bbddb,Unwind@006bbddb,11,0,"thunk_FUN_00435eb0"
006bbe10,Unwind@006bbe10,8,0,"FUN_00491b90"
006bbe18,Unwind@006bbe18,11,0,"FUN_004fa930"
006bbe40,Unwind@006bbe40,8,0,"FUN_00491b90"
006bbe70,Unwind@006bbe70,11,0,"FUN_0051e570"
006bbea0,Unwind@006bbea0,11,0,"FUN_0051e570"
006bbeab,Unwind@006bbeab,11,0,"thunk_FUN_00435eb0"
006bbee0,Unwind@006bbee0,8,0,"FUN_00491b90"
006bbee8,Unwind@006bbee8,11,0,"FUN_0051ebd0"
006bbf10,Unwind@006bbf10,8,0,"FUN_00401870"
006bbf18,Unwind@006bbf18,9,0,"_free"
006bbf23,Unwind@006bbf23,17,0,"FUN_00402810"
006bbf50,Unwind@006bbf50,11,0,"FUN_0053a930"
006bbf80,Unwind@006bbf80,11,0,"FUN_0053a930"
006bbf8b,Unwind@006bbf8b,11,0,"thunk_FUN_00435eb0"
006bbfc0,Unwind@006bbfc0,8,0,"FUN_00491b90"
006bbfc8,Unwind@006bbfc8,11,0,"FUN_0053af90"
006bbff0,Unwind@006bbff0,8,0,"FUN_00491bc0"
006bbff8,Unwind@006bbff8,14,0,"thunk_FUN_00420a80"
006bc006,Unwind@006bc006,9,0,"_free"
006bc030,Unwind@006bc030,11,0,"FUN_00555680"
006bc060,Unwind@006bc060,11,0,"FUN_00555680"
006bc06b,Unwind@006bc06b,11,0,"thunk_FUN_00435eb0"
006bc0a0,Unwind@006bc0a0,8,0,"FUN_00491b90"
006bc0a8,Unwind@006bc0a8,11,0,"FUN_00555ce0"
006bc0d0,Unwind@006bc0d0,11,0,"FUN_0056d2a0"
006bc100,Unwind@006bc100,11,0,"FUN_0056d2a0"
006bc10b,Unwind@006bc10b,11,0,"thunk_FUN_00435eb0"
006bc140,Unwind@006bc140,8,0,"FUN_00491b90"
006bc148,Unwind@006bc148,11,0,"FUN_0056db10"
006bc170,Unwind@006bc170,11,0,"FUN_0058b610"
006bc1a0,Unwind@006bc1a0,11,0,"FUN_0058b610"
006bc1ab,Unwind@006bc1ab,11,0,"thunk_FUN_00435eb0"
006bc1e0,Unwind@006bc1e0,8,0,"FUN_00491b90"
006bc1e8,Unwind@006bc1e8,11,0,"FUN_0058bc70"
006bc210,Unwind@006bc210,11,0,"FUN_005ae290"
006bc240,Unwind@006bc240,11,0,"FUN_005ae290"
006bc24b,Unwind@006bc24b,11,0,"thunk_FUN_00435eb0"
006bc280,Unwind@006bc280,8,0,"FUN_00491b90"
006bc288,Unwind@006bc288,11,0,"FUN_005ae970"
006bc2b0,Unwind@006bc2b0,11,0,"FUN_005d2260"
006bc2e0,Unwind@006bc2e0,11,0,"FUN_005d2260"
006bc2eb,Unwind@006bc2eb,11,0,"thunk_FUN_00435eb0"
006bc320,Unwind@006bc320,8,0,"FUN_00491b90"
006bc328,Unwind@006bc328,11,0,"FUN_005d28c0"
006bc350,Unwind@006bc350,11,0,"FUN_005f70c0"
006bc380,Unwind@006bc380,11,0,"FUN_005f70c0"
006bc38b,Unwind@006bc38b,11,0,"thunk_FUN_00435eb0"
006bc3c0,Unwind@006bc3c0,8,0,"FUN_00491b90"
006bc3c8,Unwind@006bc3c8,11,0,"FUN_005f7720"
006bc3f0,Unwind@006bc3f0,11,0,"FUN_00617a20"
006bc420,Unwind@006bc420,11,0,"FUN_00617a20"
006bc42b,Unwind@006bc42b,11,0,"thunk_FUN_00435eb0"
006bc460,Unwind@006bc460,8,0,"FUN_00491b90"
006bc468,Unwind@006bc468,11,0,"FUN_006180f0"
006bc490,Unwind@006bc490,11,0,"FUN_00630940"
006bc4c0,Unwind@006bc4c0,11,0,"FUN_00630940"
006bc4cb,Unwind@006bc4cb,11,0,"thunk_FUN_00435eb0"
006bc500,Unwind@006bc500,8,0,"FUN_00491b90"
006bc508,Unwind@006bc508,11,0,"FUN_00630fa0"
006bc530,Unwind@006bc530,11,0,"FUN_00435f90"
006bc53b,Unwind@006bc53b,11,0,"FUN_0040c240"
006bc546,Unwind@006bc546,11,0,"thunk_FUN_004023e0"
006bc570,Unwind@006bc570,11,0,"FUN_0064ac70"
006bc5a0,Unwind@006bc5a0,11,0,"FUN_0064ac70"
006bc5ab,Unwind@006bc5ab,11,0,"thunk_FUN_00435eb0"
006bc5e0,Unwind@006bc5e0,8,0,"FUN_00491b90"
006bc5e8,Unwind@006bc5e8,11,0,"FUN_0064b370"
006bc60e,Unwind@006bc60e,8,0,"FUN_00401e00"
006bc650,Unwind@006bc650,25,0,"FUN_00442440"
006bc690,Unwind@006bc690,8,0,"FUN_00442440"
006bc6c0,Unwind@006bc6c0,8,0,"FUN_00442440"
006bc6c8,Unwind@006bc6c8,25,0,"FUN_00442440"
006bc700,Unwind@006bc700,8,0,"FUN_00401e00"
006bc708,Unwind@006bc708,8,0,"FUN_00401e00"
006bc710,Unwind@006bc710,8,0,"FUN_00401e00"
006bc740,Unwind@006bc740,8,0,"FUN_00401e00"
006bc770,Unwind@006bc770,14,0,""
006bc7e0,Unwind@006bc7e0,8,0,"FUN_006b5eb0"
006bc7e8,Unwind@006bc7e8,25,0,"FUN_00401e00"
006bc820,Unwind@006bc820,25,0,"FUN_00401e00"
006bc860,Unwind@006bc860,8,0,"FUN_00401e00"
006bc8b0,Unwind@006bc8b0,8,0,"FUN_00401e00"
006bc8e0,Unwind@006bc8e0,8,0,"FUN_006a4ee0"
006bc8e8,Unwind@006bc8e8,11,0,"FUN_006a0880"
006bc950,Unwind@006bc950,8,0,"FUN_00401e00"
006bc958,Unwind@006bc958,25,0,"FUN_00401e00"
006bc971,Unwind@006bc971,8,0,"FUN_00401e00"
006bc979,Unwind@006bc979,8,0,"FUN_00401e00"
006bc9d0,Unwind@006bc9d0,8,0,"FUN_00665ac7"
006bca00,Unwind@006bca00,8,0,"FUN_00401e00"
006bca08,Unwind@006bca08,8,0,"FUN_006a4b30"
006bca40,Unwind@006bca40,25,0,"FUN_00401e00"
006bca59,Unwind@006bca59,8,0,"FUN_00401e00"
006bca61,Unwind@006bca61,8,0,"FUN_00401e00"
006bca69,Unwind@006bca69,8,0,"FUN_00401e00"
006bca71,Unwind@006bca71,8,0,"FUN_00401e00"
006bcaa0,Unwind@006bcaa0,8,0,"FUN_006a4ca0"
006bcaa8,Unwind@006bcaa8,11,0,"FUN_006a0880"
006bcad0,Unwind@006bcad0,8,0,"FUN_00401e00"
006bcb00,Unwind@006bcb00,11,0,"FUN_00401e00"
006bcb0b,Unwind@006bcb0b,8,0,"FUN_006a4b30"
006bcb13,Unwind@006bcb13,11,0,"FUN_00401e00"
006bcb1e,Unwind@006bcb1e,8,0,"FUN_006a4b30"
006bcb60,Unwind@006bcb60,17,0,"FUN_00402810"
006bcb90,Unwind@006bcb90,17,0,"FUN_00402810"
006bcbe0,Unwind@006bcbe0,8,0,"FUN_006a72e0"
006bcc10,Unwind@006bcc10,8,0,"FUN_00401e00"
006bcc18,Unwind@006bcc18,8,0,"FUN_006a4b30"
006bcc50,Unwind@006bcc50,11,0,"FUN_006a4ee0"
006bcc80,Unwind@006bcc80,8,0,"FUN_00401e00"
006bcc88,Unwind@006bcc88,8,0,"FUN_00401e00"
006bcc90,Unwind@006bcc90,8,0,"FUN_00401e00"
006bccc0,Unwind@006bccc0,8,0,"FUN_00401e00"
006bccc8,Unwind@006bccc8,8,0,"FUN_00401e00"
006bccd0,Unwind@006bccd0,8,0,"FUN_00401e00"
006bccd8,Unwind@006bccd8,8,0,"FUN_00401e00"
006bcce0,Unwind@006bcce0,8,0,"FUN_00401e00"
006bcce8,Unwind@006bcce8,8,0,"FUN_00401e00"
006bcd20,Unwind@006bcd20,8,0,"FUN_00401e00"
006bcd28,Unwind@006bcd28,8,0,"FUN_00401e00"
006bcd30,Unwind@006bcd30,8,0,"FUN_00401e00"
006bcd38,Unwind@006bcd38,8,0,"FUN_00401e00"
006bcd40,Unwind@006bcd40,8,0,"FUN_00401e00"
006bcd48,Unwind@006bcd48,8,0,"FUN_00401e00"
006bcd50,Unwind@006bcd50,8,0,"FUN_00401e00"
006bcd58,Unwind@006bcd58,8,0,"FUN_00401e00"
006bcd60,Unwind@006bcd60,8,0,"FUN_00401e00"
006bcd68,Unwind@006bcd68,8,0,"FUN_00401e00"
006bcda0,Unwind@006bcda0,11,0,"FUN_006a4ca0"
006bcdd0,Unwind@006bcdd0,8,0,"FUN_00435f90"
006bcdd8,Unwind@006bcdd8,11,0,"FUN_00435f90"
006bce00,Unwind@006bce00,8,0,"FUN_00401e00"
006bce30,Unwind@006bce30,8,0,"FUN_00401e00"
006bce38,Unwind@006bce38,8,0,"FUN_00665ac7"
006bce40,Unwind@006bce40,9,0,"_free"
006bce80,Unwind@006bce80,17,0,"FUN_00402810"
006bceb0,Unwind@006bceb0,8,0,"FUN_006a72e0"
006bceb8,Unwind@006bceb8,11,0,"FUN_00442440"
006bcec3,Unwind@006bcec3,14,0,"FUN_006a08e0"
006bcef0,Unwind@006bcef0,8,0,"FUN_006a8310"
006bcef8,Unwind@006bcef8,8,0,"FUN_006a8310"
006bcf20,Unwind@006bcf20,8,0,"FUN_006a8310"
006bcf50,Unwind@006bcf50,8,0,"FUN_00435f90"
006bcf58,Unwind@006bcf58,8,0,"FUN_00401e00"
006bcf60,Unwind@006bcf60,8,0,"FUN_006a4b30"
006bcf90,Unwind@006bcf90,8,0,"FUN_006a5f40"
006bcfc0,Unwind@006bcfc0,8,0,"FUN_006a5f40"
006bcff0,Unwind@006bcff0,8,0,"FUN_006a8310"
006bd040,Unwind@006bd040,8,0,"FUN_006a8310"
006bd070,Unwind@006bd070,8,0,"FUN_00401e00"
006bd078,Unwind@006bd078,8,0,"FUN_0043bec0"
006bd0a0,Unwind@006bd0a0,8,0,"FUN_006a4520"
006bd0d0,Unwind@006bd0d0,14,0,"FUN_006b2b10"
006bd0de,Unwind@006bd0de,14,0,"FUN_006b2b50"
006bd110,Unwind@006bd110,8,0,"FUN_006a08f0"
006bd140,Unwind@006bd140,11,0,"FUN_006a52f0"
006bd170,Unwind@006bd170,17,0,"FUN_006b2b10"
006bd181,Unwind@006bd181,17,0,"FUN_006b2b50"
006bd192,Unwind@006bd192,17,0,"FUN_006b32f0"
006bd1a3,Unwind@006bd1a3,11,0,"FUN_00442440"
006bd1ae,Unwind@006bd1ae,8,0,"FUN_00401e00"
006bd1b6,Unwind@006bd1b6,11,0,"FUN_00442440"
006bd1c1,Unwind@006bd1c1,8,0,"FUN_00401e00"
006bd1c9,Unwind@006bd1c9,11,0,"FUN_00401e00"
006bd1d4,Unwind@006bd1d4,8,0,"FUN_006a4b30"
006bd1dc,Unwind@006bd1dc,11,0,"FUN_00401e00"
006bd1e7,Unwind@006bd1e7,8,0,"FUN_00401e00"
006bd1ef,Unwind@006bd1ef,8,0,"FUN_00401e00"
006bd1f7,Unwind@006bd1f7,14,0,""
006bd205,Unwind@006bd205,11,0,"FUN_00401e00"
006bd260,Unwind@006bd260,14,0,""
006bd26e,Unwind@006bd26e,8,0,"FUN_006a5f40"
006bd276,Unwind@006bd276,25,0,"FUN_00442440"
006bd28f,Unwind@006bd28f,9,0,"_free"
006bd29a,Unwind@006bd29a,8,0,"FUN_00442440"
006bd2a2,Unwind@006bd2a2,8,0,"FUN_00442440"
006bd2d0,Unwind@006bd2d0,8,0,"FUN_006b5eb0"
006bd2d8,Unwind@006bd2d8,25,0,"FUN_00442440"
006bd2f1,Unwind@006bd2f1,8,0,"FUN_00401e00"
006bd2f9,Unwind@006bd2f9,8,0,"FUN_006a4b30"
006bd320,Unwind@006bd320,8,0,"FUN_006a72e0"
006bd328,Unwind@006bd328,9,0,"_free"
006bd333,Unwind@006bd333,11,0,"FUN_00442440"
006bd33e,Unwind@006bd33e,14,0,"FUN_006a08e0"
006bd370,Unwind@006bd370,8,0,"FUN_00442440"
006bd378,Unwind@006bd378,9,0,"_free"
006bd383,Unwind@006bd383,8,0,"FUN_00442440"
006bd38b,Unwind@006bd38b,9,0,"_free"
006bd396,Unwind@006bd396,8,0,"FUN_00442440"
006bd3c0,Unwind@006bd3c0,8,0,"FUN_006b5eb0"
006bd3f0,Unwind@006bd3f0,8,0,"FUN_00401740"
006bd420,Unwind@006bd420,8,0,"FUN_006b4c90"
006bd428,Unwind@006bd428,11,0,"FUN_006a0880"
006bd450,Unwind@006bd450,8,0,"FUN_006a4b30"
006bd480,Unwind@006bd480,8,0,"FUN_006b4be0"
006bd488,Unwind@006bd488,11,0,"FUN_006a0880"
006bd4b0,Unwind@006bd4b0,11,0,"FUN_006b4c90"
006bd4e0,Unwind@006bd4e0,8,0,"FUN_00401e00"
006bd4e8,Unwind@006bd4e8,8,0,"FUN_00401740"
006bd520,Unwind@006bd520,8,0,"FUN_006b4be0"
006bd570,Unwind@006bd570,25,0,"FUN_00401e00"
006bd589,Unwind@006bd589,8,0,"FUN_00401e00"
006bd5c0,Unwind@006bd5c0,11,0,"FUN_00442440"
006bd5cb,Unwind@006bd5cb,11,0,"FUN_00401e00"
006bd5d6,Unwind@006bd5d6,11,0,"FUN_00442440"
006bd5e1,Unwind@006bd5e1,11,0,"FUN_00401e00"
006bd5ec,Unwind@006bd5ec,11,0,"FUN_00401e00"
006bd5f7,Unwind@006bd5f7,11,0,"FUN_006a4b30"
006bd602,Unwind@006bd602,11,0,"FUN_00401e00"
006bd60d,Unwind@006bd60d,11,0,"FUN_00401e00"
006bd650,Unwind@006bd650,8,0,"FUN_004182e0"
006bd680,Unwind@006bd680,8,0,"FUN_00401870"
006bd6b0,Unwind@006bd6b0,8,0,"FUN_00401870"
006bd6b8,Unwind@006bd6b8,8,0,"FUN_00401870"
006bd6e0,Unwind@006bd6e0,8,0,"FUN_0040ac10"
006bd6e8,Unwind@006bd6e8,14,0,"thunk_FUN_00408a00"
006bd720,Unwind@006bd720,8,0,"FUN_0040ac10"
006bd750,Unwind@006bd750,11,0,"FUN_00405060"
006bd75b,Unwind@006bd75b,14,0,"FUN_00405060"
006bd769,Unwind@006bd769,14,0,"FUN_0040c240"
006bd7c0,Unwind@006bd7c0,11,0,"thunk_FUN_00414640"
006bd7cb,Unwind@006bd7cb,11,0,"thunk_FUN_00414640"
006bd7d6,Unwind@006bd7d6,11,0,"thunk_FUN_00414640"
006bd7e1,Unwind@006bd7e1,11,0,"thunk_FUN_00414640"
006bd810,Unwind@006bd810,8,0,"FUN_00401f10"
006bd818,Unwind@006bd818,11,0,"FUN_00402020"
006bd823,Unwind@006bd823,24,0,"`eh_vector_destructor_iterator'"
006bd860,Unwind@006bd860,17,0,"FUN_00402810"
006bd890,Unwind@006bd890,8,0,"FUN_0040ac10"
006bd898,Unwind@006bd898,11,0,"thunk_FUN_00414640"
006bd8c0,Unwind@006bd8c0,8,0,"FUN_00401e00"
006bd8c8,Unwind@006bd8c8,11,0,"FUN_004182e0"
006bd8d3,Unwind@006bd8d3,11,0,"FUN_00418a00"
006bd920,Unwind@006bd920,8,0,"FUN_00689fda"
006bd950,Unwind@006bd950,8,0,"FUN_00689fda"
006bd980,Unwind@006bd980,11,0,"FUN_0040cf20"
006bd9b0,Unwind@006bd9b0,22,0,"`eh_vector_destructor_iterator'"
006bda00,Unwind@006bda00,11,0,"FUN_00405060"
006bda0b,Unwind@006bda0b,11,0,"FUN_0040c240"
006bda16,Unwind@006bda16,11,0,"thunk_FUN_004023e0"
006bda21,Unwind@006bda21,11,0,"FUN_0040ac10"
006bda50,Unwind@006bda50,8,0,"thunk_FUN_00414640"
006bda58,Unwind@006bda58,11,0,"thunk_FUN_00414640"
006bda63,Unwind@006bda63,11,0,"FUN_0040ac10"
006bda90,Unwind@006bda90,8,0,"FUN_00401e00"
006bdac0,Unwind@006bdac0,8,0,"FUN_00401e00"
006bdac8,Unwind@006bdac8,17,0,"FUN_00402810"
006bdb00,Unwind@006bdb00,17,0,"FUN_00402810"
006bdb30,Unwind@006bdb30,8,0,"FUN_00401e00"
006bdb60,Unwind@006bdb60,8,0,"FUN_0041b850"
006bdb68,Unwind@006bdb68,8,0,"FUN_0041bf70"
006bdb70,Unwind@006bdb70,8,0,"FUN_0041bf70"
006bdb78,Unwind@006bdb78,9,0,"_free"
006bdba0,Unwind@006bdba0,8,0,"FUN_0040ac10"
006bdba8,Unwind@006bdba8,11,0,"FUN_0041c200"
006bdbd0,Unwind@006bdbd0,8,0,"FUN_0040cf20"
006bdc00,Unwind@006bdc00,8,0,"FUN_0040cf20"
006bdc30,Unwind@006bdc30,11,0,"FUN_0040cf20"
006bdc60,Unwind@006bdc60,8,0,"FUN_0040cf20"
006bdc90,Unwind@006bdc90,11,0,"FUN_0040cf20"
006bdcc0,Unwind@006bdcc0,8,0,"FUN_0040cf20"
006bdcf0,Unwind@006bdcf0,8,0,"FUN_0040cf20"
006bdd20,Unwind@006bdd20,8,0,"FUN_0040cf20"
006bdd50,Unwind@006bdd50,11,0,"FUN_0040cf20"
006bdd90,Unwind@006bdd90,8,0,"FUN_00401870"
006bddc0,Unwind@006bddc0,11,0,"FUN_00401870"
006bddcb,Unwind@006bddcb,11,0,"FUN_00401870"
006bde10,Unwind@006bde10,11,0,"FUN_00401870"
006bde1b,Unwind@006bde1b,11,0,"FUN_00401870"
006bde60,Unwind@006bde60,11,0,"FUN_00405060"
006bde6b,Unwind@006bde6b,14,0,"FUN_00405060"
006bdec0,Unwind@006bdec0,8,0,"FUN_00401e00"
006bdf10,Unwind@006bdf10,8,0,"FUN_00401e00"
006bdf40,Unwind@006bdf40,8,0,"FUN_00401e00"
006bdf70,Unwind@006bdf70,8,0,"FUN_004055f0"
006bdfa0,Unwind@006bdfa0,8,0,"FUN_00401e00"
006bdfd0,Unwind@006bdfd0,11,0,"thunk_FUN_00413e10"
006bdfdb,Unwind@006bdfdb,11,0,"FUN_00405060"
006bdfe6,Unwind@006bdfe6,11,0,"FUN_0040c240"
006be010,Unwind@006be010,8,0,"FUN_00401e00"
006be040,Unwind@006be040,11,0,"FUN_00401e00"
006be080,Unwind@006be080,8,0,"FUN_0040ac10"
006be088,Unwind@006be088,11,0,"FUN_0041c200"
006be093,Unwind@006be093,11,0,"thunk_FUN_0041c8d0"
006be0c0,Unwind@006be0c0,8,0,"FUN_00401820"
006be120,Unwind@006be120,8,0,"FUN_00401870"
006be150,Unwind@006be150,8,0,"FUN_00401870"
006be1b0,Unwind@006be1b0,8,0,"FUN_0041ddb0"
006be1b8,Unwind@006be1b8,11,0,"thunk_FUN_00414640"
006be1c3,Unwind@006be1c3,11,0,"thunk_FUN_00414640"
006be1ce,Unwind@006be1ce,11,0,"thunk_FUN_00414640"
006be1d9,Unwind@006be1d9,14,0,"FUN_0040ac10"
006be1e7,Unwind@006be1e7,14,0,"FUN_0040ac10"
006be1f5,Unwind@006be1f5,13,0,"thunk_FUN_00413990"
006be202,Unwind@006be202,14,0,"FUN_00405060"
006be210,Unwind@006be210,14,0,"FUN_0040ac10"
006be21e,Unwind@006be21e,14,0,"thunk_FUN_00414640"
006be22c,Unwind@006be22c,14,0,"FUN_00405060"
006be23a,Unwind@006be23a,13,0,"thunk_FUN_00413a50"
006be247,Unwind@006be247,14,0,"thunk_FUN_00413a90"
006be270,Unwind@006be270,11,0,"thunk_FUN_0040ff90"
006be27b,Unwind@006be27b,11,0,"FUN_00401e00"
006be286,Unwind@006be286,23,0,"FUN_00402810"
006be29d,Unwind@006be29d,11,0,"FUN_004114c0"
006be2e0,Unwind@006be2e0,17,0,"FUN_00402810"
006be2f1,Unwind@006be2f1,17,0,"FUN_00402810"
006be340,Unwind@006be340,8,0,"thunk_FUN_0040ff90"
006be348,Unwind@006be348,8,0,"FUN_00401e00"
006be380,Unwind@006be380,8,0,"FUN_004055f0"
006be410,Unwind@006be410,8,0,"thunk_FUN_00405cd0"
006be418,Unwind@006be418,11,0,"thunk_FUN_00413e10"
006be440,Unwind@006be440,11,0,"thunk_FUN_00413e10"
006be44b,Unwind@006be44b,11,0,"FUN_00405060"
006be456,Unwind@006be456,11,0,"FUN_0040c240"
006be480,Unwind@006be480,11,0,"FUN_00405060"
006be48b,Unwind@006be48b,11,0,"FUN_0040c240"
006be4c0,Unwind@006be4c0,8,0,"thunk_FUN_00414640"
006be4c8,Unwind@006be4c8,11,0,"thunk_FUN_00414640"
006be4d3,Unwind@006be4d3,11,0,"FUN_0040ac10"
006be4de,Unwind@006be4de,11,0,"FUN_00403f60"
006be4e9,Unwind@006be4e9,14,0,"thunk_FUN_00408a00"
006be4f7,Unwind@006be4f7,14,0,"thunk_FUN_00408a00"
006be520,Unwind@006be520,11,0,"FUN_00401870"
006be52b,Unwind@006be52b,11,0,"FUN_00401870"
006be536,Unwind@006be536,11,0,"FUN_00401870"
006be541,Unwind@006be541,11,0,"FUN_00401870"
006be580,Unwind@006be580,11,0,"FUN_00401870"
006be5b0,Unwind@006be5b0,8,0,"FUN_0041ddb0"
006be5b8,Unwind@006be5b8,11,0,"thunk_FUN_00414640"
006be5c3,Unwind@006be5c3,11,0,"thunk_FUN_00414640"
006be5ce,Unwind@006be5ce,11,0,"thunk_FUN_00414640"
006be5d9,Unwind@006be5d9,14,0,"FUN_0040ac10"
006be5e7,Unwind@006be5e7,14,0,"FUN_0040ac10"
006be5f5,Unwind@006be5f5,13,0,"thunk_FUN_00413990"
006be602,Unwind@006be602,14,0,"FUN_00405060"
006be610,Unwind@006be610,14,0,"FUN_0040ac10"
006be61e,Unwind@006be61e,14,0,"thunk_FUN_00414640"
006be62c,Unwind@006be62c,14,0,"FUN_00405060"
006be660,Unwind@006be660,8,0,"FUN_00401870"
006be690,Unwind@006be690,11,0,"FUN_0040cf20"
006be69b,Unwind@006be69b,11,0,"FUN_0040c240"
006be8e0,FUN_006be8e0,12,0,"_atexit"
